Iteration	Posterior	Likelihood	Prior	part_rate_trans	tree_length
0	-1347.241	-1515.557	168.3158	3.858668	1.899119
6	-1358.944	-1527.052	168.1089	4.065521	1.899119
12	-1358.708	-1526.946	168.2379	3.906629	1.91939
18	-1357.771	-1525.675	167.9045	4.350752	1.843984
24	-1369.788	-1538.057	168.2692	3.683717	2.047491
30	-1363.546	-1531.919	168.3731	4.093147	1.696957
36	-1355.708	-1524.032	168.3238	4.059567	1.755292
42	-1363.977	-1532.139	168.1624	3.580979	2.184666
48	-1373.707	-1541.731	168.0244	3.87695	2.081522
54	-1372.05	-1540.236	168.1859	3.887933	1.96695
60	-1362.535	-1530.217	167.682	4.391882	1.96695
66	-1370.719	-1538.417	167.6984	4.926761	1.582597
72	-1365.702	-1533.553	167.8506	4.799182	1.564523
78	-1359.794	-1527.757	167.9635	4.781939	1.493491
84	-1375.608	-1544.156	168.548	3.645285	1.886283
90	-1356.437	-1524.519	168.0819	4.193662	1.830021
96	-1365.794	-1533.901	168.1071	4.231242	1.786643
102	-1382.968	-1551	168.0319	4.103792	1.925317
108	-1366.504	-1535.022	168.518	3.617721	1.925317
114	-1357.038	-1525.265	168.2272	4.189555	1.731829
120	-1365.386	-1533.585	168.1992	3.968853	1.903478
126	-1368.306	-1536.352	168.0457	4.242248	1.821519
132	-1366.955	-1534.632	167.6775	4.837082	1.662518
138	-1358.146	-1525.677	167.5311	5.121458	1.56251
144	-1377.072	-1544.724	167.6523	5.183789	1.424476
150	-1383.496	-1551.2	167.7045	5.213446	1.360637
156	-1377.036	-1544.753	167.7169	5.07574	1.457793
162	-1364.191	-1531.706	167.5159	5.200441	1.515278
168	-1369.419	-1536.844	167.4248	5.291546	1.515278
174	-1380.53	-1547.984	167.4539	5.441824	1.378129
180	-1369.933	-1537.174	167.2402	5.579552	1.437068
186	-1366.031	-1534.136	168.1054	4.482724	1.60959
192	-1358.972	-1527.311	168.3384	4.125438	1.698661
198	-1356.81	-1524.867	168.0567	4.575854	1.577188
204	-1368.084	-1535.706	167.6214	5.00833	1.579234
210	-1374.905	-1542.65	167.745	4.729608	1.690977
216	-1378.927	-1546.885	167.9575	4.251578	1.875536
222	-1376.077	-1543.543	167.4664	4.701696	1.903398
228	-1366.349	-1534.285	167.9358	4.334381	1.833756
234	-1367.488	-1535.049	167.561	5.361571	1.356991
240	-1371.707	-1538.81	167.103	5.835847	1.344072
246	-1369.407	-1536.34	166.9339	5.835847	1.475174
252	-1370.652	-1537.739	167.0865	5.512692	1.60152
258	-1372.752	-1540.91	168.1574	4.442423	1.601049
264	-1381.107	-1549.021	167.9146	4.528591	1.713229
270	-1370.837	-1538.595	167.7588	4.741535	1.672712
276	-1352.261	-1520.02	167.7588	4.741535	1.672712
282	-1351.073	-1519.187	168.1141	3.811031	2.065842
288	-1364.508	-1533.068	168.5599	3.239279	2.148439
294	-1362.493	-1531.17	168.6763	3.433947	1.942491
300	-1362.502	-1530.323	167.8212	4.444205	1.837041
306	-1365.521	-1533.648	168.127	4.144779	1.832644
312	-1381.164	-1549.057	167.8929	4.413365	1.808833
318	-1384.044	-1551.884	167.84	4.619766	1.701511
324	-1366.39	-1534.429	168.0394	4.398424	1.717013
330	-1359.223	-1526.913	167.6903	5.042544	1.502926
336	-1362.325	-1529.797	167.4724	5.217681	1.534779
342	-1375.421	-1543.421	167.9999	4.74281	1.495542
348	-1371.448	-1539.346	167.8981	4.74281	1.571046
354	-1370.736	-1538.515	167.7791	4.464844	1.851736
360	-1368.998	-1536.895	167.8965	4.34743	1.851736
366	-1366.041	-1534.076	168.0351	4.223812	1.841436
372	-1368.311	-1536.177	167.8658	4.372851	1.855322
378	-1364.255	-1531.792	167.5373	4.730957	1.835066
384	-1370.04	-1537.96	167.9204	4.730957	1.563422
390	-1374.771	-1542.811	168.0394	4.467931	1.667668
396	-1364.135	-1531.958	167.8233	4.317245	1.922054
402	-1357.931	-1525.958	168.028	4.317245	1.781858
408	-1354.266	-1522.578	168.3118	4.011317	1.797176
414	-1351.777	-1519.909	168.1322	4.127002	1.84124
420	-1366.136	-1534.475	168.3389	4.176846	1.661695
426	-1352.818	-1520.994	168.1766	4.060981	1.856057
432	-1353.775	-1522.035	168.2598	4.031945	1.818861
438	-1360.677	-1528.848	168.1711	3.954809	1.931926
444	-1353.079	-1521.273	168.1935	3.861846	1.979368
450	-1346.539	-1514.976	168.4372	3.724427	1.907825
456	-1352.226	-1520.35	168.1234	4.089103	1.873199
462	-1360.506	-1528.76	168.2537	4.051622	1.809529
468	-1362.37	-1530.604	168.2343	4.071017	1.809529
474	-1369.041	-1536.855	167.8147	4.090484	2.079022
480	-1350.94	-1519.092	168.1528	3.813734	2.03847
486	-1357.154	-1525.258	168.1044	3.862147	2.03847
492	-1357.184	-1525.133	167.9486	4.088526	1.991523
498	-1353.556	-1521.618	168.0613	4.088526	1.915777
504	-1361.746	-1530.296	168.5498	3.727452	1.828843
510	-1370.213	-1538.094	167.8816	4.4274	1.80694
516	-1361.753	-1529.809	168.0557	4.253348	1.80694
522	-1370.328	-1537.79	167.4621	4.702013	1.906111
528	-1368.329	-1536.036	167.7071	4.822922	1.651472
534	-1373.638	-1541.08	167.4417	4.947153	1.751407
540	-1360.992	-1528.433	167.441	5.081769	1.656627
546	-1363.549	-1531.306	167.7574	4.752892	1.665584
552	-1362.091	-1529.98	167.8895	4.227747	1.937806
558	-1361.091	-1528.924	167.8334	4.283821	1.937806
564	-1356.033	-1524.058	168.0243	4.153862	1.896578
570	-1354.243	-1522.366	168.1233	4.162597	1.822943
576	-1360.793	-1528.921	168.1274	4.417917	1.640498
582	-1359.356	-1526.798	167.442	4.858856	1.812582
588	-1364.506	-1531.98	167.4735	5.139034	1.59178
594	-1349.086	-1516.3	167.2136	5.592184	1.447793
600	-1347.87	-1515.108	167.2385	5.592184	1.428704
606	-1350.883	-1518.621	167.7381	5.024699	1.480409
612	-1357.182	-1524.308	167.1255	5.461711	1.61019
618	-1361.116	-1528.838	167.7222	4.925163	1.566299
624	-1359.639	-1527.276	167.6366	4.794966	1.721467
630	-1366.532	-1534.438	167.9069	4.928462	1.425044
636	-1366.349	-1533.993	167.6444	4.874378	1.659483
642	-1367.376	-1534.824	167.4486	4.901397	1.778515
648	-1365.481	-1533.044	167.5633	4.81031	1.762087
654	-1360.4	-1528.241	167.8408	4.69566	1.646821
660	-1374.83	-1542.365	167.535	5.008299	1.641948
666	-1363.238	-1531.015	167.7767	4.593993	1.764141
672	-1377.549	-1545.176	167.6264	4.744238	1.764141
678	-1364.279	-1532.208	167.9292	4.339295	1.834878
684	-1369.903	-1537.844	167.9404	4.339295	1.827196
690	-1370.259	-1538.296	168.0363	3.732308	2.168299
696	-1366.233	-1534.415	168.1822	3.776154	2.043879
702	-1359.3	-1527.625	168.3255	3.657525	2.027516
708	-1355.733	-1523.804	168.0714	3.931991	2.013999
714	-1363.37	-1531.422	168.0516	4.133685	1.891776
720	-1353.994	-1521.816	167.8212	4.504163	1.795664
726	-1349.238	-1517.351	168.1125	3.896118	2.010525
732	-1346.478	-1514.822	168.3435	3.874045	1.86977
738	-1354.891	-1522.668	167.7767	4.547019	1.796807
744	-1360.189	-1527.769	167.5797	4.533571	1.94045
750	-1352.575	-1520.721	168.1463	4.007041	1.913403
756	-1352.223	-1520.374	168.1509	4.182169	1.790306
762	-1365.027	-1533.289	168.2621	3.802365	1.973227
768	-1372.154	-1540.436	168.282	3.758983	1.988976
774	-1365.315	-1533.405	168.09	3.95095	1.988976
780	-1360.906	-1528.753	167.8468	4.29604	1.920547
786	-1369.851	-1537.54	167.6892	4.629015	1.800599
792	-1356.87	-1524.557	167.6866	4.967306	1.561514
798	-1359.841	-1527.462	167.6211	4.983303	1.597705
804	-1368.743	-1536.471	167.7288	4.610044	1.786259
810	-1365.435	-1533.239	167.8043	4.785023	1.608661
816	-1374.081	-1542.119	168.0379	4.24922	1.822085
822	-1374.58	-1542.246	167.6657	4.24631	2.074518
828	-1370.199	-1538.383	168.1835	3.728476	2.074518
834	-1371.969	-1540.333	168.3641	3.728476	1.954425
840	-1371.124	-1538.966	167.8419	4.202471	1.986722
846	-1378.081	-1545.886	167.8047	4.427476	1.859804
852	-1383.669	-1551.719	168.0504	4.427476	1.688702
858	-1379.267	-1547.532	168.2651	3.823678	1.956929
864	-1368.583	-1536.787	168.2039	3.521386	2.19638
870	-1371.369	-1539.37	168.0015	3.756324	2.175342
876	-1368.946	-1536.841	167.8949	4.081	2.032259
882	-1364.006	-1532.171	168.1644	3.811494	2.032259
888	-1371.138	-1538.974	167.8357	4.387173	1.866123
894	-1379.19	-1547.389	168.1986	4.138662	1.787375
900	-1360.183	-1528.258	168.0756	4.346722	1.727913
906	-1373.902	-1542.01	168.1089	3.652573	2.172955
912	-1379.398	-1547.601	168.2038	3.652573	2.111056
918	-1384.705	-1553.012	168.307	3.960368	1.835641
924	-1376.4	-1543.767	167.3672	5.073041	1.715327
930	-1366.395	-1534.171	167.7761	4.775513	1.63596
936	-1367.385	-1534.822	167.437	5.080781	1.660207
942	-1357.535	-1525.124	167.5894	5.141657	1.504245
948	-1367.938	-1535.409	167.4711	5.245327	1.51518
954	-1362.464	-1530.283	167.819	4.937023	1.485473
960	-1373.75	-1540.979	167.2289	5.545418	1.471666
966	-1368.751	-1535.989	167.2379	5.371635	1.593965
972	-1365.953	-1534.207	168.2543	4.366599	1.585676
978	-1367.998	-1535.831	167.8329	4.773416	1.596332
984	-1371.804	-1539.54	167.7362	4.773416	1.666092
990	-1371.234	-1538.259	167.0253	5.641321	1.552167
996	-1367.012	-1534.58	167.5678	5.155694	1.509943
1002	-1356.909	-1524.91	168.0003	4.642261	1.569842
1008	-1356.934	-1524.783	167.8489	4.620624	1.694574
1014	-1365.805	-1533.953	168.1486	4.227829	1.760088
1020	-1376.976	-1544.124	167.1479	5.659468	1.446554
1026	-1380.817	-1548.803	167.9867	4.393989	1.757108
1032	-1364.586	-1532.699	168.1132	4.353806	1.696361
1038	-1358.683	-1526.536	167.8528	4.549446	1.742031
1044	-1352.365	-1520.429	168.0641	4.390705	1.705028
1050	-1354.442	-1522.148	167.7058	4.390705	1.951766
1056	-1355.781	-1523.881	168.1008	3.75497	2.111419
1062	-1358.562	-1527.051	168.4892	3.334416	2.132479
1068	-1361.231	-1529.894	168.6633	3.660165	1.796932
1074	-1365.938	-1534.271	168.3331	4.004771	1.78695
1080	-1361.044	-1528.738	167.6943	4.43452	1.930013
1086	-1355.856	-1523.967	168.1111	3.939723	1.982382
1092	-1351.969	-1520.078	168.1092	4.12695	1.857049
1098	-1360.05	-1528.308	168.2581	4.12695	1.7541
1104	-1364.626	-1532.671	168.0447	4.252493	1.815141
1110	-1362.005	-1530.47	168.4653	3.672556	1.923893
1116	-1364.288	-1532.306	168.0181	3.639457	2.240149
1122	-1369.685	-1537.705	168.0204	4.026504	1.984986
1128	-1360.216	-1528.248	168.032	4.026504	1.977229
1134	-1365.131	-1533.49	168.3583	4.091596	1.708528
1140	-1363.146	-1531.201	168.0552	4.38013	1.718766
1146	-1370.434	-1538.188	167.7542	4.330266	1.959823
1152	-1361.061	-1528.967	167.9058	4.41449	1.799157
1158	-1353.303	-1521.301	167.998	3.896002	2.08638
1164	-1346.472	-1514.369	167.897	3.846886	2.184389
1170	-1350.25	-1518.112	167.8616	4.455086	1.80163
1176	-1353.148	-1520.969	167.8217	4.315196	1.924536
1182	-1361.106	-1529.541	168.4353	3.823528	1.841557
1188	-1368.349	-1536.298	167.9491	4.702055	1.563569
1194	-1366.04	-1533.945	167.9047	4.746396	1.563569
1200	-1367.187	-1535.27	168.0829	4.579726	1.555119
1206	-1370.638	-1538.365	167.7262	4.627786	1.775762
1212	-1363.702	-1531.482	167.7798	4.844296	1.583345
1218	-1373.648	-1541.706	168.0577	4.688156	1.493127
1224	-1375.334	-1543.262	167.9283	4.741335	1.549914
1230	-1356.374	-1524.086	167.7121	5.036769	1.490906
1236	-1364.99	-1532.532	167.5416	5.036769	1.616625
1242	-1375.654	-1543.293	167.6386	4.342862	2.028586
1248	-1358.036	-1525.949	167.9137	4.546644	1.701144
1254	-1366.973	-1534.892	167.9196	4.540677	1.701144
1260	-1363.722	-1531.598	167.8755	4.607803	1.684794
1266	-1365.492	-1533.427	167.9347	4.838947	1.472196
1272	-1362.339	-1529.84	167.5006	5.325274	1.432394
1278	-1359.886	-1527.633	167.7467	4.684253	1.721885
1284	-1356.904	-1524.384	167.4798	5.113909	1.605501
1290	-1366.179	-1533.605	167.4263	5.042793	1.694904
1296	-1365.387	-1533.585	168.198	4.027531	1.864342
1302	-1354.829	-1523.169	168.3405	4.027531	1.765971
1308	-1354.844	-1523.158	168.314	3.874998	1.889226
1314	-1357.907	-1526.256	168.3489	3.724202	1.967447
1320	-1362.62	-1531.063	168.4433	3.484834	2.063852
1326	-1364.305	-1532.358	168.0529	4.173892	1.863488
1332	-1367.205	-1535.35	168.1451	4.391056	1.647066
1338	-1363.546	-1531.472	167.926	4.391056	1.801414
1344	-1371.076	-1539.274	168.1982	4.411462	1.593884
1350	-1357.785	-1525.73	167.9445	4.665191	1.593884
1356	-1360.781	-1528.346	167.5645	5.05419	1.587345
1362	-1368.913	-1536.493	167.5798	5.186322	1.477853
1368	-1366.402	-1533.612	167.2099	5.592519	1.450337
1374	-1363.32	-1531.113	167.794	4.991483	1.463252
1380	-1366.971	-1534.733	167.7623	4.613631	1.760469
1386	-1373.514	-1541.165	167.6512	4.719821	1.763887
1392	-1365.565	-1533.14	167.5745	5.210939	1.463258
1398	-1366.106	-1533.663	167.5569	5.210939	1.47661
1404	-1378.532	-1546.287	167.7553	4.581711	1.787563
1410	-1362.028	-1529.997	167.9692	4.363939	1.790246
1416	-1352.418	-1520.017	167.5986	4.978357	1.617635
1422	-1363.429	-1531.652	168.2227	4.528734	1.488979
1428	-1352.627	-1520.482	167.8554	4.459396	1.802935
1434	-1353.555	-1522.028	168.4724	3.587202	1.976499
1440	-1362.917	-1531.2	168.2833	3.968183	1.846592
1446	-1356.648	-1524.975	168.3277	3.616124	2.0535
1452	-1360.566	-1528.492	167.9256	4.004383	2.06267
1458	-1369.853	-1538.333	168.4801	3.500216	2.029351
1464	-1360.714	-1529.31	168.5962	3.522367	1.936913
1470	-1356.141	-1524.424	168.2832	3.741508	1.999819
1476	-1365.882	-1534.208	168.3266	3.364582	2.218454
1482	-1362.717	-1530.865	168.1487	3.933345	1.961492
1488	-1367.335	-1535.672	168.3372	4.252153	1.608678
1494	-1353.185	-1521.076	167.8911	4.261261	1.9141
1500	-1358.297	-1525.743	167.4459	4.536683	2.027812
1506	-1364.443	-1532.66	168.2174	4.114387	1.791221
1512	-1358.806	-1526.463	167.6575	4.060913	2.200863
1518	-1355.81	-1523.977	168.1668	3.692885	2.108886
1524	-1365.521	-1533.724	168.2032	3.223294	2.387542
1530	-1366.848	-1535.481	168.633	2.468338	2.590969
1536	-1367.585	-1535.733	168.1473	3.202876	2.435663
1542	-1369.064	-1537.021	167.9569	3.491284	2.373794
1548	-1373.07	-1540.862	167.7926	4.75434	1.639301
1554	-1383.932	-1551.485	167.5533	4.69337	1.849881
1560	-1374.123	-1541.759	167.6354	4.606589	1.853059
1566	-1377.221	-1544.972	167.7514	4.3526	1.946728
1572	-1361.719	-1529.872	168.1527	4.028323	1.894639
1578	-1363.19	-1531.396	168.2067	3.925696	1.927558
1584	-1368.382	-1536.495	168.1126	4.422399	1.647861
1590	-1378.715	-1546.202	167.4869	4.614181	1.94868
1596	-1366.201	-1533.223	167.0222	5.542263	1.626714
1602	-1367.982	-1535.28	167.2976	5.622199	1.359214
1608	-1386.375	-1554.209	167.8336	4.357058	1.888097
1614	-1369.101	-1536.281	167.1803	5.659573	1.421597
1620	-1373.142	-1540.606	167.4647	5.342296	1.446833
1626	-1374.715	-1542.472	167.757	4.868671	1.582211
1632	-1369.697	-1538.125	168.4278	4.012919	1.715007
1638	-1371.842	-1540.045	168.2031	4.237606	1.715007
1644	-1365.495	-1533.204	167.709	4.740453	1.708827
1650	-1369.539	-1537.224	167.6841	4.665459	1.778831
1656	-1371.857	-1539.193	167.3359	4.901516	1.856176
1662	-1374.203	-1541.78	167.5775	4.830971	1.737701
1668	-1361.737	-1529.573	167.8358	4.637879	1.691665
1674	-1370.687	-1538.843	168.1551	4.318542	1.691665
1680	-1372.555	-1539.981	167.4261	4.670845	1.951459
1686	-1366.794	-1534.944	168.1504	4.152442	1.811245
1692	-1370.024	-1537.908	167.8833	4.152442	1.992466
1698	-1362.567	-1530.275	167.7086	4.477933	1.890889
1704	-1370.738	-1538.588	167.8499	4.42424	1.830993
1710	-1367.666	-1535.437	167.7718	4.682732	1.705239
1716	-1366.173	-1533.934	167.7609	4.711528	1.692518
1722	-1367.668	-1535.528	167.8594	4.535322	1.747317
1728	-1358.741	-1526.721	167.9793	4.334542	1.803593
1734	-1362.82	-1531.161	168.3409	3.70708	1.984293
1740	-1369.476	-1537.69	168.2138	3.801328	2.006193
1746	-1367.984	-1536.232	168.2477	3.730486	2.030772
1752	-1370.936	-1538.625	167.6894	4.648666	1.786814
1758	-1378.16	-1545.759	167.5982	4.648666	1.849735
1764	-1371.365	-1538.953	167.5883	4.679181	1.835574
1770	-1366.446	-1534.122	167.6755	4.590183	1.836822
1776	-1363.962	-1531.555	167.5921	4.912994	1.669304
1782	-1367.37	-1535.304	167.9336	4.488755	1.727906
1788	-1370.44	-1538.565	168.1256	4.488755	1.590516
1794	-1363.773	-1531.291	167.5181	5.159161	1.544268
1800	-1369.719	-1537.046	167.3274	5.513748	1.420604
1806	-1362.201	-1529.79	167.5883	5.182157	1.474599
1812	-1372.721	-1540.177	167.4555	4.983635	1.716108
1818	-1376.977	-1544.388	167.4119	5.174403	1.610906
1824	-1375.935	-1543.35	167.4154	5.224812	1.571554
1830	-1361.77	-1529.568	167.798	4.559874	1.773066
1836	-1361.002	-1529.141	168.1386	4.175057	1.803755
1842	-1355.107	-1523.065	167.9585	4.175057	1.926824
1848	-1357.23	-1525.542	168.3116	3.690742	2.014694
1854	-1365.423	-1533.711	168.2872	3.802231	1.956502
1860	-1364.992	-1533.209	168.2172	3.843554	1.975747
1866	-1360.331	-1528.357	168.0261	4.26433	1.819792
1872	-1360.563	-1529.023	168.4602	3.813447	1.831374
1878	-1355.432	-1523.74	168.3084	3.813447	1.934714
1884	-1364.935	-1533.388	168.4539	3.440942	2.085806
1890	-1374.304	-1542.691	168.3876	3.558447	2.052039
1896	-1357.046	-1525.435	168.389	3.558447	2.051115
1902	-1369.735	-1537.966	168.2315	3.624669	2.111174
1908	-1373.923	-1541.871	167.9486	3.92659	2.098678
1914	-1372.868	-1540.556	167.6886	4.323083	2.008481
1920	-1360.989	-1528.961	167.9717	4.351307	1.79726
1926	-1351.496	-1519.532	168.0359	4.047537	1.960511
1932	-1362.271	-1530.478	168.2069	4.047537	1.844558
1938	-1368.455	-1536.522	168.0672	4.056883	1.933197
1944	-1369.926	-1538.117	168.1905	4.136541	1.794454
1950	-1355.467	-1523.606	168.1395	3.588906	2.194384
1956	-1357.531	-1525.565	168.034	3.586769	2.263766
1962	-1351.967	-1519.652	167.6857	4.595087	1.826461
1968	-1353.627	-1521.47	167.8425	4.541085	1.755096
1974	-1355.404	-1523.524	168.1194	4.491643	1.592896
1980	-1361.477	-1529.556	168.0792	4.048549	1.930713
1986	-1369.796	-1538.093	168.2971	4.048549	1.781565
1992	-1370.197	-1538.186	167.9888	4.52131	1.665708
1998	-1364.464	-1532.344	167.8806	4.747157	1.580661
2004	-1357.472	-1524.921	167.4482	4.919488	1.766193
2010	-1353.708	-1521.463	167.7553	4.673891	1.723109
2016	-1363.635	-1531.706	168.0713	4.136106	1.876664
2022	-1364.969	-1533.183	168.2142	4.136106	1.778307
2028	-1374.51	-1542.731	168.221	3.856003	1.964818
2034	-1360.151	-1528.147	167.9964	3.856003	2.113635
2040	-1362.909	-1530.98	168.0705	3.705268	2.163639
2046	-1357.717	-1525.979	168.2617	3.635301	2.084349
2052	-1354.615	-1522.748	168.1329	4.186487	1.799764
2058	-1368.064	-1535.851	167.7868	4.459075	1.850392
2064	-1371.703	-1540.143	168.4398	3.646278	1.958725
2070	-1374.076	-1542.499	168.4233	3.646278	1.969831
2076	-1368.118	-1536.405	168.2873	4.106213	1.748151
2082	-1371.902	-1539.629	167.7269	4.377958	1.946163
2088	-1375.183	-1543.359	168.1757	3.55833	2.190737
2094	-1379.314	-1547.407	168.0933	3.50644	2.277279
2100	-1380.013	-1548.184	168.1704	3.514346	2.222633
2106	-1372.715	-1540.618	167.9025	4.118294	2.002435
2112	-1369.884	-1537.47	167.5864	4.560063	1.918099
2118	-1359.983	-1527.841	167.8577	4.288749	1.918099
2124	-1356.882	-1525.18	168.2977	3.807774	1.945749
2130	-1367.106	-1535.162	168.0554	3.787222	2.120078
2136	-1355.881	-1524.019	168.1373	3.810063	2.05116
2142	-1353.354	-1521.812	168.4584	3.883249	1.784339
2148	-1364.179	-1532.105	167.9258	4.190011	1.938744
2154	-1373.663	-1541.018	167.3552	4.973879	1.793095
2160	-1383.285	-1551.387	168.1018	4.390721	1.67824
2166	-1354.883	-1522.731	167.848	4.722239	1.622525
2172	-1366.337	-1534.557	168.2197	4.153638	1.76226
2178	-1358.951	-1526.98	168.0282	4.222701	1.846932
2184	-1356.187	-1524.5	168.3136	4.020834	1.789377
2190	-1362.243	-1530.508	168.2652	4.020834	1.822789
2196	-1357.002	-1525.117	168.1146	4.102979	1.869782
2202	-1363.872	-1531.908	168.0364	4.579216	1.589581
2208	-1359.581	-1527.548	167.9672	4.452935	1.729499
2214	-1362.672	-1530.92	168.2477	4.039422	1.822045
2220	-1366.15	-1534.778	168.6284	3.323757	2.048023
2226	-1375.532	-1543.805	168.2731	3.727091	2.016105
2232	-1368.089	-1536.205	168.1164	4.343356	1.701554
2238	-1363.074	-1531.241	168.1662	4.138619	1.809822
2244	-1370.447	-1538.382	167.9346	4.09924	1.993702
2250	-1377.885	-1545.704	167.8185	4.066781	2.092058
2256	-1375.448	-1543.371	167.923	3.592059	2.331301
2262	-1367.117	-1535.285	168.1686	3.789502	2.044037
2268	-1367.966	-1536.376	168.4103	3.39035	2.147443
2274	-1365.968	-1534.194	168.2261	3.668694	2.085821
2280	-1370.332	-1538.282	167.9509	3.943911	2.085821
2286	-1367.981	-1535.194	167.2129	5.229266	1.713963
2292	-1360.972	-1529.055	168.0839	4.420907	1.669479
2298	-1370.001	-1537.345	167.3442	5.194532	1.645177
2304	-1379.601	-1547.31	167.7089	4.813985	1.656589
2310	-1362.41	-1530.449	168.0388	4.453793	1.678235
2316	-1363.872	-1531.594	167.7225	4.891741	1.590542
2322	-1370.013	-1537.399	167.3862	5.541613	1.352835
2328	-1363.674	-1531.246	167.5728	5.185403	1.483875
2334	-1370.642	-1538.318	167.6759	5.08231	1.483875
2340	-1367.223	-1534.814	167.5912	5.106809	1.528905
2346	-1368.974	-1536.339	167.365	5.106809	1.69299
2352	-1368.228	-1536.244	168.0163	4.605991	1.584716
2358	-1365.897	-1533.535	167.6387	5.120277	1.483286
2364	-1377.286	-1544.593	167.3072	5.209524	1.660994
2370	-1374.355	-1542.141	167.7852	4.667884	1.706214
2376	-1373.742	-1540.639	166.8968	5.963241	1.406025
2382	-1362.73	-1530.285	167.5552	5.083378	1.572781
2388	-1362.723	-1530.553	167.8304	4.797841	1.580325
2394	-1367.389	-1535.318	167.929	4.690728	1.586528
2400	-1369.731	-1538.126	168.3944	3.775352	1.90229
2406	-1367.453	-1535.477	168.0243	4.145482	1.90229
2412	-1371.377	-1539.453	168.0768	4.145482	1.866537
2418	-1367.879	-1535.895	168.0163	3.802744	2.135448
2424	-1362.667	-1530.922	168.2547	3.649423	2.079676
2430	-1359.814	-1528.229	168.415	4.04905	1.698495
2436	-1360.129	-1528.049	167.92	4.433076	1.77639
2442	-1353.197	-1521.191	167.9938	4.24793	1.853222
2448	-1352.301	-1520.26	167.9593	4.525263	1.683888
2454	-1352.805	-1521.067	168.2619	4.173459	1.718778
2460	-1359.847	-1528.491	168.6446	3.571192	1.870962
2466	-1361.21	-1529.661	168.4518	3.604034	1.978996
2472	-1350.257	-1518.387	168.1295	3.897284	1.998425
2478	-1349.44	-1517.623	168.1828	3.897284	1.962758
2484	-1352.243	-1520.43	168.1869	3.961304	1.91689
2490	-1363.784	-1531.869	168.0851	3.961304	1.985343
2496	-1358.939	-1526.86	167.9207	4.016596	2.057844
2502	-1358.492	-1526.728	168.236	4.035988	1.832476
2508	-1365.021	-1532.755	167.734	4.845528	1.615818
2514	-1366.116	-1533.538	167.4216	5.035103	1.70368
2520	-1357.706	-1525.461	167.7548	5.035103	1.459846
2526	-1359.019	-1526.228	167.2095	5.523085	1.503102
2532	-1358.941	-1526.574	167.6335	5.052521	1.537829
2538	-1369.847	-1537.959	168.1121	4.419386	1.650409
2544	-1361.463	-1529.561	168.098	4.256912	1.775129
2550	-1361.891	-1530.244	168.3534	4.256912	1.593457
2556	-1365.175	-1532.805	167.6297	5.141038	1.47436
2562	-1370.103	-1537.976	167.8731	4.737023	1.593582
2568	-1376.583	-1544.198	167.6152	4.999413	1.590289
2574	-1373.613	-1541.408	167.7946	4.548863	1.783048
2580	-1373.098	-1540.93	167.8325	4.763284	1.603972
2586	-1360.618	-1528.919	168.3008	3.920245	1.867399
2592	-1368.177	-1536.395	168.2176	4.016772	1.858255
2598	-1371.971	-1540.164	168.1928	4.025759	1.869094
2604	-1360.005	-1527.617	167.6121	4.678031	1.820002
2610	-1356.173	-1523.809	167.6352	4.92632	1.628825
2616	-1361.381	-1529.444	168.0623	4.452344	1.662455
2622	-1362.473	-1530.501	168.0278	3.919878	2.050933
2628	-1366.201	-1534.765	168.5642	3.472486	1.991799
2634	-1370.943	-1538.874	167.9306	3.745923	2.227897
2640	-1369.003	-1536.997	167.994	4.051828	1.985738
2646	-1352.526	-1520.695	168.1697	3.900209	1.969602
2652	-1353.259	-1521.2	167.9415	4.265986	1.876673
2658	-1350.682	-1518.624	167.9415	4.265986	1.876673
2664	-1360.513	-1528.967	168.4536	3.710761	1.905925
2670	-1366.936	-1535.441	168.5051	3.659287	1.905925
2676	-1359.136	-1527.557	168.4211	3.49137	2.074208
2682	-1356.133	-1524.319	168.1858	3.851013	1.991771
2688	-1363.144	-1531.678	168.5341	3.781548	1.802362
2694	-1366.111	-1534.248	168.1372	3.696231	2.126086
2700	-1362.814	-1531.213	168.3993	3.623292	2.001235
2706	-1364.764	-1533.608	168.8439	3.087668	2.061586
2712	-1367.088	-1535.489	168.4009	3.314257	2.20298
2718	-1369.819	-1538.186	168.3666	3.314257	2.225132
2724	-1357.383	-1525.179	167.7951	4.337496	1.927426
2730	-1359.836	-1527.599	167.7633	4.549076	1.804637
2736	-1373.238	-1540.876	167.6387	4.65064	1.820515
2742	-1360.585	-1528.272	167.6878	4.758779	1.710842
2748	-1365.512	-1533.447	167.935	4.551676	1.682455
2754	-1369.489	-1537.608	168.1187	4.551676	1.549393
2760	-1371.955	-1539.993	168.0376	4.288532	1.795084
2766	-1376.981	-1544.565	167.5835	5.034594	1.587736
2772	-1361.027	-1528.902	167.8749	4.670385	1.640519
2778	-1366.616	-1534.202	167.586	5.021531	1.595477
2784	-1360.192	-1527.676	167.4841	5.204558	1.535854
2790	-1365.367	-1533.071	167.7041	4.406268	1.942408
2796	-1356.183	-1524.474	168.2917	3.917024	1.87582
2802	-1361.723	-1529.613	167.8895	4.263844	1.913399
2808	-1355.726	-1523.879	168.1535	4.039764	1.886351
2814	-1356.692	-1524.539	167.8471	4.557642	1.740299
2820	-1353.393	-1521.424	168.0314	4.460653	1.678599
2826	-1369.477	-1536.957	167.4804	5.15055	1.578364
2832	-1352.144	-1519.651	167.5065	4.95751	1.698505
2838	-1359.405	-1527.072	167.6678	4.95751	1.582518
2844	-1364.08	-1531.757	167.6773	5.204299	1.38924
2850	-1369.381	-1537.024	167.6425	5.244334	1.385115
2856	-1366.3	-1534.082	167.7815	4.909175	1.53433
2862	-1367.629	-1535.443	167.8137	4.730737	1.641104
2868	-1359.092	-1527.27	168.1781	4.261991	1.715441
2874	-1366.403	-1534.282	167.8787	4.572246	1.707787
2880	-1354.893	-1522.795	167.9019	4.598782	1.672412
2886	-1366.012	-1533.639	167.6266	4.551817	1.896398
2892	-1353.601	-1521.228	167.6266	4.551817	1.896398
2898	-1353.3	-1521.294	167.9934	4.562974	1.632487
2904	-1353.985	-1522.203	168.2177	4.528581	1.492871
2910	-1348.429	-1516.002	167.5731	5.173137	1.492871
2916	-1358.538	-1526.352	167.8138	5.050974	1.402309
2922	-1362.558	-1530.185	167.6275	4.920301	1.638693
2928	-1370.995	-1538.696	167.7014	4.923802	1.582537
2934	-1373.97	-1542.116	168.146	4.555933	1.52601
2940	-1363.04	-1530.655	167.6149	5.162022	1.469703
2946	-1362.727	-1530.98	168.2536	4.029622	1.824738
2952	-1361.516	-1529.778	168.2626	4.160919	1.727074
2958	-1372.699	-1540.509	167.8097	4.855742	1.552996
2964	-1374.302	-1542.232	167.9307	4.558693	1.680507
2970	-1367.874	-1535.751	167.8777	4.558693	1.718047
2976	-1360.549	-1528.369	167.8207	4.558693	1.758077
2982	-1345.052	-1512.452	167.4005	5.081751	1.685567
2988	-1359.116	-1527.449	168.3323	4.072806	1.740031
2994	-1362.086	-1530.082	167.996	4.645432	1.570716
3000	-1370.118	-1537.853	167.735	4.771435	1.668331
3006	-1350.933	-1518.489	167.5559	5.000923	1.632173
3012	-1360.996	-1529.22	168.2243	4.066278	1.819697
3018	-1364.987	-1532.935	167.9478	4.36831	1.802059
3024	-1359.417	-1527.131	167.714	4.90484	1.587234
3030	-1364.726	-1532.428	167.7018	5.020528	1.510806
3036	-1376.821	-1544.154	167.3328	4.976484	1.806761
3042	-1370.44	-1538.539	168.0987	3.820401	2.069854
3048	-1366.178	-1534.404	168.2251	3.162403	2.412124
3054	-1365.551	-1533.546	167.9953	3.877656	2.100142
3060	-1369.32	-1536.885	167.5646	4.801215	1.767545
3066	-1366.642	-1534.536	167.8942	4.949342	1.418739
3072	-1365.937	-1532.604	166.6675	6.411117	1.22977
3078	-1363.378	-1530.926	167.5472	5.381344	1.352226
3084	-1363.104	-1530.598	167.4946	5.381344	1.393655
3090	-1367.241	-1534.79	167.5483	5.088584	1.57401
3096	-1355.968	-1523.565	167.5969	4.964861	1.628615
3102	-1352.04	-1519.958	167.9179	4.643887	1.628615
3108	-1358.614	-1526.549	167.9351	4.643887	1.616195
3114	-1362.063	-1529.658	167.5946	5.073764	1.550866
3120	-1359.702	-1527.454	167.7512	4.619373	1.764206
3126	-1354.592	-1522.35	167.7579	4.648448	1.739139
3132	-1367.48	-1535.521	168.0414	4.287288	1.793309
3138	-1370.201	-1538.383	168.1826	4.385756	1.623902
3144	-1364.756	-1532.798	168.0423	4.326016	1.765807
3150	-1360.623	-1529.482	168.8584	3.136602	2.019616
3156	-1355.18	-1523.434	168.2542	3.136602	2.410084
3162	-1368.122	-1536.563	168.4411	3.44396	2.092197
3168	-1369.059	-1537.056	167.9972	3.871424	2.102999
3174	-1375.25	-1543.278	168.0277	3.791864	2.135148
3180	-1368.65	-1537.331	168.6816	3.398002	1.963118
3186	-1366.487	-1534.582	168.0955	3.999449	1.9528
3192	-1370.33	-1538.13	167.7998	4.618257	1.730923
3198	-1373.827	-1541.923	168.0964	4.208853	1.809587
3204	-1352.291	-1520.533	168.2411	4.096149	1.787417
3210	-1370.369	-1538.398	168.0293	4.003299	1.994553
3216	-1355.015	-1523.118	168.1027	3.712251	2.138124
3222	-1359.85	-1528.45	168.5998	3.447685	1.984584
3228	-1366.644	-1534.979	168.335	3.125704	2.365875
3234	-1359.733	-1527.955	168.222	3.082219	2.464547
3240	-1369.411	-1537.248	167.8377	3.466481	2.464547
3246	-1375.598	-1544.095	168.4971	3.231003	2.1946
3252	-1376.166	-1544.292	168.1264	3.491043	2.265914
3258	-1374.597	-1542.723	168.1264	3.491043	2.265914
3264	-1374.644	-1542.599	167.9551	4.01993	2.032862
3270	-1362.675	-1530.641	167.966	4.41873	1.754292
3276	-1369.071	-1536.755	167.6838	4.41873	1.947694
3282	-1363.269	-1530.894	167.6246	5.033675	1.558317
3288	-1360.512	-1528.178	167.6658	4.707109	1.762559
3294	-1374.456	-1542.358	167.9021	4.35405	1.843367
3300	-1370.979	-1538.864	167.8855	4.552465	1.716921
3306	-1366.983	-1534.956	167.9722	4.552465	1.655315
3312	-1370.644	-1537.465	166.8215	6.054294	1.393736
3318	-1369.463	-1536.976	167.5129	5.330686	1.418701
3324	-1369.148	-1536.252	167.1036	5.639922	1.494944
3330	-1365.163	-1532.816	167.6529	4.53047	1.893043
3336	-1360.816	-1528.831	168.0148	4.228949	1.85186
3342	-1362.895	-1530.514	167.6184	4.483352	1.948196
3348	-1371.756	-1539.851	168.0954	4.450866	1.639815
3354	-1355.685	-1523.469	167.7847	4.934469	1.513189
3360	-1361.102	-1528.893	167.7916	4.127751	2.069688
3366	-1357.756	-1525.782	168.0252	4.075565	1.948862
3372	-1353.21	-1521.171	167.9614	4.075565	1.991624
3378	-1356.55	-1524.411	167.8612	4.50019	1.77061
3384	-1361.088	-1529.485	168.3974	3.964022	1.77061
3390	-1363.778	-1531.965	168.1873	3.82341	2.009152
3396	-1371.047	-1539.202	168.1549	4.001784	1.911144
3402	-1385.682	-1553.985	168.3021	3.187543	2.347502
3408	-1361.036	-1529.312	168.2756	3.886877	1.907209
3414	-1355.307	-1523.72	168.4129	3.749562	1.907209
3420	-1358.968	-1527.382	168.4141	3.822078	1.857071
3426	-1353.381	-1521.569	168.1873	3.822078	2.010034
3432	-1367.462	-1535.678	168.2164	3.822078	1.990594
3438	-1363.679	-1531.971	168.2925	3.70801	2.015934
3444	-1362.165	-1530.315	168.1496	3.907454	1.978217
3450	-1364.263	-1532.331	168.0677	3.946186	2.007009
3456	-1360.415	-1528.521	168.1062	3.884064	2.022714
3462	-1365.114	-1532.634	167.52	4.722714	1.852555
3468	-1363.726	-1532.124	168.398	3.854235	1.846062
3474	-1369.981	-1538.089	168.1071	4.111659	1.868938
3480	-1376.821	-1544.751	167.93	4.33098	1.840055
3486	-1370.831	-1538.969	168.1377	4.101722	1.854799
3492	-1354.059	-1522.177	168.1174	3.836781	2.046669
3498	-1359.683	-1527.7	168.0171	3.780649	2.149372
3504	-1366.845	-1534.83	167.9848	4.032073	2.005005
3510	-1365.274	-1533.192	167.9178	3.780649	2.21377
3516	-1363.874	-1532.087	168.213	3.524051	2.188767
3522	-1355.328	-1523.663	168.3355	3.288261	2.26183
3528	-1368.845	-1536.962	168.1172	3.637663	2.177268
3534	-1373.269	-1541.294	168.0248	3.39744	2.390221
3540	-1366.92	-1535.295	168.3749	3.608399	2.027377
3546	-1371.276	-1539.423	168.1465	3.824945	2.035241
3552	-1370.163	-1538.575	168.4122	3.662013	1.966727
3558	-1358.838	-1526.745	167.9065	4.300598	1.876913
3564	-1351.945	-1520.01	168.065	4.32487	1.750742
3570	-1362.495	-1530.849	168.3537	3.918549	1.832291
3576	-1363.413	-1531.18	167.7674	4.494813	1.839218
3582	-1359.256	-1527.411	168.1555	4.06229	1.869631
3588	-1364.186	-1532.369	168.1833	3.99431	1.896991
3594	-1369.885	-1538.047	168.1617	3.902268	1.973572
3600	-1378.17	-1546.353	168.1829	4.100298	1.82477
3606	-1381.131	-1548.81	167.6797	4.628452	1.80755
3612	-1358.468	-1526.278	167.8103	4.38156	1.887266
3618	-1355.292	-1523.123	167.8316	4.39001	1.867012
3624	-1367.035	-1535.457	168.4215	3.783292	1.878461
3630	-1369.836	-1537.795	167.9588	4.296282	1.844104
3636	-1364.482	-1532.27	167.7884	4.665378	1.705751
3642	-1365.511	-1533.323	167.812	5.017097	1.429896
3648	-1368.355	-1536.082	167.7264	4.503268	1.861467
3654	-1368.246	-1536.067	167.8208	4.503268	1.796564
3660	-1370.065	-1537.778	167.7127	4.629058	1.784263
3666	-1359.024	-1527.038	168.0142	4.465183	1.687616
3672	-1359.226	-1527.173	167.947	4.521882	1.695064
3678	-1359.295	-1527.431	168.1362	4.151552	1.821661
3684	-1357.156	-1525.124	167.9681	4.293837	1.839395
3690	-1364.208	-1532.235	168.027	4.23494	1.839395
3696	-1371.171	-1539.279	168.108	4.153948	1.839395
3702	-1359.012	-1526.812	167.8	4.458267	1.841876
3708	-1370.81	-1538.473	167.6633	4.590666	1.844862
3714	-1363.484	-1531.997	168.5136	3.349729	2.106456
3720	-1362.754	-1530.945	168.1911	4.014084	1.878206
3726	-1383.909	-1551.95	168.0409	4.449873	1.679473
3732	-1371.345	-1538.221	166.8754	5.660894	1.646946
3738	-1363.092	-1530.336	167.2445	5.660894	1.370517
3744	-1375.878	-1542.943	167.0658	5.635796	1.526213
3750	-1359.463	-1527.553	168.09	4.271635	1.770426
3756	-1357.504	-1524.938	167.434	5.152122	1.610986
3762	-1352.523	-1520.014	167.4915	5.023001	1.662539
3768	-1346.577	-1514.069	167.4915	5.023001	1.662539
3774	-1349.394	-1517.195	167.8017	4.351117	1.913774
3780	-1351.731	-1520.238	168.5069	3.744894	1.846332
3786	-1346.126	-1514.261	168.1347	4.117089	1.846332
3792	-1348.466	-1516.791	168.3248	3.582238	2.077792
3798	-1351.515	-1519.688	168.1728	4.17914	1.777211
3804	-1351.115	-1518.793	167.6785	4.853193	1.650275
3810	-1362.798	-1530.633	167.8351	4.666729	1.671626
3816	-1363.287	-1531.084	167.7967	4.681829	1.688233
3822	-1374.479	-1542.3	167.8218	4.557578	1.758051
3828	-1364.935	-1532.954	168.0195	4.557578	1.617562
3834	-1361.307	-1529.382	168.0744	4.16927	1.851921
3840	-1362.926	-1530.719	167.7932	4.423506	1.870386
3846	-1359.831	-1527.428	167.5966	4.874554	1.693471
3852	-1361.976	-1529.325	167.349	5.25757	1.596191
3858	-1358.871	-1526.668	167.7963	4.15293	2.049901
3864	-1360.315	-1528.126	167.8105	4.177294	2.024346
3870	-1362.092	-1530.309	168.2171	3.801482	2.003928
3876	-1375.754	-1543.518	167.7638	4.292528	1.978711
3882	-1375.503	-1542.828	167.3255	4.999651	1.79577
3888	-1372.969	-1540.637	167.6675	4.954642	1.584795
3894	-1363.986	-1531.515	167.5294	4.955335	1.683836
3900	-1346.925	-1514.596	167.671	4.955335	1.581748
3906	-1357.13	-1524.849	167.719	4.980907	1.527495
3912	-1355.467	-1522.733	167.266	5.438019	1.524424
3918	-1357.284	-1524.967	167.683	5.00168	1.538775
3924	-1362.981	-1530.242	167.2612	4.921343	1.893608
3930	-1370.551	-1538.377	167.826	4.768019	1.605307
3936	-1364.542	-1532.043	167.5009	5.197197	1.528848
3942	-1360.89	-1529.022	168.1321	4.223968	1.774286
3948	-1364.772	-1533.213	168.4406	3.844644	1.823347
3954	-1358.708	-1526.658	167.9496	4.024688	2.033349
3960	-1360.211	-1528.383	168.172	4.263649	1.718552
3966	-1365.095	-1532.92	167.8246	4.252703	1.964617
3972	-1357.431	-1525.748	168.3176	3.619732	2.057816
3978	-1367.23	-1535.203	167.9736	4.156541	1.929064
3984	-1357.507	-1525.536	168.029	4.28693	1.802185
3990	-1363.337	-1531.455	168.1184	4.327802	1.711088
3996	-1369.234	-1537.276	168.0427	4.104649	1.917456
4002	-1371.481	-1538.81	167.3293	5.147508	1.689467
4008	-1369.912	-1537.996	168.084	4.270374	1.77546
4014	-1376.993	-1544.653	167.66	4.694402	1.77546
4020	-1375.562	-1543.461	167.899	4.694402	1.605703
4026	-1363.566	-1531.417	167.8506	4.742833	1.605703
4032	-1360.469	-1528.511	168.0417	4.433254	1.69077
4038	-1369.326	-1537.368	168.0417	4.433254	1.69077
4044	-1369.686	-1537.711	168.0255	4.215208	1.853941
4050	-1370.285	-1538.663	168.3774	3.723956	1.9485
4056	-1361.373	-1529.63	168.2576	3.997989	1.843772
4062	-1365.187	-1533.858	168.6711	3.60889	1.826967
4068	-1368.85	-1537.103	168.2528	3.867462	1.935732
4074	-1365.286	-1533.397	168.1106	3.568197	2.226418
4080	-1365.858	-1534.418	168.5608	3.1036	2.235755
4086	-1357.582	-1525.678	168.0955	3.304963	2.403947
4092	-1361.093	-1529.551	168.458	3.398973	2.110664
4098	-1355.991	-1524.243	168.2523	3.763455	2.005802
4104	-1357.707	-1526.189	168.4821	3.621998	1.946614
4110	-1363.641	-1531.856	168.2158	3.791632	2.011321
4116	-1363.416	-1531.713	168.2976	3.791632	1.956672
4122	-1358.237	-1526.805	168.5675	3.857661	1.725959
4128	-1360.346	-1528.671	168.3259	3.857441	1.893078
4134	-1368.536	-1536.567	168.0311	3.857441	2.089934
4140	-1377.424	-1545.425	168.0015	3.89462	2.084968
4146	-1367.481	-1535.443	167.9617	4.28973	1.84661
4152	-1363.038	-1530.935	167.8969	4.155737	1.981162
4158	-1362.687	-1531.31	168.6237	3.24435	2.103423
4164	-1361.978	-1529.906	167.9274	3.725876	2.242863
4170	-1365.906	-1534.316	168.4106	3.725876	1.924816
4176	-1357.431	-1525.456	168.0247	3.969491	2.020137
4182	-1359.111	-1527.135	168.024	4.097532	1.934905
4188	-1355.088	-1523.118	168.0299	4.097532	1.930925
4194	-1364.327	-1532.02	167.693	4.635032	1.793796
4200	-1368.327	-1535.689	167.3627	5.09306	1.704377
4206	-1366.129	-1533.833	167.7039	5.09306	1.454466
4212	-1366.388	-1533.93	167.5417	4.964907	1.668182
4218	-1366.673	-1534.56	167.8871	4.525979	1.734459
4224	-1363.248	-1531.067	167.819	4.30809	1.931138
4230	-1358.753	-1526.821	168.068	4.078601	1.917992
4236	-1358.715	-1526.74	168.0254	3.957071	2.027876
4242	-1358.925	-1527.107	168.1826	3.782135	2.039655
4248	-1364.263	-1532.019	167.7561	4.427963	1.892606
4254	-1364.426	-1532.543	168.1169	4.10536	1.866526
4260	-1381.709	-1549.815	168.1057	4.110019	1.871057
4266	-1368.663	-1536.821	168.1579	4.368218	1.654227
4272	-1367.565	-1535.56	167.9948	4.436665	1.721532
4278	-1374.766	-1542.332	167.5654	4.866072	1.721532
4284	-1363.393	-1531.078	167.6857	4.935624	1.585433
4290	-1371.535	-1539.912	168.3772	4.024877	1.742168
4296	-1364.721	-1533.259	168.5379	4.024877	1.627897
4302	-1368.085	-1536.197	168.1116	3.752851	2.105757
4308	-1368.717	-1536.348	167.631	3.752851	2.414479
4314	-1374.469	-1542.551	168.0813	3.172925	2.495816
4320	-1368.244	-1536.557	168.3131	3.172925	2.349786
4326	-1357.15	-1525.418	168.2678	3.584966	2.113404
4332	-1363.932	-1531.925	167.9931	3.774439	2.169008
4338	-1363.165	-1531.266	168.1001	3.433115	2.319743
4344	-1381.672	-1549.959	168.2868	3.587638	2.099175
4350	-1362.17	-1530.681	168.5113	3.818743	1.792416
4356	-1364.906	-1532.823	167.9175	4.119099	1.991863
4362	-1364.499	-1531.751	167.2517	5.257332	1.666511
4368	-1358.991	-1526.612	167.6216	5.169756	1.458787
4374	-1360.803	-1528.321	167.5186	5.272719	1.458787
4380	-1369.929	-1537.232	167.3021	5.449598	1.488741
4386	-1353.887	-1521.951	168.0641	4.282399	1.780995
4392	-1353.746	-1521.744	167.9979	4.155715	1.91322
4398	-1359.16	-1527.016	167.8558	4.155715	2.008585
4404	-1361.466	-1529.677	168.2113	3.948517	1.909023
4410	-1353.848	-1522.188	168.3401	3.516528	2.110894
4416	-1363.605	-1531.837	168.2326	4.006333	1.855158
4422	-1366.539	-1534.299	167.7598	4.766857	1.653864
4428	-1376.767	-1544.54	167.7728	4.884415	1.559092
4434	-1365.616	-1533.558	167.9428	4.259143	1.880421
4440	-1358.432	-1526.39	167.9574	4.269246	1.86354
4446	-1361.097	-1529.023	167.9261	4.269246	1.8849
4452	-1349.721	-1517.684	167.9624	4.309704	1.832418
4458	-1356.255	-1524.337	168.0822	4.309704	1.749274
4464	-1349.937	-1518.025	168.0873	4.309704	1.745707
4470	-1354.53	-1522.449	167.919	4.390742	1.806468
4476	-1357.979	-1525.998	168.0191	3.946224	2.039269
4482	-1361.696	-1529.762	168.0657	4.085483	1.914857
4488	-1353.122	-1521.27	168.1481	4.320862	1.695006
4494	-1362.031	-1529.959	167.9287	4.136536	1.972752
4500	-1364.127	-1531.916	167.7883	4.58861	1.759803
4506	-1358.819	-1526.595	167.7758	4.370388	1.918254
4512	-1357.127	-1525.623	168.4956	3.751915	1.84928
4518	-1353.55	-1521.356	167.806	4.581141	1.752617
4524	-1359.198	-1526.499	167.3003	5.086894	1.752617
4530	-1358.266	-1525.919	167.6528	4.997626	1.564044
4536	-1361.04	-1528.99	167.9495	4.500274	1.708553
4542	-1356.005	-1523.88	167.8751	4.500274	1.760881
4548	-1363.476	-1531.716	168.2399	4.11974	1.771859
4554	-1366.577	-1534.11	167.5332	4.580653	1.940076
4560	-1377.352	-1545.43	168.0777	3.875457	2.047362
4566	-1374.43	-1542.399	167.9691	4.458575	1.724195
4572	-1370.983	-1538.962	167.9789	4.389729	1.765574
4578	-1360.178	-1528.279	168.1006	4.185052	1.823084
4584	-1353.439	-1520.851	167.4125	5.067431	1.687205
4590	-1366.955	-1533.711	166.7562	5.920749	1.544521
4596	-1373.686	-1540.367	166.6812	6.236965	1.36044
4602	-1363.768	-1531.146	167.3783	5.519117	1.37681
4608	-1368.434	-1535.648	167.2144	5.519117	1.502435
4614	-1370.528	-1538.648	168.1201	4.336538	1.703768
4620	-1367.769	-1535.97	168.2006	3.321393	2.326909
4626	-1365.686	-1533.907	168.2205	3.308352	2.32257
4632	-1369.335	-1537.666	168.3312	3.677837	2.01028
4638	-1382.648	-1550.764	168.1159	3.893119	2.01028
4644	-1368.201	-1536.265	168.0637	4.188037	1.846398
4650	-1372.984	-1540.973	167.9888	4.262962	1.846398
4656	-1356.316	-1524.265	167.9488	4.489472	1.716709
4662	-1367.47	-1535.271	167.8005	4.563388	1.768896
4668	-1372.618	-1540.552	167.9337	4.343772	1.828697
4674	-1374.331	-1542.612	168.2818	3.882547	1.905979
4680	-1369.42	-1537.472	168.0521	4.076237	1.930342
4686	-1362.068	-1530.346	168.2778	3.752933	1.995827
4692	-1372.335	-1540.621	168.2861	3.30228	2.28452
4698	-1359.824	-1527.786	167.9619	3.711087	2.230189
4704	-1367.175	-1535.307	168.1326	4.142718	1.830165
4710	-1364.019	-1531.323	167.3045	5.2606	1.626225
4716	-1379.431	-1547.129	167.6974	4.855656	1.634873
4722	-1380.207	-1547.722	167.515	4.930508	1.711572
4728	-1390.266	-1557.849	167.583	4.86257	1.711572
4734	-1377.746	-1545.405	167.6589	4.77296	1.721212
4740	-1375.643	-1543.315	167.6719	4.423748	1.952311
4746	-1367.862	-1535.131	167.2692	5.366583	1.57483
4752	-1370.903	-1538.451	167.548	4.653889	1.880459
4758	-1373.851	-1541.667	167.8153	4.149944	2.039333
4764	-1368.784	-1537	168.2163	3.674807	2.088224
4770	-1367.512	-1535.962	168.4497	3.359472	2.141926
4776	-1363.861	-1532.04	168.1792	3.445356	2.261351
4782	-1358.691	-1526.798	168.1072	3.757623	2.105517
4788	-1363.952	-1531.961	168.0095	3.36318	2.421503
4794	-1371.735	-1540.067	168.332	3.544512	2.097828
4800	-1361.66	-1529.654	167.9945	4.295371	1.820158
4806	-1360.409	-1528.533	168.1241	4.299392	1.727128
4812	-1367.628	-1534.717	167.089	5.33445	1.727128
4818	-1374.015	-1540.912	166.8968	5.866379	1.480088
4824	-1383.005	-1549.819	166.8144	5.797508	1.592302
4830	-1374.169	-1541.224	167.0551	5.556808	1.592302
4836	-1366.785	-1534.612	167.8273	4.630375	1.703004
4842	-1371.701	-1539.528	167.8273	4.630375	1.703004
4848	-1362.03	-1530.165	168.1353	4.160888	1.815799
4854	-1367.214	-1535.006	167.7917	4.548236	1.785559
4860	-1365.084	-1533.415	168.3305	4.250886	1.614461
4866	-1355.042	-1523.138	168.0962	4.440307	1.64682
4872	-1369.461	-1536.949	167.4871	5.049357	1.64682
4878	-1363.84	-1531.33	167.4898	5.049357	1.6449
4884	-1361.047	-1528.959	167.9123	4.363278	1.830029
4890	-1366.61	-1534.111	167.5009	5.115389	1.58907
4896	-1374.798	-1542.809	168.0114	4.564214	1.618651
4902	-1371.084	-1538.917	167.8327	4.450443	1.824823
4908	-1371.596	-1539.299	167.703	4.474603	1.896983
4914	-1380.138	-1548.084	167.9462	4.188431	1.926041
4920	-1397.786	-1566.178	168.3914	3.481662	2.100108
4926	-1369.547	-1537.855	168.3078	3.481662	2.154721
4932	-1355.656	-1523.808	168.1527	3.313111	2.362636
4938	-1353.238	-1521.402	168.1639	3.606746	2.16701
4944	-1366.632	-1534.471	167.8388	4.437141	1.829743
4950	-1364.269	-1532.601	168.3317	3.944285	1.829743
4956	-1374.933	-1542.616	167.6831	4.751372	1.71941
4962	-1370.334	-1537.925	167.5904	4.848206	1.716498
4968	-1371.289	-1538.621	167.3321	5.069671	1.742386
4974	-1371.617	-1538.541	166.9239	5.793367	1.514561
4980	-1368.881	-1536.008	167.1273	5.626195	1.487395
4986	-1369.008	-1536.268	167.2601	5.368643	1.579992
4992	-1365.43	-1532.639	167.209	5.111926	1.798693
4998	-1366.144	-1533.851	167.707	4.88786	1.604706
5004	-1371.761	-1538.95	167.1892	5.356004	1.640543
5010	-1373.619	-1540.731	167.1114	5.701633	1.442218
5016	-1366.189	-1533.76	167.5712	5.194491	1.478243
5022	-1360.648	-1527.672	167.0245	5.758197	1.465361
5028	-1363.898	-1531.719	167.821	4.835524	1.559595
5034	-1363.89	-1531.622	167.7311	4.990328	1.511464
5040	-1350.592	-1518.864	168.272	4.275383	1.63896
5046	-1355.119	-1523.016	167.8971	4.380953	1.828283
5052	-1354.749	-1522.577	167.8283	4.669947	1.67417
5058	-1361.091	-1528.671	167.58	5.06444	1.56845
5064	-1354.35	-1522.665	168.3148	4.099256	1.733759
5070	-1364.781	-1533.316	168.5345	3.28055	2.138039
5076	-1354.5	-1522.934	168.434	3.59556	1.996596
5082	-1361.061	-1529.553	168.4921	3.504014	2.018876
5088	-1372.625	-1540.383	167.7582	4.338211	1.951849
5094	-1371.828	-1539.315	167.4866	4.872237	1.77237
5100	-1367.959	-1535.723	167.764	4.669072	1.720401
5106	-1372.588	-1540.355	167.7675	4.626193	1.748038
5112	-1374.457	-1542.23	167.7728	4.758814	1.650325
5118	-1360.847	-1528.36	167.5138	4.939495	1.706095
5124	-1369.533	-1537.047	167.5138	4.939495	1.706095
5130	-1366.459	-1534.443	167.984	4.198689	1.893499
5136	-1365.175	-1533.287	168.1129	4.198689	1.805163
5142	-1356.123	-1524.257	168.1341	4.137765	1.832549
5148	-1353.359	-1521.254	167.895	4.174559	1.969808
5154	-1355.893	-1524.077	168.1842	3.955032	1.922985
5160	-1358.259	-1526.662	168.4037	3.382231	2.157077
5166	-1358.994	-1526.836	167.8425	3.943374	2.157077
5172	-1365.643	-1533.995	168.352	3.992603	1.782316
5178	-1374.119	-1542.3	168.1803	3.998417	1.896224
5184	-1373.824	-1541.777	167.9529	4.378805	1.79125
5190	-1367.371	-1535.216	167.8456	4.385149	1.86073
5196	-1365.928	-1534.269	168.3404	3.630577	2.03552
5202	-1365.75	-1533.867	168.1168	3.713409	2.128148
5208	-1365.482	-1533.526	168.044	3.871071	2.072486
5214	-1369.575	-1537.853	168.278	3.442862	2.19926
5220	-1383.675	-1551.87	168.1958	3.794484	2.022754
5226	-1385.93	-1554.332	168.4026	3.587675	2.022754
5232	-1366.74	-1535.06	168.3202	3.553389	2.099742
5238	-1369.249	-1537.595	168.3453	3.903111	1.848638
5244	-1376.827	-1544.621	167.794	4.768016	1.628466
5250	-1368.843	-1536.685	167.8416	4.596477	1.716834
5256	-1379.719	-1547.565	167.8459	4.729174	1.619012
5262	-1363.223	-1531.167	167.9437	4.501964	1.711477
5268	-1360.715	-1528.163	167.4482	4.936855	1.754092
5274	-1362.421	-1530.196	167.775	4.776239	1.636181
5280	-1367.042	-1534.925	167.8825	4.84332	1.508216
5286	-1359.929	-1527.902	167.9725	4.707041	1.542575
5292	-1371.213	-1539.027	167.8144	4.45214	1.836249
5298	-1384.245	-1551.744	167.4987	4.677193	1.898124
5304	-1349.042	-1516.924	167.882	4.367861	1.847642
5310	-1347.236	-1515.269	168.0328	4.11858	1.914768
5316	-1352.521	-1520.91	168.3889	3.723353	1.941152
5322	-1350.232	-1518.293	168.0612	3.999219	1.975987
5328	-1357.444	-1525.767	168.3231	3.930946	1.844783
5334	-1359.975	-1527.706	167.7307	4.501124	1.860004
5340	-1368.144	-1536.336	168.1914	4.32107	1.664016
5346	-1373.705	-1541.687	167.9824	4.538986	1.657645
5352	-1371.48	-1539.135	167.6556	4.587351	1.852386
5358	-1367.695	-1535.674	167.9796	4.25312	1.859444
5364	-1373.384	-1541.257	167.8738	4.60705	1.686582
5370	-1365.105	-1533.028	167.9231	4.436969	1.77154
5376	-1360.125	-1527.936	167.8108	4.577466	1.751812
5382	-1365.565	-1533.369	167.8042	4.319546	1.933407
5388	-1372.006	-1539.601	167.5955	4.697345	1.818097
5394	-1376.959	-1544.905	167.9456	4.194008	1.922709
5400	-1376.462	-1543.953	167.4904	4.873667	1.768723
5406	-1371.855	-1539.9	168.0455	4.277954	1.796997
5412	-1387.653	-1555.259	167.6064	4.602425	1.875704
5418	-1365.391	-1533.399	168.0083	4.267727	1.829685
5424	-1360.17	-1528.092	167.9222	4.177559	1.949554
5430	-1370.135	-1537.25	167.1155	5.373294	1.68089
5436	-1370.066	-1538.124	168.0584	4.476126	1.648219
5442	-1356.139	-1523.857	167.7179	4.571802	1.820253
5448	-1365.517	-1533.409	167.8915	4.518128	1.736852
5454	-1362.431	-1530.11	167.6789	4.621508	1.812911
5460	-1347.234	-1515.57	168.3356	3.877386	1.872891
5466	-1344.547	-1512.589	168.0414	4.408101	1.708789
5472	-1363.697	-1531.748	168.0508	3.909025	2.042913
5478	-1376.796	-1544.908	168.1124	3.769852	2.094045
5484	-1379.451	-1547.491	168.04	3.765527	2.144288
5490	-1386.897	-1555.359	168.4626	3.849075	1.805148
5496	-1388.22	-1556.23	168.01	3.849075	2.109269
5502	-1373.303	-1540.936	167.6322	4.629408	1.839618
5508	-1370.179	-1537.068	166.8886	5.493232	1.756347
5514	-1370.603	-1537.675	167.0722	5.493232	1.625999
5520	-1370.808	-1538.825	168.0162	4.021836	1.99089
5526	-1359.701	-1527.522	167.8207	4.139155	2.042916
5532	-1352.848	-1520.801	167.9527	4.139155	1.954848
5538	-1376.153	-1543.697	167.5443	4.459902	2.01345
5544	-1361.324	-1528.645	167.3205	5.262366	1.613341
5550	-1373.477	-1540.689	167.2125	5.054386	1.83596
5556	-1382.173	-1549.89	167.7163	4.963131	1.54266
5562	-1363.039	-1530.489	167.4499	5.202541	1.562599
5568	-1354.575	-1522.716	168.1413	4.160535	1.811943
5574	-1356.689	-1524.258	167.5685	4.900929	1.694657
5580	-1348.109	-1515.812	167.7029	4.874487	1.617366
5586	-1353.577	-1521.442	167.8644	4.888466	1.487876
5592	-1364.335	-1532.081	167.7454	4.933827	1.542833
5598	-1358.68	-1526.377	167.697	4.869806	1.625019
5604	-1351.87	-1520.118	168.2482	4.135461	1.755069
5610	-1371.59	-1539.564	167.9731	4.028278	2.015332
5616	-1357.354	-1524.588	167.2338	5.239155	1.69216
5622	-1355.809	-1523.639	167.8303	4.642686	1.69216
5628	-1363.148	-1530.624	167.4753	5.199908	1.545808
5634	-1370.844	-1538.402	167.5585	4.98462	1.642043
5640	-1365.667	-1533.193	167.5259	5.07693	1.598852
5646	-1373.62	-1541.717	168.0969	4.326436	1.727245
5652	-1375.784	-1543.821	168.0372	3.680789	2.201119
5658	-1367.668	-1536.042	168.3746	3.357548	2.191976
5664	-1360.901	-1529.227	168.3258	3.353037	2.226436
5670	-1363.15	-1531.534	168.3841	3.282755	2.234141
5676	-1367.869	-1536.48	168.6109	3.255424	2.104507
5682	-1358.634	-1526.864	168.2299	3.656612	2.091303
5688	-1361.535	-1529.548	168.0125	4.125168	1.924017
5694	-1367.938	-1536.169	168.2314	3.952404	1.892756
5700	-1371.075	-1539.57	168.4954	3.929039	1.726461
5706	-1365.111	-1533.067	167.9556	3.929039	2.092525
5712	-1369.665	-1537.829	168.1637	3.720934	2.092525
5718	-1363.02	-1531.354	168.3335	3.828396	1.90761
5724	-1354.118	-1522.322	168.2041	3.828396	1.994589
5730	-1344.749	-1513.245	168.4955	3.828396	1.796654
5736	-1359.878	-1527.746	167.8678	4.461961	1.792612
5742	-1359.211	-1526.922	167.7108	4.618953	1.792612
5748	-1352.601	-1520.374	167.7739	4.618953	1.748644
5754	-1367.54	-1535.72	168.1804	4.416409	1.603221
5760	-1359.496	-1526.914	167.4189	5.185331	1.597848
5766	-1358.108	-1525.499	167.3916	5.465752	1.408107
5772	-1366.97	-1533.951	166.9815	5.914154	1.378229
5778	-1351.734	-1518.539	166.8051	6.201229	1.289694
5784	-1355.479	-1522.851	167.3722	5.136999	1.666352
5790	-1367.337	-1534.953	167.6154	5.136999	1.488256
5796	-1357.797	-1525.682	167.8853	4.717873	1.598605
5802	-1351.069	-1518.067	166.9986	5.825804	1.433485
5808	-1351.939	-1518.753	166.8145	6.016354	1.42856
5814	-1369.916	-1536.55	166.6333	6.342251	1.31466
5820	-1363.727	-1531.291	167.5644	5.411147	1.31466
5826	-1358.723	-1526.178	167.4557	5.295597	1.489077
5832	-1363.596	-1531.328	167.7314	4.939619	1.548942
5838	-1355.84	-1523.59	167.7501	4.845112	1.604428
5844	-1361.831	-1529.815	167.9844	4.45943	1.712816
5850	-1365.969	-1533.073	167.1041	5.40605	1.665699
5856	-1370.934	-1539.248	168.3148	3.99266	1.808063
5862	-1376.466	-1544.057	167.5907	4.842989	1.719924
5868	-1366.258	-1534.049	167.7908	4.64293	1.719924
5874	-1366.487	-1534.275	167.7882	4.538814	1.794509
5880	-1371.993	-1539.559	167.5659	4.699939	1.836708
5886	-1378.253	-1545.734	167.4804	5.040351	1.658127
5892	-1376.372	-1544.484	168.1123	4.507425	1.586534
5898	-1371.437	-1539.02	167.5837	4.916074	1.67312
5904	-1368.356	-1536.289	167.9329	4.544392	1.689085
5910	-1369.485	-1537.71	168.2246	4.001611	1.863867
5916	-1372.28	-1540.282	168.0018	4.308092	1.806346
5922	-1364.561	-1532.847	168.2868	4.308092	1.604675
5928	-1366.382	-1533.678	167.2959	5.298969	1.604675
5934	-1372.873	-1540.499	167.6253	4.529313	1.912545
5940	-1367.684	-1535.292	167.6088	4.579459	1.889752
5946	-1356.868	-1524.775	167.9066	4.579459	1.682883
5952	-1362.634	-1530.729	168.0949	4.251692	1.780925
5958	-1369.663	-1537.714	168.0502	3.997373	1.984548
5964	-1371.002	-1539.176	168.1734	3.974297	1.917214
5970	-1371.323	-1539.578	168.2555	4.127402	1.755586
5976	-1369.815	-1537.717	167.9024	4.294905	1.883586
5982	-1364.139	-1532.119	167.9795	4.332383	1.804939
5988	-1360.064	-1528.284	168.2194	4.07769	1.815193
5994	-1367.412	-1535.372	167.9605	4.231009	1.887501
6000	-1363.945	-1531.909	167.964	3.998391	2.041235
6006	-1368.719	-1536.486	167.7669	4.340218	1.944583
6012	-1369.754	-1538.004	168.2508	3.834852	1.959013
6018	-1363.509	-1531.424	167.9157	4.187781	1.947066
6024	-1370.772	-1539.15	168.3775	3.873978	1.846562
6030	-1365.64	-1533.486	167.8461	4.360954	1.876915
6036	-1354.727	-1522.78	168.0523	4.215926	1.835071
6042	-1350.458	-1518.385	167.9267	4.485826	1.734855
6048	-1349.287	-1517.403	168.1164	4.485826	1.599317
6054	-1354.41	-1522.103	167.6926	4.56921	1.839476
6060	-1368.23	-1536.159	167.9291	4.528054	1.703346
6066	-1374.058	-1541.701	167.6437	4.886206	1.651543
6072	-1377.834	-1545.846	168.0119	4.694862	1.522371
6078	-1376.795	-1544.017	167.2222	5.440969	1.554713
6084	-1365.286	-1532.853	167.5675	5.038035	1.596911
6090	-1369.78	-1537.714	167.9337	4.675607	1.594172
6096	-1373.442	-1541.52	168.078	4.249721	1.794002
6102	-1370.006	-1537.841	167.8353	3.869792	2.20945
6108	-1359.8	-1528.11	168.3099	3.677865	2.024423
6114	-1367.601	-1535.574	167.9733	3.9579	2.06185
6120	-1368.518	-1536.544	168.0265	3.730443	2.175869
6126	-1379.891	-1548.062	168.1705	3.439078	2.270978
6132	-1370.053	-1538.137	168.0836	3.895473	2.030138
6138	-1375.349	-1543.885	168.5362	3.610985	1.917611
6144	-1373.364	-1541.364	167.9994	4.103323	1.947555
6150	-1363.263	-1531.444	168.1811	4.126268	1.808086
6156	-1357.937	-1525.518	167.581	4.915401	1.675519
6162	-1374.033	-1541.772	167.74	4.756413	1.675519
6168	-1362.461	-1529.597	167.1363	5.367612	1.670123
6174	-1368.018	-1535.126	167.1081	5.717013	1.432931
6180	-1356.308	-1522.839	166.5312	6.573944	1.207227
6186	-1362.561	-1529.517	166.9556	5.898631	1.41046
6192	-1367.952	-1534.968	167.0157	5.826422	1.419855
6198	-1362.481	-1530.438	167.9569	4.5286	1.683261
6204	-1363.532	-1531.974	168.4414	3.645874	1.95798
6210	-1352.4	-1520.144	167.7445	4.531975	1.829417
6216	-1363.875	-1531.699	167.8244	4.585955	1.736376
6222	-1355.107	-1523.069	167.9623	4.724022	1.537575
6228	-1353.86	-1521.685	167.825	4.983779	1.445449
6234	-1364.583	-1532.177	167.5934	5.222639	1.439924
6240	-1353.092	-1520.315	167.2231	5.511118	1.501908
6246	-1355.921	-1523.282	167.3613	5.09415	1.704553
6252	-1356.059	-1523.474	167.4153	5.072926	1.681312
6258	-1359.546	-1527.131	167.5853	5.075956	1.556078
6264	-1361.622	-1529.646	168.0235	4.295938	1.799763
6270	-1356.831	-1524.445	167.6142	4.89947	1.663201
6276	-1353.853	-1522.216	168.3625	3.884	1.849945
6282	-1355.957	-1523.502	167.5453	5.010106	1.633185
6288	-1350.49	-1518.361	167.8714	4.74891	1.58611
6294	-1354.39	-1522.389	167.9994	4.421675	1.728839
6300	-1349.979	-1518.267	168.2881	3.953301	1.853501
6306	-1359.354	-1527.552	168.198	4.315283	1.663429
6312	-1373.96	-1542.137	168.1763	4.178013	1.775515
6318	-1369.726	-1537.571	167.8447	4.679634	1.65556
6324	-1363.853	-1531.877	168.0242	4.679634	1.524549
6330	-1357.858	-1525.642	167.7839	4.683781	1.695931
6336	-1367.465	-1535.139	167.6739	4.773187	1.710479
6342	-1372.813	-1540.533	167.7192	4.767902	1.682117
6348	-1367.602	-1534.748	167.1462	5.476951	1.584074
6354	-1361.863	-1529.269	167.4056	5.364098	1.475157
6360	-1368.482	-1536.228	167.7461	5.035082	1.466473
6366	-1370.656	-1538.615	167.9592	4.728624	1.53645
6372	-1363.135	-1531.279	168.1439	4.390078	1.648591
6378	-1364.482	-1531.432	166.9504	5.823087	1.472321
6384	-1358.333	-1525.152	166.8191	6.05702	1.393484
6390	-1365.216	-1532.76	167.5443	4.935568	1.687258
6396	-1361.05	-1528.91	167.8602	4.684899	1.640601
6402	-1374.842	-1542.272	167.4298	4.796035	1.86409
6408	-1367.854	-1535.851	167.9967	4.028102	1.999778
6414	-1365.02	-1532.736	167.716	4.125714	2.120667
6420	-1362.223	-1530.181	167.9573	3.701094	2.239605
6426	-1378.04	-1545.891	167.8504	3.916009	2.169747
6432	-1372.084	-1540.03	167.946	4.422448	1.765684
6438	-1371.952	-1539.324	167.3717	5.544202	1.362266
6444	-1374.828	-1542.446	167.6181	5.033661	1.56309
6450	-1380.813	-1548.655	167.8426	4.420315	1.838714
6456	-1372.992	-1540.883	167.8909	3.855382	2.182805
6462	-1373.54	-1541.968	168.4285	3.713566	1.921018
6468	-1354.313	-1522.461	168.1482	4.189891	1.786811
6474	-1359.892	-1528.295	168.403	3.959343	1.769922
6480	-1362.245	-1530.119	167.8743	4.46798	1.783924
6486	-1363.076	-1531.012	167.9366	4.688342	1.582718
6492	-1355.059	-1522.931	167.8725	4.744222	1.588766
6498	-1364.218	-1532.274	168.0562	4.397026	1.706164
6504	-1366.503	-1534.42	167.9168	4.576112	1.678002
6510	-1361.284	-1529.444	168.1602	4.476843	1.573895
6516	-1358.207	-1525.816	167.6093	4.91459	1.65585
6522	-1361.794	-1529.93	168.1366	4.402264	1.645109
6528	-1365.351	-1533.146	167.7954	4.798872	1.605124
6534	-1363.021	-1530.361	167.3395	4.887576	1.863259
6540	-1379.279	-1546.517	167.2383	5.241366	1.687388
6546	-1371.157	-1538.451	167.2943	5.320769	1.589967
6552	-1374.938	-1542.546	167.6075	4.879151	1.682422
6558	-1364.147	-1531.691	167.5437	5.110544	1.561248
6564	-1373.723	-1541.548	167.8244	4.396967	1.867191
6570	-1375.185	-1543.325	168.14	3.752679	2.087207
6576	-1368.373	-1536.639	168.2667	3.901772	1.903176
6582	-1381.241	-1549.463	168.2226	4.074049	1.815462
6588	-1376.265	-1544.36	168.0947	4.051434	1.918286
6594	-1376.614	-1544.78	168.1659	3.839828	2.012426
6600	-1393.366	-1561.349	167.9835	3.678512	2.237267
6606	-1368.761	-1536.703	167.9421	3.879055	2.134097
6612	-1367.352	-1534.808	167.4566	4.906829	1.769218
6618	-1366.33	-1534.446	168.1159	4.379017	1.676571
6624	-1374.853	-1542.653	167.8001	4.702407	1.671159
6630	-1363.206	-1531.067	167.861	4.73711	1.602282
6636	-1367.024	-1534.7	167.6759	4.376941	1.981
6642	-1366.021	-1533.875	167.8541	4.546584	1.743153
6648	-1366.817	-1534.621	167.8038	4.570641	1.761533
6654	-1365.198	-1533.072	167.874	4.570641	1.712203
6660	-1360.654	-1528.876	168.2219	4.305581	1.65329
6666	-1371.067	-1538.265	167.1972	5.414071	1.592704
6672	-1374.064	-1541.918	167.8541	4.674997	1.652114
6678	-1369.696	-1536.918	167.222	5.535191	1.484609
6684	-1357.527	-1524.9	167.3727	5.313485	1.537694
6690	-1361.754	-1529.492	167.7373	5.02203	1.482994
6696	-1358.67	-1526.073	167.4036	4.953733	1.77344
6702	-1375.88	-1543.254	167.3745	4.782623	1.910851
6708	-1367.459	-1535.239	167.7798	4.782623	1.628143
6714	-1360.791	-1528.393	167.6023	5.002975	1.597102
6720	-1358.767	-1526.784	168.0168	4.475612	1.678355
6726	-1367.413	-1535.3	167.8864	4.486145	1.762841
6732	-1366.553	-1534.825	168.2719	4.100631	1.762841
6738	-1371.715	-1540.01	168.2954	4.100631	1.746418
6744	-1362.674	-1530.519	167.8444	4.454621	1.813829
6750	-1361.681	-1529.157	167.476	4.921955	1.745039
6756	-1359.854	-1527.754	167.9003	4.575208	1.690363
6762	-1369.372	-1536.692	167.3201	5.315082	1.575284
6768	-1380.811	-1547.909	167.098	5.500319	1.60213
6774	-1357.937	-1525.516	167.5794	4.599579	1.896011
6780	-1350.622	-1518.449	167.8278	4.620502	1.709644
6786	-1344.947	-1513.158	168.2111	4.237136	1.709644
6792	-1345.456	-1513.081	167.6251	4.244463	2.102408
6798	-1345.718	-1513.717	167.9989	4.244463	1.852142
6804	-1355.784	-1523.567	167.7827	4.204919	2.024471
6810	-1356.466	-1524.689	168.223	3.441746	2.235488
6816	-1365.002	-1533.488	168.4865	3.117672	2.274426
6822	-1361.33	-1529.403	168.0732	4.009415	1.961084
6828	-1364.403	-1532.529	168.1256	4.304533	1.722437
6834	-1360.537	-1527.974	167.4375	4.985973	1.727145
6840	-1352.556	-1520.461	167.9044	4.42438	1.793289
6846	-1348.348	-1516.489	168.1405	4.328634	1.694876
6852	-1360.021	-1527.675	167.6541	4.726668	1.757053
6858	-1369.309	-1536.865	167.5562	4.882748	1.716209
6864	-1369.86	-1537.056	167.1961	5.317721	1.663065
6870	-1366.852	-1534.206	167.3535	5.317721	1.548774
6876	-1373.619	-1540.883	167.2636	5.317721	1.614481
6882	-1374.831	-1541.849	167.0187	5.741935	1.481997
6888	-1370.927	-1538.163	167.2364	5.454606	1.534099
6894	-1360.927	-1528.298	167.371	5.041923	1.734578
6900	-1366.591	-1534.961	168.3702	3.971943	1.783967
6906	-1368.237	-1536.089	167.8518	4.210573	1.97466
6912	-1362.94	-1530.663	167.723	4.584232	1.80822
6918	-1379.476	-1547.359	167.8831	4.536799	1.729661
6924	-1372.965	-1540.848	167.8833	4.227543	1.942089
6930	-1369.405	-1536.796	167.3901	4.726648	1.93816
6936	-1359.317	-1526.908	167.5906	4.73766	1.793625
6942	-1366.411	-1534.219	167.8072	4.273691	1.962241
6948	-1367.702	-1535.485	167.7833	4.220866	2.013526
6954	-1370.456	-1538.306	167.8498	4.657394	1.667793
6960	-1370.962	-1538.899	167.937	4.237776	1.898866
6966	-1371.172	-1539.561	168.3888	3.732435	1.935094
6972	-1368.502	-1536.677	168.1752	4.267733	1.713393
6978	-1350.874	-1518.521	167.6473	4.79571	1.713393
6984	-1361.85	-1529.714	167.864	4.350376	1.871974
6990	-1356.129	-1524.294	168.1645	4.055606	1.868055
6996	-1356.9	-1524.768	167.8673	4.583761	1.707691
7002	-1357.452	-1525.121	167.6696	4.630055	1.813401
7008	-1359.862	-1527.932	168.0698	4.216526	1.822607
7014	-1360.785	-1528.68	167.8948	4.538197	1.720416
7020	-1354.089	-1522.218	168.1292	4.276639	1.739556
7026	-1358.419	-1526.746	168.3267	3.781059	1.944186
7032	-1366.571	-1534.602	168.0314	3.735502	2.169394
7038	-1353.848	-1521.761	167.913	4.203532	1.93829
7044	-1367.424	-1535.11	167.6862	4.871016	1.631882
7050	-1368.87	-1536.458	167.5886	4.968647	1.631882
7056	-1363.446	-1531.208	167.7621	4.8033	1.626014
7062	-1382.627	-1550.878	168.2503	3.751557	2.015004
7068	-1366.903	-1534.825	167.9222	4.236354	1.90987
7074	-1370.782	-1538.91	168.128	4.174971	1.811165
7080	-1370.552	-1538.373	167.821	4.174971	2.018921
7086	-1361.495	-1529.547	168.0514	4.386094	1.717262
7092	-1361.195	-1528.757	167.5626	4.836438	1.744333
7098	-1360.772	-1528.75	167.9786	4.240752	1.868526
7104	-1356.059	-1524.184	168.1253	4.19326	1.800349
7110	-1350.141	-1518.039	167.898	4.13762	1.992569
7116	-1358.091	-1526.291	168.1998	4.092155	1.818723
7122	-1358.47	-1526.526	168.0568	4.092155	1.916406
7128	-1357.739	-1525.732	167.993	4.124662	1.937484
7134	-1366.772	-1534.249	167.4769	4.640769	1.937484
7140	-1364.482	-1532.767	168.285	3.967021	1.84618
7146	-1357.532	-1525.442	167.9102	4.121431	1.995173
7152	-1364.697	-1533.145	168.4477	3.553844	2.01523
7158	-1361.696	-1529.854	168.1578	3.664276	2.13347
7164	-1370.81	-1538.913	168.1034	4.067256	1.901686
7170	-1370.063	-1538.053	167.9895	4.511069	1.672502
7176	-1362.5	-1529.893	167.3936	5.138798	1.649782
7182	-1365.57	-1533.032	167.4619	4.779602	1.853402
7188	-1372.427	-1540.452	168.0244	4.109563	1.92652
7194	-1377.079	-1544.765	167.6867	4.429619	1.93839
7200	-1370.531	-1538.564	168.0326	4.176437	1.875596
7206	-1375.013	-1542.936	167.9232	4.231207	1.912716
7212	-1374.486	-1542.803	168.3168	3.837565	1.912716
7218	-1369.212	-1537.345	168.1335	3.852849	2.025351
7224	-1367.624	-1535.206	167.5819	4.831481	1.734261
7230	-1366.938	-1535.004	168.0666	4.012776	1.963228
7236	-1357.887	-1526.136	168.2495	3.757337	2.011689
7242	-1367.419	-1535.597	168.1782	4.136839	1.802805
7248	-1364.116	-1532.165	168.0494	4.136839	1.891076
7254	-1357.148	-1525.448	168.3004	3.885863	1.891076
7260	-1353.522	-1521.493	167.9709	3.662048	2.255967
7266	-1359.025	-1527.168	168.1428	3.662048	2.144744
7272	-1362.005	-1529.857	167.8522	4.195357	1.984579
7278	-1361.545	-1530.043	168.4977	3.887289	1.754133
7284	-1359.08	-1526.812	167.7323	4.705716	1.71688
7290	-1354.193	-1522.24	168.0467	4.627465	1.546595
7296	-1352.519	-1520.414	167.8951	4.512718	1.738162
7302	-1352.22	-1520.302	168.082	3.9902	1.968043
7308	-1365.557	-1533.735	168.1777	3.9902	1.903538
7314	-1357.274	-1524.801	167.5268	4.7441	1.833199
7320	-1359.64	-1527.288	167.6485	4.852359	1.672317
7326	-1351.524	-1519.483	167.9584	4.557941	1.661255
7332	-1348.465	-1516.569	168.1038	4.557941	1.555749
7338	-1353.045	-1520.754	167.7099	4.951868	1.555749
7344	-1362.064	-1529.7	167.6363	5.025407	1.555749
7350	-1362.747	-1530.619	167.8722	4.823193	1.53087
7356	-1366.212	-1534.453	168.2408	4.106948	1.780133
7362	-1351.09	-1519.397	168.3071	4.106948	1.733762
7368	-1354.956	-1523.452	168.4957	4.264304	1.482506
7374	-1358.796	-1526.707	167.9115	4.935158	1.416359
7380	-1364.134	-1531.416	167.2811	5.714025	1.298777
7386	-1357.945	-1525.676	167.7311	4.852552	1.612782
7392	-1363.701	-1531.315	167.6142	4.574237	1.889621
7398	-1362.712	-1530.552	167.8407	4.30724	1.917065
7404	-1361.661	-1529.486	167.8255	4.732392	1.631421
7410	-1354.847	-1522.532	167.6853	4.732392	1.731226
7416	-1357.451	-1524.973	167.5227	5.170014	1.532853
7422	-1362.062	-1529.363	167.3016	5.34987	1.563341
7428	-1366.76	-1534.02	167.2599	5.537985	1.453804
7434	-1367.032	-1534.198	167.1655	5.18299	1.77956
7440	-1358.39	-1526.549	168.1587	4.343067	1.671677
7446	-1365.599	-1533.535	167.9363	4.43234	1.765541
7452	-1361.493	-1529.184	167.6904	4.712212	1.741803
7458	-1359.412	-1527.052	167.64	4.615483	1.843843
7464	-1347.888	-1515.794	167.9057	4.349742	1.843843
7470	-1361.633	-1529.768	168.135	4.349742	1.683816
7476	-1362.102	-1530.268	168.1657	4.404434	1.622553
7482	-1366.041	-1534.155	168.114	4.097452	1.873963
7488	-1358.304	-1526.741	168.4364	3.803544	1.85448
7494	-1362.111	-1529.929	167.8175	4.629277	1.710695
7500	-1371.964	-1539.174	167.21	5.546557	1.485107
7506	-1368.371	-1536.165	167.794	4.671178	1.697705
7512	-1366.623	-1534.558	167.9353	4.277094	1.873302
7518	-1367.016	-1534.92	167.9037	4.465126	1.765395
7524	-1362.661	-1530.673	168.012	4.341355	1.776193
7530	-1358.275	-1526.065	167.7906	4.532834	1.796943
7536	-1361.587	-1529.309	167.7214	4.683018	1.740512
7542	-1357.901	-1526.065	168.1641	4.415416	1.615783
7548	-1357.926	-1525.901	167.9745	4.415416	1.750682
7554	-1363.122	-1530.746	167.6243	5.225501	1.413895
7560	-1355.061	-1522.74	167.68	5.067096	1.492265
7566	-1351.938	-1519.52	167.5814	5.067096	1.565515
7572	-1356.227	-1523.573	167.3465	5.063681	1.736503
7578	-1352.266	-1519.928	167.6625	4.646265	1.807127
7584	-1356.063	-1523.727	167.6634	4.646265	1.806484
7590	-1359.319	-1526.926	167.6072	4.520316	1.930876
7596	-1358.95	-1526.901	167.9511	4.174792	1.931965
7602	-1361.689	-1529.024	167.3352	5.100291	1.71865
7608	-1356.768	-1525	168.2317	3.714564	2.051915
7614	-1355.175	-1523.408	168.2329	3.737425	2.035941
7620	-1363.569	-1531.808	168.2391	3.731217	2.035941
7626	-1359.748	-1528.121	168.373	4.01433	1.75253
7632	-1372.181	-1540.039	167.8577	4.553546	1.735713
7638	-1369.413	-1537.404	167.9909	4.553546	1.641123
7644	-1358.733	-1526.172	167.4394	5.311165	1.489604
7650	-1353.272	-1520.899	167.6271	5.005972	1.576822
7656	-1364.554	-1532.465	167.911	4.764774	1.545377
7662	-1369.999	-1538.303	168.3037	3.860039	1.906379
7668	-1365.656	-1533.811	168.1553	3.860039	2.006069
7674	-1359.492	-1527.506	168.0136	3.97055	2.026775
7680	-1362.426	-1529.989	167.5631	4.881111	1.712506
7686	-1363.311	-1531.234	167.9234	4.538231	1.700206
7692	-1362.977	-1531.006	168.0291	4.741496	1.474513
7698	-1363.34	-1531.964	168.6246	3.496512	1.935206
7704	-1355.409	-1523.373	167.9644	4.133683	1.950668
7710	-1353.843	-1521.432	167.5895	5.131907	1.51148
7716	-1351.942	-1519.328	167.3859	5.178255	1.626927
7722	-1352.598	-1520.301	167.7024	4.665955	1.765765
7728	-1366.049	-1534.213	168.1635	4.306773	1.69408
7734	-1365.973	-1533.513	167.5394	4.93084	1.69408
7740	-1367.332	-1535.43	168.0977	4.066228	1.906228
7746	-1364.522	-1532.719	168.1977	3.819047	2.005091
7752	-1368.435	-1536.221	167.7856	4.36116	1.917838
7758	-1371.32	-1538.923	167.6031	4.777427	1.757262
7764	-1364.335	-1532.661	168.326	4.108736	1.719229
7770	-1358.131	-1525.83	167.6996	4.596456	1.81593
7776	-1363.061	-1530.673	167.6117	4.88084	1.678256
7782	-1353.878	-1522.031	168.1524	4.403743	1.632674
7788	-1361.987	-1529.695	167.708	4.729372	1.717379
7794	-1375.786	-1543.608	167.8217	4.413383	1.857822
7800	-1356.129	-1523.862	167.7326	4.773646	1.66844
7806	-1361.107	-1528.714	167.6062	5.018787	1.582756
7812	-1362.593	-1529.635	167.0423	5.761684	1.449151
7818	-1355.678	-1523.313	167.6346	5.085684	1.512356
7824	-1366.106	-1533.488	167.3815	4.906831	1.82125
7830	-1370.426	-1538.15	167.7244	4.781214	1.668901
7836	-1370.76	-1538.321	167.5613	5.040552	1.59959
7842	-1357.894	-1525.783	167.889	4.619155	1.667132
7848	-1360.972	-1528.567	167.595	4.913143	1.667132
7854	-1373.635	-1541.517	167.8822	4.508577	1.750092
7860	-1357.704	-1525.743	168.0387	4.508577	1.639034
7866	-1357.434	-1525.164	167.7299	4.779166	1.666456
7872	-1366.255	-1534.523	168.2679	4.016998	1.823603
7878	-1361.928	-1528.796	166.8683	5.722682	1.607456
7884	-1361.176	-1528.774	167.598	5.068269	1.552428
7890	-1358.853	-1526.911	168.0574	4.522944	1.615177
7896	-1355.988	-1524.131	168.1433	3.822195	2.039196
7902	-1352.855	-1521.36	168.5048	3.460667	2.039196
7908	-1354.177	-1522.203	168.0254	3.95407	2.029868
7914	-1345.878	-1514.304	168.4255	3.795808	1.867195
7920	-1352.564	-1520.74	168.1757	3.795808	2.035157
7926	-1358.882	-1527.054	168.1721	4.235275	1.738452
7932	-1348.901	-1516.963	168.0616	4.27083	1.790711
7938	-1352.414	-1520.476	168.062	4.083723	1.91855
7944	-1369.428	-1537.368	167.9402	4.504373	1.712265
7950	-1363.316	-1531.7	168.3837	3.77945	1.906746
7956	-1365.32	-1533.535	168.2152	4.013984	1.861825
7962	-1363.827	-1532.087	168.2608	3.968348	1.861825
7968	-1374.969	-1543.009	168.04	3.968348	2.010687
7974	-1367.405	-1535.505	168.1001	3.908289	2.010687
7980	-1361.524	-1529.84	168.3156	3.786192	1.948198
7986	-1363.197	-1531.128	167.9308	4.09734	1.997527
7992	-1357.904	-1525.979	168.0752	4.261739	1.787622
7998	-1353.884	-1522.005	168.1204	4.37003	1.679779
8004	-1359.551	-1527.525	167.9736	4.516808	1.679779
8010	-1356.13	-1523.439	167.3091	5.494379	1.449528
8016	-1354.594	-1522.296	167.7018	4.603192	1.809767
8022	-1366.176	-1534.132	167.9556	4.852235	1.446157
8028	-1360.273	-1526.794	166.5215	6.437818	1.327734
8034	-1368.502	-1535.566	167.0646	5.739577	1.448954
8040	-1362.16	-1529.045	166.8848	6.076221	1.326318
8046	-1363.156	-1530.394	167.2379	5.706339	1.339736
8052	-1368.278	-1535.558	167.2806	5.584639	1.401935
8058	-1369.083	-1536.043	166.9597	5.584639	1.6412
8064	-1369.731	-1537.082	167.3511	5.301684	1.562359
8070	-1364.36	-1531.259	166.8993	5.863691	1.480249
8076	-1361.242	-1528.14	166.8983	6.021783	1.358943
8082	-1361.595	-1528.852	167.2566	5.653175	1.367128
8088	-1360.913	-1528.024	167.1111	5.451927	1.627727
8094	-1355.68	-1523.378	167.6989	4.574447	1.83152
8100	-1366.282	-1534.226	167.9448	4.574447	1.659156
8106	-1377.755	-1544.409	166.6546	5.988134	1.56976
8112	-1378.337	-1545.917	167.5801	5.0811	1.556137
8118	-1376.192	-1544.084	167.8922	4.466883	1.772225
8124	-1364.79	-1532.756	167.9652	4.446093	1.735714
8130	-1357.146	-1525.323	168.1763	4.453565	1.579143
8136	-1365.976	-1533.355	167.3786	4.937324	1.802208
8142	-1370.015	-1537.618	167.6034	4.945712	1.637711
8148	-1366.005	-1534.088	168.0838	4.572417	1.559814
8154	-1364.368	-1532.421	168.0533	4.415625	1.695053
8160	-1362.111	-1530.588	168.4771	3.873301	1.778249
8166	-1361.581	-1529.466	167.8844	4.438608	1.797252
8172	-1357.03	-1525.499	168.4692	3.853851	1.797252
8178	-1369.836	-1538.276	168.4405	4.240614	1.541444
8184	-1373.578	-1541.513	167.9351	4.467828	1.74156
8190	-1362.834	-1530.775	167.9409	4.462065	1.74156
8196	-1364.825	-1533.064	168.2386	4.07037	1.806979
8202	-1373.493	-1541.716	168.2227	4.172702	1.74684
8208	-1359.297	-1527.575	168.2787	3.789614	1.97067
8214	-1363.834	-1531.922	168.0884	3.854067	2.054399
8220	-1368.969	-1537.417	168.4481	3.874649	1.797461
8226	-1383.109	-1551.228	168.1184	4.224747	1.78331
8232	-1379.894	-1547.72	167.8257	4.514579	1.785259
8238	-1367.762	-1535.724	167.9624	4.377929	1.785259
8244	-1367.286	-1535.391	168.105	4.417965	1.65651
8250	-1370.082	-1538.206	168.1245	4.28714	1.735481
8256	-1365.881	-1533.697	167.8159	4.626774	1.7136
8262	-1353.572	-1521.036	167.4642	4.574436	1.990526
8268	-1358.612	-1526.583	167.971	3.824797	2.150608
8274	-1352.589	-1520.624	168.035	3.980849	2.005729
8280	-1363.976	-1531.819	167.8428	4.358699	1.880705
8286	-1358.881	-1527.016	168.1351	3.784556	2.069464
8292	-1366.002	-1534.042	168.0394	4.167536	1.877004
8298	-1358.487	-1526.091	167.6035	5.033845	1.573657
8304	-1361.5	-1529.232	167.7318	4.890889	1.584374
8310	-1361.813	-1529.164	167.3509	5.035254	1.75331
8316	-1358.169	-1525.93	167.7613	5.035254	1.454782
8322	-1363.008	-1530.884	167.8757	4.668752	1.64107
8328	-1365.795	-1533.575	167.7797	4.826958	1.596107
8334	-1363.799	-1532.032	168.2323	3.930664	1.906867
8340	-1376.622	-1543.703	167.0805	5.570117	1.563913
8346	-1376.179	-1543.416	167.2365	5.512632	1.490672
8352	-1353.814	-1521.15	167.3361	5.402738	1.498434
8358	-1363.607	-1531.012	167.4056	5.42668	1.427438
8364	-1371.156	-1537.999	166.8421	6.069447	1.365716
8370	-1352.038	-1519.553	167.5157	5.236694	1.488236
8376	-1365.242	-1532.74	167.4977	5.254701	1.488236
8382	-1366.634	-1534.141	167.5073	5.243656	1.489346
8388	-1356.519	-1524.235	167.716	5.035848	1.488673
8394	-1362.883	-1530.401	167.5184	4.914989	1.720164
8400	-1372.997	-1540.9	167.902	4.228361	1.928926
8406	-1366.572	-1534.346	167.774	4.573763	1.780079
8412	-1368.755	-1536.72	167.9646	4.573763	1.645455
8418	-1364.979	-1532.932	167.9527	4.408775	1.770537
8424	-1370.124	-1537.672	167.5482	4.964254	1.664022
8430	-1372.273	-1539.983	167.7099	4.964254	1.546591
8436	-1362.334	-1529.508	167.1747	5.652477	1.431379
8442	-1365.239	-1533.035	167.796	5.036135	1.427589
8448	-1360.682	-1528.549	167.8674	4.808226	1.545529
8454	-1365.161	-1532.511	167.3501	5.23083	1.614784
8460	-1357.472	-1525.275	167.803	4.716768	1.658776
8466	-1366.044	-1534.472	168.4276	4.03259	1.701194
8472	-1364.341	-1532.279	167.9377	4.514384	1.706935
8478	-1360.054	-1528.232	168.1776	4.185224	1.769595
8484	-1370.136	-1538.325	168.1895	4.021202	1.874436
8490	-1360.656	-1529.037	168.381	4.017657	1.744556
8496	-1360.74	-1528.832	168.0916	3.920748	2.008023
8502	-1374.54	-1542.534	167.9936	4.237082	1.860821
8508	-1360.37	-1528.384	168.0135	3.384321	2.405623
8514	-1365.715	-1533.471	167.7554	3.702248	2.367799
8520	-1360.898	-1529.321	168.4232	3.569678	2.021011
8526	-1357.154	-1525.448	168.2934	3.493791	2.156237
8532	-1352.288	-1520.633	168.3453	3.803421	1.916567
8538	-1358.254	-1526.505	168.2509	3.820997	1.968244
8544	-1351.646	-1519.925	168.279	3.899269	1.896489
8550	-1357.922	-1526.051	168.1291	4.049186	1.896489
8556	-1356.34	-1524.799	168.4594	3.727759	1.890479
8562	-1370.239	-1538.82	168.5812	3.250506	2.127185
8568	-1357.019	-1525.094	168.0745	3.927423	2.014957
8574	-1365.881	-1533.92	168.0382	4.266088	1.810206
8580	-1357.262	-1525.06	167.7979	4.020431	2.135929
8586	-1355.479	-1523.64	168.1613	4.020431	1.89414
8592	-1360.422	-1528.381	167.9584	4.201558	1.908946
8598	-1370.743	-1538.822	168.0793	3.492274	2.295255
8604	-1365.871	-1534.325	168.4543	3.492274	2.051695
8610	-1376.744	-1544.983	168.2386	4.278261	1.660902
8616	-1360.608	-1528.434	167.8258	4.515925	1.784283
8622	-1367.468	-1534.755	167.287	5.532352	1.437396
8628	-1373.543	-1541.659	168.1156	4.449317	1.626387
8634	-1372.519	-1539.85	167.331	5.233866	1.626387
8640	-1362.281	-1529.885	167.6041	4.574265	1.89645
8646	-1360.729	-1528.706	167.9774	4.477689	1.704801
8652	-1351.834	-1519.539	167.705	4.812286	1.660583
8658	-1361.537	-1529.515	167.9778	4.674741	1.56252
8664	-1355.285	-1523.011	167.7261	4.728229	1.705393
8670	-1359.614	-1527.539	167.9242	4.662002	1.610932
8676	-1363.884	-1531.566	167.682	4.768746	1.707927
8682	-1360.162	-1528.259	168.0967	4.184993	1.825828
8688	-1362.29	-1530.273	167.9832	4.315228	1.814255
8694	-1364.418	-1532.213	167.795	4.706989	1.671487
8700	-1359.842	-1527.796	167.9534	4.123412	1.964953
8706	-1352.188	-1520.477	168.2896	4.002527	1.818591
8712	-1363.216	-1531.314	168.0974	4.170308	1.835404
8718	-1353.245	-1520.614	167.3692	5.014382	1.755135
8724	-1363.26	-1531.374	168.1145	4.149608	1.837888
8730	-1370.808	-1538.514	167.7057	4.535886	1.853321
8736	-1372.063	-1539.799	167.7364	4.93313	1.550026
8742	-1374.975	-1542.803	167.8283	4.962698	1.45906
8748	-1369.096	-1536.528	167.4322	5.084753	1.660796
8754	-1366.12	-1533.743	167.6231	5.077267	1.527174
8760	-1362.278	-1529.772	167.4941	5.077267	1.621685
8766	-1366.727	-1534.744	168.0169	4.600259	1.588442
8772	-1365.286	-1532.028	166.742	6.03851	1.46696
8778	-1366.173	-1533.091	166.9183	5.725536	1.568923
8784	-1357.453	-1524.454	167.001	5.641436	1.569978
8790	-1363.23	-1530.474	167.2448	5.577087	1.435414
8796	-1369.851	-1537.021	167.1707	5.577087	1.49173
8802	-1358.825	-1526.5	167.6745	5.073235	1.49173
8808	-1369.8	-1536.421	166.6218	6.073219	1.531125
8814	-1374.662	-1542.163	167.501	5.271156	1.473321
8820	-1376.666	-1543.011	166.3447	6.428299	1.472667
8826	-1367.474	-1535.159	167.6856	5.045177	1.504455
8832	-1375.963	-1543.432	167.4697	5.07188	1.643141
8838	-1368.389	-1536.099	167.7099	4.77242	1.685506
8844	-1369.126	-1536.835	167.7096	4.495789	1.878067
8850	-1365.017	-1532.278	167.2611	5.560249	1.435818
8856	-1354.213	-1521.631	167.4175	5.365726	1.464902
8862	-1351.007	-1518.799	167.7918	4.737908	1.651676
8868	-1360.883	-1528.576	167.6934	4.75002	1.713073
8874	-1362.891	-1530.317	167.4252	4.977472	1.74173
8880	-1358.682	-1526.442	167.7604	4.232433	2.021053
8886	-1352.623	-1520.824	168.2009	4.220705	1.728431
8892	-1359.927	-1528.119	168.1919	4.098732	1.819629
8898	-1365.125	-1532.909	167.7844	4.720934	1.669123
8904	-1358.606	-1526.158	167.5522	5.019889	1.621182
8910	-1366.104	-1533.818	167.7137	4.434464	1.91691
8916	-1370.106	-1538.332	168.2263	4.003897	1.861146
8922	-1363.465	-1531.763	168.2982	3.962935	1.839952
8928	-1359.22	-1527.22	167.9999	4.409409	1.73712
8934	-1350.174	-1518.489	168.3147	4.028869	1.783024
8940	-1356.684	-1524.846	168.1615	4.028869	1.888305
8946	-1368.585	-1536.003	167.4176	5.185142	1.598928
8952	-1362.474	-1529.728	167.2532	5.602337	1.409493
8958	-1360.864	-1527.726	166.8618	6.057787	1.359352
8964	-1359.298	-1526.16	166.8618	6.057787	1.359352
8970	-1359.206	-1526.86	167.6544	4.897022	1.636079
8976	-1364.594	-1532.22	167.6257	4.897022	1.656669
8982	-1365.291	-1532.847	167.5555	4.897022	1.706664
8988	-1368.394	-1535.889	167.4942	4.857024	1.77772
8994	-1359.58	-1527.15	167.5699	4.857024	1.724726
9000	-1355.072	-1523.006	167.9344	4.766264	1.526961
9006	-1366.081	-1533.246	167.165	5.445433	1.593346
9012	-1355.508	-1523.495	167.9863	4.337069	1.797046
9018	-1360.147	-1528.176	168.0295	4.262159	1.81892
9024	-1362.85	-1530.515	167.6648	4.614111	1.827725
9030	-1357.359	-1524.7	167.3413	4.995483	1.787718
9036	-1363.356	-1531.165	167.8087	4.52805	1.787718
9042	-1370.261	-1537.835	167.5732	4.673741	1.849645
9048	-1374.583	-1542.433	167.85	4.510912	1.770916
9054	-1362.789	-1531.258	168.4688	4.193881	1.555063
9060	-1379.141	-1547.036	167.8948	4.590358	1.683466
9066	-1373.25	-1541.314	168.0641	4.310115	1.761628
9072	-1380.204	-1548.493	168.2893	3.68224	2.035142
9078	-1376.42	-1544.496	168.0762	4.249631	1.795294
9084	-1373.134	-1540.844	167.7104	4.615461	1.795294
9090	-1371.612	-1539.775	168.1627	4.170176	1.790406
9096	-1381.146	-1549.294	168.1478	3.839928	2.024418
9102	-1371.514	-1539.786	168.2719	3.988151	1.840673
9108	-1365.489	-1533.702	168.2135	4.172282	1.753587
9114	-1374.942	-1542.787	167.8446	4.770765	1.589737
9120	-1374.369	-1542.351	167.9822	4.538674	1.658003
9126	-1384.814	-1552.528	167.713	5.206374	1.359487
9132	-1373.752	-1540.498	166.7461	6.129091	1.394188
9138	-1366.428	-1533.199	166.7709	6.129091	1.374783
9144	-1370.86	-1538.297	167.4366	4.955567	1.749118
9150	-1368.279	-1536.112	167.833	4.432881	1.836708
9156	-1388.338	-1556.466	168.1277	4.252188	1.757705
9162	-1371.057	-1538.655	167.5983	4.939848	1.64565
9168	-1363.295	-1531.47	168.1752	4.367668	1.642232
9174	-1364.462	-1532.436	167.9737	4.367668	1.784519
9180	-1358.469	-1526.468	167.9992	4.282701	1.825675
9186	-1361.867	-1529.696	167.8289	4.151733	2.02912
9192	-1356.203	-1524.537	168.3338	2.987254	2.453942
9198	-1364.349	-1532.79	168.4405	3.166952	2.272344
9204	-1363.062	-1531.4	168.3376	3.204802	2.313902
9210	-1360.919	-1529.605	168.6859	3.452876	1.923267
9216	-1362.272	-1530.018	167.7456	4.249096	2.019771
9222	-1375.005	-1543.085	168.0808	4.195653	1.829414
9228	-1374.56	-1542.091	167.5305	5.000098	1.651021
9234	-1363.601	-1530.961	167.3603	5.368194	1.506188
9240	-1360.207	-1527.744	167.5376	5.148867	1.537468
9246	-1365.111	-1532.921	167.8101	4.876404	1.537468
9252	-1374.985	-1542.895	167.9109	4.268213	1.895962
9258	-1373.484	-1541.337	167.8529	4.326215	1.895962
9264	-1366.693	-1534.961	168.2683	4.021742	1.820066
9270	-1365.019	-1533.004	167.9846	3.939262	2.066678
9276	-1364.762	-1532.984	168.2222	4.054191	1.829462
9282	-1357.211	-1525.528	168.3165	3.955451	1.832506
9288	-1357.854	-1526.048	168.1932	3.792553	2.025707
9294	-1353.415	-1521.806	168.3914	3.792553	1.892686
9300	-1353.733	-1521.798	168.0645	4.119407	1.892686
9306	-1360.073	-1528.314	168.2409	3.936385	1.897158
9312	-1369.301	-1537.48	168.1785	4.218944	1.745429
9318	-1373.411	-1541.304	167.8931	4.803204	1.530217
9324	-1380.616	-1548.255	167.639	4.803204	1.713931
9330	-1368.527	-1536.281	167.7541	4.941363	1.530843
9336	-1372.388	-1539.959	167.5708	4.975669	1.639612
9342	-1361.407	-1529.404	167.9967	4.549818	1.639612
9348	-1370.013	-1538.042	168.0287	4.119874	1.916662
9354	-1370.608	-1538.511	167.9024	3.857017	2.174296
9360	-1368.413	-1536.63	168.2173	4.155897	1.762378
9366	-1367.302	-1535.451	168.1495	3.868304	2.004448
9372	-1369.092	-1537.029	167.9379	4.249708	1.890196
9378	-1366.098	-1534.249	168.1514	4.249708	1.742817
9384	-1375.775	-1543.439	167.6638	4.249708	2.073512
9390	-1371.511	-1539.234	167.7231	3.986501	2.206552
9396	-1361.961	-1530.474	168.5126	3.817738	1.792165
9402	-1379.435	-1546.79	167.3547	5.45297	1.446289
9408	-1375.147	-1542.368	167.2209	5.344162	1.62627
9414	-1371.163	-1539.137	167.9739	4.381149	1.775002
9420	-1368.643	-1536.656	168.0138	4.393025	1.738854
9426	-1365	-1532.732	167.7317	4.572672	1.810152
9432	-1373.396	-1541.102	167.7063	4.663323	1.764836
9438	-1363.992	-1532.05	168.0579	4.06845	1.931666
9444	-1365.645	-1533.373	167.7274	3.724276	2.371567
9450	-1360.623	-1528.681	168.0575	3.426109	2.351345
9456	-1362.72	-1531.163	168.4437	3.648835	1.954414
9462	-1357.964	-1525.998	168.034	3.857734	2.087844
9468	-1368.241	-1536.468	168.2263	3.577946	2.145091
9474	-1360.042	-1527.524	167.4823	4.847723	1.792428
9480	-1355.512	-1523.511	167.9986	4.426141	1.726223
9486	-1364.964	-1532.137	167.1735	5.474356	1.565956
9492	-1355.389	-1522.665	167.2755	5.529973	1.447972
9498	-1362.05	-1529.559	167.5087	5.097114	1.596708
9504	-1365.461	-1532.877	167.4157	5.133937	1.637385
9510	-1351.222	-1518.64	167.418	5.270471	1.535967
9516	-1348.64	-1516.561	167.921	4.41071	1.791206
9522	-1349.844	-1518.028	168.1844	4.147327	1.791206
9528	-1349.917	-1517.644	167.7265	4.438986	1.905191
9534	-1360.878	-1528.389	167.5109	5.212925	1.509664
9540	-1362.242	-1529.665	167.4228	5.310942	1.502241
9546	-1362.185	-1529.535	167.35	5.073997	1.726789
9552	-1362.685	-1530.877	168.1915	4.132698	1.796432
9558	-1353.379	-1521.442	168.063	4.261204	1.796432
9564	-1371.276	-1539.452	168.1764	4.325952	1.671228
9570	-1360.701	-1528.08	167.3792	5.123203	1.671228
9576	-1361.208	-1528.626	167.4172	5.288006	1.523583
9582	-1355.723	-1523.601	167.8781	4.804996	1.540011
9588	-1351.659	-1519.644	167.9843	4.762093	1.492754
9594	-1350.738	-1518.754	168.0161	4.368822	1.754149
9600	-1352.655	-1520.594	167.939	4.526593	1.697419
9606	-1353.111	-1521.257	168.1459	4.108118	1.844798
9612	-1351.694	-1519.648	167.9539	4.114617	1.970554
9618	-1356.678	-1525.19	168.5121	3.441275	2.047214
9624	-1367.119	-1535.443	168.3237	4.044468	1.765875
9630	-1367.163	-1535.244	168.0809	4.340249	1.728804
9636	-1382.963	-1551.061	168.0979	3.9358	1.993825
9642	-1376.625	-1543.752	167.1272	5.665391	1.457779
9648	-1366.429	-1533.499	167.0701	5.665391	1.500908
9654	-1375.741	-1543.563	167.822	4.912571	1.501596
9660	-1362.566	-1530.169	167.6035	4.912571	1.661457
9666	-1359.36	-1527.186	167.8263	4.730006	1.632548
9672	-1370.531	-1538.358	167.8263	4.730006	1.632548
9678	-1353.357	-1521.261	167.904	4.652286	1.632548
9684	-1350.391	-1518.15	167.7585	4.802141	1.629416
9690	-1350.999	-1518.332	167.3326	5.40983	1.495763
9696	-1349.521	-1516.921	167.3998	5.49403	1.379672
9702	-1364.572	-1531.902	167.33	5.49403	1.433776
9708	-1365.449	-1533.083	167.6341	5.153334	1.461712
9714	-1365.081	-1532.511	167.4301	5.462141	1.380921
9720	-1371.622	-1538.797	167.175	5.781883	1.32965
9726	-1371.753	-1539.621	167.8682	5.088735	1.32965
9732	-1367.159	-1534.782	167.6222	4.879824	1.671459
9738	-1365.531	-1533.145	167.6149	4.875439	1.679829
9744	-1364.177	-1531.668	167.4911	5.25563	1.492521
9750	-1371.131	-1538.872	167.7404	4.65305	1.7482
9756	-1361.617	-1529.609	167.9925	4.400962	1.7482
9762	-1368.399	-1535.908	167.5089	4.767372	1.829509
9768	-1362.644	-1530.86	168.2164	4.060247	1.829266
9774	-1366.772	-1534.576	167.8042	4.716045	1.658441
9780	-1370.866	-1538.105	167.2386	5.180705	1.730056
9786	-1379.516	-1547.185	167.6688	4.384971	1.980392
9792	-1373.86	-1541.284	167.4245	5.105157	1.651695
9798	-1365.633	-1533.458	167.8257	4.884706	1.519729
9804	-1370.451	-1538.262	167.8108	4.684663	1.67614
9810	-1384.43	-1551.953	167.5229	5.054124	1.617597
9816	-1371.789	-1539.094	167.3042	5.202252	1.668304
9822	-1369.906	-1537.838	167.9323	4.711374	1.569031
9828	-1367.829	-1535.51	167.6808	5.035982	1.51495
9834	-1362.943	-1530.437	167.4942	5.105222	1.60138
9840	-1360.38	-1527.845	167.4659	5.275313	1.496679
9846	-1351.2	-1518.819	167.6196	5.005355	1.58277
9852	-1352.066	-1520.077	168.0114	4.613554	1.58277
9858	-1372.797	-1541.111	168.3135	4.656969	1.318781
9864	-1364.001	-1532.141	168.1396	4.406115	1.640203
9870	-1356.802	-1524.723	167.9209	4.332041	1.845534
9876	-1352.162	-1520.047	167.8851	4.439217	1.79634
9882	-1361.893	-1530.022	168.1289	3.989323	1.937123
9888	-1361.754	-1529.756	168.0017	3.989323	2.022204
9894	-1375.697	-1543.844	168.1473	4.143369	1.819605
9900	-1365.823	-1533.815	167.9926	4.214272	1.87703
9906	-1368.425	-1536.047	167.6219	4.726581	1.779587
9912	-1356.522	-1524.803	168.2802	4.068283	1.779587
9918	-1366.307	-1534.551	168.2437	4.068283	1.804912
9924	-1362.093	-1530.252	168.1586	4.001597	1.908769
9930	-1355.745	-1523.609	167.8639	4.477168	1.784761
9936	-1364.053	-1531.879	167.8258	4.561332	1.752656
9942	-1348.18	-1516.162	167.9819	4.439101	1.728892
9948	-1361.76	-1529.723	167.9633	4.245199	1.875942
9954	-1347.763	-1515.873	168.1102	4.146998	1.842673
9960	-1353.54	-1521.336	167.7962	4.402532	1.882602
9966	-1370.478	-1538.124	167.6464	5.082129	1.506163
9972	-1375.404	-1542.756	167.3519	5.376631	1.506163
9978	-1375.385	-1543.356	167.9706	4.61428	1.611936
9984	-1374.184	-1542.423	168.2391	4.048381	1.821797
9990	-1375.044	-1542.758	167.7146	4.688397	1.74153
9996	-1376.062	-1543.82	167.7573	4.669421	1.724823
10002	-1369.345	-1536.987	167.6425	4.781253	1.726924
10008	-1379.423	-1547.016	167.5925	4.477107	1.969783
10014	-1377.173	-1544.741	167.5687	4.8436	1.734964
10020	-1371.246	-1538.496	167.2497	5.470377	1.512479
10026	-1369.737	-1536.987	167.2497	5.470377	1.512479
10032	-1358.43	-1525.607	167.1777	5.686934	1.402426
10038	-1359.718	-1527.413	167.6942	5.142811	1.423788
10044	-1358.92	-1526.575	167.6556	5.142811	1.453355
10050	-1363.742	-1530.938	167.1965	5.38385	1.615204
10056	-1369.453	-1537.633	168.18	4.400307	1.615204
10062	-1372.961	-1540.072	167.1111	5.741183	1.412019
10068	-1377.257	-1544.388	167.1307	5.495667	1.581735
10074	-1371.238	-1539.266	168.0285	4.266071	1.81693
10080	-1368.369	-1536.07	167.7012	4.847692	1.637878
10086	-1359.482	-1527.164	167.6821	4.847692	1.651641
10092	-1366.25	-1533.855	167.6042	4.752098	1.774141
10098	-1366.484	-1534.565	168.0805	4.315625	1.746325
10104	-1365.166	-1533.09	167.9248	4.143864	1.970411
10110	-1369.898	-1537.964	168.066	4.21671	1.82513
10116	-1371.4	-1539.264	167.864	4.125801	2.02304
10122	-1371.905	-1539.765	167.8601	4.353346	1.872588
10128	-1368.01	-1536.167	168.1575	4.246312	1.74096
10134	-1365.387	-1533.589	168.2015	3.898669	1.949288
10140	-1364.41	-1532.438	168.028	3.986146	2.006869
10146	-1365.298	-1533.368	168.0705	4.184063	1.844423
10152	-1370.789	-1538.919	168.1302	3.768016	2.08355
10158	-1363.267	-1531.495	168.228	4.205172	1.720289
10164	-1358.645	-1526.784	168.1389	4.107279	1.850227
10170	-1355.528	-1523.769	168.2417	3.920833	1.907212
10176	-1367.084	-1535.326	168.2417	3.920833	1.907212
10182	-1359.601	-1527.941	168.3406	4.088124	1.723406
10188	-1368.247	-1536.336	168.0885	4.087949	1.897723
10194	-1366.907	-1535.018	168.1108	4.210193	1.798674
10200	-1363.048	-1531.239	168.1913	4.210193	1.742572
10206	-1364.023	-1531.176	167.1527	5.39563	1.638332
10212	-1357.392	-1525.031	167.6386	5.162497	1.451345
10218	-1363.215	-1530.179	166.9632	5.891766	1.409907
10224	-1356.073	-1523.662	167.5891	5.246253	1.425061
10230	-1354.904	-1522.257	167.3527	5.574877	1.353036
10236	-1361.577	-1528.856	167.2785	5.519337	1.453805
10242	-1354.347	-1521.836	167.4892	5.519337	1.287846
10248	-1365.146	-1531.915	166.7689	6.202644	1.317844
10254	-1367.845	-1535.047	167.2021	5.519597	1.511264
10260	-1376.482	-1544.157	167.6747	4.989131	1.554199
10266	-1362.125	-1529.582	167.4575	5.213639	1.548843
10272	-1368.752	-1536.581	167.8286	4.804946	1.57646
10278	-1372.11	-1539.949	167.8386	4.287468	1.931821
10284	-1371.312	-1538.832	167.5195	4.680911	1.881476
10290	-1379.066	-1546.478	167.4121	5.010358	1.727882
10296	-1365.403	-1532.979	167.5768	5.106994	1.539482
10302	-1359.145	-1526.626	167.4809	5.193045	1.546715
10308	-1365.806	-1533.445	167.6391	4.809228	1.709621
10314	-1380.475	-1548.007	167.5324	5.081624	1.590695
10320	-1360.452	-1527.937	167.4853	5.081624	1.624917
10326	-1357.393	-1525.342	167.9489	4.547578	1.675474
10332	-1361.332	-1529.325	167.9933	4.503141	1.675474
10338	-1360.453	-1528.593	168.1406	4.080592	1.867266
10344	-1368.356	-1536.673	168.3168	3.911378	1.862504
10350	-1359.856	-1528.054	168.1984	3.911378	1.942813
10356	-1365.594	-1533.969	168.3753	3.79447	1.902301
10362	-1360.489	-1528.571	168.0824	3.79447	2.097622
10368	-1364.523	-1532.493	167.9705	4.195191	1.905039
10374	-1370.576	-1538.534	167.9579	4.34649	1.810117
10380	-1371.241	-1538.59	167.3491	5.416841	1.477994
10386	-1376.495	-1543.951	167.456	5.447381	1.372105
10392	-1362.712	-1529.849	167.1362	5.897757	1.267002
10398	-1359.808	-1526.921	167.1134	5.749513	1.403758
10404	-1364.005	-1531.101	167.0956	5.826103	1.357685
10410	-1364.99	-1532.542	167.5521	5.108705	1.556451
10416	-1364.104	-1531.995	167.8904	4.918558	1.445308
10422	-1367.92	-1535.178	167.2581	5.471437	1.505417
10428	-1356.079	-1523.644	167.5655	4.990787	1.6326
10434	-1360.911	-1528.614	167.7035	5.028017	1.503947
10440	-1352.063	-1520.102	168.0385	4.350786	1.751157
10446	-1355.705	-1523.778	168.0724	3.802348	2.099012
10452	-1357.941	-1526.064	168.1235	3.922473	1.985622
10458	-1368.687	-1536.285	167.5978	4.594028	1.887289
10464	-1368.173	-1536.736	168.563	4.05961	1.584487
10470	-1364.706	-1532.303	167.5968	4.784695	1.756563
10476	-1368.588	-1536.657	168.0699	3.822595	2.08737
10482	-1383.321	-1550.426	167.1052	4.787241	2.08737
10488	-1357.746	-1525.41	167.6641	4.549025	1.872779
10494	-1362.87	-1530.598	167.7273	5.180719	1.368455
10500	-1363.729	-1530.766	167.037	5.781859	1.437758
10506	-1363.299	-1530.993	167.6941	4.623242	1.80119
10512	-1354	-1522.04	168.0398	4.623242	1.5548
10518	-1352.19	-1519.608	167.4184	5.244663	1.5548
10524	-1349.812	-1517.708	167.896	4.74877	1.568257
10530	-1353.934	-1521.574	167.6403	4.74877	1.75125
10536	-1361.954	-1530.098	168.1437	4.2481	1.749393
10542	-1371.989	-1540.292	168.3027	3.54972	2.113623
10548	-1380.27	-1548.9	168.6298	3.336992	2.038307
10554	-1365.591	-1533.627	168.0355	3.497442	2.319928
10560	-1359.773	-1528.384	168.6109	3.523336	1.926352
10566	-1359.601	-1527.419	167.8183	4.223562	1.988389
10572	-1379.23	-1547.091	167.8613	4.10292	2.040024
10578	-1362.396	-1530.199	167.8031	3.932617	2.189666
10584	-1364.125	-1531.827	167.702	4.675233	1.759562
10590	-1356.84	-1524.991	168.1513	3.947699	1.950046
10596	-1377.717	-1546.095	168.3782	3.94967	1.79393
10602	-1371.115	-1538.028	166.9134	5.92864	1.419932
10608	-1376.405	-1543.522	167.1169	5.887163	1.291523
10614	-1361.494	-1529.053	167.5592	4.820825	1.75758
10620	-1361.126	-1529.119	167.9926	4.383279	1.76052
10626	-1350.106	-1518.029	167.9232	4.342064	1.837129
10632	-1350.881	-1519.156	168.2752	3.90869	1.892715
10638	-1356.307	-1524.465	168.1582	3.917106	1.965974
10644	-1367.548	-1535.611	168.0634	3.650936	2.203527
10650	-1363.727	-1532.012	168.2856	3.060668	2.438151
10656	-1361.485	-1530.31	168.8252	3.078718	2.079821
10662	-1355.803	-1523.757	167.954	4.609518	1.627332
10668	-1360.924	-1528.868	167.9445	4.582967	1.65326
10674	-1353.447	-1521.459	168.0118	4.446776	1.702373
10680	-1345.949	-1513.706	167.757	4.446776	1.879147
10686	-1356.246	-1524.202	167.9565	4.321964	1.828022
10692	-1355.97	-1523.922	167.9525	4.805681	1.483917
10698	-1357.883	-1526.284	168.4016	3.936141	1.787066
10704	-1353.742	-1522.168	168.4254	4.286395	1.518624
10710	-1361.541	-1529.382	167.8414	4.70374	1.640584
10716	-1366.51	-1534.642	168.132	4.557021	1.535564
10722	-1368.724	-1536.541	167.8172	4.81859	1.574814
10728	-1369.948	-1537.71	167.7618	4.872327	1.576062
10734	-1374.711	-1541.959	167.248	5.410698	1.558003
10740	-1363.761	-1531.789	168.0285	4.570881	1.601395
10746	-1361.387	-1529.233	167.8463	4.424568	1.833236
10752	-1361.937	-1529.254	167.3173	4.986225	1.810729
10758	-1357.269	-1525.063	167.7944	4.904129	1.528543
10764	-1347.353	-1515.178	167.8252	4.664492	1.680299
10770	-1349.755	-1517.296	167.5405	4.997502	1.645737
10776	-1362.579	-1529.853	167.2741	5.390079	1.553971
10782	-1368.879	-1536.613	167.735	4.9292	1.553971
10788	-1365.641	-1533.466	167.8241	4.595073	1.730193
10794	-1367.495	-1535.626	168.1305	4.28865	1.730193
10800	-1367.974	-1535.99	168.0161	4.297443	1.803808
10806	-1371.417	-1539.433	168.0161	4.297443	1.803808
10812	-1372.902	-1540.422	167.5201	4.960817	1.686527
10818	-1380.942	-1548.727	167.7843	4.928193	1.518127
10824	-1366.438	-1533.893	167.4546	5.070832	1.654745
10830	-1370.836	-1538.646	167.8109	4.581348	1.749053
10836	-1374.953	-1543.406	168.4525	4.000706	1.70615
10842	-1375.323	-1543.347	168.0242	4.57666	1.6003
10848	-1364.323	-1532.369	168.0464	4.526694	1.620433
10854	-1370.602	-1538.491	167.8892	4.341283	1.86092
10860	-1366.88	-1534.787	167.907	4.485927	1.748592
10866	-1365.337	-1533.34	168.0036	4.451983	1.704491
10872	-1368.077	-1536.312	168.2357	3.967469	1.879599
10878	-1374.644	-1542.709	168.0652	4.137912	1.879599
10884	-1360.394	-1528.659	168.2654	3.9377	1.879599
10890	-1375.058	-1542.616	167.5587	5.063577	1.584699
10896	-1363.591	-1531.479	167.8878	4.583613	1.693246
10902	-1366.448	-1534.236	167.7871	4.536346	1.796983
10908	-1368.741	-1536.435	167.6947	4.917148	1.592311
10914	-1359.46	-1527.53	168.0696	4.449323	1.659418
10920	-1366.703	-1534.913	168.2095	4.094133	1.810665
10926	-1365.626	-1533.694	168.0679	4.370858	1.716336
10932	-1362.601	-1530.883	168.2817	4.157061	1.716336
10938	-1371.457	-1539.68	168.2234	3.944333	1.903685
10944	-1362.684	-1531.171	168.487	3.703604	1.888119
10950	-1365.648	-1533.319	167.6704	3.638058	2.461878
10956	-1381.379	-1549.108	167.7285	4.134022	2.107017
10962	-1367.504	-1535.593	168.0893	3.923192	2.007934
10968	-1365.056	-1532.924	167.8679	4.292511	1.908633
10974	-1370.497	-1539.104	168.6076	3.308499	2.07181
10980	-1365.188	-1533.204	168.0165	3.49217	2.335398
10986	-1363.506	-1531.659	168.1528	4.052136	1.878392
10992	-1360.172	-1528.615	168.4433	3.975343	1.730561
10998	-1366.033	-1533.491	167.458	4.929424	1.752397
11004	-1360.643	-1528.93	168.2872	3.997034	1.824058
11010	-1361.987	-1529.439	167.4528	4.727257	1.895297
11016	-1364.35	-1532.107	167.7569	4.727257	1.684194
11022	-1353.226	-1520.501	167.275	5.203619	1.688148
11028	-1354.775	-1522.004	167.2294	5.19941	1.723352
11034	-1358.815	-1526.729	167.9133	4.187724	1.948716
11040	-1376.746	-1544.96	168.2132	3.855982	1.970103
11046	-1369.122	-1536.824	167.7017	4.45558	1.910755
11052	-1354.364	-1522.273	167.9087	4.626798	1.64751
11058	-1362.601	-1530.029	167.4277	5.028051	1.704343
11064	-1357.12	-1524.516	167.3964	5.395543	1.458286
11070	-1373.344	-1540.389	167.0447	5.928376	1.316638
11076	-1369.691	-1536.526	166.8353	6.051587	1.385057
11082	-1371.096	-1538.009	166.9124	5.75282	1.553152
11088	-1369.334	-1536.434	167.0995	5.52354	1.584175
11094	-1366.009	-1533.729	167.7198	4.493543	1.872669
11100	-1373.68	-1541.754	168.0732	3.547965	2.263497
11106	-1373.817	-1541.922	168.1047	3.51645	2.263497
11112	-1363.489	-1531.724	168.2346	3.51645	2.17973
11118	-1358.444	-1527.004	168.5601	3.80414	1.768635
11124	-1365.545	-1534.253	168.7079	3.151292	2.109188
11130	-1347.02	-1515.251	168.2307	3.738423	2.03675
11136	-1363.408	-1531.618	168.2107	4.030796	1.853393
11142	-1358.237	-1525.424	167.1869	5.420763	1.59536
11148	-1352.171	-1519.944	167.7722	4.54285	1.802775
11154	-1363.649	-1531.144	167.4949	5.043639	1.645335
11160	-1365.222	-1532.564	167.3411	5.453342	1.456407
11166	-1369.058	-1536.273	167.2158	5.517087	1.502882
11172	-1362.039	-1529.222	167.1828	5.550069	1.502882
11178	-1359.446	-1526.882	167.4358	5.343195	1.468151
11184	-1363.594	-1530.617	167.0233	5.734665	1.484043
11190	-1374.241	-1541.755	167.5143	5.156647	1.548924
11196	-1358.55	-1525.726	167.1757	5.7275	1.372301
11202	-1367.863	-1534.69	166.8278	5.920068	1.491631
11208	-1368.263	-1534.345	166.0827	6.838627	1.357942
11214	-1360.258	-1527.475	167.2172	5.245725	1.699287
11220	-1365.343	-1533.194	167.8507	4.398041	1.848415
11226	-1371.134	-1538.566	167.4324	4.650395	1.960963
11232	-1362.576	-1530.708	168.1322	4.479369	1.592516
11238	-1362.817	-1530.677	167.8595	4.7867	1.567169
11244	-1374.001	-1541.344	167.3433	5.328045	1.548642
11250	-1381.542	-1550.035	168.4921	4.055092	1.639149
11256	-1371.344	-1539.759	168.4152	3.46409	2.095999
11262	-1372.39	-1540.599	168.2093	4.035713	1.850984
11268	-1364.722	-1532.801	168.0783	4.271867	1.778437
11274	-1362.938	-1531.068	168.1296	4.271867	1.742601
11280	-1367.534	-1535.6	168.066	4.009212	1.966019
11286	-1364.309	-1531.889	167.5798	4.880311	1.701305
11292	-1362.133	-1530.022	167.8884	4.812975	1.526414
11298	-1364.328	-1532.073	167.7447	4.900605	1.567859
11304	-1368.265	-1536.231	167.966	4.793688	1.482727
11310	-1366.39	-1534.432	168.0422	4.779434	1.435595
11316	-1368.096	-1535.276	167.1795	5.544069	1.509861
11322	-1372.128	-1540.121	167.9935	4.52774	1.657725
11328	-1368.564	-1536.502	167.9381	4.52774	1.697245
11334	-1363.497	-1531.572	168.0744	4.297951	1.762983
11340	-1373.686	-1541.413	167.7264	4.491249	1.869729
11346	-1365.996	-1533.803	167.8078	4.429487	1.856287
11352	-1366.005	-1533.948	167.9431	4.560203	1.670568
11358	-1357.336	-1525.182	167.8459	4.560203	1.739376
11364	-1365.06	-1532.836	167.7761	4.430704	1.877088
11370	-1362.291	-1530.519	168.2282	4.197223	1.725754
11376	-1362.15	-1530.023	167.8736	4.559113	1.720649
11382	-1350.968	-1518.408	167.4406	5.130638	1.621774
11388	-1366.484	-1534.208	167.7243	4.80158	1.654438
11394	-1356.242	-1523.852	167.6098	4.810461	1.729379
11400	-1355.187	-1522.724	167.5368	4.879022	1.732547
11406	-1355.222	-1522.843	167.621	4.794818	1.732547
11412	-1364.455	-1532.073	167.6176	5.047608	1.553166
11418	-1373.249	-1539.907	166.658	6.150475	1.445701
11424	-1350.471	-1518.289	167.8174	4.434478	1.846261
11430	-1352.574	-1521.257	168.6834	3.842563	1.654336
11436	-1353.633	-1521.75	168.1169	4.335857	1.706459
11442	-1363.426	-1531.092	167.6653	4.616884	1.825484
11448	-1361.405	-1529.421	168.0163	4.495401	1.664556
11454	-1365.123	-1532.849	167.7257	4.786034	1.664556
11460	-1376.124	-1543.438	167.3138	5.619343	1.348572
11466	-1355.02	-1522.618	167.5977	5.101262	1.528218
11472	-1357.589	-1524.732	167.1434	5.576337	1.512717
11478	-1356.078	-1523.943	167.8648	4.779163	1.568829
11484	-1373.426	-1541.184	167.7581	4.776094	1.648455
11490	-1365.778	-1533.522	167.7447	5.038069	1.465291
11496	-1362.829	-1530.151	167.3222	5.476291	1.453354
11502	-1365.879	-1533.397	167.5181	5.074461	1.606331
11508	-1374.951	-1542.759	167.8081	4.784496	1.606331
11514	-1363.82	-1531.741	167.9215	4.704399	1.582083
11520	-1355.4	-1522.897	167.4974	5.241051	1.498701
11526	-1361.2	-1528.55	167.3505	5.261398	1.592259
11532	-1357.419	-1525.108	167.6896	4.991357	1.541585
11538	-1364.005	-1530.894	166.8892	5.868792	1.484005
11544	-1366.934	-1533.987	167.0535	5.704499	1.484005
11550	-1366.598	-1533.954	167.356	5.160427	1.661184
11556	-1355.828	-1524.102	168.2742	4.339897	1.590642
11562	-1359.076	-1527.02	167.9432	4.278349	1.867065
11568	-1359.57	-1527.442	167.872	4.427658	1.813433
11574	-1362.802	-1531.028	168.2264	4.0336	1.840693
11580	-1365.835	-1533.635	167.7996	4.305173	1.946214
11586	-1373.634	-1541.783	168.149	4.377075	1.654305
11592	-1373.073	-1540.439	167.366	5.162457	1.652559
11598	-1378.901	-1546.062	167.1615	5.62971	1.458855
11604	-1364.5	-1531.648	167.1484	5.686981	1.425041
11610	-1361.298	-1529.323	168.0246	4.376733	1.742671
11616	-1366.653	-1534.484	167.8309	4.512217	1.783293
11622	-1372.659	-1540.68	168.0209	4.462069	1.685086
11628	-1370.317	-1538.265	167.9485	4.293653	1.852981
11634	-1364.001	-1532.004	168.0029	4.123834	1.93142
11640	-1373.459	-1541.4	167.9415	4.125519	1.971521
11646	-1368.019	-1535.568	167.5486	4.759691	1.80745
11652	-1360.457	-1528.266	167.809	4.498859	1.807744
11658	-1365.784	-1533.602	167.8182	4.498859	1.801367
11664	-1373.459	-1541.447	167.9877	4.498859	1.682487
11670	-1366.803	-1534.314	167.5112	5.104305	1.589667
11676	-1362.726	-1529.923	167.1969	5.189455	1.753144
11682	-1365.198	-1532.721	167.5233	5.223547	1.492433
11688	-1357.164	-1524.934	167.7698	4.977069	1.492433
11694	-1359.166	-1526.951	167.7853	4.961481	1.492433
11700	-1369.378	-1536.526	167.1479	5.056339	1.878867
11706	-1354.344	-1522.623	168.2789	4.270332	1.63768
11712	-1356.514	-1524.124	167.6101	4.875778	1.68298
11718	-1368.843	-1536.997	168.1534	4.475941	1.579501
11724	-1358.212	-1525.684	167.4727	5.094832	1.62443
11730	-1373.269	-1540.629	167.36	5.310557	1.549211
11736	-1366.358	-1533.899	167.5412	5.28235	1.434123
11742	-1373.5	-1541.287	167.7872	4.703378	1.67967
11748	-1369.747	-1537.334	167.5872	5.144654	1.503699
11754	-1364.126	-1531.833	167.7076	4.926477	1.576077
11760	-1356.763	-1524.569	167.8068	4.730975	1.645886
11766	-1370.355	-1538.071	167.7154	4.730975	1.710969
11772	-1368.714	-1536.839	168.1253	4.145361	1.833428
11778	-1369.438	-1537.635	168.197	4.114214	1.805448
11784	-1373.097	-1540.37	167.2727	5.193949	1.696661
11790	-1375.48	-1543.318	167.8379	4.503469	1.784519
11796	-1367.48	-1535.387	167.9069	4.606007	1.663683
11802	-1358.277	-1525.76	167.4832	5.296665	1.467496
11808	-1358.645	-1526.177	167.5316	5.386399	1.360625
11814	-1360.377	-1528.001	167.6249	5.207494	1.427375
11820	-1365.173	-1532.869	167.6953	4.94021	1.575057
11826	-1343.169	-1511.01	167.8405	4.697474	1.645727
11832	-1346.419	-1514.618	168.1986	4.001306	1.88179
11838	-1344.644	-1512.845	168.2012	4.228908	1.722438
11844	-1348.724	-1516.54	167.8164	4.792232	1.594632
11850	-1365.149	-1532.773	167.624	5.032697	1.559476
11856	-1374.868	-1542.262	167.3936	5.209199	1.598889
11862	-1378.253	-1546.406	168.1532	4.47414	1.581032
11868	-1364.826	-1532.92	168.0943	4.311058	1.739863
11874	-1372.57	-1540.636	168.0657	4.311058	1.759887
11880	-1376.464	-1544.872	168.4084	3.661864	1.969366
11886	-1371.839	-1539.88	168.0411	3.911549	2.047638
11892	-1358.623	-1527.029	168.4064	3.48152	2.090339
11898	-1363.308	-1531.663	168.3555	3.532418	2.090339
11904	-1373.798	-1542.027	168.2282	4.0602	1.821196
11910	-1364.938	-1533.27	168.3316	3.873185	1.878504
11916	-1368.12	-1536.477	168.3575	3.715578	1.967467
11922	-1367.779	-1535.575	167.7956	4.529365	1.795902
11928	-1366.176	-1533.775	167.5985	4.529365	1.93065
11934	-1372.525	-1540.275	167.7506	4.836421	1.61035
11940	-1364.808	-1532.583	167.7741	4.75026	1.655486
11946	-1352.275	-1519.9	167.6257	4.605718	1.860289
11952	-1360.198	-1528.103	167.9048	4.326626	1.860289
11958	-1364.646	-1532.693	168.0475	3.799772	2.116988
11964	-1367.756	-1535.775	168.0183	3.805022	2.132676
11970	-1370.883	-1539.187	168.3044	3.011986	2.456925
11976	-1367.036	-1535.409	168.3728	3.077777	2.372287
11982	-1374.092	-1542.393	168.3009	3.623041	2.066635
11988	-1364.432	-1532.362	167.9301	4.36993	1.813168
11994	-1357.491	-1525.114	167.6224	4.57013	1.886812
12000	-1355.736	-1523.807	168.0713	4.280344	1.777399
12006	-1362.839	-1530.896	168.0563	4.256213	1.804523
12012	-1369.596	-1537.295	167.6989	4.593591	1.818367
12018	-1364.018	-1531.716	167.6989	4.593591	1.818367
12024	-1348.32	-1516.15	167.8303	4.050831	2.094797
12030	-1353.544	-1521.534	167.9893	4.192472	1.894151
12036	-1364.761	-1532.593	167.8321	4.841887	1.546697
12042	-1366.938	-1534.613	167.6751	4.871969	1.639213
12048	-1354.883	-1523.287	168.4043	4.0257	1.722565
12054	-1356.665	-1524.854	168.1884	3.701535	2.089029
12060	-1362	-1530.111	168.1113	3.982197	1.953796
12066	-1364.342	-1532.457	168.1156	4.177717	1.817784
12072	-1358.008	-1526.564	168.5561	3.515179	1.968682
12078	-1372.065	-1539.133	167.0683	5.545721	1.590711
12084	-1360.654	-1527.713	167.0585	5.91662	1.314967
12090	-1355.859	-1523.584	167.7248	5.228081	1.332828
12096	-1356.146	-1524.481	168.3342	3.872672	1.87708
12102	-1370.531	-1538.586	168.0553	4.151539	1.87708
12108	-1362.221	-1530.197	167.9759	4.279752	1.843683
12114	-1366.884	-1534.685	167.8006	4.455132	1.843683
12120	-1368.293	-1536.321	168.0276	3.99152	2.003537
12126	-1369.785	-1537.785	168.0007	4.049823	1.982597
12132	-1361.098	-1529.118	168.0195	4.300222	1.799537
12138	-1367.325	-1535.435	168.1101	4.178174	1.82126
12144	-1360.874	-1528.877	168.0033	4.173249	1.897661
12150	-1364.062	-1532.352	168.2897	4.194511	1.684148
12156	-1366.672	-1534.851	168.1798	4.399856	1.615669
12162	-1362.899	-1530.49	167.5911	4.600562	1.887388
12168	-1367.547	-1535.378	167.8305	4.698166	1.65245
12174	-1367.219	-1535.457	168.2389	4.042601	1.82592
12180	-1371.798	-1539.785	167.9876	3.895365	2.09361
12186	-1359.204	-1527.044	167.8405	4.391645	1.859779
12192	-1363.713	-1531.594	167.8818	4.573368	1.704746
12198	-1365.172	-1533.219	168.0473	4.080297	1.930831
12204	-1366.506	-1535.044	168.5378	3.285509	2.132694
12210	-1366.8	-1534.541	167.741	4.008768	2.180531
12216	-1361.455	-1529.661	168.2067	3.666618	2.099953
12222	-1365.956	-1534.126	168.1699	3.703372	2.099953
12228	-1378.105	-1546.278	168.1736	3.522071	2.215576
12234	-1365.516	-1533.417	167.901	3.82887	2.193433
12240	-1361.72	-1529.751	168.0307	3.632877	2.236251
12246	-1351.871	-1519.79	167.9192	3.80014	2.200264
12252	-1358.61	-1526.932	168.3216	4.062153	1.755025
12258	-1357.5	-1525.554	168.0543	4.062153	1.938336
12264	-1361.775	-1530.07	168.2944	4.074078	1.765649
12270	-1357.405	-1525.25	167.8459	4.147348	2.020748
12276	-1352.094	-1520.12	168.0264	3.81522	2.120712
12282	-1345.105	-1513.435	168.3295	3.487018	2.137108
12288	-1356.38	-1524.848	168.4687	3.928758	1.745385
12294	-1361.575	-1530.075	168.4997	3.959348	1.702001
12300	-1366.451	-1534.323	167.8722	4.586857	1.702001
12306	-1376.526	-1545.014	168.4884	3.77076	1.841306
12312	-1363.757	-1532.041	168.2838	4.063605	1.78031
12318	-1366.303	-1534.255	167.952	4.372378	1.796293
12324	-1366.683	-1534.797	168.1142	4.12218	1.856939
12330	-1373.791	-1542.252	168.4614	3.810785	1.832379
12336	-1379.946	-1547.791	167.8451	4.714921	1.629885
12342	-1372.604	-1540.488	167.8839	4.69913	1.613245
12348	-1379.088	-1546.701	167.6128	4.607696	1.867788
12354	-1386.593	-1554.214	167.6209	4.607696	1.862212
12360	-1362.052	-1529.418	167.3663	5.27067	1.573968
12366	-1381.623	-1548.987	167.3637	5.509828	1.395485
12372	-1376.986	-1543.512	166.5254	6.399634	1.355025
12378	-1368.563	-1535.287	166.7237	6.201369	1.355025
12384	-1365.117	-1532.033	166.9162	5.82827	1.494195
12390	-1359.964	-1527.379	167.4145	5.399943	1.441155
12396	-1361.085	-1528.518	167.4326	5.22122	1.561611
12402	-1374.079	-1541.662	167.5823	5.071432	1.561611
12408	-1375.022	-1543.147	168.1249	3.950574	1.965854
12414	-1366.422	-1534.646	168.2244	3.276021	2.340661
12420	-1368.2	-1536.396	168.1959	3.344906	2.314905
12426	-1366.646	-1534.646	168.0001	3.540788	2.314905
12432	-1364.503	-1532.873	168.3703	3.760164	1.928883
12438	-1353.38	-1521.126	167.7458	4.629453	1.760967
12444	-1358.871	-1526.775	167.9041	4.471112	1.760967
12450	-1352.939	-1520.829	167.8902	4.587122	1.689052
12456	-1348.636	-1516.678	168.0416	4.558037	1.601182
12462	-1349.519	-1517.13	167.6105	4.776245	1.752894
12468	-1357.215	-1525.011	167.7959	4.86916	1.553307
12474	-1359.147	-1527.185	168.0383	4.638517	1.544631
12480	-1362.571	-1530.223	167.6524	4.660256	1.804472
12486	-1367.259	-1534.839	167.5802	5.12212	1.525697
12492	-1361.666	-1528.863	167.1967	5.305069	1.671683
12498	-1378.106	-1545.831	167.7248	4.645939	1.764084
12504	-1378.741	-1546.295	167.5544	5.122241	1.544727
12510	-1368.421	-1535.742	167.3202	5.26888	1.608863
12516	-1358.435	-1525.923	167.4876	5.128903	1.588929
12522	-1365.267	-1532.874	167.6077	5.008776	1.588929
12528	-1353.301	-1521.122	167.8203	4.511039	1.791525
12534	-1377.463	-1545.39	167.9268	4.425546	1.776939
12540	-1365.337	-1533.395	168.0579	4.24217	1.81311
12546	-1354.598	-1522.837	168.2395	4.121619	1.770764
12552	-1363.327	-1531.158	167.8309	4.422198	1.845441
12558	-1351.78	-1519.911	168.1312	4.422198	1.634662
12564	-1350.439	-1518.407	167.9673	4.114787	1.961447
12570	-1355.864	-1523.817	167.9532	4.128849	1.961447
12576	-1373.265	-1540.971	167.7054	4.684247	1.750866
12582	-1357.684	-1525.413	167.7288	4.906915	1.574839
12588	-1359.35	-1527.082	167.7328	4.906915	1.571958
12594	-1368.95	-1536.425	167.4748	4.847042	1.798106
12600	-1377.675	-1545.588	167.9131	4.616105	1.652081
12606	-1362.206	-1530.185	167.9785	4.616105	1.604879
12612	-1360.724	-1528.472	167.7479	4.84668	1.604879
12618	-1363.662	-1531.709	168.0472	4.434405	1.686017
12624	-1361.759	-1529.848	168.0889	4.330797	1.729795
12630	-1367.017	-1535.18	168.1634	3.937016	1.949095
12636	-1369.555	-1537.302	167.7478	4.496548	1.85146
12642	-1382.705	-1550.104	167.3993	5.302343	1.526204
12648	-1380.41	-1547.55	167.1399	5.525279	1.553202
12654	-1377.052	-1544.664	167.6116	4.873106	1.683813
12660	-1375.613	-1543.507	167.8942	4.391672	1.822941
12666	-1371.843	-1540.01	168.1674	4.238026	1.739835
12672	-1367.94	-1536.06	168.1202	3.802456	2.06747
12678	-1380.848	-1548.35	167.5018	4.68057	1.893764
12684	-1370.189	-1537.952	167.7628	4.469512	1.859707
12690	-1386.971	-1555.051	168.0802	3.731734	2.140086
12696	-1383.136	-1551.05	167.9145	4.010948	2.065616
12702	-1383.808	-1551.379	167.5713	4.055023	2.260195
12708	-1374.787	-1543.168	168.3806	3.947511	1.793759
12714	-1362.101	-1530.218	168.1164	3.947511	1.973636
12720	-1371.425	-1539.534	168.1088	3.829791	2.056967
12726	-1360.365	-1528.361	167.9959	4.147888	1.91986
12732	-1365.186	-1533.038	167.852	4.651206	1.670611
12738	-1378.663	-1546.606	167.9435	4.559765	1.670611
12744	-1373.968	-1541.046	167.0779	5.665947	1.494671
12750	-1371.265	-1538.225	166.9598	6.007162	1.32155
12756	-1372.677	-1539.456	166.7791	5.904075	1.539934
12762	-1362.08	-1529.827	167.7474	4.900452	1.565982
12768	-1373.503	-1540.97	167.4672	4.900452	1.76627
12774	-1362.521	-1530.027	167.5061	5.184096	1.534745
12780	-1371.916	-1539.375	167.459	5.184096	1.569441
12786	-1363.597	-1531.249	167.6522	4.818314	1.693904
12792	-1353.129	-1520.842	167.7136	4.827924	1.643234
12798	-1356.422	-1524.17	167.7482	4.658437	1.739003
12804	-1361.388	-1529.043	167.6546	4.630575	1.823425
12810	-1360.357	-1528.285	167.9285	4.109123	1.991211
12816	-1368.958	-1537.045	168.0874	4.297174	1.754456
12822	-1353.253	-1520.986	167.7327	4.684055	1.731851
12828	-1354.855	-1522.397	167.5423	4.906045	1.709595
12834	-1361.086	-1528.378	167.2923	5.347581	1.571785
12840	-1354.96	-1522.692	167.7319	4.836218	1.624028
12846	-1361.943	-1529.823	167.8796	4.097885	2.031207
12852	-1362.092	-1529.976	167.8837	4.544505	1.723815
12858	-1367.408	-1535.457	168.0489	4.670249	1.513136
12864	-1367.107	-1535.257	168.1503	4.551313	1.52621
12870	-1362.95	-1531.132	168.1815	4.601353	1.465193
12876	-1358.733	-1526.226	167.4931	5.213396	1.522614
12882	-1365.779	-1532.948	167.1697	5.634938	1.448599
12888	-1368.02	-1535.735	167.7149	5.093116	1.446043
12894	-1373.972	-1541.549	167.5776	5.136899	1.516658
12900	-1370.294	-1537.759	167.4654	5.280078	1.493444
12906	-1368.631	-1536.068	167.4374	5.483963	1.357959
12912	-1372.303	-1539.651	167.3475	4.685437	1.994312
12918	-1364.092	-1532.19	168.098	4.142431	1.854166
12924	-1372.06	-1540.236	168.1755	4.142431	1.800767
12930	-1360.265	-1528.344	168.0793	4.105572	1.892033
12936	-1360.952	-1529.523	168.5714	3.541839	1.940476
12942	-1358.176	-1526.489	168.3132	4.328871	1.570225
12948	-1363.728	-1531.288	167.5602	5.01292	1.620406
12954	-1359.788	-1527.963	168.175	4.212045	1.752726
12960	-1354.971	-1522.213	167.2428	5.107018	1.77867
12966	-1361.761	-1529.54	167.7794	4.816527	1.603923
12972	-1362.744	-1530.141	167.3965	5.006329	1.741648
12978	-1356.046	-1524.172	168.1255	4.332216	1.702956
12984	-1353.834	-1521.909	168.0754	4.349685	1.725986
12990	-1353.323	-1521.197	167.8741	4.349685	1.865539
12996	-1356.366	-1524.478	168.1121	3.769276	2.094664
13002	-1370.937	-1539.244	168.3075	3.588775	2.084866
13008	-1368.733	-1537.144	168.4105	3.747872	1.91003
13014	-1369.683	-1538.274	168.5912	3.729939	1.798581
13020	-1369.431	-1537.713	168.282	4.172208	1.705483
13026	-1365.949	-1533.715	167.7659	4.704697	1.693848
13032	-1367.359	-1534.796	167.4374	5.073438	1.665205
13038	-1374.545	-1541.861	167.316	5.347314	1.554569
13044	-1362.894	-1529.829	166.935	5.691413	1.581673
13050	-1357.019	-1524.399	167.3806	5.354943	1.500938
13056	-1361.692	-1529.038	167.3459	5.354943	1.526785
13062	-1363.724	-1531.488	167.7639	4.971696	1.500833
13068	-1359.555	-1527.419	167.8632	4.542355	1.739724
13074	-1355.612	-1523.472	167.86	4.449488	1.80663
13080	-1373.074	-1541.005	167.9314	4.497318	1.723471
13086	-1366.55	-1534.871	168.3209	3.680869	2.015117
13092	-1361.295	-1529.055	167.7597	4.252453	2.008165
13098	-1359.329	-1526.911	167.582	5.049304	1.5781
13104	-1370.674	-1538.984	168.3105	4.433729	1.494354
13110	-1356.821	-1525.313	168.4923	3.918132	1.73632
13116	-1355.515	-1523.702	168.1865	3.634923	2.133875
13122	-1365.422	-1533.233	167.8113	4.358031	1.902582
13128	-1358.234	-1526.613	168.3793	3.751283	1.928781
13134	-1359.312	-1527.862	168.5498	3.824094	1.761857
13140	-1363.149	-1531.458	168.3091	3.827739	1.924601
13146	-1373.452	-1541.631	168.1794	3.957384	1.924601
13152	-1357.061	-1524.919	167.8587	4.567729	1.725087
13158	-1356.217	-1523.956	167.7392	4.75134	1.679698
13164	-1367.886	-1535.513	167.6271	4.75134	1.758696
13170	-1359.17	-1527.188	168.0178	4.267286	1.823463
13176	-1358.036	-1525.851	167.8152	4.634645	1.708528
13182	-1357.215	-1524.965	167.7502	4.639175	1.751035
13188	-1358.323	-1526.16	167.8376	4.639175	1.689433
13194	-1371.005	-1539.343	168.3382	4.105046	1.713168
13200	-1374.611	-1542.762	168.1506	4.105046	1.843733
13206	-1367.031	-1535.147	168.1159	3.922049	1.990958
13212	-1373.645	-1541.922	168.2765	3.920324	1.883911
13218	-1367.876	-1535.404	167.5279	5.089783	1.58805
13224	-1362.007	-1529.403	167.3966	5.289499	1.537762
13230	-1362.352	-1530.078	167.7257	4.777134	1.670908
13236	-1354.669	-1522.887	168.2181	4.129483	1.78022
13242	-1351.685	-1519.954	168.2697	4.09329	1.769511
13248	-1353.044	-1521.132	168.0876	4.525399	1.591475
13254	-1346.442	-1514.283	167.8406	4.877554	1.513905
13260	-1354.818	-1521.864	167.0462	5.960632	1.289299
13266	-1363.597	-1530.804	167.2065	5.631283	1.423236
13272	-1360.289	-1527.648	167.3588	5.478901	1.423236
13278	-1365.25	-1533.401	168.1512	4.440713	1.606795
13284	-1369.934	-1537.459	167.5253	4.663701	1.889253
13290	-1366.964	-1535.002	168.0384	4.096233	1.926081
13296	-1363.556	-1531.805	168.2495	4.064798	1.803337
13302	-1361.147	-1529.207	168.06	4.011525	1.968527
13308	-1365.105	-1532.857	167.7523	4.653739	1.739357
13314	-1368.411	-1536.559	168.1477	4.011167	1.909651
13320	-1368.021	-1536.076	168.0552	4.196631	1.846318
13326	-1383.16	-1551.154	167.9943	4.213618	1.876331
13332	-1390.673	-1558.345	167.6717	4.536222	1.876331
13338	-1368.907	-1537.087	168.1799	3.978304	1.910113
13344	-1376.67	-1544.507	167.8378	4.621223	1.70206
13350	-1372.319	-1540.428	168.1088	4.381634	1.679748
13356	-1359.549	-1527.366	167.8169	4.567253	1.754753
13362	-1368.382	-1536.343	167.9611	4.451567	1.734765
13368	-1357.364	-1525.229	167.8658	4.487539	1.776248
13374	-1370.633	-1538.752	168.1189	4.234347	1.776248
13380	-1369.166	-1537.292	168.1263	4.264213	1.750264
13386	-1368.738	-1537.038	168.3006	4.089921	1.750264
13392	-1373.049	-1541.054	168.0045	4.654801	1.557557
13398	-1365.878	-1533.762	167.8831	4.68045	1.627327
13404	-1378.138	-1545.975	167.8374	4.810753	1.565739
13410	-1378.287	-1545.685	167.3985	5.686497	1.224308
13416	-1372.926	-1540.26	167.334	5.784928	1.195391
13422	-1357.645	-1525.04	167.3947	5.172003	1.625077
13428	-1358.426	-1526.54	168.1144	4.037987	1.91407
13434	-1359.761	-1527.832	168.0718	4.405937	1.688748
13440	-1367.686	-1535.064	167.3781	5.184981	1.62771
13446	-1359.784	-1527.515	167.7302	4.837483	1.624354
13452	-1369.153	-1536.792	167.6391	4.846621	1.683065
13458	-1370.646	-1538.634	167.9872	4.344	1.79157
13464	-1364.082	-1532.095	168.0133	3.917413	2.062142
13470	-1358.945	-1527.077	168.1324	4.028255	1.908433
13476	-1360.42	-1527.995	167.5749	4.666255	1.853634
13482	-1371.411	-1539.727	168.3158	4.126447	1.713903
13488	-1352.549	-1520.674	168.1252	4.372243	1.67472
13494	-1366.242	-1533.862	167.6201	4.901786	1.657317
13500	-1373.861	-1541.887	168.026	4.48186	1.667314
13506	-1366.765	-1534.764	167.9992	4.481197	1.686881
13512	-1356.728	-1524.817	168.0887	4.476923	1.625808
13518	-1367.762	-1535.245	167.4827	4.691032	1.899599
13524	-1369.315	-1537.482	168.1671	4.051969	1.868771
13530	-1370.57	-1538.841	168.2704	4.15132	1.728338
13536	-1362.825	-1530.469	167.6435	4.863882	1.667645
13542	-1368.222	-1536.179	167.9564	4.633312	1.608426
13548	-1376.372	-1543.779	167.4067	5.287936	1.531394
13554	-1375.395	-1542.88	167.4843	5.287936	1.473241
13560	-1371.823	-1539.288	167.465	5.232077	1.52962
13566	-1349.473	-1517.322	167.8494	4.65329	1.671019
13572	-1354.347	-1522.142	167.7952	4.529545	1.796041
13578	-1371.376	-1539.626	168.2503	4.074473	1.796041
13584	-1363.734	-1531.707	167.973	4.550132	1.656374
13590	-1366.8	-1534.63	167.8301	4.656988	1.682101
13596	-1363.322	-1531.453	168.1307	4.185123	1.802259
13602	-1360.97	-1529.078	168.1079	4.024949	1.927273
13608	-1363.598	-1531.34	167.7424	4.955539	1.528964
13614	-1377.977	-1545.593	167.6158	4.955539	1.621694
13620	-1373.037	-1540.938	167.9011	4.652024	1.634862
13626	-1366.858	-1534.47	167.6117	5.09985	1.518852
13632	-1358.368	-1526.105	167.7373	5.083916	1.435931
13638	-1365.665	-1533.026	167.3615	5.052937	1.733512
13644	-1361.079	-1528.777	167.6979	4.942518	1.571458
13650	-1362.688	-1529.712	167.0237	5.796562	1.436647
13656	-1359.015	-1526.318	167.3036	5.631326	1.347164
13662	-1362.636	-1529.889	167.2532	5.451612	1.52384
13668	-1354.295	-1521.492	167.1969	5.641334	1.422833
13674	-1354.04	-1521.303	167.2626	5.585533	1.415183
13680	-1358.205	-1525.449	167.2438	5.372757	1.588895
13686	-1359.229	-1526.898	167.6686	5.147712	1.439742
13692	-1362.014	-1529.5	167.4864	5.329851	1.439742
13698	-1360.456	-1527.732	167.2754	5.591552	1.40062
13704	-1355.623	-1522.835	167.2117	5.591552	1.449688
13710	-1348.554	-1516.167	167.6133	5.079374	1.532863
13716	-1365.328	-1533.033	167.7049	5.005916	1.519383
13722	-1364.096	-1531.719	167.6234	4.990857	1.59053
13728	-1358.018	-1525.696	167.6785	4.797592	1.689923
13734	-1371.647	-1539.325	167.6785	4.797592	1.689923
13740	-1362.908	-1530.712	167.8036	4.488556	1.818578
13746	-1358.657	-1526.628	167.971	4.473633	1.712234
13752	-1356.22	-1524.082	167.8624	4.714182	1.617909
13758	-1364.258	-1532.219	167.9615	4.707758	1.550186
13764	-1364.271	-1531.515	167.2436	5.743649	1.305154
13770	-1365.146	-1531.954	166.8084	6.046344	1.410083
13776	-1368.617	-1535.809	167.1913	5.564256	1.485826
13782	-1366.136	-1533.529	167.3926	5.599618	1.301179
13788	-1372.558	-1539.326	166.7683	6.109228	1.392361
13794	-1367.828	-1535.011	167.1834	5.824699	1.288186
13800	-1359.016	-1526.137	167.1208	5.81448	1.346929
