Iteration	Posterior	Likelihood	Prior	alpha	gain_loss_neo	part_rate_trans	tree_length
0	-655.9613	-821.6181	165.6568	3.77254	3.380855	1.077121	0.9442331
6	-660.3763	-824.5399	164.1637	5.86485	2.993998	0.5635545	1.116136
12	-652.959	-818.8402	165.8811	3.892717	2.634767	1.078015	1.116136
18	-653.5964	-817.5179	163.9215	5.163143	4.032845	1.129197	0.8113588
24	-654.1011	-819.9748	165.8736	3.298649	3.992056	0.8314807	1.064136
30	-654.5714	-820.4299	165.8584	3.298649	3.992056	0.8314807	1.078411
36	-665.981	-832.4266	166.4456	2.26295	4.769517	1.124528	0.7633812
42	-662.4738	-828.8019	166.3281	2.330605	5.302433	0.914838	0.7370965
48	-661.2927	-827.1974	165.9046	2.554842	5.177523	1.064912	0.8844782
54	-662.451	-828.2059	165.7548	2.414258	5.822287	1.134753	0.7608609
60	-647.0864	-815.9947	168.9083	1.049781	2.867587	0.8540302	0.9918551
66	-650.1414	-817.9755	167.834	1.775256	3.279686	0.7773622	1.125339
72	-643.3089	-810.472	167.1631	2.478504	3.385065	0.8733839	0.9320882
78	-637.1824	-805.7786	168.5962	0.9531325	3.881565	0.652816	0.9318178
84	-633.0438	-797.1743	164.1304	5.31297	3.45515	0.8418118	1.112719
90	-641.7151	-810.8214	169.1063	1.084411	2.716468	0.8804328	0.8252174
96	-642.8179	-813.0037	170.1858	0.1453682	2.716468	0.7298818	0.8378236
102	-652.7783	-823.0115	170.2332	0.2272722	1.993804	1.329861	0.4812724
108	-655.2568	-825.3217	170.0649	0.1371019	2.25282	1.371061	0.4557584
114	-659.9809	-827.6767	167.6958	0.5156666	5.456992	1.371061	0.4959632
120	-658.5598	-824.2013	165.6415	1.922813	6.123411	1.692949	0.565835
126	-671.1486	-833.7703	162.6217	2.343129	11.68233	2.267202	0.565835
132	-663.8622	-828.4292	164.567	1.91831	9.970571	1.199083	0.7446404
138	-659.0526	-826.6032	167.5506	1.281056	4.65114	1.033529	0.807339
144	-652.1848	-820.9945	168.8097	0.4942988	4.034486	0.9118907	0.807339
150	-646.4572	-816.3231	169.8658	0.3820278	2.481982	1.07055	0.7251728
156	-654.9085	-825.8145	170.906	0.2713051	1.934138	0.5861538	0.7251728
162	-653.6227	-822.9968	169.3742	0.6590937	3.24642	0.6808079	0.8056423
168	-648.0873	-816.4398	168.3525	1.512206	3.3161	0.6610026	0.9688452
174	-644.9424	-812.6627	167.7203	1.898967	3.081985	0.7284146	1.273833
180	-645.7015	-814.6007	168.8992	0.9721351	2.838474	0.7677038	1.172513
186	-656.4155	-826.3318	169.9163	0.4966321	2.574146	0.7290135	0.8683712
192	-665.7183	-835.8759	170.1576	0.1090943	2.685849	0.7526568	0.9128921
198	-651.1394	-821.2757	170.1363	0.8797695	1.871151	0.7224613	0.8358178
204	-650.3317	-817.183	166.8513	2.715556	2.627128	0.9087966	1.431539
210	-645.2241	-813.3543	168.1303	1.599729	3.435	0.8485996	0.819858
216	-648.0159	-814.3994	166.3835	3.057104	3.435	0.6313671	1.305967
222	-653.1847	-817.341	164.1563	5.019708	3.191928	0.6821459	1.592739
228	-644.2695	-811.1657	166.8962	2.543995	3.191928	1.305038	0.8129289
234	-653.7431	-819.4196	165.6764	2.543995	5.488261	1.279033	0.7071661
240	-655.9298	-824.3743	168.4446	1.121212	3.954387	0.7732805	0.6941858
246	-653.52	-822.7813	169.2613	0.6979255	2.866058	1.092492	0.6941858
252	-654.6449	-823.6485	169.0036	0.08479983	4.102828	1.16949	0.681372
258	-654.0297	-823.9276	169.8979	0.3999104	2.577392	0.9907442	0.6456697
264	-666.4086	-837.0213	170.6127	0.1669243	2.264538	0.7525357	0.6456697
270	-655.1332	-825.3474	170.2142	0.1061626	2.523756	0.8975046	0.8223301
276	-653.901	-824.3561	170.4552	0.1239756	2.584771	0.579201	0.838904
282	-655.3601	-824.9162	169.5561	0.5509327	3.19906	0.6741605	0.7566266
288	-643.6813	-813.8109	170.1297	0.2461887	3.025537	0.6064744	0.5978433
294	-656.2646	-825.5789	169.3143	0.5950509	2.983306	1.043128	0.7215789
300	-647.6832	-815.1177	167.4345	1.203661	5.049395	1.019894	0.8010832
306	-659.1767	-825.2573	166.0806	1.428301	6.511568	1.493856	0.7395858
312	-662.7493	-831.3202	168.5708	1.662894	2.444068	1.130408	0.6974434
318	-658.453	-828.4207	169.9677	1.03336	1.607799	0.6982323	1.118911
324	-660.5213	-828.7658	168.2445	1.52326	2.040904	0.7462622	1.743022
330	-666.6626	-834.5157	167.8531	2.380699	1.43233	0.2098369	2.156749
336	-660.0367	-830.4762	170.4396	0.3433516	1.887512	0.1904005	1.505582
342	-654.3621	-825.3134	170.9513	0.2482787	1.945034	0.3964895	0.9268383
348	-657.2595	-825.2159	167.9564	1.453907	3.522837	0.8182962	1.124456
354	-666.5183	-835.3325	168.8142	1.453907	2.349282	0.9314728	0.9939065
360	-646.8824	-815.5066	168.6241	0.972288	3.351713	0.7684231	1.101763
366	-660.1242	-827.711	167.5868	2.32317	2.794549	0.71438	1.212463
372	-651.7756	-820.2502	168.4746	1.496974	2.754918	0.8857563	1.027732
378	-658.3641	-825.4669	167.1028	2.57061	3.338003	0.8800169	0.9240062
384	-646.671	-814.4181	167.7471	2.007334	3.338003	0.6371395	1.085499
390	-649.9521	-817.6495	167.6973	1.569116	3.276984	0.6808539	1.484354
396	-649.0995	-818.735	169.6355	1.108837	1.733022	0.709091	1.234093
402	-663.9593	-829.7625	165.8032	4.767401	2.023544	0.6510365	1.216859
408	-652.133	-820.8256	168.6926	1.164519	3.179138	0.746403	0.9831684
414	-658.4031	-827.2224	168.8193	0.9534665	3.179138	0.8503506	0.9630761
420	-657.9887	-827.5683	169.5796	0.6704748	2.546697	0.8688185	0.9182375
426	-661.0405	-827.3527	166.3122	2.019533	6.175851	0.8688185	0.6563304
432	-646.8229	-815.9803	169.1575	0.3168402	4.02262	0.8688185	0.5930027
438	-659.9343	-829.0062	169.0719	1.834135	1.706492	0.6560561	1.161216
444	-669.0156	-837.6686	168.653	1.776632	2.179683	0.644746	1.231911
450	-668.9446	-834.2697	165.3252	4.081174	3.477602	0.644746	1.300475
456	-664.0008	-833.1334	169.1326	0.7693556	3.344299	0.5549894	1.019226
462	-681.7297	-851.6245	169.8949	0.7932874	2.362118	0.5965389	0.8924446
468	-667.6616	-836.898	169.2364	0.7946392	2.90263	0.9233423	0.8018891
474	-665.5323	-834.5569	169.0246	0.9464628	2.90263	0.7851532	1.022451
480	-665.0049	-833.6079	168.603	0.9571303	3.747848	0.840905	0.7922159
486	-661.228	-829.6089	168.3809	0.8171844	4.091983	0.9551213	0.8437813
492	-658.6196	-825.6098	166.9902	2.078317	4.652502	0.8218488	0.7720136
498	-668.1886	-836.6786	168.4899	0.5463221	4.442275	0.9672279	0.7764567
504	-666.1902	-835.6857	169.4955	0.09910917	3.571537	0.928571	0.7764567
510	-658.8259	-828.9797	170.1538	0.3027806	2.421831	0.8952808	0.7456702
516	-660.7671	-829.8311	169.064	0.2438315	4.74717	0.6152914	0.6217934
522	-652.3136	-821.5275	169.2139	1.259997	2.351521	0.8159638	0.8960091
528	-657.3859	-827.0644	169.6786	0.6484512	2.429658	0.8159638	0.9874737
534	-660.6791	-826.4902	165.8111	3.25428	4.547136	0.6756523	1.009925
540	-657.7716	-825.9956	168.2241	1.010504	3.626119	1.000161	1.058138
546	-651.8231	-820.4094	168.5863	0.8759114	3.45458	1.080462	0.8487827
552	-644.0137	-813.4001	169.3864	0.9114866	2.493135	0.6725083	1.105923
558	-650.068	-818.8793	168.8113	1.040208	3.061896	0.6725083	1.134801
564	-653.8512	-822.4353	168.584	1.068981	3.404028	0.5434512	1.219583
570	-652.5978	-821.3277	168.7298	1.94056	2.029023	0.5434512	1.219583
576	-649.0059	-817.8469	168.841	1.157056	3.127536	0.7428832	0.8721147
582	-656.9609	-826.8865	169.9256	0.2048134	3.127536	0.7100364	0.7406405
588	-650.9248	-820.6561	169.7312	0.2801458	2.931736	1.051219	0.5365948
594	-651.7045	-820.718	169.0135	0.2982487	3.940634	1.093243	0.5365948
600	-647.5765	-817.5208	169.9443	0.2201195	2.969989	0.8516529	0.6125651
606	-651.649	-821.6971	170.0481	0.5118124	2.125263	1.066914	0.6833272
612	-655.0133	-824.4787	169.4654	0.1568006	3.980124	0.7073851	0.6833272
618	-653.9849	-823.5511	169.5662	0.4472234	3.28054	0.7978502	0.5890765
624	-649.9098	-820.3572	170.4474	0.1115974	2.405489	0.7387116	0.8366738
630	-646.2601	-816.271	170.0109	0.1780835	2.473274	1.21325	0.5269864
636	-646.4756	-815.9915	169.5159	0.5283373	3.000365	0.8425425	0.8001012
642	-647.7467	-817.3955	169.6488	0.7211076	2.31602	0.5893418	1.23638
648	-649.5386	-817.335	167.7964	1.885084	3.288598	0.7996248	1.031647
654	-661.6044	-830.1763	168.572	1.393965	2.754285	0.866411	1.052282
660	-661.9746	-828.5521	166.5775	2.216198	4.819604	0.8413857	0.9673623
666	-665.2848	-834.4358	169.151	1.091829	2.528626	0.8727954	0.936651
672	-654.6247	-819.9023	165.2777	4.49157	2.398144	1.006754	1.33344
678	-653.8768	-818.7231	164.8463	5.350415	2.412361	0.5681723	1.33344
684	-655.721	-822.8514	167.1304	1.363645	5.037511	0.998594	0.9956035
690	-660.0472	-825.4542	165.4071	3.519603	3.848629	1.462147	0.7185742
696	-648.6035	-814.7028	166.0993	3.240556	3.914482	0.8578064	0.9150162
702	-644.5124	-812.1166	167.6041	1.834892	2.92605	0.8930641	1.37398
708	-648.8532	-815.7383	166.8851	3.244569	2.863496	0.6277984	1.048274
714	-646.6091	-814.8771	168.268	1.737614	2.863496	0.6277984	1.16165
720	-661.3637	-830.2873	168.9236	1.272575	2.418942	0.521431	1.366909
726	-653.3996	-822.688	169.2884	0.6639729	3.116451	0.5561185	1.114984
732	-647.5919	-817.2538	169.6619	0.3001049	3.306833	0.7071297	0.8117265
738	-641.0872	-811.3328	170.2457	0.1550479	2.770327	0.6414663	0.8117265
744	-637.3959	-807.5694	170.1735	0.1409891	2.682905	0.8459651	0.7352255
750	-653.1344	-824.0944	170.96	0.1154086	1.836715	0.8459651	0.5516826
756	-650.3489	-819.3249	168.976	0.2627187	3.967303	1.150711	0.5330982
762	-643.9464	-812.598	168.6516	0.6304165	3.967303	1.107426	0.5330982
768	-642.3061	-808.8439	166.5378	2.147601	4.375103	1.37963	0.7416917
774	-646.2771	-811.6871	165.41	4.365784	3.19462	0.9227848	0.8683376
780	-647.1229	-816.219	169.0961	1.158151	2.560869	0.7966133	0.9787912
786	-643.6478	-813.2379	169.5901	1.173697	1.466539	1.014291	1.165699
792	-644.947	-815.3752	170.4282	0.1037615	2.522022	0.6256343	0.8960333
798	-645.805	-816.6359	170.8309	0.1239337	2.193886	0.5521746	0.7835237
804	-654.9896	-825.1509	170.1613	0.1582478	2.760004	0.8562175	0.5844417
810	-657.3599	-827.4017	170.0418	0.1461947	3.088725	0.7083996	0.6921956
816	-663.4264	-833.6579	170.2315	0.2146606	2.50505	0.7517487	0.8643096
822	-667.7343	-838.0094	170.2752	0.1808658	2.751091	0.490677	0.9396622
828	-655.5249	-821.9471	166.4223	3.97319	2.183175	0.6078841	1.288419
834	-654.7574	-824.1877	169.4303	0.7971864	2.492108	0.8743066	0.9803077
840	-665.0628	-831.3508	166.2881	3.333617	3.183517	0.666599	1.265556
846	-659.6159	-826.5658	166.9499	2.695444	3.277308	0.9809098	0.8877404
852	-657.1646	-824.7416	167.5771	2.563566	2.555713	0.7804624	1.107308
858	-655.68	-825.4676	169.7876	0.8429476	2.17699	0.5815157	1.113761
864	-657.0756	-824.1678	167.0922	2.255474	3.988156	0.8227231	0.8960151
870	-661.4578	-828.8412	167.3834	2.255474	3.498042	0.6174517	1.113776
876	-674.0177	-843.8399	169.8222	0.7914373	2.089015	0.6174517	1.16143
882	-655.1416	-824.0344	168.8928	1.558943	2.089015	0.9173503	1.034595
888	-667.2689	-836.4905	169.2216	1.260249	2.089015	0.6493095	1.246915
894	-671.4986	-840.9929	169.4943	1.043236	2.166327	0.6744116	1.121715
900	-655.9082	-824.8839	168.9757	1.043236	2.952902	0.745144	0.9789864
906	-656.9139	-825.7353	168.8213	1.065525	2.952902	0.8634799	0.9929842
912	-662.0965	-831.5371	169.4406	1.316206	1.76804	0.6636849	1.235548
918	-667.4084	-836.0537	168.6453	1.138923	3.169292	0.6281215	1.168443
924	-661.2994	-825.1902	163.8908	5.221111	4.024394	0.903572	1.034564
930	-660.0856	-823.6663	163.5807	5.347151	4.645687	0.7338567	1.034564
936	-656.8855	-824.2255	167.34	1.168849	4.684664	1.216102	0.9493013
942	-646.9923	-814.3887	167.3964	1.198413	5.113835	0.8649589	0.9888941
948	-653.4387	-821.2148	167.7761	1.813111	2.433852	1.753938	0.7446778
954	-652.6261	-823.0708	170.4448	0.5682622	1.931648	0.7580463	0.7161448
960	-649.8126	-817.8296	168.0171	0.7114971	5.21343	0.9554992	0.6084774
966	-652.4138	-821.6512	169.2374	0.1994649	3.799021	1.051412	0.553886
972	-646.0349	-815.614	169.5791	0.229537	3.596314	0.8035621	0.5658671
978	-653.4628	-823.0063	169.5435	0.07589601	3.606548	0.6966104	0.9908341
984	-654.758	-824.6732	169.9152	0.07589601	2.855943	0.8377577	0.983311
990	-657.9453	-827.7374	169.7921	0.07589601	3.096499	0.7477273	1.027254
996	-664.9733	-835.1346	170.1613	0.07589601	2.583743	0.7477273	1.027254
1002	-655.9159	-825.2198	169.3039	0.1575821	4.471842	0.6001201	0.6509421
1008	-654.2579	-823.967	169.709	0.1287662	3.584315	0.7628911	0.6256467
1014	-642.0534	-811.7915	169.7381	0.3109658	3.359075	0.6570885	0.7065781
1020	-642.5851	-811.0505	168.4654	0.06553316	5.211194	1.09138	0.7331121
1026	-650.239	-819.185	168.946	0.06553316	4.57492	0.9257343	0.765746
1032	-649.7868	-819.0774	169.2906	0.06553316	3.504608	0.9812226	1.033947
1038	-640.4972	-810.3313	169.8341	0.06553316	2.876204	0.8249769	1.070806
1044	-648.783	-818.347	169.564	0.06553316	3.200623	0.9159663	1.026454
1050	-653.2079	-822.835	169.627	0.07137215	3.598236	0.7545505	0.8459512
1056	-644.6223	-814.6833	170.061	0.06755923	2.686662	0.6697137	1.12967
1062	-649.9281	-819.702	169.7739	0.07397112	3.255576	0.7126018	0.9745818
1068	-652.9025	-822.1771	169.2747	0.05778942	3.980865	0.8864413	0.8440739
1074	-656.865	-825.5408	168.6758	0.9135296	3.449067	0.8350519	0.9832403
1080	-649.1307	-814.6213	165.4906	3.648832	4.093271	0.949944	0.9168383
1086	-647.1458	-814.9831	167.8373	1.389853	4.093271	0.8622459	0.9168383
1092	-662.9121	-831.0815	168.1694	1.672727	3.377021	0.7572293	0.8413252
1098	-665.1974	-832.8287	167.6313	2.101153	2.758502	0.7822382	1.32464
1104	-657.4311	-822.7582	165.327	2.732317	5.512595	1.382236	0.7776119
1110	-658.9261	-828.2417	169.3157	0.3949123	2.954281	1.333121	0.5543851
1116	-659.6944	-827.3403	167.6458	0.3949123	5.530523	1.505228	0.5148072
1122	-671.7145	-840.0818	168.3673	0.1499079	4.39938	1.600589	0.4010928
1128	-662.9783	-831.1487	168.1704	0.2988446	4.344541	1.679561	0.4010928
1134	-655.2397	-823.7859	168.5462	0.5209825	3.811071	1.419062	0.4949546
1140	-668.0196	-834.4683	166.4487	1.257938	6.389679	1.386411	0.6782302
1146	-651.6968	-821.1765	169.4797	0.7188565	2.455991	1.141663	0.7223291
1152	-652.2064	-821.7232	169.5169	0.4805303	3.265066	0.7964318	0.6592621
1158	-666.5394	-834.2649	167.7256	1.705923	3.245967	0.5720545	1.457469
1164	-665.6491	-833.4899	167.8408	2.129161	2.900226	0.6760835	1.127156
1170	-664.5727	-833.3746	168.8019	0.5928853	4.052901	0.7796489	0.8460228
1176	-657.79	-828.1958	170.4058	0.4564456	1.72951	0.8382519	1.013806
1182	-656.7581	-825.8856	169.1275	0.0860141	4.331542	0.6807905	0.9774388
1188	-662.268	-831.8165	169.5485	0.07174203	3.764825	0.7422487	0.8287946
1194	-662.4326	-832.7577	170.3251	0.3237646	2.713002	0.4091134	0.8447537
1200	-653.4679	-822.7224	169.2545	1.21234	2.194643	0.5416666	1.276537
1206	-658.3837	-826.5002	168.1165	1.259358	3.813947	0.5354741	1.241174
1212	-655.1446	-823.8756	168.7309	0.7593795	3.83393	0.7283192	0.9452387
1218	-659.8282	-827.3438	167.5156	1.463438	3.732877	1.272394	0.9759317
1224	-658.2753	-825.6119	167.3366	2.462029	2.812762	1.000877	1.043038
1230	-659.3046	-829.0617	169.757	0.412725	2.812762	0.8225306	0.836018
1236	-653.8409	-821.9983	168.1574	0.9036118	4.701576	0.7263703	0.8698121
1242	-658.8774	-829.2177	170.3403	0.4147324	2.141932	0.7263703	0.8698121
1248	-663.5077	-832.4419	168.9343	1.314776	2.229	0.7198286	1.286183
1254	-674.3924	-844.6547	170.2623	0.3847642	2.229	0.6438197	0.9986723
1260	-670.96	-840.3956	169.4356	0.8901735	2.199613	0.6912326	1.266209
1266	-663.5184	-832.3077	168.7893	0.6668588	3.578573	0.6044348	1.239266
1272	-655.7628	-822.377	166.6142	3.590465	2.39592	0.6793642	1.24662
1278	-654.6846	-821.7788	167.0942	2.376817	3.213913	1.019783	1.07023
1284	-647.1607	-813.6323	166.4715	3.230826	2.972614	0.9545272	1.07023
1290	-648.2719	-816.8371	168.5652	1.080147	3.134361	0.8396831	1.125134
1296	-650.165	-817.843	167.6779	1.793482	3.04138	1.076328	1.126294
1302	-656.3584	-824.0438	167.6854	1.799446	3.014062	1.336496	0.869802
1308	-651.321	-815.4208	164.0998	4.293503	4.403127	1.410442	1.027335
1314	-655.8804	-823.3047	167.4243	1.358805	4.338805	1.35437	0.6490359
1320	-647.9993	-816.5044	168.5051	0.8687129	4.11846	0.897862	0.63318
1326	-647.6751	-815.9321	168.257	0.9765838	4.52989	0.7959596	0.6504583
1332	-659.9775	-828.4083	168.4308	0.9717081	3.705641	1.001508	0.8228136
1338	-657.2913	-825.0578	167.7665	2.296884	2.687741	0.8428262	1.028228
1344	-648.9082	-818.9486	170.0404	0.06785433	3.118037	0.6964495	0.800958
1350	-642.3179	-812.2254	169.9075	0.05977682	2.682014	0.9661791	1.00564
1356	-646.2211	-816.4166	170.1955	0.05977682	2.073618	1.039306	1.116289
1362	-651.1556	-820.6565	169.5009	0.05977682	3.200945	0.8888719	1.116289
1368	-652.5091	-822.4171	169.9079	0.05977682	2.809367	0.7555926	1.116289
1374	-650.5728	-820.0893	169.5165	0.6988091	2.958306	0.622959	0.8953608
1380	-647.5833	-814.9947	167.4114	2.243103	3.309826	0.9576302	0.8791232
1386	-635.5808	-804.3797	168.7989	0.2977474	4.502421	0.9314051	0.6839483
1392	-641.674	-809.8992	168.2252	0.2487585	5.875135	0.9035609	0.4607732
1398	-650.9699	-819.902	168.9321	0.09884586	4.918379	0.8128392	0.5870871
1404	-643.4191	-812.6965	169.2775	0.1442732	4.191517	0.8184503	0.604238
1410	-640.6827	-810.2123	169.5296	0.1837836	3.626589	0.8147753	0.7158703
1416	-644.229	-813.8303	169.6013	0.1417629	3.892158	0.6513275	0.6602052
1422	-641.1083	-809.7301	168.6218	0.08144478	5.041388	1.058023	0.6369591
1428	-634.0353	-803.8466	169.8113	0.2077178	3.275847	0.7995136	0.5743092
1434	-637.7032	-807.4364	169.7332	0.1036165	3.077596	1.125351	0.5226561
1440	-645.9256	-814.7806	168.855	0.1321061	4.07932	1.33782	0.4946824
1446	-646.8486	-816.9039	170.0552	0.1347979	2.902434	0.8422031	0.6822437
1452	-636.8493	-807.4496	170.6003	0.1831316	2.427647	0.5951794	0.6944452
1458	-637.1809	-806.7457	169.5648	0.2131705	3.652792	0.7506997	0.6862004
1464	-641.3154	-811.2392	169.9237	0.1384486	2.875615	0.9690516	0.7175097
1470	-646.0194	-815.1007	169.0813	0.4875825	3.305726	1.189999	0.6750033
1476	-643.1672	-812.7065	169.5392	0.1662156	3.385729	1.000599	0.6750033
1482	-648.6281	-818.7162	170.0881	0.1587448	3.107909	0.6455673	0.6750033
1488	-643.9737	-814.6427	170.669	0.283828	2.078886	0.634555	0.8029358
1494	-645.766	-816.6171	170.8511	0.2021813	2.115933	0.5033084	0.8029358
1500	-648.817	-818.0404	169.2234	0.7549371	3.212784	0.7820045	0.7734541
1506	-656.3291	-825.9097	169.5806	0.6083959	2.416567	1.026238	0.922329
1512	-648.5957	-818.7908	170.1951	0.2508757	2.415471	0.9856839	0.5971978
1518	-650.3536	-820.068	169.7144	0.1577907	3.253614	0.9394008	0.6371117
1524	-648.8653	-813.2528	164.3875	5.618402	2.524013	1.016528	1.034899
1530	-645.0247	-812.5727	167.548	2.822704	2.163874	1.040564	0.9285632
1536	-651.7221	-820.0779	168.3558	1.994053	2.167838	1.042435	0.9454061
1542	-648.3274	-816.9064	168.5791	1.210731	3.03474	0.8997648	0.9964698
1548	-652.6494	-820.1993	167.5499	1.869349	3.03474	1.270353	0.9964698
1554	-660.8475	-830.4458	169.5982	0.2843337	3.329759	0.8834622	0.6248707
1560	-652.0617	-820.2808	168.2191	1.063193	3.537583	1.33101	0.6639554
1566	-644.1414	-813.3981	169.2567	0.09860191	3.398732	1.391847	0.4880521
1572	-658.1029	-824.7198	166.6169	0.4085417	8.099645	1.391847	0.4018687
1578	-653.759	-821.6793	167.9203	0.1154748	5.268897	1.640129	0.48238
1584	-649.2313	-817.353	168.1216	0.1175791	5.268897	1.435871	0.4733704
1590	-648.5288	-816.7382	168.2094	0.3426516	5.268897	1.115231	0.4349433
1596	-654.491	-819.3264	164.8355	2.351576	6.190859	2.040171	0.5620813
1602	-660.2975	-829.7934	169.4959	0.1476755	3.571364	0.8504679	0.8157374
1608	-654.9841	-825.3044	170.3203	0.3508682	2.597186	0.565862	0.7149811
1614	-657.7953	-827.9478	170.1524	0.1442819	2.663267	0.877275	0.7368099
1620	-661.8015	-831.8989	170.0974	0.1442819	2.853915	0.7930711	0.7368099
1626	-658.045	-827.6543	169.6093	0.1002527	3.651367	0.704622	0.8522765
1632	-651.2767	-821.2359	169.9592	0.1187839	3.449615	0.5229127	0.7772697
1638	-655.3515	-825.2366	169.8851	0.2412977	3.298021	0.4944847	0.8779983
1644	-656.2408	-826.8921	170.6513	0.217357	2.262734	0.5075973	0.8779983
1650	-650.4939	-819.9301	169.4361	0.0599279	2.998333	1.21057	1.004798
1656	-652.2208	-822.1765	169.9556	0.07497608	2.998333	0.7060185	0.9744687
1662	-650.3671	-820.5952	170.2281	0.10092	2.727838	0.7923818	0.7442732
1668	-652.0759	-820.6134	168.5375	0.1888176	4.662035	1.268411	0.494502
1674	-649.3599	-818.3673	169.0075	0.2388081	4.023984	1.102664	0.569218
1680	-657.2841	-825.1616	167.8775	0.1224169	5.833224	1.391512	0.4355835
1686	-660.3931	-828.3344	167.9412	0.132517	5.833224	1.325067	0.4711797
1692	-663.6801	-833.1651	169.4849	0.2442719	3.774315	0.7369271	0.6608099
1698	-657.768	-827.7992	170.0311	0.2316851	3.066263	0.6654505	0.6608099
1704	-649.1055	-818.9114	169.8059	0.3238704	3.066263	0.8228449	0.6022457
1710	-651.9479	-821.3906	169.4427	0.2243865	3.691632	0.8604553	0.6390344
1716	-650.4442	-818.4594	168.0152	0.6022955	4.140375	1.627547	0.6634595
1722	-650.3166	-819.9461	169.6295	0.4036154	2.946047	1.014787	0.5622285
1728	-641.2244	-811.1548	169.9304	0.1813572	2.946047	0.9409055	0.5353519
1734	-649.6246	-818.6559	169.0313	0.1813572	3.993486	1.16081	0.5353519
1740	-652.3422	-822.2752	169.933	0.1813572	3.200549	0.7273063	0.6497213
1746	-645.2267	-814.7802	169.5535	0.08231606	3.856192	0.7088835	0.7781974
1752	-641.828	-812.0086	170.1806	0.1351885	2.685857	0.885742	0.6583342
1758	-656.5635	-826.578	170.0145	0.0892923	2.556774	1.148393	0.7395438
1764	-662.9013	-832.0037	169.1024	0.0892923	4.078046	1.078398	0.6857321
1770	-665.6277	-831.7287	166.101	3.811323	2.760942	0.6768153	1.262513
1776	-660.4958	-827.8246	167.3288	2.435017	2.618439	1.069307	1.143891
1782	-654.838	-823.9138	169.0758	0.772239	3.141827	0.8455833	0.9147774
1788	-653.8444	-821.9958	168.1514	1.885893	2.731095	0.8851891	0.9802777
1794	-661.044	-828.3253	167.2814	1.678879	4.85946	0.8339714	0.7497617
1800	-657.035	-823.7712	166.7362	2.988159	3.349655	0.8561283	0.8851892
1806	-649.3329	-816.8259	167.493	1.528987	4.364525	0.9233954	0.9028011
1812	-648.4528	-816.1725	167.7197	1.014528	4.987487	0.931681	0.8326262
1818	-655.8291	-822.5502	166.7211	3.491721	2.266669	0.8828537	1.152918
1824	-661.4364	-830.7837	169.3473	0.1819874	3.368013	1.221615	0.5970185
1830	-644.8906	-814.7046	169.814	0.4161574	2.695686	0.9724256	0.6402471
1836	-637.1987	-806.8566	169.6579	0.3773146	3.064506	0.920225	0.5974033
1842	-647.8674	-816.8572	168.9898	0.4805835	3.633893	1.125641	0.5139629
1848	-651.2711	-820.2592	168.9881	0.3128001	3.812982	1.182857	0.4744406
1854	-645.5738	-814.1501	168.5763	0.1950668	4.541866	1.286891	0.4654568
1860	-649.1407	-817.9915	168.8508	0.5991825	3.80912	1.015896	0.6113551
1866	-647.2299	-816.211	168.9811	0.1893666	4.245301	1.057676	0.4959186
1872	-642.6888	-811.7734	169.0847	0.2443688	4.27463	0.8810179	0.5255191
1878	-640.3385	-809.8558	169.5174	0.2443688	3.466384	0.8757102	0.7042437
1884	-649.2939	-820.0191	170.7252	0.07208605	1.784789	0.9388794	0.9262309
1890	-647.1828	-818.0903	170.9075	0.07364402	1.690088	0.8416723	0.9240238
1896	-642.7576	-813.6878	170.9302	0.1006865	1.843026	0.5601839	1.022721
1902	-645.9069	-816.045	170.1381	0.2252049	2.974865	0.5367327	0.8062807
1908	-644.9834	-815.1031	170.1197	0.06231284	2.344817	0.9015588	1.108017
1914	-642.7954	-812.5666	169.7712	0.06231284	2.709192	0.9015588	1.170848
1920	-649.3004	-819.2659	169.9655	0.06231284	2.830289	0.988144	0.7888239
1926	-649.3389	-819.3438	170.0049	0.4910837	2.435446	0.6891346	0.9389687
1932	-650.872	-817.2365	166.3645	3.244194	2.822104	1.204726	1.022983
1938	-663.3023	-828.5407	165.2384	4.604218	2.630204	0.9274943	1.191319
1944	-660.9271	-827.445	166.5179	3.557484	2.409155	0.6820191	1.341397
1950	-658.7496	-825.5525	166.8029	1.564682	5.693976	0.877105	0.9113164
1956	-654.5829	-820.692	166.1091	3.330389	4.062934	0.7395296	0.8330042
1962	-658.9376	-825.6151	166.6775	2.144514	4.52258	0.7054375	1.216644
1968	-659.4701	-828.7406	169.2706	0.6037967	3.353784	0.4085073	1.173701
1974	-662.4975	-832.2345	169.7369	0.09940437	3.228592	0.8976429	0.7950795
1980	-669.5726	-839.9843	170.4117	0.1576576	2.409775	0.5679584	1.008656
1986	-658.539	-828.6153	170.0763	0.06487132	2.84295	0.5679584	1.107147
1992	-653.4777	-823.9443	170.4666	0.07701097	2.306615	0.5819495	1.097293
1998	-650.8368	-819.74	168.9032	1.290712	2.497446	0.7042565	1.167446
2004	-652.145	-820.213	168.068	1.560025	3.466708	0.521791	1.224595
2010	-655.6913	-824.8613	169.17	1.407751	2.063945	0.6008414	1.224595
2016	-655.2222	-823.4869	168.2647	1.256565	3.092452	0.5730679	1.467729
2022	-653.9111	-819.2999	165.3888	3.497116	3.705339	0.6670514	1.572128
2028	-644.6964	-814.1147	169.4183	0.6383273	3.25731	0.5222398	0.954247
2034	-646.0833	-815.3693	169.286	0.4740299	3.25731	0.9832343	0.7548892
2040	-653.2658	-822.8997	169.634	0.2735186	3.178463	0.9735553	0.5855119
2046	-651.8053	-820.7723	168.9669	0.1226431	4.73294	0.8667747	0.500591
2052	-650.4565	-819.9263	169.4697	0.1901711	3.957418	0.7357453	0.5308521
2058	-649.8895	-819.171	169.2814	0.8548038	2.543229	1.097478	0.7815021
2064	-654.3226	-817.2298	162.9072	6.967067	2.827901	1.072437	0.8776219
2070	-656.6234	-824.8337	168.2104	1.54159	3.17605	0.7535061	1.080394
2076	-656.7669	-825.0353	168.2684	1.54159	3.17605	0.7535061	1.025131
2082	-654.3551	-822.0967	167.7416	1.209794	4.808297	0.8844027	0.7276318
2088	-655.9643	-824.7198	168.7555	1.842285	1.984608	1.030674	0.8512664
2094	-651.9843	-821.1723	169.188	1.694452	1.895298	0.8225037	0.8512664
2100	-653.9735	-820.1566	166.1831	3.118144	2.959229	1.382786	1.053477
2106	-643.0869	-813.1399	170.0531	0.3468509	2.582015	0.8983251	0.6136377
2112	-647.2886	-817.8739	170.5854	0.2268854	2.412544	0.6182168	0.6074853
2118	-656.1603	-826.5141	170.3538	0.1968974	2.412544	0.6181254	0.9747391
2124	-650.629	-820.7962	170.1672	0.3035837	2.412544	0.9292087	0.6766546
2130	-646.3501	-817.0095	170.6593	0.1890162	2.279759	0.6794231	0.627415
2136	-669.6832	-839.1464	169.4631	0.882753	2.271796	1.162122	0.6826812
2142	-666.9177	-837.1511	170.2334	0.1874925	2.577672	0.8690554	0.6420997
2148	-659.7747	-830.1713	170.3966	0.4131866	1.965146	0.9750758	0.6339533
2154	-661.9529	-830.9124	168.9594	0.1762537	3.836874	1.334573	0.489391
2160	-642.0823	-812.6064	170.5241	0.1568648	2.000091	1.070125	0.6434024
2166	-644.1837	-814.7651	170.5813	0.1239384	2.454582	0.6781765	0.6434024
2172	-645.9774	-816.5149	170.5375	0.1362467	2.303605	0.8070158	0.6860652
2178	-660.3072	-829.6508	169.3437	0.3074614	3.826551	0.8070158	0.6028873
2184	-650.4213	-820.3684	169.947	0.5114183	2.381659	0.6677494	1.040981
2190	-655.4494	-822.3242	166.8748	3.307573	2.358188	0.5397427	1.400642
2196	-654.719	-821.4283	166.7092	3.233497	2.689971	0.6453083	1.306116
2202	-660.306	-829.2516	168.9456	1.12458	2.689971	0.8783585	0.9845931
2208	-663.7452	-829.0021	165.2569	3.102533	4.784211	1.198221	1.062397
2214	-654.4011	-822.9469	168.5458	0.8175691	2.812057	1.714709	0.7156162
2220	-657.0204	-824.6217	167.6013	1.070885	3.93939	1.714709	0.6106638
2226	-647.893	-817.5339	169.6409	0.09934597	3.260319	1.06026	0.6519838
2232	-652.4072	-821.8867	169.4795	0.09934597	3.394749	1.060436	0.7735558
2238	-649.1825	-817.0445	167.862	0.312137	5.773687	1.254659	0.4987809
2244	-642.9299	-812.2795	169.3496	0.2415817	3.365669	1.177836	0.5062307
2250	-649.4424	-819.0969	169.6545	0.16967	3.365669	0.9449073	0.5065414
2256	-642.5057	-812.0972	169.5915	0.3134415	3.365669	0.8442686	0.6065976
2262	-635.0105	-805.3866	170.3761	0.1831595	2.455484	0.5868433	0.9637615
2268	-643.9562	-814.0653	170.1091	0.5528998	2.174366	0.5406646	1.124171
2274	-653.8982	-824.6173	170.7191	0.518254	1.560641	0.6491987	0.9814367
2280	-648.2158	-817.787	169.5712	0.3380601	3.079722	0.8168285	0.9258693
2286	-651.5096	-818.1652	166.6556	2.750427	3.41748	0.8168285	1.18951
2292	-658.7244	-824.9725	166.2481	1.96387	5.398727	1.237436	0.8410278
2298	-651.2035	-818.297	167.0935	1.948193	4.721206	0.6749707	0.9371164
2304	-647.7463	-817.1413	169.395	1.350045	1.965099	0.7646012	0.9989378
2310	-648.0682	-815.9301	167.8618	1.268934	4.332935	0.8337248	0.9014563
2316	-652.9773	-820.8761	167.8988	2.399673	2.168679	0.9922595	1.046799
2322	-671.7815	-837.9115	166.13	3.483218	2.776034	0.8414922	1.362245
2328	-666.4849	-833.9361	167.4512	1.942145	3.188418	0.7817919	1.354384
2334	-659.0803	-827.3113	168.231	1.942145	2.290648	0.5204001	1.463704
2340	-646.2317	-815.1857	168.954	0.9719524	3.050731	0.7504608	0.9984924
2346	-656.6397	-825.6119	168.9722	0.5951863	3.740834	0.7817204	0.8632997
2352	-656.5752	-825.7183	169.1431	0.9368962	2.55958	0.7878986	1.15244
2358	-654.4594	-822.1504	167.691	2.368139	2.620512	0.4862994	1.381222
2364	-664.502	-833.2899	168.7879	1.058503	2.620512	0.7735972	1.322087
2370	-655.6122	-823.4794	167.8671	2.080949	2.425925	0.6887761	1.425574
2376	-653.2154	-820.492	167.2767	1.909567	4.188541	0.4699083	1.267565
2382	-662.2678	-831.9029	169.6351	0.6509061	2.519585	0.4699083	1.273592
2388	-664.7607	-832.9413	168.1806	0.8552049	4.197302	1.076861	0.8173667
2394	-664.9217	-831.8196	166.898	1.241575	6.00452	1.017436	0.8424162
2400	-655.4315	-821.1935	165.7619	2.930034	4.02342	1.502905	0.8424162
2406	-658.2486	-825.5459	167.2973	2.116116	2.999306	1.590129	0.5886433
2412	-660.8616	-829.3344	168.4728	0.5940064	3.644469	1.375352	0.8229242
2418	-662.3465	-831.1502	168.8037	0.5739674	3.644469	0.695787	1.192996
2424	-642.0765	-811.7034	169.6269	0.2454788	3.659566	0.695787	0.5819869
2430	-652.0355	-817.8157	165.7802	2.836174	5.053379	0.7972034	1.064415
2436	-644.8672	-814.4843	169.6171	0.4126042	2.920505	0.6701836	1.064415
2442	-640.4687	-809.4627	168.9939	0.7102204	3.228232	1.096811	0.6930473
2448	-649.3868	-815.0033	165.6165	2.923968	5.046837	1.155195	0.7500006
2454	-653.3166	-819.3423	166.0258	3.453605	3.822873	0.7948563	0.8916171
2460	-637.8186	-807.4193	169.6007	0.2577583	3.499466	0.7948563	0.629687
2466	-653.2322	-822.4095	169.1772	0.1036075	4.139888	0.9797845	0.629687
2472	-657.276	-827.3839	170.1079	0.1036075	2.886345	0.752691	0.8042635
2478	-658.0334	-827.431	169.3976	1.393657	1.908109	0.752691	1.013469
2484	-652.8467	-820.4116	167.5649	2.539189	2.424867	0.752691	1.250548
2490	-651.3105	-819.1422	167.8317	2.166016	2.94763	0.6264172	1.116611
2496	-648.4425	-816.0247	167.5821	2.255421	2.94763	0.87786	1.031155
2502	-654.221	-823.2426	169.0216	1.259573	2.474398	0.9017956	0.9085399
2508	-649.5216	-818.763	169.2413	1.804481	1.619712	0.5525244	1.198105
2514	-650.6958	-817.6441	166.9482	3.422163	2.213438	0.6201867	1.278694
2520	-649.5692	-816.2952	166.7259	3.405364	2.213438	0.7975685	1.328774
2526	-650.2974	-819.3875	169.0901	1.376533	1.918647	0.5841685	1.42634
2532	-655.0201	-818.8078	163.7877	5.897523	3.189126	0.6415294	1.230319
2538	-655.1473	-821.9308	166.7835	2.657749	3.189126	0.8854711	1.230319
2544	-667.693	-836.864	169.1711	0.854701	3.237815	0.6391317	0.8736385
2550	-661.3508	-830.9186	169.5677	0.1708068	3.237815	1.050328	0.7030173
2556	-654.7672	-824.041	169.2738	0.1811783	3.727481	1.081956	0.4780114
2562	-651.5803	-822.0702	170.4899	0.2301784	2.301299	0.8016532	0.5969443
2568	-667.4507	-837.7961	170.3454	0.3379698	2.301299	0.8016532	0.681631
2574	-675.7987	-845.5694	169.7707	0.4683169	2.436904	0.4861635	1.349846
2580	-670.3734	-838.1688	167.7954	0.6920872	5.008294	1.087986	0.9250292
2586	-665.3429	-833.1301	167.7873	1.109712	4.918521	0.9112513	0.6734992
2592	-655.3025	-823.6066	168.3041	1.070225	4.021806	0.836412	0.8238286
2598	-652.9974	-822.4313	169.4339	0.6266424	3.111952	0.6255674	0.9450609
2604	-643.8566	-814.3305	170.4739	0.6572781	1.854416	0.6255674	0.8313002
2610	-656.3188	-825.1181	168.7992	0.5942044	3.048176	1.254569	1.028291
2616	-643.043	-812.291	169.248	0.3731468	3.365434	1.140063	0.5662772
2622	-648.4825	-816.9497	168.4672	0.4878837	3.671456	1.617659	0.507696
2628	-646.2116	-816.7856	170.5739	0.1778386	2.112058	0.9328538	0.5633523
2634	-642.968	-812.7622	169.7943	0.08981022	2.910385	1.17337	0.6146621
2640	-642.1122	-811.7066	169.5944	0.1346491	3.571669	0.9067612	0.5026313
2646	-665.5409	-833.4351	167.8941	0.2895881	6.796808	0.7534949	0.6306323
2652	-641.0876	-810.1	169.0125	0.1073527	4.604501	0.8329459	0.7169247
2658	-653.8587	-822.3425	168.4839	0.1073527	5.007507	1.216995	0.4654849
2664	-646.3408	-814.8885	168.5477	0.1672522	5.224331	0.9833034	0.47984
2670	-650.8132	-819.336	168.5229	0.4358878	4.35695	1.184002	0.6113135
2676	-646.5275	-814.6463	168.1189	0.05765755	4.743558	1.652315	0.7889314
2682	-643.3833	-814.0424	170.6591	0.1848885	1.936824	0.9350345	0.6948161
2688	-643.9057	-814.7553	170.8496	0.1702133	2.186191	0.5507705	0.6948161
2694	-650.2851	-820.0324	169.7473	0.09562317	3.413113	0.7709192	0.7922664
2700	-654.7809	-824.7118	169.9308	0.1746136	3.325755	0.6850339	0.5516532
2706	-653.0792	-821.2834	168.2042	0.558934	4.580591	1.260184	0.5950834
2712	-654.3694	-823.7221	169.3527	0.09098564	3.465692	1.260184	0.5015971
2718	-656.6731	-825.283	168.6099	0.318906	4.813706	0.9840587	0.507853
2724	-660.6418	-829.2749	168.6331	0.06516537	4.924818	0.9515281	0.8909876
2730	-649.3678	-819.1794	169.8116	0.3658993	2.796232	0.7519419	0.9228582
2736	-655.6755	-819.8927	164.2172	5.815586	2.509042	0.8094505	1.208077
2742	-652.3704	-814.4079	162.0375	7.345139	3.309244	0.8921376	1.206072
2748	-645.7814	-813.969	168.1876	1.793963	2.522401	0.9066749	1.159375
2754	-645.4331	-813.3942	167.9612	1.793963	2.622387	0.7170847	1.436911
2760	-642.0324	-808.3146	166.2821	3.184446	3.062153	0.6942912	1.432921
2766	-642.9096	-811.3401	168.4305	1.489101	3.226937	0.5317776	1.098593
2772	-646.6971	-812.2379	165.5408	4.180919	2.856068	0.4750246	1.515672
2778	-653.4	-821.6075	168.2075	1.701906	2.835642	0.6280289	1.260476
2784	-663.2879	-827.189	163.9012	5.546481	2.667744	0.5155976	1.782126
2790	-651.6812	-819.4289	167.7476	2.178306	2.407522	0.8432286	1.333056
2796	-658.6792	-827.4358	168.7567	1.642807	2.419723	0.5862226	1.143184
2802	-653.4111	-822.5302	169.119	0.8043178	3.048549	0.6722023	1.078004
2808	-650.5821	-816.9119	166.3298	2.827469	4.216171	0.7527566	1.027713
2814	-643.1227	-809.7556	166.6329	2.680218	3.367792	1.116704	1.030625
2820	-661.7104	-824.2874	162.577	6.540135	3.452692	1.492272	0.7623416
2826	-658.9944	-827.4925	168.498	0.8678024	3.10951	1.500539	0.7191719
2832	-660.8602	-829.7618	168.9016	0.5303838	3.487871	1.253072	0.5487059
2838	-659.6077	-829.7639	170.1562	0.1045576	2.751854	0.9247725	0.570287
2844	-669.8054	-838.713	168.9076	0.2741471	4.424776	0.9247725	0.605385
2850	-671.6408	-841.4435	169.8027	0.2528692	3.000061	0.9247725	0.6480418
2856	-657.5176	-827.4462	169.9286	1.037122	1.728347	0.8121626	0.9354063
2862	-664.7177	-834.8771	170.1594	0.07018437	2.286288	1.15875	0.84107
2868	-651.1467	-820.4905	169.3438	0.07018437	3.495708	1.1064	0.8436236
2874	-646.82	-816.2841	169.464	0.07018437	3.169855	1.201645	0.8436236
2880	-654.0493	-823.2698	169.2205	0.2560752	3.574622	1.114656	0.6607861
2886	-663.4863	-833.4359	169.9496	0.2680142	2.944279	0.813034	0.6219649
2892	-656.6928	-827.3921	170.6993	0.1994237	1.890436	0.9774843	0.5422027
2898	-644.7459	-815.7768	171.0308	0.1081379	2.017547	0.5256411	0.7673982
2904	-654.5312	-823.9038	169.3726	0.2676026	3.654057	0.9095331	0.6421051
2910	-644.7945	-813.0801	168.2856	0.1722461	5.170587	1.264937	0.5443677
2916	-649.2305	-815.8259	166.5954	0.07676476	7.986553	1.801022	0.4335565
2922	-646.2074	-815.6829	169.4754	0.1204993	4.108075	0.6738418	0.6513592
2928	-652.3676	-821.6554	169.2878	0.1232897	3.83803	1.019225	0.6538545
2934	-663.2222	-833.8311	170.6089	0.3964875	1.701879	1.013423	0.6260752
2940	-664.07	-833.6366	169.5666	0.7340583	2.554127	1.025778	0.5930577
2946	-656.4913	-826.2362	169.7449	0.09969424	3.198445	1.009009	0.6254699
2952	-646.5763	-815.9612	169.3849	0.1228756	3.523762	1.132229	0.6240951
2958	-652.5316	-821.1216	168.59	0.4653049	4.481639	0.9988627	0.6551562
2964	-666.5387	-829.4847	162.946	5.688602	3.759878	1.755713	0.7966413
2970	-647.7568	-817.1937	169.4368	0.4608729	3.261551	0.8298857	0.7733852
2976	-653.3118	-820.9152	167.6034	0.6011468	6.223496	0.9043367	0.7733852
2982	-650.1414	-816.7354	166.594	2.624649	3.936053	0.6184529	1.241232
2988	-649.5419	-816.9423	167.4004	2.093789	3.015773	0.8072193	1.348398
2994	-648.7268	-818.0728	169.3459	1.412033	1.949582	0.7351684	1.02834
3000	-648.0586	-816.1776	168.119	2.130904	2.621831	0.564759	1.157969
3006	-654.6018	-820.9256	166.3238	2.375828	4.521866	0.7096241	1.314658
3012	-659.435	-827.3141	167.8791	2.149286	2.897574	0.5329103	1.203096
3018	-654.7962	-820.2021	165.4059	3.591753	4.542397	0.727453	1.028156
3024	-650.1654	-815.3513	165.1859	3.727145	4.050953	1.121663	1.000115
3030	-661.6023	-828.758	167.1556	2.334159	3.397758	0.8898919	1.059841
3036	-654.5156	-820.6194	166.1039	2.241657	5.338977	1.069323	0.915851
3042	-654.6229	-822.4562	167.8333	2.241657	2.761492	0.922233	0.8749425
3048	-667.3022	-838.2189	170.9168	0.09087555	2.033594	0.5594952	0.8749425
3054	-648.6974	-818.529	169.8316	0.09087555	3.21898	0.6548716	0.9824273
3060	-656.1004	-825.7059	169.6055	0.4394523	2.940351	0.7246547	0.9824273
3066	-656.9268	-826.4089	169.4821	1.088368	1.980602	0.8549898	1.067754
3072	-643.9093	-812.4813	168.572	0.8005537	4.184144	0.8275716	0.6999099
3078	-651.2803	-820.9183	169.638	0.1947198	3.274383	0.9115665	0.7359397
3084	-652.3432	-819.4487	167.1055	1.709213	4.698474	0.8663983	0.9869749
3090	-663.831	-831.463	167.6319	2.494517	2.403077	1.048261	0.976249
3096	-658.3332	-826.1138	167.7806	2.494517	2.403077	0.715162	1.150604
3102	-653.0731	-822.6878	169.6146	0.619573	2.952225	0.7492331	0.7064455
3108	-660.9903	-829.8138	168.8235	0.4545344	4.003102	0.5792916	1.189932
3114	-675.9853	-845.302	169.3167	0.1697458	4.137127	0.7092679	0.7510877
3120	-662.7639	-832.4474	169.6835	0.3312961	3.191644	0.8296509	0.6567849
3126	-662.8687	-832.9772	170.1084	0.7788939	1.967069	0.7331602	0.8784115
3132	-665.4809	-833.3772	167.8962	1.142736	4.405062	0.8561789	0.932779
3138	-652.8522	-820.7385	167.8863	1.685676	3.746534	0.5818447	1.063499
3144	-658.6196	-826.771	168.1514	2.14521	1.916869	1.147236	1.101251
3150	-654.9695	-822.1917	167.2222	2.395798	3.571	0.6810104	1.029973
3156	-661.0523	-830.9256	169.8733	0.08385795	3.189988	0.7857826	0.8175856
3162	-650.2406	-820.4018	170.1612	0.3060209	2.654159	0.609047	0.8749539
3168	-672.3163	-840.7919	168.4755	1.493359	2.746811	0.6206015	1.270772
3174	-661.4123	-830.3144	168.9021	0.9838344	3.015164	0.7567612	1.055522
3180	-657.1048	-826.8398	169.735	0.1426225	3.432176	0.7769533	0.7128522
3186	-659.1973	-827.4826	168.2853	1.300853	3.432176	0.9521554	0.8714185
3192	-655.1602	-823.0734	167.9132	0.854336	4.606736	1.172965	0.7346527
3198	-652.4174	-820.7371	168.3197	0.759326	4.563773	0.7527592	0.9052086
3204	-658.359	-827.9819	169.6229	0.6474448	2.446501	0.8578787	0.9891663
3210	-666.1861	-833.514	167.3279	0.3504437	6.302114	1.46497	0.3707053
3216	-661.0994	-830.4566	169.3572	0.1525469	3.287803	1.309708	0.4762781
3222	-655.6496	-824.3535	168.7039	0.1172603	4.101866	1.490257	0.5122521
3228	-650.1162	-818.619	168.5028	0.1952187	4.77365	1.23607	0.5122521
3234	-644.3137	-813.7263	169.4126	0.1480516	4.101165	0.7513635	0.4944085
3240	-641.0191	-810.8255	169.8064	0.09318715	3.131687	0.931437	0.7506652
3246	-651.2648	-820.1128	168.848	0.07768438	4.499171	1.082792	0.7209768
3252	-663.8619	-833.1146	169.2526	0.431423	3.763835	0.755361	0.7209768
3258	-650.8773	-820.1526	169.2753	0.102874	3.763835	1.100381	0.6482471
3264	-655.4514	-824.6908	169.2394	0.1808207	3.945618	0.982023	0.5349706
3270	-653.4496	-823.1515	169.7019	0.1588593	3.336504	0.8974487	0.6329933
3276	-658.3434	-828.3129	169.9695	0.0993409	2.665081	1.133725	0.6864858
3282	-656.4573	-826.2282	169.771	0.09296378	3.663475	0.6666852	0.6697965
3288	-661.4424	-831.7692	170.3268	0.09296378	2.448241	0.7063163	0.9900324
3294	-654.6535	-824.7617	170.1082	0.4674203	2.448241	0.6350364	0.9001071
3300	-661.9179	-831.9987	170.0807	0.1986614	3.135869	0.5691197	0.7189037
3306	-649.1413	-819.5637	170.4223	0.2314623	2.535712	0.6702575	0.6368221
3312	-654.7333	-824.451	169.7177	0.1659225	3.645066	0.6385441	0.7064364
3318	-652.9861	-823.0057	170.0197	0.1453232	3.17495	0.664293	0.7064364
3324	-648.7224	-818.4484	169.726	0.1511969	3.443876	0.791532	0.6738082
3330	-655.5548	-825.0106	169.4558	0.1546905	3.443876	1.102123	0.5538011
3336	-658.9742	-828.8691	169.8949	0.1130625	3.17074	0.8860327	0.5538011
3342	-652.5075	-822.4221	169.9146	0.1564226	3.041193	0.8860327	0.635916
3348	-655.0041	-824.5727	169.5687	0.2363921	3.440123	0.8972988	0.6012156
3354	-652.0976	-821.3101	169.2125	0.2363921	4.002537	0.7838088	0.8102558
3360	-652.1297	-822.24	170.1103	0.3195834	2.45792	0.9259543	0.6931486
3366	-637.0692	-807.3993	170.3301	0.1059076	2.216921	1.16667	0.5429912
3372	-642.669	-812.6818	170.0128	0.2358462	2.943523	0.6668571	0.814847
3378	-644.0022	-813.8896	169.8874	0.232772	3.348131	0.5890659	0.713448
3384	-640.3164	-810.6629	170.3465	0.1225083	2.579823	0.8345761	0.6034331
3390	-647.4731	-817.7437	170.2706	0.1488105	2.707543	0.7933915	0.5895523
3396	-660.433	-830.1385	169.7055	0.4922967	2.683476	0.7446405	0.9955783
3402	-652.6896	-822.3517	169.6621	0.6702381	2.827806	0.6517307	0.8327086
3408	-661.8276	-829.9014	168.0737	1.498272	2.797671	0.7982667	1.415934
3414	-660.9865	-830.83	169.8435	0.437932	2.84279	0.4915308	1.047678
3420	-668.5209	-839.2611	170.7401	0.1844	2.114555	0.5274703	0.9284163
3426	-673.9096	-843.6853	169.7757	0.3926783	3.173551	0.530745	0.8842961
3432	-668.9709	-837.4421	168.4712	1.275619	3.312872	0.9379194	0.7854904
3438	-657.8762	-826.8646	168.9884	0.6165871	3.312872	0.9416727	0.9491483
3444	-652.962	-820.9963	168.0343	1.436933	4.009354	0.6057675	0.982413
3450	-650.6395	-819.4343	168.7948	1.436933	2.590906	0.555294	1.202142
3456	-655.964	-822.6487	166.6847	3.329994	2.480593	0.5848546	1.421765
3462	-646.7498	-815.7495	168.9997	1.419158	2.537047	0.5848546	1.043321
3468	-661.1224	-828.211	167.0885	3.031633	2.895098	0.4364869	1.208531
3474	-659.3837	-823.9135	164.5297	4.143373	4.891779	0.7603252	1.124063
3480	-648.8848	-814.9418	166.057	2.989496	3.866004	1.057021	1.041529
3486	-644.5232	-806.0394	161.5162	7.884768	3.33456	1.032855	1.047894
3492	-645.2165	-810.9838	165.7673	4.647507	2.086392	0.7898786	1.186288
3498	-659.0699	-822.7785	163.7086	5.989845	2.560212	0.6912256	1.534393
3504	-660.6222	-824.7374	164.1152	5.93619	2.363626	0.6505069	1.412994
3510	-654.3379	-818.7252	164.3873	4.607523	3.545907	0.6880654	1.550582
3516	-655.5976	-817.8122	162.2146	6.082366	5.548609	1.137626	0.7624197
3522	-654.4176	-821.7443	167.3267	0.8716998	5.346496	1.436807	0.5348001
3528	-661.4758	-828.1297	166.6539	1.264577	6.433603	1.191136	0.5929318
3534	-660.9547	-827.0973	166.1427	1.610446	5.22699	1.826322	0.7842167
3540	-658.6513	-825.8198	167.1685	1.418348	5.22699	1.076901	0.6420886
3546	-652.0808	-820.096	168.0152	1.39785	3.514884	1.154006	0.7655332
3552	-655.481	-820.0555	164.5745	4.007999	4.481527	1.387543	0.7922254
3558	-651.5228	-818.2427	166.7199	2.407798	3.58206	0.8100851	1.337797
3564	-650.3251	-817.2132	166.8881	2.407798	3.58206	0.8100851	1.198923
3570	-659.7796	-828.4926	168.713	1.721757	2.036615	0.7236598	1.26065
3576	-670.6792	-837.4937	166.8145	2.628409	3.169432	0.8756724	1.248351
3582	-662.3439	-829.168	166.824	3.955381	1.822326	0.9521585	0.8946071
3588	-651.6307	-815.9009	164.2702	5.07081	3.352148	1.036042	1.090288
3594	-659.7134	-825.2418	165.5283	4.015546	3.170949	1.036042	1.012424
3600	-648.4917	-812.1775	163.6859	5.100483	4.233447	1.151464	0.9903205
3606	-655.4409	-819.3865	163.9456	5.100483	4.233447	0.9191921	0.9622118
3612	-659.314	-824.6242	165.3102	3.820392	3.795962	1.136675	0.9178822
3618	-659.5552	-828.0044	168.4492	0.734731	3.933344	1.105022	0.7905568
3624	-659.2013	-825.7307	166.5293	1.727383	5.878613	0.983455	0.8117458
3630	-652.4678	-819.1377	166.6699	2.736073	3.793232	0.8634678	0.9173708
3636	-658.9515	-826.1751	167.2236	2.736073	2.820324	0.9433287	0.9325995
3642	-646.5461	-815.3246	168.7785	1.567973	2.216208	0.9752713	0.9779298
3648	-649.6066	-815.7373	166.1307	2.570984	4.563199	1.211654	0.807524
3654	-655.1919	-819.1329	163.941	3.968699	5.982092	0.9767759	1.129529
3660	-657.6989	-823.9884	166.2895	3.968699	2.469797	0.7304289	1.105598
3666	-658.5152	-825.6328	167.1176	2.511492	2.914976	0.7831159	1.31644
3672	-673.1076	-842.2481	169.1405	0.6282971	3.322774	0.5545584	1.156153
3678	-652.0608	-822.0704	170.0095	0.7601422	2.128504	0.5545584	1.046308
3684	-642.3387	-811.7784	169.4397	0.8838671	2.828849	0.5758027	0.9298802
3690	-646.6618	-816.1609	169.499	0.7704162	2.654241	0.8206186	0.8586155
3696	-654.6622	-825.2067	170.5446	0.4148397	2.102374	0.4430177	0.9907179
3702	-660.538	-830.0407	169.5026	0.438869	3.107463	0.6163305	1.075252
3708	-661.4231	-830.5137	169.0905	0.812777	3.107463	0.9843988	0.6845335
3714	-660.6412	-828.8781	168.2369	0.06020025	6.216968	0.8435307	0.7303901
3720	-649.2703	-818.6786	169.4083	0.106733	3.721019	1.02627	0.5168451
3726	-654.1065	-824.2807	170.1742	0.1813434	2.987313	0.5635831	0.7680124
3732	-662.5108	-830.7933	168.2825	1.738369	2.987313	0.9240384	0.7292706
3738	-660.4621	-828.0907	167.6286	1.820592	2.789692	1.636731	0.7292706
3744	-652.1343	-818.1326	165.9983	3.603735	3.15975	0.9927926	1.005165
3750	-661.4243	-829.8133	168.389	1.781169	1.823414	1.47425	0.9866996
3756	-653.5014	-822.483	168.9816	1.202516	2.477015	1.034052	0.8658474
3762	-655.744	-822.1696	166.4256	2.128802	4.934702	1.186999	0.768887
3768	-651.2759	-817.6744	166.3985	2.057224	4.23477	1.712003	0.7051759
3774	-657.6604	-827.1499	169.4895	1.60772	1.398138	0.9331807	0.9905674
3780	-658.192	-827.5144	169.3224	1.015064	2.102937	0.822721	1.212678
3786	-660.4068	-828.2233	167.8165	2.081959	2.755641	0.4869669	1.427831
3792	-663.3985	-830.7132	167.3147	2.167792	3.257701	0.6675116	1.337296
3798	-665.7321	-831.9188	166.1867	2.167792	5.247261	1.147256	0.8695502
3804	-668.9427	-838.5354	169.5927	0.6724594	2.353168	0.6935527	1.212014
3810	-656.2111	-823.4356	167.2245	2.003083	3.612017	1.063996	1.011781
3816	-661.4772	-827.099	165.6218	3.909723	3.278818	1.055918	0.9297907
3822	-653.6712	-820.9859	167.3147	2.231229	3.266925	1.164395	0.7923139
3828	-659.6347	-827.7502	168.1155	0.8610708	4.557377	0.8022014	0.965947
3834	-668.4227	-838.1486	169.7259	0.472734	2.946228	0.7312609	0.7933261
3840	-652.6954	-821.6825	168.9871	0.1543057	4.743279	0.7312609	0.7243943
3846	-639.751	-809.8305	170.0796	0.1304231	3.002106	0.7312609	0.7183975
3852	-653.9701	-823.2703	169.3002	0.1003252	4.046945	0.8435684	0.7580764
3858	-660.935	-829.8987	168.9637	0.1003252	3.854581	1.384388	0.4285476
3864	-674.0668	-842.7734	168.7067	0.2892993	3.959157	1.384388	0.5951219
3870	-673.2533	-840.9243	167.671	0.1520441	5.830972	1.553688	0.396667
3876	-657.7102	-826.8618	169.1516	0.1991332	3.683849	1.199101	0.4176426
3882	-652.808	-821.6793	168.8714	0.3186446	3.451905	1.521159	0.4718663
3888	-660.2101	-829.5335	169.3233	0.3327967	3.61668	0.9410959	0.4322998
3894	-649.849	-819.3273	169.4782	0.2698489	3.61668	0.8592273	0.499633
3900	-653.8303	-822.7413	168.911	0.3077935	3.61668	1.386971	0.5285962
3906	-653.6361	-822.9136	169.2774	0.3010338	3.61078	1.032057	0.5166038
3912	-650.5194	-820.7957	170.2763	0.2040492	2.39508	0.9714627	0.583409
3918	-651.5921	-820.6403	169.0482	0.2823043	4.481165	0.7637703	0.4901079
3924	-646.0299	-814.9016	168.8717	0.1189229	4.481165	1.042627	0.6959262
3930	-647.3845	-816.4363	169.0518	0.1726138	4.770406	0.7096232	0.5336547
3936	-653.4389	-823.3743	169.9353	0.3107251	2.772937	0.9331066	0.5031799
3942	-656.2079	-826.2605	170.0527	0.2797975	2.772937	0.7583802	0.7406124
3948	-653.7211	-821.7765	168.0554	1.212803	3.774095	0.7826575	1.142048
3954	-651.2455	-819.8081	168.5626	2.183949	1.82128	0.7277724	1.148717
3960	-655.8546	-823.6922	167.8376	2.342738	2.710887	0.9314598	0.7765479
3966	-661.004	-828.5024	167.4984	2.355299	2.878387	0.7538325	1.174989
3972	-652.2475	-820.7233	168.4758	1.547145	2.450085	1.08243	1.00929
3978	-648.0607	-814.7724	166.7118	3.615382	2.450085	0.6575831	1.122958
3984	-661.9584	-828.803	166.8447	2.467562	4.216685	0.6590071	0.9660183
3990	-643.7563	-809.8613	166.105	3.949811	2.424898	0.8009009	1.25138
3996	-657.6184	-822.9851	165.3667	3.949811	4.048673	0.7074775	1.012126
4002	-651.0831	-822.5583	171.4752	0.1071551	1.321148	0.6765277	0.8170925
4008	-657.6073	-827.2295	169.6221	0.2397655	3.701026	0.4763655	0.904336
4014	-655.7784	-826.642	170.8636	0.48657	1.744838	0.5873186	0.7113115
4020	-660.4991	-829.1165	168.6174	1.56862	2.532521	0.7982001	1.0652
4026	-663.4321	-830.0186	166.5865	2.788869	3.354454	1.150837	0.941666
4032	-663.3919	-828.7732	165.3813	3.740434	3.3939	0.9516991	1.326372
4038	-661.6314	-826.934	165.3026	3.505317	4.155368	0.9461186	1.201556
4044	-656.2146	-822.7518	166.5372	2.623064	3.809921	0.9833381	1.035922
4050	-652.827	-821.3116	168.4846	1.490312	2.763113	1.079193	0.8029296
4056	-653.3044	-821.3445	168.0401	1.490312	3.620104	0.9330212	0.8154457
4062	-646.5005	-815.9532	169.4527	0.3852884	2.907887	1.216935	0.6256474
4068	-649.0609	-818.781	169.7201	0.4109111	2.940575	0.7992288	0.7982294
4074	-642.7004	-812.7556	170.0552	0.1081196	3.201419	0.6733651	0.6591187
4080	-663.2852	-832.5486	169.2634	0.4636571	3.201419	1.072842	0.725441
4086	-644.2235	-813.7524	169.5289	0.1196796	3.847204	0.8049294	0.576763
4092	-657.6946	-827.0266	169.332	0.1561847	4.064059	0.8423288	0.5427788
4098	-661.238	-830.8869	169.6489	0.4262337	3.18784	0.7422179	0.7119254
4104	-658.6385	-827.4306	168.7921	0.07951012	4.566806	1.082946	0.7468486
4110	-657.3158	-824.1114	166.7956	2.528202	4.039856	0.7479997	0.9691814
4116	-639.1597	-807.4441	168.2843	1.329719	3.556394	0.7971623	0.9245165
4122	-649.6645	-817.7302	168.0657	1.256759	3.583346	0.9074063	1.088033
4128	-652.9145	-821.577	168.6625	1.275805	2.810689	0.8149376	1.088033
4134	-664.955	-832.764	167.809	1.275805	4.332177	0.8149376	0.9714706
4140	-664.4003	-833.8537	169.4534	0.3965792	3.145365	1.058862	0.5654169
4146	-671.7183	-840.1265	168.4082	0.2995101	5.222379	0.9919677	0.4859481
4152	-671.3088	-840.4145	169.1057	0.3614645	4.000327	0.8359816	0.7087729
4158	-668.3182	-835.9456	167.6275	1.423824	4.296893	0.8347852	1.00564
4164	-662.8747	-830.9776	168.1029	1.27862	3.747996	0.5442284	1.263073
4170	-656.8021	-825.8122	169.0101	1.191478	2.278691	0.6701661	1.33238
4176	-658.6266	-824.3051	165.6784	3.844861	3.263719	0.715603	1.26173
4182	-657.026	-821.5073	164.4813	5.40971	2.562583	0.9238418	1.196595
4188	-657.7124	-823.4707	165.7582	3.901133	2.684324	0.8672391	1.358638
4194	-658.5146	-825.592	167.0774	3.14131	2.289826	0.6225707	1.349583
4200	-658.1346	-826.0586	167.924	1.850052	3.338614	0.7185939	0.9873814
4206	-668.2884	-837.8844	169.596	0.8454194	2.512282	0.9209626	0.5790839
4212	-655.188	-824.4959	169.3079	0.3515468	3.506792	0.9975897	0.6077741
4218	-654.2424	-825.2724	171.03	0.1399309	1.820387	0.6117171	0.8373055
4224	-649.6022	-820.5223	170.9201	0.1597026	1.982166	0.5760445	0.8197342
4230	-645.6144	-815.6123	169.9979	0.1343803	2.985869	0.8670555	0.6271143
4236	-647.9017	-817.6205	169.7188	0.4498961	2.972315	0.8633233	0.5489661
4242	-646.0718	-815.3734	169.3016	0.1731189	3.911661	0.9023827	0.671186
4248	-638.9334	-808.0018	169.0684	0.2208676	3.911661	1.125064	0.5766061
4254	-654.6067	-824.4858	169.8791	0.2273848	3.288174	0.6578999	0.6864954
4260	-645.2821	-815.353	170.071	0.187168	2.818864	0.8578471	0.632417
4266	-665.9262	-835.343	169.4168	0.2533604	4.027085	0.6491868	0.647555
4272	-651.6404	-822.0548	170.4144	0.2944094	2.366957	0.7209151	0.6878183
4278	-663.4021	-833.2437	169.8417	0.1819278	3.276383	0.744972	0.6932101
4284	-649.5622	-819.1517	169.5895	0.1984983	3.6399	0.744972	0.6932101
4290	-661.4083	-832.0984	170.69	0.1000235	2.051649	0.8067487	0.820262
4296	-661.2501	-831.722	170.4719	0.6017929	1.791048	0.7473267	0.820262
4302	-662.0958	-831.3902	169.2944	0.1978342	3.934918	0.8955417	0.6155615
4308	-652.8445	-821.7432	168.8987	0.3192445	3.934918	1.192883	0.4894569
4314	-660.7885	-829.0168	168.2283	0.7751218	4.259	1.203684	0.5855879
4320	-667.6771	-835.9506	168.2735	0.7751218	3.114267	1.879005	0.5754141
4326	-664.7273	-831.1582	166.4308	1.9604	4.087655	1.879005	0.6747796
4332	-665.3161	-831.573	166.2569	1.735027	4.763466	1.923301	0.6193134
4338	-665.0508	-831.167	166.1162	2.36002	4.104762	1.699568	0.8055164
4344	-665.4498	-833.008	167.5582	2.138368	3.060386	1.100285	0.8606577
4350	-658.9146	-826.1577	167.2431	1.603534	4.528094	1.101486	0.7868901
4356	-674.0521	-839.8172	165.7651	1.464146	7.57837	1.262043	0.8281263
4362	-675.2784	-838.5874	163.309	3.838337	7.57837	1.360326	0.8070235
4368	-668.6931	-832.517	163.8238	4.127218	5.494067	1.34774	0.9577087
4374	-660.2252	-828.517	168.2919	1.228329	3.798564	0.8822926	0.7453972
4380	-656.5261	-822.9838	166.4577	3.773327	2.365452	0.7199833	1.210308
4386	-661.636	-824.718	163.082	5.593724	5.249863	0.7717026	0.929312
4392	-651.6971	-817.9374	166.2403	3.294532	3.401248	0.9302663	0.9735071
4398	-653.9248	-819.013	165.0881	3.483289	4.885597	1.173269	0.8000568
4404	-651.7922	-821.0042	169.2121	0.7639808	3.470648	0.5655627	0.8373368
4410	-656.1925	-824.6521	168.4596	1.038014	3.546656	0.9469332	0.8944118
4416	-654.3545	-821.9967	167.6422	1.058701	4.957979	0.9298054	0.8928539
4422	-649.0021	-813.9714	164.9693	3.864865	4.566561	0.8302171	1.073285
4428	-638.9846	-807.0204	168.0358	1.464582	3.663892	0.9801801	0.7537253
4434	-650.8015	-821.068	170.2665	0.288909	2.42987	0.7106204	0.852217
4440	-648.555	-818.7682	170.2131	0.2636988	2.43573	0.7713932	0.868035
4446	-649.4852	-817.8637	168.3785	0.4407991	5.588333	0.6226638	0.721297
4452	-645.033	-815.1753	170.1423	0.3030315	2.721942	0.7358312	0.6449544
4458	-645.6718	-815.8216	170.1498	0.2595372	2.7182	0.7745715	0.6449544
4464	-645.3048	-814.9543	169.6495	0.1401097	3.531905	0.7745715	0.7537903
4470	-638.4392	-808.163	169.7238	0.1607875	3.531905	0.6060549	0.851533
4476	-641.3078	-810.1361	168.8282	0.6198469	3.817141	0.7913185	0.9340195
4482	-658.1952	-825.7739	167.5787	1.709336	3.857842	0.822846	1.039213
4488	-652.9193	-819.4392	166.5199	1.669144	5.61022	1.236459	0.7307607
4494	-649.9737	-816.7836	166.8099	3.280092	2.210532	1.10934	1.100412
4500	-646.1115	-810.3899	164.2784	4.671275	4.142606	1.10934	0.9184036
4506	-641.5041	-808.3904	166.8863	2.124564	4.142606	1.10934	0.8478267
4512	-647.4506	-816.0162	168.5656	1.283762	3.237755	0.800419	0.8911123
4518	-655.7816	-823.9717	168.1901	1.454949	3.257705	0.9266182	0.9615077
4524	-658.0491	-827.0409	168.9918	0.6816074	3.451444	0.7705546	0.9615077
4530	-652.8051	-822.826	170.0209	0.2082431	2.735614	0.9661399	0.5786008
4536	-661.8713	-831.8776	170.0062	0.2644028	2.677355	0.9661399	0.5838708
4542	-651.0498	-820.8627	169.8129	0.2430058	2.372436	1.41354	0.5838708
4548	-649.2386	-817.7168	168.4782	0.08711883	4.65333	1.41354	0.6086903
4554	-655.89	-824.2852	168.3951	0.3907955	4.285564	1.41354	0.4488829
4560	-658.0972	-827.2212	169.124	0.1449125	3.529383	1.365088	0.3892593
4566	-651.9842	-821.8969	169.9127	0.151032	2.640555	1.207243	0.5560018
4572	-648.7297	-818.1302	169.4005	0.3348642	3.735896	0.6296988	0.8478764
4578	-656.8025	-825.4766	168.6741	0.6447551	4.520295	0.6568621	0.7537164
4584	-653.9342	-824.0535	170.1193	0.1244829	2.968164	0.7019282	0.7488366
4590	-650.474	-819.9271	169.4531	0.0729008	3.108675	1.322048	0.7488366
4596	-660.283	-828.7947	168.5117	0.06030005	4.954842	0.9789729	0.9801904
4602	-654.4267	-824.7106	170.2839	0.0684449	2.229299	1.014302	0.9192043
4608	-660.4149	-830.2581	169.8431	0.06621362	2.504538	0.8285932	1.297727
4614	-655.7226	-826.1474	170.4249	0.05908503	2.151349	0.533995	1.297727
4620	-648.7725	-819.1437	170.3712	0.05908503	2.151349	0.5806527	1.303419
4626	-652.2361	-822.3396	170.1036	0.05908503	2.151349	0.5806527	1.511188
4632	-649.0167	-818.5686	169.5519	0.05908503	3.611012	0.7312727	0.9609984
4638	-654.1916	-822.9387	168.7472	0.05908503	4.366186	1.082456	0.9628757
4644	-659.672	-825.729	166.057	3.318516	3.254721	0.8653621	1.265107
4650	-657.4637	-826.1484	168.6848	0.07864952	4.745273	1.089546	0.7532397
4656	-648.1308	-818.4556	170.3248	0.3969054	1.942339	1.089546	0.6168862
4662	-642.1373	-813.0036	170.8663	0.1643213	2.010339	0.6850797	0.6962515
4668	-656.0229	-825.2809	169.258	0.5415299	3.049342	1.09973	0.7330921
4674	-650.6221	-817.8064	167.1844	0.8167674	5.701468	1.409007	0.6814394
4680	-645.7944	-812.8452	167.0508	1.884886	4.167188	1.256294	0.7298635
4686	-646.9094	-816.8912	169.9819	0.3845693	2.853643	0.6388043	0.7803583
4692	-650.6944	-821.0694	170.375	0.2744165	2.708746	0.5171317	0.6931317
4698	-646.5713	-816.99	170.4187	0.1113976	2.641226	0.6500991	0.7523489
4704	-657.8575	-827.68	169.8225	0.557562	2.639339	0.7519768	0.8204425
4710	-658.8818	-825.1119	166.23	3.741403	2.421241	0.7317296	1.376867
4716	-656.4684	-823.7087	167.2403	2.926896	2.425932	0.5323326	1.376867
4722	-648.8047	-814.8756	166.0709	3.041546	3.69104	0.5998206	1.459965
4728	-647.705	-816.1304	168.4254	1.12397	3.592171	0.6836018	1.079956
4734	-649.8271	-818.2971	168.47	1.001176	3.540812	0.8536005	1.023623
4740	-647.857	-815.6809	167.8239	1.724574	3.540812	0.8536005	0.9450511
4746	-659.0173	-825.021	166.0038	3.153543	3.859666	0.7958774	1.181788
4752	-661.3977	-830.5852	169.1875	1.265057	2.001351	0.8286852	1.181788
4758	-673.7533	-841.7223	167.969	2.156297	2.592979	0.6986255	1.168889
4764	-655.612	-824.0717	168.4597	1.64275	2.535995	0.7077234	1.217834
4770	-666.8583	-836.5324	169.6741	0.1584414	3.481478	0.8226361	0.651843
4776	-654.0649	-823.9164	169.8515	0.09388376	3.482542	0.6839452	0.7002223
4782	-655.9831	-825.9321	169.9489	0.224419	3.372143	0.5265112	0.7025814
4788	-654.5998	-824.7662	170.1665	0.2286238	2.54366	0.8896832	0.7025814
4794	-648.7312	-818.0938	169.3626	0.5535816	3.292357	0.8409989	0.6944965
4800	-661.3356	-829.8221	168.4865	0.3142645	4.588638	1.231784	0.5358165
4806	-656.9677	-825.2396	168.2719	0.5757376	4.588638	1.176583	0.5768016
4812	-650.755	-820.2452	169.4902	0.1241085	3.41918	1.118718	0.523706
4818	-656.1253	-826.2559	170.1306	0.2915951	2.475273	0.8038597	0.8580291
4824	-659.4805	-829.2663	169.7858	0.2012772	3.112124	0.9365133	0.5945062
4830	-649.7709	-818.8232	169.0522	0.1564439	4.414866	0.9151939	0.5649873
4836	-651.3993	-820.4014	169.002	0.1331274	4.414866	0.9924297	0.5463534
4842	-647.8563	-816.3602	168.5039	0.1317886	5.234215	1.057342	0.4771103
4848	-652.2557	-822.4408	170.1851	0.1647282	2.565542	0.9638844	0.6051311
4854	-656.0126	-825.3902	169.3775	0.1385982	3.613664	1.0795	0.58703
4860	-649.1278	-819.2139	170.0861	0.1417745	3.089935	0.6548192	0.7144517
4866	-661.6261	-829.7965	168.1703	1.629191	3.173286	0.8014336	0.9898125
4872	-660.8708	-828.5107	167.6398	1.629191	3.316053	1.312887	0.9086937
4878	-664.3465	-830.159	165.8125	2.962882	4.285569	1.209696	0.9086937
4884	-672.5595	-837.8552	165.2957	3.518698	4.551605	0.8915638	1.041696
4890	-657.1827	-824.5583	167.3756	2.707319	2.371028	0.7223146	1.327032
4896	-653.0882	-819.4377	166.3494	2.884115	3.400135	1.215184	0.9908889
4902	-644.7472	-813.6843	168.9371	1.739265	1.682198	1.089695	0.9908889
4908	-658.0418	-825.9317	167.8899	2.231233	2.433945	1.015127	0.9908889
4914	-655.0523	-823.7391	168.6869	0.5908055	3.457784	0.8199468	1.272923
4920	-663.531	-830.7229	167.1919	2.420509	2.705007	0.7289116	1.489698
4926	-656.877	-826.6119	169.735	0.8121969	1.99569	0.9290023	1.006428
4932	-659.352	-827.7621	168.4101	1.018084	3.890641	0.9290023	0.7283843
4938	-666.6184	-834.4221	167.8037	0.5845806	5.305276	1.210118	0.6933629
4944	-654.2043	-824.0827	169.8784	0.1771731	3.18326	0.8188638	0.5963425
4950	-659.1318	-828.8286	169.6968	0.2766459	3.063115	0.9501937	0.674315
4956	-668.3123	-836.9763	168.6639	1.594428	2.375315	1.066065	0.8327994
4962	-663.4366	-833.0788	169.6422	0.5144404	3.10519	0.588281	0.8852342
4968	-660.3296	-830.5906	170.2609	0.09364098	2.716525	0.7301857	0.807601
4974	-665.9237	-834.046	168.1223	1.774547	3.431024	0.499866	1.022533
4980	-666.0428	-836.2254	170.1827	0.3726969	1.980878	0.9686351	0.9707663
4986	-658.0061	-822.7698	164.7638	5.281756	2.642661	0.6479501	1.248375
4992	-647.7751	-813.8819	166.1068	3.923038	2.733788	0.7015086	1.158301
4998	-667.6231	-836.4709	168.8478	1.554116	1.897747	0.7494395	1.362051
5004	-655.2914	-823.2052	167.9138	2.893213	1.729255	0.8296907	1.07528
5010	-655.1044	-822.9746	167.8702	2.652927	1.910977	1.016589	1.015197
5016	-654.7288	-820.279	165.5502	3.437341	4.208306	0.9376453	1.017405
5022	-658.2895	-825.7364	167.4469	2.919968	2.080891	0.9323925	1.106465
5028	-660.8617	-828.4261	167.5644	2.593473	2.835376	0.64471	1.024202
5034	-647.6333	-814.1312	166.4979	2.414516	4.381972	0.8297359	1.096775
5040	-655.2712	-822.8425	167.5714	1.852119	3.484084	0.8604735	1.096775
5046	-643.258	-811.4722	168.2142	1.171997	3.723103	0.906482	0.9391974
5052	-654.531	-822.4632	167.9322	1.699502	3.369497	0.8812008	0.945344
5058	-670.0134	-835.2962	165.2829	3.475456	4.080694	1.305736	0.9520406
5064	-649.6492	-814.6471	164.9979	5.087046	2.45467	0.7101495	1.282433
5070	-647.6105	-815.355	167.7445	2.071615	2.630326	0.5725824	1.495736
5076	-653.6442	-818.1632	164.519	5.387582	2.717815	0.5125749	1.423235
5082	-652.9208	-820.3922	167.4713	2.04395	2.717815	0.3972552	1.791638
5088	-655.539	-824.5844	169.0454	1.862207	1.567542	0.778766	1.163353
5094	-657.0561	-827.2328	170.1767	0.1455725	3.086375	0.4407249	0.8793246
5100	-647.356	-817.6981	170.3421	0.2599448	2.291354	0.8048026	0.8124846
5106	-648.8803	-817.1451	168.2648	1.715379	2.51083	0.7853248	1.271194
5112	-651.0778	-816.9519	165.8742	3.435974	3.602325	0.7846549	1.197491
5118	-641.6629	-810.3231	168.6603	1.076027	3.501503	0.7906433	0.8307951
5124	-648.1521	-815.4002	167.2481	2.620377	2.651189	0.7798893	1.280384
5130	-657.1074	-826.2695	169.1621	1.317227	2.30709	0.72182	1.025476
5136	-649.4753	-816.6575	167.1822	2.594206	3.033527	0.7036892	1.190652
5142	-660.3573	-823.9166	163.5593	6.209494	2.596938	0.7036892	1.4513
5148	-656.4547	-825.7015	169.2468	1.458831	1.80367	0.5355555	1.355905
5154	-643.342	-813.37	170.028	0.2750149	2.973552	0.6808922	0.6785556
5160	-646.0208	-815.4086	169.3878	0.1892569	3.293553	1.239744	0.5045349
5166	-639.975	-808.9978	169.0228	0.1408987	3.959036	1.227459	0.4501246
5172	-650.4073	-819.4779	169.0706	0.3718911	3.554201	1.20448	0.4979322
5178	-642.3504	-811.2082	168.8578	0.3819923	3.870225	1.208236	0.4679275
5184	-656.1383	-824.3964	168.2581	1.513757	3.555721	0.6772881	0.8825315
5190	-649.6652	-816.9235	167.2583	2.625109	3.222366	0.7246184	0.9482257
5196	-652.7157	-819.4234	166.7077	2.26473	4.506628	0.8514231	0.9482257
5202	-655.3609	-824.1534	168.7925	0.6320091	3.608703	1.18665	0.5250197
5208	-645.2044	-813.3797	168.1753	0.1261975	5.900171	1.063928	0.4594354
5214	-647.8582	-818.0307	170.1725	0.2016755	2.678073	0.8712552	0.4594354
5220	-653.2726	-822.8667	169.5941	0.1144067	4.046331	0.5880872	0.6709722
5226	-660.204	-830.0739	169.8699	0.09767292	3.079048	0.9467813	0.6709722
5232	-650.2664	-818.0996	167.8332	1.119823	4.874823	0.8628642	0.7017937
5238	-652.7609	-817.9964	165.2356	3.330052	4.874823	1.091455	0.9124543
5244	-655.6087	-824.8526	169.2439	0.7361228	2.95116	0.9434551	0.7972108
5250	-661.2306	-827.7246	166.494	2.007401	5.392862	0.9434551	0.8501734
5256	-661.0545	-828.5938	167.5393	1.660446	3.486758	1.265752	0.9140035
5262	-655.0211	-821.4628	166.4417	1.873457	5.280452	1.308794	0.6689101
5268	-652.0824	-819.9682	167.8859	1.143106	4.099139	1.219957	0.7014298
5274	-662.8419	-828.6528	165.8108	3.226192	4.055218	1.20474	0.7542841
5280	-656.6075	-824.9935	168.386	1.291008	3.312666	0.9675975	0.8379095
5286	-652.1084	-820.0195	167.9111	0.8634178	4.273005	1.355661	0.7307832
5292	-653.8959	-821.8962	168.0004	1.166181	3.663927	1.355661	0.6853094
5298	-647.309	-815.095	167.786	2.20234	2.982202	0.59565	1.130847
5304	-647.4041	-816.301	168.8969	1.520528	2.352866	0.8012409	0.9716245
5310	-647.1386	-817.5591	170.4205	0.2137442	2.352866	0.6803513	0.8662649
5316	-658.7543	-828.3225	169.5683	0.1474464	3.259016	1.082543	0.6585032
5322	-664.5455	-833.2043	168.6588	0.5945055	3.857643	1.162837	0.6585032
5328	-666.4887	-835.1652	168.6765	0.3432435	5.102307	0.7001653	0.6585032
5334	-662.2146	-831.5642	169.3496	0.4115007	3.553234	0.8631108	0.6160868
5340	-659.2113	-828.1132	168.9019	1.028044	3.079377	0.8638982	0.8484687
5346	-651.9921	-819.1803	167.1883	2.179983	3.429808	1.128497	0.9201784
5352	-665.9469	-835.3846	169.4377	0.1675253	3.663687	0.8932691	0.7263172
5358	-654.524	-825.2284	170.7044	0.1276818	1.947786	0.9284609	0.7106443
5364	-652.0709	-821.5755	169.5046	0.2299138	3.868065	0.6294625	0.739249
5370	-643.3536	-813.0567	169.7031	0.4865549	3.160712	0.6585333	0.6902414
5376	-645.7628	-812.962	167.1992	1.66937	4.522836	1.115872	0.7382517
5382	-639.3891	-806.6862	167.2971	1.211585	4.717922	1.368916	0.7382517
5388	-644.4014	-814.6111	170.2096	0.2309373	2.570363	0.8555993	0.6405245
5394	-637.5765	-807.2553	169.6788	0.2309373	3.46247	0.7860565	0.5746987
5400	-655.4433	-823.7103	168.267	0.2077382	5.59314	1.03275	0.5672566
5406	-646.2583	-815.4387	169.1804	0.1525715	3.824949	1.138483	0.4460009
5412	-650.4538	-817.5738	167.12	2.15429	3.767133	1.000821	0.928653
5418	-652.0057	-817.7279	165.7222	4.257681	3.065362	0.5573852	1.120757
5424	-652.4984	-816.7389	164.2405	4.419961	4.822677	0.8894288	1.050256
5430	-652.0344	-818.3323	166.2979	2.654836	3.822974	1.178769	1.039812
5436	-653.2323	-820.103	166.8707	2.959555	3.369537	0.6586698	0.9703768
5442	-661.4786	-828.3947	166.916	2.341698	3.906331	0.6910079	1.160952
5448	-651.999	-820.5278	168.5288	1.370672	3.206584	0.6910079	0.9775174
5454	-663.3075	-829.1264	165.8189	4.779398	1.981944	0.8677728	1.027836
5460	-651.2239	-820.2405	169.0166	0.7330456	3.390978	0.8275652	0.85713
5466	-654.8054	-824.3196	169.5142	0.08006878	3.343518	1.072075	0.7828609
5472	-640.2855	-809.8936	169.608	0.1155859	3.343518	1.003107	0.6882914
5478	-657.1933	-826.0856	168.8922	0.1729196	4.517533	1.003107	0.5567295
5484	-654.3308	-823.9739	169.6432	0.2389755	3.542435	0.7256847	0.6687412
5490	-651.195	-820.8432	169.6482	0.1617653	3.542435	0.8385677	0.5566767
5496	-658.5308	-827.5327	169.0019	0.1592662	4.79806	0.7541768	0.5566767
5502	-668.6649	-837.2843	168.6194	0.08989858	4.79806	1.201868	0.5746124
5508	-663.347	-831.7179	168.3708	0.08989858	5.325668	1.185827	0.527047
5514	-659.9097	-829.2973	169.3876	0.1977524	3.761541	0.931116	0.4885493
5520	-658.4674	-827.2669	168.7995	0.3025072	4.18077	1.163262	0.4885493
5526	-660.6061	-827.3997	166.7936	0.1639986	8.721311	1.19328	0.3493299
5532	-657.7164	-824.8576	167.1412	0.586698	6.57844	1.328009	0.4510924
5538	-666.6814	-834.7446	168.0632	0.586698	4.360988	1.511713	0.5147767
5544	-654.6887	-822.9332	168.2445	0.712491	4.360988	1.130042	0.7194947
5550	-654.4738	-822.3288	167.855	0.7750545	5.104417	1.130042	0.5132692
5556	-654.1449	-822.812	168.6671	0.6812444	3.980766	0.95177	0.7327893
5562	-651.9639	-821.9626	169.9987	0.5270867	2.376749	0.8959044	0.6883194
5568	-656.8493	-825.735	168.8857	0.6302603	4.157905	0.7058765	0.6883194
5574	-662.7962	-831.9913	169.1951	0.6302603	2.895749	1.161654	0.7634558
5580	-661.1704	-830.062	168.8916	0.5284242	3.772652	1.029695	0.6941533
5586	-657.833	-827.6795	169.8465	0.2499988	2.751165	1.080066	0.6024385
5592	-657.7486	-826.4222	168.6737	0.1035525	5.043807	0.9560452	0.6911121
5598	-645.9302	-815.8809	169.9507	0.1001448	3.085454	0.8597224	0.6697099
5604	-656.7973	-826.8477	170.0503	0.1182321	2.775803	0.9613354	0.6697099
5610	-652.2202	-821.7197	169.4995	0.09524732	4.099137	0.6329658	0.7362686
5616	-651.3961	-820.5902	169.1941	0.1239753	4.470996	0.7746637	0.5633708
5622	-660.2717	-829.2328	168.9612	0.4491807	3.72874	1.097108	0.6318714
5628	-654.6028	-824.063	169.4603	0.1782971	3.395416	1.097108	0.5882342
5634	-671.8014	-842.2016	170.4002	0.388271	1.886708	1.065977	0.6289201
5640	-666.1445	-835.9083	169.7637	0.3571657	2.923821	0.8356195	0.7784896
5646	-657.7374	-827.499	169.7616	0.5937692	2.732864	0.6362317	0.9052513
5652	-656.7183	-825.6902	168.9719	0.3221802	4.168839	0.8974269	0.7290717
5658	-651.3243	-821.376	170.0517	0.1538533	3.203856	0.6018531	0.7104342
5664	-645.4998	-815.5818	170.082	0.1539703	3.174243	0.5320313	0.7986522
5670	-645.3557	-816.1419	170.7861	0.2107466	2.100393	0.5285149	0.8583654
5676	-655.9376	-825.8505	169.9129	0.07594711	2.98668	0.7688929	0.9610368
5682	-676.964	-845.8717	168.9077	0.07400327	4.408656	0.9467522	0.8937431
5688	-664.0714	-833.1001	169.0287	0.2097683	3.766724	1.238743	0.6472542
5694	-649.2993	-818.1712	168.872	0.1118666	4.621995	1.029507	0.5419157
5700	-636.8642	-807.4406	170.5764	0.1118666	2.169559	0.8870424	0.7101302
5706	-644.2043	-814.2539	170.0496	0.2968133	2.691249	0.8307693	0.6972048
5712	-649.4618	-819.6326	170.1708	0.2282642	2.388703	1.057295	0.5851243
5718	-650.7084	-819.1255	168.417	0.6291194	4.182115	1.160951	0.6895433
5724	-652.8352	-821.6164	168.7812	0.739998	3.730548	0.5841411	1.117418
5730	-655.46	-824.5378	169.0778	0.7597256	3.439327	0.7268743	0.8342923
5736	-660.9848	-828.6708	167.686	0.9342267	5.12661	0.9455164	0.8666997
5742	-667.4296	-835.0851	167.6555	0.9342267	5.516201	0.7639925	0.8857904
5748	-663.0381	-832.3393	169.3012	0.1175105	4.035325	0.8755061	0.687964
5754	-647.5757	-816.8411	169.2653	0.1657464	3.606178	1.182852	0.4979218
5760	-643.8175	-813.2106	169.3931	0.1404615	3.285084	1.287533	0.4743777
5766	-643.182	-812.4612	169.2792	0.1241457	3.481462	1.289871	0.5150456
5772	-656.4524	-825.4607	169.0083	0.1241457	4.165883	1.12249	0.4080979
5778	-653.5299	-823.3202	169.7903	0.1288825	3.231138	0.9390734	0.5123027
5784	-646.861	-816.4746	169.6136	0.1486593	3.475689	0.9251357	0.5739727
5790	-650.3909	-818.816	168.425	1.859321	2.358105	0.8823017	1.019673
5796	-652.7108	-818.9532	166.2425	2.878211	3.212201	0.8039777	1.53379
5802	-655.7586	-821.7132	165.9546	2.878211	4.423919	0.6623061	1.289368
5808	-661.0734	-827.1208	166.0474	4.367992	2.369561	0.5587509	1.187696
5814	-656.1885	-823.485	167.2966	2.392701	2.689605	0.8273255	1.363474
5820	-651.6109	-820.0627	168.4519	1.584653	2.689605	0.7499842	1.138239
5826	-652.4104	-819.7479	167.3375	1.904618	3.949685	0.800279	1.051584
5832	-655.783	-823.2791	167.4961	1.244012	5.035509	0.984217	0.7140651
5838	-659.0684	-827.5244	168.456	1.059897	3.255685	1.100905	0.9146343
5844	-658.6381	-827.6379	168.9998	0.5052105	4.032266	0.7519226	0.75199
5850	-639.4156	-810.2524	170.8368	0.1093373	2.220199	0.56147	0.75199
5856	-644.7245	-814.8815	170.157	0.4194079	2.187301	0.7330727	1.013827
5862	-649.6546	-820.3505	170.6959	0.1916159	2.2881	0.5900132	0.7134837
5868	-660.05	-830.1474	170.0974	0.3400883	2.585667	0.8232337	0.6887639
5874	-644.4451	-814.3672	169.9221	0.1243094	3.077149	0.8514013	0.703812
5880	-654.1845	-824.1347	169.9503	0.2877211	3.077149	0.6179781	0.7690357
5886	-645.0027	-814.9168	169.9141	0.09152279	2.934191	0.8586343	0.8851916
5892	-632.3484	-802.6687	170.3203	0.09152279	2.660221	0.7704431	0.7273563
5898	-651.2576	-820.9693	169.7117	0.1464602	3.346114	0.784269	0.8126293
5904	-653.3003	-823.0863	169.7861	0.1787481	3.346114	0.7965889	0.6084102
5910	-656.3575	-826.7563	170.3988	0.1911017	2.747922	0.5428123	0.7020458
5916	-649.0694	-817.2244	168.155	0.1933445	6.196382	0.8828627	0.4830243
5922	-656.3377	-823.82	167.4823	0.77979	5.50498	1.278456	0.6020537
5928	-653.9388	-824.2229	170.2842	0.1886841	2.626032	0.7416417	0.7163917
5934	-652.5169	-822.3268	169.81	0.1000945	3.395154	0.7560027	0.733416
5940	-646.4478	-815.682	169.2343	0.1321256	4.235533	0.7579687	0.7717992
5946	-647.9311	-818.1668	170.2357	0.1519714	2.728236	0.7651912	0.6919131
5952	-646.9276	-816.6547	169.7271	0.1549331	3.726393	0.5346716	0.7890115
5958	-647.7659	-818.4708	170.7048	0.08881634	1.927438	0.9322021	0.7890115
5964	-656.5644	-826.1549	169.5905	0.109475	3.494526	0.9465596	0.6522235
5970	-658.2226	-828.0288	169.8062	0.175044	3.144441	0.8974089	0.6522235
5976	-659.4561	-828.5903	169.1342	0.2502406	4.142099	0.7895196	0.7783721
5982	-669.6706	-839.7208	170.0502	0.1665047	3.117761	0.5461628	0.8540151
5988	-657.2415	-826.1491	168.9076	0.233052	4.546086	0.847417	0.7116674
5994	-646.7308	-816.4225	169.6917	0.2412696	3.121839	0.9427004	0.6884527
6000	-643.7615	-811.9981	168.2366	1.867083	2.423302	0.9839403	1.046776
6006	-640.1479	-809.8357	169.6878	0.4815251	2.715021	0.9839403	0.7082261
6012	-662.1612	-829.2579	167.0967	2.398344	3.039022	1.283364	0.8992055
6018	-660.7403	-827.2016	166.4613	3.496613	2.714535	0.8146317	1.134254
6024	-657.1631	-825.0847	167.9216	2.143766	2.671299	0.8146317	1.065038
6030	-665.8623	-833.309	167.4468	2.296918	3.354248	0.6590398	1.065038
6036	-677.9553	-846.0481	168.0927	1.736903	2.614027	0.6424719	1.44178
6042	-664.0589	-831.4028	167.3439	2.422034	2.614027	1.054249	1.15828
6048	-656.9074	-824.3804	167.473	1.413291	4.495093	0.8496269	1.043063
6054	-656.1331	-822.9171	166.7839	1.760654	5.027455	1.082411	0.8547708
6060	-661.378	-831.0804	169.7024	0.5289337	2.65375	0.8764131	0.8374787
6066	-657.6304	-825.6462	168.0157	2.27138	2.473098	0.8631342	0.9451185
6072	-654.9993	-822.5594	167.5601	2.919109	2.087953	0.8631342	1.061016
6078	-647.908	-814.7698	166.8618	3.342286	2.551587	0.765738	1.065095
6084	-655.3437	-823.7962	168.4526	1.391955	3.0124	0.6051151	1.229125
6090	-654.3552	-822.8315	168.4763	1.202589	3.461551	0.7474968	0.972892
6096	-663.2629	-830.1829	166.92	2.311074	3.62301	1.128379	0.934781
6102	-658.6727	-824.1264	165.4537	4.523682	2.643761	1.070964	0.9154311
6108	-652.9345	-820.3427	167.4082	2.532933	2.688873	0.6825891	1.277673
6114	-651.436	-818.525	167.089	2.791485	3.289566	0.5960272	1.035494
6120	-654.7713	-820.098	165.3268	3.179531	4.6926	1.307833	0.8434576
6126	-661.6249	-829.8118	168.1868	0.624978	4.506432	1.251194	0.5992417
6132	-646.6972	-815.3263	168.6291	0.1414034	4.579517	1.251194	0.6018493
6138	-657.9024	-827.2145	169.3121	0.3576499	3.956401	0.6867933	0.6582735
6144	-657.329	-827.3635	170.0345	0.09744807	3.118975	0.7425592	0.6941981
6150	-660.8549	-830.6243	169.7694	0.09744807	3.140297	0.899912	0.8302519
6156	-656.2705	-824.6263	168.3558	0.09744807	5.767573	0.9604243	0.6010543
6162	-656.1847	-825.9499	169.7652	0.09248096	2.969	1.135633	0.6664328
6168	-642.0808	-811.7228	169.642	0.1316482	3.711307	0.7696571	0.5498558
6174	-661.8405	-830.2062	168.3657	0.1110562	5.691458	0.9847652	0.4444135
6180	-660.237	-828.3587	168.1217	1.210759	3.908872	1.036202	0.6902827
6186	-658.6601	-826.9395	168.2795	0.8096884	4.198671	1.107915	0.6902827
6192	-657.8055	-827.0327	169.2272	0.5186149	3.544399	0.8216099	0.7367171
6198	-658.4958	-825.6327	167.1369	1.961036	3.433623	1.527732	0.7566286
6204	-649.1691	-819.1683	169.9992	0.1886711	2.854514	0.9118794	0.608101
6210	-652.8313	-822.2437	169.4124	0.1321246	3.822603	0.9118794	0.6146045
6216	-665.2235	-836.0192	170.7956	0.1027572	2.15409	0.7074822	0.6781277
6222	-651.4852	-822.1115	170.6263	0.1267663	2.448541	0.6059077	0.700476
6228	-655.2533	-824.6482	169.3949	0.183681	3.607196	1.034641	0.4931953
6234	-656.9359	-824.514	167.5781	1.571217	4.632889	0.7623131	0.7566624
6240	-655.1817	-824.4986	169.3169	1.10207	2.167535	1.055508	0.8530544
6246	-651.2412	-821.9857	170.7444	0.1035499	2.167535	0.7591526	0.6535016
6252	-653.4112	-823.4051	169.9938	0.6557128	2.181346	0.8143051	0.8522636
6258	-660.3107	-828.7393	168.4286	0.82307	4.518989	0.7426695	0.7259911
6264	-651.0029	-818.9138	167.9109	1.601123	3.506113	0.5762607	1.254802
6270	-651.4204	-820.6864	169.266	1.159501	2.412369	0.7571552	0.9605348
6276	-660.3633	-829.8569	169.4936	0.5208754	3.17252	0.8015016	0.731071
6282	-670.8262	-839.1295	168.3033	0.6703288	4.373138	1.168715	0.5844135
6288	-655.1097	-824.7897	169.68	0.1408469	3.025426	1.168715	0.5733806
6294	-656.365	-825.4125	169.0475	0.1421255	4.563989	0.8477038	0.5786162
6300	-661.4506	-830.208	168.7575	0.4036954	4.563989	0.8477038	0.6543453
6306	-653.4625	-823.4645	170.002	0.194679	2.9423	0.8213744	0.6543453
6312	-653.0564	-822.7582	169.7018	0.196489	3.653695	0.6140147	0.7139233
6318	-653.7624	-822.8296	169.0672	0.6192018	3.653695	0.7304958	0.8472568
6324	-655.465	-822.7149	167.2499	1.707225	3.842264	1.335592	0.8562264
6330	-662.8552	-831.6703	168.815	0.09882166	4.579385	1.125746	0.5150516
6336	-644.058	-814.1291	170.0712	0.1318791	3.084769	0.7242908	0.6348111
6342	-644.8561	-814.3145	169.4584	0.1203826	3.975649	0.8075899	0.5092629
6348	-652.4739	-821.7812	169.3073	0.1203826	3.907403	0.9914008	0.4373722
6354	-648.4678	-818.7933	170.3255	0.1395587	2.017695	1.305718	0.491821
6360	-646.4629	-815.4218	168.9589	0.2158584	4.014149	1.188688	0.491821
6366	-649.9861	-819.7558	169.7696	0.2158584	3.257935	0.8107373	0.6641119
6372	-648.6061	-819.4843	170.8782	0.1682235	1.881628	0.8247049	0.5951603
6378	-647.1968	-817.1805	169.9836	0.313847	2.840161	0.7710027	0.6973523
6384	-648.4291	-818.477	170.0479	0.2197413	2.533489	1.088335	0.5279087
6390	-651.6261	-820.4564	168.8303	0.1136274	4.587332	1.088194	0.543402
6396	-650.6012	-820.2862	169.685	0.1539646	3.366183	0.9262887	0.543402
6402	-648.1503	-817.9922	169.8419	0.1743785	3.029102	0.9262887	0.6832741
6408	-656.2512	-825.3811	169.1299	0.3018005	4.337118	0.7208809	0.6152504
6414	-661.96	-830.566	168.6059	0.698111	4.079665	0.9600568	0.6948952
6420	-675.469	-840.9681	165.4991	4.26903	2.99127	0.8923775	1.0544
6426	-648.5408	-815.3861	166.8453	2.993278	2.99127	0.821917	1.0544
6432	-647.031	-815.219	168.188	1.230346	3.945842	0.7297329	0.9480666
6438	-668.9104	-835.5913	166.6809	1.902189	5.780228	0.5863137	0.9480666
6444	-649.7789	-816.6607	166.8818	3.204395	2.192169	1.089346	1.135449
6450	-654.9402	-823.2371	168.2969	1.882095	2.617411	0.6982121	1.104924
6456	-653.7635	-823.0743	169.3108	0.9216173	2.67655	0.7007237	1.01001
6462	-654.3682	-824.3017	169.9334	0.977594	2.039063	0.5857588	0.9478562
6468	-644.3586	-813.5962	169.2376	1.029144	2.828583	0.6159513	0.9478562
6474	-656.0693	-826.4831	170.4139	0.2306382	2.595256	0.6053155	0.6954157
6480	-652.2661	-821.937	169.6709	0.1938206	3.571958	0.7014436	0.7102661
6486	-636.1311	-803.7241	167.593	2.267042	2.580711	1.392157	0.7102661
6492	-645.2536	-812.4146	167.161	2.327585	2.96165	1.25369	0.994885
6498	-653.552	-817.7468	164.1947	5.404478	2.750154	1.498851	0.7547729
6504	-667.6324	-831.023	163.3906	6.123278	2.545397	0.8795527	1.539945
6510	-659.1923	-826.0687	166.8764	2.683585	2.713727	0.5943879	1.622702
6516	-653.0466	-818.8753	165.8287	3.863829	2.713727	0.6291296	1.499598
6522	-652.0764	-819.2077	167.1313	2.249111	3.301936	0.8890114	1.214771
6528	-646.8681	-816.4271	169.5591	1.168274	2.037345	0.8444262	0.8658122
6534	-643.3673	-811.8788	168.5115	1.071996	3.223579	1.070024	0.8977013
6540	-650.3901	-819.0225	168.6325	0.8808116	3.780561	0.9419329	0.674858
6546	-644.6175	-812.5216	167.9041	1.843081	2.928583	0.9117579	1.097125
6552	-659.9866	-828.185	168.1984	0.5150954	5.384368	0.6791515	0.9153468
6558	-649.9767	-819.9464	169.9696	0.1307888	3.304335	0.6256993	0.7331156
6564	-649.0088	-819.9816	170.9729	0.2286773	1.99884	0.5084431	0.7223946
6570	-640.1648	-810.4464	170.2816	0.1733688	2.863922	0.6218495	0.647892
6576	-654.9372	-822.2063	167.2691	0.6851891	6.772518	1.021768	0.519369
6582	-644.2674	-813.3076	169.0402	0.8908451	2.930947	1.004284	0.8004779
6588	-649.7847	-819.5588	169.7741	0.4272119	2.821261	0.7403545	0.8889144
6594	-650.8518	-820.8429	169.9912	0.4985372	2.260104	0.5855007	1.175465
6600	-658.5771	-827.535	168.9579	1.365112	2.260104	0.376298	1.477933
6606	-647.7004	-816.3045	168.6041	1.46554	2.608375	0.5405154	1.337233
6612	-647.9296	-818.9474	171.0178	0.2301463	1.776119	0.5439009	0.8721017
6618	-643.4859	-813.2096	169.7237	0.2991423	3.333453	0.5515768	0.9041932
6624	-646.339	-815.6713	169.3323	0.7582943	3.005256	0.7001162	0.9117369
6630	-653.2349	-820.9313	167.6964	1.848415	3.094272	1.184177	0.9117369
6636	-650.3795	-820.0426	169.6631	0.6629356	2.31092	1.020015	0.8683359
6642	-644.3456	-810.6643	166.3187	3.527674	2.746529	1.028044	1.017011
6648	-664.9944	-830.9425	165.9481	3.682585	2.795839	0.5618117	1.551032
6654	-655.5645	-823.0754	167.5109	2.414134	3.196794	0.5221963	1.120876
6660	-651.4309	-821.4094	169.9784	0.6429518	1.890608	0.8689223	1.079339
6666	-658.7171	-828.7051	169.988	0.4326108	2.48608	0.5226647	1.135238
6672	-661.4686	-827.8602	166.3915	3.057406	2.985582	0.7053638	1.478552
6678	-661.1849	-828.4898	167.3049	2.495245	2.327196	0.6091355	1.651777
6684	-657.6313	-822.5393	164.9081	5.060734	2.431894	0.6259503	1.454269
6690	-667.3435	-835.411	168.0675	1.266815	3.614136	1.04093	0.923752
6696	-659.6173	-829.6269	170.0096	0.119168	3.086627	0.758238	0.7110105
6702	-663.3398	-834.37	171.0302	0.1383339	1.930618	0.6091867	0.7065315
6708	-655.1301	-826.1361	171.006	0.1438007	2.004284	0.5434289	0.741555
6714	-653.6374	-824.1766	170.5392	0.1372487	2.345044	0.7001166	0.7961582
6720	-652.1306	-822.6555	170.5248	0.08577529	2.216532	0.7107298	0.9780582
6726	-656.7704	-827.4179	170.6475	0.2216499	2.216532	0.7107298	0.6243972
6732	-641.9456	-811.7072	169.7616	0.5801945	2.97268	0.5249638	0.850151
6738	-646.8275	-816.6933	169.8659	0.1739643	2.97268	0.9947844	0.5292476
6744	-662.2876	-830.2956	168.0079	0.1494155	5.860397	1.224189	0.4466191
6750	-662.7527	-832.6768	169.9241	0.4467661	2.109109	1.265187	0.6908877
6756	-659.9402	-829.5912	169.6509	0.7568276	2.316223	1.083141	0.6455685
6762	-659.8315	-828.6845	168.853	0.5131335	3.622587	1.158307	0.7260928
6768	-665.7637	-833.5486	167.7849	1.554425	3.76833	0.8262152	1.03943
6774	-646.1716	-812.7513	166.5797	3.092606	3.36179	0.778038	1.01433
6780	-648.6723	-811.4656	162.7933	6.503674	3.380946	0.9306295	1.205912
6786	-651.3459	-820.7202	169.3743	0.8965007	2.373278	0.6304418	1.247094
6792	-650.2654	-818.565	168.2996	1.853365	2.351484	0.8231064	1.198285
6798	-652.2651	-820.3334	168.0683	1.066246	4.230643	0.8800375	0.9110223
6804	-655.7161	-823.0294	167.3132	3.053954	2.189129	0.5970987	1.31617
6810	-658.8075	-827.624	168.8165	0.8946832	3.198591	0.8622762	1.000206
6816	-657.7502	-825.7611	168.0109	1.283273	3.198591	0.8622762	1.363725
6822	-646.3348	-813.8411	167.5063	1.786889	3.909624	0.6813171	1.136358
6828	-649.587	-817.802	168.215	1.472362	3.332144	0.6482689	1.139822
6834	-659.6361	-827.043	167.407	1.994146	2.638841	0.6482689	1.737008
6840	-661.632	-828.4815	166.8494	3.026549	2.638841	0.4914602	1.506918
6846	-667.6566	-834.9828	167.3262	2.188916	2.78252	0.7034212	1.53896
6852	-663.0991	-831.3187	168.2196	1.012644	4.427686	0.756826	0.8071253
6858	-652.2394	-820.7935	168.554	0.6692902	4.18617	1.002212	0.6483054
6864	-657.0202	-827.9997	170.9795	0.1892016	2.066851	0.5143143	0.6685874
6870	-649.7728	-818.7251	168.9523	0.1682176	4.0513	1.220982	0.5016873
6876	-654.635	-822.0686	167.4336	0.2032938	7.105993	1.191325	0.4416481
6882	-657.4024	-825.3673	167.9649	0.12404	6.03821	1.191325	0.3979473
6888	-647.4389	-816.5009	169.062	0.08943602	4.623821	0.8226592	0.6583934
6894	-652.4188	-821.2232	168.8044	0.26313	4.463919	1.034578	0.5322379
6900	-647.1382	-816.8116	169.6734	0.1535284	3.648987	0.7508923	0.5705339
6906	-645.4821	-814.252	168.7699	0.7583848	3.648987	1.007113	0.6781319
6912	-658.3044	-827.0334	168.729	0.7661365	3.375561	1.124085	0.8175967
6918	-656.9055	-826.0691	169.1636	0.9358051	2.40799	1.30583	0.6734181
6924	-658.5896	-824.3447	165.7551	2.701821	4.900908	1.27818	0.8020619
6930	-656.1789	-824.6657	168.4868	1.188082	3.046363	0.9470676	1.054592
6936	-657.15	-825.3169	168.1669	1.286934	3.892245	0.8320633	0.8271158
6942	-660.1037	-828.2034	168.0997	1.242514	3.961508	0.8231972	0.9193594
6948	-660.1425	-829.3245	169.182	0.9823175	2.310686	0.9850342	1.072231
6954	-664.9965	-833.637	168.6405	0.9823175	3.227202	1.196531	0.6589932
6960	-639.7493	-809.9929	170.2436	0.1565119	2.792648	0.7000853	0.7018874
6966	-651.7153	-820.7676	169.0523	0.6518507	3.494295	0.7264088	0.9465384
6972	-654.971	-825.3929	170.422	0.2367754	2.37424	0.6955662	0.7951351
6978	-641.1452	-811.7664	170.6212	0.09395979	2.37424	0.65718	0.7702113
6984	-652.6242	-822.0443	169.4201	0.09395979	3.745087	0.9045398	0.7702113
6990	-643.4124	-813.209	169.7966	0.1113368	3.501237	0.7391952	0.6414802
6996	-637.9498	-807.4941	169.5443	0.1800688	3.730745	0.8036163	0.5653076
7002	-647.6258	-817.7083	170.0825	0.1098157	2.82428	0.8835886	0.704386
7008	-658.6043	-828.672	170.0677	0.1719332	2.82428	0.8924135	0.5739027
7014	-664.3409	-834.4995	170.1586	0.1063026	2.82428	0.7517684	0.7936921
7020	-667.9297	-837.5607	169.631	0.1760921	3.569747	0.7517684	0.7246312
7026	-653.2753	-823.3302	170.0549	0.1646178	2.913405	0.8338019	0.6199624
7032	-659.6181	-829.0315	169.4134	0.1623491	2.975881	1.428566	0.3878204
7038	-661.3153	-829.2133	167.898	0.1793539	6.085423	1.149418	0.3508583
7044	-660.0841	-826.5116	166.4275	0.1340708	8.980579	1.455854	0.310382
7050	-664.8304	-831.6362	166.8058	0.1340708	8.593334	1.223824	0.3157316
7056	-656.2591	-821.7305	165.4714	0.5610514	8.141391	2.327098	0.3417269
7062	-671.9355	-841.4447	169.5092	0.08795341	3.186242	1.217551	0.7181243
7068	-663.3857	-833.147	169.7613	0.08795341	3.083737	1.056562	0.6812116
7074	-659.439	-828.9014	169.4624	0.08549209	3.504801	1.056562	0.7181228
7080	-655.6157	-825.0057	169.39	0.08549209	3.806513	0.8234234	0.8747155
7086	-656.4759	-826.2215	169.7456	0.08549209	3.605123	0.7026456	0.7289867
7092	-654.3658	-819.155	164.7892	4.441996	3.870036	0.7026456	1.193078
7098	-658.8884	-826.5519	167.6635	1.33104	4.457738	0.7772195	1.028576
7104	-654.5841	-825.3287	170.7446	0.794304	1.126647	0.7772195	0.9693587
7110	-644.2466	-814.5756	170.329	0.2182025	2.590425	0.676595	0.744011
7116	-639.5056	-809.7145	170.209	0.3262755	2.590425	0.7150774	0.7009283
7122	-635.0632	-804.9886	169.9254	0.185834	3.139672	0.7452537	0.7009283
7128	-632.0089	-802.28	170.2711	0.2099161	3.00068	0.5061159	0.6315129
7134	-647.5704	-817.0539	169.4835	0.1184427	3.536543	1.05434	0.5323797
7140	-652.0291	-821.3868	169.3576	0.3110149	3.536543	0.9629398	0.6245453
7146	-648.926	-818.3883	169.4623	0.1391371	3.672893	0.9469827	0.6164151
7152	-649.5629	-819.3805	169.8176	0.1365508	3.348493	0.8176495	0.5685291
7158	-655.1359	-824.9938	169.8579	0.115864	3.348493	0.798024	0.5685291
7164	-652.0025	-821.3887	169.3862	0.1356768	3.396194	1.215646	0.5798075
7170	-650.7903	-819.9313	169.1411	0.2921148	4.172876	0.8286163	0.5673801
7176	-652.6684	-821.4168	168.7484	0.3423766	4.526656	0.9700297	0.5673801
7182	-650.3085	-819.094	168.7855	0.2283431	4.614587	0.9984237	0.5679626
7188	-647.897	-817.0607	169.1638	0.2283431	3.817152	1.090392	0.494176
7194	-635.5925	-804.4142	168.8217	0.2283431	4.65089	0.9501514	0.4818787
7200	-644.8249	-814.1061	169.2812	0.6545098	3.12978	0.9451945	0.6682901
7206	-640.8509	-810.2797	169.4289	0.7471221	2.480637	1.137196	0.7350976
7212	-639.3814	-809.9871	170.6057	0.2906164	2.187402	0.7217246	0.5818889
7218	-642.2224	-811.8464	169.624	0.09051142	3.648724	0.8336768	0.6527753
7224	-650.8045	-821.0515	170.247	0.339354	2.390239	0.7560474	0.7943056
7230	-653.4934	-823.2263	169.7329	0.08064934	3.183143	0.963289	0.7783354
7236	-654.6343	-825.6066	170.9723	0.2337801	1.914136	0.5958837	0.688718
7242	-650.6326	-820.947	170.3143	0.1586875	3.122266	0.4247539	0.643507
7248	-650.4259	-819.5501	169.1242	0.4248762	3.839673	0.8133971	0.7672563
7254	-664.8396	-829.7937	164.9541	3.563842	5.133498	0.8751511	1.044595
7260	-653.8558	-818.8159	164.9601	4.807047	2.908653	0.9577343	1.0486
7266	-644.2762	-812.7399	168.4636	1.075275	3.352368	0.9621328	0.9694998
7272	-647.1963	-815.3261	168.1298	1.726349	3.153607	0.7376238	1.010391
7278	-648.4571	-815.6381	167.1809	2.715368	3.153607	0.6304497	1.0748
7284	-649.1002	-816.9553	167.8551	1.224493	4.363439	0.6967713	1.0748
7290	-656.8098	-824.1797	167.3699	1.631977	4.030172	1.237565	0.778943
7296	-649.8365	-818.7674	168.9309	0.75302	3.438456	0.9742463	0.6997087
7302	-641.8155	-811.3515	169.5359	0.1603701	3.438456	1.003694	0.6110602
7308	-645.1733	-815.9991	170.8259	0.2158778	2.041678	0.5293678	0.8622697
7314	-654.8352	-821.2184	166.3832	2.174784	5.513956	0.6985532	0.991066
7320	-649.976	-818.642	168.666	1.269977	3.262628	0.6985532	0.8894759
7326	-667.547	-837.8075	170.2604	0.1923809	2.757777	0.534497	0.8894759
7332	-663.6289	-832.0807	168.4519	0.7910451	3.866883	1.02606	0.8665702
7338	-653.0339	-821.7441	168.7102	0.6533417	3.866883	0.8014386	0.9801133
7344	-658.4377	-824.8892	166.4515	2.745233	3.894713	0.7675028	1.153508
7350	-649.2411	-815.1884	165.9473	3.708816	2.585185	1.264369	1.087373
7356	-658.1049	-825.3782	167.2733	2.030031	4.153227	0.8701619	0.7697636
7362	-659.1587	-825.1058	165.9471	3.554259	3.125509	1.131771	0.9902332
7368	-648.5831	-818.4401	169.857	0.6815036	2.353832	0.8635554	0.7502633
7374	-659.4157	-830.1453	170.7297	0.130738	1.959191	0.8541397	0.7667438
7380	-648.0194	-817.9919	169.9725	0.1625186	2.827476	0.9832716	0.6106335
7386	-650.0189	-818.5234	168.5045	0.5243244	4.01784	1.311163	0.6106335
7392	-655.8762	-824.5532	168.677	0.4349097	4.160767	1.023459	0.8154829
7398	-640.6243	-809.5278	168.9036	0.4047907	4.160767	0.9017195	0.7062306
7404	-649.1144	-815.5332	166.4188	1.21665	6.15772	1.612816	0.5243495
7410	-639.1264	-806.2035	167.077	2.056164	3.71966	1.12868	0.9736644
7416	-652.7515	-820.3872	167.6357	1.721893	3.71966	0.9179652	0.9594887
7422	-648.9072	-816.8669	167.9597	1.721893	3.234938	0.7584032	1.104086
7428	-648.3048	-817.0135	168.7087	1.267478	2.500299	0.8467573	1.230052
7434	-640.0642	-810.1816	170.1174	0.08725914	2.68227	0.8952311	0.8207571
7440	-648.3488	-816.1922	167.8434	1.529061	3.442936	0.907803	1.124394
7446	-641.0772	-809.3221	168.2449	1.529061	3.087456	0.8239716	1.050368
7452	-662.2988	-830.3163	168.0174	0.6679025	4.953446	0.9272679	0.9157762
7458	-663.0562	-831.5811	168.5249	1.519855	2.850535	0.7060504	1.063431
7464	-663.5545	-831.4029	167.8484	2.487709	2.461411	0.9572276	0.7856795
7470	-652.2555	-820.9077	168.6522	0.3613186	4.418073	1.08686	0.6313238
7476	-654.0562	-823.8345	169.7783	0.2590326	3.054552	0.9361998	0.5545286
7482	-642.8132	-813.1531	170.3398	0.3712083	2.34966	0.6204065	0.849058
7488	-644.4529	-813.7205	169.2677	0.1657133	3.899848	0.9927061	0.5572315
7494	-654.4793	-824.2048	169.7255	0.1657133	3.279905	0.9286032	0.5572315
7500	-650.3151	-819.6995	169.3844	0.1657133	4.132283	0.7092259	0.6430501
7506	-652.9887	-822.4154	169.4267	0.1075026	3.406384	1.195877	0.5827754
7512	-646.2648	-815.2986	169.0338	0.2086705	4.013878	1.113062	0.566698
7518	-653.6389	-824.1416	170.5027	0.1267723	2.354148	0.8455724	0.6109432
7524	-642.7211	-813.3313	170.6102	0.1218159	2.354148	0.7325864	0.6372275
7530	-659.466	-828.941	169.475	0.4447677	3.240218	0.8273178	0.7659156
7536	-657.1657	-827.8921	170.7265	0.3124946	1.95806	0.5856502	0.8825283
7542	-661.4109	-830.5333	169.1224	0.197529	4.557025	0.6289582	0.7632295
7548	-643.8555	-812.8505	168.995	0.08823962	3.733667	1.443388	0.5632204
7554	-643.7914	-812.2211	168.4298	0.07342196	4.53342	1.548622	0.5871097
7560	-649.2557	-818.9439	169.6881	0.1569752	3.281163	0.9509079	0.6304665
7566	-649.6586	-818.8941	169.2355	0.1569752	4.370503	0.6685812	0.7516315
7572	-647.7595	-816.4598	168.7004	0.1514169	4.614618	1.168674	0.4889601
7578	-651.6899	-820.8667	169.1768	0.2765234	3.974344	0.9339368	0.5053606
7584	-652.4319	-820.8608	168.4289	0.2022357	5.463937	0.9418898	0.4467764
7590	-661.9388	-830.1645	168.2257	0.1593994	5.463937	1.181537	0.42514
7596	-665.7507	-833.3045	167.5539	0.5228035	5.463937	1.492065	0.575601
7602	-661.9415	-830.9614	169.02	0.1852357	4.419086	0.9124239	0.5802535
7608	-654.0613	-823.0447	168.9834	0.3000611	4.4953	0.8031211	0.4958714
7614	-657.9316	-826.691	168.7594	0.07916969	4.4953	1.204394	0.6626127
7620	-653.3897	-822.8859	169.4963	0.3214547	3.154197	1.088779	0.5470707
7626	-651.5997	-820.7137	169.114	0.6654491	3.154197	1.001849	0.7991101
7632	-652.3249	-821.3513	169.0265	0.4708715	3.540613	1.08438	0.717707
7638	-660.9409	-830.9562	170.0153	0.4867082	2.473817	0.6564409	0.9357686
7644	-646.7544	-817.2871	170.5328	0.4867082	1.832476	0.7734098	0.8095513
7650	-651.3196	-821.4965	170.1769	0.6272243	2.056136	0.5743387	1.051958
7656	-642.9785	-812.7161	169.7376	0.427734	2.873921	0.826863	0.7783551
7662	-650.4641	-820.0339	169.5697	0.2309584	3.546004	0.826863	0.6194482
7668	-653.4723	-823.5592	170.0869	0.1935767	2.870717	0.812155	0.5945893
7674	-652.1977	-820.9123	168.7146	0.1365016	4.552424	1.195662	0.5665447
7680	-642.31	-812.1936	169.8835	0.1895712	3.285067	0.7337973	0.5935229
7686	-644.0285	-813.227	169.1985	0.1492953	4.131581	0.9302744	0.4154621
7692	-651.4954	-820.822	169.3265	0.1795451	4.171279	0.7089752	0.6864948
7698	-648.9314	-817.7773	168.8459	0.4803274	4.186616	0.9198135	0.5952622
7704	-658.1666	-828.0729	169.9063	0.2306026	3.196922	0.7259098	0.603532
7710	-654.9687	-825.2227	170.254	0.1840218	2.668141	0.7638571	0.6834376
7716	-655.3304	-824.4205	169.0901	0.1544262	4.620357	0.733936	0.6531008
7722	-659.3888	-827.6906	168.3018	0.2588351	5.866151	0.8235247	0.4806254
7728	-658.5149	-825.486	166.9711	0.1378015	7.547785	1.521519	0.3967047
7734	-650.113	-817.5266	167.4136	0.1378015	6.734717	1.342129	0.3087632
7740	-651.5532	-819.3452	167.7919	0.1378015	5.378369	1.592299	0.3087632
7746	-656.0995	-824.7266	168.6271	0.1654533	5.378369	0.8159102	0.5855812
7752	-656.0885	-825.9835	169.8949	0.196617	3.249622	0.6540773	0.7589352
7758	-646.6397	-816.3505	169.7108	0.2255058	3.376648	0.7946392	0.6350009
7764	-646.4009	-816.5256	170.1246	0.1739208	2.84755	0.7946392	0.6373619
7770	-654.4023	-824.9172	170.5149	0.06470718	2.056203	0.692814	1.14913
7776	-654.402	-825.1632	170.7612	0.07588521	2.056203	0.4559857	1.130731
7782	-657.878	-828.0349	170.1569	0.716866	2.031222	0.4982117	1.077746
7788	-659.7091	-829.6394	169.9303	0.4418891	2.674255	0.6941275	0.8691943
7794	-653.9377	-821.2834	167.3457	1.365798	4.848938	0.8779927	0.9978488
7800	-663.0035	-828.4569	165.4534	3.692675	3.396183	0.8355094	1.397768
7806	-656.9584	-824.8786	167.9201	1.965264	2.873684	0.9095935	1.0046
7812	-654.8706	-823.4526	168.582	1.598435	2.285119	0.7730247	1.261723
7818	-648.9385	-816.0892	167.1506	2.84529	2.676326	0.6564323	1.261723
7824	-657.3249	-825.8522	168.5273	1.764357	2.327702	0.7093066	1.193063
7830	-652.1992	-819.623	167.4238	1.489495	4.841993	0.8739402	0.7734983
7836	-652.9604	-821.2682	168.3078	1.418911	2.960243	1.030505	0.9807608
7842	-658.6302	-828.0777	169.4475	1.126719	2.453753	0.7140527	0.8005769
7848	-649.9453	-819.6855	169.7402	0.1968001	3.407794	0.7009167	0.7633321
7854	-647.8583	-817.3702	169.5119	0.3859735	3.315012	0.8990394	0.448778
7860	-652.2658	-821.6506	169.3848	0.0878097	4.065307	0.8521198	0.567958
7866	-656.7729	-826.1567	169.3838	0.1575866	4.170763	0.7234678	0.5591241
7872	-658.2136	-827.4797	169.2662	0.2955701	3.354279	1.194584	0.6076656
7878	-654.7671	-823.3769	168.6098	0.2695159	3.884027	1.548996	0.5865554
7884	-673.1911	-840.9246	167.7335	0.1669243	5.660083	1.564931	0.4110752
7890	-655.2963	-823.9317	168.6354	0.1669243	3.977801	1.564931	0.4110752
7896	-664.8399	-833.4172	168.5773	0.4094288	4.424399	1.110446	0.3888031
7902	-648.7259	-818.6091	169.8831	0.2176032	3.234776	0.7405404	0.5912166
7908	-641.6121	-811.9999	170.3878	0.1286402	2.682886	0.6487395	0.7277483
7914	-644.224	-812.2387	168.0147	1.11454	4.618626	0.6642923	0.9141851
7920	-655.5674	-824.5445	168.9771	1.462092	2.130782	0.6578126	1.246572
7926	-652.5976	-818.032	165.4344	5.183799	1.79628	0.764154	1.246572
7932	-651.5728	-816.9279	165.3551	4.113355	3.558911	0.6082797	1.236239
7938	-651.3427	-818.6775	167.3348	2.931194	2.171238	0.742105	1.292503
7944	-651.4943	-818.2772	166.7829	1.793075	4.802968	1.12433	0.9069216
7950	-662.1158	-830.4511	168.3353	1.093782	3.753685	0.9096126	0.8662755
7956	-667.7971	-836.3569	168.5597	0.8370886	3.817067	0.6668567	1.106778
7962	-671.244	-841.3612	170.1172	0.1062634	2.486985	1.015135	0.8316927
7968	-668.7324	-837.9789	169.2465	0.4062388	4.155306	0.4730814	0.8316927
7974	-660.1553	-829.9763	169.8209	0.3886472	2.795534	0.901513	0.678369
7980	-663.572	-831.7192	168.1472	1.995769	2.980722	0.7493316	0.810925
7986	-657.3801	-826.6432	169.2631	0.3798169	3.620166	0.6817774	0.9732231
7992	-660.4978	-828.2286	167.7308	2.164847	3.103742	0.7691112	0.9732231
7998	-650.249	-820.3781	170.1291	0.1931285	3.103742	0.5645724	0.6909092
8004	-656.939	-826.2306	169.2915	0.5220221	3.301624	0.5317273	1.149186
8010	-650.5678	-818.3365	167.7687	1.901332	2.620931	0.9629298	1.311359
8016	-654.2968	-823.1091	168.8123	1.552693	2.256111	0.9629298	0.9377133
8022	-657.9785	-827.5922	169.6137	1.128745	1.634941	0.8462657	1.194397
8028	-652.1348	-821.9983	169.8635	0.3983358	2.483891	1.006612	0.7960061
8034	-663.4128	-833.7325	170.3197	0.1884955	2.436484	0.8899009	0.6420105
8040	-660.5265	-830.3009	169.7744	0.2513387	3.050236	0.9544311	0.531677
8046	-653.9172	-823.7558	169.8386	0.1984833	3.28551	0.7384371	0.6686482
8052	-657.3921	-827.4733	170.0812	0.2298857	2.824194	0.7701232	0.6951881
8058	-647.7018	-816.4998	168.798	0.1946474	5.055189	0.7650845	0.6283877
8064	-648.2209	-818.9217	170.7008	0.1946474	2.067936	0.7375841	0.7517172
8070	-646.3108	-817.3325	171.0217	0.18434	1.762458	0.7583654	0.6265012
8076	-648.6245	-818.3176	169.6931	0.218114	3.538416	0.7109564	0.6439949
8082	-658.0457	-827.2795	169.2338	0.1850729	4.226064	0.787334	0.6397724
8088	-654.1865	-822.8974	168.711	0.209884	4.226064	1.309897	0.437429
8094	-648.8754	-817.3962	168.5208	0.2250159	4.226064	1.47401	0.4076792
8100	-650.1726	-817.1641	166.9916	1.670724	4.416868	1.230335	0.9283469
8106	-656.8097	-826.6968	169.8871	0.5136298	2.464437	0.773238	0.9268625
8112	-651.6385	-820.6725	169.034	0.7696933	3.135354	0.8869207	0.9229595
8118	-655.3416	-823.1329	167.7913	1.120379	3.685657	1.467648	0.8682226
8124	-656.2138	-822.8731	166.6594	2.027554	4.73242	1.194142	0.7203155
8130	-653.943	-821.2916	167.3486	1.791062	4.214017	0.9462313	0.8390097
8136	-653.4315	-817.3146	163.883	4.099623	5.824876	1.27527	0.8216333
8142	-654.8773	-819.7185	164.8413	3.641224	5.033803	1.111216	0.8899034
8148	-662.1428	-831.0802	168.9374	0.6765159	3.643824	0.7254357	0.9422817
8154	-653.5695	-823.1863	169.6168	0.3865446	3.219028	0.5380422	1.018337
8160	-660.0565	-829.5255	169.469	0.6672189	3.314685	0.4404289	0.9155276
8166	-660.892	-830.0219	169.1299	1.07471	2.656343	0.5511539	1.186846
8172	-656.0807	-824.548	168.4673	1.02237	3.573951	0.565996	1.245838
8178	-652.913	-822.7639	169.8508	0.3530054	2.942518	0.6454481	0.8955187
8184	-651.0147	-821.0267	170.012	0.09694333	2.942518	0.8417279	0.7680012
8190	-657.0076	-827.6623	170.6547	0.1270473	2.242039	0.7675288	0.6476689
8196	-649.7201	-819.5053	169.7852	0.2464556	3.033449	0.9079075	0.683223
8202	-647.1579	-816.9321	169.7743	0.1970886	3.547482	0.652614	0.6261567
8208	-649.6923	-819.8131	170.1207	0.2118151	2.77013	0.7681923	0.728266
8214	-646.6246	-816.3489	169.7243	0.3542789	3.088454	0.7476569	0.7992626
8220	-647.3012	-816.7956	169.4944	0.1085189	3.229218	1.169338	0.7394845
8226	-645.6814	-815.2548	169.5733	0.06276559	3.643798	0.8635634	0.7439976
8232	-650.9612	-820.8547	169.8935	0.06276559	2.802637	0.8708032	1.023409
8238	-650.6266	-820.0917	169.465	0.06276559	3.433285	0.6203802	1.244163
8244	-660.6897	-830.6039	169.9142	0.06276559	3.017552	0.6095737	1.106194
8250	-644.9956	-813.9629	168.9672	0.06276559	4.36177	0.903024	0.9182124
8256	-658.983	-829.1525	170.1695	0.08228928	2.846092	0.7268693	0.8228949
8262	-656.4289	-826.1639	169.735	0.09719309	3.712598	0.6094664	0.7660673
8268	-661.1919	-830.9574	169.7654	0.1122379	3.352421	0.8626621	0.6497878
8274	-653.8776	-823.8081	169.9305	0.1565901	2.943649	0.9111396	0.6910387
8280	-658.6846	-826.264	167.5794	1.463656	3.746734	1.339547	0.8174344
8286	-661.1933	-827.5481	166.3548	1.55459	6.488344	0.7862629	1.094091
8292	-658.0081	-824.1625	166.1544	1.55459	6.970218	1.136674	0.6691798
8298	-671.1748	-836.7039	165.5291	3.040566	5.151385	1.029212	0.8098016
8304	-664.3709	-833.2527	168.8819	1.216644	2.85896	0.881086	0.8098016
8310	-668.7808	-838.9688	170.188	0.5414208	2.427297	0.5723803	0.8098016
8316	-661.0131	-829.3342	168.3211	1.056352	4.398979	0.5643525	0.8846791
8322	-652.6057	-822.1868	169.5812	0.8017461	2.451392	0.8283383	0.8967068
8328	-655.7671	-825.6215	169.8544	0.8017461	2.051541	0.9935935	0.7472573
8334	-649.8679	-816.8967	167.0288	1.274269	5.297708	1.280993	0.7242229
8340	-656.9559	-825.3573	168.4014	1.003043	3.051256	1.418485	0.836653
8346	-664.4505	-833.809	169.3585	0.2479796	2.988926	1.403993	0.5895357
8352	-654.5377	-823.5283	168.9906	0.4262287	4.227791	0.7955539	0.6225535
8358	-655.4743	-824.5207	169.0464	0.201464	4.285145	0.9189659	0.6518773
8364	-659.74	-828.6792	168.9392	0.2255489	3.435179	1.545128	0.5875585
8370	-651.6085	-819.8004	168.1919	0.1232619	4.943277	1.528898	0.4889519
8376	-654.9217	-825.3914	170.4697	0.1635493	2.251089	0.9441774	0.5249021
8382	-650.4555	-819.8787	169.4231	0.1915134	3.693556	0.9441774	0.5096431
8388	-659.3419	-828.8772	169.5353	0.2824518	2.738008	1.383905	0.540027
8394	-648.8443	-818.373	169.5287	0.1209546	3.755088	0.812948	0.690484
8400	-650.8358	-820.1015	169.2657	0.4786285	3.513701	0.9047816	0.6171767
8406	-651.0198	-820.6361	169.6163	0.4786285	3.20157	0.6771603	0.7673887
8412	-647.8072	-815.714	167.9069	1.926274	2.867389	0.9086824	1.060529
8418	-653.164	-821.5865	168.4224	0.4331851	5.403721	0.7221666	0.6354797
8424	-650.0748	-820.0503	169.9756	0.2388485	2.722161	0.9707308	0.6354797
8430	-652.8087	-820.8661	168.0574	0.1532719	5.613317	1.278338	0.5977848
8436	-648.4957	-818.5877	170.092	0.4915471	2.651138	0.5557203	0.7995585
8442	-659.5494	-830.2947	170.7452	0.1523421	2.069499	0.764246	0.7035513
8448	-646.5487	-816.7847	170.2359	0.1554326	2.511071	0.9567754	0.6240518
8454	-645.8299	-815.5471	169.7172	0.4072596	2.848936	0.9567754	0.661184
8460	-650.0414	-815.2656	165.2242	4.011625	3.134388	1.396611	0.9847952
8466	-659.2108	-826.0865	166.8756	2.09251	4.515023	0.6918453	1.103764
8472	-658.2964	-825.9341	167.6377	1.815209	3.444414	1.071896	0.8778743
8478	-657.5423	-824.3873	166.845	1.964303	4.499759	1.014024	0.9527916
8484	-657.907	-824.639	166.732	2.653957	3.251654	1.142158	1.009789
8490	-659.3181	-824.6953	165.3772	3.357752	4.312579	1.21718	0.9278515
8496	-665.8929	-829.6027	163.7099	4.739698	4.312579	1.426542	1.006615
8502	-661.7951	-826.992	165.1969	3.956079	3.65941	1.272279	0.8324898
8508	-654.2649	-823.8906	169.6257	0.4131089	2.636038	1.200878	0.6560595
8514	-664.256	-833.8475	169.5916	0.5872839	2.840926	0.7214042	0.9194054
8520	-668.6202	-837.4117	168.7916	1.418949	2.401695	0.7290414	1.195778
8526	-666.4422	-835.5781	169.1358	0.904446	3.046655	0.4247002	1.195778
8532	-655.9127	-820.4965	164.5838	4.922554	3.318441	0.7419785	1.223386
8538	-652.2067	-819.7156	167.5089	2.199714	2.978319	0.7419785	1.248376
8544	-660.4249	-826.155	165.7301	3.989313	3.192661	0.979397	0.8695581
8550	-656.0089	-825.2708	169.2619	0.7314472	2.87657	0.6112741	1.178626
8556	-650.9787	-819.4416	168.463	1.843646	2.37532	0.6175389	1.226496
8562	-677.8134	-845.868	168.0546	1.278194	3.520101	1.217482	0.7843937
8568	-669.6973	-834.7303	165.0331	3.786371	4.539569	0.9053538	1.029964
8574	-680.3778	-846.0942	165.7163	4.382447	2.337283	1.049113	1.053671
8580	-661.7065	-826.9544	165.2479	4.382447	3.118369	1.029646	0.9678216
8586	-660.1821	-829.5753	169.3932	1.084967	2.515809	0.5439567	1.041245
8592	-664.5194	-830.6491	166.1297	4.090469	1.85697	1.181174	1.185247
8598	-652.5869	-820.8832	168.2962	1.233008	3.684647	0.8316369	0.8903501
8604	-651.0562	-820.9306	169.8744	0.2908539	3.152323	0.7377328	0.5698944
8610	-664.648	-832.0141	167.3661	2.045283	3.688723	0.9209613	0.9194118
8616	-661.3484	-831.4703	170.1219	0.1425111	2.865382	0.838652	0.571435
8622	-654.5304	-824.8171	170.2867	0.09269836	2.213694	1.210919	0.6023965
8628	-647.8611	-817.3545	169.4935	0.2736556	3.443118	0.9513661	0.4995438
8634	-642.5317	-811.5175	168.9858	0.3517785	4.366373	0.8161523	0.5531731
8640	-646.3858	-816.2238	169.838	0.1398248	2.935054	1.006865	0.7244677
8646	-647.6602	-816.4086	168.7484	1.009868	2.80493	0.862229	1.209339
8652	-648.4917	-814.0574	165.5658	4.479189	2.626302	0.584418	1.311013
8658	-653.2002	-819.7867	166.5865	3.71753	1.766584	0.7725886	1.507685
8664	-646.6696	-812.4682	165.7986	3.71753	3.415546	0.7350542	1.16602
8670	-646.0942	-814.0023	167.9081	1.732639	3.519908	0.9346671	0.7484535
8676	-653.0661	-817.3425	164.2765	4.815241	3.776139	1.163063	0.9445502
8682	-652.2834	-817.8624	165.579	3.311356	3.776139	1.260678	1.048694
8688	-649.3836	-819.2271	169.8435	0.4764996	2.908453	0.7062275	0.685507
8694	-650.2507	-819.3543	169.1036	0.08474579	3.629564	1.384516	0.6237387
8700	-646.7374	-815.7527	169.0153	0.08474579	4.67443	0.8240441	0.7008181
8706	-643.6102	-813.5055	169.8953	0.3356551	2.975829	0.7524568	0.6763437
8712	-649.0011	-819.064	170.0629	0.07737406	2.40993	0.8999584	1.100881
8718	-663.511	-833.6464	170.1355	0.09062845	2.833767	0.8772717	0.6368051
8724	-653.1314	-822.9715	169.8401	0.2066986	3.067766	0.8991796	0.6177465
8730	-657.1209	-825.1771	168.0562	0.9454302	4.564715	0.8802754	0.8461378
8736	-666.3117	-832.7952	166.4834	2.277139	4.564715	1.121369	0.8461378
8742	-646.3605	-816.791	170.4305	0.5632034	2.109438	0.5051281	0.8808029
8748	-648.5425	-817.9857	169.4432	0.5632034	2.974419	0.8691101	0.8379561
8754	-643.6303	-813.0312	169.4008	1.045612	2.256471	0.8691101	0.9506097
8760	-640.7011	-809.3652	168.6641	1.08199	3.496826	0.6790052	0.9506097
8766	-635.2431	-804.3518	169.1086	0.9187089	2.791816	1.043559	0.7500318
8772	-641.8199	-811.3195	169.4996	0.2724899	2.975716	1.248691	0.586279
8778	-641.2721	-811.1359	169.8638	0.09634022	2.975716	1.063241	0.5770698
8784	-649.6341	-817.5103	167.8763	0.7252673	5.94238	0.742801	0.5505486
8790	-647.7054	-815.2493	167.5439	0.5375975	5.94238	1.179169	0.7407195
8796	-656.5912	-826.2108	169.6196	0.6224309	3.008315	0.6815368	0.7396368
8802	-661.8022	-830.9604	169.1582	0.558023	4.056231	0.5648983	0.6892115
8808	-661.271	-827.4047	166.1337	3.555942	3.146281	0.7629731	1.146797
8814	-656.4696	-823.4706	167.001	2.658285	3.525617	0.7307381	0.9678183
8820	-654.5892	-823.5953	169.0061	1.153176	2.202492	1.09843	1.052028
8826	-658.9213	-828.5408	169.6195	1.104204	2.202492	0.5339843	1.052028
8832	-649.9931	-815.7783	165.7852	4.429786	2.202492	1.042661	1.052028
8838	-646.8339	-813.3135	166.4796	3.443071	2.600606	1.178457	0.8924833
8844	-640.879	-809.9497	169.0706	1.002733	3.219225	0.5544976	0.9292608
8850	-643.0464	-811.2083	168.1619	2.201906	2.172534	0.6802835	1.262011
8856	-661.394	-828.3697	166.9757	2.800696	2.938046	0.788884	1.174857
8862	-660.916	-826.0028	165.0867	4.589053	2.938046	0.846226	1.212074
8868	-658.3381	-826.6053	168.2672	1.520197	3.001608	0.7814573	1.132259
8874	-654.849	-822.3393	167.4903	1.892374	3.542079	1.065942	0.8931513
8880	-659.3139	-825.9829	166.669	2.707017	3.542079	0.8958377	1.073449
8886	-661.2551	-827.3461	166.0911	3.062138	3.900298	0.8958377	1.073449
8892	-643.8253	-813.7762	169.951	0.9862725	1.902707	0.548915	1.073449
8898	-654.5124	-824.2434	169.731	0.9862725	1.902707	0.7493567	1.091555
8904	-660.0396	-826.9751	166.9355	2.283358	3.759916	0.7493567	1.2213
8910	-663.3038	-830.4348	167.131	2.577366	2.799996	0.9349438	1.192882
8916	-661.2748	-828.735	167.4602	1.881159	3.829077	0.7555667	1.069229
8922	-648.3731	-815.0815	166.7084	2.752135	3.358742	0.962092	1.043294
8928	-649.3695	-816.8128	167.4433	2.259425	2.910839	0.6941642	1.331099
8934	-662.8203	-831.4523	168.632	1.586175	1.844078	1.629423	0.7150906
8940	-652.009	-820.2846	168.2757	1.047886	3.592646	1.292209	0.5604456
8946	-655.6625	-823.4286	167.7662	1.047886	4.723147	1.025905	0.788765
8952	-650.5391	-816.4939	165.9549	2.047695	5.575599	1.433382	0.7406838
8958	-641.5998	-810.6496	169.0498	0.6612393	3.536043	0.8568948	0.7441144
8964	-656.9205	-825.746	168.8255	1.054785	3.253435	0.8994116	0.7007101
8970	-659.3534	-827.5676	168.2142	0.4306714	3.973924	1.721481	0.4040113
8976	-655.2665	-824.3357	169.0692	0.2137556	3.973924	1.103843	0.5204308
8982	-655.8157	-825.1326	169.3169	0.2137556	4.149083	0.7522302	0.4767175
8988	-657.7685	-826.7139	168.9454	0.3577495	4.43922	0.585745	0.918675
8994	-646.4506	-816.7582	170.3076	0.2627062	2.646354	0.585745	0.7815433
9000	-658.2896	-825.8337	167.544	1.938113	3.476196	0.6104996	1.267185
9006	-653.6619	-820.6522	166.9903	2.072771	4.248283	0.6613444	1.180665
9012	-662.6939	-830.1812	167.4873	1.616765	3.751426	0.9602586	1.142572
9018	-665.7157	-833.0581	167.3424	2.179384	3.512361	0.8174233	1.027384
9024	-660.2047	-828.307	168.1023	1.557113	3.002752	0.8652171	1.170643
9030	-670.7059	-840.5942	169.8882	0.1747268	2.899284	1.005049	0.6072923
9036	-676.6738	-842.2711	165.5972	2.118895	6.081475	1.548174	0.6072923
9042	-659.7161	-826.6195	166.9034	1.919471	3.016578	2.117874	0.7022092
9048	-648.8533	-815.9728	167.1195	2.347971	3.016578	1.032277	1.183851
9054	-656.4337	-823.4578	167.0241	2.687119	2.483671	0.7660552	1.512715
9060	-659.119	-824.4026	165.2836	3.886796	3.750198	0.9900875	1.05501
9066	-661.1604	-828.1123	166.9519	3.298275	2.380038	0.7365337	1.16963
9072	-661.3258	-827.7334	166.4076	2.779815	4.128278	0.7185106	1.080355
9078	-642.5872	-811.4583	168.8711	0.6543744	3.821066	0.9301724	0.6190125
9084	-632.9161	-802.0973	169.1812	0.1075266	4.344308	0.8582688	0.6190125
9090	-643.1146	-812.1173	169.0027	0.1872027	4.532111	0.8755899	0.4817383
9096	-662.3167	-829.3734	167.0568	0.195627	8.161054	1.160756	0.4622227
9102	-663.3282	-832.2967	168.9686	0.1168916	4.44496	1.029256	0.5041424
9108	-656.7359	-825.6816	168.9457	0.1309123	4.44496	1.029256	0.5696118
9114	-659.4248	-828.5921	169.1672	0.4997973	3.603143	0.8317438	0.7824982
9120	-658.6724	-828.4779	169.8055	0.2510617	3.258484	0.6837624	0.7579436
9126	-664.8059	-834.516	169.7101	0.2724858	3.657834	0.5682845	0.6339131
9132	-652.1437	-821.695	169.5514	0.2724858	3.373484	0.9340037	0.5573948
9138	-658.6653	-827.0674	168.4021	0.505657	4.30174	1.28191	0.5573948
9144	-650.6806	-819.7498	169.0692	0.3012702	4.30174	0.7943349	0.634955
9150	-648.7504	-816.8711	168.1208	1.159926	3.493754	1.35582	0.6737332
9156	-650.5169	-820.3754	169.8585	0.2269047	3.235582	0.6930565	0.7228529
9162	-662.2611	-831.5714	169.3103	0.716507	2.906974	0.7540589	0.9949473
9168	-652.9743	-820.6672	167.6929	2.160895	2.45021	0.776184	1.416373
9174	-660.2306	-828.2428	168.0123	1.494726	3.520324	0.5147929	1.301941
9180	-665.5385	-833.7681	168.2296	2.163719	1.974528	0.5039291	1.506585
9186	-676.129	-842.7729	166.6439	2.243124	4.180518	0.8915062	1.167628
9192	-645.361	-814.5104	169.1494	0.6459214	3.45061	0.8712809	0.6694733
9198	-651.9523	-821.6734	169.7211	0.110024	3.61755	0.7661936	0.5717384
9204	-663.0232	-832.4554	169.4322	0.1011686	4.164678	0.6966253	0.665186
9210	-649.4701	-819.988	170.5179	0.1986921	2.519518	0.588481	0.6992528
9216	-648.7682	-818.9497	170.1816	0.3432547	2.519518	0.7631355	0.7278857
9222	-656.2457	-824.2154	167.9696	2.044173	3.009554	0.7410307	0.9472906
9228	-662.2752	-829.8468	167.5716	1.209267	4.894241	0.6912362	1.087548
9234	-656.8194	-825.9452	169.1258	0.9520927	2.897018	0.6743844	1.030242
9240	-663.158	-833.7201	170.5621	0.1507437	2.253572	0.7992357	0.7017059
9246	-654.4928	-825.3893	170.8965	0.1436329	2.001441	0.6564182	0.74015
9252	-656.7766	-824.8015	168.025	2.496581	2.234447	0.9824054	0.74015
9258	-639.8272	-810.1899	170.3627	0.1551866	2.744146	0.5750519	0.7686221
9264	-639.5216	-808.9856	169.464	0.6513616	2.760697	0.9654561	0.7686221
9270	-642.4517	-811.1601	168.7084	0.8256476	3.433379	1.10982	0.7290872
9276	-651.1867	-818.5524	167.3657	1.225503	5.449114	0.975145	0.607205
9282	-645.7806	-812.2704	166.4899	1.850454	5.544806	1.148496	0.6763181
9288	-657.181	-823.4922	166.3111	3.101277	3.30988	1.152837	0.9314123
9294	-659.1311	-825.9212	166.7902	3.582119	2.306058	0.7594921	1.091958
9300	-660.1599	-825.5703	165.4104	4.739327	2.306058	0.6426591	1.378003
9306	-656.0649	-825.1691	169.1042	1.433959	1.883272	0.8099354	1.211282
9312	-649.6579	-817.4588	167.801	2.244257	2.439474	0.9383431	1.131409
9318	-652.3904	-821.1439	168.7534	1.095658	3.151327	1.023911	0.6543013
9324	-650.021	-818.5268	168.5059	1.303643	3.182035	0.797362	0.9777875
9330	-659.1387	-829.7484	170.6097	0.1240985	2.220908	0.8158847	0.6813705
9336	-653.714	-822.8697	169.1557	0.1240985	4.277144	0.9278594	0.534086
9342	-655.1112	-824.5444	169.4331	0.1723741	3.680909	0.9539401	0.5636019
9348	-658.0584	-826.8855	168.8271	0.3527913	4.676235	0.7863225	0.6091744
9354	-650.8934	-819.7087	168.8153	0.2761178	4.21165	1.15622	0.5036386
9360	-653.5681	-824.2775	170.7095	0.2761178	1.74042	1.016146	0.5733655
9366	-653.3961	-823.8858	170.4897	0.2265773	2.16057	0.8794755	0.6871209
9372	-652.3319	-821.5711	169.2392	0.2011625	4.156451	0.8181843	0.6101403
9378	-655.3233	-824.3865	169.0632	0.1975633	4.113907	0.9890836	0.6841634
9384	-655.9892	-823.9707	167.9815	0.7944907	3.934318	1.631203	0.5469088
9390	-650.9045	-820.6996	169.7951	0.1411375	3.285554	0.8817863	0.5469088
9396	-661.1589	-831.3362	170.1773	0.1652819	2.7048	0.8817863	0.550559
9402	-658.3314	-827.408	169.0765	0.3031077	4.1796	0.8817863	0.550559
9408	-656.3555	-824.4421	168.0866	0.1914772	6.347973	0.8804037	0.550559
9414	-651.7491	-821.2543	169.5052	0.1229548	3.839404	0.8380919	0.5374343
9420	-668.0384	-838.391	170.3525	0.1229548	2.798715	0.5530324	0.8025818
9426	-658.9334	-828.8657	169.9323	0.4352769	2.545166	0.7888569	0.8771224
9432	-660.3619	-831.0473	170.6854	0.2039446	2.328713	0.5639022	0.6996411
9438	-648.9952	-819.2812	170.286	0.2039446	2.473207	0.8233085	0.7437527
9444	-647.4013	-816.6323	169.231	0.08121642	3.989911	0.880103	0.8694821
9450	-666.7063	-836.5812	169.8749	0.166283	3.080485	0.8675701	0.6799042
9456	-663.1398	-832.9993	169.8595	0.1007224	3.149284	0.9431737	0.5763576
9462	-649.7992	-820.5611	170.7619	0.2018698	2.097974	0.6336434	0.7673067
9468	-648.8222	-818.1539	169.3316	0.1384573	3.855026	0.9789489	0.5754822
9474	-649.631	-819.5557	169.9247	0.1431606	2.933728	0.9789489	0.5977717
9480	-648.4614	-818.2656	169.8041	0.2440161	2.933728	0.9789489	0.6478655
9486	-662.1511	-828.8294	166.6783	1.729094	4.493587	1.42275	0.9492558
9492	-654.9644	-824.2119	169.2475	1.021122	2.306024	0.8386679	1.114426
9498	-662.9925	-830.7433	167.7508	1.564655	4.117222	0.7537609	0.923459
9504	-649.5238	-818.2439	168.7201	0.932825	3.667062	0.6892431	0.923459
9510	-645.5231	-810.6823	165.1592	4.65407	2.909613	0.7324837	1.209002
9516	-654.4576	-822.7679	168.3103	0.771483	4.448383	0.9178469	0.7769833
9522	-651.844	-819.0247	167.1807	0.2709291	6.352455	1.660487	0.3591368
9528	-648.3962	-817.2039	168.8077	0.1137357	3.621504	1.659728	0.4000661
9534	-656.1941	-823.928	167.7339	0.129365	6.324359	1.298673	0.4266721
9540	-656.3402	-823.8306	167.4904	0.2986606	6.479552	1.298673	0.413615
9546	-653.4195	-822.3778	168.9583	0.09668158	4.514537	1.020736	0.4899416
9552	-654.4464	-824.2209	169.7745	0.09668158	3.070168	1.058219	0.6527506
9558	-659.1529	-829.1806	170.0278	0.2804896	2.96112	0.7105898	0.6216431
9564	-655.7849	-825.2469	169.4621	0.3156566	3.191808	1.099066	0.5674312
9570	-661.4955	-829.5621	168.0666	0.2173222	5.592394	1.204312	0.3909707
9576	-670.0263	-839.3998	169.3734	0.2526011	3.209812	1.218995	0.3909707
9582	-657.4124	-827.2475	169.8351	0.124393	3.335372	0.6819404	0.82304
9588	-656.0685	-826.6849	170.6164	0.1899376	2.373168	0.6375023	0.6500304
9594	-652.5382	-823.0642	170.526	0.1170076	2.309733	0.7198383	0.8493552
9600	-656.926	-826.89	169.964	0.1601362	2.832963	1.001413	0.5747565
9606	-646.7141	-815.7067	168.9926	0.312589	4.022689	1.001413	0.6788695
9612	-653.2437	-823.8819	170.6382	0.1515024	2.394424	0.6232533	0.6788695
9618	-642.8783	-813.5922	170.7139	0.09635848	2.079844	0.6232533	0.9781739
9624	-652.7634	-823.4731	170.7098	0.1249273	2.362587	0.5322322	0.7904871
9630	-664.4217	-833.3009	168.8792	1.230825	2.744047	0.7100711	1.070932
9636	-657.1757	-824.7597	167.584	2.526036	2.744047	0.7100711	1.070932
9642	-663.9677	-833.5922	169.6245	0.3044924	3.216751	0.8635168	0.7206557
9648	-663.9504	-833.6527	169.7022	0.1291455	3.216751	0.9611416	0.7206557
9654	-659.6141	-828.7764	169.1624	0.947999	2.987989	0.6495573	0.957844
9660	-647.0344	-813.5031	166.4686	2.105739	5.202444	0.9648214	0.852049
9666	-660.2882	-826.1458	165.8575	2.52788	3.943698	1.92106	0.7569891
9672	-654.9499	-822.0222	167.0723	1.921393	3.807705	1.415622	0.7259189
9678	-656.8911	-826.3483	169.4572	0.9104389	2.097275	1.216173	0.787096
9684	-652.3446	-820.3554	168.0108	0.9104389	4.716514	0.9637941	0.7278051
9690	-664.7757	-833.3975	168.6218	0.9510018	3.044934	1.050882	1.053877
9696	-658.3784	-828.761	170.3826	0.3832775	2.031721	0.8685325	0.7928389
9702	-654.898	-823.8441	168.9461	0.9984898	2.961281	0.7860029	1.006835
9708	-648.4368	-818.5549	170.1181	0.4164579	2.670585	0.6474649	0.7151267
9714	-653.6873	-823.5475	169.8602	0.3841039	2.819624	0.6713502	0.91934
9720	-657.0636	-824.3508	167.2871	2.186392	3.523977	0.9891221	0.8903153
9726	-655.2801	-823.2339	167.9538	1.60542	3.185729	0.9469204	1.073675
9732	-657.72	-823.5211	165.8011	3.31583	3.581657	1.145662	1.058401
9738	-655.0597	-821.9028	166.8431	3.31583	2.324878	0.8365694	1.199702
9744	-657.3678	-823.8574	166.4896	3.31583	2.91054	0.7415381	1.207409
9750	-657.1759	-825.8863	168.7104	1.877432	1.96729	0.6677994	1.228403
9756	-656.4419	-824.4052	167.9633	1.293254	3.804568	1.091248	0.8163127
9762	-645.8241	-815.7929	169.9688	0.8131446	2.173797	0.5999255	0.9513155
9768	-668.9192	-839.2869	170.3677	0.1809482	2.662894	0.676725	0.6437831
9774	-653.285	-823.3706	170.0856	0.09196306	2.937382	0.6953437	0.8725345
9780	-649.6161	-819.42	169.8038	0.3100007	2.90998	0.8891915	0.7235657
9786	-646.6289	-816.545	169.9161	0.1424902	3.044251	0.9079408	0.605929
9792	-662.9709	-832.7483	169.7774	0.3948884	2.60853	0.9588297	0.8503112
9798	-659.0237	-825.3779	166.3542	2.662749	3.212897	1.292039	1.231738
9804	-643.0818	-809.5662	166.4844	3.188409	3.212897	0.9640289	0.9241366
9810	-655.0497	-820.6422	165.5925	3.851653	3.212897	1.1624	0.9564835
9816	-647.3641	-814.7276	167.3634	1.629315	4.153531	1.024348	0.9564835
9822	-659.4487	-828.9913	169.5426	0.08855575	3.808979	0.6975336	0.8371411
9828	-660.6205	-829.4516	168.8311	0.440531	3.492637	1.394393	0.6081085
9834	-668.145	-835.4778	167.3328	2.640026	2.651898	0.9992773	0.9893426
9840	-646.567	-815.6414	169.0745	0.9679047	2.860937	0.6672248	1.094912
9846	-655.4798	-821.1261	165.6464	4.253477	2.549267	0.6125519	1.448361
9852	-665.4211	-834.5631	169.142	0.227373	4.109116	0.9124701	0.6218462
9858	-653.944	-822.2146	168.2707	0.3309947	4.75893	1.339931	0.4809585
9864	-657.6377	-825.234	167.5962	0.5554346	4.75893	1.789919	0.4809585
9870	-653.8903	-822.2649	168.3746	0.1197237	4.75779	1.447903	0.4809585
9876	-670.74	-839.1565	168.4165	0.09601701	4.75779	1.424876	0.4491374
9882	-663.7207	-831.5481	167.8274	0.2356325	6.067996	1.219196	0.4377674
9888	-666.5208	-836.8922	170.3713	0.2758074	1.846687	1.231254	0.6535215
9894	-660.0859	-828.1725	168.0866	1.249309	4.198646	0.6488795	0.9628231
9900	-649.3882	-819.3684	169.9802	0.201528	3.135008	0.7202533	0.6117143
9906	-658.5985	-826.7881	168.1896	1.607061	3.280118	0.8623186	0.8468705
9912	-647.8869	-813.1442	165.2573	4.025615	3.574676	1.20044	0.8267627
9918	-641.743	-810.3725	168.6295	1.405497	3.067436	0.6851568	0.9414542
9924	-644.0618	-812.9833	168.9215	1.363488	2.187163	0.9273987	1.105914
9930	-647.1587	-816.3075	169.1488	0.4844965	3.535751	1.019035	0.5591838
9936	-660.0227	-829.1726	169.1499	0.1199695	3.685377	1.294165	0.5076479
9942	-652.7102	-822.7672	170.057	0.09051729	3.08844	0.7590457	0.6735361
9948	-655.8962	-825.4001	169.5039	0.1105827	3.985798	0.5960936	0.8506504
9954	-652.3452	-823.0471	170.7019	0.1751534	2.270957	0.6237596	0.6969458
9960	-653.2957	-823.0784	169.7827	0.2727012	2.977482	0.9521484	0.6212624
9966	-653.0003	-820.8855	167.8853	0.8238157	4.974154	1.095208	0.6172702
9972	-649.3127	-818.2018	168.8891	0.2815763	4.015913	1.190279	0.5282468
9978	-649.9641	-818.6213	168.6571	0.5240711	4.106013	1.128009	0.5016072
9984	-656.5028	-825.056	168.5533	0.3041622	4.52246	1.207787	0.4459614
9990	-657.6195	-825.8713	168.2518	0.3441951	4.125586	1.670017	0.3844229
9996	-653.2847	-820.7614	167.4767	0.1467141	6.560844	1.421448	0.3985499
10002	-659.8115	-822.5039	162.6924	3.723502	8.883869	1.733211	0.4852661
10008	-663.4526	-826.5372	163.0846	3.723502	6.849102	2.125059	0.5771035
10014	-658.493	-822.8127	164.3197	2.178547	8.557233	1.696024	0.7174225
10020	-654.6711	-819.6763	165.0052	3.933474	4.111133	1.00475	1.054492
10026	-648.8542	-817.6265	168.7723	1.498956	2.222822	0.6776409	1.306476
10032	-672.618	-840.3593	167.7413	1.475416	4.482649	0.5137219	1.054926
10038	-659.299	-828.0982	168.7992	0.5451115	4.323858	0.6793336	0.8379524
10044	-663.3444	-832.9537	169.6094	0.5451115	2.601493	0.9229542	0.9182449
10050	-666.1256	-835.6948	169.5693	0.5191941	2.848288	0.9229542	0.7771185
10056	-654.8674	-825.1701	170.3028	0.1238894	2.460529	0.9229542	0.7006023
10062	-652.1433	-822.9815	170.8382	0.1281463	2.033897	0.5637456	0.9165979
10068	-664.2699	-832.6079	168.3381	1.232006	3.636413	0.8408019	0.8674921
10074	-651.54	-819.6393	168.0993	1.232006	4.257258	0.5806547	1.00252
10080	-652.227	-818.625	166.398	2.674133	4.257258	0.8452514	0.9970459
10086	-657.8026	-827.3144	169.5117	1.467206	1.744709	0.6335945	1.084899
10092	-656.9341	-826.6197	169.6855	0.5598126	2.297446	1.128966	0.8473005
10098	-647.8535	-818.6791	170.8256	0.1214354	1.866623	0.931963	0.6104314
10104	-665.0036	-834.2592	169.2556	0.5212255	3.553752	0.7744015	0.7522431
10110	-664.4231	-833.53	169.107	0.3864439	3.764072	0.9420152	0.7271534
10116	-665.3975	-835.9316	170.5341	0.1575728	2.586474	0.609649	0.5948563
10122	-667.5625	-836.6322	169.0696	0.33385	4.052304	0.9214703	0.5948045
10128	-665.6557	-834.1795	168.5238	0.1470122	5.627334	0.8283306	0.4981769
10134	-660.1218	-829.6506	169.5288	0.1634418	3.783841	0.8024483	0.5671519
10140	-654.1163	-823.5006	169.3843	0.3679363	3.783841	0.630865	0.7864308
10146	-656.8637	-826.1586	169.2949	0.3679363	3.709495	0.8211127	0.7027972
10152	-655.3751	-824.7972	169.4221	0.1753834	4.082815	0.7223714	0.5398601
10158	-663.6306	-831.9395	168.3089	0.3781138	5.324067	0.9331638	0.6293661
10164	-649.2744	-819.291	170.0166	0.2513246	2.772866	0.8826829	0.6293661
10170	-647.1457	-817.3968	170.2511	0.1554367	3.016548	0.5858125	0.5855791
10176	-643.3954	-813.0899	169.6945	0.2063183	2.738923	1.301747	0.4734872
10182	-647.5299	-818.0353	170.5054	0.2063183	2.033211	1.02166	0.3975353
10188	-640.5046	-809.8511	169.3465	0.1560466	3.432452	1.202936	0.6067423
10194	-658.0799	-828.475	170.3951	0.3551463	2.210462	0.5119974	1.04144
10200	-652.7848	-822.7907	170.0059	0.07800575	3.103954	0.5119974	1.04144
10206	-650.7645	-821.538	170.7735	0.08426421	1.827465	0.6255449	1.135831
10212	-649.5483	-819.9445	170.3963	0.07598975	2.434635	0.5693736	1.081878
10218	-648.3151	-817.3464	169.0314	0.07598975	4.202973	0.9698079	0.8574033
10224	-658.2375	-827.2817	169.0441	0.06794351	4.138425	0.9698079	0.8956346
10230	-643.2365	-812.5549	169.3184	0.2626003	3.570025	1.050354	0.5544136
10236	-653.6526	-822.4241	168.7715	0.3194758	4.756553	0.8470851	0.5544136
10242	-650.534	-819.8719	169.3378	0.1391698	3.493087	1.204863	0.4550536
10248	-643.7487	-814.2526	170.5039	0.1391698	2.085544	1.025043	0.6672326
10254	-654.458	-824.5899	170.1319	0.1540793	2.632175	0.9449399	0.6793511
10260	-662.8711	-832.6689	169.7978	0.1058165	3.122512	0.9255783	0.7626776
10266	-655.0812	-825.7514	170.6703	0.1796057	2.106686	0.8207822	0.6223333
10272	-651.9904	-821.5331	169.5427	0.249835	2.999367	1.199226	0.6223333
10278	-639.4594	-809.7783	170.319	0.163013	2.587111	0.8277292	0.5623236
10284	-649.1891	-819.8145	170.6254	0.1298219	2.345254	0.6625799	0.7364499
10290	-652.8055	-823.2211	170.4156	0.2200966	2.168858	0.486631	1.198687
10296	-651.7828	-821.1487	169.3659	0.07000392	3.675047	0.6116833	1.198687
10302	-651.7885	-821.433	169.6445	0.06714485	3.10958	0.706528	1.198687
10308	-641.4754	-811.8938	170.4184	0.06507236	2.163515	0.643221	1.198687
10314	-651.7456	-820.9379	169.1923	0.05972783	3.294364	1.047938	1.192975
10320	-647.7824	-817.3658	169.5834	0.05972783	3.294364	0.6992043	1.156075
10326	-638.9125	-808.324	169.4116	0.05972783	3.200953	0.8780349	1.204345
10332	-650.297	-820.2931	169.9962	0.06833812	2.513407	0.7302543	1.245301
10338	-651.232	-821.0567	169.8247	0.05413081	2.513407	0.8474728	1.30167
10344	-653.243	-822.7306	169.4876	0.06009816	3.192416	0.6905146	1.30167
10350	-644.243	-814.2315	169.9885	0.063834	2.990112	0.7141114	0.9494046
10356	-650.7282	-820.0279	169.2997	0.06424275	3.858531	0.7537572	1.032238
10362	-646.8293	-815.9889	169.1597	0.06424275	3.917536	0.8579955	1.032238
10368	-658.6973	-828.1838	169.4866	0.06424275	3.295935	0.9788411	0.9785276
10374	-658.409	-828.5781	170.1692	0.1534194	3.011766	0.6745741	0.5805505
10380	-655.5925	-824.9075	169.315	0.105644	3.915017	0.9709629	0.6360069
10386	-665.0175	-834.4452	169.4278	0.1414476	3.915017	0.6710839	0.865989
10392	-657.0562	-826.0626	169.0064	0.2026008	5.070381	0.5081558	0.6953696
10398	-652.5374	-822.465	169.9277	0.2109495	3.217268	0.4038755	1.018414
10404	-660.9416	-831.0592	170.1176	0.1085781	3.217268	0.5044283	0.8096195
10410	-657.46	-827.6647	170.2047	0.1114532	2.777814	0.7221635	0.8096195
10416	-655.993	-826.2503	170.2573	0.1902181	2.735866	0.634948	0.791726
10422	-653.2322	-822.5428	169.3107	1.062132	2.312819	1.016004	0.8136785
10428	-650.5519	-820.5096	169.9577	0.5350895	2.506393	0.7477926	0.8100708
10434	-666.9552	-838.0579	171.1027	0.1072734	1.799175	0.675561	0.717563
10440	-654.0406	-824.9088	170.8683	0.1362425	1.90388	0.7120933	0.8277742
10446	-651.3881	-820.8786	169.4904	0.07355813	3.955085	0.683471	0.8277742
10452	-653.4533	-822.7521	169.2988	0.3269106	3.955085	0.683471	0.7427182
10458	-656.7194	-826.8599	170.1405	0.2115992	2.627828	0.8444906	0.7427182
10464	-655.2759	-825.1702	169.8942	0.1396548	3.538051	0.4877464	0.8075068
10470	-663.8338	-833.8739	170.04	0.1058122	2.818284	0.8647559	0.8075068
10476	-658.5191	-827.5751	169.056	0.1999867	4.036159	1.062147	0.6382551
10482	-666.7323	-833.9119	167.1796	1.981654	4.038053	0.9848146	0.8898382
10488	-657.105	-826.1564	169.0514	1.17994	2.578915	0.8589759	0.922787
10494	-656.0495	-825.262	169.2125	0.1374136	3.792754	1.142173	0.553944
10500	-660.216	-829.8589	169.6429	0.07730199	3.053256	1.09147	0.8487422
10506	-658.6955	-828.3682	169.6727	0.07730199	3.126966	1.011305	0.8482624
10512	-643.8595	-813.9669	170.1074	0.07336576	2.750959	0.7958732	0.9071449
10518	-640.1244	-810.6354	170.5109	0.07343169	2.193705	0.6230994	1.105509
10524	-654.273	-824.5636	170.2906	0.07390487	2.618066	0.8306467	0.7558805
10530	-651.9707	-822.1013	170.1306	0.07390487	2.618066	0.7903343	0.9918482
10536	-651.8554	-822.0198	170.1644	0.07390487	2.573267	0.7903343	0.9918482
10542	-650.9616	-820.7894	169.8278	0.07390487	2.971011	0.7903343	1.037871
10548	-647.3519	-817.3506	169.9987	0.2354545	2.952448	0.8066034	0.5730742
10554	-661.5989	-830.0165	168.4176	0.949404	3.806405	0.6201615	1.18059
10560	-650.3741	-817.6515	167.2774	2.778578	2.885465	0.9064873	0.807341
10566	-667.0995	-831.639	164.5395	3.697964	5.73824	1.191719	0.5967777
10572	-658.8539	-822.9479	164.094	3.929232	5.008594	1.701473	0.7360359
10578	-653.0039	-822.0937	169.0897	0.9043445	2.874825	0.8858768	0.9150104
10584	-664.1798	-835.3749	171.1951	0.1748535	1.636901	0.5059888	0.918633
10590	-652.8271	-823.451	170.6239	0.06631242	1.642986	0.7854442	1.283076
10596	-657.3883	-827.5387	170.1503	0.3279121	2.442631	0.7436601	0.8923281
10602	-660.7454	-828.3475	167.602	1.673221	4.100339	0.7684089	0.9612732
10608	-652.7061	-819.1465	166.4404	2.660075	3.975309	0.9977892	0.9814987
10614	-656.0321	-818.4061	162.374	6.012612	5.545827	0.9376521	0.9027246
10620	-650.3368	-821.0079	170.6711	0.1718429	2.141117	0.6878631	0.8096051
10626	-646.1527	-816.4384	170.2857	0.08383927	2.881092	0.5683374	0.8425708
10632	-642.9032	-813.2134	170.3101	0.174262	2.876546	0.5683374	0.678392
10638	-649.4728	-818.8321	169.3593	0.1449457	4.044135	0.6077107	0.9238957
10644	-644.0427	-814.0221	169.9795	0.06127913	2.576666	0.9353427	1.041005
10650	-640.5553	-810.9964	170.4411	0.06127913	2.010729	0.8130664	1.144888
10656	-645.3884	-814.2758	168.8873	0.0531005	3.990847	1.164134	0.9654362
10662	-646.9536	-815.6226	168.669	0.0531005	3.990847	1.332257	1.016136
10668	-658.7365	-827.5936	168.8571	1.051523	3.017952	0.7447295	1.043459
10674	-665.5449	-831.1984	165.6535	3.313309	3.835106	1.278958	0.9151216
10680	-671.1223	-834.021	162.8987	2.937807	8.870556	2.313174	0.5494374
10686	-660.6149	-826.2228	165.6079	2.541581	4.569966	1.888633	0.4424923
10692	-649.8089	-817.0306	167.2217	1.40695	4.569966	1.29689	0.7860939
10698	-651.3453	-819.5952	168.2499	1.158322	3.341157	1.255972	0.7879651
10704	-654.5341	-820.8198	166.2856	2.605873	4.777268	0.8552493	0.8695749
10710	-641.9253	-810.2185	168.2932	0.9632405	3.802259	0.9147546	1.013543
10716	-642.5938	-811.9626	169.3688	0.4931158	2.988205	0.9937247	0.8504162
10722	-645.7031	-816.2286	170.5255	0.5274634	1.519586	1.028594	0.8021837
10728	-649.0431	-818.4995	169.4564	0.08825144	3.864451	0.9056975	0.5417266
10734	-641.9589	-811.9982	170.0393	0.1887189	2.976841	0.7715396	0.6415759
10740	-652.5279	-821.343	168.815	0.5548644	4.212891	0.6698393	0.89432
10746	-645.9646	-816.2071	170.2425	0.09097281	2.86826	0.6257994	0.8273506
10752	-643.5243	-813.4552	169.9309	0.07256654	2.86826	0.8480818	0.9507049
10758	-646.4328	-815.3463	168.9135	0.0680532	4.496306	0.9460637	0.8365554
10764	-648.2785	-817.2264	168.9479	0.0680532	4.496306	0.9460637	0.7919849
10770	-656.9101	-827.9378	171.0277	0.0680532	1.551296	0.7763141	1.004769
10776	-657.1151	-828.1599	171.0448	0.0680532	1.541419	0.4977719	1.248761
10782	-656.479	-825.4113	168.9323	0.3124306	3.947591	1.156801	0.4701727
10788	-655.5067	-824.3741	168.8674	0.7321594	3.252811	1.196442	0.671374
10794	-664.3439	-832.6105	168.2666	1.092016	3.857394	0.9564657	0.8168541
10800	-656.6203	-825.03	168.4097	0.6189027	4.624857	0.9163902	0.7113258
10806	-665.7263	-832.997	167.2707	0.8995711	6.465006	0.5934133	1.039728
10812	-656.6526	-824.7157	168.0632	0.1365583	5.49939	1.35993	0.4688752
10818	-670.1079	-839.5615	169.4535	0.09387239	3.268108	1.282519	0.5452886
10824	-662.6561	-830.5931	167.937	0.08479922	5.507353	1.531227	0.5501496
10830	-652.6976	-821.8017	169.1041	0.3459251	3.447554	1.259916	0.5554524
10836	-657.5682	-826.856	169.2877	0.2838008	4.025934	0.7732719	0.5806175
10842	-664.2643	-834.1648	169.9005	0.1514073	3.363156	0.6737859	0.665476
10848	-656.4459	-826.0812	169.6353	0.6261025	2.924617	0.6984813	0.7729314
10854	-660.9715	-831.522	170.5505	0.2195898	2.230486	0.6870335	0.8106973
10860	-649.8257	-818.8895	169.0639	0.1653788	4.240573	0.9593833	0.6598708
10866	-650.3834	-820.1176	169.7342	0.1642873	3.720698	0.5810528	0.6982216
10872	-643.6241	-813.0405	169.4164	0.1554719	3.538286	1.083649	0.5290546
10878	-659.7647	-829.5368	169.7721	0.1554719	3.402417	0.7488506	0.7087092
10884	-661.3088	-829.2157	167.9069	0.1460032	6.130028	1.209062	0.5101873
10890	-667.4501	-835.66	168.2099	0.8959402	4.317514	1.011468	0.7102337
10896	-657.6814	-826.2468	168.5655	1.30707	3.360427	0.6609354	0.9296682
10902	-666.5593	-831.5027	164.9434	4.363108	3.405215	0.9575017	1.1607
10908	-666.8281	-834.2121	167.384	1.113838	4.835055	1.205829	0.8837546
10914	-667.7959	-835.8571	168.0612	0.6150523	5.23192	0.9208574	0.7554301
10920	-656.0116	-826.7728	170.7612	0.1225766	2.109428	0.7468422	0.7001905
10926	-665.277	-834.8285	169.5516	0.1386738	3.687761	0.8318206	0.6562926
10932	-655.8224	-825.2606	169.4382	0.1221623	4.062599	0.7491679	0.6209612
10938	-659.1553	-828.3774	169.2221	0.2380342	3.97724	0.8927993	0.6389008
10944	-657.0883	-824.7013	167.613	0.2471637	5.576843	1.651627	0.4266606
10950	-641.4066	-810.5734	169.1668	0.2102815	3.991819	0.9997754	0.5046988
10956	-643.9427	-813.2367	169.2941	0.1258821	3.878182	0.9997754	0.6218204
10962	-655.9262	-825.2791	169.3529	0.1825962	2.851286	1.586623	0.4858542
10968	-647.1514	-816.5242	169.3728	0.131492	3.489287	1.184365	0.4978068
10974	-659.2705	-827.7755	168.5051	0.3894857	5.067665	0.8691842	0.5939601
10980	-653.2056	-821.9981	168.7925	0.2333582	4.249052	1.199371	0.5208826
10986	-642.7685	-811.4701	168.7016	0.2756971	4.535104	1.087012	0.5099879
10992	-647.5217	-815.2374	167.7156	1.416842	4.249356	0.9692872	0.7920956
10998	-645.6117	-814.6904	169.0787	0.09062178	4.636091	0.8233429	0.5957661
11004	-641.2037	-810.8418	169.6381	0.1896172	3.419693	0.8890736	0.5978491
11010	-645.691	-815.5166	169.8257	0.3086937	3.191678	0.6933466	0.6892521
11016	-646.2173	-816.7984	170.5811	0.09950773	2.325546	0.7579935	0.728404
11022	-662.0421	-832.4634	170.4214	0.3083726	2.024309	1.022007	0.5868821
11028	-657.1093	-826.5735	169.4642	0.2433806	3.77126	0.7245744	0.7253056
11034	-661.2997	-829.7037	168.4039	0.3023478	4.941344	1.134134	0.5513345
11040	-645.8206	-815.4699	169.6493	0.1653038	3.322472	0.9331253	0.6749445
11046	-650.3415	-817.051	166.7096	0.517451	9.008107	0.8780981	0.4931331
11052	-644.8217	-812.6937	167.872	0.517451	4.838641	1.50306	0.4425666
11058	-657.7376	-823.1577	165.4201	1.59394	7.112824	1.813869	0.5507361
11064	-647.7988	-814.5839	166.7851	0.6425796	7.112824	1.40479	0.4871395
11070	-651.0345	-819.296	168.2614	0.1545253	4.945265	1.403774	0.3992321
11076	-637.7942	-807.8915	170.0973	0.1761209	2.939241	0.7488425	0.6498122
11082	-640.2683	-810.3247	170.0564	0.3002366	2.939241	0.6099574	0.7480134
11088	-647.2121	-817.1585	169.9463	0.1767817	3.178429	0.6691174	0.7609675
11094	-652.1209	-821.9738	169.8529	0.2455139	3.2719	0.6308587	0.7609675
11100	-658.8804	-828.7198	169.8393	0.64026	2.180901	0.5548851	1.264349
11106	-646.3333	-813.5723	167.239	2.610813	2.749192	0.6055697	1.377172
11112	-650.2568	-819.5127	169.2559	0.9703847	2.906858	0.552786	0.99688
11118	-648.6037	-817.153	168.5492	0.7471369	3.952163	0.6483236	1.140093
11124	-646.1328	-812.0337	165.9009	4.243427	2.609991	0.6994402	1.140093
11130	-645.7077	-813.6785	167.9707	1.326791	3.381694	0.6552755	1.427397
11136	-639.3825	-806.187	166.8045	2.25616	4.103554	0.8007703	1.134131
11142	-649.7675	-816.9176	167.15	2.413816	3.016573	0.6684016	1.40225
11148	-659.6094	-827.1921	167.5827	2.601874	2.155556	0.7266753	1.380114
11154	-660.1727	-829.5216	169.3489	1.338147	1.866145	0.4687895	1.380114
11160	-653.566	-822.4581	168.8921	0.8212813	2.872914	0.9250876	1.1513
11166	-657.1936	-826.5362	169.3426	1.39088	2.123813	0.4802656	1.1513
11172	-664.5352	-833.0147	168.4795	1.521785	2.482895	0.5779118	1.436043
11178	-670.3472	-831.1481	160.8009	8.668896	3.416898	0.5437514	1.362096
11184	-654.3845	-815.7915	161.4071	8.668896	2.12466	0.8395951	1.396648
11190	-650.8398	-820.7761	169.9363	1.153922	1.420952	0.4498795	1.396648
11196	-661.0631	-828.4398	167.3767	1.534225	3.792374	0.3873753	1.716462
11202	-658.1484	-825.0545	166.9061	2.742881	2.673844	0.6644163	1.527836
11208	-669.7563	-835.9309	166.1746	3.795236	2.673844	0.647806	1.291773
11214	-663.5092	-829.8417	166.3325	3.203641	2.765209	0.5345292	1.6558
11220	-650.089	-820.6359	170.5469	0.1978403	2.277559	0.7351086	0.723421
11226	-654.0471	-824.421	170.3738	0.1388496	2.534771	0.7351086	0.7707653
11232	-647.152	-817.0086	169.8566	0.1388496	3.35554	0.7351086	0.6658639
11238	-654.4912	-824.6162	170.1249	0.6013975	2.203727	0.8209501	0.7104419
11244	-659.2524	-827.5539	168.3015	1.793924	2.93904	0.8209501	0.8178225
11250	-662.0017	-829.1242	167.1225	2.493195	2.799884	1.448063	0.75195
11256	-649.9612	-816.6754	166.7141	2.351153	3.819629	1.016022	1.089114
11262	-662.001	-829.6326	167.6317	1.377685	3.921052	1.314853	0.7509158
11268	-654.3198	-820.8158	166.496	2.434595	4.288051	1.112721	0.8389347
11274	-661.8565	-826.521	164.6645	3.31647	6.56153	0.9626926	0.7929726
11280	-664.0871	-832.1519	168.0648	1.59681	3.14791	1.102999	0.8264044
11286	-654.3589	-822.8868	168.5279	1.59681	2.537642	1.010191	0.9081097
11292	-661.2174	-828.4212	167.2038	1.846377	4.219435	1.085255	0.769233
11298	-643.32	-813.1572	169.8372	0.5287487	2.778354	0.6461407	0.8424085
11304	-641.3666	-810.7174	169.3508	0.3916916	3.29148	0.9313833	0.818781
11310	-645.5718	-815.576	170.0042	0.459306	2.516837	0.8168721	0.7428564
11316	-646.1994	-816.3391	170.1397	0.4415309	2.516837	0.7862626	0.5380315
11322	-648.1936	-817.9535	169.76	0.2882181	3.302503	0.7589727	0.5444567
11328	-660.0746	-829.7158	169.6412	0.2770098	3.302503	0.8869128	0.5556393
11334	-656.9776	-826.6687	169.6911	0.1617187	3.302503	0.8869128	0.7130758
11340	-660.3053	-831.0636	170.7583	0.1449668	2.121348	0.6244281	0.8343947
11346	-651.1301	-821.6164	170.4863	0.1078416	2.173166	0.9277155	0.7863842
11352	-663.2461	-833.5454	170.2993	0.07372961	2.633479	0.6487099	0.9523484
11358	-665.878	-835.4141	169.5361	0.06767075	3.732934	0.616519	1.007331
11364	-663.6309	-833.8113	170.1804	0.1398727	2.749696	0.8192881	0.6876233
11370	-650.5254	-820.3937	169.8683	0.2557023	3.014161	0.8192881	0.7006782
11376	-656.5285	-826.4008	169.8723	0.2557023	2.988697	0.8383615	0.6913436
11382	-662.2735	-831.6893	169.4158	0.5128044	2.988697	0.9943901	0.7610546
11388	-679.8149	-847.4631	167.6482	0.2786977	6.949009	0.9457968	0.6298382
11394	-662.8543	-832.6032	169.7488	0.2786977	3.047622	0.9457968	0.5763451
11400	-665.7318	-834.6569	168.9251	1.048507	3.143101	0.8288295	0.7806965
11406	-657.4572	-825.2074	167.7502	1.865663	3.272058	0.8425408	1.063912
11412	-657.5315	-828.2237	170.6923	0.4861491	1.772376	0.5466299	0.9499193
11418	-659.899	-831.0477	171.1486	0.3273476	1.503764	0.5466299	0.8922942
11424	-656.9467	-827.3297	170.383	0.09009828	2.307099	0.8673631	0.8783775
11430	-662.547	-831.289	168.742	0.1398527	4.533247	1.179371	0.5477994
11436	-666.1792	-836.2824	170.1032	0.08645403	2.785213	0.8378586	0.8167174
11442	-658.786	-828.0719	169.2858	0.6627542	3.142475	0.8378586	0.8029484
11448	-671.1203	-838.8575	167.7372	2.040431	3.142475	0.6914968	1.134366
11454	-655.9114	-823.9806	168.0692	1.250054	3.661488	1.214948	0.6650951
11460	-649.3339	-818.1581	168.8242	0.5039409	4.29196	0.6946045	0.8612029
11466	-648.7364	-819.3413	170.6048	0.4922784	1.859028	0.7162887	0.7484923
11472	-650.753	-821.5418	170.7888	0.07207106	1.89924	0.5389965	1.154438
11478	-654.9913	-823.2133	168.222	1.658618	3.090954	0.5622281	1.188507
11484	-650.619	-818.7878	168.1688	1.391872	3.525565	0.7861194	1.011584
11490	-653.0168	-822.299	169.2822	1.100319	2.261567	0.735145	1.137006
11496	-653.9857	-823.1498	169.1641	0.3690401	3.710168	0.9415595	0.7176822
11502	-661.4524	-831.8536	170.4012	0.1453003	2.6556	0.5494715	0.850255
11508	-655.8813	-826.1153	170.234	0.5224597	2.159804	0.84235	0.6825577
11514	-652.4681	-822.4423	169.9741	0.153726	3.478753	0.5137066	0.6825577
11520	-652.1793	-822.3715	170.1922	0.153726	3.014661	0.5473127	0.7776911
11526	-671.3175	-840.9162	169.5987	0.5716595	2.778739	0.7691236	0.9257459
11532	-653.611	-823.9838	170.3728	0.1456074	2.262453	1.023558	0.6264715
11538	-655.9367	-824.9392	169.0025	0.2570493	3.785016	1.216978	0.6222049
11544	-646.0301	-815.6941	169.664	0.4205014	2.985841	0.9345907	0.5656341
11550	-654.1393	-824.1287	169.9894	0.1045068	2.515541	1.276307	0.5231952
11556	-655.7791	-823.2939	167.5147	1.437396	4.77954	0.959606	0.605457
11562	-656.8817	-825.5322	168.6505	0.9643224	3.260751	0.751728	1.154535
11568	-661.9853	-828.9359	166.9505	2.425393	3.260751	0.774115	1.335608
11574	-654.6334	-821.2148	166.5814	3.060999	3.260751	0.49543	1.345349
11580	-655.9619	-822.5607	166.5989	2.991418	2.654385	0.7660114	1.506597
11586	-659.4313	-826.9327	167.5014	2.444929	2.322309	0.7759187	1.422512
11592	-662.7299	-831.4327	168.7028	1.531285	2.322309	0.4975445	1.415215
11598	-654.0451	-822.2281	168.183	1.170763	3.500106	0.6773165	1.304933
11604	-648.0476	-815.2273	167.1798	2.149907	3.500106	0.9461181	1.094785
11610	-647.7806	-816.085	168.3045	1.043291	3.690537	0.9461181	0.9593212
11616	-654.5447	-823.2549	168.7102	1.204445	3.38426	0.5503926	0.9848807
11622	-643.6273	-812.0599	168.4326	0.8044103	4.562888	0.6462763	0.8456879
11628	-647.8367	-816.3993	168.5626	0.817557	3.52787	1.050399	0.9233142
11634	-643.4659	-811.259	167.7931	1.948965	3.474288	0.7540494	0.8886135
11640	-654.5266	-823.4693	168.9427	1.057905	3.474288	0.4955227	0.8886135
11646	-650.8138	-820.2018	169.388	0.70767	2.458433	0.656311	1.315113
11652	-661.7257	-829.5636	167.8379	2.894187	1.635648	0.6324675	1.37746
11658	-655.6711	-824.0604	168.3893	1.390505	3.002629	0.4171866	1.437026
11664	-659.5527	-826.6771	167.1244	2.400845	3.112917	0.5116183	1.500474
11670	-649.0079	-815.0299	166.0221	3.410427	3.621624	0.6295149	1.21505
11676	-651.4297	-820.3181	168.8884	1.64051	2.24898	0.6434893	1.096614
11682	-647.1469	-814.3598	167.2129	1.661965	4.46949	0.9083184	1.010922
11688	-653.9909	-821.5978	167.607	1.584543	3.968293	0.8815936	1.010922
11694	-644.9531	-812.8557	167.9026	1.751722	3.22794	1.100412	0.7668117
11700	-644.6595	-812.8385	168.179	1.776643	2.738274	0.5892192	1.312306
11706	-646.3132	-814.8327	168.5195	1.306383	2.847958	0.8478163	1.13586
11712	-647.0419	-816.8794	169.8375	0.8143018	2.047937	0.5320556	1.231502
11718	-655.8868	-822.1761	166.2894	3.532228	2.696124	0.9092659	1.182901
11724	-654.5661	-822.1352	167.569	2.450135	2.696124	0.7442132	1.154461
11730	-664.3516	-833.4275	169.0759	0.6113664	3.427858	0.970427	0.7123908
11736	-667.7717	-837.5931	169.8213	0.2417337	3.427858	0.6401289	0.6208509
11742	-648.3693	-818.6579	170.2885	0.2212847	2.248244	1.021932	0.6734832
11748	-652.7934	-822.3397	169.5463	0.1610187	3.882693	0.6861713	0.6734832
11754	-648.7716	-818.2549	169.4833	0.2182036	3.882693	0.7240119	0.5981863
11760	-650.8656	-820.7658	169.9003	0.1360908	3.256615	0.7740391	0.6352813
11766	-634.8335	-804.9761	170.1426	0.1360908	2.874227	0.804217	0.6154634
11772	-646.3811	-815.6464	169.2654	0.2403949	4.012227	0.804252	0.6841116
11778	-644.5431	-813.7634	169.2203	0.364495	3.960302	0.7562077	0.6841116
11784	-649.5393	-818.9119	169.3726	0.2141581	3.960302	0.7789629	0.6327986
11790	-657.1325	-827.2511	170.1186	0.125481	3.083456	0.5596677	0.8327547
11796	-657.2436	-828.4053	171.1617	0.1459075	1.675468	0.6069431	0.8327547
11802	-657.47	-827.2908	169.8208	0.1210475	2.865119	1.103924	0.7056562
11808	-663.1221	-829.9564	166.8343	1.06472	4.913916	1.947223	0.586953
11814	-657.9075	-824.1087	166.2012	1.866171	5.552304	1.356015	0.7758421
11820	-671.7885	-834.2926	162.5041	4.746831	5.92897	2.086448	0.6011209
11826	-654.1441	-824.0123	169.8682	0.5548251	2.168465	1.204523	0.6011209
11832	-640.528	-810.6497	170.1217	0.2240514	3.160538	0.5425601	0.6011209
11838	-635.6665	-805.7818	170.1153	0.1002037	3.139279	0.6739496	0.6360304
11844	-653.3115	-820.9281	167.6166	0.6893217	5.164059	1.39255	0.6360304
11850	-647.5354	-813.8473	166.3119	2.036781	5.224789	1.323244	0.6252925
11856	-655.5891	-823.3921	167.803	0.2973	6.163362	1.138044	0.5683801
11862	-649.6493	-817.856	168.2067	0.07853537	4.863597	1.595413	0.5557483
11868	-654.9645	-823.4407	168.4763	0.8845012	3.182195	1.483314	0.6704602
11874	-641.4448	-811.3273	169.8825	0.2362015	3.010622	0.8744621	0.5964515
11880	-636.2363	-805.4613	169.2249	0.1993355	4.032429	0.9256566	0.538133
11886	-632.689	-803.4143	170.7253	0.1993355	1.937965	0.9079942	0.5570401
11892	-644.4513	-814.8464	170.3951	0.2067092	2.444642	0.7213297	0.7618968
11898	-650.0225	-820.9369	170.9144	0.266985	1.679831	0.6710657	0.9014643
11904	-649.2559	-819.7792	170.5233	0.1011864	2.465794	0.5871779	0.8835791
11910	-650.4182	-820.9682	170.55	0.2473061	2.346808	0.6128409	0.7463725
11916	-648.1493	-817.4839	169.3346	0.6448667	2.798274	0.9796113	0.8880532
11922	-645.3524	-813.2233	167.8709	1.372565	3.77675	0.5511134	1.354813
11928	-639.1415	-807.7228	168.5813	1.25639	2.863856	0.9022348	1.064694
11934	-646.1903	-813.4225	167.2322	2.90147	2.733948	0.6228421	1.135894
11940	-646.5553	-815.6353	169.0799	0.8967606	2.700954	0.6228421	1.290181
11946	-651.5583	-820.1649	168.6066	0.8485675	3.491801	0.4608023	1.400517
11952	-643.3187	-811.6112	168.2925	1.356674	3.491801	0.6335594	1.093339
11958	-653.0676	-820.4269	167.3593	2.170519	3.224233	0.6820333	1.305632
11964	-661.5576	-829.2018	167.6442	2.19913	2.843697	0.9261065	1.050494
11970	-661.736	-831.3374	169.6015	0.5807707	2.903464	0.8042813	0.7561999
11976	-654.4172	-825.3363	170.9191	0.194575	1.857776	0.5619197	0.9223508
11982	-661.5372	-830.0833	168.5462	0.8932511	3.789093	0.8660915	0.8795086
11988	-653.1645	-821.6002	168.4357	1.302647	3.186306	0.8349631	1.008653
11994	-660.5422	-826.0364	165.4942	2.721193	5.480856	0.8999735	1.139653
12000	-654.6476	-825.6684	171.0208	0.4480456	1.542817	0.5060703	0.9049718
12006	-652.8752	-823.5633	170.6881	0.2768758	2.132166	0.4878325	0.9116018
12012	-648.6628	-818.5127	169.8499	0.4698466	2.501545	0.9919853	0.7114638
12018	-642.0601	-811.6437	169.5837	0.2321733	3.462058	0.886483	0.5454148
12024	-650.0845	-819.7652	169.6807	0.07351215	3.339609	0.9895462	0.660347
12030	-648.4896	-817.9223	169.4327	0.1568909	3.638881	0.9895462	0.5889129
12036	-645.3132	-813.5564	168.2431	0.5713232	4.293097	1.353066	0.6402009
12042	-649.9029	-818.2411	168.3383	1.323508	2.93857	1.325935	0.7154357
12048	-652.4469	-821.4313	168.9843	0.8049475	2.71533	1.144362	0.9806716
12054	-649.0282	-816.9319	167.9037	2.203746	2.71533	0.850357	0.9557105
12060	-659.3281	-826.7814	167.4533	0.7138059	6.001844	1.128728	0.6217726
12066	-657.7552	-825.4243	167.6691	0.9610446	4.592239	1.398887	0.5460267
12072	-661.119	-828.486	167.367	1.040652	4.789716	1.425915	0.7465279
12078	-661.3049	-830.5446	169.2397	1.012486	2.668857	0.8249586	0.8610989
12084	-659.3697	-824.6139	165.2441	3.279737	5.412405	0.757072	1.016727
12090	-660.3667	-829.2991	168.9323	1.512651	2.342892	0.5060904	1.225322
12096	-643.0728	-809.7727	166.6998	3.31773	2.573789	0.7620817	1.219431
12102	-637.9707	-805.1911	167.2204	1.961213	3.849612	0.7203458	1.230746
12108	-639.2311	-807.6487	168.4176	1.166285	3.198102	0.8464611	1.135289
12114	-639.7909	-805.7059	165.915	3.853462	3.198102	0.8467118	0.9579552
12120	-658.506	-827.0737	168.5677	1.076782	3.085669	0.82257	1.170646
12126	-652.8786	-821.9643	169.0857	0.7524639	3.166394	1.004886	0.6924474
12132	-647.2266	-818.113	170.8864	0.1657626	1.801361	0.8940231	0.578801
12138	-648.2799	-818.2229	169.9429	0.2705365	2.826194	0.8493156	0.7239381
12144	-658.0169	-827.9604	169.9435	0.3355501	2.7638	0.8568761	0.6750675
12150	-650.8718	-821.0153	170.1436	0.1331031	2.933064	0.7634582	0.617938
12156	-656.1615	-825.889	169.7275	0.1636387	3.441245	0.8202807	0.5672246
12162	-654.4003	-823.389	168.9887	0.3422211	4.193201	0.878242	0.6735451
12168	-650.9811	-820.2875	169.3064	0.2521065	3.418106	1.172256	0.5460692
12174	-662.8836	-833.1502	170.2666	0.1535242	2.783975	0.4987755	0.9437339
12180	-650.4876	-820.4315	169.944	0.5006602	2.438365	0.6912651	0.9878246
12186	-647.2237	-815.8238	168.6001	1.238164	3.222964	0.6363154	1.079645
12192	-645.3056	-814.5175	169.2119	0.8862901	2.765012	0.6972583	1.079645
12198	-659.7079	-829.226	169.5182	0.7948765	2.722955	0.5404667	1.053991
12204	-657.8523	-826.8669	169.0146	0.9235359	3.149602	0.7701638	0.8924325
12210	-659.7182	-826.5424	166.8242	2.595908	3.5256	0.9831531	0.9540453
12216	-660.721	-826.6159	165.8949	3.625043	3.5256	0.7689374	1.067353
12222	-667.1411	-833.7971	166.656	3.346302	2.102852	0.7446131	1.538295
12228	-674.4252	-840.1822	165.757	3.846082	2.840682	0.7924052	1.372057
12234	-658.0072	-824.6359	166.6287	2.227794	4.326592	0.748022	1.244467
12240	-662.4097	-828.7659	166.3562	3.219109	3.480228	0.9638418	0.832671
12246	-661.6451	-827.9498	166.3047	1.781032	5.82176	1.221793	0.7558703
12252	-648.6664	-816.8193	168.1529	1.15659	4.220762	0.9129407	0.6065212
12258	-654.7651	-823.2937	168.5286	0.09152533	5.204574	1.056693	0.6381293
12264	-650.5936	-820.5854	169.9917	0.1067328	3.070068	0.8334511	0.6474965
12270	-644.5532	-814.4261	169.8729	0.1067328	3.070068	0.9346591	0.6829215
12276	-655.4169	-823.4651	168.0482	1.360013	3.97379	0.9253632	0.6829215
12282	-661.4602	-831.6945	170.2343	0.3754954	2.518819	0.6884732	0.7118833
12288	-650.1873	-819.8167	169.6294	0.1816	3.37526	0.9344531	0.599205
12294	-644.2481	-814.1214	169.8732	0.09218718	2.877838	1.120688	0.599205
12300	-650.4715	-820.9253	170.4539	0.5395477	1.919181	0.8412027	0.6073735
12306	-657.2928	-827.9943	170.7016	0.1403841	2.088699	0.8192339	0.6756442
12312	-654.5762	-823.9812	169.405	0.1503558	3.803128	0.9357731	0.4970734
12318	-661.1837	-830.3011	169.1174	0.4463322	3.803128	0.8451846	0.7310226
12324	-660.7167	-829.2512	168.5345	0.5257149	3.803128	1.405325	0.6219695
12330	-662.4316	-830.892	168.4605	0.06284879	4.954782	1.088623	0.915727
12336	-654.3157	-823.5936	169.2779	0.06279429	3.303606	1.243145	0.915727
12342	-649.8177	-818.8769	169.0592	0.07020255	3.968635	1.179136	0.7310334
12348	-654.0639	-823.5729	169.509	0.07020255	3.396321	1.137474	0.6382311
12354	-649.3001	-817.0266	167.7264	0.8253465	4.813197	1.354216	0.5626122
12360	-634.622	-803.8118	169.1898	0.4216782	3.768186	0.8136864	0.7393334
12366	-651.5671	-821.2298	169.6627	0.1173937	3.614108	0.7848931	0.663238
12372	-650.2748	-820.4462	170.1714	0.09592612	2.835477	0.7169922	0.8254854
12378	-645.2476	-814.9578	169.7101	0.09592612	3.224349	1.014665	0.6601252
12384	-640.9917	-810.2563	169.2647	0.06988513	3.470015	1.33848	0.627969
12390	-655.5604	-825.8033	170.2429	0.1571513	2.513238	0.9448506	0.627969
12396	-651.7817	-822.1217	170.3401	0.2032418	2.397539	0.7721535	0.8221335
12402	-643.8491	-813.3344	169.4853	0.1106474	3.643977	0.9933402	0.5207423
12408	-643.1987	-813.3891	170.1904	0.07863131	2.559858	0.9933402	0.7196309
12414	-645.2038	-814.8846	169.6808	0.07863131	3.52436	0.7981559	0.770444
12420	-640.9566	-810.9223	169.9656	0.07863131	3.297981	0.73466	0.6441097
12426	-657.1615	-826.9603	169.7988	0.1663392	3.547502	0.62133	0.702224
12432	-653.0616	-823.4008	170.3392	0.09620383	2.490865	0.8470751	0.7692419
12438	-652.5156	-822.6514	170.1358	0.1381781	2.9891	0.7302551	0.6083449
12444	-657.9256	-827.1093	169.1837	0.1373348	4.520025	0.7302551	0.611089
12450	-658.4831	-827.5047	169.0216	1.021407	3.247063	0.5879767	0.9052662
12456	-665.4412	-834.025	168.5838	0.9755653	3.143747	1.163495	0.8803067
12462	-665.3231	-832.0512	166.7281	2.777131	3.110659	0.6149092	1.438532
12468	-651.391	-819.4397	168.0487	1.186381	3.631968	0.5085525	1.464231
12474	-665.6543	-835.5774	169.9231	0.42292	2.176469	1.217755	0.7198828
12480	-659.0265	-829.371	170.3446	0.2176639	2.176469	1.071591	0.45051
12486	-647.5701	-817.8219	170.2518	0.201264	2.718974	0.754676	0.5777113
12492	-652.1489	-822.6508	170.5019	0.133918	2.372517	0.843198	0.539893
12498	-661.8469	-831.5309	169.684	0.1517294	3.383208	0.9192905	0.4651973
12504	-661.0406	-829.4609	168.4203	0.1016377	5.298881	1.138831	0.5188771
12510	-669.0909	-838.3714	169.2805	0.08365868	3.750991	1.1318	0.6261911
12516	-668.569	-837.7936	169.2246	0.7585501	3.220301	0.8518214	0.6348998
12522	-660.9506	-830.7504	169.7997	0.1862113	3.479429	0.678094	0.6348998
12528	-662.2171	-831.6927	169.4756	0.3275419	3.719607	0.7003893	0.6534577
12534	-665.1066	-834.7976	169.691	0.3275419	3.367465	0.6884022	0.6954643
12540	-654.0667	-824.106	170.0393	0.13227	3.249932	0.6295191	0.6651438
12546	-646.64	-816.7666	170.1266	0.1128891	3.089959	0.6758075	0.6537477
12552	-650.3655	-820.8676	170.5021	0.2209688	2.321183	0.7601216	0.6537477
12558	-645.4359	-815.4461	170.0101	0.1629607	3.247058	0.6580301	0.5972889
12564	-650.4457	-819.2902	168.8446	0.5105188	4.076055	0.9494312	0.6133469
12570	-654.7776	-824.1542	169.3766	0.1993908	4.076055	0.7285136	0.6133469
12576	-655.8932	-826.0263	170.1331	0.1833561	2.699809	0.8791369	0.6491442
12582	-656.6391	-826.1607	169.5216	0.2835898	2.873166	1.275556	0.623063
12588	-664.0089	-830.3658	166.3569	1.970355	4.813599	1.559686	0.623063
12594	-674.5405	-844.0835	169.543	0.4215083	2.789223	0.5785117	1.28355
12600	-654.3752	-821.5777	167.2024	1.712252	4.20447	0.7127857	1.28355
12606	-656.1413	-824.5162	168.3749	1.431332	3.544233	0.5732308	0.9664558
12612	-662.5193	-825.7835	163.2641	5.80101	3.574761	0.8573588	1.353685
12618	-660.9873	-830.0154	169.0282	0.8697798	3.122926	0.6866107	1.039839
12624	-654.941	-823.5323	168.5914	1.042063	3.456311	0.7806757	0.9889387
12630	-652.4552	-818.4115	165.9563	2.799374	3.994472	0.8368574	1.409612
12636	-648.4564	-817.0951	168.6388	1.41334	3.116999	0.5801546	0.9969771
12642	-651.6137	-820.2026	168.5889	1.330311	3.021414	0.6851681	1.087346
12648	-649.6592	-819.3314	169.6722	1.03926	2.149134	0.663207	0.9797079
12654	-653.0909	-821.1651	168.0742	1.430478	3.25304	0.9695607	1.061014
12660	-659.7858	-828.9187	169.1329	1.385337	2.151381	0.8033545	1.030676
12666	-649.6591	-819.5148	169.8558	0.7383478	2.334709	0.5797316	1.030676
12672	-656.0433	-825.1273	169.0841	1.089065	2.547527	0.5247345	1.303643
12678	-652.4665	-820.2315	167.7649	1.293692	4.854333	0.584102	0.9398612
12684	-659.158	-826.3846	167.2266	2.24934	2.886396	0.5926875	1.594101
12690	-654.3989	-823.0969	168.6981	1.197156	2.886396	0.5775717	1.283749
12696	-645.3826	-813.6796	168.297	2.096281	2.005218	0.8081053	1.246926
12702	-643.6691	-813.2022	169.5331	1.520647	1.448295	0.6163214	1.271883
12708	-652.1635	-820.4409	168.2773	1.88836	2.569735	0.7530236	1.099761
12714	-646.9176	-813.3147	166.3971	3.507611	2.528383	0.77735	1.328107
12720	-648.459	-815.8591	167.4002	1.594235	4.326346	0.9766947	0.8982719
12726	-651.4614	-820.2538	168.7924	1.296106	2.76932	0.6892163	1.093155
12732	-644.5531	-813.3702	168.8171	1.078033	3.026354	0.7583092	1.037686
12738	-651.2659	-818.8793	167.6134	1.00023	4.947101	1.0818	0.8220086
12744	-659.1012	-827.2683	168.1671	2.176552	1.865543	1.200335	1.049228
12750	-662.7415	-828.8972	166.1557	3.756797	2.686417	1.02583	0.9975636
12756	-643.8843	-810.1609	166.2765	3.542578	2.686417	1.030528	1.082971
12762	-643.7761	-809.6292	165.8532	3.542578	3.448819	1.033056	0.9789099
12768	-655.8663	-820.7806	164.9144	3.701388	4.352975	1.444593	0.767198
12774	-652.9276	-814.5131	161.5854	6.75802	4.352975	1.725385	0.7548466
12780	-649.9922	-818.5165	168.5243	1.300412	3.518638	0.7295864	0.7801342
12786	-650.2304	-820.5862	170.3558	0.1083853	2.47128	0.9146651	0.6235839
12792	-652.8294	-822.4364	169.6069	0.2294368	3.514178	0.8105031	0.622165
12798	-650.0807	-819.2804	169.1996	0.1931093	4.323406	0.7828972	0.4401286
12804	-658.8024	-826.9396	168.1372	0.1087342	5.587524	1.271296	0.5256558
12810	-655.4405	-823.067	167.6265	0.5534607	5.689912	1.271296	0.5999969
12816	-652.4699	-821.7207	169.2508	0.5534607	2.885022	1.256746	0.6493863
12822	-654.2224	-823.9584	169.736	0.1557151	2.713767	1.31689	0.5882181
12828	-657.1315	-827.2804	170.1489	0.2998458	2.808582	0.6259355	0.7253208
12834	-648.7479	-817.7783	169.0304	0.6338239	3.466821	0.9886276	0.6757149
12840	-651.7014	-821.1166	169.4152	0.7745482	2.752258	0.9886276	0.5945868
12846	-662.0506	-830.3844	168.3338	0.3837132	4.923223	1.128646	0.5688856
12852	-643.4768	-811.6077	168.1309	0.1023734	4.923223	1.616253	0.450083
12858	-654.3555	-824.3472	169.9918	0.1023734	2.069479	1.616253	0.5979723
12864	-665.7727	-835.1086	169.3359	0.0915992	3.816452	1.038456	0.5979723
12870	-653.1269	-821.7986	168.6717	0.9119931	3.308659	1.146975	0.7212381
12876	-647.1938	-815.5402	168.3464	0.9775722	4.150642	0.9351683	0.6174905
12882	-643.6193	-814.3033	170.684	0.2208359	1.968045	0.8301003	0.724374
12888	-651.6298	-821.2446	169.6148	0.1161037	3.274949	1.020295	0.724374
12894	-640.8528	-810.8877	170.0349	0.1157256	3.04031	0.774295	0.7009302
12900	-650.7869	-820.2173	169.4304	0.8105579	2.127043	0.7323788	1.349648
12906	-645.8736	-813.7808	167.9072	1.474328	3.64853	0.8328351	1.064055
12912	-649.6538	-818.9493	169.2955	0.9060088	2.849517	0.634015	0.9812769
12918	-655.2904	-824.2413	168.9509	1.067377	2.849517	0.8804396	0.9143182
12924	-656.4366	-824.0182	167.5816	1.516623	4.016797	1.038734	0.9143182
12930	-657.6315	-825.5777	167.9462	2.256397	2.565046	0.8673372	0.9557383
12936	-658.9055	-829.417	170.5116	0.1934428	2.368677	0.6822865	0.7548331
12942	-668.8582	-839.5714	170.7132	0.1427376	2.368677	0.5936382	0.6452777
12948	-666.7699	-836.7466	169.9767	0.4111697	2.587572	0.8705945	0.6903582
12954	-650.0023	-820.3337	170.3315	0.2501434	2.254674	0.9359891	0.6903582
12960	-658.1672	-828.1095	169.9424	0.2918639	2.610635	0.9971616	0.7073967
12966	-663.1684	-833.2639	170.0956	0.1937484	2.602052	0.9485274	0.7073967
12972	-658.9807	-828.8854	169.9047	0.1937484	3.196338	0.715771	0.7073967
12978	-652.6504	-823.4559	170.8056	0.1700742	2.091261	0.6142367	0.7856636
12984	-651.8359	-822.4491	170.6132	0.1065175	2.273244	0.6079949	0.9231408
12990	-655.6944	-825.5073	169.8128	0.1179495	2.80676	1.200323	0.6164436
12996	-650.1516	-819.8102	169.6586	0.09642182	3.665278	0.798163	0.6164436
13002	-654.9931	-823.9112	168.9181	0.2013807	4.160601	1.157782	0.5036154
13008	-653.4323	-820.653	167.2207	0.4989785	7.307475	1.025962	0.56069
13014	-646.2364	-813.6796	167.4431	0.09900257	6.5842	1.495879	0.4054676
13020	-645.5093	-814.0421	168.5327	0.3241416	4.085214	1.448589	0.415783
13026	-654.9069	-820.4131	165.5062	0.3744808	8.544305	2.291924	0.3081836
13032	-654.2619	-822.3608	168.0989	0.3678738	5.016746	1.304431	0.3796758
13038	-653.9813	-822.2438	168.2625	0.1582124	5.183418	1.29913	0.5064111
13044	-657.8387	-827.1805	169.3418	0.151339	3.328648	1.29913	0.4750215
13050	-657.0332	-827.0737	170.0405	0.3671945	2.338273	1.087054	0.5894512
13056	-660.1239	-828.0585	167.9345	1.114586	4.342069	1.071619	0.6791753
13062	-648.7102	-816.7954	168.0852	1.114586	3.546487	1.400093	0.6791753
13068	-654.506	-822.3378	167.8318	1.861468	3.502096	0.6227602	1.05598
13074	-655.9543	-823.6263	167.672	2.043066	3.058123	0.8972792	1.05598
13080	-663.3799	-832.5489	169.169	0.4559838	3.595043	0.9705163	0.621633
13086	-655.0368	-824.6027	169.5659	0.4248123	2.683121	1.226668	0.6273101
13092	-654.6452	-823.6394	168.9942	0.9041004	3.139906	0.9393162	0.7319233
13098	-650.2189	-820.0062	169.7873	0.3152211	3.139906	0.7813574	0.6476987
13104	-647.3225	-816.265	168.9425	0.1448898	5.049849	0.6515292	0.6747853
13110	-666.6637	-834.6142	167.9505	0.7902987	4.956745	0.9809034	0.7803253
13116	-657.4164	-827.7542	170.3378	0.2737079	2.063181	1.085407	0.6458473
13122	-647.6477	-817.9499	170.3023	0.06660655	2.241352	0.9379918	0.9723187
13128	-648.0021	-818.3855	170.3834	0.06441301	2.075622	0.9198415	1.046717
13134	-641.3729	-810.2945	168.9216	0.632601	3.90536	0.6115435	0.955209
13140	-651.5123	-818.1177	166.6053	3.124693	2.817051	0.847537	1.238222
13146	-659.4587	-825.1401	165.6813	3.124693	4.022203	1.286418	0.9585769
13152	-667.5332	-835.7341	168.2008	1.052717	4.022203	1.043119	0.6974955
13158	-655.9957	-822.8003	166.8046	3.736183	1.972434	1.013708	0.9464066
13164	-655.6574	-819.831	164.1737	5.398564	3.032747	1.017373	1.09367
13170	-648.2167	-817.1556	168.9389	1.064299	2.489625	1.203328	0.86821
13176	-646.5757	-814.3798	167.8041	1.969325	3.057384	0.5989771	1.267433
13182	-649.9126	-816.376	166.4634	2.39747	4.604664	0.7668186	1.087917
13188	-658.5322	-828.9943	170.4621	0.4050061	2.00178	0.8680615	0.6734953
13194	-642.0841	-807.5746	165.4905	4.231603	2.735153	0.9927844	1.171786
13200	-650.3317	-815.7004	165.3687	4.376523	3.266981	0.6357463	1.137968
13206	-653.3239	-814.6919	161.3679	8.564615	2.166357	0.687744	1.592866
13212	-652.6322	-821.9698	169.3376	0.1339974	3.655118	1.108876	0.5371092
13218	-660.534	-830.3082	169.7742	0.1470685	3.534697	0.6469429	0.7450627
13224	-664.5945	-834.7847	170.1902	0.2797201	2.280127	0.9940543	0.7450627
13230	-675.0936	-844.62	169.5263	0.05938741	2.581991	0.9437669	1.416182
13236	-662.191	-831.1544	168.9634	0.05109292	3.473367	0.8931875	1.416182
13242	-653.9789	-823.4326	169.4537	0.05109292	2.511436	0.6604979	1.723188
13248	-655.4759	-825.1436	169.6677	0.04887102	2.249812	0.6715348	1.710782
13254	-653.3748	-823.419	170.0441	0.08968903	3.182559	0.651661	0.7666946
13260	-652.383	-822.9176	170.5346	0.1751386	2.433096	0.6813491	0.6626087
13266	-659.4647	-829.58	170.1153	0.1607732	3.070897	0.6268438	0.7024133
13272	-661.4013	-831.3355	169.9341	0.1580054	3.070897	0.8107695	0.7024133
13278	-653.982	-824.0586	170.0765	0.3499395	2.740349	0.5969515	0.8622615
13284	-656.4895	-827.3758	170.8863	0.1840724	1.741172	0.8911201	0.673953
13290	-660.1308	-829.5752	169.4444	0.6733261	3.076312	0.8112313	0.6444141
13296	-662.8349	-832.3684	169.5335	0.2296727	3.481909	0.8951055	0.6444141
13302	-658.545	-827.9284	169.3834	0.1237642	4.086034	0.7583564	0.6855138
13308	-657.9337	-828.4116	170.4779	0.1805034	2.406851	0.7583564	0.6516967
13314	-659.8011	-828.3539	168.5528	0.6708706	3.508572	1.336323	0.7812139
13320	-651.691	-821.1743	169.4833	0.6825811	2.544758	1.066861	0.7812139
13326	-650.4684	-817.5753	167.1069	1.745167	4.786979	0.8360133	0.9297653
13332	-645.9177	-815.1498	169.2321	0.7040825	3.381313	0.5835046	0.9297653
13338	-667.5801	-837.2433	169.6632	0.7351571	2.432045	0.5758528	1.144869
13344	-663.3642	-832.7774	169.4132	0.7351571	2.455141	0.8079757	1.144869
13350	-647.5258	-816.7715	169.2456	0.2982315	4.007156	0.7707081	0.6811869
13356	-651.8646	-821.829	169.9644	0.1101234	3.022355	0.8738325	0.6811869
13362	-647.3083	-817.8095	170.5012	0.1450951	2.419304	0.7566815	0.6602464
13368	-653.3944	-823.3167	169.9224	0.3464152	3.039766	0.5599949	0.8392741
13374	-652.5327	-822.0986	169.5659	0.1621394	3.799518	0.7266888	0.6521922
13380	-660.2822	-829.7418	169.4595	0.1413902	3.563062	1.00258	0.6503988
13386	-660.8795	-829.8559	168.9763	0.2411001	4.320339	0.8454795	0.7896135
13392	-660.9502	-830.6921	169.7419	0.08605724	3.205742	0.9254747	0.7896135
13398	-638.6939	-807.9565	169.2625	0.08605724	3.957814	1.017003	0.6365282
13404	-644.6797	-814.5929	169.9132	0.2291366	3.088519	0.7717717	0.6582578
13410	-650.2271	-819.6623	169.4352	0.1741584	3.645005	0.958328	0.6117181
13416	-641.4406	-811.2263	169.7857	0.1449899	3.033615	1.055326	0.5644387
13422	-655.4953	-824.9683	169.473	0.1922857	3.235508	1.190331	0.494022
13428	-642.2334	-812.7209	170.4875	0.1083385	2.872896	0.4255754	0.7363589
13434	-646.398	-817.4379	171.0399	0.1258371	1.859939	0.4412163	0.9923141
13440	-651.4206	-821.612	170.1914	0.4138671	2.580106	0.4024839	1.007537
13446	-652.1652	-821.837	169.6718	0.4138671	3.276947	0.6017468	0.8138032
13452	-648.2434	-818.0712	169.8278	0.2725187	3.425954	0.4619584	0.847541
13458	-649.7194	-819.8604	170.141	0.3512242	2.905553	0.3166528	0.9674974
13464	-644.3819	-814.7668	170.3849	0.1260835	2.580789	0.7877841	0.6146205
13470	-656.0758	-826.0485	169.9727	0.2306874	3.133402	0.6246756	0.7533879
13476	-655.9612	-820.5388	164.5776	3.880437	5.646775	0.8666003	0.8448325
13482	-646.7813	-812.2365	165.4552	2.70169	5.646775	1.214146	0.7847006
13488	-655.2697	-822.4621	167.1924	2.086703	4.004715	0.9409249	0.8249695
13494	-656.8017	-823.7014	166.8997	2.053698	4.004715	1.16009	0.9474048
13500	-656.7406	-824.8183	168.0777	2.053698	2.556015	0.8447596	1.055883
13506	-659.0917	-822.3667	163.275	5.462398	4.751364	0.8447596	1.055883
13512	-673.8565	-839.2692	165.4128	4.787669	2.252934	0.846312	1.204971
13518	-660.6691	-823.4641	162.7949	6.366439	3.340424	1.112272	1.189329
13524	-653.7072	-821.1903	167.4831	2.057809	3.340424	1.167444	0.7233903
13530	-649.6766	-814.9448	165.2682	4.122137	3.309939	1.204481	0.8987631
13536	-663.4675	-831.2706	167.8031	2.028683	2.432651	0.8287889	1.403223
13542	-650.3105	-817.6501	167.3395	2.493192	2.919583	1.006506	0.9247151
13548	-647.764	-815.9314	168.1674	1.741318	2.85066	1.124143	0.7433271
13554	-650.6352	-821.0755	170.4403	0.51922	1.940416	0.5810227	0.989084
13560	-653.095	-821.1403	168.0453	2.240605	2.173801	0.7159126	1.295905
13566	-651.1439	-819.9737	168.8297	0.9840136	2.960104	0.7102541	1.19709
13572	-655.0028	-823.7404	168.7376	1.532613	2.306189	0.5779941	1.333707
13578	-656.1012	-825.2824	169.1812	0.976874	3.119552	0.4979236	0.97106
13584	-653.484	-821.17	167.686	1.394053	3.979993	0.9372288	1.058184
13590	-666.3048	-833.9349	167.6302	2.026966	3.202687	0.9372288	0.9762779
13596	-654.5588	-818.7752	164.2164	5.335078	3.202687	0.9481594	1.06899
13602	-656.4328	-820.5794	164.1466	4.843498	3.310001	1.521373	0.9875444
13608	-656.0933	-823.6629	167.5696	1.787663	2.936207	1.141975	1.232422
13614	-650.3788	-814.6508	164.272	4.441076	4.631709	1.127842	0.8512384
13620	-649.6856	-815.7254	166.0398	3.808239	2.673804	1.146294	0.9495933
13626	-646.2368	-811.9612	165.7244	2.456066	5.42051	1.17736	0.9336182
13632	-650.4576	-817.7981	167.3405	2.302353	3.450985	0.738011	1.025392
13638	-654.1845	-823.5096	169.3251	0.5659807	3.35266	0.7351651	0.8278718
13644	-647.9764	-818.0742	170.0978	0.5650934	2.116766	0.8918598	0.8045416
13650	-649.801	-818.5464	168.7455	0.490549	4.187076	1.019744	0.5574176
13656	-641.9418	-811.0377	169.0959	0.09181585	4.287298	0.9219367	0.7497974
13662	-652.5908	-822.5918	170.001	0.07471832	3.181116	0.6221365	0.8797798
13668	-652.2345	-821.7642	169.5298	0.2647172	3.413152	0.8142346	0.7990871
13674	-649.1283	-819.9558	170.8276	0.2647172	1.951858	0.6735627	0.6954286
13680	-653.723	-822.525	168.802	0.1879145	4.550133	1.066192	0.4935241
13686	-654.1782	-823.141	168.9628	0.1116061	4.550133	0.9253734	0.68726
13692	-654.6292	-825.6337	171.0045	0.1718029	1.940065	0.6446241	0.5948017
13698	-660.6297	-830.3398	169.7101	0.3846198	2.883912	0.9673233	0.6488806
13704	-643.0262	-811.2881	168.2619	0.4465865	5.139251	0.984546	0.6743489
13710	-650.6955	-818.332	167.6365	1.681496	3.816846	1.036872	0.7971318
13716	-660.2793	-828.1169	167.8376	1.681496	3.101898	1.103805	1.016548
13722	-659.4514	-826.8371	167.3857	2.04197	3.951692	0.8018421	0.8524637
13728	-656.1993	-823.947	167.7477	1.510981	3.951692	0.7979745	1.036745
13734	-655.3367	-824.7193	169.3826	1.092415	2.273366	0.7979745	0.9806688
13740	-657.8397	-827.5154	169.6757	0.3978206	3.179323	0.6157993	0.8909651
13746	-652.7452	-822.5888	169.8436	0.2067696	3.179323	0.7805381	0.6985304
13752	-653.5585	-822.7839	169.2254	0.3714418	3.102825	1.336905	0.5817799
13758	-657.2574	-826.6821	169.4248	0.1247672	3.819112	0.9197503	0.5817799
13764	-655.4214	-824.459	169.0377	0.1247672	4.651673	0.801682	0.647106
13770	-656.3402	-826.1522	169.812	0.2440595	2.966865	0.9576466	0.6243754
13776	-657.6455	-826.0236	168.3782	0.2853354	5.733303	0.7843513	0.5122682
13782	-670.6272	-840.356	169.7288	0.2654981	2.901434	1.077018	0.5927904
13788	-663.3026	-833.9517	170.649	0.2318897	2.344	0.4388289	0.8684065
13794	-653.9891	-823.7501	169.761	0.2066659	3.652598	0.4322409	0.8684065
13800	-649.5062	-820.4287	170.9225	0.1208783	2.006614	0.572703	0.8436232
13806	-669.848	-839.8746	170.0266	1.079772	1.768316	0.6288773	0.9428618
13812	-653.4754	-824.3636	170.8883	0.1495234	2.019113	0.5972868	0.8061031
13818	-656.2424	-826.8322	170.5897	0.1495234	2.026861	0.5157784	1.185852
13824	-643.9575	-814.7768	170.8194	0.1036152	2.279405	0.4646759	0.8485757
13830	-645.5888	-815.8906	170.3018	0.2310447	2.71585	0.4974658	0.8753251
13836	-662.0505	-832.9699	170.9194	0.2181912	2.139972	0.3734471	0.8359849
13842	-663.1234	-832.9165	169.7931	0.09828342	3.286039	0.6998234	0.9203961
13848	-649.0588	-819.302	170.2431	0.3811516	2.550852	0.5093635	0.8982669
13854	-653.8369	-822.4413	168.6045	1.550375	2.785608	0.8950259	0.7865948
13860	-648.7466	-817.4514	168.7048	1.348025	2.946378	0.689255	1.005799
13866	-651.497	-818.8047	167.3077	1.348025	4.576169	0.689255	1.34214
13872	-647.9696	-812.9668	164.9972	4.454524	3.249397	0.7541892	1.296691
13878	-645.7798	-812.4874	166.7076	3.402955	2.306667	0.9128758	1.188095
13884	-647.0284	-813.2772	166.2489	2.861037	3.590758	0.8661363	1.302607
13890	-649.7406	-813.8978	164.1572	5.81062	2.42287	1.024359	1.135253
13896	-643.765	-813.5157	169.7507	0.7854092	2.459703	0.7147432	0.8425945
13902	-657.5122	-825.8981	168.386	0.6059943	4.694456	0.9851873	0.4967974
13908	-649.7252	-819.9416	170.2164	0.1965422	2.847279	0.6713928	0.6573307
13914	-645.0643	-814.9036	169.8393	0.1693843	2.854108	1.070685	0.6573307
13920	-649.3804	-818.8689	169.4885	0.1847147	3.40306	1.070685	0.5184751
13926	-647.0326	-816.5837	169.5511	0.0904379	3.299452	1.166465	0.5511979
13932	-655.7548	-825.2636	169.5088	0.3781529	2.581281	1.434289	0.5024261
13938	-650.0081	-820.1264	170.1183	0.1714483	2.459138	1.124821	0.5024261
13944	-657.5973	-827.1579	169.5607	0.1714483	3.316354	1.060031	0.5723016
13950	-655.9729	-826.7572	170.7843	0.162898	2.101369	0.7126474	0.6572853
13956	-651.5658	-821.5899	170.0241	0.1044184	2.725324	1.011328	0.7180582
13962	-642.3552	-812.4323	170.0771	0.0964264	3.220754	0.6478707	0.6637558
13968	-648.0684	-817.3213	169.2529	0.10533	4.504727	0.677481	0.6666567
13974	-646.4028	-815.7396	169.3368	0.1022806	4.032888	0.8683921	0.6651961
13980	-645.5009	-814.9871	169.4863	0.3661269	3.391345	0.8683921	0.6362107
13986	-655.6674	-826.1547	170.4873	0.6126397	1.408088	1.17406	0.664144
13992	-655.8043	-824.7547	168.9504	0.632879	3.346155	1.156117	0.6603866
13998	-654.4797	-823.963	169.4833	0.4966939	3.06869	0.7468571	0.9333296
14004	-666.1922	-836.4461	170.2539	0.3460394	2.740384	0.5540592	0.6732711
14010	-656.198	-825.7617	169.5637	0.1348023	3.7386	0.6936175	0.8116929
14016	-657.7559	-825.7418	167.9859	1.276708	4.43647	0.761279	0.7516057
14022	-655.7853	-824.0393	168.2539	0.8786283	4.43647	0.9868603	0.4936818
14028	-650.69	-819.3247	168.6346	0.2327921	4.687354	1.111147	0.5357494
14034	-653.5232	-822.0146	168.4914	0.2906502	4.030206	1.571924	0.4935558
14040	-680.114	-842.7686	162.6546	7.169519	3.139314	0.8565101	0.9308648
14046	-655.5901	-823.6212	168.0311	1.952052	3.139314	0.87121	0.7050968
14052	-651.0992	-819.2438	168.1446	1.337774	3.956642	0.87121	0.6641633
14058	-663.5597	-831.6026	168.0428	0.7885738	4.615404	1.127126	0.6968662
14064	-658.5479	-822.8031	164.2552	4.529081	4.842238	0.8794103	0.9242019
14070	-659.587	-824.5348	164.9478	4.529081	3.414927	0.6909841	1.237671
14076	-665.2157	-832.212	166.9963	2.13494	4.385482	0.6909841	1.019001
14082	-658.7904	-826.1882	167.3978	0.5674833	6.284286	1.143393	0.7327437
14088	-650.4329	-819.8542	169.4213	0.1284223	3.223157	1.310539	0.457934
14094	-657.2093	-824.2592	167.0499	0.1656508	7.582777	1.423359	0.4666544
14100	-665.032	-833.3954	168.3634	0.6492021	3.369596	1.718319	0.6455326
14106	-656.0176	-823.5396	167.5221	1.138416	4.859976	1.184251	0.6625012
14112	-654.6278	-822.8451	168.2173	0.999059	3.731931	1.184251	0.8060066
14118	-650.134	-817.9744	167.8404	2.217961	2.886382	0.5893914	1.134447
14124	-652.048	-818.462	166.414	3.665176	2.467234	0.8795732	1.134447
14130	-648.9896	-817.6903	168.7007	1.347436	2.832776	0.8061274	0.9743781
14136	-659.5731	-828.4332	168.86	0.7529111	3.060347	1.303963	0.6905204
14142	-652.2717	-820.2309	167.9591	0.9464521	4.685159	1.009163	0.7067944
14148	-655.2197	-823.605	168.3853	0.9464521	3.989721	0.9768603	0.7103348
14154	-645.0702	-814.7107	169.6405	0.1720074	3.095203	1.138221	0.4870597
14160	-640.2183	-810.1962	169.9779	0.1284107	3.095203	0.6851128	0.8380242
14166	-641.6763	-811.8767	170.2004	0.1284107	2.973217	0.6620928	0.6652415
14172	-651.0641	-821.1261	170.062	0.09118011	3.186254	0.6320467	0.7634379
14178	-650.0322	-820.2646	170.2324	0.09118011	2.618519	0.6593265	1.003513
14184	-644.6853	-813.9757	169.2904	0.07672555	3.917055	0.9172448	0.8098221
14190	-654.8033	-823.6664	168.8631	0.6916308	3.319408	1.148919	0.7522446
14196	-642.2012	-811.3418	169.1406	1.89812	1.575947	0.8369606	0.9781369
14202	-646.5397	-815.0499	168.5103	1.157269	3.935134	0.5440771	0.885274
14208	-642.063	-809.4451	167.3821	1.744032	4.28575	0.6077926	1.153518
14214	-657.3872	-822.7251	165.3379	3.619529	4.665479	0.6077926	1.114758
14220	-647.3816	-814.4805	167.0988	2.657425	2.869899	0.4304832	1.51574
14226	-658.604	-826.3475	167.7435	1.430118	3.813127	0.9589052	1.044682
14232	-653.1192	-822.4983	169.3791	0.9244825	3.001584	0.5751468	0.8095561
14238	-660.4129	-826.6569	166.244	2.956926	4.063084	0.9758607	0.8357087
14244	-646.9649	-813.7971	166.8321	1.940561	4.579846	1.109365	0.8357087
14250	-665.521	-832.2622	166.7411	1.940561	4.579846	1.276502	0.7300581
14256	-645.2776	-813.8141	168.5365	0.8991788	3.675767	1.052877	0.7300581
14262	-652.0058	-821.8627	169.8568	0.1214921	3.349811	0.7196399	0.7300581
14268	-659.8108	-829.7626	169.9518	0.2365409	3.245077	0.4569374	0.8906067
14274	-648.0212	-818.6677	170.6465	0.2036941	2.48461	0.4569374	0.7397475
14280	-652.9184	-823.5169	170.5984	0.08577917	2.325017	0.597568	0.928174
14286	-646.3611	-816.598	170.2369	0.1148489	2.586695	0.7518075	0.9016411
14292	-650.6667	-821.2255	170.5587	0.2028026	2.266575	0.7709056	0.6412531
14298	-642.1367	-811.2556	169.1188	0.3197948	4.36386	0.6877168	0.6421953
14304	-639.6506	-809.0178	169.3672	0.1907763	3.926086	0.852127	0.5576924
14310	-640.6953	-810.7623	170.067	0.08782817	2.693176	1.038753	0.6635146
14316	-646.1034	-814.5041	168.4006	0.1511576	5.649581	0.8925644	0.6635146
14322	-652.5156	-822.7838	170.2682	0.1459703	2.85097	0.664442	0.6635146
14328	-645.7182	-815.7427	170.0245	0.2794473	2.85097	0.7471202	0.7139791
14334	-644.0139	-813.3783	169.3644	0.09802131	3.914831	0.9131317	0.670465
14340	-643.1585	-812.8196	169.6611	0.09802131	3.130881	1.137497	0.6326446
14346	-645.5388	-813.9755	168.4367	0.5722104	4.167124	1.218339	0.6678047
14352	-647.5161	-812.3471	164.8311	2.932706	6.57253	1.196574	0.7629177
14358	-653.1194	-816.8886	163.7691	5.517183	3.560877	1.196574	0.8383116
14364	-648.8068	-817.8706	169.0638	0.5918263	3.288218	1.016694	0.823535
14370	-651.1489	-821.6349	170.4861	0.4119587	2.190099	0.5818636	0.823535
14376	-662.077	-830.7568	168.6798	0.5400076	4.302934	0.8329054	0.8162212
14382	-648.5952	-815.0169	166.4217	2.803154	3.791288	0.8531972	1.108044
14388	-660.5051	-828.9247	168.4196	1.019139	3.316906	1.069871	0.9857754
14394	-651.9437	-817.8115	165.8678	3.390668	3.639617	0.9044235	1.11678
14400	-650.4326	-817.4501	167.0175	2.289517	3.176817	0.887445	1.34529
14406	-660.7196	-830.4706	169.751	1.055864	1.564059	0.9803463	1.075121
14412	-665.8073	-832.5767	166.7694	2.813543	2.858944	1.193502	1.033197
14418	-673.2534	-834.468	161.2146	6.539005	5.808455	1.443232	0.903641
14424	-661.1286	-828.1753	167.0467	0.03703889	2.605304	1.03673	2.984692
14430	-653.2261	-820.7716	167.5455	0.03703889	2.31652	0.4755195	3.155221
14436	-663.9232	-830.387	166.4637	0.03703889	2.31652	0.9752445	3.497759
14442	-674.0553	-839.7347	165.6794	3.707073	3.361126	1.001923	1.074214
14448	-668.6663	-834.7256	166.0594	3.557713	2.615194	1.423309	0.9470888
14454	-651.4964	-818.4822	166.9858	0.03703889	2.822055	1.06876	2.90596
14460	-659.0669	-827.1024	168.0354	0.03703889	2.015614	0.8139711	2.805436
14466	-643.7077	-811.3721	167.6644	0.03703889	3.466569	1.047728	2.223066
14472	-657.0507	-824.5824	167.5317	0.03703889	2.552484	0.5528482	3.007948
14478	-653.0054	-820.1041	167.0988	0.03806809	3.423996	0.7798518	2.761616
14484	-653.2425	-821.247	168.0045	1.043487	4.405611	0.700092	1.078914
14490	-662.2554	-832.5556	170.3002	0.6935699	1.69197	0.6076991	1.138016
14496	-662.1252	-831.8028	169.6776	1.224868	1.920996	0.497204	1.138016
14502	-658.6438	-828.8224	170.1786	0.5974375	2.145555	0.497204	1.081201
14508	-655.1808	-823.4036	168.2227	1.44663	3.54673	0.5912147	1.081201
14514	-656.6008	-825.4156	168.8149	1.006805	3.312759	0.5912147	1.081201
14520	-648.7627	-816.408	167.6453	1.748658	3.889287	0.986113	0.6911455
14526	-655.3782	-822.7118	167.3336	1.636024	3.558182	1.581346	0.7483718
14532	-655.523	-823.7297	168.2068	0.04281684	2.826061	1.031658	2.161745
14538	-654.2915	-822.1947	167.9032	0.04247354	3.630194	0.7936628	2.161745
14544	-650.6958	-819.6263	168.9305	0.04247354	2.958365	0.9536758	1.65975
14550	-653.9467	-822.208	168.2613	0.04281791	2.958365	1.071806	2.037659
14556	-654.0774	-822.4214	168.344	0.04281791	3.380075	1.071806	1.787512
14562	-652.9903	-820.7043	167.714	0.04281791	4.719609	1.4367	1.399699
14568	-655.3866	-823.4841	168.0976	0.04281791	4.355258	1.4367	1.253776
14574	-647.7554	-815.2389	167.4835	0.04281791	5.171179	1.539645	1.312763
14580	-660.4996	-829.25	168.7504	0.04281791	2.311931	1.242158	1.920029
14586	-661.6798	-828.9676	167.2878	0.03886486	3.810648	1.323349	2.14685
14592	-658.7508	-827.1072	168.3564	0.03886486	2.766925	0.9101124	2.173937
14598	-638.659	-806.7356	168.0766	0.03886486	2.766925	1.050276	2.264042
14604	-644.8887	-812.7108	167.8221	0.03886486	3.34993	0.9007392	2.264042
14610	-650.9002	-818.8028	167.9026	0.03886486	3.34993	1.033831	2.12572
14616	-656.9043	-824.9148	168.0105	0.03886486	1.797251	0.6550567	3.029031
14622	-662.2066	-830.1098	167.9032	0.03886486	1.797251	0.6473773	3.097737
14628	-657.4365	-825.86	168.4235	0.03886486	3.230196	0.7895187	1.995769
14634	-656.7709	-825.8831	169.1123	0.1833544	3.80382	1.16294	0.6378015
14640	-661.4146	-830.6511	169.2365	0.2649692	3.80382	0.9383052	0.6770623
14646	-663.8176	-833.5228	169.7052	0.09612021	3.041136	1.132421	0.6840966
14652	-660.5916	-830.344	169.7524	0.2752441	2.817419	1.049885	0.7100695
14658	-658.3235	-827.3665	169.043	0.08799946	4.286268	1.064149	0.5720969
14664	-666.7204	-833.5508	166.8304	0.9608722	7.019774	1.064149	0.5957378
14670	-653.5692	-822.5446	168.9754	0.6295008	3.236092	1.082888	0.8476933
14676	-654.8745	-824.5235	169.649	0.4361999	3.110485	0.7432498	0.7754458
14682	-659.3201	-828.7584	169.4384	0.4361999	3.110485	0.5385508	1.202502
14688	-666.073	-836.5781	170.5051	0.1059443	2.817107	0.4710413	0.7026523
14694	-655.2384	-826.0729	170.8345	0.1551315	1.952681	0.7915392	0.6651977
14700	-647.8666	-818.3825	170.5159	0.1258513	2.462249	0.7001464	0.7114823
14706	-656.4419	-826.7034	170.2615	0.1019223	2.380846	1.029639	0.7314572
14712	-650.9643	-820.9327	169.9684	0.1636009	2.969284	0.9062878	0.5132441
14718	-644.2589	-813.4046	169.1457	0.5256014	3.758192	0.8437971	0.5445654
14724	-649.3376	-816.858	167.5204	1.343944	4.075732	1.445722	0.597906
14730	-643.7888	-812.9893	169.2005	1.163469	2.451958	0.8435654	0.9004128
14736	-667.7445	-836.8923	169.1478	0.8508974	2.451958	0.9924404	1.115904
14742	-652.8417	-821.7552	168.9135	2.000433	1.861022	0.6483597	1.035388
14748	-658.923	-826.688	167.765	2.000433	3.08831	0.7000101	1.170457
14754	-653.4812	-821.0203	167.5391	2.163666	2.918908	0.7000101	1.321767
14760	-640.7347	-808.2554	167.5208	2.163666	3.400651	0.7038417	1.049867
14766	-646.5402	-814.7488	168.2087	0.6785145	4.746699	0.9512102	0.7733102
14772	-641.3963	-809.7657	168.3693	1.026008	3.940889	0.7396237	0.9649754
14778	-643.1521	-808.1222	164.9701	5.112317	2.493634	0.6251923	1.328988
14784	-649.4695	-817.8478	168.3782	1.863542	1.822889	1.078457	1.278588
14790	-648.1501	-816.3778	168.2277	2.192394	2.044107	0.789378	1.212482
14796	-655.2524	-823.2902	168.0378	2.57654	1.920345	0.7003637	1.212482
14802	-643.067	-812.6318	169.5648	0.08492935	3.159584	1.25626	0.5229137
14808	-650.1838	-819.6905	169.5067	0.256013	3.332939	0.9187662	0.7714265
14814	-642.7443	-812.2469	169.5026	0.14326	3.83279	0.8010048	0.6232367
14820	-645.501	-815.5455	170.0444	0.1720704	2.613057	1.039046	0.6588877
14826	-653.8947	-822.6593	168.7646	0.3166479	4.927293	0.5901504	0.8643151
14832	-653.5598	-824.4517	170.8919	0.2002744	1.701513	0.7459633	0.8956026
14838	-652.0625	-820.9697	168.9073	1.405353	2.245902	0.9430225	1.020075
14844	-657.6241	-824.715	167.0908	2.836316	2.781208	0.7256481	1.196426
14850	-660.8824	-826.5175	165.6351	3.890022	3.398295	0.7022359	1.196426
14856	-666.2048	-834.783	168.5783	1.604388	2.395177	0.8591939	1.109938
14862	-659.1573	-828.2593	169.102	0.8931471	3.031688	0.577448	1.109938
14868	-649.8774	-818.7636	168.8862	1.335157	2.705697	0.6937891	1.006415
14874	-646.8425	-817.3135	170.471	0.1004166	2.453183	0.7203245	0.7965734
14880	-649.3742	-819.0408	169.6666	0.1780198	3.671933	0.6012574	0.7955433
14886	-633.4398	-804.5087	171.0689	0.1051234	1.835647	0.6715033	0.7304108
14892	-644.8213	-812.6046	167.7833	1.552115	3.705065	1.035341	0.864005
14898	-640.7843	-808.5001	167.7158	1.93342	3.167986	1.035341	0.9050429
14904	-640.658	-809.0309	168.3729	1.653083	2.804445	0.9379625	0.8772629
14910	-652.01	-820.1504	168.1404	1.345818	3.833539	0.6938661	0.9854676
14916	-655.0011	-825.0163	170.0152	0.2361822	2.884515	0.6938661	0.8303167
14922	-652.0998	-822.2705	170.1708	0.1519861	2.792504	0.7858093	0.6871976
14928	-648.6577	-818.467	169.8094	0.5209691	2.865603	0.581158	0.8870064
14934	-643.762	-814.2841	170.5222	0.144229	2.355997	0.7335916	0.7507853
14940	-666.6575	-835.5794	168.9219	0.9165311	3.085591	0.6114569	1.185578
14946	-663.0987	-830.8703	167.7716	2.54226	2.191175	0.73302	1.24709
14952	-656.7156	-826.8603	170.1447	0.1050739	2.402569	1.084541	0.7921177
14958	-648.5804	-818.2768	169.6964	0.5170309	2.553467	1.00474	0.7921177
14964	-652.5861	-820.7894	168.2033	0.2510989	5.335023	1.188853	0.5025701
14970	-652.9475	-822.8792	169.9317	0.1147911	2.965158	0.973332	0.6115867
14976	-651.593	-819.923	168.33	0.3211895	4.341845	1.521444	0.4872144
14982	-655.3872	-822.8871	167.4999	1.248521	4.341845	1.393874	0.6342079
14988	-662.7554	-829.7509	166.9956	1.979621	4.069567	1.153817	0.8880731
14994	-660.487	-827.3587	166.8718	2.272602	3.683356	1.008229	1.101134
15000	-660.6255	-828.7674	168.1419	1.403463	3.113069	1.147335	0.93715
15006	-658.8446	-827.2711	168.4265	1.275973	2.845239	1.224143	0.8863763
15012	-662.1586	-829.7522	167.5936	1.275973	4.478519	0.8992033	1.020131
15018	-662.6402	-830.6645	168.0243	2.155709	2.577123	0.6534788	1.17093
15024	-653.2416	-820.6758	167.4341	2.521018	3.068803	0.7171805	0.99002
15030	-650.6666	-818.2129	167.5464	1.279532	4.695107	0.8850639	0.958089
15036	-661.9576	-829.6265	167.6689	1.213964	3.72323	1.552209	0.7660293
15042	-656.7911	-824.7909	167.9999	1.208774	3.974139	1.05306	0.7942822
15048	-651.4264	-818.5927	167.1663	2.342043	2.992582	1.111258	1.091831
15054	-666.1588	-831.7596	165.6008	3.460649	3.896179	0.8864215	1.167128
15060	-655.3333	-818.3158	162.9825	5.886519	3.896179	0.8982553	1.318296
15066	-670.3324	-832.5165	162.1841	6.961719	3.896179	0.9058803	1.073291
15072	-660.0614	-829.0574	168.996	0.5750221	3.908155	0.6376039	0.9071258
15078	-646.8962	-816.4937	169.5975	0.2425944	3.384588	0.8848773	0.6366322
15084	-649.6378	-820.2885	170.6506	0.1282551	2.19843	0.7991255	0.6616487
15090	-642.6145	-812.2878	169.6733	0.1547053	3.621751	0.7329796	0.6616487
15096	-644.6084	-813.4855	168.877	0.1606035	4.996729	0.7746713	0.5461121
15102	-636.059	-805.9421	169.883	0.1172602	3.310839	0.7449623	0.6939665
15108	-638.1619	-808.1381	169.9762	0.1057994	3.118083	0.7795148	0.717435
15114	-650.0635	-820.3588	170.2952	0.1057994	2.557006	0.7778097	0.8395117
15120	-654.6228	-824.1347	169.5119	1.015809	2.101921	1.07523	0.7543794
15126	-634.9234	-804.6784	169.7551	0.1452709	3.352923	0.8282216	0.6732033
15132	-639.7998	-810.235	170.4352	0.1252787	2.510439	0.6919398	0.7901557
15138	-651.4855	-822.0015	170.516	0.118647	2.510439	0.6177609	0.7901557
15144	-650.5674	-820.5359	169.9684	0.088472	3.175768	0.6177609	0.9102008
15150	-645.2837	-815.4346	170.1509	0.5365855	2.361701	0.6786777	0.7924909
15156	-649.6381	-820.4041	170.7659	0.1177992	2.124877	0.6853039	0.7759261
15162	-653.1363	-823.1823	170.046	0.6342734	2.124877	0.8123021	0.8732421
15168	-644.9944	-815.4197	170.4253	0.4003875	2.098017	0.7519849	0.7946782
15174	-651.6334	-821.5581	169.9248	0.2144938	3.102615	0.6792146	0.796631
15180	-658.8399	-828.5213	169.6814	0.2379163	3.266455	0.6792146	0.9267265
15186	-653.1296	-823.5978	170.4682	0.1285283	2.148954	1.015723	0.673608
15192	-662.1128	-831.3604	169.2476	0.1209547	3.924758	1.004082	0.6643028
15198	-659.0083	-827.8585	168.8503	0.1649554	4.816088	0.8842369	0.5824164
15204	-649.8545	-818.8514	168.9968	0.1649554	3.897079	1.266692	0.5536905
15210	-657.3604	-825.8051	168.4447	0.1649554	5.68206	0.8616774	0.5273659
15216	-652.0487	-822.1756	170.1268	0.2632824	2.849729	0.6887187	0.664957
15222	-658.5888	-829.3436	170.7548	0.1039578	2.059871	0.6252842	0.942821
15228	-665.2134	-836.3193	171.106	0.08846836	1.701406	0.5794458	0.9651381
15234	-667.061	-837.4038	170.3428	0.08846836	2.326344	0.8336761	0.9451495
15240	-651.854	-817.3105	165.4565	3.486555	3.692944	1.282206	1.026955
15246	-650.5548	-819.6753	169.1205	1.111809	2.437546	0.8303492	1.060068
15252	-641.5729	-810.9687	169.3958	0.184666	3.731527	0.9518927	0.5400159
15258	-645.764	-815.498	169.734	0.1135753	3.220851	0.9518927	0.7043502
15264	-646.5132	-816.2501	169.737	0.120737	3.220851	0.9584668	0.6739308
15270	-652.9586	-822.2414	169.2828	0.3392814	4.113975	0.6683121	0.588916
15276	-651.4046	-820.9662	169.5617	0.1805268	3.356803	0.9294183	0.7630146
15282	-659.0544	-827.4212	168.3668	1.232603	3.356803	0.9294183	0.9372121
15288	-657.8311	-825.9103	168.0793	1.211837	3.419741	1.196497	0.9372121
15294	-660.3949	-825.521	165.1261	4.081752	4.065539	0.9306586	0.8798444
15300	-662.3443	-827.7132	165.3688	3.530444	4.065539	0.7284409	1.348909
15306	-662.0978	-828.5474	166.4496	1.724562	5.530393	1.105341	0.9592147
15312	-655.7852	-822.3813	166.5961	1.395298	6.366147	1.116487	0.6698832
15318	-651.4601	-819.8536	168.3935	0.8122743	4.523919	0.8260865	0.6526594
15324	-646.7474	-817.2816	170.5342	0.1118057	2.142153	0.7917289	0.9191551
15330	-642.4947	-813.2423	170.7476	0.1442647	1.988812	0.8430442	0.6944463
15336	-658.6998	-828.7473	170.0475	0.1259587	2.839482	0.6570377	0.9936513
15342	-663.1429	-833.1457	170.0027	0.1875908	2.940855	0.7445401	0.7917303
15348	-651.8804	-821.5164	169.636	0.3153351	3.441517	0.7355456	0.6390092
15354	-648.2184	-817.3027	169.0843	0.5529301	3.404831	1.067867	0.651489
15360	-656.2847	-823.5126	167.2279	2.016088	4.242348	0.4646167	1.197186
15366	-649.82	-817.0269	167.2069	2.506087	2.906875	0.5840856	1.411924
15372	-641.7107	-808.521	166.8103	1.784877	4.186072	0.6453156	1.589172
15378	-646.5896	-812.7157	166.1261	3.522092	2.723399	0.7146109	1.463226
15384	-647.2328	-815.8005	168.5676	1.42307	2.661357	0.6908172	1.246731
15390	-643.1738	-811.3881	168.2143	1.458046	3.206558	0.6908172	1.189211
15396	-643.8157	-811.6843	167.8686	2.32297	2.392922	0.5101354	1.395308
15402	-659.891	-827.5615	167.6705	1.8563	3.002523	0.8386721	1.304351
15408	-660.9813	-829.952	168.9707	0.9999807	2.768559	1.132328	0.7265572
15414	-654.7441	-822.4235	167.6794	1.070205	4.716506	0.8604159	1.047293
15420	-644.3219	-813.7155	169.3937	0.2976809	3.589394	0.9332358	0.5029235
15426	-648.4685	-818.03	169.5616	0.1062232	3.589394	0.8785112	0.7247619
15432	-656.6556	-826.0518	169.3962	0.2010165	3.589394	0.9586829	0.7089763
15438	-658.1897	-827.9069	169.7172	0.675295	2.726557	0.6244509	0.8817316
15444	-656.2503	-826.8849	170.6346	0.4304341	2.01328	0.5455698	0.8434709
15450	-662.058	-830.6652	168.6072	0.7641633	4.238614	0.6448667	0.9040063
15456	-664.3112	-832.2462	167.935	1.517048	3.338109	0.9893211	1.038393
15462	-656.2299	-821.0139	164.784	3.670352	4.894023	1.236248	0.8624306
15468	-662.064	-831.6191	169.5551	1.330035	1.672555	0.9966146	0.8755331
15474	-667.6205	-837.8011	170.1806	0.5253431	2.245498	0.6366405	0.9311916
15480	-650.849	-819.279	168.4299	1.836035	2.692608	0.5790387	1.083018
15486	-660.8851	-829.5713	168.6862	0.9466429	2.951528	0.9081021	1.187725
15492	-656.6388	-825.7981	169.1593	1.06309	3.085774	0.5245894	0.8981494
15498	-655.4856	-821.856	166.3704	1.594502	5.632637	1.52181	0.5737299
15504	-652.9829	-821.1883	168.2055	0.8644097	4.247505	0.8931053	0.956105
15510	-648.2898	-818.3156	170.0258	0.3295451	2.879157	0.6208248	0.7951493
15516	-652.6362	-821.5019	168.8657	0.3001973	4.572805	0.8481081	0.6319655
15522	-655.2708	-823.6717	168.401	0.8571436	4.100188	1.024853	0.6319655
15528	-649.7541	-818.702	168.948	0.9093	3.168356	0.9278244	0.7808843
15534	-667.4712	-836.9917	169.5205	0.9236968	2.002966	1.201637	0.809916
15540	-659.6106	-827.2809	167.6703	2.022591	3.285809	0.8350421	0.9871324
15546	-660.5927	-830.86	170.2673	0.7541522	2.12897	0.5537287	0.7623156
15552	-660.5548	-827.871	167.3162	1.289592	5.114338	0.7135055	1.122257
15558	-663.5871	-831.5224	167.9353	2.18718	2.316908	0.8917109	1.189001
15564	-658.7379	-826.7919	168.0539	1.91187	2.213475	1.182201	1.144565
15570	-659.9079	-827.3158	167.4079	2.182157	3.315876	0.7828804	1.115963
15576	-658.1149	-826.2563	168.1414	1.819035	3.200742	0.4895597	1.115963
15582	-662.6045	-829.7766	167.172	2.693303	3.200742	0.4477615	1.235173
15588	-653.5297	-823.33	169.8003	0.6511197	2.334044	0.480736	1.247093
15594	-658.9845	-827.7606	168.7761	1.822456	2.060325	0.4645202	1.322205
15600	-646.1317	-813.872	167.7403	2.089899	3.03138	0.8414075	1.016615
15606	-655.9908	-825.2344	169.2436	0.5457458	3.382984	0.8171828	0.8275166
15612	-645.8174	-816.0413	170.2239	0.3214791	2.653809	0.694544	0.625328
15618	-640.2703	-809.9965	169.7262	0.5266543	2.625009	0.8289982	0.8936364
15624	-656.4568	-826.1185	169.6617	0.516477	2.625009	1.060959	0.6738056
15630	-653.0996	-821.8385	168.7389	0.5727142	4.340834	0.8335088	0.6288874
15636	-648.8425	-817.5857	168.7432	0.5096851	4.340834	0.8335088	0.7387426
15642	-656.0656	-825.028	168.9624	0.9181391	3.507151	0.6417217	0.8320794
15648	-674.1876	-838.8012	164.6136	4.746144	3.343146	0.7656862	1.311345
15654	-656.759	-824.095	167.336	2.332616	3.091464	1.034115	0.9423179
15660	-652.9485	-820.7138	167.7653	2.260227	2.46155	0.8839601	1.181626
15666	-655.3187	-820.6762	165.3576	3.858279	3.453139	0.992957	1.181626
15672	-659.3478	-827.8343	168.4865	0.6360953	4.152405	1.126021	0.6407414
15678	-661.6893	-828.9583	167.269	1.303648	5.112254	1.126021	0.6896686
15684	-653.1208	-822.197	169.0762	0.3467085	3.179885	1.470082	0.5105806
15690	-650.9448	-820.3962	169.4514	0.4706243	3.179885	0.9280635	0.6615121
15696	-641.566	-811.5556	169.9897	0.1597651	2.951994	0.8582824	0.6615121
15702	-643.526	-813.5179	169.992	0.2324023	2.951994	0.7965886	0.6324065
15708	-638.9979	-809.1362	170.1383	0.09310317	2.9577	0.7965886	0.6034137
15714	-642.9956	-813.3421	170.3465	0.07923126	2.548288	0.7874816	0.8040416
15720	-656.1695	-825.3816	169.2121	0.9969046	2.666221	0.938637	0.7725912
15726	-653.0196	-822.6187	169.5991	0.5019203	2.644166	1.098567	0.7186321
15732	-653.1639	-822.6706	169.5067	0.5232173	2.996965	0.8647691	0.7926747
15738	-657.8217	-823.563	165.7414	2.250455	5.535912	1.427361	0.7926747
15744	-665.2558	-831.3463	166.0905	1.080619	7.837899	1.304159	0.7030374
15750	-655.9585	-825.0961	169.1376	1.080619	2.603428	0.7183626	1.059486
15756	-656.2704	-822.6109	166.3404	3.216297	3.073746	0.9571893	1.136521
15762	-668.9803	-837.0752	168.0949	0.1508954	6.231734	0.9504689	0.6052046
15768	-640.1795	-809.1137	168.9342	0.1626017	4.187904	1.159643	0.451941
15774	-650.1457	-818.6641	168.5185	0.2317423	5.151794	0.9765121	0.4344825
15780	-669.3032	-838.0797	168.7764	0.2738015	4.825454	0.8516637	0.452505
15786	-652.6536	-822.8581	170.2045	0.1428747	2.328333	1.152641	0.5975407
15792	-655.2938	-825.6006	170.3068	0.2370219	2.094038	1.162957	0.4897917
15798	-650.73	-819.3411	168.6112	0.08128496	4.763254	1.228954	0.6027183
15804	-652.5746	-822.0452	169.4706	0.1293914	3.37775	1.156692	0.5490309
15810	-664.3108	-834.5741	170.2634	0.2514078	2.492914	0.7950531	0.7254607
15816	-648.6703	-816.1716	167.5014	1.905161	3.000358	1.52914	0.7293798
15822	-643.1412	-810.2529	167.1118	1.558191	4.09971	1.468018	0.8567673
15828	-658.7964	-821.5728	162.7764	5.98365	4.219714	1.375991	0.7681527
15834	-654.6135	-821.0626	166.4491	2.366434	4.371376	1.152633	0.8722662
15840	-656.7017	-824.8304	168.1287	1.147378	3.684814	1.119288	0.8496357
15846	-656.4236	-824.1678	167.7443	2.377617	2.49618	0.9243879	1.032398
15852	-651.0846	-820.9986	169.914	0.3958657	2.92468	0.6487018	0.7747444
15858	-654.322	-825.05	170.728	0.1363888	2.263204	0.6487018	0.686037
15864	-650.8625	-820.7399	169.8774	0.5062633	2.638978	0.6959	0.8842653
15870	-654.4735	-823.5296	169.0561	0.5144231	3.309257	1.15451	0.7296875
15876	-669.9686	-839.8943	169.9257	0.1836344	2.858687	0.9932175	0.5904286
15882	-662.5998	-831.2545	168.6547	0.06980163	4.818825	1.182968	0.4637995
15888	-660.5256	-829.5517	169.0262	0.6998315	3.122013	1.173729	0.6395216
15894	-660.6382	-829.8307	169.1925	0.1812913	3.795079	1.122331	0.5008079
15900	-668.8582	-837.4838	168.6257	0.1125671	4.595002	1.293131	0.4926972
15906	-657.1116	-825.471	168.3594	0.3935207	4.595002	1.27843	0.4926972
15912	-648.8608	-818.5913	169.7304	0.09252201	3.094381	1.062112	0.7052317
15918	-646.6244	-817.4941	170.8697	0.1380404	1.997039	0.5947054	0.8697108
15924	-662.6855	-830.8846	168.1991	0.7586408	4.364701	1.09526	0.7682397
15930	-671.5857	-839.795	168.2093	1.937997	2.267591	1.133494	0.9774648
15936	-658.8505	-828.3309	169.4804	0.9281284	2.248717	1.120937	0.6772045
15942	-667.6289	-836.6081	168.9792	1.008356	2.862529	0.7833038	1.03613
15948	-664.3785	-832.3062	167.9277	1.800105	3.390089	0.4951873	1.204787
15954	-666.8255	-830.19	163.3645	5.864683	3.159076	0.6710248	1.578332
15960	-654.3662	-821.9667	167.6005	2.156483	3.37886	0.6887881	1.007824
15966	-662.4772	-828.3699	165.8927	3.661323	3.37886	0.9103225	0.9892414
15972	-661.9193	-829.3633	167.444	2.219778	2.994352	1.047322	1.003121
15978	-650.8411	-819.8216	168.9805	1.011888	2.994352	0.7885465	0.9308147
15984	-648.4377	-815.4369	166.9991	1.713737	4.720033	0.9915016	0.9508335
15990	-656.8732	-824.4239	167.5507	1.790066	3.332724	1.082039	1.059454
15996	-652.3816	-820.3871	168.0055	1.790066	3.284933	0.6589957	1.059454
16002	-658.4199	-825.3512	166.9313	2.544129	3.284933	1.039966	1.000346
16008	-654.0586	-823.4587	169.4	1.489311	1.820471	0.6801121	1.062455
16014	-653.4099	-822.0829	168.673	1.945503	1.820471	0.6888556	1.290851
16020	-659.6623	-826.3454	166.6831	2.770421	3.002515	0.9185798	1.299019
16026	-655.2383	-821.6724	166.4342	2.960407	3.404321	0.9185798	1.11738
16032	-660.0623	-827.0719	167.0095	1.799627	4.641613	0.9998183	0.8826245
16038	-647.2051	-815.6856	168.4805	1.306749	2.785157	0.9072741	1.157666
16044	-654.8672	-822.9145	168.0473	1.932305	2.785157	0.7264065	1.147525
16050	-653.4378	-821.569	168.1312	1.452194	3.469317	1.007596	0.7732372
16056	-652.8771	-819.7101	166.833	1.452194	5.47908	1.043593	0.9337119
16062	-636.5175	-805.7221	169.2046	1.143307	2.314084	0.9374187	0.9337119
16068	-653.7959	-819.915	166.1192	2.276616	5.089996	1.129268	0.9337119
16074	-652.3783	-819.929	167.5508	1.256753	5.089996	0.8336279	0.7956531
16080	-651.3799	-820.4971	169.1172	0.831317	2.969447	0.7943775	0.9886805
16086	-654.2194	-820.7331	166.5136	3.185039	2.747666	1.013866	1.16584
16092	-648.1573	-817.027	168.8697	0.8605353	3.143642	0.8914193	0.9893032
16098	-653.7199	-821.9006	168.1807	1.321519	3.665965	0.9685794	0.7660987
16104	-655.3541	-826.284	170.9299	0.2645237	1.705746	0.6635228	0.8683045
16110	-659.2313	-828.9659	169.7346	0.3555581	2.782559	0.9985749	0.7330028
16116	-654.5606	-824.4565	169.8959	0.07108832	2.782559	1.055329	0.8258154
16122	-665.844	-835.3984	169.5545	0.07108832	3.379773	1.055329	0.7258658
16128	-647.2164	-817.457	170.2407	0.08966022	2.717067	0.7930839	0.7532033
16134	-655.3174	-825.6189	170.3015	0.08966022	2.546872	0.556656	1.088916
16140	-640.789	-811.3113	170.5224	0.1166829	2.52258	0.5966628	0.8001843
16146	-644.3361	-814.0176	169.6815	0.1166829	3.353461	0.9166769	0.6977806
16152	-646.6915	-816.2961	169.6046	0.2075357	3.353461	0.9027598	0.6977806
16158	-649.3767	-818.6027	169.226	0.2487818	4.003072	0.8928396	0.5366213
16164	-652.8387	-820.9645	168.1258	0.1876816	6.205461	0.9138055	0.5144622
16170	-643.1561	-813.1028	169.9468	0.09955749	3.071616	0.9138055	0.5624413
16176	-656.7073	-825.783	169.0757	0.09955749	4.210856	1.069107	0.5442403
16182	-651.4253	-820.6524	169.2271	0.3086206	4.080391	0.7849036	0.5442403
16188	-660.7791	-829.3152	168.536	0.3086206	4.771122	1.083232	0.5654382
16194	-668.8623	-835.0525	166.1902	2.551536	3.941603	1.353018	1.005349
16200	-654.567	-822.3455	167.7785	2.079715	2.520244	1.299545	0.8973572
16206	-661.3597	-828.779	167.4193	1.222582	4.752325	0.7419614	1.23187
16212	-653.006	-820.5232	167.5172	1.201043	4.752325	1.194461	0.6401225
16218	-649.8561	-817.7186	167.8625	1.201043	4.14149	1.194461	0.6337613
16224	-638.8547	-808.9415	170.0868	0.106172	2.924924	0.8021112	0.7192504
16230	-643.1773	-813.1087	169.9313	0.1005149	2.924924	0.9632223	0.7192504
16236	-646.787	-816.4793	169.6923	0.2295888	3.113702	0.9932595	0.6155064
16242	-650.7145	-820.2478	169.5332	0.3738133	2.880912	1.193254	0.4781555
16248	-650.6168	-819.0408	168.424	0.1224606	5.142923	1.193254	0.4781555
16254	-657.1844	-825.6608	168.4763	0.0993473	5.142923	1.155549	0.434423
16260	-663.9845	-832.522	168.5374	0.3705506	4.664983	1.085064	0.491238
16266	-653.4739	-822.9072	169.4334	0.554529	2.820708	1.085064	0.7137704
16272	-653.1883	-821.2404	168.0521	0.7520247	4.930852	0.9015691	0.8198628
16278	-653.5449	-821.1354	167.5905	2.022263	3.980167	0.5252831	0.9368294
16284	-653.7956	-821.767	167.9714	1.974464	2.986129	0.9374421	0.8177027
16290	-660.9107	-828.1387	167.2281	2.321719	2.986129	0.7406793	1.373405
16296	-656.4842	-824.4291	167.945	1.904457	2.601774	0.7158863	1.376684
16302	-650.7499	-817.6162	166.8663	2.768278	2.677892	0.6747581	1.528604
16308	-653.3841	-822.5608	169.1766	1.202068	2.202524	0.7585767	1.16187
16314	-651.8211	-820.4926	168.6715	1.598326	2.368332	0.7711438	1.129783
16320	-660.5486	-828.531	167.9823	1.613496	3.938763	0.465569	1.039659
16326	-656.9751	-824.1637	167.1886	1.613496	3.938763	0.9314432	1.32477
16332	-657.0774	-825.3886	168.3112	1.840066	2.03984	1.08204	1.195209
16338	-654.9092	-821.3632	166.4539	3.098464	3.566862	0.8872747	0.8852594
16344	-656.5098	-821.1301	164.6203	4.416728	4.164275	0.9125603	1.018529
16350	-652.1203	-819.9321	167.8118	1.853132	3.40229	0.7235863	1.048572
16356	-655.1728	-824.0861	168.9133	1.122403	2.882583	0.7593944	0.9981337
16362	-655.2619	-823.6543	168.3924	1.529999	2.870335	0.559493	1.285744
16368	-650.2505	-818.71	168.4595	1.550017	2.80725	0.5589925	1.251721
16374	-655.8725	-823.8929	168.0204	1.609346	3.356108	0.83936	0.999445
16380	-653.1793	-820.7673	167.588	1.861396	3.411924	0.9831231	0.999445
16386	-647.5824	-816.7294	169.1471	0.7469736	3.411924	0.6854048	0.8377153
16392	-646.9915	-815.1863	168.1948	0.4529485	5.355817	0.5340469	1.135751
16398	-655.4021	-822.9287	167.5266	2.429678	2.804233	0.6293469	1.239208
16404	-662.1836	-829.7669	167.5832	1.280853	3.967617	1.156469	1.062088
16410	-654.9039	-823.6531	168.7493	2.123559	1.572649	0.7705317	1.196618
16416	-645.7719	-815.5376	169.7657	0.9647034	1.967251	0.562689	1.196618
16422	-658.9927	-826.9196	167.9269	1.691403	3.440776	0.7101149	1.081578
16428	-658.6501	-826.6202	167.9701	1.600813	3.293646	0.8735889	1.063514
16434	-656.4908	-823.9156	167.4248	1.600813	4.55865	0.6535814	1.063472
16440	-651.0017	-817.7799	166.7781	1.926627	4.579507	1.012942	1.015311
16446	-646.421	-810.7227	164.3017	4.366638	4.545557	1.137694	0.9442272
16452	-644.0363	-810.3904	166.3541	2.664353	3.876362	1.137694	0.9832747
16458	-650.6779	-819.2501	168.5722	1.069408	3.095787	1.173838	0.8069157
16464	-652.4885	-818.4999	166.0113	3.181788	3.447788	1.209698	1.005793
16470	-651.4723	-819.8716	168.3993	1.206754	3.777666	0.6915289	0.89664
16476	-660.8533	-830.7371	169.8838	1.167283	1.691705	0.794919	0.89664
16482	-663.6753	-834.1283	170.453	0.4341515	1.996112	0.7065137	0.880868
16488	-675.7448	-842.7516	167.0067	2.234529	3.965535	0.7419464	1.098022
16494	-664.4775	-832.9579	168.4804	1.779737	2.349875	0.8890915	1.042894
16500	-661.9566	-830.4764	168.5198	1.564713	2.707405	0.8890915	0.9452045
16506	-655.307	-822.5988	167.2917	2.150976	3.223867	0.9792859	1.127169
16512	-656.6862	-824.1451	167.4589	2.656055	3.049876	0.670498	0.8826042
16518	-660.334	-827.0843	166.7503	2.262042	4.910831	0.670498	0.8610859
16524	-651.5873	-820.182	168.5948	0.8370132	4.009685	0.647603	0.979787
16530	-655.3956	-825.0625	169.667	0.7941199	2.196093	0.8647116	0.9903836
16536	-656.7061	-824.795	168.0889	1.752408	2.965917	0.8647116	1.027774
16542	-656.7406	-825.0344	168.2938	1.377056	2.965917	1.308763	0.6963364
16548	-654.6672	-823.2759	168.6087	0.2430078	5.440659	0.737014	0.5316409
16554	-659.4726	-826.8213	167.3487	0.2061628	7.309877	1.180585	0.4156954
16560	-654.9606	-824.017	169.0564	0.1615396	4.584624	0.818951	0.5115833
16566	-659.4656	-828.2993	168.8337	0.1752069	4.46493	1.085072	0.4339644
16572	-668.3962	-837.8387	169.4426	0.1375226	3.749556	0.9339622	0.4320828
16578	-664.5978	-834.7964	170.1985	0.1501863	2.81959	0.796528	0.4937023
16584	-661.1679	-830.4131	169.2452	0.1336644	4.255491	0.8317576	0.4273711
16590	-656.727	-825.5247	168.7978	0.1828423	4.255491	1.241542	0.5097703
16596	-650.7961	-819.7851	168.989	0.3245369	3.833401	1.15866	0.5141549
16602	-647.113	-816.8963	169.7833	0.1191212	3.109378	1.011331	0.626774
16608	-650.6751	-820.1261	169.4509	0.3081383	3.47381	0.9233233	0.5955009
16614	-662.2456	-830.6117	168.3661	0.9267345	4.042688	0.9233233	0.8005498
16620	-656.3615	-823.5446	167.183	2.12334	3.063916	1.427243	0.929579
16626	-651.9705	-819.2942	167.3237	2.323862	3.186172	0.9029345	1.031109
16632	-644.0898	-810.4852	166.3954	2.83677	4.034244	0.6609864	1.142307
16638	-652.6163	-821.6945	169.0783	1.852068	1.89336	0.4883326	1.142307
16644	-638.238	-808.7635	170.5255	0.1014142	2.361981	0.7441046	0.7855321
16650	-651.232	-821.9065	170.6744	0.4409599	1.970543	0.4992868	0.881724
16656	-654.9745	-824.9452	169.9706	0.1092306	2.910196	0.8974805	0.7626253
16662	-661.913	-831.5888	169.6758	0.4380988	2.93369	0.8728039	0.7227244
16668	-648.6125	-818.2155	169.603	0.1696259	3.695298	0.7579245	0.6263504
16674	-640.1504	-810.5204	170.37	0.1356777	2.598966	0.7579245	0.6640472
16680	-646.0501	-816.2223	170.1722	0.1009669	2.598966	0.9904105	0.6640472
16686	-647.22	-816.0287	168.8087	0.2085372	4.895701	0.8514023	0.5198471
16692	-640.8668	-810.9149	170.0481	0.1737762	3.165402	0.6585372	0.6139369
16698	-647.0135	-815.783	168.7695	0.1672771	4.810694	0.9710667	0.560325
16704	-651.052	-820.615	169.5629	0.296552	3.096078	0.9991344	0.7459446
16710	-657.5295	-827.2588	169.7293	0.248654	2.89962	1.091251	0.6032369
16716	-664.0616	-834.0373	169.9757	0.1891733	3.180033	0.6846591	0.6624491
16722	-670.7125	-836.0225	165.31	4.481786	2.6956	0.6592317	1.411304
16728	-663.7822	-833.6695	169.8873	0.6195958	2.362659	0.9505409	0.6381338
16734	-669.0043	-837.0405	168.0361	1.448287	3.815843	0.8961645	0.7621568
16740	-656.5524	-825.4946	168.9423	0.9481325	3.041304	0.747645	1.042557
16746	-651.7383	-818.4996	166.7613	2.321669	3.460312	0.8097208	1.434242
16752	-652.5535	-815.42	162.8665	6.843559	2.465639	0.8164655	1.486196
16758	-659.2818	-825.7034	166.4216	2.618937	3.729037	0.613336	1.486196
16764	-650.7826	-819.4095	168.627	1.6776	2.334025	0.9180242	0.9828084
16770	-652.5089	-821.5194	169.0104	1.113916	2.709116	0.7899303	1.004819
16776	-647.1416	-816.7769	169.6353	0.8589945	2.127536	0.8732391	1.004819
16782	-649.6441	-819.792	170.148	0.1298878	2.90847	0.7950125	0.5692383
16788	-653.704	-823.2139	169.5099	0.1662245	2.90847	1.399842	0.5554642
16794	-658.8922	-825.3371	166.445	0.8490977	7.520733	1.364006	0.4394412
16800	-659.3611	-829.8438	170.4827	0.1202135	2.317345	0.8967088	0.6228021
16806	-658.215	-827.9746	169.7597	0.06819979	3.149292	0.8967088	0.8738941
16812	-657.7413	-827.4797	169.7385	0.06819979	3.124676	0.8525594	0.9640894
16818	-661.5705	-831.676	170.1056	0.06819979	2.891101	0.7715317	0.8243622
16824	-648.0353	-817.888	169.8528	0.09314474	2.891101	1.095955	0.6793391
16830	-657.5538	-824.8754	167.3216	0.07867627	6.151994	1.845947	0.447839
16836	-661.6537	-829.2688	167.6151	0.07815495	6.151994	1.549112	0.57279
16842	-663.0957	-832.2719	169.1762	0.07815495	4.032718	0.9185135	0.8624125
16848	-657.1673	-827.0015	169.8342	0.07815495	3.117658	0.9185135	0.7650916
16854	-669.6813	-834.4823	164.801	2.014253	7.883407	1.707475	0.5078676
16860	-663.5631	-830.7381	167.175	0.2999936	7.412545	1.234689	0.4980262
16866	-653.4924	-821.4847	167.9923	0.1545154	5.856334	1.234689	0.4391914
16872	-658.2274	-826.4739	168.2466	0.342525	5.856334	0.7285856	0.7143499
16878	-661.5851	-831.2106	169.6255	0.2436467	3.381803	0.8512841	0.6510138
16884	-651.2977	-820.2106	168.9129	0.265698	3.929156	1.213311	0.6139748
16890	-668.9852	-837.8361	168.8509	0.1832903	4.766306	0.9001378	0.5463232
16896	-673.3319	-841.8197	168.4878	0.6075584	4.766306	0.7961378	0.6691557
16902	-656.1151	-823.3192	167.2041	2.455669	3.260878	0.8826236	0.9893437
16908	-661.4118	-827.7258	166.314	2.719984	3.941388	0.9580536	1.10327
16914	-649.6469	-816.5065	166.8596	2.730854	3.026884	0.9557358	1.136734
16920	-650.0888	-815.4739	165.3851	3.6853	3.643902	1.495401	0.6185993
16926	-651.133	-817.1213	165.9883	2.426548	5.09272	1.310645	0.6571324
16932	-641.0205	-805.3771	164.3566	4.708753	4.001209	0.9678132	1.030768
16938	-648.2647	-817.7972	169.5325	1.122973	2.280931	0.6668315	0.9223092
16944	-645.3269	-812.5939	167.267	2.649626	2.768828	1.033205	0.9223092
16950	-660.8206	-827.9	167.0794	2.649626	2.768828	1.08063	1.063732
16956	-653.6863	-822.3373	168.6509	1.261915	2.441983	1.373696	0.8148395
16962	-649.1557	-818.2445	169.0888	0.769015	2.764347	1.154127	0.8550153
16968	-658.4166	-826.5528	168.1362	0.9880493	4.094078	1.154127	0.6504903
16974	-661.9513	-830.3479	168.3966	0.6687915	3.513632	1.600134	0.5634668
16980	-648.678	-816.7385	168.0605	0.8658592	3.513632	1.600134	0.8214398
16986	-645.1373	-813.4173	168.28	1.66392	3.197086	0.7056442	0.9218695
16992	-659.5459	-827.9433	168.3974	1.154782	3.767356	0.8295644	0.801932
16998	-652.1306	-820.7176	168.5871	0.7696902	3.935532	0.942414	0.7746179
17004	-648.7503	-816.7012	167.9509	1.398756	3.536065	1.239592	0.7099902
17010	-646.5627	-815.1079	168.5452	0.6788075	3.853019	1.233242	0.5424267
17016	-648.1983	-816.2983	168.1001	1.615816	3.122392	1.157543	0.6918852
17022	-643.8877	-813.1871	169.2994	0.6045681	2.943368	1.094038	0.6918852
17028	-657.7756	-826.1572	168.3816	1.120561	3.261222	1.103537	0.922712
17034	-642.2166	-810.4993	168.2827	1.425454	3.261222	0.8229766	1.000443
17040	-644.4322	-813.7997	169.3675	1.056057	2.225938	0.7660717	1.097886
17046	-649.0702	-820.0778	171.0076	0.1557253	1.820639	0.7384424	0.652374
17052	-657.9711	-827.4227	169.4516	0.9464847	2.516517	0.7165608	0.9475251
17058	-669.6577	-837.586	167.9283	0.928528	4.175115	1.062494	1.041798
17064	-662.957	-829.4255	166.4686	2.562049	4.175115	0.671174	1.236065
17070	-662.1962	-830.4813	168.2852	1.693609	2.715526	0.7134747	1.203812
17076	-660.214	-828.6542	168.4402	1.822175	2.568404	0.5151793	1.22465
17082	-647.9063	-816.6301	168.7238	1.599641	2.213962	0.7316423	1.22465
17088	-655.7682	-823.1101	167.3419	2.01697	3.205003	1.06943	1.132905
17094	-655.8363	-825.1731	169.3368	0.7820922	2.760258	0.8929396	0.8587181
17100	-657.0863	-825.0491	167.9628	1.999203	2.760258	0.9635717	0.954954
17106	-650.5466	-817.0911	166.5445	2.699908	3.843961	0.8803598	1.033973
17112	-643.525	-809.8019	166.2769	3.205302	3.756715	0.573364	1.147427
17118	-657.558	-823.0685	165.5105	4.482459	2.734204	0.8747989	1.032398
17124	-652.6649	-820.0231	167.3582	3.093675	1.77983	0.7525032	1.401359
17130	-651.722	-821.3811	169.659	1.32629	1.598707	0.5064232	1.30301
17136	-651.998	-820.1801	168.1821	1.32629	3.217235	0.5696456	1.415147
17142	-644.1581	-810.4873	166.3292	3.212154	3.156105	0.7564475	1.273048
17148	-649.2591	-819.2312	169.9721	0.721811	1.926634	0.7564475	1.087575
17154	-642.9181	-811.8123	168.8942	0.9820837	3.287257	0.5043532	1.126148
17160	-644.643	-812.9258	168.2828	1.205836	4.148161	0.5833472	0.9004309
17166	-638.1771	-806.8421	168.665	1.483912	2.436306	0.975663	1.000787
17172	-644.7543	-813.3337	168.5794	1.394337	3.155383	0.6284782	1.000787
17178	-643.1727	-810.8013	167.6287	1.715212	3.744139	0.8760207	1.000787
17184	-660.4744	-827.6167	167.1423	2.084726	3.174488	1.624977	0.6651166
17190	-656.493	-823.7025	167.2095	3.210789	2.010023	0.9313218	1.112914
17196	-651.2816	-818.5886	167.3071	2.348263	3.456914	0.6285196	1.112914
17202	-653.9917	-822.5345	168.5429	1.25371	3.456914	0.6140354	0.9920483
17208	-657.8297	-823.2152	165.3855	3.314383	4.154767	1.2819	0.9920483
17214	-659.2349	-826.5899	167.355	1.75587	3.464203	1.522583	0.7134892
17220	-652.9466	-817.5099	164.5634	3.214308	6.478624	1.292257	0.6444231
17226	-662.0357	-828.4457	166.4101	2.66068	4.092848	1.126766	0.7857528
17232	-660.6707	-830.7503	170.0796	0.4244261	2.16767	0.9593558	0.8661544
17238	-655.2744	-825.3762	170.1019	0.4244261	2.313837	0.9472493	0.6844149
17244	-645.9042	-815.3761	169.472	0.385374	3.38808	0.8422106	0.6844149
17250	-681.2785	-849.7449	168.4664	0.1723192	5.301923	1.004096	0.5983453
17256	-667.5476	-836.0339	168.4863	0.2780997	5.301923	0.892983	0.5362695
17262	-667.9727	-837.9599	169.9872	0.1117275	2.870111	1.007591	0.5362695
17268	-656.7354	-826.5826	169.8473	0.2266494	2.870111	1.016053	0.6040172
17274	-653.9373	-824.1423	170.205	0.3893318	2.448584	0.7761423	0.6795441
17280	-649.3615	-819.92	170.5585	0.1243525	2.448584	0.5597815	0.8628425
17286	-665.0185	-834.29	169.2714	0.09783211	4.538531	0.6602453	0.6398773
17292	-675.7242	-845.8625	170.1383	0.337839	2.731608	0.6007427	0.8033416
17298	-664.3252	-834.5442	170.2189	0.6379065	1.848072	0.9011426	0.8366177
17304	-648.4649	-818.8433	170.3784	0.1047676	2.466582	0.8447036	0.7290266
17310	-658.3372	-828.2604	169.9233	0.1038869	2.999168	0.9285437	0.6973224
17316	-647.7467	-816.6883	168.9416	0.2876779	4.42111	0.8691681	0.6319172
17322	-645.4314	-815.3141	169.8827	0.1368519	3.08325	0.8886838	0.6772489
17328	-654.7504	-824.3331	169.5828	0.1346271	3.133615	1.156262	0.6772489
17334	-648.3588	-818.3047	169.9459	0.1308306	3.357349	0.5507955	0.8222208
17340	-645.9763	-815.6907	169.7145	0.07452563	3.333656	0.8542168	0.8222208
17346	-651.948	-822.1998	170.2518	0.08433032	2.670895	0.6947782	0.9123963
17352	-647.2174	-816.8796	169.6622	0.07664293	3.266698	0.7190559	1.067772
17358	-646.1971	-817.0499	170.8528	0.07664293	1.849369	0.577508	1.097108
17364	-652.549	-823.1978	170.6488	0.07664293	1.849369	0.7815168	1.097108
17370	-655.1131	-825.298	170.185	0.09221354	2.897377	0.5590005	0.944935
17376	-654.2731	-824.5598	170.2868	0.06639061	2.37364	0.6102536	1.194185
17382	-650.8994	-821.0181	170.1187	0.06639061	2.559866	0.5886261	1.233272
17388	-653.781	-823.0473	169.2663	0.06639061	3.962757	0.8794772	0.8652446
17394	-655.5419	-825.2457	169.7037	0.06639061	2.878019	1.002779	1.023336
17400	-641.3317	-811.2956	169.9639	0.06639061	3.097825	0.7162235	0.8892239
17406	-641.4206	-809.1899	167.7693	1.801766	3.61146	0.8270834	0.9002497
17412	-649.5224	-816.8963	167.3739	2.438483	3.297263	0.7858206	0.9044827
17418	-649.3766	-811.711	162.3344	7.3814	3.070672	0.6975606	1.22562
17424	-650.9905	-819.5454	168.5549	1.031772	3.409282	0.3665974	1.413108
17430	-659.1005	-825.6888	166.5883	3.74416	1.738841	0.700713	1.558266
17436	-654.7764	-824.3857	169.6093	0.7332152	2.615959	0.8544788	0.7555375
17442	-676.2473	-845.2546	169.0073	0.05123797	3.269686	0.7780605	1.570284
17448	-671.2598	-839.998	168.7382	0.05123797	3.587694	0.9169889	1.513375
17454	-661.5159	-830.2727	168.7568	0.05123797	3.587694	1.186669	1.288944
17460	-659.5334	-827.782	168.2486	0.04487151	3.331032	1.186669	1.794993
17466	-651.193	-819.3502	168.1572	0.04487151	4.169156	1.12418	1.533317
17472	-654.7023	-823.73	169.0277	0.04435993	2.543241	0.8832175	1.852148
17478	-656.2492	-825.2088	168.9596	0.04435993	3.111326	0.9335069	1.57495
17484	-660.5844	-828.2069	167.6224	0.04102193	4.920519	1.190316	1.57495
17490	-670.1321	-837.6959	167.5638	2.136636	2.927292	0.9246357	1.128715
17496	-675.4623	-841.8115	166.3492	1.982658	5.119368	0.8046196	1.276923
17502	-675.3425	-843.4923	168.1499	2.063515	2.675197	0.6322488	1.094357
17508	-673.3312	-840.1786	166.8474	2.153565	4.800804	0.5574723	1.05322
17514	-662.1769	-830.4134	168.2365	0.04355516	4.230784	1.349159	1.269583
17520	-666.6537	-834.8071	168.1535	0.04355516	4.319233	1.126142	1.470803
17526	-667.8311	-836.674	168.843	0.04509298	2.685867	0.8354456	1.936925
17532	-664.455	-832.6524	168.1974	0.04509298	4.554205	1.116472	1.340634
17538	-664.3934	-833.2104	168.8169	0.04509298	2.830226	1.580659	1.340634
17544	-647.6793	-817.0194	169.3401	0.04509298	2.408383	1.017987	1.610139
17550	-655.6389	-823.8381	168.1992	0.04500625	3.839981	0.7994624	1.872744
17556	-658.8081	-827.1379	168.3298	0.04500625	2.793004	1.548511	1.745811
17562	-656.5852	-826.3158	169.7305	0.4099857	2.983535	0.8037614	0.7344162
17568	-657.308	-827.3286	170.0205	0.1381692	3.139057	0.7160387	0.6678507
17574	-652.6855	-821.1097	168.4242	0.04500625	3.378173	1.037898	1.754584
17580	-656.8715	-824.957	168.0855	0.0401584	4.071657	0.9500154	1.754584
17586	-660.5759	-828.8242	168.2483	0.04590981	4.055503	1.19188	1.463447
17592	-654.5517	-821.8325	167.2808	0.04552575	5.852067	1.415638	1.304189
17598	-653.9668	-821.1843	167.2175	0.04552575	5.721982	1.540839	1.304189
17604	-658.8654	-826.3482	167.4828	0.04704079	5.721982	1.274066	1.304189
17610	-665.6665	-834.8464	169.1798	0.9670184	2.881826	0.7886096	0.8448986
17616	-662.7043	-833.086	170.3817	0.08972118	2.445318	0.7886096	0.8448986
17622	-657.9465	-827.1194	169.1728	0.7324262	3.59107	0.6629951	0.6851286
17628	-654.655	-825.1434	170.4884	0.1050337	2.675823	0.5975682	0.6929889
17634	-651.0841	-818.9464	167.8622	0.04448684	3.935548	1.52668	1.556376
17640	-651.535	-819.397	167.862	0.04416535	4.546398	1.348125	1.425966
17646	-651.7565	-820.1038	168.3473	0.04416535	4.209515	0.760466	1.643435
17652	-657.8986	-825.741	167.8424	0.04416535	4.209515	1.265365	1.643435
17658	-653.0839	-821.3595	168.2756	0.04416535	3.606976	1.196719	1.643435
17664	-642.2836	-810.2268	167.9432	0.1565177	5.641041	1.386005	0.4436571
17670	-653.4523	-821.6761	168.2238	0.04416535	3.045042	0.5306194	2.372017
17676	-642.8536	-810.9156	168.0619	0.04416535	4.125913	1.02166	1.695456
17682	-649.4132	-817.6778	168.2646	0.04416535	4.537282	1.02166	1.370657
17688	-657.2584	-826.4912	169.2328	0.05141405	3.464316	1.032997	1.077786
17694	-651.1385	-820.5218	169.3833	0.07583977	3.742377	0.9683876	0.759745
17700	-653.372	-823.35	169.978	0.4334174	2.554976	0.4788184	1.135663
17706	-657.9263	-827.9779	170.0516	0.7803319	2.103479	0.4788184	1.078605
17712	-658.0224	-824.1424	166.12	3.652898	2.72631	1.16146	0.9716314
17718	-660.4753	-827.9476	167.4723	1.601557	4.050828	0.8092012	1.142544
17724	-661.7455	-827.2868	165.5413	4.433075	2.777884	0.7671944	1.120455
17730	-660.8127	-828.2051	167.3924	1.886548	4.162238	0.6995655	0.9909029
17736	-666.0117	-832.0098	165.9981	1.882884	6.257823	1.291434	0.6360795
17742	-658.7757	-823.6772	164.9015	3.191442	5.601927	1.399001	0.6055039
17748	-668.1101	-835.0009	166.8908	3.191442	2.792938	0.7026969	1.070462
17754	-656.5293	-825.7694	169.2401	0.1725161	3.556499	1.201894	0.6351696
17760	-651.0057	-820.602	169.5963	0.1064051	3.300258	1.087517	0.6126587
17766	-640.3814	-811.1734	170.792	0.1064051	2.027351	0.719921	0.8187917
17772	-648.5328	-819.432	170.8992	0.1111076	1.990304	0.6457425	0.8105434
17778	-639.9109	-809.3765	169.4656	1.133524	1.990304	1.039455	0.8328972
17784	-646.5994	-817.1678	170.5684	0.2596331	1.855514	1.020176	0.6968461
17790	-653.1272	-823.3434	170.2163	0.2596331	2.838932	0.5937777	0.6968461
17796	-659.4034	-825.4801	166.0767	3.182384	3.366699	0.6559352	1.463804
17802	-650.7138	-817.3012	166.5874	2.647223	3.587416	0.6602681	1.36914
17808	-643.2947	-810.5313	167.2366	2.647223	2.890285	0.7827625	1.114997
17814	-650.7484	-817.889	167.1406	2.647223	2.771176	0.9078961	1.165578
17820	-650.7348	-816.9226	166.1879	2.828165	3.636473	1.259397	1.012471
17826	-660.7466	-829.8755	169.1289	0.5008938	3.636473	0.7397388	0.9145891
17832	-655.4912	-825.2244	169.7331	0.4246008	3.108732	0.7222244	0.696948
17838	-656.9313	-826.4328	169.5015	1.105322	2.367101	0.5660831	1.006521
17844	-657.8529	-826.2293	168.3764	0.8850367	4.791724	0.5298144	0.8046529
17850	-651.8873	-821.7155	169.8282	0.8401468	2.050347	0.8615684	0.9014226
17856	-649.6481	-817.56	167.912	1.823205	3.08232	0.8615684	1.054893
17862	-657.9853	-825.9603	167.975	1.61576	2.890962	1.130303	1.064239
17868	-663.8295	-830.767	166.9375	2.614849	2.890962	1.128973	1.101142
17874	-667.9683	-837.1066	169.1383	0.7125913	2.793703	1.226584	0.7379472
17880	-668.6996	-837.059	168.3594	0.8451719	4.770521	0.649348	0.7310329
17886	-650.7438	-819.7038	168.96	1.310197	2.715046	0.663262	0.9810852
17892	-647.5563	-816.1478	168.5915	1.458133	2.415188	0.7018043	1.342441
17898	-651.3245	-818.5679	167.2434	2.728029	3.128236	0.5163381	1.126404
17904	-652.2946	-821.3086	169.014	1.200162	2.510478	0.7550775	1.094814
17910	-654.0956	-823.4542	169.3586	0.3048163	3.599288	0.9253173	0.6317953
17916	-671.7157	-841.7357	170.02	0.2556211	2.41918	1.164792	0.5523712
17922	-660.1573	-826.5256	166.3683	2.832759	3.995829	0.8121062	1.053131
17928	-653.354	-820.9173	167.5633	1.204068	4.818579	0.9547149	0.8725669
17934	-633.9793	-801.6873	167.708	1.62851	3.802334	0.8931878	0.954034
17940	-661.4548	-825.8634	164.4085	5.612284	2.63367	0.7509652	1.187637
17946	-656.4327	-824.4923	168.0596	1.574345	2.842083	1.361432	0.8049288
17952	-651.383	-819.7675	168.3845	1.204178	3.517915	0.928596	0.8297397
17958	-648.207	-816.1964	167.9895	1.049257	4.96269	0.6460695	0.8251612
17964	-654.3385	-823.9138	169.5753	0.5979448	2.726156	0.8907617	0.8251612
17970	-647.7803	-818.3747	170.5944	0.1905347	2.007278	0.6889094	0.9989504
17976	-638.1946	-808.5823	170.3876	0.1389282	2.463271	0.7604262	0.7924422
17982	-650.8147	-820.5722	169.7575	0.1369793	3.276784	0.827786	0.766504
17988	-647.9781	-817.5803	169.6022	0.2131095	3.555381	0.8206735	0.5750939
17994	-654.8744	-824.5036	169.6292	0.1302951	3.785986	0.7303241	0.580994
18000	-652.9934	-819.1816	166.1882	1.440766	6.883101	1.237606	0.6989729
18006	-653.0841	-819.7879	166.7038	3.355121	2.920753	0.6466607	1.058805
18012	-648.7901	-817.0895	168.2993	2.310318	1.867805	0.8761481	1.101785
18018	-653.4556	-820.9127	167.4571	2.843246	2.2725	0.9048365	1.048257
18024	-664.8732	-831.4783	166.6051	1.416642	5.792608	1.331747	0.7048556
18030	-645.7303	-814.3892	168.6589	0.6607064	3.74875	1.176556	0.6290973
18036	-661.5119	-828.4351	166.9232	1.583512	4.994505	1.244139	0.7053868
18042	-645.3647	-813.6521	168.2874	0.8728691	3.603521	1.343664	0.7750078
18048	-649.2219	-817.9769	168.755	0.4430808	4.56159	0.8375568	0.5892405
18054	-645.2345	-813.3249	168.0904	1.330463	3.851811	0.9534085	0.7386746
18060	-654.7395	-821.67	166.9305	2.689389	3.38218	0.7851747	1.045373
18066	-652.5299	-817.3167	164.7868	4.008371	4.206539	0.9893487	1.149115
18072	-648.0129	-812.7774	164.7644	4.673299	3.522903	0.7383082	1.170973
18078	-648.0827	-818.0607	169.978	0.4290118	2.528958	0.5692788	1.075118
18084	-656.4846	-823.051	166.5664	2.3212	3.872791	0.8642004	1.342115
18090	-659.9442	-825.8326	165.8884	3.789445	3.117538	0.7270992	1.205316
18096	-663.89	-832.3155	168.4254	2.110464	2.06843	0.6616458	1.205316
18102	-660.3984	-827.9945	167.5961	1.779981	3.554228	0.7024129	1.237242
18108	-662.7496	-831.3569	168.6073	1.457478	2.412389	0.7024129	1.331574
18114	-653.5176	-821.8195	168.3018	2.320475	2.168908	0.6534586	1.060861
18120	-658.647	-825.5008	166.8538	3.714577	1.900852	0.7147562	1.253146
18126	-659.0692	-823.7851	164.7159	4.828255	3.12243	0.8376114	1.222169
18132	-673.5048	-840.4898	166.9851	3.288509	2.063978	0.8898057	1.23739
18138	-666.202	-833.2436	167.0416	2.258427	3.617683	0.7699911	1.21037
18144	-667.994	-836.6495	168.6555	1.223835	3.269885	0.6505129	0.9959231
18150	-664.6433	-833.6997	169.0564	0.596467	3.097249	1.139835	0.8347437
18156	-655.0972	-823.8539	168.7568	0.2671895	4.81779	0.8048176	0.7307483
18162	-655.596	-825.139	169.543	0.07129626	3.449125	0.7920186	1.001421
18168	-653.4396	-823.2045	169.7648	0.06739077	2.860702	1.137523	0.8209255
18174	-647.5625	-817.3863	169.8238	0.1082323	3.549044	0.6594008	0.6917038
18180	-658.8476	-827.2046	168.357	0.655786	4.178014	1.152791	0.7604403
18186	-652.6388	-822.0465	169.4078	0.1169408	3.422564	1.152791	0.6834702
18192	-653.5367	-822.3854	168.8487	1.193687	2.660399	0.7490046	1.153127
18198	-654.7833	-821.2628	166.4795	3.411527	2.524449	0.8584462	1.275849
18204	-656.8501	-826.4607	169.6106	1.108744	1.678204	0.6133406	1.372154
18210	-661.5435	-827.5135	165.9701	2.128031	4.228315	2.129509	0.5756344
18216	-652.9251	-821.418	168.4929	0.5579154	4.228315	1.089495	0.754688
18222	-662.3787	-831.6722	169.2935	0.5413828	3.594241	0.710555	0.7212301
18228	-651.3818	-821.4978	170.1161	0.198829	2.786494	0.8364128	0.6010287
18234	-643.7322	-812.0913	168.3592	0.2987194	5.163266	1.060135	0.582325
18240	-646.3513	-816.1381	169.7869	0.4612135	2.551485	1.060135	0.6455843
18246	-655.0877	-823.9433	168.8556	0.6616642	4.041797	0.7028495	0.7960772
18252	-655.2442	-825.4656	170.2214	0.08228881	2.777651	0.6959569	0.8581384
18258	-655.3996	-823.6682	168.2687	1.945321	2.616611	0.8595577	0.9100082
18264	-657.6995	-824.5271	166.8277	2.0045	4.802513	0.9953803	0.7453074
18270	-658.6315	-825.8663	167.2349	1.808229	4.187426	0.950121	0.9608132
18276	-660.6911	-827.8238	167.1326	2.46356	3.715885	0.8048078	0.8184342
18282	-644.7052	-814.6485	169.9433	0.3245061	2.834208	0.8129746	0.6828586
18288	-644.2296	-814.3688	170.1391	0.2605861	2.852466	0.5508157	0.8521265
18294	-650.1767	-819.8092	169.6325	0.2769289	3.452679	0.6393733	0.8427947
18300	-649.7755	-820.0565	170.281	0.1977672	2.509375	0.6874739	0.8971473
18306	-659.3209	-829.5986	170.2778	0.08806967	2.509375	0.8408377	0.8498742
18312	-651.2341	-821.2817	170.0476	0.08806967	2.723279	0.9106221	0.8498742
18318	-638.7642	-808.1214	169.3573	0.08806967	3.824962	0.9106221	0.78895
18324	-647.0369	-817.8987	170.8618	0.08806967	1.857211	0.6852461	0.9659304
18330	-648.6285	-817.8628	169.2343	0.06043994	3.915009	0.6852461	1.128563
18336	-656.7923	-826.0288	169.2365	0.07493664	3.989529	0.8273011	0.9300968
18342	-660.7036	-831.0367	170.333	0.08475941	2.364093	0.9253342	0.8202847
18348	-658.7874	-828.7839	169.9964	0.06245353	2.485241	1.150122	0.8691797
18354	-652.7044	-818.3534	165.649	3.646532	3.760547	1.022656	0.8852713
18360	-662.289	-831.2181	168.929	0.06245353	3.88231	1.025901	1.112666
18366	-662.4438	-831.4604	169.0166	0.06245353	4.231154	1.025745	0.8020395
18372	-656.116	-825.8376	169.7216	0.186282	3.439603	0.8056801	0.5627588
18378	-649.1444	-819.0301	169.8858	0.2642973	3.03224	0.7540244	0.7439386
18384	-650.1952	-819.5478	169.3527	0.6049103	3.03224	1.026449	0.5763976
18390	-653.0962	-821.0185	167.9222	0.1097782	6.404627	1.105871	0.4957835
18396	-662.262	-831.4998	169.2378	0.1296948	4.497553	0.6333561	0.7345789
18402	-645.8067	-816.4025	170.5958	0.1296948	2.318257	0.6333561	0.8459014
18408	-648.8381	-818.8565	170.0184	0.09035024	3.014922	0.7319466	0.8459014
18414	-649.6102	-819.5987	169.9885	0.1220859	2.953044	0.6637284	0.9684564
18420	-661.5023	-832.2308	170.7284	0.419753	2.015888	0.3666947	0.9493168
18426	-652.689	-822.8478	170.1588	0.3222652	2.581448	0.5826364	0.9493168
18432	-651.1162	-821.4972	170.381	0.1173989	2.457185	0.7641238	0.8305074
18438	-651.3856	-819.9165	168.5309	0.9676128	4.094393	0.6554821	0.8410989
18444	-650.0316	-819.9524	169.9208	0.1781536	3.318997	0.6918826	0.5706924
18450	-656.5634	-825.0933	168.5299	0.406991	3.318997	1.859086	0.4565856
18456	-650.1671	-819.0542	168.8871	0.7174722	3.162261	1.115009	0.8694417
18462	-651.9196	-820.2327	168.3131	0.9981798	4.19708	0.8076961	0.8093401
18468	-659.1355	-825.9981	166.8626	2.330947	4.19708	0.8393983	0.9121853
18474	-660.2126	-826.2738	166.0612	3.039406	4.375379	0.8817997	0.8525726
18480	-669.1949	-834.7282	165.5333	3.457938	3.883014	0.92299	1.203126
18486	-665.7045	-833.7558	168.0513	1.926174	2.547474	0.8412498	1.203126
18492	-662.2933	-829.2998	167.0066	3.133319	2.399365	1.040478	0.9734187
18498	-666.5559	-836.5891	170.0332	0.9024489	1.773574	0.6710077	1.066376
18504	-670.4676	-835.7399	165.2723	4.357277	2.530749	0.6596241	1.624331
18510	-664.6409	-831.3238	166.6829	2.340333	4.307055	0.9252788	0.9351869
18516	-663.5132	-823.8882	160.375	8.262926	4.370159	1.047254	1.154051
18522	-653.1215	-820.363	167.2414	1.463617	5.029554	0.923393	0.8516921
18528	-668.3283	-834.1412	165.8129	1.720168	6.32875	1.501489	0.8096847
18534	-657.4051	-823.6933	166.2882	1.675752	5.314885	1.501489	0.8721379
18540	-653.6059	-821.8432	168.2373	1.0119	4.160987	0.8238834	0.8907026
18546	-653.691	-824.2466	170.5556	0.4337489	1.573845	1.104338	0.7097499
18552	-657.3656	-827.2361	169.8705	0.6334945	2.480679	0.6547245	0.9298428
18558	-656.6069	-824.8609	168.254	2.545868	1.770077	0.6547245	1.205172
18564	-656.6134	-824.712	168.0986	1.913567	2.336426	0.9049706	1.257985
18570	-658.2312	-826.5242	168.2931	1.913567	2.458434	1.174476	0.6418918
18576	-661.5552	-826.5944	165.0392	2.624739	6.327935	0.9516411	1.227324
18582	-659.3701	-827.6648	168.2948	1.989861	2.337536	0.829146	1.085527
18588	-670.8736	-838.7378	167.8642	1.742993	3.991113	0.5192292	0.9422662
18594	-664.313	-832.4568	168.1437	1.182972	3.602069	0.7683146	1.197431
18600	-654.728	-820.639	165.9109	3.025303	3.949773	1.058557	1.09608
18606	-653.3592	-821.7153	168.3561	1.582515	2.726135	0.9323539	1.035007
18612	-646.1362	-813.9339	167.7978	2.239467	2.538474	0.8922298	1.111612
18618	-645.7342	-810.192	164.4579	5.231279	3.072107	0.811027	1.149746
18624	-650.1961	-817.3532	167.157	1.826868	3.992838	1.055492	1.02961
18630	-652.2529	-818.1996	165.9467	3.312891	3.560694	0.7167434	1.317822
18636	-648.2609	-811.4001	163.1392	7.020885	2.335502	0.6417264	1.352124
18642	-649.1211	-818.9278	169.8066	0.4464728	2.886215	0.4900017	1.046493
18648	-647.7266	-818.1951	170.4685	0.351227	2.258919	0.6166345	0.80785
18654	-648.077	-818.2961	170.2191	0.186993	2.756238	0.7610649	0.6183498
18660	-649.7093	-819.0405	169.3312	0.186993	3.935924	0.8092941	0.7321299
18666	-644.6184	-813.7427	169.1243	0.1592228	3.935924	1.121924	0.5516193
18672	-644.7072	-814.9521	170.2449	0.2909275	2.255859	1.009919	0.6303895
18678	-656.0314	-825.2865	169.2551	0.1435649	4.08044	0.923318	0.4668848
18684	-643.9535	-811.4032	167.4497	0.6207285	5.456173	1.510225	0.4668848
18690	-650.2422	-818.2949	168.0527	2.268532	2.497502	0.8898631	0.8555196
18696	-661.3969	-828.9328	167.5359	1.874925	3.635486	0.974261	0.8978791
18702	-654.6579	-821.5643	166.9065	2.317269	4.006441	0.974261	0.8509478
18708	-657.3682	-822.5246	165.1564	4.349239	3.102689	0.9897338	1.13525
18714	-657.1414	-824.6286	167.4872	1.376243	4.101581	1.169193	0.9719428
18720	-653.347	-821.3025	167.9555	2.043299	2.739513	1.057734	0.8222754
18726	-644.1851	-813.5581	169.373	0.5625023	3.134796	0.8910794	0.754216
18732	-656.246	-825.27	169.024	0.3446203	4.097592	0.8910794	0.6836853
18738	-666.3724	-833.9494	167.577	0.5971407	5.22972	1.467748	0.6836853
18744	-657.5206	-826.1514	168.6308	1.048434	2.98572	1.261599	0.7374627
18750	-658.69	-828.3727	169.6827	1.289511	1.825165	0.8299615	0.8057476
18756	-656.3222	-826.3028	169.9806	0.7200701	2.330221	0.7072397	0.7690411
18762	-653.8528	-824.2231	170.3703	0.5566427	1.779696	0.7955527	0.9457791
18768	-653.4714	-821.7133	168.2419	2.000689	2.83544	0.7325438	0.8370103
18774	-665.4127	-831.5874	166.1747	2.462392	4.760624	1.202498	0.7607285
18780	-669.9851	-829.4266	159.4415	9.554792	3.209317	1.155005	1.362078
18786	-653.6691	-823.0229	169.3537	0.8786564	2.692055	0.6561928	1.042232
18792	-657.3377	-826.9112	169.5735	1.054792	1.83958	0.7124253	1.24957
18798	-656.0785	-822.8643	166.7859	1.764885	5.206428	0.8553547	0.9952689
18804	-654.2051	-822.0366	167.8315	0.9831225	4.996331	0.9634977	0.651575
18810	-656.0752	-825.935	169.8598	0.2431877	2.616369	1.189559	0.4665663
18816	-650.3489	-818.8449	168.496	0.1727335	4.914561	1.189559	0.4767889
18822	-652.1931	-821.1853	168.9923	0.1067939	4.473043	0.9737155	0.6234845
18828	-657.6816	-827.2525	169.5708	0.4146853	3.428616	0.6478553	0.7500292
18834	-667.2617	-834.6245	167.3628	1.910563	3.428616	1.178802	0.9684043
18840	-672.7053	-836.9539	164.2487	4.541974	3.887679	1.33235	1.009659
18846	-663.4966	-829.4512	165.9546	3.662945	3.077664	1.142733	0.8893853
18852	-660.9095	-829.6196	168.7101	1.099221	3.077664	0.6140047	1.213075
18858	-654.7507	-824.6054	169.8547	0.4026037	3.077664	0.6514537	0.6835081
18864	-653.5138	-822.5284	169.0147	0.09275749	4.601215	0.8345797	0.7369995
18870	-655.35	-826.2155	170.8655	0.1201005	2.020067	0.6972583	0.7369995
18876	-650.547	-821.1303	170.5832	0.1016169	2.103325	0.7980638	0.9046244
18882	-644.3439	-813.749	169.4051	0.0706849	3.654514	0.9198406	0.8720315
18888	-648.203	-817.6692	169.4663	0.0706849	3.654514	0.8836237	0.8420658
18894	-660.9022	-830.7031	169.8009	0.1188285	3.169527	0.8176006	0.8420658
18900	-654.2155	-823.3197	169.1043	0.4092532	3.980069	0.5872809	0.9759652
18906	-660.2691	-829.8699	169.6008	0.4092532	3.607193	0.530912	0.7150633
18912	-652.1598	-822.922	170.7621	0.2623215	1.852217	0.4585255	1.116706
18918	-639.5371	-809.2767	169.7396	0.1058645	3.562196	0.7511809	0.6658099
18924	-661.6845	-831.096	169.4115	0.4723119	3.07499	0.9930257	0.7403616
18930	-656.5812	-825.976	169.3948	0.5206118	3.353042	0.8156275	0.6682281
18936	-664.2994	-830.9968	166.6974	1.506434	6.039722	0.8852695	0.9027664
18942	-659.5723	-828.278	168.7056	1.057328	3.157828	0.9379332	0.8944332
18948	-653.9469	-821.1996	167.2528	2.140103	4.037039	0.7545685	0.8890233
18954	-661.7947	-827.9888	166.1941	3.907657	2.702111	0.6045455	1.200236
18960	-671.8474	-839.8752	168.0278	1.793421	2.820548	0.9025491	1.108523
18966	-668.3697	-836.3866	168.0168	1.793421	2.78575	0.9743388	1.075678
18972	-655.0217	-822.067	167.0453	1.773999	4.584929	0.9904975	0.9166951
18978	-654.9247	-823.3706	168.446	1.434315	2.984101	0.7159254	1.118664
18984	-649.8269	-818.5259	168.699	1.434315	2.489145	0.8261279	1.118664
18990	-645.8046	-813.0589	167.2544	2.233205	3.761043	0.7137514	1.00889
18996	-663.3503	-831.7909	168.4406	1.227726	3.137988	0.4302441	1.440726
19002	-659.7351	-828.1713	168.4363	0.9479568	3.275324	0.5640925	1.484412
19008	-655.5637	-822.269	166.7053	2.247518	3.244477	0.8098946	1.636264
19014	-647.7285	-815.2024	167.4739	2.247518	2.548918	0.5374209	1.636264
19020	-651.7133	-819.7318	168.0185	2.54165	2.113787	0.6071693	1.198958
19026	-669.5115	-837.769	168.2575	1.266296	3.342209	0.6071693	1.307412
19032	-658.8978	-828.0084	169.1106	0.764005	3.434268	0.6882834	0.8402103
19038	-648.7264	-817.5031	168.7767	0.6135012	4.205243	0.6882834	0.8541879
19044	-644.3009	-813.6212	169.3203	0.1324304	4.205243	0.7815629	0.597944
19050	-648.6371	-818.0539	169.4168	0.1324304	3.569468	1.077268	0.5769317
19056	-647.2858	-816.9573	169.6715	0.1324304	3.569468	0.8317612	0.5287643
19062	-647.9292	-817.7155	169.7863	0.1550534	2.887093	1.147329	0.5667629
19068	-653.8679	-824.5334	170.6654	0.1226329	2.170445	0.7467769	0.7713454
19074	-644.8503	-814.1591	169.3088	0.2123963	3.660994	1.058242	0.5022376
19080	-651.8671	-820.1016	168.2345	0.08115811	5.45612	1.170081	0.7540567
19086	-657.8498	-826.4464	168.5966	0.2266321	5.45612	0.7156477	0.6635285
19092	-644.915	-814.9694	170.0544	0.1592292	2.674808	1.035976	0.5294161
19098	-641.9554	-811.5576	169.6022	0.173703	3.487617	0.8312872	0.7314816
19104	-650.6406	-819.725	169.0844	0.1772896	4.235029	0.9677686	0.5499711
19110	-659.184	-827.4443	168.2603	0.3618792	4.696592	1.352932	0.5211464
19116	-654.283	-824.7233	170.4402	0.2924194	2.107991	0.962722	0.5028084
19122	-658.5496	-827.5592	169.0096	0.2109588	4.075259	1.104157	0.5368769
19128	-663.0616	-832.0256	168.964	0.191423	4.530124	0.9092186	0.5368769
19134	-658.2908	-827.3225	169.0317	0.1250915	4.530124	0.9092186	0.5257991
19140	-656.4276	-825.7111	169.2835	0.4621581	3.372635	0.9897531	0.630686
19146	-653.2138	-821.3247	168.111	0.2983166	5.569861	1.117873	0.4990378
19152	-645.0367	-815.0329	169.9962	0.2372016	2.57256	1.075226	0.6045552
19158	-649.2177	-818.4617	169.2441	0.1787587	3.789404	1.075226	0.4725708
19164	-660.1896	-829.3017	169.112	0.1787587	3.744045	1.236476	0.4867742
19170	-652.7672	-822.2687	169.5015	0.1358764	3.704961	0.8356512	0.7256522
19176	-653.937	-823.0174	169.0803	0.07674427	3.704961	1.351366	0.6622153
19182	-653.2572	-821.033	167.7758	0.07674427	5.622326	1.64897	0.4929093
19188	-648.3564	-817.6216	169.2653	0.1700878	3.72491	1.104032	0.4929093
19194	-650.9939	-819.2998	168.306	0.3915023	5.076734	1.077183	0.4928241
19200	-660.7754	-828.7813	168.0058	0.08818015	5.575425	1.430181	0.5108023
19206	-653.6129	-822.8258	169.2129	0.108236	3.797361	1.169378	0.5471789
19212	-647.7742	-816.4222	168.6479	0.1618428	4.678363	1.169378	0.4441391
19218	-654.8759	-823.9045	169.0286	0.2585319	3.395525	1.452093	0.5752675
19224	-658.3402	-825.9505	167.6103	0.6519323	4.623441	1.750913	0.5374339
19230	-655.5115	-824.2414	168.7299	0.1368408	4.348208	1.299903	0.5374339
19236	-656.8415	-826.7463	169.9048	0.1772059	3.15115	0.7932862	0.649665
19242	-656.0155	-825.5135	169.4981	0.4787866	3.243185	0.7796228	0.7492462
19248	-661.3384	-830.1352	168.7967	0.1132972	5.601156	0.5664884	0.6450656
19254	-665.3266	-834.667	169.3405	0.1266553	4.013911	0.8849214	0.580321
19260	-672.5512	-836.8623	164.3111	4.386847	4.283814	1.373911	0.8055633
19266	-671.6348	-840.1321	168.4973	0.9044614	3.842626	0.8793514	0.8696946
19272	-651.5789	-820.6065	169.0276	0.791623	3.080805	0.9602232	0.8645335
19278	-640.0822	-809.0609	168.9787	0.791623	3.221289	1.050404	0.664375
19284	-653.1021	-817.5208	164.4188	2.967958	6.183621	1.820514	0.6336112
19290	-656.4824	-825.46	168.9776	0.5886057	3.666462	0.8185568	0.8759648
19296	-655.57	-821.0875	165.5174	3.97161	3.347714	0.8012279	1.170722
19302	-652.6909	-819.3816	166.6907	2.317368	4.034148	0.8379395	1.183786
19308	-655.0392	-823.1774	168.1382	1.927507	2.295888	1.293509	0.8668923
19314	-643.3665	-809.6821	166.3156	1.79791	5.439452	1.370838	0.7681841
19320	-665.9073	-832.9845	167.0772	1.694701	4.37286	1.370838	0.5835909
19326	-672.8993	-841.9078	169.0085	0.274701	3.525746	1.370838	0.5784119
19332	-665.3273	-834.48	169.1527	0.4072384	3.525746	1.101473	0.5445837
19338	-657.3286	-825.1409	167.8122	1.303084	3.821572	1.205893	0.8368032
19344	-656.3014	-824.4438	168.1423	0.7724596	5.124804	0.7101704	0.7932971
19350	-650.1617	-818.0386	167.8769	0.7724596	5.201384	0.978493	0.732106
19356	-655.6008	-824.4995	168.8987	0.1121847	4.912986	0.8282026	0.6099882
19362	-652.5902	-822.7899	170.1997	0.1075495	2.516306	1.02677	0.6477581
19368	-650.9774	-820.7537	169.7763	0.184491	3.046722	0.9671869	0.6874812
19374	-661.7264	-830.961	169.2346	0.9942222	2.663944	0.7370705	0.986503
19380	-667.2391	-835.1954	167.9564	1.670895	3.397961	0.8368755	0.9766878
19386	-665.5598	-832.0031	166.4433	3.539825	2.722698	0.6981497	1.208713
19392	-654.196	-822.0086	167.8126	2.421972	2.471904	0.6005171	1.238207
19398	-654.1431	-822.9334	168.7903	1.128441	3.410972	0.5290418	0.9846607
19404	-656.6107	-825.1462	168.5355	1.210725	3.011976	0.7152522	1.219379
19410	-657.8026	-826.7581	168.9555	0.8165604	3.730584	0.6941182	0.7107653
19416	-662.6302	-832.1886	169.5584	0.737406	2.472399	0.8696131	0.9294015
19422	-664.0111	-833.0205	169.0094	0.1886149	4.816393	0.7113551	0.5336061
19428	-660.3575	-829.9393	169.5818	0.09873453	3.740349	0.7648	0.7347514
19434	-667.1186	-835.9601	168.8415	0.6348249	4.12164	0.7821157	0.6585469
19440	-665.8893	-834.9888	169.0995	0.6783141	3.493474	0.8744499	0.6412873
19446	-648.7586	-818.087	169.3284	0.2814723	3.311753	1.193825	0.5230891
19452	-656.018	-824.1585	168.1405	0.7083176	4.228312	1.348022	0.6574973
19458	-664.5601	-830.6894	166.1293	3.035221	3.620381	1.348022	0.7468654
19464	-650.2053	-816.8773	166.6721	0.942794	7.129447	1.172715	0.6514251
19470	-653.4712	-822.9257	169.4545	0.5950664	2.533426	1.204329	0.7635214
19476	-654.5044	-820.9283	166.4238	3.26099	3.028562	1.26361	0.6727683
19482	-649.8079	-818.6385	168.8306	1.85753	1.947325	0.8371019	0.998539
19488	-646.2362	-815.2959	169.0598	1.794034	1.890336	0.7361942	0.982706
19494	-657.3351	-825.5534	168.2183	1.819645	2.895799	0.9147827	0.8104385
19500	-652.8489	-818.8118	165.9629	3.397704	3.779519	0.8593285	0.9786401
19506	-650.6834	-818.326	167.6426	2.404331	2.196523	0.9227307	1.306964
19512	-648.3816	-818.0313	169.6497	0.6687162	2.421028	0.4726044	1.306964
19518	-655.938	-825.4442	169.5062	0.6687162	2.856516	0.5470379	1.08643
19524	-658.6711	-829.2479	170.5768	0.6687162	1.783802	0.4839898	0.934317
19530	-648.7663	-819.5143	170.748	0.4237247	1.821728	0.5243932	0.934317
19536	-654.2653	-823.1327	168.8674	0.9496656	2.671616	0.8142414	1.281984
19542	-659.4411	-827.6238	168.1827	1.271861	3.748292	0.5594651	1.188287
19548	-664.6397	-833.2815	168.6417	1.686237	2.211223	0.6382356	1.300085
19554	-647.3454	-816.9106	169.5651	0.5201397	2.74152	0.7887572	1.021021
19560	-648.1251	-817.883	169.7579	0.3742186	3.231726	0.5484551	0.8599792
19566	-650.3369	-821.2027	170.8658	0.1688405	2.021124	0.5556596	0.8599792
19572	-636.3547	-806.0512	169.6965	0.101581	3.354897	0.9091073	0.7094943
19578	-638.809	-809.4894	170.6804	0.2814964	2.060943	0.630387	0.8161206
19584	-653.0855	-822.5547	169.4692	0.3449286	3.353096	0.9198405	0.6621676
19590	-648.1869	-818.4432	170.2563	0.2839892	2.530927	0.7741757	0.6654079
19596	-654.3725	-824.656	170.2835	0.2547564	2.682238	0.573031	0.8059861
19602	-646.2042	-815.5456	169.3413	0.6600921	3.20804	0.7539725	0.7847721
19608	-652.4099	-820.5166	168.1067	1.504607	3.121092	1.023013	0.9920924
19614	-654.7826	-822.7339	167.9513	1.571422	3.4512	0.7148554	1.157587
19620	-653.2939	-821.3217	168.0279	1.571422	3.373186	0.8283972	1.029239
19626	-649.0801	-819.4803	170.4002	0.2052384	2.344868	0.8283972	0.7111094
19632	-654.5509	-824.7243	170.1734	0.3674348	2.484068	0.8283972	0.6231401
19638	-647.7742	-817.1737	169.3995	0.3626307	3.206511	1.105626	0.5635184
19644	-658.1896	-825.1546	166.965	1.976215	4.760999	0.9395176	0.6946043
19650	-655.4239	-823.7727	168.3488	0.6478598	4.905447	0.8312301	0.6472271
19656	-652.845	-820.0586	167.2135	1.422025	5.360009	0.8732312	0.7891693
19662	-656.5253	-823.2228	166.6975	2.06415	4.935476	0.9687984	0.7836789
19668	-656.4146	-825.0679	168.6533	0.1758339	5.233382	0.8635234	0.5308264
19674	-659.8584	-830.1788	170.3204	0.09260232	2.352463	0.8635234	0.9101293
19680	-650.953	-821.2993	170.3463	0.2155361	2.720419	0.6068789	0.6730781
19686	-644.7752	-814.8464	170.0712	0.3412705	2.720419	0.7042214	0.7594434
19692	-656.0906	-824.4413	168.3507	1.15336	3.091267	1.053327	1.086013
19698	-660.8634	-829.886	169.0226	1.426473	1.976169	0.6042707	1.386238
19704	-656.9913	-824.2863	167.2949	2.84656	2.496031	0.684098	1.230618
19710	-663.4541	-832.5585	169.1044	0.7172011	2.827305	0.6686753	1.304101
19716	-656.0295	-825.4089	169.3794	1.104247	2.451511	0.4043699	1.206755
19722	-649.3496	-818.2693	168.9196	1.287435	2.561831	0.559138	1.238355
19728	-652.4786	-818.4914	166.0128	2.556283	5.116688	0.8913511	0.986819
19734	-641.2247	-808.1098	166.8851	1.642886	5.116688	0.9492561	0.9696048
19740	-659.2846	-823.6928	164.4082	4.915285	3.323692	0.6144514	1.467959
19746	-656.4361	-823.9151	167.479	1.83917	3.440527	1.042646	1.051285
19752	-645.9527	-814.2286	168.2759	1.83917	2.790406	0.6782283	1.064309
19758	-660.4393	-826.4122	165.9729	3.743991	2.790406	0.6782283	1.400753
19764	-678.9589	-844.7802	165.8213	2.608276	5.215079	0.9995581	0.9672867
19770	-657.5306	-827.2327	169.7021	0.2223649	3.580297	0.5256352	0.8630892
19776	-657.964	-828.649	170.685	0.1234817	2.292146	0.488725	0.9397001
19782	-659.2437	-830.6502	171.4065	0.1150937	1.494343	0.488725	0.9158833
19788	-665.0535	-835.9267	170.8732	0.2366699	1.936816	0.4303405	0.9925707
19794	-652.2074	-822.3359	170.1285	0.4127903	2.563099	0.5861827	0.8947424
19800	-651.4811	-822.1433	170.6621	0.1048271	2.191152	0.8002036	0.69366
19806	-651.9157	-821.4471	169.5314	0.2097588	3.629373	0.8002036	0.6900221
19812	-646.0103	-815.7963	169.7859	0.2998916	3.110072	0.7389428	0.7810526
19818	-648.5616	-818.9428	170.3812	0.1431264	2.931174	0.5148074	0.6239133
19824	-642.3321	-812.0031	169.671	0.1431264	3.397024	0.8338442	0.7590043
19830	-642.1405	-812.0407	169.9002	0.1410389	3.318691	0.7429349	0.5947925
19836	-653.2256	-822.9503	169.7247	0.2457257	3.650966	0.592575	0.6141321
19842	-660.2288	-829.5591	169.3304	0.5186298	3.055793	1.041996	0.7389733
19848	-651.5589	-821.9159	170.357	0.09711243	2.276197	1.017321	0.7384803
19854	-640.7115	-811.1679	170.4564	0.1333211	2.545645	0.6716239	0.7384803
19860	-642.6582	-812.672	170.0138	0.08276156	3.026088	0.6716239	0.920529
19866	-649.5026	-820.0884	170.5857	0.06996324	1.825348	0.6852938	1.259698
19872	-644.5762	-815.4655	170.8893	0.06996324	1.69264	0.4685661	1.285404
19878	-654.4691	-824.6587	170.1896	0.07231446	2.289851	0.5632459	1.36236
19884	-646.0938	-816.1466	170.0527	0.07231446	2.534832	0.7912166	1.126042
19890	-641.9737	-812.6291	170.6555	0.07231446	1.993049	0.7458586	1.011168
19896	-650.3481	-820.4477	170.0996	0.06359581	2.532985	0.5635711	1.289102
19902	-640.114	-809.77	169.656	0.07147323	3.246976	0.8341983	0.9792109
19908	-652.1441	-821.5388	169.3947	0.1352122	4.175324	0.7186622	0.6072354
19914	-644.9097	-813.1861	168.2764	0.1519561	5.357195	1.203375	0.5147826
19920	-646.8518	-815.323	168.4711	0.4493413	4.366205	1.231976	0.5599957
19926	-639.8778	-809.7611	169.8833	0.142655	3.019726	0.9545447	0.614507
19932	-645.8555	-816.3065	170.451	0.3926482	2.051161	0.7864034	0.7763849
19938	-660.9926	-830.7113	169.7187	0.9554334	1.860455	0.9977602	0.9238935
19944	-653.2678	-823.582	170.3142	0.6984711	1.511105	0.9977602	0.8982769
19950	-650.1684	-816.8125	166.6441	3.075748	2.746893	1.052293	1.113244
19956	-654.9441	-821.6671	166.723	2.501214	3.954621	0.5239396	1.305261
19962	-648.4357	-817.2	168.7643	1.248314	2.652148	0.8272497	1.115277
19968	-672.438	-840.1139	167.6759	1.357878	3.536405	0.8983249	1.365467
19974	-664.5705	-833.4229	168.8524	1.382035	2.766807	0.7265764	0.9116295
19980	-662.0337	-831.8921	169.8584	0.3186685	3.072004	0.5673727	0.9116295
19986	-659.9762	-829.7529	169.7767	0.09196611	3.427095	0.7255909	0.8062422
19992	-660.156	-829.0885	168.9325	0.09397758	4.275017	1.179887	0.5501041
19998	-651.6993	-820.1703	168.471	0.09397758	5.093181	1.196614	0.5501041
20004	-652.2178	-819.7867	167.5689	1.078746	5.10238	1.089377	0.6188495
20010	-659.64	-828.7852	169.1452	0.8001169	3.000301	1.026193	0.6662195
20016	-662.4535	-831.5514	169.0979	0.8001169	2.523635	1.357767	0.771515
20022	-666.6016	-834.564	167.9624	0.5643825	5.412196	0.9542458	0.7915373
20028	-663.5788	-831.598	168.0191	1.438905	3.437905	1.140144	0.7915373
20034	-660.3222	-828.7181	168.396	1.711612	2.036184	1.140144	1.185406
20040	-653.9547	-821.0447	167.0899	1.150672	5.480458	1.245611	0.7350344
20046	-652.8698	-820.2041	167.3344	1.391628	4.714244	1.155681	0.7350344
20052	-660.7964	-828.8469	168.0505	2.476499	2.173647	0.6960209	1.106231
20058	-649.3523	-816.6386	167.2863	3.423869	1.801071	0.7324375	1.191897
20064	-654.841	-824.032	169.1911	0.7943351	2.742041	0.9890793	0.9167589
20070	-645.323	-813.0797	167.7567	2.174112	2.905813	0.6729274	1.161227
20076	-645.5098	-813.6819	168.1721	1.678897	3.189377	0.8338439	0.8883593
20082	-648.3113	-817.8524	169.5411	0.5457249	2.614498	0.6948094	1.19148
20088	-651.9914	-821.309	169.3177	1.314072	2.037856	0.9974733	0.792889
20094	-651.0313	-818.0565	167.0252	2.249652	3.379459	1.174384	1.004003
20100	-658.4299	-826.1849	167.755	2.249652	2.666005	0.9236211	1.02247
20106	-639.1701	-809.4954	170.3252	0.1325564	2.823816	0.6442289	0.6556141
20112	-636.3151	-806.1268	169.8117	0.1071958	3.093745	1.026421	0.5602467
20118	-641.2264	-810.8598	169.6334	0.2244267	3.115896	1.07669	0.4667077
20124	-649.7067	-819.3839	169.6772	0.2244267	3.037223	1.085336	0.5472324
20130	-648.6958	-816.9504	168.2546	0.2108337	5.386965	1.151427	0.4847315
20136	-657.7406	-825.8831	168.1426	0.09363607	6.043129	1.064618	0.4739358
20142	-643.824	-812.5827	168.7587	0.07527343	4.506277	1.182189	0.7014041
20148	-655.3995	-825.229	169.8296	0.09285793	3.313847	0.773564	0.7687934
20154	-664.1091	-833.5073	169.3982	0.4515239	3.280716	0.9245094	0.6774762
20160	-655.952	-825.6503	169.6983	0.1576688	2.958551	1.187653	0.5369972
20166	-669.6331	-838.406	168.7729	0.6925238	2.728495	1.744733	0.4727281
20172	-662.3869	-831.3666	168.9797	0.1257738	4.158397	1.17071	0.535663
20178	-663.8746	-832.0281	168.1535	0.07980849	4.263938	1.972724	0.5793857
20184	-647.0146	-816.7641	169.7495	0.1980794	3.410669	0.7334115	0.6913726
20190	-649.9613	-819.9547	169.9934	0.1723468	3.396943	0.4860012	0.7534581
20196	-656.2742	-826.8307	170.5565	0.4887486	1.944763	0.690707	0.7534581
20202	-651.6014	-822.0443	170.4429	0.167441	2.745787	0.5252661	0.6997299
20208	-651.2726	-821.1225	169.8499	0.3449425	3.322209	0.6017976	0.5246816
20214	-647.8835	-817.4574	169.5739	0.2958137	3.48293	0.8131302	0.5737952
20220	-653.5231	-822.7996	169.2765	0.4099373	2.92054	1.384384	0.4674343
20226	-661.5909	-830.1913	168.6004	0.2024801	4.052398	1.530188	0.4400281
20232	-650.0542	-818.8307	168.7765	0.3429716	4.454033	0.9801619	0.574078
20238	-648.0738	-817.8789	169.8051	0.1371743	3.093265	0.9485363	0.6965422
20244	-642.5587	-812.361	169.8024	0.5685876	2.524904	0.8114744	0.8647261
20250	-645.0987	-812.2393	167.1406	1.259273	5.38244	1.061495	0.8362906
20256	-656.2244	-823.0064	166.7821	2.214299	4.106111	1.171375	0.8150214
20262	-662.7797	-831.1785	168.3988	1.435262	2.953414	0.8713415	1.036889
20268	-657.6395	-827.4223	169.7828	0.3334411	3.160249	0.7450921	0.665852
20274	-653.5342	-823.5507	170.0164	0.09464227	3.160249	0.6439852	0.8278783
20280	-657.1758	-827.8208	170.645	0.09464227	2.182317	0.6050595	0.9826015
20286	-651.8136	-821.8503	170.0367	0.3904472	2.483311	0.9010636	0.7073071
20292	-658.9686	-828.3218	169.3532	0.5153771	3.136273	0.9010636	0.8300367
20298	-654.571	-824.0192	169.4483	0.1342555	4.138094	0.6896474	0.6016523
20304	-653.2058	-822.842	169.6363	0.1342555	3.461712	0.9259516	0.5739962
20310	-661.5253	-832.0395	170.5142	0.1250419	2.294174	0.8400067	0.7022646
20316	-654.2847	-823.8857	169.601	0.7350706	2.952	0.5137323	0.8872457
20322	-650.6835	-820.8534	170.17	0.1837295	2.984512	0.6309572	0.6619591
20328	-660.8415	-830.9295	170.088	0.1785991	2.970846	0.7270579	0.6630818
20334	-670.2858	-838.6977	168.4118	0.7163936	4.270391	0.9733828	0.7755886
20340	-652.0196	-821.0773	169.0577	0.7011101	3.34698	0.9307611	0.7459937
20346	-664.1751	-832.192	168.0169	0.7011101	4.910804	1.092983	0.6760002
20352	-660.799	-830.1467	169.3477	0.7145594	2.664415	1.092983	0.7636371
20358	-656.281	-826.0299	169.749	0.1873534	3.584641	0.5781839	0.7769353
20364	-643.7508	-813.4195	169.6688	0.2853167	3.522681	0.5781839	0.8064599
20370	-663.8022	-832.8423	169.0402	0.383125	4.429031	0.6717066	0.6294935
20376	-655.753	-826.3305	170.5775	0.383125	2.153022	0.6225365	0.7195974
20382	-661.2269	-831.1008	169.8739	0.7591487	2.49463	0.5444841	0.8971433
20388	-660.5028	-826.0555	165.5527	3.073167	4.959929	0.8966922	1.006159
20394	-658.7182	-824.6263	165.9081	3.478458	3.498508	0.974534	1.014602
20400	-657.8244	-826.9649	169.1405	0.5551049	3.498508	0.9474191	0.6543312
20406	-649.7036	-820.2124	170.5088	0.1271816	2.439363	0.7103885	0.7330277
20412	-658.2677	-827.3717	169.1041	0.7942446	3.119472	0.8670984	0.8495447
20418	-659.5639	-827.7998	168.2359	1.184248	4.077794	0.7368189	0.8494198
20424	-649.6179	-818.956	169.3381	0.3366589	4.014895	0.676577	0.5808031
20430	-645.7643	-814.9229	169.1585	0.1983134	4.161574	0.8676185	0.6795241
20436	-655.7553	-824.8862	169.1309	0.2390356	4.126154	0.9041594	0.6159556
20442	-655.365	-825.0572	169.6923	0.1718688	3.349017	0.8766218	0.6535862
20448	-656.4624	-825.9245	169.4621	0.214339	3.667091	0.8766218	0.6136479
20454	-665.9847	-835.4763	169.4916	0.09995647	3.933488	0.7974983	0.6145538
20460	-650.6569	-821.2509	170.5941	0.220847	2.458543	0.4775554	0.7899653
20466	-662.9301	-833.5977	170.6675	0.5394119	1.745738	0.5419758	0.9497055
20472	-653.6693	-824.0566	170.3873	0.06584247	2.194994	0.6369648	1.20802
20478	-655.1999	-824.7312	169.5313	0.0737772	3.486206	0.7782686	1.000386
20484	-655.2694	-826.0266	170.7572	0.1561981	2.33287	0.5052687	0.7502346
20490	-652.9462	-823.3064	170.3602	0.1561981	2.217318	1.085117	0.5477448
20496	-643.7353	-813.0208	169.2855	0.2195977	3.634127	1.082136	0.5702541
20502	-645.4687	-813.8575	168.3889	1.472344	2.7544	1.26252	0.7093998
20508	-644.3203	-813.5436	169.2233	0.1148252	4.317555	0.7924809	0.6868729
20514	-644.8129	-813.7598	168.947	0.389134	4.032249	1.012307	0.5484224
20520	-643.3282	-812.9932	169.665	0.2031246	2.717606	1.335559	0.5948668
20526	-651.733	-820.4567	168.7237	0.07393629	4.623889	1.170952	0.6693814
20532	-653.8149	-823.9953	170.1804	0.07229114	2.420282	0.9254517	0.9588234
20538	-649.286	-818.9391	169.6531	0.07229114	3.144307	0.9254517	0.9588234
20544	-653.232	-823.2859	170.0538	0.08709886	2.906766	0.7749622	0.8470867
20550	-658.1282	-827.8056	169.6775	0.0626927	2.943592	1.102662	0.9019331
20556	-655.2881	-824.1219	168.8338	0.05479268	3.849603	1.100074	1.156131
20562	-652.9041	-822.6291	169.725	0.05479268	2.557497	1.02683	1.20695
20568	-646.1678	-815.7925	169.6247	0.05479268	2.746317	0.8947414	1.28364
20574	-663.3018	-832.2497	168.9479	0.05479268	3.326583	1.061444	1.369005
20580	-670.787	-839.687	168.9	1.978373	1.751623	0.6796142	1.129008
20586	-650.8257	-821.3992	170.5735	0.09747104	2.426356	0.459233	1.002919
20592	-650.9496	-820.7821	169.8325	0.3207693	3.152965	0.6631607	0.750775
20598	-654.3769	-824.635	170.2581	0.09455678	2.721501	0.6214436	0.9335348
20604	-651.3784	-821.542	170.1637	0.1667554	2.721501	0.8596548	0.624715
20610	-649.6969	-819.1102	169.4133	0.1091733	3.85925	0.9076212	0.624715
20616	-652.9289	-823.8379	170.909	0.1963981	1.918497	0.6152744	0.8062455
20622	-654.8205	-825.0076	170.187	0.2121127	2.751908	0.6617617	0.8048077
20628	-649.7625	-819.0375	169.2749	0.592918	3.256585	0.8808614	0.7474113
20634	-641.3521	-810.8623	169.5102	0.08210667	3.240739	1.174409	0.736126
20640	-647.5014	-817.3505	169.8491	0.08699014	3.240739	0.8150062	0.7596962
20646	-651.1222	-822.1121	170.9898	0.08309371	1.712149	0.8957695	0.7079748
20652	-649.323	-818.9157	169.5927	0.08309371	3.204291	1.125032	0.7208705
20658	-649.5861	-818.7969	169.2107	0.07091809	3.991452	0.9008781	0.8798667
20664	-642.0477	-812.2382	170.1905	0.1007415	2.894033	0.652043	0.82427
20670	-643.8705	-813.6962	169.8257	0.1007415	2.894033	1.1522	0.5860244
20676	-654.6975	-824.4961	169.7986	0.07917054	3.182625	0.9145801	0.7566545
20682	-662.8915	-831.3822	168.4907	0.05349192	4.899093	0.9860371	1.030091
20688	-652.9611	-822.0585	169.0974	0.05349192	3.896281	0.8030684	1.161739
20694	-656.0259	-826.4544	170.4285	0.05829292	1.599725	0.562924	1.637956
20700	-656.9768	-827.661	170.6842	0.06463737	1.599725	0.9570675	1.119639
20706	-665.7888	-836.1938	170.405	0.07845199	2.347911	0.8813904	0.8086796
20712	-653.3438	-823.8488	170.505	0.2213617	2.347911	0.6461615	0.7984717
20718	-646.3099	-816.9364	170.6265	0.1631244	2.347911	0.5844385	0.7964259
20724	-648.6149	-819.272	170.6571	0.06829482	2.033527	0.6196757	1.100838
20730	-649.7428	-818.9221	169.1793	0.07178665	4.032305	0.8168485	0.9777351
20736	-640.2185	-810.3848	170.1663	0.05985482	2.379767	0.8071229	1.128614
20742	-639.3757	-808.6729	169.2972	0.05733949	3.555603	0.720601	1.239345
20748	-648.6637	-818.6448	169.9811	0.05733949	2.206629	0.7527959	1.440797
20754	-651.2386	-821.2086	169.97	0.05733949	2.623952	0.8755541	1.076665
20760	-652.9873	-822.7832	169.7959	0.05733949	2.623952	0.9046852	1.205759
20766	-660.7939	-830.8798	170.0859	0.05733949	1.920981	1.249799	1.143907
20772	-645.0886	-813.8766	168.788	0.05733949	4.193873	0.9523675	1.143907
20778	-660.6078	-829.7621	169.1543	0.1239351	4.305013	0.8487878	0.7057946
20784	-656.7243	-824.962	168.2377	0.85962	4.609342	0.7672925	0.8372145
20790	-645.5354	-815.3379	169.8025	0.7727978	2.624749	0.4790858	0.9243752
20796	-651.4848	-820.8434	169.3586	0.2806703	3.917404	0.7768361	0.5538627
20802	-657.3324	-827.2906	169.9582	0.284142	3.057831	0.6885998	0.6672348
20808	-652.8265	-823.2258	170.3993	0.1637093	2.546316	0.6559664	0.798403
20814	-657.4611	-825.9115	168.4504	1.779109	2.595555	0.7108995	1.061453
20820	-657.4565	-826.0282	168.5717	1.074249	3.265787	1.090734	0.7561692
20826	-648.8434	-818.2855	169.4421	0.4864086	3.422828	0.693491	0.7720876
20832	-655.874	-826.8134	170.9394	0.09105649	1.889278	0.6962926	0.8308756
20838	-645.1644	-815.7327	170.5683	0.1672388	2.508949	0.4640535	0.8587825
20844	-641.5973	-811.9821	170.3847	0.1284292	2.538976	0.663534	0.8587825
20850	-647.2137	-817.1719	169.9583	0.1417281	3.28325	0.6801815	0.6623834
20856	-654.8063	-823.8353	169.0291	0.8175655	2.893175	0.9707332	0.9677946
20862	-659.7534	-825.4377	165.6843	3.358255	3.625128	1.284275	0.9677946
20868	-662.1194	-829.4453	167.3259	3.016516	1.857969	0.9662019	1.262907
20874	-658.0079	-827.3498	169.3419	1.323404	1.92599	1.060179	0.7912529
20880	-659.994	-828.6757	168.6817	1.384116	3.000423	0.6054498	1.037998
20886	-657.7595	-825.5716	167.812	1.875295	3.184095	0.5095016	1.339477
20892	-646.826	-815.2422	168.4162	1.4919	3.068139	0.5816754	1.161353
20898	-660.2834	-826.5554	166.2719	3.19225	3.485519	0.5942968	1.290292
20904	-644.7636	-812.0715	167.308	2.184638	3.049273	1.036767	1.13785
20910	-661.8546	-831.0453	169.1907	1.426521	1.766638	0.9175407	1.13785
20916	-669.4453	-834.2347	164.7894	5.067213	2.630212	0.7341082	1.339714
20922	-655.5209	-822.1209	166.6	2.081546	4.602125	0.7016391	1.299892
20928	-650.6954	-818.9569	168.2616	1.495635	2.730311	0.8134662	1.296087
20934	-643.5067	-809.1223	165.6156	3.134307	4.205267	0.7740739	1.366299
20940	-659.2922	-826.1741	166.882	2.277011	3.386817	0.6757776	1.514272
20946	-656.5412	-823.5852	167.044	1.794601	4.623893	0.8194531	1.049518
20952	-662.6897	-828.2118	165.5221	2.535258	4.623893	1.823361	0.8065523
20958	-661.2365	-826.5789	165.3424	3.875576	3.474286	1.093078	1.077554
20964	-655.9813	-822.058	166.0767	3.660551	3.123269	0.7357156	1.142687
20970	-664.8873	-831.9935	167.1062	3.120357	2.543197	0.7357156	1.07812
20976	-669.7936	-837.7269	167.9333	1.83123	2.725331	0.6420106	1.428685
20982	-664.8652	-832.5755	167.7103	1.799333	3.17063	0.791652	1.262081
20988	-643.6804	-812.7034	169.023	0.784382	3.17063	0.4938706	1.262081
20994	-665.6695	-835.9599	170.2904	0.240614	2.761731	0.4496109	0.8937524
21000	-664.9293	-832.5566	167.6274	1.511472	4.381376	0.8050094	0.8937524
21006	-660.0351	-825.919	165.8839	3.384768	4.137178	0.738091	0.9771094
21012	-653.8932	-823.7765	169.8833	0.7432637	2.207457	0.4675094	1.195932
21018	-665.6705	-833.3679	167.6974	1.024391	4.517055	1.308191	0.6644803
21024	-655.1456	-823.8773	168.7317	1.938027	2.056224	0.8335053	0.9254576
21030	-654.4614	-822.598	168.1366	1.601198	3.473197	0.5681702	1.082904
21036	-650.7289	-819.6698	168.941	0.9733718	3.356248	0.6031123	0.9497305
21042	-654.8747	-822.8807	168.0059	1.458072	3.356248	1.024167	0.980125
21048	-654.0408	-822.4729	168.4321	0.8422469	4.012508	1.03976	0.6760621
21054	-650.0661	-819.3867	169.3206	0.2455886	4.012508	0.7281134	0.7114481
21060	-643.2553	-813.5018	170.2465	0.1252943	2.671408	0.6987427	0.8666454
21066	-648.2539	-816.787	168.5331	0.1309647	5.674866	0.8088694	0.5418972
21072	-650.1114	-818.574	168.4626	0.1347561	5.674866	0.878672	0.4913741
21078	-651.0443	-821.0245	169.9802	0.1637593	2.800963	1.012103	0.5380863
21084	-667.0256	-836.8541	169.8285	0.6619611	2.536995	0.6415225	0.911922
21090	-655.4489	-826.3417	170.8928	0.3554817	1.727233	0.5543145	0.9095416
21096	-660.6995	-827.5547	166.8552	1.589825	5.027557	1.259472	0.7518189
21102	-657.2862	-826.065	168.7788	0.32476	4.33957	1.043824	0.624945
21108	-654.4544	-823.5027	169.0483	0.1457116	4.33957	0.9268452	0.6816664
21114	-646.8862	-816.483	169.5968	0.2941577	3.110678	1.0441	0.5535768
21120	-647.7915	-816.2081	168.4166	0.1377275	4.826334	1.350022	0.4702172
21126	-653.6069	-822.9162	169.3093	0.1953287	3.699422	1.045155	0.5548632
21132	-641.7646	-812.2054	170.4407	0.1805367	2.346936	0.8497246	0.6355168
21138	-646.0926	-816.1938	170.1012	0.1284572	3.209853	0.6046818	0.6520753
21144	-649.259	-818.9093	169.6503	0.2348825	3.256274	0.9179588	0.6520753
21150	-660.4257	-830.6148	170.1891	0.06743012	2.271053	0.7494582	1.227227
21156	-652.56	-823.0712	170.5111	0.06743012	2.271053	0.7429251	0.9317637
21162	-649.9765	-820.1879	170.2114	0.07125143	2.404953	0.9238335	0.9415191
21168	-650.0718	-820.1895	170.1177	0.06736886	2.752581	0.7587882	0.9415191
21174	-648.8766	-817.7819	168.9053	0.0617501	4.702141	0.7587882	0.9383123
21180	-647.2745	-816.3346	169.0601	0.3434533	4.064826	0.9157524	0.5890289
21186	-651.5775	-820.1958	168.6183	0.5912869	4.00359	1.137413	0.614674
21192	-652.1819	-820.9549	168.773	0.2517241	4.359703	1.137413	0.4820544
21198	-655.2956	-823.8955	168.5999	0.09465416	4.85023	1.198528	0.5145413
21204	-660.9987	-829.7313	168.7327	0.129622	4.85023	1.01224	0.6038413
21210	-651.4593	-819.5385	168.0793	0.5355641	5.266212	1.025359	0.6502095
21216	-643.1702	-813.8193	170.6491	0.2041454	1.828817	1.056402	0.6168865
21222	-646.0911	-816.6361	170.545	0.1390696	2.328219	0.7715006	0.696302
21228	-646.6456	-816.7497	170.1041	0.09436263	2.919857	0.7294039	0.8205178
21234	-643.7474	-813.7354	169.988	0.09602677	2.794111	0.9406966	0.8120049
21240	-651.6259	-822.3596	170.7337	0.09602677	2.288703	0.4712668	0.9385773
21246	-649.1068	-819.8075	170.7007	0.1211559	2.15911	0.6924395	0.8118057
21252	-659.2218	-827.9182	168.6963	1.356452	2.542969	1.113306	0.8677515
21258	-656.656	-822.4733	165.8173	3.294716	3.935414	1.205536	0.7479981
21264	-652.644	-821.437	168.793	1.41705	2.4864	0.9648506	0.9071581
21270	-650.0871	-820.0199	169.9328	0.4391053	2.809206	0.6266471	0.8314184
21276	-647.1663	-817.0175	169.8512	0.9007692	2.29261	0.6372747	0.8336642
21282	-654.7045	-823.6392	168.9347	1.459815	2.29261	0.611138	1.212944
21288	-660.5471	-828.7295	168.1824	1.639077	3.229369	0.4986604	1.212944
21294	-659.5365	-828.5546	169.0181	1.248718	2.673515	0.6940226	0.9844145
21300	-666.5216	-835.5589	169.0373	0.6610466	3.753275	0.5847023	0.9293395
21306	-675.6183	-844.7325	169.1142	1.282351	2.309399	0.7140069	1.108953
21312	-660.6138	-828.1043	167.4905	2.69965	2.326048	0.7052288	1.282724
21318	-659.7023	-829.3887	169.6864	0.6128078	2.84863	0.598275	0.9163671
21324	-660.6031	-830.9621	170.3591	0.2469817	2.667117	0.5231842	0.7970542
21330	-670.8063	-838.9388	168.1325	1.667712	3.392703	0.7801693	0.8519699
21336	-676.8022	-843.0468	166.2446	1.410955	7.151113	0.8652131	0.9891633
21342	-659.9463	-829.7597	169.8135	0.2388363	3.185156	0.8164665	0.6091549
21348	-648.7541	-818.0982	169.3441	0.451773	3.185156	1.066839	0.6251431
21354	-642.1771	-812.6396	170.4625	0.1205215	2.433973	0.7842358	0.7056148
21360	-638.5791	-809.1374	170.5583	0.173885	2.474272	0.6035138	0.7063226
21366	-641.9939	-812.3204	170.3265	0.173885	2.720262	0.6501596	0.7063226
21372	-643.8926	-813.9606	170.068	0.2689369	2.720262	0.8423771	0.6516501
21378	-648.8812	-818.0143	169.1331	0.8376226	3.429292	0.7183498	0.6516501
21384	-655.8862	-823.7652	167.879	0.9828013	4.652754	1.099757	0.6514289
21390	-649.073	-817.9178	168.8449	0.3656926	4.222361	1.004083	0.624872
21396	-653.8913	-824.6256	170.7343	0.2733564	1.908925	0.680032	0.8579257
21402	-645.204	-814.8188	169.6148	0.4322451	3.344737	0.6289692	0.7681109
21408	-654.5543	-823.611	169.0567	1.130148	2.409372	1.015033	0.9427463
21414	-657.5662	-827.4284	169.8622	0.1512357	3.400296	0.5452715	0.8718978
21420	-648.6711	-817.5824	168.9113	1.090074	2.859813	0.9321338	0.866144
21426	-648.4668	-817.2331	168.7662	1.302285	2.859813	0.8493445	0.8844234
21432	-647.1971	-814.3101	167.113	1.897761	4.371371	0.9878984	0.8354865
21438	-646.4934	-814.1815	167.6881	1.481525	4.371371	0.9073207	0.7263177
21444	-655.387	-823.5391	168.152	0.7912854	4.371371	1.130747	0.7308991
21450	-666.4221	-832.8373	166.4152	3.162426	3.504302	0.9444916	0.8345989
21456	-651.4499	-819.517	168.067	0.9664046	4.626086	0.91241	0.7086678
21462	-652.4234	-820.9768	168.5534	0.9664046	3.782013	0.9085433	0.7206469
21468	-654.2303	-821.4638	167.2335	1.30838	5.52211	0.932897	0.7206469
21474	-642.7692	-809.587	166.8178	3.499176	2.27138	0.8442984	1.090329
21480	-639.8994	-808.1691	168.2697	1.413221	3.330879	0.7270663	1.072723
21486	-656.9612	-822.3992	165.438	4.164184	3.449898	0.7130505	1.088327
21492	-657.8157	-826.0495	168.2339	1.486522	2.697676	0.6846468	1.445455
21498	-653.9431	-822.7551	168.812	1.486522	2.697676	0.6458278	0.9830013
21504	-645.4202	-815.3129	169.8927	0.150984	3.266655	0.6943749	0.753314
21510	-645.9356	-816.0138	170.0782	0.1799804	2.694762	0.9343479	0.6633339
21516	-643.6596	-814.1944	170.5348	0.4523775	2.09293	0.6606012	0.6939712
21522	-641.7297	-812.0314	170.3017	0.1598806	2.737164	0.725399	0.6019857
21528	-652.2458	-822.0563	169.8104	0.448939	2.779157	0.8553862	0.6935754
21534	-653.0685	-822.7229	169.6544	0.7172692	2.785215	0.6985739	0.7581475
21540	-661.1811	-830.1707	168.9895	0.9518137	2.863549	0.6985739	1.155929
21546	-658.1891	-827.3103	169.1211	1.117739	2.847813	0.6985739	0.8717007
21552	-651.0415	-820.3238	169.2823	0.08942693	3.983724	0.901316	0.7706522
21558	-657.9463	-827.792	169.8458	0.4157304	2.591412	0.9309903	0.788077
21564	-651.8019	-821.6793	169.8774	0.1161239	3.195955	0.8380848	0.6766011
21570	-645.2584	-815.4616	170.2032	0.2427274	2.358182	1.013142	0.6425423
21576	-644.0704	-814.4664	170.3961	0.07736663	2.310711	0.9414543	0.7809542
21582	-651.0075	-819.3016	168.2941	1.43582	3.560905	0.6504837	0.9543859
21588	-662.079	-830.0785	167.9995	1.785931	2.76693	0.5568435	1.454594
21594	-663.882	-832.9648	169.0828	1.726488	1.944664	0.4285484	1.259505
21600	-668.2185	-834.8239	166.6053	2.889884	3.05327	0.5874537	1.496976
21606	-655.4234	-821.9744	166.5511	2.889884	3.499835	0.6484753	1.257244
21612	-657.9804	-823.9294	165.949	2.212795	5.705786	1.179063	0.7871907
21618	-663.9404	-832.6247	168.6843	1.653437	2.313512	0.7553217	1.121879
21624	-679.8137	-848.6495	168.8358	0.9054254	3.088193	0.9787092	0.9262592
21630	-665.8262	-833.4989	167.6727	1.599187	3.439123	1.307153	0.8158427
21636	-655.2702	-823.6129	168.3427	1.192512	3.618701	0.8751945	0.8811126
21642	-651.5913	-818.9071	167.3159	1.192512	5.127561	0.9926055	0.9387444
21648	-659.5451	-827.6912	168.1461	1.304574	3.829138	0.6901534	1.027131
21654	-653.5454	-821.0157	167.4703	1.771048	3.387464	1.096899	1.104589
21660	-646.1803	-814.6428	168.4624	1.277464	3.387464	0.7467711	0.9604835
21666	-651.2738	-818.8179	167.5441	2.71869	2.445201	0.8944203	0.9604835
21672	-653.8824	-818.5312	164.6488	4.365295	4.059561	0.8812319	1.126995
21678	-647.3937	-815.2119	167.8181	2.279451	2.293522	0.8247613	1.281842
21684	-649.5373	-818.4519	168.9146	0.8245619	3.189843	0.6544615	1.172589
21690	-662.8665	-830.0449	167.1784	1.751565	4.020575	0.7693728	1.31288
21696	-666.5329	-836.1965	169.6636	0.7261829	2.52487	0.8309288	0.817579
21702	-656.1298	-824.1943	168.0644	0.7546821	4.428282	1.123593	0.8644273
21708	-656.3529	-826.2749	169.922	0.137522	3.080673	0.8622774	0.6534444
21714	-652.8544	-822.2439	169.3895	0.2164346	3.654349	0.9775256	0.4916895
21720	-656.1515	-825.3615	169.2099	0.4197786	3.460372	1.073845	0.4578931
21726	-649.6443	-820.5241	170.8799	0.1409583	2.076728	0.6123751	0.7403438
21732	-651.2678	-821.5581	170.2903	0.1090299	2.536131	0.8303518	0.7944577
21738	-651.0514	-821.4652	170.4138	0.5032584	1.882278	0.7041585	0.9577047
21744	-635.0267	-804.623	169.5964	0.1533634	3.367675	1.013487	0.4535469
21750	-643.4461	-812.6072	169.1612	0.2417296	3.925987	1.013487	0.4984278
21756	-641.2372	-810.231	168.9938	0.1619425	4.344317	1.013487	0.5348802
21762	-654.1693	-823.8582	169.6889	0.2531561	3.524127	0.6975282	0.6243617
21768	-655.1366	-824.9626	169.826	0.1507832	3.222989	0.8479739	0.6536478
21774	-660.7257	-830.4502	169.7245	0.2744512	3.087776	0.8909438	0.7048013
21780	-645.6963	-815.9203	170.224	0.2254952	2.538012	0.8909438	0.5870522
21786	-650.373	-819.9483	169.5754	0.1724143	3.526738	0.8909438	0.6224238
21792	-649.2421	-819.0279	169.7858	0.2525859	2.823712	1.102855	0.5240051
21798	-652.4671	-821.8375	169.3704	0.5352927	3.356484	0.8216233	0.6710952
21804	-648.6874	-818.4217	169.7343	0.1354534	3.360179	0.873081	0.6325048
21810	-655.8228	-825.4011	169.5783	0.1448247	3.73336	0.7811992	0.6325048
21816	-656.38	-824.1168	167.7368	0.6683404	5.692596	1.050803	0.5805286
21822	-654.9836	-822.8161	167.8325	1.32165	4.406229	0.9311454	0.6775896
21828	-654.9874	-825.3755	170.3881	0.1146518	2.689317	0.736037	0.5306952
21834	-657.9357	-827.2774	169.3417	0.1146518	4.254177	0.7423402	0.6187098
21840	-661.7157	-830.8049	169.0892	0.1175609	4.254177	1.016232	0.4936421
21846	-655.294	-824.9555	169.6614	0.1274715	3.615307	0.7111236	0.7699121
21852	-656.2105	-825.4622	169.2517	0.2448156	3.998743	0.8620796	0.5889543
21858	-662.3805	-831.2324	168.8519	0.9722903	3.187347	1.035798	0.6281345
21864	-660.6844	-828.9762	168.2917	0.7645612	3.582244	1.517135	0.6859472
21870	-646.1561	-815.0476	168.8915	0.7005652	3.242739	1.123094	0.8074219
21876	-648.2876	-816.4872	168.1996	1.883477	2.350726	1.223111	0.8780697
21882	-645.8079	-812.6468	166.8389	1.883477	4.20548	1.370175	0.836823
21888	-662.1561	-828.6754	166.5193	1.931159	4.20548	1.610082	0.8753577
21894	-664.6682	-834.324	169.6558	0.3343225	3.115332	0.8806446	0.7050627
21900	-654.3379	-824.4174	170.0794	0.1466048	2.761578	0.8806446	0.7287362
21906	-661.2083	-831.2314	170.0231	0.2965545	2.818096	0.7638865	0.6988314
21912	-662.8035	-833.2856	170.4821	0.1190806	2.34794	0.8623735	0.6504265
21918	-650.5847	-819.8015	169.2168	0.1190806	4.0527	1.001255	0.5432097
21924	-655.2452	-824.6423	169.397	0.3073122	3.459079	1.001255	0.5364434
21930	-661.4136	-830.8302	169.4166	0.1188675	3.866553	0.9074825	0.5718488
21936	-665.9074	-835.5458	169.6384	0.5132818	3.195495	0.6754228	0.6856456
21942	-651.8525	-820.9463	169.0937	0.1269411	4.120394	1.078373	0.5301369
21948	-654.1062	-822.9065	168.8003	0.2099147	4.343521	1.157509	0.5478374
21954	-654.7484	-824.0897	169.3414	0.1793256	4.175936	0.7467931	0.4794402
21960	-646.0456	-815.8208	169.7752	0.1328856	3.536242	0.6680341	0.7312734
21966	-655.3666	-826.0462	170.6796	0.3728969	1.861718	0.6336278	0.9070289
21972	-647.4371	-816.7822	169.3451	0.07802572	3.988657	0.6441962	1.004586
21978	-656.7065	-827.3687	170.6622	0.2600797	2.267392	0.6053925	0.65038
21984	-657.8014	-827.4698	169.6684	0.1189222	3.000901	1.214115	0.5917672
21990	-665.7919	-835.038	169.2461	0.9683327	2.588882	0.7605888	1.033156
21996	-657.5362	-825.965	168.4288	1.339966	3.121866	0.6800179	1.164864
22002	-655.5062	-823.8635	168.3573	1.339966	3.121866	0.9944582	0.9317034
22008	-645.605	-814.062	168.457	1.288375	3.262363	0.9944582	0.754942
22014	-650.9699	-820.1037	169.1338	0.2603583	3.699417	1.119047	0.6596341
22020	-656.1829	-825.6594	169.4765	0.1674971	4.037233	0.6040847	0.7607396
22026	-663.6282	-833.43	169.8018	0.5585419	2.661772	0.8246692	0.7210232
22032	-651.1584	-820.4084	169.25	0.6849517	3.043391	0.9754202	0.7219
22038	-649.2102	-819.4013	170.1911	0.2346535	2.98604	0.5720811	0.6303292
22044	-651.4256	-817.4881	166.0624	3.341814	3.228363	0.8287137	1.286146
22050	-641.3807	-810.6873	169.3066	1.080461	2.333043	0.9194626	0.8937285
22056	-651.0894	-818.6796	167.5902	2.145723	3.051606	1.03857	0.8937285
22062	-653.2919	-819.5697	166.2778	2.590803	4.904628	0.8704949	0.794101
22068	-651.1738	-816.6127	165.4389	2.544477	5.108544	1.592076	0.8662356
22074	-664.0006	-832.6113	168.6107	2.020299	2.423709	0.6705051	0.8138477
22080	-657.3292	-823.9133	166.584	3.290459	2.989867	0.70589	1.129259
22086	-659.7152	-823.6386	163.9233	4.244431	5.776629	1.169099	0.7439832
22092	-660.5178	-829.551	169.0331	0.7639484	3.187057	1.053072	0.6512041
22098	-652.9919	-822.2853	169.2934	0.8924216	2.516565	1.011335	0.8546847
22104	-666.4096	-835.8887	169.479	0.2480198	3.449223	0.9860115	0.5276104
22110	-663.4788	-831.6549	168.1761	1.39041	3.670563	0.7652643	0.9323289
22116	-665.5508	-830.8488	165.298	4.186212	3.409111	0.7728227	1.164514
22122	-662.6758	-830.7833	168.1074	2.339316	2.345982	0.6425961	1.101878
22128	-658.2836	-827.1584	168.8748	1.354443	2.345982	0.8391742	1.120898
22134	-654.1054	-822.1198	168.0144	1.437181	3.657907	0.6546607	1.157079
22140	-635.4177	-806.1017	170.684	0.3099347	2.060576	0.6546607	0.7373403
22146	-650.7033	-821.9396	171.2363	0.2506374	1.430616	0.5157627	0.9872981
22152	-638.6564	-809.5207	170.8643	0.1542176	2.034615	0.6335748	0.7647628
22158	-641.6235	-811.1386	169.5151	0.3676029	3.621091	0.6776799	0.6636541
22164	-639.5196	-809.4122	169.8927	0.1493583	3.270783	0.7294863	0.6946605
22170	-641.5557	-810.8384	169.2828	0.3987845	3.270783	1.129815	0.6086372
22176	-635.2269	-804.6087	169.3818	0.4885437	3.442534	0.8017602	0.6689041
22182	-637.0393	-806.8548	169.8154	0.1612266	2.896666	1.111001	0.5356481
22188	-642.9646	-812.3441	169.3795	0.180062	3.486585	1.111001	0.606246
22194	-644.0904	-813.617	169.5266	0.180062	3.902178	0.7042951	0.606246
22200	-652.2822	-820.9084	168.6262	0.1858201	5.431083	0.7520209	0.6357639
22206	-645.5284	-813.9876	168.4592	0.5621061	4.711116	0.9371127	0.5730198
22212	-650.2236	-817.4362	167.2126	1.203639	4.711116	1.495936	0.6864235
22218	-652.8556	-821.2484	168.3928	0.8933399	4.711116	0.5792792	0.7621366
22224	-653.8294	-819.5772	165.7478	3.007574	4.711116	0.8967412	1.009151
22230	-657.1246	-822.772	165.6475	3.322688	4.711116	0.8967412	0.7599533
22236	-652.0443	-817.9797	165.9354	2.668186	5.035027	1.091057	0.7606526
22242	-656.2172	-824.2466	168.0294	1.839928	2.700922	0.9832733	1.070215
22248	-651.7398	-818.2553	166.5155	2.812058	3.594786	1.126056	0.8477788
22254	-654.5516	-821.1669	166.6153	2.625755	3.801062	0.887755	1.055277
22260	-655.5433	-822.9544	167.4111	2.625755	2.518294	1.067283	0.9572165
22266	-647.5032	-815.8313	168.3281	0.7473455	4.196813	1.12044	0.6943747
22272	-655.3978	-824.1976	168.7998	0.6470305	3.65578	0.9880901	0.8231877
22278	-652.3642	-821.5015	169.1373	0.1543074	4.811279	0.5364018	0.7373394
22284	-654.7278	-824.9149	170.187	0.08238387	2.371874	1.037044	0.8580758
22290	-661.5674	-831.0261	169.4586	0.05486002	3.171589	0.7381317	1.302205
22296	-649.8189	-819.4508	169.6319	0.05486002	2.769895	0.6994617	1.419239
22302	-651.742	-822.3963	170.6543	0.09185806	2.058942	0.5656863	1.111759
22308	-650.637	-820.235	169.598	0.5751423	2.930607	0.5656863	1.020102
22314	-653.7196	-823.9536	170.234	0.1689752	2.621836	0.7343353	0.8303557
22320	-646.8351	-817.4354	170.6003	0.07587943	2.173849	0.7904733	0.8562994
22326	-655.8527	-824.9046	169.0519	0.5023634	4.014998	0.7390719	0.710615
22332	-656.1742	-825.2442	169.07	0.3174306	4.014998	0.9058787	0.710615
22338	-660.9103	-830.5609	169.6506	0.1225533	3.683582	0.6127044	0.8620937
22344	-654.9723	-824.7775	169.8052	0.2474239	3.248711	0.6259455	0.8485949
22350	-655.3879	-825.4782	170.0903	0.2154916	3.010752	0.57851	0.7936277
22356	-659.4181	-827.486	168.0679	1.486362	3.571703	0.455928	1.284604
22362	-658.3441	-828.3941	170.0501	0.927309	1.531306	0.7780127	1.132019
22368	-655.9945	-824.3333	168.3388	1.683796	2.471965	0.8436771	1.211819
22374	-646.48	-813.0591	166.579	2.751081	3.83463	0.846367	0.9884433
22380	-651.6836	-819.6541	167.9705	1.355772	3.460969	0.8944767	1.166792
22386	-652.3545	-822.395	170.0405	0.9274842	1.653535	0.6356988	1.166792
22392	-646.9087	-813.0278	166.1191	2.806847	3.932763	1.055746	1.117369
22398	-647.0133	-812.7949	165.7815	3.8501	3.397642	0.7678565	1.040986
22404	-648.936	-817.5315	168.5954	1.104581	3.397642	0.7678565	0.9730526
22410	-646.9149	-813.4092	166.4943	2.164175	4.20322	1.469509	0.7926628
22416	-653.3887	-821.6024	168.2137	1.507909	2.883253	1.015251	1.054487
22422	-643.9126	-812.8587	168.9461	1.348984	2.063444	0.9627881	1.156622
22428	-640.9901	-809.7485	168.7584	0.5511938	3.749379	1.047995	0.8467276
22434	-639.7773	-809.8399	170.0626	0.1385522	2.661408	1.058495	0.4723011
22440	-640.3547	-809.7469	169.3922	0.7265122	3.039122	0.8011284	0.711059
22446	-643.6321	-814.0517	170.4197	0.08586159	2.19179	1.023525	0.7544763
22452	-642.4011	-812.8413	170.4402	0.2422869	2.462584	0.6318614	0.7544763
22458	-639.0591	-808.9471	169.8881	0.4433218	2.636481	0.7767937	0.8527865
22464	-650.7616	-820.0655	169.3039	0.1954559	4.01517	0.8632616	0.487459
22470	-644.6402	-812.9926	168.3524	0.1954559	5.701862	0.9141334	0.475287
22476	-652.0898	-819.9745	167.8848	0.5205172	5.601685	1.094627	0.580586
22482	-650.6917	-820.3598	169.6682	0.1227855	3.606546	0.8100734	0.5839213
22488	-634.4307	-804.1617	169.731	0.1902739	3.417905	0.8100734	0.5432067
22494	-640.1677	-809.6027	169.435	0.09965966	3.681673	0.9587643	0.7161325
22500	-642.456	-811.5941	169.1381	0.5503332	3.513165	0.9826178	0.5337489
22506	-659.1917	-825.7925	166.6008	2.266024	4.466805	1.158908	0.7223844
22512	-651.5766	-819.5583	167.9816	1.070223	4.663346	0.8653905	0.7223844
22518	-654.2124	-822.9117	168.6993	0.591068	4.478183	0.7768256	0.630113
22524	-652.6223	-822.4341	169.8118	0.1429725	3.078294	0.7851248	0.911883
22530	-637.904	-807.6071	169.7032	0.07226773	3.343986	0.7851248	0.911883
22536	-643.0939	-812.7743	169.6805	0.07226773	3.562769	0.7240035	0.8444229
22542	-640.1453	-810.4913	170.346	0.09627565	2.802989	0.5750984	0.8131403
22548	-642.3356	-811.8045	169.4689	0.07400623	3.300909	1.08966	0.8620633
22554	-646.4707	-816.4836	170.0128	1.066556	1.730389	0.7483264	0.8777908
22560	-655.4822	-823.5551	168.0729	2.394258	1.774289	0.5283629	1.562744
22566	-652.3575	-819.7989	167.4414	1.01624	5.994387	0.5057207	1.053303
22572	-651.4024	-820.3985	168.9961	0.9825754	3.295814	0.5739998	0.9547487
22578	-655.1467	-823.6538	168.5072	1.153399	3.618916	0.5739998	1.062592
22584	-649.8812	-814.6381	164.7568	5.16575	2.843765	0.8377362	1.059055
22590	-660.779	-825.7	164.921	4.503922	3.168218	0.7098446	1.396864
22596	-651.0889	-820.9624	169.8735	0.6725908	2.195234	0.9485464	0.7988804
22602	-638.5938	-808.4663	169.8726	0.7880089	2.271489	0.6230642	0.9712609
22608	-643.961	-808.8034	164.8424	3.996578	4.219056	0.6512435	1.386546
22614	-648.748	-816.595	167.847	2.157793	2.713501	0.5716987	1.301412
22620	-653.3916	-822.8745	169.4829	1.484861	1.843157	0.6277987	1.018231
22626	-655.9126	-821.3705	165.4579	3.462607	4.207248	0.7209873	1.270689
22632	-659.8647	-821.0821	161.2174	8.350404	2.929709	0.8901087	1.270689
22638	-654.1893	-822.5002	168.3108	1.117488	3.81222	0.7568987	0.9934805
22644	-651.4809	-820.477	168.9961	1.117488	2.791126	0.8361665	0.9044525
22650	-654.5574	-820.6239	166.0665	3.017035	3.483758	0.6690201	1.52858
22656	-649.3552	-818.7032	169.348	1.057455	2.124652	0.4445127	1.447257
22662	-658.6735	-826.3892	167.7157	1.421306	4.035941	0.3826154	1.446696
22668	-659.2547	-827.7901	168.5354	1.619823	2.83923	0.3865902	1.25469
22674	-667.4017	-835.3125	167.9108	1.683104	2.70653	0.3770764	1.756738
22680	-649.5267	-816.3916	166.8649	1.343834	6.139808	0.8781778	0.851655
22686	-644.2024	-813.1805	168.9782	1.284086	2.537793	0.9543802	0.8100567
22692	-653.0951	-824.4063	171.3112	0.2620235	1.240593	0.9028716	0.5478561
22698	-664.01	-834.5706	170.5606	0.1189523	2.332949	0.8217269	0.5814344
22704	-648.6036	-814.2193	165.6156	4.253579	2.832489	0.7994342	1.150281
22710	-650.0774	-817.9781	167.9006	2.356968	1.792324	1.038813	1.319832
22716	-648.3964	-814.7241	166.3277	1.882413	4.93968	1.54486	0.7449514
22722	-643.1626	-809.5514	166.3888	2.408504	4.660097	1.057574	0.8143906
22728	-659.867	-825.4869	165.6199	3.073125	4.385756	1.019194	1.122103
22734	-660.3547	-827.4615	167.1068	1.49626	4.385756	1.02006	1.200365
22740	-664.1505	-831.3614	167.2109	3.207835	2.508233	0.7367726	0.9101251
22746	-657.1431	-823.3277	166.1846	3.5286	3.14201	0.7269389	1.160317
22752	-658.9452	-828.4126	169.4674	0.5672003	3.14201	0.7143731	0.8507101
22758	-656.3327	-825.3147	168.982	1.498592	2.272695	0.9106847	0.8507101
22764	-659.2571	-825.0078	165.7507	3.112061	3.742092	1.408461	0.9494133
22770	-677.8736	-845.5134	167.6398	1.560329	3.566144	1.418031	0.6102322
22776	-665.2053	-831.616	166.4107	2.967335	3.314919	1.262339	0.8413558
22782	-654.5863	-824.0084	169.4221	0.4259984	3.314919	0.910293	0.663948
22788	-655.806	-825.7307	169.9248	0.09955595	2.732648	1.161352	0.6149838
22794	-665.4477	-835.3979	169.9502	0.1230568	3.266142	0.6792044	0.7317655
22800	-661.3261	-831.4559	170.1298	0.1946035	2.921078	0.6699081	0.7249196
22806	-649.698	-819.8094	170.1114	0.09233723	2.861197	0.7237172	0.8721645
22812	-643.8873	-814.3513	170.464	0.1159446	2.430883	0.7237172	0.8037052
22818	-644.1936	-813.1508	168.9572	0.1159652	3.913017	1.34999	0.4768738
22824	-654.629	-823.9213	169.2923	0.1815405	3.316434	1.326711	0.4768738
22830	-659.2629	-828.0511	168.7882	0.05839106	4.013827	1.260544	0.9484033
22836	-664.8571	-833.9783	169.1212	0.05826847	4.137239	0.854821	0.9484033
22842	-654.5527	-824.0524	169.4997	0.05826847	3.135977	0.7432095	1.281572
22848	-663.2193	-833.3354	170.1161	0.05640933	2.285555	0.7432095	1.292459
22854	-647.6106	-817.3059	169.6954	0.05651153	2.840456	0.7432095	1.292459
22860	-639.9086	-809.2847	169.3761	0.06024018	3.711329	0.6056744	1.183965
22866	-653.2244	-823.8974	170.6729	0.06067323	1.735955	0.5710131	1.353295
22872	-658.5855	-828.8075	170.2221	0.05735656	2.040054	0.713223	1.391456
22878	-636.5513	-805.9147	169.3633	0.05735656	3.226854	1.083632	1.049133
22884	-651.021	-819.5146	168.4936	0.05735656	4.700956	1.139214	0.9763562
22890	-651.7974	-821.1776	169.3803	0.05735656	3.158536	0.9590248	1.188416
22896	-646.5097	-815.616	169.1063	0.05522489	3.422934	0.7770011	1.417639
22902	-647.3556	-817.1549	169.7993	0.05328114	2.676568	0.6042777	1.417639
22908	-647.5715	-816.4371	168.8657	0.04752853	2.768798	1.052988	1.728091
22914	-656.1255	-824.4	168.2744	0.04466501	3.371094	0.9061593	1.950852
22920	-654.2747	-816.8827	162.6079	7.328863	2.420371	0.653029	1.464847
22926	-656.5988	-823.4598	166.861	2.159043	3.87855	1.140893	0.9770382
22932	-650.3856	-818.9368	168.5512	0.04434699	3.742797	0.9731839	1.543412
22938	-653.6867	-821.8283	168.1416	0.04434699	3.90602	1.558041	1.332214
22944	-653.0704	-820.5643	167.4939	0.04434699	5.270993	1.198087	1.528226
22950	-656.9933	-825.9345	168.9412	0.04434699	2.830285	0.7730701	1.841336
22956	-660.0791	-828.4623	168.3832	0.04694871	3.291456	1.040562	1.819685
22962	-647.449	-816.1827	168.7338	0.04984892	4.16022	1.044307	1.134441
22968	-648.7503	-817.3845	168.6342	0.04984892	4.16022	1.191748	1.090989
22974	-655.7226	-824.5011	168.7785	0.04984892	2.808378	1.5145	1.431088
22980	-653.4097	-822.4355	169.0257	0.04245675	2.807958	0.8194185	1.76321
22986	-655.959	-824.814	168.855	0.04678073	3.252937	0.7753417	1.693311
22992	-647.9696	-817.2606	169.2909	0.0475459	2.635431	0.7753417	1.693311
22998	-657.7838	-827.2398	169.4559	0.0475459	2.555269	0.6706964	1.693311
23004	-656.6766	-826.0724	169.3958	0.0475459	2.555269	1.052958	1.457127
23010	-651.4226	-820.689	169.2664	0.04537176	2.583024	1.110911	1.496897
23016	-653.9222	-822.7635	168.8413	0.04537176	2.937454	0.607249	1.968907
23022	-650.3815	-819.0969	168.7153	0.04537176	2.937454	0.7332147	1.968907
23028	-666.421	-835.1473	168.7263	0.04537176	2.132441	0.771185	2.33722
23034	-658.1004	-827.0436	168.9432	0.04705941	2.443042	1.204692	1.739358
23040	-649.2523	-817.6252	168.3728	0.04494147	4.473952	0.9825013	1.343247
23046	-652.3932	-820.3278	167.9347	0.04494147	3.91139	1.213867	1.739131
23052	-646.4805	-814.4866	168.0061	0.03841681	3.91139	1.111786	1.765131
23058	-645.2303	-812.838	167.6078	0.04281799	3.785215	1.02456	2.140653
23064	-649.531	-818.1585	168.6276	0.04281799	2.434385	0.7506135	2.2608
23070	-648.9137	-818.2917	169.3779	0.04281799	2.648567	1.025134	1.442091
23076	-645.721	-813.2367	167.5157	0.04281799	5.105197	1.466969	1.372005
23082	-643.5089	-811.5889	168.08	0.05055635	5.105197	1.175466	1.13842
23088	-648.8097	-817.4984	168.6887	0.05055635	4.06975	1.175466	1.103929
23094	-661.6225	-830.4629	168.8404	0.3694407	4.202344	0.9873107	0.6862371
23100	-657.2988	-826.32	169.0212	0.1234183	4.186189	1.080787	0.6484962
23106	-654.2766	-824.1453	169.8686	0.1942097	2.626168	1.187754	0.6484962
23112	-659.2569	-829.3747	170.1178	0.2677063	2.758393	0.7673328	0.6484962
23118	-659.6064	-830.3255	170.7191	0.1394413	2.092116	0.7479107	0.7611848
23124	-662.6463	-832.0215	169.3752	0.2196419	4.008082	0.7477744	0.6192061
23130	-660.8913	-830.8328	169.9415	0.2255881	2.6419	1.098832	0.5737649
23136	-653.3893	-821.1729	167.7837	0.4316916	6.090133	1.064812	0.4872924
23142	-650.7286	-819.5104	168.7818	0.1455441	3.884778	1.50304	0.4297972
23148	-647.227	-815.5179	168.2909	0.1740262	5.686442	1.003769	0.4694321
23154	-652.3707	-821.2897	168.9189	0.219715	4.088921	1.159757	0.6092654
23160	-653.79	-824.0712	170.2812	0.3483268	2.277927	0.8916172	0.6462996
23166	-662.5144	-831.5168	169.0024	0.2694394	4.115422	1.022127	0.433419
23172	-660.7548	-829.7702	169.0154	0.1909894	4.115422	1.052579	0.6647564
23178	-662.0734	-832.6305	170.5571	0.1136263	2.574835	0.5910355	0.7014504
23184	-651.2546	-820.5109	169.2563	0.1401027	3.30089	1.413316	0.5343609
23190	-649.1883	-818.5412	169.3529	0.215974	3.952821	0.7651816	0.7045949
23196	-643.4055	-813.021	169.6154	0.2243933	3.177223	1.051522	0.5441169
23202	-666.0073	-833.8973	167.89	1.022617	4.599672	0.7952574	1.014111
23208	-657.7704	-826.7736	169.0031	1.049291	2.939909	0.5480033	1.142769
23214	-651.9783	-821.7285	169.7502	0.4799253	3.042026	0.6485456	0.7713579
23220	-654.0633	-824.0133	169.95	0.6751019	1.931898	0.9915895	0.9166367
23226	-653.2918	-822.6812	169.3894	0.5511024	2.489197	1.422378	0.6291221
23232	-656.9933	-825.0456	168.0524	0.8405715	4.877325	0.9677963	0.6021134
23238	-653.3496	-823.3156	169.966	0.1481863	3.377147	0.5634278	0.7338439
23244	-652.4985	-822.6668	170.1683	0.4400604	2.151792	0.8906419	0.838809
23250	-645.73	-816.1183	170.3882	0.4259755	2.219184	0.7810821	0.5703487
23256	-646.9508	-816.3241	169.3733	0.6228001	2.842591	1.016749	0.7808663
23262	-658.6713	-829.4645	170.7932	0.152258	1.897285	0.6041247	1.017111
23268	-653.8066	-824.1867	170.3801	0.2530699	2.433799	0.4769078	1.017111
23274	-642.3527	-811.8629	169.5102	0.1649551	3.674403	0.7716074	0.7921897
23280	-658.3092	-827.1123	168.8031	0.4749543	4.108269	0.9894175	0.6559549
23286	-643.8849	-812.705	168.8201	0.2706492	4.507369	0.989036	0.5072738
23292	-644.0407	-813.0848	169.0441	0.1201396	3.920266	1.254492	0.5234921
23298	-648.4162	-817.6244	169.2083	0.1242817	4.011143	1.031751	0.5234921
23304	-657.1561	-826.6431	169.487	0.2127398	3.024834	1.257423	0.6605263
23310	-655.606	-825.5764	169.9704	0.2127398	2.481749	1.186088	0.627556
23316	-664.5683	-834.6828	170.1144	0.0904492	2.441361	1.17787	0.6665177
23322	-650.9433	-820.2284	169.2851	0.1109977	4.018619	0.8795191	0.7358603
23328	-659.1679	-829.5967	170.4287	0.1213176	2.430334	0.7579292	0.7985228
23334	-666.4791	-836.5808	170.1018	0.09568174	2.904819	0.7579292	0.7985228
23340	-653.9023	-823.6925	169.7902	0.2297612	3.17542	0.8376513	0.6521208
23346	-656.4964	-826.586	170.0896	0.2507062	2.851549	0.7302472	0.6785578
23352	-654.2869	-824.0156	169.7287	0.4101572	3.219573	0.4722166	0.9469858
23358	-668.743	-838.3031	169.5601	0.5253591	2.739655	0.4819942	1.293142
23364	-662.149	-832.864	170.715	0.6668686	1.481892	0.7197325	0.8220494
23370	-651.3843	-820.4829	169.0985	0.1821131	4.493447	0.7458747	0.6957552
23376	-661.7951	-831.4384	169.6432	0.1053082	3.652761	0.7823576	0.682196
23382	-659.4008	-829.4503	170.0495	0.2170212	2.822217	0.8749934	0.5314269
23388	-658.8665	-827.2694	168.4028	0.1035823	5.043337	1.284209	0.5270895
23394	-646.9519	-816.6671	169.7151	0.2688164	3.057159	0.9912997	0.5329372
23400	-653.7211	-823.3707	169.6496	0.09450776	3.608955	0.708058	0.8385067
23406	-649.52	-819.5286	170.0085	0.1955673	3.186938	0.5237019	0.8392632
23412	-650.5762	-820.8062	170.23	0.2567364	2.572155	0.7585796	0.7321271
23418	-646.4277	-816.2186	169.7909	0.4517432	3.081471	0.6883636	0.6315764
23424	-650.5932	-819.5168	168.9236	0.4841279	3.984815	0.9437509	0.6315764
23430	-646.5846	-815.6963	169.1117	0.2175367	4.379755	0.7927137	0.6315764
23436	-651.3736	-820.7659	169.3923	0.2011887	3.141334	1.320222	0.5553398
23442	-644.8996	-813.609	168.7093	0.8052531	3.800916	0.9365072	0.658017
23448	-646.4988	-815.4684	168.9696	0.2907475	4.06516	1.072895	0.4957291
23454	-645.9537	-814.6934	168.7397	0.2275777	4.513892	1.102055	0.5613905
23460	-651.3742	-818.9292	167.555	1.092861	4.97336	1.159422	0.6104155
23466	-657.0501	-823.8822	166.8322	1.938459	4.896499	1.003036	0.7511613
23472	-649.4959	-817.1501	167.6542	2.68042	2.119151	0.7886198	1.232598
23478	-649.9714	-818.4333	168.4619	0.7991898	4.468655	0.6917988	0.8241299
23484	-654.1632	-820.2014	166.0382	3.716538	3.356396	0.818511	0.8883497
23490	-655.057	-819.2083	164.1513	4.336922	4.688534	1.290211	0.8883497
23496	-657.138	-821.3763	164.2383	3.231317	6.074548	1.776426	0.658526
23502	-650.1801	-819.7316	169.5515	0.5633751	2.807917	0.7038408	1.027807
23508	-652.3358	-821.0176	168.6818	1.501334	2.53312	0.7038408	1.153287
23514	-657.1526	-824.1069	166.9543	1.076412	6.813152	0.8028439	0.7943484
23520	-645.2107	-813.5025	168.2918	1.153754	3.595879	1.036074	0.8116666
23526	-641.6263	-810.4016	168.7753	1.205433	3.037146	0.9882764	0.6130154
23532	-644.6402	-812.7494	168.1092	0.5736421	4.862114	1.182146	0.6130154
23538	-650.6709	-819.4141	168.7432	0.1689831	4.345366	1.237674	0.6098075
23544	-639.6243	-808.8008	169.1765	0.1037334	4.345366	0.8561732	0.6432366
23550	-639.8106	-809.1696	169.359	0.1089101	3.889327	0.9464625	0.618166
23556	-637.3017	-807.5496	170.2478	0.4196092	2.520242	0.5984743	0.7606518
23562	-651.7658	-822.8802	171.1144	0.1487226	1.740729	0.6603705	0.7397004
23568	-649.1498	-818.4762	169.3264	0.1670652	3.876247	0.8963982	0.6876228
23574	-660.7255	-830.7042	169.9787	0.07784315	2.623412	1.198641	0.6429543
23580	-651.7592	-822.3619	170.6027	0.204512	2.232897	0.6676787	0.7841957
23586	-647.3606	-817.4877	170.1271	0.2968915	2.670824	0.7017363	0.7980717
23592	-649.8081	-819.742	169.9339	0.6643222	2.354012	0.5933063	0.9982669
23598	-651.9269	-820.3749	168.4479	2.038965	2.354012	0.7046075	0.9982669
23604	-649.4526	-817.7676	168.315	2.134948	2.354012	0.7046075	1.034622
23610	-639.8684	-809.0839	169.2155	1.427707	1.938774	0.8527042	1.034622
23616	-647.7151	-814.5095	166.7943	2.77655	3.17186	1.011974	1.008904
23622	-660.7923	-827.4964	166.7041	2.65708	3.52302	0.9452698	1.052292
23628	-662.0791	-826.2949	164.2158	4.418454	5.148678	0.9343957	0.8496725
23634	-649.9943	-817.4673	167.473	2.412956	2.617923	1.139544	0.9606046
23640	-644.9801	-815.4409	170.4608	0.09006299	2.617923	0.5908199	0.8285527
23646	-652.1784	-822.7456	170.5672	0.2131748	2.617923	0.295962	0.9058543
23652	-651.4988	-817.8826	166.3837	3.189168	3.314965	1.012267	0.9058543
23658	-656.646	-820.5532	163.9072	5.960289	2.508242	1.159494	1.04208
23664	-661.4873	-820.9445	159.4572	10.44535	2.240485	1.051019	1.291092
23670	-654.7667	-822.622	167.8552	2.205662	2.24477	0.889224	1.291092
23676	-655.7592	-822.1817	166.4225	2.299354	4.616183	0.9416031	1.048432
23682	-662.1783	-830.7196	168.5413	0.7108139	4.474459	0.7309383	0.7797859
23688	-664.2049	-829.9267	165.7218	1.752372	8.014841	0.898317	0.7573449
23694	-663.0798	-830.8519	167.7721	0.9164315	4.956799	0.9504501	0.8840465
23700	-662.047	-832.8109	170.7639	0.1106271	2.291091	0.6228036	0.6737199
23706	-663.7685	-832.918	169.1494	0.1533466	4.715493	0.6228036	0.6554506
23712	-656.3637	-825.6947	169.3309	0.1431928	4.183182	0.749836	0.6554506
23718	-651.8019	-821.5856	169.7837	0.1968279	3.205366	0.829512	0.7041604
23724	-658.8262	-828.3275	169.5014	0.1126519	3.392461	1.134096	0.5426378
23730	-653.9444	-824.2459	170.3015	0.1298803	2.673282	0.7679071	0.6812983
23736	-654.177	-824.4769	170.2999	0.1706691	2.413425	0.9783866	0.5237838
23742	-656.4985	-825.5477	169.0492	1.360785	2.403616	0.6012753	1.131566
23748	-652.8074	-822.3643	169.5569	0.4787529	3.014709	0.9390333	0.6377265
23754	-657.0618	-824.2925	167.2307	0.7236796	7.053797	0.8615604	0.6581885
23760	-660.8548	-828.6078	167.753	0.6209115	6.009477	0.9234726	0.6080061
23766	-657.2777	-823.1193	165.8417	1.243435	8.64596	1.133988	0.5963404
23772	-646.6448	-815.9619	169.317	0.09140617	3.173992	1.487997	0.520085
23778	-645.5007	-815.1597	169.659	0.2694226	3.173992	0.9687798	0.5041858
23784	-646.546	-816.2207	169.6747	0.52516	2.842498	0.8226771	0.7672623
23790	-647.4586	-817.0554	169.5968	0.2812833	3.487493	0.6797875	0.802542
23796	-645.8655	-815.9642	170.0987	0.1534713	2.897782	0.8048403	0.6379213
23802	-664.2885	-834.4463	170.1579	0.2843975	2.626158	0.8020651	0.6617663
23808	-666.3361	-836.2426	169.9066	0.7177082	2.035703	0.9701437	0.8401073
23814	-677.9104	-848.833	170.9226	0.3721994	1.467486	0.9069419	0.6943665
23820	-647.2906	-817.9974	170.7068	0.1302182	2.212939	0.7033637	0.7094256
23826	-652.5271	-823.0145	170.4874	0.1302182	2.561144	0.6376706	0.729475
23832	-651.3546	-821.0936	169.7391	0.07310172	3.128107	0.9896317	0.7955646
23838	-648.0515	-818.2586	170.2071	0.07310172	2.549943	0.9381291	0.7955646
23844	-661.0687	-831.2848	170.2161	0.3620895	2.420847	0.449777	1.104301
23850	-642.0329	-812.1193	170.0864	0.202324	2.702909	0.8416671	0.758299
23856	-642.4127	-812.1962	169.7835	0.4819488	2.702909	0.8433063	0.7889258
23862	-640.952	-809.7141	168.7621	0.913568	3.295538	0.7034651	1.122577
23868	-652.1499	-819.012	166.862	3.088344	3.006322	0.7548916	1.000554
23874	-656.8186	-825.4151	168.5965	1.016062	3.541533	0.7548916	0.9805709
23880	-657.0671	-826.3658	169.2987	0.4979239	3.508193	0.7855106	0.7497458
23886	-651.6147	-820.4096	168.7949	0.08566703	4.425391	1.243447	0.5299195
23892	-646.0018	-815.0368	169.035	0.08566703	4.196224	1.120031	0.5944231
23898	-652.1033	-820.6992	168.5959	0.2384319	4.196224	1.421796	0.4850722
