Iteration	Posterior	Likelihood	Prior	acrv_sd	gain_loss_neo	part_rate_trans	tree_length
0	-37.22194	-206.1369	168.9149	2.352602	0.4769855	0.4348243	1.912289
6	-43.28831	-214.3487	171.0604	0.408742	0.7145181	0.3771929	1.683202
12	-31.21722	-201.0966	169.8794	1.527936	0.7894516	0.8745644	1.301018
18	-33.07224	-203.7639	170.6917	0.2051004	1.381605	0.9184123	1.203421
24	-26.81389	-194.8358	168.0219	2.222823	2.160092	1.350234	0.689208
30	-24.80738	-195.3351	170.5277	0.69951	0.7449291	1.642388	0.7590937
36	-23.40029	-194.8534	171.4531	0.3097951	0.7974068	1.084065	0.7160763
42	-20.54129	-190.2964	169.7551	0.3192249	2.088153	1.54958	0.7399995
48	-30.18873	-201.0529	170.8641	0.2481269	0.6928666	1.894131	0.582988
54	-28.34098	-199.8307	171.4897	0.7267626	0.6975598	0.7394794	0.6911294
60	-27.6479	-198.0399	170.392	0.3394944	1.44891	1.50917	0.6527826
66	-27.04452	-196.6633	169.6188	0.3566546	1.169614	2.534134	0.6564467
72	-32.84451	-200.5788	167.7343	2.912405	0.3588866	2.534134	0.6509174
78	-30.26773	-200.9392	170.6715	0.1319669	0.9036475	2.005045	0.4435776
84	-35.33073	-206.2122	170.8815	0.1888566	0.3618064	1.991123	0.8355186
90	-28.28649	-198.6667	170.3802	0.2325459	1.649054	1.412354	0.7090259
96	-33.68661	-203.1617	169.4751	1.576962	0.4122404	2.091885	0.7090259
102	-30.93828	-201.3031	170.3648	0.4819754	0.4404891	2.287461	0.7090259
108	-28.36683	-196.8703	168.5035	1.311285	2.621809	1.472844	0.5409117
114	-30.72834	-202.7213	171.993	0.06054936	0.7042151	0.173734	1.408348
120	-33.84376	-204.8386	170.9948	0.02487877	0.9042994	0.2259554	1.970191
126	-30.94167	-202.3268	171.3851	0.04727347	1.348066	0.3568108	1.25253
132	-29.70065	-201.3497	171.649	0.0591251	1.039303	0.3850242	1.25253
138	-31.81361	-203.231	171.4174	0.7928761	0.3294619	0.8741838	0.7982615
144	-33.81941	-205.6503	171.8309	0.4978445	0.4239603	0.7696844	0.7735768
150	-30.53913	-201.7327	171.1936	0.2155244	0.4647405	1.091043	1.338029
156	-29.6459	-200.7346	171.0887	0.729672	0.6253795	0.8619288	1.087629
162	-42.20621	-211.3684	169.1622	2.109028	1.102698	0.4589793	1.488814
168	-32.90123	-203.4217	170.5205	1.215045	0.9391097	0.5901888	1.138683
174	-37.39547	-207.8003	170.4048	0.5803031	0.4424588	0.5526269	2.033715
180	-42.21215	-213.3523	171.1401	0.2943141	0.8899128	0.8856136	1.186628
186	-39.94963	-210.4564	170.5068	0.6981632	0.7178187	0.6131967	1.700997
192	-41.185	-211.1481	169.9631	0.8702447	1.273093	0.7333236	1.485382
198	-39.74514	-210.4295	170.6843	0.3037243	0.9261204	1.207097	1.261742
204	-45.73536	-215.9047	170.1693	1.396039	0.573831	1.476644	0.7249075
210	-47.28485	-217.3157	170.0309	0.8243773	0.5474022	1.110841	1.698522
216	-41.56882	-211.5999	170.0311	1.364947	0.3001412	0.6084717	1.712587
222	-44.50993	-215.0052	170.4953	1.364947	0.3001412	0.4183539	1.513874
228	-32.03219	-202.1106	170.0784	1.364947	1.322503	0.7187073	0.9290017
234	-40.93602	-209.8746	168.9385	1.84249	0.6258698	0.8187844	1.908947
240	-41.76328	-211.6959	169.9327	1.455035	0.6258698	0.4776465	1.725741
246	-50.90404	-221.4494	170.5454	1.619606	0.9931141	0.524283	0.6481886
252	-48.99152	-219.7483	170.7568	0.5653604	0.4205582	1.415047	1.155278
258	-37.06704	-206.2738	169.2068	0.9295985	2.337888	1.303349	0.7104603
264	-23.88848	-194.0614	170.1729	0.1047972	1.691309	1.708311	0.7104603
270	-30.05991	-198.6123	168.5524	0.565441	4.691504	0.852004	0.5696376
276	-24.10324	-194.6353	170.5321	0.5522341	1.50084	1.137565	0.5696376
282	-26.11982	-197.3186	171.1988	0.01761035	1.364031	1.137565	0.5597384
288	-24.68326	-195.9272	171.2439	0.3004187	0.8233355	1.340034	0.5754304
294	-25.11663	-195.3927	170.2761	0.552635	1.599094	1.263296	0.6704667
300	-31.75529	-202.3851	170.6298	0.7872118	0.4236144	1.63643	0.8332352
306	-38.30424	-208.2618	169.9576	1.443122	0.8415538	1.121999	1.046217
312	-42.79413	-211.1196	168.3255	0.5012761	2.078792	2.848571	0.3655272
318	-30.85635	-199.762	168.9056	1.575046	0.4856496	2.640834	0.3471827
324	-32.32601	-202.7369	170.4108	0.710603	1.506862	0.9218206	0.8649507
330	-29.25494	-199.7462	170.4913	0.385853	1.514811	0.9630391	1.068416
336	-34.04856	-204.2196	170.171	1.855114	0.6114705	1.022587	0.6579317
342	-40.56259	-209.1634	168.6008	2.136311	0.4202268	0.7163304	2.094712
348	-33.54415	-203.742	170.1979	0.2892683	0.4850535	0.7163304	2.238149
354	-40.1265	-210.6316	170.5051	0.5127919	0.976942	1.519679	0.8914341
360	-37.76253	-209.1109	171.3484	0.4160454	0.5494098	0.9127358	1.145129
366	-24.88627	-196.2854	171.3992	0.3919053	0.5181506	1.05078	1.011759
372	-29.86159	-200.6278	170.7662	0.4730974	0.4609898	1.635761	1.011759
378	-24.54075	-196.4021	171.8613	0.2747324	0.5383323	0.8192408	0.8762056
384	-40.61286	-210.9504	170.3375	0.4262706	0.2524956	2.193135	0.8762056
390	-49.07251	-219.949	170.8765	0.3289294	0.1363109	1.506446	0.5899849
396	-46.38293	-215.8529	169.4699	1.901232	0.3920791	1.532306	1.006828
402	-36.68964	-206.7333	170.0436	0.8158909	1.476505	1.384651	0.5717418
408	-47.28372	-212.6667	165.383	2.98736	1.172562	1.908323	2.423521
414	-39.50118	-205.3834	165.8823	2.98736	0.4523866	2.276813	2.285569
420	-48.41914	-218.3384	169.9192	0.6993873	0.4936738	0.7629351	2.119303
426	-29.90634	-201.2694	171.3631	0.2920354	0.4936738	1.21675	0.9972269
432	-42.13	-213.1027	170.9728	0.474116	0.505707	1.299638	1.109612
438	-30.25738	-202.3161	172.0587	0.208687	0.4030606	0.6708608	0.9694509
444	-31.70451	-202.6286	170.9241	0.3404304	1.148127	1.144514	0.8415998
450	-31.04534	-201.7192	170.6739	1.544277	0.5334844	0.7070495	0.9141344
456	-25.91266	-197.218	171.3054	0.4429369	0.5593078	1.300891	0.7310593
462	-23.70953	-194.8807	171.1712	0.07673086	1.375867	1.047914	0.681595
468	-20.78264	-192.4499	171.6673	0.03276086	0.4862319	0.9284774	1.223203
474	-27.56876	-198.1929	170.6242	1.330134	0.4582046	0.5913455	1.304022
480	-27.20523	-198.0599	170.8546	0.1821067	0.6420493	1.958992	0.7083766
486	-17.03569	-188.4954	171.4597	0.1703843	0.5749414	1.454134	0.6448694
492	-20.37844	-191.3828	171.0044	0.7644721	1.330927	0.4481553	0.8573449
498	-16.00456	-187.549	171.5444	0.4667102	0.5591852	0.5989092	1.197388
504	-10.10329	-180.8926	170.7893	1.126902	0.5966608	0.4653036	1.361085
510	-13.78912	-185.7546	171.9655	0.02334056	0.6290771	0.7155139	1.062231
516	-22.53847	-193.6888	171.1504	0.05281486	1.392701	0.9580156	0.8530709
522	-20.74584	-191.978	171.2321	0.08683693	1.141271	0.9729476	0.9793225
528	-16.80091	-187.4956	170.6947	0.3611578	1.250399	0.6922036	1.362622
534	-26.76602	-196.5099	169.7439	1.239384	1.179866	0.8341606	1.362622
540	-19.60761	-190.5006	170.893	0.6609913	0.5413651	1.434829	0.8332179
546	-29.4058	-200.7309	171.3251	0.935469	0.4484545	0.8691621	0.7109215
552	-26.91191	-198.9255	172.0135	0.1235503	0.5870019	0.6939729	0.9716965
558	-33.40971	-203.8995	170.4898	1.43966	0.5154332	0.2838784	1.535478
564	-36.77702	-208.2682	171.4911	0.6841406	0.9162693	0.3015443	1.018974
570	-42.97898	-212.1863	169.2074	0.3547733	1.99351	1.849404	1.070553
576	-34.65383	-205.8515	171.1977	0.4911803	0.5577274	1.131078	1.005788
582	-31.96038	-202.1622	170.2018	1.298722	0.7292282	1.171907	1.005788
588	-25.36393	-196.1691	170.8052	0.3075296	0.7670437	1.734284	0.7613584
594	-21.97462	-192.9338	170.9592	1.137256	0.7670437	0.8428702	0.573803
600	-25.95487	-196.8797	170.9248	0.8413683	0.9235558	0.8885399	0.8142838
606	-19.06377	-189.7785	170.7147	0.1377497	1.247991	1.550806	0.7108438
612	-17.6341	-188.5774	170.9433	0.732584	0.9267328	0.9673794	0.8248314
618	-26.22485	-196.6323	170.4074	0.1968215	1.064951	2.030897	0.6042985
624	-31.59494	-201.2514	169.6564	1.363855	1.229483	1.419719	0.6776252
630	-24.7891	-195.7861	170.997	0.3601834	0.5199716	1.695891	0.7672039
636	-23.04923	-193.8137	170.7644	0.3096969	0.6991641	1.543549	1.085084
642	-30.07469	-200.3164	170.2417	0.3935834	1.806489	0.6923827	1.284315
648	-17.42359	-189.579	172.1554	0.1483751	0.3997223	0.8017253	0.7728305
654	-28.31572	-199.8223	171.5066	0.04441824	0.5401819	1.314809	0.9723831
660	-49.46756	-219.5799	170.1124	0.3737567	0.8244617	1.286206	1.660877
666	-33.77901	-203.4897	169.7107	0.2600176	2.346125	1.469003	0.6992897
672	-50.77006	-219.6138	168.8438	1.477002	2.489063	1.064997	0.4482636
678	-38.32866	-207.3805	169.0518	1.477002	1.069751	2.120614	0.4957539
684	-28.07184	-196.8008	168.7289	0.4410432	0.8741486	3.550796	0.2905785
690	-19.3608	-189.7745	170.4137	0.4410432	1.683106	1.084849	0.7912039
696	-19.93185	-189.7548	169.823	0.3669703	0.6477943	2.797782	0.7134824
702	-19.05558	-188.7151	169.6595	1.863151	0.4970757	1.649822	0.5271444
708	-19.28081	-189.4117	170.1309	0.03764981	1.616222	1.780174	0.8570191
714	-22.00536	-192.8169	170.8115	0.2887239	1.138779	1.031586	1.133867
720	-19.04244	-189.4436	170.4012	0.4600281	1.138779	0.4527387	1.763696
726	-27.95444	-197.5465	169.592	1.120804	0.844349	0.8326788	1.806581
732	-31.33927	-202.3599	171.0207	0.6350562	1.352417	0.426591	0.9824038
738	-27.49906	-197.7052	170.2062	1.471102	1.193589	0.7470145	0.7614716
744	-24.36405	-195.2544	170.8903	1.471102	0.5373201	0.7715172	0.5899851
750	-31.67529	-203.0593	171.384	0.2329081	0.5373201	0.9417444	1.254254
756	-25.75955	-196.6732	170.9137	0.716192	0.6511953	0.4132556	1.582632
762	-26.32356	-197.9567	171.6331	0.6643596	0.5539384	0.5140834	1.016862
768	-29.81021	-200.4675	170.6573	1.357699	0.8702975	0.7816549	0.678712
774	-38.33528	-209.521	171.1857	0.2146458	0.2836556	1.602746	0.865505
780	-30.66929	-201.227	170.5577	1.548311	0.7841434	0.8217399	0.551906
786	-29.08976	-199.7844	170.6946	1.209817	0.256172	1.195479	0.682414
792	-39.41945	-209.7072	170.2878	1.209817	0.3083272	1.695586	0.5756762
798	-27.61663	-198.7765	171.1599	0.7871747	0.8090987	0.9303209	0.6355656
804	-24.5028	-195.8315	171.3287	0.6704399	0.7833073	0.8984047	0.6466553
810	-28.4018	-198.7499	170.3481	0.6704399	1.572328	1.051613	0.7493464
816	-27.7064	-199.286	171.5796	0.3177161	0.5290275	1.051613	0.8910194
822	-21.61121	-193.5969	171.9857	0.08838885	0.6053232	0.9368227	0.7342795
828	-21.26375	-191.2027	169.9389	1.483295	1.116298	0.9593348	0.9104633
834	-24.47246	-195.0225	170.55	1.400646	0.5421229	1.18561	0.4402083
840	-28.04313	-198.8464	170.8033	0.1404032	1.316371	1.214455	0.9396191
846	-25.45822	-196.2783	170.8201	0.921257	0.4140484	1.37003	0.7593247
852	-28.31173	-199.6029	171.2911	0.5763153	0.7554288	1.02145	0.7134955
858	-31.46111	-202.6107	171.1496	0.6558011	0.6733876	0.6901526	1.213985
864	-23.63954	-194.6885	171.0489	0.4022073	0.5394822	0.8338706	1.469489
870	-31.65648	-203.3586	171.7022	0.2961382	0.4886177	0.7653526	1.103399
876	-36.517	-207.8975	171.3805	0.03360845	0.9137818	1.011273	1.070653
882	-31.0574	-201.4304	170.373	0.5674494	1.069623	1.687568	0.6112695
888	-25.57277	-196.1775	170.6047	0.1586102	1.224333	1.237364	1.175029
894	-20.40538	-190.7024	170.297	0.5524116	1.697076	1.026954	0.8556582
900	-20.85366	-190.7846	169.931	2.066312	0.2011799	1.020365	0.6051324
906	-14.88465	-186.628	171.7434	0.552036	0.671692	0.5730808	0.8501179
912	-19.83994	-191.4602	171.6203	0.0418448	0.430216	0.7348758	1.430566
918	-21.19115	-191.1216	169.9304	1.938115	0.5657772	1.100216	0.8357727
924	-31.77968	-203.1277	171.348	0.1412318	0.641697	1.100216	1.156943
930	-33.84086	-205.2315	171.3907	0.2644792	0.6475376	0.9292537	1.156943
936	-29.74615	-200.612	170.8658	0.7837065	0.8281395	0.8345901	1.0948
942	-27.6793	-198.1701	170.4908	0.6911725	1.051141	1.233128	0.9445484
948	-23.12213	-193.5635	170.4414	0.7931216	0.8199447	1.632441	0.635219
954	-23.36989	-194.058	170.6881	0.3783562	1.287821	1.148412	0.9080495
960	-24.12564	-196.0482	171.9225	0.2861562	0.5996828	0.7879643	0.7627375
966	-20.63419	-192.763	172.1289	0.08501444	0.3675038	0.7579654	0.9385431
972	-18.17194	-188.008	169.836	1.374937	0.6453595	0.4579294	1.850464
978	-18.18134	-187.1204	168.9391	2.71569	0.4612345	0.805263	1.371201
984	-22.71959	-189.6527	166.9331	2.71569	1.132589	1.997576	1.529243
990	-19.7492	-190.8457	171.0965	0.1483835	0.4789143	1.086597	1.463459
996	-14.74186	-186.8844	172.1425	0.305549	0.3675601	0.6947413	0.7216802
1002	-25.82798	-197.4777	171.6497	0.05126649	1.32759	0.60854	0.7372571
1008	-26.56847	-198.1818	171.6133	0.07862318	0.4481329	0.8697907	1.294704
1014	-30.97459	-202.3003	171.3257	0.01263985	0.9441076	1.196949	0.9303688
1020	-33.19105	-203.6699	170.4788	0.6031312	0.7786507	1.172723	1.331393
1026	-29.56683	-200.4682	170.9014	0.7172318	0.8555942	0.8897288	1.046732
1032	-35.09552	-207.0446	171.949	0.3216947	0.2968476	0.5564756	1.060379
1038	-49.11959	-219.2866	170.167	1.815515	0.2585134	1.076895	0.7544561
1044	-42.6379	-212.5133	169.8754	1.562179	0.2807338	1.389169	1.047907
1050	-35.87339	-207.0081	171.1347	0.4458638	0.7323806	1.389169	0.5829151
1056	-37.37609	-207.2565	169.8804	0.07416441	1.287699	2.375355	0.7645491
1062	-27.31381	-197.8505	170.5367	0.05498421	0.8618714	2.240082	0.6202786
1068	-26.50374	-196.5792	170.0754	0.2976999	1.298053	1.885141	0.8459555
1074	-34.36018	-206.1405	171.7803	0.5912734	0.6121605	0.6253987	0.7469722
1080	-33.99415	-203.5677	169.5735	1.270219	1.350491	0.6692592	1.469241
1086	-29.42257	-200.0315	170.609	1.270219	0.8299979	0.589067	1.107654
1092	-31.94619	-202.9782	171.032	0.1858956	0.8788189	1.3335	0.9816021
1098	-27.46831	-199.0916	171.6233	0.1547887	0.8218125	0.724899	1.083057
1104	-26.77949	-195.7333	168.9538	2.00783	0.8859524	1.438919	1.119007
1110	-30.36053	-199.5267	169.1661	1.223301	2.011215	1.356852	0.6327922
1116	-27.50729	-197.9964	170.4891	0.06515639	1.449925	1.710815	0.5869988
1122	-24.28303	-195.8895	171.6065	0.05631893	0.2619185	1.472954	0.6222169
1128	-19.15589	-190.1391	170.9832	0.1203019	0.9920675	1.472954	0.8267838
1134	-20.3346	-192.081	171.7464	0.1201684	0.7789132	1.022199	0.6733365
1140	-21.39986	-192.2211	170.8213	0.1152026	1.27643	1.505715	0.4612372
1146	-15.17024	-186.1156	170.9454	0.6360472	0.3977251	1.505715	0.7986818
1152	-19.69325	-190.2857	170.5924	0.9857677	1.215932	0.8587734	0.7070311
1158	-24.36538	-195.8372	171.4718	0.7819885	0.3527574	0.8587734	0.7665087
1164	-19.86398	-190.6614	170.7975	0.4339278	0.7033159	1.691047	0.7381619
1170	-21.66563	-192.631	170.9653	0.3559173	0.4754212	1.858763	0.5581908
1176	-16.6205	-187.5289	170.9084	0.2736026	0.8333982	1.647078	0.6860638
1182	-23.09059	-192.6447	169.5541	0.5130778	0.463988	3.123735	0.4746068
1188	-22.25481	-191.4716	169.2168	0.6092152	2.495565	1.51069	0.6749216
1194	-11.90208	-183.6643	171.7622	0.4247218	0.5764679	0.8191266	0.7757149
1200	-15.74376	-187.2235	171.4797	0.06618964	0.4110404	1.518812	0.8238393
1206	-19.34684	-190.6074	171.2605	0.184175	0.4608034	1.740837	0.5671157
1212	-19.38796	-189.1035	169.7155	0.3409361	1.657179	1.993478	0.647653
1218	-21.871	-192.5757	170.7047	0.2417935	1.657179	0.747842	1.082098
1224	-29.32365	-200.638	171.3143	0.5909444	0.3998487	1.275607	0.6438392
1230	-23.52128	-194.4409	170.9196	0.4064655	0.5315486	1.790567	0.6438392
1236	-22.48534	-192.5031	170.0178	1.959845	0.2563221	0.9590005	0.9057139
1242	-18.99978	-189.9444	170.9446	0.9089493	0.7842287	0.9548864	0.79231
1248	-20.15105	-190.1927	170.0417	0.610702	1.21544	1.680681	0.8531627
1254	-24.66939	-194.648	169.9786	1.371862	0.8377253	1.401692	0.7978508
1260	-34.02035	-204.7062	170.6858	0.1638644	1.109255	0.789867	1.551478
1266	-27.93242	-199.8998	171.9674	0.1330408	0.4875294	0.9056242	0.8549829
1272	-21.75266	-192.1655	170.4129	1.391489	0.584689	1.168336	0.8120965
1278	-36.24345	-203.4373	167.1939	0.1138729	4.552854	2.746093	0.4800418
1284	-36.35265	-206.0119	169.6592	0.03518915	2.288119	1.747886	0.7677214
1290	-51.14651	-221.0415	169.895	0.6884991	0.7207638	1.83604	1.241453
1296	-48.7995	-220.4177	171.6182	0.2136466	0.8167114	0.6927735	1.067524
1302	-52.68089	-222.2183	169.5374	1.294721	0.8405133	0.846923	1.715976
1308	-34.1594	-205.1273	170.9678	0.2426117	1.215199	0.6617734	1.290693
1314	-23.59231	-194.77	171.1777	0.1620398	1.215199	0.7638632	1.090903
1320	-26.99173	-199.0576	172.0659	0.2288469	0.6210021	0.7638632	0.6164276
1326	-27.59641	-197.7673	170.1709	0.2288469	2.413955	1.026309	0.6164276
1332	-30.62437	-198.4236	167.7993	0.9826911	4.12341	1.447242	0.7107829
1338	-35.74544	-203.9248	168.1794	0.4399723	5.129308	1.118793	0.4342343
1344	-19.79034	-191.1209	171.3305	0.5596931	0.6906491	0.4697858	1.313223
1350	-17.89389	-188.4612	170.5673	0.5596931	0.8523118	1.109548	1.287929
1356	-19.53891	-190.1913	170.6524	1.474758	0.6983359	0.7641653	0.7898037
1362	-20.85606	-192.2314	171.3753	0.2222093	0.2475504	1.419745	0.7912046
1368	-28.7984	-199.5719	170.7735	0.07868903	0.7258062	2.135686	0.5144612
1374	-25.84949	-197.3515	171.502	0.6371068	0.242031	0.9141355	0.7247276
1380	-21.73633	-193.599	171.8627	0.03388547	0.5774144	1.086485	0.8059836
1386	-23.89067	-195.3187	171.428	0.4535821	1.176826	0.5201215	0.8149475
1392	-16.5934	-187.5582	170.9648	0.2563229	1.189108	1.233881	0.7211037
1398	-31.05861	-201.5553	170.4967	0.965494	0.2516458	0.4818721	1.718975
1404	-29.64105	-200.9704	171.3293	0.1412249	0.337535	1.727457	0.5993669
1410	-25.25221	-194.7481	169.4959	1.533345	0.9981582	1.657544	0.6424698
1416	-25.50434	-196.7734	171.2691	0.6238032	0.4339441	0.917107	1.085273
1422	-27.08803	-197.5368	170.4487	1.628069	0.5289195	0.649003	1.114534
1428	-31.05993	-202.0531	170.9931	0.1135522	1.515143	0.7816967	1.021877
1434	-33.54586	-198.0143	164.4685	3.342395	1.741539	1.979922	2.392643
1440	-35.27133	-197.8181	162.5468	3.143328	4.076642	2.256483	2.493353
1446	-32.92677	-197.3496	164.4229	3.143328	2.386823	3.074609	1.44598
1452	-22.95333	-188.9578	166.0045	3.143328	0.4441514	3.223617	1.44598
1458	-23.18271	-187.8245	164.6418	3.143328	2.859047	2.089685	1.746424
1464	-25.74103	-193.9558	168.2147	2.382418	1.654011	1.332325	0.8383943
1470	-20.51343	-190.7663	170.2529	0.7721305	1.724841	0.7539763	0.9376078
1476	-23.71498	-192.3163	168.6013	1.086793	1.409139	2.599391	0.6324056
1482	-19.03619	-189.5581	170.5219	1.455178	0.9386912	0.7734954	0.6324056
1488	-27.02451	-196.5913	169.5668	1.720687	1.386595	1.007515	0.6631757
1494	-31.69976	-201.1756	169.4759	1.282393	0.5946165	2.332775	0.5846497
1500	-40.31532	-209.5041	169.1887	0.4242475	0.1282584	3.038302	0.4242986
1506	-33.36668	-205.3568	171.9902	0.01823182	0.5473878	0.9297503	0.8885225
1512	-39.36378	-210.4211	171.0573	0.1100765	1.462954	0.8969271	0.8885225
1518	-34.70248	-204.4901	169.7876	1.590322	0.8812732	0.8386863	1.280803
1524	-36.67105	-207.3559	170.6848	1.671212	0.5508889	0.4377361	1.036389
1530	-34.83211	-204.5748	169.7427	0.4662148	0.7597976	2.218613	1.203504
1536	-30.37815	-200.8225	170.4444	1.479655	0.5150762	0.5264759	1.354222
1542	-33.8985	-203.8363	169.9378	1.479655	0.9054763	1.1315	0.9568197
1548	-32.32639	-203.9144	171.588	0.163809	0.9148394	0.5425319	1.187382
1554	-38.33055	-209.7601	171.4295	0.4331868	0.6111353	0.4560397	1.400961
1560	-40.43104	-211.5064	171.0754	1.32795	0.3104946	0.4275464	1.065036
1566	-36.41877	-205.5796	169.1608	1.138436	0.9828334	0.3115793	2.332901
1572	-19.00709	-190.5954	171.5884	0.7467245	0.4669929	0.381053	1.156635
1578	-22.00866	-192.3104	170.3017	1.576007	1.006301	0.3605716	1.156635
1584	-26.71906	-198.1379	171.4189	0.2719795	1.017325	0.5364086	1.156635
1590	-24.39545	-195.2228	170.8274	0.3825759	1.017325	0.5364086	1.540331
1596	-18.20541	-188.5738	170.3684	1.99146	0.6731203	0.4742652	0.8890746
1602	-28.59738	-199.6341	171.0368	0.2797965	0.6204351	1.326368	1.125549
1608	-21.98044	-190.1753	168.1949	1.152414	2.921187	1.725288	0.505876
1614	-20.49043	-191.3634	170.873	0.2039667	0.87823	1.584856	0.8613204
1620	-27.22184	-196.8428	169.621	1.546994	0.8426396	1.687189	0.4053145
1626	-22.37992	-190.3484	167.9685	2.224676	1.592997	1.773364	0.861178
1632	-27.77456	-198.2397	170.4651	0.3812149	1.592997	1.060337	0.9290323
1638	-13.9192	-185.3736	171.4544	0.2645405	0.4831893	1.420115	0.6613316
1644	-17.00196	-188.5921	171.5902	0.04437735	0.396392	1.176993	1.093884
1650	-13.34102	-183.4183	170.0772	0.2837215	1.622846	1.64242	0.7787412
1656	-27.26495	-198.8185	171.5535	0.2555427	0.7552805	1.144164	0.5626718
1662	-26.37466	-195.5877	169.2131	0.2264292	4.01422	0.916786	0.5626718
1668	-19.83634	-190.4394	170.6031	0.1640078	1.570348	1.224628	0.8560483
1674	-20.96407	-191.2617	170.2976	0.04511002	2.077171	0.933757	1.129926
1680	-18.20409	-190.1282	171.9241	0.1567171	0.3506954	0.4387226	1.343431
1686	-16.71523	-188.1421	171.4269	0.3906485	1.252494	0.5028859	0.8238381
1692	-19.56679	-190.3287	170.7619	0.6139973	0.8834726	1.297502	0.8410021
1698	-24.8079	-191.5276	166.7197	2.052121	2.195539	2.732957	0.2942021
1704	-30.8275	-200.3624	169.5349	0.844182	2.195539	0.8071885	1.123372
1710	-23.37957	-193.6945	170.315	0.1682043	2.460837	0.8137219	0.7814582
1716	-31.46342	-202.5588	171.0954	0.0970825	0.6420602	0.8560269	1.584527
1722	-33.37362	-202.7449	169.3713	1.860452	1.395476	0.4715752	1.285863
1728	-29.17674	-199.6787	170.5019	0.311673	1.25875	0.7164507	1.523288
1734	-29.29772	-200.629	171.3312	0.2560988	0.6831548	0.7453393	1.340627
1740	-25.8785	-196.7067	170.8282	0.1749795	1.634863	0.774877	1.021639
1746	-30.87144	-201.0662	170.1948	0.8478038	1.432879	0.9235401	1.021639
1752	-29.79215	-200.2803	170.4881	0.1818425	1.269325	1.214617	1.236609
1758	-29.95988	-198.9053	168.9454	1.800367	1.559964	1.214617	0.9034161
1764	-30.51439	-199.8653	169.3509	1.841643	1.095086	1.216477	0.9034161
1770	-23.92433	-194.0023	170.078	1.114253	1.428751	1.10415	0.5351591
1776	-23.94849	-193.0714	169.1229	1.855627	1.247008	1.488768	0.4439708
1782	-16.30693	-187.1893	170.8823	0.1455342	1.021009	1.553845	0.7816151
1788	-24.30887	-195.9817	171.6728	0.09084841	0.4761039	0.9967099	1.112801
1794	-20.41221	-192.6405	172.2283	0.03207108	0.4369258	0.8873607	0.6877417
1800	-31.30464	-202.8693	171.5647	0.02734746	0.402804	0.7756309	1.45923
1806	-24.39496	-195.0044	170.6095	0.01693688	1.684251	1.204081	0.9214071
1812	-23.95585	-194.6985	170.7427	0.7061296	0.9129874	0.9716884	1.075998
1818	-31.97513	-202.8242	170.8491	0.7061296	1.274968	0.7120471	0.8622009
1824	-35.31464	-203.6033	168.2887	1.369446	2.787563	1.371076	0.8122759
1830	-23.41482	-194.5665	171.1517	0.9516902	0.4323177	0.7341453	1.060069
1836	-32.0154	-202.3942	170.3788	0.1367026	0.7165802	2.33653	0.8194268
1842	-29.50133	-196.158	166.6567	2.291974	4.098273	1.288188	0.7225269
1848	-21.05171	-192.1663	171.1146	0.2012941	0.9378717	1.250679	0.9027665
1854	-28.67496	-197.9387	169.2637	1.746276	1.532437	0.9765894	0.9027665
1860	-21.99459	-192.3087	170.3141	0.1009829	2.465737	0.9774622	0.5975808
1866	-20.57527	-191.4731	170.8979	0.8778161	0.892303	1.038702	0.4257351
1872	-26.75597	-198.274	171.518	0.1515045	0.7145463	1.328213	0.523711
1878	-27.70776	-198.1102	170.4024	0.2265745	1.099338	1.723011	0.9603277
1884	-23.76123	-194.052	170.2908	1.023789	0.6218201	1.623248	0.8178682
1890	-19.56342	-190.5511	170.9877	0.1390816	0.961182	1.623248	0.5658416
1896	-23.39271	-193.2163	169.8236	0.03279689	2.231154	1.51973	0.907066
1902	-27.39715	-198.7375	171.3404	0.07073428	1.008974	0.9753494	1.016767
1908	-28.87318	-197.3277	168.4545	2.001536	0.8531145	1.91799	1.171349
1914	-27.76091	-196.4973	168.7364	1.97817	0.7211533	2.213347	0.7020602
1920	-26.66424	-196.8913	170.227	0.8645801	0.7567488	1.780648	0.7382522
1926	-18.91734	-190.197	171.2796	0.2082179	0.3729539	1.704513	0.624691
1932	-29.44579	-199.4912	170.0454	1.537586	0.801744	1.128383	0.8910998
1938	-24.53314	-193.6236	169.0905	2.100481	0.801744	0.6402046	1.634566
1944	-21.67387	-192.3551	170.6812	0.2729885	1.15663	1.584298	0.6193238
1950	-26.99148	-198.6065	171.615	0.01908693	0.3562928	1.584298	0.4877192
1956	-34.49369	-205.4011	170.9074	0.5044811	0.4760684	1.682298	0.7458165
1962	-31.84321	-203.4985	171.6553	0.07639406	0.3525844	1.339245	0.8226335
1968	-37.2663	-206.1832	168.9169	1.918286	0.6006495	1.439872	1.441377
1974	-30.09213	-200.2514	170.1593	1.458811	0.4087503	1.476075	0.7857264
1980	-25.62492	-194.0839	168.4589	1.846139	1.208472	2.133883	0.7160438
1986	-28.34162	-199.0367	170.695	0.4337058	1.121985	1.321699	0.8221959
1992	-18.85287	-189.4847	170.6318	0.03093013	1.65673	1.394559	0.6318134
1998	-16.03069	-186.6424	170.6118	0.616751	0.623272	1.822068	0.6318134
2004	-30.5263	-200.0593	169.533	1.886684	0.6850307	1.485889	0.7870239
2010	-22.88084	-195.2088	172.328	0.1832059	0.3580688	0.4561753	0.9429224
2016	-26.929	-197.8413	170.9123	0.02261793	0.6220899	1.94436	0.8882935
2022	-18.1679	-189.932	171.7641	0.09889842	0.6151817	1.131	0.7477477
2028	-14.72983	-186.8101	172.0803	0.07502875	0.3532683	0.7886052	0.9670528
2034	-20.72388	-191.6701	170.9462	1.482812	0.4385489	0.7127495	0.6973061
2040	-23.41069	-194.3692	170.9585	0.03475474	0.9173199	0.7656051	1.604391
2046	-25.43527	-196.3928	170.9576	0.3691146	0.7539232	0.6492178	1.562726
2052	-29.99673	-201.4554	171.4587	0.03163139	0.8548196	0.7005438	1.32293
2058	-23.63604	-195.5697	171.9337	0.2295546	0.289536	0.4551683	1.240306
2064	-20.22955	-190.6386	170.409	1.200385	0.5917678	1.074392	1.109927
2070	-36.66093	-206.9325	170.2716	0.5691076	0.6959554	0.5980531	1.975654
2076	-25.65593	-195.5396	169.8837	0.07268332	2.632537	1.044432	0.974826
2082	-19.39282	-189.289	169.8962	0.1243356	1.98012	1.781251	0.521511
2088	-14.71061	-185.3116	170.601	0.8083722	1.172658	0.9985084	0.8123329
2094	-18.29075	-189.4717	171.181	0.9806384	0.5852081	0.3900458	1.229957
2100	-24.15135	-194.8946	170.7432	0.9164493	1.039589	0.855683	0.843766
2106	-24.22838	-195.1514	170.923	1.132679	0.4923421	0.855683	0.9576034
2112	-16.77991	-188.4589	171.679	0.4157862	0.7389742	0.6805985	0.8867318
2118	-22.44859	-193.6649	171.2163	0.01778164	0.5367834	1.611033	0.9958272
2124	-27.7087	-199.2003	171.4916	0.05737558	0.3385713	0.8806704	1.412227
2130	-22.29417	-193.7148	171.4207	0.2324282	0.6189042	0.6446612	1.412227
2136	-26.79239	-198.0844	171.292	0.825533	0.6021643	0.718348	0.9539692
2142	-32.70887	-203.8276	171.1187	0.6450304	0.6131897	0.7261935	1.262485
2148	-24.91599	-196.1452	171.2292	0.01111757	1.232061	0.7261935	1.197998
2154	-19.57901	-190.1511	170.5721	0.4897017	0.6945798	1.83418	0.7882592
2160	-21.37879	-192.0369	170.6581	0.3464373	1.479641	1.152414	0.7487025
2166	-27.93808	-197.7044	169.7663	0.8846492	1.176111	1.746724	0.8210833
2172	-24.63092	-194.1916	169.5607	1.49213	1.176111	1.440237	0.676695
2178	-26.11967	-197.1449	171.0253	0.4247252	1.163016	0.7109124	1.085569
2184	-22.13383	-192.9455	170.8117	0.2861974	1.073709	1.093901	1.138196
2190	-28.66039	-198.2814	169.621	0.3232988	2.729491	1.238579	0.6280675
2196	-35.87442	-206.851	170.9766	0.1052298	0.9132881	1.501135	0.9118507
2202	-23.47297	-194.6002	171.1273	0.03960883	1.203207	1.127372	0.9118507
2208	-20.08624	-191.7203	171.6341	0.1532248	0.3579087	1.431352	0.4913886
2214	-16.37264	-187.5855	171.2129	0.2746142	0.9677815	0.4865668	1.405399
2220	-16.22817	-187.2835	171.0553	1.154524	0.6670146	0.515679	1.009758
2226	-23.15756	-194.3514	171.1939	0.6597569	0.9420892	0.6067777	1.009758
2232	-30.47481	-202.0175	171.5427	0.4088862	0.3214236	0.9418557	1.009758
2238	-30.56635	-200.5836	170.0173	0.9555975	1.218535	1.508813	0.6076482
2244	-29.34131	-200.7981	171.4568	1.106428	0.2217402	0.4666965	0.6957354
2250	-32.91136	-204.0952	171.1839	0.2757131	1.468854	0.6246598	0.8586417
2256	-32.2252	-201.8436	169.6184	1.314081	1.468854	1.131694	0.8822386
2262	-30.1656	-201.2552	171.0896	0.6032054	0.9322367	0.9231407	0.8519573
2268	-30.95849	-199.7985	168.84	2.014408	0.83156	1.516712	1.192279
2274	-33.3288	-204.8939	171.5651	0.1021014	0.9041318	0.9170188	0.9204786
2280	-47.14399	-217.3913	170.2473	0.3308304	1.144533	0.9170188	1.631198
2286	-42.60361	-209.208	166.6044	2.621193	1.310537	0.8702078	2.453546
2292	-47.97849	-217.3034	169.3249	1.633097	0.7812548	0.4944909	1.91229
2298	-44.10297	-214.9015	170.7986	1.314831	0.4067289	0.9532679	0.8227984
2304	-40.95944	-210.1355	169.1761	1.758912	1.909983	0.5544617	1.06442
2310	-29.46123	-199.9871	170.5258	0.5270859	1.062583	1.230478	1.06442
2316	-30.87699	-202.7608	171.8838	0.2102856	0.5270516	0.5936112	1.149791
2322	-27.68083	-198.8012	171.1203	0.1602541	0.7003528	0.5227941	1.722845
2328	-31.16786	-202.321	171.1531	0.6121631	0.4932761	1.106136	0.9979038
2334	-30.43342	-201.2163	170.7829	0.8986687	0.5359185	0.6474845	1.43785
2340	-26.2856	-197.6497	171.3641	0.408321	0.5678003	0.5331776	1.43785
2346	-32.47871	-203.4237	170.945	0.2219504	0.5944913	0.6625621	1.769036
2352	-36.56609	-207.1418	170.5758	0.3397044	1.3401	0.7376801	1.368759
2358	-25.41884	-196.4157	170.9969	0.6321182	0.8395644	0.7940955	1.139849
2364	-36.07246	-203.9415	167.869	1.879416	2.159905	1.903509	0.5188344
2370	-36.80312	-207.5994	170.7963	0.9208284	0.7153438	1.280261	0.5188344
2376	-35.74126	-202.4715	166.7303	1.582196	2.119561	3.363581	0.4332858
2382	-28.5626	-198.2698	169.7072	0.8812377	1.305498	1.816502	0.5820234
2388	-25.55961	-196.6819	171.1222	1.212035	0.4569812	0.8604805	0.4789528
2394	-23.31291	-195.4024	172.0895	0.02795391	0.3102614	1.017164	0.7112442
2400	-24.17952	-195.801	171.6215	0.1358136	0.3309553	1.201703	0.9462081
2406	-18.65153	-190.1972	171.5456	0.01491684	0.493684	1.572874	0.6603175
2412	-15.13163	-185.0496	169.918	0.6785728	1.400674	1.666554	0.6980097
2418	-21.52062	-192.9911	171.4705	0.1308867	0.5944095	1.44031	0.6980097
2424	-28.82645	-198.45	169.6236	1.037161	1.598712	1.44031	0.3731962
2430	-23.87272	-193.0565	169.1838	1.037161	2.162478	1.426307	0.5412828
2436	-22.96875	-192.3062	169.3375	1.069629	0.9442924	2.323938	0.3661736
2442	-27.78433	-199.0106	171.2263	0.6196853	0.3110801	0.6707915	1.335376
2448	-36.91855	-207.6752	170.7566	0.01094304	0.666961	0.6890772	1.981197
2454	-39.15683	-210.1125	170.9557	0.005141426	0.9871194	0.5436439	1.736239
2460	-31.7001	-203.2354	171.5353	0.429101	0.6586443	0.7809701	0.997381
2466	-23.24367	-194.5718	171.3281	0.1104396	1.380216	0.4785698	1.114942
2472	-29.95272	-201.8355	171.8828	0.178924	0.543052	0.6537227	1.114942
2478	-28.6395	-199.9325	171.293	0.446587	0.543052	1.155652	0.9393628
2484	-29.0584	-198.9534	169.895	1.355507	1.870448	0.505634	0.8142935
2490	-22.94149	-192.8287	169.8872	0.4950835	1.884472	1.38478	0.7832858
2496	-28.07218	-198.6115	170.5393	0.4394748	1.9129	0.7916849	0.7427968
2502	-40.36039	-211.0222	170.6618	0.9987577	0.1805641	1.303365	0.4690458
2508	-29.54535	-198.4527	168.9073	1.332146	1.868227	1.512292	0.822347
2514	-24.0536	-193.913	169.8594	2.12789	0.5842127	0.9777609	0.822347
2520	-20.42368	-191.3555	170.9318	0.4917969	1.572814	0.5602086	0.8627661
2526	-22.99334	-193.9303	170.9369	0.9271733	0.5081945	0.3516576	1.53715
2532	-27.41791	-198.6867	171.2688	1.177703	0.720051	0.2720655	0.9677092
2538	-36.1774	-207.0661	170.8887	1.177703	0.1399745	0.535051	0.8270904
2544	-24.79673	-195.4317	170.635	1.463187	0.6245763	0.8300683	0.8270904
2550	-24.91685	-195.5305	170.6136	0.8429331	0.6245763	1.471654	0.8270904
2556	-26.67432	-197.2876	170.6133	1.349404	0.6245763	1.113437	0.5396652
2562	-30.61792	-201.3142	170.6963	0.5154939	0.3354362	2.000128	0.5396652
2568	-39.89502	-209.8603	169.9653	1.038904	0.3080175	2.196223	0.5396652
2574	-37.42113	-207.4119	169.9908	1.407104	0.3568561	1.515461	0.9985542
2580	-33.11514	-201.5791	168.464	0.4558459	2.457731	2.483455	0.5827055
2586	-28.53907	-198.0643	169.5252	1.913002	0.667315	1.341444	0.9542952
2592	-29.37599	-200.9091	171.5331	0.6323996	0.3749048	0.7231608	1.023209
2598	-26.90196	-197.3553	170.4534	0.7936697	1.597357	0.3943679	1.178646
2604	-28.97456	-199.2787	170.3042	0.8950551	0.8349628	0.4767385	1.72199
2610	-36.83553	-207.5353	170.6997	0.8950551	1.091968	0.6869416	1.038059
2616	-32.35175	-202.2155	169.8637	1.515834	0.6252054	0.6530208	1.606651
2622	-35.15887	-206.5196	171.3607	0.8817551	0.1775478	0.659588	0.6785527
2628	-43.38199	-213.5631	170.1812	1.309184	0.8560372	1.015506	1.048713
2634	-51.86968	-221.1521	169.2824	0.8585744	0.6600366	0.5061469	2.506647
2640	-38.15637	-208.8688	170.7124	0.5019273	0.8492801	0.6293341	1.591761
2646	-37.30474	-208.4071	171.1023	0.2927775	1.016485	0.4520719	1.465412
2652	-38.86168	-209.7607	170.899	0.4949403	0.7320154	1.399476	0.8734738
2658	-23.33006	-194.4384	171.1083	0.4949403	1.206081	0.6124816	0.9916352
2664	-36.22557	-207.4382	171.2127	0.3855712	0.7203343	1.388712	0.5590563
2670	-35.66179	-205.4369	169.7751	0.05339252	2.379736	1.591082	0.6880284
2676	-33.96918	-204.3863	170.4171	0.1091731	1.449386	1.347861	1.094016
2682	-41.69583	-211.6954	169.9995	2.076142	0.902228	0.4339103	1.000352
2688	-40.49936	-210.3161	169.8167	2.076142	0.8969778	0.6219257	1.000352
2694	-37.61739	-208.5698	170.9524	0.6803377	0.3619074	0.8361571	1.384191
2700	-38.36406	-207.3071	168.943	2.218238	0.3634071	1.056735	1.573919
2706	-24.4125	-195.0504	170.6379	1.208103	0.4513684	1.260203	0.7463591
2712	-21.85443	-193.1444	171.29	0.313784	1.143303	0.8022319	0.8511454
2718	-19.71298	-190.9941	171.2812	0.4439948	0.5464848	1.388855	0.6250554
2724	-23.30762	-192.9419	169.6343	0.8932276	2.325498	0.9842122	0.5635634
2730	-26.20878	-195.6289	169.4201	0.8596807	1.275637	2.166322	0.4952886
2736	-20.66775	-191.3913	170.7235	0.8552558	0.9178883	1.22245	0.500143
2742	-13.50918	-184.3147	170.8055	0.09330784	1.008483	1.798653	0.5858893
2748	-15.89294	-187.2566	171.3637	0.3707831	1.008483	0.8213436	0.83215
2754	-11.69673	-183.0325	171.3358	0.05087403	0.9182928	0.9074844	1.184634
2760	-20.36494	-191.3227	170.9577	0.4127048	0.9182928	0.9559063	1.156505
2766	-19.04764	-189.8213	170.7736	0.4634937	0.6790951	1.004593	1.414898
2772	-21.02046	-192.6547	171.6342	0.2709249	0.7944334	0.5626891	1.139285
2778	-23.84883	-195.021	171.1722	0.08351453	0.9103185	1.019734	1.207529
2784	-38.9807	-208.9417	169.961	1.992914	0.516139	0.6581047	1.221555
2790	-33.01488	-202.993	169.9782	1.127712	1.474691	1.100257	0.6736205
2796	-36.16954	-205.5016	169.332	1.68394	1.359914	0.4678808	1.484421
2802	-25.75355	-191.5961	165.8426	3.092724	2.029613	1.46768	1.82677
2808	-24.1865	-188.6036	164.4172	3.092724	1.734648	1.782131	2.706805
2814	-23.9402	-194.3077	170.3675	0.8562463	0.3786734	1.985844	0.5708393
2820	-21.51493	-192.0258	170.5109	0.4744037	0.8169855	1.620654	0.988012
2826	-30.14001	-199.7035	169.5635	1.424506	0.6539693	1.620654	1.130374
2832	-21.47436	-192.3203	170.846	0.9471081	0.2206239	0.8503635	1.130374
2838	-26.80528	-197.7996	170.9944	0.4281804	0.6245737	0.4058643	1.752432
2844	-28.38937	-199.7543	171.3649	0.4275333	0.9103788	0.4870437	1.20397
2850	-34.52533	-206.1346	171.6093	0.3282961	0.2856323	0.3536751	1.495882
2856	-28.86927	-200.5578	171.6886	0.07734247	0.4949463	1.154818	0.9460867
2862	-49.35331	-220.269	170.9157	0.2871614	0.2941132	0.4236467	1.969243
2868	-36.58789	-207.5525	170.9646	0.2871614	1.093619	0.4515382	1.515685
2874	-43.09899	-213.2709	170.1719	0.1781429	2.063817	0.6460251	1.373162
2880	-59.0326	-230.2266	171.194	0.216647	1.192684	0.7166456	1.089564
2886	-57.34176	-227.206	169.8643	1.239414	0.4731067	0.4215036	2.032347
2892	-46.48216	-216.8765	170.3943	0.1676865	0.751269	0.8086179	1.986634
2898	-47.21473	-216.7383	169.5236	0.7655971	2.252777	0.5282148	1.391781
2904	-32.4563	-203.6371	171.1808	0.8537479	0.8195942	0.4191172	1.130064
2910	-31.22283	-197.8396	166.6167	2.76387	2.295026	1.122302	1.602632
2916	-31.99942	-203.6869	171.6875	0.1324022	1.425493	0.4744258	0.5640072
2922	-36.76745	-204.7303	167.9629	0.1160488	5.507891	1.439066	0.6539824
2928	-37.0289	-206.4271	169.3982	0.4299003	3.446782	0.8528231	0.6445918
2934	-37.88567	-206.8771	168.9915	0.4895767	2.97835	1.17243	1.069644
2940	-28.53006	-199.7125	171.1824	0.1324292	0.559358	1.2381	1.245625
2946	-35.42601	-206.6547	171.2287	0.3810281	0.8836395	0.8218279	1.092827
2952	-35.90096	-206.7968	170.8958	0.6408904	0.4564693	1.188476	1.153226
2958	-34.94114	-204.9538	170.0127	0.4292423	1.494406	0.9737012	1.439199
2964	-37.08024	-207.1402	170.06	0.4712798	1.744949	0.9627708	1.190485
2970	-33.11435	-202.5571	169.4428	1.164745	0.7262335	2.374013	0.5585899
2976	-41.38893	-211.9591	170.5701	1.04933	0.2735766	1.274415	0.9742845
2982	-31.65873	-202.4427	170.784	0.396679	1.172788	1.221579	0.8194567
2988	-38.6052	-206.9387	168.3335	1.385084	1.119527	2.808646	0.7155926
2994	-46.43211	-213.9786	167.5465	1.988577	2.334563	0.9010313	1.628258
3000	-24.31549	-193.3846	169.0691	0.3224662	1.479032	2.819591	0.3715147
3006	-30.41515	-199.8706	169.4554	0.2223076	1.358073	2.68738	0.5248391
3012	-34.43926	-203.6469	169.2077	0.9083653	2.384908	1.337839	0.6022221
3018	-23.42816	-193.6707	170.2425	0.6278124	0.9586562	0.9889324	1.499924
3024	-18.89508	-189.8893	170.9942	0.9776372	1.043567	0.2310223	1.155001
3030	-21.04983	-190.3561	169.3063	1.789131	1.157084	1.061424	1.094702
3036	-20.17117	-190.7616	170.5905	0.3226156	1.064213	1.362808	1.069941
3042	-21.83439	-192.0619	170.2275	0.794639	1.424753	1.256631	0.6171194
3048	-34.25385	-204.7208	170.4669	1.945905	0.685413	0.6126492	0.4930881
3054	-26.63138	-197.4407	170.8093	0.4126575	1.324105	1.014592	0.8415781
3060	-30.59263	-200.4052	169.8125	0.9243602	1.673095	0.7631539	1.240236
3066	-27.80897	-199.8752	172.0662	0.1004439	0.7140576	0.4509939	1.072275
3072	-20.87859	-191.9882	171.1096	0.4176641	0.9384217	0.871843	1.072275
3078	-15.15181	-186.2418	171.09	0.1402311	0.760048	0.8764706	1.460588
3084	-13.85053	-185.1988	171.3483	0.4188487	0.6969581	1.04845	0.8855264
3090	-20.45255	-191.888	171.4355	0.3916065	0.3167369	1.278551	0.761538
3096	-23.58213	-195.3362	171.7541	0.3435452	0.3191913	0.9480982	0.8427255
3102	-23.25871	-192.6857	169.427	0.8096772	1.201111	2.282181	0.4886181
3108	-25.84468	-196.6106	170.7659	0.3521227	1.070918	1.527434	0.4631516
3114	-33.04887	-204.0442	170.9953	1.216502	0.4427668	0.9879052	0.5345607
3120	-35.05172	-206.1915	171.1398	0.2837447	0.4312872	1.455616	1.020344
3126	-35.36595	-203.5303	168.1644	2.239153	2.002634	1.0114	1.060055
3132	-33.56698	-203.2571	169.6901	0.765243	2.002634	1.158791	0.8501051
3138	-48.00449	-218.6063	170.6018	0.6366382	1.295738	0.5858905	1.265331
3144	-38.95836	-209.773	170.8146	0.2837841	0.9531137	0.6179744	1.609314
3150	-45.06728	-215.2131	170.1459	1.797411	0.4616294	0.5889136	1.313564
3156	-35.81926	-206.9245	171.1052	1.127822	0.9134512	0.525477	0.6695459
3162	-45.9783	-217.1036	171.1253	0.2104772	0.6194868	1.079912	1.318764
3168	-37.11517	-208.3873	171.2722	0.09751037	0.83928	0.8416829	1.318764
3174	-44.93352	-215.744	170.8105	0.108591	2.011585	0.6705268	0.8703454
3180	-51.43206	-222.4977	171.0656	0.8494014	1.065157	0.3193733	1.107464
3186	-37.34962	-208.0662	170.7166	0.3322484	1.092741	0.8079109	1.399572
3192	-32.98493	-202.5187	169.5338	0.9600599	0.8817855	2.193176	0.8261056
3198	-31.9852	-202.8097	170.8245	0.9600599	0.333185	1.387708	0.659292
3204	-43.49771	-215.167	171.6693	0.4774001	0.3609249	0.5640833	1.18597
3210	-35.91603	-206.7792	170.8632	0.5931496	0.8668733	1.160343	0.9253857
3216	-31.38734	-202.5872	171.1998	1.283122	0.4562723	0.6417326	0.7133368
3222	-38.41277	-209.256	170.8432	0.4101462	0.3654174	1.711301	0.9461534
3228	-38.3534	-209.8662	171.5128	0.2829488	0.6260467	0.6587736	1.282777
3234	-48.09254	-218.2348	170.1423	0.4405671	0.6260467	1.871617	1.282777
3240	-33.36786	-204.5358	171.1679	0.1143921	1.042741	0.876758	1.193866
3246	-31.9973	-203.6457	171.6484	0.135999	0.3927835	0.6542749	1.406208
3252	-43.03507	-210.9686	167.9335	2.239186	0.7474935	2.673384	0.7889002
3258	-38.84656	-205.3815	166.535	2.233757	3.313566	1.796331	0.9289682
3264	-34.90679	-206.6182	171.7114	0.1347364	0.5680886	1.040222	0.9289682
3270	-42.22089	-211.8751	169.6542	0.5996799	1.804156	1.124145	1.244414
3276	-39.42107	-209.4335	170.0125	0.06680351	2.223044	1.151185	1.062044
3282	-38.15852	-209.6942	171.5357	0.2480269	0.5828497	0.7245194	1.267739
3288	-35.7642	-206.84	171.0758	0.9392624	0.799182	0.7394952	0.8430878
3294	-31.74259	-200.9755	169.2329	1.995761	0.6222858	0.4369128	1.866285
3300	-20.91218	-188.787	167.8748	2.183936	1.72795	1.328523	1.292628
3306	-24.51636	-195.6522	171.1359	1.151545	0.5270793	0.86581	0.4748316
3312	-24.8311	-195.3154	170.4843	0.4964698	1.570031	1.017135	0.8489221
3318	-27.75104	-198.4605	170.7094	0.432538	1.228053	1.017135	1.02637
3324	-24.19506	-195.1185	170.9235	1.099617	0.6498919	0.7568238	0.970071
3330	-17.91278	-188.6745	170.7617	0.03961626	1.95281	0.8471441	0.8597477
3336	-17.14908	-188.2949	171.1458	0.0700229	0.9249396	0.8371198	1.377237
3342	-24.83435	-195.2916	170.4572	0.3020403	0.8537031	0.9616917	1.677054
3348	-20.8592	-192.2365	171.3773	0.1951277	0.9891993	0.7525816	1.093989
3354	-24.51475	-194.426	169.9112	0.5467607	1.36022	1.467989	1.124278
3360	-35.78185	-206.6954	170.9135	0.8308758	0.523882	1.281179	0.8015473
3366	-28.14605	-198.8469	170.7009	0.35456	0.7093975	1.447401	1.179498
3372	-19.8571	-189.4922	169.6351	1.220116	2.138206	0.7781368	0.6488559
3378	-20.42456	-190.9095	170.4849	0.5809143	1.609002	1.027537	0.6488559
3384	-18.48068	-189.8648	171.3841	0.04794219	0.7705482	1.244616	0.9616159
3390	-20.01816	-190.5281	170.51	0.07330798	1.754069	1.402813	0.5860334
3396	-29.28284	-200.2726	170.9898	0.0553707	1.754069	0.9429008	0.5791346
3402	-21.80645	-191.289	169.4826	0.4981535	2.58689	1.290275	0.6674302
3408	-31.20336	-200.5113	169.3079	0.7922977	2.245839	1.120038	1.054295
3414	-19.90721	-190.3857	170.4785	0.4648909	1.379674	1.039621	1.054295
3420	-27.08995	-197.6169	170.527	0.241965	1.458803	1.153934	1.039788
3426	-26.5373	-196.6541	170.1168	0.4893117	0.6814787	2.246923	0.8581064
3432	-31.19627	-199.8883	168.692	1.385518	1.611178	1.99708	0.6825594
3438	-41.01108	-211.6851	170.674	1.080846	1.250956	0.6825559	0.6392723
3444	-42.11759	-209.2381	167.1205	1.633711	2.089852	2.812048	0.8185623
3450	-33.37941	-203.7733	170.3938	1.48797	0.6134082	0.6788543	1.20282
3456	-27.30674	-198.4063	171.0996	1.052295	0.2047566	0.7273733	0.8487058
3462	-28.02338	-198.0031	169.9797	1.244637	1.119259	0.7780134	1.261734
3468	-26.07984	-197.496	171.4162	0.220342	0.4289251	0.6448916	1.518423
3474	-35.85623	-206.5953	170.7391	1.176272	0.808439	0.480371	1.190552
3480	-37.47039	-207.6156	170.1452	0.8137944	2.240183	0.5089784	0.7856022
3486	-28.29161	-199.4999	171.2083	0.6190911	1.166242	0.2827436	1.128946
3492	-37.23174	-207.2505	170.0187	0.7116321	1.625118	0.3735798	1.581728
3498	-25.77832	-195.9987	170.2204	1.148267	1.670416	0.610642	0.7509957
3504	-23.47398	-191.9892	168.5152	2.329838	1.220057	0.7327316	1.515982
3510	-22.89036	-194.4062	171.5159	0.4873801	0.5677683	0.3802557	1.377465
3516	-24.02826	-195.3118	171.2836	0.5576495	0.8454645	0.8715634	0.8387385
3522	-21.90228	-192.6363	170.734	1.358342	0.6413093	0.8848249	0.7394619
3528	-15.64617	-186.1986	170.5524	1.311109	0.295619	1.235136	0.7530736
3534	-24.36824	-195.951	171.5827	0.6766936	0.4177583	0.6647282	0.9798931
3540	-34.32223	-201.9626	167.6403	2.468807	0.6330008	0.8284752	2.338481
3546	-33.89813	-203.8567	169.9585	1.278866	0.859469	0.4604152	1.689461
3552	-34.55846	-206.1611	171.6027	0.254406	0.5542702	1.078647	0.8855229
3558	-32.06416	-202.9109	170.8468	0.5680014	0.9913476	0.5877315	1.364714
3564	-32.377	-202.4907	170.1137	0.527539	1.11852	1.052422	1.50442
3570	-22.99564	-192.4285	169.4328	0.7947142	1.327656	2.142189	0.6226038
3576	-23.66446	-193.0919	169.4274	0.8715906	3.210467	0.5476007	0.6226038
3582	-30.62685	-196.7466	166.1197	2.231472	5.136267	0.5476007	1.457622
3588	-23.4667	-194.5953	171.1286	0.9845968	0.3658905	0.8132955	0.9857278
3594	-17.9076	-188.9125	171.0049	0.2698053	1.13829	0.7555777	1.222567
3600	-16.99459	-187.5153	170.5207	0.1246545	1.422405	1.287592	1.063098
3606	-19.03803	-190.5616	171.5235	0.1330328	0.9166512	0.7740228	1.063098
3612	-19.66779	-189.823	170.1552	0.6781696	1.622508	0.9129066	1.063098
3618	-13.71214	-184.9668	171.2547	0.9843204	0.5696868	0.762317	0.7895658
3624	-23.13421	-193.9109	170.7767	1.048573	0.5696868	0.3833892	1.510117
3630	-24.19624	-195.656	171.4597	0.3588498	0.4473114	1.074344	1.000305
3636	-24.67334	-195.1728	170.4994	0.9383799	0.4359322	1.664499	0.761751
3642	-16.18842	-186.77	170.5815	0.1415335	1.083384	1.870169	0.660588
3648	-14.41651	-185.0485	170.632	0.4219094	0.7950079	1.817078	0.677662
3654	-20.00419	-190.0628	170.0586	0.8662039	1.242955	0.9285253	1.283858
3660	-29.37473	-197.9137	168.539	2.292822	0.5187863	1.91144	1.104858
3666	-31.33968	-201.189	169.8493	0.4035838	2.734048	0.784266	0.8512932
3672	-23.05318	-194.5987	171.5455	1.129718	0.561797	0.4468381	0.5637863
3678	-21.03164	-192.4969	171.4653	0.4990117	0.6586882	0.6064705	1.160285
3684	-25.06584	-196.5859	171.52	0.198822	0.536256	0.9505786	1.160285
3690	-26.86303	-196.478	169.615	1.108211	1.015983	1.435965	1.216649
3696	-33.62508	-202.6504	169.0253	2.132706	0.9347136	1.116075	1.18781
3702	-44.43204	-214.0538	169.6218	1.961951	0.371114	0.8538739	1.408691
3708	-27.56857	-198.5864	171.0178	0.2518071	0.7854416	1.239507	1.109914
3714	-38.8882	-209.9608	171.0726	0.204361	0.5466414	1.666983	0.8824995
3720	-22.28158	-192.7457	170.4641	0.5228118	0.8639198	1.708398	0.837837
3726	-32.60258	-202.1514	169.5488	0.3008935	2.257916	1.46827	0.9468481
3732	-38.1378	-205.6822	167.5444	2.43107	1.56328	1.576013	1.280932
3738	-31.72223	-201.6939	169.9716	1.170162	0.8861737	1.633885	0.6884346
3744	-32.93749	-203.7613	170.8238	0.3370567	1.947055	0.5186991	0.827614
3750	-32.46889	-204.1087	171.6398	0.8536663	0.4891547	0.4217683	0.9555047
3756	-33.7267	-204.0806	170.3539	1.563374	0.682038	0.2579606	1.463774
3762	-33.18965	-203.5952	170.4056	0.8197434	0.682038	1.566357	0.9273444
3768	-31.9331	-202.6103	170.6772	0.6867376	0.926632	1.367663	0.6954012
3774	-24.14489	-194.8835	170.7386	0.1134777	2.368465	0.5645763	0.7087059
3780	-17.85055	-189.0448	171.1942	0.1654319	1.644782	0.626548	0.7747529
3786	-18.49123	-188.4191	169.9279	1.705685	0.876176	0.7528272	1.140358
3792	-18.91248	-190.0431	171.1306	0.2112543	0.876176	0.7528272	1.382504
3798	-33.36721	-202.9486	169.5813	1.76051	0.876176	0.7528272	1.382504
3804	-30.11643	-201.2345	171.1181	0.9184598	0.3196759	0.6815101	1.171278
3810	-30.38586	-202.356	171.9702	0.2340747	0.1581163	0.4651471	0.87836
3816	-35.3095	-205.6596	170.3501	1.544237	0.8026936	0.4626464	1.228348
3822	-28.02298	-199.2089	171.1859	0.7278685	0.4000131	0.848123	1.138221
3828	-28.43086	-199.4271	170.9962	0.9128244	0.4202357	0.3679084	1.523896
3834	-35.31283	-206.3283	171.0155	0.8845854	0.8739112	0.5780994	1.058246
3840	-36.75015	-207.8757	171.1255	0.37553	0.9961637	0.874089	1.040243
3846	-40.85064	-209.814	168.9634	2.268592	0.6357177	1.027654	1.430614
3852	-43.39638	-214.5439	171.1475	0.6901111	0.531418	1.021113	0.9859136
3858	-38.51743	-209.9268	171.4093	0.6901111	0.2036828	0.6922811	0.9442519
3864	-36.56469	-208.5902	172.0255	0.1512944	0.3221939	0.6995309	1.026886
3870	-47.34677	-216.2987	168.9519	2.338207	0.9456352	1.033229	1.13499
3876	-57.51137	-225.8963	168.3849	1.65837	0.8600811	0.2576159	2.603906
3882	-50.17738	-221.2873	171.1099	0.7769857	0.9676369	0.4924648	1.063427
3888	-47.958	-217.6283	169.6703	1.758807	0.7536531	0.6310224	1.500405
3894	-34.81565	-206.3296	171.5139	0.4146087	0.6491601	0.4254597	1.347778
3900	-23.85459	-195.3662	171.5116	0.1860708	0.5646005	0.828204	1.264827
3906	-28.55653	-199.7376	171.1811	0.6841552	0.7548576	0.828204	0.9597234
3912	-31.29036	-202.432	171.1417	1.458546	0.5605417	0.4762063	0.6829508
3918	-33.5887	-202.0153	168.4266	1.040242	1.76744	2.466552	0.6829508
3924	-32.49929	-203.1864	170.6871	0.2073764	1.390516	1.115165	1.018496
3930	-33.01862	-203.9564	170.9378	0.1946825	0.4270041	0.9931783	1.632993
3936	-34.82338	-204.4031	169.5797	0.2704557	1.497169	2.33862	0.6660993
3942	-19.61089	-189.7798	170.1689	0.2238687	1.497169	1.818939	0.6136234
3948	-26.14453	-195.7083	169.5637	0.4591499	1.406127	2.294707	0.5375234
3954	-16.81352	-187.3216	170.5081	0.2582454	0.5985607	2.294707	0.6543716
3960	-25.06196	-194.6899	169.628	1.421119	1.221042	1.378726	0.7140316
3966	-21.75514	-192.9717	171.2166	0.1203465	0.5322872	1.792172	0.6118732
3972	-20.4495	-191.4114	170.9619	0.50084	1.044834	1.104527	0.7683644
3978	-25.42084	-196.4294	171.0086	0.3150776	0.8881626	1.439063	0.7078063
3984	-32.95536	-204.3431	171.3877	0.1775615	1.091763	0.7189896	1.035793
3990	-36.07527	-205.7317	169.6564	0.4526265	0.8993283	2.638069	0.7153881
3996	-42.13619	-212.2061	170.0699	0.2980925	1.824152	1.041932	1.202494
4002	-43.8149	-214.4828	170.6679	0.1042945	1.059672	0.8291978	1.615494
4008	-51.75853	-222.8056	171.0471	0.06171065	1.067685	0.5574562	1.562332
4014	-51.08779	-220.6393	169.5515	0.6751699	1.91824	1.121581	1.185218
4020	-41.62992	-213.5824	171.9524	0.276103	0.2229024	0.5396721	1.01845
4026	-26.60138	-197.2845	170.6831	0.7310941	1.39541	0.7547277	0.8404535
4032	-29.40009	-198.0917	168.6916	2.470368	0.4735855	1.46027	1.234415
4038	-33.01968	-202.1288	169.1091	2.470368	0.3617311	0.8715717	1.398145
4044	-37.65651	-206.347	168.6905	2.253527	0.6298018	1.362669	1.398145
4050	-41.68926	-210.9488	169.2595	2.253527	0.2601882	0.5715844	1.627332
4056	-39.73271	-210.3752	170.6425	0.9241142	0.4119034	0.5715844	1.627332
4062	-41.36405	-210.8665	169.5025	1.672356	0.3102221	1.442787	1.252785
4068	-31.37288	-202.1963	170.8234	1.190627	0.2599931	0.76983	1.066121
4074	-38.84224	-209.5927	170.7505	0.05919413	0.9167084	1.843546	0.8249544
4080	-35.55778	-206.9943	171.4366	0.3316002	0.7000778	0.9470167	0.9901126
4086	-30.13486	-201.3941	171.2593	0.8908828	0.4425552	0.6036219	1.133323
4092	-33.98542	-205.9682	171.9828	0.02746362	0.4678645	0.4967411	1.33133
4098	-28.00064	-198.9584	170.9578	1.189224	0.6953556	0.8085459	0.695494
4104	-39.71621	-209.3878	169.6716	0.6847211	1.85371	1.046601	1.186318
4110	-37.15581	-207.789	170.6332	0.4920874	0.7899926	1.70282	0.7567621
4116	-22.10012	-193.6547	171.5546	0.07577384	0.8372156	1.106577	0.8185361
4122	-32.78687	-201.3374	168.5505	1.095228	1.710384	2.313543	0.3265071
4128	-34.9782	-201.5593	166.5811	1.8862	3.047192	2.50345	0.5866819
4134	-25.37937	-196.2581	170.8787	0.12637	1.33672	1.336228	0.6664351
4140	-30.34672	-201.5678	171.2211	0.0143987	1.086417	1.283399	0.7781724
4146	-23.82075	-195.8826	172.0619	0.1256554	0.642591	0.694464	0.8647157
4152	-18.9913	-189.4493	170.458	0.5933289	1.376623	1.29412	0.5402114
4158	-37.72558	-203.6669	165.9414	1.819052	4.312321	2.42441	0.451933
4164	-21.35772	-191.5271	170.1694	1.226122	1.376289	0.949398	0.4573678
4170	-29.31631	-197.613	168.2967	1.502067	3.340165	0.949398	0.650377
4176	-20.49088	-190.3144	169.8235	0.9262901	1.444044	1.372076	0.8414755
4182	-20.84257	-192.3819	171.5393	0.4522188	0.9166321	0.6485545	0.8414755
4188	-18.43315	-189.425	170.9919	0.2736005	0.9166321	1.355886	0.8640756
4194	-20.86628	-191.3908	170.5245	1.674322	0.5207981	0.8420957	0.7835235
4200	-26.62814	-196.5484	169.9202	1.493434	1.251472	0.6631927	1.082745
4206	-22.02587	-194.1292	172.1033	0.1727043	0.4483285	0.8575248	0.7044408
4212	-23.29583	-194.004	170.7082	0.107439	1.078196	1.600689	0.9140002
4218	-30.90234	-200.1974	169.2951	0.8762449	1.236207	2.061833	0.9429443
4224	-31.50359	-202.3507	170.8471	0.8762449	0.6293975	1.311635	0.6550758
4230	-45.71206	-215.0023	169.2903	1.62931	1.512629	1.136648	0.8428199
4236	-35.20553	-205.4824	170.2769	1.42233	0.2926564	1.330152	0.8430632
4242	-33.39489	-202.4646	169.0697	1.415491	1.437599	1.770069	0.3790403
4248	-41.83165	-208.8729	167.0412	1.415491	4.155981	1.804582	0.6029538
4254	-38.59944	-207.0946	168.4952	1.775839	2.660464	0.9522231	0.6523214
4260	-32.92221	-203.9025	170.9803	0.5441139	0.7542174	0.5371475	1.498931
4266	-31.89406	-202.7352	170.8411	1.618	0.5640554	0.6100115	0.6914553
4272	-26.83583	-197.0552	170.2194	0.3841953	1.164689	1.931315	0.607341
4278	-39.12097	-208.6737	169.5528	1.235762	1.568459	1.313671	0.7036311
4284	-23.10585	-194.4778	171.372	0.2013909	0.8307991	1.302037	0.5814069
4290	-22.8537	-192.908	170.0543	0.8578611	0.6867277	1.965076	0.8223359
4296	-22.83095	-192.823	169.9921	1.413281	1.258506	1.057084	0.5146351
4302	-17.43424	-188.2422	170.8079	1.008046	0.5976236	0.8312069	1.138632
4308	-25.37495	-197.5452	172.1702	0.2268988	0.4369254	0.320002	1.167735
4314	-15.44359	-186.8979	171.4543	0.1457054	1.08934	0.3313088	1.343593
4320	-15.89262	-186.5046	170.612	1.172496	0.7473156	1.124878	0.6913297
4326	-14.00041	-182.4326	168.4322	2.733987	0.3856688	1.124878	1.51919
4332	-19.44055	-188.2979	168.8574	2.071461	1.488555	1.237419	0.721036
4338	-25.80911	-194.5039	168.6948	1.859124	0.5367452	2.49295	0.759527
4344	-19.56442	-190.3278	170.7633	0.5767068	1.276625	0.9752701	0.7997918
4350	-15.40282	-186.0463	170.6435	0.1057742	1.192393	0.3354085	1.885125
4356	-16.89589	-187.0852	170.1893	0.5556398	2.075648	0.7387497	0.9290821
4362	-15.29208	-185.9828	170.6907	0.9395234	1.228649	0.6233073	0.9290821
4368	-26.43166	-195.2649	168.8332	0.7199684	3.27827	1.269395	0.5485653
4374	-22.82676	-194.17	171.3432	0.7070483	0.7481959	0.8122553	0.7649266
4380	-29.61468	-200.9872	171.3725	0.2262405	0.7482856	0.8958164	1.154803
4386	-41.45449	-211.9732	170.5187	0.2798637	0.6182509	2.276942	0.5699422
4392	-22.60602	-193.7937	171.1876	0.06137354	0.3454257	1.831119	0.8093489
4398	-28.08719	-197.1564	169.0692	1.146907	1.591995	1.848103	0.3239607
4404	-28.7607	-197.2787	168.518	0.3465844	1.812298	3.083173	0.4949911
4410	-27.46116	-196.9108	169.4497	1.547314	0.716616	1.926043	0.7175524
4416	-23.88669	-195.3944	171.5077	0.776903	0.6320655	0.7142417	0.7175524
4422	-35.23089	-205.1714	169.9405	0.776903	0.6320655	0.3575815	2.251156
4428	-32.67418	-203.1005	170.4263	0.8607003	0.5311775	0.3110966	1.95978
4434	-32.9121	-203.8044	170.8923	0.2073811	1.395522	0.4272849	1.425592
4440	-26.49259	-197.2129	170.7203	0.701504	1.144733	0.8832924	0.9621885
4446	-18.77302	-190.3051	171.5321	0.2256478	0.4414954	1.195512	0.9406569
4452	-14.15092	-182.8433	168.6923	0.1683908	4.587548	1.169701	0.5524154
4458	-9.562301	-181.1294	171.5671	0.1169467	0.6789244	1.262716	0.7350054
4464	-19.89612	-191.0548	171.1587	0.8182624	0.4876486	1.161309	0.657544
4470	-31.68538	-201.5142	169.8288	1.342651	0.6971312	1.170732	1.322803
4476	-28.78905	-197.8541	169.0651	0.7702218	1.141603	2.134188	1.270561
4482	-37.05869	-204.5175	167.4588	2.783303	0.5700253	2.646324	0.9250513
4488	-24.74797	-194.4725	169.7245	1.90394	0.5855893	0.9847936	1.177034
4494	-27.9093	-198.1953	170.286	0.5378053	1.629093	1.235293	0.6809695
4500	-27.80755	-198.7268	170.9193	0.6735665	1.28853	0.3584777	1.163349
4506	-19.76765	-190.1208	170.3532	0.8952749	0.8866451	1.501792	0.7307128
4512	-26.14626	-196.9799	170.8336	0.5472878	0.6207264	1.649318	0.6792736
4518	-35.25837	-207.2312	171.9728	0.3153927	0.5976353	0.6480583	0.844949
4524	-44.38038	-215.895	171.5146	0.1326772	0.1804141	0.8754565	1.128171
4530	-39.55319	-210.4585	170.9053	0.5451304	0.3589531	1.115325	1.306988
4536	-45.01277	-214.0171	169.0043	1.80876	0.3522536	2.008186	1.086599
4542	-35.70581	-205.9121	170.2063	1.109878	0.5345905	0.8647538	1.549881
4548	-37.9656	-209.5131	171.5475	0.2123708	0.1575385	0.7514319	1.040661
4554	-29.42371	-199.179	169.7553	1.414413	1.141085	0.9086108	1.178967
4560	-27.09648	-197.9702	170.8737	0.1182811	1.141085	1.086358	1.178967
4566	-26.2802	-197.4431	171.1629	0.1503759	1.100493	1.231318	0.7182163
4572	-31.26854	-201.2469	169.9783	1.159463	1.223261	1.285294	0.7182163
4578	-31.81277	-202.9544	171.1417	0.7163418	0.5981822	1.220903	0.6126964
4584	-21.91589	-193.5226	171.6068	0.5079993	0.5981822	0.9467354	0.6540896
4590	-22.00979	-192.2613	170.2515	0.1604916	1.137631	2.130422	0.6540896
4596	-21.76813	-191.8018	170.0336	0.6405951	0.6483109	2.377316	0.4426966
4602	-21.13046	-192.7617	171.6312	0.2543557	0.1943369	1.117121	0.5844917
4608	-25.03967	-196.3079	171.2682	0.8193981	0.723921	0.8309301	0.7136612
4614	-20.52587	-189.9984	169.4725	0.8488119	1.560938	1.793454	0.6937988
4620	-11.37081	-179.7654	168.3946	1.858602	1.446538	2.028676	0.4978107
4626	-19.08297	-188.3876	169.3047	1.573858	1.434152	1.414568	0.4841276
4632	-16.68311	-187.4022	170.7191	0.5497749	0.6808272	1.661486	0.7572144
4638	-18.7128	-189.7546	171.0418	0.8140311	0.6601937	1.077847	0.7789359
4644	-32.58312	-204.2333	171.6502	0.5337194	0.3603207	0.9806871	0.6835257
4650	-30.64487	-201.2449	170.6	0.092522	1.471272	1.171408	1.08438
4656	-35.70118	-206.9772	171.2761	0.6904189	0.5698148	0.7030112	1.138361
4662	-43.07207	-211.4397	168.3676	2.643148	0.3599409	1.436848	1.400735
4668	-31.40081	-199.9963	168.5955	2.643148	0.2687512	1.661398	0.9622782
4674	-30.69631	-197.1449	166.4486	2.643148	2.469729	1.764087	1.222149
4680	-36.35031	-203.3392	166.9889	0.6689243	5.548505	1.867008	0.4242668
4686	-39.31118	-203.4022	164.091	1.346116	5.89024	3.632742	0.2042543
4692	-39.71823	-209.7624	170.0442	1.443352	0.70301	1.508702	0.4228695
4698	-19.62459	-191.2546	171.63	0.03492239	0.6622422	0.8813248	1.178949
4704	-14.96613	-186.2604	171.2943	0.02792504	0.9462481	1.288555	0.841153
4710	-21.3159	-193.0749	171.759	0.03410403	0.5675177	1.170003	0.841153
4716	-14.28721	-185.6526	171.3653	0.06351276	0.5317094	1.227678	1.174336
4722	-22.28284	-192.249	169.9662	0.04418313	2.459911	1.112897	0.9836921
4728	-26.66064	-197.4754	170.8147	0.1132108	0.8317411	1.650058	1.001593
4734	-27.64989	-198.6829	171.033	1.104102	0.3161027	0.9074351	0.8423614
4740	-32.5085	-203.7089	171.2004	1.104102	0.7140079	0.5361672	0.8368041
4746	-24.31129	-194.8865	170.5752	1.192091	0.7222551	1.044148	0.8630228
4752	-29.3865	-200.2572	170.8707	0.9917626	0.4149142	0.8210645	1.203369
4758	-33.14905	-204.3086	171.1596	0.2734728	0.3395444	0.8657109	1.511857
4764	-24.41902	-196.3711	171.9521	0.1284459	0.472635	0.8657109	0.9323063
4770	-30.03883	-200.8023	170.7635	0.3773248	0.7995068	1.535571	0.9323063
4776	-25.68621	-196.6373	170.9511	0.3314957	0.8414616	1.156697	1.123674
4782	-21.12529	-192.6806	171.5553	0.3796296	0.6315161	0.4327151	1.349076
4788	-20.59814	-189.5859	168.9877	2.637761	0.6810053	0.9625825	1.127209
4794	-32.00055	-200.7012	168.7007	0.3686189	3.148362	1.766083	0.7263054
4800	-42.65547	-213.0506	170.3951	0.6628167	0.5697558	1.708168	1.04939
4806	-35.594	-207.0671	171.4731	0.4640009	0.5697558	1.152044	0.6427559
4812	-30.87942	-201.9795	171.1001	0.8880209	0.5210656	1.134229	0.6470366
4818	-43.05457	-212.7757	169.7211	1.422369	1.719713	0.6178087	0.9611193
4824	-36.18282	-207.3009	171.1181	0.2642847	0.6881458	1.119008	1.197595
4830	-37.97406	-209.1617	171.1877	0.265425	0.7088155	1.119008	1.118667
4836	-42.65067	-212.7065	170.0559	0.1480654	1.855604	1.363279	1.035238
4842	-31.98009	-202.3011	170.321	0.9484273	0.845396	1.363279	0.9309871
4848	-33.53723	-202.7074	169.1702	1.163924	0.8096436	2.221243	1.04491
4854	-36.37542	-206.9618	170.5863	0.5332962	0.3312812	2.049986	0.6634971
4860	-26.35449	-196.9636	170.6092	0.1083036	0.7496141	1.730299	1.194477
4866	-41.49022	-212.9597	171.4695	0.8221974	0.2695194	0.7033896	0.8576974
4872	-29.07511	-200.7974	171.7223	0.08893941	0.7210519	0.730142	1.136069
4878	-25.16802	-195.9564	170.7884	0.515126	0.8965349	0.8091187	1.352411
4884	-30.8584	-201.821	170.9626	0.6936343	0.8965349	0.7157607	1.135202
4890	-34.02601	-204.7536	170.7276	1.541331	0.1813673	0.6932522	0.5613046
4896	-25.19779	-195.8141	170.6163	0.8662476	1.102759	0.4691704	1.316504
4902	-38.51896	-209.6637	171.1447	0.1990633	0.9546742	0.7558587	1.316504
4908	-27.03963	-197.7803	170.7407	1.501529	0.2144368	0.8212789	0.5742085
4914	-31.95287	-202.197	170.2442	0.784691	0.3926079	2.055425	0.8037398
4920	-31.00844	-202.446	171.4375	0.5676318	0.3079937	0.6798401	1.194758
4926	-27.5168	-199.3037	171.7869	0.4799939	0.3069725	0.6568616	0.9718222
4932	-27.16433	-198.4997	171.3354	0.189445	0.6743714	1.152197	1.050434
4938	-36.62406	-206.2997	169.6757	2.076464	0.6743714	0.4840022	1.422505
4944	-24.1283	-195.196	171.0677	0.5438539	0.6362743	1.013736	1.129237
4950	-26.90745	-197.2384	170.331	1.162277	0.6362743	1.368828	0.8941426
4956	-37.3834	-207.3202	169.9368	1.458737	0.826005	1.243162	0.9449816
4962	-27.44476	-198.0597	170.6149	0.4566375	1.295176	0.9586486	1.086505
4968	-31.8518	-202.7681	170.9163	0.5956352	0.4976557	1.02188	1.296143
4974	-44.41459	-214.355	169.9405	1.023136	0.733024	0.6005761	1.86758
4980	-34.68893	-205.0767	170.3878	0.6428488	1.193546	1.145431	1.042789
4986	-36.80582	-206.3411	169.5353	1.575725	1.467707	0.8003528	1.042789
4992	-46.86244	-217.0746	170.2122	1.037326	0.8962941	1.087704	1.1662
4998	-52.06442	-222.3138	170.2494	0.5816962	1.680326	0.5006404	1.371384
5004	-54.14745	-222.4184	168.2709	2.206835	1.598828	1.069679	1.257211
5010	-32.65073	-203.6108	170.9601	0.4143804	0.7601566	1.163277	1.105969
5016	-31.26946	-202.0359	170.7664	0.6783835	1.092096	0.7643358	1.105969
5022	-33.09908	-203.183	170.0839	0.5282115	1.49981	0.7643358	1.465201
5028	-30.97231	-201.3718	170.3995	0.9488436	0.9940203	0.5390926	1.451886
5034	-30.34615	-201.2098	170.8636	0.2622749	0.9940203	1.421907	0.8596159
5040	-24.66236	-195.0909	170.4285	0.4059492	1.119786	1.506664	0.9503741
5046	-22.22706	-192.8853	170.6582	1.023426	0.8592797	0.9191895	0.9503741
5052	-21.73089	-192.3209	170.59	0.5926241	1.267206	1.110197	0.8404181
5058	-21.70459	-192.1083	170.4038	0.158457	1.549508	0.8547789	1.398435
5064	-23.02534	-194.7033	171.6779	0.3103486	0.5576316	0.9810914	0.842594
5070	-25.1217	-194.8127	169.691	1.828387	0.7918861	0.9810914	1.112147
5076	-26.93998	-196.982	170.0421	1.942093	0.4082317	0.7117441	1.194288
5082	-22.86234	-193.901	171.0387	0.7293949	0.2926124	1.095053	1.022781
5088	-22.28801	-192.335	170.047	0.5633725	1.834691	1.262459	0.6852161
5094	-29.38034	-200.5366	171.1563	0.4809801	0.2747225	1.260307	0.9717428
5100	-26.48976	-197.349	170.8592	0.112973	0.9451604	1.653639	0.8236353
5106	-44.1505	-214.9101	170.7596	0.8973568	0.9451604	1.08963	0.6263715
5112	-37.13699	-206.9633	169.8263	0.6752033	1.667497	1.08963	1.166674
5118	-35.83503	-205.2777	169.4427	1.38628	1.71769	1.08963	0.7771712
5124	-31.90529	-202.5699	170.6646	1.38628	0.377651	1.160634	0.5628913
5130	-31.90434	-202.0034	170.0991	1.38628	1.139292	0.9039201	0.875692
5136	-29.9903	-200.2083	170.218	1.017408	1.37307	1.107096	0.5717308
5142	-37.73507	-207.9284	170.1933	0.1453316	1.147218	1.911944	1.014909
5148	-24.32251	-196.2808	171.9583	0.0216136	0.4475652	0.8982281	1.014909
5154	-26.28934	-198.2595	171.9702	0.08413921	0.5590938	0.7553965	1.014909
5160	-18.8875	-189.6549	170.7674	0.6319062	1.231045	0.8963436	0.8793146
5166	-15.7833	-187.111	171.3277	0.2428991	0.3967858	1.59242	0.6815589
5172	-29.82615	-199.3261	169.4999	1.880315	0.2628852	1.754504	0.627825
5178	-25.9716	-197.035	171.0634	0.4506396	0.9399049	1.088072	0.8594133
5184	-28.8691	-199.6836	170.8145	0.1658333	0.5273207	1.753876	1.107888
5190	-27.20375	-198.2646	171.0608	0.4592562	0.6604685	1.049421	1.160031
5196	-27.75614	-199.2691	171.513	0.1105081	0.9578507	0.772087	1.057342
5202	-30.11637	-200.5356	170.4192	0.7445459	0.9080893	1.080137	1.236086
5208	-30.95863	-202.1005	171.1418	0.242624	0.9935825	0.4260296	1.510284
5214	-31.03503	-201.24	170.205	0.5428318	1.361216	0.7364216	1.483175
5220	-29.12876	-199.7855	170.6567	0.6277882	1.300394	1.096439	0.6573351
5226	-36.58975	-206.6604	170.0706	1.215293	1.110506	1.096439	0.9159148
5232	-33.09071	-203.9552	170.8644	1.114628	0.5579821	1.139347	0.5884372
5238	-38.51215	-209.2837	170.7716	1.103819	0.361502	1.053058	0.9836041
5244	-36.70804	-208.2034	171.4954	0.8637238	0.4579381	0.7183392	0.7834304
5250	-25.04877	-196.3735	171.3247	0.07078097	0.6807249	1.124106	1.187711
5256	-28.19812	-199.455	171.2569	0.1447806	1.775311	0.5027682	0.7210926
5262	-20.48549	-191.7509	171.2654	0.5476784	0.3530312	0.7121659	1.339133
5268	-18.23671	-189.9827	171.746	0.3335363	0.3855693	0.7121659	1.113576
5274	-36.70478	-207.8356	171.1308	0.8206478	1.277761	0.4923189	0.5108862
5280	-31.13603	-201.8053	170.6692	0.8720015	0.9615559	0.6922681	1.199645
5286	-30.01296	-201.0125	170.9996	0.8720015	0.8403127	0.7302586	0.9688771
5292	-26.04269	-194.8487	168.806	0.9131866	2.165313	1.091663	1.451578
5298	-25.33806	-195.2042	169.8661	1.460015	0.5802291	1.754126	0.6444965
5304	-26.29951	-196.6831	170.3836	1.236409	0.838947	0.9645938	0.9878221
5310	-27.40859	-197.8316	170.423	1.236123	0.4466194	1.11447	1.113869
5316	-28.89135	-199.6643	170.7729	0.5653988	0.9680568	0.9860688	1.113869
5322	-31.82621	-203.5524	171.7262	0.5095614	0.4769258	0.4133606	1.210111
5328	-42.33338	-211.432	169.0986	2.274291	0.5077193	1.230078	1.233783
5334	-30.17187	-201.5409	171.369	0.07650417	0.9586972	0.7795468	1.209281
5340	-30.60873	-202.2862	171.6775	0.1772153	0.6282505	1.011248	0.8975781
5346	-36.79553	-207.7636	170.9681	1.185255	0.2897343	0.7562812	0.9738775
5352	-21.38303	-192.9495	171.5665	0.3580089	0.6182557	1.036676	0.7909523
5358	-23.16644	-192.6998	169.5333	1.897189	0.6648623	1.036676	1.244288
5364	-25.98083	-197.2156	171.2348	0.247765	0.6623676	1.543916	0.6062053
5370	-19.92338	-191.4184	171.495	0.2574822	0.6587669	1.29047	0.5593414
5376	-22.634	-194.8127	172.1787	0.08626494	0.8458656	0.5755042	0.6375397
5382	-33.12686	-204.3356	171.2088	0.7444262	0.8887818	0.8166797	0.6942757
5388	-28.0222	-198.772	170.7498	0.5667309	1.198667	0.8267364	1.069178
5394	-34.33288	-205.2776	170.9447	0.4308688	0.8747654	0.6573817	1.431482
5400	-29.95282	-199.7308	169.7779	0.7606149	1.66422	0.7304586	1.431482
5406	-33.00634	-202.406	169.3996	0.7030252	2.935598	0.3418697	1.278282
5412	-33.85739	-204.1739	170.3165	0.2343508	1.703029	0.4928165	1.574104
5418	-40.77725	-210.9072	170.13	0.8082423	1.603251	0.1961779	1.574104
5424	-40.57584	-210.9839	170.4081	0.1001746	1.603251	1.018043	1.271339
5430	-34.42234	-205.2877	170.8654	0.6987552	1.021654	0.5239607	1.271339
5436	-26.09172	-193.6735	167.5818	2.762526	0.8572644	1.928821	1.253728
5442	-20.59127	-188.5126	167.9214	2.420949	0.7080558	2.259385	1.092277
5448	-20.60288	-191.4227	170.8199	1.037509	0.7080558	1.102092	0.6661342
5454	-31.42875	-201.1861	169.7574	0.9147324	1.229477	1.690303	0.7984705
5460	-29.02625	-196.7051	167.6789	1.237856	3.612149	1.690303	0.4614861
5466	-21.16366	-191.6777	170.514	0.9341316	0.5038133	1.721059	0.5170586
5472	-21.13331	-193.0284	171.8951	0.04445326	0.5038133	0.816288	1.102154
5478	-19.98726	-191.5237	171.5364	0.1184009	0.8632277	0.816288	1.074805
5484	-17.36393	-188.7191	171.3552	0.1027062	0.8580878	1.255752	0.8219897
5490	-15.52723	-185.7655	170.2383	0.7928904	0.4779378	2.152232	0.5280188
5496	-17.8637	-189.0284	171.1647	0.2835272	1.196078	0.8015542	0.9669747
5502	-16.82963	-185.1027	168.2731	2.624964	0.6140862	2.105351	0.7346908
5508	-20.97431	-192.1555	171.1812	0.4363891	0.6980264	0.7198881	1.325922
5514	-31.21327	-201.1735	169.9602	1.313935	1.508362	0.7984105	0.8274561
5520	-27.18239	-198.3179	171.1355	0.1103715	0.623731	0.9566023	1.481943
5526	-35.45826	-205.7103	170.252	0.06963289	1.29936	1.641466	1.143615
5532	-29.27579	-198.7169	169.4411	0.1978959	1.831907	2.287951	0.5438731
5538	-44.46967	-213.9799	169.5102	0.874174	2.481229	0.9514796	0.6966537
5544	-36.06369	-204.8043	168.7406	0.8603963	0.2439515	3.283756	0.9414279
5550	-25.58108	-196.5729	170.9918	0.4292639	0.5394069	1.476926	0.9392028
5556	-38.58814	-209.1827	170.5946	0.08732704	0.9319683	1.369061	1.373266
5562	-33.35071	-204.6637	171.313	0.1633722	0.660385	1.369061	0.8891259
5568	-33.11953	-204.8359	171.7163	0.1512948	0.8621278	0.6053937	1.074059
5574	-31.89823	-203.001	171.1028	0.03328747	1.623761	0.8573196	0.7913272
5580	-32.33035	-204.1563	171.826	0.06538468	0.6283288	1.061022	0.7913272
5586	-35.76469	-206.1072	170.3426	0.7667274	0.8581921	0.9452592	1.427469
5592	-29.97573	-201.4399	171.4642	0.9306262	0.4313412	0.5888597	0.9118623
5598	-25.70284	-196.2145	170.5117	0.4972174	1.167608	1.417375	0.7945966
5604	-28.81555	-200.3791	171.5635	0.6339942	0.6564856	0.7728559	0.7292522
5610	-25.0516	-195.9538	170.9022	1.187683	0.5038973	0.5853307	1.174082
5616	-16.78865	-188.0068	171.2182	1.005711	0.4244658	0.5884795	1.08622
5622	-20.79634	-191.4127	170.6164	0.502583	0.4244658	2.061089	0.6300393
5628	-13.2073	-183.3135	170.1062	0.6352405	1.234137	1.103306	1.297946
5634	-20.49184	-191.8773	171.3854	0.04893462	0.825363	0.7484502	1.352509
5640	-19.20976	-189.7077	170.4979	0.7749539	1.269495	0.9225746	0.9484439
5646	-30.87499	-199.2154	168.3404	1.822132	1.700731	1.697821	0.8707958
5652	-26.09843	-195.2632	169.1648	1.838123	1.18525	1.194502	1.030105
5658	-22.29348	-192.4127	170.1192	0.4040609	0.6611942	2.186629	1.030105
5664	-31.68043	-202.1831	170.5027	0.4166803	0.5584543	2.194643	0.6011982
5670	-27.3611	-198.1828	170.8217	0.4166803	0.6548916	1.812849	0.5290338
5676	-42.18719	-211.7299	169.5427	0.501897	0.5725702	3.025559	0.6774028
5682	-33.45307	-202.765	169.3119	0.6448893	0.707276	3.025559	0.6155505
5688	-33.68978	-203.777	170.0872	0.7591634	1.139539	1.256254	1.159123
5694	-29.00701	-199.0719	170.0648	0.7591634	0.7933676	2.063684	0.6468318
5700	-27.44872	-199.4899	172.0412	0.01231717	0.6405917	0.8621346	0.8256912
5706	-21.98122	-192.9247	170.9435	0.03381369	0.5515991	1.901239	0.9505127
5712	-20.44552	-192.0234	171.5779	0.01020345	1.086888	0.723281	1.014054
5718	-20.43362	-192.1794	171.7458	0.001545045	1.086888	0.6384611	0.9377439
5724	-16.46072	-186.895	170.4342	0.229914	1.732197	1.191228	0.8428502
5730	-16.67966	-187.3527	170.673	1.067128	0.8215267	0.8623663	0.9869964
5736	-22.20414	-191.8757	169.6716	1.843734	1.100815	0.911191	0.8769245
5742	-21.00747	-191.6213	170.6138	0.8871555	0.6020672	0.5500432	1.607275
5748	-23.8432	-194.684	170.8408	0.4086354	1.19842	0.4228406	1.460878
5754	-22.57269	-193.747	171.1743	1.251373	0.2432159	0.4748424	0.9230484
5760	-21.6143	-192.2648	170.6505	1.265079	1.14024	0.5573468	0.767408
5766	-22.98153	-193.447	170.4655	1.191988	0.6684493	1.054411	1.021876
5772	-23.91373	-192.6268	168.7131	1.345557	1.22461	2.419738	0.4117269
5778	-22.76446	-193.9281	171.1637	1.317743	0.5249575	0.59277	0.7303963
5784	-26.174	-196.8255	170.6515	0.6361421	0.8922605	1.378447	0.8392484
5790	-32.32162	-201.5461	169.2245	0.06029828	4.321815	0.7760581	0.7912642
5796	-27.81533	-199.4871	171.6718	0.09826903	0.4819307	0.6494234	1.394476
5802	-30.63553	-201.808	171.1724	0.1525741	0.2671803	1.828228	0.5910529
5808	-32.69615	-203.2804	170.5842	0.1355452	1.554182	1.428703	0.6386577
5814	-38.84135	-210.0562	171.2149	0.6863882	0.2036455	1.110538	0.6386577
5820	-26.31819	-195.0368	168.7186	2.039182	1.670471	0.8882293	1.115435
5826	-27.10388	-198.7812	171.6773	0.2825026	0.7270022	0.6892307	1.030866
5832	-32.18157	-203.7142	171.5326	0.1981618	0.5574413	0.6772085	1.364311
5838	-35.6488	-206.7376	171.0888	0.8308906	0.2842602	0.9586676	1.000754
5844	-35.83737	-205.6944	169.8571	0.2935263	2.160224	0.8209924	1.329299
5850	-39.12971	-209.6395	170.5098	1.523248	0.3733486	1.112688	0.716691
5856	-34.06635	-204.543	170.4766	1.277637	0.5986821	1.146223	0.8862906
5862	-29.92007	-201.2157	171.2956	0.7569183	0.4816859	1.112771	0.5995625
5868	-28.06232	-198.9419	170.8796	0.3742479	0.3288868	1.945444	0.4219114
5874	-38.03647	-208.6204	170.5839	0.2504695	2.034514	0.7881288	0.8055965
5880	-30.01302	-200.4816	170.4686	0.2394543	2.034514	0.6379241	1.099242
5886	-33.81764	-203.2136	169.396	0.7716652	1.595474	1.180401	1.418973
5892	-46.65532	-217.0202	170.3649	0.6622228	0.361695	0.9096919	1.774449
5898	-45.90853	-215.7598	169.8513	0.7985498	1.550044	1.308294	0.9161719
5904	-40.88299	-211.38	170.4971	1.290152	0.3337437	1.169814	0.9492418
5910	-44.98703	-214.644	169.657	1.6268	0.3613562	1.63124	0.9971567
5916	-47.65276	-218.1619	170.5092	1.464912	0.6611813	0.8218916	0.9427952
5922	-49.4344	-219.7466	170.3122	1.382213	1.055326	0.8880371	0.7297752
5928	-46.72006	-217.7547	171.0346	1.122831	0.2084726	0.8880371	0.4252822
5934	-36.92319	-208.6394	171.7162	0.4034059	0.417728	0.9970126	0.7499562
5940	-29.38946	-199.5756	170.1861	1.282199	0.5211985	1.054204	1.293087
5946	-40.01765	-209.8608	169.8431	1.282199	0.9666623	0.2366001	1.849283
5952	-40.67725	-210.1053	169.428	1.794094	1.079594	0.889702	1.202861
5958	-34.16353	-205.2501	171.0866	0.3572348	0.660189	0.8280803	1.404641
5964	-32.38986	-203.9221	171.5323	0.03230031	0.505047	0.8280803	1.404641
5970	-33.28023	-204.095	170.8148	0.2363407	1.612239	0.5006641	1.243306
5976	-39.69575	-210.5908	170.895	0.12152	0.3536444	0.8177618	1.844821
5982	-46.78733	-217.2652	170.4779	0.12152	0.6114394	0.7520634	2.082758
5988	-53.76168	-224.5923	170.8306	0.03316062	0.6114394	0.4102957	2.1335
5994	-32.82023	-204.1992	171.379	0.8480176	0.415562	0.7176895	0.9593524
6000	-40.05907	-211.3721	171.313	0.4732344	0.7449157	0.6121879	1.240129
6006	-37.51102	-209.4006	171.8896	0.06603263	0.2953684	1.2335	0.5568172
6012	-34.91913	-204.7984	169.8793	1.4422	0.5108624	1.839834	0.5457018
6018	-23.39976	-194.0872	170.6874	0.03865372	0.5572893	2.355905	0.6770633
6024	-29.29008	-200.65	171.3599	0.1847537	1.235594	0.8896274	0.6770633
6030	-21.63468	-193.2917	171.657	0.4489707	0.459844	0.5548082	1.207697
6036	-24.13892	-194.552	170.413	0.7191626	0.9033661	1.373492	1.003101
6042	-23.24234	-194.4433	171.2009	0.149634	0.9179146	0.6823916	1.398328
6048	-23.90637	-195.2304	171.324	0.2953723	0.9179146	0.9691849	0.9004058
6054	-29.64748	-198.0063	168.3588	0.9271309	3.676767	0.9691849	1.007492
6060	-33.36273	-204.5027	171.1399	0.4166905	0.9707082	1.10429	0.7394009
6066	-32.08035	-202.1897	170.1093	0.1141677	1.715089	1.678014	0.80361
6072	-36.53126	-207.138	170.6067	0.3068921	1.078531	1.668303	0.6916345
6078	-41.6808	-210.902	169.2212	2.048545	0.7462941	1.383142	1.009246
6084	-42.5743	-210.9852	168.4109	1.757774	2.42611	0.8776581	1.083619
6090	-32.52919	-203.093	170.5638	0.1150031	1.190491	1.289528	1.231205
6096	-32.55161	-202.9628	170.4112	1.664306	0.5600581	0.2551136	1.42314
6102	-42.70387	-209.5757	166.8719	2.795126	0.7655533	1.045219	2.404463
6108	-38.18083	-206.3352	168.1544	2.795126	0.7976228	1.09063	1.483639
6114	-36.24844	-204.4882	168.2398	2.43661	0.715684	0.7438268	1.975854
6120	-31.77318	-200.0142	168.241	2.43661	0.3480339	1.880244	1.312394
6126	-30.67773	-198.5425	167.8647	2.43661	0.3480339	2.89971	0.5967735
6132	-23.04943	-191.6699	168.6204	2.43661	0.4038595	1.599763	1.228493
6138	-19.87577	-191.2968	171.4211	0.4234239	0.239467	1.201746	0.7287648
6144	-18.94043	-189.8725	170.932	0.4248305	1.33756	0.9743441	0.6843806
6150	-22.64477	-192.6033	169.9585	1.456928	0.7775395	1.415257	0.7703351
6156	-32.11397	-202.6888	170.5748	0.9954301	1.009423	0.9178569	0.9105721
6162	-27.10977	-197.1478	170.038	1.502442	1.090178	1.062929	0.622151
6168	-25.7348	-195.9814	170.2466	1.502442	0.6432198	1.292854	0.6101883
6174	-16.5409	-187.205	170.6641	0.1280341	1.915399	1.042299	0.6167327
6180	-21.80666	-193.4033	171.5967	0.04312938	1.013451	0.8046205	0.953367
6186	-26.75585	-197.9431	171.1873	0.3250254	0.2696461	1.626241	0.6383453
6192	-24.24521	-195.3206	171.0754	0.5524067	0.64266	1.399203	0.6477623
6198	-25.33812	-196.1228	170.7847	0.7474501	0.442904	1.633484	0.6471191
6204	-25.15734	-194.3984	169.2411	1.350916	2.324035	0.6497967	0.9712132
6210	-28.4751	-198.4117	169.9366	1.629309	0.5177161	1.558129	0.6481994
6216	-20.33699	-190.8468	170.5098	1.082904	0.7825587	1.341645	0.4992555
6222	-21.6573	-192.1943	170.537	1.292153	0.9430032	0.5561336	1.080872
6228	-26.44754	-197.3637	170.9162	0.07712529	1.450737	1.201349	0.7326255
6234	-27.59824	-197.1908	169.5926	1.006115	1.64141	1.158242	1.036428
6240	-24.31464	-195.1143	170.7996	1.016734	0.4980524	0.4849278	1.477897
6246	-19.57754	-190.06	170.4824	0.6971184	1.575687	0.6881407	0.9865015
6252	-15.03116	-186.3168	171.2856	0.298006	0.6812788	1.317376	0.7978026
6258	-19.58382	-188.8374	169.2535	2.062733	0.4935319	1.317376	1.215222
6264	-18.41705	-188.7624	170.3453	1.17552	0.2025479	1.446169	0.3313474
6270	-28.47435	-197.9713	169.4969	0.8545585	0.2255379	2.68219	0.339819
6276	-27.39241	-196.9191	169.5267	0.8545585	0.8177437	2.518881	0.50461
6282	-22.51382	-191.4009	168.8871	0.5734985	2.345969	2.035824	0.5595091
6288	-24.29519	-194.7182	170.4231	0.1024911	1.282388	1.697778	0.9044933
6294	-34.83456	-205.7228	170.8882	1.056341	0.6565352	0.9937177	0.7769869
6300	-24.55774	-195.9642	171.4065	0.3704132	0.807583	0.7133356	1.107565
6306	-33.90398	-203.5763	169.6724	0.00953832	2.354207	1.683093	0.8019441
6312	-31.31017	-203.2021	171.892	0.001141532	0.4990205	1.268789	0.5771935
6318	-35.27878	-205.858	170.5792	0.1120159	0.4845678	2.445502	0.6644243
6324	-37.98543	-206.6861	168.7007	2.162775	1.112329	1.349968	1.083472
6330	-36.52589	-207.2269	170.701	1.033798	0.4523453	0.5446169	1.51277
6336	-36.28747	-206.1729	169.8854	1.617039	0.310033	0.5491278	1.68349
6342	-25.85085	-197.1093	171.2585	0.233147	0.6180963	1.459426	0.804679
6348	-30.67192	-200.712	170.0401	0.4121111	1.391335	1.724295	0.8359365
6354	-31.32274	-201.2674	169.9446	1.262418	1.391335	1.027432	0.7579695
6360	-28.96978	-197.7317	168.762	0.1928899	2.297121	2.534996	0.6787523
6366	-26.40949	-196.7361	170.3266	0.1699817	2.269587	1.044527	0.6140829
6372	-33.98281	-204.7752	170.7924	0.6646694	0.6961139	0.59059	1.549657
6378	-37.08172	-208.1944	171.1127	0.5926207	0.7715211	0.9578814	0.9746035
6384	-35.26082	-202.738	167.4772	1.613763	4.342111	1.025911	0.6863103
6390	-37.14606	-206.6673	169.5212	0.3122142	2.48353	1.014454	1.219864
6396	-41.27435	-211.0426	169.7683	0.3658083	1.415804	2.175485	0.473045
6402	-37.34719	-206.8126	169.4654	0.08453487	3.599223	1.004524	0.7006139
6408	-31.84735	-200.1691	168.3218	0.03006208	3.197394	2.524483	0.4514527
6414	-33.26033	-201.6284	168.3681	0.3916637	4.039051	1.588986	0.5010171
6420	-35.88164	-205.9594	170.0777	0.304357	2.095443	0.8175937	1.184149
6426	-36.12428	-206.063	169.9387	0.5999676	2.049099	0.699679	1.184149
6432	-35.03974	-205.8199	170.7802	0.4276857	0.617588	0.9221469	1.53994
6438	-41.56251	-210.6784	169.1159	0.856406	2.191862	0.6988073	1.540252
6444	-27.17967	-197.3139	170.1343	0.9618968	1.070988	0.8631217	1.335856
6450	-24.52912	-195.42	170.8909	0.07104703	1.070988	1.003909	1.330589
6456	-24.83426	-196.0858	171.2516	0.1198002	0.7334678	1.546918	0.6987911
6462	-21.68058	-193.1829	171.5023	0.4224399	0.7163165	0.691944	1.071218
6468	-24.11227	-194.2462	170.1339	0.4945307	1.810249	1.27475	0.6682833
6474	-25.77836	-195.6333	169.8549	0.2996086	2.777981	0.9745455	0.6682833
6480	-31.63276	-201.6443	170.0115	1.313896	0.9161941	1.470085	0.5631587
6486	-41.88433	-208.6508	166.7664	1.147353	1.756298	4.076114	0.4413158
6492	-29.53451	-198.8728	169.3383	1.391441	0.2181721	2.263345	0.3170877
6498	-27.16498	-197.3031	170.1382	1.182205	0.3683038	1.874365	0.3973934
6504	-27.27141	-197.0229	169.7515	1.002342	1.375175	1.541593	0.3526173
6510	-19.99671	-191.0456	171.0488	0.5008547	0.4448018	1.591192	0.6942571
6516	-24.02841	-194.9553	170.9269	0.8590281	0.9202816	0.6157935	1.086673
6522	-25.0626	-196.3861	171.3235	0.5112639	0.6031493	0.9316122	1.023482
6528	-28.80407	-196.6566	167.8525	1.764567	0.7857921	3.273284	0.3703639
6534	-19.36847	-189.9906	170.6221	0.1027507	1.2496	1.67946	0.7064324
6540	-19.4879	-191.0528	171.5649	0.1915575	0.8421292	0.7947937	1.018032
6546	-23.13161	-193.1911	170.0595	1.070475	1.244455	1.342434	0.4554688
6552	-21.05845	-190.8039	169.7454	1.918946	0.242904	1.342434	0.7949977
6558	-18.87069	-189.2656	170.3949	1.049343	0.8255398	1.383368	0.7024015
6564	-19.25918	-190.1821	170.9229	0.3188803	0.5685323	0.9534793	1.520788
6570	-17.4048	-189.273	171.8682	0.3441327	0.4864141	0.4318601	1.209779
6576	-24.87645	-196.354	171.4776	0.2953741	0.4668356	0.6479347	1.399644
6582	-30.55565	-200.436	169.8803	1.291687	1.087067	1.34953	0.7735246
6588	-27.72793	-197.9955	170.2676	0.3489656	2.559834	0.6102733	0.7735246
6594	-25.40194	-195.4489	170.0469	0.8485971	1.378824	0.6676952	1.409911
6600	-30.72138	-202.4569	171.7355	0.1091106	0.6265892	0.9460132	0.9796828
6606	-35.99956	-206.7929	170.7933	1.035149	0.7455781	0.5097871	1.289365
6612	-34.59882	-205.2463	170.6475	0.5033164	0.8309524	0.5326845	1.719428
6618	-29.08923	-199.7744	170.6852	0.120951	1.472587	0.8154981	1.292784
6624	-26.10323	-196.4409	170.3377	0.02708051	0.9347722	1.784015	1.292784
6630	-35.59311	-207.1409	171.5478	0.05481311	1.131221	0.8878361	0.7549659
6636	-27.79456	-198.4482	170.6536	0.02743653	1.332941	0.794473	1.510188
6642	-24.35122	-195.9181	171.5669	0.1197262	0.4730369	0.8518971	1.303719
6648	-27.59943	-197.1748	169.5754	2.178955	1.059942	0.2533391	1.305779
6654	-21.53808	-193.0324	171.4943	0.04634499	1.340641	0.2533391	1.254481
6660	-24.54836	-196.1007	171.5524	0.1974967	0.5861437	1.15429	0.8935885
6666	-21.97754	-193.1239	171.1463	0.6566616	0.410908	1.15821	0.9433393
6672	-19.38363	-189.7378	170.3542	0.9977318	1.315661	0.8439611	0.8990294
6678	-32.01886	-202.4142	170.3954	0.9977318	1.315661	0.3496509	1.316171
6684	-27.18839	-196.4322	169.2438	1.859466	1.315661	0.2382615	1.620933
6690	-25.28308	-195.8285	170.5454	1.078558	0.9942962	0.2382615	1.470817
6696	-34.12869	-203.1082	168.9795	1.604889	1.936095	0.3949157	1.469502
6702	-20.94608	-189.3113	168.3652	2.145555	1.760639	0.7438838	1.375396
6708	-27.14667	-198.9292	171.7825	0.05394799	0.2522739	1.278858	0.6390279
6714	-18.52384	-189.539	171.0151	0.06628073	1.17411	1.385839	0.725186
6720	-29.09596	-199.4359	170.3399	1.222354	0.7173012	1.385839	0.6716367
6726	-34.06747	-204.898	170.8305	1.213751	0.7229285	0.6790312	0.9600344
6732	-34.30732	-204.8168	170.5094	1.627547	0.3769134	0.4889592	1.257683
6738	-30.21106	-200.6762	170.4651	1.275539	0.846498	0.9977645	0.8046691
6744	-24.45586	-195.4719	171.0161	0.6287766	0.6330645	1.038184	1.079014
6750	-18.92384	-188.7071	169.7833	0.6340876	0.7302916	2.566496	0.5106109
6756	-26.06653	-198.1784	172.1118	0.1571689	0.2743593	0.8911584	0.5949046
6762	-26.32714	-197.7908	171.4637	0.1297833	0.7328773	0.9826687	1.094478
6768	-30.97526	-201.2792	170.3039	0.8144896	1.240646	0.9563807	1.094478
6774	-31.67447	-202.6879	171.0134	0.004506406	0.8014175	0.9563807	1.530119
6780	-24.09929	-195.1307	171.0314	0.1689692	0.765761	0.4917312	1.757778
6786	-43.94527	-214.9916	171.0463	0.7071171	0.2380352	1.054065	1.010051
6792	-36.58501	-207.1339	170.5489	0.7638166	0.5447785	1.464391	1.056624
6798	-39.29372	-209.7847	170.491	0.6326844	1.091174	1.464391	0.6552814
6804	-44.82174	-215.2813	170.4595	0.9484888	0.2980093	1.749845	0.6532709
6810	-44.21309	-215.3057	171.0926	0.6447958	0.6466015	1.237487	0.7358531
6816	-43.62602	-214.0646	170.4386	0.4854949	0.513618	1.128451	1.653494
6822	-40.80749	-211.8728	171.0654	0.4854949	0.513618	0.6557961	1.541329
6828	-37.20342	-207.6432	170.4398	1.17773	0.6195182	0.3233297	1.676063
6834	-32.45542	-202.6199	170.1645	1.145422	0.8984867	0.4975066	1.582685
6840	-40.2772	-211.1366	170.8594	1.047732	0.3112792	1.108771	0.8737835
6846	-33.69568	-204.536	170.8403	0.5044732	0.2387286	1.591594	0.8737835
6852	-37.20431	-206.1622	168.9579	1.127366	0.3925972	2.034106	1.644013
6858	-44.52503	-213.8432	169.3182	2.264467	0.645973	0.6892919	1.414236
6864	-42.39256	-213.3229	170.9303	1.037318	0.5990753	0.5773138	1.226196
6870	-34.76466	-205.7158	170.9511	0.2729426	1.73279	0.6562786	0.8105985
6876	-43.69457	-211.4645	167.7699	1.627327	0.614744	3.635354	0.6842738
6882	-34.86228	-205.7216	170.8593	0.7806196	0.8173848	0.9899036	0.9631503
6888	-35.06367	-206.5257	171.462	0.3290817	0.262833	0.9702937	1.090546
6894	-49.36128	-220.3173	170.9561	0.8080718	0.4143098	1.188255	0.9516876
6900	-45.3165	-215.8577	170.5412	0.8080718	0.2217403	1.308455	1.119862
6906	-38.70126	-209.497	170.7957	0.9194136	0.3649332	1.32469	0.8620033
6912	-38.69335	-209.9453	171.2519	0.04573226	0.8332896	1.063637	1.199227
6918	-39.21649	-210.7355	171.519	0.04573226	0.4416459	0.9678128	1.320582
6924	-49.32709	-220.6784	171.3513	0.3646632	0.770891	0.6873335	1.215103
6930	-48.28801	-218.7221	170.4341	1.138155	0.770891	0.792937	1.247244
6936	-41.26279	-211.1786	169.9158	0.2785459	1.075698	1.531149	1.512463
6942	-38.10804	-208.4706	170.3626	0.6449654	0.9042774	0.6289359	1.701461
6948	-42.64935	-212.1473	169.4979	1.429433	0.9846341	0.6289359	1.701461
6954	-46.20831	-216.4157	170.2073	1.429433	0.9372334	0.4141082	1.369206
6960	-59.8446	-229.76	169.9154	1.0695	1.689219	0.3973464	1.324813
6966	-37.51847	-206.6665	169.148	1.178656	0.1906482	2.29068	1.076193
6972	-32.54899	-203.208	170.6591	1.312865	0.9606349	0.7458417	0.6567159
6978	-31.49895	-200.4083	168.9093	0.9303628	1.815652	1.833132	0.9645477
6984	-32.63733	-203.7663	171.129	0.09610315	1.290601	1.18466	0.6117089
6990	-33.30652	-203.3524	170.0458	1.696213	0.8641692	1.086187	0.3939498
6996	-35.23733	-206.056	170.8187	1.408688	0.3935564	0.5416184	1.132969
7002	-32.42129	-202.7062	170.2849	1.004547	1.519758	0.3472478	1.243853
7008	-30.56968	-202.6421	172.0724	0.1404753	0.5287823	0.8130581	0.7965729
7014	-34.29388	-205.3596	171.0657	1.126109	0.6919233	0.8208779	0.5612191
7020	-28.04846	-198.6378	170.5893	0.5265423	0.9820407	1.452566	0.8491891
7026	-36.53806	-205.2701	168.732	2.392601	1.105711	1.151069	1.030633
7032	-33.29404	-204.5069	171.2129	0.2742635	0.2894706	1.525462	0.8602116
7038	-26.51204	-196.1387	169.6266	2.035952	0.7974466	0.7970066	1.143998
7044	-30.2066	-201.7942	171.5876	0.4201524	0.195313	0.9396856	0.7133697
7050	-32.73826	-202.7534	170.0152	0.8802646	1.462027	1.004921	1.05838
7056	-33.57303	-204.0174	170.4443	0.2412853	1.922956	1.153226	0.5840154
7062	-21.30916	-191.6105	170.3014	0.9090843	0.4464714	1.937802	0.6794046
7068	-29.58538	-198.4261	168.8407	1.517719	1.907882	1.447854	0.6906531
7074	-27.34392	-196.9099	169.566	1.235772	0.8767754	0.6898265	1.821665
7080	-21.74297	-192.58	170.837	0.4991592	0.7112514	1.374786	0.9839335
7086	-19.69024	-189.8134	170.1232	1.538207	1.100151	0.9205205	0.6492077
7092	-25.68157	-196.235	170.5534	0.4599862	0.3095335	2.127201	0.70024
7098	-25.91713	-194.6927	168.7756	2.674859	0.281142	1.230722	1.180439
7104	-25.37124	-193.4139	168.0426	2.674859	0.6585757	1.830299	1.180439
7110	-27.23799	-195.1233	167.8853	2.674859	0.4194114	1.355811	1.783055
7116	-31.43413	-198.472	167.0379	2.674859	0.2037779	3.213119	0.784942
7122	-19.65622	-190.698	171.0418	0.2461698	1.01763	1.26674	0.8220325
7128	-37.56139	-208.415	170.8536	0.9059088	0.4325634	1.210365	0.9265447
7134	-26.37724	-197.6197	171.2425	0.1395017	0.7856655	1.384047	0.8450452
7140	-20.39777	-191.836	171.4382	0.3400952	0.7856655	0.9362532	0.9051051
7146	-24.49172	-194.6752	170.1835	0.6471091	1.518932	1.11378	0.9618835
7152	-32.38193	-202.4884	170.1065	0.5140249	2.163007	0.7323692	0.9902866
7158	-32.19006	-198.8693	166.6792	2.606343	1.38321	2.449822	1.269129
7164	-21.95454	-190.862	168.9075	2.104786	0.6685623	2.007499	0.609509
7170	-26.85297	-196.4867	169.6338	0.6808596	2.177982	1.275119	0.6715029
7176	-27.39404	-198.5466	171.1525	0.5443543	0.5400032	1.400579	0.6715029
7182	-35.54914	-206.8001	171.251	0.4387914	0.2478216	1.403311	0.6715029
7188	-31.64538	-200.5731	168.9277	0.2137515	3.355856	1.634053	0.4959604
7194	-22.3723	-192.8707	170.4984	1.159578	0.7116607	0.8799541	1.146845
7200	-21.23654	-191.791	170.5545	1.159578	0.7116607	0.9083941	1.069886
7206	-25.96455	-196.1565	170.192	1.357231	0.9486063	0.580945	1.29668
7212	-34.44732	-205.0819	170.6346	0.9758308	0.8286322	1.048775	0.920051
7218	-27.49099	-197.0351	169.5441	1.885913	0.4191422	1.416523	1.05579
7224	-27.52228	-199.0142	171.4919	0.06794611	0.3143395	1.332665	1.00742
7230	-62.76818	-231.8604	169.0923	0.4120571	2.826314	0.5034317	1.669086
7236	-36.2113	-204.7075	168.4962	2.243939	1.16654	0.7819424	1.595887
7242	-36.74251	-208.0876	171.3451	0.8474824	0.4120202	0.8044985	0.903898
7248	-34.70196	-206.1918	171.4899	1.022278	0.297634	0.6646091	0.6067859
7254	-37.78833	-207.5005	169.7121	1.651268	0.8015749	1.513637	0.6526687
7260	-35.03567	-205.374	170.3383	0.2383579	0.8674202	1.554123	1.360918
7266	-27.38549	-196.7558	169.3703	2.07916	0.8674202	0.6813267	1.360918
7272	-33.93799	-204.2702	170.3322	0.3410299	2.032797	0.4261971	1.311526
7278	-40.60191	-210.5464	169.9445	0.452452	1.418776	0.7940139	1.658028
7284	-31.1177	-202.0521	170.9344	0.01774659	1.154232	1.153288	1.143753
7290	-42.65193	-214.2429	171.5909	0.05253135	0.6898283	0.9180578	1.143753
7296	-31.61173	-202.432	170.8203	0.02059655	0.7309854	1.570558	1.24026
7302	-28.59277	-199.1912	170.5985	0.3438038	1.165567	1.570558	0.6580744
7308	-30.6404	-201.6247	170.9843	0.3067002	0.4932566	1.769078	0.7811165
7314	-29.27222	-200.9366	171.6644	0.2303609	0.3652863	1.048519	0.9685591
7320	-27.05892	-197.4114	170.3525	0.4382388	0.7090973	2.183874	0.6309492
7326	-33.78485	-204.5137	170.7289	0.8267175	0.4369745	1.271804	1.067945
7332	-25.68576	-195.0509	169.3652	0.7363414	1.685975	1.832336	0.7954202
7338	-17.67216	-188.6491	170.9769	0.5277502	0.6375005	1.337021	0.9157362
7344	-19.58159	-191.0292	171.4476	0.2575249	0.8453112	0.9540952	0.9018794
7350	-26.62958	-198.1204	171.4909	0.2074848	0.5162448	1.297008	0.8464369
7356	-36.25379	-205.6059	169.3522	1.865032	1.406114	0.9366514	0.8464369
7362	-32.75898	-202.5447	169.7857	0.1038489	2.827267	1.082658	0.8478232
7368	-28.46957	-200.5151	172.0455	0.173507	0.5980398	0.2637238	1.278667
7374	-30.58832	-202.7749	172.1866	0.3526295	0.440253	0.2601262	1.092845
7380	-27.55577	-197.9126	170.3568	0.3526295	2.336486	0.7780786	0.6148295
7386	-27.10238	-199.0744	171.972	0.3099185	0.4769444	0.8553467	0.6718068
7392	-38.04525	-207.7546	169.7093	2.501356	0.5441096	0.9107543	0.6100782
7398	-46.31077	-213.8111	167.5004	2.501356	0.9514786	1.758185	1.578809
7404	-37.46794	-205.7706	168.3027	2.501356	0.6655052	1.758185	1.162517
7410	-36.75113	-204.7287	167.9776	2.71477	0.7017138	1.360902	1.541747
7416	-32.20438	-202.5132	170.3088	0.1619713	1.200896	1.47874	1.238399
7422	-29.06509	-200.003	170.9379	0.2645444	0.8387951	1.477101	0.886145
7428	-34.40457	-205.6983	171.2938	0.09395147	0.5637275	0.7930518	1.534269
7434	-43.08787	-213.2095	170.1216	0.9515061	1.471268	0.9862425	0.8851395
7440	-32.04136	-203.4359	171.3945	0.1238624	1.073092	0.6816614	1.131317
7446	-22.65318	-193.2539	170.6007	1.147458	0.6937625	1.106121	0.8430702
7452	-23.71717	-194.6578	170.9406	0.6190578	0.6462448	1.441714	0.6921374
7458	-22.61622	-192.0804	169.4641	1.001271	1.980184	1.194923	0.8161243
7464	-18.88395	-190.9208	172.0369	0.05510358	0.7060917	0.9020139	0.5838564
7470	-22.73442	-192.2981	169.5636	0.5429384	1.864403	1.503676	0.9850104
7476	-20.72913	-191.0397	170.3106	0.4800284	1.135685	0.804774	1.56462
7482	-16.01014	-187.4117	171.4015	0.2811263	0.9661944	0.804774	0.9578103
7488	-21.66152	-191.5355	169.874	0.1538277	0.8270718	2.832658	0.6340733
7494	-27.73528	-198.6852	170.9499	0.2464817	0.9307897	1.415955	0.857999
7500	-26.8348	-197.6548	170.82	0.3960983	0.5196271	1.767451	0.857999
7506	-27.60425	-197.9412	170.337	1.314017	1.079257	0.9887518	0.5113203
7512	-34.79635	-205.1442	170.3478	1.314017	1.079257	0.9770418	0.4764502
7518	-37.94133	-208.9372	170.9959	1.314017	0.5254426	0.6316045	0.9021361
7524	-30.29585	-202.0389	171.743	0.3114503	0.3290164	0.9443718	0.9021361
7530	-36.68779	-206.0276	169.3398	2.691986	0.564226	0.7554216	1.033137
7536	-26.60763	-197.4176	170.81	0.7048109	1.010227	0.6438828	1.221962
7542	-39.73062	-209.0454	169.3147	0.9530014	2.065412	1.414196	0.6730179
7548	-42.86461	-210.9466	168.082	1.069115	3.408619	1.55223	0.6499409
7554	-40.30861	-210.313	170.0044	0.3558108	1.997409	1.312717	0.7797147
7560	-31.27835	-201.9895	170.7112	1.252855	0.5893584	0.724987	1.106947
7566	-29.89906	-200.7907	170.8916	1.252855	0.2996012	0.7546228	0.9921642
7572	-27.94644	-198.8687	170.9222	0.2496172	0.9988002	0.9530014	1.259844
7578	-41.43328	-212.9151	171.4819	0.5376213	0.7177472	0.933145	0.6617574
7584	-35.73264	-206.0588	170.3262	0.8200088	1.200095	1.326688	0.6698602
7590	-44.79118	-216.3698	171.5786	0.4237846	0.3575526	0.9514173	0.9572177
7596	-37.88076	-208.3017	170.421	0.1468719	1.523677	0.4359125	1.720777
7602	-39.66883	-210.3276	170.6588	0.754344	0.3711833	0.6003878	1.720777
7608	-42.76741	-213.6624	170.895	0.754344	0.3818784	0.3635183	1.720777
7614	-42.4138	-212.8474	170.4336	1.061339	0.819493	1.19452	0.8963735
7620	-33.28328	-204.0368	170.7535	1.061339	0.6224373	0.4505845	1.434867
7626	-31.89378	-203.0031	171.1093	0.8635604	0.5496784	0.3502139	1.434867
7632	-34.24753	-204.8521	170.6046	0.2741455	1.176902	0.9236621	1.376775
7638	-41.28957	-211.7609	170.4714	0.7749649	0.8581432	0.8734827	1.376775
7644	-44.53634	-215.1921	170.6558	0.6737856	0.2407572	0.7499985	1.609367
7650	-30.8627	-197.7728	166.9101	2.494828	2.551586	1.604261	1.027313
7656	-26.41492	-196.739	170.3241	0.09885923	2.140123	0.827915	1.105929
7662	-27.63839	-197.8869	170.2485	0.5339088	1.2537	0.6355613	1.609209
7668	-33.91367	-205.3026	171.3889	0.6928368	0.60069	0.6645574	1.044883
7674	-28.85496	-200.2749	171.4199	0.4221278	0.9021273	0.6117608	1.054778
7680	-37.33851	-207.9508	170.6123	0.9387841	0.4173547	1.601306	0.6917212
7686	-27.37847	-197.6699	170.2914	1.457451	0.5416309	1.290784	0.7650367
7692	-28.28956	-197.8799	169.5903	1.404483	0.993606	1.727143	0.5439956
7698	-23.54377	-194.0945	170.5508	0.3499418	1.210298	1.571524	0.6505661
7704	-25.33795	-193.3454	168.0075	0.6899015	2.970604	2.340264	0.5069192
7710	-24.56143	-190.8942	166.3328	0.187599	7.840344	1.964108	0.3518331
7716	-18.55743	-189.678	171.1205	0.2441551	0.4680115	1.497158	1.021294
7722	-16.69447	-187.1696	170.4752	1.536013	0.6231465	0.9120749	0.8348456
7728	-12.75116	-182.6622	169.911	0.3931439	1.406413	2.014711	0.5238642
7734	-13.8627	-183.5496	169.6869	1.246388	1.067125	1.618685	0.7583692
7740	-19.20285	-187.9256	168.7228	2.205439	1.005919	1.684876	0.7583692
7746	-18.8054	-188.6798	169.8744	1.267741	0.9533453	1.623648	0.4990807
7752	-17.91056	-188.4766	170.566	1.4598	0.8077408	0.7325004	0.8279763
7758	-16.34081	-186.8506	170.5098	0.5390777	0.7085333	1.764533	0.8756719
7764	-13.20816	-184.4852	171.2771	0.2726712	1.142832	0.8360687	0.8756719
7770	-21.41644	-192.6601	171.2436	0.5049052	0.7278776	0.5815111	1.309594
7776	-20.22967	-192.219	171.9893	0.1169346	0.7278776	0.7080128	0.853292
7782	-14.55541	-186.4171	171.8617	0.1102333	0.8286339	0.7461165	0.8525644
7788	-19.84412	-190.3051	170.461	0.8726673	1.386563	0.5049141	1.1792
7794	-29.17033	-198.4927	169.3224	1.178578	2.086954	0.8605979	1.043528
7800	-29.23305	-200.0245	170.7914	1.148125	0.4414894	1.027839	0.9253996
7806	-37.32403	-208.0275	170.7035	0.2017199	0.6722921	1.340797	1.416324
7812	-43.63311	-212.8389	169.2058	0.7886769	1.649819	0.2801924	2.135115
7818	-36.3065	-204.2394	167.9329	0.7611832	1.097592	0.3596451	3.214398
7824	-36.19777	-206.6551	170.4573	0.2647497	1.279734	0.3448748	1.8387
7830	-21.46545	-192.7456	171.2801	0.04517631	0.7131381	0.2996386	1.8387
7836	-19.35559	-189.867	170.5115	0.7824026	1.416976	0.4025328	1.274703
7842	-38.56087	-208.6708	170.1099	1.300902	1.260032	0.3833767	1.318319
7848	-41.01949	-210.335	169.3155	1.300902	1.251191	0.3720255	1.911206
7854	-27.1882	-198.2703	171.0821	0.1195199	0.7711538	0.637475	1.650111
7860	-39.4161	-208.1953	168.7792	0.9564292	3.560361	0.6734343	0.9240624
7866	-38.62683	-206.8664	168.2396	0.3429652	6.294139	0.601804	0.5406954
7872	-43.5615	-212.8307	169.2692	2.201471	0.4265741	1.088956	1.303368
7878	-49.77648	-221.0394	171.263	0.177744	0.9814054	0.8060842	1.171006
7884	-43.09731	-214.3239	171.2266	0.5163307	0.8737053	0.6922277	1.098494
7890	-43.63823	-213.9373	170.2991	0.01955852	2.087071	1.006353	1.077995
7896	-33.85416	-204.3265	170.4723	0.0003921561	2.144809	0.8020297	1.080336
7902	-36.09199	-207.3839	171.2919	0.1663773	0.9377936	0.9033341	1.107532
7908	-39.06953	-209.5858	170.5162	0.4290864	1.115801	1.171094	1.1677
7914	-31.80948	-201.7186	169.9091	0.5874773	2.260723	1.073549	0.5187744
7920	-36.73121	-206.4477	169.7165	0.9078839	0.9933147	2.002847	0.7561401
7926	-23.41918	-195.0819	171.6628	0.128768	0.4707659	1.331413	0.7040264
7932	-34.60083	-205.5588	170.958	0.06335521	0.344212	2.18517	0.5758382
7938	-27.2905	-197.3962	170.1057	0.01425181	1.356555	2.16151	0.7374011
7944	-29.71548	-198.6572	168.9417	0.6722711	0.899263	3.16256	0.3670208
7950	-22.34217	-193.1155	170.7733	0.2272559	1.18447	1.529496	0.5543309
7956	-26.14501	-196.1067	169.9617	0.1318097	2.572327	1.224857	0.5730395
7962	-23.77607	-194.6395	170.8635	0.2453495	0.9777263	1.554386	0.7247399
7968	-29.44982	-200.6689	171.2191	0.2694353	0.4572304	1.097704	1.271253
7974	-38.24989	-209.6523	171.4024	0.3364205	0.4127927	0.6367315	1.451324
7980	-33.20261	-204.9568	171.7542	0.8721231	0.5653252	0.3840647	0.7816419
7986	-27.05135	-197.316	170.2646	1.457629	0.7092141	0.428527	1.463472
7992	-35.232	-205.8082	170.5762	0.5071594	0.9129749	1.573728	0.8247155
7998	-39.40055	-209.5216	170.1211	0.3527513	1.537471	1.573728	0.8247155
8004	-34.41328	-205.5047	171.0914	0.8926872	0.7011716	0.9969572	0.6329058
8010	-28.66043	-198.863	170.2026	0.8926872	0.8924378	1.610807	0.7871188
8016	-32.10585	-200.4531	168.3473	1.759927	2.438701	1.300142	0.6150779
8022	-27.6119	-197.9129	170.301	1.279394	1.057126	0.4393353	1.298298
8028	-34.63599	-205.2347	170.5987	0.5773802	1.262299	0.9684719	1.007674
8034	-37.06591	-207.8557	170.7898	0.1903722	1.262299	0.9684719	1.18795
8040	-35.3634	-206.199	170.8356	0.8506881	0.9533418	0.8475617	0.9219379
8046	-47.98378	-218.4886	170.5049	1.036823	1.142076	0.6547333	1.071794
8052	-31.41532	-202.0549	170.6396	0.2515161	1.328632	0.5372482	1.5483
8058	-33.92034	-205.7428	171.8225	0.1553848	0.6590345	0.6332128	1.124165
8064	-26.72712	-197.8196	171.0924	0.2281696	0.8955442	0.6380189	1.472441
8070	-31.8693	-202.7176	170.8483	0.3140428	0.9674865	0.4186629	1.696083
8076	-41.92184	-213.0179	171.0961	1.061826	0.547733	0.5620114	1.107767
8082	-35.02141	-206.1191	171.0977	1.347437	0.5856698	0.3929311	0.9655347
8088	-31.49453	-202.4833	170.9888	0.3074283	0.7730573	0.2727752	1.838223
8094	-33.40634	-204.1481	170.7417	0.4055406	0.8268486	0.4022685	1.81565
8100	-29.46211	-199.5402	170.0781	0.6246741	0.778297	0.2644346	2.234116
8106	-33.1907	-204.2211	171.0304	0.3869094	0.778297	0.3948217	1.664454
8112	-35.48504	-203.8964	168.4114	0.8277297	2.05608	0.8425817	2.028747
8118	-35.42403	-205.8795	170.4554	0.03265147	1.132134	1.748563	1.042991
8124	-28.96242	-199.1034	170.141	0.08034474	0.2009392	2.757044	0.3484989
8130	-39.25376	-210.9679	171.7141	0.4811557	0.3554912	1.019401	0.5455274
8136	-33.7741	-204.5407	170.7666	0.2219568	0.9664727	1.2711	1.172833
8142	-40.99523	-211.6345	170.6393	1.834278	0.4946962	0.4586979	0.9339388
8148	-38.74976	-208.5864	169.8366	0.6993447	1.666648	1.39231	0.825499
8154	-35.87629	-205.399	169.5227	0.3905108	2.832685	0.8529597	1.061082
8160	-25.69719	-194.6058	168.9086	0.9568759	2.832685	1.24742	0.6150925
8166	-20.13311	-191.2576	171.1244	0.5749502	0.7856914	1.1263	0.7662594
8172	-25.0063	-194.6413	169.635	1.633449	1.027262	1.029561	1.08373
8178	-35.24857	-204.6566	169.408	1.543385	1.642702	0.7543651	1.08373
8184	-28.76575	-198.3646	169.5989	1.699068	1.573476	0.700945	0.8438133
8190	-29.72043	-198.0473	168.3269	1.438856	3.567424	0.8449835	0.6274573
8196	-31.62103	-202.2049	170.5838	0.5398194	0.7936286	1.789753	0.4319201
8202	-27.93202	-199.0558	171.1238	0.529453	0.7038507	0.816305	1.212519
8208	-26.25512	-197.0207	170.7656	0.7833402	0.9513358	0.8913858	1.020428
8214	-29.86904	-195.3918	165.5228	2.241395	3.178334	3.129976	0.5073279
8220	-19.00139	-188.8496	169.8482	0.9907926	0.9746078	1.847323	0.6906413
8226	-25.90581	-196.7567	170.8509	1.029207	0.7496567	0.828797	0.9486859
8232	-20.72894	-191.5649	170.836	0.9308553	1.005713	0.5028225	1.129258
8238	-22.56418	-191.8137	169.2495	2.336074	0.7824051	0.9251148	1.111155
8244	-19.07154	-190.1054	171.0338	0.5937208	0.7824051	1.248541	0.6908357
8250	-19.48422	-191.1387	171.6545	0.03107489	0.3335807	1.446495	0.7312915
8256	-19.42544	-191.0457	171.6203	0.0589217	1.144223	0.4084371	1.168183
8262	-18.61035	-189.8723	171.262	0.2021084	0.9198014	0.8474573	1.168183
8268	-20.97365	-192.2078	171.2342	0.3673494	0.4470548	1.315047	0.976474
8274	-22.3576	-193.8479	171.4903	0.9320204	0.3471048	0.6045214	0.8753595
8280	-22.02974	-192.6303	170.6006	0.5316139	0.4368716	2.059833	0.5828796
8286	-24.99337	-194.5956	169.6022	1.470596	0.3278837	2.123215	0.5966163
8292	-25.83694	-195.3491	169.5122	0.2720456	0.2710151	3.388004	0.4879033
8298	-26.11814	-195.5976	169.4795	2.072885	0.3505778	1.063067	1.265699
8304	-39.65185	-207.8179	168.1661	2.48964	0.9333842	1.377742	1.385917
8310	-36.65296	-207.246	170.5931	1.005778	0.9032624	0.8760641	1.033469
8316	-25.27233	-195.6547	170.3824	0.8580655	1.195578	0.9433264	1.033469
8322	-34.37771	-202.6601	168.2824	2.785237	0.8699837	1.462679	1.011523
8328	-29.7722	-199.8149	170.0427	0.6196712	0.6160185	2.071234	1.044913
8334	-27.32609	-198.2926	170.9665	0.9920644	0.5504162	0.9104449	0.9614315
8340	-29.68484	-200.3125	170.6276	0.9920644	1.025984	0.5576758	1.192541
8346	-26.97564	-198.403	171.4274	0.2902842	0.4743852	1.048166	1.108687
8352	-34.40816	-204.6005	170.1923	0.9008674	0.4743852	2.006093	0.7394479
8358	-28.40089	-199.0922	170.6913	0.9008674	0.5490333	1.296828	0.9414393
8364	-23.36487	-193.9882	170.6233	0.5778066	0.7676031	1.320178	1.114439
8370	-36.20218	-205.1046	168.9024	2.628195	0.4825327	0.6225168	1.594517
8376	-30.64629	-201.6526	171.0063	0.07325865	0.5554511	0.6225168	1.877719
8382	-38.27755	-208.3367	170.0591	0.02488587	1.995058	1.140588	1.234691
8388	-32.73266	-202.5945	169.8619	0.9218543	1.685768	0.984476	0.9854697
8394	-33.23353	-204.307	171.0735	0.1643453	0.5370596	0.6095504	1.786936
8400	-32.98991	-204.1209	171.131	0.6532348	1.260284	0.3738642	0.9961171
8406	-30.834	-200.0367	169.2027	2.105501	1.21255	0.7973808	1.091506
8412	-33.0978	-203.2459	170.1481	0.6896819	1.02487	1.856335	0.5106292
8418	-25.15672	-196.2534	171.0966	0.1032583	1.264974	0.9338004	1.01585
8424	-34.83098	-206.7387	171.9078	0.13062	0.5098773	0.8593424	0.960549
8430	-27.67956	-199.6716	171.992	0.219969	0.2587769	0.8519356	0.7483006
8436	-23.89334	-194.2762	170.3829	1.098204	0.8529442	1.382353	0.4679861
8442	-23.54675	-194.48	170.9333	0.3715289	0.7771294	1.270446	1.055956
8448	-30.0888	-200.245	170.1562	0.2901507	1.510564	1.113409	1.314062
8454	-47.06304	-215.2716	168.2086	2.400285	0.1940669	2.32648	0.7264966
8460	-28.76462	-198.6023	169.8376	0.2570905	1.875229	1.686982	0.7741006
8466	-28.45186	-198.9135	170.4616	1.822171	0.5910627	0.8229756	0.5042293
8472	-27.46954	-195.7148	168.2452	2.633162	0.7193496	2.002791	0.7770086
8478	-34.40885	-205.5536	171.1447	1.096375	0.5892964	0.698699	0.848838
8484	-36.11365	-204.3272	168.2135	2.53323	1.346828	0.4003049	1.737972
8490	-21.33801	-192.5857	171.2477	0.5326145	0.3040275	0.9002529	1.196522
8496	-17.0664	-188.5717	171.5053	0.1097745	0.7813449	1.203067	0.7828799
8502	-21.7217	-193.4551	171.7334	0.731192	0.3412152	0.4523567	0.9925377
8508	-25.6135	-197.3964	171.7829	0.731192	0.3820375	0.4523567	0.9435395
8514	-27.07432	-197.033	169.9587	0.6828335	1.450351	1.19093	1.131048
8520	-35.64999	-206.8126	171.1626	0.6339867	0.8176611	0.6785415	1.112413
8526	-24.56888	-196.1523	171.5834	0.0368995	0.8176611	0.6785415	1.264676
8532	-32.47099	-203.343	170.872	0.8511451	0.5512264	0.8537218	1.230631
8538	-37.76646	-208.9511	171.1846	0.1539609	0.5512264	0.6772636	1.661116
8544	-36.16936	-207.3082	171.1388	0.3187762	0.7614343	1.248596	0.939674
8550	-36.29238	-207.3895	171.0971	0.2703739	0.7995438	0.6794212	1.477126
8556	-44.15388	-213.4918	169.3379	1.338306	0.7714246	1.095741	1.697787
8562	-43.86343	-215.3946	171.5311	0.3750286	0.3958158	0.5610891	1.383519
8568	-41.36601	-212.6028	171.2368	0.4514505	0.7734328	0.6287511	1.285029
8574	-37.45945	-208.2483	170.7888	0.1564584	0.5312996	0.5711058	2.014367
8580	-31.89674	-202.6386	170.7419	0.231551	0.850988	0.6159819	1.771586
8586	-39.03742	-210.2448	171.2074	0.1461586	1.350197	0.8006143	0.9083978
8592	-25.94591	-197.5118	171.5659	0.02422597	0.6044957	0.8006143	1.348724
8598	-28.53217	-200.0812	171.5491	0.02894289	0.6746439	0.7521751	1.348724
8604	-39.68858	-209.7565	170.0679	0.05491074	1.453635	0.7854738	1.832957
8610	-42.06926	-212.8003	170.731	1.349967	0.7020703	0.7094182	0.9086795
8616	-49.17882	-218.8295	169.6506	0.1998069	1.591675	0.7094182	1.981857
8622	-47.49691	-217.3545	169.8576	1.382945	1.591675	0.6752616	0.9204432
8628	-43.54477	-214.7791	171.2343	0.4450337	0.4066638	1.165318	1.060854
8634	-53.20456	-222.7862	169.5816	1.785732	0.2547381	1.584834	0.8854903
8640	-54.97422	-224.7464	169.7722	1.95315	0.2247456	1.034626	1.030521
8646	-47.68483	-217.6206	169.9357	1.075668	0.2772399	2.16727	0.5163807
8652	-48.4887	-215.504	167.0153	1.26711	2.584713	2.938229	0.7551782
8658	-36.26188	-206.7984	170.5365	0.6686143	0.5686334	1.80507	0.7784695
8664	-22.36915	-192.0807	169.7116	0.5459511	2.59951	0.9218971	0.7974971
8670	-18.59613	-188.7985	170.2023	0.2070964	1.342466	0.9813152	1.566191
8676	-23.09417	-194.0362	170.942	0.1013452	1.472464	0.6825152	1.205961
8682	-28.57787	-199.5359	170.958	0.07948943	0.6387303	1.42278	1.269075
8688	-32.75805	-203.8872	171.1292	0.04926705	0.9674174	0.6741795	1.498322
8694	-24.49451	-195.2965	170.802	0.5183956	1.818342	0.6146375	0.5635567
8700	-18.64453	-189.9517	171.3072	1.248274	0.5816509	0.5300793	0.6295841
8706	-25.54629	-197.3792	171.833	0.2642078	0.3697513	1.001101	0.7877438
8712	-36.42522	-207.2432	170.818	0.5073492	0.8895924	1.210865	0.9861644
8718	-33.37466	-204.6338	171.2591	0.3164315	0.4784249	0.8593543	1.383921
8724	-36.55637	-206.161	169.6046	1.388366	0.3639993	1.380034	1.458242
8730	-32.3953	-203.4717	171.0764	0.6745855	0.4000142	1.248482	0.9044541
8736	-30.84297	-201.8671	171.0242	0.5952804	0.4269968	0.7267879	1.470199
8742	-35.28695	-206.7181	171.4311	0.2889866	0.5142423	0.6109266	1.447553
8748	-29.07234	-199.9331	170.8607	1.529538	0.5142423	0.5919655	0.8638106
8754	-28.42447	-199.4978	171.0733	0.5717105	0.9452489	0.6483854	1.161835
8760	-35.32735	-206.9946	171.6673	0.0443108	0.745061	0.7781003	1.161835
8766	-34.33896	-205.017	170.678	1.387924	0.689281	0.3817098	1.24226
8772	-34.66122	-205.0693	170.4081	1.397578	0.6393944	0.6707812	1.255192
8778	-33.47776	-204.0009	170.5231	0.5934065	0.5432151	1.864876	0.8408154
8784	-27.25573	-197.1995	169.9437	2.145263	0.7513132	0.7150335	0.838765
8790	-24.84906	-195.9981	171.149	0.4679669	0.5178346	1.541594	0.533738
8796	-29.2676	-199.3551	170.0875	1.951275	0.2812064	1.143646	0.5184266
8802	-26.00649	-196.3359	170.3294	1.074057	1.019936	0.8241577	1.154019
8808	-17.80154	-188.9018	171.1002	0.178348	1.179821	0.941082	1.013538
8814	-23.84253	-194.9193	171.0768	0.1553949	0.534569	1.880867	0.6471009
8820	-22.46618	-192.8943	170.4281	0.3250385	2.047329	0.8551915	0.8100386
8826	-30.00772	-199.5172	169.5095	0.6171034	2.268988	1.301488	0.8081168
8832	-28.1444	-199.0533	170.9089	0.03817629	1.456997	1.191994	0.8038294
8838	-28.63172	-197.3686	168.7369	0.1703173	4.885891	0.9104977	0.6881129
8844	-24.01154	-195.1797	171.1681	0.3043623	1.200096	0.9104977	0.80947
8850	-33.91931	-204.6181	170.6988	0.1671488	1.200096	0.6717917	1.560154
8856	-29.35206	-200.6414	171.2894	0.2628387	0.7571962	0.8847142	1.197591
8862	-29.983	-200.4795	170.4965	0.7599316	0.7562134	0.7357498	1.549102
8868	-34.23214	-205.0355	170.8034	0.2966138	1.80391	0.4418627	1.101678
8874	-41.30921	-212.0885	170.7793	0.1104873	1.034454	0.5859908	1.723108
8880	-40.42065	-211.4417	171.0211	0.1104873	1.034454	0.4773637	1.628224
8886	-33.9494	-205.8307	171.8813	0.07646957	0.5041216	0.8821318	1.022523
8892	-26.36384	-196.812	170.4481	1.478346	0.5041216	0.6420718	1.264357
8898	-22.05667	-193.1699	171.1132	0.6636999	0.7582617	1.03347	0.8224735
8904	-24.38106	-196.3798	171.9988	0.3159761	0.5916732	0.6973423	0.7495143
8910	-27.21715	-198.7559	171.5388	0.2941653	0.5348327	1.100287	0.9041748
8916	-25.64599	-196.1001	170.4541	0.05305165	1.356949	1.385924	1.156385
8922	-25.48999	-196.5976	171.1076	0.1201606	0.9554014	1.221449	1.00766
8928	-30.5675	-200.2499	169.6824	0.4508909	0.1277797	2.522362	0.4543783
8934	-19.44785	-189.1628	169.715	1.074858	0.7751729	2.1401	0.4279407
8940	-20.1933	-191.7853	171.592	0.4124341	0.5871345	1.096684	0.5694446
8946	-20.45847	-191.5079	171.0494	0.4124341	0.4023666	1.232211	1.197051
8952	-33.96271	-205.3715	171.4088	0.2572462	0.6184754	0.9882039	1.116817
8958	-47.89789	-219.3875	171.4896	0.1818518	1.012842	0.5020436	1.20712
8964	-41.72816	-210.1473	168.4191	0.5234116	3.153858	1.807312	0.8398303
8970	-28.47674	-200.0757	171.599	0.0824898	0.424045	0.6423288	1.487923
8976	-32.21643	-203.2762	171.0598	0.2627116	0.9435867	0.433317	1.587537
8982	-40.87385	-210.6994	169.8256	1.519051	0.7091196	0.6394948	1.587537
8988	-32.9001	-203.7491	170.849	0.2623858	0.6074161	1.623754	1.050231
8994	-27.86833	-198.7144	170.846	0.2623858	0.6110294	1.623754	1.050231
9000	-21.82776	-192.5806	170.7529	0.6525576	0.5489738	1.196207	1.211041
9006	-16.79628	-185.2713	168.475	2.782092	0.3422691	1.80638	0.8299001
9012	-24.9976	-191.6985	166.7009	2.782092	0.1614975	2.209069	1.708537
9018	-24.96672	-196.0425	171.0758	1.323145	0.4446244	0.780696	0.611221
9024	-29.64012	-200.5807	170.9406	0.3882657	0.3585306	1.887445	0.4652117
9030	-21.36388	-192.9938	171.63	0.3882657	0.6170281	0.8931296	0.8557264
9036	-34.92024	-205.6354	170.7151	0.01320073	2.032186	0.9639112	0.7050036
9042	-30.54071	-200.736	170.1953	0.03905306	1.823908	1.66533	0.6507566
9048	-24.43025	-195.5653	171.1351	0.1205983	0.2930122	1.791086	0.8215894
9054	-24.11293	-195.1407	171.0278	0.2717205	0.8320994	1.498807	0.7397525
9060	-30.07485	-200.7145	170.6397	0.9310184	0.7082843	1.348825	0.7355566
9066	-25.80626	-197.0343	171.228	0.109926	0.7547042	1.348825	0.9668221
9072	-21.24088	-192.3808	171.1399	0.5218556	0.8612234	1.136734	0.6918001
9078	-21.44072	-193.4084	171.9677	0.01838679	0.4758099	1.062664	0.8097685
9084	-33.42929	-202.6723	169.243	1.950693	0.4769686	1.15058	1.454526
9090	-42.667	-213.0671	170.4001	0.3098923	1.373045	0.6136897	1.593696
9096	-40.62334	-210.693	170.0697	0.4604715	1.373045	0.6229768	1.715967
9102	-26.90565	-196.4389	169.5333	2.047211	1.096401	0.9072102	0.8069172
9108	-31.83034	-200.5974	168.767	2.047211	1.402795	1.155308	1.046015
9114	-44.58723	-215.3476	170.7604	1.514195	0.3155716	0.711596	0.910078
9120	-32.84656	-201.8922	169.0456	1.647844	1.988745	1.084594	0.5987989
9126	-33.55988	-204.632	171.0722	0.3885767	0.4089415	1.021967	1.369089
9132	-26.63176	-197.5221	170.8903	0.9820827	0.616088	0.5448897	1.319784
9138	-23.74294	-195.2585	171.5155	0.6159548	0.3332712	0.9065544	0.8583199
9144	-29.16572	-199.4349	170.2692	1.566369	0.447197	1.360586	0.546006
9150	-27.39335	-198.2777	170.8843	0.3532755	0.3263446	1.970431	0.546006
9156	-29.99283	-199.6738	169.681	0.772241	0.4511271	2.527054	0.9065894
9162	-34.01585	-204.658	170.6421	0.3486432	1.492578	0.7560844	1.171574
9168	-42.38486	-211.4718	169.087	0.9312207	2.167329	1.038477	1.255148
9174	-39.13072	-208.3939	169.2632	2.092383	0.6695278	1.038477	1.301137
9180	-31.61471	-201.7025	170.0878	1.679184	0.7529678	0.6004664	1.259603
9186	-35.59441	-205.9006	170.3062	1.585486	0.724549	1.008603	0.7418873
9192	-30.82221	-199.9718	169.1496	1.341294	2.256403	0.551482	1.206351
9198	-27.47739	-198.6748	171.1974	0.896293	0.6793341	0.5621086	1.066318
9204	-18.71548	-189.5957	170.8802	0.874754	0.7489648	0.978944	0.92252
9210	-25.89395	-197.1122	171.2183	0.874754	0.3687879	0.978944	0.8224566
9216	-23.8068	-194.626	170.8192	0.5522045	1.261769	0.3796868	1.351449
9222	-39.00929	-208.3809	169.3716	1.594278	0.9616847	1.43342	1.050147
9228	-31.30674	-202.0719	170.7652	0.5507383	0.7730634	0.4598011	1.693991
9234	-30.17384	-201.1304	170.9565	0.9718086	0.7730634	0.4897134	1.200742
9240	-28.42412	-198.7382	170.3141	1.68476	0.9717525	0.2477665	1.179521
9246	-21.89021	-192.0864	170.1961	1.355429	1.096516	0.3963939	1.324521
9252	-20.83268	-190.7912	169.9585	1.138885	1.482787	0.7555226	1.084556
9258	-15.69718	-185.8699	170.1727	0.6879645	1.269532	0.8654161	1.365236
9264	-23.20156	-191.9007	168.6992	2.257484	1.081808	0.3523468	1.806518
9270	-21.81016	-191.5433	169.7331	0.9851784	0.9616878	2.036338	0.5387188
9276	-21.59108	-192.2997	170.7086	0.1026021	0.3169383	2.395671	0.5248514
9282	-29.6694	-197.5815	167.9121	0.3483798	2.717878	2.850093	0.3014657
9288	-14.84272	-185.0112	170.1685	0.3626692	1.765752	1.457429	0.5146877
9294	-14.47626	-185.9834	171.5071	0.2857448	0.4052862	0.6799036	1.377606
9300	-11.64467	-183.5226	171.8779	0.04923903	0.8746392	0.7457463	0.8522622
9306	-16.42361	-188.1573	171.7337	0.1837217	0.6695687	1.068879	0.6819783
9312	-19.06843	-190.6267	171.5583	0.1835506	0.4523814	1.363364	0.7471594
9318	-24.91631	-196.1143	171.198	0.1212	1.071015	1.328066	0.5224269
9324	-22.32962	-193.9249	171.5953	0.00971024	0.267445	1.551049	0.4254608
9330	-24.50588	-196.0409	171.535	0.07494138	1.07558	1.014006	0.6060917
9336	-13.38159	-184.6603	171.2787	0.05216878	0.6624084	1.547253	0.8484371
9342	-15.41344	-187.1984	171.785	0.02662654	0.4149184	1.111275	0.9820687
9348	-17.36025	-188.751	171.3907	0.002104488	0.6159841	1.149132	1.216942
9354	-34.70714	-204.635	169.9278	0.01032473	0.5624267	0.3891393	2.754006
9360	-20.35507	-191.0389	170.6838	1.324197	0.4575817	0.8964453	0.9839236
9366	-13.89136	-184.3829	170.4915	0.9843575	0.7616609	1.47091	0.5642415
9372	-21.32855	-189.9188	168.5902	1.490973	1.920777	1.730463	0.3690314
9378	-24.50222	-195.2452	170.743	0.5357865	0.5691726	1.845035	0.5089067
9384	-21.62403	-191.7801	170.1561	0.5357865	0.1146689	1.845035	0.4632917
9390	-22.89457	-192.6805	169.786	1.120943	0.8771075	1.845035	0.3169388
9396	-25.73872	-197.2117	171.473	0.208189	0.7945855	1.017016	0.9137292
9402	-22.4071	-192.2647	169.8576	1.559557	0.7683995	1.525837	0.4518983
9408	-20.34733	-190.8052	170.4579	1.01628	1.218933	1.023447	0.5460567
9414	-29.91667	-200.5813	170.6647	0.4389504	1.218933	0.9364583	1.145089
9420	-30.19255	-201.0391	170.8466	0.5579485	0.5823536	1.61228	0.7535218
9426	-41.59633	-211.1237	169.5274	1.692811	0.9232606	1.426226	0.8253043
9432	-30.87208	-198.7704	167.8983	2.399792	1.330211	1.217581	1.48199
9438	-28.93139	-199.8534	170.922	0.51569	1.16787	0.6717448	1.128094
9444	-37.00267	-208.3268	171.3241	0.5555691	0.5322396	1.154589	0.7819646
9450	-35.0894	-205.8534	170.764	1.196556	0.3864952	1.17884	0.7252191
9456	-28.82587	-199.9359	171.1101	0.493686	1.103544	0.8090334	0.8896113
9462	-27.35159	-198.2376	170.886	0.4056219	0.8297703	0.8063816	1.415527
9468	-25.27962	-195.2261	169.9465	1.04544	1.165227	1.301842	0.952804
9474	-28.35906	-198.197	169.838	1.836953	0.8123575	1.010416	0.9088088
9480	-31.72013	-203.4361	171.7159	0.009932131	0.4229138	1.181583	0.995161
9486	-34.46637	-206.2106	171.7442	0.004971121	0.2930281	0.8872147	1.227558
9492	-34.43044	-206.2215	171.7911	0.02266995	0.3899955	0.9194693	1.165107
9498	-34.16213	-205.4267	171.2646	0.3196325	0.3899955	0.850524	1.409612
9504	-31.95343	-203.5083	171.5548	0.3542606	0.6409695	0.8589361	0.9901149
9510	-26.08257	-197.5178	171.4352	0.1513805	0.6654918	0.7296184	1.366251
9516	-39.46125	-210.7749	171.3136	0.1750984	0.5669236	0.6985601	1.527622
9522	-49.85896	-220.2377	170.3787	0.4751024	0.5669236	0.6985601	1.973016
9528	-53.07786	-223.7145	170.6367	0.7891841	0.2572255	1.472576	0.948517
9534	-40.73712	-212.0814	171.3443	0.6227204	0.2666932	0.9749867	0.9147831
9540	-37.06209	-207.714	170.6519	0.9863416	0.2331695	1.108368	1.060033
9546	-33.06859	-203.856	170.7874	0.9863416	0.5663549	0.7777759	1.242399
9552	-34.54903	-204.233	169.684	1.672427	0.8247854	1.021552	1.192068
9558	-32.0368	-203.6827	171.6459	0.05984266	0.6797649	0.8096881	1.192068
9564	-33.28422	-204.5788	171.2945	0.02397387	0.351856	1.863928	0.6459026
9570	-29.37221	-200.1403	170.7681	0.09381189	0.5540123	2.189009	0.7345726
9576	-26.56239	-197.2211	170.6588	0.8986468	0.4414262	0.8354661	1.430418
9582	-22.38024	-193.1844	170.8042	0.6749627	0.4414262	1.27565	1.13285
9588	-25.90079	-196.3864	170.4856	0.7643701	1.028432	1.321626	0.7853177
9594	-24.00968	-195.3426	171.3329	0.3649711	0.6704819	1.24287	0.7555586
9600	-28.57687	-198.0639	169.487	1.792622	0.4502186	1.820888	0.7555586
9606	-26.53971	-195.3012	168.7615	1.520002	1.150943	2.238234	0.6732818
9612	-27.40944	-197.0466	169.6372	1.384734	0.6868262	1.9695	0.6394418
9618	-28.75259	-199.1037	170.3511	0.4506563	0.6868262	1.9695	0.9445537
9624	-31.41357	-202.0317	170.6181	0.4366882	0.911703	1.477674	0.9675306
9630	-31.91639	-203.0771	171.1607	0.244811	0.5706446	0.8824572	1.449693
9636	-35.88374	-206.5296	170.6458	0.754319	1.241643	0.3980034	1.329607
9642	-33.46844	-200.6267	167.1583	2.774542	0.4629838	1.635911	2.006858
9648	-41.54961	-207.8046	166.255	2.774542	0.4986482	1.144281	2.873978
9654	-38.06235	-208.8588	170.7964	0.96325	1.040449	0.681501	0.9280067
9660	-42.24269	-212.1614	169.9187	1.352834	0.7875028	0.3726322	1.776631
9666	-34.01804	-205.2021	171.1841	0.3809911	0.4758356	1.033485	1.253198
9672	-29.09711	-201.1174	172.0203	0.4519797	0.4758356	0.4136679	0.993239
9678	-30.40232	-201.1956	170.7933	0.4336334	1.270867	0.8755413	1.040684
9684	-25.23547	-196.7189	171.4835	0.06930777	0.9560522	0.7187221	1.17155
9690	-21.36745	-192.4182	171.0508	0.2591101	0.7289775	1.037066	1.295063
9696	-21.68154	-191.7689	170.0874	0.306575	2.084188	1.060354	0.9528719
9702	-28.19715	-200.0745	171.8774	0.306575	0.4652135	0.6975321	1.003292
9708	-32.29027	-203.6163	171.3261	0.3721675	0.5099948	0.5272934	1.529057
9714	-29.29632	-200.6129	171.3166	0.4015378	0.7423484	1.194765	0.693444
9720	-34.83168	-206.389	171.5573	0.5760613	0.9854948	0.3792975	0.9098694
9726	-42.06909	-212.8408	170.7718	0.2353931	0.5485079	1.251218	1.484713
9732	-35.4758	-205.7991	170.3233	0.6177811	0.3869947	2.253209	0.3989589
9738	-24.47891	-193.9726	169.4937	0.4664599	1.345248	2.353803	0.3410342
9744	-30.0732	-198.4664	168.3932	0.4719906	0.1767272	3.773425	0.2014921
9750	-28.77843	-199.6322	170.8538	0.4719906	0.4031534	1.71255	0.2585103
9756	-29.304	-200.021	170.717	0.9706314	0.845523	1.18476	0.4838036
9762	-24.03499	-195.2719	171.2369	0.1542285	0.7221108	1.322758	0.9706253
9768	-21.44807	-192.7442	171.2961	0.04580827	0.7221108	1.202982	1.132028
9774	-17.47304	-189.4776	172.0046	0.02716343	0.4554943	0.8566148	1.001144
9780	-18.30089	-190.0302	171.7293	0.02222199	0.4110501	0.4400197	1.588801
9786	-23.04754	-194.7291	171.6815	0.09626826	1.046432	0.5633434	1.024474
9792	-35.21679	-206.016	170.7992	0.2352529	0.9485902	0.7393687	1.570736
9798	-37.56577	-207.6671	170.1013	1.554602	0.8650385	0.4905172	1.350411
9804	-27.42287	-196.855	169.4321	1.180301	0.5131141	0.4085091	2.343946
9810	-28.73727	-199.3474	170.6102	0.6725099	1.071024	0.9667004	1.08831
9816	-29.1168	-200.1332	171.0164	0.06442891	1.011811	1.054356	1.240397
9822	-37.48565	-207.2379	169.7523	1.533778	1.240943	1.148917	0.6654576
9828	-32.81121	-203.5039	170.6927	0.7274502	1.245505	0.9434475	0.7752699
9834	-41.8104	-211.2528	169.4424	2.09818	0.4552883	0.5609117	1.642012
9840	-29.05884	-199.7468	170.6879	0.3374699	1.484982	0.6113579	1.270837
9846	-23.25881	-193.5356	170.2768	0.6376661	1.377847	1.432675	0.5083007
9852	-36.55657	-206.3558	169.7992	0.4248764	2.42723	1.16771	0.6702475
9858	-26.71807	-197.5001	170.782	0.08790344	1.306202	1.519369	0.6256858
9864	-25.05403	-195.3218	170.2678	1.110741	0.7142871	1.61432	0.5577019
9870	-21.20241	-191.5211	170.3187	0.6608124	1.17544	1.564905	0.505775
9876	-21.2323	-188.3139	167.0816	2.295109	2.979991	1.64117	0.5860272
9882	-22.35145	-193.4583	171.1068	0.8956994	0.9288566	0.4765778	1.004308
9888	-17.23498	-189.1291	171.8941	0.2486969	0.4340341	0.7092345	1.045613
9894	-28.26899	-197.1496	168.8806	2.08956	0.8899865	1.623088	0.9259966
9900	-27.33086	-198.2172	170.8863	1.341148	0.4164436	0.6875051	0.9896139
9906	-16.18024	-187.4475	171.2673	0.1717841	0.4472658	1.609679	0.8277413
9912	-21.04947	-191.6259	170.5764	0.4391909	0.8323408	1.852469	0.411434
9918	-24.62559	-195.4753	170.8497	1.037579	0.9274917	0.8372483	0.7061324
9924	-33.32591	-203.2484	169.9224	0.2093319	1.245007	2.312325	0.6372359
9930	-23.37517	-193.4426	170.0674	0.5959669	0.7333441	2.172822	0.8196206
9936	-36.45565	-205.6943	169.2386	0.9147992	1.170303	2.042303	1.04594
9942	-30.43247	-201.0792	170.6467	1.370665	0.4953859	0.3761109	1.4086
9948	-31.19612	-201.4335	170.2374	0.8972235	1.428942	0.8521193	1.004996
9954	-32.66019	-203.8454	171.1852	0.4396162	1.033035	0.8674794	0.8790282
9960	-28.35725	-199.5138	171.1565	0.4360881	1.099781	0.674279	1.044837
9966	-26.64671	-196.9629	170.3162	0.3041929	1.37747	0.7388229	1.564632
9972	-24.91569	-195.7834	170.8677	0.4133141	0.6910889	0.9165064	1.440526
9978	-34.31518	-204.5239	170.2087	0.7213963	0.6910889	0.4752822	2.000873
9984	-44.66294	-214.4667	169.8038	2.180341	0.785484	0.6726436	0.9673236
9990	-38.72289	-206.0365	167.3136	2.21381	1.455337	0.5163284	2.398981
9996	-26.67648	-196.7178	170.0413	1.26065	1.010388	1.054514	1.044539
10002	-29.33626	-200.435	171.0988	0.1056625	1.282723	0.8801577	1.046701
10008	-25.54895	-196.5292	170.9802	0.02805028	0.6654432	1.032982	1.574788
10014	-41.72813	-212.0188	170.2907	0.06999419	0.8298496	2.06921	1.142316
10020	-39.83153	-209.6113	169.7798	0.6644692	0.8059635	2.448236	0.6044073
10026	-20.62668	-190.0139	169.3872	2.001443	0.4291392	1.77682	0.6588788
10032	-24.52751	-194.2054	169.6779	1.641532	1.24557	1.124812	0.6356517
10038	-23.80775	-194.1436	170.3358	0.2011132	1.24557	1.938581	0.4995594
10044	-28.47728	-197.957	169.4797	2.135751	0.7502158	1.269823	0.7274785
10050	-35.04605	-205.2264	170.1804	1.485809	1.261358	0.7138682	0.7274785
10056	-33.88033	-204.9447	171.0644	0.01580482	0.7482633	1.730623	0.8339451
10062	-23.81849	-194.4384	170.6199	0.3978296	0.8928441	1.547695	0.9526931
10068	-24.86395	-195.0599	170.1959	0.4194278	0.4608863	2.438781	0.812707
10074	-15.2448	-186.0117	170.7669	0.6890851	0.2209085	1.589006	0.3657508
10080	-18.09351	-189.133	171.0395	0.6401077	0.5264658	1.068993	1.095227
10086	-22.71409	-193.1545	170.4404	0.1143916	1.02805	2.134857	0.5279499
10092	-19.98502	-188.8005	168.8155	0.04086737	0.2995506	4.341708	0.4992658
10098	-26.48587	-193.7159	167.23	1.285739	0.7891412	4.341708	0.3350006
10104	-31.40271	-202.5777	171.175	0.9244422	0.4011484	0.9665368	0.8252756
10110	-21.13033	-190.4275	169.2971	1.583689	1.938421	0.6744499	0.97586
10116	-28.35287	-199.6828	171.3299	0.3937329	0.7689467	0.7369345	1.16734
10122	-34.63847	-204.9386	170.3001	1.432107	0.8412832	0.4896846	1.308644
10128	-38.16353	-208.7259	170.5624	0.7702835	0.4802305	1.730453	0.7872068
10134	-34.54477	-205.344	170.7992	0.4540725	0.4802305	1.809877	0.7872068
10140	-27.27067	-198.7876	171.517	0.3434962	0.7025971	0.9852095	0.8436997
10146	-32.32993	-202.5831	170.2532	0.2804959	0.549745	0.9105806	2.053487
10152	-28.19967	-199.6039	171.4042	0.02580715	1.285562	0.32274	1.331591
10158	-38.68689	-209.5726	170.8857	0.1566491	0.8796592	0.493336	1.789189
10164	-36.82848	-207.7212	170.8928	1.003772	0.7071199	0.4890488	1.280103
10170	-33.54766	-204.1641	170.6165	1.297446	0.7071199	1.075386	0.5960812
10176	-28.10211	-198.1004	169.9983	0.05188171	1.969025	1.717937	0.3659662
10182	-30.81226	-201.9997	171.1874	0.1955561	0.8649549	1.349423	0.7883225
10188	-28.6829	-197.8733	169.1904	1.910321	1.454513	0.8585924	1.008156
10194	-18.31685	-188.7419	170.425	1.014783	1.454513	0.5422051	0.9853838
10200	-25.19445	-196.7745	171.5801	0.7306224	0.407123	0.6929631	0.8979359
10206	-24.58193	-195.6604	171.0785	0.2971232	0.6574933	1.287602	1.077692
10212	-36.19595	-205.7312	169.5353	1.409788	1.750732	0.7845422	0.9652835
10218	-36.18399	-204.9062	168.7222	0.8986718	3.185622	1.039972	0.9180823
10224	-31.55711	-202.7829	171.2258	0.1813269	1.00272	1.068174	0.931883
10230	-28.52348	-199.1745	170.651	0.6315601	0.5221993	1.508139	1.058615
10236	-38.13496	-206.1767	168.0417	2.327642	1.425112	1.117438	1.434775
10242	-39.0533	-208.9267	169.8734	2.121557	0.3023958	0.5976133	1.269618
10248	-32.12967	-201.6593	169.5296	1.876089	0.8203815	1.429822	0.6974485
10254	-34.01818	-204.7902	170.772	0.9676876	0.3092211	1.429822	0.6433435
10260	-35.44646	-205.8932	170.4468	1.094115	1.079451	0.8769872	0.9108823
10266	-37.85869	-207.9076	170.0489	0.6947195	1.104275	1.78225	0.7419189
10272	-42.88842	-211.6648	168.7764	1.117797	2.229299	0.6605156	1.603365
10278	-36.83106	-208.1704	171.3394	0.9225527	0.4428842	0.8627101	0.7232686
10284	-45.4496	-216.3483	170.8987	0.4437973	0.4946985	1.335291	1.176701
10290	-46.2968	-216.2101	169.9133	0.2932441	0.5965062	1.353256	1.952391
10296	-43.62191	-212.2698	168.6479	1.753557	0.6743282	0.4691587	2.357995
10302	-46.23832	-215.2418	169.0035	1.433957	0.3458919	0.1912176	2.623051
10308	-34.92163	-204.3693	169.4477	0.9921224	0.9826572	0.2863089	2.259315
10314	-33.74351	-204.3051	170.5616	0.6501937	0.221042	1.24016	1.294304
10320	-21.94919	-193.8489	171.8997	0.06916166	0.4934261	1.080173	0.7961031
10326	-30.06134	-200.0383	169.977	1.406826	0.2933654	1.794606	0.5921821
10332	-23.59881	-195.6178	172.0189	0.2308091	0.658772	0.7586752	0.6572666
10338	-17.69474	-188.8526	171.1578	0.09792012	0.7991942	1.418089	0.935331
10344	-27.95146	-196.68	168.7285	1.224883	2.294781	1.580534	0.5726576
10350	-25.81272	-196.6298	170.817	0.8843829	0.9789595	1.031319	0.4412355
10356	-22.70316	-193.1209	170.4178	1.488279	0.8282792	0.6981001	0.9786028
10362	-27.27659	-197.1247	169.8481	2.434489	0.7029779	0.5901543	0.8089392
10368	-35.13171	-206.76	171.6283	0.4276571	0.5379439	0.8139183	0.969788
10374	-32.13017	-201.9412	169.811	1.870085	1.03561	0.6670485	1.028219
10380	-34.84727	-205.8242	170.977	0.9052368	1.317736	0.3456996	0.8595856
10386	-28.71557	-199.3753	170.6597	0.5546505	1.76677	0.5964012	0.8595856
10392	-26.62301	-196.6651	170.0421	1.369617	0.6621972	1.548878	0.7367433
10398	-28.8979	-196.1067	167.2088	0.1067714	2.775348	3.861772	0.5044172
10404	-34.31993	-204.1819	169.862	0.6193912	0.9323991	2.305325	0.5044172
10410	-35.84293	-205.673	169.8301	1.860851	0.4770965	1.260902	0.9236793
10416	-31.47226	-199.6133	168.141	2.457417	0.849242	1.444539	1.443138
10422	-32.41536	-199.7226	167.3072	2.460527	0.5665933	2.592709	1.396177
10428	-34.9066	-204.1574	169.2508	2.460527	0.5665933	0.7609914	1.307392
10434	-17.03442	-188.1541	171.1197	0.08965476	0.9526422	1.453665	0.76321
10440	-27.24295	-197.1763	169.9333	0.6611048	0.66123	2.448872	0.5459955
10446	-23.43553	-194.4534	171.0179	0.2315806	0.4518073	1.944298	0.5479437
10452	-22.90812	-193.9307	171.0226	1.051004	0.5281997	0.5595043	1.196725
10458	-19.52303	-190.5292	171.0062	1.051004	0.6369704	0.9877464	0.6166442
10464	-21.20109	-192.5711	171.37	0.8965777	0.3871841	0.8282229	0.7906551
10470	-31.12315	-201.0531	169.93	0.3427975	0.2660689	2.892271	0.4717866
10476	-38.37685	-208.5378	170.161	0.06608613	0.3093592	2.892271	0.7351545
10482	-41.10082	-211.9834	170.8826	0.08427658	0.2457878	2.157411	0.4219593
10488	-19.96764	-190.6593	170.6916	0.2728783	0.2459691	2.160054	0.4219593
10494	-26.21399	-197.9119	171.6979	0.5374292	0.317754	0.8524073	0.7875099
10500	-36.6724	-206.3137	169.6413	0.4409528	2.08978	1.195832	1.118981
10506	-18.32886	-189.0584	170.7295	1.607877	0.6267258	0.5958728	0.8183743
10512	-23.25864	-193.8755	170.6168	0.4671183	0.8087728	1.747957	0.7226899
10518	-20.348	-189.2788	168.9308	2.193385	0.6185898	1.448932	1.188418
10524	-17.7795	-188.3669	170.5874	0.2530844	0.8789149	1.996401	0.5399869
10530	-21.80524	-191.1106	169.3053	1.778472	1.001228	1.621039	0.4233518
10536	-34.83151	-205.228	170.3965	1.824332	0.3525556	0.8899543	0.7690257
10542	-45.97839	-216.0873	170.1089	1.424292	1.02249	1.097998	0.7034388
10548	-44.73562	-215.6008	170.8652	0.1424282	1.135459	1.238756	1.030386
10554	-37.76923	-208.2858	170.5166	0.285353	1.647529	0.9048232	1.078721
10560	-21.06596	-191.7236	170.6576	0.9774823	0.5976437	0.9048232	1.231449
10566	-29.79756	-199.4166	169.6191	1.624249	0.8093765	0.4325954	1.739595
10572	-27.40747	-198.8031	171.3957	0.6526175	0.8054678	0.5447245	1.012194
10578	-29.14744	-200.3624	171.215	0.7664844	0.6855143	0.6179396	1.113255
10584	-51.87635	-220.4827	168.6064	0.7664844	4.66924	0.6179396	0.4957109
10590	-49.52924	-217.7405	168.2112	2.214831	1.504907	0.5877107	1.726071
10596	-49.29019	-215.762	166.4719	2.571769	1.446433	1.056604	2.368601
10602	-45.33584	-211.8356	166.4998	2.571769	1.016489	0.8372412	2.74918
10608	-49.84588	-217.4803	167.6344	2.571769	1.066365	0.8147468	2.012134
10614	-37.26116	-208.1052	170.844	0.3683216	1.487714	0.7884066	0.933121
10620	-35.99144	-206.1137	170.1223	0.8148615	1.274987	0.7170801	1.417168
10626	-44.79925	-214.9872	170.1879	0.6146432	1.319846	0.3347744	1.762997
10632	-34.24197	-205.8033	171.5613	1.095862	0.4104545	0.307191	0.9401264
10638	-34.80575	-205.348	170.5423	0.4604859	1.121216	0.8464167	1.383373
10644	-39.60069	-210.9432	171.3426	0.1259219	0.5809094	1.111399	1.208922
10650	-43.75858	-213.1874	169.4288	0.8579395	0.8184995	2.567792	0.6650617
10656	-39.98181	-210.2891	170.3073	1.03388	0.5937934	1.53458	0.9184973
10662	-34.05906	-203.7044	169.6453	1.993069	1.122459	0.7297557	0.9184973
10668	-36.67462	-207.279	170.6044	0.4119874	1.221506	0.4185957	1.619773
10674	-24.90654	-195.1426	170.236	1.656498	0.8296552	0.6174942	1.069339
10680	-33.2076	-202.5748	169.3672	1.748901	1.710702	0.8969878	0.6204007
10686	-34.76058	-204.6679	169.9074	0.3991104	1.16651	2.098647	0.8236879
10692	-58.07772	-229.0515	170.9738	0.1679961	0.9902821	1.066091	1.196994
10698	-55.94328	-225.8829	169.9397	0.6994491	1.019493	1.539573	1.196994
10704	-60.08101	-229.3307	169.2497	0.6994491	1.099541	2.149635	1.196994
10710	-61.50323	-229.1185	167.6153	1.173667	1.361774	1.107041	2.547488
10716	-51.32566	-222.4054	171.0797	0.5702065	0.6299111	0.5889302	1.450328
10722	-48.83242	-218.1787	169.3463	1.607287	0.3766755	0.6050897	2.030951
10728	-41.1828	-208.9029	167.7201	2.37255	0.3744125	0.6961026	2.524797
10734	-36.56878	-208.3597	171.7909	0.1875145	0.7470819	0.5720949	1.105656
10740	-38.67707	-207.9464	169.2693	1.681023	1.380111	1.182208	0.9004604
10746	-32.10897	-203.7171	171.6081	0.8542665	0.5061163	0.4817478	0.9133654
10752	-38.47238	-209.1002	170.6278	0.2522917	0.6576422	1.946199	0.9133654
10758	-28.98163	-200.0488	171.0672	0.2522917	0.8346377	1.42662	0.8099396
10764	-39.67911	-210.5791	170.9	0.03645702	1.247798	1.001965	1.208826
10770	-28.55451	-200.1261	171.5716	0.03788677	0.5389258	1.001965	1.208826
10776	-33.35232	-203.5502	170.1979	0.5629695	1.32991	1.22613	1.095346
10782	-30.59233	-201.2488	170.6564	0.9520027	0.9637143	0.579671	1.23632
10788	-36.21128	-203.3453	167.134	2.505451	2.405575	1.249319	1.23632
10794	-34.57074	-200.8708	166.3	2.452566	2.171715	2.718629	0.8528464
10800	-26.03969	-196.3321	170.2924	0.4075019	1.604392	0.7783844	1.309643
10806	-26.89135	-197.6001	170.7087	0.3469245	1.297094	1.209109	0.8390883
10812	-29.35461	-199.6992	170.3446	1.698685	0.2735869	1.123334	0.5689387
10818	-17.09509	-187.9531	170.858	1.070577	0.4568075	0.6789511	1.253783
10824	-22.6453	-192.0751	169.4299	2.554217	0.3601008	0.6360219	1.2626
10830	-19.78831	-191.3566	171.5683	0.2665838	0.4719334	1.216832	0.8085634
10836	-21.40241	-192.9017	171.4993	0.468242	0.8324541	0.2952225	1.282476
10842	-17.78515	-189.2729	171.4878	0.3198685	0.5730365	0.7639791	1.221168
10848	-20.68203	-192.3969	171.7148	0.1178025	0.6747918	0.4852828	1.358333
10854	-23.43778	-194.3893	170.9515	0.1387135	0.5139148	1.664465	1.097347
10860	-49.03229	-220.1604	171.1281	0.2041586	0.5471799	1.096254	1.354085
10866	-39.132	-210.3802	171.2482	0.2041586	0.7887642	0.7556763	1.360748
10872	-43.39323	-213.5124	170.1192	1.966939	0.5226616	0.7150677	1.048366
10878	-28.28968	-198.0611	169.7714	0.6501247	0.9908342	1.859219	1.132651
10884	-20.39551	-189.7928	169.3973	0.3246073	1.075173	2.783235	0.2805462
10890	-33.10986	-202.1633	169.0534	0.327652	1.867098	2.440293	0.327146
10896	-18.13577	-190.0106	171.8749	0.08461568	0.7508009	0.3459581	1.311989
10902	-18.49946	-189.8448	171.3453	0.4078654	0.7533226	0.5498581	1.311989
10908	-16.39118	-187.6602	171.269	0.386385	0.7533226	0.6476792	1.311989
10914	-18.51318	-188.4903	169.9771	0.3048953	1.961827	0.7425206	1.418104
10920	-17.30153	-188.7183	171.4168	0.1812994	0.8749515	0.7425206	1.181681
10926	-26.62509	-196.9518	170.3267	0.7900432	0.7369857	1.846691	0.4199054
10932	-21.32481	-190.9963	169.6715	0.7308845	0.5114405	2.69573	0.3388233
10938	-30.09615	-193.9436	163.8475	2.324178	3.762235	4.267394	0.3282881
10944	-26.98188	-196.8283	169.8464	1.988202	0.5701717	1.26189	0.6245673
10950	-26.94651	-197.4343	170.4878	0.7532054	0.5701717	1.106325	1.404278
10956	-36.41414	-206.2711	169.8569	0.6396747	1.511118	1.705686	0.6034115
10962	-23.3333	-192.8611	169.5278	1.699097	1.091802	1.322537	0.7243746
10968	-35.59149	-204.0394	168.4479	1.699097	2.357067	1.043015	0.9973371
10974	-31.33258	-201.617	170.2844	0.6254554	1.214477	1.574864	0.6103774
10980	-30.59581	-199.1393	168.5435	1.500838	0.9067471	2.752066	0.5945727
10986	-35.14169	-205.0175	169.8758	0.2484987	1.846801	1.790376	0.5388401
10992	-41.00046	-210.9624	169.962	0.04757462	1.463552	2.256051	0.4895803
10998	-43.06436	-213.5323	170.468	0.05311489	0.513156	2.34146	0.9944067
11004	-35.93824	-207.4941	171.5558	0.05588515	0.8372425	1.119793	0.8254005
11010	-43.49055	-212.2352	168.7447	0.3433365	3.210527	1.688514	0.7520786
11016	-34.39801	-205.5909	171.1929	0.02485926	0.6332893	0.7959522	1.61536
11022	-30.59342	-201.4465	170.853	1.095711	0.3704602	0.9020027	1.059839
11028	-25.11699	-195.8139	170.6969	0.1202236	1.404646	1.274216	0.9201384
11034	-28.815	-199.7367	170.9217	0.24283	1.14655	1.17823	0.9201384
11040	-32.44966	-200.9681	168.5184	0.9118658	2.135943	2.165606	0.7216971
11046	-33.57236	-202.7263	169.154	0.1767509	2.135943	2.307739	0.6416678
11052	-43.81816	-215.3643	171.5462	0.2498009	0.4086983	1.163956	0.9453261
11058	-36.37721	-206.6493	170.2721	1.187658	0.6829879	1.495817	0.7147828
11064	-43.51952	-214.7444	171.2249	0.4380293	1.280797	0.4825889	0.9886628
11070	-41.37369	-208.9952	167.6215	1.090823	2.908979	2.348047	0.609304
11076	-37.79246	-207.0274	169.2349	1.090823	1.763093	0.775211	1.491751
11082	-27.64752	-198.9754	171.3279	0.4669307	0.7003425	0.6084337	1.27068
11088	-41.56337	-211.1504	169.5871	2.041032	0.7003425	0.2879194	1.642715
11094	-33.55721	-203.5129	169.9557	1.125091	0.9424635	0.5978933	1.644247
11100	-33.20302	-202.0506	168.8476	1.376028	1.426062	2.050937	0.6246291
11106	-25.52792	-195.6959	170.168	0.3706147	1.496616	1.540732	0.8327153
11112	-29.42806	-200.0485	170.6204	0.4378876	1.414213	1.15288	0.7601628
11118	-32.21066	-202.1249	169.9143	0.6700739	0.7600523	1.021131	1.821678
11124	-49.75431	-217.2076	167.4532	2.611804	1.830616	1.221391	1.300657
11130	-27.71885	-198.4539	170.735	0.279277	1.442324	1.152163	0.7856532
11136	-45.1676	-215.7794	170.6118	0.04429231	1.115705	1.438564	1.186696
11142	-38.40969	-208.5958	170.1862	1.617092	1.05637	0.8224066	0.3757246
11148	-37.29795	-207.8151	170.5172	0.5229622	1.506627	1.1792	0.5568061
11154	-29.44868	-199.053	169.6043	0.8178258	1.873532	1.267213	0.8918032
11160	-23.44644	-194.5169	171.0705	0.4844579	0.4560815	0.8646951	1.404724
11166	-18.91069	-190.3124	171.4017	0.5441817	0.6804927	0.6620744	1.109653
11172	-19.07736	-189.5133	170.436	0.8576392	0.9833775	1.368726	0.7169141
11178	-21.01302	-191.7624	170.7494	0.308879	1.23593	0.4023928	1.590842
11184	-22.26679	-192.8428	170.576	1.436311	0.5597418	0.4474484	1.321718
11190	-25.50794	-195.7406	170.2326	2.088749	0.5597418	0.3307551	1.160466
11196	-32.72027	-203.3414	170.6212	0.8646749	0.5869075	0.6323181	1.567195
11202	-35.06847	-205.8806	170.8122	0.07598839	0.9152917	1.626093	0.9825319
11208	-25.00311	-196.6355	171.6324	0.07598839	0.5431866	0.8667956	1.236925
11214	-32.94712	-204.2067	171.2596	0.5672953	0.6731496	0.4187752	1.415954
11220	-39.84815	-211.6103	171.7622	0.4822325	0.5355925	0.6478996	0.9481067
11226	-27.95913	-198.4473	170.4882	1.918918	0.3240736	0.5371485	0.9592347
11232	-17.31383	-185.9712	168.6574	2.368728	0.2380574	2.037705	0.694887
11238	-23.32731	-194.9168	171.5895	0.4829014	0.6355154	0.9367587	0.694887
11244	-23.96442	-194.9667	171.0023	0.2281524	0.9977067	0.9340545	1.22762
11250	-26.82176	-197.7827	170.961	0.05444326	0.5309462	1.113099	1.590185
11256	-25.09046	-196.6717	171.5812	0.1741146	0.3374882	1.175507	0.9775143
11262	-23.57371	-194.9409	171.3671	0.8625218	0.4198754	0.5109024	1.152477
11268	-30.27517	-201.8733	171.5982	0.08168224	0.6025279	0.9181357	1.178402
11274	-25.57598	-196.3987	170.8227	0.5718993	0.7061592	1.543819	0.7080669
11280	-22.29585	-193.5862	171.2903	0.252852	0.3091049	1.543819	0.7823911
11286	-11.89364	-181.6624	169.7687	1.061163	1.324204	1.247474	1.014629
11292	-14.4499	-183.845	169.3951	2.139299	0.4129994	1.081869	1.260393
11298	-12.33331	-182.6307	170.2974	0.5084895	1.03439	1.867297	0.4276256
11304	-24.78107	-195.6774	170.8963	1.311698	0.5913886	0.8705722	0.3909082
11310	-26.59248	-196.9436	170.3511	0.4782566	0.9782452	1.903373	0.4386826
11316	-29.13532	-199.9242	170.7888	1.128704	0.6383083	1.092845	0.6882891
11322	-25.19201	-196.2046	171.0125	1.128704	0.3162585	0.6938884	1.063828
11328	-36.428	-206.7082	170.2802	1.524912	0.3285247	0.6091308	1.421811
11334	-33.89788	-205.2866	171.3887	0.3965132	0.5848251	0.7941116	1.206779
11340	-35.13068	-206.1534	171.0227	0.958085	0.9966589	0.6756694	0.7043606
11346	-35.78719	-206.1269	170.3397	0.6498963	1.230079	0.6657258	1.450014
11352	-39.58564	-210.1967	170.6111	0.1670103	1.441779	0.3683792	1.674218
11358	-27.1546	-198.7566	171.602	0.08747329	0.4278174	0.834971	1.331348
11364	-38.16632	-208.6613	170.495	0.8057197	1.063716	0.8089771	1.218143
11370	-32.1333	-202.1326	169.9993	1.396808	1.063716	0.7222913	1.21076
11376	-21.79222	-192.8013	171.0091	1.227545	0.7253317	0.5823176	0.8504874
11382	-32.58008	-202.5541	169.974	0.8289766	0.8219799	0.2327944	2.162279
11388	-29.21392	-199.8042	170.5903	0.3414859	1.579098	0.86013	1.057643
11394	-26.66112	-196.9298	170.2687	1.246949	1.225894	0.663296	1.008968
11400	-22.90747	-193.0381	170.1306	0.7250444	0.7624691	2.082806	0.5920988
11406	-19.81482	-189.7149	169.9	1.136293	1.231106	1.449659	0.5440921
11412	-22.07199	-193.9459	171.874	0.1675244	0.6463706	0.9562617	0.3432779
11418	-20.42406	-191.7579	171.3339	0.609599	0.58302	1.102688	0.7060408
11424	-25.02486	-196.4595	171.4346	0.1870654	0.6431635	1.102688	1.031424
11430	-23.68801	-195.0084	171.3204	0.6421252	0.6391428	0.9118221	0.8772595
11436	-24.77359	-196.0898	171.3162	0.3809582	0.8193479	1.009077	0.8772595
11442	-45.19889	-216.055	170.8561	0.7300194	1.191604	0.2910817	1.305575
11448	-38.79816	-209.7984	171.0002	0.6011461	0.2863275	0.5834088	1.575305
11454	-32.64639	-203.2819	170.6355	0.5877088	0.4474508	1.24749	1.367859
11460	-27.10434	-198.2706	171.1662	0.6071372	0.978476	0.5516175	1.103842
11466	-24.33038	-194.2057	169.8753	2.001338	1.083161	0.3437408	1.103842
11472	-31.74033	-203.0459	171.3056	0.887975	0.3521362	0.7358017	0.9818456
11478	-31.93497	-201.488	169.553	2.249994	0.8227333	0.7111682	1.071794
11484	-27.05555	-195.9692	168.9137	2.454991	1.00892	0.5407424	1.423588
11490	-32.59469	-203.2815	170.6869	0.3794208	0.9614006	0.3584776	1.809662
11496	-27.07905	-199.3277	172.2486	0.2640759	0.5195005	0.2192726	1.114693
11502	-35.49803	-205.7428	170.2448	0.8496367	1.69898	0.4512418	1.181492
11508	-33.68247	-204.7835	171.1011	0.7886946	0.6408001	0.4063478	1.398991
11514	-50.72807	-220.7678	170.0397	1.13758	1.379069	0.909074	0.9516822
11520	-54.35953	-224.2915	169.932	0.4770595	0.7638934	2.183657	1.051412
11526	-35.76767	-205.1867	169.4191	1.214124	1.885013	1.003859	0.9384509
11532	-25.70174	-195.5896	169.8879	0.7060514	1.891249	1.21781	0.7062773
11538	-34.94362	-204.2628	169.3192	1.519058	2.391889	0.6226231	0.5566161
11544	-36.39667	-205.9201	169.5234	0.2008617	2.817122	1.299706	0.7908033
11550	-33.09686	-202.9111	169.8142	0.2149321	2.058267	1.520838	0.8708288
11556	-30.82589	-200.8605	170.0347	0.2886202	2.476092	0.8271124	0.9425212
11562	-37.74426	-206.3217	168.5774	1.378646	2.552905	1.093402	0.9863412
11568	-33.59247	-205.0222	171.4297	0.3603218	0.640161	0.4074734	1.475034
11574	-39.7064	-209.6254	169.919	1.040948	0.9540688	0.5152007	1.779812
11580	-38.95474	-210.9753	172.0206	0.1024293	0.6671566	0.6086425	1.003483
11586	-29.79755	-200.8767	171.0791	0.1023966	0.9076517	0.8513819	1.40629
11592	-26.27475	-197.6596	171.3849	0.03694157	0.4557605	1.579119	0.880715
11598	-35.7186	-206.4952	170.7766	0.6268251	1.614903	0.5804464	0.814651
11604	-27.26849	-197.7252	170.4567	1.308471	0.7958282	0.4075029	1.383166
11610	-40.23571	-209.8858	169.65	1.547758	0.6737801	0.5805867	1.757321
11616	-33.76736	-205.2073	171.4399	0.05101763	0.3835469	1.093216	1.29161
11622	-22.2163	-193.6799	171.4636	0.6218982	0.2288866	0.8937793	0.7963983
11628	-24.96984	-193.2303	168.2605	2.63234	0.4215659	1.655381	1.313963
11634	-35.9795	-205.3619	169.3824	1.531606	1.130112	1.354738	1.013696
11640	-23.4882	-193.5678	170.0796	1.883031	0.4041077	0.8654108	1.077103
11646	-24.85502	-195.8626	171.0076	0.3363144	0.5347071	1.659022	0.821361
11652	-29.74047	-201.5907	171.8503	0.1087528	0.5347071	0.8149626	1.06633
11658	-33.74893	-205.0228	171.2739	0.4713779	0.7173431	0.8756442	1.06633
11664	-37.07656	-208.0357	170.9591	0.2720488	0.3241414	1.604711	1.06633
11670	-36.49788	-207.7124	171.2145	0.2588747	0.4101751	1.364607	1.06633
11676	-42.34176	-212.8245	170.4827	0.5556207	1.87611	0.4504617	1.092347
11682	-40.20122	-210.0929	169.8917	1.448152	0.9270363	0.3578181	1.641645
11688	-36.73461	-207.1397	170.4051	1.448152	0.9270363	0.3578181	1.24773
11694	-36.84146	-206.2511	169.4097	1.448152	1.018631	1.477472	1.056854
11700	-34.50244	-204.8167	170.3142	2.00877	0.5772178	0.5963537	0.8842601
11706	-38.99241	-207.9337	168.9413	1.303475	2.033404	0.6115446	1.49998
11712	-36.67561	-207.1807	170.5051	1.365252	0.3926108	0.588001	1.390921
11718	-17.64839	-188.9108	171.2624	0.2110748	0.9004317	0.9588359	1.076626
11724	-34.08643	-202.0673	167.9809	0.4855415	1.645238	3.622925	0.4394209
11730	-33.13717	-203.3657	170.2285	0.1225368	0.3175561	2.838799	0.6026179
11736	-30.55432	-200.8169	170.2626	0.4732724	0.7989323	2.062852	0.786196
11742	-32.77043	-203.7407	170.9702	0.1488406	0.4552004	2.062852	0.5903674
11748	-31.71914	-203.1983	171.4792	1.096526	0.6897191	0.2409243	0.8919157
11754	-34.95322	-205.671	170.7177	0.1208564	1.397837	1.229485	0.9520696
11760	-24.80917	-195.0671	170.2579	1.481846	0.6236028	1.229485	0.7735185
11766	-23.07847	-194.5853	171.5068	0.1583607	0.9462941	1.107569	0.5073003
11772	-25.37698	-195.0826	169.7056	0.3966748	0.9462941	2.361353	1.002403
11778	-24.19789	-194.7629	170.565	0.5444786	1.312708	1.172579	0.7973055
11784	-29.71682	-200.6846	170.9678	0.3245803	1.235566	1.064983	0.7973055
11790	-32.24025	-202.4747	170.2345	0.7376882	0.5750953	0.6177902	1.943543
11796	-21.01971	-191.7551	170.7354	0.4373429	0.9426018	1.269455	1.027169
11802	-25.06297	-196.7408	171.6778	0.2736184	0.7123218	0.7150644	1.027169
11808	-33.77119	-202.7759	169.0047	1.882299	2.101092	0.7150644	0.7566907
11814	-30.52093	-199.5543	169.0333	2.082227	0.712824	1.424777	1.14378
11820	-40.58056	-209.3693	168.7888	1.850755	1.522769	1.570459	0.5116694
11826	-33.09273	-203.4604	170.3677	0.4545616	1.306676	0.8369269	1.389401
11832	-33.91667	-205.0509	171.1343	0.2301405	0.9305628	0.9102364	1.190882
11838	-30.93287	-202.1277	171.1948	0.7716378	0.5288211	0.9102364	0.9693386
11844	-24.47595	-195.3111	170.8351	1.483585	0.5097742	0.5705987	0.9693386
11850	-27.55124	-197.726	170.1747	0.4159236	1.26478	1.781054	0.7354369
11856	-28.27744	-198.7992	170.5217	0.4792231	0.6191971	1.760334	1.015401
11862	-33.73969	-202.7868	169.0471	2.025738	0.716254	1.073665	1.461752
11868	-24.42561	-195.1362	170.7106	0.7721413	0.7040754	1.169016	1.048768
11874	-25.27655	-194.1371	168.8605	1.303545	1.041668	2.513441	0.4973725
11880	-24.72038	-194.7259	170.0055	1.303545	0.7590802	1.643417	0.5484838
11886	-23.10427	-192.3237	169.2194	2.146415	1.087209	0.9152444	1.043225
11892	-24.91109	-195.6047	170.6936	0.7847514	1.186872	1.024144	0.6343019
11898	-26.12094	-197.9642	171.8433	0.2327168	0.9858044	0.3574761	0.9930241
11904	-34.56599	-204.7673	170.2013	0.5621069	1.266603	0.730811	1.544193
11910	-28.69443	-199.4366	170.7422	1.487986	0.7107477	0.6112832	0.8396051
11916	-22.46362	-193.4622	170.9986	0.2609237	0.9521726	1.26143	0.9371091
11922	-25.64918	-197.2081	171.5589	0.0920459	0.7175698	1.290184	0.684468
11928	-34.13457	-205.5995	171.4649	1.016444	0.4877526	0.3899635	1.001259
11934	-28.3766	-199.114	170.7374	1.016444	1.035842	0.8937178	0.646038
11940	-30.11422	-199.4781	169.3639	0.8049994	1.877906	1.457199	0.9566014
11946	-30.87977	-200.0704	169.1906	2.08837	1.388452	0.793753	0.9566014
11952	-27.18739	-197.3807	170.1933	1.660246	0.4877251	1.076494	0.9406724
11958	-34.13625	-202.4179	168.2817	1.843278	1.275354	2.108151	0.9012264
11964	-30.63813	-202.3119	171.6737	0.3224647	0.3787314	1.009275	0.9012264
11970	-24.09114	-194.4966	170.4055	0.2241321	0.8736584	2.033285	0.8654011
11976	-31.02808	-201.1446	170.1165	0.1788891	0.8475836	1.315062	1.7592
11982	-21.43631	-191.4288	169.9925	1.698835	0.3405367	0.84717	1.326831
11988	-29.76316	-198.8352	169.072	1.692549	0.1658085	2.136036	0.4776518
11994	-27.85388	-198.0939	170.24	0.3430803	1.764962	1.247848	0.836967
12000	-32.04508	-202.3786	170.3335	0.4526313	1.536269	1.229289	0.8654586
12006	-28.07991	-199.4836	171.4037	0.3707182	0.7087874	1.229289	0.5150421
12012	-44.72116	-215.4315	170.7104	1.50529	0.8927938	0.326152	0.9772584
12018	-33.61846	-205.7014	172.0829	0.1931291	0.5768251	0.4295038	1.100897
12024	-32.31983	-202.9978	170.678	0.439998	0.476045	1.238152	1.445833
12030	-31.0121	-202.4934	171.4813	0.1618688	0.409874	0.7403527	1.445833
12036	-22.29609	-193.6962	171.4001	0.2933819	0.8967172	0.7103647	1.106253
12042	-28.63143	-198.6453	170.0139	0.9535418	1.86238	0.930023	0.5593442
12048	-22.20301	-193.4521	171.2491	0.2040888	1.127073	0.7550049	1.074746
12054	-34.0228	-204.9979	170.9751	0.9542537	0.4173683	0.7460803	1.209641
12060	-27.77161	-198.5935	170.8219	0.6028639	0.7589592	1.177382	1.046874
12066	-31.85386	-203	171.1461	0.5314695	0.4219514	1.177382	1.046874
12072	-21.69344	-192.0195	170.326	0.195156	0.5683107	2.559339	0.6635308
12078	-31.78512	-202.6144	170.8293	0.5352418	0.9695157	1.341011	0.6635308
12084	-28.92967	-197.4332	168.5035	1.541641	2.746744	0.9063178	0.9379919
12090	-32.54144	-203.5865	171.0451	0.2533729	0.5541025	1.125685	1.353508
12096	-34.5337	-206.3681	171.8344	0.1984664	0.6500432	0.6113061	1.101355
12102	-36.04487	-205.4095	169.3646	1.662603	1.092571	1.428189	0.8523541
12108	-28.1138	-198.1622	170.0484	1.662603	0.6715454	0.8323935	1.174242
12114	-27.65754	-198.7235	171.066	0.8080168	0.5741548	1.136821	0.7715836
12120	-37.0845	-207.6247	170.5402	1.251474	0.5741548	0.5862937	1.377943
12126	-46.74772	-217.4727	170.725	0.6070564	1.020599	0.3051768	1.617795
12132	-34.48325	-204.6024	170.1192	0.647512	1.020599	0.8888091	1.604537
12138	-18.7198	-188.9266	170.2068	0.7851269	1.991767	0.3778288	1.110476
12144	-27.54556	-195.6009	168.0554	2.207946	0.5977123	0.4410716	2.504033
12150	-25.65362	-192.1852	166.5316	2.916613	0.5183664	0.7994896	2.821592
12156	-22.50404	-190.1952	167.6912	2.916613	0.7180071	1.085291	1.78854
12162	-24.07706	-191.8129	167.7359	2.625914	1.079854	0.712334	1.967636
12168	-20.48127	-192.4043	171.923	0.1405484	0.5636007	0.4992843	1.234666
12174	-28.10186	-197.0122	168.9104	2.007007	1.855023	0.8928431	0.7583841
12180	-24.01262	-195.4097	171.3971	0.5399142	1.211572	0.5717224	0.4923718
12186	-24.85856	-196.3251	171.4665	0.1601809	0.3927052	1.559175	0.3852926
12192	-36.32003	-207.2304	170.9104	0.8305482	0.7002122	0.4775444	1.417989
12198	-39.34213	-210.1307	170.7886	0.3821948	0.7002122	0.3339891	1.928639
12204	-23.0605	-192.0941	169.0336	2.285633	0.4814488	1.660078	0.8903025
12210	-33.01628	-199.9468	166.9305	2.285633	1.118532	3.013855	1.062183
12216	-37.71532	-204.3542	166.6389	2.285633	3.426851	1.689065	0.7802542
12222	-37.91145	-208.8493	170.9378	0.8447684	0.3955546	0.8692642	1.234078
12228	-41.75579	-211.9813	170.2255	0.9266136	1.839632	0.3151646	1.140696
12234	-27.89833	-198.6734	170.7751	1.013439	0.7869484	0.7051715	1.122582
12240	-21.26454	-191.9428	170.6782	1.261016	0.35624	0.7933598	1.166685
12246	-44.74283	-211.244	166.5012	2.080655	3.683371	1.295526	1.335059
12252	-46.56834	-215.5437	168.9753	0.5481274	3.683371	0.9237599	0.7839803
12258	-33.64028	-204.6174	170.9771	1.362496	0.4444061	0.6389248	0.9117992
12264	-31.50284	-201.3915	169.8887	0.4698081	1.532852	0.9278708	1.509806
12270	-27.04298	-196.6152	169.5722	0.06131607	2.745196	1.469514	0.7528279
12276	-36.3761	-206.6919	170.3158	0.0221301	1.075031	2.291896	0.5898611
12282	-35.60287	-204.7598	169.1569	0.04066959	3.023866	1.500078	0.9959325
12288	-37.66363	-207.2084	169.5448	0.1131238	1.688391	2.097582	0.9959325
12294	-19.10549	-190.2276	171.1221	0.2706346	0.8725352	0.9888972	1.14783
12300	-15.43282	-186.5013	171.0685	0.2765687	1.183636	0.9362084	0.9467739
12306	-24.02973	-193.9608	169.9311	0.2686101	0.6781821	2.814319	0.4108357
12312	-25.2889	-194.7744	169.4855	1.163183	0.2406301	2.39638	0.322022
12318	-24.95047	-196.0837	171.1333	0.330704	0.2406301	1.66493	0.5102538
12324	-19.19139	-189.5531	170.3617	0.4771468	1.112559	1.66493	0.7625274
12330	-18.6084	-189.7666	171.1582	0.3885409	0.6312378	1.287974	0.929231
12336	-33.30557	-204.9005	171.595	0.403854	0.3954545	1.07027	0.8227926
12342	-37.07133	-208.4711	171.3997	0.181839	0.4962715	1.116144	1.15846
12348	-26.02864	-197.1783	171.1496	0.6456406	1.132215	0.5786839	0.9012926
12354	-31.00242	-201.0782	170.0758	0.8711595	1.543538	0.9967586	0.9383624
12360	-32.94957	-202.3757	169.4261	1.362986	1.448436	1.440567	0.6760624
12366	-18.68204	-188.0831	169.401	0.576314	1.318447	2.385975	0.3698532
12372	-19.15457	-188.1832	169.0286	1.858659	1.144716	1.560824	0.7957648
12378	-17.66493	-188.2373	170.5724	0.2311825	1.419925	1.457944	0.6666648
12384	-14.37975	-184.5373	170.1576	0.30673	2.362198	1.02451	0.5264122
12390	-17.44995	-187.6363	170.1863	0.2079478	1.283442	2.044196	0.5051764
12396	-15.14412	-186.259	171.1149	0.5560439	0.3344884	1.518951	0.619639
12402	-13.5167	-184.3948	170.8781	0.7472813	0.5279032	1.518951	0.5725645
12408	-19.37931	-188.7781	169.3988	0.2724329	1.85408	2.231864	0.4389597
12414	-21.1779	-192.3612	171.1833	0.3018601	1.189039	1.026934	0.6038472
12420	-29.72387	-200.6149	170.891	0.2612426	0.765811	1.021962	1.404518
12426	-30.0411	-201.3592	171.3181	0.1684742	0.765811	1.312668	0.8274584
12432	-37.22007	-207.0537	169.8336	0.1313001	1.398834	2.172166	0.8746958
12438	-30.25437	-199.5907	169.3364	0.7492717	2.154372	1.38142	0.8746958
12444	-36.53992	-206.7255	170.1856	0.3820525	1.372243	1.662045	0.7906057
12450	-37.87886	-208.8089	170.9301	0.8571335	0.6334367	0.9249901	1.051243
12456	-25.59195	-196.5566	170.9647	0.2652943	0.6866999	1.48873	0.998891
12462	-30.78828	-202.7078	171.9195	0.2039084	0.4384491	0.7746639	0.998891
12468	-33.13746	-204.599	171.4616	0.006551928	0.3164795	0.6174703	1.661594
12474	-33.90532	-205.1669	171.2616	0.08147355	1.478281	0.6603895	0.9397597
12480	-18.31454	-189.7312	171.4167	0.04275419	0.6194782	1.38879	0.9254142
12486	-25.45462	-195.6041	170.1495	0.800073	1.084305	1.456749	0.9183228
12492	-19.33663	-191.1852	171.8485	0.1542065	0.4883073	0.6340783	1.215141
12498	-12.7829	-184.0441	171.2612	0.4670262	0.6215982	0.7033046	1.304541
12504	-15.22044	-185.8447	170.6243	1.290909	0.6825653	0.4628874	1.304541
12510	-27.49396	-198.7378	171.2439	0.5018508	0.5976983	0.6462377	1.352168
12516	-24.50643	-195.3933	170.8869	1.321893	0.5477868	0.5051286	1.113231
12522	-20.29327	-190.7588	170.4656	0.9186703	0.5477868	0.8556374	1.499022
12528	-17.56351	-189.4317	171.8682	0.151017	0.8850852	0.7713956	0.6616752
12534	-19.71751	-190.5481	170.8306	0.9573044	0.8850852	0.5985193	1.132516
12540	-17.60015	-188.6232	171.0231	0.03499568	1.268043	0.9479948	1.132516
12546	-21.66681	-193.0704	171.4036	0.02684422	0.3204436	1.526779	0.9439677
12552	-27.16187	-198.1661	171.0042	0.008736797	1.521042	1.186099	0.5843047
12558	-28.80591	-199.4411	170.6351	0.02137532	1.733419	0.8886766	1.154868
12564	-34.2537	-204.6319	170.3782	0.02137532	2.126376	0.9818249	0.9918749
12570	-40.42493	-211.3721	170.9472	0.182225	1.283151	0.6876151	1.281452
12576	-46.93648	-216.9554	170.0189	1.347281	1.117534	0.571779	1.315715
12582	-39.58971	-209.1347	169.545	1.402776	1.271465	0.5930084	1.505983
12588	-33.65875	-201.9373	168.2786	1.68587	2.144178	0.7917173	1.505983
12594	-36.18386	-206.1511	169.9673	0.6281489	1.443141	0.9196376	1.399737
12600	-20.52342	-191.8043	171.2809	0.4401708	0.5172508	1.01878	1.10894
12606	-26.78253	-196.4318	169.6493	0.3914214	2.204201	1.476542	0.7570293
12612	-16.51986	-187.8963	171.3765	0.009813306	0.9455239	1.127039	0.9523046
12618	-19.90768	-191.451	171.5433	0.02650539	0.9177293	0.649063	1.249009
12624	-27.13394	-198.7635	171.6295	0.05049981	0.8022607	1.04638	0.8731957
12630	-22.80616	-193.6774	170.8712	0.002990207	1.512633	0.8822259	1.146605
12636	-16.8139	-188.5413	171.7274	0.01124835	0.9126083	0.9337443	0.8054207
12642	-21.47116	-192.5013	171.0301	0.2295209	1.328477	0.6958832	1.125202
12648	-14.92788	-185.3694	170.4416	1.664404	0.6705241	0.7903003	0.8167092
12654	-13.82142	-184.6492	170.8278	0.5613158	0.4568275	1.584922	0.9105977
12660	-23.82146	-193.8942	170.0727	0.5613158	2.234335	0.9168941	0.6575467
12666	-25.49749	-195.2376	169.7401	0.5203142	1.900491	1.582036	0.6289883
12672	-25.87268	-196.4309	170.5582	0.7364138	1.134928	1.198651	0.7452206
12678	-22.75014	-192.2387	169.4885	0.1842688	2.512759	1.699379	0.5246052
12684	-19.76722	-189.2209	169.4537	0.07224175	1.714507	2.46479	0.6634021
12690	-20.14455	-188.3155	168.171	1.869603	1.583546	2.104151	0.5707045
12696	-17.69902	-186.0846	168.3856	1.869603	1.3607	2.104151	0.5483244
12702	-11.93323	-182.5463	170.613	1.135361	0.9453901	1.023866	0.5280479
12708	-18.99747	-189.7907	170.7932	0.79827	0.9017505	0.7547321	1.153526
12714	-19.83571	-190.8902	171.0545	0.07159553	1.131983	1.096803	1.056296
12720	-17.0728	-188.3595	171.2867	0.1192907	0.8063322	0.8639389	1.297483
12726	-24.08822	-191.7383	167.6501	2.503088	1.076665	0.6221678	2.166848
12732	-20.84422	-191.6011	170.7568	0.08737436	1.665357	0.6977035	1.210802
12738	-20.56547	-191.4687	170.9033	0.1015523	1.665357	0.7391392	1.027899
12744	-15.83788	-187.2401	171.4022	0.3896313	0.7809825	0.6208094	1.19887
12750	-27.35031	-197.1176	169.7673	1.266265	1.522899	0.796432	1.070846
12756	-21.0778	-192.9092	171.8314	0.2930489	0.401255	0.796432	0.9876506
12762	-18.66568	-190.1807	171.515	0.06497231	1.029882	0.8231533	0.9791111
12768	-24.1169	-195.7765	171.6596	0.1990698	0.5585962	0.9255271	1.040101
12774	-15.03218	-185.9295	170.8973	0.6832773	0.6306746	1.05803	1.121587
12780	-29.30877	-198.4272	169.1184	0.3799095	3.299058	1.25733	0.3489918
12786	-21.06533	-191.6586	170.5932	0.3920249	0.6975726	1.996633	0.3829808
12792	-33.67026	-205.3539	171.6836	0.8007264	0.3213819	0.2536361	1.15439
12798	-30.76893	-202.2428	171.4739	0.8487402	0.2129666	0.1851797	1.231807
12804	-23.28568	-194.7447	171.459	1.207657	0.3121391	0.4051302	0.8051539
12810	-40.17588	-210.039	169.8632	1.650301	1.284182	0.6100775	1.007379
12816	-43.76056	-212.7491	168.9886	1.859329	0.2566988	1.992286	1.007379
12822	-39.09452	-210.4916	171.3971	0.902542	0.5736441	0.7281021	0.7473211
12828	-40.20525	-211.7258	171.5205	0.3682469	0.3226073	0.8788814	1.128449
12834	-41.75885	-212.5568	170.7979	0.7378366	0.525883	1.608242	0.5791948
12840	-43.29133	-213.4707	170.1794	0.9487111	1.953443	0.3801972	1.010255
12846	-36.92148	-208.3527	171.4312	0.1859434	0.5798151	0.7050656	1.4179
12852	-38.97481	-209.966	170.9912	0.2489902	1.424669	1.062366	0.494984
12858	-31.29317	-201.483	170.1899	1.659355	0.3804825	1.273335	0.7523224
12864	-28.38096	-198.5906	170.2096	1.659355	0.3215023	0.5828843	1.390553
12870	-46.93804	-215.5758	168.6377	1.45774	1.781102	0.6142391	1.762869
12876	-46.35985	-218.4517	172.0919	0.158662	0.2616066	0.4832137	1.114409
12882	-21.82592	-194.0508	172.2249	0.00915636	0.3613035	0.5354265	1.134431
12888	-30.59883	-201.8755	171.2767	0.05537487	0.5403668	1.363649	1.134431
12894	-28.2882	-199.5187	171.2305	0.3223944	0.6665925	1.052887	1.122919
12900	-30.66557	-201.1215	170.456	0.9202831	1.011578	0.6764187	1.308492
12906	-40.59382	-211.3585	170.7647	0.3853544	0.7549435	0.6644525	1.67872
12912	-33.98792	-204.3652	170.3773	0.1930252	1.179033	0.4982202	1.905047
12918	-32.98175	-204.2943	171.3125	0.2783919	0.7129999	0.3936681	1.584568
12924	-31.84817	-202.6649	170.8167	1.036008	0.8891011	0.4432146	1.208004
12930	-55.90876	-226.086	170.1772	0.7373306	0.7987249	0.929143	1.627621
12936	-50.57417	-222.2526	171.6784	0.2767716	0.8725385	0.5440157	1.039464
12942	-34.25613	-204.9364	170.6802	0.8392869	0.8350436	0.7669898	1.26081
12948	-31.3097	-202.3149	171.0052	0.05121414	1.11984	1.491812	0.67789
12954	-39.68516	-209.0861	169.401	1.237294	1.349045	1.669145	0.7069787
12960	-32.3859	-203.3012	170.9153	1.18764	0.4377671	0.715301	1.076252
12966	-27.41653	-199.5309	172.1143	0.07256243	0.4108903	0.7335111	0.9857289
12972	-39.67987	-208.8494	169.1695	1.297095	1.712269	1.277433	0.9857289
12978	-34.23711	-205.141	170.9039	0.4293294	0.8209839	0.7889028	1.403519
12984	-42.693	-212.7629	170.0699	0.3985145	1.706424	1.355172	0.9069363
12990	-25.81135	-196.1884	170.3771	1.310069	0.4799102	1.355172	0.8151373
12996	-24.2178	-195.5709	171.3531	0.01998079	0.4536822	1.672758	0.8276885
13002	-31.59778	-201.0032	169.4054	0.7530637	1.94374	1.672758	0.4652515
13008	-46.95327	-216.3964	169.4431	1.834935	1.32362	0.7169466	1.093562
13014	-38.80536	-209.5241	170.7187	0.2539724	1.342934	0.8041633	1.266824
13020	-33.12955	-204.1094	170.9798	0.3210356	0.7791775	0.6430245	1.568478
13026	-26.39192	-197.0981	170.7062	0.07254959	2.185961	0.8200033	0.6387416
13032	-30.72436	-201.6349	170.9105	0.1266311	0.9708777	1.373607	1.030254
13038	-28.40402	-199.5408	171.1367	0.2645595	0.784295	1.461438	0.7109643
13044	-27.03057	-198.1896	171.1591	0.7349961	0.4495921	1.217339	0.7395771
13050	-22.69519	-194.2192	171.524	0.09704057	0.7085815	1.071851	1.00462
13056	-31.53953	-202.5148	170.9753	0.2517974	1.13781	1.043162	1.00462
13062	-29.25208	-199.5219	170.2699	0.7730613	1.433572	1.043162	0.895338
13068	-30.7235	-201.0225	170.299	1.644136	0.5050258	0.7516602	1.156275
13074	-26.36601	-198.019	171.653	0.174071	0.3311174	1.379497	0.4427754
13080	-19.81432	-191.4993	171.685	0.08277906	0.3675949	1.381662	0.7107237
13086	-28.0642	-197.1925	169.1283	1.473249	1.415429	1.510733	0.8851691
13092	-31.88137	-202.191	170.3096	1.170235	0.7550841	0.8206645	1.312705
13098	-31.56569	-201.996	170.4303	0.4947985	1.263514	1.149578	1.073833
13104	-34.75142	-204.8444	170.093	0.2811977	0.5191868	2.626938	0.8368892
13110	-32.64956	-201.9252	169.2756	1.171285	0.5182988	2.676313	0.6490668
13116	-21.61561	-192.8979	171.2823	0.1906791	0.6857482	1.537977	0.58964
13122	-22.0211	-192.5563	170.5352	0.2499553	1.346283	1.537977	0.6837208
13128	-17.73874	-188.0028	170.2641	0.1333444	1.760582	1.527063	0.7095301
13134	-17.05086	-187.8843	170.8335	0.4680343	1.291064	1.112652	0.5978
13140	-13.21433	-184.7947	171.5804	0.2059188	0.48379	1.112652	0.9755742
13146	-22.51477	-192.2344	169.7196	2.077429	0.48379	0.4949453	1.491219
13152	-32.54418	-203.8816	171.3375	0.1717208	1.023093	0.8850167	0.9950524
13158	-39.48804	-210.5901	171.1021	0.1464054	0.6508005	0.5931762	1.727262
13164	-42.20973	-212.8126	170.6029	0.6752357	0.6508005	0.3998894	1.840941
13170	-38.35351	-209.6731	171.3196	0.6717633	0.6508005	0.5312852	1.207942
13176	-32.86361	-204.5518	171.6882	0.1966579	0.3455904	1.006026	1.019284
13182	-20.98437	-192.2538	171.2695	0.02467287	1.348925	0.7332993	1.040037
13188	-25.88167	-196.8355	170.9538	0.3810612	1.019503	0.7332993	1.289441
13194	-20.84612	-191.7786	170.9324	0.2891618	1.236027	0.6317068	1.289441
13200	-28.16809	-197.1303	168.9623	0.3566594	2.829259	1.629815	0.8741297
13206	-30.96036	-199.8155	168.8552	0.7555711	2.019492	2.114519	0.3658289
13212	-35.69641	-204.8881	169.1917	1.460128	1.692421	1.402649	0.4919562
13218	-39.84766	-210.5522	170.7045	0.164058	0.5611699	1.939941	1.01456
13224	-40.35282	-210.1911	169.8382	0.2309825	1.97635	1.729018	0.5644251
13230	-25.82271	-196.948	171.1253	0.6268919	0.2519589	1.351874	0.6624038
13236	-36.23532	-206.7778	170.5425	1.068213	0.7887425	1.274134	0.6624038
13242	-37.43638	-208.6697	171.2333	1.068213	0.3574994	0.6815761	0.9259366
13248	-30.73981	-200.8668	170.1269	1.820498	0.5730437	0.9444304	0.9187603
13254	-34.41372	-205.2948	170.881	0.2053451	0.81124	0.9444304	1.480662
13260	-27.37856	-199.2127	171.8341	0.1912397	0.8425655	0.5466073	0.9970147
13266	-28.84369	-198.1967	169.353	2.457575	0.8425655	0.442742	1.28209
13272	-27.99811	-199.0006	171.0025	0.04046253	1.018144	0.631302	1.592657
13278	-47.87587	-219.3273	171.4514	0.4748334	0.4453546	0.7484661	1.201469
13284	-34.69768	-205.4169	170.7192	0.8267727	0.2554658	0.9510711	1.309042
13290	-36.50152	-206.7191	170.2175	1.063454	0.2640291	1.866039	0.5984262
13296	-28.20491	-199.6398	171.4349	0.1688995	0.9522539	0.7561368	1.095816
13302	-30.58056	-202.7535	172.173	0.003657873	0.4160589	0.6280182	1.095816
13308	-27.29429	-197.9223	170.628	1.167503	0.7450517	0.9453514	0.9189858
13314	-28.43103	-200.0497	171.6186	0.1910112	0.6514087	0.9453514	0.9940991
13320	-25.76972	-197.9021	172.1324	0.0931134	0.3187331	0.9330996	0.6758445
13326	-27.70185	-197.6634	169.9615	0.4996813	1.360056	0.7830603	1.660058
13332	-34.08273	-205.2463	171.1636	0.4996813	0.3699514	0.3098552	1.749164
13338	-34.13877	-203.5801	169.4414	2.252044	0.8637816	0.7343409	1.114229
13344	-39.29021	-208.1148	168.8246	2.04464	0.9169431	1.508004	1.112194
13350	-38.17948	-207.5709	169.3915	2.04464	0.8916771	0.6698151	1.361568
13356	-41.56876	-211.4611	169.8923	0.4675238	1.821697	0.9641572	1.276383
13362	-53.71856	-223.3907	169.6722	1.60514	0.8932537	1.015676	1.207016
13368	-44.52041	-215.2226	170.7022	0.370454	0.4919293	0.6373605	1.901326
13374	-54.43475	-222.8885	168.4537	1.820164	0.7527309	2.62195	0.7061695
13380	-55.11441	-224.8131	169.6987	1.86862	0.2528145	1.240668	1.033471
13386	-44.73165	-215.1726	170.4409	0.6058053	0.8148787	1.531114	1.018107
13392	-41.29005	-211.1733	169.8832	1.543906	0.6821651	0.9600087	1.297495
13398	-39.75616	-209.9058	170.1496	1.131658	1.26393	0.8113011	1.056574
13404	-32.67912	-203.7212	171.0421	0.9794941	0.6688113	0.8809632	0.810527
13410	-39.91505	-209.2463	169.3313	0.3749091	1.014228	2.831967	0.8468811
13416	-24.65129	-194.7019	170.0507	0.8005909	0.4399699	2.289594	0.343581
13422	-20.58981	-191.8486	171.2588	0.4509894	0.5814841	1.38517	0.6050825
13428	-25.291	-194.9894	169.6984	0.986139	0.9218881	1.38517	1.366427
13434	-26.29802	-197.9494	171.6514	0.643586	0.7364492	0.6188198	0.7017038
13440	-40.34703	-211.6362	171.2892	0.3661229	0.3263566	0.8920967	1.316288
13446	-43.41875	-214.2718	170.8531	0.9641533	0.6697484	0.5215831	1.345348
13452	-27.97667	-196.9328	168.9561	2.187306	0.6939837	1.789898	0.7346099
13458	-25.96669	-195.6705	169.7038	0.1321923	0.8428582	2.995476	0.6635607
13464	-23.65069	-194.985	171.3343	0.2634347	0.6291692	1.042096	1.121649
13470	-21.87115	-192.6804	170.8093	0.8133605	0.8887403	0.5795773	1.286548
13476	-24.21331	-195.5284	171.3151	0.3418483	1.133395	0.5833108	1.038297
13482	-23.45401	-194.5652	171.1111	0.01536317	1.133395	0.9270361	1.206898
13488	-18.4936	-189.317	170.8234	0.601074	1.133395	0.8731191	0.9814793
13494	-16.65642	-185.9663	169.3099	1.742012	1.133395	1.245706	0.9814793
13500	-20.18119	-192.0377	171.8565	0.1985617	0.2057315	0.9382218	0.6884125
13506	-28.1343	-199.8991	171.7648	0.2302453	0.3789444	1.166627	0.6884125
13512	-33.88138	-202.7459	168.8646	2.47244	0.607429	1.208728	1.219767
13518	-31.79556	-203.0514	171.2558	0.3333008	0.2334482	1.208728	1.011019
13524	-29.24058	-200.6796	171.4391	0.374282	0.2300228	1.198733	0.753474
13530	-31.84845	-202.9894	171.1409	0.1542765	0.6350327	1.312043	1.146337
13536	-30.2814	-202.4254	172.144	0.1575918	0.4919767	0.4759879	1.08875
13542	-30.20344	-201.6591	171.4556	0.1726742	0.4899216	1.150543	1.08875
13548	-35.20951	-206.7616	171.5521	0.3793853	0.8930656	0.5678173	1.019594
13554	-31.33897	-202.8407	171.5017	0.2351344	1.169163	0.2783613	1.209373
13560	-19.27594	-191.2942	172.0182	0.08482828	0.3492352	0.2990981	1.435002
13566	-22.10967	-193.658	171.5483	0.3074553	0.7186278	0.7252751	1.102214
13572	-23.36688	-195.3824	172.0155	0.109215	0.3204245	0.6709662	1.102214
13578	-33.38847	-204.7343	171.3458	0.09993647	1.180434	0.687423	1.095253
13584	-29.4066	-200.1148	170.7082	0.284352	1.242759	1.079312	1.095253
13590	-34.63762	-206.1304	171.4928	0.5319617	0.4868685	0.37888	1.404578
13596	-37.31605	-205.8371	168.521	1.0992	0.9329633	0.5240844	2.655897
13602	-40.30379	-210.4466	170.1428	0.03701361	0.9329633	0.4482754	2.353605
13608	-39.23136	-208.768	169.5367	1.181101	1.403269	0.7880119	1.436163
13614	-31.86959	-202.9253	171.0557	0.9443328	0.8315347	0.8741996	0.5831337
13620	-34.17513	-205.215	171.0399	0.4672118	0.7077575	0.5870632	1.507167
13626	-30.0465	-198.5883	168.5418	2.568235	0.7077575	1.238981	1.309441
13632	-26.54196	-197.2615	170.7196	1.194851	0.7717288	0.7238573	0.9996282
13638	-30.59075	-200.5657	169.975	0.5353175	2.540048	0.7112605	0.8013041
13644	-42.58231	-213.8628	171.2804	0.459762	0.8550721	0.4029309	1.360794
13650	-37.75044	-208.5153	170.7649	0.5261076	0.6007321	0.6254132	1.704488
13656	-31.92363	-201.6544	169.7308	1.35779	0.8990548	1.380483	1.043115
13662	-34.34422	-204.0108	169.6666	1.795871	0.4930691	1.674834	0.6528774
13668	-35.58539	-205.5096	169.9242	1.649286	0.8232835	0.9033705	1.105833
13674	-37.37077	-207.7351	170.3644	0.7919685	0.550315	1.30624	1.325063
13680	-36.00415	-205.4868	169.4826	0.3769363	1.722066	1.41344	1.38797
13686	-31.78399	-202.1185	170.3345	0.3547499	0.8609729	1.41344	1.38797
13692	-26.73586	-197.795	171.0591	0.1875329	0.5763594	1.851844	0.6065812
13698	-26.10874	-197.0091	170.9003	0.124297	0.780815	1.694723	0.9049916
13704	-25.10524	-196.416	171.3107	0.4947587	0.6525557	1.118867	0.8008095
13710	-20.7161	-192.5411	171.825	0.09268253	0.6525557	0.9114614	0.9151487
13716	-23.31904	-193.1776	169.8586	1.335361	1.520356	0.6364507	1.072756
13722	-23.23063	-194.1929	170.9623	1.335361	0.7072685	0.5705746	0.8097215
13728	-35.62576	-205.4612	169.8354	0.16479	1.671876	2.041699	0.6356832
13734	-38.60835	-207.1938	168.5854	0.8469788	1.896217	2.144212	0.9911195
13740	-25.51087	-194.0543	168.5435	0.4724001	4.288473	0.8633487	1.017196
13746	-35.78095	-205.1032	169.3222	1.964134	0.8075978	1.571271	0.6798753
13752	-24.49482	-192.956	168.4611	1.964134	0.7673611	0.4118552	2.32415
13758	-31.92214	-202.7632	170.841	1.149506	0.892575	0.4118552	1.111366
13764	-36.61753	-206.6061	169.9886	1.608318	0.5160591	0.5522415	1.582435
13770	-32.05539	-202.2423	170.1869	1.615556	0.3384131	0.3551093	1.615436
13776	-36.65071	-204.1701	167.5194	2.330506	1.880022	0.8297404	1.72316
13782	-29.29236	-200.8335	171.5411	0.5944392	0.4294653	0.4955746	1.24365
13788	-23.67416	-195.0405	171.3664	0.2889611	0.8871929	1.042535	0.8051392
13794	-32.76922	-203.1949	170.4257	0.07086625	1.351617	0.9193086	1.541135
13800	-36.59574	-206.1926	169.5968	0.2159651	2.244408	1.313765	1.141424
13806	-40.55545	-210.6955	170.14	0.4324584	2.244408	0.7429881	0.9608316
13812	-34.84411	-205.0707	170.2266	0.2080159	2.244408	0.7414812	1.096632
13818	-35.58536	-205.4278	169.8424	1.86866	0.8694944	0.8944773	0.9346428
13824	-28.04052	-197.7598	169.7192	0.9229886	1.733132	1.313116	0.6985745
13830	-28.90906	-197.6356	168.7266	1.93701	2.317639	0.7386558	0.790763
13836	-34.84432	-204.5323	169.688	1.796103	0.272196	1.056429	1.290859
13842	-29.24466	-199.86	170.6153	0.2676711	0.4768993	0.4820204	2.136398
13848	-22.13779	-193.3119	171.1741	0.354578	0.8366739	0.6315275	1.361621
13854	-28.86253	-198.0809	169.2184	1.698233	0.8896916	0.7655895	1.679275
13860	-27.91155	-198.7223	170.8107	0.7526958	1.187376	0.4657701	1.181871
13866	-36.16448	-207.5623	171.3978	0.7526958	0.3839466	0.964547	0.7628057
13872	-30.21215	-199.6175	169.4054	1.899539	1.459164	0.7986637	0.846316
13878	-34.0735	-205.4523	171.3788	0.2777326	0.7324282	0.875713	1.134662
13884	-29.25321	-200.4429	171.1897	0.08225843	0.7881425	0.4252343	1.739125
13890	-41.04462	-211.1087	170.0641	1.55039	0.8523832	1.019975	0.9216096
13896	-49.75992	-218.4009	168.641	1.55039	2.494561	0.7899051	1.094871
13902	-45.97096	-217.129	171.1581	1.142268	0.2854621	0.4807285	1.094871
13908	-36.41894	-204.7896	168.3706	2.338927	0.773983	0.6911333	1.951927
13914	-39.13333	-209.5715	170.4381	0.3561424	0.773983	0.4007897	2.088563
13920	-46.9893	-218.2088	171.2195	0.7358269	0.4392624	0.2181129	1.59503
13926	-41.55245	-212.365	170.8126	0.04966411	1.612122	0.4292795	1.450613
13932	-52.12643	-223.0712	170.9448	0.3158124	0.7411803	0.6633218	1.609483
13938	-45.909	-216.1448	170.2358	0.7972707	0.8794571	0.5449533	1.759914
13944	-44.16235	-214.6521	170.4898	0.895407	0.6403849	1.512267	0.8484607
13950	-26.96214	-196.6738	169.7116	1.302708	0.7321816	1.799883	0.8484607
13956	-26.79172	-197.6625	170.8707	0.4228719	1.035785	0.6553277	1.371918
13962	-36.758	-208.1599	171.4019	0.02775339	0.9239565	0.7561406	1.271243
13968	-43.65369	-214.6784	171.0247	0.1111233	0.8142621	0.6848089	1.633331
13974	-41.60364	-212.9656	171.3619	1.194193	0.4195187	0.5106921	0.8180081
13980	-45.38766	-216.4015	171.0139	0.7106589	0.333941	0.8333978	1.309816
13986	-47.97229	-218.738	170.7657	1.492861	0.6636461	0.536724	0.9411814
13992	-36.54778	-207.6332	171.0854	0.1424862	0.8350701	0.317392	1.813034
13998	-35.71915	-206.7217	171.0025	0.6229938	0.8350701	0.2676129	1.565795
14004	-35.14957	-206.5074	171.3578	0.1839401	0.4459031	0.3199148	1.813795
14010	-32.17522	-204.1758	172.0006	0.02312324	0.4459031	0.3199148	1.466598
14016	-36.31231	-208.6237	172.3114	0.01077818	0.3374475	0.7135786	0.8624312
14022	-38.81515	-208.4517	169.6366	0.02149012	1.202219	0.5331635	2.460086
14028	-32.81158	-204.7658	171.9542	0.1838671	0.7090234	0.5606821	0.9983635
14034	-29.75007	-200.4851	170.7351	1.264914	1.089337	0.3247548	0.9983635
14040	-28.20564	-199.7893	171.5837	0.1761517	0.4569836	0.6203858	1.434825
14046	-25.29254	-197.6203	172.3278	0.03056852	0.4569836	0.5996172	0.9281671
14052	-31.85851	-202.4844	170.6259	0.5789405	1.57507	0.2055656	1.385145
14058	-28.47403	-199.4443	170.9702	0.2332489	1.326272	0.565784	1.286313
14064	-26.95515	-196.9298	169.9747	1.223364	1.690852	0.2297027	1.286813
14070	-46.06631	-217.1522	171.0859	0.8998802	0.3555644	0.3487432	1.48701
14076	-34.95452	-205.054	170.0995	0.6440734	0.8790513	0.3073907	2.11567
14082	-32.27465	-203.3499	171.0753	0.509733	1.01127	0.8111556	1.004908
14088	-34.15572	-205.033	170.8772	0.509733	0.8600248	0.6780968	1.417951
14094	-41.11127	-212.6919	171.5807	1.097292	0.2983693	0.5187424	0.5170011
14100	-30.64268	-202.1074	171.4647	0.1626934	0.364633	0.904018	1.334875
14106	-27.79578	-199.085	171.2892	0.4603956	0.5010606	0.5625575	1.468276
14112	-30.61411	-201.6843	171.0702	0.4482412	0.8729779	0.66998	1.310439
14118	-19.37021	-190.8822	171.512	0.1099173	0.771135	0.6840487	1.295831
14124	-20.39551	-190.215	169.8195	1.960729	0.6572491	0.6023854	1.31917
14130	-21.10507	-192.646	171.5409	0.2704508	0.6333991	0.6023854	1.310825
14136	-22.90206	-192.8304	169.9284	1.60784	1.012112	1.093099	0.7239591
14142	-20.01782	-189.8967	169.8789	0.5637534	2.447578	0.9195767	0.6959809
14148	-17.44258	-188.6748	171.2322	0.3869413	0.8739544	0.6525356	1.241212
14154	-17.40053	-188.6631	171.2625	0.6389629	0.5890133	1.098007	0.7709954
14160	-26.72101	-196.4382	169.7172	1.791991	0.1369551	0.8731812	1.04098
14166	-18.82142	-187.9342	169.1127	2.080408	0.497361	1.959834	0.6089017
14172	-20.62533	-190.1474	169.5221	0.4846985	2.259346	1.561523	0.5438728
14178	-24.83744	-193.6481	168.8107	2.110758	0.7725012	1.757644	0.9571409
14184	-36.1631	-204.1675	168.0044	2.110758	1.022385	1.981019	1.264088
14190	-30.12733	-198.3281	168.2007	2.110758	0.6859208	2.280183	1.119925
14196	-22.09528	-193.7601	171.6648	0.8973043	0.293877	0.6315297	0.5129602
14202	-18.84429	-190.0568	171.2125	0.3759295	0.8840982	1.151882	0.7499254
14208	-17.83663	-188.789	170.9523	1.292861	0.7656379	0.5084619	0.8826003
14214	-26.62438	-197.3029	170.6785	1.073347	0.4327517	1.309727	0.8188243
14220	-29.83215	-199.8046	169.9725	1.846259	0.5491102	0.7825868	1.211223
14226	-30.1059	-201.1686	171.0627	0.6120092	0.7249211	0.808578	1.183907
14232	-26.0584	-196.7139	170.6555	0.6766812	0.7604713	1.383167	0.9307674
14238	-20.39461	-192.1528	171.7582	0.256538	0.4476186	0.9641283	0.9099012
14244	-18.36594	-189.9077	171.5417	0.3319666	0.5499757	0.5549648	1.352333
14250	-23.82155	-194.8638	171.0422	0.4421212	0.594074	1.542828	0.7229463
14256	-34.98285	-203.4214	168.4385	2.431351	1.515835	1.165405	0.8644823
14262	-35.91662	-203.9025	167.9858	2.248828	1.515835	1.748047	0.9241192
14268	-21.96207	-193.5989	171.6369	0.5769844	0.5013037	0.8378724	0.7859003
14274	-41.24583	-211.651	170.4051	1.102926	0.7308748	0.4997392	1.555275
14280	-46.81642	-217.3684	170.552	1.336648	0.3007336	0.990263	1.013056
14286	-34.66397	-205.659	170.9951	0.4840593	1.000649	1.160509	0.7257844
14292	-38.7987	-210.0542	171.2555	1.151349	0.4391675	0.7439741	0.6802579
14298	-42.0679	-212.8278	170.7599	1.059999	0.490039	0.9459787	1.100601
14304	-44.01173	-214.4258	170.414	1.640777	0.2599642	1.016469	0.7395119
14310	-44.54866	-215.4188	170.8701	0.6050525	0.5205087	1.222524	1.144859
14316	-44.44207	-214.791	170.349	0.8010058	1.057705	1.311199	0.8865345
14322	-35.19025	-205.3059	170.1156	0.2487035	0.7541153	2.591395	0.5560318
14328	-46.01281	-216.0515	170.0387	0.006257937	1.819543	1.438467	1.141964
14334	-38.96112	-209.9474	170.9862	0.0346001	1.059634	1.142662	1.17544
14340	-41.11116	-211.3009	170.1897	0.4964585	1.065119	1.012017	1.540642
14346	-39.5835	-208.7498	169.1663	1.820675	0.7897683	1.851669	0.7411579
14352	-29.65804	-197.452	167.7939	2.50611	1.424961	1.969748	0.6386207
14358	-36.29527	-207.229	170.9337	0.3816302	0.7984497	1.300242	0.9965284
14364	-42.41584	-211.6581	169.2422	0.8768824	1.024871	2.048988	1.201437
14370	-37.85579	-209.3279	171.4721	0.2081645	0.5257041	1.135596	1.032289
14376	-44.03806	-212.5818	168.5438	1.687805	2.155164	0.9499291	1.156989
14382	-41.90653	-212.061	170.1544	0.7613764	1.795455	0.9490739	0.7548474
14388	-55.04268	-225.4685	170.4258	0.7613764	0.4319626	1.910708	0.7703282
14394	-35.87201	-206.3452	170.4732	0.0944723	1.221466	1.479642	1.136409
14400	-41.87683	-212.6548	170.7779	0.3771531	1.072531	1.302524	0.8735096
14406	-44.37494	-214.0657	169.6908	0.3699649	1.628304	1.302524	1.383743
14412	-39.58815	-208.9358	169.3476	1.075745	1.987215	1.302524	0.7124302
14418	-50.59668	-219.2103	168.6136	1.541312	2.644836	1.041112	0.7236396
14424	-50.10308	-220.1788	170.0757	2.191667	0.4904222	0.7891171	0.788332
14430	-40.51492	-211.3657	170.8508	0.4988376	0.5071612	0.8064297	1.581571
14436	-38.3677	-208.6302	170.2625	1.59685	0.5071612	1.053715	0.9462453
14442	-40.34929	-212.1815	171.8322	0.2275581	0.5808671	1.053715	0.5269913
14448	-28.98482	-200.0892	171.1043	0.4945327	0.6751919	0.8349555	1.26435
14454	-30.20609	-201.7921	171.5861	0.394728	0.3205652	0.9114178	1.010609
14460	-38.63035	-209.3077	170.6774	0.7539129	0.5544058	0.611586	1.640048
14466	-49.29537	-219.8342	170.5388	0.9629745	1.099301	0.4124331	1.349263
14472	-49.45133	-220.335	170.8837	0.06487931	0.6863761	0.6539105	1.870922
14478	-46.09215	-216.7888	170.6966	0.1831915	0.5546334	0.6085383	2.021853
14484	-39.16071	-210.1932	171.0325	0.2256544	0.8592918	0.5897565	1.581458
14490	-33.07598	-203.878	170.8021	1.159975	0.48834	0.4735991	1.378966
14496	-40.54753	-207.1649	166.6174	2.019247	2.469422	1.432207	1.812921
14502	-49.73119	-219.6144	169.8832	2.019247	0.469631	0.4991278	1.413544
14508	-32.42792	-200.8569	168.429	1.869668	0.8587272	0.5200643	2.279031
14514	-30.09877	-201.3377	171.239	0.6288199	0.2396454	0.5070927	1.386025
14520	-25.919	-196.1743	170.2553	0.476607	1.566063	1.235661	0.8889963
14526	-30.1488	-200.2688	170.12	0.476607	2.419042	0.8023017	0.6688143
14532	-23.86972	-195.0708	171.201	0.6568776	0.5021318	0.6244055	1.335452
14538	-19.82991	-189.3374	169.5075	2.224136	0.9507542	0.7278118	1.002143
14544	-31.22384	-200.579	169.3551	2.224136	0.4593304	1.144003	1.153708
14550	-39.21855	-209.5585	170.3399	0.2179781	0.529458	0.446921	2.347229
14556	-42.10855	-209.6509	167.5423	2.668319	0.8551797	0.5046686	2.347229
14562	-44.82269	-215.5243	170.7016	0.5502649	0.3018547	0.5331042	1.865709
14568	-37.95827	-208.73	170.7717	0.953948	0.6710148	0.589654	1.363073
14574	-34.16155	-203.7562	169.5946	1.805868	0.5673395	1.248856	1.157889
14580	-40.26195	-209.9402	169.6782	0.5846757	0.5660818	2.7081	0.8326982
14586	-36.95263	-206.629	169.6764	0.4349055	0.5538218	2.983578	0.6564075
14592	-32.07345	-202.4659	170.3924	0.1843168	0.512286	2.58337	0.4552914
14598	-29.58248	-199.8257	170.2432	0.7122125	1.562647	0.8064297	1.099807
14604	-39.46454	-210.2913	170.8268	1.145056	0.3954182	0.8064297	1.12432
14610	-31.87906	-203.0272	171.1481	1.145056	0.4505799	0.4671687	1.12432
14616	-29.62257	-200.8444	171.2218	1.145056	0.2973299	0.353747	1.157791
14622	-28.68595	-199.6704	170.9844	1.484121	0.4227477	0.5013689	0.9302124
14628	-31.7559	-202.9547	171.1988	0.3013706	0.7543022	1.251097	0.8976542
14634	-44.47888	-214.9722	170.4933	0.5074295	1.259375	1.251097	0.8976542
14640	-40.1612	-209.5347	169.3735	0.6862532	1.826653	1.001611	1.479265
14646	-35.20468	-205.894	170.6893	0.1528878	1.033528	1.251453	1.256896
14652	-40.20422	-211.2436	171.0394	0.4499818	0.6898883	0.4353686	1.643325
14658	-28.71625	-198.3937	169.6775	2.08918	0.5601521	0.8501523	1.19097
14664	-17.68328	-188.4668	170.7836	0.9850547	1.055536	0.7147236	0.8631929
14670	-27.88813	-195.6878	167.7997	2.721387	1.054659	1.032804	1.653279
14676	-35.26213	-205.9958	170.7337	0.7423374	0.9800411	0.7425851	1.196585
14682	-31.90686	-201.7325	169.8257	0.7534104	1.701643	1.108853	1.050291
14688	-37.1699	-206.732	169.5621	1.157442	1.122037	0.59226	1.776816
14694	-28.83059	-199.8942	171.0636	0.735299	0.483852	1.360864	0.6120366
14700	-30.00575	-200.3498	170.344	0.8797126	0.4908023	1.858741	0.7509815
14706	-36.64667	-206.5777	169.931	1.243428	0.9147566	1.477978	0.8284145
14712	-44.13369	-214.8803	170.7466	0.473242	1.390853	1.110317	0.5499627
14718	-25.7095	-197.8749	172.1654	0.07328715	0.5634163	0.6896898	0.8860707
14724	-22.68718	-193.6159	170.9288	0.7145984	0.9383398	0.5440807	1.258045
14730	-20.05689	-191.2239	171.167	0.1660153	0.87137	0.7116309	1.425045
14736	-30.26968	-199.8554	169.5857	1.995943	0.87137	0.5562053	1.352198
14742	-21.35063	-191.5407	170.1901	0.4530966	1.682119	0.7047663	1.357282
14748	-20.64486	-192.529	171.8841	0.1236502	0.4021635	0.7620115	1.130722
14754	-21.18023	-192.549	171.3688	0.06906302	1.136413	0.3997269	1.38063
14760	-28.11388	-199.2849	171.171	0.6017023	1.136413	0.5409083	0.9618878
14766	-41.91174	-212.7584	170.8467	1.249683	0.8730382	0.5877373	0.8405159
14772	-46.28794	-217.668	171.38	0.1224491	0.2983164	0.8595671	1.449912
14778	-44.5412	-214.9295	170.3883	0.5271261	1.291751	1.098079	1.1049
14784	-54.78356	-223.4044	168.6208	0.1570378	2.975335	2.164618	0.7460521
14790	-42.54317	-213.112	170.5688	0.2359416	0.9413559	1.945793	0.6259092
14796	-45.28611	-213.1299	167.8438	0.8118421	4.051929	1.658281	0.6259092
14802	-44.09608	-211.7761	167.68	1.829637	2.877429	1.593889	0.5107656
14808	-42.24544	-214.0814	171.8359	0.3792609	0.3511415	0.7151161	0.9807876
14814	-41.0209	-211.9507	170.9298	1.143396	0.2919856	0.472645	1.301735
14820	-41.97949	-212.0788	170.0993	0.8619196	1.892021	0.8725533	0.664343
14826	-39.51751	-208.5433	169.0258	0.7101243	1.641155	2.1868	0.8608756
14832	-29.79737	-199.44	169.6427	1.859949	1.251151	0.5482047	1.10701
14838	-34.11529	-203.7328	169.6175	0.3421411	2.050649	1.334863	1.133641
14844	-28.06208	-198.1302	170.0681	0.6376541	2.3763	0.6499621	0.7910509
14850	-38.58127	-208.8028	170.2215	0.4489911	1.731668	0.3846718	1.546722
14856	-43.94875	-213.5415	169.5927	0.6238876	1.731668	0.6507257	1.682806
14862	-44.80504	-215.4811	170.676	0.6165402	0.5338379	1.149789	1.350605
14868	-27.11479	-198.7345	171.6197	0.5174034	0.5338379	0.4990068	1.190776
14874	-42.28721	-213.094	170.8068	0.06190151	0.8443179	0.7086408	1.784538
14880	-36.75809	-208.1722	171.4141	0.3525547	0.5682077	0.7086408	1.303959
14886	-31.75787	-202.6904	170.9326	0.9367961	0.5426077	1.14208	0.8029959
14892	-33.71068	-204.7465	171.0358	0.2580744	0.9570136	0.7775789	1.337206
14898	-32.49907	-203.7339	171.2348	0.991317	0.3923401	0.4237916	1.236165
14904	-41.81738	-212.8195	171.0021	0.07991614	0.6312852	1.301519	1.336515
14910	-33.31111	-204.5744	171.2633	0.3957697	0.4041895	1.301519	0.945806
14916	-31.60796	-202.9867	171.3787	0.2432389	0.7213663	0.7312333	1.295768
14922	-33.97908	-203.3845	169.4054	1.679215	0.2698486	0.5752923	1.931283
14928	-44.97616	-215.3203	170.3441	0.5485328	0.4434389	0.591834	2.068636
14934	-38.73389	-208.6814	169.9476	1.26015	0.3371719	1.700471	1.000367
14940	-31.66289	-200.5548	168.8919	1.977614	1.324086	1.222316	1.000367
14946	-27.43488	-198.2145	170.7797	0.5995761	0.7824155	1.458888	0.7526823
14952	-10.75393	-181.5999	170.846	0.02736364	1.29934	1.542062	0.5643823
14958	-19.22896	-190.2475	171.0186	0.1996358	1.33163	1.046361	0.796299
14964	-24.39233	-196.3101	171.9178	0.126864	0.6419548	0.4185407	1.264395
14970	-21.621	-191.9742	170.3532	1.598438	0.8981535	0.3377416	1.20592
14976	-14.36343	-185.7015	171.3381	0.3302348	0.8975369	0.6216628	1.20592
14982	-20.47328	-192.1382	171.6649	0.4094611	0.5340929	0.9638506	0.7746631
14988	-33.76852	-205.1836	171.4151	0.1358322	0.307385	1.454347	0.8836138
14994	-22.08698	-192.3267	170.2398	0.2467216	0.6666081	2.55498	0.5232508
15000	-23.61447	-193.3902	169.7758	0.719551	1.843779	1.415162	0.5730579
15006	-26.00025	-195.3783	169.378	1.590782	1.128863	1.415162	0.8937333
15012	-31.27938	-202.3425	171.0631	0.1590958	1.340145	0.4263693	1.372301
15018	-33.54349	-202.4833	168.9398	1.820127	1.202723	1.022704	1.372301
15024	-28.17933	-197.3905	169.2112	2.085669	0.5928565	0.7914811	1.585551
15030	-39.26684	-208.9832	169.7164	2.085669	0.4948845	0.8201337	1.224264
15036	-44.37201	-215.2355	170.8635	1.050832	0.6944863	0.5499435	1.224264
15042	-37.52701	-208.9818	171.4548	0.6102223	0.5560304	0.7632255	0.9987929
15048	-47.60893	-218.4388	170.8299	1.172887	0.6683504	0.582008	1.140288
15054	-40.20298	-210.5246	170.3216	0.280366	1.245247	0.5487515	1.804168
15060	-61.72729	-230.3457	168.6185	1.476264	2.088156	1.096163	1.196947
15066	-62.31034	-231.0783	168.768	0.7092505	2.386499	1.034812	1.542913
15072	-38.74705	-205.4549	166.7079	1.683878	4.612854	1.479427	0.8266038
15078	-45.34598	-214.1099	168.7639	1.511858	2.882637	0.649772	0.8562134
15084	-33.0208	-203.0167	169.9959	0.1325245	1.885095	0.4407381	1.797238
15090	-38.76888	-209.8289	171.06	0.4722357	0.7796799	1.164331	0.9311642
15096	-34.52948	-205.8229	171.2934	0.357874	0.8386924	0.6914813	1.210515
15102	-35.05465	-204.3175	169.2629	1.959396	0.5489999	0.78818	1.666144
15108	-30.86702	-200.9012	170.0341	1.467766	0.5489999	1.476877	0.8388541
15114	-27.63534	-196.9485	169.3131	1.721089	0.5451437	1.939914	0.8479923
15120	-26.23128	-197.4781	171.2468	0.3944845	0.4472957	1.202906	1.047948
15126	-31.60957	-203.0008	171.3912	0.1526001	0.3008874	1.53411	0.7879428
15132	-27.60922	-199.2432	171.6339	0.2340981	0.2314952	0.8642441	1.070426
15138	-33.17177	-200.7741	167.6023	1.979071	1.77983	2.368776	0.6237564
15144	-30.49364	-201.0033	170.5097	0.2619811	0.4931988	2.218022	0.8704693
15150	-23.81967	-195.3122	171.4925	0.2619811	0.6827496	1.144791	0.7982878
15156	-15.94218	-187.3549	171.4127	0.7160793	0.5709113	0.9295742	0.70128
15162	-20.77025	-191.2209	170.4507	0.6140068	1.841232	0.7348842	0.7904359
15168	-22.35397	-193.1479	170.794	0.2505779	1.115081	0.9558717	1.266766
15174	-28.14506	-199.5943	171.4492	0.04884377	0.5732629	0.3421439	1.773275
15180	-25.88724	-196.2664	170.3792	0.8643407	1.081125	0.523449	1.47728
15186	-31.96025	-201.8476	169.8873	1.341513	1.098353	1.196176	0.8815129
15192	-42.90145	-211.8411	168.9397	0.5832007	1.584233	0.4409428	2.373479
15198	-47.38428	-218.1412	170.7569	0.5752478	0.3581016	0.7325265	1.684311
15204	-50.61127	-218.4335	167.8222	2.062863	1.63001	0.4495767	2.107665
15210	-44.35331	-214.1218	169.7685	1.347478	0.816868	0.4320165	1.823425
15216	-44.91321	-215.3497	170.4365	0.8495842	0.3966485	0.9067658	1.590298
15222	-50.73577	-220.5616	169.8259	1.117003	0.3142358	1.344162	1.513739
15228	-34.48735	-204.9025	170.4151	1.117003	1.269253	0.6191158	0.9942095
15234	-41.84186	-212.3503	170.5085	1.171481	0.3426948	0.9527235	1.250258
15240	-36.80718	-206.7134	169.9062	0.8210412	2.007131	0.5332427	1.195519
15246	-28.94406	-199.5821	170.6381	0.1357127	2.007131	0.5332427	1.15502
15252	-33.57378	-203.5431	169.9693	0.1232638	2.606193	0.737194	1.15502
15258	-43.36681	-212.0786	168.7118	0.4872615	2.809646	0.4440417	1.930084
15264	-48.33132	-218.8785	170.5472	0.4872615	1.253156	1.024323	1.097953
15270	-35.9062	-207.5966	171.6904	0.374502	0.321436	0.5276305	1.277992
15276	-29.83523	-201.1118	171.2766	0.0316331	0.8189772	0.6204079	1.551274
15282	-37.16325	-208.6903	171.5271	0.08166462	0.3505455	0.3208952	1.778722
15288	-45.69559	-217.3223	171.6267	0.08972718	0.3505455	0.5293038	1.552716
15294	-37.17712	-208.6059	171.4288	0.2359921	0.606546	0.4197649	1.580136
15300	-40.14247	-209.3535	169.2111	1.725958	0.9213552	0.8511184	1.580136
15306	-39.20418	-209.4727	170.2686	1.427702	0.6884186	1.269848	0.6878536
15312	-57.11505	-227.025	169.91	0.8894956	0.6412978	1.631937	1.290946
15318	-52.23925	-221.479	169.2398	1.367578	1.141076	1.397647	1.241508
15324	-44.72818	-215.4202	170.692	0.9755168	0.9644799	0.8449811	0.9329824
15330	-30.63975	-202.0812	171.4414	0.4592033	0.303425	1.234119	0.7041377
15336	-19.70665	-191.0809	171.3742	0.1155181	0.3462731	1.628971	0.7561102
15342	-16.00054	-186.5924	170.5918	0.02616872	1.797562	1.244186	0.7561102
15348	-28.19962	-198.7688	170.5692	0.305216	1.451182	1.146544	0.9483201
15354	-38.62912	-209.3337	170.7046	0.7330414	0.6545533	1.55641	0.6922812
15360	-32.48379	-201.5306	169.0468	0.308229	0.3538994	3.863395	0.4961402
15366	-42.19284	-211.5385	169.3456	0.9904623	0.4237649	2.803996	0.7095998
15372	-42.98024	-210.5969	167.6167	2.273525	0.5176007	2.843307	1.114447
15378	-34.22657	-205.4051	171.1785	0.8104791	0.6309385	0.8403653	0.9353162
15384	-22.36557	-193.2801	170.9145	0.5225751	0.9704465	0.6245773	1.334315
15390	-21.62588	-193.0219	171.396	0.8886834	0.4607436	0.7036135	0.8924797
15396	-27.36186	-198.6398	171.278	0.2950609	0.6643335	0.8668281	1.26738
15402	-30.1358	-201.2374	171.1016	0.9081081	0.5241755	0.5421762	1.26738
15408	-22.23744	-192.2362	169.9987	1.262543	1.065382	1.28486	0.7693202
15414	-22.90351	-193.6604	170.7569	0.4867873	1.065382	0.9915104	1.106549
15420	-24.87773	-193.9135	169.0357	1.05034	2.522272	1.240195	0.6546846
15426	-27.03983	-197.4889	170.4491	0.04936586	1.893838	1.186321	0.8767501
15432	-34.36832	-206.0329	171.6646	0.08650763	0.191765	1.237401	0.4100031
15438	-27.58516	-196.8208	169.2356	1.222651	0.2625341	2.685549	0.4100031
15444	-30.91087	-200.172	169.2612	0.8105672	1.392351	2.23587	0.622399
15450	-37.39548	-205.5942	168.1987	0.8421671	3.506105	1.611066	0.622399
15456	-41.72133	-211.6642	169.9429	0.1340642	1.402566	0.6481786	1.989857
15462	-29.61231	-199.839	170.2267	0.7738172	1.402566	0.8045049	1.194939
15468	-41.01893	-211.2453	170.2264	0.9109736	0.2814037	0.4304842	2.001154
15474	-34.58868	-203.5769	168.9882	2.334288	1.115571	0.911398	1.061313
15480	-24.58901	-195.8916	171.3026	0.2489984	0.617705	1.125974	1.096124
15486	-32.66603	-203.4597	170.7936	1.630006	0.3519074	0.7782669	0.5958327
15492	-35.12957	-207.6882	172.5586	0.08177791	0.5296753	0.4073105	0.765473
15498	-36.48678	-207.7265	171.2397	0.3029829	0.8425601	0.7769733	1.226912
15504	-36.48996	-205.4305	168.9406	0.8596777	2.928516	1.243403	0.6171248
15510	-24.49259	-195.4963	171.0037	0.3447633	1.29615	0.665922	1.100226
15516	-33.76187	-204.425	170.6631	1.647773	0.7872168	0.5465074	0.715199
15522	-29.00385	-199.2428	170.2389	1.156918	1.183667	1.016867	0.7914406
15528	-29.55463	-200.1019	170.5473	0.1875857	2.040615	0.5489243	1.150633
15534	-34.87698	-204.5584	169.6815	0.7896506	2.235374	0.9293002	0.8755264
15540	-24.40889	-195.6019	171.193	0.5089559	0.7844976	0.9267127	0.9968889
15546	-30.88739	-202.252	171.3646	0.07181592	0.8011247	1.340408	0.8124832
15552	-30.35497	-199.6542	169.2992	1.719785	0.9643462	0.9230765	1.432746
15558	-33.08488	-202.9957	169.9108	0.6501525	0.9643462	1.381093	1.432746
15564	-33.20958	-203.8258	170.6162	0.8476689	0.868158	1.209125	0.859899
15570	-34.14029	-205.2182	171.0779	0.7160333	0.4832681	0.9204246	1.150483
15576	-31.88107	-203.3897	171.5086	0.07839082	0.6958174	1.215832	0.9011975
15582	-27.02797	-197.7327	170.7047	0.1114772	1.256179	0.583321	1.620842
15588	-27.49104	-196.5275	169.0364	0.1752371	2.945758	1.792868	0.6765136
15594	-18.22315	-188.8768	170.6537	1.15729	0.7410094	1.001482	0.840471
15600	-21.41954	-192.5947	171.1751	0.3436412	0.6393008	0.8643899	1.331327
15606	-25.68482	-195.2007	169.5158	2.145099	0.4690515	1.28829	0.9311046
15612	-28.06162	-198.2347	170.1731	1.724625	0.3883828	0.6561213	1.315697
15618	-32.47339	-203.555	171.0816	0.3474296	0.3924505	1.250317	1.21127
15624	-23.9201	-195.4173	171.4972	0.4457808	0.2560641	0.951918	0.9505876
15630	-24.49561	-194.7649	170.2692	0.5235687	0.5772989	2.130227	0.8799359
15636	-34.38623	-205.2817	170.8954	0.8975118	0.4019423	1.058039	1.055929
15642	-29.21356	-200.9288	171.7152	0.1093607	0.463714	1.062365	0.998599
15648	-29.57441	-200.9006	171.3262	0.05751117	0.6645488	1.034596	1.284948
15654	-33.81074	-204.8207	171.0099	0.05664496	1.080056	0.9465971	1.284948
15660	-36.50561	-208.0532	171.5476	0.2426162	0.8072778	0.4621124	1.310959
15666	-35.65928	-205.6822	170.0229	1.803135	0.8072778	0.5963115	1.16837
15672	-41.07346	-212.2613	171.1879	0.8590079	0.6166307	0.5509514	1.16837
15678	-33.58471	-202.7325	169.1478	2.410468	1.094812	0.7894578	0.9694886
15684	-41.42395	-209.0791	167.6551	2.706777	0.8124766	1.280616	1.76086
15690	-27.21309	-198.4351	171.222	0.7977902	0.596605	0.5670307	1.192205
15696	-33.92191	-202.69	168.7681	1.479508	2.523968	0.9002103	0.9052972
15702	-29.80263	-200.5392	170.7365	0.2667938	2.118001	0.6837339	0.4943979
15708	-41.23968	-212.3754	171.1357	0.6307676	0.9072218	1.013172	0.6377726
15714	-28.59214	-199.1208	170.5286	0.5331255	1.626922	1.013172	0.6532874
15720	-30.15587	-199.8039	169.648	0.5108695	1.730148	1.857819	0.5461462
15726	-31.62511	-199.8354	168.2103	2.352833	1.730148	1.418732	0.6526031
15732	-25.69309	-193.0357	167.3426	2.352833	1.245558	2.67838	0.7605655
15738	-27.87213	-196.0336	168.1615	2.352833	1.096228	1.287879	1.438996
15744	-29.49746	-197.8395	168.3421	2.151647	1.418687	1.174998	1.296006
15750	-37.75596	-208.3694	170.6135	0.7837519	0.9505751	1.050298	1.014115
15756	-41.06757	-208.8512	167.7836	1.708106	0.2799266	3.655359	0.643755
15762	-37.84534	-207.1635	169.3181	1.062016	1.696179	1.630775	0.6557243
15768	-29.34427	-200.8161	171.4718	0.1087909	0.2948739	1.376389	0.9281606
15774	-25.90609	-196.9654	171.0593	0.1107836	0.5057463	1.760782	0.9281606
15780	-30.85881	-202.5462	171.6874	0.0991216	0.9635281	0.6910827	0.9707281
15786	-15.92324	-187.2907	171.3674	1.04726	0.2441471	0.6910827	0.6311581
15792	-10.80423	-182.4705	171.6662	0.7960283	0.4902892	0.3447357	1.062225
15798	-9.552526	-181.1037	171.5511	0.6363091	0.3792915	0.9158169	0.7802169
15804	-18.67825	-189.5586	170.8804	0.1242045	1.086513	0.7281739	1.498961
15810	-19.51154	-190.4636	170.952	0.04829652	1.409705	1.28878	0.6272509
15816	-15.37332	-183.9353	168.562	1.826788	2.405054	1.018642	0.6735534
15822	-26.37176	-195.3534	168.9817	0.03958252	2.446444	2.374696	0.6288377
15828	-31.05604	-201.6745	170.6184	1.099078	1.443413	0.1832142	1.074625
15834	-25.20273	-194.1173	168.9146	2.263206	1.30155	0.9914144	0.9431867
15840	-24.45855	-195.5565	171.0979	0.4259013	0.6094327	0.6227186	1.53273
15846	-26.99087	-198.0807	171.0898	0.07626503	1.322429	0.3632234	1.477399
15852	-35.65439	-208.1697	172.5153	0.01345346	0.4591909	0.362897	0.9960983
15858	-32.23458	-203.4442	171.2096	0.252991	0.4299054	1.37023	1.065327
15864	-30.98457	-202.4762	171.4917	0.07348609	0.504123	1.601139	0.5416243
15870	-29.9497	-200.7092	170.7595	0.7170477	1.127667	1.110919	0.5480367
15876	-29.71592	-201.5936	171.8777	0.2117971	0.4814248	0.8394125	0.9457064
15882	-26.75089	-198.8647	172.1138	0.04917841	0.4179389	0.6782733	1.061137
15888	-26.87794	-198.027	171.149	0.08726022	1.048166	1.06497	1.061137
15894	-24.0307	-195.2699	171.2392	0.05688388	1.231649	1.065025	0.7973375
15900	-30.93124	-201.8372	170.906	0.3472761	0.702886	0.2935514	1.898498
15906	-37.82007	-208.5595	170.7394	1.103093	1.109841	0.4253584	1.034245
15912	-27.53982	-197.6561	170.1163	1.336343	0.9326828	0.9921826	1.034245
15918	-18.08128	-187.4992	169.418	1.75194	1.068919	1.452234	0.6283228
15924	-30.8447	-199.5035	168.6588	2.105851	1.162664	1.495437	0.9901737
15930	-19.38999	-191.0976	171.7076	0.3645609	0.4076701	0.8338078	1.001079
15936	-26.81583	-197.2913	170.4755	1.46454	0.8945055	0.6945198	0.8744824
15942	-30.13897	-200.6621	170.5231	0.7612689	0.1517355	1.50739	0.6447851
15948	-34.87492	-206.3147	171.4398	0.2218664	0.6363733	1.230721	0.858809
15954	-37.69852	-207.9159	170.2173	1.782052	0.4668498	0.7755205	1.103996
15960	-38.35486	-208.3967	170.0418	2.082703	0.1599204	0.5426433	0.891845
15966	-30.14609	-201.144	170.9979	1.233402	0.3411644	0.9140741	0.712814
15972	-24.63167	-196.4064	171.7747	0.1408111	0.2851847	1.149964	0.7882594
15978	-25.37833	-196.3291	170.9507	1.011753	1.282122	0.4704749	0.5607999
15984	-32.24665	-202.9896	170.7429	1.20056	0.3871568	1.031126	0.9341797
15990	-33.75579	-202.4692	168.7134	1.936127	1.533675	0.956393	1.25867
15996	-35.49687	-206.2637	170.7668	1.19245	0.830443	0.7635663	0.8445534
16002	-45.22322	-215.7478	170.5245	0.4522892	0.3933563	0.8356057	1.858794
16008	-48.74053	-216.7492	168.0087	2.121538	1.10734	0.8356057	2.021625
16014	-54.51217	-224.5243	170.0121	0.6023557	1.10983	0.3488609	2.021625
16020	-47.81446	-216.4888	168.6744	1.495198	1.10983	0.3646838	2.300874
16026	-32.74397	-203.0432	170.2992	0.6172244	0.5313815	0.2697789	2.230326
16032	-42.93799	-214.915	171.977	0.6172244	0.4458286	0.4312726	0.8570685
16038	-31.90503	-201.8619	169.9569	1.821265	1.16324	0.4161939	1.053957
16044	-35.40535	-206.0128	170.6074	0.6613769	0.3653529	0.9984676	1.537639
16050	-38.99935	-209.027	170.0276	1.019181	0.982803	0.2644123	1.872909
16056	-41.29391	-210.9939	169.7	0.769778	1.306432	0.5211991	1.872909
16062	-44.53236	-216.0016	171.4692	0.9427916	0.4777044	0.56108	0.8997385
16068	-42.55805	-212.631	170.0729	0.5620476	0.7025085	2.045069	1.02281
16074	-37.62724	-207.5681	169.9408	0.9271589	0.5087925	1.969711	1.021813
16080	-33.66258	-204.4473	170.7847	0.8523379	0.6899128	1.26392	0.7872235
16086	-28.52397	-198.3899	169.866	0.5081448	1.177596	2.164816	0.5425915
16092	-28.60864	-199.6925	171.0839	1.09922	0.2999294	1.007375	0.5653235
16098	-19.01425	-190.7894	171.7752	0.1154866	0.675932	1.007375	0.8081291
16104	-36.03238	-205.9186	169.8862	1.731403	0.8502938	0.5975453	1.306972
16110	-42.82394	-209.9497	167.1257	2.400251	1.991098	0.7547468	1.932238
16116	-39.85089	-208.6712	168.8203	2.365639	0.8258509	1.218716	1.167981
16122	-36.52118	-207.2983	170.7772	0.8255093	0.8258509	0.8487754	1.126541
16128	-43.77511	-214.9271	171.152	0.486657	0.3622243	0.8483612	1.370019
16134	-43.25686	-214.7427	171.4858	0.2804214	0.8302623	0.8483612	0.9658852
16140	-32.77751	-202.7587	169.9812	0.6277028	0.6963855	2.214926	0.8765623
16146	-34.76012	-205.4392	170.6791	0.2572831	1.722312	0.9433276	0.823456
16152	-28.71159	-199.6812	170.9696	0.6153684	0.6142491	0.9433276	1.229686
16158	-37.79348	-208.5275	170.734	0.7416429	0.6833062	1.190583	1.05304
16164	-29.21729	-200.5774	171.3601	0.3402307	0.6833062	0.9659232	1.05304
16170	-33.98034	-204.7423	170.762	0.8468821	0.6490028	1.287299	0.8408988
16176	-38.98721	-209.855	170.8678	0.9172585	0.201095	1.070465	0.8643156
16182	-26.01572	-198.1193	172.1035	0.4396855	0.4843962	0.4918496	0.8212296
16188	-27.6254	-196.965	169.3396	2.279185	0.7673658	1.04502	0.9780411
16194	-29.61486	-196.717	167.1021	2.700772	0.3645035	2.5278	1.490307
16200	-35.26929	-206.3142	171.0449	0.3818349	0.6732706	1.515859	0.7491486
16206	-32.3451	-202.703	170.3579	1.775686	0.7228164	0.6103085	0.9383914
16212	-30.58442	-200.9042	170.3198	1.035918	0.1985327	0.926609	1.381507
16218	-25.3796	-196.4717	171.0921	1.06239	0.3351627	0.926609	0.8049583
16224	-26.68158	-198.2275	171.5459	0.5719701	0.3476376	0.9913684	0.7701674
16230	-26.10194	-197.4984	171.3964	0.5440538	0.4518479	1.195666	0.6971567
16236	-49.79611	-216.0962	166.3001	2.83459	1.615992	1.635446	1.82409
16242	-47.71294	-214.0289	166.316	2.536801	0.5179285	1.140198	2.975666
16248	-44.08738	-212.4912	168.4038	2.536801	0.41538	1.104991	1.69292
16254	-37.47348	-207.1196	169.6461	1.076586	1.061083	1.807869	0.7967668
16260	-30.29644	-201.8636	171.5672	0.2710154	0.5706504	1.157034	0.7967668
16266	-28.88357	-198.997	170.1134	1.174598	1.008362	1.083627	1.03186
16272	-32.86578	-201.3767	168.5109	2.531802	0.509812	0.9186242	1.720064
16278	-30.83512	-202.1656	171.3304	0.00244088	0.4619721	0.7119942	1.680232
16284	-27.69666	-198.8533	171.1566	0.09418883	0.7632419	0.9231239	1.406655
16290	-26.87013	-198.1014	171.2313	0.3382861	0.3062405	0.8538455	1.406655
16296	-28.30025	-198.7987	170.4984	0.8119478	1.298535	0.7497362	1.055376
16302	-44.05188	-214.988	170.9361	1.141622	0.294222	0.7528375	1.055376
16308	-37.99318	-209.0351	171.0419	0.8568536	0.3844214	0.6005827	1.359618
16314	-31.51055	-201.1014	169.5908	1.75314	0.664871	0.7541081	1.533251
16320	-23.81735	-194.8957	171.0784	0.08530304	0.7304709	1.232707	1.253214
16326	-15.80365	-185.9297	170.1261	0.09231722	2.230338	1.239271	0.8101361
16332	-20.81475	-191.0578	170.243	1.011585	1.009259	1.317648	0.8101361
16338	-18.59029	-189.0469	170.4567	1.011585	0.8998947	1.21319	0.8101361
16344	-21.85815	-192.978	171.1199	0.7537321	0.5270927	1.10737	0.8550839
16350	-21.51887	-191.5577	170.0389	1.56242	0.3846849	1.600616	0.595827
16356	-23.34213	-194.0121	170.67	0.3879346	0.6293466	1.957663	0.6927862
16362	-35.9127	-206.5812	170.6685	0.2990088	0.9762057	1.067074	1.35129
16368	-23.53356	-194.5906	171.0571	0.2990088	0.9762057	0.8893985	1.17668
16374	-26.33393	-195.7029	169.3689	1.520588	0.9599052	1.843772	0.6228275
16380	-22.47086	-194.1667	171.6959	0.4664917	0.5858302	0.8395113	0.7712255
16386	-25.0292	-194.2117	169.1825	1.860542	1.0158	1.509046	0.8276561
16392	-18.61837	-188.725	170.1066	1.047838	0.6516859	1.835822	0.7033843
16398	-23.40659	-192.924	169.5174	1.812012	0.8193079	0.5638426	1.577036
16404	-31.56273	-199.2627	167.6999	2.527658	0.5003449	0.5842004	2.480945
16410	-44.43886	-214.2024	169.7635	0.5027089	0.7865617	0.3041557	2.480945
16416	-49.83151	-220.6282	170.7967	1.162569	0.7592676	0.658146	1.031908
16422	-38.60521	-209.3042	170.699	0.1128179	1.112198	0.3010429	1.919895
16428	-36.94177	-207.356	170.4142	1.10183	1.079233	0.5150623	1.270897
16434	-36.93973	-207.4195	170.4798	1.59122	0.3926206	0.6066187	1.212745
16440	-19.57951	-190.7225	171.143	0.7399784	0.7128472	0.6481331	1.151912
16446	-20.39453	-190.5492	170.1546	0.03212089	1.993204	0.8488886	1.388754
16452	-20.05053	-191.0953	171.0448	0.1627853	0.4578416	1.248253	1.375796
16458	-31.58109	-202.0711	170.49	0.6817132	1.225219	0.9380909	1.076075
16464	-32.1194	-199.311	167.1916	0.9892007	1.278922	4.261126	0.5226196
16470	-29.39167	-197.8917	168.5	1.784115	1.662659	1.765301	0.3837375
16476	-25.28758	-194.6823	169.3948	1.611319	0.917553	1.728073	0.3381795
16482	-16.07572	-186.2373	170.1616	0.7951539	0.9359745	1.728073	0.7557196
16488	-18.1534	-189.8014	171.648	0.1944194	0.4171604	0.668159	1.345202
16494	-16.40209	-186.998	170.5959	0.3497288	0.9916837	1.581458	0.8865883
16500	-25.14513	-194.0598	168.9147	2.382576	0.654445	1.295715	1.143997
16506	-19.28703	-189.6901	170.4031	0.5377993	0.6778732	2.083414	0.5665619
16512	-23.87374	-194.8238	170.9501	0.9308977	0.6598171	1.157318	0.4318075
16518	-20.37706	-191.3715	170.9945	1.203847	0.6384841	0.3727419	1.175506
16524	-31.63888	-200.3519	168.713	2.167835	0.6372501	2.183214	0.4554699
16530	-49.34478	-219.5093	170.1645	0.31752	2.517004	0.877525	0.5760795
16536	-41.73908	-211.639	169.8999	0.862684	0.3438303	1.523005	1.522379
16542	-31.44541	-201.1534	169.708	1.591699	0.4102457	1.792592	0.7878497
16548	-17.06679	-189.487	172.4202	0.03960559	0.4049011	0.5894101	0.8451683
16554	-16.34965	-187.2078	170.8582	1.191522	0.3314166	1.159572	0.4541348
16560	-20.46469	-190.4184	169.9537	1.475136	0.1917106	1.575148	0.5387267
16566	-10.75206	-182.5469	171.7949	0.3378787	0.1917106	0.8637698	0.575189
16572	-16.64313	-188.2882	171.6451	0.4446286	0.3124051	1.10208	0.5885609
16578	-28.82902	-199.265	170.436	0.101416	0.9138175	2.127398	0.8137655
16584	-15.83495	-185.719	169.884	1.219124	1.678841	0.8055813	0.8362361
16590	-18.05193	-189.0313	170.9794	0.1517805	0.7436375	0.8055813	1.598522
16596	-31.47007	-202.1391	170.669	0.7510411	0.3107465	1.57632	0.8958619
16602	-40.63859	-210.2999	169.6614	0.6967582	1.919126	1.122712	1.065144
16608	-34.36562	-205.8625	171.4969	0.455738	0.6573701	0.8619947	0.926373
16614	-38.17535	-208.2711	170.0957	0.8137996	0.9634464	1.217758	1.286948
16620	-49.45183	-220.5527	171.1009	0.3294111	0.703046	1.440821	0.8109665
16626	-59.52232	-229.4414	169.9191	0.2657401	1.781761	0.8342847	1.540461
16632	-57.16285	-227.2401	170.0772	1.245873	0.7995403	0.4191824	1.699576
16638	-51.38884	-221.6781	170.2892	1.689777	0.7995403	0.5059857	1.119449
16644	-34.68011	-205.2793	170.5992	1.282104	0.5002443	0.5292539	1.393005
16650	-31.10132	-200.2941	169.1928	2.236269	0.8324261	0.6515175	1.42694
16656	-31.46443	-202.1183	170.6539	0.650106	0.9586573	0.6657987	1.415776
16662	-42.46909	-212.6281	170.1591	0.9085667	0.7541897	1.613676	0.9729941
16668	-33.28737	-203.5554	170.268	1.141865	1.252858	0.9949496	0.7000245
16674	-41.59568	-211.6057	170.0101	0.9895081	1.252858	1.427128	0.6585407
16680	-36.34578	-205.9025	169.5567	1.936747	0.8541817	1.193433	0.8597775
16686	-41.13927	-209.1256	167.9863	1.936747	2.25935	1.454224	0.87996
16692	-40.28743	-209.6394	169.352	0.495852	3.404147	0.4592649	1.122965
16698	-29.19491	-200.3804	171.1855	0.05196069	1.295996	0.8454399	1.035957
16704	-24.74759	-194.7932	170.0456	0.008457667	2.041372	1.143595	1.224494
16710	-24.40443	-195.755	171.3506	0.03798054	0.9575369	0.8546926	1.194745
16716	-22.37909	-193.8835	171.5044	0.03194784	0.5590049	1.288244	1.000215
16722	-25.58875	-196.9118	171.3231	0.1568047	1.091599	1.136879	0.4296108
16728	-27.04067	-198.4569	171.4163	0.2245721	1.323606	0.7329887	0.6221362
16734	-30.80239	-202.9945	172.1922	0.3443618	0.4484534	0.5614469	0.7604724
16740	-25.05397	-196.3423	171.2883	0.3116178	0.3987232	1.544022	0.7144149
16746	-27.94836	-199.5369	171.5885	0.1988627	0.8652448	0.6683496	1.087276
16752	-36.57349	-206.2048	169.6313	1.269079	1.746125	0.9347304	0.8523911
16758	-32.18234	-202.7503	170.5679	1.025975	0.916453	0.9446974	0.9562027
16764	-29.50752	-199.5562	170.0487	0.02957482	1.986618	1.265417	1.13789
16770	-35.28238	-205.8667	170.5843	1.433454	0.4759269	1.022481	0.820672
16776	-40.15538	-210.1255	169.9701	1.16325	1.280968	1.022481	0.977965
16782	-38.12451	-208.7416	170.6171	0.7803228	1.280968	0.79347	0.941357
16788	-37.40829	-207.8817	170.4734	0.6832122	1.280968	0.5921861	1.338352
16794	-29.23353	-200.1239	170.8904	0.05101306	1.592853	0.7866488	1.105258
16800	-22.07332	-192.8487	170.7754	0.7705986	0.6495155	1.094342	1.105258
16806	-23.03429	-192.7656	169.7313	0.2505832	1.068757	2.511569	0.8348287
16812	-23.7301	-193.4603	169.7302	1.122479	0.9703669	1.880814	0.4175464
16818	-19.00758	-190.2482	171.2406	0.8290229	0.8322501	0.4202246	1.085735
16824	-27.13989	-196.0265	168.8866	2.525811	0.3531802	1.409841	1.085735
16830	-11.6443	-180.6273	168.983	2.48024	0.5725314	1.409841	0.9394856
16836	-15.61991	-186.1813	170.5614	0.9468778	1.160822	1.034468	0.5954809
16842	-24.3495	-194.9306	170.5811	0.3655328	1.482026	1.174902	0.7958323
16848	-25.59529	-196.3355	170.7402	0.2022799	1.402237	1.254643	0.7958323
16854	-23.6747	-193.8823	170.2076	0.7721193	1.49271	1.222339	0.6471431
16860	-29.83728	-198.9102	169.0729	0.1476178	2.617661	2.073373	0.4962146
16866	-32.09173	-202.2621	170.1704	1.257925	1.253717	1.03709	0.4678959
16872	-25.4107	-195.8534	170.4427	1.384569	0.9668599	0.6434383	0.9744713
16878	-34.02195	-205.5554	171.5334	0.268258	0.5988565	0.6661041	1.290419
16884	-29.55543	-199.9489	170.3935	0.7895999	0.827529	0.3963057	1.794559
16890	-27.21435	-197.7868	170.5724	0.377111	1.125037	0.3963057	1.750938
16896	-30.70648	-202.1235	171.417	0.09495496	0.7332686	0.7588249	1.352989
