Iteration	Posterior	Likelihood	Prior	gain_loss_neo	part_rate_trans	site_rates_raw[1]	site_rates_raw[2]	site_rates_raw[3]	site_rates_raw[4]	tree_length
0	-711.9043	-882.6022	170.6979	1.028414	1.08049	1.279507	0.9284856	0.4574686	0.03600998	0.5377548
6	-718.8111	-888.6043	169.7932	1.098005	1.240059	1.207261	0.1527164	1.933459	0.06849543	0.6007048
12	-712.2447	-881.6909	169.4462	0.7732759	1.240059	1.207261	0.2396501	2.362788	0.2288661	0.4318116
18	-704.9096	-874.4647	169.5551	0.4860409	1.119797	1.691273	0.1075145	2.362788	0.1167049	0.4086831
24	-717.6026	-884.9816	167.379	0.6369739	1.271092	4.056598	0.1292977	1.843103	0.07915621	0.3067892
30	-713.1413	-878.298	165.1568	0.6672581	1.284656	2.688856	0.05628209	4.977231	0.4286336	0.2279911
36	-724.735	-888.3542	163.6192	1.360215	1.382955	2.813559	0.1284772	5.190779	0.8917377	0.2869162
42	-719.9333	-884.138	164.2047	1.0267	1.61583	2.509536	0.5260506	5.190779	0.3607794	0.3289684
48	-729.9106	-896.0626	166.152	1.0267	1.638983	2.509536	0.1096823	3.890682	0.1166186	0.3388124
54	-715.6861	-883.123	167.4369	0.736605	1.638983	2.043388	0.5782011	2.845731	0.1585676	0.3374038
60	-712.6848	-880.4657	167.7809	0.4214228	1.862443	2.44904	0.5782011	1.928607	0.3565565	0.3633544
66	-730.5795	-898.3929	167.8134	1.192267	1.76409	0.4425509	1.753907	1.928607	0.6073245	0.4334901
72	-719.9831	-887.0805	167.0973	0.5288761	1.293495	3.063495	2.192309	0.6909859	0.6073245	0.5083092
78	-717.1045	-886.2882	169.1838	1.344536	1.255389	0.6373209	2.16757	0.06185821	0.8569065	0.5671402
84	-711.8275	-883.206	171.3785	0.7119585	1.255389	0.7102112	0.7792417	0.01247029	0.6571299	0.4994771
90	-711.6112	-882.6068	170.9956	0.6579281	1.255389	0.70875	0.6692	0.04603219	1.109616	0.6891354
96	-718.0888	-887.8456	169.7568	1.255543	1.225448	0.4858317	1.496713	0.2560512	0.9542755	0.7312468
102	-711.0758	-881.9742	170.8984	0.4907191	1.225607	1.178627	0.05054412	0.6423147	0.9549503	0.6039199
108	-727.885	-897.6999	169.8148	0.7117105	0.9515667	1.178627	0.1195402	2.509123	0.2188963	0.482103
114	-727.8988	-899.1338	171.235	0.7218849	0.8085139	0.07872797	0.1094101	2.099256	0.4202443	0.383026
120	-714.7584	-885.8912	171.1328	0.7218849	0.8167881	0.01746064	0.04527332	2.099256	0.6221729	0.358155
126	-707.0655	-878.2745	171.209	0.8641328	0.9761232	0.0008484525	0.005208976	1.051702	1.346813	0.3500203
132	-711.9134	-882.5742	170.6608	0.8641328	0.9761232	0.0006029868	0.07671384	1.218015	1.65741	0.3500203
138	-713.688	-884.4479	170.7599	0.4160489	1.365657	0.0002191996	0.2061747	1.609777	1.052035	0.4339138
144	-705.3738	-877.0985	171.7247	0.5558824	1.658971	0.0002304109	0.2168435	0.4996404	0.8251835	0.508643
150	-701.9174	-874.1699	172.2524	0.4631602	1.394175	0.0002088794	0.209104	0.4403974	0.6770149	0.5782733
156	-709.3344	-881.104	171.7696	1.014912	1.339509	0.001303577	0.31402	0.565205	0.5053002	0.4772123
162	-700.5374	-872.707	172.1696	0.5834596	1.467044	0.002542287	0.5992766	0.565205	0.1009434	0.4978207
168	-707.1286	-879.7681	172.6395	0.7188846	1.06178	0.008061051	0.5691186	0.4727364	0.01118044	0.6182133
174	-716.1281	-889.2274	173.0993	0.8001649	0.8647361	0.01596687	0.3669003	0.3488395	0.007799231	0.4492064
180	-711.5231	-884.2527	172.7296	0.8001649	0.987098	0.008296845	0.3875396	0.4856315	0.09427973	0.5968407
186	-718.2633	-889.932	171.6687	0.9283851	1.081384	0.03095593	0.7985394	0.7601721	0.1812572	0.6963671
192	-722.612	-891.1184	168.5064	1.225953	1.193611	0.05885592	1.226569	0.4187971	2.602231	0.972776
198	-731.5621	-901.3774	169.8154	0.9713505	0.9683744	0.03577815	0.1557207	0.57035	2.602231	1.081734
204	-717.2331	-887.9779	170.7447	1.124262	1.061005	0.02843631	0.3078203	0.5402684	0.5389631	1.69257
210	-717.9515	-890.0307	172.0792	0.7068236	0.9683879	0.09661611	0.2384035	0.5322462	0.4906507	1.082211
216	-719.0609	-890.1726	171.1117	0.6422426	0.8053634	0.2186065	0.4745957	1.022556	0.6957957	1.202174
222	-728.7402	-900.4334	171.6933	0.803058	1.22991	0.1820067	0.3505069	0.2609026	0.3042916	1.332941
228	-724.198	-894.6917	170.4937	0.9376972	1.001715	0.08974938	1.061709	0.1747333	1.261609	1.170107
234	-723.5291	-894.0183	170.4892	0.8469177	0.8750697	0.2042965	0.9322139	0.1887245	1.642513	1.024124
240	-729.7444	-901.1658	171.4214	1.172822	1.073133	0.5236763	0.3627786	0.1048028	0.8324783	0.6083593
246	-718.7182	-891.5645	172.8462	0.6449013	1.029854	0.3388092	0.3714225	0.1048028	0.1272678	0.6442093
252	-721.1811	-893.7486	172.5676	0.5714263	1.29047	0.3904671	0.2223401	0.08366783	0.005438169	1.046129
258	-725.2772	-896.5726	171.2953	0.4590724	1.331317	0.4818577	0.05220948	1.229673	0.312895	0.9760153
264	-719.3559	-889.7634	170.4075	0.620897	1.247861	0.4818577	0.1676856	1.124603	1.05544	1.07917
270	-722.4243	-892.8721	170.4478	0.5853506	0.7046431	0.1053258	0.8167486	1.337599	0.6042947	1.488985
276	-718.7432	-888.9836	170.2404	0.677865	1.032839	0.5640347	1.078344	1.119377	0.05632999	1.370643
282	-713.384	-884.5869	171.2029	0.673915	1.215097	0.2841926	0.3945379	0.6412299	0.3569024	1.370643
288	-726.2858	-897.5762	171.2904	0.6748634	0.9924689	0.2841926	0.0220128	0.7132275	0.7246667	1.422861
294	-722.5587	-894.0912	171.5325	1.132313	1.011665	0.1463529	0.02660485	0.8289908	0.5227784	1.003208
300	-718.0617	-888.3446	170.2829	1.513247	1.867314	0.1254842	0.673725	0.3498393	0.5883863	0.7908879
306	-727.1425	-897.9036	170.7611	1.319449	1.196907	0.6201517	0.8451175	0.3218073	0.3270312	0.7908879
312	-721.759	-892.3286	170.5696	0.9036522	1.374435	0.7282651	0.8624011	0.2946687	0.5310145	0.937915
318	-720.2519	-890.8219	170.57	0.5503702	1.066702	0.7926001	0.8624011	0.2946687	1.092681	0.942218
324	-722.1406	-893.3811	171.2405	0.5503702	0.882971	0.8031604	0.2843347	0.174453	1.276709	0.960037
330	-723.5641	-893.2988	169.7347	0.8573831	1.29922	1.389647	0.01361402	1.10041	0.8477048	0.960037
336	-722.7612	-893.2921	170.5309	0.9259115	1.225462	0.8843382	0.08536936	0.8319392	0.8477048	0.8619279
342	-732.0143	-898.5116	166.4972	0.6403309	1.19194	1.281009	2.819672	0.3813656	2.343384	1.035313
348	-723.2508	-892.1654	168.9147	0.6403309	0.7509688	0.6121509	0.6333005	1.543216	1.584186	1.437442
354	-730.2023	-898.7654	168.5631	0.7745215	1.401262	1.262338	0.6333005	1.521983	0.5389203	1.432894
360	-727.2407	-894.2325	166.9917	0.6257819	1.04077	0.6338861	1.566982	1.934101	1.489947	1.725559
366	-719.8105	-890.1264	170.3159	1.022529	1.190456	0.6040443	0.6374798	0.430706	0.5142202	1.419571
372	-737.7577	-902.0075	164.2498	0.7382413	1.191917	0.7434396	4.413899	2.489868	1.154667	1.200205
378	-733.7509	-901.4225	167.6715	0.7968384	1.035306	3.210029	0.8780133	1.35579	0.3434327	0.9066664
384	-728.6677	-899.5632	170.8955	0.7923085	0.888496	0.4551276	0.5731265	0.6369337	0.2883713	1.557718
390	-721.5967	-892.0504	170.4537	0.8932705	0.6536135	0.7501781	0.3520266	0.7861222	0.6275134	1.568899
396	-729.5313	-900.3616	170.8303	0.955193	1.024606	0.2719218	0.4810595	0.7861222	0.1535774	1.579046
402	-723.8993	-895.7789	171.8796	0.6195325	0.7219253	0.2146032	0.270632	0.7861222	0.2156011	1.412652
408	-731.4512	-902.2421	170.7909	0.9948359	1.047898	0.3296169	0.3838863	0.3912693	0.3772311	1.713527
414	-726.2246	-895.0659	168.8414	1.083383	1.039615	1.003249	0.7078779	1.27364	0.6862115	1.480684
420	-725.3118	-895.1335	169.8217	1.170492	0.7712582	0.9206674	0.7177322	0.8523488	0.2990015	1.542479
426	-719.8629	-889.4468	169.584	0.810477	0.9010685	0.4103162	1.05033	0.5994353	0.1935775	2.227082
432	-733.7646	-899.2272	165.4626	0.7457488	0.6072634	2.267799	4.049256	0.1188473	1.141432	1.655717
438	-725.2295	-892.0609	166.8314	0.8254074	0.9566819	3.350178	1.226682	0.09286879	1.342967	1.486683
444	-718.9936	-889.0609	170.0673	0.689802	0.9566819	0.8327164	1.171128	0.06386014	0.7193093	1.574806
450	-715.5988	-886.1467	170.5478	0.4762966	1.119619	1.428403	0.5150867	0.009646904	0.9538489	1.092303
456	-723.0313	-890.2252	167.1939	1.233423	1.031303	1.602718	2.0043	0.2976476	1.543763	1.268088
462	-718.7104	-887.7813	169.0709	0.5755934	1.225669	1.393135	2.010705	0.2849927	0.2346915	1.337213
468	-715.3198	-884.1301	168.8104	0.7202166	1.3043	1.154731	2.771498	0.3843919	0.1236361	0.926707
474	-714.6558	-883.9133	169.2575	0.5786335	1.097366	0.9054983	3.075678	0.07038198	0.1380812	1.055539
480	-716.5539	-882.7404	166.1865	0.5560663	1.009696	3.922039	3.075678	0.3052121	0.1980422	0.9180344
486	-718.5606	-886.6997	168.1391	0.4970761	1.810668	2.070546	1.755101	0.5730051	0.5290871	0.7402583
492	-727.5201	-891.2288	163.7087	0.7723518	0.9726185	3.038952	1.144046	2.059776	3.463729	1.040427
498	-724.2778	-890.4444	166.1667	0.6519593	1.142352	1.269947	0.5260977	2.895087	2.615419	0.9215639
504	-723.0626	-888.3855	165.3229	0.7416183	1.142352	1.635974	2.270341	3.756346	0.4222795	0.9031371
510	-722.7521	-888.7928	166.0407	0.4536588	0.9918007	0.8434354	2.756328	3.796637	0.3587327	0.8876482
516	-718.5094	-888.1128	169.6034	0.9633328	1.102235	1.076147	1.306206	1.042233	0.1291991	0.9811859
522	-711.5188	-883.6441	172.1254	0.9633328	0.95246	0.5828278	0.3783843	0.03234348	0.2296934	0.9376672
528	-715.5338	-886.0157	170.4819	0.6140624	1.044099	0.9490672	1.159592	0.05738655	0.6109565	1.244163
534	-719.8135	-886.1716	166.358	0.8612226	0.8450849	1.440961	2.822599	0.7838708	1.35151	1.607476
540	-729.4969	-894.5397	165.0429	0.7331813	0.7347059	1.440961	2.097962	3.061353	1.348179	1.607476
546	-716.3895	-882.4695	166.08	0.86596	0.8084509	1.440961	2.184141	2.493435	0.714775	1.515999
552	-721.3578	-888.5365	167.1787	1.033192	0.9157326	0.3882579	2.409745	0.64094	2.021585	1.515999
558	-723.1715	-892.0134	168.842	1.722157	1.171989	0.5234972	0.5550928	0.7358263	1.334141	1.310222
564	-718.6806	-886.5946	167.9141	1.014614	1.364063	1.2113	0.1457589	1.12155	2.015613	1.363665
570	-703.4269	-871.2712	167.8443	0.7772068	1.459667	1.722342	0.1263886	2.026494	1.13504	1.105045
576	-702.7612	-871.573	168.8119	0.8889951	1.133072	1.843872	0.05404656	2.026494	0.2835742	1.1515
582	-721.7727	-892.7717	170.999	0.6127743	1.160592	1.249495	0.1319209	0.8278368	0.106249	1.094633
588	-715.7061	-886.5629	170.8568	0.5626153	1.504999	0.8769739	0.08386399	1.051084	0.341971	0.8918148
594	-716.943	-886.3499	169.4069	0.7151044	1.060336	1.309051	0.141069	1.051084	0.7993109	1.589383
600	-718.1379	-889.134	170.9961	0.6195158	1.060336	0.632716	0.5990058	0.3966804	0.5408676	1.304003
606	-710.0428	-878.0589	168.0161	0.7158411	0.7986021	1.792213	1.074646	1.166614	1.138129	1.425307
612	-713.3539	-882.4649	169.111	1.251029	0.9753608	1.218887	0.3301257	1.99811	0.01730609	1.272681
618	-723.818	-893.4961	169.678	1.057986	0.7451108	1.218887	0.3468984	1.714875	0.02561396	1.363337
624	-729.5555	-899.9505	170.3949	0.8379616	0.9960411	0.3359909	0.009230556	2.736928	0.038884	0.8386412
630	-721.5624	-890.7352	169.1729	1.022657	1.388885	2.121725	0.05230943	0.2991684	1.391742	0.696636
636	-706.8156	-874.4571	167.6415	1.012923	1.120058	2.510221	1.180355	0.5069219	1.144974	1.083795
642	-709.7608	-877.1712	167.4104	0.6136032	0.919906	2.802514	1.788371	0.3214439	0.6641055	1.553504
648	-721.9616	-889.8566	167.8951	0.8323237	0.919906	1.785211	1.634004	0.2516274	1.238153	1.538974
654	-720.6909	-889.9758	169.285	0.6564396	1.001938	1.400218	0.1190239	0.05478139	2.249029	1.371024
660	-723.948	-895.8636	171.9157	0.7270189	1.155942	0.5679839	0.01946694	0.06805548	0.585688	1.149146
666	-711.8786	-883.3242	171.4456	0.6284857	1.078854	0.7766903	0.03572718	0.05461317	1.265571	0.8981027
672	-728.8342	-898.8598	170.0256	0.6906578	1.084598	1.993402	0.1305679	0.02545012	1.386868	0.8460465
678	-722.538	-893.6579	171.1199	1.141826	1.084598	1.278573	0.06459128	0.01675685	0.6236867	0.864457
684	-715.7641	-888.2615	172.4974	0.8107752	1.120575	0.4317923	0.05051133	0.01111432	0.5852357	0.5332721
690	-727.6769	-899.5026	171.8258	0.849359	0.9567573	0.7032548	0.1946292	0.02634509	0.7979601	0.8337805
696	-729.4229	-899.9318	170.5089	0.9182886	0.8637287	1.272863	0.3842035	0.06250896	1.273779	0.9160286
702	-716.1115	-887.0496	170.9381	0.676159	0.9959605	0.7774632	0.3772528	0.2365887	1.273779	0.9160286
708	-716.349	-888.2221	171.8732	0.7147276	0.9959605	0.6366478	0.2785203	0.04256444	0.7678313	0.8812037
714	-716.6699	-888.2099	171.54	0.9789226	0.8879305	0.5211369	0.4416093	0.177806	0.7678313	0.8812037
720	-730.8077	-899.6433	168.8357	0.7621143	1.617971	1.357873	0.4416093	0.09260065	2.375077	0.6200305
726	-732.8089	-902.1582	169.3493	0.5703791	1.617403	1.357873	0.05152958	0.1093567	2.375077	0.6832791
732	-738.6724	-907.4277	168.7553	0.8465536	1.063635	1.357873	0.3861052	0.09943652	2.94706	0.6832791
738	-733.6826	-902.3468	168.6641	0.9597734	1.063635	1.064128	0.1750507	0.5398248	2.94706	0.7541887
744	-727.3765	-892.5284	165.1518	0.8786568	0.9370362	1.675884	3.62445	0.2363676	2.94706	0.6925479
750	-735.5651	-905.0416	169.4765	1.048247	0.810035	0.009029597	3.314781	0.2780275	0.5258088	0.6724094
756	-724.4322	-895.9258	171.4936	0.9522314	1.348522	0.02580675	0.7915889	0.06287023	0.8287776	0.5639868
762	-707.5922	-871.5147	163.9224	0.5192474	1.144128	0.04808825	8.708208	0.1260055	0.9888031	0.5880863
768	-710.569	-878.1144	167.5454	1.286719	1.79648	0.02499396	2.100257	2.517984	0.1974226	0.6644436
774	-706.6201	-875.9166	169.2965	0.7095256	1.047076	0.06669986	2.870059	1.277025	0.1933664	0.6644436
780	-716.0205	-887.2064	171.1859	0.7938094	0.8365457	0.001732938	0.9238767	0.6062179	0.6331524	1.202767
786	-721.1684	-890.6216	169.4532	0.9673775	0.6928136	0.006790784	1.44186	0.5996752	1.792054	1.22775
792	-720.1973	-888.2176	168.0203	1.137958	0.7628561	0.00309556	3.24928	0.4010336	1.919294	0.4122283
798	-723.4077	-892.5952	169.1874	0.8056484	0.6590889	0.0462912	3.24928	0.4010336	1.159225	0.5267486
804	-717.2789	-886.9793	169.7004	1.050749	0.8179799	0.04389137	2.087627	0.5204962	1.252564	0.6492149
810	-721.484	-891.1278	169.6438	0.544357	0.8423714	0.1479503	2.189851	0.6250589	1.252564	0.9225755
816	-708.6201	-879.848	171.2279	0.8602607	1.152385	0.09387475	0.566825	0.4930189	0.7484208	1.059174
822	-717.1611	-888.7191	171.5581	0.4596538	0.9226177	0.3931106	1.083047	0.09895542	0.6698387	0.952493
828	-728.7073	-897.6535	168.9462	0.9032684	1.224124	1.273748	0.8167723	0.6027971	1.006188	1.374479
834	-705.65	-877.3685	171.7185	0.7236857	0.7907869	0.5466177	0.09414894	0.1755731	0.7097845	1.381466
840	-708.0981	-878.7497	170.6517	0.6116606	0.8618841	0.974133	1.267679	0.0992699	0.2626807	1.395347
846	-714.7385	-885.3857	170.6471	0.7941809	0.9494593	1.204052	0.5730888	0.3197772	0.1715108	1.461067
852	-719.5164	-888.6505	169.1341	0.7941809	1.060144	1.665386	2.052751	0.04634832	0.1074962	1.303354
858	-718.1037	-887.3332	169.2295	0.689052	0.9992034	1.96119	2.052751	0.05161611	0.02654782	1.172989
864	-717.0781	-887.663	170.585	0.6342937	1.248724	1.177015	0.6957891	0.8211009	0.01358756	1.014443
870	-709.9285	-879.6166	169.6881	1.026306	1.166417	1.909794	0.1864089	1.021707	0.2929804	0.9078465
876	-706.341	-875.6172	169.2762	1.166186	1.400705	0.1282598	0.2018181	0.8628108	2.307562	0.8483843
882	-709.1593	-877.8825	168.7232	1.210165	1.276411	0.1271679	0.08717088	1.613008	2.307562	0.8477167
888	-706.2754	-874.9711	168.6957	0.6676358	1.601388	0.03508053	1.157371	0.4812939	2.621492	0.9317192
894	-703.3493	-874.8671	171.5178	0.4167488	1.115585	0.01342496	1.157371	0.2617748	0.8365976	0.7590502
900	-710.4666	-881.8689	171.4022	0.4167488	1.178999	0.03836408	0.4515358	1.014841	0.4471576	1.152607
906	-706.5891	-878.3797	171.7906	0.6435045	1.310508	0.1952002	0.4515358	0.05888494	0.4471576	1.264108
912	-705.4644	-876.4008	170.9364	1.036015	1.060859	0.7080642	0.8191178	0.6728881	0.1096024	0.8483331
918	-706.1796	-876.9985	170.8189	0.7583568	1.315271	1.072862	0.7291723	0.6751693	0.05869118	0.7263053
924	-708.3732	-878.9892	170.616	0.6300178	1.081509	0.3203029	0.532738	0.8929382	0.7202812	1.346633
930	-705.9675	-877.3519	171.3844	0.7569361	0.9202961	0.2678744	0.9631809	0.6864661	0.179177	1.041614
936	-708.4785	-879.9771	171.4987	0.7221997	1.339058	0.1365433	0.6404279	0.464674	0.2027208	1.180026
942	-707.496	-879.5808	172.0848	0.8444331	1.137938	0.1205558	0.1138943	0.250788	0.2027208	1.388018
948	-713.0861	-885.7141	172.628	0.9015774	0.8894854	0.1617238	0.1535542	0.1701448	0.04503427	1.231167
954	-711.1102	-883.0749	171.9647	0.5009836	1.263536	0.507604	0.2412063	0.2830311	0.1502209	1.224183
960	-717.4818	-887.9932	170.5114	1.501606	1.609012	0.3496292	0.3770732	0.2850061	0.3629504	1.201872
966	-712.0053	-882.8014	170.7961	0.6102604	1.350578	0.2730696	1.050698	0.2850061	0.4968264	1.288663
972	-728.7959	-897.6254	168.8295	0.7526578	1.47278	0.8125767	1.525971	1.621596	0.1071142	1.075616
978	-727.1027	-896.6606	169.5579	0.4045839	1.346022	1.136531	1.525971	0.5199975	0.5348118	1.075616
984	-732.2331	-903.0347	170.8016	0.3711809	1.784924	0.6129065	0.549916	0.3314968	0.7637633	0.8462645
990	-718.4044	-889.4451	171.0407	0.5210415	1.398981	0.4506957	0.9451434	1.055079	0.05581128	0.5459363
996	-722.3239	-892.8774	170.5535	0.952543	1.398981	0.3722451	1.402725	0.7133592	0.1128494	0.4529257
1002	-722.6573	-894.0485	171.3911	0.726391	1.214368	0.8523718	0.4697582	0.7133592	0.1128494	0.622036
1008	-722.13	-892.1204	169.9903	1.246298	0.8397947	1.276208	0.7920572	1.155125	0.1652695	0.6708166
1014	-728.3279	-897.8209	169.493	0.6600716	1.155837	1.561092	1.22041	1.171147	0.1908125	0.6708166
1020	-728.2006	-898.3799	170.1794	0.480646	0.9399947	0.9159652	0.7076002	1.7046	0.1797745	1.040267
1026	-722.7501	-891.4181	168.668	0.6056812	0.7916257	1.165676	1.828898	0.8907622	0.6726568	1.475643
1032	-728.9796	-898.0126	169.0331	0.5777666	1.207139	0.6011824	1.236051	0.8559091	0.8726391	1.647856
1038	-719.3142	-888.9374	169.6232	0.494314	1.09774	0.8263981	0.7334926	1.116951	0.9663895	1.266125
1044	-726.1555	-895.948	169.7925	0.8444888	1.209069	0.02620286	0.9943383	0.7315095	1.776123	0.8078435
1050	-715.4441	-885.4538	170.0097	0.5320277	1.123225	0.07498879	1.448728	0.7315095	1.319763	0.925151
1056	-716.6209	-885.9128	169.2919	0.6222321	1.012163	0.02248564	1.309366	0.8221924	2.213861	0.8871414
1062	-714.6287	-884.4622	169.8334	1.208021	1.485023	0.08778486	0.232313	1.0808	1.406896	0.8602065
1068	-710.8844	-882.0894	171.2051	0.546737	1.060547	0.08139603	0.8927724	0.4316801	1.142335	0.7846563
1074	-716.0582	-885.5529	169.4947	0.8991783	0.8247867	0.01511934	3.570547	0.1184523	0.2713179	1.009771
1080	-719.051	-890.3837	171.3327	0.8991783	1.188941	0.0263427	0.9804811	0.3803523	0.6395104	0.6995854
1086	-714.0856	-885.8787	171.7931	0.8991783	1.152781	0.1147408	0.2957021	0.4758722	0.6395104	0.8129904
1092	-709.6389	-881.7383	172.0994	0.7577509	1.092514	0.02389451	0.2674141	0.3923224	0.8460182	0.6284965
1098	-720.0206	-888.3944	168.3738	0.7605968	0.8894448	0.1614686	0.1143654	2.383087	2.797475	0.6267596
1104	-709.6962	-881.1404	171.4441	0.9853141	1.07936	0.2155309	0.07927519	0.7360721	0.7238741	0.938576
1110	-718.264	-888.9059	170.6419	0.5722116	0.9053983	0.07746052	0.4283265	1.930593	0.7238741	0.8927644
1116	-728.238	-895.1328	166.8947	1.646739	0.9053983	0.06456866	1.076201	1.140707	3.600338	0.8927644
1122	-713.0664	-883.1588	170.0924	0.7576148	1.274724	0.1548557	0.5661418	0.7907814	1.471652	1.088868
1128	-712.6701	-882.9787	170.3086	0.6098722	1.488722	1.323479	0.5405384	0.2119612	0.7387104	0.9636347
1134	-717.8154	-884.5437	166.7283	0.5011116	1.488722	0.5802435	2.18382	1.380293	2.252974	1.041172
1140	-717.6274	-884.6885	167.0611	0.6664548	1.886447	1.462901	1.069734	1.380293	1.655853	1.011166
1146	-717.8671	-884.9655	167.0983	1.284472	1.138046	1.060735	0.818806	1.574648	2.144665	1.083841
1152	-718.9296	-887.4298	168.5003	1.284472	1.138046	1.031841	1.167134	0.8870973	0.6487295	1.465883
1158	-717.0388	-886.3625	169.3237	1.034773	1.038403	1.28557	1.132347	1.015928	0.02153364	1.311495
1164	-734.5346	-903.8031	169.2686	0.5533543	1.110933	1.267235	1.005298	1.450012	0.005503519	1.438363
1170	-713.1899	-882.6967	169.5067	0.4685507	2.074802	0.8951999	0.8205211	0.3835675	1.223221	0.7237541
1176	-718.2451	-889.0709	170.8259	0.4984773	1.42571	0.9944876	0.03987988	0.8442354	0.6719922	0.841783
1182	-723.0095	-889.7971	166.7876	0.5067159	1.273753	0.8520596	3.266639	0.8442354	1.779261	0.8336631
1188	-732.1427	-899.7521	167.6094	0.9211941	1.056154	0.4655032	1.092873	1.716026	2.357244	0.9855589
1194	-713.814	-883.7285	169.9144	0.7744578	1.422663	0.7890254	0.619938	1.472375	0.02068167	1.17428
1200	-715.4177	-885.6946	170.2769	0.6012117	1.623882	0.6737829	0.7222159	1.405589	0.05086443	0.8093747
1206	-716.9557	-887.1972	170.2415	1.039663	1.346903	1.440204	0.15158	0.919356	0.3317872	0.6551029
1212	-699.5193	-869.1837	169.6644	0.5700186	1.208729	1.398733	0.3081291	1.509664	0.8180654	0.5633228
1218	-704.6987	-874.1261	169.4274	0.807277	1.213377	2.224001	0.2029268	1.344848	0.2788546	0.5769886
1224	-714.0032	-885.1327	171.1295	0.7199255	1.654188	0.7285831	0.2029268	0.9849566	0.07477093	0.43049
1230	-698.89	-871.1734	172.2833	0.8746186	1.048095	0.546478	0.04042828	0.6945429	0.009700758	0.4226064
1236	-703.4685	-874.5773	171.1088	0.6165772	1.107382	1.426625	0.05699524	0.9460695	0.206657	0.3962161
1242	-706.3808	-877.2176	170.8368	0.8472108	1.308883	1.118001	0.1832545	1.059053	0.1460537	0.4295941
1248	-717.6328	-888.2837	170.6509	0.4543299	1.432943	0.8905376	0.1713224	1.336619	0.5062934	0.505354
1254	-723.4225	-892.5361	169.1136	0.8814761	1.264398	2.333456	0.02890062	0.892043	0.9967066	0.505354
1260	-723.0261	-891.9643	168.9382	0.8594186	1.524306	1.816155	0.01734156	1.33565	0.9704033	0.6730546
1266	-726.2738	-894.6304	168.3567	1.121967	0.9399081	0.6689641	0.1517542	1.345448	2.221442	1.348665
1272	-724.5413	-894.8603	170.319	0.6570651	0.7887202	0.4725547	1.293118	1.781186	0.05845119	0.7995901
1278	-717.2297	-885.391	168.1613	0.834854	1.009288	0.889453	2.907525	1.666832	0.007951092	0.639285
1284	-720.0122	-889.98	169.9678	0.6850085	1.02257	0.889453	1.147905	1.666832	0.02726247	0.7520067
1290	-713.1879	-883.8524	170.6645	0.5863287	1.645874	1.198921	0.5798514	0.7095071	0.06054936	0.6614468
1296	-711.074	-882.5488	171.4748	0.6828131	1.057034	0.8410218	0.3882904	0.7685676	0.01383066	0.9688034
1302	-726.8326	-893.759	166.9264	1.067255	1.228441	0.7008645	3.840484	1.074081	0.3151718	1.050239
1308	-717.567	-888.2099	170.6429	0.4283562	0.9521395	1.826603	0.08390536	0.830284	0.3051977	1.050239
1314	-710.1524	-881.1244	170.9719	0.9613496	0.9710017	1.239122	0.0147993	0.9756145	0.07522767	0.9950405
1320	-712.6523	-884.5721	171.9198	0.5315866	1.184355	0.3822882	0.03768033	1.121416	0.1133906	0.8678176
1326	-711.1938	-883.2018	172.0081	0.8976144	1.058629	0.6603888	0.1268884	0.5768633	0.07778299	0.7647061
1332	-713.6103	-885.3309	171.7206	0.5258885	1.81513	0.410367	0.4237986	0.4405934	0.08678296	0.6748686
1338	-722.4174	-893.9587	171.5413	0.4717319	1.431234	0.2815133	1.070083	0.4405934	0.1655408	0.6748686
1344	-723.4157	-890.4607	167.045	1.012284	0.7712566	1.626438	2.641895	0.3654379	0.8192831	1.73746
1350	-721.7917	-889.8257	168.034	0.5003678	0.7201817	2.080959	2.165028	0.928508	0.21409	1.438949
1356	-724.0449	-893.9475	169.9027	1.335916	1.065991	0.2874757	1.238344	0.8448583	0.3692916	1.153247
1362	-719.175	-889.9952	170.8202	1.237746	0.9592052	0.4019233	0.3627171	0.9456126	0.3156393	1.152231
1368	-713.7276	-882.4404	168.7128	0.5539132	0.8250229	0.8891045	0.7806794	1.061924	2.188032	1.152231
1374	-709.4261	-879.7638	170.3377	0.6605787	1.002575	0.6612876	0.7806794	0.8023034	0.7982891	1.140872
1380	-710.6896	-880.5372	169.8476	0.5475286	1.602673	0.5002072	0.5632033	0.6095671	0.9564013	1.462911
1386	-710.8271	-880.7412	169.9141	0.7180742	1.602673	0.4941006	0.3531099	0.7870655	0.9564013	1.328545
1392	-717.467	-887.3573	169.8903	0.4941677	1.376708	1.25758	1.257638	0.5956284	0.2254489	1.055743
1398	-729.066	-897.7926	168.7267	0.978106	1.092142	1.066364	1.953739	0.4974342	0.8426986	1.045937
1404	-716.5306	-887.2165	170.6859	0.5714683	1.242075	0.9622569	1.612563	0.1156445	0.1128816	0.8659308
1410	-725.8362	-892.4249	166.5886	0.6546657	1.104173	2.255404	3.817841	0.5244511	0.1708687	1.074011
1416	-728.7146	-897.67	168.9553	0.9437112	1.136082	0.6268062	1.583641	1.80839	0.1796514	0.9700064
1422	-723.1206	-890.6383	167.5177	0.530219	1.526544	0.4117642	1.844394	2.389474	0.7159342	1.21177
1428	-725.9075	-892.6237	166.7162	0.5727829	1.479021	0.4299002	1.744959	3.311512	0.7061964	1.20057
1434	-734.6504	-903.1058	168.4553	1.278143	0.933976	0.3344091	0.6702189	3.2726	0.2279753	1.033508
1440	-724.1058	-893.2915	169.1857	0.8194397	0.906701	0.8879713	0.6027581	0.8709932	0.4376581	2.121975
1446	-720.9588	-888.1968	167.2381	0.9782631	0.9076719	0.7338669	1.638767	1.889879	0.7325056	1.850177
1452	-728.8062	-897.6033	168.7971	0.9031515	0.7702144	0.0775543	2.483334	0.7477613	0.3739747	1.826673
1458	-730.3016	-897.8044	167.5028	0.7947893	0.8711574	0.1416383	2.12534	0.9932512	0.8306757	2.411391
1464	-712.2687	-884.7564	172.4876	0.7394509	1.059958	0.1065926	0.1615832	0.3219261	0.08979689	1.212999
1470	-711.9932	-884.4485	172.4552	0.7394509	1.128983	0.1587751	0.1519871	0.08760362	0.1063468	1.327306
1476	-732.1459	-904.1805	172.0346	0.689499	1.390752	0.3251225	0.09229879	0.1444351	0.1506359	1.325252
1482	-720.032	-891.7325	171.7005	0.6275331	1.072918	0.04434425	0.3447479	0.9912649	0.04173202	1.322949
1488	-720.282	-891.1471	170.8651	0.5302278	1.14329	0.0117547	0.5442805	1.443687	0.7948745	0.8146979
1494	-724.9623	-890.4979	165.5356	0.8697162	0.9462524	2.637207	0.3198034	3.193019	0.9693354	1.60199
1500	-715.6901	-883.7402	168.0501	0.6385515	1.183095	1.656045	0.2704373	1.97138	1.145082	1.249234
1506	-729.8517	-897.9793	168.1276	0.8991949	0.8663287	0.5002459	0.3836162	1.992617	2.158633	1.248979
1512	-720.2678	-886.5339	166.2661	0.7616558	1.278974	0.7917042	1.021647	1.421819	2.933729	1.596575
1518	-722.5801	-885.8793	163.2992	0.5714218	1.146691	3.027481	1.021647	2.465152	2.933729	1.587764
1524	-723.0455	-884.6141	161.5686	1.153954	1.019677	3.664004	1.518238	1.909973	3.575561	1.646683
1530	-724.3876	-888.7425	164.3549	0.8965084	1.063306	2.100435	2.746288	1.909973	1.992435	1.132011
1536	-733.2918	-901.1341	167.8423	0.9198678	0.8309982	1.937416	2.746288	0.8084352	0.2474291	0.8605934
1542	-718.622	-887.4688	168.8468	1.013534	0.870961	1.089198	2.250007	1.165027	0.1032722	0.8533695
1548	-717.7545	-886.3081	168.5536	0.8032612	1.266055	1.284866	2.250007	1.165027	0.01254542	0.8554714
1554	-722.1231	-890.0684	167.9453	0.8373268	1.220083	1.409076	3.008165	0.008849571	0.9378346	0.817648
1560	-724.076	-892.1379	168.0619	0.8373268	0.9628036	2.937354	1.235387	0.02923375	1.002547	1.128975
1566	-737.972	-905.333	167.361	0.8915645	1.184509	2.702348	1.990262	0.06420422	1.091227	0.9149095
1572	-730.6836	-899.5453	168.8617	0.9169338	1.287908	2.145449	1.109223	0.08802847	0.8381856	0.9555936
1578	-720.872	-891.6725	170.8005	0.6479118	1.180348	0.3132104	1.124032	0.1003147	1.068864	0.9555936
1584	-719.4756	-887.7224	168.2467	0.9886336	1.710112	1.102402	1.104891	0.3352801	1.774956	0.9391555
1590	-726.8599	-894.2932	167.4333	1.264928	0.7762957	2.048813	0.4102216	1.548773	1.537876	1.1728
1596	-721.9879	-886.377	164.3891	0.9282184	0.9001888	2.192772	1.483485	0.3022714	4.033346	1.773932
1602	-715.0126	-881.4386	166.426	0.7853337	1.035541	1.22725	1.29133	0.6537741	2.896927	1.711601
1608	-728.5439	-894.5027	165.9588	0.9152894	0.6807116	4.460054	0.4152373	1.52821	1.098284	1.13863
1614	-715.1997	-880.6448	165.4451	0.6691597	0.8725977	3.089448	0.2643313	4.491372	0.1633548	1.183886
1620	-723.1577	-886.6369	163.4792	1.109117	0.8028886	3.043001	0.3010474	4.491372	1.627846	1.309872
1626	-702.9858	-873.7288	170.743	0.8607652	1.320239	1.090832	0.1519043	0.9610747	0.09511958	0.980458
1632	-709.3316	-880.4917	171.1601	0.7374327	1.468884	0.9271219	0.08414309	0.8702096	0.05443959	0.8909802
1638	-701.3481	-869.3737	168.0256	0.7608099	1.222358	1.767853	0.47433	2.298435	0.3009747	1.310465
1644	-707.3269	-876.9612	169.6343	0.9668366	0.8006289	1.440542	1.697202	0.07268825	0.3229249	1.243418
1650	-701.5872	-870.1531	168.5659	0.7230828	1.240847	1.440542	1.446094	0.03696172	1.524468	1.202825
1656	-712.1357	-879.5042	167.3685	0.8066292	1.488738	2.02696	1.083622	0.507999	1.689325	1.211202
1662	-713.5137	-883.1239	169.6102	0.6430958	0.8974288	0.5731142	1.042375	1.075576	0.984694	1.321872
1668	-721.1545	-890.2711	169.1165	0.6430958	1.081912	1.516131	1.044017	1.075576	0.4482558	1.240663
1674	-723.7028	-893.8327	170.1299	0.9794168	0.8213991	0.8169697	1.104884	0.8643916	0.2215104	1.240663
1680	-720.0958	-890.8128	170.7171	0.6959501	0.903115	0.1552914	1.104884	0.8643916	0.526073	1.210589
1686	-707.0693	-877.8327	170.7634	1.015531	0.9723072	0.03242037	0.7270834	0.4660213	0.6886215	1.45781
1692	-718.7947	-889.3796	170.5849	1.033766	0.9950367	0.05289814	0.07755932	1.143383	1.478954	0.8189623
1698	-726.4935	-894.8006	168.3072	1.016849	1.151664	0.2472139	1.731805	1.143383	1.608952	0.9970702
1704	-721.6931	-887.1452	165.4521	1.185527	0.7695598	0.9840661	1.627995	0.5033081	4.46683	1.198173
1710	-719.5459	-883.951	164.4051	0.5619436	1.317844	0.7348232	3.60257	2.381548	2.216148	0.9553128
1716	-725.7193	-892.7282	167.0089	0.7094348	1.465926	1.336636	1.270562	0.931626	2.487136	0.9876262
1722	-708.7148	-877.0194	168.3046	0.6541007	1.285614	1.578674	0.466489	1.536895	1.23991	1.119725
1728	-709.2713	-877.7651	168.4938	0.6577272	1.384062	0.7823842	1.50814	1.858432	0.6110019	0.8910997
1734	-711.1791	-879.0283	167.8491	0.5409065	1.019742	1.116716	2.424008	1.484339	0.8081906	0.9247127
1740	-717.2063	-887.5604	170.3542	1.070084	1.097412	0.7945479	0.5023696	1.594029	0.006908301	0.7454238
1746	-718.3019	-889.3824	171.0805	0.770126	1.340787	0.7761904	0.03521141	0.8736115	0.5543375	0.7232847
1752	-723.5154	-894.6975	171.1821	1.017565	1.182098	0.5964075	0.03573311	0.8513196	0.5543375	0.7452054
1758	-716.9826	-887.9944	171.0117	1.013779	1.227724	1.084514	0.01122224	0.5512735	0.4115959	0.8850908
1764	-717.1691	-886.7334	169.5643	0.7809309	1.066783	3.590477	0.004055205	0.17472	0.1354464	0.8767216
1770	-712.6108	-881.5776	168.9668	0.9091117	1.350275	2.097301	0.0003659085	1.168115	0.8270263	0.8767216
1776	-708.8833	-877.6158	168.7324	1.007657	1.350275	2.070849	0.0005912495	1.178972	0.8526102	1.01066
1782	-713.4201	-883.7118	170.2917	0.6992736	1.246755	1.317814	0.03189754	1.01813	0.6802276	0.9066372
1788	-711.7303	-883.5159	171.7856	1.264441	1.055198	0.4373558	0.03421294	0.129543	0.6802276	0.7955238
1794	-728.3971	-900.9106	172.5135	0.9404699	0.6527751	0.6296057	0.01462608	0.09016203	0.5431209	0.7955238
1800	-715.2297	-888.5236	173.2939	0.8636381	0.9170142	0.1293058	0.01404208	0.06001034	0.1963265	0.6468707
1806	-700.5048	-873.5227	173.0179	0.8658189	0.9101094	0.2692729	0.02428146	0.2437427	0.1200197	0.6924993
1812	-712.221	-884.2189	171.9979	1.27603	1.05059	0.5189298	0.06556646	0.3816131	0.210387	0.5833611
1818	-710.0372	-882.6475	172.6102	0.5826718	0.9568639	0.7590672	0.02802851	0.1862926	0.3302164	0.6430817
1824	-714.5591	-886.3296	171.7704	1.29427	0.9659544	0.7590672	0.1053789	0.1720544	0.3965259	0.6758114
1830	-722.7968	-894.3593	171.5624	0.9340369	1.057626	0.687316	0.1286209	0.4383525	0.6500033	0.6800034
1836	-708.563	-880.5221	171.9591	0.7720499	1.089553	0.2808133	0.1474492	0.6844466	0.5411598	0.6413193
1842	-716.1796	-887.2048	171.0252	0.9936866	1.140523	0.8217636	0.3381159	0.2585472	0.8470956	0.7370023
1848	-707.6953	-878.6765	170.9812	0.8766886	1.210289	0.7217267	1.008502	0.1534331	0.4580351	0.7591457
1854	-701.7434	-872.7594	171.016	1.001091	1.080246	0.3655667	0.9410816	0.1534331	0.8527963	0.7591457
1860	-712.4191	-883.44	171.0209	0.9479224	1.080246	0.1727141	0.9181535	0.2417394	0.8900955	0.9297199
1866	-706.3826	-876.9038	170.5212	0.6619818	1.31591	0.1902972	0.5226986	0.8680097	1.101491	1.011829
1872	-719.8287	-889.3652	169.5365	0.7953289	0.8329042	1.267971	0.9774112	0.684702	0.4933241	1.514638
1878	-715.2901	-881.8094	166.5193	0.9883142	1.215518	2.684863	1.277244	1.167534	1.366783	0.9844456
1884	-708.6273	-875.2925	166.6652	0.6357924	1.216464	1.284871	1.020989	3.080508	0.9750019	1.278558
1890	-729.5811	-898.1973	168.6162	1.011844	1.261583	1.284871	0.7575153	1.520669	0.6630129	1.085021
1896	-737.9036	-904.6507	166.7471	1.011844	0.9878602	0.4870052	1.090976	3.024693	1.94179	0.9083245
1902	-728.0756	-896.8	168.7244	0.6568142	1.202849	1.60916	1.021934	0.7084289	0.944062	1.289915
1908	-735.2926	-906.1481	170.8556	0.7666465	1.211364	0.4285638	1.396942	0.3043328	0.08905965	1.139749
1914	-729.924	-900.4127	170.4887	0.5623226	1.232674	0.4285638	1.061623	0.7866115	0.5120843	1.099214
1920	-723.8036	-893.7443	169.9407	0.59737	1.232674	0.2070665	1.549786	1.245125	0.6696285	0.6723267
1926	-720.0175	-887.3068	167.2893	0.807519	1.255977	0.8764275	2.781916	0.8846967	1.428552	0.8687447
1932	-720.4982	-887.5943	167.0961	0.7055516	0.9379357	1.894591	2.781916	0.4747461	1.428552	0.8687447
1938	-717.1955	-883.6753	166.4798	0.5522615	1.017734	1.571089	1.575038	1.614542	1.778664	1.492615
1944	-717.3986	-888.2959	170.8973	0.7804991	0.8864415	0.7532647	0.462073	0.4758917	0.6575569	1.259838
1950	-717.9121	-888.8445	170.9324	0.4936141	0.7313256	0.386065	0.2321151	0.630707	0.3193767	2.080856
1956	-715.711	-885.9307	170.2198	1.298219	0.9438884	0.548373	0.2350298	0.630707	0.8245923	1.433362
1962	-714.8089	-885.2877	170.4789	0.8377616	0.9135587	0.9383052	0.398586	1.107152	0.1671829	1.319535
1968	-712.3561	-882.9282	170.5722	0.8691018	1.051289	0.5428336	0.06080537	1.107152	0.7988955	1.186014
1974	-704.7921	-874.985	170.1929	0.8322121	1.051289	1.024208	0.0872792	0.4835042	1.331398	1.185027
1980	-706.69	-877.0961	170.4061	0.7146612	1.197839	0.8434175	0.003179584	1.033962	0.2937269	1.582057
1986	-719.1573	-888.9544	169.7972	0.59232	1.557712	1.614547	0.001635502	0.6188793	0.7129695	1.25905
1992	-720.2105	-889.3088	169.0982	0.59232	1.266708	1.016498	0.04357668	1.793882	1.123603	1.22594
1998	-729.6136	-895.5208	165.9072	0.8716872	1.292183	0.3083068	0.1537292	3.527816	2.702358	1.38199
2004	-715.1878	-885.0538	169.8659	0.6242679	0.9437455	0.4180363	0.5810521	0.9015835	1.058194	1.647482
2010	-714.5448	-885.0149	170.47	0.603086	0.7604102	0.5404837	0.0593456	0.9388937	1.109318	1.58063
2016	-724.9065	-893.789	168.8825	0.6804515	0.8769155	0.5085868	0.1297784	1.183755	2.703623	1.210393
2022	-723.6609	-894.4978	170.837	1.427358	0.8788985	0.4506244	0.02064053	0.7972067	0.6515302	1.140123
2028	-712.3895	-881.7254	169.3359	1.052529	1.014686	0.4506244	0.04817327	1.320201	0.8511536	1.881457
2034	-706.9691	-876.0723	169.1031	0.7597589	1.195018	0.4506244	0.6001799	1.320201	0.6725303	1.859993
2040	-699.4611	-869.129	169.6679	0.636128	0.8166384	0.8542669	0.4356268	1.3767	0.6725303	1.600357
2046	-711.7869	-881.4982	169.7113	0.690949	1.089029	1.10605	1.04845	0.3554557	0.6725303	1.445576
2052	-713.4157	-882.7365	169.3208	0.7642383	0.8719611	1.506938	1.04845	0.289473	0.7434695	1.545573
2058	-709.4001	-879.929	170.5289	0.7130397	0.9077378	0.8796859	1.15696	0.184765	0.7589888	1.066031
2064	-709.1736	-879.1063	169.9327	0.9662442	1.353093	0.0971355	1.15696	1.432289	0.1715355	1.090262
2070	-726.552	-896.0509	169.4989	0.645236	1.078078	0.2370401	2.600178	1.057313	0.1447214	0.9272302
2076	-722.4437	-893.5571	171.1135	0.475983	1.497861	0.5242053	1.042907	0.5339377	0.02853836	0.9272302
2082	-706.2956	-875.265	168.9694	0.8726662	1.032122	0.07609421	0.8129224	1.631721	1.003569	1.654316
2088	-721.6787	-891.6647	169.9859	0.7889637	1.032122	0.06019936	0.9940799	1.661237	0.440466	1.218186
2094	-716.847	-884.1195	167.2725	0.5317871	1.103968	0.438724	1.366538	2.063406	2.14373	1.225221
2100	-726.5232	-896.274	169.7508	1.168398	1.055999	0.9122587	0.618576	0.320025	1.435009	0.9419081
2106	-729.3672	-899.0536	169.6865	0.9107443	1.197674	0.8009712	1.434811	0.2519548	1.016661	0.8992286
2112	-732.1803	-901.8434	169.6631	0.6264055	0.9853241	1.285537	1.74893	0.1413217	0.781006	0.9562136
2118	-724.8341	-894.1403	169.3062	0.829445	1.379384	1.214606	1.74893	0.1334209	0.781006	0.7822743
2124	-733.2793	-903.1489	169.8696	0.829445	1.379384	2.104673	0.7387574	0.04689915	0.3853057	0.8333243
2130	-736.7606	-906.0568	169.2962	0.5356764	1.188802	1.196753	0.2325366	2.29099	0.009908606	1.364598
2136	-739.3268	-909.0059	169.679	0.8741248	1.264999	0.8064666	1.517791	0.40976	0.0263134	1.522934
2142	-724.5987	-893.4318	168.8332	0.6150906	0.8226302	0.4452749	1.988867	2.385023	0.4038105	0.5056682
2148	-727.6879	-896.3297	168.6418	0.5355076	1.118867	1.728239	1.08134	2.110428	0.2382662	0.611011
2154	-728.9271	-897.3061	168.379	1.417395	1.410479	0.8362311	0.9434436	2.110428	0.3753933	0.6679684
2160	-719.1001	-887.2744	168.1742	1.602429	1.750507	1.620061	0.2393362	2.110428	0.02877529	0.5512882
2166	-714.7895	-885.0583	170.2688	0.7456756	0.9513694	1.127645	0.1839261	2.110428	0.0985118	0.6086651
2172	-716.3674	-886.213	169.8455	0.7456756	1.008949	1.380734	0.4308273	2.032243	0.02448072	0.6520427
2178	-714.1967	-886.0039	171.8072	0.8334183	0.9574411	1.095569	0.233977	0.458982	0.06975461	0.6821803
2184	-717.156	-888.2966	171.1406	0.3866231	1.59748	0.5963599	0.6238699	0.9486849	0.02365393	0.7260164
2190	-718.9373	-891.2083	172.271	0.6405333	1.197627	0.4046642	0.515741	0.3746231	0.01274894	0.7287302
2196	-726.1465	-896.2724	170.1259	1.059903	1.381696	0.6460171	1.451204	0.8359398	0.003023696	0.5631148
2202	-715.3385	-886.7459	171.4074	0.724294	1.115508	0.8131487	0.2983593	1.132872	0.003045176	0.4290425
2208	-717.6065	-886.3708	168.7643	0.7005504	0.9936073	1.328094	0.005399442	3.685224	0.002628088	0.3978303
2214	-722.9374	-892.6822	169.7449	1.000362	0.9208264	1.933589	0.01617485	1.80784	0.006842832	0.3253128
2220	-704.1359	-875.7427	171.6068	0.7292202	0.9208264	1.09436	0.09156074	1.028682	0.02216036	0.4250495
2226	-709.1973	-879.7765	170.5792	0.9896064	1.037301	1.651037	0.02298923	1.149493	0.02909713	0.3553524
2232	-712.8408	-883.0865	170.2457	0.6857533	1.074245	1.514284	0.9224766	1.01881	0.03577793	0.5557539
2238	-718.5331	-889.633	171.0999	1.005602	0.9586084	1.295943	0.07016975	1.01881	0.06168417	0.5103477
2244	-735.8576	-905.3873	169.5297	1.682898	1.334447	2.196785	0.1371221	0.3467472	0.2335978	0.3289781
2250	-725.2125	-889.1246	163.9121	1.041319	1.086785	3.191408	4.156255	1.598056	0.3971287	0.7972405
2256	-721.341	-885.5566	164.2155	0.9198262	1.102828	1.744785	4.659731	2.216032	0.4992295	0.8296343
2262	-713.687	-882.9486	169.2616	0.6473885	1.102828	1.315715	0.361001	2.052014	0.605188	0.8296343
2268	-717.9716	-885.8019	167.8304	0.5286687	1.260357	0.5625266	2.394343	1.945013	0.8505974	0.7610503
2274	-723.9525	-890.9683	167.0158	0.5092292	1.721637	0.5554589	2.394343	0.4926435	2.561567	0.9049991
2280	-734.506	-900.0217	165.5156	0.9272442	0.88688	0.4801162	2.394343	2.006377	3.028887	0.9639111
2286	-725.2664	-892.5936	167.3272	0.8958421	0.9830303	0.5094409	2.772941	0.4555234	2.496388	0.7117676
2292	-715.254	-883.1702	167.9162	0.6637329	1.251484	0.6113364	2.465381	2.199054	0.3585613	0.6436856
2298	-718.8736	-888.4945	169.6209	0.5154315	0.7482685	0.2784352	1.920733	1.977322	0.3585613	0.674981
2304	-709.5477	-879.0408	169.4931	0.7885259	1.086399	0.3044222	1.655687	0.3696435	1.569101	0.9327366
2310	-713.9879	-883.2528	169.2649	0.9308098	1.086399	0.4272351	2.054296	0.7017722	0.7590723	0.9793473
2316	-710.1627	-879.1131	168.9504	0.6447132	0.9862243	0.8986649	2.054296	0.5192901	1.237217	0.8946535
2322	-715.9269	-886.5224	170.5955	0.6994668	0.9676104	0.4522824	0.9231044	0.5192901	0.8466115	1.178907
2328	-720.5628	-891.293	170.7303	1.068757	0.9676104	0.592568	0.03600497	0.5815562	0.5860427	1.534917
2334	-715.2483	-886.2563	171.0079	0.640977	1.291865	0.592568	0.1140896	0.3792023	0.4683738	1.575137
2340	-722.8991	-893.6233	170.7242	0.7172222	1.082511	0.5915732	0.5360204	0.8088718	0.2911907	1.387025
2346	-718.9015	-890.5779	171.6764	0.6999132	0.9437053	0.3190565	0.4099785	0.6093504	0.0436802	1.42444
2352	-717.0676	-888.9173	171.8497	0.926096	0.9215185	0.5043083	0.7159862	0.05866559	0.02496554	1.1872
2358	-719.1894	-889.4481	170.2587	0.7135427	1.050047	1.624882	0.6868966	0.07989009	0.4576854	1.290984
2364	-711.9342	-882.8434	170.9092	0.639963	1.050047	0.8558731	0.6425423	0.1886745	0.5002614	1.353433
2370	-712.2321	-883.581	171.3489	0.7163874	0.7652195	1.007284	0.2269504	0.1633313	0.5939852	1.331207
2376	-718.4015	-888.3644	169.963	0.6289672	0.9285059	1.035988	1.046484	0.5871283	0.6688732	1.294058
2382	-720.0236	-889.5517	169.5281	0.6565742	0.965085	1.035988	1.042681	0.1676457	1.761893	1.034385
2388	-717.01	-887.3387	170.3288	0.7018517	1.770005	1.058486	0.6072482	0.2137485	0.4822487	1.034385
2394	-720.9825	-885.2299	164.2474	0.6543976	1.860077	2.006214	1.819221	3.973858	0.511851	1.113657
2400	-721.1401	-890.5979	169.4578	0.4853673	1.860077	0.8022593	1.319692	0.5673173	0.8976194	0.7073698
2406	-727.2491	-897.5711	170.3219	0.6267371	1.66171	0.7452156	1.319692	0.5399315	0.176941	0.7633688
2412	-721.5857	-889.4591	167.8734	1.098484	1.392679	1.953931	2.450201	0.4672569	0.1948225	0.7280865
2418	-727.3694	-893.6036	166.2342	0.501722	0.7431495	4.807318	2.450201	0.1468273	0.5299061	0.6775096
2424	-722.3391	-890.1811	167.842	0.6662944	1.036841	3.353711	1.621255	0.09618703	0.7778488	0.7678001
2430	-733.239	-898.0621	164.8232	0.8197737	1.288675	3.968611	2.364121	1.711551	0.4822063	0.6782958
2436	-719.6662	-887.5819	167.9157	0.9553389	1.354537	1.588441	2.364121	1.055298	0.003648979	0.9664268
2442	-712.161	-880.3897	168.2287	0.612624	1.026872	1.577096	1.479416	2.177157	0.02070148	1.062259
2448	-707.2821	-876.4392	169.1571	0.9163069	1.026872	1.198228	0.3628315	2.177157	0.2905165	1.072499
2454	-711.298	-879.4452	168.1472	0.6922067	0.8162491	1.48509	1.323882	2.144402	0.1951078	1.34399
2460	-710.2356	-880.2811	170.0456	0.5566136	1.054077	0.4701084	0.533074	0.9751203	1.168805	1.327436
2466	-712.9117	-882.075	169.1633	0.612619	0.8382018	0.5022895	2.520876	1.43262	0.2190463	0.8913643
2472	-711.7404	-881.3298	169.5894	0.6250415	0.843611	0.1515651	2.520876	1.441978	0.1184188	0.8913643
2478	-711.2861	-881.4142	170.1281	0.8625461	1.259741	0.01202951	1.284644	1.441978	0.3007403	0.9094518
2484	-713.6465	-880.7944	167.1479	0.7085585	1.026928	0.02271132	0.307319	2.37041	3.731114	0.8742232
2490	-713.622	-881.9916	168.3696	0.9721893	1.188279	0.01037829	0.01942401	2.409199	2.400514	0.8149489
2496	-711.875	-880.6655	168.7905	0.7701098	1.12643	0.2226109	0.1712769	2.875021	1.20311	1.04139
2502	-710.7028	-881.2644	170.5616	0.8855334	0.9858873	0.3482692	0.1079572	0.5902712	1.336206	1.340581
2508	-709.5342	-879.3743	169.8401	0.6616666	0.9836248	0.6513402	0.4414134	0.5902712	1.263522	1.622841
2514	-715.0198	-884.0689	169.0491	0.7924857	1.164432	0.6513402	1.329148	0.5902712	0.8638814	1.622841
2520	-714.9703	-885.7633	170.793	0.7924857	1.031871	0.4819118	0.5061795	0.06389135	0.7712511	1.622841
2526	-711.2129	-880.3318	169.1189	0.7266467	0.8568259	1.524508	0.8884065	1.122903	0.7712511	1.175796
2532	-722.8107	-891.1704	168.3597	0.8744321	1.084685	2.4433	0.273468	1.331579	0.9234997	0.9086371
2538	-725.1995	-893.7004	168.5009	0.6673242	1.328242	2.4433	0.1384458	1.331579	1.002091	0.7417068
2544	-729.304	-900.3013	170.9973	0.8363149	1.471054	0.7500088	0.1277903	0.5276138	0.6703696	0.7994535
2550	-729.3099	-900.0183	170.7085	0.756646	1.588069	0.7500088	0.724534	0.3104994	0.4595175	0.8973362
2556	-731.9606	-900.9943	169.0337	0.9925467	1.174994	0.9481586	0.9804523	0.884148	0.6719151	1.442193
2562	-720.0278	-891.4447	171.4168	0.7715747	0.9451137	0.07328793	0.2134495	0.7622844	0.755567	1.238644
2568	-706.2775	-878.0628	171.7853	0.7715747	0.9451137	0.04414355	0.2899691	0.2922035	0.571094	1.429706
2574	-716.9417	-887.9821	171.0404	0.7715747	0.885026	0.008972817	0.06393429	0.946686	1.106522	1.332747
2580	-713.0435	-884.1766	171.1331	0.7715747	0.8343459	0.02393985	0.01481712	0.9810128	1.106522	1.298691
2586	-716.7077	-887.1013	170.3936	0.7781216	0.9555185	0.05879585	0.01323306	1.032065	1.202247	1.627602
2592	-705.1811	-875.1661	169.9851	0.7781216	1.007139	0.04755003	0.3012261	0.7657366	1.322312	1.787701
2598	-714.5571	-885.4306	170.8735	0.6748862	0.7036657	0.01549263	0.4925917	0.5926499	1.322973	1.442876
2604	-711.1642	-874.746	163.5819	0.896424	1.262411	0.01005343	3.842863	4.035249	1.303847	1.245275
2610	-718.0786	-888.2847	170.2061	0.6496928	1.012232	1.419496	0.1895948	0.9802839	0.9366097	0.7652988
2616	-720.3675	-891.6915	171.324	0.6063363	1.08217	0.8171714	0.2925042	1.001596	0.2607192	0.7696349
2622	-712.2236	-883.8762	171.6527	0.6063363	1.358397	0.5581246	0.2634824	0.7872592	0.0810067	0.8689139
2628	-721.083	-892.852	171.769	0.6231507	1.112417	0.2114278	0.2634824	0.3023003	0.4864511	1.366043
2634	-722.4944	-894.2919	171.7974	0.5928246	0.9411754	0.4731373	0.4199983	0.2084905	0.1827642	1.47947
2640	-709.8815	-879.5763	169.6948	0.6890371	1.903451	0.7804557	0.5305672	0.4104087	0.9827985	1.188854
2646	-712.1907	-879.8079	167.6171	0.9742339	0.9536537	2.08114	0.8955193	1.004024	1.13131	1.464185
2652	-723.8617	-894.8398	170.9782	0.8354777	0.4968066	0.5684003	0.8800144	0.173106	0.430716	1.679489
2658	-722.7253	-893.154	170.4288	0.8738813	1.087829	1.669519	0.6919395	0.08615052	0.02621984	1.301445
2664	-735.5751	-906.3835	170.8085	0.5344524	0.7563343	1.185107	0.6919395	0.5323598	0.03952501	1.519495
2670	-728.4285	-894.0042	165.5757	0.6914143	1.312143	2.58757	1.191661	0.07225488	3.482247	1.255496
2676	-725.1637	-890.4165	165.2527	0.5645082	1.354313	2.132426	2.003885	0.3751218	3.482247	1.011623
2682	-713.9088	-876.4285	162.5197	0.6572723	1.096055	1.008175	4.310548	0.1025852	5.149983	1.30896
2688	-722.6397	-892.7428	170.1032	0.4830204	0.9769616	1.983937	0.4886436	0.8846661	0.2028535	1.026471
2694	-712.3592	-881.6122	169.253	0.5635346	1.348366	0.8058188	0.8903896	1.279631	0.7200329	1.282245
2700	-729.0106	-899.6344	170.6238	0.602202	0.9650468	0.537228	0.860833	1.622284	0.1046484	0.8575906
2706	-720.1484	-890.2898	170.1414	1.024357	1.021137	0.2750577	0.860833	0.6476139	0.5357952	1.576618
2712	-719.7633	-889.322	169.5587	0.608459	1.202769	0.6630762	1.511392	0.4981559	0.4583166	1.567185
2718	-710.2387	-880.4205	170.1818	0.752523	1.251092	1.097817	0.3921395	1.032414	0.6591411	0.8137907
2724	-706.3263	-876.0676	169.7412	0.6951078	1.025687	1.264551	0.2792501	0.9295199	1.245059	1.016232
2730	-709.7654	-879.3117	169.5463	0.590071	1.020707	1.526025	1.138557	1.237281	0.1362415	0.9872479
2736	-705.5414	-876.3048	170.7634	0.4698261	1.400933	1.043313	0.5394021	0.6619583	0.2070914	1.05654
2742	-710.0766	-880.5587	170.4821	0.6991079	0.9322993	0.9769073	1.079369	0.4346654	0.5345929	1.05654
2748	-719.6959	-886.1692	166.4734	0.9469926	0.9768735	3.692502	1.323954	0.5970356	1.17185	1.021286
2754	-721.7345	-889.3795	167.645	0.9437783	0.8646924	0.1908713	1.678661	3.444195	0.2657015	1.15967
2760	-725.6523	-897.156	171.5037	0.6822786	1.057345	0.215886	0.1219075	1.258236	0.3885539	0.9671316
2766	-718.0457	-889.9043	171.8585	0.8776259	0.7956613	0.0289688	0.1235722	0.9932417	0.3176192	1.192139
2772	-730.2869	-899.1303	168.8434	0.8918113	0.7956613	0.00482319	1.489119	2.354461	0.6160362	1.192139
2778	-740.1497	-908.537	168.3873	0.9872972	0.5828927	0.001534811	2.058843	2.354461	0.5651801	1.241413
2784	-731.4718	-902.1833	170.7115	0.9393206	0.7683462	0.005617193	0.9217445	1.478642	0.3480021	1.030419
2790	-719.6236	-889.3927	169.7691	0.9852278	0.7028862	0.04226148	1.494048	1.00591	1.099452	1.1005
2796	-730.0198	-900.2823	170.2625	0.4990316	1.170902	0.0658145	1.494048	0.7904882	1.099452	0.7294709
2802	-719.1664	-889.5155	170.3491	0.8309464	1.17476	0.2107351	1.494048	0.2582598	1.065092	0.7959422
2808	-726.8874	-897.6787	170.7913	0.6201169	1.282703	0.1534595	1.316754	0.07288477	1.130592	0.7959422
2814	-720.9646	-890.9132	169.9486	0.9628456	1.65534	0.6899346	1.086328	0.1761979	0.8904362	0.7600261
2820	-716.1556	-887.346	171.1904	0.3924663	1.09431	0.2130092	0.8905185	0.5466631	0.9942182	0.7270551
2826	-715.2251	-887.8515	172.6264	0.4868714	1.09431	0.08820509	0.4036984	0.370043	0.211554	0.8597506
2832	-709.4487	-879.7706	170.3219	0.8559688	1.280571	0.03568985	1.13657	0.8408551	0.8721933	0.8466318
2838	-707.4358	-875.9993	168.5635	1.151165	1.766701	0.1309712	0.9204483	1.399784	1.275868	0.9961639
2844	-721.5543	-890.3659	168.8116	1.398962	1.707845	0.1412374	0.9447737	1.580772	0.7782268	0.8315153
2850	-720.1936	-890.3688	170.1752	0.6800507	1.269319	0.5391557	1.818412	0.1503466	0.8352629	0.6431128
2856	-720.9086	-890.5896	169.681	0.6572656	1.337362	0.2432273	1.818412	0.0921355	1.635929	0.6431128
2862	-729.7813	-899.0702	169.289	0.550006	1.062275	0.9626825	1.656317	0.1134771	1.635929	0.8980081
2868	-733.4196	-900.9957	167.5761	1.104314	1.081898	0.9626825	2.23031	0.2241689	2.058551	0.9656747
2874	-717.7252	-884.8604	167.1351	1.027722	1.023975	1.13373	1.080179	0.9301854	2.787894	1.082078
2880	-721.7062	-888.9686	167.2623	0.615892	1.448732	1.263737	1.791899	0.8957418	1.682312	1.20763
2886	-721.0972	-891.3235	170.2263	0.615892	0.7994	0.6140386	0.2571718	1.47775	0.9167287	1.252598
2892	-727.2634	-897.0016	169.7383	0.6598133	0.8312238	0.5015595	0.1995776	1.47775	1.897671	0.8794783
2898	-721.7439	-891.3492	169.6053	0.5959395	1.065298	0.4375941	0.1071835	1.776093	1.858014	0.6656578
2904	-727.8594	-895.3718	167.5124	0.6889137	1.178718	1.943094	0.3205786	1.776093	1.858014	0.9145672
2910	-716.5362	-885.9545	169.4183	0.8663793	1.327112	0.8905117	1.314301	0.5215776	0.4598244	1.354575
2916	-721.6183	-890.7249	169.1066	0.4080867	1.152906	1.041958	1.57931	0.5084366	0.8862207	1.368496
2922	-718.3466	-886.3923	168.0457	0.5745286	1.414541	0.9931208	1.826634	0.8628631	0.8862207	1.485831
2928	-723.4915	-893.2218	169.7303	0.4752714	1.074596	0.729854	0.9487747	1.27092	0.5122859	1.353679
2934	-717.4512	-887.786	170.3348	0.6159308	1.092466	0.3886887	0.7787189	0.6564593	0.6431677	1.561243
2940	-711.9184	-881.4101	169.4916	1.151813	0.9306097	0.6534426	0.5223362	0.8837614	0.894006	1.561243
2946	-716.0742	-884.7001	168.6258	1.154196	1.146759	0.6755491	0.7199456	1.274901	1.045332	1.475573
2952	-722.4122	-892.462	170.0497	1.041871	1.299807	0.2858663	0.7231341	0.6128456	0.676048	1.439569
2958	-728.8905	-897.73	168.8394	0.9278023	1.120332	0.3497039	1.256285	1.457644	0.80632	1.386746
2964	-715.7625	-883.7832	168.0208	0.960254	1.282079	0.3305831	1.115137	2.56903	0.7521303	1.162236
2970	-709.7843	-880.0625	170.2783	0.6874004	1.091248	0.3228525	0.9573653	1.536889	0.03588116	1.257768
2976	-712.9748	-881.5341	168.5593	1.229747	0.8429784	1.15073	0.7670705	2.064148	0.01318163	1.487984
2982	-710.1674	-878.4843	168.3169	0.6921967	0.9647161	1.643954	0.7423829	2.311342	0.07849101	1.386738
2988	-714.8645	-883.1924	168.328	0.5156068	1.315072	1.216029	0.8176418	2.225116	0.4338841	1.278575
2994	-706.3434	-872.2731	165.9297	0.5156068	1.094151	1.81274	3.214557	1.497086	0.7874768	1.278575
3000	-698.5205	-867.6985	169.178	0.8149111	0.8769421	1.31701	0.6259706	1.780656	0.5023181	1.102067
3006	-699.6396	-869.4236	169.784	0.6880844	0.9866354	0.9533338	0.2739187	1.312477	1.057689	1.132009
3012	-707.4416	-878.6986	171.2571	0.8793068	0.7986771	0.9016499	0.2089538	0.1423843	0.717691	1.267554
3018	-711.3157	-881.643	170.3273	0.6058895	1.016534	0.5851155	0.2698208	1.255715	0.6456284	1.412375
3024	-715.0961	-885.3822	170.2861	0.7371671	0.887697	0.9796614	0.2838787	0.2169056	1.328878	1.412375
3030	-713.5359	-882.6191	169.0833	0.8923314	0.8478849	1.695442	1.219867	0.259365	0.7262241	1.412375
3036	-733.0353	-903.7227	170.6874	1.035829	1.202061	0.6245994	0.7669443	0.04066618	0.3876325	1.396459
3042	-721.5947	-890.9365	169.3418	0.7942074	1.145051	1.522173	0.06575856	0.3125471	2.171581	0.8333824
3048	-724.2299	-890.3796	166.1497	0.9067493	1.419941	2.823647	2.03261	0.1600879	1.57265	1.130701
3054	-722.0344	-891.4523	169.4179	0.8682042	1.417353	1.181366	0.9836377	0.0962406	1.100348	1.130701
3060	-725.0601	-892.7987	167.7385	0.7550564	1.01482	0.268003	1.850082	0.3324049	3.289406	0.9510968
3066	-725.6404	-895.7456	170.1052	0.9719868	1.560381	0.128916	0.667476	0.6641097	0.9673318	1.130815
3072	-720.5208	-889.1542	168.6334	1.016129	1.328408	0.09397208	0.9814753	1.159709	1.816202	1.162858
3078	-716.7405	-888.0405	171.2999	0.8330446	0.8603959	0.4784905	0.3987895	0.9106686	0.368973	1.051554
3084	-709.3981	-881.5213	172.1232	0.5739438	1.026554	0.6866782	0.1797188	0.7828374	0.08288791	0.6330318
3090	-714.777	-886.3259	171.5488	0.9311045	1.333699	1.041463	0.2055349	0.168543	0.1570897	0.7927832
3096	-708.6652	-876.7072	168.042	0.5747047	0.9242742	0.0765938	1.947968	0.5245034	3.201444	0.8799468
3102	-715.2486	-883.6108	168.3621	0.554015	1.352945	0.9269439	2.512335	0.180199	1.358251	0.924473
3108	-714.8567	-885.1424	170.2857	0.8639771	1.038344	1.096357	0.9547919	0.1085765	0.7905579	1.063379
3114	-715.2906	-887.1486	171.858	1.014952	0.9832932	0.2815892	0.5066372	0.01837895	0.3012106	1.21908
3120	-711.9553	-882.1197	170.1644	0.6470808	1.082616	0.6721102	1.233037	0.574787	0.5837372	1.213862
3126	-711.6125	-881.3211	169.7086	1.056335	0.964066	0.806457	0.4693096	1.018685	0.673265	1.433929
3132	-708.3406	-877.301	168.9604	0.6383238	1.243801	1.015969	1.038737	0.6313675	1.154522	1.433929
3138	-711.1859	-880.6418	169.4559	0.6383238	1.14731	0.8021914	0.2540348	1.105026	1.154522	1.52893
3144	-717.5246	-884.4045	166.8799	0.9249225	0.9786694	1.187768	1.682851	0.5631871	2.715435	1.245368
3150	-716.5992	-884.7622	168.163	0.790533	0.9287108	1.360729	1.682851	0.5083532	1.204323	1.476646
3156	-711.8667	-879.3879	167.5212	0.7612216	1.29824	0.9984098	1.682851	0.7020871	1.645833	1.497456
3162	-719.1093	-886.4061	167.2968	1.026825	1.197377	1.853266	2.300916	1.089794	0.1975613	1.220337
3168	-720.7228	-888.5356	167.8128	0.6767183	1.353672	1.538094	2.300916	1.599807	0.05242243	0.8477778
3174	-713.5279	-881.1523	167.6244	0.7749325	1.314689	0.8101626	0.7175223	1.257251	2.522207	1.167694
3180	-711.0929	-880.0024	168.9094	0.7749325	1.079103	2.246358	0.8079411	0.5454219	0.6111783	1.208081
3186	-714.9981	-882.9217	167.9235	0.6431358	0.8400215	2.109052	0.8079411	1.627594	1.01282	1.208081
3192	-706.683	-870.6448	163.9618	0.7051696	0.8689284	2.510981	3.614728	0.7686225	2.54019	1.208081
3198	-714.9578	-882.3299	167.3721	0.5781728	0.8977677	2.484043	2.076451	1.110441	0.1221621	1.458025
3204	-715.4209	-885.9774	170.5565	0.6979801	0.8977677	1.663701	0.6424639	0.449575	0.08118218	1.19155
3210	-714.2958	-883.7808	169.485	0.7175845	1.120369	0.8570125	1.008244	1.314817	0.3548401	1.302461
3216	-714.4841	-882.6649	168.1809	0.8403096	1.194309	1.104582	0.6303317	1.300264	1.936149	1.016304
3222	-711.6822	-879.0068	167.3246	0.7121816	1.119244	1.029158	2.048141	1.300264	1.453185	1.194543
3228	-722.6412	-889.597	166.9558	0.7713091	1.230258	1.045791	2.113259	2.178854	0.1700109	1.604428
3234	-716.1497	-882.076	165.9263	0.7102579	1.076249	1.132148	2.113259	2.545504	0.6907418	1.793988
3240	-712.8133	-879.6373	166.824	0.5037659	0.9745043	2.44061	1.827512	1.196794	0.4751509	1.732987
3246	-711.1778	-879.2808	168.103	0.8328748	0.867457	1.738513	1.635502	0.7061178	0.5047077	1.661258
3252	-711.6208	-882.2304	170.6096	0.5639391	0.8418644	0.6860735	0.7260051	0.4829508	0.5047077	1.622965
3258	-721.9778	-887.4514	165.4736	0.8606327	0.9048428	1.013269	0.7260051	2.968557	3.093337	1.152762
3264	-716.8926	-883.4551	166.5625	1.201961	1.206381	1.264342	0.08234804	2.347181	2.691304	0.8335829
3270	-716.2368	-881.6252	165.3884	1.029171	1.124379	0.3105576	1.174722	2.196982	4.130697	0.8335829
3276	-721.6854	-889.9017	168.2164	0.3782349	1.374375	0.2103459	0.7559683	2.339385	2.065481	0.6725357
3282	-722.4761	-890.5043	168.0282	1.135614	0.8848075	0.3310498	1.063873	2.732748	0.8545422	1.161793
3288	-708.9265	-880.7195	171.793	0.5417478	1.080375	0.1941158	0.5788757	0.740832	0.3309754	0.9062989
3294	-713.6448	-883.9885	170.3437	0.90351	1.340643	0.6881521	0.07775936	0.740832	1.096295	1.012968
3300	-713.923	-884.8746	170.9515	0.5752985	0.9306414	0.5394656	0.3126559	0.740832	0.9128402	1.198706
3306	-721.2555	-891.5683	170.3128	0.542957	1.510216	0.2755132	1.008335	0.7486524	0.5566503	1.198706
3312	-722.3746	-892.1959	169.8213	0.8268157	1.160761	0.04555558	0.7861426	1.029414	1.152533	1.334571
3318	-729.7074	-899.8759	170.1684	0.8097696	1.397468	0.04909369	0.8331824	0.4956558	0.8526236	1.501386
3324	-731.8959	-899.7892	167.8933	0.7106727	1.529221	1.040341	1.894144	2.055221	0.3001727	0.7303997
3330	-725.7332	-894.7812	169.0481	0.3833678	1.244033	1.880782	0.8567057	1.502967	0.3988357	0.7254285
3336	-732.0918	-902.7419	170.6501	0.5633829	1.036978	0.9495582	0.3497772	1.502967	0.3889454	0.6588682
3342	-728.6569	-898.4088	169.7519	0.5978213	1.566507	0.3832837	0.4477574	1.502967	1.226762	0.588217
3348	-722.6249	-890.833	168.2081	0.8708946	1.310001	0.7161512	0.4208476	2.116963	1.82005	0.6704266
3354	-724.3498	-891.308	166.9581	0.5607772	1.513416	1.850465	0.3629884	2.116963	2.033637	0.737757
3360	-709.6711	-878.2396	168.5685	0.790608	1.007697	1.74683	0.2603979	1.877907	1.164733	0.7465734
3366	-717.8249	-887.3615	169.5367	1.00744	1.271754	1.74683	0.4188851	0.4514907	0.5886349	1.169484
3372	-720.3872	-888.8689	168.4817	1.188431	0.9825585	0.8311485	1.9774	0.8606725	0.3812216	1.429636
3378	-718.9647	-887.9763	169.0116	1.094414	0.8245318	0.4945163	1.648216	0.7163947	0.6559527	1.620743
3384	-722.8005	-891.2523	168.4518	0.8136385	0.9353787	1.654216	0.968662	0.7163947	0.3801398	1.983715
3390	-716.7008	-888.4552	171.7544	1.005451	0.8849974	0.2831772	0.5553532	0.1130811	0.172666	1.377714
3396	-716.0576	-885.7323	169.6747	0.7504147	0.9718006	0.4491211	0.9981835	1.088989	0.6958296	1.482592
3402	-709.4559	-877.6577	168.2019	0.5728414	1.211767	2.626292	1.287368	0.8640793	0.1606762	1.230843
3408	-713.6364	-883.8221	170.1857	0.6754651	1.211767	0.9122778	1.119937	1.06127	0.07801045	0.9491963
3414	-708.194	-878.379	170.185	0.4936585	1.683618	0.9122778	1.107042	0.6776215	0.1447404	0.9491963
3420	-708.7423	-879.7417	170.9993	0.4936585	1.658466	0.1136987	1.107042	0.79373	0.2612804	0.6423261
3426	-712.7807	-882.5786	169.7979	0.7898014	1.249674	0.07959855	2.332979	0.79373	0.4516171	0.586976
3432	-725.6431	-893.0815	167.4384	0.6478517	1.419912	0.297161	3.544215	0.79373	1.355636	0.4707783
3438	-715.603	-882.1288	166.5259	0.5700188	1.425724	2.830948	3.30501	0.79373	0.03190691	0.5313712
3444	-719.7301	-888.275	168.5449	0.3341401	1.658845	2.790103	1.07678	0.79373	0.120618	0.6105655
3450	-712.1879	-882.8465	170.6586	0.6125632	0.9400658	2.030283	0.2991347	0.02982564	0.7945026	0.7980405
3456	-716.3743	-885.9474	169.5732	0.6919199	1.018587	2.030283	1.145503	0.01083864	0.7593664	0.9662421
3462	-709.7154	-879.928	170.2126	0.6153601	1.225038	1.262521	1.223284	0.002053709	0.7593664	0.8789225
3468	-717.9445	-885.5778	167.6332	0.6294823	1.225038	2.149901	2.287827	0.0121349	1.45118	0.7687828
3474	-726.2843	-894.9412	168.6569	0.6377348	1.557742	0.7895811	2.349172	0.4300306	0.9332252	0.8169796
3480	-733.277	-900.6531	167.3761	0.5100339	1.504122	2.738552	1.016919	0.908882	1.270041	0.8169796
3486	-718.1198	-887.2987	169.1789	0.4838497	1.000411	1.839985	0.186493	1.644392	1.04281	0.7281393
3492	-726.0772	-894.4336	168.3563	0.8231406	0.9883833	2.489488	0.37191	2.004997	0.4262082	0.6738799
3498	-727.2837	-895.0086	167.7248	1.088661	0.7478247	3.4142	0.2976321	1.802017	0.4102138	0.6220553
3504	-715.8514	-886.5328	170.6814	0.5935635	0.8796744	0.9057157	0.9450451	1.358759	0.1063941	0.6054227
3510	-712.7584	-883.3209	170.5625	0.9531168	1.332707	0.6586034	0.3691223	0.8705777	0.3375603	1.113829
3516	-711.9783	-881.457	169.4787	0.9662247	1.332707	0.7543298	1.035706	1.545652	0.2465165	0.8273817
3522	-714.2045	-882.2016	167.9971	0.8366959	1.332707	1.357224	2.437879	0.946191	0.341884	0.9523402
3528	-721.8103	-891.7437	169.9334	0.9764146	1.306938	1.110031	0.8182618	0.5557348	0.1995662	1.272284
3534	-713.2595	-884.1264	170.8669	0.5655634	1.091427	0.07328229	2.640775	0.07459563	0.04871465	0.7902668
3540	-710.716	-882.3316	171.6157	0.9543617	1.473737	0.3621908	0.3277115	0.6347764	0.01918604	0.7909881
3546	-708.6462	-880.25	171.6038	0.6148571	1.788876	0.6405928	0.03116604	0.4425892	0.1879855	0.8674943
3552	-713.4812	-884.91	171.4288	0.811931	1.109072	0.2903442	0.1703441	0.3561969	0.3176454	1.59149
3558	-717.7777	-887.021	169.2433	0.8830994	0.9371625	0.9198233	0.6953394	0.5998431	0.8934536	1.813528
3564	-717.4458	-888.2186	170.7729	0.6911388	0.7953866	0.0758843	0.3928791	0.473497	0.7703206	1.944816
3570	-710.0936	-880.8205	170.7269	0.6023357	1.092385	0.2342127	0.6131975	0.473497	0.5369576	1.725436
3576	-710.9899	-880.7101	169.7202	0.7642011	0.8627119	0.05755806	0.8161335	0.7987256	0.9720531	1.9347
3582	-712.1812	-881.5585	169.3773	0.6167079	0.8741806	0.02430305	0.607865	1.409299	1.500249	1.634332
3588	-727.2091	-896.8147	169.6055	0.7619995	1.346459	0.1536755	0.248984	1.138364	1.354347	1.497796
3594	-716.4577	-886.8682	170.4104	1.261086	1.095209	0.008679352	0.8033699	0.2992689	0.8260489	1.429911
3600	-718.1775	-888.4416	170.2641	0.7378782	0.7208538	0.00715152	1.060388	0.913063	0.9000731	1.501268
3606	-708.9611	-879.9902	171.029	0.8168576	1.119032	0.00599512	0.8286966	0.4729663	0.2085718	1.593914
3612	-716.4888	-887.1855	170.6968	1.113303	0.8187086	0.01201945	0.2901263	0.6682381	0.2999623	1.998892
3618	-710.2546	-882.0027	171.7481	1.52067	1.112573	0.005906466	0.1918645	0.2504018	0.1277957	1.236265
3624	-719.9449	-891.5542	171.6092	1.034107	1.075555	0.009595214	0.2415218	0.2620201	0.2183465	1.617208
3630	-716.6588	-888.6972	172.0384	0.6056096	0.8206878	0.09475635	0.2415218	0.4124826	0.2183465	1.617208
3636	-709.2479	-880.9041	171.6561	0.6057491	1.02146	0.08930828	0.847756	0.3612098	0.4003567	1.187827
3642	-704.879	-874.5253	169.6463	0.8114685	1.02146	0.2630514	0.4388393	1.507821	1.555484	0.9572848
3648	-712.6215	-881.8594	169.2379	0.7538541	0.8887175	0.8743806	0.575879	2.224378	0.622115	1.02311
3654	-704.5552	-873.3358	168.7806	0.6177251	1.077418	2.067261	0.5293007	1.795075	0.5876221	0.6536814
3660	-704.1482	-874.2095	170.0613	1.056862	1.093922	1.473985	0.249053	1.071659	0.4856084	0.6027108
3666	-707.8895	-876.375	168.4855	0.5615326	1.199224	2.655196	0.4974769	1.715916	0.3667626	0.5271273
3672	-715.9522	-885.6096	169.6574	0.5732154	1.569946	1.628375	0.9773989	0.7977736	0.2565217	0.6208073
3678	-705.714	-875.3027	169.5886	0.7422711	1.201666	1.247838	1.102393	0.3418827	1.053208	0.9185881
3684	-713.0262	-881.7466	168.7204	0.8114485	1.209908	1.247838	1.712532	0.3646593	1.231747	0.8986569
3690	-714.5927	-885.0426	170.4499	0.593279	1.293654	0.8384315	0.9301295	0.472583	0.7010558	0.8986569
3696	-710.4785	-881.2239	170.7454	1.09104	1.63449	0.7028199	0.8762216	0.07236373	0.2927057	0.7522039
3702	-720.1808	-886.113	165.9322	0.7137382	1.402026	3.147699	3.81996	0.3038475	0.1775942	0.5660952
3708	-727.3352	-897.7612	170.426	0.8818621	1.295986	1.584163	0.9535142	0.331037	0.02629399	0.5806642
3714	-719.753	-889.3604	169.6074	1.053212	1.14598	1.650964	0.9881445	0.7061985	0.2894515	0.7104041
3720	-722.5823	-894.1515	171.5692	0.809003	0.7428749	0.3852511	0.2300857	0.9150477	0.4140179	1.129442
3726	-722.5679	-892.0402	169.4722	1.174166	0.9901538	0.4639402	1.365436	0.5808667	1.113543	1.043545
3732	-708.9759	-878.6167	169.6409	0.8904347	0.8241039	1.077418	0.8301874	0.153389	1.808673	0.9785358
3738	-714.863	-883.6202	168.7572	0.8904347	1.136472	1.610815	0.8301874	0.2803277	1.808673	0.8822052
3744	-718.8842	-888.0391	169.1549	0.8215234	1.325877	1.710867	0.2438542	0.4438892	1.808673	0.5089342
3750	-730.3539	-901.6161	171.2621	0.5386579	1.756789	0.7127865	0.139948	0.3004995	0.7649316	0.4762011
3756	-722.674	-892.9526	170.2786	0.8983664	1.144919	0.9972309	0.06411806	0.7826145	1.301408	0.6623306
3762	-715.7549	-885.9706	170.2157	1.039198	1.160962	0.6307921	0.01078395	1.262334	1.112236	0.7258888
3768	-721.4055	-891.8679	170.4624	0.9416135	0.9480469	0.6987951	0.03089703	1.714252	0.6408788	0.7178215
3774	-726.3993	-896.5576	170.1583	0.9428326	0.7203843	0.6987951	0.1118728	2.00597	0.7392147	0.8047242
3780	-714.3491	-882.953	168.6039	0.8387126	0.8273585	0.6139877	0.4288319	2.00597	1.832624	1.050588
3786	-707.694	-878.2746	170.5806	0.6632245	0.8802305	0.2054298	0.1415644	1.195495	1.832624	0.5266317
3792	-710.9793	-882.1622	171.1829	0.7100487	1.262803	0.1642511	0.01442301	1.32134	0.8488963	0.492195
3798	-725.1167	-893.4426	168.3259	1.450468	1.363984	0.1868486	0.01311921	0.5987108	3.554648	0.3931309
3804	-712.8863	-882.6804	169.7941	0.9077934	1.549297	0.3416452	0.0926854	1.505147	1.297824	0.6132608
3810	-727.6202	-896.8082	169.1879	1.19177	1.911967	0.308299	0.07041629	1.505147	1.335388	0.522484
3816	-721.0785	-889.6953	168.6168	0.6915707	1.341319	0.662012	1.003117	1.631391	1.335388	0.9105975
3822	-716.4776	-885.4721	168.9945	0.4946564	1.112602	0.9917021	0.4889758	1.570996	1.414961	1.08326
3828	-729.5573	-896.4814	166.9241	0.3880268	1.432556	1.296531	1.670311	1.238439	2.054231	1.08326
3834	-732.9886	-903.9047	170.9162	0.3880268	1.298529	0.6507816	0.9025597	0.0847704	0.7633087	1.08326
3840	-724.6282	-893.8359	169.2077	0.4446774	1.471912	1.302204	1.768924	0.1672273	0.5415827	1.207586
3846	-712.27	-880.9204	168.6503	0.7070565	1.619218	1.183262	1.565956	0.7987276	0.5415827	1.124431
3852	-713.2201	-881.3271	168.107	0.4879628	1.215431	2.380948	0.3422906	0.7721259	2.105276	0.6712892
3858	-725.1838	-891.6401	166.4563	0.4879628	1.348192	2.333347	1.384952	0.5163671	2.927466	0.5485282
3864	-715.9621	-883.4846	167.5224	0.6368434	0.9237491	2.638445	1.094304	0.2514207	2.429978	0.4957127
3870	-712.738	-882.2847	169.5467	0.5465029	1.005095	1.132848	1.094304	0.3416704	1.738974	0.716196
3876	-716.3646	-885.0826	168.718	0.7087841	0.8503142	1.375351	3.551166	0.1516123	0.1399766	0.5720859
3882	-719.0643	-886.1457	167.0814	0.6695699	0.8112264	1.156556	3.551166	0.0794912	2.115674	0.6466012
3888	-725.33	-886.8588	161.5288	0.6695699	0.9239771	3.496746	6.58485	0.1573353	2.115674	0.6184169
3894	-736.2718	-905.2085	168.9366	1.062138	0.7665843	1.458966	1.036452	0.2302051	2.008804	0.4287777
3900	-727.4553	-895.8263	168.371	0.9295889	0.8463134	1.991388	1.154319	0.2039789	2.008804	0.4493322
3906	-729.951	-899.6362	169.6852	0.7240306	1.038552	1.079417	2.556184	0.1491289	0.2604926	0.5842479
3912	-732.8316	-900.4603	167.6287	0.3968432	1.304658	3.502521	1.180282	0.1077279	0.994248	0.9829737
3918	-710.4482	-880.4922	170.044	1.053245	1.052572	1.393883	0.9861331	0.2239347	0.3503157	1.095761
3924	-710.3247	-880.8356	170.5109	0.8596914	1.106566	0.7783968	0.8351955	0.3153435	0.3018117	1.42489
3930	-720.3983	-889.6272	169.2289	0.8847719	0.8161797	0.1127287	1.183605	1.055699	1.056224	1.697397
3936	-716.6565	-884.0478	167.3913	0.9357067	1.154064	1.025698	1.245817	2.379391	0.2063644	1.697397
3942	-713.896	-881.5542	167.6582	1.225583	1.10607	0.6304562	1.824576	1.942991	0.5480955	1.243913
3948	-730.2947	-898.2328	167.9381	0.7716249	0.9841791	1.233745	1.684974	1.737185	0.6407456	1.19414
3954	-722.4718	-890.9375	168.4656	0.7716249	0.9841791	1.317457	0.5664016	0.5268208	1.826127	1.609552
3960	-711.052	-882.2256	171.1736	0.7523157	0.8727721	0.7994361	0.32449	0.6813828	0.2653131	1.294776
3966	-724.9894	-896.4953	171.5059	0.5394945	0.7660379	0.3845213	0.7210168	0.7485657	0.1735468	1.294776
3972	-718.4483	-887.101	168.6527	1.042923	1.281477	0.1413058	1.368295	0.5559786	1.708493	1.391746
3978	-729.6455	-898.8818	169.2362	0.4659576	1.281477	0.03646927	0.9395987	1.466661	1.553848	1.151457
3984	-726.6707	-896.333	169.6623	1.083121	1.609563	0.5679884	0.6102342	0.3178546	1.182586	1.159087
3990	-716.5724	-886.0326	169.4602	1.083121	1.140617	1.187634	0.1403417	0.6548886	1.461186	1.07358
3996	-717.7534	-884.2501	166.4968	0.9509836	0.9959905	3.555506	0.6656501	0.6264047	2.057372	0.841312
4002	-726.3401	-894.5259	168.1858	0.8993336	0.8940403	3.555506	0.09317411	1.325508	0.5141564	0.6618258
4008	-719.6888	-887.9652	168.2765	1.229883	1.614926	1.171866	0.3675653	0.8444277	1.652991	1.046491
4014	-713.3641	-883.2484	169.8842	0.7392852	1.152184	1.171866	0.6489494	0.9520002	0.5618862	1.085941
4020	-725.1167	-894.3947	169.278	0.6719914	1.086714	1.171866	2.279226	0.3955822	0.4562021	0.840765
4026	-718.8032	-888.6286	169.8254	0.6067625	1.195314	1.426559	0.3474359	1.280768	0.5599648	0.9417191
4032	-712.069	-881.8564	169.7875	0.7017728	1.440642	0.89942	0.004598202	2.072436	0.5470432	0.676686
4038	-731.0408	-900.7929	169.7521	0.4148395	1.132323	1.598555	0.001317882	2.072436	0.3904742	0.687477
4044	-722.158	-891.3709	169.2129	0.7926766	0.920429	0.8539323	0.003077081	2.103016	1.581524	0.6580543
4050	-717.8463	-886.3354	168.4891	0.5936254	1.076134	0.8095569	0.001668296	2.090458	2.369843	0.6931757
4056	-709.2996	-878.3394	169.0399	0.7058317	1.076134	0.7519874	0.001965873	2.090458	1.778563	0.6931757
4062	-714.1956	-883.4806	169.2851	0.7238169	0.9034022	0.7813027	0.006732128	2.090458	1.385198	1.022685
4068	-711.3697	-879.7735	168.4038	0.6825315	0.9034022	2.951951	0.008709145	0.3256389	1.896662	1.022685
4074	-719.6021	-889.276	169.6739	0.7203136	1.17726	1.78111	0.007501531	0.5126166	1.245647	1.077435
4080	-726.2352	-895.1128	168.8777	0.9332787	1.17924	1.704037	0.2315484	0.5852688	1.480332	1.195708
4086	-709.0796	-879.5588	170.4792	0.453144	1.277212	0.7048148	0.2088282	1.050766	0.9135445	1.046979
4092	-708.2848	-879.6608	171.376	0.621796	1.184946	0.3740898	0.1035686	0.592108	0.9135445	1.021858
4098	-700.0861	-871.5309	171.4448	0.9913412	0.8807233	0.1756637	0.03402675	0.817156	0.7562421	1.09951
4104	-711.6416	-883.5162	171.8745	0.6418781	0.8853796	0.1588717	0.1345519	0.6174931	0.7562421	1.115868
4110	-710.8139	-882.2873	171.4734	0.8294747	1.222271	0.5089886	0.03859895	0.2750688	1.107255	0.6843421
4116	-711.6507	-883.6975	172.0468	0.6991984	1.470665	0.5227096	0.03375976	0.2707112	0.1459085	1.007347
4122	-723.3572	-895.4202	172.063	0.5058677	1.210095	0.1429406	0.1041179	0.5937659	0.6700487	0.8582952
4128	-712.0406	-882.7517	170.7111	1.455638	1.275388	0.6073784	0.39225	0.3552863	0.2938199	1.116655
4134	-714.3492	-884.7666	170.4175	0.7712936	1.752075	0.4527069	0.776607	0.7156106	0.04516775	1.244633
4140	-725.8282	-897.2295	171.4012	0.7425236	1.467597	0.4527069	0.3806377	0.4592149	0.05736049	1.217974
4146	-737.0618	-904.8273	167.7655	1.168332	0.8660112	0.8411715	1.147996	2.477726	0.3108241	1.524406
4152	-718.9086	-879.9474	161.0388	0.7922751	0.9116948	3.351496	1.147996	5.102658	1.960395	1.719373
4158	-722.2033	-889.6581	167.4548	0.9723795	0.6305297	1.137546	1.179272	1.680596	0.5593244	2.185833
4164	-714.6209	-881.0686	166.4478	0.6423078	1.26229	0.7120803	2.162281	1.680596	0.9166841	2.040036
4170	-720.1601	-886.4042	166.2442	0.8153537	1.092978	1.292589	4.429852	0.3945288	0.6053582	1.292098
4176	-721.2424	-886.7551	165.5127	1.041781	1.321738	0.2481288	3.119205	3.415488	0.0457049	1.427758
4182	-714.832	-878.8497	164.0177	0.9559799	0.9540958	3.471077	2.296407	2.878185	0.2837849	1.307489
4188	-723.2503	-891.8165	168.5662	1.123184	1.282109	1.273184	0.2350739	0.7546742	1.701193	1.243241
4194	-720.7164	-886.8956	166.1792	1.026806	1.284749	0.6334136	2.25447	2.231252	1.512076	1.079204
4200	-718.1602	-888.7898	170.6296	0.5019081	1.19164	0.06910681	0.6190013	0.613724	1.512076	1.020504
4206	-725.7593	-890.5008	164.7415	0.5682685	0.8078066	0.2186326	0.2415745	4.12986	4.307137	1.152478
4212	-727.2578	-896.091	168.8333	0.6698437	0.8552776	1.466703	0.6854093	0.6597646	1.375131	1.540561
4218	-709.705	-879.0305	169.3255	1.19438	0.8645402	1.013463	0.5645096	0.3122528	1.375131	1.470433
4224	-711.6577	-879.8157	168.158	0.7605461	0.8675074	1.453071	1.769129	0.7994163	0.8379656	1.470433
4230	-708.6714	-878.8771	170.2056	0.4773154	1.132646	1.828977	1.293345	0.09548705	0.03427314	1.077025
4236	-718.1897	-886.9353	168.7457	0.5281272	0.7008261	1.660844	1.779869	0.10108	1.012962	1.532043
4242	-722.9916	-891.4586	168.467	1.084553	1.103814	0.4359369	1.97676	0.03600682	1.167668	1.744458
4248	-723.8144	-894.6524	170.838	0.4465419	0.7134754	0.02871884	1.242567	0.272326	1.167668	1.367959
4254	-733.4814	-902.9737	169.4923	1.025827	1.236556	0.02469132	0.9282068	0.9190879	1.051367	1.448178
4260	-742.1859	-908.5535	166.3675	0.9573416	1.236556	0.05040048	1.646495	3.576321	1.150207	1.201339
4266	-727.5419	-895.2392	167.6972	0.7258948	1.815635	0.4218333	1.894659	1.169651	1.355173	1.113035
4272	-724.4708	-890.9514	166.4806	0.5674735	1.605122	0.7373532	1.104798	1.805399	2.793839	1.079975
4278	-731.7237	-895.0358	163.3121	0.7147385	0.9448127	1.384445	1.856279	1.540287	5.535157	0.9057609
4284	-724.8044	-893.6892	168.8848	0.746505	1.201559	0.3495765	1.39108	0.4010682	2.315169	0.9057609
4290	-738.4567	-901.2898	162.8331	0.7282369	1.151533	1.19576	2.909503	5.310419	0.5600451	1.436372
4296	-733.1719	-902.323	169.1511	0.8652684	1.032688	0.7934189	0.7809033	1.004121	1.223496	1.312119
4302	-728.8218	-899.5227	170.7009	0.730744	1.482658	0.7294114	0.09695836	0.4104857	1.079895	0.9677618
4308	-713.3849	-882.8432	169.4583	0.6248671	1.523293	0.7653078	0.6717714	1.06372	0.8440475	1.216789
4314	-712.8963	-882.5878	169.6915	1.025723	1.278523	0.1828085	0.188794	1.154705	1.138707	1.461319
4320	-712.2672	-884.2599	171.9927	0.6961773	0.7362969	0.228723	0.07039801	0.1786647	1.138707	1.145498
4326	-703.8515	-876.0882	172.2367	0.6961773	0.6954221	0.1516631	0.813315	0.0731576	0.5394093	0.9909394
4332	-715.0738	-886.8273	171.7535	0.6352211	0.9770439	0.581467	0.6363247	0.09974128	0.4240424	1.07981
4338	-706.4348	-877.2934	170.8586	1.169134	1.23218	0.8350327	0.1518477	0.4510478	0.4240424	1.07981
4344	-721.2802	-890.56	169.2798	1.280294	0.9738847	1.034904	0.2191113	0.5594665	1.017786	1.68025
4350	-722.7045	-892.529	169.8245	1.280294	1.457136	1.034904	0.4819682	0.13492	0.7958123	1.182392
4356	-718.6597	-890.6891	172.0294	0.620883	1.304801	0.4579293	0.4819682	0.03660933	0.1852616	1.068883
4362	-716.8772	-889.1861	172.3089	0.5386822	1.130108	0.4202685	0.1347326	0.5568966	0.03936617	1.040361
4368	-724.8075	-896.8886	172.0811	0.990031	1.130108	0.1707576	0.4923279	0.3187636	0.02302008	0.9980155
4374	-709.0615	-880.6981	171.6366	1.142552	1.3496	0.1836188	0.2608054	0.3381522	0.04699624	1.224258
4380	-705.7099	-877.7905	172.0806	0.6644597	0.9554005	0.1345896	0.9482153	0.3466814	0.0314051	1.03194
4386	-706.7513	-878.5464	171.7951	0.6947381	1.153133	0.2171983	0.7735214	0.4523324	0.03563717	1.072594
4392	-699.4606	-871.9358	172.4752	0.8622971	1.175964	0.06405704	0.3991402	0.4523324	0.02696614	0.6836666
4398	-712.1719	-883.3882	171.2163	0.9839182	1.107427	0.164768	0.6145116	1.066361	0.06086715	0.9899115
4404	-707.7731	-877.0696	169.2965	1.124392	1.146841	0.2404599	3.122454	0.02871075	0.2854283	0.9587257
4410	-715.2893	-883.856	168.5667	1.490338	1.050395	0.1621534	3.122454	0.621543	0.1008613	1.097014
4416	-717.2915	-887.4792	170.1877	0.8543163	0.9988232	0.5029607	1.150953	0.568068	0.5516252	1.341336
4422	-718.7863	-888.8936	170.1073	0.823192	0.8354813	0.8257704	0.4926362	0.7802434	0.8247053	1.438687
4428	-735.2338	-903.9068	168.673	0.6274393	0.6424055	0.5143363	0.8835064	1.335268	1.513476	1.791268
4434	-727.9162	-897.2195	169.3034	0.8365327	0.9441149	0.3620706	1.034947	1.07625	0.646305	1.791268
4440	-736.206	-905.2459	169.0399	0.677517	0.9826987	0.08174117	1.746061	1.724703	0.3577309	1.492683
4446	-737.9116	-902.9302	165.0186	0.9016281	1.109797	0.2025979	3.087907	1.615914	2.380446	1.712465
4452	-735.4982	-901.1917	165.6935	0.6558617	1.229271	0.520287	2.082671	2.879554	1.816317	1.281798
4458	-721.9212	-888.5991	166.678	0.5714987	1.229271	1.862605	2.082671	0.1797936	2.48303	1.088062
4464	-724.5547	-892.2847	167.73	0.6803997	1.063593	0.9984965	2.082671	0.09242813	1.675161	1.702371
4470	-724.624	-890.0412	165.4172	0.6984691	0.8743759	1.548942	2.082671	2.381482	1.675161	1.442567
4476	-728.3047	-893.6813	165.3766	0.6343692	1.326811	1.70755	1.900125	1.363038	2.673628	1.191563
4482	-732.7359	-899.8984	167.1624	0.5287236	1.545205	1.622723	0.1651583	2.743144	1.250574	1.140093
4488	-716.5595	-885.8159	169.2564	0.5600752	1.603618	1.065881	0.422842	1.34983	0.475258	1.38315
4494	-725.7661	-895.2711	169.505	0.9585812	1.486904	1.225561	1.005738	0.1197065	0.7763973	1.119536
4500	-734.4973	-903.3899	168.8926	0.8448577	1.431248	1.069709	1.316407	0.1240164	1.398312	1.119536
4506	-721.8178	-890.4351	168.6172	0.8103521	0.8844209	1.789947	0.8390542	0.7219603	0.920965	1.518068
4512	-721.3652	-891.9098	170.5446	1.08371	1.076777	0.6176856	0.8336614	0.6340874	0.01115702	1.35209
4518	-716.7821	-887.7793	170.9972	0.6664133	1.298767	0.9836557	0.6535587	0.5978766	0.02589762	0.970149
4524	-721.9162	-893.871	171.9548	1.016581	0.9535641	0.08099516	0.8421299	0.04617148	0.6072464	0.4342783
4530	-716.9173	-888.1685	171.2512	0.8233132	1.166288	0.1548773	1.969322	0.05732229	0.06909351	0.4101194
4536	-719.6529	-887.4264	167.7735	0.9203937	1.116517	0.1641726	4.818594	0.5913509	0.1208891	0.4495322
4542	-719.3989	-888.1178	168.7189	0.5871079	1.022051	0.3565418	4.424859	0.2475802	0.106189	0.3952786
4548	-722.7394	-891.4005	168.6612	1.082608	1.022051	0.1211657	4.424859	0.08586504	0.1130415	0.5120053
4554	-721.2382	-889.0586	167.8204	1.059824	0.9010009	1.82155	1.556835	1.728514	0.1651034	1.141697
4560	-717.5495	-886.6866	169.1372	1.487559	1.549796	1.194728	0.1718276	0.5132882	1.225219	0.9337782
4566	-717.5433	-887.4795	169.9362	0.8254665	1.092835	1.958395	0.1495067	0.04937063	1.395352	0.7620576
4572	-717.2986	-882.961	165.6624	0.8254665	0.8387895	2.891681	2.88938	0.4305082	1.395352	1.243781
4578	-701.5712	-870.3118	168.7406	0.9308545	0.9510251	0.4216567	1.700286	0.7845988	1.099448	1.485734
4584	-717.7131	-886.539	168.8259	0.8224716	1.169228	0.9021887	0.6071899	0.9208547	1.37955	1.485734
4590	-711.7199	-883.4832	171.7634	0.8119249	0.8548238	0.3822606	0.3127468	0.4510114	0.09217103	1.454534
4596	-707.2668	-877.4854	170.2187	0.8213629	0.873674	0.775454	1.200655	0.6609068	0.06763925	1.492503
4602	-709.3692	-880.4587	171.0895	0.5290383	0.873674	0.6009048	0.3934048	0.2155816	0.2554268	1.934795
4608	-735.3633	-905.6288	170.2655	1.083317	0.8091234	0.790776	0.5324048	0.940354	0.02005216	1.623665
4614	-723.9027	-892.5146	168.6119	0.9874014	0.9196179	1.54287	0.8971094	1.924275	0.2119805	1.103921
4620	-712.4118	-881.4203	169.0085	1.118794	0.8472355	0.1328186	2.029734	0.628057	1.038528	1.350593
4626	-713.0043	-881.0347	168.0304	0.6416876	0.9117917	0.1328186	2.199655	0.8723448	2.140874	1.237162
4632	-704.1522	-874.6838	170.5316	0.6732112	1.136243	0.5674431	0.6301911	0.9294197	0.5603802	1.155275
4638	-725.011	-889.1516	164.1407	0.8139607	1.136243	1.867623	0.9610763	4.125463	2.250311	0.9022776
4644	-728.0555	-893.6399	165.5844	0.8139607	0.880299	2.928044	1.026993	3.562087	0.6171763	0.7531021
4650	-709.9482	-876.3778	166.4296	0.9217635	1.227882	2.127697	1.026993	3.562087	0.1181883	0.7531021
4656	-717.3038	-885.4688	168.165	0.8974892	0.959156	1.565644	0.5180142	3.223102	0.1653448	0.5980466
4662	-725.8616	-895.3796	169.5181	0.5023066	1.185445	2.10543	0.418999	1.480492	0.1653448	0.7411286
4668	-721.6853	-888.4318	166.7465	0.53315	1.281776	4.015838	1.886618	0.1845773	0.6077543	0.9076835
4674	-720.9174	-890.7013	169.7838	0.6769727	1.475149	0.5696519	1.886618	0.4686842	0.5902129	0.6768137
4680	-728.0005	-896.9498	168.9493	0.6769727	1.148654	1.455339	1.960881	1.027972	0.2081454	0.7189002
4686	-725.8557	-896.2919	170.4362	0.7398454	1.317287	1.668085	0.7007664	0.486731	0.1087697	0.6732917
4692	-715.2657	-884.2721	169.0064	0.7995741	0.9708601	1.800926	0.5779674	0.3880387	1.902591	0.6987326
4698	-709.717	-879.3219	169.6049	0.637716	1.008108	1.612613	1.389603	0.5302362	0.6172124	0.7536689
4704	-718.1853	-887.7913	169.6061	0.5300012	1.131713	2.876485	0.491094	0.5072453	0.1007312	0.9207928
4710	-720.4902	-888.7422	168.252	0.5741594	1.384339	2.199371	1.403995	0.2085709	1.450479	0.585467
4716	-716.341	-886.217	169.8759	0.8328715	0.6956906	1.506696	1.076244	0.01640685	1.450479	0.6858748
4722	-736.0061	-904.342	168.3359	1.260224	0.9705704	1.506696	1.43575	0.01571459	1.932598	0.6858748
4728	-714.9077	-884.7541	169.8464	0.8955189	1.015389	1.323062	0.765211	0.2099702	1.332208	0.7905937
4734	-718.1024	-889.9335	171.8311	0.7717864	1.015389	0.6807261	0.4689873	0.1407134	0.3993806	0.8862488
4740	-716.3031	-888.7712	172.468	0.9446555	1.015389	0.2476568	0.4443165	0.03781226	0.2673358	0.7365297
4746	-719.2222	-891.716	172.4938	1.338819	1.0532	0.2054371	0.05593462	0.01982828	0.2673358	0.7292583
4752	-722.3466	-894.447	172.1005	1.295196	1.045883	0.2528402	0.2656367	0.07257013	0.4471058	0.6427308
4758	-717.5538	-889.743	172.1891	0.7534853	1.051043	0.4423594	0.1626249	0.02715084	0.8472802	0.6427308
4764	-717.9029	-885.8512	167.9482	1.716338	1.056574	2.221922	0.1699501	0.1901743	2.174031	0.7007944
4770	-710.2131	-879.4382	169.2251	1.022441	1.112194	1.997619	0.03631279	0.3220643	1.688363	0.7680762
4776	-717.6873	-888.4157	170.7284	1.117568	0.8382746	1.084718	0.26591	0.2258279	1.135289	0.7798423
4782	-718.0294	-889.1012	171.0717	1.117568	1.168925	1.072846	0.2778441	0.4290988	0.2189622	0.8312793
4788	-717.4061	-885.5642	168.1581	0.6989826	1.333917	1.59609	0.749102	0.1775077	2.664697	0.794021
4794	-710.7647	-882.2947	171.53	0.5736815	1.711357	0.3369015	0.749102	0.03984996	0.4412608	0.7636132
4800	-719.5626	-888.6662	169.1036	1.447694	1.070837	1.991087	0.5310497	0.5546451	0.5216591	0.9927971
4806	-716.0771	-885.4757	169.3987	0.7281214	0.90958	0.8371224	1.26238	1.123892	0.09239863	1.684139
4812	-709.1793	-879.2332	170.0539	0.7281214	0.9246574	1.020571	1.715671	0.3625845	0.06077006	1.29611
4818	-717.2172	-885.2821	168.0649	0.7281214	0.744243	2.368459	1.795214	1.029634	0.1359851	1.295897
4824	-714.6845	-884.8189	170.1344	1.012873	1.110579	0.7112028	1.071092	0.7754004	0.2530627	1.127904
4830	-712.1986	-881.4761	169.2775	0.7280897	1.088327	1.355438	1.037862	0.8527467	0.7355223	1.117335
4836	-717.1249	-887.0579	169.933	0.818967	0.8892972	0.4106844	1.120293	0.947742	0.943608	1.131307
4842	-719.0669	-887.171	168.1041	0.7276796	1.407802	0.8053893	1.740655	0.1439801	2.137252	1.125091
4848	-714.4665	-883.4301	168.9636	0.8633517	1.294436	1.369569	0.5846341	1.691416	0.1414623	1.265162
4854	-722.5806	-890.8948	168.3142	1.163944	1.099881	1.423831	0.3522307	1.156585	1.496273	1.18283
4860	-720.5164	-890.4952	169.9788	0.861024	0.8036889	1.034651	0.676243	1.25794	0.3998429	1.177314
4866	-715.7862	-884.7726	168.9864	1.229277	0.8279158	1.350214	1.240792	0.1610123	0.7463284	1.55147
4872	-714.0013	-885.682	171.6807	0.6439474	1.018444	0.2699109	0.6000258	0.04266948	0.4324703	1.430633
4878	-714.3043	-886.4339	172.1296	0.6094022	0.8889916	0.3145342	0.1128044	0.05071218	0.3671228	1.587575
4884	-716.5689	-889.1455	172.5767	0.5078317	0.7179563	0.1260228	0.07324803	0.1354389	0.234183	1.642367
4890	-719.3142	-890.0074	170.6932	0.7127388	0.8751678	0.8976319	0.1377576	0.4146157	0.4644194	1.793358
4896	-714.0326	-885.6003	171.5676	0.7127388	0.6867448	0.7926846	0.01185277	0.4716023	0.5068919	1.387884
4902	-718.3007	-888.148	169.8473	1.068211	1.077406	0.4447099	0.0254613	1.666337	0.6704068	1.353495
4908	-735.0447	-905.1807	170.136	0.5915501	0.8713039	0.8420421	0.7586554	1.317833	0.340575	1.289649
4914	-729.9056	-900.6027	170.6972	0.4834394	1.104328	0.6204474	0.7586554	0.8946185	0.191045	1.350515
4920	-731.1882	-900.0855	168.8973	0.8676334	1.598118	0.6118267	1.389358	0.1347865	1.069902	1.530011
4926	-706.9368	-876.778	169.8412	0.6410377	1.237444	0.9218098	0.1984102	0.8430383	1.37673	1.124152
4932	-717.0743	-886.7341	169.6598	0.5674129	1.280389	1.048442	0.5552144	1.590569	0.6179858	0.844203
4938	-719.3158	-888.0409	168.7251	0.8660273	1.395331	0.4006953	0.1990987	1.637065	1.66462	1.282104
4944	-718.7689	-885.9186	167.1497	0.5574444	1.395331	1.037008	0.9414603	2.280406	1.592797	1.202867
4950	-726.1566	-892.7198	166.5633	0.7087368	1.134273	5.971279	0.2624047	0.5115446	0.3487477	0.5487022
4956	-718.4863	-886.9252	168.4389	0.9380382	0.9755357	4.391222	0.09217428	0.5228744	0.1510797	0.523977
4962	-723.1751	-891.4457	168.2706	0.7497325	1.162159	1.711526	0.02527517	1.489398	1.539161	1.22961
4968	-722.9614	-893.4877	170.5263	0.7497325	0.7818297	1.383809	0.2446409	0.4545019	0.816613	1.221539
4974	-714.7942	-884.2636	169.4694	0.8967344	0.9263606	1.383809	1.002648	0.1796455	1.111343	1.213905
4980	-722.325	-892.3873	170.0623	0.9045787	1.135162	0.8132997	0.7317584	0.07749707	1.111343	1.324539
4986	-718.7824	-889.5645	170.7821	0.6695861	1.037909	0.8132997	0.5698914	0.08970843	0.9983659	1.213507
4992	-714.6426	-884.6055	169.9629	0.5715447	1.418121	0.3977136	0.6333683	0.887852	0.9983659	1.276343
4998	-729.2097	-898.7262	169.5164	1.236463	0.9870812	0.4534152	0.781538	0.6356771	1.0229	1.483253
5004	-717.833	-886.9884	169.1554	0.5230843	0.9846536	0.716352	0.8639829	1.029489	1.565597	1.291089
5010	-717.6572	-887.7738	170.1166	0.5632379	1.406249	0.3506647	0.8287084	0.965189	0.76881	1.16492
5016	-724.1739	-892.7045	168.5306	0.6055071	1.907743	0.4844832	1.149356	0.5461853	1.930027	1.031121
5022	-721.0574	-889.7066	168.6492	0.6622187	2.092497	1.571718	0.5449034	1.380427	0.1474233	1.136575
5028	-718.3998	-886.5709	168.1712	0.7910563	1.881334	1.282941	1.23332	1.380427	0.2338635	1.208811
5034	-721.0935	-890.0486	168.9551	0.6064025	0.9824248	0.6045759	1.49185	1.380427	0.4735206	1.571732
5040	-722.3024	-889.3939	167.0915	0.5370859	1.053651	0.6475452	1.686413	1.342709	2.633449	1.164995
5046	-731.0505	-899.1418	168.0913	1.016827	1.246008	0.5802801	1.631361	1.52769	0.9029354	1.191421
5052	-712.0895	-882.8822	170.7927	0.5926484	1.706753	0.3805074	0.4261033	0.5439437	0.9029354	0.8187095
5058	-708.9103	-877.759	168.8487	0.7408397	1.470472	1.138497	0.2946448	1.525253	1.319309	0.8495744
5064	-710.9946	-879.8715	168.8769	0.5801423	0.7309938	0.2344642	0.7335654	2.376216	1.711084	0.934946
5070	-706.9761	-874.8287	167.8526	0.6047443	1.300562	0.2344642	2.93587	0.6035337	1.82138	0.8119328
5076	-712.1764	-879.6273	167.451	0.5973692	1.291603	0.06111604	2.93587	0.2164014	2.712757	0.9139495
5082	-710.2696	-876.1625	165.8929	0.7595307	1.257958	2.16617	2.498528	0.1467923	2.43741	1.040727
5088	-712.658	-880.8995	168.2415	1.543764	1.183794	1.171262	0.2461348	0.9261564	2.177449	0.6466853
5094	-712.5585	-883.5675	171.009	0.6944863	1.106893	0.0800893	0.3984333	0.8984017	0.9181705	1.08765
5100	-713.0792	-884.1069	171.0277	0.6944863	1.035199	0.1979799	0.3015478	0.7081622	0.9181705	1.280272
5106	-719.7987	-890.1695	170.3707	0.7850917	0.9083447	0.6117028	1.197461	0.5891431	0.3889086	1.310416
5112	-732.3625	-899.6572	167.2947	0.8054072	0.9083447	1.55337	1.414514	1.214744	1.369684	1.535202
5118	-721.7187	-887.6058	165.8871	0.676185	0.8096444	3.513404	0.7779336	2.068893	0.8362686	1.523214
5124	-717.0902	-886.8997	169.8095	0.5342019	0.9020171	0.638296	1.11106	0.7637851	0.8296314	1.489246
5130	-716.281	-886.2605	169.9794	0.830165	1.347192	0.4151734	0.3023306	0.4974371	0.8296314	1.792715
5136	-704.1559	-876.9584	172.8025	0.6978247	0.882979	0.2390478	0.06143741	0.3835721	0.1374514	0.9921142
5142	-712.8501	-885.295	172.4449	0.6996167	0.8100359	0.05862096	0.4278362	0.4004618	0.2218021	1.126516
5148	-710.3936	-881.6621	171.2685	0.842066	1.398776	0.5038831	0.6349983	0.5396846	0.07828174	0.9349048
5154	-710.1653	-880.5421	170.3768	0.9755466	1.079376	0.4624162	1.919025	0.6548187	0.03553545	0.5632855
5160	-726.6281	-893.8854	167.2573	0.7375431	1.086552	1.371807	4.180308	0.8373608	0.0276035	0.5666327
5166	-725.9288	-893.862	167.9333	0.8477596	0.8684114	1.348814	4.180308	0.2108647	0.08170918	0.6530821
5172	-707.822	-879.0889	171.2669	1.068494	0.9662209	1.047474	0.9634764	0.1406394	0.03160513	0.6233355
5178	-716.5592	-888.1674	171.6081	0.8490541	0.8903567	0.661159	1.334504	0.1475899	0.01295913	0.5592299
5184	-719.2673	-890.3883	171.121	0.8490541	0.8669989	0.3336798	2.214509	0.08195417	0.0248447	0.4104671
5190	-719.428	-889.663	170.235	0.722496	0.8336969	0.3236546	3.314746	0.001612421	0.06104622	0.4224494
5196	-722.8756	-892.0878	169.2122	0.9664898	1.189565	0.257502	3.746101	0.01738908	0.1189669	0.537999
5202	-726.0193	-892.3377	166.3184	0.9664898	0.8770097	0.289925	5.893864	1.032783	0.1297302	0.5377369
5208	-719.3216	-886.1195	166.7979	0.8383659	0.8770097	0.1543456	5.893864	0.7016235	0.245218	0.4710512
5214	-727.2579	-892.1108	164.8529	0.9771121	1.232828	0.04636093	7.633747	0.5047422	0.2631135	0.5073616
5220	-702.3788	-871.9131	169.5343	0.7567788	1.253531	0.06805788	3.487934	0.2956975	0.06951124	0.3690568
5226	-720.2023	-890.3765	170.1742	0.5667353	0.7872399	0.07529144	3.571296	0.03485188	0.2706184	0.4562948
5232	-716.168	-883.6376	167.4696	0.6393786	1.106689	0.1562966	5.344928	0.4812337	0.2448069	0.3524165
5238	-713.5571	-882.7244	169.1674	0.5200635	1.036013	0.457382	3.958779	0.247806	0.02892539	0.3522419
5244	-712.2902	-881.4914	169.2012	0.8744108	1.069898	0.2542147	3.958779	0.06457927	0.03272903	0.3522419
5250	-717.2961	-888.2893	170.9932	0.5322327	1.069898	0.1739276	2.499379	0.04506641	0.06360717	0.3103124
5256	-729.3442	-899.6401	170.2959	0.662452	1.48348	0.1406002	2.499379	0.211599	0.1451607	0.3441355
5262	-720.3295	-890.9442	170.6147	0.5612892	1.536714	1.294672	1.14207	0.3194992	0.0135104	0.516345
5268	-720.484	-892.1677	171.6836	0.8793398	0.7778139	0.7488356	1.14207	0.2109539	0.05880877	0.5707696
5274	-715.2217	-886.9831	171.7614	0.56492	0.9553187	0.9262343	1.145793	0.06949171	0.04674032	0.4209834
5280	-725.6542	-896.4966	170.8424	0.8981477	0.7287919	0.9700574	1.587647	0.1306812	0.3388325	0.4204542
5286	-717.4156	-886.2901	168.8745	0.8462595	0.8271594	1.748146	2.835326	0.03258158	0.3320522	0.4204542
5292	-722.0177	-891.385	169.3672	0.5865018	1.349819	2.388457	1.138632	0.09862878	0.54521	0.4203891
5298	-729.3508	-897.2615	167.9107	0.4030725	0.9691959	2.574465	2.777163	0.214034	0.5511317	0.4323584
5304	-720.0144	-887.7993	167.7849	0.581952	0.997332	3.180544	2.117395	0.08734124	0.7067136	0.6363955
5310	-722.1462	-890.2698	168.1236	0.5646855	0.9619161	5.134441	0.4452517	0.0602728	0.03296952	0.2673934
5316	-718.0074	-884.4893	166.4819	0.5388723	1.096303	6.045897	0.4452517	0.502539	0.1661547	0.2465873
5322	-712.4642	-881.0257	168.5615	0.6922514	0.8449457	4.224039	0.4287923	0.171846	0.379942	0.2465873
5328	-714.1403	-881.304	167.1638	0.4697049	0.7077145	5.76573	0.3144842	0.4030671	0.4250162	0.2459892
5334	-712.5157	-879.6002	167.0845	0.8732031	1.01229	5.019022	0.3151096	0.5456006	0.4595271	0.2459892
5340	-721.2469	-889.1611	167.9142	0.6831921	1.343565	3.267429	0.4013515	0.3032274	1.47798	0.2994032
5346	-714.8818	-883.465	168.5831	0.4864391	1.011038	2.634484	0.1817709	0.305582	2.158026	0.3100994
5352	-728.1955	-895.942	167.7465	0.8566034	0.6756742	0.170051	0.1425355	4.183003	0.9126037	1.440918
5358	-720.7262	-888.3986	167.6724	1.02792	0.7860636	0.1645318	0.09497847	4.853723	0.1253735	1.412111
5364	-724.711	-895.4196	170.7086	0.6694595	1.066107	0.02069773	0.1298195	1.827609	0.2564112	1.440172
5370	-714.5199	-885.3075	170.7876	1.119707	1.177997	0.09427645	0.4774528	0.9701467	0.03194001	1.462762
5376	-715.8043	-886.0925	170.2882	1.170738	1.177997	0.5428922	0.5603907	0.8310683	0.04074167	1.498687
5382	-729.7962	-900.3898	170.5936	1.416639	1.048854	0.7448738	0.5572842	0.3241728	0.07837526	1.387918
5388	-722.4316	-892.1356	169.7041	0.9798307	0.8972443	0.6350641	1.150934	1.533721	0.11875	1.171309
5394	-719.8989	-890.3495	170.4506	0.4683828	0.8972443	0.5405831	1.019219	0.9664181	0.4303759	1.326548
5400	-719.885	-890.6953	170.8103	0.7183303	0.8035631	1.065529	0.9317459	0.3169874	0.4518841	1.095859
5406	-722.2868	-892.3356	170.0488	0.8673561	0.8889321	1.07347	0.8824583	0.8873955	0.3654647	1.175868
5412	-717.2251	-887.2961	170.071	0.8839441	0.8677902	0.9828846	0.6584621	0.5936931	0.3654647	1.636595
5418	-712.738	-882.1677	169.4298	0.7036093	1.317706	0.9671919	1.121196	0.3400442	0.5106818	1.655764
5424	-722.6331	-893.5946	170.9616	1.090084	0.757123	0.2871944	0.776746	0.3078538	0.2328155	1.643963
5430	-719.5949	-891.59	171.9952	0.875839	0.757123	0.1354201	0.201499	0.4770242	0.5464986	1.197845
5436	-726.8137	-899.1129	172.2992	0.5972047	0.757123	0.1230758	0.4787271	0.1251771	0.5675865	1.215536
5442	-736.4823	-907.7772	171.2949	0.7248709	1.070672	0.5137555	0.0289793	1.189153	0.335552	1.040286
5448	-714.4767	-884.7581	170.2814	0.5834914	1.253911	0.5559622	1.546796	0.8458589	0.1455929	0.9676299
5454	-720.8462	-891.3694	170.5232	0.7659975	1.019663	0.137846	0.5358381	1.179204	0.9038738	1.127944
5460	-723.9058	-894.1475	170.2417	0.7580088	1.447602	0.4187635	0.4662461	1.541839	0.2900655	1.035933
5466	-727.9168	-898.4732	170.5564	0.7090428	0.7360953	1.138664	0.3780378	1.415323	0.02442756	1.218943
5472	-716.6194	-882.3684	165.749	0.6397573	1.004605	0.5314953	3.075446	3.697894	0.1712114	1.286751
5478	-725.3933	-889.183	163.7897	1.136316	0.681013	1.181788	3.547682	3.411166	0.5244742	1.744368
5484	-715.1937	-880.7513	165.5576	0.7472849	0.969531	0.840109	1.786189	5.113194	0.09407382	1.088575
5490	-708.4871	-878.596	170.1089	0.982199	1.172272	1.08154	0.6328181	1.153426	0.03503589	1.037248
5496	-705.7781	-874.4779	168.6998	0.982199	1.18939	0.2417661	1.865436	2.104385	0.07729151	1.042965
5502	-706.0415	-874.3643	168.3228	0.9696972	0.9385848	0.8665762	1.164821	2.104385	0.3159748	1.444511
5508	-725.3169	-889.9421	164.6252	1.368968	1.156156	2.710592	1.065495	1.97965	1.830107	1.407799
5514	-718.3529	-885.739	167.3862	0.7496689	1.156156	1.77529	1.382159	1.97965	0.5834864	1.174211
5520	-716.9234	-885.4653	168.5419	1.120233	1.267642	0.7766479	0.5407952	1.150974	1.742879	1.061478
5526	-725.4809	-894.183	168.7021	0.7299161	1.253295	0.7766479	0.9724872	1.229411	1.59268	0.9409347
5532	-728.6124	-896.2833	167.6708	0.7201211	1.253295	0.7211543	0.6637079	1.874581	2.38077	0.9098835
5538	-720.6605	-889.299	168.6385	0.6937958	0.6060745	0.7506107	1.370647	0.6361932	2.38077	1.114031
5544	-726.1801	-894.1267	167.9466	0.5747607	1.139845	0.8513029	2.173215	1.353458	1.082967	1.055641
5550	-720.5468	-889.9462	169.3994	1.008439	1.349491	0.8833346	0.8355985	1.561541	0.2628727	0.8978472
5556	-702.4441	-870.5691	168.125	0.8765223	1.534324	1.001211	1.653688	1.561541	0.5238941	0.9245759
5562	-712.3158	-879.6624	167.3466	1.281809	1.177689	1.68545	1.653688	0.8348082	1.311782	0.9107761
5568	-711.3852	-881.0583	169.673	0.4797788	1.003717	1.493344	2.687218	0.05965079	0.03948917	0.6045927
5574	-717.3354	-886.3379	169.0025	0.8212316	1.363268	1.327374	2.687218	0.1674139	0.137656	0.5402858
5580	-714.949	-881.8886	166.9396	0.6218596	1.373737	2.215393	3.143976	0.3203394	0.8217026	0.6909323
5586	-704.8395	-875.1598	170.3204	0.4265786	1.306075	0.92346	1.605192	0.5104081	0.2660892	0.7084197
5592	-713.6431	-881.1671	167.5239	0.9093761	1.225878	1.80468	1.321264	1.371136	0.9631414	1.08141
5598	-707.6449	-877.2393	169.5944	0.4806173	1.024291	0.7897852	0.4998569	1.219611	1.055841	1.416345
5604	-711.7695	-882.5425	170.773	0.573274	1.235668	0.3976353	0.7870881	0.2302793	0.5506293	1.527549
5610	-731.367	-895.5204	164.1535	0.8373203	1.1423	0.9925616	6.221512	1.382075	0.04357434	1.374101
5616	-722.4018	-891.0332	168.6314	1.135881	0.8877286	0.568711	2.231795	0.9117604	0.3203061	1.441158
5622	-710.4763	-880.6556	170.1793	0.5983982	1.014248	0.7047435	1.449028	0.05064746	0.4033932	1.63933
5628	-711.3526	-882.3174	170.9648	0.8821782	0.8478099	0.1457171	0.9334613	0.4152416	0.12448	1.71467
5634	-712.5637	-884.3765	171.8128	0.8405706	1.01448	0.3544893	0.2094198	0.1065852	0.2237369	1.534781
5640	-720.457	-889.9179	169.461	1.049069	1.059503	0.7384418	0.566374	0.6671761	0.4686032	1.924278
5646	-711.142	-882.2474	171.1053	0.9262683	1.059503	0.5125413	0.6532142	0.2670151	0.4354781	1.222981
5652	-740.2723	-910.8209	170.5487	0.9669325	1.039737	0.6022053	0.2998203	0.1638512	0.4784951	1.863397
5658	-722.7577	-894.1191	171.3614	0.7594246	1.547961	0.6088839	0.2877268	0.1096326	0.01931304	1.433227
5664	-721.4437	-893.2991	171.8554	0.6484073	0.9015501	0.2520951	0.7632681	0.4094901	0.1468742	1.197514
5670	-722.0847	-890.4046	168.3199	0.7457223	0.9285064	1.891208	0.5401973	0.1842545	2.37563	1.197514
5676	-724.3181	-890.7713	166.4532	0.8173427	0.9991877	1.952904	0.1144284	3.161392	1.263139	1.382576
5682	-728.3219	-897.9761	169.6543	0.6019295	0.6933854	0.3741857	1.058925	0.8731585	0.822523	1.864787
5688	-727.513	-897.9365	170.4234	0.762263	0.9399566	0.2783771	0.7073123	0.6305572	0.7732773	1.567707
5694	-725.487	-888.3616	162.8745	0.762263	1.090745	3.904327	1.658124	3.014285	1.65856	1.21745
5700	-719.9643	-883.7529	163.7886	0.7336561	0.9012959	4.247399	0.7922463	2.819415	1.765312	1.142315
5706	-718.9779	-885.0086	166.0307	0.7336561	1.309574	2.49321	1.426626	1.034077	1.765312	1.355115
5712	-718.8591	-886.4059	167.5468	0.6770745	1.176675	0.5872054	1.484537	1.618074	2.049754	1.053641
5718	-726.8783	-894.56	167.6817	0.641886	0.9576664	1.066477	1.484537	1.547411	1.055992	1.618386
5724	-706.5707	-876.1531	169.5823	0.8821837	1.051508	1.066477	1.484537	0.4801482	0.5403094	1.110584
5730	-732.8115	-899.3716	166.5601	0.7619825	0.9655008	2.977707	2.470059	1.353922	0.3452111	0.7166089
5736	-727.4178	-896.2485	168.8307	0.8711803	0.9655008	2.223213	2.035435	0.1708117	0.3452111	0.7085193
5742	-716.9644	-884.8866	167.9222	0.7829451	1.030724	1.70959	2.035435	0.8821754	0.7804037	1.056746
5748	-727.8427	-895.1317	167.289	0.7829451	1.710841	3.174533	0.5407071	1.562583	0.3125632	0.8072992
5754	-732.4275	-900.3463	167.9188	0.5191414	1.385664	1.246465	0.2145276	2.099017	1.868517	0.9071881
5760	-733.605	-901.3585	167.7535	0.5424535	2.200321	1.375799	0.09993706	3.249573	0.2324222	0.3982198
5766	-727.5399	-897.6328	170.0929	0.4292831	1.45274	1.978847	0.1879775	1.17188	0.06022258	0.3526334
5772	-721.7101	-893.2022	171.4921	0.6913081	0.9872295	1.095711	0.5999361	0.5018666	0.1170059	0.4108038
5778	-714.5792	-886.6479	172.0688	0.8503776	0.9984785	1.048337	0.1328128	0.1980564	0.1170059	0.311309
5784	-715.9644	-888.3352	172.3708	0.9954931	0.6308642	1.127965	0.02884294	0.1842133	0.07635152	0.311309
5790	-711.2665	-883.473	172.2065	0.7091257	1.021705	1.064294	0.09695567	0.2528801	0.05681635	0.311309
5796	-712.9214	-885.9061	172.9846	0.5245825	0.8626177	0.7477854	0.0323975	0.2528801	0.06320025	0.548797
5802	-705.9678	-878.701	172.7332	0.6445481	0.8626177	0.9352392	0.04078004	0.03286799	0.2340927	0.4186403
5808	-719.3671	-891.447	172.0799	1.182025	0.8246102	0.9640482	0.1612785	0.01245086	0.2340927	0.6815765
5814	-723.4532	-895.6486	172.1954	0.8841672	1.061851	0.9640482	0.1991778	0.008675426	0.1954631	0.4699884
5820	-726.3398	-898.569	172.2293	0.8841672	1.087622	0.9367763	0.05904391	0.0431391	0.2027395	0.3376553
5826	-728.06	-899.6859	171.6259	1.088673	1.355966	0.9484915	0.05904391	0.03049694	0.2313249	0.2614919
5832	-721.164	-891.9505	170.7865	1.089525	1.385278	1.479024	0.1460719	0.0402511	0.3453379	0.228922
5838	-707.7873	-878.8578	171.0704	0.6886681	1.299678	1.447708	0.0567903	0.01443857	0.6862544	0.228922
5844	-717.8331	-884.9736	167.1405	1.483677	1.532881	1.371507	0.1432415	0.03818701	3.573232	0.228922
5850	-713.6675	-883.6184	169.9509	1.141761	0.9312388	1.957157	0.3348851	0.02745026	1.028598	0.2802652
5856	-715.938	-884.3424	168.4045	0.654866	1.190753	1.783132	0.2734446	0.0118325	2.950785	0.2326945
5862	-713.4927	-882.3762	168.8836	1.32202	1.014291	0.8403413	0.1927023	0.0231996	3.11729	0.2922804
5868	-723.4176	-889.6409	166.2233	0.9983402	0.8192356	4.134775	0.1405857	0.0414314	3.11729	0.3775174
5874	-718.4948	-883.7333	165.2385	0.7806969	0.9297984	4.134775	0.1315221	0.133877	4.123949	0.3784404
5880	-709.3884	-874.861	165.4726	0.8941138	1.071802	4.20541	1.508306	0.4164771	1.808854	0.8042062
5886	-708.3732	-874.5469	166.1737	0.9945755	1.330586	1.633466	2.94158	2.144954	0.06576171	0.9157359
5892	-715.2403	-885.3797	170.1393	0.9945755	1.502991	1.080719	0.9242834	0.3350738	0.01828241	1.192419
5898	-710.2053	-881.5875	171.3822	0.8905502	0.9685903	0.2163194	0.9242834	0.6472038	0.02765546	1.138279
5904	-712.4478	-882.2213	169.7735	0.9262229	0.8889406	0.994329	0.9242834	1.047689	0.02597126	1.52136
5910	-708.5138	-880.2282	171.7144	0.6797997	1.16901	0.8085047	0.6370533	0.2779146	0.008953936	0.8936812
5916	-709.4156	-881.1551	171.7395	0.6797997	1.202096	0.5010549	0.2991409	0.7529518	0.01724603	1.003563
5922	-712.8993	-884.9338	172.0345	0.7048493	1.202096	0.09378115	0.2991409	0.2684902	0.5911333	1.003563
5928	-717.4113	-888.1394	170.7281	1.350892	1.421452	0.1681263	0.4460727	0.9382773	0.1339	1.021941
5934	-712.9702	-884.2409	171.2708	0.465163	1.159567	0.1669665	0.753201	0.9302731	0.6344625	0.7080396
5940	-715.9019	-885.2068	169.3049	1.586875	1.022893	0.3513449	1.059313	1.26393	0.6344625	0.9989016
5946	-710.52	-880.4862	169.9662	1.110775	1.373663	0.3966646	1.287821	0.7893501	0.4601566	0.7953242
5952	-717.5451	-887.5042	169.9591	1.167217	0.8690501	0.4342995	0.861519	0.2702939	1.850705	0.7572581
5958	-726.4359	-892.8591	166.4231	0.8689604	1.521263	0.6786027	3.323905	0.2773685	2.322706	0.7500323
5964	-721.9685	-890.1879	168.2194	1.078799	1.254725	0.4501445	0.9269945	1.921348	1.562623	0.7536778
5970	-723.9159	-892.6239	168.708	1.442334	1.336079	0.59286	0.4258211	1.921348	0.9964668	0.7536778
5976	-715.5248	-884.8191	169.2943	0.6705731	1.017414	0.2326346	0.4928227	1.921348	1.773526	0.7562396
5982	-727.7603	-893.8339	166.0736	0.6705731	1.140298	0.07811712	0.7420231	3.04406	3.74946	0.4611719
5988	-728.0958	-893.542	165.4462	1.577047	1.210495	0.2717814	0.2500426	1.492134	5.28095	0.5042401
5994	-728.0878	-897.466	169.3782	0.9897386	1.062252	0.9349141	1.27321	0.4959434	1.088081	0.9815657
6000	-736.3783	-900.6046	164.2263	1.156749	1.140015	2.782177	2.385533	1.529533	1.905325	1.076204
6006	-731.3567	-899.4591	168.1024	0.7641548	1.088194	0.3846339	1.281476	1.042826	1.853475	1.566283
6012	-725.5542	-895.9265	170.3723	0.7641548	0.956414	0.5276944	0.3606657	0.8310219	0.9156598	1.407443
6018	-726.052	-897.3627	171.3108	0.6279058	1.038756	0.4904213	0.5777318	0.2519902	1.041478	0.8346328
6024	-710.9876	-882.1762	171.1886	0.5954989	1.364822	0.5629222	0.3242108	0.5533218	0.8119272	0.7419252
6030	-709.1442	-880.2416	171.0974	0.8168397	0.8512109	0.9391947	0.2682876	0.5253233	0.8119272	0.885523
6036	-699.8704	-871.3038	171.4334	1.252102	0.96362	0.9391947	0.1703692	0.6952177	0.03136554	0.62698
6042	-706.5928	-876.1994	169.6066	0.9093871	0.7820452	1.801079	1.217398	0.9869211	0.06529154	0.8158251
6048	-708.9818	-877.0331	168.0513	0.8030087	0.8187977	2.245159	0.4324476	2.9924	0.1659598	0.4897844
6054	-706.741	-875.2052	168.4642	0.454647	1.507811	2.328101	0.1549183	2.035253	0.4908084	0.4415223
6060	-722.3332	-891.2707	168.9375	0.4648026	1.268488	2.382369	0.03440914	1.948852	0.2867758	0.2896928
6066	-710.4048	-881.8044	171.3996	0.8542013	1.136015	1.445651	0.008605524	0.5839822	0.05157372	0.3861245
6072	-709.086	-880.8484	171.7624	0.9981471	0.8947633	1.190878	0.02789465	0.5839822	0.05253313	0.4864958
6078	-705.2924	-876.5886	171.2962	0.7933627	1.054808	0.9975596	0.6442362	0.5815713	0.001131615	0.813326
6084	-715.3118	-885.0693	169.7575	0.7893197	1.283005	1.91282	1.120984	0.6280544	0.007411063	0.5733714
6090	-738.8371	-908.7466	169.9095	0.4637431	2.117234	0.6404056	0.1152462	0.6660648	1.217488	1.011288
6096	-726.2345	-892.9525	166.7179	0.88594	1.170761	1.498074	3.413066	0.6660648	0.8406109	1.011288
6102	-723.4578	-890.4713	167.0135	0.7938811	0.8300492	3.410443	0.7553114	0.06857482	2.271097	1.057711
6108	-737.2236	-902.7266	165.503	0.5685783	0.7951265	4.41586	1.596861	0.2808137	1.958397	1.057711
6114	-743.4614	-911.1726	167.7112	0.7249118	0.605281	2.638821	0.6914837	0.8630556	1.22199	1.608909
6120	-737.0874	-903.8765	166.7891	0.586987	0.9904071	1.019745	2.753857	0.5971233	1.312135	1.882642
6126	-727.2308	-893.7759	166.5451	0.586987	1.145228	1.159138	2.154509	1.028211	1.913755	1.540548
6132	-721.538	-887.7409	166.2029	0.9467853	0.776167	1.181819	1.607255	2.067733	1.913755	1.434124
6138	-713.3081	-882.6154	169.3073	0.9889251	0.908435	0.93851	0.7697098	1.420806	0.6662096	1.188381
6144	-716.1371	-886.8621	170.725	0.818493	0.9218285	0.3230392	0.8539239	0.02909784	1.174785	1.315375
6150	-712.2785	-881.0355	168.757	1.020526	0.7032955	2.489452	0.9219742	0.02349461	0.8383539	1.389458
6156	-713.6804	-883.3659	169.6855	1.081239	0.886529	1.285269	1.235152	0.007241057	0.462285	1.474686
6162	-718.8893	-884.8093	165.9199	1.049774	0.7963408	1.801481	4.087325	0.003196599	0.7438245	1.652165
6168	-722.6807	-890.8859	168.2052	1.041311	1.038086	1.845219	1.962601	0.001904091	0.4407861	1.555324
6174	-718.193	-888.8661	170.6731	0.8846026	1.214645	0.767664	0.5210514	0.01303194	0.4565949	1.55836
6180	-721.9767	-892.5952	170.6185	0.7827374	1.03966	0.8467418	0.7147842	0.009853758	0.4908263	1.577167
6186	-727.2041	-897.8508	170.6467	0.7633026	1.03966	0.6810683	0.9429122	0.1949047	0.233803	1.577167
6192	-715.0266	-885.3837	170.3571	0.637496	1.141459	0.4185251	0.6814075	0.7959221	0.4295361	1.599302
6198	-702.2137	-872.6823	170.4685	0.9821489	0.7466648	0.6600079	0.6814075	0.6680765	0.1679227	1.671548
6204	-715.2721	-885.9808	170.7087	1.017709	0.95978	0.4367072	0.786606	0.1574949	0.07701454	1.833031
6210	-715.1663	-885.5091	170.3427	1.277166	1.084592	0.5557184	0.2324832	0.7496224	0.2331693	1.600893
6216	-709.0588	-881.4785	172.4197	0.6446109	1.084592	0.3075113	0.1502781	0.2437661	0.04412983	1.266568
6222	-713.9313	-885.1681	171.2368	1.067812	1.196861	0.4465761	0.3202473	0.4215081	0.03597272	1.41153
6228	-721.471	-892.51	171.039	0.8541554	1.36233	0.2828805	0.6366895	0.3027407	0.147391	1.487756
6234	-724.0384	-892.9968	168.9584	0.5744453	1.384826	0.7139101	0.9238821	1.088559	0.9565341	1.488111
6240	-708.1862	-878.0643	169.8781	1.257386	0.7244593	1.019282	1.130207	0.2617915	0.740048	1.180367
6246	-709.7207	-879.933	170.2123	1.075747	0.9500369	1.197062	1.130207	0.2617915	0.1820964	1.180367
6252	-703.3719	-874.3275	170.9557	0.8161982	1.260591	1.208611	0.6673386	0.02891917	0.02908758	1.215952
6258	-712.3076	-880.4192	168.1116	1.065863	1.260591	2.186061	2.305882	0.200097	0.02852039	1.044559
6264	-727.5582	-895.2283	167.6702	1.224259	1.260591	1.141442	1.118751	0.5606864	0.95991	1.975204
6270	-721.9232	-890.6575	168.7343	1.170843	0.9736143	0.2520852	1.474351	0.663611	0.9613962	1.773878
6276	-719.7113	-889.5139	169.8026	0.7928479	0.8831771	0.2744509	1.185395	0.6889274	0.6001359	1.773878
6282	-713.469	-884.4258	170.9568	0.7914759	0.6995916	0.7333817	0.4877812	0.3874497	0.1710234	1.773878
6288	-717.4763	-887.013	169.5367	1.065031	1.085496	0.8257743	0.5555213	0.3574163	0.8035735	1.773878
6294	-711.3395	-878.851	167.5114	1.130138	1.00521	0.8257743	2.080336	0.02549744	1.443103	1.916795
6300	-725.4038	-892.4532	167.0493	0.6102024	0.8436721	1.254027	3.592304	0.03855433	0.817085	1.778396
6306	-716.2373	-886.1305	169.8932	0.7282681	0.8879547	1.648258	0.8554333	0.02941536	0.7148753	1.383046
6312	-724.6502	-893.016	168.3658	0.5842399	1.126263	1.648258	0.4124827	0.02262417	2.869787	1.14263
6318	-716.0829	-884.9695	168.8867	0.7631104	1.561529	2.176736	1.637428	0.0384653	0.1101025	1.026639
6324	-715.2916	-883.9808	168.6893	0.7631104	1.561529	2.176736	2.114317	0.07786317	0.01366069	0.7744923
6330	-714.4768	-884.5109	170.0341	0.6764962	0.9824413	1.377077	2.114317	0.1585801	0.04131535	0.7831198
6336	-730.9088	-900.0664	169.1576	1.18384	0.6938977	0.7143645	2.857871	0.4735621	0.05568244	1.066052
6342	-727.3021	-896.5499	169.2478	0.6880914	1.023005	2.501915	0.2397013	1.00021	0.6901791	0.7754782
6348	-722.1665	-890.7181	168.5516	0.7487255	0.8388327	2.273428	0.1642301	2.435489	0.4946581	0.4896965
6354	-726.1921	-896.1713	169.9791	0.5542665	0.738962	2.465885	0.2514836	1.037637	0.4242183	0.6317842
6360	-720.794	-891.1284	170.3344	0.4969738	0.9973301	1.649337	0.2447393	0.5869311	1.152939	0.499106
6366	-720.2713	-890.3856	170.1143	0.8559775	0.7433633	1.181854	0.2407562	1.793264	0.5610053	0.6063018
6372	-720.1953	-891.0343	170.839	0.7283172	0.8441585	0.3548054	0.2407562	0.8998908	1.580266	0.6035008
6378	-730.7405	-901.96	171.2195	0.7226287	0.7565413	0.3792158	0.2354271	1.189323	0.9650021	0.6508537
6384	-719.5906	-889.9597	170.3691	0.9463487	0.9502973	0.6806066	0.2309321	1.232536	1.096627	0.5485801
6390	-719.4717	-888.7357	169.264	0.7704659	1.158279	0.7356638	0.2977066	1.49097	1.752599	0.651903
6396	-721.5352	-892.7294	171.1942	0.6629752	0.8385394	0.3380182	0.2204501	0.4504541	1.608184	0.8717981
6402	-718.6041	-889.1968	170.5926	0.8689441	0.8073689	1.027624	0.006775652	1.237621	0.7819072	0.8717981
6408	-717.1154	-888.5222	171.4068	0.654158	0.7015729	0.5050708	0.02019217	0.6447652	1.317688	0.940551
6414	-714.0116	-884.3055	170.2939	0.654158	0.8841321	1.0694	0.03545629	2.227619	0.08552058	0.940551
6420	-718.5283	-888.7867	170.2584	0.8200798	1.287718	1.15699	0.1770097	1.389878	0.1703938	0.940551
6426	-722.9162	-888.5492	165.633	0.8356679	1.213338	2.675825	2.811165	1.745625	0.3521309	0.9341545
6432	-730.3631	-897.2977	166.9346	1.040073	0.9682199	2.883688	0.1286002	2.728668	0.5838878	0.9341545
6438	-725.0084	-891.6602	166.6518	0.7341048	1.071369	2.507489	2.527913	1.524989	0.1207318	1.05948
6444	-739.7329	-907.4105	167.6775	0.617416	1.035978	2.366476	2.28851	0.7333988	0.3542532	1.108405
6450	-735.0026	-901.6847	166.6822	0.617416	0.9669554	1.57554	2.28851	0.2749889	2.614033	1.15673
6456	-739.4507	-908.5694	169.1187	0.7132099	0.9142986	1.348495	1.096284	0.2827678	1.731732	0.9926802
6462	-723.2945	-891.2151	167.9206	0.7117199	0.6534194	1.513941	1.26784	0.09578665	3.042015	0.9926802
6468	-725.8285	-892.7725	166.944	0.7132373	1.080401	1.879517	2.999258	0.1385955	1.403639	1.038819
6474	-731.973	-896.1466	164.1736	0.5748878	1.296294	1.879517	2.260323	0.03679218	5.103042	0.8406245
6480	-731.6804	-896.9334	165.253	0.7666948	1.064606	2.783389	0.1459223	0.2887977	5.103042	0.7618423
6486	-741.2073	-909.3866	168.1793	0.8244686	0.9659125	2.783389	0.2982879	0.2167959	2.210552	0.6352772
6492	-730.6963	-892.7873	162.091	0.7854167	1.234211	5.056167	2.85481	0.3677604	2.959639	0.8382436
6498	-722.1137	-885.7816	163.6679	1.110533	0.7886402	5.056167	0.2553752	1.513121	2.959639	0.8382436
6504	-718.931	-884.4385	165.5075	1.110533	0.9558526	4.112741	0.5193158	0.09422184	2.959639	0.942823
6510	-716.006	-881.2472	165.2412	1.038753	1.101331	3.424428	1.399396	0.1326319	2.959639	0.9014919
6516	-704.9886	-871.6865	166.6979	0.5122673	1.187343	2.905903	1.501629	0.7169352	1.606801	1.032299
6522	-711.1111	-880.1796	169.0685	0.5122673	0.801099	2.218052	1.597451	1.110968	0.06330252	0.7533184
6528	-725.6693	-892.3561	166.6869	0.7253145	1.179998	4.383947	0.2544879	1.874316	0.3229412	0.7242864
6534	-721.2426	-891.6009	170.3583	0.4857309	1.084332	1.739402	0.3871455	0.4548686	0.597491	1.043033
6540	-716.5615	-885.5802	169.0187	0.4857309	1.118591	2.476156	0.247426	1.000273	0.7994915	1.004816
6546	-709.5979	-880.3336	170.7357	0.4857309	1.118591	0.6547132	1.093039	0.4543771	0.5778676	1.030718
6552	-715.382	-883.0497	167.6677	0.2908983	1.501547	2.0287	1.041516	0.4920103	2.072837	0.8616344
6558	-720.915	-890.6484	169.7333	0.2908983	1.501547	0.2410163	0.4670075	0.9615121	2.072837	0.557545
6564	-725.9327	-895.9448	170.0121	0.7027721	1.11026	0.1007602	0.5835469	1.335516	1.328843	1.023307
6570	-722.0502	-892.9985	170.9483	1.015963	1.428437	0.1015139	0.3018515	0.620177	0.7403882	1.046419
6576	-703.9234	-875.7471	171.8236	0.5930343	1.342108	0.5835936	0.4488739	0.3217278	0.02270123	1.046419
6582	-716.3238	-888.548	172.2242	1.012605	1.164989	0.3248089	0.04538271	0.3680474	0.2216045	0.8251122
6588	-722.2587	-893.844	171.5853	0.9324667	1.220634	0.1427487	0.1743191	0.3680474	1.013568	0.717481
6594	-724.9615	-897.0264	172.0649	0.9294327	1.315922	0.06398058	0.02723276	0.3680474	0.7214962	0.6065364
6600	-708.6358	-877.4426	168.8068	0.9294327	1.443278	0.2839659	0.05832705	2.62441	1.281851	0.3231397
6606	-713.3829	-881.4059	168.0231	0.6093053	1.284573	0.003839101	0.09606218	0.9101044	4.504801	0.3448173
6612	-720.141	-890.1086	169.9675	0.6093053	1.269185	0.06618978	0.02361366	1.467753	2.028166	0.3448173
6618	-715.5501	-886.7469	171.1968	0.7588504	1.268252	0.1346179	0.07037217	1.316837	0.7544015	0.563965
6624	-728.3944	-898.6621	170.2677	1.07911	0.9073299	0.01911847	1.701983	1.179173	0.2881851	0.708481
6630	-714.3377	-883.9058	169.5681	0.5580768	0.945742	0.01627527	1.093508	2.718553	0.3446631	0.9277049
6636	-727.0571	-896.0325	168.9754	0.5623492	0.9990273	0.03883623	1.187947	2.718553	0.3552338	1.301144
6642	-717.9215	-887.4338	169.5123	1.30319	0.9564932	0.04764005	1.665618	1.154212	0.1655207	1.352029
6648	-711.5025	-882.1969	170.6944	0.667151	0.999816	0.02329437	0.7492959	1.619409	0.1889855	1.22892
6654	-705.9664	-876.0072	170.0408	0.7175222	1.046281	0.1275835	1.198022	1.52375	0.2928372	1.22892
6660	-711.194	-879.9934	168.7994	0.6637312	1.013868	0.3254821	1.675318	1.064898	1.757716	0.886343
6666	-712.9604	-884.0796	171.1192	0.8974981	1.079614	0.3124309	0.05191358	0.8793146	0.9376018	0.923233
6672	-709.4905	-879.6638	170.1733	1.126966	0.8714252	0.07545607	0.3696614	0.9800232	1.341045	1.241355
6678	-705.9386	-875.5066	169.5681	0.5042299	1.268035	0.5547022	0.8960962	0.6853785	1.341045	1.302807
6684	-721.1476	-889.5344	168.3868	0.7541476	1.263683	0.491699	1.349748	1.037408	1.711477	1.189682
6690	-723.2926	-893.8944	170.6018	0.4381259	1.136417	0.7850897	1.056394	0.6955009	0.2624366	1.141968
6696	-708.8368	-878.9404	170.1035	0.8132864	1.091062	0.7099251	0.2771445	0.6454321	0.240768	2.009782
6702	-703.4757	-875.1264	171.6507	0.7741415	0.7114578	0.3985169	0.3527899	0.5958547	0.0853256	1.528475
6708	-701.618	-872.4681	170.8501	1.081878	1.171901	0.2524953	0.4985526	0.5958547	0.01842664	1.603615
6714	-718.8295	-889.1348	170.3053	0.5725893	1.360454	0.6165832	0.7088395	1.182221	0.01425902	1.364777
6720	-711.4732	-882.4194	170.9462	0.7524875	0.7960356	0.8837488	0.463327	0.8824719	0.05765617	1.364777
6726	-713.8107	-884.598	170.7874	0.3894149	1.762476	0.8837488	0.6037841	0.1173594	0.3131363	1.214439
6732	-715.7017	-885.0448	169.3431	1.054688	1.02118	1.82465	0.6037841	0.6296147	0.6396767	1.084078
6738	-727.2658	-896.1044	168.8386	0.7463657	1.126437	1.648497	0.5225457	1.279241	1.097659	0.9389354
6744	-723.4474	-892.0348	168.5875	0.6502454	1.126437	1.829368	0.5225457	1.279241	1.097659	1.094942
6750	-735.8267	-903.0725	167.2458	1.145069	1.154108	0.521074	1.548387	1.158002	2.35728	1.072316
6756	-727.4791	-897.8045	170.3254	0.5076983	0.9381908	0.926975	0.8412742	1.421941	0.2592627	0.9371165
6762	-712.8164	-883.9835	171.1671	0.8909276	0.9938133	0.1121312	1.119839	0.9631542	0.05270863	0.8986755
6768	-717.6874	-887.5463	169.8589	1.253868	0.9549422	0.09529977	2.656446	0.2418594	0.1592287	0.9855309
6774	-718.0231	-887.2942	169.271	1.017408	1.132595	0.04107751	2.656446	1.089449	0.282208	0.60891
6780	-715.0656	-885.6534	170.5878	1.017408	1.445324	0.1158548	1.667949	0.6026603	0.07151469	0.5358103
6786	-708.1754	-880.6989	172.5235	0.3785865	1.069221	0.05731325	0.3004522	0.7157287	0.06061661	0.97658
6792	-712.6162	-885.2597	172.6435	0.6953935	1.221994	0.04048744	0.1276085	0.6162594	0.05827029	0.7582398
6798	-712.26	-884.4449	172.185	0.5544419	1.084806	0.08944576	0.9563452	0.5531917	0.003396671	0.6840575
6804	-718.1941	-887.3231	169.129	0.8815004	1.32763	0.4892177	1.359741	2.252179	0.01670243	0.6840575
6810	-712.6125	-881.8902	169.2777	0.8793378	1.660725	0.357024	2.038865	1.206729	0.06943769	0.60895
6816	-710.4172	-880.3157	169.8985	0.6072071	1.146138	0.0918798	1.900912	1.710091	0.02233334	0.7802546
6822	-711.2224	-877.5605	166.3382	0.8715275	1.146138	0.06691351	2.587962	4.157676	0.2251941	0.782284
6828	-718.6893	-888.1629	169.4736	0.6860507	1.087354	0.03915467	0.7669742	3.115541	0.1652637	0.8493482
6834	-718.2304	-882.4334	164.2029	0.6250654	1.082455	0.2270831	4.191204	3.115541	1.78292	0.9606603
6840	-721.6904	-889.608	167.9176	1.042798	1.203204	0.2630967	2.262267	2.361118	0.06744019	1.083278
6846	-711.4471	-880.1191	168.672	0.8789912	1.040964	0.176431	2.262267	2.142534	0.04321993	0.9872998
6852	-725.2592	-897.1594	171.9001	0.7291836	0.7798548	0.05820225	0.6571412	0.9095946	0.005179126	1.14974
6858	-703.1057	-875.2086	172.1029	0.878172	1.130625	0.01778591	0.7422878	0.5575102	0.004855113	0.7218239
6864	-719.3731	-887.2304	167.8573	0.6718559	1.10252	1.112346	0.7379275	2.528192	0.2451422	1.749266
6870	-725.5451	-890.4942	164.949	0.6695365	1.061162	2.66709	2.585027	1.285323	1.505074	1.406652
6876	-738.1915	-906.5342	168.3427	0.7809118	1.110267	2.33142	0.9536215	1.285323	0.1530604	1.222777
6882	-725.0455	-895.3636	170.318	0.6423054	1.44264	0.9678269	0.9536215	0.4745681	0.3118623	1.077396
6888	-732.9024	-901.4482	168.5459	0.8178247	0.965208	0.671214	1.493575	0.6494576	2.17415	0.8772868
6894	-723.0837	-889.3147	166.231	0.809045	0.8155179	2.817364	3.345065	0.04466596	0.530686	1.511004
6900	-722.8912	-889.6881	166.7969	0.6724605	0.9750489	1.996633	2.84773	0.4073935	1.05627	1.383332
6906	-723.473	-892.2717	168.7987	0.5000414	0.9895954	1.532442	1.36848	0.1289719	1.396678	1.383332
6912	-716.7898	-886.8219	170.0321	0.7169848	1.087616	0.364879	1.351239	0.05163328	1.396678	1.182495
6918	-726.8331	-896.0985	169.2653	0.6073308	1.159943	0.611032	1.046599	0.3346528	1.396678	1.624784
6924	-721.2024	-888.0584	166.856	0.8035501	0.8158759	2.485524	0.6942998	1.811962	1.051345	1.566338
6930	-711.6673	-880.7648	169.0976	0.8973605	0.9325001	2.013478	0.1485417	1.178071	0.2160292	1.592981
6936	-713.6739	-881.9964	168.3225	0.9692807	0.9788922	0.4144514	0.3031898	1.220989	2.967117	1.027308
6942	-711.4446	-881.587	170.1424	0.8060456	0.9738924	0.2556474	0.7515058	0.8114454	1.315739	1.137205
6948	-712.7395	-880.369	167.6295	0.7620665	1.009269	0.127892	1.798241	2.373075	1.249092	1.228995
6954	-712.5685	-880.1222	167.5537	0.6863016	1.242988	0.04651496	1.767209	1.859358	1.941185	1.094491
6960	-707.4336	-875.4919	168.0584	0.5808649	1.347671	0.0148358	1.087127	1.49039	2.674821	0.9234793
6966	-717.5614	-889.1839	171.6225	0.9393253	1.122888	0.06587075	0.4625586	0.8755211	0.2582762	0.8434442
6972	-723.5019	-889.3499	165.848	0.823476	1.194269	0.1297372	1.390966	1.402601	4.450475	0.9627218
6978	-720.7645	-888.6291	167.8646	0.4743761	0.9353435	0.6715884	0.4397945	1.402601	3.534877	0.7998277
6984	-712.927	-880.8204	167.8935	0.4733935	1.249632	0.8979575	1.587114	2.241431	0.7778051	1.024602
6990	-709.8657	-879.8674	170.0018	0.515395	1.029603	0.8661827	1.662862	0.4446914	0.7778051	0.8522202
6996	-714.128	-883.4035	169.2755	0.8763683	1.382482	0.5464103	0.7793855	0.3495002	1.514422	1.412483
7002	-725.3103	-894.4426	169.1323	1.10294	1.363477	0.7445292	0.9244119	0.7177445	0.7595607	1.396732
7008	-715.2634	-885.3156	170.0522	0.8205086	1.080965	0.4405365	0.8069385	0.8945096	0.7595607	1.308144
7014	-717.9868	-888.9866	170.9998	0.6324054	0.9168363	0.6134697	0.8069385	0.3164307	0.3392864	1.477446
7020	-712.6781	-883.6448	170.9667	0.4740486	0.7189222	0.5022143	1.863891	0.02525429	0.8421329	0.6931687
7026	-714.2256	-883.8562	169.6306	0.4740486	1.210981	0.5860804	1.863891	0.03893169	1.584199	0.7010639
7032	-719.9555	-889.6108	169.6553	0.6430377	1.210981	0.1865484	2.366113	0.0353865	1.378469	0.6128935
7038	-717.2921	-886.6415	169.3494	0.6430377	1.255938	0.05318179	2.366113	0.08048964	1.741724	0.566703
7044	-711.2636	-882.2559	170.9923	0.9228873	1.120645	0.06275712	0.8259527	0.1247912	1.460658	0.5217593
7050	-717.8031	-889.8876	172.0845	0.4971302	0.9087137	0.03904596	0.7984153	0.02153651	1.022926	0.7438794
7056	-706.2585	-876.9822	170.7237	0.7141574	0.946311	0.04722462	0.7984153	0.1177981	2.04259	0.7793997
7062	-709.139	-877.5689	168.4299	1.074733	0.9094334	0.0701936	0.3314693	0.4310524	4.231461	0.6391967
7068	-729.8077	-896.6897	166.882	1.006908	1.092849	0.1520822	0.3644424	1.304206	4.511066	0.8831268
7074	-718.5551	-885.1413	166.5863	0.8172307	1.133275	0.2663316	3.326055	2.09375	1.134345	0.8290291
7080	-729.0915	-894.6509	165.5594	0.8172307	0.7247756	0.1196233	3.826668	2.273183	1.949882	0.9294628
7086	-710.1477	-880.1847	170.037	0.6912673	0.8352094	0.05540304	0.8436577	0.8497265	1.949882	0.9318386
7092	-703.8839	-874.9702	171.0863	0.7487186	1.807047	0.4233278	0.4480601	0.5077129	0.2448954	0.9318386
7098	-712.0968	-882.9819	170.885	1.139036	1.784162	0.4280845	0.4480601	0.3058884	0.2233245	0.9908441
7104	-713.3661	-885.2358	171.8697	1.187702	0.8030631	0.4337871	0.227089	0.1036838	0.223225	1.315441
7110	-713.3666	-884.1782	170.8116	0.5909121	0.9779951	0.9918742	0.3801308	0.2071563	0.7340856	1.419733
7116	-715.6569	-886.2519	170.595	0.8171682	1.060205	0.736297	1.009155	0.2849293	0.3015946	1.348856
7122	-710.8543	-879.7442	168.8899	0.4399854	1.112459	0.08508344	0.7880407	0.7938225	2.914822	1.099289
7128	-708.2946	-878.8447	170.5502	0.9608505	0.6524185	0.02795971	0.1958971	0.1284526	2.622165	1.064211
7134	-713.9905	-885.7877	171.7972	0.7984014	0.5972715	0.01765979	0.05981219	0.1460529	1.17671	1.510949
7140	-712.923	-883.696	170.773	0.7321516	1.102199	0.03950024	0.4601383	0.6371651	0.9651024	1.420626
7146	-709.4092	-879.3671	169.9579	0.745709	0.9754387	0.5833046	0.7453807	1.256844	0.5763576	1.31751
7152	-732.0445	-900.9365	168.892	0.5624167	1.027719	1.733604	1.590981	0.8585888	0.5763576	0.9323862
7158	-728.6116	-897.7929	169.1813	0.9107487	1.402481	0.9479918	1.590981	0.2009413	0.9263936	1.042265
7164	-726.2782	-896.1175	169.8393	0.6356468	1.402481	1.005893	0.5983277	0.5816807	0.9538886	1.161251
7170	-718.5128	-888.5609	170.0481	0.6356468	1.467182	0.9718491	0.08740458	0.5293179	1.184201	1.241387
7176	-708.8463	-878.7982	169.9519	0.6211811	1.007816	1.035095	0.08740458	1.090657	0.9273555	1.40241
7182	-717.6022	-887.4571	169.8549	0.5285008	1.012353	1.121374	1.101091	0.3917974	0.5090282	1.539815
7188	-716.1071	-886.1454	170.0382	1.124689	0.9791447	1.115844	0.2353453	0.6085041	0.7231673	1.33373
7194	-711.3248	-877.5744	166.2496	0.8516654	0.8113751	2.117998	2.116007	1.704346	0.5443724	1.656378
7200	-710.7357	-877.2147	166.479	0.6635446	0.9334048	0.8436631	3.386131	1.894063	0.6319835	1.31962
7206	-717.6463	-885.2526	167.6063	0.4329999	1.520387	2.403595	1.430674	0.5204651	1.003547	1.189808
7212	-707.205	-876.7855	169.5805	0.7388997	1.300191	0.4922758	1.153077	0.6814964	1.029722	1.205129
7218	-712.7911	-882.3898	169.5987	0.6079139	0.953351	1.003135	1.153077	0.658102	0.6834762	1.449744
7224	-712.8209	-881.4336	168.6127	0.7424294	0.9001224	0.3356611	1.299881	0.6342792	2.09238	1.491001
7230	-715.6398	-884.4681	168.8283	0.9366737	0.9481884	0.3530507	1.987659	0.463223	1.112329	1.485047
7236	-716.5111	-887.0614	170.5503	0.4734342	1.202566	0.6411909	1.018401	0.5552689	0.7635843	0.9390065
7242	-720.6153	-889.102	168.4867	1.066802	1.16871	0.3105193	1.018401	2.135716	0.847557	1.158415
7248	-722.7745	-890.6521	167.8776	1.668175	1.179104	1.372004	1.408855	1.38606	0.2527412	1.081864
7254	-714.5972	-882.8048	168.2076	0.6646397	1.197851	2.229175	0.4261283	2.115187	0.3148151	1.037713
7260	-729.922	-897.9206	167.9985	1.033442	1.286961	2.036851	0.4261283	1.865717	0.6352158	0.9177049
7266	-725.5879	-896.4206	170.8327	0.5750161	1.333986	0.4668249	0.1192931	1.497845	0.5917741	0.70907
7272	-730.1679	-898.2043	168.0364	0.6178385	1.018227	0.128378	1.641637	1.564222	1.684981	1.425
7278	-738.8485	-906.8635	168.0151	0.6178385	1.019317	0.6810173	1.211609	1.456294	2.127836	1.056999
7284	-735.9186	-905.0371	169.1185	0.8332397	0.8383992	0.5267771	1.577196	1.705755	0.6633145	0.9379863
7290	-722.2623	-889.0965	166.8342	0.4491672	0.9991738	0.6405863	2.60757	1.094278	2.202205	1.274255
7296	-717.1377	-882.8636	165.7259	0.6008005	1.151059	0.2643307	2.719698	1.924193	2.830333	0.9677534
7302	-729.997	-896.7565	166.7596	0.8028763	0.6599987	0.145545	3.542698	1.007399	1.995267	1.260172
7308	-720.8263	-889.261	168.4347	0.8844761	0.9373528	0.5503413	1.508386	1.396738	0.989535	1.429968
7314	-723.0588	-891.8205	168.7616	0.7159848	0.7158116	1.051237	1.598124	0.9180624	0.3584169	1.846092
7320	-721.1924	-891.4879	170.2955	0.8631143	0.6739834	0.0962363	1.640219	0.9180624	0.05054047	1.553092
7326	-710.4804	-881.9436	171.4633	0.7864452	0.9965805	0.2358728	0.5857001	0.9991867	0.1050112	1.029441
7332	-716.5108	-886.7864	170.2756	0.9164371	0.8085812	1.031609	1.567183	0.1540265	0.3756177	1.072478
7338	-715.4341	-883.4444	168.0104	1.064003	0.8372274	1.212096	1.905985	0.7634074	0.7004723	1.585853
7344	-713.8036	-878.9232	165.1196	0.7992399	1.270656	1.354488	1.939539	2.337757	2.112296	1.243251
7350	-714.5398	-882.8978	168.358	0.523994	0.8185055	1.5214	1.130385	0.6348702	1.345525	1.674059
7356	-722.2757	-888.8949	166.6192	0.5469018	1.052217	2.586941	0.9373656	0.9594029	1.953722	1.441013
7362	-726.2507	-891.7449	165.4942	0.6297032	1.522028	1.253359	1.810169	0.978287	3.786739	0.6116566
7368	-720.6039	-884.706	164.102	0.7355798	0.8619062	0.9052052	0.8960511	4.053743	3.786739	0.8449353
7374	-721.3021	-888.5891	167.287	0.6001952	1.329145	2.334143	1.256935	0.9261411	0.9689387	1.414332
7380	-710.4798	-877.4437	166.9639	1.132272	1.208065	0.3999687	2.034615	2.2916	0.9259584	1.225868
7386	-700.7758	-869.826	169.0502	0.7337693	1.410691	0.1040865	1.419751	2.066959	0.3849457	1.028748
7392	-708.663	-872.0421	163.3791	0.4393909	1.830124	2.354666	4.431659	2.425034	0.2184653	1.048124
7398	-707.7814	-877.0672	169.2859	0.7370999	1.335661	0.8674672	1.505364	0.8970758	0.260195	1.27824
7404	-722.4399	-891.5565	169.1166	0.9074403	1.058211	1.584529	1.505364	0.6041919	0.01387359	1.360958
7410	-714.3141	-883.8539	169.5398	0.44855	1.544445	0.8071517	1.505364	0.8571666	0.005738597	1.36967
7416	-699.5285	-870.2604	170.732	0.5503149	1.700915	0.7079152	0.6332654	0.4316803	0.3278586	1.085923
7422	-706.5264	-877.5707	171.0443	1.297384	1.480759	0.4793571	0.160855	0.4208267	0.3652941	0.9575
7428	-703.9211	-874.4326	170.5115	1.44418	1.413752	0.7012796	0.642834	0.4986507	0.1088689	0.8849549
7434	-715.7106	-885.5836	169.873	1.074793	1.653054	0.9031671	1.159612	0.640564	0.05428218	0.8291408
7440	-731.2543	-899.6067	168.3524	0.6920783	1.286347	2.484976	1.740427	0.1111113	0.6834856	0.8291408
7446	-714.2501	-879.7536	165.5035	0.6189611	1.000069	3.311653	1.90681	0.2015231	2.766686	0.8690746
7452	-715.9941	-881.4489	165.4548	1.458655	1.542351	3.66795	1.518513	0.6323792	1.124874	0.7883038
7458	-709.0899	-874.6548	165.5648	0.8189813	2.421105	3.238054	2.039831	0.9567311	0.3382692	0.8025172
7464	-706.4524	-878.8837	172.4314	0.9041377	1.076521	0.487527	0.02482032	0.213935	0.2892027	0.7327077
7470	-718.4436	-890.8454	172.4018	0.9800127	0.7343367	1.084821	0.006034401	0.2540836	0.04357861	0.4461318
7476	-715.7679	-887.0906	171.3227	1.115136	0.8585832	1.907115	0.005670151	0.07979752	0.08720368	0.2830918
7482	-719.365	-890.94	171.575	0.7025197	0.8381926	1.907115	0.09452329	0.09099502	0.08409887	0.2410272
7488	-715.8984	-887.079	171.1806	0.5027991	1.164671	1.907115	0.01426985	0.01690404	0.4515645	0.2340984
7494	-721.6797	-892.4577	170.7779	0.831319	1.139482	1.93	0.009378043	0.02695638	0.6047966	0.2515453
7500	-718.0041	-889.0803	171.0762	1.25221	1.626388	0.6869841	0.08697172	0.03848941	0.658869	0.3194562
7506	-723.2245	-894.1174	170.8929	0.7963941	1.258391	0.356174	0.9739211	0.03118921	1.16022	0.654957
7512	-723.7003	-893.8067	170.1064	0.5895033	1.168339	0.7963799	0.9739211	0.3067255	1.472044	0.7209664
7518	-726.2068	-893.8185	167.6117	0.7196086	1.668054	2.758729	0.4216918	0.8882069	1.383835	0.6821363
7524	-726.4745	-892.1469	165.6724	0.7010366	0.9836047	1.471777	0.5522859	2.886061	3.085189	0.8281934
7530	-720.6431	-888.0256	167.3824	0.5866529	0.8521557	0.2618449	0.3015525	2.886061	3.085189	0.8037521
7536	-711.9365	-882.1008	170.1643	0.9614803	1.148778	0.2733497	1.028331	0.7613012	1.077464	0.7520366
7542	-714.9282	-886.6176	171.6893	0.6661381	0.9815529	0.2270791	0.2903938	0.6218538	0.7803636	0.9350423
7548	-716.5127	-887.3962	170.8834	0.6661381	0.9127312	0.1944072	0.05637854	1.393945	1.353798	0.6550427
7554	-712.4329	-881.0755	168.6426	0.7047861	0.8031351	0.260059	0.2173158	1.794602	3.081008	0.5215189
7560	-717.0604	-885.2147	168.1543	0.6701269	1.106946	0.35763	2.783896	1.68029	0.7393425	0.4369745
7566	-713.0712	-882.4587	169.3876	0.7737435	1.185852	0.4598305	1.489096	1.92504	0.2868384	0.4869084
7572	-723.5129	-892.3685	168.8556	0.8270861	1.444284	1.399346	0.9513803	1.92504	0.08516212	0.6122865
7578	-715.7456	-885.2028	169.4571	0.4975623	1.214265	1.699827	0.2929078	2.024058	0.2552	0.6122865
7584	-730.938	-901.9533	171.0153	0.5043386	1.317186	1.726572	0.2824895	0.4117855	0.1858984	0.6122865
7590	-719.5926	-891.3699	171.7774	0.5463398	1.188099	0.6872508	0.8412328	0.1596301	0.2247275	0.6836044
7596	-711.8758	-882.693	170.8171	0.6869183	0.981601	1.286273	0.8412328	0.1466778	0.7094493	0.6410687
7602	-725.8317	-892.6471	166.8154	0.8517514	1.524464	2.100355	0.4047729	0.1319705	3.681516	0.5069862
7608	-728.8134	-894.1075	165.2941	0.5490882	1.079056	2.904176	4.228308	0.2840816	1.116047	0.6202565
7614	-726.8524	-894.2971	167.4447	0.7586485	1.253218	1.195124	1.504267	1.960439	0.8998915	1.171352
7620	-717.265	-888.073	170.808	0.6568374	0.950374	0.3586315	0.9427803	0.621462	0.4666714	1.340647
7626	-718.2037	-890.1433	171.9396	0.6631586	0.8872202	0.3586315	0.9015549	0.09172146	0.2729261	1.076059
7632	-719.715	-889.1654	169.4504	0.6698597	1.325716	1.503201	0.7844448	0.1499106	1.516343	0.7600764
7638	-714.0786	-882.7644	168.6858	0.7782266	1.276801	1.503201	1.542286	0.2066979	1.186889	1.02152
7644	-725.6739	-894.7793	169.1054	0.5837794	0.7244699	0.4376292	2.846018	0.856788	0.5907605	1.035799
7650	-721.083	-892.3403	171.2573	0.7554155	0.6825404	0.06955447	0.9062351	1.190883	0.1614805	1.164944
7656	-716.1762	-886.9861	170.8099	0.7554155	1.087434	0.08255668	0.7162079	0.9452581	0.6379157	1.155102
7662	-728.0306	-898.7043	170.6737	0.9244745	0.8405661	0.06343713	0.7320657	1.392644	0.5092498	1.065799
7668	-721.077	-892.3838	171.3068	0.8762472	1.003761	0.2642003	0.6209617	0.9264073	0.2675279	0.9356824
7674	-713.08	-884.1771	171.0971	0.8575047	0.8907775	0.1825371	0.6209617	1.016845	0.4077823	1.12298
7680	-712.5512	-883.7202	171.169	1.111811	0.6943797	0.06180626	0.9617254	1.016845	0.0587589	1.12298
7686	-712.1305	-883.1052	170.9747	1.373291	0.8941008	0.05178756	0.5509575	0.6006696	0.1849058	1.488651
7692	-711.1584	-883.2557	172.0972	0.8271591	0.8941008	0.05178756	0.4799962	0.4148941	0.2025315	1.215046
7698	-715.4149	-886.4701	171.0553	0.8271591	0.9194943	0.1339567	0.7723296	1.331639	0.2525351	0.9059058
7704	-722.513	-892.8267	170.3137	0.7653853	0.6444137	0.2328145	1.568691	0.9804011	0.6746026	1.020855
7710	-712.644	-884.872	172.228	0.6671239	0.7062464	0.1590556	0.6196344	0.3546525	0.3531627	1.101406
7716	-719.7021	-888.4235	168.7214	0.8175133	1.186055	2.028554	0.4022199	2.029513	0.07797592	0.9375007
7722	-717.3113	-886.4994	169.1881	1.585195	1.026988	1.212724	0.5128711	1.804634	0.02891335	0.8506746
7728	-727.4138	-892.8834	165.4696	1.720035	1.317964	2.321395	0.01755402	2.771315	1.678565	0.9361918
7734	-716.172	-884.2262	168.0542	0.5716052	1.160818	2.171997	0.05803422	1.651371	1.572286	0.9361918
7740	-713.1994	-882.2814	169.082	0.6932054	0.9328571	0.9043397	0.05803422	1.730042	1.572286	1.205284
7746	-712.747	-881.8611	169.1142	0.6470732	1.493999	1.329712	0.3197995	1.031066	1.146874	1.103991
7752	-706.1463	-875.6887	169.5423	0.6467898	1.828875	0.9847951	0.1627774	0.7929694	0.9446739	1.259653
7758	-715.2092	-882.3904	167.1812	0.5315662	1.703942	2.63643	0.1477101	1.11105	1.966669	0.8817622
7764	-719.1675	-886.9272	167.7597	0.9258241	1.286477	1.032359	1.367348	0.3035448	1.966669	1.475573
7770	-723.4925	-892.1748	168.6823	0.6958555	0.8585169	1.288493	0.9063698	0.1114918	1.966669	1.568718
7776	-718.332	-888.2451	169.9131	0.9418055	0.7058526	0.6431954	1.376433	0.02986798	1.092051	1.429583
7782	-719.506	-888.2564	168.7504	0.9418055	0.7133041	0.3825399	1.663351	0.1145624	2.136291	1.429583
7788	-721.8938	-892.7986	170.9048	0.7326975	0.7133041	0.3724822	1.247478	0.1955762	0.6033803	1.373583
7794	-712.6512	-879.548	166.8968	0.8588935	0.8464977	0.7397826	2.195755	2.916946	0.1258401	1.521259
7800	-712.0767	-880.6561	168.5794	0.8577028	0.7479417	0.682611	1.397151	1.928655	0.3522166	1.547124
7806	-724.6502	-891.6966	167.0464	0.8577028	1.126224	0.9416847	1.157286	1.928655	1.724996	1.366336
7812	-731.3663	-897.2373	165.871	0.875218	0.7130425	0.7130201	1.81093	2.069354	2.4106	1.607676
7818	-722.2717	-888.5875	166.3158	0.7240686	1.073826	2.191949	1.23568	2.201697	0.7402278	1.589552
7824	-723.0811	-891.3243	168.2432	0.7192634	1.057016	1.005105	0.9813889	1.888092	1.189496	1.109465
7830	-721.3702	-890.3538	168.9836	1.204174	0.9097966	0.1241296	0.2574065	1.888092	1.780078	1.056387
7836	-712.2875	-878.4882	166.2006	0.8773664	0.7542684	1.522067	0.4158706	1.484111	2.971184	1.77641
7842	-712.0087	-876.4409	164.4322	1.178896	1.163228	1.285058	0.6720865	3.339749	2.595857	1.457138
7848	-713.1889	-880.6629	167.474	1.034202	0.8097169	3.085285	0.3868899	1.757526	0.4770467	1.16687
7854	-700.9318	-871.949	171.0172	0.8124112	0.9639634	0.8691685	0.8894143	0.2056441	0.3153886	1.122581
7860	-712.9422	-881.9837	169.0415	0.7625129	1.156469	1.399459	1.593037	0.9153	0.3153886	1.017194
7866	-715.9851	-884.791	168.8059	1.16495	1.156469	1.97727	1.750965	0.5396353	0.03470644	0.7302318
7872	-709.0357	-880.7961	171.7604	0.5076209	1.127232	0.5806274	0.7286763	0.6823138	0.03561841	0.663837
7878	-719.0284	-890.5145	171.4861	1.236341	1.129833	0.3265106	0.8838635	0.3083102	0.02051008	0.7880479
7884	-728.8745	-900.325	171.4505	0.4715729	1.129833	0.5618462	1.117191	0.6194415	0.04651724	0.684196
7890	-729.9738	-898.6154	168.6416	0.992862	1.065738	0.7265511	1.175535	0.6593751	1.663225	1.251983
7896	-723.5825	-891.2447	167.6622	0.7728214	1.065738	1.729665	0.7509796	1.815498	1.313734	1.087223
7902	-732.4867	-898.937	166.4503	0.493463	1.44122	0.7488213	3.224261	1.740994	1.14201	0.9090026
7908	-718.7803	-888.0692	169.2889	0.493463	1.12206	0.7110018	2.309064	0.1745695	1.14201	0.9090026
7914	-715.1481	-884.3598	169.2116	0.7941505	0.7698994	0.09946336	3.052305	0.02581535	1.335497	0.9090026
7920	-711.4302	-883.2691	171.8389	0.9737929	0.6590648	0.008877237	1.355949	0.09108277	0.3630502	0.9090026
7926	-710.174	-882.1513	171.9773	0.7491703	1.151018	0.004115805	1.355949	0.1515163	0.1017603	0.5960923
7932	-710.5135	-883.0095	172.496	0.5995171	0.777428	0.01103464	1.354796	0.1243564	0.08019739	0.6710505
7938	-704.5501	-877.6849	173.1348	0.6127288	0.7692053	0.02542411	0.540137	0.3885226	0.0214816	0.5249199
7944	-715.2357	-888.4923	173.2566	0.6646445	0.7810612	0.03294197	0.3986781	0.3484578	0.00562608	0.4247373
7950	-711.2723	-884.2721	172.9998	0.6646445	1.016319	0.1530943	0.5448656	0.08734219	0.01581395	0.6032591
7956	-725.3699	-897.6413	172.2714	1.064949	0.8608458	0.2020779	0.5448656	0.3464494	0.1070233	0.7773149
7962	-719.3113	-892.068	172.7566	0.9497927	0.8608458	0.0814291	0.425814	0.3464494	0.0355176	0.6836216
7968	-713.2225	-885.8766	172.6541	1.130313	0.9945829	0.09956137	0.425814	0.1980748	0.008826157	0.4978275
7974	-711.7077	-884.7232	173.0155	0.5792322	0.8068971	0.1039706	0.6947694	0.2847889	0.001747116	0.5122598
7980	-714.0081	-886.6551	172.6471	0.7480474	0.9036836	0.08470775	0.7573086	0.3486556	0.002249727	0.4171758
7986	-718.0249	-888.872	170.8471	1.004462	0.8862124	0.1062399	1.829653	0.7095659	0.001346492	0.2888913
7992	-741.4432	-910.5816	169.1384	0.986445	1.39674	1.55893	1.337948	0.5612088	0.003474432	1.202788
7998	-717.9967	-887.7585	169.7618	1.730727	1.543509	0.7624369	0.9486834	0.2418943	0.02581197	1.202788
8004	-706.9475	-878.2364	171.2889	1.027794	1.543509	0.3481361	0.3127342	0.06285172	0.1905998	1.373421
8010	-704.9922	-877.0187	172.0265	0.8481672	1.543509	0.2374397	0.1676618	0.1959059	0.1905998	0.9935758
8016	-700.4573	-872.4403	171.983	0.8000104	1.476886	0.6427489	0.2622574	0.1226666	0.0911582	0.80067
8022	-712.0435	-882.7735	170.7299	0.5378748	1.297173	0.6427489	0.4238528	1.275094	0.319395	0.9420083
8028	-710.6323	-880.9305	170.2982	0.5378748	1.781474	0.8837402	0.7192523	0.9364533	0.1629918	0.8343838
8034	-715.8347	-887.1788	171.3441	0.7828044	1.104354	0.5601454	0.6779577	0.5266824	0.07864277	1.120397
8040	-712.9833	-884.7853	171.8019	0.6162892	1.055191	0.6566258	0.5787904	0.2291353	0.1250989	1.117771
8046	-712.2442	-882.8633	170.6192	1.369665	1.015912	0.139768	0.1679431	0.6117847	0.8427027	1.38381
8052	-712.9482	-883.5341	170.5859	0.6613369	1.306779	0.2899544	0.7106977	0.6413782	0.4028244	1.500044
8058	-714.227	-885.153	170.926	0.8578111	1.09931	0.408648	0.5507693	0.4772581	0.4477737	1.378465
8064	-722.5389	-894.4774	171.9384	0.7727611	0.8860464	0.354924	0.3529231	0.1550713	0.2126337	1.450142
8070	-720.0498	-891.5195	171.4697	0.512631	0.8860464	0.1340332	0.5236775	0.2446025	0.3715109	1.805034
8076	-706.5833	-877.2458	170.6626	0.674866	1.304384	0.4330735	0.6631033	0.1914977	0.6870788	1.487802
8082	-714.3836	-885.1731	170.7895	0.7769534	1.238718	0.3161905	0.3063917	0.3784412	1.037356	1.316497
8088	-709.6205	-881.6073	171.9868	1.024464	1.218436	0.1347077	0.09010452	0.1474651	0.207975	1.345463
8094	-718.0446	-889.7717	171.7271	0.8670001	0.9967466	0.1347077	0.3973254	0.4786298	0.207975	1.345463
8100	-722.9226	-891.8736	168.951	1.285826	1.094048	0.3571549	1.199864	0.9027167	1.02624	1.342208
8106	-717.1784	-887.1871	170.0087	0.8541821	1.414029	0.2837439	1.199864	0.5762134	0.7713659	1.091434
8112	-720.4281	-889.568	169.1399	1.294707	1.3289	0.0445053	2.299885	0.2785529	0.7253682	1.091434
8118	-729.4609	-899.9318	170.4709	0.7161007	1.267772	0.06049338	1.285136	0.7777856	0.7253682	0.8880638
8124	-725.5418	-895.1214	169.5796	0.7161007	1.075778	0.05616357	2.117668	0.7777856	0.9804839	0.8880638
8130	-717.0665	-885.6497	168.5833	0.8321336	1.215762	0.07356978	2.117668	1.652365	0.9179603	0.7826783
8136	-731.8063	-897.3764	165.5701	0.8307192	0.9593465	0.08420049	5.518154	2.335509	0.180335	0.6363881
8142	-727.6877	-893.9442	166.2565	0.4343968	1.523044	0.1147861	3.385039	3.257688	0.256446	0.8902736
8148	-733.5838	-899.9063	166.3225	0.7290995	1.226487	0.5391951	2.128085	3.024064	0.9761448	1.230541
8154	-717.3377	-884.0601	166.7224	0.6607831	1.097866	0.2554363	2.620268	1.400836	2.182159	1.230541
8160	-719.8341	-888.29	168.4559	0.7115005	0.9859398	0.04210313	2.34067	0.6297861	1.801645	1.210953
8166	-731.9191	-899.0142	167.0951	0.5052699	1.321834	0.04802617	2.723383	1.959815	1.537721	0.9673562
8172	-735.6666	-905.8485	170.1819	0.5596132	1.059717	0.2229867	0.4903667	0.9927247	1.801897	0.8548987
8178	-729.4311	-898.1877	168.7566	0.7367356	1.572863	0.5611461	1.108401	0.8415294	1.606141	1.016127
8184	-736.4213	-905.4787	169.0573	1.086589	1.532093	1.071143	0.794733	0.1682806	1.606141	0.8800561
8190	-727.7294	-898.3879	170.6585	0.874672	1.162954	1.361845	0.1169535	0.5931756	0.3543261	1.078399
8196	-727.8882	-898.1003	170.2122	0.626838	0.9649845	1.312489	0.1128319	2.048431	0.01362689	0.8911898
8202	-726.1892	-895.9207	169.7315	0.5345806	0.9154775	1.897824	0.07471564	2.048431	0.02703508	0.9372053
8208	-728.8037	-896.0345	167.2308	0.9147875	1.445565	2.045369	0.3812079	2.888767	0.3130888	0.9842431
8214	-735.357	-903.7377	168.3808	0.8033878	1.445565	1.361546	0.7334828	1.270051	0.9119879	1.265613
8220	-724.8126	-892.3899	167.5773	0.8913942	1.144228	1.632343	1.013156	1.552323	1.097406	1.265613
8226	-734.1586	-903.4117	169.2531	0.6160389	1.21538	0.5157391	0.8721249	1.480129	0.8758338	1.317223
8232	-731.6294	-901.159	169.5295	0.7776735	0.9056768	1.664229	0.5305038	0.6107702	0.8758338	1.275296
8238	-727.9904	-899.3648	171.3743	0.499962	1.0115	0.7001541	0.5809567	0.534422	0.3192846	1.128744
8244	-725.9427	-896.4179	170.4752	0.5598965	0.7278024	0.8682252	0.5809567	1.403299	0.3371714	1.204789
8250	-724.4367	-892.0707	167.634	0.5210544	1.14386	0.9638213	0.8333438	2.098548	1.874905	1.091166
8256	-730.2108	-897.9983	167.7876	0.7617692	0.8672812	1.361315	1.721079	0.7094798	1.303241	1.570223
8262	-716.5358	-886.563	170.0272	0.5819672	1.038031	0.929191	1.365379	0.3081391	0.5986467	1.295695
8268	-712.8941	-883.5688	170.6747	0.5664103	1.278111	0.4255503	0.6388527	1.161215	0.05701575	1.330575
8274	-710.4867	-881.9171	171.4304	1.122516	0.7935833	0.4186248	0.6840113	0.5794069	0.08350696	1.088645
8280	-732.5992	-902.592	169.9928	0.8015192	1.099943	1.242581	1.55674	0.1479896	0.08350696	1.250397
8286	-735.1943	-902.7329	167.5385	0.7689108	0.8805892	0.8768924	1.55674	0.9777677	2.533805	1.06594
8292	-720.4398	-889.472	169.0323	0.7364738	0.8266938	1.547005	0.7607749	0.3312705	1.989755	0.9751305
8298	-727.618	-895.1242	167.5063	0.8173444	0.836298	3.108566	0.194278	0.2256615	2.739172	0.7308202
8304	-707.8333	-879.1303	171.297	0.8039044	1.258341	0.7393828	0.1391058	1.133311	0.09190928	0.6680834
8310	-706.796	-878.4825	171.6865	0.8039044	1.096626	0.4997089	0.03278966	1.193329	0.0688487	0.7968546
8316	-714.3294	-884.6096	170.2802	1.010491	1.170926	0.2459556	0.02250054	2.45559	0.2160008	0.7715453
8322	-737.511	-907.1353	169.6243	0.630858	1.10412	0.8792705	0.983332	1.781585	0.219662	0.9657739
8328	-726.5091	-895.8642	169.355	0.6025233	0.9136735	1.24101	1.44048	0.08012521	0.7560158	1.647744
8334	-728.6322	-896.7924	168.1603	1.411849	1.179998	1.284824	1.208535	0.4132612	0.929472	1.521561
8340	-714.5047	-884.6805	170.1758	0.6387185	1.004953	1.817606	0.2814003	0.288328	0.8651325	1.112788
8346	-716.1563	-885.3124	169.1561	0.6662755	1.152318	2.079938	0.3766686	0.1291981	1.781332	0.8372821
8352	-724.477	-894.9698	170.4927	0.9223497	0.9083439	0.689334	0.1379798	0.58647	1.475648	0.9911303
8358	-705.7797	-876.225	170.4454	0.7197623	0.9923971	1.111651	0.05047756	0.7621896	1.080408	1.035772
8364	-705.1947	-875.0196	169.8249	1.260469	0.9096362	0.1472639	0.3687593	1.438359	1.125417	1.124367
8370	-718.6861	-886.3094	167.6232	0.7814108	1.183197	1.470851	0.02125543	1.50878	2.481513	1.124367
8376	-721.7031	-889.2191	167.5161	1.076104	0.6497512	3.326254	0.04916673	0.06652932	2.481513	1.03807
8382	-728.304	-897.3583	169.0543	0.9563136	1.071377	1.130672	0.7244642	0.4794768	0.6984492	1.852879
8388	-717.3187	-887.0311	169.7124	0.813902	1.067413	0.8846306	0.8569021	0.9227102	0.6053455	1.301437
8394	-729.6484	-897.5579	167.9095	0.8221148	0.9461391	2.289136	0.9440771	0.7586536	1.313656	1.201663
8400	-730.4127	-890.9677	160.5549	0.5646473	0.9223624	2.281185	1.718165	5.118968	3.69707	1.285343
8406	-735.163	-901.1451	165.9821	1.357775	1.123683	1.613632	0.6934251	2.401799	0.9033127	1.883263
8412	-727.344	-893.1963	165.8523	1.653668	1.013256	1.55925	1.399626	2.401799	0.5682191	1.636283
8418	-720.5789	-887.816	167.2371	0.4954503	0.9711636	1.110173	1.319274	2.401799	0.8401651	1.636283
8424	-721.1362	-887.0125	165.8763	0.6514453	1.264842	1.693928	2.904451	1.531221	0.9106941	1.317612
8430	-711.2559	-876.6643	165.4083	0.583489	0.8213684	3.750086	2.197581	0.05129164	2.108775	1.236142
8436	-713.9797	-877.5528	163.5732	0.7275551	1.494696	3.750086	4.615774	0.02143092	0.9129836	1.098874
8442	-715.9196	-882.2297	166.3101	0.7275551	1.408964	5.989349	0.4936235	0.1541728	0.3166721	0.7661402
8448	-717.2552	-883.4974	166.2422	1.447438	1.413924	5.018611	0.531724	0.03766465	0.7606818	0.7076513
8454	-719.465	-888.9046	169.4396	0.8746174	0.980516	2.696839	1.099901	0.1040988	0.208986	0.7667925
8460	-731.6499	-902.6837	171.0338	0.8364209	0.6860444	0.4456321	0.3865106	0.2532071	0.3549834	1.932776
8466	-725.4833	-894.5308	169.0475	1.129677	0.8269573	1.146655	0.4371516	1.00581	0.4669578	1.890218
8472	-718.2244	-887.6005	169.3761	0.5810661	1.136162	1.157091	0.8172361	1.00581	0.5062215	1.50488
8478	-712.4059	-883.0664	170.6605	0.787761	0.8791688	0.5079078	0.7143121	0.4194136	0.5888807	1.536884
8484	-712.3136	-883.4632	171.1496	0.8051027	0.8164148	0.1119734	0.6500944	1.160855	0.6931869	0.7893293
8490	-700.8001	-873.0423	172.2422	0.8051027	0.9724657	0.1119734	0.5860418	0.3898651	0.3740904	0.6269679
8496	-712.1113	-884.2039	172.0927	1.107771	1.062594	0.09241518	0.6827374	0.08467822	0.3740904	0.5890149
8502	-714.7625	-885.7083	170.9458	0.6015748	1.062594	0.04988054	1.144081	0.6597705	1.00819	0.6060245
8508	-721.7406	-891.4868	169.7462	1.109301	1.112832	0.06078985	1.144081	0.292644	1.702375	1.035426
8514	-717.5634	-887.0076	169.4442	0.8136122	1.08015	0.01322857	0.07240608	2.027536	1.702375	1.048123
8520	-717.4064	-889.6431	172.2367	0.6495721	1.004469	0.009633632	0.04647541	0.5921104	0.6038324	1.048123
8526	-723.1034	-890.4663	167.3629	0.6001	1.077108	0.004931114	0.8230098	1.64433	3.098473	1.484292
8532	-713.8782	-885.5879	171.7097	0.5895314	0.9542539	0.003653262	0.792959	0.5416836	0.2345148	1.314985
8538	-712.6998	-883.7935	171.0937	0.9092259	0.8547857	0.004723009	0.1389778	1.251966	1.056747	0.8869336
8544	-709.9847	-878.9991	169.0145	0.7901157	1.495008	0.01619082	1.187297	2.196153	0.6089802	0.8869336
8550	-708.1	-876.0081	167.9081	0.9580398	1.199833	0.002049407	2.045393	2.624944	0.6076968	0.8444952
8556	-715.3927	-886.7793	171.3866	1.1784	1.166027	0.002049407	0.5720808	0.4791265	0.3197042	1.096481
8562	-710.4656	-881.4392	170.9736	0.4319624	1.036056	0.003719174	0.6431961	2.191176	0.0431549	0.7684551
8568	-725.8187	-896.9348	171.1162	0.8649888	1.174121	0.005917359	0.5530538	1.354166	0.2545463	0.8716216
8574	-728.3288	-901.0307	172.7019	0.8649888	1.15798	0.008051868	0.1894392	0.3903588	0.01028117	0.8716216
8580	-718.09	-889.4583	171.3683	0.8100318	0.9875138	0.497902	0.1870583	0.2344977	1.112041	1.005268
8586	-732.0674	-899.5756	167.5082	0.4008983	1.21992	1.886182	1.387752	0.03252016	2.640105	1.025384
8592	-712.9968	-883.0643	170.0675	0.5416838	1.337191	0.8031899	1.116014	0.9191821	0.2718856	1.108722
8598	-707.5011	-878.5324	171.0313	0.7342403	0.845927	0.8031899	1.037771	0.4830252	0.01993088	1.222543
8604	-710.8715	-880.3079	169.4365	0.7790068	1.26334	1.027841	1.022996	1.018781	0.3881119	1.240175
8610	-706.0132	-876.0784	170.0653	0.7790068	1.123974	0.7079838	0.852789	1.018781	0.1413727	1.437797
8616	-702.5552	-871.909	169.3539	0.7200176	1.616615	0.08273496	1.561962	1.023474	0.9069662	0.9304685
8622	-713.719	-882.34	168.621	1.329808	1.27039	0.1204059	1.645708	1.023474	1.138246	1.057639
8628	-703.234	-872.9123	169.6783	0.5085013	1.106209	0.3209818	0.9305382	0.7891717	1.689143	1.129669
8634	-705.4051	-874.5809	169.1758	1.029541	0.868135	0.4675832	0.7158889	1.12786	1.689143	1.123106
8640	-710.4274	-878.9552	168.5278	0.8949314	1.183482	1.072304	0.7158889	1.12786	1.10511	1.486426
8646	-721.5929	-890.8171	169.2242	0.8949314	1.085688	1.072304	0.8348354	0.8128002	0.6604233	1.518095
8652	-715.0794	-885.2641	170.1846	0.8949314	0.9469165	1.58108	0.1670754	0.7855603	0.5506944	1.089254
8658	-716.1483	-887.0405	170.8923	0.5176321	1.088271	1.58108	0.1524681	0.7855603	0.1467676	0.9993763
8664	-716.4985	-883.5774	167.0789	1.151863	1.743694	1.865624	1.036609	2.234914	0.03817856	1.053411
8670	-726.7926	-895.8232	169.0306	1.28613	1.195652	1.555127	0.7682913	1.178076	0.1654555	1.02724
8676	-716.7194	-886.272	169.5525	0.7758789	1.022126	0.8122477	0.7385901	2.173671	0.03162093	1.090982
8682	-735.0191	-902.9502	167.9311	0.7253534	0.7919735	0.5753592	0.5758891	4.116556	0.2949878	1.174164
8688	-724.4687	-893.2445	168.7758	0.7376169	0.9916997	0.5259929	1.639224	1.1224	1.212782	1.179765
8694	-720.6776	-889.9937	169.316	0.834435	1.129193	1.247967	0.741677	0.5541685	0.6236455	1.618896
8700	-721.4083	-892.6046	171.1963	0.5778607	1.129193	0.7790656	0.5241654	0.1398126	0.6780495	1.145814
8706	-714.5215	-885.8788	171.3573	0.513258	1.238429	0.9125293	0.723088	0.04743668	0.3757591	0.9940851
8712	-703.6073	-874.3183	170.7111	0.5558817	1.653308	0.487359	0.723088	0.6240778	0.4250684	0.994904
8718	-723.1471	-887.423	164.2759	0.7700686	1.225751	2.435486	0.2389794	3.326211	2.898154	1.030281
8724	-728.4989	-896.4395	167.9406	0.8673201	1.41898	2.075357	0.1684729	2.237326	0.3443651	1.141985
8730	-731.8374	-899.633	167.7956	1.773466	1.221744	1.297848	0.2786966	1.222611	1.590863	1.058058
8736	-730.2003	-900.5113	170.311	0.5123231	1.395937	0.4887088	0.06963036	1.840937	0.6954257	0.831589
8742	-719.1793	-888.5533	169.3739	0.5360906	1.781477	0.4887088	0.06963036	1.774234	1.445325	0.5603169
8748	-724.2256	-894.3076	170.082	0.6560184	1.49673	0.4399429	0.02078001	2.305438	0.4912124	0.5639142
8754	-720.3853	-892.0806	171.6954	0.7754816	1.795171	0.01590745	0.02367597	0.7728999	0.3741597	0.6859813
8760	-724.6938	-896.1444	171.4506	0.6111317	0.9414142	0.1243205	0.03940546	0.8146369	1.178229	1.026311
8766	-724.4036	-895.8309	171.4272	0.8628089	0.7396738	0.2965205	0.168883	1.210596	0.4712289	1.026311
8772	-721.2504	-891.9552	170.7048	1.435866	0.6388146	0.1265603	0.9963119	0.6081874	0.3523708	1.309885
8778	-714.7069	-884.3578	169.6508	0.8551863	0.9729043	0.1870179	0.8211049	0.4828372	1.525834	1.583789
8784	-712.4175	-879.4233	167.0058	0.9242982	1.330226	0.6258732	0.7625482	1.912253	2.107442	1.455451
8790	-712.6247	-883.801	171.1763	0.7219544	1.177741	0.5663446	0.6718956	0.1490193	0.5916022	1.13546
8796	-713.3794	-884.2371	170.8576	0.5957019	1.636663	0.8779203	0.4206039	0.01761156	0.8537153	0.920447
8802	-719.1383	-888.0985	168.9602	1.280669	1.118635	0.1219072	1.354405	0.1142398	2.472877	0.7442024
8808	-714.1514	-883.2733	169.1219	1.265762	1.118635	0.1551087	1.199106	0.05240799	2.472877	0.7966667
8814	-710.1289	-881.1355	171.0066	0.9624994	1.118635	0.1285759	1.199106	0.2595242	0.7491201	0.7383707
8820	-708.4778	-878.4847	170.0069	0.6161654	1.498187	0.4278968	1.108092	1.207085	0.4117176	0.9065674
8826	-713.2123	-882.8531	169.6408	0.8307359	1.043939	0.151241	1.896735	0.9638717	0.850529	0.8027982
8832	-714.2528	-882.9323	168.6795	0.9099461	0.6420173	0.04102885	1.140368	1.701305	1.991995	1.093697
8838	-717.3782	-886.5322	169.154	0.9379298	1.148972	0.1005493	0.3231827	1.325032	2.156187	1.056683
8844	-723.6536	-894.5626	170.909	0.6470321	0.8217652	0.2386359	1.255761	0.4647654	0.633756	1.202819
8850	-728.4002	-898.5264	170.1262	0.6526346	1.051426	1.124259	1.082134	0.6555014	0.3486016	1.142356
8856	-732.9429	-900.9209	167.9781	1.055894	0.8936257	1.568851	0.3442787	0.7207144	2.72396	0.9148983
8862	-726.5709	-898.0728	171.5019	0.7601382	0.9091002	0.7187701	0.3877576	0.3881524	0.5490578	0.9858871
8868	-729.8728	-899.4345	169.5617	1.255896	1.464833	1.311426	0.2684551	0.4808132	0.8761062	0.9868384
8874	-724.4689	-895.2843	170.8154	0.8405756	1.195862	0.201658	0.7451331	0.2691244	0.9746023	1.150569
8880	-716.5859	-887.5694	170.9835	0.4605419	1.478976	0.01782304	1.186283	0.5944634	0.5854586	0.8121207
8886	-722.9911	-892.8232	169.832	0.7574018	1.185442	0.04796086	1.843708	1.118849	0.4848962	0.9277494
8892	-723.9443	-891.0848	167.1404	1.10669	1.075658	0.04014061	2.788493	1.26339	1.884774	0.8992497
8898	-712.8673	-884.8571	171.9898	0.6170263	0.9739099	0.07774126	0.1660089	1.300358	0.3368381	0.6387778
8904	-705.0084	-876.111	171.1026	0.6223545	1.156539	0.08504204	0.3152316	1.300358	0.8515003	0.6963567
8910	-718.0769	-887.7495	169.6726	0.3998766	1.395028	0.5355035	1.982173	1.017173	0.3435143	0.6963567
8916	-713.888	-881.2	167.312	0.4852264	0.9442472	0.3137643	2.452156	3.318082	0.5647895	0.7070383
8922	-720.3728	-889.3392	168.9663	0.5463494	1.00808	0.3552481	1.852577	2.263102	0.3712826	0.7811376
8928	-721.1011	-892.4232	171.3221	1.122819	1.253494	0.05507672	0.5743154	0.358355	0.5516464	0.9659339
8934	-710.7229	-883.6191	172.8962	0.5175152	1.234227	0.1708474	0.02859146	0.06426486	0.5516464	0.5612191
8940	-722.7112	-890.2304	167.5191	0.8669179	1.028365	0.08025196	0.010488	1.61006	4.263818	0.8019215
8946	-714.5992	-884.8419	170.2426	1.138201	0.8618772	0.2819155	0.04346447	1.205825	1.437553	0.9929777
8952	-716.4125	-888.7024	172.2899	0.7725627	1.482819	0.1305163	0.01251014	0.1861517	0.5422073	0.3153609
8958	-720.2637	-891.0375	170.7738	1.250524	1.482819	0.09234944	0.1185359	1.024096	0.6276795	0.2778931
8964	-718.0022	-885.6708	167.6686	0.6625003	1.339141	0.09994998	0.1185359	1.675612	3.749442	0.2532859
8970	-716.1015	-886.5351	170.4336	1.063732	1.084506	0.169222	0.1278128	1.337944	1.293783	0.4865724
8976	-714.0769	-886.3099	172.233	0.7455669	1.299586	0.08775261	0.08478052	0.5124916	0.5051853	0.6521718
8982	-721.5047	-894.0021	172.4974	0.5442044	0.9772841	0.4365441	0.03484881	0.5135016	0.3660271	0.7707
8988	-717.3076	-889.1009	171.7933	1.377959	1.245206	0.3757686	0.08125878	0.2696459	0.2650791	0.7707
8994	-710.0215	-882.4654	172.4439	0.679935	1.39307	0.3415862	0.07194513	0.2135672	0.1455684	0.900561
9000	-713.3886	-885.0908	171.7021	0.6552095	1.05697	1.507865	0.309016	0.05221334	0.08606372	0.8001494
9006	-717.5318	-890.4554	172.9236	0.5872926	0.9194131	0.6641391	0.1113479	0.0256793	0.01626729	0.9317882
9012	-723.5062	-895.928	172.4218	0.861129	0.9472462	0.8767977	0.06305444	0.05548268	0.0438062	0.9317882
9018	-718.985	-888.8308	169.8458	0.8307838	0.7185731	1.166965	0.06305444	1.832635	0.6671782	1.075424
9024	-715.9631	-883.3596	167.3965	0.6246126	0.7179835	0.3808721	0.6935226	3.363588	2.269369	0.67321
9030	-724.3483	-890.7854	166.4371	1.14682	0.7732267	0.288488	3.49201	0.1208057	2.401135	1.462587
9036	-720.2398	-889.1036	168.8639	0.8464017	0.9790602	0.02266515	2.660194	0.8344369	0.8612052	1.127965
9042	-733.6504	-899.9106	166.2601	0.6489647	0.9160045	0.03313463	2.449671	4.591365	0.5988619	0.5186304
9048	-738.6256	-906.0646	167.439	0.6577751	0.8535495	0.2116749	1.960254	3.777043	0.5988619	0.4711853
9054	-724.3173	-895.7013	171.384	0.4987865	0.9430589	0.1137384	0.1221882	0.988225	1.379688	0.6412966
9060	-711.8694	-882.201	170.3316	0.4987865	1.236604	0.02299897	1.435863	1.139962	0.7481084	0.6741746
9066	-705.2764	-876.4362	171.1598	0.4987865	2.109318	0.1397787	0.1067136	0.6991726	0.7481084	0.5303063
9072	-713.2254	-884.0534	170.828	0.5235148	1.188032	0.3228145	0.09703589	1.227597	1.240072	0.6656845
9078	-717.7778	-888.2947	170.5169	0.5306683	1.304684	0.3658009	0.2945084	1.227597	0.7863663	1.133004
9084	-714.4002	-884.6714	170.2712	0.4288914	1.349383	0.7103984	0.8624758	0.7695596	0.4417097	1.258939
9090	-702.1431	-872.4594	170.3163	0.6378075	1.76718	0.3688275	0.3819964	0.7380029	0.946429	1.033399
9096	-715.9402	-884.157	168.2168	0.6378075	0.8624028	0.4568191	2.300341	0.838896	1.560127	1.28341
9102	-718.9275	-887.5053	168.5778	0.6944083	0.9867218	0.3459971	0.1712528	2.749433	1.428307	1.22136
9108	-725.4733	-891.6115	166.1382	0.6944083	1.344069	0.1757473	3.092496	1.341163	2.127936	1.254834
9114	-710.3329	-879.5539	169.221	0.7643702	1.341503	0.3087278	0.6049609	1.269023	1.41739	1.247707
9120	-709.3352	-878.4349	169.0996	0.853557	1.141187	0.07244551	1.913965	0.7092909	1.139278	1.247707
9126	-716.8599	-886.7173	169.8574	0.4939873	1.141187	0.2473346	0.7637877	1.237605	1.139278	1.247707
9132	-731.9797	-902.8672	170.8875	0.7246841	1.207723	0.2404131	0.2070249	0.9385283	0.8102111	1.169884
9138	-721.2582	-892.369	171.1108	1.026302	1.02497	0.07621852	0.1396624	0.6935968	0.7025321	1.373783
9144	-713.23	-883.0846	169.8546	0.5406632	1.363263	0.04541724	1.211627	1.110161	0.6149232	1.373783
9150	-715.1026	-885.7007	170.5981	0.9850431	1.009666	0.2600529	0.5240196	0.8257701	0.6149232	1.339388
9156	-711.8343	-881.1948	169.3604	0.6341904	1.153866	0.4070467	1.170227	0.8257701	0.700444	1.748342
9162	-715.0918	-884.6599	169.568	0.613856	1.453442	1.784058	0.8788004	0.8415019	0.2427814	0.7743181
9168	-723.2709	-890.6713	167.4004	0.5818871	1.016996	1.757159	0.9613384	2.680341	0.4553265	1.291673
9174	-721.7882	-887.8341	166.0459	1.262481	0.8889034	2.042534	1.660453	1.381291	1.20162	1.595025
9180	-722.0921	-890.7189	168.6268	0.8899227	0.6050756	0.5311507	2.716867	0.9161172	0.3884336	1.450776
9186	-725.5618	-895.6258	170.064	0.9608443	0.7112251	0.4381688	0.6292511	1.345261	0.07832092	1.775543
9192	-737.4258	-908.9752	171.5494	0.5475849	0.5856615	0.1515479	0.6295996	0.6656959	0.1163521	1.740418
9198	-733.2785	-902.9586	169.68	0.829978	1.368292	0.8077787	1.701063	0.6176966	0.06323789	1.127512
9204	-734.0155	-905.7001	171.6846	0.4923436	1.323642	0.4021484	1.069452	0.1310983	0.1578695	0.885768
9210	-724.4887	-896.1182	171.6295	0.5526172	1.01478	0.7413992	0.225506	0.4380749	0.1095567	1.399217
9216	-730.7108	-902.3334	171.6226	0.7999187	0.7110377	0.4258954	0.8060614	0.1654847	0.2713583	1.350096
9222	-721.3342	-892.2576	170.9235	0.9548494	0.9506869	0.6679584	0.2135726	0.1177121	1.339825	1.035417
9228	-716.888	-887.0273	170.1393	0.5946023	0.9703268	0.8398652	0.3366012	0.7308885	1.339825	1.212223
9234	-701.6137	-871.0984	169.4847	0.6473351	1.286817	1.132299	0.9007279	0.1258118	1.339825	1.247825
9240	-709.619	-879.7517	170.1327	0.6473351	0.9401062	1.737792	0.5101475	0.9732815	0.4894976	0.7072797
9246	-717.705	-887.2569	169.5519	0.6984294	1.123874	2.219234	0.03349219	0.636457	1.153484	0.7385641
9252	-719.619	-886.2263	166.6073	1.40601	0.9103284	2.455962	0.1574733	0.9859948	2.808894	0.8700882
9258	-721.6619	-888.4729	166.811	1.329568	1.01656	0.918482	0.8780137	1.701228	2.808894	0.6777107
9264	-723.7278	-890.2293	166.5016	1.103978	1.01656	1.166645	0.1784665	2.609059	2.808894	0.7945741
9270	-715.7669	-882.0533	166.2864	0.6107878	0.9678652	2.001937	0.2391238	3.163999	1.879748	1.035903
9276	-711.7772	-882.2906	170.5134	0.7709858	1.137281	0.9679225	0.1380717	1.537882	0.09927883	1.035903
9282	-722.7202	-893.1841	170.464	0.7446285	1.463525	1.001041	0.6923655	0.3328703	0.5972657	0.8989991
9288	-714.9022	-885.9259	171.0237	0.5343264	1.171515	1.001041	0.1451034	0.1075507	1.242344	0.9414528
9294	-711.8703	-881.7612	169.8909	0.7952796	1.171515	1.522552	0.03887764	0.6099712	1.242344	0.9280023
9300	-724.0111	-891.0459	167.0349	0.7952796	1.32273	1.242898	0.6402258	2.582821	1.242344	1.302765
9306	-724.6057	-891.7136	167.1079	0.7151933	1.088873	0.9159575	0.3392277	1.393647	3.023878	1.514283
9312	-717.4188	-885.6465	168.2278	0.5717425	0.8151451	0.8455712	0.2558123	1.256687	3.023878	1.16916
9318	-710.6537	-878.9446	168.2909	0.9758444	1.017178	1.108271	1.432705	0.8740488	1.217167	1.259225
9324	-712.938	-880.6988	167.7608	0.7027391	1.466451	2.243314	2.289815	0.7409604	0.07021537	0.9196848
9330	-723.151	-890.5775	167.4265	1.473598	1.405007	2.181577	0.7803635	1.851961	0.386245	0.5961692
9336	-724.7938	-893.3789	168.5851	1.539484	1.242188	1.001273	1.047959	1.959457	0.1179313	0.6384976
9342	-726.6694	-895.5304	168.8611	0.7739984	1.491602	1.617258	1.047959	1.515696	0.05720302	0.8177353
9348	-722.7723	-890.9499	168.1776	0.8289549	1.061788	0.5483017	1.960772	2.363591	0.2310127	1.030579
9354	-719.9389	-887.3421	167.4032	0.7317593	1.061788	1.08332	1.607271	2.363591	0.1553309	1.645623
9360	-715.9969	-883.8351	167.8382	0.8132378	1.025002	0.8861022	1.607271	1.042032	1.217489	1.631389
9366	-703.7718	-871.1215	167.3496	0.5558585	1.169261	2.23492	0.6174692	1.287361	1.388027	1.483257
9372	-709.7019	-876.284	166.5821	0.7644495	1.322396	1.254963	1.746362	0.9497593	2.064073	1.441265
9378	-710.668	-879.5796	168.9116	0.4649979	1.055766	0.6009623	0.9075134	0.7654732	1.793943	1.534931
9384	-710.7923	-878.062	167.2696	0.9583909	1.055766	1.618153	0.3823651	1.779081	1.793943	1.307394
9390	-715.2448	-883.1817	167.9368	0.8580988	0.9602158	0.9905761	2.351845	1.666283	0.1181468	1.286872
9396	-720.7762	-883.751	162.9748	1.220726	0.8002479	1.254639	6.239937	2.519014	0.4209089	0.7308249
9402	-705.7578	-873.1736	167.4158	1.091733	1.148781	2.412647	2.724843	0.3836575	0.1800625	0.8304823
9408	-716.2519	-882.3334	166.0816	1.091733	1.6473	1.427251	5.093376	0.04414411	0.1256213	0.506577
9414	-703.03	-869.6552	166.6252	0.9537575	1.572434	2.999416	2.695893	0.3168447	0.1846821	0.8418434
9420	-707.7261	-876.9105	169.1844	0.9278325	1.174528	1.601573	2.250074	0.1794506	0.04249975	0.8266351
9426	-712.5777	-881.7826	169.2049	1.163728	1.408358	2.256522	0.5262365	0.4220052	0.03784963	1.171806
9432	-712.9569	-880.5826	167.6257	0.7739516	1.067007	2.183668	0.1780689	1.541945	1.64609	1.171806
9438	-714.8891	-879.6531	164.764	0.7593454	1.365517	1.805933	2.052828	1.641897	2.255659	1.470711
9444	-713.1425	-880.0699	166.9273	0.7593454	1.022848	0.529838	2.052828	2.526779	0.7591751	1.521044
9450	-725.539	-889.5697	164.0307	0.6564955	0.912336	2.793332	3.549291	1.151376	1.476636	1.521044
9456	-738.0122	-901.3425	163.3304	0.3868623	1.214752	2.592918	3.549291	1.898617	1.857615	1.235306
9462	-729.229	-894.1938	164.9648	0.616175	1.009184	3.117735	0.2467694	1.693938	3.256296	1.25458
9468	-725.3059	-893.7476	168.4417	0.8648961	0.7315036	2.28208	0.05454606	0.1866043	2.634127	1.008144
9474	-739.2585	-903.7636	164.5051	0.7450914	1.054682	4.710957	0.5050457	0.6006322	2.946894	1.124583
9480	-735.6208	-903.5306	167.9098	0.7000431	1.111224	2.049834	0.5056159	0.1548025	2.946894	0.7943955
9486	-727.4864	-896.706	169.2196	0.6748769	0.885028	1.244895	0.08464992	0.244132	2.946894	0.8880509
9492	-722.7193	-891.6432	168.9239	1.189222	1.052936	0.8115226	0.9658955	0.2942532	2.072414	0.8880509
9498	-715.8283	-884.3585	168.5302	1.189222	1.485865	1.431837	0.6124772	0.7832797	0.8595078	1.279581
9504	-716.0679	-884.5245	168.4566	1.423791	0.7236414	2.397735	0.366982	0.2990309	0.7052484	1.678536
9510	-718.8216	-886.1958	167.3743	0.6635854	1.023698	1.828263	0.302204	2.201352	1.53689	1.238761
9516	-719.1848	-886.725	167.5402	0.7515254	1.023698	2.673165	0.302204	0.1079365	2.617392	1.171148
9522	-711.4417	-881.2994	169.8577	0.7515254	1.347616	1.239594	0.05103213	0.2326686	1.873464	0.8306978
9528	-722.7233	-893.6202	170.8969	0.5072129	0.7244968	0.5377888	0.4700648	0.157757	1.873464	0.9920185
9534	-729.6966	-896.7853	167.0887	0.713388	0.9834211	1.262907	1.666262	3.091567	0.5572839	0.815088
9540	-728.4898	-892.6765	164.1866	1.305655	0.8147054	1.647528	1.70437	4.385559	1.173908	0.9890722
9546	-727.9008	-889.7605	161.8597	1.305655	1.124138	4.028638	1.70437	4.385559	0.517258	1.254399
9552	-733.969	-895.0841	161.115	1.305655	1.295802	3.017164	3.369322	3.923122	1.099245	1.079182
9558	-731.8169	-897.1892	165.3723	0.6913653	1.644563	2.896605	0.2434294	3.316727	0.8895044	1.133773
9564	-722.5466	-890.7148	168.1682	1.265008	1.765188	1.826789	0.6406053	0.7330265	0.8476314	0.959092
9570	-719.2811	-890.8027	171.5216	0.7592803	1.765188	0.1008439	0.359513	0.2141132	0.4278822	1.051197
9576	-705.7562	-876.7271	170.9709	0.4863435	0.9722704	0.1457504	0.9379122	1.145466	0.4278822	1.063029
9582	-706.137	-875.7998	169.6628	0.7527854	0.9617296	0.2745358	0.9379122	1.534281	0.3654418	1.586203
9588	-714.288	-881.9696	167.6816	0.6169973	1.074369	0.4307614	1.008779	2.453794	1.137162	1.63901
9594	-720.2272	-885.9586	165.7314	1.069682	0.8924537	0.80082	1.524369	2.453794	1.702829	1.811473
9600	-723.8763	-891.3229	167.4466	1.051471	1.038091	0.3487027	0.9408704	2.684314	1.094036	1.504137
9606	-720.429	-890.4189	169.9899	0.9006552	1.118456	0.8981689	0.1086144	0.7805758	1.094036	1.280268
9612	-719.7296	-883.8611	164.1315	1.172397	0.9559884	3.391554	0.7666584	0.7973014	3.537253	1.391136
9618	-728.8596	-895.2982	166.4385	0.4974522	1.16384	3.391554	2.651835	0.07478584	0.8706122	1.06537
9624	-731.8508	-898.4847	166.6339	0.703354	1.09788	2.532924	1.682443	0.1933733	2.272432	1.078229
9630	-725.668	-896.6081	170.9401	0.6424655	1.589755	0.2463782	0.4820134	0.2987695	0.7555885	1.215645
9636	-721.1944	-891.6528	170.4583	0.87274	1.078883	0.212851	0.6488425	0.7783384	1.080195	1.071118
9642	-722.4639	-890.3422	167.8783	0.6209208	0.8451619	2.421511	1.446291	1.700941	0.115519	1.149223
9648	-726.5155	-895.7087	169.1932	1.319021	0.7718143	0.7457541	2.160922	0.8318857	0.3003341	0.8766704
9654	-731.7009	-901.9877	170.2868	0.7864496	0.6644862	1.03088	2.160922	0.3052939	0.168071	0.7666549
9660	-719.8534	-890.8487	170.9953	0.5616974	0.828302	0.8202558	1.581634	0.121792	0.4499102	0.7921659
9666	-716.0137	-886.6054	170.5917	0.7367333	0.9694527	0.9464099	0.942869	0.06272803	0.6704804	1.25201
9672	-727.2241	-893.5284	166.3042	0.7759298	0.9208337	0.5919317	1.902024	2.81167	1.522039	1.328436
9678	-731.301	-901.0011	169.7001	1.075886	1.551816	0.9734246	0.7312927	0.4710932	0.6435028	1.055553
9684	-726.5654	-894.2728	167.7074	0.8633375	1.070521	1.604179	1.537033	1.858116	0.5400709	1.022686
9690	-726.7883	-892.1738	165.3855	0.8560822	1.039874	2.725628	2.55867	0.7687803	1.778889	1.086515
9696	-725.3093	-891.5445	166.2352	0.9165907	0.8727952	1.622854	2.836997	2.06043	0.3621159	1.266764
9702	-718.7902	-886.3777	167.5876	0.5739366	0.9486901	1.520427	2.836997	0.7805934	0.5815017	1.309561
9708	-721.5132	-889.7746	168.2614	0.9719339	1.332923	0.9562256	0.6743036	0.9929576	2.1362	0.8686593
9714	-714.4418	-880.4172	165.9754	0.8361376	1.332923	1.648498	1.316376	0.601968	3.609425	0.8737859
9720	-718.8716	-883.9034	165.0318	0.8018664	1.051699	2.363521	3.222008	0.9787238	1.11917	1.529191
9726	-718.1882	-880.5522	162.364	0.5545129	1.023473	2.787091	4.571751	0.9154422	2.442433	1.440302
9732	-713.7806	-879.8911	166.1105	0.873752	0.9576565	1.914456	1.704778	0.88096	1.867441	1.717538
9738	-731.8266	-899.1498	167.3232	0.5633295	1.078594	3.380293	0.09043617	1.138271	0.6494389	1.758879
9744	-728.9781	-894.7013	165.7231	0.6821312	0.9496528	2.672684	0.2223749	3.424251	0.9055428	1.51595
9750	-726.4445	-897.2429	170.7984	0.4396632	0.9775042	0.4034583	0.04027183	1.515797	0.5239699	1.372831
9756	-723.0531	-892.52	169.4669	0.5685746	0.8577197	0.5436077	0.1216534	1.515797	1.519602	1.492126
9762	-721.0439	-887.9837	166.9398	1.005955	1.10657	1.530972	0.06404071	2.870015	0.9016073	1.639871
9768	-711.818	-882.8949	171.077	0.6225639	0.9931038	0.9080237	0.08189417	0.3327812	0.9428914	1.210567
9774	-719.6292	-889.5085	169.8794	0.8392223	1.129625	0.9080237	0.681622	0.1384919	1.257598	1.325563
9780	-717.9193	-884.6201	166.7008	0.6657544	1.087021	2.910492	1.725269	0.2991077	1.5482	1.233618
9786	-716.4906	-884.6389	168.1483	0.6151365	0.8163394	0.7594071	1.671022	1.39946	1.054168	1.595075
9792	-712.9086	-883.8439	170.9353	0.7976666	1.020946	0.9236381	1.00445	0.1907489	0.02221289	1.275214
9798	-708.6298	-881.3345	172.7047	0.5128444	1.233822	0.1387058	0.1581377	0.1032187	0.003024143	1.275214
9804	-703.9699	-876.7124	172.7425	0.8582312	0.9754146	0.1690989	0.3019221	0.2730214	0.002880333	0.8713887
9810	-709.3498	-882.3443	172.9945	1.018922	0.8100711	0.2324112	0.3019221	0.0802365	0.01560403	0.6888029
9816	-714.1753	-883.2311	169.0558	0.5868525	0.7499391	4.458101	0.4412677	0.03084566	0.1508329	0.5920562
9822	-728.7062	-897.0087	168.3025	1.055276	1.101797	3.496797	0.02187861	0.01384707	1.503721	0.5920562
9828	-720.1553	-890.5138	170.3585	0.9739005	1.21712	1.385093	0.03837975	0.01626801	1.503721	0.6009187
9834	-719.0449	-890.4067	171.3618	0.9348152	1.579959	0.614357	0.08584963	0.0397314	0.876446	0.6009187
9840	-718.4608	-890.1994	171.7387	0.6999573	1.771915	0.5324794	0.1068465	0.09210646	0.5558033	0.5579647
9846	-716.8571	-890.0847	173.2276	0.4186591	1.292713	0.2699846	0.1157498	0.007300972	0.08908681	0.4908237
9852	-726.0374	-898.4675	172.4301	0.6262927	1.563648	0.2699846	0.1200982	0.05280464	0.3364325	0.7527564
9858	-723.2325	-895.7864	172.5539	0.7380108	1.146449	0.4845052	0.1122433	0.05280464	0.3364325	0.7310858
9864	-720.9771	-892.2109	171.2338	0.7380108	1.095039	0.4289986	0.2968568	0.1689058	0.8832969	1.313919
9870	-722.4789	-893.1988	170.7199	0.918509	1.095039	0.6704441	0.5895563	0.6832314	0.1778684	1.309601
9876	-732.8246	-902.3356	169.5111	1.048115	1.186608	1.287748	0.9278166	0.06046684	0.8328205	1.309601
9882	-733.5502	-905.615	172.0648	0.8000278	1.236152	0.3718352	0.1631542	0.3936576	0.1000633	1.070333
9888	-717.0658	-889.1059	172.0401	0.8000278	0.7882425	0.5859078	0.1783623	0.3936576	0.1199841	1.265958
9894	-726.4916	-896.7802	170.2886	0.741638	1.137305	2.401285	0.03757009	0.7792766	0.04497532	0.7213568
9900	-736.3783	-907.8941	171.5158	0.9810902	0.9338696	0.3781041	0.4386094	0.8141921	0.008075502	1.126973
9906	-719.3259	-888.3785	169.0525	0.7749349	1.053817	0.9461009	0.4386094	1.16931	1.776092	0.9900465
9912	-724.0884	-893.6855	169.597	1.143953	1.46223	1.204709	0.2815787	0.9435991	0.5819248	0.989467
9918	-720.8793	-889.3944	168.5151	0.8917907	1.363826	1.574931	0.7435342	1.537401	0.5165874	1.059023
9924	-728.2259	-895.3844	167.1586	0.9210298	1.349788	2.074587	0.7435342	2.04445	0.8424212	1.067451
9930	-727.7245	-896.9922	169.2677	1.187638	1.024992	1.269608	0.3303379	1.290414	0.8424212	0.9918452
9936	-725.0653	-895.4247	170.3594	1.300429	1.183676	1.269608	0.3230667	0.9150422	0.04545444	0.7829964
9942	-726.525	-894.4493	167.9243	0.6008399	1.725139	2.00552	0.8523212	2.241182	0.07394131	0.7080703
9948	-729.2649	-900.689	171.4241	0.6008399	1.208215	0.7018957	0.4921104	0.5776413	0.006562855	1.16149
9954	-729.3109	-900.6838	171.3729	0.7349852	1.459048	0.1770167	0.3886117	0.5506454	0.1621147	1.313467
9960	-725.6514	-895.5263	169.8748	0.8681322	1.255579	0.9269333	0.567655	0.5902999	0.6407399	1.412361
9966	-727.6855	-897.3662	169.6807	0.6996322	1.058426	0.9269333	0.03809027	1.096299	1.684655	1.01232
9972	-728.5377	-898.7918	170.2541	0.8549051	0.8427855	1.263378	0.563897	0.7544011	0.1499757	1.443596
9978	-719.7563	-890.0874	170.3311	0.9354807	1.065427	1.263378	0.6191467	0.7544011	0.1619058	1.070838
9984	-718.2183	-886.711	168.4928	1.056731	0.815197	1.263378	0.3989257	2.152763	0.7331793	1.261905
9990	-720.3707	-888.8019	168.4312	0.7521671	1.051375	2.234628	0.5102008	0.3969819	1.65681	1.156104
9996	-709.3366	-877.2769	167.9403	0.7106491	1.051375	0.5567972	1.368323	0.7212841	2.651754	1.182599
10002	-720.0195	-884.6572	164.6377	0.7876484	1.767485	1.820868	2.306475	0.0844268	3.871247	0.9230112
10008	-728.7552	-892.4827	163.7275	0.9416714	1.403763	3.503313	0.9756486	0.1250648	4.71134	0.7900255
10014	-717.2494	-883.8709	166.6215	0.5634154	1.284201	1.589154	0.5717774	1.648252	2.900031	0.998342
10020	-714.9997	-883.8801	168.8804	0.5612583	0.8741435	0.1658841	0.2412035	2.706617	1.605331	1.13315
10026	-721.4002	-889.4315	168.0313	0.8884186	0.9017796	0.3672956	1.473161	0.8114048	2.085672	1.537469
10032	-716.9478	-886.8829	169.9352	0.6173403	1.100372	0.8412874	0.8699025	0.1946353	1.038327	1.496904
10038	-716.2693	-884.7536	168.4843	1.163477	1.623805	1.32279	0.7237186	0.009437172	1.839873	1.036679
10044	-719.3054	-888.0229	168.7175	0.9693904	1.443241	1.190957	0.9964549	0.09183661	1.751709	1.042126
10050	-726.0496	-895.049	168.9995	0.5115212	1.025832	1.275051	1.21847	0.089633	1.698171	1.304459
10056	-722.3782	-892.0022	169.624	0.6828594	0.948136	0.561183	1.540461	0.4870833	0.1436864	1.933896
10062	-728.847	-895.8271	166.9802	1.133712	1.371545	0.6364	2.572479	1.317127	0.1863689	1.796146
10068	-719.5112	-885.6881	166.1769	0.8309943	1.466484	1.369193	2.396322	0.6339001	1.331463	1.790009
10074	-726.4167	-893.8904	167.4737	0.7003939	0.9516948	0.9542144	1.640043	1.360855	1.179787	1.747279
10080	-718.9958	-889.3576	170.3618	0.625206	0.8956363	1.344835	0.7911978	0.06721649	0.4934049	1.511094
10086	-720.7985	-889.4344	168.6358	0.8031029	0.9818642	1.32704	1.237822	0.02257756	1.412315	1.637532
10092	-709.8834	-880.0045	170.1211	0.5945632	1.132311	0.9987051	0.7460919	0.1026702	1.195483	1.262967
10098	-719.3693	-888.2712	168.9018	0.7893462	0.8646674	0.868832	1.927831	0.2011708	1.195483	1.391681
10104	-717.7279	-886.7543	169.0264	0.6266844	0.8659592	1.157961	0.8244101	0.8229832	1.008183	1.690751
10110	-708.8895	-876.7541	167.8646	0.8365211	0.9080299	2.01336	1.476898	0.4985662	0.7489389	1.690751
10116	-719.087	-888.2103	169.1233	0.8114935	1.33866	1.212009	1.222506	0.5006473	0.3958638	1.502706
10122	-722.4441	-891.0745	168.6305	0.8154264	1.33866	1.33845	0.3649389	0.8619349	1.014432	1.678022
10128	-724.4191	-891.289	166.8699	0.9430497	1.17369	2.183466	0.3986266	1.7607	0.8503686	1.808324
10134	-722.4642	-889.7308	167.2666	0.9361164	1.461879	2.084681	0.3939668	1.682572	0.5724602	1.654717
10140	-715.2114	-883.6267	168.4153	0.8947963	1.105515	1.644585	1.378046	0.3343361	0.6255195	1.654717
10146	-724.24	-892.6141	168.3741	0.8540956	0.6973307	1.967278	0.1943974	1.78908	0.1850219	1.88917
10152	-717.3676	-885.2278	167.8602	1.121383	1.053043	0.8800393	0.09861035	4.040501	0.3531678	0.7643706
10158	-721.1678	-888.5512	167.3834	1.811297	0.9293345	0.9315867	0.01818287	4.040501	0.3531678	0.734315
10164	-726.0465	-894.6646	168.6181	1.026414	0.9773825	1.355223	0.03593053	2.976859	0.1764129	1.037098
10170	-716.8447	-889.0737	172.229	0.5824242	1.202267	0.4952275	0.01083915	0.5358389	0.2079728	0.9134278
10176	-716.1633	-888.7353	172.572	0.9459329	0.9147181	0.4952275	0.0005051754	0.4685524	0.0236632	0.7436218
10182	-722.6875	-894.9858	172.2982	0.7683779	1.383172	0.4122797	0.002725216	0.5047297	0.1158679	0.6143206
10188	-714.3209	-885.8673	171.5464	0.7683779	1.383172	0.1197954	0.01731926	0.8072501	0.8613833	0.4547784
10194	-709.5077	-879.8409	170.3332	0.9080006	1.131447	0.2223381	0.07420033	0.8727514	1.962916	0.4474897
10200	-734.8237	-902.8039	167.9802	1.127153	0.9367004	0.8627505	2.025639	1.976537	0.4302345	0.8532728
10206	-729.4726	-898.5709	169.0983	1.002175	1.120103	0.260815	1.158083	2.208538	0.3320739	1.023695
10212	-721.4172	-890.7701	169.353	0.5097113	1.338065	0.4378557	1.272378	1.555216	0.7158878	0.9783231
10218	-729.7208	-899.2339	169.5131	0.8501691	1.808287	0.494044	0.941892	0.2488248	1.309878	1.036566
10224	-725.4128	-894.9111	169.4983	0.9808783	1.549137	1.117263	0.4108924	0.8391328	1.00055	0.7792903
10230	-717.8836	-887.1714	169.2877	0.5991876	1.549137	0.7046778	0.8584385	1.293181	0.7837239	1.103237
10236	-721.1803	-890.7113	169.5309	1.041286	1.180345	0.7522343	1.122977	1.240672	0.2890565	1.045587
10242	-716.0928	-886.2068	170.114	0.7595482	0.8824509	0.8648159	0.7855758	0.1299137	1.091309	1.483981
10248	-721.986	-892.9192	170.9333	0.7595482	0.7546732	0.9453584	0.5779926	0.07293223	0.3082822	1.685419
10254	-717.5884	-888.244	170.6556	1.057322	1.25752	0.5438698	0.5779926	0.4758507	0.1910304	1.385536
10260	-712.1852	-883.1717	170.9865	0.7720976	1.251882	0.2322	0.5686926	0.4336852	0.1880378	1.627775
10266	-713.6483	-884.5682	170.9199	0.4744679	0.8074926	0.5372534	0.5686926	0.6865023	0.4644096	1.568948
10272	-731.1671	-900.3362	169.1692	0.7760147	0.9706571	0.3579494	0.756064	1.958374	0.1701639	1.821364
10278	-718.6446	-888.4494	169.8049	0.8209069	0.9997842	1.325622	0.8531861	1.071259	0.125946	1.185916
10284	-718.9564	-890.256	171.2997	0.6108751	0.8018516	0.3854664	0.6791394	0.2542618	0.4816661	1.558622
10290	-720.6945	-891.018	170.3235	0.7837999	1.017854	0.5662006	0.575726	0.1180016	1.222412	1.499858
10296	-713.1929	-882.9559	169.763	0.7194361	0.9452297	0.8044519	0.3193857	0.7891805	1.222412	1.530593
10302	-705.6444	-875.8569	170.2125	0.8092219	0.4882517	0.3690756	0.3716008	1.025055	1.291349	1.530593
10308	-708.3574	-880.219	171.8615	0.7103996	0.7120381	0.1411014	0.1062518	0.5181201	0.5130051	1.530593
10314	-714.644	-885.8563	171.2124	0.8257105	1.087655	0.3349743	0.1094854	0.4777152	0.5130051	1.535452
10320	-718.3515	-889.4535	171.102	0.3636396	1.859765	0.07965326	0.66026	0.6715745	0.4116943	0.9152419
10326	-726.1577	-893.7499	167.5922	0.3830153	1.480786	0.1750094	2.42927	1.209885	2.009032	0.7781489
10332	-721.5082	-887.6333	166.1251	0.7321361	1.051233	1.900972	1.680942	1.188973	1.635073	1.711053
10338	-726.7157	-895.3289	168.6132	1.410903	0.6899872	0.3014264	1.851043	0.4035858	0.9624379	1.776914
10344	-711.2133	-880.4759	169.2625	0.6852218	0.9953478	0.1201238	1.731286	0.4134846	0.9624379	1.809163
10350	-727.7555	-894.0152	166.2597	0.9325617	1.439488	0.05820008	2.103089	2.096896	2.055025	1.235106
10356	-721.4677	-889.6938	168.2262	0.9210138	1.127959	0.1292262	2.103089	1.655789	0.8341671	1.190469
10362	-727.3361	-894.9575	167.6215	0.8683181	1.222675	0.2058588	1.374089	1.833996	1.826318	1.228259
10368	-717.8666	-886.9592	169.0926	0.8590641	0.8778007	0.04321222	1.374089	0.709472	1.89354	1.313046
10374	-709.1095	-880.5536	171.4441	0.5681043	0.904825	0.06479547	0.5228837	0.6012884	0.2816646	1.643478
10380	-713.3633	-885.6714	172.3081	0.7070489	0.7662175	0.1220913	0.3942828	0.1808291	0.2816646	1.379629
10386	-709.7204	-881.3083	171.5879	0.7096491	1.279527	0.09736481	0.1732217	0.2531239	0.326985	1.629067
10392	-725.1657	-895.6794	170.5137	1.013057	1.158544	0.02331772	0.05324918	0.7183167	0.953758	1.629067
10398	-724.1878	-893.4197	169.2319	0.7833511	0.8497912	0.129499	0.05929972	1.658294	0.8630736	2.209731
10404	-735.4611	-903.4952	168.0341	0.8834013	1.038146	0.15792	0.7905609	1.575509	2.31144	1.360177
10410	-723.697	-893.8001	170.1032	0.8834013	1.022301	0.06516322	0.1801387	0.8357947	1.011166	1.862219
10416	-721.457	-892.1462	170.6892	1.224394	1.022301	0.05503815	0.04368481	0.8357947	1.232817	1.097856
10422	-722.9798	-894.291	171.3112	0.5563377	0.9737704	0.31414	0.02958775	1.861306	0.288028	0.8226743
10428	-719.771	-889.8656	170.0946	0.7611815	1.354134	1.928114	0.02475233	0.559545	0.6117353	0.8552635
10434	-729.0974	-899.8863	170.789	0.4989902	1.562575	0.5620785	0.2343414	0.6490531	0.8624166	0.9982195
10440	-711.9158	-882.3774	170.4616	0.530397	1.562575	0.6229813	0.3782676	0.7326793	0.6831032	1.1813
10446	-704.1958	-873.6858	169.49	0.6546586	1.080226	1.814665	0.4313906	0.04419754	1.635114	1.041545
10452	-708.7145	-874.881	166.1665	0.7401162	1.597143	2.839679	1.312139	0.1064075	2.696147	0.6725037
10458	-711.9039	-878.4646	166.5606	0.6345632	2.036463	3.544593	0.6107109	0.2054429	1.90192	0.4649228
10464	-708.4717	-877.4965	169.0248	1.000398	1.451224	2.64366	0.2058659	0.06042294	1.121954	0.4649228
10470	-725.7303	-891.0002	165.2699	1.01335	1.237846	5.131695	0.1133498	0.002316638	2.711722	0.6345181
10476	-731.9299	-894.3926	162.4628	0.6239086	1.514971	1.165277	5.265477	0.01060992	4.421546	0.6345181
10482	-734.0342	-902.6808	168.6465	0.9854938	1.058938	0.1434754	2.458095	0.04463883	2.09325	0.7283689
10488	-726.9553	-898.4521	171.4968	0.9300422	1.168023	0.1099984	1.149448	0.02038865	0.5917738	0.6641637
10494	-726.7707	-897.0423	170.2715	0.6685057	1.131005	0.150152	2.345206	0.09483902	0.8074994	0.6381534
10500	-723.4391	-894.4893	171.0502	0.3614487	1.194817	0.03734957	1.8222	0.09860187	0.8074994	0.5083618
10506	-720.6464	-890.8383	170.1919	0.4763549	1.365832	0.06580556	1.8222	0.1893503	1.25542	0.7386361
10512	-715.3284	-885.5802	170.2518	0.7509128	1.365832	0.02030631	1.8222	0.632478	0.6532439	0.575994
10518	-723.2851	-893.4686	170.1835	0.87505	1.453682	0.01685342	1.8222	0.632478	0.4996542	0.3923008
10524	-712.1854	-882.3275	170.1421	0.9299271	1.145039	0.0301085	1.8222	0.9986452	0.3702512	0.3328534
10530	-711.8211	-880.0795	168.2583	0.9299271	1.496288	0.01203566	1.8222	1.178091	1.707188	0.3030458
10536	-716.177	-885.0165	168.8394	0.6520819	0.8537418	0.1025875	2.268356	1.017984	1.763255	0.4707869
10542	-727.3174	-891.4941	164.1767	0.8072429	0.9778747	2.963884	3.942387	1.255934	0.6711661	1.355934
10548	-730.0153	-893.4146	163.3993	0.5825264	1.202189	1.444056	3.716247	2.431755	1.580612	1.667945
10554	-711.384	-878.3521	166.9681	0.6134179	1.078908	1.499434	1.305585	1.688892	1.580612	1.39088
10560	-716.7227	-884.4793	167.7566	0.7984394	0.9602058	0.8753987	2.123121	1.022571	1.323535	1.303892
10566	-716.5547	-883.2836	166.7289	1.063852	1.312771	0.115577	2.123121	2.019111	1.660607	1.167598
10572	-724.9259	-895.8464	170.9205	0.9835726	1.023339	0.3656118	0.4183223	1.106305	0.2805159	1.101111
10578	-713.9855	-885.3799	171.3945	0.9835726	0.8137845	0.6203672	0.1211064	0.3660153	0.2805159	1.522235
10584	-713.8956	-886.011	172.1154	0.9580698	0.7556787	0.4175642	0.09172529	0.3602096	0.2805159	1.206196
10590	-719.3649	-891.3151	171.9502	0.9822159	0.6713738	0.2726971	0.2507409	0.055692	0.2805159	1.607753
10596	-718.4634	-889.824	171.3606	0.9822159	0.7627769	0.2485402	0.4298752	0.01967635	0.5753681	1.668486
10602	-721.4316	-892.2354	170.8038	0.920425	0.6976798	0.2258584	0.03030913	0.5897868	1.116724	1.664456
10608	-719.2119	-889.4865	170.2746	0.6601312	1.011771	0.2467796	0.3278607	0.854256	1.348626	1.404498
10614	-729.1707	-893.1828	164.0121	1.195835	0.9360331	0.4082587	2.659702	0.6529282	5.553478	0.7486184
10620	-723.8197	-887.5049	163.6852	0.5991468	1.203803	1.177625	2.718429	5.59398	0.4619745	0.6770974
10626	-714.1655	-881.0498	166.8843	0.8973378	0.7720996	0.5639223	0.4362021	5.353091	0.5539855	0.6748842
10632	-710.9402	-879.4569	168.5167	0.9760144	0.7720996	0.482161	0.4212859	4.191559	0.1483033	0.4634152
10638	-714.8228	-882.0939	167.2712	0.6272432	1.020385	4.028838	1.582244	0.7010469	0.2621161	0.4634152
10644	-716.9434	-883.0225	166.0792	1.021196	0.769314	1.890648	4.195168	1.269969	0.1265789	0.8371723
10650	-725.1676	-890.5528	165.3851	0.5176851	0.8954569	2.150523	1.071102	2.549972	2.326539	1.241795
10656	-722.5385	-891.701	169.1625	0.5795894	0.8954569	0.2634668	1.498318	0.6195884	1.994833	1.155664
10662	-726.8871	-897.8912	171.004	0.6890744	1.07336	1.161508	0.6892198	0.3250895	0.2749615	0.9787703
10668	-724.1377	-894.6467	170.509	0.5840096	1.135765	0.9592502	0.1576151	0.8541266	0.5642716	1.363738
10674	-724.4186	-894.4784	170.0597	0.5840096	1.523116	0.6226645	1.12686	0.6675436	0.4168573	1.167836
10680	-709.0884	-879.2252	170.1368	1.032664	1.135304	0.5051458	0.7621746	0.6124108	0.4556909	1.476967
10686	-710.1079	-880.5737	170.4659	0.9876601	1.141545	0.04732865	0.7278723	1.228052	0.3578725	1.225719
10692	-715.5434	-887.2004	171.657	0.629898	1.185356	0.2970928	0.6354253	0.2216691	0.5126073	1.049149
10698	-727.7884	-897.3905	169.602	0.629898	1.320117	0.2897181	1.086153	1.597699	0.6278141	1.035333
10704	-721.1223	-889.5177	168.3954	0.667049	1.261269	0.8509117	1.019464	1.52476	1.034261	1.382352
10710	-708.8742	-878.0726	169.1984	0.6872552	1.137499	1.189362	1.213716	0.0620547	1.474599	1.213285
10716	-713.4299	-885.276	171.8461	0.5077679	1.137499	0.2649253	0.5727027	0.05653198	0.5412245	1.213285
10722	-718.0819	-888.5343	170.4523	1.05624	1.438138	0.1772904	1.037814	0.05923731	1.263601	0.6236929
10728	-719.683	-886.4522	166.7692	1.018405	1.611128	1.102068	3.561284	0.03051303	1.392028	0.6236929
10734	-719.4681	-886.8238	167.3556	0.5672063	1.840399	1.102068	3.075349	0.0856222	1.444912	0.5857875
10740	-730.5071	-896.6671	166.16	0.4845961	1.986056	1.474414	3.064152	0.4471386	1.834321	0.5613215
10746	-721.3956	-883.67	162.2745	1.163774	1.473212	1.187593	4.020248	4.385224	0.99963	0.5634368
10752	-715.516	-880.0039	164.488	0.7440114	1.37172	1.348579	4.305722	3.064609	0.1609894	0.6159773
10758	-726.3447	-890.0806	163.7359	0.6798719	1.314197	3.221985	4.305722	1.831907	0.3042891	0.7702564
10764	-711.8207	-876.0535	164.2328	0.5167345	1.165985	4.401056	4.398692	0.4043187	0.3042891	0.667465
10770	-714.5034	-883.1217	168.6183	0.4856346	0.9685999	2.250119	2.601348	0.1031674	0.3042891	0.7954409
10776	-722.2678	-891.719	169.4513	0.7338963	0.9046681	2.120377	1.542372	0.1471039	0.3364974	0.9626317
10782	-725.9536	-894.8063	168.8527	0.5182501	1.470202	0.8379773	2.030313	0.3695691	0.3720367	1.587301
10788	-718.6587	-885.2861	166.6275	0.5888725	1.347711	1.572723	2.955204	0.3695691	1.334304	1.339311
10794	-724.2887	-889.4313	165.1425	0.4798581	1.110831	1.92255	1.749261	1.170313	3.260221	1.279955
10800	-722.9974	-891.2053	168.2078	0.8942658	1.134155	2.315808	0.4129321	0.6705524	1.45559	1.107377
10806	-724.5791	-894.9205	170.3414	0.5844156	1.392592	0.9658311	0.1159113	0.2077731	1.023278	1.466589
10812	-730.665	-899.9846	169.3197	1.28092	1.071585	1.540527	0.2677202	0.8815928	0.8922969	0.9512551
10818	-727.4156	-896.5585	169.1429	1.28092	1.779937	1.812654	0.6368911	0.1874965	0.5154721	0.8352353
10824	-715.3662	-884.9574	169.5912	0.7095423	1.319896	1.298969	0.6580653	1.120848	0.6674768	0.8115644
10830	-706.478	-875.892	169.4139	0.7095423	1.429866	0.1667507	1.482011	1.419376	0.6794632	0.8904763
10836	-719.7603	-889.3733	169.6131	0.6592272	1.655604	0.2437394	0.7494698	1.612362	0.6134935	1.045251
10842	-717.1581	-885.3915	168.2334	0.6118186	0.9942695	1.785981	1.141967	1.581208	0.5635563	1.247912
10848	-718.7759	-886.4588	167.6829	0.8917117	1.0095	1.361986	1.846419	1.358986	0.8045673	1.225612
10854	-709.5672	-877.7827	168.2155	0.7854046	0.840307	1.361986	1.126553	1.33672	0.9432456	1.498261
10860	-715.5097	-883.8028	168.2931	0.8028969	1.261959	2.208825	0.9027592	0.3871501	0.9624234	1.336761
10866	-713.7158	-884.5588	170.8429	0.6191774	1.060739	1.101227	0.1077697	0.05707727	0.818247	1.489507
10872	-715.7735	-886.6568	170.8834	0.9528146	0.8713276	0.6668309	0.2113381	0.4426503	0.6243534	1.467476
10878	-719.9442	-891.1351	171.1909	0.5711179	1.118814	0.9380846	0.3606393	0.07926162	0.4644093	1.393587
10884	-711.1999	-882.4378	171.2379	0.7680792	1.118814	0.4223031	0.3030116	0.4093387	0.4644093	1.410759
10890	-715.691	-887.3318	171.6408	0.5967427	1.34808	0.4223031	0.4051528	0.180518	0.509445	1.077913
10896	-706.9634	-878.3807	171.4172	0.6569452	1.340428	0.4223031	0.4051528	0.1933463	0.7589215	0.9986056
10902	-714.2997	-882.9729	168.6732	0.6080471	1.355488	1.947318	0.6708075	1.012701	0.7962484	1.115887
10908	-721.7855	-892.4375	170.6519	0.5653027	1.464472	1.297559	0.4084668	0.6522071	0.1006747	1.035882
10914	-720.3779	-889.8327	169.4548	0.5941965	1.340513	1.054214	0.1208774	1.890036	0.4965253	1.212367
10920	-718.0578	-882.5627	164.5049	1.032501	1.175943	0.9278693	3.741521	1.890036	2.010056	0.9177305
10926	-727.6115	-893.4012	165.7897	0.9282178	1.460357	2.613461	2.610374	0.8432984	0.5260957	1.375744
10932	-718.5655	-886.1802	167.6147	0.6232666	1.307162	1.609923	1.385768	1.481799	0.8167904	1.309186
10938	-719.079	-887.9143	168.8353	1.274483	1.242908	0.4730632	1.385768	0.1439071	1.930907	0.9165741
10944	-711.5908	-882.1106	170.5198	0.889631	1.0749	0.2219009	1.793838	0.03202366	0.9252995	0.6814836
10950	-710.3026	-881.0741	170.7714	1.06409	1.242583	0.6046125	0.8492974	0.04214116	0.9252995	0.579837
10956	-706.5571	-877.7943	171.2371	0.8029473	1.406512	0.2934034	0.5421249	0.03187821	1.192447	0.4632256
10962	-704.4593	-874.1841	169.7248	0.5107612	1.446495	0.8577533	0.7306443	0.01426896	2.177603	0.5544612
10968	-707.5947	-877.4254	169.8307	0.7862199	0.9715369	2.092808	1.107653	0.04138294	0.5456732	0.8037193
10974	-701.7101	-873.763	172.053	0.7309219	0.9533863	0.8037447	0.272859	0.03402521	0.5254805	0.8037193
10980	-719.0767	-888.0788	169.0021	0.6716167	1.149366	2.178643	0.1770761	0.03221677	2.266116	0.618377
10986	-709.6884	-878.9331	169.2447	0.6938105	1.654208	1.32809	0.9246931	0.1209616	1.475821	0.6959557
10992	-723.3906	-888.6874	165.2968	0.4176911	2.092572	1.031479	1.441718	2.966565	1.762298	1.099894
10998	-736.4148	-903.7144	167.2996	0.6602134	2.674118	0.5878717	0.3738748	1.215161	2.53479	0.8317633
11004	-723.5658	-889.2564	165.6906	0.9543752	1.46299	1.476292	0.5716956	0.1167618	4.864042	1.065263
11010	-733.5544	-900.5601	167.0057	0.8425265	0.8801024	1.548248	0.8750232	0.6712198	2.798279	1.490727
11016	-709.4158	-874.3516	164.9358	1.252319	1.16959	1.590533	1.475873	1.931734	2.268092	1.490727
11022	-716.243	-884.0263	167.7833	0.7784725	1.136448	1.473187	1.475873	0.5161601	1.455995	1.490727
11028	-723.2171	-892.1754	168.9582	0.8472555	0.8921269	0.550957	1.020347	2.806795	0.136305	0.9913017
11034	-732.9965	-901.5404	168.5439	1.230255	1.211728	1.059796	0.8830218	2.216574	0.03004064	1.029869
11040	-725.9486	-895.6618	169.7132	0.9143947	1.022178	1.581486	0.7116691	0.9198725	0.0704658	1.244865
11046	-723.1045	-891.9712	168.8667	0.8542973	1.001818	1.897105	1.307811	0.8665479	0.2241201	1.171848
11052	-709.6849	-879.4716	169.7867	1.102254	1.136426	1.356042	0.9954395	0.44748	0.1947948	1.171848
11058	-703.8309	-874.5396	170.7087	0.8797459	0.9218111	0.4396234	0.1851486	1.315879	0.5677188	1.171848
11064	-708.57	-877.4375	168.8675	0.8797459	0.9362649	0.1923014	0.3754454	2.245294	1.440267	1.241743
11070	-722.5884	-889.8894	167.301	0.627804	1.091645	0.4096735	1.336174	2.529383	1.651556	1.220562
11076	-720.2611	-888.4252	168.1642	0.8996228	1.091645	0.7994497	1.565112	1.444691	0.2301971	1.797798
11082	-727.5096	-896.7865	169.2769	0.7546149	1.444942	1.163051	0.2035286	1.444691	0.9050727	1.007798
11088	-724.4355	-894.6598	170.2243	0.6897509	1.190331	1.590979	0.3647622	0.2912665	0.8614747	0.9832933
11094	-725.3184	-892.002	166.6836	0.5461361	1.671654	2.136289	2.761903	0.4141447	0.875326	1.080039
11100	-717.9988	-884.9377	166.939	1.926418	1.504002	1.584402	1.122463	0.5757702	1.615719	0.9921407
11106	-722.2995	-891.3075	169.0081	0.5800616	0.9725867	0.3715117	1.122463	1.63316	1.359815	1.125524
11112	-710.744	-879.7419	168.9979	0.8771279	0.9357662	0.6140905	2.080402	0.6801794	1.009892	1.008328
11118	-715.0546	-885.6943	170.6397	0.5168508	1.093914	0.1120287	0.02509357	1.702034	1.088738	0.9847233
11124	-721.6835	-889.6536	167.9702	0.5168508	1.066771	0.2308645	0.05897226	2.012187	3.282852	1.024191
11130	-715.5515	-883.929	168.3775	1.035341	0.8724485	0.3472444	0.2590223	2.012187	2.215571	1.081654
11136	-727.6485	-896.7284	169.0798	1.031879	1.298064	0.9634263	0.4136822	0.9507956	0.4598546	1.796093
11142	-747.0464	-910.844	163.7976	0.7463222	1.182444	3.744748	1.697374	3.932435	0.07206867	1.026852
11148	-727.8156	-896.3566	168.541	0.6185764	1.288359	1.297401	1.873426	1.422168	0.1195208	1.026852
11154	-720.5927	-888.2286	167.6359	0.8563916	0.8958727	2.786827	2.197538	0.8106525	0.04729868	0.9726135
11160	-725.0754	-894.7059	169.6305	0.6430045	1.311446	0.06852632	1.948524	1.423748	0.05256594	1.107516
11166	-728.4838	-900.0052	171.5214	0.6430045	1.425359	0.2259851	0.9532833	0.2831506	0.002623672	1.128752
11172	-714.8569	-887.7822	172.9253	0.5533109	0.8580092	0.1687807	0.1212493	0.3264005	0.0460916	1.162944
11178	-720.8559	-893.0796	172.2237	0.7070329	0.9754761	0.2777108	0.2309636	0.3821107	0.03764944	1.320577
11184	-727.4243	-898.7949	171.3706	0.5897333	0.771773	0.6457727	0.3809753	0.9411997	0.2758791	1.190412
11190	-713.8147	-884.9592	171.1445	0.6363274	1.665987	0.4616044	0.3729255	0.4545403	0.3171366	1.129579
11196	-727.3171	-897.3974	170.0803	0.5794642	1.285438	1.41368	0.5478859	0.1449838	1.073298	1.053906
11202	-735.6309	-904.4177	168.7868	0.5794642	0.9087533	2.047026	1.340606	0.2399692	1.099113	1.166155
11208	-713.6042	-882.0327	168.4285	0.5662491	0.9495883	1.284662	1.195893	0.7568712	1.229954	1.62584
11214	-706.2915	-876.5005	170.2091	0.7294354	1.110658	0.1729115	1.498912	0.1479042	1.086538	1.222263
11220	-714.5052	-885.8445	171.3393	0.9727946	0.7974942	0.1840667	0.3987349	0.36224	0.8362082	1.2801
11226	-715.1561	-885.6289	170.4727	0.9727946	1.108539	0.5631747	0.3226049	1.004635	0.6191497	1.132403
11232	-722.5743	-893.5849	171.0107	0.9770383	1.108539	0.3981876	0.4458844	0.3714743	0.2926118	1.503862
11238	-736.0171	-907.0214	171.0042	0.518003	1.217523	0.560978	0.5649273	0.3188388	0.3086377	1.556379
11244	-717.9353	-888.4824	170.5471	0.7045087	1.030171	0.4720206	0.7517141	0.2254505	0.1942812	1.976889
11250	-732.7812	-903.0096	170.2283	1.256541	1.030171	0.7405966	0.7575668	0.1102513	0.2091602	1.702988
11256	-723.3723	-894.0425	170.6703	1.331651	0.8877568	0.8031463	0.3714024	0.2412718	0.7647897	1.130221
11262	-718.4187	-889.6597	171.241	0.989734	1.144005	0.3846636	0.5630174	0.2493795	0.3368393	1.265452
11268	-717.1286	-885.828	168.6994	0.7159898	1.101829	1.422674	1.329217	1.387063	0.1497837	1.344045
11274	-723.671	-890.4109	166.7399	0.8664985	1.122191	1.154957	0.7292362	1.719773	2.797696	1.070984
11280	-728.507	-891.5231	163.0162	1.873311	1.300892	4.505214	0.07881001	2.10448	2.568165	0.7760698
11286	-724.34	-889.2853	164.9452	0.9761731	1.31779	3.954345	0.05398664	1.490164	2.660748	0.7760698
11292	-721.5277	-889.6819	168.1543	0.8431603	1.039347	3.383034	0.06521249	0.7646053	1.098405	0.8411391
11298	-706.7125	-874.7445	168.0321	0.8431603	1.696328	2.16785	0.06521249	0.6003467	1.83416	0.9634893
11304	-707.8245	-875.3496	167.525	0.8176586	1.452414	2.548242	0.6340337	0.1922639	2.089658	0.9417239
11310	-709.6974	-876.8834	167.186	1.035393	1.279151	1.291159	2.196779	0.1825163	2.089658	0.9417239
11316	-704.7867	-873.1902	168.4036	0.5959952	1.411533	1.90199	0.400609	0.4368609	2.089658	0.9417239
11322	-718.6865	-885.2309	166.5444	0.8932354	0.9951896	2.607049	2.227653	0.5765669	1.528119	0.8112205
11328	-717.232	-886.7719	169.5399	0.7767201	1.066568	1.252355	0.2478583	0.5140013	1.528119	1.249368
11334	-729.1439	-898.9158	169.7719	0.9360668	1.244936	0.4315254	1.12794	0.6359399	0.7285943	1.291462
11340	-720.8578	-891.405	170.5472	0.8479476	1.022618	0.2570494	1.12794	0.3800123	0.6043022	1.362973
11346	-718.6252	-887.067	168.4418	0.9269471	0.7574516	0.762389	1.12794	0.2091461	2.942762	1.034979
11352	-706.2765	-877.347	171.0704	0.8755884	0.8381393	0.4395586	1.053399	0.4672263	0.4649804	0.9943871
11358	-718.556	-888.9405	170.3845	0.5868585	1.469268	0.4395586	0.7492759	0.6593679	1.01793	0.8650948
11364	-718.6665	-890.3824	171.7159	0.4361121	1.455579	0.24892	0.4805589	0.2739159	0.5395143	0.9748868
11370	-719.2345	-890.8195	171.585	0.9396303	1.580455	0.09514222	0.606911	0.4243177	0.1514935	0.7972994
11376	-719.2725	-890.7174	171.4449	0.7631779	1.109666	0.6303943	0.6566566	0.4243177	0.1424425	1.029067
11382	-717.2863	-888.1506	170.8644	1.160987	0.9343353	0.4231347	0.5574425	1.070962	0.318931	0.8643995
11388	-710.2028	-880.7644	170.5615	0.8066392	0.828805	0.5731111	0.4208396	0.5500942	0.5672418	1.717588
11394	-718.4187	-889.5314	171.1126	0.8066392	1.144094	0.5731111	0.2634983	0.4331107	0.3911985	1.411423
11400	-717.6665	-888.1663	170.4998	0.8899056	1.137825	0.5731111	0.4787307	0.3982399	0.8229624	1.352682
11406	-707.5876	-878.5578	170.9701	1.010518	1.211154	0.7215426	0.3073312	0.4109671	0.5888473	0.9834607
11412	-720.0315	-890.5361	170.5046	0.6513999	1.327815	0.7961845	0.4048452	0.8639551	0.3876255	1.232406
11418	-720.7299	-890.9085	170.1786	0.7037578	1.139515	0.6720432	0.08964447	1.18914	0.9689106	1.232406
11424	-713.1354	-884.567	171.4316	0.6954894	1.18618	0.2130559	0.08964447	0.481303	0.562661	1.456428
11430	-714.4215	-885.8228	171.4013	0.7104377	1.18618	0.4491086	0.1370963	0.7033552	0.4567915	1.144214
11436	-707.0602	-876.5474	169.4872	0.5839027	1.359641	1.159597	0.6825184	1.341774	0.706495	0.847099
11442	-715.4029	-885.8428	170.4399	0.670557	1.598426	1.205737	0.5504373	0.3870664	0.4822123	0.847099
11448	-714.9642	-883.9194	168.9551	0.6934168	1.663372	0.6654062	0.4573489	1.313674	1.597041	0.8361128
11454	-717.9315	-886.5955	168.664	1.697509	1.424915	1.173599	0.3405039	0.7284839	1.08947	1.108498
11460	-717.0381	-887.8177	170.7796	0.6301273	1.424915	0.4423771	0.3541272	0.7284839	0.6117693	1.200282
11466	-711.364	-878.085	166.721	1.144352	1.026594	1.502245	1.414137	1.218925	1.418076	1.621149
11472	-712.9721	-882.0026	169.0305	0.9886622	1.204638	1.203182	1.158939	0.4586478	0.5092789	1.541515
11478	-710.5286	-878.5902	168.0616	0.8586896	1.175112	1.291967	1.223793	0.8807905	0.9629905	1.613503
11484	-717.636	-885.2428	167.6068	1.524509	1.170831	0.9594892	1.363415	1.166547	0.949308	1.410571
11490	-712.4713	-879.9328	167.4616	0.8642258	0.800576	1.322358	1.098006	0.7849435	2.394776	1.410571
11496	-716.3534	-884.1917	167.8383	0.9638852	0.9800852	1.280303	0.9880092	1.301457	1.148166	1.580964
11502	-707.7467	-877.8409	170.0942	0.7755421	1.197655	0.2774161	0.7334821	1.336632	0.5607815	1.206961
11508	-707.3159	-877.6841	170.3683	1.212082	1.111686	0.06465498	0.1131834	1.336632	0.8996144	1.094984
11514	-707.0118	-878.3207	171.3089	0.9210615	1.117196	0.0985885	0.564147	0.2188496	0.6595565	1.282087
11520	-707.918	-878.6627	170.7447	1.219548	1.280814	0.08021222	0.564147	0.3095672	0.4365672	1.481512
11526	-704.3322	-874.0855	169.7533	0.8213891	1.083112	0.218995	0.9827407	1.089495	0.4365672	1.662923
11532	-718.4235	-886.3309	167.9074	1.147382	1.408418	0.8330365	1.421028	0.7419955	1.140511	1.507649
11538	-714.011	-882.0885	168.0774	0.8676934	0.8607096	1.332918	2.380705	0.6907571	0.4768877	1.440923
11544	-722.171	-888.9828	166.8118	0.7116484	0.9821715	2.046372	1.217885	1.724779	1.107817	1.500806
11550	-731.1535	-899.9287	168.7751	0.2593004	1.193013	0.3858399	1.726799	2.069479	0.2175242	1.248564
11556	-715.2937	-883.2668	167.9731	0.3533025	1.312272	0.1904216	0.8666101	2.069479	2.218237	1.070769
11562	-713.5528	-882.1871	168.6343	0.8079241	1.275411	1.102285	1.814083	1.313777	0.1651409	1.086155
11568	-710.0626	-878.3678	168.3053	0.6015036	1.395108	0.8322913	0.9013197	1.313777	1.618628	1.199286
11574	-721.0258	-884.0251	162.9993	0.7894466	1.52489	1.524001	4.14529	3.14961	0.6561118	1.360684
11580	-721.5774	-887.6765	166.0991	0.5023435	1.478531	1.860982	0.8364156	3.14961	0.6482183	1.491113
11586	-729.6017	-894.6034	165.0017	1.096303	0.9266101	0.5776483	0.09496997	3.488665	3.196449	1.666253
11592	-728.515	-892.6353	164.1203	0.744552	0.8599343	2.119406	1.832952	1.966267	2.87677	1.563432
11598	-723.5382	-888.1171	164.5789	0.6996647	1.17843	1.556849	2.334373	0.9511334	3.23508	1.550734
11604	-719.5462	-886.3131	166.7669	0.8084923	1.331731	1.716436	1.76864	1.554014	0.9725177	1.25583
11610	-727.5332	-895.5548	168.0217	0.8084923	1.464002	1.332174	2.111787	0.9597928	0.2208067	1.25583
11616	-718.3048	-885.5073	167.2026	0.8084923	1.021456	2.754945	2.668868	0.5715561	0.1872767	0.9873584
11622	-712.9621	-879.6246	166.6625	0.5231229	1.670652	1.401576	1.817687	2.704275	0.3980331	0.9873584
11628	-706.1693	-873.259	167.0897	1.087073	1.398978	2.606861	0.3477164	2.704275	0.1467018	0.7996129
11634	-716.4074	-883.7384	167.331	0.904058	1.454541	2.228298	1.43247	1.468948	0.151505	1.213179
11640	-723.6949	-892.031	168.3361	0.9486298	1.19551	0.6052744	1.212017	1.83866	1.084623	0.9831453
11646	-729.4075	-896.1626	166.7551	0.4620263	0.8155515	1.41015	3.385943	0.5015288	1.532185	1.25067
11652	-715.7703	-886.8927	171.1224	0.9031508	0.6979785	0.3951712	0.7750774	1.388049	0.04168475	0.8714043
11658	-724.578	-895.3051	170.7271	0.8966685	0.9600434	0.344087	1.347378	0.9248571	0.1233048	0.8714043
11664	-729.3122	-898.6798	169.3676	0.82251	1.108429	1.271091	0.8481315	1.763844	0.2322918	0.7520155
11670	-738.981	-908.1351	169.1541	0.5607292	0.9199152	0.816854	1.462211	0.733773	1.13075	1.348269
11676	-727.213	-894.5475	167.3345	0.7972482	1.142677	1.891579	1.026163	0.5937457	1.79416	1.52071
11682	-724.546	-893.9869	169.4409	1.152399	0.8197697	0.5198723	0.70133	0.5157322	1.79416	1.236303
11688	-724.9298	-891.8265	166.8967	0.4988073	0.9824906	0.03878797	2.857423	0.7401366	3.254296	0.880078
11694	-723.5811	-894.8354	171.2543	0.5266831	1.599523	0.1136373	0.8286597	0.6104111	0.3785518	0.8402953
11700	-707.9118	-877.0553	169.1435	0.618465	1.244238	0.06116177	2.082689	0.6964646	1.594571	0.6817327
11706	-713.3465	-882.7347	169.3882	0.7159928	1.650171	0.5902103	1.464621	0.3234438	1.366083	0.5591419
11712	-720.9717	-891.1046	170.1329	0.7159928	1.539366	0.2955441	1.121466	0.3872334	0.9234456	1.079438
11718	-719.1519	-888.2191	169.0672	0.7934496	1.15951	0.6093515	1.573741	0.8665929	0.9672292	1.15428
11724	-722.7635	-890.3939	167.6304	1.089858	1.050037	1.826088	0.7021644	1.311143	0.9238203	1.556611
11730	-715.7575	-884.4122	168.6547	0.955392	0.9275249	0.704167	1.741322	0.6314203	0.9480665	1.535023
11736	-726.723	-895.6271	168.904	0.630473	0.9275249	0.06284068	1.789708	1.62294	0.9750649	1.250027
11742	-719.8064	-887.2682	167.4619	1.142179	0.9183191	0.08835565	1.789708	3.104225	0.6594188	1.039662
11748	-714.5709	-883.1928	168.622	0.666192	1.141193	1.356283	1.295605	1.135586	0.4914917	1.417165
11754	-726.4458	-892.1665	165.7207	0.9884797	0.8939782	2.06206	2.557099	1.386559	1.094619	1.428668
11760	-716.582	-884.3443	167.7623	0.8749482	0.7597541	2.06206	1.608861	0.5448945	1.151533	1.381133
11766	-709.1287	-875.8209	166.6922	0.8749482	1.496189	1.002874	2.462214	0.4358579	1.800061	1.381133
11772	-710.67	-879.0474	168.3774	1.380992	1.714582	0.9499809	0.6763016	0.05339049	1.800061	1.233776
11778	-719.6903	-888.5327	168.8424	0.6382699	1.009745	2.113022	1.121588	0.9518195	0.6080389	0.9003172
11784	-718.3929	-887.5981	169.2052	0.9955702	1.19386	0.6196634	0.7553304	1.820062	0.8228229	0.7558123
11790	-715.0339	-883.2619	168.228	0.7598277	1.817964	1.414889	0.2763262	1.174002	1.635727	0.8872819
11796	-718.9337	-889.4209	170.4872	0.7002403	1.093683	0.8112281	0.5801675	0.581053	0.6676672	1.249258
11802	-729.5631	-898.045	168.4818	0.8185305	1.073362	1.322818	0.9057198	1.350366	0.6884672	1.475284
11808	-720.7302	-891.1222	170.392	0.9637648	1.029403	0.6868891	0.9340228	0.6407652	0.1027853	1.392971
11814	-714.3115	-885.4392	171.1277	0.6260898	0.9445857	1.027156	0.3820133	0.9220998	0.07643775	1.079765
11820	-721.0218	-889.7735	168.7518	0.7406325	1.31757	1.445765	0.785661	2.035161	0.1600261	0.9626111
11826	-719.5714	-886.2625	166.6911	0.8458418	1.295235	1.360319	2.369973	2.4375	0.2051936	0.9982042
11832	-725.1909	-894.3998	169.2088	0.8102212	0.8886593	1.698211	0.9198604	0.4182778	0.3592294	1.721159
11838	-719.3583	-890.6507	171.2924	0.4827651	1.207694	0.5869185	0.5889767	0.1040821	0.549673	1.299806
11844	-714.7965	-884.628	169.8315	0.77432	1.310608	0.4354904	0.5082919	0.8328081	1.282484	1.207087
11850	-722.0257	-887.1769	165.1512	0.9418803	1.310608	0.3316724	0.07909158	4.169197	3.286366	0.9316165
11856	-703.8019	-873.6862	169.8844	0.5717922	1.325122	0.758543	0.1405134	1.152955	1.239617	1.100968
11862	-694.7888	-865.2686	170.4798	0.969655	1.316326	0.7956707	0.2840533	0.7442045	0.1123976	1.429757
11868	-702.8589	-873.2925	170.4335	0.6768737	0.8454567	0.6918289	0.5276444	0.730654	0.6092085	1.563376
11874	-706.3853	-876.1314	169.746	0.7491673	0.8454567	0.8569831	0.3211672	0.9347113	1.066944	1.563376
11880	-729.6373	-898.285	168.6477	1.018725	0.6126199	0.7796659	1.130656	1.267979	0.54034	1.932672
11886	-719.6758	-889.2486	169.5727	0.8546955	1.065887	0.7851379	0.5437919	1.234002	0.5054685	1.535216
11892	-724.0957	-893.5633	169.4676	1.04464	1.259717	0.7851379	0.6791365	1.157775	0.4458005	1.321599
11898	-717.7199	-887.0664	169.3465	0.615953	0.8851448	1.197984	0.3412848	1.865425	0.4878954	1.387165
11904	-714.232	-882.942	168.7099	1.210609	0.8627554	0.3458926	0.7357746	0.8955448	1.579962	1.696795
11910	-723.256	-892.3598	169.1038	0.9889805	0.8237792	0.9805935	0.6221843	0.6185182	0.9632482	1.862453
11916	-724.0927	-891.6502	167.5575	1.017354	1.070961	0.9882388	1.01529	1.334883	1.427956	1.644757
11922	-731.5918	-901.1289	169.5371	1.46494	0.8816023	0.4177597	0.8709962	0.3790289	1.169494	1.423106
11928	-721.8491	-892.1185	170.2694	0.7779264	1.027487	0.8365228	0.8709962	0.3790289	0.5858829	1.392884
11934	-713.2412	-883.8079	170.5667	0.6450716	0.63897	1.103451	0.7417557	0.1620932	1.206531	1.120191
11940	-724.0423	-895.6047	171.5623	0.9030744	0.63897	0.2185791	1.071637	0.1397206	0.4829274	1.173217
11946	-726.8429	-897.457	170.6141	0.8504477	1.039115	0.9736221	1.071637	0.1397206	0.757833	0.7005152
11952	-716.1029	-887.6728	171.5699	0.6487101	1.080238	1.128384	0.3591903	0.3477473	0.2516433	0.7767225
11958	-702.7108	-870.8639	168.1531	0.6835951	1.345675	2.374299	0.2438752	0.8195382	1.712255	0.8511285
11964	-719.4084	-888.6315	169.2232	0.6686638	0.9262588	1.485991	0.2155003	2.312252	0.3565604	1.005846
11970	-723.7642	-889.9161	166.1519	1.009543	1.167221	1.974302	0.4131357	2.312252	2.08336	1.088697
11976	-717.864	-883.3971	165.5331	0.4887237	1.164455	2.564369	0.9500521	3.498207	0.384115	1.481164
11982	-724.1507	-893.723	169.5723	0.7568335	0.7442396	0.4190866	1.188213	1.473006	0.2775096	1.628617
11988	-732.7944	-902.2961	169.5017	0.9551022	0.9825048	0.8254951	1.438905	1.132888	0.1656318	1.186359
11994	-727.0578	-898.6327	171.5748	0.6437218	0.659249	1.435904	0.7174615	0.07599922	0.01042383	1.071291
12000	-717.3767	-889.3886	172.0118	0.6145018	1.191694	1.183683	0.211793	0.02737732	0.1073595	0.820384
12006	-714.1342	-884.5271	170.3929	1.101514	1.289043	1.328015	0.1609952	0.6708607	0.1440174	1.111198
12012	-712.1392	-882.0396	169.9004	0.5178516	1.015896	0.2336559	1.671071	1.495369	0.148486	1.168009
12018	-729.1956	-897.9249	168.7292	0.4352022	1.132278	0.1128472	1.639966	2.265505	0.4048839	1.35428
12024	-706.4354	-876.051	169.6156	0.8014344	0.7127421	0.1286713	1.5913	1.855791	0.4048839	1.088255
12030	-712.2923	-881.812	169.5197	1.032705	0.7079696	0.3221622	1.5913	0.6730171	1.562445	0.7604767
12036	-713.3835	-884.0468	170.6633	0.6335144	0.9405548	0.1175294	1.419843	0.4948695	1.170646	0.6874363
12042	-707.2265	-878.6025	171.3761	0.5140789	1.281346	0.1006385	0.9038972	0.7107996	0.5756724	0.5593676
12048	-712.6327	-883.1894	170.5566	0.6506151	0.8579507	0.09479633	1.189121	0.7597378	1.388103	0.5327549
12054	-710.6536	-879.8414	169.1877	0.9831757	0.9084323	0.07403689	1.820314	1.096971	1.388103	0.6794071
12060	-716.4299	-886.9524	170.5225	0.4174773	1.240094	0.01682018	1.494358	0.6945935	0.9823617	0.6794071
12066	-717.2505	-888.4445	171.194	0.8887767	0.8279046	0.1047017	1.483239	0.3042649	0.615704	0.7463538
12072	-726.0225	-898.158	172.1355	0.4998761	0.8685176	0.08007779	0.3442027	0.2654743	1.070492	0.8857984
12078	-729.3511	-900.5702	171.2191	0.7692319	0.6744677	0.9588069	0.01619092	0.0303499	1.581459	0.9503725
12084	-730.3683	-901.445	171.0768	0.7340265	0.8464874	1.784579	0.0239649	0.03570582	0.7946289	0.8977647
12090	-730.7232	-898.2924	167.5692	0.9088108	0.9431532	0.8411047	0.9504059	1.702861	1.760806	1.449378
12096	-723.7875	-891.933	168.1455	0.6326104	1.174619	1.833143	0.6407954	1.941007	0.7651048	1.05555
12102	-718.4224	-887.3738	168.9515	0.4339718	1.447381	1.464429	0.6982946	1.9324	0.1520075	1.043568
12108	-722.2461	-891.563	169.3169	0.7444546	1.695293	0.4597466	1.15886	0.792681	0.9358901	1.092326
12114	-714.6708	-884.062	169.3913	1.265867	0.809018	1.810245	0.8755168	0.6468882	0.4342085	0.9730314
12120	-720.8743	-887.3299	166.4556	0.9431448	1.403119	2.394806	1.780424	2.17779	0.3438808	0.5821788
12126	-705.5251	-874.7697	169.2445	1.09887	1.254586	1.190412	1.250219	0.9134236	0.3990768	0.8384978
12132	-719.0918	-889.8548	170.7629	0.5558128	0.9163161	0.5499885	1.364288	0.7445523	0.3990768	0.872956
12138	-707.4079	-877.5331	170.1252	0.5857299	1.060348	1.101945	1.087488	0.9097427	0.4294541	0.872956
12144	-707.0425	-874.5508	167.5083	0.6436315	1.042987	1.975766	1.250787	0.8598062	1.865538	1.043558
12150	-720.9368	-888.2673	167.3305	1.202761	1.051378	2.732673	0.8843662	1.096511	1.003831	0.8975587
12156	-717.0234	-884.3052	167.2818	0.6578469	1.401465	0.9054225	0.8843662	2.174834	1.831964	1.053963
12162	-718.205	-885.0972	166.8922	0.6578469	0.9813354	3.190815	2.015965	0.2186553	0.8966637	1.301594
12168	-714.2881	-880.2886	166.0005	0.9700528	0.7169722	1.988099	1.895432	1.692973	0.8966637	1.821515
12174	-715.7138	-883.7713	168.0575	0.7965066	0.6639496	2.018277	1.398965	0.5779489	1.10065	1.495411
12180	-721.2838	-893.2501	171.9663	1.05292	0.5920546	0.3611235	0.8224542	0.261088	0.1185015	1.029251
12186	-721.5513	-892.1598	170.6086	0.8006545	0.8304152	0.1165271	0.7005226	1.965578	0.08615936	1.090114
12192	-725.9371	-895.4293	169.4922	0.7085181	0.9471206	0.4611248	1.965763	1.495205	0.0339259	1.090114
12198	-711.2195	-880.918	169.6985	0.7220235	0.9727607	0.1051448	1.790476	1.925633	0.01851209	0.9651103
12204	-723.7834	-892.9981	169.2147	0.7993697	0.7704602	0.02611824	0.6381794	2.754793	1.119094	0.8703618
12210	-723.468	-893.0314	169.5635	0.616254	0.8029711	0.01087089	0.65281	1.539405	1.894063	1.102502
12216	-718.3256	-888.1944	169.8688	0.9286056	1.013605	0.07007108	0.1107761	1.376665	1.928052	0.9023605
12222	-712.694	-884.6578	171.9638	0.9424772	0.9476784	0.07790033	0.2423366	0.7656432	0.4862931	0.735084
12228	-712.0549	-883.2355	171.1807	0.6133015	1.03622	0.2990459	0.670121	0.7656432	0.8087378	0.7863624
12234	-709.8724	-881.7321	171.8596	0.7511038	1.405303	0.2990459	0.3578504	0.5515018	0.1629614	0.7863624
12240	-714.6393	-886.3907	171.7514	0.5956952	1.690594	0.2922416	0.3616528	0.6060197	0.01968719	0.8546246
12246	-706.5618	-878.3484	171.7866	0.733108	1.082136	0.7116749	0.6847681	0.1464978	0.1232901	0.9287011
12252	-704.1048	-876.0525	171.9477	0.6230323	0.7064995	0.6281763	0.9069951	0.2141742	0.1261373	1.035021
12258	-702.9412	-874.0931	171.152	0.9466216	0.891226	0.5881696	0.9069951	0.1271208	0.5563559	1.035021
12264	-708.3553	-877.4692	169.1138	0.6360337	1.022084	1.72999	0.9069951	0.07420592	1.256915	1.389604
12270	-708.1318	-874.259	166.1272	0.8314725	0.9755563	1.72999	1.894423	0.546178	2.260451	1.67762
12276	-706.925	-878.3138	171.3887	0.9009165	0.792075	0.8992636	0.3644417	0.2838856	0.4191225	1.145772
12282	-704.3488	-875.4979	171.1491	0.6255466	1.328431	0.8992636	0.1201796	0.6429186	0.3014309	1.115664
12288	-709.9762	-878.4384	168.4622	0.6255466	1.082792	1.805866	0.7551759	1.223474	0.9685893	1.240141
12294	-721.3848	-890.218	168.8332	0.6255466	1.058047	1.843985	0.2344945	2.116159	0.5615651	0.9115386
12300	-732.6005	-900.8723	168.2718	0.6233471	1.716426	1.208621	1.691706	1.233088	0.4892514	0.9530662
12306	-728.4777	-896.7722	168.2945	0.5313186	1.06729	0.5675914	1.795201	1.344473	1.393875	1.161808
12312	-722.2175	-891.7547	169.5373	0.8065923	0.925054	2.193777	0.05725766	0.6087007	1.062441	1.011395
12318	-717.9954	-888.7236	170.7282	0.8832387	0.925054	0.9994841	0.2543743	0.454956	1.062441	0.8894581
12324	-716.4891	-884.6175	168.1284	1.081665	0.9161331	2.332388	0.4199366	1.721198	0.5731824	1.030857
12330	-717.7829	-887.3237	169.5408	0.6167999	1.243373	0.9217168	0.4199366	1.385435	1.02796	1.030857
12336	-714.7492	-886.4696	171.7204	0.4143532	1.243373	0.5663745	0.2357956	0.4753795	0.4134734	1.041416
12342	-721.0136	-892.9457	171.9321	0.5667727	1.196624	0.4803678	0.1549621	0.2045137	0.3903714	1.228968
12348	-717.5629	-889.0143	171.4515	1.433366	1.07559	0.270405	0.1549621	0.4122262	0.4087657	1.005848
12354	-722.9803	-893.0637	170.0834	1.132336	1.07559	0.8234282	1.009458	0.06814864	0.3330763	1.562698
12360	-709.3997	-879.6981	170.2983	0.6588494	1.07559	0.8234282	1.009458	0.5829399	0.02742668	1.590644
12366	-726.1542	-895.789	169.6348	0.814139	0.763949	1.120527	1.009458	1.102315	0.123648	1.529375
12372	-716.99	-884.6004	167.6104	1.215924	1.135983	1.906253	1.793133	1.102315	0.06985016	1.327383
12378	-716.9464	-887.2222	170.2758	0.7710057	1.084161	1.068756	0.04168936	1.176025	0.597877	1.172631
12384	-712.7875	-882.8452	170.0577	1.093578	1.073573	1.231555	0.1180619	0.7663338	0.7077892	1.145936
12390	-717.3539	-887.7979	170.444	1.433132	1.216092	0.8684318	0.1867064	0.5943796	0.3850573	1.081635
12396	-720.9215	-891.6037	170.6821	0.5637608	1.368738	1.035441	0.5852005	0.7736322	0.1237428	1.043189
12402	-716.5169	-885.3365	168.8196	0.9804749	0.9302854	0.8390428	0.6029672	0.785477	0.9961892	1.962011
12408	-704.0239	-872.0166	167.9927	0.7281116	0.830143	1.968356	0.5469059	2.052074	0.7717929	1.276672
12414	-713.056	-882.0635	169.0076	0.778847	0.9200174	1.193814	0.6060331	1.534566	0.8560988	1.273063
12420	-708.7915	-876.4147	167.6232	0.8988195	1.432128	0.7279848	1.758475	1.814486	0.8257598	1.116769
12426	-714.8064	-880.8344	166.0281	0.6791881	0.8134061	1.433437	2.203848	1.363347	1.940059	1.602899
12432	-717.6547	-883.3515	165.6968	0.7025227	1.258479	2.154465	3.310151	0.8044808	1.095492	1.162977
12438	-719.0166	-883.5964	164.5798	0.8638484	0.9220588	2.939036	2.562472	0.7572433	2.023556	1.470656
12444	-723.4019	-889.4524	166.0505	0.6588951	1.027326	2.897413	1.725019	0.4851314	2.023556	1.290013
12450	-718.0468	-884.469	166.4222	0.8300836	1.011542	1.229494	2.053879	1.893992	0.9449314	1.66272
12456	-710.9824	-878.5803	167.5979	0.8300836	1.299618	1.945672	0.2733103	1.741899	0.876091	1.532809
12462	-704.7313	-873.2496	168.5183	0.5439787	1.172718	1.146275	1.029136	1.741899	0.9413006	1.075315
12468	-707.1972	-875.1268	167.9296	0.8872024	1.14063	1.597259	0.8818902	2.260632	0.6427293	0.8516658
12474	-715.4617	-882.6038	167.142	1.064318	0.7854946	1.928408	3.13498	0.4131529	0.32003	1.36256
12480	-713.4603	-880.5808	167.1206	0.5192743	0.8214479	2.035926	3.13498	0.1955066	1.159407	1.164644
12486	-711.5475	-879.6642	168.1167	0.5192743	0.9842086	3.119671	1.377572	0.1161995	0.9522538	0.9778364
12492	-702.4964	-870.8936	168.3972	0.8435645	1.433339	2.120944	1.131443	0.08817126	1.185231	1.003432
12498	-713.4351	-881.6367	168.2016	0.8773935	0.7623797	1.139614	1.802953	0.4209729	1.102718	1.718867
12504	-710.2455	-878.0873	167.8418	0.7478317	1.146582	0.2741295	1.473749	2.120105	1.09969	1.425432
12510	-704.2263	-873.864	169.6377	0.7478317	1.193913	0.6192345	1.046093	0.8340004	0.6250986	1.425432
12516	-702.5477	-872.3848	169.8371	1.089316	0.7973043	0.4890544	1.046093	0.8340004	0.3204175	1.644073
12522	-717.5734	-886.7292	169.1558	1.240662	0.955881	0.702943	0.3385444	0.6573789	0.7386517	2.072362
12528	-706.0061	-874.5818	168.5757	0.7738952	1.131614	1.235674	0.3714153	1.829057	0.7386517	1.462934
12534	-714.2109	-883.4862	169.2753	1.175701	1.042313	0.7763347	0.2650044	0.9461578	1.178586	1.462934
12540	-713.1428	-883.2343	170.0914	0.7132785	1.019313	0.3426332	0.1130402	0.9461578	1.178586	1.646057
12546	-712.5578	-881.6593	169.1015	0.6738439	0.8563747	0.7093146	0.682093	0.9949986	1.195949	1.778175
12552	-723.7363	-892.8086	169.0723	0.7469785	0.6751238	0.8080032	0.9763098	0.9949986	0.9785515	1.755339
12558	-710.5078	-880.0768	169.569	0.7733746	0.8043221	0.6218501	1.297207	0.572805	0.6469469	1.732874
12564	-716.0539	-885.3273	169.2734	0.5149618	0.8043221	1.438136	0.4165373	1.049907	1.082896	1.490845
12570	-727.0914	-895.0689	167.9775	0.9841677	1.292906	1.861312	0.7945379	0.753856	1.023837	1.440508
12576	-719.9312	-889.2303	169.2991	0.9841677	1.113007	1.121659	0.6349914	0.07589915	1.516102	1.396648
12582	-722.8004	-888.7486	165.9482	0.8410517	1.852784	3.208752	1.731713	0.1963258	1.504724	0.9159927
12588	-711.389	-880.6801	169.2912	0.8410517	1.168227	1.227495	0.8989899	0.09215949	1.296087	1.340618
12594	-720.0587	-889.356	169.2973	0.8634127	1.319321	1.028838	1.467591	0.01759542	1.296087	0.9090415
12600	-715.4509	-885.3245	169.8736	0.5463277	1.137936	0.198019	1.213964	0.9511643	1.296087	0.9540448
12606	-728.7272	-896.2255	167.4982	0.6885842	1.077651	0.3302038	1.054405	2.815278	1.782295	0.9481378
12612	-721.1082	-888.1273	167.0191	0.9439054	1.008022	0.804753	1.054405	2.836932	1.647029	0.8823698
12618	-717.5753	-885.8192	168.2439	1.068956	1.034188	0.2249429	1.092343	2.002929	1.647029	0.8823698
12624	-726.7045	-894.7497	168.0452	1.047988	1.046117	0.1626828	0.9863802	2.107534	1.647029	1.150827
12630	-720.4644	-890.4767	170.0123	0.6353701	1.100437	0.9749376	1.144004	0.8427819	0.3228148	1.147579
12636	-712.1493	-882.4714	170.3221	0.8798718	1.080205	0.5887498	0.6933877	0.7313259	0.5444975	1.321037
12642	-715.0731	-882.3054	167.2323	0.6903365	1.044578	0.6725386	2.109084	1.228982	1.562053	1.546109
12648	-722.5	-892.962	170.4621	0.7351764	1.236727	0.4434558	0.6188801	0.8462771	0.3590671	1.426637
12654	-715.642	-884.997	169.355	1.166165	1.000235	0.9135689	0.8599571	1.018913	0.2946591	1.501293
12660	-716.0389	-886.4167	170.3778	0.9558749	1.027797	0.557225	0.8599571	0.2623935	0.7051753	1.395581
12666	-715.5586	-885.0744	169.5158	0.5863181	0.9318244	1.546529	0.850459	0.665698	0.8840955	1.185732
12672	-718.5361	-884.5036	165.9676	1.242489	1.534509	2.514184	1.204786	2.489196	0.3110519	0.940247
12678	-737.4526	-905.2525	167.7999	1.240528	1.144916	1.722681	0.4762949	1.479054	0.9153442	1.37153
12684	-728.3554	-897.8692	169.5138	0.6984654	1.530324	0.8491782	0.8320217	0.7101324	0.6876287	1.330557
12690	-729.477	-897.7566	168.2796	0.7409972	1.261416	1.705317	0.6501465	0.8271509	1.200193	1.455099
12696	-722.2701	-891.6212	169.3511	0.7536742	1.00036	1.297898	1.031452	0.8873848	0.7625339	1.110516
12702	-712.7414	-881.2676	168.5262	1.088619	1.166843	1.3596	1.16185	1.226133	0.5028815	1.16047
12708	-709.388	-879.2081	169.8201	0.6766096	1.091006	0.5476023	0.3397536	1.10371	0.5028815	1.869542
12714	-719.4231	-889.5107	170.0876	0.9355029	0.8126444	0.130523	0.6228051	0.7652278	1.116852	1.602132
12720	-718.1905	-888.9533	170.7628	0.8617719	0.8614181	0.03278136	0.138885	1.046357	0.6290147	1.700836
12726	-719.5093	-891.0358	171.5265	0.9958007	0.8543937	0.02208906	0.3315734	0.4866151	0.3263509	1.549304
12732	-719.708	-891.5949	171.8869	1.310448	0.7263693	0.01154638	0.3456185	0.116356	0.4814796	1.292877
12738	-708.7259	-879.29	170.5641	1.114577	0.8163733	0.4088457	0.5184336	0.2301379	0.4814796	1.840094
12744	-708.4811	-879.1313	170.6502	1.083607	1.143899	0.9509583	0.2449671	0.6790466	0.2737036	1.165496
12750	-716.7557	-883.9642	167.2085	0.6272755	1.593597	1.787426	2.168507	0.5864305	1.178725	1.037851
12756	-716.3083	-886.7823	170.474	0.411705	1.82093	0.3831559	1.106362	0.5864305	0.2531223	1.071305
12762	-707.2464	-877.0497	169.8034	0.6720484	0.9288436	0.3656766	2.210695	1.138122	0.1125689	0.9625547
12768	-721.7913	-891.0273	169.236	0.5685734	1.30054	2.852542	0.5155722	0.7106006	0.05090417	0.9413696
12774	-728.2161	-894.356	166.1399	0.7146144	1.176327	2.915867	0.9378805	1.501349	1.952384	0.846895
12780	-716.6934	-882.6151	165.9217	0.7323303	1.176327	3.01301	2.053633	0.7896621	1.749461	0.7114237
12786	-721.9417	-887.8456	165.904	0.7782635	0.9610722	2.856293	1.233444	0.6616595	3.00861	0.7656533
12792	-714.6432	-881.6532	167.0099	0.710852	1.087827	2.789796	0.841104	0.04186954	3.00861	0.5912485
12798	-706.0716	-874.6892	168.6177	0.8627592	1.087827	1.671923	1.926119	0.3298866	0.5979983	1.104324
12804	-711.3579	-880.8447	169.4868	1.493898	0.9183738	0.8029316	0.6267388	0.1191601	1.694783	1.070959
12810	-707.8266	-875.581	167.7544	0.7732372	1.241472	2.506138	0.4603138	0.06425572	2.271513	1.123085
12816	-709.7069	-877.0748	167.3679	0.9570751	0.8110625	2.858928	1.005488	0.03955652	2.250454	0.9092131
12822	-712.0194	-879.8487	167.8292	1.02645	0.8155187	2.656442	2.348755	0.275622	0.3560853	0.8893964
12828	-707.1123	-875.8114	168.6991	1.275668	0.7869606	2.063297	2.033767	0.3270786	0.124744	0.8893964
12834	-718.544	-888.5589	170.0149	0.6404781	0.8603533	0.7415963	1.175931	0.3954519	1.488407	0.8635302
12840	-720.9711	-889.4923	168.5212	0.8495176	0.9464772	1.570557	0.5371089	1.701145	0.6185207	1.396392
12846	-720.403	-890.9444	170.5413	0.8495176	0.9202627	0.4917282	0.9686695	0.5618297	0.6357623	1.214183
12852	-723.5115	-893.6385	170.1271	0.4732192	1.082836	0.4356099	1.195164	1.039165	0.6001817	1.178152
12858	-721.5838	-891.9408	170.3571	1.124738	0.9354402	0.1370791	1.315503	1.170866	0.09484875	1.06668
12864	-718.6223	-888.6189	169.9966	0.8329144	1.129919	0.1621601	1.315503	0.9451055	0.7083463	1.107231
12870	-722.6967	-893.1337	170.437	0.6906229	1.336272	0.9198228	0.7810934	0.2307815	0.6076676	1.178813
12876	-714.3694	-883.9066	169.5372	0.5336042	1.116237	1.506729	0.7810934	0.2557693	1.254094	1.170752
12882	-711.8725	-880.9921	169.1196	0.5336042	0.8206525	1.017586	0.4057172	2.026143	0.7941749	1.390327
12888	-704.4312	-871.0887	166.6575	0.4885266	1.474807	2.245654	0.9405809	2.026143	0.8023783	1.441142
12894	-713.6129	-881.2713	167.6584	0.8177842	1.163144	0.2400381	0.3579242	4.48259	0.01603948	1.402613
12900	-705.1688	-875.0888	169.92	0.7278049	0.9960986	0.2409207	0.8786546	1.562952	0.02167009	1.687025
12906	-704.5531	-874.8468	170.2937	0.5534339	0.8821633	0.9287484	0.8786546	0.498093	0.6588698	1.413171
12912	-714.7176	-886.3326	171.615	0.5534339	0.8821633	0.7630504	0.5430933	0.2501536	0.25218	1.281596
12918	-714.0369	-885.721	171.6841	1.138336	0.8821633	0.5910888	0.6107814	0.004231623	0.07821801	1.198196
12924	-728.8187	-899.5695	170.7508	0.8995876	0.9598628	0.753717	0.6686435	0.1243246	0.7658264	1.253547
12930	-715.4451	-885.8921	170.4471	0.909204	0.8977903	1.18126	0.7021015	0.402175	0.5119785	1.143048
12936	-711.4066	-882.245	170.8384	0.6536795	1.357649	1.18126	0.5053752	0.3738739	0.5119785	0.7229097
12942	-713.7143	-884.4747	170.7604	0.6751095	1.318369	0.5204694	0.9318752	0.3935866	0.4145207	1.167858
12948	-713.85	-883.6147	169.7646	0.9711784	1.247703	0.4424859	0.7715751	1.061584	1.071333	0.8633306
12954	-717.7267	-888.1713	170.4446	0.5523889	1.44885	0.890249	0.2992766	0.5259548	1.105843	0.9015198
12960	-719.9589	-889.3632	169.4043	0.6850661	0.6264573	1.094974	2.280596	0.7575481	0.3256064	1.021085
12966	-716.5721	-887.395	170.8229	1.099854	1.010567	0.9022253	0.1883447	0.9434798	0.3256064	0.9066618
12972	-722.8041	-894.9583	172.1542	0.7942051	1.348362	0.3315841	0.05863666	0.5222346	0.1960827	0.7635958
12978	-713.6643	-885.0905	171.4262	0.6795857	1.506748	0.3315841	0.6943233	0.5398641	0.220119	0.7635958
12984	-707.7751	-879.993	172.2179	0.2804589	1.506748	0.298042	0.3644283	0.203332	0.220119	0.8429076
12990	-698.9358	-871.4425	172.5066	0.6623095	1.24534	0.1599393	0.2724884	0.4594969	0.1172273	0.7226108
12996	-699.429	-871.9326	172.5035	0.7053511	1.24534	0.2947432	0.1290032	0.4035439	0.01619212	0.8937988
13002	-719.2677	-890.6117	171.3441	0.5525188	1.876503	0.2128624	0.1735355	0.3959953	0.3083747	1.277457
13008	-712.7429	-884.0827	171.3398	1.065584	1.008947	0.5388487	0.1207487	0.7122465	0.3415734	1.073769
13014	-712.7914	-884.1779	171.3865	0.4389969	1.087781	0.231079	0.3331628	0.7002701	0.939148	1.010519
13020	-705.7738	-877.1877	171.4139	0.8337045	1.087781	0.6738357	0.02892473	0.4168994	0.5942406	1.144384
13026	-708.3646	-880.0203	171.6557	0.8113547	1.189827	0.8084039	0.01791715	0.09800239	0.4675564	1.144384
13032	-728.701	-896.4506	167.7496	0.5227753	1.047157	3.522342	0.04145253	0.9173843	1.017562	1.307462
13038	-726.8695	-897.6791	170.8096	0.5859488	0.8765686	1.442107	0.1017166	0.6774183	0.3415222	1.307462
13044	-719.7775	-890.6424	170.865	0.7198247	1.131257	0.6285108	0.01235479	0.772292	0.9111539	1.148281
13050	-715.6946	-886.0908	170.3962	1.186695	0.8479588	0.9442415	0.5422768	0.772292	0.2462886	1.24343
13056	-740.6399	-908.6136	167.9737	0.8402292	1.218475	1.430406	0.04001601	0.09417305	3.286099	1.285743
13062	-742.2474	-906.8875	164.6401	1.360557	1.177865	3.819301	0.0729401	0.9630989	2.791532	1.337348
13068	-727.5627	-888.3581	160.7954	0.5868272	0.9413007	5.777772	0.177877	0.9551208	5.179132	1.627851
13074	-731.4999	-895.5307	164.0308	0.8311396	1.308193	5.777772	0.2611826	0.3919579	2.115228	1.41808
13080	-733.5172	-901.6613	168.1442	0.7168434	1.027034	0.4880501	1.781997	1.043356	1.224266	1.630941
13086	-737.0335	-906.1628	169.1293	1.391811	1.027034	0.1951675	1.184433	0.2199028	1.57584	1.418332
13092	-718.728	-889.102	170.374	1.54412	0.9338889	0.3049039	0.7425474	0.2591198	0.5538196	1.433621
13098	-718.2192	-886.8935	168.6743	0.517987	1.520518	0.6744407	1.031307	1.389299	1.176775	1.166409
13104	-726.5562	-896.8695	170.3133	1.192753	1.098387	0.8270202	0.3918342	0.9822064	0.3730624	1.026189
13110	-704.2902	-875.4898	171.1996	0.5839198	1.003213	0.5641661	0.3918342	0.4841136	0.8194568	1.127527
13116	-716.7485	-886.2069	169.4584	1.379087	1.634403	0.5641661	0.817678	0.689487	0.4641158	1.187211
13122	-712.757	-884.2834	171.5264	0.8925443	1.269339	0.4805545	0.2351431	0.4290662	0.3017054	1.066942
13128	-724.0778	-895.342	171.2643	0.8925443	1.237266	0.6161879	0.1414959	0.4290662	0.268568	1.313644
13134	-722.0381	-892.6239	170.5859	0.7297699	1.069813	0.5995358	0.1398182	0.6534532	0.859576	1.47509
13140	-722.2807	-892.249	169.9683	0.3692415	1.558105	1.492543	0.3220005	0.4965	1.026521	0.8221381
13146	-728.6211	-891.938	163.3169	0.8060014	1.448358	2.480894	2.88639	3.850544	0.2605985	1.143407
13152	-722.2804	-889.8034	167.523	0.6361758	1.35439	1.707142	1.079609	1.206586	1.403192	1.252774
13158	-721.6148	-889.7825	168.1677	0.6361758	1.028997	1.559639	1.331299	0.6101939	1.403192	1.391864
13164	-731.0099	-891.1922	160.1823	1.122414	0.856655	1.308957	5.181306	5.590543	0.08709275	1.704078
13170	-713.4703	-882.4858	169.0155	0.6812226	0.8112037	1.447673	0.8167601	1.203764	0.3499678	1.70006
13176	-709.4151	-880.0066	170.5915	0.4432779	0.8718296	0.1371857	0.2095037	1.406068	0.9182374	1.468241
13182	-711.6574	-880.6028	168.9454	1.300671	0.9838523	0.4050113	0.7175205	1.171964	1.099947	1.491298
13188	-721.6457	-889.8658	168.2201	1.015855	1.675237	0.612474	0.7175205	1.42932	1.429441	1.099532
13194	-712.4115	-881.5921	169.1806	1.017662	1.134735	0.6455147	0.7175205	0.8631712	1.660677	0.9841258
13200	-705.5473	-875.1189	169.5715	1.152152	0.9792646	1.515111	0.43917	1.234989	0.3886878	0.9203201
13206	-717.4591	-886.6775	169.2184	1.020927	1.156744	1.536223	1.321589	0.8874058	0.09874857	0.9633761
13212	-708.1627	-877.7234	169.5608	0.568672	1.019456	0.9219604	0.1601417	1.551629	0.863722	1.452396
13218	-712.7916	-881.6274	168.8358	0.7983611	1.019456	1.238589	0.2625388	0.3891384	2.596771	1.059955
13224	-720.0854	-888.4169	168.3315	0.4123356	0.839818	1.419969	2.293152	0.5990824	1.152388	1.059955
13230	-718.2851	-887.5209	169.2358	1.36692	0.7429154	0.3318235	1.386965	0.9997481	0.9247787	1.20254
13236	-711.442	-881.7212	170.2792	0.7623607	1.338104	0.179088	1.386965	1.020497	0.3724249	0.8497389
13242	-722.4516	-892.624	170.1724	1.05528	1.318483	0.06666178	1.091636	0.9047997	0.8321291	0.7103369
13248	-719.9654	-890.8563	170.8909	1.05528	1.259887	0.08558251	1.228965	0.8746553	0.08052987	0.6446014
13254	-711.4674	-883.2936	171.8263	0.6637052	1.120327	0.0459037	0.7181353	0.9024667	0.1881055	0.645633
13260	-712.2007	-883.5907	171.3899	0.7416374	0.9164635	0.08240365	0.6920119	0.9375526	0.6993824	0.6702177
13266	-715.0022	-885.6874	170.6851	1.180138	1.308196	0.1042478	0.9206428	0.8624369	0.3752379	0.720567
13272	-720.8695	-891.6314	170.7619	0.6326782	1.170392	0.2680073	0.9120332	1.527967	0.04692823	0.858883
13278	-725.5754	-895.6522	170.0768	0.6326782	1.264312	0.138608	1.396434	0.8017837	0.5632209	1.282307
13284	-729.7531	-895.9678	166.2147	0.6299335	1.189057	0.5733156	4.296055	1.073473	1.019217	1.179264
13290	-737.6926	-902.1645	164.4719	0.6423543	1.187588	0.2390181	4.072055	3.976088	0.4937346	1.103399
13296	-725.0314	-892.3225	167.2911	0.9780967	0.5875525	0.123848	1.612831	3.976088	0.5685334	1.064077
13302	-724.1837	-891.4877	167.304	0.7042283	0.6099933	0.4350103	0.2396214	3.633226	2.205429	1.064077
13308	-724.2647	-894.264	169.9993	0.7758269	0.6741981	0.8273264	0.3708567	0.7077967	0.6219991	1.944659
13314	-730.4098	-900.7447	170.3349	1.08847	0.7281144	0.899832	0.2057189	0.809241	0.2878707	1.686272
13320	-720.5324	-890.2263	169.6939	0.7540307	0.743144	1.565138	0.6765768	0.809241	0.5708203	1.340357
13326	-730.9886	-900.6972	169.7086	0.5316691	0.8364876	0.8866546	0.5878502	1.73539	0.2837832	1.502243
13332	-720.3735	-890.5006	170.1271	0.654659	1.067075	1.058316	1.171357	0.1437418	0.7342496	1.215768
13338	-718.4213	-889.5192	171.0979	0.5708992	0.9065691	0.5987599	0.8508722	0.4653871	0.2548348	1.376307
13344	-725.1643	-895.6443	170.48	0.5644019	1.144227	0.09051191	1.468248	0.5339726	0.2479749	1.539513
13350	-713.098	-883.8412	170.7432	0.6137936	1.075885	0.1973541	0.7164201	0.2636703	0.921624	1.544949
13356	-712.2334	-883.8093	171.5759	0.5585166	1.075885	0.02362089	0.4076366	0.626551	0.6781873	1.209829
13362	-705.6399	-877.1218	171.482	0.7288331	1.206167	0.08980586	0.6054591	0.5370218	0.6781873	0.8611624
13368	-711.9599	-883.4461	171.4862	0.5519967	1.392538	0.1418492	0.6054591	0.07532697	0.9552704	0.9644906
13374	-713.2426	-884.0642	170.8216	0.4781956	0.8745188	0.2299681	0.3632681	0.7950805	0.985727	1.503738
13380	-710.7966	-881.6549	170.8583	0.7659374	0.9024838	0.7327731	0.2093475	0.7950805	0.2651657	1.557598
13386	-711.4808	-881.3764	169.8956	0.6486494	1.165441	0.9173343	0.07839083	0.7950805	1.01937	1.557598
13392	-717.2381	-886.1404	168.9023	0.9543168	0.8412521	1.412497	0.9254395	0.6182532	0.2666259	1.984343
13398	-713.7183	-881.4344	167.7161	0.742265	1.455556	2.418756	0.9254395	0.1253135	1.471074	1.306379
13404	-739.1264	-908.6413	169.5148	1.053125	0.7267525	3.473364	0.4070083	0.3146432	0.01500039	0.4461186
13410	-743.1668	-914.4585	171.2917	1.21803	0.5966251	1.421218	0.2588614	0.6362855	0.02957785	0.6937451
13416	-736.3108	-905.9921	169.6813	0.7628349	0.9712816	0.8905677	0.4149953	2.695958	0.02217656	0.7090146
13422	-729.3475	-898.2695	168.922	0.7332603	0.9671873	1.907588	0.5575079	1.821852	0.0959737	1.17972
13428	-721.8204	-890.6078	168.7874	0.7429451	0.9997047	2.023923	0.7830256	1.726707	0.1563426	0.979738
13434	-725.6096	-897.8506	172.241	0.5382902	1.07087	0.7983383	0.2363754	0.3182065	0.1563426	0.782847
13440	-735.3969	-905.0632	169.6663	1.029733	1.779617	0.3386326	0.4324372	0.9923212	1.12709	0.8193333
13446	-737.581	-906.3384	168.7574	0.3780585	1.080579	2.864655	0.2406509	0.7698374	1.12709	0.851243
13452	-713.3274	-882.3946	169.0673	0.4798982	1.059058	0.6039882	0.2097496	1.331084	2.594035	0.7731338
13458	-710.1291	-877.6746	167.5455	0.6183673	1.118081	0.3010542	0.1532308	2.986807	2.594035	0.8596374
13464	-711.881	-879.7939	167.9129	0.5530373	1.246439	0.62805	1.646122	1.713511	1.379737	1.090401
13470	-712.9836	-876.0628	163.0792	1.215275	0.8292072	0.4631714	3.386182	1.432722	4.806435	0.9932219
13476	-715.3873	-879.4534	164.0661	0.6859399	1.337138	0.819134	2.748857	4.295499	1.125099	1.112345
13482	-717.6366	-882.3551	164.7185	0.4358412	1.350002	0.8020828	2.752709	2.719518	2.228696	1.112345
13488	-717.6535	-885.9471	168.2936	1.122935	1.190907	1.03385	1.17918	1.043072	0.73906	1.505416
13494	-731.2105	-899.6432	168.4327	0.5677845	1.086682	1.451861	1.56392	0.529173	0.9719355	1.484293
13500	-720.263	-891.9802	171.7172	0.6394298	0.8830201	0.4532304	0.2510556	0.09927369	0.530399	1.516911
13506	-719.8577	-891.2887	171.431	0.6704351	0.7406078	1.269883	0.1250973	0.2890673	0.8139517	0.8400954
13512	-711.3802	-882.6614	171.2812	0.7280882	1.173641	1.269883	0.0999332	0.02653739	0.9078404	0.6036924
13518	-713.0285	-881.5948	168.5664	1.205647	1.531908	2.152848	0.5841306	0.0432139	1.379183	0.6728448
13524	-719.5494	-883.7177	164.1683	0.7183304	1.531908	1.907647	3.088185	0.4526065	3.486149	0.8287849
13530	-717.9533	-884.8698	166.9165	1.244264	1.240944	1.247067	3.088185	1.338942	0.2605182	0.8584488
13536	-717.4577	-881.2177	163.7599	0.7032128	1.00749	3.661589	0.9185084	5.13529	0.2922456	0.6228533
13542	-713.854	-883.0127	169.1587	1.292165	1.205	0.9078138	1.137238	1.513543	0.2994701	0.5034234
13548	-706.9062	-877.2347	170.3285	0.9544453	1.283683	0.825469	0.09618919	1.569805	0.4042125	0.6724838
13554	-707.356	-877.2639	169.9079	1.002649	0.9518456	1.475519	0.2497875	1.499435	0.4042125	0.6056043
13560	-718.4747	-887.3329	168.8581	0.7790675	0.978937	1.475519	2.034217	0.8140108	0.4042125	0.8439789
13566	-723.0014	-894.4687	171.4673	0.8384622	0.8659907	0.8282402	0.1589224	0.7575106	0.3489387	0.9357037
13572	-714.2514	-886.2306	171.9791	0.7924432	1.139817	0.543607	0.00309191	0.5377386	0.2684116	0.9357037
13578	-721.309	-892.285	170.976	0.9857339	0.9179988	0.2966552	0.001516285	1.24119	0.8660024	0.9152107
13584	-710.881	-881.9976	171.1166	0.9857339	1.198608	0.1907179	0.0007841576	1.24119	0.6610359	0.7814031
13590	-711.249	-881.8243	170.5753	0.9274994	1.123255	1.030997	0.00973973	0.8651059	0.9174156	0.6965859
13596	-719.1325	-889.3168	170.1843	0.5640064	0.9797127	1.644089	0.08227183	1.751529	0.2728378	0.5512457
13602	-707.9268	-877.5414	169.6146	1.344598	1.056707	1.696191	0.03737224	1.464639	0.2500039	0.6781218
13608	-706.3545	-876.69	170.3355	0.9971477	1.341321	0.8845819	0.01865947	1.702642	0.1124228	0.7846326
13614	-704.6338	-873.7572	169.1235	0.9971477	1.080688	2.49715	0.00189161	1.335652	0.3418189	0.8041967
13620	-708.7988	-878.2773	169.4785	0.9767143	0.9879449	1.874515	0.009621977	1.829209	0.1167219	0.928177
13626	-721.7276	-891.6676	169.9401	0.8531604	0.9399727	0.9658686	0.002053726	0.8956813	1.776414	0.8093732
13632	-714.8489	-885.529	170.6801	0.9893069	1.087498	1.092466	0.007361547	0.4590871	0.9326838	0.954558
13638	-709.2987	-880.4737	171.175	0.5066139	1.061872	0.666225	0.2099359	0.3285317	1.044124	1.15618
13644	-703.4529	-873.1225	169.6695	0.6177831	1.0506	1.138222	0.5977142	0.5819301	1.201548	1.293934
13650	-717.7165	-887.6003	169.8837	0.6177831	0.8884838	0.871566	0.8645509	0.487109	0.646839	1.740956
13656	-715.9948	-886.5916	170.5968	0.8951025	1.341488	0.7571744	0.223687	0.1961154	0.7789094	1.361656
13662	-709.7515	-880.2072	170.4557	0.7826607	1.041317	0.7571744	0.8424502	0.3749445	0.5329331	1.361656
13668	-721.4325	-892.6273	171.1948	0.820505	0.8702877	0.5684924	0.2478432	0.417816	0.5329331	1.466549
13674	-725.5906	-897.2242	171.6336	0.555627	1.038308	0.5291445	0.05571751	0.417816	0.2129896	1.601094
13680	-710.9933	-883.0673	172.074	1.021036	0.9219073	0.1732379	0.01446584	0.417816	0.2433985	1.300503
13686	-714.9797	-886.5908	171.6111	1.04045	1.007719	0.2403864	0.006028814	0.2810527	0.3495935	1.554453
13692	-720.3984	-892.2459	171.8475	1.206307	1.074279	0.100942	0.03888057	0.546338	0.2748595	1.110496
13698	-719.0998	-890.1258	171.026	1.046629	1.046242	0.337583	0.4437267	0.3569539	0.492546	1.392898
13704	-718.0094	-889.5627	171.5533	0.7061237	0.9009074	0.4931819	0.2902728	0.1832581	0.8281623	1.221096
13710	-714.4436	-885.9999	171.5563	0.7061237	1.264716	0.1236209	0.7076479	0.006109899	0.3863101	1.386969
13716	-711.8492	-883.3596	171.5103	0.9942253	0.7008541	0.2498846	1.02706	0.02324906	0.6206371	1.075161
13722	-701.1964	-873.0264	171.83	0.7074533	0.9447627	0.1188808	0.5314937	0.3894168	0.5131814	1.152078
13728	-712.2058	-883.0603	170.8545	0.7996872	0.775692	0.1037779	1.020742	0.8175167	0.5131814	1.283384
13734	-712.9176	-883.3812	170.4635	0.7996872	1.120142	0.04434343	1.020742	1.219302	0.3446115	1.176074
13740	-718.1082	-888.272	170.1638	1.034475	1.0847	0.1123744	0.8873042	1.219302	0.5937943	1.10332
13746	-714.272	-883.9554	169.6834	0.8624045	1.334484	0.4306045	0.8873042	0.7825003	0.5141701	1.584462
13752	-704.172	-873.8927	169.7207	1.104963	0.9253077	0.7813387	0.9071314	0.7205887	0.3355999	1.584462
13758	-717.1387	-886.2857	169.147	0.5765933	0.8870226	1.385762	1.391053	0.7205887	0.6565396	1.36211
13764	-724.8658	-890.0081	165.1422	0.6755747	0.7126142	3.346589	1.431705	2.329757	0.6536262	1.723649
13770	-720.3873	-889.7144	169.3271	0.7882059	0.7267109	0.03862076	1.568998	0.5730213	1.300529	1.706686
13776	-713.0728	-881.2001	168.1273	0.6869676	1.178458	0.1308901	0.566676	1.235289	2.647247	1.521466
13782	-714.4051	-881.1162	166.7111	1.188344	1.142231	1.027157	1.469817	2.278425	1.37936	1.008522
13788	-726.1471	-892.2921	166.1449	0.8251994	1.135619	2.619486	0.6187823	3.108465	0.9565893	0.7592091
13794	-723.9007	-890.9198	167.0191	0.9007924	1.11439	1.49386	0.3583281	3.108465	1.235182	0.9734672
13800	-725.638	-887.6954	162.0574	0.9005439	1.370719	2.183207	1.782611	2.618861	3.815708	1.408796
13806	-732.7698	-896.8918	164.122	0.9005439	0.6218842	1.583116	0.9937197	3.371526	2.644149	1.768563
13812	-720.2945	-891.2862	170.9917	0.6999855	0.5685601	1.238151	0.1693766	0.3278719	0.5707147	1.527101
13818	-717.3876	-888.5076	171.12	0.5832317	0.7643466	0.6479598	0.5494806	0.7520867	0.1353524	1.525525
13824	-735.2469	-906.1027	170.8558	0.726691	0.7643466	0.5068955	0.8106531	0.2072767	0.3678144	1.763435
13830	-739.1995	-904.5413	165.3418	0.9793101	0.857118	1.173187	1.902699	2.56236	1.159427	1.947317
13836	-731.0664	-896.4275	165.361	0.7859217	0.9722661	1.189106	0.6986228	2.621896	3.162006	1.358833
13842	-720.6444	-885.272	164.6276	0.7859217	1.238834	0.7949456	0.7490098	3.094811	3.362823	1.464865
13848	-727.5886	-891.7264	164.1378	0.9740639	1.306999	0.3177506	0.5361476	3.993931	3.381003	1.471284
13854	-724.9147	-894.6733	169.7586	0.6651834	1.352765	0.6467477	1.000289	1.573487	0.369571	0.8053746
13860	-722.1369	-891.2343	169.0973	0.6651834	0.8642896	0.2545063	1.653998	1.922391	0.7352573	1.000911
13866	-725.8376	-890.5893	164.7518	0.7873947	0.8641101	0.7181635	2.260212	3.942754	1.637865	1.218759
13872	-734.8551	-896.7585	161.9034	1.051964	0.8641101	1.579603	3.897562	3.664782	1.816307	1.370938
13878	-731.671	-893.2035	161.5324	0.6822516	1.440066	2.851995	4.171609	2.179817	2.221882	1.109924
13884	-737.1948	-903.4573	166.2625	0.918794	1.351496	0.3877292	2.092726	2.975618	1.248136	0.9663958
13890	-745.069	-912.5306	167.4616	1.2125	0.6942611	0.3105012	3.647127	0.7276133	1.225562	0.9230635
13896	-739.373	-908.5352	169.1622	0.7494641	0.9108117	0.6101527	2.197401	0.4788872	1.225562	0.8541068
13902	-731.8269	-901.2497	169.4229	0.6754775	0.7679645	0.2088903	3.418308	0.4118402	0.5858725	0.430709
13908	-728.3852	-897.1619	168.7767	0.7141188	0.790085	0.3677047	3.442007	0.112758	1.289845	0.4267444
13914	-719.0844	-890.4791	171.3947	0.6884016	0.9770501	0.03912318	0.940842	0.0391799	1.407975	0.4165201
13920	-726.4471	-893.6879	167.2408	0.6254241	0.7534136	0.2109579	2.280433	0.1333862	3.829589	1.109144
13926	-725.4347	-892.8136	167.3789	0.5419448	1.253467	0.1120235	2.098519	0.3363838	3.268562	1.168396
13932	-723.0008	-889.7827	166.782	0.8939079	0.7279777	0.07341168	0.5314384	1.945681	4.530851	0.3954363
13938	-721.5399	-885.3635	163.8236	0.9989637	0.8430772	0.1479504	0.7139597	4.386845	4.530851	0.3399356
13944	-723.6079	-892.8065	169.1986	0.8518104	1.030652	0.476477	0.82481	2.537652	0.5822167	0.5662871
13950	-712.465	-883.0883	170.6234	0.7482583	0.9938176	0.3526961	0.82481	1.920194	0.03696269	0.5617164
13956	-714.7105	-881.119	166.4085	0.6461665	1.023511	0.09496946	3.432741	2.826921	0.9748277	0.7444674
13962	-708.5225	-876.7364	168.2139	0.4117866	0.8977581	0.2931474	1.675325	2.899179	0.9748277	0.6761456
13968	-727.3389	-897.4757	170.1368	0.9975562	0.5128892	0.7323151	0.7538824	1.682913	0.3136938	1.071592
13974	-712.4877	-882.743	170.2553	0.7098153	1.433599	0.7328699	0.6382895	1.311262	0.01731617	1.095218
13980	-719.2178	-889.4732	170.2554	0.5676492	1.096251	0.6887566	0.9246863	1.202307	0.3683052	1.071846
13986	-727.2749	-895.8543	168.5794	0.8491211	0.8900627	0.5744324	2.474642	1.933927	0.1059822	0.7620436
13992	-716.2857	-885.8974	169.6117	0.8491211	1.113833	0.1564218	1.552076	1.933927	0.1904392	0.7620436
13998	-722.6356	-891.7548	169.1191	0.7954393	1.286121	0.08970503	2.198386	1.465221	0.4702106	0.7351777
14004	-708.8489	-879.2999	170.451	0.740425	1.146276	0.1437057	1.183349	1.465221	0.3602497	0.5964058
14010	-731.1449	-899.8532	168.7083	1.083886	1.066531	0.2843345	2.509286	1.677417	0.1812459	0.4987101
14016	-718.0945	-887.9526	169.8581	0.9431376	0.7861448	0.05947078	2.096742	1.689632	0.07765933	0.4936975
14022	-715.8191	-885.2906	169.4715	0.8863342	1.107023	0.03128837	2.096742	1.818741	0.08477238	0.5893602
14028	-717.7338	-888.8047	171.0709	0.5436166	2.288998	0.0277194	1.038573	0.4304485	0.06306801	0.4184194
14034	-720.1394	-890.1083	169.9689	0.4350482	1.50149	0.04260789	1.061337	1.899899	0.4483197	0.3311476
14040	-723.7036	-894.1791	170.4755	0.717273	1.127997	0.01975987	1.061337	1.899899	0.1949067	0.5687872
14046	-721.509	-891.7945	170.2855	0.8117513	1.220051	0.02038369	2.344825	0.6457348	0.1548908	0.6239286
14052	-725.3507	-895.8394	170.4886	1.097448	0.8562457	0.03255488	0.6362397	2.197962	0.1930361	0.4359324
14058	-717.3509	-886.6218	169.2709	0.8332178	0.8276556	0.01418769	0.6362397	3.634814	0.2126191	0.3253866
14064	-720.2719	-890.7849	170.513	0.8047499	1.247021	1.828213	0.9782459	0.05813617	0.05067674	0.6310786
14070	-726.852	-896.3915	169.5395	0.8683084	1.319668	1.828213	1.42435	0.03748466	0.3686083	0.7924456
14076	-718.2894	-884.3737	166.0843	0.6155459	1.302758	2.241007	0.7750816	3.148695	1.056269	0.9627646
14082	-726.2502	-889.4335	163.1833	0.9322626	1.527565	4.12467	0.4931692	2.198383	2.902888	0.8243211
14088	-720.4641	-889.0322	168.5681	0.9322626	1.527565	1.227894	0.09590309	1.635889	1.436591	0.7380967
14094	-718.0862	-885.9785	167.8923	0.8781868	1.076376	0.1185917	2.660887	1.534552	1.227848	0.7889692
14100	-712.29	-881.4855	169.1955	1.184492	1.305906	0.02066883	1.136707	1.206485	1.126912	1.027893
14106	-726.2037	-898.1347	171.931	0.5850661	0.6690337	0.05193112	0.1166532	0.449518	1.323295	1.053611
14112	-706.1231	-877.0312	170.9081	0.7003339	1.02595	0.05107822	0.0921093	1.251115	1.042418	1.119456
14118	-712.2695	-881.1528	168.8833	1.498439	0.9531009	0.3013812	0.825773	0.3129606	1.382501	1.832182
14124	-715.5836	-884.2122	168.6286	0.6526754	0.9904757	0.7918015	1.020634	0.502908	1.439997	1.904878
14130	-722.7785	-888.7358	165.9572	0.8981084	0.8243975	1.133226	2.260288	1.576424	1.413764	1.887986
14136	-728.9635	-894.882	165.9185	0.7863013	1.144596	0.2033531	1.988517	2.792707	1.984893	1.336597
14142	-727.1379	-894.5957	167.4578	0.8003745	1.536824	0.3580622	1.988517	0.8093934	2.194578	1.055337
14148	-729.1705	-895.4672	166.2967	1.1343	1.572754	1.174693	1.458723	1.501566	1.747474	1.284203
14154	-731.5382	-898.773	167.2348	0.794775	1.224713	1.425638	1.803821	2.188198	0.4245326	1.100908
14160	-731.2329	-899.8621	168.6292	0.632501	0.9295132	1.273723	0.5356001	2.214492	0.7025895	1.246082
14166	-735.3337	-902.9405	167.6068	1.133016	0.9300006	1.377198	1.20435	2.214492	0.1708779	1.479819
14172	-726.3919	-897.0786	170.6868	0.6370967	0.9165288	0.9073519	0.7128397	0.8093304	0.02105795	1.427786
14178	-727.4529	-898.9988	171.5459	0.5847047	1.206284	0.9073519	0.4400985	0.3208115	0.01306668	1.152627
14184	-716.5612	-887.029	170.4678	0.996859	1.225468	0.8792346	0.3401131	0.2423231	0.9926695	1.058035
14190	-716.0842	-886.7511	170.6669	0.6641614	1.068703	0.2089017	1.015221	0.6647699	1.159322	0.6801859
14196	-723.2325	-894.4457	171.2131	0.6641614	0.6002955	0.2278316	1.089064	0.427479	1.226021	0.6801859
14202	-721.8215	-891.2508	169.4293	0.9411873	0.7121898	0.08573614	2.131584	0.8333794	1.37721	0.5138519
14208	-721.8927	-891.1926	169.2999	0.9411873	0.8265059	0.4580507	1.269527	0.4278219	2.287727	0.4891172
14214	-714.1471	-884.4871	170.34	0.4835883	1.41733	1.673028	0.08662775	0.6404439	0.6570649	0.8373583
14220	-705.1737	-875.7826	170.6089	0.4417422	1.197974	0.950473	0.1427367	1.598017	0.4571052	0.6529449
14226	-715.3305	-886.4079	171.0774	1.091429	1.02475	0.950473	0.152545	0.3575468	0.7687879	0.7402554
14232	-728.3164	-898.2146	169.8982	1.091429	1.02475	1.30697	0.1194285	0.03113767	1.332202	1.350134
14238	-716.4861	-887.2559	170.7698	0.6067178	1.201764	0.7034794	0.03402611	0.7841489	0.912814	1.16117
14244	-716.2942	-887.1299	170.8358	1.077681	1.285901	0.8337771	0.1056724	0.2357314	0.8736685	0.9549389
14250	-713.8598	-879.5576	165.6978	0.9443286	1.774721	3.657173	1.644346	0.8350304	0.8736685	0.7335929
14256	-716.3974	-883.2893	166.8919	1.044021	1.318395	3.591881	0.5422997	1.924033	0.1978019	0.5179108
14262	-724.7597	-892.939	168.1794	0.7788806	1.080485	1.724114	1.439154	1.924033	0.350062	0.638303
14268	-713.3931	-880.6679	167.2748	0.6968952	0.9632749	1.37843	3.174601	1.73743	0.2459209	0.638303
14274	-725.8195	-896.3462	170.5267	0.6648234	1.091581	0.4260934	0.6388156	1.73743	0.2459209	0.8499546
14280	-719.2304	-889.4091	170.1788	0.6648234	1.068355	1.697891	0.6388156	1.016421	0.2180692	0.5995828
14286	-731.2206	-901.6678	170.4471	0.4080999	0.719541	1.372112	0.2861641	1.415903	0.1648829	1.26339
14292	-720.1491	-888.4509	168.3017	0.7257772	1.342884	0.7659516	1.357747	0.8073791	1.495621	1.351636
14298	-713.248	-879.964	166.716	0.5474036	1.203899	1.860773	0.3446542	1.461783	2.636107	1.351636
14304	-723.6259	-892.218	168.5921	0.8612323	1.163409	0.9865259	0.3130796	1.777428	1.283477	1.207374
14310	-736.8207	-903.71	166.8893	1.065914	0.8624512	0.08417335	0.2372955	2.88466	2.985484	1.180342
14316	-732.9638	-899.6241	166.6603	0.669143	0.6394451	0.008906784	1.163798	3.523337	2.256584	1.246642
14322	-735.8633	-907.382	171.5187	0.8188154	1.333695	0.005778499	0.3428854	0.6278278	0.6834698	0.8610121
14328	-724.3963	-892.2423	167.846	0.8188154	1.186191	0.009195661	0.7543359	0.6918602	4.012766	0.875123
14334	-730.0696	-899.8017	169.7322	0.9363409	1.42066	0.270469	0.05694963	1.61877	1.382938	0.7471272
14340	-717.4751	-886.6612	169.1861	1.383554	1.131857	0.8431477	0.1010383	1.496492	0.9878018	1.077471
14346	-712.4104	-883.2653	170.8548	0.5627815	1.065355	0.6448313	0.1808625	1.49736	0.5207644	0.8342592
14352	-712.7428	-882.6619	169.9191	0.9849385	1.128243	1.109897	0.05454407	2.086711	0.1649652	0.6983187
14358	-713.3032	-883.7834	170.4802	0.6906745	1.130852	1.109897	0.1420963	1.714655	0.1237192	0.7740928
14364	-720.054	-890.4133	170.3593	0.5505025	1.130852	0.4845061	0.9029852	1.030099	0.4735317	1.22036
14370	-723.8006	-894.729	170.9284	0.6508323	0.8219772	0.5753223	1.232628	0.1587919	0.551597	1.246482
14376	-732.0025	-897.8222	165.8196	0.5760977	0.8988034	0.01897998	4.625874	0.235908	3.023087	0.9810347
14382	-729.9978	-900.511	170.5131	0.9045295	0.6492936	0.19401	0.07543771	0.8265969	2.343532	0.4552728
14388	-725.3626	-896.1639	170.8013	0.8653643	0.7810691	0.0900091	0.09663463	0.7971287	2.022035	0.3496863
14394	-733.7264	-904.4275	170.7012	1.110288	0.9041213	0.04419473	0.06271255	0.7971287	1.89151	0.4952577
14400	-726.2461	-897.474	171.2279	0.5441148	1.283982	0.1077992	0.4487565	0.4185126	1.444073	0.5421786
14406	-722.7072	-894.2384	171.5312	0.8497832	0.8924942	0.03213139	0.319368	0.4185126	1.444073	0.6141994
14412	-720.1051	-891.542	171.437	0.7715182	1.050995	0.5443887	0.1477493	0.3377125	1.161749	0.6886126
14418	-729.866	-901.8227	171.9567	0.8927887	0.7977674	0.1476545	0.1477493	1.09997	0.4399266	0.6283226
14424	-730.5423	-902.0216	171.4793	0.6996598	0.7977674	0.5512061	0.190217	0.4392304	1.341394	0.5528366
14430	-723.1842	-893.4824	170.2982	0.7537577	0.9322043	1.066562	0.04216722	1.056852	1.341394	0.4150672
14436	-730.8066	-901.3887	170.582	0.7537577	1.390933	1.005751	0.1029321	0.5821263	1.087634	0.4671013
14442	-726.7078	-897.5668	170.859	0.8585918	1.390933	0.2869785	0.1978813	0.7983889	1.113977	0.4532225
14448	-726.844	-896.5069	169.6629	1.041356	1.120385	0.1611069	0.2203771	2.166937	1.113977	0.3985133
14454	-732.8996	-903.1341	170.2344	0.9597045	1.72059	0.1611069	0.6785028	1.597858	0.05722957	0.3071962
14460	-731.8839	-902.8165	170.9326	0.48753	1.72059	0.1744279	0.1808825	1.722564	0.1228349	0.2951858
14466	-728.2544	-898.3729	170.1185	0.666753	1.72001	0.03146759	1.471721	1.332283	0.1113456	0.3596524
14472	-714.0028	-884.3111	170.3083	0.8327485	1.451379	0.02916405	1.125725	1.378047	0.3637909	0.4047672
14478	-717.4647	-888.1076	170.6429	0.3649655	1.366923	0.1456199	0.7189972	1.378047	0.7352571	0.399943
14484	-710.2665	-881.1062	170.8397	0.5331635	1.118962	0.1742587	0.5487012	1.489326	0.7173895	0.3534242
14490	-711.3282	-880.9021	169.5739	0.7179878	0.8835871	0.2230495	0.4473529	1.906518	1.741766	0.4288114
14496	-725.6884	-895.5116	169.8232	0.9364336	0.6269675	0.06111717	0.383426	1.906518	1.741766	0.3847455
14502	-725.8544	-893.2951	167.4406	0.8391234	0.9605293	0.2066114	0.383426	2.793896	2.836003	0.3582498
14508	-721.3719	-887.6476	166.2757	0.7909448	1.37031	0.6286642	0.383426	4.060841	1.868536	0.2860802
14514	-718.6783	-885.1729	166.4946	0.7716451	0.9505529	0.8471141	0.1768039	3.285287	2.939569	0.3678224
14520	-713.8814	-882.2576	168.3762	1.117446	1.215929	0.2826613	0.415979	3.149268	0.8476233	0.3036128
14526	-722.5223	-889.6921	167.1697	0.8704992	1.250277	0.4203491	0.07435932	3.149589	2.425936	0.2738175
14532	-715.1208	-882.907	167.7862	1.234853	1.255158	0.2638549	0.01494105	2.327588	2.425936	0.2446313
14538	-711.5903	-881.9206	170.3302	0.5329927	1.066291	0.08941546	0.03404799	0.7266911	2.541135	0.2710322
14544	-724.7138	-890.8884	166.1746	1.360395	1.408144	0.02674587	0.2702465	3.008301	3.262002	0.4481933
14550	-726.4038	-897.8045	171.4007	1.35088	1.26312	0.270863	0.8234064	0.2147476	0.1136335	0.7250288
14556	-717.1344	-888.1822	171.0478	0.5308312	1.243237	0.270863	0.8234064	0.4829713	0.5532453	1.198007
14562	-703.7863	-874.0428	170.2565	0.553555	1.411781	0.4914826	0.3037371	0.8291588	1.246877	1.078177
14568	-718.4947	-890.8224	172.3277	0.6993676	1.24868	0.2538876	0.2167129	0.3510655	0.01865108	1.078177
14574	-706.1432	-878.3591	172.2159	0.7943206	1.16386	0.1541067	0.1862617	0.2205678	0.1729933	1.264414
14580	-709.5361	-880.2443	170.7082	0.7943206	1.41424	0.7828738	0.2083327	0.3441082	0.4694944	1.413258
14586	-716.426	-886.8961	170.4701	0.7236071	1.243147	0.7828738	0.3367528	0.6928177	0.1140322	1.676013
14592	-716.677	-887.4217	170.7447	0.9084747	1.243147	1.195453	0.1006726	0.7319879	0.1105121	1.15775
14598	-715.9562	-884.7681	168.8119	1.031305	1.221438	1.102864	0.2905547	2.045958	0.06797811	1.52804
14604	-726.0109	-896.1626	170.1517	0.9570046	0.9773933	1.05652	1.39247	0.3297077	0.005480731	1.296886
14610	-725.5493	-896.4268	170.8776	0.9570046	0.9702731	1.064825	0.3387733	0.3982511	0.005938549	1.497701
14616	-729.4845	-896.0516	166.5672	1.037368	0.9161582	0.6683941	3.561855	1.932963	0.04016223	1.412826
14622	-728.0776	-899.5513	171.4736	1.244283	1.164204	0.6694313	0.2946559	0.2033405	0.1822353	0.9738079
14628	-716.7374	-886.2817	169.5443	1.189535	1.317882	1.272991	2.037416	0.0569708	0.04648079	0.6679244
14634	-719.1978	-887.1059	167.9081	1.347493	1.759766	1.964373	2.359959	0.05815708	0.1045829	0.5861102
14640	-711.6003	-883.4493	171.849	0.5686706	1.538832	0.3121911	0.9073467	0.2080048	0.07642852	0.6184005
14646	-720.6488	-893.6181	172.9693	0.4976745	1.002331	0.1098151	0.5365636	0.2849189	0.007859121	0.6837567
14652	-715.9443	-887.7429	171.7987	0.5329948	1.139685	0.6951891	0.9022484	0.2602855	0.1113307	0.6437985
14658	-720.2834	-891.2383	170.955	0.5329948	1.449703	1.521738	0.6863498	0.2602855	0.04165771	0.6266707
14664	-716.623	-884.3901	167.7672	0.7397893	1.382637	3.450428	1.317229	0.3748866	0.4685387	0.556895
14670	-721.4855	-888.7461	167.2606	0.8560049	1.364021	3.131325	1.317229	0.0682697	1.36085	0.8286073
14676	-716.1465	-884.9815	168.835	0.5303647	1.219654	2.773417	1.591368	0.2827606	0.06405914	0.8601711
14682	-720.23	-889.3897	169.1597	0.685592	0.697346	2.48095	0.8762897	1.138361	0.3501456	0.7787316
14688	-726.7948	-896.1666	169.3719	0.6979109	1.088898	0.7956912	0.8762897	1.992585	0.3508695	1.022651
14694	-713.3261	-883.1238	169.7977	0.5385813	1.073906	0.8031278	0.8762897	1.642627	0.4198643	1.017756
14700	-710.9154	-878.1043	167.1888	1.098841	1.238074	2.162258	1.237347	1.817651	0.4433218	1.017756
14706	-721.9747	-889.3201	167.3454	0.8868564	1.817656	0.1150944	2.709265	0.2807223	2.191739	0.8433751
14712	-713.04	-883.0281	169.9881	0.6063707	0.9902801	0.05614211	1.038725	0.4005614	2.191739	0.9093066
14718	-715.07	-884.4292	169.3593	0.550299	1.066221	0.1551977	1.197691	0.6727171	2.191739	0.9799699
14724	-711.6415	-875.7988	164.1573	0.7898513	0.7951718	0.2271827	5.64407	2.002683	1.554769	1.030588
14730	-705.0074	-872.3517	167.3443	1.212253	1.167657	0.1391327	1.964953	2.002683	1.458132	0.9121895
14736	-705.5966	-873.3752	167.7786	0.9349069	1.579788	0.4466974	2.04865	0.7819931	1.823091	0.7825965
14742	-720.1043	-887.5786	167.4743	0.5024352	1.353421	1.207243	2.04865	1.88079	0.7437541	0.9457918
14748	-712.5042	-881.9498	169.4457	0.7113104	1.229002	0.9274833	2.04865	0.9020142	0.1133441	0.7965376
14754	-712.1344	-880.7364	168.602	0.694043	1.62783	0.8822987	1.180118	0.8343891	1.395104	0.9806535
14760	-714.8953	-881.5937	166.6984	0.540242	1.956639	2.653394	2.398197	0.2848357	0.6648673	0.9735402
14766	-721.2678	-889.83	168.5622	0.8037883	1.948854	0.8507868	2.398197	0.1759213	0.3173333	1.136807
14772	-719.6964	-882.345	162.6485	0.4321389	1.629873	1.920975	4.399651	1.937103	2.256177	0.8926093
14778	-723.5057	-890.0801	166.5743	0.7760589	1.092377	2.379392	1.530648	1.291905	1.360865	1.181299
14784	-710.8737	-881.9323	171.0586	0.5142274	1.208786	0.9361063	0.6637407	0.3664176	0.5344596	0.8707329
14790	-721.3452	-891.1502	169.805	1.749171	1.390876	0.5116922	1.121091	0.119222	0.6536601	0.8791042
14796	-714.6559	-885.977	171.3211	0.419207	1.345774	0.9727687	0.2566807	0.5589039	0.4490006	0.7555011
14802	-704.5743	-874.9191	170.3448	0.5507302	1.345774	1.376036	0.8215877	0.6486882	0.2944702	0.7555011
14808	-714.6471	-884.7407	170.0936	0.6269657	1.324337	1.180369	0.2681212	1.480738	0.4984789	0.615426
14814	-719.494	-889.0249	169.5309	0.6225113	1.044131	1.090123	0.2097911	2.205311	0.6710868	0.7882361
14820	-721.187	-889.8124	168.6254	0.9642141	0.9711597	1.333862	0.3311711	1.740098	1.271897	0.9657353
14826	-709.8107	-880.3581	170.5474	1.125779	1.046405	0.5553298	0.2488952	0.5001096	1.012731	1.156611
14832	-708.8502	-876.6625	167.8124	0.649939	1.046405	1.347656	2.32411	0.3523799	1.012731	1.538735
14838	-721.1648	-888.562	167.3972	1.0694	1.046405	1.59181	0.7991831	0.02922327	3.273591	0.99733
14844	-720.8574	-890.8289	169.9715	1.258065	1.137742	1.59181	0.6020773	0.05271737	0.6558029	0.9342891
14850	-734.6126	-902.5852	167.9726	0.4886461	1.395361	1.073146	1.562971	0.2948775	1.912114	1.391594
14856	-722.7301	-891.1144	168.3844	0.7391562	1.014934	0.9100896	0.9165899	0.2448636	2.344441	1.537895
14862	-724.733	-893.5403	168.8073	0.9181884	1.460427	1.030805	0.4758229	1.53936	0.8772721	1.090924
14868	-718.9073	-888.9146	170.0073	0.6054716	1.498835	0.6703909	0.2499291	1.479166	0.8772721	0.7638057
14874	-721.5476	-891.9072	170.3596	0.7074619	1.19579	0.6926994	0.1708553	1.479166	0.7422982	0.8344336
14880	-723.6187	-892.3166	168.6979	0.8047906	1.13439	0.4504791	0.09431819	1.479166	2.72796	0.7869516
14886	-726.2704	-896.9681	170.6977	0.8736249	1.13439	0.9321272	0.06688081	1.617793	0.1798435	0.5667056
14892	-716.7193	-887.7554	171.0361	1.252337	1.186077	0.5282166	0.01101256	1.244815	0.2462382	0.5667056
14898	-708.867	-880.9402	172.0732	0.5772664	0.8346343	0.4549004	0.01201363	1.278784	0.2462382	0.5728397
14904	-711.5106	-882.0811	170.5706	0.804504	0.7468684	0.5650856	0.04474352	1.498277	1.077657	0.8879712
14910	-719.4031	-888.3124	168.9093	0.9011134	1.038655	0.2137421	0.0712959	4.307359	0.05056594	0.4093153
14916	-713.286	-881.4299	168.1439	1.024949	1.527388	0.290247	0.02720266	4.307359	0.1897368	0.4910574
14922	-709.9028	-880.7482	170.8454	0.6277888	1.279981	0.3148292	0.05330278	2.325433	0.02925882	0.6066012
14928	-723.5183	-890.7817	167.2634	0.7241711	1.214127	0.975693	1.210372	4.092814	0.01344932	0.5804679
14934	-735.3524	-901.9043	166.5518	0.4540889	1.167844	4.084672	1.368852	0.4226089	1.002192	1.080831
14940	-731.7988	-899.8759	168.0771	1.031983	0.8020993	2.290736	1.840482	0.305503	0.2302772	1.523488
14946	-724.8711	-893.9307	169.0596	1.031983	1.05107	1.856094	1.376254	0.1276917	0.04826443	1.543649
14952	-732.3917	-898.0505	165.6587	0.4153742	1.494054	1.646894	3.938697	1.248439	0.1633674	1.463807
14958	-726.7	-893.9055	167.2055	0.6386268	1.032707	2.627037	0.8354256	1.084945	1.421928	1.305499
14964	-726.5581	-897.9546	171.3965	0.7832942	0.9092919	1.04577	0.1145472	0.8263625	0.02060448	1.100692
14970	-718.7038	-888.0845	169.3808	0.94822	0.9829287	0.4503189	0.7960399	1.095933	1.12844	1.367038
14976	-705.3237	-876.2918	170.9681	0.5652255	1.269857	0.8949855	0.6264931	0.4631203	0.06319939	1.290631
14982	-714.5837	-885.2752	170.6915	0.9767617	1.354617	0.9582181	0.06763365	0.7990686	0.4016765	0.9534763
14988	-720.654	-886.3575	165.7036	0.7062837	1.200797	3.870103	0.3813331	1.121175	2.271644	0.9409413
14994	-705.8104	-874.7633	168.9528	0.7062837	1.037523	1.113764	1.012272	0.6292663	1.76226	0.9833312
15000	-716.6099	-884.7214	168.1115	0.7062837	1.256188	0.8778509	1.012272	2.045283	1.209924	0.9781559
15006	-703.5294	-872.3819	168.8525	0.7192203	1.219795	0.4153425	1.012272	1.207047	1.623233	1.140158
15012	-709.4109	-877.2756	167.8647	0.5575357	1.077239	0.618897	1.642953	0.9096215	1.654905	1.685816
15018	-721.4263	-887.3386	165.9123	0.7463606	1.238245	0.6919321	3.048325	0.04831784	3.341645	1.161323
15024	-719.8225	-885.4904	165.6679	0.611614	1.005423	0.2043531	3.3476	0.4509747	3.567292	1.294893
15030	-715.6151	-882.8225	167.2074	0.9424869	1.012213	0.8680082	0.9077705	1.230956	2.292342	1.609388
15036	-718.0028	-883.3215	165.3187	0.8586576	0.9640842	1.465117	0.6113098	2.708344	2.664463	1.513701
15042	-718.6369	-888.2893	169.6524	0.9861474	0.8812282	0.2708705	0.4344185	1.489069	1.364569	1.118882
15048	-722.2528	-888.6363	166.3835	0.8778228	0.9868827	1.43462	2.713779	2.560911	0.3120701	0.9317444
15054	-730.6728	-898.1496	167.4769	0.5919881	1.206452	1.183859	1.203135	2.646566	0.7142047	1.14967
15060	-717.1057	-883.1827	166.077	0.9652485	1.360491	2.081078	0.2233404	3.235381	1.12996	1.124406
15066	-721.826	-885.7212	163.8952	0.5791677	1.574803	2.873949	1.918822	3.235381	0.9244545	1.1661
15072	-722.6691	-891.0108	168.3417	0.6436378	0.9133683	1.417419	1.001204	0.6937962	2.093312	1.083576
15078	-715.5752	-882.3537	166.7785	0.7661439	0.9939019	1.284646	1.876285	0.9868878	2.080226	1.377379
15084	-714.4068	-883.3551	168.9483	0.718688	1.482016	1.66892	1.304816	0.3862081	0.6560113	1.0331
15090	-720.0054	-889.8769	169.8714	0.8263987	1.010295	1.181203	0.7009235	0.5436244	0.8933603	1.163658
15096	-717.7267	-887.1949	169.4682	0.7176834	1.106526	1.183728	1.338395	1.131204	0.181642	1.068815
15102	-722.1645	-891.4412	169.2768	1.090419	0.7122421	1.383698	2.271525	0.2143715	0.01040504	1.223078
15108	-712.1038	-880.8516	168.7478	0.7456488	1.183405	1.255538	2.085352	0.0903197	1.336565	0.6980102
15114	-712.1833	-882.4816	170.2982	1.138848	0.9269018	1.166215	0.199123	0.2226448	1.413632	0.8205506
15120	-713.465	-883.0696	169.6046	1.02965	0.8827508	0.7071867	1.025533	0.4894406	1.413632	1.050093
15126	-720.0382	-888.7948	168.7566	0.5286896	1.703723	1.781772	0.5008556	0.4313803	1.159504	1.272902
15132	-720.6937	-890.2664	169.5727	0.8549263	1.016642	1.161378	0.6790396	0.3387314	1.159504	1.366355
15138	-711.5238	-882.4856	170.9618	0.778146	1.186942	0.7171063	0.7099613	0.1926254	0.8404413	0.7885159
15144	-722.4321	-893.29	170.8579	0.7195736	1.07363	0.01662252	1.470794	0.3860623	0.8399047	0.8144735
15150	-715.2399	-886.0927	170.8528	0.8068319	1.392547	0.01001271	0.7775839	0.9443256	0.6752719	0.675221
15156	-704.3827	-875.5913	171.2086	0.4457951	1.785632	0.08072619	0.5012745	0.8511245	0.4972107	0.7076904
15162	-718.3391	-888.9621	170.623	0.4719498	1.55613	0.2660591	1.116833	0.8511245	0.2536573	1.006243
15168	-720.602	-891.3217	170.7196	0.9735743	1.029682	0.2234416	0.5354262	0.7760244	0.4107649	1.455419
15174	-727.5743	-897.8866	170.3123	1.062497	1.029682	0.2142143	0.6117332	0.7760244	0.2523869	1.753424
15180	-718.6137	-887.3728	168.7591	0.5084904	1.039099	0.8151446	2.012054	0.419268	0.9425455	1.552045
15186	-731.439	-899.5164	168.0773	1.097374	1.224721	0.8256857	0.7327378	1.367015	1.593712	1.257349
15192	-704.2565	-875.1944	170.9379	1.043497	0.9518799	0.8256857	0.518676	0.1213716	0.546785	1.234493
15198	-721.0997	-890.9466	169.8469	0.5567135	1.536893	0.8256857	1.277755	0.03085834	0.7187837	1.335236
15204	-725.2762	-896.722	171.4458	0.979036	1.399858	0.1705787	0.367482	0.1839752	0.5361488	1.115101
15210	-733.6155	-904.6429	171.0274	0.8501707	1.795796	0.1388685	0.4211765	0.5840271	0.3212457	1.062834
15216	-724.7319	-895.6268	170.8949	0.6265552	1.290687	0.1720577	0.5689058	0.908445	0.524693	1.187086
15222	-719.6334	-891.1207	171.4873	0.6012689	1.317617	0.07925378	0.2907728	0.9167122	0.4353023	1.05497
15228	-721.5203	-890.4255	168.9052	0.6012689	1.483317	1.736531	0.1151826	1.754584	0.8334347	0.6972952
15234	-729.1617	-896.5099	167.3483	0.9083252	1.109692	2.875354	0.06872582	2.347677	0.8334347	0.604916
15240	-738.6576	-910.8337	172.176	0.6567147	0.7927539	0.05428609	0.2926204	0.1298363	1.357097	0.6559179
15246	-737.8564	-907.2108	169.3544	0.5654135	1.306464	0.2003352	0.679147	0.9646631	2.211533	0.8884609
15252	-719.2547	-887.3411	168.0864	1.146632	1.475813	0.1927548	2.525471	1.276298	0.6878396	0.7867422
15258	-715.9905	-886.165	170.1744	0.473404	1.231303	0.2271412	0.916593	0.789337	1.176441	1.147191
15264	-723.6587	-895.4837	171.825	0.6499574	1.129816	0.4643369	0.916593	0.200901	0.2408081	0.7136031
15270	-716.1029	-885.7221	169.6192	0.6499574	0.8400459	0.8934755	0.960598	0.03800682	2.271446	0.9155654
15276	-715.0837	-885.6957	170.612	0.5025432	0.8941571	1.215285	0.5893773	0.1992239	1.27106	0.8641875
15282	-710.4713	-881.408	170.9367	0.5734943	1.04489	1.050301	0.1349825	0.5847741	0.8201888	1.033188
15288	-715.7812	-885.2735	169.4923	0.8568359	0.9553457	1.092964	0.354775	1.135503	0.7820727	1.454007
15294	-713.1731	-882.2826	169.1095	0.705323	0.9553457	1.419866	0.2692751	1.049755	0.8301069	1.69225
15300	-708.1609	-874.9883	166.8274	0.8269741	0.9985722	1.188484	0.2089539	2.405384	1.184172	2.168593
15306	-720.7509	-887.5657	166.8148	0.5777203	0.6335141	0.7594638	0.09051822	2.725735	2.079565	2.126584
15312	-721.8744	-890.5612	168.6868	1.002027	0.8008115	1.192093	0.1684637	1.703922	0.3963346	1.964445
15318	-731.2018	-896.8593	165.6575	0.8930435	0.5854296	2.285047	0.4259365	2.856943	1.488869	1.799233
15324	-731.5119	-899.6882	168.1763	0.9739995	0.6248886	2.000789	0.4156048	0.7535574	0.5722482	2.248474
15330	-725.9429	-892.1344	166.1915	1.168478	0.8384007	0.3597509	0.1327293	4.148561	1.656106	1.584852
15336	-720.13	-885.1896	165.0596	0.8498103	0.8384007	2.096263	0.156765	2.324038	3.144546	1.602879
15342	-718.992	-885.5736	166.5816	0.8498103	1.022574	1.558077	0.9845261	0.9520839	2.485081	1.628758
15348	-719.4908	-886.4604	166.9696	0.7265081	0.8819608	1.142989	2.219295	0.2059256	2.283098	1.628758
15354	-725.4058	-890.9868	165.581	0.9966609	0.8498563	1.307	1.600199	2.135734	2.35704	1.331415
15360	-728.6141	-897.5263	168.9122	0.5669234	1.237834	0.9626718	1.322727	0.5198965	1.343679	1.278758
15366	-719.2212	-885.3027	166.0815	0.492137	1.581148	2.135259	2.766495	1.705779	0.3465407	1.044065
15372	-719.6201	-888.3001	168.68	0.4424687	1.604092	0.7230855	0.7641094	1.437059	1.171641	1.275012
15378	-710.4906	-879.1684	168.6778	0.5317403	1.248834	0.8949164	1.506663	1.73278	0.4520362	1.116881
15384	-710.6402	-880.6453	170.0051	0.3926454	1.248834	0.4433109	0.6945295	0.9263988	1.244864	1.131038
15390	-720.3582	-890.8847	170.5264	0.5052245	1.400864	0.1971318	0.3157213	0.7839646	1.299483	1.123169
15396	-718.9136	-887.6177	168.7041	1.511709	1.022691	1.021231	0.3145863	1.379969	1.150146	1.107368
15402	-716.6398	-885.9708	169.331	0.7316956	1.001973	0.8213131	0.05301425	1.585669	1.699058	0.9753471
15408	-721.3788	-892.0138	170.6349	0.8271348	1.264381	0.1211379	0.08106809	0.3960966	1.808603	1.06748
15414	-719.7038	-891.1615	171.4577	0.5843061	1.384455	0.125684	0.01383689	0.520474	1.055928	1.038292
15420	-709.7938	-881.9235	172.1297	0.765956	1.379779	0.3494804	0.2303822	0.1971928	0.1361659	1.012372
15426	-709.262	-881.2826	172.0206	0.5733724	1.669375	0.297663	0.2457894	0.2231632	0.2365986	0.907876
15432	-718.5468	-889.9314	171.3846	1.164381	1.335251	0.1100089	0.06206389	0.7363585	0.414931	0.9971044
15438	-733.6417	-903.7061	170.0644	0.7898147	1.474803	0.5232153	0.2242818	1.187544	0.9873612	0.9492642
15444	-727.8626	-899.2685	171.4059	0.482584	1.759065	0.4140503	0.1137837	0.3693472	0.8084703	0.7632449
15450	-719.001	-890.2745	171.2736	0.5975111	1.629356	0.1041806	0.4781902	0.4960669	0.8084703	0.7632449
15456	-715.4023	-885.4675	170.0652	0.9180382	1.410818	0.03852777	1.647525	0.7787423	0.6119311	0.6551953
15462	-713.1439	-881.3233	168.1793	1.067502	1.454996	0.2409197	1.58062	0.902205	1.95702	0.7978712
15468	-710.4309	-878.9691	168.5382	0.7592627	1.612128	0.03094961	1.112823	0.6415723	2.657747	0.8322907
15474	-708.617	-878.3267	169.7097	0.6382247	1.184754	0.08967651	1.112823	1.260437	1.324241	0.8598953
15480	-715.6144	-886.5007	170.8863	0.5974404	1.216031	0.1362647	0.8704628	0.2824617	1.324241	0.8598953
15486	-714.2968	-886.0956	171.7987	0.7739144	0.8411485	0.02152036	0.2325787	0.6523933	1.065503	0.7899376
15492	-710.4031	-880.9064	170.5032	0.5681479	1.760297	0.2335104	0.1546539	0.8420543	1.378409	0.6640231
15498	-708.3767	-879.4626	171.0859	0.5386619	1.161923	0.1962007	0.04372665	0.8420543	1.59569	0.5841685
15504	-709.5914	-879.8554	170.264	0.5153138	1.384449	0.2769398	1.246053	1.30471	0.4754314	0.5367642
15510	-707.5783	-875.2884	167.7101	0.9115669	1.297607	0.1061661	2.018562	1.285844	2.045163	0.8077366
15516	-714.6006	-883.0149	168.4144	0.6994407	1.017719	0.1526161	2.259095	0.3972621	2.045163	1.194667
15522	-719.7108	-886.2505	166.5397	0.8267231	1.506288	0.224776	2.636347	0.8101086	2.629507	1.029177
15528	-724.0927	-890.7034	166.6107	0.6259218	1.478408	1.18458	2.250787	0.9485188	2.085413	1.004458
15534	-717.9675	-888.4402	170.4726	0.3866301	1.640357	0.1414115	0.2216999	1.011493	1.395908	0.7949415
15540	-721.2077	-892.5432	171.3356	0.8139272	1.497986	0.1922996	0.03841687	0.4474957	1.057666	0.7949415
15546	-726.993	-892.8238	165.8307	0.7075069	1.554885	1.454403	1.207822	2.171882	2.318725	0.9505192
15552	-722.8852	-890.0298	167.1447	0.5427367	1.386053	1.460336	0.3682003	1.094597	3.362398	0.7852506
15558	-719.5457	-887.273	167.7273	0.6617021	1.289633	1.460336	0.1952244	0.9687936	3.078209	0.7852506
15564	-713.5846	-879.5453	165.9606	0.6467547	1.174516	0.3955761	0.9825568	0.9687936	5.332445	0.6491769
15570	-726.9461	-893.7651	166.819	1.353777	1.142441	0.5219311	1.085733	0.2339582	4.354597	0.5491187
15576	-728.6363	-892.7028	164.0666	0.4960483	1.665998	1.175005	3.397718	0.1871188	4.354597	0.7854904
15582	-721.8342	-887.6831	165.8489	0.4960483	1.15467	0.7329724	4.221461	0.5090776	2.442647	0.6875582
15588	-723.1046	-887.651	164.5464	0.9815042	0.7603912	2.622308	5.474574	0.8292971	0.176574	0.7863277
15594	-708.71	-877.2782	168.5682	1.069678	0.9732382	0.9890509	0.3506559	3.026214	0.4067305	0.7962622
15600	-706.0794	-871.6008	165.5214	1.069678	1.26827	1.103817	2.118556	3.026214	0.9934766	1.098204
15606	-711.4532	-879.6905	168.2373	0.7564862	1.243942	0.6568546	1.865899	0.6944308	1.572314	1.161699
15612	-712.9865	-883.4607	170.4742	0.6033174	1.260311	0.592436	1.313083	0.1744655	0.932923	0.8146897
15618	-714.2973	-884.8756	170.5784	0.9586174	1.237272	0.9525426	0.9188386	0.09272331	0.6477914	0.7930284
15624	-711.4501	-882.1736	170.7235	0.6324794	1.369511	1.453968	0.8737852	0.100141	0.2791238	0.7010857
15630	-714.2321	-883.5247	169.2926	1.159037	1.022644	1.224805	0.9022733	0.0456797	1.800276	0.7010857
15636	-734.5712	-904.4308	169.8597	0.7371185	1.209941	1.224805	0.2873315	0.4685493	1.317542	1.090871
15642	-726.3756	-894.5473	168.1718	1.110986	1.304134	0.9909578	0.5332757	1.100862	1.317542	1.5596
15648	-725.8879	-893.7111	167.8232	1.14053	1.011643	0.4521447	1.644319	1.394182	1.317542	1.366628
15654	-718.5351	-888.3018	169.7667	0.6345371	1.122386	0.996534	1.613365	0.03654897	0.6048013	1.362096
15660	-716.906	-882.2197	165.3137	0.6643921	1.114297	2.706002	4.146677	0.5884747	0.1327577	1.44928
15666	-712.9125	-877.445	164.5325	0.8557291	1.10578	1.39338	3.012918	0.9100438	2.916374	1.410313
15672	-714.9223	-878.0914	163.1691	0.3884249	1.482	2.687794	2.704905	1.751462	2.916374	0.9909498
15678	-724.7125	-890.9924	166.2799	0.8190864	1.28514	1.968684	1.711754	2.823193	0.2472458	1.065758
15684	-724.242	-893.2138	168.9718	0.8279555	0.8246705	1.649942	0.9673604	0.2636729	1.312533	1.338236
15690	-719.4467	-887.931	168.4843	0.9098025	0.8966189	2.810561	1.020463	0.9510042	0.2641374	0.8555701
15696	-731.5217	-898.8996	167.3779	0.6408255	1.248493	2.43772	0.9350209	1.143029	1.315246	1.088979
15702	-722.7142	-891.0151	168.3009	0.6408255	1.075601	2.091759	1.424868	0.3014335	0.5456263	1.657686
15708	-724.0614	-892.6825	168.621	0.6510479	0.8488499	0.6600165	0.9519161	1.843781	0.8056595	1.657686
15714	-728.816	-893.6672	164.8512	0.752802	1.104772	2.47571	1.769796	1.530419	2.060655	1.54515
15720	-718.3119	-886.4065	168.0946	1.023593	0.8528647	0.9342873	0.3230762	1.132777	2.060655	1.637818
15726	-718.1832	-886.317	168.1338	0.691574	0.6886165	2.120107	0.9940198	0.3660629	1.42006	1.637818
15732	-739.5385	-910.0466	170.5082	0.5188266	1.388346	0.5415675	0.8716469	0.04130598	0.8632588	1.374349
15738	-736.254	-907.9536	171.6996	0.5306896	0.9657248	0.5022053	0.5968452	0.08540554	0.3564823	1.374349
15744	-722.0405	-890.9789	168.9384	0.6022159	0.9737053	0.9276807	1.808355	1.063231	0.3623585	1.435044
15750	-718.2084	-887.348	169.1396	0.8895843	0.88279	0.1318439	1.104043	1.446707	0.8936204	1.589528
15756	-720.7954	-889.692	168.8966	0.5749501	0.9812231	0.2502798	0.9363197	1.24205	1.447433	1.686635
15762	-726.021	-892.9946	166.9736	0.8956087	1.2827	0.4873341	1.981455	2.665731	0.5081109	1.357506
15768	-724.3116	-892.613	168.3014	0.7272399	1.023808	0.2736501	2.485557	0.1712722	1.976977	1.218358
15774	-732.5096	-898.9927	166.4831	0.7272399	1.12249	0.7655663	2.878175	0.07977634	2.755185	1.340202
15780	-726.2203	-895.9879	169.7676	0.810402	0.9922617	0.159724	2.084071	1.133151	0.2058224	1.048476
15786	-721.4026	-891.8721	170.4695	0.8223164	0.9756942	1.476548	0.5956047	1.133151	0.01948025	0.599512
15792	-719.6155	-886.9081	167.2926	0.7596112	1.115966	3.898012	0.1960551	2.061963	0.1696489	0.4213763
15798	-732.3881	-901.0175	168.6294	1.077286	1.074271	1.63107	0.7611844	2.034165	0.2898085	0.4213763
15804	-715.6339	-885.3462	169.7123	1.290091	0.8907945	0.4815236	0.8682661	0.07767766	1.528938	1.316039
15810	-722.636	-890.4122	167.7763	0.938515	1.483659	1.299524	2.284188	0.3449332	0.9267884	1.141087
15816	-728.7874	-897.8181	169.0307	0.7685796	1.106889	1.299524	0.7596257	0.1944831	1.776367	1.240132
15822	-725.9031	-894.9927	169.0897	0.7575881	0.9705727	0.1401635	0.7596257	0.7061732	2.525237	1.228966
15828	-721.3414	-885.6198	164.2784	0.6736169	0.752707	0.7308954	0.7596257	2.763673	4.867594	1.324736
15834	-713.4778	-876.9676	163.4898	0.7203365	0.5499895	6.77929	0.4834474	0.8004922	2.664447	0.4116789
15840	-725.7275	-894.4858	168.7584	0.8852154	0.8059314	1.312297	0.9262896	0.3625658	1.277584	1.704381
15846	-707.7981	-878.2565	170.4585	0.4924245	1.071615	0.427138	0.679229	0.8975725	0.8697094	1.234114
15852	-704.2232	-875.1184	170.8953	0.8363207	0.9227955	0.1201284	0.8362948	1.056572	0.5327522	1.003057
15858	-715.3795	-887.0163	171.6369	0.8363207	0.9028033	0.1201284	0.6893996	0.5469879	0.5110007	0.9588143
15864	-715.957	-887.3514	171.3944	0.9548841	0.9053823	0.4666566	0.3474065	0.4145633	0.4166798	1.272548
15870	-726.1383	-897.7378	171.5995	0.8901117	0.9053823	0.3081213	0.5403666	0.2838069	0.04406882	1.528328
15876	-716.1184	-887.2976	171.1793	0.9645849	1.07385	0.8084221	0.4128154	0.1252587	0.2493592	1.342567
15882	-718.903	-889.5181	170.6151	1.194194	1.030695	0.6185957	0.7519653	0.3933175	0.3878248	1.196357
15888	-721.6116	-890.734	169.1224	0.8479753	1.148761	0.5642059	1.439857	1.165649	0.6239568	1.261376
15894	-731.329	-898.4977	167.1686	0.8479753	0.8986195	0.4317119	1.889456	1.804148	1.991598	1.159696
15900	-720.5216	-891.0871	170.5655	1.006909	1.433857	1.203083	0.9166065	0.2605068	0.09807606	0.6238706
15906	-726.9689	-898.618	171.6491	0.724829	1.552141	0.5207648	0.9166065	0.02554934	0.08434982	0.6385272
15912	-729.1166	-901.2369	172.1203	0.724829	1.063028	0.3240115	1.045138	0.1742037	0.01911064	0.6447162
15918	-726.0594	-898.5119	172.4525	0.594692	0.848184	0.3240115	0.7721758	0.2641201	0.03934406	0.8806991
15924	-725.646	-896.1221	170.4761	0.6883485	1.186273	1.517262	1.316388	0.1769237	0.0273294	0.7787931
15930	-712.2145	-883.5146	171.3	0.9398183	0.9434809	0.6724578	1.028114	0.3571123	0.1289201	0.8144217
15936	-716.1909	-886.7331	170.5422	0.6620952	1.201136	0.434069	0.7062196	0.3257656	1.226142	1.091962
15942	-721.6052	-890.9098	169.3046	0.6620952	1.173072	0.2978471	0.7861835	1.241009	0.9240613	1.653923
15948	-720.8843	-890.5466	169.6623	0.6484804	0.9055246	0.3509017	0.4106138	1.162034	0.9597797	1.855076
15954	-722.161	-891.8768	169.7158	0.7689186	0.9694174	1.009024	0.4526685	0.7553583	0.7993651	1.600546
15960	-732.5823	-897.277	164.6947	0.795858	0.9253746	3.276133	0.3419159	3.461689	1.547418	1.148995
15966	-727.9204	-895.2987	167.3783	0.7088639	1.00044	1.765131	0.8797631	2.340256	0.8096635	1.281909
15972	-717.1304	-883.4838	166.3534	0.8121003	1.367493	1.926107	0.6811861	2.62075	1.415243	1.02607
15978	-724.527	-893.8358	169.3088	0.8381257	1.367493	1.167083	0.1347983	2.018167	0.5351412	0.8137359
15984	-715.2862	-885.0836	169.7975	0.5674622	1.271005	0.5121473	0.07710758	1.31945	1.474839	1.148159
15990	-713.4553	-883.9299	170.4746	0.631941	1.35771	0.8791339	0.4821991	1.208192	0.149315	1.006572
15996	-722.0783	-892.7961	170.7178	0.9869214	1.431507	0.3702881	0.4952024	0.8525984	0.01202854	1.300138
16002	-725.6212	-896.5982	170.9771	1.008006	1.329009	0.501762	0.3194799	0.7562195	0.05363844	1.235006
16008	-723.7348	-894.7339	170.9991	0.9615849	0.8041365	1.160491	0.2209408	0.7095807	0.08928319	1.235006
16014	-725.9192	-896.3207	170.4014	1.052984	0.6773727	0.5773391	0.4716447	0.6551523	0.1201758	1.960651
16020	-730.1496	-901.2093	171.0597	0.8447316	0.7504473	0.1438429	0.5424126	0.3715843	0.4310118	1.832725
16026	-708.7584	-879.2325	170.4741	0.6624712	1.015216	0.07220723	0.5926484	0.8414552	0.6796343	1.690437
16032	-708.2233	-878.9332	170.7099	0.6624712	1.414817	0.2122191	0.8041009	0.9631226	0.3596885	1.065168
16038	-709.8229	-879.07	169.2471	0.566788	1.422946	0.0725674	1.403937	1.180927	1.04817	1.214857
16044	-712.0399	-882.6764	170.6366	0.6815416	1.432458	0.4093328	0.3709867	0.5440021	0.8100185	1.277938
16050	-718.0707	-889.2767	171.206	0.6815416	1.085637	0.07861156	0.6068518	1.008483	0.6027954	0.922408
16056	-714.2624	-882.5845	168.3221	1.045217	0.9367282	0.1050371	2.59298	2.137786	0.1695532	0.887882
16062	-726.4836	-893.2361	166.7525	0.7099018	0.8321967	0.136198	2.078027	2.336787	2.461	0.8840769
16068	-710.1024	-880.8818	170.7794	0.6175086	0.8321967	0.1674762	1.331806	1.235338	0.2098504	1.013764
16074	-714.0628	-884.5898	170.527	0.5001248	0.8831404	0.05642059	1.246254	0.8880457	0.9420767	1.108485
16080	-714.3921	-883.6606	169.2685	0.6425175	1.212171	1.564132	1.579224	0.7260596	0.3902468	0.7797291
16086	-714.576	-885.1614	170.5854	0.962175	1.527447	1.244562	0.7962234	0.2738835	0.09653583	0.6195931
16092	-717.5506	-889.2595	171.7089	0.4000311	1.309707	1.244562	0.3002043	0.2656271	0.1141418	0.7013941
16098	-724.414	-893.5193	169.1053	0.5162921	0.9207008	2.486373	0.6408406	0.6925351	1.064978	0.6608741
16104	-733.0138	-894.3752	161.3615	0.6742641	1.036396	1.973504	0.1913928	6.193697	3.644967	1.113187
16110	-724.7228	-892.0256	167.3028	0.6230585	0.7178613	1.140107	0.3933749	1.945589	2.911068	1.14493
16116	-730.9833	-894.6039	163.6206	0.8291586	0.8012717	3.821194	0.8439278	2.552702	2.699608	1.034068
16122	-729.6049	-895.8611	166.2562	0.9165	0.7876124	1.824419	2.566993	0.8597442	1.854609	1.130094
16128	-729.2423	-898.0111	168.7688	0.6015361	1.19275	1.030402	0.9687759	0.8597442	1.854609	0.903151
16134	-733.4596	-902.6478	169.1881	0.7850964	1.006984	1.454071	1.803857	0.5169363	0.2118069	1.214765
16140	-712.6533	-881.5086	168.8553	0.937683	1.549196	1.798582	0.1871968	0.7006932	1.255038	0.9166811
16146	-721.6162	-891.8897	170.2735	0.5602527	1.060506	0.8693703	0.06606833	1.68634	0.7480633	0.9071873
16152	-735.398	-905.3732	169.9752	0.8385712	1.054752	1.082724	0.1298755	2.073834	0.1242451	0.9207434
16158	-731.1609	-900.5893	169.4284	0.7749652	1.054752	1.045726	0.3122498	1.927212	0.6960503	0.9614249
16164	-737.9395	-905.1006	167.161	0.623382	0.7971828	1.090031	1.853502	1.503124	1.409639	1.614896
16170	-729.3746	-899.3036	169.9289	0.6902999	0.9003168	1.004851	0.7871095	0.4204149	0.2294876	1.951875
16176	-717.6909	-886.1103	168.4194	0.6902999	0.8712353	1.486165	0.7871095	1.353796	0.7897376	1.649561
16182	-719.1372	-889.1188	169.9816	0.7012078	0.9171241	1.486165	0.5263956	0.6048007	0.2097002	1.62919
16188	-719.7092	-883.5563	163.8471	0.5232099	0.7286985	5.203559	2.46926	0.9561115	0.6670028	1.62919
16194	-731.4962	-899.3534	167.8572	0.5394374	1.079459	2.901398	0.5808478	0.4740357	1.477568	1.236209
16200	-735.169	-902.5065	167.3375	1.028624	1.051559	2.431516	0.02990517	0.2904835	2.670057	1.321687
16206	-734.9124	-898.4346	163.5222	0.6132001	1.185752	2.431516	2.483251	1.498708	2.670057	1.637723
16212	-715.3063	-879.6061	164.2998	0.8021931	1.023586	2.66791	3.142344	1.763343	0.636855	1.697876
16218	-729.7637	-894.3678	164.6041	0.6986131	0.8268056	1.942899	1.836479	3.013258	1.545541	1.599506
16224	-721.1687	-889.9999	168.8312	0.9865849	1.307935	0.4840692	0.7351428	1.252515	1.545541	1.059397
16230	-714.86	-883.5836	168.7237	0.5308296	1.324573	0.792927	0.9274813	1.252515	1.545541	1.067967
16236	-718.131	-888.4034	170.2724	0.55458	1.186246	0.8300906	0.3895673	0.8443468	0.8544094	1.221404
16242	-714.4587	-884.2111	169.7524	0.7158419	1.287362	1.416267	1.502956	0.1859049	0.09648314	1.219995
16248	-728.5059	-895.5565	167.0505	0.7176884	1.560398	0.632094	1.502956	1.704557	2.009571	1.020506
16254	-715.5801	-885.532	169.9519	0.7236303	1.141929	0.1899937	0.8336589	1.704557	0.9564416	0.5435897
16260	-718.3081	-888.3622	170.0541	0.7236303	0.9490154	0.1205	1.401579	1.489624	0.7213434	0.6672961
16266	-720.3617	-890.5442	170.1825	0.8970526	1.225121	0.1435257	1.256244	1.597646	0.2076604	0.5231836
16272	-716.5617	-886.7113	170.1496	0.9784982	1.180659	0.3947624	0.48878	2.287597	0.01921337	0.5810111
16278	-724.7893	-893.39	168.6007	1.114098	0.8310348	0.252651	2.588975	2.092315	0.01955766	0.5810111
16284	-712.5907	-883.0629	170.4722	0.6339307	1.151307	0.09071525	1.452994	1.438694	0.02217384	0.9249876
16290	-709.2187	-880.1896	170.9708	1.080852	1.220008	0.659755	0.2429459	1.17835	0.01419105	0.8184549
16296	-700.8699	-869.8892	169.0194	0.6529489	1.305187	1.705513	1.533485	1.17835	0.02534756	0.7261085
16302	-718.0853	-887.5036	169.4183	0.558416	1.469329	1.360546	2.228991	0.405251	0.006142222	0.6447785
16308	-717.3369	-887.5167	170.1798	0.7353226	1.022963	1.242939	0.8488592	1.438935	0.005032807	0.6387902
16314	-721.6946	-891.9182	170.2236	0.883513	0.8892842	0.6605357	1.062835	1.666267	0.006156359	0.784384
16320	-716.506	-886.4798	169.9738	0.7270893	0.7772183	1.68902	1.033161	1.220172	0.03018598	0.6851492
16326	-715.9591	-887.3098	171.3507	0.8682934	0.7823748	1.152927	0.3843634	0.8432471	0.08001451	0.6725239
16332	-717.3329	-887.0672	169.7343	0.7220641	0.8797462	1.152927	0.4809525	2.233357	0.1050937	0.8828574
16338	-720.6903	-890.0603	169.3701	0.7220641	1.047316	1.152927	0.3794828	0.9336556	1.186824	1.355208
16344	-716.87	-883.8672	166.9971	0.7414141	0.9533779	0.4666866	1.060792	3.744176	1.433567	0.7720354
16350	-715.9575	-886.6481	170.6906	0.8411222	1.414901	0.06027514	1.584901	0.7371568	0.11032	0.7125096
16356	-720.4553	-891.5817	171.1265	0.8019327	1.39481	0.1284723	0.3601391	0.7371568	0.92802	0.6379799
16362	-714.8382	-884.1977	169.3594	0.5192939	1.13762	0.1602278	1.467984	0.5742997	2.219703	0.6379799
16368	-718.8167	-887.5635	168.7467	0.6215644	0.817983	0.1693711	2.639545	0.1414624	2.135216	0.9121368
16374	-709.5199	-880.9283	171.4084	0.8544135	0.9717021	0.05953016	1.051195	0.1990139	0.689164	0.9695499
16380	-716.3905	-887.6375	171.247	0.8544135	0.9888762	0.07596686	0.09599301	0.6852409	1.278407	0.9773624
16386	-725.2789	-894.6611	169.3822	0.4308625	1.409908	0.1020408	0.02872829	2.299043	0.8989221	1.4821
16392	-733.2472	-905.3412	172.094	0.8028488	1.376818	0.2099155	0.0275358	0.5002317	0.2004007	0.9906118
16398	-724.1596	-894.5672	170.4076	0.6787496	1.508494	0.1554847	0.9015319	0.4949677	0.7169997	1.29493
16404	-715.2105	-886.3949	171.1844	0.908203	0.7941855	0.6600056	0.4902511	0.05850311	1.163077	0.9436764
16410	-712.5313	-882.0748	169.5435	0.5072748	1.160847	0.6973249	0.8472969	0.8216851	1.333799	1.225862
16416	-715.5127	-883.7165	168.2038	0.7186519	0.9331089	2.08837	0.7552481	1.550817	0.7429043	1.189659
16422	-711.6589	-878.7551	167.0962	0.8116937	1.196091	2.08837	0.8020207	0.7739278	2.195284	1.21822
16428	-710.345	-882.0001	171.6551	1.075772	1.187613	0.1717551	0.1831812	0.3079153	0.3688272	1.230895
16434	-710.7575	-881.3756	170.6181	1.075772	1.02172	0.2163848	0.811281	0.2448301	0.3688272	1.684287
16440	-716.3356	-886.7019	170.3663	0.8027026	1.02172	0.7575919	0.811281	0.6717819	0.4327328	1.30056
16446	-714.2634	-885.1231	170.8597	1.130476	1.474032	0.1729247	0.3701887	0.6016362	0.3287752	1.241501
16452	-734.5187	-903.5146	168.9959	0.7161919	1.187066	1.863418	1.656283	0.4292348	0.1256829	1.205911
16458	-721.999	-893.4052	171.4062	0.7712589	1.201437	0.6333213	0.2905748	0.5877058	0.08631003	1.20586
16464	-717.4286	-884.4632	167.0345	0.5380742	1.390056	1.132867	0.8409753	0.9492886	3.090683	1.179056
16470	-720.2553	-885.6144	165.3591	1.078832	1.371815	1.133613	1.077476	1.871251	2.835424	1.410172
16476	-710.4163	-880.0516	169.6353	0.889734	1.305958	0.5860305	1.077476	0.7846998	0.593482	1.294724
16482	-723.1306	-891.1153	167.9847	0.889734	1.174251	1.595852	1.032277	0.573792	1.354878	1.50287
16488	-726.0862	-894.4941	168.4079	0.8969035	1.207114	1.194758	1.431551	0.1867927	1.532306	1.307207
16494	-716.2325	-883.4119	167.1794	1.095802	0.9632459	1.51565	1.841598	0.09510586	2.165202	1.3086
16500	-727.608	-892.2929	164.685	0.8534068	1.127318	2.03624	1.841598	2.465302	1.846404	1.3086
16506	-729.0126	-895.7174	166.7048	0.7958613	1.148677	1.513689	0.7350827	1.624194	2.009832	1.55615
16512	-716.0377	-886.0012	169.9635	0.7958613	1.198832	1.545364	0.4688985	0.8573655	0.2865064	1.082699
16518	-724.9647	-896.1264	171.1616	1.500182	1.198832	0.1661819	0.5195585	0.3331825	0.2077662	1.122205
16524	-719.9678	-890.4663	170.4984	0.8478281	0.7760893	0.1661819	1.976592	1.092211	0.09277247	0.6939645
16530	-719.0892	-889.4508	170.3616	1.192079	0.9903209	1.211631	0.6298869	1.041633	0.02214088	0.6983776
16536	-725.8342	-896.775	170.9408	0.9864962	0.9848671	1.211631	0.3657524	0.9405831	0.01817779	0.6983776
16542	-735.73	-905.8101	170.0801	0.6689727	1.16035	1.686154	0.1812384	1.551369	0.03768572	0.8069469
16548	-727.5232	-896.1243	168.6011	0.8549133	1.456064	1.99411	0.2879333	2.104727	0.1527144	0.6916432
16554	-725.6644	-896.5283	170.8639	0.8549133	0.8805193	0.7877987	0.5710798	1.075779	0.1256167	1.043
16560	-713.1303	-884.3562	171.226	0.5952544	0.8891396	0.7909267	0.1652001	0.5764178	0.5460739	1.345782
16566	-716.6074	-888.2578	171.6503	0.5952544	0.8273201	0.5132057	0.1869798	0.279269	0.5460739	1.492935
16572	-714.133	-884.4615	170.3285	0.92331	1.115002	0.4316061	0.3690041	0.8465792	0.3019954	1.713203
16578	-724.0116	-893.0323	169.0207	0.9126273	0.6815148	1.853959	0.517638	1.748747	0.2082875	1.236305
16584	-730.1446	-899.5079	169.3633	0.6486762	1.182862	0.9412312	0.1394251	0.9564344	1.309435	1.541706
16590	-734.0757	-904.2185	170.1429	0.7791055	1.077662	0.9412312	0.1180283	0.7986558	1.295505	1.047525
16596	-721.962	-886.5215	164.5595	0.8098961	1.042679	1.371503	1.747477	3.328559	1.78273	1.474207
16602	-719.4063	-886.8855	167.4793	1.223167	0.9108767	0.3026686	1.747477	1.68079	1.22802	1.528914
16608	-705.0545	-872.8399	167.7855	0.7501858	1.07059	1.035638	2.002465	1.73986	0.3569134	1.396712
16614	-718.3087	-886.0698	167.7611	0.9744614	0.9595114	1.309649	2.567731	0.8656274	0.3085742	1.395257
16620	-713.6918	-879.5126	165.8207	1.116852	0.7398607	1.648542	2.630071	1.561507	1.133572	1.468827
16626	-710.5798	-874.0823	163.5025	0.9322215	0.8473663	4.730158	1.948991	1.166978	1.948282	1.120782
16632	-713.0891	-877.5019	164.4128	0.7276354	0.9562743	4.730158	2.6657	1.595197	0.3747248	0.6622542
16638	-717.3257	-881.6082	164.2824	0.5033416	0.9068639	4.730158	2.14907	0.8851727	1.759879	0.9394628
16644	-720.537	-879.9087	159.3717	0.7904634	1.094161	4.031827	2.261739	4.405724	3.099949	1.137786
16650	-703.5523	-872.5886	169.0363	0.9540057	1.498289	0.1369795	1.111751	1.211165	0.8885174	1.323783
16656	-705.8266	-872.8693	167.0427	0.9540057	1.375801	1.050133	2.211113	1.194798	1.014217	1.319119
16662	-707.0222	-873.5139	166.4918	0.6146319	1.688549	0.3816966	2.211113	1.965115	1.61591	1.200483
16668	-718.1148	-889.771	171.6562	0.6293063	1.069638	0.0781287	0.2999441	0.8146244	0.6119165	1.029134
16674	-720.3649	-892.8326	172.4678	0.724187	0.9092501	0.6232332	0.1611101	0.02584768	0.3893716	0.8918386
16680	-717.8682	-889.9702	172.102	0.4980008	0.9092501	0.5257792	0.2814525	0.02586637	0.7018685	1.106715
16686	-713.7423	-885.181	171.4386	0.6666678	0.9929291	1.144364	0.1131806	0.01818637	0.7701577	1.048766
16692	-711.4112	-882.2083	170.797	1.036737	1.29846	0.4972689	0.7733839	0.02972043	0.7701577	1.001333
16698	-725.369	-894.286	168.917	1.053472	1.230733	0.8431534	1.687549	0.05886249	0.9796846	1.376659
16704	-721.235	-891.0157	169.7807	0.8504077	1.269918	0.6203987	1.063452	0.5254495	0.6642475	1.372905
16710	-718.7914	-888.5371	169.7457	0.6592334	0.8351233	0.8520406	1.063452	0.592969	0.1960589	1.961036
16716	-719.0915	-888.6415	169.55	0.5281618	1.170458	0.9915785	2.062046	0.3240443	0.1890051	1.311317
16722	-719.7987	-884.5829	164.7842	0.6497437	1.137919	2.040179	2.062046	0.4696446	3.534392	1.438885
16728	-716.4103	-882.5443	166.134	0.7462013	1.030673	1.61706	1.88562	0.6351192	2.637678	1.438885
16734	-720.9892	-889.3829	168.3937	1.067768	1.012741	1.010933	0.9130876	1.640224	0.3413048	1.668007
16740	-729.3206	-898.5447	169.2242	0.677865	1.067199	0.841313	0.6688949	1.293968	0.5705295	1.687148
16746	-720.0351	-887.9453	167.9102	0.6971156	0.6934152	1.751546	1.44623	1.702001	0.1451775	1.687148
16752	-718.753	-888.6297	169.8767	0.8593124	1.152463	0.7821447	1.367001	0.1647801	0.6405016	1.318635
16758	-720.7141	-889.1555	168.4414	1.070984	0.8972138	0.7999087	1.623587	0.02368322	1.489741	1.691711
16764	-728.4356	-896.3413	167.9057	0.9945462	0.7913535	1.142009	0.8560144	0.7044851	1.489741	2.008904
16770	-735.2402	-902.9386	167.6984	0.9171763	1.009089	1.938842	0.6811914	2.645497	0.4022348	0.906948
16776	-725.1104	-893.0313	167.9209	0.416914	0.9237826	0.7531801	2.356688	2.515558	0.4022348	0.8010641
16782	-728.4483	-891.5541	163.1058	0.594952	0.8400394	1.361798	2.928261	3.619887	2.110343	1.520841
16788	-730.4878	-894.6187	164.1308	0.6194783	0.7725784	0.7523582	0.7192156	4.566086	2.333636	1.991165
16794	-731.5069	-898.2157	166.7088	0.6286932	0.7663529	0.3162345	0.6484989	2.848931	2.333636	1.748389
16800	-728.8275	-897.3887	168.5612	0.6219937	0.8763715	0.8909739	1.642375	1.905048	0.1209682	1.480957
16806	-729.7203	-896.1788	166.4585	1.161123	0.9564371	1.507431	0.3402859	3.392986	0.9379603	1.38943
16812	-713.4745	-879.9949	166.5204	1.096424	0.9657749	1.149778	1.488638	1.984171	1.127486	1.70154
16818	-719.5255	-886.9422	167.4167	0.6949514	0.8505152	3.177497	1.508451	0.1298245	0.7272679	1.571947
16824	-724.3048	-892.755	168.4502	0.6949514	1.282989	1.869537	1.02655	0.1875094	1.174852	1.436041
16830	-715.7488	-887.3648	171.6159	1.117378	0.8514655	0.1379258	0.4756871	0.2329816	0.2236568	1.465872
16836	-722.9538	-895.0643	172.1105	0.4965615	1.077375	0.310534	0.1164394	0.1214478	0.2379988	1.566992
16842	-719.2687	-891.1669	171.8982	0.5007555	0.9863592	0.2945766	0.3760036	0.379796	0.4894227	1.212394
16848	-703.3882	-873.961	170.5728	0.6150639	0.7498184	1.353151	0.1557825	0.2657483	1.599179	0.8656646
16854	-717.5131	-888.7484	171.2353	0.9275238	0.7863071	0.8742047	0.08301885	0.03841921	1.185471	1.071312
16860	-713.5606	-884.0565	170.4959	0.5428164	1.154268	1.133644	0.3066711	0.5643066	0.596776	1.331637
16866	-711.1944	-881.9896	170.7952	1.327977	0.9807793	0.4319909	0.2925032	0.8354666	0.3654196	1.166357
16872	-714.6018	-887.1828	172.5811	0.5383492	1.202166	0.1713107	0.1457073	0.2998619	0.05268014	1.166357
16878	-718.1969	-890.0765	171.8797	0.6219527	1.500331	0.2076568	0.1497469	0.2998619	0.05268014	1.409919
16884	-714.2512	-886.3106	172.0594	0.4861627	1.779945	0.2879716	0.06660044	0.3061142	0.2594521	0.9004477
16890	-717.3764	-889.3086	171.9322	0.6321456	0.9598346	0.05342295	0.06660044	0.9785371	0.8098879	0.7007304
16896	-714.7638	-884.2772	169.5135	1.164887	0.8822979	0.0657365	1.480566	0.9785371	1.219808	0.8932845
16902	-717.8526	-887.0818	169.2292	0.6614816	0.9946685	0.07274559	1.960956	1.303683	1.142301	0.8069623
16908	-708.2542	-878.2205	169.9664	0.5310539	1.244372	0.003286277	1.585931	0.9270946	1.142301	0.718154
16914	-714.3697	-885.1789	170.8092	0.5650017	0.9574704	0.004333096	1.167345	0.9270946	0.9830493	0.7117406
16920	-709.7688	-879.2449	169.4761	0.924043	1.138149	0.003777952	1.167345	0.3030245	2.428076	0.7117406
16926	-720.9762	-891.7917	170.8155	0.8040118	1.245476	0.008441363	1.229701	0.3027921	1.032976	0.7117406
16932	-719.3325	-890.4268	171.0943	1.333321	0.7918459	0.0240399	0.389297	0.1964507	1.032976	1.306862
16938	-711.3586	-882.3564	170.9978	0.8381658	0.7005232	0.009649371	0.5291251	0.5294241	1.252425	1.306862
16944	-705.7734	-874.8508	169.0773	0.7534595	1.212723	0.4122553	1.687548	0.2868568	1.786631	0.9836327
16950	-720.7196	-888.8732	168.1537	1.078248	1.255167	1.488981	1.28247	1.557877	0.4348288	0.9517317
16956	-712.8501	-881.1089	168.2588	0.6992914	0.7948443	1.651766	2.075664	1.378428	0.3853679	0.9517317
16962	-709.7022	-876.5148	166.8126	0.5874574	1.127774	0.6133317	2.075664	2.184337	1.294253	1.417866
16968	-712.5048	-881.55	169.0452	0.6631511	0.8994379	1.040931	0.9831117	0.8420411	1.719183	1.00058
16974	-712.0395	-878.8468	166.8073	1.045675	0.96223	1.248442	0.6130697	1.740587	2.519623	1.241895
16980	-712.4922	-881.0996	168.6074	0.6173201	1.245091	0.3980259	1.05935	2.137508	0.8247221	1.267569
16986	-710.1251	-880.9369	170.8118	0.3827913	2.018477	0.3809783	0.2926778	0.7026717	0.5427927	0.9527587
16992	-717.7956	-886.9408	169.1452	0.9994115	2.131368	0.4013785	0.9543873	0.7026717	0.780342	1.085869
16998	-719.9116	-889.399	169.4874	0.5063183	0.9342377	0.06653742	1.217863	1.251407	1.564856	1.123752
17004	-717.5802	-888.9049	171.3247	0.932117	0.742672	0.262041	0.2269059	1.088755	0.2727028	1.313345
17010	-715.6849	-885.0867	169.4018	0.8966262	1.563469	0.7687033	0.8896633	1.088755	0.461391	1.126128
17016	-725.2461	-892.4405	167.1944	0.7095716	0.7958011	1.227643	1.592946	2.977928	0.7676465	0.929373
17022	-727.1109	-893.7046	166.5938	0.8547244	0.8154997	0.6509894	4.538577	1.701573	0.118901	0.926636
17028	-712.0015	-881.7235	169.722	0.7735603	1.307468	1.321824	0.319126	1.565365	0.08752634	1.099869
17034	-718.9646	-890.8185	171.8539	0.8505208	0.9418785	0.8596348	0.3192662	0.1362914	0.1373759	1.099869
17040	-739.7612	-907.6112	167.85	1.145734	0.9418785	0.6075331	1.308594	1.688558	1.537588	1.118134
17046	-720.9966	-891.0274	170.0308	0.6454002	0.8817423	1.523175	0.3060824	0.9107461	0.7689922	1.118134
17052	-717.7912	-886.7378	168.9466	0.8337651	1.305922	1.08258	1.165529	0.1866292	1.841582	0.8227259
17058	-721.1745	-888.8242	167.6497	1.211247	1.046135	0.2878533	2.34919	0.6374844	1.841582	1.169265
17064	-720.8815	-890.7334	169.8519	0.4964578	1.207768	0.1517261	1.393296	1.352549	0.3583098	1.304888
17070	-733.526	-898.6469	165.1209	0.5846286	1.572059	1.895997	0.04607451	5.403784	0.8607567	0.456247
17076	-726.9037	-893.7777	166.874	0.9082356	1.377061	3.169739	0.06161519	2.19889	0.7368384	0.8680089
17082	-714.2431	-885.1465	170.9034	0.5636265	1.518419	0.5774767	0.2717162	0.8281775	0.2558293	1.234285
17088	-705.194	-876.4465	171.2525	0.8001883	0.8042407	0.7069038	0.09566798	0.8281775	0.4566265	1.234285
17094	-710.0502	-881.2723	171.2222	0.7941414	0.836338	0.6099716	0.3855948	0.1481615	0.947713	1.234285
17100	-711.0325	-882.1962	171.1637	0.7941414	1.437987	0.8588199	0.03010342	0.147552	0.947713	0.7986902
17106	-717.5194	-886.0457	168.5263	1.201357	1.17082	2.012003	0.1092839	0.2255627	2.00331	0.9555189
17112	-711.357	-880.0806	168.7236	0.4339944	1.17082	2.445925	0.2767543	0.2317691	1.994652	0.8307962
17118	-717.1545	-883.0373	165.8828	1.102706	1.674348	2.908381	0.9984049	0.961575	1.689755	0.9861638
17124	-722.0736	-891.1432	169.0696	0.8240048	0.9207324	1.522842	0.8337115	0.7741574	0.6783444	1.488754
17130	-720.8738	-889.7525	168.8788	0.8306137	1.240729	1.567608	0.8760799	0.6323408	0.8158536	1.318979
17136	-723.8574	-894.4688	170.6114	0.7481581	1.030693	1.065202	0.6952289	0.1319293	0.9058709	1.011756
17142	-726.7513	-896.1464	169.3951	1.525959	1.031971	1.213815	1.283144	0.3708279	0.1353972	1.237515
17148	-720.1702	-889.5316	169.3614	1.088335	0.9495935	2.278091	1.283144	0.08775583	0.1353972	1.020252
17154	-714.8511	-883.539	168.6879	1.025325	1.423577	1.685656	2.27015	0.0682214	0.1423126	0.8950077
17160	-715.6501	-887.3999	171.7498	0.640022	0.9581059	0.8062953	1.070542	0.005996551	0.1484172	0.7844074
17166	-729.0376	-897.2117	168.174	0.6352426	0.8609206	4.549079	1.070542	0.1014603	0.08144444	0.6184146
17172	-719.7882	-887.5915	167.8033	0.5780797	0.7898365	1.568685	1.117245	0.4806859	1.98437	1.691832
17178	-707.3248	-878.1034	170.7787	0.9622934	0.978559	0.2275182	0.8601043	0.8062037	0.08274116	1.434359
17184	-709.3873	-880.7867	171.3994	0.486139	1.447381	0.2493004	0.6800284	0.1469598	0.4501374	1.262637
17190	-706.7938	-878.0528	171.2591	1.136046	1.08015	0.3840001	0.6800284	0.06156114	0.6038153	0.9998041
17196	-714.3085	-885.8811	171.5725	1.255975	0.8086522	0.4706422	0.3718128	0.02186567	0.5832066	1.115329
17202	-720.1535	-892.0696	171.9161	0.9651661	0.8180568	0.873561	0.09038105	0.009312345	0.559946	0.971125
17208	-725.9971	-897.4873	171.4902	0.9991461	0.6914648	0.9680142	0.461878	0.01522109	0.4899491	1.084778
17214	-724.2422	-892.6728	168.4306	0.6974908	1.277072	1.475281	0.2344814	0.01900941	3.111141	0.9506111
17220	-726.6005	-896.6839	170.0834	0.8544357	1.585096	1.223503	0.3610055	0.08884524	1.060747	0.944865
17226	-722.1252	-888.7142	166.589	0.7197986	1.545281	2.113942	1.419198	0.2329663	2.637526	0.9389627
17232	-723.4114	-892.4949	169.0835	0.4490834	1.669499	1.146501	1.516817	0.2667219	1.182186	0.7944308
17238	-718.2459	-887.0243	168.7784	1.047804	1.701385	1.554875	0.8443539	0.09146736	1.280128	0.9003607
17244	-719.5525	-888.8359	169.2834	0.7982362	1.618578	0.6954986	1.611036	0.2929313	1.128091	0.7297787
17250	-709.7504	-880.1988	170.4485	0.6199408	1.457486	0.8120508	0.6836316	0.09186096	1.217779	0.8428502
17256	-711.136	-880.3677	169.2317	0.8025009	1.049483	1.728941	0.6836316	0.06840586	1.850803	0.7488428
17262	-702.7383	-873.9903	171.2519	0.8435047	0.9936441	0.3429866	1.204603	0.007349279	0.8491963	0.5977476
17268	-710.7413	-880.9408	170.1995	0.6034567	0.8170183	0.05883683	1.767129	0.00442382	2.024896	0.5969466
17274	-720.3121	-889.4059	169.0937	0.7318952	1.063717	0.05067742	1.767129	0.05895111	2.681527	0.3477608
17280	-718.3406	-888.5913	170.2507	0.5253722	1.177859	1.231622	0.2060344	1.120131	0.1132777	1.459576
17286	-718.2181	-887.3555	169.1374	0.572997	1.177859	0.4157944	0.03243535	3.58211	0.0109333	1.226936
17292	-717.9437	-887.8143	169.8706	0.7583907	0.9244628	1.273534	0.5342533	1.620035	0.008360657	1.194438
17298	-711.7965	-880.9453	169.1488	0.7027567	1.616603	1.576598	0.2705194	1.694701	0.01128878	1.16398
17304	-710.0301	-880.5148	170.4846	0.6776091	1.581329	1.200386	0.1173717	0.986059	0.0004271863	1.138548
17310	-716.8754	-886.5558	169.6804	0.7826191	1.183975	0.09773058	0.1173717	3.290256	0.003402143	1.045032
17316	-717.4406	-889.3426	171.902	0.7589699	0.9240278	0.7928892	0.4976875	0.2317785	0.009529338	1.080854
17322	-708.2585	-878.6633	170.4048	0.9739972	1.248479	1.070244	0.4976875	0.4927277	0.4524234	1.061916
17328	-711.5437	-880.1937	168.65	0.5959664	1.187445	1.098181	0.4755802	1.031856	2.064822	1.077022
17334	-715.4807	-885.0107	169.53	0.8399656	1.163863	1.437027	0.01542518	0.3123063	1.692706	1.195059
17340	-721.1271	-889.692	168.5649	0.5309452	1.139912	2.415752	0.2122111	0.3271077	1.89761	1.076483
17346	-711.6502	-882.417	170.7668	0.7664739	0.878243	0.8502244	0.1392259	0.634323	0.7458598	1.365943
17352	-716.4618	-885.4063	168.9446	0.7664739	1.452523	0.3782706	1.711276	0.1725616	1.646591	1.122002
17358	-715.5578	-884.6044	169.0466	0.670645	1.547163	0.5740297	1.18521	0.4985916	1.646591	1.025359
17364	-721.3952	-887.2389	165.8437	0.6794313	1.413529	3.2981	0.2867689	0.5473564	2.785363	1.302835
17370	-723.8873	-890.4799	166.5926	0.5094378	0.888233	3.091979	0.1382578	2.570579	1.136439	1.213078
17376	-725.6718	-890.764	165.0922	0.4923594	1.352002	3.60677	0.2899306	2.570579	1.56318	1.173474
17382	-710.8074	-879.1445	168.3371	0.9163939	0.888944	1.881756	0.397743	0.3265835	1.56318	1.716184
17388	-720.6905	-887.8667	167.1762	0.5126608	0.9008292	3.505415	0.2949811	1.965007	0.6946061	1.106676
17394	-712.002	-880.3828	168.3807	0.8259293	1.017656	2.148337	0.4751353	0.4453442	1.8097	1.095824
17400	-719.9701	-888.8892	168.919	0.9560489	0.9072254	2.393331	0.6894602	0.5154932	0.8445142	0.9787614
17406	-718.6957	-886.0257	167.33	0.9560489	1.138999	2.393331	1.205779	0.5546926	1.646221	0.9787614
17412	-727.9002	-888.5469	160.6466	0.9560489	1.327802	3.14304	1.34298	3.998006	3.446682	1.304257
17418	-720.4054	-887.7001	167.2947	0.7180221	1.076186	0.8120111	0.9686215	1.614058	2.122449	1.498457
17424	-730.792	-894.7238	163.9318	1.019261	0.9927979	2.192016	1.870936	3.004526	2.122449	1.068112
17430	-719.0295	-885.9054	166.8759	0.7043949	1.501565	1.70698	1.870936	0.817321	1.244163	1.409878
17436	-714.8767	-884.4222	169.5454	0.8161841	1.394674	0.6046788	1.075541	0.9719402	0.4074893	1.339607
17442	-717.8969	-886.2754	168.3786	0.7050712	0.9311101	0.119809	0.109326	2.422196	1.354295	1.912914
17448	-722.4182	-893.7635	171.3453	0.8266503	0.9917155	0.08377595	0.8415774	0.4564768	0.6796712	0.9775624
17454	-721.7092	-892.5968	170.8876	0.7220496	0.7658641	0.4707346	1.265291	0.295448	0.8681228	0.9203739
17460	-712.6863	-881.7306	169.0443	0.8095635	0.8210434	0.994915	2.219388	0.501458	0.7793118	1.032131
17466	-722.0437	-892.0976	170.0539	0.492175	0.9363113	0.8463482	0.7301254	0.1003728	2.07989	0.9105485
17472	-711.046	-881.2331	170.1871	0.492175	1.452025	0.7635648	0.9516805	0.2012155	1.299887	0.7769693
17478	-717.3721	-885.9271	168.5551	0.6483628	1.049674	0.6554229	1.017859	1.689355	1.370092	1.190013
17484	-715.6741	-884.5049	168.8309	0.6483628	1.071107	1.615223	0.01761902	2.664533	0.4533706	0.8834362
17490	-724.8068	-895.5875	170.7807	0.4766968	0.8379006	0.7738268	0.4282738	1.605025	0.230287	1.014433
17496	-717.2487	-889.3364	172.0877	0.6694199	0.9847884	0.7559883	0.03047322	0.8273356	0.1245718	0.6094531
17502	-713.0528	-885.3288	172.276	0.731264	1.687631	0.2203913	0.1362523	0.2560218	0.09207496	0.7676531
17508	-712.0995	-882.9341	170.8346	0.731264	0.8587464	0.8966006	0.9354557	1.068645	0.08120047	0.7576372
17514	-714.9962	-886.0246	171.0284	0.9550271	1.019116	0.4458874	1.110774	0.7853465	0.139632	0.6247484
17520	-713.4368	-883.9274	170.4905	1.29955	0.856874	0.9731847	1.140594	0.5278671	0.155572	0.7110803
17526	-709.0983	-880.9093	171.8109	0.4760221	0.957116	0.8096509	0.3494049	0.7914187	0.08719812	0.8532171
17532	-711.9544	-883.5525	171.5981	0.7408045	1.338336	0.5365008	0.2150656	0.8079255	0.133303	0.8089202
17538	-724.0375	-895.5145	171.477	0.6515569	1.526008	0.7462005	0.2527555	0.6247366	0.1722942	0.6723938
17544	-720.7553	-892.5193	171.7639	1.124656	1.526008	0.2713244	0.1284258	0.6055981	0.06420195	0.6255416
17550	-718.0211	-888.8988	170.8777	0.8746028	0.9883473	0.4541087	0.7194537	0.6162685	0.2343117	1.380766
17556	-720.1968	-891.4952	171.2984	0.6207506	1.125417	0.4831099	0.2720986	0.2864893	0.6628061	1.380766
17562	-716.7795	-887.2832	170.5038	0.6207506	0.9421636	0.6118643	0.6538998	0.05748894	1.248023	1.466426
17568	-724.0792	-894.9769	170.8977	0.6901161	0.8395213	1.015972	0.1501544	0.0495665	1.292407	1.236669
17574	-722.8518	-892.3488	169.4969	0.7780655	0.8437361	0.6767852	1.390259	0.07820163	1.199995	1.605561
17580	-720.8186	-890.3521	169.5335	0.9225311	1.464666	0.5089597	0.8025197	0.6021318	1.05221	1.283578
17586	-724.7937	-893.9403	169.1466	1.002544	1.836473	0.6720801	1.071529	0.1225196	0.7093939	1.53611
17592	-719.9839	-885.9621	165.9783	0.6452523	1.345115	0.6720801	2.74553	2.148287	1.014006	1.53611
17598	-721.1041	-888.2853	167.1812	0.9418576	0.9395407	1.177178	0.1952902	1.893762	2.201907	1.558508
