"scenario","modelID","gridTag","parameter","true_value","coverage_rate","n_covers","n_total","tree_length","gain_loss","n_char"
"mk","model1","tl1.00_gl0.10_c25","tree_length",1,1,10,10,1,0.1,25
"mk","model1","tl1.50_gl0.10_c25","tree_length",1.5,1,10,10,1.5,0.1,25
"mk","model1","tl2.50_gl0.10_c25","tree_length",2.5,1,10,10,2.5,0.1,25
"mk","model1","tl5.00_gl0.10_c25","tree_length",5,0.7,7,10,5,0.1,25
"mk","model1","tl1.00_gl0.25_c25","tree_length",1,1,10,10,1,0.25,25
"mk","model1","tl1.50_gl0.25_c25","tree_length",1.5,1,10,10,1.5,0.25,25
"mk","model1","tl2.50_gl0.25_c25","tree_length",2.5,1,10,10,2.5,0.25,25
"mk","model1","tl5.00_gl0.25_c25","tree_length",5,0.7,7,10,5,0.25,25
"mk","model1","tl1.00_gl0.50_c25","tree_length",1,1,10,10,1,0.5,25
"mk","model1","tl1.50_gl0.50_c25","tree_length",1.5,1,10,10,1.5,0.5,25
"mk","model1","tl2.50_gl0.50_c25","tree_length",2.5,1,10,10,2.5,0.5,25
"mk","model1","tl5.00_gl0.50_c25","tree_length",5,0.7,7,10,5,0.5,25
"mk","model1","tl1.00_gl1.00_c25","tree_length",1,1,10,10,1,1,25
"mk","model1","tl1.50_gl1.00_c25","tree_length",1.5,1,10,10,1.5,1,25
"mk","model1","tl2.50_gl1.00_c25","tree_length",2.5,1,10,10,2.5,1,25
"mk","model1","tl5.00_gl1.00_c25","tree_length",5,0.7,7,10,5,1,25
"mk","model1","tl1.00_gl0.10_c50","tree_length",1,1,10,10,1,0.1,50
"mk","model1","tl1.50_gl0.10_c50","tree_length",1.5,1,10,10,1.5,0.1,50
"mk","model1","tl2.50_gl0.10_c50","tree_length",2.5,1,10,10,2.5,0.1,50
"mk","model1","tl5.00_gl0.10_c50","tree_length",5,0.7,7,10,5,0.1,50
"mk","model1","tl1.00_gl0.25_c50","tree_length",1,1,10,10,1,0.25,50
"mk","model1","tl1.50_gl0.25_c50","tree_length",1.5,1,10,10,1.5,0.25,50
"mk","model1","tl2.50_gl0.25_c50","tree_length",2.5,1,10,10,2.5,0.25,50
"mk","model1","tl5.00_gl0.25_c50","tree_length",5,0.7,7,10,5,0.25,50
"mk","model1","tl1.00_gl0.50_c50","tree_length",1,1,10,10,1,0.5,50
"mk","model1","tl1.50_gl0.50_c50","tree_length",1.5,1,10,10,1.5,0.5,50
"mk","model1","tl2.50_gl0.50_c50","tree_length",2.5,1,10,10,2.5,0.5,50
"mk","model1","tl5.00_gl0.50_c50","tree_length",5,0.7,7,10,5,0.5,50
"mk","model1","tl1.00_gl1.00_c50","tree_length",1,1,10,10,1,1,50
"mk","model1","tl1.50_gl1.00_c50","tree_length",1.5,1,10,10,1.5,1,50
"mk","model1","tl2.50_gl1.00_c50","tree_length",2.5,1,10,10,2.5,1,50
"mk","model1","tl5.00_gl1.00_c50","tree_length",5,0.7,7,10,5,1,50
"mk","model1","tl1.00_gl0.10_c100","tree_length",1,1,10,10,1,0.1,100
"mk","model1","tl1.50_gl0.10_c100","tree_length",1.5,0.9,9,10,1.5,0.1,100
"mk","model1","tl2.50_gl0.10_c100","tree_length",2.5,0.8,8,10,2.5,0.1,100
"mk","model1","tl5.00_gl0.10_c100","tree_length",5,1,10,10,5,0.1,100
"mk","model1","tl1.00_gl0.25_c100","tree_length",1,1,10,10,1,0.25,100
"mk","model1","tl1.50_gl0.25_c100","tree_length",1.5,0.9,9,10,1.5,0.25,100
"mk","model1","tl2.50_gl0.25_c100","tree_length",2.5,0.8,8,10,2.5,0.25,100
"mk","model1","tl5.00_gl0.25_c100","tree_length",5,1,10,10,5,0.25,100
"mk","model1","tl1.00_gl0.50_c100","tree_length",1,1,10,10,1,0.5,100
"mk","model1","tl1.50_gl0.50_c100","tree_length",1.5,0.9,9,10,1.5,0.5,100
"mk","model1","tl2.50_gl0.50_c100","tree_length",2.5,0.8,8,10,2.5,0.5,100
"mk","model1","tl5.00_gl0.50_c100","tree_length",5,1,10,10,5,0.5,100
"mk","model1","tl1.00_gl1.00_c100","tree_length",1,1,10,10,1,1,100
"mk","model1","tl1.50_gl1.00_c100","tree_length",1.5,0.9,9,10,1.5,1,100
"mk","model1","tl2.50_gl1.00_c100","tree_length",2.5,0.8,8,10,2.5,1,100
"mk","model1","tl5.00_gl1.00_c100","tree_length",5,1,10,10,5,1,100
"mk","model1","tl1.00_gl0.10_c200","tree_length",1,0.9,9,10,1,0.1,200
"mk","model1","tl1.50_gl0.10_c200","tree_length",1.5,0.9,9,10,1.5,0.1,200
"mk","model1","tl2.50_gl0.10_c200","tree_length",2.5,1,10,10,2.5,0.1,200
"mk","model1","tl5.00_gl0.10_c200","tree_length",5,1,10,10,5,0.1,200
"mk","model1","tl1.00_gl0.25_c200","tree_length",1,0.9,9,10,1,0.25,200
"mk","model1","tl1.50_gl0.25_c200","tree_length",1.5,0.9,9,10,1.5,0.25,200
"mk","model1","tl2.50_gl0.25_c200","tree_length",2.5,1,10,10,2.5,0.25,200
"mk","model1","tl5.00_gl0.25_c200","tree_length",5,1,10,10,5,0.25,200
"mk","model1","tl1.00_gl0.50_c200","tree_length",1,0.9,9,10,1,0.5,200
"mk","model1","tl1.50_gl0.50_c200","tree_length",1.5,0.9,9,10,1.5,0.5,200
"mk","model1","tl2.50_gl0.50_c200","tree_length",2.5,1,10,10,2.5,0.5,200
"mk","model1","tl5.00_gl0.50_c200","tree_length",5,1,10,10,5,0.5,200
"mk","model1","tl1.00_gl1.00_c200","tree_length",1,0.9,9,10,1,1,200
"mk","model1","tl1.50_gl1.00_c200","tree_length",1.5,0.9,9,10,1.5,1,200
"mk","model1","tl2.50_gl1.00_c200","tree_length",2.5,1,10,10,2.5,1,200
"mk","model1","tl5.00_gl1.00_c200","tree_length",5,1,10,10,5,1,200
"mk","model2","tl1.00_gl0.10_c25","tree_length",1,1,10,10,1,0.1,25
"mk","model2","tl1.00_gl0.10_c25","gain_loss_ratio",10,NA,0,0,1,0.1,25
"mk","model2","tl1.50_gl0.10_c25","tree_length",1.5,1,10,10,1.5,0.1,25
"mk","model2","tl1.50_gl0.10_c25","gain_loss_ratio",10,NA,0,0,1.5,0.1,25
"mk","model2","tl2.50_gl0.10_c25","tree_length",2.5,1,10,10,2.5,0.1,25
"mk","model2","tl2.50_gl0.10_c25","gain_loss_ratio",10,NA,0,0,2.5,0.1,25
"mk","model2","tl5.00_gl0.10_c25","tree_length",5,0.8,8,10,5,0.1,25
"mk","model2","tl5.00_gl0.10_c25","gain_loss_ratio",10,NA,0,0,5,0.1,25
"mk","model2","tl1.00_gl0.25_c25","tree_length",1,1,10,10,1,0.25,25
"mk","model2","tl1.00_gl0.25_c25","gain_loss_ratio",4,NA,0,0,1,0.25,25
"mk","model2","tl1.50_gl0.25_c25","tree_length",1.5,1,10,10,1.5,0.25,25
"mk","model2","tl1.50_gl0.25_c25","gain_loss_ratio",4,NA,0,0,1.5,0.25,25
"mk","model2","tl2.50_gl0.25_c25","tree_length",2.5,1,10,10,2.5,0.25,25
"mk","model2","tl2.50_gl0.25_c25","gain_loss_ratio",4,NA,0,0,2.5,0.25,25
"mk","model2","tl5.00_gl0.25_c25","tree_length",5,0.8,8,10,5,0.25,25
"mk","model2","tl5.00_gl0.25_c25","gain_loss_ratio",4,NA,0,0,5,0.25,25
"mk","model2","tl1.00_gl0.50_c25","tree_length",1,1,10,10,1,0.5,25
"mk","model2","tl1.00_gl0.50_c25","gain_loss_ratio",2,NA,0,0,1,0.5,25
"mk","model2","tl1.50_gl0.50_c25","tree_length",1.5,1,10,10,1.5,0.5,25
"mk","model2","tl1.50_gl0.50_c25","gain_loss_ratio",2,NA,0,0,1.5,0.5,25
"mk","model2","tl2.50_gl0.50_c25","tree_length",2.5,1,10,10,2.5,0.5,25
"mk","model2","tl2.50_gl0.50_c25","gain_loss_ratio",2,NA,0,0,2.5,0.5,25
"mk","model2","tl5.00_gl0.50_c25","tree_length",5,0.8,8,10,5,0.5,25
"mk","model2","tl5.00_gl0.50_c25","gain_loss_ratio",2,NA,0,0,5,0.5,25
"mk","model2","tl1.00_gl1.00_c25","tree_length",1,1,10,10,1,1,25
"mk","model2","tl1.00_gl1.00_c25","gain_loss_ratio",1,NA,0,0,1,1,25
"mk","model2","tl1.50_gl1.00_c25","tree_length",1.5,1,10,10,1.5,1,25
"mk","model2","tl1.50_gl1.00_c25","gain_loss_ratio",1,NA,0,0,1.5,1,25
"mk","model2","tl2.50_gl1.00_c25","tree_length",2.5,1,10,10,2.5,1,25
"mk","model2","tl2.50_gl1.00_c25","gain_loss_ratio",1,NA,0,0,2.5,1,25
"mk","model2","tl5.00_gl1.00_c25","tree_length",5,0.8,8,10,5,1,25
"mk","model2","tl5.00_gl1.00_c25","gain_loss_ratio",1,NA,0,0,5,1,25
"mk","model2","tl1.00_gl0.10_c50","tree_length",1,1,10,10,1,0.1,50
"mk","model2","tl1.00_gl0.10_c50","gain_loss_ratio",10,NA,0,0,1,0.1,50
"mk","model2","tl1.50_gl0.10_c50","tree_length",1.5,1,10,10,1.5,0.1,50
"mk","model2","tl1.50_gl0.10_c50","gain_loss_ratio",10,NA,0,0,1.5,0.1,50
"mk","model2","tl2.50_gl0.10_c50","tree_length",2.5,1,10,10,2.5,0.1,50
"mk","model2","tl2.50_gl0.10_c50","gain_loss_ratio",10,NA,0,0,2.5,0.1,50
"mk","model2","tl5.00_gl0.10_c50","tree_length",5,0.8,8,10,5,0.1,50
"mk","model2","tl5.00_gl0.10_c50","gain_loss_ratio",10,NA,0,0,5,0.1,50
"mk","model2","tl1.00_gl0.25_c50","tree_length",1,1,10,10,1,0.25,50
"mk","model2","tl1.00_gl0.25_c50","gain_loss_ratio",4,NA,0,0,1,0.25,50
"mk","model2","tl1.50_gl0.25_c50","tree_length",1.5,1,10,10,1.5,0.25,50
"mk","model2","tl1.50_gl0.25_c50","gain_loss_ratio",4,NA,0,0,1.5,0.25,50
"mk","model2","tl2.50_gl0.25_c50","tree_length",2.5,1,10,10,2.5,0.25,50
"mk","model2","tl2.50_gl0.25_c50","gain_loss_ratio",4,NA,0,0,2.5,0.25,50
"mk","model2","tl5.00_gl0.25_c50","tree_length",5,0.8,8,10,5,0.25,50
"mk","model2","tl5.00_gl0.25_c50","gain_loss_ratio",4,NA,0,0,5,0.25,50
"mk","model2","tl1.00_gl0.50_c50","tree_length",1,1,10,10,1,0.5,50
"mk","model2","tl1.00_gl0.50_c50","gain_loss_ratio",2,NA,0,0,1,0.5,50
"mk","model2","tl1.50_gl0.50_c50","tree_length",1.5,1,10,10,1.5,0.5,50
"mk","model2","tl1.50_gl0.50_c50","gain_loss_ratio",2,NA,0,0,1.5,0.5,50
"mk","model2","tl2.50_gl0.50_c50","tree_length",2.5,1,10,10,2.5,0.5,50
"mk","model2","tl2.50_gl0.50_c50","gain_loss_ratio",2,NA,0,0,2.5,0.5,50
"mk","model2","tl5.00_gl0.50_c50","tree_length",5,0.8,8,10,5,0.5,50
"mk","model2","tl5.00_gl0.50_c50","gain_loss_ratio",2,NA,0,0,5,0.5,50
"mk","model2","tl1.00_gl1.00_c50","tree_length",1,1,10,10,1,1,50
"mk","model2","tl1.00_gl1.00_c50","gain_loss_ratio",1,NA,0,0,1,1,50
"mk","model2","tl1.50_gl1.00_c50","tree_length",1.5,1,10,10,1.5,1,50
"mk","model2","tl1.50_gl1.00_c50","gain_loss_ratio",1,NA,0,0,1.5,1,50
"mk","model2","tl2.50_gl1.00_c50","tree_length",2.5,1,10,10,2.5,1,50
"mk","model2","tl2.50_gl1.00_c50","gain_loss_ratio",1,NA,0,0,2.5,1,50
"mk","model2","tl5.00_gl1.00_c50","tree_length",5,0.8,8,10,5,1,50
"mk","model2","tl5.00_gl1.00_c50","gain_loss_ratio",1,NA,0,0,5,1,50
"mk","model2","tl1.00_gl0.10_c100","tree_length",1,1,10,10,1,0.1,100
"mk","model2","tl1.00_gl0.10_c100","gain_loss_ratio",10,NA,0,0,1,0.1,100
"mk","model2","tl1.50_gl0.10_c100","tree_length",1.5,0.9,9,10,1.5,0.1,100
"mk","model2","tl1.50_gl0.10_c100","gain_loss_ratio",10,NA,0,0,1.5,0.1,100
"mk","model2","tl2.50_gl0.10_c100","tree_length",2.5,1,10,10,2.5,0.1,100
"mk","model2","tl2.50_gl0.10_c100","gain_loss_ratio",10,NA,0,0,2.5,0.1,100
"mk","model2","tl5.00_gl0.10_c100","tree_length",5,1,10,10,5,0.1,100
"mk","model2","tl5.00_gl0.10_c100","gain_loss_ratio",10,NA,0,0,5,0.1,100
"mk","model2","tl1.00_gl0.25_c100","tree_length",1,1,10,10,1,0.25,100
"mk","model2","tl1.00_gl0.25_c100","gain_loss_ratio",4,NA,0,0,1,0.25,100
"mk","model2","tl1.50_gl0.25_c100","tree_length",1.5,0.9,9,10,1.5,0.25,100
"mk","model2","tl1.50_gl0.25_c100","gain_loss_ratio",4,NA,0,0,1.5,0.25,100
"mk","model2","tl2.50_gl0.25_c100","tree_length",2.5,1,10,10,2.5,0.25,100
"mk","model2","tl2.50_gl0.25_c100","gain_loss_ratio",4,NA,0,0,2.5,0.25,100
"mk","model2","tl5.00_gl0.25_c100","tree_length",5,1,10,10,5,0.25,100
"mk","model2","tl5.00_gl0.25_c100","gain_loss_ratio",4,NA,0,0,5,0.25,100
"mk","model2","tl1.00_gl0.50_c100","tree_length",1,1,10,10,1,0.5,100
"mk","model2","tl1.00_gl0.50_c100","gain_loss_ratio",2,NA,0,0,1,0.5,100
"mk","model2","tl1.50_gl0.50_c100","tree_length",1.5,0.9,9,10,1.5,0.5,100
"mk","model2","tl1.50_gl0.50_c100","gain_loss_ratio",2,NA,0,0,1.5,0.5,100
"mk","model2","tl2.50_gl0.50_c100","tree_length",2.5,1,10,10,2.5,0.5,100
"mk","model2","tl2.50_gl0.50_c100","gain_loss_ratio",2,NA,0,0,2.5,0.5,100
"mk","model2","tl5.00_gl0.50_c100","tree_length",5,1,10,10,5,0.5,100
"mk","model2","tl5.00_gl0.50_c100","gain_loss_ratio",2,NA,0,0,5,0.5,100
"mk","model2","tl1.00_gl1.00_c100","tree_length",1,1,10,10,1,1,100
"mk","model2","tl1.00_gl1.00_c100","gain_loss_ratio",1,NA,0,0,1,1,100
"mk","model2","tl1.50_gl1.00_c100","tree_length",1.5,0.9,9,10,1.5,1,100
"mk","model2","tl1.50_gl1.00_c100","gain_loss_ratio",1,NA,0,0,1.5,1,100
"mk","model2","tl2.50_gl1.00_c100","tree_length",2.5,1,10,10,2.5,1,100
"mk","model2","tl2.50_gl1.00_c100","gain_loss_ratio",1,NA,0,0,2.5,1,100
"mk","model2","tl5.00_gl1.00_c100","tree_length",5,1,10,10,5,1,100
"mk","model2","tl5.00_gl1.00_c100","gain_loss_ratio",1,NA,0,0,5,1,100
"mk","model2","tl1.00_gl0.10_c200","tree_length",1,1,10,10,1,0.1,200
"mk","model2","tl1.00_gl0.10_c200","gain_loss_ratio",10,NA,0,0,1,0.1,200
"mk","model2","tl1.50_gl0.10_c200","tree_length",1.5,1,10,10,1.5,0.1,200
"mk","model2","tl1.50_gl0.10_c200","gain_loss_ratio",10,NA,0,0,1.5,0.1,200
"mk","model2","tl2.50_gl0.10_c200","tree_length",2.5,1,10,10,2.5,0.1,200
"mk","model2","tl2.50_gl0.10_c200","gain_loss_ratio",10,NA,0,0,2.5,0.1,200
"mk","model2","tl5.00_gl0.10_c200","tree_length",5,1,10,10,5,0.1,200
"mk","model2","tl5.00_gl0.10_c200","gain_loss_ratio",10,NA,0,0,5,0.1,200
"mk","model2","tl1.00_gl0.25_c200","tree_length",1,1,10,10,1,0.25,200
"mk","model2","tl1.00_gl0.25_c200","gain_loss_ratio",4,NA,0,0,1,0.25,200
"mk","model2","tl1.50_gl0.25_c200","tree_length",1.5,1,10,10,1.5,0.25,200
"mk","model2","tl1.50_gl0.25_c200","gain_loss_ratio",4,NA,0,0,1.5,0.25,200
"mk","model2","tl2.50_gl0.25_c200","tree_length",2.5,1,10,10,2.5,0.25,200
"mk","model2","tl2.50_gl0.25_c200","gain_loss_ratio",4,NA,0,0,2.5,0.25,200
"mk","model2","tl5.00_gl0.25_c200","tree_length",5,1,10,10,5,0.25,200
"mk","model2","tl5.00_gl0.25_c200","gain_loss_ratio",4,NA,0,0,5,0.25,200
"mk","model2","tl1.00_gl0.50_c200","tree_length",1,1,10,10,1,0.5,200
"mk","model2","tl1.00_gl0.50_c200","gain_loss_ratio",2,NA,0,0,1,0.5,200
"mk","model2","tl1.50_gl0.50_c200","tree_length",1.5,1,10,10,1.5,0.5,200
"mk","model2","tl1.50_gl0.50_c200","gain_loss_ratio",2,NA,0,0,1.5,0.5,200
"mk","model2","tl2.50_gl0.50_c200","tree_length",2.5,1,10,10,2.5,0.5,200
"mk","model2","tl2.50_gl0.50_c200","gain_loss_ratio",2,NA,0,0,2.5,0.5,200
"mk","model2","tl5.00_gl0.50_c200","tree_length",5,1,10,10,5,0.5,200
"mk","model2","tl5.00_gl0.50_c200","gain_loss_ratio",2,NA,0,0,5,0.5,200
"mk","model2","tl1.00_gl1.00_c200","tree_length",1,1,10,10,1,1,200
"mk","model2","tl1.00_gl1.00_c200","gain_loss_ratio",1,NA,0,0,1,1,200
"mk","model2","tl1.50_gl1.00_c200","tree_length",1.5,1,10,10,1.5,1,200
"mk","model2","tl1.50_gl1.00_c200","gain_loss_ratio",1,NA,0,0,1.5,1,200
"mk","model2","tl2.50_gl1.00_c200","tree_length",2.5,1,10,10,2.5,1,200
"mk","model2","tl2.50_gl1.00_c200","gain_loss_ratio",1,NA,0,0,2.5,1,200
"mk","model2","tl5.00_gl1.00_c200","tree_length",5,1,10,10,5,1,200
"mk","model2","tl5.00_gl1.00_c200","gain_loss_ratio",1,NA,0,0,5,1,200
"mk","model3","tl1.00_gl0.10_c25","tree_length",1,1,10,10,1,0.1,25
"mk","model3","tl1.00_gl0.10_c25","gain_loss_ratio",10,0,0,10,1,0.1,25
"mk","model3","tl1.50_gl0.10_c25","tree_length",1.5,1,10,10,1.5,0.1,25
"mk","model3","tl1.50_gl0.10_c25","gain_loss_ratio",10,0,0,10,1.5,0.1,25
"mk","model3","tl2.50_gl0.10_c25","tree_length",2.5,1,10,10,2.5,0.1,25
"mk","model3","tl2.50_gl0.10_c25","gain_loss_ratio",10,0,0,10,2.5,0.1,25
"mk","model3","tl5.00_gl0.10_c25","tree_length",5,0.7,7,10,5,0.1,25
"mk","model3","tl5.00_gl0.10_c25","gain_loss_ratio",10,0,0,10,5,0.1,25
"mk","model3","tl1.00_gl0.25_c25","tree_length",1,1,10,10,1,0.25,25
"mk","model3","tl1.00_gl0.25_c25","gain_loss_ratio",4,0.2,2,10,1,0.25,25
"mk","model3","tl1.50_gl0.25_c25","tree_length",1.5,1,10,10,1.5,0.25,25
"mk","model3","tl1.50_gl0.25_c25","gain_loss_ratio",4,0.1,1,10,1.5,0.25,25
"mk","model3","tl2.50_gl0.25_c25","tree_length",2.5,1,10,10,2.5,0.25,25
"mk","model3","tl2.50_gl0.25_c25","gain_loss_ratio",4,0,0,10,2.5,0.25,25
"mk","model3","tl5.00_gl0.25_c25","tree_length",5,0.7,7,10,5,0.25,25
"mk","model3","tl5.00_gl0.25_c25","gain_loss_ratio",4,0,0,10,5,0.25,25
"mk","model3","tl1.00_gl0.50_c25","tree_length",1,1,10,10,1,0.5,25
"mk","model3","tl1.00_gl0.50_c25","gain_loss_ratio",2,0.8,8,10,1,0.5,25
"mk","model3","tl1.50_gl0.50_c25","tree_length",1.5,1,10,10,1.5,0.5,25
"mk","model3","tl1.50_gl0.50_c25","gain_loss_ratio",2,0.4,4,10,1.5,0.5,25
"mk","model3","tl2.50_gl0.50_c25","tree_length",2.5,1,10,10,2.5,0.5,25
"mk","model3","tl2.50_gl0.50_c25","gain_loss_ratio",2,0.6,6,10,2.5,0.5,25
"mk","model3","tl5.00_gl0.50_c25","tree_length",5,0.7,7,10,5,0.5,25
"mk","model3","tl5.00_gl0.50_c25","gain_loss_ratio",2,0,0,10,5,0.5,25
"mk","model3","tl1.00_gl1.00_c25","tree_length",1,1,10,10,1,1,25
"mk","model3","tl1.00_gl1.00_c25","gain_loss_ratio",1,1,10,10,1,1,25
"mk","model3","tl1.50_gl1.00_c25","tree_length",1.5,1,10,10,1.5,1,25
"mk","model3","tl1.50_gl1.00_c25","gain_loss_ratio",1,1,10,10,1.5,1,25
"mk","model3","tl2.50_gl1.00_c25","tree_length",2.5,1,10,10,2.5,1,25
"mk","model3","tl2.50_gl1.00_c25","gain_loss_ratio",1,1,10,10,2.5,1,25
"mk","model3","tl5.00_gl1.00_c25","tree_length",5,0.7,7,10,5,1,25
"mk","model3","tl5.00_gl1.00_c25","gain_loss_ratio",1,0.9,9,10,5,1,25
"mk","model3","tl1.00_gl0.10_c50","tree_length",1,0.9,9,10,1,0.1,50
"mk","model3","tl1.00_gl0.10_c50","gain_loss_ratio",10,0,0,10,1,0.1,50
"mk","model3","tl1.50_gl0.10_c50","tree_length",1.5,1,10,10,1.5,0.1,50
"mk","model3","tl1.50_gl0.10_c50","gain_loss_ratio",10,0,0,10,1.5,0.1,50
"mk","model3","tl2.50_gl0.10_c50","tree_length",2.5,1,10,10,2.5,0.1,50
"mk","model3","tl2.50_gl0.10_c50","gain_loss_ratio",10,0,0,10,2.5,0.1,50
"mk","model3","tl5.00_gl0.10_c50","tree_length",5,0.7,7,10,5,0.1,50
"mk","model3","tl5.00_gl0.10_c50","gain_loss_ratio",10,0,0,10,5,0.1,50
"mk","model3","tl1.00_gl0.25_c50","tree_length",1,0.9,9,10,1,0.25,50
"mk","model3","tl1.00_gl0.25_c50","gain_loss_ratio",4,0,0,10,1,0.25,50
"mk","model3","tl1.50_gl0.25_c50","tree_length",1.5,1,10,10,1.5,0.25,50
"mk","model3","tl1.50_gl0.25_c50","gain_loss_ratio",4,0,0,10,1.5,0.25,50
"mk","model3","tl2.50_gl0.25_c50","tree_length",2.5,1,10,10,2.5,0.25,50
"mk","model3","tl2.50_gl0.25_c50","gain_loss_ratio",4,0,0,10,2.5,0.25,50
"mk","model3","tl5.00_gl0.25_c50","tree_length",5,0.7,7,10,5,0.25,50
"mk","model3","tl5.00_gl0.25_c50","gain_loss_ratio",4,0,0,10,5,0.25,50
"mk","model3","tl1.00_gl0.50_c50","tree_length",1,0.9,9,10,1,0.5,50
"mk","model3","tl1.00_gl0.50_c50","gain_loss_ratio",2,0.6,6,10,1,0.5,50
"mk","model3","tl1.50_gl0.50_c50","tree_length",1.5,1,10,10,1.5,0.5,50
"mk","model3","tl1.50_gl0.50_c50","gain_loss_ratio",2,0.3,3,10,1.5,0.5,50
"mk","model3","tl2.50_gl0.50_c50","tree_length",2.5,1,10,10,2.5,0.5,50
"mk","model3","tl2.50_gl0.50_c50","gain_loss_ratio",2,0.1,1,10,2.5,0.5,50
"mk","model3","tl5.00_gl0.50_c50","tree_length",5,0.7,7,10,5,0.5,50
"mk","model3","tl5.00_gl0.50_c50","gain_loss_ratio",2,0,0,10,5,0.5,50
"mk","model3","tl1.00_gl1.00_c50","tree_length",1,0.9,9,10,1,1,50
"mk","model3","tl1.00_gl1.00_c50","gain_loss_ratio",1,1,10,10,1,1,50
"mk","model3","tl1.50_gl1.00_c50","tree_length",1.5,1,10,10,1.5,1,50
"mk","model3","tl1.50_gl1.00_c50","gain_loss_ratio",1,1,10,10,1.5,1,50
"mk","model3","tl2.50_gl1.00_c50","tree_length",2.5,1,10,10,2.5,1,50
"mk","model3","tl2.50_gl1.00_c50","gain_loss_ratio",1,0.8,8,10,2.5,1,50
"mk","model3","tl5.00_gl1.00_c50","tree_length",5,0.7,7,10,5,1,50
"mk","model3","tl5.00_gl1.00_c50","gain_loss_ratio",1,0.9,9,10,5,1,50
"mk","model3","tl1.00_gl0.10_c100","tree_length",1,0.9,9,10,1,0.1,100
"mk","model3","tl1.00_gl0.10_c100","gain_loss_ratio",10,0,0,10,1,0.1,100
"mk","model3","tl1.50_gl0.10_c100","tree_length",1.5,0.9,9,10,1.5,0.1,100
"mk","model3","tl1.50_gl0.10_c100","gain_loss_ratio",10,0,0,10,1.5,0.1,100
"mk","model3","tl2.50_gl0.10_c100","tree_length",2.5,0.9,9,10,2.5,0.1,100
"mk","model3","tl2.50_gl0.10_c100","gain_loss_ratio",10,0,0,10,2.5,0.1,100
"mk","model3","tl5.00_gl0.10_c100","tree_length",5,1,10,10,5,0.1,100
"mk","model3","tl5.00_gl0.10_c100","gain_loss_ratio",10,0,0,10,5,0.1,100
"mk","model3","tl1.00_gl0.25_c100","tree_length",1,0.9,9,10,1,0.25,100
"mk","model3","tl1.00_gl0.25_c100","gain_loss_ratio",4,0,0,10,1,0.25,100
"mk","model3","tl1.50_gl0.25_c100","tree_length",1.5,0.9,9,10,1.5,0.25,100
"mk","model3","tl1.50_gl0.25_c100","gain_loss_ratio",4,0,0,10,1.5,0.25,100
"mk","model3","tl2.50_gl0.25_c100","tree_length",2.5,0.9,9,10,2.5,0.25,100
"mk","model3","tl2.50_gl0.25_c100","gain_loss_ratio",4,0,0,10,2.5,0.25,100
"mk","model3","tl5.00_gl0.25_c100","tree_length",5,1,10,10,5,0.25,100
"mk","model3","tl5.00_gl0.25_c100","gain_loss_ratio",4,0,0,10,5,0.25,100
"mk","model3","tl1.00_gl0.50_c100","tree_length",1,0.9,9,10,1,0.5,100
"mk","model3","tl1.00_gl0.50_c100","gain_loss_ratio",2,0.2,2,10,1,0.5,100
"mk","model3","tl1.50_gl0.50_c100","tree_length",1.5,0.9,9,10,1.5,0.5,100
"mk","model3","tl1.50_gl0.50_c100","gain_loss_ratio",2,0,0,10,1.5,0.5,100
"mk","model3","tl2.50_gl0.50_c100","tree_length",2.5,0.9,9,10,2.5,0.5,100
"mk","model3","tl2.50_gl0.50_c100","gain_loss_ratio",2,0,0,10,2.5,0.5,100
"mk","model3","tl5.00_gl0.50_c100","tree_length",5,1,10,10,5,0.5,100
"mk","model3","tl5.00_gl0.50_c100","gain_loss_ratio",2,0,0,10,5,0.5,100
"mk","model3","tl1.00_gl1.00_c100","tree_length",1,0.9,9,10,1,1,100
"mk","model3","tl1.00_gl1.00_c100","gain_loss_ratio",1,1,10,10,1,1,100
"mk","model3","tl1.50_gl1.00_c100","tree_length",1.5,0.9,9,10,1.5,1,100
"mk","model3","tl1.50_gl1.00_c100","gain_loss_ratio",1,1,10,10,1.5,1,100
"mk","model3","tl2.50_gl1.00_c100","tree_length",2.5,0.9,9,10,2.5,1,100
"mk","model3","tl2.50_gl1.00_c100","gain_loss_ratio",1,0.9,9,10,2.5,1,100
"mk","model3","tl5.00_gl1.00_c100","tree_length",5,1,10,10,5,1,100
"mk","model3","tl5.00_gl1.00_c100","gain_loss_ratio",1,1,10,10,5,1,100
"mk","model3","tl1.00_gl0.10_c200","tree_length",1,0.9,9,10,1,0.1,200
"mk","model3","tl1.00_gl0.10_c200","gain_loss_ratio",10,0,0,10,1,0.1,200
"mk","model3","tl1.50_gl0.10_c200","tree_length",1.5,0.9,9,10,1.5,0.1,200
"mk","model3","tl1.50_gl0.10_c200","gain_loss_ratio",10,0,0,10,1.5,0.1,200
"mk","model3","tl2.50_gl0.10_c200","tree_length",2.5,1,10,10,2.5,0.1,200
"mk","model3","tl2.50_gl0.10_c200","gain_loss_ratio",10,0,0,10,2.5,0.1,200
"mk","model3","tl5.00_gl0.10_c200","tree_length",5,1,10,10,5,0.1,200
"mk","model3","tl5.00_gl0.10_c200","gain_loss_ratio",10,0,0,10,5,0.1,200
"mk","model3","tl1.00_gl0.25_c200","tree_length",1,0.9,9,10,1,0.25,200
"mk","model3","tl1.00_gl0.25_c200","gain_loss_ratio",4,0,0,10,1,0.25,200
"mk","model3","tl1.50_gl0.25_c200","tree_length",1.5,0.9,9,10,1.5,0.25,200
"mk","model3","tl1.50_gl0.25_c200","gain_loss_ratio",4,0,0,10,1.5,0.25,200
"mk","model3","tl2.50_gl0.25_c200","tree_length",2.5,1,10,10,2.5,0.25,200
"mk","model3","tl2.50_gl0.25_c200","gain_loss_ratio",4,0,0,10,2.5,0.25,200
"mk","model3","tl5.00_gl0.25_c200","tree_length",5,1,10,10,5,0.25,200
"mk","model3","tl5.00_gl0.25_c200","gain_loss_ratio",4,0,0,10,5,0.25,200
"mk","model3","tl1.00_gl0.50_c200","tree_length",1,0.9,9,10,1,0.5,200
"mk","model3","tl1.00_gl0.50_c200","gain_loss_ratio",2,0,0,10,1,0.5,200
"mk","model3","tl1.50_gl0.50_c200","tree_length",1.5,0.9,9,10,1.5,0.5,200
"mk","model3","tl1.50_gl0.50_c200","gain_loss_ratio",2,0,0,10,1.5,0.5,200
"mk","model3","tl2.50_gl0.50_c200","tree_length",2.5,1,10,10,2.5,0.5,200
"mk","model3","tl2.50_gl0.50_c200","gain_loss_ratio",2,0,0,10,2.5,0.5,200
"mk","model3","tl5.00_gl0.50_c200","tree_length",5,1,10,10,5,0.5,200
"mk","model3","tl5.00_gl0.50_c200","gain_loss_ratio",2,0,0,10,5,0.5,200
"mk","model3","tl1.00_gl1.00_c200","tree_length",1,0.9,9,10,1,1,200
"mk","model3","tl1.00_gl1.00_c200","gain_loss_ratio",1,1,10,10,1,1,200
"mk","model3","tl1.50_gl1.00_c200","tree_length",1.5,0.9,9,10,1.5,1,200
"mk","model3","tl1.50_gl1.00_c200","gain_loss_ratio",1,1,10,10,1.5,1,200
"mk","model3","tl2.50_gl1.00_c200","tree_length",2.5,1,10,10,2.5,1,200
"mk","model3","tl2.50_gl1.00_c200","gain_loss_ratio",1,0.9,9,10,2.5,1,200
"mk","model3","tl5.00_gl1.00_c200","tree_length",5,1,10,10,5,1,200
"mk","model3","tl5.00_gl1.00_c200","gain_loss_ratio",1,1,10,10,5,1,200
"mk","model4","tl1.00_gl0.10_c25","tree_length",1,1,10,10,1,0.1,25
"mk","model4","tl1.00_gl0.10_c25","gain_loss_neo",10,NA,0,0,1,0.1,25
"mk","model4","tl1.00_gl0.10_c25","gain_loss_trans",10,NA,0,0,1,0.1,25
"mk","model4","tl1.50_gl0.10_c25","tree_length",1.5,1,10,10,1.5,0.1,25
"mk","model4","tl1.50_gl0.10_c25","gain_loss_neo",10,NA,0,0,1.5,0.1,25
"mk","model4","tl1.50_gl0.10_c25","gain_loss_trans",10,NA,0,0,1.5,0.1,25
"mk","model4","tl2.50_gl0.10_c25","tree_length",2.5,0.9,9,10,2.5,0.1,25
"mk","model4","tl2.50_gl0.10_c25","gain_loss_neo",10,NA,0,0,2.5,0.1,25
"mk","model4","tl2.50_gl0.10_c25","gain_loss_trans",10,NA,0,0,2.5,0.1,25
"mk","model4","tl5.00_gl0.10_c25","tree_length",5,0.4,4,10,5,0.1,25
"mk","model4","tl5.00_gl0.10_c25","gain_loss_neo",10,NA,0,0,5,0.1,25
"mk","model4","tl5.00_gl0.10_c25","gain_loss_trans",10,NA,0,0,5,0.1,25
"mk","model4","tl1.00_gl0.25_c25","tree_length",1,1,10,10,1,0.25,25
"mk","model4","tl1.00_gl0.25_c25","gain_loss_neo",4,NA,0,0,1,0.25,25
"mk","model4","tl1.00_gl0.25_c25","gain_loss_trans",4,NA,0,0,1,0.25,25
"mk","model4","tl1.50_gl0.25_c25","tree_length",1.5,1,10,10,1.5,0.25,25
"mk","model4","tl1.50_gl0.25_c25","gain_loss_neo",4,NA,0,0,1.5,0.25,25
"mk","model4","tl1.50_gl0.25_c25","gain_loss_trans",4,NA,0,0,1.5,0.25,25
"mk","model4","tl2.50_gl0.25_c25","tree_length",2.5,0.9,9,10,2.5,0.25,25
"mk","model4","tl2.50_gl0.25_c25","gain_loss_neo",4,NA,0,0,2.5,0.25,25
"mk","model4","tl2.50_gl0.25_c25","gain_loss_trans",4,NA,0,0,2.5,0.25,25
"mk","model4","tl5.00_gl0.25_c25","tree_length",5,0.4,4,10,5,0.25,25
"mk","model4","tl5.00_gl0.25_c25","gain_loss_neo",4,NA,0,0,5,0.25,25
"mk","model4","tl5.00_gl0.25_c25","gain_loss_trans",4,NA,0,0,5,0.25,25
"mk","model4","tl1.00_gl0.50_c25","tree_length",1,1,10,10,1,0.5,25
"mk","model4","tl1.00_gl0.50_c25","gain_loss_neo",2,NA,0,0,1,0.5,25
"mk","model4","tl1.00_gl0.50_c25","gain_loss_trans",2,NA,0,0,1,0.5,25
"mk","model4","tl1.50_gl0.50_c25","tree_length",1.5,1,10,10,1.5,0.5,25
"mk","model4","tl1.50_gl0.50_c25","gain_loss_neo",2,NA,0,0,1.5,0.5,25
"mk","model4","tl1.50_gl0.50_c25","gain_loss_trans",2,NA,0,0,1.5,0.5,25
"mk","model4","tl2.50_gl0.50_c25","tree_length",2.5,0.9,9,10,2.5,0.5,25
"mk","model4","tl2.50_gl0.50_c25","gain_loss_neo",2,NA,0,0,2.5,0.5,25
"mk","model4","tl2.50_gl0.50_c25","gain_loss_trans",2,NA,0,0,2.5,0.5,25
"mk","model4","tl5.00_gl0.50_c25","tree_length",5,0.4,4,10,5,0.5,25
"mk","model4","tl5.00_gl0.50_c25","gain_loss_neo",2,NA,0,0,5,0.5,25
"mk","model4","tl5.00_gl0.50_c25","gain_loss_trans",2,NA,0,0,5,0.5,25
"mk","model4","tl1.00_gl1.00_c25","tree_length",1,1,10,10,1,1,25
"mk","model4","tl1.00_gl1.00_c25","gain_loss_neo",1,NA,0,0,1,1,25
"mk","model4","tl1.00_gl1.00_c25","gain_loss_trans",1,NA,0,0,1,1,25
"mk","model4","tl1.50_gl1.00_c25","tree_length",1.5,1,10,10,1.5,1,25
"mk","model4","tl1.50_gl1.00_c25","gain_loss_neo",1,NA,0,0,1.5,1,25
"mk","model4","tl1.50_gl1.00_c25","gain_loss_trans",1,NA,0,0,1.5,1,25
"mk","model4","tl2.50_gl1.00_c25","tree_length",2.5,0.9,9,10,2.5,1,25
"mk","model4","tl2.50_gl1.00_c25","gain_loss_neo",1,NA,0,0,2.5,1,25
"mk","model4","tl2.50_gl1.00_c25","gain_loss_trans",1,NA,0,0,2.5,1,25
"mk","model4","tl5.00_gl1.00_c25","tree_length",5,0.4,4,10,5,1,25
"mk","model4","tl5.00_gl1.00_c25","gain_loss_neo",1,NA,0,0,5,1,25
"mk","model4","tl5.00_gl1.00_c25","gain_loss_trans",1,NA,0,0,5,1,25
"mk","model4","tl1.00_gl0.10_c50","tree_length",1,1,10,10,1,0.1,50
"mk","model4","tl1.00_gl0.10_c50","gain_loss_neo",10,NA,0,0,1,0.1,50
"mk","model4","tl1.00_gl0.10_c50","gain_loss_trans",10,NA,0,0,1,0.1,50
"mk","model4","tl1.50_gl0.10_c50","tree_length",1.5,0.9,9,10,1.5,0.1,50
"mk","model4","tl1.50_gl0.10_c50","gain_loss_neo",10,NA,0,0,1.5,0.1,50
"mk","model4","tl1.50_gl0.10_c50","gain_loss_trans",10,NA,0,0,1.5,0.1,50
"mk","model4","tl2.50_gl0.10_c50","tree_length",2.5,1,10,10,2.5,0.1,50
"mk","model4","tl2.50_gl0.10_c50","gain_loss_neo",10,NA,0,0,2.5,0.1,50
"mk","model4","tl2.50_gl0.10_c50","gain_loss_trans",10,NA,0,0,2.5,0.1,50
"mk","model4","tl5.00_gl0.10_c50","tree_length",5,0.9,9,10,5,0.1,50
"mk","model4","tl5.00_gl0.10_c50","gain_loss_neo",10,NA,0,0,5,0.1,50
"mk","model4","tl5.00_gl0.10_c50","gain_loss_trans",10,NA,0,0,5,0.1,50
"mk","model4","tl1.00_gl0.25_c50","tree_length",1,1,10,10,1,0.25,50
"mk","model4","tl1.00_gl0.25_c50","gain_loss_neo",4,NA,0,0,1,0.25,50
"mk","model4","tl1.00_gl0.25_c50","gain_loss_trans",4,NA,0,0,1,0.25,50
"mk","model4","tl1.50_gl0.25_c50","tree_length",1.5,0.9,9,10,1.5,0.25,50
"mk","model4","tl1.50_gl0.25_c50","gain_loss_neo",4,NA,0,0,1.5,0.25,50
"mk","model4","tl1.50_gl0.25_c50","gain_loss_trans",4,NA,0,0,1.5,0.25,50
"mk","model4","tl2.50_gl0.25_c50","tree_length",2.5,1,10,10,2.5,0.25,50
"mk","model4","tl2.50_gl0.25_c50","gain_loss_neo",4,NA,0,0,2.5,0.25,50
"mk","model4","tl2.50_gl0.25_c50","gain_loss_trans",4,NA,0,0,2.5,0.25,50
"mk","model4","tl5.00_gl0.25_c50","tree_length",5,0.9,9,10,5,0.25,50
"mk","model4","tl5.00_gl0.25_c50","gain_loss_neo",4,NA,0,0,5,0.25,50
"mk","model4","tl5.00_gl0.25_c50","gain_loss_trans",4,NA,0,0,5,0.25,50
"mk","model4","tl1.00_gl0.50_c50","tree_length",1,1,10,10,1,0.5,50
"mk","model4","tl1.00_gl0.50_c50","gain_loss_neo",2,NA,0,0,1,0.5,50
"mk","model4","tl1.00_gl0.50_c50","gain_loss_trans",2,NA,0,0,1,0.5,50
"mk","model4","tl1.50_gl0.50_c50","tree_length",1.5,0.9,9,10,1.5,0.5,50
"mk","model4","tl1.50_gl0.50_c50","gain_loss_neo",2,NA,0,0,1.5,0.5,50
"mk","model4","tl1.50_gl0.50_c50","gain_loss_trans",2,NA,0,0,1.5,0.5,50
"mk","model4","tl2.50_gl0.50_c50","tree_length",2.5,1,10,10,2.5,0.5,50
"mk","model4","tl2.50_gl0.50_c50","gain_loss_neo",2,NA,0,0,2.5,0.5,50
"mk","model4","tl2.50_gl0.50_c50","gain_loss_trans",2,NA,0,0,2.5,0.5,50
"mk","model4","tl5.00_gl0.50_c50","tree_length",5,0.9,9,10,5,0.5,50
"mk","model4","tl5.00_gl0.50_c50","gain_loss_neo",2,NA,0,0,5,0.5,50
"mk","model4","tl5.00_gl0.50_c50","gain_loss_trans",2,NA,0,0,5,0.5,50
"mk","model4","tl1.00_gl1.00_c50","tree_length",1,1,10,10,1,1,50
"mk","model4","tl1.00_gl1.00_c50","gain_loss_neo",1,NA,0,0,1,1,50
"mk","model4","tl1.00_gl1.00_c50","gain_loss_trans",1,NA,0,0,1,1,50
"mk","model4","tl1.50_gl1.00_c50","tree_length",1.5,0.9,9,10,1.5,1,50
"mk","model4","tl1.50_gl1.00_c50","gain_loss_neo",1,NA,0,0,1.5,1,50
"mk","model4","tl1.50_gl1.00_c50","gain_loss_trans",1,NA,0,0,1.5,1,50
"mk","model4","tl2.50_gl1.00_c50","tree_length",2.5,1,10,10,2.5,1,50
"mk","model4","tl2.50_gl1.00_c50","gain_loss_neo",1,NA,0,0,2.5,1,50
"mk","model4","tl2.50_gl1.00_c50","gain_loss_trans",1,NA,0,0,2.5,1,50
"mk","model4","tl5.00_gl1.00_c50","tree_length",5,0.9,9,10,5,1,50
"mk","model4","tl5.00_gl1.00_c50","gain_loss_neo",1,NA,0,0,5,1,50
"mk","model4","tl5.00_gl1.00_c50","gain_loss_trans",1,NA,0,0,5,1,50
"mk","model4","tl1.00_gl0.10_c100","tree_length",1,0.9,9,10,1,0.1,100
"mk","model4","tl1.00_gl0.10_c100","gain_loss_neo",10,NA,0,0,1,0.1,100
"mk","model4","tl1.00_gl0.10_c100","gain_loss_trans",10,NA,0,0,1,0.1,100
"mk","model4","tl1.50_gl0.10_c100","tree_length",1.5,0.8,8,10,1.5,0.1,100
"mk","model4","tl1.50_gl0.10_c100","gain_loss_neo",10,NA,0,0,1.5,0.1,100
"mk","model4","tl1.50_gl0.10_c100","gain_loss_trans",10,NA,0,0,1.5,0.1,100
"mk","model4","tl2.50_gl0.10_c100","tree_length",2.5,0.8,8,10,2.5,0.1,100
"mk","model4","tl2.50_gl0.10_c100","gain_loss_neo",10,NA,0,0,2.5,0.1,100
"mk","model4","tl2.50_gl0.10_c100","gain_loss_trans",10,NA,0,0,2.5,0.1,100
"mk","model4","tl5.00_gl0.10_c100","tree_length",5,1,10,10,5,0.1,100
"mk","model4","tl5.00_gl0.10_c100","gain_loss_neo",10,NA,0,0,5,0.1,100
"mk","model4","tl5.00_gl0.10_c100","gain_loss_trans",10,NA,0,0,5,0.1,100
"mk","model4","tl1.00_gl0.25_c100","tree_length",1,0.9,9,10,1,0.25,100
"mk","model4","tl1.00_gl0.25_c100","gain_loss_neo",4,NA,0,0,1,0.25,100
"mk","model4","tl1.00_gl0.25_c100","gain_loss_trans",4,NA,0,0,1,0.25,100
"mk","model4","tl1.50_gl0.25_c100","tree_length",1.5,0.8,8,10,1.5,0.25,100
"mk","model4","tl1.50_gl0.25_c100","gain_loss_neo",4,NA,0,0,1.5,0.25,100
"mk","model4","tl1.50_gl0.25_c100","gain_loss_trans",4,NA,0,0,1.5,0.25,100
"mk","model4","tl2.50_gl0.25_c100","tree_length",2.5,0.8,8,10,2.5,0.25,100
"mk","model4","tl2.50_gl0.25_c100","gain_loss_neo",4,NA,0,0,2.5,0.25,100
"mk","model4","tl2.50_gl0.25_c100","gain_loss_trans",4,NA,0,0,2.5,0.25,100
"mk","model4","tl5.00_gl0.25_c100","tree_length",5,1,10,10,5,0.25,100
"mk","model4","tl5.00_gl0.25_c100","gain_loss_neo",4,NA,0,0,5,0.25,100
"mk","model4","tl5.00_gl0.25_c100","gain_loss_trans",4,NA,0,0,5,0.25,100
"mk","model4","tl1.00_gl0.50_c100","tree_length",1,0.9,9,10,1,0.5,100
"mk","model4","tl1.00_gl0.50_c100","gain_loss_neo",2,NA,0,0,1,0.5,100
"mk","model4","tl1.00_gl0.50_c100","gain_loss_trans",2,NA,0,0,1,0.5,100
"mk","model4","tl1.50_gl0.50_c100","tree_length",1.5,0.8,8,10,1.5,0.5,100
"mk","model4","tl1.50_gl0.50_c100","gain_loss_neo",2,NA,0,0,1.5,0.5,100
"mk","model4","tl1.50_gl0.50_c100","gain_loss_trans",2,NA,0,0,1.5,0.5,100
"mk","model4","tl2.50_gl0.50_c100","tree_length",2.5,0.8,8,10,2.5,0.5,100
"mk","model4","tl2.50_gl0.50_c100","gain_loss_neo",2,NA,0,0,2.5,0.5,100
"mk","model4","tl2.50_gl0.50_c100","gain_loss_trans",2,NA,0,0,2.5,0.5,100
"mk","model4","tl5.00_gl0.50_c100","tree_length",5,1,10,10,5,0.5,100
"mk","model4","tl5.00_gl0.50_c100","gain_loss_neo",2,NA,0,0,5,0.5,100
"mk","model4","tl5.00_gl0.50_c100","gain_loss_trans",2,NA,0,0,5,0.5,100
"mk","model4","tl1.00_gl1.00_c100","tree_length",1,0.9,9,10,1,1,100
"mk","model4","tl1.00_gl1.00_c100","gain_loss_neo",1,NA,0,0,1,1,100
"mk","model4","tl1.00_gl1.00_c100","gain_loss_trans",1,NA,0,0,1,1,100
"mk","model4","tl1.50_gl1.00_c100","tree_length",1.5,0.8,8,10,1.5,1,100
"mk","model4","tl1.50_gl1.00_c100","gain_loss_neo",1,NA,0,0,1.5,1,100
"mk","model4","tl1.50_gl1.00_c100","gain_loss_trans",1,NA,0,0,1.5,1,100
"mk","model4","tl2.50_gl1.00_c100","tree_length",2.5,0.8,8,10,2.5,1,100
"mk","model4","tl2.50_gl1.00_c100","gain_loss_neo",1,NA,0,0,2.5,1,100
"mk","model4","tl2.50_gl1.00_c100","gain_loss_trans",1,NA,0,0,2.5,1,100
"mk","model4","tl5.00_gl1.00_c100","tree_length",5,1,10,10,5,1,100
"mk","model4","tl5.00_gl1.00_c100","gain_loss_neo",1,NA,0,0,5,1,100
"mk","model4","tl5.00_gl1.00_c100","gain_loss_trans",1,NA,0,0,5,1,100
"mk","model4","tl1.00_gl0.10_c200","tree_length",1,0.9,9,10,1,0.1,200
"mk","model4","tl1.00_gl0.10_c200","gain_loss_neo",10,NA,0,0,1,0.1,200
"mk","model4","tl1.00_gl0.10_c200","gain_loss_trans",10,NA,0,0,1,0.1,200
"mk","model4","tl1.50_gl0.10_c200","tree_length",1.5,0.8,8,10,1.5,0.1,200
"mk","model4","tl1.50_gl0.10_c200","gain_loss_neo",10,NA,0,0,1.5,0.1,200
"mk","model4","tl1.50_gl0.10_c200","gain_loss_trans",10,NA,0,0,1.5,0.1,200
"mk","model4","tl2.50_gl0.10_c200","tree_length",2.5,1,10,10,2.5,0.1,200
"mk","model4","tl2.50_gl0.10_c200","gain_loss_neo",10,NA,0,0,2.5,0.1,200
"mk","model4","tl2.50_gl0.10_c200","gain_loss_trans",10,NA,0,0,2.5,0.1,200
"mk","model4","tl5.00_gl0.10_c200","tree_length",5,1,10,10,5,0.1,200
"mk","model4","tl5.00_gl0.10_c200","gain_loss_neo",10,NA,0,0,5,0.1,200
"mk","model4","tl5.00_gl0.10_c200","gain_loss_trans",10,NA,0,0,5,0.1,200
"mk","model4","tl1.00_gl0.25_c200","tree_length",1,0.9,9,10,1,0.25,200
"mk","model4","tl1.00_gl0.25_c200","gain_loss_neo",4,NA,0,0,1,0.25,200
"mk","model4","tl1.00_gl0.25_c200","gain_loss_trans",4,NA,0,0,1,0.25,200
"mk","model4","tl1.50_gl0.25_c200","tree_length",1.5,0.8,8,10,1.5,0.25,200
"mk","model4","tl1.50_gl0.25_c200","gain_loss_neo",4,NA,0,0,1.5,0.25,200
"mk","model4","tl1.50_gl0.25_c200","gain_loss_trans",4,NA,0,0,1.5,0.25,200
"mk","model4","tl2.50_gl0.25_c200","tree_length",2.5,1,10,10,2.5,0.25,200
"mk","model4","tl2.50_gl0.25_c200","gain_loss_neo",4,NA,0,0,2.5,0.25,200
"mk","model4","tl2.50_gl0.25_c200","gain_loss_trans",4,NA,0,0,2.5,0.25,200
"mk","model4","tl5.00_gl0.25_c200","tree_length",5,1,10,10,5,0.25,200
"mk","model4","tl5.00_gl0.25_c200","gain_loss_neo",4,NA,0,0,5,0.25,200
"mk","model4","tl5.00_gl0.25_c200","gain_loss_trans",4,NA,0,0,5,0.25,200
"mk","model4","tl1.00_gl0.50_c200","tree_length",1,0.9,9,10,1,0.5,200
"mk","model4","tl1.00_gl0.50_c200","gain_loss_neo",2,NA,0,0,1,0.5,200
"mk","model4","tl1.00_gl0.50_c200","gain_loss_trans",2,NA,0,0,1,0.5,200
"mk","model4","tl1.50_gl0.50_c200","tree_length",1.5,0.8,8,10,1.5,0.5,200
"mk","model4","tl1.50_gl0.50_c200","gain_loss_neo",2,NA,0,0,1.5,0.5,200
"mk","model4","tl1.50_gl0.50_c200","gain_loss_trans",2,NA,0,0,1.5,0.5,200
"mk","model4","tl2.50_gl0.50_c200","tree_length",2.5,1,10,10,2.5,0.5,200
"mk","model4","tl2.50_gl0.50_c200","gain_loss_neo",2,NA,0,0,2.5,0.5,200
"mk","model4","tl2.50_gl0.50_c200","gain_loss_trans",2,NA,0,0,2.5,0.5,200
"mk","model4","tl5.00_gl0.50_c200","tree_length",5,1,10,10,5,0.5,200
"mk","model4","tl5.00_gl0.50_c200","gain_loss_neo",2,NA,0,0,5,0.5,200
"mk","model4","tl5.00_gl0.50_c200","gain_loss_trans",2,NA,0,0,5,0.5,200
"mk","model4","tl1.00_gl1.00_c200","tree_length",1,0.9,9,10,1,1,200
"mk","model4","tl1.00_gl1.00_c200","gain_loss_neo",1,NA,0,0,1,1,200
"mk","model4","tl1.00_gl1.00_c200","gain_loss_trans",1,NA,0,0,1,1,200
"mk","model4","tl1.50_gl1.00_c200","tree_length",1.5,0.8,8,10,1.5,1,200
"mk","model4","tl1.50_gl1.00_c200","gain_loss_neo",1,NA,0,0,1.5,1,200
"mk","model4","tl1.50_gl1.00_c200","gain_loss_trans",1,NA,0,0,1.5,1,200
"mk","model4","tl2.50_gl1.00_c200","tree_length",2.5,1,10,10,2.5,1,200
"mk","model4","tl2.50_gl1.00_c200","gain_loss_neo",1,NA,0,0,2.5,1,200
"mk","model4","tl2.50_gl1.00_c200","gain_loss_trans",1,NA,0,0,2.5,1,200
"mk","model4","tl5.00_gl1.00_c200","tree_length",5,1,10,10,5,1,200
"mk","model4","tl5.00_gl1.00_c200","gain_loss_neo",1,NA,0,0,5,1,200
"mk","model4","tl5.00_gl1.00_c200","gain_loss_trans",1,NA,0,0,5,1,200
"mk","model5","tl1.00_gl0.10_c25","tree_length",1,1,10,10,1,0.1,25
"mk","model5","tl1.00_gl0.10_c25","gain_loss_neo",10,0,0,10,1,0.1,25
"mk","model5","tl1.00_gl0.10_c25","gain_loss_trans",10,NA,0,0,1,0.1,25
"mk","model5","tl1.50_gl0.10_c25","tree_length",1.5,1,10,10,1.5,0.1,25
"mk","model5","tl1.50_gl0.10_c25","gain_loss_neo",10,0,0,10,1.5,0.1,25
"mk","model5","tl1.50_gl0.10_c25","gain_loss_trans",10,NA,0,0,1.5,0.1,25
"mk","model5","tl2.50_gl0.10_c25","tree_length",2.5,0.9,9,10,2.5,0.1,25
"mk","model5","tl2.50_gl0.10_c25","gain_loss_neo",10,0,0,10,2.5,0.1,25
"mk","model5","tl2.50_gl0.10_c25","gain_loss_trans",10,NA,0,0,2.5,0.1,25
"mk","model5","tl5.00_gl0.10_c25","tree_length",5,0.4,4,10,5,0.1,25
"mk","model5","tl5.00_gl0.10_c25","gain_loss_neo",10,0,0,10,5,0.1,25
"mk","model5","tl5.00_gl0.10_c25","gain_loss_trans",10,NA,0,0,5,0.1,25
"mk","model5","tl1.00_gl0.25_c25","tree_length",1,1,10,10,1,0.25,25
"mk","model5","tl1.00_gl0.25_c25","gain_loss_neo",4,0.5,5,10,1,0.25,25
"mk","model5","tl1.00_gl0.25_c25","gain_loss_trans",4,NA,0,0,1,0.25,25
"mk","model5","tl1.50_gl0.25_c25","tree_length",1.5,1,10,10,1.5,0.25,25
"mk","model5","tl1.50_gl0.25_c25","gain_loss_neo",4,0,0,10,1.5,0.25,25
"mk","model5","tl1.50_gl0.25_c25","gain_loss_trans",4,NA,0,0,1.5,0.25,25
"mk","model5","tl2.50_gl0.25_c25","tree_length",2.5,0.9,9,10,2.5,0.25,25
"mk","model5","tl2.50_gl0.25_c25","gain_loss_neo",4,0.1,1,10,2.5,0.25,25
"mk","model5","tl2.50_gl0.25_c25","gain_loss_trans",4,NA,0,0,2.5,0.25,25
"mk","model5","tl5.00_gl0.25_c25","tree_length",5,0.4,4,10,5,0.25,25
"mk","model5","tl5.00_gl0.25_c25","gain_loss_neo",4,0,0,10,5,0.25,25
"mk","model5","tl5.00_gl0.25_c25","gain_loss_trans",4,NA,0,0,5,0.25,25
"mk","model5","tl1.00_gl0.50_c25","tree_length",1,1,10,10,1,0.5,25
"mk","model5","tl1.00_gl0.50_c25","gain_loss_neo",2,0.9,9,10,1,0.5,25
"mk","model5","tl1.00_gl0.50_c25","gain_loss_trans",2,NA,0,0,1,0.5,25
"mk","model5","tl1.50_gl0.50_c25","tree_length",1.5,1,10,10,1.5,0.5,25
"mk","model5","tl1.50_gl0.50_c25","gain_loss_neo",2,0.6,6,10,1.5,0.5,25
"mk","model5","tl1.50_gl0.50_c25","gain_loss_trans",2,NA,0,0,1.5,0.5,25
"mk","model5","tl2.50_gl0.50_c25","tree_length",2.5,0.9,9,10,2.5,0.5,25
"mk","model5","tl2.50_gl0.50_c25","gain_loss_neo",2,0.9,9,10,2.5,0.5,25
"mk","model5","tl2.50_gl0.50_c25","gain_loss_trans",2,0.428571428571429,3,7,2.5,0.5,25
"mk","model5","tl5.00_gl0.50_c25","tree_length",5,0.4,4,10,5,0.5,25
"mk","model5","tl5.00_gl0.50_c25","gain_loss_neo",2,0.8,8,10,5,0.5,25
"mk","model5","tl5.00_gl0.50_c25","gain_loss_trans",2,0.25,2,8,5,0.5,25
"mk","model5","tl1.00_gl1.00_c25","tree_length",1,1,10,10,1,1,25
"mk","model5","tl1.00_gl1.00_c25","gain_loss_neo",1,1,10,10,1,1,25
"mk","model5","tl1.00_gl1.00_c25","gain_loss_trans",1,1,9,9,1,1,25
"mk","model5","tl1.50_gl1.00_c25","tree_length",1.5,1,10,10,1.5,1,25
"mk","model5","tl1.50_gl1.00_c25","gain_loss_neo",1,0.9,9,10,1.5,1,25
"mk","model5","tl1.50_gl1.00_c25","gain_loss_trans",1,0.888888888888889,8,9,1.5,1,25
"mk","model5","tl2.50_gl1.00_c25","tree_length",2.5,0.9,9,10,2.5,1,25
"mk","model5","tl2.50_gl1.00_c25","gain_loss_neo",1,1,10,10,2.5,1,25
"mk","model5","tl2.50_gl1.00_c25","gain_loss_trans",1,1,9,9,2.5,1,25
"mk","model5","tl5.00_gl1.00_c25","tree_length",5,0.4,4,10,5,1,25
"mk","model5","tl5.00_gl1.00_c25","gain_loss_neo",1,1,10,10,5,1,25
"mk","model5","tl5.00_gl1.00_c25","gain_loss_trans",1,1,8,8,5,1,25
"mk","model5","tl1.00_gl0.10_c50","tree_length",1,0.833333333333333,5,6,1,0.1,50
"mk","model5","tl1.00_gl0.10_c50","gain_loss_neo",10,0,0,6,1,0.1,50
"mk","model5","tl1.00_gl0.10_c50","gain_loss_trans",10,NA,0,0,1,0.1,50
"mk","model5","tl1.50_gl0.10_c50","tree_length",1.5,0.9,9,10,1.5,0.1,50
"mk","model5","tl1.50_gl0.10_c50","gain_loss_neo",10,0,0,10,1.5,0.1,50
"mk","model5","tl1.50_gl0.10_c50","gain_loss_trans",10,NA,0,0,1.5,0.1,50
"mk","model5","tl2.50_gl0.10_c50","tree_length",2.5,1,10,10,2.5,0.1,50
"mk","model5","tl2.50_gl0.10_c50","gain_loss_neo",10,0,0,10,2.5,0.1,50
"mk","model5","tl2.50_gl0.10_c50","gain_loss_trans",10,NA,0,0,2.5,0.1,50
"mk","model5","tl5.00_gl0.10_c50","tree_length",5,0.9,9,10,5,0.1,50
"mk","model5","tl5.00_gl0.10_c50","gain_loss_neo",10,0,0,10,5,0.1,50
"mk","model5","tl5.00_gl0.10_c50","gain_loss_trans",10,NA,0,0,5,0.1,50
"mk","model5","tl1.00_gl0.25_c50","tree_length",1,0.9,9,10,1,0.25,50
"mk","model5","tl1.00_gl0.25_c50","gain_loss_neo",4,0.3,3,10,1,0.25,50
"mk","model5","tl1.00_gl0.25_c50","gain_loss_trans",4,NA,0,0,1,0.25,50
"mk","model5","tl1.50_gl0.25_c50","tree_length",1.5,0.9,9,10,1.5,0.25,50
"mk","model5","tl1.50_gl0.25_c50","gain_loss_neo",4,0.1,1,10,1.5,0.25,50
"mk","model5","tl1.50_gl0.25_c50","gain_loss_trans",4,NA,0,0,1.5,0.25,50
"mk","model5","tl2.50_gl0.25_c50","tree_length",2.5,1,10,10,2.5,0.25,50
"mk","model5","tl2.50_gl0.25_c50","gain_loss_neo",4,0,0,10,2.5,0.25,50
"mk","model5","tl2.50_gl0.25_c50","gain_loss_trans",4,NA,0,0,2.5,0.25,50
"mk","model5","tl5.00_gl0.25_c50","tree_length",5,0.9,9,10,5,0.25,50
"mk","model5","tl5.00_gl0.25_c50","gain_loss_neo",4,0,0,10,5,0.25,50
"mk","model5","tl5.00_gl0.25_c50","gain_loss_trans",4,NA,0,0,5,0.25,50
"mk","model5","tl1.00_gl0.50_c50","tree_length",1,0.9,9,10,1,0.5,50
"mk","model5","tl1.00_gl0.50_c50","gain_loss_neo",2,0.8,8,10,1,0.5,50
"mk","model5","tl1.00_gl0.50_c50","gain_loss_trans",2,NA,0,0,1,0.5,50
"mk","model5","tl1.50_gl0.50_c50","tree_length",1.5,0.9,9,10,1.5,0.5,50
"mk","model5","tl1.50_gl0.50_c50","gain_loss_neo",2,0.5,5,10,1.5,0.5,50
"mk","model5","tl1.50_gl0.50_c50","gain_loss_trans",2,NA,0,0,1.5,0.5,50
"mk","model5","tl2.50_gl0.50_c50","tree_length",2.5,1,10,10,2.5,0.5,50
"mk","model5","tl2.50_gl0.50_c50","gain_loss_neo",2,0.4,4,10,2.5,0.5,50
"mk","model5","tl2.50_gl0.50_c50","gain_loss_trans",2,NA,0,0,2.5,0.5,50
"mk","model5","tl5.00_gl0.50_c50","tree_length",5,0.9,9,10,5,0.5,50
"mk","model5","tl5.00_gl0.50_c50","gain_loss_neo",2,0.1,1,10,5,0.5,50
"mk","model5","tl5.00_gl0.50_c50","gain_loss_trans",2,NA,0,0,5,0.5,50
"mk","model5","tl1.00_gl1.00_c50","tree_length",1,0.9,9,10,1,1,50
"mk","model5","tl1.00_gl1.00_c50","gain_loss_neo",1,1,10,10,1,1,50
"mk","model5","tl1.00_gl1.00_c50","gain_loss_trans",1,NA,0,0,1,1,50
"mk","model5","tl1.50_gl1.00_c50","tree_length",1.5,0.9,9,10,1.5,1,50
"mk","model5","tl1.50_gl1.00_c50","gain_loss_neo",1,1,10,10,1.5,1,50
"mk","model5","tl1.50_gl1.00_c50","gain_loss_trans",1,NA,0,0,1.5,1,50
"mk","model5","tl2.50_gl1.00_c50","tree_length",2.5,1,10,10,2.5,1,50
"mk","model5","tl2.50_gl1.00_c50","gain_loss_neo",1,0.9,9,10,2.5,1,50
"mk","model5","tl2.50_gl1.00_c50","gain_loss_trans",1,NA,0,0,2.5,1,50
"mk","model5","tl5.00_gl1.00_c50","tree_length",5,0.9,9,10,5,1,50
"mk","model5","tl5.00_gl1.00_c50","gain_loss_neo",1,0.9,9,10,5,1,50
"mk","model5","tl5.00_gl1.00_c50","gain_loss_trans",1,NA,0,0,5,1,50
"mk","model5","tl1.00_gl0.10_c100","tree_length",1,0.9,9,10,1,0.1,100
"mk","model5","tl1.00_gl0.10_c100","gain_loss_neo",10,0,0,10,1,0.1,100
"mk","model5","tl1.00_gl0.10_c100","gain_loss_trans",10,NA,0,0,1,0.1,100
"mk","model5","tl1.50_gl0.10_c100","tree_length",1.5,0.8,8,10,1.5,0.1,100
"mk","model5","tl1.50_gl0.10_c100","gain_loss_neo",10,0,0,10,1.5,0.1,100
"mk","model5","tl1.50_gl0.10_c100","gain_loss_trans",10,NA,0,0,1.5,0.1,100
"mk","model5","tl2.50_gl0.10_c100","tree_length",2.5,0.8,8,10,2.5,0.1,100
"mk","model5","tl2.50_gl0.10_c100","gain_loss_neo",10,0,0,10,2.5,0.1,100
"mk","model5","tl2.50_gl0.10_c100","gain_loss_trans",10,NA,0,0,2.5,0.1,100
"mk","model5","tl5.00_gl0.10_c100","tree_length",5,1,10,10,5,0.1,100
"mk","model5","tl5.00_gl0.10_c100","gain_loss_neo",10,0,0,10,5,0.1,100
"mk","model5","tl5.00_gl0.10_c100","gain_loss_trans",10,NA,0,0,5,0.1,100
"mk","model5","tl1.00_gl0.25_c100","tree_length",1,0.9,9,10,1,0.25,100
"mk","model5","tl1.00_gl0.25_c100","gain_loss_neo",4,0,0,10,1,0.25,100
"mk","model5","tl1.00_gl0.25_c100","gain_loss_trans",4,NA,0,0,1,0.25,100
"mk","model5","tl1.50_gl0.25_c100","tree_length",1.5,0.8,8,10,1.5,0.25,100
"mk","model5","tl1.50_gl0.25_c100","gain_loss_neo",4,0,0,10,1.5,0.25,100
"mk","model5","tl1.50_gl0.25_c100","gain_loss_trans",4,NA,0,0,1.5,0.25,100
"mk","model5","tl2.50_gl0.25_c100","tree_length",2.5,0.8,8,10,2.5,0.25,100
"mk","model5","tl2.50_gl0.25_c100","gain_loss_neo",4,0,0,10,2.5,0.25,100
"mk","model5","tl2.50_gl0.25_c100","gain_loss_trans",4,NA,0,0,2.5,0.25,100
"mk","model5","tl5.00_gl0.25_c100","tree_length",5,1,10,10,5,0.25,100
"mk","model5","tl5.00_gl0.25_c100","gain_loss_neo",4,0,0,10,5,0.25,100
"mk","model5","tl5.00_gl0.25_c100","gain_loss_trans",4,NA,0,0,5,0.25,100
"mk","model5","tl1.00_gl0.50_c100","tree_length",1,0.9,9,10,1,0.5,100
"mk","model5","tl1.00_gl0.50_c100","gain_loss_neo",2,0.3,3,10,1,0.5,100
"mk","model5","tl1.00_gl0.50_c100","gain_loss_trans",2,NA,0,0,1,0.5,100
"mk","model5","tl1.50_gl0.50_c100","tree_length",1.5,0.8,8,10,1.5,0.5,100
"mk","model5","tl1.50_gl0.50_c100","gain_loss_neo",2,0.5,5,10,1.5,0.5,100
"mk","model5","tl1.50_gl0.50_c100","gain_loss_trans",2,NA,0,0,1.5,0.5,100
"mk","model5","tl2.50_gl0.50_c100","tree_length",2.5,0.8,8,10,2.5,0.5,100
"mk","model5","tl2.50_gl0.50_c100","gain_loss_neo",2,0.1,1,10,2.5,0.5,100
"mk","model5","tl2.50_gl0.50_c100","gain_loss_trans",2,NA,0,0,2.5,0.5,100
"mk","model5","tl5.00_gl0.50_c100","tree_length",5,1,10,10,5,0.5,100
"mk","model5","tl5.00_gl0.50_c100","gain_loss_neo",2,0,0,10,5,0.5,100
"mk","model5","tl5.00_gl0.50_c100","gain_loss_trans",2,NA,0,0,5,0.5,100
"mk","model5","tl1.00_gl1.00_c100","tree_length",1,0.9,9,10,1,1,100
"mk","model5","tl1.00_gl1.00_c100","gain_loss_neo",1,1,10,10,1,1,100
"mk","model5","tl1.00_gl1.00_c100","gain_loss_trans",1,NA,0,0,1,1,100
"mk","model5","tl1.50_gl1.00_c100","tree_length",1.5,0.8,8,10,1.5,1,100
"mk","model5","tl1.50_gl1.00_c100","gain_loss_neo",1,1,10,10,1.5,1,100
"mk","model5","tl1.50_gl1.00_c100","gain_loss_trans",1,NA,0,0,1.5,1,100
"mk","model5","tl2.50_gl1.00_c100","tree_length",2.5,0.8,8,10,2.5,1,100
"mk","model5","tl2.50_gl1.00_c100","gain_loss_neo",1,1,10,10,2.5,1,100
"mk","model5","tl2.50_gl1.00_c100","gain_loss_trans",1,NA,0,0,2.5,1,100
"mk","model5","tl5.00_gl1.00_c100","tree_length",5,1,10,10,5,1,100
"mk","model5","tl5.00_gl1.00_c100","gain_loss_neo",1,0.8,8,10,5,1,100
"mk","model5","tl5.00_gl1.00_c100","gain_loss_trans",1,NA,0,0,5,1,100
"mk","model5","tl1.00_gl0.10_c200","tree_length",1,1,10,10,1,0.1,200
"mk","model5","tl1.00_gl0.10_c200","gain_loss_neo",10,0,0,10,1,0.1,200
"mk","model5","tl1.00_gl0.10_c200","gain_loss_trans",10,NA,0,0,1,0.1,200
"mk","model5","tl1.50_gl0.10_c200","tree_length",1.5,0.8,8,10,1.5,0.1,200
"mk","model5","tl1.50_gl0.10_c200","gain_loss_neo",10,0,0,10,1.5,0.1,200
"mk","model5","tl1.50_gl0.10_c200","gain_loss_trans",10,NA,0,0,1.5,0.1,200
"mk","model5","tl2.50_gl0.10_c200","tree_length",2.5,1,10,10,2.5,0.1,200
"mk","model5","tl2.50_gl0.10_c200","gain_loss_neo",10,0,0,10,2.5,0.1,200
"mk","model5","tl2.50_gl0.10_c200","gain_loss_trans",10,NA,0,0,2.5,0.1,200
"mk","model5","tl5.00_gl0.10_c200","tree_length",5,1,10,10,5,0.1,200
"mk","model5","tl5.00_gl0.10_c200","gain_loss_neo",10,0,0,10,5,0.1,200
"mk","model5","tl5.00_gl0.10_c200","gain_loss_trans",10,NA,0,0,5,0.1,200
"mk","model5","tl1.00_gl0.25_c200","tree_length",1,1,10,10,1,0.25,200
"mk","model5","tl1.00_gl0.25_c200","gain_loss_neo",4,0,0,10,1,0.25,200
"mk","model5","tl1.00_gl0.25_c200","gain_loss_trans",4,NA,0,0,1,0.25,200
"mk","model5","tl1.50_gl0.25_c200","tree_length",1.5,0.8,8,10,1.5,0.25,200
"mk","model5","tl1.50_gl0.25_c200","gain_loss_neo",4,0,0,10,1.5,0.25,200
"mk","model5","tl1.50_gl0.25_c200","gain_loss_trans",4,NA,0,0,1.5,0.25,200
"mk","model5","tl2.50_gl0.25_c200","tree_length",2.5,1,10,10,2.5,0.25,200
"mk","model5","tl2.50_gl0.25_c200","gain_loss_neo",4,0,0,10,2.5,0.25,200
"mk","model5","tl2.50_gl0.25_c200","gain_loss_trans",4,NA,0,0,2.5,0.25,200
"mk","model5","tl5.00_gl0.25_c200","tree_length",5,1,10,10,5,0.25,200
"mk","model5","tl5.00_gl0.25_c200","gain_loss_neo",4,0,0,10,5,0.25,200
"mk","model5","tl5.00_gl0.25_c200","gain_loss_trans",4,NA,0,0,5,0.25,200
"mk","model5","tl1.00_gl0.50_c200","tree_length",1,1,10,10,1,0.5,200
"mk","model5","tl1.00_gl0.50_c200","gain_loss_neo",2,0.1,1,10,1,0.5,200
"mk","model5","tl1.00_gl0.50_c200","gain_loss_trans",2,NA,0,0,1,0.5,200
"mk","model5","tl1.50_gl0.50_c200","tree_length",1.5,0.8,8,10,1.5,0.5,200
"mk","model5","tl1.50_gl0.50_c200","gain_loss_neo",2,0,0,10,1.5,0.5,200
"mk","model5","tl1.50_gl0.50_c200","gain_loss_trans",2,NA,0,0,1.5,0.5,200
"mk","model5","tl2.50_gl0.50_c200","tree_length",2.5,1,10,10,2.5,0.5,200
"mk","model5","tl2.50_gl0.50_c200","gain_loss_neo",2,0,0,10,2.5,0.5,200
"mk","model5","tl2.50_gl0.50_c200","gain_loss_trans",2,NA,0,0,2.5,0.5,200
"mk","model5","tl5.00_gl0.50_c200","tree_length",5,1,10,10,5,0.5,200
"mk","model5","tl5.00_gl0.50_c200","gain_loss_neo",2,0,0,10,5,0.5,200
"mk","model5","tl5.00_gl0.50_c200","gain_loss_trans",2,NA,0,0,5,0.5,200
"mk","model5","tl1.00_gl1.00_c200","tree_length",1,1,10,10,1,1,200
"mk","model5","tl1.00_gl1.00_c200","gain_loss_neo",1,1,10,10,1,1,200
"mk","model5","tl1.00_gl1.00_c200","gain_loss_trans",1,NA,0,0,1,1,200
"mk","model5","tl1.50_gl1.00_c200","tree_length",1.5,0.8,8,10,1.5,1,200
"mk","model5","tl1.50_gl1.00_c200","gain_loss_neo",1,1,10,10,1.5,1,200
"mk","model5","tl1.50_gl1.00_c200","gain_loss_trans",1,NA,0,0,1.5,1,200
"mk","model5","tl2.50_gl1.00_c200","tree_length",2.5,1,10,10,2.5,1,200
"mk","model5","tl2.50_gl1.00_c200","gain_loss_neo",1,0.9,9,10,2.5,1,200
"mk","model5","tl2.50_gl1.00_c200","gain_loss_trans",1,NA,0,0,2.5,1,200
"mk","model5","tl5.00_gl1.00_c200","tree_length",5,1,10,10,5,1,200
"mk","model5","tl5.00_gl1.00_c200","gain_loss_neo",1,1,10,10,5,1,200
"mk","model5","tl5.00_gl1.00_c200","gain_loss_trans",1,NA,0,0,5,1,200
"mk","model6","tl1.00_gl0.10_c25","tree_length",1,1,10,10,1,0.1,25
"mk","model6","tl1.00_gl0.10_c25","gain_loss_neo",10,NA,0,0,1,0.1,25
"mk","model6","tl1.00_gl0.10_c25","gain_loss_trans",10,NA,0,0,1,0.1,25
"mk","model6","tl1.50_gl0.10_c25","tree_length",1.5,1,10,10,1.5,0.1,25
"mk","model6","tl1.50_gl0.10_c25","gain_loss_neo",10,NA,0,0,1.5,0.1,25
"mk","model6","tl1.50_gl0.10_c25","gain_loss_trans",10,NA,0,0,1.5,0.1,25
"mk","model6","tl2.50_gl0.10_c25","tree_length",2.5,0.9,9,10,2.5,0.1,25
"mk","model6","tl2.50_gl0.10_c25","gain_loss_neo",10,NA,0,0,2.5,0.1,25
"mk","model6","tl2.50_gl0.10_c25","gain_loss_trans",10,NA,0,0,2.5,0.1,25
"mk","model6","tl5.00_gl0.10_c25","tree_length",5,0.6,6,10,5,0.1,25
"mk","model6","tl5.00_gl0.10_c25","gain_loss_neo",10,NA,0,0,5,0.1,25
"mk","model6","tl5.00_gl0.10_c25","gain_loss_trans",10,NA,0,0,5,0.1,25
"mk","model6","tl1.00_gl0.25_c25","tree_length",1,1,10,10,1,0.25,25
"mk","model6","tl1.00_gl0.25_c25","gain_loss_neo",4,NA,0,0,1,0.25,25
"mk","model6","tl1.00_gl0.25_c25","gain_loss_trans",4,NA,0,0,1,0.25,25
"mk","model6","tl1.50_gl0.25_c25","tree_length",1.5,1,10,10,1.5,0.25,25
"mk","model6","tl1.50_gl0.25_c25","gain_loss_neo",4,NA,0,0,1.5,0.25,25
"mk","model6","tl1.50_gl0.25_c25","gain_loss_trans",4,NA,0,0,1.5,0.25,25
"mk","model6","tl2.50_gl0.25_c25","tree_length",2.5,0.9,9,10,2.5,0.25,25
"mk","model6","tl2.50_gl0.25_c25","gain_loss_neo",4,NA,0,0,2.5,0.25,25
"mk","model6","tl2.50_gl0.25_c25","gain_loss_trans",4,NA,0,0,2.5,0.25,25
"mk","model6","tl5.00_gl0.25_c25","tree_length",5,0.6,6,10,5,0.25,25
"mk","model6","tl5.00_gl0.25_c25","gain_loss_neo",4,NA,0,0,5,0.25,25
"mk","model6","tl5.00_gl0.25_c25","gain_loss_trans",4,NA,0,0,5,0.25,25
"mk","model6","tl1.00_gl0.50_c25","tree_length",1,1,10,10,1,0.5,25
"mk","model6","tl1.00_gl0.50_c25","gain_loss_neo",2,NA,0,0,1,0.5,25
"mk","model6","tl1.00_gl0.50_c25","gain_loss_trans",2,NA,0,0,1,0.5,25
"mk","model6","tl1.50_gl0.50_c25","tree_length",1.5,1,10,10,1.5,0.5,25
"mk","model6","tl1.50_gl0.50_c25","gain_loss_neo",2,NA,0,0,1.5,0.5,25
"mk","model6","tl1.50_gl0.50_c25","gain_loss_trans",2,NA,0,0,1.5,0.5,25
"mk","model6","tl2.50_gl0.50_c25","tree_length",2.5,0.9,9,10,2.5,0.5,25
"mk","model6","tl2.50_gl0.50_c25","gain_loss_neo",2,NA,0,0,2.5,0.5,25
"mk","model6","tl2.50_gl0.50_c25","gain_loss_trans",2,NA,0,0,2.5,0.5,25
"mk","model6","tl5.00_gl0.50_c25","tree_length",5,0.6,6,10,5,0.5,25
"mk","model6","tl5.00_gl0.50_c25","gain_loss_neo",2,NA,0,0,5,0.5,25
"mk","model6","tl5.00_gl0.50_c25","gain_loss_trans",2,NA,0,0,5,0.5,25
"mk","model6","tl1.00_gl1.00_c25","tree_length",1,1,10,10,1,1,25
"mk","model6","tl1.00_gl1.00_c25","gain_loss_neo",1,NA,0,0,1,1,25
"mk","model6","tl1.00_gl1.00_c25","gain_loss_trans",1,NA,0,0,1,1,25
"mk","model6","tl1.50_gl1.00_c25","tree_length",1.5,1,10,10,1.5,1,25
"mk","model6","tl1.50_gl1.00_c25","gain_loss_neo",1,NA,0,0,1.5,1,25
"mk","model6","tl1.50_gl1.00_c25","gain_loss_trans",1,NA,0,0,1.5,1,25
"mk","model6","tl2.50_gl1.00_c25","tree_length",2.5,0.9,9,10,2.5,1,25
"mk","model6","tl2.50_gl1.00_c25","gain_loss_neo",1,NA,0,0,2.5,1,25
"mk","model6","tl2.50_gl1.00_c25","gain_loss_trans",1,NA,0,0,2.5,1,25
"mk","model6","tl5.00_gl1.00_c25","tree_length",5,0.6,6,10,5,1,25
"mk","model6","tl5.00_gl1.00_c25","gain_loss_neo",1,NA,0,0,5,1,25
"mk","model6","tl5.00_gl1.00_c25","gain_loss_trans",1,NA,0,0,5,1,25
"mk","model6","tl1.00_gl0.10_c50","tree_length",1,1,10,10,1,0.1,50
"mk","model6","tl1.00_gl0.10_c50","gain_loss_neo",10,NA,0,0,1,0.1,50
"mk","model6","tl1.00_gl0.10_c50","gain_loss_trans",10,NA,0,0,1,0.1,50
"mk","model6","tl1.50_gl0.10_c50","tree_length",1.5,1,10,10,1.5,0.1,50
"mk","model6","tl1.50_gl0.10_c50","gain_loss_neo",10,NA,0,0,1.5,0.1,50
"mk","model6","tl1.50_gl0.10_c50","gain_loss_trans",10,NA,0,0,1.5,0.1,50
"mk","model6","tl2.50_gl0.10_c50","tree_length",2.5,1,10,10,2.5,0.1,50
"mk","model6","tl2.50_gl0.10_c50","gain_loss_neo",10,NA,0,0,2.5,0.1,50
"mk","model6","tl2.50_gl0.10_c50","gain_loss_trans",10,NA,0,0,2.5,0.1,50
"mk","model6","tl5.00_gl0.10_c50","tree_length",5,0.9,9,10,5,0.1,50
"mk","model6","tl5.00_gl0.10_c50","gain_loss_neo",10,NA,0,0,5,0.1,50
"mk","model6","tl5.00_gl0.10_c50","gain_loss_trans",10,NA,0,0,5,0.1,50
"mk","model6","tl1.00_gl0.25_c50","tree_length",1,1,10,10,1,0.25,50
"mk","model6","tl1.00_gl0.25_c50","gain_loss_neo",4,NA,0,0,1,0.25,50
"mk","model6","tl1.00_gl0.25_c50","gain_loss_trans",4,NA,0,0,1,0.25,50
"mk","model6","tl1.50_gl0.25_c50","tree_length",1.5,1,10,10,1.5,0.25,50
"mk","model6","tl1.50_gl0.25_c50","gain_loss_neo",4,NA,0,0,1.5,0.25,50
"mk","model6","tl1.50_gl0.25_c50","gain_loss_trans",4,NA,0,0,1.5,0.25,50
"mk","model6","tl2.50_gl0.25_c50","tree_length",2.5,1,10,10,2.5,0.25,50
"mk","model6","tl2.50_gl0.25_c50","gain_loss_neo",4,NA,0,0,2.5,0.25,50
"mk","model6","tl2.50_gl0.25_c50","gain_loss_trans",4,NA,0,0,2.5,0.25,50
"mk","model6","tl5.00_gl0.25_c50","tree_length",5,0.9,9,10,5,0.25,50
"mk","model6","tl5.00_gl0.25_c50","gain_loss_neo",4,NA,0,0,5,0.25,50
"mk","model6","tl5.00_gl0.25_c50","gain_loss_trans",4,NA,0,0,5,0.25,50
"mk","model6","tl1.00_gl0.50_c50","tree_length",1,1,10,10,1,0.5,50
"mk","model6","tl1.00_gl0.50_c50","gain_loss_neo",2,NA,0,0,1,0.5,50
"mk","model6","tl1.00_gl0.50_c50","gain_loss_trans",2,NA,0,0,1,0.5,50
"mk","model6","tl1.50_gl0.50_c50","tree_length",1.5,1,10,10,1.5,0.5,50
"mk","model6","tl1.50_gl0.50_c50","gain_loss_neo",2,NA,0,0,1.5,0.5,50
"mk","model6","tl1.50_gl0.50_c50","gain_loss_trans",2,NA,0,0,1.5,0.5,50
"mk","model6","tl2.50_gl0.50_c50","tree_length",2.5,1,10,10,2.5,0.5,50
"mk","model6","tl2.50_gl0.50_c50","gain_loss_neo",2,NA,0,0,2.5,0.5,50
"mk","model6","tl2.50_gl0.50_c50","gain_loss_trans",2,NA,0,0,2.5,0.5,50
"mk","model6","tl5.00_gl0.50_c50","tree_length",5,0.9,9,10,5,0.5,50
"mk","model6","tl5.00_gl0.50_c50","gain_loss_neo",2,NA,0,0,5,0.5,50
"mk","model6","tl5.00_gl0.50_c50","gain_loss_trans",2,NA,0,0,5,0.5,50
"mk","model6","tl1.00_gl1.00_c50","tree_length",1,1,10,10,1,1,50
"mk","model6","tl1.00_gl1.00_c50","gain_loss_neo",1,NA,0,0,1,1,50
"mk","model6","tl1.00_gl1.00_c50","gain_loss_trans",1,NA,0,0,1,1,50
"mk","model6","tl1.50_gl1.00_c50","tree_length",1.5,1,10,10,1.5,1,50
"mk","model6","tl1.50_gl1.00_c50","gain_loss_neo",1,NA,0,0,1.5,1,50
"mk","model6","tl1.50_gl1.00_c50","gain_loss_trans",1,NA,0,0,1.5,1,50
"mk","model6","tl2.50_gl1.00_c50","tree_length",2.5,1,10,10,2.5,1,50
"mk","model6","tl2.50_gl1.00_c50","gain_loss_neo",1,NA,0,0,2.5,1,50
"mk","model6","tl2.50_gl1.00_c50","gain_loss_trans",1,NA,0,0,2.5,1,50
"mk","model6","tl5.00_gl1.00_c50","tree_length",5,0.9,9,10,5,1,50
"mk","model6","tl5.00_gl1.00_c50","gain_loss_neo",1,NA,0,0,5,1,50
"mk","model6","tl5.00_gl1.00_c50","gain_loss_trans",1,NA,0,0,5,1,50
"mk","model6","tl1.00_gl0.10_c100","tree_length",1,1,10,10,1,0.1,100
"mk","model6","tl1.00_gl0.10_c100","gain_loss_neo",10,NA,0,0,1,0.1,100
"mk","model6","tl1.00_gl0.10_c100","gain_loss_trans",10,NA,0,0,1,0.1,100
"mk","model6","tl1.50_gl0.10_c100","tree_length",1.5,1,10,10,1.5,0.1,100
"mk","model6","tl1.50_gl0.10_c100","gain_loss_neo",10,NA,0,0,1.5,0.1,100
"mk","model6","tl1.50_gl0.10_c100","gain_loss_trans",10,NA,0,0,1.5,0.1,100
"mk","model6","tl2.50_gl0.10_c100","tree_length",2.5,0.9,9,10,2.5,0.1,100
"mk","model6","tl2.50_gl0.10_c100","gain_loss_neo",10,NA,0,0,2.5,0.1,100
"mk","model6","tl2.50_gl0.10_c100","gain_loss_trans",10,NA,0,0,2.5,0.1,100
"mk","model6","tl5.00_gl0.10_c100","tree_length",5,1,10,10,5,0.1,100
"mk","model6","tl5.00_gl0.10_c100","gain_loss_neo",10,NA,0,0,5,0.1,100
"mk","model6","tl5.00_gl0.10_c100","gain_loss_trans",10,NA,0,0,5,0.1,100
"mk","model6","tl1.00_gl0.25_c100","tree_length",1,1,10,10,1,0.25,100
"mk","model6","tl1.00_gl0.25_c100","gain_loss_neo",4,NA,0,0,1,0.25,100
"mk","model6","tl1.00_gl0.25_c100","gain_loss_trans",4,NA,0,0,1,0.25,100
"mk","model6","tl1.50_gl0.25_c100","tree_length",1.5,1,10,10,1.5,0.25,100
"mk","model6","tl1.50_gl0.25_c100","gain_loss_neo",4,NA,0,0,1.5,0.25,100
"mk","model6","tl1.50_gl0.25_c100","gain_loss_trans",4,NA,0,0,1.5,0.25,100
"mk","model6","tl2.50_gl0.25_c100","tree_length",2.5,0.9,9,10,2.5,0.25,100
"mk","model6","tl2.50_gl0.25_c100","gain_loss_neo",4,NA,0,0,2.5,0.25,100
"mk","model6","tl2.50_gl0.25_c100","gain_loss_trans",4,NA,0,0,2.5,0.25,100
"mk","model6","tl5.00_gl0.25_c100","tree_length",5,1,10,10,5,0.25,100
"mk","model6","tl5.00_gl0.25_c100","gain_loss_neo",4,NA,0,0,5,0.25,100
"mk","model6","tl5.00_gl0.25_c100","gain_loss_trans",4,NA,0,0,5,0.25,100
"mk","model6","tl1.00_gl0.50_c100","tree_length",1,1,10,10,1,0.5,100
"mk","model6","tl1.00_gl0.50_c100","gain_loss_neo",2,NA,0,0,1,0.5,100
"mk","model6","tl1.00_gl0.50_c100","gain_loss_trans",2,NA,0,0,1,0.5,100
"mk","model6","tl1.50_gl0.50_c100","tree_length",1.5,1,10,10,1.5,0.5,100
"mk","model6","tl1.50_gl0.50_c100","gain_loss_neo",2,NA,0,0,1.5,0.5,100
"mk","model6","tl1.50_gl0.50_c100","gain_loss_trans",2,NA,0,0,1.5,0.5,100
"mk","model6","tl2.50_gl0.50_c100","tree_length",2.5,0.9,9,10,2.5,0.5,100
"mk","model6","tl2.50_gl0.50_c100","gain_loss_neo",2,NA,0,0,2.5,0.5,100
"mk","model6","tl2.50_gl0.50_c100","gain_loss_trans",2,NA,0,0,2.5,0.5,100
"mk","model6","tl5.00_gl0.50_c100","tree_length",5,1,10,10,5,0.5,100
"mk","model6","tl5.00_gl0.50_c100","gain_loss_neo",2,NA,0,0,5,0.5,100
"mk","model6","tl5.00_gl0.50_c100","gain_loss_trans",2,NA,0,0,5,0.5,100
"mk","model6","tl1.00_gl1.00_c100","tree_length",1,1,10,10,1,1,100
"mk","model6","tl1.00_gl1.00_c100","gain_loss_neo",1,NA,0,0,1,1,100
"mk","model6","tl1.00_gl1.00_c100","gain_loss_trans",1,NA,0,0,1,1,100
"mk","model6","tl1.50_gl1.00_c100","tree_length",1.5,1,10,10,1.5,1,100
"mk","model6","tl1.50_gl1.00_c100","gain_loss_neo",1,NA,0,0,1.5,1,100
"mk","model6","tl1.50_gl1.00_c100","gain_loss_trans",1,NA,0,0,1.5,1,100
"mk","model6","tl2.50_gl1.00_c100","tree_length",2.5,0.9,9,10,2.5,1,100
"mk","model6","tl2.50_gl1.00_c100","gain_loss_neo",1,NA,0,0,2.5,1,100
"mk","model6","tl2.50_gl1.00_c100","gain_loss_trans",1,NA,0,0,2.5,1,100
"mk","model6","tl5.00_gl1.00_c100","tree_length",5,1,10,10,5,1,100
"mk","model6","tl5.00_gl1.00_c100","gain_loss_neo",1,NA,0,0,5,1,100
"mk","model6","tl5.00_gl1.00_c100","gain_loss_trans",1,NA,0,0,5,1,100
"mk","model6","tl1.00_gl0.10_c200","tree_length",1,1,10,10,1,0.1,200
"mk","model6","tl1.00_gl0.10_c200","gain_loss_neo",10,NA,0,0,1,0.1,200
"mk","model6","tl1.00_gl0.10_c200","gain_loss_trans",10,NA,0,0,1,0.1,200
"mk","model6","tl1.50_gl0.10_c200","tree_length",1.5,1,10,10,1.5,0.1,200
"mk","model6","tl1.50_gl0.10_c200","gain_loss_neo",10,NA,0,0,1.5,0.1,200
"mk","model6","tl1.50_gl0.10_c200","gain_loss_trans",10,NA,0,0,1.5,0.1,200
"mk","model6","tl2.50_gl0.10_c200","tree_length",2.5,1,10,10,2.5,0.1,200
"mk","model6","tl2.50_gl0.10_c200","gain_loss_neo",10,NA,0,0,2.5,0.1,200
"mk","model6","tl2.50_gl0.10_c200","gain_loss_trans",10,NA,0,0,2.5,0.1,200
"mk","model6","tl5.00_gl0.10_c200","tree_length",5,1,10,10,5,0.1,200
"mk","model6","tl5.00_gl0.10_c200","gain_loss_neo",10,NA,0,0,5,0.1,200
"mk","model6","tl5.00_gl0.10_c200","gain_loss_trans",10,NA,0,0,5,0.1,200
"mk","model6","tl1.00_gl0.25_c200","tree_length",1,1,10,10,1,0.25,200
"mk","model6","tl1.00_gl0.25_c200","gain_loss_neo",4,NA,0,0,1,0.25,200
"mk","model6","tl1.00_gl0.25_c200","gain_loss_trans",4,NA,0,0,1,0.25,200
"mk","model6","tl1.50_gl0.25_c200","tree_length",1.5,1,10,10,1.5,0.25,200
"mk","model6","tl1.50_gl0.25_c200","gain_loss_neo",4,NA,0,0,1.5,0.25,200
"mk","model6","tl1.50_gl0.25_c200","gain_loss_trans",4,NA,0,0,1.5,0.25,200
"mk","model6","tl2.50_gl0.25_c200","tree_length",2.5,1,10,10,2.5,0.25,200
"mk","model6","tl2.50_gl0.25_c200","gain_loss_neo",4,NA,0,0,2.5,0.25,200
"mk","model6","tl2.50_gl0.25_c200","gain_loss_trans",4,NA,0,0,2.5,0.25,200
"mk","model6","tl5.00_gl0.25_c200","tree_length",5,1,10,10,5,0.25,200
"mk","model6","tl5.00_gl0.25_c200","gain_loss_neo",4,NA,0,0,5,0.25,200
"mk","model6","tl5.00_gl0.25_c200","gain_loss_trans",4,NA,0,0,5,0.25,200
"mk","model6","tl1.00_gl0.50_c200","tree_length",1,1,10,10,1,0.5,200
"mk","model6","tl1.00_gl0.50_c200","gain_loss_neo",2,NA,0,0,1,0.5,200
"mk","model6","tl1.00_gl0.50_c200","gain_loss_trans",2,NA,0,0,1,0.5,200
"mk","model6","tl1.50_gl0.50_c200","tree_length",1.5,1,10,10,1.5,0.5,200
"mk","model6","tl1.50_gl0.50_c200","gain_loss_neo",2,NA,0,0,1.5,0.5,200
"mk","model6","tl1.50_gl0.50_c200","gain_loss_trans",2,NA,0,0,1.5,0.5,200
"mk","model6","tl2.50_gl0.50_c200","tree_length",2.5,1,10,10,2.5,0.5,200
"mk","model6","tl2.50_gl0.50_c200","gain_loss_neo",2,NA,0,0,2.5,0.5,200
"mk","model6","tl2.50_gl0.50_c200","gain_loss_trans",2,NA,0,0,2.5,0.5,200
"mk","model6","tl5.00_gl0.50_c200","tree_length",5,1,10,10,5,0.5,200
"mk","model6","tl5.00_gl0.50_c200","gain_loss_neo",2,NA,0,0,5,0.5,200
"mk","model6","tl5.00_gl0.50_c200","gain_loss_trans",2,NA,0,0,5,0.5,200
"mk","model6","tl1.00_gl1.00_c200","tree_length",1,1,10,10,1,1,200
"mk","model6","tl1.00_gl1.00_c200","gain_loss_neo",1,NA,0,0,1,1,200
"mk","model6","tl1.00_gl1.00_c200","gain_loss_trans",1,NA,0,0,1,1,200
"mk","model6","tl1.50_gl1.00_c200","tree_length",1.5,1,10,10,1.5,1,200
"mk","model6","tl1.50_gl1.00_c200","gain_loss_neo",1,NA,0,0,1.5,1,200
"mk","model6","tl1.50_gl1.00_c200","gain_loss_trans",1,NA,0,0,1.5,1,200
"mk","model6","tl2.50_gl1.00_c200","tree_length",2.5,1,10,10,2.5,1,200
"mk","model6","tl2.50_gl1.00_c200","gain_loss_neo",1,NA,0,0,2.5,1,200
"mk","model6","tl2.50_gl1.00_c200","gain_loss_trans",1,NA,0,0,2.5,1,200
"mk","model6","tl5.00_gl1.00_c200","tree_length",5,1,10,10,5,1,200
"mk","model6","tl5.00_gl1.00_c200","gain_loss_neo",1,NA,0,0,5,1,200
"mk","model6","tl5.00_gl1.00_c200","gain_loss_trans",1,NA,0,0,5,1,200
"mk","model7","tl1.00_gl0.10_c25","tree_length",1,1,10,10,1,0.1,25
"mk","model7","tl1.00_gl0.10_c25","gain_loss_neo",10,0,0,10,1,0.1,25
"mk","model7","tl1.00_gl0.10_c25","gain_loss_trans",10,NA,0,0,1,0.1,25
"mk","model7","tl1.50_gl0.10_c25","tree_length",1.5,1,10,10,1.5,0.1,25
"mk","model7","tl1.50_gl0.10_c25","gain_loss_neo",10,0,0,10,1.5,0.1,25
"mk","model7","tl1.50_gl0.10_c25","gain_loss_trans",10,NA,0,0,1.5,0.1,25
"mk","model7","tl2.50_gl0.10_c25","tree_length",2.5,0.8,8,10,2.5,0.1,25
"mk","model7","tl2.50_gl0.10_c25","gain_loss_neo",10,0,0,10,2.5,0.1,25
"mk","model7","tl2.50_gl0.10_c25","gain_loss_trans",10,NA,0,0,2.5,0.1,25
"mk","model7","tl5.00_gl0.10_c25","tree_length",5,0.3,3,10,5,0.1,25
"mk","model7","tl5.00_gl0.10_c25","gain_loss_neo",10,0,0,10,5,0.1,25
"mk","model7","tl5.00_gl0.10_c25","gain_loss_trans",10,0,0,2,5,0.1,25
"mk","model7","tl1.00_gl0.25_c25","tree_length",1,1,10,10,1,0.25,25
"mk","model7","tl1.00_gl0.25_c25","gain_loss_neo",4,0.5,5,10,1,0.25,25
"mk","model7","tl1.00_gl0.25_c25","gain_loss_trans",4,NA,0,0,1,0.25,25
"mk","model7","tl1.50_gl0.25_c25","tree_length",1.5,1,10,10,1.5,0.25,25
"mk","model7","tl1.50_gl0.25_c25","gain_loss_neo",4,0.1,1,10,1.5,0.25,25
"mk","model7","tl1.50_gl0.25_c25","gain_loss_trans",4,NA,0,0,1.5,0.25,25
"mk","model7","tl2.50_gl0.25_c25","tree_length",2.5,0.8,8,10,2.5,0.25,25
"mk","model7","tl2.50_gl0.25_c25","gain_loss_neo",4,0.4,4,10,2.5,0.25,25
"mk","model7","tl2.50_gl0.25_c25","gain_loss_trans",4,NA,0,0,2.5,0.25,25
"mk","model7","tl5.00_gl0.25_c25","tree_length",5,0.3,3,10,5,0.25,25
"mk","model7","tl5.00_gl0.25_c25","gain_loss_neo",4,0,0,10,5,0.25,25
"mk","model7","tl5.00_gl0.25_c25","gain_loss_trans",4,0,0,2,5,0.25,25
"mk","model7","tl1.00_gl0.50_c25","tree_length",1,1,10,10,1,0.5,25
"mk","model7","tl1.00_gl0.50_c25","gain_loss_neo",2,1,10,10,1,0.5,25
"mk","model7","tl1.00_gl0.50_c25","gain_loss_trans",2,NA,0,0,1,0.5,25
"mk","model7","tl1.50_gl0.50_c25","tree_length",1.5,1,10,10,1.5,0.5,25
"mk","model7","tl1.50_gl0.50_c25","gain_loss_neo",2,0.6,6,10,1.5,0.5,25
"mk","model7","tl1.50_gl0.50_c25","gain_loss_trans",2,NA,0,0,1.5,0.5,25
"mk","model7","tl2.50_gl0.50_c25","tree_length",2.5,0.8,8,10,2.5,0.5,25
"mk","model7","tl2.50_gl0.50_c25","gain_loss_neo",2,1,10,10,2.5,0.5,25
"mk","model7","tl2.50_gl0.50_c25","gain_loss_trans",2,NA,0,0,2.5,0.5,25
"mk","model7","tl5.00_gl0.50_c25","tree_length",5,0.3,3,10,5,0.5,25
"mk","model7","tl5.00_gl0.50_c25","gain_loss_neo",2,0.8,8,10,5,0.5,25
"mk","model7","tl5.00_gl0.50_c25","gain_loss_trans",2,0.5,1,2,5,0.5,25
"mk","model7","tl1.00_gl1.00_c25","tree_length",1,1,10,10,1,1,25
"mk","model7","tl1.00_gl1.00_c25","gain_loss_neo",1,1,10,10,1,1,25
"mk","model7","tl1.00_gl1.00_c25","gain_loss_trans",1,NA,0,0,1,1,25
"mk","model7","tl1.50_gl1.00_c25","tree_length",1.5,1,10,10,1.5,1,25
"mk","model7","tl1.50_gl1.00_c25","gain_loss_neo",1,1,10,10,1.5,1,25
"mk","model7","tl1.50_gl1.00_c25","gain_loss_trans",1,NA,0,0,1.5,1,25
"mk","model7","tl2.50_gl1.00_c25","tree_length",2.5,0.8,8,10,2.5,1,25
"mk","model7","tl2.50_gl1.00_c25","gain_loss_neo",1,1,10,10,2.5,1,25
"mk","model7","tl2.50_gl1.00_c25","gain_loss_trans",1,NA,0,0,2.5,1,25
"mk","model7","tl5.00_gl1.00_c25","tree_length",5,0.3,3,10,5,1,25
"mk","model7","tl5.00_gl1.00_c25","gain_loss_neo",1,1,10,10,5,1,25
"mk","model7","tl5.00_gl1.00_c25","gain_loss_trans",1,1,2,2,5,1,25
"mk","model7","tl1.00_gl0.10_c50","tree_length",1,0.8,8,10,1,0.1,50
"mk","model7","tl1.00_gl0.10_c50","gain_loss_neo",10,0,0,10,1,0.1,50
"mk","model7","tl1.00_gl0.10_c50","gain_loss_trans",10,NA,0,0,1,0.1,50
"mk","model7","tl1.50_gl0.10_c50","tree_length",1.5,0.7,7,10,1.5,0.1,50
"mk","model7","tl1.50_gl0.10_c50","gain_loss_neo",10,0,0,10,1.5,0.1,50
"mk","model7","tl1.50_gl0.10_c50","gain_loss_trans",10,NA,0,0,1.5,0.1,50
"mk","model7","tl2.50_gl0.10_c50","tree_length",2.5,0.9,9,10,2.5,0.1,50
"mk","model7","tl2.50_gl0.10_c50","gain_loss_neo",10,0,0,10,2.5,0.1,50
"mk","model7","tl2.50_gl0.10_c50","gain_loss_trans",10,NA,0,0,2.5,0.1,50
"mk","model7","tl5.00_gl0.10_c50","tree_length",5,0.5,4,8,5,0.1,50
"mk","model7","tl5.00_gl0.10_c50","gain_loss_neo",10,0,0,8,5,0.1,50
"mk","model7","tl5.00_gl0.10_c50","gain_loss_trans",10,0,0,3,5,0.1,50
"mk","model7","tl1.00_gl0.25_c50","tree_length",1,0.8,8,10,1,0.25,50
"mk","model7","tl1.00_gl0.25_c50","gain_loss_neo",4,0.3,3,10,1,0.25,50
"mk","model7","tl1.00_gl0.25_c50","gain_loss_trans",4,NA,0,0,1,0.25,50
"mk","model7","tl1.50_gl0.25_c50","tree_length",1.5,0.7,7,10,1.5,0.25,50
"mk","model7","tl1.50_gl0.25_c50","gain_loss_neo",4,0.1,1,10,1.5,0.25,50
"mk","model7","tl1.50_gl0.25_c50","gain_loss_trans",4,NA,0,0,1.5,0.25,50
"mk","model7","tl2.50_gl0.25_c50","tree_length",2.5,0.9,9,10,2.5,0.25,50
"mk","model7","tl2.50_gl0.25_c50","gain_loss_neo",4,0,0,10,2.5,0.25,50
"mk","model7","tl2.50_gl0.25_c50","gain_loss_trans",4,NA,0,0,2.5,0.25,50
"mk","model7","tl5.00_gl0.25_c50","tree_length",5,0.5,4,8,5,0.25,50
"mk","model7","tl5.00_gl0.25_c50","gain_loss_neo",4,0,0,8,5,0.25,50
"mk","model7","tl5.00_gl0.25_c50","gain_loss_trans",4,0,0,3,5,0.25,50
"mk","model7","tl1.00_gl0.50_c50","tree_length",1,0.8,8,10,1,0.5,50
"mk","model7","tl1.00_gl0.50_c50","gain_loss_neo",2,0.8,8,10,1,0.5,50
"mk","model7","tl1.00_gl0.50_c50","gain_loss_trans",2,NA,0,0,1,0.5,50
"mk","model7","tl1.50_gl0.50_c50","tree_length",1.5,0.7,7,10,1.5,0.5,50
"mk","model7","tl1.50_gl0.50_c50","gain_loss_neo",2,0.7,7,10,1.5,0.5,50
"mk","model7","tl1.50_gl0.50_c50","gain_loss_trans",2,NA,0,0,1.5,0.5,50
"mk","model7","tl2.50_gl0.50_c50","tree_length",2.5,0.9,9,10,2.5,0.5,50
"mk","model7","tl2.50_gl0.50_c50","gain_loss_neo",2,0.4,4,10,2.5,0.5,50
"mk","model7","tl2.50_gl0.50_c50","gain_loss_trans",2,NA,0,0,2.5,0.5,50
"mk","model7","tl5.00_gl0.50_c50","tree_length",5,0.5,4,8,5,0.5,50
"mk","model7","tl5.00_gl0.50_c50","gain_loss_neo",2,0.125,1,8,5,0.5,50
"mk","model7","tl5.00_gl0.50_c50","gain_loss_trans",2,0,0,3,5,0.5,50
"mk","model7","tl1.00_gl1.00_c50","tree_length",1,0.8,8,10,1,1,50
"mk","model7","tl1.00_gl1.00_c50","gain_loss_neo",1,1,10,10,1,1,50
"mk","model7","tl1.00_gl1.00_c50","gain_loss_trans",1,NA,0,0,1,1,50
"mk","model7","tl1.50_gl1.00_c50","tree_length",1.5,0.7,7,10,1.5,1,50
"mk","model7","tl1.50_gl1.00_c50","gain_loss_neo",1,1,10,10,1.5,1,50
"mk","model7","tl1.50_gl1.00_c50","gain_loss_trans",1,NA,0,0,1.5,1,50
"mk","model7","tl2.50_gl1.00_c50","tree_length",2.5,0.9,9,10,2.5,1,50
"mk","model7","tl2.50_gl1.00_c50","gain_loss_neo",1,0.9,9,10,2.5,1,50
"mk","model7","tl2.50_gl1.00_c50","gain_loss_trans",1,NA,0,0,2.5,1,50
"mk","model7","tl5.00_gl1.00_c50","tree_length",5,0.5,4,8,5,1,50
"mk","model7","tl5.00_gl1.00_c50","gain_loss_neo",1,0.875,7,8,5,1,50
"mk","model7","tl5.00_gl1.00_c50","gain_loss_trans",1,1,3,3,5,1,50
"mk","model7","tl1.00_gl0.10_c100","tree_length",1,0.6,6,10,1,0.1,100
"mk","model7","tl1.00_gl0.10_c100","gain_loss_neo",10,0,0,10,1,0.1,100
"mk","model7","tl1.00_gl0.10_c100","gain_loss_trans",10,0,0,1,1,0.1,100
"mk","model7","tl1.50_gl0.10_c100","tree_length",1.5,0.7,7,10,1.5,0.1,100
"mk","model7","tl1.50_gl0.10_c100","gain_loss_neo",10,0,0,10,1.5,0.1,100
"mk","model7","tl1.50_gl0.10_c100","gain_loss_trans",10,NA,0,0,1.5,0.1,100
"mk","model7","tl2.50_gl0.10_c100","tree_length",2.5,0.625,5,8,2.5,0.1,100
"mk","model7","tl2.50_gl0.10_c100","gain_loss_neo",10,0,0,8,2.5,0.1,100
"mk","model7","tl2.50_gl0.10_c100","gain_loss_trans",10,0,0,1,2.5,0.1,100
"mk","model7","tl5.00_gl0.10_c100","tree_length",5,0.666666666666667,6,9,5,0.1,100
"mk","model7","tl5.00_gl0.10_c100","gain_loss_neo",10,0,0,9,5,0.1,100
"mk","model7","tl5.00_gl0.10_c100","gain_loss_trans",10,0,0,2,5,0.1,100
"mk","model7","tl1.00_gl0.25_c100","tree_length",1,0.6,6,10,1,0.25,100
"mk","model7","tl1.00_gl0.25_c100","gain_loss_neo",4,0,0,10,1,0.25,100
"mk","model7","tl1.00_gl0.25_c100","gain_loss_trans",4,0,0,1,1,0.25,100
"mk","model7","tl1.50_gl0.25_c100","tree_length",1.5,0.7,7,10,1.5,0.25,100
"mk","model7","tl1.50_gl0.25_c100","gain_loss_neo",4,0,0,10,1.5,0.25,100
"mk","model7","tl1.50_gl0.25_c100","gain_loss_trans",4,NA,0,0,1.5,0.25,100
"mk","model7","tl2.50_gl0.25_c100","tree_length",2.5,0.625,5,8,2.5,0.25,100
"mk","model7","tl2.50_gl0.25_c100","gain_loss_neo",4,0,0,8,2.5,0.25,100
"mk","model7","tl2.50_gl0.25_c100","gain_loss_trans",4,0,0,1,2.5,0.25,100
"mk","model7","tl5.00_gl0.25_c100","tree_length",5,0.666666666666667,6,9,5,0.25,100
"mk","model7","tl5.00_gl0.25_c100","gain_loss_neo",4,0,0,9,5,0.25,100
"mk","model7","tl5.00_gl0.25_c100","gain_loss_trans",4,0,0,2,5,0.25,100
"mk","model7","tl1.00_gl0.50_c100","tree_length",1,0.6,6,10,1,0.5,100
"mk","model7","tl1.00_gl0.50_c100","gain_loss_neo",2,0.3,3,10,1,0.5,100
"mk","model7","tl1.00_gl0.50_c100","gain_loss_trans",2,1,1,1,1,0.5,100
"mk","model7","tl1.50_gl0.50_c100","tree_length",1.5,0.7,7,10,1.5,0.5,100
"mk","model7","tl1.50_gl0.50_c100","gain_loss_neo",2,0.5,5,10,1.5,0.5,100
"mk","model7","tl1.50_gl0.50_c100","gain_loss_trans",2,NA,0,0,1.5,0.5,100
"mk","model7","tl2.50_gl0.50_c100","tree_length",2.5,0.666666666666667,6,9,2.5,0.5,100
"mk","model7","tl2.50_gl0.50_c100","gain_loss_neo",2,0.222222222222222,2,9,2.5,0.5,100
"mk","model7","tl2.50_gl0.50_c100","gain_loss_trans",2,0,0,2,2.5,0.5,100
"mk","model7","tl5.00_gl0.50_c100","tree_length",5,0.666666666666667,6,9,5,0.5,100
"mk","model7","tl5.00_gl0.50_c100","gain_loss_neo",2,0,0,9,5,0.5,100
"mk","model7","tl5.00_gl0.50_c100","gain_loss_trans",2,0,0,2,5,0.5,100
"mk","model7","tl1.00_gl1.00_c100","tree_length",1,0.6,6,10,1,1,100
"mk","model7","tl1.00_gl1.00_c100","gain_loss_neo",1,1,10,10,1,1,100
"mk","model7","tl1.00_gl1.00_c100","gain_loss_trans",1,1,1,1,1,1,100
"mk","model7","tl1.50_gl1.00_c100","tree_length",1.5,0.7,7,10,1.5,1,100
"mk","model7","tl1.50_gl1.00_c100","gain_loss_neo",1,1,10,10,1.5,1,100
"mk","model7","tl1.50_gl1.00_c100","gain_loss_trans",1,NA,0,0,1.5,1,100
"mk","model7","tl2.50_gl1.00_c100","tree_length",2.5,0.666666666666667,6,9,2.5,1,100
"mk","model7","tl2.50_gl1.00_c100","gain_loss_neo",1,1,9,9,2.5,1,100
"mk","model7","tl2.50_gl1.00_c100","gain_loss_trans",1,1,2,2,2.5,1,100
"mk","model7","tl5.00_gl1.00_c100","tree_length",5,0.666666666666667,6,9,5,1,100
"mk","model7","tl5.00_gl1.00_c100","gain_loss_neo",1,0.777777777777778,7,9,5,1,100
"mk","model7","tl5.00_gl1.00_c100","gain_loss_trans",1,0.5,1,2,5,1,100
"mk","model7","tl1.00_gl0.10_c200","tree_length",1,0.888888888888889,8,9,1,0.1,200
"mk","model7","tl1.00_gl0.10_c200","gain_loss_neo",10,0,0,9,1,0.1,200
"mk","model7","tl1.00_gl0.10_c200","gain_loss_trans",10,0,0,1,1,0.1,200
"mk","model7","tl1.50_gl0.10_c200","tree_length",1.5,0.888888888888889,8,9,1.5,0.1,200
"mk","model7","tl1.50_gl0.10_c200","gain_loss_neo",10,0,0,9,1.5,0.1,200
"mk","model7","tl1.50_gl0.10_c200","gain_loss_trans",10,0,0,3,1.5,0.1,200
"mk","model7","tl2.50_gl0.10_c200","tree_length",2.5,0.857142857142857,6,7,2.5,0.1,200
"mk","model7","tl2.50_gl0.10_c200","gain_loss_neo",10,0,0,7,2.5,0.1,200
"mk","model7","tl2.50_gl0.10_c200","gain_loss_trans",10,0,0,1,2.5,0.1,200
"mk","model7","tl5.00_gl0.10_c200","tree_length",5,1,10,10,5,0.1,200
"mk","model7","tl5.00_gl0.10_c200","gain_loss_neo",10,0,0,10,5,0.1,200
"mk","model7","tl5.00_gl0.10_c200","gain_loss_trans",10,NA,0,0,5,0.1,200
"mk","model7","tl1.00_gl0.25_c200","tree_length",1,0.888888888888889,8,9,1,0.25,200
"mk","model7","tl1.00_gl0.25_c200","gain_loss_neo",4,0,0,9,1,0.25,200
"mk","model7","tl1.00_gl0.25_c200","gain_loss_trans",4,0,0,1,1,0.25,200
"mk","model7","tl1.50_gl0.25_c200","tree_length",1.5,0.888888888888889,8,9,1.5,0.25,200
"mk","model7","tl1.50_gl0.25_c200","gain_loss_neo",4,0,0,9,1.5,0.25,200
"mk","model7","tl1.50_gl0.25_c200","gain_loss_trans",4,0,0,3,1.5,0.25,200
"mk","model7","tl2.50_gl0.25_c200","tree_length",2.5,0.857142857142857,6,7,2.5,0.25,200
"mk","model7","tl2.50_gl0.25_c200","gain_loss_neo",4,0,0,7,2.5,0.25,200
"mk","model7","tl2.50_gl0.25_c200","gain_loss_trans",4,0,0,1,2.5,0.25,200
"mk","model7","tl5.00_gl0.25_c200","tree_length",5,1,10,10,5,0.25,200
"mk","model7","tl5.00_gl0.25_c200","gain_loss_neo",4,0,0,10,5,0.25,200
"mk","model7","tl5.00_gl0.25_c200","gain_loss_trans",4,NA,0,0,5,0.25,200
"mk","model7","tl1.00_gl0.50_c200","tree_length",1,0.888888888888889,8,9,1,0.5,200
"mk","model7","tl1.00_gl0.50_c200","gain_loss_neo",2,0.111111111111111,1,9,1,0.5,200
"mk","model7","tl1.00_gl0.50_c200","gain_loss_trans",2,0,0,1,1,0.5,200
"mk","model7","tl1.50_gl0.50_c200","tree_length",1.5,0.888888888888889,8,9,1.5,0.5,200
"mk","model7","tl1.50_gl0.50_c200","gain_loss_neo",2,0,0,9,1.5,0.5,200
"mk","model7","tl1.50_gl0.50_c200","gain_loss_trans",2,0,0,3,1.5,0.5,200
"mk","model7","tl2.50_gl0.50_c200","tree_length",2.5,0.857142857142857,6,7,2.5,0.5,200
"mk","model7","tl2.50_gl0.50_c200","gain_loss_neo",2,0,0,7,2.5,0.5,200
"mk","model7","tl2.50_gl0.50_c200","gain_loss_trans",2,0,0,1,2.5,0.5,200
"mk","model7","tl5.00_gl0.50_c200","tree_length",5,1,10,10,5,0.5,200
"mk","model7","tl5.00_gl0.50_c200","gain_loss_neo",2,0,0,10,5,0.5,200
"mk","model7","tl5.00_gl0.50_c200","gain_loss_trans",2,NA,0,0,5,0.5,200
"mk","model7","tl1.00_gl1.00_c200","tree_length",1,0.888888888888889,8,9,1,1,200
"mk","model7","tl1.00_gl1.00_c200","gain_loss_neo",1,1,9,9,1,1,200
"mk","model7","tl1.00_gl1.00_c200","gain_loss_trans",1,1,1,1,1,1,200
"mk","model7","tl1.50_gl1.00_c200","tree_length",1.5,0.888888888888889,8,9,1.5,1,200
"mk","model7","tl1.50_gl1.00_c200","gain_loss_neo",1,1,9,9,1.5,1,200
"mk","model7","tl1.50_gl1.00_c200","gain_loss_trans",1,1,3,3,1.5,1,200
"mk","model7","tl2.50_gl1.00_c200","tree_length",2.5,0.875,7,8,2.5,1,200
"mk","model7","tl2.50_gl1.00_c200","gain_loss_neo",1,0.875,7,8,2.5,1,200
"mk","model7","tl2.50_gl1.00_c200","gain_loss_trans",1,1,2,2,2.5,1,200
"mk","model7","tl5.00_gl1.00_c200","tree_length",5,1,10,10,5,1,200
"mk","model7","tl5.00_gl1.00_c200","gain_loss_neo",1,1,10,10,5,1,200
"mk","model7","tl5.00_gl1.00_c200","gain_loss_trans",1,NA,0,0,5,1,200
"mk","model8","tl1.00_gl0.10_c25","tree_length",1,1,10,10,1,0.1,25
"mk","model8","tl1.00_gl0.10_c25","gain_loss_neo",10,0,0,10,1,0.1,25
"mk","model8","tl1.00_gl0.10_c25","gain_loss_trans",10,NA,0,0,1,0.1,25
"mk","model8","tl1.50_gl0.10_c25","tree_length",1.5,1,10,10,1.5,0.1,25
"mk","model8","tl1.50_gl0.10_c25","gain_loss_neo",10,0,0,10,1.5,0.1,25
"mk","model8","tl1.50_gl0.10_c25","gain_loss_trans",10,NA,0,0,1.5,0.1,25
"mk","model8","tl2.50_gl0.10_c25","tree_length",2.5,0.9,9,10,2.5,0.1,25
"mk","model8","tl2.50_gl0.10_c25","gain_loss_neo",10,0,0,10,2.5,0.1,25
"mk","model8","tl2.50_gl0.10_c25","gain_loss_trans",10,NA,0,0,2.5,0.1,25
"mk","model8","tl5.00_gl0.10_c25","tree_length",5,0.5,5,10,5,0.1,25
"mk","model8","tl5.00_gl0.10_c25","gain_loss_neo",10,0,0,10,5,0.1,25
"mk","model8","tl5.00_gl0.10_c25","gain_loss_trans",10,NA,0,0,5,0.1,25
"mk","model8","tl1.00_gl0.25_c25","tree_length",1,1,10,10,1,0.25,25
"mk","model8","tl1.00_gl0.25_c25","gain_loss_neo",4,0.5,5,10,1,0.25,25
"mk","model8","tl1.00_gl0.25_c25","gain_loss_trans",4,NA,0,0,1,0.25,25
"mk","model8","tl1.50_gl0.25_c25","tree_length",1.5,1,10,10,1.5,0.25,25
"mk","model8","tl1.50_gl0.25_c25","gain_loss_neo",4,0.1,1,10,1.5,0.25,25
"mk","model8","tl1.50_gl0.25_c25","gain_loss_trans",4,NA,0,0,1.5,0.25,25
"mk","model8","tl2.50_gl0.25_c25","tree_length",2.5,0.9,9,10,2.5,0.25,25
"mk","model8","tl2.50_gl0.25_c25","gain_loss_neo",4,0.2,2,10,2.5,0.25,25
"mk","model8","tl2.50_gl0.25_c25","gain_loss_trans",4,NA,0,0,2.5,0.25,25
"mk","model8","tl5.00_gl0.25_c25","tree_length",5,0.5,5,10,5,0.25,25
"mk","model8","tl5.00_gl0.25_c25","gain_loss_neo",4,0,0,10,5,0.25,25
"mk","model8","tl5.00_gl0.25_c25","gain_loss_trans",4,NA,0,0,5,0.25,25
"mk","model8","tl1.00_gl0.50_c25","tree_length",1,1,10,10,1,0.5,25
"mk","model8","tl1.00_gl0.50_c25","gain_loss_neo",2,1,10,10,1,0.5,25
"mk","model8","tl1.00_gl0.50_c25","gain_loss_trans",2,NA,0,0,1,0.5,25
"mk","model8","tl1.50_gl0.50_c25","tree_length",1.5,1,10,10,1.5,0.5,25
"mk","model8","tl1.50_gl0.50_c25","gain_loss_neo",2,0.6,6,10,1.5,0.5,25
"mk","model8","tl1.50_gl0.50_c25","gain_loss_trans",2,NA,0,0,1.5,0.5,25
"mk","model8","tl2.50_gl0.50_c25","tree_length",2.5,0.9,9,10,2.5,0.5,25
"mk","model8","tl2.50_gl0.50_c25","gain_loss_neo",2,1,10,10,2.5,0.5,25
"mk","model8","tl2.50_gl0.50_c25","gain_loss_trans",2,NA,0,0,2.5,0.5,25
"mk","model8","tl5.00_gl0.50_c25","tree_length",5,0.5,5,10,5,0.5,25
"mk","model8","tl5.00_gl0.50_c25","gain_loss_neo",2,0.8,8,10,5,0.5,25
"mk","model8","tl5.00_gl0.50_c25","gain_loss_trans",2,NA,0,0,5,0.5,25
"mk","model8","tl1.00_gl1.00_c25","tree_length",1,1,10,10,1,1,25
"mk","model8","tl1.00_gl1.00_c25","gain_loss_neo",1,1,10,10,1,1,25
"mk","model8","tl1.00_gl1.00_c25","gain_loss_trans",1,NA,0,0,1,1,25
"mk","model8","tl1.50_gl1.00_c25","tree_length",1.5,1,10,10,1.5,1,25
"mk","model8","tl1.50_gl1.00_c25","gain_loss_neo",1,1,10,10,1.5,1,25
"mk","model8","tl1.50_gl1.00_c25","gain_loss_trans",1,NA,0,0,1.5,1,25
"mk","model8","tl2.50_gl1.00_c25","tree_length",2.5,0.9,9,10,2.5,1,25
"mk","model8","tl2.50_gl1.00_c25","gain_loss_neo",1,1,10,10,2.5,1,25
"mk","model8","tl2.50_gl1.00_c25","gain_loss_trans",1,NA,0,0,2.5,1,25
"mk","model8","tl5.00_gl1.00_c25","tree_length",5,0.5,5,10,5,1,25
"mk","model8","tl5.00_gl1.00_c25","gain_loss_neo",1,1,10,10,5,1,25
"mk","model8","tl5.00_gl1.00_c25","gain_loss_trans",1,NA,0,0,5,1,25
"mk","model8","tl1.00_gl0.10_c50","tree_length",1,1,10,10,1,0.1,50
"mk","model8","tl1.00_gl0.10_c50","gain_loss_neo",10,0,0,10,1,0.1,50
"mk","model8","tl1.00_gl0.10_c50","gain_loss_trans",10,NA,0,0,1,0.1,50
"mk","model8","tl1.50_gl0.10_c50","tree_length",1.5,1,10,10,1.5,0.1,50
"mk","model8","tl1.50_gl0.10_c50","gain_loss_neo",10,0,0,10,1.5,0.1,50
"mk","model8","tl1.50_gl0.10_c50","gain_loss_trans",10,NA,0,0,1.5,0.1,50
"mk","model8","tl2.50_gl0.10_c50","tree_length",2.5,1,10,10,2.5,0.1,50
"mk","model8","tl2.50_gl0.10_c50","gain_loss_neo",10,0,0,10,2.5,0.1,50
"mk","model8","tl2.50_gl0.10_c50","gain_loss_trans",10,NA,0,0,2.5,0.1,50
"mk","model8","tl5.00_gl0.10_c50","tree_length",5,0.9,9,10,5,0.1,50
"mk","model8","tl5.00_gl0.10_c50","gain_loss_neo",10,0,0,10,5,0.1,50
"mk","model8","tl5.00_gl0.10_c50","gain_loss_trans",10,NA,0,0,5,0.1,50
"mk","model8","tl1.00_gl0.25_c50","tree_length",1,1,10,10,1,0.25,50
"mk","model8","tl1.00_gl0.25_c50","gain_loss_neo",4,0.3,3,10,1,0.25,50
"mk","model8","tl1.00_gl0.25_c50","gain_loss_trans",4,NA,0,0,1,0.25,50
"mk","model8","tl1.50_gl0.25_c50","tree_length",1.5,1,10,10,1.5,0.25,50
"mk","model8","tl1.50_gl0.25_c50","gain_loss_neo",4,0.1,1,10,1.5,0.25,50
"mk","model8","tl1.50_gl0.25_c50","gain_loss_trans",4,NA,0,0,1.5,0.25,50
"mk","model8","tl2.50_gl0.25_c50","tree_length",2.5,1,10,10,2.5,0.25,50
"mk","model8","tl2.50_gl0.25_c50","gain_loss_neo",4,0,0,10,2.5,0.25,50
"mk","model8","tl2.50_gl0.25_c50","gain_loss_trans",4,NA,0,0,2.5,0.25,50
"mk","model8","tl5.00_gl0.25_c50","tree_length",5,0.9,9,10,5,0.25,50
"mk","model8","tl5.00_gl0.25_c50","gain_loss_neo",4,0,0,10,5,0.25,50
"mk","model8","tl5.00_gl0.25_c50","gain_loss_trans",4,NA,0,0,5,0.25,50
"mk","model8","tl1.00_gl0.50_c50","tree_length",1,1,10,10,1,0.5,50
"mk","model8","tl1.00_gl0.50_c50","gain_loss_neo",2,0.8,8,10,1,0.5,50
"mk","model8","tl1.00_gl0.50_c50","gain_loss_trans",2,NA,0,0,1,0.5,50
"mk","model8","tl1.50_gl0.50_c50","tree_length",1.5,1,10,10,1.5,0.5,50
"mk","model8","tl1.50_gl0.50_c50","gain_loss_neo",2,0.7,7,10,1.5,0.5,50
"mk","model8","tl1.50_gl0.50_c50","gain_loss_trans",2,NA,0,0,1.5,0.5,50
"mk","model8","tl2.50_gl0.50_c50","tree_length",2.5,1,10,10,2.5,0.5,50
"mk","model8","tl2.50_gl0.50_c50","gain_loss_neo",2,0.4,4,10,2.5,0.5,50
"mk","model8","tl2.50_gl0.50_c50","gain_loss_trans",2,NA,0,0,2.5,0.5,50
"mk","model8","tl5.00_gl0.50_c50","tree_length",5,0.9,9,10,5,0.5,50
"mk","model8","tl5.00_gl0.50_c50","gain_loss_neo",2,0.1,1,10,5,0.5,50
"mk","model8","tl5.00_gl0.50_c50","gain_loss_trans",2,NA,0,0,5,0.5,50
"mk","model8","tl1.00_gl1.00_c50","tree_length",1,1,10,10,1,1,50
"mk","model8","tl1.00_gl1.00_c50","gain_loss_neo",1,1,10,10,1,1,50
"mk","model8","tl1.00_gl1.00_c50","gain_loss_trans",1,NA,0,0,1,1,50
"mk","model8","tl1.50_gl1.00_c50","tree_length",1.5,1,10,10,1.5,1,50
"mk","model8","tl1.50_gl1.00_c50","gain_loss_neo",1,1,10,10,1.5,1,50
"mk","model8","tl1.50_gl1.00_c50","gain_loss_trans",1,NA,0,0,1.5,1,50
"mk","model8","tl2.50_gl1.00_c50","tree_length",2.5,1,10,10,2.5,1,50
"mk","model8","tl2.50_gl1.00_c50","gain_loss_neo",1,0.9,9,10,2.5,1,50
"mk","model8","tl2.50_gl1.00_c50","gain_loss_trans",1,NA,0,0,2.5,1,50
"mk","model8","tl5.00_gl1.00_c50","tree_length",5,0.9,9,10,5,1,50
"mk","model8","tl5.00_gl1.00_c50","gain_loss_neo",1,0.9,9,10,5,1,50
"mk","model8","tl5.00_gl1.00_c50","gain_loss_trans",1,NA,0,0,5,1,50
"mk","model8","tl1.00_gl0.10_c100","tree_length",1,1,10,10,1,0.1,100
"mk","model8","tl1.00_gl0.10_c100","gain_loss_neo",10,0,0,10,1,0.1,100
"mk","model8","tl1.00_gl0.10_c100","gain_loss_trans",10,NA,0,0,1,0.1,100
"mk","model8","tl1.50_gl0.10_c100","tree_length",1.5,1,10,10,1.5,0.1,100
"mk","model8","tl1.50_gl0.10_c100","gain_loss_neo",10,0,0,10,1.5,0.1,100
"mk","model8","tl1.50_gl0.10_c100","gain_loss_trans",10,NA,0,0,1.5,0.1,100
"mk","model8","tl2.50_gl0.10_c100","tree_length",2.5,0.8,8,10,2.5,0.1,100
"mk","model8","tl2.50_gl0.10_c100","gain_loss_neo",10,0,0,10,2.5,0.1,100
"mk","model8","tl2.50_gl0.10_c100","gain_loss_trans",10,NA,0,0,2.5,0.1,100
"mk","model8","tl5.00_gl0.10_c100","tree_length",5,1,10,10,5,0.1,100
"mk","model8","tl5.00_gl0.10_c100","gain_loss_neo",10,0,0,10,5,0.1,100
"mk","model8","tl5.00_gl0.10_c100","gain_loss_trans",10,NA,0,0,5,0.1,100
"mk","model8","tl1.00_gl0.25_c100","tree_length",1,1,10,10,1,0.25,100
"mk","model8","tl1.00_gl0.25_c100","gain_loss_neo",4,0.1,1,10,1,0.25,100
"mk","model8","tl1.00_gl0.25_c100","gain_loss_trans",4,NA,0,0,1,0.25,100
"mk","model8","tl1.50_gl0.25_c100","tree_length",1.5,1,10,10,1.5,0.25,100
"mk","model8","tl1.50_gl0.25_c100","gain_loss_neo",4,0,0,10,1.5,0.25,100
"mk","model8","tl1.50_gl0.25_c100","gain_loss_trans",4,NA,0,0,1.5,0.25,100
"mk","model8","tl2.50_gl0.25_c100","tree_length",2.5,0.8,8,10,2.5,0.25,100
"mk","model8","tl2.50_gl0.25_c100","gain_loss_neo",4,0,0,10,2.5,0.25,100
"mk","model8","tl2.50_gl0.25_c100","gain_loss_trans",4,NA,0,0,2.5,0.25,100
"mk","model8","tl5.00_gl0.25_c100","tree_length",5,1,10,10,5,0.25,100
"mk","model8","tl5.00_gl0.25_c100","gain_loss_neo",4,0,0,10,5,0.25,100
"mk","model8","tl5.00_gl0.25_c100","gain_loss_trans",4,NA,0,0,5,0.25,100
"mk","model8","tl1.00_gl0.50_c100","tree_length",1,1,10,10,1,0.5,100
"mk","model8","tl1.00_gl0.50_c100","gain_loss_neo",2,0.3,3,10,1,0.5,100
"mk","model8","tl1.00_gl0.50_c100","gain_loss_trans",2,NA,0,0,1,0.5,100
"mk","model8","tl1.50_gl0.50_c100","tree_length",1.5,1,10,10,1.5,0.5,100
"mk","model8","tl1.50_gl0.50_c100","gain_loss_neo",2,0.5,5,10,1.5,0.5,100
"mk","model8","tl1.50_gl0.50_c100","gain_loss_trans",2,NA,0,0,1.5,0.5,100
"mk","model8","tl2.50_gl0.50_c100","tree_length",2.5,0.8,8,10,2.5,0.5,100
"mk","model8","tl2.50_gl0.50_c100","gain_loss_neo",2,0.2,2,10,2.5,0.5,100
"mk","model8","tl2.50_gl0.50_c100","gain_loss_trans",2,NA,0,0,2.5,0.5,100
"mk","model8","tl5.00_gl0.50_c100","tree_length",5,1,10,10,5,0.5,100
"mk","model8","tl5.00_gl0.50_c100","gain_loss_neo",2,0,0,10,5,0.5,100
"mk","model8","tl5.00_gl0.50_c100","gain_loss_trans",2,NA,0,0,5,0.5,100
"mk","model8","tl1.00_gl1.00_c100","tree_length",1,1,10,10,1,1,100
"mk","model8","tl1.00_gl1.00_c100","gain_loss_neo",1,1,10,10,1,1,100
"mk","model8","tl1.00_gl1.00_c100","gain_loss_trans",1,NA,0,0,1,1,100
"mk","model8","tl1.50_gl1.00_c100","tree_length",1.5,1,10,10,1.5,1,100
"mk","model8","tl1.50_gl1.00_c100","gain_loss_neo",1,1,10,10,1.5,1,100
"mk","model8","tl1.50_gl1.00_c100","gain_loss_trans",1,NA,0,0,1.5,1,100
"mk","model8","tl2.50_gl1.00_c100","tree_length",2.5,0.8,8,10,2.5,1,100
"mk","model8","tl2.50_gl1.00_c100","gain_loss_neo",1,1,10,10,2.5,1,100
"mk","model8","tl2.50_gl1.00_c100","gain_loss_trans",1,NA,0,0,2.5,1,100
"mk","model8","tl5.00_gl1.00_c100","tree_length",5,1,10,10,5,1,100
"mk","model8","tl5.00_gl1.00_c100","gain_loss_neo",1,0.8,8,10,5,1,100
"mk","model8","tl5.00_gl1.00_c100","gain_loss_trans",1,NA,0,0,5,1,100
"mk","model8","tl1.00_gl0.10_c200","tree_length",1,1,10,10,1,0.1,200
"mk","model8","tl1.00_gl0.10_c200","gain_loss_neo",10,0,0,10,1,0.1,200
"mk","model8","tl1.00_gl0.10_c200","gain_loss_trans",10,NA,0,0,1,0.1,200
"mk","model8","tl1.50_gl0.10_c200","tree_length",1.5,1,10,10,1.5,0.1,200
"mk","model8","tl1.50_gl0.10_c200","gain_loss_neo",10,0,0,10,1.5,0.1,200
"mk","model8","tl1.50_gl0.10_c200","gain_loss_trans",10,NA,0,0,1.5,0.1,200
"mk","model8","tl2.50_gl0.10_c200","tree_length",2.5,1,10,10,2.5,0.1,200
"mk","model8","tl2.50_gl0.10_c200","gain_loss_neo",10,0,0,10,2.5,0.1,200
"mk","model8","tl2.50_gl0.10_c200","gain_loss_trans",10,NA,0,0,2.5,0.1,200
"mk","model8","tl5.00_gl0.10_c200","tree_length",5,1,10,10,5,0.1,200
"mk","model8","tl5.00_gl0.10_c200","gain_loss_neo",10,0,0,10,5,0.1,200
"mk","model8","tl5.00_gl0.10_c200","gain_loss_trans",10,NA,0,0,5,0.1,200
"mk","model8","tl1.00_gl0.25_c200","tree_length",1,1,10,10,1,0.25,200
"mk","model8","tl1.00_gl0.25_c200","gain_loss_neo",4,0,0,10,1,0.25,200
"mk","model8","tl1.00_gl0.25_c200","gain_loss_trans",4,NA,0,0,1,0.25,200
"mk","model8","tl1.50_gl0.25_c200","tree_length",1.5,1,10,10,1.5,0.25,200
"mk","model8","tl1.50_gl0.25_c200","gain_loss_neo",4,0,0,10,1.5,0.25,200
"mk","model8","tl1.50_gl0.25_c200","gain_loss_trans",4,NA,0,0,1.5,0.25,200
"mk","model8","tl2.50_gl0.25_c200","tree_length",2.5,1,10,10,2.5,0.25,200
"mk","model8","tl2.50_gl0.25_c200","gain_loss_neo",4,0,0,10,2.5,0.25,200
"mk","model8","tl2.50_gl0.25_c200","gain_loss_trans",4,NA,0,0,2.5,0.25,200
"mk","model8","tl5.00_gl0.25_c200","tree_length",5,1,10,10,5,0.25,200
"mk","model8","tl5.00_gl0.25_c200","gain_loss_neo",4,0,0,10,5,0.25,200
"mk","model8","tl5.00_gl0.25_c200","gain_loss_trans",4,NA,0,0,5,0.25,200
"mk","model8","tl1.00_gl0.50_c200","tree_length",1,1,10,10,1,0.5,200
"mk","model8","tl1.00_gl0.50_c200","gain_loss_neo",2,0.1,1,10,1,0.5,200
"mk","model8","tl1.00_gl0.50_c200","gain_loss_trans",2,NA,0,0,1,0.5,200
"mk","model8","tl1.50_gl0.50_c200","tree_length",1.5,1,10,10,1.5,0.5,200
"mk","model8","tl1.50_gl0.50_c200","gain_loss_neo",2,0,0,10,1.5,0.5,200
"mk","model8","tl1.50_gl0.50_c200","gain_loss_trans",2,NA,0,0,1.5,0.5,200
"mk","model8","tl2.50_gl0.50_c200","tree_length",2.5,1,10,10,2.5,0.5,200
"mk","model8","tl2.50_gl0.50_c200","gain_loss_neo",2,0,0,10,2.5,0.5,200
"mk","model8","tl2.50_gl0.50_c200","gain_loss_trans",2,NA,0,0,2.5,0.5,200
"mk","model8","tl5.00_gl0.50_c200","tree_length",5,1,10,10,5,0.5,200
"mk","model8","tl5.00_gl0.50_c200","gain_loss_neo",2,0,0,10,5,0.5,200
"mk","model8","tl5.00_gl0.50_c200","gain_loss_trans",2,NA,0,0,5,0.5,200
"mk","model8","tl1.00_gl1.00_c200","tree_length",1,1,10,10,1,1,200
"mk","model8","tl1.00_gl1.00_c200","gain_loss_neo",1,1,10,10,1,1,200
"mk","model8","tl1.00_gl1.00_c200","gain_loss_trans",1,NA,0,0,1,1,200
"mk","model8","tl1.50_gl1.00_c200","tree_length",1.5,1,10,10,1.5,1,200
"mk","model8","tl1.50_gl1.00_c200","gain_loss_neo",1,1,10,10,1.5,1,200
"mk","model8","tl1.50_gl1.00_c200","gain_loss_trans",1,NA,0,0,1.5,1,200
"mk","model8","tl2.50_gl1.00_c200","tree_length",2.5,1,10,10,2.5,1,200
"mk","model8","tl2.50_gl1.00_c200","gain_loss_neo",1,0.9,9,10,2.5,1,200
"mk","model8","tl2.50_gl1.00_c200","gain_loss_trans",1,NA,0,0,2.5,1,200
"mk","model8","tl5.00_gl1.00_c200","tree_length",5,1,10,10,5,1,200
"mk","model8","tl5.00_gl1.00_c200","gain_loss_neo",1,1,10,10,5,1,200
"mk","model8","tl5.00_gl1.00_c200","gain_loss_trans",1,NA,0,0,5,1,200
"mk","model9","tl1.00_gl0.10_c25","tree_length",1,1,10,10,1,0.1,25
"mk","model9","tl1.00_gl0.10_c25","gain_loss_neo",10,0,0,10,1,0.1,25
"mk","model9","tl1.00_gl0.10_c25","gain_loss_trans",10,NA,0,0,1,0.1,25
"mk","model9","tl1.50_gl0.10_c25","tree_length",1.5,1,10,10,1.5,0.1,25
"mk","model9","tl1.50_gl0.10_c25","gain_loss_neo",10,0,0,10,1.5,0.1,25
"mk","model9","tl1.50_gl0.10_c25","gain_loss_trans",10,NA,0,0,1.5,0.1,25
"mk","model9","tl2.50_gl0.10_c25","tree_length",2.5,0.8,8,10,2.5,0.1,25
"mk","model9","tl2.50_gl0.10_c25","gain_loss_neo",10,0,0,10,2.5,0.1,25
"mk","model9","tl2.50_gl0.10_c25","gain_loss_trans",10,NA,0,0,2.5,0.1,25
"mk","model9","tl5.00_gl0.10_c25","tree_length",5,0.3,3,10,5,0.1,25
"mk","model9","tl5.00_gl0.10_c25","gain_loss_neo",10,0,0,10,5,0.1,25
"mk","model9","tl5.00_gl0.10_c25","gain_loss_trans",10,NA,0,0,5,0.1,25
"mk","model9","tl1.00_gl0.25_c25","tree_length",1,1,10,10,1,0.25,25
"mk","model9","tl1.00_gl0.25_c25","gain_loss_neo",4,0.4,4,10,1,0.25,25
"mk","model9","tl1.00_gl0.25_c25","gain_loss_trans",4,NA,0,0,1,0.25,25
"mk","model9","tl1.50_gl0.25_c25","tree_length",1.5,1,10,10,1.5,0.25,25
"mk","model9","tl1.50_gl0.25_c25","gain_loss_neo",4,0.1,1,10,1.5,0.25,25
"mk","model9","tl1.50_gl0.25_c25","gain_loss_trans",4,NA,0,0,1.5,0.25,25
"mk","model9","tl2.50_gl0.25_c25","tree_length",2.5,0.8,8,10,2.5,0.25,25
"mk","model9","tl2.50_gl0.25_c25","gain_loss_neo",4,0.3,3,10,2.5,0.25,25
"mk","model9","tl2.50_gl0.25_c25","gain_loss_trans",4,NA,0,0,2.5,0.25,25
"mk","model9","tl5.00_gl0.25_c25","tree_length",5,0.3,3,10,5,0.25,25
"mk","model9","tl5.00_gl0.25_c25","gain_loss_neo",4,0,0,10,5,0.25,25
"mk","model9","tl5.00_gl0.25_c25","gain_loss_trans",4,NA,0,0,5,0.25,25
"mk","model9","tl1.00_gl0.50_c25","tree_length",1,1,10,10,1,0.5,25
"mk","model9","tl1.00_gl0.50_c25","gain_loss_neo",2,1,10,10,1,0.5,25
"mk","model9","tl1.00_gl0.50_c25","gain_loss_trans",2,NA,0,0,1,0.5,25
"mk","model9","tl1.50_gl0.50_c25","tree_length",1.5,1,10,10,1.5,0.5,25
"mk","model9","tl1.50_gl0.50_c25","gain_loss_neo",2,0.6,6,10,1.5,0.5,25
"mk","model9","tl1.50_gl0.50_c25","gain_loss_trans",2,NA,0,0,1.5,0.5,25
"mk","model9","tl2.50_gl0.50_c25","tree_length",2.5,0.8,8,10,2.5,0.5,25
"mk","model9","tl2.50_gl0.50_c25","gain_loss_neo",2,0.9,9,10,2.5,0.5,25
"mk","model9","tl2.50_gl0.50_c25","gain_loss_trans",2,NA,0,0,2.5,0.5,25
"mk","model9","tl5.00_gl0.50_c25","tree_length",5,0.3,3,10,5,0.5,25
"mk","model9","tl5.00_gl0.50_c25","gain_loss_neo",2,0.7,7,10,5,0.5,25
"mk","model9","tl5.00_gl0.50_c25","gain_loss_trans",2,NA,0,0,5,0.5,25
"mk","model9","tl1.00_gl1.00_c25","tree_length",1,1,10,10,1,1,25
"mk","model9","tl1.00_gl1.00_c25","gain_loss_neo",1,1,10,10,1,1,25
"mk","model9","tl1.00_gl1.00_c25","gain_loss_trans",1,NA,0,0,1,1,25
"mk","model9","tl1.50_gl1.00_c25","tree_length",1.5,1,10,10,1.5,1,25
"mk","model9","tl1.50_gl1.00_c25","gain_loss_neo",1,1,10,10,1.5,1,25
"mk","model9","tl1.50_gl1.00_c25","gain_loss_trans",1,NA,0,0,1.5,1,25
"mk","model9","tl2.50_gl1.00_c25","tree_length",2.5,0.8,8,10,2.5,1,25
"mk","model9","tl2.50_gl1.00_c25","gain_loss_neo",1,1,10,10,2.5,1,25
"mk","model9","tl2.50_gl1.00_c25","gain_loss_trans",1,NA,0,0,2.5,1,25
"mk","model9","tl5.00_gl1.00_c25","tree_length",5,0.3,3,10,5,1,25
"mk","model9","tl5.00_gl1.00_c25","gain_loss_neo",1,1,10,10,5,1,25
"mk","model9","tl5.00_gl1.00_c25","gain_loss_trans",1,NA,0,0,5,1,25
"mk","model9","tl1.00_gl0.10_c50","tree_length",1,0.8,8,10,1,0.1,50
"mk","model9","tl1.00_gl0.10_c50","gain_loss_neo",10,0,0,10,1,0.1,50
"mk","model9","tl1.00_gl0.10_c50","gain_loss_trans",10,NA,0,0,1,0.1,50
"mk","model9","tl1.50_gl0.10_c50","tree_length",1.5,0.8,8,10,1.5,0.1,50
"mk","model9","tl1.50_gl0.10_c50","gain_loss_neo",10,0,0,10,1.5,0.1,50
"mk","model9","tl1.50_gl0.10_c50","gain_loss_trans",10,NA,0,0,1.5,0.1,50
"mk","model9","tl2.50_gl0.10_c50","tree_length",2.5,1,10,10,2.5,0.1,50
"mk","model9","tl2.50_gl0.10_c50","gain_loss_neo",10,0,0,10,2.5,0.1,50
"mk","model9","tl2.50_gl0.10_c50","gain_loss_trans",10,NA,0,0,2.5,0.1,50
"mk","model9","tl5.00_gl0.10_c50","tree_length",5,0.5,5,10,5,0.1,50
"mk","model9","tl5.00_gl0.10_c50","gain_loss_neo",10,0,0,10,5,0.1,50
"mk","model9","tl5.00_gl0.10_c50","gain_loss_trans",10,NA,0,0,5,0.1,50
"mk","model9","tl1.00_gl0.25_c50","tree_length",1,0.8,8,10,1,0.25,50
"mk","model9","tl1.00_gl0.25_c50","gain_loss_neo",4,0.3,3,10,1,0.25,50
"mk","model9","tl1.00_gl0.25_c50","gain_loss_trans",4,NA,0,0,1,0.25,50
"mk","model9","tl1.50_gl0.25_c50","tree_length",1.5,0.8,8,10,1.5,0.25,50
"mk","model9","tl1.50_gl0.25_c50","gain_loss_neo",4,0.1,1,10,1.5,0.25,50
"mk","model9","tl1.50_gl0.25_c50","gain_loss_trans",4,NA,0,0,1.5,0.25,50
"mk","model9","tl2.50_gl0.25_c50","tree_length",2.5,1,10,10,2.5,0.25,50
"mk","model9","tl2.50_gl0.25_c50","gain_loss_neo",4,0,0,10,2.5,0.25,50
"mk","model9","tl2.50_gl0.25_c50","gain_loss_trans",4,NA,0,0,2.5,0.25,50
"mk","model9","tl5.00_gl0.25_c50","tree_length",5,0.5,5,10,5,0.25,50
"mk","model9","tl5.00_gl0.25_c50","gain_loss_neo",4,0,0,10,5,0.25,50
"mk","model9","tl5.00_gl0.25_c50","gain_loss_trans",4,NA,0,0,5,0.25,50
"mk","model9","tl1.00_gl0.50_c50","tree_length",1,0.8,8,10,1,0.5,50
"mk","model9","tl1.00_gl0.50_c50","gain_loss_neo",2,0.8,8,10,1,0.5,50
"mk","model9","tl1.00_gl0.50_c50","gain_loss_trans",2,NA,0,0,1,0.5,50
"mk","model9","tl1.50_gl0.50_c50","tree_length",1.5,0.8,8,10,1.5,0.5,50
"mk","model9","tl1.50_gl0.50_c50","gain_loss_neo",2,0.7,7,10,1.5,0.5,50
"mk","model9","tl1.50_gl0.50_c50","gain_loss_trans",2,NA,0,0,1.5,0.5,50
"mk","model9","tl2.50_gl0.50_c50","tree_length",2.5,1,10,10,2.5,0.5,50
"mk","model9","tl2.50_gl0.50_c50","gain_loss_neo",2,0.4,4,10,2.5,0.5,50
"mk","model9","tl2.50_gl0.50_c50","gain_loss_trans",2,NA,0,0,2.5,0.5,50
"mk","model9","tl5.00_gl0.50_c50","tree_length",5,0.5,5,10,5,0.5,50
"mk","model9","tl5.00_gl0.50_c50","gain_loss_neo",2,0.1,1,10,5,0.5,50
"mk","model9","tl5.00_gl0.50_c50","gain_loss_trans",2,NA,0,0,5,0.5,50
"mk","model9","tl1.00_gl1.00_c50","tree_length",1,0.8,8,10,1,1,50
"mk","model9","tl1.00_gl1.00_c50","gain_loss_neo",1,1,10,10,1,1,50
"mk","model9","tl1.00_gl1.00_c50","gain_loss_trans",1,NA,0,0,1,1,50
"mk","model9","tl1.50_gl1.00_c50","tree_length",1.5,0.8,8,10,1.5,1,50
"mk","model9","tl1.50_gl1.00_c50","gain_loss_neo",1,1,10,10,1.5,1,50
"mk","model9","tl1.50_gl1.00_c50","gain_loss_trans",1,NA,0,0,1.5,1,50
"mk","model9","tl2.50_gl1.00_c50","tree_length",2.5,1,10,10,2.5,1,50
"mk","model9","tl2.50_gl1.00_c50","gain_loss_neo",1,0.9,9,10,2.5,1,50
"mk","model9","tl2.50_gl1.00_c50","gain_loss_trans",1,NA,0,0,2.5,1,50
"mk","model9","tl5.00_gl1.00_c50","tree_length",5,0.5,5,10,5,1,50
"mk","model9","tl5.00_gl1.00_c50","gain_loss_neo",1,0.9,9,10,5,1,50
"mk","model9","tl5.00_gl1.00_c50","gain_loss_trans",1,NA,0,0,5,1,50
"mk","model9","tl1.00_gl0.10_c100","tree_length",1,0.9,9,10,1,0.1,100
"mk","model9","tl1.00_gl0.10_c100","gain_loss_neo",10,0,0,10,1,0.1,100
"mk","model9","tl1.00_gl0.10_c100","gain_loss_trans",10,NA,0,0,1,0.1,100
"mk","model9","tl1.50_gl0.10_c100","tree_length",1.5,0.8,8,10,1.5,0.1,100
"mk","model9","tl1.50_gl0.10_c100","gain_loss_neo",10,0,0,10,1.5,0.1,100
"mk","model9","tl1.50_gl0.10_c100","gain_loss_trans",10,NA,0,0,1.5,0.1,100
"mk","model9","tl2.50_gl0.10_c100","tree_length",2.5,0.8,8,10,2.5,0.1,100
"mk","model9","tl2.50_gl0.10_c100","gain_loss_neo",10,0,0,10,2.5,0.1,100
"mk","model9","tl2.50_gl0.10_c100","gain_loss_trans",10,NA,0,0,2.5,0.1,100
"mk","model9","tl5.00_gl0.10_c100","tree_length",5,0.6,3,5,5,0.1,100
"mk","model9","tl5.00_gl0.10_c100","gain_loss_neo",10,0,0,5,5,0.1,100
"mk","model9","tl5.00_gl0.10_c100","gain_loss_trans",10,NA,0,0,5,0.1,100
"mk","model9","tl1.00_gl0.25_c100","tree_length",1,0.9,9,10,1,0.25,100
"mk","model9","tl1.00_gl0.25_c100","gain_loss_neo",4,0.1,1,10,1,0.25,100
"mk","model9","tl1.00_gl0.25_c100","gain_loss_trans",4,NA,0,0,1,0.25,100
"mk","model9","tl1.50_gl0.25_c100","tree_length",1.5,0.8,8,10,1.5,0.25,100
"mk","model9","tl1.50_gl0.25_c100","gain_loss_neo",4,0,0,10,1.5,0.25,100
"mk","model9","tl1.50_gl0.25_c100","gain_loss_trans",4,NA,0,0,1.5,0.25,100
"mk","model9","tl2.50_gl0.25_c100","tree_length",2.5,0.8,8,10,2.5,0.25,100
"mk","model9","tl2.50_gl0.25_c100","gain_loss_neo",4,0,0,10,2.5,0.25,100
"mk","model9","tl2.50_gl0.25_c100","gain_loss_trans",4,NA,0,0,2.5,0.25,100
"mk","model9","tl5.00_gl0.25_c100","tree_length",5,0.6,3,5,5,0.25,100
"mk","model9","tl5.00_gl0.25_c100","gain_loss_neo",4,0,0,5,5,0.25,100
"mk","model9","tl5.00_gl0.25_c100","gain_loss_trans",4,NA,0,0,5,0.25,100
"mk","model9","tl1.00_gl0.50_c100","tree_length",1,0.9,9,10,1,0.5,100
"mk","model9","tl1.00_gl0.50_c100","gain_loss_neo",2,0.3,3,10,1,0.5,100
"mk","model9","tl1.00_gl0.50_c100","gain_loss_trans",2,NA,0,0,1,0.5,100
"mk","model9","tl1.50_gl0.50_c100","tree_length",1.5,0.8,8,10,1.5,0.5,100
"mk","model9","tl1.50_gl0.50_c100","gain_loss_neo",2,0.5,5,10,1.5,0.5,100
"mk","model9","tl1.50_gl0.50_c100","gain_loss_trans",2,NA,0,0,1.5,0.5,100
"mk","model9","tl2.50_gl0.50_c100","tree_length",2.5,0.8,8,10,2.5,0.5,100
"mk","model9","tl2.50_gl0.50_c100","gain_loss_neo",2,0.2,2,10,2.5,0.5,100
"mk","model9","tl2.50_gl0.50_c100","gain_loss_trans",2,NA,0,0,2.5,0.5,100
"mk","model9","tl5.00_gl0.50_c100","tree_length",5,0.6,3,5,5,0.5,100
"mk","model9","tl5.00_gl0.50_c100","gain_loss_neo",2,0,0,5,5,0.5,100
"mk","model9","tl5.00_gl0.50_c100","gain_loss_trans",2,NA,0,0,5,0.5,100
"mk","model9","tl1.00_gl1.00_c100","tree_length",1,0.9,9,10,1,1,100
"mk","model9","tl1.00_gl1.00_c100","gain_loss_neo",1,1,10,10,1,1,100
"mk","model9","tl1.00_gl1.00_c100","gain_loss_trans",1,NA,0,0,1,1,100
"mk","model9","tl1.50_gl1.00_c100","tree_length",1.5,0.8,8,10,1.5,1,100
"mk","model9","tl1.50_gl1.00_c100","gain_loss_neo",1,1,10,10,1.5,1,100
"mk","model9","tl1.50_gl1.00_c100","gain_loss_trans",1,NA,0,0,1.5,1,100
"mk","model9","tl2.50_gl1.00_c100","tree_length",2.5,0.8,8,10,2.5,1,100
"mk","model9","tl2.50_gl1.00_c100","gain_loss_neo",1,1,10,10,2.5,1,100
"mk","model9","tl2.50_gl1.00_c100","gain_loss_trans",1,NA,0,0,2.5,1,100
"mk","model9","tl5.00_gl1.00_c100","tree_length",5,0.6,3,5,5,1,100
"mk","model9","tl5.00_gl1.00_c100","gain_loss_neo",1,0.8,4,5,5,1,100
"mk","model9","tl5.00_gl1.00_c100","gain_loss_trans",1,NA,0,0,5,1,100
"mk","model9","tl1.00_gl0.10_c200","tree_length",1,1,10,10,1,0.1,200
"mk","model9","tl1.00_gl0.10_c200","gain_loss_neo",10,0,0,10,1,0.1,200
"mk","model9","tl1.00_gl0.10_c200","gain_loss_trans",10,NA,0,0,1,0.1,200
"mk","model9","tl1.50_gl0.10_c200","tree_length",1.5,0.9,9,10,1.5,0.1,200
"mk","model9","tl1.50_gl0.10_c200","gain_loss_neo",10,0,0,10,1.5,0.1,200
"mk","model9","tl1.50_gl0.10_c200","gain_loss_trans",10,NA,0,0,1.5,0.1,200
"mk","model9","tl2.50_gl0.10_c200","tree_length",2.5,1,10,10,2.5,0.1,200
"mk","model9","tl2.50_gl0.10_c200","gain_loss_neo",10,0,0,10,2.5,0.1,200
"mk","model9","tl2.50_gl0.10_c200","gain_loss_trans",10,NA,0,0,2.5,0.1,200
"mk","model9","tl5.00_gl0.10_c200","tree_length",5,1,1,1,5,0.1,200
"mk","model9","tl5.00_gl0.10_c200","gain_loss_neo",10,0,0,1,5,0.1,200
"mk","model9","tl5.00_gl0.10_c200","gain_loss_trans",10,NA,0,0,5,0.1,200
"mk","model9","tl1.00_gl0.25_c200","tree_length",1,1,10,10,1,0.25,200
"mk","model9","tl1.00_gl0.25_c200","gain_loss_neo",4,0,0,10,1,0.25,200
"mk","model9","tl1.00_gl0.25_c200","gain_loss_trans",4,NA,0,0,1,0.25,200
"mk","model9","tl1.50_gl0.25_c200","tree_length",1.5,0.9,9,10,1.5,0.25,200
"mk","model9","tl1.50_gl0.25_c200","gain_loss_neo",4,0,0,10,1.5,0.25,200
"mk","model9","tl1.50_gl0.25_c200","gain_loss_trans",4,NA,0,0,1.5,0.25,200
"mk","model9","tl2.50_gl0.25_c200","tree_length",2.5,1,10,10,2.5,0.25,200
"mk","model9","tl2.50_gl0.25_c200","gain_loss_neo",4,0,0,10,2.5,0.25,200
"mk","model9","tl2.50_gl0.25_c200","gain_loss_trans",4,NA,0,0,2.5,0.25,200
"mk","model9","tl5.00_gl0.25_c200","tree_length",5,1,1,1,5,0.25,200
"mk","model9","tl5.00_gl0.25_c200","gain_loss_neo",4,0,0,1,5,0.25,200
"mk","model9","tl5.00_gl0.25_c200","gain_loss_trans",4,NA,0,0,5,0.25,200
"mk","model9","tl1.00_gl0.50_c200","tree_length",1,1,10,10,1,0.5,200
"mk","model9","tl1.00_gl0.50_c200","gain_loss_neo",2,0.1,1,10,1,0.5,200
"mk","model9","tl1.00_gl0.50_c200","gain_loss_trans",2,NA,0,0,1,0.5,200
"mk","model9","tl1.50_gl0.50_c200","tree_length",1.5,0.9,9,10,1.5,0.5,200
"mk","model9","tl1.50_gl0.50_c200","gain_loss_neo",2,0,0,10,1.5,0.5,200
"mk","model9","tl1.50_gl0.50_c200","gain_loss_trans",2,NA,0,0,1.5,0.5,200
"mk","model9","tl2.50_gl0.50_c200","tree_length",2.5,1,10,10,2.5,0.5,200
"mk","model9","tl2.50_gl0.50_c200","gain_loss_neo",2,0,0,10,2.5,0.5,200
"mk","model9","tl2.50_gl0.50_c200","gain_loss_trans",2,NA,0,0,2.5,0.5,200
"mk","model9","tl5.00_gl0.50_c200","tree_length",5,1,1,1,5,0.5,200
"mk","model9","tl5.00_gl0.50_c200","gain_loss_neo",2,0,0,1,5,0.5,200
"mk","model9","tl5.00_gl0.50_c200","gain_loss_trans",2,NA,0,0,5,0.5,200
"mk","model9","tl1.00_gl1.00_c200","tree_length",1,1,10,10,1,1,200
"mk","model9","tl1.00_gl1.00_c200","gain_loss_neo",1,1,10,10,1,1,200
"mk","model9","tl1.00_gl1.00_c200","gain_loss_trans",1,NA,0,0,1,1,200
"mk","model9","tl1.50_gl1.00_c200","tree_length",1.5,0.9,9,10,1.5,1,200
"mk","model9","tl1.50_gl1.00_c200","gain_loss_neo",1,1,10,10,1.5,1,200
"mk","model9","tl1.50_gl1.00_c200","gain_loss_trans",1,NA,0,0,1.5,1,200
"mk","model9","tl2.50_gl1.00_c200","tree_length",2.5,1,10,10,2.5,1,200
"mk","model9","tl2.50_gl1.00_c200","gain_loss_neo",1,0.9,9,10,2.5,1,200
"mk","model9","tl2.50_gl1.00_c200","gain_loss_trans",1,NA,0,0,2.5,1,200
"mk","model9","tl5.00_gl1.00_c200","tree_length",5,1,1,1,5,1,200
"mk","model9","tl5.00_gl1.00_c200","gain_loss_neo",1,1,1,1,5,1,200
"mk","model9","tl5.00_gl1.00_c200","gain_loss_trans",1,NA,0,0,5,1,200
"mk","model10","tl1.00_gl0.10_c25","tree_length",1,1,10,10,1,0.1,25
"mk","model10","tl1.00_gl0.10_c25","gain_loss_neo",10,0,0,10,1,0.1,25
"mk","model10","tl1.00_gl0.10_c25","gain_loss_trans",10,NA,0,0,1,0.1,25
"mk","model10","tl1.50_gl0.10_c25","tree_length",1.5,1,10,10,1.5,0.1,25
"mk","model10","tl1.50_gl0.10_c25","gain_loss_neo",10,0,0,10,1.5,0.1,25
"mk","model10","tl1.50_gl0.10_c25","gain_loss_trans",10,NA,0,0,1.5,0.1,25
"mk","model10","tl2.50_gl0.10_c25","tree_length",2.5,0.9,9,10,2.5,0.1,25
"mk","model10","tl2.50_gl0.10_c25","gain_loss_neo",10,0,0,10,2.5,0.1,25
"mk","model10","tl2.50_gl0.10_c25","gain_loss_trans",10,NA,0,0,2.5,0.1,25
"mk","model10","tl5.00_gl0.10_c25","tree_length",5,0.5,5,10,5,0.1,25
"mk","model10","tl5.00_gl0.10_c25","gain_loss_neo",10,0,0,10,5,0.1,25
"mk","model10","tl5.00_gl0.10_c25","gain_loss_trans",10,NA,0,0,5,0.1,25
"mk","model10","tl1.00_gl0.25_c25","tree_length",1,1,10,10,1,0.25,25
"mk","model10","tl1.00_gl0.25_c25","gain_loss_neo",4,0.5,5,10,1,0.25,25
"mk","model10","tl1.00_gl0.25_c25","gain_loss_trans",4,NA,0,0,1,0.25,25
"mk","model10","tl1.50_gl0.25_c25","tree_length",1.5,1,10,10,1.5,0.25,25
"mk","model10","tl1.50_gl0.25_c25","gain_loss_neo",4,0.4,4,10,1.5,0.25,25
"mk","model10","tl1.50_gl0.25_c25","gain_loss_trans",4,NA,0,0,1.5,0.25,25
"mk","model10","tl2.50_gl0.25_c25","tree_length",2.5,0.9,9,10,2.5,0.25,25
"mk","model10","tl2.50_gl0.25_c25","gain_loss_neo",4,0.4,4,10,2.5,0.25,25
"mk","model10","tl2.50_gl0.25_c25","gain_loss_trans",4,NA,0,0,2.5,0.25,25
"mk","model10","tl5.00_gl0.25_c25","tree_length",5,0.5,5,10,5,0.25,25
"mk","model10","tl5.00_gl0.25_c25","gain_loss_neo",4,0.3,3,10,5,0.25,25
"mk","model10","tl5.00_gl0.25_c25","gain_loss_trans",4,NA,0,0,5,0.25,25
"mk","model10","tl1.00_gl0.50_c25","tree_length",1,1,10,10,1,0.5,25
"mk","model10","tl1.00_gl0.50_c25","gain_loss_neo",2,1,10,10,1,0.5,25
"mk","model10","tl1.00_gl0.50_c25","gain_loss_trans",2,NA,0,0,1,0.5,25
"mk","model10","tl1.50_gl0.50_c25","tree_length",1.5,1,10,10,1.5,0.5,25
"mk","model10","tl1.50_gl0.50_c25","gain_loss_neo",2,0.6,6,10,1.5,0.5,25
"mk","model10","tl1.50_gl0.50_c25","gain_loss_trans",2,NA,0,0,1.5,0.5,25
"mk","model10","tl2.50_gl0.50_c25","tree_length",2.5,0.9,9,10,2.5,0.5,25
"mk","model10","tl2.50_gl0.50_c25","gain_loss_neo",2,0.8,8,10,2.5,0.5,25
"mk","model10","tl2.50_gl0.50_c25","gain_loss_trans",2,NA,0,0,2.5,0.5,25
"mk","model10","tl5.00_gl0.50_c25","tree_length",5,0.5,5,10,5,0.5,25
"mk","model10","tl5.00_gl0.50_c25","gain_loss_neo",2,0.6,6,10,5,0.5,25
"mk","model10","tl5.00_gl0.50_c25","gain_loss_trans",2,NA,0,0,5,0.5,25
"mk","model10","tl1.00_gl1.00_c25","tree_length",1,1,10,10,1,1,25
"mk","model10","tl1.00_gl1.00_c25","gain_loss_neo",1,1,10,10,1,1,25
"mk","model10","tl1.00_gl1.00_c25","gain_loss_trans",1,NA,0,0,1,1,25
"mk","model10","tl1.50_gl1.00_c25","tree_length",1.5,1,10,10,1.5,1,25
"mk","model10","tl1.50_gl1.00_c25","gain_loss_neo",1,1,10,10,1.5,1,25
"mk","model10","tl1.50_gl1.00_c25","gain_loss_trans",1,NA,0,0,1.5,1,25
"mk","model10","tl2.50_gl1.00_c25","tree_length",2.5,0.9,9,10,2.5,1,25
"mk","model10","tl2.50_gl1.00_c25","gain_loss_neo",1,1,10,10,2.5,1,25
"mk","model10","tl2.50_gl1.00_c25","gain_loss_trans",1,NA,0,0,2.5,1,25
"mk","model10","tl5.00_gl1.00_c25","tree_length",5,0.5,5,10,5,1,25
"mk","model10","tl5.00_gl1.00_c25","gain_loss_neo",1,0.9,9,10,5,1,25
"mk","model10","tl5.00_gl1.00_c25","gain_loss_trans",1,NA,0,0,5,1,25
"mk","model10","tl1.00_gl0.10_c50","tree_length",1,1,10,10,1,0.1,50
"mk","model10","tl1.00_gl0.10_c50","gain_loss_neo",10,0,0,10,1,0.1,50
"mk","model10","tl1.00_gl0.10_c50","gain_loss_trans",10,NA,0,0,1,0.1,50
"mk","model10","tl1.50_gl0.10_c50","tree_length",1.5,1,10,10,1.5,0.1,50
"mk","model10","tl1.50_gl0.10_c50","gain_loss_neo",10,0,0,10,1.5,0.1,50
"mk","model10","tl1.50_gl0.10_c50","gain_loss_trans",10,NA,0,0,1.5,0.1,50
"mk","model10","tl2.50_gl0.10_c50","tree_length",2.5,1,10,10,2.5,0.1,50
"mk","model10","tl2.50_gl0.10_c50","gain_loss_neo",10,0,0,10,2.5,0.1,50
"mk","model10","tl2.50_gl0.10_c50","gain_loss_trans",10,NA,0,0,2.5,0.1,50
"mk","model10","tl5.00_gl0.10_c50","tree_length",5,0.9,9,10,5,0.1,50
"mk","model10","tl5.00_gl0.10_c50","gain_loss_neo",10,0,0,10,5,0.1,50
"mk","model10","tl5.00_gl0.10_c50","gain_loss_trans",10,NA,0,0,5,0.1,50
"mk","model10","tl1.00_gl0.25_c50","tree_length",1,1,10,10,1,0.25,50
"mk","model10","tl1.00_gl0.25_c50","gain_loss_neo",4,0.3,3,10,1,0.25,50
"mk","model10","tl1.00_gl0.25_c50","gain_loss_trans",4,NA,0,0,1,0.25,50
"mk","model10","tl1.50_gl0.25_c50","tree_length",1.5,1,10,10,1.5,0.25,50
"mk","model10","tl1.50_gl0.25_c50","gain_loss_neo",4,0.1,1,10,1.5,0.25,50
"mk","model10","tl1.50_gl0.25_c50","gain_loss_trans",4,NA,0,0,1.5,0.25,50
"mk","model10","tl2.50_gl0.25_c50","tree_length",2.5,1,10,10,2.5,0.25,50
"mk","model10","tl2.50_gl0.25_c50","gain_loss_neo",4,0,0,10,2.5,0.25,50
"mk","model10","tl2.50_gl0.25_c50","gain_loss_trans",4,NA,0,0,2.5,0.25,50
"mk","model10","tl5.00_gl0.25_c50","tree_length",5,0.9,9,10,5,0.25,50
"mk","model10","tl5.00_gl0.25_c50","gain_loss_neo",4,0,0,10,5,0.25,50
"mk","model10","tl5.00_gl0.25_c50","gain_loss_trans",4,NA,0,0,5,0.25,50
"mk","model10","tl1.00_gl0.50_c50","tree_length",1,1,10,10,1,0.5,50
"mk","model10","tl1.00_gl0.50_c50","gain_loss_neo",2,0.8,8,10,1,0.5,50
"mk","model10","tl1.00_gl0.50_c50","gain_loss_trans",2,NA,0,0,1,0.5,50
"mk","model10","tl1.50_gl0.50_c50","tree_length",1.5,1,10,10,1.5,0.5,50
"mk","model10","tl1.50_gl0.50_c50","gain_loss_neo",2,0.7,7,10,1.5,0.5,50
"mk","model10","tl1.50_gl0.50_c50","gain_loss_trans",2,NA,0,0,1.5,0.5,50
"mk","model10","tl2.50_gl0.50_c50","tree_length",2.5,1,10,10,2.5,0.5,50
"mk","model10","tl2.50_gl0.50_c50","gain_loss_neo",2,0.4,4,10,2.5,0.5,50
"mk","model10","tl2.50_gl0.50_c50","gain_loss_trans",2,NA,0,0,2.5,0.5,50
"mk","model10","tl5.00_gl0.50_c50","tree_length",5,0.9,9,10,5,0.5,50
"mk","model10","tl5.00_gl0.50_c50","gain_loss_neo",2,0.1,1,10,5,0.5,50
"mk","model10","tl5.00_gl0.50_c50","gain_loss_trans",2,NA,0,0,5,0.5,50
"mk","model10","tl1.00_gl1.00_c50","tree_length",1,1,10,10,1,1,50
"mk","model10","tl1.00_gl1.00_c50","gain_loss_neo",1,1,10,10,1,1,50
"mk","model10","tl1.00_gl1.00_c50","gain_loss_trans",1,NA,0,0,1,1,50
"mk","model10","tl1.50_gl1.00_c50","tree_length",1.5,1,10,10,1.5,1,50
"mk","model10","tl1.50_gl1.00_c50","gain_loss_neo",1,1,10,10,1.5,1,50
"mk","model10","tl1.50_gl1.00_c50","gain_loss_trans",1,NA,0,0,1.5,1,50
"mk","model10","tl2.50_gl1.00_c50","tree_length",2.5,1,10,10,2.5,1,50
"mk","model10","tl2.50_gl1.00_c50","gain_loss_neo",1,1,10,10,2.5,1,50
"mk","model10","tl2.50_gl1.00_c50","gain_loss_trans",1,NA,0,0,2.5,1,50
"mk","model10","tl5.00_gl1.00_c50","tree_length",5,0.9,9,10,5,1,50
"mk","model10","tl5.00_gl1.00_c50","gain_loss_neo",1,0.9,9,10,5,1,50
"mk","model10","tl5.00_gl1.00_c50","gain_loss_trans",1,NA,0,0,5,1,50
"mk","model10","tl1.00_gl0.10_c100","tree_length",1,1,10,10,1,0.1,100
"mk","model10","tl1.00_gl0.10_c100","gain_loss_neo",10,0,0,10,1,0.1,100
"mk","model10","tl1.00_gl0.10_c100","gain_loss_trans",10,NA,0,0,1,0.1,100
"mk","model10","tl1.50_gl0.10_c100","tree_length",1.5,0.8,8,10,1.5,0.1,100
"mk","model10","tl1.50_gl0.10_c100","gain_loss_neo",10,0,0,10,1.5,0.1,100
"mk","model10","tl1.50_gl0.10_c100","gain_loss_trans",10,NA,0,0,1.5,0.1,100
"mk","model10","tl2.50_gl0.10_c100","tree_length",2.5,0.8,8,10,2.5,0.1,100
"mk","model10","tl2.50_gl0.10_c100","gain_loss_neo",10,0,0,10,2.5,0.1,100
"mk","model10","tl2.50_gl0.10_c100","gain_loss_trans",10,NA,0,0,2.5,0.1,100
"mk","model10","tl5.00_gl0.10_c100","tree_length",5,1,10,10,5,0.1,100
"mk","model10","tl5.00_gl0.10_c100","gain_loss_neo",10,0,0,10,5,0.1,100
"mk","model10","tl5.00_gl0.10_c100","gain_loss_trans",10,NA,0,0,5,0.1,100
"mk","model10","tl1.00_gl0.25_c100","tree_length",1,1,10,10,1,0.25,100
"mk","model10","tl1.00_gl0.25_c100","gain_loss_neo",4,0.1,1,10,1,0.25,100
"mk","model10","tl1.00_gl0.25_c100","gain_loss_trans",4,NA,0,0,1,0.25,100
"mk","model10","tl1.50_gl0.25_c100","tree_length",1.5,0.8,8,10,1.5,0.25,100
"mk","model10","tl1.50_gl0.25_c100","gain_loss_neo",4,0,0,10,1.5,0.25,100
"mk","model10","tl1.50_gl0.25_c100","gain_loss_trans",4,NA,0,0,1.5,0.25,100
"mk","model10","tl2.50_gl0.25_c100","tree_length",2.5,0.8,8,10,2.5,0.25,100
"mk","model10","tl2.50_gl0.25_c100","gain_loss_neo",4,0,0,10,2.5,0.25,100
"mk","model10","tl2.50_gl0.25_c100","gain_loss_trans",4,NA,0,0,2.5,0.25,100
"mk","model10","tl5.00_gl0.25_c100","tree_length",5,1,10,10,5,0.25,100
"mk","model10","tl5.00_gl0.25_c100","gain_loss_neo",4,0,0,10,5,0.25,100
"mk","model10","tl5.00_gl0.25_c100","gain_loss_trans",4,NA,0,0,5,0.25,100
"mk","model10","tl1.00_gl0.50_c100","tree_length",1,1,10,10,1,0.5,100
"mk","model10","tl1.00_gl0.50_c100","gain_loss_neo",2,0.4,4,10,1,0.5,100
"mk","model10","tl1.00_gl0.50_c100","gain_loss_trans",2,NA,0,0,1,0.5,100
"mk","model10","tl1.50_gl0.50_c100","tree_length",1.5,0.8,8,10,1.5,0.5,100
"mk","model10","tl1.50_gl0.50_c100","gain_loss_neo",2,0.6,6,10,1.5,0.5,100
"mk","model10","tl1.50_gl0.50_c100","gain_loss_trans",2,NA,0,0,1.5,0.5,100
"mk","model10","tl2.50_gl0.50_c100","tree_length",2.5,0.8,8,10,2.5,0.5,100
"mk","model10","tl2.50_gl0.50_c100","gain_loss_neo",2,0.4,4,10,2.5,0.5,100
"mk","model10","tl2.50_gl0.50_c100","gain_loss_trans",2,NA,0,0,2.5,0.5,100
"mk","model10","tl5.00_gl0.50_c100","tree_length",5,1,10,10,5,0.5,100
"mk","model10","tl5.00_gl0.50_c100","gain_loss_neo",2,0.1,1,10,5,0.5,100
"mk","model10","tl5.00_gl0.50_c100","gain_loss_trans",2,NA,0,0,5,0.5,100
"mk","model10","tl1.00_gl1.00_c100","tree_length",1,1,10,10,1,1,100
"mk","model10","tl1.00_gl1.00_c100","gain_loss_neo",1,1,10,10,1,1,100
"mk","model10","tl1.00_gl1.00_c100","gain_loss_trans",1,NA,0,0,1,1,100
"mk","model10","tl1.50_gl1.00_c100","tree_length",1.5,0.8,8,10,1.5,1,100
"mk","model10","tl1.50_gl1.00_c100","gain_loss_neo",1,0.9,9,10,1.5,1,100
"mk","model10","tl1.50_gl1.00_c100","gain_loss_trans",1,NA,0,0,1.5,1,100
"mk","model10","tl2.50_gl1.00_c100","tree_length",2.5,0.8,8,10,2.5,1,100
"mk","model10","tl2.50_gl1.00_c100","gain_loss_neo",1,1,10,10,2.5,1,100
"mk","model10","tl2.50_gl1.00_c100","gain_loss_trans",1,NA,0,0,2.5,1,100
"mk","model10","tl5.00_gl1.00_c100","tree_length",5,1,10,10,5,1,100
"mk","model10","tl5.00_gl1.00_c100","gain_loss_neo",1,0.8,8,10,5,1,100
"mk","model10","tl5.00_gl1.00_c100","gain_loss_trans",1,NA,0,0,5,1,100
"mk","model10","tl1.00_gl0.10_c200","tree_length",1,1,10,10,1,0.1,200
"mk","model10","tl1.00_gl0.10_c200","gain_loss_neo",10,0,0,10,1,0.1,200
"mk","model10","tl1.00_gl0.10_c200","gain_loss_trans",10,NA,0,0,1,0.1,200
"mk","model10","tl1.50_gl0.10_c200","tree_length",1.5,1,10,10,1.5,0.1,200
"mk","model10","tl1.50_gl0.10_c200","gain_loss_neo",10,0,0,10,1.5,0.1,200
"mk","model10","tl1.50_gl0.10_c200","gain_loss_trans",10,NA,0,0,1.5,0.1,200
"mk","model10","tl2.50_gl0.10_c200","tree_length",2.5,1,10,10,2.5,0.1,200
"mk","model10","tl2.50_gl0.10_c200","gain_loss_neo",10,0,0,10,2.5,0.1,200
"mk","model10","tl2.50_gl0.10_c200","gain_loss_trans",10,NA,0,0,2.5,0.1,200
"mk","model10","tl5.00_gl0.10_c200","tree_length",5,1,10,10,5,0.1,200
"mk","model10","tl5.00_gl0.10_c200","gain_loss_neo",10,0,0,10,5,0.1,200
"mk","model10","tl5.00_gl0.10_c200","gain_loss_trans",10,NA,0,0,5,0.1,200
"mk","model10","tl1.00_gl0.25_c200","tree_length",1,1,10,10,1,0.25,200
"mk","model10","tl1.00_gl0.25_c200","gain_loss_neo",4,0,0,10,1,0.25,200
"mk","model10","tl1.00_gl0.25_c200","gain_loss_trans",4,NA,0,0,1,0.25,200
"mk","model10","tl1.50_gl0.25_c200","tree_length",1.5,1,10,10,1.5,0.25,200
"mk","model10","tl1.50_gl0.25_c200","gain_loss_neo",4,0,0,10,1.5,0.25,200
"mk","model10","tl1.50_gl0.25_c200","gain_loss_trans",4,NA,0,0,1.5,0.25,200
"mk","model10","tl2.50_gl0.25_c200","tree_length",2.5,1,10,10,2.5,0.25,200
"mk","model10","tl2.50_gl0.25_c200","gain_loss_neo",4,0,0,10,2.5,0.25,200
"mk","model10","tl2.50_gl0.25_c200","gain_loss_trans",4,NA,0,0,2.5,0.25,200
"mk","model10","tl5.00_gl0.25_c200","tree_length",5,1,10,10,5,0.25,200
"mk","model10","tl5.00_gl0.25_c200","gain_loss_neo",4,0,0,10,5,0.25,200
"mk","model10","tl5.00_gl0.25_c200","gain_loss_trans",4,NA,0,0,5,0.25,200
"mk","model10","tl1.00_gl0.50_c200","tree_length",1,1,10,10,1,0.5,200
"mk","model10","tl1.00_gl0.50_c200","gain_loss_neo",2,0.4,4,10,1,0.5,200
"mk","model10","tl1.00_gl0.50_c200","gain_loss_trans",2,NA,0,0,1,0.5,200
"mk","model10","tl1.50_gl0.50_c200","tree_length",1.5,1,10,10,1.5,0.5,200
"mk","model10","tl1.50_gl0.50_c200","gain_loss_neo",2,0,0,10,1.5,0.5,200
"mk","model10","tl1.50_gl0.50_c200","gain_loss_trans",2,NA,0,0,1.5,0.5,200
"mk","model10","tl2.50_gl0.50_c200","tree_length",2.5,1,10,10,2.5,0.5,200
"mk","model10","tl2.50_gl0.50_c200","gain_loss_neo",2,0,0,10,2.5,0.5,200
"mk","model10","tl2.50_gl0.50_c200","gain_loss_trans",2,NA,0,0,2.5,0.5,200
"mk","model10","tl5.00_gl0.50_c200","tree_length",5,1,10,10,5,0.5,200
"mk","model10","tl5.00_gl0.50_c200","gain_loss_neo",2,0,0,10,5,0.5,200
"mk","model10","tl5.00_gl0.50_c200","gain_loss_trans",2,NA,0,0,5,0.5,200
"mk","model10","tl1.00_gl1.00_c200","tree_length",1,1,10,10,1,1,200
"mk","model10","tl1.00_gl1.00_c200","gain_loss_neo",1,1,10,10,1,1,200
"mk","model10","tl1.00_gl1.00_c200","gain_loss_trans",1,NA,0,0,1,1,200
"mk","model10","tl1.50_gl1.00_c200","tree_length",1.5,1,10,10,1.5,1,200
"mk","model10","tl1.50_gl1.00_c200","gain_loss_neo",1,1,10,10,1.5,1,200
"mk","model10","tl1.50_gl1.00_c200","gain_loss_trans",1,NA,0,0,1.5,1,200
"mk","model10","tl2.50_gl1.00_c200","tree_length",2.5,1,10,10,2.5,1,200
"mk","model10","tl2.50_gl1.00_c200","gain_loss_neo",1,1,10,10,2.5,1,200
"mk","model10","tl2.50_gl1.00_c200","gain_loss_trans",1,NA,0,0,2.5,1,200
"mk","model10","tl5.00_gl1.00_c200","tree_length",5,1,10,10,5,1,200
"mk","model10","tl5.00_gl1.00_c200","gain_loss_neo",1,1,10,10,5,1,200
"mk","model10","tl5.00_gl1.00_c200","gain_loss_trans",1,NA,0,0,5,1,200
"mk","model11","tl1.00_gl0.10_c25","tree_length",1,0.777777777777778,7,9,1,0.1,25
"mk","model11","tl1.00_gl0.10_c25","gain_loss_neo",10,NA,0,0,1,0.1,25
"mk","model11","tl1.00_gl0.10_c25","gain_loss_trans",10,NA,0,0,1,0.1,25
"mk","model11","tl1.50_gl0.10_c25","tree_length",1.5,0.8,8,10,1.5,0.1,25
"mk","model11","tl1.50_gl0.10_c25","gain_loss_neo",10,NA,0,0,1.5,0.1,25
"mk","model11","tl1.50_gl0.10_c25","gain_loss_trans",10,NA,0,0,1.5,0.1,25
"mk","model11","tl2.50_gl0.10_c25","tree_length",2.5,0.7,7,10,2.5,0.1,25
"mk","model11","tl2.50_gl0.10_c25","gain_loss_neo",10,NA,0,0,2.5,0.1,25
"mk","model11","tl2.50_gl0.10_c25","gain_loss_trans",10,NA,0,0,2.5,0.1,25
"mk","model11","tl5.00_gl0.10_c25","tree_length",5,0,0,10,5,0.1,25
"mk","model11","tl5.00_gl0.10_c25","gain_loss_neo",10,NA,0,0,5,0.1,25
"mk","model11","tl5.00_gl0.10_c25","gain_loss_trans",10,NA,0,0,5,0.1,25
"mk","model11","tl1.00_gl0.25_c25","tree_length",1,0.8,8,10,1,0.25,25
"mk","model11","tl1.00_gl0.25_c25","gain_loss_neo",4,NA,0,0,1,0.25,25
"mk","model11","tl1.00_gl0.25_c25","gain_loss_trans",4,NA,0,0,1,0.25,25
"mk","model11","tl1.50_gl0.25_c25","tree_length",1.5,0.8,8,10,1.5,0.25,25
"mk","model11","tl1.50_gl0.25_c25","gain_loss_neo",4,NA,0,0,1.5,0.25,25
"mk","model11","tl1.50_gl0.25_c25","gain_loss_trans",4,NA,0,0,1.5,0.25,25
"mk","model11","tl2.50_gl0.25_c25","tree_length",2.5,0.7,7,10,2.5,0.25,25
"mk","model11","tl2.50_gl0.25_c25","gain_loss_neo",4,NA,0,0,2.5,0.25,25
"mk","model11","tl2.50_gl0.25_c25","gain_loss_trans",4,NA,0,0,2.5,0.25,25
"mk","model11","tl5.00_gl0.25_c25","tree_length",5,0,0,10,5,0.25,25
"mk","model11","tl5.00_gl0.25_c25","gain_loss_neo",4,NA,0,0,5,0.25,25
"mk","model11","tl5.00_gl0.25_c25","gain_loss_trans",4,NA,0,0,5,0.25,25
"mk","model11","tl1.00_gl0.50_c25","tree_length",1,0.8,8,10,1,0.5,25
"mk","model11","tl1.00_gl0.50_c25","gain_loss_neo",2,NA,0,0,1,0.5,25
"mk","model11","tl1.00_gl0.50_c25","gain_loss_trans",2,NA,0,0,1,0.5,25
"mk","model11","tl1.50_gl0.50_c25","tree_length",1.5,0.8,8,10,1.5,0.5,25
"mk","model11","tl1.50_gl0.50_c25","gain_loss_neo",2,NA,0,0,1.5,0.5,25
"mk","model11","tl1.50_gl0.50_c25","gain_loss_trans",2,NA,0,0,1.5,0.5,25
"mk","model11","tl2.50_gl0.50_c25","tree_length",2.5,0.7,7,10,2.5,0.5,25
"mk","model11","tl2.50_gl0.50_c25","gain_loss_neo",2,NA,0,0,2.5,0.5,25
"mk","model11","tl2.50_gl0.50_c25","gain_loss_trans",2,NA,0,0,2.5,0.5,25
"mk","model11","tl5.00_gl0.50_c25","tree_length",5,0,0,10,5,0.5,25
"mk","model11","tl5.00_gl0.50_c25","gain_loss_neo",2,NA,0,0,5,0.5,25
"mk","model11","tl5.00_gl0.50_c25","gain_loss_trans",2,NA,0,0,5,0.5,25
"mk","model11","tl1.00_gl1.00_c25","tree_length",1,0.8,8,10,1,1,25
"mk","model11","tl1.00_gl1.00_c25","gain_loss_neo",1,NA,0,0,1,1,25
"mk","model11","tl1.00_gl1.00_c25","gain_loss_trans",1,NA,0,0,1,1,25
"mk","model11","tl1.50_gl1.00_c25","tree_length",1.5,0.8,8,10,1.5,1,25
"mk","model11","tl1.50_gl1.00_c25","gain_loss_neo",1,NA,0,0,1.5,1,25
"mk","model11","tl1.50_gl1.00_c25","gain_loss_trans",1,NA,0,0,1.5,1,25
"mk","model11","tl2.50_gl1.00_c25","tree_length",2.5,0.7,7,10,2.5,1,25
"mk","model11","tl2.50_gl1.00_c25","gain_loss_neo",1,NA,0,0,2.5,1,25
"mk","model11","tl2.50_gl1.00_c25","gain_loss_trans",1,NA,0,0,2.5,1,25
"mk","model11","tl5.00_gl1.00_c25","tree_length",5,0,0,10,5,1,25
"mk","model11","tl5.00_gl1.00_c25","gain_loss_neo",1,NA,0,0,5,1,25
"mk","model11","tl5.00_gl1.00_c25","gain_loss_trans",1,NA,0,0,5,1,25
"mk","model11","tl1.00_gl0.10_c50","tree_length",1,0.7,7,10,1,0.1,50
"mk","model11","tl1.00_gl0.10_c50","gain_loss_neo",10,NA,0,0,1,0.1,50
"mk","model11","tl1.00_gl0.10_c50","gain_loss_trans",10,NA,0,0,1,0.1,50
"mk","model11","tl1.50_gl0.10_c50","tree_length",1.5,0.6,6,10,1.5,0.1,50
"mk","model11","tl1.50_gl0.10_c50","gain_loss_neo",10,NA,0,0,1.5,0.1,50
"mk","model11","tl1.50_gl0.10_c50","gain_loss_trans",10,NA,0,0,1.5,0.1,50
"mk","model11","tl2.50_gl0.10_c50","tree_length",2.5,1,10,10,2.5,0.1,50
"mk","model11","tl2.50_gl0.10_c50","gain_loss_neo",10,NA,0,0,2.5,0.1,50
"mk","model11","tl2.50_gl0.10_c50","gain_loss_trans",10,NA,0,0,2.5,0.1,50
"mk","model11","tl5.00_gl0.10_c50","tree_length",5,0.2,2,10,5,0.1,50
"mk","model11","tl5.00_gl0.10_c50","gain_loss_neo",10,NA,0,0,5,0.1,50
"mk","model11","tl5.00_gl0.10_c50","gain_loss_trans",10,NA,0,0,5,0.1,50
"mk","model11","tl1.00_gl0.25_c50","tree_length",1,0.7,7,10,1,0.25,50
"mk","model11","tl1.00_gl0.25_c50","gain_loss_neo",4,NA,0,0,1,0.25,50
"mk","model11","tl1.00_gl0.25_c50","gain_loss_trans",4,NA,0,0,1,0.25,50
"mk","model11","tl1.50_gl0.25_c50","tree_length",1.5,0.6,6,10,1.5,0.25,50
"mk","model11","tl1.50_gl0.25_c50","gain_loss_neo",4,NA,0,0,1.5,0.25,50
"mk","model11","tl1.50_gl0.25_c50","gain_loss_trans",4,NA,0,0,1.5,0.25,50
"mk","model11","tl2.50_gl0.25_c50","tree_length",2.5,1,10,10,2.5,0.25,50
"mk","model11","tl2.50_gl0.25_c50","gain_loss_neo",4,NA,0,0,2.5,0.25,50
"mk","model11","tl2.50_gl0.25_c50","gain_loss_trans",4,NA,0,0,2.5,0.25,50
"mk","model11","tl5.00_gl0.25_c50","tree_length",5,0.2,2,10,5,0.25,50
"mk","model11","tl5.00_gl0.25_c50","gain_loss_neo",4,NA,0,0,5,0.25,50
"mk","model11","tl5.00_gl0.25_c50","gain_loss_trans",4,NA,0,0,5,0.25,50
"mk","model11","tl1.00_gl0.50_c50","tree_length",1,0.7,7,10,1,0.5,50
"mk","model11","tl1.00_gl0.50_c50","gain_loss_neo",2,NA,0,0,1,0.5,50
"mk","model11","tl1.00_gl0.50_c50","gain_loss_trans",2,NA,0,0,1,0.5,50
"mk","model11","tl1.50_gl0.50_c50","tree_length",1.5,0.6,6,10,1.5,0.5,50
"mk","model11","tl1.50_gl0.50_c50","gain_loss_neo",2,NA,0,0,1.5,0.5,50
"mk","model11","tl1.50_gl0.50_c50","gain_loss_trans",2,NA,0,0,1.5,0.5,50
"mk","model11","tl2.50_gl0.50_c50","tree_length",2.5,1,10,10,2.5,0.5,50
"mk","model11","tl2.50_gl0.50_c50","gain_loss_neo",2,NA,0,0,2.5,0.5,50
"mk","model11","tl2.50_gl0.50_c50","gain_loss_trans",2,NA,0,0,2.5,0.5,50
"mk","model11","tl5.00_gl0.50_c50","tree_length",5,0.2,2,10,5,0.5,50
"mk","model11","tl5.00_gl0.50_c50","gain_loss_neo",2,NA,0,0,5,0.5,50
"mk","model11","tl5.00_gl0.50_c50","gain_loss_trans",2,NA,0,0,5,0.5,50
"mk","model11","tl1.00_gl1.00_c50","tree_length",1,0.7,7,10,1,1,50
"mk","model11","tl1.00_gl1.00_c50","gain_loss_neo",1,NA,0,0,1,1,50
"mk","model11","tl1.00_gl1.00_c50","gain_loss_trans",1,NA,0,0,1,1,50
"mk","model11","tl1.50_gl1.00_c50","tree_length",1.5,0.6,6,10,1.5,1,50
"mk","model11","tl1.50_gl1.00_c50","gain_loss_neo",1,NA,0,0,1.5,1,50
"mk","model11","tl1.50_gl1.00_c50","gain_loss_trans",1,NA,0,0,1.5,1,50
"mk","model11","tl2.50_gl1.00_c50","tree_length",2.5,1,10,10,2.5,1,50
"mk","model11","tl2.50_gl1.00_c50","gain_loss_neo",1,NA,0,0,2.5,1,50
"mk","model11","tl2.50_gl1.00_c50","gain_loss_trans",1,NA,0,0,2.5,1,50
"mk","model11","tl5.00_gl1.00_c50","tree_length",5,0.2,2,10,5,1,50
"mk","model11","tl5.00_gl1.00_c50","gain_loss_neo",1,NA,0,0,5,1,50
"mk","model11","tl5.00_gl1.00_c50","gain_loss_trans",1,NA,0,0,5,1,50
"mk","model11","tl1.00_gl0.10_c100","tree_length",1,0.8,8,10,1,0.1,100
"mk","model11","tl1.00_gl0.10_c100","gain_loss_neo",10,NA,0,0,1,0.1,100
"mk","model11","tl1.00_gl0.10_c100","gain_loss_trans",10,NA,0,0,1,0.1,100
"mk","model11","tl1.50_gl0.10_c100","tree_length",1.5,0.8,8,10,1.5,0.1,100
"mk","model11","tl1.50_gl0.10_c100","gain_loss_neo",10,NA,0,0,1.5,0.1,100
"mk","model11","tl1.50_gl0.10_c100","gain_loss_trans",10,NA,0,0,1.5,0.1,100
"mk","model11","tl2.50_gl0.10_c100","tree_length",2.5,0.4,4,10,2.5,0.1,100
"mk","model11","tl2.50_gl0.10_c100","gain_loss_neo",10,NA,0,0,2.5,0.1,100
"mk","model11","tl2.50_gl0.10_c100","gain_loss_trans",10,NA,0,0,2.5,0.1,100
"mk","model11","tl5.00_gl0.10_c100","tree_length",5,0.1,1,10,5,0.1,100
"mk","model11","tl5.00_gl0.10_c100","gain_loss_neo",10,NA,0,0,5,0.1,100
"mk","model11","tl5.00_gl0.10_c100","gain_loss_trans",10,NA,0,0,5,0.1,100
"mk","model11","tl1.00_gl0.25_c100","tree_length",1,0.8,8,10,1,0.25,100
"mk","model11","tl1.00_gl0.25_c100","gain_loss_neo",4,NA,0,0,1,0.25,100
"mk","model11","tl1.00_gl0.25_c100","gain_loss_trans",4,NA,0,0,1,0.25,100
"mk","model11","tl1.50_gl0.25_c100","tree_length",1.5,0.8,8,10,1.5,0.25,100
"mk","model11","tl1.50_gl0.25_c100","gain_loss_neo",4,NA,0,0,1.5,0.25,100
"mk","model11","tl1.50_gl0.25_c100","gain_loss_trans",4,NA,0,0,1.5,0.25,100
"mk","model11","tl2.50_gl0.25_c100","tree_length",2.5,0.4,4,10,2.5,0.25,100
"mk","model11","tl2.50_gl0.25_c100","gain_loss_neo",4,NA,0,0,2.5,0.25,100
"mk","model11","tl2.50_gl0.25_c100","gain_loss_trans",4,NA,0,0,2.5,0.25,100
"mk","model11","tl5.00_gl0.25_c100","tree_length",5,0.1,1,10,5,0.25,100
"mk","model11","tl5.00_gl0.25_c100","gain_loss_neo",4,NA,0,0,5,0.25,100
"mk","model11","tl5.00_gl0.25_c100","gain_loss_trans",4,NA,0,0,5,0.25,100
"mk","model11","tl1.00_gl0.50_c100","tree_length",1,0.8,8,10,1,0.5,100
"mk","model11","tl1.00_gl0.50_c100","gain_loss_neo",2,NA,0,0,1,0.5,100
"mk","model11","tl1.00_gl0.50_c100","gain_loss_trans",2,NA,0,0,1,0.5,100
"mk","model11","tl1.50_gl0.50_c100","tree_length",1.5,0.8,8,10,1.5,0.5,100
"mk","model11","tl1.50_gl0.50_c100","gain_loss_neo",2,NA,0,0,1.5,0.5,100
"mk","model11","tl1.50_gl0.50_c100","gain_loss_trans",2,NA,0,0,1.5,0.5,100
"mk","model11","tl2.50_gl0.50_c100","tree_length",2.5,0.4,4,10,2.5,0.5,100
"mk","model11","tl2.50_gl0.50_c100","gain_loss_neo",2,NA,0,0,2.5,0.5,100
"mk","model11","tl2.50_gl0.50_c100","gain_loss_trans",2,NA,0,0,2.5,0.5,100
"mk","model11","tl5.00_gl0.50_c100","tree_length",5,0.1,1,10,5,0.5,100
"mk","model11","tl5.00_gl0.50_c100","gain_loss_neo",2,NA,0,0,5,0.5,100
"mk","model11","tl5.00_gl0.50_c100","gain_loss_trans",2,NA,0,0,5,0.5,100
"mk","model11","tl1.00_gl1.00_c100","tree_length",1,0.8,8,10,1,1,100
"mk","model11","tl1.00_gl1.00_c100","gain_loss_neo",1,NA,0,0,1,1,100
"mk","model11","tl1.00_gl1.00_c100","gain_loss_trans",1,NA,0,0,1,1,100
"mk","model11","tl1.50_gl1.00_c100","tree_length",1.5,0.8,8,10,1.5,1,100
"mk","model11","tl1.50_gl1.00_c100","gain_loss_neo",1,NA,0,0,1.5,1,100
"mk","model11","tl1.50_gl1.00_c100","gain_loss_trans",1,NA,0,0,1.5,1,100
"mk","model11","tl2.50_gl1.00_c100","tree_length",2.5,0.4,4,10,2.5,1,100
"mk","model11","tl2.50_gl1.00_c100","gain_loss_neo",1,NA,0,0,2.5,1,100
"mk","model11","tl2.50_gl1.00_c100","gain_loss_trans",1,NA,0,0,2.5,1,100
"mk","model11","tl5.00_gl1.00_c100","tree_length",5,0.1,1,10,5,1,100
"mk","model11","tl5.00_gl1.00_c100","gain_loss_neo",1,NA,0,0,5,1,100
"mk","model11","tl5.00_gl1.00_c100","gain_loss_trans",1,NA,0,0,5,1,100
"mk","model11","tl1.00_gl0.10_c200","tree_length",1,0.9,9,10,1,0.1,200
"mk","model11","tl1.00_gl0.10_c200","gain_loss_neo",10,NA,0,0,1,0.1,200
"mk","model11","tl1.00_gl0.10_c200","gain_loss_trans",10,NA,0,0,1,0.1,200
"mk","model11","tl1.50_gl0.10_c200","tree_length",1.5,0.8,8,10,1.5,0.1,200
"mk","model11","tl1.50_gl0.10_c200","gain_loss_neo",10,NA,0,0,1.5,0.1,200
"mk","model11","tl1.50_gl0.10_c200","gain_loss_trans",10,NA,0,0,1.5,0.1,200
"mk","model11","tl2.50_gl0.10_c200","tree_length",2.5,0.6,6,10,2.5,0.1,200
"mk","model11","tl2.50_gl0.10_c200","gain_loss_neo",10,NA,0,0,2.5,0.1,200
"mk","model11","tl2.50_gl0.10_c200","gain_loss_trans",10,NA,0,0,2.5,0.1,200
"mk","model11","tl5.00_gl0.10_c200","tree_length",5,0,0,10,5,0.1,200
"mk","model11","tl5.00_gl0.10_c200","gain_loss_neo",10,NA,0,0,5,0.1,200
"mk","model11","tl5.00_gl0.10_c200","gain_loss_trans",10,NA,0,0,5,0.1,200
"mk","model11","tl1.00_gl0.25_c200","tree_length",1,0.9,9,10,1,0.25,200
"mk","model11","tl1.00_gl0.25_c200","gain_loss_neo",4,NA,0,0,1,0.25,200
"mk","model11","tl1.00_gl0.25_c200","gain_loss_trans",4,NA,0,0,1,0.25,200
"mk","model11","tl1.50_gl0.25_c200","tree_length",1.5,0.8,8,10,1.5,0.25,200
"mk","model11","tl1.50_gl0.25_c200","gain_loss_neo",4,NA,0,0,1.5,0.25,200
"mk","model11","tl1.50_gl0.25_c200","gain_loss_trans",4,NA,0,0,1.5,0.25,200
"mk","model11","tl2.50_gl0.25_c200","tree_length",2.5,0.6,6,10,2.5,0.25,200
"mk","model11","tl2.50_gl0.25_c200","gain_loss_neo",4,NA,0,0,2.5,0.25,200
"mk","model11","tl2.50_gl0.25_c200","gain_loss_trans",4,NA,0,0,2.5,0.25,200
"mk","model11","tl5.00_gl0.25_c200","tree_length",5,0,0,10,5,0.25,200
"mk","model11","tl5.00_gl0.25_c200","gain_loss_neo",4,NA,0,0,5,0.25,200
"mk","model11","tl5.00_gl0.25_c200","gain_loss_trans",4,NA,0,0,5,0.25,200
"mk","model11","tl1.00_gl0.50_c200","tree_length",1,0.9,9,10,1,0.5,200
"mk","model11","tl1.00_gl0.50_c200","gain_loss_neo",2,NA,0,0,1,0.5,200
"mk","model11","tl1.00_gl0.50_c200","gain_loss_trans",2,NA,0,0,1,0.5,200
"mk","model11","tl1.50_gl0.50_c200","tree_length",1.5,0.8,8,10,1.5,0.5,200
"mk","model11","tl1.50_gl0.50_c200","gain_loss_neo",2,NA,0,0,1.5,0.5,200
"mk","model11","tl1.50_gl0.50_c200","gain_loss_trans",2,NA,0,0,1.5,0.5,200
"mk","model11","tl2.50_gl0.50_c200","tree_length",2.5,0.6,6,10,2.5,0.5,200
"mk","model11","tl2.50_gl0.50_c200","gain_loss_neo",2,NA,0,0,2.5,0.5,200
"mk","model11","tl2.50_gl0.50_c200","gain_loss_trans",2,NA,0,0,2.5,0.5,200
"mk","model11","tl5.00_gl0.50_c200","tree_length",5,0,0,10,5,0.5,200
"mk","model11","tl5.00_gl0.50_c200","gain_loss_neo",2,NA,0,0,5,0.5,200
"mk","model11","tl5.00_gl0.50_c200","gain_loss_trans",2,NA,0,0,5,0.5,200
"mk","model11","tl1.00_gl1.00_c200","tree_length",1,0.9,9,10,1,1,200
"mk","model11","tl1.00_gl1.00_c200","gain_loss_neo",1,NA,0,0,1,1,200
"mk","model11","tl1.00_gl1.00_c200","gain_loss_trans",1,NA,0,0,1,1,200
"mk","model11","tl1.50_gl1.00_c200","tree_length",1.5,0.8,8,10,1.5,1,200
"mk","model11","tl1.50_gl1.00_c200","gain_loss_neo",1,NA,0,0,1.5,1,200
"mk","model11","tl1.50_gl1.00_c200","gain_loss_trans",1,NA,0,0,1.5,1,200
"mk","model11","tl2.50_gl1.00_c200","tree_length",2.5,0.6,6,10,2.5,1,200
"mk","model11","tl2.50_gl1.00_c200","gain_loss_neo",1,NA,0,0,2.5,1,200
"mk","model11","tl2.50_gl1.00_c200","gain_loss_trans",1,NA,0,0,2.5,1,200
"mk","model11","tl5.00_gl1.00_c200","tree_length",5,0,0,10,5,1,200
"mk","model11","tl5.00_gl1.00_c200","gain_loss_neo",1,NA,0,0,5,1,200
"mk","model11","tl5.00_gl1.00_c200","gain_loss_trans",1,NA,0,0,5,1,200
"mk","model12","tl1.00_gl0.10_c25","tree_length",1,0,0,7,1,0.1,25
"mk","model12","tl1.00_gl0.10_c25","gain_loss_neo",10,NA,0,0,1,0.1,25
"mk","model12","tl1.00_gl0.10_c25","gain_loss_trans",10,NA,0,0,1,0.1,25
"mk","model12","tl1.50_gl0.10_c25","tree_length",1.5,0,0,7,1.5,0.1,25
"mk","model12","tl1.50_gl0.10_c25","gain_loss_neo",10,NA,0,0,1.5,0.1,25
"mk","model12","tl1.50_gl0.10_c25","gain_loss_trans",10,NA,0,0,1.5,0.1,25
"mk","model12","tl2.50_gl0.10_c25","tree_length",2.5,0,0,6,2.5,0.1,25
"mk","model12","tl2.50_gl0.10_c25","gain_loss_neo",10,NA,0,0,2.5,0.1,25
"mk","model12","tl2.50_gl0.10_c25","gain_loss_trans",10,NA,0,0,2.5,0.1,25
"mk","model12","tl5.00_gl0.10_c25","tree_length",5,0,0,4,5,0.1,25
"mk","model12","tl5.00_gl0.10_c25","gain_loss_neo",10,NA,0,0,5,0.1,25
"mk","model12","tl5.00_gl0.10_c25","gain_loss_trans",10,NA,0,0,5,0.1,25
"mk","model12","tl1.00_gl0.25_c25","tree_length",1,0,0,7,1,0.25,25
"mk","model12","tl1.00_gl0.25_c25","gain_loss_neo",4,NA,0,0,1,0.25,25
"mk","model12","tl1.00_gl0.25_c25","gain_loss_trans",4,NA,0,0,1,0.25,25
"mk","model12","tl1.50_gl0.25_c25","tree_length",1.5,0,0,7,1.5,0.25,25
"mk","model12","tl1.50_gl0.25_c25","gain_loss_neo",4,NA,0,0,1.5,0.25,25
"mk","model12","tl1.50_gl0.25_c25","gain_loss_trans",4,NA,0,0,1.5,0.25,25
"mk","model12","tl2.50_gl0.25_c25","tree_length",2.5,0,0,3,2.5,0.25,25
"mk","model12","tl2.50_gl0.25_c25","gain_loss_neo",4,NA,0,0,2.5,0.25,25
"mk","model12","tl2.50_gl0.25_c25","gain_loss_trans",4,NA,0,0,2.5,0.25,25
"mk","model12","tl5.00_gl0.25_c25","tree_length",5,0,0,1,5,0.25,25
"mk","model12","tl5.00_gl0.25_c25","gain_loss_neo",4,NA,0,0,5,0.25,25
"mk","model12","tl5.00_gl0.25_c25","gain_loss_trans",4,NA,0,0,5,0.25,25
"mk","model12","tl1.00_gl0.50_c25","tree_length",1,0,0,6,1,0.5,25
"mk","model12","tl1.00_gl0.50_c25","gain_loss_neo",2,NA,0,0,1,0.5,25
"mk","model12","tl1.00_gl0.50_c25","gain_loss_trans",2,NA,0,0,1,0.5,25
"mk","model12","tl1.50_gl0.50_c25","tree_length",1.5,0,0,6,1.5,0.5,25
"mk","model12","tl1.50_gl0.50_c25","gain_loss_neo",2,NA,0,0,1.5,0.5,25
"mk","model12","tl1.50_gl0.50_c25","gain_loss_trans",2,NA,0,0,1.5,0.5,25
"mk","model12","tl2.50_gl0.50_c25","tree_length",2.5,0,0,5,2.5,0.5,25
"mk","model12","tl2.50_gl0.50_c25","gain_loss_neo",2,NA,0,0,2.5,0.5,25
"mk","model12","tl2.50_gl0.50_c25","gain_loss_trans",2,NA,0,0,2.5,0.5,25
"mk","model12","tl5.00_gl0.50_c25","tree_length",5,0,0,4,5,0.5,25
"mk","model12","tl5.00_gl0.50_c25","gain_loss_neo",2,NA,0,0,5,0.5,25
"mk","model12","tl5.00_gl0.50_c25","gain_loss_trans",2,NA,0,0,5,0.5,25
"mk","model12","tl1.00_gl1.00_c25","tree_length",1,0,0,8,1,1,25
"mk","model12","tl1.00_gl1.00_c25","gain_loss_neo",1,NA,0,0,1,1,25
"mk","model12","tl1.00_gl1.00_c25","gain_loss_trans",1,NA,0,0,1,1,25
"mk","model12","tl1.50_gl1.00_c25","tree_length",1.5,0,0,5,1.5,1,25
"mk","model12","tl1.50_gl1.00_c25","gain_loss_neo",1,NA,0,0,1.5,1,25
"mk","model12","tl1.50_gl1.00_c25","gain_loss_trans",1,NA,0,0,1.5,1,25
"mk","model12","tl2.50_gl1.00_c25","tree_length",2.5,0,0,5,2.5,1,25
"mk","model12","tl2.50_gl1.00_c25","gain_loss_neo",1,NA,0,0,2.5,1,25
"mk","model12","tl2.50_gl1.00_c25","gain_loss_trans",1,NA,0,0,2.5,1,25
"mk","model12","tl5.00_gl1.00_c25","tree_length",5,0,0,2,5,1,25
"mk","model12","tl5.00_gl1.00_c25","gain_loss_neo",1,NA,0,0,5,1,25
"mk","model12","tl5.00_gl1.00_c25","gain_loss_trans",1,NA,0,0,5,1,25
"mk","model12","tl1.00_gl0.10_c50","tree_length",1,0,0,4,1,0.1,50
"mk","model12","tl1.00_gl0.10_c50","gain_loss_neo",10,NA,0,0,1,0.1,50
"mk","model12","tl1.00_gl0.10_c50","gain_loss_trans",10,NA,0,0,1,0.1,50
"mk","model12","tl1.50_gl0.10_c50","tree_length",1.5,0,0,4,1.5,0.1,50
"mk","model12","tl1.50_gl0.10_c50","gain_loss_neo",10,NA,0,0,1.5,0.1,50
"mk","model12","tl1.50_gl0.10_c50","gain_loss_trans",10,NA,0,0,1.5,0.1,50
"mk","model12","tl2.50_gl0.10_c50","tree_length",2.5,0,0,2,2.5,0.1,50
"mk","model12","tl2.50_gl0.10_c50","gain_loss_neo",10,NA,0,0,2.5,0.1,50
"mk","model12","tl2.50_gl0.10_c50","gain_loss_trans",10,NA,0,0,2.5,0.1,50
"mk","model12","tl1.00_gl0.25_c50","tree_length",1,0,0,5,1,0.25,50
"mk","model12","tl1.00_gl0.25_c50","gain_loss_neo",4,NA,0,0,1,0.25,50
"mk","model12","tl1.00_gl0.25_c50","gain_loss_trans",4,NA,0,0,1,0.25,50
"mk","model12","tl1.50_gl0.25_c50","tree_length",1.5,0,0,4,1.5,0.25,50
"mk","model12","tl1.50_gl0.25_c50","gain_loss_neo",4,NA,0,0,1.5,0.25,50
"mk","model12","tl1.50_gl0.25_c50","gain_loss_trans",4,NA,0,0,1.5,0.25,50
"mk","model12","tl2.50_gl0.25_c50","tree_length",2.5,0,0,3,2.5,0.25,50
"mk","model12","tl2.50_gl0.25_c50","gain_loss_neo",4,NA,0,0,2.5,0.25,50
"mk","model12","tl2.50_gl0.25_c50","gain_loss_trans",4,NA,0,0,2.5,0.25,50
"mk","model12","tl1.00_gl0.50_c50","tree_length",1,0,0,5,1,0.5,50
"mk","model12","tl1.00_gl0.50_c50","gain_loss_neo",2,NA,0,0,1,0.5,50
"mk","model12","tl1.00_gl0.50_c50","gain_loss_trans",2,NA,0,0,1,0.5,50
"mk","model12","tl1.50_gl0.50_c50","tree_length",1.5,0,0,5,1.5,0.5,50
"mk","model12","tl1.50_gl0.50_c50","gain_loss_neo",2,NA,0,0,1.5,0.5,50
"mk","model12","tl1.50_gl0.50_c50","gain_loss_trans",2,NA,0,0,1.5,0.5,50
"mk","model12","tl2.50_gl0.50_c50","tree_length",2.5,0,0,5,2.5,0.5,50
"mk","model12","tl2.50_gl0.50_c50","gain_loss_neo",2,NA,0,0,2.5,0.5,50
"mk","model12","tl2.50_gl0.50_c50","gain_loss_trans",2,NA,0,0,2.5,0.5,50
"mk","model12","tl1.00_gl1.00_c50","tree_length",1,0,0,5,1,1,50
"mk","model12","tl1.00_gl1.00_c50","gain_loss_neo",1,NA,0,0,1,1,50
"mk","model12","tl1.00_gl1.00_c50","gain_loss_trans",1,NA,0,0,1,1,50
"mk","model12","tl1.50_gl1.00_c50","tree_length",1.5,0,0,2,1.5,1,50
"mk","model12","tl1.50_gl1.00_c50","gain_loss_neo",1,NA,0,0,1.5,1,50
"mk","model12","tl1.50_gl1.00_c50","gain_loss_trans",1,NA,0,0,1.5,1,50
"mk","model12","tl2.50_gl1.00_c50","tree_length",2.5,0,0,4,2.5,1,50
"mk","model12","tl2.50_gl1.00_c50","gain_loss_neo",1,NA,0,0,2.5,1,50
"mk","model12","tl2.50_gl1.00_c50","gain_loss_trans",1,NA,0,0,2.5,1,50
"nt","model1","tl1.00_gl0.10_pr1.00_c25","tree_length",1,0.6,6,10,1,0.1,25
"nt","model1","tl1.50_gl0.10_pr1.00_c25","tree_length",1.5,0.6,6,10,1.5,0.1,25
"nt","model1","tl2.50_gl0.10_pr1.00_c25","tree_length",2.5,0.5,2,4,2.5,0.1,25
"nt","model1","tl5.00_gl0.10_pr1.00_c25","tree_length",5,0.4,4,10,5,0.1,25
"nt","model1","tl1.00_gl0.25_pr1.00_c25","tree_length",1,0.6,6,10,1,0.25,25
"nt","model1","tl1.50_gl0.25_pr1.00_c25","tree_length",1.5,0.666666666666667,6,9,1.5,0.25,25
"nt","model1","tl2.50_gl0.25_pr1.00_c25","tree_length",2.5,0.428571428571429,3,7,2.5,0.25,25
"nt","model1","tl5.00_gl0.25_pr1.00_c25","tree_length",5,0.8,8,10,5,0.25,25
"nt","model1","tl1.00_gl0.50_pr1.00_c25","tree_length",1,0.7,7,10,1,0.5,25
"nt","model1","tl1.50_gl0.50_pr1.00_c25","tree_length",1.5,0.5,5,10,1.5,0.5,25
"nt","model1","tl2.50_gl0.50_pr1.00_c25","tree_length",2.5,0.5,5,10,2.5,0.5,25
"nt","model1","tl5.00_gl0.50_pr1.00_c25","tree_length",5,0.7,7,10,5,0.5,25
"nt","model1","tl1.00_gl1.00_pr1.00_c25","tree_length",1,0.6,6,10,1,1,25
"nt","model1","tl1.50_gl1.00_pr1.00_c25","tree_length",1.5,0.6,6,10,1.5,1,25
"nt","model1","tl2.50_gl1.00_pr1.00_c25","tree_length",2.5,0.5,5,10,2.5,1,25
"nt","model1","tl5.00_gl1.00_pr1.00_c25","tree_length",5,0.5,5,10,5,1,25
"nt","model1","tl1.00_gl0.10_pr2.50_c25","tree_length",1,0.7,7,10,1,0.1,25
"nt","model1","tl1.50_gl0.10_pr2.50_c25","tree_length",1.5,0.7,7,10,1.5,0.1,25
"nt","model1","tl2.50_gl0.10_pr2.50_c25","tree_length",2.5,0.6,6,10,2.5,0.1,25
"nt","model1","tl5.00_gl0.10_pr2.50_c25","tree_length",5,0.8,8,10,5,0.1,25
"nt","model1","tl1.00_gl0.25_pr2.50_c25","tree_length",1,0.3,3,10,1,0.25,25
"nt","model1","tl1.50_gl0.25_pr2.50_c25","tree_length",1.5,0.6,6,10,1.5,0.25,25
"nt","model1","tl2.50_gl0.25_pr2.50_c25","tree_length",2.5,0.6,6,10,2.5,0.25,25
"nt","model1","tl5.00_gl0.25_pr2.50_c25","tree_length",5,0.7,7,10,5,0.25,25
"nt","model1","tl1.00_gl0.50_pr2.50_c25","tree_length",1,0.7,7,10,1,0.5,25
"nt","model1","tl1.50_gl0.50_pr2.50_c25","tree_length",1.5,0.7,7,10,1.5,0.5,25
"nt","model1","tl2.50_gl0.50_pr2.50_c25","tree_length",2.5,0.6,6,10,2.5,0.5,25
"nt","model1","tl5.00_gl0.50_pr2.50_c25","tree_length",5,0.9,9,10,5,0.5,25
"nt","model1","tl1.00_gl1.00_pr2.50_c25","tree_length",1,0.8,8,10,1,1,25
"nt","model1","tl1.50_gl1.00_pr2.50_c25","tree_length",1.5,0.7,7,10,1.5,1,25
"nt","model1","tl2.50_gl1.00_pr2.50_c25","tree_length",2.5,0.7,7,10,2.5,1,25
"nt","model1","tl5.00_gl1.00_pr2.50_c25","tree_length",5,0.8,8,10,5,1,25
"nt","model1","tl1.00_gl0.10_pr5.00_c25","tree_length",1,0.8,8,10,1,0.1,25
"nt","model1","tl1.50_gl0.10_pr5.00_c25","tree_length",1.5,0.6,6,10,1.5,0.1,25
"nt","model1","tl2.50_gl0.10_pr5.00_c25","tree_length",2.5,0.7,7,10,2.5,0.1,25
"nt","model1","tl5.00_gl0.10_pr5.00_c25","tree_length",5,0.9,9,10,5,0.1,25
"nt","model1","tl1.00_gl0.25_pr5.00_c25","tree_length",1,0.7,7,10,1,0.25,25
"nt","model1","tl1.50_gl0.25_pr5.00_c25","tree_length",1.5,0.7,7,10,1.5,0.25,25
"nt","model1","tl2.50_gl0.25_pr5.00_c25","tree_length",2.5,0.7,7,10,2.5,0.25,25
"nt","model1","tl5.00_gl0.25_pr5.00_c25","tree_length",5,0.7,7,10,5,0.25,25
"nt","model1","tl1.00_gl0.50_pr5.00_c25","tree_length",1,0.5,5,10,1,0.5,25
"nt","model1","tl1.50_gl0.50_pr5.00_c25","tree_length",1.5,0.8,8,10,1.5,0.5,25
"nt","model1","tl2.50_gl0.50_pr5.00_c25","tree_length",2.5,0.7,7,10,2.5,0.5,25
"nt","model1","tl5.00_gl0.50_pr5.00_c25","tree_length",5,0.7,7,10,5,0.5,25
"nt","model1","tl1.00_gl1.00_pr5.00_c25","tree_length",1,0.4,4,10,1,1,25
"nt","model1","tl1.50_gl1.00_pr5.00_c25","tree_length",1.5,0.8,8,10,1.5,1,25
"nt","model1","tl2.50_gl1.00_pr5.00_c25","tree_length",2.5,0.6,6,10,2.5,1,25
"nt","model1","tl5.00_gl1.00_pr5.00_c25","tree_length",5,0.6,6,10,5,1,25
"nt","model1","tl1.00_gl0.10_pr1.00_c50","tree_length",1,0.6,6,10,1,0.1,50
"nt","model1","tl1.50_gl0.10_pr1.00_c50","tree_length",1.5,0.3,3,10,1.5,0.1,50
"nt","model1","tl2.50_gl0.10_pr1.00_c50","tree_length",2.5,0.8,8,10,2.5,0.1,50
"nt","model1","tl5.00_gl0.10_pr1.00_c50","tree_length",5,0.4,4,10,5,0.1,50
"nt","model1","tl1.00_gl0.25_pr1.00_c50","tree_length",1,0.6,6,10,1,0.25,50
"nt","model1","tl1.50_gl0.25_pr1.00_c50","tree_length",1.5,0.5,5,10,1.5,0.25,50
"nt","model1","tl2.50_gl0.25_pr1.00_c50","tree_length",2.5,0.5,5,10,2.5,0.25,50
"nt","model1","tl5.00_gl0.25_pr1.00_c50","tree_length",5,0.7,7,10,5,0.25,50
"nt","model1","tl1.00_gl0.50_pr1.00_c50","tree_length",1,0.5,5,10,1,0.5,50
"nt","model1","tl1.50_gl0.50_pr1.00_c50","tree_length",1.5,0.4,4,10,1.5,0.5,50
"nt","model1","tl2.50_gl0.50_pr1.00_c50","tree_length",2.5,0.5,5,10,2.5,0.5,50
"nt","model1","tl5.00_gl0.50_pr1.00_c50","tree_length",5,0.7,7,10,5,0.5,50
"nt","model1","tl1.00_gl1.00_pr1.00_c50","tree_length",1,0.4,4,10,1,1,50
"nt","model1","tl1.50_gl1.00_pr1.00_c50","tree_length",1.5,0.4,4,10,1.5,1,50
"nt","model1","tl2.50_gl1.00_pr1.00_c50","tree_length",2.5,0.4,4,10,2.5,1,50
"nt","model1","tl5.00_gl1.00_pr1.00_c50","tree_length",5,0.7,7,10,5,1,50
"nt","model1","tl1.00_gl0.10_pr2.50_c50","tree_length",1,0.3,3,10,1,0.1,50
"nt","model1","tl1.50_gl0.10_pr2.50_c50","tree_length",1.5,0.4,4,10,1.5,0.1,50
"nt","model1","tl2.50_gl0.10_pr2.50_c50","tree_length",2.5,0.5,5,10,2.5,0.1,50
"nt","model1","tl5.00_gl0.10_pr2.50_c50","tree_length",5,0.9,9,10,5,0.1,50
"nt","model1","tl1.00_gl0.25_pr2.50_c50","tree_length",1,0.3,3,10,1,0.25,50
"nt","model1","tl1.50_gl0.25_pr2.50_c50","tree_length",1.5,0.4,4,10,1.5,0.25,50
"nt","model1","tl2.50_gl0.25_pr2.50_c50","tree_length",2.5,0.5,5,10,2.5,0.25,50
"nt","model1","tl5.00_gl0.25_pr2.50_c50","tree_length",5,0.7,7,10,5,0.25,50
"nt","model1","tl1.00_gl0.50_pr2.50_c50","tree_length",1,0.4,4,10,1,0.5,50
"nt","model1","tl1.50_gl0.50_pr2.50_c50","tree_length",1.5,0.3,3,10,1.5,0.5,50
"nt","model1","tl2.50_gl0.50_pr2.50_c50","tree_length",2.5,0.5,5,10,2.5,0.5,50
"nt","model1","tl5.00_gl0.50_pr2.50_c50","tree_length",5,0.5,5,10,5,0.5,50
"nt","model1","tl1.00_gl1.00_pr2.50_c50","tree_length",1,0.5,5,10,1,1,50
"nt","model1","tl1.50_gl1.00_pr2.50_c50","tree_length",1.5,0.4,4,10,1.5,1,50
"nt","model1","tl2.50_gl1.00_pr2.50_c50","tree_length",2.5,0.5,5,10,2.5,1,50
"nt","model1","tl5.00_gl1.00_pr2.50_c50","tree_length",5,0.6,6,10,5,1,50
"nt","model1","tl1.00_gl0.10_pr5.00_c50","tree_length",1,0.5,5,10,1,0.1,50
"nt","model1","tl1.50_gl0.10_pr5.00_c50","tree_length",1.5,0.3,3,10,1.5,0.1,50
"nt","model1","tl2.50_gl0.10_pr5.00_c50","tree_length",2.5,0.5,5,10,2.5,0.1,50
"nt","model1","tl5.00_gl0.10_pr5.00_c50","tree_length",5,0.7,7,10,5,0.1,50
"nt","model1","tl1.00_gl0.25_pr5.00_c50","tree_length",1,0.5,5,10,1,0.25,50
"nt","model1","tl1.50_gl0.25_pr5.00_c50","tree_length",1.5,0.4,4,10,1.5,0.25,50
"nt","model1","tl2.50_gl0.25_pr5.00_c50","tree_length",2.5,0.6,6,10,2.5,0.25,50
"nt","model1","tl5.00_gl0.25_pr5.00_c50","tree_length",5,0.7,7,10,5,0.25,50
"nt","model1","tl1.00_gl0.50_pr5.00_c50","tree_length",1,0.5,5,10,1,0.5,50
"nt","model1","tl1.50_gl0.50_pr5.00_c50","tree_length",1.5,0.4,4,10,1.5,0.5,50
"nt","model1","tl2.50_gl0.50_pr5.00_c50","tree_length",2.5,0.6,6,10,2.5,0.5,50
"nt","model1","tl5.00_gl0.50_pr5.00_c50","tree_length",5,0.6,6,10,5,0.5,50
"nt","model1","tl1.00_gl1.00_pr5.00_c50","tree_length",1,0.6,6,10,1,1,50
"nt","model1","tl1.50_gl1.00_pr5.00_c50","tree_length",1.5,0.3,3,10,1.5,1,50
"nt","model1","tl2.50_gl1.00_pr5.00_c50","tree_length",2.5,0.4,4,10,2.5,1,50
"nt","model1","tl5.00_gl1.00_pr5.00_c50","tree_length",5,0.4,4,10,5,1,50
"nt","model1","tl1.00_gl0.10_pr1.00_c100","tree_length",1,0.2,2,10,1,0.1,100
"nt","model1","tl1.50_gl0.10_pr1.00_c100","tree_length",1.5,0.4,4,10,1.5,0.1,100
"nt","model1","tl2.50_gl0.10_pr1.00_c100","tree_length",2.5,0.4,4,10,2.5,0.1,100
"nt","model1","tl5.00_gl0.10_pr1.00_c100","tree_length",5,0.4,4,10,5,0.1,100
"nt","model1","tl1.00_gl0.25_pr1.00_c100","tree_length",1,0.3,3,10,1,0.25,100
"nt","model1","tl1.50_gl0.25_pr1.00_c100","tree_length",1.5,0.2,2,10,1.5,0.25,100
"nt","model1","tl2.50_gl0.25_pr1.00_c100","tree_length",2.5,0.4,4,10,2.5,0.25,100
"nt","model1","tl5.00_gl0.25_pr1.00_c100","tree_length",5,0.6,6,10,5,0.25,100
"nt","model1","tl1.00_gl0.50_pr1.00_c100","tree_length",1,0.4,4,10,1,0.5,100
"nt","model1","tl1.50_gl0.50_pr1.00_c100","tree_length",1.5,0.5,5,10,1.5,0.5,100
"nt","model1","tl2.50_gl0.50_pr1.00_c100","tree_length",2.5,0.3,3,10,2.5,0.5,100
"nt","model1","tl5.00_gl0.50_pr1.00_c100","tree_length",5,0.4,4,10,5,0.5,100
"nt","model1","tl1.00_gl1.00_pr1.00_c100","tree_length",1,0.5,5,10,1,1,100
"nt","model1","tl1.50_gl1.00_pr1.00_c100","tree_length",1.5,0.4,4,10,1.5,1,100
"nt","model1","tl2.50_gl1.00_pr1.00_c100","tree_length",2.5,0.3,3,10,2.5,1,100
"nt","model1","tl5.00_gl1.00_pr1.00_c100","tree_length",5,0.5,5,10,5,1,100
"nt","model1","tl1.00_gl0.10_pr2.50_c100","tree_length",1,0.1,1,10,1,0.1,100
"nt","model1","tl1.50_gl0.10_pr2.50_c100","tree_length",1.5,0.1,1,10,1.5,0.1,100
"nt","model1","tl2.50_gl0.10_pr2.50_c100","tree_length",2.5,0.3,3,10,2.5,0.1,100
"nt","model1","tl5.00_gl0.10_pr2.50_c100","tree_length",5,0.5,5,10,5,0.1,100
"nt","model1","tl1.00_gl0.25_pr2.50_c100","tree_length",1,0.3,3,10,1,0.25,100
"nt","model1","tl1.50_gl0.25_pr2.50_c100","tree_length",1.5,0.2,2,10,1.5,0.25,100
"nt","model1","tl2.50_gl0.25_pr2.50_c100","tree_length",2.5,0.3,3,10,2.5,0.25,100
"nt","model1","tl5.00_gl0.25_pr2.50_c100","tree_length",5,0.4,4,10,5,0.25,100
"nt","model1","tl1.00_gl0.50_pr2.50_c100","tree_length",1,0.4,4,10,1,0.5,100
"nt","model1","tl1.50_gl0.50_pr2.50_c100","tree_length",1.5,0.3,3,10,1.5,0.5,100
"nt","model1","tl2.50_gl0.50_pr2.50_c100","tree_length",2.5,0.5,5,10,2.5,0.5,100
"nt","model1","tl5.00_gl0.50_pr2.50_c100","tree_length",5,0.6,6,10,5,0.5,100
"nt","model1","tl1.00_gl1.00_pr2.50_c100","tree_length",1,0.4,4,10,1,1,100
"nt","model1","tl1.50_gl1.00_pr2.50_c100","tree_length",1.5,0.5,5,10,1.5,1,100
"nt","model1","tl2.50_gl1.00_pr2.50_c100","tree_length",2.5,0.4,4,10,2.5,1,100
"nt","model1","tl5.00_gl1.00_pr2.50_c100","tree_length",5,0.5,5,10,5,1,100
"nt","model1","tl1.00_gl0.10_pr5.00_c100","tree_length",1,0.2,2,10,1,0.1,100
"nt","model1","tl1.50_gl0.10_pr5.00_c100","tree_length",1.5,0.2,2,10,1.5,0.1,100
"nt","model1","tl2.50_gl0.10_pr5.00_c100","tree_length",2.5,0.3,3,10,2.5,0.1,100
"nt","model1","tl5.00_gl0.10_pr5.00_c100","tree_length",5,0.7,7,10,5,0.1,100
"nt","model1","tl1.00_gl0.25_pr5.00_c100","tree_length",1,0.5,5,10,1,0.25,100
"nt","model1","tl1.50_gl0.25_pr5.00_c100","tree_length",1.5,0.4,4,10,1.5,0.25,100
"nt","model1","tl2.50_gl0.25_pr5.00_c100","tree_length",2.5,0.4,4,10,2.5,0.25,100
"nt","model1","tl5.00_gl0.25_pr5.00_c100","tree_length",5,0.5,5,10,5,0.25,100
"nt","model1","tl1.00_gl0.50_pr5.00_c100","tree_length",1,0.3,3,10,1,0.5,100
"nt","model1","tl1.50_gl0.50_pr5.00_c100","tree_length",1.5,0.3,3,10,1.5,0.5,100
"nt","model1","tl2.50_gl0.50_pr5.00_c100","tree_length",2.5,0.4,4,10,2.5,0.5,100
"nt","model1","tl5.00_gl0.50_pr5.00_c100","tree_length",5,0.5,5,10,5,0.5,100
"nt","model1","tl1.00_gl1.00_pr5.00_c100","tree_length",1,0.3,3,10,1,1,100
"nt","model1","tl1.50_gl1.00_pr5.00_c100","tree_length",1.5,0.4,4,10,1.5,1,100
"nt","model1","tl2.50_gl1.00_pr5.00_c100","tree_length",2.5,0.5,5,10,2.5,1,100
"nt","model1","tl5.00_gl1.00_pr5.00_c100","tree_length",5,0.7,7,10,5,1,100
"nt","model1","tl1.00_gl0.10_pr1.00_c200","tree_length",1,0.1,1,10,1,0.1,200
"nt","model1","tl1.50_gl0.10_pr1.00_c200","tree_length",1.5,0.2,2,10,1.5,0.1,200
"nt","model1","tl2.50_gl0.10_pr1.00_c200","tree_length",2.5,0.4,4,10,2.5,0.1,200
"nt","model1","tl5.00_gl0.10_pr1.00_c200","tree_length",5,0.4,4,10,5,0.1,200
"nt","model1","tl1.00_gl0.25_pr1.00_c200","tree_length",1,0.2,2,10,1,0.25,200
"nt","model1","tl1.50_gl0.25_pr1.00_c200","tree_length",1.5,0.3,3,10,1.5,0.25,200
"nt","model1","tl2.50_gl0.25_pr1.00_c200","tree_length",2.5,0.2,2,10,2.5,0.25,200
"nt","model1","tl5.00_gl0.25_pr1.00_c200","tree_length",5,0.5,5,10,5,0.25,200
"nt","model1","tl1.00_gl0.50_pr1.00_c200","tree_length",1,0.3,3,10,1,0.5,200
"nt","model1","tl1.50_gl0.50_pr1.00_c200","tree_length",1.5,0.5,5,10,1.5,0.5,200
"nt","model1","tl2.50_gl0.50_pr1.00_c200","tree_length",2.5,0.4,4,10,2.5,0.5,200
"nt","model1","tl5.00_gl0.50_pr1.00_c200","tree_length",5,0.3,3,10,5,0.5,200
"nt","model1","tl1.00_gl1.00_pr1.00_c200","tree_length",1,0.4,4,10,1,1,200
"nt","model1","tl1.50_gl1.00_pr1.00_c200","tree_length",1.5,0.5,5,10,1.5,1,200
"nt","model1","tl2.50_gl1.00_pr1.00_c200","tree_length",2.5,0.4,4,10,2.5,1,200
"nt","model1","tl5.00_gl1.00_pr1.00_c200","tree_length",5,0.2,2,10,5,1,200
"nt","model1","tl1.00_gl0.10_pr2.50_c200","tree_length",1,0,0,10,1,0.1,200
"nt","model1","tl1.50_gl0.10_pr2.50_c200","tree_length",1.5,0,0,10,1.5,0.1,200
"nt","model1","tl2.50_gl0.10_pr2.50_c200","tree_length",2.5,0.2,2,10,2.5,0.1,200
"nt","model1","tl5.00_gl0.10_pr2.50_c200","tree_length",5,0.6,6,10,5,0.1,200
"nt","model1","tl1.00_gl0.25_pr2.50_c200","tree_length",1,0.3,3,10,1,0.25,200
"nt","model1","tl1.50_gl0.25_pr2.50_c200","tree_length",1.5,0.1,1,10,1.5,0.25,200
"nt","model1","tl2.50_gl0.25_pr2.50_c200","tree_length",2.5,0.2,2,10,2.5,0.25,200
"nt","model1","tl5.00_gl0.25_pr2.50_c200","tree_length",5,0.5,5,10,5,0.25,200
"nt","model1","tl1.00_gl0.50_pr2.50_c200","tree_length",1,0.4,4,10,1,0.5,200
"nt","model1","tl1.50_gl0.50_pr2.50_c200","tree_length",1.5,0.3,3,10,1.5,0.5,200
"nt","model1","tl2.50_gl0.50_pr2.50_c200","tree_length",2.5,0.3,3,10,2.5,0.5,200
"nt","model1","tl5.00_gl0.50_pr2.50_c200","tree_length",5,0.2,2,10,5,0.5,200
"nt","model1","tl1.00_gl1.00_pr2.50_c200","tree_length",1,0.4,4,10,1,1,200
"nt","model1","tl1.50_gl1.00_pr2.50_c200","tree_length",1.5,0.3,3,10,1.5,1,200
"nt","model1","tl2.50_gl1.00_pr2.50_c200","tree_length",2.5,0.4,4,10,2.5,1,200
"nt","model1","tl5.00_gl1.00_pr2.50_c200","tree_length",5,0.2,2,10,5,1,200
"nt","model1","tl1.00_gl0.10_pr5.00_c200","tree_length",1,0.1,1,10,1,0.1,200
"nt","model1","tl1.50_gl0.10_pr5.00_c200","tree_length",1.5,0,0,10,1.5,0.1,200
"nt","model1","tl2.50_gl0.10_pr5.00_c200","tree_length",2.5,0.2,2,10,2.5,0.1,200
"nt","model1","tl5.00_gl0.10_pr5.00_c200","tree_length",5,0.4,4,10,5,0.1,200
"nt","model1","tl1.00_gl0.25_pr5.00_c200","tree_length",1,0.2,2,10,1,0.25,200
"nt","model1","tl1.50_gl0.25_pr5.00_c200","tree_length",1.5,0.1,1,10,1.5,0.25,200
"nt","model1","tl2.50_gl0.25_pr5.00_c200","tree_length",2.5,0.2,2,10,2.5,0.25,200
"nt","model1","tl5.00_gl0.25_pr5.00_c200","tree_length",5,0.4,4,10,5,0.25,200
"nt","model1","tl1.00_gl0.50_pr5.00_c200","tree_length",1,0.2,2,10,1,0.5,200
"nt","model1","tl1.50_gl0.50_pr5.00_c200","tree_length",1.5,0.3,3,10,1.5,0.5,200
"nt","model1","tl2.50_gl0.50_pr5.00_c200","tree_length",2.5,0.4,4,10,2.5,0.5,200
"nt","model1","tl5.00_gl0.50_pr5.00_c200","tree_length",5,0.6,6,10,5,0.5,200
"nt","model1","tl1.00_gl1.00_pr5.00_c200","tree_length",1,0.4,4,10,1,1,200
"nt","model1","tl1.50_gl1.00_pr5.00_c200","tree_length",1.5,0.4,4,10,1.5,1,200
"nt","model1","tl2.50_gl1.00_pr5.00_c200","tree_length",2.5,0.2,2,10,2.5,1,200
"nt","model1","tl5.00_gl1.00_pr5.00_c200","tree_length",5,0.3,3,10,5,1,200
"nt","model2","tl1.00_gl0.10_pr1.00_c25","tree_length",1,0.7,7,10,1,0.1,25
"nt","model2","tl1.00_gl0.10_pr1.00_c25","gain_loss_ratio",10,NA,0,0,1,0.1,25
"nt","model2","tl1.50_gl0.10_pr1.00_c25","tree_length",1.5,0.8,8,10,1.5,0.1,25
"nt","model2","tl1.50_gl0.10_pr1.00_c25","gain_loss_ratio",10,NA,0,0,1.5,0.1,25
"nt","model2","tl2.50_gl0.10_pr1.00_c25","tree_length",2.5,0.6,6,10,2.5,0.1,25
"nt","model2","tl2.50_gl0.10_pr1.00_c25","gain_loss_ratio",10,NA,0,0,2.5,0.1,25
"nt","model2","tl5.00_gl0.10_pr1.00_c25","tree_length",5,0.7,7,10,5,0.1,25
"nt","model2","tl5.00_gl0.10_pr1.00_c25","gain_loss_ratio",10,NA,0,0,5,0.1,25
"nt","model2","tl1.00_gl0.25_pr1.00_c25","tree_length",1,0.6,6,10,1,0.25,25
"nt","model2","tl1.00_gl0.25_pr1.00_c25","gain_loss_ratio",4,NA,0,0,1,0.25,25
"nt","model2","tl1.50_gl0.25_pr1.00_c25","tree_length",1.5,0.777777777777778,7,9,1.5,0.25,25
"nt","model2","tl1.50_gl0.25_pr1.00_c25","gain_loss_ratio",4,NA,0,0,1.5,0.25,25
"nt","model2","tl2.50_gl0.25_pr1.00_c25","tree_length",2.5,0.5,5,10,2.5,0.25,25
"nt","model2","tl2.50_gl0.25_pr1.00_c25","gain_loss_ratio",4,NA,0,0,2.5,0.25,25
"nt","model2","tl5.00_gl0.25_pr1.00_c25","tree_length",5,0.8,8,10,5,0.25,25
"nt","model2","tl5.00_gl0.25_pr1.00_c25","gain_loss_ratio",4,NA,0,0,5,0.25,25
"nt","model2","tl1.00_gl0.50_pr1.00_c25","tree_length",1,0.8,8,10,1,0.5,25
"nt","model2","tl1.00_gl0.50_pr1.00_c25","gain_loss_ratio",2,NA,0,0,1,0.5,25
"nt","model2","tl1.50_gl0.50_pr1.00_c25","tree_length",1.5,0.6,6,10,1.5,0.5,25
"nt","model2","tl1.50_gl0.50_pr1.00_c25","gain_loss_ratio",2,NA,0,0,1.5,0.5,25
"nt","model2","tl2.50_gl0.50_pr1.00_c25","tree_length",2.5,0.6,6,10,2.5,0.5,25
"nt","model2","tl2.50_gl0.50_pr1.00_c25","gain_loss_ratio",2,NA,0,0,2.5,0.5,25
"nt","model2","tl5.00_gl0.50_pr1.00_c25","tree_length",5,0.8,8,10,5,0.5,25
"nt","model2","tl5.00_gl0.50_pr1.00_c25","gain_loss_ratio",2,NA,0,0,5,0.5,25
"nt","model2","tl1.00_gl1.00_pr1.00_c25","tree_length",1,0.6,6,10,1,1,25
"nt","model2","tl1.00_gl1.00_pr1.00_c25","gain_loss_ratio",1,NA,0,0,1,1,25
"nt","model2","tl1.50_gl1.00_pr1.00_c25","tree_length",1.5,0.7,7,10,1.5,1,25
"nt","model2","tl1.50_gl1.00_pr1.00_c25","gain_loss_ratio",1,NA,0,0,1.5,1,25
"nt","model2","tl2.50_gl1.00_pr1.00_c25","tree_length",2.5,0.6,6,10,2.5,1,25
"nt","model2","tl2.50_gl1.00_pr1.00_c25","gain_loss_ratio",1,NA,0,0,2.5,1,25
"nt","model2","tl5.00_gl1.00_pr1.00_c25","tree_length",5,0.8,8,10,5,1,25
"nt","model2","tl5.00_gl1.00_pr1.00_c25","gain_loss_ratio",1,NA,0,0,5,1,25
"nt","model2","tl1.00_gl0.10_pr2.50_c25","tree_length",1,0.9,9,10,1,0.1,25
"nt","model2","tl1.00_gl0.10_pr2.50_c25","gain_loss_ratio",10,NA,0,0,1,0.1,25
"nt","model2","tl1.50_gl0.10_pr2.50_c25","tree_length",1.5,0.9,9,10,1.5,0.1,25
"nt","model2","tl1.50_gl0.10_pr2.50_c25","gain_loss_ratio",10,NA,0,0,1.5,0.1,25
"nt","model2","tl2.50_gl0.10_pr2.50_c25","tree_length",2.5,0.7,7,10,2.5,0.1,25
"nt","model2","tl2.50_gl0.10_pr2.50_c25","gain_loss_ratio",10,NA,0,0,2.5,0.1,25
"nt","model2","tl5.00_gl0.10_pr2.50_c25","tree_length",5,0.9,9,10,5,0.1,25
"nt","model2","tl5.00_gl0.10_pr2.50_c25","gain_loss_ratio",10,NA,0,0,5,0.1,25
"nt","model2","tl1.00_gl0.25_pr2.50_c25","tree_length",1,0.7,7,10,1,0.25,25
"nt","model2","tl1.00_gl0.25_pr2.50_c25","gain_loss_ratio",4,NA,0,0,1,0.25,25
"nt","model2","tl1.50_gl0.25_pr2.50_c25","tree_length",1.5,0.7,7,10,1.5,0.25,25
"nt","model2","tl1.50_gl0.25_pr2.50_c25","gain_loss_ratio",4,NA,0,0,1.5,0.25,25
"nt","model2","tl2.50_gl0.25_pr2.50_c25","tree_length",2.5,0.7,7,10,2.5,0.25,25
"nt","model2","tl2.50_gl0.25_pr2.50_c25","gain_loss_ratio",4,NA,0,0,2.5,0.25,25
"nt","model2","tl5.00_gl0.25_pr2.50_c25","tree_length",5,0.8,8,10,5,0.25,25
"nt","model2","tl5.00_gl0.25_pr2.50_c25","gain_loss_ratio",4,NA,0,0,5,0.25,25
"nt","model2","tl1.00_gl0.50_pr2.50_c25","tree_length",1,0.8,8,10,1,0.5,25
"nt","model2","tl1.00_gl0.50_pr2.50_c25","gain_loss_ratio",2,NA,0,0,1,0.5,25
"nt","model2","tl1.50_gl0.50_pr2.50_c25","tree_length",1.5,0.7,7,10,1.5,0.5,25
"nt","model2","tl1.50_gl0.50_pr2.50_c25","gain_loss_ratio",2,NA,0,0,1.5,0.5,25
"nt","model2","tl2.50_gl0.50_pr2.50_c25","tree_length",2.5,0.5,5,10,2.5,0.5,25
"nt","model2","tl2.50_gl0.50_pr2.50_c25","gain_loss_ratio",2,NA,0,0,2.5,0.5,25
"nt","model2","tl5.00_gl0.50_pr2.50_c25","tree_length",5,0.8,8,10,5,0.5,25
"nt","model2","tl5.00_gl0.50_pr2.50_c25","gain_loss_ratio",2,NA,0,0,5,0.5,25
"nt","model2","tl1.00_gl1.00_pr2.50_c25","tree_length",1,0.8,8,10,1,1,25
"nt","model2","tl1.00_gl1.00_pr2.50_c25","gain_loss_ratio",1,NA,0,0,1,1,25
"nt","model2","tl1.50_gl1.00_pr2.50_c25","tree_length",1.5,0.7,7,10,1.5,1,25
"nt","model2","tl1.50_gl1.00_pr2.50_c25","gain_loss_ratio",1,NA,0,0,1.5,1,25
"nt","model2","tl2.50_gl1.00_pr2.50_c25","tree_length",2.5,0.7,7,10,2.5,1,25
"nt","model2","tl2.50_gl1.00_pr2.50_c25","gain_loss_ratio",1,NA,0,0,2.5,1,25
"nt","model2","tl5.00_gl1.00_pr2.50_c25","tree_length",5,0.7,7,10,5,1,25
"nt","model2","tl5.00_gl1.00_pr2.50_c25","gain_loss_ratio",1,NA,0,0,5,1,25
"nt","model2","tl1.00_gl0.10_pr5.00_c25","tree_length",1,0.8,8,10,1,0.1,25
"nt","model2","tl1.00_gl0.10_pr5.00_c25","gain_loss_ratio",10,NA,0,0,1,0.1,25
"nt","model2","tl1.50_gl0.10_pr5.00_c25","tree_length",1.5,0.7,7,10,1.5,0.1,25
"nt","model2","tl1.50_gl0.10_pr5.00_c25","gain_loss_ratio",10,NA,0,0,1.5,0.1,25
"nt","model2","tl2.50_gl0.10_pr5.00_c25","tree_length",2.5,0.6,6,10,2.5,0.1,25
"nt","model2","tl2.50_gl0.10_pr5.00_c25","gain_loss_ratio",10,NA,0,0,2.5,0.1,25
"nt","model2","tl5.00_gl0.10_pr5.00_c25","tree_length",5,0.9,9,10,5,0.1,25
"nt","model2","tl5.00_gl0.10_pr5.00_c25","gain_loss_ratio",10,NA,0,0,5,0.1,25
"nt","model2","tl1.00_gl0.25_pr5.00_c25","tree_length",1,0.7,7,10,1,0.25,25
"nt","model2","tl1.00_gl0.25_pr5.00_c25","gain_loss_ratio",4,NA,0,0,1,0.25,25
"nt","model2","tl1.50_gl0.25_pr5.00_c25","tree_length",1.5,0.7,7,10,1.5,0.25,25
"nt","model2","tl1.50_gl0.25_pr5.00_c25","gain_loss_ratio",4,NA,0,0,1.5,0.25,25
"nt","model2","tl2.50_gl0.25_pr5.00_c25","tree_length",2.5,0.7,7,10,2.5,0.25,25
"nt","model2","tl2.50_gl0.25_pr5.00_c25","gain_loss_ratio",4,NA,0,0,2.5,0.25,25
"nt","model2","tl5.00_gl0.25_pr5.00_c25","tree_length",5,0.6,6,10,5,0.25,25
"nt","model2","tl5.00_gl0.25_pr5.00_c25","gain_loss_ratio",4,NA,0,0,5,0.25,25
"nt","model2","tl1.00_gl0.50_pr5.00_c25","tree_length",1,0.6,6,10,1,0.5,25
"nt","model2","tl1.00_gl0.50_pr5.00_c25","gain_loss_ratio",2,NA,0,0,1,0.5,25
"nt","model2","tl1.50_gl0.50_pr5.00_c25","tree_length",1.5,0.8,8,10,1.5,0.5,25
"nt","model2","tl1.50_gl0.50_pr5.00_c25","gain_loss_ratio",2,NA,0,0,1.5,0.5,25
"nt","model2","tl2.50_gl0.50_pr5.00_c25","tree_length",2.5,0.7,7,10,2.5,0.5,25
"nt","model2","tl2.50_gl0.50_pr5.00_c25","gain_loss_ratio",2,NA,0,0,2.5,0.5,25
"nt","model2","tl5.00_gl0.50_pr5.00_c25","tree_length",5,0.8,8,10,5,0.5,25
"nt","model2","tl5.00_gl0.50_pr5.00_c25","gain_loss_ratio",2,NA,0,0,5,0.5,25
"nt","model2","tl1.00_gl1.00_pr5.00_c25","tree_length",1,0.5,5,10,1,1,25
"nt","model2","tl1.00_gl1.00_pr5.00_c25","gain_loss_ratio",1,NA,0,0,1,1,25
"nt","model2","tl1.50_gl1.00_pr5.00_c25","tree_length",1.5,0.8,8,10,1.5,1,25
"nt","model2","tl1.50_gl1.00_pr5.00_c25","gain_loss_ratio",1,NA,0,0,1.5,1,25
"nt","model2","tl2.50_gl1.00_pr5.00_c25","tree_length",2.5,0.7,7,10,2.5,1,25
"nt","model2","tl2.50_gl1.00_pr5.00_c25","gain_loss_ratio",1,NA,0,0,2.5,1,25
"nt","model2","tl5.00_gl1.00_pr5.00_c25","tree_length",5,0.5,5,10,5,1,25
"nt","model2","tl5.00_gl1.00_pr5.00_c25","gain_loss_ratio",1,NA,0,0,5,1,25
"nt","model2","tl1.00_gl0.10_pr1.00_c50","tree_length",1,0.6,6,10,1,0.1,50
"nt","model2","tl1.00_gl0.10_pr1.00_c50","gain_loss_ratio",10,NA,0,0,1,0.1,50
"nt","model2","tl1.50_gl0.10_pr1.00_c50","tree_length",1.5,0.6,6,10,1.5,0.1,50
"nt","model2","tl1.50_gl0.10_pr1.00_c50","gain_loss_ratio",10,NA,0,0,1.5,0.1,50
"nt","model2","tl2.50_gl0.10_pr1.00_c50","tree_length",2.5,0.7,7,10,2.5,0.1,50
"nt","model2","tl2.50_gl0.10_pr1.00_c50","gain_loss_ratio",10,NA,0,0,2.5,0.1,50
"nt","model2","tl5.00_gl0.10_pr1.00_c50","tree_length",5,0.6,6,10,5,0.1,50
"nt","model2","tl5.00_gl0.10_pr1.00_c50","gain_loss_ratio",10,NA,0,0,5,0.1,50
"nt","model2","tl1.00_gl0.25_pr1.00_c50","tree_length",1,0.7,7,10,1,0.25,50
"nt","model2","tl1.00_gl0.25_pr1.00_c50","gain_loss_ratio",4,NA,0,0,1,0.25,50
"nt","model2","tl1.50_gl0.25_pr1.00_c50","tree_length",1.5,0.5,5,10,1.5,0.25,50
"nt","model2","tl1.50_gl0.25_pr1.00_c50","gain_loss_ratio",4,NA,0,0,1.5,0.25,50
"nt","model2","tl2.50_gl0.25_pr1.00_c50","tree_length",2.5,0.4,4,10,2.5,0.25,50
"nt","model2","tl2.50_gl0.25_pr1.00_c50","gain_loss_ratio",4,NA,0,0,2.5,0.25,50
"nt","model2","tl5.00_gl0.25_pr1.00_c50","tree_length",5,0.5,5,10,5,0.25,50
"nt","model2","tl5.00_gl0.25_pr1.00_c50","gain_loss_ratio",4,NA,0,0,5,0.25,50
"nt","model2","tl1.00_gl0.50_pr1.00_c50","tree_length",1,0.6,6,10,1,0.5,50
"nt","model2","tl1.00_gl0.50_pr1.00_c50","gain_loss_ratio",2,NA,0,0,1,0.5,50
"nt","model2","tl1.50_gl0.50_pr1.00_c50","tree_length",1.5,0.5,5,10,1.5,0.5,50
"nt","model2","tl1.50_gl0.50_pr1.00_c50","gain_loss_ratio",2,NA,0,0,1.5,0.5,50
"nt","model2","tl2.50_gl0.50_pr1.00_c50","tree_length",2.5,0.5,5,10,2.5,0.5,50
"nt","model2","tl2.50_gl0.50_pr1.00_c50","gain_loss_ratio",2,NA,0,0,2.5,0.5,50
"nt","model2","tl5.00_gl0.50_pr1.00_c50","tree_length",5,0.5,5,10,5,0.5,50
"nt","model2","tl5.00_gl0.50_pr1.00_c50","gain_loss_ratio",2,NA,0,0,5,0.5,50
"nt","model2","tl1.00_gl1.00_pr1.00_c50","tree_length",1,0.5,5,10,1,1,50
"nt","model2","tl1.00_gl1.00_pr1.00_c50","gain_loss_ratio",1,NA,0,0,1,1,50
"nt","model2","tl1.50_gl1.00_pr1.00_c50","tree_length",1.5,0.6,6,10,1.5,1,50
"nt","model2","tl1.50_gl1.00_pr1.00_c50","gain_loss_ratio",1,NA,0,0,1.5,1,50
"nt","model2","tl2.50_gl1.00_pr1.00_c50","tree_length",2.5,0.5,5,10,2.5,1,50
"nt","model2","tl2.50_gl1.00_pr1.00_c50","gain_loss_ratio",1,NA,0,0,2.5,1,50
"nt","model2","tl5.00_gl1.00_pr1.00_c50","tree_length",5,0.6,6,10,5,1,50
"nt","model2","tl5.00_gl1.00_pr1.00_c50","gain_loss_ratio",1,NA,0,0,5,1,50
"nt","model2","tl1.00_gl0.10_pr2.50_c50","tree_length",1,0.8,8,10,1,0.1,50
"nt","model2","tl1.00_gl0.10_pr2.50_c50","gain_loss_ratio",10,NA,0,0,1,0.1,50
"nt","model2","tl1.50_gl0.10_pr2.50_c50","tree_length",1.5,0.6,6,10,1.5,0.1,50
"nt","model2","tl1.50_gl0.10_pr2.50_c50","gain_loss_ratio",10,NA,0,0,1.5,0.1,50
"nt","model2","tl2.50_gl0.10_pr2.50_c50","tree_length",2.5,0.5,5,10,2.5,0.1,50
"nt","model2","tl2.50_gl0.10_pr2.50_c50","gain_loss_ratio",10,NA,0,0,2.5,0.1,50
"nt","model2","tl5.00_gl0.10_pr2.50_c50","tree_length",5,0.8,8,10,5,0.1,50
"nt","model2","tl5.00_gl0.10_pr2.50_c50","gain_loss_ratio",10,NA,0,0,5,0.1,50
"nt","model2","tl1.00_gl0.25_pr2.50_c50","tree_length",1,0.3,3,10,1,0.25,50
"nt","model2","tl1.00_gl0.25_pr2.50_c50","gain_loss_ratio",4,NA,0,0,1,0.25,50
"nt","model2","tl1.50_gl0.25_pr2.50_c50","tree_length",1.5,0.4,4,10,1.5,0.25,50
"nt","model2","tl1.50_gl0.25_pr2.50_c50","gain_loss_ratio",4,NA,0,0,1.5,0.25,50
"nt","model2","tl2.50_gl0.25_pr2.50_c50","tree_length",2.5,0.5,5,10,2.5,0.25,50
"nt","model2","tl2.50_gl0.25_pr2.50_c50","gain_loss_ratio",4,NA,0,0,2.5,0.25,50
"nt","model2","tl5.00_gl0.25_pr2.50_c50","tree_length",5,0.6,6,10,5,0.25,50
"nt","model2","tl5.00_gl0.25_pr2.50_c50","gain_loss_ratio",4,NA,0,0,5,0.25,50
"nt","model2","tl1.00_gl0.50_pr2.50_c50","tree_length",1,0.5,5,10,1,0.5,50
"nt","model2","tl1.00_gl0.50_pr2.50_c50","gain_loss_ratio",2,NA,0,0,1,0.5,50
"nt","model2","tl1.50_gl0.50_pr2.50_c50","tree_length",1.5,0.4,4,10,1.5,0.5,50
"nt","model2","tl1.50_gl0.50_pr2.50_c50","gain_loss_ratio",2,NA,0,0,1.5,0.5,50
"nt","model2","tl2.50_gl0.50_pr2.50_c50","tree_length",2.5,0.5,5,10,2.5,0.5,50
"nt","model2","tl2.50_gl0.50_pr2.50_c50","gain_loss_ratio",2,NA,0,0,2.5,0.5,50
"nt","model2","tl5.00_gl0.50_pr2.50_c50","tree_length",5,0.5,5,10,5,0.5,50
"nt","model2","tl5.00_gl0.50_pr2.50_c50","gain_loss_ratio",2,NA,0,0,5,0.5,50
"nt","model2","tl1.00_gl1.00_pr2.50_c50","tree_length",1,0.6,6,10,1,1,50
"nt","model2","tl1.00_gl1.00_pr2.50_c50","gain_loss_ratio",1,NA,0,0,1,1,50
"nt","model2","tl1.50_gl1.00_pr2.50_c50","tree_length",1.5,0.4,4,10,1.5,1,50
"nt","model2","tl1.50_gl1.00_pr2.50_c50","gain_loss_ratio",1,NA,0,0,1.5,1,50
"nt","model2","tl2.50_gl1.00_pr2.50_c50","tree_length",2.5,0.6,6,10,2.5,1,50
"nt","model2","tl2.50_gl1.00_pr2.50_c50","gain_loss_ratio",1,NA,0,0,2.5,1,50
"nt","model2","tl5.00_gl1.00_pr2.50_c50","tree_length",5,0.4,4,10,5,1,50
"nt","model2","tl5.00_gl1.00_pr2.50_c50","gain_loss_ratio",1,NA,0,0,5,1,50
"nt","model2","tl1.00_gl0.10_pr5.00_c50","tree_length",1,0.6,6,10,1,0.1,50
"nt","model2","tl1.00_gl0.10_pr5.00_c50","gain_loss_ratio",10,NA,0,0,1,0.1,50
"nt","model2","tl1.50_gl0.10_pr5.00_c50","tree_length",1.5,0.4,4,10,1.5,0.1,50
"nt","model2","tl1.50_gl0.10_pr5.00_c50","gain_loss_ratio",10,NA,0,0,1.5,0.1,50
"nt","model2","tl2.50_gl0.10_pr5.00_c50","tree_length",2.5,0.6,6,10,2.5,0.1,50
"nt","model2","tl2.50_gl0.10_pr5.00_c50","gain_loss_ratio",10,NA,0,0,2.5,0.1,50
"nt","model2","tl5.00_gl0.10_pr5.00_c50","tree_length",5,0.6,6,10,5,0.1,50
"nt","model2","tl5.00_gl0.10_pr5.00_c50","gain_loss_ratio",10,NA,0,0,5,0.1,50
"nt","model2","tl1.00_gl0.25_pr5.00_c50","tree_length",1,0.7,7,10,1,0.25,50
"nt","model2","tl1.00_gl0.25_pr5.00_c50","gain_loss_ratio",4,NA,0,0,1,0.25,50
"nt","model2","tl1.50_gl0.25_pr5.00_c50","tree_length",1.5,0.5,5,10,1.5,0.25,50
"nt","model2","tl1.50_gl0.25_pr5.00_c50","gain_loss_ratio",4,NA,0,0,1.5,0.25,50
"nt","model2","tl2.50_gl0.25_pr5.00_c50","tree_length",2.5,0.5,5,10,2.5,0.25,50
"nt","model2","tl2.50_gl0.25_pr5.00_c50","gain_loss_ratio",4,NA,0,0,2.5,0.25,50
"nt","model2","tl5.00_gl0.25_pr5.00_c50","tree_length",5,0.5,5,10,5,0.25,50
"nt","model2","tl5.00_gl0.25_pr5.00_c50","gain_loss_ratio",4,NA,0,0,5,0.25,50
"nt","model2","tl1.00_gl0.50_pr5.00_c50","tree_length",1,0.7,7,10,1,0.5,50
"nt","model2","tl1.00_gl0.50_pr5.00_c50","gain_loss_ratio",2,NA,0,0,1,0.5,50
"nt","model2","tl1.50_gl0.50_pr5.00_c50","tree_length",1.5,0.4,4,10,1.5,0.5,50
"nt","model2","tl1.50_gl0.50_pr5.00_c50","gain_loss_ratio",2,NA,0,0,1.5,0.5,50
"nt","model2","tl2.50_gl0.50_pr5.00_c50","tree_length",2.5,0.6,6,10,2.5,0.5,50
"nt","model2","tl2.50_gl0.50_pr5.00_c50","gain_loss_ratio",2,NA,0,0,2.5,0.5,50
"nt","model2","tl5.00_gl0.50_pr5.00_c50","tree_length",5,0.7,7,10,5,0.5,50
"nt","model2","tl5.00_gl0.50_pr5.00_c50","gain_loss_ratio",2,NA,0,0,5,0.5,50
"nt","model2","tl1.00_gl1.00_pr5.00_c50","tree_length",1,0.7,7,10,1,1,50
"nt","model2","tl1.00_gl1.00_pr5.00_c50","gain_loss_ratio",1,NA,0,0,1,1,50
"nt","model2","tl1.50_gl1.00_pr5.00_c50","tree_length",1.5,0.6,6,10,1.5,1,50
"nt","model2","tl1.50_gl1.00_pr5.00_c50","gain_loss_ratio",1,NA,0,0,1.5,1,50
"nt","model2","tl2.50_gl1.00_pr5.00_c50","tree_length",2.5,0.4,4,10,2.5,1,50
"nt","model2","tl2.50_gl1.00_pr5.00_c50","gain_loss_ratio",1,NA,0,0,2.5,1,50
"nt","model2","tl5.00_gl1.00_pr5.00_c50","tree_length",5,0.4,4,10,5,1,50
"nt","model2","tl5.00_gl1.00_pr5.00_c50","gain_loss_ratio",1,NA,0,0,5,1,50
"nt","model2","tl1.00_gl0.10_pr1.00_c100","tree_length",1,0.4,4,10,1,0.1,100
"nt","model2","tl1.00_gl0.10_pr1.00_c100","gain_loss_ratio",10,NA,0,0,1,0.1,100
"nt","model2","tl1.50_gl0.10_pr1.00_c100","tree_length",1.5,0.6,6,10,1.5,0.1,100
"nt","model2","tl1.50_gl0.10_pr1.00_c100","gain_loss_ratio",10,NA,0,0,1.5,0.1,100
"nt","model2","tl2.50_gl0.10_pr1.00_c100","tree_length",2.5,0.4,4,10,2.5,0.1,100
"nt","model2","tl2.50_gl0.10_pr1.00_c100","gain_loss_ratio",10,NA,0,0,2.5,0.1,100
"nt","model2","tl5.00_gl0.10_pr1.00_c100","tree_length",5,0.5,5,10,5,0.1,100
"nt","model2","tl5.00_gl0.10_pr1.00_c100","gain_loss_ratio",10,NA,0,0,5,0.1,100
"nt","model2","tl1.00_gl0.25_pr1.00_c100","tree_length",1,0.5,5,10,1,0.25,100
"nt","model2","tl1.00_gl0.25_pr1.00_c100","gain_loss_ratio",4,NA,0,0,1,0.25,100
"nt","model2","tl1.50_gl0.25_pr1.00_c100","tree_length",1.5,0.4,4,10,1.5,0.25,100
"nt","model2","tl1.50_gl0.25_pr1.00_c100","gain_loss_ratio",4,NA,0,0,1.5,0.25,100
"nt","model2","tl2.50_gl0.25_pr1.00_c100","tree_length",2.5,0.5,5,10,2.5,0.25,100
"nt","model2","tl2.50_gl0.25_pr1.00_c100","gain_loss_ratio",4,NA,0,0,2.5,0.25,100
"nt","model2","tl5.00_gl0.25_pr1.00_c100","tree_length",5,0.6,6,10,5,0.25,100
"nt","model2","tl5.00_gl0.25_pr1.00_c100","gain_loss_ratio",4,NA,0,0,5,0.25,100
"nt","model2","tl1.00_gl0.50_pr1.00_c100","tree_length",1,0.5,5,10,1,0.5,100
"nt","model2","tl1.00_gl0.50_pr1.00_c100","gain_loss_ratio",2,NA,0,0,1,0.5,100
"nt","model2","tl1.50_gl0.50_pr1.00_c100","tree_length",1.5,0.5,5,10,1.5,0.5,100
"nt","model2","tl1.50_gl0.50_pr1.00_c100","gain_loss_ratio",2,NA,0,0,1.5,0.5,100
"nt","model2","tl2.50_gl0.50_pr1.00_c100","tree_length",2.5,0.5,5,10,2.5,0.5,100
"nt","model2","tl2.50_gl0.50_pr1.00_c100","gain_loss_ratio",2,NA,0,0,2.5,0.5,100
"nt","model2","tl5.00_gl0.50_pr1.00_c100","tree_length",5,0.4,4,10,5,0.5,100
"nt","model2","tl5.00_gl0.50_pr1.00_c100","gain_loss_ratio",2,NA,0,0,5,0.5,100
"nt","model2","tl1.00_gl1.00_pr1.00_c100","tree_length",1,0.6,6,10,1,1,100
"nt","model2","tl1.00_gl1.00_pr1.00_c100","gain_loss_ratio",1,NA,0,0,1,1,100
"nt","model2","tl1.50_gl1.00_pr1.00_c100","tree_length",1.5,0.5,5,10,1.5,1,100
"nt","model2","tl1.50_gl1.00_pr1.00_c100","gain_loss_ratio",1,NA,0,0,1.5,1,100
"nt","model2","tl2.50_gl1.00_pr1.00_c100","tree_length",2.5,0.3,3,10,2.5,1,100
"nt","model2","tl2.50_gl1.00_pr1.00_c100","gain_loss_ratio",1,NA,0,0,2.5,1,100
"nt","model2","tl5.00_gl1.00_pr1.00_c100","tree_length",5,0.4,4,10,5,1,100
"nt","model2","tl5.00_gl1.00_pr1.00_c100","gain_loss_ratio",1,NA,0,0,5,1,100
"nt","model2","tl1.00_gl0.10_pr2.50_c100","tree_length",1,0.4,4,10,1,0.1,100
"nt","model2","tl1.00_gl0.10_pr2.50_c100","gain_loss_ratio",10,NA,0,0,1,0.1,100
"nt","model2","tl1.50_gl0.10_pr2.50_c100","tree_length",1.5,0.4,4,10,1.5,0.1,100
"nt","model2","tl1.50_gl0.10_pr2.50_c100","gain_loss_ratio",10,NA,0,0,1.5,0.1,100
"nt","model2","tl2.50_gl0.10_pr2.50_c100","tree_length",2.5,0.4,4,10,2.5,0.1,100
"nt","model2","tl2.50_gl0.10_pr2.50_c100","gain_loss_ratio",10,NA,0,0,2.5,0.1,100
"nt","model2","tl5.00_gl0.10_pr2.50_c100","tree_length",5,0.5,5,10,5,0.1,100
"nt","model2","tl5.00_gl0.10_pr2.50_c100","gain_loss_ratio",10,NA,0,0,5,0.1,100
"nt","model2","tl1.00_gl0.25_pr2.50_c100","tree_length",1,0.444444444444444,4,9,1,0.25,100
"nt","model2","tl1.00_gl0.25_pr2.50_c100","gain_loss_ratio",4,NA,0,0,1,0.25,100
"nt","model2","tl1.50_gl0.25_pr2.50_c100","tree_length",1.5,0.4,4,10,1.5,0.25,100
"nt","model2","tl1.50_gl0.25_pr2.50_c100","gain_loss_ratio",4,NA,0,0,1.5,0.25,100
"nt","model2","tl2.50_gl0.25_pr2.50_c100","tree_length",2.5,0.4,4,10,2.5,0.25,100
"nt","model2","tl2.50_gl0.25_pr2.50_c100","gain_loss_ratio",4,NA,0,0,2.5,0.25,100
"nt","model2","tl5.00_gl0.25_pr2.50_c100","tree_length",5,0.5,5,10,5,0.25,100
"nt","model2","tl5.00_gl0.25_pr2.50_c100","gain_loss_ratio",4,NA,0,0,5,0.25,100
"nt","model2","tl1.00_gl0.50_pr2.50_c100","tree_length",1,0.5,5,10,1,0.5,100
"nt","model2","tl1.00_gl0.50_pr2.50_c100","gain_loss_ratio",2,NA,0,0,1,0.5,100
"nt","model2","tl1.50_gl0.50_pr2.50_c100","tree_length",1.5,0.5,5,10,1.5,0.5,100
"nt","model2","tl1.50_gl0.50_pr2.50_c100","gain_loss_ratio",2,NA,0,0,1.5,0.5,100
"nt","model2","tl2.50_gl0.50_pr2.50_c100","tree_length",2.5,0.5,5,10,2.5,0.5,100
"nt","model2","tl2.50_gl0.50_pr2.50_c100","gain_loss_ratio",2,NA,0,0,2.5,0.5,100
"nt","model2","tl5.00_gl0.50_pr2.50_c100","tree_length",5,0.5,5,10,5,0.5,100
"nt","model2","tl5.00_gl0.50_pr2.50_c100","gain_loss_ratio",2,NA,0,0,5,0.5,100
"nt","model2","tl1.00_gl1.00_pr2.50_c100","tree_length",1,0.5,5,10,1,1,100
"nt","model2","tl1.00_gl1.00_pr2.50_c100","gain_loss_ratio",1,NA,0,0,1,1,100
"nt","model2","tl1.50_gl1.00_pr2.50_c100","tree_length",1.5,0.5,5,10,1.5,1,100
"nt","model2","tl1.50_gl1.00_pr2.50_c100","gain_loss_ratio",1,NA,0,0,1.5,1,100
"nt","model2","tl2.50_gl1.00_pr2.50_c100","tree_length",2.5,0.4,4,10,2.5,1,100
"nt","model2","tl2.50_gl1.00_pr2.50_c100","gain_loss_ratio",1,NA,0,0,2.5,1,100
"nt","model2","tl5.00_gl1.00_pr2.50_c100","tree_length",5,0.4,4,10,5,1,100
"nt","model2","tl5.00_gl1.00_pr2.50_c100","gain_loss_ratio",1,NA,0,0,5,1,100
"nt","model2","tl1.00_gl0.10_pr5.00_c100","tree_length",1,0.3,3,10,1,0.1,100
"nt","model2","tl1.00_gl0.10_pr5.00_c100","gain_loss_ratio",10,NA,0,0,1,0.1,100
"nt","model2","tl1.50_gl0.10_pr5.00_c100","tree_length",1.5,0.4,4,10,1.5,0.1,100
"nt","model2","tl1.50_gl0.10_pr5.00_c100","gain_loss_ratio",10,NA,0,0,1.5,0.1,100
"nt","model2","tl2.50_gl0.10_pr5.00_c100","tree_length",2.5,0.3,3,10,2.5,0.1,100
"nt","model2","tl2.50_gl0.10_pr5.00_c100","gain_loss_ratio",10,NA,0,0,2.5,0.1,100
"nt","model2","tl5.00_gl0.10_pr5.00_c100","tree_length",5,0.2,2,10,5,0.1,100
"nt","model2","tl5.00_gl0.10_pr5.00_c100","gain_loss_ratio",10,NA,0,0,5,0.1,100
"nt","model2","tl1.00_gl0.25_pr5.00_c100","tree_length",1,0.5,5,10,1,0.25,100
"nt","model2","tl1.00_gl0.25_pr5.00_c100","gain_loss_ratio",4,NA,0,0,1,0.25,100
"nt","model2","tl1.50_gl0.25_pr5.00_c100","tree_length",1.5,0.4,4,10,1.5,0.25,100
"nt","model2","tl1.50_gl0.25_pr5.00_c100","gain_loss_ratio",4,NA,0,0,1.5,0.25,100
"nt","model2","tl2.50_gl0.25_pr5.00_c100","tree_length",2.5,0.4,4,10,2.5,0.25,100
"nt","model2","tl2.50_gl0.25_pr5.00_c100","gain_loss_ratio",4,NA,0,0,2.5,0.25,100
"nt","model2","tl5.00_gl0.25_pr5.00_c100","tree_length",5,0.4,4,10,5,0.25,100
"nt","model2","tl5.00_gl0.25_pr5.00_c100","gain_loss_ratio",4,NA,0,0,5,0.25,100
"nt","model2","tl1.00_gl0.50_pr5.00_c100","tree_length",1,0.5,5,10,1,0.5,100
"nt","model2","tl1.00_gl0.50_pr5.00_c100","gain_loss_ratio",2,NA,0,0,1,0.5,100
"nt","model2","tl1.50_gl0.50_pr5.00_c100","tree_length",1.5,0.4,4,10,1.5,0.5,100
"nt","model2","tl1.50_gl0.50_pr5.00_c100","gain_loss_ratio",2,NA,0,0,1.5,0.5,100
"nt","model2","tl2.50_gl0.50_pr5.00_c100","tree_length",2.5,0.5,5,10,2.5,0.5,100
"nt","model2","tl2.50_gl0.50_pr5.00_c100","gain_loss_ratio",2,NA,0,0,2.5,0.5,100
"nt","model2","tl5.00_gl0.50_pr5.00_c100","tree_length",5,0.4,4,10,5,0.5,100
"nt","model2","tl5.00_gl0.50_pr5.00_c100","gain_loss_ratio",2,NA,0,0,5,0.5,100
"nt","model2","tl1.00_gl1.00_pr5.00_c100","tree_length",1,0.4,4,10,1,1,100
"nt","model2","tl1.00_gl1.00_pr5.00_c100","gain_loss_ratio",1,NA,0,0,1,1,100
"nt","model2","tl1.50_gl1.00_pr5.00_c100","tree_length",1.5,0.4,4,10,1.5,1,100
"nt","model2","tl1.50_gl1.00_pr5.00_c100","gain_loss_ratio",1,NA,0,0,1.5,1,100
"nt","model2","tl2.50_gl1.00_pr5.00_c100","tree_length",2.5,0.5,5,10,2.5,1,100
"nt","model2","tl2.50_gl1.00_pr5.00_c100","gain_loss_ratio",1,NA,0,0,2.5,1,100
"nt","model2","tl5.00_gl1.00_pr5.00_c100","tree_length",5,0.4,4,10,5,1,100
"nt","model2","tl5.00_gl1.00_pr5.00_c100","gain_loss_ratio",1,NA,0,0,5,1,100
"nt","model2","tl1.00_gl0.10_pr1.00_c200","tree_length",1,0.3,3,10,1,0.1,200
"nt","model2","tl1.00_gl0.10_pr1.00_c200","gain_loss_ratio",10,NA,0,0,1,0.1,200
"nt","model2","tl1.50_gl0.10_pr1.00_c200","tree_length",1.5,0.2,2,10,1.5,0.1,200
"nt","model2","tl1.50_gl0.10_pr1.00_c200","gain_loss_ratio",10,NA,0,0,1.5,0.1,200
"nt","model2","tl2.50_gl0.10_pr1.00_c200","tree_length",2.5,0.4,4,10,2.5,0.1,200
"nt","model2","tl2.50_gl0.10_pr1.00_c200","gain_loss_ratio",10,NA,0,0,2.5,0.1,200
"nt","model2","tl5.00_gl0.10_pr1.00_c200","tree_length",5,0.2,2,10,5,0.1,200
"nt","model2","tl5.00_gl0.10_pr1.00_c200","gain_loss_ratio",10,NA,0,0,5,0.1,200
"nt","model2","tl1.00_gl0.25_pr1.00_c200","tree_length",1,0.5,5,10,1,0.25,200
"nt","model2","tl1.00_gl0.25_pr1.00_c200","gain_loss_ratio",4,NA,0,0,1,0.25,200
"nt","model2","tl1.50_gl0.25_pr1.00_c200","tree_length",1.5,0.5,5,10,1.5,0.25,200
"nt","model2","tl1.50_gl0.25_pr1.00_c200","gain_loss_ratio",4,NA,0,0,1.5,0.25,200
"nt","model2","tl2.50_gl0.25_pr1.00_c200","tree_length",2.5,0.4,4,10,2.5,0.25,200
"nt","model2","tl2.50_gl0.25_pr1.00_c200","gain_loss_ratio",4,NA,0,0,2.5,0.25,200
"nt","model2","tl5.00_gl0.25_pr1.00_c200","tree_length",5,0.4,4,10,5,0.25,200
"nt","model2","tl5.00_gl0.25_pr1.00_c200","gain_loss_ratio",4,NA,0,0,5,0.25,200
"nt","model2","tl1.00_gl0.50_pr1.00_c200","tree_length",1,0.5,5,10,1,0.5,200
"nt","model2","tl1.00_gl0.50_pr1.00_c200","gain_loss_ratio",2,NA,0,0,1,0.5,200
"nt","model2","tl1.50_gl0.50_pr1.00_c200","tree_length",1.5,0.5,5,10,1.5,0.5,200
"nt","model2","tl1.50_gl0.50_pr1.00_c200","gain_loss_ratio",2,NA,0,0,1.5,0.5,200
"nt","model2","tl2.50_gl0.50_pr1.00_c200","tree_length",2.5,0.5,5,10,2.5,0.5,200
"nt","model2","tl2.50_gl0.50_pr1.00_c200","gain_loss_ratio",2,NA,0,0,2.5,0.5,200
"nt","model2","tl5.00_gl0.50_pr1.00_c200","tree_length",5,0.2,2,10,5,0.5,200
"nt","model2","tl5.00_gl0.50_pr1.00_c200","gain_loss_ratio",2,NA,0,0,5,0.5,200
"nt","model2","tl1.00_gl1.00_pr1.00_c200","tree_length",1,0.5,5,10,1,1,200
"nt","model2","tl1.00_gl1.00_pr1.00_c200","gain_loss_ratio",1,NA,0,0,1,1,200
"nt","model2","tl1.50_gl1.00_pr1.00_c200","tree_length",1.5,0.5,5,10,1.5,1,200
"nt","model2","tl1.50_gl1.00_pr1.00_c200","gain_loss_ratio",1,NA,0,0,1.5,1,200
"nt","model2","tl2.50_gl1.00_pr1.00_c200","tree_length",2.5,0.4,4,10,2.5,1,200
"nt","model2","tl2.50_gl1.00_pr1.00_c200","gain_loss_ratio",1,NA,0,0,2.5,1,200
"nt","model2","tl5.00_gl1.00_pr1.00_c200","tree_length",5,0.2,2,10,5,1,200
"nt","model2","tl5.00_gl1.00_pr1.00_c200","gain_loss_ratio",1,NA,0,0,5,1,200
"nt","model2","tl1.00_gl0.10_pr2.50_c200","tree_length",1,0.3,3,10,1,0.1,200
"nt","model2","tl1.00_gl0.10_pr2.50_c200","gain_loss_ratio",10,NA,0,0,1,0.1,200
"nt","model2","tl1.50_gl0.10_pr2.50_c200","tree_length",1.5,0.3,3,10,1.5,0.1,200
"nt","model2","tl1.50_gl0.10_pr2.50_c200","gain_loss_ratio",10,NA,0,0,1.5,0.1,200
"nt","model2","tl2.50_gl0.10_pr2.50_c200","tree_length",2.5,0.3,3,10,2.5,0.1,200
"nt","model2","tl2.50_gl0.10_pr2.50_c200","gain_loss_ratio",10,NA,0,0,2.5,0.1,200
"nt","model2","tl5.00_gl0.10_pr2.50_c200","tree_length",5,0.3,3,10,5,0.1,200
"nt","model2","tl5.00_gl0.10_pr2.50_c200","gain_loss_ratio",10,NA,0,0,5,0.1,200
"nt","model2","tl1.00_gl0.25_pr2.50_c200","tree_length",1,0.5,5,10,1,0.25,200
"nt","model2","tl1.00_gl0.25_pr2.50_c200","gain_loss_ratio",4,NA,0,0,1,0.25,200
"nt","model2","tl1.50_gl0.25_pr2.50_c200","tree_length",1.5,0.5,5,10,1.5,0.25,200
"nt","model2","tl1.50_gl0.25_pr2.50_c200","gain_loss_ratio",4,NA,0,0,1.5,0.25,200
"nt","model2","tl2.50_gl0.25_pr2.50_c200","tree_length",2.5,0.4,4,10,2.5,0.25,200
"nt","model2","tl2.50_gl0.25_pr2.50_c200","gain_loss_ratio",4,NA,0,0,2.5,0.25,200
"nt","model2","tl5.00_gl0.25_pr2.50_c200","tree_length",5,0.3,3,10,5,0.25,200
"nt","model2","tl5.00_gl0.25_pr2.50_c200","gain_loss_ratio",4,NA,0,0,5,0.25,200
"nt","model2","tl1.00_gl0.50_pr2.50_c200","tree_length",1,0.5,5,10,1,0.5,200
"nt","model2","tl1.00_gl0.50_pr2.50_c200","gain_loss_ratio",2,NA,0,0,1,0.5,200
"nt","model2","tl1.50_gl0.50_pr2.50_c200","tree_length",1.5,0.4,4,10,1.5,0.5,200
"nt","model2","tl1.50_gl0.50_pr2.50_c200","gain_loss_ratio",2,NA,0,0,1.5,0.5,200
"nt","model2","tl2.50_gl0.50_pr2.50_c200","tree_length",2.5,0.5,5,10,2.5,0.5,200
"nt","model2","tl2.50_gl0.50_pr2.50_c200","gain_loss_ratio",2,NA,0,0,2.5,0.5,200
"nt","model2","tl5.00_gl0.50_pr2.50_c200","tree_length",5,0.3,3,10,5,0.5,200
"nt","model2","tl5.00_gl0.50_pr2.50_c200","gain_loss_ratio",2,NA,0,0,5,0.5,200
"nt","model2","tl1.00_gl1.00_pr2.50_c200","tree_length",1,0.6,6,10,1,1,200
"nt","model2","tl1.00_gl1.00_pr2.50_c200","gain_loss_ratio",1,NA,0,0,1,1,200
"nt","model2","tl1.50_gl1.00_pr2.50_c200","tree_length",1.5,0.4,4,10,1.5,1,200
"nt","model2","tl1.50_gl1.00_pr2.50_c200","gain_loss_ratio",1,NA,0,0,1.5,1,200
"nt","model2","tl2.50_gl1.00_pr2.50_c200","tree_length",2.5,0.5,5,10,2.5,1,200
"nt","model2","tl2.50_gl1.00_pr2.50_c200","gain_loss_ratio",1,NA,0,0,2.5,1,200
"nt","model2","tl5.00_gl1.00_pr2.50_c200","tree_length",5,0.3,3,10,5,1,200
"nt","model2","tl5.00_gl1.00_pr2.50_c200","gain_loss_ratio",1,NA,0,0,5,1,200
"nt","model2","tl1.00_gl0.10_pr5.00_c200","tree_length",1,0.3,3,10,1,0.1,200
"nt","model2","tl1.00_gl0.10_pr5.00_c200","gain_loss_ratio",10,NA,0,0,1,0.1,200
"nt","model2","tl1.50_gl0.10_pr5.00_c200","tree_length",1.5,0.4,4,10,1.5,0.1,200
"nt","model2","tl1.50_gl0.10_pr5.00_c200","gain_loss_ratio",10,NA,0,0,1.5,0.1,200
"nt","model2","tl2.50_gl0.10_pr5.00_c200","tree_length",2.5,0.333333333333333,3,9,2.5,0.1,200
"nt","model2","tl2.50_gl0.10_pr5.00_c200","gain_loss_ratio",10,NA,0,0,2.5,0.1,200
"nt","model2","tl5.00_gl0.10_pr5.00_c200","tree_length",5,0.3,3,10,5,0.1,200
"nt","model2","tl5.00_gl0.10_pr5.00_c200","gain_loss_ratio",10,NA,0,0,5,0.1,200
"nt","model2","tl1.00_gl0.25_pr5.00_c200","tree_length",1,0.5,5,10,1,0.25,200
"nt","model2","tl1.00_gl0.25_pr5.00_c200","gain_loss_ratio",4,NA,0,0,1,0.25,200
"nt","model2","tl1.50_gl0.25_pr5.00_c200","tree_length",1.5,0.5,5,10,1.5,0.25,200
"nt","model2","tl1.50_gl0.25_pr5.00_c200","gain_loss_ratio",4,NA,0,0,1.5,0.25,200
"nt","model2","tl2.50_gl0.25_pr5.00_c200","tree_length",2.5,0.3,3,10,2.5,0.25,200
"nt","model2","tl2.50_gl0.25_pr5.00_c200","gain_loss_ratio",4,NA,0,0,2.5,0.25,200
"nt","model2","tl5.00_gl0.25_pr5.00_c200","tree_length",5,0.3,3,10,5,0.25,200
"nt","model2","tl5.00_gl0.25_pr5.00_c200","gain_loss_ratio",4,NA,0,0,5,0.25,200
"nt","model2","tl1.00_gl0.50_pr5.00_c200","tree_length",1,0.5,5,10,1,0.5,200
"nt","model2","tl1.00_gl0.50_pr5.00_c200","gain_loss_ratio",2,NA,0,0,1,0.5,200
"nt","model2","tl1.50_gl0.50_pr5.00_c200","tree_length",1.5,0.5,5,10,1.5,0.5,200
"nt","model2","tl1.50_gl0.50_pr5.00_c200","gain_loss_ratio",2,NA,0,0,1.5,0.5,200
"nt","model2","tl2.50_gl0.50_pr5.00_c200","tree_length",2.5,0.3,3,10,2.5,0.5,200
"nt","model2","tl2.50_gl0.50_pr5.00_c200","gain_loss_ratio",2,NA,0,0,2.5,0.5,200
"nt","model2","tl5.00_gl0.50_pr5.00_c200","tree_length",5,0.3,3,10,5,0.5,200
"nt","model2","tl5.00_gl0.50_pr5.00_c200","gain_loss_ratio",2,NA,0,0,5,0.5,200
"nt","model2","tl1.00_gl1.00_pr5.00_c200","tree_length",1,0.6,6,10,1,1,200
"nt","model2","tl1.00_gl1.00_pr5.00_c200","gain_loss_ratio",1,NA,0,0,1,1,200
"nt","model2","tl1.50_gl1.00_pr5.00_c200","tree_length",1.5,0.5,5,10,1.5,1,200
"nt","model2","tl1.50_gl1.00_pr5.00_c200","gain_loss_ratio",1,NA,0,0,1.5,1,200
"nt","model2","tl2.50_gl1.00_pr5.00_c200","tree_length",2.5,0.4,4,10,2.5,1,200
"nt","model2","tl2.50_gl1.00_pr5.00_c200","gain_loss_ratio",1,NA,0,0,2.5,1,200
"nt","model2","tl5.00_gl1.00_pr5.00_c200","tree_length",5,0.3,3,10,5,1,200
"nt","model2","tl5.00_gl1.00_pr5.00_c200","gain_loss_ratio",1,NA,0,0,5,1,200
"nt","model3","tl1.00_gl0.10_pr1.00_c25","tree_length",1,0.8,8,10,1,0.1,25
"nt","model3","tl1.00_gl0.10_pr1.00_c25","gain_loss_ratio",10,0,0,10,1,0.1,25
"nt","model3","tl1.50_gl0.10_pr1.00_c25","tree_length",1.5,0.6,6,10,1.5,0.1,25
"nt","model3","tl1.50_gl0.10_pr1.00_c25","gain_loss_ratio",10,0,0,10,1.5,0.1,25
"nt","model3","tl2.50_gl0.10_pr1.00_c25","tree_length",2.5,0.7,7,10,2.5,0.1,25
"nt","model3","tl2.50_gl0.10_pr1.00_c25","gain_loss_ratio",10,0,0,10,2.5,0.1,25
"nt","model3","tl5.00_gl0.10_pr1.00_c25","tree_length",5,0.6,6,10,5,0.1,25
"nt","model3","tl5.00_gl0.10_pr1.00_c25","gain_loss_ratio",10,0,0,10,5,0.1,25
"nt","model3","tl1.00_gl0.25_pr1.00_c25","tree_length",1,0.7,7,10,1,0.25,25
"nt","model3","tl1.00_gl0.25_pr1.00_c25","gain_loss_ratio",4,0.4,4,10,1,0.25,25
"nt","model3","tl1.50_gl0.25_pr1.00_c25","tree_length",1.5,0.6,6,10,1.5,0.25,25
"nt","model3","tl1.50_gl0.25_pr1.00_c25","gain_loss_ratio",4,0.4,4,10,1.5,0.25,25
"nt","model3","tl2.50_gl0.25_pr1.00_c25","tree_length",2.5,0.6,6,10,2.5,0.25,25
"nt","model3","tl2.50_gl0.25_pr1.00_c25","gain_loss_ratio",4,0.4,4,10,2.5,0.25,25
"nt","model3","tl5.00_gl0.25_pr1.00_c25","tree_length",5,0.9,9,10,5,0.25,25
"nt","model3","tl5.00_gl0.25_pr1.00_c25","gain_loss_ratio",4,0,0,10,5,0.25,25
"nt","model3","tl1.00_gl0.50_pr1.00_c25","tree_length",1,0.7,7,10,1,0.5,25
"nt","model3","tl1.00_gl0.50_pr1.00_c25","gain_loss_ratio",2,0.7,7,10,1,0.5,25
"nt","model3","tl1.50_gl0.50_pr1.00_c25","tree_length",1.5,0.6,6,10,1.5,0.5,25
"nt","model3","tl1.50_gl0.50_pr1.00_c25","gain_loss_ratio",2,0.6,6,10,1.5,0.5,25
"nt","model3","tl2.50_gl0.50_pr1.00_c25","tree_length",2.5,0.3,3,10,2.5,0.5,25
"nt","model3","tl2.50_gl0.50_pr1.00_c25","gain_loss_ratio",2,0.6,6,10,2.5,0.5,25
"nt","model3","tl5.00_gl0.50_pr1.00_c25","tree_length",5,0.777777777777778,7,9,5,0.5,25
"nt","model3","tl5.00_gl0.50_pr1.00_c25","gain_loss_ratio",2,0.444444444444444,4,9,5,0.5,25
"nt","model3","tl1.00_gl1.00_pr1.00_c25","tree_length",1,0.6,6,10,1,1,25
"nt","model3","tl1.00_gl1.00_pr1.00_c25","gain_loss_ratio",1,1,10,10,1,1,25
"nt","model3","tl1.50_gl1.00_pr1.00_c25","tree_length",1.5,0.6,6,10,1.5,1,25
"nt","model3","tl1.50_gl1.00_pr1.00_c25","gain_loss_ratio",1,1,10,10,1.5,1,25
"nt","model3","tl2.50_gl1.00_pr1.00_c25","tree_length",2.5,0.5,5,10,2.5,1,25
"nt","model3","tl2.50_gl1.00_pr1.00_c25","gain_loss_ratio",1,0.7,7,10,2.5,1,25
"nt","model3","tl5.00_gl1.00_pr1.00_c25","tree_length",5,0.6,6,10,5,1,25
"nt","model3","tl5.00_gl1.00_pr1.00_c25","gain_loss_ratio",1,0.9,9,10,5,1,25
"nt","model3","tl1.00_gl0.10_pr2.50_c25","tree_length",1,0.9,9,10,1,0.1,25
"nt","model3","tl1.00_gl0.10_pr2.50_c25","gain_loss_ratio",10,0,0,10,1,0.1,25
"nt","model3","tl1.50_gl0.10_pr2.50_c25","tree_length",1.5,0.9,9,10,1.5,0.1,25
"nt","model3","tl1.50_gl0.10_pr2.50_c25","gain_loss_ratio",10,0,0,10,1.5,0.1,25
"nt","model3","tl2.50_gl0.10_pr2.50_c25","tree_length",2.5,0.8,8,10,2.5,0.1,25
"nt","model3","tl2.50_gl0.10_pr2.50_c25","gain_loss_ratio",10,0,0,10,2.5,0.1,25
"nt","model3","tl5.00_gl0.10_pr2.50_c25","tree_length",5,0.9,9,10,5,0.1,25
"nt","model3","tl5.00_gl0.10_pr2.50_c25","gain_loss_ratio",10,0,0,10,5,0.1,25
"nt","model3","tl1.00_gl0.25_pr2.50_c25","tree_length",1,0.6,6,10,1,0.25,25
"nt","model3","tl1.00_gl0.25_pr2.50_c25","gain_loss_ratio",4,0.2,2,10,1,0.25,25
"nt","model3","tl1.50_gl0.25_pr2.50_c25","tree_length",1.5,0.666666666666667,6,9,1.5,0.25,25
"nt","model3","tl1.50_gl0.25_pr2.50_c25","gain_loss_ratio",4,0.111111111111111,1,9,1.5,0.25,25
"nt","model3","tl2.50_gl0.25_pr2.50_c25","tree_length",2.5,0.7,7,10,2.5,0.25,25
"nt","model3","tl2.50_gl0.25_pr2.50_c25","gain_loss_ratio",4,0.1,1,10,2.5,0.25,25
"nt","model3","tl5.00_gl0.25_pr2.50_c25","tree_length",5,0.8,8,10,5,0.25,25
"nt","model3","tl5.00_gl0.25_pr2.50_c25","gain_loss_ratio",4,0.2,2,10,5,0.25,25
"nt","model3","tl1.00_gl0.50_pr2.50_c25","tree_length",1,0.8,8,10,1,0.5,25
"nt","model3","tl1.00_gl0.50_pr2.50_c25","gain_loss_ratio",2,0.6,6,10,1,0.5,25
"nt","model3","tl1.50_gl0.50_pr2.50_c25","tree_length",1.5,0.7,7,10,1.5,0.5,25
"nt","model3","tl1.50_gl0.50_pr2.50_c25","gain_loss_ratio",2,0.8,8,10,1.5,0.5,25
"nt","model3","tl2.50_gl0.50_pr2.50_c25","tree_length",2.5,0.7,7,10,2.5,0.5,25
"nt","model3","tl2.50_gl0.50_pr2.50_c25","gain_loss_ratio",2,0.5,5,10,2.5,0.5,25
"nt","model3","tl5.00_gl0.50_pr2.50_c25","tree_length",5,0.9,9,10,5,0.5,25
"nt","model3","tl5.00_gl0.50_pr2.50_c25","gain_loss_ratio",2,0.4,4,10,5,0.5,25
"nt","model3","tl1.00_gl1.00_pr2.50_c25","tree_length",1,0.8,8,10,1,1,25
"nt","model3","tl1.00_gl1.00_pr2.50_c25","gain_loss_ratio",1,1,10,10,1,1,25
"nt","model3","tl1.50_gl1.00_pr2.50_c25","tree_length",1.5,0.7,7,10,1.5,1,25
"nt","model3","tl1.50_gl1.00_pr2.50_c25","gain_loss_ratio",1,0.9,9,10,1.5,1,25
"nt","model3","tl2.50_gl1.00_pr2.50_c25","tree_length",2.5,0.8,8,10,2.5,1,25
"nt","model3","tl2.50_gl1.00_pr2.50_c25","gain_loss_ratio",1,0.8,8,10,2.5,1,25
"nt","model3","tl5.00_gl1.00_pr2.50_c25","tree_length",5,0.7,7,10,5,1,25
"nt","model3","tl5.00_gl1.00_pr2.50_c25","gain_loss_ratio",1,0.8,8,10,5,1,25
"nt","model3","tl1.00_gl0.10_pr5.00_c25","tree_length",1,0.8,8,10,1,0.1,25
"nt","model3","tl1.00_gl0.10_pr5.00_c25","gain_loss_ratio",10,0,0,10,1,0.1,25
"nt","model3","tl1.50_gl0.10_pr5.00_c25","tree_length",1.5,0.7,7,10,1.5,0.1,25
"nt","model3","tl1.50_gl0.10_pr5.00_c25","gain_loss_ratio",10,0,0,10,1.5,0.1,25
"nt","model3","tl2.50_gl0.10_pr5.00_c25","tree_length",2.5,0.9,9,10,2.5,0.1,25
"nt","model3","tl2.50_gl0.10_pr5.00_c25","gain_loss_ratio",10,0,0,10,2.5,0.1,25
"nt","model3","tl5.00_gl0.10_pr5.00_c25","tree_length",5,0.8,8,10,5,0.1,25
"nt","model3","tl5.00_gl0.10_pr5.00_c25","gain_loss_ratio",10,0,0,10,5,0.1,25
"nt","model3","tl1.00_gl0.25_pr5.00_c25","tree_length",1,0.8,8,10,1,0.25,25
"nt","model3","tl1.00_gl0.25_pr5.00_c25","gain_loss_ratio",4,0,0,10,1,0.25,25
"nt","model3","tl1.50_gl0.25_pr5.00_c25","tree_length",1.5,0.8,8,10,1.5,0.25,25
"nt","model3","tl1.50_gl0.25_pr5.00_c25","gain_loss_ratio",4,0.2,2,10,1.5,0.25,25
"nt","model3","tl2.50_gl0.25_pr5.00_c25","tree_length",2.5,0.8,8,10,2.5,0.25,25
"nt","model3","tl2.50_gl0.25_pr5.00_c25","gain_loss_ratio",4,0.2,2,10,2.5,0.25,25
"nt","model3","tl5.00_gl0.25_pr5.00_c25","tree_length",5,0.6,6,10,5,0.25,25
"nt","model3","tl5.00_gl0.25_pr5.00_c25","gain_loss_ratio",4,0.2,2,10,5,0.25,25
"nt","model3","tl1.00_gl0.50_pr5.00_c25","tree_length",1,0.6,6,10,1,0.5,25
"nt","model3","tl1.00_gl0.50_pr5.00_c25","gain_loss_ratio",2,0.6,6,10,1,0.5,25
"nt","model3","tl1.50_gl0.50_pr5.00_c25","tree_length",1.5,0.8,8,10,1.5,0.5,25
"nt","model3","tl1.50_gl0.50_pr5.00_c25","gain_loss_ratio",2,0.7,7,10,1.5,0.5,25
"nt","model3","tl2.50_gl0.50_pr5.00_c25","tree_length",2.5,0.7,7,10,2.5,0.5,25
"nt","model3","tl2.50_gl0.50_pr5.00_c25","gain_loss_ratio",2,0.2,2,10,2.5,0.5,25
"nt","model3","tl5.00_gl0.50_pr5.00_c25","tree_length",5,0.7,7,10,5,0.5,25
"nt","model3","tl5.00_gl0.50_pr5.00_c25","gain_loss_ratio",2,0.8,8,10,5,0.5,25
"nt","model3","tl1.00_gl1.00_pr5.00_c25","tree_length",1,0.6,6,10,1,1,25
"nt","model3","tl1.00_gl1.00_pr5.00_c25","gain_loss_ratio",1,0.9,9,10,1,1,25
"nt","model3","tl1.50_gl1.00_pr5.00_c25","tree_length",1.5,0.8,8,10,1.5,1,25
"nt","model3","tl1.50_gl1.00_pr5.00_c25","gain_loss_ratio",1,0.9,9,10,1.5,1,25
"nt","model3","tl2.50_gl1.00_pr5.00_c25","tree_length",2.5,0.6,6,10,2.5,1,25
"nt","model3","tl2.50_gl1.00_pr5.00_c25","gain_loss_ratio",1,0.7,7,10,2.5,1,25
"nt","model3","tl5.00_gl1.00_pr5.00_c25","tree_length",5,0.5,5,10,5,1,25
"nt","model3","tl5.00_gl1.00_pr5.00_c25","gain_loss_ratio",1,0.8,8,10,5,1,25
"nt","model3","tl1.00_gl0.10_pr1.00_c50","tree_length",1,0.6,6,10,1,0.1,50
"nt","model3","tl1.00_gl0.10_pr1.00_c50","gain_loss_ratio",10,0,0,10,1,0.1,50
"nt","model3","tl1.50_gl0.10_pr1.00_c50","tree_length",1.5,0.4,4,10,1.5,0.1,50
"nt","model3","tl1.50_gl0.10_pr1.00_c50","gain_loss_ratio",10,0,0,10,1.5,0.1,50
"nt","model3","tl2.50_gl0.10_pr1.00_c50","tree_length",2.5,0.8,8,10,2.5,0.1,50
"nt","model3","tl2.50_gl0.10_pr1.00_c50","gain_loss_ratio",10,0,0,10,2.5,0.1,50
"nt","model3","tl5.00_gl0.10_pr1.00_c50","tree_length",5,0.5,5,10,5,0.1,50
"nt","model3","tl5.00_gl0.10_pr1.00_c50","gain_loss_ratio",10,0,0,10,5,0.1,50
"nt","model3","tl1.00_gl0.25_pr1.00_c50","tree_length",1,0.6,6,10,1,0.25,50
"nt","model3","tl1.00_gl0.25_pr1.00_c50","gain_loss_ratio",4,0.2,2,10,1,0.25,50
"nt","model3","tl1.50_gl0.25_pr1.00_c50","tree_length",1.5,0.5,5,10,1.5,0.25,50
"nt","model3","tl1.50_gl0.25_pr1.00_c50","gain_loss_ratio",4,0.1,1,10,1.5,0.25,50
"nt","model3","tl2.50_gl0.25_pr1.00_c50","tree_length",2.5,0.5,5,10,2.5,0.25,50
"nt","model3","tl2.50_gl0.25_pr1.00_c50","gain_loss_ratio",4,0,0,10,2.5,0.25,50
"nt","model3","tl5.00_gl0.25_pr1.00_c50","tree_length",5,0.7,7,10,5,0.25,50
"nt","model3","tl5.00_gl0.25_pr1.00_c50","gain_loss_ratio",4,0,0,10,5,0.25,50
"nt","model3","tl1.00_gl0.50_pr1.00_c50","tree_length",1,0.4,4,10,1,0.5,50
"nt","model3","tl1.00_gl0.50_pr1.00_c50","gain_loss_ratio",2,0.7,7,10,1,0.5,50
"nt","model3","tl1.50_gl0.50_pr1.00_c50","tree_length",1.5,0.4,4,10,1.5,0.5,50
"nt","model3","tl1.50_gl0.50_pr1.00_c50","gain_loss_ratio",2,0.4,4,10,1.5,0.5,50
"nt","model3","tl2.50_gl0.50_pr1.00_c50","tree_length",2.5,0.5,5,10,2.5,0.5,50
"nt","model3","tl2.50_gl0.50_pr1.00_c50","gain_loss_ratio",2,0.5,5,10,2.5,0.5,50
"nt","model3","tl5.00_gl0.50_pr1.00_c50","tree_length",5,0.6,6,10,5,0.5,50
"nt","model3","tl5.00_gl0.50_pr1.00_c50","gain_loss_ratio",2,0.1,1,10,5,0.5,50
"nt","model3","tl1.00_gl1.00_pr1.00_c50","tree_length",1,0.5,5,10,1,1,50
"nt","model3","tl1.00_gl1.00_pr1.00_c50","gain_loss_ratio",1,0.8,8,10,1,1,50
"nt","model3","tl1.50_gl1.00_pr1.00_c50","tree_length",1.5,0.5,5,10,1.5,1,50
"nt","model3","tl1.50_gl1.00_pr1.00_c50","gain_loss_ratio",1,0.9,9,10,1.5,1,50
"nt","model3","tl2.50_gl1.00_pr1.00_c50","tree_length",2.5,0.5,5,10,2.5,1,50
"nt","model3","tl2.50_gl1.00_pr1.00_c50","gain_loss_ratio",1,0.7,7,10,2.5,1,50
"nt","model3","tl5.00_gl1.00_pr1.00_c50","tree_length",5,0.7,7,10,5,1,50
"nt","model3","tl5.00_gl1.00_pr1.00_c50","gain_loss_ratio",1,0.8,8,10,5,1,50
"nt","model3","tl1.00_gl0.10_pr2.50_c50","tree_length",1,0.6,6,10,1,0.1,50
"nt","model3","tl1.00_gl0.10_pr2.50_c50","gain_loss_ratio",10,0,0,10,1,0.1,50
"nt","model3","tl1.50_gl0.10_pr2.50_c50","tree_length",1.5,0.5,5,10,1.5,0.1,50
"nt","model3","tl1.50_gl0.10_pr2.50_c50","gain_loss_ratio",10,0,0,10,1.5,0.1,50
"nt","model3","tl2.50_gl0.10_pr2.50_c50","tree_length",2.5,0.6,6,10,2.5,0.1,50
"nt","model3","tl2.50_gl0.10_pr2.50_c50","gain_loss_ratio",10,0,0,10,2.5,0.1,50
"nt","model3","tl5.00_gl0.10_pr2.50_c50","tree_length",5,0.9,9,10,5,0.1,50
"nt","model3","tl5.00_gl0.10_pr2.50_c50","gain_loss_ratio",10,0,0,10,5,0.1,50
"nt","model3","tl1.00_gl0.25_pr2.50_c50","tree_length",1,0.3,3,10,1,0.25,50
"nt","model3","tl1.00_gl0.25_pr2.50_c50","gain_loss_ratio",4,0,0,10,1,0.25,50
"nt","model3","tl1.50_gl0.25_pr2.50_c50","tree_length",1.5,0.4,4,10,1.5,0.25,50
"nt","model3","tl1.50_gl0.25_pr2.50_c50","gain_loss_ratio",4,0.1,1,10,1.5,0.25,50
"nt","model3","tl2.50_gl0.25_pr2.50_c50","tree_length",2.5,0.6,6,10,2.5,0.25,50
"nt","model3","tl2.50_gl0.25_pr2.50_c50","gain_loss_ratio",4,0,0,10,2.5,0.25,50
"nt","model3","tl5.00_gl0.25_pr2.50_c50","tree_length",5,0.6,6,10,5,0.25,50
"nt","model3","tl5.00_gl0.25_pr2.50_c50","gain_loss_ratio",4,0,0,10,5,0.25,50
"nt","model3","tl1.00_gl0.50_pr2.50_c50","tree_length",1,0.4,4,10,1,0.5,50
"nt","model3","tl1.00_gl0.50_pr2.50_c50","gain_loss_ratio",2,0.3,3,10,1,0.5,50
"nt","model3","tl1.50_gl0.50_pr2.50_c50","tree_length",1.5,0.4,4,10,1.5,0.5,50
"nt","model3","tl1.50_gl0.50_pr2.50_c50","gain_loss_ratio",2,0.3,3,10,1.5,0.5,50
"nt","model3","tl2.50_gl0.50_pr2.50_c50","tree_length",2.5,0.5,5,10,2.5,0.5,50
"nt","model3","tl2.50_gl0.50_pr2.50_c50","gain_loss_ratio",2,0.2,2,10,2.5,0.5,50
"nt","model3","tl5.00_gl0.50_pr2.50_c50","tree_length",5,0.6,6,10,5,0.5,50
"nt","model3","tl5.00_gl0.50_pr2.50_c50","gain_loss_ratio",2,0.4,4,10,5,0.5,50
"nt","model3","tl1.00_gl1.00_pr2.50_c50","tree_length",1,0.5,5,10,1,1,50
"nt","model3","tl1.00_gl1.00_pr2.50_c50","gain_loss_ratio",1,0.9,9,10,1,1,50
"nt","model3","tl1.50_gl1.00_pr2.50_c50","tree_length",1.5,0.4,4,10,1.5,1,50
"nt","model3","tl1.50_gl1.00_pr2.50_c50","gain_loss_ratio",1,0.9,9,10,1.5,1,50
"nt","model3","tl2.50_gl1.00_pr2.50_c50","tree_length",2.5,0.6,6,10,2.5,1,50
"nt","model3","tl2.50_gl1.00_pr2.50_c50","gain_loss_ratio",1,0.9,9,10,2.5,1,50
"nt","model3","tl5.00_gl1.00_pr2.50_c50","tree_length",5,0.6,6,10,5,1,50
"nt","model3","tl5.00_gl1.00_pr2.50_c50","gain_loss_ratio",1,0.8,8,10,5,1,50
"nt","model3","tl1.00_gl0.10_pr5.00_c50","tree_length",1,0.6,6,10,1,0.1,50
"nt","model3","tl1.00_gl0.10_pr5.00_c50","gain_loss_ratio",10,0,0,10,1,0.1,50
"nt","model3","tl1.50_gl0.10_pr5.00_c50","tree_length",1.5,0.2,2,10,1.5,0.1,50
"nt","model3","tl1.50_gl0.10_pr5.00_c50","gain_loss_ratio",10,0,0,10,1.5,0.1,50
"nt","model3","tl2.50_gl0.10_pr5.00_c50","tree_length",2.5,0.6,6,10,2.5,0.1,50
"nt","model3","tl2.50_gl0.10_pr5.00_c50","gain_loss_ratio",10,0,0,10,2.5,0.1,50
"nt","model3","tl5.00_gl0.10_pr5.00_c50","tree_length",5,0.8,8,10,5,0.1,50
"nt","model3","tl5.00_gl0.10_pr5.00_c50","gain_loss_ratio",10,0,0,10,5,0.1,50
"nt","model3","tl1.00_gl0.25_pr5.00_c50","tree_length",1,0.7,7,10,1,0.25,50
"nt","model3","tl1.00_gl0.25_pr5.00_c50","gain_loss_ratio",4,0,0,10,1,0.25,50
"nt","model3","tl1.50_gl0.25_pr5.00_c50","tree_length",1.5,0.4,4,10,1.5,0.25,50
"nt","model3","tl1.50_gl0.25_pr5.00_c50","gain_loss_ratio",4,0,0,10,1.5,0.25,50
"nt","model3","tl2.50_gl0.25_pr5.00_c50","tree_length",2.5,0.6,6,10,2.5,0.25,50
"nt","model3","tl2.50_gl0.25_pr5.00_c50","gain_loss_ratio",4,0,0,10,2.5,0.25,50
"nt","model3","tl5.00_gl0.25_pr5.00_c50","tree_length",5,0.8,8,10,5,0.25,50
"nt","model3","tl5.00_gl0.25_pr5.00_c50","gain_loss_ratio",4,0,0,10,5,0.25,50
"nt","model3","tl1.00_gl0.50_pr5.00_c50","tree_length",1,0.6,6,10,1,0.5,50
"nt","model3","tl1.00_gl0.50_pr5.00_c50","gain_loss_ratio",2,0.5,5,10,1,0.5,50
"nt","model3","tl1.50_gl0.50_pr5.00_c50","tree_length",1.5,0.4,4,10,1.5,0.5,50
"nt","model3","tl1.50_gl0.50_pr5.00_c50","gain_loss_ratio",2,0.4,4,10,1.5,0.5,50
"nt","model3","tl2.50_gl0.50_pr5.00_c50","tree_length",2.5,0.6,6,10,2.5,0.5,50
"nt","model3","tl2.50_gl0.50_pr5.00_c50","gain_loss_ratio",2,0.1,1,10,2.5,0.5,50
"nt","model3","tl5.00_gl0.50_pr5.00_c50","tree_length",5,0.7,7,10,5,0.5,50
"nt","model3","tl5.00_gl0.50_pr5.00_c50","gain_loss_ratio",2,0.2,2,10,5,0.5,50
"nt","model3","tl1.00_gl1.00_pr5.00_c50","tree_length",1,0.5,5,10,1,1,50
"nt","model3","tl1.00_gl1.00_pr5.00_c50","gain_loss_ratio",1,0.9,9,10,1,1,50
"nt","model3","tl1.50_gl1.00_pr5.00_c50","tree_length",1.5,0.4,4,10,1.5,1,50
"nt","model3","tl1.50_gl1.00_pr5.00_c50","gain_loss_ratio",1,0.8,8,10,1.5,1,50
"nt","model3","tl2.50_gl1.00_pr5.00_c50","tree_length",2.5,0.5,5,10,2.5,1,50
"nt","model3","tl2.50_gl1.00_pr5.00_c50","gain_loss_ratio",1,1,10,10,2.5,1,50
"nt","model3","tl5.00_gl1.00_pr5.00_c50","tree_length",5,0.6,6,10,5,1,50
"nt","model3","tl5.00_gl1.00_pr5.00_c50","gain_loss_ratio",1,0.9,9,10,5,1,50
"nt","model3","tl1.00_gl0.10_pr1.00_c100","tree_length",1,0.4,4,10,1,0.1,100
"nt","model3","tl1.00_gl0.10_pr1.00_c100","gain_loss_ratio",10,0,0,10,1,0.1,100
"nt","model3","tl1.50_gl0.10_pr1.00_c100","tree_length",1.5,0.5,5,10,1.5,0.1,100
"nt","model3","tl1.50_gl0.10_pr1.00_c100","gain_loss_ratio",10,0,0,10,1.5,0.1,100
"nt","model3","tl2.50_gl0.10_pr1.00_c100","tree_length",2.5,0.4,4,10,2.5,0.1,100
"nt","model3","tl2.50_gl0.10_pr1.00_c100","gain_loss_ratio",10,0,0,10,2.5,0.1,100
"nt","model3","tl5.00_gl0.10_pr1.00_c100","tree_length",5,0.6,6,10,5,0.1,100
"nt","model3","tl5.00_gl0.10_pr1.00_c100","gain_loss_ratio",10,0,0,10,5,0.1,100
"nt","model3","tl1.00_gl0.25_pr1.00_c100","tree_length",1,0.4,4,10,1,0.25,100
"nt","model3","tl1.00_gl0.25_pr1.00_c100","gain_loss_ratio",4,0.1,1,10,1,0.25,100
"nt","model3","tl1.50_gl0.25_pr1.00_c100","tree_length",1.5,0.5,5,10,1.5,0.25,100
"nt","model3","tl1.50_gl0.25_pr1.00_c100","gain_loss_ratio",4,0,0,10,1.5,0.25,100
"nt","model3","tl2.50_gl0.25_pr1.00_c100","tree_length",2.5,0.4,4,10,2.5,0.25,100
"nt","model3","tl2.50_gl0.25_pr1.00_c100","gain_loss_ratio",4,0,0,10,2.5,0.25,100
"nt","model3","tl5.00_gl0.25_pr1.00_c100","tree_length",5,0.6,6,10,5,0.25,100
"nt","model3","tl5.00_gl0.25_pr1.00_c100","gain_loss_ratio",4,0,0,10,5,0.25,100
"nt","model3","tl1.00_gl0.50_pr1.00_c100","tree_length",1,0.4,4,10,1,0.5,100
"nt","model3","tl1.00_gl0.50_pr1.00_c100","gain_loss_ratio",2,0.5,5,10,1,0.5,100
"nt","model3","tl1.50_gl0.50_pr1.00_c100","tree_length",1.5,0.5,5,10,1.5,0.5,100
"nt","model3","tl1.50_gl0.50_pr1.00_c100","gain_loss_ratio",2,0.3,3,10,1.5,0.5,100
"nt","model3","tl2.50_gl0.50_pr1.00_c100","tree_length",2.5,0.4,4,10,2.5,0.5,100
"nt","model3","tl2.50_gl0.50_pr1.00_c100","gain_loss_ratio",2,0.1,1,10,2.5,0.5,100
"nt","model3","tl5.00_gl0.50_pr1.00_c100","tree_length",5,0.4,4,10,5,0.5,100
"nt","model3","tl5.00_gl0.50_pr1.00_c100","gain_loss_ratio",2,0,0,10,5,0.5,100
"nt","model3","tl1.00_gl1.00_pr1.00_c100","tree_length",1,0.5,5,10,1,1,100
"nt","model3","tl1.00_gl1.00_pr1.00_c100","gain_loss_ratio",1,0.9,9,10,1,1,100
"nt","model3","tl1.50_gl1.00_pr1.00_c100","tree_length",1.5,0.4,4,10,1.5,1,100
"nt","model3","tl1.50_gl1.00_pr1.00_c100","gain_loss_ratio",1,0.9,9,10,1.5,1,100
"nt","model3","tl2.50_gl1.00_pr1.00_c100","tree_length",2.5,0.3,3,10,2.5,1,100
"nt","model3","tl2.50_gl1.00_pr1.00_c100","gain_loss_ratio",1,1,10,10,2.5,1,100
"nt","model3","tl5.00_gl1.00_pr1.00_c100","tree_length",5,0.5,5,10,5,1,100
"nt","model3","tl5.00_gl1.00_pr1.00_c100","gain_loss_ratio",1,1,10,10,5,1,100
"nt","model3","tl1.00_gl0.10_pr2.50_c100","tree_length",1,0.4,4,10,1,0.1,100
"nt","model3","tl1.00_gl0.10_pr2.50_c100","gain_loss_ratio",10,0,0,10,1,0.1,100
"nt","model3","tl1.50_gl0.10_pr2.50_c100","tree_length",1.5,0.4,4,10,1.5,0.1,100
"nt","model3","tl1.50_gl0.10_pr2.50_c100","gain_loss_ratio",10,0,0,10,1.5,0.1,100
"nt","model3","tl2.50_gl0.10_pr2.50_c100","tree_length",2.5,0.4,4,10,2.5,0.1,100
"nt","model3","tl2.50_gl0.10_pr2.50_c100","gain_loss_ratio",10,0,0,10,2.5,0.1,100
"nt","model3","tl5.00_gl0.10_pr2.50_c100","tree_length",5,0.7,7,10,5,0.1,100
"nt","model3","tl5.00_gl0.10_pr2.50_c100","gain_loss_ratio",10,0,0,10,5,0.1,100
"nt","model3","tl1.00_gl0.25_pr2.50_c100","tree_length",1,0.4,4,10,1,0.25,100
"nt","model3","tl1.00_gl0.25_pr2.50_c100","gain_loss_ratio",4,0,0,10,1,0.25,100
"nt","model3","tl1.50_gl0.25_pr2.50_c100","tree_length",1.5,0.4,4,10,1.5,0.25,100
"nt","model3","tl1.50_gl0.25_pr2.50_c100","gain_loss_ratio",4,0,0,10,1.5,0.25,100
"nt","model3","tl2.50_gl0.25_pr2.50_c100","tree_length",2.5,0.4,4,10,2.5,0.25,100
"nt","model3","tl2.50_gl0.25_pr2.50_c100","gain_loss_ratio",4,0,0,10,2.5,0.25,100
"nt","model3","tl5.00_gl0.25_pr2.50_c100","tree_length",5,0.5,5,10,5,0.25,100
"nt","model3","tl5.00_gl0.25_pr2.50_c100","gain_loss_ratio",4,0,0,10,5,0.25,100
"nt","model3","tl1.00_gl0.50_pr2.50_c100","tree_length",1,0.5,5,10,1,0.5,100
"nt","model3","tl1.00_gl0.50_pr2.50_c100","gain_loss_ratio",2,0.2,2,10,1,0.5,100
"nt","model3","tl1.50_gl0.50_pr2.50_c100","tree_length",1.5,0.4,4,10,1.5,0.5,100
"nt","model3","tl1.50_gl0.50_pr2.50_c100","gain_loss_ratio",2,0,0,10,1.5,0.5,100
"nt","model3","tl2.50_gl0.50_pr2.50_c100","tree_length",2.5,0.5,5,10,2.5,0.5,100
"nt","model3","tl2.50_gl0.50_pr2.50_c100","gain_loss_ratio",2,0,0,10,2.5,0.5,100
"nt","model3","tl5.00_gl0.50_pr2.50_c100","tree_length",5,0.6,6,10,5,0.5,100
"nt","model3","tl5.00_gl0.50_pr2.50_c100","gain_loss_ratio",2,0,0,10,5,0.5,100
"nt","model3","tl1.00_gl1.00_pr2.50_c100","tree_length",1,0.4,4,10,1,1,100
"nt","model3","tl1.00_gl1.00_pr2.50_c100","gain_loss_ratio",1,0.9,9,10,1,1,100
"nt","model3","tl1.50_gl1.00_pr2.50_c100","tree_length",1.5,0.5,5,10,1.5,1,100
"nt","model3","tl1.50_gl1.00_pr2.50_c100","gain_loss_ratio",1,0.8,8,10,1.5,1,100
"nt","model3","tl2.50_gl1.00_pr2.50_c100","tree_length",2.5,0.4,4,10,2.5,1,100
"nt","model3","tl2.50_gl1.00_pr2.50_c100","gain_loss_ratio",1,0.9,9,10,2.5,1,100
"nt","model3","tl5.00_gl1.00_pr2.50_c100","tree_length",5,0.5,5,10,5,1,100
"nt","model3","tl5.00_gl1.00_pr2.50_c100","gain_loss_ratio",1,0.7,7,10,5,1,100
"nt","model3","tl1.00_gl0.10_pr5.00_c100","tree_length",1,0.2,2,10,1,0.1,100
"nt","model3","tl1.00_gl0.10_pr5.00_c100","gain_loss_ratio",10,0,0,10,1,0.1,100
"nt","model3","tl1.50_gl0.10_pr5.00_c100","tree_length",1.5,0.3,3,10,1.5,0.1,100
"nt","model3","tl1.50_gl0.10_pr5.00_c100","gain_loss_ratio",10,0,0,10,1.5,0.1,100
"nt","model3","tl2.50_gl0.10_pr5.00_c100","tree_length",2.5,0.3,3,10,2.5,0.1,100
"nt","model3","tl2.50_gl0.10_pr5.00_c100","gain_loss_ratio",10,0,0,10,2.5,0.1,100
"nt","model3","tl5.00_gl0.10_pr5.00_c100","tree_length",5,0.6,6,10,5,0.1,100
"nt","model3","tl5.00_gl0.10_pr5.00_c100","gain_loss_ratio",10,0,0,10,5,0.1,100
"nt","model3","tl1.00_gl0.25_pr5.00_c100","tree_length",1,0.5,5,10,1,0.25,100
"nt","model3","tl1.00_gl0.25_pr5.00_c100","gain_loss_ratio",4,0,0,10,1,0.25,100
"nt","model3","tl1.50_gl0.25_pr5.00_c100","tree_length",1.5,0.4,4,10,1.5,0.25,100
"nt","model3","tl1.50_gl0.25_pr5.00_c100","gain_loss_ratio",4,0,0,10,1.5,0.25,100
"nt","model3","tl2.50_gl0.25_pr5.00_c100","tree_length",2.5,0.5,5,10,2.5,0.25,100
"nt","model3","tl2.50_gl0.25_pr5.00_c100","gain_loss_ratio",4,0,0,10,2.5,0.25,100
"nt","model3","tl5.00_gl0.25_pr5.00_c100","tree_length",5,0.4,4,10,5,0.25,100
"nt","model3","tl5.00_gl0.25_pr5.00_c100","gain_loss_ratio",4,0,0,10,5,0.25,100
"nt","model3","tl1.00_gl0.50_pr5.00_c100","tree_length",1,0.3,3,10,1,0.5,100
"nt","model3","tl1.00_gl0.50_pr5.00_c100","gain_loss_ratio",2,0.1,1,10,1,0.5,100
"nt","model3","tl1.50_gl0.50_pr5.00_c100","tree_length",1.5,0.3,3,10,1.5,0.5,100
"nt","model3","tl1.50_gl0.50_pr5.00_c100","gain_loss_ratio",2,0,0,10,1.5,0.5,100
"nt","model3","tl2.50_gl0.50_pr5.00_c100","tree_length",2.5,0.4,4,10,2.5,0.5,100
"nt","model3","tl2.50_gl0.50_pr5.00_c100","gain_loss_ratio",2,0.1,1,10,2.5,0.5,100
"nt","model3","tl5.00_gl0.50_pr5.00_c100","tree_length",5,0.5,5,10,5,0.5,100
"nt","model3","tl5.00_gl0.50_pr5.00_c100","gain_loss_ratio",2,0,0,10,5,0.5,100
"nt","model3","tl1.00_gl1.00_pr5.00_c100","tree_length",1,0.3,3,10,1,1,100
"nt","model3","tl1.00_gl1.00_pr5.00_c100","gain_loss_ratio",1,0.9,9,10,1,1,100
"nt","model3","tl1.50_gl1.00_pr5.00_c100","tree_length",1.5,0.4,4,10,1.5,1,100
"nt","model3","tl1.50_gl1.00_pr5.00_c100","gain_loss_ratio",1,0.8,8,10,1.5,1,100
"nt","model3","tl2.50_gl1.00_pr5.00_c100","tree_length",2.5,0.5,5,10,2.5,1,100
"nt","model3","tl2.50_gl1.00_pr5.00_c100","gain_loss_ratio",1,0.8,8,10,2.5,1,100
"nt","model3","tl5.00_gl1.00_pr5.00_c100","tree_length",5,0.7,7,10,5,1,100
"nt","model3","tl5.00_gl1.00_pr5.00_c100","gain_loss_ratio",1,0.7,7,10,5,1,100
"nt","model3","tl1.00_gl0.10_pr1.00_c200","tree_length",1,0.2,2,10,1,0.1,200
"nt","model3","tl1.00_gl0.10_pr1.00_c200","gain_loss_ratio",10,0,0,10,1,0.1,200
"nt","model3","tl1.50_gl0.10_pr1.00_c200","tree_length",1.5,0.2,2,10,1.5,0.1,200
"nt","model3","tl1.50_gl0.10_pr1.00_c200","gain_loss_ratio",10,0,0,10,1.5,0.1,200
"nt","model3","tl2.50_gl0.10_pr1.00_c200","tree_length",2.5,0.4,4,10,2.5,0.1,200
"nt","model3","tl2.50_gl0.10_pr1.00_c200","gain_loss_ratio",10,0,0,10,2.5,0.1,200
"nt","model3","tl5.00_gl0.10_pr1.00_c200","tree_length",5,0.5,5,10,5,0.1,200
"nt","model3","tl5.00_gl0.10_pr1.00_c200","gain_loss_ratio",10,0,0,10,5,0.1,200
"nt","model3","tl1.00_gl0.25_pr1.00_c200","tree_length",1,0.4,4,10,1,0.25,200
"nt","model3","tl1.00_gl0.25_pr1.00_c200","gain_loss_ratio",4,0,0,10,1,0.25,200
"nt","model3","tl1.50_gl0.25_pr1.00_c200","tree_length",1.5,0.4,4,10,1.5,0.25,200
"nt","model3","tl1.50_gl0.25_pr1.00_c200","gain_loss_ratio",4,0,0,10,1.5,0.25,200
"nt","model3","tl2.50_gl0.25_pr1.00_c200","tree_length",2.5,0.3,3,10,2.5,0.25,200
"nt","model3","tl2.50_gl0.25_pr1.00_c200","gain_loss_ratio",4,0,0,10,2.5,0.25,200
"nt","model3","tl5.00_gl0.25_pr1.00_c200","tree_length",5,0.5,5,10,5,0.25,200
"nt","model3","tl5.00_gl0.25_pr1.00_c200","gain_loss_ratio",4,0,0,10,5,0.25,200
"nt","model3","tl1.00_gl0.50_pr1.00_c200","tree_length",1,0.3,3,10,1,0.5,200
"nt","model3","tl1.00_gl0.50_pr1.00_c200","gain_loss_ratio",2,0.1,1,10,1,0.5,200
"nt","model3","tl1.50_gl0.50_pr1.00_c200","tree_length",1.5,0.5,5,10,1.5,0.5,200
"nt","model3","tl1.50_gl0.50_pr1.00_c200","gain_loss_ratio",2,0,0,10,1.5,0.5,200
"nt","model3","tl2.50_gl0.50_pr1.00_c200","tree_length",2.5,0.4,4,10,2.5,0.5,200
"nt","model3","tl2.50_gl0.50_pr1.00_c200","gain_loss_ratio",2,0,0,10,2.5,0.5,200
"nt","model3","tl5.00_gl0.50_pr1.00_c200","tree_length",5,0.3,3,10,5,0.5,200
"nt","model3","tl5.00_gl0.50_pr1.00_c200","gain_loss_ratio",2,0,0,10,5,0.5,200
"nt","model3","tl1.00_gl1.00_pr1.00_c200","tree_length",1,0.4,4,10,1,1,200
"nt","model3","tl1.00_gl1.00_pr1.00_c200","gain_loss_ratio",1,1,10,10,1,1,200
"nt","model3","tl1.50_gl1.00_pr1.00_c200","tree_length",1.5,0.5,5,10,1.5,1,200
"nt","model3","tl1.50_gl1.00_pr1.00_c200","gain_loss_ratio",1,1,10,10,1.5,1,200
"nt","model3","tl2.50_gl1.00_pr1.00_c200","tree_length",2.5,0.4,4,10,2.5,1,200
"nt","model3","tl2.50_gl1.00_pr1.00_c200","gain_loss_ratio",1,0.9,9,10,2.5,1,200
"nt","model3","tl5.00_gl1.00_pr1.00_c200","tree_length",5,0.2,2,10,5,1,200
"nt","model3","tl5.00_gl1.00_pr1.00_c200","gain_loss_ratio",1,0.9,9,10,5,1,200
"nt","model3","tl1.00_gl0.10_pr2.50_c200","tree_length",1,0,0,10,1,0.1,200
"nt","model3","tl1.00_gl0.10_pr2.50_c200","gain_loss_ratio",10,0,0,10,1,0.1,200
"nt","model3","tl1.50_gl0.10_pr2.50_c200","tree_length",1.5,0.3,3,10,1.5,0.1,200
"nt","model3","tl1.50_gl0.10_pr2.50_c200","gain_loss_ratio",10,0,0,10,1.5,0.1,200
"nt","model3","tl2.50_gl0.10_pr2.50_c200","tree_length",2.5,0.3,3,10,2.5,0.1,200
"nt","model3","tl2.50_gl0.10_pr2.50_c200","gain_loss_ratio",10,0,0,10,2.5,0.1,200
"nt","model3","tl5.00_gl0.10_pr2.50_c200","tree_length",5,0.7,7,10,5,0.1,200
"nt","model3","tl5.00_gl0.10_pr2.50_c200","gain_loss_ratio",10,0,0,10,5,0.1,200
"nt","model3","tl1.00_gl0.25_pr2.50_c200","tree_length",1,0.3,3,10,1,0.25,200
"nt","model3","tl1.00_gl0.25_pr2.50_c200","gain_loss_ratio",4,0,0,10,1,0.25,200
"nt","model3","tl1.50_gl0.25_pr2.50_c200","tree_length",1.5,0.5,5,10,1.5,0.25,200
"nt","model3","tl1.50_gl0.25_pr2.50_c200","gain_loss_ratio",4,0,0,10,1.5,0.25,200
"nt","model3","tl2.50_gl0.25_pr2.50_c200","tree_length",2.5,0.3,3,10,2.5,0.25,200
"nt","model3","tl2.50_gl0.25_pr2.50_c200","gain_loss_ratio",4,0,0,10,2.5,0.25,200
"nt","model3","tl5.00_gl0.25_pr2.50_c200","tree_length",5,0.5,5,10,5,0.25,200
"nt","model3","tl5.00_gl0.25_pr2.50_c200","gain_loss_ratio",4,0,0,10,5,0.25,200
"nt","model3","tl1.00_gl0.50_pr2.50_c200","tree_length",1,0.4,4,10,1,0.5,200
"nt","model3","tl1.00_gl0.50_pr2.50_c200","gain_loss_ratio",2,0.2,2,10,1,0.5,200
"nt","model3","tl1.50_gl0.50_pr2.50_c200","tree_length",1.5,0.3,3,10,1.5,0.5,200
"nt","model3","tl1.50_gl0.50_pr2.50_c200","gain_loss_ratio",2,0,0,10,1.5,0.5,200
"nt","model3","tl2.50_gl0.50_pr2.50_c200","tree_length",2.5,0.3,3,10,2.5,0.5,200
"nt","model3","tl2.50_gl0.50_pr2.50_c200","gain_loss_ratio",2,0,0,10,2.5,0.5,200
"nt","model3","tl5.00_gl0.50_pr2.50_c200","tree_length",5,0.4,4,10,5,0.5,200
"nt","model3","tl5.00_gl0.50_pr2.50_c200","gain_loss_ratio",2,0,0,10,5,0.5,200
"nt","model3","tl1.00_gl1.00_pr2.50_c200","tree_length",1,0.6,6,10,1,1,200
"nt","model3","tl1.00_gl1.00_pr2.50_c200","gain_loss_ratio",1,0.8,8,10,1,1,200
"nt","model3","tl1.50_gl1.00_pr2.50_c200","tree_length",1.5,0.3,3,10,1.5,1,200
"nt","model3","tl1.50_gl1.00_pr2.50_c200","gain_loss_ratio",1,1,10,10,1.5,1,200
"nt","model3","tl2.50_gl1.00_pr2.50_c200","tree_length",2.5,0.4,4,10,2.5,1,200
"nt","model3","tl2.50_gl1.00_pr2.50_c200","gain_loss_ratio",1,0.9,9,10,2.5,1,200
"nt","model3","tl5.00_gl1.00_pr2.50_c200","tree_length",5,0.2,2,10,5,1,200
"nt","model3","tl5.00_gl1.00_pr2.50_c200","gain_loss_ratio",1,1,10,10,5,1,200
"nt","model3","tl1.00_gl0.10_pr5.00_c200","tree_length",1,0.1,1,10,1,0.1,200
"nt","model3","tl1.00_gl0.10_pr5.00_c200","gain_loss_ratio",10,0,0,10,1,0.1,200
"nt","model3","tl1.50_gl0.10_pr5.00_c200","tree_length",1.5,0.1,1,10,1.5,0.1,200
"nt","model3","tl1.50_gl0.10_pr5.00_c200","gain_loss_ratio",10,0,0,10,1.5,0.1,200
"nt","model3","tl2.50_gl0.10_pr5.00_c200","tree_length",2.5,0.3,3,10,2.5,0.1,200
"nt","model3","tl2.50_gl0.10_pr5.00_c200","gain_loss_ratio",10,0,0,10,2.5,0.1,200
"nt","model3","tl5.00_gl0.10_pr5.00_c200","tree_length",5,0.7,7,10,5,0.1,200
"nt","model3","tl5.00_gl0.10_pr5.00_c200","gain_loss_ratio",10,0,0,10,5,0.1,200
"nt","model3","tl1.00_gl0.25_pr5.00_c200","tree_length",1,0.3,3,10,1,0.25,200
"nt","model3","tl1.00_gl0.25_pr5.00_c200","gain_loss_ratio",4,0,0,10,1,0.25,200
"nt","model3","tl1.50_gl0.25_pr5.00_c200","tree_length",1.5,0.2,2,10,1.5,0.25,200
"nt","model3","tl1.50_gl0.25_pr5.00_c200","gain_loss_ratio",4,0,0,10,1.5,0.25,200
"nt","model3","tl2.50_gl0.25_pr5.00_c200","tree_length",2.5,0.3,3,10,2.5,0.25,200
"nt","model3","tl2.50_gl0.25_pr5.00_c200","gain_loss_ratio",4,0,0,10,2.5,0.25,200
"nt","model3","tl5.00_gl0.25_pr5.00_c200","tree_length",5,0.6,6,10,5,0.25,200
"nt","model3","tl5.00_gl0.25_pr5.00_c200","gain_loss_ratio",4,0,0,10,5,0.25,200
"nt","model3","tl1.00_gl0.50_pr5.00_c200","tree_length",1,0.2,2,10,1,0.5,200
"nt","model3","tl1.00_gl0.50_pr5.00_c200","gain_loss_ratio",2,0,0,10,1,0.5,200
"nt","model3","tl1.50_gl0.50_pr5.00_c200","tree_length",1.5,0.3,3,10,1.5,0.5,200
"nt","model3","tl1.50_gl0.50_pr5.00_c200","gain_loss_ratio",2,0,0,10,1.5,0.5,200
"nt","model3","tl2.50_gl0.50_pr5.00_c200","tree_length",2.5,0.4,4,10,2.5,0.5,200
"nt","model3","tl2.50_gl0.50_pr5.00_c200","gain_loss_ratio",2,0,0,10,2.5,0.5,200
"nt","model3","tl5.00_gl0.50_pr5.00_c200","tree_length",5,0.6,6,10,5,0.5,200
"nt","model3","tl5.00_gl0.50_pr5.00_c200","gain_loss_ratio",2,0,0,10,5,0.5,200
"nt","model3","tl1.00_gl1.00_pr5.00_c200","tree_length",1,0.4,4,10,1,1,200
"nt","model3","tl1.00_gl1.00_pr5.00_c200","gain_loss_ratio",1,0.8,8,10,1,1,200
"nt","model3","tl1.50_gl1.00_pr5.00_c200","tree_length",1.5,0.4,4,10,1.5,1,200
"nt","model3","tl1.50_gl1.00_pr5.00_c200","gain_loss_ratio",1,1,10,10,1.5,1,200
"nt","model3","tl2.50_gl1.00_pr5.00_c200","tree_length",2.5,0.4,4,10,2.5,1,200
"nt","model3","tl2.50_gl1.00_pr5.00_c200","gain_loss_ratio",1,0.6,6,10,2.5,1,200
"nt","model3","tl5.00_gl1.00_pr5.00_c200","tree_length",5,0.2,2,10,5,1,200
"nt","model3","tl5.00_gl1.00_pr5.00_c200","gain_loss_ratio",1,0.7,7,10,5,1,200
"nt","model4","tl1.00_gl0.10_pr1.00_c25","tree_length",1,0.6,6,10,1,0.1,25
"nt","model4","tl1.00_gl0.10_pr1.00_c25","gain_loss_neo",10,NA,0,0,1,0.1,25
"nt","model4","tl1.00_gl0.10_pr1.00_c25","gain_loss_trans",10,NA,0,0,1,0.1,25
"nt","model4","tl1.50_gl0.10_pr1.00_c25","tree_length",1.5,0.9,9,10,1.5,0.1,25
"nt","model4","tl1.50_gl0.10_pr1.00_c25","gain_loss_neo",10,NA,0,0,1.5,0.1,25
"nt","model4","tl1.50_gl0.10_pr1.00_c25","gain_loss_trans",10,NA,0,0,1.5,0.1,25
"nt","model4","tl2.50_gl0.10_pr1.00_c25","tree_length",2.5,0.7,7,10,2.5,0.1,25
"nt","model4","tl2.50_gl0.10_pr1.00_c25","gain_loss_neo",10,NA,0,0,2.5,0.1,25
"nt","model4","tl2.50_gl0.10_pr1.00_c25","gain_loss_trans",10,NA,0,0,2.5,0.1,25
"nt","model4","tl5.00_gl0.10_pr1.00_c25","tree_length",5,0.1,1,10,5,0.1,25
"nt","model4","tl5.00_gl0.10_pr1.00_c25","gain_loss_neo",10,NA,0,0,5,0.1,25
"nt","model4","tl5.00_gl0.10_pr1.00_c25","gain_loss_trans",10,NA,0,0,5,0.1,25
"nt","model4","tl1.00_gl0.25_pr1.00_c25","tree_length",1,0.7,7,10,1,0.25,25
"nt","model4","tl1.00_gl0.25_pr1.00_c25","gain_loss_neo",4,NA,0,0,1,0.25,25
"nt","model4","tl1.00_gl0.25_pr1.00_c25","gain_loss_trans",4,NA,0,0,1,0.25,25
"nt","model4","tl1.50_gl0.25_pr1.00_c25","tree_length",1.5,0.9,9,10,1.5,0.25,25
"nt","model4","tl1.50_gl0.25_pr1.00_c25","gain_loss_neo",4,NA,0,0,1.5,0.25,25
"nt","model4","tl1.50_gl0.25_pr1.00_c25","gain_loss_trans",4,NA,0,0,1.5,0.25,25
"nt","model4","tl2.50_gl0.25_pr1.00_c25","tree_length",2.5,0.5,5,10,2.5,0.25,25
"nt","model4","tl2.50_gl0.25_pr1.00_c25","gain_loss_neo",4,NA,0,0,2.5,0.25,25
"nt","model4","tl2.50_gl0.25_pr1.00_c25","gain_loss_trans",4,NA,0,0,2.5,0.25,25
"nt","model4","tl5.00_gl0.25_pr1.00_c25","tree_length",5,0.8,8,10,5,0.25,25
"nt","model4","tl5.00_gl0.25_pr1.00_c25","gain_loss_neo",4,NA,0,0,5,0.25,25
"nt","model4","tl5.00_gl0.25_pr1.00_c25","gain_loss_trans",4,NA,0,0,5,0.25,25
"nt","model4","tl1.00_gl0.50_pr1.00_c25","tree_length",1,0.7,7,10,1,0.5,25
"nt","model4","tl1.00_gl0.50_pr1.00_c25","gain_loss_neo",2,NA,0,0,1,0.5,25
"nt","model4","tl1.00_gl0.50_pr1.00_c25","gain_loss_trans",2,NA,0,0,1,0.5,25
"nt","model4","tl1.50_gl0.50_pr1.00_c25","tree_length",1.5,0.8,8,10,1.5,0.5,25
"nt","model4","tl1.50_gl0.50_pr1.00_c25","gain_loss_neo",2,NA,0,0,1.5,0.5,25
"nt","model4","tl1.50_gl0.50_pr1.00_c25","gain_loss_trans",2,NA,0,0,1.5,0.5,25
"nt","model4","tl2.50_gl0.50_pr1.00_c25","tree_length",2.5,0.6,6,10,2.5,0.5,25
"nt","model4","tl2.50_gl0.50_pr1.00_c25","gain_loss_neo",2,NA,0,0,2.5,0.5,25
"nt","model4","tl2.50_gl0.50_pr1.00_c25","gain_loss_trans",2,NA,0,0,2.5,0.5,25
"nt","model4","tl5.00_gl0.50_pr1.00_c25","tree_length",5,0.8,8,10,5,0.5,25
"nt","model4","tl5.00_gl0.50_pr1.00_c25","gain_loss_neo",2,NA,0,0,5,0.5,25
"nt","model4","tl5.00_gl0.50_pr1.00_c25","gain_loss_trans",2,NA,0,0,5,0.5,25
"nt","model4","tl1.00_gl1.00_pr1.00_c25","tree_length",1,0.7,7,10,1,1,25
"nt","model4","tl1.00_gl1.00_pr1.00_c25","gain_loss_neo",1,NA,0,0,1,1,25
"nt","model4","tl1.00_gl1.00_pr1.00_c25","gain_loss_trans",1,NA,0,0,1,1,25
"nt","model4","tl1.50_gl1.00_pr1.00_c25","tree_length",1.5,0.6,6,10,1.5,1,25
"nt","model4","tl1.50_gl1.00_pr1.00_c25","gain_loss_neo",1,NA,0,0,1.5,1,25
"nt","model4","tl1.50_gl1.00_pr1.00_c25","gain_loss_trans",1,NA,0,0,1.5,1,25
"nt","model4","tl2.50_gl1.00_pr1.00_c25","tree_length",2.5,0.6,6,10,2.5,1,25
"nt","model4","tl2.50_gl1.00_pr1.00_c25","gain_loss_neo",1,NA,0,0,2.5,1,25
"nt","model4","tl2.50_gl1.00_pr1.00_c25","gain_loss_trans",1,NA,0,0,2.5,1,25
"nt","model4","tl5.00_gl1.00_pr1.00_c25","tree_length",5,0.8,8,10,5,1,25
"nt","model4","tl5.00_gl1.00_pr1.00_c25","gain_loss_neo",1,NA,0,0,5,1,25
"nt","model4","tl5.00_gl1.00_pr1.00_c25","gain_loss_trans",1,NA,0,0,5,1,25
"nt","model4","tl1.00_gl0.10_pr2.50_c25","tree_length",1,1,10,10,1,0.1,25
"nt","model4","tl1.00_gl0.10_pr2.50_c25","gain_loss_neo",10,NA,0,0,1,0.1,25
"nt","model4","tl1.00_gl0.10_pr2.50_c25","gain_loss_trans",10,NA,0,0,1,0.1,25
"nt","model4","tl1.50_gl0.10_pr2.50_c25","tree_length",1.5,0.9,9,10,1.5,0.1,25
"nt","model4","tl1.50_gl0.10_pr2.50_c25","gain_loss_neo",10,NA,0,0,1.5,0.1,25
"nt","model4","tl1.50_gl0.10_pr2.50_c25","gain_loss_trans",10,NA,0,0,1.5,0.1,25
"nt","model4","tl2.50_gl0.10_pr2.50_c25","tree_length",2.5,0.5,5,10,2.5,0.1,25
"nt","model4","tl2.50_gl0.10_pr2.50_c25","gain_loss_neo",10,NA,0,0,2.5,0.1,25
"nt","model4","tl2.50_gl0.10_pr2.50_c25","gain_loss_trans",10,NA,0,0,2.5,0.1,25
"nt","model4","tl5.00_gl0.10_pr2.50_c25","tree_length",5,0,0,10,5,0.1,25
"nt","model4","tl5.00_gl0.10_pr2.50_c25","gain_loss_neo",10,NA,0,0,5,0.1,25
"nt","model4","tl5.00_gl0.10_pr2.50_c25","gain_loss_trans",10,NA,0,0,5,0.1,25
"nt","model4","tl1.00_gl0.25_pr2.50_c25","tree_length",1,1,10,10,1,0.25,25
"nt","model4","tl1.00_gl0.25_pr2.50_c25","gain_loss_neo",4,NA,0,0,1,0.25,25
"nt","model4","tl1.00_gl0.25_pr2.50_c25","gain_loss_trans",4,NA,0,0,1,0.25,25
"nt","model4","tl1.50_gl0.25_pr2.50_c25","tree_length",1.5,0.9,9,10,1.5,0.25,25
"nt","model4","tl1.50_gl0.25_pr2.50_c25","gain_loss_neo",4,NA,0,0,1.5,0.25,25
"nt","model4","tl1.50_gl0.25_pr2.50_c25","gain_loss_trans",4,NA,0,0,1.5,0.25,25
"nt","model4","tl2.50_gl0.25_pr2.50_c25","tree_length",2.5,0.4,4,10,2.5,0.25,25
"nt","model4","tl2.50_gl0.25_pr2.50_c25","gain_loss_neo",4,NA,0,0,2.5,0.25,25
"nt","model4","tl2.50_gl0.25_pr2.50_c25","gain_loss_trans",4,NA,0,0,2.5,0.25,25
"nt","model4","tl5.00_gl0.25_pr2.50_c25","tree_length",5,0.5,5,10,5,0.25,25
"nt","model4","tl5.00_gl0.25_pr2.50_c25","gain_loss_neo",4,NA,0,0,5,0.25,25
"nt","model4","tl5.00_gl0.25_pr2.50_c25","gain_loss_trans",4,NA,0,0,5,0.25,25
"nt","model4","tl1.00_gl0.50_pr2.50_c25","tree_length",1,0.8,8,10,1,0.5,25
"nt","model4","tl1.00_gl0.50_pr2.50_c25","gain_loss_neo",2,NA,0,0,1,0.5,25
"nt","model4","tl1.00_gl0.50_pr2.50_c25","gain_loss_trans",2,NA,0,0,1,0.5,25
"nt","model4","tl1.50_gl0.50_pr2.50_c25","tree_length",1.5,0.8,8,10,1.5,0.5,25
"nt","model4","tl1.50_gl0.50_pr2.50_c25","gain_loss_neo",2,NA,0,0,1.5,0.5,25
"nt","model4","tl1.50_gl0.50_pr2.50_c25","gain_loss_trans",2,NA,0,0,1.5,0.5,25
"nt","model4","tl2.50_gl0.50_pr2.50_c25","tree_length",2.5,0.5,5,10,2.5,0.5,25
"nt","model4","tl2.50_gl0.50_pr2.50_c25","gain_loss_neo",2,NA,0,0,2.5,0.5,25
"nt","model4","tl2.50_gl0.50_pr2.50_c25","gain_loss_trans",2,NA,0,0,2.5,0.5,25
"nt","model4","tl5.00_gl0.50_pr2.50_c25","tree_length",5,0.1,1,10,5,0.5,25
"nt","model4","tl5.00_gl0.50_pr2.50_c25","gain_loss_neo",2,NA,0,0,5,0.5,25
"nt","model4","tl5.00_gl0.50_pr2.50_c25","gain_loss_trans",2,NA,0,0,5,0.5,25
"nt","model4","tl1.00_gl1.00_pr2.50_c25","tree_length",1,1,10,10,1,1,25
"nt","model4","tl1.00_gl1.00_pr2.50_c25","gain_loss_neo",1,NA,0,0,1,1,25
"nt","model4","tl1.00_gl1.00_pr2.50_c25","gain_loss_trans",1,NA,0,0,1,1,25
"nt","model4","tl1.50_gl1.00_pr2.50_c25","tree_length",1.5,0.9,9,10,1.5,1,25
"nt","model4","tl1.50_gl1.00_pr2.50_c25","gain_loss_neo",1,NA,0,0,1.5,1,25
"nt","model4","tl1.50_gl1.00_pr2.50_c25","gain_loss_trans",1,NA,0,0,1.5,1,25
"nt","model4","tl2.50_gl1.00_pr2.50_c25","tree_length",2.5,0.4,4,10,2.5,1,25
"nt","model4","tl2.50_gl1.00_pr2.50_c25","gain_loss_neo",1,NA,0,0,2.5,1,25
"nt","model4","tl2.50_gl1.00_pr2.50_c25","gain_loss_trans",1,NA,0,0,2.5,1,25
"nt","model4","tl5.00_gl1.00_pr2.50_c25","tree_length",5,0.3,3,10,5,1,25
"nt","model4","tl5.00_gl1.00_pr2.50_c25","gain_loss_neo",1,NA,0,0,5,1,25
"nt","model4","tl5.00_gl1.00_pr2.50_c25","gain_loss_trans",1,NA,0,0,5,1,25
"nt","model4","tl1.00_gl0.10_pr5.00_c25","tree_length",1,1,10,10,1,0.1,25
"nt","model4","tl1.00_gl0.10_pr5.00_c25","gain_loss_neo",10,NA,0,0,1,0.1,25
"nt","model4","tl1.00_gl0.10_pr5.00_c25","gain_loss_trans",10,NA,0,0,1,0.1,25
"nt","model4","tl1.50_gl0.10_pr5.00_c25","tree_length",1.5,1,10,10,1.5,0.1,25
"nt","model4","tl1.50_gl0.10_pr5.00_c25","gain_loss_neo",10,NA,0,0,1.5,0.1,25
"nt","model4","tl1.50_gl0.10_pr5.00_c25","gain_loss_trans",10,NA,0,0,1.5,0.1,25
"nt","model4","tl2.50_gl0.10_pr5.00_c25","tree_length",2.5,0.8,8,10,2.5,0.1,25
"nt","model4","tl2.50_gl0.10_pr5.00_c25","gain_loss_neo",10,NA,0,0,2.5,0.1,25
"nt","model4","tl2.50_gl0.10_pr5.00_c25","gain_loss_trans",10,NA,0,0,2.5,0.1,25
"nt","model4","tl5.00_gl0.10_pr5.00_c25","tree_length",5,0,0,10,5,0.1,25
"nt","model4","tl5.00_gl0.10_pr5.00_c25","gain_loss_neo",10,NA,0,0,5,0.1,25
"nt","model4","tl5.00_gl0.10_pr5.00_c25","gain_loss_trans",10,NA,0,0,5,0.1,25
"nt","model4","tl1.00_gl0.25_pr5.00_c25","tree_length",1,0.8,8,10,1,0.25,25
"nt","model4","tl1.00_gl0.25_pr5.00_c25","gain_loss_neo",4,NA,0,0,1,0.25,25
"nt","model4","tl1.00_gl0.25_pr5.00_c25","gain_loss_trans",4,NA,0,0,1,0.25,25
"nt","model4","tl1.50_gl0.25_pr5.00_c25","tree_length",1.5,0.9,9,10,1.5,0.25,25
"nt","model4","tl1.50_gl0.25_pr5.00_c25","gain_loss_neo",4,NA,0,0,1.5,0.25,25
"nt","model4","tl1.50_gl0.25_pr5.00_c25","gain_loss_trans",4,NA,0,0,1.5,0.25,25
"nt","model4","tl2.50_gl0.25_pr5.00_c25","tree_length",2.5,0.3,3,10,2.5,0.25,25
"nt","model4","tl2.50_gl0.25_pr5.00_c25","gain_loss_neo",4,NA,0,0,2.5,0.25,25
"nt","model4","tl2.50_gl0.25_pr5.00_c25","gain_loss_trans",4,NA,0,0,2.5,0.25,25
"nt","model4","tl5.00_gl0.25_pr5.00_c25","tree_length",5,0.1,1,10,5,0.25,25
"nt","model4","tl5.00_gl0.25_pr5.00_c25","gain_loss_neo",4,NA,0,0,5,0.25,25
"nt","model4","tl5.00_gl0.25_pr5.00_c25","gain_loss_trans",4,NA,0,0,5,0.25,25
"nt","model4","tl1.00_gl0.50_pr5.00_c25","tree_length",1,0.7,7,10,1,0.5,25
"nt","model4","tl1.00_gl0.50_pr5.00_c25","gain_loss_neo",2,NA,0,0,1,0.5,25
"nt","model4","tl1.00_gl0.50_pr5.00_c25","gain_loss_trans",2,NA,0,0,1,0.5,25
"nt","model4","tl1.50_gl0.50_pr5.00_c25","tree_length",1.5,0.9,9,10,1.5,0.5,25
"nt","model4","tl1.50_gl0.50_pr5.00_c25","gain_loss_neo",2,NA,0,0,1.5,0.5,25
"nt","model4","tl1.50_gl0.50_pr5.00_c25","gain_loss_trans",2,NA,0,0,1.5,0.5,25
"nt","model4","tl2.50_gl0.50_pr5.00_c25","tree_length",2.5,0.4,4,10,2.5,0.5,25
"nt","model4","tl2.50_gl0.50_pr5.00_c25","gain_loss_neo",2,NA,0,0,2.5,0.5,25
"nt","model4","tl2.50_gl0.50_pr5.00_c25","gain_loss_trans",2,NA,0,0,2.5,0.5,25
"nt","model4","tl5.00_gl0.50_pr5.00_c25","tree_length",5,0.1,1,10,5,0.5,25
"nt","model4","tl5.00_gl0.50_pr5.00_c25","gain_loss_neo",2,NA,0,0,5,0.5,25
"nt","model4","tl5.00_gl0.50_pr5.00_c25","gain_loss_trans",2,NA,0,0,5,0.5,25
"nt","model4","tl1.00_gl1.00_pr5.00_c25","tree_length",1,0.8,8,10,1,1,25
"nt","model4","tl1.00_gl1.00_pr5.00_c25","gain_loss_neo",1,NA,0,0,1,1,25
"nt","model4","tl1.00_gl1.00_pr5.00_c25","gain_loss_trans",1,NA,0,0,1,1,25
"nt","model4","tl1.50_gl1.00_pr5.00_c25","tree_length",1.5,0.8,8,10,1.5,1,25
"nt","model4","tl1.50_gl1.00_pr5.00_c25","gain_loss_neo",1,NA,0,0,1.5,1,25
"nt","model4","tl1.50_gl1.00_pr5.00_c25","gain_loss_trans",1,NA,0,0,1.5,1,25
"nt","model4","tl2.50_gl1.00_pr5.00_c25","tree_length",2.5,0.3,3,10,2.5,1,25
"nt","model4","tl2.50_gl1.00_pr5.00_c25","gain_loss_neo",1,NA,0,0,2.5,1,25
"nt","model4","tl2.50_gl1.00_pr5.00_c25","gain_loss_trans",1,NA,0,0,2.5,1,25
"nt","model4","tl5.00_gl1.00_pr5.00_c25","tree_length",5,0.1,1,10,5,1,25
"nt","model4","tl5.00_gl1.00_pr5.00_c25","gain_loss_neo",1,NA,0,0,5,1,25
"nt","model4","tl5.00_gl1.00_pr5.00_c25","gain_loss_trans",1,NA,0,0,5,1,25
"nt","model4","tl1.00_gl0.10_pr1.00_c50","tree_length",1,0.6,6,10,1,0.1,50
"nt","model4","tl1.00_gl0.10_pr1.00_c50","gain_loss_neo",10,NA,0,0,1,0.1,50
"nt","model4","tl1.00_gl0.10_pr1.00_c50","gain_loss_trans",10,NA,0,0,1,0.1,50
"nt","model4","tl1.50_gl0.10_pr1.00_c50","tree_length",1.5,0.6,6,10,1.5,0.1,50
"nt","model4","tl1.50_gl0.10_pr1.00_c50","gain_loss_neo",10,NA,0,0,1.5,0.1,50
"nt","model4","tl1.50_gl0.10_pr1.00_c50","gain_loss_trans",10,NA,0,0,1.5,0.1,50
"nt","model4","tl2.50_gl0.10_pr1.00_c50","tree_length",2.5,0.8,8,10,2.5,0.1,50
"nt","model4","tl2.50_gl0.10_pr1.00_c50","gain_loss_neo",10,NA,0,0,2.5,0.1,50
"nt","model4","tl2.50_gl0.10_pr1.00_c50","gain_loss_trans",10,NA,0,0,2.5,0.1,50
"nt","model4","tl5.00_gl0.10_pr1.00_c50","tree_length",5,0.1,1,10,5,0.1,50
"nt","model4","tl5.00_gl0.10_pr1.00_c50","gain_loss_neo",10,NA,0,0,5,0.1,50
"nt","model4","tl5.00_gl0.10_pr1.00_c50","gain_loss_trans",10,NA,0,0,5,0.1,50
"nt","model4","tl1.00_gl0.25_pr1.00_c50","tree_length",1,0.6,6,10,1,0.25,50
"nt","model4","tl1.00_gl0.25_pr1.00_c50","gain_loss_neo",4,NA,0,0,1,0.25,50
"nt","model4","tl1.00_gl0.25_pr1.00_c50","gain_loss_trans",4,NA,0,0,1,0.25,50
"nt","model4","tl1.50_gl0.25_pr1.00_c50","tree_length",1.5,0.6,6,10,1.5,0.25,50
"nt","model4","tl1.50_gl0.25_pr1.00_c50","gain_loss_neo",4,NA,0,0,1.5,0.25,50
"nt","model4","tl1.50_gl0.25_pr1.00_c50","gain_loss_trans",4,NA,0,0,1.5,0.25,50
"nt","model4","tl2.50_gl0.25_pr1.00_c50","tree_length",2.5,0.7,7,10,2.5,0.25,50
"nt","model4","tl2.50_gl0.25_pr1.00_c50","gain_loss_neo",4,NA,0,0,2.5,0.25,50
"nt","model4","tl2.50_gl0.25_pr1.00_c50","gain_loss_trans",4,NA,0,0,2.5,0.25,50
"nt","model4","tl5.00_gl0.25_pr1.00_c50","tree_length",5,0.7,7,10,5,0.25,50
"nt","model4","tl5.00_gl0.25_pr1.00_c50","gain_loss_neo",4,NA,0,0,5,0.25,50
"nt","model4","tl5.00_gl0.25_pr1.00_c50","gain_loss_trans",4,NA,0,0,5,0.25,50
"nt","model4","tl1.00_gl0.50_pr1.00_c50","tree_length",1,0.6,6,10,1,0.5,50
"nt","model4","tl1.00_gl0.50_pr1.00_c50","gain_loss_neo",2,NA,0,0,1,0.5,50
"nt","model4","tl1.00_gl0.50_pr1.00_c50","gain_loss_trans",2,NA,0,0,1,0.5,50
"nt","model4","tl1.50_gl0.50_pr1.00_c50","tree_length",1.5,0.7,7,10,1.5,0.5,50
"nt","model4","tl1.50_gl0.50_pr1.00_c50","gain_loss_neo",2,NA,0,0,1.5,0.5,50
"nt","model4","tl1.50_gl0.50_pr1.00_c50","gain_loss_trans",2,NA,0,0,1.5,0.5,50
"nt","model4","tl2.50_gl0.50_pr1.00_c50","tree_length",2.5,0.6,6,10,2.5,0.5,50
"nt","model4","tl2.50_gl0.50_pr1.00_c50","gain_loss_neo",2,NA,0,0,2.5,0.5,50
"nt","model4","tl2.50_gl0.50_pr1.00_c50","gain_loss_trans",2,NA,0,0,2.5,0.5,50
"nt","model4","tl5.00_gl0.50_pr1.00_c50","tree_length",5,0.9,9,10,5,0.5,50
"nt","model4","tl5.00_gl0.50_pr1.00_c50","gain_loss_neo",2,NA,0,0,5,0.5,50
"nt","model4","tl5.00_gl0.50_pr1.00_c50","gain_loss_trans",2,NA,0,0,5,0.5,50
"nt","model4","tl1.00_gl1.00_pr1.00_c50","tree_length",1,0.7,7,10,1,1,50
"nt","model4","tl1.00_gl1.00_pr1.00_c50","gain_loss_neo",1,NA,0,0,1,1,50
"nt","model4","tl1.00_gl1.00_pr1.00_c50","gain_loss_trans",1,NA,0,0,1,1,50
"nt","model4","tl1.50_gl1.00_pr1.00_c50","tree_length",1.5,0.6,6,10,1.5,1,50
"nt","model4","tl1.50_gl1.00_pr1.00_c50","gain_loss_neo",1,NA,0,0,1.5,1,50
"nt","model4","tl1.50_gl1.00_pr1.00_c50","gain_loss_trans",1,NA,0,0,1.5,1,50
"nt","model4","tl2.50_gl1.00_pr1.00_c50","tree_length",2.5,0.5,5,10,2.5,1,50
"nt","model4","tl2.50_gl1.00_pr1.00_c50","gain_loss_neo",1,NA,0,0,2.5,1,50
"nt","model4","tl2.50_gl1.00_pr1.00_c50","gain_loss_trans",1,NA,0,0,2.5,1,50
"nt","model4","tl5.00_gl1.00_pr1.00_c50","tree_length",5,0.7,7,10,5,1,50
"nt","model4","tl5.00_gl1.00_pr1.00_c50","gain_loss_neo",1,NA,0,0,5,1,50
"nt","model4","tl5.00_gl1.00_pr1.00_c50","gain_loss_trans",1,NA,0,0,5,1,50
"nt","model4","tl1.00_gl0.10_pr2.50_c50","tree_length",1,0.9,9,10,1,0.1,50
"nt","model4","tl1.00_gl0.10_pr2.50_c50","gain_loss_neo",10,NA,0,0,1,0.1,50
"nt","model4","tl1.00_gl0.10_pr2.50_c50","gain_loss_trans",10,NA,0,0,1,0.1,50
"nt","model4","tl1.50_gl0.10_pr2.50_c50","tree_length",1.5,0.9,9,10,1.5,0.1,50
"nt","model4","tl1.50_gl0.10_pr2.50_c50","gain_loss_neo",10,NA,0,0,1.5,0.1,50
"nt","model4","tl1.50_gl0.10_pr2.50_c50","gain_loss_trans",10,NA,0,0,1.5,0.1,50
"nt","model4","tl2.50_gl0.10_pr2.50_c50","tree_length",2.5,0.6,6,10,2.5,0.1,50
"nt","model4","tl2.50_gl0.10_pr2.50_c50","gain_loss_neo",10,NA,0,0,2.5,0.1,50
"nt","model4","tl2.50_gl0.10_pr2.50_c50","gain_loss_trans",10,NA,0,0,2.5,0.1,50
"nt","model4","tl5.00_gl0.10_pr2.50_c50","tree_length",5,0,0,10,5,0.1,50
"nt","model4","tl5.00_gl0.10_pr2.50_c50","gain_loss_neo",10,NA,0,0,5,0.1,50
"nt","model4","tl5.00_gl0.10_pr2.50_c50","gain_loss_trans",10,NA,0,0,5,0.1,50
"nt","model4","tl1.00_gl0.25_pr2.50_c50","tree_length",1,0.6,6,10,1,0.25,50
"nt","model4","tl1.00_gl0.25_pr2.50_c50","gain_loss_neo",4,NA,0,0,1,0.25,50
"nt","model4","tl1.00_gl0.25_pr2.50_c50","gain_loss_trans",4,NA,0,0,1,0.25,50
"nt","model4","tl1.50_gl0.25_pr2.50_c50","tree_length",1.5,0.7,7,10,1.5,0.25,50
"nt","model4","tl1.50_gl0.25_pr2.50_c50","gain_loss_neo",4,NA,0,0,1.5,0.25,50
"nt","model4","tl1.50_gl0.25_pr2.50_c50","gain_loss_trans",4,NA,0,0,1.5,0.25,50
"nt","model4","tl2.50_gl0.25_pr2.50_c50","tree_length",2.5,0.5,5,10,2.5,0.25,50
"nt","model4","tl2.50_gl0.25_pr2.50_c50","gain_loss_neo",4,NA,0,0,2.5,0.25,50
"nt","model4","tl2.50_gl0.25_pr2.50_c50","gain_loss_trans",4,NA,0,0,2.5,0.25,50
"nt","model4","tl5.00_gl0.25_pr2.50_c50","tree_length",5,0.2,2,10,5,0.25,50
"nt","model4","tl5.00_gl0.25_pr2.50_c50","gain_loss_neo",4,NA,0,0,5,0.25,50
"nt","model4","tl5.00_gl0.25_pr2.50_c50","gain_loss_trans",4,NA,0,0,5,0.25,50
"nt","model4","tl1.00_gl0.50_pr2.50_c50","tree_length",1,0.7,7,10,1,0.5,50
"nt","model4","tl1.00_gl0.50_pr2.50_c50","gain_loss_neo",2,NA,0,0,1,0.5,50
"nt","model4","tl1.00_gl0.50_pr2.50_c50","gain_loss_trans",2,NA,0,0,1,0.5,50
"nt","model4","tl1.50_gl0.50_pr2.50_c50","tree_length",1.5,0.5,5,10,1.5,0.5,50
"nt","model4","tl1.50_gl0.50_pr2.50_c50","gain_loss_neo",2,NA,0,0,1.5,0.5,50
"nt","model4","tl1.50_gl0.50_pr2.50_c50","gain_loss_trans",2,NA,0,0,1.5,0.5,50
"nt","model4","tl2.50_gl0.50_pr2.50_c50","tree_length",2.5,0.4,4,10,2.5,0.5,50
"nt","model4","tl2.50_gl0.50_pr2.50_c50","gain_loss_neo",2,NA,0,0,2.5,0.5,50
"nt","model4","tl2.50_gl0.50_pr2.50_c50","gain_loss_trans",2,NA,0,0,2.5,0.5,50
"nt","model4","tl5.00_gl0.50_pr2.50_c50","tree_length",5,0.3,3,10,5,0.5,50
"nt","model4","tl5.00_gl0.50_pr2.50_c50","gain_loss_neo",2,NA,0,0,5,0.5,50
"nt","model4","tl5.00_gl0.50_pr2.50_c50","gain_loss_trans",2,NA,0,0,5,0.5,50
"nt","model4","tl1.00_gl1.00_pr2.50_c50","tree_length",1,0.8,8,10,1,1,50
"nt","model4","tl1.00_gl1.00_pr2.50_c50","gain_loss_neo",1,NA,0,0,1,1,50
"nt","model4","tl1.00_gl1.00_pr2.50_c50","gain_loss_trans",1,NA,0,0,1,1,50
"nt","model4","tl1.50_gl1.00_pr2.50_c50","tree_length",1.5,0.6,6,10,1.5,1,50
"nt","model4","tl1.50_gl1.00_pr2.50_c50","gain_loss_neo",1,NA,0,0,1.5,1,50
"nt","model4","tl1.50_gl1.00_pr2.50_c50","gain_loss_trans",1,NA,0,0,1.5,1,50
"nt","model4","tl2.50_gl1.00_pr2.50_c50","tree_length",2.5,0.4,4,10,2.5,1,50
"nt","model4","tl2.50_gl1.00_pr2.50_c50","gain_loss_neo",1,NA,0,0,2.5,1,50
"nt","model4","tl2.50_gl1.00_pr2.50_c50","gain_loss_trans",1,NA,0,0,2.5,1,50
"nt","model4","tl5.00_gl1.00_pr2.50_c50","tree_length",5,0.4,4,10,5,1,50
"nt","model4","tl5.00_gl1.00_pr2.50_c50","gain_loss_neo",1,NA,0,0,5,1,50
"nt","model4","tl5.00_gl1.00_pr2.50_c50","gain_loss_trans",1,NA,0,0,5,1,50
"nt","model4","tl1.00_gl0.10_pr5.00_c50","tree_length",1,0.5,5,10,1,0.1,50
"nt","model4","tl1.00_gl0.10_pr5.00_c50","gain_loss_neo",10,NA,0,0,1,0.1,50
"nt","model4","tl1.00_gl0.10_pr5.00_c50","gain_loss_trans",10,NA,0,0,1,0.1,50
"nt","model4","tl1.50_gl0.10_pr5.00_c50","tree_length",1.5,0.7,7,10,1.5,0.1,50
"nt","model4","tl1.50_gl0.10_pr5.00_c50","gain_loss_neo",10,NA,0,0,1.5,0.1,50
"nt","model4","tl1.50_gl0.10_pr5.00_c50","gain_loss_trans",10,NA,0,0,1.5,0.1,50
"nt","model4","tl2.50_gl0.10_pr5.00_c50","tree_length",2.5,0.3,3,10,2.5,0.1,50
"nt","model4","tl2.50_gl0.10_pr5.00_c50","gain_loss_neo",10,NA,0,0,2.5,0.1,50
"nt","model4","tl2.50_gl0.10_pr5.00_c50","gain_loss_trans",10,NA,0,0,2.5,0.1,50
"nt","model4","tl5.00_gl0.10_pr5.00_c50","tree_length",5,0,0,10,5,0.1,50
"nt","model4","tl5.00_gl0.10_pr5.00_c50","gain_loss_neo",10,NA,0,0,5,0.1,50
"nt","model4","tl5.00_gl0.10_pr5.00_c50","gain_loss_trans",10,NA,0,0,5,0.1,50
"nt","model4","tl1.00_gl0.25_pr5.00_c50","tree_length",1,0.5,5,10,1,0.25,50
"nt","model4","tl1.00_gl0.25_pr5.00_c50","gain_loss_neo",4,NA,0,0,1,0.25,50
"nt","model4","tl1.00_gl0.25_pr5.00_c50","gain_loss_trans",4,NA,0,0,1,0.25,50
"nt","model4","tl1.50_gl0.25_pr5.00_c50","tree_length",1.5,0.6,6,10,1.5,0.25,50
"nt","model4","tl1.50_gl0.25_pr5.00_c50","gain_loss_neo",4,NA,0,0,1.5,0.25,50
"nt","model4","tl1.50_gl0.25_pr5.00_c50","gain_loss_trans",4,NA,0,0,1.5,0.25,50
"nt","model4","tl2.50_gl0.25_pr5.00_c50","tree_length",2.5,0.1,1,10,2.5,0.25,50
"nt","model4","tl2.50_gl0.25_pr5.00_c50","gain_loss_neo",4,NA,0,0,2.5,0.25,50
"nt","model4","tl2.50_gl0.25_pr5.00_c50","gain_loss_trans",4,NA,0,0,2.5,0.25,50
"nt","model4","tl5.00_gl0.25_pr5.00_c50","tree_length",5,0,0,10,5,0.25,50
"nt","model4","tl5.00_gl0.25_pr5.00_c50","gain_loss_neo",4,NA,0,0,5,0.25,50
"nt","model4","tl5.00_gl0.25_pr5.00_c50","gain_loss_trans",4,NA,0,0,5,0.25,50
"nt","model4","tl1.00_gl0.50_pr5.00_c50","tree_length",1,0.7,7,10,1,0.5,50
"nt","model4","tl1.00_gl0.50_pr5.00_c50","gain_loss_neo",2,NA,0,0,1,0.5,50
"nt","model4","tl1.00_gl0.50_pr5.00_c50","gain_loss_trans",2,NA,0,0,1,0.5,50
"nt","model4","tl1.50_gl0.50_pr5.00_c50","tree_length",1.5,0.2,2,10,1.5,0.5,50
"nt","model4","tl1.50_gl0.50_pr5.00_c50","gain_loss_neo",2,NA,0,0,1.5,0.5,50
"nt","model4","tl1.50_gl0.50_pr5.00_c50","gain_loss_trans",2,NA,0,0,1.5,0.5,50
"nt","model4","tl2.50_gl0.50_pr5.00_c50","tree_length",2.5,0.2,2,10,2.5,0.5,50
"nt","model4","tl2.50_gl0.50_pr5.00_c50","gain_loss_neo",2,NA,0,0,2.5,0.5,50
"nt","model4","tl2.50_gl0.50_pr5.00_c50","gain_loss_trans",2,NA,0,0,2.5,0.5,50
"nt","model4","tl5.00_gl0.50_pr5.00_c50","tree_length",5,0,0,10,5,0.5,50
"nt","model4","tl5.00_gl0.50_pr5.00_c50","gain_loss_neo",2,NA,0,0,5,0.5,50
"nt","model4","tl5.00_gl0.50_pr5.00_c50","gain_loss_trans",2,NA,0,0,5,0.5,50
"nt","model4","tl1.00_gl1.00_pr5.00_c50","tree_length",1,0.5,5,10,1,1,50
"nt","model4","tl1.00_gl1.00_pr5.00_c50","gain_loss_neo",1,NA,0,0,1,1,50
"nt","model4","tl1.00_gl1.00_pr5.00_c50","gain_loss_trans",1,NA,0,0,1,1,50
"nt","model4","tl1.50_gl1.00_pr5.00_c50","tree_length",1.5,0.4,4,10,1.5,1,50
"nt","model4","tl1.50_gl1.00_pr5.00_c50","gain_loss_neo",1,NA,0,0,1.5,1,50
"nt","model4","tl1.50_gl1.00_pr5.00_c50","gain_loss_trans",1,NA,0,0,1.5,1,50
"nt","model4","tl2.50_gl1.00_pr5.00_c50","tree_length",2.5,0.2,2,10,2.5,1,50
"nt","model4","tl2.50_gl1.00_pr5.00_c50","gain_loss_neo",1,NA,0,0,2.5,1,50
"nt","model4","tl2.50_gl1.00_pr5.00_c50","gain_loss_trans",1,NA,0,0,2.5,1,50
"nt","model4","tl5.00_gl1.00_pr5.00_c50","tree_length",5,0,0,10,5,1,50
"nt","model4","tl5.00_gl1.00_pr5.00_c50","gain_loss_neo",1,NA,0,0,5,1,50
"nt","model4","tl5.00_gl1.00_pr5.00_c50","gain_loss_trans",1,NA,0,0,5,1,50
"nt","model4","tl1.00_gl0.10_pr1.00_c100","tree_length",1,0.1,1,10,1,0.1,100
"nt","model4","tl1.00_gl0.10_pr1.00_c100","gain_loss_neo",10,NA,0,0,1,0.1,100
"nt","model4","tl1.00_gl0.10_pr1.00_c100","gain_loss_trans",10,NA,0,0,1,0.1,100
"nt","model4","tl1.50_gl0.10_pr1.00_c100","tree_length",1.5,0.5,5,10,1.5,0.1,100
"nt","model4","tl1.50_gl0.10_pr1.00_c100","gain_loss_neo",10,NA,0,0,1.5,0.1,100
"nt","model4","tl1.50_gl0.10_pr1.00_c100","gain_loss_trans",10,NA,0,0,1.5,0.1,100
"nt","model4","tl2.50_gl0.10_pr1.00_c100","tree_length",2.5,0.5,5,10,2.5,0.1,100
"nt","model4","tl2.50_gl0.10_pr1.00_c100","gain_loss_neo",10,NA,0,0,2.5,0.1,100
"nt","model4","tl2.50_gl0.10_pr1.00_c100","gain_loss_trans",10,NA,0,0,2.5,0.1,100
"nt","model4","tl5.00_gl0.10_pr1.00_c100","tree_length",5,0.1,1,10,5,0.1,100
"nt","model4","tl5.00_gl0.10_pr1.00_c100","gain_loss_neo",10,NA,0,0,5,0.1,100
"nt","model4","tl5.00_gl0.10_pr1.00_c100","gain_loss_trans",10,NA,0,0,5,0.1,100
"nt","model4","tl1.00_gl0.25_pr1.00_c100","tree_length",1,0.1,1,10,1,0.25,100
"nt","model4","tl1.00_gl0.25_pr1.00_c100","gain_loss_neo",4,NA,0,0,1,0.25,100
"nt","model4","tl1.00_gl0.25_pr1.00_c100","gain_loss_trans",4,NA,0,0,1,0.25,100
"nt","model4","tl1.50_gl0.25_pr1.00_c100","tree_length",1.5,0.4,4,10,1.5,0.25,100
"nt","model4","tl1.50_gl0.25_pr1.00_c100","gain_loss_neo",4,NA,0,0,1.5,0.25,100
"nt","model4","tl1.50_gl0.25_pr1.00_c100","gain_loss_trans",4,NA,0,0,1.5,0.25,100
"nt","model4","tl2.50_gl0.25_pr1.00_c100","tree_length",2.5,0.5,5,10,2.5,0.25,100
"nt","model4","tl2.50_gl0.25_pr1.00_c100","gain_loss_neo",4,NA,0,0,2.5,0.25,100
"nt","model4","tl2.50_gl0.25_pr1.00_c100","gain_loss_trans",4,NA,0,0,2.5,0.25,100
"nt","model4","tl5.00_gl0.25_pr1.00_c100","tree_length",5,0.6,6,10,5,0.25,100
"nt","model4","tl5.00_gl0.25_pr1.00_c100","gain_loss_neo",4,NA,0,0,5,0.25,100
"nt","model4","tl5.00_gl0.25_pr1.00_c100","gain_loss_trans",4,NA,0,0,5,0.25,100
"nt","model4","tl1.00_gl0.50_pr1.00_c100","tree_length",1,0.5,5,10,1,0.5,100
"nt","model4","tl1.00_gl0.50_pr1.00_c100","gain_loss_neo",2,NA,0,0,1,0.5,100
"nt","model4","tl1.00_gl0.50_pr1.00_c100","gain_loss_trans",2,NA,0,0,1,0.5,100
"nt","model4","tl1.50_gl0.50_pr1.00_c100","tree_length",1.5,0.4,4,10,1.5,0.5,100
"nt","model4","tl1.50_gl0.50_pr1.00_c100","gain_loss_neo",2,NA,0,0,1.5,0.5,100
"nt","model4","tl1.50_gl0.50_pr1.00_c100","gain_loss_trans",2,NA,0,0,1.5,0.5,100
"nt","model4","tl2.50_gl0.50_pr1.00_c100","tree_length",2.5,0.4,4,10,2.5,0.5,100
"nt","model4","tl2.50_gl0.50_pr1.00_c100","gain_loss_neo",2,NA,0,0,2.5,0.5,100
"nt","model4","tl2.50_gl0.50_pr1.00_c100","gain_loss_trans",2,NA,0,0,2.5,0.5,100
"nt","model4","tl5.00_gl0.50_pr1.00_c100","tree_length",5,0.6,3,5,5,0.5,100
"nt","model4","tl5.00_gl0.50_pr1.00_c100","gain_loss_neo",2,NA,0,0,5,0.5,100
"nt","model4","tl5.00_gl0.50_pr1.00_c100","gain_loss_trans",2,NA,0,0,5,0.5,100
"nt","model4","tl1.00_gl1.00_pr1.00_c100","tree_length",1,0.6,6,10,1,1,100
"nt","model4","tl1.00_gl1.00_pr1.00_c100","gain_loss_neo",1,NA,0,0,1,1,100
"nt","model4","tl1.00_gl1.00_pr1.00_c100","gain_loss_trans",1,NA,0,0,1,1,100
"nt","model4","tl1.50_gl1.00_pr1.00_c100","tree_length",1.5,0.4,4,10,1.5,1,100
"nt","model4","tl1.50_gl1.00_pr1.00_c100","gain_loss_neo",1,NA,0,0,1.5,1,100
"nt","model4","tl1.50_gl1.00_pr1.00_c100","gain_loss_trans",1,NA,0,0,1.5,1,100
"nt","model4","tl2.50_gl1.00_pr1.00_c100","tree_length",2.5,0.5,5,10,2.5,1,100
"nt","model4","tl2.50_gl1.00_pr1.00_c100","gain_loss_neo",1,NA,0,0,2.5,1,100
"nt","model4","tl2.50_gl1.00_pr1.00_c100","gain_loss_trans",1,NA,0,0,2.5,1,100
"nt","model4","tl5.00_gl1.00_pr1.00_c100","tree_length",5,0.7,7,10,5,1,100
"nt","model4","tl5.00_gl1.00_pr1.00_c100","gain_loss_neo",1,NA,0,0,5,1,100
"nt","model4","tl5.00_gl1.00_pr1.00_c100","gain_loss_trans",1,NA,0,0,5,1,100
"nt","model4","tl1.00_gl0.10_pr2.50_c100","tree_length",1,0.7,7,10,1,0.1,100
"nt","model4","tl1.00_gl0.10_pr2.50_c100","gain_loss_neo",10,NA,0,0,1,0.1,100
"nt","model4","tl1.00_gl0.10_pr2.50_c100","gain_loss_trans",10,NA,0,0,1,0.1,100
"nt","model4","tl1.50_gl0.10_pr2.50_c100","tree_length",1.5,0.7,7,10,1.5,0.1,100
"nt","model4","tl1.50_gl0.10_pr2.50_c100","gain_loss_neo",10,NA,0,0,1.5,0.1,100
"nt","model4","tl1.50_gl0.10_pr2.50_c100","gain_loss_trans",10,NA,0,0,1.5,0.1,100
"nt","model4","tl2.50_gl0.10_pr2.50_c100","tree_length",2.5,0.6,3,5,2.5,0.1,100
"nt","model4","tl2.50_gl0.10_pr2.50_c100","gain_loss_neo",10,NA,0,0,2.5,0.1,100
"nt","model4","tl2.50_gl0.10_pr2.50_c100","gain_loss_trans",10,NA,0,0,2.5,0.1,100
"nt","model4","tl5.00_gl0.10_pr2.50_c100","tree_length",5,0,0,9,5,0.1,100
"nt","model4","tl5.00_gl0.10_pr2.50_c100","gain_loss_neo",10,NA,0,0,5,0.1,100
"nt","model4","tl5.00_gl0.10_pr2.50_c100","gain_loss_trans",10,NA,0,0,5,0.1,100
"nt","model4","tl1.00_gl0.25_pr2.50_c100","tree_length",1,0.7,7,10,1,0.25,100
"nt","model4","tl1.00_gl0.25_pr2.50_c100","gain_loss_neo",4,NA,0,0,1,0.25,100
"nt","model4","tl1.00_gl0.25_pr2.50_c100","gain_loss_trans",4,NA,0,0,1,0.25,100
"nt","model4","tl1.50_gl0.25_pr2.50_c100","tree_length",1.5,0.6,6,10,1.5,0.25,100
"nt","model4","tl1.50_gl0.25_pr2.50_c100","gain_loss_neo",4,NA,0,0,1.5,0.25,100
"nt","model4","tl1.50_gl0.25_pr2.50_c100","gain_loss_trans",4,NA,0,0,1.5,0.25,100
"nt","model4","tl2.50_gl0.25_pr2.50_c100","tree_length",2.5,0.3,3,10,2.5,0.25,100
"nt","model4","tl2.50_gl0.25_pr2.50_c100","gain_loss_neo",4,NA,0,0,2.5,0.25,100
"nt","model4","tl2.50_gl0.25_pr2.50_c100","gain_loss_trans",4,NA,0,0,2.5,0.25,100
"nt","model4","tl5.00_gl0.25_pr2.50_c100","tree_length",5,0.1,1,10,5,0.25,100
"nt","model4","tl5.00_gl0.25_pr2.50_c100","gain_loss_neo",4,NA,0,0,5,0.25,100
"nt","model4","tl5.00_gl0.25_pr2.50_c100","gain_loss_trans",4,NA,0,0,5,0.25,100
"nt","model4","tl1.00_gl0.50_pr2.50_c100","tree_length",1,0.3,3,10,1,0.5,100
"nt","model4","tl1.00_gl0.50_pr2.50_c100","gain_loss_neo",2,NA,0,0,1,0.5,100
"nt","model4","tl1.00_gl0.50_pr2.50_c100","gain_loss_trans",2,NA,0,0,1,0.5,100
"nt","model4","tl1.50_gl0.50_pr2.50_c100","tree_length",1.5,0.5,5,10,1.5,0.5,100
"nt","model4","tl1.50_gl0.50_pr2.50_c100","gain_loss_neo",2,NA,0,0,1.5,0.5,100
"nt","model4","tl1.50_gl0.50_pr2.50_c100","gain_loss_trans",2,NA,0,0,1.5,0.5,100
"nt","model4","tl2.50_gl0.50_pr2.50_c100","tree_length",2.5,0.3,3,10,2.5,0.5,100
"nt","model4","tl2.50_gl0.50_pr2.50_c100","gain_loss_neo",2,NA,0,0,2.5,0.5,100
"nt","model4","tl2.50_gl0.50_pr2.50_c100","gain_loss_trans",2,NA,0,0,2.5,0.5,100
"nt","model4","tl5.00_gl0.50_pr2.50_c100","tree_length",5,0.1,1,10,5,0.5,100
"nt","model4","tl5.00_gl0.50_pr2.50_c100","gain_loss_neo",2,NA,0,0,5,0.5,100
"nt","model4","tl5.00_gl0.50_pr2.50_c100","gain_loss_trans",2,NA,0,0,5,0.5,100
"nt","model4","tl1.00_gl1.00_pr2.50_c100","tree_length",1,0.6,6,10,1,1,100
"nt","model4","tl1.00_gl1.00_pr2.50_c100","gain_loss_neo",1,NA,0,0,1,1,100
"nt","model4","tl1.00_gl1.00_pr2.50_c100","gain_loss_trans",1,NA,0,0,1,1,100
"nt","model4","tl1.50_gl1.00_pr2.50_c100","tree_length",1.5,0.3,3,10,1.5,1,100
"nt","model4","tl1.50_gl1.00_pr2.50_c100","gain_loss_neo",1,NA,0,0,1.5,1,100
"nt","model4","tl1.50_gl1.00_pr2.50_c100","gain_loss_trans",1,NA,0,0,1.5,1,100
"nt","model4","tl2.50_gl1.00_pr2.50_c100","tree_length",2.5,0.3,3,10,2.5,1,100
"nt","model4","tl2.50_gl1.00_pr2.50_c100","gain_loss_neo",1,NA,0,0,2.5,1,100
"nt","model4","tl2.50_gl1.00_pr2.50_c100","gain_loss_trans",1,NA,0,0,2.5,1,100
"nt","model4","tl5.00_gl1.00_pr2.50_c100","tree_length",5,0.2,2,10,5,1,100
"nt","model4","tl5.00_gl1.00_pr2.50_c100","gain_loss_neo",1,NA,0,0,5,1,100
"nt","model4","tl5.00_gl1.00_pr2.50_c100","gain_loss_trans",1,NA,0,0,5,1,100
"nt","model4","tl1.00_gl0.10_pr5.00_c100","tree_length",1,0.9,9,10,1,0.1,100
"nt","model4","tl1.00_gl0.10_pr5.00_c100","gain_loss_neo",10,NA,0,0,1,0.1,100
"nt","model4","tl1.00_gl0.10_pr5.00_c100","gain_loss_trans",10,NA,0,0,1,0.1,100
"nt","model4","tl1.50_gl0.10_pr5.00_c100","tree_length",1.5,0.7,7,10,1.5,0.1,100
"nt","model4","tl1.50_gl0.10_pr5.00_c100","gain_loss_neo",10,NA,0,0,1.5,0.1,100
"nt","model4","tl1.50_gl0.10_pr5.00_c100","gain_loss_trans",10,NA,0,0,1.5,0.1,100
"nt","model4","tl2.50_gl0.10_pr5.00_c100","tree_length",2.5,0.3,3,10,2.5,0.1,100
"nt","model4","tl2.50_gl0.10_pr5.00_c100","gain_loss_neo",10,NA,0,0,2.5,0.1,100
"nt","model4","tl2.50_gl0.10_pr5.00_c100","gain_loss_trans",10,NA,0,0,2.5,0.1,100
"nt","model4","tl5.00_gl0.10_pr5.00_c100","tree_length",5,0,0,10,5,0.1,100
"nt","model4","tl5.00_gl0.10_pr5.00_c100","gain_loss_neo",10,NA,0,0,5,0.1,100
"nt","model4","tl5.00_gl0.10_pr5.00_c100","gain_loss_trans",10,NA,0,0,5,0.1,100
"nt","model4","tl1.00_gl0.25_pr5.00_c100","tree_length",1,0.4,4,10,1,0.25,100
"nt","model4","tl1.00_gl0.25_pr5.00_c100","gain_loss_neo",4,NA,0,0,1,0.25,100
"nt","model4","tl1.00_gl0.25_pr5.00_c100","gain_loss_trans",4,NA,0,0,1,0.25,100
"nt","model4","tl1.50_gl0.25_pr5.00_c100","tree_length",1.5,0.3,3,10,1.5,0.25,100
"nt","model4","tl1.50_gl0.25_pr5.00_c100","gain_loss_neo",4,NA,0,0,1.5,0.25,100
"nt","model4","tl1.50_gl0.25_pr5.00_c100","gain_loss_trans",4,NA,0,0,1.5,0.25,100
"nt","model4","tl2.50_gl0.25_pr5.00_c100","tree_length",2.5,0.2,2,10,2.5,0.25,100
"nt","model4","tl2.50_gl0.25_pr5.00_c100","gain_loss_neo",4,NA,0,0,2.5,0.25,100
"nt","model4","tl2.50_gl0.25_pr5.00_c100","gain_loss_trans",4,NA,0,0,2.5,0.25,100
"nt","model4","tl5.00_gl0.25_pr5.00_c100","tree_length",5,0,0,10,5,0.25,100
"nt","model4","tl5.00_gl0.25_pr5.00_c100","gain_loss_neo",4,NA,0,0,5,0.25,100
"nt","model4","tl5.00_gl0.25_pr5.00_c100","gain_loss_trans",4,NA,0,0,5,0.25,100
"nt","model4","tl1.00_gl0.50_pr5.00_c100","tree_length",1,0.3,3,10,1,0.5,100
"nt","model4","tl1.00_gl0.50_pr5.00_c100","gain_loss_neo",2,NA,0,0,1,0.5,100
"nt","model4","tl1.00_gl0.50_pr5.00_c100","gain_loss_trans",2,NA,0,0,1,0.5,100
"nt","model4","tl1.50_gl0.50_pr5.00_c100","tree_length",1.5,0.1,1,10,1.5,0.5,100
"nt","model4","tl1.50_gl0.50_pr5.00_c100","gain_loss_neo",2,NA,0,0,1.5,0.5,100
"nt","model4","tl1.50_gl0.50_pr5.00_c100","gain_loss_trans",2,NA,0,0,1.5,0.5,100
"nt","model4","tl2.50_gl0.50_pr5.00_c100","tree_length",2.5,0.1,1,10,2.5,0.5,100
"nt","model4","tl2.50_gl0.50_pr5.00_c100","gain_loss_neo",2,NA,0,0,2.5,0.5,100
"nt","model4","tl2.50_gl0.50_pr5.00_c100","gain_loss_trans",2,NA,0,0,2.5,0.5,100
"nt","model4","tl5.00_gl0.50_pr5.00_c100","tree_length",5,0.1,1,10,5,0.5,100
"nt","model4","tl5.00_gl0.50_pr5.00_c100","gain_loss_neo",2,NA,0,0,5,0.5,100
"nt","model4","tl5.00_gl0.50_pr5.00_c100","gain_loss_trans",2,NA,0,0,5,0.5,100
"nt","model4","tl1.00_gl1.00_pr5.00_c100","tree_length",1,0.2,2,10,1,1,100
"nt","model4","tl1.00_gl1.00_pr5.00_c100","gain_loss_neo",1,NA,0,0,1,1,100
"nt","model4","tl1.00_gl1.00_pr5.00_c100","gain_loss_trans",1,NA,0,0,1,1,100
"nt","model4","tl1.50_gl1.00_pr5.00_c100","tree_length",1.5,0.1,1,10,1.5,1,100
"nt","model4","tl1.50_gl1.00_pr5.00_c100","gain_loss_neo",1,NA,0,0,1.5,1,100
"nt","model4","tl1.50_gl1.00_pr5.00_c100","gain_loss_trans",1,NA,0,0,1.5,1,100
"nt","model4","tl2.50_gl1.00_pr5.00_c100","tree_length",2.5,0.1,1,10,2.5,1,100
"nt","model4","tl2.50_gl1.00_pr5.00_c100","gain_loss_neo",1,NA,0,0,2.5,1,100
"nt","model4","tl2.50_gl1.00_pr5.00_c100","gain_loss_trans",1,NA,0,0,2.5,1,100
"nt","model4","tl5.00_gl1.00_pr5.00_c100","tree_length",5,0,0,10,5,1,100
"nt","model4","tl5.00_gl1.00_pr5.00_c100","gain_loss_neo",1,NA,0,0,5,1,100
"nt","model4","tl5.00_gl1.00_pr5.00_c100","gain_loss_trans",1,NA,0,0,5,1,100
"nt","model4","tl1.00_gl0.10_pr1.00_c200","tree_length",1,0,0,10,1,0.1,200
"nt","model4","tl1.00_gl0.10_pr1.00_c200","gain_loss_neo",10,NA,0,0,1,0.1,200
"nt","model4","tl1.00_gl0.10_pr1.00_c200","gain_loss_trans",10,NA,0,0,1,0.1,200
"nt","model4","tl1.50_gl0.10_pr1.00_c200","tree_length",1.5,0.1,1,10,1.5,0.1,200
"nt","model4","tl1.50_gl0.10_pr1.00_c200","gain_loss_neo",10,NA,0,0,1.5,0.1,200
"nt","model4","tl1.50_gl0.10_pr1.00_c200","gain_loss_trans",10,NA,0,0,1.5,0.1,200
"nt","model4","tl2.50_gl0.10_pr1.00_c200","tree_length",2.5,1,10,10,2.5,0.1,200
"nt","model4","tl2.50_gl0.10_pr1.00_c200","gain_loss_neo",10,NA,0,0,2.5,0.1,200
"nt","model4","tl2.50_gl0.10_pr1.00_c200","gain_loss_trans",10,NA,0,0,2.5,0.1,200
"nt","model4","tl5.00_gl0.10_pr1.00_c200","tree_length",5,0,0,10,5,0.1,200
"nt","model4","tl5.00_gl0.10_pr1.00_c200","gain_loss_neo",10,NA,0,0,5,0.1,200
"nt","model4","tl5.00_gl0.10_pr1.00_c200","gain_loss_trans",10,NA,0,0,5,0.1,200
"nt","model4","tl1.00_gl0.25_pr1.00_c200","tree_length",1,0,0,10,1,0.25,200
"nt","model4","tl1.00_gl0.25_pr1.00_c200","gain_loss_neo",4,NA,0,0,1,0.25,200
"nt","model4","tl1.00_gl0.25_pr1.00_c200","gain_loss_trans",4,NA,0,0,1,0.25,200
"nt","model4","tl1.50_gl0.25_pr1.00_c200","tree_length",1.5,0.4,4,10,1.5,0.25,200
"nt","model4","tl1.50_gl0.25_pr1.00_c200","gain_loss_neo",4,NA,0,0,1.5,0.25,200
"nt","model4","tl1.50_gl0.25_pr1.00_c200","gain_loss_trans",4,NA,0,0,1.5,0.25,200
"nt","model4","tl2.50_gl0.25_pr1.00_c200","tree_length",2.5,0.6,6,10,2.5,0.25,200
"nt","model4","tl2.50_gl0.25_pr1.00_c200","gain_loss_neo",4,NA,0,0,2.5,0.25,200
"nt","model4","tl2.50_gl0.25_pr1.00_c200","gain_loss_trans",4,NA,0,0,2.5,0.25,200
"nt","model4","tl5.00_gl0.25_pr1.00_c200","tree_length",5,0.7,7,10,5,0.25,200
"nt","model4","tl5.00_gl0.25_pr1.00_c200","gain_loss_neo",4,NA,0,0,5,0.25,200
"nt","model4","tl5.00_gl0.25_pr1.00_c200","gain_loss_trans",4,NA,0,0,5,0.25,200
"nt","model4","tl1.00_gl0.50_pr1.00_c200","tree_length",1,0.3,3,10,1,0.5,200
"nt","model4","tl1.00_gl0.50_pr1.00_c200","gain_loss_neo",2,NA,0,0,1,0.5,200
"nt","model4","tl1.00_gl0.50_pr1.00_c200","gain_loss_trans",2,NA,0,0,1,0.5,200
"nt","model4","tl1.50_gl0.50_pr1.00_c200","tree_length",1.5,0.4,4,10,1.5,0.5,200
"nt","model4","tl1.50_gl0.50_pr1.00_c200","gain_loss_neo",2,NA,0,0,1.5,0.5,200
"nt","model4","tl1.50_gl0.50_pr1.00_c200","gain_loss_trans",2,NA,0,0,1.5,0.5,200
"nt","model4","tl2.50_gl0.50_pr1.00_c200","tree_length",2.5,0.5,5,10,2.5,0.5,200
"nt","model4","tl2.50_gl0.50_pr1.00_c200","gain_loss_neo",2,NA,0,0,2.5,0.5,200
"nt","model4","tl2.50_gl0.50_pr1.00_c200","gain_loss_trans",2,NA,0,0,2.5,0.5,200
"nt","model4","tl5.00_gl0.50_pr1.00_c200","tree_length",5,0.4,4,10,5,0.5,200
"nt","model4","tl5.00_gl0.50_pr1.00_c200","gain_loss_neo",2,NA,0,0,5,0.5,200
"nt","model4","tl5.00_gl0.50_pr1.00_c200","gain_loss_trans",2,NA,0,0,5,0.5,200
"nt","model4","tl1.00_gl1.00_pr1.00_c200","tree_length",1,0.5,5,10,1,1,200
"nt","model4","tl1.00_gl1.00_pr1.00_c200","gain_loss_neo",1,NA,0,0,1,1,200
"nt","model4","tl1.00_gl1.00_pr1.00_c200","gain_loss_trans",1,NA,0,0,1,1,200
"nt","model4","tl1.50_gl1.00_pr1.00_c200","tree_length",1.5,0.5,5,10,1.5,1,200
"nt","model4","tl1.50_gl1.00_pr1.00_c200","gain_loss_neo",1,NA,0,0,1.5,1,200
"nt","model4","tl1.50_gl1.00_pr1.00_c200","gain_loss_trans",1,NA,0,0,1.5,1,200
"nt","model4","tl2.50_gl1.00_pr1.00_c200","tree_length",2.5,0.4,4,10,2.5,1,200
"nt","model4","tl2.50_gl1.00_pr1.00_c200","gain_loss_neo",1,NA,0,0,2.5,1,200
"nt","model4","tl2.50_gl1.00_pr1.00_c200","gain_loss_trans",1,NA,0,0,2.5,1,200
"nt","model4","tl5.00_gl1.00_pr1.00_c200","tree_length",5,0.3,3,10,5,1,200
"nt","model4","tl5.00_gl1.00_pr1.00_c200","gain_loss_neo",1,NA,0,0,5,1,200
"nt","model4","tl5.00_gl1.00_pr1.00_c200","gain_loss_trans",1,NA,0,0,5,1,200
"nt","model4","tl1.00_gl0.10_pr2.50_c200","tree_length",1,0.2,2,10,1,0.1,200
"nt","model4","tl1.00_gl0.10_pr2.50_c200","gain_loss_neo",10,NA,0,0,1,0.1,200
"nt","model4","tl1.00_gl0.10_pr2.50_c200","gain_loss_trans",10,NA,0,0,1,0.1,200
"nt","model4","tl1.50_gl0.10_pr2.50_c200","tree_length",1.5,0.8,8,10,1.5,0.1,200
"nt","model4","tl1.50_gl0.10_pr2.50_c200","gain_loss_neo",10,NA,0,0,1.5,0.1,200
"nt","model4","tl1.50_gl0.10_pr2.50_c200","gain_loss_trans",10,NA,0,0,1.5,0.1,200
"nt","model4","tl2.50_gl0.10_pr2.50_c200","tree_length",2.5,0.7,7,10,2.5,0.1,200
"nt","model4","tl2.50_gl0.10_pr2.50_c200","gain_loss_neo",10,NA,0,0,2.5,0.1,200
"nt","model4","tl2.50_gl0.10_pr2.50_c200","gain_loss_trans",10,NA,0,0,2.5,0.1,200
"nt","model4","tl5.00_gl0.10_pr2.50_c200","tree_length",5,0,0,10,5,0.1,200
"nt","model4","tl5.00_gl0.10_pr2.50_c200","gain_loss_neo",10,NA,0,0,5,0.1,200
"nt","model4","tl5.00_gl0.10_pr2.50_c200","gain_loss_trans",10,NA,0,0,5,0.1,200
"nt","model4","tl1.00_gl0.25_pr2.50_c200","tree_length",1,0.8,8,10,1,0.25,200
"nt","model4","tl1.00_gl0.25_pr2.50_c200","gain_loss_neo",4,NA,0,0,1,0.25,200
"nt","model4","tl1.00_gl0.25_pr2.50_c200","gain_loss_trans",4,NA,0,0,1,0.25,200
"nt","model4","tl1.50_gl0.25_pr2.50_c200","tree_length",1.5,0.6,6,10,1.5,0.25,200
"nt","model4","tl1.50_gl0.25_pr2.50_c200","gain_loss_neo",4,NA,0,0,1.5,0.25,200
"nt","model4","tl1.50_gl0.25_pr2.50_c200","gain_loss_trans",4,NA,0,0,1.5,0.25,200
"nt","model4","tl2.50_gl0.25_pr2.50_c200","tree_length",2.5,0.3,3,10,2.5,0.25,200
"nt","model4","tl2.50_gl0.25_pr2.50_c200","gain_loss_neo",4,NA,0,0,2.5,0.25,200
"nt","model4","tl2.50_gl0.25_pr2.50_c200","gain_loss_trans",4,NA,0,0,2.5,0.25,200
"nt","model4","tl5.00_gl0.25_pr2.50_c200","tree_length",5,0,0,10,5,0.25,200
"nt","model4","tl5.00_gl0.25_pr2.50_c200","gain_loss_neo",4,NA,0,0,5,0.25,200
"nt","model4","tl5.00_gl0.25_pr2.50_c200","gain_loss_trans",4,NA,0,0,5,0.25,200
"nt","model4","tl1.00_gl0.50_pr2.50_c200","tree_length",1,0.4,4,10,1,0.5,200
"nt","model4","tl1.00_gl0.50_pr2.50_c200","gain_loss_neo",2,NA,0,0,1,0.5,200
"nt","model4","tl1.00_gl0.50_pr2.50_c200","gain_loss_trans",2,NA,0,0,1,0.5,200
"nt","model4","tl1.50_gl0.50_pr2.50_c200","tree_length",1.5,0.3,3,10,1.5,0.5,200
"nt","model4","tl1.50_gl0.50_pr2.50_c200","gain_loss_neo",2,NA,0,0,1.5,0.5,200
"nt","model4","tl1.50_gl0.50_pr2.50_c200","gain_loss_trans",2,NA,0,0,1.5,0.5,200
"nt","model4","tl2.50_gl0.50_pr2.50_c200","tree_length",2.5,0.1,1,10,2.5,0.5,200
"nt","model4","tl2.50_gl0.50_pr2.50_c200","gain_loss_neo",2,NA,0,0,2.5,0.5,200
"nt","model4","tl2.50_gl0.50_pr2.50_c200","gain_loss_trans",2,NA,0,0,2.5,0.5,200
"nt","model4","tl5.00_gl0.50_pr2.50_c200","tree_length",5,0,0,10,5,0.5,200
"nt","model4","tl5.00_gl0.50_pr2.50_c200","gain_loss_neo",2,NA,0,0,5,0.5,200
"nt","model4","tl5.00_gl0.50_pr2.50_c200","gain_loss_trans",2,NA,0,0,5,0.5,200
"nt","model4","tl1.00_gl1.00_pr2.50_c200","tree_length",1,0.2,2,10,1,1,200
"nt","model4","tl1.00_gl1.00_pr2.50_c200","gain_loss_neo",1,NA,0,0,1,1,200
"nt","model4","tl1.00_gl1.00_pr2.50_c200","gain_loss_trans",1,NA,0,0,1,1,200
"nt","model4","tl1.50_gl1.00_pr2.50_c200","tree_length",1.5,0.3,3,10,1.5,1,200
"nt","model4","tl1.50_gl1.00_pr2.50_c200","gain_loss_neo",1,NA,0,0,1.5,1,200
"nt","model4","tl1.50_gl1.00_pr2.50_c200","gain_loss_trans",1,NA,0,0,1.5,1,200
"nt","model4","tl2.50_gl1.00_pr2.50_c200","tree_length",2.5,0.3,3,10,2.5,1,200
"nt","model4","tl2.50_gl1.00_pr2.50_c200","gain_loss_neo",1,NA,0,0,2.5,1,200
"nt","model4","tl2.50_gl1.00_pr2.50_c200","gain_loss_trans",1,NA,0,0,2.5,1,200
"nt","model4","tl5.00_gl1.00_pr2.50_c200","tree_length",5,0.1,1,10,5,1,200
"nt","model4","tl5.00_gl1.00_pr2.50_c200","gain_loss_neo",1,NA,0,0,5,1,200
"nt","model4","tl5.00_gl1.00_pr2.50_c200","gain_loss_trans",1,NA,0,0,5,1,200
"nt","model4","tl1.00_gl0.10_pr5.00_c200","tree_length",1,0.7,7,10,1,0.1,200
"nt","model4","tl1.00_gl0.10_pr5.00_c200","gain_loss_neo",10,NA,0,0,1,0.1,200
"nt","model4","tl1.00_gl0.10_pr5.00_c200","gain_loss_trans",10,NA,0,0,1,0.1,200
"nt","model4","tl1.50_gl0.10_pr5.00_c200","tree_length",1.5,0.5,5,10,1.5,0.1,200
"nt","model4","tl1.50_gl0.10_pr5.00_c200","gain_loss_neo",10,NA,0,0,1.5,0.1,200
"nt","model4","tl1.50_gl0.10_pr5.00_c200","gain_loss_trans",10,NA,0,0,1.5,0.1,200
"nt","model4","tl2.50_gl0.10_pr5.00_c200","tree_length",2.5,0.1,1,10,2.5,0.1,200
"nt","model4","tl2.50_gl0.10_pr5.00_c200","gain_loss_neo",10,NA,0,0,2.5,0.1,200
"nt","model4","tl2.50_gl0.10_pr5.00_c200","gain_loss_trans",10,NA,0,0,2.5,0.1,200
"nt","model4","tl5.00_gl0.10_pr5.00_c200","tree_length",5,0,0,10,5,0.1,200
"nt","model4","tl5.00_gl0.10_pr5.00_c200","gain_loss_neo",10,NA,0,0,5,0.1,200
"nt","model4","tl5.00_gl0.10_pr5.00_c200","gain_loss_trans",10,NA,0,0,5,0.1,200
"nt","model4","tl1.00_gl0.25_pr5.00_c200","tree_length",1,0.4,4,10,1,0.25,200
"nt","model4","tl1.00_gl0.25_pr5.00_c200","gain_loss_neo",4,NA,0,0,1,0.25,200
"nt","model4","tl1.00_gl0.25_pr5.00_c200","gain_loss_trans",4,NA,0,0,1,0.25,200
"nt","model4","tl1.50_gl0.25_pr5.00_c200","tree_length",1.5,0.1,1,10,1.5,0.25,200
"nt","model4","tl1.50_gl0.25_pr5.00_c200","gain_loss_neo",4,NA,0,0,1.5,0.25,200
"nt","model4","tl1.50_gl0.25_pr5.00_c200","gain_loss_trans",4,NA,0,0,1.5,0.25,200
"nt","model4","tl2.50_gl0.25_pr5.00_c200","tree_length",2.5,0.1,1,10,2.5,0.25,200
"nt","model4","tl2.50_gl0.25_pr5.00_c200","gain_loss_neo",4,NA,0,0,2.5,0.25,200
"nt","model4","tl2.50_gl0.25_pr5.00_c200","gain_loss_trans",4,NA,0,0,2.5,0.25,200
"nt","model4","tl5.00_gl0.25_pr5.00_c200","tree_length",5,0,0,10,5,0.25,200
"nt","model4","tl5.00_gl0.25_pr5.00_c200","gain_loss_neo",4,NA,0,0,5,0.25,200
"nt","model4","tl5.00_gl0.25_pr5.00_c200","gain_loss_trans",4,NA,0,0,5,0.25,200
"nt","model4","tl1.00_gl0.50_pr5.00_c200","tree_length",1,0,0,10,1,0.5,200
"nt","model4","tl1.00_gl0.50_pr5.00_c200","gain_loss_neo",2,NA,0,0,1,0.5,200
"nt","model4","tl1.00_gl0.50_pr5.00_c200","gain_loss_trans",2,NA,0,0,1,0.5,200
"nt","model4","tl1.50_gl0.50_pr5.00_c200","tree_length",1.5,0,0,10,1.5,0.5,200
"nt","model4","tl1.50_gl0.50_pr5.00_c200","gain_loss_neo",2,NA,0,0,1.5,0.5,200
"nt","model4","tl1.50_gl0.50_pr5.00_c200","gain_loss_trans",2,NA,0,0,1.5,0.5,200
"nt","model4","tl2.50_gl0.50_pr5.00_c200","tree_length",2.5,0,0,10,2.5,0.5,200
"nt","model4","tl2.50_gl0.50_pr5.00_c200","gain_loss_neo",2,NA,0,0,2.5,0.5,200
"nt","model4","tl2.50_gl0.50_pr5.00_c200","gain_loss_trans",2,NA,0,0,2.5,0.5,200
"nt","model4","tl5.00_gl0.50_pr5.00_c200","tree_length",5,0.2,2,10,5,0.5,200
"nt","model4","tl5.00_gl0.50_pr5.00_c200","gain_loss_neo",2,NA,0,0,5,0.5,200
"nt","model4","tl5.00_gl0.50_pr5.00_c200","gain_loss_trans",2,NA,0,0,5,0.5,200
"nt","model4","tl1.00_gl1.00_pr5.00_c200","tree_length",1,0,0,10,1,1,200
"nt","model4","tl1.00_gl1.00_pr5.00_c200","gain_loss_neo",1,NA,0,0,1,1,200
"nt","model4","tl1.00_gl1.00_pr5.00_c200","gain_loss_trans",1,NA,0,0,1,1,200
"nt","model4","tl1.50_gl1.00_pr5.00_c200","tree_length",1.5,0,0,10,1.5,1,200
"nt","model4","tl1.50_gl1.00_pr5.00_c200","gain_loss_neo",1,NA,0,0,1.5,1,200
"nt","model4","tl1.50_gl1.00_pr5.00_c200","gain_loss_trans",1,NA,0,0,1.5,1,200
"nt","model4","tl2.50_gl1.00_pr5.00_c200","tree_length",2.5,0,0,10,2.5,1,200
"nt","model4","tl2.50_gl1.00_pr5.00_c200","gain_loss_neo",1,NA,0,0,2.5,1,200
"nt","model4","tl2.50_gl1.00_pr5.00_c200","gain_loss_trans",1,NA,0,0,2.5,1,200
"nt","model4","tl5.00_gl1.00_pr5.00_c200","tree_length",5,0.1,1,10,5,1,200
"nt","model4","tl5.00_gl1.00_pr5.00_c200","gain_loss_neo",1,NA,0,0,5,1,200
"nt","model4","tl5.00_gl1.00_pr5.00_c200","gain_loss_trans",1,NA,0,0,5,1,200
"nt","model5","tl1.00_gl0.10_pr1.00_c25","tree_length",1,0.6,6,10,1,0.1,25
"nt","model5","tl1.00_gl0.10_pr1.00_c25","gain_loss_neo",10,0.6,6,10,1,0.1,25
"nt","model5","tl1.00_gl0.10_pr1.00_c25","gain_loss_trans",10,NA,0,0,1,0.1,25
"nt","model5","tl1.50_gl0.10_pr1.00_c25","tree_length",1.5,1,10,10,1.5,0.1,25
"nt","model5","tl1.50_gl0.10_pr1.00_c25","gain_loss_neo",10,0.7,7,10,1.5,0.1,25
"nt","model5","tl1.50_gl0.10_pr1.00_c25","gain_loss_trans",10,NA,0,0,1.5,0.1,25
"nt","model5","tl2.50_gl0.10_pr1.00_c25","tree_length",2.5,0.9,9,10,2.5,0.1,25
"nt","model5","tl2.50_gl0.10_pr1.00_c25","gain_loss_neo",10,0.7,7,10,2.5,0.1,25
"nt","model5","tl2.50_gl0.10_pr1.00_c25","gain_loss_trans",10,NA,0,0,2.5,0.1,25
"nt","model5","tl5.00_gl0.10_pr1.00_c25","tree_length",5,0.5,5,10,5,0.1,25
"nt","model5","tl5.00_gl0.10_pr1.00_c25","gain_loss_neo",10,0.9,9,10,5,0.1,25
"nt","model5","tl5.00_gl0.10_pr1.00_c25","gain_loss_trans",10,NA,0,0,5,0.1,25
"nt","model5","tl1.00_gl0.25_pr1.00_c25","tree_length",1,0.7,7,10,1,0.25,25
"nt","model5","tl1.00_gl0.25_pr1.00_c25","gain_loss_neo",4,0.7,7,10,1,0.25,25
"nt","model5","tl1.00_gl0.25_pr1.00_c25","gain_loss_trans",4,NA,0,0,1,0.25,25
"nt","model5","tl1.50_gl0.25_pr1.00_c25","tree_length",1.5,1,10,10,1.5,0.25,25
"nt","model5","tl1.50_gl0.25_pr1.00_c25","gain_loss_neo",4,0.9,9,10,1.5,0.25,25
"nt","model5","tl1.50_gl0.25_pr1.00_c25","gain_loss_trans",4,NA,0,0,1.5,0.25,25
"nt","model5","tl2.50_gl0.25_pr1.00_c25","tree_length",2.5,0.8,8,10,2.5,0.25,25
"nt","model5","tl2.50_gl0.25_pr1.00_c25","gain_loss_neo",4,0.6,6,10,2.5,0.25,25
"nt","model5","tl2.50_gl0.25_pr1.00_c25","gain_loss_trans",4,NA,0,0,2.5,0.25,25
"nt","model5","tl5.00_gl0.25_pr1.00_c25","tree_length",5,0.9,9,10,5,0.25,25
"nt","model5","tl5.00_gl0.25_pr1.00_c25","gain_loss_neo",4,0.9,9,10,5,0.25,25
"nt","model5","tl5.00_gl0.25_pr1.00_c25","gain_loss_trans",4,NA,0,0,5,0.25,25
"nt","model5","tl1.00_gl0.50_pr1.00_c25","tree_length",1,0.8,8,10,1,0.5,25
"nt","model5","tl1.00_gl0.50_pr1.00_c25","gain_loss_neo",2,0.8,8,10,1,0.5,25
"nt","model5","tl1.00_gl0.50_pr1.00_c25","gain_loss_trans",2,NA,0,0,1,0.5,25
"nt","model5","tl1.50_gl0.50_pr1.00_c25","tree_length",1.5,0.8,8,10,1.5,0.5,25
"nt","model5","tl1.50_gl0.50_pr1.00_c25","gain_loss_neo",2,0.9,9,10,1.5,0.5,25
"nt","model5","tl1.50_gl0.50_pr1.00_c25","gain_loss_trans",2,NA,0,0,1.5,0.5,25
"nt","model5","tl2.50_gl0.50_pr1.00_c25","tree_length",2.5,0.6,6,10,2.5,0.5,25
"nt","model5","tl2.50_gl0.50_pr1.00_c25","gain_loss_neo",2,0.9,9,10,2.5,0.5,25
"nt","model5","tl2.50_gl0.50_pr1.00_c25","gain_loss_trans",2,NA,0,0,2.5,0.5,25
"nt","model5","tl5.00_gl0.50_pr1.00_c25","tree_length",5,0.8,8,10,5,0.5,25
"nt","model5","tl5.00_gl0.50_pr1.00_c25","gain_loss_neo",2,0.8,8,10,5,0.5,25
"nt","model5","tl5.00_gl0.50_pr1.00_c25","gain_loss_trans",2,NA,0,0,5,0.5,25
"nt","model5","tl1.00_gl1.00_pr1.00_c25","tree_length",1,0.8,8,10,1,1,25
"nt","model5","tl1.00_gl1.00_pr1.00_c25","gain_loss_neo",1,1,10,10,1,1,25
"nt","model5","tl1.00_gl1.00_pr1.00_c25","gain_loss_trans",1,NA,0,0,1,1,25
"nt","model5","tl1.50_gl1.00_pr1.00_c25","tree_length",1.5,0.7,7,10,1.5,1,25
"nt","model5","tl1.50_gl1.00_pr1.00_c25","gain_loss_neo",1,1,10,10,1.5,1,25
"nt","model5","tl1.50_gl1.00_pr1.00_c25","gain_loss_trans",1,NA,0,0,1.5,1,25
"nt","model5","tl2.50_gl1.00_pr1.00_c25","tree_length",2.5,0.6,6,10,2.5,1,25
"nt","model5","tl2.50_gl1.00_pr1.00_c25","gain_loss_neo",1,0.9,9,10,2.5,1,25
"nt","model5","tl2.50_gl1.00_pr1.00_c25","gain_loss_trans",1,NA,0,0,2.5,1,25
"nt","model5","tl5.00_gl1.00_pr1.00_c25","tree_length",5,0.8,8,10,5,1,25
"nt","model5","tl5.00_gl1.00_pr1.00_c25","gain_loss_neo",1,0.7,7,10,5,1,25
"nt","model5","tl5.00_gl1.00_pr1.00_c25","gain_loss_trans",1,NA,0,0,5,1,25
"nt","model5","tl1.00_gl0.10_pr2.50_c25","tree_length",1,1,10,10,1,0.1,25
"nt","model5","tl1.00_gl0.10_pr2.50_c25","gain_loss_neo",10,0.5,5,10,1,0.1,25
"nt","model5","tl1.00_gl0.10_pr2.50_c25","gain_loss_trans",10,NA,0,0,1,0.1,25
"nt","model5","tl1.50_gl0.10_pr2.50_c25","tree_length",1.5,1,10,10,1.5,0.1,25
"nt","model5","tl1.50_gl0.10_pr2.50_c25","gain_loss_neo",10,0.7,7,10,1.5,0.1,25
"nt","model5","tl1.50_gl0.10_pr2.50_c25","gain_loss_trans",10,NA,0,0,1.5,0.1,25
"nt","model5","tl2.50_gl0.10_pr2.50_c25","tree_length",2.5,0.8,8,10,2.5,0.1,25
"nt","model5","tl2.50_gl0.10_pr2.50_c25","gain_loss_neo",10,0.6,6,10,2.5,0.1,25
"nt","model5","tl2.50_gl0.10_pr2.50_c25","gain_loss_trans",10,NA,0,0,2.5,0.1,25
"nt","model5","tl5.00_gl0.10_pr2.50_c25","tree_length",5,0.2,2,10,5,0.1,25
"nt","model5","tl5.00_gl0.10_pr2.50_c25","gain_loss_neo",10,0.6,6,10,5,0.1,25
"nt","model5","tl5.00_gl0.10_pr2.50_c25","gain_loss_trans",10,NA,0,0,5,0.1,25
"nt","model5","tl1.00_gl0.25_pr2.50_c25","tree_length",1,1,10,10,1,0.25,25
"nt","model5","tl1.00_gl0.25_pr2.50_c25","gain_loss_neo",4,0.8,8,10,1,0.25,25
"nt","model5","tl1.00_gl0.25_pr2.50_c25","gain_loss_trans",4,NA,0,0,1,0.25,25
"nt","model5","tl1.50_gl0.25_pr2.50_c25","tree_length",1.5,1,10,10,1.5,0.25,25
"nt","model5","tl1.50_gl0.25_pr2.50_c25","gain_loss_neo",4,0.9,9,10,1.5,0.25,25
"nt","model5","tl1.50_gl0.25_pr2.50_c25","gain_loss_trans",4,NA,0,0,1.5,0.25,25
"nt","model5","tl2.50_gl0.25_pr2.50_c25","tree_length",2.5,0.6,6,10,2.5,0.25,25
"nt","model5","tl2.50_gl0.25_pr2.50_c25","gain_loss_neo",4,0.8,8,10,2.5,0.25,25
"nt","model5","tl2.50_gl0.25_pr2.50_c25","gain_loss_trans",4,NA,0,0,2.5,0.25,25
"nt","model5","tl5.00_gl0.25_pr2.50_c25","tree_length",5,0.4,4,10,5,0.25,25
"nt","model5","tl5.00_gl0.25_pr2.50_c25","gain_loss_neo",4,0.8,8,10,5,0.25,25
"nt","model5","tl5.00_gl0.25_pr2.50_c25","gain_loss_trans",4,NA,0,0,5,0.25,25
"nt","model5","tl1.00_gl0.50_pr2.50_c25","tree_length",1,0.8,8,10,1,0.5,25
"nt","model5","tl1.00_gl0.50_pr2.50_c25","gain_loss_neo",2,0.9,9,10,1,0.5,25
"nt","model5","tl1.00_gl0.50_pr2.50_c25","gain_loss_trans",2,NA,0,0,1,0.5,25
"nt","model5","tl1.50_gl0.50_pr2.50_c25","tree_length",1.5,0.9,9,10,1.5,0.5,25
"nt","model5","tl1.50_gl0.50_pr2.50_c25","gain_loss_neo",2,0.8,8,10,1.5,0.5,25
"nt","model5","tl1.50_gl0.50_pr2.50_c25","gain_loss_trans",2,NA,0,0,1.5,0.5,25
"nt","model5","tl2.50_gl0.50_pr2.50_c25","tree_length",2.5,0.5,5,10,2.5,0.5,25
"nt","model5","tl2.50_gl0.50_pr2.50_c25","gain_loss_neo",2,0.9,9,10,2.5,0.5,25
"nt","model5","tl2.50_gl0.50_pr2.50_c25","gain_loss_trans",2,NA,0,0,2.5,0.5,25
"nt","model5","tl5.00_gl0.50_pr2.50_c25","tree_length",5,0.2,2,10,5,0.5,25
"nt","model5","tl5.00_gl0.50_pr2.50_c25","gain_loss_neo",2,0.8,8,10,5,0.5,25
"nt","model5","tl5.00_gl0.50_pr2.50_c25","gain_loss_trans",2,NA,0,0,5,0.5,25
"nt","model5","tl1.00_gl1.00_pr2.50_c25","tree_length",1,1,10,10,1,1,25
"nt","model5","tl1.00_gl1.00_pr2.50_c25","gain_loss_neo",1,0.9,9,10,1,1,25
"nt","model5","tl1.00_gl1.00_pr2.50_c25","gain_loss_trans",1,NA,0,0,1,1,25
"nt","model5","tl1.50_gl1.00_pr2.50_c25","tree_length",1.5,0.8,8,10,1.5,1,25
"nt","model5","tl1.50_gl1.00_pr2.50_c25","gain_loss_neo",1,0.9,9,10,1.5,1,25
"nt","model5","tl1.50_gl1.00_pr2.50_c25","gain_loss_trans",1,NA,0,0,1.5,1,25
"nt","model5","tl2.50_gl1.00_pr2.50_c25","tree_length",2.5,0.4,4,10,2.5,1,25
"nt","model5","tl2.50_gl1.00_pr2.50_c25","gain_loss_neo",1,1,10,10,2.5,1,25
"nt","model5","tl2.50_gl1.00_pr2.50_c25","gain_loss_trans",1,NA,0,0,2.5,1,25
"nt","model5","tl5.00_gl1.00_pr2.50_c25","tree_length",5,0.3,3,10,5,1,25
"nt","model5","tl5.00_gl1.00_pr2.50_c25","gain_loss_neo",1,0.9,9,10,5,1,25
"nt","model5","tl5.00_gl1.00_pr2.50_c25","gain_loss_trans",1,NA,0,0,5,1,25
"nt","model5","tl1.00_gl0.10_pr5.00_c25","tree_length",1,1,10,10,1,0.1,25
"nt","model5","tl1.00_gl0.10_pr5.00_c25","gain_loss_neo",10,0.2,2,10,1,0.1,25
"nt","model5","tl1.00_gl0.10_pr5.00_c25","gain_loss_trans",10,NA,0,0,1,0.1,25
"nt","model5","tl1.50_gl0.10_pr5.00_c25","tree_length",1.5,1,10,10,1.5,0.1,25
"nt","model5","tl1.50_gl0.10_pr5.00_c25","gain_loss_neo",10,0.2,2,10,1.5,0.1,25
"nt","model5","tl1.50_gl0.10_pr5.00_c25","gain_loss_trans",10,NA,0,0,1.5,0.1,25
"nt","model5","tl2.50_gl0.10_pr5.00_c25","tree_length",2.5,0.7,7,10,2.5,0.1,25
"nt","model5","tl2.50_gl0.10_pr5.00_c25","gain_loss_neo",10,0.4,4,10,2.5,0.1,25
"nt","model5","tl2.50_gl0.10_pr5.00_c25","gain_loss_trans",10,NA,0,0,2.5,0.1,25
"nt","model5","tl5.00_gl0.10_pr5.00_c25","tree_length",5,0,0,10,5,0.1,25
"nt","model5","tl5.00_gl0.10_pr5.00_c25","gain_loss_neo",10,0.6,6,10,5,0.1,25
"nt","model5","tl5.00_gl0.10_pr5.00_c25","gain_loss_trans",10,NA,0,0,5,0.1,25
"nt","model5","tl1.00_gl0.25_pr5.00_c25","tree_length",1,0.9,9,10,1,0.25,25
"nt","model5","tl1.00_gl0.25_pr5.00_c25","gain_loss_neo",4,0.5,5,10,1,0.25,25
"nt","model5","tl1.00_gl0.25_pr5.00_c25","gain_loss_trans",4,NA,0,0,1,0.25,25
"nt","model5","tl1.50_gl0.25_pr5.00_c25","tree_length",1.5,0.9,9,10,1.5,0.25,25
"nt","model5","tl1.50_gl0.25_pr5.00_c25","gain_loss_neo",4,0.6,6,10,1.5,0.25,25
"nt","model5","tl1.50_gl0.25_pr5.00_c25","gain_loss_trans",4,NA,0,0,1.5,0.25,25
"nt","model5","tl2.50_gl0.25_pr5.00_c25","tree_length",2.5,0.3,3,10,2.5,0.25,25
"nt","model5","tl2.50_gl0.25_pr5.00_c25","gain_loss_neo",4,0.8,8,10,2.5,0.25,25
"nt","model5","tl2.50_gl0.25_pr5.00_c25","gain_loss_trans",4,NA,0,0,2.5,0.25,25
"nt","model5","tl5.00_gl0.25_pr5.00_c25","tree_length",5,0.1,1,10,5,0.25,25
"nt","model5","tl5.00_gl0.25_pr5.00_c25","gain_loss_neo",4,0.7,7,10,5,0.25,25
"nt","model5","tl5.00_gl0.25_pr5.00_c25","gain_loss_trans",4,NA,0,0,5,0.25,25
"nt","model5","tl1.00_gl0.50_pr5.00_c25","tree_length",1,0.8,8,10,1,0.5,25
"nt","model5","tl1.00_gl0.50_pr5.00_c25","gain_loss_neo",2,1,10,10,1,0.5,25
"nt","model5","tl1.00_gl0.50_pr5.00_c25","gain_loss_trans",2,NA,0,0,1,0.5,25
"nt","model5","tl1.50_gl0.50_pr5.00_c25","tree_length",1.5,0.9,9,10,1.5,0.5,25
"nt","model5","tl1.50_gl0.50_pr5.00_c25","gain_loss_neo",2,0.9,9,10,1.5,0.5,25
"nt","model5","tl1.50_gl0.50_pr5.00_c25","gain_loss_trans",2,NA,0,0,1.5,0.5,25
"nt","model5","tl2.50_gl0.50_pr5.00_c25","tree_length",2.5,0.3,3,10,2.5,0.5,25
"nt","model5","tl2.50_gl0.50_pr5.00_c25","gain_loss_neo",2,0.7,7,10,2.5,0.5,25
"nt","model5","tl2.50_gl0.50_pr5.00_c25","gain_loss_trans",2,NA,0,0,2.5,0.5,25
"nt","model5","tl5.00_gl0.50_pr5.00_c25","tree_length",5,0.1,1,10,5,0.5,25
"nt","model5","tl5.00_gl0.50_pr5.00_c25","gain_loss_neo",2,1,10,10,5,0.5,25
"nt","model5","tl5.00_gl0.50_pr5.00_c25","gain_loss_trans",2,NA,0,0,5,0.5,25
"nt","model5","tl1.00_gl1.00_pr5.00_c25","tree_length",1,0.8,8,10,1,1,25
"nt","model5","tl1.00_gl1.00_pr5.00_c25","gain_loss_neo",1,1,10,10,1,1,25
"nt","model5","tl1.00_gl1.00_pr5.00_c25","gain_loss_trans",1,NA,0,0,1,1,25
"nt","model5","tl1.50_gl1.00_pr5.00_c25","tree_length",1.5,0.8,8,10,1.5,1,25
"nt","model5","tl1.50_gl1.00_pr5.00_c25","gain_loss_neo",1,0.9,9,10,1.5,1,25
"nt","model5","tl1.50_gl1.00_pr5.00_c25","gain_loss_trans",1,NA,0,0,1.5,1,25
"nt","model5","tl2.50_gl1.00_pr5.00_c25","tree_length",2.5,0.2,2,10,2.5,1,25
"nt","model5","tl2.50_gl1.00_pr5.00_c25","gain_loss_neo",1,0.9,9,10,2.5,1,25
"nt","model5","tl2.50_gl1.00_pr5.00_c25","gain_loss_trans",1,NA,0,0,2.5,1,25
"nt","model5","tl5.00_gl1.00_pr5.00_c25","tree_length",5,0,0,10,5,1,25
"nt","model5","tl5.00_gl1.00_pr5.00_c25","gain_loss_neo",1,1,10,10,5,1,25
"nt","model5","tl5.00_gl1.00_pr5.00_c25","gain_loss_trans",1,NA,0,0,5,1,25
"nt","model5","tl1.00_gl0.10_pr1.00_c50","tree_length",1,0.7,7,10,1,0.1,50
"nt","model5","tl1.00_gl0.10_pr1.00_c50","gain_loss_neo",10,0.3,3,10,1,0.1,50
"nt","model5","tl1.00_gl0.10_pr1.00_c50","gain_loss_trans",10,NA,0,0,1,0.1,50
"nt","model5","tl1.50_gl0.10_pr1.00_c50","tree_length",1.5,0.9,9,10,1.5,0.1,50
"nt","model5","tl1.50_gl0.10_pr1.00_c50","gain_loss_neo",10,0.6,6,10,1.5,0.1,50
"nt","model5","tl1.50_gl0.10_pr1.00_c50","gain_loss_trans",10,NA,0,0,1.5,0.1,50
"nt","model5","tl2.50_gl0.10_pr1.00_c50","tree_length",2.5,0.9,9,10,2.5,0.1,50
"nt","model5","tl2.50_gl0.10_pr1.00_c50","gain_loss_neo",10,0.7,7,10,2.5,0.1,50
"nt","model5","tl2.50_gl0.10_pr1.00_c50","gain_loss_trans",10,NA,0,0,2.5,0.1,50
"nt","model5","tl5.00_gl0.10_pr1.00_c50","tree_length",5,0.8,8,10,5,0.1,50
"nt","model5","tl5.00_gl0.10_pr1.00_c50","gain_loss_neo",10,0.8,8,10,5,0.1,50
"nt","model5","tl5.00_gl0.10_pr1.00_c50","gain_loss_trans",10,NA,0,0,5,0.1,50
"nt","model5","tl1.00_gl0.25_pr1.00_c50","tree_length",1,0.6,6,10,1,0.25,50
"nt","model5","tl1.00_gl0.25_pr1.00_c50","gain_loss_neo",4,0.3,3,10,1,0.25,50
"nt","model5","tl1.00_gl0.25_pr1.00_c50","gain_loss_trans",4,NA,0,0,1,0.25,50
"nt","model5","tl1.50_gl0.25_pr1.00_c50","tree_length",1.5,0.7,7,10,1.5,0.25,50
"nt","model5","tl1.50_gl0.25_pr1.00_c50","gain_loss_neo",4,0.8,8,10,1.5,0.25,50
"nt","model5","tl1.50_gl0.25_pr1.00_c50","gain_loss_trans",4,NA,0,0,1.5,0.25,50
"nt","model5","tl2.50_gl0.25_pr1.00_c50","tree_length",2.5,0.7,7,10,2.5,0.25,50
"nt","model5","tl2.50_gl0.25_pr1.00_c50","gain_loss_neo",4,0.6,6,10,2.5,0.25,50
"nt","model5","tl2.50_gl0.25_pr1.00_c50","gain_loss_trans",4,NA,0,0,2.5,0.25,50
"nt","model5","tl5.00_gl0.25_pr1.00_c50","tree_length",5,0.9,9,10,5,0.25,50
"nt","model5","tl5.00_gl0.25_pr1.00_c50","gain_loss_neo",4,0.6,6,10,5,0.25,50
"nt","model5","tl5.00_gl0.25_pr1.00_c50","gain_loss_trans",4,NA,0,0,5,0.25,50
"nt","model5","tl1.00_gl0.50_pr1.00_c50","tree_length",1,0.7,7,10,1,0.5,50
"nt","model5","tl1.00_gl0.50_pr1.00_c50","gain_loss_neo",2,1,10,10,1,0.5,50
"nt","model5","tl1.00_gl0.50_pr1.00_c50","gain_loss_trans",2,NA,0,0,1,0.5,50
"nt","model5","tl1.50_gl0.50_pr1.00_c50","tree_length",1.5,0.8,8,10,1.5,0.5,50
"nt","model5","tl1.50_gl0.50_pr1.00_c50","gain_loss_neo",2,0.9,9,10,1.5,0.5,50
"nt","model5","tl1.50_gl0.50_pr1.00_c50","gain_loss_trans",2,NA,0,0,1.5,0.5,50
"nt","model5","tl2.50_gl0.50_pr1.00_c50","tree_length",2.5,0.5,5,10,2.5,0.5,50
"nt","model5","tl2.50_gl0.50_pr1.00_c50","gain_loss_neo",2,0.9,9,10,2.5,0.5,50
"nt","model5","tl2.50_gl0.50_pr1.00_c50","gain_loss_trans",2,NA,0,0,2.5,0.5,50
"nt","model5","tl5.00_gl0.50_pr1.00_c50","tree_length",5,0.8,8,10,5,0.5,50
"nt","model5","tl5.00_gl0.50_pr1.00_c50","gain_loss_neo",2,0.6,6,10,5,0.5,50
"nt","model5","tl5.00_gl0.50_pr1.00_c50","gain_loss_trans",2,NA,0,0,5,0.5,50
"nt","model5","tl1.00_gl1.00_pr1.00_c50","tree_length",1,0.7,7,10,1,1,50
"nt","model5","tl1.00_gl1.00_pr1.00_c50","gain_loss_neo",1,1,10,10,1,1,50
"nt","model5","tl1.00_gl1.00_pr1.00_c50","gain_loss_trans",1,NA,0,0,1,1,50
"nt","model5","tl1.50_gl1.00_pr1.00_c50","tree_length",1.5,0.6,6,10,1.5,1,50
"nt","model5","tl1.50_gl1.00_pr1.00_c50","gain_loss_neo",1,0.9,9,10,1.5,1,50
"nt","model5","tl1.50_gl1.00_pr1.00_c50","gain_loss_trans",1,NA,0,0,1.5,1,50
"nt","model5","tl2.50_gl1.00_pr1.00_c50","tree_length",2.5,0.6,6,10,2.5,1,50
"nt","model5","tl2.50_gl1.00_pr1.00_c50","gain_loss_neo",1,0.8,8,10,2.5,1,50
"nt","model5","tl2.50_gl1.00_pr1.00_c50","gain_loss_trans",1,NA,0,0,2.5,1,50
"nt","model5","tl5.00_gl1.00_pr1.00_c50","tree_length",5,0.8,8,10,5,1,50
"nt","model5","tl5.00_gl1.00_pr1.00_c50","gain_loss_neo",1,0.6,6,10,5,1,50
"nt","model5","tl5.00_gl1.00_pr1.00_c50","gain_loss_trans",1,NA,0,0,5,1,50
"nt","model5","tl1.00_gl0.10_pr2.50_c50","tree_length",1,0.8,8,10,1,0.1,50
"nt","model5","tl1.00_gl0.10_pr2.50_c50","gain_loss_neo",10,0.5,5,10,1,0.1,50
"nt","model5","tl1.00_gl0.10_pr2.50_c50","gain_loss_trans",10,NA,0,0,1,0.1,50
"nt","model5","tl1.50_gl0.10_pr2.50_c50","tree_length",1.5,0.9,9,10,1.5,0.1,50
"nt","model5","tl1.50_gl0.10_pr2.50_c50","gain_loss_neo",10,0.3,3,10,1.5,0.1,50
"nt","model5","tl1.50_gl0.10_pr2.50_c50","gain_loss_trans",10,NA,0,0,1.5,0.1,50
"nt","model5","tl2.50_gl0.10_pr2.50_c50","tree_length",2.5,0.5,5,10,2.5,0.1,50
"nt","model5","tl2.50_gl0.10_pr2.50_c50","gain_loss_neo",10,0.7,7,10,2.5,0.1,50
"nt","model5","tl2.50_gl0.10_pr2.50_c50","gain_loss_trans",10,NA,0,0,2.5,0.1,50
"nt","model5","tl5.00_gl0.10_pr2.50_c50","tree_length",5,0.1,1,10,5,0.1,50
"nt","model5","tl5.00_gl0.10_pr2.50_c50","gain_loss_neo",10,0.8,8,10,5,0.1,50
"nt","model5","tl5.00_gl0.10_pr2.50_c50","gain_loss_trans",10,NA,0,0,5,0.1,50
"nt","model5","tl1.00_gl0.25_pr2.50_c50","tree_length",1,0.7,7,10,1,0.25,50
"nt","model5","tl1.00_gl0.25_pr2.50_c50","gain_loss_neo",4,0.6,6,10,1,0.25,50
"nt","model5","tl1.00_gl0.25_pr2.50_c50","gain_loss_trans",4,NA,0,0,1,0.25,50
"nt","model5","tl1.50_gl0.25_pr2.50_c50","tree_length",1.5,0.8,8,10,1.5,0.25,50
"nt","model5","tl1.50_gl0.25_pr2.50_c50","gain_loss_neo",4,0.6,6,10,1.5,0.25,50
"nt","model5","tl1.50_gl0.25_pr2.50_c50","gain_loss_trans",4,NA,0,0,1.5,0.25,50
"nt","model5","tl2.50_gl0.25_pr2.50_c50","tree_length",2.5,0.4,4,10,2.5,0.25,50
"nt","model5","tl2.50_gl0.25_pr2.50_c50","gain_loss_neo",4,0.8,8,10,2.5,0.25,50
"nt","model5","tl2.50_gl0.25_pr2.50_c50","gain_loss_trans",4,NA,0,0,2.5,0.25,50
"nt","model5","tl5.00_gl0.25_pr2.50_c50","tree_length",5,0.2,2,10,5,0.25,50
"nt","model5","tl5.00_gl0.25_pr2.50_c50","gain_loss_neo",4,0.9,9,10,5,0.25,50
"nt","model5","tl5.00_gl0.25_pr2.50_c50","gain_loss_trans",4,NA,0,0,5,0.25,50
"nt","model5","tl1.00_gl0.50_pr2.50_c50","tree_length",1,0.7,7,10,1,0.5,50
"nt","model5","tl1.00_gl0.50_pr2.50_c50","gain_loss_neo",2,0.9,9,10,1,0.5,50
"nt","model5","tl1.00_gl0.50_pr2.50_c50","gain_loss_trans",2,NA,0,0,1,0.5,50
"nt","model5","tl1.50_gl0.50_pr2.50_c50","tree_length",1.5,0.5,5,10,1.5,0.5,50
"nt","model5","tl1.50_gl0.50_pr2.50_c50","gain_loss_neo",2,0.6,6,10,1.5,0.5,50
"nt","model5","tl1.50_gl0.50_pr2.50_c50","gain_loss_trans",2,NA,0,0,1.5,0.5,50
"nt","model5","tl2.50_gl0.50_pr2.50_c50","tree_length",2.5,0.3,3,10,2.5,0.5,50
"nt","model5","tl2.50_gl0.50_pr2.50_c50","gain_loss_neo",2,0.8,8,10,2.5,0.5,50
"nt","model5","tl2.50_gl0.50_pr2.50_c50","gain_loss_trans",2,NA,0,0,2.5,0.5,50
"nt","model5","tl5.00_gl0.50_pr2.50_c50","tree_length",5,0.5,5,10,5,0.5,50
"nt","model5","tl5.00_gl0.50_pr2.50_c50","gain_loss_neo",2,0.7,7,10,5,0.5,50
"nt","model5","tl5.00_gl0.50_pr2.50_c50","gain_loss_trans",2,NA,0,0,5,0.5,50
"nt","model5","tl1.00_gl1.00_pr2.50_c50","tree_length",1,0.8,8,10,1,1,50
"nt","model5","tl1.00_gl1.00_pr2.50_c50","gain_loss_neo",1,0.8,8,10,1,1,50
"nt","model5","tl1.00_gl1.00_pr2.50_c50","gain_loss_trans",1,NA,0,0,1,1,50
"nt","model5","tl1.50_gl1.00_pr2.50_c50","tree_length",1.5,0.5,5,10,1.5,1,50
"nt","model5","tl1.50_gl1.00_pr2.50_c50","gain_loss_neo",1,0.9,9,10,1.5,1,50
"nt","model5","tl1.50_gl1.00_pr2.50_c50","gain_loss_trans",1,NA,0,0,1.5,1,50
"nt","model5","tl2.50_gl1.00_pr2.50_c50","tree_length",2.5,0.3,3,10,2.5,1,50
"nt","model5","tl2.50_gl1.00_pr2.50_c50","gain_loss_neo",1,1,10,10,2.5,1,50
"nt","model5","tl2.50_gl1.00_pr2.50_c50","gain_loss_trans",1,NA,0,0,2.5,1,50
"nt","model5","tl5.00_gl1.00_pr2.50_c50","tree_length",5,0.4,4,10,5,1,50
"nt","model5","tl5.00_gl1.00_pr2.50_c50","gain_loss_neo",1,0.9,9,10,5,1,50
"nt","model5","tl5.00_gl1.00_pr2.50_c50","gain_loss_trans",1,NA,0,0,5,1,50
"nt","model5","tl1.00_gl0.10_pr5.00_c50","tree_length",1,0.7,7,10,1,0.1,50
"nt","model5","tl1.00_gl0.10_pr5.00_c50","gain_loss_neo",10,0.2,2,10,1,0.1,50
"nt","model5","tl1.00_gl0.10_pr5.00_c50","gain_loss_trans",10,NA,0,0,1,0.1,50
"nt","model5","tl1.50_gl0.10_pr5.00_c50","tree_length",1.5,0.7,7,10,1.5,0.1,50
"nt","model5","tl1.50_gl0.10_pr5.00_c50","gain_loss_neo",10,0.1,1,10,1.5,0.1,50
"nt","model5","tl1.50_gl0.10_pr5.00_c50","gain_loss_trans",10,NA,0,0,1.5,0.1,50
"nt","model5","tl2.50_gl0.10_pr5.00_c50","tree_length",2.5,0.2,2,10,2.5,0.1,50
"nt","model5","tl2.50_gl0.10_pr5.00_c50","gain_loss_neo",10,0.2,2,10,2.5,0.1,50
"nt","model5","tl2.50_gl0.10_pr5.00_c50","gain_loss_trans",10,NA,0,0,2.5,0.1,50
"nt","model5","tl5.00_gl0.10_pr5.00_c50","tree_length",5,0,0,10,5,0.1,50
"nt","model5","tl5.00_gl0.10_pr5.00_c50","gain_loss_neo",10,0.4,4,10,5,0.1,50
"nt","model5","tl5.00_gl0.10_pr5.00_c50","gain_loss_trans",10,NA,0,0,5,0.1,50
"nt","model5","tl1.00_gl0.25_pr5.00_c50","tree_length",1,0.7,7,10,1,0.25,50
"nt","model5","tl1.00_gl0.25_pr5.00_c50","gain_loss_neo",4,0.6,6,10,1,0.25,50
"nt","model5","tl1.00_gl0.25_pr5.00_c50","gain_loss_trans",4,NA,0,0,1,0.25,50
"nt","model5","tl1.50_gl0.25_pr5.00_c50","tree_length",1.5,0.5,5,10,1.5,0.25,50
"nt","model5","tl1.50_gl0.25_pr5.00_c50","gain_loss_neo",4,0.6,6,10,1.5,0.25,50
"nt","model5","tl1.50_gl0.25_pr5.00_c50","gain_loss_trans",4,NA,0,0,1.5,0.25,50
"nt","model5","tl2.50_gl0.25_pr5.00_c50","tree_length",2.5,0.1,1,10,2.5,0.25,50
"nt","model5","tl2.50_gl0.25_pr5.00_c50","gain_loss_neo",4,0.6,6,10,2.5,0.25,50
"nt","model5","tl2.50_gl0.25_pr5.00_c50","gain_loss_trans",4,NA,0,0,2.5,0.25,50
"nt","model5","tl5.00_gl0.25_pr5.00_c50","tree_length",5,0,0,10,5,0.25,50
"nt","model5","tl5.00_gl0.25_pr5.00_c50","gain_loss_neo",4,0.8,8,10,5,0.25,50
"nt","model5","tl5.00_gl0.25_pr5.00_c50","gain_loss_trans",4,NA,0,0,5,0.25,50
"nt","model5","tl1.00_gl0.50_pr5.00_c50","tree_length",1,0.8,8,10,1,0.5,50
"nt","model5","tl1.00_gl0.50_pr5.00_c50","gain_loss_neo",2,0.8,8,10,1,0.5,50
"nt","model5","tl1.00_gl0.50_pr5.00_c50","gain_loss_trans",2,NA,0,0,1,0.5,50
"nt","model5","tl1.50_gl0.50_pr5.00_c50","tree_length",1.5,0.1,1,10,1.5,0.5,50
"nt","model5","tl1.50_gl0.50_pr5.00_c50","gain_loss_neo",2,0.9,9,10,1.5,0.5,50
"nt","model5","tl1.50_gl0.50_pr5.00_c50","gain_loss_trans",2,NA,0,0,1.5,0.5,50
"nt","model5","tl2.50_gl0.50_pr5.00_c50","tree_length",2.5,0.2,2,10,2.5,0.5,50
"nt","model5","tl2.50_gl0.50_pr5.00_c50","gain_loss_neo",2,0.7,7,10,2.5,0.5,50
"nt","model5","tl2.50_gl0.50_pr5.00_c50","gain_loss_trans",2,NA,0,0,2.5,0.5,50
"nt","model5","tl5.00_gl0.50_pr5.00_c50","tree_length",5,0,0,10,5,0.5,50
"nt","model5","tl5.00_gl0.50_pr5.00_c50","gain_loss_neo",2,0.9,9,10,5,0.5,50
"nt","model5","tl5.00_gl0.50_pr5.00_c50","gain_loss_trans",2,NA,0,0,5,0.5,50
"nt","model5","tl1.00_gl1.00_pr5.00_c50","tree_length",1,0.5,5,10,1,1,50
"nt","model5","tl1.00_gl1.00_pr5.00_c50","gain_loss_neo",1,1,10,10,1,1,50
"nt","model5","tl1.00_gl1.00_pr5.00_c50","gain_loss_trans",1,NA,0,0,1,1,50
"nt","model5","tl1.50_gl1.00_pr5.00_c50","tree_length",1.5,0.4,4,10,1.5,1,50
"nt","model5","tl1.50_gl1.00_pr5.00_c50","gain_loss_neo",1,1,10,10,1.5,1,50
"nt","model5","tl1.50_gl1.00_pr5.00_c50","gain_loss_trans",1,NA,0,0,1.5,1,50
"nt","model5","tl2.50_gl1.00_pr5.00_c50","tree_length",2.5,0.2,2,10,2.5,1,50
"nt","model5","tl2.50_gl1.00_pr5.00_c50","gain_loss_neo",1,1,10,10,2.5,1,50
"nt","model5","tl2.50_gl1.00_pr5.00_c50","gain_loss_trans",1,NA,0,0,2.5,1,50
"nt","model5","tl5.00_gl1.00_pr5.00_c50","tree_length",5,0,0,10,5,1,50
"nt","model5","tl5.00_gl1.00_pr5.00_c50","gain_loss_neo",1,1,10,10,5,1,50
"nt","model5","tl5.00_gl1.00_pr5.00_c50","gain_loss_trans",1,NA,0,0,5,1,50
"nt","model5","tl1.00_gl0.10_pr1.00_c100","tree_length",1,0.5,5,10,1,0.1,100
"nt","model5","tl1.00_gl0.10_pr1.00_c100","gain_loss_neo",10,0.4,4,10,1,0.1,100
"nt","model5","tl1.00_gl0.10_pr1.00_c100","gain_loss_trans",10,NA,0,0,1,0.1,100
"nt","model5","tl1.50_gl0.10_pr1.00_c100","tree_length",1.5,0.5,5,10,1.5,0.1,100
"nt","model5","tl1.50_gl0.10_pr1.00_c100","gain_loss_neo",10,0.5,5,10,1.5,0.1,100
"nt","model5","tl1.50_gl0.10_pr1.00_c100","gain_loss_trans",10,NA,0,0,1.5,0.1,100
"nt","model5","tl2.50_gl0.10_pr1.00_c100","tree_length",2.5,0.7,7,10,2.5,0.1,100
"nt","model5","tl2.50_gl0.10_pr1.00_c100","gain_loss_neo",10,0.4,4,10,2.5,0.1,100
"nt","model5","tl2.50_gl0.10_pr1.00_c100","gain_loss_trans",10,NA,0,0,2.5,0.1,100
"nt","model5","tl5.00_gl0.10_pr1.00_c100","tree_length",5,0.6,6,10,5,0.1,100
"nt","model5","tl5.00_gl0.10_pr1.00_c100","gain_loss_neo",10,0.6,6,10,5,0.1,100
"nt","model5","tl5.00_gl0.10_pr1.00_c100","gain_loss_trans",10,NA,0,0,5,0.1,100
"nt","model5","tl1.00_gl0.25_pr1.00_c100","tree_length",1,0.5,5,10,1,0.25,100
"nt","model5","tl1.00_gl0.25_pr1.00_c100","gain_loss_neo",4,0.5,5,10,1,0.25,100
"nt","model5","tl1.00_gl0.25_pr1.00_c100","gain_loss_trans",4,NA,0,0,1,0.25,100
"nt","model5","tl1.50_gl0.25_pr1.00_c100","tree_length",1.5,0.5,5,10,1.5,0.25,100
"nt","model5","tl1.50_gl0.25_pr1.00_c100","gain_loss_neo",4,0.6,6,10,1.5,0.25,100
"nt","model5","tl1.50_gl0.25_pr1.00_c100","gain_loss_trans",4,NA,0,0,1.5,0.25,100
"nt","model5","tl2.50_gl0.25_pr1.00_c100","tree_length",2.5,0.6,6,10,2.5,0.25,100
"nt","model5","tl2.50_gl0.25_pr1.00_c100","gain_loss_neo",4,0.6,6,10,2.5,0.25,100
"nt","model5","tl2.50_gl0.25_pr1.00_c100","gain_loss_trans",4,NA,0,0,2.5,0.25,100
"nt","model5","tl5.00_gl0.25_pr1.00_c100","tree_length",5,0.8,8,10,5,0.25,100
"nt","model5","tl5.00_gl0.25_pr1.00_c100","gain_loss_neo",4,0.6,6,10,5,0.25,100
"nt","model5","tl5.00_gl0.25_pr1.00_c100","gain_loss_trans",4,NA,0,0,5,0.25,100
"nt","model5","tl1.00_gl0.50_pr1.00_c100","tree_length",1,0.5,5,10,1,0.5,100
"nt","model5","tl1.00_gl0.50_pr1.00_c100","gain_loss_neo",2,0.9,9,10,1,0.5,100
"nt","model5","tl1.00_gl0.50_pr1.00_c100","gain_loss_trans",2,NA,0,0,1,0.5,100
"nt","model5","tl1.50_gl0.50_pr1.00_c100","tree_length",1.5,0.5,5,10,1.5,0.5,100
"nt","model5","tl1.50_gl0.50_pr1.00_c100","gain_loss_neo",2,0.7,7,10,1.5,0.5,100
"nt","model5","tl1.50_gl0.50_pr1.00_c100","gain_loss_trans",2,NA,0,0,1.5,0.5,100
"nt","model5","tl2.50_gl0.50_pr1.00_c100","tree_length",2.5,0.4,4,10,2.5,0.5,100
"nt","model5","tl2.50_gl0.50_pr1.00_c100","gain_loss_neo",2,0.7,7,10,2.5,0.5,100
"nt","model5","tl2.50_gl0.50_pr1.00_c100","gain_loss_trans",2,NA,0,0,2.5,0.5,100
"nt","model5","tl5.00_gl0.50_pr1.00_c100","tree_length",5,0.4,4,10,5,0.5,100
"nt","model5","tl5.00_gl0.50_pr1.00_c100","gain_loss_neo",2,0.9,9,10,5,0.5,100
"nt","model5","tl5.00_gl0.50_pr1.00_c100","gain_loss_trans",2,NA,0,0,5,0.5,100
"nt","model5","tl1.00_gl1.00_pr1.00_c100","tree_length",1,0.6,6,10,1,1,100
"nt","model5","tl1.00_gl1.00_pr1.00_c100","gain_loss_neo",1,0.9,9,10,1,1,100
"nt","model5","tl1.00_gl1.00_pr1.00_c100","gain_loss_trans",1,NA,0,0,1,1,100
"nt","model5","tl1.50_gl1.00_pr1.00_c100","tree_length",1.5,0.4,4,10,1.5,1,100
"nt","model5","tl1.50_gl1.00_pr1.00_c100","gain_loss_neo",1,0.8,8,10,1.5,1,100
"nt","model5","tl1.50_gl1.00_pr1.00_c100","gain_loss_trans",1,NA,0,0,1.5,1,100
"nt","model5","tl2.50_gl1.00_pr1.00_c100","tree_length",2.5,0.4,4,10,2.5,1,100
"nt","model5","tl2.50_gl1.00_pr1.00_c100","gain_loss_neo",1,1,10,10,2.5,1,100
"nt","model5","tl2.50_gl1.00_pr1.00_c100","gain_loss_trans",1,NA,0,0,2.5,1,100
"nt","model5","tl5.00_gl1.00_pr1.00_c100","tree_length",5,0.7,7,10,5,1,100
"nt","model5","tl5.00_gl1.00_pr1.00_c100","gain_loss_neo",1,0.9,9,10,5,1,100
"nt","model5","tl5.00_gl1.00_pr1.00_c100","gain_loss_trans",1,NA,0,0,5,1,100
"nt","model5","tl1.00_gl0.10_pr2.50_c100","tree_length",1,0.7,7,10,1,0.1,100
"nt","model5","tl1.00_gl0.10_pr2.50_c100","gain_loss_neo",10,0.6,6,10,1,0.1,100
"nt","model5","tl1.00_gl0.10_pr2.50_c100","gain_loss_trans",10,NA,0,0,1,0.1,100
"nt","model5","tl1.50_gl0.10_pr2.50_c100","tree_length",1.5,0.7,7,10,1.5,0.1,100
"nt","model5","tl1.50_gl0.10_pr2.50_c100","gain_loss_neo",10,0.2,2,10,1.5,0.1,100
"nt","model5","tl1.50_gl0.10_pr2.50_c100","gain_loss_trans",10,NA,0,0,1.5,0.1,100
"nt","model5","tl2.50_gl0.10_pr2.50_c100","tree_length",2.5,0.8,8,10,2.5,0.1,100
"nt","model5","tl2.50_gl0.10_pr2.50_c100","gain_loss_neo",10,0.3,3,10,2.5,0.1,100
"nt","model5","tl2.50_gl0.10_pr2.50_c100","gain_loss_trans",10,NA,0,0,2.5,0.1,100
"nt","model5","tl5.00_gl0.10_pr2.50_c100","tree_length",5,0.1,1,10,5,0.1,100
"nt","model5","tl5.00_gl0.10_pr2.50_c100","gain_loss_neo",10,0.4,4,10,5,0.1,100
"nt","model5","tl5.00_gl0.10_pr2.50_c100","gain_loss_trans",10,NA,0,0,5,0.1,100
"nt","model5","tl1.00_gl0.25_pr2.50_c100","tree_length",1,0.7,7,10,1,0.25,100
"nt","model5","tl1.00_gl0.25_pr2.50_c100","gain_loss_neo",4,0.7,7,10,1,0.25,100
"nt","model5","tl1.00_gl0.25_pr2.50_c100","gain_loss_trans",4,NA,0,0,1,0.25,100
"nt","model5","tl1.50_gl0.25_pr2.50_c100","tree_length",1.5,0.6,6,10,1.5,0.25,100
"nt","model5","tl1.50_gl0.25_pr2.50_c100","gain_loss_neo",4,0.6,6,10,1.5,0.25,100
"nt","model5","tl1.50_gl0.25_pr2.50_c100","gain_loss_trans",4,NA,0,0,1.5,0.25,100
"nt","model5","tl2.50_gl0.25_pr2.50_c100","tree_length",2.5,0.3,3,10,2.5,0.25,100
"nt","model5","tl2.50_gl0.25_pr2.50_c100","gain_loss_neo",4,0.6,6,10,2.5,0.25,100
"nt","model5","tl2.50_gl0.25_pr2.50_c100","gain_loss_trans",4,NA,0,0,2.5,0.25,100
"nt","model5","tl5.00_gl0.25_pr2.50_c100","tree_length",5,0.1,1,10,5,0.25,100
"nt","model5","tl5.00_gl0.25_pr2.50_c100","gain_loss_neo",4,0.6,6,10,5,0.25,100
"nt","model5","tl5.00_gl0.25_pr2.50_c100","gain_loss_trans",4,NA,0,0,5,0.25,100
"nt","model5","tl1.00_gl0.50_pr2.50_c100","tree_length",1,0.4,4,10,1,0.5,100
"nt","model5","tl1.00_gl0.50_pr2.50_c100","gain_loss_neo",2,1,10,10,1,0.5,100
"nt","model5","tl1.00_gl0.50_pr2.50_c100","gain_loss_trans",2,NA,0,0,1,0.5,100
"nt","model5","tl1.50_gl0.50_pr2.50_c100","tree_length",1.5,0.3,3,10,1.5,0.5,100
"nt","model5","tl1.50_gl0.50_pr2.50_c100","gain_loss_neo",2,0.8,8,10,1.5,0.5,100
"nt","model5","tl1.50_gl0.50_pr2.50_c100","gain_loss_trans",2,NA,0,0,1.5,0.5,100
"nt","model5","tl2.50_gl0.50_pr2.50_c100","tree_length",2.5,0.3,3,10,2.5,0.5,100
"nt","model5","tl2.50_gl0.50_pr2.50_c100","gain_loss_neo",2,0.7,7,10,2.5,0.5,100
"nt","model5","tl2.50_gl0.50_pr2.50_c100","gain_loss_trans",2,NA,0,0,2.5,0.5,100
"nt","model5","tl5.00_gl0.50_pr2.50_c100","tree_length",5,0.1,1,10,5,0.5,100
"nt","model5","tl5.00_gl0.50_pr2.50_c100","gain_loss_neo",2,0.7,7,10,5,0.5,100
"nt","model5","tl5.00_gl0.50_pr2.50_c100","gain_loss_trans",2,NA,0,0,5,0.5,100
"nt","model5","tl1.00_gl1.00_pr2.50_c100","tree_length",1,0.5,5,10,1,1,100
"nt","model5","tl1.00_gl1.00_pr2.50_c100","gain_loss_neo",1,1,10,10,1,1,100
"nt","model5","tl1.00_gl1.00_pr2.50_c100","gain_loss_trans",1,NA,0,0,1,1,100
"nt","model5","tl1.50_gl1.00_pr2.50_c100","tree_length",1.5,0.3,3,10,1.5,1,100
"nt","model5","tl1.50_gl1.00_pr2.50_c100","gain_loss_neo",1,1,10,10,1.5,1,100
"nt","model5","tl1.50_gl1.00_pr2.50_c100","gain_loss_trans",1,NA,0,0,1.5,1,100
"nt","model5","tl2.50_gl1.00_pr2.50_c100","tree_length",2.5,0.3,3,10,2.5,1,100
"nt","model5","tl2.50_gl1.00_pr2.50_c100","gain_loss_neo",1,1,10,10,2.5,1,100
"nt","model5","tl2.50_gl1.00_pr2.50_c100","gain_loss_trans",1,NA,0,0,2.5,1,100
"nt","model5","tl5.00_gl1.00_pr2.50_c100","tree_length",5,0.2,2,10,5,1,100
"nt","model5","tl5.00_gl1.00_pr2.50_c100","gain_loss_neo",1,0.9,9,10,5,1,100
"nt","model5","tl5.00_gl1.00_pr2.50_c100","gain_loss_trans",1,NA,0,0,5,1,100
"nt","model5","tl1.00_gl0.10_pr5.00_c100","tree_length",1,0.9,9,10,1,0.1,100
"nt","model5","tl1.00_gl0.10_pr5.00_c100","gain_loss_neo",10,0.1,1,10,1,0.1,100
"nt","model5","tl1.00_gl0.10_pr5.00_c100","gain_loss_trans",10,NA,0,0,1,0.1,100
"nt","model5","tl1.50_gl0.10_pr5.00_c100","tree_length",1.5,0.2,2,10,1.5,0.1,100
"nt","model5","tl1.50_gl0.10_pr5.00_c100","gain_loss_neo",10,0.2,2,10,1.5,0.1,100
"nt","model5","tl1.50_gl0.10_pr5.00_c100","gain_loss_trans",10,NA,0,0,1.5,0.1,100
"nt","model5","tl2.50_gl0.10_pr5.00_c100","tree_length",2.5,0.1,1,10,2.5,0.1,100
"nt","model5","tl2.50_gl0.10_pr5.00_c100","gain_loss_neo",10,0.3,3,10,2.5,0.1,100
"nt","model5","tl2.50_gl0.10_pr5.00_c100","gain_loss_trans",10,NA,0,0,2.5,0.1,100
"nt","model5","tl5.00_gl0.10_pr5.00_c100","tree_length",5,0,0,10,5,0.1,100
"nt","model5","tl5.00_gl0.10_pr5.00_c100","gain_loss_neo",10,0.5,5,10,5,0.1,100
"nt","model5","tl5.00_gl0.10_pr5.00_c100","gain_loss_trans",10,NA,0,0,5,0.1,100
"nt","model5","tl1.00_gl0.25_pr5.00_c100","tree_length",1,0.3,3,10,1,0.25,100
"nt","model5","tl1.00_gl0.25_pr5.00_c100","gain_loss_neo",4,0.3,3,10,1,0.25,100
"nt","model5","tl1.00_gl0.25_pr5.00_c100","gain_loss_trans",4,NA,0,0,1,0.25,100
"nt","model5","tl1.50_gl0.25_pr5.00_c100","tree_length",1.5,0.2,2,10,1.5,0.25,100
"nt","model5","tl1.50_gl0.25_pr5.00_c100","gain_loss_neo",4,0.7,7,10,1.5,0.25,100
"nt","model5","tl1.50_gl0.25_pr5.00_c100","gain_loss_trans",4,NA,0,0,1.5,0.25,100
"nt","model5","tl2.50_gl0.25_pr5.00_c100","tree_length",2.5,0.2,2,10,2.5,0.25,100
"nt","model5","tl2.50_gl0.25_pr5.00_c100","gain_loss_neo",4,0.6,6,10,2.5,0.25,100
"nt","model5","tl2.50_gl0.25_pr5.00_c100","gain_loss_trans",4,NA,0,0,2.5,0.25,100
"nt","model5","tl5.00_gl0.25_pr5.00_c100","tree_length",5,0,0,10,5,0.25,100
"nt","model5","tl5.00_gl0.25_pr5.00_c100","gain_loss_neo",4,0.5,5,10,5,0.25,100
"nt","model5","tl5.00_gl0.25_pr5.00_c100","gain_loss_trans",4,NA,0,0,5,0.25,100
"nt","model5","tl1.00_gl0.50_pr5.00_c100","tree_length",1,0.4,4,10,1,0.5,100
"nt","model5","tl1.00_gl0.50_pr5.00_c100","gain_loss_neo",2,0.9,9,10,1,0.5,100
"nt","model5","tl1.00_gl0.50_pr5.00_c100","gain_loss_trans",2,NA,0,0,1,0.5,100
"nt","model5","tl1.50_gl0.50_pr5.00_c100","tree_length",1.5,0.1,1,10,1.5,0.5,100
"nt","model5","tl1.50_gl0.50_pr5.00_c100","gain_loss_neo",2,0.9,9,10,1.5,0.5,100
"nt","model5","tl1.50_gl0.50_pr5.00_c100","gain_loss_trans",2,NA,0,0,1.5,0.5,100
"nt","model5","tl2.50_gl0.50_pr5.00_c100","tree_length",2.5,0.1,1,10,2.5,0.5,100
"nt","model5","tl2.50_gl0.50_pr5.00_c100","gain_loss_neo",2,0.8,8,10,2.5,0.5,100
"nt","model5","tl2.50_gl0.50_pr5.00_c100","gain_loss_trans",2,NA,0,0,2.5,0.5,100
"nt","model5","tl5.00_gl0.50_pr5.00_c100","tree_length",5,0.1,1,10,5,0.5,100
"nt","model5","tl5.00_gl0.50_pr5.00_c100","gain_loss_neo",2,0.9,9,10,5,0.5,100
"nt","model5","tl5.00_gl0.50_pr5.00_c100","gain_loss_trans",2,NA,0,0,5,0.5,100
"nt","model5","tl1.00_gl1.00_pr5.00_c100","tree_length",1,0.2,2,10,1,1,100
"nt","model5","tl1.00_gl1.00_pr5.00_c100","gain_loss_neo",1,0.9,9,10,1,1,100
"nt","model5","tl1.00_gl1.00_pr5.00_c100","gain_loss_trans",1,NA,0,0,1,1,100
"nt","model5","tl1.50_gl1.00_pr5.00_c100","tree_length",1.5,0.1,1,10,1.5,1,100
"nt","model5","tl1.50_gl1.00_pr5.00_c100","gain_loss_neo",1,0.9,9,10,1.5,1,100
"nt","model5","tl1.50_gl1.00_pr5.00_c100","gain_loss_trans",1,NA,0,0,1.5,1,100
"nt","model5","tl2.50_gl1.00_pr5.00_c100","tree_length",2.5,0.2,2,10,2.5,1,100
"nt","model5","tl2.50_gl1.00_pr5.00_c100","gain_loss_neo",1,0.9,9,10,2.5,1,100
"nt","model5","tl2.50_gl1.00_pr5.00_c100","gain_loss_trans",1,NA,0,0,2.5,1,100
"nt","model5","tl5.00_gl1.00_pr5.00_c100","tree_length",5,0,0,10,5,1,100
"nt","model5","tl5.00_gl1.00_pr5.00_c100","gain_loss_neo",1,0.9,9,10,5,1,100
"nt","model5","tl5.00_gl1.00_pr5.00_c100","gain_loss_trans",1,NA,0,0,5,1,100
"nt","model5","tl1.00_gl0.10_pr1.00_c200","tree_length",1,0.4,4,10,1,0.1,200
"nt","model5","tl1.00_gl0.10_pr1.00_c200","gain_loss_neo",10,0.4,4,10,1,0.1,200
"nt","model5","tl1.00_gl0.10_pr1.00_c200","gain_loss_trans",10,NA,0,0,1,0.1,200
"nt","model5","tl1.50_gl0.10_pr1.00_c200","tree_length",1.5,0.4,4,10,1.5,0.1,200
"nt","model5","tl1.50_gl0.10_pr1.00_c200","gain_loss_neo",10,0.4,4,10,1.5,0.1,200
"nt","model5","tl1.50_gl0.10_pr1.00_c200","gain_loss_trans",10,NA,0,0,1.5,0.1,200
"nt","model5","tl2.50_gl0.10_pr1.00_c200","tree_length",2.5,0.8,8,10,2.5,0.1,200
"nt","model5","tl2.50_gl0.10_pr1.00_c200","gain_loss_neo",10,0.5,5,10,2.5,0.1,200
"nt","model5","tl2.50_gl0.10_pr1.00_c200","gain_loss_trans",10,NA,0,0,2.5,0.1,200
"nt","model5","tl5.00_gl0.10_pr1.00_c200","tree_length",5,0.8,8,10,5,0.1,200
"nt","model5","tl5.00_gl0.10_pr1.00_c200","gain_loss_neo",10,0.4,4,10,5,0.1,200
"nt","model5","tl5.00_gl0.10_pr1.00_c200","gain_loss_trans",10,NA,0,0,5,0.1,200
"nt","model5","tl1.00_gl0.25_pr1.00_c200","tree_length",1,0.5,5,10,1,0.25,200
"nt","model5","tl1.00_gl0.25_pr1.00_c200","gain_loss_neo",4,0.6,6,10,1,0.25,200
"nt","model5","tl1.00_gl0.25_pr1.00_c200","gain_loss_trans",4,NA,0,0,1,0.25,200
"nt","model5","tl1.50_gl0.25_pr1.00_c200","tree_length",1.5,0.5,5,10,1.5,0.25,200
"nt","model5","tl1.50_gl0.25_pr1.00_c200","gain_loss_neo",4,0.4,4,10,1.5,0.25,200
"nt","model5","tl1.50_gl0.25_pr1.00_c200","gain_loss_trans",4,NA,0,0,1.5,0.25,200
"nt","model5","tl2.50_gl0.25_pr1.00_c200","tree_length",2.5,0.7,7,10,2.5,0.25,200
"nt","model5","tl2.50_gl0.25_pr1.00_c200","gain_loss_neo",4,0.4,4,10,2.5,0.25,200
"nt","model5","tl2.50_gl0.25_pr1.00_c200","gain_loss_trans",4,NA,0,0,2.5,0.25,200
"nt","model5","tl5.00_gl0.25_pr1.00_c200","tree_length",5,0.6,6,10,5,0.25,200
"nt","model5","tl5.00_gl0.25_pr1.00_c200","gain_loss_neo",4,0.5,5,10,5,0.25,200
"nt","model5","tl5.00_gl0.25_pr1.00_c200","gain_loss_trans",4,NA,0,0,5,0.25,200
"nt","model5","tl1.00_gl0.50_pr1.00_c200","tree_length",1,0.5,5,10,1,0.5,200
"nt","model5","tl1.00_gl0.50_pr1.00_c200","gain_loss_neo",2,0.7,7,10,1,0.5,200
"nt","model5","tl1.00_gl0.50_pr1.00_c200","gain_loss_trans",2,NA,0,0,1,0.5,200
"nt","model5","tl1.50_gl0.50_pr1.00_c200","tree_length",1.5,0.4,4,10,1.5,0.5,200
"nt","model5","tl1.50_gl0.50_pr1.00_c200","gain_loss_neo",2,0.5,5,10,1.5,0.5,200
"nt","model5","tl1.50_gl0.50_pr1.00_c200","gain_loss_trans",2,NA,0,0,1.5,0.5,200
"nt","model5","tl2.50_gl0.50_pr1.00_c200","tree_length",2.5,0.6,6,10,2.5,0.5,200
"nt","model5","tl2.50_gl0.50_pr1.00_c200","gain_loss_neo",2,0.8,8,10,2.5,0.5,200
"nt","model5","tl2.50_gl0.50_pr1.00_c200","gain_loss_trans",2,NA,0,0,2.5,0.5,200
"nt","model5","tl5.00_gl0.50_pr1.00_c200","tree_length",5,0.5,5,10,5,0.5,200
"nt","model5","tl5.00_gl0.50_pr1.00_c200","gain_loss_neo",2,0.8,8,10,5,0.5,200
"nt","model5","tl5.00_gl0.50_pr1.00_c200","gain_loss_trans",2,NA,0,0,5,0.5,200
"nt","model5","tl1.00_gl1.00_pr1.00_c200","tree_length",1,0.5,5,10,1,1,200
"nt","model5","tl1.00_gl1.00_pr1.00_c200","gain_loss_neo",1,0.7,7,10,1,1,200
"nt","model5","tl1.00_gl1.00_pr1.00_c200","gain_loss_trans",1,NA,0,0,1,1,200
"nt","model5","tl1.50_gl1.00_pr1.00_c200","tree_length",1.5,0.5,5,10,1.5,1,200
"nt","model5","tl1.50_gl1.00_pr1.00_c200","gain_loss_neo",1,0.9,9,10,1.5,1,200
"nt","model5","tl1.50_gl1.00_pr1.00_c200","gain_loss_trans",1,NA,0,0,1.5,1,200
"nt","model5","tl2.50_gl1.00_pr1.00_c200","tree_length",2.5,0.4,4,10,2.5,1,200
"nt","model5","tl2.50_gl1.00_pr1.00_c200","gain_loss_neo",1,0.7,7,10,2.5,1,200
"nt","model5","tl2.50_gl1.00_pr1.00_c200","gain_loss_trans",1,NA,0,0,2.5,1,200
"nt","model5","tl5.00_gl1.00_pr1.00_c200","tree_length",5,0.3,3,10,5,1,200
"nt","model5","tl5.00_gl1.00_pr1.00_c200","gain_loss_neo",1,0.9,9,10,5,1,200
"nt","model5","tl5.00_gl1.00_pr1.00_c200","gain_loss_trans",1,NA,0,0,5,1,200
"nt","model5","tl1.00_gl0.10_pr2.50_c200","tree_length",1,0.6,6,10,1,0.1,200
"nt","model5","tl1.00_gl0.10_pr2.50_c200","gain_loss_neo",10,0.3,3,10,1,0.1,200
"nt","model5","tl1.00_gl0.10_pr2.50_c200","gain_loss_trans",10,NA,0,0,1,0.1,200
"nt","model5","tl1.50_gl0.10_pr2.50_c200","tree_length",1.5,0.5,5,10,1.5,0.1,200
"nt","model5","tl1.50_gl0.10_pr2.50_c200","gain_loss_neo",10,0.4,4,10,1.5,0.1,200
"nt","model5","tl1.50_gl0.10_pr2.50_c200","gain_loss_trans",10,NA,0,0,1.5,0.1,200
"nt","model5","tl2.50_gl0.10_pr2.50_c200","tree_length",2.5,0.4,4,10,2.5,0.1,200
"nt","model5","tl2.50_gl0.10_pr2.50_c200","gain_loss_neo",10,0.4,4,10,2.5,0.1,200
"nt","model5","tl2.50_gl0.10_pr2.50_c200","gain_loss_trans",10,NA,0,0,2.5,0.1,200
"nt","model5","tl5.00_gl0.10_pr2.50_c200","tree_length",5,0.1,1,10,5,0.1,200
"nt","model5","tl5.00_gl0.10_pr2.50_c200","gain_loss_neo",10,0.5,5,10,5,0.1,200
"nt","model5","tl5.00_gl0.10_pr2.50_c200","gain_loss_trans",10,NA,0,0,5,0.1,200
"nt","model5","tl1.00_gl0.25_pr2.50_c200","tree_length",1,0.4,4,10,1,0.25,200
"nt","model5","tl1.00_gl0.25_pr2.50_c200","gain_loss_neo",4,0.6,6,10,1,0.25,200
"nt","model5","tl1.00_gl0.25_pr2.50_c200","gain_loss_trans",4,NA,0,0,1,0.25,200
"nt","model5","tl1.50_gl0.25_pr2.50_c200","tree_length",1.5,0.3,3,10,1.5,0.25,200
"nt","model5","tl1.50_gl0.25_pr2.50_c200","gain_loss_neo",4,0.6,6,10,1.5,0.25,200
"nt","model5","tl1.50_gl0.25_pr2.50_c200","gain_loss_trans",4,NA,0,0,1.5,0.25,200
"nt","model5","tl2.50_gl0.25_pr2.50_c200","tree_length",2.5,0.3,3,10,2.5,0.25,200
"nt","model5","tl2.50_gl0.25_pr2.50_c200","gain_loss_neo",4,0.5,5,10,2.5,0.25,200
"nt","model5","tl2.50_gl0.25_pr2.50_c200","gain_loss_trans",4,NA,0,0,2.5,0.25,200
"nt","model5","tl5.00_gl0.25_pr2.50_c200","tree_length",5,0.1,1,10,5,0.25,200
"nt","model5","tl5.00_gl0.25_pr2.50_c200","gain_loss_neo",4,0.6,6,10,5,0.25,200
"nt","model5","tl5.00_gl0.25_pr2.50_c200","gain_loss_trans",4,NA,0,0,5,0.25,200
"nt","model5","tl1.00_gl0.50_pr2.50_c200","tree_length",1,0.3,3,10,1,0.5,200
"nt","model5","tl1.00_gl0.50_pr2.50_c200","gain_loss_neo",2,0.9,9,10,1,0.5,200
"nt","model5","tl1.00_gl0.50_pr2.50_c200","gain_loss_trans",2,NA,0,0,1,0.5,200
"nt","model5","tl1.50_gl0.50_pr2.50_c200","tree_length",1.5,0.2,2,10,1.5,0.5,200
"nt","model5","tl1.50_gl0.50_pr2.50_c200","gain_loss_neo",2,0.7,7,10,1.5,0.5,200
"nt","model5","tl1.50_gl0.50_pr2.50_c200","gain_loss_trans",2,NA,0,0,1.5,0.5,200
"nt","model5","tl2.50_gl0.50_pr2.50_c200","tree_length",2.5,0.1,1,10,2.5,0.5,200
"nt","model5","tl2.50_gl0.50_pr2.50_c200","gain_loss_neo",2,0.8,8,10,2.5,0.5,200
"nt","model5","tl2.50_gl0.50_pr2.50_c200","gain_loss_trans",2,NA,0,0,2.5,0.5,200
"nt","model5","tl5.00_gl0.50_pr2.50_c200","tree_length",5,0.1,1,10,5,0.5,200
"nt","model5","tl5.00_gl0.50_pr2.50_c200","gain_loss_neo",2,0.8,8,10,5,0.5,200
"nt","model5","tl5.00_gl0.50_pr2.50_c200","gain_loss_trans",2,NA,0,0,5,0.5,200
"nt","model5","tl1.00_gl1.00_pr2.50_c200","tree_length",1,0.3,3,10,1,1,200
"nt","model5","tl1.00_gl1.00_pr2.50_c200","gain_loss_neo",1,0.8,8,10,1,1,200
"nt","model5","tl1.00_gl1.00_pr2.50_c200","gain_loss_trans",1,NA,0,0,1,1,200
"nt","model5","tl1.50_gl1.00_pr2.50_c200","tree_length",1.5,0.3,3,10,1.5,1,200
"nt","model5","tl1.50_gl1.00_pr2.50_c200","gain_loss_neo",1,1,10,10,1.5,1,200
"nt","model5","tl1.50_gl1.00_pr2.50_c200","gain_loss_trans",1,NA,0,0,1.5,1,200
"nt","model5","tl2.50_gl1.00_pr2.50_c200","tree_length",2.5,0.2,2,10,2.5,1,200
"nt","model5","tl2.50_gl1.00_pr2.50_c200","gain_loss_neo",1,0.9,9,10,2.5,1,200
"nt","model5","tl2.50_gl1.00_pr2.50_c200","gain_loss_trans",1,NA,0,0,2.5,1,200
"nt","model5","tl5.00_gl1.00_pr2.50_c200","tree_length",5,0.1,1,10,5,1,200
"nt","model5","tl5.00_gl1.00_pr2.50_c200","gain_loss_neo",1,1,10,10,5,1,200
"nt","model5","tl5.00_gl1.00_pr2.50_c200","gain_loss_trans",1,NA,0,0,5,1,200
"nt","model5","tl1.00_gl0.10_pr5.00_c200","tree_length",1,0.2,2,10,1,0.1,200
"nt","model5","tl1.00_gl0.10_pr5.00_c200","gain_loss_neo",10,0.4,4,10,1,0.1,200
"nt","model5","tl1.00_gl0.10_pr5.00_c200","gain_loss_trans",10,NA,0,0,1,0.1,200
"nt","model5","tl1.50_gl0.10_pr5.00_c200","tree_length",1.5,0.2,2,10,1.5,0.1,200
"nt","model5","tl1.50_gl0.10_pr5.00_c200","gain_loss_neo",10,0.2,2,10,1.5,0.1,200
"nt","model5","tl1.50_gl0.10_pr5.00_c200","gain_loss_trans",10,NA,0,0,1.5,0.1,200
"nt","model5","tl2.50_gl0.10_pr5.00_c200","tree_length",2.5,0.2,2,10,2.5,0.1,200
"nt","model5","tl2.50_gl0.10_pr5.00_c200","gain_loss_neo",10,0.3,3,10,2.5,0.1,200
"nt","model5","tl2.50_gl0.10_pr5.00_c200","gain_loss_trans",10,NA,0,0,2.5,0.1,200
"nt","model5","tl5.00_gl0.10_pr5.00_c200","tree_length",5,0,0,10,5,0.1,200
"nt","model5","tl5.00_gl0.10_pr5.00_c200","gain_loss_neo",10,0.5,5,10,5,0.1,200
"nt","model5","tl5.00_gl0.10_pr5.00_c200","gain_loss_trans",10,NA,0,0,5,0.1,200
"nt","model5","tl1.00_gl0.25_pr5.00_c200","tree_length",1,0.2,2,10,1,0.25,200
"nt","model5","tl1.00_gl0.25_pr5.00_c200","gain_loss_neo",4,0.7,7,10,1,0.25,200
"nt","model5","tl1.00_gl0.25_pr5.00_c200","gain_loss_trans",4,NA,0,0,1,0.25,200
"nt","model5","tl1.50_gl0.25_pr5.00_c200","tree_length",1.5,0.1,1,10,1.5,0.25,200
"nt","model5","tl1.50_gl0.25_pr5.00_c200","gain_loss_neo",4,0.6,6,10,1.5,0.25,200
"nt","model5","tl1.50_gl0.25_pr5.00_c200","gain_loss_trans",4,NA,0,0,1.5,0.25,200
"nt","model5","tl2.50_gl0.25_pr5.00_c200","tree_length",2.5,0.1,1,10,2.5,0.25,200
"nt","model5","tl2.50_gl0.25_pr5.00_c200","gain_loss_neo",4,0.6,6,10,2.5,0.25,200
"nt","model5","tl2.50_gl0.25_pr5.00_c200","gain_loss_trans",4,NA,0,0,2.5,0.25,200
"nt","model5","tl5.00_gl0.25_pr5.00_c200","tree_length",5,0,0,10,5,0.25,200
"nt","model5","tl5.00_gl0.25_pr5.00_c200","gain_loss_neo",4,0.6,6,10,5,0.25,200
"nt","model5","tl5.00_gl0.25_pr5.00_c200","gain_loss_trans",4,NA,0,0,5,0.25,200
"nt","model5","tl1.00_gl0.50_pr5.00_c200","tree_length",1,0,0,10,1,0.5,200
"nt","model5","tl1.00_gl0.50_pr5.00_c200","gain_loss_neo",2,0.7,7,10,1,0.5,200
"nt","model5","tl1.00_gl0.50_pr5.00_c200","gain_loss_trans",2,NA,0,0,1,0.5,200
"nt","model5","tl1.50_gl0.50_pr5.00_c200","tree_length",1.5,0,0,10,1.5,0.5,200
"nt","model5","tl1.50_gl0.50_pr5.00_c200","gain_loss_neo",2,0.7,7,10,1.5,0.5,200
"nt","model5","tl1.50_gl0.50_pr5.00_c200","gain_loss_trans",2,NA,0,0,1.5,0.5,200
"nt","model5","tl2.50_gl0.50_pr5.00_c200","tree_length",2.5,0,0,10,2.5,0.5,200
"nt","model5","tl2.50_gl0.50_pr5.00_c200","gain_loss_neo",2,0.8,8,10,2.5,0.5,200
"nt","model5","tl2.50_gl0.50_pr5.00_c200","gain_loss_trans",2,NA,0,0,2.5,0.5,200
"nt","model5","tl5.00_gl0.50_pr5.00_c200","tree_length",5,0.2,2,10,5,0.5,200
"nt","model5","tl5.00_gl0.50_pr5.00_c200","gain_loss_neo",2,0.6,6,10,5,0.5,200
"nt","model5","tl5.00_gl0.50_pr5.00_c200","gain_loss_trans",2,NA,0,0,5,0.5,200
"nt","model5","tl1.00_gl1.00_pr5.00_c200","tree_length",1,0,0,10,1,1,200
"nt","model5","tl1.00_gl1.00_pr5.00_c200","gain_loss_neo",1,0.9,9,10,1,1,200
"nt","model5","tl1.00_gl1.00_pr5.00_c200","gain_loss_trans",1,NA,0,0,1,1,200
"nt","model5","tl1.50_gl1.00_pr5.00_c200","tree_length",1.5,0,0,10,1.5,1,200
"nt","model5","tl1.50_gl1.00_pr5.00_c200","gain_loss_neo",1,1,10,10,1.5,1,200
"nt","model5","tl1.50_gl1.00_pr5.00_c200","gain_loss_trans",1,NA,0,0,1.5,1,200
"nt","model5","tl2.50_gl1.00_pr5.00_c200","tree_length",2.5,0,0,10,2.5,1,200
"nt","model5","tl2.50_gl1.00_pr5.00_c200","gain_loss_neo",1,0.9,9,10,2.5,1,200
"nt","model5","tl2.50_gl1.00_pr5.00_c200","gain_loss_trans",1,NA,0,0,2.5,1,200
"nt","model5","tl5.00_gl1.00_pr5.00_c200","tree_length",5,0.1,1,10,5,1,200
"nt","model5","tl5.00_gl1.00_pr5.00_c200","gain_loss_neo",1,0.9,9,10,5,1,200
"nt","model5","tl5.00_gl1.00_pr5.00_c200","gain_loss_trans",1,NA,0,0,5,1,200
"nt","model6","tl1.00_gl0.10_pr1.00_c25","tree_length",1,0.7,7,10,1,0.1,25
"nt","model6","tl1.00_gl0.10_pr1.00_c25","gain_loss_neo",10,NA,0,0,1,0.1,25
"nt","model6","tl1.00_gl0.10_pr1.00_c25","gain_loss_trans",10,NA,0,0,1,0.1,25
"nt","model6","tl1.50_gl0.10_pr1.00_c25","tree_length",1.5,1,10,10,1.5,0.1,25
"nt","model6","tl1.50_gl0.10_pr1.00_c25","gain_loss_neo",10,NA,0,0,1.5,0.1,25
"nt","model6","tl1.50_gl0.10_pr1.00_c25","gain_loss_trans",10,NA,0,0,1.5,0.1,25
"nt","model6","tl2.50_gl0.10_pr1.00_c25","tree_length",2.5,1,10,10,2.5,0.1,25
"nt","model6","tl2.50_gl0.10_pr1.00_c25","gain_loss_neo",10,NA,0,0,2.5,0.1,25
"nt","model6","tl2.50_gl0.10_pr1.00_c25","gain_loss_trans",10,NA,0,0,2.5,0.1,25
"nt","model6","tl5.00_gl0.10_pr1.00_c25","tree_length",5,0.2,2,10,5,0.1,25
"nt","model6","tl5.00_gl0.10_pr1.00_c25","gain_loss_neo",10,NA,0,0,5,0.1,25
"nt","model6","tl5.00_gl0.10_pr1.00_c25","gain_loss_trans",10,NA,0,0,5,0.1,25
"nt","model6","tl1.00_gl0.25_pr1.00_c25","tree_length",1,0.8,8,10,1,0.25,25
"nt","model6","tl1.00_gl0.25_pr1.00_c25","gain_loss_neo",4,NA,0,0,1,0.25,25
"nt","model6","tl1.00_gl0.25_pr1.00_c25","gain_loss_trans",4,NA,0,0,1,0.25,25
"nt","model6","tl1.50_gl0.25_pr1.00_c25","tree_length",1.5,0.9,9,10,1.5,0.25,25
"nt","model6","tl1.50_gl0.25_pr1.00_c25","gain_loss_neo",4,NA,0,0,1.5,0.25,25
"nt","model6","tl1.50_gl0.25_pr1.00_c25","gain_loss_trans",4,NA,0,0,1.5,0.25,25
"nt","model6","tl2.50_gl0.25_pr1.00_c25","tree_length",2.5,0.7,7,10,2.5,0.25,25
"nt","model6","tl2.50_gl0.25_pr1.00_c25","gain_loss_neo",4,NA,0,0,2.5,0.25,25
"nt","model6","tl2.50_gl0.25_pr1.00_c25","gain_loss_trans",4,NA,0,0,2.5,0.25,25
"nt","model6","tl5.00_gl0.25_pr1.00_c25","tree_length",5,0.9,9,10,5,0.25,25
"nt","model6","tl5.00_gl0.25_pr1.00_c25","gain_loss_neo",4,NA,0,0,5,0.25,25
"nt","model6","tl5.00_gl0.25_pr1.00_c25","gain_loss_trans",4,NA,0,0,5,0.25,25
"nt","model6","tl1.00_gl0.50_pr1.00_c25","tree_length",1,0.8,8,10,1,0.5,25
"nt","model6","tl1.00_gl0.50_pr1.00_c25","gain_loss_neo",2,NA,0,0,1,0.5,25
"nt","model6","tl1.00_gl0.50_pr1.00_c25","gain_loss_trans",2,NA,0,0,1,0.5,25
"nt","model6","tl1.50_gl0.50_pr1.00_c25","tree_length",1.5,0.8,8,10,1.5,0.5,25
"nt","model6","tl1.50_gl0.50_pr1.00_c25","gain_loss_neo",2,NA,0,0,1.5,0.5,25
"nt","model6","tl1.50_gl0.50_pr1.00_c25","gain_loss_trans",2,NA,0,0,1.5,0.5,25
"nt","model6","tl2.50_gl0.50_pr1.00_c25","tree_length",2.5,0.6,6,10,2.5,0.5,25
"nt","model6","tl2.50_gl0.50_pr1.00_c25","gain_loss_neo",2,NA,0,0,2.5,0.5,25
"nt","model6","tl2.50_gl0.50_pr1.00_c25","gain_loss_trans",2,NA,0,0,2.5,0.5,25
"nt","model6","tl5.00_gl0.50_pr1.00_c25","tree_length",5,0.8,8,10,5,0.5,25
"nt","model6","tl5.00_gl0.50_pr1.00_c25","gain_loss_neo",2,NA,0,0,5,0.5,25
"nt","model6","tl5.00_gl0.50_pr1.00_c25","gain_loss_trans",2,NA,0,0,5,0.5,25
"nt","model6","tl1.00_gl1.00_pr1.00_c25","tree_length",1,0.7,7,10,1,1,25
"nt","model6","tl1.00_gl1.00_pr1.00_c25","gain_loss_neo",1,NA,0,0,1,1,25
"nt","model6","tl1.00_gl1.00_pr1.00_c25","gain_loss_trans",1,NA,0,0,1,1,25
"nt","model6","tl1.50_gl1.00_pr1.00_c25","tree_length",1.5,0.8,8,10,1.5,1,25
"nt","model6","tl1.50_gl1.00_pr1.00_c25","gain_loss_neo",1,NA,0,0,1.5,1,25
"nt","model6","tl1.50_gl1.00_pr1.00_c25","gain_loss_trans",1,NA,0,0,1.5,1,25
"nt","model6","tl2.50_gl1.00_pr1.00_c25","tree_length",2.5,0.6,6,10,2.5,1,25
"nt","model6","tl2.50_gl1.00_pr1.00_c25","gain_loss_neo",1,NA,0,0,2.5,1,25
"nt","model6","tl2.50_gl1.00_pr1.00_c25","gain_loss_trans",1,NA,0,0,2.5,1,25
"nt","model6","tl5.00_gl1.00_pr1.00_c25","tree_length",5,0.8,8,10,5,1,25
"nt","model6","tl5.00_gl1.00_pr1.00_c25","gain_loss_neo",1,NA,0,0,5,1,25
"nt","model6","tl5.00_gl1.00_pr1.00_c25","gain_loss_trans",1,NA,0,0,5,1,25
"nt","model6","tl1.00_gl0.10_pr2.50_c25","tree_length",1,0.9,9,10,1,0.1,25
"nt","model6","tl1.00_gl0.10_pr2.50_c25","gain_loss_neo",10,NA,0,0,1,0.1,25
"nt","model6","tl1.00_gl0.10_pr2.50_c25","gain_loss_trans",10,NA,0,0,1,0.1,25
"nt","model6","tl1.50_gl0.10_pr2.50_c25","tree_length",1.5,0.9,9,10,1.5,0.1,25
"nt","model6","tl1.50_gl0.10_pr2.50_c25","gain_loss_neo",10,NA,0,0,1.5,0.1,25
"nt","model6","tl1.50_gl0.10_pr2.50_c25","gain_loss_trans",10,NA,0,0,1.5,0.1,25
"nt","model6","tl2.50_gl0.10_pr2.50_c25","tree_length",2.5,0.6,6,10,2.5,0.1,25
"nt","model6","tl2.50_gl0.10_pr2.50_c25","gain_loss_neo",10,NA,0,0,2.5,0.1,25
"nt","model6","tl2.50_gl0.10_pr2.50_c25","gain_loss_trans",10,NA,0,0,2.5,0.1,25
"nt","model6","tl5.00_gl0.10_pr2.50_c25","tree_length",5,0.1,1,10,5,0.1,25
"nt","model6","tl5.00_gl0.10_pr2.50_c25","gain_loss_neo",10,NA,0,0,5,0.1,25
"nt","model6","tl5.00_gl0.10_pr2.50_c25","gain_loss_trans",10,NA,0,0,5,0.1,25
"nt","model6","tl1.00_gl0.25_pr2.50_c25","tree_length",1,1,10,10,1,0.25,25
"nt","model6","tl1.00_gl0.25_pr2.50_c25","gain_loss_neo",4,NA,0,0,1,0.25,25
"nt","model6","tl1.00_gl0.25_pr2.50_c25","gain_loss_trans",4,NA,0,0,1,0.25,25
"nt","model6","tl1.50_gl0.25_pr2.50_c25","tree_length",1.5,0.9,9,10,1.5,0.25,25
"nt","model6","tl1.50_gl0.25_pr2.50_c25","gain_loss_neo",4,NA,0,0,1.5,0.25,25
"nt","model6","tl1.50_gl0.25_pr2.50_c25","gain_loss_trans",4,NA,0,0,1.5,0.25,25
"nt","model6","tl2.50_gl0.25_pr2.50_c25","tree_length",2.5,0.6,6,10,2.5,0.25,25
"nt","model6","tl2.50_gl0.25_pr2.50_c25","gain_loss_neo",4,NA,0,0,2.5,0.25,25
"nt","model6","tl2.50_gl0.25_pr2.50_c25","gain_loss_trans",4,NA,0,0,2.5,0.25,25
"nt","model6","tl5.00_gl0.25_pr2.50_c25","tree_length",5,0.5,5,10,5,0.25,25
"nt","model6","tl5.00_gl0.25_pr2.50_c25","gain_loss_neo",4,NA,0,0,5,0.25,25
"nt","model6","tl5.00_gl0.25_pr2.50_c25","gain_loss_trans",4,NA,0,0,5,0.25,25
"nt","model6","tl1.00_gl0.50_pr2.50_c25","tree_length",1,0.8,8,10,1,0.5,25
"nt","model6","tl1.00_gl0.50_pr2.50_c25","gain_loss_neo",2,NA,0,0,1,0.5,25
"nt","model6","tl1.00_gl0.50_pr2.50_c25","gain_loss_trans",2,NA,0,0,1,0.5,25
"nt","model6","tl1.50_gl0.50_pr2.50_c25","tree_length",1.5,0.8,8,10,1.5,0.5,25
"nt","model6","tl1.50_gl0.50_pr2.50_c25","gain_loss_neo",2,NA,0,0,1.5,0.5,25
"nt","model6","tl1.50_gl0.50_pr2.50_c25","gain_loss_trans",2,NA,0,0,1.5,0.5,25
"nt","model6","tl2.50_gl0.50_pr2.50_c25","tree_length",2.5,0.6,6,10,2.5,0.5,25
"nt","model6","tl2.50_gl0.50_pr2.50_c25","gain_loss_neo",2,NA,0,0,2.5,0.5,25
"nt","model6","tl2.50_gl0.50_pr2.50_c25","gain_loss_trans",2,NA,0,0,2.5,0.5,25
"nt","model6","tl5.00_gl0.50_pr2.50_c25","tree_length",5,0.3,3,10,5,0.5,25
"nt","model6","tl5.00_gl0.50_pr2.50_c25","gain_loss_neo",2,NA,0,0,5,0.5,25
"nt","model6","tl5.00_gl0.50_pr2.50_c25","gain_loss_trans",2,NA,0,0,5,0.5,25
"nt","model6","tl1.00_gl1.00_pr2.50_c25","tree_length",1,1,10,10,1,1,25
"nt","model6","tl1.00_gl1.00_pr2.50_c25","gain_loss_neo",1,NA,0,0,1,1,25
"nt","model6","tl1.00_gl1.00_pr2.50_c25","gain_loss_trans",1,NA,0,0,1,1,25
"nt","model6","tl1.50_gl1.00_pr2.50_c25","tree_length",1.5,0.8,8,10,1.5,1,25
"nt","model6","tl1.50_gl1.00_pr2.50_c25","gain_loss_neo",1,NA,0,0,1.5,1,25
"nt","model6","tl1.50_gl1.00_pr2.50_c25","gain_loss_trans",1,NA,0,0,1.5,1,25
"nt","model6","tl2.50_gl1.00_pr2.50_c25","tree_length",2.5,0.5,5,10,2.5,1,25
"nt","model6","tl2.50_gl1.00_pr2.50_c25","gain_loss_neo",1,NA,0,0,2.5,1,25
"nt","model6","tl2.50_gl1.00_pr2.50_c25","gain_loss_trans",1,NA,0,0,2.5,1,25
"nt","model6","tl5.00_gl1.00_pr2.50_c25","tree_length",5,0.4,4,10,5,1,25
"nt","model6","tl5.00_gl1.00_pr2.50_c25","gain_loss_neo",1,NA,0,0,5,1,25
"nt","model6","tl5.00_gl1.00_pr2.50_c25","gain_loss_trans",1,NA,0,0,5,1,25
"nt","model6","tl1.00_gl0.10_pr5.00_c25","tree_length",1,1,10,10,1,0.1,25
"nt","model6","tl1.00_gl0.10_pr5.00_c25","gain_loss_neo",10,NA,0,0,1,0.1,25
"nt","model6","tl1.00_gl0.10_pr5.00_c25","gain_loss_trans",10,NA,0,0,1,0.1,25
"nt","model6","tl1.50_gl0.10_pr5.00_c25","tree_length",1.5,0.9,9,10,1.5,0.1,25
"nt","model6","tl1.50_gl0.10_pr5.00_c25","gain_loss_neo",10,NA,0,0,1.5,0.1,25
"nt","model6","tl1.50_gl0.10_pr5.00_c25","gain_loss_trans",10,NA,0,0,1.5,0.1,25
"nt","model6","tl2.50_gl0.10_pr5.00_c25","tree_length",2.5,0.8,8,10,2.5,0.1,25
"nt","model6","tl2.50_gl0.10_pr5.00_c25","gain_loss_neo",10,NA,0,0,2.5,0.1,25
"nt","model6","tl2.50_gl0.10_pr5.00_c25","gain_loss_trans",10,NA,0,0,2.5,0.1,25
"nt","model6","tl5.00_gl0.10_pr5.00_c25","tree_length",5,0.2,2,10,5,0.1,25
"nt","model6","tl5.00_gl0.10_pr5.00_c25","gain_loss_neo",10,NA,0,0,5,0.1,25
"nt","model6","tl5.00_gl0.10_pr5.00_c25","gain_loss_trans",10,NA,0,0,5,0.1,25
"nt","model6","tl1.00_gl0.25_pr5.00_c25","tree_length",1,0.8,8,10,1,0.25,25
"nt","model6","tl1.00_gl0.25_pr5.00_c25","gain_loss_neo",4,NA,0,0,1,0.25,25
"nt","model6","tl1.00_gl0.25_pr5.00_c25","gain_loss_trans",4,NA,0,0,1,0.25,25
"nt","model6","tl1.50_gl0.25_pr5.00_c25","tree_length",1.5,1,10,10,1.5,0.25,25
"nt","model6","tl1.50_gl0.25_pr5.00_c25","gain_loss_neo",4,NA,0,0,1.5,0.25,25
"nt","model6","tl1.50_gl0.25_pr5.00_c25","gain_loss_trans",4,NA,0,0,1.5,0.25,25
"nt","model6","tl2.50_gl0.25_pr5.00_c25","tree_length",2.5,0.6,6,10,2.5,0.25,25
"nt","model6","tl2.50_gl0.25_pr5.00_c25","gain_loss_neo",4,NA,0,0,2.5,0.25,25
"nt","model6","tl2.50_gl0.25_pr5.00_c25","gain_loss_trans",4,NA,0,0,2.5,0.25,25
"nt","model6","tl5.00_gl0.25_pr5.00_c25","tree_length",5,0.3,3,10,5,0.25,25
"nt","model6","tl5.00_gl0.25_pr5.00_c25","gain_loss_neo",4,NA,0,0,5,0.25,25
"nt","model6","tl5.00_gl0.25_pr5.00_c25","gain_loss_trans",4,NA,0,0,5,0.25,25
"nt","model6","tl1.00_gl0.50_pr5.00_c25","tree_length",1,0.8,8,10,1,0.5,25
"nt","model6","tl1.00_gl0.50_pr5.00_c25","gain_loss_neo",2,NA,0,0,1,0.5,25
"nt","model6","tl1.00_gl0.50_pr5.00_c25","gain_loss_trans",2,NA,0,0,1,0.5,25
"nt","model6","tl1.50_gl0.50_pr5.00_c25","tree_length",1.5,0.9,9,10,1.5,0.5,25
"nt","model6","tl1.50_gl0.50_pr5.00_c25","gain_loss_neo",2,NA,0,0,1.5,0.5,25
"nt","model6","tl1.50_gl0.50_pr5.00_c25","gain_loss_trans",2,NA,0,0,1.5,0.5,25
"nt","model6","tl2.50_gl0.50_pr5.00_c25","tree_length",2.5,0.4,4,10,2.5,0.5,25
"nt","model6","tl2.50_gl0.50_pr5.00_c25","gain_loss_neo",2,NA,0,0,2.5,0.5,25
"nt","model6","tl2.50_gl0.50_pr5.00_c25","gain_loss_trans",2,NA,0,0,2.5,0.5,25
"nt","model6","tl5.00_gl0.50_pr5.00_c25","tree_length",5,0.2,2,10,5,0.5,25
"nt","model6","tl5.00_gl0.50_pr5.00_c25","gain_loss_neo",2,NA,0,0,5,0.5,25
"nt","model6","tl5.00_gl0.50_pr5.00_c25","gain_loss_trans",2,NA,0,0,5,0.5,25
"nt","model6","tl1.00_gl1.00_pr5.00_c25","tree_length",1,0.8,8,10,1,1,25
"nt","model6","tl1.00_gl1.00_pr5.00_c25","gain_loss_neo",1,NA,0,0,1,1,25
"nt","model6","tl1.00_gl1.00_pr5.00_c25","gain_loss_trans",1,NA,0,0,1,1,25
"nt","model6","tl1.50_gl1.00_pr5.00_c25","tree_length",1.5,0.8,8,10,1.5,1,25
"nt","model6","tl1.50_gl1.00_pr5.00_c25","gain_loss_neo",1,NA,0,0,1.5,1,25
"nt","model6","tl1.50_gl1.00_pr5.00_c25","gain_loss_trans",1,NA,0,0,1.5,1,25
"nt","model6","tl2.50_gl1.00_pr5.00_c25","tree_length",2.5,0.4,4,10,2.5,1,25
"nt","model6","tl2.50_gl1.00_pr5.00_c25","gain_loss_neo",1,NA,0,0,2.5,1,25
"nt","model6","tl2.50_gl1.00_pr5.00_c25","gain_loss_trans",1,NA,0,0,2.5,1,25
"nt","model6","tl5.00_gl1.00_pr5.00_c25","tree_length",5,0.4,4,10,5,1,25
"nt","model6","tl5.00_gl1.00_pr5.00_c25","gain_loss_neo",1,NA,0,0,5,1,25
"nt","model6","tl5.00_gl1.00_pr5.00_c25","gain_loss_trans",1,NA,0,0,5,1,25
"nt","model6","tl1.00_gl0.10_pr1.00_c50","tree_length",1,0.6,6,10,1,0.1,50
"nt","model6","tl1.00_gl0.10_pr1.00_c50","gain_loss_neo",10,NA,0,0,1,0.1,50
"nt","model6","tl1.00_gl0.10_pr1.00_c50","gain_loss_trans",10,NA,0,0,1,0.1,50
"nt","model6","tl1.50_gl0.10_pr1.00_c50","tree_length",1.5,0.7,7,10,1.5,0.1,50
"nt","model6","tl1.50_gl0.10_pr1.00_c50","gain_loss_neo",10,NA,0,0,1.5,0.1,50
"nt","model6","tl1.50_gl0.10_pr1.00_c50","gain_loss_trans",10,NA,0,0,1.5,0.1,50
"nt","model6","tl2.50_gl0.10_pr1.00_c50","tree_length",2.5,0.9,9,10,2.5,0.1,50
"nt","model6","tl2.50_gl0.10_pr1.00_c50","gain_loss_neo",10,NA,0,0,2.5,0.1,50
"nt","model6","tl2.50_gl0.10_pr1.00_c50","gain_loss_trans",10,NA,0,0,2.5,0.1,50
"nt","model6","tl5.00_gl0.10_pr1.00_c50","tree_length",5,0.2,2,10,5,0.1,50
"nt","model6","tl5.00_gl0.10_pr1.00_c50","gain_loss_neo",10,NA,0,0,5,0.1,50
"nt","model6","tl5.00_gl0.10_pr1.00_c50","gain_loss_trans",10,NA,0,0,5,0.1,50
"nt","model6","tl1.00_gl0.25_pr1.00_c50","tree_length",1,0.6,6,10,1,0.25,50
"nt","model6","tl1.00_gl0.25_pr1.00_c50","gain_loss_neo",4,NA,0,0,1,0.25,50
"nt","model6","tl1.00_gl0.25_pr1.00_c50","gain_loss_trans",4,NA,0,0,1,0.25,50
"nt","model6","tl1.50_gl0.25_pr1.00_c50","tree_length",1.5,0.6,6,10,1.5,0.25,50
"nt","model6","tl1.50_gl0.25_pr1.00_c50","gain_loss_neo",4,NA,0,0,1.5,0.25,50
"nt","model6","tl1.50_gl0.25_pr1.00_c50","gain_loss_trans",4,NA,0,0,1.5,0.25,50
"nt","model6","tl2.50_gl0.25_pr1.00_c50","tree_length",2.5,0.7,7,10,2.5,0.25,50
"nt","model6","tl2.50_gl0.25_pr1.00_c50","gain_loss_neo",4,NA,0,0,2.5,0.25,50
"nt","model6","tl2.50_gl0.25_pr1.00_c50","gain_loss_trans",4,NA,0,0,2.5,0.25,50
"nt","model6","tl5.00_gl0.25_pr1.00_c50","tree_length",5,0.9,9,10,5,0.25,50
"nt","model6","tl5.00_gl0.25_pr1.00_c50","gain_loss_neo",4,NA,0,0,5,0.25,50
"nt","model6","tl5.00_gl0.25_pr1.00_c50","gain_loss_trans",4,NA,0,0,5,0.25,50
"nt","model6","tl1.00_gl0.50_pr1.00_c50","tree_length",1,0.8,8,10,1,0.5,50
"nt","model6","tl1.00_gl0.50_pr1.00_c50","gain_loss_neo",2,NA,0,0,1,0.5,50
"nt","model6","tl1.00_gl0.50_pr1.00_c50","gain_loss_trans",2,NA,0,0,1,0.5,50
"nt","model6","tl1.50_gl0.50_pr1.00_c50","tree_length",1.5,0.8,8,10,1.5,0.5,50
"nt","model6","tl1.50_gl0.50_pr1.00_c50","gain_loss_neo",2,NA,0,0,1.5,0.5,50
"nt","model6","tl1.50_gl0.50_pr1.00_c50","gain_loss_trans",2,NA,0,0,1.5,0.5,50
"nt","model6","tl2.50_gl0.50_pr1.00_c50","tree_length",2.5,0.6,6,10,2.5,0.5,50
"nt","model6","tl2.50_gl0.50_pr1.00_c50","gain_loss_neo",2,NA,0,0,2.5,0.5,50
"nt","model6","tl2.50_gl0.50_pr1.00_c50","gain_loss_trans",2,NA,0,0,2.5,0.5,50
"nt","model6","tl5.00_gl0.50_pr1.00_c50","tree_length",5,0.7,7,10,5,0.5,50
"nt","model6","tl5.00_gl0.50_pr1.00_c50","gain_loss_neo",2,NA,0,0,5,0.5,50
"nt","model6","tl5.00_gl0.50_pr1.00_c50","gain_loss_trans",2,NA,0,0,5,0.5,50
"nt","model6","tl1.00_gl1.00_pr1.00_c50","tree_length",1,0.8,8,10,1,1,50
"nt","model6","tl1.00_gl1.00_pr1.00_c50","gain_loss_neo",1,NA,0,0,1,1,50
"nt","model6","tl1.00_gl1.00_pr1.00_c50","gain_loss_trans",1,NA,0,0,1,1,50
"nt","model6","tl1.50_gl1.00_pr1.00_c50","tree_length",1.5,0.6,6,10,1.5,1,50
"nt","model6","tl1.50_gl1.00_pr1.00_c50","gain_loss_neo",1,NA,0,0,1.5,1,50
"nt","model6","tl1.50_gl1.00_pr1.00_c50","gain_loss_trans",1,NA,0,0,1.5,1,50
"nt","model6","tl2.50_gl1.00_pr1.00_c50","tree_length",2.5,0.6,6,10,2.5,1,50
"nt","model6","tl2.50_gl1.00_pr1.00_c50","gain_loss_neo",1,NA,0,0,2.5,1,50
"nt","model6","tl2.50_gl1.00_pr1.00_c50","gain_loss_trans",1,NA,0,0,2.5,1,50
"nt","model6","tl5.00_gl1.00_pr1.00_c50","tree_length",5,0.6,6,10,5,1,50
"nt","model6","tl5.00_gl1.00_pr1.00_c50","gain_loss_neo",1,NA,0,0,5,1,50
"nt","model6","tl5.00_gl1.00_pr1.00_c50","gain_loss_trans",1,NA,0,0,5,1,50
"nt","model6","tl1.00_gl0.10_pr2.50_c50","tree_length",1,0.9,9,10,1,0.1,50
"nt","model6","tl1.00_gl0.10_pr2.50_c50","gain_loss_neo",10,NA,0,0,1,0.1,50
"nt","model6","tl1.00_gl0.10_pr2.50_c50","gain_loss_trans",10,NA,0,0,1,0.1,50
"nt","model6","tl1.50_gl0.10_pr2.50_c50","tree_length",1.5,0.9,9,10,1.5,0.1,50
"nt","model6","tl1.50_gl0.10_pr2.50_c50","gain_loss_neo",10,NA,0,0,1.5,0.1,50
"nt","model6","tl1.50_gl0.10_pr2.50_c50","gain_loss_trans",10,NA,0,0,1.5,0.1,50
"nt","model6","tl2.50_gl0.10_pr2.50_c50","tree_length",2.5,0.7,7,10,2.5,0.1,50
"nt","model6","tl2.50_gl0.10_pr2.50_c50","gain_loss_neo",10,NA,0,0,2.5,0.1,50
"nt","model6","tl2.50_gl0.10_pr2.50_c50","gain_loss_trans",10,NA,0,0,2.5,0.1,50
"nt","model6","tl5.00_gl0.10_pr2.50_c50","tree_length",5,0.1,1,10,5,0.1,50
"nt","model6","tl5.00_gl0.10_pr2.50_c50","gain_loss_neo",10,NA,0,0,5,0.1,50
"nt","model6","tl5.00_gl0.10_pr2.50_c50","gain_loss_trans",10,NA,0,0,5,0.1,50
"nt","model6","tl1.00_gl0.25_pr2.50_c50","tree_length",1,0.8,8,10,1,0.25,50
"nt","model6","tl1.00_gl0.25_pr2.50_c50","gain_loss_neo",4,NA,0,0,1,0.25,50
"nt","model6","tl1.00_gl0.25_pr2.50_c50","gain_loss_trans",4,NA,0,0,1,0.25,50
"nt","model6","tl1.50_gl0.25_pr2.50_c50","tree_length",1.5,0.7,7,10,1.5,0.25,50
"nt","model6","tl1.50_gl0.25_pr2.50_c50","gain_loss_neo",4,NA,0,0,1.5,0.25,50
"nt","model6","tl1.50_gl0.25_pr2.50_c50","gain_loss_trans",4,NA,0,0,1.5,0.25,50
"nt","model6","tl2.50_gl0.25_pr2.50_c50","tree_length",2.5,0.6,6,10,2.5,0.25,50
"nt","model6","tl2.50_gl0.25_pr2.50_c50","gain_loss_neo",4,NA,0,0,2.5,0.25,50
"nt","model6","tl2.50_gl0.25_pr2.50_c50","gain_loss_trans",4,NA,0,0,2.5,0.25,50
"nt","model6","tl5.00_gl0.25_pr2.50_c50","tree_length",5,0.4,4,10,5,0.25,50
"nt","model6","tl5.00_gl0.25_pr2.50_c50","gain_loss_neo",4,NA,0,0,5,0.25,50
"nt","model6","tl5.00_gl0.25_pr2.50_c50","gain_loss_trans",4,NA,0,0,5,0.25,50
"nt","model6","tl1.00_gl0.50_pr2.50_c50","tree_length",1,0.8,8,10,1,0.5,50
"nt","model6","tl1.00_gl0.50_pr2.50_c50","gain_loss_neo",2,NA,0,0,1,0.5,50
"nt","model6","tl1.00_gl0.50_pr2.50_c50","gain_loss_trans",2,NA,0,0,1,0.5,50
"nt","model6","tl1.50_gl0.50_pr2.50_c50","tree_length",1.5,0.5,5,10,1.5,0.5,50
"nt","model6","tl1.50_gl0.50_pr2.50_c50","gain_loss_neo",2,NA,0,0,1.5,0.5,50
"nt","model6","tl1.50_gl0.50_pr2.50_c50","gain_loss_trans",2,NA,0,0,1.5,0.5,50
"nt","model6","tl2.50_gl0.50_pr2.50_c50","tree_length",2.5,0.4,4,10,2.5,0.5,50
"nt","model6","tl2.50_gl0.50_pr2.50_c50","gain_loss_neo",2,NA,0,0,2.5,0.5,50
"nt","model6","tl2.50_gl0.50_pr2.50_c50","gain_loss_trans",2,NA,0,0,2.5,0.5,50
"nt","model6","tl5.00_gl0.50_pr2.50_c50","tree_length",5,0.6,6,10,5,0.5,50
"nt","model6","tl5.00_gl0.50_pr2.50_c50","gain_loss_neo",2,NA,0,0,5,0.5,50
"nt","model6","tl5.00_gl0.50_pr2.50_c50","gain_loss_trans",2,NA,0,0,5,0.5,50
"nt","model6","tl1.00_gl1.00_pr2.50_c50","tree_length",1,0.8,8,10,1,1,50
"nt","model6","tl1.00_gl1.00_pr2.50_c50","gain_loss_neo",1,NA,0,0,1,1,50
"nt","model6","tl1.00_gl1.00_pr2.50_c50","gain_loss_trans",1,NA,0,0,1,1,50
"nt","model6","tl1.50_gl1.00_pr2.50_c50","tree_length",1.5,0.5,5,10,1.5,1,50
"nt","model6","tl1.50_gl1.00_pr2.50_c50","gain_loss_neo",1,NA,0,0,1.5,1,50
"nt","model6","tl1.50_gl1.00_pr2.50_c50","gain_loss_trans",1,NA,0,0,1.5,1,50
"nt","model6","tl2.50_gl1.00_pr2.50_c50","tree_length",2.5,0.3,3,10,2.5,1,50
"nt","model6","tl2.50_gl1.00_pr2.50_c50","gain_loss_neo",1,NA,0,0,2.5,1,50
"nt","model6","tl2.50_gl1.00_pr2.50_c50","gain_loss_trans",1,NA,0,0,2.5,1,50
"nt","model6","tl5.00_gl1.00_pr2.50_c50","tree_length",5,0.3,3,10,5,1,50
"nt","model6","tl5.00_gl1.00_pr2.50_c50","gain_loss_neo",1,NA,0,0,5,1,50
"nt","model6","tl5.00_gl1.00_pr2.50_c50","gain_loss_trans",1,NA,0,0,5,1,50
"nt","model6","tl1.00_gl0.10_pr5.00_c50","tree_length",1,0.7,7,10,1,0.1,50
"nt","model6","tl1.00_gl0.10_pr5.00_c50","gain_loss_neo",10,NA,0,0,1,0.1,50
"nt","model6","tl1.00_gl0.10_pr5.00_c50","gain_loss_trans",10,NA,0,0,1,0.1,50
"nt","model6","tl1.50_gl0.10_pr5.00_c50","tree_length",1.5,0.7,7,10,1.5,0.1,50
"nt","model6","tl1.50_gl0.10_pr5.00_c50","gain_loss_neo",10,NA,0,0,1.5,0.1,50
"nt","model6","tl1.50_gl0.10_pr5.00_c50","gain_loss_trans",10,NA,0,0,1.5,0.1,50
"nt","model6","tl2.50_gl0.10_pr5.00_c50","tree_length",2.5,0.6,6,10,2.5,0.1,50
"nt","model6","tl2.50_gl0.10_pr5.00_c50","gain_loss_neo",10,NA,0,0,2.5,0.1,50
"nt","model6","tl2.50_gl0.10_pr5.00_c50","gain_loss_trans",10,NA,0,0,2.5,0.1,50
"nt","model6","tl5.00_gl0.10_pr5.00_c50","tree_length",5,0.1,1,10,5,0.1,50
"nt","model6","tl5.00_gl0.10_pr5.00_c50","gain_loss_neo",10,NA,0,0,5,0.1,50
"nt","model6","tl5.00_gl0.10_pr5.00_c50","gain_loss_trans",10,NA,0,0,5,0.1,50
"nt","model6","tl1.00_gl0.25_pr5.00_c50","tree_length",1,0.7,7,10,1,0.25,50
"nt","model6","tl1.00_gl0.25_pr5.00_c50","gain_loss_neo",4,NA,0,0,1,0.25,50
"nt","model6","tl1.00_gl0.25_pr5.00_c50","gain_loss_trans",4,NA,0,0,1,0.25,50
"nt","model6","tl1.50_gl0.25_pr5.00_c50","tree_length",1.5,0.6,6,10,1.5,0.25,50
"nt","model6","tl1.50_gl0.25_pr5.00_c50","gain_loss_neo",4,NA,0,0,1.5,0.25,50
"nt","model6","tl1.50_gl0.25_pr5.00_c50","gain_loss_trans",4,NA,0,0,1.5,0.25,50
"nt","model6","tl2.50_gl0.25_pr5.00_c50","tree_length",2.5,0.1,1,10,2.5,0.25,50
"nt","model6","tl2.50_gl0.25_pr5.00_c50","gain_loss_neo",4,NA,0,0,2.5,0.25,50
"nt","model6","tl2.50_gl0.25_pr5.00_c50","gain_loss_trans",4,NA,0,0,2.5,0.25,50
"nt","model6","tl5.00_gl0.25_pr5.00_c50","tree_length",5,0.2,2,10,5,0.25,50
"nt","model6","tl5.00_gl0.25_pr5.00_c50","gain_loss_neo",4,NA,0,0,5,0.25,50
"nt","model6","tl5.00_gl0.25_pr5.00_c50","gain_loss_trans",4,NA,0,0,5,0.25,50
"nt","model6","tl1.00_gl0.50_pr5.00_c50","tree_length",1,0.9,9,10,1,0.5,50
"nt","model6","tl1.00_gl0.50_pr5.00_c50","gain_loss_neo",2,NA,0,0,1,0.5,50
"nt","model6","tl1.00_gl0.50_pr5.00_c50","gain_loss_trans",2,NA,0,0,1,0.5,50
"nt","model6","tl1.50_gl0.50_pr5.00_c50","tree_length",1.5,0.4,4,10,1.5,0.5,50
"nt","model6","tl1.50_gl0.50_pr5.00_c50","gain_loss_neo",2,NA,0,0,1.5,0.5,50
"nt","model6","tl1.50_gl0.50_pr5.00_c50","gain_loss_trans",2,NA,0,0,1.5,0.5,50
"nt","model6","tl2.50_gl0.50_pr5.00_c50","tree_length",2.5,0.2,2,10,2.5,0.5,50
"nt","model6","tl2.50_gl0.50_pr5.00_c50","gain_loss_neo",2,NA,0,0,2.5,0.5,50
"nt","model6","tl2.50_gl0.50_pr5.00_c50","gain_loss_trans",2,NA,0,0,2.5,0.5,50
"nt","model6","tl5.00_gl0.50_pr5.00_c50","tree_length",5,0.4,4,10,5,0.5,50
"nt","model6","tl5.00_gl0.50_pr5.00_c50","gain_loss_neo",2,NA,0,0,5,0.5,50
"nt","model6","tl5.00_gl0.50_pr5.00_c50","gain_loss_trans",2,NA,0,0,5,0.5,50
"nt","model6","tl1.00_gl1.00_pr5.00_c50","tree_length",1,0.9,9,10,1,1,50
"nt","model6","tl1.00_gl1.00_pr5.00_c50","gain_loss_neo",1,NA,0,0,1,1,50
"nt","model6","tl1.00_gl1.00_pr5.00_c50","gain_loss_trans",1,NA,0,0,1,1,50
"nt","model6","tl1.50_gl1.00_pr5.00_c50","tree_length",1.5,0.5,5,10,1.5,1,50
"nt","model6","tl1.50_gl1.00_pr5.00_c50","gain_loss_neo",1,NA,0,0,1.5,1,50
"nt","model6","tl1.50_gl1.00_pr5.00_c50","gain_loss_trans",1,NA,0,0,1.5,1,50
"nt","model6","tl2.50_gl1.00_pr5.00_c50","tree_length",2.5,0.4,4,10,2.5,1,50
"nt","model6","tl2.50_gl1.00_pr5.00_c50","gain_loss_neo",1,NA,0,0,2.5,1,50
"nt","model6","tl2.50_gl1.00_pr5.00_c50","gain_loss_trans",1,NA,0,0,2.5,1,50
"nt","model6","tl5.00_gl1.00_pr5.00_c50","tree_length",5,0.3,3,10,5,1,50
"nt","model6","tl5.00_gl1.00_pr5.00_c50","gain_loss_neo",1,NA,0,0,5,1,50
"nt","model6","tl5.00_gl1.00_pr5.00_c50","gain_loss_trans",1,NA,0,0,5,1,50
"nt","model6","tl1.00_gl0.10_pr1.00_c100","tree_length",1,0.2,2,10,1,0.1,100
"nt","model6","tl1.00_gl0.10_pr1.00_c100","gain_loss_neo",10,NA,0,0,1,0.1,100
"nt","model6","tl1.00_gl0.10_pr1.00_c100","gain_loss_trans",10,NA,0,0,1,0.1,100
"nt","model6","tl1.50_gl0.10_pr1.00_c100","tree_length",1.5,0.6,6,10,1.5,0.1,100
"nt","model6","tl1.50_gl0.10_pr1.00_c100","gain_loss_neo",10,NA,0,0,1.5,0.1,100
"nt","model6","tl1.50_gl0.10_pr1.00_c100","gain_loss_trans",10,NA,0,0,1.5,0.1,100
"nt","model6","tl2.50_gl0.10_pr1.00_c100","tree_length",2.5,0.7,7,10,2.5,0.1,100
"nt","model6","tl2.50_gl0.10_pr1.00_c100","gain_loss_neo",10,NA,0,0,2.5,0.1,100
"nt","model6","tl2.50_gl0.10_pr1.00_c100","gain_loss_trans",10,NA,0,0,2.5,0.1,100
"nt","model6","tl5.00_gl0.10_pr1.00_c100","tree_length",5,0.2,2,10,5,0.1,100
"nt","model6","tl5.00_gl0.10_pr1.00_c100","gain_loss_neo",10,NA,0,0,5,0.1,100
"nt","model6","tl5.00_gl0.10_pr1.00_c100","gain_loss_trans",10,NA,0,0,5,0.1,100
"nt","model6","tl1.00_gl0.25_pr1.00_c100","tree_length",1,0.6,6,10,1,0.25,100
"nt","model6","tl1.00_gl0.25_pr1.00_c100","gain_loss_neo",4,NA,0,0,1,0.25,100
"nt","model6","tl1.00_gl0.25_pr1.00_c100","gain_loss_trans",4,NA,0,0,1,0.25,100
"nt","model6","tl1.50_gl0.25_pr1.00_c100","tree_length",1.5,0.5,5,10,1.5,0.25,100
"nt","model6","tl1.50_gl0.25_pr1.00_c100","gain_loss_neo",4,NA,0,0,1.5,0.25,100
"nt","model6","tl1.50_gl0.25_pr1.00_c100","gain_loss_trans",4,NA,0,0,1.5,0.25,100
"nt","model6","tl2.50_gl0.25_pr1.00_c100","tree_length",2.5,0.5,5,10,2.5,0.25,100
"nt","model6","tl2.50_gl0.25_pr1.00_c100","gain_loss_neo",4,NA,0,0,2.5,0.25,100
"nt","model6","tl2.50_gl0.25_pr1.00_c100","gain_loss_trans",4,NA,0,0,2.5,0.25,100
"nt","model6","tl5.00_gl0.25_pr1.00_c100","tree_length",5,0.7,7,10,5,0.25,100
"nt","model6","tl5.00_gl0.25_pr1.00_c100","gain_loss_neo",4,NA,0,0,5,0.25,100
"nt","model6","tl5.00_gl0.25_pr1.00_c100","gain_loss_trans",4,NA,0,0,5,0.25,100
"nt","model6","tl1.00_gl0.50_pr1.00_c100","tree_length",1,0.777777777777778,7,9,1,0.5,100
"nt","model6","tl1.00_gl0.50_pr1.00_c100","gain_loss_neo",2,NA,0,0,1,0.5,100
"nt","model6","tl1.00_gl0.50_pr1.00_c100","gain_loss_trans",2,NA,0,0,1,0.5,100
"nt","model6","tl1.50_gl0.50_pr1.00_c100","tree_length",1.5,0.5,5,10,1.5,0.5,100
"nt","model6","tl1.50_gl0.50_pr1.00_c100","gain_loss_neo",2,NA,0,0,1.5,0.5,100
"nt","model6","tl1.50_gl0.50_pr1.00_c100","gain_loss_trans",2,NA,0,0,1.5,0.5,100
"nt","model6","tl2.50_gl0.50_pr1.00_c100","tree_length",2.5,0.5,5,10,2.5,0.5,100
"nt","model6","tl2.50_gl0.50_pr1.00_c100","gain_loss_neo",2,NA,0,0,2.5,0.5,100
"nt","model6","tl2.50_gl0.50_pr1.00_c100","gain_loss_trans",2,NA,0,0,2.5,0.5,100
"nt","model6","tl5.00_gl0.50_pr1.00_c100","tree_length",5,0.4,4,10,5,0.5,100
"nt","model6","tl5.00_gl0.50_pr1.00_c100","gain_loss_neo",2,NA,0,0,5,0.5,100
"nt","model6","tl5.00_gl0.50_pr1.00_c100","gain_loss_trans",2,NA,0,0,5,0.5,100
"nt","model6","tl1.00_gl1.00_pr1.00_c100","tree_length",1,0.6,6,10,1,1,100
"nt","model6","tl1.00_gl1.00_pr1.00_c100","gain_loss_neo",1,NA,0,0,1,1,100
"nt","model6","tl1.00_gl1.00_pr1.00_c100","gain_loss_trans",1,NA,0,0,1,1,100
"nt","model6","tl1.50_gl1.00_pr1.00_c100","tree_length",1.5,0.5,5,10,1.5,1,100
"nt","model6","tl1.50_gl1.00_pr1.00_c100","gain_loss_neo",1,NA,0,0,1.5,1,100
"nt","model6","tl1.50_gl1.00_pr1.00_c100","gain_loss_trans",1,NA,0,0,1.5,1,100
"nt","model6","tl2.50_gl1.00_pr1.00_c100","tree_length",2.5,0.5,5,10,2.5,1,100
"nt","model6","tl2.50_gl1.00_pr1.00_c100","gain_loss_neo",1,NA,0,0,2.5,1,100
"nt","model6","tl2.50_gl1.00_pr1.00_c100","gain_loss_trans",1,NA,0,0,2.5,1,100
"nt","model6","tl5.00_gl1.00_pr1.00_c100","tree_length",5,0.7,7,10,5,1,100
"nt","model6","tl5.00_gl1.00_pr1.00_c100","gain_loss_neo",1,NA,0,0,5,1,100
"nt","model6","tl5.00_gl1.00_pr1.00_c100","gain_loss_trans",1,NA,0,0,5,1,100
"nt","model6","tl1.00_gl0.10_pr2.50_c100","tree_length",1,0.7,7,10,1,0.1,100
"nt","model6","tl1.00_gl0.10_pr2.50_c100","gain_loss_neo",10,NA,0,0,1,0.1,100
"nt","model6","tl1.00_gl0.10_pr2.50_c100","gain_loss_trans",10,NA,0,0,1,0.1,100
"nt","model6","tl1.50_gl0.10_pr2.50_c100","tree_length",1.5,0.6,6,10,1.5,0.1,100
"nt","model6","tl1.50_gl0.10_pr2.50_c100","gain_loss_neo",10,NA,0,0,1.5,0.1,100
"nt","model6","tl1.50_gl0.10_pr2.50_c100","gain_loss_trans",10,NA,0,0,1.5,0.1,100
"nt","model6","tl2.50_gl0.10_pr2.50_c100","tree_length",2.5,0.7,7,10,2.5,0.1,100
"nt","model6","tl2.50_gl0.10_pr2.50_c100","gain_loss_neo",10,NA,0,0,2.5,0.1,100
"nt","model6","tl2.50_gl0.10_pr2.50_c100","gain_loss_trans",10,NA,0,0,2.5,0.1,100
"nt","model6","tl5.00_gl0.10_pr2.50_c100","tree_length",5,0,0,10,5,0.1,100
"nt","model6","tl5.00_gl0.10_pr2.50_c100","gain_loss_neo",10,NA,0,0,5,0.1,100
"nt","model6","tl5.00_gl0.10_pr2.50_c100","gain_loss_trans",10,NA,0,0,5,0.1,100
"nt","model6","tl1.00_gl0.25_pr2.50_c100","tree_length",1,0.8,8,10,1,0.25,100
"nt","model6","tl1.00_gl0.25_pr2.50_c100","gain_loss_neo",4,NA,0,0,1,0.25,100
"nt","model6","tl1.00_gl0.25_pr2.50_c100","gain_loss_trans",4,NA,0,0,1,0.25,100
"nt","model6","tl1.50_gl0.25_pr2.50_c100","tree_length",1.5,0.6,6,10,1.5,0.25,100
"nt","model6","tl1.50_gl0.25_pr2.50_c100","gain_loss_neo",4,NA,0,0,1.5,0.25,100
"nt","model6","tl1.50_gl0.25_pr2.50_c100","gain_loss_trans",4,NA,0,0,1.5,0.25,100
"nt","model6","tl2.50_gl0.25_pr2.50_c100","tree_length",2.5,0.1,1,10,2.5,0.25,100
"nt","model6","tl2.50_gl0.25_pr2.50_c100","gain_loss_neo",4,NA,0,0,2.5,0.25,100
"nt","model6","tl2.50_gl0.25_pr2.50_c100","gain_loss_trans",4,NA,0,0,2.5,0.25,100
"nt","model6","tl5.00_gl0.25_pr2.50_c100","tree_length",5,0.2,2,10,5,0.25,100
"nt","model6","tl5.00_gl0.25_pr2.50_c100","gain_loss_neo",4,NA,0,0,5,0.25,100
"nt","model6","tl5.00_gl0.25_pr2.50_c100","gain_loss_trans",4,NA,0,0,5,0.25,100
"nt","model6","tl1.00_gl0.50_pr2.50_c100","tree_length",1,0.6,6,10,1,0.5,100
"nt","model6","tl1.00_gl0.50_pr2.50_c100","gain_loss_neo",2,NA,0,0,1,0.5,100
"nt","model6","tl1.00_gl0.50_pr2.50_c100","gain_loss_trans",2,NA,0,0,1,0.5,100
"nt","model6","tl1.50_gl0.50_pr2.50_c100","tree_length",1.5,0.6,6,10,1.5,0.5,100
"nt","model6","tl1.50_gl0.50_pr2.50_c100","gain_loss_neo",2,NA,0,0,1.5,0.5,100
"nt","model6","tl1.50_gl0.50_pr2.50_c100","gain_loss_trans",2,NA,0,0,1.5,0.5,100
"nt","model6","tl2.50_gl0.50_pr2.50_c100","tree_length",2.5,0.3,3,10,2.5,0.5,100
"nt","model6","tl2.50_gl0.50_pr2.50_c100","gain_loss_neo",2,NA,0,0,2.5,0.5,100
"nt","model6","tl2.50_gl0.50_pr2.50_c100","gain_loss_trans",2,NA,0,0,2.5,0.5,100
"nt","model6","tl5.00_gl0.50_pr2.50_c100","tree_length",5,0.2,2,10,5,0.5,100
"nt","model6","tl5.00_gl0.50_pr2.50_c100","gain_loss_neo",2,NA,0,0,5,0.5,100
"nt","model6","tl5.00_gl0.50_pr2.50_c100","gain_loss_trans",2,NA,0,0,5,0.5,100
"nt","model6","tl1.00_gl1.00_pr2.50_c100","tree_length",1,0.8,8,10,1,1,100
"nt","model6","tl1.00_gl1.00_pr2.50_c100","gain_loss_neo",1,NA,0,0,1,1,100
"nt","model6","tl1.00_gl1.00_pr2.50_c100","gain_loss_trans",1,NA,0,0,1,1,100
"nt","model6","tl1.50_gl1.00_pr2.50_c100","tree_length",1.5,0.3,3,10,1.5,1,100
"nt","model6","tl1.50_gl1.00_pr2.50_c100","gain_loss_neo",1,NA,0,0,1.5,1,100
"nt","model6","tl1.50_gl1.00_pr2.50_c100","gain_loss_trans",1,NA,0,0,1.5,1,100
"nt","model6","tl2.50_gl1.00_pr2.50_c100","tree_length",2.5,0.5,5,10,2.5,1,100
"nt","model6","tl2.50_gl1.00_pr2.50_c100","gain_loss_neo",1,NA,0,0,2.5,1,100
"nt","model6","tl2.50_gl1.00_pr2.50_c100","gain_loss_trans",1,NA,0,0,2.5,1,100
"nt","model6","tl5.00_gl1.00_pr2.50_c100","tree_length",5,0.3,3,10,5,1,100
"nt","model6","tl5.00_gl1.00_pr2.50_c100","gain_loss_neo",1,NA,0,0,5,1,100
"nt","model6","tl5.00_gl1.00_pr2.50_c100","gain_loss_trans",1,NA,0,0,5,1,100
"nt","model6","tl1.00_gl0.10_pr5.00_c100","tree_length",1,0.9,9,10,1,0.1,100
"nt","model6","tl1.00_gl0.10_pr5.00_c100","gain_loss_neo",10,NA,0,0,1,0.1,100
"nt","model6","tl1.00_gl0.10_pr5.00_c100","gain_loss_trans",10,NA,0,0,1,0.1,100
"nt","model6","tl1.50_gl0.10_pr5.00_c100","tree_length",1.5,0.8,8,10,1.5,0.1,100
"nt","model6","tl1.50_gl0.10_pr5.00_c100","gain_loss_neo",10,NA,0,0,1.5,0.1,100
"nt","model6","tl1.50_gl0.10_pr5.00_c100","gain_loss_trans",10,NA,0,0,1.5,0.1,100
"nt","model6","tl2.50_gl0.10_pr5.00_c100","tree_length",2.5,0.7,7,10,2.5,0.1,100
"nt","model6","tl2.50_gl0.10_pr5.00_c100","gain_loss_neo",10,NA,0,0,2.5,0.1,100
"nt","model6","tl2.50_gl0.10_pr5.00_c100","gain_loss_trans",10,NA,0,0,2.5,0.1,100
"nt","model6","tl5.00_gl0.10_pr5.00_c100","tree_length",5,0,0,10,5,0.1,100
"nt","model6","tl5.00_gl0.10_pr5.00_c100","gain_loss_neo",10,NA,0,0,5,0.1,100
"nt","model6","tl5.00_gl0.10_pr5.00_c100","gain_loss_trans",10,NA,0,0,5,0.1,100
"nt","model6","tl1.00_gl0.25_pr5.00_c100","tree_length",1,0.7,7,10,1,0.25,100
"nt","model6","tl1.00_gl0.25_pr5.00_c100","gain_loss_neo",4,NA,0,0,1,0.25,100
"nt","model6","tl1.00_gl0.25_pr5.00_c100","gain_loss_trans",4,NA,0,0,1,0.25,100
"nt","model6","tl1.50_gl0.25_pr5.00_c100","tree_length",1.5,0.3,3,10,1.5,0.25,100
"nt","model6","tl1.50_gl0.25_pr5.00_c100","gain_loss_neo",4,NA,0,0,1.5,0.25,100
"nt","model6","tl1.50_gl0.25_pr5.00_c100","gain_loss_trans",4,NA,0,0,1.5,0.25,100
"nt","model6","tl2.50_gl0.25_pr5.00_c100","tree_length",2.5,0.2,2,10,2.5,0.25,100
"nt","model6","tl2.50_gl0.25_pr5.00_c100","gain_loss_neo",4,NA,0,0,2.5,0.25,100
"nt","model6","tl2.50_gl0.25_pr5.00_c100","gain_loss_trans",4,NA,0,0,2.5,0.25,100
"nt","model6","tl5.00_gl0.25_pr5.00_c100","tree_length",5,0.1,1,10,5,0.25,100
"nt","model6","tl5.00_gl0.25_pr5.00_c100","gain_loss_neo",4,NA,0,0,5,0.25,100
"nt","model6","tl5.00_gl0.25_pr5.00_c100","gain_loss_trans",4,NA,0,0,5,0.25,100
"nt","model6","tl1.00_gl0.50_pr5.00_c100","tree_length",1,0.7,7,10,1,0.5,100
"nt","model6","tl1.00_gl0.50_pr5.00_c100","gain_loss_neo",2,NA,0,0,1,0.5,100
"nt","model6","tl1.00_gl0.50_pr5.00_c100","gain_loss_trans",2,NA,0,0,1,0.5,100
"nt","model6","tl1.50_gl0.50_pr5.00_c100","tree_length",1.5,0.2,2,10,1.5,0.5,100
"nt","model6","tl1.50_gl0.50_pr5.00_c100","gain_loss_neo",2,NA,0,0,1.5,0.5,100
"nt","model6","tl1.50_gl0.50_pr5.00_c100","gain_loss_trans",2,NA,0,0,1.5,0.5,100
"nt","model6","tl2.50_gl0.50_pr5.00_c100","tree_length",2.5,0.1,1,10,2.5,0.5,100
"nt","model6","tl2.50_gl0.50_pr5.00_c100","gain_loss_neo",2,NA,0,0,2.5,0.5,100
"nt","model6","tl2.50_gl0.50_pr5.00_c100","gain_loss_trans",2,NA,0,0,2.5,0.5,100
"nt","model6","tl5.00_gl0.50_pr5.00_c100","tree_length",5,0,0,10,5,0.5,100
"nt","model6","tl5.00_gl0.50_pr5.00_c100","gain_loss_neo",2,NA,0,0,5,0.5,100
"nt","model6","tl5.00_gl0.50_pr5.00_c100","gain_loss_trans",2,NA,0,0,5,0.5,100
"nt","model6","tl1.00_gl1.00_pr5.00_c100","tree_length",1,0.6,6,10,1,1,100
"nt","model6","tl1.00_gl1.00_pr5.00_c100","gain_loss_neo",1,NA,0,0,1,1,100
"nt","model6","tl1.00_gl1.00_pr5.00_c100","gain_loss_trans",1,NA,0,0,1,1,100
"nt","model6","tl1.50_gl1.00_pr5.00_c100","tree_length",1.5,0,0,10,1.5,1,100
"nt","model6","tl1.50_gl1.00_pr5.00_c100","gain_loss_neo",1,NA,0,0,1.5,1,100
"nt","model6","tl1.50_gl1.00_pr5.00_c100","gain_loss_trans",1,NA,0,0,1.5,1,100
"nt","model6","tl2.50_gl1.00_pr5.00_c100","tree_length",2.5,0.1,1,10,2.5,1,100
"nt","model6","tl2.50_gl1.00_pr5.00_c100","gain_loss_neo",1,NA,0,0,2.5,1,100
"nt","model6","tl2.50_gl1.00_pr5.00_c100","gain_loss_trans",1,NA,0,0,2.5,1,100
"nt","model6","tl5.00_gl1.00_pr5.00_c100","tree_length",5,0,0,10,5,1,100
"nt","model6","tl5.00_gl1.00_pr5.00_c100","gain_loss_neo",1,NA,0,0,5,1,100
"nt","model6","tl5.00_gl1.00_pr5.00_c100","gain_loss_trans",1,NA,0,0,5,1,100
"nt","model6","tl1.00_gl0.10_pr1.00_c200","tree_length",1,0.1,1,10,1,0.1,200
"nt","model6","tl1.00_gl0.10_pr1.00_c200","gain_loss_neo",10,NA,0,0,1,0.1,200
"nt","model6","tl1.00_gl0.10_pr1.00_c200","gain_loss_trans",10,NA,0,0,1,0.1,200
"nt","model6","tl1.50_gl0.10_pr1.00_c200","tree_length",1.5,0.3,3,10,1.5,0.1,200
"nt","model6","tl1.50_gl0.10_pr1.00_c200","gain_loss_neo",10,NA,0,0,1.5,0.1,200
"nt","model6","tl1.50_gl0.10_pr1.00_c200","gain_loss_trans",10,NA,0,0,1.5,0.1,200
"nt","model6","tl2.50_gl0.10_pr1.00_c200","tree_length",2.5,0.8,8,10,2.5,0.1,200
"nt","model6","tl2.50_gl0.10_pr1.00_c200","gain_loss_neo",10,NA,0,0,2.5,0.1,200
"nt","model6","tl2.50_gl0.10_pr1.00_c200","gain_loss_trans",10,NA,0,0,2.5,0.1,200
"nt","model6","tl5.00_gl0.10_pr1.00_c200","tree_length",5,0.1,1,10,5,0.1,200
"nt","model6","tl5.00_gl0.10_pr1.00_c200","gain_loss_neo",10,NA,0,0,5,0.1,200
"nt","model6","tl5.00_gl0.10_pr1.00_c200","gain_loss_trans",10,NA,0,0,5,0.1,200
"nt","model6","tl1.00_gl0.25_pr1.00_c200","tree_length",1,0.5,5,10,1,0.25,200
"nt","model6","tl1.00_gl0.25_pr1.00_c200","gain_loss_neo",4,NA,0,0,1,0.25,200
"nt","model6","tl1.00_gl0.25_pr1.00_c200","gain_loss_trans",4,NA,0,0,1,0.25,200
"nt","model6","tl1.50_gl0.25_pr1.00_c200","tree_length",1.5,0.4,4,10,1.5,0.25,200
"nt","model6","tl1.50_gl0.25_pr1.00_c200","gain_loss_neo",4,NA,0,0,1.5,0.25,200
"nt","model6","tl1.50_gl0.25_pr1.00_c200","gain_loss_trans",4,NA,0,0,1.5,0.25,200
"nt","model6","tl2.50_gl0.25_pr1.00_c200","tree_length",2.5,0.7,7,10,2.5,0.25,200
"nt","model6","tl2.50_gl0.25_pr1.00_c200","gain_loss_neo",4,NA,0,0,2.5,0.25,200
"nt","model6","tl2.50_gl0.25_pr1.00_c200","gain_loss_trans",4,NA,0,0,2.5,0.25,200
"nt","model6","tl5.00_gl0.25_pr1.00_c200","tree_length",5,0.9,9,10,5,0.25,200
"nt","model6","tl5.00_gl0.25_pr1.00_c200","gain_loss_neo",4,NA,0,0,5,0.25,200
"nt","model6","tl5.00_gl0.25_pr1.00_c200","gain_loss_trans",4,NA,0,0,5,0.25,200
"nt","model6","tl1.00_gl0.50_pr1.00_c200","tree_length",1,0.5,5,10,1,0.5,200
"nt","model6","tl1.00_gl0.50_pr1.00_c200","gain_loss_neo",2,NA,0,0,1,0.5,200
"nt","model6","tl1.00_gl0.50_pr1.00_c200","gain_loss_trans",2,NA,0,0,1,0.5,200
"nt","model6","tl1.50_gl0.50_pr1.00_c200","tree_length",1.5,0.444444444444444,4,9,1.5,0.5,200
"nt","model6","tl1.50_gl0.50_pr1.00_c200","gain_loss_neo",2,NA,0,0,1.5,0.5,200
"nt","model6","tl1.50_gl0.50_pr1.00_c200","gain_loss_trans",2,NA,0,0,1.5,0.5,200
"nt","model6","tl2.50_gl0.50_pr1.00_c200","tree_length",2.5,0.6,6,10,2.5,0.5,200
"nt","model6","tl2.50_gl0.50_pr1.00_c200","gain_loss_neo",2,NA,0,0,2.5,0.5,200
"nt","model6","tl2.50_gl0.50_pr1.00_c200","gain_loss_trans",2,NA,0,0,2.5,0.5,200
"nt","model6","tl5.00_gl0.50_pr1.00_c200","tree_length",5,0.4,4,10,5,0.5,200
"nt","model6","tl5.00_gl0.50_pr1.00_c200","gain_loss_neo",2,NA,0,0,5,0.5,200
"nt","model6","tl5.00_gl0.50_pr1.00_c200","gain_loss_trans",2,NA,0,0,5,0.5,200
"nt","model6","tl1.00_gl1.00_pr1.00_c200","tree_length",1,0.6,6,10,1,1,200
"nt","model6","tl1.00_gl1.00_pr1.00_c200","gain_loss_neo",1,NA,0,0,1,1,200
"nt","model6","tl1.00_gl1.00_pr1.00_c200","gain_loss_trans",1,NA,0,0,1,1,200
"nt","model6","tl1.50_gl1.00_pr1.00_c200","tree_length",1.5,0.5,5,10,1.5,1,200
"nt","model6","tl1.50_gl1.00_pr1.00_c200","gain_loss_neo",1,NA,0,0,1.5,1,200
"nt","model6","tl1.50_gl1.00_pr1.00_c200","gain_loss_trans",1,NA,0,0,1.5,1,200
"nt","model6","tl2.50_gl1.00_pr1.00_c200","tree_length",2.5,0.5,5,10,2.5,1,200
"nt","model6","tl2.50_gl1.00_pr1.00_c200","gain_loss_neo",1,NA,0,0,2.5,1,200
"nt","model6","tl2.50_gl1.00_pr1.00_c200","gain_loss_trans",1,NA,0,0,2.5,1,200
"nt","model6","tl5.00_gl1.00_pr1.00_c200","tree_length",5,0.3,3,10,5,1,200
"nt","model6","tl5.00_gl1.00_pr1.00_c200","gain_loss_neo",1,NA,0,0,5,1,200
"nt","model6","tl5.00_gl1.00_pr1.00_c200","gain_loss_trans",1,NA,0,0,5,1,200
"nt","model6","tl1.00_gl0.10_pr2.50_c200","tree_length",1,0.5,5,10,1,0.1,200
"nt","model6","tl1.00_gl0.10_pr2.50_c200","gain_loss_neo",10,NA,0,0,1,0.1,200
"nt","model6","tl1.00_gl0.10_pr2.50_c200","gain_loss_trans",10,NA,0,0,1,0.1,200
"nt","model6","tl1.50_gl0.10_pr2.50_c200","tree_length",1.5,0.8,8,10,1.5,0.1,200
"nt","model6","tl1.50_gl0.10_pr2.50_c200","gain_loss_neo",10,NA,0,0,1.5,0.1,200
"nt","model6","tl1.50_gl0.10_pr2.50_c200","gain_loss_trans",10,NA,0,0,1.5,0.1,200
"nt","model6","tl2.50_gl0.10_pr2.50_c200","tree_length",2.5,0.7,7,10,2.5,0.1,200
"nt","model6","tl2.50_gl0.10_pr2.50_c200","gain_loss_neo",10,NA,0,0,2.5,0.1,200
"nt","model6","tl2.50_gl0.10_pr2.50_c200","gain_loss_trans",10,NA,0,0,2.5,0.1,200
"nt","model6","tl5.00_gl0.10_pr2.50_c200","tree_length",5,0.1,1,10,5,0.1,200
"nt","model6","tl5.00_gl0.10_pr2.50_c200","gain_loss_neo",10,NA,0,0,5,0.1,200
"nt","model6","tl5.00_gl0.10_pr2.50_c200","gain_loss_trans",10,NA,0,0,5,0.1,200
"nt","model6","tl1.00_gl0.25_pr2.50_c200","tree_length",1,0.8,8,10,1,0.25,200
"nt","model6","tl1.00_gl0.25_pr2.50_c200","gain_loss_neo",4,NA,0,0,1,0.25,200
"nt","model6","tl1.00_gl0.25_pr2.50_c200","gain_loss_trans",4,NA,0,0,1,0.25,200
"nt","model6","tl1.50_gl0.25_pr2.50_c200","tree_length",1.5,0.6,6,10,1.5,0.25,200
"nt","model6","tl1.50_gl0.25_pr2.50_c200","gain_loss_neo",4,NA,0,0,1.5,0.25,200
"nt","model6","tl1.50_gl0.25_pr2.50_c200","gain_loss_trans",4,NA,0,0,1.5,0.25,200
"nt","model6","tl2.50_gl0.25_pr2.50_c200","tree_length",2.5,0.3,3,10,2.5,0.25,200
"nt","model6","tl2.50_gl0.25_pr2.50_c200","gain_loss_neo",4,NA,0,0,2.5,0.25,200
"nt","model6","tl2.50_gl0.25_pr2.50_c200","gain_loss_trans",4,NA,0,0,2.5,0.25,200
"nt","model6","tl5.00_gl0.25_pr2.50_c200","tree_length",5,0,0,10,5,0.25,200
"nt","model6","tl5.00_gl0.25_pr2.50_c200","gain_loss_neo",4,NA,0,0,5,0.25,200
"nt","model6","tl5.00_gl0.25_pr2.50_c200","gain_loss_trans",4,NA,0,0,5,0.25,200
"nt","model6","tl1.00_gl0.50_pr2.50_c200","tree_length",1,0.6,6,10,1,0.5,200
"nt","model6","tl1.00_gl0.50_pr2.50_c200","gain_loss_neo",2,NA,0,0,1,0.5,200
"nt","model6","tl1.00_gl0.50_pr2.50_c200","gain_loss_trans",2,NA,0,0,1,0.5,200
"nt","model6","tl1.50_gl0.50_pr2.50_c200","tree_length",1.5,0.5,5,10,1.5,0.5,200
"nt","model6","tl1.50_gl0.50_pr2.50_c200","gain_loss_neo",2,NA,0,0,1.5,0.5,200
"nt","model6","tl1.50_gl0.50_pr2.50_c200","gain_loss_trans",2,NA,0,0,1.5,0.5,200
"nt","model6","tl2.50_gl0.50_pr2.50_c200","tree_length",2.5,0.3,3,10,2.5,0.5,200
"nt","model6","tl2.50_gl0.50_pr2.50_c200","gain_loss_neo",2,NA,0,0,2.5,0.5,200
"nt","model6","tl2.50_gl0.50_pr2.50_c200","gain_loss_trans",2,NA,0,0,2.5,0.5,200
"nt","model6","tl5.00_gl0.50_pr2.50_c200","tree_length",5,0.2,2,10,5,0.5,200
"nt","model6","tl5.00_gl0.50_pr2.50_c200","gain_loss_neo",2,NA,0,0,5,0.5,200
"nt","model6","tl5.00_gl0.50_pr2.50_c200","gain_loss_trans",2,NA,0,0,5,0.5,200
"nt","model6","tl1.00_gl1.00_pr2.50_c200","tree_length",1,0.6,6,10,1,1,200
"nt","model6","tl1.00_gl1.00_pr2.50_c200","gain_loss_neo",1,NA,0,0,1,1,200
"nt","model6","tl1.00_gl1.00_pr2.50_c200","gain_loss_trans",1,NA,0,0,1,1,200
"nt","model6","tl1.50_gl1.00_pr2.50_c200","tree_length",1.5,0.2,2,10,1.5,1,200
"nt","model6","tl1.50_gl1.00_pr2.50_c200","gain_loss_neo",1,NA,0,0,1.5,1,200
"nt","model6","tl1.50_gl1.00_pr2.50_c200","gain_loss_trans",1,NA,0,0,1.5,1,200
"nt","model6","tl2.50_gl1.00_pr2.50_c200","tree_length",2.5,0.3,3,10,2.5,1,200
"nt","model6","tl2.50_gl1.00_pr2.50_c200","gain_loss_neo",1,NA,0,0,2.5,1,200
"nt","model6","tl2.50_gl1.00_pr2.50_c200","gain_loss_trans",1,NA,0,0,2.5,1,200
"nt","model6","tl5.00_gl1.00_pr2.50_c200","tree_length",5,0.3,3,10,5,1,200
"nt","model6","tl5.00_gl1.00_pr2.50_c200","gain_loss_neo",1,NA,0,0,5,1,200
"nt","model6","tl5.00_gl1.00_pr2.50_c200","gain_loss_trans",1,NA,0,0,5,1,200
"nt","model6","tl1.00_gl0.10_pr5.00_c200","tree_length",1,0.666666666666667,6,9,1,0.1,200
"nt","model6","tl1.00_gl0.10_pr5.00_c200","gain_loss_neo",10,NA,0,0,1,0.1,200
"nt","model6","tl1.00_gl0.10_pr5.00_c200","gain_loss_trans",10,NA,0,0,1,0.1,200
"nt","model6","tl1.50_gl0.10_pr5.00_c200","tree_length",1.5,0.2,2,10,1.5,0.1,200
"nt","model6","tl1.50_gl0.10_pr5.00_c200","gain_loss_neo",10,NA,0,0,1.5,0.1,200
"nt","model6","tl1.50_gl0.10_pr5.00_c200","gain_loss_trans",10,NA,0,0,1.5,0.1,200
"nt","model6","tl2.50_gl0.10_pr5.00_c200","tree_length",2.5,0.3,3,10,2.5,0.1,200
"nt","model6","tl2.50_gl0.10_pr5.00_c200","gain_loss_neo",10,NA,0,0,2.5,0.1,200
"nt","model6","tl2.50_gl0.10_pr5.00_c200","gain_loss_trans",10,NA,0,0,2.5,0.1,200
"nt","model6","tl5.00_gl0.10_pr5.00_c200","tree_length",5,0,0,10,5,0.1,200
"nt","model6","tl5.00_gl0.10_pr5.00_c200","gain_loss_neo",10,NA,0,0,5,0.1,200
"nt","model6","tl5.00_gl0.10_pr5.00_c200","gain_loss_trans",10,NA,0,0,5,0.1,200
"nt","model6","tl1.00_gl0.25_pr5.00_c200","tree_length",1,0.8,8,10,1,0.25,200
"nt","model6","tl1.00_gl0.25_pr5.00_c200","gain_loss_neo",4,NA,0,0,1,0.25,200
"nt","model6","tl1.00_gl0.25_pr5.00_c200","gain_loss_trans",4,NA,0,0,1,0.25,200
"nt","model6","tl1.50_gl0.25_pr5.00_c200","tree_length",1.5,0,0,10,1.5,0.25,200
"nt","model6","tl1.50_gl0.25_pr5.00_c200","gain_loss_neo",4,NA,0,0,1.5,0.25,200
"nt","model6","tl1.50_gl0.25_pr5.00_c200","gain_loss_trans",4,NA,0,0,1.5,0.25,200
"nt","model6","tl2.50_gl0.25_pr5.00_c200","tree_length",2.5,0.2,2,10,2.5,0.25,200
"nt","model6","tl2.50_gl0.25_pr5.00_c200","gain_loss_neo",4,NA,0,0,2.5,0.25,200
"nt","model6","tl2.50_gl0.25_pr5.00_c200","gain_loss_trans",4,NA,0,0,2.5,0.25,200
"nt","model6","tl5.00_gl0.25_pr5.00_c200","tree_length",5,0.1,1,10,5,0.25,200
"nt","model6","tl5.00_gl0.25_pr5.00_c200","gain_loss_neo",4,NA,0,0,5,0.25,200
"nt","model6","tl5.00_gl0.25_pr5.00_c200","gain_loss_trans",4,NA,0,0,5,0.25,200
"nt","model6","tl1.00_gl0.50_pr5.00_c200","tree_length",1,0.3,3,10,1,0.5,200
"nt","model6","tl1.00_gl0.50_pr5.00_c200","gain_loss_neo",2,NA,0,0,1,0.5,200
"nt","model6","tl1.00_gl0.50_pr5.00_c200","gain_loss_trans",2,NA,0,0,1,0.5,200
"nt","model6","tl1.50_gl0.50_pr5.00_c200","tree_length",1.5,0.1,1,10,1.5,0.5,200
"nt","model6","tl1.50_gl0.50_pr5.00_c200","gain_loss_neo",2,NA,0,0,1.5,0.5,200
"nt","model6","tl1.50_gl0.50_pr5.00_c200","gain_loss_trans",2,NA,0,0,1.5,0.5,200
"nt","model6","tl2.50_gl0.50_pr5.00_c200","tree_length",2.5,0.1,1,10,2.5,0.5,200
"nt","model6","tl2.50_gl0.50_pr5.00_c200","gain_loss_neo",2,NA,0,0,2.5,0.5,200
"nt","model6","tl2.50_gl0.50_pr5.00_c200","gain_loss_trans",2,NA,0,0,2.5,0.5,200
"nt","model6","tl5.00_gl0.50_pr5.00_c200","tree_length",5,0,0,10,5,0.5,200
"nt","model6","tl5.00_gl0.50_pr5.00_c200","gain_loss_neo",2,NA,0,0,5,0.5,200
"nt","model6","tl5.00_gl0.50_pr5.00_c200","gain_loss_trans",2,NA,0,0,5,0.5,200
"nt","model6","tl1.00_gl1.00_pr5.00_c200","tree_length",1,0,0,10,1,1,200
"nt","model6","tl1.00_gl1.00_pr5.00_c200","gain_loss_neo",1,NA,0,0,1,1,200
"nt","model6","tl1.00_gl1.00_pr5.00_c200","gain_loss_trans",1,NA,0,0,1,1,200
"nt","model6","tl1.50_gl1.00_pr5.00_c200","tree_length",1.5,0,0,9,1.5,1,200
"nt","model6","tl1.50_gl1.00_pr5.00_c200","gain_loss_neo",1,NA,0,0,1.5,1,200
"nt","model6","tl1.50_gl1.00_pr5.00_c200","gain_loss_trans",1,NA,0,0,1.5,1,200
"nt","model6","tl2.50_gl1.00_pr5.00_c200","tree_length",2.5,0,0,10,2.5,1,200
"nt","model6","tl2.50_gl1.00_pr5.00_c200","gain_loss_neo",1,NA,0,0,2.5,1,200
"nt","model6","tl2.50_gl1.00_pr5.00_c200","gain_loss_trans",1,NA,0,0,2.5,1,200
"nt","model6","tl5.00_gl1.00_pr5.00_c200","tree_length",5,0,0,10,5,1,200
"nt","model6","tl5.00_gl1.00_pr5.00_c200","gain_loss_neo",1,NA,0,0,5,1,200
"nt","model6","tl5.00_gl1.00_pr5.00_c200","gain_loss_trans",1,NA,0,0,5,1,200
"nt","model7","tl1.00_gl0.10_pr1.00_c25","tree_length",1,0.9,9,10,1,0.1,25
"nt","model7","tl1.00_gl0.10_pr1.00_c25","gain_loss_neo",10,0.8,8,10,1,0.1,25
"nt","model7","tl1.00_gl0.10_pr1.00_c25","gain_loss_trans",10,NA,0,0,1,0.1,25
"nt","model7","tl1.50_gl0.10_pr1.00_c25","tree_length",1.5,1,10,10,1.5,0.1,25
"nt","model7","tl1.50_gl0.10_pr1.00_c25","gain_loss_neo",10,1,10,10,1.5,0.1,25
"nt","model7","tl1.50_gl0.10_pr1.00_c25","gain_loss_trans",10,NA,0,0,1.5,0.1,25
"nt","model7","tl2.50_gl0.10_pr1.00_c25","tree_length",2.5,1,10,10,2.5,0.1,25
"nt","model7","tl2.50_gl0.10_pr1.00_c25","gain_loss_neo",10,0.9,9,10,2.5,0.1,25
"nt","model7","tl2.50_gl0.10_pr1.00_c25","gain_loss_trans",10,NA,0,0,2.5,0.1,25
"nt","model7","tl5.00_gl0.10_pr1.00_c25","tree_length",5,0.4,4,10,5,0.1,25
"nt","model7","tl5.00_gl0.10_pr1.00_c25","gain_loss_neo",10,0.9,9,10,5,0.1,25
"nt","model7","tl5.00_gl0.10_pr1.00_c25","gain_loss_trans",10,NA,0,0,5,0.1,25
"nt","model7","tl1.00_gl0.25_pr1.00_c25","tree_length",1,0.9,9,10,1,0.25,25
"nt","model7","tl1.00_gl0.25_pr1.00_c25","gain_loss_neo",4,0.7,7,10,1,0.25,25
"nt","model7","tl1.00_gl0.25_pr1.00_c25","gain_loss_trans",4,NA,0,0,1,0.25,25
"nt","model7","tl1.50_gl0.25_pr1.00_c25","tree_length",1.5,1,10,10,1.5,0.25,25
"nt","model7","tl1.50_gl0.25_pr1.00_c25","gain_loss_neo",4,1,10,10,1.5,0.25,25
"nt","model7","tl1.50_gl0.25_pr1.00_c25","gain_loss_trans",4,NA,0,0,1.5,0.25,25
"nt","model7","tl2.50_gl0.25_pr1.00_c25","tree_length",2.5,0.8,8,10,2.5,0.25,25
"nt","model7","tl2.50_gl0.25_pr1.00_c25","gain_loss_neo",4,0.9,9,10,2.5,0.25,25
"nt","model7","tl2.50_gl0.25_pr1.00_c25","gain_loss_trans",4,NA,0,0,2.5,0.25,25
"nt","model7","tl5.00_gl0.25_pr1.00_c25","tree_length",5,0.777777777777778,7,9,5,0.25,25
"nt","model7","tl5.00_gl0.25_pr1.00_c25","gain_loss_neo",4,1,9,9,5,0.25,25
"nt","model7","tl5.00_gl0.25_pr1.00_c25","gain_loss_trans",4,NA,0,0,5,0.25,25
"nt","model7","tl1.00_gl0.50_pr1.00_c25","tree_length",1,0.8,8,10,1,0.5,25
"nt","model7","tl1.00_gl0.50_pr1.00_c25","gain_loss_neo",2,0.8,8,10,1,0.5,25
"nt","model7","tl1.00_gl0.50_pr1.00_c25","gain_loss_trans",2,NA,0,0,1,0.5,25
"nt","model7","tl1.50_gl0.50_pr1.00_c25","tree_length",1.5,0.8,8,10,1.5,0.5,25
"nt","model7","tl1.50_gl0.50_pr1.00_c25","gain_loss_neo",2,1,10,10,1.5,0.5,25
"nt","model7","tl1.50_gl0.50_pr1.00_c25","gain_loss_trans",2,NA,0,0,1.5,0.5,25
"nt","model7","tl2.50_gl0.50_pr1.00_c25","tree_length",2.5,0.7,7,10,2.5,0.5,25
"nt","model7","tl2.50_gl0.50_pr1.00_c25","gain_loss_neo",2,1,10,10,2.5,0.5,25
"nt","model7","tl2.50_gl0.50_pr1.00_c25","gain_loss_trans",2,NA,0,0,2.5,0.5,25
"nt","model7","tl5.00_gl0.50_pr1.00_c25","tree_length",5,0.4,4,10,5,0.5,25
"nt","model7","tl5.00_gl0.50_pr1.00_c25","gain_loss_neo",2,1,10,10,5,0.5,25
"nt","model7","tl5.00_gl0.50_pr1.00_c25","gain_loss_trans",2,NA,0,0,5,0.5,25
"nt","model7","tl1.00_gl1.00_pr1.00_c25","tree_length",1,0.9,9,10,1,1,25
"nt","model7","tl1.00_gl1.00_pr1.00_c25","gain_loss_neo",1,1,10,10,1,1,25
"nt","model7","tl1.00_gl1.00_pr1.00_c25","gain_loss_trans",1,NA,0,0,1,1,25
"nt","model7","tl1.50_gl1.00_pr1.00_c25","tree_length",1.5,0.8,8,10,1.5,1,25
"nt","model7","tl1.50_gl1.00_pr1.00_c25","gain_loss_neo",1,1,10,10,1.5,1,25
"nt","model7","tl1.50_gl1.00_pr1.00_c25","gain_loss_trans",1,NA,0,0,1.5,1,25
"nt","model7","tl2.50_gl1.00_pr1.00_c25","tree_length",2.5,0.7,7,10,2.5,1,25
"nt","model7","tl2.50_gl1.00_pr1.00_c25","gain_loss_neo",1,1,10,10,2.5,1,25
"nt","model7","tl2.50_gl1.00_pr1.00_c25","gain_loss_trans",1,NA,0,0,2.5,1,25
"nt","model7","tl5.00_gl1.00_pr1.00_c25","tree_length",5,0.6,6,10,5,1,25
"nt","model7","tl5.00_gl1.00_pr1.00_c25","gain_loss_neo",1,1,10,10,5,1,25
"nt","model7","tl5.00_gl1.00_pr1.00_c25","gain_loss_trans",1,NA,0,0,5,1,25
"nt","model7","tl1.00_gl0.10_pr2.50_c25","tree_length",1,1,10,10,1,0.1,25
"nt","model7","tl1.00_gl0.10_pr2.50_c25","gain_loss_neo",10,0.6,6,10,1,0.1,25
"nt","model7","tl1.00_gl0.10_pr2.50_c25","gain_loss_trans",10,NA,0,0,1,0.1,25
"nt","model7","tl1.50_gl0.10_pr2.50_c25","tree_length",1.5,1,10,10,1.5,0.1,25
"nt","model7","tl1.50_gl0.10_pr2.50_c25","gain_loss_neo",10,0.6,6,10,1.5,0.1,25
"nt","model7","tl1.50_gl0.10_pr2.50_c25","gain_loss_trans",10,NA,0,0,1.5,0.1,25
"nt","model7","tl2.50_gl0.10_pr2.50_c25","tree_length",2.5,0.8,8,10,2.5,0.1,25
"nt","model7","tl2.50_gl0.10_pr2.50_c25","gain_loss_neo",10,0.9,9,10,2.5,0.1,25
"nt","model7","tl2.50_gl0.10_pr2.50_c25","gain_loss_trans",10,NA,0,0,2.5,0.1,25
"nt","model7","tl5.00_gl0.10_pr2.50_c25","tree_length",5,0.375,3,8,5,0.1,25
"nt","model7","tl5.00_gl0.10_pr2.50_c25","gain_loss_neo",10,1,8,8,5,0.1,25
"nt","model7","tl5.00_gl0.10_pr2.50_c25","gain_loss_trans",10,NA,0,0,5,0.1,25
"nt","model7","tl1.00_gl0.25_pr2.50_c25","tree_length",1,1,10,10,1,0.25,25
"nt","model7","tl1.00_gl0.25_pr2.50_c25","gain_loss_neo",4,1,10,10,1,0.25,25
"nt","model7","tl1.00_gl0.25_pr2.50_c25","gain_loss_trans",4,NA,0,0,1,0.25,25
"nt","model7","tl1.50_gl0.25_pr2.50_c25","tree_length",1.5,1,10,10,1.5,0.25,25
"nt","model7","tl1.50_gl0.25_pr2.50_c25","gain_loss_neo",4,0.9,9,10,1.5,0.25,25
"nt","model7","tl1.50_gl0.25_pr2.50_c25","gain_loss_trans",4,NA,0,0,1.5,0.25,25
"nt","model7","tl2.50_gl0.25_pr2.50_c25","tree_length",2.5,0.6,6,10,2.5,0.25,25
"nt","model7","tl2.50_gl0.25_pr2.50_c25","gain_loss_neo",4,1,10,10,2.5,0.25,25
"nt","model7","tl2.50_gl0.25_pr2.50_c25","gain_loss_trans",4,NA,0,0,2.5,0.25,25
"nt","model7","tl5.00_gl0.25_pr2.50_c25","tree_length",5,0.444444444444444,4,9,5,0.25,25
"nt","model7","tl5.00_gl0.25_pr2.50_c25","gain_loss_neo",4,1,9,9,5,0.25,25
"nt","model7","tl5.00_gl0.25_pr2.50_c25","gain_loss_trans",4,0,0,1,5,0.25,25
"nt","model7","tl1.00_gl0.50_pr2.50_c25","tree_length",1,0.8,8,10,1,0.5,25
"nt","model7","tl1.00_gl0.50_pr2.50_c25","gain_loss_neo",2,1,10,10,1,0.5,25
"nt","model7","tl1.00_gl0.50_pr2.50_c25","gain_loss_trans",2,NA,0,0,1,0.5,25
"nt","model7","tl1.50_gl0.50_pr2.50_c25","tree_length",1.5,0.8,8,10,1.5,0.5,25
"nt","model7","tl1.50_gl0.50_pr2.50_c25","gain_loss_neo",2,0.8,8,10,1.5,0.5,25
"nt","model7","tl1.50_gl0.50_pr2.50_c25","gain_loss_trans",2,NA,0,0,1.5,0.5,25
"nt","model7","tl2.50_gl0.50_pr2.50_c25","tree_length",2.5,0.6,6,10,2.5,0.5,25
"nt","model7","tl2.50_gl0.50_pr2.50_c25","gain_loss_neo",2,0.9,9,10,2.5,0.5,25
"nt","model7","tl2.50_gl0.50_pr2.50_c25","gain_loss_trans",2,NA,0,0,2.5,0.5,25
"nt","model7","tl5.00_gl0.50_pr2.50_c25","tree_length",5,0.3,3,10,5,0.5,25
"nt","model7","tl5.00_gl0.50_pr2.50_c25","gain_loss_neo",2,1,10,10,5,0.5,25
"nt","model7","tl5.00_gl0.50_pr2.50_c25","gain_loss_trans",2,0,0,1,5,0.5,25
"nt","model7","tl1.00_gl1.00_pr2.50_c25","tree_length",1,1,10,10,1,1,25
"nt","model7","tl1.00_gl1.00_pr2.50_c25","gain_loss_neo",1,0.9,9,10,1,1,25
"nt","model7","tl1.00_gl1.00_pr2.50_c25","gain_loss_trans",1,NA,0,0,1,1,25
"nt","model7","tl1.50_gl1.00_pr2.50_c25","tree_length",1.5,0.8,8,10,1.5,1,25
"nt","model7","tl1.50_gl1.00_pr2.50_c25","gain_loss_neo",1,1,10,10,1.5,1,25
"nt","model7","tl1.50_gl1.00_pr2.50_c25","gain_loss_trans",1,NA,0,0,1.5,1,25
"nt","model7","tl2.50_gl1.00_pr2.50_c25","tree_length",2.5,0.4,4,10,2.5,1,25
"nt","model7","tl2.50_gl1.00_pr2.50_c25","gain_loss_neo",1,1,10,10,2.5,1,25
"nt","model7","tl2.50_gl1.00_pr2.50_c25","gain_loss_trans",1,NA,0,0,2.5,1,25
"nt","model7","tl5.00_gl1.00_pr2.50_c25","tree_length",5,0.444444444444444,4,9,5,1,25
"nt","model7","tl5.00_gl1.00_pr2.50_c25","gain_loss_neo",1,0.888888888888889,8,9,5,1,25
"nt","model7","tl5.00_gl1.00_pr2.50_c25","gain_loss_trans",1,1,1,1,5,1,25
"nt","model7","tl1.00_gl0.10_pr5.00_c25","tree_length",1,1,10,10,1,0.1,25
"nt","model7","tl1.00_gl0.10_pr5.00_c25","gain_loss_neo",10,0.3,3,10,1,0.1,25
"nt","model7","tl1.00_gl0.10_pr5.00_c25","gain_loss_trans",10,NA,0,0,1,0.1,25
"nt","model7","tl1.50_gl0.10_pr5.00_c25","tree_length",1.5,0.9,9,10,1.5,0.1,25
"nt","model7","tl1.50_gl0.10_pr5.00_c25","gain_loss_neo",10,0.4,4,10,1.5,0.1,25
"nt","model7","tl1.50_gl0.10_pr5.00_c25","gain_loss_trans",10,NA,0,0,1.5,0.1,25
"nt","model7","tl2.50_gl0.10_pr5.00_c25","tree_length",2.5,0.7,7,10,2.5,0.1,25
"nt","model7","tl2.50_gl0.10_pr5.00_c25","gain_loss_neo",10,0.6,6,10,2.5,0.1,25
"nt","model7","tl2.50_gl0.10_pr5.00_c25","gain_loss_trans",10,NA,0,0,2.5,0.1,25
"nt","model7","tl5.00_gl0.10_pr5.00_c25","tree_length",5,0.111111111111111,1,9,5,0.1,25
"nt","model7","tl5.00_gl0.10_pr5.00_c25","gain_loss_neo",10,1,9,9,5,0.1,25
"nt","model7","tl5.00_gl0.10_pr5.00_c25","gain_loss_trans",10,NA,0,0,5,0.1,25
"nt","model7","tl1.00_gl0.25_pr5.00_c25","tree_length",1,1,10,10,1,0.25,25
"nt","model7","tl1.00_gl0.25_pr5.00_c25","gain_loss_neo",4,0.6,6,10,1,0.25,25
"nt","model7","tl1.00_gl0.25_pr5.00_c25","gain_loss_trans",4,NA,0,0,1,0.25,25
"nt","model7","tl1.50_gl0.25_pr5.00_c25","tree_length",1.5,0.8,8,10,1.5,0.25,25
"nt","model7","tl1.50_gl0.25_pr5.00_c25","gain_loss_neo",4,0.7,7,10,1.5,0.25,25
"nt","model7","tl1.50_gl0.25_pr5.00_c25","gain_loss_trans",4,NA,0,0,1.5,0.25,25
"nt","model7","tl2.50_gl0.25_pr5.00_c25","tree_length",2.5,0.3,3,10,2.5,0.25,25
"nt","model7","tl2.50_gl0.25_pr5.00_c25","gain_loss_neo",4,0.9,9,10,2.5,0.25,25
"nt","model7","tl2.50_gl0.25_pr5.00_c25","gain_loss_trans",4,NA,0,0,2.5,0.25,25
"nt","model7","tl5.00_gl0.25_pr5.00_c25","tree_length",5,0.25,2,8,5,0.25,25
"nt","model7","tl5.00_gl0.25_pr5.00_c25","gain_loss_neo",4,0.875,7,8,5,0.25,25
"nt","model7","tl5.00_gl0.25_pr5.00_c25","gain_loss_trans",4,NA,0,0,5,0.25,25
"nt","model7","tl1.00_gl0.50_pr5.00_c25","tree_length",1,0.9,9,10,1,0.5,25
"nt","model7","tl1.00_gl0.50_pr5.00_c25","gain_loss_neo",2,1,10,10,1,0.5,25
"nt","model7","tl1.00_gl0.50_pr5.00_c25","gain_loss_trans",2,NA,0,0,1,0.5,25
"nt","model7","tl1.50_gl0.50_pr5.00_c25","tree_length",1.5,0.7,7,10,1.5,0.5,25
"nt","model7","tl1.50_gl0.50_pr5.00_c25","gain_loss_neo",2,0.9,9,10,1.5,0.5,25
"nt","model7","tl1.50_gl0.50_pr5.00_c25","gain_loss_trans",2,NA,0,0,1.5,0.5,25
"nt","model7","tl2.50_gl0.50_pr5.00_c25","tree_length",2.5,0.4,4,10,2.5,0.5,25
"nt","model7","tl2.50_gl0.50_pr5.00_c25","gain_loss_neo",2,0.9,9,10,2.5,0.5,25
"nt","model7","tl2.50_gl0.50_pr5.00_c25","gain_loss_trans",2,NA,0,0,2.5,0.5,25
"nt","model7","tl5.00_gl0.50_pr5.00_c25","tree_length",5,0.1,1,10,5,0.5,25
"nt","model7","tl5.00_gl0.50_pr5.00_c25","gain_loss_neo",2,1,10,10,5,0.5,25
"nt","model7","tl5.00_gl0.50_pr5.00_c25","gain_loss_trans",2,0.333333333333333,1,3,5,0.5,25
"nt","model7","tl1.00_gl1.00_pr5.00_c25","tree_length",1,0.8,8,10,1,1,25
"nt","model7","tl1.00_gl1.00_pr5.00_c25","gain_loss_neo",1,1,10,10,1,1,25
"nt","model7","tl1.00_gl1.00_pr5.00_c25","gain_loss_trans",1,NA,0,0,1,1,25
"nt","model7","tl1.50_gl1.00_pr5.00_c25","tree_length",1.5,0.8,8,10,1.5,1,25
"nt","model7","tl1.50_gl1.00_pr5.00_c25","gain_loss_neo",1,0.9,9,10,1.5,1,25
"nt","model7","tl1.50_gl1.00_pr5.00_c25","gain_loss_trans",1,NA,0,0,1.5,1,25
"nt","model7","tl2.50_gl1.00_pr5.00_c25","tree_length",2.5,0.3,3,10,2.5,1,25
"nt","model7","tl2.50_gl1.00_pr5.00_c25","gain_loss_neo",1,0.8,8,10,2.5,1,25
"nt","model7","tl2.50_gl1.00_pr5.00_c25","gain_loss_trans",1,NA,0,0,2.5,1,25
"nt","model7","tl5.00_gl1.00_pr5.00_c25","tree_length",5,0.2,2,10,5,1,25
"nt","model7","tl5.00_gl1.00_pr5.00_c25","gain_loss_neo",1,1,10,10,5,1,25
"nt","model7","tl5.00_gl1.00_pr5.00_c25","gain_loss_trans",1,1,1,1,5,1,25
"nt","model7","tl1.00_gl0.10_pr1.00_c50","tree_length",1,0.8,8,10,1,0.1,50
"nt","model7","tl1.00_gl0.10_pr1.00_c50","gain_loss_neo",10,0.7,7,10,1,0.1,50
"nt","model7","tl1.00_gl0.10_pr1.00_c50","gain_loss_trans",10,NA,0,0,1,0.1,50
"nt","model7","tl1.50_gl0.10_pr1.00_c50","tree_length",1.5,0.888888888888889,8,9,1.5,0.1,50
"nt","model7","tl1.50_gl0.10_pr1.00_c50","gain_loss_neo",10,1,9,9,1.5,0.1,50
"nt","model7","tl1.50_gl0.10_pr1.00_c50","gain_loss_trans",10,NA,0,0,1.5,0.1,50
"nt","model7","tl2.50_gl0.10_pr1.00_c50","tree_length",2.5,1,10,10,2.5,0.1,50
"nt","model7","tl2.50_gl0.10_pr1.00_c50","gain_loss_neo",10,1,10,10,2.5,0.1,50
"nt","model7","tl2.50_gl0.10_pr1.00_c50","gain_loss_trans",10,NA,0,0,2.5,0.1,50
"nt","model7","tl5.00_gl0.10_pr1.00_c50","tree_length",5,0.75,6,8,5,0.1,50
"nt","model7","tl5.00_gl0.10_pr1.00_c50","gain_loss_neo",10,1,8,8,5,0.1,50
"nt","model7","tl5.00_gl0.10_pr1.00_c50","gain_loss_trans",10,NA,0,0,5,0.1,50
"nt","model7","tl1.00_gl0.25_pr1.00_c50","tree_length",1,0.7,7,10,1,0.25,50
"nt","model7","tl1.00_gl0.25_pr1.00_c50","gain_loss_neo",4,0.7,7,10,1,0.25,50
"nt","model7","tl1.00_gl0.25_pr1.00_c50","gain_loss_trans",4,NA,0,0,1,0.25,50
"nt","model7","tl1.50_gl0.25_pr1.00_c50","tree_length",1.5,0.8,8,10,1.5,0.25,50
"nt","model7","tl1.50_gl0.25_pr1.00_c50","gain_loss_neo",4,0.9,9,10,1.5,0.25,50
"nt","model7","tl1.50_gl0.25_pr1.00_c50","gain_loss_trans",4,NA,0,0,1.5,0.25,50
"nt","model7","tl2.50_gl0.25_pr1.00_c50","tree_length",2.5,0.8,8,10,2.5,0.25,50
"nt","model7","tl2.50_gl0.25_pr1.00_c50","gain_loss_neo",4,0.9,9,10,2.5,0.25,50
"nt","model7","tl2.50_gl0.25_pr1.00_c50","gain_loss_trans",4,NA,0,0,2.5,0.25,50
"nt","model7","tl5.00_gl0.25_pr1.00_c50","tree_length",5,1,9,9,5,0.25,50
"nt","model7","tl5.00_gl0.25_pr1.00_c50","gain_loss_neo",4,1,9,9,5,0.25,50
"nt","model7","tl5.00_gl0.25_pr1.00_c50","gain_loss_trans",4,0,0,1,5,0.25,50
"nt","model7","tl1.00_gl0.50_pr1.00_c50","tree_length",1,0.7,7,10,1,0.5,50
"nt","model7","tl1.00_gl0.50_pr1.00_c50","gain_loss_neo",2,0.9,9,10,1,0.5,50
"nt","model7","tl1.00_gl0.50_pr1.00_c50","gain_loss_trans",2,NA,0,0,1,0.5,50
"nt","model7","tl1.50_gl0.50_pr1.00_c50","tree_length",1.5,0.8,8,10,1.5,0.5,50
"nt","model7","tl1.50_gl0.50_pr1.00_c50","gain_loss_neo",2,1,10,10,1.5,0.5,50
"nt","model7","tl1.50_gl0.50_pr1.00_c50","gain_loss_trans",2,NA,0,0,1.5,0.5,50
"nt","model7","tl2.50_gl0.50_pr1.00_c50","tree_length",2.5,0.6,6,10,2.5,0.5,50
"nt","model7","tl2.50_gl0.50_pr1.00_c50","gain_loss_neo",2,0.9,9,10,2.5,0.5,50
"nt","model7","tl2.50_gl0.50_pr1.00_c50","gain_loss_trans",2,NA,0,0,2.5,0.5,50
"nt","model7","tl5.00_gl0.50_pr1.00_c50","tree_length",5,0.888888888888889,8,9,5,0.5,50
"nt","model7","tl5.00_gl0.50_pr1.00_c50","gain_loss_neo",2,0.888888888888889,8,9,5,0.5,50
"nt","model7","tl5.00_gl0.50_pr1.00_c50","gain_loss_trans",2,0,0,1,5,0.5,50
"nt","model7","tl1.00_gl1.00_pr1.00_c50","tree_length",1,0.9,9,10,1,1,50
"nt","model7","tl1.00_gl1.00_pr1.00_c50","gain_loss_neo",1,1,10,10,1,1,50
"nt","model7","tl1.00_gl1.00_pr1.00_c50","gain_loss_trans",1,NA,0,0,1,1,50
"nt","model7","tl1.50_gl1.00_pr1.00_c50","tree_length",1.5,0.7,7,10,1.5,1,50
"nt","model7","tl1.50_gl1.00_pr1.00_c50","gain_loss_neo",1,0.9,9,10,1.5,1,50
"nt","model7","tl1.50_gl1.00_pr1.00_c50","gain_loss_trans",1,NA,0,0,1.5,1,50
"nt","model7","tl2.50_gl1.00_pr1.00_c50","tree_length",2.5,0.6,6,10,2.5,1,50
"nt","model7","tl2.50_gl1.00_pr1.00_c50","gain_loss_neo",1,1,10,10,2.5,1,50
"nt","model7","tl2.50_gl1.00_pr1.00_c50","gain_loss_trans",1,NA,0,0,2.5,1,50
"nt","model7","tl5.00_gl1.00_pr1.00_c50","tree_length",5,0.7,7,10,5,1,50
"nt","model7","tl5.00_gl1.00_pr1.00_c50","gain_loss_neo",1,0.9,9,10,5,1,50
"nt","model7","tl5.00_gl1.00_pr1.00_c50","gain_loss_trans",1,1,1,1,5,1,50
"nt","model7","tl1.00_gl0.10_pr2.50_c50","tree_length",1,0.9,9,10,1,0.1,50
"nt","model7","tl1.00_gl0.10_pr2.50_c50","gain_loss_neo",10,0.5,5,10,1,0.1,50
"nt","model7","tl1.00_gl0.10_pr2.50_c50","gain_loss_trans",10,NA,0,0,1,0.1,50
"nt","model7","tl1.50_gl0.10_pr2.50_c50","tree_length",1.5,0.9,9,10,1.5,0.1,50
"nt","model7","tl1.50_gl0.10_pr2.50_c50","gain_loss_neo",10,0.6,6,10,1.5,0.1,50
"nt","model7","tl1.50_gl0.10_pr2.50_c50","gain_loss_trans",10,NA,0,0,1.5,0.1,50
"nt","model7","tl2.50_gl0.10_pr2.50_c50","tree_length",2.5,0.555555555555556,5,9,2.5,0.1,50
"nt","model7","tl2.50_gl0.10_pr2.50_c50","gain_loss_neo",10,1,9,9,2.5,0.1,50
"nt","model7","tl2.50_gl0.10_pr2.50_c50","gain_loss_trans",10,NA,0,0,2.5,0.1,50
"nt","model7","tl5.00_gl0.10_pr2.50_c50","tree_length",5,0.25,2,8,5,0.1,50
"nt","model7","tl5.00_gl0.10_pr2.50_c50","gain_loss_neo",10,1,8,8,5,0.1,50
"nt","model7","tl5.00_gl0.10_pr2.50_c50","gain_loss_trans",10,0,0,1,5,0.1,50
"nt","model7","tl1.00_gl0.25_pr2.50_c50","tree_length",1,0.8,8,10,1,0.25,50
"nt","model7","tl1.00_gl0.25_pr2.50_c50","gain_loss_neo",4,0.8,8,10,1,0.25,50
"nt","model7","tl1.00_gl0.25_pr2.50_c50","gain_loss_trans",4,NA,0,0,1,0.25,50
"nt","model7","tl1.50_gl0.25_pr2.50_c50","tree_length",1.5,0.6,6,10,1.5,0.25,50
"nt","model7","tl1.50_gl0.25_pr2.50_c50","gain_loss_neo",4,1,10,10,1.5,0.25,50
"nt","model7","tl1.50_gl0.25_pr2.50_c50","gain_loss_trans",4,NA,0,0,1.5,0.25,50
"nt","model7","tl2.50_gl0.25_pr2.50_c50","tree_length",2.5,0.3,3,10,2.5,0.25,50
"nt","model7","tl2.50_gl0.25_pr2.50_c50","gain_loss_neo",4,0.9,9,10,2.5,0.25,50
"nt","model7","tl2.50_gl0.25_pr2.50_c50","gain_loss_trans",4,NA,0,0,2.5,0.25,50
"nt","model7","tl5.00_gl0.25_pr2.50_c50","tree_length",5,0.4,4,10,5,0.25,50
"nt","model7","tl5.00_gl0.25_pr2.50_c50","gain_loss_neo",4,0.9,9,10,5,0.25,50
"nt","model7","tl5.00_gl0.25_pr2.50_c50","gain_loss_trans",4,0,0,1,5,0.25,50
"nt","model7","tl1.00_gl0.50_pr2.50_c50","tree_length",1,0.7,7,10,1,0.5,50
"nt","model7","tl1.00_gl0.50_pr2.50_c50","gain_loss_neo",2,1,10,10,1,0.5,50
"nt","model7","tl1.00_gl0.50_pr2.50_c50","gain_loss_trans",2,1,1,1,1,0.5,50
"nt","model7","tl1.50_gl0.50_pr2.50_c50","tree_length",1.5,0.4,4,10,1.5,0.5,50
"nt","model7","tl1.50_gl0.50_pr2.50_c50","gain_loss_neo",2,1,10,10,1.5,0.5,50
"nt","model7","tl1.50_gl0.50_pr2.50_c50","gain_loss_trans",2,NA,0,0,1.5,0.5,50
"nt","model7","tl2.50_gl0.50_pr2.50_c50","tree_length",2.5,0.3,3,10,2.5,0.5,50
"nt","model7","tl2.50_gl0.50_pr2.50_c50","gain_loss_neo",2,1,10,10,2.5,0.5,50
"nt","model7","tl2.50_gl0.50_pr2.50_c50","gain_loss_trans",2,NA,0,0,2.5,0.5,50
"nt","model7","tl5.00_gl0.50_pr2.50_c50","tree_length",5,0.714285714285714,5,7,5,0.5,50
"nt","model7","tl5.00_gl0.50_pr2.50_c50","gain_loss_neo",2,1,7,7,5,0.5,50
"nt","model7","tl5.00_gl0.50_pr2.50_c50","gain_loss_trans",2,NA,0,0,5,0.5,50
"nt","model7","tl1.00_gl1.00_pr2.50_c50","tree_length",1,0.7,7,10,1,1,50
"nt","model7","tl1.00_gl1.00_pr2.50_c50","gain_loss_neo",1,1,10,10,1,1,50
"nt","model7","tl1.00_gl1.00_pr2.50_c50","gain_loss_trans",1,NA,0,0,1,1,50
"nt","model7","tl1.50_gl1.00_pr2.50_c50","tree_length",1.5,0.5,5,10,1.5,1,50
"nt","model7","tl1.50_gl1.00_pr2.50_c50","gain_loss_neo",1,1,10,10,1.5,1,50
"nt","model7","tl1.50_gl1.00_pr2.50_c50","gain_loss_trans",1,NA,0,0,1.5,1,50
"nt","model7","tl2.50_gl1.00_pr2.50_c50","tree_length",2.5,0.2,2,10,2.5,1,50
"nt","model7","tl2.50_gl1.00_pr2.50_c50","gain_loss_neo",1,1,10,10,2.5,1,50
"nt","model7","tl2.50_gl1.00_pr2.50_c50","gain_loss_trans",1,NA,0,0,2.5,1,50
"nt","model7","tl5.00_gl1.00_pr2.50_c50","tree_length",5,0.555555555555556,5,9,5,1,50
"nt","model7","tl5.00_gl1.00_pr2.50_c50","gain_loss_neo",1,1,9,9,5,1,50
"nt","model7","tl5.00_gl1.00_pr2.50_c50","gain_loss_trans",1,1,1,1,5,1,50
"nt","model7","tl1.00_gl0.10_pr5.00_c50","tree_length",1,0.7,7,10,1,0.1,50
"nt","model7","tl1.00_gl0.10_pr5.00_c50","gain_loss_neo",10,0.4,4,10,1,0.1,50
"nt","model7","tl1.00_gl0.10_pr5.00_c50","gain_loss_trans",10,NA,0,0,1,0.1,50
"nt","model7","tl1.50_gl0.10_pr5.00_c50","tree_length",1.5,0.6,6,10,1.5,0.1,50
"nt","model7","tl1.50_gl0.10_pr5.00_c50","gain_loss_neo",10,0.4,4,10,1.5,0.1,50
"nt","model7","tl1.50_gl0.10_pr5.00_c50","gain_loss_trans",10,NA,0,0,1.5,0.1,50
"nt","model7","tl2.50_gl0.10_pr5.00_c50","tree_length",2.5,0.333333333333333,3,9,2.5,0.1,50
"nt","model7","tl2.50_gl0.10_pr5.00_c50","gain_loss_neo",10,0.666666666666667,6,9,2.5,0.1,50
"nt","model7","tl2.50_gl0.10_pr5.00_c50","gain_loss_trans",10,NA,0,0,2.5,0.1,50
"nt","model7","tl5.00_gl0.10_pr5.00_c50","tree_length",5,0.222222222222222,2,9,5,0.1,50
"nt","model7","tl5.00_gl0.10_pr5.00_c50","gain_loss_neo",10,0.666666666666667,6,9,5,0.1,50
"nt","model7","tl5.00_gl0.10_pr5.00_c50","gain_loss_trans",10,0,0,2,5,0.1,50
"nt","model7","tl1.00_gl0.25_pr5.00_c50","tree_length",1,0.7,7,10,1,0.25,50
"nt","model7","tl1.00_gl0.25_pr5.00_c50","gain_loss_neo",4,0.6,6,10,1,0.25,50
"nt","model7","tl1.00_gl0.25_pr5.00_c50","gain_loss_trans",4,NA,0,0,1,0.25,50
"nt","model7","tl1.50_gl0.25_pr5.00_c50","tree_length",1.5,0.4,4,10,1.5,0.25,50
"nt","model7","tl1.50_gl0.25_pr5.00_c50","gain_loss_neo",4,0.6,6,10,1.5,0.25,50
"nt","model7","tl1.50_gl0.25_pr5.00_c50","gain_loss_trans",4,NA,0,0,1.5,0.25,50
"nt","model7","tl2.50_gl0.25_pr5.00_c50","tree_length",2.5,0.125,1,8,2.5,0.25,50
"nt","model7","tl2.50_gl0.25_pr5.00_c50","gain_loss_neo",4,0.75,6,8,2.5,0.25,50
"nt","model7","tl2.50_gl0.25_pr5.00_c50","gain_loss_trans",4,0,0,1,2.5,0.25,50
"nt","model7","tl5.00_gl0.25_pr5.00_c50","tree_length",5,0.222222222222222,2,9,5,0.25,50
"nt","model7","tl5.00_gl0.25_pr5.00_c50","gain_loss_neo",4,0.888888888888889,8,9,5,0.25,50
"nt","model7","tl5.00_gl0.25_pr5.00_c50","gain_loss_trans",4,0,0,2,5,0.25,50
"nt","model7","tl1.00_gl0.50_pr5.00_c50","tree_length",1,0.6,6,10,1,0.5,50
"nt","model7","tl1.00_gl0.50_pr5.00_c50","gain_loss_neo",2,0.9,9,10,1,0.5,50
"nt","model7","tl1.00_gl0.50_pr5.00_c50","gain_loss_trans",2,NA,0,0,1,0.5,50
"nt","model7","tl1.50_gl0.50_pr5.00_c50","tree_length",1.5,0.2,2,10,1.5,0.5,50
"nt","model7","tl1.50_gl0.50_pr5.00_c50","gain_loss_neo",2,0.8,8,10,1.5,0.5,50
"nt","model7","tl1.50_gl0.50_pr5.00_c50","gain_loss_trans",2,NA,0,0,1.5,0.5,50
"nt","model7","tl2.50_gl0.50_pr5.00_c50","tree_length",2.5,0.222222222222222,2,9,2.5,0.5,50
"nt","model7","tl2.50_gl0.50_pr5.00_c50","gain_loss_neo",2,0.777777777777778,7,9,2.5,0.5,50
"nt","model7","tl2.50_gl0.50_pr5.00_c50","gain_loss_trans",2,NA,0,0,2.5,0.5,50
"nt","model7","tl5.00_gl0.50_pr5.00_c50","tree_length",5,0.111111111111111,1,9,5,0.5,50
"nt","model7","tl5.00_gl0.50_pr5.00_c50","gain_loss_neo",2,0.888888888888889,8,9,5,0.5,50
"nt","model7","tl5.00_gl0.50_pr5.00_c50","gain_loss_trans",2,NA,0,0,5,0.5,50
"nt","model7","tl1.00_gl1.00_pr5.00_c50","tree_length",1,0.4,4,10,1,1,50
"nt","model7","tl1.00_gl1.00_pr5.00_c50","gain_loss_neo",1,1,10,10,1,1,50
"nt","model7","tl1.00_gl1.00_pr5.00_c50","gain_loss_trans",1,NA,0,0,1,1,50
"nt","model7","tl1.50_gl1.00_pr5.00_c50","tree_length",1.5,0.3,3,10,1.5,1,50
"nt","model7","tl1.50_gl1.00_pr5.00_c50","gain_loss_neo",1,1,10,10,1.5,1,50
"nt","model7","tl1.50_gl1.00_pr5.00_c50","gain_loss_trans",1,NA,0,0,1.5,1,50
"nt","model7","tl2.50_gl1.00_pr5.00_c50","tree_length",2.5,0.222222222222222,2,9,2.5,1,50
"nt","model7","tl2.50_gl1.00_pr5.00_c50","gain_loss_neo",1,1,9,9,2.5,1,50
"nt","model7","tl2.50_gl1.00_pr5.00_c50","gain_loss_trans",1,1,1,1,2.5,1,50
"nt","model7","tl5.00_gl1.00_pr5.00_c50","tree_length",5,0.222222222222222,2,9,5,1,50
"nt","model7","tl5.00_gl1.00_pr5.00_c50","gain_loss_neo",1,0.888888888888889,8,9,5,1,50
"nt","model7","tl5.00_gl1.00_pr5.00_c50","gain_loss_trans",1,1,1,1,5,1,50
"nt","model7","tl1.00_gl0.10_pr1.00_c100","tree_length",1,0.8,8,10,1,0.1,100
"nt","model7","tl1.00_gl0.10_pr1.00_c100","gain_loss_neo",10,1,10,10,1,0.1,100
"nt","model7","tl1.00_gl0.10_pr1.00_c100","gain_loss_trans",10,NA,0,0,1,0.1,100
"nt","model7","tl1.50_gl0.10_pr1.00_c100","tree_length",1.5,0.7,7,10,1.5,0.1,100
"nt","model7","tl1.50_gl0.10_pr1.00_c100","gain_loss_neo",10,0.9,9,10,1.5,0.1,100
"nt","model7","tl1.50_gl0.10_pr1.00_c100","gain_loss_trans",10,0,0,1,1.5,0.1,100
"nt","model7","tl2.50_gl0.10_pr1.00_c100","tree_length",2.5,0.875,7,8,2.5,0.1,100
"nt","model7","tl2.50_gl0.10_pr1.00_c100","gain_loss_neo",10,0.75,6,8,2.5,0.1,100
"nt","model7","tl2.50_gl0.10_pr1.00_c100","gain_loss_trans",10,NA,0,0,2.5,0.1,100
"nt","model7","tl5.00_gl0.10_pr1.00_c100","tree_length",5,0.8,8,10,5,0.1,100
"nt","model7","tl5.00_gl0.10_pr1.00_c100","gain_loss_neo",10,0.9,9,10,5,0.1,100
"nt","model7","tl5.00_gl0.10_pr1.00_c100","gain_loss_trans",10,0,0,1,5,0.1,100
"nt","model7","tl1.00_gl0.25_pr1.00_c100","tree_length",1,0.7,7,10,1,0.25,100
"nt","model7","tl1.00_gl0.25_pr1.00_c100","gain_loss_neo",4,0.9,9,10,1,0.25,100
"nt","model7","tl1.00_gl0.25_pr1.00_c100","gain_loss_trans",4,NA,0,0,1,0.25,100
"nt","model7","tl1.50_gl0.25_pr1.00_c100","tree_length",1.5,0.7,7,10,1.5,0.25,100
"nt","model7","tl1.50_gl0.25_pr1.00_c100","gain_loss_neo",4,1,10,10,1.5,0.25,100
"nt","model7","tl1.50_gl0.25_pr1.00_c100","gain_loss_trans",4,NA,0,0,1.5,0.25,100
"nt","model7","tl2.50_gl0.25_pr1.00_c100","tree_length",2.5,0.7,7,10,2.5,0.25,100
"nt","model7","tl2.50_gl0.25_pr1.00_c100","gain_loss_neo",4,1,10,10,2.5,0.25,100
"nt","model7","tl2.50_gl0.25_pr1.00_c100","gain_loss_trans",4,0,0,1,2.5,0.25,100
"nt","model7","tl5.00_gl0.25_pr1.00_c100","tree_length",5,0.8,8,10,5,0.25,100
"nt","model7","tl5.00_gl0.25_pr1.00_c100","gain_loss_neo",4,1,10,10,5,0.25,100
"nt","model7","tl5.00_gl0.25_pr1.00_c100","gain_loss_trans",4,NA,0,0,5,0.25,100
"nt","model7","tl1.00_gl0.50_pr1.00_c100","tree_length",1,0.7,7,10,1,0.5,100
"nt","model7","tl1.00_gl0.50_pr1.00_c100","gain_loss_neo",2,1,10,10,1,0.5,100
"nt","model7","tl1.00_gl0.50_pr1.00_c100","gain_loss_trans",2,NA,0,0,1,0.5,100
"nt","model7","tl1.50_gl0.50_pr1.00_c100","tree_length",1.5,0.6,6,10,1.5,0.5,100
"nt","model7","tl1.50_gl0.50_pr1.00_c100","gain_loss_neo",2,1,10,10,1.5,0.5,100
"nt","model7","tl1.50_gl0.50_pr1.00_c100","gain_loss_trans",2,NA,0,0,1.5,0.5,100
"nt","model7","tl2.50_gl0.50_pr1.00_c100","tree_length",2.5,0.8,8,10,2.5,0.5,100
"nt","model7","tl2.50_gl0.50_pr1.00_c100","gain_loss_neo",2,1,10,10,2.5,0.5,100
"nt","model7","tl2.50_gl0.50_pr1.00_c100","gain_loss_trans",2,0,0,1,2.5,0.5,100
"nt","model7","tl5.00_gl0.50_pr1.00_c100","tree_length",5,0.7,7,10,5,0.5,100
"nt","model7","tl5.00_gl0.50_pr1.00_c100","gain_loss_neo",2,1,10,10,5,0.5,100
"nt","model7","tl5.00_gl0.50_pr1.00_c100","gain_loss_trans",2,0,0,1,5,0.5,100
"nt","model7","tl1.00_gl1.00_pr1.00_c100","tree_length",1,0.6,6,10,1,1,100
"nt","model7","tl1.00_gl1.00_pr1.00_c100","gain_loss_neo",1,1,10,10,1,1,100
"nt","model7","tl1.00_gl1.00_pr1.00_c100","gain_loss_trans",1,NA,0,0,1,1,100
"nt","model7","tl1.50_gl1.00_pr1.00_c100","tree_length",1.5,0.7,7,10,1.5,1,100
"nt","model7","tl1.50_gl1.00_pr1.00_c100","gain_loss_neo",1,1,10,10,1.5,1,100
"nt","model7","tl1.50_gl1.00_pr1.00_c100","gain_loss_trans",1,NA,0,0,1.5,1,100
"nt","model7","tl2.50_gl1.00_pr1.00_c100","tree_length",2.5,0.5,5,10,2.5,1,100
"nt","model7","tl2.50_gl1.00_pr1.00_c100","gain_loss_neo",1,1,10,10,2.5,1,100
"nt","model7","tl2.50_gl1.00_pr1.00_c100","gain_loss_trans",1,1,1,1,2.5,1,100
"nt","model7","tl5.00_gl1.00_pr1.00_c100","tree_length",5,0.8,8,10,5,1,100
"nt","model7","tl5.00_gl1.00_pr1.00_c100","gain_loss_neo",1,1,10,10,5,1,100
"nt","model7","tl5.00_gl1.00_pr1.00_c100","gain_loss_trans",1,NA,0,0,5,1,100
"nt","model7","tl1.00_gl0.10_pr2.50_c100","tree_length",1,0.8,8,10,1,0.1,100
"nt","model7","tl1.00_gl0.10_pr2.50_c100","gain_loss_neo",10,0.9,9,10,1,0.1,100
"nt","model7","tl1.00_gl0.10_pr2.50_c100","gain_loss_trans",10,NA,0,0,1,0.1,100
"nt","model7","tl1.50_gl0.10_pr2.50_c100","tree_length",1.5,0.75,6,8,1.5,0.1,100
"nt","model7","tl1.50_gl0.10_pr2.50_c100","gain_loss_neo",10,0.625,5,8,1.5,0.1,100
"nt","model7","tl1.50_gl0.10_pr2.50_c100","gain_loss_trans",10,0,0,1,1.5,0.1,100
"nt","model7","tl2.50_gl0.10_pr2.50_c100","tree_length",2.5,0.888888888888889,8,9,2.5,0.1,100
"nt","model7","tl2.50_gl0.10_pr2.50_c100","gain_loss_neo",10,0.888888888888889,8,9,2.5,0.1,100
"nt","model7","tl2.50_gl0.10_pr2.50_c100","gain_loss_trans",10,NA,0,0,2.5,0.1,100
"nt","model7","tl5.00_gl0.10_pr2.50_c100","tree_length",5,0.3,3,10,5,0.1,100
"nt","model7","tl5.00_gl0.10_pr2.50_c100","gain_loss_neo",10,0.9,9,10,5,0.1,100
"nt","model7","tl5.00_gl0.10_pr2.50_c100","gain_loss_trans",10,0,0,1,5,0.1,100
"nt","model7","tl1.00_gl0.25_pr2.50_c100","tree_length",1,0.7,7,10,1,0.25,100
"nt","model7","tl1.00_gl0.25_pr2.50_c100","gain_loss_neo",4,1,10,10,1,0.25,100
"nt","model7","tl1.00_gl0.25_pr2.50_c100","gain_loss_trans",4,0,0,1,1,0.25,100
"nt","model7","tl1.50_gl0.25_pr2.50_c100","tree_length",1.5,0.5,5,10,1.5,0.25,100
"nt","model7","tl1.50_gl0.25_pr2.50_c100","gain_loss_neo",4,1,10,10,1.5,0.25,100
"nt","model7","tl1.50_gl0.25_pr2.50_c100","gain_loss_trans",4,NA,0,0,1.5,0.25,100
"nt","model7","tl2.50_gl0.25_pr2.50_c100","tree_length",2.5,0.333333333333333,3,9,2.5,0.25,100
"nt","model7","tl2.50_gl0.25_pr2.50_c100","gain_loss_neo",4,1,9,9,2.5,0.25,100
"nt","model7","tl2.50_gl0.25_pr2.50_c100","gain_loss_trans",4,NA,0,0,2.5,0.25,100
"nt","model7","tl5.00_gl0.25_pr2.50_c100","tree_length",5,0.1,1,10,5,0.25,100
"nt","model7","tl5.00_gl0.25_pr2.50_c100","gain_loss_neo",4,1,10,10,5,0.25,100
"nt","model7","tl5.00_gl0.25_pr2.50_c100","gain_loss_trans",4,NA,0,0,5,0.25,100
"nt","model7","tl1.00_gl0.50_pr2.50_c100","tree_length",1,0.555555555555556,5,9,1,0.5,100
"nt","model7","tl1.00_gl0.50_pr2.50_c100","gain_loss_neo",2,1,9,9,1,0.5,100
"nt","model7","tl1.00_gl0.50_pr2.50_c100","gain_loss_trans",2,0,0,1,1,0.5,100
"nt","model7","tl1.50_gl0.50_pr2.50_c100","tree_length",1.5,0.2,2,10,1.5,0.5,100
"nt","model7","tl1.50_gl0.50_pr2.50_c100","gain_loss_neo",2,1,10,10,1.5,0.5,100
"nt","model7","tl1.50_gl0.50_pr2.50_c100","gain_loss_trans",2,0,0,1,1.5,0.5,100
"nt","model7","tl2.50_gl0.50_pr2.50_c100","tree_length",2.5,0.142857142857143,1,7,2.5,0.5,100
"nt","model7","tl2.50_gl0.50_pr2.50_c100","gain_loss_neo",2,0.571428571428571,4,7,2.5,0.5,100
"nt","model7","tl2.50_gl0.50_pr2.50_c100","gain_loss_trans",2,NA,0,0,2.5,0.5,100
"nt","model7","tl5.00_gl0.50_pr2.50_c100","tree_length",5,0.4,4,10,5,0.5,100
"nt","model7","tl5.00_gl0.50_pr2.50_c100","gain_loss_neo",2,0.9,9,10,5,0.5,100
"nt","model7","tl5.00_gl0.50_pr2.50_c100","gain_loss_trans",2,NA,0,0,5,0.5,100
"nt","model7","tl1.00_gl1.00_pr2.50_c100","tree_length",1,0.6,6,10,1,1,100
"nt","model7","tl1.00_gl1.00_pr2.50_c100","gain_loss_neo",1,1,10,10,1,1,100
"nt","model7","tl1.00_gl1.00_pr2.50_c100","gain_loss_trans",1,1,1,1,1,1,100
"nt","model7","tl1.50_gl1.00_pr2.50_c100","tree_length",1.5,0.333333333333333,3,9,1.5,1,100
"nt","model7","tl1.50_gl1.00_pr2.50_c100","gain_loss_neo",1,1,9,9,1.5,1,100
"nt","model7","tl1.50_gl1.00_pr2.50_c100","gain_loss_trans",1,NA,0,0,1.5,1,100
"nt","model7","tl2.50_gl1.00_pr2.50_c100","tree_length",2.5,0.142857142857143,1,7,2.5,1,100
"nt","model7","tl2.50_gl1.00_pr2.50_c100","gain_loss_neo",1,1,7,7,2.5,1,100
"nt","model7","tl2.50_gl1.00_pr2.50_c100","gain_loss_trans",1,NA,0,0,2.5,1,100
"nt","model7","tl5.00_gl1.00_pr2.50_c100","tree_length",5,0.3,3,10,5,1,100
"nt","model7","tl5.00_gl1.00_pr2.50_c100","gain_loss_neo",1,1,10,10,5,1,100
"nt","model7","tl5.00_gl1.00_pr2.50_c100","gain_loss_trans",1,NA,0,0,5,1,100
"nt","model7","tl1.00_gl0.10_pr5.00_c100","tree_length",1,0.444444444444444,4,9,1,0.1,100
"nt","model7","tl1.00_gl0.10_pr5.00_c100","gain_loss_neo",10,0.222222222222222,2,9,1,0.1,100
"nt","model7","tl1.00_gl0.10_pr5.00_c100","gain_loss_trans",10,0,0,1,1,0.1,100
"nt","model7","tl1.50_gl0.10_pr5.00_c100","tree_length",1.5,0.125,1,8,1.5,0.1,100
"nt","model7","tl1.50_gl0.10_pr5.00_c100","gain_loss_neo",10,0.375,3,8,1.5,0.1,100
"nt","model7","tl1.50_gl0.10_pr5.00_c100","gain_loss_trans",10,NA,0,0,1.5,0.1,100
"nt","model7","tl2.50_gl0.10_pr5.00_c100","tree_length",2.5,0.285714285714286,2,7,2.5,0.1,100
"nt","model7","tl2.50_gl0.10_pr5.00_c100","gain_loss_neo",10,0.571428571428571,4,7,2.5,0.1,100
"nt","model7","tl2.50_gl0.10_pr5.00_c100","gain_loss_trans",10,NA,0,0,2.5,0.1,100
"nt","model7","tl5.00_gl0.10_pr5.00_c100","tree_length",5,0.2,2,10,5,0.1,100
"nt","model7","tl5.00_gl0.10_pr5.00_c100","gain_loss_neo",10,1,10,10,5,0.1,100
"nt","model7","tl5.00_gl0.10_pr5.00_c100","gain_loss_trans",10,NA,0,0,5,0.1,100
"nt","model7","tl1.00_gl0.25_pr5.00_c100","tree_length",1,0.4,4,10,1,0.25,100
"nt","model7","tl1.00_gl0.25_pr5.00_c100","gain_loss_neo",4,0.6,6,10,1,0.25,100
"nt","model7","tl1.00_gl0.25_pr5.00_c100","gain_loss_trans",4,0,0,1,1,0.25,100
"nt","model7","tl1.50_gl0.25_pr5.00_c100","tree_length",1.5,0.125,1,8,1.5,0.25,100
"nt","model7","tl1.50_gl0.25_pr5.00_c100","gain_loss_neo",4,1,8,8,1.5,0.25,100
"nt","model7","tl1.50_gl0.25_pr5.00_c100","gain_loss_trans",4,NA,0,0,1.5,0.25,100
"nt","model7","tl2.50_gl0.25_pr5.00_c100","tree_length",2.5,0.142857142857143,1,7,2.5,0.25,100
"nt","model7","tl2.50_gl0.25_pr5.00_c100","gain_loss_neo",4,0.714285714285714,5,7,2.5,0.25,100
"nt","model7","tl2.50_gl0.25_pr5.00_c100","gain_loss_trans",4,NA,0,0,2.5,0.25,100
"nt","model7","tl5.00_gl0.25_pr5.00_c100","tree_length",5,0.1,1,10,5,0.25,100
"nt","model7","tl5.00_gl0.25_pr5.00_c100","gain_loss_neo",4,0.9,9,10,5,0.25,100
"nt","model7","tl5.00_gl0.25_pr5.00_c100","gain_loss_trans",4,0,0,1,5,0.25,100
"nt","model7","tl1.00_gl0.50_pr5.00_c100","tree_length",1,0.3,3,10,1,0.5,100
"nt","model7","tl1.00_gl0.50_pr5.00_c100","gain_loss_neo",2,1,10,10,1,0.5,100
"nt","model7","tl1.00_gl0.50_pr5.00_c100","gain_loss_trans",2,1,1,1,1,0.5,100
"nt","model7","tl1.50_gl0.50_pr5.00_c100","tree_length",1.5,0.142857142857143,1,7,1.5,0.5,100
"nt","model7","tl1.50_gl0.50_pr5.00_c100","gain_loss_neo",2,0.857142857142857,6,7,1.5,0.5,100
"nt","model7","tl1.50_gl0.50_pr5.00_c100","gain_loss_trans",2,NA,0,0,1.5,0.5,100
"nt","model7","tl2.50_gl0.50_pr5.00_c100","tree_length",2.5,0.142857142857143,1,7,2.5,0.5,100
"nt","model7","tl2.50_gl0.50_pr5.00_c100","gain_loss_neo",2,1,7,7,2.5,0.5,100
"nt","model7","tl2.50_gl0.50_pr5.00_c100","gain_loss_trans",2,NA,0,0,2.5,0.5,100
"nt","model7","tl5.00_gl0.50_pr5.00_c100","tree_length",5,0.2,2,10,5,0.5,100
"nt","model7","tl5.00_gl0.50_pr5.00_c100","gain_loss_neo",2,1,10,10,5,0.5,100
"nt","model7","tl5.00_gl0.50_pr5.00_c100","gain_loss_trans",2,NA,0,0,5,0.5,100
"nt","model7","tl1.00_gl1.00_pr5.00_c100","tree_length",1,0.25,2,8,1,1,100
"nt","model7","tl1.00_gl1.00_pr5.00_c100","gain_loss_neo",1,0.875,7,8,1,1,100
"nt","model7","tl1.00_gl1.00_pr5.00_c100","gain_loss_trans",1,1,1,1,1,1,100
"nt","model7","tl1.50_gl1.00_pr5.00_c100","tree_length",1.5,0.142857142857143,1,7,1.5,1,100
"nt","model7","tl1.50_gl1.00_pr5.00_c100","gain_loss_neo",1,1,7,7,1.5,1,100
"nt","model7","tl1.50_gl1.00_pr5.00_c100","gain_loss_trans",1,NA,0,0,1.5,1,100
"nt","model7","tl2.50_gl1.00_pr5.00_c100","tree_length",2.5,0.125,1,8,2.5,1,100
"nt","model7","tl2.50_gl1.00_pr5.00_c100","gain_loss_neo",1,0.875,7,8,2.5,1,100
"nt","model7","tl2.50_gl1.00_pr5.00_c100","gain_loss_trans",1,NA,0,0,2.5,1,100
"nt","model7","tl5.00_gl1.00_pr5.00_c100","tree_length",5,0.1,1,10,5,1,100
"nt","model7","tl5.00_gl1.00_pr5.00_c100","gain_loss_neo",1,1,10,10,5,1,100
"nt","model7","tl5.00_gl1.00_pr5.00_c100","gain_loss_trans",1,NA,0,0,5,1,100
"nt","model7","tl1.00_gl0.10_pr1.00_c200","tree_length",1,0.8,8,10,1,0.1,200
"nt","model7","tl1.00_gl0.10_pr1.00_c200","gain_loss_neo",10,0.9,9,10,1,0.1,200
"nt","model7","tl1.00_gl0.10_pr1.00_c200","gain_loss_trans",10,0,0,1,1,0.1,200
"nt","model7","tl1.50_gl0.10_pr1.00_c200","tree_length",1.5,0.666666666666667,6,9,1.5,0.1,200
"nt","model7","tl1.50_gl0.10_pr1.00_c200","gain_loss_neo",10,0.888888888888889,8,9,1.5,0.1,200
"nt","model7","tl1.50_gl0.10_pr1.00_c200","gain_loss_trans",10,0,0,2,1.5,0.1,200
"nt","model7","tl2.50_gl0.10_pr1.00_c200","tree_length",2.5,0.75,6,8,2.5,0.1,200
"nt","model7","tl2.50_gl0.10_pr1.00_c200","gain_loss_neo",10,1,8,8,2.5,0.1,200
"nt","model7","tl2.50_gl0.10_pr1.00_c200","gain_loss_trans",10,NA,0,0,2.5,0.1,200
"nt","model7","tl5.00_gl0.10_pr1.00_c200","tree_length",5,1,10,10,5,0.1,200
"nt","model7","tl5.00_gl0.10_pr1.00_c200","gain_loss_neo",10,0.9,9,10,5,0.1,200
"nt","model7","tl5.00_gl0.10_pr1.00_c200","gain_loss_trans",10,NA,0,0,5,0.1,200
"nt","model7","tl1.00_gl0.25_pr1.00_c200","tree_length",1,0.625,5,8,1,0.25,200
"nt","model7","tl1.00_gl0.25_pr1.00_c200","gain_loss_neo",4,1,8,8,1,0.25,200
"nt","model7","tl1.00_gl0.25_pr1.00_c200","gain_loss_trans",4,0,0,1,1,0.25,200
"nt","model7","tl1.50_gl0.25_pr1.00_c200","tree_length",1.5,0.5,4,8,1.5,0.25,200
"nt","model7","tl1.50_gl0.25_pr1.00_c200","gain_loss_neo",4,1,8,8,1.5,0.25,200
"nt","model7","tl1.50_gl0.25_pr1.00_c200","gain_loss_trans",4,0,0,1,1.5,0.25,200
"nt","model7","tl2.50_gl0.25_pr1.00_c200","tree_length",2.5,0.75,6,8,2.5,0.25,200
"nt","model7","tl2.50_gl0.25_pr1.00_c200","gain_loss_neo",4,0.875,7,8,2.5,0.25,200
"nt","model7","tl2.50_gl0.25_pr1.00_c200","gain_loss_trans",4,NA,0,0,2.5,0.25,200
"nt","model7","tl5.00_gl0.25_pr1.00_c200","tree_length",5,0.6,6,10,5,0.25,200
"nt","model7","tl5.00_gl0.25_pr1.00_c200","gain_loss_neo",4,1,10,10,5,0.25,200
"nt","model7","tl5.00_gl0.25_pr1.00_c200","gain_loss_trans",4,NA,0,0,5,0.25,200
"nt","model7","tl1.00_gl0.50_pr1.00_c200","tree_length",1,0.666666666666667,6,9,1,0.5,200
"nt","model7","tl1.00_gl0.50_pr1.00_c200","gain_loss_neo",2,1,9,9,1,0.5,200
"nt","model7","tl1.00_gl0.50_pr1.00_c200","gain_loss_trans",2,NA,0,0,1,0.5,200
"nt","model7","tl1.50_gl0.50_pr1.00_c200","tree_length",1.5,0.666666666666667,6,9,1.5,0.5,200
"nt","model7","tl1.50_gl0.50_pr1.00_c200","gain_loss_neo",2,1,9,9,1.5,0.5,200
"nt","model7","tl1.50_gl0.50_pr1.00_c200","gain_loss_trans",2,0,0,2,1.5,0.5,200
"nt","model7","tl2.50_gl0.50_pr1.00_c200","tree_length",2.5,0.428571428571429,3,7,2.5,0.5,200
"nt","model7","tl2.50_gl0.50_pr1.00_c200","gain_loss_neo",2,0.857142857142857,6,7,2.5,0.5,200
"nt","model7","tl2.50_gl0.50_pr1.00_c200","gain_loss_trans",2,NA,0,0,2.5,0.5,200
"nt","model7","tl5.00_gl0.50_pr1.00_c200","tree_length",5,0.5,5,10,5,0.5,200
"nt","model7","tl5.00_gl0.50_pr1.00_c200","gain_loss_neo",2,1,10,10,5,0.5,200
"nt","model7","tl5.00_gl0.50_pr1.00_c200","gain_loss_trans",2,NA,0,0,5,0.5,200
"nt","model7","tl1.00_gl1.00_pr1.00_c200","tree_length",1,0.666666666666667,6,9,1,1,200
"nt","model7","tl1.00_gl1.00_pr1.00_c200","gain_loss_neo",1,0.888888888888889,8,9,1,1,200
"nt","model7","tl1.00_gl1.00_pr1.00_c200","gain_loss_trans",1,NA,0,0,1,1,200
"nt","model7","tl1.50_gl1.00_pr1.00_c200","tree_length",1.5,0.7,7,10,1.5,1,200
"nt","model7","tl1.50_gl1.00_pr1.00_c200","gain_loss_neo",1,1,10,10,1.5,1,200
"nt","model7","tl1.50_gl1.00_pr1.00_c200","gain_loss_trans",1,NA,0,0,1.5,1,200
"nt","model7","tl2.50_gl1.00_pr1.00_c200","tree_length",2.5,0.555555555555556,5,9,2.5,1,200
"nt","model7","tl2.50_gl1.00_pr1.00_c200","gain_loss_neo",1,0.888888888888889,8,9,2.5,1,200
"nt","model7","tl2.50_gl1.00_pr1.00_c200","gain_loss_trans",1,1,1,1,2.5,1,200
"nt","model7","tl5.00_gl1.00_pr1.00_c200","tree_length",5,0.3,3,10,5,1,200
"nt","model7","tl5.00_gl1.00_pr1.00_c200","gain_loss_neo",1,0.9,9,10,5,1,200
"nt","model7","tl5.00_gl1.00_pr1.00_c200","gain_loss_trans",1,1,1,1,5,1,200
"nt","model7","tl1.00_gl0.10_pr2.50_c200","tree_length",1,0.625,5,8,1,0.1,200
"nt","model7","tl1.00_gl0.10_pr2.50_c200","gain_loss_neo",10,0.375,3,8,1,0.1,200
"nt","model7","tl1.00_gl0.10_pr2.50_c200","gain_loss_trans",10,0,0,1,1,0.1,200
"nt","model7","tl1.50_gl0.10_pr2.50_c200","tree_length",1.5,0.125,1,8,1.5,0.1,200
"nt","model7","tl1.50_gl0.10_pr2.50_c200","gain_loss_neo",10,0.625,5,8,1.5,0.1,200
"nt","model7","tl1.50_gl0.10_pr2.50_c200","gain_loss_trans",10,NA,0,0,1.5,0.1,200
"nt","model7","tl2.50_gl0.10_pr2.50_c200","tree_length",2.5,0.222222222222222,2,9,2.5,0.1,200
"nt","model7","tl2.50_gl0.10_pr2.50_c200","gain_loss_neo",10,0.777777777777778,7,9,2.5,0.1,200
"nt","model7","tl2.50_gl0.10_pr2.50_c200","gain_loss_trans",10,0,0,2,2.5,0.1,200
"nt","model7","tl5.00_gl0.10_pr2.50_c200","tree_length",5,0.3,3,10,5,0.1,200
"nt","model7","tl5.00_gl0.10_pr2.50_c200","gain_loss_neo",10,1,10,10,5,0.1,200
"nt","model7","tl5.00_gl0.10_pr2.50_c200","gain_loss_trans",10,NA,0,0,5,0.1,200
"nt","model7","tl1.00_gl0.25_pr2.50_c200","tree_length",1,0.2,2,10,1,0.25,200
"nt","model7","tl1.00_gl0.25_pr2.50_c200","gain_loss_neo",4,0.7,7,10,1,0.25,200
"nt","model7","tl1.00_gl0.25_pr2.50_c200","gain_loss_trans",4,0,0,1,1,0.25,200
"nt","model7","tl1.50_gl0.25_pr2.50_c200","tree_length",1.5,0,0,8,1.5,0.25,200
"nt","model7","tl1.50_gl0.25_pr2.50_c200","gain_loss_neo",4,0.75,6,8,1.5,0.25,200
"nt","model7","tl1.50_gl0.25_pr2.50_c200","gain_loss_trans",4,NA,0,0,1.5,0.25,200
"nt","model7","tl2.50_gl0.25_pr2.50_c200","tree_length",2.5,0.25,2,8,2.5,0.25,200
"nt","model7","tl2.50_gl0.25_pr2.50_c200","gain_loss_neo",4,1,8,8,2.5,0.25,200
"nt","model7","tl2.50_gl0.25_pr2.50_c200","gain_loss_trans",4,0,0,1,2.5,0.25,200
"nt","model7","tl5.00_gl0.25_pr2.50_c200","tree_length",5,0,0,10,5,0.25,200
"nt","model7","tl5.00_gl0.25_pr2.50_c200","gain_loss_neo",4,1,10,10,5,0.25,200
"nt","model7","tl5.00_gl0.25_pr2.50_c200","gain_loss_trans",4,NA,0,0,5,0.25,200
"nt","model7","tl1.00_gl0.50_pr2.50_c200","tree_length",1,0.2,2,10,1,0.5,200
"nt","model7","tl1.00_gl0.50_pr2.50_c200","gain_loss_neo",2,0.9,9,10,1,0.5,200
"nt","model7","tl1.00_gl0.50_pr2.50_c200","gain_loss_trans",2,NA,0,0,1,0.5,200
"nt","model7","tl1.50_gl0.50_pr2.50_c200","tree_length",1.5,0.142857142857143,1,7,1.5,0.5,200
"nt","model7","tl1.50_gl0.50_pr2.50_c200","gain_loss_neo",2,0.857142857142857,6,7,1.5,0.5,200
"nt","model7","tl1.50_gl0.50_pr2.50_c200","gain_loss_trans",2,NA,0,0,1.5,0.5,200
"nt","model7","tl2.50_gl0.50_pr2.50_c200","tree_length",2.5,0,0,8,2.5,0.5,200
"nt","model7","tl2.50_gl0.50_pr2.50_c200","gain_loss_neo",2,1,8,8,2.5,0.5,200
"nt","model7","tl2.50_gl0.50_pr2.50_c200","gain_loss_trans",2,NA,0,0,2.5,0.5,200
"nt","model7","tl5.00_gl0.50_pr2.50_c200","tree_length",5,0.2,2,10,5,0.5,200
"nt","model7","tl5.00_gl0.50_pr2.50_c200","gain_loss_neo",2,1,10,10,5,0.5,200
"nt","model7","tl5.00_gl0.50_pr2.50_c200","gain_loss_trans",2,0,0,1,5,0.5,200
"nt","model7","tl1.00_gl1.00_pr2.50_c200","tree_length",1,0.1,1,10,1,1,200
"nt","model7","tl1.00_gl1.00_pr2.50_c200","gain_loss_neo",1,0.9,9,10,1,1,200
"nt","model7","tl1.00_gl1.00_pr2.50_c200","gain_loss_trans",1,1,1,1,1,1,200
"nt","model7","tl1.50_gl1.00_pr2.50_c200","tree_length",1.5,0,0,8,1.5,1,200
"nt","model7","tl1.50_gl1.00_pr2.50_c200","gain_loss_neo",1,1,8,8,1.5,1,200
"nt","model7","tl1.50_gl1.00_pr2.50_c200","gain_loss_trans",1,NA,0,0,1.5,1,200
"nt","model7","tl2.50_gl1.00_pr2.50_c200","tree_length",2.5,0.25,2,8,2.5,1,200
"nt","model7","tl2.50_gl1.00_pr2.50_c200","gain_loss_neo",1,1,8,8,2.5,1,200
"nt","model7","tl2.50_gl1.00_pr2.50_c200","gain_loss_trans",1,NA,0,0,2.5,1,200
"nt","model7","tl5.00_gl1.00_pr2.50_c200","tree_length",5,0.2,2,10,5,1,200
"nt","model7","tl5.00_gl1.00_pr2.50_c200","gain_loss_neo",1,0.9,9,10,5,1,200
"nt","model7","tl5.00_gl1.00_pr2.50_c200","gain_loss_trans",1,0.5,1,2,5,1,200
"nt","model7","tl1.00_gl0.10_pr5.00_c200","tree_length",1,0.125,1,8,1,0.1,200
"nt","model7","tl1.00_gl0.10_pr5.00_c200","gain_loss_neo",10,0.375,3,8,1,0.1,200
"nt","model7","tl1.00_gl0.10_pr5.00_c200","gain_loss_trans",10,0,0,1,1,0.1,200
"nt","model7","tl1.50_gl0.10_pr5.00_c200","tree_length",1.5,0.125,1,8,1.5,0.1,200
"nt","model7","tl1.50_gl0.10_pr5.00_c200","gain_loss_neo",10,0.25,2,8,1.5,0.1,200
"nt","model7","tl1.50_gl0.10_pr5.00_c200","gain_loss_trans",10,NA,0,0,1.5,0.1,200
"nt","model7","tl2.50_gl0.10_pr5.00_c200","tree_length",2.5,0.222222222222222,2,9,2.5,0.1,200
"nt","model7","tl2.50_gl0.10_pr5.00_c200","gain_loss_neo",10,0.777777777777778,7,9,2.5,0.1,200
"nt","model7","tl2.50_gl0.10_pr5.00_c200","gain_loss_trans",10,NA,0,0,2.5,0.1,200
"nt","model7","tl5.00_gl0.10_pr5.00_c200","tree_length",5,0.2,2,10,5,0.1,200
"nt","model7","tl5.00_gl0.10_pr5.00_c200","gain_loss_neo",10,0.8,8,10,5,0.1,200
"nt","model7","tl5.00_gl0.10_pr5.00_c200","gain_loss_trans",10,NA,0,0,5,0.1,200
"nt","model7","tl1.00_gl0.25_pr5.00_c200","tree_length",1,0.125,1,8,1,0.25,200
"nt","model7","tl1.00_gl0.25_pr5.00_c200","gain_loss_neo",4,0.625,5,8,1,0.25,200
"nt","model7","tl1.00_gl0.25_pr5.00_c200","gain_loss_trans",4,NA,0,0,1,0.25,200
"nt","model7","tl1.50_gl0.25_pr5.00_c200","tree_length",1.5,0.125,1,8,1.5,0.25,200
"nt","model7","tl1.50_gl0.25_pr5.00_c200","gain_loss_neo",4,0.75,6,8,1.5,0.25,200
"nt","model7","tl1.50_gl0.25_pr5.00_c200","gain_loss_trans",4,NA,0,0,1.5,0.25,200
"nt","model7","tl2.50_gl0.25_pr5.00_c200","tree_length",2.5,0,0,9,2.5,0.25,200
"nt","model7","tl2.50_gl0.25_pr5.00_c200","gain_loss_neo",4,1,9,9,2.5,0.25,200
"nt","model7","tl2.50_gl0.25_pr5.00_c200","gain_loss_trans",4,NA,0,0,2.5,0.25,200
"nt","model7","tl5.00_gl0.25_pr5.00_c200","tree_length",5,0,0,9,5,0.25,200
"nt","model7","tl5.00_gl0.25_pr5.00_c200","gain_loss_neo",4,1,9,9,5,0.25,200
"nt","model7","tl5.00_gl0.25_pr5.00_c200","gain_loss_trans",4,0,0,1,5,0.25,200
"nt","model7","tl1.00_gl0.50_pr5.00_c200","tree_length",1,0.25,2,8,1,0.5,200
"nt","model7","tl1.00_gl0.50_pr5.00_c200","gain_loss_neo",2,0.75,6,8,1,0.5,200
"nt","model7","tl1.00_gl0.50_pr5.00_c200","gain_loss_trans",2,NA,0,0,1,0.5,200
"nt","model7","tl1.50_gl0.50_pr5.00_c200","tree_length",1.5,0.166666666666667,1,6,1.5,0.5,200
"nt","model7","tl1.50_gl0.50_pr5.00_c200","gain_loss_neo",2,1,6,6,1.5,0.5,200
"nt","model7","tl1.50_gl0.50_pr5.00_c200","gain_loss_trans",2,NA,0,0,1.5,0.5,200
"nt","model7","tl2.50_gl0.50_pr5.00_c200","tree_length",2.5,0,0,7,2.5,0.5,200
"nt","model7","tl2.50_gl0.50_pr5.00_c200","gain_loss_neo",2,0.857142857142857,6,7,2.5,0.5,200
"nt","model7","tl2.50_gl0.50_pr5.00_c200","gain_loss_trans",2,NA,0,0,2.5,0.5,200
"nt","model7","tl5.00_gl0.50_pr5.00_c200","tree_length",5,0,0,10,5,0.5,200
"nt","model7","tl5.00_gl0.50_pr5.00_c200","gain_loss_neo",2,0.9,9,10,5,0.5,200
"nt","model7","tl5.00_gl0.50_pr5.00_c200","gain_loss_trans",2,0,0,3,5,0.5,200
"nt","model7","tl1.00_gl1.00_pr5.00_c200","tree_length",1,0.142857142857143,1,7,1,1,200
"nt","model7","tl1.00_gl1.00_pr5.00_c200","gain_loss_neo",1,0.857142857142857,6,7,1,1,200
"nt","model7","tl1.00_gl1.00_pr5.00_c200","gain_loss_trans",1,NA,0,0,1,1,200
"nt","model7","tl1.50_gl1.00_pr5.00_c200","tree_length",1.5,0,0,9,1.5,1,200
"nt","model7","tl1.50_gl1.00_pr5.00_c200","gain_loss_neo",1,1,9,9,1.5,1,200
"nt","model7","tl1.50_gl1.00_pr5.00_c200","gain_loss_trans",1,1,1,1,1.5,1,200
"nt","model7","tl2.50_gl1.00_pr5.00_c200","tree_length",2.5,0,0,8,2.5,1,200
"nt","model7","tl2.50_gl1.00_pr5.00_c200","gain_loss_neo",1,1,8,8,2.5,1,200
"nt","model7","tl2.50_gl1.00_pr5.00_c200","gain_loss_trans",1,NA,0,0,2.5,1,200
"nt","model7","tl5.00_gl1.00_pr5.00_c200","tree_length",5,0.1,1,10,5,1,200
"nt","model7","tl5.00_gl1.00_pr5.00_c200","gain_loss_neo",1,0.9,9,10,5,1,200
"nt","model7","tl5.00_gl1.00_pr5.00_c200","gain_loss_trans",1,0,0,1,5,1,200
"nt","model8","tl1.00_gl0.10_pr1.00_c25","tree_length",1,0.8,8,10,1,0.1,25
"nt","model8","tl1.00_gl0.10_pr1.00_c25","gain_loss_neo",10,0.8,8,10,1,0.1,25
"nt","model8","tl1.00_gl0.10_pr1.00_c25","gain_loss_trans",10,NA,0,0,1,0.1,25
"nt","model8","tl1.50_gl0.10_pr1.00_c25","tree_length",1.5,0.8,8,10,1.5,0.1,25
"nt","model8","tl1.50_gl0.10_pr1.00_c25","gain_loss_neo",10,1,10,10,1.5,0.1,25
"nt","model8","tl1.50_gl0.10_pr1.00_c25","gain_loss_trans",10,NA,0,0,1.5,0.1,25
"nt","model8","tl2.50_gl0.10_pr1.00_c25","tree_length",2.5,1,10,10,2.5,0.1,25
"nt","model8","tl2.50_gl0.10_pr1.00_c25","gain_loss_neo",10,1,10,10,2.5,0.1,25
"nt","model8","tl2.50_gl0.10_pr1.00_c25","gain_loss_trans",10,NA,0,0,2.5,0.1,25
"nt","model8","tl5.00_gl0.10_pr1.00_c25","tree_length",5,0.6,6,10,5,0.1,25
"nt","model8","tl5.00_gl0.10_pr1.00_c25","gain_loss_neo",10,1,10,10,5,0.1,25
"nt","model8","tl5.00_gl0.10_pr1.00_c25","gain_loss_trans",10,NA,0,0,5,0.1,25
"nt","model8","tl1.00_gl0.25_pr1.00_c25","tree_length",1,0.8,8,10,1,0.25,25
"nt","model8","tl1.00_gl0.25_pr1.00_c25","gain_loss_neo",4,0.7,7,10,1,0.25,25
"nt","model8","tl1.00_gl0.25_pr1.00_c25","gain_loss_trans",4,NA,0,0,1,0.25,25
"nt","model8","tl1.50_gl0.25_pr1.00_c25","tree_length",1.5,1,10,10,1.5,0.25,25
"nt","model8","tl1.50_gl0.25_pr1.00_c25","gain_loss_neo",4,1,10,10,1.5,0.25,25
"nt","model8","tl1.50_gl0.25_pr1.00_c25","gain_loss_trans",4,NA,0,0,1.5,0.25,25
"nt","model8","tl2.50_gl0.25_pr1.00_c25","tree_length",2.5,0.7,7,10,2.5,0.25,25
"nt","model8","tl2.50_gl0.25_pr1.00_c25","gain_loss_neo",4,0.9,9,10,2.5,0.25,25
"nt","model8","tl2.50_gl0.25_pr1.00_c25","gain_loss_trans",4,NA,0,0,2.5,0.25,25
"nt","model8","tl5.00_gl0.25_pr1.00_c25","tree_length",5,0.9,9,10,5,0.25,25
"nt","model8","tl5.00_gl0.25_pr1.00_c25","gain_loss_neo",4,1,10,10,5,0.25,25
"nt","model8","tl5.00_gl0.25_pr1.00_c25","gain_loss_trans",4,NA,0,0,5,0.25,25
"nt","model8","tl1.00_gl0.50_pr1.00_c25","tree_length",1,0.8,8,10,1,0.5,25
"nt","model8","tl1.00_gl0.50_pr1.00_c25","gain_loss_neo",2,0.8,8,10,1,0.5,25
"nt","model8","tl1.00_gl0.50_pr1.00_c25","gain_loss_trans",2,NA,0,0,1,0.5,25
"nt","model8","tl1.50_gl0.50_pr1.00_c25","tree_length",1.5,0.8,8,10,1.5,0.5,25
"nt","model8","tl1.50_gl0.50_pr1.00_c25","gain_loss_neo",2,1,10,10,1.5,0.5,25
"nt","model8","tl1.50_gl0.50_pr1.00_c25","gain_loss_trans",2,NA,0,0,1.5,0.5,25
"nt","model8","tl2.50_gl0.50_pr1.00_c25","tree_length",2.5,0.7,7,10,2.5,0.5,25
"nt","model8","tl2.50_gl0.50_pr1.00_c25","gain_loss_neo",2,1,10,10,2.5,0.5,25
"nt","model8","tl2.50_gl0.50_pr1.00_c25","gain_loss_trans",2,NA,0,0,2.5,0.5,25
"nt","model8","tl5.00_gl0.50_pr1.00_c25","tree_length",5,0.8,8,10,5,0.5,25
"nt","model8","tl5.00_gl0.50_pr1.00_c25","gain_loss_neo",2,1,10,10,5,0.5,25
"nt","model8","tl5.00_gl0.50_pr1.00_c25","gain_loss_trans",2,NA,0,0,5,0.5,25
"nt","model8","tl1.00_gl1.00_pr1.00_c25","tree_length",1,0.7,7,10,1,1,25
"nt","model8","tl1.00_gl1.00_pr1.00_c25","gain_loss_neo",1,0.9,9,10,1,1,25
"nt","model8","tl1.00_gl1.00_pr1.00_c25","gain_loss_trans",1,NA,0,0,1,1,25
"nt","model8","tl1.50_gl1.00_pr1.00_c25","tree_length",1.5,0.8,8,10,1.5,1,25
"nt","model8","tl1.50_gl1.00_pr1.00_c25","gain_loss_neo",1,1,10,10,1.5,1,25
"nt","model8","tl1.50_gl1.00_pr1.00_c25","gain_loss_trans",1,NA,0,0,1.5,1,25
"nt","model8","tl2.50_gl1.00_pr1.00_c25","tree_length",2.5,0.6,6,10,2.5,1,25
"nt","model8","tl2.50_gl1.00_pr1.00_c25","gain_loss_neo",1,1,10,10,2.5,1,25
"nt","model8","tl2.50_gl1.00_pr1.00_c25","gain_loss_trans",1,NA,0,0,2.5,1,25
"nt","model8","tl5.00_gl1.00_pr1.00_c25","tree_length",5,0.8,8,10,5,1,25
"nt","model8","tl5.00_gl1.00_pr1.00_c25","gain_loss_neo",1,1,10,10,5,1,25
"nt","model8","tl5.00_gl1.00_pr1.00_c25","gain_loss_trans",1,NA,0,0,5,1,25
"nt","model8","tl1.00_gl0.10_pr2.50_c25","tree_length",1,0.9,9,10,1,0.1,25
"nt","model8","tl1.00_gl0.10_pr2.50_c25","gain_loss_neo",10,0.6,6,10,1,0.1,25
"nt","model8","tl1.00_gl0.10_pr2.50_c25","gain_loss_trans",10,NA,0,0,1,0.1,25
"nt","model8","tl1.50_gl0.10_pr2.50_c25","tree_length",1.5,0.9,9,10,1.5,0.1,25
"nt","model8","tl1.50_gl0.10_pr2.50_c25","gain_loss_neo",10,0.7,7,10,1.5,0.1,25
"nt","model8","tl1.50_gl0.10_pr2.50_c25","gain_loss_trans",10,NA,0,0,1.5,0.1,25
"nt","model8","tl2.50_gl0.10_pr2.50_c25","tree_length",2.5,0.8,8,10,2.5,0.1,25
"nt","model8","tl2.50_gl0.10_pr2.50_c25","gain_loss_neo",10,0.9,9,10,2.5,0.1,25
"nt","model8","tl2.50_gl0.10_pr2.50_c25","gain_loss_trans",10,NA,0,0,2.5,0.1,25
"nt","model8","tl5.00_gl0.10_pr2.50_c25","tree_length",5,0.4,4,10,5,0.1,25
"nt","model8","tl5.00_gl0.10_pr2.50_c25","gain_loss_neo",10,1,10,10,5,0.1,25
"nt","model8","tl5.00_gl0.10_pr2.50_c25","gain_loss_trans",10,NA,0,0,5,0.1,25
"nt","model8","tl1.00_gl0.25_pr2.50_c25","tree_length",1,1,10,10,1,0.25,25
"nt","model8","tl1.00_gl0.25_pr2.50_c25","gain_loss_neo",4,1,10,10,1,0.25,25
"nt","model8","tl1.00_gl0.25_pr2.50_c25","gain_loss_trans",4,NA,0,0,1,0.25,25
"nt","model8","tl1.50_gl0.25_pr2.50_c25","tree_length",1.5,0.9,9,10,1.5,0.25,25
"nt","model8","tl1.50_gl0.25_pr2.50_c25","gain_loss_neo",4,0.9,9,10,1.5,0.25,25
"nt","model8","tl1.50_gl0.25_pr2.50_c25","gain_loss_trans",4,NA,0,0,1.5,0.25,25
"nt","model8","tl2.50_gl0.25_pr2.50_c25","tree_length",2.5,0.6,6,10,2.5,0.25,25
"nt","model8","tl2.50_gl0.25_pr2.50_c25","gain_loss_neo",4,1,10,10,2.5,0.25,25
"nt","model8","tl2.50_gl0.25_pr2.50_c25","gain_loss_trans",4,NA,0,0,2.5,0.25,25
"nt","model8","tl5.00_gl0.25_pr2.50_c25","tree_length",5,0.6,6,10,5,0.25,25
"nt","model8","tl5.00_gl0.25_pr2.50_c25","gain_loss_neo",4,1,10,10,5,0.25,25
"nt","model8","tl5.00_gl0.25_pr2.50_c25","gain_loss_trans",4,NA,0,0,5,0.25,25
"nt","model8","tl1.00_gl0.50_pr2.50_c25","tree_length",1,0.8,8,10,1,0.5,25
"nt","model8","tl1.00_gl0.50_pr2.50_c25","gain_loss_neo",2,1,10,10,1,0.5,25
"nt","model8","tl1.00_gl0.50_pr2.50_c25","gain_loss_trans",2,NA,0,0,1,0.5,25
"nt","model8","tl1.50_gl0.50_pr2.50_c25","tree_length",1.5,0.8,8,10,1.5,0.5,25
"nt","model8","tl1.50_gl0.50_pr2.50_c25","gain_loss_neo",2,0.8,8,10,1.5,0.5,25
"nt","model8","tl1.50_gl0.50_pr2.50_c25","gain_loss_trans",2,NA,0,0,1.5,0.5,25
"nt","model8","tl2.50_gl0.50_pr2.50_c25","tree_length",2.5,0.7,7,10,2.5,0.5,25
"nt","model8","tl2.50_gl0.50_pr2.50_c25","gain_loss_neo",2,0.9,9,10,2.5,0.5,25
"nt","model8","tl2.50_gl0.50_pr2.50_c25","gain_loss_trans",2,NA,0,0,2.5,0.5,25
"nt","model8","tl5.00_gl0.50_pr2.50_c25","tree_length",5,0.2,2,10,5,0.5,25
"nt","model8","tl5.00_gl0.50_pr2.50_c25","gain_loss_neo",2,1,10,10,5,0.5,25
"nt","model8","tl5.00_gl0.50_pr2.50_c25","gain_loss_trans",2,NA,0,0,5,0.5,25
"nt","model8","tl1.00_gl1.00_pr2.50_c25","tree_length",1,1,10,10,1,1,25
"nt","model8","tl1.00_gl1.00_pr2.50_c25","gain_loss_neo",1,0.9,9,10,1,1,25
"nt","model8","tl1.00_gl1.00_pr2.50_c25","gain_loss_trans",1,NA,0,0,1,1,25
"nt","model8","tl1.50_gl1.00_pr2.50_c25","tree_length",1.5,0.8,8,10,1.5,1,25
"nt","model8","tl1.50_gl1.00_pr2.50_c25","gain_loss_neo",1,1,10,10,1.5,1,25
"nt","model8","tl1.50_gl1.00_pr2.50_c25","gain_loss_trans",1,NA,0,0,1.5,1,25
"nt","model8","tl2.50_gl1.00_pr2.50_c25","tree_length",2.5,0.5,5,10,2.5,1,25
"nt","model8","tl2.50_gl1.00_pr2.50_c25","gain_loss_neo",1,1,10,10,2.5,1,25
"nt","model8","tl2.50_gl1.00_pr2.50_c25","gain_loss_trans",1,NA,0,0,2.5,1,25
"nt","model8","tl5.00_gl1.00_pr2.50_c25","tree_length",5,0.4,4,10,5,1,25
"nt","model8","tl5.00_gl1.00_pr2.50_c25","gain_loss_neo",1,0.9,9,10,5,1,25
"nt","model8","tl5.00_gl1.00_pr2.50_c25","gain_loss_trans",1,NA,0,0,5,1,25
"nt","model8","tl1.00_gl0.10_pr5.00_c25","tree_length",1,1,10,10,1,0.1,25
"nt","model8","tl1.00_gl0.10_pr5.00_c25","gain_loss_neo",10,0.3,3,10,1,0.1,25
"nt","model8","tl1.00_gl0.10_pr5.00_c25","gain_loss_trans",10,NA,0,0,1,0.1,25
"nt","model8","tl1.50_gl0.10_pr5.00_c25","tree_length",1.5,0.9,9,10,1.5,0.1,25
"nt","model8","tl1.50_gl0.10_pr5.00_c25","gain_loss_neo",10,0.3,3,10,1.5,0.1,25
"nt","model8","tl1.50_gl0.10_pr5.00_c25","gain_loss_trans",10,NA,0,0,1.5,0.1,25
"nt","model8","tl2.50_gl0.10_pr5.00_c25","tree_length",2.5,0.9,9,10,2.5,0.1,25
"nt","model8","tl2.50_gl0.10_pr5.00_c25","gain_loss_neo",10,0.7,7,10,2.5,0.1,25
"nt","model8","tl2.50_gl0.10_pr5.00_c25","gain_loss_trans",10,NA,0,0,2.5,0.1,25
"nt","model8","tl5.00_gl0.10_pr5.00_c25","tree_length",5,0.2,2,10,5,0.1,25
"nt","model8","tl5.00_gl0.10_pr5.00_c25","gain_loss_neo",10,1,10,10,5,0.1,25
"nt","model8","tl5.00_gl0.10_pr5.00_c25","gain_loss_trans",10,NA,0,0,5,0.1,25
"nt","model8","tl1.00_gl0.25_pr5.00_c25","tree_length",1,0.8,8,10,1,0.25,25
"nt","model8","tl1.00_gl0.25_pr5.00_c25","gain_loss_neo",4,0.6,6,10,1,0.25,25
"nt","model8","tl1.00_gl0.25_pr5.00_c25","gain_loss_trans",4,NA,0,0,1,0.25,25
"nt","model8","tl1.50_gl0.25_pr5.00_c25","tree_length",1.5,1,10,10,1.5,0.25,25
"nt","model8","tl1.50_gl0.25_pr5.00_c25","gain_loss_neo",4,0.7,7,10,1.5,0.25,25
"nt","model8","tl1.50_gl0.25_pr5.00_c25","gain_loss_trans",4,NA,0,0,1.5,0.25,25
"nt","model8","tl2.50_gl0.25_pr5.00_c25","tree_length",2.5,0.6,6,10,2.5,0.25,25
"nt","model8","tl2.50_gl0.25_pr5.00_c25","gain_loss_neo",4,1,10,10,2.5,0.25,25
"nt","model8","tl2.50_gl0.25_pr5.00_c25","gain_loss_trans",4,NA,0,0,2.5,0.25,25
"nt","model8","tl5.00_gl0.25_pr5.00_c25","tree_length",5,0.3,3,10,5,0.25,25
"nt","model8","tl5.00_gl0.25_pr5.00_c25","gain_loss_neo",4,1,10,10,5,0.25,25
"nt","model8","tl5.00_gl0.25_pr5.00_c25","gain_loss_trans",4,NA,0,0,5,0.25,25
"nt","model8","tl1.00_gl0.50_pr5.00_c25","tree_length",1,0.8,8,10,1,0.5,25
"nt","model8","tl1.00_gl0.50_pr5.00_c25","gain_loss_neo",2,1,10,10,1,0.5,25
"nt","model8","tl1.00_gl0.50_pr5.00_c25","gain_loss_trans",2,NA,0,0,1,0.5,25
"nt","model8","tl1.50_gl0.50_pr5.00_c25","tree_length",1.5,0.9,9,10,1.5,0.5,25
"nt","model8","tl1.50_gl0.50_pr5.00_c25","gain_loss_neo",2,0.9,9,10,1.5,0.5,25
"nt","model8","tl1.50_gl0.50_pr5.00_c25","gain_loss_trans",2,NA,0,0,1.5,0.5,25
"nt","model8","tl2.50_gl0.50_pr5.00_c25","tree_length",2.5,0.5,5,10,2.5,0.5,25
"nt","model8","tl2.50_gl0.50_pr5.00_c25","gain_loss_neo",2,0.8,8,10,2.5,0.5,25
"nt","model8","tl2.50_gl0.50_pr5.00_c25","gain_loss_trans",2,NA,0,0,2.5,0.5,25
"nt","model8","tl5.00_gl0.50_pr5.00_c25","tree_length",5,0.2,2,10,5,0.5,25
"nt","model8","tl5.00_gl0.50_pr5.00_c25","gain_loss_neo",2,1,10,10,5,0.5,25
"nt","model8","tl5.00_gl0.50_pr5.00_c25","gain_loss_trans",2,NA,0,0,5,0.5,25
"nt","model8","tl1.00_gl1.00_pr5.00_c25","tree_length",1,0.8,8,10,1,1,25
"nt","model8","tl1.00_gl1.00_pr5.00_c25","gain_loss_neo",1,1,10,10,1,1,25
"nt","model8","tl1.00_gl1.00_pr5.00_c25","gain_loss_trans",1,NA,0,0,1,1,25
"nt","model8","tl1.50_gl1.00_pr5.00_c25","tree_length",1.5,0.9,9,10,1.5,1,25
"nt","model8","tl1.50_gl1.00_pr5.00_c25","gain_loss_neo",1,0.9,9,10,1.5,1,25
"nt","model8","tl1.50_gl1.00_pr5.00_c25","gain_loss_trans",1,NA,0,0,1.5,1,25
"nt","model8","tl2.50_gl1.00_pr5.00_c25","tree_length",2.5,0.6,6,10,2.5,1,25
"nt","model8","tl2.50_gl1.00_pr5.00_c25","gain_loss_neo",1,0.9,9,10,2.5,1,25
"nt","model8","tl2.50_gl1.00_pr5.00_c25","gain_loss_trans",1,NA,0,0,2.5,1,25
"nt","model8","tl5.00_gl1.00_pr5.00_c25","tree_length",5,0.4,4,10,5,1,25
"nt","model8","tl5.00_gl1.00_pr5.00_c25","gain_loss_neo",1,1,10,10,5,1,25
"nt","model8","tl5.00_gl1.00_pr5.00_c25","gain_loss_trans",1,NA,0,0,5,1,25
"nt","model8","tl1.00_gl0.10_pr1.00_c50","tree_length",1,0.7,7,10,1,0.1,50
"nt","model8","tl1.00_gl0.10_pr1.00_c50","gain_loss_neo",10,0.8,8,10,1,0.1,50
"nt","model8","tl1.00_gl0.10_pr1.00_c50","gain_loss_trans",10,NA,0,0,1,0.1,50
"nt","model8","tl1.50_gl0.10_pr1.00_c50","tree_length",1.5,0.8,8,10,1.5,0.1,50
"nt","model8","tl1.50_gl0.10_pr1.00_c50","gain_loss_neo",10,1,10,10,1.5,0.1,50
"nt","model8","tl1.50_gl0.10_pr1.00_c50","gain_loss_trans",10,NA,0,0,1.5,0.1,50
"nt","model8","tl2.50_gl0.10_pr1.00_c50","tree_length",2.5,0.9,9,10,2.5,0.1,50
"nt","model8","tl2.50_gl0.10_pr1.00_c50","gain_loss_neo",10,1,10,10,2.5,0.1,50
"nt","model8","tl2.50_gl0.10_pr1.00_c50","gain_loss_trans",10,NA,0,0,2.5,0.1,50
"nt","model8","tl5.00_gl0.10_pr1.00_c50","tree_length",5,0.8,8,10,5,0.1,50
"nt","model8","tl5.00_gl0.10_pr1.00_c50","gain_loss_neo",10,1,10,10,5,0.1,50
"nt","model8","tl5.00_gl0.10_pr1.00_c50","gain_loss_trans",10,NA,0,0,5,0.1,50
"nt","model8","tl1.00_gl0.25_pr1.00_c50","tree_length",1,0.7,7,10,1,0.25,50
"nt","model8","tl1.00_gl0.25_pr1.00_c50","gain_loss_neo",4,0.7,7,10,1,0.25,50
"nt","model8","tl1.00_gl0.25_pr1.00_c50","gain_loss_trans",4,NA,0,0,1,0.25,50
"nt","model8","tl1.50_gl0.25_pr1.00_c50","tree_length",1.5,0.7,7,10,1.5,0.25,50
"nt","model8","tl1.50_gl0.25_pr1.00_c50","gain_loss_neo",4,0.9,9,10,1.5,0.25,50
"nt","model8","tl1.50_gl0.25_pr1.00_c50","gain_loss_trans",4,NA,0,0,1.5,0.25,50
"nt","model8","tl2.50_gl0.25_pr1.00_c50","tree_length",2.5,0.8,8,10,2.5,0.25,50
"nt","model8","tl2.50_gl0.25_pr1.00_c50","gain_loss_neo",4,0.9,9,10,2.5,0.25,50
"nt","model8","tl2.50_gl0.25_pr1.00_c50","gain_loss_trans",4,NA,0,0,2.5,0.25,50
"nt","model8","tl5.00_gl0.25_pr1.00_c50","tree_length",5,0.9,9,10,5,0.25,50
"nt","model8","tl5.00_gl0.25_pr1.00_c50","gain_loss_neo",4,0.9,9,10,5,0.25,50
"nt","model8","tl5.00_gl0.25_pr1.00_c50","gain_loss_trans",4,NA,0,0,5,0.25,50
"nt","model8","tl1.00_gl0.50_pr1.00_c50","tree_length",1,0.8,8,10,1,0.5,50
"nt","model8","tl1.00_gl0.50_pr1.00_c50","gain_loss_neo",2,0.9,9,10,1,0.5,50
"nt","model8","tl1.00_gl0.50_pr1.00_c50","gain_loss_trans",2,NA,0,0,1,0.5,50
"nt","model8","tl1.50_gl0.50_pr1.00_c50","tree_length",1.5,0.8,8,10,1.5,0.5,50
"nt","model8","tl1.50_gl0.50_pr1.00_c50","gain_loss_neo",2,0.9,9,10,1.5,0.5,50
"nt","model8","tl1.50_gl0.50_pr1.00_c50","gain_loss_trans",2,NA,0,0,1.5,0.5,50
"nt","model8","tl2.50_gl0.50_pr1.00_c50","tree_length",2.5,0.6,6,10,2.5,0.5,50
"nt","model8","tl2.50_gl0.50_pr1.00_c50","gain_loss_neo",2,0.9,9,10,2.5,0.5,50
"nt","model8","tl2.50_gl0.50_pr1.00_c50","gain_loss_trans",2,NA,0,0,2.5,0.5,50
"nt","model8","tl5.00_gl0.50_pr1.00_c50","tree_length",5,0.7,7,10,5,0.5,50
"nt","model8","tl5.00_gl0.50_pr1.00_c50","gain_loss_neo",2,0.9,9,10,5,0.5,50
"nt","model8","tl5.00_gl0.50_pr1.00_c50","gain_loss_trans",2,NA,0,0,5,0.5,50
"nt","model8","tl1.00_gl1.00_pr1.00_c50","tree_length",1,0.8,8,10,1,1,50
"nt","model8","tl1.00_gl1.00_pr1.00_c50","gain_loss_neo",1,1,10,10,1,1,50
"nt","model8","tl1.00_gl1.00_pr1.00_c50","gain_loss_trans",1,NA,0,0,1,1,50
"nt","model8","tl1.50_gl1.00_pr1.00_c50","tree_length",1.5,0.6,6,10,1.5,1,50
"nt","model8","tl1.50_gl1.00_pr1.00_c50","gain_loss_neo",1,0.9,9,10,1.5,1,50
"nt","model8","tl1.50_gl1.00_pr1.00_c50","gain_loss_trans",1,NA,0,0,1.5,1,50
"nt","model8","tl2.50_gl1.00_pr1.00_c50","tree_length",2.5,0.6,6,10,2.5,1,50
"nt","model8","tl2.50_gl1.00_pr1.00_c50","gain_loss_neo",1,1,10,10,2.5,1,50
"nt","model8","tl2.50_gl1.00_pr1.00_c50","gain_loss_trans",1,NA,0,0,2.5,1,50
"nt","model8","tl5.00_gl1.00_pr1.00_c50","tree_length",5,0.6,6,10,5,1,50
"nt","model8","tl5.00_gl1.00_pr1.00_c50","gain_loss_neo",1,0.7,7,10,5,1,50
"nt","model8","tl5.00_gl1.00_pr1.00_c50","gain_loss_trans",1,NA,0,0,5,1,50
"nt","model8","tl1.00_gl0.10_pr2.50_c50","tree_length",1,0.8,8,10,1,0.1,50
"nt","model8","tl1.00_gl0.10_pr2.50_c50","gain_loss_neo",10,0.6,6,10,1,0.1,50
"nt","model8","tl1.00_gl0.10_pr2.50_c50","gain_loss_trans",10,NA,0,0,1,0.1,50
"nt","model8","tl1.50_gl0.10_pr2.50_c50","tree_length",1.5,0.8,8,10,1.5,0.1,50
"nt","model8","tl1.50_gl0.10_pr2.50_c50","gain_loss_neo",10,0.5,5,10,1.5,0.1,50
"nt","model8","tl1.50_gl0.10_pr2.50_c50","gain_loss_trans",10,NA,0,0,1.5,0.1,50
"nt","model8","tl2.50_gl0.10_pr2.50_c50","tree_length",2.5,0.5,5,10,2.5,0.1,50
"nt","model8","tl2.50_gl0.10_pr2.50_c50","gain_loss_neo",10,1,10,10,2.5,0.1,50
"nt","model8","tl2.50_gl0.10_pr2.50_c50","gain_loss_trans",10,NA,0,0,2.5,0.1,50
"nt","model8","tl5.00_gl0.10_pr2.50_c50","tree_length",5,0.2,2,10,5,0.1,50
"nt","model8","tl5.00_gl0.10_pr2.50_c50","gain_loss_neo",10,1,10,10,5,0.1,50
"nt","model8","tl5.00_gl0.10_pr2.50_c50","gain_loss_trans",10,NA,0,0,5,0.1,50
"nt","model8","tl1.00_gl0.25_pr2.50_c50","tree_length",1,0.8,8,10,1,0.25,50
"nt","model8","tl1.00_gl0.25_pr2.50_c50","gain_loss_neo",4,0.8,8,10,1,0.25,50
"nt","model8","tl1.00_gl0.25_pr2.50_c50","gain_loss_trans",4,NA,0,0,1,0.25,50
"nt","model8","tl1.50_gl0.25_pr2.50_c50","tree_length",1.5,0.8,8,10,1.5,0.25,50
"nt","model8","tl1.50_gl0.25_pr2.50_c50","gain_loss_neo",4,1,10,10,1.5,0.25,50
"nt","model8","tl1.50_gl0.25_pr2.50_c50","gain_loss_trans",4,NA,0,0,1.5,0.25,50
"nt","model8","tl2.50_gl0.25_pr2.50_c50","tree_length",2.5,0.5,5,10,2.5,0.25,50
"nt","model8","tl2.50_gl0.25_pr2.50_c50","gain_loss_neo",4,0.9,9,10,2.5,0.25,50
"nt","model8","tl2.50_gl0.25_pr2.50_c50","gain_loss_trans",4,NA,0,0,2.5,0.25,50
"nt","model8","tl5.00_gl0.25_pr2.50_c50","tree_length",5,0.4,4,10,5,0.25,50
"nt","model8","tl5.00_gl0.25_pr2.50_c50","gain_loss_neo",4,0.9,9,10,5,0.25,50
"nt","model8","tl5.00_gl0.25_pr2.50_c50","gain_loss_trans",4,NA,0,0,5,0.25,50
"nt","model8","tl1.00_gl0.50_pr2.50_c50","tree_length",1,0.8,8,10,1,0.5,50
"nt","model8","tl1.00_gl0.50_pr2.50_c50","gain_loss_neo",2,1,10,10,1,0.5,50
"nt","model8","tl1.00_gl0.50_pr2.50_c50","gain_loss_trans",2,NA,0,0,1,0.5,50
"nt","model8","tl1.50_gl0.50_pr2.50_c50","tree_length",1.5,0.5,5,10,1.5,0.5,50
"nt","model8","tl1.50_gl0.50_pr2.50_c50","gain_loss_neo",2,1,10,10,1.5,0.5,50
"nt","model8","tl1.50_gl0.50_pr2.50_c50","gain_loss_trans",2,NA,0,0,1.5,0.5,50
"nt","model8","tl2.50_gl0.50_pr2.50_c50","tree_length",2.5,0.4,4,10,2.5,0.5,50
"nt","model8","tl2.50_gl0.50_pr2.50_c50","gain_loss_neo",2,0.9,9,10,2.5,0.5,50
"nt","model8","tl2.50_gl0.50_pr2.50_c50","gain_loss_trans",2,NA,0,0,2.5,0.5,50
"nt","model8","tl5.00_gl0.50_pr2.50_c50","tree_length",5,0.4,4,10,5,0.5,50
"nt","model8","tl5.00_gl0.50_pr2.50_c50","gain_loss_neo",2,1,10,10,5,0.5,50
"nt","model8","tl5.00_gl0.50_pr2.50_c50","gain_loss_trans",2,NA,0,0,5,0.5,50
"nt","model8","tl1.00_gl1.00_pr2.50_c50","tree_length",1,0.8,8,10,1,1,50
"nt","model8","tl1.00_gl1.00_pr2.50_c50","gain_loss_neo",1,1,10,10,1,1,50
"nt","model8","tl1.00_gl1.00_pr2.50_c50","gain_loss_trans",1,NA,0,0,1,1,50
"nt","model8","tl1.50_gl1.00_pr2.50_c50","tree_length",1.5,0.6,6,10,1.5,1,50
"nt","model8","tl1.50_gl1.00_pr2.50_c50","gain_loss_neo",1,1,10,10,1.5,1,50
"nt","model8","tl1.50_gl1.00_pr2.50_c50","gain_loss_trans",1,NA,0,0,1.5,1,50
"nt","model8","tl2.50_gl1.00_pr2.50_c50","tree_length",2.5,0.2,2,10,2.5,1,50
"nt","model8","tl2.50_gl1.00_pr2.50_c50","gain_loss_neo",1,1,10,10,2.5,1,50
"nt","model8","tl2.50_gl1.00_pr2.50_c50","gain_loss_trans",1,NA,0,0,2.5,1,50
"nt","model8","tl5.00_gl1.00_pr2.50_c50","tree_length",5,0.3,3,10,5,1,50
"nt","model8","tl5.00_gl1.00_pr2.50_c50","gain_loss_neo",1,1,10,10,5,1,50
"nt","model8","tl5.00_gl1.00_pr2.50_c50","gain_loss_trans",1,NA,0,0,5,1,50
"nt","model8","tl1.00_gl0.10_pr5.00_c50","tree_length",1,0.8,8,10,1,0.1,50
"nt","model8","tl1.00_gl0.10_pr5.00_c50","gain_loss_neo",10,0.5,5,10,1,0.1,50
"nt","model8","tl1.00_gl0.10_pr5.00_c50","gain_loss_trans",10,NA,0,0,1,0.1,50
"nt","model8","tl1.50_gl0.10_pr5.00_c50","tree_length",1.5,0.8,8,10,1.5,0.1,50
"nt","model8","tl1.50_gl0.10_pr5.00_c50","gain_loss_neo",10,0.3,3,10,1.5,0.1,50
"nt","model8","tl1.50_gl0.10_pr5.00_c50","gain_loss_trans",10,NA,0,0,1.5,0.1,50
"nt","model8","tl2.50_gl0.10_pr5.00_c50","tree_length",2.5,0.3,3,10,2.5,0.1,50
"nt","model8","tl2.50_gl0.10_pr5.00_c50","gain_loss_neo",10,0.6,6,10,2.5,0.1,50
"nt","model8","tl2.50_gl0.10_pr5.00_c50","gain_loss_trans",10,NA,0,0,2.5,0.1,50
"nt","model8","tl5.00_gl0.10_pr5.00_c50","tree_length",5,0.3,3,10,5,0.1,50
"nt","model8","tl5.00_gl0.10_pr5.00_c50","gain_loss_neo",10,0.6,6,10,5,0.1,50
"nt","model8","tl5.00_gl0.10_pr5.00_c50","gain_loss_trans",10,NA,0,0,5,0.1,50
"nt","model8","tl1.00_gl0.25_pr5.00_c50","tree_length",1,0.8,8,10,1,0.25,50
"nt","model8","tl1.00_gl0.25_pr5.00_c50","gain_loss_neo",4,0.8,8,10,1,0.25,50
"nt","model8","tl1.00_gl0.25_pr5.00_c50","gain_loss_trans",4,NA,0,0,1,0.25,50
"nt","model8","tl1.50_gl0.25_pr5.00_c50","tree_length",1.5,0.5,5,10,1.5,0.25,50
"nt","model8","tl1.50_gl0.25_pr5.00_c50","gain_loss_neo",4,0.6,6,10,1.5,0.25,50
"nt","model8","tl1.50_gl0.25_pr5.00_c50","gain_loss_trans",4,NA,0,0,1.5,0.25,50
"nt","model8","tl2.50_gl0.25_pr5.00_c50","tree_length",2.5,0.1,1,10,2.5,0.25,50
"nt","model8","tl2.50_gl0.25_pr5.00_c50","gain_loss_neo",4,0.8,8,10,2.5,0.25,50
"nt","model8","tl2.50_gl0.25_pr5.00_c50","gain_loss_trans",4,NA,0,0,2.5,0.25,50
"nt","model8","tl5.00_gl0.25_pr5.00_c50","tree_length",5,0.2,2,10,5,0.25,50
"nt","model8","tl5.00_gl0.25_pr5.00_c50","gain_loss_neo",4,0.9,9,10,5,0.25,50
"nt","model8","tl5.00_gl0.25_pr5.00_c50","gain_loss_trans",4,NA,0,0,5,0.25,50
"nt","model8","tl1.00_gl0.50_pr5.00_c50","tree_length",1,0.9,9,10,1,0.5,50
"nt","model8","tl1.00_gl0.50_pr5.00_c50","gain_loss_neo",2,0.9,9,10,1,0.5,50
"nt","model8","tl1.00_gl0.50_pr5.00_c50","gain_loss_trans",2,NA,0,0,1,0.5,50
"nt","model8","tl1.50_gl0.50_pr5.00_c50","tree_length",1.5,0.4,4,10,1.5,0.5,50
"nt","model8","tl1.50_gl0.50_pr5.00_c50","gain_loss_neo",2,0.9,9,10,1.5,0.5,50
"nt","model8","tl1.50_gl0.50_pr5.00_c50","gain_loss_trans",2,NA,0,0,1.5,0.5,50
"nt","model8","tl2.50_gl0.50_pr5.00_c50","tree_length",2.5,0.2,2,10,2.5,0.5,50
"nt","model8","tl2.50_gl0.50_pr5.00_c50","gain_loss_neo",2,0.9,9,10,2.5,0.5,50
"nt","model8","tl2.50_gl0.50_pr5.00_c50","gain_loss_trans",2,NA,0,0,2.5,0.5,50
"nt","model8","tl5.00_gl0.50_pr5.00_c50","tree_length",5,0.4,4,10,5,0.5,50
"nt","model8","tl5.00_gl0.50_pr5.00_c50","gain_loss_neo",2,0.9,9,10,5,0.5,50
"nt","model8","tl5.00_gl0.50_pr5.00_c50","gain_loss_trans",2,NA,0,0,5,0.5,50
"nt","model8","tl1.00_gl1.00_pr5.00_c50","tree_length",1,0.9,9,10,1,1,50
"nt","model8","tl1.00_gl1.00_pr5.00_c50","gain_loss_neo",1,1,10,10,1,1,50
"nt","model8","tl1.00_gl1.00_pr5.00_c50","gain_loss_trans",1,NA,0,0,1,1,50
"nt","model8","tl1.50_gl1.00_pr5.00_c50","tree_length",1.5,0.5,5,10,1.5,1,50
"nt","model8","tl1.50_gl1.00_pr5.00_c50","gain_loss_neo",1,1,10,10,1.5,1,50
"nt","model8","tl1.50_gl1.00_pr5.00_c50","gain_loss_trans",1,NA,0,0,1.5,1,50
"nt","model8","tl2.50_gl1.00_pr5.00_c50","tree_length",2.5,0.2,2,10,2.5,1,50
"nt","model8","tl2.50_gl1.00_pr5.00_c50","gain_loss_neo",1,1,10,10,2.5,1,50
"nt","model8","tl2.50_gl1.00_pr5.00_c50","gain_loss_trans",1,NA,0,0,2.5,1,50
"nt","model8","tl5.00_gl1.00_pr5.00_c50","tree_length",5,0.3,3,10,5,1,50
"nt","model8","tl5.00_gl1.00_pr5.00_c50","gain_loss_neo",1,0.9,9,10,5,1,50
"nt","model8","tl5.00_gl1.00_pr5.00_c50","gain_loss_trans",1,NA,0,0,5,1,50
"nt","model8","tl1.00_gl0.10_pr1.00_c100","tree_length",1,0.6,6,10,1,0.1,100
"nt","model8","tl1.00_gl0.10_pr1.00_c100","gain_loss_neo",10,1,10,10,1,0.1,100
"nt","model8","tl1.00_gl0.10_pr1.00_c100","gain_loss_trans",10,NA,0,0,1,0.1,100
"nt","model8","tl1.50_gl0.10_pr1.00_c100","tree_length",1.5,0.5,5,10,1.5,0.1,100
"nt","model8","tl1.50_gl0.10_pr1.00_c100","gain_loss_neo",10,0.9,9,10,1.5,0.1,100
"nt","model8","tl1.50_gl0.10_pr1.00_c100","gain_loss_trans",10,NA,0,0,1.5,0.1,100
"nt","model8","tl2.50_gl0.10_pr1.00_c100","tree_length",2.5,0.6,6,10,2.5,0.1,100
"nt","model8","tl2.50_gl0.10_pr1.00_c100","gain_loss_neo",10,0.8,8,10,2.5,0.1,100
"nt","model8","tl2.50_gl0.10_pr1.00_c100","gain_loss_trans",10,NA,0,0,2.5,0.1,100
"nt","model8","tl5.00_gl0.10_pr1.00_c100","tree_length",5,0.8,8,10,5,0.1,100
"nt","model8","tl5.00_gl0.10_pr1.00_c100","gain_loss_neo",10,1,10,10,5,0.1,100
"nt","model8","tl5.00_gl0.10_pr1.00_c100","gain_loss_trans",10,NA,0,0,5,0.1,100
"nt","model8","tl1.00_gl0.25_pr1.00_c100","tree_length",1,0.5,5,10,1,0.25,100
"nt","model8","tl1.00_gl0.25_pr1.00_c100","gain_loss_neo",4,1,10,10,1,0.25,100
"nt","model8","tl1.00_gl0.25_pr1.00_c100","gain_loss_trans",4,NA,0,0,1,0.25,100
"nt","model8","tl1.50_gl0.25_pr1.00_c100","tree_length",1.5,0.5,5,10,1.5,0.25,100
"nt","model8","tl1.50_gl0.25_pr1.00_c100","gain_loss_neo",4,1,10,10,1.5,0.25,100
"nt","model8","tl1.50_gl0.25_pr1.00_c100","gain_loss_trans",4,NA,0,0,1.5,0.25,100
"nt","model8","tl2.50_gl0.25_pr1.00_c100","tree_length",2.5,0.7,7,10,2.5,0.25,100
"nt","model8","tl2.50_gl0.25_pr1.00_c100","gain_loss_neo",4,1,10,10,2.5,0.25,100
"nt","model8","tl2.50_gl0.25_pr1.00_c100","gain_loss_trans",4,NA,0,0,2.5,0.25,100
"nt","model8","tl5.00_gl0.25_pr1.00_c100","tree_length",5,0.6,6,10,5,0.25,100
"nt","model8","tl5.00_gl0.25_pr1.00_c100","gain_loss_neo",4,1,10,10,5,0.25,100
"nt","model8","tl5.00_gl0.25_pr1.00_c100","gain_loss_trans",4,NA,0,0,5,0.25,100
"nt","model8","tl1.00_gl0.50_pr1.00_c100","tree_length",1,0.8,8,10,1,0.5,100
"nt","model8","tl1.00_gl0.50_pr1.00_c100","gain_loss_neo",2,1,10,10,1,0.5,100
"nt","model8","tl1.00_gl0.50_pr1.00_c100","gain_loss_trans",2,NA,0,0,1,0.5,100
"nt","model8","tl1.50_gl0.50_pr1.00_c100","tree_length",1.5,0.5,5,10,1.5,0.5,100
"nt","model8","tl1.50_gl0.50_pr1.00_c100","gain_loss_neo",2,1,10,10,1.5,0.5,100
"nt","model8","tl1.50_gl0.50_pr1.00_c100","gain_loss_trans",2,NA,0,0,1.5,0.5,100
"nt","model8","tl2.50_gl0.50_pr1.00_c100","tree_length",2.5,0.4,4,10,2.5,0.5,100
"nt","model8","tl2.50_gl0.50_pr1.00_c100","gain_loss_neo",2,1,10,10,2.5,0.5,100
"nt","model8","tl2.50_gl0.50_pr1.00_c100","gain_loss_trans",2,NA,0,0,2.5,0.5,100
"nt","model8","tl5.00_gl0.50_pr1.00_c100","tree_length",5,0.3,3,10,5,0.5,100
"nt","model8","tl5.00_gl0.50_pr1.00_c100","gain_loss_neo",2,1,10,10,5,0.5,100
"nt","model8","tl5.00_gl0.50_pr1.00_c100","gain_loss_trans",2,NA,0,0,5,0.5,100
"nt","model8","tl1.00_gl1.00_pr1.00_c100","tree_length",1,0.6,6,10,1,1,100
"nt","model8","tl1.00_gl1.00_pr1.00_c100","gain_loss_neo",1,1,10,10,1,1,100
"nt","model8","tl1.00_gl1.00_pr1.00_c100","gain_loss_trans",1,NA,0,0,1,1,100
"nt","model8","tl1.50_gl1.00_pr1.00_c100","tree_length",1.5,0.5,5,10,1.5,1,100
"nt","model8","tl1.50_gl1.00_pr1.00_c100","gain_loss_neo",1,1,10,10,1.5,1,100
"nt","model8","tl1.50_gl1.00_pr1.00_c100","gain_loss_trans",1,NA,0,0,1.5,1,100
"nt","model8","tl2.50_gl1.00_pr1.00_c100","tree_length",2.5,0.5,5,10,2.5,1,100
"nt","model8","tl2.50_gl1.00_pr1.00_c100","gain_loss_neo",1,1,10,10,2.5,1,100
"nt","model8","tl2.50_gl1.00_pr1.00_c100","gain_loss_trans",1,NA,0,0,2.5,1,100
"nt","model8","tl5.00_gl1.00_pr1.00_c100","tree_length",5,0.7,7,10,5,1,100
"nt","model8","tl5.00_gl1.00_pr1.00_c100","gain_loss_neo",1,1,10,10,5,1,100
"nt","model8","tl5.00_gl1.00_pr1.00_c100","gain_loss_trans",1,NA,0,0,5,1,100
"nt","model8","tl1.00_gl0.10_pr2.50_c100","tree_length",1,0.7,7,10,1,0.1,100
"nt","model8","tl1.00_gl0.10_pr2.50_c100","gain_loss_neo",10,0.9,9,10,1,0.1,100
"nt","model8","tl1.00_gl0.10_pr2.50_c100","gain_loss_trans",10,NA,0,0,1,0.1,100
"nt","model8","tl1.50_gl0.10_pr2.50_c100","tree_length",1.5,0.7,7,10,1.5,0.1,100
"nt","model8","tl1.50_gl0.10_pr2.50_c100","gain_loss_neo",10,0.6,6,10,1.5,0.1,100
"nt","model8","tl1.50_gl0.10_pr2.50_c100","gain_loss_trans",10,NA,0,0,1.5,0.1,100
"nt","model8","tl2.50_gl0.10_pr2.50_c100","tree_length",2.5,0.6,6,10,2.5,0.1,100
"nt","model8","tl2.50_gl0.10_pr2.50_c100","gain_loss_neo",10,0.8,8,10,2.5,0.1,100
"nt","model8","tl2.50_gl0.10_pr2.50_c100","gain_loss_trans",10,NA,0,0,2.5,0.1,100
"nt","model8","tl5.00_gl0.10_pr2.50_c100","tree_length",5,0.5,5,10,5,0.1,100
"nt","model8","tl5.00_gl0.10_pr2.50_c100","gain_loss_neo",10,1,10,10,5,0.1,100
"nt","model8","tl5.00_gl0.10_pr2.50_c100","gain_loss_trans",10,NA,0,0,5,0.1,100
"nt","model8","tl1.00_gl0.25_pr2.50_c100","tree_length",1,0.8,8,10,1,0.25,100
"nt","model8","tl1.00_gl0.25_pr2.50_c100","gain_loss_neo",4,1,10,10,1,0.25,100
"nt","model8","tl1.00_gl0.25_pr2.50_c100","gain_loss_trans",4,NA,0,0,1,0.25,100
"nt","model8","tl1.50_gl0.25_pr2.50_c100","tree_length",1.5,0.7,7,10,1.5,0.25,100
"nt","model8","tl1.50_gl0.25_pr2.50_c100","gain_loss_neo",4,1,10,10,1.5,0.25,100
"nt","model8","tl1.50_gl0.25_pr2.50_c100","gain_loss_trans",4,NA,0,0,1.5,0.25,100
"nt","model8","tl2.50_gl0.25_pr2.50_c100","tree_length",2.5,0.3,3,10,2.5,0.25,100
"nt","model8","tl2.50_gl0.25_pr2.50_c100","gain_loss_neo",4,1,10,10,2.5,0.25,100
"nt","model8","tl2.50_gl0.25_pr2.50_c100","gain_loss_trans",4,NA,0,0,2.5,0.25,100
"nt","model8","tl5.00_gl0.25_pr2.50_c100","tree_length",5,0.1,1,10,5,0.25,100
"nt","model8","tl5.00_gl0.25_pr2.50_c100","gain_loss_neo",4,1,10,10,5,0.25,100
"nt","model8","tl5.00_gl0.25_pr2.50_c100","gain_loss_trans",4,NA,0,0,5,0.25,100
"nt","model8","tl1.00_gl0.50_pr2.50_c100","tree_length",1,0.6,6,10,1,0.5,100
"nt","model8","tl1.00_gl0.50_pr2.50_c100","gain_loss_neo",2,1,10,10,1,0.5,100
"nt","model8","tl1.00_gl0.50_pr2.50_c100","gain_loss_trans",2,NA,0,0,1,0.5,100
"nt","model8","tl1.50_gl0.50_pr2.50_c100","tree_length",1.5,0.6,6,10,1.5,0.5,100
"nt","model8","tl1.50_gl0.50_pr2.50_c100","gain_loss_neo",2,1,10,10,1.5,0.5,100
"nt","model8","tl1.50_gl0.50_pr2.50_c100","gain_loss_trans",2,NA,0,0,1.5,0.5,100
"nt","model8","tl2.50_gl0.50_pr2.50_c100","tree_length",2.5,0.3,3,10,2.5,0.5,100
"nt","model8","tl2.50_gl0.50_pr2.50_c100","gain_loss_neo",2,0.7,7,10,2.5,0.5,100
"nt","model8","tl2.50_gl0.50_pr2.50_c100","gain_loss_trans",2,NA,0,0,2.5,0.5,100
"nt","model8","tl5.00_gl0.50_pr2.50_c100","tree_length",5,0.3,3,10,5,0.5,100
"nt","model8","tl5.00_gl0.50_pr2.50_c100","gain_loss_neo",2,0.9,9,10,5,0.5,100
"nt","model8","tl5.00_gl0.50_pr2.50_c100","gain_loss_trans",2,NA,0,0,5,0.5,100
"nt","model8","tl1.00_gl1.00_pr2.50_c100","tree_length",1,0.7,7,10,1,1,100
"nt","model8","tl1.00_gl1.00_pr2.50_c100","gain_loss_neo",1,1,10,10,1,1,100
"nt","model8","tl1.00_gl1.00_pr2.50_c100","gain_loss_trans",1,NA,0,0,1,1,100
"nt","model8","tl1.50_gl1.00_pr2.50_c100","tree_length",1.5,0.3,3,10,1.5,1,100
"nt","model8","tl1.50_gl1.00_pr2.50_c100","gain_loss_neo",1,1,10,10,1.5,1,100
"nt","model8","tl1.50_gl1.00_pr2.50_c100","gain_loss_trans",1,NA,0,0,1.5,1,100
"nt","model8","tl2.50_gl1.00_pr2.50_c100","tree_length",2.5,0.4,4,10,2.5,1,100
"nt","model8","tl2.50_gl1.00_pr2.50_c100","gain_loss_neo",1,1,10,10,2.5,1,100
"nt","model8","tl2.50_gl1.00_pr2.50_c100","gain_loss_trans",1,NA,0,0,2.5,1,100
"nt","model8","tl5.00_gl1.00_pr2.50_c100","tree_length",5,0.3,3,10,5,1,100
"nt","model8","tl5.00_gl1.00_pr2.50_c100","gain_loss_neo",1,1,10,10,5,1,100
"nt","model8","tl5.00_gl1.00_pr2.50_c100","gain_loss_trans",1,NA,0,0,5,1,100
"nt","model8","tl1.00_gl0.10_pr5.00_c100","tree_length",1,0.8,8,10,1,0.1,100
"nt","model8","tl1.00_gl0.10_pr5.00_c100","gain_loss_neo",10,0.3,3,10,1,0.1,100
"nt","model8","tl1.00_gl0.10_pr5.00_c100","gain_loss_trans",10,NA,0,0,1,0.1,100
"nt","model8","tl1.50_gl0.10_pr5.00_c100","tree_length",1.5,0.3,3,10,1.5,0.1,100
"nt","model8","tl1.50_gl0.10_pr5.00_c100","gain_loss_neo",10,0.5,5,10,1.5,0.1,100
"nt","model8","tl1.50_gl0.10_pr5.00_c100","gain_loss_trans",10,NA,0,0,1.5,0.1,100
"nt","model8","tl2.50_gl0.10_pr5.00_c100","tree_length",2.5,0.2,2,10,2.5,0.1,100
"nt","model8","tl2.50_gl0.10_pr5.00_c100","gain_loss_neo",10,0.6,6,10,2.5,0.1,100
"nt","model8","tl2.50_gl0.10_pr5.00_c100","gain_loss_trans",10,NA,0,0,2.5,0.1,100
"nt","model8","tl5.00_gl0.10_pr5.00_c100","tree_length",5,0.3,3,10,5,0.1,100
"nt","model8","tl5.00_gl0.10_pr5.00_c100","gain_loss_neo",10,1,10,10,5,0.1,100
"nt","model8","tl5.00_gl0.10_pr5.00_c100","gain_loss_trans",10,NA,0,0,5,0.1,100
"nt","model8","tl1.00_gl0.25_pr5.00_c100","tree_length",1,0.6,6,10,1,0.25,100
"nt","model8","tl1.00_gl0.25_pr5.00_c100","gain_loss_neo",4,0.7,7,10,1,0.25,100
"nt","model8","tl1.00_gl0.25_pr5.00_c100","gain_loss_trans",4,NA,0,0,1,0.25,100
"nt","model8","tl1.50_gl0.25_pr5.00_c100","tree_length",1.5,0.1,1,10,1.5,0.25,100
"nt","model8","tl1.50_gl0.25_pr5.00_c100","gain_loss_neo",4,1,10,10,1.5,0.25,100
"nt","model8","tl1.50_gl0.25_pr5.00_c100","gain_loss_trans",4,NA,0,0,1.5,0.25,100
"nt","model8","tl2.50_gl0.25_pr5.00_c100","tree_length",2.5,0.1,1,10,2.5,0.25,100
"nt","model8","tl2.50_gl0.25_pr5.00_c100","gain_loss_neo",4,0.9,9,10,2.5,0.25,100
"nt","model8","tl2.50_gl0.25_pr5.00_c100","gain_loss_trans",4,NA,0,0,2.5,0.25,100
"nt","model8","tl5.00_gl0.25_pr5.00_c100","tree_length",5,0.1,1,10,5,0.25,100
"nt","model8","tl5.00_gl0.25_pr5.00_c100","gain_loss_neo",4,0.9,9,10,5,0.25,100
"nt","model8","tl5.00_gl0.25_pr5.00_c100","gain_loss_trans",4,NA,0,0,5,0.25,100
"nt","model8","tl1.00_gl0.50_pr5.00_c100","tree_length",1,0.6,6,10,1,0.5,100
"nt","model8","tl1.00_gl0.50_pr5.00_c100","gain_loss_neo",2,1,10,10,1,0.5,100
"nt","model8","tl1.00_gl0.50_pr5.00_c100","gain_loss_trans",2,NA,0,0,1,0.5,100
"nt","model8","tl1.50_gl0.50_pr5.00_c100","tree_length",1.5,0.2,2,10,1.5,0.5,100
"nt","model8","tl1.50_gl0.50_pr5.00_c100","gain_loss_neo",2,0.9,9,10,1.5,0.5,100
"nt","model8","tl1.50_gl0.50_pr5.00_c100","gain_loss_trans",2,NA,0,0,1.5,0.5,100
"nt","model8","tl2.50_gl0.50_pr5.00_c100","tree_length",2.5,0.1,1,10,2.5,0.5,100
"nt","model8","tl2.50_gl0.50_pr5.00_c100","gain_loss_neo",2,1,10,10,2.5,0.5,100
"nt","model8","tl2.50_gl0.50_pr5.00_c100","gain_loss_trans",2,NA,0,0,2.5,0.5,100
"nt","model8","tl5.00_gl0.50_pr5.00_c100","tree_length",5,0,0,10,5,0.5,100
"nt","model8","tl5.00_gl0.50_pr5.00_c100","gain_loss_neo",2,1,10,10,5,0.5,100
"nt","model8","tl5.00_gl0.50_pr5.00_c100","gain_loss_trans",2,NA,0,0,5,0.5,100
"nt","model8","tl1.00_gl1.00_pr5.00_c100","tree_length",1,0.7,7,10,1,1,100
"nt","model8","tl1.00_gl1.00_pr5.00_c100","gain_loss_neo",1,0.9,9,10,1,1,100
"nt","model8","tl1.00_gl1.00_pr5.00_c100","gain_loss_trans",1,NA,0,0,1,1,100
"nt","model8","tl1.50_gl1.00_pr5.00_c100","tree_length",1.5,0,0,10,1.5,1,100
"nt","model8","tl1.50_gl1.00_pr5.00_c100","gain_loss_neo",1,1,10,10,1.5,1,100
"nt","model8","tl1.50_gl1.00_pr5.00_c100","gain_loss_trans",1,NA,0,0,1.5,1,100
"nt","model8","tl2.50_gl1.00_pr5.00_c100","tree_length",2.5,0.1,1,10,2.5,1,100
"nt","model8","tl2.50_gl1.00_pr5.00_c100","gain_loss_neo",1,0.9,9,10,2.5,1,100
"nt","model8","tl2.50_gl1.00_pr5.00_c100","gain_loss_trans",1,NA,0,0,2.5,1,100
"nt","model8","tl5.00_gl1.00_pr5.00_c100","tree_length",5,0,0,10,5,1,100
"nt","model8","tl5.00_gl1.00_pr5.00_c100","gain_loss_neo",1,1,10,10,5,1,100
"nt","model8","tl5.00_gl1.00_pr5.00_c100","gain_loss_trans",1,NA,0,0,5,1,100
"nt","model8","tl1.00_gl0.10_pr1.00_c200","tree_length",1,0.6,6,10,1,0.1,200
"nt","model8","tl1.00_gl0.10_pr1.00_c200","gain_loss_neo",10,1,10,10,1,0.1,200
"nt","model8","tl1.00_gl0.10_pr1.00_c200","gain_loss_trans",10,NA,0,0,1,0.1,200
"nt","model8","tl1.50_gl0.10_pr1.00_c200","tree_length",1.5,0.4,4,10,1.5,0.1,200
"nt","model8","tl1.50_gl0.10_pr1.00_c200","gain_loss_neo",10,0.9,9,10,1.5,0.1,200
"nt","model8","tl1.50_gl0.10_pr1.00_c200","gain_loss_trans",10,NA,0,0,1.5,0.1,200
"nt","model8","tl2.50_gl0.10_pr1.00_c200","tree_length",2.5,0.6,6,10,2.5,0.1,200
"nt","model8","tl2.50_gl0.10_pr1.00_c200","gain_loss_neo",10,1,10,10,2.5,0.1,200
"nt","model8","tl2.50_gl0.10_pr1.00_c200","gain_loss_trans",10,NA,0,0,2.5,0.1,200
"nt","model8","tl5.00_gl0.10_pr1.00_c200","tree_length",5,0.7,7,10,5,0.1,200
"nt","model8","tl5.00_gl0.10_pr1.00_c200","gain_loss_neo",10,0.9,9,10,5,0.1,200
"nt","model8","tl5.00_gl0.10_pr1.00_c200","gain_loss_trans",10,NA,0,0,5,0.1,200
"nt","model8","tl1.00_gl0.25_pr1.00_c200","tree_length",1,0.5,5,10,1,0.25,200
"nt","model8","tl1.00_gl0.25_pr1.00_c200","gain_loss_neo",4,1,10,10,1,0.25,200
"nt","model8","tl1.00_gl0.25_pr1.00_c200","gain_loss_trans",4,NA,0,0,1,0.25,200
"nt","model8","tl1.50_gl0.25_pr1.00_c200","tree_length",1.5,0.5,5,10,1.5,0.25,200
"nt","model8","tl1.50_gl0.25_pr1.00_c200","gain_loss_neo",4,1,10,10,1.5,0.25,200
"nt","model8","tl1.50_gl0.25_pr1.00_c200","gain_loss_trans",4,NA,0,0,1.5,0.25,200
"nt","model8","tl2.50_gl0.25_pr1.00_c200","tree_length",2.5,0.6,6,10,2.5,0.25,200
"nt","model8","tl2.50_gl0.25_pr1.00_c200","gain_loss_neo",4,0.9,9,10,2.5,0.25,200
"nt","model8","tl2.50_gl0.25_pr1.00_c200","gain_loss_trans",4,NA,0,0,2.5,0.25,200
"nt","model8","tl5.00_gl0.25_pr1.00_c200","tree_length",5,0.4,4,10,5,0.25,200
"nt","model8","tl5.00_gl0.25_pr1.00_c200","gain_loss_neo",4,1,10,10,5,0.25,200
"nt","model8","tl5.00_gl0.25_pr1.00_c200","gain_loss_trans",4,NA,0,0,5,0.25,200
"nt","model8","tl1.00_gl0.50_pr1.00_c200","tree_length",1,0.6,6,10,1,0.5,200
"nt","model8","tl1.00_gl0.50_pr1.00_c200","gain_loss_neo",2,1,10,10,1,0.5,200
"nt","model8","tl1.00_gl0.50_pr1.00_c200","gain_loss_trans",2,NA,0,0,1,0.5,200
"nt","model8","tl1.50_gl0.50_pr1.00_c200","tree_length",1.5,0.5,5,10,1.5,0.5,200
"nt","model8","tl1.50_gl0.50_pr1.00_c200","gain_loss_neo",2,0.9,9,10,1.5,0.5,200
"nt","model8","tl1.50_gl0.50_pr1.00_c200","gain_loss_trans",2,NA,0,0,1.5,0.5,200
"nt","model8","tl2.50_gl0.50_pr1.00_c200","tree_length",2.5,0.6,6,10,2.5,0.5,200
"nt","model8","tl2.50_gl0.50_pr1.00_c200","gain_loss_neo",2,0.9,9,10,2.5,0.5,200
"nt","model8","tl2.50_gl0.50_pr1.00_c200","gain_loss_trans",2,NA,0,0,2.5,0.5,200
"nt","model8","tl5.00_gl0.50_pr1.00_c200","tree_length",5,0.5,5,10,5,0.5,200
"nt","model8","tl5.00_gl0.50_pr1.00_c200","gain_loss_neo",2,1,10,10,5,0.5,200
"nt","model8","tl5.00_gl0.50_pr1.00_c200","gain_loss_trans",2,NA,0,0,5,0.5,200
"nt","model8","tl1.00_gl1.00_pr1.00_c200","tree_length",1,0.6,6,10,1,1,200
"nt","model8","tl1.00_gl1.00_pr1.00_c200","gain_loss_neo",1,0.8,8,10,1,1,200
"nt","model8","tl1.00_gl1.00_pr1.00_c200","gain_loss_trans",1,NA,0,0,1,1,200
"nt","model8","tl1.50_gl1.00_pr1.00_c200","tree_length",1.5,0.5,5,10,1.5,1,200
"nt","model8","tl1.50_gl1.00_pr1.00_c200","gain_loss_neo",1,1,10,10,1.5,1,200
"nt","model8","tl1.50_gl1.00_pr1.00_c200","gain_loss_trans",1,NA,0,0,1.5,1,200
"nt","model8","tl2.50_gl1.00_pr1.00_c200","tree_length",2.5,0.5,5,10,2.5,1,200
"nt","model8","tl2.50_gl1.00_pr1.00_c200","gain_loss_neo",1,0.9,9,10,2.5,1,200
"nt","model8","tl2.50_gl1.00_pr1.00_c200","gain_loss_trans",1,NA,0,0,2.5,1,200
"nt","model8","tl5.00_gl1.00_pr1.00_c200","tree_length",5,0.3,3,10,5,1,200
"nt","model8","tl5.00_gl1.00_pr1.00_c200","gain_loss_neo",1,0.9,9,10,5,1,200
"nt","model8","tl5.00_gl1.00_pr1.00_c200","gain_loss_trans",1,NA,0,0,5,1,200
"nt","model8","tl1.00_gl0.10_pr2.50_c200","tree_length",1,0.7,7,10,1,0.1,200
"nt","model8","tl1.00_gl0.10_pr2.50_c200","gain_loss_neo",10,0.4,4,10,1,0.1,200
"nt","model8","tl1.00_gl0.10_pr2.50_c200","gain_loss_trans",10,NA,0,0,1,0.1,200
"nt","model8","tl1.50_gl0.10_pr2.50_c200","tree_length",1.5,0.4,4,10,1.5,0.1,200
"nt","model8","tl1.50_gl0.10_pr2.50_c200","gain_loss_neo",10,1,10,10,1.5,0.1,200
"nt","model8","tl1.50_gl0.10_pr2.50_c200","gain_loss_trans",10,NA,0,0,1.5,0.1,200
"nt","model8","tl2.50_gl0.10_pr2.50_c200","tree_length",2.5,0.3,3,10,2.5,0.1,200
"nt","model8","tl2.50_gl0.10_pr2.50_c200","gain_loss_neo",10,0.7,7,10,2.5,0.1,200
"nt","model8","tl2.50_gl0.10_pr2.50_c200","gain_loss_trans",10,NA,0,0,2.5,0.1,200
"nt","model8","tl5.00_gl0.10_pr2.50_c200","tree_length",5,0.2,2,10,5,0.1,200
"nt","model8","tl5.00_gl0.10_pr2.50_c200","gain_loss_neo",10,1,10,10,5,0.1,200
"nt","model8","tl5.00_gl0.10_pr2.50_c200","gain_loss_trans",10,NA,0,0,5,0.1,200
"nt","model8","tl1.00_gl0.25_pr2.50_c200","tree_length",1,0.7,7,10,1,0.25,200
"nt","model8","tl1.00_gl0.25_pr2.50_c200","gain_loss_neo",4,0.7,7,10,1,0.25,200
"nt","model8","tl1.00_gl0.25_pr2.50_c200","gain_loss_trans",4,NA,0,0,1,0.25,200
"nt","model8","tl1.50_gl0.25_pr2.50_c200","tree_length",1.5,0.3,3,10,1.5,0.25,200
"nt","model8","tl1.50_gl0.25_pr2.50_c200","gain_loss_neo",4,0.9,9,10,1.5,0.25,200
"nt","model8","tl1.50_gl0.25_pr2.50_c200","gain_loss_trans",4,NA,0,0,1.5,0.25,200
"nt","model8","tl2.50_gl0.25_pr2.50_c200","tree_length",2.5,0.3,3,10,2.5,0.25,200
"nt","model8","tl2.50_gl0.25_pr2.50_c200","gain_loss_neo",4,1,10,10,2.5,0.25,200
"nt","model8","tl2.50_gl0.25_pr2.50_c200","gain_loss_trans",4,NA,0,0,2.5,0.25,200
"nt","model8","tl5.00_gl0.25_pr2.50_c200","tree_length",5,0.2,2,10,5,0.25,200
"nt","model8","tl5.00_gl0.25_pr2.50_c200","gain_loss_neo",4,1,10,10,5,0.25,200
"nt","model8","tl5.00_gl0.25_pr2.50_c200","gain_loss_trans",4,NA,0,0,5,0.25,200
"nt","model8","tl1.00_gl0.50_pr2.50_c200","tree_length",1,0.6,6,10,1,0.5,200
"nt","model8","tl1.00_gl0.50_pr2.50_c200","gain_loss_neo",2,1,10,10,1,0.5,200
"nt","model8","tl1.00_gl0.50_pr2.50_c200","gain_loss_trans",2,NA,0,0,1,0.5,200
"nt","model8","tl1.50_gl0.50_pr2.50_c200","tree_length",1.5,0.444444444444444,4,9,1.5,0.5,200
"nt","model8","tl1.50_gl0.50_pr2.50_c200","gain_loss_neo",2,1,9,9,1.5,0.5,200
"nt","model8","tl1.50_gl0.50_pr2.50_c200","gain_loss_trans",2,NA,0,0,1.5,0.5,200
"nt","model8","tl2.50_gl0.50_pr2.50_c200","tree_length",2.5,0.3,3,10,2.5,0.5,200
"nt","model8","tl2.50_gl0.50_pr2.50_c200","gain_loss_neo",2,1,10,10,2.5,0.5,200
"nt","model8","tl2.50_gl0.50_pr2.50_c200","gain_loss_trans",2,NA,0,0,2.5,0.5,200
"nt","model8","tl5.00_gl0.50_pr2.50_c200","tree_length",5,0.2,2,10,5,0.5,200
"nt","model8","tl5.00_gl0.50_pr2.50_c200","gain_loss_neo",2,1,10,10,5,0.5,200
"nt","model8","tl5.00_gl0.50_pr2.50_c200","gain_loss_trans",2,NA,0,0,5,0.5,200
"nt","model8","tl1.00_gl1.00_pr2.50_c200","tree_length",1,0.7,7,10,1,1,200
"nt","model8","tl1.00_gl1.00_pr2.50_c200","gain_loss_neo",1,0.9,9,10,1,1,200
"nt","model8","tl1.00_gl1.00_pr2.50_c200","gain_loss_trans",1,NA,0,0,1,1,200
"nt","model8","tl1.50_gl1.00_pr2.50_c200","tree_length",1.5,0.3,3,10,1.5,1,200
"nt","model8","tl1.50_gl1.00_pr2.50_c200","gain_loss_neo",1,1,10,10,1.5,1,200
"nt","model8","tl1.50_gl1.00_pr2.50_c200","gain_loss_trans",1,NA,0,0,1.5,1,200
"nt","model8","tl2.50_gl1.00_pr2.50_c200","tree_length",2.5,0.3,3,10,2.5,1,200
"nt","model8","tl2.50_gl1.00_pr2.50_c200","gain_loss_neo",1,1,10,10,2.5,1,200
"nt","model8","tl2.50_gl1.00_pr2.50_c200","gain_loss_trans",1,NA,0,0,2.5,1,200
"nt","model8","tl5.00_gl1.00_pr2.50_c200","tree_length",5,0.3,3,10,5,1,200
"nt","model8","tl5.00_gl1.00_pr2.50_c200","gain_loss_neo",1,0.9,9,10,5,1,200
"nt","model8","tl5.00_gl1.00_pr2.50_c200","gain_loss_trans",1,NA,0,0,5,1,200
"nt","model8","tl1.00_gl0.10_pr5.00_c200","tree_length",1,0.111111111111111,1,9,1,0.1,200
"nt","model8","tl1.00_gl0.10_pr5.00_c200","gain_loss_neo",10,0.444444444444444,4,9,1,0.1,200
"nt","model8","tl1.00_gl0.10_pr5.00_c200","gain_loss_trans",10,NA,0,0,1,0.1,200
"nt","model8","tl1.50_gl0.10_pr5.00_c200","tree_length",1.5,0,0,10,1.5,0.1,200
"nt","model8","tl1.50_gl0.10_pr5.00_c200","gain_loss_neo",10,0.3,3,10,1.5,0.1,200
"nt","model8","tl1.50_gl0.10_pr5.00_c200","gain_loss_trans",10,NA,0,0,1.5,0.1,200
"nt","model8","tl2.50_gl0.10_pr5.00_c200","tree_length",2.5,0,0,10,2.5,0.1,200
"nt","model8","tl2.50_gl0.10_pr5.00_c200","gain_loss_neo",10,0.7,7,10,2.5,0.1,200
"nt","model8","tl2.50_gl0.10_pr5.00_c200","gain_loss_trans",10,NA,0,0,2.5,0.1,200
"nt","model8","tl5.00_gl0.10_pr5.00_c200","tree_length",5,0.1,1,10,5,0.1,200
"nt","model8","tl5.00_gl0.10_pr5.00_c200","gain_loss_neo",10,0.8,8,10,5,0.1,200
"nt","model8","tl5.00_gl0.10_pr5.00_c200","gain_loss_trans",10,NA,0,0,5,0.1,200
"nt","model8","tl1.00_gl0.25_pr5.00_c200","tree_length",1,0.333333333333333,3,9,1,0.25,200
"nt","model8","tl1.00_gl0.25_pr5.00_c200","gain_loss_neo",4,0.777777777777778,7,9,1,0.25,200
"nt","model8","tl1.00_gl0.25_pr5.00_c200","gain_loss_trans",4,NA,0,0,1,0.25,200
"nt","model8","tl1.50_gl0.25_pr5.00_c200","tree_length",1.5,0,0,10,1.5,0.25,200
"nt","model8","tl1.50_gl0.25_pr5.00_c200","gain_loss_neo",4,0.8,8,10,1.5,0.25,200
"nt","model8","tl1.50_gl0.25_pr5.00_c200","gain_loss_trans",4,NA,0,0,1.5,0.25,200
"nt","model8","tl2.50_gl0.25_pr5.00_c200","tree_length",2.5,0.1,1,10,2.5,0.25,200
"nt","model8","tl2.50_gl0.25_pr5.00_c200","gain_loss_neo",4,1,10,10,2.5,0.25,200
"nt","model8","tl2.50_gl0.25_pr5.00_c200","gain_loss_trans",4,NA,0,0,2.5,0.25,200
"nt","model8","tl5.00_gl0.25_pr5.00_c200","tree_length",5,0,0,10,5,0.25,200
"nt","model8","tl5.00_gl0.25_pr5.00_c200","gain_loss_neo",4,1,10,10,5,0.25,200
"nt","model8","tl5.00_gl0.25_pr5.00_c200","gain_loss_trans",4,NA,0,0,5,0.25,200
"nt","model8","tl1.00_gl0.50_pr5.00_c200","tree_length",1,0,0,10,1,0.5,200
"nt","model8","tl1.00_gl0.50_pr5.00_c200","gain_loss_neo",2,0.9,9,10,1,0.5,200
"nt","model8","tl1.00_gl0.50_pr5.00_c200","gain_loss_trans",2,NA,0,0,1,0.5,200
"nt","model8","tl1.50_gl0.50_pr5.00_c200","tree_length",1.5,0,0,10,1.5,0.5,200
"nt","model8","tl1.50_gl0.50_pr5.00_c200","gain_loss_neo",2,0.9,9,10,1.5,0.5,200
"nt","model8","tl1.50_gl0.50_pr5.00_c200","gain_loss_trans",2,NA,0,0,1.5,0.5,200
"nt","model8","tl2.50_gl0.50_pr5.00_c200","tree_length",2.5,0,0,10,2.5,0.5,200
"nt","model8","tl2.50_gl0.50_pr5.00_c200","gain_loss_neo",2,0.9,9,10,2.5,0.5,200
"nt","model8","tl2.50_gl0.50_pr5.00_c200","gain_loss_trans",2,NA,0,0,2.5,0.5,200
"nt","model8","tl5.00_gl0.50_pr5.00_c200","tree_length",5,0,0,10,5,0.5,200
"nt","model8","tl5.00_gl0.50_pr5.00_c200","gain_loss_neo",2,0.9,9,10,5,0.5,200
"nt","model8","tl5.00_gl0.50_pr5.00_c200","gain_loss_trans",2,NA,0,0,5,0.5,200
"nt","model8","tl1.00_gl1.00_pr5.00_c200","tree_length",1,0,0,10,1,1,200
"nt","model8","tl1.00_gl1.00_pr5.00_c200","gain_loss_neo",1,0.8,8,10,1,1,200
"nt","model8","tl1.00_gl1.00_pr5.00_c200","gain_loss_trans",1,NA,0,0,1,1,200
"nt","model8","tl1.50_gl1.00_pr5.00_c200","tree_length",1.5,0,0,8,1.5,1,200
"nt","model8","tl1.50_gl1.00_pr5.00_c200","gain_loss_neo",1,1,8,8,1.5,1,200
"nt","model8","tl1.50_gl1.00_pr5.00_c200","gain_loss_trans",1,NA,0,0,1.5,1,200
"nt","model8","tl2.50_gl1.00_pr5.00_c200","tree_length",2.5,0,0,10,2.5,1,200
"nt","model8","tl2.50_gl1.00_pr5.00_c200","gain_loss_neo",1,1,10,10,2.5,1,200
"nt","model8","tl2.50_gl1.00_pr5.00_c200","gain_loss_trans",1,NA,0,0,2.5,1,200
"nt","model8","tl5.00_gl1.00_pr5.00_c200","tree_length",5,0,0,10,5,1,200
"nt","model8","tl5.00_gl1.00_pr5.00_c200","gain_loss_neo",1,0.9,9,10,5,1,200
"nt","model8","tl5.00_gl1.00_pr5.00_c200","gain_loss_trans",1,NA,0,0,5,1,200
"nt","model9","tl1.00_gl0.10_pr1.00_c25","tree_length",1,1,10,10,1,0.1,25
"nt","model9","tl1.00_gl0.10_pr1.00_c25","gain_loss_neo",10,0.8,8,10,1,0.1,25
"nt","model9","tl1.00_gl0.10_pr1.00_c25","gain_loss_trans",10,NA,0,0,1,0.1,25
"nt","model9","tl1.50_gl0.10_pr1.00_c25","tree_length",1.5,1,10,10,1.5,0.1,25
"nt","model9","tl1.50_gl0.10_pr1.00_c25","gain_loss_neo",10,1,10,10,1.5,0.1,25
"nt","model9","tl1.50_gl0.10_pr1.00_c25","gain_loss_trans",10,NA,0,0,1.5,0.1,25
"nt","model9","tl2.50_gl0.10_pr1.00_c25","tree_length",2.5,1,10,10,2.5,0.1,25
"nt","model9","tl2.50_gl0.10_pr1.00_c25","gain_loss_neo",10,0.9,9,10,2.5,0.1,25
"nt","model9","tl2.50_gl0.10_pr1.00_c25","gain_loss_trans",10,NA,0,0,2.5,0.1,25
"nt","model9","tl5.00_gl0.10_pr1.00_c25","tree_length",5,0,0,10,5,0.1,25
"nt","model9","tl5.00_gl0.10_pr1.00_c25","gain_loss_neo",10,0.9,9,10,5,0.1,25
"nt","model9","tl5.00_gl0.10_pr1.00_c25","gain_loss_trans",10,NA,0,0,5,0.1,25
"nt","model9","tl1.00_gl0.25_pr1.00_c25","tree_length",1,1,9,9,1,0.25,25
"nt","model9","tl1.00_gl0.25_pr1.00_c25","gain_loss_neo",4,0.777777777777778,7,9,1,0.25,25
"nt","model9","tl1.00_gl0.25_pr1.00_c25","gain_loss_trans",4,NA,0,0,1,0.25,25
"nt","model9","tl1.50_gl0.25_pr1.00_c25","tree_length",1.5,1,10,10,1.5,0.25,25
"nt","model9","tl1.50_gl0.25_pr1.00_c25","gain_loss_neo",4,1,10,10,1.5,0.25,25
"nt","model9","tl1.50_gl0.25_pr1.00_c25","gain_loss_trans",4,NA,0,0,1.5,0.25,25
"nt","model9","tl2.50_gl0.25_pr1.00_c25","tree_length",2.5,0.9,9,10,2.5,0.25,25
"nt","model9","tl2.50_gl0.25_pr1.00_c25","gain_loss_neo",4,0.9,9,10,2.5,0.25,25
"nt","model9","tl2.50_gl0.25_pr1.00_c25","gain_loss_trans",4,NA,0,0,2.5,0.25,25
"nt","model9","tl5.00_gl0.25_pr1.00_c25","tree_length",5,0.2,2,10,5,0.25,25
"nt","model9","tl5.00_gl0.25_pr1.00_c25","gain_loss_neo",4,1,10,10,5,0.25,25
"nt","model9","tl5.00_gl0.25_pr1.00_c25","gain_loss_trans",4,NA,0,0,5,0.25,25
"nt","model9","tl1.00_gl0.50_pr1.00_c25","tree_length",1,1,9,9,1,0.5,25
"nt","model9","tl1.00_gl0.50_pr1.00_c25","gain_loss_neo",2,0.888888888888889,8,9,1,0.5,25
"nt","model9","tl1.00_gl0.50_pr1.00_c25","gain_loss_trans",2,NA,0,0,1,0.5,25
"nt","model9","tl1.50_gl0.50_pr1.00_c25","tree_length",1.5,1,10,10,1.5,0.5,25
"nt","model9","tl1.50_gl0.50_pr1.00_c25","gain_loss_neo",2,1,10,10,1.5,0.5,25
"nt","model9","tl1.50_gl0.50_pr1.00_c25","gain_loss_trans",2,NA,0,0,1.5,0.5,25
"nt","model9","tl2.50_gl0.50_pr1.00_c25","tree_length",2.5,0.9,9,10,2.5,0.5,25
"nt","model9","tl2.50_gl0.50_pr1.00_c25","gain_loss_neo",2,1,10,10,2.5,0.5,25
"nt","model9","tl2.50_gl0.50_pr1.00_c25","gain_loss_trans",2,NA,0,0,2.5,0.5,25
"nt","model9","tl5.00_gl0.50_pr1.00_c25","tree_length",5,0.1,1,10,5,0.5,25
"nt","model9","tl5.00_gl0.50_pr1.00_c25","gain_loss_neo",2,1,10,10,5,0.5,25
"nt","model9","tl5.00_gl0.50_pr1.00_c25","gain_loss_trans",2,NA,0,0,5,0.5,25
"nt","model9","tl1.00_gl1.00_pr1.00_c25","tree_length",1,1,10,10,1,1,25
"nt","model9","tl1.00_gl1.00_pr1.00_c25","gain_loss_neo",1,1,10,10,1,1,25
"nt","model9","tl1.00_gl1.00_pr1.00_c25","gain_loss_trans",1,NA,0,0,1,1,25
"nt","model9","tl1.50_gl1.00_pr1.00_c25","tree_length",1.5,1,10,10,1.5,1,25
"nt","model9","tl1.50_gl1.00_pr1.00_c25","gain_loss_neo",1,1,10,10,1.5,1,25
"nt","model9","tl1.50_gl1.00_pr1.00_c25","gain_loss_trans",1,NA,0,0,1.5,1,25
"nt","model9","tl2.50_gl1.00_pr1.00_c25","tree_length",2.5,0.875,7,8,2.5,1,25
"nt","model9","tl2.50_gl1.00_pr1.00_c25","gain_loss_neo",1,1,8,8,2.5,1,25
"nt","model9","tl2.50_gl1.00_pr1.00_c25","gain_loss_trans",1,NA,0,0,2.5,1,25
"nt","model9","tl5.00_gl1.00_pr1.00_c25","tree_length",5,0.222222222222222,2,9,5,1,25
"nt","model9","tl5.00_gl1.00_pr1.00_c25","gain_loss_neo",1,1,9,9,5,1,25
"nt","model9","tl5.00_gl1.00_pr1.00_c25","gain_loss_trans",1,NA,0,0,5,1,25
"nt","model9","tl1.00_gl0.10_pr2.50_c25","tree_length",1,1,10,10,1,0.1,25
"nt","model9","tl1.00_gl0.10_pr2.50_c25","gain_loss_neo",10,0.7,7,10,1,0.1,25
"nt","model9","tl1.00_gl0.10_pr2.50_c25","gain_loss_trans",10,NA,0,0,1,0.1,25
"nt","model9","tl1.50_gl0.10_pr2.50_c25","tree_length",1.5,1,10,10,1.5,0.1,25
"nt","model9","tl1.50_gl0.10_pr2.50_c25","gain_loss_neo",10,0.6,6,10,1.5,0.1,25
"nt","model9","tl1.50_gl0.10_pr2.50_c25","gain_loss_trans",10,NA,0,0,1.5,0.1,25
"nt","model9","tl2.50_gl0.10_pr2.50_c25","tree_length",2.5,0.8,8,10,2.5,0.1,25
"nt","model9","tl2.50_gl0.10_pr2.50_c25","gain_loss_neo",10,0.9,9,10,2.5,0.1,25
"nt","model9","tl2.50_gl0.10_pr2.50_c25","gain_loss_trans",10,NA,0,0,2.5,0.1,25
"nt","model9","tl5.00_gl0.10_pr2.50_c25","tree_length",5,0,0,10,5,0.1,25
"nt","model9","tl5.00_gl0.10_pr2.50_c25","gain_loss_neo",10,1,10,10,5,0.1,25
"nt","model9","tl5.00_gl0.10_pr2.50_c25","gain_loss_trans",10,NA,0,0,5,0.1,25
"nt","model9","tl1.00_gl0.25_pr2.50_c25","tree_length",1,1,10,10,1,0.25,25
"nt","model9","tl1.00_gl0.25_pr2.50_c25","gain_loss_neo",4,0.9,9,10,1,0.25,25
"nt","model9","tl1.00_gl0.25_pr2.50_c25","gain_loss_trans",4,NA,0,0,1,0.25,25
"nt","model9","tl1.50_gl0.25_pr2.50_c25","tree_length",1.5,1,10,10,1.5,0.25,25
"nt","model9","tl1.50_gl0.25_pr2.50_c25","gain_loss_neo",4,0.9,9,10,1.5,0.25,25
"nt","model9","tl1.50_gl0.25_pr2.50_c25","gain_loss_trans",4,NA,0,0,1.5,0.25,25
"nt","model9","tl2.50_gl0.25_pr2.50_c25","tree_length",2.5,0.666666666666667,6,9,2.5,0.25,25
"nt","model9","tl2.50_gl0.25_pr2.50_c25","gain_loss_neo",4,0.888888888888889,8,9,2.5,0.25,25
"nt","model9","tl2.50_gl0.25_pr2.50_c25","gain_loss_trans",4,NA,0,0,2.5,0.25,25
"nt","model9","tl5.00_gl0.25_pr2.50_c25","tree_length",5,0,0,10,5,0.25,25
"nt","model9","tl5.00_gl0.25_pr2.50_c25","gain_loss_neo",4,1,10,10,5,0.25,25
"nt","model9","tl5.00_gl0.25_pr2.50_c25","gain_loss_trans",4,NA,0,0,5,0.25,25
"nt","model9","tl1.00_gl0.50_pr2.50_c25","tree_length",1,1,9,9,1,0.5,25
"nt","model9","tl1.00_gl0.50_pr2.50_c25","gain_loss_neo",2,1,9,9,1,0.5,25
"nt","model9","tl1.00_gl0.50_pr2.50_c25","gain_loss_trans",2,NA,0,0,1,0.5,25
"nt","model9","tl1.50_gl0.50_pr2.50_c25","tree_length",1.5,0.9,9,10,1.5,0.5,25
"nt","model9","tl1.50_gl0.50_pr2.50_c25","gain_loss_neo",2,0.9,9,10,1.5,0.5,25
"nt","model9","tl1.50_gl0.50_pr2.50_c25","gain_loss_trans",2,NA,0,0,1.5,0.5,25
"nt","model9","tl2.50_gl0.50_pr2.50_c25","tree_length",2.5,0.5,5,10,2.5,0.5,25
"nt","model9","tl2.50_gl0.50_pr2.50_c25","gain_loss_neo",2,1,10,10,2.5,0.5,25
"nt","model9","tl2.50_gl0.50_pr2.50_c25","gain_loss_trans",2,NA,0,0,2.5,0.5,25
"nt","model9","tl5.00_gl0.50_pr2.50_c25","tree_length",5,0,0,9,5,0.5,25
"nt","model9","tl5.00_gl0.50_pr2.50_c25","gain_loss_neo",2,1,9,9,5,0.5,25
"nt","model9","tl5.00_gl0.50_pr2.50_c25","gain_loss_trans",2,NA,0,0,5,0.5,25
"nt","model9","tl1.00_gl1.00_pr2.50_c25","tree_length",1,1,10,10,1,1,25
"nt","model9","tl1.00_gl1.00_pr2.50_c25","gain_loss_neo",1,0.9,9,10,1,1,25
"nt","model9","tl1.00_gl1.00_pr2.50_c25","gain_loss_trans",1,NA,0,0,1,1,25
"nt","model9","tl1.50_gl1.00_pr2.50_c25","tree_length",1.5,0.888888888888889,8,9,1.5,1,25
"nt","model9","tl1.50_gl1.00_pr2.50_c25","gain_loss_neo",1,1,9,9,1.5,1,25
"nt","model9","tl1.50_gl1.00_pr2.50_c25","gain_loss_trans",1,NA,0,0,1.5,1,25
"nt","model9","tl2.50_gl1.00_pr2.50_c25","tree_length",2.5,0.333333333333333,3,9,2.5,1,25
"nt","model9","tl2.50_gl1.00_pr2.50_c25","gain_loss_neo",1,1,9,9,2.5,1,25
"nt","model9","tl2.50_gl1.00_pr2.50_c25","gain_loss_trans",1,NA,0,0,2.5,1,25
"nt","model9","tl5.00_gl1.00_pr2.50_c25","tree_length",5,0,0,10,5,1,25
"nt","model9","tl5.00_gl1.00_pr2.50_c25","gain_loss_neo",1,0.9,9,10,5,1,25
"nt","model9","tl5.00_gl1.00_pr2.50_c25","gain_loss_trans",1,NA,0,0,5,1,25
"nt","model9","tl1.00_gl0.10_pr5.00_c25","tree_length",1,1,10,10,1,0.1,25
"nt","model9","tl1.00_gl0.10_pr5.00_c25","gain_loss_neo",10,0.3,3,10,1,0.1,25
"nt","model9","tl1.00_gl0.10_pr5.00_c25","gain_loss_trans",10,NA,0,0,1,0.1,25
"nt","model9","tl1.50_gl0.10_pr5.00_c25","tree_length",1.5,1,10,10,1.5,0.1,25
"nt","model9","tl1.50_gl0.10_pr5.00_c25","gain_loss_neo",10,0.3,3,10,1.5,0.1,25
"nt","model9","tl1.50_gl0.10_pr5.00_c25","gain_loss_trans",10,NA,0,0,1.5,0.1,25
"nt","model9","tl2.50_gl0.10_pr5.00_c25","tree_length",2.5,0.666666666666667,6,9,2.5,0.1,25
"nt","model9","tl2.50_gl0.10_pr5.00_c25","gain_loss_neo",10,0.555555555555556,5,9,2.5,0.1,25
"nt","model9","tl2.50_gl0.10_pr5.00_c25","gain_loss_trans",10,NA,0,0,2.5,0.1,25
"nt","model9","tl5.00_gl0.10_pr5.00_c25","tree_length",5,0,0,9,5,0.1,25
"nt","model9","tl5.00_gl0.10_pr5.00_c25","gain_loss_neo",10,1,9,9,5,0.1,25
"nt","model9","tl5.00_gl0.10_pr5.00_c25","gain_loss_trans",10,NA,0,0,5,0.1,25
"nt","model9","tl1.00_gl0.25_pr5.00_c25","tree_length",1,1,10,10,1,0.25,25
"nt","model9","tl1.00_gl0.25_pr5.00_c25","gain_loss_neo",4,0.7,7,10,1,0.25,25
"nt","model9","tl1.00_gl0.25_pr5.00_c25","gain_loss_trans",4,NA,0,0,1,0.25,25
"nt","model9","tl1.50_gl0.25_pr5.00_c25","tree_length",1.5,0.888888888888889,8,9,1.5,0.25,25
"nt","model9","tl1.50_gl0.25_pr5.00_c25","gain_loss_neo",4,0.777777777777778,7,9,1.5,0.25,25
"nt","model9","tl1.50_gl0.25_pr5.00_c25","gain_loss_trans",4,NA,0,0,1.5,0.25,25
"nt","model9","tl2.50_gl0.25_pr5.00_c25","tree_length",2.5,0.5,5,10,2.5,0.25,25
"nt","model9","tl2.50_gl0.25_pr5.00_c25","gain_loss_neo",4,1,10,10,2.5,0.25,25
"nt","model9","tl2.50_gl0.25_pr5.00_c25","gain_loss_trans",4,NA,0,0,2.5,0.25,25
"nt","model9","tl5.00_gl0.25_pr5.00_c25","tree_length",5,0,0,10,5,0.25,25
"nt","model9","tl5.00_gl0.25_pr5.00_c25","gain_loss_neo",4,0.9,9,10,5,0.25,25
"nt","model9","tl5.00_gl0.25_pr5.00_c25","gain_loss_trans",4,NA,0,0,5,0.25,25
"nt","model9","tl1.00_gl0.50_pr5.00_c25","tree_length",1,0.888888888888889,8,9,1,0.5,25
"nt","model9","tl1.00_gl0.50_pr5.00_c25","gain_loss_neo",2,0.888888888888889,8,9,1,0.5,25
"nt","model9","tl1.00_gl0.50_pr5.00_c25","gain_loss_trans",2,NA,0,0,1,0.5,25
"nt","model9","tl1.50_gl0.50_pr5.00_c25","tree_length",1.5,0.9,9,10,1.5,0.5,25
"nt","model9","tl1.50_gl0.50_pr5.00_c25","gain_loss_neo",2,0.9,9,10,1.5,0.5,25
"nt","model9","tl1.50_gl0.50_pr5.00_c25","gain_loss_trans",2,NA,0,0,1.5,0.5,25
"nt","model9","tl2.50_gl0.50_pr5.00_c25","tree_length",2.5,0.25,2,8,2.5,0.5,25
"nt","model9","tl2.50_gl0.50_pr5.00_c25","gain_loss_neo",2,0.875,7,8,2.5,0.5,25
"nt","model9","tl2.50_gl0.50_pr5.00_c25","gain_loss_trans",2,NA,0,0,2.5,0.5,25
"nt","model9","tl5.00_gl0.50_pr5.00_c25","tree_length",5,0,0,10,5,0.5,25
"nt","model9","tl5.00_gl0.50_pr5.00_c25","gain_loss_neo",2,1,10,10,5,0.5,25
"nt","model9","tl5.00_gl0.50_pr5.00_c25","gain_loss_trans",2,NA,0,0,5,0.5,25
"nt","model9","tl1.00_gl1.00_pr5.00_c25","tree_length",1,1,10,10,1,1,25
"nt","model9","tl1.00_gl1.00_pr5.00_c25","gain_loss_neo",1,1,10,10,1,1,25
"nt","model9","tl1.00_gl1.00_pr5.00_c25","gain_loss_trans",1,NA,0,0,1,1,25
"nt","model9","tl1.50_gl1.00_pr5.00_c25","tree_length",1.5,0.7,7,10,1.5,1,25
"nt","model9","tl1.50_gl1.00_pr5.00_c25","gain_loss_neo",1,1,10,10,1.5,1,25
"nt","model9","tl1.50_gl1.00_pr5.00_c25","gain_loss_trans",1,NA,0,0,1.5,1,25
"nt","model9","tl2.50_gl1.00_pr5.00_c25","tree_length",2.5,0.333333333333333,3,9,2.5,1,25
"nt","model9","tl2.50_gl1.00_pr5.00_c25","gain_loss_neo",1,1,9,9,2.5,1,25
"nt","model9","tl2.50_gl1.00_pr5.00_c25","gain_loss_trans",1,NA,0,0,2.5,1,25
"nt","model9","tl5.00_gl1.00_pr5.00_c25","tree_length",5,0,0,9,5,1,25
"nt","model9","tl5.00_gl1.00_pr5.00_c25","gain_loss_neo",1,1,9,9,5,1,25
"nt","model9","tl5.00_gl1.00_pr5.00_c25","gain_loss_trans",1,NA,0,0,5,1,25
"nt","model9","tl1.00_gl0.10_pr1.00_c50","tree_length",1,1,10,10,1,0.1,50
"nt","model9","tl1.00_gl0.10_pr1.00_c50","gain_loss_neo",10,0.7,7,10,1,0.1,50
"nt","model9","tl1.00_gl0.10_pr1.00_c50","gain_loss_trans",10,NA,0,0,1,0.1,50
"nt","model9","tl1.50_gl0.10_pr1.00_c50","tree_length",1.5,1,9,9,1.5,0.1,50
"nt","model9","tl1.50_gl0.10_pr1.00_c50","gain_loss_neo",10,1,9,9,1.5,0.1,50
"nt","model9","tl1.50_gl0.10_pr1.00_c50","gain_loss_trans",10,NA,0,0,1.5,0.1,50
"nt","model9","tl2.50_gl0.10_pr1.00_c50","tree_length",2.5,1,9,9,2.5,0.1,50
"nt","model9","tl2.50_gl0.10_pr1.00_c50","gain_loss_neo",10,1,9,9,2.5,0.1,50
"nt","model9","tl2.50_gl0.10_pr1.00_c50","gain_loss_trans",10,NA,0,0,2.5,0.1,50
"nt","model9","tl5.00_gl0.10_pr1.00_c50","tree_length",5,0.222222222222222,2,9,5,0.1,50
"nt","model9","tl5.00_gl0.10_pr1.00_c50","gain_loss_neo",10,1,9,9,5,0.1,50
"nt","model9","tl5.00_gl0.10_pr1.00_c50","gain_loss_trans",10,NA,0,0,5,0.1,50
"nt","model9","tl1.00_gl0.25_pr1.00_c50","tree_length",1,1,9,9,1,0.25,50
"nt","model9","tl1.00_gl0.25_pr1.00_c50","gain_loss_neo",4,0.777777777777778,7,9,1,0.25,50
"nt","model9","tl1.00_gl0.25_pr1.00_c50","gain_loss_trans",4,NA,0,0,1,0.25,50
"nt","model9","tl1.50_gl0.25_pr1.00_c50","tree_length",1.5,1,9,9,1.5,0.25,50
"nt","model9","tl1.50_gl0.25_pr1.00_c50","gain_loss_neo",4,1,9,9,1.5,0.25,50
"nt","model9","tl1.50_gl0.25_pr1.00_c50","gain_loss_trans",4,NA,0,0,1.5,0.25,50
"nt","model9","tl2.50_gl0.25_pr1.00_c50","tree_length",2.5,1,8,8,2.5,0.25,50
"nt","model9","tl2.50_gl0.25_pr1.00_c50","gain_loss_neo",4,1,8,8,2.5,0.25,50
"nt","model9","tl2.50_gl0.25_pr1.00_c50","gain_loss_trans",4,NA,0,0,2.5,0.25,50
"nt","model9","tl5.00_gl0.25_pr1.00_c50","tree_length",5,0.333333333333333,3,9,5,0.25,50
"nt","model9","tl5.00_gl0.25_pr1.00_c50","gain_loss_neo",4,0.888888888888889,8,9,5,0.25,50
"nt","model9","tl5.00_gl0.25_pr1.00_c50","gain_loss_trans",4,NA,0,0,5,0.25,50
"nt","model9","tl1.00_gl0.50_pr1.00_c50","tree_length",1,0.875,7,8,1,0.5,50
"nt","model9","tl1.00_gl0.50_pr1.00_c50","gain_loss_neo",2,0.875,7,8,1,0.5,50
"nt","model9","tl1.00_gl0.50_pr1.00_c50","gain_loss_trans",2,NA,0,0,1,0.5,50
"nt","model9","tl1.50_gl0.50_pr1.00_c50","tree_length",1.5,1,9,9,1.5,0.5,50
"nt","model9","tl1.50_gl0.50_pr1.00_c50","gain_loss_neo",2,1,9,9,1.5,0.5,50
"nt","model9","tl1.50_gl0.50_pr1.00_c50","gain_loss_trans",2,NA,0,0,1.5,0.5,50
"nt","model9","tl2.50_gl0.50_pr1.00_c50","tree_length",2.5,0.777777777777778,7,9,2.5,0.5,50
"nt","model9","tl2.50_gl0.50_pr1.00_c50","gain_loss_neo",2,0.888888888888889,8,9,2.5,0.5,50
"nt","model9","tl2.50_gl0.50_pr1.00_c50","gain_loss_trans",2,NA,0,0,2.5,0.5,50
"nt","model9","tl5.00_gl0.50_pr1.00_c50","tree_length",5,0.375,3,8,5,0.5,50
"nt","model9","tl5.00_gl0.50_pr1.00_c50","gain_loss_neo",2,0.875,7,8,5,0.5,50
"nt","model9","tl5.00_gl0.50_pr1.00_c50","gain_loss_trans",2,NA,0,0,5,0.5,50
"nt","model9","tl1.00_gl1.00_pr1.00_c50","tree_length",1,1,9,9,1,1,50
"nt","model9","tl1.00_gl1.00_pr1.00_c50","gain_loss_neo",1,1,9,9,1,1,50
"nt","model9","tl1.00_gl1.00_pr1.00_c50","gain_loss_trans",1,NA,0,0,1,1,50
"nt","model9","tl1.50_gl1.00_pr1.00_c50","tree_length",1.5,1,8,8,1.5,1,50
"nt","model9","tl1.50_gl1.00_pr1.00_c50","gain_loss_neo",1,0.875,7,8,1.5,1,50
"nt","model9","tl1.50_gl1.00_pr1.00_c50","gain_loss_trans",1,NA,0,0,1.5,1,50
"nt","model9","tl2.50_gl1.00_pr1.00_c50","tree_length",2.5,0.75,6,8,2.5,1,50
"nt","model9","tl2.50_gl1.00_pr1.00_c50","gain_loss_neo",1,1,8,8,2.5,1,50
"nt","model9","tl2.50_gl1.00_pr1.00_c50","gain_loss_trans",1,NA,0,0,2.5,1,50
"nt","model9","tl5.00_gl1.00_pr1.00_c50","tree_length",5,0.5,4,8,5,1,50
"nt","model9","tl5.00_gl1.00_pr1.00_c50","gain_loss_neo",1,0.875,7,8,5,1,50
"nt","model9","tl5.00_gl1.00_pr1.00_c50","gain_loss_trans",1,NA,0,0,5,1,50
"nt","model9","tl1.00_gl0.10_pr2.50_c50","tree_length",1,1,9,9,1,0.1,50
"nt","model9","tl1.00_gl0.10_pr2.50_c50","gain_loss_neo",10,0.666666666666667,6,9,1,0.1,50
"nt","model9","tl1.00_gl0.10_pr2.50_c50","gain_loss_trans",10,NA,0,0,1,0.1,50
"nt","model9","tl1.50_gl0.10_pr2.50_c50","tree_length",1.5,0.888888888888889,8,9,1.5,0.1,50
"nt","model9","tl1.50_gl0.10_pr2.50_c50","gain_loss_neo",10,0.555555555555556,5,9,1.5,0.1,50
"nt","model9","tl1.50_gl0.10_pr2.50_c50","gain_loss_trans",10,NA,0,0,1.5,0.1,50
"nt","model9","tl2.50_gl0.10_pr2.50_c50","tree_length",2.5,0.555555555555556,5,9,2.5,0.1,50
"nt","model9","tl2.50_gl0.10_pr2.50_c50","gain_loss_neo",10,1,9,9,2.5,0.1,50
"nt","model9","tl2.50_gl0.10_pr2.50_c50","gain_loss_trans",10,NA,0,0,2.5,0.1,50
"nt","model9","tl5.00_gl0.10_pr2.50_c50","tree_length",5,0,0,9,5,0.1,50
"nt","model9","tl5.00_gl0.10_pr2.50_c50","gain_loss_neo",10,1,9,9,5,0.1,50
"nt","model9","tl5.00_gl0.10_pr2.50_c50","gain_loss_trans",10,NA,0,0,5,0.1,50
"nt","model9","tl1.00_gl0.25_pr2.50_c50","tree_length",1,0.875,7,8,1,0.25,50
"nt","model9","tl1.00_gl0.25_pr2.50_c50","gain_loss_neo",4,0.75,6,8,1,0.25,50
"nt","model9","tl1.00_gl0.25_pr2.50_c50","gain_loss_trans",4,NA,0,0,1,0.25,50
"nt","model9","tl1.50_gl0.25_pr2.50_c50","tree_length",1.5,0.75,6,8,1.5,0.25,50
"nt","model9","tl1.50_gl0.25_pr2.50_c50","gain_loss_neo",4,1,8,8,1.5,0.25,50
"nt","model9","tl1.50_gl0.25_pr2.50_c50","gain_loss_trans",4,NA,0,0,1.5,0.25,50
"nt","model9","tl2.50_gl0.25_pr2.50_c50","tree_length",2.5,0.375,3,8,2.5,0.25,50
"nt","model9","tl2.50_gl0.25_pr2.50_c50","gain_loss_neo",4,1,8,8,2.5,0.25,50
"nt","model9","tl2.50_gl0.25_pr2.50_c50","gain_loss_trans",4,NA,0,0,2.5,0.25,50
"nt","model9","tl5.00_gl0.25_pr2.50_c50","tree_length",5,0.125,1,8,5,0.25,50
"nt","model9","tl5.00_gl0.25_pr2.50_c50","gain_loss_neo",4,1,8,8,5,0.25,50
"nt","model9","tl5.00_gl0.25_pr2.50_c50","gain_loss_trans",4,NA,0,0,5,0.25,50
"nt","model9","tl1.00_gl0.50_pr2.50_c50","tree_length",1,0.777777777777778,7,9,1,0.5,50
"nt","model9","tl1.00_gl0.50_pr2.50_c50","gain_loss_neo",2,1,9,9,1,0.5,50
"nt","model9","tl1.00_gl0.50_pr2.50_c50","gain_loss_trans",2,NA,0,0,1,0.5,50
"nt","model9","tl1.50_gl0.50_pr2.50_c50","tree_length",1.5,0.5,4,8,1.5,0.5,50
"nt","model9","tl1.50_gl0.50_pr2.50_c50","gain_loss_neo",2,1,8,8,1.5,0.5,50
"nt","model9","tl1.50_gl0.50_pr2.50_c50","gain_loss_trans",2,NA,0,0,1.5,0.5,50
"nt","model9","tl2.50_gl0.50_pr2.50_c50","tree_length",2.5,0.25,2,8,2.5,0.5,50
"nt","model9","tl2.50_gl0.50_pr2.50_c50","gain_loss_neo",2,0.875,7,8,2.5,0.5,50
"nt","model9","tl2.50_gl0.50_pr2.50_c50","gain_loss_trans",2,NA,0,0,2.5,0.5,50
"nt","model9","tl5.00_gl0.50_pr2.50_c50","tree_length",5,0,0,8,5,0.5,50
"nt","model9","tl5.00_gl0.50_pr2.50_c50","gain_loss_neo",2,1,8,8,5,0.5,50
"nt","model9","tl5.00_gl0.50_pr2.50_c50","gain_loss_trans",2,NA,0,0,5,0.5,50
"nt","model9","tl1.00_gl1.00_pr2.50_c50","tree_length",1,1,8,8,1,1,50
"nt","model9","tl1.00_gl1.00_pr2.50_c50","gain_loss_neo",1,1,8,8,1,1,50
"nt","model9","tl1.00_gl1.00_pr2.50_c50","gain_loss_trans",1,NA,0,0,1,1,50
"nt","model9","tl1.50_gl1.00_pr2.50_c50","tree_length",1.5,0.625,5,8,1.5,1,50
"nt","model9","tl1.50_gl1.00_pr2.50_c50","gain_loss_neo",1,1,8,8,1.5,1,50
"nt","model9","tl1.50_gl1.00_pr2.50_c50","gain_loss_trans",1,NA,0,0,1.5,1,50
"nt","model9","tl2.50_gl1.00_pr2.50_c50","tree_length",2.5,0.25,2,8,2.5,1,50
"nt","model9","tl2.50_gl1.00_pr2.50_c50","gain_loss_neo",1,1,8,8,2.5,1,50
"nt","model9","tl2.50_gl1.00_pr2.50_c50","gain_loss_trans",1,NA,0,0,2.5,1,50
"nt","model9","tl5.00_gl1.00_pr2.50_c50","tree_length",5,0,0,8,5,1,50
"nt","model9","tl5.00_gl1.00_pr2.50_c50","gain_loss_neo",1,1,8,8,5,1,50
"nt","model9","tl5.00_gl1.00_pr2.50_c50","gain_loss_trans",1,NA,0,0,5,1,50
"nt","model9","tl1.00_gl0.10_pr5.00_c50","tree_length",1,0.888888888888889,8,9,1,0.1,50
"nt","model9","tl1.00_gl0.10_pr5.00_c50","gain_loss_neo",10,0.444444444444444,4,9,1,0.1,50
"nt","model9","tl1.00_gl0.10_pr5.00_c50","gain_loss_trans",10,NA,0,0,1,0.1,50
"nt","model9","tl1.50_gl0.10_pr5.00_c50","tree_length",1.5,0.7,7,10,1.5,0.1,50
"nt","model9","tl1.50_gl0.10_pr5.00_c50","gain_loss_neo",10,0.3,3,10,1.5,0.1,50
"nt","model9","tl1.50_gl0.10_pr5.00_c50","gain_loss_trans",10,NA,0,0,1.5,0.1,50
"nt","model9","tl2.50_gl0.10_pr5.00_c50","tree_length",2.5,0.125,1,8,2.5,0.1,50
"nt","model9","tl2.50_gl0.10_pr5.00_c50","gain_loss_neo",10,0.5,4,8,2.5,0.1,50
"nt","model9","tl2.50_gl0.10_pr5.00_c50","gain_loss_trans",10,NA,0,0,2.5,0.1,50
"nt","model9","tl5.00_gl0.10_pr5.00_c50","tree_length",5,0,0,9,5,0.1,50
"nt","model9","tl5.00_gl0.10_pr5.00_c50","gain_loss_neo",10,0.555555555555556,5,9,5,0.1,50
"nt","model9","tl5.00_gl0.10_pr5.00_c50","gain_loss_trans",10,NA,0,0,5,0.1,50
"nt","model9","tl1.00_gl0.25_pr5.00_c50","tree_length",1,0.75,6,8,1,0.25,50
"nt","model9","tl1.00_gl0.25_pr5.00_c50","gain_loss_neo",4,0.75,6,8,1,0.25,50
"nt","model9","tl1.00_gl0.25_pr5.00_c50","gain_loss_trans",4,NA,0,0,1,0.25,50
"nt","model9","tl1.50_gl0.25_pr5.00_c50","tree_length",1.5,0.5,4,8,1.5,0.25,50
"nt","model9","tl1.50_gl0.25_pr5.00_c50","gain_loss_neo",4,0.625,5,8,1.5,0.25,50
"nt","model9","tl1.50_gl0.25_pr5.00_c50","gain_loss_trans",4,NA,0,0,1.5,0.25,50
"nt","model9","tl2.50_gl0.25_pr5.00_c50","tree_length",2.5,0.111111111111111,1,9,2.5,0.25,50
"nt","model9","tl2.50_gl0.25_pr5.00_c50","gain_loss_neo",4,0.777777777777778,7,9,2.5,0.25,50
"nt","model9","tl2.50_gl0.25_pr5.00_c50","gain_loss_trans",4,NA,0,0,2.5,0.25,50
"nt","model9","tl5.00_gl0.25_pr5.00_c50","tree_length",5,0,0,9,5,0.25,50
"nt","model9","tl5.00_gl0.25_pr5.00_c50","gain_loss_neo",4,0.888888888888889,8,9,5,0.25,50
"nt","model9","tl5.00_gl0.25_pr5.00_c50","gain_loss_trans",4,NA,0,0,5,0.25,50
"nt","model9","tl1.00_gl0.50_pr5.00_c50","tree_length",1,0.875,7,8,1,0.5,50
"nt","model9","tl1.00_gl0.50_pr5.00_c50","gain_loss_neo",2,0.875,7,8,1,0.5,50
"nt","model9","tl1.00_gl0.50_pr5.00_c50","gain_loss_trans",2,NA,0,0,1,0.5,50
"nt","model9","tl1.50_gl0.50_pr5.00_c50","tree_length",1.5,0.444444444444444,4,9,1.5,0.5,50
"nt","model9","tl1.50_gl0.50_pr5.00_c50","gain_loss_neo",2,1,9,9,1.5,0.5,50
"nt","model9","tl1.50_gl0.50_pr5.00_c50","gain_loss_trans",2,NA,0,0,1.5,0.5,50
"nt","model9","tl2.50_gl0.50_pr5.00_c50","tree_length",2.5,0.3,3,10,2.5,0.5,50
"nt","model9","tl2.50_gl0.50_pr5.00_c50","gain_loss_neo",2,0.9,9,10,2.5,0.5,50
"nt","model9","tl2.50_gl0.50_pr5.00_c50","gain_loss_trans",2,NA,0,0,2.5,0.5,50
"nt","model9","tl5.00_gl0.50_pr5.00_c50","tree_length",5,0,0,10,5,0.5,50
"nt","model9","tl5.00_gl0.50_pr5.00_c50","gain_loss_neo",2,0.9,9,10,5,0.5,50
"nt","model9","tl5.00_gl0.50_pr5.00_c50","gain_loss_trans",2,NA,0,0,5,0.5,50
"nt","model9","tl1.00_gl1.00_pr5.00_c50","tree_length",1,0.555555555555556,5,9,1,1,50
"nt","model9","tl1.00_gl1.00_pr5.00_c50","gain_loss_neo",1,1,9,9,1,1,50
"nt","model9","tl1.00_gl1.00_pr5.00_c50","gain_loss_trans",1,NA,0,0,1,1,50
"nt","model9","tl1.50_gl1.00_pr5.00_c50","tree_length",1.5,0.375,3,8,1.5,1,50
"nt","model9","tl1.50_gl1.00_pr5.00_c50","gain_loss_neo",1,1,8,8,1.5,1,50
"nt","model9","tl1.50_gl1.00_pr5.00_c50","gain_loss_trans",1,NA,0,0,1.5,1,50
"nt","model9","tl2.50_gl1.00_pr5.00_c50","tree_length",2.5,0.111111111111111,1,9,2.5,1,50
"nt","model9","tl2.50_gl1.00_pr5.00_c50","gain_loss_neo",1,1,9,9,2.5,1,50
"nt","model9","tl2.50_gl1.00_pr5.00_c50","gain_loss_trans",1,NA,0,0,2.5,1,50
"nt","model9","tl5.00_gl1.00_pr5.00_c50","tree_length",5,0,0,9,5,1,50
"nt","model9","tl5.00_gl1.00_pr5.00_c50","gain_loss_neo",1,0.888888888888889,8,9,5,1,50
"nt","model9","tl5.00_gl1.00_pr5.00_c50","gain_loss_trans",1,NA,0,0,5,1,50
"nt","model9","tl1.00_gl0.10_pr1.00_c100","tree_length",1,1,9,9,1,0.1,100
"nt","model9","tl1.00_gl0.10_pr1.00_c100","gain_loss_neo",10,0.888888888888889,8,9,1,0.1,100
"nt","model9","tl1.00_gl0.10_pr1.00_c100","gain_loss_trans",10,NA,0,0,1,0.1,100
"nt","model9","tl1.50_gl0.10_pr1.00_c100","tree_length",1.5,1,8,8,1.5,0.1,100
"nt","model9","tl1.50_gl0.10_pr1.00_c100","gain_loss_neo",10,0.875,7,8,1.5,0.1,100
"nt","model9","tl1.50_gl0.10_pr1.00_c100","gain_loss_trans",10,NA,0,0,1.5,0.1,100
"nt","model9","tl2.50_gl0.10_pr1.00_c100","tree_length",2.5,0.888888888888889,8,9,2.5,0.1,100
"nt","model9","tl2.50_gl0.10_pr1.00_c100","gain_loss_neo",10,0.888888888888889,8,9,2.5,0.1,100
"nt","model9","tl2.50_gl0.10_pr1.00_c100","gain_loss_trans",10,NA,0,0,2.5,0.1,100
"nt","model9","tl5.00_gl0.10_pr1.00_c100","tree_length",5,0.111111111111111,1,9,5,0.1,100
"nt","model9","tl5.00_gl0.10_pr1.00_c100","gain_loss_neo",10,1,9,9,5,0.1,100
"nt","model9","tl5.00_gl0.10_pr1.00_c100","gain_loss_trans",10,NA,0,0,5,0.1,100
"nt","model9","tl1.00_gl0.25_pr1.00_c100","tree_length",1,1,10,10,1,0.25,100
"nt","model9","tl1.00_gl0.25_pr1.00_c100","gain_loss_neo",4,0.9,9,10,1,0.25,100
"nt","model9","tl1.00_gl0.25_pr1.00_c100","gain_loss_trans",4,NA,0,0,1,0.25,100
"nt","model9","tl1.50_gl0.25_pr1.00_c100","tree_length",1.5,1,10,10,1.5,0.25,100
"nt","model9","tl1.50_gl0.25_pr1.00_c100","gain_loss_neo",4,1,10,10,1.5,0.25,100
"nt","model9","tl1.50_gl0.25_pr1.00_c100","gain_loss_trans",4,NA,0,0,1.5,0.25,100
"nt","model9","tl2.50_gl0.25_pr1.00_c100","tree_length",2.5,0.875,7,8,2.5,0.25,100
"nt","model9","tl2.50_gl0.25_pr1.00_c100","gain_loss_neo",4,1,8,8,2.5,0.25,100
"nt","model9","tl2.50_gl0.25_pr1.00_c100","gain_loss_trans",4,NA,0,0,2.5,0.25,100
"nt","model9","tl5.00_gl0.25_pr1.00_c100","tree_length",5,0.6,3,5,5,0.25,100
"nt","model9","tl5.00_gl0.25_pr1.00_c100","gain_loss_neo",4,1,5,5,5,0.25,100
"nt","model9","tl5.00_gl0.25_pr1.00_c100","gain_loss_trans",4,NA,0,0,5,0.25,100
"nt","model9","tl1.00_gl0.50_pr1.00_c100","tree_length",1,1,9,9,1,0.5,100
"nt","model9","tl1.00_gl0.50_pr1.00_c100","gain_loss_neo",2,0.888888888888889,8,9,1,0.5,100
"nt","model9","tl1.00_gl0.50_pr1.00_c100","gain_loss_trans",2,NA,0,0,1,0.5,100
"nt","model9","tl1.50_gl0.50_pr1.00_c100","tree_length",1.5,1,9,9,1.5,0.5,100
"nt","model9","tl1.50_gl0.50_pr1.00_c100","gain_loss_neo",2,1,9,9,1.5,0.5,100
"nt","model9","tl1.50_gl0.50_pr1.00_c100","gain_loss_trans",2,NA,0,0,1.5,0.5,100
"nt","model9","tl2.50_gl0.50_pr1.00_c100","tree_length",2.5,1,8,8,2.5,0.5,100
"nt","model9","tl2.50_gl0.50_pr1.00_c100","gain_loss_neo",2,1,8,8,2.5,0.5,100
"nt","model9","tl2.50_gl0.50_pr1.00_c100","gain_loss_trans",2,NA,0,0,2.5,0.5,100
"nt","model9","tl5.00_gl0.50_pr1.00_c100","tree_length",5,0.333333333333333,2,6,5,0.5,100
"nt","model9","tl5.00_gl0.50_pr1.00_c100","gain_loss_neo",2,1,6,6,5,0.5,100
"nt","model9","tl5.00_gl0.50_pr1.00_c100","gain_loss_trans",2,NA,0,0,5,0.5,100
"nt","model9","tl1.00_gl1.00_pr1.00_c100","tree_length",1,1,8,8,1,1,100
"nt","model9","tl1.00_gl1.00_pr1.00_c100","gain_loss_neo",1,1,8,8,1,1,100
"nt","model9","tl1.00_gl1.00_pr1.00_c100","gain_loss_trans",1,NA,0,0,1,1,100
"nt","model9","tl1.50_gl1.00_pr1.00_c100","tree_length",1.5,1,10,10,1.5,1,100
"nt","model9","tl1.50_gl1.00_pr1.00_c100","gain_loss_neo",1,1,10,10,1.5,1,100
"nt","model9","tl1.50_gl1.00_pr1.00_c100","gain_loss_trans",1,NA,0,0,1.5,1,100
"nt","model9","tl2.50_gl1.00_pr1.00_c100","tree_length",2.5,0.875,7,8,2.5,1,100
"nt","model9","tl2.50_gl1.00_pr1.00_c100","gain_loss_neo",1,1,8,8,2.5,1,100
"nt","model9","tl2.50_gl1.00_pr1.00_c100","gain_loss_trans",1,NA,0,0,2.5,1,100
"nt","model9","tl5.00_gl1.00_pr1.00_c100","tree_length",5,0.4,2,5,5,1,100
"nt","model9","tl5.00_gl1.00_pr1.00_c100","gain_loss_neo",1,1,5,5,5,1,100
"nt","model9","tl5.00_gl1.00_pr1.00_c100","gain_loss_trans",1,NA,0,0,5,1,100
"nt","model9","tl1.00_gl0.10_pr2.50_c100","tree_length",1,1,7,7,1,0.1,100
"nt","model9","tl1.00_gl0.10_pr2.50_c100","gain_loss_neo",10,1,7,7,1,0.1,100
"nt","model9","tl1.00_gl0.10_pr2.50_c100","gain_loss_trans",10,NA,0,0,1,0.1,100
"nt","model9","tl1.50_gl0.10_pr2.50_c100","tree_length",1.5,0.857142857142857,6,7,1.5,0.1,100
"nt","model9","tl1.50_gl0.10_pr2.50_c100","gain_loss_neo",10,0.714285714285714,5,7,1.5,0.1,100
"nt","model9","tl1.50_gl0.10_pr2.50_c100","gain_loss_trans",10,NA,0,0,1.5,0.1,100
"nt","model9","tl2.50_gl0.10_pr2.50_c100","tree_length",2.5,0.714285714285714,5,7,2.5,0.1,100
"nt","model9","tl2.50_gl0.10_pr2.50_c100","gain_loss_neo",10,0.714285714285714,5,7,2.5,0.1,100
"nt","model9","tl2.50_gl0.10_pr2.50_c100","gain_loss_trans",10,NA,0,0,2.5,0.1,100
"nt","model9","tl5.00_gl0.10_pr2.50_c100","tree_length",5,0,0,8,5,0.1,100
"nt","model9","tl5.00_gl0.10_pr2.50_c100","gain_loss_neo",10,0.875,7,8,5,0.1,100
"nt","model9","tl5.00_gl0.10_pr2.50_c100","gain_loss_trans",10,NA,0,0,5,0.1,100
"nt","model9","tl1.00_gl0.25_pr2.50_c100","tree_length",1,0.888888888888889,8,9,1,0.25,100
"nt","model9","tl1.00_gl0.25_pr2.50_c100","gain_loss_neo",4,1,9,9,1,0.25,100
"nt","model9","tl1.00_gl0.25_pr2.50_c100","gain_loss_trans",4,NA,0,0,1,0.25,100
"nt","model9","tl1.50_gl0.25_pr2.50_c100","tree_length",1.5,0.75,6,8,1.5,0.25,100
"nt","model9","tl1.50_gl0.25_pr2.50_c100","gain_loss_neo",4,1,8,8,1.5,0.25,100
"nt","model9","tl1.50_gl0.25_pr2.50_c100","gain_loss_trans",4,NA,0,0,1.5,0.25,100
"nt","model9","tl2.50_gl0.25_pr2.50_c100","tree_length",2.5,0.375,3,8,2.5,0.25,100
"nt","model9","tl2.50_gl0.25_pr2.50_c100","gain_loss_neo",4,1,8,8,2.5,0.25,100
"nt","model9","tl2.50_gl0.25_pr2.50_c100","gain_loss_trans",4,NA,0,0,2.5,0.25,100
"nt","model9","tl5.00_gl0.25_pr2.50_c100","tree_length",5,0,0,6,5,0.25,100
"nt","model9","tl5.00_gl0.25_pr2.50_c100","gain_loss_neo",4,1,6,6,5,0.25,100
"nt","model9","tl5.00_gl0.25_pr2.50_c100","gain_loss_trans",4,NA,0,0,5,0.25,100
"nt","model9","tl1.00_gl0.50_pr2.50_c100","tree_length",1,0.5,3,6,1,0.5,100
"nt","model9","tl1.00_gl0.50_pr2.50_c100","gain_loss_neo",2,1,6,6,1,0.5,100
"nt","model9","tl1.00_gl0.50_pr2.50_c100","gain_loss_trans",2,NA,0,0,1,0.5,100
"nt","model9","tl1.50_gl0.50_pr2.50_c100","tree_length",1.5,0.333333333333333,2,6,1.5,0.5,100
"nt","model9","tl1.50_gl0.50_pr2.50_c100","gain_loss_neo",2,1,6,6,1.5,0.5,100
"nt","model9","tl1.50_gl0.50_pr2.50_c100","gain_loss_trans",2,NA,0,0,1.5,0.5,100
"nt","model9","tl2.50_gl0.50_pr2.50_c100","tree_length",2.5,0.285714285714286,2,7,2.5,0.5,100
"nt","model9","tl2.50_gl0.50_pr2.50_c100","gain_loss_neo",2,1,7,7,2.5,0.5,100
"nt","model9","tl2.50_gl0.50_pr2.50_c100","gain_loss_trans",2,NA,0,0,2.5,0.5,100
"nt","model9","tl5.00_gl0.50_pr2.50_c100","tree_length",5,0,0,7,5,0.5,100
"nt","model9","tl5.00_gl0.50_pr2.50_c100","gain_loss_neo",2,1,7,7,5,0.5,100
"nt","model9","tl5.00_gl0.50_pr2.50_c100","gain_loss_trans",2,0,0,1,5,0.5,100
"nt","model9","tl1.00_gl1.00_pr2.50_c100","tree_length",1,0.5,5,10,1,1,100
"nt","model9","tl1.00_gl1.00_pr2.50_c100","gain_loss_neo",1,1,10,10,1,1,100
"nt","model9","tl1.00_gl1.00_pr2.50_c100","gain_loss_trans",1,1,2,2,1,1,100
"nt","model9","tl1.50_gl1.00_pr2.50_c100","tree_length",1.5,0.3,3,10,1.5,1,100
"nt","model9","tl1.50_gl1.00_pr2.50_c100","gain_loss_neo",1,1,10,10,1.5,1,100
"nt","model9","tl1.50_gl1.00_pr2.50_c100","gain_loss_trans",1,0.5,1,2,1.5,1,100
"nt","model9","tl2.50_gl1.00_pr2.50_c100","tree_length",2.5,0.1,1,10,2.5,1,100
"nt","model9","tl2.50_gl1.00_pr2.50_c100","gain_loss_neo",1,1,10,10,2.5,1,100
"nt","model9","tl2.50_gl1.00_pr2.50_c100","gain_loss_trans",1,1,4,4,2.5,1,100
"nt","model9","tl5.00_gl1.00_pr2.50_c100","tree_length",5,0,0,6,5,1,100
"nt","model9","tl5.00_gl1.00_pr2.50_c100","gain_loss_neo",1,1,6,6,5,1,100
"nt","model9","tl5.00_gl1.00_pr2.50_c100","gain_loss_trans",1,1,2,2,5,1,100
"nt","model9","tl1.00_gl0.10_pr5.00_c100","tree_length",1,0.888888888888889,8,9,1,0.1,100
"nt","model9","tl1.00_gl0.10_pr5.00_c100","gain_loss_neo",10,0.444444444444444,4,9,1,0.1,100
"nt","model9","tl1.00_gl0.10_pr5.00_c100","gain_loss_trans",10,0,0,2,1,0.1,100
"nt","model9","tl1.50_gl0.10_pr5.00_c100","tree_length",1.5,0,0,6,1.5,0.1,100
"nt","model9","tl1.50_gl0.10_pr5.00_c100","gain_loss_neo",10,0.5,3,6,1.5,0.1,100
"nt","model9","tl1.50_gl0.10_pr5.00_c100","gain_loss_trans",10,NA,0,0,1.5,0.1,100
"nt","model9","tl2.50_gl0.10_pr5.00_c100","tree_length",2.5,0,0,5,2.5,0.1,100
"nt","model9","tl2.50_gl0.10_pr5.00_c100","gain_loss_neo",10,0.6,3,5,2.5,0.1,100
"nt","model9","tl2.50_gl0.10_pr5.00_c100","gain_loss_trans",10,NA,0,0,2.5,0.1,100
"nt","model9","tl5.00_gl0.10_pr5.00_c100","tree_length",5,0,0,7,5,0.1,100
"nt","model9","tl5.00_gl0.10_pr5.00_c100","gain_loss_neo",10,1,7,7,5,0.1,100
"nt","model9","tl5.00_gl0.10_pr5.00_c100","gain_loss_trans",10,0,0,1,5,0.1,100
"nt","model9","tl1.00_gl0.25_pr5.00_c100","tree_length",1,0.5,4,8,1,0.25,100
"nt","model9","tl1.00_gl0.25_pr5.00_c100","gain_loss_neo",4,0.75,6,8,1,0.25,100
"nt","model9","tl1.00_gl0.25_pr5.00_c100","gain_loss_trans",4,NA,0,0,1,0.25,100
"nt","model9","tl1.50_gl0.25_pr5.00_c100","tree_length",1.5,0.142857142857143,1,7,1.5,0.25,100
"nt","model9","tl1.50_gl0.25_pr5.00_c100","gain_loss_neo",4,1,7,7,1.5,0.25,100
"nt","model9","tl1.50_gl0.25_pr5.00_c100","gain_loss_trans",4,NA,0,0,1.5,0.25,100
"nt","model9","tl2.50_gl0.25_pr5.00_c100","tree_length",2.5,0,0,6,2.5,0.25,100
"nt","model9","tl2.50_gl0.25_pr5.00_c100","gain_loss_neo",4,0.833333333333333,5,6,2.5,0.25,100
"nt","model9","tl2.50_gl0.25_pr5.00_c100","gain_loss_trans",4,NA,0,0,2.5,0.25,100
"nt","model9","tl5.00_gl0.25_pr5.00_c100","tree_length",5,0,0,7,5,0.25,100
"nt","model9","tl5.00_gl0.25_pr5.00_c100","gain_loss_neo",4,0.857142857142857,6,7,5,0.25,100
"nt","model9","tl5.00_gl0.25_pr5.00_c100","gain_loss_trans",4,NA,0,0,5,0.25,100
"nt","model9","tl1.00_gl0.50_pr5.00_c100","tree_length",1,0.375,3,8,1,0.5,100
"nt","model9","tl1.00_gl0.50_pr5.00_c100","gain_loss_neo",2,1,8,8,1,0.5,100
"nt","model9","tl1.00_gl0.50_pr5.00_c100","gain_loss_trans",2,NA,0,0,1,0.5,100
"nt","model9","tl1.50_gl0.50_pr5.00_c100","tree_length",1.5,0,0,6,1.5,0.5,100
"nt","model9","tl1.50_gl0.50_pr5.00_c100","gain_loss_neo",2,1,6,6,1.5,0.5,100
"nt","model9","tl1.50_gl0.50_pr5.00_c100","gain_loss_trans",2,NA,0,0,1.5,0.5,100
"nt","model9","tl2.50_gl0.50_pr5.00_c100","tree_length",2.5,0,0,6,2.5,0.5,100
"nt","model9","tl2.50_gl0.50_pr5.00_c100","gain_loss_neo",2,1,6,6,2.5,0.5,100
"nt","model9","tl2.50_gl0.50_pr5.00_c100","gain_loss_trans",2,NA,0,0,2.5,0.5,100
"nt","model9","tl5.00_gl0.50_pr5.00_c100","tree_length",5,0,0,5,5,0.5,100
"nt","model9","tl5.00_gl0.50_pr5.00_c100","gain_loss_neo",2,1,5,5,5,0.5,100
"nt","model9","tl5.00_gl0.50_pr5.00_c100","gain_loss_trans",2,0,0,1,5,0.5,100
"nt","model9","tl1.00_gl1.00_pr5.00_c100","tree_length",1,0.142857142857143,1,7,1,1,100
"nt","model9","tl1.00_gl1.00_pr5.00_c100","gain_loss_neo",1,1,7,7,1,1,100
"nt","model9","tl1.00_gl1.00_pr5.00_c100","gain_loss_trans",1,NA,0,0,1,1,100
"nt","model9","tl1.50_gl1.00_pr5.00_c100","tree_length",1.5,0.111111111111111,1,9,1.5,1,100
"nt","model9","tl1.50_gl1.00_pr5.00_c100","gain_loss_neo",1,1,9,9,1.5,1,100
"nt","model9","tl1.50_gl1.00_pr5.00_c100","gain_loss_trans",1,NA,0,0,1.5,1,100
"nt","model9","tl2.50_gl1.00_pr5.00_c100","tree_length",2.5,0,0,8,2.5,1,100
"nt","model9","tl2.50_gl1.00_pr5.00_c100","gain_loss_neo",1,0.875,7,8,2.5,1,100
"nt","model9","tl2.50_gl1.00_pr5.00_c100","gain_loss_trans",1,NA,0,0,2.5,1,100
"nt","model9","tl5.00_gl1.00_pr5.00_c100","tree_length",5,0,0,7,5,1,100
"nt","model9","tl5.00_gl1.00_pr5.00_c100","gain_loss_neo",1,1,7,7,5,1,100
"nt","model9","tl5.00_gl1.00_pr5.00_c100","gain_loss_trans",1,NA,0,0,5,1,100
"nt","model9","tl1.00_gl0.10_pr1.00_c200","tree_length",1,1,6,6,1,0.1,200
"nt","model9","tl1.00_gl0.10_pr1.00_c200","gain_loss_neo",10,0.833333333333333,5,6,1,0.1,200
"nt","model9","tl1.00_gl0.10_pr1.00_c200","gain_loss_trans",10,NA,0,0,1,0.1,200
"nt","model9","tl1.50_gl0.10_pr1.00_c200","tree_length",1.5,1,5,5,1.5,0.1,200
"nt","model9","tl1.50_gl0.10_pr1.00_c200","gain_loss_neo",10,0.8,4,5,1.5,0.1,200
"nt","model9","tl1.50_gl0.10_pr1.00_c200","gain_loss_trans",10,NA,0,0,1.5,0.1,200
"nt","model9","tl2.50_gl0.10_pr1.00_c200","tree_length",2.5,1,6,6,2.5,0.1,200
"nt","model9","tl2.50_gl0.10_pr1.00_c200","gain_loss_neo",10,1,6,6,2.5,0.1,200
"nt","model9","tl2.50_gl0.10_pr1.00_c200","gain_loss_trans",10,NA,0,0,2.5,0.1,200
"nt","model9","tl5.00_gl0.10_pr1.00_c200","tree_length",5,0,0,2,5,0.1,200
"nt","model9","tl5.00_gl0.10_pr1.00_c200","gain_loss_neo",10,0.5,1,2,5,0.1,200
"nt","model9","tl5.00_gl0.10_pr1.00_c200","gain_loss_trans",10,0,0,1,5,0.1,200
"nt","model9","tl1.00_gl0.25_pr1.00_c200","tree_length",1,1,6,6,1,0.25,200
"nt","model9","tl1.00_gl0.25_pr1.00_c200","gain_loss_neo",4,1,6,6,1,0.25,200
"nt","model9","tl1.00_gl0.25_pr1.00_c200","gain_loss_trans",4,NA,0,0,1,0.25,200
"nt","model9","tl1.50_gl0.25_pr1.00_c200","tree_length",1.5,1,5,5,1.5,0.25,200
"nt","model9","tl1.50_gl0.25_pr1.00_c200","gain_loss_neo",4,1,5,5,1.5,0.25,200
"nt","model9","tl1.50_gl0.25_pr1.00_c200","gain_loss_trans",4,NA,0,0,1.5,0.25,200
"nt","model9","tl2.50_gl0.25_pr1.00_c200","tree_length",2.5,1,4,4,2.5,0.25,200
"nt","model9","tl2.50_gl0.25_pr1.00_c200","gain_loss_neo",4,1,4,4,2.5,0.25,200
"nt","model9","tl2.50_gl0.25_pr1.00_c200","gain_loss_trans",4,NA,0,0,2.5,0.25,200
"nt","model9","tl5.00_gl0.25_pr1.00_c200","tree_length",5,1,1,1,5,0.25,200
"nt","model9","tl5.00_gl0.25_pr1.00_c200","gain_loss_neo",4,1,1,1,5,0.25,200
"nt","model9","tl5.00_gl0.25_pr1.00_c200","gain_loss_trans",4,NA,0,0,5,0.25,200
"nt","model9","tl1.00_gl0.50_pr1.00_c200","tree_length",1,1,7,7,1,0.5,200
"nt","model9","tl1.00_gl0.50_pr1.00_c200","gain_loss_neo",2,1,7,7,1,0.5,200
"nt","model9","tl1.00_gl0.50_pr1.00_c200","gain_loss_trans",2,0,0,1,1,0.5,200
"nt","model9","tl1.50_gl0.50_pr1.00_c200","tree_length",1.5,1,5,5,1.5,0.5,200
"nt","model9","tl1.50_gl0.50_pr1.00_c200","gain_loss_neo",2,1,5,5,1.5,0.5,200
"nt","model9","tl1.50_gl0.50_pr1.00_c200","gain_loss_trans",2,NA,0,0,1.5,0.5,200
"nt","model9","tl2.50_gl0.50_pr1.00_c200","tree_length",2.5,1,4,4,2.5,0.5,200
"nt","model9","tl2.50_gl0.50_pr1.00_c200","gain_loss_neo",2,1,4,4,2.5,0.5,200
"nt","model9","tl2.50_gl0.50_pr1.00_c200","gain_loss_trans",2,NA,0,0,2.5,0.5,200
"nt","model9","tl1.00_gl1.00_pr1.00_c200","tree_length",1,1,7,7,1,1,200
"nt","model9","tl1.00_gl1.00_pr1.00_c200","gain_loss_neo",1,0.857142857142857,6,7,1,1,200
"nt","model9","tl1.00_gl1.00_pr1.00_c200","gain_loss_trans",1,1,1,1,1,1,200
"nt","model9","tl1.50_gl1.00_pr1.00_c200","tree_length",1.5,1,6,6,1.5,1,200
"nt","model9","tl1.50_gl1.00_pr1.00_c200","gain_loss_neo",1,1,6,6,1.5,1,200
"nt","model9","tl1.50_gl1.00_pr1.00_c200","gain_loss_trans",1,1,1,1,1.5,1,200
"nt","model9","tl2.50_gl1.00_pr1.00_c200","tree_length",2.5,1,5,5,2.5,1,200
"nt","model9","tl2.50_gl1.00_pr1.00_c200","gain_loss_neo",1,0.8,4,5,2.5,1,200
"nt","model9","tl2.50_gl1.00_pr1.00_c200","gain_loss_trans",1,NA,0,0,2.5,1,200
"nt","model9","tl1.00_gl0.10_pr2.50_c200","tree_length",1,0.714285714285714,5,7,1,0.1,200
"nt","model9","tl1.00_gl0.10_pr2.50_c200","gain_loss_neo",10,0.571428571428571,4,7,1,0.1,200
"nt","model9","tl1.00_gl0.10_pr2.50_c200","gain_loss_trans",10,NA,0,0,1,0.1,200
"nt","model9","tl1.50_gl0.10_pr2.50_c200","tree_length",1.5,0.4,2,5,1.5,0.1,200
"nt","model9","tl1.50_gl0.10_pr2.50_c200","gain_loss_neo",10,1,5,5,1.5,0.1,200
"nt","model9","tl1.50_gl0.10_pr2.50_c200","gain_loss_trans",10,NA,0,0,1.5,0.1,200
"nt","model9","tl2.50_gl0.10_pr2.50_c200","tree_length",2.5,0,0,5,2.5,0.1,200
"nt","model9","tl2.50_gl0.10_pr2.50_c200","gain_loss_neo",10,0.6,3,5,2.5,0.1,200
"nt","model9","tl2.50_gl0.10_pr2.50_c200","gain_loss_trans",10,NA,0,0,2.5,0.1,200
"nt","model9","tl5.00_gl0.10_pr2.50_c200","tree_length",5,0,0,3,5,0.1,200
"nt","model9","tl5.00_gl0.10_pr2.50_c200","gain_loss_neo",10,1,3,3,5,0.1,200
"nt","model9","tl5.00_gl0.10_pr2.50_c200","gain_loss_trans",10,NA,0,0,5,0.1,200
"nt","model9","tl1.00_gl0.25_pr2.50_c200","tree_length",1,0.428571428571429,3,7,1,0.25,200
"nt","model9","tl1.00_gl0.25_pr2.50_c200","gain_loss_neo",4,0.714285714285714,5,7,1,0.25,200
"nt","model9","tl1.00_gl0.25_pr2.50_c200","gain_loss_trans",4,0,0,2,1,0.25,200
"nt","model9","tl1.50_gl0.25_pr2.50_c200","tree_length",1.5,0,0,5,1.5,0.25,200
"nt","model9","tl1.50_gl0.25_pr2.50_c200","gain_loss_neo",4,1,5,5,1.5,0.25,200
"nt","model9","tl1.50_gl0.25_pr2.50_c200","gain_loss_trans",4,NA,0,0,1.5,0.25,200
"nt","model9","tl2.50_gl0.25_pr2.50_c200","tree_length",2.5,0.2,1,5,2.5,0.25,200
"nt","model9","tl2.50_gl0.25_pr2.50_c200","gain_loss_neo",4,1,5,5,2.5,0.25,200
"nt","model9","tl2.50_gl0.25_pr2.50_c200","gain_loss_trans",4,NA,0,0,2.5,0.25,200
"nt","model9","tl1.00_gl0.50_pr2.50_c200","tree_length",1,0.2,1,5,1,0.5,200
"nt","model9","tl1.00_gl0.50_pr2.50_c200","gain_loss_neo",2,1,5,5,1,0.5,200
"nt","model9","tl1.00_gl0.50_pr2.50_c200","gain_loss_trans",2,NA,0,0,1,0.5,200
"nt","model9","tl1.50_gl0.50_pr2.50_c200","tree_length",1.5,0.142857142857143,1,7,1.5,0.5,200
"nt","model9","tl1.50_gl0.50_pr2.50_c200","gain_loss_neo",2,1,7,7,1.5,0.5,200
"nt","model9","tl1.50_gl0.50_pr2.50_c200","gain_loss_trans",2,NA,0,0,1.5,0.5,200
"nt","model9","tl2.50_gl0.50_pr2.50_c200","tree_length",2.5,0.166666666666667,1,6,2.5,0.5,200
"nt","model9","tl2.50_gl0.50_pr2.50_c200","gain_loss_neo",2,1,6,6,2.5,0.5,200
"nt","model9","tl2.50_gl0.50_pr2.50_c200","gain_loss_trans",2,NA,0,0,2.5,0.5,200
"nt","model9","tl5.00_gl0.50_pr2.50_c200","tree_length",5,0,0,3,5,0.5,200
"nt","model9","tl5.00_gl0.50_pr2.50_c200","gain_loss_neo",2,1,3,3,5,0.5,200
"nt","model9","tl5.00_gl0.50_pr2.50_c200","gain_loss_trans",2,0,0,1,5,0.5,200
"nt","model9","tl1.00_gl1.00_pr2.50_c200","tree_length",1,0.166666666666667,1,6,1,1,200
"nt","model9","tl1.00_gl1.00_pr2.50_c200","gain_loss_neo",1,1,6,6,1,1,200
"nt","model9","tl1.00_gl1.00_pr2.50_c200","gain_loss_trans",1,NA,0,0,1,1,200
"nt","model9","tl1.50_gl1.00_pr2.50_c200","tree_length",1.5,0,0,5,1.5,1,200
"nt","model9","tl1.50_gl1.00_pr2.50_c200","gain_loss_neo",1,1,5,5,1.5,1,200
"nt","model9","tl1.50_gl1.00_pr2.50_c200","gain_loss_trans",1,NA,0,0,1.5,1,200
"nt","model9","tl2.50_gl1.00_pr2.50_c200","tree_length",2.5,0,0,4,2.5,1,200
"nt","model9","tl2.50_gl1.00_pr2.50_c200","gain_loss_neo",1,1,4,4,2.5,1,200
"nt","model9","tl2.50_gl1.00_pr2.50_c200","gain_loss_trans",1,NA,0,0,2.5,1,200
"nt","model9","tl5.00_gl1.00_pr2.50_c200","tree_length",5,0,0,2,5,1,200
"nt","model9","tl5.00_gl1.00_pr2.50_c200","gain_loss_neo",1,1,2,2,5,1,200
"nt","model9","tl5.00_gl1.00_pr2.50_c200","gain_loss_trans",1,1,1,1,5,1,200
"nt","model9","tl1.00_gl0.10_pr5.00_c200","tree_length",1,0.285714285714286,2,7,1,0.1,200
"nt","model9","tl1.00_gl0.10_pr5.00_c200","gain_loss_neo",10,0.571428571428571,4,7,1,0.1,200
"nt","model9","tl1.00_gl0.10_pr5.00_c200","gain_loss_trans",10,0,0,2,1,0.1,200
"nt","model9","tl1.50_gl0.10_pr5.00_c200","tree_length",1.5,0,0,5,1.5,0.1,200
"nt","model9","tl1.50_gl0.10_pr5.00_c200","gain_loss_neo",10,0.4,2,5,1.5,0.1,200
"nt","model9","tl1.50_gl0.10_pr5.00_c200","gain_loss_trans",10,NA,0,0,1.5,0.1,200
"nt","model9","tl2.50_gl0.10_pr5.00_c200","tree_length",2.5,0,0,5,2.5,0.1,200
"nt","model9","tl2.50_gl0.10_pr5.00_c200","gain_loss_neo",10,0.8,4,5,2.5,0.1,200
"nt","model9","tl2.50_gl0.10_pr5.00_c200","gain_loss_trans",10,NA,0,0,2.5,0.1,200
"nt","model9","tl5.00_gl0.10_pr5.00_c200","tree_length",5,0,0,5,5,0.1,200
"nt","model9","tl5.00_gl0.10_pr5.00_c200","gain_loss_neo",10,1,5,5,5,0.1,200
"nt","model9","tl5.00_gl0.10_pr5.00_c200","gain_loss_trans",10,0,0,1,5,0.1,200
"nt","model9","tl1.00_gl0.25_pr5.00_c200","tree_length",1,0.25,2,8,1,0.25,200
"nt","model9","tl1.00_gl0.25_pr5.00_c200","gain_loss_neo",4,0.625,5,8,1,0.25,200
"nt","model9","tl1.00_gl0.25_pr5.00_c200","gain_loss_trans",4,0,0,2,1,0.25,200
"nt","model9","tl1.50_gl0.25_pr5.00_c200","tree_length",1.5,0,0,5,1.5,0.25,200
"nt","model9","tl1.50_gl0.25_pr5.00_c200","gain_loss_neo",4,0.6,3,5,1.5,0.25,200
"nt","model9","tl1.50_gl0.25_pr5.00_c200","gain_loss_trans",4,NA,0,0,1.5,0.25,200
"nt","model9","tl2.50_gl0.25_pr5.00_c200","tree_length",2.5,0,0,5,2.5,0.25,200
"nt","model9","tl2.50_gl0.25_pr5.00_c200","gain_loss_neo",4,1,5,5,2.5,0.25,200
"nt","model9","tl2.50_gl0.25_pr5.00_c200","gain_loss_trans",4,NA,0,0,2.5,0.25,200
"nt","model9","tl5.00_gl0.25_pr5.00_c200","tree_length",5,0,0,3,5,0.25,200
"nt","model9","tl5.00_gl0.25_pr5.00_c200","gain_loss_neo",4,1,3,3,5,0.25,200
"nt","model9","tl5.00_gl0.25_pr5.00_c200","gain_loss_trans",4,NA,0,0,5,0.25,200
"nt","model9","tl1.00_gl0.50_pr5.00_c200","tree_length",1,0,0,5,1,0.5,200
"nt","model9","tl1.00_gl0.50_pr5.00_c200","gain_loss_neo",2,1,5,5,1,0.5,200
"nt","model9","tl1.00_gl0.50_pr5.00_c200","gain_loss_trans",2,NA,0,0,1,0.5,200
"nt","model9","tl1.50_gl0.50_pr5.00_c200","tree_length",1.5,0,0,5,1.5,0.5,200
"nt","model9","tl1.50_gl0.50_pr5.00_c200","gain_loss_neo",2,0.8,4,5,1.5,0.5,200
"nt","model9","tl1.50_gl0.50_pr5.00_c200","gain_loss_trans",2,NA,0,0,1.5,0.5,200
"nt","model9","tl2.50_gl0.50_pr5.00_c200","tree_length",2.5,0,0,4,2.5,0.5,200
"nt","model9","tl2.50_gl0.50_pr5.00_c200","gain_loss_neo",2,1,4,4,2.5,0.5,200
"nt","model9","tl2.50_gl0.50_pr5.00_c200","gain_loss_trans",2,NA,0,0,2.5,0.5,200
"nt","model9","tl5.00_gl0.50_pr5.00_c200","tree_length",5,0,0,3,5,0.5,200
"nt","model9","tl5.00_gl0.50_pr5.00_c200","gain_loss_neo",2,0.666666666666667,2,3,5,0.5,200
"nt","model9","tl5.00_gl0.50_pr5.00_c200","gain_loss_trans",2,NA,0,0,5,0.5,200
"nt","model9","tl1.00_gl1.00_pr5.00_c200","tree_length",1,0,0,7,1,1,200
"nt","model9","tl1.00_gl1.00_pr5.00_c200","gain_loss_neo",1,0.857142857142857,6,7,1,1,200
"nt","model9","tl1.00_gl1.00_pr5.00_c200","gain_loss_trans",1,0,0,1,1,1,200
"nt","model9","tl1.50_gl1.00_pr5.00_c200","tree_length",1.5,0,0,6,1.5,1,200
"nt","model9","tl1.50_gl1.00_pr5.00_c200","gain_loss_neo",1,1,6,6,1.5,1,200
"nt","model9","tl1.50_gl1.00_pr5.00_c200","gain_loss_trans",1,1,1,1,1.5,1,200
"nt","model9","tl2.50_gl1.00_pr5.00_c200","tree_length",2.5,0,0,5,2.5,1,200
"nt","model9","tl2.50_gl1.00_pr5.00_c200","gain_loss_neo",1,1,5,5,2.5,1,200
"nt","model9","tl2.50_gl1.00_pr5.00_c200","gain_loss_trans",1,1,1,1,2.5,1,200
"nt","model9","tl5.00_gl1.00_pr5.00_c200","tree_length",5,0,0,4,5,1,200
"nt","model9","tl5.00_gl1.00_pr5.00_c200","gain_loss_neo",1,1,4,4,5,1,200
"nt","model9","tl5.00_gl1.00_pr5.00_c200","gain_loss_trans",1,NA,0,0,5,1,200
"nt","model10","tl1.00_gl0.10_pr1.00_c25","tree_length",1,0.9,9,10,1,0.1,25
"nt","model10","tl1.00_gl0.10_pr1.00_c25","gain_loss_neo",10,0.7,7,10,1,0.1,25
"nt","model10","tl1.00_gl0.10_pr1.00_c25","gain_loss_trans",10,NA,0,0,1,0.1,25
"nt","model10","tl1.50_gl0.10_pr1.00_c25","tree_length",1.5,0.9,9,10,1.5,0.1,25
"nt","model10","tl1.50_gl0.10_pr1.00_c25","gain_loss_neo",10,0.9,9,10,1.5,0.1,25
"nt","model10","tl1.50_gl0.10_pr1.00_c25","gain_loss_trans",10,NA,0,0,1.5,0.1,25
"nt","model10","tl2.50_gl0.10_pr1.00_c25","tree_length",2.5,1,10,10,2.5,0.1,25
"nt","model10","tl2.50_gl0.10_pr1.00_c25","gain_loss_neo",10,0.8,8,10,2.5,0.1,25
"nt","model10","tl2.50_gl0.10_pr1.00_c25","gain_loss_trans",10,NA,0,0,2.5,0.1,25
"nt","model10","tl5.00_gl0.10_pr1.00_c25","tree_length",5,0.5,5,10,5,0.1,25
"nt","model10","tl5.00_gl0.10_pr1.00_c25","gain_loss_neo",10,0.9,9,10,5,0.1,25
"nt","model10","tl5.00_gl0.10_pr1.00_c25","gain_loss_trans",10,NA,0,0,5,0.1,25
"nt","model10","tl1.00_gl0.25_pr1.00_c25","tree_length",1,0.8,8,10,1,0.25,25
"nt","model10","tl1.00_gl0.25_pr1.00_c25","gain_loss_neo",4,0.8,8,10,1,0.25,25
"nt","model10","tl1.00_gl0.25_pr1.00_c25","gain_loss_trans",4,NA,0,0,1,0.25,25
"nt","model10","tl1.50_gl0.25_pr1.00_c25","tree_length",1.5,1,10,10,1.5,0.25,25
"nt","model10","tl1.50_gl0.25_pr1.00_c25","gain_loss_neo",4,1,10,10,1.5,0.25,25
"nt","model10","tl1.50_gl0.25_pr1.00_c25","gain_loss_trans",4,NA,0,0,1.5,0.25,25
"nt","model10","tl2.50_gl0.25_pr1.00_c25","tree_length",2.5,0.7,7,10,2.5,0.25,25
"nt","model10","tl2.50_gl0.25_pr1.00_c25","gain_loss_neo",4,0.9,9,10,2.5,0.25,25
"nt","model10","tl2.50_gl0.25_pr1.00_c25","gain_loss_trans",4,NA,0,0,2.5,0.25,25
"nt","model10","tl5.00_gl0.25_pr1.00_c25","tree_length",5,0.9,9,10,5,0.25,25
"nt","model10","tl5.00_gl0.25_pr1.00_c25","gain_loss_neo",4,1,10,10,5,0.25,25
"nt","model10","tl5.00_gl0.25_pr1.00_c25","gain_loss_trans",4,NA,0,0,5,0.25,25
"nt","model10","tl1.00_gl0.50_pr1.00_c25","tree_length",1,0.8,8,10,1,0.5,25
"nt","model10","tl1.00_gl0.50_pr1.00_c25","gain_loss_neo",2,1,10,10,1,0.5,25
"nt","model10","tl1.00_gl0.50_pr1.00_c25","gain_loss_trans",2,NA,0,0,1,0.5,25
"nt","model10","tl1.50_gl0.50_pr1.00_c25","tree_length",1.5,0.888888888888889,8,9,1.5,0.5,25
"nt","model10","tl1.50_gl0.50_pr1.00_c25","gain_loss_neo",2,0.888888888888889,8,9,1.5,0.5,25
"nt","model10","tl1.50_gl0.50_pr1.00_c25","gain_loss_trans",2,NA,0,0,1.5,0.5,25
"nt","model10","tl2.50_gl0.50_pr1.00_c25","tree_length",2.5,0.7,7,10,2.5,0.5,25
"nt","model10","tl2.50_gl0.50_pr1.00_c25","gain_loss_neo",2,1,10,10,2.5,0.5,25
"nt","model10","tl2.50_gl0.50_pr1.00_c25","gain_loss_trans",2,NA,0,0,2.5,0.5,25
"nt","model10","tl5.00_gl0.50_pr1.00_c25","tree_length",5,0.8,8,10,5,0.5,25
"nt","model10","tl5.00_gl0.50_pr1.00_c25","gain_loss_neo",2,1,10,10,5,0.5,25
"nt","model10","tl5.00_gl0.50_pr1.00_c25","gain_loss_trans",2,NA,0,0,5,0.5,25
"nt","model10","tl1.00_gl1.00_pr1.00_c25","tree_length",1,0.8,8,10,1,1,25
"nt","model10","tl1.00_gl1.00_pr1.00_c25","gain_loss_neo",1,1,10,10,1,1,25
"nt","model10","tl1.00_gl1.00_pr1.00_c25","gain_loss_trans",1,NA,0,0,1,1,25
"nt","model10","tl1.50_gl1.00_pr1.00_c25","tree_length",1.5,0.8,8,10,1.5,1,25
"nt","model10","tl1.50_gl1.00_pr1.00_c25","gain_loss_neo",1,1,10,10,1.5,1,25
"nt","model10","tl1.50_gl1.00_pr1.00_c25","gain_loss_trans",1,NA,0,0,1.5,1,25
"nt","model10","tl2.50_gl1.00_pr1.00_c25","tree_length",2.5,0.7,7,10,2.5,1,25
"nt","model10","tl2.50_gl1.00_pr1.00_c25","gain_loss_neo",1,1,10,10,2.5,1,25
"nt","model10","tl2.50_gl1.00_pr1.00_c25","gain_loss_trans",1,NA,0,0,2.5,1,25
"nt","model10","tl5.00_gl1.00_pr1.00_c25","tree_length",5,0.8,8,10,5,1,25
"nt","model10","tl5.00_gl1.00_pr1.00_c25","gain_loss_neo",1,1,10,10,5,1,25
"nt","model10","tl5.00_gl1.00_pr1.00_c25","gain_loss_trans",1,NA,0,0,5,1,25
"nt","model10","tl1.00_gl0.10_pr2.50_c25","tree_length",1,0.9,9,10,1,0.1,25
"nt","model10","tl1.00_gl0.10_pr2.50_c25","gain_loss_neo",10,0.6,6,10,1,0.1,25
"nt","model10","tl1.00_gl0.10_pr2.50_c25","gain_loss_trans",10,NA,0,0,1,0.1,25
"nt","model10","tl1.50_gl0.10_pr2.50_c25","tree_length",1.5,0.9,9,10,1.5,0.1,25
"nt","model10","tl1.50_gl0.10_pr2.50_c25","gain_loss_neo",10,0.6,6,10,1.5,0.1,25
"nt","model10","tl1.50_gl0.10_pr2.50_c25","gain_loss_trans",10,NA,0,0,1.5,0.1,25
"nt","model10","tl2.50_gl0.10_pr2.50_c25","tree_length",2.5,0.7,7,10,2.5,0.1,25
"nt","model10","tl2.50_gl0.10_pr2.50_c25","gain_loss_neo",10,0.7,7,10,2.5,0.1,25
"nt","model10","tl2.50_gl0.10_pr2.50_c25","gain_loss_trans",10,NA,0,0,2.5,0.1,25
"nt","model10","tl5.00_gl0.10_pr2.50_c25","tree_length",5,0.5,5,10,5,0.1,25
"nt","model10","tl5.00_gl0.10_pr2.50_c25","gain_loss_neo",10,0.9,9,10,5,0.1,25
"nt","model10","tl5.00_gl0.10_pr2.50_c25","gain_loss_trans",10,NA,0,0,5,0.1,25
"nt","model10","tl1.00_gl0.25_pr2.50_c25","tree_length",1,1,10,10,1,0.25,25
"nt","model10","tl1.00_gl0.25_pr2.50_c25","gain_loss_neo",4,0.9,9,10,1,0.25,25
"nt","model10","tl1.00_gl0.25_pr2.50_c25","gain_loss_trans",4,NA,0,0,1,0.25,25
"nt","model10","tl1.50_gl0.25_pr2.50_c25","tree_length",1.5,1,10,10,1.5,0.25,25
"nt","model10","tl1.50_gl0.25_pr2.50_c25","gain_loss_neo",4,0.8,8,10,1.5,0.25,25
"nt","model10","tl1.50_gl0.25_pr2.50_c25","gain_loss_trans",4,NA,0,0,1.5,0.25,25
"nt","model10","tl2.50_gl0.25_pr2.50_c25","tree_length",2.5,0.6,6,10,2.5,0.25,25
"nt","model10","tl2.50_gl0.25_pr2.50_c25","gain_loss_neo",4,0.9,9,10,2.5,0.25,25
"nt","model10","tl2.50_gl0.25_pr2.50_c25","gain_loss_trans",4,NA,0,0,2.5,0.25,25
"nt","model10","tl5.00_gl0.25_pr2.50_c25","tree_length",5,0.5,5,10,5,0.25,25
"nt","model10","tl5.00_gl0.25_pr2.50_c25","gain_loss_neo",4,1,10,10,5,0.25,25
"nt","model10","tl5.00_gl0.25_pr2.50_c25","gain_loss_trans",4,NA,0,0,5,0.25,25
"nt","model10","tl1.00_gl0.50_pr2.50_c25","tree_length",1,0.8,8,10,1,0.5,25
"nt","model10","tl1.00_gl0.50_pr2.50_c25","gain_loss_neo",2,1,10,10,1,0.5,25
"nt","model10","tl1.00_gl0.50_pr2.50_c25","gain_loss_trans",2,NA,0,0,1,0.5,25
"nt","model10","tl1.50_gl0.50_pr2.50_c25","tree_length",1.5,0.9,9,10,1.5,0.5,25
"nt","model10","tl1.50_gl0.50_pr2.50_c25","gain_loss_neo",2,0.9,9,10,1.5,0.5,25
"nt","model10","tl1.50_gl0.50_pr2.50_c25","gain_loss_trans",2,NA,0,0,1.5,0.5,25
"nt","model10","tl2.50_gl0.50_pr2.50_c25","tree_length",2.5,0.6,6,10,2.5,0.5,25
"nt","model10","tl2.50_gl0.50_pr2.50_c25","gain_loss_neo",2,0.9,9,10,2.5,0.5,25
"nt","model10","tl2.50_gl0.50_pr2.50_c25","gain_loss_trans",2,NA,0,0,2.5,0.5,25
"nt","model10","tl5.00_gl0.50_pr2.50_c25","tree_length",5,0.2,2,10,5,0.5,25
"nt","model10","tl5.00_gl0.50_pr2.50_c25","gain_loss_neo",2,1,10,10,5,0.5,25
"nt","model10","tl5.00_gl0.50_pr2.50_c25","gain_loss_trans",2,NA,0,0,5,0.5,25
"nt","model10","tl1.00_gl1.00_pr2.50_c25","tree_length",1,1,10,10,1,1,25
"nt","model10","tl1.00_gl1.00_pr2.50_c25","gain_loss_neo",1,1,10,10,1,1,25
"nt","model10","tl1.00_gl1.00_pr2.50_c25","gain_loss_trans",1,NA,0,0,1,1,25
"nt","model10","tl1.50_gl1.00_pr2.50_c25","tree_length",1.5,0.9,9,10,1.5,1,25
"nt","model10","tl1.50_gl1.00_pr2.50_c25","gain_loss_neo",1,1,10,10,1.5,1,25
"nt","model10","tl1.50_gl1.00_pr2.50_c25","gain_loss_trans",1,NA,0,0,1.5,1,25
"nt","model10","tl2.50_gl1.00_pr2.50_c25","tree_length",2.5,0.5,5,10,2.5,1,25
"nt","model10","tl2.50_gl1.00_pr2.50_c25","gain_loss_neo",1,1,10,10,2.5,1,25
"nt","model10","tl2.50_gl1.00_pr2.50_c25","gain_loss_trans",1,NA,0,0,2.5,1,25
"nt","model10","tl5.00_gl1.00_pr2.50_c25","tree_length",5,0.4,4,10,5,1,25
"nt","model10","tl5.00_gl1.00_pr2.50_c25","gain_loss_neo",1,1,10,10,5,1,25
"nt","model10","tl5.00_gl1.00_pr2.50_c25","gain_loss_trans",1,NA,0,0,5,1,25
"nt","model10","tl1.00_gl0.10_pr5.00_c25","tree_length",1,1,10,10,1,0.1,25
"nt","model10","tl1.00_gl0.10_pr5.00_c25","gain_loss_neo",10,0.3,3,10,1,0.1,25
"nt","model10","tl1.00_gl0.10_pr5.00_c25","gain_loss_trans",10,NA,0,0,1,0.1,25
"nt","model10","tl1.50_gl0.10_pr5.00_c25","tree_length",1.5,0.9,9,10,1.5,0.1,25
"nt","model10","tl1.50_gl0.10_pr5.00_c25","gain_loss_neo",10,0.5,5,10,1.5,0.1,25
"nt","model10","tl1.50_gl0.10_pr5.00_c25","gain_loss_trans",10,NA,0,0,1.5,0.1,25
"nt","model10","tl2.50_gl0.10_pr5.00_c25","tree_length",2.5,0.9,9,10,2.5,0.1,25
"nt","model10","tl2.50_gl0.10_pr5.00_c25","gain_loss_neo",10,0.7,7,10,2.5,0.1,25
"nt","model10","tl2.50_gl0.10_pr5.00_c25","gain_loss_trans",10,NA,0,0,2.5,0.1,25
"nt","model10","tl5.00_gl0.10_pr5.00_c25","tree_length",5,0.2,2,10,5,0.1,25
"nt","model10","tl5.00_gl0.10_pr5.00_c25","gain_loss_neo",10,1,10,10,5,0.1,25
"nt","model10","tl5.00_gl0.10_pr5.00_c25","gain_loss_trans",10,NA,0,0,5,0.1,25
"nt","model10","tl1.00_gl0.25_pr5.00_c25","tree_length",1,0.8,8,10,1,0.25,25
"nt","model10","tl1.00_gl0.25_pr5.00_c25","gain_loss_neo",4,0.6,6,10,1,0.25,25
"nt","model10","tl1.00_gl0.25_pr5.00_c25","gain_loss_trans",4,NA,0,0,1,0.25,25
"nt","model10","tl1.50_gl0.25_pr5.00_c25","tree_length",1.5,1,10,10,1.5,0.25,25
"nt","model10","tl1.50_gl0.25_pr5.00_c25","gain_loss_neo",4,0.8,8,10,1.5,0.25,25
"nt","model10","tl1.50_gl0.25_pr5.00_c25","gain_loss_trans",4,NA,0,0,1.5,0.25,25
"nt","model10","tl2.50_gl0.25_pr5.00_c25","tree_length",2.5,0.6,6,10,2.5,0.25,25
"nt","model10","tl2.50_gl0.25_pr5.00_c25","gain_loss_neo",4,0.9,9,10,2.5,0.25,25
"nt","model10","tl2.50_gl0.25_pr5.00_c25","gain_loss_trans",4,NA,0,0,2.5,0.25,25
"nt","model10","tl5.00_gl0.25_pr5.00_c25","tree_length",5,0.3,3,10,5,0.25,25
"nt","model10","tl5.00_gl0.25_pr5.00_c25","gain_loss_neo",4,0.9,9,10,5,0.25,25
"nt","model10","tl5.00_gl0.25_pr5.00_c25","gain_loss_trans",4,NA,0,0,5,0.25,25
"nt","model10","tl1.00_gl0.50_pr5.00_c25","tree_length",1,0.8,8,10,1,0.5,25
"nt","model10","tl1.00_gl0.50_pr5.00_c25","gain_loss_neo",2,1,10,10,1,0.5,25
"nt","model10","tl1.00_gl0.50_pr5.00_c25","gain_loss_trans",2,NA,0,0,1,0.5,25
"nt","model10","tl1.50_gl0.50_pr5.00_c25","tree_length",1.5,0.9,9,10,1.5,0.5,25
"nt","model10","tl1.50_gl0.50_pr5.00_c25","gain_loss_neo",2,1,10,10,1.5,0.5,25
"nt","model10","tl1.50_gl0.50_pr5.00_c25","gain_loss_trans",2,NA,0,0,1.5,0.5,25
"nt","model10","tl2.50_gl0.50_pr5.00_c25","tree_length",2.5,0.5,5,10,2.5,0.5,25
"nt","model10","tl2.50_gl0.50_pr5.00_c25","gain_loss_neo",2,0.9,9,10,2.5,0.5,25
"nt","model10","tl2.50_gl0.50_pr5.00_c25","gain_loss_trans",2,NA,0,0,2.5,0.5,25
"nt","model10","tl5.00_gl0.50_pr5.00_c25","tree_length",5,0.2,2,10,5,0.5,25
"nt","model10","tl5.00_gl0.50_pr5.00_c25","gain_loss_neo",2,1,10,10,5,0.5,25
"nt","model10","tl5.00_gl0.50_pr5.00_c25","gain_loss_trans",2,NA,0,0,5,0.5,25
"nt","model10","tl1.00_gl1.00_pr5.00_c25","tree_length",1,0.8,8,10,1,1,25
"nt","model10","tl1.00_gl1.00_pr5.00_c25","gain_loss_neo",1,1,10,10,1,1,25
"nt","model10","tl1.00_gl1.00_pr5.00_c25","gain_loss_trans",1,NA,0,0,1,1,25
"nt","model10","tl1.50_gl1.00_pr5.00_c25","tree_length",1.5,0.8,8,10,1.5,1,25
"nt","model10","tl1.50_gl1.00_pr5.00_c25","gain_loss_neo",1,0.9,9,10,1.5,1,25
"nt","model10","tl1.50_gl1.00_pr5.00_c25","gain_loss_trans",1,NA,0,0,1.5,1,25
"nt","model10","tl2.50_gl1.00_pr5.00_c25","tree_length",2.5,0.5,5,10,2.5,1,25
"nt","model10","tl2.50_gl1.00_pr5.00_c25","gain_loss_neo",1,0.9,9,10,2.5,1,25
"nt","model10","tl2.50_gl1.00_pr5.00_c25","gain_loss_trans",1,NA,0,0,2.5,1,25
"nt","model10","tl5.00_gl1.00_pr5.00_c25","tree_length",5,0.4,4,10,5,1,25
"nt","model10","tl5.00_gl1.00_pr5.00_c25","gain_loss_neo",1,1,10,10,5,1,25
"nt","model10","tl5.00_gl1.00_pr5.00_c25","gain_loss_trans",1,NA,0,0,5,1,25
"nt","model10","tl1.00_gl0.10_pr1.00_c50","tree_length",1,0.8,8,10,1,0.1,50
"nt","model10","tl1.00_gl0.10_pr1.00_c50","gain_loss_neo",10,0.7,7,10,1,0.1,50
"nt","model10","tl1.00_gl0.10_pr1.00_c50","gain_loss_trans",10,NA,0,0,1,0.1,50
"nt","model10","tl1.50_gl0.10_pr1.00_c50","tree_length",1.5,0.8,8,10,1.5,0.1,50
"nt","model10","tl1.50_gl0.10_pr1.00_c50","gain_loss_neo",10,1,10,10,1.5,0.1,50
"nt","model10","tl1.50_gl0.10_pr1.00_c50","gain_loss_trans",10,NA,0,0,1.5,0.1,50
"nt","model10","tl2.50_gl0.10_pr1.00_c50","tree_length",2.5,1,10,10,2.5,0.1,50
"nt","model10","tl2.50_gl0.10_pr1.00_c50","gain_loss_neo",10,0.9,9,10,2.5,0.1,50
"nt","model10","tl2.50_gl0.10_pr1.00_c50","gain_loss_trans",10,NA,0,0,2.5,0.1,50
"nt","model10","tl5.00_gl0.10_pr1.00_c50","tree_length",5,0.8,8,10,5,0.1,50
"nt","model10","tl5.00_gl0.10_pr1.00_c50","gain_loss_neo",10,1,10,10,5,0.1,50
"nt","model10","tl5.00_gl0.10_pr1.00_c50","gain_loss_trans",10,NA,0,0,5,0.1,50
"nt","model10","tl1.00_gl0.25_pr1.00_c50","tree_length",1,0.7,7,10,1,0.25,50
"nt","model10","tl1.00_gl0.25_pr1.00_c50","gain_loss_neo",4,0.6,6,10,1,0.25,50
"nt","model10","tl1.00_gl0.25_pr1.00_c50","gain_loss_trans",4,NA,0,0,1,0.25,50
"nt","model10","tl1.50_gl0.25_pr1.00_c50","tree_length",1.5,0.7,7,10,1.5,0.25,50
"nt","model10","tl1.50_gl0.25_pr1.00_c50","gain_loss_neo",4,0.8,8,10,1.5,0.25,50
"nt","model10","tl1.50_gl0.25_pr1.00_c50","gain_loss_trans",4,NA,0,0,1.5,0.25,50
"nt","model10","tl2.50_gl0.25_pr1.00_c50","tree_length",2.5,0.8,8,10,2.5,0.25,50
"nt","model10","tl2.50_gl0.25_pr1.00_c50","gain_loss_neo",4,0.9,9,10,2.5,0.25,50
"nt","model10","tl2.50_gl0.25_pr1.00_c50","gain_loss_trans",4,NA,0,0,2.5,0.25,50
"nt","model10","tl5.00_gl0.25_pr1.00_c50","tree_length",5,0.9,9,10,5,0.25,50
"nt","model10","tl5.00_gl0.25_pr1.00_c50","gain_loss_neo",4,0.8,8,10,5,0.25,50
"nt","model10","tl5.00_gl0.25_pr1.00_c50","gain_loss_trans",4,NA,0,0,5,0.25,50
"nt","model10","tl1.00_gl0.50_pr1.00_c50","tree_length",1,0.8,8,10,1,0.5,50
"nt","model10","tl1.00_gl0.50_pr1.00_c50","gain_loss_neo",2,1,10,10,1,0.5,50
"nt","model10","tl1.00_gl0.50_pr1.00_c50","gain_loss_trans",2,NA,0,0,1,0.5,50
"nt","model10","tl1.50_gl0.50_pr1.00_c50","tree_length",1.5,0.8,8,10,1.5,0.5,50
"nt","model10","tl1.50_gl0.50_pr1.00_c50","gain_loss_neo",2,0.9,9,10,1.5,0.5,50
"nt","model10","tl1.50_gl0.50_pr1.00_c50","gain_loss_trans",2,NA,0,0,1.5,0.5,50
"nt","model10","tl2.50_gl0.50_pr1.00_c50","tree_length",2.5,0.6,6,10,2.5,0.5,50
"nt","model10","tl2.50_gl0.50_pr1.00_c50","gain_loss_neo",2,0.9,9,10,2.5,0.5,50
"nt","model10","tl2.50_gl0.50_pr1.00_c50","gain_loss_trans",2,NA,0,0,2.5,0.5,50
"nt","model10","tl5.00_gl0.50_pr1.00_c50","tree_length",5,0.7,7,10,5,0.5,50
"nt","model10","tl5.00_gl0.50_pr1.00_c50","gain_loss_neo",2,1,10,10,5,0.5,50
"nt","model10","tl5.00_gl0.50_pr1.00_c50","gain_loss_trans",2,NA,0,0,5,0.5,50
"nt","model10","tl1.00_gl1.00_pr1.00_c50","tree_length",1,0.8,8,10,1,1,50
"nt","model10","tl1.00_gl1.00_pr1.00_c50","gain_loss_neo",1,0.9,9,10,1,1,50
"nt","model10","tl1.00_gl1.00_pr1.00_c50","gain_loss_trans",1,NA,0,0,1,1,50
"nt","model10","tl1.50_gl1.00_pr1.00_c50","tree_length",1.5,0.6,6,10,1.5,1,50
"nt","model10","tl1.50_gl1.00_pr1.00_c50","gain_loss_neo",1,0.9,9,10,1.5,1,50
"nt","model10","tl1.50_gl1.00_pr1.00_c50","gain_loss_trans",1,NA,0,0,1.5,1,50
"nt","model10","tl2.50_gl1.00_pr1.00_c50","tree_length",2.5,0.6,6,10,2.5,1,50
"nt","model10","tl2.50_gl1.00_pr1.00_c50","gain_loss_neo",1,0.9,9,10,2.5,1,50
"nt","model10","tl2.50_gl1.00_pr1.00_c50","gain_loss_trans",1,NA,0,0,2.5,1,50
"nt","model10","tl5.00_gl1.00_pr1.00_c50","tree_length",5,0.7,7,10,5,1,50
"nt","model10","tl5.00_gl1.00_pr1.00_c50","gain_loss_neo",1,0.8,8,10,5,1,50
"nt","model10","tl5.00_gl1.00_pr1.00_c50","gain_loss_trans",1,NA,0,0,5,1,50
"nt","model10","tl1.00_gl0.10_pr2.50_c50","tree_length",1,0.8,8,10,1,0.1,50
"nt","model10","tl1.00_gl0.10_pr2.50_c50","gain_loss_neo",10,0.6,6,10,1,0.1,50
"nt","model10","tl1.00_gl0.10_pr2.50_c50","gain_loss_trans",10,NA,0,0,1,0.1,50
"nt","model10","tl1.50_gl0.10_pr2.50_c50","tree_length",1.5,0.9,9,10,1.5,0.1,50
"nt","model10","tl1.50_gl0.10_pr2.50_c50","gain_loss_neo",10,0.5,5,10,1.5,0.1,50
"nt","model10","tl1.50_gl0.10_pr2.50_c50","gain_loss_trans",10,NA,0,0,1.5,0.1,50
"nt","model10","tl2.50_gl0.10_pr2.50_c50","tree_length",2.5,0.5,5,10,2.5,0.1,50
"nt","model10","tl2.50_gl0.10_pr2.50_c50","gain_loss_neo",10,1,10,10,2.5,0.1,50
"nt","model10","tl2.50_gl0.10_pr2.50_c50","gain_loss_trans",10,NA,0,0,2.5,0.1,50
"nt","model10","tl5.00_gl0.10_pr2.50_c50","tree_length",5,0.2,2,10,5,0.1,50
"nt","model10","tl5.00_gl0.10_pr2.50_c50","gain_loss_neo",10,1,10,10,5,0.1,50
"nt","model10","tl5.00_gl0.10_pr2.50_c50","gain_loss_trans",10,NA,0,0,5,0.1,50
"nt","model10","tl1.00_gl0.25_pr2.50_c50","tree_length",1,0.8,8,10,1,0.25,50
"nt","model10","tl1.00_gl0.25_pr2.50_c50","gain_loss_neo",4,0.8,8,10,1,0.25,50
"nt","model10","tl1.00_gl0.25_pr2.50_c50","gain_loss_trans",4,NA,0,0,1,0.25,50
"nt","model10","tl1.50_gl0.25_pr2.50_c50","tree_length",1.5,0.8,8,10,1.5,0.25,50
"nt","model10","tl1.50_gl0.25_pr2.50_c50","gain_loss_neo",4,1,10,10,1.5,0.25,50
"nt","model10","tl1.50_gl0.25_pr2.50_c50","gain_loss_trans",4,NA,0,0,1.5,0.25,50
"nt","model10","tl2.50_gl0.25_pr2.50_c50","tree_length",2.5,0.6,6,10,2.5,0.25,50
"nt","model10","tl2.50_gl0.25_pr2.50_c50","gain_loss_neo",4,0.9,9,10,2.5,0.25,50
"nt","model10","tl2.50_gl0.25_pr2.50_c50","gain_loss_trans",4,NA,0,0,2.5,0.25,50
"nt","model10","tl5.00_gl0.25_pr2.50_c50","tree_length",5,0.4,4,10,5,0.25,50
"nt","model10","tl5.00_gl0.25_pr2.50_c50","gain_loss_neo",4,1,10,10,5,0.25,50
"nt","model10","tl5.00_gl0.25_pr2.50_c50","gain_loss_trans",4,NA,0,0,5,0.25,50
"nt","model10","tl1.00_gl0.50_pr2.50_c50","tree_length",1,0.8,8,10,1,0.5,50
"nt","model10","tl1.00_gl0.50_pr2.50_c50","gain_loss_neo",2,0.9,9,10,1,0.5,50
"nt","model10","tl1.00_gl0.50_pr2.50_c50","gain_loss_trans",2,NA,0,0,1,0.5,50
"nt","model10","tl1.50_gl0.50_pr2.50_c50","tree_length",1.5,0.5,5,10,1.5,0.5,50
"nt","model10","tl1.50_gl0.50_pr2.50_c50","gain_loss_neo",2,0.9,9,10,1.5,0.5,50
"nt","model10","tl1.50_gl0.50_pr2.50_c50","gain_loss_trans",2,NA,0,0,1.5,0.5,50
"nt","model10","tl2.50_gl0.50_pr2.50_c50","tree_length",2.5,0.4,4,10,2.5,0.5,50
"nt","model10","tl2.50_gl0.50_pr2.50_c50","gain_loss_neo",2,0.9,9,10,2.5,0.5,50
"nt","model10","tl2.50_gl0.50_pr2.50_c50","gain_loss_trans",2,NA,0,0,2.5,0.5,50
"nt","model10","tl5.00_gl0.50_pr2.50_c50","tree_length",5,0.4,4,10,5,0.5,50
"nt","model10","tl5.00_gl0.50_pr2.50_c50","gain_loss_neo",2,0.9,9,10,5,0.5,50
"nt","model10","tl5.00_gl0.50_pr2.50_c50","gain_loss_trans",2,NA,0,0,5,0.5,50
"nt","model10","tl1.00_gl1.00_pr2.50_c50","tree_length",1,0.8,8,10,1,1,50
"nt","model10","tl1.00_gl1.00_pr2.50_c50","gain_loss_neo",1,1,10,10,1,1,50
"nt","model10","tl1.00_gl1.00_pr2.50_c50","gain_loss_trans",1,NA,0,0,1,1,50
"nt","model10","tl1.50_gl1.00_pr2.50_c50","tree_length",1.5,0.6,6,10,1.5,1,50
"nt","model10","tl1.50_gl1.00_pr2.50_c50","gain_loss_neo",1,1,10,10,1.5,1,50
"nt","model10","tl1.50_gl1.00_pr2.50_c50","gain_loss_trans",1,NA,0,0,1.5,1,50
"nt","model10","tl2.50_gl1.00_pr2.50_c50","tree_length",2.5,0.2,2,10,2.5,1,50
"nt","model10","tl2.50_gl1.00_pr2.50_c50","gain_loss_neo",1,0.9,9,10,2.5,1,50
"nt","model10","tl2.50_gl1.00_pr2.50_c50","gain_loss_trans",1,NA,0,0,2.5,1,50
"nt","model10","tl5.00_gl1.00_pr2.50_c50","tree_length",5,0.3,3,10,5,1,50
"nt","model10","tl5.00_gl1.00_pr2.50_c50","gain_loss_neo",1,1,10,10,5,1,50
"nt","model10","tl5.00_gl1.00_pr2.50_c50","gain_loss_trans",1,NA,0,0,5,1,50
"nt","model10","tl1.00_gl0.10_pr5.00_c50","tree_length",1,0.8,8,10,1,0.1,50
"nt","model10","tl1.00_gl0.10_pr5.00_c50","gain_loss_neo",10,0.3,3,10,1,0.1,50
"nt","model10","tl1.00_gl0.10_pr5.00_c50","gain_loss_trans",10,NA,0,0,1,0.1,50
"nt","model10","tl1.50_gl0.10_pr5.00_c50","tree_length",1.5,0.7,7,10,1.5,0.1,50
"nt","model10","tl1.50_gl0.10_pr5.00_c50","gain_loss_neo",10,0.3,3,10,1.5,0.1,50
"nt","model10","tl1.50_gl0.10_pr5.00_c50","gain_loss_trans",10,NA,0,0,1.5,0.1,50
"nt","model10","tl2.50_gl0.10_pr5.00_c50","tree_length",2.5,0.4,4,10,2.5,0.1,50
"nt","model10","tl2.50_gl0.10_pr5.00_c50","gain_loss_neo",10,0.5,5,10,2.5,0.1,50
"nt","model10","tl2.50_gl0.10_pr5.00_c50","gain_loss_trans",10,NA,0,0,2.5,0.1,50
"nt","model10","tl5.00_gl0.10_pr5.00_c50","tree_length",5,0.3,3,10,5,0.1,50
"nt","model10","tl5.00_gl0.10_pr5.00_c50","gain_loss_neo",10,0.7,7,10,5,0.1,50
"nt","model10","tl5.00_gl0.10_pr5.00_c50","gain_loss_trans",10,NA,0,0,5,0.1,50
"nt","model10","tl1.00_gl0.25_pr5.00_c50","tree_length",1,0.8,8,10,1,0.25,50
"nt","model10","tl1.00_gl0.25_pr5.00_c50","gain_loss_neo",4,0.7,7,10,1,0.25,50
"nt","model10","tl1.00_gl0.25_pr5.00_c50","gain_loss_trans",4,NA,0,0,1,0.25,50
"nt","model10","tl1.50_gl0.25_pr5.00_c50","tree_length",1.5,0.5,5,10,1.5,0.25,50
"nt","model10","tl1.50_gl0.25_pr5.00_c50","gain_loss_neo",4,0.6,6,10,1.5,0.25,50
"nt","model10","tl1.50_gl0.25_pr5.00_c50","gain_loss_trans",4,NA,0,0,1.5,0.25,50
"nt","model10","tl2.50_gl0.25_pr5.00_c50","tree_length",2.5,0.2,2,10,2.5,0.25,50
"nt","model10","tl2.50_gl0.25_pr5.00_c50","gain_loss_neo",4,0.9,9,10,2.5,0.25,50
"nt","model10","tl2.50_gl0.25_pr5.00_c50","gain_loss_trans",4,NA,0,0,2.5,0.25,50
"nt","model10","tl5.00_gl0.25_pr5.00_c50","tree_length",5,0.2,2,10,5,0.25,50
"nt","model10","tl5.00_gl0.25_pr5.00_c50","gain_loss_neo",4,1,10,10,5,0.25,50
"nt","model10","tl5.00_gl0.25_pr5.00_c50","gain_loss_trans",4,NA,0,0,5,0.25,50
"nt","model10","tl1.00_gl0.50_pr5.00_c50","tree_length",1,0.9,9,10,1,0.5,50
"nt","model10","tl1.00_gl0.50_pr5.00_c50","gain_loss_neo",2,1,10,10,1,0.5,50
"nt","model10","tl1.00_gl0.50_pr5.00_c50","gain_loss_trans",2,NA,0,0,1,0.5,50
"nt","model10","tl1.50_gl0.50_pr5.00_c50","tree_length",1.5,0.4,4,10,1.5,0.5,50
"nt","model10","tl1.50_gl0.50_pr5.00_c50","gain_loss_neo",2,0.8,8,10,1.5,0.5,50
"nt","model10","tl1.50_gl0.50_pr5.00_c50","gain_loss_trans",2,NA,0,0,1.5,0.5,50
"nt","model10","tl2.50_gl0.50_pr5.00_c50","tree_length",2.5,0.2,2,10,2.5,0.5,50
"nt","model10","tl2.50_gl0.50_pr5.00_c50","gain_loss_neo",2,0.9,9,10,2.5,0.5,50
"nt","model10","tl2.50_gl0.50_pr5.00_c50","gain_loss_trans",2,NA,0,0,2.5,0.5,50
"nt","model10","tl5.00_gl0.50_pr5.00_c50","tree_length",5,0.4,4,10,5,0.5,50
"nt","model10","tl5.00_gl0.50_pr5.00_c50","gain_loss_neo",2,1,10,10,5,0.5,50
"nt","model10","tl5.00_gl0.50_pr5.00_c50","gain_loss_trans",2,NA,0,0,5,0.5,50
"nt","model10","tl1.00_gl1.00_pr5.00_c50","tree_length",1,0.8,8,10,1,1,50
"nt","model10","tl1.00_gl1.00_pr5.00_c50","gain_loss_neo",1,1,10,10,1,1,50
"nt","model10","tl1.00_gl1.00_pr5.00_c50","gain_loss_trans",1,NA,0,0,1,1,50
"nt","model10","tl1.50_gl1.00_pr5.00_c50","tree_length",1.5,0.5,5,10,1.5,1,50
"nt","model10","tl1.50_gl1.00_pr5.00_c50","gain_loss_neo",1,0.9,9,10,1.5,1,50
"nt","model10","tl1.50_gl1.00_pr5.00_c50","gain_loss_trans",1,NA,0,0,1.5,1,50
"nt","model10","tl2.50_gl1.00_pr5.00_c50","tree_length",2.5,0.2,2,10,2.5,1,50
"nt","model10","tl2.50_gl1.00_pr5.00_c50","gain_loss_neo",1,1,10,10,2.5,1,50
"nt","model10","tl2.50_gl1.00_pr5.00_c50","gain_loss_trans",1,NA,0,0,2.5,1,50
"nt","model10","tl5.00_gl1.00_pr5.00_c50","tree_length",5,0.3,3,10,5,1,50
"nt","model10","tl5.00_gl1.00_pr5.00_c50","gain_loss_neo",1,1,10,10,5,1,50
"nt","model10","tl5.00_gl1.00_pr5.00_c50","gain_loss_trans",1,NA,0,0,5,1,50
"nt","model10","tl1.00_gl0.10_pr1.00_c100","tree_length",1,0.6,6,10,1,0.1,100
"nt","model10","tl1.00_gl0.10_pr1.00_c100","gain_loss_neo",10,0.9,9,10,1,0.1,100
"nt","model10","tl1.00_gl0.10_pr1.00_c100","gain_loss_trans",10,NA,0,0,1,0.1,100
"nt","model10","tl1.50_gl0.10_pr1.00_c100","tree_length",1.5,0.5,5,10,1.5,0.1,100
"nt","model10","tl1.50_gl0.10_pr1.00_c100","gain_loss_neo",10,0.8,8,10,1.5,0.1,100
"nt","model10","tl1.50_gl0.10_pr1.00_c100","gain_loss_trans",10,NA,0,0,1.5,0.1,100
"nt","model10","tl2.50_gl0.10_pr1.00_c100","tree_length",2.5,0.6,6,10,2.5,0.1,100
"nt","model10","tl2.50_gl0.10_pr1.00_c100","gain_loss_neo",10,1,10,10,2.5,0.1,100
"nt","model10","tl2.50_gl0.10_pr1.00_c100","gain_loss_trans",10,NA,0,0,2.5,0.1,100
"nt","model10","tl5.00_gl0.10_pr1.00_c100","tree_length",5,0.9,9,10,5,0.1,100
"nt","model10","tl5.00_gl0.10_pr1.00_c100","gain_loss_neo",10,1,10,10,5,0.1,100
"nt","model10","tl5.00_gl0.10_pr1.00_c100","gain_loss_trans",10,NA,0,0,5,0.1,100
"nt","model10","tl1.00_gl0.25_pr1.00_c100","tree_length",1,0.5,5,10,1,0.25,100
"nt","model10","tl1.00_gl0.25_pr1.00_c100","gain_loss_neo",4,0.9,9,10,1,0.25,100
"nt","model10","tl1.00_gl0.25_pr1.00_c100","gain_loss_trans",4,NA,0,0,1,0.25,100
"nt","model10","tl1.50_gl0.25_pr1.00_c100","tree_length",1.5,0.5,5,10,1.5,0.25,100
"nt","model10","tl1.50_gl0.25_pr1.00_c100","gain_loss_neo",4,1,10,10,1.5,0.25,100
"nt","model10","tl1.50_gl0.25_pr1.00_c100","gain_loss_trans",4,NA,0,0,1.5,0.25,100
"nt","model10","tl2.50_gl0.25_pr1.00_c100","tree_length",2.5,0.8,8,10,2.5,0.25,100
"nt","model10","tl2.50_gl0.25_pr1.00_c100","gain_loss_neo",4,1,10,10,2.5,0.25,100
"nt","model10","tl2.50_gl0.25_pr1.00_c100","gain_loss_trans",4,NA,0,0,2.5,0.25,100
"nt","model10","tl5.00_gl0.25_pr1.00_c100","tree_length",5,0.6,6,10,5,0.25,100
"nt","model10","tl5.00_gl0.25_pr1.00_c100","gain_loss_neo",4,1,10,10,5,0.25,100
"nt","model10","tl5.00_gl0.25_pr1.00_c100","gain_loss_trans",4,NA,0,0,5,0.25,100
"nt","model10","tl1.00_gl0.50_pr1.00_c100","tree_length",1,0.8,8,10,1,0.5,100
"nt","model10","tl1.00_gl0.50_pr1.00_c100","gain_loss_neo",2,0.8,8,10,1,0.5,100
"nt","model10","tl1.00_gl0.50_pr1.00_c100","gain_loss_trans",2,NA,0,0,1,0.5,100
"nt","model10","tl1.50_gl0.50_pr1.00_c100","tree_length",1.5,0.5,5,10,1.5,0.5,100
"nt","model10","tl1.50_gl0.50_pr1.00_c100","gain_loss_neo",2,1,10,10,1.5,0.5,100
"nt","model10","tl1.50_gl0.50_pr1.00_c100","gain_loss_trans",2,NA,0,0,1.5,0.5,100
"nt","model10","tl2.50_gl0.50_pr1.00_c100","tree_length",2.5,0.4,4,10,2.5,0.5,100
"nt","model10","tl2.50_gl0.50_pr1.00_c100","gain_loss_neo",2,1,10,10,2.5,0.5,100
"nt","model10","tl2.50_gl0.50_pr1.00_c100","gain_loss_trans",2,NA,0,0,2.5,0.5,100
"nt","model10","tl5.00_gl0.50_pr1.00_c100","tree_length",5,0.3,3,10,5,0.5,100
"nt","model10","tl5.00_gl0.50_pr1.00_c100","gain_loss_neo",2,1,10,10,5,0.5,100
"nt","model10","tl5.00_gl0.50_pr1.00_c100","gain_loss_trans",2,NA,0,0,5,0.5,100
"nt","model10","tl1.00_gl1.00_pr1.00_c100","tree_length",1,0.6,6,10,1,1,100
"nt","model10","tl1.00_gl1.00_pr1.00_c100","gain_loss_neo",1,0.9,9,10,1,1,100
"nt","model10","tl1.00_gl1.00_pr1.00_c100","gain_loss_trans",1,NA,0,0,1,1,100
"nt","model10","tl1.50_gl1.00_pr1.00_c100","tree_length",1.5,0.5,5,10,1.5,1,100
"nt","model10","tl1.50_gl1.00_pr1.00_c100","gain_loss_neo",1,1,10,10,1.5,1,100
"nt","model10","tl1.50_gl1.00_pr1.00_c100","gain_loss_trans",1,NA,0,0,1.5,1,100
"nt","model10","tl2.50_gl1.00_pr1.00_c100","tree_length",2.5,0.5,5,10,2.5,1,100
"nt","model10","tl2.50_gl1.00_pr1.00_c100","gain_loss_neo",1,1,10,10,2.5,1,100
"nt","model10","tl2.50_gl1.00_pr1.00_c100","gain_loss_trans",1,NA,0,0,2.5,1,100
"nt","model10","tl5.00_gl1.00_pr1.00_c100","tree_length",5,0.7,7,10,5,1,100
"nt","model10","tl5.00_gl1.00_pr1.00_c100","gain_loss_neo",1,1,10,10,5,1,100
"nt","model10","tl5.00_gl1.00_pr1.00_c100","gain_loss_trans",1,NA,0,0,5,1,100
"nt","model10","tl1.00_gl0.10_pr2.50_c100","tree_length",1,0.7,7,10,1,0.1,100
"nt","model10","tl1.00_gl0.10_pr2.50_c100","gain_loss_neo",10,0.9,9,10,1,0.1,100
"nt","model10","tl1.00_gl0.10_pr2.50_c100","gain_loss_trans",10,NA,0,0,1,0.1,100
"nt","model10","tl1.50_gl0.10_pr2.50_c100","tree_length",1.5,0.7,7,10,1.5,0.1,100
"nt","model10","tl1.50_gl0.10_pr2.50_c100","gain_loss_neo",10,0.8,8,10,1.5,0.1,100
"nt","model10","tl1.50_gl0.10_pr2.50_c100","gain_loss_trans",10,NA,0,0,1.5,0.1,100
"nt","model10","tl2.50_gl0.10_pr2.50_c100","tree_length",2.5,0.6,6,10,2.5,0.1,100
"nt","model10","tl2.50_gl0.10_pr2.50_c100","gain_loss_neo",10,0.8,8,10,2.5,0.1,100
"nt","model10","tl2.50_gl0.10_pr2.50_c100","gain_loss_trans",10,NA,0,0,2.5,0.1,100
"nt","model10","tl5.00_gl0.10_pr2.50_c100","tree_length",5,0.5,5,10,5,0.1,100
"nt","model10","tl5.00_gl0.10_pr2.50_c100","gain_loss_neo",10,1,10,10,5,0.1,100
"nt","model10","tl5.00_gl0.10_pr2.50_c100","gain_loss_trans",10,NA,0,0,5,0.1,100
"nt","model10","tl1.00_gl0.25_pr2.50_c100","tree_length",1,0.8,8,10,1,0.25,100
"nt","model10","tl1.00_gl0.25_pr2.50_c100","gain_loss_neo",4,1,10,10,1,0.25,100
"nt","model10","tl1.00_gl0.25_pr2.50_c100","gain_loss_trans",4,NA,0,0,1,0.25,100
"nt","model10","tl1.50_gl0.25_pr2.50_c100","tree_length",1.5,0.6,6,10,1.5,0.25,100
"nt","model10","tl1.50_gl0.25_pr2.50_c100","gain_loss_neo",4,0.9,9,10,1.5,0.25,100
"nt","model10","tl1.50_gl0.25_pr2.50_c100","gain_loss_trans",4,NA,0,0,1.5,0.25,100
"nt","model10","tl2.50_gl0.25_pr2.50_c100","tree_length",2.5,0.3,3,10,2.5,0.25,100
"nt","model10","tl2.50_gl0.25_pr2.50_c100","gain_loss_neo",4,1,10,10,2.5,0.25,100
"nt","model10","tl2.50_gl0.25_pr2.50_c100","gain_loss_trans",4,NA,0,0,2.5,0.25,100
"nt","model10","tl5.00_gl0.25_pr2.50_c100","tree_length",5,0.1,1,10,5,0.25,100
"nt","model10","tl5.00_gl0.25_pr2.50_c100","gain_loss_neo",4,1,10,10,5,0.25,100
"nt","model10","tl5.00_gl0.25_pr2.50_c100","gain_loss_trans",4,NA,0,0,5,0.25,100
"nt","model10","tl1.00_gl0.50_pr2.50_c100","tree_length",1,0.7,7,10,1,0.5,100
"nt","model10","tl1.00_gl0.50_pr2.50_c100","gain_loss_neo",2,1,10,10,1,0.5,100
"nt","model10","tl1.00_gl0.50_pr2.50_c100","gain_loss_trans",2,NA,0,0,1,0.5,100
"nt","model10","tl1.50_gl0.50_pr2.50_c100","tree_length",1.5,0.6,6,10,1.5,0.5,100
"nt","model10","tl1.50_gl0.50_pr2.50_c100","gain_loss_neo",2,1,10,10,1.5,0.5,100
"nt","model10","tl1.50_gl0.50_pr2.50_c100","gain_loss_trans",2,NA,0,0,1.5,0.5,100
"nt","model10","tl2.50_gl0.50_pr2.50_c100","tree_length",2.5,0.3,3,10,2.5,0.5,100
"nt","model10","tl2.50_gl0.50_pr2.50_c100","gain_loss_neo",2,1,10,10,2.5,0.5,100
"nt","model10","tl2.50_gl0.50_pr2.50_c100","gain_loss_trans",2,NA,0,0,2.5,0.5,100
"nt","model10","tl5.00_gl0.50_pr2.50_c100","tree_length",5,0.2,2,10,5,0.5,100
"nt","model10","tl5.00_gl0.50_pr2.50_c100","gain_loss_neo",2,0.9,9,10,5,0.5,100
"nt","model10","tl5.00_gl0.50_pr2.50_c100","gain_loss_trans",2,NA,0,0,5,0.5,100
"nt","model10","tl1.00_gl1.00_pr2.50_c100","tree_length",1,0.8,8,10,1,1,100
"nt","model10","tl1.00_gl1.00_pr2.50_c100","gain_loss_neo",1,1,10,10,1,1,100
"nt","model10","tl1.00_gl1.00_pr2.50_c100","gain_loss_trans",1,1,1,1,1,1,100
"nt","model10","tl1.50_gl1.00_pr2.50_c100","tree_length",1.5,0.3,3,10,1.5,1,100
"nt","model10","tl1.50_gl1.00_pr2.50_c100","gain_loss_neo",1,1,10,10,1.5,1,100
"nt","model10","tl1.50_gl1.00_pr2.50_c100","gain_loss_trans",1,NA,0,0,1.5,1,100
"nt","model10","tl2.50_gl1.00_pr2.50_c100","tree_length",2.5,0.5,5,10,2.5,1,100
"nt","model10","tl2.50_gl1.00_pr2.50_c100","gain_loss_neo",1,1,10,10,2.5,1,100
"nt","model10","tl2.50_gl1.00_pr2.50_c100","gain_loss_trans",1,NA,0,0,2.5,1,100
"nt","model10","tl5.00_gl1.00_pr2.50_c100","tree_length",5,0.3,3,10,5,1,100
"nt","model10","tl5.00_gl1.00_pr2.50_c100","gain_loss_neo",1,0.8,8,10,5,1,100
"nt","model10","tl5.00_gl1.00_pr2.50_c100","gain_loss_trans",1,NA,0,0,5,1,100
"nt","model10","tl1.00_gl0.10_pr5.00_c100","tree_length",1,0.8,8,10,1,0.1,100
"nt","model10","tl1.00_gl0.10_pr5.00_c100","gain_loss_neo",10,0.3,3,10,1,0.1,100
"nt","model10","tl1.00_gl0.10_pr5.00_c100","gain_loss_trans",10,NA,0,0,1,0.1,100
"nt","model10","tl1.50_gl0.10_pr5.00_c100","tree_length",1.5,0.4,4,10,1.5,0.1,100
"nt","model10","tl1.50_gl0.10_pr5.00_c100","gain_loss_neo",10,0.6,6,10,1.5,0.1,100
"nt","model10","tl1.50_gl0.10_pr5.00_c100","gain_loss_trans",10,NA,0,0,1.5,0.1,100
"nt","model10","tl2.50_gl0.10_pr5.00_c100","tree_length",2.5,0.2,2,10,2.5,0.1,100
"nt","model10","tl2.50_gl0.10_pr5.00_c100","gain_loss_neo",10,0.9,9,10,2.5,0.1,100
"nt","model10","tl2.50_gl0.10_pr5.00_c100","gain_loss_trans",10,NA,0,0,2.5,0.1,100
"nt","model10","tl5.00_gl0.10_pr5.00_c100","tree_length",5,0.3,3,10,5,0.1,100
"nt","model10","tl5.00_gl0.10_pr5.00_c100","gain_loss_neo",10,1,10,10,5,0.1,100
"nt","model10","tl5.00_gl0.10_pr5.00_c100","gain_loss_trans",10,NA,0,0,5,0.1,100
"nt","model10","tl1.00_gl0.25_pr5.00_c100","tree_length",1,0.5,5,10,1,0.25,100
"nt","model10","tl1.00_gl0.25_pr5.00_c100","gain_loss_neo",4,0.7,7,10,1,0.25,100
"nt","model10","tl1.00_gl0.25_pr5.00_c100","gain_loss_trans",4,NA,0,0,1,0.25,100
"nt","model10","tl1.50_gl0.25_pr5.00_c100","tree_length",1.5,0.2,2,10,1.5,0.25,100
"nt","model10","tl1.50_gl0.25_pr5.00_c100","gain_loss_neo",4,1,10,10,1.5,0.25,100
"nt","model10","tl1.50_gl0.25_pr5.00_c100","gain_loss_trans",4,NA,0,0,1.5,0.25,100
"nt","model10","tl2.50_gl0.25_pr5.00_c100","tree_length",2.5,0.1,1,10,2.5,0.25,100
"nt","model10","tl2.50_gl0.25_pr5.00_c100","gain_loss_neo",4,0.6,6,10,2.5,0.25,100
"nt","model10","tl2.50_gl0.25_pr5.00_c100","gain_loss_trans",4,NA,0,0,2.5,0.25,100
"nt","model10","tl5.00_gl0.25_pr5.00_c100","tree_length",5,0.1,1,10,5,0.25,100
"nt","model10","tl5.00_gl0.25_pr5.00_c100","gain_loss_neo",4,0.9,9,10,5,0.25,100
"nt","model10","tl5.00_gl0.25_pr5.00_c100","gain_loss_trans",4,NA,0,0,5,0.25,100
"nt","model10","tl1.00_gl0.50_pr5.00_c100","tree_length",1,0.6,6,10,1,0.5,100
"nt","model10","tl1.00_gl0.50_pr5.00_c100","gain_loss_neo",2,0.9,9,10,1,0.5,100
"nt","model10","tl1.00_gl0.50_pr5.00_c100","gain_loss_trans",2,NA,0,0,1,0.5,100
"nt","model10","tl1.50_gl0.50_pr5.00_c100","tree_length",1.5,0.3,3,10,1.5,0.5,100
"nt","model10","tl1.50_gl0.50_pr5.00_c100","gain_loss_neo",2,0.9,9,10,1.5,0.5,100
"nt","model10","tl1.50_gl0.50_pr5.00_c100","gain_loss_trans",2,NA,0,0,1.5,0.5,100
"nt","model10","tl2.50_gl0.50_pr5.00_c100","tree_length",2.5,0.1,1,10,2.5,0.5,100
"nt","model10","tl2.50_gl0.50_pr5.00_c100","gain_loss_neo",2,0.9,9,10,2.5,0.5,100
"nt","model10","tl2.50_gl0.50_pr5.00_c100","gain_loss_trans",2,NA,0,0,2.5,0.5,100
"nt","model10","tl5.00_gl0.50_pr5.00_c100","tree_length",5,0,0,10,5,0.5,100
"nt","model10","tl5.00_gl0.50_pr5.00_c100","gain_loss_neo",2,0.9,9,10,5,0.5,100
"nt","model10","tl5.00_gl0.50_pr5.00_c100","gain_loss_trans",2,NA,0,0,5,0.5,100
"nt","model10","tl1.00_gl1.00_pr5.00_c100","tree_length",1,0.6,6,10,1,1,100
"nt","model10","tl1.00_gl1.00_pr5.00_c100","gain_loss_neo",1,0.9,9,10,1,1,100
"nt","model10","tl1.00_gl1.00_pr5.00_c100","gain_loss_trans",1,NA,0,0,1,1,100
"nt","model10","tl1.50_gl1.00_pr5.00_c100","tree_length",1.5,0,0,10,1.5,1,100
"nt","model10","tl1.50_gl1.00_pr5.00_c100","gain_loss_neo",1,1,10,10,1.5,1,100
"nt","model10","tl1.50_gl1.00_pr5.00_c100","gain_loss_trans",1,NA,0,0,1.5,1,100
"nt","model10","tl2.50_gl1.00_pr5.00_c100","tree_length",2.5,0.1,1,10,2.5,1,100
"nt","model10","tl2.50_gl1.00_pr5.00_c100","gain_loss_neo",1,1,10,10,2.5,1,100
"nt","model10","tl2.50_gl1.00_pr5.00_c100","gain_loss_trans",1,NA,0,0,2.5,1,100
"nt","model10","tl5.00_gl1.00_pr5.00_c100","tree_length",5,0,0,10,5,1,100
"nt","model10","tl5.00_gl1.00_pr5.00_c100","gain_loss_neo",1,1,10,10,5,1,100
"nt","model10","tl5.00_gl1.00_pr5.00_c100","gain_loss_trans",1,NA,0,0,5,1,100
"nt","model10","tl1.00_gl0.10_pr1.00_c200","tree_length",1,0.6,6,10,1,0.1,200
"nt","model10","tl1.00_gl0.10_pr1.00_c200","gain_loss_neo",10,1,10,10,1,0.1,200
"nt","model10","tl1.00_gl0.10_pr1.00_c200","gain_loss_trans",10,NA,0,0,1,0.1,200
"nt","model10","tl1.50_gl0.10_pr1.00_c200","tree_length",1.5,0.5,5,10,1.5,0.1,200
"nt","model10","tl1.50_gl0.10_pr1.00_c200","gain_loss_neo",10,1,10,10,1.5,0.1,200
"nt","model10","tl1.50_gl0.10_pr1.00_c200","gain_loss_trans",10,NA,0,0,1.5,0.1,200
"nt","model10","tl2.50_gl0.10_pr1.00_c200","tree_length",2.5,0.6,6,10,2.5,0.1,200
"nt","model10","tl2.50_gl0.10_pr1.00_c200","gain_loss_neo",10,1,10,10,2.5,0.1,200
"nt","model10","tl2.50_gl0.10_pr1.00_c200","gain_loss_trans",10,NA,0,0,2.5,0.1,200
"nt","model10","tl5.00_gl0.10_pr1.00_c200","tree_length",5,0.7,7,10,5,0.1,200
"nt","model10","tl5.00_gl0.10_pr1.00_c200","gain_loss_neo",10,0.9,9,10,5,0.1,200
"nt","model10","tl5.00_gl0.10_pr1.00_c200","gain_loss_trans",10,NA,0,0,5,0.1,200
"nt","model10","tl1.00_gl0.25_pr1.00_c200","tree_length",1,0.5,5,10,1,0.25,200
"nt","model10","tl1.00_gl0.25_pr1.00_c200","gain_loss_neo",4,1,10,10,1,0.25,200
"nt","model10","tl1.00_gl0.25_pr1.00_c200","gain_loss_trans",4,NA,0,0,1,0.25,200
"nt","model10","tl1.50_gl0.25_pr1.00_c200","tree_length",1.5,0.5,5,10,1.5,0.25,200
"nt","model10","tl1.50_gl0.25_pr1.00_c200","gain_loss_neo",4,1,10,10,1.5,0.25,200
"nt","model10","tl1.50_gl0.25_pr1.00_c200","gain_loss_trans",4,NA,0,0,1.5,0.25,200
"nt","model10","tl2.50_gl0.25_pr1.00_c200","tree_length",2.5,0.6,6,10,2.5,0.25,200
"nt","model10","tl2.50_gl0.25_pr1.00_c200","gain_loss_neo",4,1,10,10,2.5,0.25,200
"nt","model10","tl2.50_gl0.25_pr1.00_c200","gain_loss_trans",4,NA,0,0,2.5,0.25,200
"nt","model10","tl5.00_gl0.25_pr1.00_c200","tree_length",5,0.4,4,10,5,0.25,200
"nt","model10","tl5.00_gl0.25_pr1.00_c200","gain_loss_neo",4,1,10,10,5,0.25,200
"nt","model10","tl5.00_gl0.25_pr1.00_c200","gain_loss_trans",4,NA,0,0,5,0.25,200
"nt","model10","tl1.00_gl0.50_pr1.00_c200","tree_length",1,0.7,7,10,1,0.5,200
"nt","model10","tl1.00_gl0.50_pr1.00_c200","gain_loss_neo",2,1,10,10,1,0.5,200
"nt","model10","tl1.00_gl0.50_pr1.00_c200","gain_loss_trans",2,NA,0,0,1,0.5,200
"nt","model10","tl1.50_gl0.50_pr1.00_c200","tree_length",1.5,0.5,5,10,1.5,0.5,200
"nt","model10","tl1.50_gl0.50_pr1.00_c200","gain_loss_neo",2,0.8,8,10,1.5,0.5,200
"nt","model10","tl1.50_gl0.50_pr1.00_c200","gain_loss_trans",2,NA,0,0,1.5,0.5,200
"nt","model10","tl2.50_gl0.50_pr1.00_c200","tree_length",2.5,0.5,5,10,2.5,0.5,200
"nt","model10","tl2.50_gl0.50_pr1.00_c200","gain_loss_neo",2,1,10,10,2.5,0.5,200
"nt","model10","tl2.50_gl0.50_pr1.00_c200","gain_loss_trans",2,NA,0,0,2.5,0.5,200
"nt","model10","tl5.00_gl0.50_pr1.00_c200","tree_length",5,0.5,5,10,5,0.5,200
"nt","model10","tl5.00_gl0.50_pr1.00_c200","gain_loss_neo",2,0.9,9,10,5,0.5,200
"nt","model10","tl5.00_gl0.50_pr1.00_c200","gain_loss_trans",2,NA,0,0,5,0.5,200
"nt","model10","tl1.00_gl1.00_pr1.00_c200","tree_length",1,0.6,6,10,1,1,200
"nt","model10","tl1.00_gl1.00_pr1.00_c200","gain_loss_neo",1,0.9,9,10,1,1,200
"nt","model10","tl1.00_gl1.00_pr1.00_c200","gain_loss_trans",1,NA,0,0,1,1,200
"nt","model10","tl1.50_gl1.00_pr1.00_c200","tree_length",1.5,0.5,5,10,1.5,1,200
"nt","model10","tl1.50_gl1.00_pr1.00_c200","gain_loss_neo",1,1,10,10,1.5,1,200
"nt","model10","tl1.50_gl1.00_pr1.00_c200","gain_loss_trans",1,NA,0,0,1.5,1,200
"nt","model10","tl2.50_gl1.00_pr1.00_c200","tree_length",2.5,0.5,5,10,2.5,1,200
"nt","model10","tl2.50_gl1.00_pr1.00_c200","gain_loss_neo",1,0.9,9,10,2.5,1,200
"nt","model10","tl2.50_gl1.00_pr1.00_c200","gain_loss_trans",1,NA,0,0,2.5,1,200
"nt","model10","tl5.00_gl1.00_pr1.00_c200","tree_length",5,0.3,3,10,5,1,200
"nt","model10","tl5.00_gl1.00_pr1.00_c200","gain_loss_neo",1,0.9,9,10,5,1,200
"nt","model10","tl5.00_gl1.00_pr1.00_c200","gain_loss_trans",1,NA,0,0,5,1,200
"nt","model10","tl1.00_gl0.10_pr2.50_c200","tree_length",1,0.8,8,10,1,0.1,200
"nt","model10","tl1.00_gl0.10_pr2.50_c200","gain_loss_neo",10,0.6,6,10,1,0.1,200
"nt","model10","tl1.00_gl0.10_pr2.50_c200","gain_loss_trans",10,NA,0,0,1,0.1,200
"nt","model10","tl1.50_gl0.10_pr2.50_c200","tree_length",1.5,0.4,4,10,1.5,0.1,200
"nt","model10","tl1.50_gl0.10_pr2.50_c200","gain_loss_neo",10,0.9,9,10,1.5,0.1,200
"nt","model10","tl1.50_gl0.10_pr2.50_c200","gain_loss_trans",10,NA,0,0,1.5,0.1,200
"nt","model10","tl2.50_gl0.10_pr2.50_c200","tree_length",2.5,0.3,3,10,2.5,0.1,200
"nt","model10","tl2.50_gl0.10_pr2.50_c200","gain_loss_neo",10,0.9,9,10,2.5,0.1,200
"nt","model10","tl2.50_gl0.10_pr2.50_c200","gain_loss_trans",10,NA,0,0,2.5,0.1,200
"nt","model10","tl5.00_gl0.10_pr2.50_c200","tree_length",5,0.2,2,10,5,0.1,200
"nt","model10","tl5.00_gl0.10_pr2.50_c200","gain_loss_neo",10,0.8,8,10,5,0.1,200
"nt","model10","tl5.00_gl0.10_pr2.50_c200","gain_loss_trans",10,NA,0,0,5,0.1,200
"nt","model10","tl1.00_gl0.25_pr2.50_c200","tree_length",1,0.8,8,10,1,0.25,200
"nt","model10","tl1.00_gl0.25_pr2.50_c200","gain_loss_neo",4,0.8,8,10,1,0.25,200
"nt","model10","tl1.00_gl0.25_pr2.50_c200","gain_loss_trans",4,NA,0,0,1,0.25,200
"nt","model10","tl1.50_gl0.25_pr2.50_c200","tree_length",1.5,0.4,4,10,1.5,0.25,200
"nt","model10","tl1.50_gl0.25_pr2.50_c200","gain_loss_neo",4,0.8,8,10,1.5,0.25,200
"nt","model10","tl1.50_gl0.25_pr2.50_c200","gain_loss_trans",4,NA,0,0,1.5,0.25,200
"nt","model10","tl2.50_gl0.25_pr2.50_c200","tree_length",2.5,0.3,3,10,2.5,0.25,200
"nt","model10","tl2.50_gl0.25_pr2.50_c200","gain_loss_neo",4,0.9,9,10,2.5,0.25,200
"nt","model10","tl2.50_gl0.25_pr2.50_c200","gain_loss_trans",4,NA,0,0,2.5,0.25,200
"nt","model10","tl5.00_gl0.25_pr2.50_c200","tree_length",5,0.2,2,10,5,0.25,200
"nt","model10","tl5.00_gl0.25_pr2.50_c200","gain_loss_neo",4,1,10,10,5,0.25,200
"nt","model10","tl5.00_gl0.25_pr2.50_c200","gain_loss_trans",4,NA,0,0,5,0.25,200
"nt","model10","tl1.00_gl0.50_pr2.50_c200","tree_length",1,0.6,6,10,1,0.5,200
"nt","model10","tl1.00_gl0.50_pr2.50_c200","gain_loss_neo",2,1,10,10,1,0.5,200
"nt","model10","tl1.00_gl0.50_pr2.50_c200","gain_loss_trans",2,NA,0,0,1,0.5,200
"nt","model10","tl1.50_gl0.50_pr2.50_c200","tree_length",1.5,0.5,5,10,1.5,0.5,200
"nt","model10","tl1.50_gl0.50_pr2.50_c200","gain_loss_neo",2,1,10,10,1.5,0.5,200
"nt","model10","tl1.50_gl0.50_pr2.50_c200","gain_loss_trans",2,0,0,1,1.5,0.5,200
"nt","model10","tl2.50_gl0.50_pr2.50_c200","tree_length",2.5,0.3,3,10,2.5,0.5,200
"nt","model10","tl2.50_gl0.50_pr2.50_c200","gain_loss_neo",2,1,10,10,2.5,0.5,200
"nt","model10","tl2.50_gl0.50_pr2.50_c200","gain_loss_trans",2,NA,0,0,2.5,0.5,200
"nt","model10","tl5.00_gl0.50_pr2.50_c200","tree_length",5,0.2,2,10,5,0.5,200
"nt","model10","tl5.00_gl0.50_pr2.50_c200","gain_loss_neo",2,0.9,9,10,5,0.5,200
"nt","model10","tl5.00_gl0.50_pr2.50_c200","gain_loss_trans",2,NA,0,0,5,0.5,200
"nt","model10","tl1.00_gl1.00_pr2.50_c200","tree_length",1,0.7,7,10,1,1,200
"nt","model10","tl1.00_gl1.00_pr2.50_c200","gain_loss_neo",1,1,10,10,1,1,200
"nt","model10","tl1.00_gl1.00_pr2.50_c200","gain_loss_trans",1,1,2,2,1,1,200
"nt","model10","tl1.50_gl1.00_pr2.50_c200","tree_length",1.5,0.2,2,10,1.5,1,200
"nt","model10","tl1.50_gl1.00_pr2.50_c200","gain_loss_neo",1,1,10,10,1.5,1,200
"nt","model10","tl1.50_gl1.00_pr2.50_c200","gain_loss_trans",1,NA,0,0,1.5,1,200
"nt","model10","tl2.50_gl1.00_pr2.50_c200","tree_length",2.5,0.3,3,10,2.5,1,200
"nt","model10","tl2.50_gl1.00_pr2.50_c200","gain_loss_neo",1,1,10,10,2.5,1,200
"nt","model10","tl2.50_gl1.00_pr2.50_c200","gain_loss_trans",1,NA,0,0,2.5,1,200
"nt","model10","tl5.00_gl1.00_pr2.50_c200","tree_length",5,0.3,3,10,5,1,200
"nt","model10","tl5.00_gl1.00_pr2.50_c200","gain_loss_neo",1,0.9,9,10,5,1,200
"nt","model10","tl5.00_gl1.00_pr2.50_c200","gain_loss_trans",1,NA,0,0,5,1,200
"nt","model10","tl1.00_gl0.10_pr5.00_c200","tree_length",1,0.111111111111111,1,9,1,0.1,200
"nt","model10","tl1.00_gl0.10_pr5.00_c200","gain_loss_neo",10,0.555555555555556,5,9,1,0.1,200
"nt","model10","tl1.00_gl0.10_pr5.00_c200","gain_loss_trans",10,0,0,1,1,0.1,200
"nt","model10","tl1.50_gl0.10_pr5.00_c200","tree_length",1.5,0,0,10,1.5,0.1,200
"nt","model10","tl1.50_gl0.10_pr5.00_c200","gain_loss_neo",10,0.5,5,10,1.5,0.1,200
"nt","model10","tl1.50_gl0.10_pr5.00_c200","gain_loss_trans",10,NA,0,0,1.5,0.1,200
"nt","model10","tl2.50_gl0.10_pr5.00_c200","tree_length",2.5,0,0,10,2.5,0.1,200
"nt","model10","tl2.50_gl0.10_pr5.00_c200","gain_loss_neo",10,0.8,8,10,2.5,0.1,200
"nt","model10","tl2.50_gl0.10_pr5.00_c200","gain_loss_trans",10,NA,0,0,2.5,0.1,200
"nt","model10","tl5.00_gl0.10_pr5.00_c200","tree_length",5,0.1,1,10,5,0.1,200
"nt","model10","tl5.00_gl0.10_pr5.00_c200","gain_loss_neo",10,0.9,9,10,5,0.1,200
"nt","model10","tl5.00_gl0.10_pr5.00_c200","gain_loss_trans",10,NA,0,0,5,0.1,200
"nt","model10","tl1.00_gl0.25_pr5.00_c200","tree_length",1,0.222222222222222,2,9,1,0.25,200
"nt","model10","tl1.00_gl0.25_pr5.00_c200","gain_loss_neo",4,0.777777777777778,7,9,1,0.25,200
"nt","model10","tl1.00_gl0.25_pr5.00_c200","gain_loss_trans",4,NA,0,0,1,0.25,200
"nt","model10","tl1.50_gl0.25_pr5.00_c200","tree_length",1.5,0,0,10,1.5,0.25,200
"nt","model10","tl1.50_gl0.25_pr5.00_c200","gain_loss_neo",4,0.9,9,10,1.5,0.25,200
"nt","model10","tl1.50_gl0.25_pr5.00_c200","gain_loss_trans",4,NA,0,0,1.5,0.25,200
"nt","model10","tl2.50_gl0.25_pr5.00_c200","tree_length",2.5,0.1,1,10,2.5,0.25,200
"nt","model10","tl2.50_gl0.25_pr5.00_c200","gain_loss_neo",4,1,10,10,2.5,0.25,200
"nt","model10","tl2.50_gl0.25_pr5.00_c200","gain_loss_trans",4,NA,0,0,2.5,0.25,200
"nt","model10","tl5.00_gl0.25_pr5.00_c200","tree_length",5,0,0,10,5,0.25,200
"nt","model10","tl5.00_gl0.25_pr5.00_c200","gain_loss_neo",4,0.8,8,10,5,0.25,200
"nt","model10","tl5.00_gl0.25_pr5.00_c200","gain_loss_trans",4,NA,0,0,5,0.25,200
"nt","model10","tl1.00_gl0.50_pr5.00_c200","tree_length",1,0.125,1,8,1,0.5,200
"nt","model10","tl1.00_gl0.50_pr5.00_c200","gain_loss_neo",2,0.875,7,8,1,0.5,200
"nt","model10","tl1.00_gl0.50_pr5.00_c200","gain_loss_trans",2,NA,0,0,1,0.5,200
"nt","model10","tl1.50_gl0.50_pr5.00_c200","tree_length",1.5,0,0,10,1.5,0.5,200
"nt","model10","tl1.50_gl0.50_pr5.00_c200","gain_loss_neo",2,0.9,9,10,1.5,0.5,200
"nt","model10","tl1.50_gl0.50_pr5.00_c200","gain_loss_trans",2,NA,0,0,1.5,0.5,200
"nt","model10","tl2.50_gl0.50_pr5.00_c200","tree_length",2.5,0,0,10,2.5,0.5,200
"nt","model10","tl2.50_gl0.50_pr5.00_c200","gain_loss_neo",2,0.9,9,10,2.5,0.5,200
"nt","model10","tl2.50_gl0.50_pr5.00_c200","gain_loss_trans",2,NA,0,0,2.5,0.5,200
"nt","model10","tl5.00_gl0.50_pr5.00_c200","tree_length",5,0,0,10,5,0.5,200
"nt","model10","tl5.00_gl0.50_pr5.00_c200","gain_loss_neo",2,1,10,10,5,0.5,200
"nt","model10","tl5.00_gl0.50_pr5.00_c200","gain_loss_trans",2,NA,0,0,5,0.5,200
"nt","model10","tl1.00_gl1.00_pr5.00_c200","tree_length",1,0.1,1,10,1,1,200
"nt","model10","tl1.00_gl1.00_pr5.00_c200","gain_loss_neo",1,0.9,9,10,1,1,200
"nt","model10","tl1.00_gl1.00_pr5.00_c200","gain_loss_trans",1,NA,0,0,1,1,200
"nt","model10","tl1.50_gl1.00_pr5.00_c200","tree_length",1.5,0,0,9,1.5,1,200
"nt","model10","tl1.50_gl1.00_pr5.00_c200","gain_loss_neo",1,1,9,9,1.5,1,200
"nt","model10","tl1.50_gl1.00_pr5.00_c200","gain_loss_trans",1,1,1,1,1.5,1,200
"nt","model10","tl2.50_gl1.00_pr5.00_c200","tree_length",2.5,0,0,10,2.5,1,200
"nt","model10","tl2.50_gl1.00_pr5.00_c200","gain_loss_neo",1,0.9,9,10,2.5,1,200
"nt","model10","tl2.50_gl1.00_pr5.00_c200","gain_loss_trans",1,NA,0,0,2.5,1,200
"nt","model10","tl5.00_gl1.00_pr5.00_c200","tree_length",5,0,0,10,5,1,200
"nt","model10","tl5.00_gl1.00_pr5.00_c200","gain_loss_neo",1,0.9,9,10,5,1,200
"nt","model10","tl5.00_gl1.00_pr5.00_c200","gain_loss_trans",1,NA,0,0,5,1,200
"nt","model11","tl1.00_gl0.10_pr1.00_c25","tree_length",1,0.8,8,10,1,0.1,25
"nt","model11","tl1.00_gl0.10_pr1.00_c25","gain_loss_neo",10,NA,0,0,1,0.1,25
"nt","model11","tl1.00_gl0.10_pr1.00_c25","gain_loss_trans",10,NA,0,0,1,0.1,25
"nt","model11","tl1.50_gl0.10_pr1.00_c25","tree_length",1.5,0.7,7,10,1.5,0.1,25
"nt","model11","tl1.50_gl0.10_pr1.00_c25","gain_loss_neo",10,NA,0,0,1.5,0.1,25
"nt","model11","tl1.50_gl0.10_pr1.00_c25","gain_loss_trans",10,NA,0,0,1.5,0.1,25
"nt","model11","tl2.50_gl0.10_pr1.00_c25","tree_length",2.5,0.7,7,10,2.5,0.1,25
"nt","model11","tl2.50_gl0.10_pr1.00_c25","gain_loss_neo",10,NA,0,0,2.5,0.1,25
"nt","model11","tl2.50_gl0.10_pr1.00_c25","gain_loss_trans",10,NA,0,0,2.5,0.1,25
"nt","model11","tl5.00_gl0.10_pr1.00_c25","tree_length",5,0.2,2,10,5,0.1,25
"nt","model11","tl5.00_gl0.10_pr1.00_c25","gain_loss_neo",10,NA,0,0,5,0.1,25
"nt","model11","tl5.00_gl0.10_pr1.00_c25","gain_loss_trans",10,NA,0,0,5,0.1,25
"nt","model11","tl1.00_gl0.25_pr1.00_c25","tree_length",1,0.6,6,10,1,0.25,25
"nt","model11","tl1.00_gl0.25_pr1.00_c25","gain_loss_neo",4,NA,0,0,1,0.25,25
"nt","model11","tl1.00_gl0.25_pr1.00_c25","gain_loss_trans",4,NA,0,0,1,0.25,25
"nt","model11","tl1.50_gl0.25_pr1.00_c25","tree_length",1.5,0.7,7,10,1.5,0.25,25
"nt","model11","tl1.50_gl0.25_pr1.00_c25","gain_loss_neo",4,NA,0,0,1.5,0.25,25
"nt","model11","tl1.50_gl0.25_pr1.00_c25","gain_loss_trans",4,NA,0,0,1.5,0.25,25
"nt","model11","tl2.50_gl0.25_pr1.00_c25","tree_length",2.5,0.5,5,10,2.5,0.25,25
"nt","model11","tl2.50_gl0.25_pr1.00_c25","gain_loss_neo",4,NA,0,0,2.5,0.25,25
"nt","model11","tl2.50_gl0.25_pr1.00_c25","gain_loss_trans",4,NA,0,0,2.5,0.25,25
"nt","model11","tl5.00_gl0.25_pr1.00_c25","tree_length",5,0.3,3,10,5,0.25,25
"nt","model11","tl5.00_gl0.25_pr1.00_c25","gain_loss_neo",4,NA,0,0,5,0.25,25
"nt","model11","tl5.00_gl0.25_pr1.00_c25","gain_loss_trans",4,NA,0,0,5,0.25,25
"nt","model11","tl1.00_gl0.50_pr1.00_c25","tree_length",1,0.8,8,10,1,0.5,25
"nt","model11","tl1.00_gl0.50_pr1.00_c25","gain_loss_neo",2,NA,0,0,1,0.5,25
"nt","model11","tl1.00_gl0.50_pr1.00_c25","gain_loss_trans",2,NA,0,0,1,0.5,25
"nt","model11","tl1.50_gl0.50_pr1.00_c25","tree_length",1.5,0.6,6,10,1.5,0.5,25
"nt","model11","tl1.50_gl0.50_pr1.00_c25","gain_loss_neo",2,NA,0,0,1.5,0.5,25
"nt","model11","tl1.50_gl0.50_pr1.00_c25","gain_loss_trans",2,NA,0,0,1.5,0.5,25
"nt","model11","tl2.50_gl0.50_pr1.00_c25","tree_length",2.5,0.4,4,10,2.5,0.5,25
"nt","model11","tl2.50_gl0.50_pr1.00_c25","gain_loss_neo",2,NA,0,0,2.5,0.5,25
"nt","model11","tl2.50_gl0.50_pr1.00_c25","gain_loss_trans",2,NA,0,0,2.5,0.5,25
"nt","model11","tl5.00_gl0.50_pr1.00_c25","tree_length",5,0.2,2,10,5,0.5,25
"nt","model11","tl5.00_gl0.50_pr1.00_c25","gain_loss_neo",2,NA,0,0,5,0.5,25
"nt","model11","tl5.00_gl0.50_pr1.00_c25","gain_loss_trans",2,NA,0,0,5,0.5,25
"nt","model11","tl1.00_gl1.00_pr1.00_c25","tree_length",1,0.7,7,10,1,1,25
"nt","model11","tl1.00_gl1.00_pr1.00_c25","gain_loss_neo",1,NA,0,0,1,1,25
"nt","model11","tl1.00_gl1.00_pr1.00_c25","gain_loss_trans",1,NA,0,0,1,1,25
"nt","model11","tl1.50_gl1.00_pr1.00_c25","tree_length",1.5,0.6,6,10,1.5,1,25
"nt","model11","tl1.50_gl1.00_pr1.00_c25","gain_loss_neo",1,NA,0,0,1.5,1,25
"nt","model11","tl1.50_gl1.00_pr1.00_c25","gain_loss_trans",1,NA,0,0,1.5,1,25
"nt","model11","tl2.50_gl1.00_pr1.00_c25","tree_length",2.5,0.4,4,10,2.5,1,25
"nt","model11","tl2.50_gl1.00_pr1.00_c25","gain_loss_neo",1,NA,0,0,2.5,1,25
"nt","model11","tl2.50_gl1.00_pr1.00_c25","gain_loss_trans",1,NA,0,0,2.5,1,25
"nt","model11","tl5.00_gl1.00_pr1.00_c25","tree_length",5,0.5,5,10,5,1,25
"nt","model11","tl5.00_gl1.00_pr1.00_c25","gain_loss_neo",1,NA,0,0,5,1,25
"nt","model11","tl5.00_gl1.00_pr1.00_c25","gain_loss_trans",1,NA,0,0,5,1,25
"nt","model11","tl1.00_gl0.10_pr2.50_c25","tree_length",1,0.9,9,10,1,0.1,25
"nt","model11","tl1.00_gl0.10_pr2.50_c25","gain_loss_neo",10,NA,0,0,1,0.1,25
"nt","model11","tl1.00_gl0.10_pr2.50_c25","gain_loss_trans",10,NA,0,0,1,0.1,25
"nt","model11","tl1.50_gl0.10_pr2.50_c25","tree_length",1.5,0.9,9,10,1.5,0.1,25
"nt","model11","tl1.50_gl0.10_pr2.50_c25","gain_loss_neo",10,NA,0,0,1.5,0.1,25
"nt","model11","tl1.50_gl0.10_pr2.50_c25","gain_loss_trans",10,NA,0,0,1.5,0.1,25
"nt","model11","tl2.50_gl0.10_pr2.50_c25","tree_length",2.5,0.6,6,10,2.5,0.1,25
"nt","model11","tl2.50_gl0.10_pr2.50_c25","gain_loss_neo",10,NA,0,0,2.5,0.1,25
"nt","model11","tl2.50_gl0.10_pr2.50_c25","gain_loss_trans",10,NA,0,0,2.5,0.1,25
"nt","model11","tl5.00_gl0.10_pr2.50_c25","tree_length",5,0.1,1,10,5,0.1,25
"nt","model11","tl5.00_gl0.10_pr2.50_c25","gain_loss_neo",10,NA,0,0,5,0.1,25
"nt","model11","tl5.00_gl0.10_pr2.50_c25","gain_loss_trans",10,NA,0,0,5,0.1,25
"nt","model11","tl1.00_gl0.25_pr2.50_c25","tree_length",1,0.7,7,10,1,0.25,25
"nt","model11","tl1.00_gl0.25_pr2.50_c25","gain_loss_neo",4,NA,0,0,1,0.25,25
"nt","model11","tl1.00_gl0.25_pr2.50_c25","gain_loss_trans",4,NA,0,0,1,0.25,25
"nt","model11","tl1.50_gl0.25_pr2.50_c25","tree_length",1.5,0.9,9,10,1.5,0.25,25
"nt","model11","tl1.50_gl0.25_pr2.50_c25","gain_loss_neo",4,NA,0,0,1.5,0.25,25
"nt","model11","tl1.50_gl0.25_pr2.50_c25","gain_loss_trans",4,NA,0,0,1.5,0.25,25
"nt","model11","tl2.50_gl0.25_pr2.50_c25","tree_length",2.5,0.6,6,10,2.5,0.25,25
"nt","model11","tl2.50_gl0.25_pr2.50_c25","gain_loss_neo",4,NA,0,0,2.5,0.25,25
"nt","model11","tl2.50_gl0.25_pr2.50_c25","gain_loss_trans",4,NA,0,0,2.5,0.25,25
"nt","model11","tl5.00_gl0.25_pr2.50_c25","tree_length",5,0.6,6,10,5,0.25,25
"nt","model11","tl5.00_gl0.25_pr2.50_c25","gain_loss_neo",4,NA,0,0,5,0.25,25
"nt","model11","tl5.00_gl0.25_pr2.50_c25","gain_loss_trans",4,NA,0,0,5,0.25,25
"nt","model11","tl1.00_gl0.50_pr2.50_c25","tree_length",1,0.8,8,10,1,0.5,25
"nt","model11","tl1.00_gl0.50_pr2.50_c25","gain_loss_neo",2,NA,0,0,1,0.5,25
"nt","model11","tl1.00_gl0.50_pr2.50_c25","gain_loss_trans",2,NA,0,0,1,0.5,25
"nt","model11","tl1.50_gl0.50_pr2.50_c25","tree_length",1.5,0.7,7,10,1.5,0.5,25
"nt","model11","tl1.50_gl0.50_pr2.50_c25","gain_loss_neo",2,NA,0,0,1.5,0.5,25
"nt","model11","tl1.50_gl0.50_pr2.50_c25","gain_loss_trans",2,NA,0,0,1.5,0.5,25
"nt","model11","tl2.50_gl0.50_pr2.50_c25","tree_length",2.5,0.6,6,10,2.5,0.5,25
"nt","model11","tl2.50_gl0.50_pr2.50_c25","gain_loss_neo",2,NA,0,0,2.5,0.5,25
"nt","model11","tl2.50_gl0.50_pr2.50_c25","gain_loss_trans",2,NA,0,0,2.5,0.5,25
"nt","model11","tl5.00_gl0.50_pr2.50_c25","tree_length",5,0.4,4,10,5,0.5,25
"nt","model11","tl5.00_gl0.50_pr2.50_c25","gain_loss_neo",2,NA,0,0,5,0.5,25
"nt","model11","tl5.00_gl0.50_pr2.50_c25","gain_loss_trans",2,NA,0,0,5,0.5,25
"nt","model11","tl1.00_gl1.00_pr2.50_c25","tree_length",1,0.8,8,10,1,1,25
"nt","model11","tl1.00_gl1.00_pr2.50_c25","gain_loss_neo",1,NA,0,0,1,1,25
"nt","model11","tl1.00_gl1.00_pr2.50_c25","gain_loss_trans",1,NA,0,0,1,1,25
"nt","model11","tl1.50_gl1.00_pr2.50_c25","tree_length",1.5,0.8,8,10,1.5,1,25
"nt","model11","tl1.50_gl1.00_pr2.50_c25","gain_loss_neo",1,NA,0,0,1.5,1,25
"nt","model11","tl1.50_gl1.00_pr2.50_c25","gain_loss_trans",1,NA,0,0,1.5,1,25
"nt","model11","tl2.50_gl1.00_pr2.50_c25","tree_length",2.5,0.9,9,10,2.5,1,25
"nt","model11","tl2.50_gl1.00_pr2.50_c25","gain_loss_neo",1,NA,0,0,2.5,1,25
"nt","model11","tl2.50_gl1.00_pr2.50_c25","gain_loss_trans",1,NA,0,0,2.5,1,25
"nt","model11","tl5.00_gl1.00_pr2.50_c25","tree_length",5,0.4,4,10,5,1,25
"nt","model11","tl5.00_gl1.00_pr2.50_c25","gain_loss_neo",1,NA,0,0,5,1,25
"nt","model11","tl5.00_gl1.00_pr2.50_c25","gain_loss_trans",1,NA,0,0,5,1,25
"nt","model11","tl1.00_gl0.10_pr5.00_c25","tree_length",1,0.8,8,10,1,0.1,25
"nt","model11","tl1.00_gl0.10_pr5.00_c25","gain_loss_neo",10,NA,0,0,1,0.1,25
"nt","model11","tl1.00_gl0.10_pr5.00_c25","gain_loss_trans",10,NA,0,0,1,0.1,25
"nt","model11","tl1.50_gl0.10_pr5.00_c25","tree_length",1.5,0.7,7,10,1.5,0.1,25
"nt","model11","tl1.50_gl0.10_pr5.00_c25","gain_loss_neo",10,NA,0,0,1.5,0.1,25
"nt","model11","tl1.50_gl0.10_pr5.00_c25","gain_loss_trans",10,NA,0,0,1.5,0.1,25
"nt","model11","tl2.50_gl0.10_pr5.00_c25","tree_length",2.5,0.9,9,10,2.5,0.1,25
"nt","model11","tl2.50_gl0.10_pr5.00_c25","gain_loss_neo",10,NA,0,0,2.5,0.1,25
"nt","model11","tl2.50_gl0.10_pr5.00_c25","gain_loss_trans",10,NA,0,0,2.5,0.1,25
"nt","model11","tl5.00_gl0.10_pr5.00_c25","tree_length",5,0,0,10,5,0.1,25
"nt","model11","tl5.00_gl0.10_pr5.00_c25","gain_loss_neo",10,NA,0,0,5,0.1,25
"nt","model11","tl5.00_gl0.10_pr5.00_c25","gain_loss_trans",10,NA,0,0,5,0.1,25
"nt","model11","tl1.00_gl0.25_pr5.00_c25","tree_length",1,0.8,8,10,1,0.25,25
"nt","model11","tl1.00_gl0.25_pr5.00_c25","gain_loss_neo",4,NA,0,0,1,0.25,25
"nt","model11","tl1.00_gl0.25_pr5.00_c25","gain_loss_trans",4,NA,0,0,1,0.25,25
"nt","model11","tl1.50_gl0.25_pr5.00_c25","tree_length",1.5,0.7,7,10,1.5,0.25,25
"nt","model11","tl1.50_gl0.25_pr5.00_c25","gain_loss_neo",4,NA,0,0,1.5,0.25,25
"nt","model11","tl1.50_gl0.25_pr5.00_c25","gain_loss_trans",4,NA,0,0,1.5,0.25,25
"nt","model11","tl2.50_gl0.25_pr5.00_c25","tree_length",2.5,0.6,6,10,2.5,0.25,25
"nt","model11","tl2.50_gl0.25_pr5.00_c25","gain_loss_neo",4,NA,0,0,2.5,0.25,25
"nt","model11","tl2.50_gl0.25_pr5.00_c25","gain_loss_trans",4,NA,0,0,2.5,0.25,25
"nt","model11","tl5.00_gl0.25_pr5.00_c25","tree_length",5,0.4,4,10,5,0.25,25
"nt","model11","tl5.00_gl0.25_pr5.00_c25","gain_loss_neo",4,NA,0,0,5,0.25,25
"nt","model11","tl5.00_gl0.25_pr5.00_c25","gain_loss_trans",4,NA,0,0,5,0.25,25
"nt","model11","tl1.00_gl0.50_pr5.00_c25","tree_length",1,0.6,6,10,1,0.5,25
"nt","model11","tl1.00_gl0.50_pr5.00_c25","gain_loss_neo",2,NA,0,0,1,0.5,25
"nt","model11","tl1.00_gl0.50_pr5.00_c25","gain_loss_trans",2,NA,0,0,1,0.5,25
"nt","model11","tl1.50_gl0.50_pr5.00_c25","tree_length",1.5,0.8,8,10,1.5,0.5,25
"nt","model11","tl1.50_gl0.50_pr5.00_c25","gain_loss_neo",2,NA,0,0,1.5,0.5,25
"nt","model11","tl1.50_gl0.50_pr5.00_c25","gain_loss_trans",2,NA,0,0,1.5,0.5,25
"nt","model11","tl2.50_gl0.50_pr5.00_c25","tree_length",2.5,0.5,5,10,2.5,0.5,25
"nt","model11","tl2.50_gl0.50_pr5.00_c25","gain_loss_neo",2,NA,0,0,2.5,0.5,25
"nt","model11","tl2.50_gl0.50_pr5.00_c25","gain_loss_trans",2,NA,0,0,2.5,0.5,25
"nt","model11","tl5.00_gl0.50_pr5.00_c25","tree_length",5,0.4,4,10,5,0.5,25
"nt","model11","tl5.00_gl0.50_pr5.00_c25","gain_loss_neo",2,NA,0,0,5,0.5,25
"nt","model11","tl5.00_gl0.50_pr5.00_c25","gain_loss_trans",2,NA,0,0,5,0.5,25
"nt","model11","tl1.00_gl1.00_pr5.00_c25","tree_length",1,0.7,7,10,1,1,25
"nt","model11","tl1.00_gl1.00_pr5.00_c25","gain_loss_neo",1,NA,0,0,1,1,25
"nt","model11","tl1.00_gl1.00_pr5.00_c25","gain_loss_trans",1,NA,0,0,1,1,25
"nt","model11","tl1.50_gl1.00_pr5.00_c25","tree_length",1.5,0.7,7,10,1.5,1,25
"nt","model11","tl1.50_gl1.00_pr5.00_c25","gain_loss_neo",1,NA,0,0,1.5,1,25
"nt","model11","tl1.50_gl1.00_pr5.00_c25","gain_loss_trans",1,NA,0,0,1.5,1,25
"nt","model11","tl2.50_gl1.00_pr5.00_c25","tree_length",2.5,0.6,6,10,2.5,1,25
"nt","model11","tl2.50_gl1.00_pr5.00_c25","gain_loss_neo",1,NA,0,0,2.5,1,25
"nt","model11","tl2.50_gl1.00_pr5.00_c25","gain_loss_trans",1,NA,0,0,2.5,1,25
"nt","model11","tl5.00_gl1.00_pr5.00_c25","tree_length",5,0.4,4,10,5,1,25
"nt","model11","tl5.00_gl1.00_pr5.00_c25","gain_loss_neo",1,NA,0,0,5,1,25
"nt","model11","tl5.00_gl1.00_pr5.00_c25","gain_loss_trans",1,NA,0,0,5,1,25
"nt","model11","tl1.00_gl0.10_pr1.00_c50","tree_length",1,0.6,6,10,1,0.1,50
"nt","model11","tl1.00_gl0.10_pr1.00_c50","gain_loss_neo",10,NA,0,0,1,0.1,50
"nt","model11","tl1.00_gl0.10_pr1.00_c50","gain_loss_trans",10,NA,0,0,1,0.1,50
"nt","model11","tl1.50_gl0.10_pr1.00_c50","tree_length",1.5,0.7,7,10,1.5,0.1,50
"nt","model11","tl1.50_gl0.10_pr1.00_c50","gain_loss_neo",10,NA,0,0,1.5,0.1,50
"nt","model11","tl1.50_gl0.10_pr1.00_c50","gain_loss_trans",10,NA,0,0,1.5,0.1,50
"nt","model11","tl2.50_gl0.10_pr1.00_c50","tree_length",2.5,0.8,8,10,2.5,0.1,50
"nt","model11","tl2.50_gl0.10_pr1.00_c50","gain_loss_neo",10,NA,0,0,2.5,0.1,50
"nt","model11","tl2.50_gl0.10_pr1.00_c50","gain_loss_trans",10,NA,0,0,2.5,0.1,50
"nt","model11","tl5.00_gl0.10_pr1.00_c50","tree_length",5,0,0,10,5,0.1,50
"nt","model11","tl5.00_gl0.10_pr1.00_c50","gain_loss_neo",10,NA,0,0,5,0.1,50
"nt","model11","tl5.00_gl0.10_pr1.00_c50","gain_loss_trans",10,NA,0,0,5,0.1,50
"nt","model11","tl1.00_gl0.25_pr1.00_c50","tree_length",1,0.6,6,10,1,0.25,50
"nt","model11","tl1.00_gl0.25_pr1.00_c50","gain_loss_neo",4,NA,0,0,1,0.25,50
"nt","model11","tl1.00_gl0.25_pr1.00_c50","gain_loss_trans",4,NA,0,0,1,0.25,50
"nt","model11","tl1.50_gl0.25_pr1.00_c50","tree_length",1.5,0.5,5,10,1.5,0.25,50
"nt","model11","tl1.50_gl0.25_pr1.00_c50","gain_loss_neo",4,NA,0,0,1.5,0.25,50
"nt","model11","tl1.50_gl0.25_pr1.00_c50","gain_loss_trans",4,NA,0,0,1.5,0.25,50
"nt","model11","tl2.50_gl0.25_pr1.00_c50","tree_length",2.5,0.6,6,10,2.5,0.25,50
"nt","model11","tl2.50_gl0.25_pr1.00_c50","gain_loss_neo",4,NA,0,0,2.5,0.25,50
"nt","model11","tl2.50_gl0.25_pr1.00_c50","gain_loss_trans",4,NA,0,0,2.5,0.25,50
"nt","model11","tl5.00_gl0.25_pr1.00_c50","tree_length",5,0.4,4,10,5,0.25,50
"nt","model11","tl5.00_gl0.25_pr1.00_c50","gain_loss_neo",4,NA,0,0,5,0.25,50
"nt","model11","tl5.00_gl0.25_pr1.00_c50","gain_loss_trans",4,NA,0,0,5,0.25,50
"nt","model11","tl1.00_gl0.50_pr1.00_c50","tree_length",1,0.5,5,10,1,0.5,50
"nt","model11","tl1.00_gl0.50_pr1.00_c50","gain_loss_neo",2,NA,0,0,1,0.5,50
"nt","model11","tl1.00_gl0.50_pr1.00_c50","gain_loss_trans",2,NA,0,0,1,0.5,50
"nt","model11","tl1.50_gl0.50_pr1.00_c50","tree_length",1.5,0.5,5,10,1.5,0.5,50
"nt","model11","tl1.50_gl0.50_pr1.00_c50","gain_loss_neo",2,NA,0,0,1.5,0.5,50
"nt","model11","tl1.50_gl0.50_pr1.00_c50","gain_loss_trans",2,NA,0,0,1.5,0.5,50
"nt","model11","tl2.50_gl0.50_pr1.00_c50","tree_length",2.5,0.4,4,10,2.5,0.5,50
"nt","model11","tl2.50_gl0.50_pr1.00_c50","gain_loss_neo",2,NA,0,0,2.5,0.5,50
"nt","model11","tl2.50_gl0.50_pr1.00_c50","gain_loss_trans",2,NA,0,0,2.5,0.5,50
"nt","model11","tl5.00_gl0.50_pr1.00_c50","tree_length",5,0.7,7,10,5,0.5,50
"nt","model11","tl5.00_gl0.50_pr1.00_c50","gain_loss_neo",2,NA,0,0,5,0.5,50
"nt","model11","tl5.00_gl0.50_pr1.00_c50","gain_loss_trans",2,NA,0,0,5,0.5,50
"nt","model11","tl1.00_gl1.00_pr1.00_c50","tree_length",1,0.5,5,10,1,1,50
"nt","model11","tl1.00_gl1.00_pr1.00_c50","gain_loss_neo",1,NA,0,0,1,1,50
"nt","model11","tl1.00_gl1.00_pr1.00_c50","gain_loss_trans",1,NA,0,0,1,1,50
"nt","model11","tl1.50_gl1.00_pr1.00_c50","tree_length",1.5,0.5,5,10,1.5,1,50
"nt","model11","tl1.50_gl1.00_pr1.00_c50","gain_loss_neo",1,NA,0,0,1.5,1,50
"nt","model11","tl1.50_gl1.00_pr1.00_c50","gain_loss_trans",1,NA,0,0,1.5,1,50
"nt","model11","tl2.50_gl1.00_pr1.00_c50","tree_length",2.5,0.5,5,10,2.5,1,50
"nt","model11","tl2.50_gl1.00_pr1.00_c50","gain_loss_neo",1,NA,0,0,2.5,1,50
"nt","model11","tl2.50_gl1.00_pr1.00_c50","gain_loss_trans",1,NA,0,0,2.5,1,50
"nt","model11","tl5.00_gl1.00_pr1.00_c50","tree_length",5,0.5,5,10,5,1,50
"nt","model11","tl5.00_gl1.00_pr1.00_c50","gain_loss_neo",1,NA,0,0,5,1,50
"nt","model11","tl5.00_gl1.00_pr1.00_c50","gain_loss_trans",1,NA,0,0,5,1,50
"nt","model11","tl1.00_gl0.10_pr2.50_c50","tree_length",1,0.7,7,10,1,0.1,50
"nt","model11","tl1.00_gl0.10_pr2.50_c50","gain_loss_neo",10,NA,0,0,1,0.1,50
"nt","model11","tl1.00_gl0.10_pr2.50_c50","gain_loss_trans",10,NA,0,0,1,0.1,50
"nt","model11","tl1.50_gl0.10_pr2.50_c50","tree_length",1.5,0.4,4,10,1.5,0.1,50
"nt","model11","tl1.50_gl0.10_pr2.50_c50","gain_loss_neo",10,NA,0,0,1.5,0.1,50
"nt","model11","tl1.50_gl0.10_pr2.50_c50","gain_loss_trans",10,NA,0,0,1.5,0.1,50
"nt","model11","tl2.50_gl0.10_pr2.50_c50","tree_length",2.5,0.7,7,10,2.5,0.1,50
"nt","model11","tl2.50_gl0.10_pr2.50_c50","gain_loss_neo",10,NA,0,0,2.5,0.1,50
"nt","model11","tl2.50_gl0.10_pr2.50_c50","gain_loss_trans",10,NA,0,0,2.5,0.1,50
"nt","model11","tl5.00_gl0.10_pr2.50_c50","tree_length",5,0.1,1,10,5,0.1,50
"nt","model11","tl5.00_gl0.10_pr2.50_c50","gain_loss_neo",10,NA,0,0,5,0.1,50
"nt","model11","tl5.00_gl0.10_pr2.50_c50","gain_loss_trans",10,NA,0,0,5,0.1,50
"nt","model11","tl1.00_gl0.25_pr2.50_c50","tree_length",1,0.3,3,10,1,0.25,50
"nt","model11","tl1.00_gl0.25_pr2.50_c50","gain_loss_neo",4,NA,0,0,1,0.25,50
"nt","model11","tl1.00_gl0.25_pr2.50_c50","gain_loss_trans",4,NA,0,0,1,0.25,50
"nt","model11","tl1.50_gl0.25_pr2.50_c50","tree_length",1.5,0.4,4,10,1.5,0.25,50
"nt","model11","tl1.50_gl0.25_pr2.50_c50","gain_loss_neo",4,NA,0,0,1.5,0.25,50
"nt","model11","tl1.50_gl0.25_pr2.50_c50","gain_loss_trans",4,NA,0,0,1.5,0.25,50
"nt","model11","tl2.50_gl0.25_pr2.50_c50","tree_length",2.5,0.5,5,10,2.5,0.25,50
"nt","model11","tl2.50_gl0.25_pr2.50_c50","gain_loss_neo",4,NA,0,0,2.5,0.25,50
"nt","model11","tl2.50_gl0.25_pr2.50_c50","gain_loss_trans",4,NA,0,0,2.5,0.25,50
"nt","model11","tl5.00_gl0.25_pr2.50_c50","tree_length",5,0.6,6,10,5,0.25,50
"nt","model11","tl5.00_gl0.25_pr2.50_c50","gain_loss_neo",4,NA,0,0,5,0.25,50
"nt","model11","tl5.00_gl0.25_pr2.50_c50","gain_loss_trans",4,NA,0,0,5,0.25,50
"nt","model11","tl1.00_gl0.50_pr2.50_c50","tree_length",1,0.5,5,10,1,0.5,50
"nt","model11","tl1.00_gl0.50_pr2.50_c50","gain_loss_neo",2,NA,0,0,1,0.5,50
"nt","model11","tl1.00_gl0.50_pr2.50_c50","gain_loss_trans",2,NA,0,0,1,0.5,50
"nt","model11","tl1.50_gl0.50_pr2.50_c50","tree_length",1.5,0.4,4,10,1.5,0.5,50
"nt","model11","tl1.50_gl0.50_pr2.50_c50","gain_loss_neo",2,NA,0,0,1.5,0.5,50
"nt","model11","tl1.50_gl0.50_pr2.50_c50","gain_loss_trans",2,NA,0,0,1.5,0.5,50
"nt","model11","tl2.50_gl0.50_pr2.50_c50","tree_length",2.5,0.4,4,10,2.5,0.5,50
"nt","model11","tl2.50_gl0.50_pr2.50_c50","gain_loss_neo",2,NA,0,0,2.5,0.5,50
"nt","model11","tl2.50_gl0.50_pr2.50_c50","gain_loss_trans",2,NA,0,0,2.5,0.5,50
"nt","model11","tl5.00_gl0.50_pr2.50_c50","tree_length",5,0.6,6,10,5,0.5,50
"nt","model11","tl5.00_gl0.50_pr2.50_c50","gain_loss_neo",2,NA,0,0,5,0.5,50
"nt","model11","tl5.00_gl0.50_pr2.50_c50","gain_loss_trans",2,NA,0,0,5,0.5,50
"nt","model11","tl1.00_gl1.00_pr2.50_c50","tree_length",1,0.5,5,10,1,1,50
"nt","model11","tl1.00_gl1.00_pr2.50_c50","gain_loss_neo",1,NA,0,0,1,1,50
"nt","model11","tl1.00_gl1.00_pr2.50_c50","gain_loss_trans",1,NA,0,0,1,1,50
"nt","model11","tl1.50_gl1.00_pr2.50_c50","tree_length",1.5,0.3,3,10,1.5,1,50
"nt","model11","tl1.50_gl1.00_pr2.50_c50","gain_loss_neo",1,NA,0,0,1.5,1,50
"nt","model11","tl1.50_gl1.00_pr2.50_c50","gain_loss_trans",1,NA,0,0,1.5,1,50
"nt","model11","tl2.50_gl1.00_pr2.50_c50","tree_length",2.5,0.5,5,10,2.5,1,50
"nt","model11","tl2.50_gl1.00_pr2.50_c50","gain_loss_neo",1,NA,0,0,2.5,1,50
"nt","model11","tl2.50_gl1.00_pr2.50_c50","gain_loss_trans",1,NA,0,0,2.5,1,50
"nt","model11","tl5.00_gl1.00_pr2.50_c50","tree_length",5,0.4,4,10,5,1,50
"nt","model11","tl5.00_gl1.00_pr2.50_c50","gain_loss_neo",1,NA,0,0,5,1,50
"nt","model11","tl5.00_gl1.00_pr2.50_c50","gain_loss_trans",1,NA,0,0,5,1,50
"nt","model11","tl1.00_gl0.10_pr5.00_c50","tree_length",1,0.6,6,10,1,0.1,50
"nt","model11","tl1.00_gl0.10_pr5.00_c50","gain_loss_neo",10,NA,0,0,1,0.1,50
"nt","model11","tl1.00_gl0.10_pr5.00_c50","gain_loss_trans",10,NA,0,0,1,0.1,50
"nt","model11","tl1.50_gl0.10_pr5.00_c50","tree_length",1.5,0.4,4,10,1.5,0.1,50
"nt","model11","tl1.50_gl0.10_pr5.00_c50","gain_loss_neo",10,NA,0,0,1.5,0.1,50
"nt","model11","tl1.50_gl0.10_pr5.00_c50","gain_loss_trans",10,NA,0,0,1.5,0.1,50
"nt","model11","tl2.50_gl0.10_pr5.00_c50","tree_length",2.5,0.6,6,10,2.5,0.1,50
"nt","model11","tl2.50_gl0.10_pr5.00_c50","gain_loss_neo",10,NA,0,0,2.5,0.1,50
"nt","model11","tl2.50_gl0.10_pr5.00_c50","gain_loss_trans",10,NA,0,0,2.5,0.1,50
"nt","model11","tl5.00_gl0.10_pr5.00_c50","tree_length",5,0.3,3,10,5,0.1,50
"nt","model11","tl5.00_gl0.10_pr5.00_c50","gain_loss_neo",10,NA,0,0,5,0.1,50
"nt","model11","tl5.00_gl0.10_pr5.00_c50","gain_loss_trans",10,NA,0,0,5,0.1,50
"nt","model11","tl1.00_gl0.25_pr5.00_c50","tree_length",1,0.7,7,10,1,0.25,50
"nt","model11","tl1.00_gl0.25_pr5.00_c50","gain_loss_neo",4,NA,0,0,1,0.25,50
"nt","model11","tl1.00_gl0.25_pr5.00_c50","gain_loss_trans",4,NA,0,0,1,0.25,50
"nt","model11","tl1.50_gl0.25_pr5.00_c50","tree_length",1.5,0.5,5,10,1.5,0.25,50
"nt","model11","tl1.50_gl0.25_pr5.00_c50","gain_loss_neo",4,NA,0,0,1.5,0.25,50
"nt","model11","tl1.50_gl0.25_pr5.00_c50","gain_loss_trans",4,NA,0,0,1.5,0.25,50
"nt","model11","tl2.50_gl0.25_pr5.00_c50","tree_length",2.5,0.7,7,10,2.5,0.25,50
"nt","model11","tl2.50_gl0.25_pr5.00_c50","gain_loss_neo",4,NA,0,0,2.5,0.25,50
"nt","model11","tl2.50_gl0.25_pr5.00_c50","gain_loss_trans",4,NA,0,0,2.5,0.25,50
"nt","model11","tl5.00_gl0.25_pr5.00_c50","tree_length",5,0.2,2,10,5,0.25,50
"nt","model11","tl5.00_gl0.25_pr5.00_c50","gain_loss_neo",4,NA,0,0,5,0.25,50
"nt","model11","tl5.00_gl0.25_pr5.00_c50","gain_loss_trans",4,NA,0,0,5,0.25,50
"nt","model11","tl1.00_gl0.50_pr5.00_c50","tree_length",1,0.6,6,10,1,0.5,50
"nt","model11","tl1.00_gl0.50_pr5.00_c50","gain_loss_neo",2,NA,0,0,1,0.5,50
"nt","model11","tl1.00_gl0.50_pr5.00_c50","gain_loss_trans",2,NA,0,0,1,0.5,50
"nt","model11","tl1.50_gl0.50_pr5.00_c50","tree_length",1.5,0.3,3,10,1.5,0.5,50
"nt","model11","tl1.50_gl0.50_pr5.00_c50","gain_loss_neo",2,NA,0,0,1.5,0.5,50
"nt","model11","tl1.50_gl0.50_pr5.00_c50","gain_loss_trans",2,NA,0,0,1.5,0.5,50
"nt","model11","tl2.50_gl0.50_pr5.00_c50","tree_length",2.5,0.8,8,10,2.5,0.5,50
"nt","model11","tl2.50_gl0.50_pr5.00_c50","gain_loss_neo",2,NA,0,0,2.5,0.5,50
"nt","model11","tl2.50_gl0.50_pr5.00_c50","gain_loss_trans",2,NA,0,0,2.5,0.5,50
"nt","model11","tl5.00_gl0.50_pr5.00_c50","tree_length",5,0.3,3,10,5,0.5,50
"nt","model11","tl5.00_gl0.50_pr5.00_c50","gain_loss_neo",2,NA,0,0,5,0.5,50
"nt","model11","tl5.00_gl0.50_pr5.00_c50","gain_loss_trans",2,NA,0,0,5,0.5,50
"nt","model11","tl1.00_gl1.00_pr5.00_c50","tree_length",1,0.6,6,10,1,1,50
"nt","model11","tl1.00_gl1.00_pr5.00_c50","gain_loss_neo",1,NA,0,0,1,1,50
"nt","model11","tl1.00_gl1.00_pr5.00_c50","gain_loss_trans",1,NA,0,0,1,1,50
"nt","model11","tl1.50_gl1.00_pr5.00_c50","tree_length",1.5,0.5,5,10,1.5,1,50
"nt","model11","tl1.50_gl1.00_pr5.00_c50","gain_loss_neo",1,NA,0,0,1.5,1,50
"nt","model11","tl1.50_gl1.00_pr5.00_c50","gain_loss_trans",1,NA,0,0,1.5,1,50
"nt","model11","tl2.50_gl1.00_pr5.00_c50","tree_length",2.5,0.6,6,10,2.5,1,50
"nt","model11","tl2.50_gl1.00_pr5.00_c50","gain_loss_neo",1,NA,0,0,2.5,1,50
"nt","model11","tl2.50_gl1.00_pr5.00_c50","gain_loss_trans",1,NA,0,0,2.5,1,50
"nt","model11","tl5.00_gl1.00_pr5.00_c50","tree_length",5,0.5,5,10,5,1,50
"nt","model11","tl5.00_gl1.00_pr5.00_c50","gain_loss_neo",1,NA,0,0,5,1,50
"nt","model11","tl5.00_gl1.00_pr5.00_c50","gain_loss_trans",1,NA,0,0,5,1,50
"nt","model11","tl1.00_gl0.10_pr1.00_c100","tree_length",1,0.2,2,10,1,0.1,100
"nt","model11","tl1.00_gl0.10_pr1.00_c100","gain_loss_neo",10,NA,0,0,1,0.1,100
"nt","model11","tl1.00_gl0.10_pr1.00_c100","gain_loss_trans",10,NA,0,0,1,0.1,100
"nt","model11","tl1.50_gl0.10_pr1.00_c100","tree_length",1.5,0.6,6,10,1.5,0.1,100
"nt","model11","tl1.50_gl0.10_pr1.00_c100","gain_loss_neo",10,NA,0,0,1.5,0.1,100
"nt","model11","tl1.50_gl0.10_pr1.00_c100","gain_loss_trans",10,NA,0,0,1.5,0.1,100
"nt","model11","tl2.50_gl0.10_pr1.00_c100","tree_length",2.5,0.4,4,10,2.5,0.1,100
"nt","model11","tl2.50_gl0.10_pr1.00_c100","gain_loss_neo",10,NA,0,0,2.5,0.1,100
"nt","model11","tl2.50_gl0.10_pr1.00_c100","gain_loss_trans",10,NA,0,0,2.5,0.1,100
"nt","model11","tl5.00_gl0.10_pr1.00_c100","tree_length",5,0.2,2,10,5,0.1,100
"nt","model11","tl5.00_gl0.10_pr1.00_c100","gain_loss_neo",10,NA,0,0,5,0.1,100
"nt","model11","tl5.00_gl0.10_pr1.00_c100","gain_loss_trans",10,NA,0,0,5,0.1,100
"nt","model11","tl1.00_gl0.25_pr1.00_c100","tree_length",1,0.4,4,10,1,0.25,100
"nt","model11","tl1.00_gl0.25_pr1.00_c100","gain_loss_neo",4,NA,0,0,1,0.25,100
"nt","model11","tl1.00_gl0.25_pr1.00_c100","gain_loss_trans",4,NA,0,0,1,0.25,100
"nt","model11","tl1.50_gl0.25_pr1.00_c100","tree_length",1.5,0.4,4,10,1.5,0.25,100
"nt","model11","tl1.50_gl0.25_pr1.00_c100","gain_loss_neo",4,NA,0,0,1.5,0.25,100
"nt","model11","tl1.50_gl0.25_pr1.00_c100","gain_loss_trans",4,NA,0,0,1.5,0.25,100
"nt","model11","tl2.50_gl0.25_pr1.00_c100","tree_length",2.5,0.3,3,10,2.5,0.25,100
"nt","model11","tl2.50_gl0.25_pr1.00_c100","gain_loss_neo",4,NA,0,0,2.5,0.25,100
"nt","model11","tl2.50_gl0.25_pr1.00_c100","gain_loss_trans",4,NA,0,0,2.5,0.25,100
"nt","model11","tl5.00_gl0.25_pr1.00_c100","tree_length",5,0.2,2,10,5,0.25,100
"nt","model11","tl5.00_gl0.25_pr1.00_c100","gain_loss_neo",4,NA,0,0,5,0.25,100
"nt","model11","tl5.00_gl0.25_pr1.00_c100","gain_loss_trans",4,NA,0,0,5,0.25,100
"nt","model11","tl1.00_gl0.50_pr1.00_c100","tree_length",1,0.5,5,10,1,0.5,100
"nt","model11","tl1.00_gl0.50_pr1.00_c100","gain_loss_neo",2,NA,0,0,1,0.5,100
"nt","model11","tl1.00_gl0.50_pr1.00_c100","gain_loss_trans",2,NA,0,0,1,0.5,100
"nt","model11","tl1.50_gl0.50_pr1.00_c100","tree_length",1.5,0.5,5,10,1.5,0.5,100
"nt","model11","tl1.50_gl0.50_pr1.00_c100","gain_loss_neo",2,NA,0,0,1.5,0.5,100
"nt","model11","tl1.50_gl0.50_pr1.00_c100","gain_loss_trans",2,NA,0,0,1.5,0.5,100
"nt","model11","tl2.50_gl0.50_pr1.00_c100","tree_length",2.5,0.5,5,10,2.5,0.5,100
"nt","model11","tl2.50_gl0.50_pr1.00_c100","gain_loss_neo",2,NA,0,0,2.5,0.5,100
"nt","model11","tl2.50_gl0.50_pr1.00_c100","gain_loss_trans",2,NA,0,0,2.5,0.5,100
"nt","model11","tl5.00_gl0.50_pr1.00_c100","tree_length",5,0.3,3,10,5,0.5,100
"nt","model11","tl5.00_gl0.50_pr1.00_c100","gain_loss_neo",2,NA,0,0,5,0.5,100
"nt","model11","tl5.00_gl0.50_pr1.00_c100","gain_loss_trans",2,NA,0,0,5,0.5,100
"nt","model11","tl1.00_gl1.00_pr1.00_c100","tree_length",1,0.5,5,10,1,1,100
"nt","model11","tl1.00_gl1.00_pr1.00_c100","gain_loss_neo",1,NA,0,0,1,1,100
"nt","model11","tl1.00_gl1.00_pr1.00_c100","gain_loss_trans",1,NA,0,0,1,1,100
"nt","model11","tl1.50_gl1.00_pr1.00_c100","tree_length",1.5,0.5,5,10,1.5,1,100
"nt","model11","tl1.50_gl1.00_pr1.00_c100","gain_loss_neo",1,NA,0,0,1.5,1,100
"nt","model11","tl1.50_gl1.00_pr1.00_c100","gain_loss_trans",1,NA,0,0,1.5,1,100
"nt","model11","tl2.50_gl1.00_pr1.00_c100","tree_length",2.5,0.2,2,10,2.5,1,100
"nt","model11","tl2.50_gl1.00_pr1.00_c100","gain_loss_neo",1,NA,0,0,2.5,1,100
"nt","model11","tl2.50_gl1.00_pr1.00_c100","gain_loss_trans",1,NA,0,0,2.5,1,100
"nt","model11","tl5.00_gl1.00_pr1.00_c100","tree_length",5,0.3,3,10,5,1,100
"nt","model11","tl5.00_gl1.00_pr1.00_c100","gain_loss_neo",1,NA,0,0,5,1,100
"nt","model11","tl5.00_gl1.00_pr1.00_c100","gain_loss_trans",1,NA,0,0,5,1,100
"nt","model11","tl1.00_gl0.10_pr2.50_c100","tree_length",1,0.3,3,10,1,0.1,100
"nt","model11","tl1.00_gl0.10_pr2.50_c100","gain_loss_neo",10,NA,0,0,1,0.1,100
"nt","model11","tl1.00_gl0.10_pr2.50_c100","gain_loss_trans",10,NA,0,0,1,0.1,100
"nt","model11","tl1.50_gl0.10_pr2.50_c100","tree_length",1.5,0.3,3,10,1.5,0.1,100
"nt","model11","tl1.50_gl0.10_pr2.50_c100","gain_loss_neo",10,NA,0,0,1.5,0.1,100
"nt","model11","tl1.50_gl0.10_pr2.50_c100","gain_loss_trans",10,NA,0,0,1.5,0.1,100
"nt","model11","tl2.50_gl0.10_pr2.50_c100","tree_length",2.5,0.4,4,10,2.5,0.1,100
"nt","model11","tl2.50_gl0.10_pr2.50_c100","gain_loss_neo",10,NA,0,0,2.5,0.1,100
"nt","model11","tl2.50_gl0.10_pr2.50_c100","gain_loss_trans",10,NA,0,0,2.5,0.1,100
"nt","model11","tl5.00_gl0.10_pr2.50_c100","tree_length",5,0.5,5,10,5,0.1,100
"nt","model11","tl5.00_gl0.10_pr2.50_c100","gain_loss_neo",10,NA,0,0,5,0.1,100
"nt","model11","tl5.00_gl0.10_pr2.50_c100","gain_loss_trans",10,NA,0,0,5,0.1,100
"nt","model11","tl1.00_gl0.25_pr2.50_c100","tree_length",1,0.5,5,10,1,0.25,100
"nt","model11","tl1.00_gl0.25_pr2.50_c100","gain_loss_neo",4,NA,0,0,1,0.25,100
"nt","model11","tl1.00_gl0.25_pr2.50_c100","gain_loss_trans",4,NA,0,0,1,0.25,100
"nt","model11","tl1.50_gl0.25_pr2.50_c100","tree_length",1.5,0.4,4,10,1.5,0.25,100
"nt","model11","tl1.50_gl0.25_pr2.50_c100","gain_loss_neo",4,NA,0,0,1.5,0.25,100
"nt","model11","tl1.50_gl0.25_pr2.50_c100","gain_loss_trans",4,NA,0,0,1.5,0.25,100
"nt","model11","tl2.50_gl0.25_pr2.50_c100","tree_length",2.5,0.5,5,10,2.5,0.25,100
"nt","model11","tl2.50_gl0.25_pr2.50_c100","gain_loss_neo",4,NA,0,0,2.5,0.25,100
"nt","model11","tl2.50_gl0.25_pr2.50_c100","gain_loss_trans",4,NA,0,0,2.5,0.25,100
"nt","model11","tl5.00_gl0.25_pr2.50_c100","tree_length",5,0.4,4,10,5,0.25,100
"nt","model11","tl5.00_gl0.25_pr2.50_c100","gain_loss_neo",4,NA,0,0,5,0.25,100
"nt","model11","tl5.00_gl0.25_pr2.50_c100","gain_loss_trans",4,NA,0,0,5,0.25,100
"nt","model11","tl1.00_gl0.50_pr2.50_c100","tree_length",1,0.5,5,10,1,0.5,100
"nt","model11","tl1.00_gl0.50_pr2.50_c100","gain_loss_neo",2,NA,0,0,1,0.5,100
"nt","model11","tl1.00_gl0.50_pr2.50_c100","gain_loss_trans",2,NA,0,0,1,0.5,100
"nt","model11","tl1.50_gl0.50_pr2.50_c100","tree_length",1.5,0.5,5,10,1.5,0.5,100
"nt","model11","tl1.50_gl0.50_pr2.50_c100","gain_loss_neo",2,NA,0,0,1.5,0.5,100
"nt","model11","tl1.50_gl0.50_pr2.50_c100","gain_loss_trans",2,NA,0,0,1.5,0.5,100
"nt","model11","tl2.50_gl0.50_pr2.50_c100","tree_length",2.5,0.4,4,10,2.5,0.5,100
"nt","model11","tl2.50_gl0.50_pr2.50_c100","gain_loss_neo",2,NA,0,0,2.5,0.5,100
"nt","model11","tl2.50_gl0.50_pr2.50_c100","gain_loss_trans",2,NA,0,0,2.5,0.5,100
"nt","model11","tl5.00_gl0.50_pr2.50_c100","tree_length",5,0.3,3,10,5,0.5,100
"nt","model11","tl5.00_gl0.50_pr2.50_c100","gain_loss_neo",2,NA,0,0,5,0.5,100
"nt","model11","tl5.00_gl0.50_pr2.50_c100","gain_loss_trans",2,NA,0,0,5,0.5,100
"nt","model11","tl1.00_gl1.00_pr2.50_c100","tree_length",1,0.4,4,10,1,1,100
"nt","model11","tl1.00_gl1.00_pr2.50_c100","gain_loss_neo",1,NA,0,0,1,1,100
"nt","model11","tl1.00_gl1.00_pr2.50_c100","gain_loss_trans",1,NA,0,0,1,1,100
"nt","model11","tl1.50_gl1.00_pr2.50_c100","tree_length",1.5,0.5,5,10,1.5,1,100
"nt","model11","tl1.50_gl1.00_pr2.50_c100","gain_loss_neo",1,NA,0,0,1.5,1,100
"nt","model11","tl1.50_gl1.00_pr2.50_c100","gain_loss_trans",1,NA,0,0,1.5,1,100
"nt","model11","tl2.50_gl1.00_pr2.50_c100","tree_length",2.5,0.5,5,10,2.5,1,100
"nt","model11","tl2.50_gl1.00_pr2.50_c100","gain_loss_neo",1,NA,0,0,2.5,1,100
"nt","model11","tl2.50_gl1.00_pr2.50_c100","gain_loss_trans",1,NA,0,0,2.5,1,100
"nt","model11","tl5.00_gl1.00_pr2.50_c100","tree_length",5,0.5,5,10,5,1,100
"nt","model11","tl5.00_gl1.00_pr2.50_c100","gain_loss_neo",1,NA,0,0,5,1,100
"nt","model11","tl5.00_gl1.00_pr2.50_c100","gain_loss_trans",1,NA,0,0,5,1,100
"nt","model11","tl1.00_gl0.10_pr5.00_c100","tree_length",1,0.3,3,10,1,0.1,100
"nt","model11","tl1.00_gl0.10_pr5.00_c100","gain_loss_neo",10,NA,0,0,1,0.1,100
"nt","model11","tl1.00_gl0.10_pr5.00_c100","gain_loss_trans",10,NA,0,0,1,0.1,100
"nt","model11","tl1.50_gl0.10_pr5.00_c100","tree_length",1.5,0.3,3,10,1.5,0.1,100
"nt","model11","tl1.50_gl0.10_pr5.00_c100","gain_loss_neo",10,NA,0,0,1.5,0.1,100
"nt","model11","tl1.50_gl0.10_pr5.00_c100","gain_loss_trans",10,NA,0,0,1.5,0.1,100
"nt","model11","tl2.50_gl0.10_pr5.00_c100","tree_length",2.5,0.3,3,10,2.5,0.1,100
"nt","model11","tl2.50_gl0.10_pr5.00_c100","gain_loss_neo",10,NA,0,0,2.5,0.1,100
"nt","model11","tl2.50_gl0.10_pr5.00_c100","gain_loss_trans",10,NA,0,0,2.5,0.1,100
"nt","model11","tl5.00_gl0.10_pr5.00_c100","tree_length",5,0.5,5,10,5,0.1,100
"nt","model11","tl5.00_gl0.10_pr5.00_c100","gain_loss_neo",10,NA,0,0,5,0.1,100
"nt","model11","tl5.00_gl0.10_pr5.00_c100","gain_loss_trans",10,NA,0,0,5,0.1,100
"nt","model11","tl1.00_gl0.25_pr5.00_c100","tree_length",1,0.5,5,10,1,0.25,100
"nt","model11","tl1.00_gl0.25_pr5.00_c100","gain_loss_neo",4,NA,0,0,1,0.25,100
"nt","model11","tl1.00_gl0.25_pr5.00_c100","gain_loss_trans",4,NA,0,0,1,0.25,100
"nt","model11","tl1.50_gl0.25_pr5.00_c100","tree_length",1.5,0.4,4,10,1.5,0.25,100
"nt","model11","tl1.50_gl0.25_pr5.00_c100","gain_loss_neo",4,NA,0,0,1.5,0.25,100
"nt","model11","tl1.50_gl0.25_pr5.00_c100","gain_loss_trans",4,NA,0,0,1.5,0.25,100
"nt","model11","tl2.50_gl0.25_pr5.00_c100","tree_length",2.5,0.5,5,10,2.5,0.25,100
"nt","model11","tl2.50_gl0.25_pr5.00_c100","gain_loss_neo",4,NA,0,0,2.5,0.25,100
"nt","model11","tl2.50_gl0.25_pr5.00_c100","gain_loss_trans",4,NA,0,0,2.5,0.25,100
"nt","model11","tl5.00_gl0.25_pr5.00_c100","tree_length",5,0.6,6,10,5,0.25,100
"nt","model11","tl5.00_gl0.25_pr5.00_c100","gain_loss_neo",4,NA,0,0,5,0.25,100
"nt","model11","tl5.00_gl0.25_pr5.00_c100","gain_loss_trans",4,NA,0,0,5,0.25,100
"nt","model11","tl1.00_gl0.50_pr5.00_c100","tree_length",1,0.3,3,10,1,0.5,100
"nt","model11","tl1.00_gl0.50_pr5.00_c100","gain_loss_neo",2,NA,0,0,1,0.5,100
"nt","model11","tl1.00_gl0.50_pr5.00_c100","gain_loss_trans",2,NA,0,0,1,0.5,100
"nt","model11","tl1.50_gl0.50_pr5.00_c100","tree_length",1.5,0.4,4,10,1.5,0.5,100
"nt","model11","tl1.50_gl0.50_pr5.00_c100","gain_loss_neo",2,NA,0,0,1.5,0.5,100
"nt","model11","tl1.50_gl0.50_pr5.00_c100","gain_loss_trans",2,NA,0,0,1.5,0.5,100
"nt","model11","tl2.50_gl0.50_pr5.00_c100","tree_length",2.5,0.4,4,10,2.5,0.5,100
"nt","model11","tl2.50_gl0.50_pr5.00_c100","gain_loss_neo",2,NA,0,0,2.5,0.5,100
"nt","model11","tl2.50_gl0.50_pr5.00_c100","gain_loss_trans",2,NA,0,0,2.5,0.5,100
"nt","model11","tl5.00_gl0.50_pr5.00_c100","tree_length",5,0.4,4,10,5,0.5,100
"nt","model11","tl5.00_gl0.50_pr5.00_c100","gain_loss_neo",2,NA,0,0,5,0.5,100
"nt","model11","tl5.00_gl0.50_pr5.00_c100","gain_loss_trans",2,NA,0,0,5,0.5,100
"nt","model11","tl1.00_gl1.00_pr5.00_c100","tree_length",1,0.3,3,10,1,1,100
"nt","model11","tl1.00_gl1.00_pr5.00_c100","gain_loss_neo",1,NA,0,0,1,1,100
"nt","model11","tl1.00_gl1.00_pr5.00_c100","gain_loss_trans",1,NA,0,0,1,1,100
"nt","model11","tl1.50_gl1.00_pr5.00_c100","tree_length",1.5,0.4,4,10,1.5,1,100
"nt","model11","tl1.50_gl1.00_pr5.00_c100","gain_loss_neo",1,NA,0,0,1.5,1,100
"nt","model11","tl1.50_gl1.00_pr5.00_c100","gain_loss_trans",1,NA,0,0,1.5,1,100
"nt","model11","tl2.50_gl1.00_pr5.00_c100","tree_length",2.5,0.4,4,10,2.5,1,100
"nt","model11","tl2.50_gl1.00_pr5.00_c100","gain_loss_neo",1,NA,0,0,2.5,1,100
"nt","model11","tl2.50_gl1.00_pr5.00_c100","gain_loss_trans",1,NA,0,0,2.5,1,100
"nt","model11","tl5.00_gl1.00_pr5.00_c100","tree_length",5,0.4,4,10,5,1,100
"nt","model11","tl5.00_gl1.00_pr5.00_c100","gain_loss_neo",1,NA,0,0,5,1,100
"nt","model11","tl5.00_gl1.00_pr5.00_c100","gain_loss_trans",1,NA,0,0,5,1,100
"nt","model11","tl1.00_gl0.10_pr1.00_c200","tree_length",1,0.1,1,10,1,0.1,200
"nt","model11","tl1.00_gl0.10_pr1.00_c200","gain_loss_neo",10,NA,0,0,1,0.1,200
"nt","model11","tl1.00_gl0.10_pr1.00_c200","gain_loss_trans",10,NA,0,0,1,0.1,200
"nt","model11","tl1.50_gl0.10_pr1.00_c200","tree_length",1.5,0.2,2,10,1.5,0.1,200
"nt","model11","tl1.50_gl0.10_pr1.00_c200","gain_loss_neo",10,NA,0,0,1.5,0.1,200
"nt","model11","tl1.50_gl0.10_pr1.00_c200","gain_loss_trans",10,NA,0,0,1.5,0.1,200
"nt","model11","tl2.50_gl0.10_pr1.00_c200","tree_length",2.5,0.5,5,10,2.5,0.1,200
"nt","model11","tl2.50_gl0.10_pr1.00_c200","gain_loss_neo",10,NA,0,0,2.5,0.1,200
"nt","model11","tl2.50_gl0.10_pr1.00_c200","gain_loss_trans",10,NA,0,0,2.5,0.1,200
"nt","model11","tl5.00_gl0.10_pr1.00_c200","tree_length",5,0.2,2,10,5,0.1,200
"nt","model11","tl5.00_gl0.10_pr1.00_c200","gain_loss_neo",10,NA,0,0,5,0.1,200
"nt","model11","tl5.00_gl0.10_pr1.00_c200","gain_loss_trans",10,NA,0,0,5,0.1,200
"nt","model11","tl1.00_gl0.25_pr1.00_c200","tree_length",1,0.3,3,10,1,0.25,200
"nt","model11","tl1.00_gl0.25_pr1.00_c200","gain_loss_neo",4,NA,0,0,1,0.25,200
"nt","model11","tl1.00_gl0.25_pr1.00_c200","gain_loss_trans",4,NA,0,0,1,0.25,200
"nt","model11","tl1.50_gl0.25_pr1.00_c200","tree_length",1.5,0.5,5,10,1.5,0.25,200
"nt","model11","tl1.50_gl0.25_pr1.00_c200","gain_loss_neo",4,NA,0,0,1.5,0.25,200
"nt","model11","tl1.50_gl0.25_pr1.00_c200","gain_loss_trans",4,NA,0,0,1.5,0.25,200
"nt","model11","tl2.50_gl0.25_pr1.00_c200","tree_length",2.5,0.5,5,10,2.5,0.25,200
"nt","model11","tl2.50_gl0.25_pr1.00_c200","gain_loss_neo",4,NA,0,0,2.5,0.25,200
"nt","model11","tl2.50_gl0.25_pr1.00_c200","gain_loss_trans",4,NA,0,0,2.5,0.25,200
"nt","model11","tl5.00_gl0.25_pr1.00_c200","tree_length",5,0.2,2,10,5,0.25,200
"nt","model11","tl5.00_gl0.25_pr1.00_c200","gain_loss_neo",4,NA,0,0,5,0.25,200
"nt","model11","tl5.00_gl0.25_pr1.00_c200","gain_loss_trans",4,NA,0,0,5,0.25,200
"nt","model11","tl1.00_gl0.50_pr1.00_c200","tree_length",1,0.4,4,10,1,0.5,200
"nt","model11","tl1.00_gl0.50_pr1.00_c200","gain_loss_neo",2,NA,0,0,1,0.5,200
"nt","model11","tl1.00_gl0.50_pr1.00_c200","gain_loss_trans",2,NA,0,0,1,0.5,200
"nt","model11","tl1.50_gl0.50_pr1.00_c200","tree_length",1.5,0.5,5,10,1.5,0.5,200
"nt","model11","tl1.50_gl0.50_pr1.00_c200","gain_loss_neo",2,NA,0,0,1.5,0.5,200
"nt","model11","tl1.50_gl0.50_pr1.00_c200","gain_loss_trans",2,NA,0,0,1.5,0.5,200
"nt","model11","tl2.50_gl0.50_pr1.00_c200","tree_length",2.5,0.3,3,10,2.5,0.5,200
"nt","model11","tl2.50_gl0.50_pr1.00_c200","gain_loss_neo",2,NA,0,0,2.5,0.5,200
"nt","model11","tl2.50_gl0.50_pr1.00_c200","gain_loss_trans",2,NA,0,0,2.5,0.5,200
"nt","model11","tl5.00_gl0.50_pr1.00_c200","tree_length",5,0.2,2,10,5,0.5,200
"nt","model11","tl5.00_gl0.50_pr1.00_c200","gain_loss_neo",2,NA,0,0,5,0.5,200
"nt","model11","tl5.00_gl0.50_pr1.00_c200","gain_loss_trans",2,NA,0,0,5,0.5,200
"nt","model11","tl1.00_gl1.00_pr1.00_c200","tree_length",1,0.4,4,10,1,1,200
"nt","model11","tl1.00_gl1.00_pr1.00_c200","gain_loss_neo",1,NA,0,0,1,1,200
"nt","model11","tl1.00_gl1.00_pr1.00_c200","gain_loss_trans",1,NA,0,0,1,1,200
"nt","model11","tl1.50_gl1.00_pr1.00_c200","tree_length",1.5,0.5,5,10,1.5,1,200
"nt","model11","tl1.50_gl1.00_pr1.00_c200","gain_loss_neo",1,NA,0,0,1.5,1,200
"nt","model11","tl1.50_gl1.00_pr1.00_c200","gain_loss_trans",1,NA,0,0,1.5,1,200
"nt","model11","tl2.50_gl1.00_pr1.00_c200","tree_length",2.5,0.2,2,10,2.5,1,200
"nt","model11","tl2.50_gl1.00_pr1.00_c200","gain_loss_neo",1,NA,0,0,2.5,1,200
"nt","model11","tl2.50_gl1.00_pr1.00_c200","gain_loss_trans",1,NA,0,0,2.5,1,200
"nt","model11","tl5.00_gl1.00_pr1.00_c200","tree_length",5,0.4,4,10,5,1,200
"nt","model11","tl5.00_gl1.00_pr1.00_c200","gain_loss_neo",1,NA,0,0,5,1,200
"nt","model11","tl5.00_gl1.00_pr1.00_c200","gain_loss_trans",1,NA,0,0,5,1,200
"nt","model11","tl1.00_gl0.10_pr2.50_c200","tree_length",1,0,0,10,1,0.1,200
"nt","model11","tl1.00_gl0.10_pr2.50_c200","gain_loss_neo",10,NA,0,0,1,0.1,200
"nt","model11","tl1.00_gl0.10_pr2.50_c200","gain_loss_trans",10,NA,0,0,1,0.1,200
"nt","model11","tl1.50_gl0.10_pr2.50_c200","tree_length",1.5,0.2,2,10,1.5,0.1,200
"nt","model11","tl1.50_gl0.10_pr2.50_c200","gain_loss_neo",10,NA,0,0,1.5,0.1,200
"nt","model11","tl1.50_gl0.10_pr2.50_c200","gain_loss_trans",10,NA,0,0,1.5,0.1,200
"nt","model11","tl2.50_gl0.10_pr2.50_c200","tree_length",2.5,0.3,3,10,2.5,0.1,200
"nt","model11","tl2.50_gl0.10_pr2.50_c200","gain_loss_neo",10,NA,0,0,2.5,0.1,200
"nt","model11","tl2.50_gl0.10_pr2.50_c200","gain_loss_trans",10,NA,0,0,2.5,0.1,200
"nt","model11","tl5.00_gl0.10_pr2.50_c200","tree_length",5,0.3,3,10,5,0.1,200
"nt","model11","tl5.00_gl0.10_pr2.50_c200","gain_loss_neo",10,NA,0,0,5,0.1,200
"nt","model11","tl5.00_gl0.10_pr2.50_c200","gain_loss_trans",10,NA,0,0,5,0.1,200
"nt","model11","tl1.00_gl0.25_pr2.50_c200","tree_length",1,0.4,4,10,1,0.25,200
"nt","model11","tl1.00_gl0.25_pr2.50_c200","gain_loss_neo",4,NA,0,0,1,0.25,200
"nt","model11","tl1.00_gl0.25_pr2.50_c200","gain_loss_trans",4,NA,0,0,1,0.25,200
"nt","model11","tl1.50_gl0.25_pr2.50_c200","tree_length",1.5,0.5,5,10,1.5,0.25,200
"nt","model11","tl1.50_gl0.25_pr2.50_c200","gain_loss_neo",4,NA,0,0,1.5,0.25,200
"nt","model11","tl1.50_gl0.25_pr2.50_c200","gain_loss_trans",4,NA,0,0,1.5,0.25,200
"nt","model11","tl2.50_gl0.25_pr2.50_c200","tree_length",2.5,0.4,4,10,2.5,0.25,200
"nt","model11","tl2.50_gl0.25_pr2.50_c200","gain_loss_neo",4,NA,0,0,2.5,0.25,200
"nt","model11","tl2.50_gl0.25_pr2.50_c200","gain_loss_trans",4,NA,0,0,2.5,0.25,200
"nt","model11","tl5.00_gl0.25_pr2.50_c200","tree_length",5,0.4,4,10,5,0.25,200
"nt","model11","tl5.00_gl0.25_pr2.50_c200","gain_loss_neo",4,NA,0,0,5,0.25,200
"nt","model11","tl5.00_gl0.25_pr2.50_c200","gain_loss_trans",4,NA,0,0,5,0.25,200
"nt","model11","tl1.00_gl0.50_pr2.50_c200","tree_length",1,0.4,4,10,1,0.5,200
"nt","model11","tl1.00_gl0.50_pr2.50_c200","gain_loss_neo",2,NA,0,0,1,0.5,200
"nt","model11","tl1.00_gl0.50_pr2.50_c200","gain_loss_trans",2,NA,0,0,1,0.5,200
"nt","model11","tl1.50_gl0.50_pr2.50_c200","tree_length",1.5,0.3,3,10,1.5,0.5,200
"nt","model11","tl1.50_gl0.50_pr2.50_c200","gain_loss_neo",2,NA,0,0,1.5,0.5,200
"nt","model11","tl1.50_gl0.50_pr2.50_c200","gain_loss_trans",2,NA,0,0,1.5,0.5,200
"nt","model11","tl2.50_gl0.50_pr2.50_c200","tree_length",2.5,0.5,5,10,2.5,0.5,200
"nt","model11","tl2.50_gl0.50_pr2.50_c200","gain_loss_neo",2,NA,0,0,2.5,0.5,200
"nt","model11","tl2.50_gl0.50_pr2.50_c200","gain_loss_trans",2,NA,0,0,2.5,0.5,200
"nt","model11","tl5.00_gl0.50_pr2.50_c200","tree_length",5,0.4,4,10,5,0.5,200
"nt","model11","tl5.00_gl0.50_pr2.50_c200","gain_loss_neo",2,NA,0,0,5,0.5,200
"nt","model11","tl5.00_gl0.50_pr2.50_c200","gain_loss_trans",2,NA,0,0,5,0.5,200
"nt","model11","tl1.00_gl1.00_pr2.50_c200","tree_length",1,0.6,6,10,1,1,200
"nt","model11","tl1.00_gl1.00_pr2.50_c200","gain_loss_neo",1,NA,0,0,1,1,200
"nt","model11","tl1.00_gl1.00_pr2.50_c200","gain_loss_trans",1,NA,0,0,1,1,200
"nt","model11","tl1.50_gl1.00_pr2.50_c200","tree_length",1.5,0.3,3,10,1.5,1,200
"nt","model11","tl1.50_gl1.00_pr2.50_c200","gain_loss_neo",1,NA,0,0,1.5,1,200
"nt","model11","tl1.50_gl1.00_pr2.50_c200","gain_loss_trans",1,NA,0,0,1.5,1,200
"nt","model11","tl2.50_gl1.00_pr2.50_c200","tree_length",2.5,0.5,5,10,2.5,1,200
"nt","model11","tl2.50_gl1.00_pr2.50_c200","gain_loss_neo",1,NA,0,0,2.5,1,200
"nt","model11","tl2.50_gl1.00_pr2.50_c200","gain_loss_trans",1,NA,0,0,2.5,1,200
"nt","model11","tl5.00_gl1.00_pr2.50_c200","tree_length",5,0.3,3,10,5,1,200
"nt","model11","tl5.00_gl1.00_pr2.50_c200","gain_loss_neo",1,NA,0,0,5,1,200
"nt","model11","tl5.00_gl1.00_pr2.50_c200","gain_loss_trans",1,NA,0,0,5,1,200
"nt","model11","tl1.00_gl0.10_pr5.00_c200","tree_length",1,0.1,1,10,1,0.1,200
"nt","model11","tl1.00_gl0.10_pr5.00_c200","gain_loss_neo",10,NA,0,0,1,0.1,200
"nt","model11","tl1.00_gl0.10_pr5.00_c200","gain_loss_trans",10,NA,0,0,1,0.1,200
"nt","model11","tl1.50_gl0.10_pr5.00_c200","tree_length",1.5,0.1,1,10,1.5,0.1,200
"nt","model11","tl1.50_gl0.10_pr5.00_c200","gain_loss_neo",10,NA,0,0,1.5,0.1,200
"nt","model11","tl1.50_gl0.10_pr5.00_c200","gain_loss_trans",10,NA,0,0,1.5,0.1,200
"nt","model11","tl2.50_gl0.10_pr5.00_c200","tree_length",2.5,0.4,4,10,2.5,0.1,200
"nt","model11","tl2.50_gl0.10_pr5.00_c200","gain_loss_neo",10,NA,0,0,2.5,0.1,200
"nt","model11","tl2.50_gl0.10_pr5.00_c200","gain_loss_trans",10,NA,0,0,2.5,0.1,200
"nt","model11","tl5.00_gl0.10_pr5.00_c200","tree_length",5,0.6,6,10,5,0.1,200
"nt","model11","tl5.00_gl0.10_pr5.00_c200","gain_loss_neo",10,NA,0,0,5,0.1,200
"nt","model11","tl5.00_gl0.10_pr5.00_c200","gain_loss_trans",10,NA,0,0,5,0.1,200
"nt","model11","tl1.00_gl0.25_pr5.00_c200","tree_length",1,0.3,3,10,1,0.25,200
"nt","model11","tl1.00_gl0.25_pr5.00_c200","gain_loss_neo",4,NA,0,0,1,0.25,200
"nt","model11","tl1.00_gl0.25_pr5.00_c200","gain_loss_trans",4,NA,0,0,1,0.25,200
"nt","model11","tl1.50_gl0.25_pr5.00_c200","tree_length",1.5,0.3,3,10,1.5,0.25,200
"nt","model11","tl1.50_gl0.25_pr5.00_c200","gain_loss_neo",4,NA,0,0,1.5,0.25,200
"nt","model11","tl1.50_gl0.25_pr5.00_c200","gain_loss_trans",4,NA,0,0,1.5,0.25,200
"nt","model11","tl2.50_gl0.25_pr5.00_c200","tree_length",2.5,0.4,4,10,2.5,0.25,200
"nt","model11","tl2.50_gl0.25_pr5.00_c200","gain_loss_neo",4,NA,0,0,2.5,0.25,200
"nt","model11","tl2.50_gl0.25_pr5.00_c200","gain_loss_trans",4,NA,0,0,2.5,0.25,200
"nt","model11","tl5.00_gl0.25_pr5.00_c200","tree_length",5,0.3,3,10,5,0.25,200
"nt","model11","tl5.00_gl0.25_pr5.00_c200","gain_loss_neo",4,NA,0,0,5,0.25,200
"nt","model11","tl5.00_gl0.25_pr5.00_c200","gain_loss_trans",4,NA,0,0,5,0.25,200
"nt","model11","tl1.00_gl0.50_pr5.00_c200","tree_length",1,0.4,4,10,1,0.5,200
"nt","model11","tl1.00_gl0.50_pr5.00_c200","gain_loss_neo",2,NA,0,0,1,0.5,200
"nt","model11","tl1.00_gl0.50_pr5.00_c200","gain_loss_trans",2,NA,0,0,1,0.5,200
"nt","model11","tl1.50_gl0.50_pr5.00_c200","tree_length",1.5,0.4,4,10,1.5,0.5,200
"nt","model11","tl1.50_gl0.50_pr5.00_c200","gain_loss_neo",2,NA,0,0,1.5,0.5,200
"nt","model11","tl1.50_gl0.50_pr5.00_c200","gain_loss_trans",2,NA,0,0,1.5,0.5,200
"nt","model11","tl2.50_gl0.50_pr5.00_c200","tree_length",2.5,0.5,5,10,2.5,0.5,200
"nt","model11","tl2.50_gl0.50_pr5.00_c200","gain_loss_neo",2,NA,0,0,2.5,0.5,200
"nt","model11","tl2.50_gl0.50_pr5.00_c200","gain_loss_trans",2,NA,0,0,2.5,0.5,200
"nt","model11","tl5.00_gl0.50_pr5.00_c200","tree_length",5,0.2,2,10,5,0.5,200
"nt","model11","tl5.00_gl0.50_pr5.00_c200","gain_loss_neo",2,NA,0,0,5,0.5,200
"nt","model11","tl5.00_gl0.50_pr5.00_c200","gain_loss_trans",2,NA,0,0,5,0.5,200
"nt","model11","tl1.00_gl1.00_pr5.00_c200","tree_length",1,0.4,4,10,1,1,200
"nt","model11","tl1.00_gl1.00_pr5.00_c200","gain_loss_neo",1,NA,0,0,1,1,200
"nt","model11","tl1.00_gl1.00_pr5.00_c200","gain_loss_trans",1,NA,0,0,1,1,200
"nt","model11","tl1.50_gl1.00_pr5.00_c200","tree_length",1.5,0.5,5,10,1.5,1,200
"nt","model11","tl1.50_gl1.00_pr5.00_c200","gain_loss_neo",1,NA,0,0,1.5,1,200
"nt","model11","tl1.50_gl1.00_pr5.00_c200","gain_loss_trans",1,NA,0,0,1.5,1,200
"nt","model11","tl2.50_gl1.00_pr5.00_c200","tree_length",2.5,0.4,4,10,2.5,1,200
"nt","model11","tl2.50_gl1.00_pr5.00_c200","gain_loss_neo",1,NA,0,0,2.5,1,200
"nt","model11","tl2.50_gl1.00_pr5.00_c200","gain_loss_trans",1,NA,0,0,2.5,1,200
"nt","model11","tl5.00_gl1.00_pr5.00_c200","tree_length",5,0.4,4,10,5,1,200
"nt","model11","tl5.00_gl1.00_pr5.00_c200","gain_loss_neo",1,NA,0,0,5,1,200
"nt","model11","tl5.00_gl1.00_pr5.00_c200","gain_loss_trans",1,NA,0,0,5,1,200
"nt","model12","tl1.00_gl0.10_pr1.00_c25","tree_length",1,0,0,2,1,0.1,25
"nt","model12","tl1.00_gl0.10_pr1.00_c25","gain_loss_neo",10,NA,0,0,1,0.1,25
"nt","model12","tl1.00_gl0.10_pr1.00_c25","gain_loss_trans",10,NA,0,0,1,0.1,25
"nt","model12","tl1.50_gl0.10_pr1.00_c25","tree_length",1.5,0,0,5,1.5,0.1,25
"nt","model12","tl1.50_gl0.10_pr1.00_c25","gain_loss_neo",10,NA,0,0,1.5,0.1,25
"nt","model12","tl1.50_gl0.10_pr1.00_c25","gain_loss_trans",10,NA,0,0,1.5,0.1,25
"nt","model12","tl2.50_gl0.10_pr1.00_c25","tree_length",2.5,0,0,5,2.5,0.1,25
"nt","model12","tl2.50_gl0.10_pr1.00_c25","gain_loss_neo",10,NA,0,0,2.5,0.1,25
"nt","model12","tl2.50_gl0.10_pr1.00_c25","gain_loss_trans",10,NA,0,0,2.5,0.1,25
"nt","model12","tl5.00_gl0.10_pr1.00_c25","tree_length",5,0,0,4,5,0.1,25
"nt","model12","tl5.00_gl0.10_pr1.00_c25","gain_loss_neo",10,NA,0,0,5,0.1,25
"nt","model12","tl5.00_gl0.10_pr1.00_c25","gain_loss_trans",10,NA,0,0,5,0.1,25
"nt","model12","tl1.00_gl0.25_pr1.00_c25","tree_length",1,0.142857142857143,1,7,1,0.25,25
"nt","model12","tl1.00_gl0.25_pr1.00_c25","gain_loss_neo",4,NA,0,0,1,0.25,25
"nt","model12","tl1.00_gl0.25_pr1.00_c25","gain_loss_trans",4,NA,0,0,1,0.25,25
"nt","model12","tl1.50_gl0.25_pr1.00_c25","tree_length",1.5,0.2,1,5,1.5,0.25,25
"nt","model12","tl1.50_gl0.25_pr1.00_c25","gain_loss_neo",4,NA,0,0,1.5,0.25,25
"nt","model12","tl1.50_gl0.25_pr1.00_c25","gain_loss_trans",4,NA,0,0,1.5,0.25,25
"nt","model12","tl2.50_gl0.25_pr1.00_c25","tree_length",2.5,0,0,6,2.5,0.25,25
"nt","model12","tl2.50_gl0.25_pr1.00_c25","gain_loss_neo",4,NA,0,0,2.5,0.25,25
"nt","model12","tl2.50_gl0.25_pr1.00_c25","gain_loss_trans",4,NA,0,0,2.5,0.25,25
"nt","model12","tl5.00_gl0.25_pr1.00_c25","tree_length",5,0,0,4,5,0.25,25
"nt","model12","tl5.00_gl0.25_pr1.00_c25","gain_loss_neo",4,NA,0,0,5,0.25,25
"nt","model12","tl5.00_gl0.25_pr1.00_c25","gain_loss_trans",4,NA,0,0,5,0.25,25
"nt","model12","tl1.00_gl0.50_pr1.00_c25","tree_length",1,0,0,6,1,0.5,25
"nt","model12","tl1.00_gl0.50_pr1.00_c25","gain_loss_neo",2,NA,0,0,1,0.5,25
"nt","model12","tl1.00_gl0.50_pr1.00_c25","gain_loss_trans",2,NA,0,0,1,0.5,25
"nt","model12","tl1.50_gl0.50_pr1.00_c25","tree_length",1.5,0,0,6,1.5,0.5,25
"nt","model12","tl1.50_gl0.50_pr1.00_c25","gain_loss_neo",2,NA,0,0,1.5,0.5,25
"nt","model12","tl1.50_gl0.50_pr1.00_c25","gain_loss_trans",2,NA,0,0,1.5,0.5,25
"nt","model12","tl2.50_gl0.50_pr1.00_c25","tree_length",2.5,0.142857142857143,1,7,2.5,0.5,25
"nt","model12","tl2.50_gl0.50_pr1.00_c25","gain_loss_neo",2,NA,0,0,2.5,0.5,25
"nt","model12","tl2.50_gl0.50_pr1.00_c25","gain_loss_trans",2,NA,0,0,2.5,0.5,25
"nt","model12","tl5.00_gl0.50_pr1.00_c25","tree_length",5,0,0,1,5,0.5,25
"nt","model12","tl5.00_gl0.50_pr1.00_c25","gain_loss_neo",2,NA,0,0,5,0.5,25
"nt","model12","tl5.00_gl0.50_pr1.00_c25","gain_loss_trans",2,NA,0,0,5,0.5,25
"nt","model12","tl1.00_gl1.00_pr1.00_c25","tree_length",1,0.142857142857143,1,7,1,1,25
"nt","model12","tl1.00_gl1.00_pr1.00_c25","gain_loss_neo",1,NA,0,0,1,1,25
"nt","model12","tl1.00_gl1.00_pr1.00_c25","gain_loss_trans",1,NA,0,0,1,1,25
"nt","model12","tl1.50_gl1.00_pr1.00_c25","tree_length",1.5,0.2,1,5,1.5,1,25
"nt","model12","tl1.50_gl1.00_pr1.00_c25","gain_loss_neo",1,NA,0,0,1.5,1,25
"nt","model12","tl1.50_gl1.00_pr1.00_c25","gain_loss_trans",1,NA,0,0,1.5,1,25
"nt","model12","tl2.50_gl1.00_pr1.00_c25","tree_length",2.5,0,0,4,2.5,1,25
"nt","model12","tl2.50_gl1.00_pr1.00_c25","gain_loss_neo",1,NA,0,0,2.5,1,25
"nt","model12","tl2.50_gl1.00_pr1.00_c25","gain_loss_trans",1,NA,0,0,2.5,1,25
"nt","model12","tl5.00_gl1.00_pr1.00_c25","tree_length",5,0,0,5,5,1,25
"nt","model12","tl5.00_gl1.00_pr1.00_c25","gain_loss_neo",1,NA,0,0,5,1,25
"nt","model12","tl5.00_gl1.00_pr1.00_c25","gain_loss_trans",1,NA,0,0,5,1,25
"nt","model12","tl1.00_gl0.10_pr2.50_c25","tree_length",1,0.125,1,8,1,0.1,25
"nt","model12","tl1.00_gl0.10_pr2.50_c25","gain_loss_neo",10,NA,0,0,1,0.1,25
"nt","model12","tl1.00_gl0.10_pr2.50_c25","gain_loss_trans",10,NA,0,0,1,0.1,25
"nt","model12","tl1.50_gl0.10_pr2.50_c25","tree_length",1.5,0,0,6,1.5,0.1,25
"nt","model12","tl1.50_gl0.10_pr2.50_c25","gain_loss_neo",10,NA,0,0,1.5,0.1,25
"nt","model12","tl1.50_gl0.10_pr2.50_c25","gain_loss_trans",10,NA,0,0,1.5,0.1,25
"nt","model12","tl2.50_gl0.10_pr2.50_c25","tree_length",2.5,0,0,5,2.5,0.1,25
"nt","model12","tl2.50_gl0.10_pr2.50_c25","gain_loss_neo",10,NA,0,0,2.5,0.1,25
"nt","model12","tl2.50_gl0.10_pr2.50_c25","gain_loss_trans",10,NA,0,0,2.5,0.1,25
"nt","model12","tl5.00_gl0.10_pr2.50_c25","tree_length",5,0,0,5,5,0.1,25
"nt","model12","tl5.00_gl0.10_pr2.50_c25","gain_loss_neo",10,NA,0,0,5,0.1,25
"nt","model12","tl5.00_gl0.10_pr2.50_c25","gain_loss_trans",10,NA,0,0,5,0.1,25
"nt","model12","tl1.00_gl0.25_pr2.50_c25","tree_length",1,0.166666666666667,1,6,1,0.25,25
"nt","model12","tl1.00_gl0.25_pr2.50_c25","gain_loss_neo",4,NA,0,0,1,0.25,25
"nt","model12","tl1.00_gl0.25_pr2.50_c25","gain_loss_trans",4,NA,0,0,1,0.25,25
"nt","model12","tl1.50_gl0.25_pr2.50_c25","tree_length",1.5,0,0,6,1.5,0.25,25
"nt","model12","tl1.50_gl0.25_pr2.50_c25","gain_loss_neo",4,NA,0,0,1.5,0.25,25
"nt","model12","tl1.50_gl0.25_pr2.50_c25","gain_loss_trans",4,NA,0,0,1.5,0.25,25
"nt","model12","tl2.50_gl0.25_pr2.50_c25","tree_length",2.5,0,0,4,2.5,0.25,25
"nt","model12","tl2.50_gl0.25_pr2.50_c25","gain_loss_neo",4,NA,0,0,2.5,0.25,25
"nt","model12","tl2.50_gl0.25_pr2.50_c25","gain_loss_trans",4,NA,0,0,2.5,0.25,25
"nt","model12","tl5.00_gl0.25_pr2.50_c25","tree_length",5,0,0,3,5,0.25,25
"nt","model12","tl5.00_gl0.25_pr2.50_c25","gain_loss_neo",4,NA,0,0,5,0.25,25
"nt","model12","tl5.00_gl0.25_pr2.50_c25","gain_loss_trans",4,NA,0,0,5,0.25,25
"nt","model12","tl1.00_gl0.50_pr2.50_c25","tree_length",1,0,0,5,1,0.5,25
"nt","model12","tl1.00_gl0.50_pr2.50_c25","gain_loss_neo",2,NA,0,0,1,0.5,25
"nt","model12","tl1.00_gl0.50_pr2.50_c25","gain_loss_trans",2,NA,0,0,1,0.5,25
"nt","model12","tl1.50_gl0.50_pr2.50_c25","tree_length",1.5,0.2,1,5,1.5,0.5,25
"nt","model12","tl1.50_gl0.50_pr2.50_c25","gain_loss_neo",2,NA,0,0,1.5,0.5,25
"nt","model12","tl1.50_gl0.50_pr2.50_c25","gain_loss_trans",2,NA,0,0,1.5,0.5,25
"nt","model12","tl2.50_gl0.50_pr2.50_c25","tree_length",2.5,0,0,4,2.5,0.5,25
"nt","model12","tl2.50_gl0.50_pr2.50_c25","gain_loss_neo",2,NA,0,0,2.5,0.5,25
"nt","model12","tl2.50_gl0.50_pr2.50_c25","gain_loss_trans",2,NA,0,0,2.5,0.5,25
"nt","model12","tl5.00_gl0.50_pr2.50_c25","tree_length",5,0,0,3,5,0.5,25
"nt","model12","tl5.00_gl0.50_pr2.50_c25","gain_loss_neo",2,NA,0,0,5,0.5,25
"nt","model12","tl5.00_gl0.50_pr2.50_c25","gain_loss_trans",2,NA,0,0,5,0.5,25
"nt","model12","tl1.00_gl1.00_pr2.50_c25","tree_length",1,0.166666666666667,1,6,1,1,25
"nt","model12","tl1.00_gl1.00_pr2.50_c25","gain_loss_neo",1,NA,0,0,1,1,25
"nt","model12","tl1.00_gl1.00_pr2.50_c25","gain_loss_trans",1,NA,0,0,1,1,25
"nt","model12","tl1.50_gl1.00_pr2.50_c25","tree_length",1.5,0.25,1,4,1.5,1,25
"nt","model12","tl1.50_gl1.00_pr2.50_c25","gain_loss_neo",1,NA,0,0,1.5,1,25
"nt","model12","tl1.50_gl1.00_pr2.50_c25","gain_loss_trans",1,NA,0,0,1.5,1,25
"nt","model12","tl2.50_gl1.00_pr2.50_c25","tree_length",2.5,0,0,6,2.5,1,25
"nt","model12","tl2.50_gl1.00_pr2.50_c25","gain_loss_neo",1,NA,0,0,2.5,1,25
"nt","model12","tl2.50_gl1.00_pr2.50_c25","gain_loss_trans",1,NA,0,0,2.5,1,25
"nt","model12","tl5.00_gl1.00_pr2.50_c25","tree_length",5,0,0,4,5,1,25
"nt","model12","tl5.00_gl1.00_pr2.50_c25","gain_loss_neo",1,NA,0,0,5,1,25
"nt","model12","tl5.00_gl1.00_pr2.50_c25","gain_loss_trans",1,NA,0,0,5,1,25
"nt","model12","tl1.00_gl0.10_pr5.00_c25","tree_length",1,0.166666666666667,1,6,1,0.1,25
"nt","model12","tl1.00_gl0.10_pr5.00_c25","gain_loss_neo",10,NA,0,0,1,0.1,25
"nt","model12","tl1.00_gl0.10_pr5.00_c25","gain_loss_trans",10,NA,0,0,1,0.1,25
"nt","model12","tl1.50_gl0.10_pr5.00_c25","tree_length",1.5,0.166666666666667,1,6,1.5,0.1,25
"nt","model12","tl1.50_gl0.10_pr5.00_c25","gain_loss_neo",10,NA,0,0,1.5,0.1,25
"nt","model12","tl1.50_gl0.10_pr5.00_c25","gain_loss_trans",10,NA,0,0,1.5,0.1,25
"nt","model12","tl2.50_gl0.10_pr5.00_c25","tree_length",2.5,0,0,6,2.5,0.1,25
"nt","model12","tl2.50_gl0.10_pr5.00_c25","gain_loss_neo",10,NA,0,0,2.5,0.1,25
"nt","model12","tl2.50_gl0.10_pr5.00_c25","gain_loss_trans",10,NA,0,0,2.5,0.1,25
"nt","model12","tl5.00_gl0.10_pr5.00_c25","tree_length",5,0,0,3,5,0.1,25
"nt","model12","tl5.00_gl0.10_pr5.00_c25","gain_loss_neo",10,NA,0,0,5,0.1,25
"nt","model12","tl5.00_gl0.10_pr5.00_c25","gain_loss_trans",10,NA,0,0,5,0.1,25
"nt","model12","tl1.00_gl0.25_pr5.00_c25","tree_length",1,0.166666666666667,1,6,1,0.25,25
"nt","model12","tl1.00_gl0.25_pr5.00_c25","gain_loss_neo",4,NA,0,0,1,0.25,25
"nt","model12","tl1.00_gl0.25_pr5.00_c25","gain_loss_trans",4,NA,0,0,1,0.25,25
"nt","model12","tl1.50_gl0.25_pr5.00_c25","tree_length",1.5,0.166666666666667,1,6,1.5,0.25,25
"nt","model12","tl1.50_gl0.25_pr5.00_c25","gain_loss_neo",4,NA,0,0,1.5,0.25,25
"nt","model12","tl1.50_gl0.25_pr5.00_c25","gain_loss_trans",4,NA,0,0,1.5,0.25,25
"nt","model12","tl2.50_gl0.25_pr5.00_c25","tree_length",2.5,0,0,3,2.5,0.25,25
"nt","model12","tl2.50_gl0.25_pr5.00_c25","gain_loss_neo",4,NA,0,0,2.5,0.25,25
"nt","model12","tl2.50_gl0.25_pr5.00_c25","gain_loss_trans",4,NA,0,0,2.5,0.25,25
"nt","model12","tl5.00_gl0.25_pr5.00_c25","tree_length",5,0,0,4,5,0.25,25
"nt","model12","tl5.00_gl0.25_pr5.00_c25","gain_loss_neo",4,NA,0,0,5,0.25,25
"nt","model12","tl5.00_gl0.25_pr5.00_c25","gain_loss_trans",4,NA,0,0,5,0.25,25
"nt","model12","tl1.00_gl0.50_pr5.00_c25","tree_length",1,0,0,5,1,0.5,25
"nt","model12","tl1.00_gl0.50_pr5.00_c25","gain_loss_neo",2,NA,0,0,1,0.5,25
"nt","model12","tl1.00_gl0.50_pr5.00_c25","gain_loss_trans",2,NA,0,0,1,0.5,25
"nt","model12","tl1.50_gl0.50_pr5.00_c25","tree_length",1.5,0.166666666666667,1,6,1.5,0.5,25
"nt","model12","tl1.50_gl0.50_pr5.00_c25","gain_loss_neo",2,NA,0,0,1.5,0.5,25
"nt","model12","tl1.50_gl0.50_pr5.00_c25","gain_loss_trans",2,NA,0,0,1.5,0.5,25
"nt","model12","tl2.50_gl0.50_pr5.00_c25","tree_length",2.5,0,0,5,2.5,0.5,25
"nt","model12","tl2.50_gl0.50_pr5.00_c25","gain_loss_neo",2,NA,0,0,2.5,0.5,25
"nt","model12","tl2.50_gl0.50_pr5.00_c25","gain_loss_trans",2,NA,0,0,2.5,0.5,25
"nt","model12","tl5.00_gl0.50_pr5.00_c25","tree_length",5,0,0,3,5,0.5,25
"nt","model12","tl5.00_gl0.50_pr5.00_c25","gain_loss_neo",2,NA,0,0,5,0.5,25
"nt","model12","tl5.00_gl0.50_pr5.00_c25","gain_loss_trans",2,NA,0,0,5,0.5,25
"nt","model12","tl1.00_gl1.00_pr5.00_c25","tree_length",1,0.25,2,8,1,1,25
"nt","model12","tl1.00_gl1.00_pr5.00_c25","gain_loss_neo",1,NA,0,0,1,1,25
"nt","model12","tl1.00_gl1.00_pr5.00_c25","gain_loss_trans",1,NA,0,0,1,1,25
"nt","model12","tl1.50_gl1.00_pr5.00_c25","tree_length",1.5,0,0,5,1.5,1,25
"nt","model12","tl1.50_gl1.00_pr5.00_c25","gain_loss_neo",1,NA,0,0,1.5,1,25
"nt","model12","tl1.50_gl1.00_pr5.00_c25","gain_loss_trans",1,NA,0,0,1.5,1,25
"nt","model12","tl2.50_gl1.00_pr5.00_c25","tree_length",2.5,0,0,6,2.5,1,25
"nt","model12","tl2.50_gl1.00_pr5.00_c25","gain_loss_neo",1,NA,0,0,2.5,1,25
"nt","model12","tl2.50_gl1.00_pr5.00_c25","gain_loss_trans",1,NA,0,0,2.5,1,25
"nt","model12","tl5.00_gl1.00_pr5.00_c25","tree_length",5,0,0,2,5,1,25
"nt","model12","tl5.00_gl1.00_pr5.00_c25","gain_loss_neo",1,NA,0,0,5,1,25
"nt","model12","tl5.00_gl1.00_pr5.00_c25","gain_loss_trans",1,NA,0,0,5,1,25
"nt","model12","tl1.00_gl0.10_pr1.00_c50","tree_length",1,0,0,3,1,0.1,50
"nt","model12","tl1.00_gl0.10_pr1.00_c50","gain_loss_neo",10,NA,0,0,1,0.1,50
"nt","model12","tl1.00_gl0.10_pr1.00_c50","gain_loss_trans",10,NA,0,0,1,0.1,50
"nt","model12","tl1.50_gl0.10_pr1.00_c50","tree_length",1.5,0,0,1,1.5,0.1,50
"nt","model12","tl1.50_gl0.10_pr1.00_c50","gain_loss_neo",10,NA,0,0,1.5,0.1,50
"nt","model12","tl1.50_gl0.10_pr1.00_c50","gain_loss_trans",10,NA,0,0,1.5,0.1,50
"nt","model12","tl2.50_gl0.10_pr1.00_c50","tree_length",2.5,0,0,1,2.5,0.1,50
"nt","model12","tl2.50_gl0.10_pr1.00_c50","gain_loss_neo",10,NA,0,0,2.5,0.1,50
"nt","model12","tl2.50_gl0.10_pr1.00_c50","gain_loss_trans",10,NA,0,0,2.5,0.1,50
"nt","model12","tl1.00_gl0.25_pr1.00_c50","tree_length",1,0,0,5,1,0.25,50
"nt","model12","tl1.00_gl0.25_pr1.00_c50","gain_loss_neo",4,NA,0,0,1,0.25,50
"nt","model12","tl1.00_gl0.25_pr1.00_c50","gain_loss_trans",4,NA,0,0,1,0.25,50
"nt","model12","tl1.50_gl0.25_pr1.00_c50","tree_length",1.5,0,0,2,1.5,0.25,50
"nt","model12","tl1.50_gl0.25_pr1.00_c50","gain_loss_neo",4,NA,0,0,1.5,0.25,50
"nt","model12","tl1.50_gl0.25_pr1.00_c50","gain_loss_trans",4,NA,0,0,1.5,0.25,50
"nt","model12","tl2.50_gl0.25_pr1.00_c50","tree_length",2.5,0,0,1,2.5,0.25,50
"nt","model12","tl2.50_gl0.25_pr1.00_c50","gain_loss_neo",4,NA,0,0,2.5,0.25,50
"nt","model12","tl2.50_gl0.25_pr1.00_c50","gain_loss_trans",4,NA,0,0,2.5,0.25,50
"nt","model12","tl1.00_gl0.50_pr1.00_c50","tree_length",1,0.25,1,4,1,0.5,50
"nt","model12","tl1.00_gl0.50_pr1.00_c50","gain_loss_neo",2,NA,0,0,1,0.5,50
"nt","model12","tl1.00_gl0.50_pr1.00_c50","gain_loss_trans",2,NA,0,0,1,0.5,50
"nt","model12","tl1.50_gl0.50_pr1.00_c50","tree_length",1.5,0,0,3,1.5,0.5,50
"nt","model12","tl1.50_gl0.50_pr1.00_c50","gain_loss_neo",2,NA,0,0,1.5,0.5,50
"nt","model12","tl1.50_gl0.50_pr1.00_c50","gain_loss_trans",2,NA,0,0,1.5,0.5,50
"nt","model12","tl2.50_gl0.50_pr1.00_c50","tree_length",2.5,0,0,2,2.5,0.5,50
"nt","model12","tl2.50_gl0.50_pr1.00_c50","gain_loss_neo",2,NA,0,0,2.5,0.5,50
"nt","model12","tl2.50_gl0.50_pr1.00_c50","gain_loss_trans",2,NA,0,0,2.5,0.5,50
"nt","model12","tl1.00_gl1.00_pr1.00_c50","tree_length",1,0,0,1,1,1,50
"nt","model12","tl1.00_gl1.00_pr1.00_c50","gain_loss_neo",1,NA,0,0,1,1,50
"nt","model12","tl1.00_gl1.00_pr1.00_c50","gain_loss_trans",1,NA,0,0,1,1,50
"nt","model12","tl1.50_gl1.00_pr1.00_c50","tree_length",1.5,0,0,2,1.5,1,50
"nt","model12","tl1.50_gl1.00_pr1.00_c50","gain_loss_neo",1,NA,0,0,1.5,1,50
"nt","model12","tl1.50_gl1.00_pr1.00_c50","gain_loss_trans",1,NA,0,0,1.5,1,50
"nt","model12","tl2.50_gl1.00_pr1.00_c50","tree_length",2.5,0,0,4,2.5,1,50
"nt","model12","tl2.50_gl1.00_pr1.00_c50","gain_loss_neo",1,NA,0,0,2.5,1,50
"nt","model12","tl2.50_gl1.00_pr1.00_c50","gain_loss_trans",1,NA,0,0,2.5,1,50
"nt","model12","tl1.00_gl0.10_pr2.50_c50","tree_length",1,0,0,4,1,0.1,50
"nt","model12","tl1.00_gl0.10_pr2.50_c50","gain_loss_neo",10,NA,0,0,1,0.1,50
"nt","model12","tl1.00_gl0.10_pr2.50_c50","gain_loss_trans",10,NA,0,0,1,0.1,50
"nt","model12","tl1.50_gl0.10_pr2.50_c50","tree_length",1.5,0,0,4,1.5,0.1,50
"nt","model12","tl1.50_gl0.10_pr2.50_c50","gain_loss_neo",10,NA,0,0,1.5,0.1,50
"nt","model12","tl1.50_gl0.10_pr2.50_c50","gain_loss_trans",10,NA,0,0,1.5,0.1,50
"nt","model12","tl1.00_gl0.25_pr2.50_c50","tree_length",1,0,0,2,1,0.25,50
"nt","model12","tl1.00_gl0.25_pr2.50_c50","gain_loss_neo",4,NA,0,0,1,0.25,50
"nt","model12","tl1.00_gl0.25_pr2.50_c50","gain_loss_trans",4,NA,0,0,1,0.25,50
"nt","model12","tl1.50_gl0.25_pr2.50_c50","tree_length",1.5,0,0,2,1.5,0.25,50
"nt","model12","tl1.50_gl0.25_pr2.50_c50","gain_loss_neo",4,NA,0,0,1.5,0.25,50
"nt","model12","tl1.50_gl0.25_pr2.50_c50","gain_loss_trans",4,NA,0,0,1.5,0.25,50
"nt","model12","tl2.50_gl0.25_pr2.50_c50","tree_length",2.5,0,0,1,2.5,0.25,50
"nt","model12","tl2.50_gl0.25_pr2.50_c50","gain_loss_neo",4,NA,0,0,2.5,0.25,50
"nt","model12","tl2.50_gl0.25_pr2.50_c50","gain_loss_trans",4,NA,0,0,2.5,0.25,50
"nt","model12","tl1.00_gl0.50_pr2.50_c50","tree_length",1,0,0,3,1,0.5,50
"nt","model12","tl1.00_gl0.50_pr2.50_c50","gain_loss_neo",2,NA,0,0,1,0.5,50
"nt","model12","tl1.00_gl0.50_pr2.50_c50","gain_loss_trans",2,NA,0,0,1,0.5,50
"nt","model12","tl1.50_gl0.50_pr2.50_c50","tree_length",1.5,0,0,1,1.5,0.5,50
"nt","model12","tl1.50_gl0.50_pr2.50_c50","gain_loss_neo",2,NA,0,0,1.5,0.5,50
"nt","model12","tl1.50_gl0.50_pr2.50_c50","gain_loss_trans",2,NA,0,0,1.5,0.5,50
"nt","model12","tl2.50_gl0.50_pr2.50_c50","tree_length",2.5,0,0,1,2.5,0.5,50
"nt","model12","tl2.50_gl0.50_pr2.50_c50","gain_loss_neo",2,NA,0,0,2.5,0.5,50
"nt","model12","tl2.50_gl0.50_pr2.50_c50","gain_loss_trans",2,NA,0,0,2.5,0.5,50
"nt","model12","tl1.00_gl1.00_pr2.50_c50","tree_length",1,0,0,2,1,1,50
"nt","model12","tl1.00_gl1.00_pr2.50_c50","gain_loss_neo",1,NA,0,0,1,1,50
"nt","model12","tl1.00_gl1.00_pr2.50_c50","gain_loss_trans",1,NA,0,0,1,1,50
"nt","model12","tl1.50_gl1.00_pr2.50_c50","tree_length",1.5,0,0,4,1.5,1,50
"nt","model12","tl1.50_gl1.00_pr2.50_c50","gain_loss_neo",1,NA,0,0,1.5,1,50
"nt","model12","tl1.50_gl1.00_pr2.50_c50","gain_loss_trans",1,NA,0,0,1.5,1,50
"nt","model12","tl2.50_gl1.00_pr2.50_c50","tree_length",2.5,0,0,1,2.5,1,50
"nt","model12","tl2.50_gl1.00_pr2.50_c50","gain_loss_neo",1,NA,0,0,2.5,1,50
"nt","model12","tl2.50_gl1.00_pr2.50_c50","gain_loss_trans",1,NA,0,0,2.5,1,50
"nt","model12","tl1.00_gl0.10_pr5.00_c50","tree_length",1,0,0,3,1,0.1,50
"nt","model12","tl1.00_gl0.10_pr5.00_c50","gain_loss_neo",10,NA,0,0,1,0.1,50
"nt","model12","tl1.00_gl0.10_pr5.00_c50","gain_loss_trans",10,NA,0,0,1,0.1,50
"nt","model12","tl1.50_gl0.10_pr5.00_c50","tree_length",1.5,0,0,1,1.5,0.1,50
"nt","model12","tl1.50_gl0.10_pr5.00_c50","gain_loss_neo",10,NA,0,0,1.5,0.1,50
"nt","model12","tl1.50_gl0.10_pr5.00_c50","gain_loss_trans",10,NA,0,0,1.5,0.1,50
"nt","model12","tl2.50_gl0.10_pr5.00_c50","tree_length",2.5,0,0,2,2.5,0.1,50
"nt","model12","tl2.50_gl0.10_pr5.00_c50","gain_loss_neo",10,NA,0,0,2.5,0.1,50
"nt","model12","tl2.50_gl0.10_pr5.00_c50","gain_loss_trans",10,NA,0,0,2.5,0.1,50
"nt","model12","tl1.00_gl0.25_pr5.00_c50","tree_length",1,0,0,1,1,0.25,50
"nt","model12","tl1.00_gl0.25_pr5.00_c50","gain_loss_neo",4,NA,0,0,1,0.25,50
"nt","model12","tl1.00_gl0.25_pr5.00_c50","gain_loss_trans",4,NA,0,0,1,0.25,50
"nt","model12","tl1.50_gl0.25_pr5.00_c50","tree_length",1.5,0,0,1,1.5,0.25,50
"nt","model12","tl1.50_gl0.25_pr5.00_c50","gain_loss_neo",4,NA,0,0,1.5,0.25,50
"nt","model12","tl1.50_gl0.25_pr5.00_c50","gain_loss_trans",4,NA,0,0,1.5,0.25,50
"nt","model12","tl2.50_gl0.25_pr5.00_c50","tree_length",2.5,0,0,1,2.5,0.25,50
"nt","model12","tl2.50_gl0.25_pr5.00_c50","gain_loss_neo",4,NA,0,0,2.5,0.25,50
"nt","model12","tl2.50_gl0.25_pr5.00_c50","gain_loss_trans",4,NA,0,0,2.5,0.25,50
"nt","model12","tl1.00_gl0.50_pr5.00_c50","tree_length",1,0,0,3,1,0.5,50
"nt","model12","tl1.00_gl0.50_pr5.00_c50","gain_loss_neo",2,NA,0,0,1,0.5,50
"nt","model12","tl1.00_gl0.50_pr5.00_c50","gain_loss_trans",2,NA,0,0,1,0.5,50
"nt","model12","tl2.50_gl0.50_pr5.00_c50","tree_length",2.5,0,0,1,2.5,0.5,50
"nt","model12","tl2.50_gl0.50_pr5.00_c50","gain_loss_neo",2,NA,0,0,2.5,0.5,50
"nt","model12","tl2.50_gl0.50_pr5.00_c50","gain_loss_trans",2,NA,0,0,2.5,0.5,50
"nt","model12","tl1.00_gl1.00_pr5.00_c50","tree_length",1,0.333333333333333,1,3,1,1,50
"nt","model12","tl1.00_gl1.00_pr5.00_c50","gain_loss_neo",1,NA,0,0,1,1,50
"nt","model12","tl1.00_gl1.00_pr5.00_c50","gain_loss_trans",1,NA,0,0,1,1,50
"nt","model12","tl1.50_gl1.00_pr5.00_c50","tree_length",1.5,0,0,2,1.5,1,50
"nt","model12","tl1.50_gl1.00_pr5.00_c50","gain_loss_neo",1,NA,0,0,1.5,1,50
"nt","model12","tl1.50_gl1.00_pr5.00_c50","gain_loss_trans",1,NA,0,0,1.5,1,50
