Iteration	Posterior	Likelihood	Prior	alpha	gain_loss_neo	part_rate_trans	tree_length
0	-447.6758	-617.8865	170.2107	0.3826345	1.027128	0.5974393	1.924595
6	-451.8472	-622.1103	170.263	0.3081965	1.373685	0.8995308	1.48432
12	-429.9801	-598.9976	169.0175	0.5112896	1.309418	0.7319281	2.350099
18	-433.329	-602.2452	168.9161	0.635652	1.260003	0.780477	2.335183
24	-438.2358	-608.1709	169.9351	0.4462426	1.366597	0.7529506	1.733567
30	-437.0923	-607.2276	170.1353	0.4456767	1.39722	0.9739485	1.402728
36	-435.9021	-605.8194	169.9173	0.2040482	1.575056	1.546909	1.173147
42	-431.5783	-601.7683	170.19	0.1779838	1.819887	1.079725	1.173147
48	-437.1771	-607.9112	170.7341	0.1219572	1.103465	1.249039	1.188171
54	-440.8792	-610.4732	169.594	0.8334803	0.6518445	0.9246921	2.059526
60	-447.9195	-615.92	168.0005	1.567406	1.029477	1.019028	2.318422
66	-448.5983	-615.7178	167.1195	1.879685	1.029477	1.00084	2.685325
72	-447.5647	-616.7455	169.1808	0.6819348	1.480198	1.185524	1.718118
78	-449.9115	-619.6682	169.7568	0.4804359	1.128575	1.086715	1.763817
84	-455.9887	-626.6387	170.65	0.1997555	0.7481451	1.194928	1.515863
90	-451.0543	-621.266	170.2117	0.1575321	1.209158	0.995171	1.679155
96	-446.708	-617.421	170.713	0.148004	0.8741513	0.8554372	1.665819
102	-435.3185	-606.2212	170.9027	0.117235	1.03841	0.9187642	1.37791
108	-436.6177	-607.432	170.8143	0.2042237	0.7904766	1.166057	1.37791
114	-446.4055	-617.0723	170.6668	0.1325119	1.209296	1.009393	1.346568
120	-439.7025	-610.3672	170.6646	0.1325119	1.149241	1.070855	1.346568
126	-421.4286	-592.5553	171.1267	0.2876455	0.7639491	1.026259	1.188857
132	-435.21	-604.7689	169.5589	1.163626	0.6637845	0.8955159	1.874132
138	-436.5656	-605.2074	168.6417	0.8591032	0.6555198	1.099115	2.538567
144	-439.3028	-607.629	168.3262	1.391395	1.039187	1.040356	2.202381
150	-447.1776	-612.496	165.3184	4.25358	0.9053175	1.348126	2.183962
156	-432.0177	-597.2277	165.21	2.946733	2.005163	1.731118	2.183962
162	-431.5755	-599.8086	168.2332	0.9643402	2.005163	0.9511528	2.012722
168	-426.4262	-593.0335	166.6072	2.788321	0.837166	0.8171024	2.672274
174	-438.1896	-603.4405	165.2509	3.124695	1.12255	1.114691	2.938922
180	-441.1046	-607.0043	165.8997	3.422004	0.975357	0.9943783	2.523228
186	-439.0812	-600.4596	161.3784	6.560355	1.854346	0.9917968	2.862686
192	-434.267	-601.2522	166.9852	2.679445	0.8789675	0.8572024	2.454567
198	-439.7813	-607.6413	167.86	1.503664	0.8951789	0.8753561	2.620667
204	-434.027	-600.2044	166.1773	2.885793	1.742257	1.038099	2.193709
210	-440.6804	-606.548	165.8676	2.907413	1.348528	1.445109	2.351886
216	-437.9195	-604.7237	166.8042	2.346154	0.9863698	1.42707	2.351886
222	-438.1081	-605.5484	167.4403	2.57869	0.8475723	1.275832	1.974857
228	-436.267	-602.0964	165.8294	3.454247	0.908431	0.849426	2.677871
234	-433.8703	-600.6102	166.74	2.96297	0.9376207	0.9442983	2.338473
240	-436.7853	-601.9806	165.1953	4.348298	0.6969041	1.486167	2.243183
246	-445.9953	-610.289	164.2937	4.555014	1.759798	1.45739	2.049451
252	-440.4364	-607.8258	167.3894	1.948543	1.128786	1.564629	2.049451
258	-440.3956	-608.1209	167.7252	2.433311	0.7086285	1.35171	1.919674
264	-437.7217	-605.7552	168.0334	1.572454	1.13726	1.482392	1.919674
270	-444.9981	-612.5175	167.5194	2.188688	1.155646	1.473252	1.843896
276	-435.1983	-603.4357	168.2373	1.19457	1.178819	1.156917	2.221916
282	-450.3009	-616.7652	166.4643	2.352794	1.003716	1.268355	2.648586
288	-460.6233	-629.523	168.8998	0.5072838	1.509178	0.8775433	2.212906
294	-454.591	-623.2679	168.6769	0.7727464	1.506162	0.9185428	2.160507
300	-440.3106	-607.3911	167.0804	2.500713	1.464498	0.9704997	2.066015
306	-440.4836	-605.3712	164.8876	5.212427	0.709948	1.189806	2.066015
312	-442.5807	-608.1602	165.5795	3.817364	0.752726	0.8590412	2.695928
318	-444.4219	-611.2842	166.8623	2.087247	1.171623	0.7314212	2.793925
324	-451.2264	-618.7307	167.5043	0.9845602	1.243878	0.9524378	2.8962
330	-446.9754	-610.7558	163.7804	4.431446	0.9062049	0.9511281	3.262826
336	-444.717	-613.339	168.622	0.8792666	0.9062049	0.5994576	2.699073
342	-443.8306	-610.4313	166.6007	2.808167	1.374939	0.9687988	2.234856
348	-446.7213	-616.0112	169.2899	1.106621	0.712369	1.158436	1.887029
354	-445.9813	-615.494	169.5126	0.7277003	1.085132	0.9986642	1.852394
360	-442.6896	-612.0861	169.3965	0.7520854	1.147615	1.123643	1.786636
366	-434.5756	-601.79	167.2143	2.640222	0.5867503	1.146699	2.322347
372	-420.8339	-587.721	166.8871	2.777186	0.7027651	1.253145	2.311697
378	-423.0026	-590.9939	167.9913	1.976036	0.8578851	1.403345	1.916983
384	-432.7885	-596.7679	163.9794	5.320969	0.7512443	1.23596	2.523339
390	-435.1796	-604.5359	169.3563	1.025039	0.9039811	0.9502545	1.912516
396	-449.2876	-619.241	169.9534	0.405889	1.170457	1.008871	1.703531
402	-433.9132	-604.4155	170.5022	0.0942688	1.328083	0.8788498	1.513815
408	-432.7335	-602.2396	169.5061	0.06018872	0.794541	1.402074	2.223218
414	-437.8687	-606.9	169.0313	0.05370886	1.095525	1.413313	2.332884
420	-439.1781	-607.9382	168.7601	0.05035452	0.8930631	1.072771	2.839768
426	-438.6534	-608.2325	169.5791	0.05907473	1.308852	1.062443	2.06599
432	-445.7904	-613.967	168.1766	0.05834281	2.454065	1.470262	2.06599
438	-460.3748	-628.6452	168.2705	0.04838213	1.613748	1.399968	2.510452
444	-448.5902	-617.8309	169.2407	0.04838213	0.6939978	1.81282	2.198373
450	-451.9324	-621.0752	169.1428	0.04816536	0.9000341	1.61581	2.260452
456	-458.7914	-626.9474	168.156	0.04816536	1.367171	1.170441	2.864183
462	-452.9264	-620.7555	167.8291	0.04816536	1.421279	1.445691	2.864183
468	-451.3997	-619.264	167.8643	0.05067739	0.9531356	1.262066	3.226833
474	-456.7966	-625.8564	169.0598	0.05646288	0.9105671	0.8325902	2.789305
480	-432.5245	-601.0892	168.5647	0.05646288	1.223102	1.004477	2.796773
486	-435.0845	-604.2691	169.1846	0.05646288	0.9237969	1.145669	2.511237
492	-421.9313	-590.7881	168.8568	0.05646288	1.52729	1.09401	2.379399
498	-430.7342	-600.2084	169.4742	0.05579301	0.9853655	0.9686317	2.402388
504	-430.8147	-600.2363	169.4216	0.06232872	1.352796	0.9660557	2.201949
510	-436.5756	-605.8046	169.229	0.06232872	1.002814	1.174551	2.41207
516	-437.3849	-607.0935	169.7085	0.06232872	0.5698092	1.102107	2.41207
522	-439.674	-609.219	169.545	0.06232872	0.7558252	1.102107	2.41207
528	-444.5257	-614.571	170.0453	0.1118691	0.8841799	0.7071083	2.233611
534	-446.2973	-616.7142	170.4168	0.1397026	0.982255	0.895826	1.776062
540	-437.8264	-608.5069	170.6805	0.1646302	0.982255	0.6590874	1.739833
546	-432.0887	-603.3656	171.2769	0.1055082	0.5079876	0.9358111	1.460385
552	-437.9198	-608.7885	170.8688	0.1021812	0.7128868	0.8191081	1.724054
558	-424.236	-594.8186	170.5826	0.1582324	0.9580814	0.7720361	1.75072
564	-429.5279	-600.8637	171.3359	0.1618258	0.5511775	0.796272	1.456249
570	-445.3859	-617.179	171.7931	0.1957448	0.4410927	0.7606497	1.137682
576	-441.5772	-611.8789	170.3016	0.1957448	1.03847	0.5678065	2.001229
582	-433.9848	-604.6842	170.6994	0.1344633	1.2848	0.8171703	1.41223
588	-450.1732	-620.9069	170.7337	0.1321383	0.9464211	0.6760552	1.738524
594	-452.5561	-622.9492	170.3931	0.09207457	0.8561441	0.7316032	2.021255
600	-449.7139	-619.8931	170.1792	0.09411096	1.337702	0.5612653	1.958251
606	-446.0501	-616.9117	170.8616	0.1359851	0.7442971	0.9912087	1.559946
612	-439.4963	-610.5795	171.0832	0.1359851	0.5715566	0.7835176	1.659563
618	-443.3647	-614.5161	171.1513	0.136218	0.5629831	1.033876	1.428508
624	-434.6338	-601.3407	166.7069	2.300094	1.260948	1.103253	2.474752
630	-444.1639	-614.6021	170.4382	0.1189377	1.341216	0.9204515	1.502659
636	-444.9765	-615.7742	170.7977	0.1661814	1.050779	0.9177139	1.412748
642	-449.5429	-620.4178	170.8749	0.1283754	0.8490934	1.192047	1.323931
648	-449.3305	-620.2974	170.9669	0.1290987	0.8479773	1.195932	1.245749
654	-433.2957	-602.9974	169.7017	0.09836452	1.879143	1.195932	1.494023
660	-431.1431	-602.0915	170.9483	0.1179409	0.8322349	1.006842	1.432819
666	-447.2677	-618.2028	170.9351	0.2652445	0.982925	0.9206518	1.276158
672	-444.4849	-614.965	170.4801	0.1244193	0.963466	1.122608	1.593972
678	-442.9903	-613.6419	170.6515	0.1752995	0.9264917	0.8836866	1.632769
684	-440.6931	-611.1398	170.4467	0.1406266	0.892459	0.6580426	1.978217
690	-439.4024	-610.4205	171.0181	0.1583544	0.4795638	1.056753	1.536836
696	-446.9147	-617.9579	171.0432	0.1018789	0.4861909	1.084457	1.536836
702	-443.4515	-614.6609	171.2094	0.1309275	0.5442266	1.168399	1.291329
708	-444.4275	-615.4586	171.0311	0.1309275	0.4813066	1.013868	1.578337
714	-443.8577	-614.9927	171.135	0.1560951	0.651769	1.013868	1.384629
720	-450.4262	-621.2264	170.8001	0.1704714	0.6503681	0.8722234	1.726718
726	-444.1472	-614.5832	170.436	0.1648178	1.142896	0.9778265	1.571703
732	-443.2169	-613.6809	170.464	0.1189476	1.291478	0.860785	1.563544
738	-454.095	-624.7609	170.6659	0.1024468	1.02793	0.9359727	1.563544
744	-452.2953	-621.591	169.2957	0.7655159	0.9089742	0.7487042	2.252751
750	-457.0819	-627.656	170.5741	0.1284906	0.4659832	0.7893687	2.056784
756	-442.332	-612.5269	170.1948	0.2109826	1.190147	1.006213	1.658514
762	-454.3611	-625.0857	170.7246	0.1561695	1.190147	1.093893	1.226179
768	-449.4473	-620.2157	170.7684	0.1566224	1.201549	0.959895	1.291339
774	-435.1732	-605.8983	170.7251	0.1199212	1.151003	1.24712	1.158321
780	-441.5586	-612.6349	171.0763	0.1099519	0.7510851	1.191041	1.2529
786	-453.1782	-623.6317	170.4536	0.2638218	0.5871131	1.294412	1.644309
792	-447.2117	-616.2451	169.0334	0.912477	1.257656	1.117815	1.855693
798	-446.5257	-612.1874	165.6617	3.406056	0.6353826	1.121611	2.802018
804	-439.648	-606.4893	166.8413	2.352671	0.8135383	1.59189	2.328354
810	-446.0005	-611.8381	165.8376	3.605421	0.8548566	2.507216	1.509083
816	-442.2039	-608.8828	166.6788	3.171294	0.8548566	1.458116	1.961047
822	-433.7952	-601.5224	167.7273	1.761891	0.8956548	0.9359347	2.504794
828	-448.6696	-614.4865	165.8169	2.333214	1.262442	0.7769589	3.193
834	-434.4414	-603.6529	169.2116	1.035772	0.784652	0.872487	2.131151
840	-436.1815	-604.6449	168.4634	1.910873	0.6681521	1.31707	1.821216
846	-445.4084	-613.909	168.5005	1.157792	0.982844	0.8000294	2.429383
852	-452.1198	-619.2528	167.133	1.873113	1.343204	1.347986	2.269626
858	-453.2842	-619.7576	166.4733	3.09673	0.6988911	1.416723	2.269626
864	-440.4211	-604.5136	164.0925	5.692924	0.6749744	1.083355	2.358771
870	-450.3508	-619.9515	169.6007	0.7553486	0.9624106	1.091977	1.79283
876	-432.3799	-603.8324	171.4525	0.1449177	0.6349662	0.8223759	1.3048
882	-438.099	-608.7015	170.6025	0.1060688	0.8333872	0.9116722	1.762109
888	-438.9034	-609.7677	170.8643	0.1960868	1.280741	0.965129	1.10376
894	-431.9739	-603.2077	171.2338	0.1696782	0.7990902	0.987098	1.202786
900	-431.5727	-602.2521	170.6795	0.1674609	1.022997	1.34322	1.184085
906	-431.6968	-602.2823	170.5856	0.1432109	1.022997	1.460941	1.184458
912	-433.0654	-603.2738	170.2084	0.08588666	1.026535	1.501251	1.496825
918	-436.7805	-606.8572	170.0767	0.07840878	0.9353546	1.418367	1.724074
924	-435.3928	-605.6755	170.2827	0.08215645	1.117796	1.171718	1.620455
930	-442.9947	-613.9408	170.946	0.1070798	0.5586551	1.115025	1.546437
936	-445.4192	-616.7141	171.2948	0.1099634	0.5171092	1.191846	1.233995
942	-430.0375	-600.7989	170.7615	0.09037486	0.6428374	1.089655	1.661352
948	-428.3651	-599.0687	170.7037	0.09037486	0.9322727	1.089655	1.501335
954	-426.5182	-597.0582	170.54	0.2132757	1.115651	0.7573	1.640756
960	-434.5416	-604.7538	170.2122	0.1124374	1.075185	1.02251	1.784622
966	-442.4147	-613.3647	170.95	0.06641365	0.6658871	1.02251	1.576169
972	-440.8295	-610.6549	169.8254	0.06641365	0.6323722	1.249006	2.208586
978	-432.9597	-603.0595	170.0998	0.06641365	0.989742	1.378729	1.705854
984	-443.3104	-613.4641	170.1537	0.07414867	0.9096244	1.230947	1.82179
990	-433.8952	-604.485	170.5898	0.08621037	0.6549222	1.365815	1.58116
996	-433.753	-603.9751	170.2221	0.08946803	1.274145	1.054428	1.632408
1002	-439.912	-611.1837	171.2717	0.09408213	0.4846044	1.095209	1.36071
1008	-453.1886	-624.3439	171.1553	0.1175272	0.6677093	1.153165	1.276326
1014	-444.3938	-615.2131	170.8193	0.1605728	1.153005	0.971333	1.276326
1020	-434.9209	-605.543	170.6221	0.1203323	1.314105	1.12644	1.213063
1026	-442.9036	-613.1949	170.2914	0.08499118	1.20329	1.376932	1.394828
1032	-445.4198	-614.9818	169.562	0.08499118	2.188397	1.317416	1.316579
1038	-445.564	-616.525	170.961	0.2795157	0.936479	0.7660879	1.404426
1044	-453.3846	-624.2639	170.8793	0.08960382	0.6194321	1.419767	1.340509
1050	-454.9681	-625.4764	170.5083	0.08576176	1.176739	1.193707	1.388344
1056	-439.7949	-610.71	170.9152	0.09392508	0.7558529	1.193707	1.389685
1062	-433.0298	-603.7941	170.7644	0.1022863	0.6908233	1.282341	1.477614
1068	-438.7244	-609.5345	170.8101	0.1053443	1.005701	1.000933	1.420717
1074	-447.1243	-617.5991	170.4748	0.09922099	1.005701	0.8185268	1.801306
1080	-442.5071	-612.4226	169.9155	0.07200501	1.052579	0.8806981	2.121961
1086	-427.0535	-597.4424	170.3888	0.0819518	1.140941	1.030784	1.629132
1092	-425.9479	-596.7012	170.7533	0.07901538	0.5565948	1.224036	1.629132
1098	-424.2204	-594.6657	170.4453	0.07901538	0.8935115	1.224036	1.629132
1104	-435.8754	-606.6985	170.8231	0.1126891	0.6242524	1.06655	1.629132
1110	-450.8792	-622.141	171.2618	0.1528315	0.7411322	0.7229707	1.450762
1116	-440.3954	-610.3834	169.988	0.1394764	0.7876748	0.6776093	2.332139
1122	-439.0006	-609.1416	170.141	0.2054599	0.6077579	0.5685453	2.366365
1128	-440.1314	-610.4722	170.3408	0.2463336	0.9841353	0.7977213	1.821511
1134	-438.427	-609.0362	170.6093	0.1860063	1.297416	0.8684201	1.392871
1140	-431.9412	-602.3304	170.3892	0.487464	0.5588361	0.7214892	1.946369
1146	-443.1574	-613.0275	169.8701	0.8807725	0.6692915	0.8564004	1.878155
1152	-436.6137	-607.147	170.5333	0.4680884	0.4193959	0.9344022	1.769245
1158	-437.8341	-607.5891	169.7551	0.8901075	0.6381423	1.147517	1.769245
1164	-438.9409	-605.2523	166.3114	3.2909	0.9402403	1.489338	2.048836
1170	-445.3873	-612.4863	167.099	1.820313	1.368646	1.109901	2.460157
1176	-441.3932	-607.7275	166.3342	2.700925	1.472313	0.8769842	2.471739
1182	-445.667	-611.2441	165.5771	3.384447	1.48382	0.9397806	2.471739
1188	-433.6098	-600.8643	167.2544	1.985889	1.347802	1.130835	2.255855
1194	-451.0979	-617.2461	166.1482	2.759204	1.664315	1.406846	2.100586
1200	-451.3597	-617.8599	166.5002	2.726443	0.9222608	0.9902991	2.617685
1206	-445.9611	-614.7492	168.7881	1.202369	1.002067	1.182517	1.953468
1212	-452.8562	-622.2315	169.3752	0.7491629	1.37496	1.130518	1.642172
1218	-443.038	-612.7462	169.7082	0.9543187	0.693306	0.5612604	2.119445
1224	-446.6822	-616.1753	169.493	0.4229282	1.008941	0.7397915	2.287566
1230	-439.1714	-608.6758	169.5044	0.4516889	1.117111	1.010331	2.014773
1236	-448.1967	-617.868	169.6712	0.482953	0.8664211	1.125169	1.972771
1242	-452.0931	-619.0638	166.9707	2.347429	0.6911031	1.02217	2.679434
1248	-440.0494	-606.5094	166.46	2.92095	0.8298126	1.02217	2.559024
1254	-423.7126	-590.5929	166.8803	2.849482	0.8284063	1.336479	2.1383
1260	-437.5888	-604.1735	166.5847	3.001227	1.122517	1.451609	1.963688
1266	-441.627	-610.0072	168.3802	1.684427	0.9868741	1.262296	1.859369
1272	-433.1183	-602.6353	169.5171	0.5364553	0.761582	0.8568552	2.280896
1278	-434.0905	-604.9044	170.814	0.2660522	0.6474088	0.8568552	1.661832
1284	-447.2934	-618.0752	170.7818	0.2904434	1.065554	0.8115999	1.399601
1290	-444.0479	-614.7417	170.6938	0.1319546	0.9646248	0.7395388	1.709211
1296	-444.9843	-614.7631	169.7788	0.425886	1.464179	1.193647	1.474021
1302	-436.4906	-606.0312	169.5406	1.010747	1.01127	1.14526	1.581412
1308	-453.2567	-623.0282	169.7715	0.4531729	1.029756	1.15322	1.794802
1314	-444.902	-613.2962	168.3942	1.384526	0.793187	0.7657011	2.493184
1320	-436.1721	-605.765	169.5929	1.127329	0.823907	0.9441538	1.737714
1326	-433.0972	-602.6988	169.6016	0.8515065	0.5354233	0.9441538	2.091173
1332	-436.146	-604.5594	168.4135	1.691599	0.6419268	0.8319746	2.333946
1338	-432.6254	-600.5194	167.894	1.367894	0.8597802	0.725704	2.796346
1344	-438.9581	-607.0132	168.0551	1.967944	1.017161	1.016788	2.032232
1350	-428.9501	-598.1631	169.2129	1.199418	0.4630555	0.8065426	2.235789
1356	-433.2081	-602.2996	169.0914	0.9365308	0.5134334	0.9766042	2.354203
1362	-435.8653	-604.736	168.8707	1.395688	0.5604849	1.129093	2.080399
1368	-434.9318	-603.4563	168.5245	1.102153	0.7003644	1.232047	2.350526
1374	-443.1451	-611.5401	168.3949	1.543805	0.9075186	0.734622	2.340939
1380	-442.042	-611.6718	169.6298	0.4215206	1.263997	0.6645478	2.084699
1386	-441.0048	-609.4285	168.4236	0.7167765	0.9962753	0.6697479	2.821603
1392	-439.2724	-608.1422	168.8698	0.5445694	0.9832185	0.5731059	2.721399
1398	-439.3909	-609.3859	169.995	0.334292	1.283428	0.6623667	1.88769
1404	-437.1263	-608.3098	171.1835	0.2432762	0.7275276	1.079938	1.161341
1410	-446.5031	-617.2597	170.7566	0.2379193	1.046522	1.094853	1.249668
1416	-442.9363	-613.3856	170.4493	0.1268743	1.447544	1.014266	1.337066
1422	-430.8432	-601.3906	170.5475	0.1013206	0.7564548	1.014266	1.784222
1428	-432.0147	-602.8179	170.8032	0.08964217	0.7914424	1.015896	1.585532
1434	-426.4285	-596.9251	170.4965	0.07776216	1.054279	1.157143	1.524005
1440	-428.7582	-598.7939	170.0357	0.08154884	1.433755	0.6878471	1.916223
1446	-431.1754	-600.8604	169.685	0.07015409	1.134509	0.999596	2.142749
1452	-443.637	-614.3116	170.6747	0.2389844	0.6621005	0.5227863	1.99759
1458	-454.6768	-624.6054	169.9286	0.5951384	1.035037	1.249418	1.507172
1464	-442.7358	-611.9991	169.2632	0.06152609	1.031703	1.597478	2.100242
1470	-434.0856	-604.0858	170.0002	0.07123116	1.17537	1.408925	1.619861
1476	-425.4404	-595.7886	170.3482	0.07708212	1.196101	1.011039	1.636835
1482	-437.0009	-606.4971	169.4963	0.07708212	1.322884	1.011039	2.133347
1488	-442.2155	-612.0633	169.8479	0.07708212	0.9855081	1.039951	2.102551
1494	-450.4805	-620.3709	169.8904	0.462784	1.449476	0.7685254	1.686652
1500	-451.7546	-622.0193	170.2648	0.1764991	0.8801497	0.6296369	2.101901
1506	-439.232	-610.3063	171.0743	0.1721571	0.7409776	0.9436255	1.41056
1512	-443.5532	-614.2228	170.6696	0.1721571	0.7525424	0.7729928	1.820226
1518	-443.3326	-613.9481	170.6155	0.1489361	0.9231072	0.7729928	1.757944
1524	-429.2643	-599.6469	170.3826	0.1195559	0.8727584	0.7437494	1.990965
1530	-443.723	-614.5274	170.8043	0.163468	0.7925154	0.894005	1.618897
1536	-438.3572	-608.5111	170.1539	0.07261628	0.9099197	0.894005	2.049759
1542	-444.9246	-615.1871	170.2624	0.1150969	0.9084719	0.7443972	2.049759
1548	-438.4032	-608.7831	170.3799	0.0857176	0.7573314	0.7701338	2.072277
1554	-440.6563	-611.2104	170.5541	0.0857176	0.760718	0.956795	1.827375
1560	-438.1988	-607.8589	169.6601	0.07275508	1.182312	1.032014	2.105182
1566	-438.4956	-609.2708	170.7752	0.1213917	0.6746468	0.6938952	1.886289
1572	-432.5319	-603.2525	170.7206	0.1053536	0.6799345	1.013882	1.710221
1578	-440.4401	-611.4476	171.0075	0.1373677	0.4041347	0.9556093	1.655888
1584	-440.3079	-610.3552	170.0472	0.09385715	1.175507	0.9787544	1.872501
1590	-441.7607	-612.3203	170.5596	0.09870923	0.8982345	1.023335	1.673635
1596	-444.476	-615.5884	171.1124	0.09870923	0.8084899	1.066266	1.289639
1602	-445.2991	-616.1363	170.8372	0.1105528	0.9507136	1.103128	1.358602
1608	-440.9288	-611.7102	170.7814	0.1105528	1.039396	0.8624762	1.51797
1614	-443.7492	-614.4786	170.7294	0.1554128	0.9574459	0.5388325	1.813163
1620	-458.4753	-624.2667	165.7915	3.014461	1.353432	0.7765292	2.745754
1626	-450.878	-614.6942	163.8162	4.833329	1.302447	0.982198	2.745754
1632	-440.4222	-607.2653	166.8431	2.314664	1.214851	0.9722017	2.490662
1638	-449.0974	-618.1257	169.0284	1.532294	0.4761476	1.580319	1.605881
1644	-437.2924	-606.9362	169.6438	0.9191246	0.769684	1.373526	1.580615
1650	-432.219	-603.3629	171.1438	0.1972883	0.751629	0.7280516	1.495039
1656	-430.2475	-601.1393	170.8918	0.08843439	0.8382544	1.23223	1.318736
1662	-440.7734	-611.3499	170.5765	0.3391114	0.5330678	2.051081	0.8672078
1668	-438.5291	-609.6988	171.1697	0.1192424	0.5145973	1.370159	1.182108
1674	-429.3835	-600.4119	171.0285	0.1280625	0.8189599	1.238646	1.182108
1680	-430.3384	-601.1939	170.8556	0.1091146	1.014817	0.8550478	1.487431
1686	-432.3027	-603.1484	170.8457	0.2275564	0.8303596	1.112211	1.346532
1692	-437.6959	-608.864	171.1681	0.228938	0.6592489	0.9654359	1.333914
1698	-449.2214	-618.8487	169.6273	0.08937912	1.111944	0.9073783	2.241929
1704	-449.5347	-620.0341	170.4994	0.123523	0.8674744	0.7477393	1.910606
1710	-444.3988	-614.5285	170.1297	0.1080526	0.8304431	1.010675	2.017023
1716	-448.6566	-619.1492	170.4926	0.1650732	0.8304431	0.5908132	2.017023
1722	-458.3068	-628.3428	170.036	0.5409602	0.528336	0.5512179	2.268992
1728	-445.4426	-613.9127	168.4701	1.880949	0.6769674	0.8402754	2.150348
1734	-449.2616	-619.0115	169.7498	0.7736303	0.8204256	1.124022	1.751961
1740	-445.8124	-616.3103	170.4979	0.4770777	0.8204256	1.016366	1.503625
1746	-447.3688	-616.4635	169.0947	1.189335	0.8805209	1.350526	1.719449
1752	-451.9805	-621.9043	169.9237	0.9052463	0.6238939	1.288546	1.545239
1758	-440.6042	-609.7283	169.1241	1.244721	0.7684542	1.073873	1.927185
1764	-442.1413	-608.5865	166.4452	2.78388	1.228884	1.996498	1.763331
1770	-440.1237	-608.1078	167.9841	2.009404	0.9722064	1.48719	1.763331
1776	-449.4612	-617.8775	168.4163	1.984758	0.49809	1.597976	1.698607
1782	-454.8826	-621.0459	166.1633	3.949489	0.4853028	1.597976	1.903417
1788	-443.2374	-611.3291	168.0917	2.312902	0.6979469	1.139544	1.903417
1794	-442.5383	-612.4839	169.9456	0.206125	1.904962	0.7083238	1.578267
1800	-446.2944	-616.7084	170.414	0.3199282	1.116638	1.011704	1.466603
1806	-442.6267	-613.632	171.0053	0.1457037	0.8230524	0.8742191	1.476166
1812	-452.7435	-623.1489	170.4054	0.08904503	1.016222	0.7613044	1.887929
1818	-454.5426	-625.4021	170.8595	0.1723328	0.9312971	0.9518929	1.426075
1824	-441.4695	-612.4077	170.9381	0.1344401	0.9312971	1.021409	1.339732
1830	-447.7471	-618.2124	170.4653	0.2219558	1.068246	1.523352	1.126225
1836	-434.9403	-605.3559	170.4156	0.2343358	1.374582	0.930473	1.399717
1842	-432.2412	-603.1193	170.8781	0.1134488	0.9546929	0.930473	1.455489
1848	-426.7406	-597.6898	170.9492	0.1803573	0.8263803	0.930473	1.447233
1854	-426.5156	-596.6712	170.1555	0.08967866	1.331977	1.314552	1.447233
1860	-432.0186	-602.5033	170.4847	0.08967866	0.9192129	1.314552	1.507184
1866	-436.9235	-607.7057	170.7822	0.1210426	0.9855124	0.9805494	1.461126
1872	-434.8742	-606.1704	171.2962	0.1668971	0.780677	0.8402924	1.290444
1878	-442.4693	-612.6288	170.1595	0.4161762	0.8902048	1.26186	1.56663
1884	-424.2435	-595.5925	171.349	0.211548	0.5946037	0.7246954	1.437264
1890	-435.0757	-605.104	170.0283	0.1293358	0.984814	0.8000028	2.107787
1896	-427.7993	-598.9685	171.1691	0.1491445	0.4892575	0.7688173	1.639483
1902	-424.9604	-596.1523	171.1919	0.1491445	0.7575303	1.157932	1.143107
1908	-423.0029	-593.7803	170.7774	0.1190892	1.011458	1.054406	1.38944
1914	-423.9302	-594.347	170.4169	0.2864767	1.258302	1.26605	1.173319
1920	-429.722	-600.6851	170.9631	0.1195012	1.054603	0.8188152	1.394436
1926	-429.7672	-600.462	170.6948	0.1139411	1.109845	0.9935113	1.428548
1932	-437.672	-608.2711	170.599	0.1588521	0.8204119	0.9020789	1.743231
1938	-440.6699	-611.7726	171.1027	0.1024041	0.9052138	0.8531398	1.388423
1944	-438.8273	-610.2195	171.3922	0.1662044	0.4252422	0.8947526	1.388423
1950	-431.1377	-602.194	171.0563	0.1158815	0.6728233	1.109249	1.388423
1956	-434.0107	-605.2507	171.24	0.2051887	0.6728233	1.204314	1.077693
1962	-433.5351	-604.8344	171.2993	0.2051887	0.5247116	0.9317091	1.360454
1968	-447.3406	-618.5267	171.1861	0.204303	0.6786691	1.130457	1.188206
1974	-437.4822	-608.4201	170.9379	0.09610473	0.7090194	1.216289	1.386961
1980	-436.4761	-607.6362	171.16	0.1006573	0.7090194	1.216289	1.202075
1986	-432.0379	-603.3063	171.2684	0.1463268	0.9000136	0.9729698	1.117998
1992	-431.645	-602.4991	170.854	0.06762816	0.9000136	1.466029	1.117998
1998	-428.7796	-599.6062	170.8266	0.1068794	0.9285189	1.18043	1.325997
2004	-430.3326	-600.9753	170.6428	0.1256515	1.332746	0.9456042	1.325997
2010	-426.9946	-597.5493	170.5547	0.1946962	1.018054	1.170946	1.408111
2016	-434.3222	-605.4572	171.135	0.1946962	0.6799642	0.932248	1.398617
2022	-433.7844	-604.9922	171.2078	0.1183176	0.8205618	0.9057087	1.317076
2028	-435.7842	-606.7241	170.9398	0.128019	0.7757699	0.9013598	1.552261
2034	-433.9238	-604.5539	170.6301	0.1031084	0.9052125	1.191534	1.490777
2040	-436.5526	-608.0553	171.5027	0.2025237	0.4955605	1.14976	1.012944
2046	-433.3438	-603.9986	170.6548	0.1156333	0.8698224	1.27147	1.428386
2052	-430.3432	-601.2875	170.9443	0.1078422	0.6889445	0.9389109	1.595967
2058	-438.4925	-609.2531	170.7606	0.1499608	0.8500088	0.8636636	1.641492
2064	-448.5059	-619.3302	170.8244	0.4007587	0.6433814	1.044119	1.418076
2070	-444.048	-613.7589	169.7109	0.8457967	0.8433399	1.182971	1.671012
2076	-441.2604	-609.1714	167.911	2.081224	1.089277	1.103493	1.946848
2082	-442.7609	-610.8995	168.1386	1.280882	1.280376	1.340893	2.044813
2088	-441.4319	-607.426	165.9941	3.658155	0.5914772	1.192306	2.419272
2094	-443.9082	-609.4385	165.5303	4.578381	1.005445	1.582524	1.589566
2100	-438.0073	-606.5073	168.5	1.400714	1.474028	1.236125	1.659301
2106	-436.1354	-606.2674	170.132	0.606086	0.5062957	1.952969	1.158846
2112	-430.8658	-599.3104	168.4445	1.296906	0.6910747	2.08169	1.714908
2118	-442.715	-608.8076	166.0925	2.561531	1.625573	2.094489	1.832909
2124	-464.0313	-632.2461	168.2148	0.8970842	2.5077	1.246852	1.586581
2130	-455.6459	-623.7879	168.142	0.8970842	1.663601	1.855243	1.707177
2136	-457.8624	-626.1841	168.3217	1.700072	0.7460034	1.299462	2.022886
2142	-453.6701	-620.8692	167.1991	2.356368	1.406423	1.256527	1.929095
2148	-441.2251	-607.1513	165.9262	3.826055	0.8606807	1.464021	2.018636
2154	-451.2375	-615.6771	164.4396	4.651841	1.602183	1.558253	1.914971
2160	-439.2692	-606.0483	166.7791	1.971319	1.569627	1.032202	2.495979
2166	-446.0711	-609.7307	163.6597	5.062599	1.222444	1.391754	2.495979
2172	-440.7759	-609.2337	168.4578	1.764339	0.8009135	1.391754	1.788642
2178	-457.5453	-624.8063	167.2609	2.870766	0.8009135	1.42117	1.830787
2184	-452.1781	-619.2325	167.0545	2.870766	0.6381399	1.380595	2.097873
2190	-446.3978	-615.2015	168.8037	1.627909	0.6215672	1.088619	1.965059
2196	-445.8921	-612.0826	166.1906	2.470192	1.073104	1.088619	2.811897
2202	-448.8453	-615.8077	166.9625	1.261986	1.737702	1.088619	2.692212
2208	-443.0207	-612.093	169.0723	0.5312641	1.863765	0.7045222	1.987289
2214	-426.5677	-596.8268	170.2591	0.1829665	1.557841	0.7355123	1.573131
2220	-428.4454	-599.4936	171.0483	0.1264251	0.8073713	0.7355123	1.573131
2226	-444.7419	-613.7701	169.0282	0.07802197	1.263824	0.8071721	2.595588
2232	-447.2036	-618.3443	171.1407	0.147159	0.7989359	0.8223822	1.429287
2238	-452.1404	-623.0786	170.9381	0.1678174	0.757565	1.044084	1.429287
2244	-442.2163	-612.4493	170.233	0.0947881	1.136585	0.7780013	1.908248
2250	-446.1576	-616.1518	169.9943	0.2949863	1.207626	0.5558632	2.035829
2256	-445.8353	-612.908	167.0727	1.642776	1.175696	0.7725619	2.908499
2262	-446.6055	-616.2316	169.6261	0.8318003	0.8562741	1.231188	1.697855
2268	-440.3844	-610.7912	170.4068	0.3971255	0.8562741	1.447959	1.272158
2274	-446.7589	-616.1299	169.371	0.5124619	1.587393	0.9809989	1.776968
2280	-449.3604	-619.8624	170.502	0.17305	1.207452	1.047745	1.415307
2286	-442.7972	-613.6702	170.873	0.2895693	0.6015886	0.7468603	1.708918
2292	-439.7817	-610.7294	170.9477	0.1079986	0.6015886	0.8537067	1.708918
2298	-449.0228	-619.651	170.6282	0.09926113	0.7392093	0.7805356	1.901827
2304	-440.5573	-610.4709	169.9136	0.08128351	1.334609	0.9263269	1.901827
2310	-429.2832	-600.1573	170.8741	0.07727573	0.6429542	1.017893	1.641373
2316	-430.0696	-601.1871	171.1175	0.0993708	0.675798	1.017893	1.422585
2322	-441.9882	-612.9678	170.9796	0.1277549	0.714688	1.017893	1.478938
2328	-435.6257	-606.3158	170.6902	0.1277549	1.154728	1.190533	1.227222
2334	-432.9056	-603.1282	170.2225	0.116294	1.184565	1.170443	1.592244
2340	-444.4205	-614.6671	170.2467	0.5971369	0.752433	1.359932	1.391484
2346	-442.4291	-612.8101	170.381	0.2477254	0.7161755	0.6616539	2.061804
2352	-445.3737	-616.0768	170.7031	0.1340788	1.06799	0.6727243	1.675188
2358	-451.3754	-622.3384	170.9629	0.1121387	0.7657815	0.8549607	1.588027
2364	-446.4616	-617.0052	170.5437	0.1057133	0.9662537	1.01714	1.63588
2370	-438.7698	-609.6075	170.8377	0.1827378	0.8043047	0.620485	1.767534
2376	-444.1299	-615.0171	170.8872	0.1895383	0.9388322	0.7211548	1.560223
2382	-458.3378	-629.0355	170.6976	0.13714	1.128329	0.9692292	1.413028
2388	-444.497	-615.7928	171.2957	0.1377536	0.6183996	0.7422307	1.505422
2394	-442.5304	-613.7923	171.2619	0.1673637	0.5528931	1.12461	1.248879
2400	-439.4164	-610.4524	171.036	0.140721	0.9146394	1.20341	1.111637
2406	-452.4932	-623.1793	170.686	0.140721	1.091647	1.20341	1.261468
2412	-443.9537	-613.6579	169.7042	0.1033525	1.721307	1.118743	1.647327
2418	-440.0782	-611.0389	170.9606	0.1086196	0.7261738	0.9942914	1.517226
2424	-439.7955	-610.5801	170.7847	0.1086196	0.5550269	0.9681823	1.768121
2430	-443.197	-614.3152	171.1182	0.2029728	0.8789747	0.9398635	1.24596
2436	-447.1849	-617.5617	170.3768	0.626702	0.6048654	0.8371965	1.755315
2442	-459.7233	-627.3603	167.637	1.372763	0.6762379	0.7181027	3.058572
2448	-449.0679	-617.1771	168.1093	1.378707	1.002542	1.129166	2.316325
2454	-440.0599	-608.3952	168.3353	1.538388	0.7840746	1.309542	2.089958
2460	-447.1829	-616.3312	169.1483	0.8145029	0.9977238	0.7750793	2.2421
2466	-447.2477	-616.3993	169.1516	0.9854357	0.9850441	1.118644	1.909166
2472	-441.619	-607.8677	166.2486	2.455018	1.327211	1.048943	2.656887
2478	-435.7541	-601.7783	166.0242	3.557538	0.6837656	1.29665	2.347617
2484	-442.6013	-610.157	167.5557	1.454273	2.042807	0.9423213	2.121328
2490	-438.8743	-606.2046	167.3304	2.446736	0.7902779	1.19261	2.225046
2496	-440.1694	-609.1089	168.9395	0.780849	1.064824	1.256101	2.042694
2502	-430.6112	-599.7895	169.1782	0.780849	1.402256	1.455406	1.506051
2508	-451.3039	-619.637	168.3331	1.989239	1.371552	1.473433	1.228068
2514	-447.0794	-614.1053	167.0259	2.992511	1.136253	1.296012	1.765115
2520	-452.9853	-616.0883	163.103	4.726343	2.633386	1.218672	2.401757
2526	-448.3689	-612.9119	164.543	4.726343	1.07353	1.448071	2.206393
2532	-450.582	-617.4929	166.9109	3.076372	0.9204583	1.814115	1.571083
2538	-448.2525	-618.3805	170.128	0.500942	0.4795623	1.28559	1.765554
2544	-440.7093	-609.7651	169.0558	1.417159	0.6827029	1.28559	1.765554
2550	-441.9096	-610.6493	168.7397	0.9598486	1.006508	1.200261	2.131429
2556	-452.0016	-618.5344	166.5328	2.061296	1.272498	0.7453116	2.940823
2562	-451.9544	-618.9301	166.9757	1.529849	0.5924452	0.4631125	3.548312
2568	-441.9951	-607.6583	165.6632	2.585915	1.382029	0.6037832	3.168397
2574	-441.612	-606.5188	164.9068	3.72865	1.131622	1.044634	2.818596
2580	-447.0815	-614.4525	167.3709	2.13442	0.8869263	0.9418904	2.496365
2586	-436.5048	-604.1414	167.6366	2.427126	0.7148539	1.320084	2.000649
2592	-440.4041	-606.8885	166.4844	3.409904	0.8436117	1.054049	2.205229
2598	-428.9823	-596.8271	167.8447	2.242493	0.8784706	1.079002	2.040158
2604	-448.7389	-614.1558	165.4169	3.218385	0.9500816	0.6921773	3.139429
2610	-424.5526	-590.9944	166.4418	2.38377	0.9500816	0.663456	3.043033
2616	-434.547	-601.5988	167.0518	1.893028	0.8558176	0.6379278	3.043033
2622	-447.5991	-616.6713	169.0722	0.7650299	0.6538185	1.076138	2.342385
2628	-444.1174	-610.1774	166.06	3.359603	1.384698	1.358526	1.965829
2634	-447.3328	-615.1839	167.8511	1.888648	0.8371777	0.895956	2.408833
2640	-442.4621	-607.4115	164.9494	4.004497	1.256786	1.011915	2.567369
2646	-437.6309	-605.3533	167.7224	2.092906	1.283582	1.011915	1.998329
2652	-448.9701	-612.9279	163.9577	3.986234	0.6207454	0.5485205	3.810371
2658	-433.7555	-603.4634	169.7079	0.5484308	1.049239	0.6614537	2.09166
2664	-437.1323	-607.6403	170.508	0.2110168	0.8458338	0.5894816	1.966839
2670	-431.9706	-602.6435	170.6729	0.124299	0.8458338	0.8996459	1.699677
2676	-443.2238	-614.1197	170.896	0.1659804	0.4222663	0.7532702	1.851918
2682	-440.1691	-609.9096	169.7405	0.508265	0.8373472	0.7704951	2.163216
2688	-440.2503	-610.4102	170.1598	0.1961793	1.039697	0.827893	1.920717
2694	-448.2975	-618.8763	170.5787	0.1349276	1.116733	0.7651029	1.662786
2700	-441.1607	-611.2746	170.114	0.09526137	1.366367	1.050946	1.644316
2706	-437.2333	-607.589	170.3557	0.1486369	1.366367	0.8362513	1.586037
2712	-433.6976	-604.2636	170.5661	0.1600784	1.366367	0.7663238	1.47323
2718	-442.1153	-612.4844	170.3691	0.2531099	1.045077	0.7663238	1.776774
2724	-434.081	-604.9553	170.8742	0.213728	1.045077	0.6563112	1.521282
2730	-429.4989	-600.2183	170.7194	0.1007906	0.7424391	0.9592165	1.712033
2736	-431.1131	-602.4321	171.3191	0.137019	0.6416425	0.7397293	1.475353
2742	-434.1356	-605.1147	170.979	0.2947199	0.8880562	1.111984	1.130438
2748	-437.2821	-608.9139	171.6318	0.1962835	0.4270587	0.993515	1.07678
2754	-433.6736	-605.127	171.4534	0.1977908	0.408784	0.9419421	1.280443
2760	-427.5378	-598.3036	170.7658	0.09808225	0.6793496	1.432289	1.372257
2766	-429.7973	-600.4506	170.6533	0.09588727	0.8609203	1.140354	1.54972
2772	-430.5801	-601.8391	171.259	0.2259926	0.7020792	0.8357033	1.336351
2778	-436.9959	-608.2719	171.2759	0.1650245	0.593026	0.9937656	1.321015
2784	-438.88	-609.9322	171.0523	0.1773615	0.5616669	1.033675	1.473624
2790	-443.0753	-613.5021	170.4268	0.3290293	1.029455	0.9781281	1.540521
2796	-442.7849	-613.3751	170.5902	0.1936522	0.8933953	0.9781281	1.619401
2802	-445.0324	-615.5767	170.5444	0.1353957	0.7998713	0.7026386	1.947403
2808	-444.7526	-615.0942	170.3416	0.1327994	1.227199	0.6875579	1.808654
2814	-433.3475	-604.9983	171.6508	0.1057683	0.4912514	1.006614	1.102429
2820	-447.6846	-618.6776	170.9931	0.4468021	0.3016006	1.48452	0.9677037
2826	-433.9133	-605.5931	171.6798	0.1245251	0.5402918	0.9832748	1.04971
2832	-435.0006	-606.4715	171.4708	0.1245251	0.5194641	1.213459	1.043101
2838	-440.4672	-611.6125	171.1453	0.136889	0.6664518	0.8390941	1.51495
2844	-433.1419	-603.4251	170.2832	0.1434064	0.9407766	0.7826951	1.970173
2850	-437.1966	-607.2617	170.0651	0.09585084	0.5576971	0.8036096	2.359941
2856	-432.5196	-603.6527	171.1331	0.1643673	0.7673445	1.059797	1.256649
2862	-435.2662	-606.3072	171.041	0.1841498	0.5883255	1.071595	1.432308
2868	-431.8602	-602.9341	171.0739	0.1142074	0.5883255	0.9254051	1.569751
2874	-443.6028	-614.7379	171.1351	0.1295046	0.5561434	1.018873	1.461485
2880	-432.6095	-603.607	170.9976	0.2291142	0.8189038	0.8294607	1.455804
2886	-437.4737	-608.6036	171.1299	0.1482637	0.6413546	0.7580983	1.593901
2892	-438.7855	-610.0085	171.223	0.161538	0.4090977	0.6379489	1.710508
2898	-433.7151	-604.8355	171.1204	0.1207704	0.3853767	0.75109	1.734986
2904	-427.687	-598.5491	170.8622	0.1683103	0.6982822	0.62532	1.826906
2910	-439.0067	-609.9132	170.9066	0.1917908	0.5800851	0.9298174	1.636517
2916	-429.6562	-600.9866	171.3305	0.1461154	0.5800851	0.9298174	1.351843
2922	-430.844	-601.6117	170.7677	0.1723565	0.8331114	1.440649	1.182658
2928	-432.5289	-603.2943	170.7654	0.1723565	1.104922	0.9200133	1.389308
2934	-429.7412	-600.2523	170.5111	0.1203039	0.7985809	1.064192	1.733148
2940	-424.864	-594.9699	170.106	0.1750224	0.7985809	0.566206	2.298517
2946	-437.3814	-607.5065	170.125	0.1411101	1.302031	0.7224886	1.877431
2952	-432.9598	-603.4449	170.4852	0.1703345	0.7301651	0.5437888	2.113139
2958	-432.1303	-603.2977	171.1674	0.1253227	0.5690476	0.6910126	1.674489
2964	-429.3798	-600.4199	171.0401	0.2244179	0.6249022	0.7489238	1.620689
2970	-432.6887	-603.4682	170.7795	0.191017	0.6844263	0.8142072	1.746178
2976	-438.5749	-609.5586	170.9837	0.1641017	0.576666	0.748964	1.731868
2982	-435.3123	-606.5185	171.2061	0.1506565	0.7827442	0.8375737	1.376075
2988	-440.0634	-611.0045	170.9411	0.2892433	0.8277413	0.77086	1.490828
2994	-439.0266	-607.8622	168.8356	0.7322857	0.7896064	1.214169	2.345559
3000	-449.3122	-619.8649	170.5527	0.5335191	0.5514488	1.184928	1.473396
3006	-451.201	-621.6464	170.4454	0.3625195	0.5805243	0.8369707	1.903575
3012	-436.6948	-606.5123	169.8175	0.3381483	1.130592	0.8553081	1.976138
3018	-440.4794	-610.6577	170.1783	0.2699907	1.070255	0.6086869	1.985503
3024	-445.8837	-615.7112	169.8275	0.1990595	1.317936	0.5661881	2.13104
3030	-438.1412	-608.7418	170.6006	0.122991	0.8563479	0.5661881	1.972445
3036	-427.3185	-597.8672	170.5487	0.09967122	0.9111017	0.7626687	1.8536
3042	-438.6211	-609.6387	171.0175	0.09967122	0.7177005	1.323596	1.225978
3048	-433.1021	-604.5782	171.4762	0.1491087	0.6651805	0.8328032	1.251673
3054	-446.9059	-617.8215	170.9157	0.1634538	0.6433259	1.045197	1.527861
3060	-439.6167	-610.4576	170.8409	0.1752775	0.7131732	1.045197	1.527861
3066	-431.7295	-602.5742	170.8448	0.09745529	0.7378685	1.038316	1.570496
3072	-436.571	-607.4961	170.9251	0.1858238	0.8165324	1.242143	1.220266
3078	-440.5967	-611.3343	170.7376	0.1783866	0.8165324	1.594772	1.080661
3084	-449.9089	-619.2703	169.3614	0.7645637	1.39118	1.07389	1.670464
3090	-459.1113	-628.1329	169.0216	0.8688038	0.991761	1.437581	1.855335
3096	-447.3715	-616.0945	168.723	0.7649409	1.578382	1.306347	1.831235
3102	-442.4157	-611.2697	168.854	0.7431184	1.512619	1.082616	1.950678
3108	-452.8481	-619.63	166.7818	2.48251	0.9315635	1.217066	2.447109
3114	-445.0938	-611.7618	166.668	2.392008	1.254562	1.100569	2.447109
3120	-465.6675	-633.6547	167.9872	1.602478	1.023971	0.7994023	2.447109
3126	-450.3159	-619.698	169.3821	0.5653995	1.517694	0.8466977	1.869897
3132	-435.4094	-605.5066	170.0972	0.4039196	0.9505689	0.8466977	1.869897
3138	-439.26	-609.3784	170.1184	0.3220652	1.481461	0.8466977	1.544937
3144	-435.2423	-604.246	169.0037	1.16176	0.9182154	1.379284	1.756209
3150	-448.5989	-616.6126	168.0137	1.57555	1.249579	1.024361	2.160786
3156	-446.0943	-612.0476	165.9533	3.309654	1.4121	0.9392485	2.324492
3162	-447.9542	-616.9877	169.0335	0.7994668	1.09488	1.095495	2.054577
3168	-447.5711	-614.9985	167.4275	1.531214	1.019199	0.8373944	2.816241
3174	-435.7253	-602.919	167.1938	2.25642	1.139075	0.9994926	2.336266
3180	-428.9237	-595.8248	166.9012	2.656138	1.139075	1.078997	2.216673
3186	-452.9039	-620.0954	167.1916	2.06118	1.063197	1.096048	2.447779
3192	-441.0397	-611.3224	170.2827	0.2596224	1.157529	0.8493479	1.695961
3198	-447.9493	-618.4894	170.54	0.1363756	1.00529	0.6730734	1.831314
3204	-454.1342	-625.0024	170.8682	0.1287833	0.660965	0.70513	1.818208
3210	-451.7204	-622.7139	170.9935	0.1525956	0.6504103	1.151261	1.39151
3216	-446.4732	-616.5943	170.121	0.1502021	1.44212	1.040461	1.554254
3222	-443.7517	-614.7145	170.9628	0.1502021	0.778625	1.040461	1.411043
3228	-445.4665	-616.3464	170.8799	0.1775271	0.6726546	1.599447	1.070933
3234	-439.5055	-609.9691	170.4636	0.2440966	1.366507	1.417488	0.9230379
3240	-445.4946	-615.0092	169.5146	0.8657676	1.359596	1.07164	1.508548
3246	-444.2297	-614.5435	170.3138	0.3499519	1.071047	1.07164	1.508548
3252	-447.2984	-617.6501	170.3517	0.1113564	1.071047	1.272319	1.508548
3258	-449.7015	-619.4793	169.7778	0.07000063	1.002665	1.107062	2.097863
3264	-451.0553	-621.2838	170.2285	0.06848042	0.7600274	1.100798	1.962854
3270	-447.5447	-617.521	169.9763	0.06848042	0.8978538	1.218203	1.962854
3276	-438.4312	-608.0314	169.6002	0.05989536	0.9147473	1.356944	2.114669
3282	-452.764	-622.4161	169.6522	0.07621483	1.178331	0.8078261	2.256106
3288	-440.1146	-608.9951	168.8805	0.05305681	0.6884712	1.061799	2.891116
3294	-435.5707	-604.3519	168.7811	0.05391428	0.912365	0.944244	2.891116
3300	-437.3694	-605.7183	168.3489	0.05391428	0.9531813	1.335731	2.891116
3306	-445.2631	-613.1211	167.858	0.05298538	0.9531813	0.8903964	3.44773
3312	-443.5626	-611.226	167.6635	0.05033685	0.9531813	1.073816	3.455794
3318	-443.7777	-611.346	167.5683	0.05033685	0.8850533	1.073816	3.550876
3324	-438.2767	-607.1464	168.8697	0.04900949	0.8850533	1.08641	2.770432
3330	-440.9813	-609.2518	168.2705	0.05004229	1.069429	1.162207	2.975264
3336	-443.0463	-611.9784	168.9321	0.05055134	0.8639779	1.325919	2.596803
3342	-455.3632	-622.4495	167.0863	0.04799319	1.106132	1.204441	3.628186
3348	-440.463	-607.6574	167.1944	0.04525044	1.107117	1.240731	3.545344
3354	-430.1334	-599.6013	169.4678	0.05730354	0.9918826	1.17787	2.268229
3360	-441.4967	-610.8892	169.3924	0.05730354	1.098943	1.120095	2.285057
3366	-431.2156	-600.4711	169.2556	0.05730354	1.090357	1.226204	2.310169
3372	-434.2397	-603.523	169.2834	0.05730354	1.062489	1.226204	2.310169
3378	-447.0557	-616.4562	169.4005	0.05730354	1.237923	1.533094	1.918362
3384	-451.0227	-620.5963	169.5737	0.05730354	0.9890358	1.607097	1.918362
3390	-446.6223	-615.5479	168.9256	0.05129646	1.309549	1.365772	2.297798
3396	-429.2869	-598.606	169.3191	0.04520974	0.6414937	1.720213	2.239796
3402	-432.4342	-603.4646	171.0304	0.1031224	0.6758268	1.038383	1.470541
3408	-447.8032	-618.6748	170.8716	0.1294743	0.6411937	0.6640448	1.855512
3414	-447.6175	-617.5493	169.9319	0.08010273	1.26998	1.054968	1.845229
3420	-450.8559	-620.8014	169.9455	0.07326523	1.26998	1.054968	1.840528
3426	-440.8342	-610.9725	170.1383	0.06999882	1.004746	1.128297	1.840528
3432	-435.5708	-605.3388	169.768	0.0663421	1.109925	1.128297	2.022069
3438	-436.3632	-606.7874	170.4242	0.1025328	1.006942	1.037904	1.679672
3444	-441.0389	-611.5086	170.4696	0.2461985	0.6909021	0.7557465	1.956731
3450	-436.4443	-606.7821	170.3378	0.1429033	1.280153	0.6274403	1.810043
3456	-437.0766	-608.411	171.3344	0.1429033	0.4937166	0.887651	1.431351
3462	-442.6636	-612.9528	170.2892	0.07549051	1.014264	1.351977	1.564456
3468	-446.3252	-617.1609	170.8358	0.08844684	0.7500273	1.352011	1.336071
3474	-441.0817	-611.947	170.8653	0.1487203	0.7500273	1.504102	1.132429
3480	-438.8138	-610.1564	171.3426	0.1895899	0.5117288	1.19611	1.122627
3486	-434.6622	-606.3094	171.6473	0.2397871	0.3954701	0.9472418	1.072909
3492	-437.1734	-608.1024	170.929	0.2295739	0.7337327	1.104119	1.35905
3498	-434.814	-606.0039	171.1899	0.2646878	0.4722763	0.9964761	1.373846
3504	-449.0564	-619.6567	170.6003	0.1208704	0.8519028	0.8527396	1.781719
3510	-448.707	-619.1954	170.4883	0.1208704	0.613075	0.8733069	1.995036
3516	-453.1458	-622.8935	169.7476	0.08452111	1.51686	1.466639	1.511669
3522	-449.3842	-620.3742	170.99	0.2037463	0.6935549	0.8158039	1.579389
3528	-438.1785	-608.5792	170.4007	0.1642449	1.124113	0.7011962	1.807057
3534	-436.3829	-606.9292	170.5463	0.1401225	1.027787	0.7011962	1.789387
3540	-445.7973	-616.3697	170.5724	0.1661827	0.7675083	0.6684571	1.951843
3546	-453.4551	-623.8935	170.4384	0.2254711	1.27304	0.7327998	1.610992
3552	-450.785	-621.5395	170.7546	0.3001145	0.8264393	0.7849931	1.610992
3558	-440.5942	-611.7362	171.142	0.1886735	0.5277388	0.771435	1.610992
3564	-434.9743	-605.6614	170.6871	0.1185651	1.089615	0.6986801	1.663828
3570	-441.0392	-612.0875	171.0484	0.1606668	0.6982555	0.7306995	1.627016
3576	-464.4129	-633.2512	168.8384	0.6922526	1.52147	0.7122653	2.23239
3582	-441.5949	-610.4755	168.8806	0.8823108	1.411225	0.8578687	2.053697
3588	-451.1769	-620.7463	169.5693	1.004155	0.6031224	0.9955352	1.942584
3594	-445.4771	-612.195	166.7179	2.191925	0.889612	1.2577	2.668197
3600	-434.4218	-600.6544	166.2326	3.530984	0.9701466	0.9730795	2.260563
3606	-429.6017	-596.7062	167.1045	2.082964	1.187752	0.7928573	2.600408
3612	-433.5008	-599.8252	166.3243	3.44975	0.7724935	0.9893985	2.367817
3618	-432.6749	-601.3754	168.7006	1.242084	1.037415	1.139323	1.99074
3624	-424.9714	-594.2055	169.2341	0.8964008	0.933953	1.139323	1.934043
3630	-421.9351	-591.0438	169.1087	1.394879	0.803564	0.8950439	1.934043
3636	-436.972	-605.2762	168.3042	1.136885	0.6567804	0.8826433	2.708524
3642	-439.5041	-607.7178	168.2136	1.790759	1.086567	1.521569	1.650502
3648	-440.6167	-607.4841	166.8674	2.234165	1.061422	0.9286522	2.647117
3654	-442.2366	-608.5552	166.3186	2.799038	1.061422	0.9150081	2.645619
3660	-454.455	-617.7088	163.2538	3.872948	1.73107	0.8776797	3.477441
3666	-449.6613	-614.1997	164.5384	4.17593	0.8256915	0.8776797	3.055168
3672	-437.8941	-605.6632	167.7692	1.797364	0.8256915	0.8535386	2.550966
3678	-440.257	-607.7256	167.4686	1.746212	0.7011984	1.182311	2.638747
3684	-442.3109	-606.3161	164.0052	4.484793	0.9895942	1.103525	2.956649
3690	-448.045	-613.8603	165.8153	3.305622	1.13772	0.9687075	2.563335
3696	-443.7914	-610.65	166.8586	1.928531	1.13772	1.401342	2.501748
3702	-444.3333	-614.8541	170.5208	0.1214363	1.295212	1.032594	1.385848
3708	-438.5013	-609.2536	170.7523	0.1377527	0.8928417	1.032594	1.50155
3714	-431.0647	-602.0939	171.0292	0.09627125	0.4755475	1.147706	1.508718
3720	-433.112	-603.8836	170.7717	0.4189754	0.4130933	1.108783	1.508718
3726	-429.6032	-600.7534	171.1502	0.3021705	0.4279897	0.7942137	1.544491
3732	-435.6742	-606.2759	170.6017	0.1365274	0.9550718	0.7225982	1.789085
3738	-437.4858	-608.0659	170.5801	0.08550216	0.6638479	0.8886335	1.91746
3744	-435.9056	-606.5527	170.6471	0.1235416	0.6362598	0.8763858	1.870837
3750	-439.0434	-609.8926	170.8492	0.2393286	0.5626233	0.9803998	1.616825
3756	-436.5457	-607.5831	171.0374	0.1982311	0.6731349	0.8013175	1.572886
3762	-442.3943	-613.2048	170.8105	0.3264061	0.8115692	0.7834751	1.562649
3768	-448.8817	-618.9029	170.0212	0.2113983	1.359203	0.727203	1.859429
3774	-445.3267	-614.329	169.0023	1.233052	0.7395944	1.334545	1.859429
3780	-452.3127	-618.7094	166.3966	3.077683	1.125125	1.050923	2.296916
3786	-467.6124	-634.5014	166.889	2.817063	1.103555	0.9697948	2.213937
3792	-460.5702	-629.8748	169.3046	0.7399134	0.608051	1.108425	2.213937
3798	-442.8614	-610.655	167.7936	1.073699	0.9542637	0.7114047	2.986802
3804	-446.0498	-614.9414	168.8917	1.396267	0.9542637	1.080273	1.853465
3810	-441.7355	-610.49	168.7544	1.104527	0.8986068	1.264381	2.055313
3816	-466.5459	-631.7922	165.2463	4.207638	1.462713	1.264381	1.956232
3822	-464.6633	-627.4663	162.803	6.758745	0.8445931	1.990702	1.801582
3828	-447.3454	-610.3886	163.0432	6.51684	1.016226	1.216235	2.205356
3834	-450.4922	-616.5347	166.0425	3.366932	1.754381	0.9408049	2.023404
3840	-464.7523	-629.5202	164.7679	3.855443	1.654462	2.057307	1.86141
3846	-457.3973	-623.529	166.1317	3.855443	0.7862283	1.762283	1.703646
3852	-444.8121	-610.9726	166.1605	3.855443	1.032184	1.841336	1.445769
3858	-433.9535	-601.4523	167.4988	2.606244	0.8228744	1.330876	1.896093
3864	-440.0621	-607.1929	167.1308	2.65855	1.246119	1.014584	2.03808
3870	-445.752	-614.1336	168.3816	1.816017	0.6517264	1.226321	2.01203
3876	-443.713	-609.6874	165.9745	3.290696	1.262929	1.341423	2.156872
3882	-440.8096	-609.0604	168.2507	1.883303	0.892826	0.8548938	2.147283
3888	-447.0797	-614.6303	167.5505	1.883303	0.9674897	0.8827954	2.527773
3894	-444.5787	-614.1763	169.5976	1.078216	0.7476734	1.084772	1.721808
3900	-446.0439	-615.4899	169.4461	0.5172212	0.7476734	1.041549	2.228726
3906	-439.7333	-608.661	168.9277	0.9018081	0.6671682	1.24694	2.230456
3912	-438.9039	-608.5355	169.6316	0.4384151	1.156797	0.9698433	1.939277
3918	-447.2083	-616.9129	169.7046	0.6017228	1.156797	1.099691	1.68627
3924	-432.6592	-603.2861	170.6269	0.2717007	0.8491177	0.7189768	1.753192
3930	-435.5179	-606.0939	170.576	0.1105629	0.8954905	0.6482784	1.916027
3936	-427.9084	-598.3876	170.4792	0.169792	1.069948	0.7617636	1.74389
3942	-436.5243	-607.6182	171.0939	0.1750541	0.6898118	0.6476133	1.649251
3948	-434.0608	-604.1834	170.1226	0.07278598	0.9072838	0.7431834	2.170694
3954	-442.1675	-612.0465	169.879	0.08914005	1.297191	0.8974319	1.963771
3960	-433.0392	-603.1367	170.0975	0.0741228	0.8492736	1.155334	1.952171
3966	-437.0441	-606.9052	169.861	0.0649573	0.8188275	1.23926	2.079578
3972	-433.7808	-603.5174	169.7366	0.06003531	1.486848	1.23926	1.722456
3978	-444.3197	-614.2616	169.9419	0.1103405	1.724738	0.765314	1.722456
3984	-430.6559	-601.531	170.8751	0.1079655	0.7676524	1.010921	1.539697
3990	-445.7956	-616.928	171.1324	0.2399987	0.4700371	1.025074	1.4165
3996	-437.9654	-608.9726	171.0072	0.1368982	0.7623215	0.9135441	1.496032
4002	-444.9026	-615.5951	170.6925	0.1106953	0.4297464	1.307997	1.64269
4008	-434.0775	-605.1594	171.0819	0.1190294	0.7078497	1.015056	1.414435
4014	-429.4734	-600.055	170.5817	0.09047136	0.7349998	0.9503635	1.826304
4020	-432.3676	-603.5818	171.2143	0.1158914	0.5793519	1.369041	1.104881
4026	-437.1595	-607.5247	170.3652	0.117116	1.389387	1.717185	0.8089558
4032	-430.1805	-600.0941	169.9137	0.1359553	1.83404	1.717185	0.8409151
4038	-430.557	-601.4388	170.8819	0.116503	1.154905	1.404488	0.8409151
4044	-429.966	-600.718	170.752	0.2516428	1.154905	1.190447	1.062018
4050	-423.9965	-594.89	170.8935	0.140866	1.153923	1.190447	1.033518
4056	-425.4378	-595.7116	170.2737	0.1154307	1.570329	1.190447	1.252289
4062	-431.6215	-602.0576	170.4361	0.08957621	0.7111759	1.088417	1.847366
4068	-437.8623	-607.9882	170.1259	0.08957621	1.278055	0.8817392	1.818975
4074	-443.7462	-614.2966	170.5504	0.08908311	0.920758	1.034131	1.66336
4080	-433.7315	-604.2954	170.564	0.117467	1.208936	1.251293	1.245853
4086	-423.9509	-594.5021	170.5512	0.1177834	1.302703	1.172076	1.245853
4092	-436.3964	-606.1033	169.7069	0.08837435	1.419683	1.588765	1.516377
4098	-436.5489	-606.1758	169.627	0.1619158	1.755048	0.9234096	1.777205
4104	-428.1759	-599.0504	170.8745	0.1622574	0.9777214	0.7327348	1.552505
4110	-439.1203	-609.7225	170.6022	0.1377368	1.197868	0.7315361	1.610183
4116	-453.7436	-623.3996	169.6559	0.4872613	0.7493334	1.182898	2.017539
4122	-442.2605	-611.4122	169.1517	0.5669866	1.807569	1.182898	1.609845
4128	-451.8999	-620.071	168.1712	1.741682	0.8956907	1.182898	2.075429
4134	-440.6712	-607.0872	166.416	2.972162	0.9145755	1.575108	2.14989
4140	-438.5553	-606.0469	167.4917	2.37885	0.9145755	1.16076	2.105451
4146	-432.2719	-598.3553	166.0834	2.887643	1.220978	1.153587	2.490237
4152	-431.9549	-598.1718	166.2168	2.964418	1.220978	1.092909	2.396256
4158	-450.2293	-610.2653	160.036	8.026921	1.473191	1.255358	2.83718
4164	-447.5685	-610.0583	162.4898	6.318117	0.830914	1.140938	2.83718
4170	-438.126	-604.9094	166.7834	2.581151	0.6452953	1.140938	2.602771
4176	-445.5599	-612.515	166.9551	2.261836	0.6936085	1.321025	2.555855
4182	-454.0629	-623.4341	169.3712	0.8923675	0.9815431	0.7596735	2.066755
4188	-450.8822	-619.1143	168.2321	0.9314487	1.458968	0.8042315	2.44469
4194	-447.284	-616.3144	169.0303	1.008226	0.7690144	1.104155	2.126022
4200	-436.3709	-602.458	166.0871	2.682157	1.397719	0.8395249	2.703614
4206	-461.315	-628.7953	167.4803	2.206748	0.6928416	1.389387	2.215488
4212	-449.6052	-615.3824	165.7771	3.427446	0.6928416	0.9381241	2.79932
4218	-444.3267	-611.5365	167.2098	2.891757	0.7502687	1.127611	2.081059
4224	-449.3808	-618.6975	169.3167	1.015543	0.9692282	1.036292	1.842973
4230	-445.0141	-614.6538	169.6397	0.7304456	1.103203	1.228363	1.586013
4236	-437.3946	-606.9859	169.5913	0.5921502	1.26369	1.13682	1.672495
4242	-457.005	-625.7708	168.7658	1.116685	0.924338	1.672297	1.744906
4248	-451.0114	-619.7382	168.7268	1.711495	0.7973772	0.9165851	1.967507
4254	-445.6249	-610.2174	164.5925	2.476325	1.118284	0.6039647	4.00447
4260	-436.4207	-604.9254	168.5046	0.7855238	1.486581	0.4249256	2.586187
4266	-434.0849	-599.0114	164.9265	3.482074	1.486581	1.059597	2.738209
4272	-440.44	-609.3978	168.9578	0.6845289	1.044219	1.102115	2.207844
4278	-434.4749	-602.5318	168.0569	1.452801	0.9518763	0.8716836	2.497093
4284	-442.2914	-609.267	166.9756	1.345135	0.8614872	0.8703683	3.27237
4290	-445.4054	-612.6593	167.2539	2.514842	0.8401267	1.468365	2.018238
4296	-455.9216	-624.019	168.0974	1.727314	1.336358	0.9386057	2.006798
4302	-448.2655	-614.8806	166.6151	1.614242	0.9802764	0.9975349	3.181228
4308	-435.5317	-601.2578	165.726	2.661283	0.8045533	1.083211	3.139908
4314	-445.5306	-613.088	167.5574	1.614405	0.7713243	1.030398	2.717985
4320	-435.0538	-602.888	167.8342	1.860964	1.091096	1.411364	1.938332
4326	-437.5529	-605.1962	167.6434	2.568678	0.5909107	1.213549	2.044889
4332	-438.9006	-607.5776	168.677	1.122811	0.6453303	0.8716272	2.499554
4338	-445.8828	-616.7818	170.899	0.2513501	0.4548977	0.7541917	1.781327
4344	-440.3514	-608.6967	168.3453	0.8245711	1.568225	0.6548009	2.470437
4350	-444.6337	-613.8042	169.1705	0.5307685	1.150717	0.6515638	2.390378
4356	-442.0202	-609.6193	167.5991	2.383956	0.8233743	1.020381	2.182398
4362	-438.2057	-608.2632	170.0575	0.735649	0.6010104	0.937713	1.833687
4368	-429.2337	-599.6009	170.3672	0.3585074	0.8230779	0.7330852	1.880384
4374	-428.0934	-598.818	170.7245	0.2612674	0.9906894	0.758905	1.561203
4380	-441.508	-610.9518	169.4438	1.486093	0.7151652	1.308863	1.391553
4386	-442.4923	-612.1051	169.6128	0.9191265	0.5313969	1.8601	1.391553
4392	-432.0119	-601.6347	169.6229	0.8886921	0.8171477	1.272882	1.65732
4398	-438.4951	-609.226	170.7309	0.4548751	0.7918463	0.87823	1.469787
4404	-437.8601	-608.1129	170.2529	0.2316378	1.061188	1.005814	1.693985
4410	-449.8554	-620.4343	170.5789	0.1083086	0.6387332	0.6339128	2.087478
4416	-444.9798	-615.4373	170.4576	0.1083086	0.5683772	1.001577	1.962153
4422	-450.5521	-620.9651	170.413	0.1610474	0.566428	0.5469769	2.255827
4428	-441.5421	-612.2742	170.7321	0.1105636	0.6382066	0.6556551	1.970216
4434	-438.2538	-608.7898	170.536	0.1273838	0.7821036	0.6556551	2.001332
4440	-439.3137	-609.913	170.5993	0.1502954	0.5114251	0.6683857	2.088222
4446	-444.5281	-615.8429	171.3148	0.1502954	0.5123965	0.8315747	1.474558
4452	-437.8316	-608.9246	171.093	0.09124464	0.7043388	1.283893	1.213336
4458	-442.0067	-612.8127	170.806	0.0932781	0.752156	1.520815	1.216028
4464	-443.0504	-613.3777	170.3273	0.08693175	1.105	1.404233	1.419745
4470	-442.3809	-612.9531	170.5722	0.0932781	0.9256536	1.18974	1.527488
4476	-432.9692	-603.713	170.7438	0.08555981	0.5502818	1.008191	1.787211
4482	-448.2877	-618.7229	170.4352	0.07725682	0.828063	1.118556	1.758285
4488	-428.7326	-599.2863	170.5537	0.07725682	0.757222	0.7837079	1.95332
4494	-431.7531	-601.6758	169.9227	0.07725682	1.041822	0.8360343	2.14999
4500	-440.7437	-610.6664	169.9227	0.07725682	1.041822	0.8360343	2.14999
4506	-440.9016	-612.1	171.1984	0.1216471	0.6430513	1.135127	1.270211
4512	-434.5208	-605.6181	171.0973	0.2471993	0.6503382	1.011742	1.345159
4518	-440.2722	-611.2284	170.9563	0.2478346	0.8323193	1.008009	1.32365
4524	-445.67	-616.2923	170.6223	0.2844903	1.349144	1.047231	1.108541
4530	-436.5605	-606.9468	170.3863	0.0930509	0.8597855	1.28755	1.639849
4536	-445.9425	-616.6264	170.6839	0.1292978	1.057504	1.117999	1.36879
4542	-437.7392	-608.9059	171.1667	0.1291395	0.5865271	1.36266	1.13651
4548	-438.6971	-610.0242	171.3271	0.1291395	0.8398532	0.9702966	1.13651
4554	-437.5161	-608.4953	170.9792	0.2039587	0.8779739	0.9071911	1.384474
4560	-452.1897	-623.4062	171.2166	0.1619785	0.5570902	0.6828465	1.625241
4566	-433.9568	-604.5674	170.6106	0.1619785	0.7386385	0.7415091	1.898075
4572	-437.9618	-609.1132	171.1514	0.1164798	0.7231697	1.033271	1.336384
4578	-437.7463	-608.3826	170.6363	0.2453621	1.063283	0.7692465	1.57681
4584	-440.2123	-610.3122	170.0999	0.4199643	0.7659815	0.9134501	1.935146
4590	-425.5188	-596.6924	171.1736	0.1169331	0.5487289	0.8558549	1.56789
4596	-459.298	-630.4463	171.1483	0.1473591	1.016111	0.8935248	1.190863
4602	-465.6326	-635.2537	169.6211	0.3149874	1.024138	0.6699521	2.309622
4608	-447.0417	-617.6411	170.5994	0.1702496	1.315527	0.7267523	1.50717
4614	-441.5398	-612.3477	170.808	0.1170526	0.9159307	0.8055401	1.62591
4620	-433.0428	-603.2817	170.2389	0.2862049	1.084559	0.8772885	1.739588
4626	-432.3628	-602.9833	170.6205	0.1338607	1.092147	1.230834	1.297918
4632	-443.8964	-614.7414	170.845	0.1350329	0.6335721	1.167453	1.516905
4638	-438.8945	-609.2317	170.3372	0.3536604	1.040874	0.8760521	1.653863
4644	-435.701	-605.9008	170.1999	0.2914773	0.7575894	0.8944203	1.972473
4650	-440.0479	-609.9665	169.9186	0.3339571	1.227403	1.026622	1.726757
4656	-434.7566	-603.9335	169.1769	0.5188441	1.265134	0.9402292	2.136328
4662	-443.1972	-611.6577	168.4605	1.092149	1.360174	1.434932	1.839747
4668	-450.5521	-617.4342	166.8821	3.254534	0.573185	1.003093	2.240497
4674	-433.6041	-602.0391	168.435	1.800068	1.05064	1.235188	1.715634
4680	-434.086	-601.9886	167.9026	1.436038	0.9972672	1.240139	2.344099
4686	-440.7967	-607.0201	166.2235	3.19297	0.545008	1.503933	2.393807
4692	-446.487	-615.465	168.978	1.521825	0.8347695	0.9743107	1.862077
4698	-433.7122	-602.7929	169.0807	0.8963585	0.7929237	1.128767	2.135066
4704	-433.7941	-602.3622	168.5681	1.370231	0.8558703	1.313871	1.997843
4710	-442.5712	-610.5554	167.9842	1.68898	1.472612	0.816389	2.101846
4716	-434.0679	-601.8626	167.7947	2.348377	0.9093304	1.141991	1.940327
4722	-454.8076	-623.2275	168.42	1.617623	0.9282647	1.028058	2.073906
4728	-444.4315	-611.2617	166.8302	2.349441	0.9481708	0.9213065	2.67325
4734	-461.7557	-627.6441	165.8883	2.397063	1.999624	1.166039	2.465044
4740	-444.356	-610.426	166.07	2.928395	0.9737128	1.412331	2.465044
4746	-441.501	-606.8626	165.3616	3.099777	1.30787	0.9830077	2.856577
4752	-438.5201	-609.6482	171.1281	0.1629479	0.5596743	0.7620231	1.629865
4758	-438.328	-608.6932	170.3652	0.1151548	0.7843266	0.5702254	2.176439
4764	-433.8997	-604.8185	170.9188	0.1218225	0.7210479	0.7298262	1.732506
4770	-447.5184	-615.7883	168.2699	1.350744	1.017518	0.6254019	2.540583
4776	-436.2768	-605.4135	169.1367	0.8832097	0.8104482	1.444292	1.88511
4782	-444.6648	-613.2609	168.5961	1.439636	1.00008	1.688462	1.569393
4788	-444.8138	-613.5653	168.7515	1.075105	1.195741	0.8596601	2.147902
4794	-439.0569	-607.5598	168.503	0.6925672	2.685524	1.035905	1.581843
4800	-442.9535	-610.8023	167.8488	1.995435	1.575749	1.304848	1.581843
4806	-438.7258	-604.6876	165.9618	2.72793	1.575749	0.8647051	2.63418
4812	-437.7557	-604.9731	167.2174	2.234834	0.756853	1.537621	2.232755
4818	-450.6238	-615.9844	165.3606	2.631651	1.921585	0.9202133	2.838298
4824	-453.1747	-618.5303	165.3556	4.37826	0.8744426	1.296259	2.132312
4830	-455.5772	-625.371	169.7939	0.1712156	2.015685	0.6843777	1.662193
4836	-439.4479	-610.3614	170.9135	0.1441648	1.041963	1.004698	1.27582
4842	-443.2521	-613.5631	170.3109	0.1108895	1.042146	1.131434	1.662697
4848	-444.2968	-614.6388	170.3419	0.08957334	0.9045194	1.065379	1.799003
4854	-433.9503	-604.8708	170.9205	0.08957334	1.099679	0.9661442	1.299169
4860	-429.7733	-600.6603	170.887	0.1516437	1.088086	0.6067167	1.562719
4866	-432.5796	-603.5521	170.9725	0.1508673	0.8302467	0.708151	1.614195
4872	-428.6615	-599.3071	170.6456	0.11243	0.5686367	0.9082397	1.895333
4878	-437.639	-608.42	170.781	0.1516553	0.6836468	0.8607684	1.740566
4884	-430.7778	-601.0379	170.2602	0.0960141	1.335883	1.610442	1.108688
4890	-427.45	-597.5011	170.0511	0.1209786	1.730654	0.9805623	1.474569
4896	-431.2772	-601.9051	170.628	0.1223308	1.565045	0.8985402	1.197935
4902	-433.0526	-603.612	170.5594	0.141612	0.9792693	1.142822	1.496013
4908	-433.4692	-604.2846	170.8154	0.1388894	0.9606046	0.9511118	1.463611
4914	-443.1525	-613.647	170.4945	0.221971	1.052568	1.214133	1.373118
4920	-450.6669	-621.5564	170.8895	0.1595833	0.9613114	1.391081	1.010836
4926	-446.5427	-617.2692	170.7265	0.13507	0.809843	1.705074	1.033787
4932	-435.797	-605.7958	169.9989	0.2318053	2.081341	1.086349	1.08982
4938	-436.3331	-606.8111	170.4779	0.2318053	1.182657	1.566182	0.9534653
4944	-445.3125	-616.0235	170.7109	0.1981148	0.9644687	1.299768	1.21823
4950	-436.1954	-606.5155	170.3201	0.1201998	1.193794	0.969528	1.657471
4956	-440.994	-610.8743	169.8803	0.5147962	0.9118949	1.42861	1.560929
4962	-440.0828	-609.1025	169.0197	0.8810007	0.9118949	1.849574	1.614561
4968	-440.5054	-608.8588	168.3534	1.612563	1.114658	1.250675	1.847571
4974	-442.1305	-609.3398	167.2093	2.742276	0.802756	1.250675	2.065546
4980	-438.3522	-603.9428	165.5906	3.728853	1.646158	1.380193	1.853586
4986	-434.863	-602.0793	167.2163	2.418606	1.143843	1.531914	1.861827
4992	-441.3995	-609.6386	168.239	1.442295	1.250701	1.531914	1.75699
4998	-447.1241	-613.9128	166.7887	3.348943	0.8115036	1.375386	1.851083
5004	-459.2512	-627.3103	168.0591	0.8750547	1.297859	1.757646	2.078817
5010	-431.8942	-602.5525	170.6583	0.100426	0.9520906	1.358691	1.304178
5016	-434.8185	-605.6291	170.8107	0.1439702	0.9520906	1.155142	1.310377
5022	-443.2965	-613.3815	170.0851	0.1032656	1.508643	1.377809	1.310377
5028	-445.1949	-615.9205	170.7257	0.1787864	0.6470679	1.669569	1.166415
5034	-445.2222	-612.6185	167.3964	2.558858	0.9051894	1.98344	1.480288
5040	-439.1961	-606.8787	167.6826	1.937584	0.7183819	1.885789	1.916426
5046	-445.9424	-613.4198	167.4775	2.61179	0.9719779	1.095136	1.965977
5052	-452.2524	-616.8532	164.6008	5.175422	1.194904	1.292408	1.894309
5058	-442.1727	-610.7325	168.5598	1.685091	0.8649601	1.45677	1.682863
5064	-438.8766	-607.9906	169.1139	1.401651	0.7012427	1.559522	1.525849
5070	-437.3395	-607.0418	169.7023	0.9099768	0.7065312	1.015861	1.840684
5076	-440.7858	-608.117	167.3312	2.09222	0.524786	1.165572	2.609739
5082	-446.3548	-614.5165	168.1617	1.917022	0.4618347	1.172498	2.215347
5088	-444.3674	-612.4232	168.0558	1.402272	1.334469	1.269994	2.031401
5094	-446.2152	-613.5554	167.3402	2.423231	0.8845149	1.19833	2.170347
5100	-441.3422	-609.4863	168.1441	0.929945	1.48549	0.9252051	2.409167
5106	-439.7589	-604.3657	164.6068	5.027725	0.7338553	1.47796	2.167501
5112	-440.2405	-606.4489	166.2085	3.076637	0.7175662	0.8127717	2.81271
5118	-440.8957	-607.5741	166.6784	2.4829	1.058545	0.8985779	2.630585
5124	-443.0312	-610.8418	167.8106	1.034539	0.8971016	0.9237684	2.906552
5130	-438.8084	-606.7299	167.9216	1.767363	0.8294497	1.118227	2.304863
5136	-458.6874	-627.1159	168.4285	1.20157	1.107938	1.171484	2.129451
5142	-453.1494	-620.5521	167.4026	2.137298	0.532304	1.710727	2.188264
5148	-453.2953	-619.9058	166.6104	1.612153	0.9868585	0.8138081	3.289993
5154	-442.0052	-608.2333	166.2282	2.617306	1.622489	1.316482	2.22439
5160	-438.9634	-605.4065	166.4431	3.576967	0.9412919	1.292091	1.900473
5166	-437.2686	-602.7407	165.4721	4.074601	1.059199	1.286442	2.140537
5172	-452.0655	-618.4548	166.3893	2.820115	1.031137	1.534652	2.216566
5178	-464.2151	-631.9736	167.7585	1.660563	0.8634589	0.8364931	2.629858
5184	-457.6405	-624.2508	166.6103	2.468375	0.8634589	0.8617198	2.822878
5190	-453.6871	-618.6505	164.9634	2.60091	1.614045	0.7996409	3.328849
5196	-441.1051	-607.6196	166.5145	2.401969	0.8299692	1.16722	2.755645
5202	-438.5757	-604.9034	166.3278	2.686458	1.247754	1.267165	2.37506
5208	-445.7787	-613.3262	167.5474	2.296074	0.8472314	1.428467	1.990357
5214	-438.2378	-606.6656	168.4278	1.757244	0.8472314	0.9552054	2.077685
5220	-440.8267	-609.1591	168.3323	1.190911	0.7502331	0.9552054	2.559998
5226	-438.0769	-609.0457	170.9688	0.2134499	0.6533939	0.7115075	1.688807
5232	-447.1984	-617.8199	170.6215	0.2342399	0.7100475	0.7115075	1.88011
5238	-445.131	-614.7629	169.6319	0.6056861	0.6809799	1.003308	2.115588
5244	-443.3278	-612.9822	169.6544	0.5935188	1.100151	1.266566	1.649043
5250	-436.8885	-606.992	170.1035	0.2891259	1.623718	0.8735735	1.461828
5256	-446.6509	-616.9775	170.3266	0.1404214	1.458597	1.109193	1.340072
5262	-432.1111	-602.5416	170.4305	0.1910227	1.294565	1.018471	1.413441
5268	-441.2238	-611.3786	170.1548	0.1771835	1.357993	0.8027375	1.739065
5274	-426.2534	-597.0774	170.824	0.211416	0.9758365	0.6466923	1.617737
5280	-438.4904	-609.138	170.6476	0.119066	1.142096	1.08244	1.367152
5286	-428.6749	-599.8324	171.1575	0.1320221	0.6027108	0.8603297	1.534381
5292	-424.5861	-595.3494	170.7632	0.1230208	1.246153	0.8833079	1.348889
5298	-431.5579	-602.9086	171.3507	0.1503116	0.8239497	1.013569	1.070292
5304	-434.7595	-605.8285	171.0691	0.2286917	0.81377	0.924977	1.329699
5310	-446.6216	-616.5288	169.9072	0.335388	1.550127	1.137108	1.426864
5316	-436.3528	-607.245	170.8922	0.1120897	1.068337	1.137108	1.187082
5322	-440.8746	-611.9929	171.1183	0.1423396	0.4733974	1.417275	1.187082
5328	-451.5069	-622.6502	171.1433	0.1488867	0.4733974	1.262142	1.290706
5334	-437.3657	-608.4846	171.1189	0.1341299	0.5439972	1.256626	1.290706
5340	-438.4056	-608.7146	170.309	0.09172347	1.232954	1.256626	1.446349
5346	-437.4131	-608.3022	170.8891	0.107393	1.077293	0.961288	1.332019
5352	-440.1813	-611.1429	170.9616	0.2711698	0.5476775	0.961288	1.53323
5358	-449.7666	-620.9098	171.1431	0.1627819	0.6927651	0.961288	1.385414
5364	-439.616	-610.5118	170.8959	0.4291444	0.6410887	0.8685934	1.477371
5370	-444.209	-615.0847	170.8757	0.1451951	0.7884991	0.9490519	1.542659
5376	-445.1774	-615.5517	170.3743	0.2814408	0.9736033	0.9796805	1.652953
5382	-451.9281	-622.611	170.6829	0.1028802	0.6011354	1.309994	1.575194
5388	-454.006	-624.7376	170.7316	0.2946001	0.5782038	1.266677	1.441454
5394	-451.8696	-619.1631	167.2935	1.381333	1.092233	0.883632	2.91599
5400	-463.7742	-629.7969	166.0227	1.695791	1.608514	0.8000304	3.240636
5406	-450.8162	-615.8074	164.9911	3.827749	0.9287387	0.9382409	2.894635
5412	-458.1397	-625.8716	167.7319	1.447715	0.9471611	0.9864936	2.633722
5418	-444.4917	-613.6486	169.1569	0.8192307	0.9290882	0.9864936	2.140891
5424	-439.0823	-608.2579	169.1756	1.177842	0.5833889	1.080844	2.043119
5430	-446.8079	-612.4296	165.6217	4.43931	0.4985324	1.542861	1.970219
5436	-432.2951	-601.9791	169.684	0.8683658	1.146496	0.9694083	1.610532
5442	-442.2617	-611.5605	169.2987	0.8712568	0.9611983	1.272555	1.797481
5448	-433.3088	-599.8075	166.4987	2.759453	1.206112	1.710656	1.954329
5454	-441.1312	-607.0571	165.9259	3.045882	1.278609	1.390674	2.304336
5460	-438.7194	-606.2109	167.4916	1.831601	0.948032	1.390674	2.289357
5466	-450.3831	-618.3116	167.9284	1.343852	1.442453	1.377752	2.014649
5472	-445.3503	-612.8899	167.5396	1.10347	1.2438	1.424849	2.511732
5478	-441.0596	-608.988	167.9284	2.020752	1.058332	0.7777036	2.210141
5484	-445.3034	-612.6384	167.335	1.57166	0.856464	0.7518644	2.99723
5490	-441.5407	-611.722	170.1813	0.3498578	1.5226	1.031927	1.302275
5496	-441.1233	-610.7915	169.6683	0.5778248	1.231717	1.501804	1.377182
5502	-435.9195	-606.6828	170.7632	0.1854371	1.276174	0.9009742	1.260169
5508	-451.5067	-621.9699	170.4631	0.1613789	1.191145	0.7681518	1.671646
5514	-441.5875	-611.7407	170.1531	0.2537501	1.26305	0.7176966	1.810194
5520	-439.5595	-609.8102	170.2507	0.4530836	0.7982252	0.7884075	1.874124
5526	-446.0991	-616.7157	170.6166	0.2485437	1.142489	1.124868	1.252837
5532	-439.9998	-610.8627	170.8629	0.5030583	0.6007916	1.145855	1.252837
5538	-440.5575	-610.9499	170.3925	0.2256738	0.5594914	0.601878	2.1954
5544	-437.9944	-609.0316	171.0372	0.1444512	0.8742617	0.8437532	1.437642
5550	-450.32	-621.6634	171.3435	0.1498339	0.4074794	0.8784548	1.455264
5556	-452.3009	-620.9421	168.6412	0.5837806	1.018405	0.9259895	2.599086
5562	-446.4511	-615.2958	168.8447	1.330961	0.7555244	1.483626	1.787426
5568	-442.4985	-608.4918	165.9933	3.396384	1.226818	1.643318	1.897188
5574	-453.1602	-621.9384	168.7782	1.147377	0.5857677	1.438686	2.088076
5580	-444.9196	-613.0964	168.1768	1.695559	0.8515951	1.10073	2.184132
5586	-449.7325	-618.9399	169.2075	1.490895	0.7225273	1.431921	1.469627
5592	-447.5246	-616.9978	169.4731	0.9566187	1.107766	0.8128192	1.834467
5598	-443.7909	-613.6448	169.8539	0.4521814	1.347941	1.127258	1.530838
5604	-447.0564	-617.9583	170.9019	0.1560162	0.8981194	1.017988	1.38017
5610	-442.9452	-614.288	171.3429	0.1313061	0.6255072	0.9417828	1.314474
5616	-447.7387	-618.7155	170.9769	0.1523071	0.6976852	0.9895622	1.495679
5622	-442.9953	-613.4206	170.4253	0.1313114	0.8450372	0.9472379	1.834804
5628	-451.2187	-622.2956	171.077	0.1461119	0.6355316	0.7999001	1.607211
5634	-430.2102	-601.3697	171.1595	0.1458549	0.6409069	0.7999001	1.543537
5640	-431.216	-601.4409	170.225	0.07855661	0.9745567	1.116331	1.803964
5646	-431.7591	-602.0909	170.3319	0.1147761	1.066639	0.831708	1.838055
5652	-449.3413	-619.5785	170.2373	0.4537351	0.695039	0.7708384	1.960713
5658	-450.0365	-620.3334	170.2969	0.3468744	0.7373107	0.8004808	1.946125
5664	-451.7223	-622.6246	170.9023	0.2257324	0.5101313	0.5293654	1.92933
5670	-448.2162	-618.6743	170.458	0.1467974	0.5624979	0.711566	2.131252
5676	-442.6478	-613.1276	170.4798	0.2712728	0.5624979	0.5132411	2.165219
5682	-448.0008	-617.5666	169.5659	0.8622981	0.5636595	0.835237	2.165219
5688	-451.809	-620.4323	168.6233	1.322545	0.7384194	0.835237	2.377218
5694	-447.4791	-614.9472	167.4681	2.115206	1.200683	1.414568	1.938325
5700	-439.9714	-607.3935	167.4221	2.926062	0.6292992	0.9807464	2.087726
5706	-443.8319	-612.8441	169.0122	1.239887	0.7454828	0.7989681	2.200234
5712	-438.3311	-607.632	169.3009	0.664632	0.8963167	1.071813	2.113369
5718	-443.314	-611.8235	168.5095	0.9896251	1.225263	0.8106362	2.371064
5724	-450.3947	-616.4897	166.095	2.084173	1.005375	1.46696	2.915443
5730	-448.7274	-613.8322	165.1047	4.772882	0.6773028	1.26274	2.183272
5736	-434.6407	-601.7467	167.106	2.429815	1.00807	1.267683	2.19303
5742	-429.4043	-598.0361	168.6319	0.7054996	0.9088778	0.5292655	2.840304
5748	-439.4055	-608.6158	169.2103	0.7054996	0.8972145	0.6031779	2.444996
5754	-436.5851	-604.6848	168.0998	1.207527	0.8972145	1.068857	2.534348
5760	-451.4134	-620.8482	169.4348	0.8942636	1.166061	1.104224	1.660282
5766	-446.3823	-614.7897	168.4074	1.481227	1.103002	1.219981	1.928945
5772	-446.1496	-615.4635	169.3138	0.7381448	1.4786	1.399986	1.422665
5778	-437.5798	-606.9411	169.3613	0.6151365	1.215308	0.9673791	1.964999
5784	-437.2589	-606.1746	168.9156	1.397032	0.7619905	1.137848	1.926094
5790	-444.6103	-613.7252	169.1148	0.7764224	1.03791	1.076188	2.066414
5796	-444.5642	-613.385	168.8208	1.653644	0.7725282	1.658475	1.431455
5802	-445.6483	-614.9709	169.3226	1.023268	0.5815815	1.532366	1.742199
5808	-426.3237	-595.4613	169.1375	0.6804174	0.5815815	0.9996663	2.441167
5814	-438.6639	-604.9567	166.2928	1.996065	1.32692	0.800346	3.05919
5820	-435.4378	-603.5877	168.1499	1.194769	1.044426	1.09039	2.405258
5826	-434.66	-602.334	167.674	2.468149	0.6938465	1.107762	2.102044
5832	-443.4166	-611.2068	167.7902	1.394561	1.04382	1.312168	2.366513
5838	-444.6702	-613.6487	168.9784	1.719552	0.8399824	1.02367	1.686147
5844	-443.1052	-611.5169	168.4117	1.136741	1.179332	1.311603	2.044413
5850	-429.2546	-596.0272	166.7727	2.63785	1.406251	1.229064	2.044413
5856	-431.0631	-596.1731	165.11	2.926844	1.489415	1.626755	2.616405
5862	-434.2811	-604.0629	169.7818	0.3879495	1.669389	0.7768862	1.666281
5868	-437.2085	-607.3158	170.1073	0.1141329	1.376832	0.9003862	1.73542
5874	-428.4495	-599.7695	171.32	0.1678425	0.6289765	1.028388	1.229372
5880	-420.2676	-590.7651	170.4975	0.1678425	1.296103	0.9895981	1.400698
5886	-433.9089	-604.7067	170.7977	0.1630353	1.042205	1.122806	1.258086
5892	-433.048	-603.8765	170.8285	0.2085048	0.9253182	1.038283	1.359305
5898	-438.6899	-609.3997	170.7099	0.1048503	0.9005389	1.076627	1.519241
5904	-439.1058	-610.3215	171.2157	0.1661815	0.7839738	0.9561926	1.259308
5910	-436.0307	-606.8951	170.8644	0.2541189	0.7583239	1.244149	1.259308
5916	-440.0613	-610.226	170.1646	0.6567173	0.7583239	0.906234	1.737924
5922	-453.0507	-617.7975	164.7468	0.03702548	0.7702034	1.598716	4.925632
5928	-448.8355	-613.2963	164.4608	0.03702548	0.6775872	1.428619	5.226559
5934	-452.4838	-615.7182	163.2344	0.03702548	1.01238	1.264854	5.811775
5940	-446.8802	-609.741	162.8608	0.03702548	0.9564908	1.168423	6.09884
5946	-445.7135	-611.0963	165.3828	0.03702548	0.930857	1.647432	4.453997
5952	-442.3464	-608.3062	165.9598	0.03702548	0.7981341	1.421442	4.329856
5958	-451.1572	-616.7009	165.5437	0.04018511	1.082982	1.003514	4.638195
5964	-438.4666	-604.0746	165.608	0.04018511	1.238818	0.9463327	4.547666
5970	-441.8396	-606.9226	165.083	0.04006997	1.24973	1.460795	4.547666
5976	-440.1337	-606.5888	166.4551	0.04244235	1.062268	1.579736	3.804493
5982	-430.0134	-597.8725	167.8591	0.04324948	0.6003766	1.32169	3.3954
5988	-433.1856	-601.6354	168.4498	0.04324948	0.440611	1.32169	3.10757
5994	-444.159	-613.1444	168.9854	0.05242033	0.8737869	1.182489	2.645315
6000	-451.7493	-620.822	169.0727	0.05065002	0.7390727	1.171379	2.680064
6006	-438.3104	-606.8932	168.5828	0.06503157	1.324061	0.9288838	2.766542
6012	-460.3061	-629.9222	169.6161	0.7174034	0.5133608	0.7164861	2.325374
6018	-449.8931	-617.0049	167.1118	2.111191	0.869033	1.439975	2.371749
6024	-431.9161	-602.2838	170.3677	0.08928045	1.167825	0.9407838	1.684387
6030	-443.2354	-613.9744	170.739	0.1181268	0.6813354	0.6187962	1.959616
6036	-441.6934	-612.2225	170.5291	0.1338885	0.7526314	0.6187962	2.044824
6042	-435.8501	-605.1328	169.2827	0.07281001	1.39825	1.194259	2.108587
6048	-437.5621	-608.0052	170.4431	0.214299	1.21178	1.175754	1.325059
6054	-438.0005	-609.0044	171.004	0.1574163	0.9953493	1.034717	1.202747
6060	-449.2207	-614.893	165.6723	3.198543	0.841211	0.9870447	2.886199
6066	-444.4909	-610.7364	166.2455	2.97458	0.8861562	0.7531216	2.789261
6072	-439.8127	-607.8602	168.0475	1.331074	0.9365575	0.7531216	2.66146
6078	-450.7447	-616.889	166.1443	2.895177	0.9365575	1.03194	2.698505
6084	-454.4165	-621.6212	167.2047	2.646386	0.9365575	2.041261	1.491669
6090	-452.6075	-622.9266	170.3191	0.4797608	0.48005	1.674479	1.35294
6096	-448.2437	-616.4495	168.2058	1.945327	0.4854574	2.01572	1.583297
6102	-454.8249	-618.7707	163.9458	5.803957	0.8066736	1.663455	1.922194
6108	-443.1075	-610.391	167.2835	2.573205	0.7531079	1.272212	2.144948
6114	-449.7367	-617.0859	167.3492	2.34524	1.03544	1.108276	2.175793
6120	-441.8655	-610.0396	168.1741	1.481612	1.00954	1.814502	1.744542
6126	-448.217	-617.2693	169.0524	0.8727018	1.070049	1.866464	1.467007
6132	-436.3591	-602.0833	165.7242	3.579077	1.070049	2.014486	1.808562
6138	-440.0538	-607.4578	167.404	3.087576	0.5097468	1.768354	1.503487
6144	-445.978	-613.8283	167.8503	2.155604	0.4863156	1.392905	2.110845
6150	-442.1385	-609.3391	167.2006	1.704206	0.4863156	0.7965274	3.161548
6156	-435.706	-601.1395	165.4335	4.231661	0.7380556	0.7965274	2.577532
6162	-434.1299	-599.8353	165.7054	3.39708	1.367273	1.208063	2.282707
6168	-443.5769	-611.8854	168.3085	1.849751	0.7912778	1.246857	1.937757
6174	-451.0007	-617.6955	166.6949	2.735417	1.210821	1.092221	2.244311
6180	-443.1566	-610.717	167.5604	1.997677	0.9232611	1.256294	2.240707
6186	-445.5026	-613.7772	168.2745	1.81293	0.5306369	1.008067	2.288888
6192	-450.1384	-617.7448	167.6064	1.019102	0.9807966	1.76384	2.474024
6198	-438.0545	-605.3681	167.3136	2.18306	0.7056206	1.189517	2.456348
6204	-440.223	-607.9134	167.6904	1.871028	0.8258453	0.9680522	2.482607
6210	-446.0202	-612.8597	166.8395	3.138668	0.7969688	0.8909636	2.285489
6216	-439.7988	-609.6049	169.8061	0.6005846	0.8944117	0.9621073	1.893734
6222	-444.3571	-611.9812	167.6241	2.07206	0.985805	0.8539793	2.369528
6228	-451.7357	-620.7357	169.0001	1.062449	0.694351	1.139855	2.132825
6234	-450.248	-616.9829	166.7348	2.246179	1.088166	1.236887	2.514156
6240	-446.5013	-611.5046	165.0033	3.461377	2.309538	1.371865	2.054132
6246	-441.717	-605.9296	164.2125	4.718931	1.609853	1.481758	2.068139
6252	-449.9117	-615.6679	165.7561	3.727522	0.8035025	1.713893	2.068139
6258	-443.7878	-611.0186	167.2308	2.875655	1.007204	1.12397	1.911228
6264	-455.1577	-620.4391	165.2814	4.064867	1.342693	1.004652	2.271985
6270	-452.2755	-622.8384	170.5629	0.1965704	1.228628	0.9228669	1.430415
6276	-440.3121	-611.0128	170.7007	0.3003383	0.8342346	0.6660343	1.728739
6282	-447.7756	-618.4939	170.7183	0.1226453	1.229109	0.9621867	1.335464
6288	-440.7436	-610.331	169.5873	0.09238941	1.647054	0.9811989	1.879458
6294	-442.7594	-613.0792	170.3197	0.1027094	1.256632	0.925694	1.657482
6300	-441.6012	-612.006	170.4047	0.1349282	0.9462092	1.019419	1.726599
6306	-437.2317	-607.1632	169.9315	0.07120565	0.970565	1.019419	2.074763
6312	-438.2568	-609.0214	170.7646	0.1716608	1.084969	0.8426336	1.46532
6318	-435.2771	-606.182	170.9049	0.1103572	0.6300552	0.7632031	1.784008
6324	-436.8405	-608.239	171.3985	0.1766144	0.5312555	0.6671041	1.506016
6330	-433.4683	-604.152	170.6837	0.1752548	1.0916	0.8056022	1.54601
6336	-444.806	-614.3018	169.4958	0.3832431	1.280776	0.8056022	2.094435
6342	-442.0256	-611.2493	169.2236	0.8006948	1.436369	1.273172	1.568694
6348	-453.9878	-622.7079	168.7201	1.145623	1.27732	1.043646	1.947393
6354	-444.7231	-613.4794	168.7563	1.066252	0.5293568	1.126148	2.382868
6360	-446.7403	-612.3164	165.5762	2.667137	0.7805638	0.6399632	3.499362
6366	-443.1306	-607.8819	164.7513	4.67219	0.9332384	1.580855	2.110927
6372	-452.6017	-620.3387	167.737	2.498243	1.006586	1.003152	1.906265
6378	-454.6746	-622.3004	167.6259	1.930209	1.342008	1.351437	1.906265
6384	-449.4179	-617.0844	167.6664	1.600347	1.24124	1.351437	2.163094
6390	-447.5861	-613.9647	166.3786	3.678208	0.8585305	1.473	1.807768
6396	-443.0536	-611.5613	168.5077	1.693787	0.4742572	0.836673	2.347688
6402	-457.5265	-625.0181	167.4916	1.970788	1.200118	0.9236461	2.338363
6408	-460.4855	-629.3412	168.8556	1.346411	0.4699737	0.8785423	2.322118
6414	-456.7143	-626.2884	169.5741	1.115053	0.3257952	0.8785423	2.020239
6420	-445.7462	-614.2942	168.548	1.292782	0.620492	0.9284988	2.451602
6426	-445.32	-614.325	169.0051	0.9647418	0.8174349	0.9953696	2.21093
6432	-450.1498	-617.1098	166.96	1.76348	1.060381	1.246418	2.684881
6438	-445.5133	-611.6493	166.136	2.70264	0.8931302	0.7827044	2.997746
6444	-446.6223	-611.63	165.0077	4.564908	0.6907019	0.7152867	2.711846
6450	-444.0928	-608.2665	164.1737	4.766617	0.8208625	1.228874	2.708811
6456	-432.313	-597.466	165.153	4.352823	0.8830566	1.165499	2.357642
6462	-441.1975	-607.2963	166.0988	2.842288	1.409802	1.011219	2.483655
6468	-437.225	-604.2344	167.0093	1.92299	1.002508	1.445982	2.467339
6474	-444.3993	-611.485	167.0857	2.60006	0.8035534	1.323814	2.190935
6480	-452.7664	-618.5556	165.7892	3.406866	1.250282	1.209788	2.294279
6486	-447.1222	-612.6823	165.5602	3.540346	0.7546767	1.091924	2.733714
6492	-443.0149	-609.2716	166.2566	2.580423	0.9712465	1.231421	2.679037
6498	-451.8366	-617.0459	165.2092	2.966775	0.9712465	1.253804	3.065787
6504	-434.4254	-601.3727	166.9473	2.74734	0.5418572	0.9505136	2.567565
6510	-442.7845	-611.1636	168.3791	1.648731	0.8656709	0.9612739	2.164673
6516	-448.9178	-617.305	168.3872	1.293871	0.7355171	1.434201	2.164673
6522	-451.2474	-619.5379	168.2906	1.760349	0.7378861	1.497201	1.875407
6528	-441.8422	-606.5534	164.7112	4.990726	0.7290209	1.826305	1.89461
6534	-446.2807	-613.7459	167.4652	2.248719	0.7332492	1.216111	2.285493
6540	-458.1134	-625.5523	167.4389	1.354236	0.6216888	0.9480329	3.079084
6546	-450.5397	-618.5607	168.0211	1.510074	0.6852496	1.327933	2.359036
6552	-445.82	-615.2807	169.4607	0.5005124	0.6852496	0.8366131	2.397809
6558	-436.8329	-607.756	170.923	0.1017158	0.8668027	0.8366131	1.566164
6564	-423.2904	-593.4214	170.1309	0.07995027	1.01052	1.202132	1.783767
6570	-435.0794	-605.9925	170.9131	0.1291766	0.7504031	1.360458	1.232151
6576	-440.6536	-611.0405	170.387	0.1373597	1.631174	1.360458	0.9146856
6582	-442.0721	-612.9009	170.8288	0.1373597	0.7140258	1.360458	1.32277
6588	-440.9684	-612.1648	171.1964	0.1175531	0.6571743	1.207645	1.204112
6594	-436.3579	-606.5523	170.1944	0.1175531	1.602428	1.295267	1.204112
6600	-427.0091	-597.6733	170.6642	0.7031391	0.4114919	1.540247	0.99851
6606	-429.9561	-600.9637	171.0076	0.2911024	0.8566256	1.196137	1.058621
6612	-430.4763	-600.9463	170.47	0.1518413	1.411434	0.9005597	1.417395
6618	-433.7736	-604.6628	170.8892	0.1518413	0.9865304	0.7861116	1.503063
6624	-439.6287	-610.8516	171.2229	0.3414626	0.5757079	0.8209794	1.371185
6630	-451.5299	-622.448	170.9181	0.108071	0.6596431	1.063822	1.542685
6636	-454.0981	-624.8769	170.7787	0.1090998	0.4373482	0.8443612	1.904768
6642	-435.0029	-606.3385	171.3356	0.1090998	0.5899675	0.7686926	1.494674
6648	-426.1381	-596.7712	170.6331	0.1374718	0.9133792	0.7132655	1.801934
6654	-439.5756	-610.223	170.6474	0.1374718	1.135943	0.6372128	1.689607
6660	-452.0262	-622.7988	170.7727	0.2305283	0.8815601	1.098918	1.372495
6666	-434.1055	-604.9776	170.8722	0.1466269	1.159051	0.776224	1.396337
6672	-441.4722	-612.251	170.7788	0.1212149	1.000601	1.052952	1.396337
6678	-437.4222	-607.5202	170.098	0.1094054	1.496591	1.052952	1.554291
6684	-445.1517	-615.5984	170.4467	0.1125472	1.223003	0.9293064	1.579769
6690	-449.8672	-620.7602	170.8929	0.1187061	1.122133	0.8790473	1.34993
6696	-433.3462	-603.8841	170.5379	0.07941601	0.8751573	1.21326	1.582706
6702	-432.5443	-602.7511	170.2068	0.07941601	1.344252	1.370757	1.362553
6708	-436.065	-606.8926	170.8276	0.1185625	1.151073	1.032765	1.25493
6714	-440.2812	-610.7369	170.4558	0.1204324	1.311497	1.125297	1.352378
6720	-439.124	-609.529	170.405	0.1021724	1.096823	1.189005	1.518644
6726	-439.9512	-610.4283	170.4771	0.136892	1.347864	0.9052969	1.466426
6732	-434.6921	-605.3924	170.7003	0.135192	0.9750551	1.051725	1.466426
6738	-435.385	-606.2333	170.8483	0.1277207	0.7397894	0.9716985	1.593161
6744	-439.5506	-609.579	170.0284	0.1202812	1.501545	1.237951	1.456207
6750	-443.2809	-611.4354	168.1546	1.00467	1.669639	1.557349	1.827297
6756	-450.9794	-621.6227	170.6433	0.3504912	0.6444478	0.8628305	1.720627
6762	-445.9422	-616.2696	170.3274	0.1351547	1.165357	0.8348905	1.756872
6768	-444.2086	-613.9637	169.7551	0.06880232	1.059213	0.8088695	2.270093
6774	-449.7651	-619.2052	169.4401	0.06880232	0.7306208	0.6963535	2.739777
6780	-439.1893	-608.6572	169.4679	0.06586635	1.118016	1.033576	2.274509
6786	-442.281	-610.7095	168.4285	0.05681541	1.694268	1.006099	2.606322
6792	-445.8293	-614.5515	168.7222	0.05681541	1.057629	0.9537562	2.831355
6798	-443.1105	-612.1498	169.0393	0.05991121	1.176787	0.9049475	2.59236
6804	-447.6168	-616.1286	168.5118	0.05991121	1.832805	0.7750517	2.619618
6810	-436.1806	-604.5392	168.3586	0.06010417	1.216985	0.8274284	3.02946
6816	-435.8017	-605.0798	169.2781	0.06630821	1.216985	0.9100251	2.411172
6822	-434.1782	-603.9255	169.7474	0.07835356	1.012485	1.18799	2.052646
6828	-432.356	-602.5784	170.2224	0.07835356	1.012485	1.170403	1.741794
6834	-440.3022	-610.2984	169.9962	0.07835356	1.210312	1.244763	1.710303
6840	-434.9481	-605.5035	170.5554	0.09826174	1.055074	1.218145	1.417049
6846	-441.7334	-612.4865	170.7531	0.1013263	0.8310402	1.110463	1.515578
6852	-439.9602	-610.7615	170.8013	0.1600646	0.8310402	0.9249001	1.573708
6858	-433.5036	-604.5804	171.0768	0.12605	0.7735966	1.107831	1.290031
6864	-429.5352	-600.734	171.1988	0.1413195	0.789445	0.9553284	1.290031
6870	-425.8244	-596.7039	170.8795	0.1283312	0.789445	1.041776	1.482459
6876	-438.701	-609.4256	170.7246	0.2569079	0.4145113	1.106477	1.662869
6882	-428.6032	-599.6065	171.0033	0.1414937	0.8677154	1.042253	1.315771
6888	-436.8479	-608.149	171.3011	0.2044593	0.6279395	0.7474919	1.440764
6894	-441.0444	-612.0626	171.0182	0.2044593	1.007065	0.9460457	1.216083
6900	-438.2294	-609.055	170.8257	0.1457297	0.9886996	0.968413	1.415731
6906	-440.0617	-610.2425	170.1808	0.5067183	0.7759791	0.9152098	1.813035
6912	-443.3241	-613.0874	169.7633	0.4346718	0.7759791	0.6102457	2.337309
6918	-442.3423	-612.625	170.2827	0.1200813	0.6191741	0.7060337	2.236435
6924	-442.4204	-612.7368	170.3165	0.3502854	0.5902943	0.5048903	2.211227
6930	-446.39	-617.51	171.12	0.2076331	0.5446817	0.5321335	1.77455
6936	-438.3264	-608.3721	170.0457	0.1309396	1.06903	0.6158023	2.160652
6942	-438.8567	-609.6808	170.8241	0.2346858	0.9756177	0.684031	1.573626
6948	-438.8925	-609.7755	170.883	0.1220915	1.047061	0.8361514	1.446663
6954	-430.8891	-601.9051	171.016	0.1268008	0.7276431	0.9824834	1.469812
6960	-435.991	-607.0016	171.0106	0.1094974	0.6543656	0.9824834	1.536815
6966	-450.4282	-621.3536	170.9254	0.4224021	0.5212823	1.025427	1.41156
6972	-450.193	-621.3039	171.1109	0.1508963	0.7150899	1.278291	1.1421
6978	-446.2014	-617.0377	170.8363	0.1552121	1.001841	1.278291	1.132639
6984	-440.6216	-610.4088	169.7872	0.2579137	1.881543	0.8162163	1.592101
6990	-446.5543	-617.3609	170.8065	0.1880615	1.02532	0.9914744	1.35085
6996	-442.2706	-612.9375	170.6669	0.1853011	1.188882	0.9048947	1.402937
7002	-428.1577	-599.4477	171.29	0.1431708	0.6084052	1.009069	1.30483
7008	-436.0617	-606.8991	170.8374	0.1075439	0.9156909	1.098331	1.392032
7014	-439.6027	-609.7979	170.1952	0.08238438	0.9032955	1.317153	1.731592
7020	-435.3616	-606.3668	171.0051	0.1443477	0.9453489	0.8555054	1.398806
7026	-447.2047	-617.7584	170.5537	0.09757249	0.6884357	1.128049	1.747413
7032	-462.0425	-632.6787	170.6362	0.2392417	0.7557582	0.8247986	1.758798
7038	-458.3953	-628.9534	170.5581	0.2262757	0.9145255	0.7603559	1.758798
7044	-446.2986	-617.0692	170.7706	0.1488261	0.6630453	0.7821968	1.817264
7050	-448.8086	-620.0491	171.2405	0.176387	0.530252	0.7087787	1.592611
7056	-438.4931	-609.1207	170.6276	0.152297	0.8204611	0.9868409	1.667663
7062	-434.4461	-604.7004	170.2543	0.1071761	1.15938	1.068147	1.667663
7068	-438.2824	-608.9452	170.6628	0.1269475	0.9233823	1.074339	1.522616
7074	-437.1373	-606.3116	169.1743	0.7845534	0.6650272	0.7078262	2.491698
7080	-433.772	-602.1213	168.3494	1.533587	0.6869251	0.7267535	2.514953
7086	-450.553	-615.6046	165.0516	3.73209	1.495939	0.8003828	2.661695
7092	-451.7329	-615.9439	164.211	5.116746	1.189359	0.7263106	2.553709
7098	-439.9525	-611.1448	171.1923	0.1058542	0.4728616	0.7517061	1.672709
7104	-438.0035	-608.8886	170.8852	0.1130791	0.8804755	1.176795	1.315277
7110	-437.3856	-608.2606	170.8751	0.1759473	0.6077663	1.002994	1.601698
7116	-440.0562	-610.6054	170.5491	0.1449221	1.297778	1.278622	1.136504
7122	-437.1529	-608.5696	171.4167	0.09601148	0.559964	1.126461	1.171666
7128	-439.6283	-611.0279	171.3996	0.1182851	0.5974725	1.126461	1.141268
7134	-439.4262	-609.5541	170.1279	0.1300114	1.375444	1.045639	1.606689
7140	-438.2675	-609.5418	171.2743	0.1059476	0.5155037	1.124415	1.31062
7146	-446.0815	-616.4721	170.3906	0.2560185	0.7543075	0.9413262	1.837483
7152	-443.9724	-614.8453	170.8728	0.1193944	0.4554847	1.021702	1.704423
7158	-443.9531	-615.0395	171.0864	0.1193944	0.5607608	1.337139	1.253053
7164	-442.2125	-613.3961	171.1836	0.2915174	0.4294009	0.98974	1.378134
7170	-444.7146	-615.786	171.0714	0.1505634	0.7439936	1.006793	1.378134
7176	-437.5194	-608.6414	171.122	0.1505634	0.6366039	1.12902	1.318441
7182	-432.4467	-602.7862	170.3395	0.1518386	1.52109	1.085816	1.29202
7188	-440.4855	-610.6343	170.1488	0.2179372	1.885693	1.184687	1.025151
7194	-432.4227	-603.4292	171.0065	0.1969612	0.8108585	1.146393	1.22764
7200	-436.105	-607.5466	171.4416	0.1303728	0.4144471	1.021591	1.278793
7206	-452.9696	-624.0336	171.0639	0.2511498	0.6410897	0.916246	1.448753
7212	-443.7894	-613.8247	170.0353	0.8131233	0.5131012	0.9869492	1.806506
7218	-444.6871	-615.0945	170.4074	0.6411809	0.4050008	1.095872	1.624139
7224	-429.7987	-600.8773	171.0786	0.140583	0.9498851	0.9645477	1.251553
7230	-423.2908	-594.6312	171.3404	0.1416595	0.5908277	0.9645477	1.312839
7236	-431.4944	-602.5111	171.0167	0.1309567	0.937407	0.9645477	1.320259
7242	-430.1879	-600.7038	170.5159	0.08840622	1.154568	0.9645477	1.570344
7248	-440.3967	-610.8381	170.4415	0.08840622	0.8988049	1.21584	1.627262
7254	-440.4919	-611.0985	170.6066	0.1828793	1.098075	1.010405	1.439392
7260	-433.8854	-604.3166	170.4312	0.08902191	1.279149	0.9748236	1.534516
7266	-436.8907	-607.5804	170.6896	0.09209205	0.9730531	1.016744	1.534516
7272	-435.8006	-606.8934	171.0928	0.2422145	0.6386387	0.9418049	1.415428
7278	-431.4646	-601.9732	170.5086	0.1049603	1.043061	0.9418049	1.660533
7284	-423.0038	-593.38	170.3762	0.2941965	1.189504	0.8103912	1.609437
7290	-431.1935	-601.6023	170.4088	0.145878	0.7384422	0.5942567	2.140951
7296	-431.2083	-602.1664	170.9581	0.2310638	0.7857624	0.7393894	1.575072
7302	-435.6161	-606.1456	170.5296	0.1687656	1.404457	0.896947	1.365702
7308	-439.0467	-609.832	170.7854	0.1149249	0.7891654	0.896947	1.667636
7314	-440.617	-611.7808	171.1637	0.1845418	0.6147589	0.8834271	1.465502
7320	-430.6338	-601.8059	171.172	0.2609293	0.6194709	0.8834271	1.397398
7326	-439.8223	-610.65	170.8277	0.1674317	0.4536782	0.7212307	1.910774
7332	-432.0545	-603.186	171.1315	0.1572089	0.8350007	0.8832173	1.353671
7338	-431.9285	-603.0913	171.1628	0.1391991	0.7608034	0.8832173	1.399681
7344	-432.6455	-602.9176	170.272	0.1441505	1.203729	0.974081	1.664498
7350	-432.8071	-603.1675	170.3604	0.2087873	1.049662	0.974081	1.664498
7356	-445.8905	-615.6858	169.7953	0.5936902	0.7888327	1.087532	1.891016
7362	-453.4173	-619.4819	166.0646	3.893175	0.8174954	1.036633	2.191954
7368	-456.343	-621.4608	165.1178	3.735815	1.081371	1.282537	2.569252
7374	-452.9996	-620.7819	167.7823	1.766416	0.9301202	1.187227	2.28665
7380	-449.5851	-619.4912	169.9061	0.6114728	1.208709	1.223412	1.400281
7386	-432.4002	-603.3076	170.9074	0.1045805	0.8708572	1.185924	1.304468
7392	-438.6425	-609.385	170.7425	0.1045805	0.6735425	0.9538532	1.741688
7398	-439.8657	-610.4833	170.6176	0.1830668	1.343196	0.9538532	1.285035
7404	-435.2309	-606.3827	171.1517	0.1287567	0.6648517	1.13745	1.285035
7410	-435.9471	-606.9959	171.0488	0.1481585	0.8965023	1.13745	1.168448
7416	-445.4285	-616.0761	170.6475	0.3475077	0.8965023	0.8139496	1.582977
7422	-435.6528	-602.6925	167.0397	2.081638	0.5997573	0.815292	2.972917
7428	-442.2514	-605.8112	163.5599	4.055824	1.073299	1.067442	3.446698
7434	-451.603	-619.9148	168.3118	1.347052	1.073299	1.215514	2.104381
7440	-438.2488	-603.8258	165.577	3.044392	1.091729	1.485934	2.580726
7446	-444.8146	-611.538	166.7233	1.757375	0.8590663	1.061374	3.065414
7452	-439.3006	-608.1046	168.804	1.118839	0.8590663	0.8924376	2.281045
7458	-431.3619	-599.0839	167.7221	2.05437	0.8745248	1.437416	2.011149
7464	-433.2058	-602.5088	169.3029	0.914468	0.8745248	1.039295	1.982553
7470	-446.5651	-615.2102	168.6452	0.4265416	1.410329	0.5703525	2.675805
7476	-442.5989	-613.3662	170.7672	0.3090294	0.4873185	1.067808	1.599081
7482	-435.502	-606.2863	170.7843	0.2120206	0.7143775	1.067808	1.525005
7488	-440.4858	-611.3727	170.8869	0.1494846	0.6416762	0.74555	1.774647
7494	-443.6254	-614.9379	171.3125	0.1221906	0.6058849	0.9761598	1.331797
7500	-433.2364	-603.4003	170.1639	0.08651918	1.111336	1.410426	1.53417
7506	-438.3011	-609.042	170.7409	0.09085516	0.8239613	1.115107	1.53417
7512	-432.777	-603.247	170.4701	0.09085516	1.063564	1.181966	1.508546
7518	-438.069	-608.8485	170.7795	0.1164466	0.8169995	1.132144	1.478492
7524	-450.9726	-621.8774	170.9048	0.1306096	0.718329	0.8227252	1.672229
7530	-436.0977	-606.5021	170.4043	0.1306096	1.538332	0.9386236	1.362211
7536	-443.8856	-614.9466	171.0611	0.1991958	0.7126583	1.064476	1.325296
7542	-451.7931	-622.3269	170.5338	0.1363592	0.8276208	1.415865	1.426387
7548	-445.7645	-616.9243	171.1598	0.1100144	0.630319	0.9999685	1.426387
7554	-448.3417	-618.9892	170.6475	0.07862341	0.6782918	1.114744	1.710576
7560	-447.5923	-618.3259	170.7336	0.1613981	1.05421	0.8500045	1.513942
7566	-450.2971	-621.0077	170.7105	0.1384311	1.05421	0.9835427	1.447882
7572	-439.8223	-610.4515	170.6292	0.3075434	1.160846	1.123606	1.177628
7578	-444.8875	-615.9307	171.0432	0.2005403	0.7980293	1.246965	1.115579
7584	-446.5039	-617.8833	171.3794	0.1943557	0.3632197	1.269243	1.067116
7590	-456.7015	-627.4325	170.7311	0.1050018	0.6985487	1.831114	1.038839
7596	-446.2323	-617.0768	170.8445	0.311696	0.55148	1.264352	1.357922
7602	-441.6584	-608.9181	167.2597	2.428379	0.7229762	1.242024	2.291646
7608	-443.8631	-610.4824	166.6192	2.719309	0.7338893	1.135699	2.572216
7614	-432.839	-600.5125	167.6736	2.178155	0.8106769	1.064056	2.247015
7620	-433.334	-601.2558	167.9219	1.737719	0.5506201	1.335476	2.343894
7626	-435.362	-604.6305	169.2685	1.076532	0.3950057	1.385545	1.914269
7632	-438.9685	-604.5691	165.6006	3.574098	0.645065	1.048185	2.776477
7638	-442.6604	-610.7361	168.0757	2.053075	0.5438692	1.058836	2.223753
7644	-448.3834	-614.8106	166.4272	2.65341	1.348344	1.381988	2.196534
7650	-442.2086	-610.9301	168.7215	1.81103	0.4860687	0.9353646	2.065534
7656	-448.4845	-615.3137	166.8292	2.600417	1.090874	1.486287	2.065534
7662	-447.4975	-613.1118	165.6143	3.382224	1.347104	1.317508	2.292902
7668	-433.616	-601.5041	167.8881	1.381339	1.123212	1.24624	2.30426
7674	-439.434	-608.2067	168.7727	1.397778	0.7521896	0.885391	2.192975
7680	-432.9975	-600.2326	167.2351	2.25047	1.034388	0.9205151	2.429879
7686	-447.2517	-615.734	168.4823	1.048755	1.021428	0.887908	2.429879
7692	-449.0628	-617.7229	168.6602	1.026579	0.8125382	1.132488	2.307715
7698	-437.6764	-604.1357	166.4593	3.31391	0.7882402	0.8419048	2.451878
7704	-436.9622	-601.5752	164.613	4.727846	0.8696021	0.7538067	2.725102
7710	-447.2295	-612.6742	165.4446	2.032012	0.8696021	0.7538067	3.826966
7716	-452.131	-618.2024	166.0714	2.849266	0.7341187	0.9611997	2.934098
7722	-446.3021	-616.1038	169.8017	0.7535534	0.657956	1.082308	1.864328
7728	-435.6574	-605.7202	170.0628	0.405267	0.6916062	0.708633	2.151239
7734	-452.7626	-622.9899	170.2273	0.4296094	0.9730017	0.9255086	1.691157
7740	-466.641	-637.3844	170.7434	0.1261564	0.6381758	0.7578255	1.883091
7746	-459.1763	-629.9197	170.7434	0.1276742	1.196302	0.9580728	1.340475
7752	-443.3503	-612.8696	169.5193	0.8315894	0.720084	0.9139252	2.076277
7758	-449.2772	-617.7846	168.5075	0.7937173	1.465691	1.233768	2.076277
7764	-437.8687	-605.399	167.5303	2.321183	0.7998747	1.267424	2.122119
7770	-447.3621	-614.9715	167.6093	2.395009	1.002267	1.162529	1.957408
7776	-444.4974	-613.1013	168.6039	1.316901	0.7788808	1.357846	2.030237
7782	-445.6717	-616.965	171.2934	0.12985	0.5139858	1.045354	1.340399
7788	-440.3167	-611.1399	170.8232	0.1315513	0.5583277	1.047449	1.667117
7794	-444.3041	-614.7299	170.4258	0.1007295	0.6491775	1.116889	1.865596
7800	-430.0117	-601.2389	171.2272	0.1590651	0.6189075	0.9226304	1.403604
7806	-435.3894	-606.2556	170.8662	0.1310545	0.9901813	1.117644	1.275175
7812	-445.8853	-616.8816	170.9964	0.2018548	0.5978945	1.027595	1.480476
7818	-431.7609	-602.9131	171.1521	0.2724437	0.6049082	0.7771966	1.494266
7824	-433.4757	-604.557	171.0813	0.1861617	0.7348035	0.8162629	1.496102
7830	-439.032	-609.9065	170.8745	0.1861617	0.9887034	0.7736277	1.496102
7836	-442.1613	-612.4582	170.2969	0.2114057	1.459204	0.8795941	1.485456
7842	-435.7115	-606.3299	170.6184	0.1955496	0.8228642	1.082746	1.571987
7848	-432.7845	-604.0448	171.2603	0.1274294	0.3930877	1.082746	1.381375
7854	-431.6846	-602.5549	170.8703	0.2444284	0.6163836	1.224741	1.381375
7860	-437.7203	-608.5598	170.8395	0.1713626	0.8839376	0.7519114	1.625589
7866	-431.1036	-602.4883	171.3847	0.1756541	0.7175439	0.8769118	1.229067
7872	-435.5693	-605.9953	170.426	0.1814411	1.023758	0.7315388	1.825797
7878	-450.6915	-620.6332	169.9418	0.2488507	0.7361353	0.418835	2.486613
7884	-443.1673	-613.0503	169.883	0.1477616	0.825157	0.4930353	2.486613
7890	-438.4287	-608.806	170.3773	0.125355	1.203583	0.6907988	1.802895
7896	-438.3648	-609.3781	171.0134	0.177524	0.8543859	0.7182119	1.540009
7902	-434.168	-605.1644	170.9964	0.1397987	0.9218722	0.6927491	1.549753
7908	-430.6253	-601.1376	170.5123	0.1961482	1.460401	0.9341296	1.285082
7914	-434.1413	-604.6424	170.5011	0.4746621	0.7840883	0.9806267	1.555788
7920	-434.1825	-605.121	170.9385	0.2454148	0.7267034	0.827079	1.555788
7926	-436.557	-607.9071	171.3501	0.2454148	0.46912	1.183494	1.09917
7932	-444.1443	-614.3979	170.2536	0.2372304	0.6073535	0.8439417	2.095957
7938	-444.417	-614.9891	170.5722	0.1019829	0.8731692	0.9023927	1.765257
7944	-432.1664	-602.6577	170.4914	0.1019829	0.748824	0.7418773	2.011783
7950	-431.669	-602.1792	170.5102	0.1557571	0.8039111	0.5930761	2.02719
7956	-447.471	-617.0907	169.6197	0.1806702	0.9062908	0.5512617	2.544
7962	-449.8032	-620.0096	170.2064	0.6438475	0.5788197	0.6000452	2.034895
7968	-434.7732	-605.8168	171.0436	0.1834828	0.6326092	0.6000452	1.748516
7974	-428.709	-599.2402	170.5312	0.3339043	0.7616846	1.426921	1.31446
7980	-429.9542	-600.6429	170.6887	0.100869	0.8346701	0.9354674	1.687433
7986	-436.1738	-606.8938	170.72	0.1068497	1.269313	0.9354674	1.336618
7992	-433.3955	-604.0892	170.6938	0.1490575	1.049372	0.9952592	1.447306
7998	-441.8277	-612.4651	170.6374	0.1698672	0.6615308	0.7604223	1.90972
8004	-442.5564	-612.5825	170.0261	0.1255654	0.844088	0.5610259	2.355861
8010	-441.2539	-612.4808	171.2269	0.2172815	0.5518894	0.8015678	1.492311
8016	-436.7621	-607.6668	170.9047	0.1422506	0.713425	1.061782	1.492311
8022	-440.1345	-611.0539	170.9194	0.5800187	0.4361945	0.9887914	1.357718
8028	-446.892	-618.196	171.3039	0.3771585	0.7481807	0.75386	1.206636
8034	-445.2151	-615.8276	170.6124	0.2950918	0.9041766	0.5793627	1.806161
8040	-450.1362	-615.6955	165.5593	3.163933	0.7418847	1.169941	2.922887
8046	-466.6753	-632.7402	166.0649	2.694306	0.6894052	0.645137	3.243734
8052	-463.6714	-630.1574	166.486	1.042591	0.6935725	0.645137	3.956434
8058	-453.8382	-622.682	168.8438	1.256897	0.5670451	0.6685329	2.478602
8064	-449.8227	-617.4882	167.6656	1.634862	0.8182826	0.9484241	2.661388
8070	-439.7658	-605.941	166.1751	2.86271	1.02861	1.041669	2.636918
8076	-453.5404	-619.2551	165.7147	2.574341	1.539455	1.080706	2.768156
8082	-430.6682	-597.3082	166.6399	2.803959	0.9834335	0.87435	2.516843
8088	-435.7286	-601.1279	165.3993	3.399212	1.551519	1.603527	2.110864
8094	-444.1607	-609.3446	165.1839	2.472334	0.8605349	0.7568002	3.726884
8100	-442.9296	-610.9988	168.0692	1.212523	0.9449363	0.5005797	2.869642
8106	-442.3812	-607.4854	165.1042	3.588903	0.8682863	1.1694	2.867218
8112	-441.2619	-608.0241	166.7622	2.555701	1.29853	1.771457	1.810677
8118	-448.7456	-615.8924	167.1468	2.376733	0.8354475	1.336587	2.267225
8124	-451.9607	-617.7344	165.7737	3.665162	0.4871763	0.9813599	2.728133
8130	-446.3668	-611.4774	165.1106	4.399829	1.196622	1.448449	1.967259
8136	-439.9008	-609.911	170.0102	0.3572726	1.03816	1.637717	1.325362
8142	-443.5912	-614.174	170.5828	0.5732938	0.8039197	1.258058	1.178364
8148	-441.2398	-609.7376	168.4978	1.62876	0.7508893	1.823394	1.583878
8154	-449.0955	-617.7254	168.6298	1.064937	0.6937501	2.422525	1.499492
8160	-440.5196	-609.3912	168.8716	0.7742177	0.7393071	1.547225	2.111606
8166	-440.2158	-607.8038	167.588	1.873787	1.006224	0.9793386	2.425533
8172	-433.1252	-598.4451	165.3199	3.714695	0.9664716	1.193221	2.583618
8178	-431.4946	-598.7446	167.25	2.603409	0.5120586	1.207119	2.319187
8184	-435.4555	-601.8689	166.4134	2.522582	0.6557197	1.320119	2.750526
8190	-440.3241	-611.3403	171.0162	0.4440668	0.5019683	1.03015	1.329035
8196	-435.7496	-606.5059	170.7563	0.1219187	0.8846701	1.023824	1.523009
8202	-444.4389	-615.3385	170.8996	0.1468189	0.920485	1.044822	1.350531
8208	-455.0618	-625.8638	170.8021	0.2068953	1.29658	1.068851	1.040293
8214	-445.9288	-616.995	171.0662	0.1127828	0.6493654	1.390846	1.168281
8220	-450.3431	-621.5291	171.186	0.1127828	0.6493654	1.390846	1.05956
8226	-443.9665	-613.967	170.0006	0.07513755	1.174918	1.553489	1.510809
8232	-432.5575	-602.8005	170.243	0.07443726	1.174918	1.237049	1.566154
8238	-437.9226	-607.6944	169.7717	0.0676765	0.7556851	1.690282	1.876481
8244	-439.178	-609.8682	170.6902	0.08355013	0.9837294	1.269808	1.338213
8250	-441.6672	-612.4916	170.8244	0.08355013	0.6663463	1.450444	1.332174
8256	-439.5545	-610.1562	170.6018	0.1356118	1.144256	1.153582	1.332174
8262	-433.4095	-604.3946	170.985	0.09699721	0.7702524	1.18344	1.329229
8268	-431.5217	-602.3432	170.8215	0.1001904	0.7702524	1.113113	1.507458
8274	-439.8862	-610.0455	170.1593	0.1072952	1.453165	1.572045	1.123113
8280	-440.5825	-611.8873	171.3048	0.1607104	0.853353	0.701414	1.34325
8286	-429.3659	-600.4848	171.1189	0.1216038	0.4342619	1.092874	1.477907
8292	-436.2087	-607.2247	171.016	0.2012196	0.647307	0.9581249	1.487046
8298	-434.4889	-604.7587	170.2698	0.1107982	0.9013589	0.5990841	2.147774
8304	-445.1144	-615.3453	170.2309	0.08578883	0.9371583	0.6632875	2.124287
8310	-437.8414	-608.9837	171.1422	0.1455387	0.6224289	0.8415712	1.53742
8316	-451.0226	-621.8825	170.8599	0.2419516	0.7960412	0.8780978	1.529782
8322	-427.7034	-598.7635	171.0601	0.1721324	0.6916918	0.8780978	1.506097
8328	-443.2086	-614.2634	171.0547	0.1787376	0.5741303	0.8780978	1.579371
8334	-430.1059	-600.4017	170.2958	0.1618473	1.242806	1.104225	1.511174
8340	-429.7339	-600.5539	170.82	0.09574559	0.7581682	1.104225	1.527165
8346	-435.217	-606.0408	170.8238	0.0964063	0.8379225	1.022372	1.527165
8352	-425.1468	-595.841	170.6941	0.1206985	0.6284584	0.7356203	1.940814
8358	-438.6342	-609.3221	170.6878	0.1451291	0.9112775	0.7818403	1.711847
8364	-445.194	-614.7739	169.5798	0.07247458	1.141793	1.213586	2.065129
8370	-439.1244	-609.0435	169.9192	0.06690691	0.8292157	0.8750051	2.270504
8376	-430.2216	-600.8617	170.6401	0.07972773	0.8324609	1.023921	1.67567
8382	-423.4503	-594.2693	170.8191	0.1260096	0.5904903	0.6257328	1.948245
8388	-422.074	-592.9632	170.8893	0.1260096	0.7285742	0.9616702	1.57952
8394	-427.5524	-598.5501	170.9977	0.1061832	0.9718308	0.9582108	1.332904
8400	-428.275	-598.9054	170.6304	0.1332547	0.7349317	0.8404629	1.838978
8406	-428.7951	-599.469	170.674	0.0847189	1.021531	0.8384331	1.64602
8412	-445.3264	-616.0441	170.7176	0.1973463	0.5877618	1.04103	1.683815
8418	-442.7098	-611.6042	168.8944	0.8596625	0.6782591	1.75585	1.938662
8424	-442.8698	-610.6836	167.8138	2.024235	0.9832003	1.822006	1.628309
8430	-443.769	-612.6222	168.8533	1.216224	1.014562	1.260253	1.838477
8436	-433.4995	-601.5719	168.0723	1.415952	1.398927	1.391983	1.887676
8442	-434.4553	-604.414	169.9587	0.790287	0.9565698	0.7191338	1.782924
8448	-456.7277	-626.5906	169.8629	0.4371132	0.9311263	0.7775449	2.064179
8454	-449.6076	-620.6082	171.0006	0.1826859	0.9059684	0.8565452	1.402214
8460	-444.6921	-615.2535	170.5614	0.1479536	0.9572481	0.7849764	1.764238
8466	-433.3727	-604.183	170.8103	0.1285659	0.7579453	0.7531618	1.763032
8472	-443.1049	-614.1297	171.0248	0.2251671	0.816961	0.7045481	1.533602
8478	-440.5259	-610.9987	170.4728	0.1320363	0.9126499	0.8058384	1.85282
8484	-438.0164	-609.1964	171.18	0.1433862	0.6652015	0.7608463	1.543307
8490	-428.9668	-599.248	170.2811	0.1167037	0.8516072	0.5840249	2.178408
8496	-432.3629	-602.502	170.1391	0.09600433	1.493841	0.8827828	1.659556
8502	-432.8048	-602.978	170.1732	0.09600433	1.24891	1.00696	1.714059
8508	-426.3412	-596.7749	170.4337	0.09767118	0.7038998	1.217943	1.758483
8514	-438.9467	-609.363	170.4163	0.09767118	0.9934541	0.9337616	1.771472
8520	-444.3685	-614.9304	170.5619	0.09767118	1.028636	0.8398581	1.710572
8526	-437.5187	-608.1362	170.6176	0.09236822	0.9461246	0.9363271	1.664833
8532	-432.2672	-602.9999	170.7328	0.1001272	0.9461246	0.9363271	1.575908
8538	-442.2726	-612.5262	170.2536	0.1029297	1.148195	1.113814	1.64641
8544	-447.0003	-617.3758	170.3755	0.1763233	1.084842	0.6495962	1.87828
8550	-427.5879	-597.9741	170.3862	0.1275697	0.8282772	0.6495962	2.074746
8556	-425.0876	-595.4721	170.3845	0.2094722	0.9253741	0.6495962	1.957469
8562	-429.7633	-599.9791	170.2158	0.4917503	0.6202829	0.7943576	1.978032
8568	-428.1956	-596.4759	168.2803	1.444279	0.6625413	0.9540636	2.485541
8574	-439.8717	-609.2086	169.3369	0.6884395	0.7577441	0.8139065	2.328639
8580	-434.4465	-604.8231	170.3766	0.4673341	0.7704844	0.8759911	1.735128
8586	-445.2428	-615.9818	170.739	0.2800389	1.146285	0.8505981	1.34757
8592	-439.6155	-610.0283	170.4129	0.2424322	0.5350028	0.9607531	1.945959
8598	-437.4937	-608.1474	170.6536	0.1192014	1.239182	0.9607531	1.382665
8604	-444.6412	-615.1854	170.5441	0.1044815	0.7551898	0.9260957	1.846034
8610	-449.8698	-620.4592	170.5894	0.1587039	0.9037348	0.9260957	1.675054
8616	-458.4169	-628.3609	169.944	0.08652196	1.01462	1.040156	2.013456
8622	-441.0299	-610.0152	168.9853	0.06902349	1.271664	1.07568	2.45582
8628	-435.517	-605.3514	169.8344	0.06108064	0.6717675	1.106103	2.275901
8634	-450.3801	-619.891	169.5109	0.0701316	0.8693676	0.8101172	2.54222
8640	-453.9288	-622.9081	168.9792	0.06214297	0.9051738	0.8358212	2.836121
8646	-455.6155	-623.8365	168.2211	0.04771994	1.157445	1.467041	2.769069
8652	-454.6632	-623.3086	168.6453	0.05638371	0.9505448	0.8496722	3.00539
8658	-450.8484	-619.8	168.9516	0.04752654	0.6183532	0.8619405	3.009043
8664	-438.2362	-607.1532	168.917	0.05463889	1.035218	1.173389	2.592321
8670	-435.0832	-604.0026	168.9194	0.05571072	0.8372633	0.8598455	2.902354
8676	-436.05	-605.957	169.907	0.05571072	0.6152411	1.075036	2.284189
8682	-437.3963	-607.6825	170.2861	0.07576964	0.8322972	1.531377	1.567699
8688	-431.4744	-602.0119	170.5374	0.1783107	0.9605309	0.5159742	1.941859
8694	-435.6646	-606.55	170.8855	0.1256287	0.8875749	0.6787155	1.675347
8700	-433.4995	-604.7112	171.2117	0.1638576	0.6457069	0.6276498	1.615179
8706	-447.6898	-618.9354	171.2457	0.3269419	0.6615024	0.8277738	1.301781
8712	-446.6047	-617.5209	170.9162	0.3068362	0.5461879	1.021802	1.496186
8718	-438.4289	-608.5001	170.0712	0.6027063	0.7202932	0.9079847	1.863629
8724	-433.9616	-603.5768	169.6152	1.111848	0.7521561	0.9555409	1.773442
8730	-441.6745	-609.5385	167.8641	2.039269	0.5634658	1.32341	2.189102
8736	-444.5651	-612.8697	168.3046	1.76959	0.6940702	1.21106	2.07868
8742	-443.3664	-612.7391	169.3727	0.6503123	0.8551184	0.7600564	2.304091
8748	-450.505	-617.4741	166.9691	2.355525	1.322316	1.216423	2.161955
8754	-454.3707	-620.3644	165.9937	2.493733	1.394213	1.464092	2.493496
8760	-438.4165	-602.9689	164.5524	4.657776	0.7566663	1.368803	2.493496
8766	-430.2721	-594.9428	164.6707	5.753801	0.5158144	1.315461	1.870828
8772	-438.8544	-607.3863	168.5319	1.555736	1.057306	1.063306	1.931118
8778	-442.8872	-607.2413	164.3541	4.461803	1.275524	0.9445318	2.682911
8784	-447.2661	-612.4108	165.1448	3.898881	1.043486	0.7526843	2.801299
8790	-440.086	-606.3885	166.3025	3.560089	0.9039432	0.7908902	2.355792
8796	-441.4546	-609.7528	168.2981	1.814183	0.5481416	1.218492	2.128794
8802	-433.9103	-602.7743	168.864	1.055773	0.5600574	1.245516	2.230446
8808	-439.4387	-605.5435	166.1048	3.145986	0.7401233	0.9382981	2.744175
8814	-446.7193	-613.4614	166.7421	1.727853	1.2212	1.243698	2.744175
8820	-452.9984	-620.8342	167.8357	2.379518	0.5520604	1.111042	2.12986
8826	-448.8974	-617.6102	168.7128	0.9010573	0.535912	1.254237	2.430871
8832	-449.4024	-619.4828	170.0804	0.6723735	0.670518	1.369714	1.511323
8838	-452.6356	-620.4721	167.8365	1.180054	1.355999	1.715474	2.015006
8844	-452.8685	-620.9744	168.1059	1.397606	1.621741	1.737794	1.482009
8850	-443.3934	-611.111	167.7177	1.668646	1.058904	1.5057	2.102232
8856	-453.73	-616.8644	163.1345	4.576468	1.109638	1.185441	3.300267
8862	-443.0074	-611.5148	168.5074	0.7727103	1.086952	1.278052	2.300158
8868	-430.5596	-600.0136	169.454	0.7475869	1.338144	1.158103	1.591955
8874	-440.6853	-606.4194	165.734	4.184864	0.9853549	1.938896	1.480953
8880	-434.9693	-602.0996	167.1303	2.661218	1.267116	1.220353	1.884784
8886	-436.0069	-605.3586	169.3517	0.769069	1.071463	0.8743229	2.025913
8892	-430.1131	-600.7219	170.6089	0.1875279	1.10524	0.9103949	1.504451
8898	-432.7812	-603.3248	170.5436	0.1475909	1.024018	0.7495083	1.755068
8904	-428.2782	-598.9602	170.682	0.1722331	0.9915068	0.8017217	1.625277
8910	-430.9059	-601.3479	170.442	0.2591528	1.093377	1.033551	1.492366
8916	-438.1573	-608.6173	170.4601	0.1910472	1.414974	0.9529913	1.350766
8922	-448.5311	-616.2608	167.7297	2.029372	1.35184	1.683319	1.521293
8928	-450.8512	-617.9906	167.1394	1.982553	1.220524	1.556528	2.1371
8934	-443.7457	-612.3225	168.5768	0.8874562	1.19371	1.240607	2.1371
8940	-436.3093	-603.9847	167.6755	1.869472	1.133261	1.286964	2.093056
8946	-440.4129	-608.6415	168.2287	1.869472	0.770073	0.9952797	2.157501
8952	-434.5564	-603.5175	168.9612	1.120348	1.097877	1.588568	1.53726
8958	-439.6034	-607.0497	167.4463	1.86012	1.194349	1.418968	2.123256
8964	-442.4137	-610.0784	167.6648	2.303645	0.9002447	1.833761	1.585245
8970	-447.4968	-615.4785	167.9817	1.176277	1.621442	0.9119798	2.284134
8976	-448.2641	-614.6133	166.3492	1.485367	1.993009	0.9119798	2.901853
8982	-427.9589	-592.9946	165.0357	4.123927	1.052465	1.579515	2.205991
8988	-441.2377	-607.0134	165.7756	3.091509	1.275455	1.267453	2.450598
8994	-437.1133	-603.2379	166.1247	2.977142	1.045218	0.9816496	2.62423
9000	-452.7438	-613.8338	161.0899	7.511675	1.424551	1.01306	2.68431
9006	-442.3572	-608.6776	166.3205	1.986616	1.386998	0.8662094	2.97418
9012	-454.8308	-620.9566	166.1258	2.760064	1.070233	1.071191	2.686699
9018	-445.6621	-615.0201	169.358	0.6683605	1.351718	1.372793	1.553449
9024	-438.5649	-606.0476	167.4827	1.611669	1.202421	1.367161	2.28877
9030	-461.6702	-628.8672	167.197	2.083102	0.7280947	1.222855	2.557742
9036	-464.3851	-630.337	165.9519	2.98406	1.034694	1.938741	2.129423
9042	-444.237	-612.6799	168.4429	1.192304	0.5960266	1.825262	2.019021
9048	-448.7773	-617.2628	168.4855	1.192304	1.068075	0.643195	2.462191
9054	-442.6228	-610.7812	168.1584	1.43944	1.112738	1.522045	1.914782
9060	-440.2014	-608.3431	168.1417	1.210451	1.448011	1.522045	1.860013
9066	-444.2841	-610.1219	165.8378	3.290442	1.312059	1.572788	2.063684
9072	-436.6801	-604.5304	167.8503	1.959367	0.5978996	1.124967	2.359004
9078	-445.9739	-610.662	164.6881	4.539153	1.215048	1.132474	2.345706
9084	-441.463	-608.8565	167.3935	1.898023	1.149993	1.132474	2.345706
9090	-445.5304	-613.3494	167.819	1.250421	1.375347	1.157766	2.330961
9096	-446.0726	-614.3568	168.2843	2.132315	0.5946319	1.368616	1.799753
9102	-463.031	-627.5282	164.4973	4.472849	1.646681	1.23	2.185462
9108	-455.6711	-619.6943	164.0233	5.220348	1.102495	1.477295	2.185462
9114	-441.4191	-609.8454	168.4263	1.540022	0.812438	0.9239506	2.262276
9120	-445.3158	-613.6037	168.2879	1.638246	0.8543518	0.9587554	2.239305
9126	-445.3722	-612.5657	167.1935	2.109852	0.9941039	1.275535	2.346072
9132	-440.7527	-611.8348	171.0822	0.1569526	0.6416725	1.024683	1.423443
9138	-431.4105	-602.2767	170.8662	0.09947357	0.7517315	1.024683	1.553609
9144	-439.7736	-610.5358	170.7622	0.09947357	1.104131	0.9139532	1.453292
9150	-435.4867	-606.5115	171.0247	0.1162204	0.6975725	0.8934876	1.558443
9156	-436.0153	-606.8526	170.8373	0.09795623	0.8932035	1.301954	1.254059
9162	-447.9912	-619.1071	171.116	0.1365709	0.7596081	1.110633	1.257882
9168	-443.2683	-614.505	171.2368	0.1569212	0.5794331	1.00465	1.35866
9174	-456.6352	-627.6767	171.0415	0.1260619	0.3241581	1.45478	1.254286
9180	-449.3007	-620.5863	171.2856	0.1260619	0.3966375	1.45478	1.042205
9186	-445.6698	-616.3594	170.6896	0.09162788	0.953061	1.480348	1.182767
9192	-449.8806	-620.4989	170.6183	0.2042302	0.7568506	1.369579	1.397301
9198	-436.3035	-606.7093	170.4058	0.1183535	1.402043	1.042906	1.389682
9204	-429.476	-600.2383	170.7623	0.213429	1.102792	1.09187	1.220856
9210	-437.8149	-609.0944	171.2795	0.1700927	0.8388284	0.8809202	1.220856
9216	-440.4481	-611.3689	170.9208	0.09352455	0.8428863	0.8809202	1.558589
9222	-461.1452	-632.0689	170.9237	0.1932485	0.7697156	1.090085	1.375989
9228	-450.0679	-621.0432	170.9752	0.08291113	0.7697156	1.225887	1.314706
9234	-454.1428	-625.388	171.2452	0.2209033	0.4599259	1.020812	1.350471
9240	-442.0949	-613.5672	171.4723	0.1407157	0.5352493	0.7911704	1.379921
9246	-440.3119	-611.1721	170.8602	0.1977947	0.9550335	0.9289229	1.405292
9252	-437.8831	-608.6871	170.804	0.2074132	0.7815191	1.095127	1.445031
9258	-435.388	-606.3323	170.9443	0.1083294	0.9750868	1.000229	1.337662
9264	-434.5635	-605.5336	170.97	0.08099312	0.8251434	1.000229	1.454852
9270	-432.2099	-602.7245	170.5146	0.08099312	0.8251434	1.364556	1.523473
9276	-431.5064	-602.1678	170.6614	0.4470749	0.6557259	0.7902483	1.683844
9282	-442.5412	-612.5748	170.0335	0.5003068	0.9072607	0.9256242	1.822977
9288	-442.1433	-612.2705	170.1272	0.1191879	0.4347372	0.7969082	2.356057
9294	-447.3144	-618.3426	171.0283	0.2183152	0.517742	0.7830602	1.667947
9300	-448.3895	-616.1915	167.802	1.263947	1.246679	0.7978081	2.636633
9306	-459.9795	-626.8543	166.8747	1.854287	1.546669	1.138292	2.456234
9312	-452.6011	-619.2193	166.6182	2.522554	1.306691	1.03045	2.408412
9318	-453.1349	-621.5556	168.4207	1.356495	1.220295	1.804752	1.512707
9324	-447.1573	-616.5242	169.3669	1.356495	0.7575186	1.11594	1.65928
9330	-444.1565	-611.7309	167.5744	1.455424	1.11505	1.086801	2.560571
9336	-449.2628	-615.2759	166.0131	2.713938	0.8095776	1.311357	2.795449
9342	-443.9779	-613.2011	169.2232	1.079477	0.8095776	0.8419278	2.099064
9348	-447.6827	-614.0885	166.4058	3.891963	0.6824951	1.685078	1.606187
9354	-444.523	-614.1049	169.5819	0.9316546	0.7062996	1.67611	1.435842
9360	-439.6071	-609.6919	170.0847	0.9533812	0.4770094	1.161849	1.562441
9366	-437.068	-607.7658	170.6977	0.3339905	0.593673	1.330632	1.378094
9372	-436.7968	-608.1236	171.3268	0.1548011	0.6174656	1.204794	1.088219
9378	-430.1473	-600.9646	170.8173	0.1548011	0.86714	1.107921	1.40095
9384	-445.0921	-615.9688	170.8767	0.1220942	0.7401522	0.8322295	1.676964
9390	-441.0782	-611.9777	170.8995	0.3272495	0.6527106	0.6177054	1.724106
9396	-431.5602	-602.7982	171.238	0.1506507	0.6852277	0.8818514	1.388213
9402	-449.9924	-619.4137	169.4213	0.505857	1.859019	1.15751	1.440051
9408	-446.1561	-615.1841	169.0281	1.01373	0.6243723	0.7177277	2.455652
9414	-432.6865	-600.3962	167.7098	1.685472	0.917843	0.784251	2.643505
9420	-444.4512	-612.601	168.1497	1.441097	1.180247	1.109727	2.148561
9426	-444.0199	-611.0705	167.0506	2.01089	1.068865	0.9783212	2.636619
9432	-434.3155	-602.793	168.4774	1.168009	0.6328812	1.081362	2.471619
9438	-442.5767	-609.493	166.9162	2.670879	0.6661938	1.521243	2.210423
9444	-440.3374	-607.7038	167.3665	2.550627	0.6695187	1.043492	2.303446
9450	-444.7772	-608.3852	163.608	6.009849	0.7228057	0.8134542	2.60524
9456	-440.141	-606.1212	165.9802	3.57202	0.9555019	1.309017	2.189683
9462	-447.7151	-614.9988	167.2837	2.398445	0.564202	0.9863952	2.542816
9468	-441.953	-608.7367	166.7837	2.778575	1.027291	1.010739	2.328685
9474	-441.6402	-606.8849	165.2447	2.821492	1.027291	0.7711387	3.38328
9480	-443.5149	-611.866	168.3511	1.530784	0.7761812	0.987968	2.297879
9486	-450.5918	-619.2772	168.6855	0.7449367	0.8741643	0.8716003	2.594614
9492	-448.4733	-612.3618	163.8885	4.760582	0.927265	1.356326	2.744617
9498	-438.8639	-603.0389	164.1751	4.760582	1.434403	1.310295	2.283056
9504	-440.0599	-605.5523	165.4924	3.455238	1.118982	1.799056	2.158085
9510	-447.3779	-612.3947	165.0168	4.142783	0.9071447	1.455669	2.378012
9516	-447.0508	-614.2369	167.1861	2.208584	0.9423061	1.076798	2.4466
9522	-441.3911	-605.9732	164.5822	4.861788	0.7831183	1.137032	2.476372
9528	-435.3263	-602.9572	167.6309	2.119496	0.9879165	0.5857577	2.502875
9534	-439.4272	-605.6672	166.24	3.505963	0.8383985	1.559214	1.973967
9540	-451.8092	-620.3456	168.5364	1.275075	0.7389123	0.7482458	2.516033
9546	-444.2453	-611.8514	167.6061	2.068796	1.151419	1.338862	1.960384
9552	-439.947	-604.9723	165.0253	4.520881	0.7315509	1.216932	2.39269
9558	-439.5732	-602.5643	162.9911	5.850042	1.165323	0.9984018	2.700836
9564	-425.5117	-596.6114	171.0997	0.1687562	0.8263921	0.6910983	1.522984
9570	-423.5645	-594.386	170.8215	0.1314441	0.8649055	0.7625928	1.673018
9576	-432.7897	-603.6221	170.8324	0.1450058	0.6368885	0.9046364	1.707333
9582	-431.5359	-602.4463	170.9105	0.1688555	0.5837799	1.095659	1.527041
9588	-435.5606	-606.3323	170.7716	0.1040032	0.9715966	1.175374	1.341909
9594	-426.6855	-597.6959	171.0104	0.1261859	0.7031585	1.175374	1.342591
9600	-423.506	-594.3057	170.7997	0.07650474	0.696313	1.433651	1.34926
9606	-430.9319	-601.2981	170.3662	0.07650474	1.137367	1.433651	1.34926
9612	-429.9363	-599.6616	169.7253	0.07650474	1.402766	1.433651	1.636996
9618	-419.1553	-589.9157	170.7604	0.08641361	0.6317864	1.170004	1.613988
9624	-432.3729	-603.5232	171.1504	0.09404672	0.5304973	0.9181254	1.56552
9630	-441.0736	-612.0392	170.9656	0.1121448	0.6865711	0.9571244	1.56552
9636	-452.7478	-622.667	169.9192	0.09278452	1.234386	1.318773	1.685457
9642	-429.8276	-600.9796	171.1519	0.2001819	0.5890349	1.085224	1.32147
9648	-432.6451	-603.482	170.8369	0.1576995	0.6425946	0.8367361	1.739573
9654	-439.9317	-610.7136	170.7819	0.1576995	0.5336789	1.067903	1.67604
9660	-433.2575	-603.4282	170.1707	0.0946435	1.007938	0.9015892	1.953572
9666	-445.2895	-615.724	170.4344	0.0946435	0.7399615	0.9015892	1.953572
9672	-448.0865	-618.5384	170.452	0.159751	0.6849237	0.7464917	2.035958
9678	-446.3412	-616.8173	170.4761	0.1242856	0.6899496	0.7110049	2.063943
9684	-448.9567	-619.6378	170.6811	0.1704105	1.190333	0.7067942	1.552092
9690	-438.9667	-609.9867	171.02	0.1072259	0.5589915	1.315277	1.336032
9696	-431.3272	-602.6343	171.3071	0.1188749	0.6638755	0.8515271	1.397708
9702	-443.1578	-613.3004	170.1426	0.2205345	1.717474	1.103206	1.234967
9708	-440.5512	-610.9101	170.3589	0.1383458	1.10014	0.8967597	1.734544
9714	-444.6902	-614.5231	169.8329	0.2804427	1.25842	0.7630749	1.981848
9720	-437.1984	-608.2187	171.0203	0.09684722	0.676892	1.281296	1.292145
9726	-438.0991	-608.727	170.6278	0.1180782	1.227146	1.116501	1.289129
9732	-429.171	-600.1052	170.9342	0.09318234	0.6899543	1.36293	1.289129
9738	-425.8078	-596.271	170.4632	0.1650952	1.214148	0.9686141	1.50599
9744	-429.4365	-600.2822	170.8457	0.3795389	0.6747393	1.309299	1.179432
9750	-427.3082	-598.1158	170.8076	0.3914205	0.4917801	1.487436	1.170702
9756	-424.5397	-595.5407	171.001	0.1852598	0.4103994	0.9029222	1.662895
9762	-441.9671	-612.2551	170.288	0.2489148	0.956689	0.8884981	1.812472
9768	-438.2212	-609.2111	170.99	0.2752626	0.6926495	0.726231	1.593231
9774	-434.1309	-605.2717	171.1408	0.1998824	0.6801289	0.6373398	1.611255
9780	-431.0044	-602.0619	171.0575	0.1589115	0.7567697	0.7367659	1.577409
9786	-425.8601	-596.7879	170.9278	0.1267027	0.7072559	0.7779782	1.69779
9792	-438.0142	-608.6001	170.5859	0.08899046	1.220789	1.455492	1.060819
9798	-448.1976	-618.1993	170.0017	0.08476586	1.01103	1.656477	1.547507
9804	-439.4077	-609.5051	170.0975	0.4500514	0.9072431	0.6053887	2.030064
9810	-436.1715	-607.1502	170.9786	0.1631704	0.8948205	0.6053887	1.629061
9816	-435.2685	-606.6065	171.338	0.27626	0.656877	0.6503592	1.41256
9822	-436.8675	-607.0706	170.2031	0.3504738	0.9332234	0.8641804	1.833879
9828	-444.8145	-615.7504	170.9359	0.2733809	0.7992897	1.086104	1.282295
9834	-434.7133	-603.1954	168.4821	1.549639	0.8975808	1.293987	1.920749
9840	-447.1049	-617.0749	169.97	0.567214	0.7233906	0.889267	1.966804
9846	-446.8212	-617.3606	170.5394	0.151873	1.418907	0.8968261	1.360532
9852	-435.0097	-605.928	170.9183	0.1274091	1.027626	0.9277156	1.359033
9858	-439.3155	-610.0685	170.753	0.1026805	1.024946	0.9277156	1.507084
9864	-431.5353	-602.1754	170.6402	0.1303224	1.587641	0.9277156	1.136514
9870	-427.8035	-598.7927	170.9892	0.110223	1.017763	0.8186504	1.410107
9876	-439.1331	-609.7522	170.619	0.1213341	0.6071872	1.317214	1.599446
9882	-432.59	-603.0649	170.4749	0.1213341	1.28856	1.258464	1.245903
9888	-434.8127	-605.5938	170.7811	0.09181466	0.8832171	0.763663	1.716145
9894	-440.1348	-610.9272	170.7923	0.1930195	0.8183503	0.7151448	1.716145
9900	-427.1274	-597.7089	170.5815	0.1049257	0.5499944	0.7151448	2.081531
9906	-425.1957	-595.8465	170.6509	0.08179054	0.8698126	0.7142926	1.857063
9912	-430.1575	-599.9904	169.8328	0.1589866	1.438501	0.7326577	1.967465
9918	-436.3245	-607.8556	171.5311	0.1206646	0.6310021	0.8101332	1.273237
9924	-440.4245	-611.068	170.6435	0.2910979	0.6624221	1.331233	1.407789
9930	-435.8438	-606.3268	170.4829	0.1073004	0.6624221	0.8455899	1.997796
9936	-441.3112	-612.2522	170.941	0.2601069	0.5957051	0.7768964	1.663603
9942	-429.5063	-600.3644	170.8581	0.1333093	0.5697929	0.6197393	1.932052
9948	-433.6105	-604.4951	170.8846	0.2201705	0.5036658	0.7372258	1.80611
9954	-446.1482	-617.3235	171.1753	0.2443401	0.8511099	0.7635927	1.332019
9960	-443.4288	-614.8765	171.4478	0.1254064	0.4987855	1.102673	1.176252
9966	-435.463	-606.6501	171.1871	0.1336799	0.5142127	0.8967877	1.532951
9972	-439.7539	-610.4317	170.6777	0.313716	0.9999857	0.6173312	1.653122
9978	-450.7174	-619.9729	169.2555	0.9359368	1.31055	1.11029	1.653122
9984	-434.6203	-604.4095	169.7892	0.4567993	1.31055	0.7629983	1.857905
9990	-429.605	-600.4347	170.8297	0.1985007	0.9375594	0.9515961	1.424325
9996	-433.3393	-603.2609	169.9216	0.4706342	1.077458	1.098652	1.682046
10002	-429.2748	-600.5041	171.2293	0.1080066	0.786259	0.8932276	1.34481
10008	-442.5054	-613.1767	170.6713	0.2473882	0.7016423	0.8970646	1.713308
10014	-439.3119	-610.3789	171.067	0.297521	0.5851897	1.029376	1.358564
10020	-439.5446	-610.1197	170.575	0.4312162	0.7856088	0.8492542	1.628272
10026	-446.4281	-616.6323	170.2041	0.1865862	0.7333592	0.7606055	2.142518
10032	-452.8676	-622.9624	170.0949	0.3246701	0.7333592	0.5379359	2.267879
10038	-463.5392	-632.2629	168.7236	0.527713	1.680236	0.7905019	2.267879
10044	-446.2853	-617.3627	171.0774	0.1472936	1.011882	0.7580798	1.364087
10050	-436.4178	-607.68	171.2622	0.1189205	0.5983256	0.7880572	1.522669
10056	-442.6611	-613.7697	171.1086	0.1151217	0.7949149	1.024148	1.324277
10062	-441.1666	-611.8483	170.6817	0.1127707	0.7875734	0.9175001	1.729112
10068	-455.2958	-625.0134	169.7176	0.1127707	1.053711	0.9344886	2.18851
10074	-440.1713	-610.8418	170.6706	0.2309693	0.9927451	0.673602	1.682306
10080	-437.2503	-608.4369	171.1866	0.1966679	0.6744833	0.7759199	1.481076
10086	-444.7497	-615.2142	170.4645	0.2690176	1.290469	1.08031	1.278273
10092	-439.2782	-609.0495	169.7713	0.07985815	1.26647	0.9299697	2.040019
10098	-436.818	-606.7295	169.9114	0.06928592	1.113679	0.8786534	2.087806
10104	-427.4536	-597.9878	170.5342	0.125564	1.180146	1.000201	1.483826
10110	-439.0353	-609.9657	170.9304	0.2394442	1.016226	0.8514893	1.329998
10116	-433.7895	-603.4454	169.6559	0.1878159	2.06282	0.9110079	1.557125
10122	-438.8478	-608.3147	169.4669	1.095605	1.021561	0.9283993	1.721529
10128	-436.0925	-606.7333	170.6408	0.5435538	0.6929017	0.704513	1.667049
10134	-424.9845	-596.2657	171.2812	0.09522428	0.7680283	0.9302395	1.297694
10140	-433.1501	-603.3941	170.244	0.1121815	1.083645	1.020402	1.758258
10146	-429.8287	-599.9925	170.1638	0.1291287	1.785465	0.8907366	1.413528
10152	-438.4529	-609.096	170.6431	0.1112737	0.9861368	1.034429	1.532007
10158	-435.946	-607.0296	171.0836	0.1783385	0.921234	1.140295	1.085331
10164	-432.784	-603.2276	170.4436	0.1087751	1.166101	1.83634	0.8446758
10170	-436.7842	-606.8248	170.0406	0.1748275	1.482532	1.83634	0.8817463
10176	-443.5714	-613.0658	169.4944	0.2035933	2.166256	1.938893	0.5760631
10182	-437.8374	-607.5855	169.7481	0.1136583	1.732006	1.938893	0.9069118
10188	-439.8849	-609.5605	169.6756	0.4735346	1.423452	1.62184	1.207113
10194	-437.8449	-608.2731	170.4282	0.1194884	1.117903	1.035008	1.586891
10200	-445.3828	-615.6874	170.3046	0.1194884	1.153335	1.035008	1.650823
10206	-434.0712	-604.2792	170.208	0.09073995	1.019767	1.24773	1.683471
10212	-430.9583	-600.9613	170.0029	0.09073995	1.690775	1.594696	1.059202
10218	-417.9416	-588.5836	170.642	0.2660122	0.9886831	1.084248	1.37492
10224	-435.0875	-605.3903	170.3028	0.08558757	1.149241	1.05519	1.664884
10230	-428.4677	-598.7762	170.3085	0.1136982	1.149241	1.372246	1.404361
10236	-434.1327	-604.6624	170.5298	0.1136982	0.975686	1.108476	1.566915
10242	-430.7158	-601.4039	170.6881	0.1110734	1.122474	0.9512606	1.4586
10248	-433.104	-603.2518	170.1478	0.133455	1.44	1.170937	1.450468
10254	-427.4723	-598.3938	170.9216	0.2185209	0.8711662	1.050813	1.30989
10260	-433.5285	-603.7047	170.1762	0.0845463	1.33308	1.210992	1.512895
10266	-442.4918	-612.735	170.2432	0.07916332	1.112236	1.210992	1.626766
10272	-441.9388	-609.3586	167.4198	1.613041	1.475822	1.6382	1.979639
10278	-442.8225	-611.2814	168.4589	1.49633	0.6148215	1.666437	1.90045
10284	-450.0397	-619.4417	169.4019	1.759318	0.3414664	1.122495	1.523379
10290	-452.6071	-621.4664	168.8593	0.9065923	1.54356	1.426704	1.571879
10296	-450.0787	-618.3505	168.2718	0.8308371	1.8845	1.480177	1.788134
10302	-444.6604	-612.8734	168.213	1.95893	0.7647135	1.477575	1.788134
10308	-447.3207	-616.4648	169.1441	0.7968809	0.7354228	1.253268	2.113197
10314	-435.2085	-602.5857	167.3772	3.014805	0.7354228	1.181453	1.859682
10320	-444.3134	-613.8038	169.4904	0.5801505	1.30261	0.9434723	1.859682
10326	-443.8953	-612.2228	168.3275	1.361274	1.083417	1.134306	2.131333
10332	-450.863	-622.1371	171.2741	0.2977348	0.4363392	0.9343644	1.343355
10338	-437.848	-608.5091	170.6612	0.1251729	0.8115945	0.7109261	1.861801
10344	-444.413	-615.0821	170.6692	0.1251729	0.8089661	0.8177512	1.784433
10350	-437.6791	-608.1075	170.4285	0.08705889	1.07368	1.274121	1.465695
10356	-449.3827	-619.404	170.0213	0.08705889	1.126996	1.313547	1.695982
10362	-451.8133	-622.4247	170.6114	0.08705889	0.9894397	1.281109	1.384257
10368	-454.0151	-625.0338	171.0187	0.1745639	0.9590874	1.03871	1.203092
10374	-454.879	-625.5642	170.6851	0.1015233	0.7006954	1.817966	1.09582
10380	-447.9967	-615.7147	167.718	2.03307	0.5898782	1.310202	2.282418
10386	-453.1159	-621.9819	168.8661	1.448369	0.7162188	1.118993	1.966661
10392	-453.7151	-619.2793	165.5642	4.535749	0.7822176	1.131553	2.059328
10398	-443.4823	-608.9312	165.4489	2.880183	1.670103	1.160818	2.620746
10404	-450.4541	-618.2645	167.8104	1.609868	0.8455226	0.7804111	2.67457
10410	-437.9714	-605.5012	167.5298	2.699297	0.7559835	1.256011	1.906592
10416	-444.3923	-610.9976	166.6053	2.825891	1.217345	1.348316	2.07288
10422	-440.3341	-607.7513	167.4172	1.4836	1.95633	1.079437	2.15089
10428	-434.5511	-604.4458	169.8946	0.8654499	0.6989661	1.039257	1.726572
10434	-436.3215	-605.0584	168.7369	1.216489	0.8211579	0.8385224	2.31979
10440	-445.4091	-612.5542	167.1451	2.511123	1.268716	1.155681	2.018164
10446	-448.9135	-616.1428	167.2294	1.979774	1.193696	0.955434	2.482052
10452	-459.0521	-627.0188	167.9667	1.537091	1.002104	1.295689	2.199476
10458	-445.9471	-613.9177	167.9706	1.698232	0.876561	1.255846	2.199476
10464	-448.2587	-613.3252	165.0665	4.022381	0.876561	1.370477	2.495237
10470	-442.5338	-606.3508	163.817	5.365635	0.8530422	1.423271	2.417807
10476	-451.5463	-618.2627	166.7164	2.550514	0.7657585	1.423271	2.418254
10482	-451.9987	-621.067	169.0682	0.670266	0.5305012	0.691674	2.705176
10488	-446.8027	-616.6926	169.8898	0.5723103	0.9705009	0.7401991	1.95492
10494	-447.0927	-617.3476	170.2548	0.08926654	0.8863273	0.7401991	2.089082
10500	-439.7657	-610.0153	170.2496	0.1784611	1.63078	0.5735801	1.652033
10506	-448.0696	-618.6278	170.5582	0.229448	0.8188116	0.9179791	1.712232
10512	-442.3229	-612.9827	170.6598	0.1376491	0.9537777	0.7056445	1.760531
10518	-444.7115	-615.4694	170.7579	0.1468641	0.8472214	0.7041913	1.760531
10524	-442.5963	-613.9559	171.3596	0.3059712	0.5674804	0.8154525	1.299766
10530	-442.5689	-612.7484	170.1796	0.2257181	1.105515	0.9548014	1.754581
10536	-440.802	-611.3107	170.5086	0.09424175	0.8280216	0.911359	1.839159
10542	-435.3487	-606.3617	171.013	0.1220888	1.184482	0.911359	1.169397
10548	-447.9855	-618.6578	170.6723	0.1246635	1.069129	1.25182	1.264663
10554	-444.1686	-615.3947	171.2261	0.2538486	0.6210489	0.9645578	1.294366
10560	-437.0108	-607.5892	170.5784	0.08848146	1.092262	0.9680514	1.567327
10566	-443.1649	-613.234	170.0691	0.08848146	1.092262	1.261482	1.722454
10572	-433.9375	-604.2712	170.3337	0.09146837	1.108693	0.8857063	1.786638
10578	-445.1051	-615.6256	170.5205	0.1149458	1.061165	1.242162	1.407819
10584	-445.9528	-616.0575	170.1047	0.2907619	1.083169	0.7117386	1.943195
10590	-433.5328	-604.0388	170.506	0.2357219	0.6751484	0.5285256	2.09983
10596	-445.0322	-609.5724	164.5401	3.354546	0.875682	0.6483813	3.643015
10602	-443.5872	-609.4737	165.8866	1.394623	1.400218	0.5062472	3.780779
10608	-440.0283	-606.3687	166.3404	1.685057	1.41719	0.72963	3.206465
10614	-442.8009	-609.0792	166.2783	1.977239	0.8909508	0.7634804	3.35652
10620	-445.3167	-613.1138	167.7971	1.348894	0.8105397	0.680705	2.923122
10626	-448.6469	-615.3314	166.6845	2.400279	1.239536	1.319789	2.301832
10632	-445.8709	-612.2636	166.3928	2.768384	1.45305	1.037768	2.301832
10638	-433.317	-598.783	165.466	3.774105	0.9524134	1.033637	2.563824
10644	-437.701	-603.9815	166.2805	2.927441	0.6951022	1.42293	2.49708
10650	-435.2757	-599.7294	164.4537	4.226828	1.20519	1.090826	2.718508
10656	-446.1698	-611.2916	165.1218	3.811255	1.145079	1.590852	2.285079
10662	-440.8263	-606.6969	165.8706	3.076463	1.199825	1.685829	2.180017
10668	-433.7296	-599.7673	166.0378	4.028385	1.067313	1.226968	1.827441
10674	-442.6109	-611.5556	168.9446	1.041461	1.158976	1.50972	1.620399
10680	-434.8879	-602.9243	168.0364	1.42138	1.417828	1.50972	1.815588
10686	-434.5644	-600.18	165.6156	3.578409	1.42279	1.364411	2.087574
10692	-453.8201	-622.0349	168.2147	1.842102	0.6752848	1.237043	2.084189
10698	-445.5469	-609.5961	164.0491	5.687635	1.072699	1.106277	2.125271
10704	-444.4071	-613.6177	169.2106	0.7178044	0.8364382	0.7751515	2.366415
10710	-450.4178	-621.0832	170.6654	0.2295326	0.7792748	0.9135391	1.666408
10716	-443.1316	-614.3659	171.2343	0.1115441	0.5958495	0.8903871	1.473881
10722	-456.6452	-627.1434	170.4983	0.1159806	0.8285505	1.032757	1.746752
10728	-444.8842	-615.9185	171.0343	0.1293338	0.8770892	1.032757	1.30068
10734	-436.9872	-608.1141	171.127	0.2488392	0.660303	1.117357	1.225865
10740	-448.0706	-618.3236	170.2531	0.3375117	0.7875343	1.124191	1.727179
10746	-443.2923	-614.1197	170.8274	0.2474196	0.796215	0.8167801	1.594643
10752	-443.7093	-614.7314	171.0221	0.1407239	0.3974588	1.364934	1.335418
10758	-441.8598	-611.6617	169.802	1.035929	0.3812347	1.193717	1.707573
10764	-446.2024	-617.446	171.2436	0.2477994	0.5391725	0.7846162	1.476442
10770	-447.076	-618.0133	170.9373	0.1641258	0.7852656	1.044486	1.411929
10776	-444.8206	-616.2071	171.3865	0.1331564	0.6632875	0.8960796	1.287996
10782	-450.7091	-620.4725	169.7634	0.563691	1.154738	0.9849412	1.753993
10788	-458.5528	-628.6316	170.0788	0.1792946	0.7907338	0.8466773	2.137103
10794	-448.4761	-618.7555	170.2794	0.3892717	1.036671	0.9654387	1.608392
10800	-449.9216	-618.9544	169.0328	1.059999	0.8440605	1.036413	2.087001
10806	-455.4042	-625.0129	169.6086	0.705453	0.9991979	1.266082	1.674129
10812	-455.1219	-620.7593	165.6374	3.310226	0.7608464	1.005666	2.875654
10818	-450.2504	-618.1633	167.9129	2.680619	0.7258295	1.094126	1.787213
10824	-447.9262	-615.9382	168.012	1.461717	0.9222211	1.823645	1.923363
10830	-435.2795	-601.7805	166.501	2.83065	0.8938472	1.244001	2.41142
10836	-438.3549	-603.8729	165.518	3.810223	1.105796	1.012922	2.425879
10842	-442.2164	-611.2938	169.0774	0.5026807	1.111758	0.7551561	2.425879
10848	-443.0898	-611.4981	168.4082	0.989883	0.4869206	0.7930918	2.867677
10854	-441.4175	-607.4533	166.0358	3.158425	0.949257	0.6145021	2.85099
10860	-429.2881	-597.2663	167.9782	1.485187	0.5228099	1.00602	2.684311
10866	-429.7531	-594.9469	165.1938	4.397328	0.90512	1.214583	2.257902
10872	-432.8961	-597.0789	164.1828	5.240654	0.9284268	1.144174	2.394771
10878	-439.3914	-605.7654	166.374	2.9144	0.9284268	1.362318	2.342094
10884	-447.6275	-615.4977	167.8702	1.522539	0.8457166	0.9116519	2.610518
10890	-455.7814	-622.3949	166.6135	1.742428	0.863218	0.8902633	3.238819
10896	-447.399	-612.0503	164.6513	3.610374	1.060342	1.057203	3.078852
10902	-447.3549	-612.3748	165.02	4.425506	0.9722329	1.076794	2.395779
10908	-444.2598	-609.7314	165.4716	3.318801	1.024234	1.562251	2.46977
10914	-440.7776	-607.9353	167.1577	2.245099	1.04342	0.9907499	2.432093
10920	-443.6013	-610.4829	166.8816	1.817866	1.682897	0.9638233	2.505875
10926	-437.5673	-606.5922	169.0249	1.164067	0.6989885	1.2264	1.989402
10932	-448.8411	-618.2577	169.4166	0.9167503	1.126487	0.8646458	1.852278
10938	-436.3971	-603.7543	167.3572	2.291761	0.8908798	1.390783	2.115322
10944	-442.7773	-609.1762	166.3989	3.183088	1.243967	1.950049	1.532579
10950	-439.1715	-608.1239	168.9523	1.520763	0.5279267	1.877937	1.425203
10956	-444.6095	-613.9543	169.3449	0.9831561	0.8653226	1.012897	1.932113
10962	-438.9778	-609.3344	170.3566	0.3684094	0.844329	1.222063	1.519155
10968	-440.4729	-610.7885	170.3156	0.2718029	0.4627252	0.8494894	2.094125
10974	-431.9345	-602.5955	170.661	0.1713471	0.7617609	0.7009891	1.870019
10980	-435.5794	-606.2505	170.6711	0.1418045	0.7617609	0.7204527	1.870019
10986	-435.0918	-604.5694	169.4776	0.06305303	1.458471	1.465066	1.762315
10992	-446.0768	-616.3738	170.297	0.07850752	0.7245394	0.8890283	2.073743
10998	-447.8665	-618.3292	170.4627	0.3763907	0.5550148	0.5869139	2.062984
11004	-462.0579	-632.2351	170.1771	0.5114862	0.7694578	0.9958739	1.760613
11010	-450.1624	-619.8867	169.7243	0.3993518	1.653254	0.633117	1.80987
11016	-444.705	-615.1136	170.4086	0.2257259	1.009483	0.6289682	1.887388
11022	-450.3803	-620.5919	170.2116	0.1003413	0.9296558	0.8103608	2.035537
11028	-433.1188	-603.6981	170.5793	0.09652668	0.925265	0.7762057	1.815709
11034	-433.2702	-604.0056	170.7354	0.181287	0.8939993	0.779555	1.666202
11040	-427.6235	-598.6835	171.06	0.1795922	0.6354654	0.6786061	1.682512
11046	-430.1244	-600.758	170.6336	0.2508337	0.9876091	0.4950792	1.822798
11052	-425.1508	-595.4471	170.2963	0.4098192	0.6321826	0.9324231	1.878994
11058	-425.4181	-595.7014	170.2833	0.6268177	0.6235484	1.01304	1.686215
11064	-424.4135	-594.0266	169.6131	0.6539543	0.6221895	1.263317	1.957866
11070	-422.0324	-592.7446	170.7122	0.1352871	1.277815	1.060006	1.210225
11076	-429.2833	-600.278	170.9947	0.1429681	0.966041	0.830215	1.411548
11082	-422.6911	-593.4733	170.7822	0.1050277	0.966041	0.8117165	1.612622
11088	-436.1388	-606.3803	170.2415	0.1394407	1.461427	0.8117165	1.627721
11094	-432.7344	-603.3853	170.6509	0.08782486	0.9015411	0.8199253	1.758092
11100	-442.5516	-612.4674	169.9158	0.0987018	1.741411	0.8180338	1.701336
11106	-425.9629	-596.3636	170.4007	0.06638591	0.8930178	1.180769	1.701336
11112	-429.2021	-599.8091	170.607	0.06972298	0.7747139	1.646833	1.278612
11118	-443.5838	-614.481	170.8972	0.274276	0.7174386	1.005947	1.437343
11124	-439.7616	-610.5267	170.765	0.1896214	0.5938881	0.878689	1.766722
11130	-447.4256	-617.8904	170.4647	0.1156944	0.7456882	0.878689	1.930762
11136	-434.4347	-605.3505	170.9158	0.1005595	0.6283356	0.9831146	1.628695
11142	-435.1029	-606.1101	171.0072	0.1329527	0.3372018	1.171232	1.502009
11148	-444.2974	-615.3801	171.0827	0.2088267	0.5109399	1.105105	1.398638
11154	-445.5128	-616.6418	171.129	0.1754111	0.5161307	0.9829423	1.479803
11160	-446.0292	-615.0253	168.9961	0.5573499	0.9221625	0.5730188	2.673483
11166	-447.9896	-616.9968	169.0072	1.378403	0.8334652	1.232532	1.763534
11172	-445.8011	-612.2046	166.4035	2.573285	0.6846559	0.7251148	3.069516
11178	-446.1235	-611.7916	165.6682	2.400071	0.8843304	1.006308	3.327719
11184	-467.4008	-630.8152	163.4143	4.566436	0.8336891	0.7038978	3.584869
11190	-459.1614	-623.6321	164.4707	4.493618	1.007122	0.8477535	2.813851
11196	-464.7833	-629.7091	164.9258	4.493618	1.105139	1.640928	1.959984
11202	-453.528	-621.994	168.4661	1.499568	0.5313557	1.343168	2.150928
11208	-439.2477	-609.181	169.9334	1.087505	0.5715222	1.027837	1.626521
11214	-439.3046	-608.6118	169.3072	0.7159467	0.8641791	0.777641	2.287069
11220	-443.3373	-612.9321	169.5948	1.048389	0.6489457	0.9116079	1.925911
11226	-435.0831	-606.1446	171.0615	0.286599	0.7351968	0.8349503	1.42022
11232	-442.8258	-612.191	169.3652	0.6442775	0.7351968	1.331346	2.016631
11238	-442.35	-610.1151	167.7651	1.220212	1.452898	0.6932399	2.628399
11244	-445.5747	-612.9228	167.3481	2.071232	1.373811	0.8125708	2.328924
11250	-433.6374	-603.9903	170.3529	0.623289	0.8365637	1.135461	1.39975
11256	-435.5241	-604.9376	169.4136	0.9683573	0.8112254	1.113601	1.863223
11262	-444.0278	-614.2292	170.2013	0.1194924	1.516206	1.093405	1.424589
11268	-440.0886	-610.8455	170.7568	0.264994	0.9144287	1.093405	1.336201
11274	-447.3206	-618.3536	171.0331	0.1759762	0.6699649	0.651216	1.702157
11280	-429.7733	-599.9229	170.1496	0.09878256	0.9943242	1.092521	1.8447
11286	-441.2942	-611.898	170.6038	0.09878256	0.7890832	0.9695536	1.756069
11292	-442.8362	-613.2777	170.4415	0.1335225	1.160649	0.8822693	1.646951
11298	-451.4076	-621.8102	170.4026	0.2204101	1.160649	0.9009395	1.598788
11304	-443.7424	-613.9436	170.2012	0.2113911	1.160649	0.6615409	1.913577
11310	-438.8975	-609.515	170.6175	0.5198702	0.530694	0.8126217	1.718277
11316	-432.9996	-603.9407	170.9411	0.2690699	0.7447477	0.9128202	1.459315
11322	-444.8544	-616.1908	171.3364	0.1301544	0.6052358	0.9376998	1.337468
11328	-449.0327	-620.2197	171.1869	0.1824823	0.6691885	0.9797753	1.337468
11334	-456.4484	-627.6176	171.1692	0.1539703	0.7836216	1.094797	1.19207
11340	-443.3633	-614.5215	171.1581	0.1576069	0.7267971	0.848753	1.44052
11346	-452.1993	-623.0752	170.8759	0.1576069	0.7536747	0.7832459	1.677972
11352	-457.665	-628.3487	170.6837	0.1756689	0.7536747	0.7322656	1.835398
11358	-450.7217	-621.4194	170.6977	0.1113231	0.9135496	0.9705132	1.592096
11364	-454.8158	-625.9024	171.0866	0.1836473	0.7316442	0.8102495	1.500691
11370	-450.2561	-620.366	170.11	0.1653381	0.9690749	0.8835385	1.98502
11376	-446.5652	-616.3674	169.8022	0.0778186	0.7018163	0.8835385	2.40989
11382	-438.7689	-606.4617	167.6927	2.554355	0.854999	0.6521338	2.229675
11388	-455.8601	-623.521	167.6609	1.716524	1.081566	1.536872	2.072688
11394	-464.6025	-632.1897	167.5872	2.840184	0.6102646	1.469776	1.712527
11400	-446.1916	-616.8374	170.6458	0.1317607	0.8036775	0.7117326	1.872465
11406	-434.154	-604.7628	170.6088	0.0981424	0.791458	0.8460968	1.837007
11412	-444.6078	-615.6748	171.067	0.0981424	0.6585065	0.9089377	1.555219
11418	-443.4989	-613.9701	170.4712	0.0981424	1.070326	1.174314	1.502922
11424	-437.7371	-607.6241	169.887	0.0981424	1.469918	1.232769	1.603691
11430	-440.2843	-610.8413	170.5569	0.0986452	0.9720381	0.7931018	1.785714
11436	-448.3455	-618.9465	170.6011	0.08672856	1.065044	1.133223	1.448389
11442	-438.5509	-609.0068	170.4559	0.2979626	0.9854526	1.282948	1.342218
11448	-442.9534	-614.4603	171.5069	0.1552708	0.4845344	0.9146776	1.26718
11454	-452.8629	-623.2626	170.3998	0.2794799	0.8603846	0.9072695	1.767127
11460	-447.9812	-618.0954	170.1142	0.1301714	0.8603846	0.6295732	2.242523
11466	-464.2286	-635.1269	170.8983	0.3140555	0.626664	0.6724717	1.711524
11472	-452.6268	-622.9873	170.3606	0.5404401	0.6610666	1.020372	1.66431
11478	-445.5522	-613.5015	167.9493	2.030289	0.7538434	1.406548	1.974621
11484	-449.0107	-615.0181	166.0073	3.407038	1.19741	1.681888	1.87384
11490	-449.0719	-616.0599	166.9879	2.265112	1.19741	1.595976	2.039916
11496	-457.7181	-624.0023	166.2843	3.286293	0.6989905	1.13258	2.449554
11502	-458.353	-623.7616	165.4086	2.621198	1.683208	1.018563	2.883336
11508	-461.1791	-628.9232	167.7441	1.010294	1.683208	0.7813183	2.58505
11514	-442.4547	-611.8054	169.3506	0.7067231	1.212341	0.8291149	2.005291
11520	-441.9956	-609.3856	167.39	2.183867	1.9018	1.129357	1.693174
11526	-443.9179	-613.6079	169.69	0.6402925	1.254741	1.619858	1.192979
11532	-439.6273	-609.9272	170.2999	0.4332164	0.7319886	1.776906	1.154816
11538	-454.5407	-624.3249	169.7841	0.3351986	0.7849754	1.29099	1.938316
11544	-454.549	-623.7443	169.1953	1.052333	0.9207374	0.8062125	2.086599
11550	-449.0436	-614.1841	165.1405	3.425807	1.439162	0.9263093	2.7506
11556	-454.7004	-621.1311	166.4307	2.90662	0.6789922	1.518323	2.364787
11562	-450.7113	-618.0952	167.3839	2.225234	1.836548	1.176806	1.674709
11568	-449.7883	-618.356	168.5677	1.53242	0.8186118	1.413307	1.846031
11574	-441.6484	-609.4522	167.8038	2.446734	0.6474113	1.732257	1.628863
11580	-448.7229	-615.1554	166.4325	2.332883	1.418016	1.994547	1.956711
11586	-444.6777	-608.9351	164.2574	4.755279	0.7093972	1.154898	2.774907
11592	-464.1085	-630.9986	166.8901	2.865624	0.8530022	1.104173	2.256285
11598	-450.0275	-617.7573	167.7298	2.578442	0.7554425	1.356117	1.783977
11604	-449.6661	-615.8407	166.1746	3.146579	1.230672	1.555646	1.999716
11610	-452.6341	-619.5494	166.9152	2.53003	1.226158	1.163794	2.178668
11616	-434.5418	-603.1299	168.5881	1.779586	0.8243624	1.188554	1.812684
11622	-430.3232	-599.5504	169.2272	0.7859624	0.8167274	1.293949	1.986864
11628	-436.1391	-601.1897	165.0506	4.015901	0.7305574	1.439151	2.554608
11634	-438.7418	-605.1636	166.4218	2.174001	1.272869	0.822604	2.892917
11640	-427.15	-595.0251	167.8751	1.524343	0.9825231	0.7618742	2.614858
11646	-443.3562	-612.3748	169.0186	1.384369	0.6015859	1.207314	1.915588
11652	-449.03	-618.8476	169.8176	0.8907303	0.4922454	1.178919	1.779546
11658	-440.8473	-611.5791	170.7318	0.2189416	0.512493	0.8776367	1.811632
11664	-433.6036	-604.9407	171.337	0.2790009	0.5661785	0.8776367	1.290291
11670	-448.4994	-618.4906	169.9912	0.5163131	0.4963483	1.238886	1.874792
11676	-450.5543	-621.7264	171.1721	0.1132038	0.4559905	1.454216	1.14072
11682	-442.2075	-612.5949	170.3874	0.3115363	0.9752522	0.8971569	1.679844
11688	-445.7246	-615.4662	169.7416	0.2341973	0.9510971	0.5291704	2.420036
11694	-435.4596	-606.5168	171.0572	0.1427072	0.8192173	0.7322841	1.548439
11700	-442.8479	-612.0195	169.1715	0.4910081	0.8146991	0.6998285	2.593444
11706	-448.2738	-617.695	169.4213	0.7176816	1.154935	0.7229003	2.059205
11712	-440.3186	-610.3268	170.0082	0.3318956	1.267264	1.351715	1.393871
11718	-443.1898	-613.9968	170.8071	0.1547148	1.472206	1.005771	0.9830958
11724	-432.1554	-603.3476	171.1922	0.196563	0.730637	1.191035	1.093062
11730	-437.3442	-607.5254	170.1812	0.1193975	1.255061	1.208032	1.541821
11736	-442.1925	-612.7015	170.509	0.1743327	0.9694271	1.045643	1.588273
11742	-433.4541	-603.9686	170.5144	0.153693	0.7691748	0.7466503	1.94556
11748	-431.4259	-602.6395	171.2136	0.1623356	0.7595263	0.7865581	1.418287
11754	-434.3466	-605.3136	170.967	0.1209045	0.4525033	0.9081959	1.717961
11760	-442.4459	-612.8277	170.3819	0.09848862	0.9386574	0.9081959	1.850184
11766	-440.4473	-610.9032	170.4559	0.37641	0.7333523	0.7570338	1.850184
11772	-435.0674	-605.838	170.7706	0.1761615	0.5189005	0.7349523	1.909048
11778	-440.4253	-610.6555	170.2302	0.614926	0.5599048	1.211855	1.626949
11784	-441.6027	-610.2311	168.6283	0.8631276	0.7936069	0.7391608	2.687383
11790	-442.9697	-610.1294	167.1597	2.421727	0.8282959	1.10184	2.384292
11796	-438.5638	-607.6324	169.0686	0.613543	1.14511	0.718153	2.363829
11802	-451.0313	-619.4086	168.3774	1.739077	0.830855	0.9814929	2.116043
11808	-462.4607	-629.1427	166.682	1.227002	1.788526	0.8579937	2.996142
11814	-442.9469	-609.3396	166.3927	2.572436	1.211787	1.30261	2.406015
11820	-445.4239	-611.0813	165.6574	4.52287	0.9427963	1.395929	1.716912
11826	-444.9571	-610.7925	165.8354	1.777484	1.161414	0.8245036	3.538983
11832	-454.9937	-621.6065	166.6129	2.380479	0.6773777	0.8133373	3.010761
11838	-440.9879	-606.3766	165.3886	4.154475	0.9440916	1.382502	2.155255
11844	-456.725	-623.1133	166.3882	3.308331	0.8992387	1.183085	2.214036
11850	-439.4127	-608.1982	168.7855	1.143604	0.8035053	1.251738	2.079184
11856	-444.9384	-611.3003	166.3619	4.075693	0.8032755	1.22793	1.751033
11862	-441.1434	-608.8308	167.6874	2.283866	0.6670353	1.159472	2.195446
11868	-441.9854	-608.4379	166.4524	2.743798	0.6867105	1.126062	2.692945
11874	-438.422	-607.1797	168.7578	0.7907397	0.6867105	1.023489	2.538581
11880	-428.7609	-598.7175	169.9565	0.8604019	0.8024358	1.048332	1.609409
11886	-427.8593	-598.3334	170.4742	0.5378353	0.3897408	1.085425	1.660053
11892	-434.5225	-604.2926	169.7701	1.040357	0.5249021	1.085425	1.759007
11898	-436.1903	-606.6424	170.4521	0.5787681	0.8916659	1.085425	1.353359
11904	-424.2027	-595.1585	170.9557	0.1156113	0.6366246	1.085425	1.507988
11910	-427.6661	-598.6425	170.9765	0.1411788	0.4938753	0.8089112	1.751431
11916	-428.1837	-599.0414	170.8576	0.09506711	0.7842859	0.8363329	1.67685
11922	-427.075	-597.9878	170.9128	0.1797499	1.222957	0.85647	1.220518
11928	-430.3522	-601.556	171.2038	0.1622876	0.6092182	0.9994754	1.365564
11934	-437.3798	-608.207	170.8272	0.09535328	0.7261006	0.9178985	1.679694
11940	-430.3997	-600.9091	170.5094	0.07566557	0.7201542	0.930571	1.908796
11946	-445.7223	-615.6104	169.8881	0.0646885	0.6677282	0.9462934	2.343635
11952	-441.2811	-612.3158	171.0347	0.1489604	0.6670673	0.9462934	1.508088
11958	-446.9153	-618.1291	171.2138	0.0995053	0.5072552	1.070967	1.410025
11964	-433.8204	-604.8849	171.0644	0.09682426	0.4738777	0.7391521	1.777576
11970	-436.3597	-606.9518	170.5921	0.09682426	0.5427207	1.185458	1.76534
11976	-457.5294	-627.7276	170.1982	0.2731561	0.9579696	0.7688554	1.937876
11982	-439.8064	-610.211	170.4045	0.1285693	0.9371732	0.7278675	1.937876
11988	-435.2049	-605.7206	170.5157	0.1587989	1.411782	0.651316	1.56508
11994	-436.3707	-607.1628	170.7921	0.1347613	1.136736	0.6668873	1.56508
12000	-436.5297	-607.7212	171.1915	0.1347613	0.5916417	0.9841762	1.419756
12006	-435.3251	-606.1457	170.8206	0.1347613	0.839378	1.231794	1.338069
12012	-441.2996	-612.0376	170.738	0.1541262	0.9209374	0.9860347	1.51391
12018	-439.5341	-610.2813	170.7472	0.2047271	0.808436	0.8246832	1.668998
12024	-443.2371	-614.2325	170.9954	0.1874062	0.9652621	0.8214553	1.383813
12030	-431.7807	-602.4604	170.6797	0.1154562	0.7663142	0.6430266	1.931633
12036	-447.238	-617.6535	170.4155	0.1030535	0.8126641	0.83572	1.957973
12042	-434.5652	-604.8991	170.3339	0.09645549	0.9477578	0.7881295	1.959329
12048	-436.6216	-607.122	170.5004	0.1024145	1.223082	1.092513	1.424652
12054	-437.891	-608.3138	170.4228	0.1057343	1.715248	1.172926	1.025486
12060	-431.8317	-602.8338	171.0021	0.1137137	0.8905895	1.056411	1.309448
12066	-440.3552	-610.8282	170.473	0.1748161	0.7537028	0.7643444	1.957271
12072	-439.1018	-609.9812	170.8794	0.1285469	1.163061	0.6272746	1.515089
12078	-440.9329	-611.7402	170.8073	0.08015013	0.8740519	0.9703879	1.563514
12084	-440.5495	-610.8075	170.258	0.08958175	0.7440569	0.8386508	2.113122
12090	-429.9181	-599.2716	169.3535	0.05986565	0.9070342	1.058751	2.468261
12096	-438.7656	-607.9432	169.1775	0.05986565	0.9825026	1.058751	2.531188
12102	-443.4764	-612.1728	168.6964	0.058857	1.399425	1.10759	2.545673
12108	-446.1092	-615.6769	169.5678	0.07867092	1.316273	1.002651	2.095169
12114	-432.9463	-603.5922	170.6459	0.09444542	0.8938721	0.9800061	1.649038
12120	-435.1483	-605.4032	170.255	0.08865369	0.9936962	0.9800061	1.856992
12126	-445.9995	-617.304	171.3044	0.1053773	0.7342253	0.9174003	1.307085
12132	-440.5054	-611.7134	171.208	0.1492477	0.4293808	0.8549585	1.569442
12138	-433.418	-604.4114	170.9934	0.1256044	0.7029653	0.9172148	1.553501
12144	-435.9405	-606.7006	170.7601	0.1534933	0.6152024	1.089432	1.634138
12150	-426.2001	-596.7984	170.5983	0.1024662	1.02711	1.059821	1.522487
12156	-440.2159	-609.6709	169.455	0.0731056	1.327623	1.038726	2.141787
12162	-449.5353	-619.277	169.7418	0.0787054	1.170116	1.303386	1.873408
12168	-440.5684	-610.7803	170.2119	0.1087327	0.9544196	1.018232	1.873408
12174	-437.686	-608.9051	171.2191	0.171489	0.8122965	0.8085548	1.349709
12180	-443.5852	-614.4156	170.8304	0.1908482	1.041578	0.9094316	1.381732
12186	-448.402	-619.2642	170.8622	0.1956965	0.6540779	0.9456919	1.609566
12192	-435.8151	-607.0887	171.2736	0.1388299	0.7827408	0.9337958	1.25351
12198	-440.0991	-610.4986	170.3996	0.1410451	1.087912	1.004582	1.635687
12204	-445.5565	-616.3918	170.8354	0.1004815	0.7332565	0.8194558	1.735118
12210	-446.1486	-615.7998	169.6512	0.07954827	1.484032	0.7916687	2.07313
12216	-434.3826	-604.5665	170.1839	0.07780621	0.8662031	0.8340224	2.09467
12222	-434.2965	-604.5649	170.2684	0.1163664	1.127856	0.7942258	1.864384
12228	-433.2078	-603.7458	170.5379	0.08554997	1.087982	0.9481367	1.616566
12234	-422.9164	-593.1872	170.2707	0.1430984	1.077055	0.8323002	1.853029
12240	-434.7597	-604.8049	170.0452	0.08131248	1.602055	0.91146	1.64484
12246	-433.9851	-604.6506	170.6655	0.07610732	0.9122022	1.177941	1.489419
12252	-436.2655	-606.544	170.2785	0.1063291	1.610717	1.075091	1.319815
12258	-434.9813	-605.8176	170.8363	0.1195678	0.6097964	1.278626	1.466524
12264	-442.1597	-612.6527	170.493	0.1201651	1.296723	0.9989346	1.433283
12270	-456.8064	-626.7187	169.9123	0.1828456	0.7986946	0.6360265	2.372289
12276	-443.9818	-614.3338	170.352	0.2432036	0.7351148	0.9354304	1.889126
12282	-439.3486	-609.6695	170.3209	0.5211941	0.5718699	0.650177	2.010627
12288	-434.9695	-605.4033	170.4338	0.3729613	0.6845104	0.5900086	2.010627
12294	-420.6287	-591.8675	171.2389	0.1635599	0.6263186	0.7160719	1.543003
12300	-427.2397	-598.0654	170.8257	0.1125334	0.8831126	0.8748472	1.589711
12306	-427.2233	-598.1158	170.8925	0.2093882	0.5795428	0.9932318	1.588299
12312	-435.4548	-606.449	170.9941	0.1088301	0.9190281	0.9932318	1.347723
12318	-428.8051	-600.326	171.5209	0.148889	0.4017399	0.6794651	1.473367
12324	-428.7536	-599.8859	171.1323	0.2076738	0.5389499	0.6794651	1.664866
12330	-441.0249	-611.8596	170.8347	0.1500432	0.8432713	1.177233	1.355112
12336	-438.4646	-608.7072	170.2426	0.08654704	1.114486	1.468094	1.428871
12342	-427.0892	-597.7764	170.6872	0.09289352	1.114486	1.061856	1.394234
12348	-425.4959	-596.1349	170.639	0.09455722	0.7960498	0.9804262	1.721916
12354	-433.3908	-604.2131	170.8223	0.1544046	0.7579383	1.014173	1.548866
12360	-445.2414	-615.6347	170.3934	0.125502	0.6346397	0.9444635	1.995661
12366	-424.2539	-595.3698	171.1158	0.1430035	0.6332019	0.9042209	1.50547
12372	-419.1888	-590.5418	171.3531	0.1470143	0.6144986	0.9042209	1.331299
12378	-437.8521	-608.9895	171.1374	0.1966836	0.4313254	1.351666	1.196826
12384	-433.7412	-603.3122	169.571	0.09770362	1.024162	0.610085	2.516055
12390	-442.5743	-612.869	170.2948	0.2899518	0.8434534	0.4482061	2.150429
12396	-455.3411	-625.947	170.6059	0.1409648	0.6126607	0.6620533	2.044171
12402	-461.3624	-631.8082	170.4458	0.1641601	0.7036866	0.8940571	1.926971
12408	-447.7865	-618.6314	170.8449	0.1831782	0.6638615	0.5120113	1.926971
12414	-454.1225	-624.4322	170.3097	0.2526251	0.7390442	0.4649466	2.219534
12420	-449.4029	-620.2334	170.8305	0.1835546	0.6294084	0.5443827	1.934855
12426	-443.8516	-614.7851	170.9334	0.1431776	0.6235543	0.8567848	1.678939
12432	-450.9509	-621.126	170.175	0.1251252	0.6496497	0.627058	2.335911
12438	-446.279	-617.2032	170.9242	0.2341675	0.6496497	0.7022472	1.714637
12444	-454.5076	-624.6679	170.1603	0.1989046	1.141716	0.9190389	1.786535
12450	-439.5483	-609.5733	170.025	0.08432211	1.00687	1.268388	1.810757
12456	-441.2968	-612.3149	171.0181	0.1289147	0.7804102	0.9599766	1.445523
12462	-448.8439	-619.492	170.6481	0.1938575	0.8831163	1.021771	1.552525
12468	-451.0842	-621.0762	169.992	0.09882955	1.465022	0.8385232	1.811038
12474	-429.4856	-600.0984	170.6128	0.162326	0.8379705	0.8358366	1.765503
12480	-432.6369	-603.1497	170.5129	0.1688377	1.372658	0.8693861	1.423862
12486	-439.1839	-610.2857	171.1018	0.2404832	0.7468348	0.8605429	1.396351
12492	-442.5438	-612.4743	169.9305	0.4761601	0.7349211	1.01997	1.95948
12498	-439.1405	-610.0703	170.9298	0.1712458	0.7306186	0.9105553	1.552662
12504	-433.229	-604.1914	170.9624	0.1154089	0.7306186	1.178462	1.366459
12510	-444.2935	-614.9752	170.6817	0.1309286	0.8926257	1.32085	1.338978
12516	-442.1543	-613.1564	171.0021	0.136419	0.5944408	0.6131271	1.823048
12522	-451.6581	-622.18	170.522	0.1500493	0.6110382	0.5697376	2.154775
12528	-450.0393	-620.1135	170.0742	0.1452902	0.8008668	0.8484453	2.154775
12534	-443.9809	-614.1851	170.2041	0.15583	0.6624185	0.6920806	2.248892
12540	-444.2231	-614.5198	170.2967	0.281192	0.7688607	0.6438499	2.074236
12546	-447.781	-617.9645	170.1835	0.3860072	1.003025	0.6407651	1.927665
12552	-431.8866	-602.2713	170.3847	0.4941025	0.7323435	0.9691488	1.670152
12558	-431.3439	-602.8094	171.4655	0.1708362	0.5332919	0.9691488	1.217274
12564	-427.3837	-598.6255	171.2418	0.1705688	0.4834856	1.098915	1.32111
12570	-429.7986	-600.8969	171.0983	0.0931509	0.5297968	1.290622	1.32111
12576	-433.0476	-603.8511	170.8035	0.3733004	0.5892733	1.543833	1.077802
12582	-429.3831	-600.0745	170.6914	0.5888142	0.5388956	0.8875923	1.557296
12588	-433.2163	-603.7297	170.5133	0.20841	0.7860199	0.7904939	1.868521
12594	-440.2569	-610.8491	170.5922	0.1334276	0.8844561	0.4923482	2.001851
12600	-433.7202	-603.3402	169.6199	0.2116603	1.057802	0.5787451	2.412446
12606	-445.8891	-613.3267	167.4376	0.8838704	1.005895	0.7259088	3.272263
12612	-443.3489	-609.7601	166.4112	2.171424	0.7406041	0.7259088	3.272263
12618	-438.5757	-605.5796	167.0039	2.520019	0.7180305	0.6489792	2.766741
12624	-441.9274	-607.6404	165.713	2.947543	0.7561592	0.9335762	3.094072
12630	-462.1912	-627.5576	165.3664	3.091415	1.050519	1.054707	2.96871
12636	-459.0022	-625.9702	166.968	2.393616	1.021865	1.054707	2.431318
12642	-444.0891	-612.1366	168.0475	1.11179	1.403221	1.054707	2.322395
12648	-445.208	-614.4961	169.2881	0.911273	0.6672729	1.346753	1.920881
12654	-458.7682	-626.8542	168.086	1.495578	1.157844	1.288889	2.051613
12660	-464.0384	-631.1659	167.1275	2.90692	0.8398064	1.152637	2.051613
12666	-461.9401	-631.6496	169.7095	0.6211179	0.9488019	0.8609934	1.97668
12672	-455.5657	-623.2833	167.7175	1.945041	0.9488019	1.284281	2.138349
12678	-448.188	-617.0867	168.8987	1.033372	1.173499	1.548119	1.62127
12684	-453.2643	-620.1757	166.9114	1.700673	1.38942	1.548119	2.364956
12690	-447.9018	-615.8308	167.929	1.899867	0.763351	1.170918	2.222373
12696	-447.8787	-613.5576	165.6789	3.940937	0.763351	1.088449	2.408262
12702	-435.3935	-601.2491	165.8556	3.940937	0.7083216	1.189051	2.264798
12708	-433.0663	-599.4408	166.3745	3.127959	1.060833	1.286258	2.168406
12714	-437.7416	-605.0251	167.2835	3.051816	0.8972347	1.434845	1.610699
12720	-439.7858	-606.9252	167.1394	2.030506	1.125914	1.84034	1.979725
12726	-444.6925	-611.4967	166.8041	2.168475	1.752889	1.235828	2.117741
12732	-454.9226	-622.9617	168.0391	1.333787	1.459185	1.600517	1.784383
12738	-447.4782	-614.3411	166.8629	2.298324	1.459185	1.2324	2.17273
12744	-453.8108	-618.8101	164.9993	3.98621	1.353877	1.178479	2.384189
12750	-446.1753	-615.4533	169.278	0.8029723	0.9425032	0.9707097	2.073732
12756	-439.2407	-609.2693	170.0286	0.8322335	0.4568181	1.154027	1.703311
12762	-440.5297	-609.6531	169.1234	0.8027885	1.468532	1.154027	1.703311
12768	-445.017	-614.7718	169.7548	0.1157971	1.563695	0.8269815	1.906511
12774	-434.0748	-604.3015	170.2267	0.237275	1.03303	0.7475761	1.906511
12780	-437.8757	-607.8073	169.9315	0.09110817	1.539046	0.8835412	1.77908
12786	-437.9893	-608.6033	170.614	0.09110817	0.689821	1.011759	1.790047
12792	-439.2832	-610.0905	170.8072	0.1540875	0.7852229	0.8463995	1.662855
12798	-430.276	-600.6888	170.4127	0.1194501	1.017689	1.144419	1.591317
12804	-446.4015	-616.6876	170.2861	0.1126798	1.208793	0.863835	1.751239
12810	-447.9657	-619.3433	171.3776	0.1782007	0.6130017	0.7895426	1.378975
12816	-434.9195	-606.3058	171.3863	0.1782007	0.6089779	0.856228	1.321764
12822	-439.2765	-610.2112	170.9348	0.1782007	0.5704363	0.8278766	1.70419
12828	-435.0439	-606.7686	171.7247	0.2122436	0.4725808	0.7468521	1.182341
12834	-446.9629	-617.8283	170.8654	0.1264396	1.113955	1.199077	1.102775
12840	-444.2027	-614.8314	170.6287	0.1803342	0.9167913	1.183897	1.430148
12846	-441.8389	-612.809	170.9701	0.1727013	0.5976926	0.896368	1.618423
12852	-432.7802	-603.2728	170.4926	0.1727013	1.003886	0.9990343	1.610256
12858	-435.0267	-605.6202	170.5934	0.1103945	1.080682	0.8837794	1.610256
12864	-434.2693	-604.7033	170.434	0.2283553	1.107938	1.01489	1.524533
12870	-437.3894	-606.1721	168.7827	0.9092271	1.839673	1.304222	1.519642
12876	-441.2112	-611.3806	170.1694	0.6049312	0.7376541	0.8813019	1.801732
12882	-442.1005	-611.7616	169.6611	0.8229771	0.9252098	0.9882745	1.801732
12888	-443.3503	-612.1797	168.8294	1.343103	0.9742846	1.250806	1.801732
12894	-432.1171	-599.59	167.4728	1.522385	1.28676	1.270283	2.361029
12900	-443.3052	-612.6095	169.3043	0.7237077	1.458801	0.7828798	1.896215
12906	-447.3409	-616.7313	169.3904	1.270888	0.7878761	0.9173443	1.82178
12912	-442.0105	-611.6332	169.6227	0.6386056	0.7792416	0.7694531	2.192467
12918	-447.1326	-615.4425	168.3099	1.074065	0.9391315	1.353186	2.280122
12924	-437.9417	-607.32	169.3783	0.7201284	1.215462	1.373691	1.597143
12930	-444.296	-612.3926	168.0966	1.627846	0.9929953	1.440921	1.96465
12936	-433.9626	-601.679	167.7164	2.178625	0.862768	1.548099	1.864476
12942	-450.0507	-619.9334	169.8827	0.8910875	0.6266808	1.367168	1.526088
12948	-447.3714	-616.9881	169.6167	0.3898981	1.049779	0.7840371	2.174317
12954	-446.0083	-616.086	170.0777	0.4714934	0.7047471	1.278261	1.702955
12960	-454.3278	-624.1656	169.8378	0.6151125	0.8385934	1.275407	1.682361
12966	-431.6435	-601.6298	169.9862	0.5582071	0.6257915	0.7483779	2.113333
12972	-435.9449	-602.052	166.107	2.804144	1.135137	0.9539742	2.703466
12978	-434.1507	-601.9126	167.7618	2.241781	0.7320109	1.012954	2.230686
12984	-432.96	-601.6239	168.6639	0.9712149	1.293468	1.012954	2.110347
12990	-435.5391	-604.6877	169.1486	0.6878273	1.43127	1.174718	1.776497
12996	-436.5272	-604.8015	168.2743	1.571284	1.134393	1.687598	1.611001
13002	-435.8503	-605.8088	169.9585	0.9366337	0.6377805	1.082867	1.638335
13008	-431.9111	-599.7099	167.7988	1.710077	1.348849	1.003204	2.164123
13014	-439.2616	-608.5175	169.2558	0.7509325	1.348849	0.9387279	1.875971
13020	-433.7532	-604.4396	170.6864	0.3164448	0.7312502	1.044138	1.526024
13026	-427.5119	-598.1793	170.6675	0.1459677	0.9730307	0.9965019	1.526024
13032	-423.4418	-594.4018	170.96	0.1214607	0.6079213	0.9965019	1.584163
13038	-438.3979	-610.0236	171.6258	0.1653774	0.4599485	0.9965019	1.095459
13044	-449.0991	-619.5606	170.4616	0.2605147	1.644754	0.9662926	1.09807
13050	-449.7425	-618.5778	168.8353	0.6588872	1.213045	1.861244	1.682769
13056	-440.3441	-610.3391	169.995	0.8663981	0.4532552	1.908942	1.114126
13062	-441.0764	-609.8823	168.806	0.8663981	0.7902815	2.47879	1.404139
13068	-440.4852	-608.1006	167.6155	0.7965175	1.427335	3.175363	1.354745
13074	-445.5666	-612.652	167.0853	2.144712	1.403734	2.597895	1.174171
13080	-444.5814	-613.537	168.9556	1.773402	0.5570081	1.909566	1.174171
13086	-446.5306	-615.5984	169.0678	0.8508881	1.114355	1.447567	1.744081
13092	-435.1268	-605.3701	170.2433	0.5021328	0.9081894	0.9786108	1.636175
13098	-447.1618	-617.7149	170.5531	0.1271734	1.172261	0.9819628	1.487959
13104	-438.0897	-608.735	170.6454	0.1292274	1.172261	1.05698	1.357375
13110	-441.1607	-612.0172	170.8565	0.1204995	0.9170582	0.7025623	1.661719
13116	-443.0058	-613.8491	170.8433	0.3182364	0.9170582	0.7185776	1.515391
13122	-454.5454	-625.7608	171.2154	0.1359729	0.8017776	1.021092	1.215942
13128	-439.4874	-610.5328	171.0454	0.0980425	0.8943107	1.200587	1.161887
13134	-445.4722	-615.6977	170.2255	0.4705979	0.6145978	1.445583	1.533181
13140	-440.3076	-610.8772	170.5696	0.1206352	0.8334245	1.94468	0.9412077
13146	-445.9666	-616.5065	170.5399	0.09424469	1.037048	1.475086	1.240997
13152	-430.9224	-601.7911	170.8687	0.1072081	0.7343553	1.431464	1.240997
13158	-429.2317	-600.2895	171.0578	0.1070303	0.8293437	1.024091	1.344544
13164	-437.3063	-607.3192	170.0129	0.0834013	1.042619	1.02754	1.959229
13170	-436.8839	-606.1867	169.3028	0.06417127	1.771752	1.06396	1.959229
13176	-430.1078	-600.3198	170.212	0.07055744	0.983765	1.283003	1.695505
13182	-439.2983	-609.3955	170.0972	0.07055744	0.8411636	1.361348	1.820036
13188	-446.5671	-616.6714	170.1042	0.07220412	1.127703	1.276562	1.673409
13194	-440.3	-609.8271	169.5271	0.07658366	1.568907	1.406907	1.686219
13200	-435.1587	-605.8239	170.6652	0.07703832	0.877238	0.9173286	1.704119
13206	-434.6482	-605.3012	170.653	0.0792518	0.6666935	1.128178	1.704119
13212	-445.4509	-614.906	169.4551	0.07904196	1.931381	1.128178	1.704119
13218	-436.8367	-607.0479	170.2112	0.07904196	1.062188	1.219731	1.679323
13224	-432.9457	-603.2363	170.2906	0.07342111	1.109326	1.268348	1.556738
13230	-434.8149	-605.7226	170.9078	0.1737701	1.150865	0.6901817	1.420691
13236	-436.6713	-607.2221	170.5508	0.3367084	0.7432849	1.069247	1.584146
13242	-434.6523	-605.0718	170.4195	0.2574945	1.077053	1.067598	1.497195
13248	-433.6371	-604.5226	170.8855	0.1103321	0.8804851	1.153555	1.335833
13254	-435.0898	-606.0036	170.9138	0.1163753	0.6776994	0.9775864	1.591218
13260	-449.8655	-620.3401	170.4747	0.100651	1.038682	0.808893	1.784227
13266	-445.7177	-615.8722	170.1545	0.1358725	1.331107	0.805615	1.784227
13272	-445.9304	-615.671	169.7407	0.08303163	1.331107	0.8099958	2.095857
13278	-439.1402	-609.6169	170.4768	0.08303163	0.7532542	1.012557	1.848899
13284	-439.3727	-609.5102	170.1376	0.1107962	1.347399	1.012557	1.656853
13290	-437.62	-608.21	170.5899	0.1167309	1.347399	0.8167633	1.463579
13296	-448.1981	-618.325	170.1268	0.1306243	1.452765	1.209006	1.430267
13302	-451.6224	-622.6927	171.0704	0.2104187	0.6607273	1.239588	1.202438
13308	-447.3675	-617.8831	170.5156	0.09757536	1.095969	1.661373	1.041114
13314	-446.9851	-617.5733	170.5882	0.09555104	0.9028028	1.783705	1.041114
13320	-447.2245	-617.8326	170.6081	0.09538963	1.183302	0.8805693	1.538214
13326	-447.3517	-618.4349	171.0833	0.1289894	0.7697402	0.8805693	1.464114
13332	-432.4839	-603.4763	170.9925	0.1816031	1.036507	0.815934	1.338823
13338	-441.624	-612.4992	170.8752	0.1306733	1.035467	0.6620255	1.584683
13344	-452.8091	-623.3525	170.5434	0.1617544	0.7285734	0.6543123	2.008391
13350	-444.4284	-614.8925	170.4641	0.1821735	0.7285734	0.7131201	2.008391
13356	-445.8444	-615.8305	169.9861	0.09256491	0.5243401	0.7131201	2.483793
13362	-453.0461	-623.1833	170.1372	0.1287062	0.8102629	0.7984058	2.151137
13368	-451.3049	-620.61	169.3051	0.5623914	0.7129742	1.149576	2.24184
13374	-456.0972	-625.5737	169.4764	0.8248479	0.5994777	1.184031	2.000653
13380	-451.7121	-621.0395	169.3274	0.4184763	1.63353	0.9394198	1.87126
13386	-443.8435	-613.4639	169.6204	0.6175598	1.326849	0.9394198	1.730179
13392	-441.2736	-611.1706	169.8971	0.6750106	0.9591822	1.307044	1.48458
13398	-443.5201	-613.7001	170.18	0.4491391	0.9733944	1.29609	1.438725
13404	-445.8826	-616.2091	170.3264	0.2148938	1.491275	1.153351	1.217481
13410	-439.0579	-609.4782	170.4203	0.3308126	1.454903	1.04815	1.156681
13416	-445.5292	-616.5982	171.069	0.1065228	0.8369432	0.9599634	1.380851
13422	-449.8454	-620.7116	170.8662	0.1896248	0.8369432	1.027671	1.421294
13428	-431.5454	-602.0493	170.5039	0.1561396	1.11533	1.150806	1.417732
13434	-425.6851	-596.7471	171.0621	0.1204391	0.6692788	1.462013	1.08532
13440	-435.5889	-606.3197	170.7308	0.1894461	1.17961	1.224526	1.08532
13446	-438.1792	-609.1288	170.9496	0.1363021	0.681105	1.224526	1.359745
13452	-436.7223	-607.9227	171.2004	0.1294924	0.7953325	0.8870148	1.348672
13458	-435.0404	-605.8846	170.8442	0.1416674	0.7371875	0.838231	1.683898
13464	-434.5336	-604.9843	170.4507	0.1405647	1.138155	0.5329579	1.894667
13470	-442.0464	-613.084	171.0376	0.1405647	0.7106563	0.5644562	1.758789
13476	-433.8252	-604.4957	170.6705	0.0965498	0.4917095	0.9950267	1.865993
13482	-427.7872	-598.8753	171.0882	0.1437308	0.8915515	0.8354118	1.39199
13488	-441.529	-611.5848	170.0558	0.414798	0.9727484	1.253092	1.589725
13494	-447.4442	-614.8156	167.3714	2.233442	1.278681	1.811271	1.592842
13500	-453.1231	-622.1172	168.9941	1.533772	0.5964974	1.547526	1.592842
13506	-450.0781	-619.5988	169.5206	0.7561851	1.003095	1.044611	1.852077
13512	-452.5466	-622.0432	169.4965	0.7466924	1.045146	1.063021	1.833628
13518	-444.3823	-612.9687	168.5864	1.553689	0.9025902	0.8916932	2.112965
13524	-444.3037	-611.435	167.1313	2.716326	0.9025902	1.266906	2.058503
13530	-436.873	-606.9427	170.0698	0.8575862	0.5751673	1.071147	1.660565
13536	-450.6762	-619.1055	168.4293	0.830719	1.255223	1.05386	2.349835
13542	-455.2824	-622.1686	166.8862	2.131203	1.60442	1.05386	2.293268
13548	-450.467	-615.0993	164.6323	4.729446	0.7125782	0.8587325	2.740782
13554	-449.2858	-616.9894	167.7036	1.746698	1.033079	0.8707714	2.484065
13560	-439.8208	-608.5842	168.7634	1.03132	0.7944412	0.7401809	2.498357
13566	-446.1544	-612.729	166.5745	2.368967	1.735741	1.67555	1.853426
13572	-435.9402	-603.1649	167.2246	2.496262	0.8480779	1.667413	1.911581
13578	-441.2354	-608.9885	167.7531	1.564193	1.545931	1.696282	1.699214
13584	-442.3248	-610.78	168.4552	0.954454	1.326397	1.696282	1.780488
13590	-447.3154	-616.0901	168.7747	1.003325	0.8087077	1.034221	2.314515
13596	-453.5842	-618.7793	165.1951	3.501904	1.68423	1.052384	2.451177
13602	-433.5901	-600.5009	166.9109	2.814292	0.8491076	1.021142	2.33134
13608	-445.688	-609.4911	163.8031	5.400473	0.816122	0.8461928	2.784615
13614	-448.5964	-616.6382	168.0419	1.495966	0.8575521	1.045628	2.429148
13620	-443.4262	-611.4293	168.0031	1.52266	0.9752831	1.161318	2.289031
13626	-441.4851	-608.9319	167.4468	2.308391	1.264174	1.061151	2.018159
13632	-436.2469	-606.4607	170.2138	0.395499	0.9758705	0.78506	1.820625
13638	-434.4764	-605.2656	170.7892	0.1313581	0.9553258	1.140096	1.347186
13644	-432.8505	-603.5316	170.6811	0.2611777	0.8445286	1.190627	1.377037
13650	-439.6331	-610.8124	171.1793	0.1879308	0.501897	0.6786532	1.663601
13656	-430.7893	-601.9175	171.1282	0.1319851	0.4126265	0.6159695	1.812045
13662	-453.1395	-623.7097	170.5702	0.1705893	0.7462003	0.7298864	1.922648
13668	-433.4924	-603.9941	170.5017	0.1023783	0.666908	0.6264679	2.130619
13674	-439.2532	-609.3916	170.1383	0.1912661	1.268807	0.6249703	1.922478
13680	-441.965	-612.7028	170.7378	0.1543869	0.6329152	0.6249703	1.960651
13686	-435.9456	-607.0146	171.069	0.214992	0.6789039	0.7977137	1.536093
13692	-429.8347	-600.9712	171.1365	0.1416533	0.356517	0.6957125	1.748304
13698	-436.8259	-608.0524	171.2265	0.1606782	0.40195	1.111767	1.357562
13704	-449.5013	-617.5486	168.0473	1.834329	0.8193568	1.617955	1.855029
13710	-453.7903	-620.7701	166.9798	3.069372	0.5937008	1.21302	2.150694
13716	-442.4334	-609.4988	167.0654	2.802275	0.8209434	1.545725	1.912624
13722	-436.4602	-607.5629	171.1027	0.1195545	0.7598422	1.12362	1.271995
13728	-441.9209	-611.9945	170.0736	0.200646	1.186141	0.6859374	1.973306
13734	-440.543	-609.2597	168.7167	1.056578	0.9779606	1.21806	2.090161
13740	-443.1828	-608.591	165.4083	4.614833	0.5438873	1.141434	2.238616
13746	-438.5052	-604.1413	165.6362	2.892539	1.46083	0.9785679	2.729115
13752	-444.4584	-610.036	165.5775	3.305952	1.3135	1.284146	2.406505
13758	-435.9617	-600.1168	164.155	4.829155	1.169684	1.012012	2.601634
13764	-435.5643	-600.5315	164.9671	5.10245	0.8374613	1.254329	1.962031
13770	-433.3047	-601.4752	168.1704	1.675317	1.101798	1.229789	1.952002
13776	-440.7474	-606.3256	165.5782	3.334483	1.148114	0.8953329	2.730575
13782	-436.3367	-605.048	168.7113	1.115979	1.451883	1.023463	1.873536
13788	-442.9905	-610.3525	167.362	2.117274	1.470596	1.14026	2.017271
13794	-447.1474	-615.3805	168.2331	1.490403	1.231395	1.809208	1.541176
13800	-441.9552	-608.0111	166.0559	3.821169	1.151224	1.232092	1.896101
13806	-443.4485	-610.2502	166.8017	3.109643	1.111861	1.139487	1.961899
13812	-439.3988	-605.5124	166.1135	3.793387	0.634319	1.452577	2.064728
13818	-442.905	-606.8345	163.9295	4.669927	1.747786	1.545811	2.161924
13824	-446.2649	-612.1897	165.9248	2.71475	1.834998	0.9271764	2.481636
13830	-446.1476	-611.849	165.7014	2.974273	1.022832	1.15951	2.790205
13836	-451.0281	-617.2954	166.2673	1.980753	2.444472	0.9691233	2.385672
13842	-444.1282	-612.1393	168.0111	1.260574	2.412304	1.107361	1.625354
13848	-438.8019	-606.6612	167.8593	1.883751	1.323827	1.107361	1.956644
13854	-450.3447	-618.9529	168.6082	1.034418	1.140638	1.107361	2.141881
13860	-448.348	-619.3306	170.9826	0.1216227	0.9436581	0.905756	1.396231
13866	-448.3205	-619.183	170.8626	0.1385597	0.7082614	0.8064934	1.714715
13872	-453.5833	-623.9957	170.4124	0.1051316	0.5697572	0.9069491	2.056623
13878	-448.5176	-618.2673	169.7497	0.08960511	1.510298	0.7984883	1.980233
13884	-445.9606	-616.6627	170.702	0.09413836	0.8339072	0.7730343	1.797284
13890	-461.5318	-626.8489	165.3171	3.73828	0.9032517	1.120173	2.654854
13896	-456.3594	-623.6183	167.2589	1.948872	0.5453708	1.127021	2.757086
13902	-445.0856	-612.1039	167.0183	2.395535	1.111502	0.9303539	2.420384
13908	-440.4837	-607.9588	167.4752	2.070759	0.6644474	0.7909536	2.6963
13914	-447.6212	-615.8251	168.2039	2.093784	0.3875437	1.343509	1.975236
13920	-440.4449	-608.499	168.0541	2.093784	0.4937257	1.309375	2.069566
13926	-443.4746	-611.5431	168.0685	1.390705	1.475465	1.435764	1.82795
13932	-441.096	-606.1929	165.097	3.964771	0.9585985	1.514556	2.370218
13938	-445.0304	-611.7305	166.7001	1.688402	0.9815795	1.468052	2.802316
13944	-450.1482	-614.3699	164.2217	5.194716	0.8986746	0.9557221	2.535935
13950	-444.9117	-612.6929	167.7812	1.731424	0.6810831	0.8939835	2.644204
13956	-438.0302	-605.9538	167.9237	1.476036	0.9537367	0.9919366	2.489528
13962	-438.7056	-607.0655	168.3599	1.304649	0.5167337	0.9414623	2.602564
13968	-433.6431	-601.5519	167.9088	1.881724	1.124556	1.49679	1.792075
13974	-429.2604	-596.6775	167.4171	1.871012	0.8066839	0.9603278	2.668586
13980	-441.5662	-605.7789	164.2127	5.367225	0.8962691	1.117011	2.333027
13986	-449.495	-612.2528	162.7577	6.5841	0.7588123	1.238464	2.491394
13992	-445.8937	-611.372	165.4783	3.851899	1.299916	1.088607	2.255006
13998	-431.6265	-596.905	165.2785	4.517883	1.123943	1.315187	1.912873
14004	-436.9101	-602.0762	165.1661	4.189122	0.9572755	1.315187	2.311237
14010	-434.1818	-598.5256	164.3437	5.056222	0.7898085	1.292065	2.402466
14016	-437.935	-603.3056	165.3706	4.82998	0.6653893	1.082299	2.097268
14022	-443.656	-612.5313	168.8753	1.167169	0.7427422	0.7854324	2.344949
14028	-452.2579	-618.3893	166.1314	2.666782	0.6350133	0.5762306	3.289923
14034	-436.9915	-603.8724	166.8809	2.300413	0.6587803	0.8366628	2.893558
14040	-444.6081	-610.6895	166.0814	3.017051	1.012907	0.8450936	2.730099
14046	-438.3961	-606.4803	168.0842	1.052864	1.012907	1.067319	2.569344
14052	-445.2947	-616.0571	170.7624	0.3015124	0.7235302	1.106794	1.438145
14058	-452.9756	-622.8396	169.864	0.5842019	1.474016	0.7454922	1.618414
14064	-441.5886	-609.0095	167.4209	1.573849	1.014116	1.161184	2.598617
14070	-435.6703	-604.1082	168.4379	1.136695	0.6811172	0.5863984	2.794662
14076	-438.1302	-605.8477	167.7175	1.878178	0.8812071	0.9980775	2.407904
14082	-448.4821	-614.4656	165.9835	3.42673	0.6663086	1.044572	2.622631
14088	-437.3145	-605.3305	168.016	2.014121	0.6574945	1.319934	2.057623
14094	-443.5394	-607.8822	164.3428	4.923032	1.014331	1.122442	2.453671
14100	-454.2205	-620.4839	166.2634	2.588199	1.034952	1.275572	2.603551
14106	-450.597	-618.3381	167.7411	1.83514	0.9737202	1.721675	1.888164
14112	-444.0345	-611.9942	167.9597	1.61884	1.036409	1.706999	1.853841
14118	-443.6086	-610.4078	166.7993	2.401447	1.330183	0.8847318	2.448101
14124	-447.65	-612.1419	164.492	4.649811	1.145314	1.543986	2.18066
14130	-447.2083	-607.4835	160.2752	8.171594	1.096587	1.50412	2.674331
14136	-452.8438	-620.6813	167.8374	2.120233	0.9318809	0.9912912	2.147987
14142	-445.2006	-613.1732	167.9726	0.9926954	1.184528	1.399627	2.361508
14148	-437.7228	-605.5917	167.8689	2.164508	0.6172952	0.8812741	2.361508
14154	-449.9009	-617.9986	168.0977	2.282284	0.6671901	1.1786	1.912446
14160	-444.9556	-610.2854	165.3298	4.775087	0.6314256	1.288011	2.044265
14166	-448.5919	-615.1005	166.5085	3.295086	0.6632168	1.009199	2.400832
14172	-454.0642	-623.2898	169.2256	0.7570063	0.830466	0.8844191	2.265905
14178	-445.8479	-614.8552	169.0074	0.7114116	0.7757301	0.7212871	2.568686
14184	-434.7973	-604.0458	169.2485	1.305574	0.4540629	1.433504	1.723481
14190	-437.0776	-604.4675	167.3899	2.570554	1.122804	1.416819	1.730492
14196	-442.602	-609.5921	166.9901	2.204097	1.546953	0.8130134	2.367829
14202	-453.2782	-620.9117	167.6335	1.346891	0.8460569	0.9054504	2.866344
14208	-444.5374	-611.4997	166.9623	2.005237	0.7971105	0.9662446	2.866344
14214	-457.5972	-624.5126	166.9154	1.865387	0.7945976	1.155362	2.866344
14220	-464.8059	-632.3906	167.5846	2.019084	1.775376	1.23056	1.678638
14226	-466.5966	-631.799	165.2023	4.269484	1.30087	1.6778	1.767271
14232	-446.2425	-616.4366	170.194	0.3783148	0.6587945	1.022787	1.892748
14238	-438.8217	-609.4753	170.6536	0.1202466	1.086046	0.753117	1.650139
14244	-430.1879	-600.9169	170.729	0.1171963	0.9633073	1.088589	1.439145
14250	-427.866	-598.4917	170.6257	0.09206666	0.972512	1.121285	1.504669
14256	-442.9228	-614.0675	171.1447	0.1050406	0.55475	1.050804	1.449259
14262	-427.1729	-597.5229	170.35	0.09875646	1.351853	1.123412	1.423046
14268	-428.123	-598.9876	170.8646	0.0844101	0.7258914	1.239052	1.423046
14274	-441.573	-610.7251	169.1522	0.07024865	2.092007	1.239052	1.74996
14280	-438.5128	-608.5463	170.0335	0.07667498	1.287023	1.359477	1.547635
14286	-439.3689	-610.0937	170.7248	0.1259267	1.004941	1.184835	1.327638
14292	-435.4006	-606.5217	171.1211	0.1729843	0.6512477	1.184835	1.244551
14298	-444.9485	-616.0456	171.0971	0.1460114	0.7493585	1.106013	1.27749
14304	-430.0351	-600.7798	170.7447	0.1231514	0.9131937	1.106013	1.44753
14310	-441.5895	-611.5624	169.9729	0.083244	1.407412	1.106013	1.686269
14316	-430.1885	-600.8518	170.6634	0.1186012	1.407412	0.8682043	1.319718
14322	-423.8439	-595.0109	171.167	0.1660276	0.644272	0.7543726	1.554537
14328	-440.1968	-611.2337	171.037	0.1145079	1.377627	0.7705401	1.112719
14334	-428.6471	-599.5551	170.908	0.171498	0.7757615	1.348053	1.190354
14340	-429.9922	-600.8233	170.8312	0.1068716	0.8992333	0.945133	1.526302
14346	-426.8367	-597.7844	170.9477	0.1056055	0.8992333	0.9905973	1.404274
14352	-431.6121	-602.7829	171.1707	0.2484641	0.7560219	0.8046189	1.373075
14358	-430.0116	-600.8267	170.8152	0.1383612	0.8129393	0.902498	1.608697
14364	-448.591	-618.3865	169.7955	0.4710641	1.113933	1.058361	1.773245
14370	-457.3593	-627.4632	170.1039	0.1966072	1.338643	0.8211175	1.761277
14376	-451.7859	-622.5237	170.7378	0.1966072	0.6487747	0.8605003	1.761277
14382	-454.3031	-624.7998	170.4967	0.2201252	0.270916	0.6884578	2.101471
14388	-460.5402	-631.042	170.5019	0.496516	0.6931281	0.773328	1.74973
14394	-430.1145	-600.8628	170.7483	0.1333403	0.5751255	0.9908753	1.74973
14400	-445.2282	-615.4502	170.222	0.1309966	0.6544537	0.8039646	2.185701
14406	-440.884	-611.2563	170.3723	0.1779181	0.9092991	0.4981296	2.097684
14412	-442.5716	-612.8147	170.2431	0.1779181	0.6414731	0.4300485	2.388713
14418	-435.3333	-606.9714	171.638	0.2387985	0.5854542	0.7039021	1.205133
14424	-437.9889	-608.8114	170.8225	0.1466441	0.6594872	0.5783526	1.924604
14430	-431.3243	-602.028	170.7038	0.1466441	0.7703216	0.6841802	1.863569
14436	-438.1829	-608.7052	170.5223	0.08784194	0.9040051	0.7934181	1.863569
14442	-446.6493	-617.0361	170.3869	0.2086038	1.213635	0.7768815	1.670322
14448	-442.4741	-613.4485	170.9744	0.09760655	0.5159015	0.8691457	1.731521
14454	-452.5957	-623.2211	170.6254	0.2162648	0.8947697	0.6281919	1.824348
14460	-448.3609	-619.3227	170.9618	0.140625	0.828955	0.877486	1.50595
14466	-447.4202	-617.8533	170.4332	0.09325026	1.156729	1.266117	1.400071
14472	-432.0051	-602.6916	170.6865	0.1129777	1.135933	1.036555	1.38223
14478	-439.4889	-610.4421	170.9532	0.2038645	0.8364767	1.193141	1.206055
14484	-445.6897	-616.3639	170.6741	0.2252298	0.6594822	1.386151	1.3945
14490	-450.7521	-621.201	170.4489	0.1067132	1.01849	1.381779	1.3945
14496	-443.7889	-614.2944	170.5055	0.08323366	1.004778	1.24923	1.481226
14502	-456.9165	-627.2239	170.3074	0.1033645	0.9207282	0.6480995	2.083335
14508	-463.5902	-633.3131	169.7229	0.07573013	0.8344524	0.787484	2.441801
14514	-451.2505	-620.008	168.7575	0.08542112	1.282593	0.6302483	2.85404
14520	-445.8769	-614.9035	169.0266	0.06424901	1.304933	1.085325	2.406377
14526	-455.2378	-623.7783	168.5405	0.05691452	1.267937	0.977171	2.801082
14532	-448.0724	-617.5289	169.4565	0.07015757	1.301177	0.8596221	2.275049
14538	-456.6787	-626.0997	169.421	0.07015757	1.882721	1.774115	1.280846
14544	-451.024	-620.6807	169.6567	0.07015757	1.893697	1.072542	1.629347
14550	-445.7368	-616.1482	170.4115	0.223431	1.351048	1.072542	1.317095
14556	-446.4649	-616.7978	170.3329	0.1652632	1.127485	0.8815342	1.725453
14562	-442.9377	-613.03	170.0923	0.1652632	1.626731	0.8227156	1.597899
14568	-438.9307	-609.4677	170.537	0.1751698	1.111689	0.6681028	1.736151
14574	-443.0552	-613.6617	170.6065	0.4051852	0.6734695	0.7674857	1.756994
14580	-456.1561	-625.9596	169.8035	0.6586223	0.5080376	1.095421	1.997237
14586	-445.227	-613.5653	168.3383	1.490724	0.7788466	0.9407131	2.359978
14592	-443.3269	-610.3271	167.0003	2.055682	0.8891192	1.305868	2.548278
14598	-443.5984	-608.5981	164.9998	4.48953	1.027165	1.007939	2.376871
14604	-439.249	-608.4647	169.2157	1.200369	0.6670239	1.04495	1.978223
14610	-439.0449	-607.3816	168.3367	1.003412	1.182418	0.7764519	2.519026
14616	-443.1007	-613.4261	170.3254	0.3933449	1.109653	0.8457394	1.606107
14622	-440.807	-611.3861	170.5791	0.2697206	0.8478664	1.371838	1.304433
14628	-436.1281	-605.7881	169.66	0.783538	0.9014207	1.371838	1.574724
14634	-443.1078	-612.2151	169.1073	0.952233	0.4758461	1.371838	2.093304
14640	-439.5304	-606.9546	167.4242	1.647336	0.9103232	1.126165	2.636864
14646	-441.0691	-610.3758	169.3068	0.8717026	0.6189184	0.8848002	2.265847
14652	-447.1482	-616.4107	169.2625	0.3747686	1.179777	0.5959559	2.447645
14658	-435.705	-603.2254	167.5203	1.986356	0.7430392	1.107477	2.479578
14664	-438.5161	-609.2732	170.7571	0.1287426	0.6635252	0.6562355	1.925842
14670	-423.7699	-595.1136	171.3437	0.1224028	0.5226725	0.7032094	1.564438
14676	-439.8629	-611.2022	171.3393	0.159711	0.775046	0.7163748	1.365371
14682	-443.3709	-614.8167	171.4458	0.1822183	0.5147392	0.8333792	1.345753
14688	-434.8772	-606.0834	171.2062	0.08875646	0.625212	1.082163	1.345753
14694	-437.2999	-608.3826	171.0828	0.138952	0.8623431	0.7048692	1.521197
14700	-429.4018	-600.282	170.8802	0.2384591	1.011354	0.8887391	1.345012
14706	-430.3866	-601.4322	171.0457	0.2200561	0.4901408	0.6333564	1.77214
14712	-440.4857	-611.423	170.9373	0.2033892	0.6287262	0.7555132	1.702238
14718	-444.8976	-615.9659	171.0682	0.08687576	0.6287262	1.046405	1.479439
14724	-432.916	-603.8965	170.9805	0.152102	0.6112003	0.8685915	1.637809
14730	-423.6051	-594.8095	171.2043	0.1027088	0.7295717	0.8685915	1.42999
14736	-429.5707	-600.5322	170.9615	0.2374887	0.9129898	1.089247	1.194257
14742	-434.3667	-605.1197	170.7531	0.2192071	1.075809	0.7328643	1.527573
14748	-435.438	-606.0314	170.5935	0.4024202	0.7086326	1.218831	1.414887
14754	-428.4932	-599.5214	171.0282	0.1741768	0.9643086	0.7079634	1.457052
14760	-440.1906	-611.2465	171.0558	0.1087254	0.7780868	0.9676396	1.427895
14766	-439.2051	-610.1138	170.9088	0.1133417	0.9229168	0.9676396	1.427895
14772	-443.2905	-614.3486	171.058	0.1173367	0.7437858	0.9895672	1.427895
14778	-457.9705	-627.7799	169.8094	0.1173367	1.324543	0.742118	2.076892
14784	-438.5214	-607.7414	169.22	0.0762331	1.46555	0.7801449	2.372273
14790	-430.18	-600.8306	170.6506	0.06894526	0.5261496	0.9347078	1.924291
14796	-426.2985	-597.2937	170.9953	0.1543838	0.5789486	0.889206	1.629472
14802	-428.3056	-598.9297	170.6242	0.1543838	0.681028	0.6121462	2.016759
14808	-436.1757	-606.4391	170.2635	0.1858809	0.8387011	0.6849458	2.087144
14814	-443.2194	-613.38	170.1606	0.08395155	1.065098	0.6642824	2.087144
14820	-445.3332	-615.8018	170.4686	0.08395155	0.6562672	0.8180665	2.044731
14826	-438.3796	-608.1789	169.7993	0.148156	0.6593109	0.5981866	2.570261
14832	-441.3697	-612.3072	170.9374	0.2158983	0.5103245	0.5981866	1.865354
14838	-449.4871	-620.1447	170.6576	0.251226	0.7487049	1.220678	1.451489
14844	-445.9119	-617.4504	171.5386	0.1532309	0.3844778	0.9587399	1.236599
14850	-435.828	-607.3773	171.5493	0.1558876	0.3844778	1.131462	1.072226
14856	-435.1886	-606.326	171.1374	0.1438222	0.4673583	1.338348	1.239354
14862	-439.1381	-610.4714	171.3333	0.1535882	0.3635972	1.102816	1.287724
14868	-434.4596	-605.3084	170.8488	0.08721223	0.6908297	1.119885	1.547143
14874	-427.0211	-597.9922	170.9712	0.1493293	0.6908297	0.7573652	1.676246
14880	-432.7313	-603.8853	171.154	0.1493293	0.6782032	0.9608102	1.398124
14886	-436.3523	-607.1489	170.7966	0.2495763	0.9437099	0.9725708	1.389332
14892	-434.1872	-604.9548	170.7676	0.1166793	1.076787	0.9725708	1.411861
14898	-439.0249	-609.742	170.7171	0.1416296	1.154843	0.9455725	1.392374
14904	-427.8697	-598.8756	171.0059	0.1290042	0.7046367	0.8111572	1.618182
14910	-434.2062	-604.7022	170.496	0.1091399	1.089394	0.6959293	1.806779
14916	-447.2539	-618.2229	170.969	0.1647181	0.8986947	0.7721097	1.509791
14922	-436.3646	-607.2744	170.9097	0.1077349	0.4754301	0.9409524	1.736446
14928	-443.1781	-614.2728	171.0947	0.2190268	0.6544692	0.9665813	1.40199
14934	-430.9236	-601.7811	170.8575	0.1174418	0.8137099	1.033478	1.495693
14940	-431.5695	-602.8725	171.303	0.1190342	0.5944439	1.033478	1.303273
14946	-435.0551	-606.0833	171.0281	0.1354782	0.733913	0.7526706	1.620009
14952	-437.7727	-609.2391	171.4664	0.1550472	0.486859	0.7001126	1.467598
14958	-438.9221	-609.068	170.1459	0.5588725	0.4089501	0.593405	2.198063
14964	-434.9709	-605.8229	170.8521	0.308041	0.4283583	0.7439153	1.789262
14970	-439.9458	-610.9017	170.9559	0.1408082	0.9539462	0.6645599	1.576037
14976	-434.2994	-604.4527	170.1533	0.1043439	1.033336	0.5425611	2.178781
14982	-449.3008	-619.2941	169.9933	0.2035617	1.031623	0.7697447	2.071103
14988	-451.6122	-621.7947	170.1825	0.3000414	0.8811901	0.6341942	2.071103
14994	-431.2375	-602.0139	170.7764	0.3428712	0.7021874	0.6773566	1.726388
15000	-441.3228	-611.5882	170.2653	0.5495342	0.7021874	0.7429964	1.891431
15006	-441.6449	-611.7378	170.0929	0.2623054	1.130044	0.7681194	1.900759
15012	-438.8027	-609.6639	170.8612	0.2347009	0.6102038	0.6788889	1.798129
15018	-425.8667	-596.5405	170.6738	0.101932	1.077153	0.6891648	1.700675
15024	-435.0331	-606.1712	171.1381	0.1178359	0.652231	0.656725	1.676123
15030	-447.5073	-618.0782	170.5708	0.3080275	0.8229052	0.5351704	1.910902
15036	-441.2287	-611.7454	170.5167	0.1633386	0.8229052	0.5886545	2.008493
15042	-456.6854	-626.5064	169.821	0.5815304	0.5776744	1.092495	2.005786
15048	-463.6125	-634.0485	170.4361	0.1630561	1.054431	0.5776565	1.915603
15054	-465.7448	-635.4052	169.6604	0.7947302	1.159604	0.7772988	1.806018
15060	-453.8045	-620.3951	166.5906	2.594725	0.9586844	1.426565	2.347577
15066	-454.9809	-621.1743	166.1934	2.128831	1.611116	0.9866077	2.76493
15072	-464.0271	-628.4168	164.3897	4.637163	0.8998896	0.9725588	2.76493
15078	-454.031	-621.0456	167.0146	2.733629	0.89959	1.570616	1.924111
15084	-457.5086	-624.9001	167.3915	1.591617	1.618557	1.570616	1.969443
15090	-454.3778	-621.6405	167.2627	1.746311	0.8893071	1.19887	2.643496
15096	-439.2519	-605.5492	166.2973	3.003009	1.285705	1.051002	2.307056
15102	-445.4654	-609.8135	164.3481	4.969826	1.291675	1.339928	2.105058
15108	-438.2588	-607.3907	169.1319	1.567754	0.8249925	0.8495342	1.81712
15114	-444.1758	-610.6433	166.4675	2.99184	1.092719	0.6463018	2.581187
15120	-437.8799	-606.7534	168.8735	1.12123	0.7526856	1.092326	2.172435
15126	-452.8222	-620.9651	168.1429	1.248215	1.620288	0.8531348	2.172435
15132	-444.9334	-612.8411	167.9077	1.262265	0.7704455	1.313362	2.544943
15138	-445.3674	-609.6527	164.2854	5.207467	0.8773597	1.574854	2.105807
15144	-443.8701	-610.3363	166.4662	3.211192	0.5133659	1.147447	2.467632
15150	-435.8673	-603.2525	167.3851	1.812667	1.097819	1.495674	2.206238
15156	-441.3517	-607.0267	165.675	4.400281	0.9446233	1.233149	1.900749
15162	-424.7919	-594.7482	169.9563	0.6671441	1.025564	0.7335122	1.812206
15168	-430.562	-602.0905	171.5285	0.1258024	0.5168018	0.8367402	1.320919
15174	-425.6579	-596.5143	170.8564	0.1329258	0.7739857	0.8727781	1.631622
15180	-429.5845	-600.1244	170.54	0.1046179	0.9814016	0.8727781	1.731188
15186	-428.9424	-599.3238	170.3814	0.08270319	0.9486491	0.8613328	1.886466
15192	-438.8118	-609.495	170.6833	0.101271	0.9486491	1.002096	1.561274
15198	-429.5053	-599.8273	170.322	0.08647851	0.9775792	1.002096	1.808285
15204	-444.0358	-614.342	170.3062	0.1268545	0.9046766	0.8507982	1.94429
15210	-437.8621	-608.8536	170.9915	0.1546146	0.5582808	0.695195	1.780437
15216	-432.9669	-603.7344	170.7675	0.1260748	0.6557044	0.695195	1.898956
15222	-443.8356	-613.5618	169.7263	0.1007881	1.106664	0.6711304	2.325887
15228	-427.1287	-598.0638	170.9351	0.1110836	0.5430915	0.8134699	1.77546
15234	-446.554	-617.371	170.817	0.2186394	0.6567882	0.805824	1.723671
15240	-435.0191	-605.9078	170.8888	0.1596654	0.8691029	0.6084104	1.711723
15246	-450.058	-619.4364	169.3784	0.2932193	1.13245	0.6405346	2.427431
15252	-454.5703	-625.4342	170.8639	0.1041233	0.4314797	1.184163	1.612644
15258	-438.8472	-610.2168	171.3697	0.1181393	0.5252319	0.9924146	1.325123
15264	-433.0957	-604.2032	171.1074	0.1466288	0.6086854	1.06792	1.400037
15270	-443.4701	-614.2659	170.7958	0.2843337	0.6723091	1.058328	1.498187
15276	-436.8208	-607.3216	170.5007	0.4320018	0.8303766	0.7985	1.68605
15282	-442.0533	-613.247	171.1937	0.1444749	0.6189837	0.7730188	1.552962
15288	-447.0956	-618.1627	171.0671	0.1375244	0.6189837	0.7269816	1.682998
15294	-444.624	-615.4251	170.8011	0.1512139	0.772179	0.805441	1.707315
15300	-443.4109	-613.2615	169.8506	0.1420193	1.518324	1.046825	1.699104
15306	-445.9799	-616.0857	170.1058	0.2197745	1.44921	0.8298802	1.662782
15312	-441.4171	-612.471	171.0539	0.1222577	0.4621133	0.8931055	1.662782
15318	-445.6439	-616.1788	170.5349	0.08957761	0.6907664	1.272315	1.662782
15324	-439.026	-609.9038	170.8778	0.132099	0.6891817	0.9457686	1.621531
15330	-445.9231	-616.2652	170.3421	0.1765218	1.312695	0.9411614	1.536502
15336	-438.4858	-609.4649	170.9791	0.1612042	0.8861673	0.8759542	1.435624
15342	-440.4656	-610.9205	170.4549	0.1495941	1.116341	1.175572	1.440604
15348	-439.6615	-610.1988	170.5373	0.1357165	1.159195	1.187656	1.344582
15354	-444.4958	-614.337	169.8412	0.08995363	1.305378	1.072755	1.864794
15360	-435.7392	-606.7237	170.9845	0.1364289	0.8972831	0.9512217	1.383733
15366	-442.0283	-612.9215	170.8932	0.1285128	0.8972831	0.9512217	1.460294
15372	-441.8895	-613.0115	171.122	0.1861852	0.6092062	0.8275155	1.540932
15378	-433.2084	-603.9075	170.6991	0.2972105	0.8056841	0.842305	1.626415
15384	-437.8838	-607.9647	170.0809	0.3202678	0.8056841	0.8058608	2.060462
15390	-449.0859	-619.6784	170.5925	0.2255382	0.6479701	0.5285499	2.065409
15396	-443.8184	-614.0149	170.1966	0.09453214	0.7398447	0.8013557	2.176849
15402	-431.6515	-602.6412	170.9897	0.154482	0.6849665	0.6940278	1.70818
15408	-432.5152	-604.0591	171.5439	0.165894	0.6371357	0.7758454	1.249222
15414	-438.8705	-609.7585	170.8879	0.08980739	0.778441	0.8401585	1.66026
15420	-436.3473	-606.5918	170.2446	0.1931989	1.189806	0.5906406	1.924983
15426	-444.9564	-613.8391	168.8827	0.5129799	0.8825016	0.7101748	2.710365
15432	-438.4025	-608.1234	169.7209	0.4444635	1.117299	1.028477	1.861399
15438	-441.9033	-611.369	169.4657	0.9234319	0.5119139	1.223034	1.958988
15444	-449.8527	-620.4912	170.6385	0.9234319	0.5209153	1.013492	1.249632
15450	-446.3918	-613.4187	167.0269	1.35349	1.016301	1.254976	2.915344
15456	-446.2369	-613.5529	167.316	1.813936	1.141591	0.9800877	2.548269
15462	-445.7242	-614.2861	168.5619	1.456456	0.7370939	0.9800877	2.2393
15468	-440.3642	-609.0549	168.6908	1.36355	0.9366001	1.201164	1.941958
15474	-447.3581	-612.9013	165.5432	2.936492	1.494801	1.641656	2.326226
15480	-440.6907	-608.6007	167.91	1.903103	0.7365691	1.04799	2.327537
15486	-441.847	-609.0466	167.1996	2.608861	0.5428701	1.217907	2.327537
15492	-447.5462	-614.9885	167.4423	1.522966	0.8974698	1.110979	2.719403
15498	-433.9422	-602.3847	168.4424	1.197785	0.6886841	1.000823	2.494381
15504	-439.9457	-608.1666	168.2209	1.310425	1.203656	1.120954	2.164946
15510	-426.4058	-597.2767	170.8709	0.2723599	1.008975	0.702853	1.471923
15516	-426.6437	-597.6193	170.9756	0.1910508	0.9737637	0.7146564	1.471923
15522	-430.7412	-601.3981	170.6568	0.2085474	0.8970683	0.9774729	1.557727
15528	-425.6698	-596.194	170.5242	0.2400154	1.305529	0.6871654	1.547833
15534	-422.5741	-593.316	170.7419	0.1405807	1.020056	0.8377998	1.557566
15540	-428.4254	-599.5342	171.1087	0.1405807	0.943022	0.5479805	1.557566
15546	-440.8486	-610.7452	169.8966	0.5992506	0.692102	0.7581079	2.100413
15552	-441.4458	-608.4178	166.972	1.923707	1.07596	0.9462692	2.753689
15558	-437.0869	-605.1593	168.0724	1.501032	0.8822506	1.033636	2.398831
15564	-448.837	-615.4071	166.5702	3.227924	0.8466631	1.538662	1.947312
15570	-446.3765	-613.5126	167.1361	2.061607	0.9365864	1.559846	2.268654
15576	-441.347	-605.6699	164.3229	4.691935	1.576192	1.425507	2.070664
15582	-436.6481	-599.2924	162.6443	5.927836	1.423186	1.188698	2.594969
15588	-438.503	-603.632	165.1289	4.682814	0.8300853	1.515102	1.964921
15594	-443.0453	-608.5123	165.4671	2.8238	1.169612	0.8807839	3.101876
15600	-446.0998	-612.9272	166.8274	2.637875	0.9018581	0.8959374	2.540801
15606	-449.1649	-616.9167	167.7518	1.745138	1.609404	1.107217	1.941185
15612	-445.7128	-612.9666	167.2538	1.880861	1.296844	1.163752	2.333868
15618	-442.1443	-609.2324	167.0881	2.576797	0.6447743	1.66776	2.076426
15624	-441.009	-607.6504	166.6415	2.779954	0.6040406	1.288373	2.49744
15630	-435.5598	-602.2856	166.7258	3.479453	0.6040406	1.334634	1.961623
15636	-439.2298	-605.8278	166.598	2.498454	1.186408	1.023415	2.514526
15642	-438.3066	-605.1281	166.8215	1.87194	1.002724	1.023415	2.874258
15648	-435.3964	-601.204	165.8076	3.678869	0.9512195	0.7272972	2.601767
15654	-446.9829	-615.2327	168.2498	1.7701	1.037534	1.003844	2.029394
15660	-452.4587	-619.3149	166.8562	2.345804	1.380272	1.244677	2.186996
15666	-450.3033	-617.5704	167.2671	2.262723	0.9022835	0.9093865	2.491823
15672	-451.9311	-619.3546	167.4234	1.129024	1.526809	0.9311541	2.705684
15678	-443.9633	-611.023	167.0597	2.266499	0.7611597	0.8433481	2.743953
15684	-434.8607	-604.3093	169.4486	0.9314441	0.8049043	0.975604	1.962096
15690	-436.3244	-604.1765	167.8521	1.829878	1.242599	1.096709	2.057093
15696	-441.8473	-610.1251	168.2777	1.703749	0.9749151	1.063042	2.057093
15702	-437.7761	-602.5282	164.7521	4.241617	0.8504624	0.7977949	2.920782
15708	-445.4977	-612.8358	167.338	1.331791	0.6347915	0.8311268	3.215247
15714	-439.6286	-607.8419	168.2134	1.878654	1.117601	1.04048	1.902943
15720	-437.2505	-603.3403	166.0898	2.495898	1.23681	1.438112	2.54346
15726	-443.261	-611.2074	167.9464	1.370787	0.8602237	1.641801	2.187735
15732	-434.6937	-602.2665	167.5728	1.876252	1.263247	0.9115021	2.315134
15738	-438.7044	-607.9508	169.2465	0.8715828	0.6017177	1.64294	1.812489
15744	-440.8734	-610.4908	169.6174	1.097874	0.5908965	1.512364	1.483368
15750	-443.7556	-611.5375	167.7819	1.097874	1.277852	0.9349616	2.648105
15756	-449.826	-617.7882	167.9622	1.097874	0.6027546	0.8917216	2.962305
15762	-441.7495	-608.3648	166.6153	2.348461	0.9837899	1.246179	2.583973
15768	-442.2776	-607.8892	165.6116	3.054529	0.9956571	1.158376	2.813271
15774	-445.3637	-612.8504	167.4867	2.412438	0.6137368	1.222019	2.2314
15780	-447.9555	-614.8419	166.8864	2.522951	0.9236164	1.827122	1.963457
15786	-439.664	-609.5379	169.8739	0.7280488	0.8807687	1.032356	1.719503
15792	-439.7805	-609.4401	169.6596	0.4931265	1.00456	0.8477448	2.066608
15798	-464.6979	-631.6436	166.9458	1.745392	0.921597	1.428066	2.678313
15804	-446.8345	-616.6723	169.8377	0.604998	0.6353104	1.045848	1.97839
15810	-457.0634	-625.6983	168.6349	1.003586	0.3086909	0.996899	2.610552
15816	-456.9222	-625.0861	168.1639	1.149112	0.3086909	0.7257691	2.974063
15822	-450.2732	-620.3301	170.0569	0.2619617	0.5296634	0.7128022	2.330059
15828	-439.0188	-610.239	171.2202	0.2206243	0.8162047	0.9411339	1.195871
15834	-458.0909	-628.5676	170.4767	0.4254273	1.000245	0.6783552	1.673176
15840	-441.7902	-612.5754	170.7852	0.1660274	1.000245	0.6120251	1.685423
15846	-445.1269	-615.5852	170.4583	0.1807653	1.06026	0.6462796	1.837624
15852	-438.5303	-608.8557	170.3254	0.08791533	1.225007	1.095326	1.563561
15858	-438.5941	-609.3573	170.7631	0.08479913	0.9168662	1.094107	1.468929
15864	-436.0999	-607.0411	170.9412	0.2118853	0.9168662	0.9920612	1.310233
15870	-434.856	-605.8151	170.959	0.1248318	0.5004367	0.8773612	1.724304
15876	-437.3348	-608.0231	170.6883	0.1369164	1.081478	0.80005	1.582246
15882	-438.9123	-609.7305	170.8182	0.1356193	1.102989	0.9728261	1.336415
15888	-439.9552	-610.8685	170.9134	0.2027515	1.282524	0.8380534	1.165973
15894	-450.5914	-620.9697	170.3783	0.115248	1.310819	0.7769058	1.675269
15900	-442.0085	-612.269	170.2605	0.3598994	1.29958	0.8612629	1.529704
15906	-449.3229	-618.2018	168.8789	0.4034189	1.970868	0.6682072	2.162149
15912	-448.9971	-619.0787	170.0816	0.3803904	1.053781	0.5208289	2.045764
15918	-454.9328	-626.1048	171.172	0.304813	0.5444225	0.9752884	1.336887
15924	-431.3768	-602.8095	171.4327	0.1984485	0.4686484	0.8684628	1.336887
15930	-434.1148	-605.2414	171.1266	0.1241097	0.5535438	1.048422	1.451001
15936	-435.1893	-605.9077	170.7183	0.09784904	1.016493	1.229831	1.309887
15942	-434.9721	-605.6529	170.6809	0.09747325	1.263629	0.773188	1.503691
15948	-436.2061	-607.048	170.8419	0.1213755	0.7482428	0.9211539	1.633235
15954	-452.1824	-622.3388	170.1564	0.1213755	1.299345	0.7975336	1.819817
15960	-444.2119	-614.4526	170.2407	0.3002258	1.346223	0.6667667	1.695601
15966	-444.2942	-615.3223	171.028	0.1114846	0.7913609	0.9637488	1.440261
15972	-432.4301	-603.5568	171.1267	0.1292907	0.8904798	1.136399	1.122338
15978	-448.9959	-620.1843	171.1884	0.1461084	0.6036416	1.144254	1.278216
15984	-439.6573	-610.689	171.0317	0.114031	0.7499186	1.144254	1.325112
15990	-433.0331	-604.3821	171.3489	0.1280117	0.7424514	0.8201163	1.325112
15996	-455.641	-626.1993	170.5583	0.1163175	0.9718451	1.237162	1.450233
16002	-448.2258	-618.7577	170.5319	0.2891149	0.8619617	0.9375553	1.644316
16008	-441.3255	-612.3053	170.9797	0.1152663	0.5493676	0.8508541	1.711817
16014	-430.339	-601.0735	170.7345	0.1088524	0.9510548	0.9549767	1.550862
16020	-429.4414	-599.7686	170.3273	0.08507238	1.027252	1.218702	1.617462
16026	-430.2305	-600.4172	170.1867	0.07556232	1.282183	1.074341	1.647912
16032	-428.5062	-598.7585	170.2523	0.07556232	1.019403	1.268724	1.647912
16038	-423.7755	-593.9294	170.1538	0.06390203	0.7873242	1.24918	1.898522
16044	-434.9285	-605.4824	170.5539	0.06390203	0.4813941	1.302621	1.760761
16050	-435.4554	-605.7232	170.2677	0.07935837	1.210176	1.201558	1.544824
16056	-444.0561	-615.1255	171.0694	0.08931048	0.5104401	1.247349	1.391542
16062	-436.854	-607.8637	171.0097	0.08931048	0.653111	1.417628	1.211339
16068	-431.7908	-602.1823	170.3915	0.09044974	0.8675886	1.417628	1.537418
16074	-445.8536	-616.2317	170.3781	0.07610945	0.6782881	1.041051	1.948507
16080	-427.5333	-598.0046	170.4714	0.07610945	0.7467814	0.8695962	1.958368
16086	-440.7402	-610.8829	170.1427	0.2319147	1.645371	1.439606	0.9759071
16092	-436.1468	-606.8496	170.7027	0.1170511	1.15054	1.439606	1.002896
16098	-439.6924	-610.4994	170.8069	0.1456968	1.200344	0.8313352	1.373071
16104	-433.147	-603.5496	170.4026	0.07932607	1.084401	1.416974	1.373071
16110	-432.6895	-603.7523	171.0628	0.1456093	0.6418792	0.9125186	1.53133
16116	-431.2916	-602.6039	171.3123	0.1210883	0.5716522	0.7452946	1.53133
16122	-434.5792	-605.3353	170.7561	0.1261379	0.5716522	0.8568933	1.844027
16128	-434.3198	-605.3913	171.0715	0.1856406	0.4245539	0.7559293	1.713865
16134	-449.0523	-619.5335	170.4812	0.1345672	0.8554417	1.08294	1.691643
16140	-446.6747	-616.5137	169.839	0.5557653	1.164422	1.432734	1.366721
16146	-444.697	-615.0005	170.3035	0.4605291	0.7722055	1.135719	1.605606
16152	-442.5521	-613.6325	171.0805	0.1661065	0.657422	1.439474	1.05624
16158	-444.922	-616.004	171.082	0.1429626	0.5470636	1.110879	1.426498
16164	-447.6501	-618.6629	171.0128	0.2480858	0.40612	1.083072	1.476637
16170	-445.1389	-615.5301	170.3911	0.1388838	0.6840195	1.055118	1.884177
16176	-436.7348	-607.7074	170.9726	0.1832714	0.8388403	0.7442914	1.557913
16182	-446.4473	-616.8029	170.3556	0.09422215	0.6238263	0.83043	2.122662
16188	-437.2578	-607.8443	170.5865	0.09369488	0.7464558	0.7055261	1.97958
16194	-440.1527	-610.3447	170.192	0.09369488	1.11302	1.013058	1.792089
16200	-441.4751	-612.6505	171.1754	0.3664956	0.5306834	0.9344233	1.325269
16206	-430.4564	-601.6397	171.1833	0.1857852	0.4297842	1.125244	1.354753
16212	-434.786	-605.765	170.979	0.1734155	0.5436763	1.086632	1.501893
16218	-432.187	-603.2862	171.0993	0.1549046	0.78403	1.145162	1.207738
16224	-437.9411	-609.0452	171.1041	0.1394644	0.5796813	1.338279	1.208038
16230	-435.9407	-606.4021	170.4615	0.1494649	1.064975	1.476808	1.235632
16236	-434.6084	-605.469	170.8606	0.1541818	0.9162091	1.207681	1.24726
16242	-439.457	-610.5814	171.1244	0.1883497	0.6368531	1.01262	1.37878
16248	-449.6866	-619.9379	170.2513	0.1626564	1.399109	1.207794	1.348779
16254	-431.3755	-601.586	170.2105	0.5498971	1.123125	0.7566743	1.630708
16260	-439.3242	-607.5148	168.1905	0.9055898	1.138663	1.298564	2.371426
16266	-446.3676	-614.83	168.4623	1.45415	1.324506	1.224005	1.757644
16272	-442.3951	-609.5271	167.132	2.772664	0.5607805	0.654813	2.61208
16278	-453.5977	-622.2152	168.6175	1.020009	0.9007334	0.609895	2.61208
16284	-450.0954	-615.1446	165.0492	3.910182	1.208114	1.111778	2.531537
16290	-464.5555	-627.0166	162.4611	6.714028	1.026341	1.301322	2.390547
16296	-449.1789	-616.3493	167.1704	2.261387	0.6931197	1.494144	2.311962
16302	-442.8834	-610.3888	167.5054	1.946816	0.670492	1.494144	2.311962
16308	-427.7566	-597.723	169.9664	0.7989369	0.726068	0.8528304	1.835061
16314	-434.0636	-601.8766	167.813	0.9036694	1.204734	0.8365752	2.851685
16320	-444.4774	-612.1089	167.6316	1.665744	0.669119	0.8748393	2.794458
16326	-443.6119	-611.9551	168.3432	1.189876	1.625858	1.90723	1.324447
16332	-434.9252	-604.4615	169.5363	1.10535	0.5938676	1.365539	1.64374
16338	-452.3013	-619.245	166.9437	2.633446	0.6699933	1.462467	2.252562
16344	-451.3973	-615.1682	163.7709	5.262096	0.7413243	1.265634	2.676334
16350	-447.851	-616.6745	168.8235	1.340669	0.9295342	1.265634	1.828108
16356	-439.2727	-608.1706	168.8979	1.267979	0.7255615	1.06065	2.098124
16362	-434.9788	-604.8036	169.8248	0.6172824	0.7750661	1.476941	1.589589
16368	-446.2043	-614.97	168.7658	1.179597	0.3622566	1.386373	2.179885
16374	-435.3518	-604.9563	169.6045	1.07968	0.5939818	1.643127	1.405246
16380	-436.4021	-606.3077	169.9056	0.4587881	0.8685375	1.635439	1.46146
16386	-429.9287	-600.9096	170.9809	0.1758221	0.9662666	1.052519	1.216354
16392	-433.0018	-604.5133	171.5115	0.1758221	0.4299143	0.9404448	1.246309
16398	-432.5214	-603.8649	171.3435	0.1796183	0.4299143	0.7574394	1.518781
16404	-439.5443	-610.8816	171.3373	0.1360585	0.3525836	0.9561679	1.414245
16410	-438.8155	-609.982	171.1665	0.07453552	0.5595955	1.216114	1.323873
16416	-431.3073	-602.3234	171.0161	0.1470695	0.8074965	1.10512	1.297898
16422	-441.4676	-610.3421	168.8746	0.2026484	1.577343	0.6313239	2.53773
16428	-434.11	-604.2197	170.1097	0.1541564	1.04307	0.5605354	2.156738
16434	-431.6594	-602.0421	170.3827	0.17535	1.210669	0.8507353	1.646353
16440	-421.4209	-592.3429	170.922	0.1165731	0.7725556	1.27362	1.289608
16446	-419.0776	-590.4087	171.3311	0.1222815	0.5014744	1.082444	1.292618
16452	-426.5622	-597.554	170.9918	0.1118187	0.9228971	0.666173	1.592415
16458	-435.4094	-606.5954	171.1861	0.1175104	0.73732	0.666173	1.578769
16464	-431.4612	-603.2366	171.7754	0.1549042	0.4875314	0.7824958	1.149708
16470	-429.6002	-600.0026	170.4024	0.07660142	1.040238	1.162925	1.600123
16476	-431.5886	-602.1374	170.5487	0.1112973	1.107136	1.271716	1.329046
16482	-430.4297	-600.9608	170.531	0.1022797	1.03017	1.115454	1.529024
16488	-439.6311	-609.4339	169.8028	0.1057546	1.296907	0.6144966	2.189642
16494	-427.1552	-597.9319	170.7767	0.1863435	0.9601952	0.6406396	1.685136
16500	-437.2439	-608.0191	170.7752	0.200177	0.7704379	0.748457	1.732398
16506	-435.0276	-605.6944	170.6667	0.1027218	1.141654	0.9513898	1.466595
16512	-436.6732	-607.4481	170.7749	0.1044556	0.7851643	0.9561189	1.64303
16518	-432.5378	-602.8863	170.3486	0.0784657	1.054554	1.161519	1.628454
16524	-432.1496	-602.567	170.4174	0.1542387	1.33441	1.09791	1.360136
16530	-431.9092	-603.2518	171.3426	0.1928232	0.5154066	1.018002	1.27087
16536	-428.7345	-600.1685	171.434	0.1430369	0.5394173	1.174407	1.084322
16542	-440.3562	-611.4413	171.0851	0.2970117	0.6525541	1.262032	1.099304
16548	-446.9716	-618.3813	171.4097	0.245134	0.4950485	1.063668	1.140747
16554	-453.9456	-624.7343	170.7887	0.245134	0.5336682	1.604105	1.189317
16560	-443.6566	-614.8521	171.1955	0.1132735	0.7627544	1.021486	1.282574
16566	-448.0422	-619.0598	171.0176	0.1029966	0.7236884	0.904985	1.54712
16572	-446.8908	-617.2429	170.352	0.09214442	0.8652021	0.666971	2.085196
16578	-441.7208	-611.4686	169.7478	0.1127114	0.698964	0.6942652	2.542322
16584	-453.7042	-623.5002	169.796	0.1491855	1.909214	0.6721571	1.749155
16590	-428.3747	-598.8387	170.464	0.136094	1.038441	0.653623	1.874154
16596	-428.8466	-599.0652	170.2186	0.2178622	1.317199	0.8644484	1.649067
16602	-425.668	-596.4153	170.7473	0.1115783	1.12868	0.8940404	1.451993
16608	-424.5483	-595.2909	170.7426	0.1115783	0.8196526	0.9176529	1.664594
16614	-428.5882	-599.1982	170.6101	0.2900708	1.177597	1.068645	1.24152
16620	-447.2242	-616.5571	169.3329	0.9425008	0.7310688	1.572659	1.670919
16626	-445.2829	-612.4666	167.1838	3.302889	0.5985147	1.184049	1.876232
16632	-441.9916	-608.9833	166.9917	2.173849	1.004379	1.124453	2.521364
16638	-438.1855	-606.9471	168.7616	1.485266	0.5275245	0.876266	2.272589
16644	-453.5865	-619.2181	165.6316	2.344543	1.115237	0.7895461	3.373863
16650	-453.3475	-621.6622	168.3148	1.0782	0.7047088	1.238975	2.490882
16656	-442.577	-609.9592	167.3822	2.475061	0.6076328	1.026287	2.386321
16662	-436.2752	-604.5393	168.2641	1.544109	1.04896	1.314617	1.955663
16668	-447.2127	-615.5138	168.3012	1.929198	1.001455	0.9399228	1.955663
16674	-447.3879	-612.4398	165.0519	4.18749	0.9151701	0.9181775	2.658664
16680	-460.7502	-627.6646	166.9144	1.999879	2.050906	0.7446808	2.306438
16686	-452.9762	-619.633	166.6568	1.700613	1.763406	1.5373	2.314325
16692	-453.2918	-622.3994	169.1076	0.9371108	1.763406	0.9061636	1.602464
16698	-444.6021	-611.3164	166.7144	1.875983	1.751191	1.199101	2.388062
16704	-452.8471	-621.0265	168.1794	0.9008192	1.487032	1.031791	2.336815
16710	-450.9834	-617.9968	167.0134	3.298799	0.5865544	1.224242	1.973451
16716	-452.8182	-620.3912	167.573	1.565859	0.745407	1.402246	2.523839
16722	-457.0327	-626.8999	169.8672	0.7779604	0.9440379	1.003974	1.66429
16728	-461.3923	-630.6881	169.2958	1.153802	0.5222384	1.003974	2.060046
16734	-453.8983	-623.4202	169.5218	0.8123706	0.907348	0.9044705	1.972834
16740	-453.0658	-621.9127	168.8469	0.9584927	0.5916596	1.001715	2.442705
16746	-453.2772	-621.9497	168.6725	0.8876852	1.005569	0.6764885	2.553876
16752	-457.4128	-622.9766	165.5638	3.518523	1.131155	1.016396	2.561711
16758	-447.1193	-615.6482	168.5289	0.9144891	0.8935053	0.7686817	2.638343
16764	-436.8699	-605.2999	168.4299	1.259344	0.7383104	0.6738993	2.638343
16770	-441.1549	-609.5052	168.3503	0.8486145	1.054962	0.6738993	2.747677
16776	-436.7214	-607.5106	170.7892	0.4762762	0.7343733	0.7496785	1.547466
16782	-431.8616	-602.112	170.2504	0.1068217	1.310579	1.127313	1.519576
16788	-434.7356	-605.3367	170.6011	0.1068217	0.7281493	1.514682	1.394624
16794	-435.4992	-606.0609	170.5617	0.08643905	0.9838224	1.042572	1.605714
16800	-437.9496	-607.8083	169.8587	0.06769913	1.052691	1.378274	1.829563
16806	-430.1124	-600.5756	170.4632	0.07270845	1.00543	1.126464	1.610546
16812	-426.5868	-596.876	170.2891	0.1213411	1.247294	0.9044477	1.68769
16818	-425.9535	-597.289	171.3356	0.1256541	0.6334995	1.254408	1.047897
16824	-418.5235	-589.5963	171.0728	0.09379357	0.7425089	1.329385	1.158415
16830	-433.7118	-604.7016	170.9898	0.1087069	0.6265291	0.9524381	1.592468
16836	-431.313	-601.2979	169.985	0.09049953	0.6265291	0.75347	2.410812
16842	-425.1226	-595.9452	170.8226	0.1275758	0.6265291	0.7937202	1.81003
16848	-435.628	-606.5395	170.9114	0.1275758	0.7729403	0.6612938	1.74724
16854	-446.6908	-616.7636	170.0729	0.3928214	1.194672	0.6825414	1.840135
16860	-431.9625	-603.2509	171.2884	0.1502871	0.4795405	0.9201602	1.44231
16866	-430.3777	-601.62	171.2423	0.1243923	0.6845719	0.7506556	1.505715
16872	-430.114	-600.7328	170.6188	0.1287995	1.190978	1.02332	1.390504
16878	-428.6752	-599.8124	171.1373	0.1268637	0.8995773	0.8694244	1.333349
16884	-434.999	-605.889	170.89	0.2675319	0.7285073	1.060188	1.398221
16890	-427.6408	-598.5241	170.8833	0.1818464	0.7938485	1.060188	1.421445
16896	-442.0199	-612.7537	170.7337	0.108559	0.8846206	1.060188	1.522715
16902	-434.7449	-605.0581	170.3132	0.1155714	1.00498	0.7508962	1.947013
16908	-428.2212	-598.088	169.8668	0.07250513	1.160422	1.746387	1.479128
16914	-430.2567	-600.7004	170.4437	0.07250513	1.139665	1.301416	1.393706
16920	-435.1027	-604.8886	169.7859	0.07433206	1.41453	1.320629	1.668133
16926	-435.4138	-605.9813	170.5676	0.09008137	0.899813	1.087551	1.626908
16932	-454.0601	-623.9476	169.8876	0.602344	0.8573533	0.6672962	2.059917
16938	-437.3494	-607.7429	170.3935	0.5536098	0.8123342	1.027718	1.521842
16944	-438.786	-608.8535	170.0675	0.1104371	1.241457	0.8545814	1.887764
16950	-443.9146	-614.5877	170.673	0.09921643	0.7291725	0.8545814	1.827104
16956	-444.0815	-614.5025	170.421	0.0913855	0.9474232	0.925929	1.80996
16962	-442.7754	-613.5067	170.7313	0.16755	1.112197	1.296359	1.10043
16968	-434.3721	-605.3916	171.0195	0.26464	0.6209848	1.355978	1.12766
16974	-435.7281	-606.373	170.645	0.2282266	1.209969	1.444487	0.8777806
16980	-443.3973	-613.8736	170.4762	0.1768509	1.480042	1.172892	1.111652
16986	-453.7816	-622.2847	168.5031	0.9230926	1.95047	1.411292	1.566116
16992	-435.4921	-605.3296	169.8375	0.610555	1.090062	1.196364	1.561974
16998	-436.9224	-607.3359	170.4135	0.4315261	0.965334	1.131856	1.405124
17004	-437.5248	-608.2683	170.7434	0.153356	0.965334	1.032135	1.442083
17010	-433.9099	-604.7491	170.8392	0.1595427	0.8288154	1.485622	1.093943
17016	-441.4736	-611.7251	170.2514	0.06742289	0.9238688	1.747461	1.367561
17022	-431.0998	-601.7156	170.6159	0.06742289	0.6118193	1.747461	1.31182
17028	-429.2083	-599.2739	170.0656	0.06742289	1.294654	1.40553	1.490755
17034	-433.2263	-603.0126	169.7863	0.07524491	1.559161	1.266167	1.608622
17040	-445.0598	-614.4679	169.4081	0.08119604	1.559161	1.01406	2.039423
17046	-450.4355	-620.5652	170.1297	0.1034483	1.379961	1.027095	1.634904
17052	-444.3911	-614.6601	170.269	0.1653468	1.254635	0.7404661	1.781092
17058	-434.9508	-605.2163	170.2655	0.085043	0.8294219	0.8560331	2.045476
17064	-434.1233	-604.9807	170.8574	0.1945126	0.9267314	0.8560331	1.487271
17070	-444.1911	-613.3017	169.1106	1.592118	0.7901622	1.237999	1.563047
17076	-436.6273	-606.8836	170.2564	0.5942964	0.8126102	1.068214	1.563047
17082	-433.7505	-605.0896	171.3391	0.1084673	0.381983	1.213366	1.228095
17088	-437.0376	-608.0123	170.9747	0.2121533	0.8696294	1.172642	1.169852
17094	-438.7547	-609.8201	171.0655	0.2514536	0.6482227	0.821924	1.513847
17100	-445.9869	-616.3716	170.3848	0.4336926	1.006417	0.8993367	1.569404
17106	-451.3321	-622.0839	170.7518	0.3240269	1.004104	0.8993367	1.376235
17112	-445.1231	-614.9797	169.8565	0.09340278	1.004104	0.8281139	2.212048
17118	-441.8711	-612.4193	170.5482	0.1085587	1.074881	0.8281139	1.688155
17124	-434.7738	-605.4123	170.6384	0.1363901	1.260281	0.9144555	1.401115
17130	-423.6197	-594.7948	171.1751	0.2072795	0.7834627	0.7792259	1.401115
17136	-445.7047	-616.4072	170.7025	0.09544276	0.7678747	1.678129	1.154665
17142	-438.3853	-608.8775	170.4922	0.08671278	0.7631097	1.50784	1.473525
17148	-444.3624	-615.2868	170.9243	0.08671278	0.777437	0.9358182	1.56751
17154	-452.1114	-622.569	170.4576	0.2339513	1.228028	0.8087702	1.56751
17160	-446.0794	-616.863	170.7836	0.09294324	0.9168981	0.9332702	1.56751
17166	-439.7006	-610.3782	170.6775	0.07425303	0.8638597	1.110655	1.56751
17172	-437.8902	-607.7833	169.8931	0.1048199	1.68468	0.9617045	1.647089
17178	-439.4864	-610.1217	170.6352	0.1669053	1.084369	0.9617045	1.477175
17184	-434.887	-605.482	170.595	0.1029743	0.7323587	1.575841	1.351282
17190	-441.0843	-611.4638	170.3795	0.08392674	1.001657	1.218879	1.598831
17196	-438.9668	-609.9304	170.9636	0.1529021	0.8937819	1.132759	1.243483
17202	-437.5923	-608.5333	170.941	0.2541056	0.5411979	1.055432	1.494547
17208	-443.9575	-614.6199	170.6624	0.1606113	0.6910239	0.891769	1.790738
17214	-438.2258	-609.6894	171.4637	0.1498529	0.5610844	0.8320318	1.332315
17220	-435.1752	-606.0486	170.8733	0.09783655	0.7457394	1.067254	1.52221
17226	-436.3935	-606.9605	170.5669	0.1256864	0.4970949	0.6592702	2.137364
17232	-430.8625	-601.8189	170.9564	0.1057262	0.9623144	0.8067519	1.48992
17238	-440.0935	-610.8219	170.7285	0.08939282	0.6995769	0.9801037	1.727163
17244	-458.3631	-628.2047	169.8416	0.08939282	1.056778	1.230466	1.924396
17250	-463.567	-633.6252	170.0582	0.08984729	0.9846797	1.099921	1.914583
17256	-451.0166	-621.8289	170.8123	0.416172	0.5271655	1.160228	1.396435
17262	-437.926	-609.1473	171.2213	0.15922	0.6160911	1.152417	1.224477
17268	-438.5957	-609.2899	170.6942	0.2390617	0.7410714	0.9260193	1.656194
17274	-436.1011	-607.4126	171.3115	0.2412657	0.5601317	0.9032942	1.324465
17280	-430.4788	-601.1562	170.6774	0.1460038	1.204568	1.002155	1.336835
17286	-440.007	-611.0199	171.0128	0.1418297	0.8907963	0.9832835	1.336835
17292	-428.1491	-598.9128	170.7637	0.258999	0.9846134	0.6660104	1.606586
17298	-433.578	-603.72	170.142	0.1111144	0.7663786	0.7190467	2.238258
17304	-433.1632	-603.6832	170.52	0.1111144	0.8196739	0.9827201	1.775948
17310	-425.0111	-595.854	170.8429	0.1085886	0.8196739	0.9881757	1.542588
17316	-433.0872	-603.6647	170.5775	0.1119314	1.23242	1.339036	1.143642
17322	-454.4305	-625.0678	170.6373	0.3653904	0.6985313	1.799388	0.8991954
17328	-457.4799	-626.8137	169.3339	0.4486119	2.069317	1.699144	0.9370026
17334	-446.8329	-617.497	170.6642	0.1549149	1.527261	1.004239	1.07332
17340	-453.9849	-622.2782	168.2932	0.9538778	2.249153	0.8739391	1.895986
17346	-442.7497	-612.4349	169.6852	1.003623	0.7832535	1.383083	1.470099
17352	-434.6445	-605.5612	170.9168	0.1096829	0.8235739	1.180791	1.334426
17358	-431.0888	-602.1824	171.0936	0.1884934	0.9163354	0.6588642	1.470164
17364	-423.1095	-593.7644	170.6548	0.3497888	0.7711545	1.096779	1.456569
17370	-429.384	-600.4847	171.1007	0.1456048	0.978866	0.8575335	1.293502
17376	-430.2356	-600.6942	170.4586	0.138323	1.620003	1.000339	1.198804
17382	-435.8505	-605.9997	170.1492	0.08951434	1.178504	0.9067718	1.85298
17388	-438.528	-608.6406	170.1126	0.06555804	1.073283	1.301073	1.693284
17394	-434.8771	-604.6933	169.8162	0.06555804	1.114803	0.859537	2.164272
17400	-435.3781	-606.0835	170.7054	0.1024462	0.8482805	0.891984	1.695853
17406	-432.2179	-602.97	170.752	0.1101882	0.8680483	0.9709987	1.585883
17412	-432.511	-603.3881	170.8772	0.1303638	0.8261569	1.018565	1.473219
17418	-437.0097	-607.9375	170.9278	0.1803023	0.8261569	0.7188694	1.620351
17424	-439.6515	-610.0199	170.3683	0.1130902	0.7538101	0.7070944	2.105532
17430	-439.927	-610.4075	170.4804	0.1716269	1.007246	0.6728415	1.846834
17436	-435.8937	-606.6874	170.7937	0.1716269	1.042617	0.7017457	1.5801
17442	-435.1383	-605.7846	170.6463	0.1684296	1.042617	1.066325	1.419481
17448	-437.8477	-608.4555	170.6078	0.09309859	1.042617	1.066325	1.505977
17454	-447.1378	-617.6376	170.4998	0.1318821	0.9851014	1.193002	1.505977
17460	-441.954	-612.7887	170.8347	0.1214731	0.8548772	0.9981967	1.505977
17466	-435.2254	-605.8674	170.642	0.1140307	0.951109	0.9981967	1.583216
17472	-440.5848	-610.6833	170.0986	0.1163514	0.7354549	0.8591583	2.191441
17478	-444.9249	-615.7499	170.8251	0.09419547	0.7354549	0.9981675	1.618115
17484	-456.2435	-624.3086	168.0652	2.024333	1.04625	0.9238765	2.030514
17490	-456.3341	-626.8152	170.481	0.1314782	1.04625	0.8087182	1.753147
17496	-444.836	-616.1354	171.2994	0.1742623	0.602266	0.671063	1.538475
17502	-445.9871	-616.9568	170.9697	0.1218555	0.729865	0.9459947	1.533975
17508	-443.1781	-614.2071	171.029	0.1248292	1.025404	0.8479585	1.338261
17514	-433.2737	-604.2017	170.928	0.1604382	0.9092621	0.89452	1.44354
17520	-436.8374	-607.5307	170.6933	0.1195958	0.3781457	0.6575808	2.089093
17526	-434.7363	-605.3722	170.6359	0.1192029	0.8444892	0.7200306	1.854914
17532	-431.6854	-602.3852	170.6998	0.08567103	0.7788028	0.7536151	1.854914
17538	-438.2783	-609.1917	170.9133	0.195145	0.6665247	0.7215036	1.725687
17544	-432.9164	-603.556	170.6397	0.199364	0.9835082	0.6571085	1.744613
17550	-432.4434	-603.0012	170.5577	0.1342889	1.056007	0.7316463	1.744613
17556	-432.5061	-603.1726	170.6665	0.1206452	0.6730831	0.7097773	1.950503
17562	-434.8401	-605.4065	170.5664	0.1628756	0.8462138	0.7956319	1.819515
17568	-434.8088	-605.8223	171.0135	0.1952539	0.5878449	0.7102483	1.709978
17574	-435.1948	-605.7731	170.5783	0.1784657	0.9108215	0.7102483	1.815299
17580	-440.9248	-611.1141	170.1893	0.1085856	1.336204	0.726941	1.829989
17586	-446.434	-617.1333	170.6993	0.1508371	0.77802	0.726941	1.829349
17592	-448.7721	-619.4998	170.7278	0.1596888	0.8123879	0.9729091	1.60595
17598	-443.217	-613.5873	170.3704	0.2459669	0.8370328	0.7022732	1.965877
17604	-440.181	-610.642	170.461	0.08747635	1.182659	1.337317	1.305712
17610	-431.634	-602.3961	170.7621	0.07650546	0.628268	1.361948	1.48049
17616	-437.4151	-608.0981	170.683	0.102409	0.8417988	1.279465	1.431912
17622	-435.7301	-607.0651	171.335	0.1248573	0.4657288	1.279465	1.136685
17628	-438.6335	-610.1577	171.5242	0.1371564	0.5273971	0.9026387	1.255501
17634	-427.7638	-598.9608	171.197	0.1151787	0.6400194	1.148425	1.267891
17640	-443.6543	-613.9613	170.307	0.1517593	0.9139598	0.6288132	2.068853
17646	-442.6563	-613.3221	170.6657	0.1515427	1.040693	0.9904895	1.476925
17652	-447.3762	-618.4946	171.1185	0.1515427	0.6916842	1.147691	1.26534
17658	-442.6791	-613.326	170.6469	0.1455827	0.8932161	0.8279655	1.720514
17664	-438.0447	-609.2932	171.2485	0.1536614	0.7214188	0.8279655	1.393699
17670	-447.2621	-617.8745	170.6123	0.2986861	1.005307	0.8224327	1.558733
17676	-455.6733	-625.7426	170.0693	0.3371165	1.181793	0.8165797	1.797313
17682	-452.6826	-621.8655	169.1828	0.2338151	1.105594	0.7572985	2.530737
17688	-444.0363	-614.3877	170.3515	0.1010084	0.6678308	0.7359384	2.157575
17694	-445.6387	-615.7454	170.1067	0.1086498	0.7843652	0.5207688	2.377911
17700	-448.0356	-618.0972	170.0616	0.1477665	0.7530293	0.4406458	2.451164
17706	-446.8327	-617.0026	170.1699	0.07462125	0.9074301	0.6112267	2.224202
17712	-462.454	-632.1433	169.6893	0.06807353	0.6404237	1.352338	2.224202
17718	-440.5445	-610.6036	170.0591	0.06807353	1.055485	1.376606	1.688466
17724	-452.3031	-621.6719	169.3688	0.06807353	1.216555	1.514602	1.959024
17730	-463.3054	-632.0579	168.7525	1.189637	1.034757	0.8155496	2.205409
17736	-449.4945	-616.5259	167.0314	2.007231	0.8517244	1.178476	2.660728
17742	-459.1236	-626.0389	166.9153	2.002579	1.867223	1.123065	2.161344
17748	-453.3801	-618.6755	165.2955	3.364585	1.867223	1.450049	2.116225
17754	-455.3926	-620.9792	165.5866	3.536403	1.235327	1.201493	2.355445
17760	-443.7511	-612.363	168.6118	1.458227	0.8548246	1.199259	1.987139
17766	-442.5576	-610.7809	168.2233	1.239883	1.136457	0.7480074	2.488355
17772	-448.3197	-614.3449	166.0252	2.63265	1.045219	0.6035318	3.122137
17778	-459.8465	-626.9345	167.088	0.8457332	1.045219	0.449396	3.637663
17784	-447.8959	-613.117	165.2211	1.1901	0.8498476	0.5458015	4.561177
17790	-442.7059	-611.3556	168.6497	0.9515514	0.8583708	0.6161747	2.656464
17796	-437.7949	-608.0061	170.2112	0.1024169	0.4279277	0.5901207	2.445767
17802	-446.6103	-615.9993	169.3889	0.06851334	0.6538933	0.629651	2.854329
17808	-451.9577	-621.3462	169.3886	0.06727649	1.683917	0.9797272	2.008677
17814	-439.9405	-610.2079	170.2674	0.06727649	1.125125	1.012804	1.749761
17820	-436.7289	-607.2673	170.5384	0.1212778	0.8304582	0.6735546	1.96038
17826	-433.8586	-605.03	171.1714	0.1104774	0.5443541	0.9256871	1.524974
17832	-426.0381	-596.6854	170.6473	0.09576019	0.929584	0.7928637	1.754458
17838	-426.2539	-597.2022	170.9484	0.09576019	0.6053331	0.9907963	1.616982
17844	-424.2733	-595.763	171.4897	0.1624916	0.5983074	0.900741	1.22001
17850	-435.02	-605.5586	170.5386	0.1624916	1.275817	1.105689	1.2957
17856	-432.1625	-603.0403	170.8778	0.08526172	0.6098323	1.244934	1.486517
17862	-429.9224	-600.5393	170.6168	0.08526172	1.151405	1.093878	1.4015
17868	-425.7988	-596.2256	170.4268	0.08526172	1.217304	1.375262	1.276613
17874	-428.1372	-599.1203	170.9831	0.2223918	0.7148212	0.854408	1.527804
17880	-438.8729	-609.5133	170.6405	0.149944	0.6537497	0.579409	2.046748
17886	-436.7908	-607.5742	170.7833	0.1289055	0.6573979	0.5726174	1.967996
17892	-435.926	-606.672	170.746	0.2103096	0.8805594	0.8074977	1.627286
17898	-432.6136	-603.6854	171.0717	0.2267182	0.9965195	1.006553	1.105607
17904	-429.7135	-596.0241	166.3105	2.628289	0.9965195	1.359504	2.521107
17910	-435.1521	-602.0109	166.8587	1.839786	1.282469	1.31658	2.521107
17916	-441.3839	-609.4563	168.0723	1.559851	0.9974667	1.020825	2.296652
17922	-439.8018	-605.3793	165.5775	2.555862	1.364779	1.140599	2.926423
17928	-440.5779	-609.3947	168.8168	0.906876	0.6663991	0.7962448	2.582321
17934	-432.8686	-601.4317	168.563	1.167113	1.224389	1.076185	2.05061
17940	-429.8312	-597.2032	167.372	2.190302	0.8012507	0.7082378	2.65826
17946	-429.429	-596.6882	167.2592	2.411801	0.8476258	1.19965	2.252732
17952	-441.4571	-610.4748	169.0177	0.6591671	1.185611	1.3088	1.956548
17958	-433.4915	-602.3233	168.8318	0.7218692	0.9856203	0.7640905	2.51575
17964	-437.3117	-605.7732	168.4615	0.967211	0.9626645	1.201959	2.333084
17970	-432.2906	-601.1175	168.8269	0.6848457	0.7972296	1.073079	2.465389
17976	-436.5715	-605.9581	169.3867	0.9725953	0.7322535	1.446021	1.700542
17982	-429.9	-597.3894	167.4894	2.028972	0.9193067	1.057194	2.395451
17988	-428.642	-597.612	168.97	0.7817288	0.9577677	0.753949	2.415385
17994	-432.5604	-601.0956	168.5352	1.301008	0.8747709	0.753949	2.414179
18000	-435.2207	-603.2109	167.9902	1.468358	0.7385406	0.9693069	2.59823
18006	-436.9501	-604.3047	167.3546	1.97745	0.9053857	0.8709784	2.636631
18012	-448.9708	-618.148	169.1772	0.7183241	0.9053857	1.196659	2.071422
18018	-434.1155	-604.5524	170.4369	0.2558424	0.7622921	0.8963972	1.831435
18024	-442.521	-612.1358	169.6148	0.6060298	1.039338	0.9986979	1.896848
18030	-437.2793	-608.5573	171.2781	0.1247069	0.5791449	1.072247	1.297342
18036	-441.1706	-612.6108	171.4403	0.1773302	0.4463032	0.9417112	1.297342
18042	-441.9113	-613.1002	171.1889	0.1894521	0.3290762	0.9417112	1.49364
18048	-435.4458	-605.9743	170.5285	0.1174434	0.5773856	0.6636728	2.128205
18054	-436.2059	-605.9698	169.7639	0.1167817	1.094685	0.662221	2.304979
18060	-430.7425	-600.8109	170.0684	0.1438428	0.8026391	0.4949183	2.385065
18066	-438.5523	-609.0778	170.5255	0.3462264	0.700151	0.6564497	1.912842
18072	-445.7201	-615.3597	169.6397	0.270619	1.533529	0.82317	1.901194
18078	-439.3753	-609.992	170.6168	0.1408968	0.8241068	0.8668739	1.765489
18084	-448.1617	-618.6483	170.4866	0.1960069	0.6036356	0.7796041	2.013741
18090	-443.6699	-613.7553	170.0854	0.2779626	1.353501	0.7796041	1.736311
18096	-435.6845	-606.923	171.2384	0.1723798	0.7388229	0.9190771	1.301374
18102	-431.9988	-602.6074	170.6086	0.1148984	0.7824498	0.9190771	1.781144
18108	-433.3307	-603.9971	170.6665	0.1378428	1.100318	0.8991999	1.510578
18114	-433.7458	-603.8671	170.1213	0.3119653	1.48248	0.8991999	1.510578
18120	-437.8084	-609.0601	171.2517	0.1842063	1.023162	0.8969675	1.054866
18126	-443.7129	-614.8457	171.1328	0.2181877	0.7925091	0.7441089	1.445663
18132	-447.5225	-618.4331	170.9105	0.1585703	0.7825395	0.7438022	1.660993
18138	-441.8756	-612.4299	170.5543	0.09514038	1.043257	0.922314	1.648653
18144	-437.0035	-607.8893	170.8858	0.08520325	0.5208551	0.922314	1.762697
18150	-441.315	-609.417	168.1019	1.552065	1.071888	1.029772	2.229189
18156	-451.2962	-616.525	165.2287	4.045201	1.229713	1.029772	2.37214
18162	-433.5038	-600.4192	166.9154	2.382619	1.071178	1.029772	2.455952
18168	-445.771	-612.6124	166.8414	3.404945	0.9537073	1.210992	1.79241
18174	-451.0713	-619.5359	168.4646	1.817928	0.8664386	1.674328	1.495515
18180	-449.696	-616.0753	166.3793	3.933593	0.6165673	1.754577	1.586537
18186	-446.4071	-613.3546	166.9475	1.894931	1.51116	1.205131	2.363395
18192	-441.9033	-605.7978	163.8945	4.984687	1.51116	1.991405	1.82171
18198	-441.0652	-607.8219	166.7567	2.12365	1.51116	1.551878	2.115722
18204	-441.6625	-607.7261	166.0636	3.30994	1.320682	0.7545518	2.427068
18210	-442.0917	-610.8761	168.7844	0.9966298	0.7789497	0.7124873	2.533524
18216	-452.8744	-620.65	167.7756	1.813845	0.5215403	1.066026	2.569903
18222	-447.0024	-615.8932	168.8908	1.35577	0.6236436	1.17669	2.028528
18228	-451.2663	-620.0127	168.7464	1.184538	1.328037	1.17669	1.778197
18234	-433.322	-604.2149	170.8929	0.2040903	0.8827162	1.289336	1.134616
18240	-433.6683	-603.9357	170.2675	0.1368365	1.503121	0.9662521	1.467317
18246	-437.8816	-607.895	170.0134	0.1375066	1.584831	0.8277641	1.698478
18252	-434.4992	-605.4813	170.9821	0.225815	0.8082351	0.7632514	1.527556
18258	-434.2218	-605.0169	170.7951	0.114243	0.7576729	1.009615	1.601709
18264	-444.7124	-615.2812	170.5688	0.1218779	0.7576729	0.8874123	1.84206
18270	-441.9974	-613.3881	171.3906	0.141852	0.5052133	0.8985019	1.374605
18276	-438.6601	-609.9714	171.3113	0.160595	0.4000432	0.8985019	1.457591
18282	-435.6102	-606.6602	171.05	0.2533742	0.6983095	1.292986	1.105405
18288	-439.7123	-610.834	171.1216	0.2135144	0.340792	1.499992	1.071836
18294	-445.0845	-616.2185	171.134	0.08421685	0.5785996	1.485523	1.101291
18300	-445.4122	-614.8173	169.4051	0.08770056	2.101093	1.251569	1.541233
18306	-462.5202	-631.4798	168.9596	0.07824063	2.418208	1.738106	1.320921
18312	-442.1336	-612.6486	170.515	0.1097692	1.198439	1.217048	1.328625
18318	-446.1655	-616.6264	170.4609	0.07704025	0.8807356	1.217048	1.633521
18324	-442.3127	-612.8741	170.5615	0.1239013	0.6294014	0.7729468	2.001983
18330	-445.7918	-616.9556	171.1638	0.1161296	0.4955321	0.7421934	1.683313
18336	-444.3237	-614.6566	170.333	0.1117962	0.9653117	0.8876044	1.870416
18342	-449.104	-619.6315	170.5275	0.2445905	1.029168	0.8119471	1.649933
18348	-441.1644	-612.0259	170.8616	0.3461947	0.6154173	0.8953444	1.561147
18354	-444.4512	-614.9536	170.5024	0.2498091	1.113009	0.9096709	1.532159
18360	-429.9274	-600.6381	170.7107	0.1193711	0.9688931	0.9096709	1.580832
18366	-437.9186	-609.1751	171.2565	0.1148956	0.324174	1.007755	1.447491
18372	-448.4011	-618.9525	170.5514	0.2072639	0.7946756	0.6061736	1.962579
18378	-435.7999	-606.8423	171.0425	0.1795106	0.7293909	0.7286716	1.598143
18384	-434.9824	-605.7239	170.7415	0.1686717	0.7293909	0.8236346	1.752724
18390	-443.493	-614.5831	171.0901	0.3533568	0.5160467	1.020196	1.343238
18396	-437.4928	-608.028	170.5352	0.2674094	1.039159	1.01112	1.473574
18402	-437.0293	-607.267	170.2377	0.499584	0.9208526	1.349742	1.353557
18408	-442.1986	-612.154	169.9553	0.6093978	0.9074886	1.106832	1.67425
18414	-447.341	-614.3967	167.0557	0.8724472	2.334828	0.9257569	2.665748
18420	-439.9915	-609.4499	169.4585	0.8071548	1.156623	1.158089	1.673818
18426	-439.9649	-609.5705	169.6056	0.6206891	0.9329168	0.9329318	2.008851
18432	-428.5789	-597.1076	168.5287	0.8252455	1.12636	0.8802043	2.480216
18438	-438.0684	-602.1198	164.0514	4.162668	1.161138	1.053688	3.049491
18444	-435.9803	-602.6154	166.6351	2.004038	1.161138	0.8709166	2.903866
18450	-436.7957	-604.553	167.7573	1.582059	1.095904	0.9302336	2.477035
18456	-436.4023	-603.3402	166.9379	1.642145	1.058236	0.7973202	3.045161
18462	-436.2401	-603.1438	166.9037	1.289723	1.265115	0.7671765	3.171582
18468	-444.5782	-607.6989	163.1207	5.644832	0.774747	0.6804925	3.171582
18474	-450.7101	-614.3217	163.6116	5.15296	0.780745	0.682617	3.167464
18480	-436.5156	-601.8708	165.3552	3.701363	0.8899811	1.400162	2.48854
18486	-444.7457	-612.3292	167.5836	1.722878	1.227461	1.285479	2.188954
18492	-435.268	-604.3966	169.1286	0.5407476	1.077994	1.114149	2.160678
18498	-445.4043	-613.4471	168.0429	1.049992	1.232594	1.207605	2.37239
18504	-450.2319	-620.8448	170.613	0.2943597	1.039443	1.20687	1.234832
18510	-442.2582	-613.5068	171.2486	0.1576219	0.6089238	1.212181	1.155948
18516	-442.7077	-613.8915	171.1838	0.1263607	0.6089238	1.529859	0.9436912
18522	-436.2594	-607.2705	171.0111	0.1289645	0.828705	1.481245	0.9604924
18528	-447.452	-617.5284	170.0764	0.1113155	1.438017	1.72358	1.069494
18534	-434.8227	-605.4931	170.6703	0.1028336	1.064382	1.117507	1.395166
18540	-439.0686	-610.0392	170.9706	0.09417169	0.5433087	0.894463	1.705467
18546	-452.111	-622.732	170.621	0.1185812	0.9327965	0.8628547	1.705467
18552	-440.9085	-611.4735	170.565	0.2356497	1.189984	0.8215209	1.504914
18558	-439.1134	-609.7431	170.6296	0.1836045	1.184359	0.9030388	1.437851
18564	-445.935	-616.8074	170.8724	0.4143994	0.6493108	0.9438535	1.443798
18570	-461.0456	-628.0251	166.9795	1.405376	0.7925334	1.311015	3.012333
18576	-441.4563	-608.4584	167.0021	1.76951	0.9425703	0.8678414	2.957261
18582	-439.2111	-607.7934	168.5823	1.069652	1.13727	0.9178065	2.260671
18588	-443.8677	-608.4997	164.632	4.899472	1.20684	1.160025	2.137354
18594	-434.2519	-601.8844	167.6325	1.372808	1.019314	0.8974937	2.751132
18600	-435.614	-604.1178	168.5037	1.819083	0.7882935	0.8546794	2.091043
18606	-449.4091	-617.853	168.4439	1.651819	0.8557176	0.9964565	2.103775
18612	-437.4196	-606.3592	168.9396	0.6060479	1.313639	1.092864	2.103775
18618	-443.0186	-609.9462	166.9276	0.9487431	1.078869	0.6766598	3.519396
18624	-448.1569	-616.1786	168.0217	1.478741	1.123358	0.682954	2.513858
18630	-449.9737	-621.1174	171.1436	0.1514128	0.4431776	0.7838161	1.662125
18636	-447.0357	-617.8409	170.8052	0.07298609	0.5206255	1.05424	1.735437
18642	-444.6983	-612.0583	167.3599	1.66585	0.6312468	0.7247514	3.068642
18648	-445.2602	-607.4107	162.1505	6.567105	0.978617	1.032746	2.868587
18654	-447.4232	-616.8028	169.3796	0.0641556	1.444296	0.9412542	2.187437
18660	-435.5827	-605.7676	170.185	0.06522705	0.8405124	1.3255	1.788264
18666	-435.8244	-606.3238	170.4994	0.08737831	0.9561574	1.355906	1.438577
18672	-444.3994	-614.9233	170.5239	0.08811902	0.8099011	1.613815	1.33028
18678	-438.3022	-608.792	170.4898	0.1170445	1.186914	1.414337	1.189217
18684	-440.7039	-612.1175	171.4136	0.1666905	0.6096913	1.015449	1.175186
18690	-455.5176	-621.3383	165.8207	3.968206	0.7095899	1.122167	2.311732
18696	-443.3964	-607.8922	164.4958	4.205497	1.277074	1.393666	2.474452
18702	-450.0377	-612.8451	162.8075	7.281381	0.6523125	1.619525	1.819162
18708	-450.7541	-616.2699	165.5158	2.798999	1.501163	1.148358	2.732892
18714	-446.3552	-615.2722	168.9169	1.447883	0.7822412	0.6908596	2.174431
18720	-445.1637	-612.9209	167.7572	1.735274	1.153487	1.025727	2.283435
18726	-445.1138	-612.19	167.0762	2.540522	1.002771	0.989868	2.322908
18732	-436.9203	-604.8242	167.9039	1.316032	0.9946755	1.321804	2.369246
18738	-435.6702	-603.1265	167.4562	2.079563	0.9946755	1.260746	2.206188
18744	-435.117	-604.6159	169.4989	1.119637	0.8842506	1.116871	1.645115
18750	-449.3043	-617.8257	168.5213	1.2644	0.5725086	1.469378	2.166196
18756	-445.9669	-612.8332	166.8663	3.123251	0.589503	1.43919	2.043546
18762	-445.083	-613.2626	168.1795	1.860021	0.6946498	1.29487	2.045847
18768	-440.9737	-608.8719	167.8982	1.386256	0.9991837	1.039532	2.503434
18774	-439.9614	-607.8371	167.8757	1.508195	0.7954681	1.047175	2.56245
18780	-444.6954	-610.7268	166.0314	3.252335	1.292118	1.204062	2.215458
18786	-440.7156	-607.3753	166.6597	2.05316	1.879552	1.10483	2.298372
18792	-435.4646	-602.8759	167.4113	2.261916	0.9643504	1.16106	2.201398
18798	-441.0841	-611.0756	169.9914	0.9684958	0.499147	1.022451	1.70994
18804	-430.9421	-601.6519	170.7098	0.09541394	0.9989308	0.8234104	1.639639
18810	-428.1757	-599.0125	170.8368	0.1462008	0.6710924	0.83659	1.730154
18816	-427.9015	-598.6173	170.7158	0.1402418	0.7547281	0.7203117	1.845175
18822	-433.0034	-601.9159	168.9125	1.327899	0.9650866	0.8615366	2.025603
18828	-441.3625	-608.5921	167.2295	1.41388	0.5590386	0.6743358	3.359405
18834	-446.8992	-617.2782	170.379	0.08107007	1.150213	1.238088	1.477379
18840	-444.9122	-614.3974	169.4852	0.08107007	1.731012	1.209081	1.74814
18846	-440.0489	-610.285	170.2361	0.09020847	0.9252498	1.222986	1.74814
18852	-445.9787	-614.6389	168.6602	0.06409683	1.725922	0.8392289	2.54392
18858	-442.4853	-610.8764	168.3911	0.06114771	1.257702	0.7228505	3.048102
18864	-436.7293	-605.6871	168.9578	0.0611055	1.306065	0.8434161	2.601776
18870	-448.4959	-618.0398	169.5438	0.07252827	0.4596053	0.754156	2.7675
18876	-435.2955	-605.5162	170.2207	0.1627876	0.7043642	0.754156	2.168999
18882	-443.6906	-614.5646	170.8739	0.1627876	0.6021378	1.116931	1.531913
18888	-448.0878	-618.9532	170.8655	0.2464152	0.8425775	0.8197852	1.531913
18894	-431.6449	-602.6221	170.9772	0.207732	0.6088399	0.9626915	1.532276
18900	-432.3998	-603.5649	171.1651	0.1014281	0.5813968	1.391479	1.140569
18906	-424.0687	-595.3977	171.329	0.1662976	0.5190896	1.340621	1.017045
18912	-430.1353	-601.1503	171.0151	0.09727952	0.3949864	1.638607	1.148785
18918	-431.7511	-603.2299	171.4788	0.1052486	0.4665583	1.035744	1.23953
18924	-432.3696	-602.4215	170.0519	0.08647539	1.781099	1.122835	1.355863
18930	-435.8801	-605.8917	170.0116	0.09151341	1.503257	1.404317	1.361341
18936	-435.5225	-606.3308	170.8084	0.07789374	0.7138991	1.139491	1.553734
18942	-444.8542	-615.5407	170.6865	0.07789374	0.5014525	1.139491	1.76406
18948	-439.8169	-610.2608	170.4439	0.08358685	0.9179817	1.731697	1.21485
18954	-428.2188	-599.2455	171.0267	0.124638	0.7231826	1.193603	1.301118
18960	-434.9709	-605.9191	170.9482	0.2606664	0.9280027	0.9471454	1.292386
18966	-428.5287	-599.4615	170.9327	0.088337	0.6397122	0.9002198	1.677733
18972	-427.9844	-598.3294	170.345	0.088337	1.321784	0.8210119	1.679198
18978	-434.9196	-605.1368	170.2172	0.088337	1.100249	1.08034	1.740147
18984	-437.864	-608.0553	170.1913	0.088337	1.321957	0.8882916	1.740147
18990	-436.3809	-606.0621	169.6812	0.07315834	1.492601	0.9737941	1.93063
18996	-431.7759	-601.8604	170.0845	0.07315834	1.247151	0.8060186	1.93063
19002	-444.5103	-615.0666	170.5563	0.1535542	1.241061	0.8824719	1.489603
19008	-440.5867	-611.2088	170.6221	0.09444294	1.046075	0.809971	1.678966
19014	-438.4933	-609.068	170.5747	0.1193908	0.7437318	0.8553349	1.870727
19020	-450.0781	-620.0991	170.021	0.1097424	0.8278436	0.722633	2.276307
19026	-430.6662	-601.4654	170.7992	0.131172	0.8389483	0.9564846	1.567599
19032	-437.0695	-608.2298	171.1603	0.1297366	0.612791	1.197779	1.264527
19038	-435.1258	-606.1066	170.9808	0.1297366	0.8993248	1.066084	1.298824
19044	-437.5688	-608.1813	170.6125	0.09313068	1.478091	0.9034339	1.298824
19050	-438.7718	-609.5842	170.8124	0.1988487	1.058585	1.006392	1.298824
19056	-447.1159	-616.3149	169.199	0.06862077	1.768089	1.548264	1.696281
19062	-445.7149	-615.4664	169.7515	0.06493951	0.9415923	1.862962	1.644314
19068	-444.5637	-615.454	170.8904	0.06493951	0.4268629	1.392737	1.468862
19074	-430.9303	-601.3989	170.4686	0.06493951	0.6277973	1.67511	1.474657
19080	-441.5209	-612.804	171.2831	0.09441827	0.5029687	1.251831	1.214013
19086	-443.0238	-613.353	170.3292	0.08973168	1.113241	1.110112	1.629167
19092	-437.9443	-608.3631	170.4188	0.08973168	0.8773929	0.9694787	1.830632
19098	-439.7861	-610.1691	170.383	0.08973168	0.9930549	1.361797	1.49266
19104	-444.7372	-615.7351	170.9979	0.1318165	0.9748774	1.006392	1.270323
19110	-449.8318	-620.7954	170.9636	0.1318165	1.036339	0.9792257	1.270323
19116	-439.2399	-609.6208	170.3809	0.1019469	1.228874	0.9605912	1.608414
19122	-450.3194	-620.5597	170.2403	0.2653741	0.9557979	0.9338803	1.803296
19128	-445.5366	-615.8322	170.2956	0.3799378	0.9461087	1.199581	1.497401
19134	-445.1093	-614.309	169.1997	0.9599111	0.7717508	0.7128058	2.298961
19140	-459.2598	-626.7859	167.5261	2.334278	0.905119	0.968053	2.243294
19146	-447.9914	-616.1029	168.1115	1.451915	0.7760576	1.174883	2.38161
19152	-453.0223	-622.9401	169.9178	0.3208111	1.491926	0.9509977	1.609174
19158	-432.8631	-601.8347	168.9716	1.335098	0.8927656	1.21478	1.790065
19164	-431.334	-601.1516	169.8176	0.5353673	0.9080699	1.524471	1.524005
19170	-443.1482	-612.4439	169.2958	1.155553	0.6388077	1.412208	1.719216
19176	-430.1568	-598.9796	168.8228	0.9256291	0.7569349	1.444367	2.100797
19182	-436.0716	-604.0087	167.9371	2.801046	0.503437	1.157986	1.768581
19188	-431.6832	-599.9669	168.2837	2.238155	0.6969222	1.033491	1.896434
19194	-437.2109	-606.146	168.9351	1.267834	0.686452	1.361956	1.896434
19200	-438.1686	-604.9589	166.7903	2.26422	1.043241	1.076427	2.596115
19206	-450.5893	-618.844	168.2547	1.857361	0.5616922	1.480695	1.948584
19212	-450.8873	-618.1319	167.2446	1.809538	1.668361	1.255993	2.100868
19218	-446.0405	-614.2482	168.2077	1.830824	0.7135028	1.483009	1.908958
19224	-442.2826	-610.4946	168.212	1.257715	0.6359166	0.8291824	2.7349
19230	-451.821	-618.81	166.989	2.088188	0.8015826	0.9992963	2.776943
19236	-449.3997	-617.767	168.3673	1.3117	1.54537	0.9061227	1.993582
19242	-454.146	-618.8645	164.7185	4.449665	0.8832042	0.9061227	2.729278
19248	-447.3363	-615.5104	168.174	0.6764595	1.993605	1.211804	2.076343
19254	-446.5771	-616.2789	169.7018	0.3911146	1.194698	1.002797	1.876034
19260	-435.51	-606.4138	170.9038	0.2038909	0.9976391	0.8071598	1.428087
19266	-434.6467	-605.4252	170.7786	0.09218827	0.9976391	1.175301	1.325054
19272	-442.4514	-613.5677	171.1163	0.1080113	0.901786	1.01813	1.242527
19278	-437.0829	-607.3813	170.2984	0.08064011	1.041127	1.349306	1.536071
19284	-440.0405	-610.9213	170.8808	0.09032973	0.7431623	1.005125	1.569981
19290	-436.3046	-606.733	170.4284	0.0971631	1.247847	0.9414466	1.577679
19296	-428.8126	-599.5159	170.7032	0.0971631	0.7867035	0.7713964	1.827241
19302	-442.2068	-610.1101	167.9033	1.320664	1.922535	1.048036	1.977413
19308	-437.7532	-603.4042	165.651	2.997835	1.750446	1.048036	2.446847
19314	-440.8349	-609.5331	168.6982	0.9533885	1.292972	0.7917303	2.243576
19320	-455.7794	-626.0865	170.3071	0.09855352	1.001752	0.895651	1.866761
19326	-447.5669	-618.5326	170.9657	0.1450407	0.9027235	1.062476	1.298863
19332	-454.0861	-624.6666	170.5804	0.177295	1.103761	0.8814495	1.555783
19338	-439.9848	-610.784	170.7992	0.1407735	1.05054	0.7185204	1.580516
19344	-441.1839	-611.9235	170.7396	0.1675791	0.8348296	0.7319117	1.747984
19350	-433.1245	-601.1352	168.0107	1.461905	1.37569	1.331689	1.95407
19356	-437.694	-604.6213	166.9274	2.148813	1.249282	1.028122	2.485612
19362	-440.2709	-606.7484	166.4774	3.03991	1.508966	1.024449	2.044943
19368	-447.7662	-611.9237	164.1575	4.091004	1.508966	1.658707	2.453237
19374	-439.4829	-604.6741	165.1912	3.530346	2.160373	1.143712	2.114448
19380	-431.3406	-600.4563	169.1157	1.256395	0.9965485	1.143712	1.721644
19386	-442.8103	-611.4703	168.66	1.130113	1.274367	1.462861	1.712838
19392	-452.4278	-618.9876	166.5598	2.465369	2.140574	1.067398	1.974765
19398	-447.8903	-612.8832	164.9929	3.074154	1.564533	1.041994	2.912221
19404	-451.171	-619.7128	168.5419	1.47684	0.6959714	1.07462	2.202746
19410	-455.8962	-623.1646	167.2684	2.02178	1.044271	1.023993	2.481373
19416	-442.1448	-609.8017	167.6569	1.683177	1.16931	1.654997	1.961033
19422	-446.4187	-614.7484	168.3296	1.256521	0.9135741	0.8988139	2.456129
19428	-438.6689	-603.1227	164.4538	5.098632	0.9311444	1.055776	2.367347
19434	-453.8977	-619.9999	166.1022	2.752022	0.4901833	1.014832	3.060299
19440	-451.0599	-615.4275	164.3676	3.918881	0.9439251	0.9167994	3.216738
19446	-451.8246	-618.2073	166.3827	1.878038	1.167216	0.7199013	3.216738
19452	-438.6008	-604.551	165.9502	2.652565	0.7919671	0.7504984	3.216738
19458	-439.0802	-603.6242	164.544	3.816227	0.8998011	0.8642035	3.230232
19464	-440.785	-608.9406	168.1556	1.590971	0.7335641	1.20151	2.273765
19470	-443.8818	-610.5959	166.7141	3.089072	1.192775	1.080569	2.019891
19476	-449.253	-618.0288	168.7758	1.78959	0.5957248	1.042697	1.920253
19482	-457.5542	-622.6646	165.1104	3.78755	0.7785469	1.057289	2.864197
19488	-440.1271	-606.1666	166.0394	4.210792	0.7785469	1.002985	2.047328
19494	-438.5544	-605.5743	167.0199	2.190598	1.180938	1.363941	2.229847
19500	-439.9048	-607.306	167.4011	2.618515	0.9588307	1.291851	1.889045
19506	-429.6339	-597.7521	168.1182	1.727193	1.245251	1.393805	1.742572
19512	-433.0608	-602.3079	169.2471	0.8826018	1.057684	1.616261	1.510623
19518	-440.0231	-609.6014	169.5784	1.045933	0.7265525	1.441701	1.515146
19524	-439.5036	-608.005	168.5014	0.7535204	0.7838362	0.7376026	2.838516
19530	-437.4941	-605.1055	167.6115	1.425413	0.7786395	0.7376026	2.973202
19536	-445.9458	-612.8621	166.9162	2.347602	0.7437685	0.832691	2.79856
19542	-446.1062	-612.3751	166.2688	2.347602	0.8742087	1.437392	2.74726
19548	-447.861	-612.6707	164.8097	4.137498	0.6489457	1.566273	2.595835
19554	-449.3976	-613.6474	164.2498	5.226161	0.8232499	1.247382	2.362076
19560	-458.9724	-626.3723	167.3999	1.959429	0.8650866	1.324523	2.361018
19566	-448.4974	-615.7622	167.2648	1.395699	1.163351	0.9459044	2.844241
19572	-444.428	-610.7323	166.3043	2.908963	0.5028273	0.7142075	3.020798
19578	-444.7168	-613.187	168.4702	1.200262	0.7720247	1.162229	2.324141
19584	-440.4709	-607.1385	166.6676	2.42349	0.7720247	0.9566067	2.811891
19590	-453.967	-618.1007	164.1337	4.075799	1.77648	1.621989	2.347145
19596	-444.7295	-611.4585	166.729	2.25481	1.248292	1.341055	2.347145
19602	-433.7376	-602.8861	169.1485	1.249399	0.7673374	1.109891	1.883773
19608	-427.737	-596.9238	169.1868	1.433081	0.6670705	1.299163	1.662165
19614	-439.7426	-606.35	166.6074	2.985745	1.076115	1.537531	1.93214
19620	-438.6067	-605.5069	166.9002	2.953957	1.1625	1.103769	1.990404
19626	-440.1079	-608.7366	168.6287	1.277948	0.5496233	0.9249566	2.44763
19632	-440.7803	-609.3065	168.5261	0.752335	0.8662631	0.7197461	2.785997
19638	-452.4852	-619.3627	166.8774	2.327054	0.88907	0.8804125	2.719233
19644	-453.0773	-620.1494	167.0721	2.810412	1.102935	1.496021	1.74342
19650	-449.343	-618.3398	168.9967	1.075801	1.032475	1.650008	1.546753
19656	-461.9504	-629.6937	167.7433	1.629647	1.369201	1.523066	1.896359
19662	-450.1881	-619.5301	169.342	0.9907543	0.6483008	1.266272	1.896359
19668	-454.4418	-623.3131	168.8713	1.430904	0.3404653	0.9677033	2.218003
19674	-458.9337	-623.4105	164.4768	5.02621	0.8252641	1.041128	2.4738
19680	-452.0056	-611.88	159.8744	8.321431	1.132036	0.9580647	3.134619
19686	-440.4048	-606.5958	166.191	3.407221	0.5581657	0.9580647	2.615282
19692	-451.8736	-619.213	167.3393	2.736789	0.5926002	1.025635	2.255064
19698	-453.9988	-621.6331	167.6344	0.9056506	0.8486496	0.603317	3.308004
19704	-448.9605	-615.5279	166.5674	2.693818	0.8870021	0.739542	2.771939
19710	-446.8391	-616.8454	170.0062	0.6082172	0.5658736	0.4647181	2.28297
19716	-437.1162	-607.2687	170.1526	0.5249721	0.7876457	0.5466129	2.060721
19722	-441.5086	-611.144	169.6354	1.057218	0.4949078	1.526001	1.54116
19728	-440.5862	-609.3808	168.7946	0.9701433	1.150529	1.933098	1.477342
19734	-449.4358	-617.7052	168.2694	1.405804	0.9123534	2.161728	1.550882
19740	-445.3459	-613.4705	168.1247	1.480063	0.9123534	1.578924	2.006234
19746	-455.7736	-623.1261	167.3525	1.758817	1.859884	1.487773	1.791679
19752	-449.3954	-620.1395	170.7441	0.18618	1.234113	0.9600579	1.260495
19758	-437.0243	-607.8873	170.8631	0.2764776	0.5589611	1.256292	1.373017
19764	-439.2803	-610.4638	171.1835	0.1034958	0.6970597	1.27304	1.139218
19770	-438.9961	-609.8544	170.8583	0.2407153	0.7737193	1.145922	1.342922
19776	-455.5201	-626.2468	170.7267	0.2934938	1.032167	1.084169	1.249147
19782	-441.0426	-612.0337	170.9911	0.182625	0.6921002	0.7568312	1.637665
19788	-431.1048	-601.3919	170.287	0.1338575	0.9201283	0.870581	1.92876
19794	-429.1227	-599.6048	170.4821	0.1044119	1.214929	0.7204052	1.715845
19800	-420.7834	-591.6286	170.8452	0.1709403	0.8861727	0.763754	1.61163
19806	-424.065	-594.8252	170.7602	0.1030022	0.9379941	0.8695477	1.608409
19812	-429.0035	-598.6966	169.6931	0.09656536	1.754909	0.8695477	1.814039
19818	-437.0793	-607.7785	170.6992	0.1193445	0.9432268	1.111415	1.45811
19824	-435.3061	-606.0394	170.7333	0.119016	1.076917	1.128726	1.313622
19830	-436.2584	-606.3048	170.0464	0.09226741	1.217411	0.8916308	1.905328
19836	-431.7144	-602.0291	170.3147	0.07942675	0.8117253	1.039054	1.905328
19842	-432.8637	-602.7704	169.9067	0.073057	1.155943	1.004487	1.977205
19848	-443.0357	-613.1346	170.0989	0.06942666	1.155943	1.072708	1.802554
19854	-443.5316	-613.5703	170.0387	0.0681425	1.218235	1.072708	1.802554
19860	-435.0051	-604.575	169.5699	0.06574483	0.9492882	1.388	2.087726
19866	-431.4381	-601.7303	170.2922	0.06574483	0.9299564	1.001422	1.876069
19872	-431.5782	-600.4848	168.9066	0.06595269	1.299888	1.154662	2.440294
19878	-432.3497	-602.7907	170.441	0.08654285	0.6065002	0.6845464	2.176469
19884	-427.506	-597.2334	169.7274	0.05376591	0.6395063	1.033627	2.412746
19890	-427.8002	-596.9609	169.1607	0.05376591	0.8608652	1.391778	2.412746
19896	-433.1362	-603.0056	169.8694	0.05327524	0.71124	1.138823	2.214209
19902	-431.8807	-600.8844	169.0037	0.05327524	1.261108	1.844877	1.963026
19908	-434.8811	-603.0126	168.1315	0.04429449	1.40969	1.844877	2.440864
19914	-440.2682	-607.8963	167.6281	0.04370078	1.561416	2.041897	2.543728
19920	-440.1011	-609.3493	169.2483	0.09192048	1.864316	1.354512	1.722177
19926	-439.4176	-608.5525	169.1349	0.07398454	1.864316	0.9322372	2.097553
19932	-439.0526	-608.9419	169.8893	0.07488993	1.550478	0.9505297	1.765722
19938	-440.0365	-611.4103	171.3738	0.1483071	0.565864	0.8867409	1.358668
19944	-446.9589	-617.7448	170.7859	0.1330305	0.9540667	1.122343	1.363551
19950	-437.7317	-607.9122	170.1805	0.1330305	1.304141	1.391585	1.355148
19956	-441.7428	-612.8445	171.1017	0.1398582	0.5795798	1.166468	1.350862
19962	-438.5933	-609.5807	170.9874	0.1141705	0.8047694	1.10338	1.350862
19968	-445.784	-616.8209	171.0368	0.1556584	0.9810849	0.8846884	1.313308
19974	-436.741	-607.2974	170.5564	0.1698934	1.162722	1.023949	1.428168
19980	-433.8347	-603.6747	169.84	0.09829657	1.217315	0.6848511	2.175136
19986	-436.9366	-607.9511	171.0145	0.1242788	0.7116758	1.165823	1.342154
19992	-435.4979	-606.3554	170.8575	0.1131379	0.9440294	0.8200403	1.56168
19998	-433.6948	-604.8751	171.1802	0.1276757	0.5840144	0.8200403	1.56168
20004	-442.998	-613.4883	170.4903	0.1315896	1.266353	1.148576	1.332413
20010	-432.1319	-602.2332	170.1013	0.1181665	1.489193	1.337502	1.332413
20016	-442.7892	-613.5634	170.7743	0.1526111	1.147242	1.157158	1.168698
20022	-438.537	-609.0287	170.4917	0.1075483	1.411725	1.003979	1.353948
20028	-438.5501	-609.6288	171.0787	0.1053807	0.692227	1.003979	1.446979
20034	-440.5667	-611.6045	171.0378	0.1696714	0.6756489	0.9824525	1.457011
20040	-435.3324	-605.0054	169.6731	0.06973599	1.018071	0.9244706	2.274342
20046	-431.6885	-600.4721	168.7836	0.06973599	1.018071	0.7828047	2.913806
20052	-438.2357	-607.0829	168.8472	0.06973599	0.9086648	0.8660157	2.891117
20058	-431.7807	-601.8431	170.0624	0.06954458	0.7703002	1.212	1.99232
20064	-432.0829	-601.5345	169.4516	0.06383385	0.8485965	1.212	2.343682
20070	-445.973	-616.5293	170.5563	0.1464553	0.5273762	1.304114	1.679554
20076	-431.1711	-601.8262	170.655	0.0992556	0.7909194	1.02452	1.679554
20082	-440.5412	-611.3511	170.81	0.2251268	1.221598	0.7978647	1.317425
20088	-435.2156	-605.2524	170.0368	1.00298	0.5373368	1.209031	1.497919
20094	-429.6659	-599.7784	170.1126	0.4236181	1.168712	0.8527826	1.690042
20100	-440.4467	-609.8774	169.4307	0.8028801	1.211137	0.818606	1.894665
20106	-434.1801	-599.2462	165.0661	3.211669	0.8933469	0.8904379	3.267283
20112	-435.1536	-600.6333	165.4797	3.770828	0.8653342	0.9319538	2.673767
20118	-436.0414	-603.7742	167.7328	1.348279	1.069813	0.8974446	2.673767
20124	-429.6859	-599.0886	169.4028	0.8503716	0.6647095	1.071481	2.070195
20130	-442.6624	-611.6244	168.962	0.9310259	0.6647095	0.6274025	2.582941
20136	-455.7506	-624.3024	168.5518	1.733011	0.6128976	0.9745477	2.142272
20142	-429.6873	-598.5963	168.909	1.226507	0.6293679	1.37513	1.967043
20148	-423.6343	-592.2119	168.5776	0.9939637	1.285402	1.391387	1.905884
20154	-430.4297	-597.5564	167.1267	1.875021	1.158048	0.9954667	2.608126
20160	-436.2068	-604.6727	168.4658	1.392677	1.095309	1.447415	1.799327
20166	-432.6778	-598.4237	165.7458	4.130279	1.109253	1.258213	1.90733
20172	-437.086	-606.0353	168.9493	1.462775	0.6486551	1.493836	1.683119
20178	-442.3846	-609.9417	167.5572	2.380248	0.9418377	1.429351	1.862937
20184	-459.3084	-628.4455	169.1372	1.043142	0.7531497	1.222934	1.963586
20190	-434.5237	-605.3343	170.8105	0.202141	1.101733	0.770175	1.449603
20196	-426.5709	-597.7542	171.1832	0.1102282	0.6944776	0.8585787	1.472788
20202	-430.4483	-600.8057	170.3575	0.1074869	1.410536	1.192735	1.311257
20208	-435.4445	-606.2469	170.8024	0.1133061	1.056269	1.11715	1.28828
20214	-436.6568	-608.0931	171.4362	0.1133061	0.5532978	0.8856958	1.345171
20220	-434.6084	-605.7799	171.1715	0.13305	0.8204573	0.8723921	1.360941
20226	-443.8743	-614.8284	170.954	0.1431118	0.8431053	0.9695851	1.429554
20232	-454.2842	-625.2897	171.0056	0.1923639	0.6880659	0.952859	1.47817
20238	-463.3321	-634.3872	171.0551	0.2945606	0.6767456	0.6172032	1.621576
20244	-451.9041	-622.6442	170.7401	0.1202099	0.4993074	0.8001794	1.931808
20250	-440.3281	-610.8455	170.5174	0.1115984	0.6489547	0.7708366	2.02966
20256	-454.5129	-625.7827	171.2697	0.1263595	0.4936087	0.6757	1.648649
20262	-444.501	-615.744	171.243	0.1477287	0.4383953	0.6757	1.672387
20268	-437.009	-607.8282	170.8192	0.1349263	0.6303258	0.9113667	1.722951
20274	-441.4797	-611.9824	170.5027	0.09679331	0.9020069	1.008821	1.722951
20280	-440.1052	-611.0193	170.9141	0.1221486	0.5198564	1.30199	1.439216
20286	-442.0214	-612.9078	170.8863	0.1463396	0.7394926	1.30199	1.296983
20292	-434.3944	-605.8175	171.4231	0.1647221	0.4922776	0.8424199	1.381367
20298	-441.4325	-611.7234	170.2909	0.5234176	0.6853818	1.101583	1.652633
20304	-431.0535	-601.6411	170.5876	0.1016047	0.7507472	1.091988	1.705238
20310	-437.1821	-608.3369	171.1548	0.170483	0.7507472	0.887531	1.385634
20316	-443.2201	-614.4379	171.2178	0.2232621	0.4211183	1.011453	1.389973
20322	-432.0651	-603.2232	171.1581	0.1384357	0.722883	1.035467	1.311804
20328	-435.1827	-605.8431	170.6604	0.2056955	0.4074167	1.035467	1.79541
20334	-426.7443	-598.2837	171.5393	0.1648352	0.5473257	1.03232	1.09286
20340	-439.3608	-610.8001	171.4393	0.1248065	0.6007501	1.128153	1.095559
20346	-428.7632	-599.2206	170.4574	0.1171183	0.9926135	1.129532	1.589607
20352	-431.847	-602.2891	170.4421	0.07237897	0.9185867	1.476227	1.430474
20358	-433.5246	-604.1066	170.582	0.0741941	0.9832853	0.9527078	1.665002
20364	-433.0437	-602.253	169.2092	0.06100993	0.8588703	1.188328	2.506644
20370	-436.614	-606.2699	169.6559	0.06100993	0.8588703	1.188328	2.223366
20376	-449.5972	-619.5497	169.9525	0.05959083	0.7949258	1.188328	2.071756
20382	-456.6242	-626.7363	170.1121	0.08257877	1.132818	0.9592761	1.878051
20388	-436.5133	-606.5017	169.9884	0.07039285	0.8143431	0.9667816	2.173755
20394	-439.4878	-609.7327	170.2449	0.07039285	0.7892399	1.03358	1.97685
20400	-435.6755	-606.0309	170.3554	0.07225602	0.9881708	1.047085	1.75636
20406	-434.9798	-606.0215	171.0417	0.121118	0.549007	0.7198702	1.75636
20412	-432.4857	-603.505	171.0193	0.1223201	0.7074768	0.7198702	1.67701
20418	-435.4328	-605.9728	170.54	0.2049111	0.627579	0.7198702	1.998684
20424	-441.3544	-612.0752	170.7208	0.147131	0.7791194	0.7100205	1.828059
20430	-442.6201	-613.7918	171.1718	0.4261076	0.5897236	0.9398854	1.238612
20436	-449.4389	-619.8698	170.431	0.1535909	0.7276335	0.9398854	1.898085
20442	-457.1698	-622.788	165.6182	3.581846	1.012259	1.257595	2.411319
20448	-455.2211	-618.7682	163.5471	4.368237	1.281387	1.233111	3.050227
20454	-447.6482	-613.151	165.5027	3.009383	0.9786493	0.737767	3.168534
20460	-441.2814	-606.8424	165.561	2.814806	0.6045882	0.8741383	3.378182
20466	-443.7962	-609.3397	165.5435	2.275344	1.131578	0.8183225	3.439628
20472	-436.6967	-602.1931	165.4963	2.700396	1.992618	0.8528474	2.717722
20478	-443.4522	-608.9516	165.4994	2.974691	1.610952	0.8627861	2.747894
20484	-436.8713	-599.6471	162.7758	6.148326	1.668579	1.823417	1.806636
20490	-439.125	-604.0866	164.9616	3.787529	1.568308	1.432273	2.243953
20496	-434.1551	-601.2039	167.0488	2.408874	1.241545	1.105083	2.198895
20502	-433.8195	-601.7883	167.9688	1.390063	1.237611	1.444398	2.044055
20508	-428.8983	-596.1221	167.2238	1.754718	1.237611	0.8295358	2.676435
20514	-427.5431	-595.2512	167.7081	1.377684	1.088062	1.073046	2.551047
20520	-428.9389	-597.7899	168.851	1.461002	1.007928	0.8066006	1.985973
20526	-434.2211	-599.5866	165.3655	3.846151	1.007928	1.202047	2.441711
20532	-438.5356	-606.2774	167.7417	1.692608	1.574307	1.145202	1.979405
20538	-448.6244	-616.3181	167.6937	1.868466	1.06928	0.9663135	2.33034
20544	-446.155	-613.0974	166.9424	1.91251	1.191967	0.7425332	2.832546
20550	-439.7548	-604.8805	165.1257	3.887459	2.163705	1.363476	1.76792
20556	-435.6323	-600.2265	164.5942	3.887459	2.37962	1.721905	1.76792
20562	-430.5564	-598.2568	167.7004	1.494251	1.119368	2.081052	1.803643
20568	-432.3607	-600.9417	168.5809	0.7990835	1.428692	2.196615	1.362204
20574	-438.4239	-604.9238	166.4998	2.711901	1.1896	0.9506715	2.485949
20580	-448.5579	-618.0589	169.501	0.6291729	1.381264	0.9901701	1.733503
20586	-443.9587	-614.8795	170.9208	0.1088558	0.8833249	1.192009	1.274987
20592	-454.9512	-625.8089	170.8577	0.1755539	0.8528067	1.080813	1.385387
20598	-449.0592	-618.5941	169.5349	0.4125336	1.526231	0.8299267	1.875954
20604	-452.2513	-622.1497	169.8983	0.5535803	0.9836224	0.9696067	1.79653
20610	-451.3083	-620.9795	169.6712	0.4693924	1.498524	0.7782228	1.79653
20616	-442.5428	-609.867	167.3242	1.428425	1.303494	1.360151	2.447148
20622	-445.539	-613.5992	168.0602	1.26855	1.303494	1.808126	1.774369
20628	-443.0228	-611.1338	168.1109	1.304853	1.489709	1.803252	1.589285
20634	-437.8441	-603.5145	165.6704	3.769761	1.477993	1.803252	1.579518
20640	-436.9798	-605.3826	168.4028	1.74232	1.044176	1.120402	1.862238
20646	-439.4538	-607.798	168.3442	1.234737	1.209385	0.8747524	2.289398
20652	-445.1697	-611.2379	166.0682	1.61037	0.9373597	1.15759	3.436657
20658	-447.3165	-615.189	167.8725	1.401683	0.8006789	0.6608809	2.863457
20664	-435.6712	-603.149	167.4778	1.992655	1.024308	0.9360508	2.435915
20670	-448.2759	-617.9735	169.6976	1.245967	0.4220757	1.04237	1.733568
20676	-444.5174	-610.0601	165.5427	4.18508	0.8885994	1.305686	2.120959
20682	-452.2528	-620.3112	168.0584	1.99158	0.7265153	1.414606	1.939274
20688	-466.0308	-631.7685	165.7376	2.469783	1.604209	0.8016546	2.950462
20694	-446.7321	-617.4367	170.7046	0.1327656	1.033455	0.8312477	1.585626
20700	-440.724	-611.4696	170.7456	0.2155776	0.836505	0.8312477	1.637973
20706	-439.139	-609.6029	170.4639	0.1051951	1.328683	0.896921	1.520349
20712	-440.4236	-611.5187	171.0951	0.1051951	0.6101854	1.266884	1.283268
20718	-447.6639	-617.454	169.7902	0.09509234	1.69763	1.353349	1.431642
20724	-436.9709	-606.5016	169.5307	0.0771973	1.69763	1.204821	1.742967
20730	-445.3241	-615.9243	170.6002	0.0727344	0.5404013	1.235111	1.742967
20736	-440.5778	-610.7808	170.203	0.08882357	0.8856157	0.9890865	1.958967
20742	-434.2668	-605.1339	170.867	0.1928415	0.9047044	0.9721003	1.409286
20748	-433.7087	-604.4036	170.6949	0.144127	1.167335	1.223329	1.17026
20754	-443.9256	-614.1668	170.2412	0.2506217	1.337054	0.984584	1.50653
20760	-439.0136	-609.9029	170.8893	0.120895	0.7652497	0.9810649	1.54341
20766	-446.3719	-616.6331	170.2612	0.2331053	1.531711	0.9181259	1.414787
20772	-442.3244	-612.8985	170.5741	0.09996614	0.5946541	1.091074	1.813634
20778	-439.8455	-610.7722	170.9266	0.1583223	0.6665366	0.8665917	1.639197
20784	-427.2232	-598.5442	171.321	0.1860438	0.6666478	1.027241	1.185895
20790	-427.9597	-598.77	170.8103	0.122321	1.145377	1.027241	1.275359
20796	-425.58	-596.1275	170.5474	0.1838612	1.145377	1.432279	1.099202
20802	-440.4099	-611.0674	170.6575	0.2207149	1.036099	1.141968	1.314931
20808	-434.5351	-605.2313	170.6962	0.286861	0.7274659	1.152869	1.461857
20814	-434.7862	-601.0054	166.2192	2.787692	0.8647862	1.386002	2.54393
20820	-449.8561	-619.6149	169.7589	0.2427155	1.981712	0.9781763	1.439509
20826	-457.7497	-626.6068	168.857	1.350427	1.246401	1.609411	1.310807
20832	-446.3073	-616.9249	170.6177	0.2037768	0.653534	1.574834	1.310807
20838	-429.7611	-600.4584	170.6973	0.1862763	0.7450206	1.554642	1.206427
20844	-431.4133	-602.7293	171.3161	0.1096788	0.4825831	1.113764	1.298687
20850	-432.8573	-604.0847	171.2274	0.1092131	0.6157932	0.9941461	1.388558
20856	-431.176	-601.9161	170.7401	0.1907529	1.099183	0.9288615	1.392256
20862	-435.7524	-606.5127	170.7603	0.1208266	0.4691262	1.101219	1.721975
20868	-437.8766	-608.932	171.0554	0.1288395	0.9237613	0.7111334	1.49894
20874	-429.4354	-600.194	170.7586	0.1102916	0.813084	0.8908992	1.677775
20880	-440.0638	-611.0087	170.9449	0.09889706	0.8796724	0.861653	1.52416
20886	-448.7962	-619.3002	170.504	0.1183061	1.148973	0.8710918	1.62928
20892	-440.6263	-611.1767	170.5505	0.1177718	0.9619909	1.011698	1.62928
20898	-445.3234	-616.032	170.7087	0.1464621	0.5120028	0.7795734	1.943838
20904	-440.2706	-610.9705	170.6999	0.1582841	0.7698257	0.8193488	1.765268
20910	-443.5816	-614.0937	170.5121	0.08401997	0.8694005	0.9841454	1.765268
20916	-436.3558	-606.1656	169.8098	0.08142146	1.288045	1.763452	1.406977
20922	-434.8709	-605.3677	170.4968	0.08142146	0.9068718	1.763452	1.153013
20928	-440.3085	-610.1007	169.7923	0.07419681	1.4538	1.759661	1.303571
20934	-443.648	-614.0953	170.4474	0.1262678	0.7174208	1.759661	1.314863
20940	-439.1866	-610.435	171.2484	0.1358492	0.5588785	1.380511	1.058519
20946	-430.4963	-601.1331	170.6368	0.09958181	0.9561612	1.364801	1.314073
20952	-436.6156	-607.1662	170.5507	0.2288791	1.285997	0.797753	1.467842
20958	-433.2814	-603.9642	170.6829	0.1052857	0.7174577	1.059612	1.680212
20964	-430.0839	-600.9538	170.87	0.08071937	0.5656464	1.311731	1.472014
20970	-429.7477	-599.9543	170.2066	0.07164819	0.6991893	1.167578	1.968891
20976	-441.8739	-611.1213	169.2474	0.07479371	1.428807	0.9860845	2.246427
20982	-443.0043	-613.5625	170.5582	0.07479371	0.7257233	1.469979	1.487999
20988	-434.4381	-604.8731	170.4351	0.07534891	0.8540158	1.10995	1.747874
20994	-432.6098	-602.8778	170.268	0.07534891	1.181715	1.494664	1.344825
21000	-435.7478	-605.8044	170.0567	0.07480794	1.181715	1.20166	1.720445
21006	-446.8645	-616.9235	170.0591	0.1044481	0.8976009	1.057437	1.991138
21012	-439.1173	-609.3687	170.2515	0.1234122	1.133076	0.7321486	1.909774
21018	-459.5097	-630.7574	171.2476	0.1445683	0.5818318	0.6930028	1.594239
21024	-454.7629	-625.4386	170.6758	0.2021408	0.6237065	0.8662886	1.811455
21030	-437.5649	-608.8973	171.3324	0.1699861	0.6237065	0.6527618	1.517415
21036	-449.4862	-620.0494	170.5632	0.1188087	0.6574545	0.635409	2.079156
21042	-450.5932	-620.648	170.0548	0.1114122	1.179817	0.9112207	1.898448
21048	-456.5645	-626.2596	169.6951	0.1114122	1.271661	0.9112207	2.078546
21054	-444.5884	-614.8431	170.2547	0.07490083	0.9429172	0.8636674	1.979493
21060	-441.7568	-611.7515	169.9947	0.06375503	0.6365658	0.7763271	2.401694
21066	-428.863	-598.3881	169.5251	0.07347525	1.256587	0.8947904	2.234189
21072	-425.6216	-595.5631	169.9414	0.07347525	1.069102	0.8880872	2.088344
21078	-433.6953	-603.5539	169.8586	0.07347525	1.199084	1.230455	1.827285
21084	-443.3392	-613.3563	170.017	0.08239622	1.054443	0.9960575	1.970313
21090	-439.0415	-609.1133	170.0719	0.08239622	0.9341946	1.061408	1.970313
21096	-453.3384	-623.3375	169.9992	0.269131	0.9897962	0.6914017	2.103148
21102	-446.9166	-617.4122	170.4956	0.1765905	1.143816	0.9159354	1.564027
21108	-442.4438	-613.1831	170.7392	0.1505365	0.8874002	0.954109	1.564027
21114	-444.4466	-615.3258	170.8792	0.1494219	0.5780957	1.042671	1.606501
21120	-444.7692	-615.8665	171.0973	0.1125935	0.6099006	0.816175	1.620633
21126	-447.1963	-618.232	171.0356	0.1279025	0.7823354	0.816175	1.539823
21132	-440.7233	-611.8979	171.1746	0.1849824	0.665804	0.7288531	1.539823
21138	-440.7705	-611.5352	170.7648	0.1404177	0.7476527	1.078221	1.561579
21144	-445.5078	-616.329	170.8212	0.1996796	1.263447	1.045216	1.081873
21150	-434.9573	-605.5015	170.5441	0.1275118	1.059888	1.808786	0.8614613
21156	-425.37	-596.126	170.756	0.1275118	1.121338	1.216131	1.17747
21162	-431.0519	-601.8065	170.7546	0.1235172	1.043084	1.211207	1.252576
21168	-443.6555	-614.6942	171.0388	0.1294619	0.6852383	1.219403	1.294815
21174	-437.4426	-608.1738	170.7312	0.2221755	1.160599	1.116586	1.16948
21180	-442.2772	-612.7205	170.4434	0.2205891	1.173182	1.030546	1.462888
21186	-436.1307	-606.5245	170.3938	0.1147331	1.0091	0.9051469	1.784286
21192	-444.7802	-616.0608	171.2805	0.1147331	0.6137723	0.8957184	1.420776
21198	-432.5169	-603.2338	170.7169	0.1550997	1.014769	1.371786	1.144306
21204	-435.1319	-605.926	170.7941	0.108789	0.9447468	1.118314	1.386601
21210	-428.7941	-599.1283	170.3342	0.4578111	0.8901485	1.280971	1.38863
21216	-434.2526	-604.6973	170.4448	0.8289062	0.648075	1.201915	1.249663
21222	-428.2547	-598.9135	170.6588	0.1218504	0.8269724	1.340818	1.399455
21228	-429.2894	-600.2466	170.9571	0.1134852	1.014162	1.042745	1.256632
21234	-430.7459	-601.4093	170.6634	0.1381339	1.281225	1.046212	1.25764
21240	-429.403	-600.578	171.175	0.1758902	0.6895542	0.8810587	1.415128
21246	-438.7478	-609.9967	171.2489	0.1179028	0.7973988	1.194364	1.050675
21252	-435.295	-605.7284	170.4334	0.07851026	1.125738	1.224389	1.466883
21258	-435.2838	-605.2516	169.9678	0.07667105	1.029285	1.335496	1.793709
21264	-435.0738	-605.1232	170.0494	0.07667105	1.093157	1.042917	1.894685
21270	-438.1559	-609.0108	170.8549	0.1023312	0.8579913	1.098608	1.426629
21276	-435.4534	-606.6872	171.2338	0.1579067	0.6562734	1.030381	1.287843
21282	-437.3754	-607.8807	170.5053	0.1790334	1.189888	0.8581192	1.564121
21288	-445.7618	-616.7899	171.0281	0.2317969	0.4705513	1.19766	1.369456
21294	-433.7961	-604.8226	171.0265	0.1196483	0.4705513	0.8207012	1.732322
21300	-429.8005	-600.7177	170.9171	0.08415134	1.089808	0.8207012	1.428717
21306	-435.2606	-605.5815	170.3209	0.08415134	1.089808	1.110476	1.65566
21312	-430.7754	-601.3336	170.5583	0.08761336	0.8663818	1.505731	1.345212
21318	-446.7938	-616.5905	169.7967	0.07170233	0.9807208	1.235859	2.01367
21324	-439.8021	-610.3796	170.5775	0.07170233	0.6677495	1.235859	1.685954
21330	-441.646	-611.5552	169.9092	0.07170233	1.286754	1.235859	1.729872
21336	-448.7155	-619.8504	171.1349	0.1224362	0.6709476	1.105584	1.325236
21342	-440.9537	-611.4775	170.5238	0.1820031	1.09843	1.287016	1.286645
21348	-449.8615	-621.1491	171.2877	0.2781595	0.346621	1.148287	1.181722
21354	-446.6017	-617.7673	171.1655	0.07926014	0.5648961	1.357582	1.200261
21360	-426.534	-597.5002	170.9662	0.1876355	0.5648961	0.9346692	1.601356
21366	-428.9327	-599.8764	170.9437	0.1328405	0.5648961	0.9346692	1.657122
21372	-440.1965	-611.5177	171.3212	0.1587469	0.6137745	0.9997143	1.270543
21378	-441.9813	-612.8077	170.8264	0.1260098	0.9997423	1.033298	1.37136
21384	-444.6762	-615.3607	170.6845	0.122903	0.7942351	0.9472339	1.694468
21390	-455.4248	-625.8015	170.3767	0.1156677	1.279093	1.120144	1.446132
21396	-460.082	-630.6732	170.5913	0.1552886	1.03315	0.9497115	1.565599
21402	-431.0147	-602.042	171.0273	0.1148223	0.7252794	0.9781575	1.475282
21408	-455.6727	-626.5856	170.9129	0.2600345	0.6772689	1.031373	1.444923
21414	-443.8306	-614.3536	170.523	0.1753204	1.405907	0.6048286	1.585785
21420	-438.5266	-608.6973	170.1706	0.1360309	1.020841	0.6105668	2.110623
21426	-443.385	-613.9725	170.5875	0.1360309	0.6877947	0.6298609	2.037433
21432	-434.5538	-604.9192	170.3654	0.09286737	0.9984127	0.8111719	1.890706
21438	-437.4675	-607.7009	170.2334	0.07822027	0.7456503	1.049945	1.996219
21444	-441.0081	-610.9393	169.9312	0.115693	1.463199	1.562836	1.309653
21450	-447.9177	-618.2377	170.32	0.115693	1.214929	1.386775	1.331103
21456	-446.9431	-617.092	170.1489	0.07532959	1.176693	1.635938	1.331103
21462	-433.2048	-602.4639	169.2591	0.06085956	0.8850429	1.46289	2.285322
21468	-441.7729	-611.9536	170.1807	0.06927629	0.895217	1.129704	1.885802
21474	-439.2775	-609.131	169.8535	0.06927629	1.290459	1.232721	1.770247
21480	-442.9488	-612.4395	169.4907	0.06178193	1.109659	1.254352	2.124849
21486	-446.5827	-615.4782	168.8955	0.06178193	1.109659	1.228449	2.520869
21492	-450.6359	-619.4237	168.7878	0.0587367	0.8481144	0.869719	2.967509
21498	-446.0556	-615.0014	168.9457	0.05720492	1.143891	0.8079196	2.731411
21504	-454.1321	-623.3157	169.1835	0.06268739	0.9568539	0.9033832	2.637926
21510	-446.3673	-615.5201	169.1528	0.06217879	1.274646	1.202472	2.27164
21516	-439.1014	-609.3113	170.2098	0.07790158	0.6801845	0.8849926	2.160559
21522	-435.3229	-604.2309	168.908	0.06953028	1.311401	0.9006983	2.588733
21528	-438.3148	-608.4052	170.0904	0.06953028	0.6538408	0.988255	2.191771
21534	-434.7543	-604.6804	169.9261	0.07430205	0.9284609	1.158571	2.011967
21540	-436.915	-607.1277	170.2127	0.07150435	0.9378928	1.255668	1.745889
21546	-431.6681	-602.436	170.7679	0.0793138	0.9378928	1.205664	1.367121
21552	-428.0425	-599.2164	171.1739	0.1068201	0.6843537	1.069243	1.325881
21558	-425.6682	-596.6259	170.9576	0.1599442	0.7941009	1.052706	1.386357
21564	-439.5506	-610.8672	171.3167	0.1735032	0.5299769	1.492894	0.8501484
21570	-438.9411	-609.9068	170.9657	0.1462452	0.3982885	1.55929	1.217308
21576	-438.8188	-608.8139	169.9951	0.4408413	1.133471	0.7557755	1.851807
21582	-442.5427	-612.8123	170.2696	0.5717099	0.5606316	0.785599	1.926068
21588	-447.4541	-617.0886	169.6345	0.5195261	0.6691624	1.072371	2.132015
21594	-439.3737	-609.2784	169.9047	0.08957951	1.010116	0.7809671	2.210003
21600	-430.1795	-600.9589	170.7794	0.1459145	0.8881049	0.7198774	1.706654
21606	-433.2754	-603.8253	170.5499	0.1359316	0.9650854	1.579456	1.169109
21612	-449.2029	-620.47	171.2671	0.106563	0.6468416	1.368409	1.010955
21618	-446.3343	-616.8218	170.4875	0.09252216	1.033944	1.23735	1.474802
21624	-439.0946	-609.3947	170.3001	0.1245352	1.440347	0.9540864	1.505709
21630	-438.6613	-609.516	170.8547	0.1297952	0.6187158	0.9461704	1.683824
21636	-455.4393	-625.7857	170.3463	0.1034589	1.045899	1.137555	1.635537
21642	-451.175	-621.8736	170.6986	0.08356761	0.7200824	1.032569	1.701888
21648	-437.8495	-607.6963	169.8468	0.06586972	0.8074849	1.351228	2.021673
21654	-436.7716	-605.8535	169.082	0.06586972	1.359065	1.026278	2.374602
21660	-436.7477	-606.3483	169.6006	0.06586972	1.098024	1.026278	2.206581
21666	-443.0291	-612.7951	169.7659	0.06586972	1.109629	0.8494042	2.206581
21672	-445.0545	-615.0242	169.9698	0.2235004	1.354434	0.9491693	1.736044
21678	-435.725	-606.6089	170.8839	0.0795338	0.5305719	1.140927	1.607938
21684	-444.3698	-615.1296	170.7598	0.1074823	0.7692072	1.032094	1.607938
21690	-434.0363	-604.4282	170.3919	0.1197961	1.112741	0.6265863	1.902275
21696	-430.2863	-601.0562	170.7699	0.1641467	0.7348407	0.577423	1.902275
21702	-427.4432	-598.1949	170.7517	0.1323133	1.106872	0.8730425	1.465341
21708	-432.2835	-603.436	171.1525	0.1323133	0.6988372	0.8730425	1.465341
21714	-441.8788	-612.7066	170.8278	0.1323133	0.86719	1.069412	1.439877
21720	-435.821	-606.7176	170.8965	0.09253422	0.9463551	0.9474993	1.450741
21726	-434.5887	-604.8861	170.2975	0.09924714	0.9463551	0.7890479	1.982208
21732	-433.1619	-604.2386	171.0766	0.1912244	0.7699263	1.056936	1.281388
21738	-447.4809	-618.5761	171.0952	0.1479296	0.7638683	0.9916102	1.358517
21744	-446.8505	-617.9709	171.1204	0.1479296	0.7601502	0.9001705	1.413138
21750	-441.6161	-612.5018	170.8857	0.1303837	0.7376595	0.9084156	1.611515
21756	-450.3778	-620.9678	170.5901	0.1052916	0.923717	0.9084156	1.710894
21762	-449.3238	-619.92	170.5962	0.3031405	0.7062331	0.9155723	1.710894
21768	-456.1095	-626.6724	170.5629	0.1883536	0.7537904	0.6970235	1.932872
21774	-448.243	-618.7354	170.4925	0.1119542	0.5926071	0.535087	2.230769
21780	-444.3745	-613.1617	168.7872	0.3548728	1.518669	0.7828313	2.436406
21786	-440.0743	-611.1086	171.0343	0.1599261	0.5792138	0.6823323	1.744676
21792	-434.7003	-605.6873	170.987	0.1171919	0.7367287	0.7200288	1.6841
21798	-448.8413	-618.8645	170.0232	0.1171919	0.5320165	0.7450019	2.421708
21804	-450.7976	-621.0632	170.2657	0.09330216	0.6452766	0.7450019	2.22516
21810	-448.5089	-619.288	170.7791	0.1073357	1.057423	0.8543606	1.514658
21816	-455.454	-626.2841	170.8301	0.1073357	0.7888188	0.86709	1.662694
21822	-463.6101	-633.9933	170.3832	0.1143961	1.237452	0.8620285	1.662694
21828	-461.7752	-632.4623	170.6871	0.09442799	0.5376683	0.9648817	1.856261
21834	-438.6638	-609.3329	170.6691	0.09668649	0.8346756	1.244268	1.479048
21840	-450.4592	-620.7537	170.2944	0.1507851	1.395248	1.011876	1.479048
21846	-435.2592	-606.2493	170.9901	0.1315316	0.7658783	1.215571	1.274361
21852	-440.0998	-611.0296	170.9298	0.09735195	0.8848475	1.308443	1.177517
21858	-443.0413	-613.8599	170.8186	0.09735195	0.6715208	1.208251	1.509351
21864	-452.4474	-622.7864	170.3389	0.107043	1.20453	1.208251	1.469981
21870	-434.6153	-605.2107	170.5954	0.1409095	0.5954521	1.114872	1.753354
21876	-434.6669	-605.3984	170.7315	0.08550799	0.7202916	1.088685	1.636836
21882	-446.256	-616.8406	170.5847	0.2726632	0.9564177	0.9795588	1.518319
21888	-441.95	-612.3388	170.3888	0.1154484	0.6837111	0.7886347	2.079865
21894	-462.4971	-633.0425	170.5454	0.236731	0.5208988	1.064139	1.795405
21900	-452.5786	-623.2441	170.6655	0.1746041	0.9721961	0.8092463	1.643951
21906	-436.75	-607.4983	170.7483	0.2130073	0.8989525	0.7610897	1.643951
21912	-433.082	-603.9216	170.8396	0.1251358	0.9741769	1.221298	1.229285
21918	-430.796	-601.6428	170.8468	0.1216787	0.9148719	1.221298	1.275428
21924	-441.3192	-612.4667	171.1475	0.1313525	0.5123805	1.335289	1.221805
21930	-437.8665	-608.3625	170.496	0.3272288	0.6925638	1.427729	1.398247
21936	-447.9729	-616.3249	168.352	1.243889	1.534807	1.427729	1.69944
21942	-449.1246	-617.4875	168.3629	1.297161	1.139751	1.243146	2.041788
21948	-455.2167	-619.7443	164.5276	4.423264	1.330043	0.8714412	2.612197
21954	-443.7268	-609.0054	165.2787	3.571444	0.7963824	1.220619	2.783541
21960	-451.6884	-619.938	168.2496	1.543999	1.291858	1.474057	1.690387
21966	-447.4607	-615.6274	168.1667	1.224975	1.199468	0.7261992	2.507729
21972	-453.2867	-624.4726	171.1859	0.221886	0.9089145	1.022643	1.070477
21978	-447.7869	-618.7082	170.9213	0.3413265	1.042522	0.707768	1.349646
21984	-435.9133	-605.9993	170.086	0.08056435	1.109767	1.301003	1.675758
21990	-432.5324	-603.7997	171.2673	0.1259028	0.5258737	1.10793	1.307866
21996	-438.6276	-609.4813	170.8536	0.1774539	0.5645987	0.6363341	1.89663
22002	-433.5289	-603.4553	169.9264	0.1973951	0.8171381	0.5813297	2.377419
22008	-435.8455	-606.7081	170.8626	0.09602705	0.8171381	0.8992828	1.604367
22014	-432.6083	-603.5308	170.9225	0.1852083	0.4416405	1.019085	1.628147
22020	-434.1848	-605.5111	171.3262	0.1747669	0.6231592	0.9320565	1.30224
22026	-433.0248	-603.8402	170.8154	0.1576316	1.194273	0.7116853	1.454464
22032	-442.3219	-613.7102	171.3883	0.246375	0.6331416	0.7394342	1.3428
22038	-438.7259	-609.5647	170.8389	0.1775822	0.8222344	0.7394342	1.674184
22044	-432.9203	-603.9703	171.05	0.179529	0.4373963	0.7394342	1.741633
22050	-452.2432	-623.2309	170.9876	0.08368889	0.558938	1.165429	1.495168
22056	-445.3942	-615.4845	170.0903	0.09488159	0.863914	1.075683	1.986771
22062	-431.6107	-601.9956	170.3849	0.09182714	1.010777	1.201464	1.595193
22068	-425.2109	-595.5376	170.3267	0.2415974	1.001853	0.854481	1.783008
22074	-435.3299	-605.7547	170.4248	0.1531868	0.7190548	0.8152253	1.991825
22080	-435.4043	-605.8487	170.4445	0.1174098	0.7190548	0.7795151	2.026295
22086	-445.6032	-615.4366	169.8334	0.1099573	1.054047	0.6224838	2.316182
22092	-435.8412	-606.9575	171.1163	0.1253625	0.4205792	1.004452	1.546717
22098	-443.0548	-613.8749	170.8202	0.2339766	0.7918062	1.279105	1.256999
22104	-440.9407	-612.1895	171.2488	0.1426097	0.4114135	1.189134	1.290135
22110	-444.8532	-615.9362	171.083	0.1001662	0.5135362	1.078823	1.500134
22116	-441.8999	-612.8466	170.9468	0.1339513	0.7021785	1.005279	1.51711
22122	-454.8583	-624.9289	170.0706	0.08329554	1.087477	1.005279	1.905197
22128	-436.7208	-607.1292	170.4084	0.1369194	0.7916679	0.8556483	1.940287
22134	-428.1209	-598.8675	170.7466	0.1015816	0.9479167	1.063874	1.468221
22140	-434.3338	-605.746	171.4121	0.1581846	0.4917894	1.063874	1.215645
22146	-437.9435	-608.8986	170.9551	0.1581846	0.7172667	1.159799	1.363023
22152	-441.4699	-611.8936	170.4237	0.3154272	0.7638114	1.10026	1.654937
22158	-440.9628	-612.0665	171.1036	0.2355865	0.7254228	0.5956956	1.612268
22164	-447.703	-618.9199	171.2169	0.2523152	0.6783372	0.7542387	1.429474
22170	-437.0858	-608.1019	171.0161	0.1157719	0.4723243	1.127718	1.520165
22176	-440.2443	-611.3183	171.074	0.1255433	0.567397	0.9140589	1.581673
22182	-425.382	-596.6515	171.2695	0.1231749	0.7524057	0.87585	1.340441
22188	-427.322	-598.1387	170.8167	0.242079	0.7524057	0.8868992	1.585954
22194	-428.21	-599.2227	171.0127	0.2509914	0.9157357	0.8868992	1.306702
22200	-435.9411	-606.5933	170.6522	0.1092844	0.9952965	0.951829	1.580851
22206	-429.1657	-600.0117	170.846	0.1092844	0.6953044	1.010496	1.610131
22212	-439.7196	-610.9256	171.206	0.2221231	0.4820344	0.8867247	1.474714
22218	-433.8604	-604.8	170.9395	0.1410395	0.5423653	0.8723232	1.710434
22224	-436.939	-607.8154	170.8764	0.1435568	0.6877978	0.8723232	1.667964
22230	-443.2126	-614.3304	171.1178	0.1435568	0.6499517	0.8751214	1.514462
22236	-451.5193	-621.9272	170.4079	0.2780626	1.113431	0.8751214	1.605878
22242	-446.1265	-617.2586	171.1321	0.1325206	0.8093322	0.860457	1.410001
22248	-451.7081	-621.3912	169.6831	0.2152288	2.035515	1.074274	1.410001
22254	-438.1274	-608.5564	170.429	0.1270959	1.531756	1.309457	1.029018
22260	-441.2406	-610.6338	169.3931	0.09769858	2.53027	1.556252	1.006038
22266	-441.367	-610.8757	169.5087	0.7216324	1.167034	0.9118995	1.862924
22272	-437.2322	-608.0915	170.8593	0.1296375	0.7982354	1.138429	1.416607
22278	-447.7578	-618.4493	170.6916	0.09502241	1.002386	1.138429	1.416607
22284	-445.4863	-616.3722	170.8859	0.1354032	0.6890579	1.130282	1.47687
22290	-435.6943	-606.7526	171.0583	0.1242181	0.5835279	1.350491	1.246754
22296	-433.382	-603.443	170.061	0.09211837	1.816579	1.350491	1.126255
22302	-444.5641	-613.6483	169.0842	0.0630892	1.816579	1.43847	1.827087
22308	-432.7584	-603.413	170.6546	0.06191471	0.6269891	1.099997	1.759308
22314	-436.9539	-607.3746	170.4207	0.08006212	0.9730609	1.089461	1.685609
22320	-437.9548	-608.3648	170.41	0.08006212	0.9704425	1.108809	1.681318
22326	-439.8173	-609.9754	170.1581	0.07425989	0.9826548	1.354304	1.681318
22332	-434.4566	-604.3808	169.9242	0.7281301	0.7773008	1.137157	1.681318
22338	-445.0158	-615.7238	170.7079	0.35777	1.065009	0.6504342	1.527424
22344	-450.4545	-620.4296	169.9751	0.2121064	1.881952	0.8840225	1.435026
22350	-453.3184	-624.3972	171.0788	0.2494877	0.7921597	1.017567	1.246232
22356	-445.9148	-615.9811	170.0663	0.1331819	1.671575	1.138821	1.372483
22362	-450.7762	-621.1954	170.4192	0.08705471	0.9876852	1.574568	1.305
22368	-440.7773	-610.9362	170.1589	0.08813875	1.231991	1.233926	1.578826
22374	-444.6713	-615.0433	170.3721	0.08813875	1.205614	1.284539	1.399679
22380	-451.6963	-622.1438	170.4475	0.08813875	1.070467	1.244918	1.475036
22386	-451.3869	-622.2123	170.8254	0.1171446	0.9333415	1.101139	1.37791
22392	-441.4355	-611.2326	169.7971	0.1083934	2.007791	1.245663	1.286613
22398	-448.7849	-618.7505	169.9655	0.07221069	1.122562	1.245663	1.796131
22404	-447.9278	-618.686	170.7582	0.1583184	0.716248	0.8868445	1.712487
22410	-457.5279	-625.8177	168.2898	1.368008	0.312718	1.229609	2.454887
22416	-433.4573	-603.3877	169.9304	0.6552923	0.8741557	1.347625	1.507455
22422	-453.1093	-621.9207	168.8114	1.229925	1.317751	0.8100767	1.959942
22428	-438.0841	-607.6815	169.5975	0.8752977	1.072442	1.12928	1.60576
22434	-446.6565	-615.4008	168.7443	1.689382	0.5891486	1.054382	2.004352
22440	-448.4095	-615.9987	167.5892	2.174783	0.8977405	0.7557194	2.444205
22446	-444.8572	-612.4886	167.6314	2.126559	0.5149763	0.6747416	2.710012
22452	-465.2375	-633.5955	168.358	1.864021	0.5275421	1.231462	2.057765
22458	-454.731	-625.8773	171.1463	0.2038911	0.4246284	0.9502709	1.505321
22464	-442.6646	-613.1975	170.5329	0.3423122	0.8776597	1.237498	1.367171
22470	-436.1474	-607.0772	170.9298	0.1385939	0.8722492	0.9282981	1.461079
22476	-437.3489	-608.4361	171.0872	0.1884662	0.7241064	0.864418	1.461079
22482	-436.1064	-607.3193	171.2129	0.2925703	0.3888589	0.9110415	1.423809
22488	-438.608	-608.7628	170.1549	0.2351321	0.9923964	1.579482	1.389809
22494	-428.4612	-599.6664	171.2052	0.1630753	0.7553917	0.9107943	1.329668
22500	-433.7671	-604.857	171.0899	0.12763	0.7362981	0.7453431	1.584492
22506	-448.3187	-618.5977	170.279	0.4216045	0.7362981	0.7453431	1.945618
22512	-444.363	-614.6497	170.2866	0.4160879	0.6812299	0.615658	2.064532
22518	-440.0655	-610.3368	170.2713	0.3427986	0.7803272	1.034139	1.77859
22524	-453.1972	-620.5635	167.3663	1.672937	0.8503014	0.6900902	2.958329
22530	-453.4035	-618.002	164.5985	3.627845	1.327277	0.9699672	2.994861
22536	-453.4638	-619.8711	166.4073	2.747077	1.398074	1.211814	2.228007
22542	-438.0623	-605.1024	167.0401	2.051365	0.6251918	0.99476	2.869892
22548	-449.085	-614.238	165.153	3.921174	0.9336103	1.320087	2.500415
22554	-445.7583	-612.9821	167.2238	2.433768	0.6762316	1.671142	2.060691
22560	-447.6926	-614.3455	166.6529	3.046174	0.6389599	1.723905	2.020042
22566	-445.5217	-612.6489	167.1272	2.319699	0.9499519	1.106322	2.390271
22572	-441.835	-609.578	167.743	2.578278	0.6924413	0.9341356	2.099259
22578	-429.5267	-598.0543	168.5276	1.352839	1.181246	0.999967	2.029679
22584	-446.5922	-615.565	168.9728	1.37574	0.8201113	0.9822764	1.968774
22590	-454.465	-624.2058	169.7408	0.2350997	1.505369	0.5350004	2.067534
22596	-449.925	-620.5685	170.6434	0.114504	0.9614724	0.9133877	1.635851
22602	-460.28	-631.1065	170.8265	0.1481511	1.014544	0.6943555	1.599094
22608	-455.8104	-626.1025	170.2921	0.1055705	1.025975	0.726517	1.970159
22614	-443.2079	-613.4228	170.2149	0.1075043	1.099117	0.7287545	1.970159
22620	-447.1437	-617.6084	170.4647	0.1067447	0.8460912	0.7318684	1.970159
22626	-451.4368	-621.4503	170.0135	0.1533484	1.564443	1.277683	1.366005
22632	-440.6289	-611.0864	170.4575	0.09616289	1.070891	1.083191	1.581539
22638	-439.4752	-609.9556	170.4804	0.2303376	0.8829803	1.434611	1.337141
22644	-441.0566	-611.5831	170.5265	0.1530865	1.126358	0.7723353	1.675153
22650	-441.6667	-612.1968	170.5301	0.345841	1.015815	0.8750006	1.538032
22656	-446.5265	-615.6977	169.1713	0.5169442	1.4913	1.138668	1.864468
22662	-445.6298	-616.7182	171.0885	0.1112082	0.8405566	1.039857	1.294942
22668	-446.4171	-616.783	170.3659	0.1572581	1.130614	1.039857	1.592017
22674	-436.9956	-606.8199	169.8244	0.08101036	1.073506	1.193716	1.955134
22680	-442.662	-613.0572	170.3952	0.1080106	0.8849494	0.8002373	1.944243
22686	-434.5844	-604.7846	170.2002	0.1027902	0.8849494	0.8002373	2.077494
22692	-438.0147	-608.5364	170.5217	0.08043541	0.8849494	0.9580388	1.768535
22698	-429.4072	-599.7541	170.3469	0.08043541	1.224377	1.062682	1.577655
22704	-443.5746	-613.5754	170.0008	0.07569267	1.267899	1.370988	1.577655
22710	-441.7278	-612.9628	171.235	0.0910203	0.730607	1.074282	1.249827
22716	-438.4249	-609.3057	170.8808	0.1211088	0.7739441	0.9646868	1.555462
22722	-432.3296	-603.4813	171.1517	0.211752	0.879651	0.8386114	1.29405
22728	-444.6691	-615.0368	170.3677	0.09973888	1.481751	0.8051485	1.555542
22734	-438.452	-608.6401	170.1881	0.2426665	1.639873	0.8114787	1.468788
22740	-428.5639	-599.4158	170.8519	0.1217638	1.098896	0.990226	1.309776
22746	-426.8806	-597.5766	170.696	0.1603546	1.098896	0.8349211	1.520736
22752	-440.3138	-611.157	170.8431	0.1230766	1.063204	0.9083632	1.408608
22758	-438.4878	-609.4047	170.917	0.1547051	0.841991	0.8406109	1.546686
22764	-453.5365	-624.0078	170.4713	0.1126503	1.091641	1.063173	1.558802
22770	-444.0695	-614.2943	170.2248	0.1308391	1.36798	1.020616	1.558802
22776	-444.3224	-615.1627	170.8403	0.1433842	0.9009421	1.020616	1.433529
22782	-435.944	-607.1058	171.1619	0.1552753	0.7676855	1.020616	1.27251
22788	-433.4415	-603.7685	170.327	0.1552753	1.376768	1.278058	1.25354
22794	-432.1708	-602.6927	170.5219	0.1144918	1.329513	1.19468	1.232455
22800	-435.3	-605.8758	170.5758	0.2789304	0.9378911	1.19468	1.369867
22806	-444.3456	-614.5589	170.2133	0.1175312	1.863309	1.011641	1.23075
22812	-446.901	-617.6481	170.747	0.1784587	0.939731	1.296659	1.227857
22818	-443.0341	-613.8824	170.8484	0.2071319	1.04129	1.33203	0.9833894
22824	-424.4098	-595.5062	171.0963	0.1149282	0.7390383	0.7854664	1.55777
22830	-438.1795	-607.1593	168.9798	0.06302386	0.9549894	0.9124761	2.758333
22836	-446.6135	-616.7976	170.1841	0.1283105	0.9549894	0.9124761	1.950186
22842	-445.9882	-616.9338	170.9456	0.09991208	0.7130589	1.115511	1.452981
22848	-445.0665	-615.5578	170.4913	0.1053832	1.236755	0.9072498	1.558567
22854	-437.0039	-607.9691	170.9652	0.1053832	0.722977	0.7723331	1.679979
22860	-435.2908	-606.1022	170.8114	0.1457484	0.8753969	0.7381569	1.680018
22866	-439.3875	-609.3474	169.9599	0.2482439	0.7857094	0.5153618	2.385099
22872	-432.673	-602.4476	169.7746	0.3350479	1.463123	0.5607791	1.988033
22878	-439.2924	-610.4846	171.1922	0.1330964	0.723675	0.9512772	1.355512
22884	-432.9051	-603.5462	170.6411	0.1371584	0.6297688	0.9421516	1.824321
22890	-430.1476	-600.7602	170.6126	0.1506581	1.317428	0.8497141	1.417202
22896	-431.3094	-601.8976	170.5882	0.1297009	1.289283	0.7280301	1.563454
22902	-435.7485	-605.8989	170.1504	0.0974389	0.7221953	0.730399	2.261245
22908	-432.8908	-602.9717	170.081	0.2183924	1.05325	0.730399	2.014986
22914	-428.4817	-598.8152	170.3336	0.1165949	0.9721875	0.6606197	2.014986
22920	-442.5796	-612.752	170.1724	0.1535312	0.9721875	0.6606197	2.097043
22926	-435.0647	-605.6823	170.6175	0.1190625	0.9721875	0.7588808	1.753012
22932	-438.1755	-607.9904	169.8148	0.07603219	1.406654	0.9526575	1.907618
22938	-435.1997	-605.1744	169.9748	0.1021625	1.260212	1.085661	1.785802
22944	-428.5094	-599.0309	170.5215	0.1066015	0.7745946	0.7259974	1.982789
22950	-425.8733	-596.5543	170.681	0.08489203	0.9206096	1.092077	1.529194
22956	-436.352	-607.4259	171.0739	0.1143847	0.8976079	0.9592813	1.323717
22962	-444.3989	-615.1874	170.7885	0.1597788	0.8953003	0.9962925	1.48323
22968	-448.7126	-618.968	170.2554	0.3499536	0.6191635	1.321173	1.686453
22974	-431.066	-602.0208	170.9548	0.1580457	0.6191635	0.9593083	1.581537
22980	-437.5206	-608.6547	171.1341	0.1447171	0.7540112	0.8951678	1.413441
22986	-440.7533	-611.3195	170.5662	0.1711116	0.7495888	0.711172	1.935471
22992	-434.2766	-604.398	170.1213	0.2858998	0.9886739	0.7140857	1.996995
22998	-442.7922	-612.7667	169.9745	0.3486349	1.194974	0.8797265	1.802264
23004	-442.9488	-613.7382	170.7894	0.2787806	0.8856482	0.915403	1.460948
23010	-442.526	-612.3641	169.8381	0.08011637	1.372256	1.239208	1.713442
23016	-442.5734	-612.9572	170.3838	0.09670522	1.416707	1.239208	1.255674
23022	-431.9574	-603.1189	171.1615	0.1258096	0.8417627	1.014004	1.242956
23028	-434.0829	-604.9023	170.8194	0.109807	0.7755445	1.284549	1.36628
23034	-439.3193	-609.7482	170.4289	0.0888868	1.138058	1.269752	1.418281
23040	-439.1331	-609.8552	170.7221	0.2027939	1.005955	0.9944199	1.418281
23046	-438.0617	-609.153	171.0913	0.1636211	0.6044958	1.134824	1.349525
23052	-436.4894	-606.1238	169.6344	0.10401	2.188513	1.091171	1.422718
23058	-432.0798	-602.654	170.5742	0.0824046	0.8017518	1.929524	1.022515
23064	-437.7401	-608.8256	171.0855	0.1166653	1.012361	0.9834784	1.197178
23070	-434.1431	-605.4987	171.3556	0.1506534	0.578349	1.017589	1.257754
23076	-432.1994	-603.0274	170.8279	0.1426663	1.057451	0.9049864	1.412266
23082	-429.5732	-600.6964	171.1232	0.1209791	0.8076616	0.9693904	1.341748
23088	-436.3579	-607.2061	170.8482	0.1001114	0.8392508	1.109331	1.439404
23094	-441.8611	-612.839	170.9779	0.140078	0.6580355	1.203627	1.367213
23100	-435.6661	-606.816	171.1499	0.0984901	0.5172903	1.00101	1.507739
23106	-431.7314	-602.5551	170.8238	0.2354427	0.8959284	0.8147762	1.535542
23112	-444.2331	-615.2361	171.003	0.233745	0.585944	0.7939566	1.631336
23118	-445.6217	-616.4152	170.7935	0.1303005	0.7912863	0.765905	1.742236
23124	-440.2955	-611.1135	170.8179	0.1423596	0.8318141	0.5985007	1.805907
23130	-436.2761	-607.5808	171.3047	0.1423596	0.6377892	0.8211532	1.422629
23136	-432.7277	-603.9252	171.1975	0.1107513	0.6233997	0.9120437	1.468641
23142	-433.8928	-604.9428	171.05	0.1164262	0.6967661	0.9120437	1.5264
23148	-436.0243	-607.2924	171.2681	0.1963033	0.6508205	0.9120437	1.328704
23154	-434.0537	-604.1242	170.0705	0.5288991	0.7017318	0.9478418	1.898946
23160	-440.1931	-610.7788	170.5858	0.3445071	0.8529144	0.7679234	1.693781
23166	-440.7586	-611.1146	170.356	0.113396	0.7765738	0.6982883	2.104938
23172	-449.6707	-619.7589	170.0882	0.07658643	0.7898209	0.6242856	2.340997
23178	-453.1147	-622.6483	169.5336	0.07658643	1.456666	0.9292329	2.07894
23184	-445.8389	-614.2786	168.4397	0.05893957	1.312606	0.9292329	2.863831
23190	-442.3034	-610.6509	168.3475	0.05079492	0.9940306	0.9742984	3.086338
23196	-443.8154	-611.9688	168.1534	0.05079492	0.9391611	0.9742984	3.234192
23202	-456.7073	-624.6025	167.8952	0.05079492	0.9294241	0.9705544	3.394191
23208	-446.9918	-615.0849	168.0932	0.04888134	1.674203	1.322825	2.633912
23214	-433.6133	-602.1283	168.515	0.0491488	0.8702221	1.168765	2.94433
23220	-427.3375	-594.8906	167.5531	0.0491488	1.260301	1.168765	3.286545
23226	-436.2527	-604.05	167.7973	0.0491488	0.6240882	1.049012	3.575657
23232	-441.9777	-612.5331	170.5554	0.1112542	0.6262192	0.7722611	2.016723
23238	-431.6178	-602.7731	171.1553	0.118493	0.6864638	0.890798	1.468841
23244	-429.3318	-600.192	170.8601	0.118493	0.6066492	0.9872237	1.665875
23250	-422.7544	-594.0616	171.3072	0.205226	0.6980387	0.7634748	1.374829
23256	-418.6179	-589.9176	171.2998	0.1621222	0.7496077	0.8658868	1.294783
23262	-430.5476	-601.3988	170.8513	0.1168934	0.8388589	0.6533358	1.757506
23268	-418.8294	-589.6044	170.7751	0.1218065	0.6836458	0.7329253	1.853925
23274	-426.7013	-597.018	170.3167	0.5276578	0.6523832	0.8133585	1.853925
23280	-444.3281	-615.2466	170.9184	0.1578715	0.5996923	1.19002	1.448617
23286	-441.9019	-612.742	170.8402	0.1334798	1.010158	0.9019049	1.448617
23292	-431.5432	-602.1628	170.6195	0.1193971	1.010158	0.8577942	1.654481
23298	-440.8819	-611.7246	170.8426	0.1193971	0.8614497	0.7670586	1.665794
23304	-447.4206	-617.8737	170.453	0.1341386	0.7581192	0.7670586	1.993212
23310	-432.3669	-603.5235	171.1566	0.1501504	0.8203133	1.002763	1.253714
23316	-447.9939	-617.7278	169.7339	0.341382	1.545638	1.413889	1.344462
23322	-441.6098	-606.3561	164.7463	5.014183	0.7253267	0.9979956	2.39929
23328	-441.9077	-608.6871	166.7794	1.726568	0.7253267	0.8891677	3.229558
23334	-442.2714	-610.1275	167.8561	1.659738	1.032337	0.9643174	2.384406
23340	-448.3681	-613.4381	165.07	3.398112	1.093635	1.05371	2.937229
23346	-429.7868	-595.3718	165.585	3.859306	0.8327087	1.005529	2.528161
23352	-438.4266	-606.3042	167.8775	1.652055	0.7573888	1.005529	2.520478
23358	-450.1942	-617.9205	167.7263	1.906255	0.6053317	1.134367	2.460977
23364	-442.724	-612.6825	169.9585	0.8318072	0.5887704	0.8193818	1.922965
23370	-453.0584	-623.6337	170.5753	0.7103773	0.58811	1.116936	1.349786
23376	-449.7535	-617.9833	168.2298	1.143492	1.064137	1.494649	2.114587
23382	-465.618	-632.8415	167.2235	1.252672	1.409501	0.8918764	2.843633
23388	-455.4334	-624.1949	168.7615	1.2055	0.7674984	1.00551	2.23738
23394	-454.465	-622.3642	167.8992	1.25903	1.465466	0.9895143	2.326978
23400	-455.1483	-622.7029	167.5547	1.597213	1.239791	1.142079	2.372054
23406	-459.0275	-625.0392	166.0118	2.938897	1.185163	1.356472	2.397712
23412	-446.393	-612.1124	165.7194	3.106484	0.948446	0.9066001	2.897618
23418	-438.5549	-604.5677	166.0128	2.729386	1.51168	1.37762	2.317154
23424	-442.1548	-611.2493	169.0945	0.9423007	1.02971	1.355946	1.784537
23430	-442.0098	-611.0797	169.0699	0.9026434	1.258972	1.118786	1.835871
23436	-439.0048	-609.171	170.1662	0.2640973	1.275224	0.6451152	1.835871
23442	-448.1625	-617.871	169.7085	0.1235255	1.834007	0.9430337	1.684014
23448	-434.872	-606.2289	171.3569	0.1361359	0.3492229	1.363798	1.052853
23454	-436.1946	-607.2596	171.065	0.1272548	0.6808504	1.262466	1.24273
23460	-440.1337	-611.6746	171.5409	0.1272548	0.5266914	0.9241834	1.232233
23466	-439.9763	-609.9742	169.9979	0.4465612	1.004316	0.9241834	1.818791
23472	-429.3873	-600.0893	170.702	0.316384	0.7598059	0.9241834	1.583059
23478	-433.7529	-604.6583	170.9054	0.1293717	0.7598059	0.9077863	1.583059
23484	-436.8919	-606.6338	169.7419	0.07088161	0.8901266	0.9077863	2.321899
23490	-433.7172	-603.2997	169.5826	0.06663248	1.23947	1.027531	2.126077
23496	-435.8292	-606.1686	170.3393	0.08348149	0.7679117	0.7208721	2.126077
23502	-443.6516	-613.9206	170.2689	0.3455826	0.8847322	0.933548	1.777136
23508	-446.0753	-616.5931	170.5178	0.4143895	0.5357947	0.8522225	1.831097
23514	-446.6744	-617.8985	171.2242	0.3136362	0.3742812	0.5140631	1.693589
23520	-433.2702	-604.4264	171.1562	0.1890413	0.5998192	0.7171459	1.600333
23526	-447.0182	-617.9331	170.9149	0.1473544	0.7583742	0.8880382	1.578384
23532	-446.7755	-617.9066	171.131	0.2621301	0.6769938	0.9932945	1.30182
23538	-448.8815	-619.8183	170.9368	0.1189132	0.4105908	0.668315	1.916355
23544	-451.6222	-622.6992	171.077	0.4153033	0.6465623	0.5695712	1.571835
23550	-446.8583	-617.7233	170.865	0.2556863	0.5452974	0.9988978	1.589299
23556	-433.5543	-604.3695	170.8152	0.1274149	0.973316	1.012075	1.416108
23562	-437.1196	-608.5149	171.3953	0.1274149	0.6669098	1.176667	1.035405
23568	-446.8786	-618.0622	171.1836	0.1867436	0.636784	0.6425304	1.613738
23574	-442.7099	-613.7464	171.0365	0.1622976	1.052459	0.7896172	1.327338
23580	-431.8036	-602.3081	170.5045	0.1304868	0.8190402	0.8088209	1.893251
23586	-437.4529	-608.8639	171.4109	0.1220239	0.5082144	0.5989415	1.598707
23592	-433.8871	-604.7657	170.8786	0.1501135	0.8617901	0.7632006	1.620384
23598	-440.6459	-611.3621	170.7162	0.1515296	0.9446968	0.7632006	1.676778
23604	-435.8845	-606.8271	170.9425	0.177537	0.725331	0.7251808	1.676778
23610	-429.4163	-600.2849	170.8686	0.1798448	0.725331	0.9785041	1.545019
23616	-435.7602	-606.8973	171.1372	0.1793411	0.725331	0.8014291	1.477002
23622	-428.2803	-599.5547	171.2744	0.09264878	0.4999829	0.9341976	1.477002
23628	-440.5533	-611.7143	171.1609	0.1409806	0.6289021	0.9341976	1.453086
23634	-454.8294	-625.8929	171.0635	0.1388471	0.8835293	1.102118	1.205455
23640	-444.7996	-615.1756	170.376	0.1528654	1.572629	1.340546	0.9876355
23646	-443.1201	-613.5921	170.472	0.2783747	1.207385	1.12509	1.294323
23652	-441.0351	-611.4166	170.3814	0.1409235	1.275338	1.286564	1.294323
23658	-431.0944	-600.9192	169.8249	0.09851676	1.300871	1.026797	1.904331
23664	-432.9995	-603.7466	170.7471	0.1243627	0.92983	1.003945	1.509331
23670	-431.2204	-601.9594	170.739	0.1243627	1.059823	0.8821848	1.509331
23676	-447.0907	-617.5185	170.4278	0.1243627	1.211142	0.8821848	1.627568
23682	-448.5743	-619.008	170.4337	0.07775628	0.8339662	0.8821848	1.917366
23688	-436.467	-606.0376	169.5707	0.06542018	1.154841	0.8561129	2.299196
23694	-438.2238	-607.4062	169.1824	0.06542018	1.228044	0.8561129	2.498842
23700	-438.7816	-608.666	169.8843	0.06542018	1.058736	1.078212	2.012535
23706	-436.1236	-605.779	169.6554	0.05981493	0.7336205	1.13204	2.338131
23712	-441.9239	-611.0394	169.1155	0.06078718	1.258281	1.079124	2.385008
23718	-440.3779	-609.2722	168.8943	0.06078718	1.341071	1.219879	2.385008
23724	-436.6641	-606.4624	169.7984	0.06078718	0.8166414	1.227289	2.132663
23730	-431.1061	-600.3733	169.2673	0.05926483	0.9343708	1.441578	2.263329
23736	-435.2046	-605.8991	170.6945	0.06499324	0.6314412	1.15259	1.689296
23742	-428.0938	-597.5665	169.4727	0.0596798	1.276425	1.207527	2.060834
23748	-446.6831	-616.6536	169.9706	0.0596798	0.7927389	1.188837	2.060834
23754	-441.3244	-611.4041	170.0797	0.06043048	0.8350517	0.924767	2.134963
23760	-441.2843	-610.8642	169.58	0.06043048	0.4855356	0.8892994	2.66152
23766	-435.4984	-604.0185	168.5202	0.05319365	0.8157157	0.8892994	3.138131
23772	-424.8207	-593.4308	168.6101	0.04824969	0.8760122	0.9855836	2.99437
23778	-439.693	-608.7529	169.0599	0.06472908	1.022605	1.347117	2.395855
23784	-437.7016	-606.7951	169.0935	0.06472908	1.171882	1.164938	2.395855
23790	-436.9319	-605.1127	168.1808	0.06472908	1.626945	1.02138	2.781694
23796	-438.9879	-608.604	169.6162	0.05662141	1.097166	1.207646	2.084756
23802	-449.9108	-620.0123	170.1015	0.05662141	0.8089935	1.207646	1.952622
23808	-430.3258	-599.2473	168.9215	0.0633009	1.052214	0.8578293	2.76781
23814	-428.9269	-598.2444	169.3175	0.07500059	1.365494	0.8503111	2.327044
23820	-441.885	-611.478	169.593	0.06694274	1.289979	0.8503111	2.202253
23826	-445.4385	-615.5188	170.0803	0.1267914	0.8502254	0.7392919	2.202253
23832	-435.7011	-606.0616	170.3606	0.13902	1.491597	1.147611	1.257049
23838	-442.4143	-611.6197	169.2053	0.4234118	2.123645	1.461527	1.257049
23844	-442.2908	-612.5781	170.2874	0.1547686	1.527384	1.178676	1.251179
23850	-435.6552	-606.1723	170.5171	0.1472798	1.165538	1.294555	1.259696
23856	-439.0804	-609.1328	170.0523	0.325489	0.7301147	1.204848	1.856797
23862	-440.6076	-609.2571	168.6495	1.042712	0.7301147	0.8166121	2.552911
23868	-433.4485	-600.124	166.6755	2.665645	1.108135	1.338552	2.208478
23874	-447.4484	-614.3218	166.8735	3.158864	0.6722992	1.024663	2.240023
23880	-452.4982	-623.4885	170.9903	0.3285402	0.5906146	0.5939296	1.712825
23886	-439.6984	-610.8248	171.1264	0.1386636	0.8658155	0.863843	1.363642
23892	-434.154	-605.2217	171.0678	0.1386636	0.9367647	0.8967005	1.328067
23898	-425.6959	-596.2747	170.5788	0.1225722	0.9367647	1.029358	1.610737
23904	-447.8026	-617.5508	169.7483	0.07166097	1.162479	1.018145	2.069948
23910	-445.3745	-615.4741	170.0995	0.1041498	1.290652	1.377649	1.461337
23916	-436.9669	-607.0978	170.1309	0.09435052	1.565191	1.18373	1.393338
23922	-443.1321	-613.6228	170.4908	0.1159553	0.997653	1.307028	1.428944
23928	-439.1311	-610.2832	171.1521	0.117842	0.6532462	0.9121258	1.478084
23934	-450.1601	-620.3218	170.1617	0.08245487	1.024207	0.4768361	2.235924
23940	-449.1388	-618.44	169.3011	0.08245487	1.633689	0.7864336	2.212596
23946	-447.8048	-617.2573	169.4525	0.08245487	1.876199	0.7358872	2.004923
23952	-447.4791	-617.1224	169.6433	0.1853124	1.835044	0.7705188	1.806659
23958	-437.8823	-608.6465	170.7643	0.126193	0.9289675	0.955934	1.531606
23964	-433.7373	-604.8037	171.0664	0.2408569	0.5745382	1.0706	1.37779
23970	-437.5575	-608.6692	171.1117	0.2661707	0.5124481	1.293935	1.172281
23976	-439.6997	-610.705	171.0054	0.230105	0.6234101	1.22036	1.283481
23982	-436.6119	-607.6571	171.0452	0.1658484	0.7997911	1.066515	1.296414
23988	-436.4757	-606.9973	170.5216	0.1038853	0.9454609	0.8630445	1.776478
23994	-445.4105	-615.973	170.5625	0.1478011	0.7122113	0.7278102	1.965993
24000	-447.5659	-618.0327	170.4668	0.1573532	1.075771	0.7127373	1.791374
24006	-437.8704	-608.4174	170.5469	0.1199566	0.589995	0.5894699	2.15644
24012	-438.8743	-609.68	170.8057	0.1098051	1.124282	1.148377	1.205775
24018	-425.0456	-596.2315	171.186	0.09184457	0.4908959	1.219072	1.32922
24024	-438.4037	-609.3854	170.9817	0.08107504	0.447211	1.372987	1.395308
24030	-447.529	-618.9043	171.3753	0.08107504	0.3023123	1.262127	1.162608
24036	-432.5153	-603.6054	171.0901	0.06963768	0.363324	1.259336	1.42296
24042	-438.2306	-608.3704	170.1399	0.06695891	1.196874	1.102133	1.726938
24048	-441.3105	-610.8466	169.5361	0.06478132	0.6950889	0.9435578	2.55099
24054	-429.9242	-600.0773	170.1531	0.07387388	0.6950889	1.241646	1.956102
24060	-431.6059	-601.1297	169.5238	0.07387388	1.199594	1.037611	2.178621
24066	-438.0572	-609.0314	170.9742	0.1850327	0.8267763	0.7095987	1.589518
24072	-437.5958	-607.6277	170.0319	0.108914	1.056518	0.6708387	2.156275
24078	-436.7194	-606.9043	170.1849	0.1214109	0.8621402	0.8576676	2.05236
24084	-450.7453	-621.8792	171.1339	0.135733	0.6506597	0.921133	1.473189
24090	-442.955	-613.7886	170.8335	0.1509606	0.4915325	0.8273007	1.831974
24096	-439.9986	-610.4178	170.4192	0.09336597	1.043286	0.7979085	1.831974
24102	-435.6866	-606.4014	170.7148	0.09336597	0.8467293	0.7113372	1.822887
24108	-437.8432	-608.1078	170.2646	0.1098637	0.9571066	0.7014516	2.04811
24114	-422.5938	-593.5595	170.9658	0.1000355	0.7092566	0.7747491	1.690755
24120	-428.1336	-599.3714	171.2378	0.1074215	0.7092566	0.8454752	1.432996
24126	-441.5066	-612.3474	170.8408	0.1210533	0.8527797	0.8112518	1.640346
24132	-435.3048	-605.6844	170.3796	0.09636113	1.064286	1.623079	1.226712
24138	-444.3905	-615.1228	170.7323	0.1153529	0.8616598	0.907567	1.646901
24144	-442.254	-612.5294	170.2754	0.1786811	1.187373	0.5888142	1.916789
24150	-439.0925	-610.0029	170.9103	0.2131946	1.038998	0.7894074	1.397589
24156	-437.7494	-607.5423	169.793	0.4847389	1.159833	0.8620135	1.869527
24162	-434.3117	-604.662	170.3503	0.6284693	0.640273	0.8620135	1.734291
24168	-430.9755	-600.0734	169.0979	1.710905	0.640273	0.8403882	1.866991
24174	-432.5185	-601.3258	168.8072	1.433152	0.8650994	0.8346686	2.108942
24180	-432.6772	-601.6274	168.9502	1.187183	0.8194189	0.9826247	2.108942
24186	-437.6536	-603.329	165.6754	2.969591	1.624737	0.9401923	2.587333
24192	-448.0784	-613.7609	165.6825	2.913476	1.257947	0.9029402	2.852983
24198	-443.7114	-607.7099	163.9985	5.240032	1.230416	1.234373	2.263841
24204	-441.8507	-607.9328	166.082	2.715986	1.139666	1.596893	2.370669
24210	-436.0391	-604.8143	168.7753	1.621862	0.4436554	0.7177043	2.308211
24216	-435.8973	-604.2388	168.3415	1.743828	0.8492616	1.23848	1.954326
24222	-436.5269	-603.796	167.2691	2.053049	0.9814881	0.9872073	2.523597
24228	-439.2731	-604.2821	165.009	3.268745	1.155011	1.044179	3.02068
24234	-437.9969	-605.6676	167.6707	1.585518	1.054545	0.9081932	2.56831
24240	-447.5124	-614.1787	166.6663	1.687029	1.101158	0.8212423	3.14057
24246	-443.2742	-610.4738	167.1996	1.849141	0.9530314	1.485397	2.400416
24252	-439.4648	-608.0209	168.5561	1.60041	0.6727983	1.413843	1.901084
24258	-434.3536	-603.9443	169.5907	0.7629371	0.8257404	0.7976072	2.084343
24264	-441.4688	-611.8415	170.3727	0.1585509	0.6271892	0.5298376	2.262758
24270	-431.0246	-601.4999	170.4753	0.3112303	0.8170823	0.851574	1.760815
24276	-441.0093	-611.7331	170.7237	0.2663062	0.5215326	0.857925	1.793945
24282	-427.9755	-598.8881	170.9126	0.1462452	0.7560044	0.7443888	1.686037
24288	-444.0726	-614.8598	170.7871	0.1462452	0.6355591	0.9803355	1.685656
24294	-448.8733	-619.276	170.4027	0.1009493	0.8456467	1.238231	1.667746
24300	-446.4545	-616.4508	169.9963	0.1345303	0.6614595	0.5841887	2.463388
24306	-445.8685	-616.5363	170.6678	0.1526427	0.7011855	0.606978	1.980013
24312	-442.3297	-613.365	171.0353	0.1239542	0.5928295	0.7043865	1.746114
24318	-452.8216	-623.7345	170.9129	0.2219775	0.4622804	0.822629	1.74185
24324	-451.9757	-622.7149	170.7392	0.141729	1.146566	0.9373727	1.387848
24330	-438.991	-609.9118	170.9208	0.1637749	0.7152964	0.706611	1.721687
24336	-438.059	-608.9097	170.8507	0.2329888	0.5442214	0.9506684	1.651485
24342	-443.882	-614.5804	170.6984	0.485726	0.5697563	0.8900533	1.609091
24348	-433.8458	-603.4641	169.6183	0.1782871	0.6635894	0.4774494	2.735242
24354	-430.0096	-600.79	170.7804	0.2147937	0.5901662	0.5978843	1.933422
24360	-443.7438	-613.8776	170.1338	0.1987571	1.25901	0.7163292	1.864936
24366	-439.5495	-609.977	170.4274	0.1440972	0.8130547	0.8364438	1.921501
24372	-437.8208	-608.7986	170.9778	0.09046659	0.6838589	1.171882	1.412762
24378	-428.7628	-599.9041	171.1413	0.199891	0.5790736	0.9659077	1.430028
24384	-452.6803	-621.3626	168.6823	0.7338297	0.8697538	0.9493791	2.557908
24390	-441.8311	-610.8972	169.0661	0.8851572	1.389162	0.8457897	1.950283
24396	-435.501	-602.234	166.7331	2.400608	1.310943	0.72553	2.600777
24402	-444.3566	-612.1044	167.7478	1.262604	1.087051	0.72553	2.81163
24408	-445.8071	-614.4107	168.6036	1.409421	0.7777128	1.052504	2.170875
24414	-441.8285	-612.581	170.7525	0.123208	1.078462	1.233357	1.206146
24420	-447.4775	-618.1701	170.6926	0.1370306	1.216798	0.8442635	1.445817
24426	-438.4433	-608.758	170.3147	0.3680689	0.8681542	0.7974317	1.835391
24432	-448.6661	-618.9146	170.2485	0.1949875	1.119636	0.9143708	1.746292
24438	-441.8644	-612.3588	170.4944	0.1383908	0.9555464	0.8459874	1.776259
24444	-445.4594	-615.833	170.3736	0.3125427	1.23638	0.6445103	1.684106
24450	-443.7275	-614.4129	170.6853	0.1351005	0.9369387	0.830421	1.668089
24456	-446.0188	-616.8553	170.8365	0.1100824	0.6417174	0.5966513	1.937992
24462	-440.0766	-610.354	170.2774	0.1178369	0.9472673	0.6372295	2.083233
24468	-443.6761	-614.2475	170.5714	0.2759392	0.6057589	0.6401458	1.995745
24474	-436.6173	-607.7472	171.1299	0.1544835	0.7937937	0.7791867	1.468716
24480	-440.2978	-611.2801	170.9823	0.0951724	0.7365698	0.9972909	1.501551
24486	-438.8195	-609.0432	170.2237	0.3008128	0.8387373	0.735104	2.004146
24492	-445.0462	-614.5503	169.5041	0.5529252	1.257724	0.7866314	2.004146
24498	-452.2989	-621.4731	169.1742	1.234893	0.8237221	0.8653171	2.004146
24504	-451.8738	-621.0699	169.1961	0.7312825	0.760803	0.813148	2.389437
24510	-453.2588	-623.2251	169.9662	0.2325624	0.760803	0.5417309	2.389437
24516	-457.3281	-627.0808	169.7527	0.7342579	1.128999	0.7470498	1.825834
24522	-443.5865	-614.3554	170.769	0.1495761	0.9583631	0.7541037	1.637143
24528	-441.5255	-611.7948	170.2693	0.1273647	1.052618	0.5696209	2.057455
24534	-429.9905	-600.9153	170.9249	0.1168007	0.6292064	0.5696209	1.899249
24540	-444.5391	-615.3058	170.7667	0.5809634	0.4430807	0.9737942	1.484263
24546	-439.6322	-610.8907	171.2584	0.1846167	0.6534733	0.6937913	1.511916
24552	-447.3384	-618.3013	170.9629	0.1685031	1.107881	1.009818	1.152819
24558	-439.2851	-610.1311	170.846	0.1172639	0.9799692	1.009818	1.396721
24564	-435.4331	-605.435	170.0018	0.07549696	1.268072	1.125831	1.752163
24570	-425.1282	-595.3575	170.2294	0.07549696	1.096176	1.125831	1.711477
24576	-437.7407	-607.9074	170.1667	0.1003332	1.05508	1.125831	1.766799
24582	-437.5302	-608.0633	170.533	0.1003332	1.232873	1.018565	1.450554
24588	-441.5918	-611.3793	169.7874	0.09267774	1.044461	0.8389763	2.224082
24594	-440.9445	-610.6367	169.6922	0.06285094	0.9071973	1.101116	2.224082
24600	-440.5207	-609.7091	169.1884	0.06285094	0.9071973	1.105666	2.540168
24606	-438.8715	-608.1304	169.2589	0.06285094	1.102676	1.105666	2.373327
24612	-438.6999	-608.278	169.5781	0.07086806	1.546094	1.106962	1.87798
24618	-429.9881	-599.925	169.937	0.07347324	1.246867	0.9992825	1.899669
24624	-444.4866	-614.3811	169.8944	0.07347324	1.061157	0.8523171	2.147698
24630	-453.7089	-621.034	167.3252	1.549689	1.326866	1.071693	2.536981
24636	-461.0547	-629.0241	167.9694	1.48671	1.257206	1.495807	1.93191
24642	-452.9419	-622.2321	169.2902	0.7872479	1.020708	1.073282	1.955868
24648	-452.3506	-622.5836	170.2331	0.1996011	1.014694	1.212716	1.616171
24654	-454.8944	-625.1979	170.3034	0.1126271	1.12132	0.9550515	1.735821
24660	-452.1645	-622.6033	170.4388	0.1025408	0.9674486	0.6885746	1.938432
24666	-439.0179	-609.2914	170.2735	0.1376447	1.178484	0.7059955	1.872352
24672	-433.0031	-603.776	170.7729	0.3552707	0.5750388	0.9830533	1.57909
24678	-452.4274	-622.1294	169.702	0.1406364	1.309531	0.8319645	2.082686
24684	-456.5873	-626.595	170.0077	0.1148006	1.78697	0.8431711	1.576419
24690	-440.5743	-610.462	169.8877	0.1053553	1.802953	1.045699	1.511951
24696	-437.0941	-607.4103	170.3162	0.07076791	1.184597	0.8115182	1.812363
24702	-435.7156	-606.1266	170.411	0.2218678	1.0147	0.7346833	1.812363
24708	-440.9458	-611.9593	171.0134	0.1393541	0.6276493	0.6683457	1.755704
24714	-439.1178	-610.1317	171.0139	0.1537402	0.6276493	0.7092333	1.716528
24720	-441.3609	-612.6712	171.3103	0.1885569	0.827717	0.8360897	1.226289
24726	-429.2535	-599.9812	170.7278	0.09088075	0.8948755	1.146719	1.467842
24732	-441.3326	-611.4699	170.1373	0.09730245	1.231697	0.6802228	1.973628
24738	-440.1726	-609.2815	169.1089	0.5274997	0.9182729	0.895174	2.423899
24744	-443.346	-613.5925	170.2465	0.2371749	1.294722	0.9389156	1.576728
24750	-432.1663	-603.1765	171.0103	0.1608575	1.023375	0.814948	1.352384
24756	-442.5262	-613.074	170.5478	0.2286192	1.267596	0.9275145	1.38412
24762	-443.2429	-613.6012	170.3583	0.1198632	0.9956935	0.8329946	1.864127
24768	-443.1875	-613.7406	170.5531	0.1198632	1.210977	0.9173559	1.513243
24774	-454.4803	-625.0448	170.5645	0.2038785	1.073382	0.9173559	1.543774
24780	-455.2281	-625.6377	170.4096	0.1024573	1.057035	0.8260775	1.803423
24786	-452.3351	-623.499	171.1639	0.1886004	0.6441459	0.7582606	1.537377
24792	-440.0551	-611.2005	171.1454	0.125268	0.6441459	0.8151341	1.555799
24798	-438.7115	-609.0185	170.307	0.2019734	1.287023	1.248569	1.326664
24804	-435.8337	-606.5065	170.6728	0.2042186	1.062545	1.102144	1.326664
24810	-434.4025	-605.1284	170.7259	0.1603079	0.8078184	0.9132981	1.653053
24816	-432.4067	-603.2404	170.8337	0.1146685	0.6462754	0.8550657	1.756826
24822	-446.4669	-617.4445	170.9776	0.09046414	0.7627621	1.090759	1.418734
24828	-441.1644	-611.2228	170.0584	0.2107265	0.6971704	0.691561	2.287344
24834	-446.9166	-616.7734	169.8568	0.08781625	0.8288173	0.5741215	2.487536
24840	-464.2595	-630.486	166.2265	2.264777	0.7540647	0.5081583	3.44635
24846	-466.8529	-632.3684	165.5154	1.906723	0.710581	0.72395	3.963301
24852	-448.6273	-618.7956	170.1683	0.1459084	1.242803	0.6632228	1.924253
24858	-454.3015	-624.3383	170.0368	0.119473	0.8604532	0.7009709	2.253261
24864	-441.1575	-608.0238	166.8664	2.590203	1.009698	1.347164	2.191806
24870	-443.2532	-613.9685	170.7153	0.2101724	0.9958754	0.4858213	1.795133
24876	-446.3177	-617.1185	170.8008	0.1323886	0.8695975	0.8541089	1.618122
24882	-434.8897	-605.3304	170.4406	0.1582321	1.157332	0.7136296	1.75186
24888	-437.6311	-608.1012	170.4702	0.1715339	1.403296	0.889982	1.416202
24894	-431.1583	-602.4187	171.2604	0.1334395	0.7300512	0.7879453	1.424912
24900	-430.9774	-601.623	170.6456	0.08711499	0.7310916	1.026958	1.733519
24906	-447.2036	-617.6921	170.4886	0.2143736	1.127329	0.6899476	1.716289
24912	-446.4122	-616.4213	170.0091	0.1474855	0.5624357	0.5986574	2.489561
24918	-436.7089	-606.4948	169.7859	0.09430674	0.6167529	0.7151082	2.562193
24924	-430.4047	-600.8658	170.4611	0.08960674	0.6167529	0.946074	1.983455
24930	-424.0523	-593.7994	169.747	0.06833249	0.8871856	0.9426209	2.299864
24936	-432.7605	-603.0605	170.3	0.1414447	0.9390606	0.9494639	1.848277
24942	-432.4677	-602.8961	170.4284	0.1042418	0.8385209	0.9494639	1.854132
24948	-438.38	-608.5655	170.1856	0.08695474	1.544447	0.9753472	1.530465
24954	-430.6014	-601.6203	171.0189	0.1081404	0.8052509	1.081402	1.347727
24960	-430.401	-601.2483	170.8473	0.08323284	0.4715667	1.31279	1.532584
24966	-435.8927	-607.4538	171.5611	0.1903463	0.4524707	1.044976	1.090665
24972	-431.1456	-602.355	171.2094	0.2110528	0.9250512	0.9245578	1.133935
24978	-432.0992	-602.9984	170.8992	0.2476045	0.8388625	0.9895124	1.378762
24984	-439.4155	-610.683	171.2674	0.1221194	0.7719444	1.045477	1.187066
24990	-440.4923	-611.1579	170.6656	0.07871698	0.974696	1.490637	1.187066
24996	-447.1578	-617.7799	170.6221	0.09116413	1.108335	1.169918	1.366676
25002	-439.9825	-610.8318	170.8493	0.1159518	0.6256929	1.385079	1.366676
25008	-430.7185	-601.709	170.9905	0.2452257	0.8795873	0.8496877	1.387117
25014	-434.5423	-605.7106	171.1683	0.1798894	0.7471872	0.870839	1.383405
25020	-435.027	-606.1842	171.1572	0.2234427	0.7086642	0.7743725	1.460655
25026	-441.5999	-612.709	171.1092	0.1899499	0.9480279	0.7696362	1.346547
25032	-435.1738	-605.9389	170.7651	0.09565559	0.832132	0.9117899	1.65531
25038	-432.3449	-603.1325	170.7876	0.07463875	0.832132	1.023994	1.572985
25044	-424.1033	-595.2694	171.1661	0.1044082	0.6479475	1.003706	1.41117
25050	-440.938	-610.9375	169.9995	0.1044082	1.875757	1.003706	1.41117
25056	-433.5751	-603.9087	170.3336	0.09704532	1.007063	1.003706	1.77135
25062	-452.1247	-623.0505	170.9258	0.1106432	0.4985919	0.8481512	1.778692
25068	-424.3856	-595.1074	170.7218	0.131593	0.5386918	0.7425885	1.957721
25074	-434.605	-605.4956	170.8906	0.131593	0.5292486	0.7425885	1.847655
25080	-449.7188	-620.3957	170.6769	0.3475719	0.5037074	0.7571398	1.847655
25086	-443.5802	-609.9271	166.3469	2.308475	1.334429	0.8501386	2.80383
25092	-450.401	-614.9183	164.5173	3.691792	1.357941	0.9860726	2.977801
25098	-439.9226	-606.8847	166.9622	2.172515	1.13999	0.9224244	2.582133
25104	-445.071	-612.3556	167.2846	2.172515	0.5443581	1.050482	2.651532
25110	-434.0973	-602.6356	168.5383	1.464066	0.6765531	0.8686053	2.356461
25116	-443.7793	-611.9788	168.1995	2.211678	0.7526761	0.8069647	2.086804
25122	-451.5925	-618.7191	167.1266	2.685138	0.5244413	1.640096	2.06026
25128	-439.6763	-606.2925	166.6162	3.597677	0.5832037	1.193471	2.06102
25134	-438.5344	-605.4082	166.8738	3.107006	0.8383349	1.193471	2.06102
25140	-446.5839	-613.6568	167.0729	2.484444	1.033682	1.145185	2.241665
25146	-443.3301	-612.1576	168.8276	0.9268006	0.8530005	1.641997	1.902846
25152	-435.939	-605.1498	169.2108	1.262209	0.80922	1.61361	1.439712
25158	-447.8747	-617.6992	169.8245	0.4272537	0.80922	0.8931381	2.099127
25164	-443.4726	-611.6266	168.154	1.678563	0.8955331	1.018283	2.234998
25170	-444.532	-612.0601	167.5281	2.920122	0.7453573	1.069331	1.891404
25176	-442.0124	-608.7678	166.7554	2.603046	1.100184	1.236362	2.268244
25182	-437.7602	-602.1315	164.3713	4.985886	0.9624935	1.236362	2.356798
25188	-445.0323	-611.524	166.4918	3.841321	0.6429358	0.9964597	2.079557
25194	-442.0619	-608.8496	166.7877	1.829919	0.5513259	0.9964597	3.187906
25200	-435.7122	-604.423	168.7108	1.303259	1.09241	0.8756864	2.08175
25206	-434.8795	-602.6618	167.7823	1.247855	1.151385	0.7122651	2.768692
25212	-443.44	-609.7287	166.2887	2.927844	0.8068316	1.257508	2.528825
25218	-435.5185	-602.386	166.8675	1.757065	1.336737	1.199412	2.607107
25224	-440.6288	-603.8234	163.1946	4.817775	1.586957	0.7888331	3.084543
25230	-437.6777	-606.8467	169.169	0.9003882	0.708067	1.241945	2.052973
25236	-436.4982	-603.2565	166.7583	2.411199	0.7550596	0.8281919	2.852072
25242	-451.3171	-616.5186	165.2015	3.578017	1.365538	1.788912	2.116872
25248	-447.0765	-613.1755	166.099	2.830155	0.6663017	0.9398412	2.979301
25254	-444.2582	-610.4281	166.1699	2.966073	0.9432297	0.9909237	2.660308
25260	-444.1494	-609.9681	165.8187	3.218492	0.8394339	1.192693	2.660308
25266	-438.2934	-606.0689	167.7755	1.678436	1.317224	0.970639	2.240471
25272	-441.9295	-607.4956	165.5661	4.437495	0.6823014	1.025183	2.252379
25278	-450.2284	-614.3077	164.0793	5.412214	1.141219	1.060554	2.269521
25284	-459.2767	-623.7259	164.4492	5.412214	0.6415412	1.210056	2.248195
25290	-442.1091	-612.0486	169.9395	0.6677407	0.7775527	1.558176	1.402604
25296	-448.4911	-619.0651	170.574	0.3536603	0.7516859	1.414553	1.281357
25302	-443.6738	-614.7714	171.0976	0.1715207	0.8425955	0.7927935	1.43358
25308	-437.3265	-608.2091	170.8826	0.1744504	1.144247	1.059213	1.142924
25314	-436.8314	-607.6718	170.8404	0.1527338	0.9154428	1.518415	0.9851342
25320	-441.4052	-612.5829	171.1777	0.1262954	0.9392015	1.170029	0.9991071
25326	-433.5363	-604.4797	170.9434	0.1054035	0.6508229	1.226899	1.408043
25332	-422.145	-593.2313	171.0862	0.1068342	0.8435095	1.131949	1.221585
25338	-419.7093	-590.9129	171.2035	0.1528908	0.5402104	0.9480079	1.454323
25344	-432.6022	-603.895	171.2928	0.1628273	0.5732402	0.9480457	1.358262
25350	-435.3129	-606.1832	170.8703	0.1982323	0.8936059	0.9480457	1.429663
25356	-431.7742	-602.1352	170.361	0.1198477	1.145367	1.490585	1.265862
25362	-431.3331	-601.8356	170.5025	0.1198477	0.9490531	1.588256	1.229757
25368	-431.7479	-601.6793	169.9314	0.1442439	2.006686	1.293337	1.099693
25374	-439.738	-610.0435	170.3055	0.2139849	1.681665	1.133651	1.099693
25380	-436.3997	-606.5813	170.1816	0.1049775	1.605464	1.510451	1.029447
25386	-426.9422	-597.6337	170.6915	0.09316655	0.8298878	1.510451	1.257839
25392	-427.8166	-598.4782	170.6616	0.09316655	1.248473	0.8574093	1.469136
25398	-422.385	-593.041	170.656	0.09316655	0.6444795	0.8541611	1.895742
25404	-431.1463	-601.5447	170.3984	0.06997143	0.6202067	0.7424194	2.169946
25410	-430.2351	-600.4226	170.1876	0.06384189	0.6202067	0.9593645	2.169946
25416	-431.9629	-601.718	169.7551	0.06384189	0.9047771	0.8311966	2.357392
25422	-448.7403	-619.5411	170.8008	0.1634863	1.013802	0.7527316	1.564578
25428	-457.8008	-628.7649	170.9642	0.1199072	0.8607216	1.255885	1.194374
25434	-449.0809	-617.7979	168.717	1.36238	0.730347	0.7042402	2.380427
25440	-451.5225	-620.2498	168.7273	0.77987	1.229971	0.6469216	2.466288
25446	-456.3356	-621.9938	165.6582	2.120186	1.161906	0.9213462	3.385383
25452	-456.6203	-621.3778	164.7575	3.029154	1.811605	0.8340797	3.071487
25458	-448.3516	-612.7807	164.4291	3.436682	1.179777	0.7709214	3.411991
25464	-438.9004	-608.0963	169.1959	0.6521831	0.944613	0.7351037	2.374717
25470	-436.0997	-601.5635	165.4638	3.059202	0.7578675	0.7399619	3.289476
25476	-435.7299	-603.7416	168.0116	1.453609	1.292021	0.967637	2.250877
25482	-435.7502	-604.3567	168.6066	1.453609	1.068672	1.208405	1.843365
25488	-446.3057	-616.7006	170.3949	0.4691061	0.5429902	1.276619	1.575111
25494	-439.4768	-609.4223	169.9454	0.1226259	1.08904	0.6801731	2.176451
25500	-442.9698	-614.0258	171.0561	0.1226259	0.6603339	0.6158722	1.754401
25506	-436.3668	-607.289	170.9223	0.2372825	0.8211734	1.026041	1.353553
25512	-431.9959	-602.5152	170.5193	0.1168772	0.9774423	1.026041	1.630936
25518	-427.9031	-598.0716	170.1685	0.09894143	1.156593	1.026041	1.765689
25524	-436.8368	-607.0657	170.2289	0.1420343	1.321339	1.261793	1.398945
25530	-431.6198	-602.5973	170.9776	0.1113735	0.7434377	1.300028	1.24919
25536	-433.7804	-604.1181	170.3377	0.09187369	1.389685	1.009771	1.496434
25542	-429.7202	-600.2857	170.5655	0.112066	0.934293	0.8007002	1.791368
25548	-442.6177	-612.7802	170.1625	0.4479596	0.8707262	0.7929861	1.886147
25554	-450.3789	-618.2207	167.8417	1.47883	1.087314	0.8332193	2.554619
25560	-449.5012	-616.7528	167.2515	1.871277	1.950825	1.280146	1.872582
25566	-444.3539	-611.5744	167.2205	2.249009	1.30325	1.215956	2.079569
25572	-445.6764	-612.5723	166.8959	2.472939	0.9271293	1.215956	2.384728
25578	-448.5395	-618.8568	170.3174	0.6859371	0.7679104	0.902612	1.604102
25584	-443.992	-614.6992	170.7072	0.3207238	0.5062791	0.9568181	1.705132
25590	-432.8208	-603.7172	170.8964	0.1268515	0.9536818	1.055213	1.334287
25596	-425.3984	-596.2652	170.8669	0.1524569	0.9881716	1.024655	1.334287
25602	-427.6325	-598.4143	170.7818	0.1560253	0.9881716	1.160912	1.290032
25608	-437.0737	-608.1803	171.1066	0.1251096	0.7422758	1.213876	1.202286
25614	-437.0994	-608.0458	170.9464	0.1469515	0.7422758	1.042671	1.451122
25620	-450.1083	-620.2248	170.1165	0.2805075	1.385717	1.105975	1.451122
25626	-443.7868	-610.7022	166.9154	1.971648	1.554134	2.047045	1.749839
25632	-453.6015	-621.2065	167.605	1.773052	1.097562	1.99667	1.749839
25638	-455.2165	-623.2026	167.9861	1.808902	0.7255687	0.8065135	2.497762
25644	-450.1646	-614.301	164.1364	5.078516	1.138401	0.9374083	2.52393
25650	-439.4333	-605.7731	166.3397	2.66332	1.359475	0.8894732	2.551031
25656	-445.9446	-610.3835	164.4389	4.145401	1.166963	1.164464	2.755439
25662	-440.4367	-604.0676	163.6309	4.947622	2.0364	1.854926	1.801793
25668	-446.2616	-614.9268	168.6652	0.5914852	2.199486	1.854926	1.186379
25674	-453.1522	-623.7365	170.5843	0.1365846	0.8135248	0.790734	1.850689
25680	-442.8903	-610.1331	167.2428	2.063384	0.8455568	0.769533	2.751171
25686	-451.0581	-616.1399	165.0818	2.897521	0.7733963	0.7246746	3.60769
25692	-457.5148	-623.3849	165.87	2.897521	1.072022	1.074666	2.755978
25698	-454.4406	-620.7864	166.3458	3.305999	1.029577	1.639918	1.854301
25704	-443.936	-612.9102	168.9741	1.020607	0.8884128	1.040055	2.120195
25710	-447.0563	-616.0415	168.9852	1.332979	0.8884128	1.515911	1.570473
25716	-445.0551	-614.3013	169.2463	1.555309	0.7415659	1.175503	1.570473
25722	-444.311	-613.2089	168.8979	1.371869	0.9170234	1.129524	1.85763
25728	-434.4083	-602.7962	168.388	0.9534888	1.757977	1.080246	1.973608
25734	-441.8118	-606.9662	165.1544	3.667579	1.275999	1.603493	2.265653
25740	-437.9097	-606.0559	168.1462	1.4415	0.6228886	0.87953	2.638292
25746	-445.1723	-612.131	166.9587	2.2662	0.7819201	1.18618	2.582964
25752	-446.1714	-613.5865	167.4151	1.868465	0.7819201	0.8994585	2.723511
25758	-452.4194	-617.5421	165.1227	3.534046	1.191877	0.8994585	2.857586
25764	-441.2558	-609.6377	168.3819	1.950408	0.5723591	1.137356	2.025349
25770	-442.8682	-612.8332	169.965	0.596589	0.667148	1.413989	1.621499
25776	-440.4268	-611.4156	170.9888	0.2171355	0.7134618	1.101828	1.338332
25782	-446.053	-616.7461	170.6931	0.2964464	0.4832114	0.896283	1.784133
25788	-438.6704	-609.4964	170.826	0.1011019	0.9242001	0.7612582	1.65036
25794	-439.5732	-609.5408	169.9675	0.2103808	1.172569	0.7596794	1.997354
25800	-438.1182	-608.2355	170.1173	0.07894809	1.154059	0.7596794	1.997354
25806	-446.1211	-615.7569	169.6358	0.06607801	1.343054	0.9231178	2.094013
25812	-426.6984	-597.0819	170.3835	0.0688417	0.9148056	0.7572454	1.987284
25818	-440.4877	-611.2959	170.8083	0.08485361	0.6638279	0.932031	1.730777
25824	-445.1296	-615.5399	170.4103	0.08626056	1.146131	1.162457	1.509797
25830	-441.6016	-612.5837	170.9822	0.1181696	0.7030335	1.006775	1.500715
25836	-439.6345	-610.7421	171.1076	0.126669	0.5334445	1.006775	1.505805
25842	-440.1064	-611.2003	171.0939	0.3641558	0.4893949	0.6725882	1.608
25848	-433.8835	-604.3268	170.4433	0.1406807	0.8916398	0.5915861	2.0253
25854	-431.8423	-602.5958	170.7535	0.1406807	0.7235384	0.5915861	1.926883
25860	-449.3058	-619.483	170.1772	0.2505981	0.9615017	0.6485371	2.044914
25866	-450.8387	-619.1924	168.3537	1.794696	0.7356068	1.285928	1.953849
25872	-456.7148	-623.216	166.5012	3.222851	0.9749521	1.285928	2.079838
25878	-445.7722	-614.3445	168.5722	1.83629	0.7852494	1.323259	1.716782
25884	-455.6643	-622.4811	166.8167	2.153187	1.678998	1.583715	1.932531
25890	-456.9607	-624.968	168.0073	1.194167	1.524991	1.242223	2.099715
25896	-456.5998	-625.3514	168.7516	1.120005	1.089148	1.372632	1.846062
25902	-456.4072	-627.3111	170.9039	0.3506407	0.7866273	1.033292	1.298454
25908	-441.6671	-612.2234	170.5562	0.4069629	1.044617	1.083198	1.286746
25914	-436.3469	-607.5529	171.206	0.1585374	0.660858	1.054819	1.286746
25920	-437.9874	-608.5907	170.6033	0.1585374	1.218775	1.060823	1.327934
25926	-438.4015	-609.0557	170.6542	0.1365485	1.193476	1.390678	1.037681
25932	-432.8897	-603.1349	170.2452	0.1300081	1.658545	1.186761	1.19895
25938	-440.4607	-611.5654	171.1047	0.1300081	0.7744706	1.170244	1.210827
25944	-440.7548	-611.1487	170.3939	0.1106522	0.9943384	0.898035	1.802219
25950	-434.2208	-604.5234	170.3026	0.07261538	0.7055846	1.131838	1.923742
25956	-427.683	-597.7122	170.0292	0.06751018	0.8249561	1.131838	2.033805
25962	-442.3758	-612.0138	169.6381	0.06751018	1.308447	1.044088	2.033805
25968	-431.1877	-601.1331	169.9453	0.06751018	0.7598963	1.281198	2.032138
25974	-438.5413	-609.1396	170.5983	0.06751018	0.516502	1.102665	1.851016
25980	-444.2712	-615.6543	171.3831	0.1298424	0.4545438	0.9993662	1.332263
25986	-435.1237	-606.369	171.2453	0.1298424	0.5127434	0.9993662	1.414885
25992	-444.9322	-615.9319	170.9997	0.2746033	0.7193392	1.098658	1.281137
25998	-431.9003	-602.9642	171.0639	0.1646297	0.9256938	0.9558606	1.27101
26004	-447.1674	-617.3206	170.1532	0.1193974	1.330234	1.407368	1.35509
26010	-445.5862	-616.3454	170.7592	0.1068164	0.8000587	1.309486	1.37774
26016	-438.6873	-609.6879	171.0006	0.1413139	0.5966221	0.933751	1.59254
26022	-447.4079	-617.9271	170.5192	0.2102516	1.118135	0.6275283	1.747993
26028	-440.5047	-610.5865	170.0818	0.1071381	0.8736796	0.7855687	2.169025
26034	-436.4033	-606.5413	170.138	0.07231488	0.8576777	0.9482523	2.058808
26040	-441.8886	-611.9619	170.0733	0.07231488	1.192594	1.195773	1.707036
26046	-437.9574	-608.8676	170.9101	0.1065517	0.8925605	0.978619	1.446789
26052	-434.2622	-605.0424	170.7803	0.1247845	1.174724	0.8090695	1.446789
26058	-433.6963	-604.8356	171.1393	0.1897174	0.611369	0.6818026	1.630805
26064	-434.8682	-606.1521	171.2839	0.09394381	0.611369	1.032279	1.32869
26070	-443.2212	-614.2776	171.0564	0.1122825	1.078789	0.8241131	1.302609
26076	-459.023	-629.2963	170.2732	0.2554768	1.021286	1.14006	1.594383
26082	-450.7041	-620.0573	169.3532	0.680938	1.504324	1.111249	1.632787
26088	-437.0763	-605.2564	168.1801	1.661679	0.6332958	1.61985	1.99756
26094	-442.4964	-611.0833	168.587	1.382416	1.01683	0.8915506	2.15004
26100	-451.7908	-620.1143	168.3236	2.016639	1.045345	1.042309	1.780777
26106	-437.1264	-604.3234	167.197	2.160927	2.044502	1.629336	1.392753
26112	-435.2612	-601.3445	166.0833	3.53899	1.201507	1.2282	2.03628
26118	-432.4094	-600.8785	168.4691	1.731421	0.7007851	1.194707	2.001764
26124	-442.1776	-610.9741	168.7965	1.492909	0.5386025	1.62286	1.740923
26130	-441.0893	-608.5771	167.4878	1.987605	1.08753	1.769921	1.846433
26136	-439.1983	-605.2359	166.0377	2.563489	1.258331	1.251921	2.63622
26142	-436.0116	-604.1465	168.1349	1.610192	0.6850473	0.967245	2.451741
26148	-427.0889	-593.4471	166.3582	3.522337	0.6237733	0.8768706	2.457263
26154	-428.1719	-598.2392	170.0673	0.6518027	0.6322869	1.061114	1.781438
26160	-431.9638	-599.9615	167.9978	1.682491	0.6646059	0.8974521	2.547409
26166	-447.104	-616.906	169.802	1.000423	0.5739112	0.9719716	1.818571
26172	-445.6114	-614.8411	169.2296	1.032211	0.3937331	1.01855	2.211717
26178	-451.0902	-620.7219	169.6317	0.7274157	0.3937331	1.616874	1.745548
26184	-450.2063	-619.5083	169.3019	1.12317	0.5259023	1.226086	1.926495
26190	-453.0688	-622.192	169.1232	1.12317	0.4268374	1.280566	2.04481
26196	-450.5699	-615.2944	164.7245	4.244519	0.5354535	0.9778258	2.996195
26202	-441.232	-606.0082	164.7762	4.000765	1.018137	0.5541754	3.096701
26208	-453.1789	-619.8351	166.6562	2.073371	0.9708347	1.060476	2.849245
26214	-451.8525	-617.4559	165.6034	3.103714	1.086798	0.990566	2.834983
26220	-454.3958	-619.0101	164.6143	4.168069	1.066143	0.9359413	2.834983
26226	-452.7594	-620.0174	167.258	2.956287	0.7855431	1.168395	1.956571
26232	-443.5874	-610.8531	167.2657	2.453146	0.6414643	1.550233	2.120094
26238	-438.2527	-606.6975	168.4447	1.283815	1.191489	1.436974	1.83042
26244	-435.876	-601.9767	166.1007	3.445675	0.8669166	1.393935	2.195519
26250	-438.0573	-606.1495	168.0922	1.501452	0.9431265	1.550045	2.012415
26256	-434.3739	-603.2589	168.885	1.296428	0.9943281	1.047972	1.920652
26262	-435.7379	-606.4471	170.7092	0.5055944	0.535656	0.7607664	1.697726
26268	-455.2711	-625.8821	170.611	0.1825329	1.170953	1.040513	1.356477
26274	-441.2783	-612.4467	171.1684	0.1742188	0.6892859	0.7148384	1.547041
26280	-442.768	-613.3999	170.6319	0.1261733	0.6892859	0.7148384	1.956803
26286	-439.9593	-610.8038	170.8445	0.140604	0.9001635	0.9657402	1.474886
26292	-430.4308	-600.8488	170.4179	0.0956974	1.069446	1.754526	1.072289
26298	-428.9232	-599.5531	170.6299	0.07864917	1.136451	0.9669318	1.504676
26304	-434.0029	-604.9398	170.9369	0.08770082	0.6957741	1.083923	1.504676
26310	-434.8245	-605.2943	170.4697	0.08641365	1.287215	0.9463535	1.523125
26316	-439.8104	-610.071	170.2606	0.1211374	1.374827	1.181131	1.413178
26322	-434.7085	-605.7095	171.0011	0.09963683	0.8480616	1.181131	1.254049
26328	-433.6087	-604.593	170.9842	0.1058614	0.6436656	1.181131	1.416369
26334	-440.6269	-610.2952	169.6683	0.07927379	1.090036	0.7389182	2.343863
26340	-439.8314	-609.2015	169.37	0.07849549	1.488582	0.6509197	2.343863
26346	-442.5094	-612.0772	169.5678	0.1629083	1.759682	0.660205	1.993142
26352	-451.7561	-622.6599	170.9038	0.1989401	0.8433561	0.926198	1.458233
26358	-442.174	-612.6261	170.4521	0.1461687	0.6177208	0.6834126	2.1251
26364	-448.1086	-619.1638	171.0551	0.1574315	0.554869	0.8723497	1.609421
26370	-445.4283	-616.2797	170.8514	0.1153556	0.7836116	0.852903	1.655411
26376	-440.4875	-611.4294	170.9419	0.259503	0.4634445	0.7216944	1.765491
26382	-449.3628	-620.4343	171.0715	0.2055464	0.7353138	0.4632816	1.744297
26388	-437.5201	-608.2899	170.7698	0.1942336	1.077165	0.6019344	1.628468
26394	-432.0294	-602.9584	170.9291	0.2057315	0.7706011	0.9940426	1.435993
26400	-431.2041	-601.7536	170.5495	0.1275888	1.593298	0.9597881	1.185781
26406	-430.9371	-600.9329	169.9958	0.159977	1.593298	1.481118	1.185781
26412	-435.24	-606.0473	170.8073	0.485047	0.7868762	1.090365	1.219505
26418	-443.0899	-613.1488	170.0589	0.6508343	0.9789468	1.251654	1.406587
26424	-429.399	-600.8525	171.4536	0.181844	0.6793185	0.7879182	1.269962
26430	-430.0802	-601.1799	171.0998	0.0805485	0.6142895	1.04868	1.467848
26436	-431.0376	-601.7439	170.7064	0.1198384	1.195104	1.045587	1.307133
26442	-440.1444	-610.3478	170.2034	0.1027629	1.285561	1.045587	1.634633
26448	-443.9988	-615.0443	171.0456	0.1789698	0.8962791	1.045587	1.223887
26454	-431.5045	-602.4689	170.9643	0.1429203	0.7461676	0.9561778	1.50325
26460	-429.8372	-600.3102	170.473	0.2898419	0.9513172	1.300627	1.348146
26466	-428.2118	-598.7535	170.5417	0.1026968	1.186453	1.32644	1.232488
26472	-432.8873	-604.2263	171.339	0.1486335	0.6233737	1.029695	1.232488
26478	-444.2331	-615.0679	170.8348	0.3183329	0.7231666	1.145743	1.338193
26484	-447.4729	-615.4024	167.9295	1.505998	1.216538	0.9258239	2.34376
26490	-436.2901	-602.9724	166.6823	2.253653	0.899811	1.050289	2.772994
26496	-441.4762	-610.5321	169.0559	0.9162272	0.490801	0.9972677	2.385362
26502	-458.4358	-628.3053	169.8695	0.4566725	0.856635	0.9643528	1.971736
26508	-454.262	-625.2176	170.9556	0.335872	0.6682965	0.755563	1.568683
26514	-447.3598	-618.2913	170.9316	0.1684224	0.6743006	1.172018	1.394744
26520	-438.49	-609.6325	171.1425	0.1678982	0.690862	0.7287461	1.559494
26526	-446.5623	-616.3784	169.8161	0.6043218	0.9435947	0.884748	1.90366
26532	-444.5901	-615.6103	171.0201	0.1810971	0.7566591	0.7467561	1.581276
26538	-448.9709	-619.9494	170.9785	0.1869992	0.5099682	0.9392012	1.617647
26544	-446.56	-616.9133	170.3533	0.1713507	1.104411	0.7595957	1.808043
26550	-446.6766	-616.86	170.1834	0.1796689	1.04306	0.466463	2.153387
26556	-448.7429	-619.224	170.4811	0.2090668	0.8079782	0.6266421	1.986095
26562	-444.3287	-615.1273	170.7985	0.3033414	0.7329698	0.5871692	1.781606
26568	-442.476	-613.8453	171.3693	0.1731709	0.6772733	0.719301	1.400645
26574	-430.5336	-601.4453	170.9116	0.1218905	0.6818039	0.7898374	1.720674
26580	-439.316	-609.3313	170.0153	0.08579517	0.9604751	0.9264359	2.077849
26586	-441.5804	-612.4217	170.8414	0.1622862	0.6043693	0.838964	1.75429
26592	-446.7241	-617.3569	170.6328	0.1215769	0.580449	0.6045336	2.094362
26598	-440.3274	-611.4184	171.091	0.1451679	0.7232312	1.051162	1.347376
26604	-440.2971	-610.8129	170.5158	0.1245841	1.136547	0.9442612	1.571863
26610	-446.2378	-616.6219	170.3842	0.1162563	1.093186	0.5887993	1.948574
26616	-439.5195	-609.9572	170.4377	0.1379012	0.6649838	0.5887993	2.174829
26622	-434.8901	-605.4259	170.5358	0.1538728	0.7521982	0.6651518	1.996571
26628	-442.4745	-613.3778	170.9033	0.2736688	0.7521982	0.6713028	1.656506
26634	-443.7854	-614.0419	170.2565	0.2200802	0.5249753	0.5982674	2.304614
26640	-432.4466	-602.6937	170.2471	0.1137221	0.9541791	0.8107549	1.986452
26646	-441.1504	-611.7849	170.6345	0.1288171	1.203397	0.8107549	1.530946
26652	-457.4047	-626.6024	169.1977	1.080597	0.5866825	0.8576811	2.236088
26658	-450.1628	-616.6399	166.4772	3.501354	0.683115	1.308505	2.084057
26664	-442.5654	-610.6028	168.0374	1.862802	0.6626032	1.395343	2.090544
26670	-443.3253	-610.0042	166.6789	3.125056	0.6637797	0.9466952	2.439679
26676	-442.1579	-608.5763	166.4183	3.014048	0.6765219	1.296002	2.44655
26682	-447.2725	-615.8808	168.6084	1.024135	1.005218	0.7442755	2.466593
26688	-449.5874	-617.7639	168.1765	1.218055	0.764969	0.7991956	2.726906
26694	-436.6154	-603.5293	166.9139	1.938906	1.076662	1.098087	2.686542
26700	-444.4954	-611.3799	166.8845	2.340279	1.56529	1.343696	1.992365
26706	-444.9527	-614.1765	169.2238	0.6662308	0.7306009	1.170605	2.203096
26712	-446.6667	-617.0428	170.3761	0.7538089	0.5826613	1.135624	1.459647
26718	-440.341	-611.1025	170.7614	0.2573597	0.6319465	0.8014954	1.753706
26724	-451.8903	-622.0511	170.1609	0.1418315	0.9458055	0.8014954	2.036865
26730	-459.6537	-625.122	165.4683	2.39138	2.07745	1.418306	2.532617
26736	-466.7176	-633.5483	166.8307	2.634977	1.095971	1.282038	2.172305
26742	-451.5672	-621.601	170.0338	0.07240651	0.7453259	1.171651	2.052003
26748	-448.8602	-619.0178	170.1577	0.07818503	1.21301	1.063983	1.722168
26754	-447.7795	-618.4884	170.7089	0.07818503	0.6510505	1.06157	1.722168
26760	-435.3885	-605.6102	170.2218	0.08157376	0.6623986	0.8689857	2.171177
26766	-441.5982	-611.7929	170.1947	0.0775353	1.364428	1.007327	1.631698
26772	-435.0382	-604.2601	169.2219	0.06681327	1.032454	1.318232	2.303752
26778	-431.6474	-600.9874	169.34	0.06681327	1.032454	1.156728	2.331414
26784	-433.1652	-602.9901	169.8248	0.06681327	1.043015	1.058053	2.074738
26790	-433.0189	-602.7182	169.6993	0.06768785	1.310708	1.111898	1.946042
26796	-438.4401	-608.6624	170.2223	0.06768785	0.7572217	1.111898	1.96191
26802	-432.025	-601.6917	169.6667	0.06768785	1.298677	1.022914	2.035045
26808	-447.2886	-617.7149	170.4263	0.06763885	0.7873806	1.012785	1.871418
26814	-437.9854	-607.2141	169.2287	0.06763885	1.372827	1.115815	2.21395
26820	-436.8462	-607.0094	170.1632	0.07594196	0.9848007	0.8530435	2.018974
26826	-457.4115	-628.1978	170.7863	0.1319899	1.31384	0.8049962	1.333252
26832	-435.7509	-606.5647	170.8138	0.144749	0.9771862	1.017188	1.396805
26838	-445.3314	-616.4392	171.1078	0.1773757	0.518947	1.084304	1.415591
26844	-431.0297	-601.7059	170.6762	0.1039756	0.9453032	1.084304	1.506025
26850	-436.738	-607.4838	170.7458	0.09983572	0.9887241	1.053599	1.446874
26856	-430.0283	-600.3877	170.3594	0.08681864	1.1441	1.053599	1.628165
26862	-450.8715	-621.1161	170.2447	0.2128263	1.400992	0.8291449	1.601228
26868	-438.0055	-609.027	171.0214	0.1099741	0.7072586	0.6301029	1.747775
26874	-433.5406	-603.9417	170.4011	0.07244493	0.8784834	1.067996	1.785961
26880	-434.7498	-604.9565	170.2067	0.08620316	1.325569	1.280372	1.441646
26886	-440.5268	-611.8591	171.3324	0.1357336	0.610616	1.043819	1.245991
26892	-444.8232	-615.6497	170.8265	0.1014365	0.743405	1.043819	1.573122
26898	-443.5452	-612.1276	168.5824	1.227843	0.743405	1.045452	2.326839
