scenario,modelID,gridTag,tree_length,gain_loss,n_char,part_rate,median_cid,iqr_cid,n_reps
mk,M1 (Mk baseline),tl1.00_gl0.10_c100,1,0.1,100,NA,0.2666642063335943,0.06408307566569946,50
mk,M2,tl1.00_gl0.10_c100,1,0.1,100,NA,0.2690181395183373,0.09806373496029108,10
mk,M11,tl1.00_gl0.10_c100,1,0.1,100,NA,0.2598559330299321,0.09171128806079165,10
mk,M10,tl1.00_gl0.10_c100,1,0.1,100,NA,0.2697723006762066,0.09530471003144092,10
mk,M6,tl1.00_gl0.10_c100,1,0.1,100,NA,0.2688322581724435,0.0931928126633349,10
mk,M7,tl1.00_gl0.10_c100,1,0.1,100,NA,0.26906328355322484,0.09683469340157538,10
mk,M4,tl1.00_gl0.10_c100,1,0.1,100,NA,0.26802352842516797,0.09645635714641751,10
mk,M3,tl1.00_gl0.10_c100,1,0.1,100,NA,0.26639808643037544,0.09821745737393284,10
mk,M5,tl1.00_gl0.10_c100,1,0.1,100,NA,0.2686821756310094,0.09377755513732008,10
mk,M9,tl1.00_gl0.10_c100,1,0.1,100,NA,0.2695738971639583,0.09414045807391425,10
mk,M12,tl1.00_gl0.10_c100,1,0.1,100,NA,0.2605513795373854,0.090608334079925,10
mk,M8 (NT baseline),tl1.00_gl0.10_c100,1,0.1,100,NA,0.2678323114385139,0.09276101173482643,10
mk,M5,tl1.00_gl0.10_c200,1,0.1,200,NA,0.19789019902822647,0.06281752240407068,10
mk,M9,tl1.00_gl0.10_c200,1,0.1,200,NA,0.19797943633707477,0.060541963786396064,10
mk,M1 (Mk baseline),tl1.00_gl0.10_c200,1,0.1,200,NA,0.17365407223839938,0.04936379527593429,50
mk,M10,tl1.00_gl0.10_c200,1,0.1,200,NA,0.196644970377018,0.0630102490795566,10
mk,M8 (NT baseline),tl1.00_gl0.10_c200,1,0.1,200,NA,0.1976061194945384,0.06261264495264987,10
mk,M3,tl1.00_gl0.10_c200,1,0.1,200,NA,0.19802216198271,0.06048672815076572,10
mk,M6,tl1.00_gl0.10_c200,1,0.1,200,NA,0.1984403843939444,0.06159944753394153,10
mk,M2,tl1.00_gl0.10_c200,1,0.1,200,NA,0.19817605786293854,0.06037866351024243,10
mk,M12,tl1.00_gl0.10_c200,1,0.1,200,NA,0.199528677215137,0.050749487674913885,9
mk,M11,tl1.00_gl0.10_c200,1,0.1,200,NA,0.17985327669909185,0.05797264256456744,10
mk,M4,tl1.00_gl0.10_c200,1,0.1,200,NA,0.19832123986395533,0.061215818021872676,10
mk,M7,tl1.00_gl0.10_c200,1,0.1,200,NA,0.195782894800952,0.04543665867568855,9
mk,M1 (Mk baseline),tl1.00_gl0.10_c25,1,0.1,25,NA,0.5349029905948726,0.09106061040102459,49
mk,M3,tl1.00_gl0.10_c25,1,0.1,25,NA,0.5430628637492112,0.06049362018676363,10
mk,M5,tl1.00_gl0.10_c25,1,0.1,25,NA,0.5449934595126777,0.05916960234267099,10
mk,M4,tl1.00_gl0.10_c25,1,0.1,25,NA,0.5427246096563696,0.06582771601497495,10
mk,M7,tl1.00_gl0.10_c25,1,0.1,25,NA,0.5420566248844927,0.06504498796976976,10
mk,M8 (NT baseline),tl1.00_gl0.10_c25,1,0.1,25,NA,0.5418487868550409,0.06618632541017322,10
mk,M9,tl1.00_gl0.10_c25,1,0.1,25,NA,0.5426926893462436,0.06671204612537474,10
mk,M6,tl1.00_gl0.10_c25,1,0.1,25,NA,0.5449728733763436,0.06647750300511746,10
mk,M12,tl1.00_gl0.10_c25,1,0.1,25,NA,0.5350142299182477,0.06583045055229864,10
mk,M11,tl1.00_gl0.10_c25,1,0.1,25,NA,0.5281509374259394,0.053068820788150894,9
mk,M2,tl1.00_gl0.10_c25,1,0.1,25,NA,0.541687158020391,0.06559107079288551,10
mk,M10,tl1.00_gl0.10_c25,1,0.1,25,NA,0.542360176025558,0.06455199972268544,10
mk,M6,tl1.00_gl0.10_c50,1,0.1,50,NA,0.38990550425420667,0.05021282120999171,10
mk,M4,tl1.00_gl0.10_c50,1,0.1,50,NA,0.3854376681885849,0.05195064849731701,10
mk,M9,tl1.00_gl0.10_c50,1,0.1,50,NA,0.38823894752735605,0.050523634784991944,10
mk,M2,tl1.00_gl0.10_c50,1,0.1,50,NA,0.3881951652360411,0.05125253520824008,10
mk,M1 (Mk baseline),tl1.00_gl0.10_c50,1,0.1,50,NA,0.3883581648908468,0.06463784504012626,50
mk,M10,tl1.00_gl0.10_c50,1,0.1,50,NA,0.3866148534299437,0.0503681495264241,10
mk,M7,tl1.00_gl0.10_c50,1,0.1,50,NA,0.38996827345409035,0.052341571877588144,10
mk,M11,tl1.00_gl0.10_c50,1,0.1,50,NA,0.35398437677147276,0.05600082431619663,10
mk,M12,tl1.00_gl0.10_c50,1,0.1,50,NA,0.38046358829327576,0.05967851999159274,10
mk,M8 (NT baseline),tl1.00_gl0.10_c50,1,0.1,50,NA,0.3865788320441381,0.049590778455673334,10
mk,M3,tl1.00_gl0.10_c50,1,0.1,50,NA,0.38697677244093825,0.04845988898040565,10
mk,M5,tl1.00_gl0.10_c50,1,0.1,50,NA,0.3837942321255861,0.05180363267930349,10
mk,M2,tl1.00_gl0.25_c100,1,0.25,100,NA,0.2690181395183373,0.09806373496029108,10
mk,M8 (NT baseline),tl1.00_gl0.25_c100,1,0.25,100,NA,0.2678323114385139,0.09276101173482643,10
mk,M6,tl1.00_gl0.25_c100,1,0.25,100,NA,0.26898428521804996,0.0931928126633349,10
mk,M7,tl1.00_gl0.25_c100,1,0.25,100,NA,0.26906328355322484,0.09683469340157538,10
mk,M9,tl1.00_gl0.25_c100,1,0.25,100,NA,0.2695738971639583,0.09414045807391425,10
mk,M12,tl1.00_gl0.25_c100,1,0.25,100,NA,0.26043072977573567,0.09062004167879367,10
mk,M5,tl1.00_gl0.25_c100,1,0.25,100,NA,0.2686821756310094,0.09377755513732008,10
mk,M4,tl1.00_gl0.25_c100,1,0.25,100,NA,0.26802352842516797,0.09645635714641751,10
mk,M11,tl1.00_gl0.25_c100,1,0.25,100,NA,0.2598559330299321,0.09171128806079165,10
mk,M3,tl1.00_gl0.25_c100,1,0.25,100,NA,0.26639808643037544,0.09821745737393284,10
mk,M10,tl1.00_gl0.25_c100,1,0.25,100,NA,0.2697723006762066,0.09530471003144092,10
mk,M1 (Mk baseline),tl1.00_gl0.25_c100,1,0.25,100,NA,0.2666642063335943,0.06117359741144662,48
mk,M10,tl1.00_gl0.25_c200,1,0.25,200,NA,0.196644970377018,0.0630102490795566,10
mk,M12,tl1.00_gl0.25_c200,1,0.25,200,NA,0.19711380251277366,0.05772000241793959,9
mk,M7,tl1.00_gl0.25_c200,1,0.25,200,NA,0.195782894800952,0.04542974015414025,9
mk,M11,tl1.00_gl0.25_c200,1,0.25,200,NA,0.17985327669909185,0.05797264256456744,10
mk,M2,tl1.00_gl0.25_c200,1,0.25,200,NA,0.19817605786293854,0.06037866351024243,10
mk,M8 (NT baseline),tl1.00_gl0.25_c200,1,0.25,200,NA,0.1976061194945384,0.06261264495264987,10
mk,M5,tl1.00_gl0.25_c200,1,0.25,200,NA,0.19789019902822647,0.06281752240407068,10
mk,M4,tl1.00_gl0.25_c200,1,0.25,200,NA,0.19832123986395533,0.061215818021872676,10
mk,M9,tl1.00_gl0.25_c200,1,0.25,200,NA,0.19797943633707477,0.060541963786396064,10
mk,M3,tl1.00_gl0.25_c200,1,0.25,200,NA,0.19802216198271,0.06048672815076572,10
mk,M1 (Mk baseline),tl1.00_gl0.25_c200,1,0.25,200,NA,0.17365407223839938,0.04936379527593429,50
mk,M6,tl1.00_gl0.25_c200,1,0.25,200,NA,0.1984403843939444,0.06159944753394153,10
mk,M2,tl1.00_gl0.25_c25,1,0.25,25,NA,0.541687158020391,0.06559107079288551,10
mk,M1 (Mk baseline),tl1.00_gl0.25_c25,1,0.25,25,NA,0.5322022648078457,0.0913966243436164,50
mk,M8 (NT baseline),tl1.00_gl0.25_c25,1,0.25,25,NA,0.5418487868550409,0.06618632541017322,10
mk,M5,tl1.00_gl0.25_c25,1,0.25,25,NA,0.5449934595126777,0.05916960234267099,10
mk,M4,tl1.00_gl0.25_c25,1,0.25,25,NA,0.5427246096563696,0.06582771601497495,10
mk,M10,tl1.00_gl0.25_c25,1,0.25,25,NA,0.542360176025558,0.06455199972268544,10
mk,M9,tl1.00_gl0.25_c25,1,0.25,25,NA,0.5426926893462436,0.06671204612537474,10
mk,M11,tl1.00_gl0.25_c25,1,0.25,25,NA,0.5309219113311752,0.05350703844163651,10
mk,M7,tl1.00_gl0.25_c25,1,0.25,25,NA,0.5420566248844927,0.06504498796976976,10
mk,M6,tl1.00_gl0.25_c25,1,0.25,25,NA,0.5449728733763436,0.06647750300511746,10
mk,M3,tl1.00_gl0.25_c25,1,0.25,25,NA,0.5430628637492112,0.06049362018676363,10
mk,M12,tl1.00_gl0.25_c25,1,0.25,25,NA,0.5348678311099959,0.06587280699992049,10
mk,M5,tl1.00_gl0.25_c50,1,0.25,50,NA,0.38548755829717973,0.05267503657283534,10
mk,M1 (Mk baseline),tl1.00_gl0.25_c50,1,0.25,50,NA,0.3883581648908468,0.06463784504012626,50
mk,M8 (NT baseline),tl1.00_gl0.25_c50,1,0.25,50,NA,0.3865788320441381,0.049590778455673334,10
mk,M2,tl1.00_gl0.25_c50,1,0.25,50,NA,0.3881951652360411,0.05125253520824008,10
mk,M3,tl1.00_gl0.25_c50,1,0.25,50,NA,0.38697677244093825,0.04845988898040565,10
mk,M11,tl1.00_gl0.25_c50,1,0.25,50,NA,0.35398437677147276,0.05600082431619663,10
mk,M6,tl1.00_gl0.25_c50,1,0.25,50,NA,0.38990550425420667,0.05021282120999171,10
mk,M10,tl1.00_gl0.25_c50,1,0.25,50,NA,0.3866148534299437,0.0503681495264241,10
mk,M12,tl1.00_gl0.25_c50,1,0.25,50,NA,0.3804334864167396,0.07240962102832577,10
mk,M4,tl1.00_gl0.25_c50,1,0.25,50,NA,0.3854376681885849,0.05195064849731701,10
mk,M9,tl1.00_gl0.25_c50,1,0.25,50,NA,0.38823894752735605,0.050523634784991944,10
mk,M7,tl1.00_gl0.25_c50,1,0.25,50,NA,0.38996827345409035,0.052341571877588144,10
mk,M2,tl1.00_gl0.50_c100,1,0.5,100,NA,0.2690181395183373,0.09806373496029108,10
mk,M8 (NT baseline),tl1.00_gl0.50_c100,1,0.5,100,NA,0.2678323114385139,0.09276101173482643,10
mk,M7,tl1.00_gl0.50_c100,1,0.5,100,NA,0.26906328355322484,0.09683469340157538,10
mk,M10,tl1.00_gl0.50_c100,1,0.5,100,NA,0.2697723006762066,0.09530471003144092,10
mk,M5,tl1.00_gl0.50_c100,1,0.5,100,NA,0.2686821756310094,0.09377755513732008,10
mk,M1 (Mk baseline),tl1.00_gl0.50_c100,1,0.5,100,NA,0.2666642063335943,0.06408307566569946,50
mk,M3,tl1.00_gl0.50_c100,1,0.5,100,NA,0.26639808643037544,0.09821745737393284,10
mk,M9,tl1.00_gl0.50_c100,1,0.5,100,NA,0.2695738971639583,0.09414045807391425,10
mk,M12,tl1.00_gl0.50_c100,1,0.5,100,NA,0.26028156106225087,0.09058171930739894,10
mk,M6,tl1.00_gl0.50_c100,1,0.5,100,NA,0.2688479560939514,0.0931928126633349,10
mk,M11,tl1.00_gl0.50_c100,1,0.5,100,NA,0.2598559330299321,0.09171128806079165,10
mk,M4,tl1.00_gl0.50_c100,1,0.5,100,NA,0.26802352842516797,0.09645635714641751,10
mk,M9,tl1.00_gl0.50_c200,1,0.5,200,NA,0.19797943633707477,0.060541963786396064,10
mk,M3,tl1.00_gl0.50_c200,1,0.5,200,NA,0.19802216198271,0.06048672815076572,10
mk,M2,tl1.00_gl0.50_c200,1,0.5,200,NA,0.19817605786293854,0.06037866351024243,10
mk,M7,tl1.00_gl0.50_c200,1,0.5,200,NA,0.195782894800952,0.04542974015414025,9
mk,M8 (NT baseline),tl1.00_gl0.50_c200,1,0.5,200,NA,0.1975893180093904,0.06260979101261333,10
mk,M11,tl1.00_gl0.50_c200,1,0.5,200,NA,0.17985327669909185,0.05797264256456744,10
mk,M1 (Mk baseline),tl1.00_gl0.50_c200,1,0.5,200,NA,0.17365407223839938,0.04936379527593429,50
mk,M4,tl1.00_gl0.50_c200,1,0.5,200,NA,0.19832123986395533,0.061215818021872676,10
mk,M10,tl1.00_gl0.50_c200,1,0.5,200,NA,0.196644970377018,0.0630102490795566,10
mk,M6,tl1.00_gl0.50_c200,1,0.5,200,NA,0.1984403843939444,0.06159944753394153,10
mk,M12,tl1.00_gl0.50_c200,1,0.5,200,NA,0.18689775362000652,0.05947713654338091,8
mk,M5,tl1.00_gl0.50_c200,1,0.5,200,NA,0.19789019902822647,0.06281752240407068,10
mk,M3,tl1.00_gl0.50_c25,1,0.5,25,NA,0.5430628637492112,0.06049362018676363,10
mk,M7,tl1.00_gl0.50_c25,1,0.5,25,NA,0.5420566248844927,0.06504498796976976,10
mk,M1 (Mk baseline),tl1.00_gl0.50_c25,1,0.5,25,NA,0.5322022648078457,0.0913966243436164,50
mk,M5,tl1.00_gl0.50_c25,1,0.5,25,NA,0.5449934595126777,0.05916960234267099,10
mk,M4,tl1.00_gl0.50_c25,1,0.5,25,NA,0.5427246096563696,0.06582771601497495,10
mk,M12,tl1.00_gl0.50_c25,1,0.5,25,NA,0.5350450646795588,0.06586163822305846,10
mk,M9,tl1.00_gl0.50_c25,1,0.5,25,NA,0.5426926893462436,0.06671204612537474,10
mk,M10,tl1.00_gl0.50_c25,1,0.5,25,NA,0.542360176025558,0.06455199972268544,10
mk,M2,tl1.00_gl0.50_c25,1,0.5,25,NA,0.541687158020391,0.06559107079288551,10
mk,M8 (NT baseline),tl1.00_gl0.50_c25,1,0.5,25,NA,0.5418487868550409,0.06618632541017322,10
mk,M6,tl1.00_gl0.50_c25,1,0.5,25,NA,0.5449728733763436,0.06647750300511746,10
mk,M11,tl1.00_gl0.50_c25,1,0.5,25,NA,0.5309219113311752,0.05350703844163651,10
mk,M7,tl1.00_gl0.50_c50,1,0.5,50,NA,0.38996827345409035,0.052341571877588144,10
mk,M9,tl1.00_gl0.50_c50,1,0.5,50,NA,0.38823894752735605,0.050523634784991944,10
mk,M6,tl1.00_gl0.50_c50,1,0.5,50,NA,0.38990550425420667,0.05021282120999171,10
mk,M11,tl1.00_gl0.50_c50,1,0.5,50,NA,0.35398437677147276,0.05600082431619663,10
mk,M10,tl1.00_gl0.50_c50,1,0.5,50,NA,0.3866148534299437,0.0503681495264241,10
mk,M5,tl1.00_gl0.50_c50,1,0.5,50,NA,0.38548755829717973,0.05267503657283534,10
mk,M8 (NT baseline),tl1.00_gl0.50_c50,1,0.5,50,NA,0.3865788320441381,0.049590778455673334,10
mk,M1 (Mk baseline),tl1.00_gl0.50_c50,1,0.5,50,NA,0.3883581648908468,0.06463784504012626,50
mk,M2,tl1.00_gl0.50_c50,1,0.5,50,NA,0.3881951652360411,0.05125253520824008,10
mk,M3,tl1.00_gl0.50_c50,1,0.5,50,NA,0.38697677244093825,0.04845988898040565,10
mk,M4,tl1.00_gl0.50_c50,1,0.5,50,NA,0.3854376681885849,0.05195064849731701,10
mk,M12,tl1.00_gl0.50_c50,1,0.5,50,NA,0.38040420750550663,0.07249278075764404,10
mk,M7,tl1.00_gl1.00_c100,1,1,100,NA,0.26906328355322484,0.09683469340157538,10
mk,M1 (Mk baseline),tl1.00_gl1.00_c100,1,1,100,NA,0.2666642063335943,0.06408307566569946,50
mk,M9,tl1.00_gl1.00_c100,1,1,100,NA,0.2695738971639583,0.09414045807391425,10
mk,M10,tl1.00_gl1.00_c100,1,1,100,NA,0.2697723006762066,0.09530471003144092,10
mk,M4,tl1.00_gl1.00_c100,1,1,100,NA,0.26802352842516797,0.09645635714641751,10
mk,M8 (NT baseline),tl1.00_gl1.00_c100,1,1,100,NA,0.2678323114385139,0.09276101173482643,10
mk,M2,tl1.00_gl1.00_c100,1,1,100,NA,0.2690181395183373,0.09806373496029108,10
mk,M5,tl1.00_gl1.00_c100,1,1,100,NA,0.2686821756310094,0.09377755513732008,10
mk,M12,tl1.00_gl1.00_c100,1,1,100,NA,0.2603558129664622,0.09059860896032923,10
mk,M3,tl1.00_gl1.00_c100,1,1,100,NA,0.26639808643037544,0.09821745737393284,10
mk,M11,tl1.00_gl1.00_c100,1,1,100,NA,0.2598559330299321,0.09171128806079165,10
mk,M6,tl1.00_gl1.00_c100,1,1,100,NA,0.2688479560939514,0.0931928126633349,10
mk,M2,tl1.00_gl1.00_c200,1,1,200,NA,0.19817605786293854,0.06037866351024243,10
mk,M5,tl1.00_gl1.00_c200,1,1,200,NA,0.19789019902822647,0.06281752240407068,10
mk,M12,tl1.00_gl1.00_c200,1,1,200,NA,0.1880100598996244,0.07131505719730694,9
mk,M1 (Mk baseline),tl1.00_gl1.00_c200,1,1,200,NA,0.17365407223839938,0.04936379527593429,50
mk,M10,tl1.00_gl1.00_c200,1,1,200,NA,0.196644970377018,0.0630102490795566,10
mk,M7,tl1.00_gl1.00_c200,1,1,200,NA,0.195782894800952,0.04542974015414025,9
mk,M11,tl1.00_gl1.00_c200,1,1,200,NA,0.17985327669909185,0.05797264256456744,10
mk,M8 (NT baseline),tl1.00_gl1.00_c200,1,1,200,NA,0.1976061194945384,0.06260979101261333,10
mk,M4,tl1.00_gl1.00_c200,1,1,200,NA,0.19832123986395533,0.061215818021872676,10
mk,M3,tl1.00_gl1.00_c200,1,1,200,NA,0.19802216198271,0.06048672815076572,10
mk,M9,tl1.00_gl1.00_c200,1,1,200,NA,0.19797943633707477,0.060541963786396064,10
mk,M6,tl1.00_gl1.00_c200,1,1,200,NA,0.1984403843939444,0.06159944753394153,10
mk,M11,tl1.00_gl1.00_c25,1,1,25,NA,0.5309219113311752,0.05350703844163651,10
mk,M7,tl1.00_gl1.00_c25,1,1,25,NA,0.5420566248844927,0.06504498796976976,10
mk,M5,tl1.00_gl1.00_c25,1,1,25,NA,0.5427286352206224,0.061900026298329136,10
mk,M3,tl1.00_gl1.00_c25,1,1,25,NA,0.5430628637492112,0.06049362018676363,10
mk,M2,tl1.00_gl1.00_c25,1,1,25,NA,0.541687158020391,0.06559107079288551,10
mk,M8 (NT baseline),tl1.00_gl1.00_c25,1,1,25,NA,0.5418487868550409,0.06618632541017322,10
mk,M1 (Mk baseline),tl1.00_gl1.00_c25,1,1,25,NA,0.5322022648078457,0.0913966243436164,50
mk,M10,tl1.00_gl1.00_c25,1,1,25,NA,0.542360176025558,0.06455199972268544,10
mk,M9,tl1.00_gl1.00_c25,1,1,25,NA,0.5426926893462436,0.06671204612537474,10
mk,M12,tl1.00_gl1.00_c25,1,1,25,NA,0.5350520778111927,0.06592073403448839,10
mk,M6,tl1.00_gl1.00_c25,1,1,25,NA,0.5449728733763436,0.06647750300511746,10
mk,M4,tl1.00_gl1.00_c25,1,1,25,NA,0.5427246096563696,0.06582771601497495,10
mk,M2,tl1.00_gl1.00_c50,1,1,50,NA,0.3881951652360411,0.05125253520824008,10
mk,M3,tl1.00_gl1.00_c50,1,1,50,NA,0.38697677244093825,0.04845988898040565,10
mk,M9,tl1.00_gl1.00_c50,1,1,50,NA,0.38823894752735605,0.050523634784991944,10
mk,M1 (Mk baseline),tl1.00_gl1.00_c50,1,1,50,NA,0.3883581648908468,0.06463784504012626,50
mk,M6,tl1.00_gl1.00_c50,1,1,50,NA,0.38990550425420667,0.05021282120999171,10
mk,M11,tl1.00_gl1.00_c50,1,1,50,NA,0.35398437677147276,0.05600082431619663,10
mk,M8 (NT baseline),tl1.00_gl1.00_c50,1,1,50,NA,0.3865788320441381,0.049590778455673334,10
mk,M7,tl1.00_gl1.00_c50,1,1,50,NA,0.38996827345409035,0.052341571877588144,10
mk,M12,tl1.00_gl1.00_c50,1,1,50,NA,0.38045168720171996,0.07260660253584111,10
mk,M5,tl1.00_gl1.00_c50,1,1,50,NA,0.38548755829717973,0.05267503657283534,10
mk,M4,tl1.00_gl1.00_c50,1,1,50,NA,0.3854376681885849,0.05195064849731701,10
mk,M10,tl1.00_gl1.00_c50,1,1,50,NA,0.3866148534299437,0.0503681495264241,10
mk,M5,tl1.50_gl0.10_c100,1.5,0.1,100,NA,0.2683007083493355,0.03211930139070451,10
mk,M6,tl1.50_gl0.10_c100,1.5,0.1,100,NA,0.26926596640752654,0.030830361185228028,10
mk,M1 (Mk baseline),tl1.50_gl0.10_c100,1.5,0.1,100,NA,0.25441595102550785,0.03988719456759948,50
mk,M10,tl1.50_gl0.10_c100,1.5,0.1,100,NA,0.2705338969061399,0.03451286045062579,10
mk,M3,tl1.50_gl0.10_c100,1.5,0.1,100,NA,0.2651765042104108,0.03176325449253803,10
mk,M7,tl1.50_gl0.10_c100,1.5,0.1,100,NA,0.2703124721715688,0.0341051022695934,10
mk,M11,tl1.50_gl0.10_c100,1.5,0.1,100,NA,0.25463160221784376,0.0225709093638011,10
mk,M4,tl1.50_gl0.10_c100,1.5,0.1,100,NA,0.2670539664856115,0.031742573922678874,10
mk,M12,tl1.50_gl0.10_c100,1.5,0.1,100,NA,0.2554054317804395,0.022908999173773315,10
mk,M2,tl1.50_gl0.10_c100,1.5,0.1,100,NA,0.2660626736427845,0.03379835281899313,10
mk,M9,tl1.50_gl0.10_c100,1.5,0.1,100,NA,0.2667778231375161,0.03584038478197443,10
mk,M8 (NT baseline),tl1.50_gl0.10_c100,1.5,0.1,100,NA,0.2668643725663311,0.032489771271030365,10
mk,M5,tl1.50_gl0.10_c200,1.5,0.1,200,NA,0.16047292706998229,0.03742925936607605,10
mk,M8 (NT baseline),tl1.50_gl0.10_c200,1.5,0.1,200,NA,0.16185046869073827,0.037281592035343175,10
mk,M9,tl1.50_gl0.10_c200,1.5,0.1,200,NA,0.16215027905165583,0.03539515414157515,10
mk,M10,tl1.50_gl0.10_c200,1.5,0.1,200,NA,0.16181916958090264,0.03482811589986601,10
mk,M6,tl1.50_gl0.10_c200,1.5,0.1,200,NA,0.1617513417075287,0.035666178109812124,10
mk,M4,tl1.50_gl0.10_c200,1.5,0.1,200,NA,0.15838332754232082,0.038673158899856036,10
mk,M12,tl1.50_gl0.10_c200,1.5,0.1,200,NA,0.15838332754232082,0.038673158899856036,10
mk,M3,tl1.50_gl0.10_c200,1.5,0.1,200,NA,0.15965059879054705,0.03737687824917757,10
mk,M1 (Mk baseline),tl1.50_gl0.10_c200,1.5,0.1,200,NA,0.16575108820211873,0.05308512894600015,50
mk,M7,tl1.50_gl0.10_c200,1.5,0.1,200,NA,0.1608240439421873,0.028541517511185888,9
mk,M11,tl1.50_gl0.10_c200,1.5,0.1,200,NA,0.13336383765328835,0.04950455776561921,10
mk,M2,tl1.50_gl0.10_c200,1.5,0.1,200,NA,0.16055807912693304,0.03984372650046225,10
mk,M5,tl1.50_gl0.10_c25,1.5,0.1,25,NA,0.5830316226885311,0.09943172071129436,10
mk,M9,tl1.50_gl0.10_c25,1.5,0.1,25,NA,0.5872108147560067,0.09783235032047577,10
mk,M4,tl1.50_gl0.10_c25,1.5,0.1,25,NA,0.5836355760146289,0.09844468365073,10
mk,M8 (NT baseline),tl1.50_gl0.10_c25,1.5,0.1,25,NA,0.5874243051593495,0.1004747788011755,10
mk,M3,tl1.50_gl0.10_c25,1.5,0.1,25,NA,0.5821389830575273,0.09852025176646972,10
mk,M10,tl1.50_gl0.10_c25,1.5,0.1,25,NA,0.586157228702323,0.097896600932735,10
mk,M12,tl1.50_gl0.10_c25,1.5,0.1,25,NA,0.572012033623494,0.08957589864223736,10
mk,M2,tl1.50_gl0.10_c25,1.5,0.1,25,NA,0.5837062871721309,0.098103369116741,10
mk,M11,tl1.50_gl0.10_c25,1.5,0.1,25,NA,0.5485877804452496,0.09967562719604339,10
mk,M1 (Mk baseline),tl1.50_gl0.10_c25,1.5,0.1,25,NA,0.5409200259553102,0.10036043217039547,37
mk,M7,tl1.50_gl0.10_c25,1.5,0.1,25,NA,0.589657973239372,0.10022165295843422,10
mk,M6,tl1.50_gl0.10_c25,1.5,0.1,25,NA,0.5842614784719211,0.09816499976429183,10
mk,M5,tl1.50_gl0.10_c50,1.5,0.1,50,NA,0.41714407030022904,0.0405142478558882,10
mk,M2,tl1.50_gl0.10_c50,1.5,0.1,50,NA,0.4168621011438527,0.04771488504130794,10
mk,M4,tl1.50_gl0.10_c50,1.5,0.1,50,NA,0.4162953786607272,0.038536865913294194,10
mk,M7,tl1.50_gl0.10_c50,1.5,0.1,50,NA,0.4198694015657057,0.041024428407743785,10
mk,M8 (NT baseline),tl1.50_gl0.10_c50,1.5,0.1,50,NA,0.4184262979663177,0.043056788669898594,10
mk,M11,tl1.50_gl0.10_c50,1.5,0.1,50,NA,0.3954491713404955,0.055798975182559774,10
mk,M10,tl1.50_gl0.10_c50,1.5,0.1,50,NA,0.4163599379962263,0.04287130888717228,10
mk,M9,tl1.50_gl0.10_c50,1.5,0.1,50,NA,0.41734021145690414,0.04215335711544549,10
mk,M6,tl1.50_gl0.10_c50,1.5,0.1,50,NA,0.41518712140518055,0.04170353208641148,10
mk,M1 (Mk baseline),tl1.50_gl0.10_c50,1.5,0.1,50,NA,0.3823915687620796,0.07302249915295245,50
mk,M12,tl1.50_gl0.10_c50,1.5,0.1,50,NA,0.40291201091728257,0.05392776101084229,10
mk,M3,tl1.50_gl0.10_c50,1.5,0.1,50,NA,0.41585224529943987,0.049302889644575576,10
mk,M7,tl1.50_gl0.25_c100,1.5,0.25,100,NA,0.2703124721715688,0.034071023487581065,10
mk,M9,tl1.50_gl0.25_c100,1.5,0.25,100,NA,0.2667778231375161,0.03584038478197443,10
mk,M5,tl1.50_gl0.25_c100,1.5,0.25,100,NA,0.2683007083493355,0.03211930139070451,10
mk,M4,tl1.50_gl0.25_c100,1.5,0.25,100,NA,0.2670539664856115,0.031742573922678874,10
mk,M2,tl1.50_gl0.25_c100,1.5,0.25,100,NA,0.2660626736427845,0.03379835281899313,10
mk,M11,tl1.50_gl0.25_c100,1.5,0.25,100,NA,0.25463160221784376,0.0225709093638011,10
mk,M3,tl1.50_gl0.25_c100,1.5,0.25,100,NA,0.2651765042104108,0.03176325449253803,10
mk,M10,tl1.50_gl0.25_c100,1.5,0.25,100,NA,0.2705338969061399,0.03451286045062579,10
mk,M12,tl1.50_gl0.25_c100,1.5,0.25,100,NA,0.2554054317804395,0.023096281209952108,10
mk,M8 (NT baseline),tl1.50_gl0.25_c100,1.5,0.25,100,NA,0.2668643725663311,0.032489771271030365,10
mk,M1 (Mk baseline),tl1.50_gl0.25_c100,1.5,0.25,100,NA,0.25441595102550785,0.03988719456759948,50
mk,M6,tl1.50_gl0.25_c100,1.5,0.25,100,NA,0.26926596640752654,0.030830361185228028,10
mk,M11,tl1.50_gl0.25_c200,1.5,0.25,200,NA,0.13336383765328835,0.04950455776561921,10
mk,M9,tl1.50_gl0.25_c200,1.5,0.25,200,NA,0.16221921798745567,0.03540113285767177,10
mk,M1 (Mk baseline),tl1.50_gl0.25_c200,1.5,0.25,200,NA,0.16575108820211873,0.05308512894600015,50
mk,M10,tl1.50_gl0.25_c200,1.5,0.25,200,NA,0.16181916958090264,0.03482811589986601,10
mk,M3,tl1.50_gl0.25_c200,1.5,0.25,200,NA,0.15965059879054705,0.03737687824917757,10
mk,M5,tl1.50_gl0.25_c200,1.5,0.25,200,NA,0.16047292706998229,0.03742925936607605,10
mk,M12,tl1.50_gl0.25_c200,1.5,0.25,200,NA,0.15838332754232082,0.033308820621515856,10
mk,M7,tl1.50_gl0.25_c200,1.5,0.25,200,NA,0.1608240439421873,0.028416036215088314,9
mk,M6,tl1.50_gl0.25_c200,1.5,0.25,200,NA,0.1617513417075287,0.035666178109812124,10
mk,M2,tl1.50_gl0.25_c200,1.5,0.25,200,NA,0.16055807912693304,0.03984372650046225,10
mk,M8 (NT baseline),tl1.50_gl0.25_c200,1.5,0.25,200,NA,0.16185046869073827,0.037281592035343175,10
mk,M4,tl1.50_gl0.25_c200,1.5,0.25,200,NA,0.15838332754232082,0.038673158899856036,10
mk,M5,tl1.50_gl0.25_c25,1.5,0.25,25,NA,0.5830316226885311,0.09943172071129436,10
mk,M7,tl1.50_gl0.25_c25,1.5,0.25,25,NA,0.589657973239372,0.10022165295843422,10
mk,M1 (Mk baseline),tl1.50_gl0.25_c25,1.5,0.25,25,NA,0.5246544769782413,0.08834333545622863,50
mk,M9,tl1.50_gl0.25_c25,1.5,0.25,25,NA,0.5872108147560067,0.09783235032047577,10
mk,M4,tl1.50_gl0.25_c25,1.5,0.25,25,NA,0.5836355760146289,0.09844468365073,10
mk,M12,tl1.50_gl0.25_c25,1.5,0.25,25,NA,0.5721350358778113,0.08954930108536274,10
mk,M6,tl1.50_gl0.25_c25,1.5,0.25,25,NA,0.5842614784719211,0.09816499976429183,10
mk,M3,tl1.50_gl0.25_c25,1.5,0.25,25,NA,0.5821389830575273,0.09852025176646972,10
mk,M11,tl1.50_gl0.25_c25,1.5,0.25,25,NA,0.5485877804452496,0.09967562719604339,10
mk,M2,tl1.50_gl0.25_c25,1.5,0.25,25,NA,0.5837062871721309,0.098103369116741,10
mk,M10,tl1.50_gl0.25_c25,1.5,0.25,25,NA,0.586157228702323,0.097896600932735,10
mk,M8 (NT baseline),tl1.50_gl0.25_c25,1.5,0.25,25,NA,0.5874243051593495,0.1004747788011755,10
mk,M6,tl1.50_gl0.25_c50,1.5,0.25,50,NA,0.41518712140518055,0.04170353208641148,10
mk,M5,tl1.50_gl0.25_c50,1.5,0.25,50,NA,0.41714407030022904,0.0405142478558882,10
mk,M9,tl1.50_gl0.25_c50,1.5,0.25,50,NA,0.41734021145690414,0.04215335711544549,10
mk,M7,tl1.50_gl0.25_c50,1.5,0.25,50,NA,0.4198694015657057,0.041024428407743785,10
mk,M1 (Mk baseline),tl1.50_gl0.25_c50,1.5,0.25,50,NA,0.3823915687620796,0.07302249915295245,50
mk,M2,tl1.50_gl0.25_c50,1.5,0.25,50,NA,0.4168621011438527,0.04771488504130794,10
mk,M3,tl1.50_gl0.25_c50,1.5,0.25,50,NA,0.41585224529943987,0.049302889644575576,10
mk,M12,tl1.50_gl0.25_c50,1.5,0.25,50,NA,0.4029392182030967,0.05395192898712725,10
mk,M4,tl1.50_gl0.25_c50,1.5,0.25,50,NA,0.4162953786607272,0.038536865913294194,10
mk,M8 (NT baseline),tl1.50_gl0.25_c50,1.5,0.25,50,NA,0.4184262979663177,0.043056788669898594,10
mk,M11,tl1.50_gl0.25_c50,1.5,0.25,50,NA,0.3954491713404955,0.055798975182559774,10
mk,M10,tl1.50_gl0.25_c50,1.5,0.25,50,NA,0.4163599379962263,0.04287130888717228,10
mk,M9,tl1.50_gl0.50_c100,1.5,0.5,100,NA,0.2667778231375161,0.03584038478197443,10
mk,M10,tl1.50_gl0.50_c100,1.5,0.5,100,NA,0.2705338969061399,0.03451286045062579,10
mk,M6,tl1.50_gl0.50_c100,1.5,0.5,100,NA,0.26926596640752654,0.030830361185228028,10
mk,M2,tl1.50_gl0.50_c100,1.5,0.5,100,NA,0.2660626736427845,0.03379835281899313,10
mk,M7,tl1.50_gl0.50_c100,1.5,0.5,100,NA,0.2703124721715688,0.03408791365419811,10
mk,M3,tl1.50_gl0.50_c100,1.5,0.5,100,NA,0.2651765042104108,0.03176325449253803,10
mk,M5,tl1.50_gl0.50_c100,1.5,0.5,100,NA,0.2683007083493355,0.03211930139070451,10
mk,M1 (Mk baseline),tl1.50_gl0.50_c100,1.5,0.5,100,NA,0.25441595102550785,0.03988719456759948,50
mk,M11,tl1.50_gl0.50_c100,1.5,0.5,100,NA,0.25463160221784376,0.0225709093638011,10
mk,M4,tl1.50_gl0.50_c100,1.5,0.5,100,NA,0.2670539664856115,0.031742573922678874,10
mk,M12,tl1.50_gl0.50_c100,1.5,0.5,100,NA,0.2554054317804395,0.022803060440799883,10
mk,M8 (NT baseline),tl1.50_gl0.50_c100,1.5,0.5,100,NA,0.2668643725663311,0.032489771271030365,10
mk,M11,tl1.50_gl0.50_c200,1.5,0.5,200,NA,0.13336383765328835,0.04950455776561921,10
mk,M9,tl1.50_gl0.50_c200,1.5,0.5,200,NA,0.16214758217214625,0.035410254209181175,10
mk,M12,tl1.50_gl0.50_c200,1.5,0.5,200,NA,0.15801639959760083,0.05303471581178837,10
mk,M4,tl1.50_gl0.50_c200,1.5,0.5,200,NA,0.15838332754232082,0.038673158899856036,10
mk,M1 (Mk baseline),tl1.50_gl0.50_c200,1.5,0.5,200,NA,0.16575108820211873,0.05308512894600015,50
mk,M8 (NT baseline),tl1.50_gl0.50_c200,1.5,0.5,200,NA,0.16185046869073827,0.037281592035343175,10
mk,M2,tl1.50_gl0.50_c200,1.5,0.5,200,NA,0.16055807912693304,0.03984372650046225,10
mk,M5,tl1.50_gl0.50_c200,1.5,0.5,200,NA,0.16047292706998229,0.03742925936607605,10
mk,M7,tl1.50_gl0.50_c200,1.5,0.5,200,NA,0.16104157709767686,0.028785653370744235,9
mk,M6,tl1.50_gl0.50_c200,1.5,0.5,200,NA,0.1617513417075287,0.035666178109812124,10
mk,M3,tl1.50_gl0.50_c200,1.5,0.5,200,NA,0.15965059879054705,0.03737687824917757,10
mk,M10,tl1.50_gl0.50_c200,1.5,0.5,200,NA,0.16181916958090264,0.03482811589986601,10
mk,M5,tl1.50_gl0.50_c25,1.5,0.5,25,NA,0.5830316226885311,0.09943172071129436,10
mk,M9,tl1.50_gl0.50_c25,1.5,0.5,25,NA,0.5872108147560067,0.09783235032047577,10
mk,M3,tl1.50_gl0.50_c25,1.5,0.5,25,NA,0.5821389830575273,0.09852025176646972,10
mk,M4,tl1.50_gl0.50_c25,1.5,0.5,25,NA,0.5836355760146289,0.09844468365073,10
mk,M2,tl1.50_gl0.50_c25,1.5,0.5,25,NA,0.5837062871721309,0.098103369116741,10
mk,M1 (Mk baseline),tl1.50_gl0.50_c25,1.5,0.5,25,NA,0.5246544769782413,0.08834333545622863,50
mk,M10,tl1.50_gl0.50_c25,1.5,0.5,25,NA,0.586157228702323,0.097896600932735,10
mk,M11,tl1.50_gl0.50_c25,1.5,0.5,25,NA,0.5485877804452496,0.09967562719604339,10
mk,M8 (NT baseline),tl1.50_gl0.50_c25,1.5,0.5,25,NA,0.5874243051593495,0.1004747788011755,10
mk,M12,tl1.50_gl0.50_c25,1.5,0.5,25,NA,0.5642085250742417,0.08960111658146797,10
mk,M7,tl1.50_gl0.50_c25,1.5,0.5,25,NA,0.589657973239372,0.10022165295843422,10
mk,M6,tl1.50_gl0.50_c25,1.5,0.5,25,NA,0.5842614784719211,0.09816499976429183,10
mk,M2,tl1.50_gl0.50_c50,1.5,0.5,50,NA,0.4168621011438527,0.04771488504130794,10
mk,M5,tl1.50_gl0.50_c50,1.5,0.5,50,NA,0.41714407030022904,0.0405142478558882,10
mk,M8 (NT baseline),tl1.50_gl0.50_c50,1.5,0.5,50,NA,0.4184262979663177,0.043056788669898594,10
mk,M7,tl1.50_gl0.50_c50,1.5,0.5,50,NA,0.4198694015657057,0.041024428407743785,10
mk,M6,tl1.50_gl0.50_c50,1.5,0.5,50,NA,0.41518712140518055,0.04170353208641148,10
mk,M11,tl1.50_gl0.50_c50,1.5,0.5,50,NA,0.3954491713404955,0.055798975182559774,10
mk,M1 (Mk baseline),tl1.50_gl0.50_c50,1.5,0.5,50,NA,0.3823915687620796,0.07302249915295245,50
mk,M10,tl1.50_gl0.50_c50,1.5,0.5,50,NA,0.4163599379962263,0.04287130888717228,10
mk,M3,tl1.50_gl0.50_c50,1.5,0.5,50,NA,0.41585224529943987,0.049302889644575576,10
mk,M9,tl1.50_gl0.50_c50,1.5,0.5,50,NA,0.41734021145690414,0.04215335711544549,10
mk,M4,tl1.50_gl0.50_c50,1.5,0.5,50,NA,0.4162953786607272,0.038536865913294194,10
mk,M12,tl1.50_gl0.50_c50,1.5,0.5,50,NA,0.4037607365004694,0.049363228416424154,10
mk,M1 (Mk baseline),tl1.50_gl1.00_c100,1.5,1,100,NA,0.25441595102550785,0.03988719456759948,50
mk,M7,tl1.50_gl1.00_c100,1.5,1,100,NA,0.2703124721715688,0.03412685663306869,10
mk,M4,tl1.50_gl1.00_c100,1.5,1,100,NA,0.2670539664856115,0.031742573922678874,10
mk,M3,tl1.50_gl1.00_c100,1.5,1,100,NA,0.2651765042104108,0.03176325449253803,10
mk,M10,tl1.50_gl1.00_c100,1.5,1,100,NA,0.2705338969061399,0.03451286045062579,10
mk,M5,tl1.50_gl1.00_c100,1.5,1,100,NA,0.2683007083493355,0.03211930139070451,10
mk,M12,tl1.50_gl1.00_c100,1.5,1,100,NA,0.2554054317804395,0.022872686526717034,10
mk,M2,tl1.50_gl1.00_c100,1.5,1,100,NA,0.2660626736427845,0.03379835281899313,10
mk,M9,tl1.50_gl1.00_c100,1.5,1,100,NA,0.2667778231375161,0.03584038478197443,10
mk,M11,tl1.50_gl1.00_c100,1.5,1,100,NA,0.25463160221784376,0.0225709093638011,10
mk,M8 (NT baseline),tl1.50_gl1.00_c100,1.5,1,100,NA,0.2668643725663311,0.032489771271030365,10
mk,M6,tl1.50_gl1.00_c100,1.5,1,100,NA,0.26926596640752654,0.030830361185228028,10
mk,M8 (NT baseline),tl1.50_gl1.00_c200,1.5,1,200,NA,0.16185046869073827,0.037281592035343175,10
mk,M5,tl1.50_gl1.00_c200,1.5,1,200,NA,0.16047292706998229,0.03742925936607605,10
mk,M7,tl1.50_gl1.00_c200,1.5,1,200,NA,0.1608240439421873,0.028494679234348008,9
mk,M1 (Mk baseline),tl1.50_gl1.00_c200,1.5,1,200,NA,0.16575108820211873,0.05308512894600015,50
mk,M6,tl1.50_gl1.00_c200,1.5,1,200,NA,0.1617513417075287,0.035666178109812124,10
mk,M4,tl1.50_gl1.00_c200,1.5,1,200,NA,0.15838332754232082,0.038673158899856036,10
mk,M9,tl1.50_gl1.00_c200,1.5,1,200,NA,0.1622187910308633,0.035535622197904626,10
mk,M2,tl1.50_gl1.00_c200,1.5,1,200,NA,0.16055807912693304,0.03984372650046225,10
mk,M11,tl1.50_gl1.00_c200,1.5,1,200,NA,0.13336383765328835,0.04950455776561921,10
mk,M3,tl1.50_gl1.00_c200,1.5,1,200,NA,0.15965059879054705,0.03737687824917757,10
mk,M10,tl1.50_gl1.00_c200,1.5,1,200,NA,0.16181916958090264,0.03482811589986601,10
mk,M12,tl1.50_gl1.00_c200,1.5,1,200,NA,0.1459516241071115,0.05507955593835717,10
mk,M1 (Mk baseline),tl1.50_gl1.00_c25,1.5,1,25,NA,0.5246544769782413,0.08834333545622863,50
mk,M12,tl1.50_gl1.00_c25,1.5,1,25,NA,0.5642052948083625,0.08962295595791503,10
mk,M11,tl1.50_gl1.00_c25,1.5,1,25,NA,0.5485877804452496,0.09967562719604339,10
mk,M8 (NT baseline),tl1.50_gl1.00_c25,1.5,1,25,NA,0.5874243051593495,0.1004747788011755,10
mk,M3,tl1.50_gl1.00_c25,1.5,1,25,NA,0.5821389830575273,0.09852025176646972,10
mk,M9,tl1.50_gl1.00_c25,1.5,1,25,NA,0.5872108147560067,0.09783235032047577,10
mk,M2,tl1.50_gl1.00_c25,1.5,1,25,NA,0.5837062871721309,0.098103369116741,10
mk,M5,tl1.50_gl1.00_c25,1.5,1,25,NA,0.5849688958606692,0.08864788749691366,10
mk,M10,tl1.50_gl1.00_c25,1.5,1,25,NA,0.586157228702323,0.097896600932735,10
mk,M7,tl1.50_gl1.00_c25,1.5,1,25,NA,0.589657973239372,0.10022165295843422,10
mk,M6,tl1.50_gl1.00_c25,1.5,1,25,NA,0.5842614784719211,0.09816499976429183,10
mk,M4,tl1.50_gl1.00_c25,1.5,1,25,NA,0.5836355760146289,0.09844468365073,10
mk,M1 (Mk baseline),tl1.50_gl1.00_c50,1.5,1,50,NA,0.3823915687620796,0.07302249915295245,50
mk,M5,tl1.50_gl1.00_c50,1.5,1,50,NA,0.41714407030022904,0.0405142478558882,10
mk,M9,tl1.50_gl1.00_c50,1.5,1,50,NA,0.41734021145690414,0.04215335711544549,10
mk,M3,tl1.50_gl1.00_c50,1.5,1,50,NA,0.41585224529943987,0.049302889644575576,10
mk,M12,tl1.50_gl1.00_c50,1.5,1,50,NA,0.4029110868681883,0.05955912824148801,10
mk,M4,tl1.50_gl1.00_c50,1.5,1,50,NA,0.4162953786607272,0.038536865913294194,10
mk,M2,tl1.50_gl1.00_c50,1.5,1,50,NA,0.4168621011438527,0.04771488504130794,10
mk,M11,tl1.50_gl1.00_c50,1.5,1,50,NA,0.3954491713404955,0.055798975182559774,10
mk,M8 (NT baseline),tl1.50_gl1.00_c50,1.5,1,50,NA,0.4184262979663177,0.043056788669898594,10
mk,M6,tl1.50_gl1.00_c50,1.5,1,50,NA,0.41518712140518055,0.04170353208641148,10
mk,M7,tl1.50_gl1.00_c50,1.5,1,50,NA,0.4198694015657057,0.041024428407743785,10
mk,M10,tl1.50_gl1.00_c50,1.5,1,50,NA,0.4163599379962263,0.04287130888717228,10
mk,M1 (Mk baseline),tl2.50_gl0.10_c100,2.5,0.1,100,NA,0.2301120442619355,0.04717274457312745,50
mk,M6,tl2.50_gl0.10_c100,2.5,0.1,100,NA,0.2561959803925776,0.046804590743654284,10
mk,M12,tl2.50_gl0.10_c100,2.5,0.1,100,NA,0.2220856289923867,0.04585515661762135,10
mk,M10,tl2.50_gl0.10_c100,2.5,0.1,100,NA,0.2538120749298516,0.0484383023527063,10
mk,M4,tl2.50_gl0.10_c100,2.5,0.1,100,NA,0.2548752133584533,0.046187438786045504,10
mk,M9,tl2.50_gl0.10_c100,2.5,0.1,100,NA,0.2563790307577443,0.04826629271800209,10
mk,M5,tl2.50_gl0.10_c100,2.5,0.1,100,NA,0.25497364145823576,0.04737220197077391,10
mk,M11,tl2.50_gl0.10_c100,2.5,0.1,100,NA,0.22115178455064288,0.04742933322838511,10
mk,M2,tl2.50_gl0.10_c100,2.5,0.1,100,NA,0.25446929568384646,0.0443783235138866,10
mk,M7,tl2.50_gl0.10_c100,2.5,0.1,100,NA,0.26596798911649355,0.03556310256294942,8
mk,M3,tl2.50_gl0.10_c100,2.5,0.1,100,NA,0.25639321376227564,0.04931763153365554,10
mk,M8 (NT baseline),tl2.50_gl0.10_c100,2.5,0.1,100,NA,0.25734234328000094,0.04438991913780774,10
mk,M10,tl2.50_gl0.10_c200,2.5,0.1,200,NA,0.1595428094980132,0.058348139276356514,10
mk,M8 (NT baseline),tl2.50_gl0.10_c200,2.5,0.1,200,NA,0.16028613719018067,0.060376593624385286,10
mk,M7,tl2.50_gl0.10_c200,2.5,0.1,200,NA,0.12840073729022314,0.05835204539009502,7
mk,M2,tl2.50_gl0.10_c200,2.5,0.1,200,NA,0.16112032013002464,0.059654030533637645,10
mk,M12,tl2.50_gl0.10_c200,2.5,0.1,200,NA,0.15921020397763883,0.059180148588321685,10
mk,M1 (Mk baseline),tl2.50_gl0.10_c200,2.5,0.1,200,NA,0.15467437609784573,0.03854336628158142,50
mk,M5,tl2.50_gl0.10_c200,2.5,0.1,200,NA,0.1608846036062096,0.058011062618958026,10
mk,M11,tl2.50_gl0.10_c200,2.5,0.1,200,NA,0.12796053534798554,0.06434384751275017,10
mk,M6,tl2.50_gl0.10_c200,2.5,0.1,200,NA,0.16012395711079272,0.058536059240914304,10
mk,M9,tl2.50_gl0.10_c200,2.5,0.1,200,NA,0.16155864938192266,0.05969938331246205,10
mk,M4,tl2.50_gl0.10_c200,2.5,0.1,200,NA,0.15921020397763883,0.059180148588321685,10
mk,M3,tl2.50_gl0.10_c200,2.5,0.1,200,NA,0.1604815771695219,0.058539015397641905,10
mk,M8 (NT baseline),tl2.50_gl0.10_c25,2.5,0.1,25,NA,0.5303938879836876,0.03089797701347008,10
mk,M5,tl2.50_gl0.10_c25,2.5,0.1,25,NA,0.5283478313047236,0.03129979341558298,10
mk,M4,tl2.50_gl0.10_c25,2.5,0.1,25,NA,0.5267083813934779,0.032041924120809195,10
mk,M7,tl2.50_gl0.10_c25,2.5,0.1,25,NA,0.5319197882434714,0.03474760609147365,10
mk,M3,tl2.50_gl0.10_c25,2.5,0.1,25,NA,0.5271974940032359,0.03252024391128672,10
mk,M10,tl2.50_gl0.10_c25,2.5,0.1,25,NA,0.5277388384556709,0.030350996158723942,10
mk,M12,tl2.50_gl0.10_c25,2.5,0.1,25,NA,0.5129635429602009,0.021980489378948587,10
mk,M6,tl2.50_gl0.10_c25,2.5,0.1,25,NA,0.5305509077449253,0.03063049078321467,10
mk,M2,tl2.50_gl0.10_c25,2.5,0.1,25,NA,0.5317912783550905,0.032401314483458066,10
mk,M11,tl2.50_gl0.10_c25,2.5,0.1,25,NA,0.48413660007364223,0.0549999992873344,10
mk,M9,tl2.50_gl0.10_c25,2.5,0.1,25,NA,0.5311293074621077,0.03601818405841972,10
mk,M1 (Mk baseline),tl2.50_gl0.10_c25,2.5,0.1,25,NA,0.5226105214881553,0.06999805243144358,48
mk,M7,tl2.50_gl0.10_c50,2.5,0.1,50,NA,0.3859501342097042,0.06671876371294994,10
mk,M8 (NT baseline),tl2.50_gl0.10_c50,2.5,0.1,50,NA,0.3859981170174353,0.0795428719797508,10
mk,M5,tl2.50_gl0.10_c50,2.5,0.1,50,NA,0.38468263280316967,0.06709569508887409,10
mk,M4,tl2.50_gl0.10_c50,2.5,0.1,50,NA,0.38277290992858953,0.07266437116117119,10
mk,M10,tl2.50_gl0.10_c50,2.5,0.1,50,NA,0.38606100730235676,0.06830059220421614,10
mk,M11,tl2.50_gl0.10_c50,2.5,0.1,50,NA,0.37315242487784755,0.06596247225846963,10
mk,M2,tl2.50_gl0.10_c50,2.5,0.1,50,NA,0.3831840602811146,0.06574081677512439,10
mk,M12,tl2.50_gl0.10_c50,2.5,0.1,50,NA,0.374169429186872,0.06971815363822698,10
mk,M3,tl2.50_gl0.10_c50,2.5,0.1,50,NA,0.3856786825028153,0.0693200139602651,10
mk,M1 (Mk baseline),tl2.50_gl0.10_c50,2.5,0.1,50,NA,0.3571517637517406,0.07426144377764998,50
mk,M9,tl2.50_gl0.10_c50,2.5,0.1,50,NA,0.3866699688078238,0.06584161271729483,10
mk,M6,tl2.50_gl0.10_c50,2.5,0.1,50,NA,0.38713279725337546,0.06371129245188217,10
mk,M5,tl2.50_gl0.25_c100,2.5,0.25,100,NA,0.25497364145823576,0.04737220197077391,10
mk,M7,tl2.50_gl0.25_c100,2.5,0.25,100,NA,0.26025355266584604,0.038659391139541255,9
mk,M11,tl2.50_gl0.25_c100,2.5,0.25,100,NA,0.22115178455064288,0.04742933322838511,10
mk,M4,tl2.50_gl0.25_c100,2.5,0.25,100,NA,0.2548752133584533,0.046187438786045504,10
mk,M9,tl2.50_gl0.25_c100,2.5,0.25,100,NA,0.2563675828702641,0.04826629271800209,10
mk,M8 (NT baseline),tl2.50_gl0.25_c100,2.5,0.25,100,NA,0.25734234328000094,0.04438991913780774,10
mk,M3,tl2.50_gl0.25_c100,2.5,0.25,100,NA,0.25639321376227564,0.04931763153365554,10
mk,M10,tl2.50_gl0.25_c100,2.5,0.25,100,NA,0.2538120749298516,0.0484383023527063,10
mk,M2,tl2.50_gl0.25_c100,2.5,0.25,100,NA,0.25446929568384646,0.0443783235138866,10
mk,M6,tl2.50_gl0.25_c100,2.5,0.25,100,NA,0.2561959803925776,0.046804590743654284,10
mk,M1 (Mk baseline),tl2.50_gl0.25_c100,2.5,0.25,100,NA,0.2301120442619355,0.04717274457312745,50
mk,M12,tl2.50_gl0.25_c100,2.5,0.25,100,NA,0.2220856289923867,0.046005675531025525,10
mk,M2,tl2.50_gl0.25_c200,2.5,0.25,200,NA,0.16112032013002464,0.059654030533637645,10
mk,M9,tl2.50_gl0.25_c200,2.5,0.25,200,NA,0.1615152442993153,0.05973268567562706,10
mk,M7,tl2.50_gl0.25_c200,2.5,0.25,200,NA,0.1282269636187498,0.05824910970609873,7
mk,M3,tl2.50_gl0.25_c200,2.5,0.25,200,NA,0.1604815771695219,0.058539015397641905,10
mk,M5,tl2.50_gl0.25_c200,2.5,0.25,200,NA,0.1608846036062096,0.058011062618958026,10
mk,M8 (NT baseline),tl2.50_gl0.25_c200,2.5,0.25,200,NA,0.16028613719018067,0.060376593624385286,10
mk,M10,tl2.50_gl0.25_c200,2.5,0.25,200,NA,0.1595428094980132,0.058348139276356514,10
mk,M12,tl2.50_gl0.25_c200,2.5,0.25,200,NA,0.15921020397763883,0.059180148588321685,10
mk,M4,tl2.50_gl0.25_c200,2.5,0.25,200,NA,0.15921020397763883,0.059180148588321685,10
mk,M6,tl2.50_gl0.25_c200,2.5,0.25,200,NA,0.16012395711079272,0.058536059240914304,10
mk,M11,tl2.50_gl0.25_c200,2.5,0.25,200,NA,0.12796053534798554,0.06434384751275017,10
mk,M1 (Mk baseline),tl2.50_gl0.25_c200,2.5,0.25,200,NA,0.15467437609784573,0.03854336628158142,50
mk,M2,tl2.50_gl0.25_c25,2.5,0.25,25,NA,0.5317912783550905,0.032401314483458066,10
mk,M3,tl2.50_gl0.25_c25,2.5,0.25,25,NA,0.5271974940032359,0.03252024391128672,10
mk,M4,tl2.50_gl0.25_c25,2.5,0.25,25,NA,0.5267083813934779,0.032041924120809195,10
mk,M7,tl2.50_gl0.25_c25,2.5,0.25,25,NA,0.5319197882434714,0.03474760609147365,10
mk,M1 (Mk baseline),tl2.50_gl0.25_c25,2.5,0.25,25,NA,0.5226105214881553,0.07116602953432472,50
mk,M12,tl2.50_gl0.25_c25,2.5,0.25,25,NA,0.5062967037573891,0.05837268164270687,10
mk,M9,tl2.50_gl0.25_c25,2.5,0.25,25,NA,0.5311293074621077,0.03601818405841972,10
mk,M6,tl2.50_gl0.25_c25,2.5,0.25,25,NA,0.5305509077449253,0.03063049078321467,10
mk,M11,tl2.50_gl0.25_c25,2.5,0.25,25,NA,0.48413660007364223,0.0549999992873344,10
mk,M8 (NT baseline),tl2.50_gl0.25_c25,2.5,0.25,25,NA,0.5303938879836876,0.03089797701347008,10
mk,M10,tl2.50_gl0.25_c25,2.5,0.25,25,NA,0.5277388384556709,0.030350996158723942,10
mk,M5,tl2.50_gl0.25_c25,2.5,0.25,25,NA,0.5283478313047236,0.03129979341558298,10
mk,M7,tl2.50_gl0.25_c50,2.5,0.25,50,NA,0.38595834119860956,0.06671876371294994,10
mk,M9,tl2.50_gl0.25_c50,2.5,0.25,50,NA,0.3866699688078238,0.06584161271729483,10
mk,M6,tl2.50_gl0.25_c50,2.5,0.25,50,NA,0.38713279725337546,0.06371129245188217,10
mk,M3,tl2.50_gl0.25_c50,2.5,0.25,50,NA,0.3856786825028153,0.0693200139602651,10
mk,M11,tl2.50_gl0.25_c50,2.5,0.25,50,NA,0.37315242487784755,0.06596247225846963,10
mk,M1 (Mk baseline),tl2.50_gl0.25_c50,2.5,0.25,50,NA,0.3571517637517406,0.07426144377764998,50
mk,M5,tl2.50_gl0.25_c50,2.5,0.25,50,NA,0.38468263280316967,0.06709569508887409,10
mk,M10,tl2.50_gl0.25_c50,2.5,0.25,50,NA,0.38606100730235676,0.06830059220421614,10
mk,M2,tl2.50_gl0.25_c50,2.5,0.25,50,NA,0.3831840602811146,0.06574081677512439,10
mk,M8 (NT baseline),tl2.50_gl0.25_c50,2.5,0.25,50,NA,0.3859981170174353,0.0795428719797508,10
mk,M4,tl2.50_gl0.25_c50,2.5,0.25,50,NA,0.38277290992858953,0.07266437116117119,10
mk,M12,tl2.50_gl0.25_c50,2.5,0.25,50,NA,0.37972337647119664,0.07516676352461582,10
mk,M1 (Mk baseline),tl2.50_gl0.50_c100,2.5,0.5,100,NA,0.2301120442619355,0.04717274457312745,50
mk,M9,tl2.50_gl0.50_c100,2.5,0.5,100,NA,0.2563675828702641,0.04826629271800209,10
mk,M3,tl2.50_gl0.50_c100,2.5,0.5,100,NA,0.25639321376227564,0.04931763153365554,10
mk,M10,tl2.50_gl0.50_c100,2.5,0.5,100,NA,0.2538120749298516,0.0484383023527063,10
mk,M5,tl2.50_gl0.50_c100,2.5,0.5,100,NA,0.25497364145823576,0.04737220197077391,10
mk,M2,tl2.50_gl0.50_c100,2.5,0.5,100,NA,0.25446929568384646,0.0443783235138866,10
mk,M7,tl2.50_gl0.50_c100,2.5,0.5,100,NA,0.26025355266584604,0.03879956193296802,9
mk,M4,tl2.50_gl0.50_c100,2.5,0.5,100,NA,0.2548752133584533,0.046187438786045504,10
mk,M12,tl2.50_gl0.50_c100,2.5,0.5,100,NA,0.2220856289923867,0.04607059079206727,10
mk,M8 (NT baseline),tl2.50_gl0.50_c100,2.5,0.5,100,NA,0.25734234328000094,0.04438991913780774,10
mk,M11,tl2.50_gl0.50_c100,2.5,0.5,100,NA,0.22115178455064288,0.04742933322838511,10
mk,M6,tl2.50_gl0.50_c100,2.5,0.5,100,NA,0.2561959803925776,0.046804590743654284,10
mk,M12,tl2.50_gl0.50_c200,2.5,0.5,200,NA,0.14997153897160545,0.07539786734422486,10
mk,M1 (Mk baseline),tl2.50_gl0.50_c200,2.5,0.5,200,NA,0.15467437609784573,0.03854336628158142,50
mk,M8 (NT baseline),tl2.50_gl0.50_c200,2.5,0.5,200,NA,0.16028613719018067,0.060376593624385286,10
mk,M3,tl2.50_gl0.50_c200,2.5,0.5,200,NA,0.1604815771695219,0.058539015397641905,10
mk,M4,tl2.50_gl0.50_c200,2.5,0.5,200,NA,0.15921020397763883,0.059180148588321685,10
mk,M9,tl2.50_gl0.50_c200,2.5,0.5,200,NA,0.16166924560046442,0.05970011674373579,10
mk,M6,tl2.50_gl0.50_c200,2.5,0.5,200,NA,0.16012395711079272,0.058536059240914304,10
mk,M11,tl2.50_gl0.50_c200,2.5,0.5,200,NA,0.12796053534798554,0.06434384751275017,10
mk,M5,tl2.50_gl0.50_c200,2.5,0.5,200,NA,0.1608846036062096,0.058011062618958026,10
mk,M7,tl2.50_gl0.50_c200,2.5,0.5,200,NA,0.12838632946729453,0.05828190127217245,7
mk,M2,tl2.50_gl0.50_c200,2.5,0.5,200,NA,0.16112032013002464,0.059654030533637645,10
mk,M10,tl2.50_gl0.50_c200,2.5,0.5,200,NA,0.1595428094980132,0.058348139276356514,10
mk,M7,tl2.50_gl0.50_c25,2.5,0.5,25,NA,0.5319197882434714,0.03474760609147365,10
mk,M2,tl2.50_gl0.50_c25,2.5,0.5,25,NA,0.5317912783550905,0.032401314483458066,10
mk,M8 (NT baseline),tl2.50_gl0.50_c25,2.5,0.5,25,NA,0.5303938879836876,0.03089797701347008,10
mk,M5,tl2.50_gl0.50_c25,2.5,0.5,25,NA,0.5250395281926225,0.034437470151270966,10
mk,M4,tl2.50_gl0.50_c25,2.5,0.5,25,NA,0.5267083813934779,0.032041924120809195,10
mk,M11,tl2.50_gl0.50_c25,2.5,0.5,25,NA,0.48413660007364223,0.0549999992873344,10
mk,M10,tl2.50_gl0.50_c25,2.5,0.5,25,NA,0.5277388384556709,0.030350996158723942,10
mk,M9,tl2.50_gl0.50_c25,2.5,0.5,25,NA,0.5311293074621077,0.03601818405841972,10
mk,M3,tl2.50_gl0.50_c25,2.5,0.5,25,NA,0.5271974940032359,0.03252024391128672,10
mk,M1 (Mk baseline),tl2.50_gl0.50_c25,2.5,0.5,25,NA,0.5226105214881553,0.07116602953432472,50
mk,M12,tl2.50_gl0.50_c25,2.5,0.5,25,NA,0.5062967037573891,0.043660081330540945,10
mk,M6,tl2.50_gl0.50_c25,2.5,0.5,25,NA,0.5305509077449253,0.03063049078321467,10
mk,M10,tl2.50_gl0.50_c50,2.5,0.5,50,NA,0.38606100730235676,0.06830059220421614,10
mk,M3,tl2.50_gl0.50_c50,2.5,0.5,50,NA,0.3856786825028153,0.0693200139602651,10
mk,M11,tl2.50_gl0.50_c50,2.5,0.5,50,NA,0.37315242487784755,0.06596247225846963,10
mk,M7,tl2.50_gl0.50_c50,2.5,0.5,50,NA,0.38596364488612267,0.06671876371294994,10
mk,M1 (Mk baseline),tl2.50_gl0.50_c50,2.5,0.5,50,NA,0.3571517637517406,0.07426144377764998,50
mk,M4,tl2.50_gl0.50_c50,2.5,0.5,50,NA,0.38277290992858953,0.07266437116117119,10
mk,M8 (NT baseline),tl2.50_gl0.50_c50,2.5,0.5,50,NA,0.3859981170174353,0.0795428719797508,10
mk,M5,tl2.50_gl0.50_c50,2.5,0.5,50,NA,0.38468263280316967,0.06709569508887409,10
mk,M2,tl2.50_gl0.50_c50,2.5,0.5,50,NA,0.3831840602811146,0.06574081677512439,10
mk,M12,tl2.50_gl0.50_c50,2.5,0.5,50,NA,0.38190432708896577,0.08713144594143368,10
mk,M9,tl2.50_gl0.50_c50,2.5,0.5,50,NA,0.3866699688078238,0.06584161271729483,10
mk,M6,tl2.50_gl0.50_c50,2.5,0.5,50,NA,0.38713279725337546,0.06371129245188217,10
mk,M5,tl2.50_gl1.00_c100,2.5,1,100,NA,0.25497364145823576,0.04737220197077391,10
mk,M4,tl2.50_gl1.00_c100,2.5,1,100,NA,0.2548752133584533,0.046187438786045504,10
mk,M7,tl2.50_gl1.00_c100,2.5,1,100,NA,0.26025355266584604,0.03877351862664388,9
mk,M10,tl2.50_gl1.00_c100,2.5,1,100,NA,0.2538120749298516,0.0484383023527063,10
mk,M3,tl2.50_gl1.00_c100,2.5,1,100,NA,0.25639321376227564,0.04931763153365554,10
mk,M2,tl2.50_gl1.00_c100,2.5,1,100,NA,0.25446929568384646,0.0443783235138866,10
mk,M6,tl2.50_gl1.00_c100,2.5,1,100,NA,0.2561959803925776,0.046804590743654284,10
mk,M12,tl2.50_gl1.00_c100,2.5,1,100,NA,0.2220856289923867,0.04607059079206727,10
mk,M8 (NT baseline),tl2.50_gl1.00_c100,2.5,1,100,NA,0.25734234328000094,0.04438991913780774,10
mk,M1 (Mk baseline),tl2.50_gl1.00_c100,2.5,1,100,NA,0.2301120442619355,0.04717274457312745,50
mk,M11,tl2.50_gl1.00_c100,2.5,1,100,NA,0.22115178455064288,0.04742933322838511,10
mk,M9,tl2.50_gl1.00_c100,2.5,1,100,NA,0.2563675828702641,0.04826629271800209,10
mk,M8 (NT baseline),tl2.50_gl1.00_c200,2.5,1,200,NA,0.16028613719018067,0.060376593624385286,10
mk,M2,tl2.50_gl1.00_c200,2.5,1,200,NA,0.16112032013002464,0.059654030533637645,10
mk,M10,tl2.50_gl1.00_c200,2.5,1,200,NA,0.1595428094980132,0.058348139276356514,10
mk,M6,tl2.50_gl1.00_c200,2.5,1,200,NA,0.16012395711079272,0.058536059240914304,10
mk,M5,tl2.50_gl1.00_c200,2.5,1,200,NA,0.1608846036062096,0.058011062618958026,10
mk,M9,tl2.50_gl1.00_c200,2.5,1,200,NA,0.16148188954807474,0.05975965461688221,10
mk,M7,tl2.50_gl1.00_c200,2.5,1,200,NA,0.14690156193152756,0.06019934552378882,8
mk,M4,tl2.50_gl1.00_c200,2.5,1,200,NA,0.15921020397763883,0.059180148588321685,10
mk,M3,tl2.50_gl1.00_c200,2.5,1,200,NA,0.1604815771695219,0.058539015397641905,10
mk,M12,tl2.50_gl1.00_c200,2.5,1,200,NA,0.12964687485884355,0.06787127465436994,10
mk,M1 (Mk baseline),tl2.50_gl1.00_c200,2.5,1,200,NA,0.15467437609784573,0.03854336628158142,50
mk,M11,tl2.50_gl1.00_c200,2.5,1,200,NA,0.12796053534798554,0.06434384751275017,10
mk,M1 (Mk baseline),tl2.50_gl1.00_c25,2.5,1,25,NA,0.5226105214881553,0.07116602953432472,50
mk,M7,tl2.50_gl1.00_c25,2.5,1,25,NA,0.5319197882434714,0.03474760609147365,10
mk,M11,tl2.50_gl1.00_c25,2.5,1,25,NA,0.48413660007364223,0.0549999992873344,10
mk,M9,tl2.50_gl1.00_c25,2.5,1,25,NA,0.5311293074621077,0.03601818405841972,10
mk,M12,tl2.50_gl1.00_c25,2.5,1,25,NA,0.5063215002600825,0.043643399877050904,10
mk,M6,tl2.50_gl1.00_c25,2.5,1,25,NA,0.5305509077449253,0.03063049078321467,10
mk,M5,tl2.50_gl1.00_c25,2.5,1,25,NA,0.5250395281926225,0.03351322725169181,10
mk,M2,tl2.50_gl1.00_c25,2.5,1,25,NA,0.5317912783550905,0.032401314483458066,10
mk,M3,tl2.50_gl1.00_c25,2.5,1,25,NA,0.5271974940032359,0.03252024391128672,10
mk,M4,tl2.50_gl1.00_c25,2.5,1,25,NA,0.5267083813934779,0.032041924120809195,10
mk,M8 (NT baseline),tl2.50_gl1.00_c25,2.5,1,25,NA,0.5303938879836876,0.03089797701347008,10
mk,M10,tl2.50_gl1.00_c25,2.5,1,25,NA,0.5277388384556709,0.030350996158723942,10
mk,M5,tl2.50_gl1.00_c50,2.5,1,50,NA,0.38468263280316967,0.06709569508887409,10
mk,M9,tl2.50_gl1.00_c50,2.5,1,50,NA,0.3866699688078238,0.06584161271729483,10
mk,M8 (NT baseline),tl2.50_gl1.00_c50,2.5,1,50,NA,0.3859981170174353,0.0795428719797508,10
mk,M3,tl2.50_gl1.00_c50,2.5,1,50,NA,0.3856786825028153,0.0693200139602651,10
mk,M11,tl2.50_gl1.00_c50,2.5,1,50,NA,0.37315242487784755,0.06596247225846963,10
mk,M2,tl2.50_gl1.00_c50,2.5,1,50,NA,0.3831840602811146,0.06574081677512439,10
mk,M1 (Mk baseline),tl2.50_gl1.00_c50,2.5,1,50,NA,0.3571517637517406,0.07426144377764998,50
mk,M10,tl2.50_gl1.00_c50,2.5,1,50,NA,0.38606100730235676,0.06830059220421614,10
mk,M6,tl2.50_gl1.00_c50,2.5,1,50,NA,0.38713279725337546,0.06371129245188217,10
mk,M7,tl2.50_gl1.00_c50,2.5,1,50,NA,0.38589183002359084,0.06671876371294994,10
mk,M4,tl2.50_gl1.00_c50,2.5,1,50,NA,0.38277290992858953,0.07266437116117119,10
mk,M12,tl2.50_gl1.00_c50,2.5,1,50,NA,0.379732414773195,0.08695751613345448,10
mk,M9,tl5.00_gl0.10_c100,5,0.1,100,NA,0.25282792532634,0.049803982703661875,5
mk,M2,tl5.00_gl0.10_c100,5,0.1,100,NA,0.2555925854049757,0.04967084006205974,10
mk,M8 (NT baseline),tl5.00_gl0.10_c100,5,0.1,100,NA,0.25549461958678543,0.049162625855959735,10
mk,M12,tl5.00_gl0.10_c100,5,0.1,100,NA,0.2151693697221361,0.09938808799355012,10
mk,M7,tl5.00_gl0.10_c100,5,0.1,100,NA,0.26235202168677785,0.05297032595765397,9
mk,M6,tl5.00_gl0.10_c100,5,0.1,100,NA,0.2548674506868406,0.048558444860772154,10
mk,M4,tl5.00_gl0.10_c100,5,0.1,100,NA,0.25426046259731583,0.050889579886275016,10
mk,M1 (Mk baseline),tl5.00_gl0.10_c100,5,0.1,100,NA,0.2500983019112286,0.058792641653022754,50
mk,M10,tl5.00_gl0.10_c100,5,0.1,100,NA,0.2575293697657258,0.05288536389072013,10
mk,M5,tl5.00_gl0.10_c100,5,0.1,100,NA,0.2543624277591344,0.051087667362040234,10
mk,M3,tl5.00_gl0.10_c100,5,0.1,100,NA,0.25480586209533396,0.05018963050703007,10
mk,M11,tl5.00_gl0.10_c100,5,0.1,100,NA,0.2130789784044445,0.1006760555206177,10
mk,M8 (NT baseline),tl5.00_gl0.10_c200,5,0.1,200,NA,0.18094987411073268,0.055173632985903553,10
mk,M6,tl5.00_gl0.10_c200,5,0.1,200,NA,0.18282900260883925,0.055391207503704215,10
mk,M12,tl5.00_gl0.10_c200,5,0.1,200,NA,0.1797101040385618,0.04606278162876992,10
mk,M4,tl5.00_gl0.10_c200,5,0.1,200,NA,0.18140253414181734,0.055306097318311376,10
mk,M7,tl5.00_gl0.10_c200,5,0.1,200,NA,0.18083827546534526,0.06260955324035886,10
mk,M9,tl5.00_gl0.10_c200,5,0.1,200,NA,0.18024578716062212,0,1
mk,M10,tl5.00_gl0.10_c200,5,0.1,200,NA,0.1845165527252719,0.05848005077382096,10
mk,M2,tl5.00_gl0.10_c200,5,0.1,200,NA,0.18236792631154533,0.056247243656120965,10
mk,M1 (Mk baseline),tl5.00_gl0.10_c200,5,0.1,200,NA,0.15934883666687122,0.05205875158268397,50
mk,M11,tl5.00_gl0.10_c200,5,0.1,200,NA,0.1436564177197499,0.06149621055539235,10
mk,M3,tl5.00_gl0.10_c200,5,0.1,200,NA,0.18036512460471021,0.05285546416978165,10
mk,M5,tl5.00_gl0.10_c200,5,0.1,200,NA,0.18189785608447456,0.05660232948945648,10
mk,M10,tl5.00_gl0.10_c25,5,0.1,25,NA,0.5284305624331951,0.05041168536323659,10
mk,M5,tl5.00_gl0.10_c25,5,0.1,25,NA,0.5304811046538624,0.0577269745143798,10
mk,M11,tl5.00_gl0.10_c25,5,0.1,25,NA,0.5025010241022807,0.03202277759795835,10
mk,M8 (NT baseline),tl5.00_gl0.10_c25,5,0.1,25,NA,0.5307562380474791,0.06584879748332217,10
mk,M7,tl5.00_gl0.10_c25,5,0.1,25,NA,0.5288260448904254,0.07673236738925004,10
mk,M2,tl5.00_gl0.10_c25,5,0.1,25,NA,0.5300904246653204,0.06632074362720486,10
mk,M1 (Mk baseline),tl5.00_gl0.10_c25,5,0.1,25,NA,0.504686903576469,0.07207652611718568,50
mk,M12,tl5.00_gl0.10_c25,5,0.1,25,NA,0.5106403201274944,0.021999293029626776,10
mk,M6,tl5.00_gl0.10_c25,5,0.1,25,NA,0.5275259531773641,0.06648029114886522,10
mk,M4,tl5.00_gl0.10_c25,5,0.1,25,NA,0.530379609360238,0.0574274770467631,10
mk,M9,tl5.00_gl0.10_c25,5,0.1,25,NA,0.5327676587443408,0.07512888355920044,10
mk,M3,tl5.00_gl0.10_c25,5,0.1,25,NA,0.5309221729777549,0.05910215210981762,10
mk,M4,tl5.00_gl0.10_c50,5,0.1,50,NA,0.3636991197419759,0.05096584947010524,10
mk,M1 (Mk baseline),tl5.00_gl0.10_c50,5,0.1,50,NA,0.3576274737505979,0.058375378199117756,50
mk,M2,tl5.00_gl0.10_c50,5,0.1,50,NA,0.3645094564434308,0.05381061189666697,10
mk,M8 (NT baseline),tl5.00_gl0.10_c50,5,0.1,50,NA,0.3642754316591466,0.04932929561186106,10
mk,M11,tl5.00_gl0.10_c50,5,0.1,50,NA,0.3218566363910611,0.0482180408461626,10
mk,M12,tl5.00_gl0.10_c50,5,0.1,50,NA,0.3263532159912216,0.04925202479318275,10
mk,M10,tl5.00_gl0.10_c50,5,0.1,50,NA,0.3673593765867761,0.043507350933778555,10
mk,M3,tl5.00_gl0.10_c50,5,0.1,50,NA,0.36190411998281496,0.05360552611281438,10
mk,M5,tl5.00_gl0.10_c50,5,0.1,50,NA,0.36502328016427876,0.047566035347279045,10
mk,M9,tl5.00_gl0.10_c50,5,0.1,50,NA,0.3670599672100546,0.05236820130898723,10
mk,M7,tl5.00_gl0.10_c50,5,0.1,50,NA,0.35141077501323925,0.045282401765795954,8
mk,M6,tl5.00_gl0.10_c50,5,0.1,50,NA,0.36507338241710086,0.05166189349883993,10
mk,M11,tl5.00_gl0.25_c100,5,0.25,100,NA,0.2130789784044445,0.1006760555206177,10
mk,M5,tl5.00_gl0.25_c100,5,0.25,100,NA,0.2543624277591344,0.051087667362040234,10
mk,M8 (NT baseline),tl5.00_gl0.25_c100,5,0.25,100,NA,0.25549461958678543,0.049162625855959735,10
mk,M1 (Mk baseline),tl5.00_gl0.25_c100,5,0.25,100,NA,0.25012047130450765,0.058792641653022754,50
mk,M4,tl5.00_gl0.25_c100,5,0.25,100,NA,0.25426046259731583,0.050889579886275016,10
mk,M9,tl5.00_gl0.25_c100,5,0.25,100,NA,0.25282792532634,0.04962104464373951,5
mk,M2,tl5.00_gl0.25_c100,5,0.25,100,NA,0.2555925854049757,0.04967084006205974,10
mk,M6,tl5.00_gl0.25_c100,5,0.25,100,NA,0.2548674506868406,0.048558444860772154,10
mk,M3,tl5.00_gl0.25_c100,5,0.25,100,NA,0.25480586209533396,0.05018963050703007,10
mk,M7,tl5.00_gl0.25_c100,5,0.25,100,NA,0.26251234390971256,0.053100575181658394,9
mk,M10,tl5.00_gl0.25_c100,5,0.25,100,NA,0.2575293697657258,0.05288536389072013,10
mk,M12,tl5.00_gl0.25_c100,5,0.25,100,NA,0.2151693697221361,0.09938808799355012,10
mk,M2,tl5.00_gl0.25_c200,5,0.25,200,NA,0.18236792631154533,0.056247243656120965,10
mk,M7,tl5.00_gl0.25_c200,5,0.25,200,NA,0.1808890077937344,0.06263259108010333,10
mk,M9,tl5.00_gl0.25_c200,5,0.25,200,NA,0.18024578716062212,0,1
mk,M3,tl5.00_gl0.25_c200,5,0.25,200,NA,0.18036512460471021,0.05285546416978165,10
mk,M11,tl5.00_gl0.25_c200,5,0.25,200,NA,0.1436564177197499,0.06149621055539235,10
mk,M4,tl5.00_gl0.25_c200,5,0.25,200,NA,0.18140253414181734,0.055306097318311376,10
mk,M8 (NT baseline),tl5.00_gl0.25_c200,5,0.25,200,NA,0.18094987411073268,0.055173632985903553,10
mk,M6,tl5.00_gl0.25_c200,5,0.25,200,NA,0.18282900260883925,0.055391207503704215,10
mk,M12,tl5.00_gl0.25_c200,5,0.25,200,NA,0.1713934995919238,0.06727585911464826,8
mk,M1 (Mk baseline),tl5.00_gl0.25_c200,5,0.25,200,NA,0.15934883666687122,0.05205875158268397,50
mk,M5,tl5.00_gl0.25_c200,5,0.25,200,NA,0.18189785608447456,0.05660232948945648,10
mk,M10,tl5.00_gl0.25_c200,5,0.25,200,NA,0.1845165527252719,0.05848005077382096,10
mk,M9,tl5.00_gl0.25_c25,5,0.25,25,NA,0.5329083875798687,0.07512888355920044,10
mk,M7,tl5.00_gl0.25_c25,5,0.25,25,NA,0.5287730469896658,0.07673236738925004,10
mk,M3,tl5.00_gl0.25_c25,5,0.25,25,NA,0.5309221729777549,0.05910215210981762,10
mk,M1 (Mk baseline),tl5.00_gl0.25_c25,5,0.25,25,NA,0.504686903576469,0.07207652611718568,50
mk,M12,tl5.00_gl0.25_c25,5,0.25,25,NA,0.5003411084305758,0.03187276143093554,10
mk,M10,tl5.00_gl0.25_c25,5,0.25,25,NA,0.5284305624331951,0.05041168536323659,10
mk,M5,tl5.00_gl0.25_c25,5,0.25,25,NA,0.5304811046538624,0.0577269745143798,10
mk,M2,tl5.00_gl0.25_c25,5,0.25,25,NA,0.5300904246653204,0.06632074362720486,10
mk,M8 (NT baseline),tl5.00_gl0.25_c25,5,0.25,25,NA,0.5307562380474791,0.06584879748332217,10
mk,M11,tl5.00_gl0.25_c25,5,0.25,25,NA,0.5025010241022807,0.03202277759795835,10
mk,M4,tl5.00_gl0.25_c25,5,0.25,25,NA,0.530379609360238,0.0574274770467631,10
mk,M6,tl5.00_gl0.25_c25,5,0.25,25,NA,0.5275259531773641,0.06648029114886522,10
mk,M3,tl5.00_gl0.25_c50,5,0.25,50,NA,0.36190411998281496,0.05360552611281438,10
mk,M9,tl5.00_gl0.25_c50,5,0.25,50,NA,0.3670657159402583,0.05266233894439387,10
mk,M6,tl5.00_gl0.25_c50,5,0.25,50,NA,0.36507338241710086,0.05166189349883993,10
mk,M5,tl5.00_gl0.25_c50,5,0.25,50,NA,0.36502328016427876,0.047566035347279045,10
mk,M10,tl5.00_gl0.25_c50,5,0.25,50,NA,0.3673593765867761,0.043507350933778555,10
mk,M11,tl5.00_gl0.25_c50,5,0.25,50,NA,0.3218566363910611,0.0482180408461626,10
mk,M7,tl5.00_gl0.25_c50,5,0.25,50,NA,0.3513162802632938,0.045330741928046425,8
mk,M1 (Mk baseline),tl5.00_gl0.25_c50,5,0.25,50,NA,0.3576274737505979,0.058375378199117756,50
mk,M2,tl5.00_gl0.25_c50,5,0.25,50,NA,0.3645094564434308,0.05381061189666697,10
mk,M8 (NT baseline),tl5.00_gl0.25_c50,5,0.25,50,NA,0.3642754316591466,0.04932929561186106,10
mk,M4,tl5.00_gl0.25_c50,5,0.25,50,NA,0.3636991197419759,0.05096584947010524,10
mk,M12,tl5.00_gl0.25_c50,5,0.25,50,NA,0.3263955271212435,0.049370967072101535,10
mk,M7,tl5.00_gl0.50_c100,5,0.5,100,NA,0.26241056186762146,0.0529348261149587,9
mk,M8 (NT baseline),tl5.00_gl0.50_c100,5,0.5,100,NA,0.25549461958678543,0.049162625855959735,10
mk,M5,tl5.00_gl0.50_c100,5,0.5,100,NA,0.2543624277591344,0.051087667362040234,10
mk,M1 (Mk baseline),tl5.00_gl0.50_c100,5,0.5,100,NA,0.25012047130450765,0.058792641653022754,50
mk,M2,tl5.00_gl0.50_c100,5,0.5,100,NA,0.2555925854049757,0.04967084006205974,10
mk,M10,tl5.00_gl0.50_c100,5,0.5,100,NA,0.2575293697657258,0.05288536389072013,10
mk,M4,tl5.00_gl0.50_c100,5,0.5,100,NA,0.25426046259731583,0.050889579886275016,10
mk,M11,tl5.00_gl0.50_c100,5,0.5,100,NA,0.2130789784044445,0.1006760555206177,10
mk,M9,tl5.00_gl0.50_c100,5,0.5,100,NA,0.25282792532634,0.04970246018466265,5
mk,M6,tl5.00_gl0.50_c100,5,0.5,100,NA,0.2548674506868406,0.048558444860772154,10
mk,M3,tl5.00_gl0.50_c100,5,0.5,100,NA,0.25480586209533396,0.05018963050703007,10
mk,M12,tl5.00_gl0.50_c100,5,0.5,100,NA,0.21517547361123604,0.09938808799355012,10
mk,M4,tl5.00_gl0.50_c200,5,0.5,200,NA,0.18140253414181734,0.055306097318311376,10
mk,M11,tl5.00_gl0.50_c200,5,0.5,200,NA,0.1436564177197499,0.06149621055539235,10
mk,M12,tl5.00_gl0.50_c200,5,0.5,200,NA,0.14878846425539702,0.06914112809032039,8
mk,M8 (NT baseline),tl5.00_gl0.50_c200,5,0.5,200,NA,0.18094987411073268,0.055173632985903553,10
mk,M2,tl5.00_gl0.50_c200,5,0.5,200,NA,0.18236792631154533,0.056247243656120965,10
mk,M5,tl5.00_gl0.50_c200,5,0.5,200,NA,0.18189785608447456,0.05660232948945648,10
mk,M1 (Mk baseline),tl5.00_gl0.50_c200,5,0.5,200,NA,0.15934883666687122,0.05205875158268397,50
mk,M10,tl5.00_gl0.50_c200,5,0.5,200,NA,0.1845165527252719,0.05848005077382096,10
mk,M7,tl5.00_gl0.50_c200,5,0.5,200,NA,0.1809315454845947,0.06260195344610694,10
mk,M9,tl5.00_gl0.50_c200,5,0.5,200,NA,0.18015946030776625,0,1
mk,M3,tl5.00_gl0.50_c200,5,0.5,200,NA,0.18036512460471021,0.05285546416978165,10
mk,M6,tl5.00_gl0.50_c200,5,0.5,200,NA,0.18282900260883925,0.055391207503704215,10
mk,M2,tl5.00_gl0.50_c25,5,0.5,25,NA,0.5300904246653204,0.06632074362720486,10
mk,M4,tl5.00_gl0.50_c25,5,0.5,25,NA,0.530379609360238,0.0574274770467631,10
mk,M8 (NT baseline),tl5.00_gl0.50_c25,5,0.5,25,NA,0.5307562380474791,0.06584879748332217,10
mk,M7,tl5.00_gl0.50_c25,5,0.5,25,NA,0.5288500603611206,0.07673236738925004,10
mk,M10,tl5.00_gl0.50_c25,5,0.5,25,NA,0.5284305624331951,0.05041168536323659,10
mk,M5,tl5.00_gl0.50_c25,5,0.5,25,NA,0.5275986142150348,0.05742301449969289,10
mk,M11,tl5.00_gl0.50_c25,5,0.5,25,NA,0.5025010241022807,0.03202277759795835,10
mk,M1 (Mk baseline),tl5.00_gl0.50_c25,5,0.5,25,NA,0.504686903576469,0.07207652611718568,50
mk,M12,tl5.00_gl0.50_c25,5,0.5,25,NA,0.5106589573038645,0.022011859463259342,10
mk,M9,tl5.00_gl0.50_c25,5,0.5,25,NA,0.5329083875798687,0.07512888355920044,10
mk,M3,tl5.00_gl0.50_c25,5,0.5,25,NA,0.5309221729777549,0.05910215210981762,10
mk,M6,tl5.00_gl0.50_c25,5,0.5,25,NA,0.5275259531773641,0.06648029114886522,10
mk,M2,tl5.00_gl0.50_c50,5,0.5,50,NA,0.3645094564434308,0.05381061189666697,10
mk,M8 (NT baseline),tl5.00_gl0.50_c50,5,0.5,50,NA,0.3642754316591466,0.04932929561186106,10
mk,M9,tl5.00_gl0.50_c50,5,0.5,50,NA,0.3670383777981372,0.0523252453410209,10
mk,M1 (Mk baseline),tl5.00_gl0.50_c50,5,0.5,50,NA,0.3576274737505979,0.058375378199117756,50
mk,M3,tl5.00_gl0.50_c50,5,0.5,50,NA,0.36190411998281496,0.05360552611281438,10
mk,M11,tl5.00_gl0.50_c50,5,0.5,50,NA,0.3218566363910611,0.0482180408461626,10
mk,M7,tl5.00_gl0.50_c50,5,0.5,50,NA,0.3513788916851772,0.04533493145710432,8
mk,M12,tl5.00_gl0.50_c50,5,0.5,50,NA,0.3266614216585476,0.049462530964301865,10
mk,M10,tl5.00_gl0.50_c50,5,0.5,50,NA,0.3673593765867761,0.043507350933778555,10
mk,M6,tl5.00_gl0.50_c50,5,0.5,50,NA,0.36507338241710086,0.05166189349883993,10
mk,M4,tl5.00_gl0.50_c50,5,0.5,50,NA,0.3636991197419759,0.05096584947010524,10
mk,M5,tl5.00_gl0.50_c50,5,0.5,50,NA,0.36502328016427876,0.047566035347279045,10
mk,M5,tl5.00_gl1.00_c100,5,1,100,NA,0.2543624277591344,0.051087667362040234,10
mk,M1 (Mk baseline),tl5.00_gl1.00_c100,5,1,100,NA,0.25012047130450765,0.058792641653022754,50
mk,M10,tl5.00_gl1.00_c100,5,1,100,NA,0.2575293697657258,0.05288536389072013,10
mk,M9,tl5.00_gl1.00_c100,5,1,100,NA,0.25282792532634,0.05282171758323212,5
mk,M6,tl5.00_gl1.00_c100,5,1,100,NA,0.2548674506868406,0.048558444860772154,10
mk,M4,tl5.00_gl1.00_c100,5,1,100,NA,0.25426046259731583,0.050889579886275016,10
mk,M2,tl5.00_gl1.00_c100,5,1,100,NA,0.2555925854049757,0.04967084006205974,10
mk,M8 (NT baseline),tl5.00_gl1.00_c100,5,1,100,NA,0.25549461958678543,0.049162625855959735,10
mk,M12,tl5.00_gl1.00_c100,5,1,100,NA,0.21517370324866358,0.09938808799355012,10
mk,M7,tl5.00_gl1.00_c100,5,1,100,NA,0.2623233316885114,0.052935810548508294,9
mk,M3,tl5.00_gl1.00_c100,5,1,100,NA,0.25480586209533396,0.05018963050703007,10
mk,M11,tl5.00_gl1.00_c100,5,1,100,NA,0.2130789784044445,0.1006760555206177,10
mk,M2,tl5.00_gl1.00_c200,5,1,200,NA,0.18236792631154533,0.056247243656120965,10
mk,M4,tl5.00_gl1.00_c200,5,1,200,NA,0.18140253414181734,0.055306097318311376,10
mk,M12,tl5.00_gl1.00_c200,5,1,200,NA,0.1427740209733999,0.06478342725453008,10
mk,M7,tl5.00_gl1.00_c200,5,1,200,NA,0.18090847750009148,0.0626094278223869,10
mk,M8 (NT baseline),tl5.00_gl1.00_c200,5,1,200,NA,0.18094987411073268,0.055173632985903553,10
mk,M1 (Mk baseline),tl5.00_gl1.00_c200,5,1,200,NA,0.15934883666687122,0.05205875158268397,50
mk,M5,tl5.00_gl1.00_c200,5,1,200,NA,0.18189785608447456,0.05660232948945648,10
mk,M10,tl5.00_gl1.00_c200,5,1,200,NA,0.1845165527252719,0.05848005077382096,10
mk,M6,tl5.00_gl1.00_c200,5,1,200,NA,0.18282900260883925,0.055391207503704215,10
mk,M11,tl5.00_gl1.00_c200,5,1,200,NA,0.1436564177197499,0.06149621055539235,10
mk,M3,tl5.00_gl1.00_c200,5,1,200,NA,0.18036512460471021,0.05285546416978165,10
mk,M9,tl5.00_gl1.00_c200,5,1,200,NA,0.18011280582856692,0,1
mk,M6,tl5.00_gl1.00_c25,5,1,25,NA,0.5275259531773641,0.06648029114886522,10
mk,M9,tl5.00_gl1.00_c25,5,1,25,NA,0.5329083875798687,0.07512888355920044,10
mk,M3,tl5.00_gl1.00_c25,5,1,25,NA,0.5309221729777549,0.05910215210981762,10
mk,M5,tl5.00_gl1.00_c25,5,1,25,NA,0.5275986142150348,0.05742301449969289,10
mk,M2,tl5.00_gl1.00_c25,5,1,25,NA,0.5300904246653204,0.06632074362720486,10
mk,M7,tl5.00_gl1.00_c25,5,1,25,NA,0.528850982582217,0.07673981746140413,10
mk,M1 (Mk baseline),tl5.00_gl1.00_c25,5,1,25,NA,0.504686903576469,0.07207652611718568,50
mk,M4,tl5.00_gl1.00_c25,5,1,25,NA,0.530379609360238,0.0574274770467631,10
mk,M8 (NT baseline),tl5.00_gl1.00_c25,5,1,25,NA,0.5307562380474791,0.06584879748332217,10
mk,M12,tl5.00_gl1.00_c25,5,1,25,NA,0.5003411084305758,0.031892388743886224,10
mk,M10,tl5.00_gl1.00_c25,5,1,25,NA,0.5284305624331951,0.05041168536323659,10
mk,M11,tl5.00_gl1.00_c25,5,1,25,NA,0.5025010241022807,0.03202277759795835,10
mk,M5,tl5.00_gl1.00_c50,5,1,50,NA,0.36502328016427876,0.047566035347279045,10
mk,M3,tl5.00_gl1.00_c50,5,1,50,NA,0.36190411998281496,0.05360552611281438,10
mk,M8 (NT baseline),tl5.00_gl1.00_c50,5,1,50,NA,0.3642754316591466,0.04932929561186106,10
mk,M1 (Mk baseline),tl5.00_gl1.00_c50,5,1,50,NA,0.3576274737505979,0.058375378199117756,50
mk,M4,tl5.00_gl1.00_c50,5,1,50,NA,0.3636991197419759,0.05096584947010524,10
mk,M11,tl5.00_gl1.00_c50,5,1,50,NA,0.3218566363910611,0.0482180408461626,10
mk,M2,tl5.00_gl1.00_c50,5,1,50,NA,0.3645094564434308,0.05381061189666697,10
mk,M9,tl5.00_gl1.00_c50,5,1,50,NA,0.3670484918652156,0.0523181608455881,10
mk,M6,tl5.00_gl1.00_c50,5,1,50,NA,0.36507338241710086,0.05166189349883993,10
mk,M7,tl5.00_gl1.00_c50,5,1,50,NA,0.3514173733149948,0.045432806744810206,8
mk,M10,tl5.00_gl1.00_c50,5,1,50,NA,0.3673593765867761,0.043507350933778555,10
mk,M12,tl5.00_gl1.00_c50,5,1,50,NA,0.3263751363557315,0.04947764209730904,10
nt,M11,tl1.00_gl0.10_pr1.00_c100,1,0.1,100,1,0.27059639770238697,0.128096252217214,10
nt,M5,tl1.00_gl0.10_pr1.00_c100,1,0.1,100,1,0.3215336741389601,0.10008447011615151,10
nt,M7,tl1.00_gl0.10_pr1.00_c100,1,0.1,100,1,0.32973647743037365,0.0928779215355981,10
nt,M9,tl1.00_gl0.10_pr1.00_c100,1,0.1,100,1,0.330136762555348,0.09175291536949626,10
nt,M10,tl1.00_gl0.10_pr1.00_c100,1,0.1,100,1,0.3278096261332704,0.10523031638479985,10
nt,M3,tl1.00_gl0.10_pr1.00_c100,1,0.1,100,1,0.29353727315426154,0.11029401310349013,10
nt,M4,tl1.00_gl0.10_pr1.00_c100,1,0.1,100,1,0.2981972871934056,0.12106221251340998,10
nt,M6,tl1.00_gl0.10_pr1.00_c100,1,0.1,100,1,0.30570030635055584,0.11251807342586118,10
nt,M1 (Mk baseline),tl1.00_gl0.10_pr1.00_c100,1,0.1,100,1,0.2967762527350642,0.12222052750721779,10
nt,M12,tl1.00_gl0.10_pr1.00_c100,1,0.1,100,1,0.27638233659291733,0.12404799915088954,10
nt,M8 (NT baseline),tl1.00_gl0.10_pr1.00_c100,1,0.1,100,1,0.32990816807077633,0.09663012886880507,10
nt,M2,tl1.00_gl0.10_pr1.00_c100,1,0.1,100,1,0.3018126143005899,0.11637666028770499,10
nt,M11,tl1.00_gl0.10_pr1.00_c200,1,0.1,200,1,0.18247703210183186,0.06431091191302052,10
nt,M8 (NT baseline),tl1.00_gl0.10_pr1.00_c200,1,0.1,200,1,0.17653712642857122,0.06410142046996883,10
nt,M3,tl1.00_gl0.10_pr1.00_c200,1,0.1,200,1,0.1773321365451358,0.058015260582831074,10
nt,M6,tl1.00_gl0.10_pr1.00_c200,1,0.1,200,1,0.18083183055241644,0.05116419400580641,10
nt,M7,tl1.00_gl0.10_pr1.00_c200,1,0.1,200,1,0.1767494326214189,0.061746166483342524,10
nt,M5,tl1.00_gl0.10_pr1.00_c200,1,0.1,200,1,0.17506763802824682,0.04924912825811306,10
nt,M2,tl1.00_gl0.10_pr1.00_c200,1,0.1,200,1,0.1795217960470467,0.049339121248144324,10
nt,M4,tl1.00_gl0.10_pr1.00_c200,1,0.1,200,1,0.17971241856808412,0.048332579484759164,10
nt,M1 (Mk baseline),tl1.00_gl0.10_pr1.00_c200,1,0.1,200,1,0.18061540344843113,0.05556416198892217,10
nt,M10,tl1.00_gl0.10_pr1.00_c200,1,0.1,200,1,0.17524928152185432,0.06438592976047888,10
nt,M12,tl1.00_gl0.10_pr1.00_c200,1,0.1,200,1,0.17971241856808412,0.048332579484759164,10
nt,M9,tl1.00_gl0.10_pr1.00_c200,1,0.1,200,1,0.1969058001891289,0.04585872431190516,6
nt,M5,tl1.00_gl0.10_pr1.00_c25,1,0.1,25,1,0.5322373154591415,0.0391247637739186,10
nt,M10,tl1.00_gl0.10_pr1.00_c25,1,0.1,25,1,0.5416489448149329,0.0432300178126509,10
nt,M8 (NT baseline),tl1.00_gl0.10_pr1.00_c25,1,0.1,25,1,0.5375193026711323,0.042047494991962364,10
nt,M9,tl1.00_gl0.10_pr1.00_c25,1,0.1,25,1,0.5391558596888855,0.04092058132877974,10
nt,M3,tl1.00_gl0.10_pr1.00_c25,1,0.1,25,1,0.5327930595502404,0.061118113882125624,10
nt,M11,tl1.00_gl0.10_pr1.00_c25,1,0.1,25,1,0.504558369673854,0.053946446188857355,10
nt,M6,tl1.00_gl0.10_pr1.00_c25,1,0.1,25,1,0.5388739255787536,0.035320997174285496,10
nt,M4,tl1.00_gl0.10_pr1.00_c25,1,0.1,25,1,0.5332951270301041,0.03863201493461921,10
nt,M12,tl1.00_gl0.10_pr1.00_c25,1,0.1,25,1,0.5360782768808305,0.05981765144681439,9
nt,M7,tl1.00_gl0.10_pr1.00_c25,1,0.1,25,1,0.5409182997296108,0.04320531983996734,10
nt,M1 (Mk baseline),tl1.00_gl0.10_pr1.00_c25,1,0.1,25,1,0.5353195243069168,0.047098915979748246,10
nt,M2,tl1.00_gl0.10_pr1.00_c25,1,0.1,25,1,0.5410221971779705,0.04339471155941532,10
nt,M10,tl1.00_gl0.10_pr1.00_c50,1,0.1,50,1,0.44420661545217544,0.113881645718511,10
nt,M7,tl1.00_gl0.10_pr1.00_c50,1,0.1,50,1,0.44470820440209746,0.12279873895025023,10
nt,M9,tl1.00_gl0.10_pr1.00_c50,1,0.1,50,1,0.44256269109942026,0.11927294386251314,10
nt,M1 (Mk baseline),tl1.00_gl0.10_pr1.00_c50,1,0.1,50,1,0.46612981799152237,0.11799864604181676,10
nt,M6,tl1.00_gl0.10_pr1.00_c50,1,0.1,50,1,0.46024636041578393,0.10868827280962245,10
nt,M8 (NT baseline),tl1.00_gl0.10_pr1.00_c50,1,0.1,50,1,0.44517400719196343,0.11549554007895557,10
nt,M12,tl1.00_gl0.10_pr1.00_c50,1,0.1,50,1,0.43618954057966663,0.09397600602684936,10
nt,M11,tl1.00_gl0.10_pr1.00_c50,1,0.1,50,1,0.4368519960603986,0.08346358614761928,10
nt,M5,tl1.00_gl0.10_pr1.00_c50,1,0.1,50,1,0.45045242282367787,0.10839981456958214,10
nt,M3,tl1.00_gl0.10_pr1.00_c50,1,0.1,50,1,0.46063351650723394,0.12924259718274522,10
nt,M4,tl1.00_gl0.10_pr1.00_c50,1,0.1,50,1,0.464905223831457,0.10622014625822912,10
nt,M2,tl1.00_gl0.10_pr1.00_c50,1,0.1,50,1,0.461577735641865,0.11231472678650078,10
nt,M10,tl1.00_gl0.10_pr2.50_c100,1,0.1,100,2.5,0.2845784067133715,0.09467128276670322,10
nt,M9,tl1.00_gl0.10_pr2.50_c100,1,0.1,100,2.5,0.29303461440308604,0.09410512130462906,10
nt,M5,tl1.00_gl0.10_pr2.50_c100,1,0.1,100,2.5,0.2975926969290001,0.102770006977461,10
nt,M11,tl1.00_gl0.10_pr2.50_c100,1,0.1,100,2.5,0.28478235838623644,0.11651251471995011,10
nt,M12,tl1.00_gl0.10_pr2.50_c100,1,0.1,100,2.5,0.290939848943232,0.1110489031526524,10
nt,M1 (Mk baseline),tl1.00_gl0.10_pr2.50_c100,1,0.1,100,2.5,0.30200404181412843,0.10776586840501257,10
nt,M8 (NT baseline),tl1.00_gl0.10_pr2.50_c100,1,0.1,100,2.5,0.2885451282363898,0.0931819045219916,10
nt,M2,tl1.00_gl0.10_pr2.50_c100,1,0.1,100,2.5,0.29085550497390583,0.10771481262971871,10
nt,M3,tl1.00_gl0.10_pr2.50_c100,1,0.1,100,2.5,0.2998752802833637,0.10241519476896158,10
nt,M7,tl1.00_gl0.10_pr2.50_c100,1,0.1,100,2.5,0.28971796056443017,0.09495613149250276,10
nt,M4,tl1.00_gl0.10_pr2.50_c100,1,0.1,100,2.5,0.2943981796428408,0.10462220646661993,10
nt,M6,tl1.00_gl0.10_pr2.50_c100,1,0.1,100,2.5,0.28306430484274,0.11559471706119465,10
nt,M5,tl1.00_gl0.10_pr2.50_c200,1,0.1,200,2.5,0.20196900492806488,0.06537778193755212,10
nt,M9,tl1.00_gl0.10_pr2.50_c200,1,0.1,200,2.5,0.16775994829813567,0.07680937033389862,7
nt,M6,tl1.00_gl0.10_pr2.50_c200,1,0.1,200,2.5,0.19164924392042448,0.07365059690467718,10
nt,M2,tl1.00_gl0.10_pr2.50_c200,1,0.1,200,2.5,0.1921180667702925,0.07322272042746564,10
nt,M3,tl1.00_gl0.10_pr2.50_c200,1,0.1,200,2.5,0.20998483811255586,0.0747128690598754,10
nt,M7,tl1.00_gl0.10_pr2.50_c200,1,0.1,200,2.5,0.19271915627610042,0.053255605295001035,8
nt,M1 (Mk baseline),tl1.00_gl0.10_pr2.50_c200,1,0.1,200,2.5,0.20790534551071585,0.07404427723017701,10
nt,M11,tl1.00_gl0.10_pr2.50_c200,1,0.1,200,2.5,0.16879568015237145,0.07319333524371961,10
nt,M4,tl1.00_gl0.10_pr2.50_c200,1,0.1,200,2.5,0.1954047022200739,0.08513770294693082,10
nt,M8 (NT baseline),tl1.00_gl0.10_pr2.50_c200,1,0.1,200,2.5,0.19179058513000635,0.06404835859366143,10
nt,M10,tl1.00_gl0.10_pr2.50_c200,1,0.1,200,2.5,0.19117092126683174,0.061225734857574265,10
nt,M12,tl1.00_gl0.10_pr2.50_c200,1,0.1,200,2.5,0.1954047022200739,0.08513770294693082,10
nt,M1 (Mk baseline),tl1.00_gl0.10_pr2.50_c25,1,0.1,25,2.5,0.5445902344523756,0.1348082432242424,10
nt,M7,tl1.00_gl0.10_pr2.50_c25,1,0.1,25,2.5,0.5503769137513143,0.12811038906804506,10
nt,M2,tl1.00_gl0.10_pr2.50_c25,1,0.1,25,2.5,0.547342279369337,0.13212274648699812,10
nt,M11,tl1.00_gl0.10_pr2.50_c25,1,0.1,25,2.5,0.5104061259717614,0.12324039827037203,10
nt,M6,tl1.00_gl0.10_pr2.50_c25,1,0.1,25,2.5,0.5471621839071963,0.1384758178493698,10
nt,M3,tl1.00_gl0.10_pr2.50_c25,1,0.1,25,2.5,0.5470164979766206,0.13204870415998804,10
nt,M10,tl1.00_gl0.10_pr2.50_c25,1,0.1,25,2.5,0.5459722602026724,0.1382177702652082,10
nt,M9,tl1.00_gl0.10_pr2.50_c25,1,0.1,25,2.5,0.5479895268360175,0.12586804662800355,10
nt,M4,tl1.00_gl0.10_pr2.50_c25,1,0.1,25,2.5,0.545709326064989,0.14261141330742488,10
nt,M5,tl1.00_gl0.10_pr2.50_c25,1,0.1,25,2.5,0.5463294157125356,0.12528580686076818,10
nt,M8 (NT baseline),tl1.00_gl0.10_pr2.50_c25,1,0.1,25,2.5,0.548244004281182,0.12408418542712707,10
nt,M12,tl1.00_gl0.10_pr2.50_c25,1,0.1,25,2.5,0.5362330243269888,0.12615335235153557,10
nt,M10,tl1.00_gl0.10_pr2.50_c50,1,0.1,50,2.5,0.4328400167052698,0.05313593065501432,10
nt,M11,tl1.00_gl0.10_pr2.50_c50,1,0.1,50,2.5,0.4192997327834197,0.06778858859013986,10
nt,M1 (Mk baseline),tl1.00_gl0.10_pr2.50_c50,1,0.1,50,2.5,0.433533727748687,0.06613914265261395,10
nt,M9,tl1.00_gl0.10_pr2.50_c50,1,0.1,50,2.5,0.4317678900908569,0.06047855303458316,10
nt,M5,tl1.00_gl0.10_pr2.50_c50,1,0.1,50,2.5,0.43175089154670154,0.06257099771310726,10
nt,M2,tl1.00_gl0.10_pr2.50_c50,1,0.1,50,2.5,0.4335880859189317,0.05010512617459695,10
nt,M7,tl1.00_gl0.10_pr2.50_c50,1,0.1,50,2.5,0.4321982625962718,0.062263296300754,10
nt,M6,tl1.00_gl0.10_pr2.50_c50,1,0.1,50,2.5,0.43648802009791443,0.05101875733733685,10
nt,M8 (NT baseline),tl1.00_gl0.10_pr2.50_c50,1,0.1,50,2.5,0.43212105223401154,0.0626247938853588,10
nt,M3,tl1.00_gl0.10_pr2.50_c50,1,0.1,50,2.5,0.43395908438828396,0.05814516028991368,10
nt,M4,tl1.00_gl0.10_pr2.50_c50,1,0.1,50,2.5,0.43453546435353096,0.05975760511304695,10
nt,M12,tl1.00_gl0.10_pr2.50_c50,1,0.1,50,2.5,0.4083897051069194,0.06821868565037115,10
nt,M7,tl1.00_gl0.10_pr5.00_c100,1,0.1,100,5,0.32001748200249747,0.12208785984739476,9
nt,M10,tl1.00_gl0.10_pr5.00_c100,1,0.1,100,5,0.3171328493688171,0.11499963525332871,10
nt,M2,tl1.00_gl0.10_pr5.00_c100,1,0.1,100,5,0.3174889285193695,0.10775076423322438,10
nt,M11,tl1.00_gl0.10_pr5.00_c100,1,0.1,100,5,0.3010949390326987,0.14480033870297826,10
nt,M3,tl1.00_gl0.10_pr5.00_c100,1,0.1,100,5,0.32241174322040744,0.12293177866837271,10
nt,M8 (NT baseline),tl1.00_gl0.10_pr5.00_c100,1,0.1,100,5,0.3167457403679399,0.11445115416283072,10
nt,M6,tl1.00_gl0.10_pr5.00_c100,1,0.1,100,5,0.3136098535981454,0.10576069920293238,10
nt,M12,tl1.00_gl0.10_pr5.00_c100,1,0.1,100,5,0.2949272598632642,0.12639738856153418,10
nt,M5,tl1.00_gl0.10_pr5.00_c100,1,0.1,100,5,0.3182905523353124,0.11595178677397991,10
nt,M9,tl1.00_gl0.10_pr5.00_c100,1,0.1,100,5,0.31578298696871077,0.10481613451777577,9
nt,M4,tl1.00_gl0.10_pr5.00_c100,1,0.1,100,5,0.31457290246160896,0.10430887880549838,10
nt,M1 (Mk baseline),tl1.00_gl0.10_pr5.00_c100,1,0.1,100,5,0.32112954931461435,0.1190536793765804,10
nt,M7,tl1.00_gl0.10_pr5.00_c200,1,0.1,200,5,0.16836014730953205,0.05773523902126282,8
nt,M10,tl1.00_gl0.10_pr5.00_c200,1,0.1,200,5,0.1561021226259165,0.05193346574633784,9
nt,M8 (NT baseline),tl1.00_gl0.10_pr5.00_c200,1,0.1,200,5,0.15776218361243655,0.05265644688039034,9
nt,M2,tl1.00_gl0.10_pr5.00_c200,1,0.1,200,5,0.15582868584969875,0.051100334046617985,10
nt,M9,tl1.00_gl0.10_pr5.00_c200,1,0.1,200,5,0.15669869902754122,0.050635014042549165,7
nt,M1 (Mk baseline),tl1.00_gl0.10_pr5.00_c200,1,0.1,200,5,0.1660991397941296,0.044524979185251445,10
nt,M6,tl1.00_gl0.10_pr5.00_c200,1,0.1,200,5,0.1564478847963745,0.056357100740778626,9
nt,M3,tl1.00_gl0.10_pr5.00_c200,1,0.1,200,5,0.16797727754925518,0.044034186321016106,10
nt,M11,tl1.00_gl0.10_pr5.00_c200,1,0.1,200,5,0.149209539526211,0.035110788890723055,10
nt,M12,tl1.00_gl0.10_pr5.00_c200,1,0.1,200,5,0.16175635277479045,0.048665232223321614,10
nt,M4,tl1.00_gl0.10_pr5.00_c200,1,0.1,200,5,0.16175635277479045,0.048665232223321614,10
nt,M5,tl1.00_gl0.10_pr5.00_c200,1,0.1,200,5,0.16324745561617013,0.04158567860521489,10
nt,M2,tl1.00_gl0.10_pr5.00_c25,1,0.1,25,5,0.5963128355118015,0.0960089263162921,10
nt,M8 (NT baseline),tl1.00_gl0.10_pr5.00_c25,1,0.1,25,5,0.597120653858564,0.09122459293551721,10
nt,M4,tl1.00_gl0.10_pr5.00_c25,1,0.1,25,5,0.5934562258952597,0.09058049862820028,10
nt,M1 (Mk baseline),tl1.00_gl0.10_pr5.00_c25,1,0.1,25,5,0.5940420026035044,0.09114119782771524,10
nt,M7,tl1.00_gl0.10_pr5.00_c25,1,0.1,25,5,0.5986028529089673,0.09191619566920328,10
nt,M12,tl1.00_gl0.10_pr5.00_c25,1,0.1,25,5,0.5818129238417253,0.07243794638014789,10
nt,M6,tl1.00_gl0.10_pr5.00_c25,1,0.1,25,5,0.596993116963077,0.0934456961074307,10
nt,M5,tl1.00_gl0.10_pr5.00_c25,1,0.1,25,5,0.5935595719862271,0.08582909733792143,10
nt,M10,tl1.00_gl0.10_pr5.00_c25,1,0.1,25,5,0.5973925562057348,0.09273845720011864,10
nt,M9,tl1.00_gl0.10_pr5.00_c25,1,0.1,25,5,0.5988053394342979,0.09446078129052837,10
nt,M11,tl1.00_gl0.10_pr5.00_c25,1,0.1,25,5,0.5713450722535418,0.08368532768025294,10
nt,M3,tl1.00_gl0.10_pr5.00_c25,1,0.1,25,5,0.6007817392453838,0.08914310815248017,10
nt,M11,tl1.00_gl0.10_pr5.00_c50,1,0.1,50,5,0.39892640363208587,0.08759712790792318,10
nt,M9,tl1.00_gl0.10_pr5.00_c50,1,0.1,50,5,0.4070366052024158,0.08469507418319566,10
nt,M4,tl1.00_gl0.10_pr5.00_c50,1,0.1,50,5,0.4069455619329133,0.09294693262253911,10
nt,M1 (Mk baseline),tl1.00_gl0.10_pr5.00_c50,1,0.1,50,5,0.42289097720733126,0.09478413342621517,10
nt,M8 (NT baseline),tl1.00_gl0.10_pr5.00_c50,1,0.1,50,5,0.40843406516447345,0.08816645939138396,10
nt,M3,tl1.00_gl0.10_pr5.00_c50,1,0.1,50,5,0.41606421159050505,0.09794350814504516,10
nt,M10,tl1.00_gl0.10_pr5.00_c50,1,0.1,50,5,0.4004896711084275,0.08823750691670107,10
nt,M7,tl1.00_gl0.10_pr5.00_c50,1,0.1,50,5,0.4061977888257602,0.08809571047255271,10
nt,M6,tl1.00_gl0.10_pr5.00_c50,1,0.1,50,5,0.40006385530492306,0.08630058770224042,10
nt,M5,tl1.00_gl0.10_pr5.00_c50,1,0.1,50,5,0.40777248554807244,0.0920167439044155,10
nt,M2,tl1.00_gl0.10_pr5.00_c50,1,0.1,50,5,0.4060428512041375,0.0826974498830611,10
nt,M12,tl1.00_gl0.10_pr5.00_c50,1,0.1,50,5,0.39501059982902603,0.07319477649272788,10
nt,M3,tl1.00_gl0.25_pr1.00_c100,1,0.25,100,1,0.29943703540335576,0.09754665062803275,10
nt,M10,tl1.00_gl0.25_pr1.00_c100,1,0.25,100,1,0.2999943551479918,0.09711403136846944,10
nt,M9,tl1.00_gl0.25_pr1.00_c100,1,0.25,100,1,0.3030130195396698,0.08735816347843717,10
nt,M2,tl1.00_gl0.25_pr1.00_c100,1,0.25,100,1,0.3024487795708253,0.09819939760132118,10
nt,M8 (NT baseline),tl1.00_gl0.25_pr1.00_c100,1,0.25,100,1,0.30079320878543314,0.0927628386739294,10
nt,M7,tl1.00_gl0.25_pr1.00_c100,1,0.25,100,1,0.30106627311031964,0.09152358857648488,10
nt,M12,tl1.00_gl0.25_pr1.00_c100,1,0.25,100,1,0.28656468015320735,0.08848739210795112,10
nt,M4,tl1.00_gl0.25_pr1.00_c100,1,0.25,100,1,0.2991587747663143,0.1038769460716088,10
nt,M11,tl1.00_gl0.25_pr1.00_c100,1,0.25,100,1,0.2870048662128253,0.0900912290878309,10
nt,M5,tl1.00_gl0.25_pr1.00_c100,1,0.25,100,1,0.30176704913869495,0.10041882403595681,10
nt,M6,tl1.00_gl0.25_pr1.00_c100,1,0.25,100,1,0.30242354133010774,0.09948401970151044,10
nt,M1 (Mk baseline),tl1.00_gl0.25_pr1.00_c100,1,0.25,100,1,0.29956149211189176,0.10353786221196179,10
nt,M1 (Mk baseline),tl1.00_gl0.25_pr1.00_c200,1,0.25,200,1,0.18775198329466525,0.04187991120351206,10
nt,M6,tl1.00_gl0.25_pr1.00_c200,1,0.25,200,1,0.18448166378306072,0.01569515275721073,10
nt,M10,tl1.00_gl0.25_pr1.00_c200,1,0.25,200,1,0.1845142507320925,0.027237064369737468,10
nt,M2,tl1.00_gl0.25_pr1.00_c200,1,0.25,200,1,0.18539032188236254,0.014883136290748028,10
nt,M11,tl1.00_gl0.25_pr1.00_c200,1,0.25,200,1,0.17707353157455674,0.04365493764180034,10
nt,M7,tl1.00_gl0.25_pr1.00_c200,1,0.25,200,1,0.1840183473466528,0.022637469605712945,8
nt,M8 (NT baseline),tl1.00_gl0.25_pr1.00_c200,1,0.25,200,1,0.18411272998825434,0.027582224959729174,10
nt,M5,tl1.00_gl0.25_pr1.00_c200,1,0.25,200,1,0.1872355742022429,0.03970963325715621,10
nt,M3,tl1.00_gl0.25_pr1.00_c200,1,0.25,200,1,0.18811152011076987,0.04639421818891118,10
nt,M9,tl1.00_gl0.25_pr1.00_c200,1,0.25,200,1,0.17821012400205927,0.04004176811527105,6
nt,M12,tl1.00_gl0.25_pr1.00_c200,1,0.25,200,1,0.1860044496644669,0.04098381247776611,10
nt,M4,tl1.00_gl0.25_pr1.00_c200,1,0.25,200,1,0.1860044496644669,0.04098381247776611,10
nt,M7,tl1.00_gl0.25_pr1.00_c25,1,0.25,25,1,0.5614855115233468,0.0691164100649686,10
nt,M10,tl1.00_gl0.25_pr1.00_c25,1,0.25,25,1,0.5607713405688877,0.06851140763588792,10
nt,M8 (NT baseline),tl1.00_gl0.25_pr1.00_c25,1,0.25,25,1,0.5605294091206662,0.06658988439514235,10
nt,M11,tl1.00_gl0.25_pr1.00_c25,1,0.25,25,1,0.5381581995100029,0.0631452709048157,10
nt,M1 (Mk baseline),tl1.00_gl0.25_pr1.00_c25,1,0.25,25,1,0.5609409928932674,0.0672890345415198,10
nt,M9,tl1.00_gl0.25_pr1.00_c25,1,0.25,25,1,0.5615836961242652,0.05907809920512863,10
nt,M12,tl1.00_gl0.25_pr1.00_c25,1,0.25,25,1,0.5352275637905362,0.05980764041700393,10
nt,M5,tl1.00_gl0.25_pr1.00_c25,1,0.25,25,1,0.5582742898074861,0.06024978654788993,10
nt,M3,tl1.00_gl0.25_pr1.00_c25,1,0.25,25,1,0.5646279407201122,0.07113318454739315,10
nt,M2,tl1.00_gl0.25_pr1.00_c25,1,0.25,25,1,0.5597512283847293,0.06863785127111688,10
nt,M4,tl1.00_gl0.25_pr1.00_c25,1,0.25,25,1,0.5608189894198853,0.06801587854471969,10
nt,M6,tl1.00_gl0.25_pr1.00_c25,1,0.25,25,1,0.5633707645424167,0.06824318199532853,10
nt,M11,tl1.00_gl0.25_pr1.00_c50,1,0.25,50,1,0.3880366514815297,0.05491643828006765,10
nt,M1 (Mk baseline),tl1.00_gl0.25_pr1.00_c50,1,0.25,50,1,0.4248994604562849,0.07757979649902996,10
nt,M7,tl1.00_gl0.25_pr1.00_c50,1,0.25,50,1,0.41263940304260316,0.08494594248805742,10
nt,M3,tl1.00_gl0.25_pr1.00_c50,1,0.25,50,1,0.42092886821152886,0.07711272370710764,10
nt,M8 (NT baseline),tl1.00_gl0.25_pr1.00_c50,1,0.25,50,1,0.4089787014379802,0.08526071460916707,10
nt,M9,tl1.00_gl0.25_pr1.00_c50,1,0.25,50,1,0.4124353615552787,0.08638166965675437,10
nt,M12,tl1.00_gl0.25_pr1.00_c50,1,0.25,50,1,0.4009498128267429,0.07388353980969331,10
nt,M2,tl1.00_gl0.25_pr1.00_c50,1,0.25,50,1,0.4222236623692631,0.08337850869524466,10
nt,M5,tl1.00_gl0.25_pr1.00_c50,1,0.25,50,1,0.4167482692842439,0.0811196345237955,10
nt,M4,tl1.00_gl0.25_pr1.00_c50,1,0.25,50,1,0.4224297762521769,0.08132156351934705,10
nt,M6,tl1.00_gl0.25_pr1.00_c50,1,0.25,50,1,0.41696613548476047,0.08741440403755629,10
nt,M10,tl1.00_gl0.25_pr1.00_c50,1,0.25,50,1,0.40839412878158277,0.08453329808864501,10
nt,M8 (NT baseline),tl1.00_gl0.25_pr2.50_c100,1,0.25,100,2.5,0.27344364971703666,0.060351129874555876,10
nt,M2,tl1.00_gl0.25_pr2.50_c100,1,0.25,100,2.5,0.2770694072268167,0.046150146098018846,9
nt,M6,tl1.00_gl0.25_pr2.50_c100,1,0.25,100,2.5,0.28025624864117593,0.05707141054238521,10
nt,M12,tl1.00_gl0.25_pr2.50_c100,1,0.25,100,2.5,0.2588621677306084,0.056850316502612935,10
nt,M5,tl1.00_gl0.25_pr2.50_c100,1,0.25,100,2.5,0.2927523684241379,0.06264888877279545,10
nt,M10,tl1.00_gl0.25_pr2.50_c100,1,0.25,100,2.5,0.27335306941556015,0.06019400300773317,10
nt,M7,tl1.00_gl0.25_pr2.50_c100,1,0.25,100,2.5,0.27499658104424374,0.060595183359603594,10
nt,M11,tl1.00_gl0.25_pr2.50_c100,1,0.25,100,2.5,0.2823977677260376,0.08290248548838686,10
nt,M9,tl1.00_gl0.25_pr2.50_c100,1,0.25,100,2.5,0.27629043438004613,0.06056037057835564,10
nt,M1 (Mk baseline),tl1.00_gl0.25_pr2.50_c100,1,0.25,100,2.5,0.29717967265784545,0.0820609716537205,10
nt,M4,tl1.00_gl0.25_pr2.50_c100,1,0.25,100,2.5,0.29649142378921034,0.07306828803548598,10
nt,M3,tl1.00_gl0.25_pr2.50_c100,1,0.25,100,2.5,0.29719787179277557,0.07968652766837395,10
nt,M8 (NT baseline),tl1.00_gl0.25_pr2.50_c200,1,0.25,200,2.5,0.17759776313596148,0.04757356577801014,10
nt,M2,tl1.00_gl0.25_pr2.50_c200,1,0.25,200,2.5,0.18176186015705537,0.043202417658866066,10
nt,M6,tl1.00_gl0.25_pr2.50_c200,1,0.25,200,2.5,0.17829693967699856,0.04265766388416595,10
nt,M9,tl1.00_gl0.25_pr2.50_c200,1,0.25,200,2.5,0.17296241512687363,0.045128616965623036,7
nt,M11,tl1.00_gl0.25_pr2.50_c200,1,0.25,200,2.5,0.1729985424483032,0.04209306450739583,10
nt,M10,tl1.00_gl0.25_pr2.50_c200,1,0.25,200,2.5,0.17658915471419412,0.047596090975816574,10
nt,M7,tl1.00_gl0.25_pr2.50_c200,1,0.25,200,2.5,0.17835522344933724,0.0481985794432766,10
nt,M12,tl1.00_gl0.25_pr2.50_c200,1,0.25,200,2.5,0.1929647994247801,0.0395936026307451,10
nt,M1 (Mk baseline),tl1.00_gl0.25_pr2.50_c200,1,0.25,200,2.5,0.19166807399933156,0.04145035600157648,10
nt,M3,tl1.00_gl0.25_pr2.50_c200,1,0.25,200,2.5,0.19483838135296824,0.04393222011862025,10
nt,M4,tl1.00_gl0.25_pr2.50_c200,1,0.25,200,2.5,0.1929647994247801,0.0395936026307451,10
nt,M5,tl1.00_gl0.25_pr2.50_c200,1,0.25,200,2.5,0.19375204791586242,0.044843366912466764,10
nt,M5,tl1.00_gl0.25_pr2.50_c25,1,0.25,25,2.5,0.5323622803084257,0.07431603327148117,10
nt,M10,tl1.00_gl0.25_pr2.50_c25,1,0.25,25,2.5,0.5331584780338081,0.06819591130080016,10
nt,M1 (Mk baseline),tl1.00_gl0.25_pr2.50_c25,1,0.25,25,2.5,0.531424065730842,0.08214800499340824,10
nt,M3,tl1.00_gl0.25_pr2.50_c25,1,0.25,25,2.5,0.5335581747565031,0.08269133599600909,10
nt,M8 (NT baseline),tl1.00_gl0.25_pr2.50_c25,1,0.25,25,2.5,0.5355572351594285,0.06667891499500889,10
nt,M7,tl1.00_gl0.25_pr2.50_c25,1,0.25,25,2.5,0.5376029573694332,0.06651609538963088,10
nt,M2,tl1.00_gl0.25_pr2.50_c25,1,0.25,25,2.5,0.5341709515638029,0.07063906359192096,10
nt,M6,tl1.00_gl0.25_pr2.50_c25,1,0.25,25,2.5,0.5338089917504207,0.06714719008890169,10
nt,M4,tl1.00_gl0.25_pr2.50_c25,1,0.25,25,2.5,0.5307925231073738,0.07410063590854465,10
nt,M9,tl1.00_gl0.25_pr2.50_c25,1,0.25,25,2.5,0.5382245995265296,0.0653912195715387,10
nt,M11,tl1.00_gl0.25_pr2.50_c25,1,0.25,25,2.5,0.5040397843759046,0.08087813248004228,10
nt,M12,tl1.00_gl0.25_pr2.50_c25,1,0.25,25,2.5,0.5218658329105738,0.07948603870919596,10
nt,M3,tl1.00_gl0.25_pr2.50_c50,1,0.25,50,2.5,0.45192256363746464,0.1068739282062548,10
nt,M8 (NT baseline),tl1.00_gl0.25_pr2.50_c50,1,0.25,50,2.5,0.4406939120551378,0.09883782011196923,10
nt,M2,tl1.00_gl0.25_pr2.50_c50,1,0.25,50,2.5,0.4276066871045286,0.10167202294962008,10
nt,M10,tl1.00_gl0.25_pr2.50_c50,1,0.25,50,2.5,0.4354665907163261,0.09729218269324114,10
nt,M12,tl1.00_gl0.25_pr2.50_c50,1,0.25,50,2.5,0.3983894714156503,0.1044168860264349,10
nt,M6,tl1.00_gl0.25_pr2.50_c50,1,0.25,50,2.5,0.4254512051661993,0.09952437748836934,10
nt,M9,tl1.00_gl0.25_pr2.50_c50,1,0.25,50,2.5,0.44478318526027255,0.09804047366420793,10
nt,M5,tl1.00_gl0.25_pr2.50_c50,1,0.25,50,2.5,0.455848094009742,0.10737701454015935,10
nt,M1 (Mk baseline),tl1.00_gl0.25_pr2.50_c50,1,0.25,50,2.5,0.44794926286780595,0.10765833015289822,10
nt,M4,tl1.00_gl0.25_pr2.50_c50,1,0.25,50,2.5,0.4466807762503636,0.1054518394153715,10
nt,M11,tl1.00_gl0.25_pr2.50_c50,1,0.25,50,2.5,0.4100016271662124,0.1162302818047698,10
nt,M7,tl1.00_gl0.25_pr2.50_c50,1,0.25,50,2.5,0.44347094471270254,0.09889413214090392,10
nt,M3,tl1.00_gl0.25_pr5.00_c100,1,0.25,100,5,0.28763307343891475,0.104378152405422,10
nt,M4,tl1.00_gl0.25_pr5.00_c100,1,0.25,100,5,0.2890608104781601,0.0974457209197239,10
nt,M8 (NT baseline),tl1.00_gl0.25_pr5.00_c100,1,0.25,100,5,0.28025031912240367,0.10126842075119058,10
nt,M11,tl1.00_gl0.25_pr5.00_c100,1,0.25,100,5,0.28183878169540444,0.11750020711165549,10
nt,M10,tl1.00_gl0.25_pr5.00_c100,1,0.25,100,5,0.2817688078982936,0.1024805294774252,10
nt,M7,tl1.00_gl0.25_pr5.00_c100,1,0.25,100,5,0.28203633943770173,0.10241535496749915,10
nt,M6,tl1.00_gl0.25_pr5.00_c100,1,0.25,100,5,0.28577191029173915,0.09687143272856641,10
nt,M2,tl1.00_gl0.25_pr5.00_c100,1,0.25,100,5,0.2876255362965481,0.11434107245467942,10
nt,M9,tl1.00_gl0.25_pr5.00_c100,1,0.25,100,5,0.2801597201871284,0.07513414524257145,8
nt,M1 (Mk baseline),tl1.00_gl0.25_pr5.00_c100,1,0.25,100,5,0.2895419676670342,0.10867143711892469,10
nt,M5,tl1.00_gl0.25_pr5.00_c100,1,0.25,100,5,0.28597642100088905,0.09650611423509689,10
nt,M12,tl1.00_gl0.25_pr5.00_c100,1,0.25,100,5,0.28096366151996,0.11037302651737063,10
nt,M8 (NT baseline),tl1.00_gl0.25_pr5.00_c200,1,0.25,200,5,0.1848796615165744,0.0933802762357204,10
nt,M9,tl1.00_gl0.25_pr5.00_c200,1,0.25,200,5,0.1844238880019831,0.07731100898456816,8
nt,M1 (Mk baseline),tl1.00_gl0.25_pr5.00_c200,1,0.25,200,5,0.1938598916226742,0.09651985127700213,10
nt,M4,tl1.00_gl0.25_pr5.00_c200,1,0.25,200,5,0.1924028759833274,0.09156141982299987,10
nt,M6,tl1.00_gl0.25_pr5.00_c200,1,0.25,200,5,0.18642325641630458,0.0914446372763707,10
nt,M5,tl1.00_gl0.25_pr5.00_c200,1,0.25,200,5,0.19200256959785644,0.09461519920659242,10
nt,M11,tl1.00_gl0.25_pr5.00_c200,1,0.25,200,5,0.1729135424918155,0.08998621207109928,10
nt,M3,tl1.00_gl0.25_pr5.00_c200,1,0.25,200,5,0.19486559147457155,0.09739416850177993,10
nt,M10,tl1.00_gl0.25_pr5.00_c200,1,0.25,200,5,0.18339798737433502,0.10562163917864362,9
nt,M12,tl1.00_gl0.25_pr5.00_c200,1,0.25,200,5,0.1924028759833274,0.09156141982299987,10
nt,M2,tl1.00_gl0.25_pr5.00_c200,1,0.25,200,5,0.1855968038314829,0.08724231340483857,10
nt,M7,tl1.00_gl0.25_pr5.00_c200,1,0.25,200,5,0.1620110224564836,0.11519715393718971,8
nt,M5,tl1.00_gl0.25_pr5.00_c25,1,0.25,25,5,0.6271516979869264,0.09042540450188863,10
nt,M11,tl1.00_gl0.25_pr5.00_c25,1,0.25,25,5,0.5942694104292852,0.09667888736261143,10
nt,M9,tl1.00_gl0.25_pr5.00_c25,1,0.25,25,5,0.6039627838226547,0.09299294021829108,10
nt,M7,tl1.00_gl0.25_pr5.00_c25,1,0.25,25,5,0.6122977737269488,0.09427913545820465,10
nt,M3,tl1.00_gl0.25_pr5.00_c25,1,0.25,25,5,0.6261259357526276,0.08326508444355296,10
nt,M1 (Mk baseline),tl1.00_gl0.25_pr5.00_c25,1,0.25,25,5,0.6259137820424192,0.09299560299434528,10
nt,M10,tl1.00_gl0.25_pr5.00_c25,1,0.25,25,5,0.6079514536983621,0.09661250889738504,10
nt,M2,tl1.00_gl0.25_pr5.00_c25,1,0.25,25,5,0.6128952554231797,0.09719463757238767,10
nt,M12,tl1.00_gl0.25_pr5.00_c25,1,0.25,25,5,0.6173636736911555,0.08069216337669494,10
nt,M4,tl1.00_gl0.25_pr5.00_c25,1,0.25,25,5,0.6273039215133986,0.08946825980926598,10
nt,M6,tl1.00_gl0.25_pr5.00_c25,1,0.25,25,5,0.6091861076475712,0.0961190765997254,10
nt,M8 (NT baseline),tl1.00_gl0.25_pr5.00_c25,1,0.25,25,5,0.6102022506533062,0.09455198420484456,10
nt,M10,tl1.00_gl0.25_pr5.00_c50,1,0.25,50,5,0.39916318313576293,0.15006882425683082,10
nt,M4,tl1.00_gl0.25_pr5.00_c50,1,0.25,50,5,0.3999407589528684,0.16276588519197965,10
nt,M11,tl1.00_gl0.25_pr5.00_c50,1,0.25,50,5,0.38602018475601513,0.1698975419361955,10
nt,M8 (NT baseline),tl1.00_gl0.25_pr5.00_c50,1,0.25,50,5,0.3977404552287922,0.14778952728854428,10
nt,M1 (Mk baseline),tl1.00_gl0.25_pr5.00_c50,1,0.25,50,5,0.4027448068018715,0.17369809353361487,10
nt,M12,tl1.00_gl0.25_pr5.00_c50,1,0.25,50,5,0.3779327772101231,0.18073503103188487,10
nt,M9,tl1.00_gl0.25_pr5.00_c50,1,0.25,50,5,0.400665217646716,0.15959523287166355,10
nt,M5,tl1.00_gl0.25_pr5.00_c50,1,0.25,50,5,0.3999508253580174,0.16603744830683598,10
nt,M7,tl1.00_gl0.25_pr5.00_c50,1,0.25,50,5,0.4002950293685157,0.14990244530134045,10
nt,M3,tl1.00_gl0.25_pr5.00_c50,1,0.25,50,5,0.4055503119946746,0.17119216622310474,10
nt,M2,tl1.00_gl0.25_pr5.00_c50,1,0.25,50,5,0.4032981653225232,0.16398482219538602,10
nt,M6,tl1.00_gl0.25_pr5.00_c50,1,0.25,50,5,0.39981271273216024,0.14276277899198814,10
nt,M2,tl1.00_gl0.50_pr1.00_c100,1,0.5,100,1,0.287877310211618,0.06571967028774461,10
nt,M8 (NT baseline),tl1.00_gl0.50_pr1.00_c100,1,0.5,100,1,0.28260840700114814,0.06029243052520061,10
nt,M12,tl1.00_gl0.50_pr1.00_c100,1,0.5,100,1,0.27574675450478314,0.09247165847917149,10
nt,M6,tl1.00_gl0.50_pr1.00_c100,1,0.5,100,1,0.28317533029314773,0.07897489670773022,9
nt,M4,tl1.00_gl0.50_pr1.00_c100,1,0.5,100,1,0.28705804080378583,0.05703529032029503,10
nt,M5,tl1.00_gl0.50_pr1.00_c100,1,0.5,100,1,0.2853086389236468,0.050020693418421525,10
nt,M3,tl1.00_gl0.50_pr1.00_c100,1,0.5,100,1,0.28668773981919354,0.053454970824273085,10
nt,M1 (Mk baseline),tl1.00_gl0.50_pr1.00_c100,1,0.5,100,1,0.28822513941843975,0.06321051214644546,10
nt,M10,tl1.00_gl0.50_pr1.00_c100,1,0.5,100,1,0.28569510830444605,0.06155609783024288,10
nt,M11,tl1.00_gl0.50_pr1.00_c100,1,0.5,100,1,0.27803998440731326,0.068114577334424,10
nt,M9,tl1.00_gl0.50_pr1.00_c100,1,0.5,100,1,0.2844473838851868,0.06696842905803643,10
nt,M7,tl1.00_gl0.50_pr1.00_c100,1,0.5,100,1,0.2848098276826667,0.06210117273409743,10
nt,M2,tl1.00_gl0.50_pr1.00_c200,1,0.5,200,1,0.19821084372614992,0.03599118190638256,10
nt,M9,tl1.00_gl0.50_pr1.00_c200,1,0.5,200,1,0.18913022392773457,0.05938252068589733,7
nt,M3,tl1.00_gl0.50_pr1.00_c200,1,0.5,200,1,0.2057271856870698,0.048862339203372906,10
nt,M8 (NT baseline),tl1.00_gl0.50_pr1.00_c200,1,0.5,200,1,0.1968031313197784,0.03755568070513651,10
nt,M6,tl1.00_gl0.50_pr1.00_c200,1,0.5,200,1,0.2006937593256404,0.03308371523439693,10
nt,M1 (Mk baseline),tl1.00_gl0.50_pr1.00_c200,1,0.5,200,1,0.20899681100380407,0.048447983270543754,10
nt,M10,tl1.00_gl0.50_pr1.00_c200,1,0.5,200,1,0.196684764668134,0.03874241255946806,10
nt,M5,tl1.00_gl0.50_pr1.00_c200,1,0.5,200,1,0.2079227668517776,0.04980748594745826,10
nt,M11,tl1.00_gl0.50_pr1.00_c200,1,0.5,200,1,0.1956071565575631,0.06626782928667393,10
nt,M7,tl1.00_gl0.50_pr1.00_c200,1,0.5,200,1,0.19706077677195089,0.030198536894562616,9
nt,M12,tl1.00_gl0.50_pr1.00_c200,1,0.5,200,1,0.20842856199727708,0.04993151725409106,10
nt,M4,tl1.00_gl0.50_pr1.00_c200,1,0.5,200,1,0.20842856199727708,0.04993151725409106,10
nt,M1 (Mk baseline),tl1.00_gl0.50_pr1.00_c25,1,0.5,25,1,0.5746242550419192,0.18789898305003105,10
nt,M3,tl1.00_gl0.50_pr1.00_c25,1,0.5,25,1,0.5797796462751771,0.1881537668112382,10
nt,M8 (NT baseline),tl1.00_gl0.50_pr1.00_c25,1,0.5,25,1,0.58275596393857,0.15640036471809377,10
nt,M5,tl1.00_gl0.50_pr1.00_c25,1,0.5,25,1,0.5800910735031992,0.18981170430519523,10
nt,M6,tl1.00_gl0.50_pr1.00_c25,1,0.5,25,1,0.5840799422866276,0.16806637325347834,10
nt,M2,tl1.00_gl0.50_pr1.00_c25,1,0.5,25,1,0.578673101216065,0.17376876034735683,10
nt,M4,tl1.00_gl0.50_pr1.00_c25,1,0.5,25,1,0.5806776917351744,0.192320419082602,10
nt,M10,tl1.00_gl0.50_pr1.00_c25,1,0.5,25,1,0.5817554029736758,0.1600755621243109,10
nt,M7,tl1.00_gl0.50_pr1.00_c25,1,0.5,25,1,0.5831795120754069,0.1560042319793281,10
nt,M12,tl1.00_gl0.50_pr1.00_c25,1,0.5,25,1,0.5678471584826232,0.1598321682177718,10
nt,M9,tl1.00_gl0.50_pr1.00_c25,1,0.5,25,1,0.5852349121962872,0.15956262260405057,10
nt,M11,tl1.00_gl0.50_pr1.00_c25,1,0.5,25,1,0.5461384229910244,0.18889457786695124,10
nt,M7,tl1.00_gl0.50_pr1.00_c50,1,0.5,50,1,0.40834621050307446,0.032102064915620954,10
nt,M11,tl1.00_gl0.50_pr1.00_c50,1,0.5,50,1,0.38542957544208906,0.036769654839618415,10
nt,M3,tl1.00_gl0.50_pr1.00_c50,1,0.5,50,1,0.40887663249898437,0.026338243475938106,10
nt,M9,tl1.00_gl0.50_pr1.00_c50,1,0.5,50,1,0.4074173777617276,0.0417283991340921,10
nt,M2,tl1.00_gl0.50_pr1.00_c50,1,0.5,50,1,0.4068883960627313,0.026527393741210548,10
nt,M5,tl1.00_gl0.50_pr1.00_c50,1,0.5,50,1,0.4079306209100724,0.03205695255852742,10
nt,M4,tl1.00_gl0.50_pr1.00_c50,1,0.5,50,1,0.4070261559775326,0.03074430097577452,10
nt,M12,tl1.00_gl0.50_pr1.00_c50,1,0.5,50,1,0.39801459278085294,0.03599672209866206,10
nt,M8 (NT baseline),tl1.00_gl0.50_pr1.00_c50,1,0.5,50,1,0.40527239405653964,0.03090531527946,10
nt,M10,tl1.00_gl0.50_pr1.00_c50,1,0.5,50,1,0.4022606631613855,0.028995545734355366,10
nt,M1 (Mk baseline),tl1.00_gl0.50_pr1.00_c50,1,0.5,50,1,0.4123344242755078,0.03365332802260035,10
nt,M6,tl1.00_gl0.50_pr1.00_c50,1,0.5,50,1,0.40302505487774254,0.030108167488310744,10
nt,M3,tl1.00_gl0.50_pr2.50_c100,1,0.5,100,2.5,0.30703873820222083,0.11575334641461216,10
nt,M8 (NT baseline),tl1.00_gl0.50_pr2.50_c100,1,0.5,100,2.5,0.3013717113475367,0.09149175886337363,10
nt,M4,tl1.00_gl0.50_pr2.50_c100,1,0.5,100,2.5,0.3106352141326377,0.11619104301784167,10
nt,M6,tl1.00_gl0.50_pr2.50_c100,1,0.5,100,2.5,0.30774107262480077,0.09024948706343239,10
nt,M12,tl1.00_gl0.50_pr2.50_c100,1,0.5,100,2.5,0.28365481043015595,0.11204355928027582,10
nt,M9,tl1.00_gl0.50_pr2.50_c100,1,0.5,100,2.5,0.31541877372068755,0.09537819618545704,10
nt,M1 (Mk baseline),tl1.00_gl0.50_pr2.50_c100,1,0.5,100,2.5,0.31184553112304025,0.11911148379693526,10
nt,M2,tl1.00_gl0.50_pr2.50_c100,1,0.5,100,2.5,0.3132843343891537,0.10099749464796404,10
nt,M10,tl1.00_gl0.50_pr2.50_c100,1,0.5,100,2.5,0.30083310079329884,0.09228237749775775,10
nt,M11,tl1.00_gl0.50_pr2.50_c100,1,0.5,100,2.5,0.2889673735587379,0.1150538056776435,10
nt,M5,tl1.00_gl0.50_pr2.50_c100,1,0.5,100,2.5,0.30337722488695656,0.10991809081629461,10
nt,M7,tl1.00_gl0.50_pr2.50_c100,1,0.5,100,2.5,0.30712500938805626,0.09294858596163097,9
nt,M9,tl1.00_gl0.50_pr2.50_c200,1,0.5,200,2.5,0.18734836490318757,0.06309110547104668,5
nt,M11,tl1.00_gl0.50_pr2.50_c200,1,0.5,200,2.5,0.1652003269680545,0.04642804168613185,10
nt,M6,tl1.00_gl0.50_pr2.50_c200,1,0.5,200,2.5,0.16932805973860454,0.04148616267538027,10
nt,M5,tl1.00_gl0.50_pr2.50_c200,1,0.5,200,2.5,0.17684297231056673,0.05383434166314957,10
nt,M2,tl1.00_gl0.50_pr2.50_c200,1,0.5,200,2.5,0.17249006416911575,0.04139694977403452,10
nt,M4,tl1.00_gl0.50_pr2.50_c200,1,0.5,200,2.5,0.17559289034864606,0.055664238609138855,10
nt,M3,tl1.00_gl0.50_pr2.50_c200,1,0.5,200,2.5,0.1820471423864211,0.05169223976485143,10
nt,M8 (NT baseline),tl1.00_gl0.50_pr2.50_c200,1,0.5,200,2.5,0.1687570474174511,0.035238719448721395,10
nt,M12,tl1.00_gl0.50_pr2.50_c200,1,0.5,200,2.5,0.17559289034864606,0.055664238609138855,10
nt,M7,tl1.00_gl0.50_pr2.50_c200,1,0.5,200,2.5,0.16813979272617197,0.041568336292305635,10
nt,M1 (Mk baseline),tl1.00_gl0.50_pr2.50_c200,1,0.5,200,2.5,0.18169248088548787,0.05407510571337412,10
nt,M10,tl1.00_gl0.50_pr2.50_c200,1,0.5,200,2.5,0.16787216968380925,0.03625252216192443,10
nt,M8 (NT baseline),tl1.00_gl0.50_pr2.50_c25,1,0.5,25,2.5,0.5280545176070722,0.08449031948953545,10
nt,M2,tl1.00_gl0.50_pr2.50_c25,1,0.5,25,2.5,0.5286448746771446,0.08700922346905449,10
nt,M5,tl1.00_gl0.50_pr2.50_c25,1,0.5,25,2.5,0.5245485670495176,0.08553791922253073,10
nt,M10,tl1.00_gl0.50_pr2.50_c25,1,0.5,25,2.5,0.5278700885784042,0.08098642617421681,10
nt,M7,tl1.00_gl0.50_pr2.50_c25,1,0.5,25,2.5,0.5309732539025324,0.08652340487417576,10
nt,M3,tl1.00_gl0.50_pr2.50_c25,1,0.5,25,2.5,0.5246234348595459,0.0888179094322945,10
nt,M12,tl1.00_gl0.50_pr2.50_c25,1,0.5,25,2.5,0.5070268599605493,0.06530647887380614,10
nt,M1 (Mk baseline),tl1.00_gl0.50_pr2.50_c25,1,0.5,25,2.5,0.5236930896188065,0.0870550355070262,10
nt,M11,tl1.00_gl0.50_pr2.50_c25,1,0.5,25,2.5,0.49844194570033745,0.09053780739266204,10
nt,M6,tl1.00_gl0.50_pr2.50_c25,1,0.5,25,2.5,0.5301658822352207,0.07941417573998222,10
nt,M9,tl1.00_gl0.50_pr2.50_c25,1,0.5,25,2.5,0.5297983981031084,0.0861692309642168,10
nt,M4,tl1.00_gl0.50_pr2.50_c25,1,0.5,25,2.5,0.5246037059459849,0.0832898555547269,10
nt,M8 (NT baseline),tl1.00_gl0.50_pr2.50_c50,1,0.5,50,2.5,0.41093526511070927,0.10109308640938353,10
nt,M3,tl1.00_gl0.50_pr2.50_c50,1,0.5,50,2.5,0.41459288807420475,0.10257020674215661,10
nt,M6,tl1.00_gl0.50_pr2.50_c50,1,0.5,50,2.5,0.40922535899381673,0.1047072508890936,10
nt,M2,tl1.00_gl0.50_pr2.50_c50,1,0.5,50,2.5,0.4075978481916646,0.10407143746840225,10
nt,M5,tl1.00_gl0.50_pr2.50_c50,1,0.5,50,2.5,0.40918083878831785,0.10513237635549327,10
nt,M10,tl1.00_gl0.50_pr2.50_c50,1,0.5,50,2.5,0.40972245306565225,0.1042082295245984,10
nt,M4,tl1.00_gl0.50_pr2.50_c50,1,0.5,50,2.5,0.41189721332348916,0.10537493633379508,10
nt,M7,tl1.00_gl0.50_pr2.50_c50,1,0.5,50,2.5,0.41092547954966796,0.09599895603448938,10
nt,M11,tl1.00_gl0.50_pr2.50_c50,1,0.5,50,2.5,0.3909903705273169,0.1125842308874675,10
nt,M1 (Mk baseline),tl1.00_gl0.50_pr2.50_c50,1,0.5,50,2.5,0.4126816991648479,0.10448246857249682,10
nt,M9,tl1.00_gl0.50_pr2.50_c50,1,0.5,50,2.5,0.41126370867247386,0.09806269465799605,10
nt,M12,tl1.00_gl0.50_pr2.50_c50,1,0.5,50,2.5,0.3993029968078541,0.11029379465641898,10
nt,M9,tl1.00_gl0.50_pr5.00_c100,1,0.5,100,5,0.2424929330185366,0.07212560420505057,8
nt,M12,tl1.00_gl0.50_pr5.00_c100,1,0.5,100,5,0.2431483393211882,0.09562659581624855,10
nt,M10,tl1.00_gl0.50_pr5.00_c100,1,0.5,100,5,0.2755302234687578,0.08684753804997625,10
nt,M7,tl1.00_gl0.50_pr5.00_c100,1,0.5,100,5,0.2772569516050495,0.08425244172370375,10
nt,M1 (Mk baseline),tl1.00_gl0.50_pr5.00_c100,1,0.5,100,5,0.26986716024577173,0.12055699085389857,10
nt,M11,tl1.00_gl0.50_pr5.00_c100,1,0.5,100,5,0.24083351114856316,0.11555247036991936,10
nt,M8 (NT baseline),tl1.00_gl0.50_pr5.00_c100,1,0.5,100,5,0.27582777049129903,0.08715094579378857,10
nt,M4,tl1.00_gl0.50_pr5.00_c100,1,0.5,100,5,0.27327745459572367,0.11577692371449819,10
nt,M3,tl1.00_gl0.50_pr5.00_c100,1,0.5,100,5,0.2707656897785712,0.11554913579487361,10
nt,M5,tl1.00_gl0.50_pr5.00_c100,1,0.5,100,5,0.27090568688158956,0.1177203184158972,10
nt,M2,tl1.00_gl0.50_pr5.00_c100,1,0.5,100,5,0.2737392505969277,0.08415424430390386,10
nt,M6,tl1.00_gl0.50_pr5.00_c100,1,0.5,100,5,0.2752951975795139,0.08318485942473894,10
nt,M9,tl1.00_gl0.50_pr5.00_c200,1,0.5,200,5,0.2153381430929481,0.029086857061593502,5
nt,M10,tl1.00_gl0.50_pr5.00_c200,1,0.5,200,5,0.17192940393973533,0.062439151392740366,8
nt,M7,tl1.00_gl0.50_pr5.00_c200,1,0.5,200,5,0.17033845483684049,0.06312178522819195,8
nt,M3,tl1.00_gl0.50_pr5.00_c200,1,0.5,200,5,0.18054260215536244,0.08738254066831708,10
nt,M12,tl1.00_gl0.50_pr5.00_c200,1,0.5,200,5,0.17507777672667924,0.07586014522462547,10
nt,M1 (Mk baseline),tl1.00_gl0.50_pr5.00_c200,1,0.5,200,5,0.18074559614607533,0.08380407507387622,10
nt,M6,tl1.00_gl0.50_pr5.00_c200,1,0.5,200,5,0.1714288558256289,0.06210212518337263,10
nt,M2,tl1.00_gl0.50_pr5.00_c200,1,0.5,200,5,0.17243077585291344,0.06818463091952537,10
nt,M11,tl1.00_gl0.50_pr5.00_c200,1,0.5,200,5,0.1801182338768674,0.09234136158610978,10
nt,M8 (NT baseline),tl1.00_gl0.50_pr5.00_c200,1,0.5,200,5,0.1711900060209736,0.06481009790282757,10
nt,M5,tl1.00_gl0.50_pr5.00_c200,1,0.5,200,5,0.17332030775979584,0.07448977825743813,10
nt,M4,tl1.00_gl0.50_pr5.00_c200,1,0.5,200,5,0.17507777672667924,0.07586014522462547,10
nt,M10,tl1.00_gl0.50_pr5.00_c25,1,0.5,25,5,0.5368188217457692,0.123032359263476,10
nt,M11,tl1.00_gl0.50_pr5.00_c25,1,0.5,25,5,0.5112288799047878,0.14296661712523262,10
nt,M2,tl1.00_gl0.50_pr5.00_c25,1,0.5,25,5,0.5333691237186267,0.12849091720978723,10
nt,M9,tl1.00_gl0.50_pr5.00_c25,1,0.5,25,5,0.535627291221977,0.12075596040178266,10
nt,M5,tl1.00_gl0.50_pr5.00_c25,1,0.5,25,5,0.5346188358397389,0.1536602458571732,10
nt,M3,tl1.00_gl0.50_pr5.00_c25,1,0.5,25,5,0.5376907627727892,0.1635598757976801,10
nt,M7,tl1.00_gl0.50_pr5.00_c25,1,0.5,25,5,0.5346038448152081,0.12147219322028502,10
nt,M1 (Mk baseline),tl1.00_gl0.50_pr5.00_c25,1,0.5,25,5,0.5373268765901258,0.16125802521697163,10
nt,M12,tl1.00_gl0.50_pr5.00_c25,1,0.5,25,5,0.5109014210106044,0.11726399384456804,10
nt,M4,tl1.00_gl0.50_pr5.00_c25,1,0.5,25,5,0.5337128370285326,0.15265033030233077,10
nt,M6,tl1.00_gl0.50_pr5.00_c25,1,0.5,25,5,0.5313889741166136,0.12517323293648625,10
nt,M8 (NT baseline),tl1.00_gl0.50_pr5.00_c25,1,0.5,25,5,0.5361944563505188,0.12146402212224366,10
nt,M10,tl1.00_gl0.50_pr5.00_c50,1,0.5,50,5,0.42802240602754277,0.07691899429215115,10
nt,M8 (NT baseline),tl1.00_gl0.50_pr5.00_c50,1,0.5,50,5,0.4261494221842251,0.07458926691336776,10
nt,M5,tl1.00_gl0.50_pr5.00_c50,1,0.5,50,5,0.43281180005696707,0.06834780791744377,10
nt,M11,tl1.00_gl0.50_pr5.00_c50,1,0.5,50,5,0.4121413863172686,0.06050552398586517,10
nt,M6,tl1.00_gl0.50_pr5.00_c50,1,0.5,50,5,0.4271814582540525,0.07452660515392179,10
nt,M2,tl1.00_gl0.50_pr5.00_c50,1,0.5,50,5,0.4259991749346238,0.061586435827462316,10
nt,M1 (Mk baseline),tl1.00_gl0.50_pr5.00_c50,1,0.5,50,5,0.43509171924436196,0.06176117834200179,10
nt,M3,tl1.00_gl0.50_pr5.00_c50,1,0.5,50,5,0.43572903995989726,0.05219898713842114,10
nt,M4,tl1.00_gl0.50_pr5.00_c50,1,0.5,50,5,0.43351767921336853,0.06958266729943452,10
nt,M9,tl1.00_gl0.50_pr5.00_c50,1,0.5,50,5,0.4231374888228875,0.07038880366248845,10
nt,M7,tl1.00_gl0.50_pr5.00_c50,1,0.5,50,5,0.4276429414603897,0.073916729493063,10
nt,M12,tl1.00_gl0.50_pr5.00_c50,1,0.5,50,5,0.4014650434467661,0.0526519267358716,10
nt,M4,tl1.00_gl1.00_pr1.00_c100,1,1,100,1,0.3202379109921595,0.11617522626166726,10
nt,M6,tl1.00_gl1.00_pr1.00_c100,1,1,100,1,0.31344178003274015,0.10263835515623115,10
nt,M5,tl1.00_gl1.00_pr1.00_c100,1,1,100,1,0.32041853908035706,0.1140177687783106,10
nt,M12,tl1.00_gl1.00_pr1.00_c100,1,1,100,1,0.3023056322941606,0.10902565957234703,10
nt,M10,tl1.00_gl1.00_pr1.00_c100,1,1,100,1,0.3103214758209885,0.1038741516386496,10
nt,M2,tl1.00_gl1.00_pr1.00_c100,1,1,100,1,0.3109685263297904,0.10114203440063746,10
nt,M3,tl1.00_gl1.00_pr1.00_c100,1,1,100,1,0.3195153025487155,0.11298074025026528,10
nt,M11,tl1.00_gl1.00_pr1.00_c100,1,1,100,1,0.3043818980521116,0.10886088079139056,10
nt,M1 (Mk baseline),tl1.00_gl1.00_pr1.00_c100,1,1,100,1,0.3199557320652984,0.11509575063837527,10
nt,M8 (NT baseline),tl1.00_gl1.00_pr1.00_c100,1,1,100,1,0.3131589171877295,0.10205903069518779,10
nt,M9,tl1.00_gl1.00_pr1.00_c100,1,1,100,1,0.31243710906441224,0.10135099920706003,10
nt,M7,tl1.00_gl1.00_pr1.00_c100,1,1,100,1,0.31276806515777245,0.10303164960085912,10
nt,M1 (Mk baseline),tl1.00_gl1.00_pr1.00_c200,1,1,200,1,0.18082852695970025,0.025427589089623948,10
nt,M3,tl1.00_gl1.00_pr1.00_c200,1,1,200,1,0.18121179348086547,0.020719724489930508,10
nt,M8 (NT baseline),tl1.00_gl1.00_pr1.00_c200,1,1,200,1,0.17336632493716064,0.010271454572575917,10
nt,M4,tl1.00_gl1.00_pr1.00_c200,1,1,200,1,0.18190992283386076,0.022225966961374022,10
nt,M9,tl1.00_gl1.00_pr1.00_c200,1,1,200,1,0.17143296473682545,0.0325161489884056,7
nt,M10,tl1.00_gl1.00_pr1.00_c200,1,1,200,1,0.17282113853378966,0.010506382209504728,10
nt,M6,tl1.00_gl1.00_pr1.00_c200,1,1,200,1,0.17449085324585373,0.013514115572554497,10
nt,M12,tl1.00_gl1.00_pr1.00_c200,1,1,200,1,0.18190992283386076,0.022225966961374022,10
nt,M5,tl1.00_gl1.00_pr1.00_c200,1,1,200,1,0.18083456167340936,0.022548935781832147,10
nt,M2,tl1.00_gl1.00_pr1.00_c200,1,1,200,1,0.17474050019705045,0.014549218841271694,10
nt,M7,tl1.00_gl1.00_pr1.00_c200,1,1,200,1,0.17130590897418696,0.007295899071018019,9
nt,M11,tl1.00_gl1.00_pr1.00_c200,1,1,200,1,0.16619255559952578,0.02276217702481173,10
nt,M1 (Mk baseline),tl1.00_gl1.00_pr1.00_c25,1,1,25,1,0.5609408510035262,0.13959822804758348,10
nt,M9,tl1.00_gl1.00_pr1.00_c25,1,1,25,1,0.574610462107201,0.13525070960808006,10
nt,M4,tl1.00_gl1.00_pr1.00_c25,1,1,25,1,0.5622768678990144,0.1444074395690913,10
nt,M2,tl1.00_gl1.00_pr1.00_c25,1,1,25,1,0.5665621210784987,0.13177339014377776,10
nt,M12,tl1.00_gl1.00_pr1.00_c25,1,1,25,1,0.5520165179475416,0.12765348959325784,10
nt,M3,tl1.00_gl1.00_pr1.00_c25,1,1,25,1,0.5636095116424472,0.14209458913646122,10
nt,M6,tl1.00_gl1.00_pr1.00_c25,1,1,25,1,0.5690284674457649,0.14219164626432884,10
nt,M7,tl1.00_gl1.00_pr1.00_c25,1,1,25,1,0.5756485986031554,0.14525582820218752,10
nt,M10,tl1.00_gl1.00_pr1.00_c25,1,1,25,1,0.5688292688861687,0.1412016400644503,10
nt,M8 (NT baseline),tl1.00_gl1.00_pr1.00_c25,1,1,25,1,0.5733042816816494,0.1445726586841689,10
nt,M11,tl1.00_gl1.00_pr1.00_c25,1,1,25,1,0.5247719765709054,0.13420085769041068,10
nt,M5,tl1.00_gl1.00_pr1.00_c25,1,1,25,1,0.5639882402992127,0.14826446213264238,10
nt,M4,tl1.00_gl1.00_pr1.00_c50,1,1,50,1,0.40364126711410664,0.08071904137915376,10
nt,M3,tl1.00_gl1.00_pr1.00_c50,1,1,50,1,0.4071963546494054,0.09417981265860181,10
nt,M2,tl1.00_gl1.00_pr1.00_c50,1,1,50,1,0.4093244988817466,0.06812203153955815,10
nt,M1 (Mk baseline),tl1.00_gl1.00_pr1.00_c50,1,1,50,1,0.4051312120425584,0.09110436369003083,10
nt,M10,tl1.00_gl1.00_pr1.00_c50,1,1,50,1,0.40651066751375364,0.07159463535455635,10
nt,M12,tl1.00_gl1.00_pr1.00_c50,1,1,50,1,0.3949545124647148,0.034826505536532604,10
nt,M7,tl1.00_gl1.00_pr1.00_c50,1,1,50,1,0.40709245472828204,0.07767821118879303,10
nt,M6,tl1.00_gl1.00_pr1.00_c50,1,1,50,1,0.4077239346489451,0.07072342716325059,10
nt,M8 (NT baseline),tl1.00_gl1.00_pr1.00_c50,1,1,50,1,0.4057423291891576,0.07191600104638068,10
nt,M11,tl1.00_gl1.00_pr1.00_c50,1,1,50,1,0.39459660892536486,0.039130602937857306,10
nt,M9,tl1.00_gl1.00_pr1.00_c50,1,1,50,1,0.40696342710997213,0.07156964499796181,10
nt,M5,tl1.00_gl1.00_pr1.00_c50,1,1,50,1,0.4053494967530745,0.08677012602665413,10
nt,M3,tl1.00_gl1.00_pr2.50_c100,1,1,100,2.5,0.2685032003754366,0.10672969064300353,10
nt,M11,tl1.00_gl1.00_pr2.50_c100,1,1,100,2.5,0.26225990171921876,0.10986510553082249,10
nt,M5,tl1.00_gl1.00_pr2.50_c100,1,1,100,2.5,0.27098681657351825,0.11133574641576124,10
nt,M10,tl1.00_gl1.00_pr2.50_c100,1,1,100,2.5,0.261269595045169,0.1109780865598047,10
nt,M2,tl1.00_gl1.00_pr2.50_c100,1,1,100,2.5,0.2638364965661639,0.10881512299090776,10
nt,M4,tl1.00_gl1.00_pr2.50_c100,1,1,100,2.5,0.2708469915285866,0.11202165528405308,10
nt,M6,tl1.00_gl1.00_pr2.50_c100,1,1,100,2.5,0.26201547673677195,0.10692698667436087,10
nt,M1 (Mk baseline),tl1.00_gl1.00_pr2.50_c100,1,1,100,2.5,0.26973543263019617,0.10832922859661048,10
nt,M7,tl1.00_gl1.00_pr2.50_c100,1,1,100,2.5,0.26253003967564825,0.1122105985538987,10
nt,M12,tl1.00_gl1.00_pr2.50_c100,1,1,100,2.5,0.23943520329215084,0.11886382481967134,10
nt,M8 (NT baseline),tl1.00_gl1.00_pr2.50_c100,1,1,100,2.5,0.261884980241863,0.11075321090860785,10
nt,M9,tl1.00_gl1.00_pr2.50_c100,1,1,100,2.5,0.2615044456769528,0.11475712469403848,10
nt,M2,tl1.00_gl1.00_pr2.50_c200,1,1,200,2.5,0.1968015216831873,0.03598247947723096,10
nt,M6,tl1.00_gl1.00_pr2.50_c200,1,1,200,2.5,0.19552780164596867,0.039751046034169235,10
nt,M5,tl1.00_gl1.00_pr2.50_c200,1,1,200,2.5,0.20331139253743405,0.06714195176154605,10
nt,M8 (NT baseline),tl1.00_gl1.00_pr2.50_c200,1,1,200,2.5,0.19661499671296273,0.03908264286773827,10
nt,M10,tl1.00_gl1.00_pr2.50_c200,1,1,200,2.5,0.19803899085088508,0.03720093315265777,10
nt,M11,tl1.00_gl1.00_pr2.50_c200,1,1,200,2.5,0.1927903351408017,0.05661004972575989,10
nt,M3,tl1.00_gl1.00_pr2.50_c200,1,1,200,2.5,0.2041107417758199,0.06214412635466504,10
nt,M9,tl1.00_gl1.00_pr2.50_c200,1,1,200,2.5,0.19793139970202597,0.06397138980764505,6
nt,M12,tl1.00_gl1.00_pr2.50_c200,1,1,200,2.5,0.20436588370355985,0.06600438528951239,10
nt,M4,tl1.00_gl1.00_pr2.50_c200,1,1,200,2.5,0.20436588370355985,0.06600438528951239,10
nt,M7,tl1.00_gl1.00_pr2.50_c200,1,1,200,2.5,0.19741569082388347,0.035208000141876555,10
nt,M1 (Mk baseline),tl1.00_gl1.00_pr2.50_c200,1,1,200,2.5,0.20495499850773147,0.062101501635299566,10
nt,M2,tl1.00_gl1.00_pr2.50_c25,1,1,25,2.5,0.5417641607456434,0.07110445574534818,10
nt,M7,tl1.00_gl1.00_pr2.50_c25,1,1,25,2.5,0.5454021433765228,0.07048910427877958,10
nt,M11,tl1.00_gl1.00_pr2.50_c25,1,1,25,2.5,0.49898903638115266,0.07138401310255899,10
nt,M10,tl1.00_gl1.00_pr2.50_c25,1,1,25,2.5,0.5457015989041487,0.07010851696502729,10
nt,M1 (Mk baseline),tl1.00_gl1.00_pr2.50_c25,1,1,25,2.5,0.5377294172357341,0.07419085191633268,10
nt,M8 (NT baseline),tl1.00_gl1.00_pr2.50_c25,1,1,25,2.5,0.5477620978672517,0.07105726227761339,10
nt,M5,tl1.00_gl1.00_pr2.50_c25,1,1,25,2.5,0.5417009683202103,0.06986302351228685,10
nt,M3,tl1.00_gl1.00_pr2.50_c25,1,1,25,2.5,0.5356896092864781,0.07857761479249525,10
nt,M6,tl1.00_gl1.00_pr2.50_c25,1,1,25,2.5,0.5510757995636166,0.0702319395466075,10
nt,M9,tl1.00_gl1.00_pr2.50_c25,1,1,25,2.5,0.5443354906387492,0.06909191673318499,10
nt,M4,tl1.00_gl1.00_pr2.50_c25,1,1,25,2.5,0.5486320236023638,0.07402413571952493,10
nt,M12,tl1.00_gl1.00_pr2.50_c25,1,1,25,2.5,0.5267905981731194,0.07442142933500312,10
nt,M5,tl1.00_gl1.00_pr2.50_c50,1,1,50,2.5,0.4351225567772137,0.061021297947543296,10
nt,M2,tl1.00_gl1.00_pr2.50_c50,1,1,50,2.5,0.4346908257521432,0.07276006370372928,10
nt,M12,tl1.00_gl1.00_pr2.50_c50,1,1,50,2.5,0.42595945896472487,0.07189563173986463,10
nt,M7,tl1.00_gl1.00_pr2.50_c50,1,1,50,2.5,0.43439680105195544,0.07814955377306215,10
nt,M11,tl1.00_gl1.00_pr2.50_c50,1,1,50,2.5,0.4226722544175509,0.051086826525002405,10
nt,M10,tl1.00_gl1.00_pr2.50_c50,1,1,50,2.5,0.43353023794150813,0.07594445089846968,10
nt,M4,tl1.00_gl1.00_pr2.50_c50,1,1,50,2.5,0.43611075669062166,0.061464803216157826,10
nt,M1 (Mk baseline),tl1.00_gl1.00_pr2.50_c50,1,1,50,2.5,0.43851314984065204,0.05175444011331065,10
nt,M8 (NT baseline),tl1.00_gl1.00_pr2.50_c50,1,1,50,2.5,0.4341295175081218,0.0775040210020283,10
nt,M6,tl1.00_gl1.00_pr2.50_c50,1,1,50,2.5,0.4353671663779894,0.07233302016815857,10
nt,M9,tl1.00_gl1.00_pr2.50_c50,1,1,50,2.5,0.4344394941810664,0.07554515655815425,10
nt,M3,tl1.00_gl1.00_pr2.50_c50,1,1,50,2.5,0.4378087138578546,0.05272110968146054,10
nt,M7,tl1.00_gl1.00_pr5.00_c100,1,1,100,5,0.25510547689860363,0.08641131592921397,8
nt,M10,tl1.00_gl1.00_pr5.00_c100,1,1,100,5,0.2849269754543583,0.08261973676593395,10
nt,M5,tl1.00_gl1.00_pr5.00_c100,1,1,100,5,0.28683699135439944,0.08948509214414627,10
nt,M1 (Mk baseline),tl1.00_gl1.00_pr5.00_c100,1,1,100,5,0.2945337248258241,0.10315511297609498,10
nt,M3,tl1.00_gl1.00_pr5.00_c100,1,1,100,5,0.29565447829046093,0.1066596804466412,10
nt,M9,tl1.00_gl1.00_pr5.00_c100,1,1,100,5,0.24268855087814034,0.05532631158993001,7
nt,M11,tl1.00_gl1.00_pr5.00_c100,1,1,100,5,0.27292779301038483,0.10430686493028113,10
nt,M8 (NT baseline),tl1.00_gl1.00_pr5.00_c100,1,1,100,5,0.2857416025930353,0.08184989447350016,10
nt,M6,tl1.00_gl1.00_pr5.00_c100,1,1,100,5,0.28544350485520864,0.07906340707490184,10
nt,M12,tl1.00_gl1.00_pr5.00_c100,1,1,100,5,0.26795781140865604,0.08163337413677674,10
nt,M2,tl1.00_gl1.00_pr5.00_c100,1,1,100,5,0.2929687132086757,0.0783469433869648,10
nt,M4,tl1.00_gl1.00_pr5.00_c100,1,1,100,5,0.28614476595730365,0.08825697577857455,10
nt,M8 (NT baseline),tl1.00_gl1.00_pr5.00_c200,1,1,200,5,0.17931523718337838,0.044134087195952854,10
nt,M5,tl1.00_gl1.00_pr5.00_c200,1,1,200,5,0.18071625471582342,0.04677694655631526,10
nt,M11,tl1.00_gl1.00_pr5.00_c200,1,1,200,5,0.17853176324060724,0.0663460481693312,10
nt,M6,tl1.00_gl1.00_pr5.00_c200,1,1,200,5,0.18041488996370686,0.044663980239358136,10
nt,M9,tl1.00_gl1.00_pr5.00_c200,1,1,200,5,0.1933499501578481,0.049799392052740116,7
nt,M4,tl1.00_gl1.00_pr5.00_c200,1,1,200,5,0.18174177491841562,0.04636429773316955,10
nt,M7,tl1.00_gl1.00_pr5.00_c200,1,1,200,5,0.16766689497685922,0.054639358150405465,7
nt,M10,tl1.00_gl1.00_pr5.00_c200,1,1,200,5,0.18108745692004274,0.04779796024481203,10
nt,M12,tl1.00_gl1.00_pr5.00_c200,1,1,200,5,0.18174177491841562,0.04636429773316955,10
nt,M1 (Mk baseline),tl1.00_gl1.00_pr5.00_c200,1,1,200,5,0.19160546722782,0.05383279729225915,10
nt,M3,tl1.00_gl1.00_pr5.00_c200,1,1,200,5,0.19177180306784639,0.05263384570207316,10
nt,M2,tl1.00_gl1.00_pr5.00_c200,1,1,200,5,0.17182119045661168,0.050817451499494404,10
nt,M10,tl1.00_gl1.00_pr5.00_c25,1,1,25,5,0.5604680773043287,0.17023657825040361,10
nt,M2,tl1.00_gl1.00_pr5.00_c25,1,1,25,5,0.557918421212808,0.16868713004197622,10
nt,M4,tl1.00_gl1.00_pr5.00_c25,1,1,25,5,0.5653895034126093,0.17052537661712702,10
nt,M11,tl1.00_gl1.00_pr5.00_c25,1,1,25,5,0.5288963056540457,0.15304093553342013,10
nt,M9,tl1.00_gl1.00_pr5.00_c25,1,1,25,5,0.5570258173517628,0.16317496971628603,10
nt,M1 (Mk baseline),tl1.00_gl1.00_pr5.00_c25,1,1,25,5,0.5614667710172303,0.16881331194154325,10
nt,M7,tl1.00_gl1.00_pr5.00_c25,1,1,25,5,0.5600133258000528,0.16794070108163672,10
nt,M3,tl1.00_gl1.00_pr5.00_c25,1,1,25,5,0.5561770740371323,0.17079668479814025,10
nt,M6,tl1.00_gl1.00_pr5.00_c25,1,1,25,5,0.5582664962553615,0.165904941281942,10
nt,M5,tl1.00_gl1.00_pr5.00_c25,1,1,25,5,0.5634274791920904,0.16525418072598935,10
nt,M8 (NT baseline),tl1.00_gl1.00_pr5.00_c25,1,1,25,5,0.5594276978371551,0.16417626157652154,10
nt,M12,tl1.00_gl1.00_pr5.00_c25,1,1,25,5,0.5370869142827546,0.17583255696688005,10
nt,M6,tl1.00_gl1.00_pr5.00_c50,1,1,50,5,0.4349740796884749,0.09528518136236597,10
nt,M1 (Mk baseline),tl1.00_gl1.00_pr5.00_c50,1,1,50,5,0.46325170718917746,0.0930985890207392,10
nt,M11,tl1.00_gl1.00_pr5.00_c50,1,1,50,5,0.4366424021162314,0.09537434731973249,10
nt,M4,tl1.00_gl1.00_pr5.00_c50,1,1,50,5,0.4439119361030916,0.09230424910820312,10
nt,M5,tl1.00_gl1.00_pr5.00_c50,1,1,50,5,0.4457964933953149,0.09593203084964785,10
nt,M7,tl1.00_gl1.00_pr5.00_c50,1,1,50,5,0.4359671747267216,0.08772326287380061,10
nt,M2,tl1.00_gl1.00_pr5.00_c50,1,1,50,5,0.4349108873872921,0.08683709141412493,10
nt,M8 (NT baseline),tl1.00_gl1.00_pr5.00_c50,1,1,50,5,0.4369674236829788,0.08921072053928769,10
nt,M3,tl1.00_gl1.00_pr5.00_c50,1,1,50,5,0.4627670185900097,0.08814479050525359,10
nt,M12,tl1.00_gl1.00_pr5.00_c50,1,1,50,5,0.4178725019766404,0.10463029892655118,10
nt,M9,tl1.00_gl1.00_pr5.00_c50,1,1,50,5,0.4365132185851164,0.09178745345892497,10
nt,M10,tl1.00_gl1.00_pr5.00_c50,1,1,50,5,0.43574109458502447,0.09190516961473649,10
nt,M8 (NT baseline),tl1.50_gl0.10_pr1.00_c100,1.5,0.1,100,1,0.29527243991577773,0.09522430702120643,10
nt,M11,tl1.50_gl0.10_pr1.00_c100,1.5,0.1,100,1,0.30737819582438913,0.07558935604710365,10
nt,M2,tl1.50_gl0.10_pr1.00_c100,1.5,0.1,100,1,0.30131027771208096,0.09484902081874724,10
nt,M1 (Mk baseline),tl1.50_gl0.10_pr1.00_c100,1.5,0.1,100,1,0.3013137103161462,0.09219199808791029,10
nt,M4,tl1.50_gl0.10_pr1.00_c100,1.5,0.1,100,1,0.30648829722195287,0.0906946894866692,10
nt,M6,tl1.50_gl0.10_pr1.00_c100,1.5,0.1,100,1,0.3000448962612612,0.09085376588196514,10
nt,M7,tl1.50_gl0.10_pr1.00_c100,1.5,0.1,100,1,0.29638749466471126,0.09430944769933625,10
nt,M10,tl1.50_gl0.10_pr1.00_c100,1.5,0.1,100,1,0.2983271466986311,0.09275308479970007,10
nt,M12,tl1.50_gl0.10_pr1.00_c100,1.5,0.1,100,1,0.30604381994211183,0.08599927089458614,10
nt,M9,tl1.50_gl0.10_pr1.00_c100,1.5,0.1,100,1,0.29691631943455016,0.09288760652970063,10
nt,M3,tl1.50_gl0.10_pr1.00_c100,1.5,0.1,100,1,0.3120288431803323,0.08555665090762876,10
nt,M5,tl1.50_gl0.10_pr1.00_c100,1.5,0.1,100,1,0.2963951840335615,0.09110876002676799,10
nt,M11,tl1.50_gl0.10_pr1.00_c200,1.5,0.1,200,1,0.24251837521727587,0.12493595646235417,10
nt,M1 (Mk baseline),tl1.50_gl0.10_pr1.00_c200,1.5,0.1,200,1,0.24222734910882107,0.09781892727143027,10
nt,M9,tl1.50_gl0.10_pr1.00_c200,1.5,0.1,200,1,0.24192328090228346,0.07001117724312683,5
nt,M8 (NT baseline),tl1.50_gl0.10_pr1.00_c200,1.5,0.1,200,1,0.2180810946603168,0.07875036416781558,10
nt,M6,tl1.50_gl0.10_pr1.00_c200,1.5,0.1,200,1,0.20651762940693486,0.08899241242879322,10
nt,M10,tl1.50_gl0.10_pr1.00_c200,1.5,0.1,200,1,0.22196263319588386,0.08107731361080656,10
nt,M2,tl1.50_gl0.10_pr1.00_c200,1.5,0.1,200,1,0.212818499060341,0.0871444665028207,10
nt,M3,tl1.50_gl0.10_pr1.00_c200,1.5,0.1,200,1,0.2403381842058238,0.10869435374052044,10
nt,M4,tl1.50_gl0.10_pr1.00_c200,1.5,0.1,200,1,0.24444520794996016,0.09563705200767209,10
nt,M5,tl1.50_gl0.10_pr1.00_c200,1.5,0.1,200,1,0.23758588511117373,0.0993195259242689,10
nt,M7,tl1.50_gl0.10_pr1.00_c200,1.5,0.1,200,1,0.21777781024088463,0.07792352626890875,9
nt,M12,tl1.50_gl0.10_pr1.00_c200,1.5,0.1,200,1,0.24444520794996016,0.09563705200767209,10
nt,M10,tl1.50_gl0.10_pr1.00_c25,1.5,0.1,25,1,0.5855541331545664,0.1067208550987544,10
nt,M1 (Mk baseline),tl1.50_gl0.10_pr1.00_c25,1.5,0.1,25,1,0.5775312916217161,0.10599189936647013,10
nt,M8 (NT baseline),tl1.50_gl0.10_pr1.00_c25,1.5,0.1,25,1,0.5911437516875934,0.11180313466906422,10
nt,M3,tl1.50_gl0.10_pr1.00_c25,1.5,0.1,25,1,0.587514568374647,0.1072164683382737,10
nt,M7,tl1.50_gl0.10_pr1.00_c25,1.5,0.1,25,1,0.5948662338793469,0.10946033779541975,10
nt,M6,tl1.50_gl0.10_pr1.00_c25,1.5,0.1,25,1,0.5704674332827702,0.10495338748740535,10
nt,M5,tl1.50_gl0.10_pr1.00_c25,1.5,0.1,25,1,0.5870041538915688,0.10579550052088094,10
nt,M4,tl1.50_gl0.10_pr1.00_c25,1.5,0.1,25,1,0.5715560316254379,0.1038272543687444,10
nt,M9,tl1.50_gl0.10_pr1.00_c25,1.5,0.1,25,1,0.5933011175628298,0.10918481935020397,10
nt,M11,tl1.50_gl0.10_pr1.00_c25,1.5,0.1,25,1,0.5421399825964884,0.12631309686702263,10
nt,M12,tl1.50_gl0.10_pr1.00_c25,1.5,0.1,25,1,0.5623175409565336,0.128126993942567,10
nt,M2,tl1.50_gl0.10_pr1.00_c25,1.5,0.1,25,1,0.5716912541932598,0.10551129845104801,10
nt,M9,tl1.50_gl0.10_pr1.00_c50,1.5,0.1,50,1,0.4823577339925452,0.13002535634431422,10
nt,M6,tl1.50_gl0.10_pr1.00_c50,1.5,0.1,50,1,0.4715058172416643,0.10962172646364282,10
nt,M1 (Mk baseline),tl1.50_gl0.10_pr1.00_c50,1.5,0.1,50,1,0.47998956891951017,0.11296216128206094,10
nt,M4,tl1.50_gl0.10_pr1.00_c50,1.5,0.1,50,1,0.48080345837424954,0.10920223249970912,10
nt,M12,tl1.50_gl0.10_pr1.00_c50,1.5,0.1,50,1,0.4499977835406478,0.12474184853097786,10
nt,M7,tl1.50_gl0.10_pr1.00_c50,1.5,0.1,50,1,0.48663555901715494,0.1265167034547371,9
nt,M10,tl1.50_gl0.10_pr1.00_c50,1.5,0.1,50,1,0.48089445635783135,0.12819456063546952,10
nt,M8 (NT baseline),tl1.50_gl0.10_pr1.00_c50,1.5,0.1,50,1,0.4809955138684452,0.12615530517093404,10
nt,M2,tl1.50_gl0.10_pr1.00_c50,1.5,0.1,50,1,0.4762088955993063,0.10665220554839966,10
nt,M3,tl1.50_gl0.10_pr1.00_c50,1.5,0.1,50,1,0.47877647777316296,0.11994126779888903,10
nt,M5,tl1.50_gl0.10_pr1.00_c50,1.5,0.1,50,1,0.47962797397048085,0.12867696049963984,10
nt,M11,tl1.50_gl0.10_pr1.00_c50,1.5,0.1,50,1,0.46072708551541275,0.10611658473196184,10
nt,M11,tl1.50_gl0.10_pr2.50_c100,1.5,0.1,100,2.5,0.3025952002494118,0.06471390977670832,10
nt,M1 (Mk baseline),tl1.50_gl0.10_pr2.50_c100,1.5,0.1,100,2.5,0.32361095548857166,0.07022377867224339,10
nt,M6,tl1.50_gl0.10_pr2.50_c100,1.5,0.1,100,2.5,0.33648069955975285,0.054601123065550816,10
nt,M7,tl1.50_gl0.10_pr2.50_c100,1.5,0.1,100,2.5,0.3283129647380676,0.0788336178995318,8
nt,M8 (NT baseline),tl1.50_gl0.10_pr2.50_c100,1.5,0.1,100,2.5,0.32986881901458054,0.06910067235840289,10
nt,M10,tl1.50_gl0.10_pr2.50_c100,1.5,0.1,100,2.5,0.33329542632805115,0.07036151792791023,10
nt,M4,tl1.50_gl0.10_pr2.50_c100,1.5,0.1,100,2.5,0.32860671910248307,0.07426483680239032,10
nt,M9,tl1.50_gl0.10_pr2.50_c100,1.5,0.1,100,2.5,0.32756573343221773,0.06587455014322185,10
nt,M2,tl1.50_gl0.10_pr2.50_c100,1.5,0.1,100,2.5,0.33361420346552273,0.0611917855611821,10
nt,M3,tl1.50_gl0.10_pr2.50_c100,1.5,0.1,100,2.5,0.32482906875196416,0.06870407956469005,10
nt,M12,tl1.50_gl0.10_pr2.50_c100,1.5,0.1,100,2.5,0.30498131298084374,0.07215430971781156,10
nt,M5,tl1.50_gl0.10_pr2.50_c100,1.5,0.1,100,2.5,0.32092989128572025,0.08330198535216882,10
nt,M8 (NT baseline),tl1.50_gl0.10_pr2.50_c200,1.5,0.1,200,2.5,0.17444530589813956,0.044611516402655566,10
nt,M9,tl1.50_gl0.10_pr2.50_c200,1.5,0.1,200,2.5,0.1785498966513923,0.045259032169735175,5
nt,M7,tl1.50_gl0.10_pr2.50_c200,1.5,0.1,200,2.5,0.17697103030512643,0.053690634741409476,8
nt,M10,tl1.50_gl0.10_pr2.50_c200,1.5,0.1,200,2.5,0.17384272004727158,0.04275736875563907,10
nt,M2,tl1.50_gl0.10_pr2.50_c200,1.5,0.1,200,2.5,0.1779297999258399,0.040131225834388995,10
nt,M4,tl1.50_gl0.10_pr2.50_c200,1.5,0.1,200,2.5,0.1760787474097501,0.03842588614563497,10
nt,M12,tl1.50_gl0.10_pr2.50_c200,1.5,0.1,200,2.5,0.1760787474097501,0.03842588614563497,10
nt,M6,tl1.50_gl0.10_pr2.50_c200,1.5,0.1,200,2.5,0.1781862121387704,0.033935858174403144,10
nt,M3,tl1.50_gl0.10_pr2.50_c200,1.5,0.1,200,2.5,0.1729666617540786,0.0484421324654751,10
nt,M1 (Mk baseline),tl1.50_gl0.10_pr2.50_c200,1.5,0.1,200,2.5,0.17535286835447578,0.04202805680757071,10
nt,M5,tl1.50_gl0.10_pr2.50_c200,1.5,0.1,200,2.5,0.17150130856694074,0.04272513158524929,10
nt,M11,tl1.50_gl0.10_pr2.50_c200,1.5,0.1,200,2.5,0.17098026445468453,0.03415081890833824,10
nt,M9,tl1.50_gl0.10_pr2.50_c25,1.5,0.1,25,2.5,0.5599024554109646,0.05834022163326236,10
nt,M7,tl1.50_gl0.10_pr2.50_c25,1.5,0.1,25,2.5,0.5607950824271144,0.060047447236279305,10
nt,M12,tl1.50_gl0.10_pr2.50_c25,1.5,0.1,25,2.5,0.5576031009156054,0.049179299498677054,10
nt,M6,tl1.50_gl0.10_pr2.50_c25,1.5,0.1,25,2.5,0.5606642681758092,0.0610549232354618,10
nt,M4,tl1.50_gl0.10_pr2.50_c25,1.5,0.1,25,2.5,0.55843221930519,0.05584718982124992,10
nt,M10,tl1.50_gl0.10_pr2.50_c25,1.5,0.1,25,2.5,0.558997898684491,0.05853983683556252,10
nt,M5,tl1.50_gl0.10_pr2.50_c25,1.5,0.1,25,2.5,0.5548411064998113,0.05346049057237734,10
nt,M2,tl1.50_gl0.10_pr2.50_c25,1.5,0.1,25,2.5,0.5648279115462715,0.05918268637382518,10
nt,M3,tl1.50_gl0.10_pr2.50_c25,1.5,0.1,25,2.5,0.5589457022517806,0.05776462070387611,10
nt,M1 (Mk baseline),tl1.50_gl0.10_pr2.50_c25,1.5,0.1,25,2.5,0.5644092950260788,0.05845403211969591,10
nt,M11,tl1.50_gl0.10_pr2.50_c25,1.5,0.1,25,2.5,0.5260661852742914,0.06988599824767672,10
nt,M8 (NT baseline),tl1.50_gl0.10_pr2.50_c25,1.5,0.1,25,2.5,0.5579284640127389,0.05876754631330017,10
nt,M4,tl1.50_gl0.10_pr2.50_c50,1.5,0.1,50,2.5,0.46883001007373215,0.05957782370398651,10
nt,M8 (NT baseline),tl1.50_gl0.10_pr2.50_c50,1.5,0.1,50,2.5,0.4636118187988689,0.050263019622655225,10
nt,M6,tl1.50_gl0.10_pr2.50_c50,1.5,0.1,50,2.5,0.4544809653789922,0.0545296111225585,10
nt,M2,tl1.50_gl0.10_pr2.50_c50,1.5,0.1,50,2.5,0.4582629183067895,0.04860433193967201,10
nt,M5,tl1.50_gl0.10_pr2.50_c50,1.5,0.1,50,2.5,0.4660385445523393,0.04560615474861823,10
nt,M10,tl1.50_gl0.10_pr2.50_c50,1.5,0.1,50,2.5,0.46040676784584317,0.060118979032543596,10
nt,M9,tl1.50_gl0.10_pr2.50_c50,1.5,0.1,50,2.5,0.46538985837879776,0.05080213614358464,10
nt,M11,tl1.50_gl0.10_pr2.50_c50,1.5,0.1,50,2.5,0.4407792531758281,0.06565249714278915,10
nt,M12,tl1.50_gl0.10_pr2.50_c50,1.5,0.1,50,2.5,0.44375824611570747,0.04510837190380601,10
nt,M7,tl1.50_gl0.10_pr2.50_c50,1.5,0.1,50,2.5,0.4648480052310685,0.050321784011953974,10
nt,M1 (Mk baseline),tl1.50_gl0.10_pr2.50_c50,1.5,0.1,50,2.5,0.4683896523797414,0.05772099582879209,10
nt,M3,tl1.50_gl0.10_pr2.50_c50,1.5,0.1,50,2.5,0.46695542347250824,0.054805285672833826,10
nt,M5,tl1.50_gl0.10_pr5.00_c100,1.5,0.1,100,5,0.3075152146912875,0.08026210182909066,10
nt,M2,tl1.50_gl0.10_pr5.00_c100,1.5,0.1,100,5,0.3077581676623429,0.06277110021866694,10
nt,M1 (Mk baseline),tl1.50_gl0.10_pr5.00_c100,1.5,0.1,100,5,0.3062413491604872,0.06895734213369048,10
nt,M12,tl1.50_gl0.10_pr5.00_c100,1.5,0.1,100,5,0.28079938208017213,0.07688533064652486,10
nt,M3,tl1.50_gl0.10_pr5.00_c100,1.5,0.1,100,5,0.3016067175397338,0.07221502932558005,10
nt,M9,tl1.50_gl0.10_pr5.00_c100,1.5,0.1,100,5,0.2743776847426088,0.08532590658695782,6
nt,M8 (NT baseline),tl1.50_gl0.10_pr5.00_c100,1.5,0.1,100,5,0.3001532455026735,0.09210492571681517,10
nt,M6,tl1.50_gl0.10_pr5.00_c100,1.5,0.1,100,5,0.3087408908949519,0.07892827113079981,10
nt,M11,tl1.50_gl0.10_pr5.00_c100,1.5,0.1,100,5,0.29663837469902615,0.0777604903414639,10
nt,M10,tl1.50_gl0.10_pr5.00_c100,1.5,0.1,100,5,0.3020972549133455,0.09459543227140665,10
nt,M7,tl1.50_gl0.10_pr5.00_c100,1.5,0.1,100,5,0.3036563921343981,0.09623198284757589,8
nt,M4,tl1.50_gl0.10_pr5.00_c100,1.5,0.1,100,5,0.31972303600640983,0.07971204825772016,10
nt,M5,tl1.50_gl0.10_pr5.00_c200,1.5,0.1,200,5,0.20174982552203574,0.04209059811011687,10
nt,M8 (NT baseline),tl1.50_gl0.10_pr5.00_c200,1.5,0.1,200,5,0.20059164920998998,0.05524708481819279,10
nt,M11,tl1.50_gl0.10_pr5.00_c200,1.5,0.1,200,5,0.19602034788869302,0.05366420397004787,10
nt,M1 (Mk baseline),tl1.50_gl0.10_pr5.00_c200,1.5,0.1,200,5,0.21030507638808188,0.059643330376744214,10
nt,M6,tl1.50_gl0.10_pr5.00_c200,1.5,0.1,200,5,0.19281438278890067,0.037368367031297284,10
nt,M2,tl1.50_gl0.10_pr5.00_c200,1.5,0.1,200,5,0.19478601324777478,0.05512511201692241,10
nt,M3,tl1.50_gl0.10_pr5.00_c200,1.5,0.1,200,5,0.20950106432973517,0.06360544861807049,10
nt,M10,tl1.50_gl0.10_pr5.00_c200,1.5,0.1,200,5,0.20087785233009708,0.058557523849703114,10
nt,M9,tl1.50_gl0.10_pr5.00_c200,1.5,0.1,200,5,0.20055339318362467,0.029525935708303502,5
nt,M12,tl1.50_gl0.10_pr5.00_c200,1.5,0.1,200,5,0.20395138649092823,0.045953996194565805,10
nt,M4,tl1.50_gl0.10_pr5.00_c200,1.5,0.1,200,5,0.20395138649092823,0.045953996194565805,10
nt,M7,tl1.50_gl0.10_pr5.00_c200,1.5,0.1,200,5,0.18806415258777218,0.04927813986247015,8
nt,M3,tl1.50_gl0.10_pr5.00_c25,1.5,0.1,25,5,0.594804773338883,0.1736753362424157,10
nt,M10,tl1.50_gl0.10_pr5.00_c25,1.5,0.1,25,5,0.5801173718313625,0.17666428150777608,10
nt,M2,tl1.50_gl0.10_pr5.00_c25,1.5,0.1,25,5,0.5887131946705074,0.17951552650572122,10
nt,M5,tl1.50_gl0.10_pr5.00_c25,1.5,0.1,25,5,0.5930697530667921,0.17002191125019572,10
nt,M6,tl1.50_gl0.10_pr5.00_c25,1.5,0.1,25,5,0.5795442717490339,0.18965517998594206,10
nt,M1 (Mk baseline),tl1.50_gl0.10_pr5.00_c25,1.5,0.1,25,5,0.5926289189822441,0.17492620669036335,10
nt,M12,tl1.50_gl0.10_pr5.00_c25,1.5,0.1,25,5,0.5579666147832523,0.16494630680794964,10
nt,M8 (NT baseline),tl1.50_gl0.10_pr5.00_c25,1.5,0.1,25,5,0.5832977287305865,0.17198067069122913,10
nt,M11,tl1.50_gl0.10_pr5.00_c25,1.5,0.1,25,5,0.5679225210104877,0.16871424221508763,10
nt,M7,tl1.50_gl0.10_pr5.00_c25,1.5,0.1,25,5,0.5857081221466851,0.16776451129310216,10
nt,M4,tl1.50_gl0.10_pr5.00_c25,1.5,0.1,25,5,0.5926797453077551,0.1880550740018589,10
nt,M9,tl1.50_gl0.10_pr5.00_c25,1.5,0.1,25,5,0.5837062276154922,0.16625601950014302,10
nt,M3,tl1.50_gl0.10_pr5.00_c50,1.5,0.1,50,5,0.4195260828618628,0.05604879682726904,10
nt,M6,tl1.50_gl0.10_pr5.00_c50,1.5,0.1,50,5,0.407151553738917,0.04513801977426163,10
nt,M11,tl1.50_gl0.10_pr5.00_c50,1.5,0.1,50,5,0.3983147678669555,0.05676004675760449,10
nt,M4,tl1.50_gl0.10_pr5.00_c50,1.5,0.1,50,5,0.4099794193950789,0.055843884921165876,10
nt,M12,tl1.50_gl0.10_pr5.00_c50,1.5,0.1,50,5,0.3939868034576013,0.06698347076212602,10
nt,M5,tl1.50_gl0.10_pr5.00_c50,1.5,0.1,50,5,0.4175379141250103,0.047044588909871565,10
nt,M10,tl1.50_gl0.10_pr5.00_c50,1.5,0.1,50,5,0.4095520767791062,0.0422060225454971,10
nt,M8 (NT baseline),tl1.50_gl0.10_pr5.00_c50,1.5,0.1,50,5,0.4145545182107434,0.04229403523874181,10
nt,M9,tl1.50_gl0.10_pr5.00_c50,1.5,0.1,50,5,0.4144177895068217,0.04570177992756452,10
nt,M2,tl1.50_gl0.10_pr5.00_c50,1.5,0.1,50,5,0.41898743690641216,0.025921787023676535,10
nt,M1 (Mk baseline),tl1.50_gl0.10_pr5.00_c50,1.5,0.1,50,5,0.4247209531120395,0.038286776247397736,10
nt,M7,tl1.50_gl0.10_pr5.00_c50,1.5,0.1,50,5,0.41386417794579977,0.042128988639582476,10
nt,M6,tl1.50_gl0.25_pr1.00_c100,1.5,0.25,100,1,0.25829282689388167,0.047808715252350586,10
nt,M3,tl1.50_gl0.25_pr1.00_c100,1.5,0.25,100,1,0.26173357522570667,0.06545726863956663,10
nt,M4,tl1.50_gl0.25_pr1.00_c100,1.5,0.25,100,1,0.26054858060906083,0.06937148835378792,10
nt,M2,tl1.50_gl0.25_pr1.00_c100,1.5,0.25,100,1,0.25891304606965526,0.051992651851262145,10
nt,M11,tl1.50_gl0.25_pr1.00_c100,1.5,0.25,100,1,0.23922507819842215,0.06413011672399199,10
nt,M12,tl1.50_gl0.25_pr1.00_c100,1.5,0.25,100,1,0.23866304471325975,0.060467328233910156,10
nt,M8 (NT baseline),tl1.50_gl0.25_pr1.00_c100,1.5,0.25,100,1,0.2568841876254306,0.05466343012134217,10
nt,M9,tl1.50_gl0.25_pr1.00_c100,1.5,0.25,100,1,0.2570246793906151,0.04473486535991855,10
nt,M10,tl1.50_gl0.25_pr1.00_c100,1.5,0.25,100,1,0.25938703678301167,0.049106333322793794,10
nt,M7,tl1.50_gl0.25_pr1.00_c100,1.5,0.25,100,1,0.2581281431042063,0.05634972950669859,10
nt,M5,tl1.50_gl0.25_pr1.00_c100,1.5,0.25,100,1,0.2549290881569286,0.06882708947749186,10
nt,M1 (Mk baseline),tl1.50_gl0.25_pr1.00_c100,1.5,0.25,100,1,0.2593894770402734,0.06859930314872942,10
nt,M5,tl1.50_gl0.25_pr1.00_c200,1.5,0.25,200,1,0.1768936342112093,0.060562531975180356,10
nt,M11,tl1.50_gl0.25_pr1.00_c200,1.5,0.25,200,1,0.1734864059708519,0.04049450675350183,10
nt,M4,tl1.50_gl0.25_pr1.00_c200,1.5,0.25,200,1,0.1823401806901414,0.0512008824889478,10
nt,M9,tl1.50_gl0.25_pr1.00_c200,1.5,0.25,200,1,0.186130122674787,0.020574389798647313,5
nt,M6,tl1.50_gl0.25_pr1.00_c200,1.5,0.25,200,1,0.18525647980993915,0.04582380504337766,10
nt,M1 (Mk baseline),tl1.50_gl0.25_pr1.00_c200,1.5,0.25,200,1,0.18132518736965675,0.05570024027185025,10
nt,M10,tl1.50_gl0.25_pr1.00_c200,1.5,0.25,200,1,0.17813000360159154,0.031831934672513884,10
nt,M3,tl1.50_gl0.25_pr1.00_c200,1.5,0.25,200,1,0.1749215065396133,0.060947529462786476,10
nt,M12,tl1.50_gl0.25_pr1.00_c200,1.5,0.25,200,1,0.1823401806901414,0.0512008824889478,10
nt,M7,tl1.50_gl0.25_pr1.00_c200,1.5,0.25,200,1,0.1733854819050539,0.053293777021422795,8
nt,M2,tl1.50_gl0.25_pr1.00_c200,1.5,0.25,200,1,0.1839092713086022,0.048227124116573816,10
nt,M8 (NT baseline),tl1.50_gl0.25_pr1.00_c200,1.5,0.25,200,1,0.1774181300678151,0.038370647038739214,10
nt,M2,tl1.50_gl0.25_pr1.00_c25,1.5,0.25,25,1,0.6081347150019734,0.13077639798492302,9
nt,M10,tl1.50_gl0.25_pr1.00_c25,1.5,0.25,25,1,0.6176055213537952,0.10486684263336554,10
nt,M9,tl1.50_gl0.25_pr1.00_c25,1.5,0.25,25,1,0.6203653204712098,0.10483240847141584,10
nt,M1 (Mk baseline),tl1.50_gl0.25_pr1.00_c25,1.5,0.25,25,1,0.6251229590846882,0.14373912003644906,9
nt,M8 (NT baseline),tl1.50_gl0.25_pr1.00_c25,1.5,0.25,25,1,0.6179336857070573,0.10294647382895206,10
nt,M7,tl1.50_gl0.25_pr1.00_c25,1.5,0.25,25,1,0.620046638718934,0.10789034111514162,10
nt,M5,tl1.50_gl0.25_pr1.00_c25,1.5,0.25,25,1,0.6135427472201413,0.1166341275051832,10
nt,M4,tl1.50_gl0.25_pr1.00_c25,1.5,0.25,25,1,0.6157283609505982,0.11558328224856929,10
nt,M11,tl1.50_gl0.25_pr1.00_c25,1.5,0.25,25,1,0.5785786538404709,0.12150782537047733,10
nt,M12,tl1.50_gl0.25_pr1.00_c25,1.5,0.25,25,1,0.5967761755135059,0.10445240451222171,10
nt,M6,tl1.50_gl0.25_pr1.00_c25,1.5,0.25,25,1,0.6157751171706229,0.09980940798166549,10
nt,M3,tl1.50_gl0.25_pr1.00_c25,1.5,0.25,25,1,0.6115927364919793,0.11321429092296964,10
nt,M11,tl1.50_gl0.25_pr1.00_c50,1.5,0.25,50,1,0.4197158464557568,0.06495284557182845,10
nt,M9,tl1.50_gl0.25_pr1.00_c50,1.5,0.25,50,1,0.4385181160357459,0.05035486850372867,10
nt,M12,tl1.50_gl0.25_pr1.00_c50,1.5,0.25,50,1,0.4074043403002515,0.03259847191675086,10
nt,M3,tl1.50_gl0.25_pr1.00_c50,1.5,0.25,50,1,0.44932810227149383,0.053805276792573686,10
nt,M5,tl1.50_gl0.25_pr1.00_c50,1.5,0.25,50,1,0.4438659502413804,0.059983972001917074,10
nt,M6,tl1.50_gl0.25_pr1.00_c50,1.5,0.25,50,1,0.4392858793203316,0.04062024805160186,10
nt,M8 (NT baseline),tl1.50_gl0.25_pr1.00_c50,1.5,0.25,50,1,0.4392901383315341,0.04468829784297712,10
nt,M2,tl1.50_gl0.25_pr1.00_c50,1.5,0.25,50,1,0.4404843534851316,0.040046009914945946,10
nt,M4,tl1.50_gl0.25_pr1.00_c50,1.5,0.25,50,1,0.4466471164319178,0.049672336902501946,10
nt,M10,tl1.50_gl0.25_pr1.00_c50,1.5,0.25,50,1,0.43886687377914924,0.047434061609595846,10
nt,M7,tl1.50_gl0.25_pr1.00_c50,1.5,0.25,50,1,0.4392301226113823,0.039195877777410015,10
nt,M1 (Mk baseline),tl1.50_gl0.25_pr1.00_c50,1.5,0.25,50,1,0.44652324685965344,0.044414745350736085,10
nt,M12,tl1.50_gl0.25_pr2.50_c100,1.5,0.25,100,2.5,0.2367177869130946,0.08582743586008673,10
nt,M2,tl1.50_gl0.25_pr2.50_c100,1.5,0.25,100,2.5,0.2631741976717969,0.08089786932920823,10
nt,M5,tl1.50_gl0.25_pr2.50_c100,1.5,0.25,100,2.5,0.26044783712643016,0.08930667775256257,10
nt,M1 (Mk baseline),tl1.50_gl0.25_pr2.50_c100,1.5,0.25,100,2.5,0.2695289822784166,0.07162444529986739,10
nt,M4,tl1.50_gl0.25_pr2.50_c100,1.5,0.25,100,2.5,0.27235286604468845,0.07493204491496047,10
nt,M6,tl1.50_gl0.25_pr2.50_c100,1.5,0.25,100,2.5,0.2586322425994082,0.08614330287418143,10
nt,M10,tl1.50_gl0.25_pr2.50_c100,1.5,0.25,100,2.5,0.26157357278073545,0.10233084457520858,10
nt,M9,tl1.50_gl0.25_pr2.50_c100,1.5,0.25,100,2.5,0.2599775744434085,0.09167991341887069,10
nt,M11,tl1.50_gl0.25_pr2.50_c100,1.5,0.25,100,2.5,0.23839322690539091,0.07303529199578102,10
nt,M8 (NT baseline),tl1.50_gl0.25_pr2.50_c100,1.5,0.25,100,2.5,0.26158473964780965,0.10526081033061913,10
nt,M7,tl1.50_gl0.25_pr2.50_c100,1.5,0.25,100,2.5,0.2595603082365959,0.10054062139083339,10
nt,M3,tl1.50_gl0.25_pr2.50_c100,1.5,0.25,100,2.5,0.2666999937080873,0.07261436254547332,10
nt,M2,tl1.50_gl0.25_pr2.50_c200,1.5,0.25,200,2.5,0.19394133143129172,0.03867419436903327,10
nt,M12,tl1.50_gl0.25_pr2.50_c200,1.5,0.25,200,2.5,0.20292630342796142,0.04111617917058025,10
nt,M10,tl1.50_gl0.25_pr2.50_c200,1.5,0.25,200,2.5,0.19356205495637954,0.052280135823414564,10
nt,M9,tl1.50_gl0.25_pr2.50_c200,1.5,0.25,200,2.5,0.20066986425218525,0.03451628682111152,5
nt,M6,tl1.50_gl0.25_pr2.50_c200,1.5,0.25,200,2.5,0.19521057849323414,0.04142256912944969,10
nt,M7,tl1.50_gl0.25_pr2.50_c200,1.5,0.25,200,2.5,0.19205545935437154,0.0381881693482268,8
nt,M4,tl1.50_gl0.25_pr2.50_c200,1.5,0.25,200,2.5,0.20292630342796142,0.04111617917058025,10
nt,M1 (Mk baseline),tl1.50_gl0.25_pr2.50_c200,1.5,0.25,200,2.5,0.2082187946131407,0.04601214554648847,10
nt,M3,tl1.50_gl0.25_pr2.50_c200,1.5,0.25,200,2.5,0.20675227838760413,0.036763134894027216,10
nt,M11,tl1.50_gl0.25_pr2.50_c200,1.5,0.25,200,2.5,0.18924993322485123,0.052912095574303736,10
nt,M5,tl1.50_gl0.25_pr2.50_c200,1.5,0.25,200,2.5,0.20166663257983974,0.03884852437355074,10
nt,M8 (NT baseline),tl1.50_gl0.25_pr2.50_c200,1.5,0.25,200,2.5,0.19129366488950267,0.048775537207096376,10
nt,M6,tl1.50_gl0.25_pr2.50_c25,1.5,0.25,25,2.5,0.5519841435653791,0.07394099730433867,10
nt,M4,tl1.50_gl0.25_pr2.50_c25,1.5,0.25,25,2.5,0.5537490622122718,0.07407311131356176,10
nt,M9,tl1.50_gl0.25_pr2.50_c25,1.5,0.25,25,2.5,0.5520672512571142,0.07644700351495615,10
nt,M11,tl1.50_gl0.25_pr2.50_c25,1.5,0.25,25,2.5,0.5026043897626679,0.061363933873725796,10
nt,M3,tl1.50_gl0.25_pr2.50_c25,1.5,0.25,25,2.5,0.5755557604935144,0.07606403160655417,9
nt,M7,tl1.50_gl0.25_pr2.50_c25,1.5,0.25,25,2.5,0.5512563911433216,0.0751341432813607,10
nt,M2,tl1.50_gl0.25_pr2.50_c25,1.5,0.25,25,2.5,0.5522480781682366,0.07524170628491444,10
nt,M10,tl1.50_gl0.25_pr2.50_c25,1.5,0.25,25,2.5,0.5499450747323469,0.07778431747119252,10
nt,M12,tl1.50_gl0.25_pr2.50_c25,1.5,0.25,25,2.5,0.5052674693367183,0.07763398544414629,10
nt,M8 (NT baseline),tl1.50_gl0.25_pr2.50_c25,1.5,0.25,25,2.5,0.5511984992421669,0.07642754161197673,10
nt,M5,tl1.50_gl0.25_pr2.50_c25,1.5,0.25,25,2.5,0.5543236283673012,0.07531416507584998,10
nt,M1 (Mk baseline),tl1.50_gl0.25_pr2.50_c25,1.5,0.25,25,2.5,0.5520943819962998,0.07719044082756987,10
nt,M11,tl1.50_gl0.25_pr2.50_c50,1.5,0.25,50,2.5,0.41257923315271405,0.04698263733736857,10
nt,M9,tl1.50_gl0.25_pr2.50_c50,1.5,0.25,50,2.5,0.4195067774752685,0.06605428558820764,10
nt,M7,tl1.50_gl0.25_pr2.50_c50,1.5,0.25,50,2.5,0.4213423822252946,0.06050421297293196,10
nt,M2,tl1.50_gl0.25_pr2.50_c50,1.5,0.25,50,2.5,0.42329437629611133,0.0505770850610015,10
nt,M10,tl1.50_gl0.25_pr2.50_c50,1.5,0.25,50,2.5,0.42347105122476897,0.06070599871375876,10
nt,M1 (Mk baseline),tl1.50_gl0.25_pr2.50_c50,1.5,0.25,50,2.5,0.4402807981985279,0.05583683886688434,10
nt,M8 (NT baseline),tl1.50_gl0.25_pr2.50_c50,1.5,0.25,50,2.5,0.41971055111804567,0.06743169091418932,10
nt,M6,tl1.50_gl0.25_pr2.50_c50,1.5,0.25,50,2.5,0.42482609960572265,0.05024422747460172,10
nt,M5,tl1.50_gl0.25_pr2.50_c50,1.5,0.25,50,2.5,0.42639268445667877,0.05779983962974178,10
nt,M3,tl1.50_gl0.25_pr2.50_c50,1.5,0.25,50,2.5,0.43093726269188104,0.05404994619326142,10
nt,M4,tl1.50_gl0.25_pr2.50_c50,1.5,0.25,50,2.5,0.44463911297307757,0.05408154991154279,10
nt,M12,tl1.50_gl0.25_pr2.50_c50,1.5,0.25,50,2.5,0.4003252723936328,0.039685410358147766,10
nt,M10,tl1.50_gl0.25_pr5.00_c100,1.5,0.25,100,5,0.28790591344474004,0.06300583920356775,10
nt,M9,tl1.50_gl0.25_pr5.00_c100,1.5,0.25,100,5,0.2832110484281011,0.04856730345953936,7
nt,M8 (NT baseline),tl1.50_gl0.25_pr5.00_c100,1.5,0.25,100,5,0.2869417358326024,0.06226656016863438,10
nt,M1 (Mk baseline),tl1.50_gl0.25_pr5.00_c100,1.5,0.25,100,5,0.293989750513464,0.06759033614538956,10
nt,M5,tl1.50_gl0.25_pr5.00_c100,1.5,0.25,100,5,0.289613671773447,0.05616159011651778,10
nt,M11,tl1.50_gl0.25_pr5.00_c100,1.5,0.25,100,5,0.2689337114116962,0.08000810589388599,10
nt,M3,tl1.50_gl0.25_pr5.00_c100,1.5,0.25,100,5,0.29095289142450537,0.07174991063505784,10
nt,M4,tl1.50_gl0.25_pr5.00_c100,1.5,0.25,100,5,0.28765007221434863,0.05205378699984281,10
nt,M7,tl1.50_gl0.25_pr5.00_c100,1.5,0.25,100,5,0.2918905220690621,0.045808840079694324,8
nt,M12,tl1.50_gl0.25_pr5.00_c100,1.5,0.25,100,5,0.26040620821435156,0.06615051124760396,10
nt,M2,tl1.50_gl0.25_pr5.00_c100,1.5,0.25,100,5,0.27552089697593324,0.06700600091286088,10
nt,M6,tl1.50_gl0.25_pr5.00_c100,1.5,0.25,100,5,0.27343179337662793,0.05335308271538053,10
nt,M12,tl1.50_gl0.25_pr5.00_c200,1.5,0.25,200,5,0.18745462806175628,0.05994900075248771,10
nt,M10,tl1.50_gl0.25_pr5.00_c200,1.5,0.25,200,5,0.19038271164431456,0.06412438261748718,10
nt,M4,tl1.50_gl0.25_pr5.00_c200,1.5,0.25,200,5,0.18745462806175628,0.059949139276548824,10
nt,M9,tl1.50_gl0.25_pr5.00_c200,1.5,0.25,200,5,0.15354489685378753,0.04810673384938052,5
nt,M2,tl1.50_gl0.25_pr5.00_c200,1.5,0.25,200,5,0.18346037435773532,0.05971170937131656,10
nt,M5,tl1.50_gl0.25_pr5.00_c200,1.5,0.25,200,5,0.19123839430763362,0.06916500587830568,10
nt,M6,tl1.50_gl0.25_pr5.00_c200,1.5,0.25,200,5,0.18065928905738096,0.0505338674610738,10
nt,M11,tl1.50_gl0.25_pr5.00_c200,1.5,0.25,200,5,0.1721881505659918,0.09187563181752242,10
nt,M8 (NT baseline),tl1.50_gl0.25_pr5.00_c200,1.5,0.25,200,5,0.18752248375330172,0.06441786594246957,10
nt,M1 (Mk baseline),tl1.50_gl0.25_pr5.00_c200,1.5,0.25,200,5,0.19764281176175075,0.07122131657051506,10
nt,M3,tl1.50_gl0.25_pr5.00_c200,1.5,0.25,200,5,0.20499245072728575,0.07791307102738629,10
nt,M7,tl1.50_gl0.25_pr5.00_c200,1.5,0.25,200,5,0.19445597111595828,0.04832314421814371,8
nt,M7,tl1.50_gl0.25_pr5.00_c25,1.5,0.25,25,5,0.5381935594545333,0.10337671958875694,10
nt,M4,tl1.50_gl0.25_pr5.00_c25,1.5,0.25,25,5,0.5320517160177924,0.10328532709397464,10
nt,M6,tl1.50_gl0.25_pr5.00_c25,1.5,0.25,25,5,0.530291254041958,0.09986743639170487,10
nt,M9,tl1.50_gl0.25_pr5.00_c25,1.5,0.25,25,5,0.5367796935653938,0.103142393828138,10
nt,M10,tl1.50_gl0.25_pr5.00_c25,1.5,0.25,25,5,0.5328836452065333,0.10189607521379246,10
nt,M2,tl1.50_gl0.25_pr5.00_c25,1.5,0.25,25,5,0.5378003326161527,0.11184072219525182,10
nt,M11,tl1.50_gl0.25_pr5.00_c25,1.5,0.25,25,5,0.5031792537219187,0.10644472484909567,10
nt,M3,tl1.50_gl0.25_pr5.00_c25,1.5,0.25,25,5,0.5423421284294007,0.09795494863779619,10
nt,M1 (Mk baseline),tl1.50_gl0.25_pr5.00_c25,1.5,0.25,25,5,0.5416641486852176,0.12008848798648986,10
nt,M12,tl1.50_gl0.25_pr5.00_c25,1.5,0.25,25,5,0.5170603554972898,0.1090549273580762,10
nt,M5,tl1.50_gl0.25_pr5.00_c25,1.5,0.25,25,5,0.5367964321003811,0.09367512735475791,10
nt,M8 (NT baseline),tl1.50_gl0.25_pr5.00_c25,1.5,0.25,25,5,0.5354040652171155,0.09850920858470213,10
nt,M6,tl1.50_gl0.25_pr5.00_c50,1.5,0.25,50,5,0.46347336013413876,0.08255311316150132,10
nt,M3,tl1.50_gl0.25_pr5.00_c50,1.5,0.25,50,5,0.45939665317497996,0.08854383275218242,10
nt,M12,tl1.50_gl0.25_pr5.00_c50,1.5,0.25,50,5,0.42459841575050866,0.13768671862566007,10
nt,M4,tl1.50_gl0.25_pr5.00_c50,1.5,0.25,50,5,0.4603596086229076,0.09682203419430557,10
nt,M5,tl1.50_gl0.25_pr5.00_c50,1.5,0.25,50,5,0.4602963034965612,0.09319583934727521,10
nt,M8 (NT baseline),tl1.50_gl0.25_pr5.00_c50,1.5,0.25,50,5,0.466721651343173,0.0891317732202746,10
nt,M10,tl1.50_gl0.25_pr5.00_c50,1.5,0.25,50,5,0.4662201434468782,0.08740905735216392,10
nt,M7,tl1.50_gl0.25_pr5.00_c50,1.5,0.25,50,5,0.46040498278465236,0.09189222204243308,10
nt,M2,tl1.50_gl0.25_pr5.00_c50,1.5,0.25,50,5,0.4597404273397388,0.09188207261937242,10
nt,M9,tl1.50_gl0.25_pr5.00_c50,1.5,0.25,50,5,0.46699404345473217,0.09042029810098084,10
nt,M1 (Mk baseline),tl1.50_gl0.25_pr5.00_c50,1.5,0.25,50,5,0.45139167915868633,0.09215346184835554,10
nt,M11,tl1.50_gl0.25_pr5.00_c50,1.5,0.25,50,5,0.42388664397212344,0.13954526618095692,10
nt,M2,tl1.50_gl0.50_pr1.00_c100,1.5,0.5,100,1,0.2642931155310231,0.042948826228706966,10
nt,M11,tl1.50_gl0.50_pr1.00_c100,1.5,0.5,100,1,0.2425590257788251,0.0910993859568397,10
nt,M7,tl1.50_gl0.50_pr1.00_c100,1.5,0.5,100,1,0.2593681644686187,0.04903092886421437,10
nt,M5,tl1.50_gl0.50_pr1.00_c100,1.5,0.5,100,1,0.2589451953158879,0.09265758976224034,10
nt,M12,tl1.50_gl0.50_pr1.00_c100,1.5,0.5,100,1,0.2411973430500387,0.11719226181097736,10
nt,M4,tl1.50_gl0.50_pr1.00_c100,1.5,0.5,100,1,0.2621902381907998,0.09476295244501326,10
nt,M9,tl1.50_gl0.50_pr1.00_c100,1.5,0.5,100,1,0.259243695387863,0.05127256091355639,10
nt,M10,tl1.50_gl0.50_pr1.00_c100,1.5,0.5,100,1,0.2604588879158659,0.05355104239711561,10
nt,M8 (NT baseline),tl1.50_gl0.50_pr1.00_c100,1.5,0.5,100,1,0.2606728280939502,0.05495194847327306,10
nt,M6,tl1.50_gl0.50_pr1.00_c100,1.5,0.5,100,1,0.262649357392445,0.0494054446492066,10
nt,M3,tl1.50_gl0.50_pr1.00_c100,1.5,0.5,100,1,0.26157580206787806,0.0887211437891437,10
nt,M1 (Mk baseline),tl1.50_gl0.50_pr1.00_c100,1.5,0.5,100,1,0.2624192556221687,0.09361397637452978,10
nt,M3,tl1.50_gl0.50_pr1.00_c200,1.5,0.5,200,1,0.17229099405713444,0.06279097446638465,10
nt,M9,tl1.50_gl0.50_pr1.00_c200,1.5,0.5,200,1,0.17701138492691268,0.04666958707928229,5
nt,M10,tl1.50_gl0.50_pr1.00_c200,1.5,0.5,200,1,0.1677908459237541,0.04087803303914109,10
nt,M2,tl1.50_gl0.50_pr1.00_c200,1.5,0.5,200,1,0.1680468598846201,0.04096752255982686,10
nt,M5,tl1.50_gl0.50_pr1.00_c200,1.5,0.5,200,1,0.17049412759272856,0.062260232802661686,10
nt,M11,tl1.50_gl0.50_pr1.00_c200,1.5,0.5,200,1,0.15198343264721442,0.05556410320352029,10
nt,M6,tl1.50_gl0.50_pr1.00_c200,1.5,0.5,200,1,0.1723761137861829,0.0341044511771256,9
nt,M12,tl1.50_gl0.50_pr1.00_c200,1.5,0.5,200,1,0.1692489836263279,0.06369074998429747,10
nt,M4,tl1.50_gl0.50_pr1.00_c200,1.5,0.5,200,1,0.1692489836263279,0.06369074998429747,10
nt,M7,tl1.50_gl0.50_pr1.00_c200,1.5,0.5,200,1,0.16887939469173482,0.030133633399420323,9
nt,M1 (Mk baseline),tl1.50_gl0.50_pr1.00_c200,1.5,0.5,200,1,0.16870306948478184,0.0646839393506844,10
nt,M8 (NT baseline),tl1.50_gl0.50_pr1.00_c200,1.5,0.5,200,1,0.16938921227893444,0.04297595463731893,10
nt,M9,tl1.50_gl0.50_pr1.00_c25,1.5,0.5,25,1,0.5554555189945024,0.14027869925981296,10
nt,M8 (NT baseline),tl1.50_gl0.50_pr1.00_c25,1.5,0.5,25,1,0.5541065783357562,0.14905650064509873,10
nt,M5,tl1.50_gl0.50_pr1.00_c25,1.5,0.5,25,1,0.5535302098216404,0.17061065224708316,10
nt,M2,tl1.50_gl0.50_pr1.00_c25,1.5,0.5,25,1,0.5526560085476657,0.1518832782122661,10
nt,M10,tl1.50_gl0.50_pr1.00_c25,1.5,0.5,25,1,0.5609255726500912,0.13225293560876317,9
nt,M12,tl1.50_gl0.50_pr1.00_c25,1.5,0.5,25,1,0.541325255759815,0.14245206799637744,10
nt,M1 (Mk baseline),tl1.50_gl0.50_pr1.00_c25,1.5,0.5,25,1,0.5528966477445987,0.16969688938970273,10
nt,M3,tl1.50_gl0.50_pr1.00_c25,1.5,0.5,25,1,0.5531716111534123,0.1610206795909579,10
nt,M11,tl1.50_gl0.50_pr1.00_c25,1.5,0.5,25,1,0.5102385452264424,0.17803656393364736,10
nt,M4,tl1.50_gl0.50_pr1.00_c25,1.5,0.5,25,1,0.5543241727210423,0.17558004794314014,10
nt,M6,tl1.50_gl0.50_pr1.00_c25,1.5,0.5,25,1,0.5539445719864408,0.14475490169624672,10
nt,M7,tl1.50_gl0.50_pr1.00_c25,1.5,0.5,25,1,0.5546109217684523,0.1549135965529841,10
nt,M1 (Mk baseline),tl1.50_gl0.50_pr1.00_c50,1.5,0.5,50,1,0.4135229446097717,0.11278815591286151,10
nt,M12,tl1.50_gl0.50_pr1.00_c50,1.5,0.5,50,1,0.38114065970048394,0.06303914538990213,10
nt,M8 (NT baseline),tl1.50_gl0.50_pr1.00_c50,1.5,0.5,50,1,0.410387191218714,0.06742144795615701,10
nt,M6,tl1.50_gl0.50_pr1.00_c50,1.5,0.5,50,1,0.4127466963775782,0.06773182758790708,10
nt,M11,tl1.50_gl0.50_pr1.00_c50,1.5,0.5,50,1,0.3813854276843249,0.12818029233217065,10
nt,M7,tl1.50_gl0.50_pr1.00_c50,1.5,0.5,50,1,0.414103725314964,0.06361277084398054,10
nt,M3,tl1.50_gl0.50_pr1.00_c50,1.5,0.5,50,1,0.41588573739785833,0.1090747851607865,10
nt,M9,tl1.50_gl0.50_pr1.00_c50,1.5,0.5,50,1,0.4121231969476604,0.06575357791808906,10
nt,M4,tl1.50_gl0.50_pr1.00_c50,1.5,0.5,50,1,0.4144361992214365,0.11214938421636833,10
nt,M10,tl1.50_gl0.50_pr1.00_c50,1.5,0.5,50,1,0.40756586901596437,0.06386409101107426,10
nt,M5,tl1.50_gl0.50_pr1.00_c50,1.5,0.5,50,1,0.41763615561446155,0.10830196206097964,10
nt,M2,tl1.50_gl0.50_pr1.00_c50,1.5,0.5,50,1,0.4146225326022665,0.06673618995693115,10
nt,M6,tl1.50_gl0.50_pr2.50_c100,1.5,0.5,100,2.5,0.2660873805259953,0.06421514179942925,10
nt,M9,tl1.50_gl0.50_pr2.50_c100,1.5,0.5,100,2.5,0.26351449867861293,0.058739219358884126,10
nt,M3,tl1.50_gl0.50_pr2.50_c100,1.5,0.5,100,2.5,0.26403763589354085,0.061771265426850824,10
nt,M2,tl1.50_gl0.50_pr2.50_c100,1.5,0.5,100,2.5,0.2610427768188453,0.05856311629619146,10
nt,M10,tl1.50_gl0.50_pr2.50_c100,1.5,0.5,100,2.5,0.2665757421853048,0.06915999702171091,10
nt,M1 (Mk baseline),tl1.50_gl0.50_pr2.50_c100,1.5,0.5,100,2.5,0.26203511675373237,0.057469791919704416,10
nt,M11,tl1.50_gl0.50_pr2.50_c100,1.5,0.5,100,2.5,0.25030661537588994,0.05981535219543921,10
nt,M4,tl1.50_gl0.50_pr2.50_c100,1.5,0.5,100,2.5,0.266222041014894,0.05752552673471037,10
nt,M12,tl1.50_gl0.50_pr2.50_c100,1.5,0.5,100,2.5,0.2528566144699773,0.060625061186984824,10
nt,M5,tl1.50_gl0.50_pr2.50_c100,1.5,0.5,100,2.5,0.2662923381008526,0.061919984022987484,10
nt,M8 (NT baseline),tl1.50_gl0.50_pr2.50_c100,1.5,0.5,100,2.5,0.26496396933922484,0.06293356698959951,10
nt,M7,tl1.50_gl0.50_pr2.50_c100,1.5,0.5,100,2.5,0.26215938722818544,0.06390702770421358,10
nt,M5,tl1.50_gl0.50_pr2.50_c200,1.5,0.5,200,2.5,0.19466121696060618,0.02393788655744261,10
nt,M6,tl1.50_gl0.50_pr2.50_c200,1.5,0.5,200,2.5,0.19575479522072747,0.03927091406960512,10
nt,M3,tl1.50_gl0.50_pr2.50_c200,1.5,0.5,200,2.5,0.19621031685278953,0.02648630118388759,10
nt,M10,tl1.50_gl0.50_pr2.50_c200,1.5,0.5,200,2.5,0.19445899532722816,0.04079373792733987,10
nt,M9,tl1.50_gl0.50_pr2.50_c200,1.5,0.5,200,2.5,0.17364945206155757,0.03658587830819132,7
nt,M4,tl1.50_gl0.50_pr2.50_c200,1.5,0.5,200,2.5,0.1977587973453591,0.024070161401139406,10
nt,M1 (Mk baseline),tl1.50_gl0.50_pr2.50_c200,1.5,0.5,200,2.5,0.1974763499664741,0.02528838706370931,10
nt,M2,tl1.50_gl0.50_pr2.50_c200,1.5,0.5,200,2.5,0.19622266791659393,0.04329123411955349,10
nt,M7,tl1.50_gl0.50_pr2.50_c200,1.5,0.5,200,2.5,0.19374708518356393,0.040080206427032,7
nt,M12,tl1.50_gl0.50_pr2.50_c200,1.5,0.5,200,2.5,0.1977587973453591,0.024070161401139406,10
nt,M11,tl1.50_gl0.50_pr2.50_c200,1.5,0.5,200,2.5,0.17592533993206075,0.027030189693902085,10
nt,M8 (NT baseline),tl1.50_gl0.50_pr2.50_c200,1.5,0.5,200,2.5,0.1937125148592544,0.042005670897396014,9
nt,M10,tl1.50_gl0.50_pr2.50_c25,1.5,0.5,25,2.5,0.5429479164415925,0.12594610656248906,10
nt,M3,tl1.50_gl0.50_pr2.50_c25,1.5,0.5,25,2.5,0.5560847135025317,0.1139645103271727,10
nt,M12,tl1.50_gl0.50_pr2.50_c25,1.5,0.5,25,2.5,0.5239944557583321,0.10673688219922639,10
nt,M8 (NT baseline),tl1.50_gl0.50_pr2.50_c25,1.5,0.5,25,2.5,0.5382122498592866,0.12316246622643545,10
nt,M11,tl1.50_gl0.50_pr2.50_c25,1.5,0.5,25,2.5,0.507696240694895,0.11584696670396838,10
nt,M9,tl1.50_gl0.50_pr2.50_c25,1.5,0.5,25,2.5,0.5345365975046259,0.12640297160986125,10
nt,M1 (Mk baseline),tl1.50_gl0.50_pr2.50_c25,1.5,0.5,25,2.5,0.5551992070515571,0.11334023325194564,10
nt,M2,tl1.50_gl0.50_pr2.50_c25,1.5,0.5,25,2.5,0.5313990233623713,0.11865234098915145,10
nt,M6,tl1.50_gl0.50_pr2.50_c25,1.5,0.5,25,2.5,0.5362753882364044,0.12572898012436706,10
nt,M7,tl1.50_gl0.50_pr2.50_c25,1.5,0.5,25,2.5,0.5380611171193308,0.1261762679270768,10
nt,M5,tl1.50_gl0.50_pr2.50_c25,1.5,0.5,25,2.5,0.5661540330928245,0.12049812942630278,10
nt,M4,tl1.50_gl0.50_pr2.50_c25,1.5,0.5,25,2.5,0.5597830001233685,0.12204257846574262,10
nt,M1 (Mk baseline),tl1.50_gl0.50_pr2.50_c50,1.5,0.5,50,2.5,0.4321412658027963,0.07115061983338095,10
nt,M2,tl1.50_gl0.50_pr2.50_c50,1.5,0.5,50,2.5,0.43804501041299737,0.08216982693473829,10
nt,M6,tl1.50_gl0.50_pr2.50_c50,1.5,0.5,50,2.5,0.4287596894272554,0.0802604739721986,10
nt,M4,tl1.50_gl0.50_pr2.50_c50,1.5,0.5,50,2.5,0.42094332816869495,0.0670971272149482,10
nt,M10,tl1.50_gl0.50_pr2.50_c50,1.5,0.5,50,2.5,0.4286900736437915,0.0784112791678071,10
nt,M7,tl1.50_gl0.50_pr2.50_c50,1.5,0.5,50,2.5,0.43420022632502614,0.07510496117216126,10
nt,M3,tl1.50_gl0.50_pr2.50_c50,1.5,0.5,50,2.5,0.43678534540789327,0.06988737180152732,10
nt,M11,tl1.50_gl0.50_pr2.50_c50,1.5,0.5,50,2.5,0.40829646858962565,0.07787748365076264,10
nt,M8 (NT baseline),tl1.50_gl0.50_pr2.50_c50,1.5,0.5,50,2.5,0.4324810158046526,0.07693049857478501,10
nt,M12,tl1.50_gl0.50_pr2.50_c50,1.5,0.5,50,2.5,0.403193025177473,0.0737817960789619,10
nt,M9,tl1.50_gl0.50_pr2.50_c50,1.5,0.5,50,2.5,0.431740688205109,0.07287008902125991,10
nt,M5,tl1.50_gl0.50_pr2.50_c50,1.5,0.5,50,2.5,0.42924352129290405,0.06410174348344178,10
nt,M4,tl1.50_gl0.50_pr5.00_c100,1.5,0.5,100,5,0.2799488382804898,0.049408256901019854,10
nt,M12,tl1.50_gl0.50_pr5.00_c100,1.5,0.5,100,5,0.23734550736929852,0.09675840486965184,10
nt,M11,tl1.50_gl0.50_pr5.00_c100,1.5,0.5,100,5,0.25790364624359197,0.06169191435854646,10
nt,M9,tl1.50_gl0.50_pr5.00_c100,1.5,0.5,100,5,0.2695725391527013,0.07150846429460866,6
nt,M10,tl1.50_gl0.50_pr5.00_c100,1.5,0.5,100,5,0.2651821788378853,0.07624770035930845,10
nt,M3,tl1.50_gl0.50_pr5.00_c100,1.5,0.5,100,5,0.29253435146202555,0.0827491086712642,10
nt,M7,tl1.50_gl0.50_pr5.00_c100,1.5,0.5,100,5,0.2656006326967425,0.07417747327246588,7
nt,M6,tl1.50_gl0.50_pr5.00_c100,1.5,0.5,100,5,0.2656192711312537,0.06898087301311889,10
nt,M1 (Mk baseline),tl1.50_gl0.50_pr5.00_c100,1.5,0.5,100,5,0.2904393067440899,0.08323639152097484,10
nt,M5,tl1.50_gl0.50_pr5.00_c100,1.5,0.5,100,5,0.2755017405528253,0.048737587024792695,10
nt,M8 (NT baseline),tl1.50_gl0.50_pr5.00_c100,1.5,0.5,100,5,0.2626005419578309,0.0706627106060708,10
nt,M2,tl1.50_gl0.50_pr5.00_c100,1.5,0.5,100,5,0.26825565281055175,0.07782620930858197,10
nt,M9,tl1.50_gl0.50_pr5.00_c200,1.5,0.5,200,5,0.17341299364389168,0.0181423851780097,5
nt,M5,tl1.50_gl0.50_pr5.00_c200,1.5,0.5,200,5,0.17926217516144727,0.04937415055937544,10
nt,M7,tl1.50_gl0.50_pr5.00_c200,1.5,0.5,200,5,0.20415272462611309,0.06945592810555329,6
nt,M6,tl1.50_gl0.50_pr5.00_c200,1.5,0.5,200,5,0.17950225442187323,0.03947994429048385,10
nt,M11,tl1.50_gl0.50_pr5.00_c200,1.5,0.5,200,5,0.15172492752284053,0.069544895449097,10
nt,M3,tl1.50_gl0.50_pr5.00_c200,1.5,0.5,200,5,0.1808894063955964,0.053950636832772264,10
nt,M12,tl1.50_gl0.50_pr5.00_c200,1.5,0.5,200,5,0.1792890719832119,0.05029376790970655,10
nt,M4,tl1.50_gl0.50_pr5.00_c200,1.5,0.5,200,5,0.1792890719832119,0.05029376790970655,10
nt,M2,tl1.50_gl0.50_pr5.00_c200,1.5,0.5,200,5,0.18411949132221825,0.048159198817192495,10
nt,M10,tl1.50_gl0.50_pr5.00_c200,1.5,0.5,200,5,0.17960175144704543,0.04114164406740198,10
nt,M8 (NT baseline),tl1.50_gl0.50_pr5.00_c200,1.5,0.5,200,5,0.17960975461821516,0.04054413296203915,10
nt,M1 (Mk baseline),tl1.50_gl0.50_pr5.00_c200,1.5,0.5,200,5,0.1808649970617227,0.0561136899495584,10
nt,M7,tl1.50_gl0.50_pr5.00_c25,1.5,0.5,25,5,0.555028909521687,0.11852075296012754,10
nt,M2,tl1.50_gl0.50_pr5.00_c25,1.5,0.5,25,5,0.5578946604627094,0.10335569890739782,10
nt,M9,tl1.50_gl0.50_pr5.00_c25,1.5,0.5,25,5,0.5549657553632622,0.12628340015508255,10
nt,M10,tl1.50_gl0.50_pr5.00_c25,1.5,0.5,25,5,0.5564994113481021,0.12131347275578996,10
nt,M12,tl1.50_gl0.50_pr5.00_c25,1.5,0.5,25,5,0.5378053067864219,0.10766803821712356,10
nt,M4,tl1.50_gl0.50_pr5.00_c25,1.5,0.5,25,5,0.5487054647737465,0.10566226554056535,10
nt,M11,tl1.50_gl0.50_pr5.00_c25,1.5,0.5,25,5,0.5341606598976243,0.09872883835423463,10
nt,M3,tl1.50_gl0.50_pr5.00_c25,1.5,0.5,25,5,0.5644490489905258,0.11502246806229621,10
nt,M6,tl1.50_gl0.50_pr5.00_c25,1.5,0.5,25,5,0.5530808022137624,0.1172009676293213,10
nt,M8 (NT baseline),tl1.50_gl0.50_pr5.00_c25,1.5,0.5,25,5,0.5537745454561245,0.12112604282369166,10
nt,M1 (Mk baseline),tl1.50_gl0.50_pr5.00_c25,1.5,0.5,25,5,0.5645365591850549,0.11516604709793654,10
nt,M5,tl1.50_gl0.50_pr5.00_c25,1.5,0.5,25,5,0.5498496529412545,0.10804992401490043,10
nt,M1 (Mk baseline),tl1.50_gl0.50_pr5.00_c50,1.5,0.5,50,5,0.462932939406969,0.10323301055487377,10
nt,M9,tl1.50_gl0.50_pr5.00_c50,1.5,0.5,50,5,0.4439860630846454,0.1003616846121595,10
nt,M8 (NT baseline),tl1.50_gl0.50_pr5.00_c50,1.5,0.5,50,5,0.4449346295820868,0.09951615221152021,10
nt,M5,tl1.50_gl0.50_pr5.00_c50,1.5,0.5,50,5,0.45004444271929395,0.09647287218016265,10
nt,M3,tl1.50_gl0.50_pr5.00_c50,1.5,0.5,50,5,0.46191632529214105,0.10360068624010071,10
nt,M4,tl1.50_gl0.50_pr5.00_c50,1.5,0.5,50,5,0.44955628363750477,0.09678658648400501,10
nt,M7,tl1.50_gl0.50_pr5.00_c50,1.5,0.5,50,5,0.44652165274808003,0.09890038579390592,10
nt,M10,tl1.50_gl0.50_pr5.00_c50,1.5,0.5,50,5,0.443990081225076,0.1016585101475373,10
nt,M12,tl1.50_gl0.50_pr5.00_c50,1.5,0.5,50,5,0.4302138796694848,0.09784662330075072,10
nt,M11,tl1.50_gl0.50_pr5.00_c50,1.5,0.5,50,5,0.4370866804148863,0.1071599294128665,10
nt,M6,tl1.50_gl0.50_pr5.00_c50,1.5,0.5,50,5,0.4451614758938246,0.09871577601593895,10
nt,M2,tl1.50_gl0.50_pr5.00_c50,1.5,0.5,50,5,0.451493347453533,0.10505687869531188,10
nt,M11,tl1.50_gl1.00_pr1.00_c100,1.5,1,100,1,0.2625014300791985,0.08310156919812409,10
nt,M8 (NT baseline),tl1.50_gl1.00_pr1.00_c100,1.5,1,100,1,0.27417995099342973,0.0742702207416252,10
nt,M9,tl1.50_gl1.00_pr1.00_c100,1.5,1,100,1,0.2770112442528631,0.07305974940348287,10
nt,M1 (Mk baseline),tl1.50_gl1.00_pr1.00_c100,1.5,1,100,1,0.28487257492150325,0.07722316924327996,10
nt,M5,tl1.50_gl1.00_pr1.00_c100,1.5,1,100,1,0.2856173457030724,0.07358666544725118,10
nt,M10,tl1.50_gl1.00_pr1.00_c100,1.5,1,100,1,0.2709516495537247,0.07023160484710467,10
nt,M2,tl1.50_gl1.00_pr1.00_c100,1.5,1,100,1,0.27283897998661977,0.07690705068473097,10
nt,M7,tl1.50_gl1.00_pr1.00_c100,1.5,1,100,1,0.27334213403021834,0.07242228198763584,10
nt,M12,tl1.50_gl1.00_pr1.00_c100,1.5,1,100,1,0.24900067228173528,0.08240882166817826,10
nt,M4,tl1.50_gl1.00_pr1.00_c100,1.5,1,100,1,0.2826137688204927,0.0761877330299861,10
nt,M6,tl1.50_gl1.00_pr1.00_c100,1.5,1,100,1,0.2721262178034862,0.07652263502749321,10
nt,M3,tl1.50_gl1.00_pr1.00_c100,1.5,1,100,1,0.2872115355983503,0.07989577297910355,10
nt,M1 (Mk baseline),tl1.50_gl1.00_pr1.00_c200,1.5,1,200,1,0.1708380386318159,0.06898676038877471,10
nt,M3,tl1.50_gl1.00_pr1.00_c200,1.5,1,200,1,0.1715201275168624,0.06976962477327045,10
nt,M8 (NT baseline),tl1.50_gl1.00_pr1.00_c200,1.5,1,200,1,0.16964703040786389,0.07025119044479561,10
nt,M9,tl1.50_gl1.00_pr1.00_c200,1.5,1,200,1,0.1962651880700341,0.061374878174055736,6
nt,M4,tl1.50_gl1.00_pr1.00_c200,1.5,1,200,1,0.17309687412861932,0.07271649476092831,10
nt,M6,tl1.50_gl1.00_pr1.00_c200,1.5,1,200,1,0.1699774255257404,0.072608085007625,10
nt,M12,tl1.50_gl1.00_pr1.00_c200,1.5,1,200,1,0.17309687412861932,0.07271649476092831,10
nt,M11,tl1.50_gl1.00_pr1.00_c200,1.5,1,200,1,0.1542716741624663,0.06415074192202988,10
nt,M10,tl1.50_gl1.00_pr1.00_c200,1.5,1,200,1,0.1702374631678994,0.07133211237271314,10
nt,M5,tl1.50_gl1.00_pr1.00_c200,1.5,1,200,1,0.1713586220537932,0.06903049243929282,10
nt,M2,tl1.50_gl1.00_pr1.00_c200,1.5,1,200,1,0.17068347782010673,0.07121076784914612,10
nt,M7,tl1.50_gl1.00_pr1.00_c200,1.5,1,200,1,0.17148316145905174,0.07165147249366008,10
nt,M5,tl1.50_gl1.00_pr1.00_c25,1.5,1,25,1,0.5490449491234382,0.10915605536298945,10
nt,M8 (NT baseline),tl1.50_gl1.00_pr1.00_c25,1.5,1,25,1,0.5442747025062219,0.10119097387909587,10
nt,M3,tl1.50_gl1.00_pr1.00_c25,1.5,1,25,1,0.546699424373039,0.11876130034315313,10
nt,M10,tl1.50_gl1.00_pr1.00_c25,1.5,1,25,1,0.5410394132555529,0.09893774616389306,10
nt,M11,tl1.50_gl1.00_pr1.00_c25,1.5,1,25,1,0.495751898350849,0.12116288272435138,10
nt,M12,tl1.50_gl1.00_pr1.00_c25,1.5,1,25,1,0.5083549475671407,0.08529533831294184,10
nt,M2,tl1.50_gl1.00_pr1.00_c25,1.5,1,25,1,0.540273244785912,0.10697797717172364,10
nt,M9,tl1.50_gl1.00_pr1.00_c25,1.5,1,25,1,0.5426461363297804,0.10634533226785814,10
nt,M4,tl1.50_gl1.00_pr1.00_c25,1.5,1,25,1,0.545682988981106,0.10749266727529194,10
nt,M6,tl1.50_gl1.00_pr1.00_c25,1.5,1,25,1,0.542028705508808,0.10431336333815888,10
nt,M1 (Mk baseline),tl1.50_gl1.00_pr1.00_c25,1.5,1,25,1,0.5455889050677489,0.113906849241525,10
nt,M7,tl1.50_gl1.00_pr1.00_c25,1.5,1,25,1,0.5445793715692753,0.10661878835640803,10
nt,M5,tl1.50_gl1.00_pr1.00_c50,1.5,1,50,1,0.4597939201218464,0.10413601676899997,10
nt,M10,tl1.50_gl1.00_pr1.00_c50,1.5,1,50,1,0.4604115999133229,0.08281393965196238,10
nt,M11,tl1.50_gl1.00_pr1.00_c50,1.5,1,50,1,0.44118035488037177,0.12602700192783967,10
nt,M12,tl1.50_gl1.00_pr1.00_c50,1.5,1,50,1,0.44616252875221274,0.09634884271936883,10
nt,M8 (NT baseline),tl1.50_gl1.00_pr1.00_c50,1.5,1,50,1,0.46014171748028054,0.08336477488317057,10
nt,M6,tl1.50_gl1.00_pr1.00_c50,1.5,1,50,1,0.4554951543374659,0.08230292253894322,10
nt,M7,tl1.50_gl1.00_pr1.00_c50,1.5,1,50,1,0.4600799003491112,0.08574517168702783,10
nt,M1 (Mk baseline),tl1.50_gl1.00_pr1.00_c50,1.5,1,50,1,0.45823736487981215,0.10612110129441932,10
nt,M2,tl1.50_gl1.00_pr1.00_c50,1.5,1,50,1,0.45881749290531243,0.08220036396425917,10
nt,M4,tl1.50_gl1.00_pr1.00_c50,1.5,1,50,1,0.45765999933504153,0.10375721299418317,10
nt,M3,tl1.50_gl1.00_pr1.00_c50,1.5,1,50,1,0.46170289204028764,0.10831526888570214,10
nt,M9,tl1.50_gl1.00_pr1.00_c50,1.5,1,50,1,0.4594554638139509,0.0839814471603949,10
nt,M2,tl1.50_gl1.00_pr2.50_c100,1.5,1,100,2.5,0.28935863770355813,0.06193042588230879,10
nt,M1 (Mk baseline),tl1.50_gl1.00_pr2.50_c100,1.5,1,100,2.5,0.2876624086928211,0.06530969353311139,10
nt,M3,tl1.50_gl1.00_pr2.50_c100,1.5,1,100,2.5,0.289742167017691,0.0685372727392406,10
nt,M12,tl1.50_gl1.00_pr2.50_c100,1.5,1,100,2.5,0.2691237773513702,0.05043298300746904,10
nt,M4,tl1.50_gl1.00_pr2.50_c100,1.5,1,100,2.5,0.2875279437467907,0.060544921560873155,10
nt,M7,tl1.50_gl1.00_pr2.50_c100,1.5,1,100,2.5,0.2872971422877283,0.04788408492445362,9
nt,M8 (NT baseline),tl1.50_gl1.00_pr2.50_c100,1.5,1,100,2.5,0.28729740944331816,0.05637422232913891,10
nt,M10,tl1.50_gl1.00_pr2.50_c100,1.5,1,100,2.5,0.2876285259667294,0.055192698229173,10
nt,M9,tl1.50_gl1.00_pr2.50_c100,1.5,1,100,2.5,0.2871755522907652,0.05724949077378649,10
nt,M6,tl1.50_gl1.00_pr2.50_c100,1.5,1,100,2.5,0.28622264591133,0.05887521375389415,10
nt,M11,tl1.50_gl1.00_pr2.50_c100,1.5,1,100,2.5,0.27839875513553064,0.0630900829004385,10
nt,M5,tl1.50_gl1.00_pr2.50_c100,1.5,1,100,2.5,0.2895911300926435,0.061380735283153465,10
nt,M5,tl1.50_gl1.00_pr2.50_c200,1.5,1,200,2.5,0.19229857327290611,0.07256871099714712,10
nt,M12,tl1.50_gl1.00_pr2.50_c200,1.5,1,200,2.5,0.1922742150443564,0.07040200050856082,10
nt,M2,tl1.50_gl1.00_pr2.50_c200,1.5,1,200,2.5,0.17988325394054436,0.05317394092497743,10
nt,M1 (Mk baseline),tl1.50_gl1.00_pr2.50_c200,1.5,1,200,2.5,0.19390201847377234,0.07621870911457254,10
nt,M8 (NT baseline),tl1.50_gl1.00_pr2.50_c200,1.5,1,200,2.5,0.17472081524904787,0.0495000093499961,10
nt,M10,tl1.50_gl1.00_pr2.50_c200,1.5,1,200,2.5,0.1727133211999117,0.04726657515591015,10
nt,M6,tl1.50_gl1.00_pr2.50_c200,1.5,1,200,2.5,0.17223212282350037,0.04950799646735082,10
nt,M4,tl1.50_gl1.00_pr2.50_c200,1.5,1,200,2.5,0.1922742150443564,0.07040200050856082,10
nt,M3,tl1.50_gl1.00_pr2.50_c200,1.5,1,200,2.5,0.19351238436721124,0.07605745634032693,10
nt,M11,tl1.50_gl1.00_pr2.50_c200,1.5,1,200,2.5,0.19395412455194508,0.06847644524619423,10
nt,M7,tl1.50_gl1.00_pr2.50_c200,1.5,1,200,2.5,0.17058039174748152,0.05077691668600173,8
nt,M9,tl1.50_gl1.00_pr2.50_c200,1.5,1,200,2.5,0.19418363368972508,0.05181710596926373,5
nt,M10,tl1.50_gl1.00_pr2.50_c25,1.5,1,25,2.5,0.5590410110887187,0.1488215550851948,10
nt,M12,tl1.50_gl1.00_pr2.50_c25,1.5,1,25,2.5,0.5555370129071402,0.13844766090480137,10
nt,M3,tl1.50_gl1.00_pr2.50_c25,1.5,1,25,2.5,0.5675845458359321,0.1282089771569126,10
nt,M2,tl1.50_gl1.00_pr2.50_c25,1.5,1,25,2.5,0.5581925007646018,0.13628323660081526,10
nt,M11,tl1.50_gl1.00_pr2.50_c25,1.5,1,25,2.5,0.5272597589965227,0.1304767633467558,10
nt,M4,tl1.50_gl1.00_pr2.50_c25,1.5,1,25,2.5,0.5651974836460432,0.13385546323038433,10
nt,M5,tl1.50_gl1.00_pr2.50_c25,1.5,1,25,2.5,0.5696290448151057,0.13215215523958868,10
nt,M9,tl1.50_gl1.00_pr2.50_c25,1.5,1,25,2.5,0.5571695560429755,0.14804434644989473,10
nt,M8 (NT baseline),tl1.50_gl1.00_pr2.50_c25,1.5,1,25,2.5,0.5590310222646431,0.14777049974653855,10
nt,M1 (Mk baseline),tl1.50_gl1.00_pr2.50_c25,1.5,1,25,2.5,0.5683030510166078,0.11782108366969257,10
nt,M6,tl1.50_gl1.00_pr2.50_c25,1.5,1,25,2.5,0.556702317037701,0.1453062282236376,10
nt,M7,tl1.50_gl1.00_pr2.50_c25,1.5,1,25,2.5,0.5582766717993001,0.14899188105945665,10
nt,M1 (Mk baseline),tl1.50_gl1.00_pr2.50_c50,1.5,1,50,2.5,0.4457361013942372,0.09503950002405448,10
nt,M12,tl1.50_gl1.00_pr2.50_c50,1.5,1,50,2.5,0.4236067407103272,0.07372701739741983,10
nt,M7,tl1.50_gl1.00_pr2.50_c50,1.5,1,50,2.5,0.42908107829900033,0.0769918401811236,10
nt,M6,tl1.50_gl1.00_pr2.50_c50,1.5,1,50,2.5,0.4335931720917069,0.07633398943938274,10
nt,M4,tl1.50_gl1.00_pr2.50_c50,1.5,1,50,2.5,0.4435164284007774,0.09388805305726311,10
nt,M11,tl1.50_gl1.00_pr2.50_c50,1.5,1,50,2.5,0.4209065539620156,0.07768968153929129,10
nt,M8 (NT baseline),tl1.50_gl1.00_pr2.50_c50,1.5,1,50,2.5,0.4295672086585776,0.07474629075534561,10
nt,M5,tl1.50_gl1.00_pr2.50_c50,1.5,1,50,2.5,0.4429670050538851,0.09065597455745988,10
nt,M3,tl1.50_gl1.00_pr2.50_c50,1.5,1,50,2.5,0.441502560728498,0.10350715264718569,10
nt,M2,tl1.50_gl1.00_pr2.50_c50,1.5,1,50,2.5,0.4375648129468602,0.07677238903029365,10
nt,M10,tl1.50_gl1.00_pr2.50_c50,1.5,1,50,2.5,0.42920270819167444,0.07851465969851434,10
nt,M9,tl1.50_gl1.00_pr2.50_c50,1.5,1,50,2.5,0.43133120267805625,0.07672576141169518,10
nt,M10,tl1.50_gl1.00_pr5.00_c100,1.5,1,100,5,0.2527649375872068,0.08329406004621678,10
nt,M7,tl1.50_gl1.00_pr5.00_c100,1.5,1,100,5,0.2407190412607796,0.11142038385391287,7
nt,M5,tl1.50_gl1.00_pr5.00_c100,1.5,1,100,5,0.2501730148285751,0.09813488380829702,10
nt,M11,tl1.50_gl1.00_pr5.00_c100,1.5,1,100,5,0.23875687591772604,0.0841388852869881,10
nt,M8 (NT baseline),tl1.50_gl1.00_pr5.00_c100,1.5,1,100,5,0.25314700075662755,0.08648421805783071,10
nt,M2,tl1.50_gl1.00_pr5.00_c100,1.5,1,100,5,0.25389594189062903,0.08217198171886056,10
nt,M4,tl1.50_gl1.00_pr5.00_c100,1.5,1,100,5,0.24976004259153317,0.09939222961689431,10
nt,M3,tl1.50_gl1.00_pr5.00_c100,1.5,1,100,5,0.2525630787612767,0.09114022384180834,10
nt,M1 (Mk baseline),tl1.50_gl1.00_pr5.00_c100,1.5,1,100,5,0.2537286788950722,0.09093921744333844,10
nt,M6,tl1.50_gl1.00_pr5.00_c100,1.5,1,100,5,0.25371343221061604,0.08439426482732243,10
nt,M9,tl1.50_gl1.00_pr5.00_c100,1.5,1,100,5,0.2372038221264356,0.06330338556183754,9
nt,M12,tl1.50_gl1.00_pr5.00_c100,1.5,1,100,5,0.23596094412287225,0.07898181861824083,10
nt,M7,tl1.50_gl1.00_pr5.00_c200,1.5,1,200,5,0.1794875794250579,0.050479325797262525,9
nt,M6,tl1.50_gl1.00_pr5.00_c200,1.5,1,200,5,0.17749151152912013,0.03169550871002477,9
nt,M4,tl1.50_gl1.00_pr5.00_c200,1.5,1,200,5,0.18647771212882117,0.0520851861366845,10
nt,M12,tl1.50_gl1.00_pr5.00_c200,1.5,1,200,5,0.18647771212882117,0.0520851861366845,10
nt,M1 (Mk baseline),tl1.50_gl1.00_pr5.00_c200,1.5,1,200,5,0.1927425168735454,0.06409468551711867,10
nt,M2,tl1.50_gl1.00_pr5.00_c200,1.5,1,200,5,0.1775465368724519,0.044598826419891685,10
nt,M5,tl1.50_gl1.00_pr5.00_c200,1.5,1,200,5,0.1862908839051653,0.048685639051103125,10
nt,M8 (NT baseline),tl1.50_gl1.00_pr5.00_c200,1.5,1,200,5,0.17680224871250128,0.04860057479660479,9
nt,M3,tl1.50_gl1.00_pr5.00_c200,1.5,1,200,5,0.19391034000704976,0.0700448274240495,10
nt,M10,tl1.50_gl1.00_pr5.00_c200,1.5,1,200,5,0.17487227060388894,0.03281508029070912,9
nt,M9,tl1.50_gl1.00_pr5.00_c200,1.5,1,200,5,0.19269613100556698,0.0457104243608647,6
nt,M11,tl1.50_gl1.00_pr5.00_c200,1.5,1,200,5,0.17541486170170517,0.05521127451508806,10
nt,M3,tl1.50_gl1.00_pr5.00_c25,1.5,1,25,5,0.4912374155571605,0.1392902627377529,10
nt,M10,tl1.50_gl1.00_pr5.00_c25,1.5,1,25,5,0.4874160618444021,0.08446936604608235,10
nt,M7,tl1.50_gl1.00_pr5.00_c25,1.5,1,25,5,0.4877866325214016,0.08421608671214792,10
nt,M8 (NT baseline),tl1.50_gl1.00_pr5.00_c25,1.5,1,25,5,0.48738483703730273,0.08485679824363274,10
nt,M9,tl1.50_gl1.00_pr5.00_c25,1.5,1,25,5,0.4881878439866473,0.06766359938314159,10
nt,M6,tl1.50_gl1.00_pr5.00_c25,1.5,1,25,5,0.485968990075107,0.0832368629257062,10
nt,M12,tl1.50_gl1.00_pr5.00_c25,1.5,1,25,5,0.4809954837735747,0.09938935444500552,10
nt,M2,tl1.50_gl1.00_pr5.00_c25,1.5,1,25,5,0.49039082781790755,0.08063142637226728,10
nt,M11,tl1.50_gl1.00_pr5.00_c25,1.5,1,25,5,0.4645214336724258,0.15484323545834067,10
nt,M5,tl1.50_gl1.00_pr5.00_c25,1.5,1,25,5,0.48542230333093683,0.13082768572104547,10
nt,M1 (Mk baseline),tl1.50_gl1.00_pr5.00_c25,1.5,1,25,5,0.49448832046471003,0.14099673374524457,10
nt,M4,tl1.50_gl1.00_pr5.00_c25,1.5,1,25,5,0.485517163577034,0.1266137929533927,10
nt,M5,tl1.50_gl1.00_pr5.00_c50,1.5,1,50,5,0.4720553818298793,0.1023568364267266,10
nt,M6,tl1.50_gl1.00_pr5.00_c50,1.5,1,50,5,0.46145708411494973,0.09645925182983628,10
nt,M7,tl1.50_gl1.00_pr5.00_c50,1.5,1,50,5,0.46458962629489803,0.09405181669770202,10
nt,M11,tl1.50_gl1.00_pr5.00_c50,1.5,1,50,5,0.43954661197184663,0.1522593011366643,10
nt,M1 (Mk baseline),tl1.50_gl1.00_pr5.00_c50,1.5,1,50,5,0.46724348171445557,0.13539863972178456,10
nt,M3,tl1.50_gl1.00_pr5.00_c50,1.5,1,50,5,0.4735709650048758,0.1403635056901248,10
nt,M12,tl1.50_gl1.00_pr5.00_c50,1.5,1,50,5,0.4363747687864438,0.11418337649910854,10
nt,M10,tl1.50_gl1.00_pr5.00_c50,1.5,1,50,5,0.4633070724483,0.09545654456163072,10
nt,M2,tl1.50_gl1.00_pr5.00_c50,1.5,1,50,5,0.4651981603030225,0.09486684822474295,10
nt,M8 (NT baseline),tl1.50_gl1.00_pr5.00_c50,1.5,1,50,5,0.4623458166411779,0.09513386178585714,10
nt,M9,tl1.50_gl1.00_pr5.00_c50,1.5,1,50,5,0.4634319912142372,0.09851688132202874,10
nt,M4,tl1.50_gl1.00_pr5.00_c50,1.5,1,50,5,0.4697167026346554,0.10788515177860714,10
nt,M8 (NT baseline),tl2.50_gl0.10_pr1.00_c100,2.5,0.1,100,1,0.3015735476080531,0.03523100113755345,10
nt,M3,tl2.50_gl0.10_pr1.00_c100,2.5,0.1,100,1,0.3239250199798658,0.04493514048370778,10
nt,M9,tl2.50_gl0.10_pr1.00_c100,2.5,0.1,100,1,0.3033625084354351,0.03272690245309351,10
nt,M10,tl2.50_gl0.10_pr1.00_c100,2.5,0.1,100,1,0.3016631836408078,0.02919144494336312,10
nt,M6,tl2.50_gl0.10_pr1.00_c100,2.5,0.1,100,1,0.3073737697970211,0.045853215161226535,10
nt,M5,tl2.50_gl0.10_pr1.00_c100,2.5,0.1,100,1,0.3195325599773152,0.04573147335584149,10
nt,M11,tl2.50_gl0.10_pr1.00_c100,2.5,0.1,100,1,0.3105856400849338,0.03591555149067405,10
nt,M1 (Mk baseline),tl2.50_gl0.10_pr1.00_c100,2.5,0.1,100,1,0.3336680739305655,0.03348087139223055,10
nt,M2,tl2.50_gl0.10_pr1.00_c100,2.5,0.1,100,1,0.30870083959229117,0.044717124586699075,10
nt,M7,tl2.50_gl0.10_pr1.00_c100,2.5,0.1,100,1,0.31264541136591295,0.060275996649249874,8
nt,M4,tl2.50_gl0.10_pr1.00_c100,2.5,0.1,100,1,0.339952703047507,0.042232338178190776,10
nt,M12,tl2.50_gl0.10_pr1.00_c100,2.5,0.1,100,1,0.30516255143817966,0.07054799231421427,10
nt,M12,tl2.50_gl0.10_pr1.00_c200,2.5,0.1,200,1,0.19929694584933383,0.04892565909834404,10
nt,M9,tl2.50_gl0.10_pr1.00_c200,2.5,0.1,200,1,0.1777825429088084,0.0340194873106599,6
nt,M10,tl2.50_gl0.10_pr1.00_c200,2.5,0.1,200,1,0.18812444190562488,0.048848310915334786,10
nt,M2,tl2.50_gl0.10_pr1.00_c200,2.5,0.1,200,1,0.1954157228262834,0.03689858787198835,10
nt,M5,tl2.50_gl0.10_pr1.00_c200,2.5,0.1,200,1,0.18946348207340277,0.06466023117961223,10
nt,M7,tl2.50_gl0.10_pr1.00_c200,2.5,0.1,200,1,0.19470725581866621,0.056634084891747455,8
nt,M4,tl2.50_gl0.10_pr1.00_c200,2.5,0.1,200,1,0.19929694584933383,0.04892565909834404,10
nt,M6,tl2.50_gl0.10_pr1.00_c200,2.5,0.1,200,1,0.19799065477562416,0.043059755469490535,10
nt,M3,tl2.50_gl0.10_pr1.00_c200,2.5,0.1,200,1,0.19660715375225613,0.048360469115214744,10
nt,M8 (NT baseline),tl2.50_gl0.10_pr1.00_c200,2.5,0.1,200,1,0.18662824471556794,0.043549556445252297,10
nt,M1 (Mk baseline),tl2.50_gl0.10_pr1.00_c200,2.5,0.1,200,1,0.20045733690712744,0.050200360844580544,10
nt,M11,tl2.50_gl0.10_pr1.00_c200,2.5,0.1,200,1,0.2079736246753408,0.0755186071551982,10
nt,M7,tl2.50_gl0.10_pr1.00_c25,2.5,0.1,25,1,0.6259335218798795,0.07233093311544603,10
nt,M3,tl2.50_gl0.10_pr1.00_c25,2.5,0.1,25,1,0.6301146679401104,0.08195327426733423,10
nt,M9,tl2.50_gl0.10_pr1.00_c25,2.5,0.1,25,1,0.626200621261291,0.07206636031454217,10
nt,M2,tl2.50_gl0.10_pr1.00_c25,2.5,0.1,25,1,0.6325875693308008,0.08986276484581968,10
nt,M8 (NT baseline),tl2.50_gl0.10_pr1.00_c25,2.5,0.1,25,1,0.6238343305101011,0.0727289472612338,10
nt,M4,tl2.50_gl0.10_pr1.00_c25,2.5,0.1,25,1,0.6266123835052344,0.07754618427006865,10
nt,M5,tl2.50_gl0.10_pr1.00_c25,2.5,0.1,25,1,0.6158439646653182,0.053158064877555145,10
nt,M1 (Mk baseline),tl2.50_gl0.10_pr1.00_c25,2.5,0.1,25,1,0.6170396566570615,0.056964238126571365,4
nt,M12,tl2.50_gl0.10_pr1.00_c25,2.5,0.1,25,1,0.6061827627348888,0.1035688637806027,10
nt,M11,tl2.50_gl0.10_pr1.00_c25,2.5,0.1,25,1,0.6003194366881359,0.10318791093463198,10
nt,M10,tl2.50_gl0.10_pr1.00_c25,2.5,0.1,25,1,0.6244075696864319,0.07261228937392505,10
nt,M6,tl2.50_gl0.10_pr1.00_c25,2.5,0.1,25,1,0.627260667046252,0.09478640495150414,10
nt,M4,tl2.50_gl0.10_pr1.00_c50,2.5,0.1,50,1,0.46314254499846025,0.1328459685546156,10
nt,M8 (NT baseline),tl2.50_gl0.10_pr1.00_c50,2.5,0.1,50,1,0.4652013931079195,0.09153044974939084,10
nt,M10,tl2.50_gl0.10_pr1.00_c50,2.5,0.1,50,1,0.461852874810327,0.09326033657725918,10
nt,M12,tl2.50_gl0.10_pr1.00_c50,2.5,0.1,50,1,0.42937052457668395,0.0687971335185869,10
nt,M1 (Mk baseline),tl2.50_gl0.10_pr1.00_c50,2.5,0.1,50,1,0.46098120175286605,0.12165468723740197,10
nt,M11,tl2.50_gl0.10_pr1.00_c50,2.5,0.1,50,1,0.43770386193112487,0.10940944759901355,10
nt,M3,tl2.50_gl0.10_pr1.00_c50,2.5,0.1,50,1,0.4516651893745459,0.11665985717982258,10
nt,M9,tl2.50_gl0.10_pr1.00_c50,2.5,0.1,50,1,0.46867843704262907,0.08810877034244635,10
nt,M6,tl2.50_gl0.10_pr1.00_c50,2.5,0.1,50,1,0.4632165682862942,0.09417027591581723,10
nt,M5,tl2.50_gl0.10_pr1.00_c50,2.5,0.1,50,1,0.45076675363912955,0.11382272025376022,10
nt,M7,tl2.50_gl0.10_pr1.00_c50,2.5,0.1,50,1,0.46316297675826257,0.08977371814846635,10
nt,M2,tl2.50_gl0.10_pr1.00_c50,2.5,0.1,50,1,0.45991209383794224,0.09064021366518671,10
nt,M7,tl2.50_gl0.10_pr2.50_c100,2.5,0.1,100,2.5,0.32266359022558266,0.11060444425587274,9
nt,M10,tl2.50_gl0.10_pr2.50_c100,2.5,0.1,100,2.5,0.3148154261997306,0.10737228743066923,10
nt,M2,tl2.50_gl0.10_pr2.50_c100,2.5,0.1,100,2.5,0.3041196877794795,0.1021536166834553,10
nt,M4,tl2.50_gl0.10_pr2.50_c100,2.5,0.1,100,2.5,0.322299227427704,0.03158474399676636,5
nt,M6,tl2.50_gl0.10_pr2.50_c100,2.5,0.1,100,2.5,0.3065432055113217,0.09658078822024871,10
nt,M9,tl2.50_gl0.10_pr2.50_c100,2.5,0.1,100,2.5,0.317116300833324,0.10551050105233434,10
nt,M5,tl2.50_gl0.10_pr2.50_c100,2.5,0.1,100,2.5,0.31269711765764396,0.13818010335490044,10
nt,M12,tl2.50_gl0.10_pr2.50_c100,2.5,0.1,100,2.5,0.29916236069141167,0.12170633557206126,10
nt,M1 (Mk baseline),tl2.50_gl0.10_pr2.50_c100,2.5,0.1,100,2.5,0.31139919532634674,0.14624395713365224,10
nt,M8 (NT baseline),tl2.50_gl0.10_pr2.50_c100,2.5,0.1,100,2.5,0.3149674927436075,0.10713539188521032,10
nt,M11,tl2.50_gl0.10_pr2.50_c100,2.5,0.1,100,2.5,0.30533066683042703,0.15030051502397418,10
nt,M3,tl2.50_gl0.10_pr2.50_c100,2.5,0.1,100,2.5,0.31180178097146793,0.14816741083344276,10
nt,M9,tl2.50_gl0.10_pr2.50_c200,2.5,0.1,200,2.5,0.16672124933251675,0.06266747808853307,5
nt,M6,tl2.50_gl0.10_pr2.50_c200,2.5,0.1,200,2.5,0.19362868245125553,0.06099456705564865,10
nt,M10,tl2.50_gl0.10_pr2.50_c200,2.5,0.1,200,2.5,0.1927637913040507,0.06213509977091791,10
nt,M7,tl2.50_gl0.10_pr2.50_c200,2.5,0.1,200,2.5,0.2089544261527978,0.04838284922746841,9
nt,M11,tl2.50_gl0.10_pr2.50_c200,2.5,0.1,200,2.5,0.17011776715896762,0.08573861396403815,10
nt,M12,tl2.50_gl0.10_pr2.50_c200,2.5,0.1,200,2.5,0.1899893505262041,0.0841127311336756,10
nt,M4,tl2.50_gl0.10_pr2.50_c200,2.5,0.1,200,2.5,0.1899893505262041,0.0841127311336756,10
nt,M2,tl2.50_gl0.10_pr2.50_c200,2.5,0.1,200,2.5,0.19553615770658508,0.05814989742611429,10
nt,M8 (NT baseline),tl2.50_gl0.10_pr2.50_c200,2.5,0.1,200,2.5,0.19385980452259322,0.061732824470678405,10
nt,M5,tl2.50_gl0.10_pr2.50_c200,2.5,0.1,200,2.5,0.17667052800661998,0.08960411220076273,10
nt,M3,tl2.50_gl0.10_pr2.50_c200,2.5,0.1,200,2.5,0.1802604360200333,0.07058941412980402,10
nt,M1 (Mk baseline),tl2.50_gl0.10_pr2.50_c200,2.5,0.1,200,2.5,0.1951470443411233,0.0735664985124875,10
nt,M4,tl2.50_gl0.10_pr2.50_c25,2.5,0.1,25,2.5,0.5704802482033147,0.10280400407821866,10
nt,M2,tl2.50_gl0.10_pr2.50_c25,2.5,0.1,25,2.5,0.5687966572433583,0.11740252601023315,10
nt,M5,tl2.50_gl0.10_pr2.50_c25,2.5,0.1,25,2.5,0.5779888756371248,0.10076699328869632,10
nt,M1 (Mk baseline),tl2.50_gl0.10_pr2.50_c25,2.5,0.1,25,2.5,0.5679287035616714,0.1115883934503149,10
nt,M12,tl2.50_gl0.10_pr2.50_c25,2.5,0.1,25,2.5,0.558025753353912,0.1478612288241301,10
nt,M3,tl2.50_gl0.10_pr2.50_c25,2.5,0.1,25,2.5,0.5696512819216579,0.11940766931443081,10
nt,M7,tl2.50_gl0.10_pr2.50_c25,2.5,0.1,25,2.5,0.5808820051505552,0.10361166936899646,10
nt,M8 (NT baseline),tl2.50_gl0.10_pr2.50_c25,2.5,0.1,25,2.5,0.5813246004165188,0.10375452622004633,10
nt,M6,tl2.50_gl0.10_pr2.50_c25,2.5,0.1,25,2.5,0.5713362426905667,0.1122250428399445,10
nt,M9,tl2.50_gl0.10_pr2.50_c25,2.5,0.1,25,2.5,0.5810511823066355,0.10703382712928888,10
nt,M11,tl2.50_gl0.10_pr2.50_c25,2.5,0.1,25,2.5,0.5396730950645778,0.14647650633251386,10
nt,M10,tl2.50_gl0.10_pr2.50_c25,2.5,0.1,25,2.5,0.5738750773717183,0.10251712033996618,10
nt,M3,tl2.50_gl0.10_pr2.50_c50,2.5,0.1,50,2.5,0.43041190672766805,0.1354270661647604,10
nt,M1 (Mk baseline),tl2.50_gl0.10_pr2.50_c50,2.5,0.1,50,2.5,0.43622608191750023,0.1396772416308244,10
nt,M9,tl2.50_gl0.10_pr2.50_c50,2.5,0.1,50,2.5,0.4369606102007008,0.08977048890157402,10
nt,M10,tl2.50_gl0.10_pr2.50_c50,2.5,0.1,50,2.5,0.43683547816631113,0.09414848720474323,10
nt,M12,tl2.50_gl0.10_pr2.50_c50,2.5,0.1,50,2.5,0.40079378521689374,0.08033265695476122,10
nt,M7,tl2.50_gl0.10_pr2.50_c50,2.5,0.1,50,2.5,0.4475047670322501,0.0737797515912002,9
nt,M4,tl2.50_gl0.10_pr2.50_c50,2.5,0.1,50,2.5,0.4377422563068243,0.13514850253006394,10
nt,M5,tl2.50_gl0.10_pr2.50_c50,2.5,0.1,50,2.5,0.43180634028058373,0.1451389771903503,10
nt,M11,tl2.50_gl0.10_pr2.50_c50,2.5,0.1,50,2.5,0.40659406019835526,0.13224237976641046,10
nt,M6,tl2.50_gl0.10_pr2.50_c50,2.5,0.1,50,2.5,0.4361586506096872,0.08316755758375927,10
nt,M2,tl2.50_gl0.10_pr2.50_c50,2.5,0.1,50,2.5,0.43182911661683165,0.0923889768143139,10
nt,M8 (NT baseline),tl2.50_gl0.10_pr2.50_c50,2.5,0.1,50,2.5,0.4357148148013534,0.0928828850594276,10
nt,M1 (Mk baseline),tl2.50_gl0.10_pr5.00_c100,2.5,0.1,100,5,0.2894912548703924,0.10157192923391414,10
nt,M7,tl2.50_gl0.10_pr5.00_c100,2.5,0.1,100,5,0.3219691942509117,0.12706665535086653,7
nt,M6,tl2.50_gl0.10_pr5.00_c100,2.5,0.1,100,5,0.30250681132929924,0.10608849287617916,10
nt,M8 (NT baseline),tl2.50_gl0.10_pr5.00_c100,2.5,0.1,100,5,0.299041606650131,0.11656094804101214,10
nt,M3,tl2.50_gl0.10_pr5.00_c100,2.5,0.1,100,5,0.2769959961730576,0.1005972792950669,10
nt,M10,tl2.50_gl0.10_pr5.00_c100,2.5,0.1,100,5,0.299709179829411,0.11815427336034498,10
nt,M12,tl2.50_gl0.10_pr5.00_c100,2.5,0.1,100,5,0.2786474324290556,0.12433035576949819,10
nt,M2,tl2.50_gl0.10_pr5.00_c100,2.5,0.1,100,5,0.286703903316373,0.08749913630519579,10
nt,M11,tl2.50_gl0.10_pr5.00_c100,2.5,0.1,100,5,0.25072735360869924,0.08643676972982373,10
nt,M9,tl2.50_gl0.10_pr5.00_c100,2.5,0.1,100,5,0.27246445091135896,0.09630782542898089,5
nt,M5,tl2.50_gl0.10_pr5.00_c100,2.5,0.1,100,5,0.29412975044573064,0.10683496749909899,10
nt,M4,tl2.50_gl0.10_pr5.00_c100,2.5,0.1,100,5,0.30345048824004917,0.10384581361689935,10
nt,M9,tl2.50_gl0.10_pr5.00_c200,2.5,0.1,200,5,0.17563407312507193,0.02006714416621655,5
nt,M12,tl2.50_gl0.10_pr5.00_c200,2.5,0.1,200,5,0.1715315865516017,0.07930700931201864,10
nt,M3,tl2.50_gl0.10_pr5.00_c200,2.5,0.1,200,5,0.18115724589680365,0.09052758671368766,10
nt,M2,tl2.50_gl0.10_pr5.00_c200,2.5,0.1,200,5,0.1726981884557781,0.05383580841370755,9
nt,M11,tl2.50_gl0.10_pr5.00_c200,2.5,0.1,200,5,0.14838254341436508,0.11135453765177905,10
nt,M10,tl2.50_gl0.10_pr5.00_c200,2.5,0.1,200,5,0.17770218002842766,0.04268527757990656,10
nt,M4,tl2.50_gl0.10_pr5.00_c200,2.5,0.1,200,5,0.1715315865516017,0.07930700931201864,10
nt,M5,tl2.50_gl0.10_pr5.00_c200,2.5,0.1,200,5,0.17519558443283362,0.0831697206929996,10
nt,M6,tl2.50_gl0.10_pr5.00_c200,2.5,0.1,200,5,0.17212732484878968,0.06165004352499048,10
nt,M8 (NT baseline),tl2.50_gl0.10_pr5.00_c200,2.5,0.1,200,5,0.1787660467494391,0.039461612450422984,10
nt,M7,tl2.50_gl0.10_pr5.00_c200,2.5,0.1,200,5,0.17994144906403076,0.04340192800159748,9
nt,M1 (Mk baseline),tl2.50_gl0.10_pr5.00_c200,2.5,0.1,200,5,0.17574860608109472,0.0910598349787956,10
nt,M2,tl2.50_gl0.10_pr5.00_c25,2.5,0.1,25,5,0.5703572644466002,0.06689492806317776,10
nt,M3,tl2.50_gl0.10_pr5.00_c25,2.5,0.1,25,5,0.5849726882589477,0.0687791281892075,10
nt,M10,tl2.50_gl0.10_pr5.00_c25,2.5,0.1,25,5,0.5543320803670807,0.07646139979263844,10
nt,M8 (NT baseline),tl2.50_gl0.10_pr5.00_c25,2.5,0.1,25,5,0.5539173681033691,0.08598131740988246,10
nt,M9,tl2.50_gl0.10_pr5.00_c25,2.5,0.1,25,5,0.5571617443126664,0.0841456958392901,10
nt,M11,tl2.50_gl0.10_pr5.00_c25,2.5,0.1,25,5,0.5451365253379916,0.08087581285907897,10
nt,M1 (Mk baseline),tl2.50_gl0.10_pr5.00_c25,2.5,0.1,25,5,0.578353240280605,0.059014336576646564,10
nt,M5,tl2.50_gl0.10_pr5.00_c25,2.5,0.1,25,5,0.5562514205422179,0.08180105113364244,10
nt,M4,tl2.50_gl0.10_pr5.00_c25,2.5,0.1,25,5,0.56244135562776,0.05010895979920815,10
nt,M12,tl2.50_gl0.10_pr5.00_c25,2.5,0.1,25,5,0.5599336910757756,0.10633379058539005,10
nt,M7,tl2.50_gl0.10_pr5.00_c25,2.5,0.1,25,5,0.5565157244543597,0.08316916417113285,10
nt,M6,tl2.50_gl0.10_pr5.00_c25,2.5,0.1,25,5,0.5564477442562017,0.0647451874952325,10
nt,M6,tl2.50_gl0.10_pr5.00_c50,2.5,0.1,50,5,0.4444712674112433,0.07831059206775193,10
nt,M4,tl2.50_gl0.10_pr5.00_c50,2.5,0.1,50,5,0.45253809010799345,0.0719504700009771,10
nt,M11,tl2.50_gl0.10_pr5.00_c50,2.5,0.1,50,5,0.4323882631090059,0.08338009340411112,10
nt,M7,tl2.50_gl0.10_pr5.00_c50,2.5,0.1,50,5,0.4403242592909602,0.05530793227059039,9
nt,M2,tl2.50_gl0.10_pr5.00_c50,2.5,0.1,50,5,0.44518872681934546,0.0676137795605633,10
nt,M8 (NT baseline),tl2.50_gl0.10_pr5.00_c50,2.5,0.1,50,5,0.44224289475982,0.06259309158446935,10
nt,M5,tl2.50_gl0.10_pr5.00_c50,2.5,0.1,50,5,0.45166964450367614,0.06811738142968798,10
nt,M9,tl2.50_gl0.10_pr5.00_c50,2.5,0.1,50,5,0.4439041666259258,0.07184318806250883,10
nt,M12,tl2.50_gl0.10_pr5.00_c50,2.5,0.1,50,5,0.4314492450732718,0.06356190615301666,10
nt,M3,tl2.50_gl0.10_pr5.00_c50,2.5,0.1,50,5,0.44557108347190433,0.08063004917531552,10
nt,M10,tl2.50_gl0.10_pr5.00_c50,2.5,0.1,50,5,0.4425287344014246,0.06935797914574737,10
nt,M1 (Mk baseline),tl2.50_gl0.10_pr5.00_c50,2.5,0.1,50,5,0.452945918019382,0.08494767158927741,10
nt,M9,tl2.50_gl0.25_pr1.00_c100,2.5,0.25,100,1,0.30358922395199694,0.09820631477899883,10
nt,M10,tl2.50_gl0.25_pr1.00_c100,2.5,0.25,100,1,0.3038909271794968,0.09327276700022713,10
nt,M8 (NT baseline),tl2.50_gl0.25_pr1.00_c100,2.5,0.25,100,1,0.30417560191008586,0.09437249780622708,10
nt,M6,tl2.50_gl0.25_pr1.00_c100,2.5,0.25,100,1,0.30486911833671926,0.09921779699880995,10
nt,M11,tl2.50_gl0.25_pr1.00_c100,2.5,0.25,100,1,0.2789172453200514,0.08922003098827475,10
nt,M2,tl2.50_gl0.25_pr1.00_c100,2.5,0.25,100,1,0.3029616911398867,0.09243395482048966,10
nt,M4,tl2.50_gl0.25_pr1.00_c100,2.5,0.25,100,1,0.31035828945118665,0.09311958116311136,10
nt,M12,tl2.50_gl0.25_pr1.00_c100,2.5,0.25,100,1,0.2760164471457728,0.0951752695159464,10
nt,M5,tl2.50_gl0.25_pr1.00_c100,2.5,0.25,100,1,0.3108902961767314,0.0995523695152207,10
nt,M3,tl2.50_gl0.25_pr1.00_c100,2.5,0.25,100,1,0.3117053828929718,0.1138781228544341,10
nt,M7,tl2.50_gl0.25_pr1.00_c100,2.5,0.25,100,1,0.30624710002305944,0.09564234620379822,10
nt,M1 (Mk baseline),tl2.50_gl0.25_pr1.00_c100,2.5,0.25,100,1,0.30445254164264035,0.09756376848486123,10
nt,M3,tl2.50_gl0.25_pr1.00_c200,2.5,0.25,200,1,0.21634747555320677,0.04141381750594636,10
nt,M6,tl2.50_gl0.25_pr1.00_c200,2.5,0.25,200,1,0.2034148349232787,0.05763295624417619,10
nt,M8 (NT baseline),tl2.50_gl0.25_pr1.00_c200,2.5,0.25,200,1,0.19669760567350075,0.058653412143182815,10
nt,M11,tl2.50_gl0.25_pr1.00_c200,2.5,0.25,200,1,0.20241930772744193,0.06866287962071718,10
nt,M9,tl2.50_gl0.25_pr1.00_c200,2.5,0.25,200,1,0.18264750118811557,0.04195099183649478,4
nt,M7,tl2.50_gl0.25_pr1.00_c200,2.5,0.25,200,1,0.20089683970179673,0.0727247336185336,8
nt,M10,tl2.50_gl0.25_pr1.00_c200,2.5,0.25,200,1,0.1964145970548393,0.056945616989012376,10
nt,M1 (Mk baseline),tl2.50_gl0.25_pr1.00_c200,2.5,0.25,200,1,0.21284054804283864,0.047070192179984205,10
nt,M2,tl2.50_gl0.25_pr1.00_c200,2.5,0.25,200,1,0.19649436757749886,0.05017912387192147,10
nt,M5,tl2.50_gl0.25_pr1.00_c200,2.5,0.25,200,1,0.19872625983419523,0.06874445814162888,10
nt,M12,tl2.50_gl0.25_pr1.00_c200,2.5,0.25,200,1,0.21507655589904268,0.04851535282462688,10
nt,M4,tl2.50_gl0.25_pr1.00_c200,2.5,0.25,200,1,0.21507655589904268,0.04851535282462688,10
nt,M7,tl2.50_gl0.25_pr1.00_c25,2.5,0.25,25,1,0.5792346555777719,0.07589009047051876,10
nt,M8 (NT baseline),tl2.50_gl0.25_pr1.00_c25,2.5,0.25,25,1,0.5793898629648264,0.06908546271424498,10
nt,M10,tl2.50_gl0.25_pr1.00_c25,2.5,0.25,25,1,0.5722286914870209,0.062454461381899584,10
nt,M3,tl2.50_gl0.25_pr1.00_c25,2.5,0.25,25,1,0.5885825389585202,0.06552081085499295,10
nt,M11,tl2.50_gl0.25_pr1.00_c25,2.5,0.25,25,1,0.5612280954884004,0.05484124506057997,10
nt,M9,tl2.50_gl0.25_pr1.00_c25,2.5,0.25,25,1,0.5764183423759959,0.0671111388735377,10
nt,M12,tl2.50_gl0.25_pr1.00_c25,2.5,0.25,25,1,0.5781292485055434,0.07767282178711232,10
nt,M4,tl2.50_gl0.25_pr1.00_c25,2.5,0.25,25,1,0.5843778885264285,0.05212165326086604,10
nt,M5,tl2.50_gl0.25_pr1.00_c25,2.5,0.25,25,1,0.583388150583385,0.06526284769108703,10
nt,M6,tl2.50_gl0.25_pr1.00_c25,2.5,0.25,25,1,0.5759537581182991,0.060078905322339504,10
nt,M2,tl2.50_gl0.25_pr1.00_c25,2.5,0.25,25,1,0.5821382411392382,0.05049026861285988,9
nt,M1 (Mk baseline),tl2.50_gl0.25_pr1.00_c25,2.5,0.25,25,1,0.5694629995265483,0.05452275108527016,7
nt,M1 (Mk baseline),tl2.50_gl0.25_pr1.00_c50,2.5,0.25,50,1,0.39160272190691503,0.04785056570382573,10
nt,M10,tl2.50_gl0.25_pr1.00_c50,2.5,0.25,50,1,0.37300752272195037,0.03398085680021945,10
nt,M5,tl2.50_gl0.25_pr1.00_c50,2.5,0.25,50,1,0.38922675956735286,0.05804870568343001,10
nt,M4,tl2.50_gl0.25_pr1.00_c50,2.5,0.25,50,1,0.3912400977841872,0.040723048034691844,10
nt,M12,tl2.50_gl0.25_pr1.00_c50,2.5,0.25,50,1,0.34016906566705224,0.0850883026343272,10
nt,M9,tl2.50_gl0.25_pr1.00_c50,2.5,0.25,50,1,0.3759164706423441,0.03144644419465853,10
nt,M8 (NT baseline),tl2.50_gl0.25_pr1.00_c50,2.5,0.25,50,1,0.37103578964546924,0.030610509555669796,10
nt,M6,tl2.50_gl0.25_pr1.00_c50,2.5,0.25,50,1,0.38053379994552783,0.03269657902604117,10
nt,M7,tl2.50_gl0.25_pr1.00_c50,2.5,0.25,50,1,0.37764633870861186,0.03176887262172279,10
nt,M11,tl2.50_gl0.25_pr1.00_c50,2.5,0.25,50,1,0.3548332725878689,0.06626429784352578,10
nt,M2,tl2.50_gl0.25_pr1.00_c50,2.5,0.25,50,1,0.37574329719110905,0.03384456087276383,10
nt,M3,tl2.50_gl0.25_pr1.00_c50,2.5,0.25,50,1,0.38650315765888166,0.0616954535094002,10
nt,M5,tl2.50_gl0.25_pr2.50_c100,2.5,0.25,100,2.5,0.28541531218365207,0.13038106350847764,10
nt,M6,tl2.50_gl0.25_pr2.50_c100,2.5,0.25,100,2.5,0.28387445078921103,0.11270799152205024,10
nt,M8 (NT baseline),tl2.50_gl0.25_pr2.50_c100,2.5,0.25,100,2.5,0.2908355740174913,0.10327878199815058,10
nt,M4,tl2.50_gl0.25_pr2.50_c100,2.5,0.25,100,2.5,0.28240722639014826,0.12053378312785343,10
nt,M9,tl2.50_gl0.25_pr2.50_c100,2.5,0.25,100,2.5,0.2915946639299396,0.10636813271970724,10
nt,M12,tl2.50_gl0.25_pr2.50_c100,2.5,0.25,100,2.5,0.25135658360312846,0.13954439901232318,10
nt,M11,tl2.50_gl0.25_pr2.50_c100,2.5,0.25,100,2.5,0.26137280271908886,0.13459326015267706,10
nt,M7,tl2.50_gl0.25_pr2.50_c100,2.5,0.25,100,2.5,0.2873291959499202,0.08741070991179956,9
nt,M2,tl2.50_gl0.25_pr2.50_c100,2.5,0.25,100,2.5,0.28543304580999856,0.11294342947808306,10
nt,M1 (Mk baseline),tl2.50_gl0.25_pr2.50_c100,2.5,0.25,100,2.5,0.2915828475719606,0.13051507803468326,10
nt,M10,tl2.50_gl0.25_pr2.50_c100,2.5,0.25,100,2.5,0.2924783428718065,0.10833940515737764,10
nt,M3,tl2.50_gl0.25_pr2.50_c100,2.5,0.25,100,2.5,0.2905253390933281,0.13557822317723373,10
nt,M10,tl2.50_gl0.25_pr2.50_c200,2.5,0.25,200,2.5,0.17871127276894483,0.04785210936122519,10
nt,M3,tl2.50_gl0.25_pr2.50_c200,2.5,0.25,200,2.5,0.20086398451245235,0.07318715816655452,10
nt,M9,tl2.50_gl0.25_pr2.50_c200,2.5,0.25,200,2.5,0.17128114153278123,0.02454378605456642,5
nt,M12,tl2.50_gl0.25_pr2.50_c200,2.5,0.25,200,2.5,0.19307005837435193,0.05873382499527413,10
nt,M6,tl2.50_gl0.25_pr2.50_c200,2.5,0.25,200,2.5,0.17610498624914842,0.045784712184285786,10
nt,M8 (NT baseline),tl2.50_gl0.25_pr2.50_c200,2.5,0.25,200,2.5,0.1766970444962154,0.0491219892788442,10
nt,M1 (Mk baseline),tl2.50_gl0.25_pr2.50_c200,2.5,0.25,200,2.5,0.20050150461358926,0.06750367871886431,10
nt,M4,tl2.50_gl0.25_pr2.50_c200,2.5,0.25,200,2.5,0.19307005837435193,0.05873382499527413,10
nt,M2,tl2.50_gl0.25_pr2.50_c200,2.5,0.25,200,2.5,0.1757192919905862,0.058411498977584714,10
nt,M7,tl2.50_gl0.25_pr2.50_c200,2.5,0.25,200,2.5,0.18428394269493067,0.0626162135943652,8
nt,M11,tl2.50_gl0.25_pr2.50_c200,2.5,0.25,200,2.5,0.19013317704416985,0.06604225008676529,10
nt,M5,tl2.50_gl0.25_pr2.50_c200,2.5,0.25,200,2.5,0.178974569756439,0.06645692140911882,10
nt,M5,tl2.50_gl0.25_pr2.50_c25,2.5,0.25,25,2.5,0.596008563051004,0.11244500126907508,10
nt,M11,tl2.50_gl0.25_pr2.50_c25,2.5,0.25,25,2.5,0.5446427713783317,0.11162832299286585,10
nt,M7,tl2.50_gl0.25_pr2.50_c25,2.5,0.25,25,2.5,0.5997853409655745,0.08410661367264549,10
nt,M12,tl2.50_gl0.25_pr2.50_c25,2.5,0.25,25,2.5,0.57620274588172,0.11039513583523508,10
nt,M4,tl2.50_gl0.25_pr2.50_c25,2.5,0.25,25,2.5,0.5886391523957921,0.10695887349204469,10
nt,M3,tl2.50_gl0.25_pr2.50_c25,2.5,0.25,25,2.5,0.5843303742284723,0.12002745217936728,10
nt,M10,tl2.50_gl0.25_pr2.50_c25,2.5,0.25,25,2.5,0.5931972505643666,0.08302971878435361,10
nt,M2,tl2.50_gl0.25_pr2.50_c25,2.5,0.25,25,2.5,0.5878737523549045,0.09827890357172919,10
nt,M9,tl2.50_gl0.25_pr2.50_c25,2.5,0.25,25,2.5,0.6010074337528069,0.0856313373895734,10
nt,M6,tl2.50_gl0.25_pr2.50_c25,2.5,0.25,25,2.5,0.5924425572070915,0.08498619331047319,10
nt,M8 (NT baseline),tl2.50_gl0.25_pr2.50_c25,2.5,0.25,25,2.5,0.5955209655144786,0.08443446669541055,10
nt,M1 (Mk baseline),tl2.50_gl0.25_pr2.50_c25,2.5,0.25,25,2.5,0.5851386769166029,0.12205278555827304,10
nt,M3,tl2.50_gl0.25_pr2.50_c50,2.5,0.25,50,2.5,0.4060691728274024,0.10376499564753844,10
nt,M11,tl2.50_gl0.25_pr2.50_c50,2.5,0.25,50,2.5,0.3921875691916617,0.12613341255270588,10
nt,M1 (Mk baseline),tl2.50_gl0.25_pr2.50_c50,2.5,0.25,50,2.5,0.401655720691309,0.11513618663102926,10
nt,M12,tl2.50_gl0.25_pr2.50_c50,2.5,0.25,50,2.5,0.4011117335746328,0.09999043515079786,10
nt,M2,tl2.50_gl0.25_pr2.50_c50,2.5,0.25,50,2.5,0.41757673660846356,0.1083571265320577,10
nt,M6,tl2.50_gl0.25_pr2.50_c50,2.5,0.25,50,2.5,0.4071503779915543,0.10144595658098632,10
nt,M7,tl2.50_gl0.25_pr2.50_c50,2.5,0.25,50,2.5,0.39993609237137795,0.09344966571767721,10
nt,M10,tl2.50_gl0.25_pr2.50_c50,2.5,0.25,50,2.5,0.39809873298922144,0.08759387877396263,10
nt,M9,tl2.50_gl0.25_pr2.50_c50,2.5,0.25,50,2.5,0.3991564802038251,0.098892368026058,10
nt,M5,tl2.50_gl0.25_pr2.50_c50,2.5,0.25,50,2.5,0.3885792483761179,0.11700728483381234,10
nt,M8 (NT baseline),tl2.50_gl0.25_pr2.50_c50,2.5,0.25,50,2.5,0.397188154714591,0.08770093680906921,10
nt,M4,tl2.50_gl0.25_pr2.50_c50,2.5,0.25,50,2.5,0.40115029674608227,0.12045975600967701,10
nt,M6,tl2.50_gl0.25_pr5.00_c100,2.5,0.25,100,5,0.27851746616662,0.10828040300601458,10
nt,M4,tl2.50_gl0.25_pr5.00_c100,2.5,0.25,100,5,0.2937739981577846,0.11801024878936461,10
nt,M9,tl2.50_gl0.25_pr5.00_c100,2.5,0.25,100,5,0.24790535899319116,0.09281878056031517,6
nt,M7,tl2.50_gl0.25_pr5.00_c100,2.5,0.25,100,5,0.2861236696284869,0.08101930132983032,7
nt,M1 (Mk baseline),tl2.50_gl0.25_pr5.00_c100,2.5,0.25,100,5,0.30123300157566923,0.1230571687269692,10
nt,M12,tl2.50_gl0.25_pr5.00_c100,2.5,0.25,100,5,0.2831773435578656,0.0934186270756695,10
nt,M5,tl2.50_gl0.25_pr5.00_c100,2.5,0.25,100,5,0.2945686577573505,0.12363462679979734,10
nt,M11,tl2.50_gl0.25_pr5.00_c100,2.5,0.25,100,5,0.286779550098008,0.12395484333874654,10
nt,M8 (NT baseline),tl2.50_gl0.25_pr5.00_c100,2.5,0.25,100,5,0.28102061856988675,0.10831176438607842,10
nt,M2,tl2.50_gl0.25_pr5.00_c100,2.5,0.25,100,5,0.2863519756743478,0.10571573135822668,10
nt,M10,tl2.50_gl0.25_pr5.00_c100,2.5,0.25,100,5,0.28012418489951074,0.10967888103707793,10
nt,M3,tl2.50_gl0.25_pr5.00_c100,2.5,0.25,100,5,0.2962606675910315,0.1165057679437809,10
nt,M4,tl2.50_gl0.25_pr5.00_c200,2.5,0.25,200,5,0.1976874384442349,0.028584646290280485,10
nt,M11,tl2.50_gl0.25_pr5.00_c200,2.5,0.25,200,5,0.19807727889644472,0.05152361245875223,10
nt,M2,tl2.50_gl0.25_pr5.00_c200,2.5,0.25,200,5,0.18908221664347583,0.05544746767799502,10
nt,M10,tl2.50_gl0.25_pr5.00_c200,2.5,0.25,200,5,0.19448729298031767,0.04127135897346418,10
nt,M12,tl2.50_gl0.25_pr5.00_c200,2.5,0.25,200,5,0.1976874384442349,0.028584646290280485,10
nt,M7,tl2.50_gl0.25_pr5.00_c200,2.5,0.25,200,5,0.2015196557772176,0.025997099945013147,9
nt,M9,tl2.50_gl0.25_pr5.00_c200,2.5,0.25,200,5,0.19959130348027734,0.02326508125381871,5
nt,M5,tl2.50_gl0.25_pr5.00_c200,2.5,0.25,200,5,0.19971778271494134,0.026471588725529405,10
nt,M3,tl2.50_gl0.25_pr5.00_c200,2.5,0.25,200,5,0.20533874103499072,0.03528296890582272,10
nt,M1 (Mk baseline),tl2.50_gl0.25_pr5.00_c200,2.5,0.25,200,5,0.20310797246988255,0.030014623984549293,10
nt,M6,tl2.50_gl0.25_pr5.00_c200,2.5,0.25,200,5,0.19310631862388156,0.03445865870494977,10
nt,M8 (NT baseline),tl2.50_gl0.25_pr5.00_c200,2.5,0.25,200,5,0.19470859653933334,0.036646889300230884,10
nt,M3,tl2.50_gl0.25_pr5.00_c25,2.5,0.25,25,5,0.5755710760454764,0.0822698320040619,10
nt,M8 (NT baseline),tl2.50_gl0.25_pr5.00_c25,2.5,0.25,25,5,0.58143421191276,0.06956047181967928,10
nt,M5,tl2.50_gl0.25_pr5.00_c25,2.5,0.25,25,5,0.5787512038637395,0.06832581701880003,10
nt,M11,tl2.50_gl0.25_pr5.00_c25,2.5,0.25,25,5,0.5271132906257098,0.07893308205020105,10
nt,M2,tl2.50_gl0.25_pr5.00_c25,2.5,0.25,25,5,0.5736295420037416,0.0883698558951781,10
nt,M9,tl2.50_gl0.25_pr5.00_c25,2.5,0.25,25,5,0.5804258709961286,0.06491718384224732,10
nt,M7,tl2.50_gl0.25_pr5.00_c25,2.5,0.25,25,5,0.5835168803767501,0.06511429284373949,10
nt,M6,tl2.50_gl0.25_pr5.00_c25,2.5,0.25,25,5,0.5793272518194058,0.08873241437607349,10
nt,M12,tl2.50_gl0.25_pr5.00_c25,2.5,0.25,25,5,0.5353335192383226,0.09262173648973443,10
nt,M1 (Mk baseline),tl2.50_gl0.25_pr5.00_c25,2.5,0.25,25,5,0.5711460873748003,0.085328922228736,10
nt,M4,tl2.50_gl0.25_pr5.00_c25,2.5,0.25,25,5,0.5766814261935613,0.08368471482804829,10
nt,M10,tl2.50_gl0.25_pr5.00_c25,2.5,0.25,25,5,0.5821548946057867,0.08120952709895768,10
nt,M9,tl2.50_gl0.25_pr5.00_c50,2.5,0.25,50,5,0.4167332677850664,0.05872934949992453,10
nt,M11,tl2.50_gl0.25_pr5.00_c50,2.5,0.25,50,5,0.3953918453879176,0.06783094709354426,10
nt,M7,tl2.50_gl0.25_pr5.00_c50,2.5,0.25,50,5,0.4386466386954462,0.055438798125106825,8
nt,M5,tl2.50_gl0.25_pr5.00_c50,2.5,0.25,50,5,0.42538933807238444,0.07105944887055449,10
nt,M3,tl2.50_gl0.25_pr5.00_c50,2.5,0.25,50,5,0.4200678449144834,0.0815482314492656,10
nt,M4,tl2.50_gl0.25_pr5.00_c50,2.5,0.25,50,5,0.4257561344486862,0.06797433804513664,10
nt,M10,tl2.50_gl0.25_pr5.00_c50,2.5,0.25,50,5,0.4190800521910283,0.05621219845548869,10
nt,M8 (NT baseline),tl2.50_gl0.25_pr5.00_c50,2.5,0.25,50,5,0.4193216543119447,0.06066629055840023,10
nt,M6,tl2.50_gl0.25_pr5.00_c50,2.5,0.25,50,5,0.4173532569567102,0.055819026780576486,10
nt,M2,tl2.50_gl0.25_pr5.00_c50,2.5,0.25,50,5,0.41994456744132325,0.05558945452008707,10
nt,M12,tl2.50_gl0.25_pr5.00_c50,2.5,0.25,50,5,0.39439459120476905,0.04933213854618368,10
nt,M1 (Mk baseline),tl2.50_gl0.25_pr5.00_c50,2.5,0.25,50,5,0.4213917137058455,0.0743053904533304,10
nt,M10,tl2.50_gl0.50_pr1.00_c100,2.5,0.5,100,1,0.290382471171434,0.07136192761820515,10
nt,M11,tl2.50_gl0.50_pr1.00_c100,2.5,0.5,100,1,0.2745036856840843,0.07884376494622466,10
nt,M3,tl2.50_gl0.50_pr1.00_c100,2.5,0.5,100,1,0.31022671202016167,0.08353710931663799,10
nt,M8 (NT baseline),tl2.50_gl0.50_pr1.00_c100,2.5,0.5,100,1,0.2911410263048394,0.07522534157677196,10
nt,M9,tl2.50_gl0.50_pr1.00_c100,2.5,0.5,100,1,0.2889680939647544,0.07466168856323929,10
nt,M6,tl2.50_gl0.50_pr1.00_c100,2.5,0.5,100,1,0.2965351646537784,0.07163292423054324,10
nt,M12,tl2.50_gl0.50_pr1.00_c100,2.5,0.5,100,1,0.2963341318320118,0.09336352386808247,10
nt,M1 (Mk baseline),tl2.50_gl0.50_pr1.00_c100,2.5,0.5,100,1,0.3130780984763897,0.0872677666429772,10
nt,M5,tl2.50_gl0.50_pr1.00_c100,2.5,0.5,100,1,0.311803036197153,0.08340582213615516,10
nt,M4,tl2.50_gl0.50_pr1.00_c100,2.5,0.5,100,1,0.3140111394286231,0.08867979558623418,10
nt,M2,tl2.50_gl0.50_pr1.00_c100,2.5,0.5,100,1,0.2937703831550536,0.07479241229780265,10
nt,M7,tl2.50_gl0.50_pr1.00_c100,2.5,0.5,100,1,0.2903370160870407,0.07192912365247406,10
nt,M2,tl2.50_gl0.50_pr1.00_c200,2.5,0.5,200,1,0.1741989375900017,0.038984349330497686,10
nt,M10,tl2.50_gl0.50_pr1.00_c200,2.5,0.5,200,1,0.17499066253012063,0.04337049119121614,10
nt,M3,tl2.50_gl0.50_pr1.00_c200,2.5,0.5,200,1,0.18171837928927875,0.045118868838376874,10
nt,M7,tl2.50_gl0.50_pr1.00_c200,2.5,0.5,200,1,0.1725620482070505,0.0614268991095831,7
nt,M6,tl2.50_gl0.50_pr1.00_c200,2.5,0.5,200,1,0.17487735791211817,0.04276423367057769,10
nt,M9,tl2.50_gl0.50_pr1.00_c200,2.5,0.5,200,1,0.16754235231584425,0.03113075035754448,4
nt,M11,tl2.50_gl0.50_pr1.00_c200,2.5,0.5,200,1,0.17576954876718803,0.04396375190425453,10
nt,M8 (NT baseline),tl2.50_gl0.50_pr1.00_c200,2.5,0.5,200,1,0.17315085986725084,0.04345992106412938,10
nt,M4,tl2.50_gl0.50_pr1.00_c200,2.5,0.5,200,1,0.1796627332503415,0.041957366152054504,10
nt,M1 (Mk baseline),tl2.50_gl0.50_pr1.00_c200,2.5,0.5,200,1,0.18084471610054337,0.040625954005376996,10
nt,M5,tl2.50_gl0.50_pr1.00_c200,2.5,0.5,200,1,0.17860527501107049,0.043685217395056125,10
nt,M12,tl2.50_gl0.50_pr1.00_c200,2.5,0.5,200,1,0.1796627332503415,0.041957366152054504,10
nt,M10,tl2.50_gl0.50_pr1.00_c25,2.5,0.5,25,1,0.5371095864579802,0.08469761739293347,10
nt,M3,tl2.50_gl0.50_pr1.00_c25,2.5,0.5,25,1,0.5381279213189907,0.11196406624865507,10
nt,M9,tl2.50_gl0.50_pr1.00_c25,2.5,0.5,25,1,0.5363305202111884,0.08266836841131225,10
nt,M2,tl2.50_gl0.50_pr1.00_c25,2.5,0.5,25,1,0.5354781962478818,0.0847665931964165,10
nt,M1 (Mk baseline),tl2.50_gl0.50_pr1.00_c25,2.5,0.5,25,1,0.5366590297261696,0.12086533074331834,10
nt,M8 (NT baseline),tl2.50_gl0.50_pr1.00_c25,2.5,0.5,25,1,0.5384674714126676,0.08781841260326473,10
nt,M6,tl2.50_gl0.50_pr1.00_c25,2.5,0.5,25,1,0.5353578752122542,0.0862624492419467,10
nt,M7,tl2.50_gl0.50_pr1.00_c25,2.5,0.5,25,1,0.5343191695134327,0.08706835193982393,10
nt,M12,tl2.50_gl0.50_pr1.00_c25,2.5,0.5,25,1,0.5296688475756839,0.12150069227804272,10
nt,M5,tl2.50_gl0.50_pr1.00_c25,2.5,0.5,25,1,0.5383241151881372,0.10923705152945484,10
nt,M4,tl2.50_gl0.50_pr1.00_c25,2.5,0.5,25,1,0.5379720171626421,0.11893275454293051,10
nt,M11,tl2.50_gl0.50_pr1.00_c25,2.5,0.5,25,1,0.5138704229830309,0.11312591400226862,10
nt,M6,tl2.50_gl0.50_pr1.00_c50,2.5,0.5,50,1,0.3886087400641509,0.051970314051614896,10
nt,M3,tl2.50_gl0.50_pr1.00_c50,2.5,0.5,50,1,0.3872421121699902,0.08138585980277918,10
nt,M5,tl2.50_gl0.50_pr1.00_c50,2.5,0.5,50,1,0.3895359793263735,0.07608483454473847,10
nt,M7,tl2.50_gl0.50_pr1.00_c50,2.5,0.5,50,1,0.3868574310135565,0.047187593212328016,10
nt,M11,tl2.50_gl0.50_pr1.00_c50,2.5,0.5,50,1,0.3369624942965487,0.0707118256962117,10
nt,M1 (Mk baseline),tl2.50_gl0.50_pr1.00_c50,2.5,0.5,50,1,0.38688026150308086,0.06798629200451511,10
nt,M12,tl2.50_gl0.50_pr1.00_c50,2.5,0.5,50,1,0.3680536975727626,0.08587260228360594,10
nt,M4,tl2.50_gl0.50_pr1.00_c50,2.5,0.5,50,1,0.385790383401928,0.0656046533889677,10
nt,M9,tl2.50_gl0.50_pr1.00_c50,2.5,0.5,50,1,0.3876416704000009,0.04905231643514285,10
nt,M2,tl2.50_gl0.50_pr1.00_c50,2.5,0.5,50,1,0.38683082108440325,0.05731961068299296,10
nt,M8 (NT baseline),tl2.50_gl0.50_pr1.00_c50,2.5,0.5,50,1,0.38473196716361335,0.043429963458766485,10
nt,M10,tl2.50_gl0.50_pr1.00_c50,2.5,0.5,50,1,0.38366941489908085,0.049791249026624906,10
nt,M3,tl2.50_gl0.50_pr2.50_c100,2.5,0.5,100,2.5,0.277496628575061,0.09250873691457123,10
nt,M10,tl2.50_gl0.50_pr2.50_c100,2.5,0.5,100,2.5,0.25270905991945053,0.09038608814666366,10
nt,M7,tl2.50_gl0.50_pr2.50_c100,2.5,0.5,100,2.5,0.2761790512930998,0.1146500128710935,7
nt,M5,tl2.50_gl0.50_pr2.50_c100,2.5,0.5,100,2.5,0.27907393308151807,0.08974314706333472,10
nt,M2,tl2.50_gl0.50_pr2.50_c100,2.5,0.5,100,2.5,0.25180219600333037,0.09363310176227091,10
nt,M8 (NT baseline),tl2.50_gl0.50_pr2.50_c100,2.5,0.5,100,2.5,0.2536974502707414,0.09060523047262303,10
nt,M4,tl2.50_gl0.50_pr2.50_c100,2.5,0.5,100,2.5,0.27922822180124796,0.09320102239464492,10
nt,M9,tl2.50_gl0.50_pr2.50_c100,2.5,0.5,100,2.5,0.24760466975037768,0.09201800286257508,10
nt,M11,tl2.50_gl0.50_pr2.50_c100,2.5,0.5,100,2.5,0.25464671235040365,0.05194522658666828,10
nt,M1 (Mk baseline),tl2.50_gl0.50_pr2.50_c100,2.5,0.5,100,2.5,0.28007151560815335,0.07375043323661906,10
nt,M12,tl2.50_gl0.50_pr2.50_c100,2.5,0.5,100,2.5,0.24084133791000628,0.09916060534949098,10
nt,M6,tl2.50_gl0.50_pr2.50_c100,2.5,0.5,100,2.5,0.2518472691165766,0.09451739164437717,10
nt,M2,tl2.50_gl0.50_pr2.50_c200,2.5,0.5,200,2.5,0.1952913786063346,0.0843539459580244,10
nt,M5,tl2.50_gl0.50_pr2.50_c200,2.5,0.5,200,2.5,0.18964438329259842,0.09476209661053325,10
nt,M4,tl2.50_gl0.50_pr2.50_c200,2.5,0.5,200,2.5,0.18891701671600258,0.10146658869339137,10
nt,M1 (Mk baseline),tl2.50_gl0.50_pr2.50_c200,2.5,0.5,200,2.5,0.2012161927326841,0.11424040048007217,10
nt,M9,tl2.50_gl0.50_pr2.50_c200,2.5,0.5,200,2.5,0.17646566413213138,0.09967387584263465,6
nt,M6,tl2.50_gl0.50_pr2.50_c200,2.5,0.5,200,2.5,0.186057439253764,0.07701008009636631,10
nt,M11,tl2.50_gl0.50_pr2.50_c200,2.5,0.5,200,2.5,0.19753260059202699,0.12097076545725843,10
nt,M3,tl2.50_gl0.50_pr2.50_c200,2.5,0.5,200,2.5,0.19904862050313782,0.11693341784279615,10
nt,M8 (NT baseline),tl2.50_gl0.50_pr2.50_c200,2.5,0.5,200,2.5,0.18528891753279536,0.08671032001080012,10
nt,M10,tl2.50_gl0.50_pr2.50_c200,2.5,0.5,200,2.5,0.18695730838527314,0.08663420113387421,10
nt,M12,tl2.50_gl0.50_pr2.50_c200,2.5,0.5,200,2.5,0.18891701671600258,0.10146658869339137,10
nt,M7,tl2.50_gl0.50_pr2.50_c200,2.5,0.5,200,2.5,0.18498090713258328,0.08690431651637445,8
nt,M4,tl2.50_gl0.50_pr2.50_c25,2.5,0.5,25,2.5,0.5496017233931132,0.09088068486153356,10
nt,M11,tl2.50_gl0.50_pr2.50_c25,2.5,0.5,25,2.5,0.5120030296066205,0.1034900279079265,10
nt,M8 (NT baseline),tl2.50_gl0.50_pr2.50_c25,2.5,0.5,25,2.5,0.5550596039267659,0.08827093920643259,10
nt,M1 (Mk baseline),tl2.50_gl0.50_pr2.50_c25,2.5,0.5,25,2.5,0.555046418106419,0.08319043217644562,10
nt,M5,tl2.50_gl0.50_pr2.50_c25,2.5,0.5,25,2.5,0.5530971121763546,0.09573307918186158,10
nt,M2,tl2.50_gl0.50_pr2.50_c25,2.5,0.5,25,2.5,0.5549237617950424,0.08706080316224818,10
nt,M7,tl2.50_gl0.50_pr2.50_c25,2.5,0.5,25,2.5,0.5567639490201772,0.08266602564391345,10
nt,M6,tl2.50_gl0.50_pr2.50_c25,2.5,0.5,25,2.5,0.5519839294348738,0.09210746534368819,10
nt,M12,tl2.50_gl0.50_pr2.50_c25,2.5,0.5,25,2.5,0.5244912100242229,0.09550115427533767,10
nt,M3,tl2.50_gl0.50_pr2.50_c25,2.5,0.5,25,2.5,0.554976438095036,0.09124598551023966,10
nt,M10,tl2.50_gl0.50_pr2.50_c25,2.5,0.5,25,2.5,0.555117556230124,0.07953354004638746,10
nt,M9,tl2.50_gl0.50_pr2.50_c25,2.5,0.5,25,2.5,0.556210097930675,0.07508900759945425,10
nt,M9,tl2.50_gl0.50_pr2.50_c50,2.5,0.5,50,2.5,0.39263867384583984,0.05942518376422351,10
nt,M1 (Mk baseline),tl2.50_gl0.50_pr2.50_c50,2.5,0.5,50,2.5,0.4281365779626444,0.06307214788297694,10
nt,M11,tl2.50_gl0.50_pr2.50_c50,2.5,0.5,50,2.5,0.41254811732753444,0.0864419813776674,10
nt,M10,tl2.50_gl0.50_pr2.50_c50,2.5,0.5,50,2.5,0.3923749729137725,0.06718313539294257,10
nt,M4,tl2.50_gl0.50_pr2.50_c50,2.5,0.5,50,2.5,0.4252303090231046,0.06291834423733644,10
nt,M7,tl2.50_gl0.50_pr2.50_c50,2.5,0.5,50,2.5,0.39490771441680356,0.06323532380527802,10
nt,M2,tl2.50_gl0.50_pr2.50_c50,2.5,0.5,50,2.5,0.39156335848141594,0.06417491506252271,10
nt,M5,tl2.50_gl0.50_pr2.50_c50,2.5,0.5,50,2.5,0.4278484831621321,0.06067021001221384,10
nt,M8 (NT baseline),tl2.50_gl0.50_pr2.50_c50,2.5,0.5,50,2.5,0.39185374871569995,0.06366425560351496,10
nt,M3,tl2.50_gl0.50_pr2.50_c50,2.5,0.5,50,2.5,0.43440620516990325,0.06635496492643478,10
nt,M6,tl2.50_gl0.50_pr2.50_c50,2.5,0.5,50,2.5,0.38843426700897604,0.05918300138266125,10
nt,M12,tl2.50_gl0.50_pr2.50_c50,2.5,0.5,50,2.5,0.3776982384154937,0.07612216437867325,10
nt,M11,tl2.50_gl0.50_pr5.00_c100,2.5,0.5,100,5,0.24918591724023298,0.10728311552575179,10
nt,M3,tl2.50_gl0.50_pr5.00_c100,2.5,0.5,100,5,0.2794755073573194,0.10460346087689043,10
nt,M12,tl2.50_gl0.50_pr5.00_c100,2.5,0.5,100,5,0.2548408802486806,0.07347449585422608,10
nt,M8 (NT baseline),tl2.50_gl0.50_pr5.00_c100,2.5,0.5,100,5,0.27611223222503234,0.03167893397760452,10
nt,M9,tl2.50_gl0.50_pr5.00_c100,2.5,0.5,100,5,0.26734173008810597,0.055294348459538956,6
nt,M10,tl2.50_gl0.50_pr5.00_c100,2.5,0.5,100,5,0.27771658336414073,0.0348958327232603,10
nt,M2,tl2.50_gl0.50_pr5.00_c100,2.5,0.5,100,5,0.28189598744425176,0.04944440494934643,10
nt,M7,tl2.50_gl0.50_pr5.00_c100,2.5,0.5,100,5,0.28227748440448575,0.04624559244658985,7
nt,M4,tl2.50_gl0.50_pr5.00_c100,2.5,0.5,100,5,0.2870061892209691,0.0567230517699569,10
nt,M5,tl2.50_gl0.50_pr5.00_c100,2.5,0.5,100,5,0.2834391746646879,0.059135080492953684,10
nt,M6,tl2.50_gl0.50_pr5.00_c100,2.5,0.5,100,5,0.27165662987489736,0.03606313114106091,10
nt,M1 (Mk baseline),tl2.50_gl0.50_pr5.00_c100,2.5,0.5,100,5,0.2722692447208733,0.11839585249296475,10
nt,M1 (Mk baseline),tl2.50_gl0.50_pr5.00_c200,2.5,0.5,200,5,0.20704489826629163,0.03940087011731458,10
nt,M3,tl2.50_gl0.50_pr5.00_c200,2.5,0.5,200,5,0.20537760083003376,0.04175078724361958,10
nt,M9,tl2.50_gl0.50_pr5.00_c200,2.5,0.5,200,5,0.18375390702373764,0.022812153948000236,4
nt,M10,tl2.50_gl0.50_pr5.00_c200,2.5,0.5,200,5,0.1834225357087651,0.04825826633191829,10
nt,M6,tl2.50_gl0.50_pr5.00_c200,2.5,0.5,200,5,0.1851841710204683,0.04546918846230913,10
nt,M4,tl2.50_gl0.50_pr5.00_c200,2.5,0.5,200,5,0.1895236536430543,0.055890307494109226,10
nt,M5,tl2.50_gl0.50_pr5.00_c200,2.5,0.5,200,5,0.18893648834093968,0.055624217877935395,10
nt,M12,tl2.50_gl0.50_pr5.00_c200,2.5,0.5,200,5,0.1895236536430543,0.055890307494109226,10
nt,M7,tl2.50_gl0.50_pr5.00_c200,2.5,0.5,200,5,0.18740996508204424,0.04879529483348963,7
nt,M8 (NT baseline),tl2.50_gl0.50_pr5.00_c200,2.5,0.5,200,5,0.18443863125009968,0.045132234166518265,10
nt,M2,tl2.50_gl0.50_pr5.00_c200,2.5,0.5,200,5,0.1870321251396515,0.055560939391918474,10
nt,M11,tl2.50_gl0.50_pr5.00_c200,2.5,0.5,200,5,0.1832637097796576,0.03927910827051495,10
nt,M12,tl2.50_gl0.50_pr5.00_c25,2.5,0.5,25,5,0.5495506692635141,0.04611067716544637,10
nt,M11,tl2.50_gl0.50_pr5.00_c25,2.5,0.5,25,5,0.5262319686452858,0.06781287933632041,10
nt,M8 (NT baseline),tl2.50_gl0.50_pr5.00_c25,2.5,0.5,25,5,0.5715466270605893,0.09085469585927508,10
nt,M4,tl2.50_gl0.50_pr5.00_c25,2.5,0.5,25,5,0.5598428745904245,0.09267406546747503,10
nt,M9,tl2.50_gl0.50_pr5.00_c25,2.5,0.5,25,5,0.5705263163883425,0.10110958396148706,10
nt,M6,tl2.50_gl0.50_pr5.00_c25,2.5,0.5,25,5,0.560373153862239,0.0895091091881417,10
nt,M10,tl2.50_gl0.50_pr5.00_c25,2.5,0.5,25,5,0.5661354653909798,0.09066974914032755,10
nt,M1 (Mk baseline),tl2.50_gl0.50_pr5.00_c25,2.5,0.5,25,5,0.5662908552244212,0.09386649395158808,10
nt,M3,tl2.50_gl0.50_pr5.00_c25,2.5,0.5,25,5,0.5616559704542201,0.09502671423662801,10
nt,M7,tl2.50_gl0.50_pr5.00_c25,2.5,0.5,25,5,0.5713334955087939,0.0902436174389718,10
nt,M5,tl2.50_gl0.50_pr5.00_c25,2.5,0.5,25,5,0.5650539016111094,0.09144327188423662,10
nt,M2,tl2.50_gl0.50_pr5.00_c25,2.5,0.5,25,5,0.5641145771200623,0.09475741501692725,10
nt,M5,tl2.50_gl0.50_pr5.00_c50,2.5,0.5,50,5,0.403712437455249,0.11365885421233751,10
nt,M7,tl2.50_gl0.50_pr5.00_c50,2.5,0.5,50,5,0.3963582636600615,0.10124022608772343,9
nt,M6,tl2.50_gl0.50_pr5.00_c50,2.5,0.5,50,5,0.3971297966130535,0.1087874549490927,10
nt,M9,tl2.50_gl0.50_pr5.00_c50,2.5,0.5,50,5,0.3891185966563392,0.10942569511239103,10
nt,M2,tl2.50_gl0.50_pr5.00_c50,2.5,0.5,50,5,0.3949321030751227,0.10819315100367466,10
nt,M1 (Mk baseline),tl2.50_gl0.50_pr5.00_c50,2.5,0.5,50,5,0.4088446704841026,0.11648146378503643,10
nt,M3,tl2.50_gl0.50_pr5.00_c50,2.5,0.5,50,5,0.4145554377111352,0.11036658161744661,10
nt,M8 (NT baseline),tl2.50_gl0.50_pr5.00_c50,2.5,0.5,50,5,0.3935546692810268,0.10724536117409389,10
nt,M12,tl2.50_gl0.50_pr5.00_c50,2.5,0.5,50,5,0.3439919320217819,0.13664553080020958,10
nt,M10,tl2.50_gl0.50_pr5.00_c50,2.5,0.5,50,5,0.3921834211650804,0.10765383848385618,10
nt,M11,tl2.50_gl0.50_pr5.00_c50,2.5,0.5,50,5,0.3588159328636843,0.10929498187077491,10
nt,M4,tl2.50_gl0.50_pr5.00_c50,2.5,0.5,50,5,0.4048224273115758,0.11449369199387949,10
nt,M11,tl2.50_gl1.00_pr1.00_c100,2.5,1,100,1,0.2370375820173615,0.07815381246701736,10
nt,M2,tl2.50_gl1.00_pr1.00_c100,2.5,1,100,1,0.25544021233587627,0.09574186544331359,10
nt,M7,tl2.50_gl1.00_pr1.00_c100,2.5,1,100,1,0.2565351358802008,0.09775751924336001,10
nt,M3,tl2.50_gl1.00_pr1.00_c100,2.5,1,100,1,0.2550293098444493,0.06931405866420379,10
nt,M5,tl2.50_gl1.00_pr1.00_c100,2.5,1,100,1,0.25478744290944383,0.0746906639963055,10
nt,M6,tl2.50_gl1.00_pr1.00_c100,2.5,1,100,1,0.2543734433183089,0.09801417122134304,10
nt,M10,tl2.50_gl1.00_pr1.00_c100,2.5,1,100,1,0.2567820782856598,0.0892047012781578,10
nt,M4,tl2.50_gl1.00_pr1.00_c100,2.5,1,100,1,0.2551287047383515,0.06975787674185221,10
nt,M9,tl2.50_gl1.00_pr1.00_c100,2.5,1,100,1,0.2560747194591901,0.10294677141564854,10
nt,M8 (NT baseline),tl2.50_gl1.00_pr1.00_c100,2.5,1,100,1,0.2556259784551446,0.09320834458641214,10
nt,M1 (Mk baseline),tl2.50_gl1.00_pr1.00_c100,2.5,1,100,1,0.25376703096918785,0.07113580390230154,10
nt,M12,tl2.50_gl1.00_pr1.00_c100,2.5,1,100,1,0.2408558642656305,0.06375406408755338,10
nt,M9,tl2.50_gl1.00_pr1.00_c200,2.5,1,200,1,0.17891685373715888,0.029100114700921276,5
nt,M8 (NT baseline),tl2.50_gl1.00_pr1.00_c200,2.5,1,200,1,0.17061549417639094,0.03920821608582545,10
nt,M10,tl2.50_gl1.00_pr1.00_c200,2.5,1,200,1,0.16932047326158922,0.041265618621620676,10
nt,M3,tl2.50_gl1.00_pr1.00_c200,2.5,1,200,1,0.17440044997601153,0.040123506219307076,10
nt,M2,tl2.50_gl1.00_pr1.00_c200,2.5,1,200,1,0.16878791210369648,0.03673117603510148,10
nt,M11,tl2.50_gl1.00_pr1.00_c200,2.5,1,200,1,0.1563075951230843,0.03227441703448708,10
nt,M12,tl2.50_gl1.00_pr1.00_c200,2.5,1,200,1,0.17216454617251403,0.03665398375085782,10
nt,M6,tl2.50_gl1.00_pr1.00_c200,2.5,1,200,1,0.16997547804620533,0.04474116569022499,10
nt,M7,tl2.50_gl1.00_pr1.00_c200,2.5,1,200,1,0.16638700913423915,0.02652665018621181,9
nt,M1 (Mk baseline),tl2.50_gl1.00_pr1.00_c200,2.5,1,200,1,0.1732847255595314,0.03932429945906993,10
nt,M4,tl2.50_gl1.00_pr1.00_c200,2.5,1,200,1,0.17216454617251403,0.03665398375085782,10
nt,M5,tl2.50_gl1.00_pr1.00_c200,2.5,1,200,1,0.17259131469575115,0.03633939741902514,10
nt,M6,tl2.50_gl1.00_pr1.00_c25,2.5,1,25,1,0.5196172456941974,0.10178234825851046,10
nt,M1 (Mk baseline),tl2.50_gl1.00_pr1.00_c25,2.5,1,25,1,0.5347432190730494,0.11850019491337738,10
nt,M9,tl2.50_gl1.00_pr1.00_c25,2.5,1,25,1,0.5208033854900652,0.09724876551788197,10
nt,M8 (NT baseline),tl2.50_gl1.00_pr1.00_c25,2.5,1,25,1,0.518624487874491,0.11060176022613566,10
nt,M5,tl2.50_gl1.00_pr1.00_c25,2.5,1,25,1,0.5350808126984291,0.10818667973716811,10
nt,M11,tl2.50_gl1.00_pr1.00_c25,2.5,1,25,1,0.5108045876952501,0.11563131519297087,10
nt,M2,tl2.50_gl1.00_pr1.00_c25,2.5,1,25,1,0.5166797399663278,0.10988843099045131,10
nt,M3,tl2.50_gl1.00_pr1.00_c25,2.5,1,25,1,0.5335277531714508,0.11408271868798281,10
nt,M7,tl2.50_gl1.00_pr1.00_c25,2.5,1,25,1,0.5193706656088313,0.10058974773627327,10
nt,M4,tl2.50_gl1.00_pr1.00_c25,2.5,1,25,1,0.5356973046015481,0.11043558438478818,10
nt,M12,tl2.50_gl1.00_pr1.00_c25,2.5,1,25,1,0.5039833683075992,0.1249029013752947,10
nt,M10,tl2.50_gl1.00_pr1.00_c25,2.5,1,25,1,0.5185402345231941,0.10702020010660429,10
nt,M1 (Mk baseline),tl2.50_gl1.00_pr1.00_c50,2.5,1,50,1,0.39338862431219457,0.10875942465201316,10
nt,M11,tl2.50_gl1.00_pr1.00_c50,2.5,1,50,1,0.36559074855285356,0.1399917230422696,10
nt,M7,tl2.50_gl1.00_pr1.00_c50,2.5,1,50,1,0.39526787452047757,0.06636174293408381,10
nt,M8 (NT baseline),tl2.50_gl1.00_pr1.00_c50,2.5,1,50,1,0.3943815449318111,0.06375026869334566,10
nt,M2,tl2.50_gl1.00_pr1.00_c50,2.5,1,50,1,0.4000494599650546,0.07465076136855847,10
nt,M4,tl2.50_gl1.00_pr1.00_c50,2.5,1,50,1,0.390484848442195,0.0953592646346843,10
nt,M3,tl2.50_gl1.00_pr1.00_c50,2.5,1,50,1,0.3898988395296032,0.10586115069640295,10
nt,M10,tl2.50_gl1.00_pr1.00_c50,2.5,1,50,1,0.39517121510481895,0.06334384885333733,10
nt,M5,tl2.50_gl1.00_pr1.00_c50,2.5,1,50,1,0.3876789188873035,0.10682824123244816,10
nt,M6,tl2.50_gl1.00_pr1.00_c50,2.5,1,50,1,0.40025595261915364,0.06939915522654466,10
nt,M12,tl2.50_gl1.00_pr1.00_c50,2.5,1,50,1,0.3658178318848158,0.10720227649191366,10
nt,M9,tl2.50_gl1.00_pr1.00_c50,2.5,1,50,1,0.39734580179763646,0.06936258900692549,10
nt,M8 (NT baseline),tl2.50_gl1.00_pr2.50_c100,2.5,1,100,2.5,0.2913993439871859,0.09345906022590089,10
nt,M7,tl2.50_gl1.00_pr2.50_c100,2.5,1,100,2.5,0.3121807807454541,0.09077510879044559,7
nt,M11,tl2.50_gl1.00_pr2.50_c100,2.5,1,100,2.5,0.2507269578365574,0.11271120763671635,10
nt,M10,tl2.50_gl1.00_pr2.50_c100,2.5,1,100,2.5,0.2900982914353818,0.07772808907345569,10
nt,M9,tl2.50_gl1.00_pr2.50_c100,2.5,1,100,2.5,0.28916082078413874,0.06608204213145635,10
nt,M12,tl2.50_gl1.00_pr2.50_c100,2.5,1,100,2.5,0.2309208338793736,0.1076978093929927,10
nt,M4,tl2.50_gl1.00_pr2.50_c100,2.5,1,100,2.5,0.29085540411784483,0.0941574882981992,10
nt,M5,tl2.50_gl1.00_pr2.50_c100,2.5,1,100,2.5,0.2933113176596127,0.09817138791244573,10
nt,M2,tl2.50_gl1.00_pr2.50_c100,2.5,1,100,2.5,0.28748774079743333,0.05888196542190896,10
nt,M6,tl2.50_gl1.00_pr2.50_c100,2.5,1,100,2.5,0.2921044257032387,0.06352879666769884,10
nt,M3,tl2.50_gl1.00_pr2.50_c100,2.5,1,100,2.5,0.2863669345062956,0.0997994386211376,10
nt,M1 (Mk baseline),tl2.50_gl1.00_pr2.50_c100,2.5,1,100,2.5,0.28537493557865434,0.09684442689605427,10
nt,M10,tl2.50_gl1.00_pr2.50_c200,2.5,1,200,2.5,0.18288881224205084,0.05745207891916679,10
nt,M12,tl2.50_gl1.00_pr2.50_c200,2.5,1,200,2.5,0.1962749835846238,0.08725376598954787,10
nt,M2,tl2.50_gl1.00_pr2.50_c200,2.5,1,200,2.5,0.1858168114324093,0.040652795849362655,10
nt,M3,tl2.50_gl1.00_pr2.50_c200,2.5,1,200,2.5,0.19825789134060817,0.09278625089700049,10
nt,M7,tl2.50_gl1.00_pr2.50_c200,2.5,1,200,2.5,0.18893410410719796,0.058217495670714936,8
nt,M11,tl2.50_gl1.00_pr2.50_c200,2.5,1,200,2.5,0.18912986942661286,0.08448200205302134,10
nt,M1 (Mk baseline),tl2.50_gl1.00_pr2.50_c200,2.5,1,200,2.5,0.199875028462492,0.09724018725169514,10
nt,M6,tl2.50_gl1.00_pr2.50_c200,2.5,1,200,2.5,0.18414338502382185,0.05058303457840524,10
nt,M4,tl2.50_gl1.00_pr2.50_c200,2.5,1,200,2.5,0.1962749835846238,0.08725376598954787,10
nt,M5,tl2.50_gl1.00_pr2.50_c200,2.5,1,200,2.5,0.19635677833185972,0.08506621854115404,10
nt,M9,tl2.50_gl1.00_pr2.50_c200,2.5,1,200,2.5,0.18327964658470725,0.029841859485348843,4
nt,M8 (NT baseline),tl2.50_gl1.00_pr2.50_c200,2.5,1,200,2.5,0.1850234821438882,0.05683200542291683,10
nt,M3,tl2.50_gl1.00_pr2.50_c25,2.5,1,25,2.5,0.5960218616511979,0.09711929309382095,10
nt,M11,tl2.50_gl1.00_pr2.50_c25,2.5,1,25,2.5,0.5550237743455502,0.10561425566509153,10
nt,M2,tl2.50_gl1.00_pr2.50_c25,2.5,1,25,2.5,0.595342136727003,0.10765998820040124,10
nt,M10,tl2.50_gl1.00_pr2.50_c25,2.5,1,25,2.5,0.589392494911424,0.10423524508083415,10
nt,M5,tl2.50_gl1.00_pr2.50_c25,2.5,1,25,2.5,0.5887972254989189,0.09854235564240454,10
nt,M12,tl2.50_gl1.00_pr2.50_c25,2.5,1,25,2.5,0.5673336730477014,0.07058975597289574,10
nt,M6,tl2.50_gl1.00_pr2.50_c25,2.5,1,25,2.5,0.5903484125707223,0.10525997847855917,10
nt,M7,tl2.50_gl1.00_pr2.50_c25,2.5,1,25,2.5,0.5912863847634127,0.1057196569864316,10
nt,M1 (Mk baseline),tl2.50_gl1.00_pr2.50_c25,2.5,1,25,2.5,0.5953244981484915,0.10225745894324123,10
nt,M4,tl2.50_gl1.00_pr2.50_c25,2.5,1,25,2.5,0.5888043193829636,0.09902177700727233,10
nt,M8 (NT baseline),tl2.50_gl1.00_pr2.50_c25,2.5,1,25,2.5,0.58995692317678,0.10675110615402295,10
nt,M9,tl2.50_gl1.00_pr2.50_c25,2.5,1,25,2.5,0.5903603338563777,0.10472720842622929,10
nt,M10,tl2.50_gl1.00_pr2.50_c50,2.5,1,50,2.5,0.3917324426723966,0.06872822751025448,10
nt,M7,tl2.50_gl1.00_pr2.50_c50,2.5,1,50,2.5,0.392959245870388,0.07687368930140104,10
nt,M8 (NT baseline),tl2.50_gl1.00_pr2.50_c50,2.5,1,50,2.5,0.3947668800295794,0.07690149383229405,10
nt,M3,tl2.50_gl1.00_pr2.50_c50,2.5,1,50,2.5,0.39271074757535546,0.08947591171472419,10
nt,M4,tl2.50_gl1.00_pr2.50_c50,2.5,1,50,2.5,0.39481796376840106,0.07051403166173054,10
nt,M6,tl2.50_gl1.00_pr2.50_c50,2.5,1,50,2.5,0.3928251112005717,0.07648003797426295,10
nt,M1 (Mk baseline),tl2.50_gl1.00_pr2.50_c50,2.5,1,50,2.5,0.3901231047771867,0.08657465282922477,10
nt,M12,tl2.50_gl1.00_pr2.50_c50,2.5,1,50,2.5,0.364455866513238,0.12453954581540838,10
nt,M2,tl2.50_gl1.00_pr2.50_c50,2.5,1,50,2.5,0.3944627755214684,0.09108000036472086,10
nt,M11,tl2.50_gl1.00_pr2.50_c50,2.5,1,50,2.5,0.3709259970082668,0.08802607842917753,10
nt,M9,tl2.50_gl1.00_pr2.50_c50,2.5,1,50,2.5,0.3938004275246316,0.08311831782742307,10
nt,M5,tl2.50_gl1.00_pr2.50_c50,2.5,1,50,2.5,0.3947105629448434,0.07791984752909531,10
nt,M3,tl2.50_gl1.00_pr5.00_c100,2.5,1,100,5,0.2856921329019376,0.0989713755560076,10
nt,M10,tl2.50_gl1.00_pr5.00_c100,2.5,1,100,5,0.29113546705852966,0.11749289585126985,10
nt,M6,tl2.50_gl1.00_pr5.00_c100,2.5,1,100,5,0.29150050528222565,0.12255926170102105,10
nt,M9,tl2.50_gl1.00_pr5.00_c100,2.5,1,100,5,0.2623723372229434,0.09690450169711262,8
nt,M11,tl2.50_gl1.00_pr5.00_c100,2.5,1,100,5,0.25162821197137325,0.09111047620813412,10
nt,M7,tl2.50_gl1.00_pr5.00_c100,2.5,1,100,5,0.3235196879406482,0.13878040432148897,8
nt,M1 (Mk baseline),tl2.50_gl1.00_pr5.00_c100,2.5,1,100,5,0.29305464468958387,0.10029782285562172,10
nt,M5,tl2.50_gl1.00_pr5.00_c100,2.5,1,100,5,0.29329837977606354,0.12375118224725887,10
nt,M12,tl2.50_gl1.00_pr5.00_c100,2.5,1,100,5,0.2682707402750277,0.0773477386341837,10
nt,M2,tl2.50_gl1.00_pr5.00_c100,2.5,1,100,5,0.29468066498105916,0.11496141360448772,10
nt,M4,tl2.50_gl1.00_pr5.00_c100,2.5,1,100,5,0.29344710654812806,0.12338992570550994,10
nt,M8 (NT baseline),tl2.50_gl1.00_pr5.00_c100,2.5,1,100,5,0.29202707656908666,0.11474330345197434,10
nt,M5,tl2.50_gl1.00_pr5.00_c200,2.5,1,200,5,0.1735832267579304,0.06464117043983761,10
nt,M10,tl2.50_gl1.00_pr5.00_c200,2.5,1,200,5,0.1711448418324044,0.048453339428259024,10
nt,M7,tl2.50_gl1.00_pr5.00_c200,2.5,1,200,5,0.17165574779678985,0.06685741159867323,8
nt,M9,tl2.50_gl1.00_pr5.00_c200,2.5,1,200,5,0.18789260105546124,0.05889667591022721,5
nt,M1 (Mk baseline),tl2.50_gl1.00_pr5.00_c200,2.5,1,200,5,0.1798465167315786,0.057562269276899614,10
nt,M8 (NT baseline),tl2.50_gl1.00_pr5.00_c200,2.5,1,200,5,0.17286780510200378,0.04554428878902175,10
nt,M11,tl2.50_gl1.00_pr5.00_c200,2.5,1,200,5,0.15666595936094077,0.07260505124534886,10
nt,M3,tl2.50_gl1.00_pr5.00_c200,2.5,1,200,5,0.1842542639884062,0.05724637919985168,10
nt,M6,tl2.50_gl1.00_pr5.00_c200,2.5,1,200,5,0.17154405770759215,0.04732761971948085,10
nt,M12,tl2.50_gl1.00_pr5.00_c200,2.5,1,200,5,0.17560888558672244,0.06415042499052051,10
nt,M4,tl2.50_gl1.00_pr5.00_c200,2.5,1,200,5,0.17560888558672244,0.06415042499052051,10
nt,M2,tl2.50_gl1.00_pr5.00_c200,2.5,1,200,5,0.17680532859274986,0.05292281618125744,10
nt,M3,tl2.50_gl1.00_pr5.00_c25,2.5,1,25,5,0.55952416190668,0.10699386820915202,10
nt,M7,tl2.50_gl1.00_pr5.00_c25,2.5,1,25,5,0.5439645685469732,0.11438031884471633,10
nt,M10,tl2.50_gl1.00_pr5.00_c25,2.5,1,25,5,0.5399505482212656,0.11274036483266403,10
nt,M1 (Mk baseline),tl2.50_gl1.00_pr5.00_c25,2.5,1,25,5,0.5601026503081394,0.09806782111693724,10
nt,M8 (NT baseline),tl2.50_gl1.00_pr5.00_c25,2.5,1,25,5,0.5420935127984674,0.11413121181188057,10
nt,M6,tl2.50_gl1.00_pr5.00_c25,2.5,1,25,5,0.539785346624911,0.11435221879016016,10
nt,M12,tl2.50_gl1.00_pr5.00_c25,2.5,1,25,5,0.5420776840588806,0.0969460562916834,10
nt,M2,tl2.50_gl1.00_pr5.00_c25,2.5,1,25,5,0.5572336500156145,0.10143569679969433,10
nt,M9,tl2.50_gl1.00_pr5.00_c25,2.5,1,25,5,0.5438065122865172,0.11251159030098845,10
nt,M11,tl2.50_gl1.00_pr5.00_c25,2.5,1,25,5,0.5163720246299359,0.09865410826100712,10
nt,M5,tl2.50_gl1.00_pr5.00_c25,2.5,1,25,5,0.5433980468539454,0.10148035443603659,10
nt,M4,tl2.50_gl1.00_pr5.00_c25,2.5,1,25,5,0.5395918947853655,0.10689595510746092,10
nt,M8 (NT baseline),tl2.50_gl1.00_pr5.00_c50,2.5,1,50,5,0.4156766910258949,0.11927513727438205,10
nt,M11,tl2.50_gl1.00_pr5.00_c50,2.5,1,50,5,0.39985232702110074,0.13303698992144752,10
nt,M9,tl2.50_gl1.00_pr5.00_c50,2.5,1,50,5,0.4194556381145406,0.12044637844049222,10
nt,M3,tl2.50_gl1.00_pr5.00_c50,2.5,1,50,5,0.427031369224236,0.12920715528438975,10
nt,M7,tl2.50_gl1.00_pr5.00_c50,2.5,1,50,5,0.4333135396660118,0.12432767252202087,9
nt,M12,tl2.50_gl1.00_pr5.00_c50,2.5,1,50,5,0.3973316705062382,0.09303359469815187,10
nt,M10,tl2.50_gl1.00_pr5.00_c50,2.5,1,50,5,0.41845752506530315,0.11725656715827448,10
nt,M1 (Mk baseline),tl2.50_gl1.00_pr5.00_c50,2.5,1,50,5,0.4259939638517571,0.13065500780352313,10
nt,M6,tl2.50_gl1.00_pr5.00_c50,2.5,1,50,5,0.4137720666278836,0.11856358302872616,10
nt,M5,tl2.50_gl1.00_pr5.00_c50,2.5,1,50,5,0.4221067581562699,0.11974952741207345,10
nt,M2,tl2.50_gl1.00_pr5.00_c50,2.5,1,50,5,0.42148858384989774,0.12368118917752852,10
nt,M4,tl2.50_gl1.00_pr5.00_c50,2.5,1,50,5,0.41864016111369184,0.12498172701710741,10
nt,M5,tl5.00_gl0.10_pr1.00_c100,5,0.1,100,1,0.3495085468115102,0.05154055524678902,10
nt,M1 (Mk baseline),tl5.00_gl0.10_pr1.00_c100,5,0.1,100,1,0.3505971762305234,0.04837077600470974,10
nt,M11,tl5.00_gl0.10_pr1.00_c100,5,0.1,100,1,0.31668752123321897,0.08530092414872426,10
nt,M6,tl5.00_gl0.10_pr1.00_c100,5,0.1,100,1,0.3375135300531098,0.04436857630840596,10
nt,M8 (NT baseline),tl5.00_gl0.10_pr1.00_c100,5,0.1,100,1,0.33243484034026927,0.01928361740459783,10
nt,M12,tl5.00_gl0.10_pr1.00_c100,5,0.1,100,1,0.3195890873417111,0.08073531053646643,10
nt,M9,tl5.00_gl0.10_pr1.00_c100,5,0.1,100,1,0.3340647520091864,0.024518163704250806,10
nt,M3,tl5.00_gl0.10_pr1.00_c100,5,0.1,100,1,0.3469798529318819,0.062261741879903854,10
nt,M10,tl5.00_gl0.10_pr1.00_c100,5,0.1,100,1,0.3336723057763543,0.023578158007509287,10
nt,M7,tl5.00_gl0.10_pr1.00_c100,5,0.1,100,1,0.3362508741494098,0.020225537372970503,10
nt,M4,tl5.00_gl0.10_pr1.00_c100,5,0.1,100,1,0.3570596648659542,0.0408367532355981,10
nt,M2,tl5.00_gl0.10_pr1.00_c100,5,0.1,100,1,0.33386415000943104,0.05605145721563931,10
nt,M12,tl5.00_gl0.10_pr1.00_c200,5,0.1,200,1,0.283735529330173,0.08412208872346444,10
nt,M11,tl5.00_gl0.10_pr1.00_c200,5,0.1,200,1,0.2726072605837865,0.08061320854634177,10
nt,M6,tl5.00_gl0.10_pr1.00_c200,5,0.1,200,1,0.23819604264204208,0.08244817694911125,10
nt,M5,tl5.00_gl0.10_pr1.00_c200,5,0.1,200,1,0.24680206014991374,0.08106688452406005,10
nt,M4,tl5.00_gl0.10_pr1.00_c200,5,0.1,200,1,0.283735529330173,0.08412208872346444,10
nt,M1 (Mk baseline),tl5.00_gl0.10_pr1.00_c200,5,0.1,200,1,0.27982547295245364,0.07871978681117,10
nt,M8 (NT baseline),tl5.00_gl0.10_pr1.00_c200,5,0.1,200,1,0.22813971776812128,0.038664027686902774,10
nt,M3,tl5.00_gl0.10_pr1.00_c200,5,0.1,200,1,0.27080593625044064,0.07406175237303125,10
nt,M2,tl5.00_gl0.10_pr1.00_c200,5,0.1,200,1,0.23875891484488,0.08250055759138472,10
nt,M7,tl5.00_gl0.10_pr1.00_c200,5,0.1,200,1,0.23027286560335047,0.032501437558721175,10
nt,M9,tl5.00_gl0.10_pr1.00_c200,5,0.1,200,1,0.2248049414322542,0.014278521347778766,2
nt,M10,tl5.00_gl0.10_pr1.00_c200,5,0.1,200,1,0.22718185555930118,0.03653171292168916,10
nt,M12,tl5.00_gl0.10_pr1.00_c25,5,0.1,25,1,0.6664540454437068,0.0934119304838289,10
nt,M11,tl5.00_gl0.10_pr1.00_c25,5,0.1,25,1,0.6629636577654027,0.07710086989377174,10
nt,M9,tl5.00_gl0.10_pr1.00_c25,5,0.1,25,1,0.6821459641576886,0.05220174392885413,10
nt,M3,tl5.00_gl0.10_pr1.00_c25,5,0.1,25,1,0.6880243282453304,0.06740836725881949,10
nt,M6,tl5.00_gl0.10_pr1.00_c25,5,0.1,25,1,0.6844281684423359,0.053787958593090046,10
nt,M5,tl5.00_gl0.10_pr1.00_c25,5,0.1,25,1,0.693702839353429,0.07148723517137279,10
nt,M4,tl5.00_gl0.10_pr1.00_c25,5,0.1,25,1,0.6978461508052919,0.05893178158363788,10
nt,M10,tl5.00_gl0.10_pr1.00_c25,5,0.1,25,1,0.6814800637375582,0.05589764132544084,10
nt,M7,tl5.00_gl0.10_pr1.00_c25,5,0.1,25,1,0.682263800274981,0.062473357395302576,10
nt,M8 (NT baseline),tl5.00_gl0.10_pr1.00_c25,5,0.1,25,1,0.6771262414715316,0.06263765840423918,10
nt,M1 (Mk baseline),tl5.00_gl0.10_pr1.00_c25,5,0.1,25,1,0.6959534322145088,0.06539440825148235,10
nt,M2,tl5.00_gl0.10_pr1.00_c25,5,0.1,25,1,0.6801839593144137,0.059224959797692156,10
nt,M1 (Mk baseline),tl5.00_gl0.10_pr1.00_c50,5,0.1,50,1,0.5434395322028727,0.10072195237407588,10
nt,M12,tl5.00_gl0.10_pr1.00_c50,5,0.1,50,1,0.4899435600935881,0.09072599332903253,10
nt,M8 (NT baseline),tl5.00_gl0.10_pr1.00_c50,5,0.1,50,1,0.5076106624991404,0.06514762258159545,10
nt,M7,tl5.00_gl0.10_pr1.00_c50,5,0.1,50,1,0.5341002606905869,0.07527237642588713,8
nt,M10,tl5.00_gl0.10_pr1.00_c50,5,0.1,50,1,0.5078533434987038,0.054577030553676686,10
nt,M2,tl5.00_gl0.10_pr1.00_c50,5,0.1,50,1,0.5058865251808533,0.059639159852619805,10
nt,M4,tl5.00_gl0.10_pr1.00_c50,5,0.1,50,1,0.5494197126032916,0.09125673500249376,10
nt,M5,tl5.00_gl0.10_pr1.00_c50,5,0.1,50,1,0.5421839384101941,0.09343089376759589,10
nt,M3,tl5.00_gl0.10_pr1.00_c50,5,0.1,50,1,0.5459418977954634,0.1048807709796859,10
nt,M6,tl5.00_gl0.10_pr1.00_c50,5,0.1,50,1,0.49743713258835903,0.07013110287076335,10
nt,M11,tl5.00_gl0.10_pr1.00_c50,5,0.1,50,1,0.5144710411193225,0.10071089219873702,10
nt,M9,tl5.00_gl0.10_pr1.00_c50,5,0.1,50,1,0.506711118968683,0.060402927254680716,10
nt,M8 (NT baseline),tl5.00_gl0.10_pr2.50_c100,5,0.1,100,2.5,0.34645137358054445,0.09171009227508542,10
nt,M1 (Mk baseline),tl5.00_gl0.10_pr2.50_c100,5,0.1,100,2.5,0.39362001618968956,0.09169481215825737,10
nt,M10,tl5.00_gl0.10_pr2.50_c100,5,0.1,100,2.5,0.34710294859691315,0.09288099969626723,10
nt,M3,tl5.00_gl0.10_pr2.50_c100,5,0.1,100,2.5,0.3959579650009316,0.07128196423477567,10
nt,M5,tl5.00_gl0.10_pr2.50_c100,5,0.1,100,2.5,0.3794822534907041,0.10923841122175898,10
nt,M2,tl5.00_gl0.10_pr2.50_c100,5,0.1,100,2.5,0.3666085225953818,0.08994355906952961,10
nt,M7,tl5.00_gl0.10_pr2.50_c100,5,0.1,100,2.5,0.34621476351061753,0.09489132191647126,10
nt,M6,tl5.00_gl0.10_pr2.50_c100,5,0.1,100,2.5,0.36578688799121134,0.09117222443974621,10
nt,M11,tl5.00_gl0.10_pr2.50_c100,5,0.1,100,2.5,0.3737798541447799,0.07938279805639115,10
nt,M12,tl5.00_gl0.10_pr2.50_c100,5,0.1,100,2.5,0.3707463681196679,0.06862543679044286,10
nt,M9,tl5.00_gl0.10_pr2.50_c100,5,0.1,100,2.5,0.34023105393016967,0.08330040047121934,10
nt,M4,tl5.00_gl0.10_pr2.50_c100,5,0.1,100,2.5,0.3959877343825013,0.0932466782600711,9
nt,M9,tl5.00_gl0.10_pr2.50_c200,5,0.1,200,2.5,0.21407212506922793,0.0564631187660789,3
nt,M4,tl5.00_gl0.10_pr2.50_c200,5,0.1,200,2.5,0.2240121612171762,0.07983901132301074,10
nt,M2,tl5.00_gl0.10_pr2.50_c200,5,0.1,200,2.5,0.21681595153126162,0.08168338766388308,10
nt,M1 (Mk baseline),tl5.00_gl0.10_pr2.50_c200,5,0.1,200,2.5,0.2317619221932374,0.08240882807763292,10
nt,M11,tl5.00_gl0.10_pr2.50_c200,5,0.1,200,2.5,0.22603493018130197,0.05933709965979131,10
nt,M3,tl5.00_gl0.10_pr2.50_c200,5,0.1,200,2.5,0.2304308726064673,0.051162948224447446,10
nt,M12,tl5.00_gl0.10_pr2.50_c200,5,0.1,200,2.5,0.2240121612171762,0.07983901132301074,10
nt,M5,tl5.00_gl0.10_pr2.50_c200,5,0.1,200,2.5,0.21081005571522982,0.06280784553497368,10
nt,M8 (NT baseline),tl5.00_gl0.10_pr2.50_c200,5,0.1,200,2.5,0.20894688283951274,0.04743556892775794,10
nt,M6,tl5.00_gl0.10_pr2.50_c200,5,0.1,200,2.5,0.21523891802647985,0.07010654032523497,10
nt,M10,tl5.00_gl0.10_pr2.50_c200,5,0.1,200,2.5,0.20841691223584702,0.05018763280982902,10
nt,M7,tl5.00_gl0.10_pr2.50_c200,5,0.1,200,2.5,0.20987382139723543,0.04804748411357057,10
nt,M3,tl5.00_gl0.10_pr2.50_c25,5,0.1,25,2.5,0.6693339998720931,0.09415121383945935,10
nt,M12,tl5.00_gl0.10_pr2.50_c25,5,0.1,25,2.5,0.6593246704322675,0.08202549351046629,10
nt,M8 (NT baseline),tl5.00_gl0.10_pr2.50_c25,5,0.1,25,2.5,0.656548772957279,0.0628152405240312,10
nt,M4,tl5.00_gl0.10_pr2.50_c25,5,0.1,25,2.5,0.6598295724418723,0.0728514755667995,10
nt,M10,tl5.00_gl0.10_pr2.50_c25,5,0.1,25,2.5,0.650486142752582,0.06421269659965334,10
nt,M7,tl5.00_gl0.10_pr2.50_c25,5,0.1,25,2.5,0.6596606259832757,0.054534627395321,8
nt,M11,tl5.00_gl0.10_pr2.50_c25,5,0.1,25,2.5,0.6469941734529624,0.10166952306198584,10
nt,M5,tl5.00_gl0.10_pr2.50_c25,5,0.1,25,2.5,0.6588400828642456,0.08818058210990953,10
nt,M1 (Mk baseline),tl5.00_gl0.10_pr2.50_c25,5,0.1,25,2.5,0.6652228811419654,0.09105257530405808,10
nt,M2,tl5.00_gl0.10_pr2.50_c25,5,0.1,25,2.5,0.6558617198921601,0.08698805852816927,10
nt,M6,tl5.00_gl0.10_pr2.50_c25,5,0.1,25,2.5,0.6478751669329124,0.0695793791407594,10
nt,M9,tl5.00_gl0.10_pr2.50_c25,5,0.1,25,2.5,0.6610907361005343,0.05986256069728746,10
nt,M11,tl5.00_gl0.10_pr2.50_c50,5,0.1,50,2.5,0.47388430182825736,0.09276951127111321,10
nt,M1 (Mk baseline),tl5.00_gl0.10_pr2.50_c50,5,0.1,50,2.5,0.5164090487867066,0.1132583633083436,10
nt,M9,tl5.00_gl0.10_pr2.50_c50,5,0.1,50,2.5,0.5138493262137275,0.09128305429261385,10
nt,M12,tl5.00_gl0.10_pr2.50_c50,5,0.1,50,2.5,0.4798357437110873,0.10013743177522771,10
nt,M10,tl5.00_gl0.10_pr2.50_c50,5,0.1,50,2.5,0.5150805261225326,0.08853073796206923,10
nt,M4,tl5.00_gl0.10_pr2.50_c50,5,0.1,50,2.5,0.5357169877912071,0.13296077250810312,10
nt,M2,tl5.00_gl0.10_pr2.50_c50,5,0.1,50,2.5,0.5101518937254723,0.11498675736631236,10
nt,M3,tl5.00_gl0.10_pr2.50_c50,5,0.1,50,2.5,0.5090750648914051,0.11240461426343301,10
nt,M5,tl5.00_gl0.10_pr2.50_c50,5,0.1,50,2.5,0.5400283913315697,0.09907877858729719,10
nt,M6,tl5.00_gl0.10_pr2.50_c50,5,0.1,50,2.5,0.5172034151045162,0.12582379381101638,10
nt,M8 (NT baseline),tl5.00_gl0.10_pr2.50_c50,5,0.1,50,2.5,0.515807430684429,0.08946981700236778,10
nt,M7,tl5.00_gl0.10_pr2.50_c50,5,0.1,50,2.5,0.5147297258837724,0.09332794260399413,8
nt,M9,tl5.00_gl0.10_pr5.00_c100,5,0.1,100,5,0.3131511673724229,0.0389947705320704,7
nt,M3,tl5.00_gl0.10_pr5.00_c100,5,0.1,100,5,0.3357048194681179,0.09378140813704855,10
nt,M10,tl5.00_gl0.10_pr5.00_c100,5,0.1,100,5,0.31002173885225504,0.03537832993350842,10
nt,M7,tl5.00_gl0.10_pr5.00_c100,5,0.1,100,5,0.3132510804553646,0.03221234545712087,10
nt,M11,tl5.00_gl0.10_pr5.00_c100,5,0.1,100,5,0.29023619581650073,0.09766166244033753,10
nt,M1 (Mk baseline),tl5.00_gl0.10_pr5.00_c100,5,0.1,100,5,0.3239100717410478,0.08738019829834837,10
nt,M4,tl5.00_gl0.10_pr5.00_c100,5,0.1,100,5,0.3129093519905348,0.08338555560844901,10
nt,M5,tl5.00_gl0.10_pr5.00_c100,5,0.1,100,5,0.318160488077068,0.08350305694546017,10
nt,M8 (NT baseline),tl5.00_gl0.10_pr5.00_c100,5,0.1,100,5,0.3137729088940388,0.035808991302613336,10
nt,M2,tl5.00_gl0.10_pr5.00_c100,5,0.1,100,5,0.2975713404160453,0.03930622005101314,10
nt,M6,tl5.00_gl0.10_pr5.00_c100,5,0.1,100,5,0.30610292644802595,0.04335870285780258,10
nt,M12,tl5.00_gl0.10_pr5.00_c100,5,0.1,100,5,0.30489099382783336,0.07624486546288078,10
nt,M6,tl5.00_gl0.10_pr5.00_c200,5,0.1,200,5,0.1946695709615881,0.0631566825833291,10
nt,M1 (Mk baseline),tl5.00_gl0.10_pr5.00_c200,5,0.1,200,5,0.2076776271304314,0.06469404568280984,10
nt,M12,tl5.00_gl0.10_pr5.00_c200,5,0.1,200,5,0.19510303668815937,0.06895375817365917,10
nt,M5,tl5.00_gl0.10_pr5.00_c200,5,0.1,200,5,0.19543472809247808,0.07143427761031104,10
nt,M8 (NT baseline),tl5.00_gl0.10_pr5.00_c200,5,0.1,200,5,0.1998754461752496,0.08006738385518958,10
nt,M4,tl5.00_gl0.10_pr5.00_c200,5,0.1,200,5,0.19510303668815937,0.06895375817365917,10
nt,M3,tl5.00_gl0.10_pr5.00_c200,5,0.1,200,5,0.20283814004277556,0.06544931540534221,10
nt,M9,tl5.00_gl0.10_pr5.00_c200,5,0.1,200,5,0.17810682450706417,0.07960320674064883,5
nt,M7,tl5.00_gl0.10_pr5.00_c200,5,0.1,200,5,0.2017132732335827,0.07756464568747329,10
nt,M11,tl5.00_gl0.10_pr5.00_c200,5,0.1,200,5,0.21055232939767032,0.06018463995227111,10
nt,M10,tl5.00_gl0.10_pr5.00_c200,5,0.1,200,5,0.20085639420343857,0.07766109478346483,10
nt,M2,tl5.00_gl0.10_pr5.00_c200,5,0.1,200,5,0.2034755335371231,0.06293398160442285,10
nt,M5,tl5.00_gl0.10_pr5.00_c25,5,0.1,25,5,0.6549990239077501,0.05083481328791151,10
nt,M12,tl5.00_gl0.10_pr5.00_c25,5,0.1,25,5,0.6261023451852488,0.07234886204486768,10
nt,M4,tl5.00_gl0.10_pr5.00_c25,5,0.1,25,5,0.6400648103182507,0.05297006440701946,10
nt,M2,tl5.00_gl0.10_pr5.00_c25,5,0.1,25,5,0.6442422629497319,0.08508934099483056,10
nt,M10,tl5.00_gl0.10_pr5.00_c25,5,0.1,25,5,0.6509002150994299,0.08778412426063387,10
nt,M7,tl5.00_gl0.10_pr5.00_c25,5,0.1,25,5,0.6505149900134113,0.09699025141615014,9
nt,M6,tl5.00_gl0.10_pr5.00_c25,5,0.1,25,5,0.6386841525945375,0.08347352604195957,10
nt,M11,tl5.00_gl0.10_pr5.00_c25,5,0.1,25,5,0.6205548811980517,0.08506927322237523,10
nt,M3,tl5.00_gl0.10_pr5.00_c25,5,0.1,25,5,0.6490872729671912,0.06776012414144561,10
nt,M8 (NT baseline),tl5.00_gl0.10_pr5.00_c25,5,0.1,25,5,0.6552944684898905,0.0884663412936203,10
nt,M1 (Mk baseline),tl5.00_gl0.10_pr5.00_c25,5,0.1,25,5,0.660714753831918,0.07448684797557426,10
nt,M9,tl5.00_gl0.10_pr5.00_c25,5,0.1,25,5,0.6528503539676715,0.08552130045232387,10
nt,M2,tl5.00_gl0.10_pr5.00_c50,5,0.1,50,5,0.47504087678397555,0.1397470684620895,10
nt,M12,tl5.00_gl0.10_pr5.00_c50,5,0.1,50,5,0.46391900480548753,0.14942288766418765,10
nt,M7,tl5.00_gl0.10_pr5.00_c50,5,0.1,50,5,0.4713246836611146,0.135955020458414,9
nt,M9,tl5.00_gl0.10_pr5.00_c50,5,0.1,50,5,0.4840928893044851,0.11381873607730986,10
nt,M5,tl5.00_gl0.10_pr5.00_c50,5,0.1,50,5,0.48672715994584725,0.13915449390304463,10
nt,M11,tl5.00_gl0.10_pr5.00_c50,5,0.1,50,5,0.45901116685267473,0.16879794963204592,10
nt,M1 (Mk baseline),tl5.00_gl0.10_pr5.00_c50,5,0.1,50,5,0.47426636960507323,0.1498031262892333,10
nt,M6,tl5.00_gl0.10_pr5.00_c50,5,0.1,50,5,0.4787682411579785,0.12230244338751206,10
nt,M8 (NT baseline),tl5.00_gl0.10_pr5.00_c50,5,0.1,50,5,0.48141895755188335,0.11366924266681011,10
nt,M4,tl5.00_gl0.10_pr5.00_c50,5,0.1,50,5,0.4830407840786024,0.1329796607659579,10
nt,M3,tl5.00_gl0.10_pr5.00_c50,5,0.1,50,5,0.48291645905338737,0.16104903681780408,10
nt,M10,tl5.00_gl0.10_pr5.00_c50,5,0.1,50,5,0.4844576894393287,0.11279500169273204,10
nt,M5,tl5.00_gl0.25_pr1.00_c100,5,0.25,100,1,0.3067657062923441,0.09580231066362754,10
nt,M11,tl5.00_gl0.25_pr1.00_c100,5,0.25,100,1,0.2820622386780443,0.07179385093566071,10
nt,M6,tl5.00_gl0.25_pr1.00_c100,5,0.25,100,1,0.29937613833614596,0.038101621316082745,10
nt,M10,tl5.00_gl0.25_pr1.00_c100,5,0.25,100,1,0.2972783452514329,0.06520260330535882,10
nt,M3,tl5.00_gl0.25_pr1.00_c100,5,0.25,100,1,0.3129773914964842,0.08364922173370876,10
nt,M2,tl5.00_gl0.25_pr1.00_c100,5,0.25,100,1,0.2982762760358194,0.04300457419003484,10
nt,M9,tl5.00_gl0.25_pr1.00_c100,5,0.25,100,1,0.297129490642722,0.05772076603362569,10
nt,M8 (NT baseline),tl5.00_gl0.25_pr1.00_c100,5,0.25,100,1,0.2958434629257749,0.06206813015267809,10
nt,M4,tl5.00_gl0.25_pr1.00_c100,5,0.25,100,1,0.2985874068595743,0.07892299266450342,10
nt,M7,tl5.00_gl0.25_pr1.00_c100,5,0.25,100,1,0.29960864618172467,0.06348167066674604,10
nt,M12,tl5.00_gl0.25_pr1.00_c100,5,0.25,100,1,0.26455099594849196,0.07461717759277464,10
nt,M1 (Mk baseline),tl5.00_gl0.25_pr1.00_c100,5,0.25,100,1,0.3022794018603213,0.07565823634252733,10
nt,M6,tl5.00_gl0.25_pr1.00_c200,5,0.25,200,1,0.21371117378179882,0.08390011973901298,10
nt,M10,tl5.00_gl0.25_pr1.00_c200,5,0.25,200,1,0.20803171354157335,0.07332638866441976,10
nt,M3,tl5.00_gl0.25_pr1.00_c200,5,0.25,200,1,0.20778722226462198,0.09740897898389039,10
nt,M2,tl5.00_gl0.25_pr1.00_c200,5,0.25,200,1,0.21189815845972398,0.08419106961085426,10
nt,M7,tl5.00_gl0.25_pr1.00_c200,5,0.25,200,1,0.20769941096664715,0.07618806850114632,10
nt,M4,tl5.00_gl0.25_pr1.00_c200,5,0.25,200,1,0.2119578624603038,0.10826978560235723,10
nt,M9,tl5.00_gl0.25_pr1.00_c200,5,0.25,200,1,0.14383206503705814,0,1
nt,M11,tl5.00_gl0.25_pr1.00_c200,5,0.25,200,1,0.2053880946427757,0.11151173549882479,10
nt,M12,tl5.00_gl0.25_pr1.00_c200,5,0.25,200,1,0.2119578624603038,0.10826978560235723,10
nt,M1 (Mk baseline),tl5.00_gl0.25_pr1.00_c200,5,0.25,200,1,0.21242673220335673,0.10956370297952531,10
nt,M5,tl5.00_gl0.25_pr1.00_c200,5,0.25,200,1,0.21436670498993177,0.08492797913126279,10
nt,M8 (NT baseline),tl5.00_gl0.25_pr1.00_c200,5,0.25,200,1,0.2080200820786627,0.07314249970035969,10
nt,M3,tl5.00_gl0.25_pr1.00_c25,5,0.25,25,1,0.6379708962007444,0.10117214500660332,10
nt,M5,tl5.00_gl0.25_pr1.00_c25,5,0.25,25,1,0.647566088713359,0.10706614628046207,10
nt,M2,tl5.00_gl0.25_pr1.00_c25,5,0.25,25,1,0.6174798789999734,0.10954525591439057,9
nt,M10,tl5.00_gl0.25_pr1.00_c25,5,0.25,25,1,0.628832187854151,0.08435537205973542,10
nt,M7,tl5.00_gl0.25_pr1.00_c25,5,0.25,25,1,0.6264611299861989,0.0720491720373515,9
nt,M6,tl5.00_gl0.25_pr1.00_c25,5,0.25,25,1,0.6252001933254572,0.0892072106275067,10
nt,M11,tl5.00_gl0.25_pr1.00_c25,5,0.25,25,1,0.5995666493513545,0.0995027792613079,10
nt,M9,tl5.00_gl0.25_pr1.00_c25,5,0.25,25,1,0.6246509504053126,0.08354430951664604,10
nt,M12,tl5.00_gl0.25_pr1.00_c25,5,0.25,25,1,0.6136956179127493,0.1259229358882188,10
nt,M1 (Mk baseline),tl5.00_gl0.25_pr1.00_c25,5,0.25,25,1,0.6367861927080629,0.11446847110032732,10
nt,M4,tl5.00_gl0.25_pr1.00_c25,5,0.25,25,1,0.6415961975620929,0.12271512487323466,10
nt,M8 (NT baseline),tl5.00_gl0.25_pr1.00_c25,5,0.25,25,1,0.627160752667705,0.08818694886783485,10
nt,M7,tl5.00_gl0.25_pr1.00_c50,5,0.25,50,1,0.47054663681525766,0.051855678084914536,9
nt,M5,tl5.00_gl0.25_pr1.00_c50,5,0.25,50,1,0.4867444259168792,0.07912175632188839,10
nt,M8 (NT baseline),tl5.00_gl0.25_pr1.00_c50,5,0.25,50,1,0.46563980318165754,0.04765791091080829,10
nt,M6,tl5.00_gl0.25_pr1.00_c50,5,0.25,50,1,0.4850670984046591,0.05004156999783005,10
nt,M1 (Mk baseline),tl5.00_gl0.25_pr1.00_c50,5,0.25,50,1,0.5012612203544347,0.09047533375487138,10
nt,M9,tl5.00_gl0.25_pr1.00_c50,5,0.25,50,1,0.47077301376136405,0.0400155181755667,10
nt,M2,tl5.00_gl0.25_pr1.00_c50,5,0.25,50,1,0.4906692119682062,0.04923687462829862,10
nt,M12,tl5.00_gl0.25_pr1.00_c50,5,0.25,50,1,0.4900589852073877,0.08797268224190424,10
nt,M10,tl5.00_gl0.25_pr1.00_c50,5,0.25,50,1,0.46563643821958434,0.04988819373910036,10
nt,M11,tl5.00_gl0.25_pr1.00_c50,5,0.25,50,1,0.4990711602705658,0.09441512777775662,10
nt,M4,tl5.00_gl0.25_pr1.00_c50,5,0.25,50,1,0.49878422432091646,0.08023032596955976,10
nt,M3,tl5.00_gl0.25_pr1.00_c50,5,0.25,50,1,0.4981073547804951,0.07899471684848669,10
nt,M11,tl5.00_gl0.25_pr2.50_c100,5,0.25,100,2.5,0.28647401427895114,0.15524490385766987,10
nt,M4,tl5.00_gl0.25_pr2.50_c100,5,0.25,100,2.5,0.3249675479247794,0.13878059214864058,10
nt,M6,tl5.00_gl0.25_pr2.50_c100,5,0.25,100,2.5,0.31486761921861706,0.07554865875042344,10
nt,M5,tl5.00_gl0.25_pr2.50_c100,5,0.25,100,2.5,0.31514371906942784,0.1302264285259661,10
nt,M3,tl5.00_gl0.25_pr2.50_c100,5,0.25,100,2.5,0.3115859004530563,0.1556038069766385,10
nt,M8 (NT baseline),tl5.00_gl0.25_pr2.50_c100,5,0.25,100,2.5,0.30245845749979594,0.07282261443600685,10
nt,M2,tl5.00_gl0.25_pr2.50_c100,5,0.25,100,2.5,0.30858225288892793,0.07456727489044757,10
nt,M12,tl5.00_gl0.25_pr2.50_c100,5,0.25,100,2.5,0.2830598931921559,0.08915618908277051,10
nt,M1 (Mk baseline),tl5.00_gl0.25_pr2.50_c100,5,0.25,100,2.5,0.32081243969077455,0.15383469593040072,10
nt,M9,tl5.00_gl0.25_pr2.50_c100,5,0.25,100,2.5,0.3018017166711935,0.07188577001903002,10
nt,M10,tl5.00_gl0.25_pr2.50_c100,5,0.25,100,2.5,0.3009342359657503,0.07596997044094445,10
nt,M7,tl5.00_gl0.25_pr2.50_c100,5,0.25,100,2.5,0.30188876749880084,0.0761838951653323,10
nt,M4,tl5.00_gl0.25_pr2.50_c200,5,0.25,200,2.5,0.19384334955227317,0.10586303832863003,10
nt,M2,tl5.00_gl0.25_pr2.50_c200,5,0.25,200,2.5,0.17314379790105158,0.0704936683501037,10
nt,M8 (NT baseline),tl5.00_gl0.25_pr2.50_c200,5,0.25,200,2.5,0.16496817477069298,0.08169302849857668,10
nt,M12,tl5.00_gl0.25_pr2.50_c200,5,0.25,200,2.5,0.19384334955227317,0.10586303832863003,10
nt,M11,tl5.00_gl0.25_pr2.50_c200,5,0.25,200,2.5,0.16942642357428955,0.11837462969543264,10
nt,M6,tl5.00_gl0.25_pr2.50_c200,5,0.25,200,2.5,0.16935700568703205,0.06958900290346642,10
nt,M9,tl5.00_gl0.25_pr2.50_c200,5,0.25,200,2.5,0.17093561137082977,0,1
nt,M5,tl5.00_gl0.25_pr2.50_c200,5,0.25,200,2.5,0.18779954019211242,0.10208784515363933,10
nt,M1 (Mk baseline),tl5.00_gl0.25_pr2.50_c200,5,0.25,200,2.5,0.19042669311906749,0.11088733226768482,10
nt,M7,tl5.00_gl0.25_pr2.50_c200,5,0.25,200,2.5,0.16579828028328297,0.08157596881355159,10
nt,M10,tl5.00_gl0.25_pr2.50_c200,5,0.25,200,2.5,0.16738129927499962,0.08094482734738526,10
nt,M3,tl5.00_gl0.25_pr2.50_c200,5,0.25,200,2.5,0.18642181371227606,0.09728268480248403,10
nt,M3,tl5.00_gl0.25_pr2.50_c25,5,0.25,25,2.5,0.6224688746732291,0.04446102997799983,10
nt,M4,tl5.00_gl0.25_pr2.50_c25,5,0.25,25,2.5,0.6181408997723792,0.027275102751005753,10
nt,M11,tl5.00_gl0.25_pr2.50_c25,5,0.25,25,2.5,0.5887049433560189,0.03091413484837613,10
nt,M6,tl5.00_gl0.25_pr2.50_c25,5,0.25,25,2.5,0.6165209322345511,0.0388292461029911,10
nt,M2,tl5.00_gl0.25_pr2.50_c25,5,0.25,25,2.5,0.6211392141618919,0.023840532646652868,10
nt,M8 (NT baseline),tl5.00_gl0.25_pr2.50_c25,5,0.25,25,2.5,0.6208086084803417,0.03935492610963387,10
nt,M7,tl5.00_gl0.25_pr2.50_c25,5,0.25,25,2.5,0.6202857866994205,0.03708555130485214,9
nt,M5,tl5.00_gl0.25_pr2.50_c25,5,0.25,25,2.5,0.6214858665497457,0.03338539169603849,10
nt,M12,tl5.00_gl0.25_pr2.50_c25,5,0.25,25,2.5,0.6013906419708763,0.053305142776778,10
nt,M9,tl5.00_gl0.25_pr2.50_c25,5,0.25,25,2.5,0.6238033819938094,0.03878533007082352,10
nt,M1 (Mk baseline),tl5.00_gl0.25_pr2.50_c25,5,0.25,25,2.5,0.6222864270123584,0.0418929699709889,10
nt,M10,tl5.00_gl0.25_pr2.50_c25,5,0.25,25,2.5,0.6189975901642524,0.03982408232712531,10
nt,M4,tl5.00_gl0.25_pr2.50_c50,5,0.25,50,2.5,0.47044659201831174,0.0667612276677671,10
nt,M7,tl5.00_gl0.25_pr2.50_c50,5,0.25,50,2.5,0.4503106079693654,0.040815655746191726,10
nt,M12,tl5.00_gl0.25_pr2.50_c50,5,0.25,50,2.5,0.4261821229246463,0.08346764527461187,10
nt,M9,tl5.00_gl0.25_pr2.50_c50,5,0.25,50,2.5,0.44614295380300467,0.04096323785540029,10
nt,M11,tl5.00_gl0.25_pr2.50_c50,5,0.25,50,2.5,0.43189122965463844,0.058995941328057966,10
nt,M5,tl5.00_gl0.25_pr2.50_c50,5,0.25,50,2.5,0.47082259275155647,0.06264612390659141,10
nt,M10,tl5.00_gl0.25_pr2.50_c50,5,0.25,50,2.5,0.4485555157492533,0.03636996723444308,10
nt,M3,tl5.00_gl0.25_pr2.50_c50,5,0.25,50,2.5,0.4772837502571418,0.07923404873736584,10
nt,M8 (NT baseline),tl5.00_gl0.25_pr2.50_c50,5,0.25,50,2.5,0.45019307360545335,0.03920677145811963,10
nt,M1 (Mk baseline),tl5.00_gl0.25_pr2.50_c50,5,0.25,50,2.5,0.4736591162196838,0.06647400626176775,10
nt,M2,tl5.00_gl0.25_pr2.50_c50,5,0.25,50,2.5,0.4516323676419739,0.046576074094943465,10
nt,M6,tl5.00_gl0.25_pr2.50_c50,5,0.25,50,2.5,0.4479309152631118,0.04167254850731261,10
nt,M5,tl5.00_gl0.25_pr5.00_c100,5,0.25,100,5,0.26412331854217946,0.05935029647937867,10
nt,M2,tl5.00_gl0.25_pr5.00_c100,5,0.25,100,5,0.26057742369940073,0.05998874338801735,10
nt,M6,tl5.00_gl0.25_pr5.00_c100,5,0.25,100,5,0.2576694802896212,0.04976261746105112,10
nt,M12,tl5.00_gl0.25_pr5.00_c100,5,0.25,100,5,0.24928152730330144,0.051218384804678274,10
nt,M8 (NT baseline),tl5.00_gl0.25_pr5.00_c100,5,0.25,100,5,0.2566769904365528,0.04950355432681541,10
nt,M11,tl5.00_gl0.25_pr5.00_c100,5,0.25,100,5,0.2730631512598185,0.08130084727113177,10
nt,M9,tl5.00_gl0.25_pr5.00_c100,5,0.25,100,5,0.26041233248616846,0.04266094870293957,7
nt,M10,tl5.00_gl0.25_pr5.00_c100,5,0.25,100,5,0.25602951314571826,0.05696651989543447,10
nt,M3,tl5.00_gl0.25_pr5.00_c100,5,0.25,100,5,0.30265632416527255,0.0563311519355979,10
nt,M1 (Mk baseline),tl5.00_gl0.25_pr5.00_c100,5,0.25,100,5,0.3066416226475789,0.07182315750173335,10
nt,M7,tl5.00_gl0.25_pr5.00_c100,5,0.25,100,5,0.2600132548983888,0.05110276425685384,10
nt,M4,tl5.00_gl0.25_pr5.00_c100,5,0.25,100,5,0.2772951287596341,0.06463841651917102,10
nt,M12,tl5.00_gl0.25_pr5.00_c200,5,0.25,200,5,0.19993665520178538,0.08538435812456183,10
nt,M7,tl5.00_gl0.25_pr5.00_c200,5,0.25,200,5,0.21628636946556618,0.07086841547351302,9
nt,M2,tl5.00_gl0.25_pr5.00_c200,5,0.25,200,5,0.19651597102914814,0.059860641931140185,10
nt,M9,tl5.00_gl0.25_pr5.00_c200,5,0.25,200,5,0.15788937518114537,0.04195197477474111,3
nt,M4,tl5.00_gl0.25_pr5.00_c200,5,0.25,200,5,0.19993665520178538,0.08538435812456183,10
nt,M3,tl5.00_gl0.25_pr5.00_c200,5,0.25,200,5,0.21637280264832282,0.10136407459026617,10
nt,M8 (NT baseline),tl5.00_gl0.25_pr5.00_c200,5,0.25,200,5,0.18686313380873343,0.07765050414003499,10
nt,M1 (Mk baseline),tl5.00_gl0.25_pr5.00_c200,5,0.25,200,5,0.20565303968667037,0.12854892083025823,10
nt,M11,tl5.00_gl0.25_pr5.00_c200,5,0.25,200,5,0.20279400858936902,0.10750996252500161,10
nt,M10,tl5.00_gl0.25_pr5.00_c200,5,0.25,200,5,0.18643883449713128,0.07318050821157437,10
nt,M6,tl5.00_gl0.25_pr5.00_c200,5,0.25,200,5,0.18763094714823406,0.0494531029845765,10
nt,M5,tl5.00_gl0.25_pr5.00_c200,5,0.25,200,5,0.1838439346688994,0.0997275114359687,10
nt,M9,tl5.00_gl0.25_pr5.00_c25,5,0.25,25,5,0.662893217356939,0.07858330573606032,10
nt,M12,tl5.00_gl0.25_pr5.00_c25,5,0.25,25,5,0.6569855811945098,0.12697794355471004,10
nt,M2,tl5.00_gl0.25_pr5.00_c25,5,0.25,25,5,0.6575381801755766,0.08401973928994289,10
nt,M4,tl5.00_gl0.25_pr5.00_c25,5,0.25,25,5,0.6622410584442039,0.06243854800206505,10
nt,M10,tl5.00_gl0.25_pr5.00_c25,5,0.25,25,5,0.6609681291125984,0.07685925557437301,10
nt,M7,tl5.00_gl0.25_pr5.00_c25,5,0.25,25,5,0.6660067977886083,0.042683140407035136,8
nt,M6,tl5.00_gl0.25_pr5.00_c25,5,0.25,25,5,0.6569718793208126,0.06737322936129875,10
nt,M5,tl5.00_gl0.25_pr5.00_c25,5,0.25,25,5,0.6607823950960834,0.07696856302365529,10
nt,M11,tl5.00_gl0.25_pr5.00_c25,5,0.25,25,5,0.6409994325617907,0.0882211252929157,10
nt,M8 (NT baseline),tl5.00_gl0.25_pr5.00_c25,5,0.25,25,5,0.6632332069713396,0.07767474580781542,10
nt,M1 (Mk baseline),tl5.00_gl0.25_pr5.00_c25,5,0.25,25,5,0.6620899851614412,0.06890854773516442,10
nt,M3,tl5.00_gl0.25_pr5.00_c25,5,0.25,25,5,0.6658929574001893,0.07621559748845441,10
nt,M4,tl5.00_gl0.25_pr5.00_c50,5,0.25,50,5,0.4553362414299421,0.07768442863897135,10
nt,M1 (Mk baseline),tl5.00_gl0.25_pr5.00_c50,5,0.25,50,5,0.44652237402752193,0.09523053534065373,10
nt,M2,tl5.00_gl0.25_pr5.00_c50,5,0.25,50,5,0.4389743163086207,0.040543633687044334,10
nt,M6,tl5.00_gl0.25_pr5.00_c50,5,0.25,50,5,0.4301154709194691,0.0640552243481548,10
nt,M5,tl5.00_gl0.25_pr5.00_c50,5,0.25,50,5,0.4442643049057357,0.08717441334525333,10
nt,M11,tl5.00_gl0.25_pr5.00_c50,5,0.25,50,5,0.408107053902916,0.14534220540286236,10
nt,M3,tl5.00_gl0.25_pr5.00_c50,5,0.25,50,5,0.4500892864176107,0.07312392941880475,10
nt,M12,tl5.00_gl0.25_pr5.00_c50,5,0.25,50,5,0.4158485982878083,0.09008123078362218,10
nt,M9,tl5.00_gl0.25_pr5.00_c50,5,0.25,50,5,0.4372735966352362,0.03804962493274189,10
nt,M8 (NT baseline),tl5.00_gl0.25_pr5.00_c50,5,0.25,50,5,0.4401518316445122,0.039598930923897435,10
nt,M7,tl5.00_gl0.25_pr5.00_c50,5,0.25,50,5,0.4374290118854923,0.04289854786332681,9
nt,M10,tl5.00_gl0.25_pr5.00_c50,5,0.25,50,5,0.43653033309449585,0.038933815674581096,10
nt,M11,tl5.00_gl0.50_pr1.00_c100,5,0.5,100,1,0.25948813596796044,0.07387377379715596,10
nt,M8 (NT baseline),tl5.00_gl0.50_pr1.00_c100,5,0.5,100,1,0.29212565588439665,0.03840446347184656,10
nt,M7,tl5.00_gl0.50_pr1.00_c100,5,0.5,100,1,0.2911398263354514,0.04479593064689685,10
nt,M4,tl5.00_gl0.50_pr1.00_c100,5,0.5,100,1,0.28275113748756625,0.024960209070600037,5
nt,M1 (Mk baseline),tl5.00_gl0.50_pr1.00_c100,5,0.5,100,1,0.2931459965692109,0.04354333413212663,10
nt,M9,tl5.00_gl0.50_pr1.00_c100,5,0.5,100,1,0.2924556749948511,0.040816765450872705,10
nt,M10,tl5.00_gl0.50_pr1.00_c100,5,0.5,100,1,0.2921747369420682,0.04228454277709731,10
nt,M12,tl5.00_gl0.50_pr1.00_c100,5,0.5,100,1,0.26591816487713427,0.0545785019666373,10
nt,M5,tl5.00_gl0.50_pr1.00_c100,5,0.5,100,1,0.29535007234167476,0.038582919375471425,10
nt,M3,tl5.00_gl0.50_pr1.00_c100,5,0.5,100,1,0.2996924900155184,0.035624979279478663,10
nt,M6,tl5.00_gl0.50_pr1.00_c100,5,0.5,100,1,0.29542751951950275,0.03994473433156753,10
nt,M2,tl5.00_gl0.50_pr1.00_c100,5,0.5,100,1,0.2920059297003828,0.03489675406768944,10
nt,M11,tl5.00_gl0.50_pr1.00_c200,5,0.5,200,1,0.24885150366006956,0.08058242345975572,10
nt,M2,tl5.00_gl0.50_pr1.00_c200,5,0.5,200,1,0.231213350532317,0.0666693542205399,10
nt,M8 (NT baseline),tl5.00_gl0.50_pr1.00_c200,5,0.5,200,1,0.2278291097736105,0.07105225024560094,10
nt,M3,tl5.00_gl0.50_pr1.00_c200,5,0.5,200,1,0.24777252128292004,0.08909656991343967,10
nt,M10,tl5.00_gl0.50_pr1.00_c200,5,0.5,200,1,0.22657268289595575,0.07363780419224203,10
nt,M5,tl5.00_gl0.50_pr1.00_c200,5,0.5,200,1,0.24695963630070997,0.09504503317159374,10
nt,M6,tl5.00_gl0.50_pr1.00_c200,5,0.5,200,1,0.23160715853278513,0.0659272241534195,10
nt,M12,tl5.00_gl0.50_pr1.00_c200,5,0.5,200,1,0.2545992789543948,0.08471523048385965,10
nt,M1 (Mk baseline),tl5.00_gl0.50_pr1.00_c200,5,0.5,200,1,0.2542701833871816,0.08958876050991252,10
nt,M7,tl5.00_gl0.50_pr1.00_c200,5,0.5,200,1,0.22782495345690748,0.07035812253124918,10
nt,M4,tl5.00_gl0.50_pr1.00_c200,5,0.5,200,1,0.2545992789543948,0.08471523048385965,10
nt,M5,tl5.00_gl0.50_pr1.00_c25,5,0.5,25,1,0.5833733482752944,0.13261315529388829,10
nt,M2,tl5.00_gl0.50_pr1.00_c25,5,0.5,25,1,0.5768530722515879,0.10535776774996908,10
nt,M9,tl5.00_gl0.50_pr1.00_c25,5,0.5,25,1,0.5745210293256381,0.10344534252715054,10
nt,M11,tl5.00_gl0.50_pr1.00_c25,5,0.5,25,1,0.5295865326428889,0.0901114595825529,10
nt,M10,tl5.00_gl0.50_pr1.00_c25,5,0.5,25,1,0.5761533570825794,0.11488482443265224,10
nt,M8 (NT baseline),tl5.00_gl0.50_pr1.00_c25,5,0.5,25,1,0.576326341862069,0.11121823789793994,10
nt,M3,tl5.00_gl0.50_pr1.00_c25,5,0.5,25,1,0.597051791921867,0.13440001749055874,9
nt,M1 (Mk baseline),tl5.00_gl0.50_pr1.00_c25,5,0.5,25,1,0.5772650880153352,0.12839126583002813,10
nt,M4,tl5.00_gl0.50_pr1.00_c25,5,0.5,25,1,0.5836582525960057,0.13126001911888496,10
nt,M7,tl5.00_gl0.50_pr1.00_c25,5,0.5,25,1,0.5731186744482473,0.11008311060203069,10
nt,M6,tl5.00_gl0.50_pr1.00_c25,5,0.5,25,1,0.5783054706185531,0.10275165205332859,10
nt,M12,tl5.00_gl0.50_pr1.00_c25,5,0.5,25,1,0.5265243778954557,0.12535991472222363,10
nt,M9,tl5.00_gl0.50_pr1.00_c50,5,0.5,50,1,0.4268000120861969,0.0519695330148755,10
nt,M11,tl5.00_gl0.50_pr1.00_c50,5,0.5,50,1,0.43320851538361205,0.07133007371345601,10
nt,M5,tl5.00_gl0.50_pr1.00_c50,5,0.5,50,1,0.44532768840783105,0.06198581593295582,10
nt,M12,tl5.00_gl0.50_pr1.00_c50,5,0.5,50,1,0.4281128756873505,0.072981904899317,10
nt,M4,tl5.00_gl0.50_pr1.00_c50,5,0.5,50,1,0.44777213128157434,0.053372016333527006,10
nt,M3,tl5.00_gl0.50_pr1.00_c50,5,0.5,50,1,0.4458260161878175,0.05411193301973599,10
nt,M1 (Mk baseline),tl5.00_gl0.50_pr1.00_c50,5,0.5,50,1,0.44815353965075033,0.051555958505039245,10
nt,M8 (NT baseline),tl5.00_gl0.50_pr1.00_c50,5,0.5,50,1,0.4270416115278951,0.052309949700788505,10
nt,M6,tl5.00_gl0.50_pr1.00_c50,5,0.5,50,1,0.42248698380889005,0.05147223897385417,10
nt,M10,tl5.00_gl0.50_pr1.00_c50,5,0.5,50,1,0.4259876071107773,0.04712793403412008,10
nt,M2,tl5.00_gl0.50_pr1.00_c50,5,0.5,50,1,0.4243268836836869,0.04786290003647331,10
nt,M7,tl5.00_gl0.50_pr1.00_c50,5,0.5,50,1,0.4350772712331002,0.046432193901558005,9
nt,M9,tl5.00_gl0.50_pr2.50_c100,5,0.5,100,2.5,0.3048826561178294,0.05550367056672789,10
nt,M4,tl5.00_gl0.50_pr2.50_c100,5,0.5,100,2.5,0.31366686287608714,0.06527959948535933,10
nt,M6,tl5.00_gl0.50_pr2.50_c100,5,0.5,100,2.5,0.3021339570889412,0.05863795044312625,10
nt,M3,tl5.00_gl0.50_pr2.50_c100,5,0.5,100,2.5,0.31309716072497107,0.06090681319804364,10
nt,M12,tl5.00_gl0.50_pr2.50_c100,5,0.5,100,2.5,0.29500810188231197,0.057026350444358054,10
nt,M1 (Mk baseline),tl5.00_gl0.50_pr2.50_c100,5,0.5,100,2.5,0.3155327613707162,0.058902749258188725,10
nt,M10,tl5.00_gl0.50_pr2.50_c100,5,0.5,100,2.5,0.30935963054276994,0.05616178771584357,10
nt,M2,tl5.00_gl0.50_pr2.50_c100,5,0.5,100,2.5,0.3074635580262637,0.05525480236680258,10
nt,M11,tl5.00_gl0.50_pr2.50_c100,5,0.5,100,2.5,0.30559299801219614,0.051699853144640984,10
nt,M8 (NT baseline),tl5.00_gl0.50_pr2.50_c100,5,0.5,100,2.5,0.30977963878820036,0.054146598645105404,10
nt,M5,tl5.00_gl0.50_pr2.50_c100,5,0.5,100,2.5,0.31794954862820407,0.07180256007852698,10
nt,M7,tl5.00_gl0.50_pr2.50_c100,5,0.5,100,2.5,0.30770728650230733,0.05626360544261638,10
nt,M11,tl5.00_gl0.50_pr2.50_c200,5,0.5,200,2.5,0.1798055661662147,0.07088650961860005,10
nt,M4,tl5.00_gl0.50_pr2.50_c200,5,0.5,200,2.5,0.18424242915968594,0.047008818337847785,10
nt,M3,tl5.00_gl0.50_pr2.50_c200,5,0.5,200,2.5,0.18705687171064372,0.06564031616384769,10
nt,M5,tl5.00_gl0.50_pr2.50_c200,5,0.5,200,2.5,0.18050157034795708,0.05879497069762482,10
nt,M2,tl5.00_gl0.50_pr2.50_c200,5,0.5,200,2.5,0.18867092955642295,0.05179549439596692,10
nt,M1 (Mk baseline),tl5.00_gl0.50_pr2.50_c200,5,0.5,200,2.5,0.1875924769924341,0.061452239949074255,10
nt,M9,tl5.00_gl0.50_pr2.50_c200,5,0.5,200,2.5,0.16232656137753043,0.03210594495250618,3
nt,M12,tl5.00_gl0.50_pr2.50_c200,5,0.5,200,2.5,0.18424242915968594,0.047008818337847785,10
nt,M6,tl5.00_gl0.50_pr2.50_c200,5,0.5,200,2.5,0.18019174533033105,0.04655174260760564,10
nt,M7,tl5.00_gl0.50_pr2.50_c200,5,0.5,200,2.5,0.1839951374799505,0.047646631741968065,10
nt,M8 (NT baseline),tl5.00_gl0.50_pr2.50_c200,5,0.5,200,2.5,0.1846337900648488,0.04747249096225287,10
nt,M10,tl5.00_gl0.50_pr2.50_c200,5,0.5,200,2.5,0.18443034477200287,0.04571410250585517,10
nt,M11,tl5.00_gl0.50_pr2.50_c25,5,0.5,25,2.5,0.5655181794895592,0.0677439333749632,10
nt,M12,tl5.00_gl0.50_pr2.50_c25,5,0.5,25,2.5,0.6036074139002683,0.07116182089270484,10
nt,M5,tl5.00_gl0.50_pr2.50_c25,5,0.5,25,2.5,0.6099391082516792,0.04875445494602981,10
nt,M7,tl5.00_gl0.50_pr2.50_c25,5,0.5,25,2.5,0.5991469551736484,0.05627643544482419,10
nt,M1 (Mk baseline),tl5.00_gl0.50_pr2.50_c25,5,0.5,25,2.5,0.6087408146651547,0.05670422644501938,10
nt,M10,tl5.00_gl0.50_pr2.50_c25,5,0.5,25,2.5,0.5995537989333338,0.06164731011119706,10
nt,M2,tl5.00_gl0.50_pr2.50_c25,5,0.5,25,2.5,0.5905300030506317,0.04343557100371731,10
nt,M6,tl5.00_gl0.50_pr2.50_c25,5,0.5,25,2.5,0.5917016966764991,0.05879144422893634,10
nt,M3,tl5.00_gl0.50_pr2.50_c25,5,0.5,25,2.5,0.6105049191709007,0.05152150886599138,10
nt,M8 (NT baseline),tl5.00_gl0.50_pr2.50_c25,5,0.5,25,2.5,0.6000344933521715,0.0619884315295709,10
nt,M9,tl5.00_gl0.50_pr2.50_c25,5,0.5,25,2.5,0.6008294994632974,0.0568818745628028,10
nt,M4,tl5.00_gl0.50_pr2.50_c25,5,0.5,25,2.5,0.6098160430543726,0.05764113191713527,10
nt,M8 (NT baseline),tl5.00_gl0.50_pr2.50_c50,5,0.5,50,2.5,0.4490810210315213,0.09436444445139563,10
nt,M4,tl5.00_gl0.50_pr2.50_c50,5,0.5,50,2.5,0.4708706785449759,0.1123425866165989,10
nt,M3,tl5.00_gl0.50_pr2.50_c50,5,0.5,50,2.5,0.4896759216559625,0.08979930222022764,10
nt,M2,tl5.00_gl0.50_pr2.50_c50,5,0.5,50,2.5,0.45648584270672843,0.1007610578613502,10
nt,M7,tl5.00_gl0.50_pr2.50_c50,5,0.5,50,2.5,0.47787084219114717,0.09506873210848682,7
nt,M11,tl5.00_gl0.50_pr2.50_c50,5,0.5,50,2.5,0.4547979718657974,0.1350575174802091,10
nt,M9,tl5.00_gl0.50_pr2.50_c50,5,0.5,50,2.5,0.4535809424896745,0.09780258528274599,10
nt,M10,tl5.00_gl0.50_pr2.50_c50,5,0.5,50,2.5,0.4469047210913052,0.09332905045792633,10
nt,M5,tl5.00_gl0.50_pr2.50_c50,5,0.5,50,2.5,0.4737647858091877,0.09885669334447855,10
nt,M1 (Mk baseline),tl5.00_gl0.50_pr2.50_c50,5,0.5,50,2.5,0.4851813667874237,0.116199320577129,10
nt,M12,tl5.00_gl0.50_pr2.50_c50,5,0.5,50,2.5,0.43715245130780134,0.10414902620368927,10
nt,M6,tl5.00_gl0.50_pr2.50_c50,5,0.5,50,2.5,0.45156590573307515,0.09683545523606402,10
nt,M8 (NT baseline),tl5.00_gl0.50_pr5.00_c100,5,0.5,100,5,0.2906281786621215,0.10498732296859803,10
nt,M3,tl5.00_gl0.50_pr5.00_c100,5,0.5,100,5,0.33391175689520664,0.07829559734294567,10
nt,M5,tl5.00_gl0.50_pr5.00_c100,5,0.5,100,5,0.3389710965596728,0.09276944654348362,10
nt,M4,tl5.00_gl0.50_pr5.00_c100,5,0.5,100,5,0.3205918689820666,0.0873878677450109,10
nt,M11,tl5.00_gl0.50_pr5.00_c100,5,0.5,100,5,0.29193207351837747,0.06349091050226352,10
nt,M7,tl5.00_gl0.50_pr5.00_c100,5,0.5,100,5,0.2876182336086912,0.09854016369397728,10
nt,M2,tl5.00_gl0.50_pr5.00_c100,5,0.5,100,5,0.2909048250344398,0.07453338082611621,10
nt,M9,tl5.00_gl0.50_pr5.00_c100,5,0.5,100,5,0.2744192996062701,0.13217605799528953,5
nt,M10,tl5.00_gl0.50_pr5.00_c100,5,0.5,100,5,0.29211591481276844,0.10515219071791349,10
nt,M6,tl5.00_gl0.50_pr5.00_c100,5,0.5,100,5,0.29588692695673047,0.10333234494791416,10
nt,M12,tl5.00_gl0.50_pr5.00_c100,5,0.5,100,5,0.26723924549971134,0.11300158703260277,10
nt,M1 (Mk baseline),tl5.00_gl0.50_pr5.00_c100,5,0.5,100,5,0.33338379752287356,0.07499435523117232,10
nt,M8 (NT baseline),tl5.00_gl0.50_pr5.00_c200,5,0.5,200,5,0.15559766209545378,0.04949277553748127,10
nt,M6,tl5.00_gl0.50_pr5.00_c200,5,0.5,200,5,0.15422598652633673,0.041188767355765266,10
nt,M12,tl5.00_gl0.50_pr5.00_c200,5,0.5,200,5,0.1823027939900578,0.08124220254155481,10
nt,M1 (Mk baseline),tl5.00_gl0.50_pr5.00_c200,5,0.5,200,5,0.16515651373373919,0.0737436417234571,10
nt,M7,tl5.00_gl0.50_pr5.00_c200,5,0.5,200,5,0.1576660597833782,0.0510147961589249,10
nt,M10,tl5.00_gl0.50_pr5.00_c200,5,0.5,200,5,0.15809245815005063,0.04888630403398614,10
nt,M2,tl5.00_gl0.50_pr5.00_c200,5,0.5,200,5,0.14988911047088885,0.038392914442317794,10
nt,M9,tl5.00_gl0.50_pr5.00_c200,5,0.5,200,5,0.14534542713707527,0.00901797820248501,3
nt,M11,tl5.00_gl0.50_pr5.00_c200,5,0.5,200,5,0.15471478235880654,0.07354010350966544,10
nt,M5,tl5.00_gl0.50_pr5.00_c200,5,0.5,200,5,0.1802830385340204,0.0850271871814677,10
nt,M4,tl5.00_gl0.50_pr5.00_c200,5,0.5,200,5,0.1823027939900578,0.08124220254155481,10
nt,M3,tl5.00_gl0.50_pr5.00_c200,5,0.5,200,5,0.1665650199024228,0.06778913027684419,10
nt,M11,tl5.00_gl0.50_pr5.00_c25,5,0.5,25,5,0.5889625754274688,0.05899380372002594,10
nt,M6,tl5.00_gl0.50_pr5.00_c25,5,0.5,25,5,0.5987250711711879,0.08196842001277505,10
nt,M8 (NT baseline),tl5.00_gl0.50_pr5.00_c25,5,0.5,25,5,0.6050825044909407,0.08385410933221271,10
nt,M1 (Mk baseline),tl5.00_gl0.50_pr5.00_c25,5,0.5,25,5,0.62497217848962,0.0628685502596723,10
nt,M5,tl5.00_gl0.50_pr5.00_c25,5,0.5,25,5,0.6058541814779801,0.08155948723176087,10
nt,M12,tl5.00_gl0.50_pr5.00_c25,5,0.5,25,5,0.5914032574284189,0.055685035314820275,10
nt,M2,tl5.00_gl0.50_pr5.00_c25,5,0.5,25,5,0.6131950861486822,0.08181487511584984,10
nt,M9,tl5.00_gl0.50_pr5.00_c25,5,0.5,25,5,0.6091015505757673,0.08918385873959256,10
nt,M3,tl5.00_gl0.50_pr5.00_c25,5,0.5,25,5,0.6237281370379644,0.06361115820778884,10
nt,M10,tl5.00_gl0.50_pr5.00_c25,5,0.5,25,5,0.6054542875578102,0.08448425908844859,10
nt,M4,tl5.00_gl0.50_pr5.00_c25,5,0.5,25,5,0.5972926706870572,0.08184552083209407,10
nt,M7,tl5.00_gl0.50_pr5.00_c25,5,0.5,25,5,0.6074978816755547,0.0817356126037847,10
nt,M9,tl5.00_gl0.50_pr5.00_c50,5,0.5,50,5,0.47115915352438914,0.11420835650031286,10
nt,M1 (Mk baseline),tl5.00_gl0.50_pr5.00_c50,5,0.5,50,5,0.49424486272287066,0.11319061113293577,10
nt,M5,tl5.00_gl0.50_pr5.00_c50,5,0.5,50,5,0.476159406621597,0.12188460033329213,10
nt,M7,tl5.00_gl0.50_pr5.00_c50,5,0.5,50,5,0.48088466428439786,0.11784904794084261,9
nt,M10,tl5.00_gl0.50_pr5.00_c50,5,0.5,50,5,0.47011493248259006,0.11562034468347682,10
nt,M2,tl5.00_gl0.50_pr5.00_c50,5,0.5,50,5,0.4709499750623931,0.12754485898849233,10
nt,M12,tl5.00_gl0.50_pr5.00_c50,5,0.5,50,5,0.4627796832494494,0.09713739963017021,10
nt,M11,tl5.00_gl0.50_pr5.00_c50,5,0.5,50,5,0.4798951772890805,0.09391726940868617,10
nt,M6,tl5.00_gl0.50_pr5.00_c50,5,0.5,50,5,0.47105715503039725,0.12230819425691997,10
nt,M8 (NT baseline),tl5.00_gl0.50_pr5.00_c50,5,0.5,50,5,0.4695195382430326,0.11389877601213955,10
nt,M4,tl5.00_gl0.50_pr5.00_c50,5,0.5,50,5,0.47727979499853546,0.12134686681174128,10
nt,M3,tl5.00_gl0.50_pr5.00_c50,5,0.5,50,5,0.482115821595159,0.11138637047664124,10
nt,M9,tl5.00_gl1.00_pr1.00_c100,5,1,100,1,0.26799754795943687,0.054811865993209086,10
nt,M7,tl5.00_gl1.00_pr1.00_c100,5,1,100,1,0.2679983712562263,0.062492255460862456,10
nt,M11,tl5.00_gl1.00_pr1.00_c100,5,1,100,1,0.24086686249329584,0.05976126474455948,10
nt,M10,tl5.00_gl1.00_pr1.00_c100,5,1,100,1,0.26752359325871417,0.057938944911566814,10
nt,M8 (NT baseline),tl5.00_gl1.00_pr1.00_c100,5,1,100,1,0.26707048233107145,0.05457865164683473,10
nt,M3,tl5.00_gl1.00_pr1.00_c100,5,1,100,1,0.2698699925883321,0.05081329107928467,10
nt,M12,tl5.00_gl1.00_pr1.00_c100,5,1,100,1,0.25476063488299505,0.05752538535904683,10
nt,M4,tl5.00_gl1.00_pr1.00_c100,5,1,100,1,0.2688733002574272,0.041245609278294404,10
nt,M5,tl5.00_gl1.00_pr1.00_c100,5,1,100,1,0.26850063467581986,0.04390618788483025,10
nt,M2,tl5.00_gl1.00_pr1.00_c100,5,1,100,1,0.2644284016207,0.05383251739964845,10
nt,M6,tl5.00_gl1.00_pr1.00_c100,5,1,100,1,0.2664863313475255,0.05444263633426469,10
nt,M1 (Mk baseline),tl5.00_gl1.00_pr1.00_c100,5,1,100,1,0.2718918041713565,0.04513294876797347,10
nt,M1 (Mk baseline),tl5.00_gl1.00_pr1.00_c200,5,1,200,1,0.19648638987466394,0.09931537262781345,10
nt,M4,tl5.00_gl1.00_pr1.00_c200,5,1,200,1,0.19787899765798939,0.10110880403870603,10
nt,M8 (NT baseline),tl5.00_gl1.00_pr1.00_c200,5,1,200,1,0.1903506425565404,0.054913057628043604,10
nt,M11,tl5.00_gl1.00_pr1.00_c200,5,1,200,1,0.1868904708520914,0.10752371292346108,10
nt,M2,tl5.00_gl1.00_pr1.00_c200,5,1,200,1,0.19136822750762925,0.04752627059604142,10
nt,M3,tl5.00_gl1.00_pr1.00_c200,5,1,200,1,0.19768969919299417,0.09042335068891463,10
nt,M10,tl5.00_gl1.00_pr1.00_c200,5,1,200,1,0.1904182651873897,0.054902540739013767,10
nt,M7,tl5.00_gl1.00_pr1.00_c200,5,1,200,1,0.18967942443572394,0.059768285384538405,10
nt,M12,tl5.00_gl1.00_pr1.00_c200,5,1,200,1,0.19787899765798939,0.10110880403870603,10
nt,M6,tl5.00_gl1.00_pr1.00_c200,5,1,200,1,0.1896074643588526,0.05304995577458266,10
nt,M5,tl5.00_gl1.00_pr1.00_c200,5,1,200,1,0.19816082152593822,0.09728483752033051,10
nt,M4,tl5.00_gl1.00_pr1.00_c25,5,1,25,1,0.5667327118513668,0.13581766497202596,10
nt,M12,tl5.00_gl1.00_pr1.00_c25,5,1,25,1,0.5555698137428257,0.1501307838020302,10
nt,M6,tl5.00_gl1.00_pr1.00_c25,5,1,25,1,0.5608960822717481,0.10405632517688213,10
nt,M11,tl5.00_gl1.00_pr1.00_c25,5,1,25,1,0.5228270131935537,0.1498212302377167,10
nt,M10,tl5.00_gl1.00_pr1.00_c25,5,1,25,1,0.5512356523201196,0.10913814411203948,10
nt,M5,tl5.00_gl1.00_pr1.00_c25,5,1,25,1,0.5636788042607367,0.13372714084666548,10
nt,M8 (NT baseline),tl5.00_gl1.00_pr1.00_c25,5,1,25,1,0.5582338823313702,0.10774050986407702,10
nt,M7,tl5.00_gl1.00_pr1.00_c25,5,1,25,1,0.5542379362481331,0.10571811432789874,10
nt,M2,tl5.00_gl1.00_pr1.00_c25,5,1,25,1,0.5592205136278018,0.10915184829183455,10
nt,M9,tl5.00_gl1.00_pr1.00_c25,5,1,25,1,0.5605477102727694,0.1042449972731766,10
nt,M1 (Mk baseline),tl5.00_gl1.00_pr1.00_c25,5,1,25,1,0.5678524722478988,0.1489321765649131,10
nt,M3,tl5.00_gl1.00_pr1.00_c25,5,1,25,1,0.5653170225966628,0.14459194082039706,10
nt,M3,tl5.00_gl1.00_pr1.00_c50,5,1,50,1,0.457860989666054,0.10896761279297945,10
nt,M5,tl5.00_gl1.00_pr1.00_c50,5,1,50,1,0.4564230325382733,0.10871750569539634,10
nt,M2,tl5.00_gl1.00_pr1.00_c50,5,1,50,1,0.4517988644210661,0.09044993054816047,10
nt,M7,tl5.00_gl1.00_pr1.00_c50,5,1,50,1,0.4542561495000059,0.07913993193566443,10
nt,M11,tl5.00_gl1.00_pr1.00_c50,5,1,50,1,0.4103740492235342,0.0880458795166667,10
nt,M12,tl5.00_gl1.00_pr1.00_c50,5,1,50,1,0.4532611297623229,0.09239010757104432,10
nt,M4,tl5.00_gl1.00_pr1.00_c50,5,1,50,1,0.4576964184560843,0.11429858332723714,10
nt,M6,tl5.00_gl1.00_pr1.00_c50,5,1,50,1,0.4523665040000998,0.08209005944877656,10
nt,M8 (NT baseline),tl5.00_gl1.00_pr1.00_c50,5,1,50,1,0.45518855128445046,0.08101913509345865,10
nt,M1 (Mk baseline),tl5.00_gl1.00_pr1.00_c50,5,1,50,1,0.45757400337392556,0.10759851202895143,10
nt,M10,tl5.00_gl1.00_pr1.00_c50,5,1,50,1,0.4505642115755473,0.08004579558539487,10
nt,M9,tl5.00_gl1.00_pr1.00_c50,5,1,50,1,0.4590776535850699,0.0888579421552238,10
nt,M10,tl5.00_gl1.00_pr2.50_c100,5,1,100,2.5,0.287298091693235,0.05115506837559636,10
nt,M12,tl5.00_gl1.00_pr2.50_c100,5,1,100,2.5,0.2801164213986417,0.10239503458695559,10
nt,M9,tl5.00_gl1.00_pr2.50_c100,5,1,100,2.5,0.28836281939776615,0.05638281577518561,6
nt,M5,tl5.00_gl1.00_pr2.50_c100,5,1,100,2.5,0.30194759323434933,0.058856929531592495,10
nt,M7,tl5.00_gl1.00_pr2.50_c100,5,1,100,2.5,0.28422933905542547,0.0477345221575215,10
nt,M11,tl5.00_gl1.00_pr2.50_c100,5,1,100,2.5,0.2794484283346691,0.08732628845180546,10
nt,M8 (NT baseline),tl5.00_gl1.00_pr2.50_c100,5,1,100,2.5,0.28230998847021616,0.05057578680174135,10
nt,M6,tl5.00_gl1.00_pr2.50_c100,5,1,100,2.5,0.28180821480681,0.049235302775408996,10
nt,M3,tl5.00_gl1.00_pr2.50_c100,5,1,100,2.5,0.30616119741026254,0.05279090654138863,10
nt,M1 (Mk baseline),tl5.00_gl1.00_pr2.50_c100,5,1,100,2.5,0.30332190950168686,0.05523810801066886,10
nt,M4,tl5.00_gl1.00_pr2.50_c100,5,1,100,2.5,0.3030589022394149,0.056220574304482296,10
nt,M2,tl5.00_gl1.00_pr2.50_c100,5,1,100,2.5,0.28081275649804427,0.04779837886483301,10
nt,M8 (NT baseline),tl5.00_gl1.00_pr2.50_c200,5,1,200,2.5,0.1850768587152058,0.0854410868437317,10
nt,M9,tl5.00_gl1.00_pr2.50_c200,5,1,200,2.5,0.2053661472511431,0.031802652581300356,2
nt,M10,tl5.00_gl1.00_pr2.50_c200,5,1,200,2.5,0.18449071976140344,0.08935146035353553,10
nt,M5,tl5.00_gl1.00_pr2.50_c200,5,1,200,2.5,0.19236800016176542,0.09833183016777367,10
nt,M7,tl5.00_gl1.00_pr2.50_c200,5,1,200,2.5,0.1859967566727632,0.09293556367791059,10
nt,M12,tl5.00_gl1.00_pr2.50_c200,5,1,200,2.5,0.1978146935954202,0.09753366410781414,10
nt,M4,tl5.00_gl1.00_pr2.50_c200,5,1,200,2.5,0.1978146935954202,0.09753366410781414,10
nt,M11,tl5.00_gl1.00_pr2.50_c200,5,1,200,2.5,0.20237512917711387,0.06039160323462647,10
nt,M2,tl5.00_gl1.00_pr2.50_c200,5,1,200,2.5,0.18659471487871127,0.09128653172154938,10
nt,M3,tl5.00_gl1.00_pr2.50_c200,5,1,200,2.5,0.2101801764760863,0.07915791066691075,10
nt,M1 (Mk baseline),tl5.00_gl1.00_pr2.50_c200,5,1,200,2.5,0.20861839132643772,0.07979433159110974,10
nt,M6,tl5.00_gl1.00_pr2.50_c200,5,1,200,2.5,0.18528390241465054,0.08695727013094437,10
nt,M9,tl5.00_gl1.00_pr2.50_c25,5,1,25,2.5,0.5804846137817146,0.07484752292095576,10
nt,M7,tl5.00_gl1.00_pr2.50_c25,5,1,25,2.5,0.5894453707859688,0.05701142920232016,9
nt,M11,tl5.00_gl1.00_pr2.50_c25,5,1,25,2.5,0.5675092697268127,0.09935923415942954,10
nt,M1 (Mk baseline),tl5.00_gl1.00_pr2.50_c25,5,1,25,2.5,0.60112597400572,0.09706621993120956,10
nt,M3,tl5.00_gl1.00_pr2.50_c25,5,1,25,2.5,0.6011530595369248,0.1007553044356786,10
nt,M12,tl5.00_gl1.00_pr2.50_c25,5,1,25,2.5,0.5625880461015127,0.11342633377286393,10
nt,M4,tl5.00_gl1.00_pr2.50_c25,5,1,25,2.5,0.5984937085574614,0.09187550470137851,10
nt,M5,tl5.00_gl1.00_pr2.50_c25,5,1,25,2.5,0.5950587772935195,0.09363951665742198,10
nt,M6,tl5.00_gl1.00_pr2.50_c25,5,1,25,2.5,0.5688456911891053,0.06932170564903084,10
nt,M8 (NT baseline),tl5.00_gl1.00_pr2.50_c25,5,1,25,2.5,0.5807733023436635,0.07416074230506642,10
nt,M2,tl5.00_gl1.00_pr2.50_c25,5,1,25,2.5,0.5788352120522473,0.082710266448073555,10
nt,M10,tl5.00_gl1.00_pr2.50_c25,5,1,25,2.5,0.5768381102848767,0.07034885144443559,10
nt,M7,tl5.00_gl1.00_pr2.50_c50,5,1,50,2.5,0.4490619882656013,0.014129393485204034,9
nt,M4,tl5.00_gl1.00_pr2.50_c50,5,1,50,2.5,0.4588756714877644,0.05317367390611405,10
nt,M10,tl5.00_gl1.00_pr2.50_c50,5,1,50,2.5,0.4444939816954233,0.016044064026103477,10
nt,M3,tl5.00_gl1.00_pr2.50_c50,5,1,50,2.5,0.46571545237852907,0.05105238431634068,10
nt,M8 (NT baseline),tl5.00_gl1.00_pr2.50_c50,5,1,50,2.5,0.44529054667778456,0.01912592073813707,10
nt,M12,tl5.00_gl1.00_pr2.50_c50,5,1,50,2.5,0.4334064903528161,0.06484357619034425,10
nt,M6,tl5.00_gl1.00_pr2.50_c50,5,1,50,2.5,0.44020547549460176,0.02293297995180349,10
nt,M11,tl5.00_gl1.00_pr2.50_c50,5,1,50,2.5,0.4166153109205826,0.05783125807671652,10
nt,M2,tl5.00_gl1.00_pr2.50_c50,5,1,50,2.5,0.4518761012456926,0.029150187536132577,10
nt,M1 (Mk baseline),tl5.00_gl1.00_pr2.50_c50,5,1,50,2.5,0.46435549520564645,0.05350871251121825,10
nt,M9,tl5.00_gl1.00_pr2.50_c50,5,1,50,2.5,0.4461420689635911,0.018198656786487633,10
nt,M5,tl5.00_gl1.00_pr2.50_c50,5,1,50,2.5,0.45483619971206285,0.051345246116723586,10
nt,M10,tl5.00_gl1.00_pr5.00_c100,5,1,100,5,0.2777408513705858,0.06372699796766568,10
nt,M6,tl5.00_gl1.00_pr5.00_c100,5,1,100,5,0.2815797094850571,0.06512592940516271,10
nt,M8 (NT baseline),tl5.00_gl1.00_pr5.00_c100,5,1,100,5,0.2782549139968953,0.06834450919430457,10
nt,M11,tl5.00_gl1.00_pr5.00_c100,5,1,100,5,0.2810883297286062,0.12160728751144334,10
nt,M12,tl5.00_gl1.00_pr5.00_c100,5,1,100,5,0.26317901287084744,0.10721640044058989,10
nt,M9,tl5.00_gl1.00_pr5.00_c100,5,1,100,5,0.2826209343161926,0.06606812667841663,7
nt,M4,tl5.00_gl1.00_pr5.00_c100,5,1,100,5,0.29110718437564165,0.06693572808274467,10
nt,M3,tl5.00_gl1.00_pr5.00_c100,5,1,100,5,0.2995247362301253,0.07408719299602179,10
nt,M2,tl5.00_gl1.00_pr5.00_c100,5,1,100,5,0.2801955379674219,0.07623656414868246,10
nt,M1 (Mk baseline),tl5.00_gl1.00_pr5.00_c100,5,1,100,5,0.30141011708755705,0.07366392203039596,10
nt,M7,tl5.00_gl1.00_pr5.00_c100,5,1,100,5,0.2807168833965532,0.06367940276583067,10
nt,M5,tl5.00_gl1.00_pr5.00_c100,5,1,100,5,0.28996312460135265,0.060489460492724745,10
nt,M9,tl5.00_gl1.00_pr5.00_c200,5,1,200,5,0.15957212191178682,0.023307681303355754,4
nt,M4,tl5.00_gl1.00_pr5.00_c200,5,1,200,5,0.1742653197454435,0.06534755560299632,10
nt,M3,tl5.00_gl1.00_pr5.00_c200,5,1,200,5,0.1880423693003469,0.08731110583631552,10
nt,M11,tl5.00_gl1.00_pr5.00_c200,5,1,200,5,0.17535501245016696,0.09266146110787626,10
nt,M6,tl5.00_gl1.00_pr5.00_c200,5,1,200,5,0.16052211935531407,0.04080552022517203,10
nt,M8 (NT baseline),tl5.00_gl1.00_pr5.00_c200,5,1,200,5,0.15873660263433897,0.037410671574950594,10
nt,M12,tl5.00_gl1.00_pr5.00_c200,5,1,200,5,0.1742653197454435,0.06534755560299632,10
nt,M5,tl5.00_gl1.00_pr5.00_c200,5,1,200,5,0.17485984743313243,0.069553353790484,10
nt,M1 (Mk baseline),tl5.00_gl1.00_pr5.00_c200,5,1,200,5,0.1898397345390049,0.0861987367936917,10
nt,M10,tl5.00_gl1.00_pr5.00_c200,5,1,200,5,0.1587214610713228,0.035453790722459605,10
nt,M2,tl5.00_gl1.00_pr5.00_c200,5,1,200,5,0.16635160120986692,0.03829200874871305,10
nt,M7,tl5.00_gl1.00_pr5.00_c200,5,1,200,5,0.15961159298978794,0.036008962150932605,10
nt,M10,tl5.00_gl1.00_pr5.00_c25,5,1,25,5,0.595620056501232,0.039535332420118086,10
nt,M5,tl5.00_gl1.00_pr5.00_c25,5,1,25,5,0.6068701931724891,0.07556676352045544,10
nt,M12,tl5.00_gl1.00_pr5.00_c25,5,1,25,5,0.6064852196336135,0.07058976311506904,10
nt,M11,tl5.00_gl1.00_pr5.00_c25,5,1,25,5,0.6180601642735691,0.09638999646454371,10
nt,M7,tl5.00_gl1.00_pr5.00_c25,5,1,25,5,0.596668908508494,0.04398692204148791,10
nt,M6,tl5.00_gl1.00_pr5.00_c25,5,1,25,5,0.5951361861764435,0.03849889860245326,10
nt,M1 (Mk baseline),tl5.00_gl1.00_pr5.00_c25,5,1,25,5,0.6377166592415144,0.07055835007271849,10
nt,M3,tl5.00_gl1.00_pr5.00_c25,5,1,25,5,0.6358076609160199,0.058816980190368184,10
nt,M2,tl5.00_gl1.00_pr5.00_c25,5,1,25,5,0.6080137253771973,0.044478320267124394,10
nt,M8 (NT baseline),tl5.00_gl1.00_pr5.00_c25,5,1,25,5,0.5949342845001049,0.043585757585128615,10
nt,M4,tl5.00_gl1.00_pr5.00_c25,5,1,25,5,0.6049137415504497,0.0816598782547493,10
nt,M9,tl5.00_gl1.00_pr5.00_c25,5,1,25,5,0.5980466230666612,0.038648021746723105,10
nt,M11,tl5.00_gl1.00_pr5.00_c50,5,1,50,5,0.38035304920495605,0.11793600395475001,10
nt,M2,tl5.00_gl1.00_pr5.00_c50,5,1,50,5,0.4191375715104303,0.10171040946734194,10
nt,M10,tl5.00_gl1.00_pr5.00_c50,5,1,50,5,0.4225940866569268,0.0921336840889651,10
nt,M9,tl5.00_gl1.00_pr5.00_c50,5,1,50,5,0.42602399814088343,0.09067795871452572,10
nt,M8 (NT baseline),tl5.00_gl1.00_pr5.00_c50,5,1,50,5,0.425313095607015,0.08875729046319902,10
nt,M12,tl5.00_gl1.00_pr5.00_c50,5,1,50,5,0.3700481223559119,0.10886920707222658,10
nt,M7,tl5.00_gl1.00_pr5.00_c50,5,1,50,5,0.4155554034118797,0.08460654393317263,9
nt,M1 (Mk baseline),tl5.00_gl1.00_pr5.00_c50,5,1,50,5,0.4416078657492382,0.09236802875038297,10
nt,M4,tl5.00_gl1.00_pr5.00_c50,5,1,50,5,0.428228246761133,0.08944310888692325,10
nt,M3,tl5.00_gl1.00_pr5.00_c50,5,1,50,5,0.43928415357543404,0.08935091764583697,10
nt,M5,tl5.00_gl1.00_pr5.00_c50,5,1,50,5,0.4309803733962139,0.09068600208988808,10
nt,M6,tl5.00_gl1.00_pr5.00_c50,5,1,50,5,0.4263758437072264,0.08968217621399127,10
