Iteration	Posterior	Likelihood	Prior	acrv_sd	part_rate_trans	tree_length
0	-176.3209	-347.999	171.6781	0.5764038	1.35636	0.3921185
6	-183.2314	-354.3998	171.1684	0.7086618	1.760473	0.4829435
12	-169.9052	-341.7521	171.8469	0.1586195	1.592569	0.655067
18	-161.6469	-333.231	171.584	0.5100626	1.541082	0.462604
24	-169.6964	-341.7036	172.0072	0.3306202	1.170999	0.7990349
30	-177.1768	-348.8708	171.6941	0.4974956	1.434248	0.4255607
36	-174.7894	-346.0538	171.2644	0.3049461	2.04105	0.3912449
42	-166.6609	-337.5512	170.8903	1.923332	0.7347609	0.7427987
48	-183.3318	-352.3581	169.0263	2.210163	2.311921	0.7427987
54	-184.6965	-355.2132	170.5167	1.876793	1.138121	0.7676224
60	-170.628	-338.7899	168.1619	0.3185142	4.936824	0.2368403
66	-164.9666	-335.767	170.8005	1.336222	1.496531	0.4519751
72	-169.979	-341.1152	171.1363	0.0844833	2.408838	0.4374694
78	-176.3547	-346.4907	170.136	1.908014	1.427065	0.8471243
84	-171.9516	-342.2705	170.3189	1.908014	1.252449	0.8370282
90	-172.4419	-344.1297	171.6878	0.6094836	1.222285	0.7845062
96	-176.3561	-348.3227	171.9666	0.3448823	1.222285	0.7645064
102	-174.8825	-347.585	172.7024	0.06131155	0.7841188	0.743563
108	-182.0475	-352.4949	170.4473	1.956556	1.158786	0.7201534
114	-180.2205	-351.359	171.1385	1.33036	0.6931859	1.157901
120	-165.7693	-334.5639	168.7946	2.816144	1.449504	1.24514
126	-183.0532	-350.9471	167.8939	2.816144	1.891929	1.599474
132	-177.6924	-347.0645	169.3721	2.637204	1.287644	1.033809
138	-182.8987	-352.6389	169.7402	2.637204	1.118553	0.8159316
144	-178.0107	-348.0904	170.0797	1.856767	1.699229	0.466175
150	-187.8308	-358.5596	170.7288	0.08557073	2.80712	0.4142551
156	-187.8783	-359.3386	171.4602	0.1777958	1.969157	0.6349444
162	-188.6238	-359.3178	170.694	0.9364313	1.969157	0.6519356
168	-188.3192	-357.9129	169.5937	2.03172	1.969157	0.6625427
174	-180.4596	-351.5122	171.0526	1.187552	1.39169	0.4458317
180	-173.7093	-344.1112	170.4019	0.6708547	2.558271	0.5618447
186	-175.136	-346.2141	171.0781	1.873056	0.542597	0.8188623
192	-163.0812	-335.3815	172.3003	0.3340878	0.7680098	0.9259976
198	-163.3549	-335.5049	172.15	0.8234253	0.6565593	0.5665632
204	-169.8624	-341.5905	171.7281	1.167919	0.6565593	0.7362756
210	-178.4187	-349.9862	171.5674	0.4563988	1.612293	0.5324442
216	-186.0783	-358.2559	172.1776	0.3163516	1.144048	0.4931005
222	-189.991	-362.2785	172.2876	0.02084313	1.144048	0.8694811
228	-177.4013	-349.6166	172.2152	0.1057844	1.144048	0.854462
234	-190.9376	-362.4896	171.5521	0.7136573	1.342873	0.6315931
240	-182.4156	-351.6692	169.2535	2.435416	1.949186	0.4978027
246	-177.7962	-347.3056	169.5094	2.435416	1.19742	1.175317
252	-173.8443	-345.0497	171.2054	1.400481	0.8936401	0.8113866
258	-176.8455	-347.0517	170.2062	1.952764	1.422918	0.6869481
264	-197.2906	-368.8288	171.5382	1.342715	0.6863922	0.7124971
270	-204.5633	-376.3141	171.7508	0.4157352	1.021423	1.134943
276	-201.0299	-372.6577	171.6278	0.6663424	1.196499	0.822854
282	-196.4986	-366.0061	169.5074	2.407429	1.325197	1.087593
288	-186.8771	-358.5946	171.7175	0.4881677	1.325197	0.7686888
294	-200.2439	-371.5323	171.2884	0.01131401	2.334835	0.5438593
300	-174.9602	-345.9283	170.9682	0.5507523	2.097818	0.4035897
306	-186.6457	-358.1349	171.4893	0.04936063	2.097818	0.4713875
312	-186.7645	-356.6393	169.8748	1.813283	1.86494	0.7355484
318	-178.2271	-349.743	171.5159	0.5298771	1.549209	0.6615391
324	-190.0431	-361.6555	171.6124	0.1870803	1.818551	0.6072051
330	-182.7411	-354.0084	171.2673	1.269588	1.095574	0.448608
336	-181.3003	-351.1862	169.8859	1.660258	2.086539	0.5539535
342	-182.4178	-354.2697	171.8519	0.3420295	1.444051	0.5094743
348	-175.1435	-346.5102	171.3667	0.2787849	1.972781	0.6063942
354	-177.7068	-348.7094	171.0025	0.5861581	1.993517	0.350865
360	-182.6049	-353.4614	170.8565	1.150476	1.627538	0.4586158
366	-202.5001	-374.7533	172.2532	0.1215057	0.8060338	1.141362
372	-197.9029	-369.1411	171.2382	0.792178	1.486604	0.7880355
378	-177.5482	-349.0825	171.5343	0.5362341	1.554603	0.5851399
384	-175.4865	-345.4476	169.9612	1.449183	2.227455	0.4870409
390	-176.0462	-346.9743	170.9281	0.4070616	2.229013	0.3314906
396	-180.257	-349.7359	169.4789	1.485703	2.512532	0.2672117
402	-186.1107	-358.3893	172.2786	0.140377	1.134318	0.7352292
408	-194.0921	-365.9413	171.8492	0.4079536	1.376018	0.5513694
414	-184.3229	-356.2702	171.9473	0.5268809	0.8848188	0.9718343
420	-189.1632	-359.109	169.9458	2.167968	1.400459	0.7918498
426	-193.5436	-363.8363	170.2927	2.094984	1.24106	0.5716109
432	-178.0834	-349.8356	171.7522	0.455814	1.287543	0.8165076
438	-172.4524	-344.9129	172.4604	0.2316015	0.9113605	0.6436434
444	-172.1371	-343.9075	171.7704	0.7236338	1.095873	0.6717673
450	-197.0995	-369.0578	171.9583	0.07446011	1.104119	1.179946
456	-197.7391	-369.4872	171.7481	1.067227	0.6792158	0.8178218
462	-174.0718	-346.0773	172.0055	0.2857163	1.313856	0.639902
468	-165.8123	-337.0059	171.1936	1.582057	0.8531673	0.5713687
474	-168.4784	-340.8976	172.4192	0.2513164	0.9244447	0.6616811
480	-180.5748	-352.7893	172.2144	0.05685153	1.134583	0.9222063
486	-193.0162	-365.3278	172.3116	0.6282147	0.6245171	0.7174611
492	-187.4395	-358.6233	171.1837	1.668753	0.7154736	0.7113782
498	-192.6152	-364.0993	171.4841	0.8701023	1.079476	0.8912317
504	-180.2138	-350.0789	169.8651	2.049095	1.690567	0.6404242
510	-172.5603	-343.2416	170.6813	1.549156	1.398074	0.4338335
516	-179.268	-350.3112	171.0432	1.163382	1.364387	0.7062674
522	-183.9854	-354.5032	170.5178	1.54508	1.561353	0.4212927
528	-178.8238	-350.5255	171.7018	1.185298	0.5930327	0.8360545
534	-187.168	-358.7229	171.5549	0.556262	0.7825522	1.379747
540	-179.9299	-351.6986	171.7687	1.061785	0.7693113	0.6514359
546	-174.1728	-346.5064	172.3336	0.7038042	0.6005852	0.5088629
552	-171.5514	-342.0053	170.4539	2.001741	0.9385785	0.9348226
558	-173.8729	-345.519	171.6461	0.8281611	1.036127	0.7969734
564	-174.1716	-346.5056	172.3341	0.6490868	0.5134204	0.815193
570	-178.0417	-350.0361	171.9945	0.3679366	1.089053	0.8706555
576	-187.69	-358.9382	171.2481	1.035228	1.329321	0.6214281
582	-184.9887	-356.2722	171.2835	0.6971704	1.37649	0.973757
588	-182.916	-354.7656	171.8496	0.4959268	1.032861	0.951649
594	-179.7319	-351.5578	171.8258	0.4777991	1.217725	0.7820482
600	-192.0335	-361.2567	169.2231	2.275439	1.645354	1.173794
606	-198.9888	-365.7886	166.7997	3.088071	1.715636	2.274894
612	-175.0505	-346.2251	171.1746	1.591092	0.7743873	0.7552447
618	-176.8629	-347.8006	170.9376	1.870995	0.4723297	1.049164
624	-174.5679	-341.1375	166.5696	3.088071	1.699315	2.431348
630	-167.8205	-339.8867	172.0662	0.3436018	0.9449678	0.9762332
636	-179.937	-351.5499	171.6129	0.7185467	0.577358	1.36788
642	-170.9281	-340.8313	169.9032	2.332249	0.6052936	1.42096
648	-168.6893	-340.1509	171.4616	1.202639	0.5630483	1.099365
654	-172.274	-342.0243	169.7503	2.41475	0.7510882	1.36206
660	-171.1188	-341.9028	170.784	1.239499	1.409007	0.8925267
666	-174.1125	-345.0238	170.9114	0.3197925	2.403685	0.5417254
672	-172.0884	-344.5542	172.4657	0.05184834	1.095443	0.620637
678	-188.3633	-360.1162	171.7529	0.7445291	1.140701	0.5004638
684	-182.6423	-354.99	172.3478	0.4467932	0.8313786	0.5821821
690	-185.766	-358.0823	172.3163	0.09529527	1.088019	0.8112238
696	-181.7905	-353.7824	171.9918	0.0827571	1.541081	0.6136089
702	-176.5004	-347.7979	171.2975	0.789939	1.541081	0.433904
708	-173.5234	-342.8827	169.3593	2.226314	1.955923	0.3111687
714	-169.1458	-340.5504	171.4046	0.4680338	1.765423	0.505025
720	-171.3142	-342.763	171.4488	0.2113135	1.968411	0.4338022
726	-187.0837	-358.5408	171.4571	0.1111058	2.03516	0.6437262
732	-199.5233	-368.543	169.0198	2.071932	2.522667	0.6170279
738	-193.9262	-365.0136	171.0874	0.7479516	1.686327	0.7815871
744	-181.8354	-353.4492	171.6138	0.3142983	1.557041	0.8297423
750	-180.1733	-351.9493	171.776	0.09513612	1.700018	0.7060268
756	-171.3592	-341.7316	170.3724	1.841497	1.357215	0.7060268
762	-167.5968	-339.1965	171.5996	0.2655709	1.701768	0.7130526
768	-167.9847	-339.3041	171.3193	1.318709	0.9954977	0.5495024
774	-178.8629	-349.4596	170.5967	1.430547	1.58886	0.6123632
780	-181.8758	-352.8327	170.9569	1.091656	1.58886	0.5190156
786	-183.6741	-355.1011	171.4269	0.672135	1.53116	0.5654761
792	-183.5982	-354.2692	170.671	1.403858	1.560815	0.5357564
798	-185.2356	-356.3934	171.1578	1.144652	1.327354	0.5673488
804	-186.577	-358.3572	171.7802	0.5351335	1.189362	0.8045703
810	-193.9918	-364.678	170.6862	1.074218	1.876907	0.4801923
816	-193.1199	-364.2476	171.1277	0.1199494	2.361145	0.6311256
822	-190.2036	-362.4068	172.2032	0.0971676	1.323073	0.5908423
828	-169.2622	-338.8551	169.5929	2.257182	1.745545	0.6603497
834	-173.1102	-341.2523	168.1421	2.257182	3.090168	0.824304
840	-172.854	-341.0951	168.2411	2.257182	3.139554	0.4886235
846	-189.9893	-358.6651	168.6757	2.383865	2.549638	0.6300388
852	-176.4243	-348.5159	172.0916	0.1558028	1.324998	0.703751
858	-185.8074	-356.9779	171.1705	0.9100937	1.36451	0.8780674
864	-181.5782	-353.604	172.0258	0.365683	1.165397	0.7295145
870	-181.9289	-354.326	172.3971	0.0720225	1.14566	0.6159931
876	-185.8421	-353.132	167.2899	1.629635	4.514937	0.2448635
882	-189.9351	-356.6852	166.75	1.902207	4.891274	0.3128212
888	-178.1983	-347.2825	169.0842	0.46496	3.906981	0.2556993
894	-186.6373	-353.033	166.3958	1.376041	5.468593	0.1755651
900	-183.6008	-351.8766	168.2758	0.3925687	4.841738	0.2877319
906	-187.408	-355.5044	168.0964	1.450033	3.963625	0.2877319
912	-181.3	-350.8059	169.5059	1.536068	2.592715	0.4596104
918	-184.7004	-354.9078	170.2074	1.871814	1.555507	0.4596104
924	-190.4426	-361.6731	171.2306	0.002861549	2.399828	0.45223
930	-188.0758	-359.5262	171.4504	0.8404874	1.191157	0.8336313
936	-179.9482	-351.9239	171.9758	0.7205272	0.9387134	0.5405426
942	-187.1578	-358.0734	170.9156	0.09453852	2.618016	0.4327703
948	-182.439	-353.4194	170.9804	0.2480545	2.409279	0.5134174
954	-165.8171	-337.7138	171.8967	0.03033212	1.694113	0.5979134
960	-174.8207	-346.0526	171.232	1.186915	1.015531	0.8903634
966	-171.9974	-344.2606	172.2632	0.4695315	0.8925422	0.5845313
972	-181.4539	-353.7404	172.2866	0.385811	0.6452816	1.013526
978	-180.5049	-352.6477	172.1427	0.2307849	1.159491	0.7655748
984	-174.335	-345.6749	171.3399	0.3366699	1.960312	0.5256196
990	-181.4316	-352.3331	170.9015	0.4151889	2.286322	0.3788491
996	-179.6938	-351.0942	171.4004	0.6221513	1.540149	0.3300373
1002	-181.6898	-352.258	170.5682	0.4828519	2.564564	0.4011987
1008	-180.3811	-351.153	170.7719	1.039476	1.788189	0.6520568
1014	-184.5721	-356.3622	171.79	0.4049867	1.416516	0.6243641
1020	-188.7121	-359.6614	170.9493	1.399314	1.13302	0.834155
1026	-183.0163	-355.1091	172.0927	0.6032834	0.9035794	0.6519183
1032	-181.821	-352.1137	170.2927	0.9765164	2.36878	0.5092356
1038	-178.3342	-349.4521	171.1179	0.9765164	1.496212	0.361252
1044	-171.0257	-343.2112	172.1855	0.4863874	0.9085771	0.6894875
1050	-173.8874	-345.5592	171.6718	0.383363	1.485478	0.7543399
1056	-169.8524	-340.3874	170.5349	1.134391	1.967713	0.4770909
1062	-179.4656	-351.1593	171.6937	0.5611081	1.355564	0.6272503
1068	-167.4566	-338.9901	171.5334	0.5794269	1.52346	0.5306398
1074	-162.4889	-333.6672	171.1783	0.4634711	1.98562	0.4302978
1080	-165.9897	-337.4766	171.4869	0.108489	2.011326	0.3849487
1086	-175.9669	-345.263	169.2961	1.688783	2.650385	0.5386741
1092	-173.4393	-343.7205	170.2811	1.387603	1.958134	0.4286051
1098	-173.9685	-344.5486	170.5802	0.9379604	2.075691	0.3655326
1104	-173.1267	-345.458	172.3313	0.2793788	0.984402	0.6613459
1110	-189.2191	-359.1468	169.9277	1.025832	2.678463	0.5573132
1116	-186.8344	-356.3596	169.5252	2.194001	1.86055	0.6908843
1122	-201.0034	-370.6781	169.6747	1.390393	2.430462	0.8164406
1128	-189.5072	-359.6762	170.169	0.8634964	2.430462	0.2593168
1134	-178.5591	-348.4995	169.9404	0.929583	2.700968	0.3384021
1140	-189.6443	-360.1389	170.4946	1.33405	1.79994	0.5724499
1146	-187.8482	-359.9198	172.0716	0.3448981	1.150611	0.7127551
1152	-192.2498	-362.8187	170.5689	0.05840666	2.994125	0.4141095
1158	-192.598	-364.0431	171.4451	0.5921002	1.505426	0.7514242
1164	-191.2668	-362.0506	170.7838	0.3875053	2.329427	0.2815683
1170	-174.8885	-344.643	169.7545	0.530815	3.271833	0.3248249
1176	-177.3354	-347.497	170.1616	0.2006291	3.194957	0.3248249
1182	-185.6434	-356.4968	170.8534	1.164	1.571248	0.3587798
1188	-174.8149	-344.6951	169.8801	2.08858	1.668011	0.4738835
1194	-166.3708	-337.1506	170.7798	0.3932649	2.430263	0.3794119
1200	-169.7204	-341.3216	171.6012	0.2093106	1.826035	0.4727295
1206	-172.7342	-344.8374	172.1032	0.07590842	1.446088	0.5847894
1212	-175.1069	-346.8232	171.7163	0.01491578	1.906886	0.503848
1218	-181.5349	-351.5635	170.0286	1.18237	2.425584	0.472041
1224	-187.6322	-357.5382	169.906	1.174054	2.425584	0.2847433
1230	-182.7291	-354.3217	171.5926	0.3964631	1.646496	0.5366192
1236	-187.1612	-357.6922	170.531	1.437643	1.669082	0.4862079
1242	-180.7638	-350.9058	170.142	1.654789	1.814849	0.3936337
1248	-187.7807	-356.1279	168.3472	2.12943	3.158776	0.4640532
1254	-180.542	-349.954	169.412	1.95249	2.23154	0.3685908
1260	-182.5917	-353.1192	170.5275	0.9874349	2.118539	0.45346
1266	-194.023	-360.9004	166.8773	0.5217685	6.092107	0.2755422
1272	-185.7596	-353.7579	167.9983	0.4085219	5.193889	0.3753387
1278	-184.3547	-354.1956	169.8409	0.009964525	3.647265	0.2798839
1284	-182.0837	-354.4035	172.3198	0.01240189	1.201711	0.7642276
1290	-180.3808	-352.2486	171.8678	0.4822739	1.201711	0.7374896
1296	-175.2828	-346.8971	171.6143	0.4724891	1.551207	0.507826
1302	-175.527	-347.2625	171.7355	0.8910063	1.002675	0.5698716
1308	-188.2973	-356.9663	168.669	2.529179	2.357093	0.7321251
1314	-179.1613	-348.1696	169.0083	0.7945038	3.806352	0.3890447
1320	-169.1189	-340.5406	171.4217	0.7741206	1.428974	0.5861617
1326	-168.3725	-337.5981	169.2257	0.5856798	3.750558	0.3292941
1332	-163.4607	-333.0031	169.5424	1.306026	2.661471	0.287599
1338	-169.8342	-341.2429	171.4087	0.4992467	1.707377	0.4006721
1344	-173.5714	-343.9825	170.4111	0.08832815	3.103024	0.3780149
1350	-165.5316	-336.4739	170.9423	0.03042616	2.658734	0.4443699
1356	-170.5475	-341.6787	171.1312	0.03042616	2.460448	0.4157126
1362	-164.7649	-336.4271	171.6622	0.01771404	1.955854	0.535225
1368	-164.5833	-336.1548	171.5715	0.1103926	1.955854	0.5143718
1374	-177.9109	-350.0568	172.1459	0.4488623	0.8349049	0.8957462
1380	-191.6962	-362.3732	170.6771	1.566002	1.186629	0.8957462
1386	-166.8183	-338.9596	172.1413	0.2932577	1.201597	0.5317192
1392	-161.4469	-332.1291	170.6822	0.2119627	2.732972	0.4294906
1398	-170.8666	-341.9435	171.0768	1.255174	1.305487	0.5180557
1404	-184.7118	-354.7747	170.0629	2.127414	1.382506	0.703025
1410	-183.7377	-355.2495	171.5118	0.3463971	1.745739	0.64249
1416	-179.4031	-350.6339	171.2308	1.004023	1.369095	0.64249
1422	-174.0369	-344.4841	170.4473	1.361152	1.821337	0.5675499
1428	-164.0811	-334.8389	170.7579	1.057611	1.821337	0.526046
1434	-169.9249	-340.7205	170.7956	0.3501333	2.425513	0.3386974
1440	-185.9467	-356.3098	170.363	0.8590148	2.411389	0.4530939
1446	-172.1975	-342.0339	169.8364	1.357785	2.411389	0.3829518
1452	-176.7251	-344.5188	167.7936	0.853221	4.590951	0.1748642
1458	-181.4611	-352.4045	170.9435	0.5384174	2.114377	0.3688902
1464	-177.3586	-348.6961	171.3375	1.171362	0.9834662	0.8206556
1470	-181.7247	-353.7605	172.0358	0.7286459	0.8311405	0.660302
1476	-178.4341	-350.3018	171.8677	0.6558417	0.8995211	0.9031719
1482	-169.3062	-341.3362	172.03	0.6014372	0.8515721	0.8324919
1488	-167.2704	-339.1841	171.9137	0.5448559	1.08778	0.7459088
1494	-170.3187	-342.4483	172.1296	0.2424697	1.250242	0.4162223
1500	-175.0057	-347.348	172.3423	0.1379523	0.7305931	1.114384
1506	-183.8509	-354.4713	170.6205	1.539963	1.471862	0.5559536
1512	-176.6879	-348.1568	171.4689	1.280889	0.786894	0.7602959
1518	-180.1861	-350.3397	170.1536	2.064281	1.375699	0.6645483
1524	-172.497	-343.3674	170.8704	1.622532	1.142979	0.5340871
1530	-174.6273	-345.1641	170.5367	1.673308	1.398013	0.6328917
1536	-182.9746	-353.6597	170.6851	1.29921	1.64214	0.5802294
1542	-167.8842	-339.9251	172.0409	0.743731	0.6979058	0.8330182
1548	-163.3468	-335.7024	172.3557	0.2182242	0.9715959	0.7471817
1554	-177.0407	-348.0335	170.9928	1.361799	1.282534	0.4779223
1560	-180.3146	-351.1502	170.8356	0.176991	2.599735	0.3947582
1566	-182.5615	-353.4899	170.9284	0.6216431	2.081027	0.5620422
1572	-189.5194	-360.9522	171.4328	0.2318248	1.938983	0.6432221
1578	-170.1278	-340.6351	170.5073	2.176063	0.665958	0.9817504
1584	-179.088	-351.3754	172.2874	0.3119811	0.665958	1.064026
1590	-181.3344	-353.1473	171.8129	0.5244048	0.9043955	1.08607
1596	-177.8115	-349.2948	171.4832	1.528613	0.5912083	0.6444073
1602	-176.3067	-348.0688	171.7621	0.7040483	1.12913	0.6610533
1608	-179.1313	-350.2021	171.0708	0.5394102	2.020352	0.4410288
1614	-185.104	-356.5834	171.4794	0.5514389	1.591278	0.5948236
1620	-177.3491	-349.3034	171.9543	0.5311912	1.059685	0.7476292
1626	-177.7769	-349.6256	171.8488	0.4308211	1.079958	0.9713204
1632	-179.9647	-352.2257	172.261	0.2289859	0.9501603	0.8838003
1638	-172.8124	-344.7823	171.9699	0.357968	1.104118	0.8931796
1644	-181.1054	-351.8993	170.794	1.208908	1.429078	0.8931796
1650	-177.8728	-348.4111	170.5383	1.650978	1.447387	0.5277588
1656	-176.7037	-347.9616	171.2579	0.4060552	1.938001	0.6468192
1662	-186.5664	-356.1255	169.5591	2.079858	1.938001	0.6957789
1668	-188.5673	-358.1064	169.5391	2.175548	1.569655	1.04597
1674	-167.6373	-339.3945	171.7572	0.6233514	1.254783	0.4636881
1680	-174.3005	-346.5568	172.2563	0.06442096	1.192064	0.7937502
1686	-171.3496	-343.2428	171.8932	0.5357317	1.192064	0.5982675
1692	-183.2922	-354.0924	170.8002	2.046051	0.7748234	0.5982675
1698	-180.2354	-349.6865	169.4511	2.436106	1.059103	1.338148
1704	-177.9569	-347.3931	169.4362	2.436106	1.485414	0.9732275
1710	-174.5279	-346.2079	171.68	0.2566769	1.684613	0.5975476
1716	-169.2903	-340.6645	171.3742	0.3911495	1.846212	0.3933843
1722	-174.9795	-344.1573	169.1778	1.88864	2.571641	0.4954387
1728	-174.7133	-344.224	169.5106	1.440265	2.649469	0.3748651
1734	-167.4356	-337.6236	170.188	1.13994	2.272424	0.3748651
1740	-172.243	-343.3846	171.1417	0.9888198	1.4565	0.6773948
1746	-179.0371	-350.0462	171.009	1.172379	1.4565	0.5109408
1752	-178.1133	-349.0855	170.9722	1.690701	0.7033506	0.9643411
1758	-171.4088	-342.2951	170.8863	0.6411686	2.106921	0.458088
1764	-172.4278	-342.788	170.3602	2.033678	1.078681	0.8453321
1770	-169.2953	-340.9895	171.6942	0.5544478	1.36924	0.4059853
1776	-170.39	-340.6997	170.3097	1.382648	1.925543	0.4059853
1782	-176.2583	-347.7466	171.4882	0.637358	1.486465	0.3943593
1788	-176.8665	-348.3802	171.5137	0.637358	1.486465	0.4821488
1794	-178.5127	-349.6054	171.0927	1.306946	1.201833	0.376496
1800	-170.0099	-341.1103	171.1004	1.306946	1.201833	0.6300712
1806	-172.5637	-344.3242	171.7605	0.746932	0.8329608	0.9908293
1812	-172.9369	-345.0382	172.1013	0.2685149	1.199634	0.708815
1818	-175.1095	-346.3121	171.2025	0.6384582	1.728487	0.708815
1824	-179.0127	-351.2266	172.2139	0.1890367	0.9687967	0.9586479
1830	-178.8333	-350.3084	171.4751	0.9061466	1.240571	0.595946
1836	-179.3262	-351.0952	171.769	0.3901386	1.460954	0.6009932
1842	-177.5419	-348.3616	170.8196	0.2918926	2.513564	0.585126
1848	-184.6661	-356.0632	171.3971	0.1482616	2.062125	0.6342931
1854	-176.733	-348.2631	171.5301	0.04422161	2.062125	0.471473
1860	-185.1581	-355.2993	170.1411	0.3761003	3.109667	0.4287358
1866	-184.9311	-355.0265	170.0954	0.2219206	3.317986	0.5387456
1872	-181.3891	-353.7705	172.3813	0.334964	0.9211595	0.5186878
1878	-185.5942	-357.4515	171.8573	0.2036557	1.001773	1.243061
1884	-197.95	-366.5388	168.5888	2.601299	0.7100748	2.082261
1890	-178.57	-351.3895	172.8196	0.01834044	0.5725796	0.9171679
1896	-177.3466	-349.8267	172.4801	0.08068469	0.7284085	1.041258
1902	-177.8553	-348.1658	170.3105	1.928069	1.340798	0.6915336
1908	-171.2585	-343.3105	172.052	0.09882857	1.458457	0.6299033
1914	-170.1204	-342.1884	172.068	0.0410439	1.508917	0.406076
1920	-180.7626	-351.5048	170.7422	1.190261	1.628941	0.3288289
1926	-180.9729	-350.409	169.436	1.885237	2.214608	0.3065885
1932	-188.4678	-357.9803	169.5125	1.885237	2.214608	0.3948771
1938	-173.9982	-344.564	170.5658	1.779342	1.160947	0.8026805
1944	-175.1578	-347.4483	172.2905	0.1339051	1.175983	0.6502042
1950	-186.3726	-358.1871	171.8145	0.05014537	1.710476	0.699101
1956	-181.4848	-352.8516	171.3668	0.8600625	1.396728	0.590343
1962	-182.7529	-353.5621	170.8092	0.6433922	2.182895	0.5374288
1968	-182.6449	-354.9251	172.2802	0.3519453	0.9534529	0.6801207
1974	-186.1814	-358.4412	172.2598	0.4733277	0.8915835	0.5864455
1980	-170.7528	-340.675	169.9223	1.749665	1.952795	0.5864455
1986	-177.2604	-348.301	171.0406	0.4489152	2.132619	0.5948656
1992	-200.8985	-368.7658	167.8673	2.817765	2.60071	1.044507
1998	-201.775	-369.249	167.4741	2.799725	3.050665	1.006803
2004	-173.4411	-345.6063	172.1652	0.5534486	0.8836859	0.645992
2010	-169.5241	-341.698	172.1739	0.1366008	1.281415	0.6678354
2016	-171.6755	-344.219	172.5435	0.01424444	0.950681	0.7996806
2022	-177.1858	-349.7128	172.527	0.09094874	0.8233726	0.8824877
2028	-175.1238	-347.5008	172.377	0.1761068	0.7854642	0.9926949
2034	-164.1295	-336.3826	172.2531	0.01786893	1.356905	0.5752135
2040	-167.8679	-339.7531	171.8852	0.5995897	0.9039539	0.9407416
2046	-170.2398	-341.7748	171.535	1.210106	0.8019201	0.7448793
2052	-169.7692	-341.6334	171.8643	0.07744781	1.684903	0.5797465
2058	-172.5486	-343.2844	170.7359	0.17605	2.586815	0.2802559
2064	-167.4738	-338.0785	170.6047	1.875738	1.153595	0.5468428
2070	-166.746	-339.189	172.443	0.3986191	0.6248117	0.8528119
2076	-170.5214	-341.5041	170.9827	1.103176	1.531031	0.6103009
2082	-161.2921	-333.5682	172.2761	0.2792564	1.035955	0.6690436
2088	-159.9246	-331.9869	172.0623	0.4989579	1.072042	0.5509804
2094	-172.2581	-342.6424	170.3843	0.7305072	2.470729	0.3548266
2100	-180.4059	-349.6824	169.2765	0.8938463	3.426269	0.3694753
2106	-177.1457	-346.6055	169.4598	0.6158292	3.411691	0.2731853
2112	-185.7625	-356.9417	171.1792	0.1610736	2.275653	0.4019602
2118	-185.3362	-356.1454	170.8091	1.380613	1.437122	0.5788857
2124	-185.6819	-357.7887	172.1068	0.4772962	0.8151429	0.9294269
2130	-185.8865	-357.3181	171.4316	0.7662059	1.392284	0.6713993
2136	-185.6294	-355.6867	170.0573	2.091577	1.470463	0.6034453
2142	-178.1908	-348.2594	170.0687	2.091577	1.355699	0.7894921
2148	-186.4577	-358.2687	171.811	0.2931455	1.476039	0.3485086
2154	-178.8146	-350.4565	171.6419	1.117404	0.7507599	0.7973913
2160	-185.5829	-355.2523	169.6694	1.975126	1.799336	0.8795699
2166	-178.1924	-348.5139	170.3214	2.27546	0.6157138	1.112757
2172	-166.2144	-336.7843	170.5699	1.871499	1.160688	0.6465373
2178	-175.1846	-345.6688	170.4842	1.7472	1.309156	0.7546102
2184	-167.9874	-338.7522	170.7648	1.505168	1.349576	0.4096601
2190	-164.0253	-335.8777	171.8524	0.4332541	1.349576	0.5389964
2196	-174.4468	-345.8639	171.417	0.1646559	1.987226	0.3362706
2202	-172.3177	-343.1198	170.8021	0.2164367	2.610352	0.4348922
2208	-173.6806	-344.9293	171.2487	0.4259706	1.954212	0.4348922
2214	-177.6695	-349.7518	172.0823	0.2720583	1.277836	0.5564902
2220	-180.6423	-352.0348	171.3926	0.3902773	1.855249	0.4956837
2226	-173.8686	-346.1246	172.256	0.6872321	0.6421546	0.6805112
2232	-174.3884	-345.5425	171.1542	0.1747966	2.270867	0.3740561
2238	-178.2609	-350.0301	171.7691	0.1994152	1.663296	0.4460533
2244	-170.5059	-340.3711	169.8652	2.055649	1.663296	0.6828512
2250	-179.7289	-350.7113	170.9823	1.043819	1.533595	0.7249665
2256	-174.6415	-345.4649	170.8234	0.7102716	2.104399	0.4927072
2262	-182.4078	-352.619	170.2113	1.538184	1.766668	0.7892535
2268	-188.7215	-360.112	171.3905	0.7901873	1.444202	0.42298
2274	-175.0743	-346.0112	170.9368	0.9075724	1.709282	0.3216404
2280	-179.8371	-351.5146	171.6775	0.9075724	1.007143	0.6672715
2286	-186.8697	-358.1753	171.3056	0.0713388	2.203593	0.6894349
2292	-171.6714	-343.4948	171.8233	0.7214174	1.057008	0.6472617
2298	-180.6342	-353.0092	172.375	0.0180174	1.143076	0.7610426
2304	-173.3787	-344.357	170.9783	0.5480318	2.111607	0.5105742
2310	-178.7477	-350.5397	171.7921	0.1882789	1.646142	0.5801538
2316	-165.2515	-337.7821	172.5306	0.06018822	0.9518882	0.7513256
2322	-178.8144	-351.0512	172.2368	0.02651748	1.132803	0.9327637
2328	-183.4202	-354.2094	170.7893	1.232476	1.611443	0.451861
2334	-177.2243	-347.6957	170.4715	0.175846	2.943619	0.3616796
2340	-170.9789	-342.7045	171.7256	1.156712	0.7120454	0.6629295
2346	-178.67	-349.6232	170.9532	1.439567	1.215911	0.6314892
2352	-188.4135	-358.6475	170.2339	0.6468826	2.719019	0.3740902
2358	-186.2712	-356.9596	170.6884	1.103007	1.844848	0.4699633
2364	-180.1805	-350.7439	170.5634	1.591421	1.481868	0.4737658
2370	-186.2096	-357.6266	171.417	1.350123	0.8677929	0.4609568
2376	-183.9368	-355.4901	171.5533	0.1175515	1.862455	0.7651269
2382	-192.1034	-363.8092	171.7059	0.06075107	1.862455	0.5703666
2388	-190.0216	-362.2062	172.1845	0.1797289	1.238576	0.6448519
2394	-178.5467	-351.0163	172.4696	0.1036129	0.9569752	0.7696589
2400	-175.4119	-347.9549	172.5429	0.1981552	0.7394659	0.8355359
2406	-174.1234	-344.9953	170.8718	1.475022	1.133669	0.8355359
2412	-178.8238	-349.263	170.4392	1.475022	1.692196	0.3844506
2418	-174.5479	-344.4899	169.942	1.629781	2.034704	0.3844506
2424	-171.399	-342.9466	171.5476	0.05328121	2.034704	0.4654351
2430	-174.1934	-345.485	171.2916	0.7835115	1.560687	0.5347743
2436	-173.0653	-344.4605	171.3952	0.5549055	1.688041	0.5043141
2442	-179.1079	-349.3842	170.2763	1.725814	1.622858	0.4231653
2448	-177.8074	-348.774	170.9666	1.543379	1.067757	0.6945309
2454	-181.4044	-353.4142	172.0098	0.8203749	0.7654347	0.6602836
2460	-181.277	-353.366	172.0889	0.3938335	1.115552	0.6546556
2466	-175.3349	-347.6534	172.3185	0.2220134	1.076935	0.6086776
2472	-200.945	-372.826	171.8809	0.9288577	0.7947984	0.6409397
2478	-170.0119	-342.0766	172.0648	0.1083906	1.314588	0.8264832
2484	-173.6907	-345.6455	171.9548	0.1795955	1.30432	0.8854465
2490	-184.1353	-355.709	171.5737	0.7110412	1.286003	0.7066011
2496	-180.5307	-351.946	171.4152	0.1683754	2.039019	0.593325
2502	-184.0687	-354.1043	170.0356	1.104763	2.482564	0.4177856
2508	-181.5017	-350.02	168.5183	1.771847	3.286491	0.3444915
2514	-175.1618	-346.5395	171.3777	0.696727	1.529056	0.3796225
2520	-180.4115	-352.7687	172.3572	0.05509586	1.044923	0.8638397
2526	-187.0237	-356.3884	169.3647	2.559848	1.228395	1.16595
2532	-202.4581	-372.824	170.3659	1.343377	1.921904	0.4433529
2538	-195.9863	-366.6946	170.7082	1.264991	1.488365	0.8586552
2544	-192.6149	-361.4454	168.8305	2.559848	1.83987	1.096679
2550	-180.5739	-352.4058	171.8319	0.3188143	1.485196	0.4672636
2556	-179.2415	-351.4267	172.1852	0.3535606	1.082703	0.5970568
2562	-181.783	-353.5943	171.8112	0.7063165	0.790971	1.022506
2568	-178.0296	-349.2516	171.222	1.122115	1.05115	0.9337485
2574	-178.3581	-350.942	172.584	0.08675502	0.8039108	0.8428227
2580	-180.1768	-352.8141	172.6373	0.0671164	0.8105675	0.7908402
2586	-186.6397	-355.9432	169.3036	2.391835	1.301442	1.297409
2592	-166.2843	-337.7359	171.4516	0.9166715	0.8698478	1.089382
2598	-166.1849	-338.5097	172.3247	0.1235637	1.060272	0.7994235
2604	-171.5338	-342.9043	171.3705	0.07794603	2.18275	0.5611052
2610	-176.2084	-348.3318	172.1234	0.5081981	0.9810544	0.6214437
2616	-177.7048	-349.8973	172.1925	0.06653661	1.148608	0.9203006
2622	-176.1836	-347.3048	171.1212	1.23663	1.260382	0.4066568
2628	-177.7798	-349.4232	171.6434	0.2564445	1.735861	0.5355992
2634	-184.573	-355.7271	171.1542	0.671566	1.694214	0.7839948
2640	-178.8762	-349.5676	170.6914	1.345996	1.565163	0.6453903
2646	-167.8812	-339.6295	171.7483	0.1056182	1.748641	0.6453903
2652	-171.0027	-340.858	169.8552	1.066463	2.600217	0.2960224
2658	-167.2465	-338.3874	171.1409	0.4135148	2.069004	0.4189924
2664	-181.5652	-353.3445	171.7793	1.103014	0.7533444	0.5358137
2670	-173.9717	-345.5156	171.5438	0.8038688	1.266397	0.6177533
2676	-169.4356	-340.8935	171.4579	0.3571361	1.799112	0.6177533
2682	-164.1482	-335.2049	171.0568	1.198402	1.36765	0.4174854
2688	-171.0493	-342.4925	171.4432	0.8758129	1.280828	0.6514511
2694	-178.113	-349.6539	171.541	0.6294146	1.459463	0.5672453
2700	-171.9512	-343.504	171.5528	0.5500487	1.518944	0.4149325
2706	-173.7177	-342.6618	168.9441	1.891307	2.684166	0.2943188
2712	-169.5267	-339.3608	169.8341	1.643524	2.082123	0.3272423
2718	-160.1719	-330.4588	170.2868	0.3044314	2.94253	0.3049541
2724	-166.6119	-337.8101	171.1983	0.4551825	1.980841	0.4574984
2730	-170.283	-342.0375	171.7546	0.4047659	1.474956	0.4574984
2736	-172.7352	-343.1709	170.4357	0.9952472	2.097065	0.3005321
2742	-171.3431	-343.3002	171.9571	0.4208373	1.252551	0.4407548
2748	-175.8079	-346.0453	170.2374	2.042322	1.274762	0.7332878
2754	-179.7506	-351.136	171.3855	0.840579	1.336121	0.7210203
2760	-164.765	-336.5984	171.8334	0.01974409	1.761544	0.6162721
2766	-171.3017	-343.1188	171.8171	0.5417749	0.9639655	1.008407
2772	-169.0373	-340.8317	171.7944	0.5214542	1.314287	0.4394798
2778	-174.8145	-346.6446	171.8301	0.136436	1.592954	0.7253008
2784	-186.2795	-356.7384	170.4589	1.764082	1.39798	0.5985425
2790	-183.6516	-352.6868	169.0353	1.105011	3.315494	0.2555053
2796	-173.6769	-343.2922	169.6153	0.8821077	3.08913	0.3560576
2802	-173.8596	-346.4372	172.5776	0.2958919	0.72302	0.6585234
2808	-176.8149	-346.7535	169.9386	1.786983	1.911036	0.4726352
2814	-186.2755	-356.6839	170.4084	1.5394	1.560529	0.2865288
2820	-182.0292	-352.5117	170.4825	0.7589733	2.29039	0.303494
2826	-177.2655	-347.7335	170.468	1.204323	1.859628	0.303494
2832	-171.8936	-343.2478	171.3542	1.188592	1.083641	0.4274121
2838	-175.16	-346.5663	171.4063	1.188592	1.039823	0.459793
2844	-173.1877	-344.2931	171.1054	1.308795	1.134287	0.7426005
2850	-177.3389	-348.2164	170.8775	1.166066	1.590117	0.5484517
2856	-170.454	-340.5112	170.0572	1.628517	1.944307	0.4391681
2862	-178.9514	-349.1954	170.244	1.775182	1.52795	0.7446355
2868	-171.0506	-341.7475	170.6968	1.403511	1.52795	0.5734222
2874	-167.8109	-335.9396	168.1287	2.564069	2.939472	0.4477249
2880	-176.7253	-345.9063	169.181	2.417602	1.909057	0.8006086
2886	-181.2724	-350.6792	169.4069	2.531633	1.030369	1.320027
2892	-173.6389	-344.6269	170.9879	1.198416	1.422556	0.3886007
2898	-167.3118	-337.6833	170.3716	1.342121	1.798851	0.2894026
2904	-173.1982	-344.3117	171.1135	1.410877	0.9421852	0.8526456
2910	-183.7216	-353.6927	169.9711	2.266915	0.7528472	1.30223
2916	-194.3105	-366.4081	172.0977	0.3490578	0.6202773	1.23949
2922	-173.2689	-345.241	171.9721	0.3830967	0.9904903	0.9855279
2928	-172.9829	-344.4122	171.4293	0.4761163	1.72345	0.5710817
2934	-170.7624	-342.6459	171.8836	0.02120279	1.72345	0.5738047
2940	-177.4642	-349.1041	171.6398	0.03736823	1.959991	0.4787856
2946	-180.4127	-352.1887	171.776	0.0093249	1.843094	0.5731
2952	-180.0419	-350.6318	170.5899	0.0240174	2.968731	0.351447
2958	-169.6914	-339.5307	169.8393	0.0240174	3.711321	0.3423237
2964	-181.8459	-352.3947	170.5487	0.6087502	2.464242	0.5961325
2970	-195.426	-364.6073	169.1813	2.043345	2.335672	0.7240319
2976	-188.5004	-358.3655	169.8651	1.652532	2.095802	0.3968647
2982	-185.2655	-356.4475	171.182	0.752963	1.695421	0.4402114
2988	-189.1943	-357.6948	168.5005	1.501483	3.523323	0.2985057
2994	-173.5303	-345.0737	171.5434	0.7600633	1.329212	0.4497126
3000	-174.7333	-346.7968	172.0635	0.8439548	0.6956632	0.6441812
3006	-185.5306	-357.1509	171.6203	0.8439548	1.15722	0.5970403
3012	-184.106	-354.8517	170.7457	1.053987	1.832336	0.5574544
3018	-189.685	-360.2537	170.5688	1.416501	1.650139	0.4640759
3024	-186.5621	-356.9412	170.3791	2.125374	1.09131	0.6598899
3030	-178.7795	-349.3971	170.6175	2.125374	0.8307314	0.7016702
3036	-172.512	-344.1184	171.6064	0.6270336	1.380055	0.6194269
3042	-171.3053	-342.9647	171.6594	0.6270336	1.29967	0.6791636
3048	-176.4088	-348.6315	172.2227	0.5736454	0.8029603	0.6526277
3054	-184.2884	-355.2833	170.9949	0.4413025	2.191048	0.4299356
3060	-184.3485	-353.9227	169.5742	0.4993536	3.501953	0.3432305
3066	-187.3014	-358.9633	171.6618	0.8966301	1.017374	0.6978147
3072	-170.6488	-342.8871	172.2383	0.1497037	1.059409	0.8754463
3078	-168.8255	-338.0656	169.2401	0.07669392	4.184857	0.2821651
3084	-174.7446	-345.9865	171.242	0.2081907	2.186951	0.522937
3090	-170.6146	-341.8116	171.197	0.1201536	2.306044	0.5914377
3096	-173.5423	-343.3901	169.8478	1.194495	2.594735	0.5244114
3102	-176.5859	-342.9675	166.3816	3.122823	2.51014	2.006578
3108	-178.6965	-345.9106	167.2141	3.122823	1.873917	1.874348
3114	-169.8214	-341.7983	171.9769	0.4809435	0.9385685	0.932512
3120	-166.0146	-338.1025	172.088	0.2786744	1.074163	0.8830749
3126	-174.8822	-345.7843	170.9021	0.7061856	2.020943	0.5697127
3132	-172.9902	-344.5743	171.5841	0.3757366	1.674001	0.4551462
3138	-179.6646	-347.3913	167.7267	0.9157162	4.665443	0.1954259
3144	-168.209	-338.3136	170.1046	0.7393589	2.640061	0.2712015
3150	-177.9143	-348.5241	170.6097	1.112869	1.909398	0.5574737
3156	-172.7774	-344.0018	171.2243	0.6076993	1.786401	0.6059253
3162	-172.5461	-345.0446	172.4986	0.1781414	0.7821721	0.8618936
3168	-170.6704	-342.4158	171.7454	0.315387	1.506424	0.712695
3174	-176.2097	-347.1751	170.9654	0.8552765	1.816565	0.4793848
3180	-176.4792	-347.1895	170.7103	0.376056	2.551459	0.486877
3186	-174.9299	-347.0542	172.1242	0.5248286	0.9370317	0.6791378
3192	-185.2393	-356.9904	171.7511	0.1287788	1.744514	0.5874318
3198	-191.2686	-360.9779	169.7093	1.660434	2.255674	0.4243291
3204	-198.702	-370.6717	171.9696	0.2801924	1.312909	0.7200911
3210	-178.6345	-350.6459	172.0114	0.2801924	1.312909	0.6410491
3216	-170.1679	-341.0186	170.8507	1.184265	1.566451	0.6479399
3222	-168.0098	-340.0829	172.0731	0.3130821	1.204212	0.3609779
3228	-178.1361	-347.2294	169.0934	2.214928	2.21202	0.2948577
3234	-169.9657	-337.4341	167.4684	2.214928	3.929719	0.3961663
3240	-176.06	-346.9917	170.9317	0.5715975	1.802123	0.1946594
3246	-166.3304	-336.7876	170.4572	0.5068235	2.512518	0.266849
3252	-174.1069	-344.8346	170.7277	0.3007176	2.555091	0.3524362
3258	-184.9977	-356.2524	171.2547	0.9519788	1.411522	0.606516
3264	-177.6741	-348.4779	170.8037	0.9497186	1.883746	0.4784711
3270	-174.7288	-346.4323	171.7035	0.3056065	1.627418	0.5284635
3276	-172.0232	-343.8653	171.842	0.4383616	1.356207	0.5284635
3282	-176.0554	-347.3471	171.2916	0.350471	1.900198	0.7519379
3288	-173.2853	-343.4369	170.1516	0.2346789	3.22357	0.3902641
3294	-177.8314	-347.3481	169.5167	1.609243	2.373575	0.2807391
3300	-197.3576	-368.9521	171.5945	0.9648896	1.071652	0.5617561
3306	-173.7919	-345.4095	171.6176	0.9648896	1.014229	0.6579562
3312	-174.7324	-346.4132	171.6808	0.5192962	1.329393	0.7706113
3318	-172.9982	-344.563	171.5649	0.5192962	1.534613	0.6049779
3324	-179.455	-351.7895	172.3345	0.2190244	1.082935	0.4716919
3330	-183.8835	-354.8693	170.9859	0.7286723	1.89914	0.6188437
3336	-176.4221	-347.6252	171.2031	0.5440219	1.851885	0.6531701
3342	-187.9314	-359.1459	171.2144	0.5478997	1.871016	0.452659
3348	-181.8051	-353.3874	171.5823	0.08956404	1.955372	0.4298113
3354	-192.8363	-364.3258	171.4896	0.07661769	2.063178	0.5691304
3360	-168.0373	-339.4227	171.3854	0.9442885	1.305975	0.5362683
3366	-169.4223	-339.8929	170.4706	1.894707	1.248099	0.3969205
3372	-176.0053	-347.4119	171.4066	0.6158213	1.611755	0.4570116
3378	-180.1149	-350.0571	169.9422	0.7466948	2.837158	0.2990503
3384	-177.791	-348.1335	170.3425	0.4182131	2.837158	0.3711471
3390	-169.1985	-340.7648	171.5663	0.284063	1.771527	0.4151259
3396	-170.1214	-341.9647	171.8433	0.05054236	1.743083	0.4758413
3402	-174.1957	-346.1344	171.9386	0.05977909	1.614575	0.620629
3408	-177.1968	-349.4077	172.2109	0.08908828	1.16015	0.8603706
3414	-175.7589	-347.9565	172.1976	0.05919986	1.341261	0.6552841
3420	-174.5686	-345.3871	170.8185	0.3181249	2.50096	0.5166568
3426	-169.4043	-340.7636	171.3593	0.570205	1.707777	0.4796511
3432	-175.3901	-347.4715	172.0814	0.4036962	1.153076	0.4985073
3438	-177.1693	-348.7642	171.5949	1.248874	0.7921646	0.5338942
3444	-181.8904	-354.062	172.1715	0.4852726	0.9601233	0.6101922
3450	-187.2238	-359.3995	172.1757	0.4412181	0.6490401	1.063417
3456	-187.9359	-359.186	171.2501	1.553819	0.6383221	0.8814065
3462	-178.5738	-348.8408	170.267	2.128952	1.160867	0.7295906
3468	-167.1186	-339.3337	172.2151	0.04127761	1.311107	0.7121556
3474	-170.3933	-342.5235	172.1303	0.03678846	1.435995	0.6444115
3480	-163.9659	-335.9451	171.9792	0.2186454	1.438784	0.4726891
3486	-167.6658	-339.9556	172.2898	0.02309752	1.129755	0.8809097
3492	-171.6366	-344.3263	172.6896	0.1465425	0.5147677	0.9801235
3498	-173.6899	-345.9457	172.2558	0.5514423	0.6344631	0.8819907
3504	-177.5155	-348.1391	170.6236	0.6087217	2.400057	0.4483291
3510	-171.2397	-342.6088	171.3692	0.2571638	1.973185	0.3736395
3516	-180.2987	-350.7975	170.4989	1.163577	1.871406	0.3050085
3522	-181.417	-352.4387	171.0217	0.1888204	2.42741	0.5111758
3528	-179.255	-351.3763	172.1214	0.3452595	1.148969	0.613754
3534	-175.4146	-347.618	172.2034	0.2184895	1.077306	0.8117412
3540	-189.5106	-361.59	172.0795	0.5311293	0.8992396	0.7977204
3546	-187.9901	-359.7092	171.719	0.6106396	1.153478	0.8322737
3552	-182.3371	-353.797	171.4599	0.0997312	2.077449	0.5232264
3558	-190.0016	-360.9025	170.9008	1.009018	1.728033	0.5116011
3564	-200.05	-369.9363	169.8862	1.315076	2.435838	0.5225816
3570	-198.9439	-369.6352	170.6913	0.8536845	2.083814	0.4349093
3576	-194.9965	-365.4169	170.4204	1.185806	2.022631	0.4349093
3582	-175.2606	-344.9838	169.7232	1.185806	2.674956	0.3529057
3588	-172.8564	-342.5155	169.6592	0.2727733	3.622514	0.3223436
3594	-173.1249	-343.3664	170.2415	1.871013	1.472305	0.6814429
3600	-170.2436	-341.8537	171.6101	0.4596342	1.472305	0.7523804
3606	-179.9321	-351.2468	171.3147	0.7384139	1.529211	0.6860645
3612	-175.6786	-347.1436	171.465	1.261289	0.7776435	0.8056207
3618	-173.0033	-343.5558	170.5525	1.130706	1.949719	0.4505719
3624	-173.8537	-344.4568	170.6031	0.9152373	2.116783	0.5399152
3630	-173.8926	-343.9268	170.0342	2.127013	1.47309	0.457528
3636	-187.2009	-356.4961	169.2951	2.127013	2.195962	0.4064629
3642	-181.5894	-351.0748	169.4854	2.526616	1.621889	0.5475661
3648	-166.4407	-337.7378	171.2971	0.2692452	2.071749	0.4944866
3654	-163.0562	-334.8162	171.76	0.2867872	1.590443	0.4795109
3660	-175.7075	-346.9186	171.211	1.01799	1.356492	0.6802007
3666	-176.2763	-347.24	170.9637	0.4692341	2.17481	0.6337161
3672	-187.3121	-359.3829	172.0708	0.4139976	1.036235	0.7824424
3678	-185.5803	-354.4589	168.8786	2.202235	2.50975	0.6704527
3684	-175.0405	-345.0593	170.0188	1.04687	2.376078	0.2483771
3690	-176.5243	-346.6905	170.1661	1.75266	1.666666	0.3547724
3696	-182.8102	-355.6073	172.7971	0.006213125	0.8346331	0.5092674
3702	-187.5699	-360.1364	172.5665	0.2689385	0.8025519	0.5092674
3708	-184.0734	-356.4973	172.4239	0.1880099	0.9499137	0.7215554
3714	-178.5179	-347.7413	169.2234	0.9721301	3.376022	0.3390254
3720	-188.5328	-359.2523	170.7195	0.4344144	2.438368	0.3635222
3726	-183.8047	-353.7544	169.9498	1.068683	2.61408	0.448964
3732	-183.4124	-352.3702	168.9578	2.356399	1.97027	1.045816
3738	-176.9206	-348.3291	171.4085	0.7597988	1.468966	0.5214086
3744	-176.0869	-347.5339	171.447	0.01497493	2.159149	0.4134095
3750	-170.6046	-342.1957	171.5911	0.4685461	1.570313	0.438713
3756	-171.2349	-343.1734	171.9385	0.6612254	0.9692364	0.7096867
3762	-168.2998	-340.3774	172.0776	0.06795017	1.409466	0.7324493
3768	-168.0612	-340.3089	172.2477	0.0421059	1.257609	0.7442319
3774	-170.7229	-342.5523	171.8294	0.1125532	1.662678	0.6407655
3780	-177.3918	-348.3369	170.9451	1.251565	1.400189	0.6577763
3786	-172.9372	-345.2853	172.3481	0.08179953	1.13153	0.7222424
3792	-175.9095	-348.2343	172.3249	0.01878943	1.290033	0.5485163
3798	-178.9598	-351.1425	172.1826	0.004993362	1.158776	0.9847476
3804	-177.4339	-349.9299	172.496	0.02445113	0.9577175	0.8385216
3810	-174.8647	-347.4774	172.6127	0.01273801	0.795822	0.9051813
3816	-172.0012	-343.3849	171.3837	0.2671655	1.934782	0.6800217
3822	-184.9904	-356.4022	171.4118	0.7894538	1.354866	0.7306717
3828	-184.2091	-355.3449	171.1358	1.706412	0.756225	0.6544674
3834	-181.6591	-351.7355	170.0764	0.6867266	2.784582	0.3163873
3840	-188.0178	-358.8593	170.8415	1.050925	1.738444	0.4421374
3846	-184.5655	-355.0295	170.464	0.7936461	2.380429	0.504525
3852	-174.1613	-344.7585	170.5971	0.7713441	2.147198	0.2915812
3858	-179.9835	-350.2699	170.2864	1.392027	1.959718	0.4998064
3864	-164.3285	-336.524	172.1955	0.4356461	1.004011	0.5396745
3870	-164.6419	-335.1131	170.4713	1.964846	1.111544	0.74387
3876	-165.0081	-337.3003	172.2922	0.09427469	1.161197	0.74387
3882	-171.7469	-343.5334	171.7866	0.8508368	0.9102646	0.74387
3888	-168.1115	-340.3472	172.2356	0.1623402	1.220291	0.6063663
3894	-191.1472	-362.9885	171.8413	0.312052	0.963389	1.197317
3900	-185.7477	-357.4069	171.6592	0.1331888	1.825209	0.6083017
3906	-183.5465	-354.9481	171.4016	0.6728215	1.53035	0.3816831
3912	-181.0109	-351.0691	170.0582	1.11922	2.303176	0.2692302
3918	-173.6211	-344.6546	171.0335	0.3660232	2.235539	0.4616189
3924	-179.3668	-350.2095	170.8427	0.559835	2.235539	0.5067588
3930	-172.3864	-343.0034	170.617	1.260389	1.74186	0.4090626
3936	-171.1481	-342.2103	171.0623	0.8837664	1.681348	0.4301605
3942	-181.7253	-351.3637	169.6384	2.313463	1.22425	1.145477
3948	-186.313	-356.1984	169.8854	2.071628	1.573058	0.7697734
3954	-174.6001	-346.7456	172.1455	0.4756406	0.7577672	0.9511495
3960	-187.2669	-359.5078	172.2409	0.3167114	0.8212498	0.9511495
3966	-179.4534	-349.7173	170.264	2.145749	1.114902	0.7774964
3972	-181.6017	-351.583	169.9813	2.145749	0.9833647	1.202742
3978	-175.6473	-346.2413	170.594	1.668347	1.368256	0.5637392
3984	-169.6435	-336.9729	167.3293	3.032974	2.765642	1.187666
3990	-179.7993	-350.9872	171.188	1.308327	1.135541	0.4460447
3996	-172.1571	-342.7644	170.6072	1.253614	1.777296	0.4973334
4002	-176.8916	-345.9888	169.0972	0.747723	3.777158	0.4155869
4008	-169.2135	-340.3655	171.152	0.07673057	2.372895	0.3767324
4014	-171.1456	-342.3249	171.1793	0.1587853	2.299163	0.4793917
4020	-174.0769	-345.6159	171.539	0.04255511	2.055703	0.4793917
4026	-183.8306	-353.6718	169.8412	2.404927	1.008345	1.074155
4032	-177.7723	-346.7764	169.0041	2.404927	1.98143	0.9388901
4038	-168.8611	-338.3021	169.441	2.404927	1.544561	0.9388901
4044	-174.9273	-344.9436	170.0163	1.735707	1.839384	0.3622439
4050	-175.9199	-345.0816	169.1617	2.255931	2.217006	0.5429454
4056	-188.1386	-357.3087	169.17	0.5301082	3.632076	0.2035072
4062	-177.4828	-348.692	171.2092	0.8210503	1.566669	0.3698849
4068	-176.2801	-347.4925	171.2124	1.191854	1.230914	0.5398153
4074	-174.565	-346.08	171.515	0.7679112	1.282935	0.7149632
4080	-178.7679	-349.8439	171.0761	0.9210228	1.615777	0.6210031
4086	-189.756	-360.9881	171.2321	0.242	2.160683	0.5422956
4092	-185.4156	-356.7621	171.3465	0.5918537	1.65493	0.3648125
4098	-185.9267	-356.7586	170.8319	0.5409807	2.205782	0.3467966
4104	-182.222	-351.2839	169.0619	2.202435	2.205782	0.8483205
4110	-178.9623	-350.5087	171.5464	0.6647038	1.324127	0.7623323
4116	-182.3005	-353.9086	171.6081	1.205912	0.787066	0.6488002
4122	-181.3992	-352.6195	171.2203	0.2621262	2.141902	0.421402
4128	-183.5287	-355.2882	171.7595	0.6124834	1.260593	0.5543805
4134	-173.6813	-345.465	171.7837	0.1187138	1.722845	0.4241174
4140	-179.9643	-351.8106	171.8463	0.06705233	1.722845	0.5317567
4146	-181.1394	-351.2424	170.103	1.883857	1.651166	0.5059829
4152	-166.4948	-337.5589	171.064	0.899412	1.651166	0.3992193
4158	-169.1766	-340.7735	171.5968	0.6809684	1.35351	0.4438458
4164	-171.8384	-343.5708	171.7325	0.06207498	1.834429	0.5707724
4170	-177.9123	-350.2977	172.3854	0.04122962	1.08455	0.7959674
4176	-164.9701	-337.1346	172.1645	0.02279107	1.45076	0.5060713
4182	-168.1589	-339.7715	171.6125	0.2359932	1.78805	0.5284818
4188	-183.0332	-354.5076	171.4744	0.2359932	1.78805	0.8127369
4194	-176.6571	-348.4199	171.7628	0.4543474	1.364284	0.6878223
4200	-187.054	-356.7851	169.7311	2.466839	1.007527	1.119187
4206	-180.9962	-351.896	170.8997	1.511025	1.187854	0.6541067
4212	-190.2869	-361.0191	170.7323	0.6023278	2.222473	0.729221
4218	-196.0145	-366.7488	170.7343	0.9211521	1.973053	0.5726097
4224	-199.4345	-370.1041	170.6696	1.522861	1.415324	0.3867665
4230	-186.4258	-357.28	170.8542	1.522861	1.051617	0.896875
4236	-187.8736	-358.9051	171.0315	1.022324	1.564677	0.4073657
4242	-195.646	-366.8947	171.2487	1.06328	1.325551	0.5170981
4248	-190.8894	-361.9404	171.0511	1.256331	1.325551	0.4507723
4254	-178.686	-349.8995	171.2134	1.219207	1.194136	0.5792533
4260	-181.9501	-353.6669	171.7168	0.7034864	0.8799696	1.030553
4266	-192.5105	-364.3176	171.8072	0.6171637	0.8723859	1.034009
4272	-202.2846	-374.6768	172.3922	0.1798741	0.6472298	1.106651
4278	-199.7304	-370.5819	170.8515	0.9318901	1.802258	0.6799246
4284	-194.0292	-365.1969	171.1677	0.510169	1.953581	0.5601076
4290	-191.4021	-362.3978	170.9958	0.6149154	2.027402	0.4947592
4296	-187.5444	-358.3644	170.8199	0.4994651	2.307257	0.5796804
4302	-177.0748	-347.5072	170.4324	1.477332	1.627088	0.3073897
4308	-174.6767	-344.0566	169.3799	1.566033	2.394318	0.2062821
4314	-184.7037	-353.957	169.2533	0.2318379	3.983577	0.2624696
4320	-175.4881	-346.1668	170.6787	0.0462029	2.835297	0.3277063
4326	-185.684	-356.7574	171.0734	0.02136069	2.439615	0.3054383
4332	-185.4285	-357.395	171.9665	0.05942008	1.569915	0.6598871
4338	-182.3039	-354.6016	172.2977	0.2230901	1.05792	0.6927439
4344	-178.4929	-350.1508	171.6579	0.6884811	1.288651	0.4616386
4350	-185.3423	-357.0709	171.7286	0.05422697	1.692283	0.8422921
4356	-188.8138	-359.3333	170.5195	1.875378	1.243251	0.496364
4362	-184.9901	-355.5425	170.5524	0.2925695	2.792399	0.5200537
4368	-175.7314	-345.8834	170.152	2.318745	0.9405231	0.9163545
4374	-171.013	-343.1304	172.1173	0.5154684	0.9405231	0.7022112
4380	-186.6423	-358.2872	171.6449	0.6418043	1.265617	0.7367479
4386	-183.4384	-353.7463	170.308	1.251869	2.076987	0.4746656
4392	-188.6245	-358.7739	170.1494	1.747233	1.741249	0.488372
4398	-187.5308	-358.6257	171.0949	0.7809888	1.741249	0.6094959
4404	-178.4795	-349.804	171.3244	1.360195	0.9471699	0.4458409
4410	-180.0192	-351.3341	171.3149	0.8153842	1.506748	0.5243043
4416	-201.0087	-371.2638	170.2551	0.8429366	2.529516	0.4308461
4422	-181.7651	-354.0133	172.2481	0.3849612	1.002277	0.4636479
4428	-185.6514	-357.3239	171.6725	0.1865294	1.777121	0.4691514
4434	-189.5059	-359.47	169.9641	0.5144728	3.087388	0.3333321
4440	-182.3235	-351.7263	169.4028	0.1075227	4.095582	0.3835514
4446	-182.2073	-351.2387	169.0315	1.000158	3.309336	0.2065411
4452	-193.6938	-364.009	170.3152	1.349942	1.972719	0.5115074
4458	-194.2968	-366.1643	171.8675	0.09237102	1.678036	0.5115074
4464	-182.0307	-353.5372	171.5065	0.1723667	1.938148	0.6100245
4470	-182.1252	-354.0302	171.905	0.03153542	1.59878	0.7621883
4476	-186.7145	-357.2077	170.4933	0.8260472	2.186896	0.8025693
4482	-171.9325	-344.1011	172.1685	0.2666965	1.067191	0.8075623
4488	-169.4069	-340.9875	171.5806	0.3343858	1.713542	0.4339218
4494	-184.8109	-355.8986	171.0876	1.122447	1.40025	0.6273653
4500	-173.7037	-343.8684	170.1647	0.9942814	2.37991	0.3090017
4506	-180.1861	-350.4956	170.3095	0.6308416	2.689261	0.5682019
4512	-169.4817	-341.887	172.4053	0.1994903	0.6174686	1.10394
4518	-178.0923	-349.6393	171.547	1.355998	0.6003987	0.8063418
4524	-173.5185	-345.7074	172.1888	0.1635753	1.275359	0.575434
4530	-172.3763	-344.1304	171.7541	0.05253498	1.82031	0.5787127
4536	-178.9563	-351.0017	172.0453	0.762424	0.7922684	0.6510027
4542	-179.346	-351.788	172.442	0.3766136	0.738033	0.7299009
4548	-187.9171	-360.0384	172.1214	0.4410087	0.7760302	0.9928463
4554	-181.3622	-353.3976	172.0355	0.8069798	0.7255989	0.7112864
4560	-187.4298	-353.2091	165.7793	3.0714	3.782282	1.576855
4566	-176.0926	-344.1145	168.0219	2.914542	2.32465	1.067993
4572	-179.6914	-345.814	166.1226	3.235962	3.096034	1.705189
4578	-173.6238	-339.7271	166.1033	3.235962	3.329286	1.55074
4584	-184.8065	-354.4429	169.6364	0.796973	3.199306	0.4495436
4590	-183.0247	-353.0936	170.0689	0.796973	2.746291	0.3945597
4596	-187.6725	-359.0828	171.4103	0.7338086	1.483693	0.5755115
4602	-185.8201	-357.6058	171.7857	0.8714495	0.955447	0.6217033
4608	-189.2049	-361.4864	172.2815	0.4604735	0.8499725	0.6676518
4614	-180.4412	-352.084	171.6428	0.4604735	1.523535	0.4284291
4620	-179.0278	-350.0729	171.0452	0.7514422	1.77935	0.697584
4626	-196.2898	-367.8782	171.5884	0.7514422	1.256751	0.6582818
4632	-178.8156	-348.7764	169.9608	2.42323	0.5616901	1.338613
4638	-173.1651	-345.0756	171.9106	0.3012536	1.059051	1.058756
4644	-171.2288	-343.1296	171.9009	0.673371	1.059051	0.5508524
4650	-170.6805	-341.9465	171.266	1.209276	1.121915	0.6571295
4656	-171.8631	-343.5507	171.6876	0.7220728	1.21474	0.587521
4662	-175.3876	-346.7637	171.376	0.6992076	1.553513	0.4345981
4668	-178.5335	-349.338	170.8045	0.7612229	2.071825	0.5167781
4674	-182.8048	-352.8734	170.0686	2.257967	1.257231	0.6834722
4680	-178.6112	-348.0469	169.4358	2.248007	1.70057	0.9454049
4686	-172.0941	-343.4749	171.3808	0.8376977	1.414377	0.5531625
4692	-168.0531	-337.1779	169.1247	2.445977	2.026221	0.6575682
4698	-175.5283	-343.4314	167.9031	2.792933	2.91153	0.634025
4704	-166.5346	-333.4809	166.9462	2.792933	3.896109	0.5387259
4710	-175.1767	-346.2203	171.0436	0.3032305	2.288442	0.4629681
4716	-170.0169	-337.7508	167.7339	1.568012	4.135282	0.2461447
4722	-181.8589	-350.7751	168.9162	0.1366577	4.568438	0.4137351
4728	-185.6294	-354.8335	169.2041	1.138519	3.25676	0.3733868
4734	-171.8852	-343.2627	171.3775	0.08889409	2.159793	0.4266574
4740	-169.4502	-340.9813	171.5311	0.7689403	1.320461	0.4119889
4746	-172.7113	-344.5322	171.8209	0.1776997	1.59738	0.659497
4752	-181.7817	-352.329	170.5473	1.252251	1.83477	0.4574065
4758	-191.5948	-361.9663	170.3715	1.244511	2.021701	0.4852405
4764	-188.642	-359.1712	170.5292	1.099342	2.009186	0.4852405
4770	-203.2892	-374.7725	171.4833	0.7247769	1.360514	0.7102908
4776	-186.3484	-357.9305	171.5821	0.851513	1.026554	0.8603403
4782	-179.148	-351.2192	172.0712	0.1334225	1.340611	0.7475015
4788	-186.8889	-359.1015	172.2126	0.2627025	0.7608275	1.091234
4794	-189.324	-361.327	172.0031	0.2364453	1.341299	0.6889341
4800	-181.4314	-352.5935	171.1621	0.1639099	2.312055	0.5041852
4806	-176.3477	-347.0954	170.7477	0.3047908	2.459363	0.2889451
4812	-178.8572	-349.8232	170.966	0.5152742	2.065923	0.3159578
4818	-183.0195	-352.5791	169.5596	0.1711002	3.700782	0.2434142
4824	-169.7876	-340.9181	171.1305	0.4774023	2.019381	0.4299967
4830	-174.9306	-346.6342	171.7035	0.3870291	1.536228	0.5791291
4836	-181.5448	-353.6927	172.1479	0.1074203	0.9969126	1.076304
4842	-173.8965	-345.5665	171.6699	0.5787712	1.174327	0.9032456
4848	-171.9606	-344.0855	172.1249	0.3166285	1.174327	0.6132185
4854	-175.1438	-345.5809	170.4372	1.551861	1.630805	0.6018104
4860	-175.5587	-345.5489	169.9902	0.5240293	2.939044	0.2541897
4866	-178.868	-350.2076	171.3396	0.5285003	1.744782	0.6208275
4872	-183.3978	-355.168	171.7702	0.2782697	1.576034	0.5871454
4878	-181.6991	-351.8303	170.1312	0.8713648	2.634858	0.5194956
4884	-184.0783	-352.7469	168.6685	0.419717	4.500998	0.3595272
4890	-180.4796	-350.624	170.1444	0.530433	2.943997	0.4080582
4896	-176.9203	-348.2592	171.3388	1.116302	0.7775629	1.094394
4902	-172.9172	-345.0261	172.1089	0.3371996	0.7775629	1.102687
4908	-174.3517	-345.7721	171.4205	1.658866	0.3882568	0.8514325
4914	-191.3756	-364.5475	173.1719	0.03308268	0.4159203	0.5986997
4920	-177.3162	-349.7331	172.4168	0.16269	0.9008534	0.8357145
4926	-179.9935	-352.3585	172.365	0.1029878	1.012421	0.8357145
4932	-174.4772	-346.9527	172.4755	0.002825985	1.102281	0.6893727
4938	-181.348	-353.79	172.442	0.3211714	0.8507521	0.6182085
4944	-181.0362	-352.2336	171.1974	1.394338	1.02171	0.6195474
4950	-183.8785	-356.0765	172.198	0.2312602	0.9807412	0.9176869
4956	-189.1709	-360.6282	171.4573	0.6769188	1.499565	0.548018
4962	-178.9255	-349.6555	170.73	0.3509803	2.487514	0.3358249
4968	-174.1397	-344.285	170.1453	1.090999	2.398005	0.5452572
4974	-179.3895	-351.5539	172.1644	0.0710072	1.340914	0.6970414
4980	-172.9085	-343.2181	170.3096	0.2479213	3.032728	0.3608147
4986	-183.5089	-353.8494	170.3405	1.763962	1.530887	0.5383123
4992	-188.6687	-359.4123	170.7436	1.849945	0.9757047	0.7092753
4998	-182.9531	-354.9588	172.0057	0.2990316	0.8753198	1.142012
5004	-182.0367	-352.6788	170.642	1.691224	1.1715	0.804521
5010	-180.6284	-352.1836	171.5552	0.5317974	1.375534	0.857481
5016	-173.3416	-344.0396	170.698	1.667409	1.204734	0.7076873
5022	-168.519	-340.5396	172.0206	0.3449974	1.266323	0.5578414
5028	-175.1826	-345.75	170.5673	0.1118898	2.951115	0.4401374
5034	-174.8332	-345.7773	170.9441	0.2111768	2.455071	0.391252
5040	-188.1969	-359.6341	171.4372	0.06290949	2.128298	0.5731374
5046	-183.1647	-354.9149	171.7502	0.02890424	1.855507	0.5428898
5052	-169.0681	-341.6573	172.5892	0.01007382	0.9187419	0.7866258
5058	-171.8341	-344.2909	172.4568	0.01455474	0.7193448	1.132499
5064	-180.2981	-352.8757	172.5776	0.02540506	0.9428525	0.7465973
5070	-191.2384	-362.5954	171.357	0.6238685	1.655679	0.4724395
5076	-178.1981	-350.0029	171.8048	0.1023386	1.679178	0.6786189
5082	-175.1204	-347.2549	172.1346	0.5209477	0.9308498	0.6786189
5088	-176.6932	-347.035	170.3418	2.171377	0.9308498	0.8793244
5094	-183.9284	-355.004	171.0756	1.46881	1.027137	0.7053
5100	-187.1001	-359.3926	172.2925	0.4839914	0.4594847	1.091407
5106	-192.3346	-363.8765	171.5419	0.9150922	0.902537	0.9713045
5112	-192.4498	-362.8845	170.4347	1.605831	1.582864	0.4191029
5118	-174.8786	-345.7721	170.8935	0.1546329	2.575258	0.4191029
5124	-185.441	-356.655	171.214	0.4563666	1.924859	0.6611756
5130	-191.2853	-363.5498	172.2645	0.06770621	1.158075	0.8232723
5136	-197.0796	-367.865	170.7853	0.7382148	2.099293	0.592575
5142	-183.7648	-353.8624	170.0975	1.314831	2.163788	0.6973257
5148	-192.7282	-364.4878	171.7596	0.7640545	1.113102	0.4739983
5154	-192.8435	-364.7456	171.9021	0.5486173	1.186309	0.5236015
5160	-181.9127	-353.2603	171.3476	0.6017168	1.560832	0.2877873
5166	-195.1598	-363.2419	168.0822	1.162508	4.361034	0.3832343
5172	-202.0142	-372.8741	170.8599	0.8710225	1.905882	0.5261799
5178	-197.4865	-368.929	171.4425	1.307561	0.8695213	0.6026434
5184	-192.3856	-363.5125	171.1269	1.514235	0.9626993	0.6426391
5190	-189.8278	-362.1554	172.3276	0.1475412	0.6019979	1.230963
5196	-198.1879	-368.5099	170.322	1.922381	0.6872436	1.349828
5202	-174.4767	-346.8283	172.3515	0.4527922	0.5148736	1.012
5208	-171.9099	-344.6294	172.7196	0.06261673	0.6152952	0.9313358
5214	-173.5326	-345.2351	171.7025	0.1882323	1.720898	0.6239986
5220	-184.328	-356.1893	171.8613	0.4884818	1.128635	0.8381577
5226	-172.7368	-345.5667	172.8299	0.0354795	0.6130657	0.8381577
5232	-173.7817	-345.4681	171.6865	0.5037182	1.363231	0.7349968
5238	-190.6741	-363.0754	172.4013	0.1038654	1.050477	0.7315438
5244	-187.7836	-358.472	170.6884	1.325099	1.622127	0.5361897
5250	-184.4686	-356.2103	171.7416	1.140395	0.753592	0.5361897
5256	-182.738	-353.6616	170.9236	1.749018	0.8032378	0.8413646
5262	-191.2295	-363.4331	172.2036	0.6158026	0.7353954	0.7328712
5268	-195.037	-366.4941	171.4571	0.2534439	1.909691	0.6006645
5274	-180.9381	-352.6351	171.6971	1.062296	0.7969273	0.7304263
5280	-182.9859	-354.6277	171.6418	0.5546142	1.338535	0.7627957
5286	-173.0625	-343.4187	170.3562	2.10082	0.8074534	1.064821
5292	-182.5479	-354.5911	172.0432	0.5889707	0.7444137	0.9536199
5298	-184.2948	-356.2771	171.9823	0.9984265	0.6567058	0.5184644
5304	-175.1893	-346.2018	171.0125	0.664376	1.959023	0.5342621
5310	-198.8413	-371.0885	172.2472	0.164533	1.1039	0.7898835
5316	-193.4938	-364.8148	171.321	0.6055799	1.33649	1.066165
5322	-174.9001	-344.6523	169.7522	2.409261	1.150741	1.018886
5328	-182.3496	-351.4518	169.1022	2.409261	2.099454	0.6258838
5334	-178.4112	-350.3612	171.95	0.3889324	1.062895	0.9266298
5340	-174.8645	-346.4545	171.5899	0.4936974	1.395077	0.8377807
5346	-174.3932	-346.7907	172.3976	0.1495559	1.062693	0.6286511
5352	-197.674	-369.3708	171.6969	0.5175451	1.236284	0.8715476
5358	-194.0344	-366.0096	171.9752	0.6054866	1.026652	0.6346123
5364	-179.4515	-348.4557	169.0042	2.329557	2.204511	0.7579718
5370	-172.8472	-343.7695	170.9223	0.4008686	2.314284	0.5187144
5376	-162.1958	-333.2028	171.007	1.272403	1.346112	0.4245796
5382	-175.4201	-345.6665	170.2464	1.661759	1.725382	0.5494679
5388	-171.9726	-343.2834	171.3108	0.5879219	1.725382	0.5884198
5394	-177.1436	-348.8907	171.7471	0.1961125	1.680905	0.5884198
5400	-170.7831	-342.7135	171.9305	0.4279365	1.049367	0.9201408
5406	-181.0198	-353.1064	172.0866	0.2271653	0.9372309	1.077435
5412	-172.3971	-343.7505	171.3534	0.7788892	1.485434	0.6079746
5418	-167.9889	-339.7642	171.7754	0.3390443	1.522735	0.5224636
5424	-169.1687	-339.893	170.7242	1.000875	1.90774	0.4503641
5430	-169.9337	-341.4277	171.494	0.3795243	1.747451	0.5984047
5436	-173.9293	-343.4696	169.5402	2.184936	1.837273	0.7205654
5442	-170.9367	-342.9707	172.034	0.5192318	1.078427	0.4451964
5448	-179.7397	-352.325	172.5853	0.03769714	0.9138501	0.7599591
5454	-176.2384	-348.3702	172.1318	0.009884302	1.496412	0.5029959
5460	-174.7305	-346.3789	171.6484	0.7255202	1.263946	0.5119444
5466	-178.1496	-348.8439	170.6943	1.457649	1.466223	0.606659
5472	-177.7843	-348.3726	170.5883	1.276367	1.745655	0.6274806
5478	-167.1692	-339.1386	171.9694	0.5353033	1.033546	0.7579639
5484	-183.1589	-353.4395	170.2807	1.855986	1.475703	0.6222131
5490	-183.7846	-353.6162	169.8316	2.191598	0.8064389	1.429455
5496	-182.0593	-351.6854	169.6261	2.569147	1.020968	1.109518
5502	-179.8775	-349.6421	169.7646	2.569147	1.020968	0.9762794
5508	-180.9308	-352.3707	171.4399	0.8042159	1.359766	0.6424609
5514	-191.2313	-362.0335	170.8022	1.710839	1.023131	0.7609837
5520	-182.1573	-353.9103	171.753	0.5201876	1.322057	0.6610083
5526	-181.1552	-352.8585	171.7033	0.451983	1.322057	0.8395319
5532	-168.308	-339.8967	171.5888	1.228876	0.7947285	0.6222354
5538	-171.4002	-340.1295	168.7293	2.620409	1.719464	1.237646
5544	-179.8876	-348.8121	168.9245	2.620409	1.549794	1.21614
5550	-177.567	-346.612	169.045	2.620409	0.8398811	1.669161
5556	-168.1314	-340.1794	172.048	0.6479983	0.5523527	1.079903
5562	-179.2722	-351.5	172.2278	0.5296375	0.65399	0.9160986
5568	-173.2151	-345.1792	171.9641	0.9497452	0.65399	0.7115376
5574	-172.8929	-344.5805	171.6875	0.01435928	1.843522	0.7472535
5580	-172.298	-344.2275	171.9296	0.0126249	1.695634	0.4875923
5586	-170.2921	-341.0207	170.7286	1.549743	1.353576	0.4462513
5592	-172.9611	-343.5947	170.6336	1.549743	1.442443	0.4254354
5598	-172.0405	-343.4253	171.3848	0.2681787	1.975763	0.4346033
5604	-170.5361	-342.3455	171.8094	0.03562939	1.789405	0.5444613
5610	-175.6103	-347.063	171.4527	0.02891183	2.155328	0.5252336
5616	-173.514	-345.274	171.76	0.02653503	1.805576	0.6674609
5622	-174.7045	-346.3274	171.6228	0.3543737	1.658127	0.5382953
5628	-168.7199	-340.3438	171.6238	0.2230713	1.788004	0.460908
5634	-171.2741	-341.7688	170.4947	1.598945	1.541305	0.460908
5640	-181.9634	-352.5944	170.631	1.033155	1.943028	0.3856797
5646	-185.2193	-356.3544	171.135	0.568239	1.934735	0.4919518
5652	-186.9825	-356.6771	169.6946	2.210489	1.729459	0.4588513
5658	-183.4412	-352.2725	168.8313	2.210489	2.551625	0.6648038
5664	-190.264	-360.2508	169.9868	0.2205853	3.4303	0.5152643
5670	-193.3989	-362.5921	169.1931	2.588104	1.64013	0.9051078
5676	-177.357	-348.1659	170.8089	0.5429144	2.28627	0.5035021
5682	-164.2379	-335.9629	171.725	1.123395	0.7897135	0.5035021
5688	-164.3137	-335.9196	171.6059	0.515864	1.399917	0.7815954
5694	-166.3692	-338.3625	171.9933	0.1650525	1.342318	0.8098515
5700	-165.3955	-337.0156	171.6201	1.16057	0.8571359	0.4869043
5706	-173.059	-345.669	172.6101	0.02041789	1.006085	0.472412
5712	-179.9417	-351.2627	171.321	0.2568785	2.043506	0.5972945
5718	-175.7736	-348.0324	172.2588	0.08838407	1.212462	0.725119
5724	-168.2611	-340.6421	172.3809	0.1760253	1.002663	0.725119
5730	-172.5982	-343.858	171.2597	0.4746364	1.889072	0.4191131
5736	-189.9245	-361.7583	171.8338	0.4681537	1.322326	0.5879287
5742	-187.7034	-357.6866	169.9832	2.120382	1.229644	0.9980593
5748	-182.098	-354.1607	172.0627	0.3186699	1.141024	0.7806632
5754	-184.6869	-356.7622	172.0753	0.2382933	1.080752	0.9347548
5760	-183.0073	-355.1026	172.0953	0.1590825	1.051628	1.025003
5766	-173.2	-344.3624	171.1625	0.5659046	1.896197	0.5869821
5772	-170.0989	-341.5292	171.4303	0.9904505	1.21603	0.5265669
5778	-167.8923	-338.947	171.0547	0.493619	2.015636	0.3313176
5784	-176.6793	-348.1651	171.4858	0.1752263	1.974485	0.4646705
5790	-172.8676	-341.7436	168.876	2.183439	2.55098	0.6270806
5796	-179.5319	-350.62	171.0881	0.2006287	2.290532	0.3474683
5802	-182.3109	-353.568	171.2571	0.08885779	2.290532	0.4717769
5808	-192.1259	-363.0253	170.8994	0.7718725	1.803751	0.2659756
5814	-182.6312	-350.4399	167.8087	0.7718725	4.726342	0.1951111
5820	-196.5864	-362.8128	166.2265	1.654145	5.459334	0.2061936
5826	-185.3879	-355.7625	170.3746	1.171475	1.970521	0.2922504
5832	-177.2914	-347.9869	170.6955	1.379861	1.548806	0.4210415
5838	-179.6348	-350.5669	170.932	1.256411	1.421706	0.3908476
5844	-182.4594	-353.378	170.9186	0.7728049	1.918709	0.3908476
5850	-189.0119	-361.0237	172.0117	0.3940367	1.229815	0.4650897
5856	-175.8014	-347.5511	171.7496	0.6506026	1.229815	0.5662669
5862	-188.9962	-358.1432	169.147	0.608805	3.80759	0.3307904
5868	-185.9431	-357.7127	171.7696	0.7240488	1.138879	0.5549493
5874	-179.6568	-351.4804	171.8236	0.4058842	1.372541	0.6466466
5880	-179.162	-350.3352	171.1733	0.5523744	1.904966	0.5639379
5886	-185.2991	-355.5297	170.2305	0.8514956	2.55493	0.4761411
5892	-182.6218	-351.8548	169.233	2.214296	2.190064	0.5195669
5898	-176.9675	-345.3948	168.4272	2.125272	3.079803	0.447955
5904	-183.3027	-351.1106	167.808	0.1264325	5.394657	0.2024236
5910	-190.446	-361.97	171.524	0.2967369	1.79825	0.6043233
5916	-186.4418	-357.7591	171.3173	0.493255	1.79825	0.6310619
5922	-195.3427	-364.4758	169.1331	2.509096	1.532976	1.146327
5928	-190.4557	-359.9004	169.4447	2.509096	1.427326	0.9487834
5934	-203.1078	-372.3527	169.2448	2.509096	1.261113	1.282547
5940	-179.7921	-351.8476	172.0555	0.3251838	0.6995165	1.228371
5946	-180.0724	-351.9812	171.9088	0.9912099	0.6995165	0.6521655
5952	-183.3646	-355.6045	172.2399	0.5943776	0.7301676	0.7172697
5958	-185.7706	-354.9913	169.2207	2.659295	1.417306	1.033419
5964	-181.4889	-351.8939	170.4049	0.8380114	2.358575	0.6478054
5970	-174.97	-345.1302	170.1602	1.038851	2.429766	0.4346806
5976	-182.0518	-352.6192	170.5674	0.6562789	2.414306	0.4916076
5982	-171.0776	-342.0731	170.9954	0.3729166	2.269652	0.4916076
5988	-184.917	-354.7696	169.8526	1.184561	2.592336	0.4370752
5994	-179.4287	-349.9841	170.5553	1.864399	1.209757	0.4370752
6000	-170.7752	-342.7263	171.9511	0.7107965	0.8647287	0.7746683
6006	-169.1343	-341.6469	172.5126	0.04242124	1.068733	0.5897803
6012	-173.7805	-344.8525	171.072	0.01490719	2.512427	0.3733098
6018	-177.5675	-349.1311	171.5636	0.07772604	1.993888	0.4627239
6024	-192.3209	-363.7671	171.4462	0.7465899	1.416864	0.6289842
6030	-175.7643	-346.5609	170.7966	0.9874748	1.852859	0.4758368
6036	-187.7988	-358.3959	170.5971	0.7469006	2.265799	0.6285582
6042	-178.2544	-349.0501	170.7957	0.3410263	2.498048	0.5420545
6048	-174.205	-345.0368	170.8318	0.2359567	2.498048	0.3331769
6054	-168.4456	-339.7555	171.3099	0.7614593	1.563548	0.4607795
6060	-174.8579	-346.2439	171.386	0.7322306	1.288517	0.9212282
6066	-162.9924	-334.5238	171.5315	0.130643	1.975933	0.4929663
6072	-178.1038	-350.3526	172.2488	0.06328774	1.325917	0.4929663
6078	-173.0237	-344.2026	171.1789	0.1879214	2.253261	0.4109061
6084	-180.2523	-351.07	170.8177	0.1078423	2.711558	0.4778925
6090	-182.7603	-353.8227	171.0624	0.854693	1.720932	0.5088963
6096	-185.8666	-357.3886	171.522	0.2998964	1.721046	0.7509394
6102	-168.9956	-340.2996	171.304	1.13893	1.164788	0.386663
6108	-173.1448	-344.4532	171.3085	0.2303849	2.094089	0.5527983
6114	-175.7654	-347.758	171.9926	0.05396387	1.550516	0.6573077
6120	-173.4061	-343.521	170.1149	1.604368	1.879445	0.3724607
6126	-188.4397	-358.6352	170.1955	1.12275	2.231751	0.3183364
6132	-195.3835	-366.9143	171.5307	0.5153864	1.550926	0.6573522
6138	-185.2528	-356.7888	171.536	0.424086	1.64799	0.632743
6144	-179.1657	-348.4787	169.313	1.770601	2.547121	0.4414699
6150	-177.7326	-348.7487	171.0161	1.444232	0.7293231	1.133474
6156	-179.2258	-349.7904	170.5646	1.642794	1.420091	0.5765631
6162	-181.0222	-350.7572	169.735	1.66944	2.194151	0.3723157
6168	-181.768	-351.8529	170.0849	1.775548	1.777127	0.4831578
6174	-197.5001	-366.5854	169.0854	1.735245	2.802357	0.5922146
6180	-179.079	-350.2063	171.1274	0.5815619	1.896806	0.6382692
6186	-176.7881	-347.8791	171.0909	1.093942	1.426381	0.6250184
6192	-179.9984	-350.7849	170.7865	0.277767	2.571814	0.5325293
6198	-172.3477	-344.0662	171.7185	0.6644137	1.165162	0.7432849
6204	-181.2476	-353.2545	172.007	0.06650619	1.414992	0.8255822
6210	-182.6874	-353.9645	171.2771	1.165245	1.116747	0.7259738
6216	-174.1764	-345.5975	171.4211	0.3925314	1.806465	0.4109184
6222	-168.4696	-340.416	171.9464	0.3924201	1.28564	0.5872269
6228	-177.3441	-348.4932	171.1491	0.7359841	1.753012	0.4960117
6234	-182.2605	-353.7547	171.4941	0.4329769	1.71042	0.4827029
6240	-177.7319	-349.5843	171.8524	0.2636103	1.43643	0.7364835
6246	-185.1589	-356.4969	171.338	0.2266133	2.057794	0.5939091
6252	-178.9591	-348.0018	169.0427	1.846538	2.747254	0.4721032
6258	-188.2397	-357.8525	169.6128	1.358215	2.549629	0.2951375
6264	-183.0172	-353.8984	170.8811	1.603725	1.120029	0.3819158
6270	-178.5534	-348.8793	170.326	1.272353	2.039226	0.4828577
6276	-174.0776	-345.43	171.3524	0.8810022	1.403772	0.5221873
6282	-177.1656	-349.0869	171.9214	0.2839226	1.412064	0.6090108
6288	-171.424	-342.9163	171.4922	0.5976707	1.540171	0.5662577
6294	-174.4135	-343.6874	169.2738	2.501475	1.854753	0.5662577
6300	-173.3507	-343.9022	170.5515	1.618314	1.441513	0.393008
6306	-174.7026	-343.7844	169.0818	1.10271	3.363615	0.3166993
6312	-176.4776	-346.9276	170.45	1.478271	1.625004	0.3212387
6318	-169.3018	-339.12	169.8181	1.065938	2.661093	0.3142145
6324	-173.8468	-344.112	170.2652	0.822124	2.514077	0.376501
6330	-171.7862	-341.4785	169.6923	0.0765037	3.798528	0.3346711
6336	-171.7698	-342.3042	170.5344	0.3699207	2.513397	0.2370574
6342	-182.9146	-355.5272	172.6126	0.2186169	0.7496727	0.6887925
6348	-177.3323	-348.2085	170.8762	1.797698	0.7600898	0.8908243
6354	-177.6068	-348.4277	170.821	0.2849229	2.531855	0.4859724
6360	-184.1099	-355.7973	171.6874	0.5507705	1.389619	0.5753667
6366	-175.9468	-347.6208	171.674	0.456973	1.506046	0.5238274
6372	-182.4895	-353.4332	170.9437	1.156616	1.503957	0.3808981
6378	-175.238	-346.7961	171.5581	0.1309612	1.94451	0.4538621
6384	-185.8859	-357.5448	171.659	0.2272566	1.730051	0.6119715
6390	-176.2425	-348.2705	172.028	0.4110317	1.124799	0.7182552
6396	-177.7209	-347.2614	169.5405	2.739127	1.124799	0.9237613
6402	-179.7367	-349.5141	169.7774	2.113088	1.713672	0.6419753
6408	-167.2023	-339.7132	172.5109	0.1865741	0.9066772	0.6419753
6414	-191.9846	-359.3345	167.3499	2.680834	3.574194	0.3819103
6420	-182.7124	-353.4786	170.7662	0.295012	2.509974	0.3386416
6426	-175.2109	-346.5985	171.3875	0.1629262	2.086418	0.4753209
6432	-178.8698	-350.9169	172.0471	0.03195875	1.552822	0.5580828
6438	-179.5312	-349.1355	169.6043	2.377841	1.587242	0.7089298
6444	-194.7791	-364.3821	169.603	2.377841	1.587242	0.7112075
6450	-187.8834	-356.478	168.5947	1.525288	3.442461	0.3297889
6456	-183.2238	-350.2655	167.0417	0.9990491	5.267001	0.1953823
6462	-191.1447	-361.3035	170.1588	2.009237	1.457213	0.4239729
6468	-191.9787	-363.8965	171.9177	0.5750755	1.142479	0.5385989
6474	-197.5214	-367.2757	169.7542	2.42859	0.9849374	1.152898
6480	-189.9689	-361.9282	171.9593	0.1012241	1.370844	0.8938328
6486	-181.8076	-354.3644	172.5568	0.150135	0.7893471	0.8155833
6492	-179.2959	-351.6447	172.3488	0.1642259	0.7893471	1.028519
6498	-181.8551	-354.1903	172.3352	0.1170377	0.9888162	0.8828191
6504	-180.4832	-352.7811	172.298	0.061353	1.108559	0.8510438
6510	-185.4178	-357.0423	171.6245	0.3938939	1.597553	0.612783
6516	-197.1648	-369.2944	172.1295	0.5509415	0.9087775	0.6730075
6522	-190.4606	-362.0626	171.602	0.9736893	0.622128	1.126091
6528	-177.5459	-349.2435	171.6976	0.1765195	1.582327	0.864787
6534	-177.2165	-350.0655	172.849	0.2392406	0.5114694	0.6516861
6540	-176.6555	-348.7996	172.1442	0.1628415	1.108015	0.912168
6546	-177.7504	-349.2663	171.5158	0.9340999	1.13439	0.3533795
6552	-177.1497	-348.8566	171.7069	0.7957123	1.13439	0.476552
6558	-172.7657	-344.2205	171.4548	1.135524	1.029158	0.6029313
6564	-177.9499	-346.8006	168.8507	1.431257	3.227494	0.2872944
6570	-176.2145	-345.8035	169.589	0.6716892	3.227494	0.2737179
6576	-184.5146	-352.972	168.4573	0.316872	4.71397	0.2737179
6582	-188.3476	-358.1228	169.7752	1.114731	2.684323	0.3419275
6588	-190.253	-361.9698	171.7168	0.8429905	1.013614	0.7020739
6594	-199.8834	-371.2518	171.3684	0.5408944	1.666946	0.6970773
6600	-189.4408	-359.1679	169.7271	0.6817604	3.227569	0.4712996
6606	-184.5532	-354.7236	170.1703	1.138274	2.24207	0.3189741
6612	-181.3284	-353.5979	172.2695	0.1852885	1.183345	0.5049037
6618	-167.7187	-338.9773	171.2585	0.1852885	2.194149	0.5087979
6624	-179.4128	-350.5597	171.1469	0.2951728	2.194149	0.4696024
6630	-170.8091	-341.4341	170.625	1.417865	1.589666	0.4490879
6636	-182.0949	-352.4609	170.366	1.237827	2.017009	0.4126791
6642	-198.5186	-369.4283	170.9097	1.401194	1.309971	0.4126791
6648	-188.3553	-360.387	172.0317	0.4015548	1.204179	0.5183526
6654	-202.6034	-374.2311	171.6277	0.4468723	1.454517	0.7711446
6660	-190.756	-362.5202	171.7642	0.1184773	1.652621	0.7622663
6666	-203.3845	-375.3099	171.9254	0.1774884	1.293412	0.9325666
6672	-201.2371	-373.3503	172.1132	0.1993888	1.057775	0.96011
6678	-183.6731	-355.8199	172.1469	0.5152494	0.8868375	0.7418636
6684	-187.1932	-356.9454	169.7521	2.1006	1.19905	1.252201
6690	-175.1863	-345.8368	170.6505	2.006613	0.9352078	0.6669305
6696	-168.76	-339.8404	171.0803	0.5445087	1.967517	0.6669305
6702	-179.819	-351.0177	171.1987	0.2666139	2.127074	0.6669305
6708	-177.716	-347.086	169.37	1.873155	2.21112	0.2547475
6714	-192.4726	-358.9612	166.4886	3.001511	3.91935	0.9183054
6720	-178.1134	-347.6527	169.5393	0.8112573	3.177036	0.3001971
6726	-184.9662	-355.6763	170.7101	0.05321643	2.86702	0.4401651
6732	-188.395	-360.1356	171.7406	0.76199	1.044606	0.7446172
6738	-181.0634	-352.0117	170.9483	1.744175	0.8546679	0.7446172
6744	-188.0541	-359.0321	170.978	0.3775716	2.232622	0.6751307
6750	-173.9094	-345.4967	171.5873	0.06603275	1.892858	0.7460666
6756	-166.297	-338.3851	172.0881	0.1443271	1.366735	0.6529141
6762	-169.231	-340.1673	170.9363	0.4945464	2.187887	0.6051368
6768	-176.9936	-348.2438	171.2503	0.4945464	1.893238	0.5066452
6774	-180.393	-351.1095	170.7165	1.435526	1.479007	0.5620648
6780	-177.9939	-348.5486	170.5547	1.789457	1.226479	0.7068217
6786	-174.9294	-345.6629	170.7336	0.8806836	2.01771	0.4465708
6792	-169.5731	-341.1951	171.6219	0.415902	1.592612	0.5645831
6798	-176.9147	-347.2643	170.3496	0.2275546	3.060708	0.5125421
6804	-185.0276	-354.7924	169.7647	0.5382176	3.096803	0.2292006
6810	-179.6327	-349.5801	169.9474	0.07595848	3.502832	0.2991322
6816	-182.2872	-352.2663	169.9791	0.8693324	2.747095	0.367837
6822	-192.7202	-362.9547	170.2345	1.58648	1.807745	0.5718035
6828	-198.8342	-369.4795	170.6454	0.8626993	2.129355	0.5190086
6834	-205.9927	-375.8533	169.8606	1.449801	2.32703	0.5194476
6840	-194.3454	-364.5158	170.1704	1.319845	2.13868	0.4351337
6846	-185.6662	-356.8771	171.211	0.2240023	2.200251	0.5391747
6852	-189.559	-361.9538	172.3948	0.4451908	0.7669246	0.6356092
6858	-184.8472	-357.2598	172.4126	0.3719361	0.8182659	0.6449044
6864	-178.1184	-349.6225	171.5041	0.7959005	1.332822	0.4501599
6870	-174.1012	-344.0887	169.9875	1.702237	1.874085	0.3311778
6876	-175.2033	-346.6169	171.4136	0.2694605	1.874085	0.7290538
6882	-179.5188	-349.2285	169.7097	1.200108	2.64495	0.3226179
6888	-173.3052	-344.0474	170.7422	0.2501325	2.64495	0.4798878
6894	-169.0182	-339.9527	170.9344	0.2251311	2.475276	0.5416207
6900	-179.6037	-350.4046	170.8009	0.5052	2.252895	0.3265234
6906	-167.175	-336.2884	169.1134	0.8149518	3.48487	0.2350323
6912	-175.311	-346.389	171.078	0.9590625	1.600727	0.5129733
6918	-178.6073	-349.8458	171.2385	0.2725584	2.11322	0.5878063
6924	-177.9376	-348.6656	170.728	1.060833	1.849284	0.4990538
6930	-180.747	-352.2258	171.4788	0.3655718	1.789183	0.5491631
6936	-175.579	-345.3779	169.7989	1.554681	2.184615	0.3084929
6942	-183.5772	-353.8669	170.2897	2.331926	0.8108802	0.8926085
6948	-169.4653	-340.9239	171.4585	0.7228628	1.440596	0.5953329
6954	-173.6368	-345.1242	171.4874	0.4018412	1.72199	0.6251253
6960	-170.6037	-341.5235	170.9199	0.7201817	1.810108	0.8721774
6966	-181.2264	-353.4521	172.2257	0.3599119	0.815711	0.9271401
6972	-162.7613	-334.7864	172.025	0.1770408	1.432824	0.5412585
6978	-173.1564	-344.2398	171.0834	1.318669	1.22127	0.5909
6984	-172.0875	-344.3929	172.3054	0.04060693	1.278525	0.5871194
6990	-176.5381	-347.9051	171.367	0.8559736	1.411618	0.5429979
6996	-179.3867	-349.5741	170.1874	1.097267	2.327116	0.3938382
7002	-173.726	-343.8489	170.1229	1.1959	2.208746	0.3002095
7008	-182.0342	-353.3001	171.2659	0.5748326	1.784722	0.4244793
7014	-173.6186	-344.4921	170.8734	0.3603377	2.384407	0.4066234
7020	-171.7206	-343.1339	171.4133	0.5399349	1.683479	0.5271137
7026	-178.9091	-351.2004	172.2913	0.2656777	0.9502949	0.8012002
7032	-178.6674	-350.9399	172.2725	0.05173056	1.244799	0.7096058
7038	-180.5978	-350.7483	170.1505	0.2229441	3.264348	0.4872881
7044	-184.2607	-354.3647	170.104	0.1379228	3.264348	0.2851754
7050	-179.9013	-350.7359	170.8346	0.5618395	2.150599	0.315815
7056	-184.6994	-355.0849	170.3856	0.3035024	2.922506	0.3934148
7062	-184.0023	-355.1749	171.1726	0.2819971	2.076597	0.7681668
7068	-181.9946	-353.3784	171.3838	0.4203602	1.807565	0.6238224
7074	-194.6944	-366.7645	172.07	0.5882902	0.9643032	0.5933095
7080	-191.8461	-362.848	171.0019	1.672416	0.9213316	0.6601894
7086	-194.4473	-365.7767	171.3294	0.2583593	2.046636	0.5445717
7092	-195.8367	-367.1552	171.3185	0.5469592	1.712567	0.6939102
7098	-203.9709	-375.4266	171.4557	0.2389375	1.929222	0.5892726
7104	-195.6683	-365.2984	169.6301	1.585268	2.380035	0.3676811
7110	-184.3471	-356.3969	172.0499	0.1368225	1.451429	0.4976704
7116	-171.07	-342.3206	171.2505	0.4492385	1.914543	0.6172521
7122	-180.0902	-350.9364	170.8462	1.454995	1.250376	0.7378039
7128	-186.7856	-356.7344	169.9488	2.127181	1.561033	0.5243574
7134	-186.8568	-356.8717	170.0149	1.834034	1.787774	0.4738153
7140	-187.4991	-359.3036	171.8045	0.2314682	1.602001	0.5096536
7146	-190.9954	-362.4665	171.4711	0.2828223	1.852536	0.636514
7152	-188.564	-358.8952	170.3312	1.34905	1.957178	0.5187066
7158	-177.2531	-347.1749	169.9219	2.023617	1.682087	0.4307657
7164	-174.0781	-345.3559	171.2778	0.5717069	1.767465	0.4041269
7170	-182.2502	-350.3558	168.1056	2.362087	3.153534	0.597667
7176	-178.2559	-347.0331	168.7772	2.362087	2.451287	0.6704569
7182	-186.1916	-356.9861	170.7945	0.7983527	2.038451	0.4439189
7188	-167.2646	-338.8783	171.6138	0.7769258	1.225373	0.6124773
7194	-163.4136	-334.4184	171.0047	0.4419859	2.157064	0.3801083
7200	-167.0951	-338.1272	171.0321	0.8817228	1.708466	0.4162253
7206	-173.309	-342.7972	169.4882	1.589873	2.544184	0.4162253
7212	-162.6629	-333.4632	170.8002	1.980234	0.8043834	0.6814215
7218	-164.9132	-336.5652	171.652	0.6051453	0.7799727	1.264345
7224	-183.0085	-354.872	171.8635	0.2389305	1.505168	0.6339455
7230	-196.5747	-368.0694	171.4947	0.3924059	1.750972	0.495783
7236	-193.6818	-364.9909	171.3091	0.4593572	1.750972	0.7846382
7242	-186.4397	-357.4396	170.9998	0.6182036	2.011961	0.438921
7248	-177.6844	-346.1465	168.4621	2.029156	3.0569	0.3167997
7254	-180.4972	-350.8864	170.3892	0.1516854	3.0569	0.3710826
7260	-186.7138	-358.6576	171.9438	0.3870824	1.248414	0.6917263
7266	-169.6328	-340.8728	171.24	0.4683667	1.919883	0.4328066
7272	-190.8567	-362.8756	172.0188	0.5334058	1.072875	0.5851083
7278	-176.8045	-348.997	172.1925	0.06890795	1.376528	0.5110892
7284	-183.108	-353.7749	170.667	0.2812164	2.678219	0.5805537
7290	-178.1515	-349.2295	171.0781	0.2168529	2.342586	0.5179237
7296	-184.5223	-355.6035	171.0813	1.087794	1.368495	0.7589609
7302	-183.7894	-355.2376	171.4482	0.1203426	2.048289	0.6103663
7308	-171.1705	-342.6157	171.4452	0.2823288	1.910463	0.5073793
7314	-173.6006	-345.319	171.7184	0.009200027	1.910463	0.5073793
7320	-180.5939	-352.2901	171.6962	0.165316	1.760829	0.4163516
7326	-183.7989	-354.6381	170.8392	1.479939	1.314549	0.454392
7332	-173.0433	-344.8859	171.8426	0.2103467	1.564248	0.6094369
7338	-174.1349	-346.2087	172.0738	0.1107476	1.442567	0.5778042
7344	-180.8643	-352.2907	171.4264	0.6041664	1.564842	0.6607756
7350	-182.9362	-354.8962	171.96	0.2494912	1.314127	0.7789367
7356	-183.8137	-355.7847	171.971	0.2494912	1.198202	0.9080346
7362	-176.7987	-348.1606	171.3619	0.526576	1.696361	0.6814357
7368	-191.2925	-361.4251	170.1326	1.945949	1.31364	0.9369985
7374	-179.5165	-348.3276	168.8111	1.945949	2.854929	0.6232224
7380	-190.2494	-358.0498	167.8004	2.530339	3.29644	0.5778437
7386	-195.6876	-364.3558	168.6683	2.530339	2.167413	0.9646101
7392	-191.8237	-360.6092	168.7856	2.343367	2.181767	1.020388
7398	-187.3613	-358.9038	171.5425	0.06103112	1.984934	0.6746392
7404	-186.9635	-358.7455	171.782	0.6696648	1.186003	0.5148723
7410	-183.14	-355.064	171.924	0.3481196	1.360725	0.553274
7416	-177.028	-349.0332	172.0052	0.4888809	1.021685	0.7896711
7422	-172.9326	-344.9989	172.0663	0.3641244	1.189318	0.6021308
7428	-167.7969	-340.3949	172.5979	0.1744336	0.6014563	0.9564874
7434	-173.5326	-345.0076	171.475	1.574516	0.5879919	0.5177396
7440	-182.029	-352.7614	170.7324	1.243743	1.647216	0.4187948
7446	-172.1959	-343.5386	171.3427	0.659412	1.633684	0.466503
7452	-191.7314	-363.0087	171.2772	1.328245	0.9793606	0.6814617
7458	-191.8865	-362.3399	170.4534	1.885951	1.297624	0.5241032
7464	-188.6922	-359.3089	170.6167	0.2413914	2.75282	0.6258819
7470	-183.7949	-352.7279	168.933	0.8615262	3.503594	0.1923275
7476	-176.502	-345.6916	169.1896	1.099675	3.319402	0.3882969
7482	-170.1483	-339.432	169.2837	2.056308	2.237453	0.3454455
7488	-172.3287	-343.6755	171.3469	0.5194127	1.77029	0.5282656
7494	-170.9257	-340.9116	169.9858	2.216871	1.365728	0.7105932
7500	-184.8913	-356.7904	171.8991	0.05563446	1.326553	1.048833
7506	-194.6104	-366.0921	171.4817	0.619144	1.477094	0.6941345
7512	-190.2877	-360.8622	170.5746	1.646692	1.412412	0.4542752
7518	-190.8256	-361.5206	170.695	1.482598	1.457988	0.5366852
7524	-186.8129	-358.205	171.3921	0.8620312	1.374503	0.5721945
7530	-172.22	-344.319	172.099	0.1236286	1.30951	0.7668362
7536	-190.1394	-361.9526	171.8132	0.09682274	1.550152	0.8603457
7542	-185.5598	-357.1229	171.5631	0.6180071	1.4468	0.5748366
7548	-181.7858	-352.7474	170.9616	1.292398	1.372695	0.4281051
7554	-170.8852	-342.5585	171.6733	0.5921835	1.372695	0.5005702
7560	-169.1556	-340.5372	171.3816	1.140844	1.11446	0.4757777
7566	-186.0123	-355.3605	169.3482	2.465544	1.752929	0.7136301
7572	-184.7541	-353.0213	168.2672	3.071396	2.08508	0.9025507
7578	-176.7113	-344.0573	167.3461	3.071396	2.755308	1.148486
7584	-175.0597	-341.7247	166.665	3.071396	3.412907	1.169135
7590	-180.9906	-347.3093	166.3188	3.071396	2.924073	1.803351
7596	-178.3917	-346.1522	167.7606	3.071396	1.94488	1.469768
7602	-179.7393	-346.6442	166.905	3.071396	2.484601	1.700674
7608	-176.276	-342.5528	166.2768	3.162388	2.682748	1.934628
7614	-182.2706	-348.7256	166.455	3.162388	2.667338	1.823685
7620	-195.7899	-361.9045	166.1146	3.186479	1.300905	2.896371
7626	-190.7829	-357.3932	166.6103	3.186479	2.371794	1.903109
7632	-184.1003	-350.6041	166.5037	3.186479	2.992585	1.540197
7638	-180.1644	-347.7681	167.6036	3.186479	2.357155	1.170888
7644	-178.1291	-349.7552	171.6261	0.2807277	1.643259	0.7401498
7650	-182.7353	-354.6862	171.9509	0.879808	0.7485362	0.6918014
7656	-189.7223	-361.2921	171.5698	1.283643	0.6943179	0.7436357
7662	-178.5944	-350.9309	172.3365	0.4769774	0.7894307	0.6446955
7668	-186.7965	-356.2135	169.4171	1.362485	2.8548	0.4578403
7674	-188.6613	-360.0783	171.417	0.7936638	1.414292	0.5856883
7680	-187.1037	-357.7797	170.6759	0.8148809	2.060651	0.7379988
7686	-180.6168	-352.3033	171.6866	0.3652604	1.581595	0.550207
7692	-181.4998	-352.4631	170.9633	0.7051254	1.95639	0.4227566
7698	-190.5954	-361.7183	171.1229	0.5560617	1.95639	0.5383583
7704	-186.323	-356.0509	169.7279	1.104777	2.78632	0.4084567
7710	-184.3788	-355.7118	171.333	0.2511326	2.052573	0.4734163
7716	-190.3855	-361.4271	171.0416	1.10583	1.4827	0.4393659
7722	-173.1871	-344.3635	171.1764	0.8076454	1.653981	0.4930851
7728	-175.9351	-347.4674	171.5323	0.7513276	1.353752	0.5192001
7734	-168.7417	-340.0979	171.3562	1.162115	1.107477	0.4255437
7740	-186.3693	-358.7189	172.3496	0.2583897	0.777685	0.9439865
7746	-187.5814	-356.8266	169.2453	1.849062	2.542921	0.4793403
7752	-180.2274	-351.9455	171.7181	0.7199939	1.15218	0.6710512
7758	-190.7307	-361.8011	171.0704	1.018861	1.478252	0.712217
7764	-171.5724	-342.5862	171.0138	1.713266	0.8774327	0.6411225
7770	-166.4924	-337.9027	171.4103	0.8164928	1.379725	0.6365313
7776	-185.2346	-356.2239	170.9894	1.832975	0.3860839	1.116539
7782	-202.4047	-374.2278	171.8232	0.5433925	1.022213	0.9406881
7788	-189.6009	-360.2618	170.6609	1.886712	0.8395464	0.9423558
7794	-179.2047	-351.4454	172.2407	0.2918479	0.5395671	1.235242
7800	-198.6869	-369.7203	171.0334	0.9223792	1.329163	1.04536
7806	-180.9279	-352.7305	171.8026	0.499424	1.329163	0.561351
7812	-168.1027	-338.8158	170.7131	1.730158	1.173281	0.4030623
7818	-173.6934	-344.238	170.5445	0.9302612	2.141719	0.4030623
7824	-168.3903	-338.6654	170.2751	1.521231	1.836604	0.5525961
7830	-182.2935	-353.2994	171.0059	1.304385	1.311029	0.5974558
7836	-184.1509	-355.8884	171.7375	0.5705381	1.311029	0.6041557
7842	-182.4051	-352.8733	170.4682	0.5612776	2.587855	0.4048014
7848	-181.1093	-350.6586	169.5492	1.407964	2.587855	0.3141218
7854	-180.2223	-350.3039	170.0816	0.7518697	2.554089	0.2241508
7860	-186.138	-355.4905	169.3524	1.114802	2.957436	0.2402287
7866	-169.1079	-341.2322	172.1243	0.1101212	1.380765	0.400399
7872	-172.7336	-344.8917	172.1581	0.08283071	1.252868	0.8188038
7878	-169.3685	-340.3718	171.0033	1.541704	1.087764	0.5534767
7884	-177.4953	-349.0985	171.6032	0.8665	0.9692659	0.8852141
7890	-169.5194	-341.7714	172.252	0.3116439	0.8752739	0.8852141
7896	-164.6514	-337.5751	172.9238	0.1930355	0.5101136	0.5787297
7902	-171.4329	-343.2312	171.7982	0.505284	1.329189	0.4497454
7908	-163.0707	-334.2784	171.2076	0.8577185	1.571589	0.5250234
7914	-171.8325	-343.313	171.4805	0.2635899	1.891854	0.4674699
7920	-171.8853	-342.8503	170.965	1.056227	1.566369	0.3574459
7926	-174.9134	-346.6563	171.7428	0.111041	1.696706	0.3188612
7932	-164.7807	-336.0172	171.2364	0.305569	2.090566	0.4491467
7938	-167.973	-338.2445	170.2715	2.020035	1.249792	0.7533994
7944	-163.5348	-335.59	172.0553	0.5579593	0.9280766	0.7533994
7950	-173.4807	-343.462	169.9813	2.397182	0.7125372	1.219239
7956	-176.34	-346.1678	169.8278	2.397182	0.7125372	1.345093
7962	-171.8476	-340.4316	168.584	2.846236	0.9339483	1.76866
7968	-174.5095	-343.2983	168.7888	2.846236	0.7291485	1.76866
7974	-162.409	-330.8754	168.4664	2.846236	1.488839	1.451057
7980	-167.9094	-336.2662	168.3569	2.903758	1.488839	1.490451
7986	-164.4806	-333.0942	168.6137	2.903758	1.488839	1.28973
7992	-167.6336	-335.9393	168.3057	2.903758	1.720104	1.351448
7998	-166.1696	-334.9108	168.7412	2.903758	1.508339	1.165637
8004	-175.0002	-344.4353	169.4351	2.584949	1.14318	1.156893
8010	-176.0029	-345.8424	169.8395	2.216196	1.175969	1.095369
8016	-177.3499	-350.0084	172.6585	0.1401394	0.7490639	0.7438325
8022	-182.0016	-352.9867	170.9851	1.815789	0.746745	0.7438325
8028	-176.2175	-346.6676	170.4502	2.139676	0.9744354	0.7175086
8034	-186.0788	-358.3921	172.3133	0.111144	0.4128093	1.423627
8040	-192.5363	-363.8488	171.3125	0.5464002	1.666288	0.7766462
8046	-182.451	-354.5425	172.0915	0.4222398	1.011476	0.7766462
8052	-174.5746	-346.7917	172.2171	0.1641867	1.011476	0.9363913
8058	-180.0852	-351.3345	171.2493	1.400936	0.9270197	0.6953694
8064	-186.7629	-357.7113	170.9484	0.9961062	1.674404	0.6044842
8070	-185.943	-356.5492	170.6062	1.986136	0.9416505	0.7641047
8076	-181.358	-352.8946	171.5365	0.8075236	1.281943	0.4260432
8082	-174.6046	-344.2445	169.6399	1.746564	2.239481	0.4260432
8088	-183.2197	-354.0473	170.8276	0.3550772	2.4433	0.4260432
8094	-173.2815	-343.4564	170.1749	0.1490134	3.237326	0.3286282
8100	-172.9092	-344.2032	171.294	0.494437	1.830813	0.4089897
8106	-176.2014	-346.5463	170.3449	1.064234	2.059127	0.2621966
8112	-179.4406	-350.9128	171.4721	0.6194624	1.543027	0.5431338
8118	-177.7696	-349.7084	171.9388	0.1490896	1.543027	0.5624303
8124	-174.1637	-346.7402	172.5765	0.1183996	0.8867547	0.687301
8130	-172.6838	-343.2003	170.5164	1.869755	1.210119	0.6589113
8136	-172.7629	-341.9853	169.2224	2.106644	2.305913	0.4612803
8142	-170.2115	-340.857	170.6456	0.5206557	2.470497	0.4739542
8148	-166.2512	-337.2193	170.968	0.5206557	2.141445	0.4393561
8154	-162.3686	-333.7177	171.3492	0.2404366	2.046228	0.4669304
8160	-163.31	-334.1067	170.7967	0.3525194	2.476414	0.5833919
8166	-166.5354	-337.4403	170.9049	0.2411692	2.476414	0.416621
8172	-188.7322	-358.1688	169.4367	1.702706	2.335378	0.265847
8178	-193.3159	-361.6945	168.3786	1.643628	3.608749	0.4424596
8184	-189.7845	-360.4474	170.6629	0.6174536	2.290815	0.7059337
8190	-184.7994	-355.5819	170.7825	1.210355	1.46131	0.2546765
8196	-170.0536	-340.5422	170.4886	1.210355	1.872033	0.3384198
8202	-167.9608	-337.0504	169.0896	1.319219	3.216407	0.4239054
8208	-169.404	-339.3771	169.9731	1.319219	2.298065	0.3609686
8214	-164.1884	-335.1121	170.9237	0.2039685	2.447058	0.3424541
8220	-156.219	-327.31	171.091	0.8304409	1.716536	0.5095591
8226	-164.2225	-335.4185	171.196	0.6868042	1.591448	0.8433427
8232	-183.9196	-355.8323	171.9127	0.5327372	1.165556	0.6256609
8238	-180.409	-350.5393	170.1303	0.4756374	2.989249	0.3673864
8244	-183.6261	-354.1799	170.5538	0.4756374	2.526725	0.3238974
8250	-187.2751	-357.6003	170.3252	0.9070104	2.399248	0.5600819
8256	-177.1266	-346.9775	169.8509	1.080162	2.703337	0.4582821
8262	-192.1944	-360.5818	168.3874	1.770693	3.449803	0.3869591
8268	-182.081	-350.4334	168.3524	1.268072	3.770831	0.2256975
8274	-178.4042	-348.4113	170.0071	1.490162	2.091406	0.3587663
8280	-193.3108	-363.5368	170.2259	2.211869	1.025883	0.8561366
8286	-187.4013	-358.6167	171.2154	1.579195	0.7319246	0.7748222
8292	-183.0143	-354.8354	171.8211	0.6148822	1.180139	0.6123586
8298	-185.0802	-355.4419	170.3617	2.249107	1.005362	0.6123586
8304	-181.3533	-352.4642	171.1109	1.483404	1.026442	0.5989776
8310	-187.2094	-358.2535	171.0441	0.4632521	2.103518	0.626035
8316	-185.3259	-353.6238	168.2979	2.739024	2.31472	0.9794522
8322	-173.8439	-342.6186	168.7747	2.739024	0.823264	1.787578
8328	-178.3562	-347.0035	168.6473	2.739024	1.252982	1.572214
8334	-176.258	-344.4649	168.2069	2.739024	1.588101	1.648578
8340	-168.6477	-337.5183	168.8706	2.739024	1.041108	1.563845
8346	-171.1374	-338.6951	167.5577	2.739024	1.626444	2.067151
8352	-169.4796	-338.2252	168.7456	2.739024	1.581215	1.240469
8358	-175.7543	-345.8819	170.1276	1.974447	1.143731	1.082308
8364	-183.8203	-352.9515	169.1312	2.368109	1.554001	1.250934
8370	-184.9908	-356.6425	171.6517	0.3709503	1.601174	0.4200454
8376	-180.2739	-352.058	171.7841	0.360428	1.492672	0.4783862
8382	-173.6669	-345.6848	172.0179	0.2067938	1.129724	0.9765594
8388	-181.6217	-353.7921	172.1704	0.06772517	1.387275	0.5842415
8394	-183.8345	-355.46	171.6255	1.211387	0.7608753	0.6558708
8400	-173.836	-346.2796	172.4436	0.5649139	0.5761367	0.6818084
8406	-187.6029	-359.688	172.0851	0.9311417	0.5683744	0.6818084
8412	-181.3806	-353.0974	171.7168	0.5633231	1.179534	0.860928
8418	-168.2164	-339.7552	171.5388	0.5739607	1.48068	0.6646993
8424	-187.5323	-359.2818	171.7496	0.9844521	0.799711	0.7645521
8430	-182.2808	-353.5666	171.2859	0.5230576	1.797789	0.6360657
8436	-185.7747	-357.6362	171.8615	0.1491894	1.625563	0.4695683
8442	-185.9771	-356.9845	171.0074	0.8726162	1.756596	0.5280789
8448	-183.2825	-353.8991	170.6166	0.7298823	2.290427	0.5253748
8454	-189.3214	-361.4214	172.1001	0.06878745	1.250218	0.9076775
8460	-169.8168	-341.3549	171.5381	0.6176638	1.482098	0.4877418
8466	-176.3107	-347.9924	171.6818	0.656671	1.299604	0.506187
8472	-177.2808	-346.9921	169.7113	2.168151	1.610356	0.8238916
8478	-186.894	-357.5339	170.6399	0.9889851	2.00903	0.4892274
8484	-176.5223	-346.9435	170.4211	0.1499523	2.863786	0.2450353
8490	-180.0808	-349.2925	169.2117	0.3005139	4.060986	0.3407854
8496	-185.4623	-357.1737	171.7114	0.4001563	1.526559	0.5037222
8502	-184.2612	-354.4172	170.156	0.1501986	3.256902	0.3304821
8508	-185.7456	-357.0147	171.2691	0.6607363	1.708295	0.5038355
8514	-189.3729	-361.7095	172.3367	0.3265956	0.9748506	0.5038355
8520	-184.2025	-356.2635	172.0611	0.104298	1.388928	0.7336018
8526	-180.12	-352.011	171.8911	0.3903048	1.272923	0.7336018
8532	-189.1112	-360.901	171.7898	0.9421011	0.7414566	0.8444099
8538	-182.7606	-352.9524	170.1918	2.075154	1.347752	0.6162164
8544	-180.0017	-351.6389	171.6372	0.5004089	1.237776	0.9548154
8550	-171.9178	-344.5217	172.6039	0.03664375	0.8285482	0.8496236
8556	-194.5571	-365.6789	171.1217	0.695812	1.651513	0.8496236
8562	-184.1435	-355.8566	171.7131	0.4750145	1.035582	1.102677
8568	-182.2291	-354.2002	171.9711	0.6158714	1.014652	0.6476529
8574	-189.5591	-358.8328	169.2737	2.361144	1.647579	1.047761
8580	-176.9983	-349.4733	172.475	0.02791973	0.9570763	0.8606042
8586	-179.1073	-351.5377	172.4304	0.229778	0.7997542	0.8606042
8592	-179.2942	-349.7364	170.4422	1.862814	1.248477	0.7348929
8598	-178.2884	-350.3848	172.0964	0.02109255	1.248477	0.9646798
8604	-175.4688	-348.311	172.8422	0.009096506	0.775646	0.5784114
8610	-174.4595	-346.2728	171.8132	0.0263324	1.771916	0.3932817
8616	-168.3931	-340.3919	171.9987	0.1628259	1.475478	0.52367
8622	-172.7153	-342.8617	170.1464	1.63671	1.810858	0.6636972
8628	-167.4577	-338.1698	170.7121	1.853778	0.852436	0.9084915
8634	-174.661	-346.8165	172.1555	0.5972812	0.5842815	0.9942158
8640	-181.9299	-353.8155	171.8856	0.44262	0.463857	1.458221
8646	-177.9794	-350.0789	172.0995	0.7453892	0.463857	1.022288
8652	-178.8678	-348.605	169.7372	2.511831	0.8336761	1.22628
8658	-170.0652	-341.8354	171.7702	1.00443	0.8536499	0.5735816
8664	-168.4923	-340.5122	172.0199	0.5141706	1.081068	0.6150655
8670	-176.7262	-347.3893	170.6632	1.457178	1.373571	0.8185915
8676	-178.4749	-350.4366	171.9617	0.3759084	1.28194	0.6026902
8682	-175.0549	-346.2087	171.1538	1.472655	1.011491	0.5105741
8688	-184.6222	-356.7471	172.125	0.2274959	1.192875	0.7473806
8694	-182.1451	-353.5805	171.4354	0.389983	1.719957	0.7473806
8700	-180.7926	-352.715	171.9224	0.1892188	1.473253	0.6814089
8706	-183.2428	-354.3222	171.0795	0.4788139	2.076858	0.4623152
8712	-185.106	-355.5972	170.4912	0.7295773	2.417096	0.4881548
8718	-173.7392	-344.4814	170.7422	0.4112521	2.417096	0.3379873
8724	-172.1683	-342.3234	170.155	1.232351	2.205049	0.3636589
8730	-177.1352	-347.4889	170.3537	1.553851	1.653236	0.3282707
8736	-187.6866	-357.6237	169.9371	1.582929	2.112605	0.4494792
8742	-173.3911	-344.9767	171.5857	0.1932977	1.855077	0.5465756
8748	-181.2686	-350.4092	169.1406	2.299917	2.19379	0.457295
8754	-173.5413	-342.7757	169.2344	2.299917	2.102609	0.5251279
8760	-173.0324	-343.0449	170.0125	0.556826	2.973876	0.3125298
8766	-168.5988	-338.8581	170.2593	1.662474	1.681003	0.3785515
8772	-171.614	-343.5929	171.979	0.4144549	1.198866	0.6670293
8778	-166.8022	-336.874	170.0718	2.087178	1.478293	0.5208068
8784	-176.654	-347.4025	170.7485	0.2344346	2.650896	0.5477596
8790	-193.1575	-360.654	167.4965	2.274766	3.773179	0.3136389
8796	-177.0932	-348.3852	171.292	0.8966751	1.443906	0.4492424
8802	-191.4036	-363.6497	172.2461	0.3407714	0.9839917	0.7064423
8808	-179.8426	-352.115	172.2724	0.04123595	1.080523	0.9349136
8814	-173.7998	-346.0063	172.2065	0.2572762	1.080523	0.7490026
8820	-164.4118	-336.8746	172.4627	0.2003018	0.9383143	0.648165
8826	-176.3377	-348.7054	172.3677	0.04567738	1.187997	0.648165
8832	-173.4235	-345.7841	172.3606	0.1474001	0.9876338	0.8163387
8838	-181.7574	-353.3418	171.5845	0.08817776	1.926283	0.6533454
8844	-181.0017	-352.159	171.1573	1.484503	0.9357891	0.6946827
8850	-174.1634	-346.033	171.8695	0.0568572	1.496334	0.9036052
8856	-179.8927	-349.5338	169.6411	1.293297	2.565584	0.2810555
8862	-182.9355	-354.3628	171.4273	0.6868177	1.492406	0.6365535
8868	-184.338	-354.6174	170.2794	1.418581	1.938851	0.5261875
8874	-180.4486	-352.4283	171.9797	0.6520551	0.9227896	0.733227
8880	-170.5714	-342.9735	172.4022	0.1530698	1.082852	0.5055478
8886	-174.9933	-345.4671	170.4738	1.935901	1.107499	0.7876979
8892	-174.368	-346.684	172.316	0.3270542	0.8665742	0.7979671
8898	-172.7825	-343.6546	170.8721	1.771814	0.7373447	0.948622
8904	-173.5062	-345.669	172.1628	0.3656165	1.071253	0.6518935
8910	-177.7388	-348.8367	171.0979	1.561303	0.9119092	0.706031
8916	-181.9398	-354.7578	172.8181	0.09166115	0.5318716	0.8821369
8922	-178.014	-349.3936	171.3796	0.7694496	1.489029	0.5034112
8928	-179.0233	-347.8662	168.8429	2.582394	2.034958	0.8602481
8934	-174.0396	-343.6521	169.6125	2.582394	1.431455	0.5806488
8940	-178.092	-348.9268	170.8348	0.3665678	2.430552	0.446266
8946	-173.4654	-341.5938	168.1285	1.753066	3.580481	0.2588092
8952	-190.696	-359.5407	168.8447	0.80211	3.811881	0.2570363
8958	-184.5404	-355.9126	171.3721	0.3823627	1.866567	0.5981691
8964	-185.3709	-356.1718	170.8009	0.3169871	2.427152	0.3141021
8970	-191.2385	-362.8942	171.6557	0.2436848	1.694495	0.6638563
8976	-180.2468	-352.2773	172.0305	0.1468874	1.364754	0.7521596
8982	-186.0432	-356.951	170.9078	0.3206845	2.409294	0.5129493
8988	-184.5842	-356.1709	171.5866	0.2847722	1.74691	0.6062156
8994	-173.2051	-343.2216	170.0164	1.523777	2.083581	0.4200305
9000	-172.2137	-343.1342	170.9205	0.2476444	2.385046	0.3211975
9006	-172.0955	-342.4636	170.368	0.08495336	3.094886	0.3165328
9012	-177.8201	-348.397	170.5769	0.6073991	2.418312	0.3783108
9018	-169.9173	-340.9586	171.0413	0.6139551	1.982023	0.4799066
9024	-177.083	-345.8948	168.8118	0.8769495	3.776375	0.2604898
9030	-176.2311	-347.2132	170.9821	0.8769495	1.775949	0.5406243
9036	-174.5693	-345.8059	171.2367	0.5017319	1.899399	0.4871892
9042	-172.7046	-344.5723	171.8677	0.7283177	1.038629	0.4595213
9048	-188.4096	-359.9157	171.5061	1.04109	1.058339	0.6387771
9054	-177.4939	-349.6527	172.1588	0.463239	0.8369058	0.8618374
9060	-171.9279	-344.1373	172.2094	0.1845084	1.049347	0.8802584
9066	-173.619	-344.9709	171.3519	1.440873	0.8389301	0.5586932
9072	-174.9064	-344.4938	169.5874	0.7083182	3.156673	0.2537742
9078	-183.4082	-354.9017	171.4935	0.5076736	1.587928	0.3593111
9084	-172.5642	-343.2309	170.6667	1.535178	1.434933	0.4745549
9090	-177.647	-349.0115	171.3645	0.2411319	2.01207	0.6079617
9096	-186.7971	-358.7246	171.9275	0.5744207	1.086572	0.6745258
9102	-181.3239	-351.9618	170.638	1.620388	1.283519	0.7525771
9108	-186.2711	-354.9401	168.669	0.6551735	4.235372	0.3270312
9114	-186.9668	-358.2602	171.2934	0.6015712	1.680886	0.3436641
9120	-175.4963	-347.5521	172.0558	0.02470019	1.556547	0.5235758
9126	-177.2125	-348.5609	171.3484	0.05232688	2.234875	0.4649359
9132	-173.9539	-345.1688	171.2149	0.106172	2.292089	0.3963397
9138	-176.9974	-347.349	170.3516	0.6537139	2.629027	0.4577428
9144	-173.8372	-344.2291	170.392	0.8573341	2.328168	0.3454615
9150	-176.0115	-346.8778	170.8663	0.4524366	2.305664	0.4217512
9156	-191.1434	-362.0088	170.8654	0.4670527	2.305664	0.5049306
9162	-198.3056	-369.8549	171.5493	0.4866616	1.586758	0.5930724
9168	-187.9815	-359.8535	171.872	0.6525209	0.6583438	1.139497
9174	-171.0635	-342.8113	171.7478	1.039147	0.6583438	0.8779168
9180	-178.6648	-349.7801	171.1153	1.214216	1.275039	0.6410291
9186	-173.4255	-345.4038	171.9783	0.1647845	1.466207	0.6298848
9192	-170.0985	-342.4628	172.3643	0.170997	0.9398407	0.8422186
9198	-175.6344	-347.3891	171.7547	0.6746003	1.20771	0.5239794
9204	-179.2667	-350.9532	171.6865	0.03725579	1.834941	0.7266407
9210	-178.7982	-350.8335	172.0354	0.2730421	1.277752	0.6790078
9216	-183.7304	-355.1406	171.4102	0.7245407	1.49791	0.5540847
9222	-174.561	-347.0469	172.4858	0.01113093	0.9702393	0.8518817
9228	-172.3599	-344.8992	172.5393	0.06332817	0.9584883	0.7227277
9234	-170.4451	-342.1173	171.6723	0.1080639	1.851616	0.5576981
9240	-170.3861	-341.2836	170.8974	0.8934125	1.841121	0.5576981
9246	-175.3286	-347.1876	171.859	0.1518816	1.598444	0.6297255
9252	-186.1736	-356.4832	170.3096	1.161104	2.151233	0.4153346
9258	-186.9308	-357.4147	170.484	1.217848	1.933134	0.5410632
9264	-176.3939	-347.96	171.5661	0.6565163	1.415037	0.5160069
9270	-182.5924	-354.0632	171.4707	0.8163716	1.350533	0.5160069
9276	-175.7397	-346.6368	170.897	1.230731	1.509857	0.5160069
9282	-180.6816	-352.7066	172.0251	0.04476896	1.268825	0.99259
9288	-195.7813	-368.1239	172.3427	0.02060976	1.092203	0.8659249
9294	-179.6716	-348.8036	169.132	2.539963	1.200244	1.396571
9300	-191.9455	-364.0153	172.0698	0.04719678	1.464007	0.6885887
9306	-175.9574	-348.3178	172.3604	0.1218095	1.147733	0.5665916
9312	-173.0386	-344.2146	171.176	1.171994	1.282873	0.4420177
9318	-186.8405	-356.4681	169.6276	2.384061	1.282873	1.036109
9324	-181.2207	-353.8897	172.669	0.2708432	0.5679869	0.8003472
9330	-187.3452	-356.8823	169.537	2.355894	0.8300948	1.510273
9336	-187.041	-358.5928	171.5518	0.3411746	0.8300948	1.510273
9342	-181.6617	-353.3934	171.7317	0.8392159	0.8801779	0.8710854
9348	-191.8335	-364.0008	172.1673	0.08988199	1.133238	0.9389243
9354	-178.8381	-351.0177	172.1796	0.3494206	1.104742	0.547958
9360	-173.5642	-345.5587	171.9945	0.2453799	1.358892	0.653686
9366	-178.6657	-350.1129	171.4472	0.3671819	1.713569	0.7728296
9372	-167.2844	-338.7919	171.5075	0.5975799	1.529018	0.5465803
9378	-179.5222	-349.8888	170.3666	2.134524	1.135138	0.4702041
9384	-179.1523	-349.0555	169.9032	1.65101	2.077004	0.4432841
9390	-183.4795	-352.3876	168.9081	2.460236	2.11769	0.8286634
9396	-180.6329	-351.0507	170.4177	1.68013	1.527163	0.5853708
9402	-174.2676	-345.8573	171.5897	0.7984593	1.199205	0.6766772
9408	-171.1178	-342.7367	171.6189	0.7932924	1.21326	0.583853
9414	-168.2562	-339.8427	171.5864	0.6671687	1.288446	0.7523104
9420	-190.9722	-362.5632	171.5911	0.829702	1.189402	0.6277622
9426	-184.6655	-355.9208	171.2553	0.7039944	1.570824	0.7697153
9432	-188.7453	-360.0627	171.3174	0.9817292	1.000041	1.031636
9438	-192.6713	-363.9531	171.2818	1.254057	1.09752	0.550545
9444	-182.7364	-352.2248	169.4884	1.656154	2.45846	0.3789539
9450	-174.6664	-346.2612	171.5948	0.5600627	1.481165	0.5328344
9456	-171.8606	-342.609	170.7484	1.39059	1.481165	0.411058
9462	-175.9516	-346.3587	170.4071	1.385171	1.8247	0.4039879
9468	-185.5595	-356.2468	170.6874	1.309875	1.570348	0.7120543
9474	-176.4617	-347.8517	171.39	0.7544739	1.469064	0.6192593
9480	-178.9779	-351.0081	172.0302	0.144939	1.449911	0.5852614
9486	-176.184	-348.3278	172.1438	0.008461606	1.449911	0.6463477
9492	-175.5157	-348.0703	172.5546	0.006576084	1.003571	0.7166885
9498	-176.5456	-348.8951	172.3496	0.007305138	1.217553	0.7003269
9504	-181.604	-353.0033	171.3993	0.1238678	2.113108	0.5314317
9510	-191.2625	-363.0145	171.752	0.2450826	1.63914	0.5312101
9516	-195.95	-367.9464	171.9964	0.2450826	1.396542	0.5068983
9522	-185.7273	-356.1221	170.3948	1.031946	2.197383	0.4209937
9528	-190.1519	-362.0173	171.8654	0.06047811	1.650929	0.6961019
9534	-176.0696	-347.3194	171.2498	0.1429936	2.227313	0.6010123
9540	-181.797	-353.1866	171.3896	0.1145311	2.104556	0.3882273
9546	-174.7342	-344.8262	170.092	0.2315329	3.215503	0.3091659
9552	-161.5522	-332.8642	171.312	0.3366288	1.922873	0.3389783
9558	-176.5723	-347.5364	170.9641	1.458125	1.178231	0.6500883
9564	-190.0527	-361.3306	171.2779	0.6007905	1.707792	0.6784188
9570	-183.9826	-356.6577	172.6751	0.1480011	0.763402	0.6784188
9576	-177.4505	-350.3502	172.8997	0.01699089	0.6689326	0.6799855
9582	-171.3767	-343.6119	172.2351	0.04279962	1.359296	0.4791365
9588	-167.7453	-339.2689	171.5236	0.2063235	1.907294	0.4791365
9594	-167.0043	-338.0422	171.0379	0.406692	2.18638	0.4424961
9600	-172.0622	-341.9248	169.8626	1.058218	2.683344	0.3807392
9606	-171.1531	-341.7245	170.5713	0.3494912	2.683344	0.3807392
9612	-175.0529	-345.4122	170.3593	0.5903471	2.592256	0.3115152
9618	-172.8945	-344.009	171.1145	0.580373	1.940989	0.5346462
9624	-165.9982	-336.5454	170.5473	0.4732813	2.499468	0.2946401
9630	-162.4916	-333.6958	171.2042	1.051143	1.364483	0.4103632
9636	-168.2681	-338.7009	170.4328	0.760742	2.434726	0.433033
9642	-171.2055	-339.61	168.4045	2.670634	2.443909	0.7852854
9648	-181.1058	-349.0046	167.8988	2.670634	2.443909	1.283905
9654	-165.6645	-334.5338	168.8693	2.670634	1.588299	1.187437
9660	-181.4739	-351.0799	169.6061	1.546241	2.474273	0.4278248
9666	-176.7291	-347.6551	170.926	0.228016	2.474273	0.4329951
9672	-173.8543	-343.2432	169.3889	2.056133	2.189354	0.4579901
9678	-171.8398	-341.8865	170.0467	2.215632	1.212726	0.8422871
9684	-171.6478	-343.5266	171.8788	0.3265779	1.269737	0.8422871
9690	-181.1952	-351.5403	170.3451	1.472549	1.755099	0.3402898
9696	-189.5224	-361.6221	172.0997	0.2930155	1.047619	0.8835463
9702	-178.8688	-350.8481	171.9793	0.4940634	0.9253787	0.9299215
9708	-178.436	-350.7547	172.3187	0.1321917	0.8802541	1.000175
9714	-191.7982	-358.7161	166.9178	2.868205	3.145458	1.349906
9720	-179.5471	-348.0038	168.4567	2.543446	2.534385	0.7633735
9726	-176.0978	-347.9844	171.8867	0.324672	1.396303	0.6338107
9732	-179.2729	-350.5504	171.2775	1.314976	1.037151	0.5679794
9738	-180.9022	-353.1242	172.222	0.5057246	0.8447617	0.7037411
9744	-187.6158	-356.342	168.7262	2.756574	2.116612	0.6524976
9750	-172.2589	-340.8888	168.6299	2.756574	2.046053	0.8925327
9756	-180.1759	-349.0272	168.8513	2.756574	1.445907	1.250497
9762	-183.7332	-356.2387	172.5055	0.1614222	0.9460553	0.6207072
9768	-180.9164	-352.5879	171.6715	0.887046	1.077048	0.5366548
9774	-184.9186	-356.1173	171.1987	1.133795	1.222439	0.732605
9780	-191.7425	-362.3753	170.6329	1.833909	0.6889678	1.163475
9786	-193.458	-365.1298	171.6718	0.8986751	0.8265822	0.9317977
9792	-182.0028	-353.5392	171.5364	1.144442	0.7891895	0.84852
9798	-184.6259	-356.0649	171.439	1.28005	0.7975344	0.7885629
9804	-181.509	-353.6152	172.1062	0.05865191	1.302002	0.8522892
9810	-178.8895	-349.7733	170.8838	0.8853614	1.868904	0.5056737
9816	-180.9514	-352.7279	171.7765	0.4156766	1.445124	0.5202748
9822	-171.154	-342.8022	171.6482	0.4156766	1.499506	0.3307302
9828	-166.5566	-336.888	170.3314	0.489492	2.774286	0.3673812
9834	-173.3178	-343.5774	170.2596	2.251314	1.106594	0.6086033
9840	-173.8537	-344.597	170.7432	1.420656	1.381137	0.3140835
9846	-169.6111	-341.7425	172.1313	0.1580836	1.282377	0.7049332
9852	-165.0727	-337.4284	172.3556	0.1830322	0.7404077	1.05094
9858	-172.3695	-344.6937	172.3241	0.5840241	0.7295552	0.5145599
9864	-173.4421	-344.8735	171.4314	0.8999036	1.102731	0.8908408
9870	-188.8992	-360.0868	171.1876	1.294416	1.102731	0.6816812
9876	-186.3659	-357.1338	170.7679	1.903429	0.8697956	0.7536627
9882	-204.6335	-376.1563	171.5229	0.7881882	1.281044	0.6674623
9888	-192.5639	-364.3936	171.8298	0.5931363	1.211197	0.5462637
9894	-183.3113	-354.1552	170.8439	0.4058986	2.342641	0.3636725
9900	-181.5483	-352.5882	171.04	0.3465377	2.234783	0.5974765
9906	-175.6278	-346.6603	171.0325	0.3639884	2.234783	0.4434861
9912	-185.4065	-356.0451	170.6386	0.9192626	2.079229	0.5226887
9918	-183.1671	-352.5872	169.4201	0.5857204	3.567952	0.3414242
9924	-180.8132	-353.0213	172.2081	0.02404371	1.358906	0.6695179
9930	-180.9537	-352.9292	171.9756	0.1950556	1.424586	0.6611433
9936	-180.5123	-351.2321	170.7198	0.4107796	2.507488	0.4955747
9942	-190.1943	-361.152	170.9578	0.1958309	2.48427	0.511834
9948	-181.725	-350.7269	169.0018	1.739375	2.852917	0.3659675
9954	-180.8208	-351.8893	171.0685	0.7215121	1.838653	0.5718445
9960	-191.0399	-362.0796	171.0397	0.9689147	1.592217	0.6493013
9966	-191.5211	-362.1922	170.6711	1.061739	1.883003	0.6130082
9972	-175.8661	-346.3729	170.5068	0.277872	2.78338	0.3354353
9978	-170.8326	-338.9229	168.0903	0.9387752	4.511238	0.3102087
9984	-168.941	-340.3078	171.3669	0.3983757	1.85201	0.6092736
9990	-176.2515	-347.9576	171.7061	0.07975816	1.85201	0.4893748
9996	-175.9296	-346.9142	170.9846	1.557193	1.09638	0.4976092
10002	-171.6961	-342.1838	170.4877	0.8241458	2.265008	0.3447251
10008	-171.0339	-341.7245	170.6907	0.6049978	2.294286	0.3604364
10014	-177.096	-348.4511	171.3551	0.1291753	2.119661	0.642445
10020	-176.3737	-348.2327	171.859	0.5730033	1.024445	0.8648021
10026	-196.2939	-369.1518	172.8579	0.141406	0.638201	0.5174389
10032	-173.762	-345.74	171.978	0.04132488	1.570148	0.6726724
10038	-171.575	-340.8586	169.2835	2.054328	2.24474	0.3513559
10044	-171.1758	-340.541	169.3652	2.01954	2.24474	0.5687139
10050	-169.9596	-340.3734	170.4138	1.223271	2.000306	0.5202552
10056	-162.737	-334.054	171.317	0.1785845	2.085022	0.6893314
10062	-167.6506	-339.1988	171.5482	0.2786151	1.811158	0.5077763
10068	-169.7572	-340.4429	170.6857	0.7165828	2.235099	0.5193798
10074	-160.8358	-331.518	170.6822	0.9904886	1.965343	0.5054688
10080	-166.6382	-337.9703	171.3321	1.283714	0.933805	0.3180529
10086	-173.243	-342.848	169.605	2.444633	1.437317	0.8275187
10092	-170.4217	-341.5694	171.1476	0.4554066	1.87424	0.8395546
10098	-167.0968	-338.3197	171.2229	0.4160041	1.971539	0.6271625
10104	-185.4415	-357.8896	172.448	0.4160041	0.7676239	0.4452859
10110	-196.2767	-368.2043	171.9276	0.06705319	1.587198	0.6869331
10116	-186.2349	-357.5723	171.3374	0.9813448	1.315592	0.5448267
10122	-200.2366	-371.2485	171.0119	0.735791	1.869538	0.6092684
10128	-188.7375	-359.4134	170.6759	0.2799103	2.670373	0.4266586
10134	-179.6987	-350.5048	170.8061	1.22262	1.609329	0.5051552
10140	-170.8108	-341.224	170.4131	1.753647	1.43856	0.639208
10146	-170.8136	-343.0426	172.229	0.3560381	1.029448	0.6167221
10152	-173.7066	-345.6479	171.9413	0.6516884	0.8815396	0.8429288
10158	-170.4983	-341.8092	171.3109	1.016745	1.261439	0.6734399
10164	-178.2688	-348.2514	169.9826	1.016745	2.570869	0.3376278
10170	-190.0876	-360.2749	170.1872	1.219447	2.221142	0.5752561
10176	-183.8887	-353.2236	169.3349	1.395468	2.88542	0.4016175
10182	-196.59	-368.6998	172.1098	0.2654699	0.9645199	0.9914499
10188	-187.1502	-359.7601	172.61	0.04093378	0.7570902	0.9199155
10194	-190.6491	-362.8595	172.2104	0.02675336	1.253122	0.8233125
10200	-176.6316	-348.8879	172.2563	0.2704421	1.089281	0.6126444
10206	-183.8538	-355.626	171.7722	1.075471	0.733136	0.6888707
10212	-174.3199	-346.1721	171.8521	0.387557	1.351388	0.6694469
10218	-175.4874	-347.158	171.6706	0.6225728	1.242978	0.7610171
10224	-176.4236	-348.8054	172.3819	0.1580129	0.9017368	0.8821055
10230	-176.462	-348.987	172.5249	0.126932	0.8084584	0.8601455
10236	-169.8489	-341.3131	171.4643	0.9296313	1.242226	0.5324306
10242	-181.0422	-352.5829	171.5407	1.295288	0.80131	0.5203463
10248	-179.3181	-351.7844	172.4662	0.2621608	0.7362892	0.8549297
10254	-180.5209	-352.046	171.5251	0.7182215	1.348945	0.6670203
10260	-186.8285	-357.8431	171.0145	0.348857	2.265896	0.5695242
10266	-176.5451	-347.4463	170.9011	1.327351	1.383459	0.3941275
10272	-178.6585	-349.2374	170.5788	2.033165	1.014205	0.5812228
10278	-179.7295	-352.1003	172.3707	0.451025	0.6304957	0.8697168
10284	-180.0859	-351.2728	171.1869	0.6315422	1.805359	0.4201086
10290	-192.1253	-361.511	169.3858	2.254945	1.805359	0.8769389
10296	-186.7956	-357.1	170.3044	2.254945	0.7535882	1.018206
10302	-186.5971	-358.2244	171.6273	0.7589592	1.210497	0.6579516
10308	-180.069	-351.8343	171.7654	0.7548586	0.8219059	0.9890777
10314	-175.0125	-345.5423	170.5298	1.600495	1.507599	0.510834
10320	-182.0865	-352.75	170.6635	1.321715	1.632392	0.6081988
10326	-187.6312	-359.5659	171.9347	0.2214662	1.461489	0.6081988
10332	-185.5834	-356.4292	170.8458	1.671887	1.094218	0.6234871
10338	-181.529	-353.2775	171.7485	0.6044346	1.179177	0.7668805
10344	-176.3449	-347.0151	170.6702	0.6044346	2.349415	0.4206307
10350	-190.9741	-362.7493	171.7752	0.6001622	1.215131	0.6706768
10356	-181.6596	-353.7271	172.0676	0.7703676	0.6139835	0.8701226
10362	-182.1537	-353.5577	171.404	1.095488	1.117556	0.6097402
10368	-179.2341	-351.6545	172.4204	0.1192718	1.082114	0.5959383
10374	-179.2861	-350.2969	171.0108	0.6424293	1.983333	0.5286622
10380	-174.2481	-344.9846	170.7364	0.3936262	2.365702	0.2783922
10386	-178.8778	-348.6331	169.7553	1.034671	2.796652	0.3561595
10392	-176.0427	-347.8001	171.7574	0.1050158	1.760229	0.5932274
10398	-168.153	-339.6263	171.4733	0.3558198	1.6669	0.8159545
10404	-171.7817	-344.1082	172.3265	0.03918305	1.252353	0.6070165
10410	-173.4521	-345.4587	172.0066	0.4276627	1.183778	0.6070165
10416	-174.6692	-345.2061	170.5369	0.05869936	3.042556	0.5030824
10422	-177.1245	-346.4762	169.3517	0.1399656	4.118719	0.3912256
10428	-177.5175	-348.9958	171.4783	0.317063	1.837219	0.5547871
10434	-178.1491	-350.087	171.9379	0.7131939	0.9603494	0.6244732
10440	-180.4799	-350.5872	170.1073	2.047523	1.440042	0.3669704
10446	-168.6083	-340.2473	171.639	1.19471	0.7408582	0.7001384
10452	-179.0004	-350.3072	171.3068	0.1975207	2.101654	0.6377608
10458	-181.2424	-350.6725	169.4301	2.432334	1.747147	0.6292953
10464	-178.0072	-349.7447	171.7375	0.2447601	1.580633	0.7198513
10470	-190.8272	-359.1863	168.3591	2.734545	1.172354	1.83658
10476	-190.6334	-358.2829	167.6494	2.734545	1.368543	2.178768
10482	-174.6382	-346.0895	171.4513	0.3082482	1.85192	0.6246208
10488	-178.505	-349.5074	171.0025	1.536677	1.080329	0.6028885
10494	-177.8179	-346.942	169.124	2.481004	1.857975	0.8569342
10500	-177.2252	-346.1092	168.884	2.481004	2.226563	0.668517
10506	-172.9287	-341.9604	169.0318	2.481004	1.967043	0.836422
10512	-189.8922	-358.842	168.9498	2.481004	1.982977	0.9135571
10518	-179.3594	-348.5617	169.2022	2.563455	1.549252	1.016215
10524	-185.077	-357.0557	171.9787	0.2009837	1.456259	0.5337195
10530	-185.892	-357.74	171.8481	0.526715	0.939376	1.016998
10536	-172.9846	-344.9138	171.9292	0.735241	0.939376	0.6425673
10542	-173.3598	-344.5896	171.2298	0.3562821	2.049176	0.4631991
10548	-174.4615	-345.4095	170.948	1.07226	1.552753	0.3405874
10554	-186.0354	-357.2306	171.1952	0.7810547	1.637799	0.398166
10560	-179.4887	-349.8574	170.3687	0.06935828	3.08683	0.2982027
10566	-179.9329	-351.9387	172.0058	0.06221494	1.530255	0.6547687
10572	-194.1314	-365.9279	171.7964	0.125445	1.689218	0.625505
10578	-180.7811	-351.9375	171.1564	0.1827247	2.281778	0.4127117
10584	-174.8379	-346.658	171.8201	0.8038877	0.9995353	0.5904771
10590	-174.743	-346.9666	172.2236	0.08559072	1.119158	0.897277
10596	-182.7571	-352.9843	170.2272	2.194465	1.213795	0.5377195
10602	-180.7674	-352.3806	171.6132	0.03910846	1.975097	0.5769904
10608	-190.1738	-362.3916	172.2178	0.139721	1.109844	0.8517242
10614	-177.617	-348.549	170.932	0.01493978	2.690041	0.5245518
10620	-176.2808	-347.5243	171.2434	0.6750855	1.711293	0.5673569
10626	-169.4401	-340.8127	171.3727	0.4616567	1.798661	0.4510754
10632	-173.7931	-345.7117	171.9186	0.6676031	0.6033869	1.133528
10638	-177.9049	-349.1764	171.2715	1.051967	1.267085	0.6705219
10644	-175.8364	-347.5029	171.6664	0.3947378	1.489624	0.7390382
10650	-189.2821	-360.6284	171.3462	0.7462719	1.542281	0.5419447
10656	-188.14	-358.4961	170.3562	1.27756	2.001064	0.5419447
10662	-186.5612	-357.4032	170.842	0.8431161	1.951145	0.4699417
10668	-173.2896	-344.7165	171.4269	0.2849305	1.721575	0.8914845
10674	-175.1533	-346.6905	171.5372	0.7071126	1.311907	0.730561
10680	-168.9821	-341.1782	172.1961	0.4952352	0.8649062	0.730561
10686	-170.4303	-342.3372	171.9069	0.2625565	1.000398	1.151036
10692	-187.5627	-359.0353	171.4726	0.4367749	1.306288	1.11002
10698	-181.315	-350.8014	169.4864	2.174707	1.976789	0.5117909
10704	-178.6913	-350.4096	171.7183	0.4143492	1.343785	0.8406493
10710	-182.9575	-355.2886	172.3311	0.07218415	1.176326	0.6911686
10716	-182.8554	-354.856	172.0006	0.1668067	1.461025	0.5730823
10722	-194.5963	-364.9429	170.3466	1.767753	1.172752	1.043309
10728	-201.8309	-371.9366	170.1058	1.767753	1.752918	0.5803826
10734	-190.7104	-363.0246	172.3143	0.2550965	1.063916	0.5509918
10740	-180.1103	-352.0534	171.943	0.3460635	1.218181	0.8011689
10746	-175.3177	-347.0496	171.7319	0.3791235	1.414523	0.7761709
10752	-168.4953	-340.1307	171.6354	0.583478	1.414523	0.5500599
10758	-175.9408	-347.6935	171.7527	0.3512136	1.527792	0.5589138
10764	-177.9652	-347.8167	169.8516	2.166858	1.550109	0.7104263
10770	-178.7257	-349.878	171.1523	1.306612	1.170586	0.5685491
10776	-198.75	-369.4851	170.7351	1.15901	1.71626	0.6271823
10782	-187.5503	-358.2678	170.7175	0.9076483	2.012587	0.4861283
10788	-192.1461	-362.8857	170.7395	1.453458	1.442407	0.4638659
10794	-180.3201	-351.65	171.3299	1.026407	1.281102	0.4811272
10800	-174.9198	-346.9026	171.9828	0.7544538	0.8322304	0.708798
10806	-190.5676	-362.2359	171.6682	0.8631147	1.105019	0.4708487
10812	-188.5199	-359.7647	171.2448	1.123254	1.265735	0.5482528
10818	-190.451	-359.9464	169.4954	2.003585	2.124192	0.4184225
10824	-185.6139	-357.0633	171.4494	0.147128	2.027298	0.5893802
10830	-177.4282	-348.4905	171.0623	0.2451299	2.314032	0.5969424
10836	-174.5295	-345.9879	171.4583	0.966516	1.196608	0.5969424
10842	-180.1336	-351.6757	171.5421	1.204633	0.7923142	0.7567853
10848	-178.0208	-350.2964	172.2756	0.4646792	0.7923142	0.7661367
10854	-182.5391	-354.8614	172.3223	0.07461046	1.135683	0.7661367
10860	-173.3411	-345.4116	172.0705	0.6938255	0.8323183	0.6582629
10866	-185.3839	-357.5698	172.1859	0.1200149	1.135471	0.8823536
10872	-173.5035	-345.8517	172.3481	0.2527941	0.9775947	0.6930693
10878	-183.1063	-353.7841	170.6778	1.644471	1.202937	0.7767189
10884	-174.701	-343.5725	168.8714	2.44914	2.283586	0.6418689
10890	-175.5089	-344.5057	168.9969	2.673555	1.709836	0.9497246
10896	-183.758	-352.6874	168.9294	2.673555	1.725892	1.002395
10902	-173.786	-343.7054	169.9194	2.177393	1.53164	0.5728651
10908	-166.3575	-338.0078	171.6502	0.4361209	1.53164	0.6071561
10914	-170.6061	-340.9138	170.3077	1.658067	1.61225	0.3460719
10920	-173.0243	-342.3566	169.3322	2.146547	1.898974	0.9523443
10926	-181.8832	-352.5585	170.6753	1.96658	0.9770482	0.6044338
10932	-182.2114	-352.9187	170.7073	1.828165	1.052731	0.6751243
10938	-168.4588	-339.1194	170.6606	1.937519	1.037042	0.5394899
10944	-171.4261	-342.6204	171.1943	1.517466	0.8288519	0.7544637
10950	-181.1146	-350.5711	169.4565	2.279842	1.859163	0.6605839
10956	-190.4863	-361.0527	170.5664	0.7350431	2.301736	0.3792571
10962	-174.7204	-344.0609	169.3405	2.341189	1.954349	0.5327651
10968	-170.7329	-340.9336	170.2006	2.147615	1.268556	0.6105308
10974	-168.988	-340.7806	171.7926	0.5730209	1.268556	0.5457556
10980	-180.7802	-351.8472	171.0669	1.311178	1.25564	0.5482146
10986	-190.7433	-361.9984	171.2552	0.2494327	2.1288	0.4529096
10992	-189.0279	-357.6605	168.6327	2.053945	2.946775	0.4529096
10998	-187.1623	-356.3182	169.1559	2.565347	1.813813	0.7625782
11004	-186.4093	-355.9794	169.5701	0.2206625	3.814934	0.3832041
11010	-186.8811	-357.7163	170.8352	0.863056	1.938879	0.5226273
11016	-182.7221	-353.1961	170.474	1.995844	1.166572	0.5301466
11022	-191.76	-361.5551	169.795	2.320313	1.361917	0.8395758
11028	-186.2042	-358.1244	171.9201	0.1221246	1.25997	1.028641
11034	-196.723	-365.3424	168.6195	2.52063	1.595597	1.500798
11040	-174.5469	-346.2421	171.6952	0.6901241	1.188085	0.7020283
11046	-179.5048	-351.7829	172.2781	0.2346972	0.7086656	1.104699
11052	-169.7231	-340.024	170.3009	1.738159	1.580812	0.6016615
11058	-179.3791	-349.3577	169.9785	2.128187	0.999663	1.206198
11064	-181.8568	-350.8766	169.0198	2.312253	2.299694	0.4455886
11070	-188.0353	-359.5636	171.5283	0.5552018	1.096344	1.142169
11076	-177.2782	-349.0479	171.7696	0.6021107	1.094329	0.8532379
11082	-188.2535	-358.3414	170.0879	2.011808	1.360757	0.8599974
11088	-184.6621	-354.9505	170.2885	2.011808	1.191293	0.8216156
11094	-189.5616	-361.3248	171.7632	0.0558651	1.808054	0.4293099
11100	-176.2014	-348.1129	171.9115	0.3180292	1.112874	0.9887918
11106	-182.0616	-353.2342	171.1726	1.362294	1.075781	0.3917507
11112	-186.9678	-358.4391	171.4712	0.8376067	1.256074	0.7164894
11118	-181.1463	-350.0569	168.9106	2.301036	2.390278	0.6470152
11124	-172.4334	-344.3693	171.9359	0.1498882	1.547867	0.5487973
11130	-181.2497	-353.5103	172.2606	0.121797	1.129175	0.795351
11136	-190.8139	-361.1974	170.3835	0.822978	2.423717	0.5656637
11142	-182.9058	-353.5182	170.6125	1.910372	1.010552	0.7650353
11148	-171.3901	-343.0248	171.6347	0.6360546	1.366065	0.5259112
11154	-165.6789	-337.2515	171.5725	0.8953084	1.169656	0.5181025
11160	-174.3198	-345.9087	171.5889	0.5185315	1.528136	0.5366717
11166	-175.886	-347.8389	171.9529	0.6629097	1.015407	0.5611787
11172	-177.4592	-349.8126	172.3533	0.2006881	0.7703813	1.006844
11178	-174.0812	-345.1811	171.0998	1.309868	1.219935	0.5681247
11184	-171.847	-343.3404	171.4934	0.1404673	2.004181	0.5079683
11190	-177.5629	-348.6516	171.0887	0.1044344	2.383444	0.6965068
11196	-171.0512	-343.2908	172.2397	0.2112658	1.175413	0.5807481
11202	-188.2072	-359.9745	171.7673	0.7932579	1.063845	0.5875088
11208	-190.6525	-361.81	171.1575	1.033728	1.389945	0.6882343
11214	-191.2397	-361.5345	170.2948	1.033728	2.295011	0.5903235
11220	-186.6804	-357.1785	170.4981	1.033728	2.087993	0.4103544
11226	-177.7675	-348.5108	170.7434	1.007911	1.882571	0.4551273
11232	-190.8898	-361.2687	170.3789	1.34985	1.907244	0.5335094
11238	-180.9351	-352.4698	171.5348	0.840273	1.185232	0.7240865
11244	-170.9351	-341.5178	170.5826	1.034091	2.02143	0.4992649
11250	-176.9441	-347.7464	170.8023	0.6914773	2.144146	0.4896385
11256	-178.4197	-349.851	171.4313	0.5098375	1.498496	0.8843998
11262	-183.1333	-354.287	171.1536	0.3269968	2.068189	0.7420843
11268	-180.4574	-351.7574	171.3	0.2584634	2.076798	0.4629001
11274	-173.1107	-345.2631	172.1524	0.03480044	1.412845	0.6509465
11280	-173.2772	-345.5143	172.2371	0.0018951	1.374292	0.6199369
11286	-182.1078	-354.3089	172.2011	0.002334222	1.429743	0.4520623
11292	-175.1826	-346.9506	171.768	9.807193e-05	1.867353	0.4641817
11298	-171.8089	-342.5458	170.7369	2.032949e-05	2.872914	0.3903022
11304	-177.4677	-348.4202	170.9525	0.004748734	2.680768	0.4920965
11310	-175.1829	-346.1925	171.0096	0.1068707	2.391292	0.286182
11316	-182.2452	-351.7254	169.4802	1.042493	3.094197	0.40383
11322	-174.6487	-346.033	171.3843	0.4064928	1.847338	0.4996031
11328	-176.8023	-348.16	171.3577	0.1042344	2.17595	0.5101747
11334	-171.94	-343.4055	171.4654	0.1648202	1.996327	0.5799303
11340	-190.7592	-359.4255	168.6663	2.011303	2.521592	1.124907
11346	-191.9927	-360.0059	168.0131	2.543575	2.412657	1.319631
11352	-177.5439	-347.4778	169.9339	2.202875	1.449546	0.678649
11358	-180.0718	-348.9835	168.9117	1.192817	3.253394	0.2126799
11364	-174.7195	-344.1425	169.423	0.784504	3.253394	0.2582008
11370	-180.45	-350.5086	170.0586	2.097591	1.47286	0.5703915
11376	-180.3355	-352.1603	171.8248	0.393606	1.293926	0.7943116
11382	-171.7866	-344.0262	172.2395	0.09875051	1.297484	0.466399
11388	-180.2826	-352.2706	171.988	0.1717604	1.469199	0.5708768
11394	-174.6554	-346.1354	171.4799	0.7921635	1.335131	0.6348356
11400	-185.5957	-356.3031	170.7074	1.047592	1.842064	0.6574229
11406	-178.1723	-350.1927	172.0203	0.1955726	1.421496	0.4807829
11412	-182.5476	-354.1295	171.5819	0.6903235	1.354103	0.580952
11418	-191.2778	-363.9711	172.6932	0.1359573	0.7888096	0.6071382
11424	-181.5326	-353.2343	171.7017	0.8758178	1.018974	0.6585027
11430	-202.4088	-373.5246	171.1158	1.092045	1.282688	0.8229552
11436	-196.7618	-368.5741	171.8124	0.2926131	1.392642	0.813838
11442	-185.0032	-356.691	171.6878	0.07698908	1.834219	0.6532121
11448	-187.5599	-359.217	171.6571	0.1231013	1.834219	0.6168549
11454	-181.4662	-353.328	171.8618	0.6479495	1.055361	0.7161859
11460	-179.9828	-350.6807	170.6979	1.280704	1.577692	0.3240509
11466	-186.008	-357.1027	171.0947	0.782023	1.74091	0.4055005
11472	-183.9307	-355.0462	171.1155	1.761479	0.5466366	0.9026071
11478	-195.171	-365.8919	170.7209	1.595259	0.6594252	1.314643
11484	-179.437	-351.0585	171.6215	0.2957056	1.720754	0.5099363
11490	-184.6873	-355.9543	171.267	0.6597226	1.588427	0.7906014
11496	-193.709	-365.2262	171.5172	0.237411	1.876705	0.4438466
11502	-174.0455	-346.0742	172.0287	0.1828948	1.426273	0.4884781
11508	-165.8255	-336.6373	170.8118	0.3480621	2.463163	0.4181227
11514	-179.3338	-347.3413	168.0074	2.362514	3.261839	0.4457282
11520	-182.2352	-352.1319	169.8967	0.6423686	2.860633	0.2292081
11526	-179.7592	-348.9135	169.1543	1.469066	2.860633	0.2712176
11532	-178.4078	-348.0797	169.6719	1.96965	1.938496	0.6902861
11538	-168.7019	-339.8092	171.1072	0.4713851	2.046641	0.4239713
11544	-177.627	-347.9272	170.3002	1.468115	1.855906	0.5880909
11550	-180.476	-350.7486	170.2725	1.825841	1.539758	0.5036879
11556	-182.8201	-354.2259	171.4057	1.120921	1.102736	0.4367701
11562	-177.499	-348.9669	171.4679	0.6114659	1.454479	0.7643714
11568	-182.5413	-352.8951	170.3537	2.023408	1.201405	0.693021
11574	-180.8151	-351.9575	171.1424	0.3276163	2.153512	0.5904772
11580	-181.6115	-352.2247	170.6133	0.3276163	2.682633	0.5904772
11586	-180.6893	-351.1108	170.4215	0.7625757	2.378696	0.330147
11592	-186.2947	-357.6078	171.3131	0.5934034	1.731247	0.4864033
11598	-190.4955	-360.2816	169.786	2.140265	1.685598	0.6234342
11604	-178.554	-350.2769	171.7229	1.23925	0.5151989	0.8395175
11610	-176.0687	-348.345	172.2763	0.03986539	1.161144	0.8395175
11616	-191.2978	-362.5557	171.2579	0.1475718	2.18426	0.6721916
11622	-196.3352	-366.9147	170.5796	1.094069	1.964487	0.49699
11628	-185.3445	-353.5212	168.1766	0.2757137	5.029521	0.2699438
11634	-190.463	-361.0836	170.6205	1.373092	1.634072	0.4312211
11640	-190.4418	-361.406	170.9641	0.4106794	2.248716	0.5903556
11646	-186.8025	-357.2237	170.4211	0.4453882	2.767868	0.4578832
11652	-177.7568	-348.8537	171.0969	1.584254	0.4760655	1.162177
11658	-177.4854	-347.6947	170.2093	1.913867	1.508609	0.5585154
11664	-189.996	-361.3096	171.3136	0.4527849	1.851858	0.6063301
11670	-177.5126	-349.093	171.5803	0.1558763	1.795394	0.7675998
11676	-177.4437	-348.9492	171.5055	0.136039	1.989537	0.5616888
11682	-179.7035	-349.7788	170.0754	0.9765469	2.508343	0.3277365
11688	-166.3009	-336.6635	170.3626	1.476851	1.695448	0.3058416
11694	-167.7133	-337.8881	170.1749	1.644596	1.805514	0.5855423
11700	-168.8513	-340.2181	171.3669	0.2469956	2.023761	0.5158569
11706	-171.3602	-342.24	170.8798	0.8605641	1.856864	0.6569332
11712	-174.7375	-344.9348	170.1974	0.08614106	3.278309	0.3292184
11718	-176.2158	-346.0036	169.7877	1.934863	1.854563	0.6955214
11724	-182.2961	-352.8303	170.5343	2.06016	0.964671	0.7259942
11730	-192.1774	-363.4251	171.2477	1.290186	1.099978	0.5108185
11736	-191.1079	-363.5181	172.4102	0.3246419	0.897439	0.447731
11742	-193.5529	-364.3012	170.7483	0.5846512	2.258043	0.6696374
11748	-170.3371	-341.188	170.8509	0.5406309	2.181969	0.3410845
11754	-175.5867	-346.5022	170.9155	1.014501	1.691165	0.4135573
11760	-176.5285	-348.386	171.8575	0.7897955	0.9662726	0.619201
11766	-178.2961	-349.5738	171.2777	1.004602	1.006442	1.041676
11772	-170.3192	-341.558	171.2388	0.7261661	1.584005	0.7418951
11778	-174.9586	-346.1239	171.1653	1.116028	1.268992	0.7397786
11784	-172.4224	-342.5962	170.1738	1.356946	2.056222	0.3565877
11790	-176.0649	-347.1471	171.0822	0.09851103	2.450215	0.5625239
11796	-177.1951	-348.1223	170.9272	0.1597688	2.419914	0.2855899
11802	-181.3472	-351.9617	170.6145	0.7761681	2.126199	0.2923971
11808	-170.5925	-342.5603	171.9678	0.6249612	0.9851315	0.6941869
11814	-174.9465	-344.9975	170.051	2.095811	1.481198	0.5746763
11820	-180.7408	-352.4443	171.7035	0.4669298	1.447221	0.6081347
11826	-183.1918	-354.661	171.4692	0.2655992	1.592995	1.003456
11832	-168.9513	-339.7689	170.8176	0.09332286	2.720813	0.4456434
11838	-173.5273	-344.7181	171.1909	0.7186097	1.72253	0.4466664
11844	-174.4148	-345.9811	171.5663	0.2234756	1.803733	0.3651384
11850	-176.5969	-347.6143	171.0174	0.944205	1.557595	0.7850102
11856	-191.6226	-361.8358	170.2132	1.741794	1.609515	0.7172264
11862	-190.0038	-361.636	171.6321	0.6864056	1.275071	0.6643803
11868	-174.2656	-345.5452	171.2797	0.25271	2.10058	0.5527007
11874	-170.2883	-341.3957	171.1074	0.2325368	2.239282	0.6918757
11880	-166.0449	-337.1388	171.0939	0.3031553	2.239282	0.4709465
11886	-179.8549	-350.4312	170.5764	0.2912647	2.768746	0.4709465
11892	-195.1949	-366.0771	170.8822	0.6688261	2.025436	0.344312
11898	-190.29	-361.2024	170.9125	0.6456262	2.025436	0.6839357
11904	-210.6274	-381.3346	170.7072	1.923459	0.6092953	1.087692
11910	-185.8296	-356.8941	171.0645	1.278332	1.205049	0.7435319
11916	-190.9666	-361.5231	170.5565	1.634186	1.27554	0.8530713
11922	-188.8445	-360.428	171.5835	1.039815	0.9562114	0.6913345
11928	-193.6536	-365.1965	171.5429	0.9957971	0.9189103	0.8633569
11934	-201.7901	-373.9662	172.1761	0.01193186	1.396027	0.682949
11940	-190.0142	-361.836	171.8217	0.05089905	1.697669	0.707461
11946	-187.5681	-359.0178	171.4497	0.01687509	2.170003	0.5282148
11952	-179.2135	-350.1798	170.9663	0.09668101	2.574559	0.4831723
11958	-181.3419	-350.5734	169.2315	1.774211	2.574559	0.3486208
11964	-185.7809	-356.1094	170.3284	0.2748076	2.98228	0.3548686
11970	-183.5067	-353.1551	169.6485	0.7862439	2.98228	0.2367277
11976	-175.8524	-347.4838	171.6314	0.2081983	1.797322	0.475969
11982	-171.5159	-343.2611	171.7453	0.4907126	1.344895	0.6888097
11988	-169.9424	-341.7519	171.8095	0.374713	1.45375	0.5099474
11994	-170.4291	-340.5341	170.105	2.079275	1.45375	0.5067409
12000	-182.3521	-353.6137	171.2616	0.4681374	1.848085	0.6943873
12006	-176.2844	-348.456	172.1716	0.08217739	1.368774	0.5935995
12012	-171.4988	-344.5193	173.0205	0.04120071	0.5759568	0.5153882
12018	-160.1366	-331.8628	171.7262	0.564268	1.320685	0.6252084
12024	-171.0593	-342.1318	171.0725	1.244861	1.320685	0.5070282
12030	-169.0828	-338.9701	169.8873	1.244861	2.451285	0.3523665
12036	-168.683	-340.0038	171.3208	0.01527457	2.289632	0.5830546
12042	-166.0377	-337.3526	171.3149	0.01543825	2.295373	0.5830546
12048	-166.2369	-337.9817	171.7448	0.5302605	1.350643	0.5830546
12054	-169.0974	-341.4831	172.3857	0.1662287	0.9832877	0.7623978
12060	-169.8803	-341.85	171.9697	0.6501289	0.9832877	0.3791022
12066	-172.2123	-343.6054	171.393	0.2751954	1.898563	0.7134013
12072	-173.3948	-345.2372	171.8424	0.1890339	1.52646	0.7278246
12078	-177.3614	-347.5718	170.2103	0.5093509	2.847541	0.3345564
12084	-177.8435	-349.016	171.1724	0.9911253	1.472201	0.5354004
12090	-190.197	-361.239	171.0421	1.161783	0.8745922	1.229881
12096	-182.1873	-353.8355	171.6482	0.504052	1.450342	0.6453131
12102	-176.504	-348.6284	172.1244	0.03451734	1.405807	0.7168067
12108	-172.0885	-344.7942	172.7057	0.06813481	0.7881906	0.7212264
12114	-182.4488	-354.861	172.4121	0.1444436	1.065085	0.5963201
12120	-184.8719	-356.6681	171.7962	0.8543124	0.9711999	0.5963201
12126	-177.4922	-348.6458	171.1535	1.014515	1.466116	0.5459964
12132	-182.4668	-353.5719	171.1051	0.1917854	2.271317	0.3355856
12138	-174.2778	-345.5553	171.2775	0.4977691	1.828166	0.6434644
12144	-175.3328	-346.0779	170.7451	0.2229944	2.644537	0.6216938
12150	-171.3569	-342.3239	170.967	0.4601498	2.208115	0.4630069
12156	-168.8045	-338.6969	169.8925	0.2919421	3.40653	0.3616753
12162	-190.768	-359.9333	169.1653	1.508128	2.959351	0.4498729
12168	-178.6406	-347.6893	169.0487	2.348033	2.2347	0.5601243
12174	-185.537	-354.1046	168.5676	2.348033	2.640316	0.7310661
12180	-186.4624	-355.8224	169.36	2.348033	1.883355	0.6688853
12186	-184.6239	-355.9844	171.3605	0.4257549	1.802551	0.3589083
12192	-190.959	-361.8683	170.9092	1.343866	1.319206	0.7039854
12198	-184.183	-354.4223	170.2393	1.751293	1.647475	0.5064546
12204	-176.6049	-348.1446	171.5397	0.466386	1.627615	0.548741
12210	-181.7201	-351.7072	169.9872	1.248804	2.370604	0.636389
12216	-176.7968	-347.9433	171.1466	0.7455665	1.689201	0.6879562
12222	-177.103	-347.768	170.665	0.6693727	2.27775	0.3944225
12228	-175.6445	-346.216	170.5715	1.647576	1.408294	0.5768405
12234	-172.1126	-344.0091	171.8965	0.9014083	0.7399364	0.7585633
12240	-167.7561	-338.0047	170.2486	1.974563	1.303162	0.7751223
12246	-178.9252	-349.4064	170.4811	1.974563	0.4638376	1.359381
12252	-185.8931	-358.0701	172.177	0.1432501	0.6668133	1.305366
12258	-188.6668	-359.6768	171.01	1.446779	1.169955	0.5794668
12264	-185.4457	-357.4681	172.0224	0.009054141	1.595264	0.5794668
12270	-178.3052	-350.6093	172.304	0.00191018	1.320761	0.5794668
12276	-178.7643	-351.1968	172.4325	0.01184545	1.094273	0.75744
12282	-165.0394	-336.6051	171.5657	0.3783262	1.594546	0.75744
12288	-171.1548	-343.718	172.5632	0.1023951	0.7390074	0.923634
12294	-178.0748	-350.1438	172.0691	0.1797994	1.322013	0.7064354
12300	-185.2679	-356.0097	170.7418	1.534568	1.358925	0.4632373
12306	-180.3459	-350.8618	170.5159	1.817133	1.225724	0.7265419
12312	-168.5296	-340.6004	172.0708	0.6105107	0.8865885	0.7114509
12318	-180.2645	-351.5143	171.2498	0.2439658	2.117763	0.6243267
12324	-180.8067	-349.4952	168.6885	1.832585	3.113129	0.456863
12330	-177.3721	-348.3022	170.9302	0.6515323	2.05564	0.5203123
12336	-178.5919	-351.2743	172.6824	0.02825089	0.8344525	0.7477108
12342	-190.8853	-362.4008	171.5154	0.2370058	1.868901	0.5972896
12348	-188.3976	-360.679	172.2815	0.7060255	0.6255702	0.6204653
12354	-184.3841	-355.8439	171.4598	0.777119	1.400732	0.515674
12360	-178.9577	-347.7916	168.8339	2.179582	2.599297	0.6212852
12366	-179.1672	-350.4854	171.3182	1.674615	0.6199629	0.6212852
12372	-169.8474	-341.7069	171.8594	0.3812551	1.323595	0.717541
12378	-177.0935	-348.1596	171.066	1.2479	1.323595	0.5178016
12384	-171.4208	-343.872	172.4511	0.03103173	1.145361	0.5764065
12390	-173.6106	-345.8452	172.2346	0.03666702	1.145361	0.9104059
12396	-176.8586	-348.9695	172.111	0.08363638	1.21947	0.9132154
12402	-178.9031	-349.6603	170.7572	1.668334	1.208469	0.5467976
12408	-174.0015	-345.1733	171.1718	1.306803	1.10904	0.6762022
12414	-171.9002	-342.4239	170.5237	2.03976	0.8236679	0.94246
12420	-171.5499	-341.8683	170.3184	1.144982	2.173689	0.4772483
12426	-178.6484	-349.3101	170.6617	1.034684	1.861677	0.3256375
12432	-178.3548	-350.2518	171.8969	0.7892884	0.9342214	0.6000125
12438	-173.09	-345.1345	172.0445	0.414057	0.9342214	0.9363645
12444	-185.0258	-356.5957	171.5699	0.4348405	1.560302	0.7162552
12450	-167.9302	-340.535	172.6048	0.0008489996	0.8740059	0.8366256
12456	-161.2685	-333.5092	172.2407	0.0001141344	1.312285	0.7354637
12462	-176.5604	-347.9336	171.3731	0.0005428435	2.205377	0.347238
12468	-174.2421	-345.082	170.8399	0.02672694	2.75498	0.4145585
12474	-168.8935	-340.8665	171.9729	0.01579172	1.593624	0.6861233
12480	-163.1296	-335.09	171.9604	0.04558746	1.612663	0.6053433
12486	-168.739	-341.023	172.284	0.05930101	1.165433	0.7991804
12492	-180.7419	-352.5035	171.7616	0.1341663	1.359055	1.073887
12498	-177.8005	-350.2392	172.4387	0.02221457	1.175053	0.5339672
12504	-180.3848	-352.4982	172.1134	0.04078957	1.437016	0.669121
12510	-173.4162	-345.4308	172.0146	0.04378091	1.579202	0.516636
12516	-174.3786	-345.6809	171.3023	0.2935628	2.024912	0.598933
12522	-185.4478	-355.4234	169.9756	0.05584554	3.601267	0.4496708
12528	-189.7863	-358.8138	169.0275	0.05257119	4.398001	0.2677359
12534	-192.0494	-359.434	167.3846	0.789113	5.394028	0.335096
12540	-176.6889	-346.6101	169.9212	1.471312	2.244517	0.5238092
12546	-184.5674	-356.3971	171.8297	0.719089	1.076272	0.5852061
12552	-176.0913	-347.6318	171.5406	0.358895	1.715263	0.6161593
12558	-187.1607	-357.8221	170.6613	1.238111	1.715263	0.6161593
12564	-188.533	-359.2093	170.6762	0.4650849	2.470485	0.6237488
12570	-189.917	-358.9686	169.0516	2.624476	1.662631	0.9925523
12576	-184.8943	-353.9336	169.0393	2.624476	1.662631	1.004854
12582	-197.4181	-367.0116	169.5935	2.192638	1.540315	1.004854
12588	-202.0043	-371.7336	169.7293	2.192638	1.64962	0.7052755
12594	-180.5966	-351.9203	171.3237	0.7764358	1.422252	0.7806146
12600	-178.369	-349.263	170.894	1.422703	0.9641368	1.04929
12606	-181.681	-352.3229	170.6419	1.676202	1.065168	0.9465115
12612	-178.5884	-348.9947	170.4063	2.093896	1.123722	0.5890992
12618	-179.3882	-351.1146	171.7264	0.748878	1.123722	0.65323
12624	-178.3289	-349.4656	171.1367	0.4824478	2.018853	0.4919994
12630	-179.5832	-351.2893	171.7061	0.8437759	1.085103	0.5409003
12636	-175.2122	-346.4273	171.2151	1.094611	1.325263	0.5409003
12642	-157.1044	-328.6718	171.5673	0.448233	1.621872	0.4817106
12648	-168.7305	-338.814	170.0835	1.848493	1.705456	0.4817106
12654	-160.7652	-331.2979	170.5327	1.335505	1.705456	0.3412358
12660	-170.8016	-340.7893	169.9877	0.9967357	2.538856	0.297016
12666	-171.5134	-341.5462	170.0328	1.50451	2.081307	0.4076115
12672	-175.4806	-347.3494	171.8688	0.2726364	1.40758	0.7417224
12678	-174.1497	-345.4942	171.3445	0.4808039	1.793268	0.6054073
12684	-174.8245	-346.093	171.2686	1.075307	1.273937	0.6076235
12690	-189.3961	-361.473	172.077	0.5002585	1.019888	0.6572331
12696	-187.4328	-358.8588	171.426	0.8547908	1.25369	0.763436
12702	-183.7552	-356.0404	172.2852	0.4462842	0.8697337	0.6484063
12708	-187.4502	-360.2119	172.7616	0.3142342	0.4888909	0.7167428
12714	-172.9771	-345.2411	172.264	0.509551	0.6851029	0.8622052
12720	-178.1176	-348.9214	170.8038	1.233418	1.58675	0.5889287
12726	-187.1525	-358.2909	171.1384	0.9619295	1.507721	0.6329849
12732	-171.3829	-341.6975	170.3147	1.793457	1.499886	0.6329849
12738	-178.6913	-350.1522	171.4609	0.373	1.798839	0.5537544
12744	-189.5377	-359.9908	170.4532	0.2045757	2.965065	0.4174656
12750	-174.6468	-346.1717	171.5249	0.3446098	1.762688	0.5562528
12756	-173.4437	-345.473	172.0293	0.8437558	0.7381316	0.6251666
12762	-181.9099	-353.3383	171.4284	0.5221708	1.490635	0.8825471
12768	-175.4728	-346.9388	171.4659	1.31517	0.824141	0.6394309
12774	-173.9172	-345.7272	171.81	0.6670617	1.159389	0.5295335
12780	-177.3861	-348.5352	171.1491	1.19697	1.196139	0.7520209
12786	-171.2212	-341.9168	170.6956	1.439236	1.503223	0.5061145
12792	-179.3066	-350.3188	171.0122	1.145899	1.458334	0.6115917
12798	-162.2061	-334.1047	171.8986	0.5482588	1.180097	0.5786376
12804	-157.9047	-329.6238	171.7191	0.7054556	1.180097	0.6407319
12810	-164.9164	-336.6686	171.7523	0.5162619	1.324992	0.6645547
12816	-167.6274	-339.2974	171.6699	0.8004829	1.123113	0.6645547
12822	-167.6924	-339.8111	172.1187	0.2785871	1.144325	0.7529695
12828	-183.3175	-353.1622	169.8447	2.286361	1.43044	0.7221242
12834	-176.2027	-347.8197	171.617	0.2043911	1.761317	0.6854744
12840	-170.555	-341.4482	170.8932	0.5001369	2.242389	0.4664188
12846	-177.5504	-347.9039	170.3535	0.5367398	2.683419	0.3412428
12852	-187.9567	-357.1997	169.243	0.4872066	3.745005	0.2660962
12858	-177.6061	-347.9001	170.294	0.3225036	2.858689	0.2660962
12864	-171.8635	-342.1354	170.272	0.07731523	3.253565	0.3786564
12870	-189.4137	-360.362	170.9483	1.43795	1.251188	0.4816817
12876	-196.8143	-368.1866	171.3723	0.5457241	1.717937	0.5335984
12882	-180.5428	-352.1101	171.5673	0.3908223	1.564966	0.779666
12888	-172.5646	-344.4937	171.9292	0.4446597	1.255497	0.5694025
12894	-176.1068	-346.9984	170.8916	1.465887	1.255497	0.3960016
12900	-178.5856	-349.2466	170.661	1.712213	1.255497	0.5719429
12906	-175.8062	-347.3318	171.5256	0.4439262	1.61705	0.678139
12912	-179.7465	-350.8497	171.1032	1.196877	1.318641	0.6051179
12918	-190.662	-361.2283	170.5663	0.5629465	2.508468	0.4854846
12924	-201.7265	-373.4225	171.696	0.4485569	1.483445	0.4321545
12930	-188.0106	-359.4163	171.4057	0.7775375	1.450731	0.5470962
12936	-201.2392	-372.9655	171.7263	0.3225533	1.579456	0.5735697
12942	-194.1453	-364.7172	170.5719	1.869506	1.195969	0.5202181
12948	-182.9188	-355.02	172.1013	0.3934786	0.8802072	0.9553112
12954	-183.4772	-355.662	172.1848	0.742062	0.5732878	0.8106
12960	-192.435	-364.5122	172.0772	0.3069173	1.08465	0.8499622
12966	-183.7158	-354.7917	171.0759	0.350113	2.20391	0.4386752
12972	-178.7698	-350.4717	171.7019	0.6606468	1.258943	0.5969325
12978	-183.9416	-356.0698	172.1282	0.07157752	1.421647	0.5969325
12984	-185.5439	-356.5683	171.0244	1.433403	1.105684	0.7188872
12990	-184.7949	-356.6383	171.8434	0.4668278	1.299202	0.6295582
12996	-189.4092	-361.1925	171.7833	0.488444	1.299202	0.7062803
13002	-193.8119	-365.8376	172.0257	0.4846993	1.101538	0.6232945
13008	-178.3546	-350.668	172.3134	0.3907784	0.7148787	0.9077131
13014	-179.5435	-350.9785	171.435	0.1151888	2.085592	0.5353109
13020	-177.7326	-349.8747	172.1421	0.2493997	1.242186	0.5485269
13026	-174.2109	-346.5709	172.36	0.2547274	0.9107632	0.7762573
13032	-170.2947	-342.1207	171.826	0.3786897	1.42525	0.5667358
13038	-178.8715	-349.5046	170.633	1.145519	1.800263	0.3469653
13044	-187.6747	-357.0492	169.3744	1.813967	2.436577	0.4231833
13050	-182.8111	-353.5678	170.7568	0.2599367	2.559587	0.3441389
13056	-181.636	-352.9452	171.3091	0.4023075	1.886744	0.6549328
13062	-177.8312	-349.1924	171.3612	0.4495103	1.711745	0.7804558
13068	-173.182	-343.6605	170.4785	0.8481676	2.23344	0.3275572
13074	-167.8125	-339.2975	171.485	0.4214986	1.721888	0.5732742
13080	-167.784	-339.3342	171.5501	0.1765614	1.909143	0.5347052
13086	-173.9878	-345.3338	171.3459	0.6054712	1.675583	0.4290605
13092	-186.7034	-356.3435	169.6401	1.741252	2.237513	0.4082173
13098	-189.6934	-358.2334	168.54	1.961347	3.053087	0.7333061
13104	-186.001	-356.8201	170.8191	0.8890592	1.896826	0.3821123
13110	-188.1023	-358.7938	170.6915	1.741922	1.130196	0.7186019
13116	-175.7023	-347.0702	171.3679	1.198545	1.064189	0.4413009
13122	-176.0058	-348.6667	172.6609	0.1788713	0.7832455	0.5920086
13128	-181.48	-351.8249	170.3449	1.937825	1.340352	0.5920086
13134	-177.0395	-349.2987	172.2592	0.1276513	1.227141	0.6181113
13140	-177.3202	-349.212	171.8919	0.2222627	1.523969	0.5045888
13146	-175.1823	-346.2851	171.1027	1.018468	1.515166	0.470812
13152	-171.2328	-341.8224	170.5896	0.04487288	2.973322	0.3866918
13158	-170.2712	-338.5409	168.2698	2.104316	3.237301	0.3930747
13164	-170.2463	-339.8566	169.6102	0.3132862	3.60745	0.3027887
13170	-193.8238	-361.0544	167.2305	2.474411	3.893273	0.3716966
13176	-181.5697	-352.9256	171.3558	0.4216283	1.860506	0.5093523
13182	-183.303	-354.0983	170.7953	0.6746803	2.163262	0.5509791
13188	-174.8294	-344.957	170.1275	0.09548751	3.237701	0.2581227
13194	-168.7695	-340.3333	171.5638	0.1624214	1.908678	0.4609273
13200	-171.4391	-342.6976	171.2585	0.1948598	2.174873	0.5736879
13206	-180.7925	-352.2717	171.4793	0.009684244	2.148516	0.5186988
13212	-178.775	-350.7583	171.9833	0.04401808	1.480584	0.8003598
13218	-184.8089	-354.6823	169.8734	2.173245	1.461234	0.8003598
13224	-173.7916	-344.5888	170.7972	1.876872	0.8586033	0.766059
13230	-169.5114	-341.6999	172.1885	0.1348245	1.257702	0.6885138
13236	-178.3227	-350.1394	171.8167	0.3168678	1.447439	0.6885138
13242	-184.3144	-355.3834	171.069	1.101375	1.447439	0.4059173
13248	-188.412	-357.6139	169.2018	2.068607	2.358178	0.4341626
13254	-197.0459	-366.4331	169.3871	0.9490544	3.127537	0.259732
13260	-177.3776	-349.9429	172.5653	0.1341328	0.7907055	0.8233904
13266	-183.4364	-351.7075	168.2711	2.077385	3.257832	0.3842142
13272	-192.451	-363.228	170.777	1.080835	1.750037	0.6333177
13278	-182.6655	-353.6037	170.9382	1.145093	1.551569	0.5412874
13284	-176.3028	-346.0909	169.7881	1.355537	2.479543	0.4184714
13290	-173.0449	-344.675	171.6301	0.2109569	1.793965	0.5402124
13296	-175.499	-346.5009	171.0019	0.8128836	1.793965	0.3883586
13302	-179.4027	-349.2237	169.821	0.6548786	3.162168	0.4928389
13308	-176.2744	-347.2149	170.9405	1.516459	1.1806	0.4830516
13314	-174.8842	-346.2853	171.4012	0.5331217	1.646289	0.689303
13320	-171.0792	-341.7953	170.7161	0.4522431	2.458076	0.4272821
13326	-167.6637	-339.0837	171.4199	0.1730195	2.039558	0.4488633
13332	-172.1543	-343.618	171.4637	0.1805553	1.976151	0.4115997
13338	-170.7069	-341.4658	170.7589	1.22591	1.65081	0.5361049
13344	-175.4171	-346.0366	170.6195	0.3459826	2.582525	0.3165984
13350	-169.1525	-339.649	170.4965	1.315062	1.801416	0.396058
13356	-173.8731	-344.3498	170.4767	1.315062	1.83674	0.5727802
13362	-175.2279	-346.5212	171.2933	0.5343208	1.809523	0.5224713
13368	-176.3829	-348.4487	172.0658	0.1114462	1.349755	0.7741497
13374	-166.3937	-338.0693	171.6756	0.7896663	0.9822313	0.875281
13380	-178.3317	-346.6464	168.3148	2.550121	2.114924	1.311217
13386	-167.6021	-339.5367	171.9346	0.04036115	1.645862	0.5988351
13392	-170.8665	-342.8329	171.9664	0.2568061	1.410739	0.5469331
13398	-171.2505	-342.5973	171.3468	0.1960175	2.068656	0.3932091
13404	-166.9584	-338.6595	171.7012	0.3393581	1.594083	0.4591192
13410	-164.8433	-335.7921	170.9488	0.1269384	2.542612	0.4069571
13416	-173.3772	-345.1785	171.8013	0.1839103	1.577528	0.7201481
13422	-174.423	-346.8012	172.3782	0.1985891	0.9919254	0.7101223
13428	-172.114	-343.8589	171.7449	0.685838	1.195215	0.4260719
13434	-172.1574	-344.1474	171.99	0.2657033	1.195215	0.8712892
13440	-179.0989	-351.3189	172.22	0.05503733	1.268683	0.7498179
13446	-189.3313	-360.8262	171.4948	0.284195	1.7345	0.7927451
13452	-184.3186	-356.2114	171.8928	0.01813377	1.721819	0.5536451
13458	-178.6347	-350.5749	171.9403	0.0326733	1.381459	0.9766216
13464	-177.3112	-348.5979	171.2866	0.9697633	1.381459	0.4883096
13470	-178.1787	-348.8628	170.6841	0.9704346	1.976881	0.4442479
13476	-175.5929	-345.9619	170.369	0.9703139	2.298708	0.5066176
13482	-179.0369	-351.3314	172.2944	0.06786814	0.8930153	1.073391
13488	-171.2597	-342.0719	170.8122	1.69159	1.086573	0.6707932
13494	-179.6043	-350.9899	171.3856	0.5344183	1.718097	0.5020407
13500	-186.5962	-357.6218	171.0256	0.2797537	2.315062	0.4115905
13506	-174.403	-345.753	171.35	0.6730026	1.615057	0.5060404
13512	-175.5873	-347.1263	171.539	0.5369898	1.562065	0.5060404
13518	-176.112	-347.9269	171.8149	0.1852227	1.562065	0.720936
13524	-173.5126	-342.6267	169.1141	1.194689	3.197006	0.284844
13530	-176.7006	-347.279	170.5784	0.6132117	2.409748	0.376372
13536	-178.107	-349.1076	171.0006	0.2006573	2.409748	0.6257792
13542	-179.8933	-350.1045	170.2111	0.4437182	2.845316	0.2811871
13548	-180.3808	-349.6627	169.2819	0.05034037	3.905745	0.1749041
13554	-179.7873	-351.7225	171.9353	0.04964563	1.615621	0.6499515
13560	-181.7512	-352.9154	171.1642	0.6582882	1.669663	0.8208807
13566	-180.6907	-349.6556	168.9649	2.522182	1.978283	0.8541351
13572	-188.1651	-354.6181	166.4529	2.522182	4.650461	0.4248329
13578	-179.492	-347.8492	168.3571	2.522182	2.646572	0.7756869
13584	-179.1608	-345.4267	166.2658	2.909026	4.043367	1.107635
13590	-175.8519	-344.0781	168.2262	2.909026	2.111713	1.081249
13596	-182.2566	-350.3168	168.0602	2.909026	2.111713	1.227783
13602	-200.6248	-372.5743	171.9495	0.6030107	0.9545293	0.8014073
13608	-185.9843	-356.2601	170.2757	1.568761	1.793603	0.495303
13614	-185.4683	-353.4717	168.0034	2.265201	3.368189	0.4748311
13620	-176.7261	-346.9262	170.2001	2.265201	1.132939	0.6548337
13626	-180.918	-352.0184	171.1003	1.614913	0.9218515	0.4773588
13632	-184.5493	-355.9926	171.4433	0.5875246	1.570272	0.6487589
13638	-186.2422	-358.3597	172.1175	0.5735138	0.9314529	0.5939186
13644	-182.6215	-354.5308	171.9093	0.1974926	1.421166	0.7727703
13650	-180.4204	-350.0431	169.6226	2.190521	1.782572	0.6600999
13656	-186.5501	-357.6715	171.1215	0.8732637	1.614957	0.6289285
13662	-190.4757	-361.5578	171.082	1.04483	1.482811	0.6289285
13668	-189.3423	-361.5687	172.2264	0.08397176	1.187019	0.8140757
13674	-189.7678	-361.1391	171.3713	0.315761	1.950815	0.5116207
13680	-187.1187	-359.2165	172.0978	0.1579171	1.382141	0.5116207
13686	-177.9307	-349.7368	171.8062	0.4438645	1.382141	0.5565899
13692	-179.5251	-350.9447	171.4196	0.8560672	1.357497	0.5513945
13698	-185.4387	-358.2216	172.7828	0.08517712	0.7054418	0.7020519
13704	-177.6234	-348.9878	171.3643	1.00304	1.265671	0.4511245
13710	-164.3094	-336.1942	171.8848	0.2416458	1.463993	0.6707515
13716	-178.1336	-350.0676	171.934	0.8008552	0.7924238	0.773717
13722	-174.6642	-346.1433	171.4791	1.260305	0.7924238	0.7672113
13728	-170.528	-342.3452	171.8171	0.4268679	1.015858	1.069154
13734	-172.1185	-342.7297	170.6112	1.838674	1.168808	0.6051595
13740	-174.6159	-345.1285	170.5126	0.7950862	2.309346	0.4041279
13746	-180.4807	-352.4206	171.9399	0.2352907	1.444311	0.4095593
13752	-175.0708	-346.9109	171.8402	0.003720804	1.791901	0.4664694
13758	-172.6163	-344.0052	171.3889	0.1048691	2.141999	0.4664694
13764	-182.9455	-354.9675	172.0221	0.5558398	0.9946746	0.70355
13770	-183.3995	-354.503	171.1034	0.4613412	2.061985	0.5792252
13776	-174.8627	-344.5477	169.685	1.063269	2.888155	0.4709856
13782	-175.3979	-345.7127	170.3148	0.4062468	2.888155	0.3891355
13788	-162.1039	-333.216	171.1121	0.8025847	1.723361	0.493746
13794	-165.716	-336.4448	170.7288	1.520091	1.361009	0.628409
13800	-177.2915	-349.3309	172.0395	0.4540502	1.058456	0.7372255
13806	-169.9187	-341.3358	171.4172	1.246277	0.932429	0.3683487
13812	-166.6663	-336.9113	170.245	0.7027603	2.664326	0.3944641
13818	-175.757	-346.8192	171.0622	1.324847	1.225044	0.3944641
13824	-176.6786	-348.3406	171.6621	0.1718364	1.749865	0.6834629
13830	-169.2607	-340.9116	171.6509	0.8556688	1.12693	0.4532451
13836	-171.9401	-343.9203	171.9802	0.4563872	1.170018	0.6362627
13842	-165.4813	-337.4017	171.9204	0.0521371	1.662895	0.4643049
13848	-165.405	-337.1304	171.7254	0.6431702	1.229932	0.6543298
13854	-173.6072	-344.3352	170.7279	1.739049	1.170155	0.4781602
13860	-178.3851	-349.8558	171.4707	0.07873142	2.001581	0.738733
13866	-165.3489	-336.9381	171.5892	0.08812461	1.94813	0.5840225
13872	-162.3167	-333.4373	171.1205	0.2916272	2.224135	0.5310486
13878	-170.884	-342.1414	171.2574	1.016864	1.362511	0.5265816
13884	-175.783	-345.6063	169.8233	2.25006	1.50627	0.6910925
13890	-185.9835	-357.6746	171.6911	0.009939012	1.908692	0.6288631
13896	-172.3737	-344.3112	171.9376	0.03535367	1.659754	0.5539716
13902	-183.0936	-353.5553	170.4617	1.764671	1.411404	0.5129284
13908	-178.7301	-350.0015	171.2714	0.6931496	1.656983	0.5966059
13914	-178.0299	-348.7036	170.6737	1.014758	1.860026	0.3170632
13920	-175.7461	-345.317	169.5709	1.719584	2.346672	0.4784824
13926	-167.0924	-336.7098	169.6174	1.472947	2.327475	0.2370974
13932	-159.4137	-329.0112	169.5975	1.472947	2.327475	0.2284566
13938	-165.9482	-336.539	170.5907	0.9640904	2.049871	0.3816077
13944	-162.0082	-331.1319	169.1238	2.379695	2.049871	0.7351166
13950	-169.7872	-338.7291	168.9418	2.379695	2.287954	0.6294566
13956	-168.1461	-336.8622	168.7161	2.614489	2.287954	0.6056862
13962	-173.6509	-343.6267	169.9759	1.914663	1.743247	0.5481926
13968	-178.4915	-348.3055	169.814	2.268745	1.550789	0.5494538
13974	-184.4391	-354.5849	170.1458	2.268745	1.167084	0.6875007
13980	-189.8858	-360.5468	170.661	0.7557769	2.210252	0.5782556
13986	-191.4304	-362.2355	170.8052	1.0566	1.770869	0.4493654
13992	-201.3576	-371.8145	170.4569	1.663015	1.412164	0.7669498
13998	-197.046	-367.9811	170.9352	1.298593	1.365057	0.6536357
14004	-184.1252	-354.0747	169.9495	0.7065493	2.851526	0.2860651
14010	-182.3463	-351.3422	168.9959	1.21212	3.299592	0.2860651
14016	-186.9567	-356.7373	169.7806	0.3007323	3.519609	0.375763
14022	-187.8889	-359.5824	171.6935	0.3363611	1.594701	0.5868319
14028	-181.6115	-351.622	170.0105	1.975287	1.594701	0.6894829
14034	-175.5273	-347.2178	171.6906	0.5336467	1.350822	0.6992718
14040	-176.1204	-346.7542	170.6338	1.792723	1.20048	0.5784329
14046	-184.9908	-356.6666	171.6757	0.5198024	1.440078	0.5362678
14052	-193.9609	-362.1666	168.2057	2.782863	1.285643	1.83097
14058	-189.5123	-358.4269	168.9146	2.782863	1.193677	1.381726
14064	-174.7584	-342.9127	168.1542	2.731338	1.63172	1.660579
14070	-212.0298	-383.5529	171.5231	0.6632683	0.9364407	1.192059
14076	-216.1201	-387.2305	171.1104	0.9311562	1.52275	0.7175005
14082	-214.3196	-385.3217	171.0021	1.192888	1.113234	1.022796
14088	-201.7116	-374.0105	172.2989	0.1451097	1.081879	0.7756712
14094	-184.6678	-356.2472	171.5794	1.050422	0.9921766	0.5952517
14100	-183.1197	-354.4392	171.3195	0.8966371	1.372949	0.6732799
14106	-182.2481	-353.9494	171.7013	0.5739972	1.308001	0.6843233
14112	-179.1375	-350.4989	171.3614	0.6289214	1.622336	0.621448
14118	-167.5358	-339.4316	171.8959	0.3985049	1.33505	0.4368112
14124	-166.5697	-337.8732	171.3035	0.1613051	2.030712	0.2782284
14130	-178.0824	-349.4623	171.3799	0.4024682	1.855763	0.4978971
14136	-166.6416	-335.7989	169.1574	2.011066	2.359519	0.3004783
14142	-180.2413	-351.2832	171.042	0.4469073	2.001092	0.2747903
14148	-172.9501	-341.3302	168.3801	0.07860578	5.063053	0.2959105
14154	-177.6306	-347.8837	170.2531	0.3674534	2.921091	0.3112425
14160	-175.8475	-346.9403	171.0928	0.2794218	2.255859	0.5743445
14166	-181.6245	-351.253	169.6285	0.09192763	3.822298	0.3121225
14172	-188.6479	-355.9328	167.2849	2.47945	3.822298	0.6780482
14178	-201.2738	-370.6029	169.3291	0.3240702	3.875149	0.3007614
14184	-176.241	-347.0629	170.8219	0.8921286	1.912383	0.4272581
14190	-175.4458	-347.0199	171.5742	0.4065381	1.651858	0.5545556
14196	-185.0885	-356.2909	171.2024	0.2160586	2.219556	0.4935717
14202	-182.2565	-353.4401	171.1836	1.012075	1.380102	0.6980279
14208	-188.8015	-360.5033	171.7018	0.8276348	0.9614572	0.8225361
14214	-185.6331	-354.523	168.8899	2.726347	1.369873	1.306076
14220	-195.6785	-363.8616	168.1831	2.735812	1.711203	1.578938
14226	-171.6043	-340.3841	168.7798	2.735812	1.711203	1.099773
14232	-174.1617	-343.0633	168.9016	2.735812	1.711203	0.982547
14238	-178.7954	-345.6972	166.9018	2.735812	3.822047	0.860985
14244	-176.0423	-347.0425	171.0002	1.670254	0.8797646	0.7399216
14250	-180.3056	-350.877	170.5714	1.670254	1.325805	0.7123032
14256	-166.3842	-336.5401	170.1559	2.166425	1.007239	1.001741
14262	-173.2867	-343.7224	170.4358	1.762041	1.277186	0.8423989
14268	-169.3569	-340.2401	170.8832	0.9845982	1.761535	0.4365915
14274	-167.9867	-338.5969	170.6103	0.97542	2.052314	0.5084277
14280	-173.5093	-339.9406	166.4313	3.099371	3.739391	1.059516
14286	-179.2563	-345.4834	166.2271	3.099371	1.841527	2.549593
14292	-194.9369	-367.1963	172.2594	0.3733992	0.8070819	0.8841756
14298	-192.5029	-363.2563	170.7534	1.256355	1.615879	0.5831431
14304	-180.9157	-347.8088	166.8932	3.099371	1.424964	2.393217
14310	-183.876	-350.1192	166.2432	3.099371	2.074871	2.393217
14316	-190.0121	-356.9878	166.9757	3.099371	1.272284	2.43742
14322	-179.4358	-347.2823	167.8465	2.964907	1.018525	2.128363
14328	-170.9895	-339.2486	168.2591	2.964907	1.34124	1.6261
14334	-175.3931	-345.8594	170.4663	2.411343	0.3958098	1.056297
14340	-169.613	-341.1557	171.5428	1.165912	0.8425563	0.7383781
14346	-170.6315	-341.9342	171.3027	1.337617	0.8425563	0.8325826
14352	-169.3379	-341.4203	172.0824	0.3805045	1.173242	0.5319639
14358	-164.4081	-336.3193	171.9113	0.2614728	1.464377	0.5229137
14364	-176.8158	-347.7908	170.975	1.3149	1.333971	0.5891819
14370	-187.2611	-357.1239	169.8628	1.214238	2.524213	0.3762169
14376	-186.2093	-356.5904	170.3811	0.6812197	2.524213	0.3560449
14382	-193.6583	-364.3399	170.6816	1.577485	1.373628	0.5537292
14388	-190.6354	-361.7444	171.109	1.06089	1.457068	0.5783858
14394	-172.0084	-341.497	169.4886	0.9828536	3.087717	0.3266596
14400	-169.0529	-340.1735	171.1206	0.9828536	1.515567	0.6042429
14406	-184.116	-354.8714	170.7554	1.45149	1.430181	0.4771128
14412	-184.0083	-354.1464	170.1381	1.747068	1.72113	0.6370563
14418	-197.0525	-367.9787	170.9261	1.598731	0.9433275	0.8506971
14424	-193.8916	-365.8616	171.9701	0.2387039	0.9253179	1.182342
14430	-187.7491	-359.7804	172.0314	0.1242701	1.457252	0.6208458
14436	-184.1086	-356.2508	172.1422	0.03174982	1.457252	0.5611155
14442	-185.3925	-357.3976	172.0051	0.7892437	0.3451033	1.177669
14448	-177.6092	-345.7188	168.1096	2.726739	1.127508	2.040256
14454	-173.5431	-342.7844	169.2413	2.104445	2.236209	0.686819
14460	-179.1359	-350.9614	171.8255	0.7010545	1.043203	0.7084389
14466	-168.3586	-340.3841	172.0255	0.1229365	1.428856	0.6952691
14472	-184.8198	-353.9582	169.1384	2.726739	1.378026	1.084702
14478	-190.0018	-358.108	168.1061	2.726739	2.161824	1.299145
14484	-186.2298	-357.7126	171.4827	0.8006753	1.342416	0.4255394
14490	-198.4881	-370.3484	171.8603	0.5766777	1.17993	0.6101497
14496	-194.7752	-364.97	170.1947	2.09244	1.345321	0.5549675
14502	-181.1703	-353.0925	171.9222	0.5616803	1.141007	0.585959
14508	-172.1676	-343.9141	171.7465	0.9291005	0.949226	0.585959
14514	-171.1147	-342.5498	171.4351	0.3981834	1.764558	0.6557794
14520	-168.0757	-340.4346	172.3589	0.2380981	1.000751	0.6557794
14526	-177.7324	-349.738	172.0057	0.0987766	1.528683	0.4515846
14532	-182.1036	-353.3708	171.2672	0.4442152	1.87992	0.3621989
14538	-178.4376	-350.0435	171.606	0.1515656	1.87992	0.5186977
14544	-178.4863	-350.5053	172.0191	0.2791076	0.847927	1.1719
14550	-173.2901	-344.6065	171.3164	1.216219	0.6847643	1.108398
14556	-180.5833	-352.8047	172.2215	0.06338916	1.074026	0.9720126
14562	-195.2204	-366.8539	171.6335	1.252349	0.6469164	0.7659159
14568	-185.2627	-356.0634	170.8007	1.252349	1.580719	0.4548156
14574	-185.4478	-357.1548	171.707	0.2902968	1.608807	0.637515
14580	-173.5787	-345.8026	172.2239	0.234053	1.060645	0.7858663
14586	-177.2645	-349.264	171.9996	0.3223141	1.224844	0.7452877
14592	-173.0381	-345.2818	172.2437	0.2418261	1.13076	0.6118671
14598	-173.99	-345.7801	171.7901	0.7181306	1.12342	0.5591301
14604	-180.1671	-351.4206	171.2536	0.3874887	1.993158	0.5456978
14610	-188.7303	-359.7523	171.022	0.0906427	2.508184	0.5989632
14616	-189.3871	-359.3863	169.9992	2.397421	1.158976	0.7315129
14622	-186.4177	-358.4694	172.0516	0.5377049	0.931722	0.7824324
14628	-180.1789	-350.3825	170.2036	2.16383	1.201229	0.7102173
14634	-183.456	-355.1076	171.6515	0.6223559	1.351462	0.5842314
14640	-192.4304	-364.3643	171.9339	0.4203517	1.125505	0.8364894
14646	-188.1834	-359.9775	171.7941	0.4130197	1.407969	0.6152082
14652	-197.8238	-370.0106	172.1868	0.2222866	0.9654942	0.955688
14658	-189.6455	-361.1173	171.4718	1.322483	0.578583	0.9575269
14664	-182.7602	-354.6842	171.924	0.2508329	1.420679	0.6604713
14670	-177.9964	-349.6198	171.6234	0.4218903	1.56314	0.632056
14676	-179.9246	-351.6301	171.7055	0.2650346	1.432691	0.9250856
14682	-177.7082	-348.2653	170.5571	0.2568743	2.730433	0.3135575
14688	-181.3495	-350.9474	169.5979	0.8489832	3.099767	0.3154317
14694	-178.8806	-348.6476	169.767	0.431145	3.398255	0.3690635
14700	-179.3645	-349.0846	169.7201	0.431145	3.398255	0.3179476
14706	-178.8525	-347.1991	168.3466	2.335003	2.956302	0.5101872
14712	-180.7433	-349.6326	168.8893	2.335003	2.399027	0.5909538
14718	-184.0173	-352.1951	168.1778	2.335003	3.108159	0.5985722
14724	-179.0039	-347.9522	168.9483	2.335003	2.350701	0.5468533
14730	-169.3999	-341.4218	172.0218	0.6651509	0.9470062	0.5468533
14736	-169.1579	-340.4888	171.3309	1.06754	1.235573	0.5468533
14742	-170.6536	-340.8716	170.218	1.739245	1.673936	0.4433391
14748	-172.8758	-340.2173	167.3415	0.2176481	5.701275	0.1811272
14754	-173.3245	-341.9979	168.6734	0.3019385	4.576599	0.3201032
14760	-175.0399	-345.1017	170.0618	1.44283	2.116448	0.4131639
14766	-179.1339	-351.0546	171.9207	0.7152553	0.9490345	0.6812271
14772	-181.3823	-353.6396	172.2573	0.25879	1.079104	0.6611778
14778	-178.2807	-350.0239	171.7432	0.2345691	1.600703	0.6931354
14784	-174.3046	-346.5987	172.2942	0.24532	0.9386062	0.8385671
14790	-192.3125	-361.4075	169.095	2.576885	1.67135	0.9879368
14796	-175.6148	-346.1193	170.5046	1.854577	1.238363	0.6563588
14802	-186.7451	-357.2064	170.4613	1.230292	1.931429	0.5920731
14808	-191.211	-362.3524	171.1413	0.427297	1.931429	0.8106387
14814	-180.6594	-352.468	171.8087	0.4247033	1.315724	0.7416924
14820	-177.1449	-348.7135	171.5686	0.9867799	0.997315	0.7360983
14826	-178.2943	-348.3948	170.1005	2.510405	0.997315	0.6324726
14832	-168.9123	-341.2786	172.3663	0.4903722	0.7420006	0.6540232
14838	-169.2715	-339.0215	169.75	2.411537	1.326807	0.8257228
14844	-171.3715	-343.1466	171.7751	0.8142116	0.9054666	0.8174418
14850	-176.7769	-348.2749	171.4979	1.564512	0.5152949	0.6944821
14856	-175.0037	-346.5749	171.5711	1.374948	0.6824893	0.5723452
14862	-188.7596	-358.5508	169.7912	1.412267	2.40254	0.3837502
14868	-191.2218	-361.6558	170.434	1.770006	1.429496	0.45323
14874	-185.8625	-357.7145	171.8519	0.3819909	1.282286	0.7891219
14880	-179.4942	-351.3398	171.8456	0.2153578	1.569201	0.4393329
14886	-179.1719	-349.937	170.7651	0.9398537	1.89045	0.3677573
14892	-177.0347	-349.2336	172.1989	0.1208713	1.31807	0.512702
14898	-167.367	-338.32	170.9529	1.253136	1.431751	0.512702
14904	-175.3868	-346.6745	171.2877	1.032814	1.317546	0.5056502
14910	-167.8482	-338.4831	170.6349	1.295735	1.668447	0.372972
14916	-173.1657	-344.6353	171.4696	1.24042	0.8869805	0.6575035
14922	-178.1669	-350.4426	172.2757	0.4697555	0.8818875	0.5769174
14928	-170.7303	-342.0067	171.2764	0.6525231	1.691332	0.4112262
14934	-174.0407	-344.2611	170.2204	1.093174	2.315643	0.4361803
14940	-169.926	-341.3715	171.4455	0.3777178	1.755287	0.693073
14946	-174.4732	-343.9789	169.5057	2.404275	1.665944	0.6977073
14952	-185.8737	-355.3512	169.4775	2.404275	1.517175	0.9296974
14958	-187.3459	-356.759	169.4131	2.404275	1.517175	0.9967651
14964	-192.5434	-364.2569	171.7135	0.07295734	1.767147	0.7347146
14970	-191.0952	-362.5305	171.4353	0.3446855	1.746131	0.7753546
14976	-181.828	-352.493	170.665	0.8959214	2.068428	0.5692088
14982	-170.5984	-340.4532	169.8548	1.471558	2.279552	0.3836521
14988	-182.2505	-353.7654	171.5149	0.4354432	1.686748	0.523374
14994	-173.3522	-343.073	169.7207	2.203557	1.605812	0.7697341
15000	-185.384	-357.6593	172.2753	0.4026657	0.8859108	0.7181224
15006	-189.6219	-361.3499	171.728	0.6124455	1.274799	0.4005492
15012	-194.1191	-363.5902	169.4712	1.910265	2.238948	0.4115893
15018	-196.3653	-365.5532	169.1879	1.951891	2.497811	0.483197
15024	-191.0665	-362.2893	171.2229	1.212066	1.201628	0.472672
15030	-193.2602	-363.7627	170.5025	1.398798	1.734782	0.5324246
15036	-184.4292	-355.5671	171.1379	1.034553	1.438069	0.6268669
15042	-182.4111	-353.2265	170.8154	1.520646	1.209614	0.7469107
15048	-177.2375	-348.3741	171.1365	1.510269	0.8988419	0.7469107
15054	-172.3974	-343.4354	171.038	1.497825	1.050387	0.6788178
15060	-173.9532	-345.98	172.0268	0.7679609	0.8346787	0.5688427
15066	-177.1847	-347.0341	169.8494	2.43026	1.074278	0.9770893
15072	-184.5827	-354.3199	169.7372	2.43026	1.186459	0.9770893
15078	-168.5579	-338.4025	169.8446	2.475828	1.111941	0.8927153
15084	-166.4904	-336.9947	170.5043	0.559012	2.573806	0.477825
15090	-163.0133	-334.7467	171.7334	0.526558	1.366491	0.5802063
15096	-167.9605	-339.7683	171.8078	0.5479435	1.270741	0.5802063
15102	-174.8865	-345.8567	170.9702	1.578994	1.086444	0.4652453
15108	-166.3596	-337.1472	170.7875	0.3393547	2.45716	0.3530628
15114	-181.283	-351.1083	169.8252	1.128934	2.622779	0.3448613
15120	-191.9383	-362.2788	170.3405	0.798361	2.492126	0.5621008
15126	-183.5405	-355.1581	171.6176	0.8430674	1.142606	0.6438439
15132	-172.9304	-345.3454	172.415	0.3602151	0.6919198	0.8519386
15138	-167.5781	-339.7921	172.214	0.09678632	0.8969574	1.117159
15144	-171.8708	-344.0668	172.196	0.3675349	0.9280815	0.8215291
15150	-176.8837	-346.4437	169.56	2.426345	1.348811	0.9961656
15156	-174.5081	-343.5366	169.0284	2.426345	1.622034	1.231245
15162	-175.4355	-346.7832	171.3477	0.8046283	1.381358	0.7645678
15168	-188.8125	-360.782	171.9694	0.1655763	1.381358	0.7889144
15174	-202.6761	-370.5164	167.8403	2.599867	2.985281	0.900522
15180	-195.0216	-364.7087	169.6871	2.271545	1.244052	1.121764
15186	-185.107	-357.0996	171.9927	0.05581271	1.586806	0.5385328
15192	-181.5505	-354.2492	172.6987	0.1086027	0.7709279	0.6936748
15198	-186.5363	-356.5348	169.9985	2.364945	1.116781	0.8358882
15204	-178.079	-350.3195	172.2405	0.2673738	1.043225	0.7386501
15210	-182.1768	-353.0813	170.9045	1.449224	1.283537	0.5209755
15216	-186.4061	-357.6648	171.2587	0.8710958	1.390938	0.7828703
15222	-189.9481	-360.5421	170.5941	1.09123	1.943237	0.5724713
15228	-181.2579	-352.6839	171.426	0.4393657	1.760066	0.5839442
15234	-173.5085	-345.3899	171.8815	0.211041	1.53293	0.5839442
15240	-172.3208	-344.438	172.1172	0.2136634	1.294578	0.5839442
15246	-185.1412	-356.6855	171.5443	0.7239231	1.357014	0.4239959
15252	-177.0402	-347.9444	170.9042	1.966481	0.7286709	0.6523805
15258	-181.0705	-353.0672	171.9967	0.4138903	1.194653	0.6393906
15264	-169.9589	-342.1027	172.1438	0.5337552	0.8053048	0.8325976
15270	-165.5491	-337.5541	172.005	0.2864298	1.346622	0.4940174
15276	-183.656	-354.8371	171.1811	0.8810597	1.555231	0.4050212
15282	-184.0008	-355.8493	171.8485	1.092159	0.6795872	0.4111771
15288	-176.0928	-347.506	171.4133	1.183389	0.8010297	0.9311243
15294	-194.1427	-365.6419	171.4991	1.204389	0.6941519	0.9311243
15300	-183.2691	-354.832	171.563	1.12274	0.9453951	0.5616101
15306	-182.4221	-354.2473	171.8252	0.8660801	0.9453951	0.4736641
15312	-178.4151	-350.6943	172.2792	0.2266586	1.048027	0.7342963
15318	-180.888	-352.5852	171.6972	0.2635654	1.640458	0.3761816
15324	-175.814	-347.1699	171.3558	0.4699684	1.81096	0.5267069
15330	-173.1277	-343.4051	170.2774	1.407905	1.854927	0.3101116
15336	-177.3185	-349.0859	171.7674	0.3375438	1.444284	0.3176863
15342	-181.7228	-351.6434	169.9206	0.2514829	3.458229	0.4400797
15348	-177.6613	-348.9082	171.247	0.1689834	2.194779	0.6263186
15354	-173.158	-344.4538	171.2958	0.3279114	1.987999	0.6238609
15360	-184.0436	-354.1668	170.1233	0.2479378	3.234021	0.3824715
15366	-173.8561	-344.4014	170.5452	1.268983	1.791672	0.3835563
15372	-179.1689	-351.2878	172.119	0.3738644	1.113081	0.3835563
15378	-178.7769	-349.1001	170.3233	1.137842	1.986498	0.2513145
15384	-173.4623	-343.7861	170.3238	1.434879	1.78967	0.3169098
15390	-173.2314	-343.8868	170.6554	0.728252	2.139064	0.2966226
15396	-175.6263	-346.8494	171.2231	0.8850278	1.529676	0.4875302
15402	-197.5694	-368.9032	171.3337	0.5078803	1.796455	0.4949064
15408	-187.9277	-359.6799	171.7523	0.01393654	1.871869	0.4949064
15414	-191.7557	-363.4334	171.6776	0.0584061	1.889261	0.5844265
15420	-175.4139	-346.4604	171.0465	0.1755468	2.364551	0.3561825
15426	-194.3565	-365.7311	171.3746	0.2080995	2.046216	0.4352057
15432	-184.1133	-355.7633	171.65	0.2080995	1.773214	0.5605755
15438	-174.6256	-346.0649	171.4393	0.04321855	2.148794	0.5605755
15444	-179.7047	-351.5267	171.8221	0.05283171	1.696085	0.7062851
15450	-173.0475	-341.8464	168.7989	2.407382	2.372989	0.6917429
15456	-171.5725	-340.8144	169.2419	2.407382	1.96314	0.6222337
15462	-173.4374	-344.419	170.9816	0.4161091	2.239771	0.5179814
15468	-177.8519	-348.3746	170.5228	0.1246813	2.971053	0.4074062
15474	-180.2906	-350.4955	170.205	0.2329667	3.199031	0.5245873
15480	-181.89	-351.7101	169.8201	0.0549611	3.734787	0.3902822
15486	-171.4941	-341.3725	169.8784	0.05689816	3.67558	0.3921687
15492	-174.5201	-343.138	168.6178	0.3068959	4.604401	0.3013768
15498	-175.4802	-346.7946	171.3144	0.7561321	1.545192	0.4014869
15504	-190.686	-359.5415	168.8555	2.342127	2.300939	0.812567
15510	-184.317	-354.4417	170.1246	0.6840953	2.822539	0.4437148
15516	-171.0226	-342.6504	171.6279	0.7343128	1.223478	0.6798994
15522	-180.6265	-352.2117	171.5852	0.8450444	1.106199	0.7606155
15528	-179.6319	-351.6622	172.0303	0.3548183	1.196443	0.6875485
15534	-179.4081	-351.1015	171.6934	0.6837299	1.146695	0.7785491
15540	-167.039	-339.0697	172.0308	0.3644711	1.146534	0.7527124
15546	-172.5875	-344.4655	171.878	0.662473	1.094966	0.537659
15552	-175.0965	-347.2668	172.1703	0.1506782	1.202182	0.7794795
15558	-181.2493	-351.5578	170.3086	1.85128	1.310238	0.8483879
15564	-179.5092	-352.2147	172.7056	0.02689539	0.8287503	0.7225488
15570	-184.3565	-356.4696	172.1131	0.4446577	0.758495	1.014924
15576	-186.393	-354.6404	168.2474	2.789982	1.779344	1.439414
15582	-185.2157	-352.5449	167.3292	2.789982	1.171194	2.473191
15588	-181.5737	-349.3601	167.7864	2.789982	0.7040792	2.479431
15594	-187.6518	-358.2782	170.6265	1.561592	0.6310927	1.437523
15600	-186.8692	-353.1744	166.3052	3.056826	1.871701	2.508671
15606	-190.7695	-357.754	166.9845	3.056826	2.156018	1.883529
15612	-187.7688	-358.6735	170.9048	0.3802561	2.331822	0.61036
15618	-184.5469	-356.0031	171.4562	0.3386891	1.842201	0.4776038
15624	-189.7746	-361.2475	171.4729	0.8134877	1.274765	0.7226509
15630	-179.8762	-349.9106	170.0344	2.107776	1.31879	0.8593667
15636	-185.5258	-356.4413	170.9155	0.4884378	2.148539	0.3205526
15642	-181.7311	-353.8034	172.0722	0.2494862	0.9234534	1.082861
15648	-177.3631	-349.7349	172.3718	0.01876712	0.9439481	0.9967534
15654	-178.7358	-350.9217	172.1859	0.09971042	0.894395	1.142048
15660	-183.4843	-354.976	171.4917	0.3734645	1.508479	0.9566347
15666	-169.4868	-340.9101	171.4233	0.9008432	1.306184	0.5649046
15672	-176.8375	-348.236	171.3984	0.931666	1.276651	0.6359804
15678	-183.212	-354.2641	171.0521	1.536351	0.9603857	0.7420323
15684	-184.1198	-355.9524	171.8326	0.6206815	0.8739173	1.004048
15690	-210.4277	-378.1822	167.7545	2.866727	2.601381	1.103632
15696	-193.5175	-360.1546	166.6371	2.866727	3.961327	0.8543737
15702	-191.6227	-362.816	171.1933	0.8138848	1.630959	0.5031168
15708	-184.9292	-355.9278	170.9986	1.006364	1.630959	0.5340243
15714	-177.2054	-347.1704	169.9649	1.522045	2.090515	0.3454868
15720	-181.82	-353.1853	171.3653	1.112461	1.075563	0.7350775
15726	-198.56	-370.5362	171.9762	0.582122	1.075563	0.5475179
15732	-200.0631	-370.4504	170.3873	1.266094	1.981995	0.5376569
15738	-179.079	-348.7415	169.6625	0.5563175	3.359491	0.3463891
15744	-185.7305	-355.8678	170.1373	1.33778	2.103234	0.3463891
15750	-184.9968	-357.0319	172.0351	0.1015589	1.457147	0.6640974
15756	-190.0068	-362.3415	172.3347	0.2577685	0.9235228	0.7894512
15762	-191.7143	-363.2674	171.5531	0.4046415	1.65123	0.6307265
15768	-187.0359	-358.8917	171.8558	1.040644	0.738248	0.4597889
15774	-179.4675	-351.1596	171.6921	0.8038934	1.141614	0.5168355
15780	-180.4583	-351.9658	171.5075	0.4728193	1.656367	0.5272288
15786	-192.0466	-364.1645	172.118	0.5062174	0.6366154	1.06826
15792	-185.1859	-355.2864	170.1005	0.9076477	2.628847	0.5239285
15798	-191.4047	-361.9923	170.5876	1.75678	1.28713	0.5597908
15804	-202.4723	-372.9386	170.4663	1.89225	1.090406	0.8736082
15810	-186.8179	-357.2566	170.4387	0.1736028	3.024308	0.473293
15816	-183.3814	-354.2543	170.873	0.5194627	2.207642	0.3744506
15822	-188.7934	-357.4726	168.6792	0.6234223	4.273232	0.3436853
15828	-189.365	-359.7456	170.3806	1.008012	2.222376	0.6257454
15834	-187.5064	-359.1723	171.6658	0.454013	1.491128	0.6257454
15840	-187.9873	-359.8842	171.897	0.3785639	1.357726	0.5511044
15846	-184.0088	-354.5046	170.4958	0.7599345	2.382419	0.4988468
15852	-177.263	-347.7751	170.5121	0.6088154	2.515344	0.5315343
15858	-184.5649	-355.5385	170.9736	0.1492071	2.515344	0.5038205
15864	-191.5957	-362.6459	171.0502	0.0359192	2.546274	0.4483591
15870	-179.8124	-350.4214	170.609	0.3854598	2.635588	0.5662734
15876	-196.0949	-367.1832	171.0883	0.7971881	1.678601	0.7179144
15882	-179.9028	-351.819	171.9163	0.1430066	1.017131	1.23159
15888	-183.9834	-355.5419	171.5585	0.06622137	2.00846	0.4520017
15894	-182.4143	-353.1381	170.7238	1.800949	1.013599	0.7578523
15900	-173.3206	-345.0775	171.7569	0.7659353	1.094387	0.609284
15906	-171.6785	-344.0052	172.3267	0.3251777	0.9430128	0.6618221
15912	-172.1484	-343.3521	171.2037	0.5983429	1.817845	0.6016666
15918	-174.9225	-346.7853	171.8628	0.001952315	1.772373	0.523071
15924	-183.7318	-355.2547	171.5229	0.001649535	2.101656	0.426799
15930	-186.2269	-357.2269	171	0.3724028	2.21345	0.6795194
15936	-176.5725	-347.0828	170.5103	1.845861	1.278538	0.5427041
15942	-175.9167	-346.4937	170.577	1.728225	1.308279	0.6192769
15948	-171.8601	-342.1432	170.2832	2.150991	1.088732	0.7799201
15954	-171.8174	-343.6983	171.8809	0.4980594	1.088732	0.8513339
15960	-184.5842	-352.7991	168.2149	2.401407	2.842189	0.8623804
15966	-171.9873	-340.6175	168.6302	2.401407	2.581275	0.3958582
15972	-164.9299	-335.8091	170.8792	0.6733859	2.084155	0.4744116
15978	-171.2053	-343.099	171.8936	0.6440111	1.048772	0.6784655
15984	-175.8922	-346.9003	171.0081	0.3223882	2.299899	0.5646732
15990	-189.0916	-359.8906	170.799	0.5277432	2.299899	0.5796023
15996	-179.6317	-351.7852	172.1535	0.1186312	1.237176	0.798391
16002	-172.5671	-344.8182	172.2511	0.01126356	1.296464	0.72637
16008	-177.5384	-349.1774	171.639	0.6233376	1.296464	0.72637
16014	-168.2797	-339.1772	170.8975	1.258997	1.406761	0.7191606
16020	-177.1133	-349.02	171.9067	0.6618991	1.002869	0.7054769
16026	-181.8307	-350.8098	168.9791	0.6728989	3.985991	0.4913451
16032	-167.1558	-338.1046	170.9488	0.8105055	1.873701	0.4508987
16038	-176.0686	-348.8088	172.7402	0.05911399	0.6166118	0.9111648
16044	-181.4943	-353.8799	172.3856	0.2907241	0.8395682	0.7895548
16050	-182.2464	-353.8046	171.5582	1.376562	0.6648734	0.6519205
16056	-179.7173	-351.4224	171.7051	0.195334	1.362012	1.066721
16062	-194.2811	-366.309	172.0278	0.767181	0.6806016	0.8416384
16068	-193.0596	-363.3221	170.2625	1.285173	2.037602	0.354532
16074	-176.1355	-347.9777	171.8423	0.3061966	1.244599	0.9360722
16080	-186.3099	-355.1232	168.8133	0.331912	4.336645	0.2699742
16086	-177.9376	-349.3772	171.4396	0.4189081	1.74047	0.6533351
16092	-174.585	-345.9274	171.3424	0.810655	1.480639	0.5484704
16098	-176.8533	-347.3696	170.5163	1.118541	1.936636	0.7053831
