"scenario","gridTag","modelID","median_cid","iqr_cid","n_reps","tree_length","gain_loss","n_char","n_taxa","part_rate","pass_rate","mean_rhat_max","mean_ess_min","mean_asdsf","mean_tree_ess","n_reps_conv","cov_tree_len","mse_tree_len","cov_error_tree_len","mean_cov_rate_loss","mean_mse_rate_loss","cov_error_rate_loss","mean_cgr_coverage","cov_error_cgr"
"mk","tl1.00_gl0.10_c100","model1",0.267580472922,0.101139872708615,10,1,0.1,100,50,NA,1,0.999274532809467,772.15531897513,0.0073299183483921,517.035976207731,10,1,0.0187388899269143,0.05,NA,NA,NA,1,0.05
"mk","tl1.00_gl0.10_c100","model10",0.269772300676207,0.0953047100314409,10,1,0.1,100,50,NA,1,0.999547926764587,703.33325789203,0.00567981238089858,487.497434596109,10,1,0.0655233050337926,0.05,NA,NA,NA,0.5,0.45
"mk","tl1.00_gl0.10_c100","model11",0.259855933029932,0.0917112880607917,10,1,0.1,100,50,NA,1,0.999290890031201,708.998316971528,0.0082238686757856,470.88371074188,10,0.8,0.0206178980103578,0.15,NA,NA,NA,0.8,0.15
"mk","tl1.00_gl0.10_c100","model12",0.266332023265183,0.0985680770799313,10,1,0.1,100,50,NA,1,0.999655411588958,710.255088665828,0.00543095609313974,544.214284126725,10,0,0.582334404383498,0.95,NA,NA,NA,0,0.95
"mk","tl1.00_gl0.10_c100","model2",0.269018139518337,0.0980637349602911,10,1,0.1,100,50,NA,1,0.999597277009235,765.092582470292,0.00504517546649955,549.619008619077,10,1,0.0213705225830377,0.05,NA,NA,NA,1,0.05
"mk","tl1.00_gl0.10_c100","model3",0.266398086430375,0.0982174573739328,10,1,0.1,100,50,NA,1,0.999267400787189,737.294149930837,0.0074396327114678,422.076040673797,10,0.9,0.0182208011695476,0.0499999999999999,0,81.2602862917491,0.95,0.45,0.5
"mk","tl1.00_gl0.10_c100","model4",0.268023528425168,0.0964563571464175,10,1,0.1,100,50,NA,1,0.999353730313958,757.493203063445,0.00686328141699625,480.283023194187,10,0.9,0.0583097108806352,0.0499999999999999,NA,NA,NA,0.9,0.0499999999999999
"mk","tl1.00_gl0.10_c100","model5",0.268682175631009,0.0937775551373201,10,1,0.1,100,50,NA,1,0.999354093573424,827.560670153405,0.00696596943952026,484.053795475988,10,0.9,0.0611064356021797,0.0499999999999999,NA,NA,NA,0.45,0.5
"mk","tl1.00_gl0.10_c100","model6",0.268832258172443,0.0931928126633349,10,1,0.1,100,50,NA,1,0.999574181799826,763.812644283375,0.00538078468751818,540.402643464552,10,1,0.0550521024123788,0.05,NA,NA,NA,1,0.05
"mk","tl1.00_gl0.10_c100","model7",0.269063283553225,0.0968346934015754,10,1,0.1,100,50,NA,1,0.999546255922711,640.033123182537,0.00561571529178229,498.361863800659,10,0.6,0.143527218314707,0.35,0,75.8759078139306,0.95,0.2,0.75
"mk","tl1.00_gl0.10_c100","model8",0.267832311438514,0.0927610117348264,10,1,0.1,100,50,NA,1,0.99961479902825,846.215631324144,0.00512855660951284,561.014320738924,10,1,0.0663902506318866,0.05,NA,NA,NA,0.5,0.45
"mk","tl1.00_gl0.10_c100","model9",0.269573897163958,0.0941404580739142,10,1,0.1,100,50,NA,1,0.999537531748294,725.786684329149,0.00584152973758117,564.494929852573,10,0.9,0.11281030442955,0.0499999999999999,NA,NA,NA,0.45,0.5
"mk","tl1.00_gl0.10_c200","model1",0.198199443595298,0.061523117578548,10,1,0.1,200,50,NA,1,0.999288646032794,716.436769857675,0.00766214040080994,496.434557811001,10,0.9,0.0119018729802606,0.0499999999999999,NA,NA,NA,0.9,0.0499999999999999
"mk","tl1.00_gl0.10_c200","model10",0.196644970377018,0.0630102490795566,10,1,0.1,200,50,NA,1,0.999556368122629,740.214609355575,0.00555584450838508,538.487461562833,10,1,0.0126911567018965,0.05,NA,NA,NA,0.5,0.45
"mk","tl1.00_gl0.10_c200","model11",0.179853276699092,0.0579726425645674,10,1,0.1,200,50,NA,1,0.9992681481081,725.467504563103,0.00905165177979704,474.856226757446,10,0.9,0.00872709041855859,0.0499999999999999,NA,NA,NA,0.9,0.0499999999999999
"mk","tl1.00_gl0.10_c200","model12",0.133366683758139,0.0120421069501618,2,1,0.1,200,50,NA,0.2,0.999597433196061,837.105053325775,0.109228078616933,148.723327425176,10,0,0.58376126034254,0.95,NA,NA,NA,0,0.95
"mk","tl1.00_gl0.10_c200","model2",0.198176057862939,0.0603786635102424,10,1,0.1,200,50,NA,1,0.99958821164743,644.651600674552,0.00556831292572295,495.063961217829,10,1,0.010165309585658,0.05,NA,NA,NA,1,0.05
"mk","tl1.00_gl0.10_c200","model3",0.19802216198271,0.0604867281507657,10,1,0.1,200,50,NA,1,0.999233851254988,766.687296278063,0.00817523516130387,501.067850616468,10,0.9,0.0113563384662059,0.0499999999999999,0,80.6084462998847,0.95,0.45,0.5
"mk","tl1.00_gl0.10_c200","model4",0.198321239863955,0.0612158180218727,10,1,0.1,200,50,NA,1,0.999249769467972,727.946104408855,0.00804564165941014,538.600750885964,10,0.9,0.0137406972371338,0.0499999999999999,NA,NA,NA,0.9,0.0499999999999999
"mk","tl1.00_gl0.10_c200","model5",0.197890199028226,0.0628175224040707,10,1,0.1,200,50,NA,1,0.999180464674642,740.091972900427,0.00843347058041619,514.623167774947,10,1,0.0139358647753857,0.05,NA,NA,NA,0.5,0.45
"mk","tl1.00_gl0.10_c200","model6",0.198440384393944,0.0615994475339415,10,1,0.1,200,50,NA,1,0.999565399818979,684.679870147691,0.00555898076935706,576.281049887801,10,1,0.0110495506548486,0.05,NA,NA,NA,1,0.05
"mk","tl1.00_gl0.10_c200","model7",0.195782894800952,0.0454366586756886,9,1,0.1,200,50,NA,0.9,0.999720189248295,479.513991461183,0.00433037504715188,550.261791416561,10,0.9,0.0584553626879143,0.0499999999999999,0,80.4469776171786,0.95,0.296296296296296,0.653703703703704
"mk","tl1.00_gl0.10_c200","model8",0.197606119494538,0.0626126449526499,10,1,0.1,200,50,NA,1,0.999582370486153,723.079919034163,0.00537610676995726,543.346931361771,10,1,0.0121802147155601,0.05,NA,NA,NA,0.5,0.45
"mk","tl1.00_gl0.10_c200","model9",0.197979436337075,0.0605419637863961,10,1,0.1,200,50,NA,1,0.999693018261303,724.848985196675,0.00465828309775114,584.45600299773,10,1,0.0384694133168412,0.05,NA,NA,NA,0.5,0.45
"mk","tl1.00_gl0.10_c25","model1",0.543404291984032,0.0673028486896868,10,1,0.1,25,50,NA,1,0.999502591598715,748.40363472243,0.00573917152389978,565.660471425044,10,1,0.057212559896991,0.05,NA,NA,NA,1,0.05
"mk","tl1.00_gl0.10_c25","model10",0.542360176025558,0.0645519997226854,10,1,0.1,25,50,NA,1,0.999504927564262,727.932230957718,0.00564092692888934,529.562210247859,10,1,0.0964253039846236,0.05,NA,NA,NA,0.5,0.45
"mk","tl1.00_gl0.10_c25","model11",0.528150937425939,0.0530688207881509,9,1,0.1,25,50,NA,0.9,0.999337416254716,752.722721498762,0.00657565283206995,495.642388155205,10,0.8,0.107115164773377,0.15,NA,NA,NA,0.777777777777778,0.172222222222222
"mk","tl1.00_gl0.10_c25","model12",0.539318953504469,0.0624398598287909,10,1,0.1,25,50,NA,1,0.999413026257376,805.258040340124,0.00615478632421373,458.171714863786,10,0,0.510877027285453,0.95,NA,NA,NA,0,0.95
"mk","tl1.00_gl0.10_c25","model2",0.541687158020391,0.0655910707928855,10,1,0.1,25,50,NA,1,0.99951791998624,774.748687773155,0.00556203341444679,506.835929340473,10,1,0.0576147410683133,0.05,NA,NA,NA,1,0.05
"mk","tl1.00_gl0.10_c25","model3",0.543062863749211,0.0604936201867636,10,1,0.1,25,50,NA,1,0.999483194017552,724.546670454756,0.00577695034709804,501.187817160071,10,1,0.0735621394317704,0.05,0,75.755040330506,0.95,0.5,0.45
"mk","tl1.00_gl0.10_c25","model4",0.54272460965637,0.0658277160149749,10,1,0.1,25,50,NA,1,0.99948277521228,752.039017679096,0.00580428115305352,483.890183305921,10,1,0.109419938314577,0.05,NA,NA,NA,1,0.05
"mk","tl1.00_gl0.10_c25","model5",0.544993459512678,0.059169602342671,10,1,0.1,25,50,NA,1,0.99956293280197,802.791742090759,0.00524041403412607,529.424178666783,10,1,0.112630168656852,0.05,NA,NA,NA,0.5,0.45
"mk","tl1.00_gl0.10_c25","model6",0.544972873376344,0.0664775030051175,10,1,0.1,25,50,NA,1,0.999550998536097,828.860795508307,0.0052736000958676,507.846548624574,10,1,0.0903738769084516,0.05,NA,NA,NA,1,0.05
"mk","tl1.00_gl0.10_c25","model7",0.542056624884493,0.0650449879697698,10,1,0.1,25,50,NA,1,0.99959218707795,831.18947571243,0.00503523324649337,519.734881408892,10,1,0.146395669454153,0.05,NA,NA,NA,0.5,0.45
"mk","tl1.00_gl0.10_c25","model8",0.541848786855041,0.0661863254101732,10,1,0.1,25,50,NA,1,0.999521559850515,760.826202368352,0.00554819731883029,512.320332253489,10,1,0.0912645881647,0.05,NA,NA,NA,0.5,0.45
"mk","tl1.00_gl0.10_c25","model9",0.542692689346244,0.0667120461253747,10,1,0.1,25,50,NA,1,0.999542936516178,774.777928634976,0.00541965984213722,546.533355431335,10,1,0.141765062252034,0.05,NA,NA,NA,0.5,0.45
"mk","tl1.00_gl0.10_c50","model1",0.386581593234355,0.0492822758308392,10,1,0.1,50,50,NA,1,0.999389040072241,780.441166520299,0.00615631290980794,483.466512576838,10,1,0.0503876013636628,0.05,NA,NA,NA,1,0.05
"mk","tl1.00_gl0.10_c50","model10",0.386614853429944,0.0503681495264241,10,1,0.1,50,50,NA,1,0.999550580806323,853.383797846119,0.00511910712043606,472.725367343867,10,1,0.0810079965886186,0.05,NA,NA,NA,0.5,0.45
"mk","tl1.00_gl0.10_c50","model11",0.353984376771473,0.0560008243161966,10,1,0.1,50,50,NA,1,0.999335621805442,736.850232538101,0.0065017752881628,424.042971568662,10,0.7,0.0671534567769393,0.25,NA,NA,NA,0.7,0.25
"mk","tl1.00_gl0.10_c50","model12",0.380463588293276,0.0488640424133194,10,1,0.1,50,50,NA,1,0.999558731922318,706.576411120436,0.00517999371203199,483.304993262291,10,0,0.575143410345882,0.95,NA,NA,NA,0,0.95
"mk","tl1.00_gl0.10_c50","model2",0.388195165236041,0.0512525352082401,10,1,0.1,50,50,NA,1,0.999485802657181,830.935177435176,0.00548303754267044,502.797256188975,10,1,0.0473048455588575,0.05,NA,NA,NA,1,0.05
"mk","tl1.00_gl0.10_c50","model3",0.386976772440938,0.0484598889804057,10,1,0.1,50,50,NA,1,0.999400999991029,799.675457287604,0.00588373548079153,464.177423659659,10,0.9,0.0572376950819897,0.0499999999999999,0,78.1604067487189,0.95,0.45,0.5
"mk","tl1.00_gl0.10_c50","model4",0.385437668188585,0.051950648497317,10,1,0.1,50,50,NA,1,0.999422772065602,743.550408563163,0.00587140839649629,521.374258232382,10,1,0.0521977657346524,0.05,NA,NA,NA,1,0.05
"mk","tl1.00_gl0.10_c50","model5",0.372387324487461,0.0721614849486729,6,1,0.1,50,50,NA,0.6,0.999431523760241,775.003222190834,0.0594381740497366,201.436769846392,10,0.9,0.0752427475666159,0.0499999999999999,NA,NA,NA,0.416666666666667,0.533333333333333
"mk","tl1.00_gl0.10_c50","model6",0.389905504254207,0.0502128212099917,10,1,0.1,50,50,NA,1,0.999507547948262,865.54704073309,0.00533204627747914,547.472979550161,10,1,0.0544579512881835,0.05,NA,NA,NA,1,0.05
"mk","tl1.00_gl0.10_c50","model7",0.38996827345409,0.0523415718775881,10,1,0.1,50,50,NA,1,0.999531918342588,828.654135506076,0.00523348228158433,528.937824229252,10,0.8,0.166239379479763,0.15,NA,NA,NA,0.4,0.55
"mk","tl1.00_gl0.10_c50","model8",0.386578832044138,0.0495907784556733,10,1,0.1,50,50,NA,1,0.999445402125401,804.749654989579,0.00579747296285401,500.640011807528,10,1,0.075734103090365,0.05,NA,NA,NA,0.5,0.45
"mk","tl1.00_gl0.10_c50","model9",0.388238947527356,0.0505236347849919,10,1,0.1,50,50,NA,1,0.99948768189383,876.3605715935,0.00542811622722577,511.142604131359,10,0.8,0.141158233144457,0.15,NA,NA,NA,0.4,0.55
"mk","tl1.00_gl0.25_c100","model1",0.267580472922,0.101139872708615,10,1,0.25,100,50,NA,1,0.999274532809467,772.15531897513,0.0073299183483921,517.035976207731,10,1,0.0187388899269143,0.05,NA,NA,NA,1,0.05
"mk","tl1.00_gl0.25_c100","model10",0.269772300676207,0.0953047100314409,10,1,0.25,100,50,NA,1,0.999546830664252,699.595180070526,0.00569470742188087,469.614558015826,10,1,0.0654236946365812,0.05,NA,NA,NA,0.55,0.4
"mk","tl1.00_gl0.25_c100","model11",0.259855933029932,0.0917112880607917,10,1,0.25,100,50,NA,1,0.999290890031201,708.998316971528,0.0082238686757856,470.88371074188,10,0.8,0.0206178980103578,0.15,NA,NA,NA,0.8,0.15
"mk","tl1.00_gl0.25_c100","model12",0.26628372311519,0.0985129052139889,10,1,0.25,100,50,NA,1,0.999654913664309,699.544267732266,0.00539218337526692,523.303362567587,10,0,0.582319298467034,0.95,NA,NA,NA,0,0.95
"mk","tl1.00_gl0.25_c100","model2",0.269018139518337,0.0980637349602911,10,1,0.25,100,50,NA,1,0.999597277009235,765.092582470292,0.00504517546649955,549.619008619077,10,1,0.0213705225830377,0.05,NA,NA,NA,1,0.05
"mk","tl1.00_gl0.25_c100","model3",0.266398086430375,0.0982174573739328,10,1,0.25,100,50,NA,1,0.999267400787189,737.294149930837,0.0074396327114678,422.076040673797,10,0.9,0.0182208011695476,0.0499999999999999,0,9.11063398203286,0.95,0.45,0.5
"mk","tl1.00_gl0.25_c100","model4",0.268023528425168,0.0964563571464175,10,1,0.25,100,50,NA,1,0.999353730313958,757.493203063445,0.00686328141699625,480.283023194187,10,0.9,0.0583097108806352,0.0499999999999999,NA,NA,NA,0.9,0.0499999999999999
"mk","tl1.00_gl0.25_c100","model5",0.268682175631009,0.0937775551373201,10,1,0.25,100,50,NA,1,0.999354093573424,827.560670153405,0.00696596943952026,484.053795475988,10,0.9,0.0611064356021797,0.0499999999999999,NA,NA,NA,0.45,0.5
"mk","tl1.00_gl0.25_c100","model6",0.26898428521805,0.0931928126633349,10,1,0.25,100,50,NA,1,0.999573662175512,761.542857877234,0.00538517854898071,556.366688464305,10,1,0.0549713016155376,0.05,NA,NA,NA,1,0.05
"mk","tl1.00_gl0.25_c100","model7",0.269063283553225,0.0968346934015754,10,1,0.25,100,50,NA,1,0.999545756942689,636.913797223144,0.00562006749342685,504.434134945424,10,0.6,0.143491723216429,0.35,0,7.34805362790181,0.95,0.2,0.75
"mk","tl1.00_gl0.25_c100","model8",0.267832311438514,0.0927610117348264,10,1,0.25,100,50,NA,1,0.99961479902825,846.215631324144,0.00512855660951284,561.014320738924,10,1,0.0663902506318866,0.05,NA,NA,NA,0.55,0.4
"mk","tl1.00_gl0.25_c100","model9",0.269573897163958,0.0941404580739142,10,1,0.25,100,50,NA,1,0.999537531748294,725.786684329149,0.00584152973758117,564.494929852573,10,0.9,0.11281030442955,0.0499999999999999,NA,NA,NA,0.5,0.45
"mk","tl1.00_gl0.25_c200","model1",0.198199443595298,0.061523117578548,10,1,0.25,200,50,NA,1,0.999288646032794,716.436769857675,0.00766214040080994,496.434557811001,10,0.9,0.0119018729802606,0.0499999999999999,NA,NA,NA,0.9,0.0499999999999999
"mk","tl1.00_gl0.25_c200","model10",0.196644970377018,0.0630102490795566,10,1,0.25,200,50,NA,1,0.999556368122629,740.214609355575,0.00555584450838508,538.487461562833,10,1,0.0126911567018965,0.05,NA,NA,NA,0.5,0.45
"mk","tl1.00_gl0.25_c200","model11",0.179853276699092,0.0579726425645674,10,1,0.25,200,50,NA,1,0.9992681481081,725.467504563103,0.00905165177979704,474.856226757446,10,0.9,0.00872709041855859,0.0499999999999999,NA,NA,NA,0.9,0.0499999999999999
"mk","tl1.00_gl0.25_c200","model12",0.194658830174467,0.0373528365411496,4,1,0.25,200,50,NA,0.4,0.999592506912921,806.994021325237,0.0768330576856915,267.352133040001,10,0,0.583764680232126,0.95,NA,NA,NA,0,0.95
"mk","tl1.00_gl0.25_c200","model2",0.198176057862939,0.0603786635102424,10,1,0.25,200,50,NA,1,0.999588602501737,645.242765093455,0.00556462471357592,509.623746964241,10,1,0.0101698042841607,0.05,NA,NA,NA,1,0.05
"mk","tl1.00_gl0.25_c200","model3",0.19802216198271,0.0604867281507657,10,1,0.25,200,50,NA,1,0.999233851254988,766.687296278063,0.00817523516130387,501.067850616468,10,0.9,0.0113563384662059,0.0499999999999999,0,8.87511732324874,0.95,0.45,0.5
"mk","tl1.00_gl0.25_c200","model4",0.198321239863955,0.0612158180218727,10,1,0.25,200,50,NA,1,0.999249769467972,727.946104408855,0.00804564165941014,538.600750885964,10,0.9,0.0137406972371338,0.0499999999999999,NA,NA,NA,0.9,0.0499999999999999
"mk","tl1.00_gl0.25_c200","model5",0.197890199028226,0.0628175224040707,10,1,0.25,200,50,NA,1,0.999180464674642,740.091972900427,0.00843347058041619,514.623167774947,10,1,0.0139358647753857,0.05,NA,NA,NA,0.5,0.45
"mk","tl1.00_gl0.25_c200","model6",0.198440384393944,0.0615994475339415,10,1,0.25,200,50,NA,1,0.999564739051246,683.773598301764,0.00556267664828042,590.097209988031,10,1,0.0110632336394407,0.05,NA,NA,NA,1,0.05
"mk","tl1.00_gl0.25_c200","model7",0.195782894800952,0.0454297401541403,9,1,0.25,200,50,NA,0.9,0.99972151485374,480.739713458455,0.0043073701269033,545.343386573973,10,0.9,0.058589929104361,0.0499999999999999,0,8.84564033381083,0.95,0.296296296296296,0.653703703703704
"mk","tl1.00_gl0.25_c200","model8",0.197606119494538,0.0626126449526499,10,1,0.25,200,50,NA,1,0.999582771583076,724.373970040428,0.00537280943237665,541.026435968021,10,1,0.0121799117059164,0.05,NA,NA,NA,0.5,0.45
"mk","tl1.00_gl0.25_c200","model9",0.197979436337075,0.0605419637863961,10,1,0.25,200,50,NA,1,0.999693450927936,724.770606854729,0.00464674672467389,587.499133043246,10,1,0.038335481876298,0.05,NA,NA,NA,0.5,0.45
"mk","tl1.00_gl0.25_c25","model1",0.543404291984032,0.0673028486896868,10,1,0.25,25,50,NA,1,0.999502591598715,748.40363472243,0.00573917152389978,565.660471425044,10,1,0.057212559896991,0.05,NA,NA,NA,1,0.05
"mk","tl1.00_gl0.25_c25","model10",0.542360176025558,0.0645519997226854,10,1,0.25,25,50,NA,1,0.999504927564262,727.932230957718,0.00564092692888934,529.562210247859,10,1,0.0964253039846236,0.05,NA,NA,NA,0.75,0.2
"mk","tl1.00_gl0.25_c25","model11",0.530921911331175,0.0535070384416365,10,1,0.25,25,50,NA,1,0.999343278527519,755.863747733506,0.00653646319735522,506.32255255538,10,0.8,0.107181949926256,0.15,NA,NA,NA,0.8,0.15
"mk","tl1.00_gl0.25_c25","model12",0.539254784201718,0.0625170041325142,10,1,0.25,25,50,NA,1,0.999413026257376,805.258040340124,0.00615478632421373,458.171714863786,10,0,0.510586304481511,0.95,NA,NA,NA,0,0.95
"mk","tl1.00_gl0.25_c25","model2",0.541687158020391,0.0655910707928855,10,1,0.25,25,50,NA,1,0.99951791998624,774.748687773155,0.00556203341444679,506.835929340473,10,1,0.0576147410683133,0.05,NA,NA,NA,1,0.05
"mk","tl1.00_gl0.25_c25","model3",0.543062863749211,0.0604936201867636,10,1,0.25,25,50,NA,1,0.999483194017552,724.546670454756,0.00577695034709804,501.187817160071,10,1,0.0735621394317704,0.05,0.2,7.43618593487756,0.75,0.6,0.35
"mk","tl1.00_gl0.25_c25","model4",0.54272460965637,0.0658277160149749,10,1,0.25,25,50,NA,1,0.99948277521228,752.039017679096,0.00580428115305352,483.890183305921,10,1,0.109419938314577,0.05,NA,NA,NA,1,0.05
"mk","tl1.00_gl0.25_c25","model5",0.544993459512678,0.059169602342671,10,1,0.25,25,50,NA,1,0.99956293280197,802.791742090759,0.00524041403412607,529.424178666783,10,1,0.112630168656852,0.05,NA,NA,NA,0.75,0.2
"mk","tl1.00_gl0.25_c25","model6",0.544972873376344,0.0664775030051175,10,1,0.25,25,50,NA,1,0.999550998536097,828.860795508307,0.0052736000958676,507.846548624574,10,1,0.0903738769084516,0.05,NA,NA,NA,1,0.05
"mk","tl1.00_gl0.25_c25","model7",0.542056624884493,0.0650449879697698,10,1,0.25,25,50,NA,1,0.99959218707795,831.18947571243,0.00503523324649337,519.734881408892,10,1,0.146395669454153,0.05,NA,NA,NA,0.75,0.2
"mk","tl1.00_gl0.25_c25","model8",0.541848786855041,0.0661863254101732,10,1,0.25,25,50,NA,1,0.999521559850515,760.826202368352,0.00554819731883029,512.320332253489,10,1,0.0912645881647,0.05,NA,NA,NA,0.75,0.2
"mk","tl1.00_gl0.25_c25","model9",0.542692689346244,0.0667120461253747,10,1,0.25,25,50,NA,1,0.999542936516178,774.777928634976,0.00541965984213722,546.533355431335,10,1,0.141765062252034,0.05,NA,NA,NA,0.7,0.25
"mk","tl1.00_gl0.25_c50","model1",0.386581593234355,0.0492822758308392,10,1,0.25,50,50,NA,1,0.999389040072241,780.441166520299,0.00615631290980794,483.466512576838,10,1,0.0503876013636628,0.05,NA,NA,NA,1,0.05
"mk","tl1.00_gl0.25_c50","model10",0.386614853429944,0.0503681495264241,10,1,0.25,50,50,NA,1,0.999549845565383,853.164467657354,0.0051287375137737,502.990555510663,10,1,0.0813151000810622,0.05,NA,NA,NA,0.65,0.3
"mk","tl1.00_gl0.25_c50","model11",0.353984376771473,0.0560008243161966,10,1,0.25,50,50,NA,1,0.999335621805442,736.850232538101,0.0065017752881628,424.042971568662,10,0.7,0.0671534567769393,0.25,NA,NA,NA,0.7,0.25
"mk","tl1.00_gl0.25_c50","model12",0.38043348641674,0.0488830543483685,10,1,0.25,50,50,NA,1,0.999558731922318,706.576411120436,0.00517999371203199,483.304993262291,10,0,0.575235174077028,0.95,NA,NA,NA,0,0.95
"mk","tl1.00_gl0.25_c50","model2",0.388195165236041,0.0512525352082401,10,1,0.25,50,50,NA,1,0.999485802657181,830.935177435176,0.00548303754267044,502.797256188975,10,1,0.0473048455588575,0.05,NA,NA,NA,1,0.05
"mk","tl1.00_gl0.25_c50","model3",0.386976772440938,0.0484598889804057,10,1,0.25,50,50,NA,1,0.999400999991029,799.675457287604,0.00588373548079153,464.177423659659,10,0.9,0.0572376950819897,0.0499999999999999,0,8.1469571782322,0.95,0.45,0.5
"mk","tl1.00_gl0.25_c50","model4",0.385437668188585,0.051950648497317,10,1,0.25,50,50,NA,1,0.999422772065602,743.550408563163,0.00587140839649629,521.374258232382,10,1,0.0521977657346524,0.05,NA,NA,NA,1,0.05
"mk","tl1.00_gl0.25_c50","model5",0.38548755829718,0.0526750365728353,10,1,0.25,50,50,NA,1,0.999424252358219,748.552439907161,0.00577505785197178,489.838916591069,10,0.9,0.0756692769213612,0.0499999999999999,NA,NA,NA,0.6,0.35
"mk","tl1.00_gl0.25_c50","model6",0.389905504254207,0.0502128212099917,10,1,0.25,50,50,NA,1,0.999507547948262,865.54704073309,0.00533204627747914,547.472979550161,10,1,0.0544579512881835,0.05,NA,NA,NA,1,0.05
"mk","tl1.00_gl0.25_c50","model7",0.38996827345409,0.0523415718775881,10,1,0.25,50,50,NA,1,0.999531918342588,828.654135506076,0.00523348228158433,528.937824229252,10,0.8,0.166239379479763,0.15,NA,NA,NA,0.55,0.4
"mk","tl1.00_gl0.25_c50","model8",0.386578832044138,0.0495907784556733,10,1,0.25,50,50,NA,1,0.999445402125401,804.749654989579,0.00579747296285401,500.640011807528,10,1,0.075734103090365,0.05,NA,NA,NA,0.65,0.3
"mk","tl1.00_gl0.25_c50","model9",0.388238947527356,0.0505236347849919,10,1,0.25,50,50,NA,1,0.99948768189383,876.3605715935,0.00542811622722577,511.142604131359,10,0.8,0.141158233144457,0.15,NA,NA,NA,0.55,0.4
"mk","tl1.00_gl0.50_c100","model1",0.267580472922,0.101139872708615,10,1,0.5,100,50,NA,1,0.999274532809467,772.15531897513,0.0073299183483921,517.035976207731,10,1,0.0187388899269143,0.05,NA,NA,NA,1,0.05
"mk","tl1.00_gl0.50_c100","model10",0.269772300676207,0.0953047100314409,10,1,0.5,100,50,NA,1,0.999546025045842,693.49864379854,0.00570201552127142,493.065008584232,10,1,0.0655038384343245,0.05,NA,NA,NA,0.7,0.25
"mk","tl1.00_gl0.50_c100","model11",0.259855933029932,0.0917112880607917,10,1,0.5,100,50,NA,1,0.999290890031201,708.998316971528,0.0082238686757856,470.88371074188,10,0.8,0.0206178980103578,0.15,NA,NA,NA,0.8,0.15
"mk","tl1.00_gl0.50_c100","model12",0.266314875761224,0.0985929199873234,10,1,0.5,100,50,NA,1,0.999658292026718,714.346823438937,0.00535337131336805,532.57058692597,10,0,0.582366261296103,0.95,NA,NA,NA,0,0.95
"mk","tl1.00_gl0.50_c100","model2",0.269018139518337,0.0980637349602911,10,1,0.5,100,50,NA,1,0.999597277009235,765.092582470292,0.00504517546649955,549.619008619077,10,1,0.0213705225830377,0.05,NA,NA,NA,1,0.05
"mk","tl1.00_gl0.50_c100","model3",0.266398086430375,0.0982174573739328,10,1,0.5,100,50,NA,1,0.999267400787189,737.294149930837,0.0074396327114678,422.076040673797,10,0.9,0.0182208011695476,0.0499999999999999,0.2,1.06074987879411,0.75,0.55,0.4
"mk","tl1.00_gl0.50_c100","model4",0.268023528425168,0.0964563571464175,10,1,0.5,100,50,NA,1,0.999353730313958,757.493203063445,0.00686328141699625,480.283023194187,10,0.9,0.0583097108806352,0.0499999999999999,NA,NA,NA,0.9,0.0499999999999999
"mk","tl1.00_gl0.50_c100","model5",0.268682175631009,0.0937775551373201,10,1,0.5,100,50,NA,1,0.999354093573424,827.560670153405,0.00696596943952026,484.053795475988,10,0.9,0.0611064356021797,0.0499999999999999,NA,NA,NA,0.6,0.35
"mk","tl1.00_gl0.50_c100","model6",0.268847956093951,0.0931928126633349,10,1,0.5,100,50,NA,1,0.999573475616563,757.499893408644,0.0053868695793818,562.614526292399,10,1,0.0550659156767679,0.05,NA,NA,NA,1,0.05
"mk","tl1.00_gl0.50_c100","model7",0.269063283553225,0.0968346934015754,10,1,0.5,100,50,NA,1,0.99954569560887,635.502403866778,0.005622140854836,516.579159243994,10,0.6,0.143588544889198,0.35,1,0.504836258813499,0.05,0.633333333333333,0.316666666666667
"mk","tl1.00_gl0.50_c100","model8",0.267832311438514,0.0927610117348264,10,1,0.5,100,50,NA,1,0.99961479902825,846.215631324144,0.00512855660951284,561.014320738924,10,1,0.0663902506318866,0.05,NA,NA,NA,0.65,0.3
"mk","tl1.00_gl0.50_c100","model9",0.269573897163958,0.0941404580739142,10,1,0.5,100,50,NA,1,0.999537531748294,725.786684329149,0.00584152973758117,564.494929852573,10,0.9,0.11281030442955,0.0499999999999999,NA,NA,NA,0.6,0.35
"mk","tl1.00_gl0.50_c200","model1",0.198199443595298,0.061523117578548,10,1,0.5,200,50,NA,1,0.999288646032794,716.436769857675,0.00766214040080994,496.434557811001,10,0.9,0.0119018729802606,0.0499999999999999,NA,NA,NA,0.9,0.0499999999999999
"mk","tl1.00_gl0.50_c200","model10",0.196644970377018,0.0630102490795566,10,1,0.5,200,50,NA,1,0.999556368122629,740.214609355575,0.00555584450838508,538.487461562833,10,1,0.0126911567018965,0.05,NA,NA,NA,0.7,0.25
"mk","tl1.00_gl0.50_c200","model11",0.179853276699092,0.0579726425645674,10,1,0.5,200,50,NA,1,0.9992681481081,725.467504563103,0.00905165177979704,474.856226757446,10,0.9,0.00872709041855859,0.0499999999999999,NA,NA,NA,0.9,0.0499999999999999
"mk","tl1.00_gl0.50_c200","model12",0.199296375949623,0.0456766390705962,7,1,0.5,200,50,NA,0.7,0.999557784718349,694.320869399275,0.0224802781105959,448.217371301861,10,0,0.583774980242481,0.95,NA,NA,NA,0,0.95
"mk","tl1.00_gl0.50_c200","model2",0.198176057862939,0.0603786635102424,10,1,0.5,200,50,NA,1,0.999588618925917,645.490501391362,0.00556122251772719,500.262953384015,10,1,0.0101695690641818,0.05,NA,NA,NA,1,0.05
"mk","tl1.00_gl0.50_c200","model3",0.19802216198271,0.0604867281507657,10,1,0.5,200,50,NA,1,0.999233851254988,766.687296278063,0.00817523516130387,501.067850616468,10,0.9,0.0113563384662059,0.0499999999999999,0,0.964007664370097,0.95,0.45,0.5
"mk","tl1.00_gl0.50_c200","model4",0.198321239863955,0.0612158180218727,10,1,0.5,200,50,NA,1,0.999249769467972,727.946104408855,0.00804564165941014,538.600750885964,10,0.9,0.0137406972371338,0.0499999999999999,NA,NA,NA,0.9,0.0499999999999999
"mk","tl1.00_gl0.50_c200","model5",0.197890199028226,0.0628175224040707,10,1,0.5,200,50,NA,1,0.999180464674642,740.091972900427,0.00843347058041619,514.623167774947,10,1,0.0139358647753857,0.05,NA,NA,NA,0.55,0.4
"mk","tl1.00_gl0.50_c200","model6",0.198440384393944,0.0615994475339415,10,1,0.5,200,50,NA,1,0.999564739051699,683.765130134399,0.00556163496825071,594.827903292929,10,1,0.0110637908512026,0.05,NA,NA,NA,1,0.05
"mk","tl1.00_gl0.50_c200","model7",0.195782894800952,0.0454297401541403,9,1,0.5,200,50,NA,0.9,0.999721736263212,479.401778298428,0.00431332382888131,547.786380746837,10,0.9,0.0581218591720216,0.0499999999999999,0,0.980132084001835,0.95,0.333333333333333,0.616666666666667
"mk","tl1.00_gl0.50_c200","model8",0.19758931800939,0.0626097910126133,10,1,0.5,200,50,NA,1,0.999581854537389,720.449447201902,0.00537878530738943,538.694288397704,10,1,0.0121881654023013,0.05,NA,NA,NA,0.55,0.4
"mk","tl1.00_gl0.50_c200","model9",0.197979436337075,0.0605419637863961,10,1,0.5,200,50,NA,1,0.999694539728461,729.537508961156,0.00464056301026317,575.866357044672,10,1,0.038332003213653,0.05,NA,NA,NA,0.55,0.4
"mk","tl1.00_gl0.50_c25","model1",0.543404291984032,0.0673028486896868,10,1,0.5,25,50,NA,1,0.999502591598715,748.40363472243,0.00573917152389978,565.660471425044,10,1,0.057212559896991,0.05,NA,NA,NA,1,0.05
"mk","tl1.00_gl0.50_c25","model10",0.542360176025558,0.0645519997226854,10,1,0.5,25,50,NA,1,0.999504927564262,727.932230957718,0.00564092692888934,529.562210247859,10,1,0.0964253039846236,0.05,NA,NA,NA,1,0.05
"mk","tl1.00_gl0.50_c25","model11",0.530921911331175,0.0535070384416365,10,1,0.5,25,50,NA,1,0.999343278527519,755.863747733506,0.00653646319735522,506.32255255538,10,0.8,0.107181949926256,0.15,NA,NA,NA,0.8,0.15
"mk","tl1.00_gl0.50_c25","model12",0.539226662522857,0.0623960445852355,10,1,0.5,25,50,NA,1,0.999413026257376,805.258040340124,0.00615478632421373,458.171714863786,10,0,0.510822799118587,0.95,NA,NA,NA,0,0.95
"mk","tl1.00_gl0.50_c25","model2",0.541687158020391,0.0655910707928855,10,1,0.5,25,50,NA,1,0.99951791998624,774.748687773155,0.00556203341444679,506.835929340473,10,1,0.0576147410683133,0.05,NA,NA,NA,1,0.05
"mk","tl1.00_gl0.50_c25","model3",0.543062863749211,0.0604936201867636,10,1,0.5,25,50,NA,1,0.999483194017552,724.546670454756,0.00577695034709804,501.187817160071,10,1,0.0735621394317704,0.05,0.8,0.663234469668079,0.15,0.9,0.0499999999999999
"mk","tl1.00_gl0.50_c25","model4",0.54272460965637,0.0658277160149749,10,1,0.5,25,50,NA,1,0.99948277521228,752.039017679096,0.00580428115305352,483.890183305921,10,1,0.109419938314577,0.05,NA,NA,NA,1,0.05
"mk","tl1.00_gl0.50_c25","model5",0.544993459512678,0.059169602342671,10,1,0.5,25,50,NA,1,0.99956293280197,802.791742090759,0.00524041403412607,529.424178666783,10,1,0.112630168656852,0.05,NA,NA,NA,0.95,0
"mk","tl1.00_gl0.50_c25","model6",0.544972873376344,0.0664775030051175,10,1,0.5,25,50,NA,1,0.999550998536097,828.860795508307,0.0052736000958676,507.846548624574,10,1,0.0903738769084516,0.05,NA,NA,NA,1,0.05
"mk","tl1.00_gl0.50_c25","model7",0.542056624884493,0.0650449879697698,10,1,0.5,25,50,NA,1,0.99959218707795,831.18947571243,0.00503523324649337,519.734881408892,10,1,0.146395669454153,0.05,NA,NA,NA,1,0.05
"mk","tl1.00_gl0.50_c25","model8",0.541848786855041,0.0661863254101732,10,1,0.5,25,50,NA,1,0.999521559850515,760.826202368352,0.00554819731883029,512.320332253489,10,1,0.0912645881647,0.05,NA,NA,NA,1,0.05
"mk","tl1.00_gl0.50_c25","model9",0.542692689346244,0.0667120461253747,10,1,0.5,25,50,NA,1,0.999542936516178,774.777928634976,0.00541965984213722,546.533355431335,10,1,0.141765062252034,0.05,NA,NA,NA,1,0.05
"mk","tl1.00_gl0.50_c50","model1",0.386581593234355,0.0492822758308392,10,1,0.5,50,50,NA,1,0.999389040072241,780.441166520299,0.00615631290980794,483.466512576838,10,1,0.0503876013636628,0.05,NA,NA,NA,1,0.05
"mk","tl1.00_gl0.50_c50","model10",0.386614853429944,0.0503681495264241,10,1,0.5,50,50,NA,1,0.999550566921531,853.332097493826,0.00511910712043606,472.725367343867,10,1,0.0809871426271549,0.05,NA,NA,NA,0.9,0.0499999999999999
"mk","tl1.00_gl0.50_c50","model11",0.353984376771473,0.0560008243161966,10,1,0.5,50,50,NA,1,0.999335621805442,736.850232538101,0.0065017752881628,424.042971568662,10,0.7,0.0671534567769393,0.25,NA,NA,NA,0.7,0.25
"mk","tl1.00_gl0.50_c50","model12",0.380404207505507,0.0493113949076686,10,1,0.5,50,50,NA,1,0.999558731922318,706.576411120436,0.00517999371203199,483.304993262291,10,0,0.575191458441404,0.95,NA,NA,NA,0,0.95
"mk","tl1.00_gl0.50_c50","model2",0.388195165236041,0.0512525352082401,10,1,0.5,50,50,NA,1,0.999485802657181,830.935177435176,0.00548303754267044,502.797256188975,10,1,0.0473048455588575,0.05,NA,NA,NA,1,0.05
"mk","tl1.00_gl0.50_c50","model3",0.386976772440938,0.0484598889804057,10,1,0.5,50,50,NA,1,0.999400999991029,799.675457287604,0.00588373548079153,464.177423659659,10,0.9,0.0572376950819897,0.0499999999999999,0.6,0.809140654736628,0.35,0.75,0.2
"mk","tl1.00_gl0.50_c50","model4",0.385437668188585,0.051950648497317,10,1,0.5,50,50,NA,1,0.999422772065602,743.550408563163,0.00587140839649629,521.374258232382,10,1,0.0521977657346524,0.05,NA,NA,NA,1,0.05
"mk","tl1.00_gl0.50_c50","model5",0.38548755829718,0.0526750365728353,10,1,0.5,50,50,NA,1,0.999424252358219,748.552439907161,0.00577505785197178,489.838916591069,10,0.9,0.0756692769213612,0.0499999999999999,NA,NA,NA,0.85,0.0999999999999999
"mk","tl1.00_gl0.50_c50","model6",0.389905504254207,0.0502128212099917,10,1,0.5,50,50,NA,1,0.999507547948262,865.54704073309,0.00533204627747914,547.472979550161,10,1,0.0544579512881835,0.05,NA,NA,NA,1,0.05
"mk","tl1.00_gl0.50_c50","model7",0.38996827345409,0.0523415718775881,10,1,0.5,50,50,NA,1,0.999531918342588,828.654135506076,0.00523348228158433,528.937824229252,10,0.8,0.166239379479763,0.15,NA,NA,NA,0.8,0.15
"mk","tl1.00_gl0.50_c50","model8",0.386578832044138,0.0495907784556733,10,1,0.5,50,50,NA,1,0.999445402125401,804.749654989579,0.00579747296285401,500.640011807528,10,1,0.075734103090365,0.05,NA,NA,NA,0.9,0.0499999999999999
"mk","tl1.00_gl0.50_c50","model9",0.388238947527356,0.0505236347849919,10,1,0.5,50,50,NA,1,0.99948768189383,876.3605715935,0.00542811622722577,511.142604131359,10,0.8,0.141158233144457,0.15,NA,NA,NA,0.8,0.15
"mk","tl1.00_gl1.00_c100","model1",0.267580472922,0.101139872708615,10,1,1,100,50,NA,1,0.999274532809467,772.15531897513,0.0073299183483921,517.035976207731,10,1,0.0187388899269143,0.05,NA,NA,NA,1,0.05
"mk","tl1.00_gl1.00_c100","model10",0.269772300676207,0.0953047100314409,10,1,1,100,50,NA,1,0.999546892383813,699.494569363594,0.00569397843358398,481.953138931979,10,1,0.0653872731387836,0.05,NA,NA,NA,1,0.05
"mk","tl1.00_gl1.00_c100","model11",0.259855933029932,0.0917112880607917,10,1,1,100,50,NA,1,0.999290890031201,708.998316971528,0.0082238686757856,470.88371074188,10,0.8,0.0206178980103578,0.15,NA,NA,NA,0.8,0.15
"mk","tl1.00_gl1.00_c100","model12",0.266284177728802,0.0985781871055467,10,1,1,100,50,NA,1,0.999655918794459,710.196669387053,0.00538731421886883,526.882282870835,10,0,0.582366121623482,0.95,NA,NA,NA,0,0.95
"mk","tl1.00_gl1.00_c100","model2",0.269018139518337,0.0980637349602911,10,1,1,100,50,NA,1,0.999597277009235,765.092582470292,0.00504517546649955,549.619008619077,10,1,0.0213705225830377,0.05,NA,NA,NA,1,0.05
"mk","tl1.00_gl1.00_c100","model3",0.266398086430375,0.0982174573739328,10,1,1,100,50,NA,1,0.999267400787189,737.294149930837,0.0074396327114678,422.076040673797,10,0.9,0.0182208011695476,0.0499999999999999,1,0.0358078271747296,0.05,0.95,0
"mk","tl1.00_gl1.00_c100","model4",0.268023528425168,0.0964563571464175,10,1,1,100,50,NA,1,0.999353730313958,757.493203063445,0.00686328141699625,480.283023194187,10,0.9,0.0583097108806352,0.0499999999999999,NA,NA,NA,0.9,0.0499999999999999
"mk","tl1.00_gl1.00_c100","model5",0.268682175631009,0.0937775551373201,10,1,1,100,50,NA,1,0.999354093573424,827.560670153405,0.00696596943952026,484.053795475988,10,0.9,0.0611064356021797,0.0499999999999999,NA,NA,NA,0.95,0
"mk","tl1.00_gl1.00_c100","model6",0.268847956093951,0.0931928126633349,10,1,1,100,50,NA,1,0.999573933771659,762.251503756605,0.0053842770365209,563.589074684362,10,1,0.0549619465814782,0.05,NA,NA,NA,1,0.05
"mk","tl1.00_gl1.00_c100","model7",0.269063283553225,0.0968346934015754,10,1,1,100,50,NA,1,0.99954576414997,635.785362800568,0.00562078598990673,515.097871208445,10,0.6,0.143599109306007,0.35,1,0.0837996529324274,0.05,0.866666666666667,0.0833333333333333
"mk","tl1.00_gl1.00_c100","model8",0.267832311438514,0.0927610117348264,10,1,1,100,50,NA,1,0.99961479902825,846.215631324144,0.00512855660951284,561.014320738924,10,1,0.0663902506318866,0.05,NA,NA,NA,1,0.05
"mk","tl1.00_gl1.00_c100","model9",0.269573897163958,0.0941404580739142,10,1,1,100,50,NA,1,0.999537531748294,725.786684329149,0.00584152973758117,564.494929852573,10,0.9,0.11281030442955,0.0499999999999999,NA,NA,NA,0.95,0
"mk","tl1.00_gl1.00_c200","model1",0.198199443595298,0.061523117578548,10,1,1,200,50,NA,1,0.999288646032794,716.436769857675,0.00766214040080994,496.434557811001,10,0.9,0.0119018729802606,0.0499999999999999,NA,NA,NA,0.9,0.0499999999999999
"mk","tl1.00_gl1.00_c200","model10",0.196644970377018,0.0630102490795566,10,1,1,200,50,NA,1,0.999556368122629,740.214609355575,0.00555584450838508,538.487461562833,10,1,0.0126911567018965,0.05,NA,NA,NA,1,0.05
"mk","tl1.00_gl1.00_c200","model11",0.179853276699092,0.0579726425645674,10,1,1,200,50,NA,1,0.9992681481081,725.467504563103,0.00905165177979704,474.856226757446,10,0.9,0.00872709041855859,0.0499999999999999,NA,NA,NA,0.9,0.0499999999999999
"mk","tl1.00_gl1.00_c200","model12",0.195668870913385,0.0741911719375293,9,1,1,200,50,NA,0.9,0.999579386602202,794.151767479339,0.00653016128620968,539.560802549379,10,0,0.583737333164794,0.95,NA,NA,NA,0,0.95
"mk","tl1.00_gl1.00_c200","model2",0.198176057862939,0.0603786635102424,10,1,1,200,50,NA,1,0.999588223566919,643.526532950973,0.00556895149705142,525.161487522501,10,1,0.0101703846729959,0.05,NA,NA,NA,1,0.05
"mk","tl1.00_gl1.00_c200","model3",0.19802216198271,0.0604867281507657,10,1,1,200,50,NA,1,0.999233851254988,766.687296278063,0.00817523516130387,501.067850616468,10,0.9,0.0113563384662059,0.0499999999999999,1,0.00845283493077388,0.05,0.95,0
"mk","tl1.00_gl1.00_c200","model4",0.198321239863955,0.0612158180218727,10,1,1,200,50,NA,1,0.999249769467972,727.946104408855,0.00804564165941014,538.600750885964,10,0.9,0.0137406972371338,0.0499999999999999,NA,NA,NA,0.9,0.0499999999999999
"mk","tl1.00_gl1.00_c200","model5",0.197890199028226,0.0628175224040707,10,1,1,200,50,NA,1,0.999180464674642,740.091972900427,0.00843347058041619,514.623167774947,10,1,0.0139358647753857,0.05,NA,NA,NA,1,0.05
"mk","tl1.00_gl1.00_c200","model6",0.198440384393944,0.0615994475339415,10,1,1,200,50,NA,1,0.99956409842004,682.744487856805,0.00556458814221441,563.826644360535,10,1,0.0110414760757214,0.05,NA,NA,NA,1,0.05
"mk","tl1.00_gl1.00_c200","model7",0.195782894800952,0.0454297401541403,9,1,1,200,50,NA,0.9,0.99972244029697,481.272984845268,0.0043074624822418,509.881388004614,10,0.9,0.0590022338440481,0.0499999999999999,1,0.0477526559382739,0.05,0.962962962962963,0.012962962962963
"mk","tl1.00_gl1.00_c200","model8",0.197606119494538,0.0626097910126133,10,1,1,200,50,NA,1,0.99958261829433,724.044150247981,0.00537522144527159,529.805602090051,10,1,0.0121826999641588,0.05,NA,NA,NA,1,0.05
"mk","tl1.00_gl1.00_c200","model9",0.197979436337075,0.0605419637863961,10,1,1,200,50,NA,1,0.999693441053587,724.834247821258,0.00464674672467389,587.499133043246,10,1,0.0383380341324341,0.05,NA,NA,NA,1,0.05
"mk","tl1.00_gl1.00_c25","model1",0.543404291984032,0.0673028486896868,10,1,1,25,50,NA,1,0.999502591598715,748.40363472243,0.00573917152389978,565.660471425044,10,1,0.057212559896991,0.05,NA,NA,NA,1,0.05
"mk","tl1.00_gl1.00_c25","model10",0.542360176025558,0.0645519997226854,10,1,1,25,50,NA,1,0.999504927564262,727.932230957718,0.00564092692888934,529.562210247859,10,1,0.0964253039846236,0.05,NA,NA,NA,1,0.05
"mk","tl1.00_gl1.00_c25","model11",0.530921911331175,0.0535070384416365,10,1,1,25,50,NA,1,0.999343278527519,755.863747733506,0.00653646319735522,506.32255255538,10,0.8,0.107181949926256,0.15,NA,NA,NA,0.8,0.15
"mk","tl1.00_gl1.00_c25","model12",0.53934768870836,0.0625639911441574,10,1,1,25,50,NA,1,0.999413026257376,805.258040340124,0.00615478632421373,458.171714863786,10,0,0.510723586866759,0.95,NA,NA,NA,0,0.95
"mk","tl1.00_gl1.00_c25","model2",0.541687158020391,0.0655910707928855,10,1,1,25,50,NA,1,0.99951791998624,774.748687773155,0.00556203341444679,506.835929340473,10,1,0.0576147410683133,0.05,NA,NA,NA,1,0.05
"mk","tl1.00_gl1.00_c25","model3",0.543062863749211,0.0604936201867636,10,1,1,25,50,NA,1,0.999483194017552,724.546670454756,0.00577695034709804,501.187817160071,10,1,0.0735621394317704,0.05,1,0.276758737063339,0.05,1,0.05
"mk","tl1.00_gl1.00_c25","model4",0.54272460965637,0.0658277160149749,10,1,1,25,50,NA,1,0.99948277521228,752.039017679096,0.00580428115305352,483.890183305921,10,1,0.109419938314577,0.05,NA,NA,NA,1,0.05
"mk","tl1.00_gl1.00_c25","model5",0.542728635220622,0.0619000262983291,10,1,1,25,50,NA,1,0.999575830546878,848.684318749045,0.00665042571850645,470.479313008835,10,1,0.117633736132389,0.05,1,0.216614693209872,0.05,1,0.05
"mk","tl1.00_gl1.00_c25","model6",0.544972873376344,0.0664775030051175,10,1,1,25,50,NA,1,0.999550998536097,828.860795508307,0.0052736000958676,507.846548624574,10,1,0.0903738769084516,0.05,NA,NA,NA,1,0.05
"mk","tl1.00_gl1.00_c25","model7",0.542056624884493,0.0650449879697698,10,1,1,25,50,NA,1,0.99959218707795,831.18947571243,0.00503523324649337,519.734881408892,10,1,0.146395669454153,0.05,NA,NA,NA,1,0.05
"mk","tl1.00_gl1.00_c25","model8",0.541848786855041,0.0661863254101732,10,1,1,25,50,NA,1,0.999521559850515,760.826202368352,0.00554819731883029,512.320332253489,10,1,0.0912645881647,0.05,NA,NA,NA,1,0.05
"mk","tl1.00_gl1.00_c25","model9",0.542692689346244,0.0667120461253747,10,1,1,25,50,NA,1,0.999542936516178,774.777928634976,0.00541965984213722,546.533355431335,10,1,0.141765062252034,0.05,NA,NA,NA,1,0.05
"mk","tl1.00_gl1.00_c50","model1",0.386581593234355,0.0492822758308392,10,1,1,50,50,NA,1,0.999389040072241,780.441166520299,0.00615631290980794,483.466512576838,10,1,0.0503876013636628,0.05,NA,NA,NA,1,0.05
"mk","tl1.00_gl1.00_c50","model10",0.386614853429944,0.0503681495264241,10,1,1,50,50,NA,1,0.999549785586016,852.144065405371,0.00512850166348964,485.419071504535,10,1,0.0815495684814676,0.05,NA,NA,NA,1,0.05
"mk","tl1.00_gl1.00_c50","model11",0.353984376771473,0.0560008243161966,10,1,1,50,50,NA,1,0.999335621805442,736.850232538101,0.0065017752881628,424.042971568662,10,0.7,0.0671534567769393,0.25,NA,NA,NA,0.7,0.25
"mk","tl1.00_gl1.00_c50","model12",0.38045168720172,0.0492741735555907,10,1,1,50,50,NA,1,0.999558731922318,706.576411120436,0.00517999371203199,483.304993262291,10,0,0.575229860848776,0.95,NA,NA,NA,0,0.95
"mk","tl1.00_gl1.00_c50","model2",0.388195165236041,0.0512525352082401,10,1,1,50,50,NA,1,0.999485802657181,830.935177435176,0.00548303754267044,502.797256188975,10,1,0.0473048455588575,0.05,NA,NA,NA,1,0.05
"mk","tl1.00_gl1.00_c50","model3",0.386976772440938,0.0484598889804057,10,1,1,50,50,NA,1,0.999400999991029,799.675457287604,0.00588373548079153,464.177423659659,10,0.9,0.0572376950819897,0.0499999999999999,1,0.140232392988844,0.05,0.95,0
"mk","tl1.00_gl1.00_c50","model4",0.385437668188585,0.051950648497317,10,1,1,50,50,NA,1,0.999422772065602,743.550408563163,0.00587140839649629,521.374258232382,10,1,0.0521977657346524,0.05,NA,NA,NA,1,0.05
"mk","tl1.00_gl1.00_c50","model5",0.38548755829718,0.0526750365728353,10,1,1,50,50,NA,1,0.999424252358219,748.552439907161,0.00577505785197178,489.838916591069,10,0.9,0.0756692769213612,0.0499999999999999,NA,NA,NA,0.95,0
"mk","tl1.00_gl1.00_c50","model6",0.389905504254207,0.0502128212099917,10,1,1,50,50,NA,1,0.999507547948262,865.54704073309,0.00533204627747914,547.472979550161,10,1,0.0544579512881835,0.05,NA,NA,NA,1,0.05
"mk","tl1.00_gl1.00_c50","model7",0.38996827345409,0.0523415718775881,10,1,1,50,50,NA,1,0.999531918342588,828.654135506076,0.00523348228158433,528.937824229252,10,0.8,0.166239379479763,0.15,NA,NA,NA,0.9,0.0499999999999999
"mk","tl1.00_gl1.00_c50","model8",0.386578832044138,0.0495907784556733,10,1,1,50,50,NA,1,0.999445402125401,804.749654989579,0.00579747296285401,500.640011807528,10,1,0.075734103090365,0.05,NA,NA,NA,1,0.05
"mk","tl1.00_gl1.00_c50","model9",0.388238947527356,0.0505236347849919,10,1,1,50,50,NA,1,0.99948768189383,876.3605715935,0.00542811622722577,511.142604131359,10,0.8,0.141158233144457,0.15,NA,NA,NA,0.9,0.0499999999999999
"mk","tl1.50_gl0.10_c100","model1",0.267077784922002,0.0301997727966435,10,1.5,0.1,100,50,NA,1,0.99924162644113,742.112783259036,0.00714476038393677,458.347265883363,10,0.9,0.0225430669251113,0.0499999999999999,NA,NA,NA,0.9,0.0499999999999999
"mk","tl1.50_gl0.10_c100","model10",0.27053389690614,0.0345128604506258,10,1.5,0.1,100,50,NA,1,0.999471193347154,867.12687878596,0.0057525715741742,541.762427694225,10,0.8,0.0891923406143781,0.15,NA,NA,NA,0.4,0.55
"mk","tl1.50_gl0.10_c100","model11",0.254631602217844,0.0225709093638011,10,1.5,0.1,100,50,NA,1,0.999276343489358,746.740372816823,0.00771091064852516,423.883378741496,10,0.8,0.0482387886624404,0.15,NA,NA,NA,0.8,0.15
"mk","tl1.50_gl0.10_c100","model12",0.264562793098971,0.0298338848001905,10,1.5,0.1,100,50,NA,1,0.999557599962355,676.880775271553,0.00570480368168779,487.007769115157,10,0,1.36212611114609,0.95,NA,NA,NA,0,0.95
"mk","tl1.50_gl0.10_c100","model2",0.266062673642785,0.0337983528189931,10,1.5,0.1,100,50,NA,1,0.999445073561422,941.568623512013,0.00588459635301727,508.383861055484,10,0.9,0.0353728872174215,0.0499999999999999,NA,NA,NA,0.9,0.0499999999999999
"mk","tl1.50_gl0.10_c100","model3",0.265176504210411,0.031763254492538,10,1.5,0.1,100,50,NA,1,0.999254513796138,754.289456182343,0.0071313296018828,485.54277034435,10,0.9,0.0272320098209738,0.0499999999999999,0,79.229307191658,0.95,0.45,0.5
"mk","tl1.50_gl0.10_c100","model4",0.267053966485612,0.0317425739226789,10,1.5,0.1,100,50,NA,1,0.999264918917556,745.097447900475,0.00714086273137857,510.814859975565,10,0.8,0.0620037084140689,0.15,NA,NA,NA,0.8,0.15
"mk","tl1.50_gl0.10_c100","model5",0.268300708349336,0.0321193013907045,10,1.5,0.1,100,50,NA,1,0.999238612395391,749.033296542286,0.0070437072015687,465.725765202115,10,0.8,0.0727539561655803,0.15,NA,NA,NA,0.4,0.55
"mk","tl1.50_gl0.10_c100","model6",0.269265966407527,0.030830361185228,10,1.5,0.1,100,50,NA,1,0.999394014896814,726.550137163017,0.00618384830954164,514.181456669216,10,1,0.0698699161874426,0.05,NA,NA,NA,1,0.05
"mk","tl1.50_gl0.10_c100","model7",0.270312472171569,0.0341051022695934,10,1.5,0.1,100,50,NA,1,0.999636238850842,655.995611210428,0.00460667936117148,511.488090133485,10,0.7,0.284120386764828,0.25,NA,NA,NA,0.35,0.6
"mk","tl1.50_gl0.10_c100","model8",0.266864372566331,0.0324897712710304,10,1.5,0.1,100,50,NA,1,0.999453057992661,882.624965570689,0.00583384341172854,490.997519259221,10,1,0.0845925314093779,0.05,NA,NA,NA,0.5,0.45
"mk","tl1.50_gl0.10_c100","model9",0.266777823137516,0.0358403847819744,10,1.5,0.1,100,50,NA,1,0.99965582646111,760.899974585866,0.00468541808908454,554.895576594614,10,0.8,0.230913172961602,0.15,NA,NA,NA,0.4,0.55
"mk","tl1.50_gl0.10_c200","model1",0.156592683109121,0.0403971956545762,10,1.5,0.1,200,50,NA,1,0.999218039579272,711.173870543616,0.00800051296261997,490.251684250353,10,0.9,0.0120544910437404,0.0499999999999999,NA,NA,NA,0.9,0.0499999999999999
"mk","tl1.50_gl0.10_c200","model10",0.161819169580903,0.034828115899866,10,1.5,0.1,200,50,NA,1,0.999309775636155,688.134998561664,0.00785344719333597,532.016193355191,10,1,0.031129289800687,0.05,NA,NA,NA,0.5,0.45
"mk","tl1.50_gl0.10_c200","model11",0.133363837653288,0.0495045577656192,10,1.5,0.1,200,50,NA,1,0.999203758668186,707.493877485859,0.0091617409021407,526.829185664019,10,0.8,0.0215923120107264,0.15,NA,NA,NA,0.8,0.15
"mk","tl1.50_gl0.10_c200","model2",0.160558079126933,0.0398437265004623,10,1.5,0.1,200,50,NA,1,0.999430521477944,862.740312207918,0.00690891616500833,552.457353743985,10,1,0.0147289031187549,0.05,NA,NA,NA,1,0.05
"mk","tl1.50_gl0.10_c200","model3",0.159650598790547,0.0373768782491776,10,1.5,0.1,200,50,NA,1,0.999205323626548,704.921001562936,0.00877517213709597,519.910083442733,10,0.9,0.0127477692743771,0.0499999999999999,0,81.7902487617838,0.95,0.45,0.5
"mk","tl1.50_gl0.10_c200","model4",0.158383327542321,0.038673158899856,10,1.5,0.1,200,50,NA,1,0.999245186479277,767.618561204193,0.0081863456732752,547.72222415693,10,0.8,0.0315464889578875,0.15,NA,NA,NA,0.8,0.15
"mk","tl1.50_gl0.10_c200","model5",0.160472927069982,0.0374292593660761,10,1.5,0.1,200,50,NA,1,0.999260691240216,777.690414901746,0.00765515959031417,542.631835490261,10,0.8,0.0319175938662374,0.15,NA,NA,NA,0.4,0.55
"mk","tl1.50_gl0.10_c200","model6",0.161751341707529,0.0356661781098121,10,1.5,0.1,200,50,NA,1,0.999447895615441,783.626272616905,0.00662531678329788,565.273854162076,10,1,0.0271057717812662,0.05,NA,NA,NA,1,0.05
"mk","tl1.50_gl0.10_c200","model7",0.160824043942187,0.0285415175111859,9,1.5,0.1,200,50,NA,0.9,0.999776150655961,434.660289701211,0.0040557726135481,579.988351397605,10,0.9,0.170035335353166,0.0499999999999999,0,81.7233795409729,0.95,0.296296296296296,0.653703703703704
"mk","tl1.50_gl0.10_c200","model8",0.161850468690738,0.0372815920353432,10,1.5,0.1,200,50,NA,1,0.999383797151675,713.966132253325,0.00725169611568953,542.530492515122,10,1,0.0295736452271603,0.05,NA,NA,NA,0.5,0.45
"mk","tl1.50_gl0.10_c200","model9",0.162150279051656,0.0353951541415752,10,1.5,0.1,200,50,NA,1,0.999765152791834,668.532621683738,0.00427975761098973,535.403125180572,10,0.9,0.106147673785704,0.0499999999999999,NA,NA,NA,0.45,0.5
"mk","tl1.50_gl0.10_c25","model1",0.582589916602909,0.0976711401343303,10,1.5,0.1,25,50,NA,1,0.99949115025243,729.343480180516,0.00562048370399907,523.092107364755,10,1,0.0317141762526112,0.05,NA,NA,NA,1,0.05
"mk","tl1.50_gl0.10_c25","model10",0.586157228702323,0.097896600932735,10,1.5,0.1,25,50,NA,1,0.999525178340729,791.917571557566,0.00552504953260656,490.963151541344,10,1,0.102863755833264,0.05,NA,NA,NA,0.5,0.45
"mk","tl1.50_gl0.10_c25","model11",0.54858778044525,0.0996756271960434,10,1.5,0.1,25,50,NA,1,0.999358965344608,731.973406498002,0.00640380173823745,449.407007095931,10,0.8,0.114691617839447,0.15,NA,NA,NA,0.8,0.15
"mk","tl1.50_gl0.10_c25","model12",0.572012033623494,0.0972441348886618,10,1.5,0.1,25,50,NA,1,0.999581929230139,807.891742031642,0.00517763272334911,463.5705540294,10,0,1.05348480523229,0.95,NA,NA,NA,0,0.95
"mk","tl1.50_gl0.10_c25","model2",0.583706287172131,0.098103369116741,10,1.5,0.1,25,50,NA,1,0.999484317260385,740.071267534088,0.00577230829022629,507.776820948677,10,1,0.0429267214550845,0.05,NA,NA,NA,1,0.05
"mk","tl1.50_gl0.10_c25","model3",0.582138983057527,0.0985202517664697,10,1.5,0.1,25,50,NA,1,0.999489306665334,735.037177324261,0.00577485115803345,486.717135190519,10,1,0.0506518215810742,0.05,0,79.820518652073,0.95,0.5,0.45
"mk","tl1.50_gl0.10_c25","model4",0.583635576014629,0.09844468365073,10,1.5,0.1,25,50,NA,1,0.999490796341606,744.963927947555,0.00575434564237099,502.523207714992,10,1,0.0455345195758589,0.05,NA,NA,NA,1,0.05
"mk","tl1.50_gl0.10_c25","model5",0.583031622688531,0.0994317207112944,10,1.5,0.1,25,50,NA,1,0.999484250603615,794.985440787552,0.00579034927008013,512.86623913957,10,1,0.0712990694921277,0.05,NA,NA,NA,0.5,0.45
"mk","tl1.50_gl0.10_c25","model6",0.584261478471921,0.0981649997642918,10,1.5,0.1,25,50,NA,1,0.999481844463119,759.078791118695,0.00577411691255372,491.445790169977,10,1,0.049334747910874,0.05,NA,NA,NA,1,0.05
"mk","tl1.50_gl0.10_c25","model7",0.589657973239372,0.100221652958434,10,1.5,0.1,25,50,NA,1,0.999497852756093,733.712142430977,0.00566834952975433,508.769751241546,10,1,0.234378892465752,0.05,NA,NA,NA,0.5,0.45
"mk","tl1.50_gl0.10_c25","model8",0.58742430515935,0.100474778801176,10,1.5,0.1,25,50,NA,1,0.999540646153755,776.192261035662,0.00536573539650334,483.973647801179,10,1,0.0778369141387584,0.05,NA,NA,NA,0.5,0.45
"mk","tl1.50_gl0.10_c25","model9",0.587210814756007,0.0978323503204758,10,1.5,0.1,25,50,NA,1,0.999504996525664,740.723486220054,0.00557589189801016,468.728736698959,10,1,0.238516360426363,0.05,NA,NA,NA,0.5,0.45
"mk","tl1.50_gl0.10_c50","model1",0.414807384425406,0.050275638780189,10,1.5,0.1,50,50,NA,1,0.999342213582542,737.680621975054,0.0062119356939541,459.94513225209,10,1,0.0625654153564077,0.05,NA,NA,NA,1,0.05
"mk","tl1.50_gl0.10_c50","model10",0.416359937996226,0.0428713088871723,10,1.5,0.1,50,50,NA,1,0.999460208625123,853.158606469422,0.00550813502737351,455.187472167941,10,1,0.185954643690773,0.05,NA,NA,NA,0.5,0.45
"mk","tl1.50_gl0.10_c50","model11",0.395449171340496,0.0557989751825598,10,1.5,0.1,50,50,NA,1,0.999294788516702,749.258124587458,0.00621906385302251,466.479572594222,10,0.6,0.116864092637148,0.35,NA,NA,NA,0.6,0.35
"mk","tl1.50_gl0.10_c50","model12",0.411349042208774,0.0515169702890313,10,1.5,0.1,50,50,NA,1,0.999668315424726,708.320437861299,0.00434534565207945,496.835092959394,10,0,1.31693482780402,0.95,NA,NA,NA,0,0.95
"mk","tl1.50_gl0.10_c50","model2",0.416862101143853,0.0477148850413079,10,1.5,0.1,50,50,NA,1,0.999430018479047,830.592151119632,0.00573685308419077,478.171409894476,10,1,0.0817556233810263,0.05,NA,NA,NA,1,0.05
"mk","tl1.50_gl0.10_c50","model3",0.41585224529944,0.0493028896445756,10,1.5,0.1,50,50,NA,1,0.999361866422668,762.451696752937,0.00599629394376934,494.04965419661,10,1,0.0751386444382592,0.05,0,79.9655545427218,0.95,0.5,0.45
"mk","tl1.50_gl0.10_c50","model4",0.416295378660727,0.0385368659132942,10,1.5,0.1,50,50,NA,1,0.99936666050202,756.430040993606,0.0060293176781087,444.491717746117,10,0.9,0.117703266489314,0.0499999999999999,NA,NA,NA,0.9,0.0499999999999999
"mk","tl1.50_gl0.10_c50","model5",0.417144070300229,0.0405142478558882,10,1.5,0.1,50,50,NA,1,0.999358141235834,727.504978312028,0.00605307006670314,473.993585908954,10,0.9,0.140304535668983,0.0499999999999999,NA,NA,NA,0.45,0.5
"mk","tl1.50_gl0.10_c50","model6",0.415187121405181,0.0417035320864115,10,1.5,0.1,50,50,NA,1,0.999388723318179,759.428086680534,0.00593754126180751,483.39944312745,10,1,0.137751853030174,0.05,NA,NA,NA,1,0.05
"mk","tl1.50_gl0.10_c50","model7",0.419869401565706,0.0410244284077438,10,1.5,0.1,50,50,NA,1,0.999436732415817,793.264844011669,0.0056614720179608,489.745853611024,10,0.7,0.355466377312376,0.25,NA,NA,NA,0.35,0.6
"mk","tl1.50_gl0.10_c50","model8",0.418426297966318,0.0430567886698986,10,1.5,0.1,50,50,NA,1,0.999503402534293,845.151301291252,0.00535157771975149,510.086099170319,10,1,0.150446406074957,0.05,NA,NA,NA,0.5,0.45
"mk","tl1.50_gl0.10_c50","model9",0.417340211456904,0.0421533571154455,10,1.5,0.1,50,50,NA,1,0.999477915180886,774.71215667083,0.00543324653116915,431.061923228198,10,0.8,0.304143226889272,0.15,NA,NA,NA,0.4,0.55
"mk","tl1.50_gl0.25_c100","model1",0.267077784922002,0.0301997727966435,10,1.5,0.25,100,50,NA,1,0.99924162644113,742.112783259036,0.00714476038393677,458.347265883363,10,0.9,0.0225430669251113,0.0499999999999999,NA,NA,NA,0.9,0.0499999999999999
"mk","tl1.50_gl0.25_c100","model10",0.27053389690614,0.0345128604506258,10,1.5,0.25,100,50,NA,1,0.999471193347154,867.12687878596,0.0057525715741742,541.762427694225,10,0.8,0.0891923406143781,0.15,NA,NA,NA,0.4,0.55
"mk","tl1.50_gl0.25_c100","model11",0.254631602217844,0.0225709093638011,10,1.5,0.25,100,50,NA,1,0.999276343489358,746.740372816823,0.00771091064852516,423.883378741496,10,0.8,0.0482387886624404,0.15,NA,NA,NA,0.8,0.15
"mk","tl1.50_gl0.25_c100","model12",0.264499773731004,0.0298620361322434,10,1.5,0.25,100,50,NA,1,0.999556845324287,677.344879450456,0.00570574769314275,507.586777211544,10,0,1.36207129153975,0.95,NA,NA,NA,0,0.95
"mk","tl1.50_gl0.25_c100","model2",0.266062673642785,0.0337983528189931,10,1.5,0.25,100,50,NA,1,0.999445073561422,941.568623512013,0.00588459635301727,508.383861055484,10,0.9,0.0353728872174215,0.0499999999999999,NA,NA,NA,0.9,0.0499999999999999
"mk","tl1.50_gl0.25_c100","model3",0.265176504210411,0.031763254492538,10,1.5,0.25,100,50,NA,1,0.999254513796138,754.289456182343,0.0071313296018828,485.54277034435,10,0.9,0.0272320098209738,0.0499999999999999,0,8.43259475863404,0.95,0.45,0.5
"mk","tl1.50_gl0.25_c100","model4",0.267053966485612,0.0317425739226789,10,1.5,0.25,100,50,NA,1,0.999264918917556,745.097447900475,0.00714086273137857,510.814859975565,10,0.8,0.0620037084140689,0.15,NA,NA,NA,0.8,0.15
"mk","tl1.50_gl0.25_c100","model5",0.268300708349336,0.0321193013907045,10,1.5,0.25,100,50,NA,1,0.999238612395391,749.033296542286,0.0070437072015687,465.725765202115,10,0.8,0.0727539561655803,0.15,NA,NA,NA,0.4,0.55
"mk","tl1.50_gl0.25_c100","model6",0.269265966407527,0.030830361185228,10,1.5,0.25,100,50,NA,1,0.999394014896814,726.550137163017,0.00618384830954164,514.181456669216,10,1,0.0698699161874426,0.05,NA,NA,NA,1,0.05
"mk","tl1.50_gl0.25_c100","model7",0.270312472171569,0.0340710234875811,10,1.5,0.25,100,50,NA,1,0.999636307393844,656.311481543426,0.00460534774057161,512.582966328188,10,0.7,0.284181172030448,0.25,NA,NA,NA,0.35,0.6
"mk","tl1.50_gl0.25_c100","model8",0.266864372566331,0.0324897712710304,10,1.5,0.25,100,50,NA,1,0.999453057992661,882.624965570689,0.00583384341172854,490.997519259221,10,1,0.0845925314093779,0.05,NA,NA,NA,0.5,0.45
"mk","tl1.50_gl0.25_c100","model9",0.266777823137516,0.0358403847819744,10,1.5,0.25,100,50,NA,1,0.99965582646111,760.899974585866,0.00468541808908454,554.895576594614,10,0.8,0.230913172961602,0.15,NA,NA,NA,0.4,0.55
"mk","tl1.50_gl0.25_c200","model1",0.156592683109121,0.0403971956545762,10,1.5,0.25,200,50,NA,1,0.999218039579272,711.173870543616,0.00800051296261997,490.251684250353,10,0.9,0.0120544910437404,0.0499999999999999,NA,NA,NA,0.9,0.0499999999999999
"mk","tl1.50_gl0.25_c200","model10",0.161819169580903,0.034828115899866,10,1.5,0.25,200,50,NA,1,0.999309775636155,688.134998561664,0.00785344719333597,532.016193355191,10,1,0.031129289800687,0.05,NA,NA,NA,0.5,0.45
"mk","tl1.50_gl0.25_c200","model11",0.133363837653288,0.0495045577656192,10,1.5,0.25,200,50,NA,1,0.999203758668186,707.493877485859,0.0091617409021407,526.829185664019,10,0.8,0.0215923120107264,0.15,NA,NA,NA,0.8,0.15
"mk","tl1.50_gl0.25_c200","model12",0.18247488449259,0,1,1.5,0.25,200,50,NA,0.1,0.999445688414247,805.345245183815,0.107596580892047,114.878308132136,10,0,1.36261125792528,0.95,NA,NA,NA,0,0.95
"mk","tl1.50_gl0.25_c200","model2",0.160558079126933,0.0398437265004623,10,1.5,0.25,200,50,NA,1,0.999430521477944,862.740312207918,0.00690891616500833,552.457353743985,10,1,0.0147289031187549,0.05,NA,NA,NA,1,0.05
"mk","tl1.50_gl0.25_c200","model3",0.159650598790547,0.0373768782491776,10,1.5,0.25,200,50,NA,1,0.999205323626548,704.921001562936,0.00877517213709597,519.910083442733,10,0.9,0.0127477692743771,0.0499999999999999,0,9.26764639541219,0.95,0.45,0.5
"mk","tl1.50_gl0.25_c200","model4",0.158383327542321,0.038673158899856,10,1.5,0.25,200,50,NA,1,0.999245186479277,767.618561204193,0.0081863456732752,547.72222415693,10,0.8,0.0315464889578875,0.15,NA,NA,NA,0.8,0.15
"mk","tl1.50_gl0.25_c200","model5",0.160472927069982,0.0374292593660761,10,1.5,0.25,200,50,NA,1,0.999260691240216,777.690414901746,0.00765515959031417,542.631835490261,10,0.8,0.0319175938662374,0.15,NA,NA,NA,0.4,0.55
"mk","tl1.50_gl0.25_c200","model6",0.161751341707529,0.0356661781098121,10,1.5,0.25,200,50,NA,1,0.999447895615441,783.626272616905,0.00662531678329788,565.273854162076,10,1,0.0271057717812662,0.05,NA,NA,NA,1,0.05
"mk","tl1.50_gl0.25_c200","model7",0.160824043942187,0.0284160362150883,9,1.5,0.25,200,50,NA,0.9,0.99977471466978,433.083745981538,0.00409144560644696,569.24074481219,10,0.9,0.169409510349002,0.0499999999999999,0,9.24720242807135,0.95,0.296296296296296,0.653703703703704
"mk","tl1.50_gl0.25_c200","model8",0.161850468690738,0.0372815920353432,10,1.5,0.25,200,50,NA,1,0.999383797151675,713.966132253325,0.00725169611568953,542.530492515122,10,1,0.0295736452271603,0.05,NA,NA,NA,0.5,0.45
"mk","tl1.50_gl0.25_c200","model9",0.162219217987456,0.0354011328576718,10,1.5,0.25,200,50,NA,1,0.999764638393429,666.001426717136,0.00429277261794367,570.657693929425,10,0.9,0.106254485117282,0.0499999999999999,NA,NA,NA,0.45,0.5
"mk","tl1.50_gl0.25_c25","model1",0.582589916602909,0.0976711401343303,10,1.5,0.25,25,50,NA,1,0.99949115025243,729.343480180516,0.00562048370399907,523.092107364755,10,1,0.0317141762526112,0.05,NA,NA,NA,1,0.05
"mk","tl1.50_gl0.25_c25","model10",0.586157228702323,0.097896600932735,10,1.5,0.25,25,50,NA,1,0.999525178340729,791.917571557566,0.00552504953260656,490.963151541344,10,1,0.102863755833264,0.05,NA,NA,NA,0.7,0.25
"mk","tl1.50_gl0.25_c25","model11",0.54858778044525,0.0996756271960434,10,1.5,0.25,25,50,NA,1,0.999358965344608,731.973406498002,0.00640380173823745,449.407007095931,10,0.8,0.114691617839447,0.15,NA,NA,NA,0.8,0.15
"mk","tl1.50_gl0.25_c25","model12",0.572135035877811,0.0970370900365315,10,1.5,0.25,25,50,NA,1,0.999581929230139,807.891742031642,0.00517763272334911,463.5705540294,10,0,1.05339783426424,0.95,NA,NA,NA,0,0.95
"mk","tl1.50_gl0.25_c25","model2",0.583706287172131,0.098103369116741,10,1.5,0.25,25,50,NA,1,0.999484317260385,740.071267534088,0.00577230829022629,507.776820948677,10,1,0.0429267214550845,0.05,NA,NA,NA,1,0.05
"mk","tl1.50_gl0.25_c25","model3",0.582138983057527,0.0985202517664697,10,1.5,0.25,25,50,NA,1,0.999489306665334,735.037177324261,0.00577485115803345,486.717135190519,10,1,0.0506518215810742,0.05,0.1,8.79333039915492,0.85,0.55,0.4
"mk","tl1.50_gl0.25_c25","model4",0.583635576014629,0.09844468365073,10,1.5,0.25,25,50,NA,1,0.999490796341606,744.963927947555,0.00575434564237099,502.523207714992,10,1,0.0455345195758589,0.05,NA,NA,NA,1,0.05
"mk","tl1.50_gl0.25_c25","model5",0.583031622688531,0.0994317207112944,10,1.5,0.25,25,50,NA,1,0.999484250603615,794.985440787552,0.00579034927008013,512.86623913957,10,1,0.0712990694921277,0.05,NA,NA,NA,0.5,0.45
"mk","tl1.50_gl0.25_c25","model6",0.584261478471921,0.0981649997642918,10,1.5,0.25,25,50,NA,1,0.999481844463119,759.078791118695,0.00577411691255372,491.445790169977,10,1,0.049334747910874,0.05,NA,NA,NA,1,0.05
"mk","tl1.50_gl0.25_c25","model7",0.589657973239372,0.100221652958434,10,1.5,0.25,25,50,NA,1,0.999497852756093,733.712142430977,0.00566834952975433,508.769751241546,10,1,0.234378892465752,0.05,NA,NA,NA,0.55,0.4
"mk","tl1.50_gl0.25_c25","model8",0.58742430515935,0.100474778801176,10,1.5,0.25,25,50,NA,1,0.999540646153755,776.192261035662,0.00536573539650334,483.973647801179,10,1,0.0778369141387584,0.05,NA,NA,NA,0.55,0.4
"mk","tl1.50_gl0.25_c25","model9",0.587210814756007,0.0978323503204758,10,1.5,0.25,25,50,NA,1,0.999504996525664,740.723486220054,0.00557589189801016,468.728736698959,10,1,0.238516360426363,0.05,NA,NA,NA,0.55,0.4
"mk","tl1.50_gl0.25_c50","model1",0.414807384425406,0.050275638780189,10,1.5,0.25,50,50,NA,1,0.999342213582542,737.680621975054,0.0062119356939541,459.94513225209,10,1,0.0625654153564077,0.05,NA,NA,NA,1,0.05
"mk","tl1.50_gl0.25_c50","model10",0.416359937996226,0.0428713088871723,10,1.5,0.25,50,50,NA,1,0.999460208625123,853.158606469422,0.00550813502737351,455.187472167941,10,1,0.185954643690773,0.05,NA,NA,NA,0.55,0.4
"mk","tl1.50_gl0.25_c50","model11",0.395449171340496,0.0557989751825598,10,1.5,0.25,50,50,NA,1,0.999294788516702,749.258124587458,0.00621906385302251,466.479572594222,10,0.6,0.116864092637148,0.35,NA,NA,NA,0.6,0.35
"mk","tl1.50_gl0.25_c50","model12",0.411278485266667,0.0515356566977828,10,1.5,0.25,50,50,NA,1,0.999668466744762,710.263474034485,0.0043407552849613,495.305805760688,10,0,1.31686711318678,0.95,NA,NA,NA,0,0.95
"mk","tl1.50_gl0.25_c50","model2",0.416862101143853,0.0477148850413079,10,1.5,0.25,50,50,NA,1,0.999430018479047,830.592151119632,0.00573685308419077,478.171409894476,10,1,0.0817556233810263,0.05,NA,NA,NA,1,0.05
"mk","tl1.50_gl0.25_c50","model3",0.41585224529944,0.0493028896445756,10,1.5,0.25,50,50,NA,1,0.999361866422668,762.451696752937,0.00599629394376934,494.04965419661,10,1,0.0751386444382592,0.05,0,8.67034287050395,0.95,0.5,0.45
"mk","tl1.50_gl0.25_c50","model4",0.416295378660727,0.0385368659132942,10,1.5,0.25,50,50,NA,1,0.99936666050202,756.430040993606,0.0060293176781087,444.491717746117,10,0.9,0.117703266489314,0.0499999999999999,NA,NA,NA,0.9,0.0499999999999999
"mk","tl1.50_gl0.25_c50","model5",0.417144070300229,0.0405142478558882,10,1.5,0.25,50,50,NA,1,0.999358141235834,727.504978312028,0.00605307006670314,473.993585908954,10,0.9,0.140304535668983,0.0499999999999999,NA,NA,NA,0.5,0.45
"mk","tl1.50_gl0.25_c50","model6",0.415187121405181,0.0417035320864115,10,1.5,0.25,50,50,NA,1,0.999388723318179,759.428086680534,0.00593754126180751,483.39944312745,10,1,0.137751853030174,0.05,NA,NA,NA,1,0.05
"mk","tl1.50_gl0.25_c50","model7",0.419869401565706,0.0410244284077438,10,1.5,0.25,50,50,NA,1,0.999436732415817,793.264844011669,0.0056614720179608,489.745853611024,10,0.7,0.355466377312376,0.25,NA,NA,NA,0.4,0.55
"mk","tl1.50_gl0.25_c50","model8",0.418426297966318,0.0430567886698986,10,1.5,0.25,50,50,NA,1,0.999503402534293,845.151301291252,0.00535157771975149,510.086099170319,10,1,0.150446406074957,0.05,NA,NA,NA,0.55,0.4
"mk","tl1.50_gl0.25_c50","model9",0.417340211456904,0.0421533571154455,10,1.5,0.25,50,50,NA,1,0.999477915180886,774.71215667083,0.00543324653116915,431.061923228198,10,0.8,0.304143226889272,0.15,NA,NA,NA,0.45,0.5
"mk","tl1.50_gl0.50_c100","model1",0.267077784922002,0.0301997727966435,10,1.5,0.5,100,50,NA,1,0.99924162644113,742.112783259036,0.00714476038393677,458.347265883363,10,0.9,0.0225430669251113,0.0499999999999999,NA,NA,NA,0.9,0.0499999999999999
"mk","tl1.50_gl0.50_c100","model10",0.27053389690614,0.0345128604506258,10,1.5,0.5,100,50,NA,1,0.999471193347154,867.12687878596,0.0057525715741742,541.762427694225,10,0.8,0.0891923406143781,0.15,NA,NA,NA,0.7,0.25
"mk","tl1.50_gl0.50_c100","model11",0.254631602217844,0.0225709093638011,10,1.5,0.5,100,50,NA,1,0.999276343489358,746.740372816823,0.00771091064852516,423.883378741496,10,0.8,0.0482387886624404,0.15,NA,NA,NA,0.8,0.15
"mk","tl1.50_gl0.50_c100","model12",0.264516173544617,0.029813415403125,10,1.5,0.5,100,50,NA,1,0.999558869279555,679.208588711419,0.00568396408655792,493.80216341943,10,0,1.36204373301942,0.95,NA,NA,NA,0,0.95
"mk","tl1.50_gl0.50_c100","model2",0.266062673642785,0.0337983528189931,10,1.5,0.5,100,50,NA,1,0.999445073561422,941.568623512013,0.00588459635301727,508.383861055484,10,0.9,0.0353728872174215,0.0499999999999999,NA,NA,NA,0.9,0.0499999999999999
"mk","tl1.50_gl0.50_c100","model3",0.265176504210411,0.031763254492538,10,1.5,0.5,100,50,NA,1,0.999254513796138,754.289456182343,0.0071313296018828,485.54277034435,10,0.9,0.0272320098209738,0.0499999999999999,0,0.83369061429272,0.95,0.45,0.5
"mk","tl1.50_gl0.50_c100","model4",0.267053966485612,0.0317425739226789,10,1.5,0.5,100,50,NA,1,0.999264918917556,745.097447900475,0.00714086273137857,510.814859975565,10,0.8,0.0620037084140689,0.15,NA,NA,NA,0.8,0.15
"mk","tl1.50_gl0.50_c100","model5",0.268300708349336,0.0321193013907045,10,1.5,0.5,100,50,NA,1,0.999238612395391,749.033296542286,0.0070437072015687,465.725765202115,10,0.8,0.0727539561655803,0.15,NA,NA,NA,0.65,0.3
"mk","tl1.50_gl0.50_c100","model6",0.269265966407527,0.030830361185228,10,1.5,0.5,100,50,NA,1,0.999394014896814,726.550137163017,0.00618384830954164,514.181456669216,10,1,0.0698699161874426,0.05,NA,NA,NA,1,0.05
"mk","tl1.50_gl0.50_c100","model7",0.270312472171569,0.0340879136541981,10,1.5,0.5,100,50,NA,1,0.999636484119012,657.218838379122,0.0046016407691395,535.062593194975,10,0.7,0.284069866298845,0.25,NA,NA,NA,0.6,0.35
"mk","tl1.50_gl0.50_c100","model8",0.266864372566331,0.0324897712710304,10,1.5,0.5,100,50,NA,1,0.999453057992661,882.624965570689,0.00583384341172854,490.997519259221,10,1,0.0845925314093779,0.05,NA,NA,NA,0.75,0.2
"mk","tl1.50_gl0.50_c100","model9",0.266777823137516,0.0358403847819744,10,1.5,0.5,100,50,NA,1,0.99965582646111,760.899974585866,0.00468541808908454,554.895576594614,10,0.8,0.230913172961602,0.15,NA,NA,NA,0.65,0.3
"mk","tl1.50_gl0.50_c200","model1",0.156592683109121,0.0403971956545762,10,1.5,0.5,200,50,NA,1,0.999218039579272,711.173870543616,0.00800051296261997,490.251684250353,10,0.9,0.0120544910437404,0.0499999999999999,NA,NA,NA,0.9,0.0499999999999999
"mk","tl1.50_gl0.50_c200","model10",0.161819169580903,0.034828115899866,10,1.5,0.5,200,50,NA,1,0.999309775636155,688.134998561664,0.00785344719333597,532.016193355191,10,1,0.031129289800687,0.05,NA,NA,NA,0.5,0.45
"mk","tl1.50_gl0.50_c200","model11",0.133363837653288,0.0495045577656192,10,1.5,0.5,200,50,NA,1,0.999203758668186,707.493877485859,0.0091617409021407,526.829185664019,10,0.8,0.0215923120107264,0.15,NA,NA,NA,0.8,0.15
"mk","tl1.50_gl0.50_c200","model12",0.152681014427288,0.0437488814090189,3,1.5,0.5,200,50,NA,0.3,0.999332269349304,796.351083191353,0.0758655515360228,261.613906290996,10,0,1.3626450702213,0.95,NA,NA,NA,0,0.95
"mk","tl1.50_gl0.50_c200","model2",0.160558079126933,0.0398437265004623,10,1.5,0.5,200,50,NA,1,0.999430521477944,862.740312207918,0.00690891616500833,552.457353743985,10,1,0.0147289031187549,0.05,NA,NA,NA,1,0.05
"mk","tl1.50_gl0.50_c200","model3",0.159650598790547,0.0373768782491776,10,1.5,0.5,200,50,NA,1,0.999205323626548,704.921001562936,0.00877517213709597,519.910083442733,10,0.9,0.0127477692743771,0.0499999999999999,0,1.09344560662165,0.95,0.45,0.5
"mk","tl1.50_gl0.50_c200","model4",0.158383327542321,0.038673158899856,10,1.5,0.5,200,50,NA,1,0.999245186479277,767.618561204193,0.0081863456732752,547.72222415693,10,0.8,0.0315464889578875,0.15,NA,NA,NA,0.8,0.15
"mk","tl1.50_gl0.50_c200","model5",0.160472927069982,0.0374292593660761,10,1.5,0.5,200,50,NA,1,0.999260691240216,777.690414901746,0.00765515959031417,542.631835490261,10,0.8,0.0319175938662374,0.15,NA,NA,NA,0.4,0.55
"mk","tl1.50_gl0.50_c200","model6",0.161751341707529,0.0356661781098121,10,1.5,0.5,200,50,NA,1,0.999447895615441,783.626272616905,0.00662531678329788,565.273854162076,10,1,0.0271057717812662,0.05,NA,NA,NA,1,0.05
"mk","tl1.50_gl0.50_c200","model7",0.161041577097677,0.0287856533707442,9,1.5,0.5,200,50,NA,0.9,0.999776580880719,436.498308128674,0.00404163186353994,587.206123365869,10,0.9,0.169777338089855,0.0499999999999999,0,1.08639626636152,0.95,0.296296296296296,0.653703703703704
"mk","tl1.50_gl0.50_c200","model8",0.161850468690738,0.0372815920353432,10,1.5,0.5,200,50,NA,1,0.999383797151675,713.966132253325,0.00725169611568953,542.530492515122,10,1,0.0295736452271603,0.05,NA,NA,NA,0.5,0.45
"mk","tl1.50_gl0.50_c200","model9",0.162147582172146,0.0354102542091812,10,1.5,0.5,200,50,NA,1,0.999765725393576,669.875370479096,0.00428021537522939,541.120723168446,10,0.9,0.106242546608374,0.0499999999999999,NA,NA,NA,0.45,0.5
"mk","tl1.50_gl0.50_c25","model1",0.582589916602909,0.0976711401343303,10,1.5,0.5,25,50,NA,1,0.99949115025243,729.343480180516,0.00562048370399907,523.092107364755,10,1,0.0317141762526112,0.05,NA,NA,NA,1,0.05
"mk","tl1.50_gl0.50_c25","model10",0.586157228702323,0.097896600932735,10,1.5,0.5,25,50,NA,1,0.999525178340729,791.917571557566,0.00552504953260656,490.963151541344,10,1,0.102863755833264,0.05,NA,NA,NA,0.8,0.15
"mk","tl1.50_gl0.50_c25","model11",0.54858778044525,0.0996756271960434,10,1.5,0.5,25,50,NA,1,0.999358965344608,731.973406498002,0.00640380173823745,449.407007095931,10,0.8,0.114691617839447,0.15,NA,NA,NA,0.8,0.15
"mk","tl1.50_gl0.50_c25","model12",0.572367322595421,0.0971832353395096,10,1.5,0.5,25,50,NA,1,0.999581929230139,807.891742031642,0.00517763272334911,463.5705540294,10,0,1.05333423555764,0.95,NA,NA,NA,0,0.95
"mk","tl1.50_gl0.50_c25","model2",0.583706287172131,0.098103369116741,10,1.5,0.5,25,50,NA,1,0.999484317260385,740.071267534088,0.00577230829022629,507.776820948677,10,1,0.0429267214550845,0.05,NA,NA,NA,1,0.05
"mk","tl1.50_gl0.50_c25","model3",0.582138983057527,0.0985202517664697,10,1.5,0.5,25,50,NA,1,0.999489306665334,735.037177324261,0.00577485115803345,486.717135190519,10,1,0.0506518215810742,0.05,0.4,1.11760098151556,0.55,0.7,0.25
"mk","tl1.50_gl0.50_c25","model4",0.583635576014629,0.09844468365073,10,1.5,0.5,25,50,NA,1,0.999490796341606,744.963927947555,0.00575434564237099,502.523207714992,10,1,0.0455345195758589,0.05,NA,NA,NA,1,0.05
"mk","tl1.50_gl0.50_c25","model5",0.583031622688531,0.0994317207112944,10,1.5,0.5,25,50,NA,1,0.999484250603615,794.985440787552,0.00579034927008013,512.86623913957,10,1,0.0712990694921277,0.05,NA,NA,NA,0.8,0.15
"mk","tl1.50_gl0.50_c25","model6",0.584261478471921,0.0981649997642918,10,1.5,0.5,25,50,NA,1,0.999481844463119,759.078791118695,0.00577411691255372,491.445790169977,10,1,0.049334747910874,0.05,NA,NA,NA,1,0.05
"mk","tl1.50_gl0.50_c25","model7",0.589657973239372,0.100221652958434,10,1.5,0.5,25,50,NA,1,0.999497852756093,733.712142430977,0.00566834952975433,508.769751241546,10,1,0.234378892465752,0.05,NA,NA,NA,0.8,0.15
"mk","tl1.50_gl0.50_c25","model8",0.58742430515935,0.100474778801176,10,1.5,0.5,25,50,NA,1,0.999540646153755,776.192261035662,0.00536573539650334,483.973647801179,10,1,0.0778369141387584,0.05,NA,NA,NA,0.8,0.15
"mk","tl1.50_gl0.50_c25","model9",0.587210814756007,0.0978323503204758,10,1.5,0.5,25,50,NA,1,0.999504996525664,740.723486220054,0.00557589189801016,468.728736698959,10,1,0.238516360426363,0.05,NA,NA,NA,0.8,0.15
"mk","tl1.50_gl0.50_c50","model1",0.414807384425406,0.050275638780189,10,1.5,0.5,50,50,NA,1,0.999342213582542,737.680621975054,0.0062119356939541,459.94513225209,10,1,0.0625654153564077,0.05,NA,NA,NA,1,0.05
"mk","tl1.50_gl0.50_c50","model10",0.416359937996226,0.0428713088871723,10,1.5,0.5,50,50,NA,1,0.999460208625123,853.158606469422,0.00550813502737351,455.187472167941,10,1,0.185954643690773,0.05,NA,NA,NA,0.85,0.1
"mk","tl1.50_gl0.50_c50","model11",0.395449171340496,0.0557989751825598,10,1.5,0.5,50,50,NA,1,0.999294788516702,749.258124587458,0.00621906385302251,466.479572594222,10,0.6,0.116864092637148,0.35,NA,NA,NA,0.6,0.35
"mk","tl1.50_gl0.50_c50","model12",0.411401546561361,0.051518074457272,10,1.5,0.5,50,50,NA,1,0.999668172818502,708.16614136826,0.00434456460929201,488.630800334358,10,0,1.31686250263008,0.95,NA,NA,NA,0,0.95
"mk","tl1.50_gl0.50_c50","model2",0.416862101143853,0.0477148850413079,10,1.5,0.5,50,50,NA,1,0.999430018479047,830.592151119632,0.00573685308419077,478.171409894476,10,1,0.0817556233810263,0.05,NA,NA,NA,1,0.05
"mk","tl1.50_gl0.50_c50","model3",0.41585224529944,0.0493028896445756,10,1.5,0.5,50,50,NA,1,0.999361866422668,762.451696752937,0.00599629394376934,494.04965419661,10,1,0.0751386444382592,0.05,0.3,0.905272313098019,0.65,0.65,0.3
"mk","tl1.50_gl0.50_c50","model4",0.416295378660727,0.0385368659132942,10,1.5,0.5,50,50,NA,1,0.99936666050202,756.430040993606,0.0060293176781087,444.491717746117,10,0.9,0.117703266489314,0.0499999999999999,NA,NA,NA,0.9,0.0499999999999999
"mk","tl1.50_gl0.50_c50","model5",0.417144070300229,0.0405142478558882,10,1.5,0.5,50,50,NA,1,0.999358141235834,727.504978312028,0.00605307006670314,473.993585908954,10,0.9,0.140304535668983,0.0499999999999999,NA,NA,NA,0.7,0.25
"mk","tl1.50_gl0.50_c50","model6",0.415187121405181,0.0417035320864115,10,1.5,0.5,50,50,NA,1,0.999388723318179,759.428086680534,0.00593754126180751,483.39944312745,10,1,0.137751853030174,0.05,NA,NA,NA,1,0.05
"mk","tl1.50_gl0.50_c50","model7",0.419869401565706,0.0410244284077438,10,1.5,0.5,50,50,NA,1,0.999436732415817,793.264844011669,0.0056614720179608,489.745853611024,10,0.7,0.355466377312376,0.25,NA,NA,NA,0.7,0.25
"mk","tl1.50_gl0.50_c50","model8",0.418426297966318,0.0430567886698986,10,1.5,0.5,50,50,NA,1,0.999503402534293,845.151301291252,0.00535157771975149,510.086099170319,10,1,0.150446406074957,0.05,NA,NA,NA,0.85,0.1
"mk","tl1.50_gl0.50_c50","model9",0.417340211456904,0.0421533571154455,10,1.5,0.5,50,50,NA,1,0.999477915180886,774.71215667083,0.00543324653116915,431.061923228198,10,0.8,0.304143226889272,0.15,NA,NA,NA,0.75,0.2
"mk","tl1.50_gl1.00_c100","model1",0.267077784922002,0.0301997727966435,10,1.5,1,100,50,NA,1,0.99924162644113,742.112783259036,0.00714476038393677,458.347265883363,10,0.9,0.0225430669251113,0.0499999999999999,NA,NA,NA,0.9,0.0499999999999999
"mk","tl1.50_gl1.00_c100","model10",0.27053389690614,0.0345128604506258,10,1.5,1,100,50,NA,1,0.999471193347154,867.12687878596,0.0057525715741742,541.762427694225,10,0.8,0.0891923406143781,0.15,NA,NA,NA,0.85,0.0999999999999999
"mk","tl1.50_gl1.00_c100","model11",0.254631602217844,0.0225709093638011,10,1.5,1,100,50,NA,1,0.999276343489358,746.740372816823,0.00771091064852516,423.883378741496,10,0.8,0.0482387886624404,0.15,NA,NA,NA,0.8,0.15
"mk","tl1.50_gl1.00_c100","model12",0.264492505041541,0.0298645053641471,10,1.5,1,100,50,NA,1,0.999557768085861,678.539198594278,0.0056938244952961,501.610397512747,10,0,1.36215172791512,0.95,NA,NA,NA,0,0.95
"mk","tl1.50_gl1.00_c100","model2",0.266062673642785,0.0337983528189931,10,1.5,1,100,50,NA,1,0.999445073561422,941.568623512013,0.00588459635301727,508.383861055484,10,0.9,0.0353728872174215,0.0499999999999999,NA,NA,NA,0.9,0.0499999999999999
"mk","tl1.50_gl1.00_c100","model3",0.265176504210411,0.031763254492538,10,1.5,1,100,50,NA,1,0.999254513796138,754.289456182343,0.0071313296018828,485.54277034435,10,0.9,0.0272320098209738,0.0499999999999999,1,0.0342385421220615,0.05,0.95,0
"mk","tl1.50_gl1.00_c100","model4",0.267053966485612,0.0317425739226789,10,1.5,1,100,50,NA,1,0.999264918917556,745.097447900475,0.00714086273137857,510.814859975565,10,0.8,0.0620037084140689,0.15,NA,NA,NA,0.8,0.15
"mk","tl1.50_gl1.00_c100","model5",0.268300708349336,0.0321193013907045,10,1.5,1,100,50,NA,1,0.999238612395391,749.033296542286,0.0070437072015687,465.725765202115,10,0.8,0.0727539561655803,0.15,NA,NA,NA,0.9,0.0499999999999999
"mk","tl1.50_gl1.00_c100","model6",0.269265966407527,0.030830361185228,10,1.5,1,100,50,NA,1,0.999394014896814,726.550137163017,0.00618384830954164,514.181456669216,10,1,0.0698699161874426,0.05,NA,NA,NA,1,0.05
"mk","tl1.50_gl1.00_c100","model7",0.270312472171569,0.0341268566330687,10,1.5,1,100,50,NA,1,0.999636108972919,655.313824679125,0.00460698025769631,515.047790042188,10,0.7,0.284016861693561,0.25,NA,NA,NA,0.85,0.1
"mk","tl1.50_gl1.00_c100","model8",0.266864372566331,0.0324897712710304,10,1.5,1,100,50,NA,1,0.999453057992661,882.624965570689,0.00583384341172854,490.997519259221,10,1,0.0845925314093779,0.05,NA,NA,NA,1,0.05
"mk","tl1.50_gl1.00_c100","model9",0.266777823137516,0.0358403847819744,10,1.5,1,100,50,NA,1,0.99965582646111,760.899974585866,0.00468541808908454,554.895576594614,10,0.8,0.230913172961602,0.15,NA,NA,NA,0.9,0.0499999999999999
"mk","tl1.50_gl1.00_c200","model1",0.156592683109121,0.0403971956545762,10,1.5,1,200,50,NA,1,0.999218039579272,711.173870543616,0.00800051296261997,490.251684250353,10,0.9,0.0120544910437404,0.0499999999999999,NA,NA,NA,0.9,0.0499999999999999
"mk","tl1.50_gl1.00_c200","model10",0.161819169580903,0.034828115899866,10,1.5,1,200,50,NA,1,0.999309775636155,688.134998561664,0.00785344719333597,532.016193355191,10,1,0.031129289800687,0.05,NA,NA,NA,1,0.05
"mk","tl1.50_gl1.00_c200","model11",0.133363837653288,0.0495045577656192,10,1.5,1,200,50,NA,1,0.999203758668186,707.493877485859,0.0091617409021407,526.829185664019,10,0.8,0.0215923120107264,0.15,NA,NA,NA,0.8,0.15
"mk","tl1.50_gl1.00_c200","model12",0.155667161819821,0.0570569462471459,8,1.5,1,200,50,NA,0.8,0.999346357946907,792.328046810262,0.00808237371314783,495.147402159578,10,0,1.36266343979605,0.95,NA,NA,NA,0,0.95
"mk","tl1.50_gl1.00_c200","model2",0.160558079126933,0.0398437265004623,10,1.5,1,200,50,NA,1,0.999430521477944,862.740312207918,0.00690891616500833,552.457353743985,10,1,0.0147289031187549,0.05,NA,NA,NA,1,0.05
"mk","tl1.50_gl1.00_c200","model3",0.159650598790547,0.0373768782491776,10,1.5,1,200,50,NA,1,0.999205323626548,704.921001562936,0.00877517213709597,519.910083442733,10,0.9,0.0127477692743771,0.0499999999999999,1,0.00634521222637362,0.05,0.95,0
"mk","tl1.50_gl1.00_c200","model4",0.158383327542321,0.038673158899856,10,1.5,1,200,50,NA,1,0.999245186479277,767.618561204193,0.0081863456732752,547.72222415693,10,0.8,0.0315464889578875,0.15,NA,NA,NA,0.8,0.15
"mk","tl1.50_gl1.00_c200","model5",0.160472927069982,0.0374292593660761,10,1.5,1,200,50,NA,1,0.999260691240216,777.690414901746,0.00765515959031417,542.631835490261,10,0.8,0.0319175938662374,0.15,NA,NA,NA,0.9,0.0499999999999999
"mk","tl1.50_gl1.00_c200","model6",0.161751341707529,0.0356661781098121,10,1.5,1,200,50,NA,1,0.999447895615441,783.626272616905,0.00662531678329788,565.273854162076,10,1,0.0271057717812662,0.05,NA,NA,NA,1,0.05
"mk","tl1.50_gl1.00_c200","model7",0.160824043942187,0.028494679234348,9,1.5,1,200,50,NA,0.9,0.999774791313896,432.661971481605,0.00407869176183593,588.709544218886,10,0.9,0.169404049783136,0.0499999999999999,1,0.00612006956541558,0.05,0.962962962962963,0.012962962962963
"mk","tl1.50_gl1.00_c200","model8",0.161850468690738,0.0372815920353432,10,1.5,1,200,50,NA,1,0.999383797151675,713.966132253325,0.00725169611568953,542.530492515122,10,1,0.0295736452271603,0.05,NA,NA,NA,1,0.05
"mk","tl1.50_gl1.00_c200","model9",0.162218791030863,0.0355356221979046,10,1.5,1,200,50,NA,1,0.99976446444383,665.494556948072,0.00427832374841334,571.079175810809,10,0.9,0.106460874587071,0.0499999999999999,NA,NA,NA,0.95,0
"mk","tl1.50_gl1.00_c25","model1",0.582589916602909,0.0976711401343303,10,1.5,1,25,50,NA,1,0.99949115025243,729.343480180516,0.00562048370399907,523.092107364755,10,1,0.0317141762526112,0.05,NA,NA,NA,1,0.05
"mk","tl1.50_gl1.00_c25","model10",0.586157228702323,0.097896600932735,10,1.5,1,25,50,NA,1,0.999525178340729,791.917571557566,0.00552504953260656,490.963151541344,10,1,0.102863755833264,0.05,NA,NA,NA,1,0.05
"mk","tl1.50_gl1.00_c25","model11",0.54858778044525,0.0996756271960434,10,1.5,1,25,50,NA,1,0.999358965344608,731.973406498002,0.00640380173823745,449.407007095931,10,0.8,0.114691617839447,0.15,NA,NA,NA,0.8,0.15
"mk","tl1.50_gl1.00_c25","model12",0.572335911492855,0.097213056492846,10,1.5,1,25,50,NA,1,0.999581929230139,807.891742031642,0.00517763272334911,463.5705540294,10,0,1.05383926261304,0.95,NA,NA,NA,0,0.95
"mk","tl1.50_gl1.00_c25","model2",0.583706287172131,0.098103369116741,10,1.5,1,25,50,NA,1,0.999484317260385,740.071267534088,0.00577230829022629,507.776820948677,10,1,0.0429267214550845,0.05,NA,NA,NA,1,0.05
"mk","tl1.50_gl1.00_c25","model3",0.582138983057527,0.0985202517664697,10,1.5,1,25,50,NA,1,0.999489306665334,735.037177324261,0.00577485115803345,486.717135190519,10,1,0.0506518215810742,0.05,1,0.279736272695886,0.05,1,0.05
"mk","tl1.50_gl1.00_c25","model4",0.583635576014629,0.09844468365073,10,1.5,1,25,50,NA,1,0.999490796341606,744.963927947555,0.00575434564237099,502.523207714992,10,1,0.0455345195758589,0.05,NA,NA,NA,1,0.05
"mk","tl1.50_gl1.00_c25","model5",0.584968895860669,0.0886478874969137,10,1.5,1,25,50,NA,1,0.999547303809858,834.48523209281,0.00683909893785631,499.033278086143,10,1,0.0739723835225292,0.05,0.888888888888889,0.678420941967947,0.0611111111111111,0.92962962962963,0.0203703703703704
"mk","tl1.50_gl1.00_c25","model6",0.584261478471921,0.0981649997642918,10,1.5,1,25,50,NA,1,0.999481844463119,759.078791118695,0.00577411691255372,491.445790169977,10,1,0.049334747910874,0.05,NA,NA,NA,1,0.05
"mk","tl1.50_gl1.00_c25","model7",0.589657973239372,0.100221652958434,10,1.5,1,25,50,NA,1,0.999497852756093,733.712142430977,0.00566834952975433,508.769751241546,10,1,0.234378892465752,0.05,NA,NA,NA,1,0.05
"mk","tl1.50_gl1.00_c25","model8",0.58742430515935,0.100474778801176,10,1.5,1,25,50,NA,1,0.999540646153755,776.192261035662,0.00536573539650334,483.973647801179,10,1,0.0778369141387584,0.05,NA,NA,NA,1,0.05
"mk","tl1.50_gl1.00_c25","model9",0.587210814756007,0.0978323503204758,10,1.5,1,25,50,NA,1,0.999504996525664,740.723486220054,0.00557589189801016,468.728736698959,10,1,0.238516360426363,0.05,NA,NA,NA,1,0.05
"mk","tl1.50_gl1.00_c50","model1",0.414807384425406,0.050275638780189,10,1.5,1,50,50,NA,1,0.999342213582542,737.680621975054,0.0062119356939541,459.94513225209,10,1,0.0625654153564077,0.05,NA,NA,NA,1,0.05
"mk","tl1.50_gl1.00_c50","model10",0.416359937996226,0.0428713088871723,10,1.5,1,50,50,NA,1,0.999460208625123,853.158606469422,0.00550813502737351,455.187472167941,10,1,0.185954643690773,0.05,NA,NA,NA,1,0.05
"mk","tl1.50_gl1.00_c50","model11",0.395449171340496,0.0557989751825598,10,1.5,1,50,50,NA,1,0.999294788516702,749.258124587458,0.00621906385302251,466.479572594222,10,0.6,0.116864092637148,0.35,NA,NA,NA,0.6,0.35
"mk","tl1.50_gl1.00_c50","model12",0.411324740660241,0.0518976024236363,10,1.5,1,50,50,NA,1,0.999667968385221,708.336733265226,0.00435007239595206,494.889894637603,10,0,1.3167488056707,0.95,NA,NA,NA,0,0.95
"mk","tl1.50_gl1.00_c50","model2",0.416862101143853,0.0477148850413079,10,1.5,1,50,50,NA,1,0.999430018479047,830.592151119632,0.00573685308419077,478.171409894476,10,1,0.0817556233810263,0.05,NA,NA,NA,1,0.05
"mk","tl1.50_gl1.00_c50","model3",0.41585224529944,0.0493028896445756,10,1.5,1,50,50,NA,1,0.999361866422668,762.451696752937,0.00599629394376934,494.04965419661,10,1,0.0751386444382592,0.05,1,0.0227370343950516,0.05,1,0.05
"mk","tl1.50_gl1.00_c50","model4",0.416295378660727,0.0385368659132942,10,1.5,1,50,50,NA,1,0.99936666050202,756.430040993606,0.0060293176781087,444.491717746117,10,0.9,0.117703266489314,0.0499999999999999,NA,NA,NA,0.9,0.0499999999999999
"mk","tl1.50_gl1.00_c50","model5",0.417144070300229,0.0405142478558882,10,1.5,1,50,50,NA,1,0.999358141235834,727.504978312028,0.00605307006670314,473.993585908954,10,0.9,0.140304535668983,0.0499999999999999,NA,NA,NA,0.95,0
"mk","tl1.50_gl1.00_c50","model6",0.415187121405181,0.0417035320864115,10,1.5,1,50,50,NA,1,0.999388723318179,759.428086680534,0.00593754126180751,483.39944312745,10,1,0.137751853030174,0.05,NA,NA,NA,1,0.05
"mk","tl1.50_gl1.00_c50","model7",0.419869401565706,0.0410244284077438,10,1.5,1,50,50,NA,1,0.999436732415817,793.264844011669,0.0056614720179608,489.745853611024,10,0.7,0.355466377312376,0.25,NA,NA,NA,0.85,0.1
"mk","tl1.50_gl1.00_c50","model8",0.418426297966318,0.0430567886698986,10,1.5,1,50,50,NA,1,0.999503402534293,845.151301291252,0.00535157771975149,510.086099170319,10,1,0.150446406074957,0.05,NA,NA,NA,1,0.05
"mk","tl1.50_gl1.00_c50","model9",0.417340211456904,0.0421533571154455,10,1.5,1,50,50,NA,1,0.999477915180886,774.71215667083,0.00543324653116915,431.061923228198,10,0.8,0.304143226889272,0.15,NA,NA,NA,0.9,0.0499999999999999
"mk","tl2.50_gl0.10_c100","model1",0.256412992307183,0.0497490325779945,10,2.5,0.1,100,50,NA,1,0.999235501217534,713.801547431724,0.00718238532381413,453.866381539233,10,0.8,0.0668609044468466,0.15,NA,NA,NA,0.8,0.15
"mk","tl2.50_gl0.10_c100","model10",0.253812074929852,0.0484383023527063,10,2.5,0.1,100,50,NA,1,0.999330690788856,776.72156133379,0.00673503516788364,482.334094710087,10,0.8,0.153656185949866,0.15,NA,NA,NA,0.4,0.55
"mk","tl2.50_gl0.10_c100","model11",0.221151784550643,0.0474293332283851,10,2.5,0.1,100,50,NA,1,0.999320523823498,732.669305505242,0.00811969628994802,410.183092773691,10,0.4,0.145086902627914,0.55,NA,NA,NA,0.4,0.55
"mk","tl2.50_gl0.10_c100","model12",0.252039839186737,0.0465800053259802,10,2.5,0.1,100,50,NA,1,0.999390282319017,720.773616650932,0.00745403715007679,463.082111190878,10,0,3.79794110360675,0.95,NA,NA,NA,0,0.95
"mk","tl2.50_gl0.10_c100","model2",0.254469295683846,0.0443783235138866,10,2.5,0.1,100,50,NA,1,0.999215623903958,729.810638762805,0.00741840003641013,480.638491075731,10,1,0.0870598736118748,0.05,NA,NA,NA,1,0.05
"mk","tl2.50_gl0.10_c100","model3",0.256393213762276,0.0493176315336555,10,2.5,0.1,100,50,NA,1,0.999265192294937,746.052189320284,0.0070266989821234,460.429503413629,10,0.9,0.0694774011616083,0.0499999999999999,0,81.3666555066595,0.95,0.45,0.5
"mk","tl2.50_gl0.10_c100","model4",0.254875213358453,0.0461874387860455,10,2.5,0.1,100,50,NA,1,0.999221222173178,751.968757957866,0.00742189702576553,502.876772988208,10,0.8,0.108451414348475,0.15,NA,NA,NA,0.8,0.15
"mk","tl2.50_gl0.10_c100","model5",0.254973641458236,0.0473722019707739,10,2.5,0.1,100,50,NA,1,0.999300564358383,817.494861947124,0.00701570064345211,478.35968199414,10,0.8,0.122899154091145,0.15,NA,NA,NA,0.4,0.55
"mk","tl2.50_gl0.10_c100","model6",0.256195980392578,0.0468045907436543,10,2.5,0.1,100,50,NA,1,0.999289292280704,762.958476965124,0.00683353820208485,504.465202619082,10,0.9,0.137228578265807,0.0499999999999999,NA,NA,NA,0.9,0.0499999999999999
"mk","tl2.50_gl0.10_c100","model7",0.265967989116494,0.0355631025629494,8,2.5,0.1,100,50,NA,0.8,0.999757222190216,447.628257615304,0.00366040869999284,612.027698194361,10,0.7,0.7682947751133,0.25,0,82.3681752124737,0.95,0.208333333333333,0.741666666666667
"mk","tl2.50_gl0.10_c100","model8",0.257342343280001,0.0443899191378077,10,2.5,0.1,100,50,NA,1,0.999282633465083,802.639183208226,0.00685447011700315,479.187970726648,10,0.8,0.148248009874793,0.15,NA,NA,NA,0.4,0.55
"mk","tl2.50_gl0.10_c100","model9",0.256379030757744,0.0482662927180021,10,2.5,0.1,100,50,NA,1,0.999770660907096,700.374360789353,0.00369373528030914,550.026863561629,10,0.8,0.658939267212761,0.15,NA,NA,NA,0.4,0.55
"mk","tl2.50_gl0.10_c200","model1",0.159806319756648,0.0593488060813032,10,2.5,0.1,200,50,NA,1,0.999171893731508,751.476626073539,0.00863079407878939,493.197865498207,10,1,0.00898104178848107,0.05,NA,NA,NA,1,0.05
"mk","tl2.50_gl0.10_c200","model10",0.159542809498013,0.0583481392763565,10,2.5,0.1,200,50,NA,1,0.99923238235161,757.177609367904,0.00819309070652068,498.251602290439,10,1,0.0179207497139541,0.05,NA,NA,NA,0.5,0.45
"mk","tl2.50_gl0.10_c200","model11",0.127960535347986,0.0643438475127502,10,2.5,0.1,200,50,NA,1,0.999143941363522,715.450509403381,0.0103789919442513,417.796551064483,10,0.6,0.0599721094261516,0.35,NA,NA,NA,0.6,0.35
"mk","tl2.50_gl0.10_c200","model2",0.161120320130025,0.0596540305336376,10,2.5,0.1,200,50,NA,1,0.999251257870918,777.637446800189,0.00811431490155208,516.240096035299,10,1,0.0101840619380241,0.05,NA,NA,NA,1,0.05
"mk","tl2.50_gl0.10_c200","model3",0.160481577169522,0.0585390153976419,10,2.5,0.1,200,50,NA,1,0.999231222301297,740.096229994119,0.00849258285713333,521.083432334497,10,1,0.00976823185372653,0.05,0,80.9096864922286,0.95,0.5,0.45
"mk","tl2.50_gl0.10_c200","model4",0.159210203977639,0.0591801485883217,10,2.5,0.1,200,50,NA,1,0.999216093887752,714.698121157463,0.00866021947836328,556.136539019082,10,1,0.014748702769112,0.05,NA,NA,NA,1,0.05
"mk","tl2.50_gl0.10_c200","model5",0.16088460360621,0.058011062618958,10,2.5,0.1,200,50,NA,1,0.999290377265751,804.547172360488,0.0078765916976599,476.758859076905,10,1,0.0157269955656747,0.05,NA,NA,NA,0.5,0.45
"mk","tl2.50_gl0.10_c200","model6",0.160123957110793,0.0585360592409143,10,2.5,0.1,200,50,NA,1,0.999194368837382,756.745001378573,0.00845596033190894,495.037154721671,10,1,0.0160453146714289,0.05,NA,NA,NA,1,0.05
"mk","tl2.50_gl0.10_c200","model7",0.128400737290223,0.058352045390095,7,2.5,0.1,200,50,NA,0.7,0.999775893385041,324.109396294673,0.00396533246884414,593.589728878665,10,0.9,0.461918216568285,0.0499999999999999,0,79.8354576995665,0.95,0.285714285714286,0.664285714285714
"mk","tl2.50_gl0.10_c200","model8",0.160286137190181,0.0603765936243853,10,2.5,0.1,200,50,NA,1,0.999227611544175,744.348961673488,0.00852048424707551,473.177977721531,10,1,0.0170947479940568,0.05,NA,NA,NA,0.5,0.45
"mk","tl2.50_gl0.10_c200","model9",0.161558649381923,0.0596993833124621,10,2.5,0.1,200,50,NA,1,0.999773911750291,333.459239821722,0.00410944115299525,599.667192857422,10,1,0.324285602665582,0.05,NA,NA,NA,0.5,0.45
"mk","tl2.50_gl0.10_c25","model1",0.529446744815921,0.0361144867446216,10,2.5,0.1,25,50,NA,1,0.999422259141122,768.904819172185,0.00608057358231826,478.257002456154,10,1,0.0858381892893283,0.05,NA,NA,NA,1,0.05
"mk","tl2.50_gl0.10_c25","model10",0.527738838455671,0.0303509961587239,10,2.5,0.1,25,50,NA,1,0.999502877750349,800.642460216838,0.00556292186397199,519.534703970325,10,0.9,0.580912677712381,0.0499999999999999,NA,NA,NA,0.45,0.5
"mk","tl2.50_gl0.10_c25","model11",0.484136600073642,0.0549999992873344,10,2.5,0.1,25,50,NA,1,0.99940732184515,737.227471348861,0.00612880438493392,358.943687411121,10,0.7,0.390566531284528,0.25,NA,NA,NA,0.7,0.25
"mk","tl2.50_gl0.10_c25","model12",0.516969638571861,0.0353117830847667,10,2.5,0.1,25,50,NA,1,0.999542955576287,778.246455854337,0.00520246394279683,384.682932304763,10,0,3.0299668717486,0.95,NA,NA,NA,0,0.95
"mk","tl2.50_gl0.10_c25","model2",0.531791278355091,0.0324013144834581,10,2.5,0.1,25,50,NA,1,0.999471762611412,734.315224642293,0.00574016872865919,494.315424583555,10,1,0.130644814943662,0.05,NA,NA,NA,1,0.05
"mk","tl2.50_gl0.10_c25","model3",0.527197494003236,0.0325202439112867,10,2.5,0.1,25,50,NA,1,0.999441994931082,770.132661157271,0.00590812964693881,509.750101684167,10,1,0.120451880855678,0.05,0,76.9611367680129,0.95,0.5,0.45
"mk","tl2.50_gl0.10_c25","model4",0.526708381393478,0.0320419241208092,10,2.5,0.1,25,50,NA,1,0.999440505467062,778.945072726764,0.00590026237028846,485.87483674847,10,0.9,0.328412439502337,0.0499999999999999,NA,NA,NA,0.9,0.0499999999999999
"mk","tl2.50_gl0.10_c25","model5",0.528347831304724,0.031299793415583,10,2.5,0.1,25,50,NA,1,0.999480186019546,773.830132150387,0.00567515202101934,478.737158387139,10,0.9,0.454092124787194,0.0499999999999999,NA,NA,NA,0.45,0.5
"mk","tl2.50_gl0.10_c25","model6",0.530550907744925,0.0306304907832147,10,2.5,0.1,25,50,NA,1,0.999420727041249,787.234793182851,0.00612269611191651,453.936770231623,10,0.9,0.388827846428939,0.0499999999999999,NA,NA,NA,0.9,0.0499999999999999
"mk","tl2.50_gl0.10_c25","model7",0.531919788243471,0.0347476060914736,10,2.5,0.1,25,50,NA,1,0.999540127940937,869.341372639948,0.00533392131852042,466.977974129536,10,0.8,1.04272819988873,0.15,NA,NA,NA,0.4,0.55
"mk","tl2.50_gl0.10_c25","model8",0.530393887983688,0.0308979770134701,10,2.5,0.1,25,50,NA,1,0.999500577060426,819.356308759,0.00558602412085528,503.613664844631,10,0.9,0.491468609145953,0.0499999999999999,NA,NA,NA,0.45,0.5
"mk","tl2.50_gl0.10_c25","model9",0.531129307462108,0.0360181840584197,10,2.5,0.1,25,50,NA,1,0.999500637770381,828.791172832009,0.00566376063218748,487.687030671907,10,0.8,1.10124952188475,0.15,NA,NA,NA,0.4,0.55
"mk","tl2.50_gl0.10_c50","model1",0.38401581478536,0.0746318105118278,10,2.5,0.1,50,50,NA,1,0.999270574081111,701.112460998579,0.00656545961869972,414.716907057576,10,1,0.0177965755487578,0.05,NA,NA,NA,1,0.05
"mk","tl2.50_gl0.10_c50","model10",0.386061007302357,0.0683005922042161,10,2.5,0.1,50,50,NA,1,0.999366831757564,807.075407594853,0.00605960697487999,400.382161342644,10,1,0.12649655784062,0.05,NA,NA,NA,0.5,0.45
"mk","tl2.50_gl0.10_c50","model11",0.373152424877848,0.0659624722584696,10,2.5,0.1,50,50,NA,1,0.999354295671928,759.530372022529,0.0064447172469413,271.914274518555,10,1,0.109551627194334,0.05,NA,NA,NA,1,0.05
"mk","tl2.50_gl0.10_c50","model12",0.38179618873074,0.072929529472921,10,2.5,0.1,50,50,NA,1,0.99947572645183,744.971696959794,0.00556322156038277,351.32292800207,10,0,3.47712577779765,0.95,NA,NA,NA,0,0.95
"mk","tl2.50_gl0.10_c50","model2",0.383184060281115,0.0657408167751244,10,2.5,0.1,50,50,NA,1,0.999259343357124,767.621852100212,0.00653416691747975,413.110386107287,10,1,0.0278992189292889,0.05,NA,NA,NA,1,0.05
"mk","tl2.50_gl0.10_c50","model3",0.385678682502815,0.0693200139602651,10,2.5,0.1,50,50,NA,1,0.999287818362023,703.941539967984,0.00656421134613508,368.677267652611,10,1,0.0219757378630965,0.05,0,80.8861522552443,0.95,0.5,0.45
"mk","tl2.50_gl0.10_c50","model4",0.38277290992859,0.0726643711611712,10,2.5,0.1,50,50,NA,1,0.999322621246,760.779368769676,0.00629494671697919,394.69897225624,10,1,0.0612153431487187,0.05,NA,NA,NA,1,0.05
"mk","tl2.50_gl0.10_c50","model5",0.38468263280317,0.0670956950888741,10,2.5,0.1,50,50,NA,1,0.999300485579585,770.791563027111,0.00636123333472747,372.635393926633,10,1,0.07558417247485,0.05,NA,NA,NA,0.5,0.45
"mk","tl2.50_gl0.10_c50","model6",0.387132797253375,0.0637112924518822,10,2.5,0.1,50,50,NA,1,0.99929325312675,739.836495605133,0.00628536024643679,404.070869644217,10,1,0.0845335919273193,0.05,NA,NA,NA,1,0.05
"mk","tl2.50_gl0.10_c50","model7",0.385950134209704,0.0667187637129499,10,2.5,0.1,50,50,NA,1,0.999656167548673,699.146358092812,0.00432483101057856,543.274743944538,10,0.9,0.659033230761039,0.0499999999999999,NA,NA,NA,0.45,0.5
"mk","tl2.50_gl0.10_c50","model8",0.385998117017435,0.0795428719797508,10,2.5,0.1,50,50,NA,1,0.999352901167296,746.727824000049,0.00619191113461948,440.546366167405,10,1,0.0990110307594633,0.05,NA,NA,NA,0.5,0.45
"mk","tl2.50_gl0.10_c50","model9",0.386669968807824,0.0658416127172948,10,2.5,0.1,50,50,NA,1,0.999679883940741,772.442516572956,0.00424589409413762,524.72220103861,10,1,0.65994059130956,0.05,NA,NA,NA,0.5,0.45
"mk","tl2.50_gl0.25_c100","model1",0.256412992307183,0.0497490325779945,10,2.5,0.25,100,50,NA,1,0.999235501217534,713.801547431724,0.00718238532381413,453.866381539233,10,0.8,0.0668609044468466,0.15,NA,NA,NA,0.8,0.15
"mk","tl2.50_gl0.25_c100","model10",0.253812074929852,0.0484383023527063,10,2.5,0.25,100,50,NA,1,0.999330690788856,776.72156133379,0.00673503516788364,482.334094710087,10,0.8,0.153656185949866,0.15,NA,NA,NA,0.4,0.55
"mk","tl2.50_gl0.25_c100","model11",0.221151784550643,0.0474293332283851,10,2.5,0.25,100,50,NA,1,0.999320523823498,732.669305505242,0.00811969628994802,410.183092773691,10,0.4,0.145086902627914,0.55,NA,NA,NA,0.4,0.55
"mk","tl2.50_gl0.25_c100","model12",0.244482893045775,0.0489161439619385,9,2.5,0.25,100,50,NA,0.9,0.999391154135981,720.6172965948,0.00744760194957601,481.174832133794,10,0,3.7981184107243,0.95,NA,NA,NA,0,0.95
"mk","tl2.50_gl0.25_c100","model2",0.254469295683846,0.0443783235138866,10,2.5,0.25,100,50,NA,1,0.999215623903958,729.810638762805,0.00741840003641013,480.638491075731,10,1,0.0870598736118748,0.05,NA,NA,NA,1,0.05
"mk","tl2.50_gl0.25_c100","model3",0.256393213762276,0.0493176315336555,10,2.5,0.25,100,50,NA,1,0.999265192294937,746.052189320284,0.0070266989821234,460.429503413629,10,0.9,0.0694774011616083,0.0499999999999999,0,9.13146293173874,0.95,0.45,0.5
"mk","tl2.50_gl0.25_c100","model4",0.254875213358453,0.0461874387860455,10,2.5,0.25,100,50,NA,1,0.999221222173178,751.968757957866,0.00742189702576553,502.876772988208,10,0.8,0.108451414348475,0.15,NA,NA,NA,0.8,0.15
"mk","tl2.50_gl0.25_c100","model5",0.254973641458236,0.0473722019707739,10,2.5,0.25,100,50,NA,1,0.999300564358383,817.494861947124,0.00701570064345211,478.35968199414,10,0.8,0.122899154091145,0.15,NA,NA,NA,0.4,0.55
"mk","tl2.50_gl0.25_c100","model6",0.256195980392578,0.0468045907436543,10,2.5,0.25,100,50,NA,1,0.999289292280704,762.958476965124,0.00683353820208485,504.465202619082,10,0.9,0.137228578265807,0.0499999999999999,NA,NA,NA,0.9,0.0499999999999999
"mk","tl2.50_gl0.25_c100","model7",0.26586387150038,0.0355056441147181,8,2.5,0.25,100,50,NA,0.8,0.999756736702671,447.127294657384,0.00366661822929308,572.756308760069,10,0.7,0.769162254738679,0.25,0,9.46315925668176,0.95,0.208333333333333,0.741666666666667
"mk","tl2.50_gl0.25_c100","model8",0.257342343280001,0.0443899191378077,10,2.5,0.25,100,50,NA,1,0.999282633465083,802.639183208226,0.00685447011700315,479.187970726648,10,0.8,0.148248009874793,0.15,NA,NA,NA,0.4,0.55
"mk","tl2.50_gl0.25_c100","model9",0.256367582870264,0.0482662927180021,10,2.5,0.25,100,50,NA,1,0.999771473295311,704.108436001815,0.00367427374910576,542.004464327851,10,0.8,0.659309728336635,0.15,NA,NA,NA,0.4,0.55
"mk","tl2.50_gl0.25_c200","model1",0.159806319756648,0.0593488060813032,10,2.5,0.25,200,50,NA,1,0.999171893731508,751.476626073539,0.00863079407878939,493.197865498207,10,1,0.00898104178848107,0.05,NA,NA,NA,1,0.05
"mk","tl2.50_gl0.25_c200","model10",0.159542809498013,0.0583481392763565,10,2.5,0.25,200,50,NA,1,0.99923238235161,757.177609367904,0.00819309070652068,498.251602290439,10,1,0.0179207497139541,0.05,NA,NA,NA,0.5,0.45
"mk","tl2.50_gl0.25_c200","model11",0.127960535347986,0.0643438475127502,10,2.5,0.25,200,50,NA,1,0.999143941363522,715.450509403381,0.0103789919442513,417.796551064483,10,0.6,0.0599721094261516,0.35,NA,NA,NA,0.6,0.35
"mk","tl2.50_gl0.25_c200","model12",0.218390729289573,0,1,2.5,0.25,200,50,NA,0.1,0.999275378151323,971.960696954269,0.126287837733062,82.2614181068691,10,0,3.80967162702003,0.95,NA,NA,NA,0,0.95
"mk","tl2.50_gl0.25_c200","model2",0.161120320130025,0.0596540305336376,10,2.5,0.25,200,50,NA,1,0.999251257870918,777.637446800189,0.00811431490155208,516.240096035299,10,1,0.0101840619380241,0.05,NA,NA,NA,1,0.05
"mk","tl2.50_gl0.25_c200","model3",0.160481577169522,0.0585390153976419,10,2.5,0.25,200,50,NA,1,0.999231222301297,740.096229994119,0.00849258285713333,521.083432334497,10,1,0.00976823185372653,0.05,0,8.97564379287948,0.95,0.5,0.45
"mk","tl2.50_gl0.25_c200","model4",0.159210203977639,0.0591801485883217,10,2.5,0.25,200,50,NA,1,0.999216093887752,714.698121157463,0.00866021947836328,556.136539019082,10,1,0.014748702769112,0.05,NA,NA,NA,1,0.05
"mk","tl2.50_gl0.25_c200","model5",0.16088460360621,0.058011062618958,10,2.5,0.25,200,50,NA,1,0.999290377265751,804.547172360488,0.0078765916976599,476.758859076905,10,1,0.0157269955656747,0.05,NA,NA,NA,0.5,0.45
"mk","tl2.50_gl0.25_c200","model6",0.160123957110793,0.0585360592409143,10,2.5,0.25,200,50,NA,1,0.999194368837382,756.745001378573,0.00845596033190894,495.037154721671,10,1,0.0160453146714289,0.05,NA,NA,NA,1,0.05
"mk","tl2.50_gl0.25_c200","model7",0.12822696361875,0.0582491097060987,7,2.5,0.25,200,50,NA,0.7,0.999776678144003,319.229450983698,0.00397533293604023,588.853320102113,10,0.9,0.460718583344417,0.0499999999999999,0,8.62089035972863,0.95,0.285714285714286,0.664285714285714
"mk","tl2.50_gl0.25_c200","model8",0.160286137190181,0.0603765936243853,10,2.5,0.25,200,50,NA,1,0.999227611544175,744.348961673488,0.00852048424707551,473.177977721531,10,1,0.0170947479940568,0.05,NA,NA,NA,0.5,0.45
"mk","tl2.50_gl0.25_c200","model9",0.161515244299315,0.0597326856756271,10,2.5,0.25,200,50,NA,1,0.999773299910469,332.648417066947,0.00410970463797154,641.481896905224,10,1,0.324722885870073,0.05,NA,NA,NA,0.5,0.45
"mk","tl2.50_gl0.25_c25","model1",0.529446744815921,0.0361144867446216,10,2.5,0.25,25,50,NA,1,0.999422259141122,768.904819172185,0.00608057358231826,478.257002456154,10,1,0.0858381892893283,0.05,NA,NA,NA,1,0.05
"mk","tl2.50_gl0.25_c25","model10",0.527738838455671,0.0303509961587239,10,2.5,0.25,25,50,NA,1,0.999502877750349,800.642460216838,0.00556292186397199,519.534703970325,10,0.9,0.580912677712381,0.0499999999999999,NA,NA,NA,0.65,0.3
"mk","tl2.50_gl0.25_c25","model11",0.484136600073642,0.0549999992873344,10,2.5,0.25,25,50,NA,1,0.99940732184515,737.227471348861,0.00612880438493392,358.943687411121,10,0.7,0.390566531284528,0.25,NA,NA,NA,0.7,0.25
"mk","tl2.50_gl0.25_c25","model12",0.516939506718398,0.0349755398018927,10,2.5,0.25,25,50,NA,1,0.999542955576287,778.246455854337,0.00520246394279683,384.682932304763,10,0,3.03128677435407,0.95,NA,NA,NA,0,0.95
"mk","tl2.50_gl0.25_c25","model2",0.531791278355091,0.0324013144834581,10,2.5,0.25,25,50,NA,1,0.999471762611412,734.315224642293,0.00574016872865919,494.315424583555,10,1,0.130644814943662,0.05,NA,NA,NA,1,0.05
"mk","tl2.50_gl0.25_c25","model3",0.527197494003236,0.0325202439112867,10,2.5,0.25,25,50,NA,1,0.999441994931082,770.132661157271,0.00590812964693881,509.750101684167,10,1,0.120451880855678,0.05,0,7.72185344497276,0.95,0.5,0.45
"mk","tl2.50_gl0.25_c25","model4",0.526708381393478,0.0320419241208092,10,2.5,0.25,25,50,NA,1,0.999440505467062,778.945072726764,0.00590026237028846,485.87483674847,10,0.9,0.328412439502337,0.0499999999999999,NA,NA,NA,0.9,0.0499999999999999
"mk","tl2.50_gl0.25_c25","model5",0.528347831304724,0.031299793415583,10,2.5,0.25,25,50,NA,1,0.999480186019546,773.830132150387,0.00567515202101934,478.737158387139,10,0.9,0.454092124787194,0.0499999999999999,NA,NA,NA,0.5,0.45
"mk","tl2.50_gl0.25_c25","model6",0.530550907744925,0.0306304907832147,10,2.5,0.25,25,50,NA,1,0.999420727041249,787.234793182851,0.00612269611191651,453.936770231623,10,0.9,0.388827846428939,0.0499999999999999,NA,NA,NA,0.9,0.0499999999999999
"mk","tl2.50_gl0.25_c25","model7",0.531919788243471,0.0347476060914736,10,2.5,0.25,25,50,NA,1,0.999540127940937,869.341372639948,0.00533392131852042,466.977974129536,10,0.8,1.04272819988873,0.15,NA,NA,NA,0.6,0.35
"mk","tl2.50_gl0.25_c25","model8",0.530393887983688,0.0308979770134701,10,2.5,0.25,25,50,NA,1,0.999500577060426,819.356308759,0.00558602412085528,503.613664844631,10,0.9,0.491468609145953,0.0499999999999999,NA,NA,NA,0.55,0.4
"mk","tl2.50_gl0.25_c25","model9",0.531129307462108,0.0360181840584197,10,2.5,0.25,25,50,NA,1,0.999500637770381,828.791172832009,0.00566376063218748,487.687030671907,10,0.8,1.10124952188475,0.15,NA,NA,NA,0.55,0.4
"mk","tl2.50_gl0.25_c50","model1",0.38401581478536,0.0746318105118278,10,2.5,0.25,50,50,NA,1,0.999270574081111,701.112460998579,0.00656545961869972,414.716907057576,10,1,0.0177965755487578,0.05,NA,NA,NA,1,0.05
"mk","tl2.50_gl0.25_c50","model10",0.386061007302357,0.0683005922042161,10,2.5,0.25,50,50,NA,1,0.999366831757564,807.075407594853,0.00605960697487999,400.382161342644,10,1,0.12649655784062,0.05,NA,NA,NA,0.5,0.45
"mk","tl2.50_gl0.25_c50","model11",0.373152424877848,0.0659624722584696,10,2.5,0.25,50,50,NA,1,0.999354295671928,759.530372022529,0.0064447172469413,271.914274518555,10,1,0.109551627194334,0.05,NA,NA,NA,1,0.05
"mk","tl2.50_gl0.25_c50","model12",0.381653564231179,0.0728567574458386,10,2.5,0.25,50,50,NA,1,0.999476112038217,746.508590049254,0.00556187594823819,362.409333299209,10,0,3.47865645442615,0.95,NA,NA,NA,0,0.95
"mk","tl2.50_gl0.25_c50","model2",0.383184060281115,0.0657408167751244,10,2.5,0.25,50,50,NA,1,0.999259343357124,767.621852100212,0.00653416691747975,413.110386107287,10,1,0.0278992189292889,0.05,NA,NA,NA,1,0.05
"mk","tl2.50_gl0.25_c50","model3",0.385678682502815,0.0693200139602651,10,2.5,0.25,50,50,NA,1,0.999287818362023,703.941539967984,0.00656421134613508,368.677267652611,10,1,0.0219757378630965,0.05,0,9.0270125307349,0.95,0.5,0.45
"mk","tl2.50_gl0.25_c50","model4",0.38277290992859,0.0726643711611712,10,2.5,0.25,50,50,NA,1,0.999322621246,760.779368769676,0.00629494671697919,394.69897225624,10,1,0.0612153431487187,0.05,NA,NA,NA,1,0.05
"mk","tl2.50_gl0.25_c50","model5",0.38468263280317,0.0670956950888741,10,2.5,0.25,50,50,NA,1,0.999300485579585,770.791563027111,0.00636123333472747,372.635393926633,10,1,0.07558417247485,0.05,NA,NA,NA,0.5,0.45
"mk","tl2.50_gl0.25_c50","model6",0.387132797253375,0.0637112924518822,10,2.5,0.25,50,50,NA,1,0.99929325312675,739.836495605133,0.00628536024643679,404.070869644217,10,1,0.0845335919273193,0.05,NA,NA,NA,1,0.05
"mk","tl2.50_gl0.25_c50","model7",0.38595834119861,0.0667187637129499,10,2.5,0.25,50,50,NA,1,0.99965616955357,699.488989626026,0.00432510085730482,536.752124022054,10,0.9,0.659732303748798,0.0499999999999999,NA,NA,NA,0.45,0.5
"mk","tl2.50_gl0.25_c50","model8",0.385998117017435,0.0795428719797508,10,2.5,0.25,50,50,NA,1,0.999352901167296,746.727824000049,0.00619191113461948,440.546366167405,10,1,0.0990110307594633,0.05,NA,NA,NA,0.5,0.45
"mk","tl2.50_gl0.25_c50","model9",0.386669968807824,0.0658416127172948,10,2.5,0.25,50,50,NA,1,0.999679883940741,772.442516572956,0.00424589409413762,524.72220103861,10,1,0.65994059130956,0.05,NA,NA,NA,0.5,0.45
"mk","tl2.50_gl0.50_c100","model1",0.256412992307183,0.0497490325779945,10,2.5,0.5,100,50,NA,1,0.999235501217534,713.801547431724,0.00718238532381413,453.866381539233,10,0.8,0.0668609044468466,0.15,NA,NA,NA,0.8,0.15
"mk","tl2.50_gl0.50_c100","model10",0.253812074929852,0.0484383023527063,10,2.5,0.5,100,50,NA,1,0.999330690788856,776.72156133379,0.00673503516788364,482.334094710087,10,0.8,0.153656185949866,0.15,NA,NA,NA,0.6,0.35
"mk","tl2.50_gl0.50_c100","model11",0.221151784550643,0.0474293332283851,10,2.5,0.5,100,50,NA,1,0.999320523823498,732.669305505242,0.00811969628994802,410.183092773691,10,0.4,0.145086902627914,0.55,NA,NA,NA,0.4,0.55
"mk","tl2.50_gl0.50_c100","model12",0.251916837772496,0.0465771445469104,10,2.5,0.5,100,50,NA,1,0.99939257842912,726.426375802629,0.00743742385704831,450.20152539516,10,0,3.79787255816761,0.95,NA,NA,NA,0,0.95
"mk","tl2.50_gl0.50_c100","model2",0.254469295683846,0.0443783235138866,10,2.5,0.5,100,50,NA,1,0.999215623903958,729.810638762805,0.00741840003641013,480.638491075731,10,1,0.0870598736118748,0.05,NA,NA,NA,1,0.05
"mk","tl2.50_gl0.50_c100","model3",0.256393213762276,0.0493176315336555,10,2.5,0.5,100,50,NA,1,0.999265192294937,746.052189320284,0.0070266989821234,460.429503413629,10,0.9,0.0694774011616083,0.0499999999999999,0,1.05306540676514,0.95,0.45,0.5
"mk","tl2.50_gl0.50_c100","model4",0.254875213358453,0.0461874387860455,10,2.5,0.5,100,50,NA,1,0.999221222173178,751.968757957866,0.00742189702576553,502.876772988208,10,0.8,0.108451414348475,0.15,NA,NA,NA,0.8,0.15
"mk","tl2.50_gl0.50_c100","model5",0.254973641458236,0.0473722019707739,10,2.5,0.5,100,50,NA,1,0.999300564358383,817.494861947124,0.00701570064345211,478.35968199414,10,0.8,0.122899154091145,0.15,NA,NA,NA,0.45,0.5
"mk","tl2.50_gl0.50_c100","model6",0.256195980392578,0.0468045907436543,10,2.5,0.5,100,50,NA,1,0.999289292280704,762.958476965124,0.00683353820208485,504.465202619082,10,0.9,0.137228578265807,0.0499999999999999,NA,NA,NA,0.9,0.0499999999999999
"mk","tl2.50_gl0.50_c100","model7",0.260253552665846,0.038799561932968,9,2.5,0.5,100,50,NA,0.9,0.999757893411615,450.286488520081,0.00366208589089857,563.938022244924,10,0.7,0.768040431460427,0.25,0,1.15841986142743,0.95,0.296296296296296,0.653703703703704
"mk","tl2.50_gl0.50_c100","model8",0.257342343280001,0.0443899191378077,10,2.5,0.5,100,50,NA,1,0.999282633465083,802.639183208226,0.00685447011700315,479.187970726648,10,0.8,0.148248009874793,0.15,NA,NA,NA,0.5,0.45
"mk","tl2.50_gl0.50_c100","model9",0.256367582870264,0.0482662927180021,10,2.5,0.5,100,50,NA,1,0.999770799120661,700.625014556906,0.00368748634688737,557.178803611352,10,0.8,0.659094795188599,0.15,NA,NA,NA,0.5,0.45
"mk","tl2.50_gl0.50_c200","model1",0.159806319756648,0.0593488060813032,10,2.5,0.5,200,50,NA,1,0.999171893731508,751.476626073539,0.00863079407878939,493.197865498207,10,1,0.00898104178848107,0.05,NA,NA,NA,1,0.05
"mk","tl2.50_gl0.50_c200","model10",0.159542809498013,0.0583481392763565,10,2.5,0.5,200,50,NA,1,0.99923238235161,757.177609367904,0.00819309070652068,498.251602290439,10,1,0.0179207497139541,0.05,NA,NA,NA,0.5,0.45
"mk","tl2.50_gl0.50_c200","model11",0.127960535347986,0.0643438475127502,10,2.5,0.5,200,50,NA,1,0.999143941363522,715.450509403381,0.0103789919442513,417.796551064483,10,0.6,0.0599721094261516,0.35,NA,NA,NA,0.6,0.35
"mk","tl2.50_gl0.50_c200","model12",0.113670231270619,0.0622472021985154,5,2.5,0.5,200,50,NA,0.5,0.999252880693999,920.122785172784,0.0618885813310767,310.1128324181,10,0,3.80970491555111,0.95,NA,NA,NA,0,0.95
"mk","tl2.50_gl0.50_c200","model2",0.161120320130025,0.0596540305336376,10,2.5,0.5,200,50,NA,1,0.999251257870918,777.637446800189,0.00811431490155208,516.240096035299,10,1,0.0101840619380241,0.05,NA,NA,NA,1,0.05
"mk","tl2.50_gl0.50_c200","model3",0.160481577169522,0.0585390153976419,10,2.5,0.5,200,50,NA,1,0.999231222301297,740.096229994119,0.00849258285713333,521.083432334497,10,1,0.00976823185372653,0.05,0,0.997629559763111,0.95,0.5,0.45
"mk","tl2.50_gl0.50_c200","model4",0.159210203977639,0.0591801485883217,10,2.5,0.5,200,50,NA,1,0.999216093887752,714.698121157463,0.00866021947836328,556.136539019082,10,1,0.014748702769112,0.05,NA,NA,NA,1,0.05
"mk","tl2.50_gl0.50_c200","model5",0.16088460360621,0.058011062618958,10,2.5,0.5,200,50,NA,1,0.999290377265751,804.547172360488,0.0078765916976599,476.758859076905,10,1,0.0157269955656747,0.05,NA,NA,NA,0.5,0.45
"mk","tl2.50_gl0.50_c200","model6",0.160123957110793,0.0585360592409143,10,2.5,0.5,200,50,NA,1,0.999194368837382,756.745001378573,0.00845596033190894,495.037154721671,10,1,0.0160453146714289,0.05,NA,NA,NA,1,0.05
"mk","tl2.50_gl0.50_c200","model7",0.128386329467295,0.0582819012721724,7,2.5,0.5,200,50,NA,0.7,0.999776720357377,326.026044164428,0.0039461401091624,554.629466102626,10,0.9,0.463075172936106,0.0499999999999999,0,0.885103056150421,0.95,0.285714285714286,0.664285714285714
"mk","tl2.50_gl0.50_c200","model8",0.160286137190181,0.0603765936243853,10,2.5,0.5,200,50,NA,1,0.999227611544175,744.348961673488,0.00852048424707551,473.177977721531,10,1,0.0170947479940568,0.05,NA,NA,NA,0.5,0.45
"mk","tl2.50_gl0.50_c200","model9",0.161669245600464,0.0597001167437358,10,2.5,0.5,200,50,NA,1,0.999774057852794,333.293128171226,0.00410538469373026,609.743046660696,10,1,0.324584414537208,0.05,NA,NA,NA,0.5,0.45
"mk","tl2.50_gl0.50_c25","model1",0.529446744815921,0.0361144867446216,10,2.5,0.5,25,50,NA,1,0.999422259141122,768.904819172185,0.00608057358231826,478.257002456154,10,1,0.0858381892893283,0.05,NA,NA,NA,1,0.05
"mk","tl2.50_gl0.50_c25","model10",0.527738838455671,0.0303509961587239,10,2.5,0.5,25,50,NA,1,0.999502877750349,800.642460216838,0.00556292186397199,519.534703970325,10,0.9,0.580912677712381,0.0499999999999999,NA,NA,NA,0.85,0.0999999999999999
"mk","tl2.50_gl0.50_c25","model11",0.484136600073642,0.0549999992873344,10,2.5,0.5,25,50,NA,1,0.99940732184515,737.227471348861,0.00612880438493392,358.943687411121,10,0.7,0.390566531284528,0.25,NA,NA,NA,0.7,0.25
"mk","tl2.50_gl0.50_c25","model12",0.516946059000815,0.0354889658862698,10,2.5,0.5,25,50,NA,1,0.999542955576287,778.246455854337,0.00520246394279683,384.682932304763,10,0,3.03070889292247,0.95,NA,NA,NA,0,0.95
"mk","tl2.50_gl0.50_c25","model2",0.531791278355091,0.0324013144834581,10,2.5,0.5,25,50,NA,1,0.999471762611412,734.315224642293,0.00574016872865919,494.315424583555,10,1,0.130644814943662,0.05,NA,NA,NA,1,0.05
"mk","tl2.50_gl0.50_c25","model3",0.527197494003236,0.0325202439112867,10,2.5,0.5,25,50,NA,1,0.999441994931082,770.132661157271,0.00590812964693881,509.750101684167,10,1,0.120451880855678,0.05,0.6,0.642092337292731,0.35,0.8,0.15
"mk","tl2.50_gl0.50_c25","model4",0.526708381393478,0.0320419241208092,10,2.5,0.5,25,50,NA,1,0.999440505467062,778.945072726764,0.00590026237028846,485.87483674847,10,0.9,0.328412439502337,0.0499999999999999,NA,NA,NA,0.9,0.0499999999999999
"mk","tl2.50_gl0.50_c25","model5",0.525039528192622,0.034437470151271,10,2.5,0.5,25,50,NA,1,0.99948926789291,789.486998431795,0.00577663523480971,458.0122372469,10,0.9,0.449552089189949,0.0499999999999999,0.428571428571429,0.89476805280858,0.521428571428571,0.742857142857143,0.207142857142857
"mk","tl2.50_gl0.50_c25","model6",0.530550907744925,0.0306304907832147,10,2.5,0.5,25,50,NA,1,0.999420727041249,787.234793182851,0.00612269611191651,453.936770231623,10,0.9,0.388827846428939,0.0499999999999999,NA,NA,NA,0.9,0.0499999999999999
"mk","tl2.50_gl0.50_c25","model7",0.531919788243471,0.0347476060914736,10,2.5,0.5,25,50,NA,1,0.999540127940937,869.341372639948,0.00533392131852042,466.977974129536,10,0.8,1.04272819988873,0.15,NA,NA,NA,0.9,0.0499999999999999
"mk","tl2.50_gl0.50_c25","model8",0.530393887983688,0.0308979770134701,10,2.5,0.5,25,50,NA,1,0.999500577060426,819.356308759,0.00558602412085528,503.613664844631,10,0.9,0.491468609145953,0.0499999999999999,NA,NA,NA,0.95,0
"mk","tl2.50_gl0.50_c25","model9",0.531129307462108,0.0360181840584197,10,2.5,0.5,25,50,NA,1,0.999500637770381,828.791172832009,0.00566376063218748,487.687030671907,10,0.8,1.10124952188475,0.15,NA,NA,NA,0.85,0.0999999999999999
"mk","tl2.50_gl0.50_c50","model1",0.38401581478536,0.0746318105118278,10,2.5,0.5,50,50,NA,1,0.999270574081111,701.112460998579,0.00656545961869972,414.716907057576,10,1,0.0177965755487578,0.05,NA,NA,NA,1,0.05
"mk","tl2.50_gl0.50_c50","model10",0.386061007302357,0.0683005922042161,10,2.5,0.5,50,50,NA,1,0.999366831757564,807.075407594853,0.00605960697487999,400.382161342644,10,1,0.12649655784062,0.05,NA,NA,NA,0.7,0.25
"mk","tl2.50_gl0.50_c50","model11",0.373152424877848,0.0659624722584696,10,2.5,0.5,50,50,NA,1,0.999354295671928,759.530372022529,0.0064447172469413,271.914274518555,10,1,0.109551627194334,0.05,NA,NA,NA,1,0.05
"mk","tl2.50_gl0.50_c50","model12",0.381904327088966,0.0731998297169543,10,2.5,0.5,50,50,NA,1,0.999475633888943,744.569994605631,0.00556397741249162,357.082555895783,10,0,3.47785602224826,0.95,NA,NA,NA,0,0.95
"mk","tl2.50_gl0.50_c50","model2",0.383184060281115,0.0657408167751244,10,2.5,0.5,50,50,NA,1,0.999259343357124,767.621852100212,0.00653416691747975,413.110386107287,10,1,0.0278992189292889,0.05,NA,NA,NA,1,0.05
"mk","tl2.50_gl0.50_c50","model3",0.385678682502815,0.0693200139602651,10,2.5,0.5,50,50,NA,1,0.999287818362023,703.941539967984,0.00656421134613508,368.677267652611,10,1,0.0219757378630965,0.05,0.1,1.07396595589842,0.85,0.55,0.4
"mk","tl2.50_gl0.50_c50","model4",0.38277290992859,0.0726643711611712,10,2.5,0.5,50,50,NA,1,0.999322621246,760.779368769676,0.00629494671697919,394.69897225624,10,1,0.0612153431487187,0.05,NA,NA,NA,1,0.05
"mk","tl2.50_gl0.50_c50","model5",0.38468263280317,0.0670956950888741,10,2.5,0.5,50,50,NA,1,0.999300485579585,770.791563027111,0.00636123333472747,372.635393926633,10,1,0.07558417247485,0.05,NA,NA,NA,0.7,0.25
"mk","tl2.50_gl0.50_c50","model6",0.387132797253375,0.0637112924518822,10,2.5,0.5,50,50,NA,1,0.99929325312675,739.836495605133,0.00628536024643679,404.070869644217,10,1,0.0845335919273193,0.05,NA,NA,NA,1,0.05
"mk","tl2.50_gl0.50_c50","model7",0.385963644886123,0.0667187637129499,10,2.5,0.5,50,50,NA,1,0.999656053662705,699.33705057229,0.0043234831144502,546.706445473797,10,0.9,0.659604369801995,0.0499999999999999,NA,NA,NA,0.65,0.3
"mk","tl2.50_gl0.50_c50","model8",0.385998117017435,0.0795428719797508,10,2.5,0.5,50,50,NA,1,0.999352901167296,746.727824000049,0.00619191113461948,440.546366167405,10,1,0.0990110307594633,0.05,NA,NA,NA,0.7,0.25
"mk","tl2.50_gl0.50_c50","model9",0.386669968807824,0.0658416127172948,10,2.5,0.5,50,50,NA,1,0.999679883940741,772.442516572956,0.00424589409413762,524.72220103861,10,1,0.65994059130956,0.05,NA,NA,NA,0.7,0.25
"mk","tl2.50_gl1.00_c100","model1",0.256412992307183,0.0497490325779945,10,2.5,1,100,50,NA,1,0.999235501217534,713.801547431724,0.00718238532381413,453.866381539233,10,0.8,0.0668609044468466,0.15,NA,NA,NA,0.8,0.15
"mk","tl2.50_gl1.00_c100","model10",0.253812074929852,0.0484383023527063,10,2.5,1,100,50,NA,1,0.999330690788856,776.72156133379,0.00673503516788364,482.334094710087,10,0.8,0.153656185949866,0.15,NA,NA,NA,0.9,0.0499999999999999
"mk","tl2.50_gl1.00_c100","model11",0.221151784550643,0.0474293332283851,10,2.5,1,100,50,NA,1,0.999320523823498,732.669305505242,0.00811969628994802,410.183092773691,10,0.4,0.145086902627914,0.55,NA,NA,NA,0.4,0.55
"mk","tl2.50_gl1.00_c100","model12",0.251970767251978,0.0465897768667002,10,2.5,1,100,50,NA,1,0.999390644332131,723.059912458795,0.00745365692952185,465.30679671998,10,0,3.7980407364183,0.95,NA,NA,NA,0,0.95
"mk","tl2.50_gl1.00_c100","model2",0.254469295683846,0.0443783235138866,10,2.5,1,100,50,NA,1,0.999215623903958,729.810638762805,0.00741840003641013,480.638491075731,10,1,0.0870598736118748,0.05,NA,NA,NA,1,0.05
"mk","tl2.50_gl1.00_c100","model3",0.256393213762276,0.0493176315336555,10,2.5,1,100,50,NA,1,0.999265192294937,746.052189320284,0.0070266989821234,460.429503413629,10,0.9,0.0694774011616083,0.0499999999999999,0.9,0.0138666442783416,0.0499999999999999,0.9,0.0499999999999999
"mk","tl2.50_gl1.00_c100","model4",0.254875213358453,0.0461874387860455,10,2.5,1,100,50,NA,1,0.999221222173178,751.968757957866,0.00742189702576553,502.876772988208,10,0.8,0.108451414348475,0.15,NA,NA,NA,0.8,0.15
"mk","tl2.50_gl1.00_c100","model5",0.254973641458236,0.0473722019707739,10,2.5,1,100,50,NA,1,0.999300564358383,817.494861947124,0.00701570064345211,478.35968199414,10,0.8,0.122899154091145,0.15,NA,NA,NA,0.9,0.0499999999999999
"mk","tl2.50_gl1.00_c100","model6",0.256195980392578,0.0468045907436543,10,2.5,1,100,50,NA,1,0.999289292280704,762.958476965124,0.00683353820208485,504.465202619082,10,0.9,0.137228578265807,0.0499999999999999,NA,NA,NA,0.9,0.0499999999999999
"mk","tl2.50_gl1.00_c100","model7",0.260253552665846,0.0387735186266439,9,2.5,1,100,50,NA,0.9,0.999758270372145,450.597672550345,0.00365928410377599,605.521872359024,10,0.7,0.766697052071641,0.25,1,0.00817740622054145,0.05,0.888888888888889,0.0611111111111111
"mk","tl2.50_gl1.00_c100","model8",0.257342343280001,0.0443899191378077,10,2.5,1,100,50,NA,1,0.999282633465083,802.639183208226,0.00685447011700315,479.187970726648,10,0.8,0.148248009874793,0.15,NA,NA,NA,0.9,0.0499999999999999
"mk","tl2.50_gl1.00_c100","model9",0.256367582870264,0.0482662927180021,10,2.5,1,100,50,NA,1,0.99977054329411,700.065808711814,0.00369354704105327,554.276810340349,10,0.8,0.65910552513202,0.15,NA,NA,NA,0.9,0.0499999999999999
"mk","tl2.50_gl1.00_c200","model1",0.159806319756648,0.0593488060813032,10,2.5,1,200,50,NA,1,0.999171893731508,751.476626073539,0.00863079407878939,493.197865498207,10,1,0.00898104178848107,0.05,NA,NA,NA,1,0.05
"mk","tl2.50_gl1.00_c200","model10",0.159542809498013,0.0583481392763565,10,2.5,1,200,50,NA,1,0.99923238235161,757.177609367904,0.00819309070652068,498.251602290439,10,1,0.0179207497139541,0.05,NA,NA,NA,1,0.05
"mk","tl2.50_gl1.00_c200","model11",0.127960535347986,0.0643438475127502,10,2.5,1,200,50,NA,1,0.999143941363522,715.450509403381,0.0103789919442513,417.796551064483,10,0.6,0.0599721094261516,0.35,NA,NA,NA,0.6,0.35
"mk","tl2.50_gl1.00_c200","model12",0.159044442322734,0.0587812863791002,10,2.5,1,200,50,NA,1,0.999306859243612,906.55683236183,0.00888731211556386,483.154842744914,10,0,3.80965833023916,0.95,NA,NA,NA,0,0.95
"mk","tl2.50_gl1.00_c200","model2",0.161120320130025,0.0596540305336376,10,2.5,1,200,50,NA,1,0.999251257870918,777.637446800189,0.00811431490155208,516.240096035299,10,1,0.0101840619380241,0.05,NA,NA,NA,1,0.05
"mk","tl2.50_gl1.00_c200","model3",0.160481577169522,0.0585390153976419,10,2.5,1,200,50,NA,1,0.999231222301297,740.096229994119,0.00849258285713333,521.083432334497,10,1,0.00976823185372653,0.05,0.9,0.00862244320492717,0.0499999999999999,0.95,0
"mk","tl2.50_gl1.00_c200","model4",0.159210203977639,0.0591801485883217,10,2.5,1,200,50,NA,1,0.999216093887752,714.698121157463,0.00866021947836328,556.136539019082,10,1,0.014748702769112,0.05,NA,NA,NA,1,0.05
"mk","tl2.50_gl1.00_c200","model5",0.16088460360621,0.058011062618958,10,2.5,1,200,50,NA,1,0.999290377265751,804.547172360488,0.0078765916976599,476.758859076905,10,1,0.0157269955656747,0.05,NA,NA,NA,0.95,0
"mk","tl2.50_gl1.00_c200","model6",0.160123957110793,0.0585360592409143,10,2.5,1,200,50,NA,1,0.999194368837382,756.745001378573,0.00845596033190894,495.037154721671,10,1,0.0160453146714289,0.05,NA,NA,NA,1,0.05
"mk","tl2.50_gl1.00_c200","model7",0.146901561931528,0.0601993455237888,8,2.5,1,200,50,NA,0.8,0.999778000038937,329.932806532603,0.00394367293235662,551.109896820817,10,0.9,0.461885727952637,0.0499999999999999,1,0.0161824135085034,0.05,0.916666666666667,0.0333333333333333
"mk","tl2.50_gl1.00_c200","model8",0.160286137190181,0.0603765936243853,10,2.5,1,200,50,NA,1,0.999227611544175,744.348961673488,0.00852048424707551,473.177977721531,10,1,0.0170947479940568,0.05,NA,NA,NA,0.95,0
"mk","tl2.50_gl1.00_c200","model9",0.161481889548075,0.0597596546168822,10,2.5,1,200,50,NA,1,0.99977233623838,330.5936235769,0.00413040527934299,586.172608434157,10,1,0.326482746769519,0.05,NA,NA,NA,0.95,0
"mk","tl2.50_gl1.00_c25","model1",0.529446744815921,0.0361144867446216,10,2.5,1,25,50,NA,1,0.999422259141122,768.904819172185,0.00608057358231826,478.257002456154,10,1,0.0858381892893283,0.05,NA,NA,NA,1,0.05
"mk","tl2.50_gl1.00_c25","model10",0.527738838455671,0.0303509961587239,10,2.5,1,25,50,NA,1,0.999502877750349,800.642460216838,0.00556292186397199,519.534703970325,10,0.9,0.580912677712381,0.0499999999999999,NA,NA,NA,0.95,0
"mk","tl2.50_gl1.00_c25","model11",0.484136600073642,0.0549999992873344,10,2.5,1,25,50,NA,1,0.99940732184515,737.227471348861,0.00612880438493392,358.943687411121,10,0.7,0.390566531284528,0.25,NA,NA,NA,0.7,0.25
"mk","tl2.50_gl1.00_c25","model12",0.516821700338,0.0354801852321065,10,2.5,1,25,50,NA,1,0.999542955576287,778.246455854337,0.00520246394279683,384.682932304763,10,0,3.03027489420821,0.95,NA,NA,NA,0,0.95
"mk","tl2.50_gl1.00_c25","model2",0.531791278355091,0.0324013144834581,10,2.5,1,25,50,NA,1,0.999471762611412,734.315224642293,0.00574016872865919,494.315424583555,10,1,0.130644814943662,0.05,NA,NA,NA,1,0.05
"mk","tl2.50_gl1.00_c25","model3",0.527197494003236,0.0325202439112867,10,2.5,1,25,50,NA,1,0.999441994931082,770.132661157271,0.00590812964693881,509.750101684167,10,1,0.120451880855678,0.05,1,0.102211783452714,0.05,1,0.05
"mk","tl2.50_gl1.00_c25","model4",0.526708381393478,0.0320419241208092,10,2.5,1,25,50,NA,1,0.999440505467062,778.945072726764,0.00590026237028846,485.87483674847,10,0.9,0.328412439502337,0.0499999999999999,NA,NA,NA,0.9,0.0499999999999999
"mk","tl2.50_gl1.00_c25","model5",0.525039528192622,0.0335132272516918,10,2.5,1,25,50,NA,1,0.999492663894235,804.051943103948,0.00693872914952474,447.451808302827,10,0.9,0.448476310498066,0.0499999999999999,1,0.211623990828076,0.05,0.966666666666667,0.0166666666666667
"mk","tl2.50_gl1.00_c25","model6",0.530550907744925,0.0306304907832147,10,2.5,1,25,50,NA,1,0.999420727041249,787.234793182851,0.00612269611191651,453.936770231623,10,0.9,0.388827846428939,0.0499999999999999,NA,NA,NA,0.9,0.0499999999999999
"mk","tl2.50_gl1.00_c25","model7",0.531919788243471,0.0347476060914736,10,2.5,1,25,50,NA,1,0.999540127940937,869.341372639948,0.00533392131852042,466.977974129536,10,0.8,1.04272819988873,0.15,NA,NA,NA,0.9,0.0499999999999999
"mk","tl2.50_gl1.00_c25","model8",0.530393887983688,0.0308979770134701,10,2.5,1,25,50,NA,1,0.999500577060426,819.356308759,0.00558602412085528,503.613664844631,10,0.9,0.491468609145953,0.0499999999999999,NA,NA,NA,0.95,0
"mk","tl2.50_gl1.00_c25","model9",0.531129307462108,0.0360181840584197,10,2.5,1,25,50,NA,1,0.999500637770381,828.791172832009,0.00566376063218748,487.687030671907,10,0.8,1.10124952188475,0.15,NA,NA,NA,0.9,0.0499999999999999
"mk","tl2.50_gl1.00_c50","model1",0.38401581478536,0.0746318105118278,10,2.5,1,50,50,NA,1,0.999270574081111,701.112460998579,0.00656545961869972,414.716907057576,10,1,0.0177965755487578,0.05,NA,NA,NA,1,0.05
"mk","tl2.50_gl1.00_c50","model10",0.386061007302357,0.0683005922042161,10,2.5,1,50,50,NA,1,0.999366831757564,807.075407594853,0.00605960697487999,400.382161342644,10,1,0.12649655784062,0.05,NA,NA,NA,1,0.05
"mk","tl2.50_gl1.00_c50","model11",0.373152424877848,0.0659624722584696,10,2.5,1,50,50,NA,1,0.999354295671928,759.530372022529,0.0064447172469413,271.914274518555,10,1,0.109551627194334,0.05,NA,NA,NA,1,0.05
"mk","tl2.50_gl1.00_c50","model12",0.38179618873074,0.0728605681063981,10,2.5,1,50,50,NA,1,0.999474284359168,740.706084612188,0.0055693238151088,354.368829620097,10,0,3.47770840562538,0.95,NA,NA,NA,0,0.95
"mk","tl2.50_gl1.00_c50","model2",0.383184060281115,0.0657408167751244,10,2.5,1,50,50,NA,1,0.999259343357124,767.621852100212,0.00653416691747975,413.110386107287,10,1,0.0278992189292889,0.05,NA,NA,NA,1,0.05
"mk","tl2.50_gl1.00_c50","model3",0.385678682502815,0.0693200139602651,10,2.5,1,50,50,NA,1,0.999287818362023,703.941539967984,0.00656421134613508,368.677267652611,10,1,0.0219757378630965,0.05,0.8,0.097442668480185,0.15,0.9,0.0499999999999999
"mk","tl2.50_gl1.00_c50","model4",0.38277290992859,0.0726643711611712,10,2.5,1,50,50,NA,1,0.999322621246,760.779368769676,0.00629494671697919,394.69897225624,10,1,0.0612153431487187,0.05,NA,NA,NA,1,0.05
"mk","tl2.50_gl1.00_c50","model5",0.38468263280317,0.0670956950888741,10,2.5,1,50,50,NA,1,0.999300485579585,770.791563027111,0.00636123333472747,372.635393926633,10,1,0.07558417247485,0.05,NA,NA,NA,0.95,0
"mk","tl2.50_gl1.00_c50","model6",0.387132797253375,0.0637112924518822,10,2.5,1,50,50,NA,1,0.99929325312675,739.836495605133,0.00628536024643679,404.070869644217,10,1,0.0845335919273193,0.05,NA,NA,NA,1,0.05
"mk","tl2.50_gl1.00_c50","model7",0.385891830023591,0.0667187637129499,10,2.5,1,50,50,NA,1,0.999656606058855,699.761845139892,0.00432045233065838,536.653498621407,10,0.9,0.659921281945859,0.0499999999999999,NA,NA,NA,0.9,0.0499999999999999
"mk","tl2.50_gl1.00_c50","model8",0.385998117017435,0.0795428719797508,10,2.5,1,50,50,NA,1,0.999352901167296,746.727824000049,0.00619191113461948,440.546366167405,10,1,0.0990110307594633,0.05,NA,NA,NA,0.95,0
"mk","tl2.50_gl1.00_c50","model9",0.386669968807824,0.0658416127172948,10,2.5,1,50,50,NA,1,0.999679883940741,772.442516572956,0.00424589409413762,524.72220103861,10,1,0.65994059130956,0.05,NA,NA,NA,0.95,0
"mk","tl5.00_gl0.10_c100","model1",0.254182024472382,0.0487008862227253,10,5,0.1,100,50,NA,1,0.999230398727072,737.084056509128,0.00718299561272802,450.213507573244,10,1,0.068308698903698,0.05,NA,NA,NA,1,0.05
"mk","tl5.00_gl0.10_c100","model10",0.257529369765726,0.0528853638907201,10,5,0.1,100,50,NA,1,0.999253218349335,756.84539763762,0.00713136229969373,432.724502707676,10,1,0.165838097625129,0.05,NA,NA,NA,0.5,0.45
"mk","tl5.00_gl0.10_c100","model11",0.213078978404445,0.100676055520618,10,5,0.1,100,50,NA,1,0.999270672403823,709.538028235791,0.00820583730980146,307.847127791161,10,0.1,0.616146042428203,0.85,NA,NA,NA,0.1,0.85
"mk","tl5.00_gl0.10_c100","model12",0.252268109663623,0.0528563439667705,10,5,0.1,100,50,NA,1,0.999294201738333,771.707079484223,0.00817758649643584,291.739683134593,10,0,15.1649745314324,0.95,NA,NA,NA,0,0.95
"mk","tl5.00_gl0.10_c100","model2",0.255592585404976,0.0496708400620597,10,5,0.1,100,50,NA,1,0.99929414867774,760.551451246365,0.00674491602495864,479.488136023248,10,1,0.0619139838997426,0.05,NA,NA,NA,1,0.05
"mk","tl5.00_gl0.10_c100","model3",0.254805862095334,0.0501896305070301,10,5,0.1,100,50,NA,1,0.999250999514796,765.327973686672,0.00719439188341309,471.412040942202,10,1,0.0755049817711746,0.05,0,80.5577906585003,0.95,0.5,0.45
"mk","tl5.00_gl0.10_c100","model4",0.254260462597316,0.050889579886275,10,5,0.1,100,50,NA,1,0.999261224187186,750.176845352097,0.00707283488660249,459.515723300636,10,1,0.157022936537662,0.05,NA,NA,NA,1,0.05
"mk","tl5.00_gl0.10_c100","model5",0.254362427759134,0.0510876673620402,10,5,0.1,100,50,NA,1,0.999322918800702,794.204259743368,0.00676527674637879,453.701806666962,10,1,0.154787975002413,0.05,NA,NA,NA,0.5,0.45
"mk","tl5.00_gl0.10_c100","model6",0.254867450686841,0.0485584448607722,10,5,0.1,100,50,NA,1,0.999285471502599,794.514308406743,0.00700270797123624,468.276169043982,10,1,0.155901355993002,0.05,NA,NA,NA,1,0.05
"mk","tl5.00_gl0.10_c100","model7",0.262352021686778,0.052970325957654,9,5,0.1,100,50,NA,0.9,0.999791888250404,1048.09454651976,0.00361358051133513,535.709054626225,10,0.7,1.20764117976355,0.25,0,81.1037617123607,0.95,0.222222222222222,0.727777777777778
"mk","tl5.00_gl0.10_c100","model8",0.255494619586785,0.0491626258559597,10,5,0.1,100,50,NA,1,0.999329362534524,769.745814121138,0.0067909111201671,479.041657099148,10,1,0.140838165155893,0.05,NA,NA,NA,0.5,0.45
"mk","tl5.00_gl0.10_c100","model9",0.25282792532634,0.0498039827036619,5,5,0.1,100,50,NA,0.5,0.999924446147889,300.994769627008,0.00200072974935005,557.897576826448,10,0.7,4.16932604419442,0.25,NA,NA,NA,0.3,0.65
"mk","tl5.00_gl0.10_c200","model1",0.183847911748866,0.0572306020950968,10,5,0.1,200,50,NA,1,0.999341644795482,765.912976988039,0.00766127750813727,460.070803456065,10,1,0.0226607700287969,0.05,NA,NA,NA,1,0.05
"mk","tl5.00_gl0.10_c200","model10",0.184516552725272,0.058480050773821,10,5,0.1,200,50,NA,1,0.999292273252017,786.431931547508,0.00740803159054599,420.762172605188,10,1,0.0288002337234791,0.05,NA,NA,NA,0.5,0.45
"mk","tl5.00_gl0.10_c200","model11",0.14365641771975,0.0614962105553924,10,5,0.1,200,50,NA,1,0.999201413947091,703.35844555717,0.009837225577371,356.969411217713,10,0,0.336854774426354,0.95,NA,NA,NA,0,0.95
"mk","tl5.00_gl0.10_c200","model12",0.193302562375752,0.0119984572114365,2,5,0.1,200,50,NA,0.2,0.999446104287912,1729.59657921699,0.0991818355384898,164.921392622085,10,0,14.9985076728797,0.95,NA,NA,NA,0,0.95
"mk","tl5.00_gl0.10_c200","model2",0.182367926311545,0.056247243656121,10,5,0.1,200,50,NA,1,0.99924142964384,715.340553115596,0.00778156984514321,390.539139421082,10,1,0.0252676223794701,0.05,NA,NA,NA,1,0.05
"mk","tl5.00_gl0.10_c200","model3",0.18036512460471,0.0528554641697817,10,5,0.1,200,50,NA,1,0.999144483911986,694.398572253352,0.00855119513475347,427.142671186839,10,1,0.0235012736222001,0.05,0,81.1654226651953,0.95,0.5,0.45
"mk","tl5.00_gl0.10_c200","model4",0.181402534141817,0.0553060973183114,10,5,0.1,200,50,NA,1,0.999297255253705,779.154199629891,0.00756842851213059,441.136831241955,10,1,0.0231842786763094,0.05,NA,NA,NA,1,0.05
"mk","tl5.00_gl0.10_c200","model5",0.181897856084475,0.0566023294894565,10,5,0.1,200,50,NA,1,0.999331503823188,795.263267507159,0.00744535415287871,480.019155697792,10,1,0.0264223734487488,0.05,NA,NA,NA,0.5,0.45
"mk","tl5.00_gl0.10_c200","model6",0.182829002608839,0.0553912075037042,10,5,0.1,200,50,NA,1,0.99926802864314,747.38031430221,0.00780110337077279,440.787989622993,10,1,0.0282338232970466,0.05,NA,NA,NA,1,0.05
"mk","tl5.00_gl0.10_c200","model7",0.180838275465345,0.0626095532403589,10,5,0.1,200,50,NA,1,0.999778663856276,1356.6447040834,0.00414720693461478,556.200095634929,10,1,0.540463347169121,0.05,NA,NA,NA,0.5,0.45
"mk","tl5.00_gl0.10_c200","model8",0.180949874110733,0.0551736329859036,10,5,0.1,200,50,NA,1,0.999249157152416,772.847746325377,0.00801809410816907,426.273818347826,10,1,0.0272673943413051,0.05,NA,NA,NA,0.5,0.45
"mk","tl5.00_gl0.10_c200","model9",0.180245787160622,0,1,5,0.1,200,50,NA,0.1,0.999913567269669,163.870983354065,0.0023424432472549,576.912669913205,10,0.9,6.12924884922463,0.0499999999999999,NA,NA,NA,0.5,0.45
"mk","tl5.00_gl0.10_c25","model1",0.532060001818108,0.0609662360793406,10,5,0.1,25,50,NA,1,0.999459155564047,752.498992202331,0.00595956381050695,428.364645418535,10,0.7,0.699081546179059,0.25,NA,NA,NA,0.7,0.25
"mk","tl5.00_gl0.10_c25","model10",0.528430562433195,0.0504116853632366,10,5,0.1,25,50,NA,1,0.999538259011783,787.687129964043,0.0054424470012151,436.638510329592,10,0.5,3.21934701404883,0.45,NA,NA,NA,0.25,0.7
"mk","tl5.00_gl0.10_c25","model11",0.502501024102281,0.0320227775979584,10,5,0.1,25,50,NA,1,0.99947425648209,739.128654795509,0.00591415746698742,184.141380776992,10,0,2.2650675406033,0.95,NA,NA,NA,0,0.95
"mk","tl5.00_gl0.10_c25","model12",0.526657640184626,0.0559566638470759,10,5,0.1,25,50,NA,1,0.999571211113795,853.090264508967,0.00514662514497997,252.197440921127,10,0,12.3850091813675,0.95,NA,NA,NA,0,0.95
"mk","tl5.00_gl0.10_c25","model2",0.53009042466532,0.0663207436272049,10,5,0.1,25,50,NA,1,0.999395179668245,750.454201900731,0.00627438638187893,386.315333498631,10,0.8,0.760031840332549,0.15,NA,NA,NA,0.8,0.15
"mk","tl5.00_gl0.10_c25","model3",0.530922172977755,0.0591021521098176,10,5,0.1,25,50,NA,1,0.999472319884896,761.664339059685,0.00569585779445746,405.705137422553,10,0.7,0.742429396606054,0.25,0,80.8622346368214,0.95,0.35,0.6
"mk","tl5.00_gl0.10_c25","model4",0.530379609360238,0.0574274770467631,10,5,0.1,25,50,NA,1,0.999462937251502,743.142918060274,0.00590524082274519,425.237142459488,10,0.4,1.70255208605803,0.55,NA,NA,NA,0.4,0.55
"mk","tl5.00_gl0.10_c25","model5",0.530481104653862,0.0577269745143798,10,5,0.1,25,50,NA,1,0.999531945376074,812.523875653528,0.00549007659730372,430.340965126679,10,0.4,2.05857721022738,0.55,NA,NA,NA,0.2,0.75
"mk","tl5.00_gl0.10_c25","model6",0.527525953177364,0.0664802911488652,10,5,0.1,25,50,NA,1,0.999421428679208,737.274246469962,0.00613243975292612,405.302742151336,10,0.6,1.75840069896711,0.35,NA,NA,NA,0.6,0.35
"mk","tl5.00_gl0.10_c25","model7",0.528826044890425,0.07673236738925,10,5,0.1,25,50,NA,1,0.999780698023265,652.928773779391,0.00371334078869525,568.554344094284,10,0.3,5.10093970089203,0.65,0,80.5452461269963,0.95,0.1,0.85
"mk","tl5.00_gl0.10_c25","model8",0.530756238047479,0.0658487974833222,10,5,0.1,25,50,NA,1,0.999458931128435,788.479649752559,0.00589978559503852,409.630694725329,10,0.5,2.13166798734878,0.45,NA,NA,NA,0.25,0.7
"mk","tl5.00_gl0.10_c25","model9",0.532767658744341,0.0751288835592004,10,5,0.1,25,50,NA,1,0.999711267386297,776.568722978413,0.00431460506049761,568.005524998903,10,0.3,6.76448007477013,0.65,NA,NA,NA,0.15,0.8
"mk","tl5.00_gl0.10_c50","model1",0.363608490083731,0.0498520887377221,10,5,0.1,50,50,NA,1,0.999300988655952,726.013756833539,0.00667545180143301,310.084303618446,10,0.7,0.250784538948695,0.25,NA,NA,NA,0.7,0.25
"mk","tl5.00_gl0.10_c50","model10",0.367359376586776,0.0435073509337786,10,5,0.1,50,50,NA,1,0.999395165317003,798.587969165017,0.00613823012739887,367.192121840154,10,0.9,0.575268504637317,0.0499999999999999,NA,NA,NA,0.45,0.5
"mk","tl5.00_gl0.10_c50","model11",0.321856636391061,0.0482180408461626,10,5,0.1,50,50,NA,1,0.999280290444907,703.375957904069,0.00751294768505805,259.204326579086,10,0.2,0.970381303787146,0.75,NA,NA,NA,0.2,0.75
"mk","tl5.00_gl0.10_c50","model12",0.358912097007533,0.0500183451862948,10,5,0.1,50,50,NA,1,0.999390291816653,1058.14784605678,0.00651533704834588,283.538564404618,10,0,14.5168220742414,0.95,NA,NA,NA,0,0.95
"mk","tl5.00_gl0.10_c50","model2",0.364509456443431,0.053810611896667,10,5,0.1,50,50,NA,1,0.999280111135775,736.70825162733,0.00675925379506956,358.100028499586,10,0.8,0.246708347317524,0.15,NA,NA,NA,0.8,0.15
"mk","tl5.00_gl0.10_c50","model3",0.361904119982815,0.0536055261128144,10,5,0.1,50,50,NA,1,0.999256666247285,710.846531276017,0.00676993303739588,363.252435061586,10,0.7,0.256510812556916,0.25,0,80.6955630648671,0.95,0.35,0.6
"mk","tl5.00_gl0.10_c50","model4",0.363699119741976,0.0509658494701052,10,5,0.1,50,50,NA,1,0.99934098396131,765.54812630211,0.00632869815168872,351.708724560663,10,0.9,0.406689443150163,0.0499999999999999,NA,NA,NA,0.9,0.0499999999999999
"mk","tl5.00_gl0.10_c50","model5",0.365023280164279,0.047566035347279,10,5,0.1,50,50,NA,1,0.999334723058898,747.284589863003,0.00654587226284232,355.249509078868,10,0.9,0.442986889876199,0.0499999999999999,NA,NA,NA,0.45,0.5
"mk","tl5.00_gl0.10_c50","model6",0.365073382417101,0.0516618934988399,10,5,0.1,50,50,NA,1,0.999372559472322,782.461061303757,0.00619458279291632,352.760286953712,10,0.9,0.431541666185837,0.0499999999999999,NA,NA,NA,0.9,0.0499999999999999
"mk","tl5.00_gl0.10_c50","model7",0.351410775013239,0.045282401765796,8,5,0.1,50,50,NA,0.8,0.999788757654598,467.926968369772,0.00354548524321847,516.170146467042,10,0.6,3.00471136353576,0.35,0,80.3641414832582,0.95,0.166666666666667,0.783333333333333
"mk","tl5.00_gl0.10_c50","model8",0.364275431659147,0.0493292956118611,10,5,0.1,50,50,NA,1,0.999339053827807,822.795336624347,0.00630824794499774,331.904838283814,10,0.9,0.461851307781655,0.0499999999999999,NA,NA,NA,0.45,0.5
"mk","tl5.00_gl0.10_c50","model9",0.367059967210055,0.0523682013089872,10,5,0.1,50,50,NA,1,0.999811419035404,405.917480344121,0.00327886109429011,502.668269503635,10,0.5,4.97632063182179,0.45,NA,NA,NA,0.25,0.7
"mk","tl5.00_gl0.25_c100","model1",0.254182024472382,0.0487008862227253,10,5,0.25,100,50,NA,1,0.999230398727072,737.084056509128,0.00718299561272802,450.213507573244,10,1,0.068308698903698,0.05,NA,NA,NA,1,0.05
"mk","tl5.00_gl0.25_c100","model10",0.257529369765726,0.0528853638907201,10,5,0.25,100,50,NA,1,0.999253218349335,756.84539763762,0.00713136229969373,432.724502707676,10,1,0.165838097625129,0.05,NA,NA,NA,0.5,0.45
"mk","tl5.00_gl0.25_c100","model11",0.213078978404445,0.100676055520618,10,5,0.25,100,50,NA,1,0.999270672403823,709.538028235791,0.00820583730980146,307.847127791161,10,0.1,0.616146042428203,0.85,NA,NA,NA,0.1,0.85
"mk","tl5.00_gl0.25_c100","model12",0.25229619347016,0.0529869798891358,10,5,0.25,100,50,NA,1,0.999294181146497,771.514489037615,0.00817758649643584,291.739683134593,10,0,15.1652123715794,0.95,NA,NA,NA,0,0.95
"mk","tl5.00_gl0.25_c100","model2",0.255592585404976,0.0496708400620597,10,5,0.25,100,50,NA,1,0.99929414867774,760.551451246365,0.00674491602495864,479.488136023248,10,1,0.0619139838997426,0.05,NA,NA,NA,1,0.05
"mk","tl5.00_gl0.25_c100","model3",0.254805862095334,0.0501896305070301,10,5,0.25,100,50,NA,1,0.999250999514796,765.327973686672,0.00719439188341309,471.412040942202,10,1,0.0755049817711746,0.05,0,8.85911679467412,0.95,0.5,0.45
"mk","tl5.00_gl0.25_c100","model4",0.254260462597316,0.050889579886275,10,5,0.25,100,50,NA,1,0.999261224187186,750.176845352097,0.00707283488660249,459.515723300636,10,1,0.157022936537662,0.05,NA,NA,NA,1,0.05
"mk","tl5.00_gl0.25_c100","model5",0.254362427759134,0.0510876673620402,10,5,0.25,100,50,NA,1,0.999322918800702,794.204259743368,0.00676527674637879,453.701806666962,10,1,0.154787975002413,0.05,NA,NA,NA,0.5,0.45
"mk","tl5.00_gl0.25_c100","model6",0.254867450686841,0.0485584448607722,10,5,0.25,100,50,NA,1,0.999285471502599,794.514308406743,0.00700270797123624,468.276169043982,10,1,0.155901355993002,0.05,NA,NA,NA,1,0.05
"mk","tl5.00_gl0.25_c100","model7",0.262512343909713,0.0531005751816584,9,5,0.25,100,50,NA,0.9,0.999789854067716,1035.1794460934,0.00363361748889912,565.552696307382,10,0.7,1.20338806219823,0.25,0,9.05263441582326,0.95,0.222222222222222,0.727777777777778
"mk","tl5.00_gl0.25_c100","model8",0.255494619586785,0.0491626258559597,10,5,0.25,100,50,NA,1,0.999329362534524,769.745814121138,0.0067909111201671,479.041657099148,10,1,0.140838165155893,0.05,NA,NA,NA,0.5,0.45
"mk","tl5.00_gl0.25_c100","model9",0.25282792532634,0.0496210446437395,5,5,0.25,100,50,NA,0.5,0.999924110281795,301.478777974169,0.00201029558646167,610.068510403371,10,0.7,4.15658945461332,0.25,NA,NA,NA,0.3,0.65
"mk","tl5.00_gl0.25_c200","model1",0.183847911748866,0.0572306020950968,10,5,0.25,200,50,NA,1,0.999341644795482,765.912976988039,0.00766127750813727,460.070803456065,10,1,0.0226607700287969,0.05,NA,NA,NA,1,0.05
"mk","tl5.00_gl0.25_c200","model10",0.184516552725272,0.058480050773821,10,5,0.25,200,50,NA,1,0.999292273252017,786.431931547508,0.00740803159054599,420.762172605188,10,1,0.0288002337234791,0.05,NA,NA,NA,0.5,0.45
"mk","tl5.00_gl0.25_c200","model11",0.14365641771975,0.0614962105553924,10,5,0.25,200,50,NA,1,0.999201413947091,703.35844555717,0.009837225577371,356.969411217713,10,0,0.336854774426354,0.95,NA,NA,NA,0,0.95
"mk","tl5.00_gl0.25_c200","model12",0.182064694773747,0.0181457953267119,6,5,0.25,200,50,NA,0.6,0.999524834460187,1813.95532392231,0.0587433688677573,281.405781576668,10,0,14.9987949106253,0.95,NA,NA,NA,0,0.95
"mk","tl5.00_gl0.25_c200","model2",0.182367926311545,0.056247243656121,10,5,0.25,200,50,NA,1,0.99924142964384,715.340553115596,0.00778156984514321,390.539139421082,10,1,0.0252676223794701,0.05,NA,NA,NA,1,0.05
"mk","tl5.00_gl0.25_c200","model3",0.18036512460471,0.0528554641697817,10,5,0.25,200,50,NA,1,0.999144483911986,694.398572253352,0.00855119513475347,427.142671186839,10,1,0.0235012736222001,0.05,0,9.0570899285529,0.95,0.5,0.45
"mk","tl5.00_gl0.25_c200","model4",0.181402534141817,0.0553060973183114,10,5,0.25,200,50,NA,1,0.999297255253705,779.154199629891,0.00756842851213059,441.136831241955,10,1,0.0231842786763094,0.05,NA,NA,NA,1,0.05
"mk","tl5.00_gl0.25_c200","model5",0.181897856084475,0.0566023294894565,10,5,0.25,200,50,NA,1,0.999331503823188,795.263267507159,0.00744535415287871,480.019155697792,10,1,0.0264223734487488,0.05,NA,NA,NA,0.5,0.45
"mk","tl5.00_gl0.25_c200","model6",0.182829002608839,0.0553912075037042,10,5,0.25,200,50,NA,1,0.99926802864314,747.38031430221,0.00780110337077279,440.787989622993,10,1,0.0282338232970466,0.05,NA,NA,NA,1,0.05
"mk","tl5.00_gl0.25_c200","model7",0.180889007793734,0.0626325910801033,10,5,0.25,200,50,NA,1,0.999777055284983,1335.43895451665,0.00415798595170516,514.862515658428,10,1,0.540294911028852,0.05,NA,NA,NA,0.5,0.45
"mk","tl5.00_gl0.25_c200","model8",0.180949874110733,0.0551736329859036,10,5,0.25,200,50,NA,1,0.999249157152416,772.847746325377,0.00801809410816907,426.273818347826,10,1,0.0272673943413051,0.05,NA,NA,NA,0.5,0.45
"mk","tl5.00_gl0.25_c200","model9",0.180245787160622,0,1,5,0.25,200,50,NA,0.1,0.999913600201401,155.482269544283,0.00234545949570659,560.46747059844,10,0.9,6.13805245459033,0.0499999999999999,NA,NA,NA,0.5,0.45
"mk","tl5.00_gl0.25_c25","model1",0.532060001818108,0.0609662360793406,10,5,0.25,25,50,NA,1,0.999459155564047,752.498992202331,0.00595956381050695,428.364645418535,10,0.7,0.699081546179059,0.25,NA,NA,NA,0.7,0.25
"mk","tl5.00_gl0.25_c25","model10",0.528430562433195,0.0504116853632366,10,5,0.25,25,50,NA,1,0.999538259011783,787.687129964043,0.0054424470012151,436.638510329592,10,0.5,3.21934701404883,0.45,NA,NA,NA,0.4,0.55
"mk","tl5.00_gl0.25_c25","model11",0.502501024102281,0.0320227775979584,10,5,0.25,25,50,NA,1,0.99947425648209,739.128654795509,0.00591415746698742,184.141380776992,10,0,2.2650675406033,0.95,NA,NA,NA,0,0.95
"mk","tl5.00_gl0.25_c25","model12",0.526470825047154,0.0556767939190885,10,5,0.25,25,50,NA,1,0.999570044903897,842.543895483739,0.00515469774428939,256.774752387812,10,0,12.3790958623888,0.95,NA,NA,NA,0,0.95
"mk","tl5.00_gl0.25_c25","model2",0.53009042466532,0.0663207436272049,10,5,0.25,25,50,NA,1,0.999395179668245,750.454201900731,0.00627438638187893,386.315333498631,10,0.8,0.760031840332549,0.15,NA,NA,NA,0.8,0.15
"mk","tl5.00_gl0.25_c25","model3",0.530922172977755,0.0591021521098176,10,5,0.25,25,50,NA,1,0.999472319884896,761.664339059685,0.00569585779445746,405.705137422553,10,0.7,0.742429396606054,0.25,0,8.97880353737782,0.95,0.35,0.6
"mk","tl5.00_gl0.25_c25","model4",0.530379609360238,0.0574274770467631,10,5,0.25,25,50,NA,1,0.999462937251502,743.142918060274,0.00590524082274519,425.237142459488,10,0.4,1.70255208605803,0.55,NA,NA,NA,0.4,0.55
"mk","tl5.00_gl0.25_c25","model5",0.530481104653862,0.0577269745143798,10,5,0.25,25,50,NA,1,0.999531945376074,812.523875653528,0.00549007659730372,430.340965126679,10,0.4,2.05857721022738,0.55,NA,NA,NA,0.2,0.75
"mk","tl5.00_gl0.25_c25","model6",0.527525953177364,0.0664802911488652,10,5,0.25,25,50,NA,1,0.999421428679208,737.274246469962,0.00613243975292612,405.302742151336,10,0.6,1.75840069896711,0.35,NA,NA,NA,0.6,0.35
"mk","tl5.00_gl0.25_c25","model7",0.528773046989666,0.07673236738925,10,5,0.25,25,50,NA,1,0.999781117478655,658.741994851409,0.00371129713690705,558.846448525798,10,0.3,5.10245433899485,0.65,0,8.87495536795928,0.95,0.1,0.85
"mk","tl5.00_gl0.25_c25","model8",0.530756238047479,0.0658487974833222,10,5,0.25,25,50,NA,1,0.999458931128435,788.479649752559,0.00589978559503852,409.630694725329,10,0.5,2.13166798734878,0.45,NA,NA,NA,0.25,0.7
"mk","tl5.00_gl0.25_c25","model9",0.532908387579869,0.0751288835592004,10,5,0.25,25,50,NA,1,0.999711732747352,780.396178660418,0.00431198523511337,564.507545955792,10,0.3,6.76355785665611,0.65,NA,NA,NA,0.15,0.8
"mk","tl5.00_gl0.25_c50","model1",0.363608490083731,0.0498520887377221,10,5,0.25,50,50,NA,1,0.999300988655952,726.013756833539,0.00667545180143301,310.084303618446,10,0.7,0.250784538948695,0.25,NA,NA,NA,0.7,0.25
"mk","tl5.00_gl0.25_c50","model10",0.367359376586776,0.0435073509337786,10,5,0.25,50,50,NA,1,0.999395165317003,798.587969165017,0.00613823012739887,367.192121840154,10,0.9,0.575268504637317,0.0499999999999999,NA,NA,NA,0.45,0.5
"mk","tl5.00_gl0.25_c50","model11",0.321856636391061,0.0482180408461626,10,5,0.25,50,50,NA,1,0.999280290444907,703.375957904069,0.00751294768505805,259.204326579086,10,0.2,0.970381303787146,0.75,NA,NA,NA,0.2,0.75
"mk","tl5.00_gl0.25_c50","model12",0.35908724799355,0.0492832000168935,10,5,0.25,50,50,NA,1,0.999392605510241,1066.6241326184,0.00649809426280788,276.414911190939,10,0,14.5170970553072,0.95,NA,NA,NA,0,0.95
"mk","tl5.00_gl0.25_c50","model2",0.364509456443431,0.053810611896667,10,5,0.25,50,50,NA,1,0.999280111135775,736.70825162733,0.00675925379506956,358.100028499586,10,0.8,0.246708347317524,0.15,NA,NA,NA,0.8,0.15
"mk","tl5.00_gl0.25_c50","model3",0.361904119982815,0.0536055261128144,10,5,0.25,50,50,NA,1,0.999256666247285,710.846531276017,0.00676993303739588,363.252435061586,10,0.7,0.256510812556916,0.25,0,8.92258350134728,0.95,0.35,0.6
"mk","tl5.00_gl0.25_c50","model4",0.363699119741976,0.0509658494701052,10,5,0.25,50,50,NA,1,0.99934098396131,765.54812630211,0.00632869815168872,351.708724560663,10,0.9,0.406689443150163,0.0499999999999999,NA,NA,NA,0.9,0.0499999999999999
"mk","tl5.00_gl0.25_c50","model5",0.365023280164279,0.047566035347279,10,5,0.25,50,50,NA,1,0.999334723058898,747.284589863003,0.00654587226284232,355.249509078868,10,0.9,0.442986889876199,0.0499999999999999,NA,NA,NA,0.45,0.5
"mk","tl5.00_gl0.25_c50","model6",0.365073382417101,0.0516618934988399,10,5,0.25,50,50,NA,1,0.999372559472322,782.461061303757,0.00619458279291632,352.760286953712,10,0.9,0.431541666185837,0.0499999999999999,NA,NA,NA,0.9,0.0499999999999999
"mk","tl5.00_gl0.25_c50","model7",0.351316280263294,0.0453307419280464,8,5,0.25,50,50,NA,0.8,0.999789132125848,470.964376413437,0.0035315522719476,522.148464389654,10,0.6,3.00854474382746,0.35,0,8.80872908123485,0.95,0.166666666666667,0.783333333333333
"mk","tl5.00_gl0.25_c50","model8",0.364275431659147,0.0493292956118611,10,5,0.25,50,50,NA,1,0.999339053827807,822.795336624347,0.00630824794499774,331.904838283814,10,0.9,0.461851307781655,0.0499999999999999,NA,NA,NA,0.45,0.5
"mk","tl5.00_gl0.25_c50","model9",0.367065715940258,0.0526623389443939,10,5,0.25,50,50,NA,1,0.999811548592247,413.119976273688,0.00326327964361947,518.656090833075,10,0.5,4.9750274573041,0.45,NA,NA,NA,0.25,0.7
"mk","tl5.00_gl0.50_c100","model1",0.254182024472382,0.0487008862227253,10,5,0.5,100,50,NA,1,0.999230398727072,737.084056509128,0.00718299561272802,450.213507573244,10,1,0.068308698903698,0.05,NA,NA,NA,1,0.05
"mk","tl5.00_gl0.50_c100","model10",0.257529369765726,0.0528853638907201,10,5,0.5,100,50,NA,1,0.999253218349335,756.84539763762,0.00713136229969373,432.724502707676,10,1,0.165838097625129,0.05,NA,NA,NA,0.55,0.4
"mk","tl5.00_gl0.50_c100","model11",0.213078978404445,0.100676055520618,10,5,0.5,100,50,NA,1,0.999270672403823,709.538028235791,0.00820583730980146,307.847127791161,10,0.1,0.616146042428203,0.85,NA,NA,NA,0.1,0.85
"mk","tl5.00_gl0.50_c100","model12",0.252202402048789,0.0528098314376351,10,5,0.5,100,50,NA,1,0.999295023848865,776.279889224606,0.00816502161139225,283.715821607047,10,0,15.1655005718563,0.95,NA,NA,NA,0,0.95
"mk","tl5.00_gl0.50_c100","model2",0.255592585404976,0.0496708400620597,10,5,0.5,100,50,NA,1,0.99929414867774,760.551451246365,0.00674491602495864,479.488136023248,10,1,0.0619139838997426,0.05,NA,NA,NA,1,0.05
"mk","tl5.00_gl0.50_c100","model3",0.254805862095334,0.0501896305070301,10,5,0.5,100,50,NA,1,0.999250999514796,765.327973686672,0.00719439188341309,471.412040942202,10,1,0.0755049817711746,0.05,0,0.959558840065406,0.95,0.5,0.45
"mk","tl5.00_gl0.50_c100","model4",0.254260462597316,0.050889579886275,10,5,0.5,100,50,NA,1,0.999261224187186,750.176845352097,0.00707283488660249,459.515723300636,10,1,0.157022936537662,0.05,NA,NA,NA,1,0.05
"mk","tl5.00_gl0.50_c100","model5",0.254362427759134,0.0510876673620402,10,5,0.5,100,50,NA,1,0.999322918800702,794.204259743368,0.00676527674637879,453.701806666962,10,1,0.154787975002413,0.05,NA,NA,NA,0.5,0.45
"mk","tl5.00_gl0.50_c100","model6",0.254867450686841,0.0485584448607722,10,5,0.5,100,50,NA,1,0.999285471502599,794.514308406743,0.00700270797123624,468.276169043982,10,1,0.155901355993002,0.05,NA,NA,NA,1,0.05
"mk","tl5.00_gl0.50_c100","model7",0.262410561867621,0.0529348261149587,9,5,0.5,100,50,NA,0.9,0.999793360223401,1051.28892350358,0.00359389423340474,550.094476839699,10,0.7,1.21143735846471,0.25,0,1.03438358575821,0.95,0.222222222222222,0.727777777777778
"mk","tl5.00_gl0.50_c100","model8",0.255494619586785,0.0491626258559597,10,5,0.5,100,50,NA,1,0.999329362534524,769.745814121138,0.0067909111201671,479.041657099148,10,1,0.140838165155893,0.05,NA,NA,NA,0.5,0.45
"mk","tl5.00_gl0.50_c100","model9",0.25282792532634,0.0497024601846627,5,5,0.5,100,50,NA,0.5,0.99992415346199,301.555863123938,0.00200693866600875,624.395207357624,10,0.7,4.17028710381716,0.25,NA,NA,NA,0.3,0.65
"mk","tl5.00_gl0.50_c200","model1",0.183847911748866,0.0572306020950968,10,5,0.5,200,50,NA,1,0.999341644795482,765.912976988039,0.00766127750813727,460.070803456065,10,1,0.0226607700287969,0.05,NA,NA,NA,1,0.05
"mk","tl5.00_gl0.50_c200","model10",0.184516552725272,0.058480050773821,10,5,0.5,200,50,NA,1,0.999292273252017,786.431931547508,0.00740803159054599,420.762172605188,10,1,0.0288002337234791,0.05,NA,NA,NA,0.5,0.45
"mk","tl5.00_gl0.50_c200","model11",0.14365641771975,0.0614962105553924,10,5,0.5,200,50,NA,1,0.999201413947091,703.35844555717,0.009837225577371,356.969411217713,10,0,0.336854774426354,0.95,NA,NA,NA,0,0.95
"mk","tl5.00_gl0.50_c200","model12",0.181384444352639,0.0222807492924373,8,5,0.5,200,50,NA,0.8,0.999384728677693,1439.36957351171,0.00846445556545138,399.158114042069,10,0,14.9985553504434,0.95,NA,NA,NA,0,0.95
"mk","tl5.00_gl0.50_c200","model2",0.182367926311545,0.056247243656121,10,5,0.5,200,50,NA,1,0.99924142964384,715.340553115596,0.00778156984514321,390.539139421082,10,1,0.0252676223794701,0.05,NA,NA,NA,1,0.05
"mk","tl5.00_gl0.50_c200","model3",0.18036512460471,0.0528554641697817,10,5,0.5,200,50,NA,1,0.999144483911986,694.398572253352,0.00855119513475347,427.142671186839,10,1,0.0235012736222001,0.05,0,1.02097901633876,0.95,0.5,0.45
"mk","tl5.00_gl0.50_c200","model4",0.181402534141817,0.0553060973183114,10,5,0.5,200,50,NA,1,0.999297255253705,779.154199629891,0.00756842851213059,441.136831241955,10,1,0.0231842786763094,0.05,NA,NA,NA,1,0.05
"mk","tl5.00_gl0.50_c200","model5",0.181897856084475,0.0566023294894565,10,5,0.5,200,50,NA,1,0.999331503823188,795.263267507159,0.00744535415287871,480.019155697792,10,1,0.0264223734487488,0.05,NA,NA,NA,0.5,0.45
"mk","tl5.00_gl0.50_c200","model6",0.182829002608839,0.0553912075037042,10,5,0.5,200,50,NA,1,0.99926802864314,747.38031430221,0.00780110337077279,440.787989622993,10,1,0.0282338232970466,0.05,NA,NA,NA,1,0.05
"mk","tl5.00_gl0.50_c200","model7",0.180931545484595,0.0626019534461069,10,5,0.5,200,50,NA,1,0.999776490297674,1323.02810841268,0.00416420626138321,584.984120685069,10,1,0.541234908339833,0.05,NA,NA,NA,0.5,0.45
"mk","tl5.00_gl0.50_c200","model8",0.180949874110733,0.0551736329859036,10,5,0.5,200,50,NA,1,0.999249157152416,772.847746325377,0.00801809410816907,426.273818347826,10,1,0.0272673943413051,0.05,NA,NA,NA,0.5,0.45
"mk","tl5.00_gl0.50_c200","model9",0.180159460307766,0,1,5,0.5,200,50,NA,0.1,0.999913499791426,156.474427332337,0.0025117685303469,567.982713119005,10,0.9,6.13528418865883,0.0499999999999999,NA,NA,NA,0.5,0.45
"mk","tl5.00_gl0.50_c25","model1",0.532060001818108,0.0609662360793406,10,5,0.5,25,50,NA,1,0.999459155564047,752.498992202331,0.00595956381050695,428.364645418535,10,0.7,0.699081546179059,0.25,NA,NA,NA,0.7,0.25
"mk","tl5.00_gl0.50_c25","model10",0.528430562433195,0.0504116853632366,10,5,0.5,25,50,NA,1,0.999538259011783,787.687129964043,0.0054424470012151,436.638510329592,10,0.5,3.21934701404883,0.45,NA,NA,NA,0.55,0.4
"mk","tl5.00_gl0.50_c25","model11",0.502501024102281,0.0320227775979584,10,5,0.5,25,50,NA,1,0.99947425648209,739.128654795509,0.00591415746698742,184.141380776992,10,0,2.2650675406033,0.95,NA,NA,NA,0,0.95
"mk","tl5.00_gl0.50_c25","model12",0.526680975197316,0.0559017085942971,10,5,0.5,25,50,NA,1,0.999571202238533,854.280820568328,0.00515047137989476,255.983137174023,10,0,12.3772829711453,0.95,NA,NA,NA,0,0.95
"mk","tl5.00_gl0.50_c25","model2",0.53009042466532,0.0663207436272049,10,5,0.5,25,50,NA,1,0.999395179668245,750.454201900731,0.00627438638187893,386.315333498631,10,0.8,0.760031840332549,0.15,NA,NA,NA,0.8,0.15
"mk","tl5.00_gl0.50_c25","model3",0.530922172977755,0.0591021521098176,10,5,0.5,25,50,NA,1,0.999472319884896,761.664339059685,0.00569585779445746,405.705137422553,10,0.7,0.742429396606054,0.25,0,1.01765983756329,0.95,0.35,0.6
"mk","tl5.00_gl0.50_c25","model4",0.530379609360238,0.0574274770467631,10,5,0.5,25,50,NA,1,0.999462937251502,743.142918060274,0.00590524082274519,425.237142459488,10,0.4,1.70255208605803,0.55,NA,NA,NA,0.4,0.55
"mk","tl5.00_gl0.50_c25","model5",0.527598614215035,0.0574230144996929,10,5,0.5,25,50,NA,1,0.999502781340611,839.973083529241,0.0103089682860859,395.517636951583,10,0.4,2.0542371724944,0.55,0.25,0.787727313819015,0.7,0.483333333333333,0.466666666666667
"mk","tl5.00_gl0.50_c25","model6",0.527525953177364,0.0664802911488652,10,5,0.5,25,50,NA,1,0.999421428679208,737.274246469962,0.00613243975292612,405.302742151336,10,0.6,1.75840069896711,0.35,NA,NA,NA,0.6,0.35
"mk","tl5.00_gl0.50_c25","model7",0.528850060361121,0.07673236738925,10,5,0.5,25,50,NA,1,0.999779350201448,656.102527213258,0.00371960528016818,554.525485960142,10,0.3,5.10266079248687,0.65,0.5,0.975348976868723,0.45,0.533333333333333,0.416666666666667
"mk","tl5.00_gl0.50_c25","model8",0.530756238047479,0.0658487974833222,10,5,0.5,25,50,NA,1,0.999458931128435,788.479649752559,0.00589978559503852,409.630694725329,10,0.5,2.13166798734878,0.45,NA,NA,NA,0.65,0.3
"mk","tl5.00_gl0.50_c25","model9",0.532908387579869,0.0751288835592004,10,5,0.5,25,50,NA,1,0.999711732747352,780.396178660418,0.00431198523511337,564.507545955792,10,0.3,6.76355785665611,0.65,NA,NA,NA,0.5,0.45
"mk","tl5.00_gl0.50_c50","model1",0.363608490083731,0.0498520887377221,10,5,0.5,50,50,NA,1,0.999300988655952,726.013756833539,0.00667545180143301,310.084303618446,10,0.7,0.250784538948695,0.25,NA,NA,NA,0.7,0.25
"mk","tl5.00_gl0.50_c50","model10",0.367359376586776,0.0435073509337786,10,5,0.5,50,50,NA,1,0.999395165317003,798.587969165017,0.00613823012739887,367.192121840154,10,0.9,0.575268504637317,0.0499999999999999,NA,NA,NA,0.5,0.45
"mk","tl5.00_gl0.50_c50","model11",0.321856636391061,0.0482180408461626,10,5,0.5,50,50,NA,1,0.999280290444907,703.375957904069,0.00751294768505805,259.204326579086,10,0.2,0.970381303787146,0.75,NA,NA,NA,0.2,0.75
"mk","tl5.00_gl0.50_c50","model12",0.359031326519366,0.049015837358627,10,5,0.5,50,50,NA,1,0.999391092004754,1062.76071776881,0.00651396704025824,282.045507233538,10,0,14.5167665426698,0.95,NA,NA,NA,0,0.95
"mk","tl5.00_gl0.50_c50","model2",0.364509456443431,0.053810611896667,10,5,0.5,50,50,NA,1,0.999280111135775,736.70825162733,0.00675925379506956,358.100028499586,10,0.8,0.246708347317524,0.15,NA,NA,NA,0.8,0.15
"mk","tl5.00_gl0.50_c50","model3",0.361904119982815,0.0536055261128144,10,5,0.5,50,50,NA,1,0.999256666247285,710.846531276017,0.00676993303739588,363.252435061586,10,0.7,0.256510812556916,0.25,0,0.998256980174017,0.95,0.35,0.6
"mk","tl5.00_gl0.50_c50","model4",0.363699119741976,0.0509658494701052,10,5,0.5,50,50,NA,1,0.99934098396131,765.54812630211,0.00632869815168872,351.708724560663,10,0.9,0.406689443150163,0.0499999999999999,NA,NA,NA,0.9,0.0499999999999999
"mk","tl5.00_gl0.50_c50","model5",0.365023280164279,0.047566035347279,10,5,0.5,50,50,NA,1,0.999334723058898,747.284589863003,0.00654587226284232,355.249509078868,10,0.9,0.442986889876199,0.0499999999999999,NA,NA,NA,0.5,0.45
"mk","tl5.00_gl0.50_c50","model6",0.365073382417101,0.0516618934988399,10,5,0.5,50,50,NA,1,0.999372559472322,782.461061303757,0.00619458279291632,352.760286953712,10,0.9,0.431541666185837,0.0499999999999999,NA,NA,NA,0.9,0.0499999999999999
"mk","tl5.00_gl0.50_c50","model7",0.351378891685177,0.0453349314571043,8,5,0.5,50,50,NA,0.8,0.999791039674405,471.129353638274,0.00352081824299135,526.389219760984,10,0.6,3.01086302155663,0.35,0,0.957357843540115,0.95,0.208333333333333,0.741666666666667
"mk","tl5.00_gl0.50_c50","model8",0.364275431659147,0.0493292956118611,10,5,0.5,50,50,NA,1,0.999339053827807,822.795336624347,0.00630824794499774,331.904838283814,10,0.9,0.461851307781655,0.0499999999999999,NA,NA,NA,0.5,0.45
"mk","tl5.00_gl0.50_c50","model9",0.367038377798137,0.0523252453410209,10,5,0.5,50,50,NA,1,0.999810402991664,402.109323443095,0.00328685971568419,500.921581270882,10,0.5,4.9926141647094,0.45,NA,NA,NA,0.3,0.65
"mk","tl5.00_gl1.00_c100","model1",0.254182024472382,0.0487008862227253,10,5,1,100,50,NA,1,0.999230398727072,737.084056509128,0.00718299561272802,450.213507573244,10,1,0.068308698903698,0.05,NA,NA,NA,1,0.05
"mk","tl5.00_gl1.00_c100","model10",0.257529369765726,0.0528853638907201,10,5,1,100,50,NA,1,0.999253218349335,756.84539763762,0.00713136229969373,432.724502707676,10,1,0.165838097625129,0.05,NA,NA,NA,0.9,0.0499999999999999
"mk","tl5.00_gl1.00_c100","model11",0.213078978404445,0.100676055520618,10,5,1,100,50,NA,1,0.999270672403823,709.538028235791,0.00820583730980146,307.847127791161,10,0.1,0.616146042428203,0.85,NA,NA,NA,0.1,0.85
"mk","tl5.00_gl1.00_c100","model12",0.252310766762971,0.0529339159064445,10,5,1,100,50,NA,1,0.999292939835727,764.724178213316,0.00818279235925544,291.134093506857,10,0,15.1652270302864,0.95,NA,NA,NA,0,0.95
"mk","tl5.00_gl1.00_c100","model2",0.255592585404976,0.0496708400620597,10,5,1,100,50,NA,1,0.99929414867774,760.551451246365,0.00674491602495864,479.488136023248,10,1,0.0619139838997426,0.05,NA,NA,NA,1,0.05
"mk","tl5.00_gl1.00_c100","model3",0.254805862095334,0.0501896305070301,10,5,1,100,50,NA,1,0.999250999514796,765.327973686672,0.00719439188341309,471.412040942202,10,1,0.0755049817711746,0.05,1,0.00977986276104912,0.05,1,0.05
"mk","tl5.00_gl1.00_c100","model4",0.254260462597316,0.050889579886275,10,5,1,100,50,NA,1,0.999261224187186,750.176845352097,0.00707283488660249,459.515723300636,10,1,0.157022936537662,0.05,NA,NA,NA,1,0.05
"mk","tl5.00_gl1.00_c100","model5",0.254362427759134,0.0510876673620402,10,5,1,100,50,NA,1,0.999322918800702,794.204259743368,0.00676527674637879,453.701806666962,10,1,0.154787975002413,0.05,NA,NA,NA,0.9,0.0499999999999999
"mk","tl5.00_gl1.00_c100","model6",0.254867450686841,0.0485584448607722,10,5,1,100,50,NA,1,0.999285471502599,794.514308406743,0.00700270797123624,468.276169043982,10,1,0.155901355993002,0.05,NA,NA,NA,1,0.05
"mk","tl5.00_gl1.00_c100","model7",0.262323331688511,0.0529358105485083,9,5,1,100,50,NA,0.9,0.999789701154987,1049.64751862617,0.00363860879405006,556.906907392672,10,0.7,1.19881101180116,0.25,0.666666666666667,0.0263724098279199,0.283333333333333,0.648148148148148,0.301851851851852
"mk","tl5.00_gl1.00_c100","model8",0.255494619586785,0.0491626258559597,10,5,1,100,50,NA,1,0.999329362534524,769.745814121138,0.0067909111201671,479.041657099148,10,1,0.140838165155893,0.05,NA,NA,NA,0.9,0.0499999999999999
"mk","tl5.00_gl1.00_c100","model9",0.25282792532634,0.0528217175832321,5,5,1,100,50,NA,0.5,0.999924470524582,298.538920755457,0.00214486607272584,684.025628182008,10,0.7,4.15911938892276,0.25,NA,NA,NA,0.7,0.25
"mk","tl5.00_gl1.00_c200","model1",0.183847911748866,0.0572306020950968,10,5,1,200,50,NA,1,0.999341644795482,765.912976988039,0.00766127750813727,460.070803456065,10,1,0.0226607700287969,0.05,NA,NA,NA,1,0.05
"mk","tl5.00_gl1.00_c200","model10",0.184516552725272,0.058480050773821,10,5,1,200,50,NA,1,0.999292273252017,786.431931547508,0.00740803159054599,420.762172605188,10,1,0.0288002337234791,0.05,NA,NA,NA,1,0.05
"mk","tl5.00_gl1.00_c200","model11",0.14365641771975,0.0614962105553924,10,5,1,200,50,NA,1,0.999201413947091,703.35844555717,0.009837225577371,356.969411217713,10,0,0.336854774426354,0.95,NA,NA,NA,0,0.95
"mk","tl5.00_gl1.00_c200","model12",0.181395410653351,0.0559047087485252,10,5,1,200,50,NA,1,0.999552184491427,2605.04041002673,0.00664559625043478,467.85911166322,10,0,14.9989262346543,0.95,NA,NA,NA,0,0.95
"mk","tl5.00_gl1.00_c200","model2",0.182367926311545,0.056247243656121,10,5,1,200,50,NA,1,0.99924142964384,715.340553115596,0.00778156984514321,390.539139421082,10,1,0.0252676223794701,0.05,NA,NA,NA,1,0.05
"mk","tl5.00_gl1.00_c200","model3",0.18036512460471,0.0528554641697817,10,5,1,200,50,NA,1,0.999144483911986,694.398572253352,0.00855119513475347,427.142671186839,10,1,0.0235012736222001,0.05,1,0.00292356023169126,0.05,1,0.05
"mk","tl5.00_gl1.00_c200","model4",0.181402534141817,0.0553060973183114,10,5,1,200,50,NA,1,0.999297255253705,779.154199629891,0.00756842851213059,441.136831241955,10,1,0.0231842786763094,0.05,NA,NA,NA,1,0.05
"mk","tl5.00_gl1.00_c200","model5",0.181897856084475,0.0566023294894565,10,5,1,200,50,NA,1,0.999331503823188,795.263267507159,0.00744535415287871,480.019155697792,10,1,0.0264223734487488,0.05,NA,NA,NA,1,0.05
"mk","tl5.00_gl1.00_c200","model6",0.182829002608839,0.0553912075037042,10,5,1,200,50,NA,1,0.99926802864314,747.38031430221,0.00780110337077279,440.787989622993,10,1,0.0282338232970466,0.05,NA,NA,NA,1,0.05
"mk","tl5.00_gl1.00_c200","model7",0.180908477500091,0.0626094278223869,10,5,1,200,50,NA,1,0.999777070469405,1332.75743686185,0.0041549598850494,576.733537285943,10,1,0.540792026071405,0.05,NA,NA,NA,1,0.05
"mk","tl5.00_gl1.00_c200","model8",0.180949874110733,0.0551736329859036,10,5,1,200,50,NA,1,0.999249157152416,772.847746325377,0.00801809410816907,426.273818347826,10,1,0.0272673943413051,0.05,NA,NA,NA,1,0.05
"mk","tl5.00_gl1.00_c200","model9",0.180112805828567,0,1,5,1,200,50,NA,0.1,0.999913248449152,164.209437460448,0.00234257952929177,593.716964715074,10,0.9,6.13654257880234,0.0499999999999999,NA,NA,NA,1,0.05
"mk","tl5.00_gl1.00_c25","model1",0.532060001818108,0.0609662360793406,10,5,1,25,50,NA,1,0.999459155564047,752.498992202331,0.00595956381050695,428.364645418535,10,0.7,0.699081546179059,0.25,NA,NA,NA,0.7,0.25
"mk","tl5.00_gl1.00_c25","model10",0.528430562433195,0.0504116853632366,10,5,1,25,50,NA,1,0.999538259011783,787.687129964043,0.0054424470012151,436.638510329592,10,0.5,3.21934701404883,0.45,NA,NA,NA,0.7,0.25
"mk","tl5.00_gl1.00_c25","model11",0.502501024102281,0.0320227775979584,10,5,1,25,50,NA,1,0.99947425648209,739.128654795509,0.00591415746698742,184.141380776992,10,0,2.2650675406033,0.95,NA,NA,NA,0,0.95
"mk","tl5.00_gl1.00_c25","model12",0.526511295218059,0.0553653001557167,10,5,1,25,50,NA,1,0.999571132192262,848.953348380098,0.00514383826774188,253.467156105467,10,0,12.3877716483904,0.95,NA,NA,NA,0,0.95
"mk","tl5.00_gl1.00_c25","model2",0.53009042466532,0.0663207436272049,10,5,1,25,50,NA,1,0.999395179668245,750.454201900731,0.00627438638187893,386.315333498631,10,0.8,0.760031840332549,0.15,NA,NA,NA,0.8,0.15
"mk","tl5.00_gl1.00_c25","model3",0.530922172977755,0.0591021521098176,10,5,1,25,50,NA,1,0.999472319884896,761.664339059685,0.00569585779445746,405.705137422553,10,0.7,0.742429396606054,0.25,0.9,0.0370879876560207,0.0499999999999999,0.8,0.15
"mk","tl5.00_gl1.00_c25","model4",0.530379609360238,0.0574274770467631,10,5,1,25,50,NA,1,0.999462937251502,743.142918060274,0.00590524082274519,425.237142459488,10,0.4,1.70255208605803,0.55,NA,NA,NA,0.4,0.55
"mk","tl5.00_gl1.00_c25","model5",0.527598614215035,0.0574230144996929,10,5,1,25,50,NA,1,0.999502781340611,839.973083529241,0.0103089682860859,395.517636951583,10,0.4,2.0542371724944,0.55,1,0.0428986130169166,0.05,0.8,0.15
"mk","tl5.00_gl1.00_c25","model6",0.527525953177364,0.0664802911488652,10,5,1,25,50,NA,1,0.999421428679208,737.274246469962,0.00613243975292612,405.302742151336,10,0.6,1.75840069896711,0.35,NA,NA,NA,0.6,0.35
"mk","tl5.00_gl1.00_c25","model7",0.528850982582217,0.0767398174614041,10,5,1,25,50,NA,1,0.999780156350507,653.97134802449,0.00371174283158172,526.503208966613,10,0.3,5.10241692316002,0.65,1,0.0218927874055667,0.05,0.766666666666667,0.183333333333333
"mk","tl5.00_gl1.00_c25","model8",0.530756238047479,0.0658487974833222,10,5,1,25,50,NA,1,0.999458931128435,788.479649752559,0.00589978559503852,409.630694725329,10,0.5,2.13166798734878,0.45,NA,NA,NA,0.75,0.2
"mk","tl5.00_gl1.00_c25","model9",0.532908387579869,0.0751288835592004,10,5,1,25,50,NA,1,0.999711732747352,780.396178660418,0.00431198523511337,564.507545955792,10,0.3,6.76355785665611,0.65,NA,NA,NA,0.65,0.3
"mk","tl5.00_gl1.00_c50","model1",0.363608490083731,0.0498520887377221,10,5,1,50,50,NA,1,0.999300988655952,726.013756833539,0.00667545180143301,310.084303618446,10,0.7,0.250784538948695,0.25,NA,NA,NA,0.7,0.25
"mk","tl5.00_gl1.00_c50","model10",0.367359376586776,0.0435073509337786,10,5,1,50,50,NA,1,0.999395165317003,798.587969165017,0.00613823012739887,367.192121840154,10,0.9,0.575268504637317,0.0499999999999999,NA,NA,NA,0.9,0.0499999999999999
"mk","tl5.00_gl1.00_c50","model11",0.321856636391061,0.0482180408461626,10,5,1,50,50,NA,1,0.999280290444907,703.375957904069,0.00751294768505805,259.204326579086,10,0.2,0.970381303787146,0.75,NA,NA,NA,0.2,0.75
"mk","tl5.00_gl1.00_c50","model12",0.359062418110258,0.0488482821916411,10,5,1,50,50,NA,1,0.999390698598063,1060.27886233808,0.00652118314400442,278.52735678353,10,0,14.5184326025952,0.95,NA,NA,NA,0,0.95
"mk","tl5.00_gl1.00_c50","model2",0.364509456443431,0.053810611896667,10,5,1,50,50,NA,1,0.999280111135775,736.70825162733,0.00675925379506956,358.100028499586,10,0.8,0.246708347317524,0.15,NA,NA,NA,0.8,0.15
"mk","tl5.00_gl1.00_c50","model3",0.361904119982815,0.0536055261128144,10,5,1,50,50,NA,1,0.999256666247285,710.846531276017,0.00676993303739588,363.252435061586,10,0.7,0.256510812556916,0.25,0.9,0.0360937195873855,0.0499999999999999,0.8,0.15
"mk","tl5.00_gl1.00_c50","model4",0.363699119741976,0.0509658494701052,10,5,1,50,50,NA,1,0.99934098396131,765.54812630211,0.00632869815168872,351.708724560663,10,0.9,0.406689443150163,0.0499999999999999,NA,NA,NA,0.9,0.0499999999999999
"mk","tl5.00_gl1.00_c50","model5",0.365023280164279,0.047566035347279,10,5,1,50,50,NA,1,0.999334723058898,747.284589863003,0.00654587226284232,355.249509078868,10,0.9,0.442986889876199,0.0499999999999999,NA,NA,NA,0.9,0.0499999999999999
"mk","tl5.00_gl1.00_c50","model6",0.365073382417101,0.0516618934988399,10,5,1,50,50,NA,1,0.999372559472322,782.461061303757,0.00619458279291632,352.760286953712,10,0.9,0.431541666185837,0.0499999999999999,NA,NA,NA,0.9,0.0499999999999999
"mk","tl5.00_gl1.00_c50","model7",0.351417373314995,0.0454328067448102,8,5,1,50,50,NA,0.8,0.999787752239688,470.636772552624,0.00355413572991533,513.516920847887,10,0.6,3.02221722051309,0.35,1,0.0323242088120709,0.05,0.791666666666667,0.158333333333333
"mk","tl5.00_gl1.00_c50","model8",0.364275431659147,0.0493292956118611,10,5,1,50,50,NA,1,0.999339053827807,822.795336624347,0.00630824794499774,331.904838283814,10,0.9,0.461851307781655,0.0499999999999999,NA,NA,NA,0.9,0.0499999999999999
"mk","tl5.00_gl1.00_c50","model9",0.367048491865216,0.0523181608455881,10,5,1,50,50,NA,1,0.999813727793669,419.978576203577,0.00325366163315235,515.976713632098,10,0.5,4.99262569047322,0.45,NA,NA,NA,0.7,0.25
"nt","tl1.00_gl0.10_pr1.00_c100","model1",0.296776252735064,0.122220527507218,10,1,0.1,100,50,1,1,0.999266199677751,762.776233616877,0.00686716475982929,453.813171284368,10,0.2,0.841020781934971,0.75,NA,NA,NA,0.2,0.75
"nt","tl1.00_gl0.10_pr1.00_c100","model10",0.32780962613327,0.1052303163848,10,1,0.1,100,50,1,1,0.999478222108854,783.598428702236,0.00559715885687501,538.733113426805,10,0.6,3.7150490047228,0.35,NA,NA,NA,0.75,0.2
"nt","tl1.00_gl0.10_pr1.00_c100","model11",0.270596397702387,0.128096252217214,10,1,0.1,100,50,1,1,0.99927585804703,736.337151913684,0.00755645648110781,342.273969070259,10,0.2,0.582286040332461,0.75,NA,NA,NA,0.2,0.75
"nt","tl1.00_gl0.10_pr1.00_c100","model12",0.293567724521844,0.123141262432142,10,1,0.1,100,50,1,1,0.999670291880211,486.194296187283,0.00478705232394764,493.691052328923,10,0,0.371214202417896,0.95,NA,NA,NA,0,0.95
"nt","tl1.00_gl0.10_pr1.00_c100","model2",0.30181261430059,0.116376660287705,10,1,0.1,100,50,1,1,0.999215906824844,771.876583778727,0.00718241820571083,447.301303873379,10,0.4,3.214477684113,0.55,NA,NA,NA,0.4,0.55
"nt","tl1.00_gl0.10_pr1.00_c100","model3",0.293537273154262,0.11029401310349,10,1,0.1,100,50,1,1,0.999300921234873,758.376249987865,0.00670643582566477,432.797718333132,10,0.4,0.789732840627135,0.55,0,58.3230185271324,0.95,0.2,0.75
"nt","tl1.00_gl0.10_pr1.00_c100","model4",0.298197287193406,0.12106221251341,10,1,0.1,100,50,1,1,0.99924376565856,761.275688186982,0.00713801615087092,440.839170758507,10,0.1,0.708285711128773,0.85,NA,NA,NA,0.1,0.85
"nt","tl1.00_gl0.10_pr1.00_c100","model5",0.32153367413896,0.100084470116152,10,1,0.1,100,50,1,1,0.999450328587742,728.814591240596,0.00593281383555972,490.588766871183,10,0.5,0.451886498486228,0.45,NA,NA,NA,0.45,0.5
"nt","tl1.00_gl0.10_pr1.00_c100","model6",0.305700306350556,0.112518073425861,10,1,0.1,100,50,1,1,0.999315805355489,775.632452793625,0.00647786279150112,488.47353969169,10,0.2,1.43037135051204,0.75,NA,NA,NA,0.2,0.75
"nt","tl1.00_gl0.10_pr1.00_c100","model7",0.329736477430374,0.0928779215355981,10,1,0.1,100,50,1,1,0.999495715969558,741.60763015288,0.00542771386923106,505.102662151089,10,0.8,1.39151104721091,0.15,NA,NA,NA,0.9,0.0499999999999999
"nt","tl1.00_gl0.10_pr1.00_c100","model8",0.329908168070776,0.0966301288688051,10,1,0.1,100,50,1,1,0.999387175249983,758.047294140486,0.00620905641043044,507.580456396476,10,0.6,3.5756985954933,0.35,NA,NA,NA,0.8,0.15
"nt","tl1.00_gl0.10_pr1.00_c100","model9",0.306873852741058,0.0924608483053024,9,1,0.1,100,50,1,0.9,0.999743097984436,659.869031322905,0.00370125470589721,588.913289613265,10,1,0.06671547631153,0.05,NA,NA,NA,0.944444444444444,0.00555555555555554
"nt","tl1.00_gl0.10_pr1.00_c200","model1",0.180615403448431,0.0555641619889222,10,1,0.1,200,50,1,1,0.999249487294332,702.397934814836,0.00766674839536125,487.84278984316,10,0.1,1.27080597537254,0.85,NA,NA,NA,0.1,0.85
"nt","tl1.00_gl0.10_pr1.00_c200","model10",0.175249281521854,0.0643859297604789,10,1,0.1,200,50,1,1,0.999471168109984,772.839198464755,0.00637717823838133,536.41383557926,10,0.6,4.95846060973338,0.35,NA,NA,NA,0.8,0.15
"nt","tl1.00_gl0.10_pr1.00_c200","model11",0.182477032101832,0.0643109119130205,10,1,0.1,200,50,1,1,0.999201382266667,738.042085513773,0.00949453394600429,459.00840708836,10,0.1,0.947138774428222,0.85,NA,NA,NA,0.1,0.85
"nt","tl1.00_gl0.10_pr1.00_c200","model2",0.179521796047047,0.0493391212481443,10,1,0.1,200,50,1,1,0.999296252388442,801.101493746044,0.00743533781884527,489.994140079627,10,0.3,10.5951704253617,0.65,NA,NA,NA,0.3,0.65
"nt","tl1.00_gl0.10_pr1.00_c200","model3",0.177332136545136,0.0580152605828311,10,1,0.1,200,50,1,1,0.999174453257574,743.879583851087,0.00797056872494716,419.178759037208,10,0.2,1.23240823940108,0.75,0,58.5049423260234,0.95,0.1,0.85
"nt","tl1.00_gl0.10_pr1.00_c200","model4",0.179712418568084,0.0483325794847592,10,1,0.1,200,50,1,1,0.999272030752044,793.724402025286,0.00751845214501825,488.117845321169,10,0,0.787862024724415,0.95,NA,NA,NA,0,0.95
"nt","tl1.00_gl0.10_pr1.00_c200","model5",0.175067638028247,0.0492491282581131,10,1,0.1,200,50,1,1,0.999511318158717,777.911440016601,0.00590174565956286,566.877146787243,10,0.4,0.60394797799485,0.55,NA,NA,NA,0.4,0.55
"nt","tl1.00_gl0.10_pr1.00_c200","model6",0.180831830552416,0.0511641940058064,10,1,0.1,200,50,1,1,0.999286806767829,729.4366918972,0.0074002663896701,505.44527641583,10,0.1,1.84148080827064,0.85,NA,NA,NA,0.1,0.85
"nt","tl1.00_gl0.10_pr1.00_c200","model7",0.176749432621419,0.0617461664833425,10,1,0.1,200,50,1,1,0.999528790535303,634.231934949223,0.00588656689457897,503.488549926599,10,0.8,1.09662233972054,0.15,0,87.863655331909,0.95,0.566666666666667,0.383333333333333
"nt","tl1.00_gl0.10_pr1.00_c200","model8",0.176537126428571,0.0641014204699688,10,1,0.1,200,50,1,1,0.999488888740697,798.369472531165,0.00613685260292043,562.789113687905,10,0.6,5.2126634805168,0.35,NA,NA,NA,0.8,0.15
"nt","tl1.00_gl0.10_pr1.00_c200","model9",0.196905800189129,0.0458587243119052,6,1,0.1,200,50,1,0.6,0.999762805550454,447.36643164915,0.00384702318714579,580.739395760193,10,1,0.0703389372616411,0.05,0,79.0223153632668,0.95,0.916666666666667,0.0333333333333332
"nt","tl1.00_gl0.10_pr1.00_c25","model1",0.535319524306917,0.0470989159797482,10,1,0.1,25,50,1,1,0.999479508188228,761.547119559582,0.00572531997900378,483.981806041578,10,0.6,0.362201675300502,0.35,NA,NA,NA,0.6,0.35
"nt","tl1.00_gl0.10_pr1.00_c25","model10",0.541648944814933,0.0432300178126509,10,1,0.1,25,50,1,1,0.999596874603322,777.201693572997,0.00508482702752275,525.769395584569,10,0.9,0.501138845792113,0.0499999999999999,NA,NA,NA,0.8,0.15
"nt","tl1.00_gl0.10_pr1.00_c25","model11",0.504558369673854,0.0539464461888574,10,1,0.1,25,50,1,1,0.99947763743794,797.088336458093,0.00586942370925749,417.168578398647,10,0.8,0.158059469705514,0.15,NA,NA,NA,0.8,0.15
"nt","tl1.00_gl0.10_pr1.00_c25","model12",0.539312063542457,0.0196148753581092,3,1,0.1,25,50,1,1,0.999609718590947,722.937392034106,0.00488453380116792,507.354939117412,10,0.1,0.281010453791121,0.85,NA,NA,NA,0.1,0.85
"nt","tl1.00_gl0.10_pr1.00_c25","model2",0.541022197177971,0.0433947115594153,10,1,0.1,25,50,1,1,0.999455841602893,761.355778353053,0.00603558497266283,522.661928718072,10,0.7,0.392174986540592,0.25,NA,NA,NA,0.7,0.25
"nt","tl1.00_gl0.10_pr1.00_c25","model3",0.53279305955024,0.0611181138821256,10,1,0.1,25,50,1,1,0.999470575564811,738.538879460594,0.00580051606717372,483.349127741825,10,0.8,0.264000271985267,0.15,0,56.4385847574548,0.95,0.4,0.55
"nt","tl1.00_gl0.10_pr1.00_c25","model4",0.533295127030104,0.0386320149346192,10,1,0.1,25,50,1,1,0.999484188007667,710.782693617054,0.00566632231832581,462.360074722979,10,0.6,0.443313538283683,0.35,NA,NA,NA,0.6,0.35
"nt","tl1.00_gl0.10_pr1.00_c25","model5",0.532237315459142,0.0391247637739186,10,1,0.1,25,50,1,1,0.999506595092484,781.811085969011,0.00576117893367542,493.76821863335,10,0.6,0.669916015512149,0.35,NA,NA,NA,0.6,0.35
"nt","tl1.00_gl0.10_pr1.00_c25","model6",0.538873925578754,0.0353209971742855,10,1,0.1,25,50,1,1,0.999523442097888,760.233141100409,0.00540339584607293,520.190794964965,10,0.7,0.483471891360083,0.25,NA,NA,NA,0.7,0.25
"nt","tl1.00_gl0.10_pr1.00_c25","model7",0.540918299729611,0.0432053198399673,10,1,0.1,25,50,1,1,0.99954453840981,793.996322962851,0.00536784693600476,496.41781346356,10,0.9,0.290901799469408,0.0499999999999999,NA,NA,NA,0.85,0.0999999999999999
"nt","tl1.00_gl0.10_pr1.00_c25","model8",0.537519302671132,0.0420474949919624,10,1,0.1,25,50,1,1,0.999479068168991,775.616407391834,0.00583102932872969,543.255255463367,10,0.8,0.656893474974615,0.15,NA,NA,NA,0.8,0.15
"nt","tl1.00_gl0.10_pr1.00_c25","model9",0.539155859688885,0.0409205813287797,10,1,0.1,25,50,1,1,0.999556105413943,773.739958370996,0.00537466485367725,496.786862051773,10,1,0.15059439727989,0.05,NA,NA,NA,0.9,0.0499999999999999
"nt","tl1.00_gl0.10_pr1.00_c50","model1",0.466129817991522,0.117998646041817,10,1,0.1,50,50,1,1,0.999441924981223,735.854788716419,0.00574290997098703,388.922429951466,10,0.6,1.38783600194135,0.35,NA,NA,NA,0.6,0.35
"nt","tl1.00_gl0.10_pr1.00_c50","model10",0.444206615452175,0.113881645718511,10,1,0.1,50,50,1,1,0.999539925345399,830.299334334211,0.00515152319316002,530.260915030481,10,0.8,2.04554576764115,0.15,NA,NA,NA,0.75,0.2
"nt","tl1.00_gl0.10_pr1.00_c50","model11",0.436851996060399,0.0834635861476193,10,1,0.1,50,50,1,1,0.999324430478183,742.264650035955,0.00631981062076864,330.911013261038,10,0.6,0.882151446810703,0.35,NA,NA,NA,0.6,0.35
"nt","tl1.00_gl0.10_pr1.00_c50","model12",0.459614096809092,0.115352627837919,10,1,0.1,50,50,1,1,0.999691517624206,683.047427206636,0.00418875300041557,453.800708464436,10,0.1,0.337232126473418,0.85,NA,NA,NA,0.1,0.85
"nt","tl1.00_gl0.10_pr1.00_c50","model2",0.461577735641865,0.112314726786501,10,1,0.1,50,50,1,1,0.999447142848282,772.556177504455,0.0057423163932085,466.257724004697,10,0.6,3.13052664859825,0.35,NA,NA,NA,0.6,0.35
"nt","tl1.00_gl0.10_pr1.00_c50","model3",0.460633516507234,0.129242597182745,10,1,0.1,50,50,1,1,0.999399350958817,727.169320633194,0.00600760332458517,406.663042645645,10,0.6,1.41560995350133,0.35,0,60.362982786341,0.95,0.3,0.65
"nt","tl1.00_gl0.10_pr1.00_c50","model4",0.464905223831457,0.106220146258229,10,1,0.1,50,50,1,1,0.999446021595104,785.368637537201,0.0056843718153645,434.348682443142,10,0.6,0.632448277906706,0.35,NA,NA,NA,0.6,0.35
"nt","tl1.00_gl0.10_pr1.00_c50","model5",0.450452422823678,0.108399814569582,10,1,0.1,50,50,1,1,0.999533926335236,842.801278839646,0.00520181228683,470.82642958296,10,0.7,0.609704052948487,0.25,NA,NA,NA,0.5,0.45
"nt","tl1.00_gl0.10_pr1.00_c50","model6",0.460246360415784,0.108688272809622,10,1,0.1,50,50,1,1,0.999488258748745,836.640628409532,0.00542422754709383,486.510963354092,10,0.6,0.712287004001699,0.35,NA,NA,NA,0.6,0.35
"nt","tl1.00_gl0.10_pr1.00_c50","model7",0.444708204402097,0.12279873895025,10,1,0.1,50,50,1,1,0.999503972339224,765.055390578092,0.00529056440145689,495.212761165003,10,0.8,0.917049456081608,0.15,NA,NA,NA,0.75,0.2
"nt","tl1.00_gl0.10_pr1.00_c50","model8",0.445174007191963,0.115495540078956,10,1,0.1,50,50,1,1,0.999526511909647,806.844645076242,0.00521183458926114,433.221770179365,10,0.7,2.13601872921758,0.25,NA,NA,NA,0.75,0.2
"nt","tl1.00_gl0.10_pr1.00_c50","model9",0.44256269109942,0.119272943862513,10,1,0.1,50,50,1,1,0.999589916119652,728.093538453661,0.00473705185538181,522.464114020683,10,1,0.111743690596593,0.05,NA,NA,NA,0.85,0.1
"nt","tl1.00_gl0.10_pr2.50_c100","model1",0.302004041814128,0.107765868405013,10,1,0.1,100,50,2.5,1,0.99926745725685,715.573605114593,0.0067825729407826,398.488403080061,10,0.1,1.04738153141008,0.85,NA,NA,NA,0.1,0.85
"nt","tl1.00_gl0.10_pr2.50_c100","model10",0.284578406713371,0.0946712827667032,10,1,0.1,100,50,2.5,1,0.999577361891113,802.851115814998,0.00485521222505751,547.937588903834,10,0.7,2.39004864615897,0.25,NA,NA,NA,0.8,0.15
"nt","tl1.00_gl0.10_pr2.50_c100","model11",0.284782358386236,0.11651251471995,10,1,0.1,100,50,2.5,1,0.999294614057738,723.02750752384,0.0072807127826744,308.063166816631,10,0.3,0.715819951476872,0.65,NA,NA,NA,0.3,0.65
"nt","tl1.00_gl0.10_pr2.50_c100","model12",0.326269532164313,0.11329397707305,9,1,0.1,100,50,2.5,0.9,0.999648530645268,544.884108108407,0.00465639701868948,470.599934377469,10,0,0.367479682442618,0.95,NA,NA,NA,0,0.95
"nt","tl1.00_gl0.10_pr2.50_c100","model2",0.290855504973906,0.107714812629719,10,1,0.1,100,50,2.5,1,0.999356102213903,768.846187610377,0.00625591731336431,490.05062544253,10,0.4,10.6002202489968,0.55,NA,NA,NA,0.4,0.55
"nt","tl1.00_gl0.10_pr2.50_c100","model3",0.299875280283364,0.102415194768962,10,1,0.1,100,50,2.5,1,0.999347123141099,807.538331609829,0.00635017371073551,425.400285410257,10,0.4,0.986223598361143,0.55,0,55.5898711237396,0.95,0.2,0.75
"nt","tl1.00_gl0.10_pr2.50_c100","model4",0.294398179642841,0.10462220646662,10,1,0.1,100,50,2.5,1,0.99934963236187,753.71955084594,0.00624741561259104,448.217012354045,10,0.7,0.141390788751825,0.25,NA,NA,NA,0.7,0.25
"nt","tl1.00_gl0.10_pr2.50_c100","model5",0.297592696929,0.102770006977461,10,1,0.1,100,50,2.5,1,0.999610308051874,790.816735578228,0.00479369552718478,527.548290655184,10,0.7,0.160681263559105,0.25,NA,NA,NA,0.65,0.3
"nt","tl1.00_gl0.10_pr2.50_c100","model6",0.28306430484274,0.115594717061195,10,1,0.1,100,50,2.5,1,0.999378965455756,797.165431510093,0.00603253206231072,467.680137833928,10,0.7,0.531738680272712,0.25,NA,NA,NA,0.7,0.25
"nt","tl1.00_gl0.10_pr2.50_c100","model7",0.28971796056443,0.0949561314925028,10,1,0.1,100,50,2.5,1,0.999621280844619,670.853358347354,0.0045648345643376,558.598666260084,10,0.8,0.502473493550317,0.15,NA,NA,NA,0.85,0.0999999999999999
"nt","tl1.00_gl0.10_pr2.50_c100","model8",0.28854512823639,0.0931819045219916,10,1,0.1,100,50,2.5,1,0.999596194614619,825.435375306906,0.00480609071591138,527.923356113258,10,0.7,2.43362603178025,0.25,NA,NA,NA,0.8,0.15
"nt","tl1.00_gl0.10_pr2.50_c100","model9",0.258840735119368,0.0890294453979814,7,1,0.1,100,50,2.5,0.7,0.999755878391674,524.785346870473,0.00468897479882744,571.291207191042,10,1,0.114371152126995,0.05,NA,NA,NA,1,0.05
"nt","tl1.00_gl0.10_pr2.50_c200","model1",0.207905345510716,0.074044277230177,10,1,0.1,200,50,2.5,1,0.999188631372149,751.624229290363,0.00776154871794105,434.471048266721,10,0,1.4431815450352,0.95,NA,NA,NA,0,0.95
"nt","tl1.00_gl0.10_pr2.50_c200","model10",0.191170921266832,0.0612257348575743,10,1,0.1,200,50,2.5,1,0.999612207669628,678.493353261276,0.00507495336806387,575.118083370178,10,0.8,1.51805228329443,0.15,NA,NA,NA,0.7,0.25
"nt","tl1.00_gl0.10_pr2.50_c200","model11",0.168795680152371,0.0731933352437196,10,1,0.1,200,50,2.5,1,0.999222702772255,718.281525894984,0.00861195653426408,328.873264004798,10,0,1.0769245565663,0.95,NA,NA,NA,0,0.95
"nt","tl1.00_gl0.10_pr2.50_c200","model2",0.192118066770293,0.0732227204274656,10,1,0.1,200,50,2.5,1,0.999380220039043,769.666228116123,0.00653473637068285,492.894306720054,10,0.3,13.3428745744284,0.65,NA,NA,NA,0.3,0.65
"nt","tl1.00_gl0.10_pr2.50_c200","model3",0.209984838112556,0.0747128690598754,10,1,0.1,200,50,2.5,1,0.999216806440401,774.496409314241,0.0074019450665693,519.769452888572,10,0,1.31301941667781,0.95,0,63.2302074388585,0.95,0,0.95
"nt","tl1.00_gl0.10_pr2.50_c200","model4",0.195404702220074,0.0851377029469308,10,1,0.1,200,50,2.5,1,0.999310625775968,751.517222668955,0.00679120636607102,405.877821716967,10,0.2,0.270563891140319,0.75,NA,NA,NA,0.2,0.75
"nt","tl1.00_gl0.10_pr2.50_c200","model5",0.201969004928065,0.0653777819375521,10,1,0.1,200,50,2.5,1,0.999647173841233,722.278652935444,0.00476791203145297,514.89600230008,10,0.6,0.185069606676049,0.35,NA,NA,NA,0.45,0.5
"nt","tl1.00_gl0.10_pr2.50_c200","model6",0.191649243920424,0.0736505969046772,10,1,0.1,200,50,2.5,1,0.999361811927412,775.859135372379,0.00682136972710166,487.550362398476,10,0.5,0.839279134749591,0.45,NA,NA,NA,0.5,0.45
"nt","tl1.00_gl0.10_pr2.50_c200","model7",0.1927191562761,0.053255605295001,8,1,0.1,200,50,2.5,0.8,0.999598962497664,578.627502866591,0.00494958280695156,571.544473039337,10,0.7,0.201362367637064,0.25,0,81.2912452175156,0.95,0.333333333333333,0.616666666666667
"nt","tl1.00_gl0.10_pr2.50_c200","model8",0.191790585130006,0.0640483585936614,10,1,0.1,200,50,2.5,1,0.999565322598732,743.058087179974,0.00532838486258335,536.944274037326,10,0.7,1.22987730997995,0.25,NA,NA,NA,0.55,0.4
"nt","tl1.00_gl0.10_pr2.50_c200","model9",0.167759948298136,0.0768093703338986,7,1,0.1,200,50,2.5,0.7,0.99976305600462,404.783568305714,0.00390433018534618,585.11821874194,10,0.8,0.0919238503151715,0.15,0,77.6183782419869,0.95,0.642857142857143,0.307142857142857
"nt","tl1.00_gl0.10_pr2.50_c25","model1",0.544590234452376,0.134808243224242,10,1,0.1,25,50,2.5,1,0.999484359679995,740.862956974829,0.00574687587047527,448.591393645417,10,0.7,0.43098022678309,0.25,NA,NA,NA,0.7,0.25
"nt","tl1.00_gl0.10_pr2.50_c25","model10",0.545972260202672,0.138217770265208,10,1,0.1,25,50,2.5,1,0.999556176765427,741.734057044516,0.00528820396328477,501.956509192047,10,0.9,0.238236588249513,0.0499999999999999,NA,NA,NA,0.75,0.2
"nt","tl1.00_gl0.10_pr2.50_c25","model11",0.510406125971761,0.123240398270372,10,1,0.1,25,50,2.5,1,0.999435334049997,763.599628048864,0.00617944920731258,397.027296488515,10,0.9,0.190423509759918,0.0499999999999999,NA,NA,NA,0.9,0.0499999999999999
"nt","tl1.00_gl0.10_pr2.50_c25","model12",0.536233024326989,0.136815053887295,10,1,0.1,25,50,2.5,1,0.99956767880855,752.442974222284,0.00518803991986468,469.180302555284,10,0.1,0.296818969740749,0.85,NA,NA,NA,0.1,0.85
"nt","tl1.00_gl0.10_pr2.50_c25","model2",0.547342279369337,0.132122746486998,10,1,0.1,25,50,2.5,1,0.999483603552156,729.318506407977,0.00577721451450468,450.597127598419,10,0.9,1.09155090608802,0.0499999999999999,NA,NA,NA,0.9,0.0499999999999999
"nt","tl1.00_gl0.10_pr2.50_c25","model3",0.547016497976621,0.132048704159988,10,1,0.1,25,50,2.5,1,0.999470241194499,734.290808966537,0.00588482801040206,458.178780005499,10,0.9,0.398265879351962,0.0499999999999999,0,64.4313623161795,0.95,0.45,0.5
"nt","tl1.00_gl0.10_pr2.50_c25","model4",0.545709326064989,0.142611413307425,10,1,0.1,25,50,2.5,1,0.999515949920161,740.912895097529,0.00564076912235276,508.157402008721,10,1,0.123305747787975,0.05,NA,NA,NA,1,0.05
"nt","tl1.00_gl0.10_pr2.50_c25","model5",0.546329415712536,0.125285806860768,10,1,0.1,25,50,2.5,1,0.999546555783275,762.669560622357,0.00535440673666291,483.961528505836,10,1,0.132621662281949,0.05,NA,NA,NA,0.75,0.2
"nt","tl1.00_gl0.10_pr2.50_c25","model6",0.547162183907196,0.13847581784937,10,1,0.1,25,50,2.5,1,0.999566408936446,791.409448665056,0.00517155563561079,484.302990031815,10,0.9,0.205996679548785,0.0499999999999999,NA,NA,NA,0.9,0.0499999999999999
"nt","tl1.00_gl0.10_pr2.50_c25","model7",0.550376913751314,0.128110389068045,10,1,0.1,25,50,2.5,1,0.999527084155453,796.499381001021,0.0054272835949102,520.033365161175,10,1,0.136533952555287,0.05,NA,NA,NA,0.8,0.15
"nt","tl1.00_gl0.10_pr2.50_c25","model8",0.548244004281182,0.124084185427127,10,1,0.1,25,50,2.5,1,0.999563218715647,771.649614567591,0.00528294858958526,503.229556086944,10,0.9,0.337099274965622,0.0499999999999999,NA,NA,NA,0.75,0.2
"nt","tl1.00_gl0.10_pr2.50_c25","model9",0.547989526836018,0.125868046628004,10,1,0.1,25,50,2.5,1,0.999597249839618,770.904103825273,0.00492154177494583,526.540432732576,10,1,0.0484524330028205,0.05,NA,NA,NA,0.85,0.1
"nt","tl1.00_gl0.10_pr2.50_c50","model1",0.433533727748687,0.0661391426526139,10,1,0.1,50,50,2.5,1,0.999306757991713,696.16446096689,0.00647631066076575,446.754287706193,10,0.3,1.60985411676286,0.65,NA,NA,NA,0.3,0.65
"nt","tl1.00_gl0.10_pr2.50_c50","model10",0.43284001670527,0.0531359306550143,10,1,0.1,50,50,2.5,1,0.999568654464095,764.521622979754,0.00498412247650894,460.721806432173,10,0.8,1.0642107940094,0.15,NA,NA,NA,0.7,0.25
"nt","tl1.00_gl0.10_pr2.50_c50","model11",0.41929973278342,0.0677885885901399,10,1,0.1,50,50,2.5,1,0.999364152542162,744.875640573332,0.00617224097922002,339.130299833212,10,0.7,1.01511158400805,0.25,NA,NA,NA,0.7,0.25
"nt","tl1.00_gl0.10_pr2.50_c50","model12",0.430173159246581,0.0673528094744064,10,1,0.1,50,50,2.5,1,0.999706292308161,749.52712505548,0.00405242100288094,470.429920029641,10,0.2,0.338917640942236,0.75,NA,NA,NA,0.2,0.75
"nt","tl1.00_gl0.10_pr2.50_c50","model2",0.433588085918932,0.0501051261745969,10,1,0.1,50,50,2.5,1,0.999419114943373,775.38601186754,0.00580983308639647,475.573343275911,10,0.8,6.76889088678148,0.15,NA,NA,NA,0.8,0.15
"nt","tl1.00_gl0.10_pr2.50_c50","model3",0.433959084388284,0.0581451602899137,10,1,0.1,50,50,2.5,1,0.999336214465852,756.651426578891,0.00628088655240011,403.759395690583,10,0.6,1.56722501396197,0.35,0,63.0519596319267,0.95,0.3,0.65
"nt","tl1.00_gl0.10_pr2.50_c50","model4",0.434535464353531,0.059757605113047,10,1,0.1,50,50,2.5,1,0.999401749509316,771.691147875398,0.00602354210380627,450.099636615536,10,0.9,0.296152494479611,0.0499999999999999,NA,NA,NA,0.9,0.0499999999999999
"nt","tl1.00_gl0.10_pr2.50_c50","model5",0.431750891546702,0.0625709977131073,10,1,0.1,50,50,2.5,1,0.999458189022418,772.208765696478,0.00558059901115868,533.330600936671,10,0.8,0.314423824093362,0.15,NA,NA,NA,0.65,0.3
"nt","tl1.00_gl0.10_pr2.50_c50","model6",0.436488020097914,0.0510187573373369,10,1,0.1,50,50,2.5,1,0.999491337074155,731.019094946999,0.00544581498008217,516.604199133449,10,0.9,0.602562809099842,0.0499999999999999,NA,NA,NA,0.9,0.0499999999999999
"nt","tl1.00_gl0.10_pr2.50_c50","model7",0.432198262596272,0.062263296300754,10,1,0.1,50,50,2.5,1,0.999505105932648,816.186438985584,0.00529041074207902,475.009676594091,10,0.9,0.414653770818581,0.0499999999999999,NA,NA,NA,0.7,0.25
"nt","tl1.00_gl0.10_pr2.50_c50","model8",0.432121052234012,0.0626247938853588,10,1,0.1,50,50,2.5,1,0.999469519211742,822.427053889948,0.00550966430632815,498.772162628472,10,0.8,1.08888745359172,0.15,NA,NA,NA,0.7,0.25
"nt","tl1.00_gl0.10_pr2.50_c50","model9",0.425452743418478,0.0523487459307743,9,1,0.1,50,50,2.5,0.9,0.999614823968045,738.674942702692,0.00459235055401809,535.068851988796,10,1,0.10685168384616,0.05,NA,NA,NA,0.833333333333333,0.116666666666667
"nt","tl1.00_gl0.10_pr5.00_c100","model1",0.321129549314614,0.11905367937658,10,1,0.1,100,50,5,1,0.999329505744489,751.891714253886,0.0064297789340897,434.225495076251,10,0.2,1.53038865176713,0.75,NA,NA,NA,0.2,0.75
"nt","tl1.00_gl0.10_pr5.00_c100","model10",0.317132849368817,0.114999635253329,10,1,0.1,100,50,5,1,0.99964301440204,739.651282201776,0.00452688540050259,526.160651208471,10,0.8,0.536831492545071,0.15,NA,NA,NA,0.55,0.4
"nt","tl1.00_gl0.10_pr5.00_c100","model11",0.301094939032699,0.144800338702978,10,1,0.1,100,50,5,1,0.999264316992106,750.220280081993,0.0078380588099253,400.380715398408,10,0.3,1.07465578019343,0.65,NA,NA,NA,0.3,0.65
"nt","tl1.00_gl0.10_pr5.00_c100","model12",0.317019839327349,0.122667332673894,10,1,0.1,100,50,5,1,0.999683166416671,582.050486895317,0.00463487656269204,507.261607568175,10,0.1,0.347266509465999,0.85,NA,NA,NA,0.1,0.85
"nt","tl1.00_gl0.10_pr5.00_c100","model2",0.317488928519369,0.107750764233224,10,1,0.1,100,50,5,1,0.999296100480631,699.332197025399,0.00653817692895105,461.445696042677,10,0.3,17.1787444723612,0.65,NA,NA,NA,0.3,0.65
"nt","tl1.00_gl0.10_pr5.00_c100","model3",0.322411743220407,0.122931778668373,10,1,0.1,100,50,5,1,0.999347537575474,807.562394638617,0.0064087112398887,455.571913986496,10,0.2,1.47707653750581,0.75,0,67.9681700707018,0.95,0.1,0.85
"nt","tl1.00_gl0.10_pr5.00_c100","model4",0.314572902461609,0.104308878805498,10,1,0.1,100,50,5,1,0.999452750375865,752.809862823891,0.00584334833298612,490.104684590934,10,0.9,0.0446994741923899,0.0499999999999999,NA,NA,NA,0.9,0.0499999999999999
"nt","tl1.00_gl0.10_pr5.00_c100","model5",0.318290552335312,0.11595178677398,10,1,0.1,100,50,5,1,0.999624911392249,716.727701779893,0.00469571827899937,561.517783354766,10,0.9,0.101276857394324,0.0499999999999999,NA,NA,NA,0.5,0.45
"nt","tl1.00_gl0.10_pr5.00_c100","model6",0.313609853598145,0.105760699202932,10,1,0.1,100,50,5,1,0.999428303192506,783.837574222274,0.00578003733183014,482.066816435199,10,0.9,0.268554274953626,0.0499999999999999,NA,NA,NA,0.9,0.0499999999999999
"nt","tl1.00_gl0.10_pr5.00_c100","model7",0.320017482002497,0.122087859847395,9,1,0.1,100,50,5,0.9,0.999565831486168,673.414840639162,0.00498803153393121,536.355512799875,10,0.5,0.18624239468627,0.45,0,79.2261188819114,0.95,0.222222222222222,0.727777777777778
"nt","tl1.00_gl0.10_pr5.00_c100","model8",0.31674574036794,0.114451154162831,10,1,0.1,100,50,5,1,0.999534117173663,789.531801304232,0.00510155001125319,536.999264484887,10,0.8,0.591649204434963,0.15,NA,NA,NA,0.55,0.4
"nt","tl1.00_gl0.10_pr5.00_c100","model9",0.315782986968711,0.104816134517776,9,1,0.1,100,50,5,0.9,0.999727533920261,539.726838153574,0.00385819537661726,561.177096979493,10,0.9,0.139044806714833,0.0499999999999999,0,81.4397242838438,0.95,0.444444444444444,0.505555555555556
"nt","tl1.00_gl0.10_pr5.00_c200","model1",0.16609913979413,0.0445249791852514,10,1,0.1,200,50,5,1,0.999257262379662,728.685800865787,0.00809149392524524,491.654039145652,10,0.1,1.49640617789288,0.85,NA,NA,NA,0.1,0.85
"nt","tl1.00_gl0.10_pr5.00_c200","model10",0.156102122625916,0.0519334657463378,9,1,0.1,200,50,5,0.9,0.999668016645893,699.903662325734,0.00499015975199722,607.510403274771,10,0.2,0.828803908902492,0.75,0,78.4980811040195,0.95,0.222222222222222,0.727777777777778
"nt","tl1.00_gl0.10_pr5.00_c200","model11",0.149209539526211,0.0351107888907231,10,1,0.1,200,50,5,1,0.999258937368652,724.689227281906,0.00876318777728719,399.42912687336,10,0.1,1.11410003328402,0.85,NA,NA,NA,0.1,0.85
"nt","tl1.00_gl0.10_pr5.00_c200","model2",0.155828685849699,0.051100334046618,10,1,0.1,200,50,5,1,0.999314381665515,718.623537402171,0.00749404278937396,550.08474368435,10,0.3,31.5658958285346,0.65,NA,NA,NA,0.3,0.65
"nt","tl1.00_gl0.10_pr5.00_c200","model3",0.167977277549255,0.0440341863210161,10,1,0.1,200,50,5,1,0.999237237629075,754.335978592151,0.00803762841480176,459.798999603497,10,0.1,1.38640468518249,0.85,0,66.3880359875312,0.95,0.05,0.9
"nt","tl1.00_gl0.10_pr5.00_c200","model4",0.16175635277479,0.0486652322233216,10,1,0.1,200,50,5,1,0.999484650780762,731.872583231276,0.00624446174617826,518.44257820944,10,0.7,0.0758275917775091,0.25,NA,NA,NA,0.7,0.25
"nt","tl1.00_gl0.10_pr5.00_c200","model5",0.16324745561617,0.0415856786052149,10,1,0.1,200,50,5,1,0.999748126038682,725.521335655053,0.00426388810673734,630.15749566398,10,0.2,0.180074478859795,0.75,NA,NA,NA,0.3,0.65
"nt","tl1.00_gl0.10_pr5.00_c200","model6",0.156447884796375,0.0563571007407786,9,1,0.1,200,50,5,0.9,0.999498407624463,743.054902669534,0.00609606379298827,572.949524320664,10,0.7,0.486646824980247,0.25,NA,NA,NA,0.666666666666667,0.283333333333333
"nt","tl1.00_gl0.10_pr5.00_c200","model7",0.168360147309532,0.0577352390212628,8,1,0.1,200,50,5,0.8,0.999620006667263,619.775438460579,0.00530972776083687,539.733108651624,10,0.3,0.258403630581215,0.65,0,80.0996568174557,0.95,0.166666666666667,0.783333333333333
"nt","tl1.00_gl0.10_pr5.00_c200","model8",0.157762183612437,0.0526564468803903,9,1,0.1,200,50,5,0.9,0.999601933991322,676.16215087187,0.00525622877773957,561.651050852096,10,0.2,0.925202924340901,0.75,NA,NA,NA,0.277777777777778,0.672222222222222
"nt","tl1.00_gl0.10_pr5.00_c200","model9",0.156698699027541,0.0506350140425492,7,1,0.1,200,50,5,0.7,0.999773822940342,416.172856981022,0.00398392383353468,599.662931584394,10,0.5,0.217761030257176,0.45,0,79.4359824578153,0.95,0.285714285714286,0.664285714285714
"nt","tl1.00_gl0.10_pr5.00_c25","model1",0.594042002603504,0.0911411978277152,10,1,0.1,25,50,5,1,0.999530826763586,793.73551099492,0.00540928770450376,493.721899651438,10,0.8,0.551239217322975,0.15,NA,NA,NA,0.8,0.15
"nt","tl1.00_gl0.10_pr5.00_c25","model10",0.597392556205735,0.0927384572001186,10,1,0.1,25,50,5,1,0.999644393414348,822.19449962254,0.00477851627202259,510.404480035124,10,1,0.129691987613773,0.05,NA,NA,NA,0.65,0.3
"nt","tl1.00_gl0.10_pr5.00_c25","model11",0.571345072253542,0.0836853276802529,10,1,0.1,25,50,5,1,0.999457804669853,771.962569837778,0.00596892943759033,474.666496225587,10,0.8,0.231364807138504,0.15,NA,NA,NA,0.8,0.15
"nt","tl1.00_gl0.10_pr5.00_c25","model12",0.58748598738287,0.0841579701056081,10,1,0.1,25,50,5,1,0.999613234935678,827.11703512977,0.00494951272383846,407.154465841731,10,0.2,0.273688347624115,0.75,NA,NA,NA,0.2,0.75
"nt","tl1.00_gl0.10_pr5.00_c25","model2",0.596312835511801,0.0960089263162921,10,1,0.1,25,50,5,1,0.99959650421438,767.741817876956,0.00512020144223383,480.379027801966,10,0.8,1.66610701486879,0.15,NA,NA,NA,0.8,0.15
"nt","tl1.00_gl0.10_pr5.00_c25","model3",0.600781739245384,0.0891431081524802,10,1,0.1,25,50,5,1,0.99955203838169,753.219512129549,0.00542749793384119,480.274396925582,10,0.8,0.461099834112641,0.15,0,66.0018276987402,0.95,0.4,0.55
"nt","tl1.00_gl0.10_pr5.00_c25","model4",0.59345622589526,0.0905804986282003,10,1,0.1,25,50,5,1,0.99956760239225,718.153126065512,0.0052266986249827,507.275436345969,10,1,0.0570554999791724,0.05,NA,NA,NA,1,0.05
"nt","tl1.00_gl0.10_pr5.00_c25","model5",0.593559571986227,0.0858290973379214,10,1,0.1,25,50,5,1,0.999595316626048,756.792298455871,0.00518839736428244,520.412397665841,10,1,0.0409215474493649,0.05,NA,NA,NA,0.6,0.35
"nt","tl1.00_gl0.10_pr5.00_c25","model6",0.596993116963077,0.0934456961074307,10,1,0.1,25,50,5,1,0.999603744239362,754.168185285639,0.00508470641258843,492.072016717034,10,1,0.155995039425535,0.05,NA,NA,NA,1,0.05
"nt","tl1.00_gl0.10_pr5.00_c25","model7",0.598602852908967,0.0919161956692033,10,1,0.1,25,50,5,1,0.999595064340223,779.330718423009,0.00514759105029888,519.96143821994,10,1,0.0618332466318447,0.05,NA,NA,NA,0.65,0.3
"nt","tl1.00_gl0.10_pr5.00_c25","model8",0.597120653858564,0.0912245929355172,10,1,0.1,25,50,5,1,0.999576142272547,814.610393371332,0.00522902126615362,522.692765096853,10,1,0.13144485576239,0.05,NA,NA,NA,0.65,0.3
"nt","tl1.00_gl0.10_pr5.00_c25","model9",0.598805339434298,0.0944607812905284,10,1,0.1,25,50,5,1,0.999629322209586,700.126452079873,0.00481926385007984,549.910967698773,10,1,0.0579315631900885,0.05,NA,NA,NA,0.65,0.3
"nt","tl1.00_gl0.10_pr5.00_c50","model1",0.422890977207331,0.0947841334262152,10,1,0.1,50,50,5,1,0.999341270337632,752.519174256843,0.00630566600645047,452.413112896735,10,0.5,1.25381048806233,0.45,NA,NA,NA,0.5,0.45
"nt","tl1.00_gl0.10_pr5.00_c50","model10",0.400489671108427,0.0882375069167011,10,1,0.1,50,50,5,1,0.99956285198028,835.50693937976,0.00502185396429261,503.682777583676,10,0.8,0.636152184957752,0.15,NA,NA,NA,0.55,0.4
"nt","tl1.00_gl0.10_pr5.00_c50","model11",0.398926403632086,0.0875971279079232,10,1,0.1,50,50,5,1,0.999358178671563,747.614056947384,0.00639490738514028,268.086479956166,10,0.6,0.785090042025456,0.35,NA,NA,NA,0.6,0.35
"nt","tl1.00_gl0.10_pr5.00_c50","model12",0.415400219588673,0.0893760178858846,10,1,0.1,50,50,5,1,0.999677117960465,769.62266977078,0.00449293663286422,421.774970163945,10,0.1,0.325324263574654,0.85,NA,NA,NA,0.1,0.85
"nt","tl1.00_gl0.10_pr5.00_c50","model2",0.406042851204138,0.0826974498830611,10,1,0.1,50,50,5,1,0.999403903248841,823.462235668414,0.00593859603230349,446.561212995357,10,0.6,5.68458292926291,0.35,NA,NA,NA,0.6,0.35
"nt","tl1.00_gl0.10_pr5.00_c50","model3",0.416064211590505,0.0979435081450452,10,1,0.1,50,50,5,1,0.999368399855594,757.60082740555,0.00628098429410239,402.271977957393,10,0.6,1.06668950519802,0.35,0,62.9360171587603,0.95,0.3,0.65
"nt","tl1.00_gl0.10_pr5.00_c50","model4",0.406945561932913,0.0929469326225391,10,1,0.1,50,50,5,1,0.999441785144183,765.003369016541,0.0057759125983833,421.478868613192,10,0.5,0.272128077094202,0.45,NA,NA,NA,0.5,0.45
"nt","tl1.00_gl0.10_pr5.00_c50","model5",0.407772485548072,0.0920167439044155,10,1,0.1,50,50,5,1,0.999519420369897,766.404516446776,0.00528884770979081,455.978140475465,10,0.7,0.263854875870119,0.25,NA,NA,NA,0.45,0.5
"nt","tl1.00_gl0.10_pr5.00_c50","model6",0.400063855304923,0.0863005877022404,10,1,0.1,50,50,5,1,0.999504328497672,823.204470805584,0.00536959412271812,494.800115417164,10,0.7,0.581681171832029,0.25,NA,NA,NA,0.7,0.25
"nt","tl1.00_gl0.10_pr5.00_c50","model7",0.40619778882576,0.0880957104725527,10,1,0.1,50,50,5,1,0.999425571236651,765.589522102731,0.00589857257039211,473.475999425798,10,0.7,0.263196321130661,0.25,NA,NA,NA,0.55,0.4
"nt","tl1.00_gl0.10_pr5.00_c50","model8",0.408434065164473,0.088166459391384,10,1,0.1,50,50,5,1,0.999521651479331,765.276541963396,0.00527130245833326,483.697703292886,10,0.8,0.719030133259067,0.15,NA,NA,NA,0.65,0.3
"nt","tl1.00_gl0.10_pr5.00_c50","model9",0.407018726005198,0.0903502855363183,9,1,0.1,50,50,5,0.9,0.999643873427412,614.603657874713,0.00441235280084521,570.82798786074,10,0.9,0.138820698481056,0.0499999999999999,NA,NA,NA,0.666666666666667,0.283333333333333
"nt","tl1.00_gl0.25_pr1.00_c100","model1",0.299561492111892,0.103537862211962,10,1,0.25,100,50,1,1,0.999262507438257,734.568573484865,0.00665815377534514,453.224742771476,10,0.3,1.81536752486749,0.65,NA,NA,NA,0.3,0.65
"nt","tl1.00_gl0.25_pr1.00_c100","model10",0.299994355147992,0.0971140313684694,10,1,0.25,100,50,1,1,0.999392191610265,835.482059569478,0.00582134398193159,497.012598844042,10,0.5,12.8384525601685,0.45,NA,NA,NA,0.7,0.25
"nt","tl1.00_gl0.25_pr1.00_c100","model11",0.287004866212825,0.0900912290878309,10,1,0.25,100,50,1,1,0.999274807546208,750.697469081253,0.00737053383311752,347.459260354164,10,0.4,1.26685738517197,0.55,NA,NA,NA,0.4,0.55
"nt","tl1.00_gl0.25_pr1.00_c100","model12",0.298162422798404,0.101907416168205,10,1,0.25,100,50,1,1,0.999701632000937,431.233499267156,0.00428279321393905,456.696918980663,10,0.1,0.355366377557531,0.85,NA,NA,NA,0.1,0.85
"nt","tl1.00_gl0.25_pr1.00_c100","model2",0.302448779570825,0.0981993976013212,10,1,0.25,100,50,1,1,0.999357647872501,680.805957792605,0.00631108163800312,437.778406489826,10,0.5,10.2267295422864,0.45,NA,NA,NA,0.5,0.45
"nt","tl1.00_gl0.25_pr1.00_c100","model3",0.299437035403356,0.0975466506280327,10,1,0.25,100,50,1,1,0.999260487138464,782.063347013116,0.00659745674773991,428.004325243898,10,0.4,1.80527923044655,0.55,0.1,5.6501209394577,0.85,0.25,0.7
"nt","tl1.00_gl0.25_pr1.00_c100","model4",0.299158774766314,0.103876946071609,10,1,0.25,100,50,1,1,0.999234362906911,722.353064295353,0.00681457987408051,445.851130496387,10,0.1,1.68712675897446,0.85,NA,NA,NA,0.1,0.85
"nt","tl1.00_gl0.25_pr1.00_c100","model5",0.301767049138695,0.100418824035957,10,1,0.25,100,50,1,1,0.999413414210946,773.086660396366,0.00588258752501774,469.283863202348,10,0.5,1.3928614318063,0.45,NA,NA,NA,0.5,0.45
"nt","tl1.00_gl0.25_pr1.00_c100","model6",0.302423541330108,0.0994840197015104,10,1,0.25,100,50,1,1,0.999332626014177,719.410430886965,0.0062334086498885,471.282089671277,10,0.6,6.01102868713639,0.35,NA,NA,NA,0.6,0.35
"nt","tl1.00_gl0.25_pr1.00_c100","model7",0.30106627311032,0.0915235885764849,10,1,0.25,100,50,1,1,0.999471137873248,741.532785965181,0.00540222761432723,516.047683523313,10,0.7,6.28396549564041,0.25,NA,NA,NA,0.8,0.15
"nt","tl1.00_gl0.25_pr1.00_c100","model8",0.300793208785433,0.0927628386739294,10,1,0.25,100,50,1,1,0.999394306540652,901.434200191709,0.00577444328586059,492.126619019491,10,0.5,13.2325688946031,0.45,NA,NA,NA,0.75,0.2
"nt","tl1.00_gl0.25_pr1.00_c100","model9",0.30301301953967,0.0873581634784372,10,1,0.25,100,50,1,1,0.999767469298829,643.484949490283,0.00340166852380839,568.907454667489,10,1,0.146653170233854,0.05,NA,NA,NA,0.95,0
"nt","tl1.00_gl0.25_pr1.00_c200","model1",0.187751983294665,0.0418799112035121,10,1,0.25,200,50,1,1,0.999160590577285,739.806035366802,0.00848989311771193,528.968193950592,10,0.2,1.36490101581061,0.75,NA,NA,NA,0.2,0.75
"nt","tl1.00_gl0.25_pr1.00_c200","model10",0.184514250732092,0.0272370643697375,10,1,0.25,200,50,1,1,0.99945254007638,734.387813275954,0.00633006278000503,550.755456866982,10,0.5,10.3275021303161,0.45,NA,NA,NA,0.75,0.2
"nt","tl1.00_gl0.25_pr1.00_c200","model11",0.177073531574557,0.0436549376418003,10,1,0.25,200,50,1,1,0.99921435800344,744.315089667351,0.00880238881288694,405.239040142049,10,0.3,1.02668784530344,0.65,NA,NA,NA,0.3,0.65
"nt","tl1.00_gl0.25_pr1.00_c200","model2",0.185390321882363,0.014883136290748,10,1,0.25,200,50,1,1,0.999344427810771,801.169274799557,0.00715801707063525,554.800070110203,10,0.5,11.7122432471233,0.45,NA,NA,NA,0.5,0.45
"nt","tl1.00_gl0.25_pr1.00_c200","model3",0.18811152011077,0.0463942181889112,10,1,0.25,200,50,1,1,0.999206903318639,775.739301941264,0.0079365073494946,507.275491357874,10,0.4,1.38739581174365,0.55,0,5.82838072432093,0.95,0.2,0.75
"nt","tl1.00_gl0.25_pr1.00_c200","model4",0.186004449664467,0.0409838124777661,10,1,0.25,200,50,1,1,0.999219149307304,792.451918143993,0.00806708077725573,535.241223964221,10,0,1.06968892619999,0.95,NA,NA,NA,0,0.95
"nt","tl1.00_gl0.25_pr1.00_c200","model5",0.187235574202243,0.0397096332571562,10,1,0.25,200,50,1,1,0.999369613104432,762.281852358878,0.00700036694040114,502.690197629066,10,0.5,1.03559318132899,0.45,NA,NA,NA,0.55,0.4
"nt","tl1.00_gl0.25_pr1.00_c200","model6",0.184481663783061,0.0156951527572107,10,1,0.25,200,50,1,1,0.999414995097118,719.83587929526,0.00681544228623224,522.733552811538,10,0.5,4.62383489623869,0.45,NA,NA,NA,0.5,0.45
"nt","tl1.00_gl0.25_pr1.00_c200","model7",0.184018347346653,0.0226374696057129,8,1,0.25,200,50,1,0.8,0.999528001084133,608.321609102806,0.00574600405924108,584.214815990975,10,0.7,3.44788770521193,0.25,0,9.29260195333358,0.95,0.541666666666667,0.408333333333333
"nt","tl1.00_gl0.25_pr1.00_c200","model8",0.184112729988254,0.0275822249597292,10,1,0.25,200,50,1,1,0.999384611860881,726.71184588843,0.00686446155730533,532.171769867724,10,0.5,10.4745962520043,0.45,NA,NA,NA,0.75,0.2
"nt","tl1.00_gl0.25_pr1.00_c200","model9",0.178210124002059,0.040041768115271,6,1,0.25,200,50,1,0.6,0.999766993746089,472.056582707684,0.0039819152726627,582.091084595182,10,1,0.14305276402967,0.05,0,9.32435263968183,0.95,1,0.05
"nt","tl1.00_gl0.25_pr1.00_c25","model1",0.560940992893267,0.0672890345415198,10,1,0.25,25,50,1,1,0.999480033222741,708.066270615709,0.00583290696884656,448.400987897665,10,0.6,1.26643083749846,0.35,NA,NA,NA,0.6,0.35
"nt","tl1.00_gl0.25_pr1.00_c25","model10",0.560771340568888,0.0685114076358879,10,1,0.25,25,50,1,1,0.99958132457456,783.007943111963,0.00512026171136501,521.717124839792,10,0.8,0.823838646719195,0.15,NA,NA,NA,0.8,0.15
"nt","tl1.00_gl0.25_pr1.00_c25","model11",0.538158199510003,0.0631452709048157,10,1,0.25,25,50,1,1,0.999376323913048,723.679606355711,0.00628641994180877,387.450091483074,10,0.6,0.639797685705816,0.35,NA,NA,NA,0.6,0.35
"nt","tl1.00_gl0.25_pr1.00_c25","model12",0.55289035645397,0.066578652871193,10,1,0.25,25,50,1,1,0.999622004146446,776.629119291047,0.00483608827984902,469.292417109348,10,0.2,0.298797595283847,0.75,NA,NA,NA,0.2,0.75
"nt","tl1.00_gl0.25_pr1.00_c25","model2",0.559751228384729,0.0686378512711169,10,1,0.25,25,50,1,1,0.999492489127329,759.741979403326,0.0056336269951731,469.983134085962,10,0.6,2.4276822691628,0.35,NA,NA,NA,0.6,0.35
"nt","tl1.00_gl0.25_pr1.00_c25","model3",0.564627940720112,0.0711331845473931,10,1,0.25,25,50,1,1,0.99953918723038,806.276956491422,0.00545564899435058,486.070268744209,10,0.7,1.13081617896718,0.25,0.4,6.48589051436641,0.55,0.55,0.4
"nt","tl1.00_gl0.25_pr1.00_c25","model4",0.560818989419885,0.0680158785447197,10,1,0.25,25,50,1,1,0.999569383778853,818.772473227788,0.0051903513857632,463.894842083867,10,0.7,0.401288910026573,0.25,NA,NA,NA,0.7,0.25
"nt","tl1.00_gl0.25_pr1.00_c25","model5",0.558274289807486,0.0602497865478899,10,1,0.25,25,50,1,1,0.999526734369854,784.426817677174,0.00554732282296459,519.071248595193,10,0.7,0.386451040174865,0.25,NA,NA,NA,0.7,0.25
"nt","tl1.00_gl0.25_pr1.00_c25","model6",0.563370764542417,0.0682431819953285,10,1,0.25,25,50,1,1,0.999497206025444,715.312278543552,0.00557146885908446,495.542350008596,10,0.8,0.890420672397888,0.15,NA,NA,NA,0.8,0.15
"nt","tl1.00_gl0.25_pr1.00_c25","model7",0.561485511523347,0.0691164100649686,10,1,0.25,25,50,1,1,0.999596718041993,843.678546086232,0.00505189037385593,507.242746192093,10,0.9,0.405407632440083,0.0499999999999999,NA,NA,NA,0.8,0.15
"nt","tl1.00_gl0.25_pr1.00_c25","model8",0.560529409120666,0.0665898843951424,10,1,0.25,25,50,1,1,0.99955442483779,746.531757564181,0.00545678588221419,474.185310332007,10,0.8,0.827352703024446,0.15,NA,NA,NA,0.75,0.2
"nt","tl1.00_gl0.25_pr1.00_c25","model9",0.543962513423159,0.0584985996496399,9,1,0.25,25,50,1,0.9,0.999628033878053,684.9958736708,0.00469857285881273,523.962055172099,10,1,0.12490055568284,0.05,NA,NA,NA,0.888888888888889,0.0611111111111111
"nt","tl1.00_gl0.25_pr1.00_c50","model1",0.424899460456285,0.07757979649903,10,1,0.25,50,50,1,1,0.999323644737125,704.676470711344,0.00633907735498996,386.872131798223,10,0.6,1.69117586026823,0.35,NA,NA,NA,0.6,0.35
"nt","tl1.00_gl0.25_pr1.00_c50","model10",0.408394128781583,0.084533298088645,10,1,0.25,50,50,1,1,0.999587247411736,806.155453529432,0.00498503549761866,489.756126896188,10,0.7,4.21788958276224,0.25,NA,NA,NA,0.65,0.3
"nt","tl1.00_gl0.25_pr1.00_c50","model11",0.38803665148153,0.0549164382800676,10,1,0.25,50,50,1,1,0.999409917382335,725.452030930513,0.00595653120561729,400.150091259025,10,0.6,1.0942846796495,0.35,NA,NA,NA,0.6,0.35
"nt","tl1.00_gl0.25_pr1.00_c50","model12",0.417753094011564,0.0738835398096933,10,1,0.25,50,50,1,1,0.99968679159988,649.325484564201,0.00423958719396598,503.107908600153,10,0.1,0.349554841943992,0.85,NA,NA,NA,0.1,0.85
"nt","tl1.00_gl0.25_pr1.00_c50","model2",0.422223662369263,0.0833785086952447,10,1,0.25,50,50,1,1,0.999425603772204,842.660211242193,0.00574374472240457,452.51144966927,10,0.7,9.57760247378833,0.25,NA,NA,NA,0.7,0.25
"nt","tl1.00_gl0.25_pr1.00_c50","model3",0.420928868211529,0.0771127237071076,10,1,0.25,50,50,1,1,0.999429780933943,776.495769096339,0.00589030996607087,447.036557867901,10,0.6,1.66625095353948,0.35,0.2,6.2751746616896,0.75,0.4,0.55
"nt","tl1.00_gl0.25_pr1.00_c50","model4",0.422429776252177,0.0813215635193471,10,1,0.25,50,50,1,1,0.999379005269354,768.398140216187,0.00608313507584875,426.17579817835,10,0.6,0.940628322770175,0.35,NA,NA,NA,0.6,0.35
"nt","tl1.00_gl0.25_pr1.00_c50","model5",0.416748269284244,0.0811196345237955,10,1,0.25,50,50,1,1,0.999478767826217,824.749958869426,0.00557528553644657,463.031725572972,10,0.6,0.879286460800902,0.35,NA,NA,NA,0.45,0.5
"nt","tl1.00_gl0.25_pr1.00_c50","model6",0.41696613548476,0.0874144040375563,10,1,0.25,50,50,1,1,0.999440800617382,844.503835178306,0.00567913720365101,465.054509035784,10,0.6,4.01285660521957,0.35,NA,NA,NA,0.6,0.35
"nt","tl1.00_gl0.25_pr1.00_c50","model7",0.412639403042603,0.0849459424880574,10,1,0.25,50,50,1,1,0.999521424348988,881.553341898624,0.00528265909041713,511.638320981606,10,0.7,2.57439242254138,0.25,NA,NA,NA,0.7,0.25
"nt","tl1.00_gl0.25_pr1.00_c50","model8",0.40897870143798,0.0852607146091671,10,1,0.25,50,50,1,1,0.999480945350079,801.036112138052,0.0054417117774095,459.947819339537,10,0.7,4.5391750693142,0.25,NA,NA,NA,0.7,0.25
"nt","tl1.00_gl0.25_pr1.00_c50","model9",0.394683515705336,0.0844126380600221,9,1,0.25,50,50,1,0.9,0.999677792137443,649.392779223699,0.00407329089888694,541.48267650366,10,1,0.19939606955014,0.05,NA,NA,NA,0.888888888888889,0.0611111111111111
"nt","tl1.00_gl0.25_pr2.50_c100","model1",0.297179672657845,0.0820609716537205,10,1,0.25,100,50,2.5,1,0.999253904099574,759.391724096773,0.00683756200662897,480.981398178545,10,0.3,2.05652436872521,0.65,NA,NA,NA,0.3,0.65
"nt","tl1.00_gl0.25_pr2.50_c100","model10",0.27335306941556,0.0601940030077332,10,1,0.25,100,50,2.5,1,0.999519622964015,719.889240437572,0.0051071617493903,481.457212756651,10,0.8,6.04789715251421,0.15,NA,NA,NA,0.9,0.0499999999999999
"nt","tl1.00_gl0.25_pr2.50_c100","model11",0.282397767726038,0.0829024854883869,10,1,0.25,100,50,2.5,1,0.999360131103706,766.723758735676,0.00742318849131327,437.511018678591,10,0.5,1.44149249306662,0.45,NA,NA,NA,0.5,0.45
"nt","tl1.00_gl0.25_pr2.50_c100","model12",0.295662818277661,0.0778053244436142,10,1,0.25,100,50,2.5,1,0.999703778392221,494.1372368331,0.00464846562551789,451.661840659237,10,0.1,0.355543945097153,0.85,NA,NA,NA,0.1,0.85
"nt","tl1.00_gl0.25_pr2.50_c100","model2",0.277069407226817,0.0461501460980188,9,1,0.25,100,50,2.5,0.9,0.999363328674633,707.17167329266,0.00615739536430675,483.593232365227,10,0.5,13.9335226364455,0.45,NA,NA,NA,0.444444444444444,0.505555555555556
"nt","tl1.00_gl0.25_pr2.50_c100","model3",0.297197871792776,0.0796865276683739,10,1,0.25,100,50,2.5,1,0.999271575191493,750.150147760532,0.00699473537426678,467.698325497409,10,0.4,2.08671033604498,0.55,0,5.77565220542759,0.95,0.2,0.75
"nt","tl1.00_gl0.25_pr2.50_c100","model4",0.29649142378921,0.073068288035486,10,1,0.25,100,50,2.5,1,0.999303978448112,752.391261218224,0.00671683457230774,439.021150320726,10,0.7,1.01969298865525,0.25,NA,NA,NA,0.7,0.25
"nt","tl1.00_gl0.25_pr2.50_c100","model5",0.292752368424138,0.0626488887727955,10,1,0.25,100,50,2.5,1,0.999542856583683,780.849182673513,0.00520411135857854,541.843307969574,10,0.7,1.22880957992928,0.25,NA,NA,NA,0.7,0.25
"nt","tl1.00_gl0.25_pr2.50_c100","model6",0.280256248641176,0.0570714105423852,10,1,0.25,100,50,2.5,1,0.999445180809545,785.836760356686,0.00567881362866596,508.259282627737,10,0.8,4.77413959824491,0.15,NA,NA,NA,0.8,0.15
"nt","tl1.00_gl0.25_pr2.50_c100","model7",0.274996581044244,0.0605951833596036,10,1,0.25,100,50,2.5,1,0.999544670389064,715.896044309659,0.00508302717712449,492.58459097503,10,0.7,2.3392938274477,0.25,0,9.80269925549085,0.95,0.566666666666667,0.383333333333333
"nt","tl1.00_gl0.25_pr2.50_c100","model8",0.273443649717037,0.0603511298745559,10,1,0.25,100,50,2.5,1,0.999549701514065,746.414190545592,0.00512694773852931,495.895927114253,10,0.8,6.22065464140188,0.15,NA,NA,NA,0.9,0.0499999999999999
"nt","tl1.00_gl0.25_pr2.50_c100","model9",0.283309955549075,0.0673279589992704,9,1,0.25,100,50,2.5,0.9,0.999758038393878,648.063729714111,0.00502283797496131,532.668511110002,10,0.9,0.22466955302131,0.0499999999999999,NA,NA,NA,0.944444444444444,0.00555555555555554
"nt","tl1.00_gl0.25_pr2.50_c200","model1",0.191668073999332,0.0414503560015765,10,1,0.25,200,50,2.5,1,0.999222236688179,782.259035512823,0.00773256866155813,468.267831597963,10,0.3,1.61622486443374,0.65,NA,NA,NA,0.3,0.65
"nt","tl1.00_gl0.25_pr2.50_c200","model10",0.176589154714194,0.0475960909758166,10,1,0.25,200,50,2.5,1,0.999635890057153,692.445278891728,0.00504240478739564,594.733442118742,10,0.8,7.63265121525562,0.15,NA,NA,NA,0.8,0.15
"nt","tl1.00_gl0.25_pr2.50_c200","model11",0.172998542448303,0.0420930645073958,10,1,0.25,200,50,2.5,1,0.999186177981728,730.166823915466,0.00903187351403335,443.555275147908,10,0.4,1.1946860665879,0.55,NA,NA,NA,0.4,0.55
"nt","tl1.00_gl0.25_pr2.50_c200","model2",0.181761860157055,0.0432024176588661,10,1,0.25,200,50,2.5,1,0.999360750801649,805.853865134499,0.00703873217085369,526.100369452879,10,0.5,13.672002951559,0.45,NA,NA,NA,0.5,0.45
"nt","tl1.00_gl0.25_pr2.50_c200","model3",0.194838381352968,0.0439322201186202,10,1,0.25,200,50,2.5,1,0.999166161943873,733.10812811232,0.0083356798739764,521.467042174205,10,0.3,1.62704285800411,0.65,0,6.46944653875699,0.95,0.15,0.8
"nt","tl1.00_gl0.25_pr2.50_c200","model4",0.19296479942478,0.0395936026307451,10,1,0.25,200,50,2.5,1,0.999304470417829,733.936876793383,0.00773663174172963,528.017752170119,10,0.8,0.684058196751602,0.15,NA,NA,NA,0.8,0.15
"nt","tl1.00_gl0.25_pr2.50_c200","model5",0.193752047915862,0.0448433669124668,10,1,0.25,200,50,2.5,1,0.999603924546076,795.568476957651,0.00554636998398458,558.771493332581,10,0.4,0.852699293743742,0.55,NA,NA,NA,0.5,0.45
"nt","tl1.00_gl0.25_pr2.50_c200","model6",0.178296939676999,0.0426576638841659,10,1,0.25,200,50,2.5,1,0.999494378175225,666.964453108983,0.00612276031359502,579.40134726572,10,0.8,2.58310497214932,0.15,NA,NA,NA,0.8,0.15
"nt","tl1.00_gl0.25_pr2.50_c200","model7",0.178355223449337,0.0481985794432766,10,1,0.25,200,50,2.5,1,0.99955780246971,671.576568042703,0.00557056054072171,545.621765254726,10,0.2,2.37736489131864,0.75,0,8.69281036671394,0.95,0.3,0.65
"nt","tl1.00_gl0.25_pr2.50_c200","model8",0.177597763135961,0.0475735657780101,10,1,0.25,200,50,2.5,1,0.999567643725441,648.051843247308,0.00603003136764961,542.978228980961,10,0.7,7.98843451344791,0.25,NA,NA,NA,0.7,0.25
"nt","tl1.00_gl0.25_pr2.50_c200","model9",0.172962415126874,0.045128616965623,7,1,0.25,200,50,2.5,0.7,0.999755921635471,469.732756867137,0.00413592502363905,597.583005039726,10,0.6,0.170081105014087,0.35,0,9.04157200139905,0.95,0.380952380952381,0.569047619047619
"nt","tl1.00_gl0.25_pr2.50_c25","model1",0.531424065730842,0.0821480049934082,10,1,0.25,25,50,2.5,1,0.999515537513931,723.380584174488,0.00562961371614303,481.247940312543,10,0.3,0.62523154570757,0.65,NA,NA,NA,0.3,0.65
"nt","tl1.00_gl0.25_pr2.50_c25","model10",0.533158478033808,0.0681959113008002,10,1,0.25,25,50,2.5,1,0.999582414694098,775.60369410322,0.00518770367342155,502.95285878838,10,1,0.208275985941603,0.05,NA,NA,NA,0.95,0
"nt","tl1.00_gl0.25_pr2.50_c25","model11",0.504039784375905,0.0808781324800423,10,1,0.25,25,50,2.5,1,0.999430354597821,773.614991812286,0.00596466732007515,387.240423808327,10,0.7,0.309686758648389,0.25,NA,NA,NA,0.7,0.25
"nt","tl1.00_gl0.25_pr2.50_c25","model12",0.521865832910574,0.0839143152085202,10,1,0.25,25,50,2.5,1,0.999645489203542,847.435981931076,0.00466004252086014,430.984877454709,10,0.2,0.294451596521576,0.75,NA,NA,NA,0.2,0.75
"nt","tl1.00_gl0.25_pr2.50_c25","model2",0.534170951563803,0.070639063591921,10,1,0.25,25,50,2.5,1,0.999547016435838,753.298398464023,0.00545411184367992,501.059979158057,10,0.7,1.19867310681138,0.25,NA,NA,NA,0.7,0.25
"nt","tl1.00_gl0.25_pr2.50_c25","model3",0.533558174756503,0.0826913359960091,10,1,0.25,25,50,2.5,1,0.999507786299861,747.468830308857,0.00564748314916255,475.595555589249,10,0.6,0.567527115439922,0.35,0.2,6.01490028702819,0.75,0.4,0.55
"nt","tl1.00_gl0.25_pr2.50_c25","model4",0.530792523107374,0.0741006359085447,10,1,0.25,25,50,2.5,1,0.999523296650139,729.004016390819,0.00558953499998407,460.980475565293,10,1,0.144397140357869,0.05,NA,NA,NA,1,0.05
"nt","tl1.00_gl0.25_pr2.50_c25","model5",0.532362280308426,0.0743160332714812,10,1,0.25,25,50,2.5,1,0.999550203812553,797.250009202617,0.00538776929592336,487.154877774446,10,1,0.112255576332067,0.05,NA,NA,NA,0.9,0.0499999999999999
"nt","tl1.00_gl0.25_pr2.50_c25","model6",0.533808991750421,0.0671471900889017,10,1,0.25,25,50,2.5,1,0.999558562990729,752.801366685625,0.00529004853006161,507.41807400643,10,1,0.246574878844225,0.05,NA,NA,NA,1,0.05
"nt","tl1.00_gl0.25_pr2.50_c25","model7",0.537602957369433,0.0665160953896309,10,1,0.25,25,50,2.5,1,0.999561512168993,783.222430808127,0.00540542676249505,512.423992767634,10,1,0.130500671422524,0.05,NA,NA,NA,1,0.05
"nt","tl1.00_gl0.25_pr2.50_c25","model8",0.535557235159429,0.0666789149950089,10,1,0.25,25,50,2.5,1,0.999541951616523,753.893573317954,0.00553214700731716,481.181640238746,10,1,0.275102904073321,0.05,NA,NA,NA,1,0.05
"nt","tl1.00_gl0.25_pr2.50_c25","model9",0.53822459952653,0.0653912195715387,10,1,0.25,25,50,2.5,1,0.999591993154192,733.417600743694,0.0050462440173611,517.750386280286,10,1,0.0808815113459451,0.05,NA,NA,NA,0.95,0
"nt","tl1.00_gl0.25_pr2.50_c50","model1",0.447949262867806,0.107658330152898,10,1,0.25,50,50,2.5,1,0.99939246786577,748.415769846873,0.00596985809159133,378.908373568431,10,0.3,1.60894182192448,0.65,NA,NA,NA,0.3,0.65
"nt","tl1.00_gl0.25_pr2.50_c50","model10",0.435466590716326,0.0972921826932411,10,1,0.25,50,50,2.5,1,0.999561584482907,756.914282879489,0.00495890215306755,507.762135927345,10,0.8,1.20112106363453,0.15,NA,NA,NA,0.8,0.15
"nt","tl1.00_gl0.25_pr2.50_c50","model11",0.410001627166212,0.11623028180477,10,1,0.25,50,50,2.5,1,0.999420327966762,756.016377930817,0.00603786941829783,316.801518956416,10,0.3,1.01267494207621,0.65,NA,NA,NA,0.3,0.65
"nt","tl1.00_gl0.25_pr2.50_c50","model12",0.443721797743189,0.106904993186659,10,1,0.25,50,50,2.5,1,0.999693943674554,668.953477227779,0.00426181204221237,421.884533078156,10,0.1,0.280139758240307,0.85,NA,NA,NA,0.1,0.85
"nt","tl1.00_gl0.25_pr2.50_c50","model2",0.427606687104529,0.10167202294962,10,1,0.25,50,50,2.5,1,0.999443057142802,781.655285268618,0.00570116141429695,437.77762333453,10,0.3,5.70379009810802,0.65,NA,NA,NA,0.3,0.65
"nt","tl1.00_gl0.25_pr2.50_c50","model3",0.451922563637465,0.106873928206255,10,1,0.25,50,50,2.5,1,0.999377651827811,727.683673358919,0.00609162029998245,427.026651614518,10,0.3,1.59165580857708,0.65,0,6.31570116739481,0.95,0.15,0.8
"nt","tl1.00_gl0.25_pr2.50_c50","model4",0.446680776250364,0.105451839415372,10,1,0.25,50,50,2.5,1,0.999443737681676,787.68842924238,0.005939823223709,440.534145075436,10,0.6,0.442709816946623,0.35,NA,NA,NA,0.6,0.35
"nt","tl1.00_gl0.25_pr2.50_c50","model5",0.455848094009742,0.107377014540159,10,1,0.25,50,50,2.5,1,0.99954132425207,719.191269576037,0.0052633817562817,465.810305698188,10,0.7,0.342248206623043,0.25,NA,NA,NA,0.65,0.3
"nt","tl1.00_gl0.25_pr2.50_c50","model6",0.425451205166199,0.0995243774883693,10,1,0.25,50,50,2.5,1,0.999472577408796,734.012060146133,0.00562424969624812,516.726415515986,10,0.8,1.3230007369351,0.15,NA,NA,NA,0.8,0.15
"nt","tl1.00_gl0.25_pr2.50_c50","model7",0.443470944712703,0.0988941321409039,10,1,0.25,50,50,2.5,1,0.999546187339914,734.529599094052,0.00506991095272667,455.620490245796,10,0.8,0.935998180096649,0.15,NA,NA,NA,0.8,0.15
"nt","tl1.00_gl0.25_pr2.50_c50","model8",0.440693912055138,0.0988378201119692,10,1,0.25,50,50,2.5,1,0.999520258868457,755.813953140585,0.00526692018797184,448.631800474388,10,0.8,2.08779776028446,0.15,NA,NA,NA,0.8,0.15
"nt","tl1.00_gl0.25_pr2.50_c50","model9",0.429081624451928,0.112313200386531,8,1,0.25,50,50,2.5,0.8,0.999640920741555,630.537166608333,0.00440154742615227,500.737218709599,10,0.9,0.12758797195929,0.0499999999999999,NA,NA,NA,0.8125,0.1375
"nt","tl1.00_gl0.25_pr5.00_c100","model1",0.289541967667034,0.108671437118925,10,1,0.25,100,50,5,1,0.999214119316405,725.288086447315,0.00689482334486451,397.290658470998,10,0.5,1.52555203687999,0.45,NA,NA,NA,0.5,0.45
"nt","tl1.00_gl0.25_pr5.00_c100","model10",0.281768807898294,0.102480529477425,10,1,0.25,100,50,5,1,0.999578783431815,745.41677955353,0.00473454921768023,565.887058110663,10,0.5,1.33442475391132,0.45,NA,NA,NA,0.6,0.35
"nt","tl1.00_gl0.25_pr5.00_c100","model11",0.281838781695404,0.117500207111655,10,1,0.25,100,50,5,1,0.999329089198439,775.724539283376,0.00704823134122156,366.40713102408,10,0.5,1.08873168500601,0.45,NA,NA,NA,0.5,0.45
"nt","tl1.00_gl0.25_pr5.00_c100","model12",0.302130976255832,0.0990900783352059,9,1,0.25,100,50,5,0.9,0.999689326096489,511.558860016539,0.00439806350729071,511.723192974237,10,0.1,0.407781699924688,0.85,NA,NA,NA,0.111111111111111,0.838888888888889
"nt","tl1.00_gl0.25_pr5.00_c100","model2",0.287625536296548,0.114341072454679,10,1,0.25,100,50,5,1,0.999442283058793,799.708239160741,0.00579904155725404,540.056833114277,10,0.5,10.6091389012065,0.45,NA,NA,NA,0.5,0.45
"nt","tl1.00_gl0.25_pr5.00_c100","model3",0.287633073438915,0.104378152405422,10,1,0.25,100,50,5,1,0.99925607823361,733.196401312495,0.00665676835077827,420.77817690867,10,0.5,1.48200629998476,0.45,0,6.51956229254135,0.95,0.25,0.7
"nt","tl1.00_gl0.25_pr5.00_c100","model4",0.28906081047816,0.0974457209197239,10,1,0.25,100,50,5,1,0.999465592755838,716.060658808682,0.00558824614992356,504.905818929672,10,0.4,0.297802148101066,0.55,NA,NA,NA,0.4,0.55
"nt","tl1.00_gl0.25_pr5.00_c100","model5",0.285976421000889,0.0965061142350969,10,1,0.25,100,50,5,1,0.999556878526621,763.965831929332,0.00499246007874835,465.917587180782,10,0.3,0.297267574869767,0.65,NA,NA,NA,0.3,0.65
"nt","tl1.00_gl0.25_pr5.00_c100","model6",0.285771910291739,0.0968714327285664,10,1,0.25,100,50,5,1,0.999547239660008,684.699456299607,0.00484887194551857,547.579944459944,10,0.7,1.11321501987647,0.25,NA,NA,NA,0.7,0.25
"nt","tl1.00_gl0.25_pr5.00_c100","model7",0.282036339437702,0.102415354967499,10,1,0.25,100,50,5,1,0.999572971441469,667.008476292909,0.00485171940942176,538.231229424638,10,0.4,0.446180031005396,0.55,0,10.7045178570538,0.95,0.333333333333333,0.616666666666667
"nt","tl1.00_gl0.25_pr5.00_c100","model8",0.280250319122404,0.101268420751191,10,1,0.25,100,50,5,1,0.999578921291124,716.229152386323,0.00492666172358246,535.441372919081,10,0.6,1.37879691731935,0.35,NA,NA,NA,0.65,0.3
"nt","tl1.00_gl0.25_pr5.00_c100","model9",0.280159720187128,0.0751341452425714,8,1,0.25,100,50,5,0.8,0.999696443872054,551.816753931686,0.00392115696247419,594.36983628228,10,0.6,0.222431588959512,0.35,0,9.9284733514793,0.95,0.625,0.325
"nt","tl1.00_gl0.25_pr5.00_c200","model1",0.193859891622674,0.0965198512770021,10,1,0.25,200,50,5,1,0.999165092514029,735.66683909077,0.00887941429545306,467.798954818582,10,0.2,1.23323411540542,0.75,NA,NA,NA,0.2,0.75
"nt","tl1.00_gl0.25_pr5.00_c200","model10",0.183397987374335,0.105621639178644,9,1,0.25,200,50,5,0.9,0.999658129406211,575.333417465896,0.00504436965536241,563.686599799122,10,0.2,1.45493517716641,0.75,0,9.9631890224964,0.95,0.5,0.45
"nt","tl1.00_gl0.25_pr5.00_c200","model11",0.172913542491816,0.0899862120710993,10,1,0.25,200,50,5,1,0.999203885934302,727.484729482434,0.00917332329397241,457.735554896637,10,0.3,0.928858939478432,0.65,NA,NA,NA,0.3,0.65
"nt","tl1.00_gl0.25_pr5.00_c200","model2",0.185596803831483,0.0872423134048386,10,1,0.25,200,50,5,1,0.999342501446754,663.017085576908,0.0074444262543174,550.625281519522,10,0.5,14.8019654864172,0.45,NA,NA,NA,0.5,0.45
"nt","tl1.00_gl0.25_pr5.00_c200","model3",0.194865591474572,0.0973941685017799,10,1,0.25,200,50,5,1,0.99917778549809,739.281114962699,0.00859481090446234,447.19617748793,10,0.3,1.23146537863361,0.65,0,7.41039228673187,0.95,0.15,0.8
"nt","tl1.00_gl0.25_pr5.00_c200","model4",0.192402875983327,0.0915614198229999,10,1,0.25,200,50,5,1,0.999531417622431,738.328094690537,0.00613319675804548,520.718703140751,10,0.4,0.22605741885962,0.55,NA,NA,NA,0.4,0.55
"nt","tl1.00_gl0.25_pr5.00_c200","model5",0.192002569597856,0.0946151992065924,10,1,0.25,200,50,5,1,0.999689767957538,758.931731419084,0.0050132302662573,562.894843823771,10,0.2,0.301163759885981,0.75,NA,NA,NA,0.45,0.5
"nt","tl1.00_gl0.25_pr5.00_c200","model6",0.186423256416305,0.0914446372763707,10,1,0.25,200,50,5,1,0.999621290801599,565.339399587934,0.00544396877468606,598.000485807464,10,0.8,1.80329614239698,0.15,NA,NA,NA,0.8,0.15
"nt","tl1.00_gl0.25_pr5.00_c200","model7",0.162011022456484,0.11519715393719,8,1,0.25,200,50,5,0.8,0.99958811787879,581.237176699083,0.00578285675295135,569.143215347651,10,0.3,0.483928590892415,0.65,0,9.77030928892678,0.95,0.375,0.575
"nt","tl1.00_gl0.25_pr5.00_c200","model8",0.186106235098142,0.10369526481393,9,1,0.25,200,50,5,0.9,0.999662680776602,573.690730036063,0.00513772189866471,605.532571928108,10,0.4,1.50719225907005,0.55,NA,NA,NA,0.555555555555556,0.394444444444444
"nt","tl1.00_gl0.25_pr5.00_c200","model9",0.184423888001983,0.0773110089845682,8,1,0.25,200,50,5,0.8,0.999767932210206,483.382441088915,0.00414643451458514,582.578969382018,10,0.3,0.293358062560695,0.65,0,8.90298181750815,0.95,0.291666666666667,0.658333333333333
"nt","tl1.00_gl0.25_pr5.00_c25","model1",0.625913782042419,0.0929956029943453,10,1,0.25,25,50,5,1,0.999561511759203,765.731996066929,0.00523604179263934,467.673546678185,10,0.7,0.622361340755015,0.25,NA,NA,NA,0.7,0.25
"nt","tl1.00_gl0.25_pr5.00_c25","model10",0.607951453698362,0.096612508897385,10,1,0.25,25,50,5,1,0.99961576876198,788.231618900132,0.00483741217268338,498.257894568953,10,0.8,0.367100048887944,0.15,NA,NA,NA,0.7,0.25
"nt","tl1.00_gl0.25_pr5.00_c25","model11",0.594269410429285,0.0966788873626114,10,1,0.25,25,50,5,1,0.999439938939657,753.39307448648,0.00586459106002449,438.583117627803,10,0.8,0.299263769702058,0.15,NA,NA,NA,0.8,0.15
"nt","tl1.00_gl0.25_pr5.00_c25","model12",0.617363673691156,0.0934437448443651,10,1,0.25,25,50,5,1,0.999547635253139,789.30282273525,0.00533927919565032,465.216387011021,10,0.2,0.32907541682017,0.75,NA,NA,NA,0.2,0.75
"nt","tl1.00_gl0.25_pr5.00_c25","model2",0.61289525542318,0.0971946375723877,10,1,0.25,25,50,5,1,0.999578978968284,756.797996615663,0.00522171332586103,536.962925001749,10,0.7,1.65762713477444,0.25,NA,NA,NA,0.7,0.25
"nt","tl1.00_gl0.25_pr5.00_c25","model3",0.626125935752628,0.083265084443553,10,1,0.25,25,50,5,1,0.999579212653554,755.802630530087,0.00515556769068092,527.422604375925,10,0.8,0.543650362742496,0.15,0,7.79428141180513,0.95,0.4,0.55
"nt","tl1.00_gl0.25_pr5.00_c25","model4",0.627303921513399,0.089468259809266,10,1,0.25,25,50,5,1,0.999608273305744,765.300432699409,0.0049629876056519,485.72036230981,10,0.8,0.205894787435649,0.15,NA,NA,NA,0.8,0.15
"nt","tl1.00_gl0.25_pr5.00_c25","model5",0.627151697986926,0.0904254045018886,10,1,0.25,25,50,5,1,0.999605759128477,808.536160053277,0.00511701063613347,509.857984409283,10,0.9,0.175704224135772,0.0499999999999999,NA,NA,NA,0.7,0.25
"nt","tl1.00_gl0.25_pr5.00_c25","model6",0.609186107647571,0.0961190765997254,10,1,0.25,25,50,5,1,0.99963354574199,839.75667761801,0.00490236435194736,545.170556514174,10,0.8,0.369648418391284,0.15,NA,NA,NA,0.8,0.15
"nt","tl1.00_gl0.25_pr5.00_c25","model7",0.612297773726949,0.0942791354582047,10,1,0.25,25,50,5,1,0.999634747194442,761.248392162218,0.00488505960615811,529.403247566955,10,1,0.231361472158932,0.05,NA,NA,NA,0.8,0.15
"nt","tl1.00_gl0.25_pr5.00_c25","model8",0.610202250653306,0.0945519842048446,10,1,0.25,25,50,5,1,0.999650795020546,846.460537829891,0.00471015328024165,528.395369827251,10,0.8,0.412374724715013,0.15,NA,NA,NA,0.7,0.25
"nt","tl1.00_gl0.25_pr5.00_c25","model9",0.603962783822655,0.0929929402182911,10,1,0.25,25,50,5,1,0.999660603953124,739.444888657053,0.00446486825501453,529.638155813434,10,1,0.157798113403531,0.05,NA,NA,NA,0.85,0.1
"nt","tl1.00_gl0.25_pr5.00_c50","model1",0.402744806801872,0.173698093533615,10,1,0.25,50,50,5,1,0.999384132014007,747.879930105074,0.00622480574965068,415.798397733824,10,0.5,1.66425171565131,0.45,NA,NA,NA,0.5,0.45
"nt","tl1.00_gl0.25_pr5.00_c50","model10",0.399163183135763,0.150068824256831,10,1,0.25,50,50,5,1,0.999575582539009,730.70913295216,0.00493960871997013,514.654780062316,10,0.8,1.31565941598494,0.15,NA,NA,NA,0.75,0.2
"nt","tl1.00_gl0.25_pr5.00_c50","model11",0.386020184756015,0.169897541936195,10,1,0.25,50,50,5,1,0.999397703727848,745.202855498393,0.00636652749603016,377.938093208825,10,0.7,1.08534840221379,0.25,NA,NA,NA,0.7,0.25
"nt","tl1.00_gl0.25_pr5.00_c50","model12",0.400673681218425,0.170854919929289,10,1,0.25,50,50,5,1,0.999707845314491,640.302362073111,0.00447816743844619,486.22817153713,10,0.2,0.368944820363244,0.75,NA,NA,NA,0.2,0.75
"nt","tl1.00_gl0.25_pr5.00_c50","model2",0.403298165322523,0.163984822195386,10,1,0.25,50,50,5,1,0.999413268135934,726.862825476061,0.00589619607062643,459.63984047955,10,0.7,5.12395069633705,0.25,NA,NA,NA,0.7,0.25
"nt","tl1.00_gl0.25_pr5.00_c50","model3",0.405550311994675,0.171192166223105,10,1,0.25,50,50,5,1,0.99940680471042,766.427847144123,0.00601821792662602,446.579967131486,10,0.7,1.47890204867192,0.25,0,5.74888473991328,0.95,0.35,0.6
"nt","tl1.00_gl0.25_pr5.00_c50","model4",0.399940758952868,0.16276588519198,10,1,0.25,50,50,5,1,0.999438921942658,761.959966048906,0.00582864540516851,440.873180512649,10,0.5,0.549606753574309,0.45,NA,NA,NA,0.5,0.45
"nt","tl1.00_gl0.25_pr5.00_c50","model5",0.399950825358017,0.166037448306836,10,1,0.25,50,50,5,1,0.999525973077844,765.262934181787,0.00534119722708991,447.210990709971,10,0.7,0.44164355029696,0.25,NA,NA,NA,0.65,0.3
"nt","tl1.00_gl0.25_pr5.00_c50","model6",0.39981271273216,0.142762778991988,10,1,0.25,50,50,5,1,0.999490352182085,755.655657868076,0.00541951891927524,501.091343296215,10,0.7,1.68266781307624,0.25,NA,NA,NA,0.7,0.25
"nt","tl1.00_gl0.25_pr5.00_c50","model7",0.400295029368516,0.14990244530134,10,1,0.25,50,50,5,1,0.999488260499279,764.032684778563,0.00528258612863145,455.127881989553,10,0.7,0.625520450369649,0.25,NA,NA,NA,0.65,0.3
"nt","tl1.00_gl0.25_pr5.00_c50","model8",0.397740455228792,0.147789527288544,10,1,0.25,50,50,5,1,0.999536131856899,844.268900778813,0.00515235729204623,502.512974995784,10,0.8,1.50534902267344,0.15,NA,NA,NA,0.8,0.15
"nt","tl1.00_gl0.25_pr5.00_c50","model9",0.377574409129833,0.0913448881694465,8,1,0.25,50,50,5,0.8,0.999574284034821,667.516356180509,0.004812676731306,522.510581701495,10,0.8,0.185759647288169,0.15,NA,NA,NA,0.75,0.2
"nt","tl1.00_gl0.50_pr1.00_c100","model1",0.28822513941844,0.0632105121464455,10,1,0.5,100,50,1,1,0.999335985861294,774.186593309279,0.00649152226412708,461.288662003865,10,0.4,1.81476894954914,0.55,NA,NA,NA,0.4,0.55
"nt","tl1.00_gl0.50_pr1.00_c100","model10",0.285695108304446,0.0615560978302429,10,1,0.5,100,50,1,1,0.999439424105009,715.502692007532,0.00595913388216235,537.297880479953,10,0.8,4.7541490158526,0.15,NA,NA,NA,0.8,0.15
"nt","tl1.00_gl0.50_pr1.00_c100","model11",0.278039984407313,0.068114577334424,10,1,0.5,100,50,1,1,0.999353797901137,752.0849042955,0.00713016168852139,353.760282381422,10,0.5,1.28223482216331,0.45,NA,NA,NA,0.5,0.45
"nt","tl1.00_gl0.50_pr1.00_c100","model12",0.286161838109032,0.0602416694541485,10,1,0.5,100,50,1,1,0.99969083135476,446.151558691714,0.00452463923482806,519.770726750623,10,0.1,0.393240958581106,0.85,NA,NA,NA,0.1,0.85
"nt","tl1.00_gl0.50_pr1.00_c100","model2",0.287877310211618,0.0657196702877446,10,1,0.5,100,50,1,1,0.999370315429054,816.329964446255,0.00624369978517285,475.359244606468,10,0.5,13.1161510313542,0.45,NA,NA,NA,0.5,0.45
"nt","tl1.00_gl0.50_pr1.00_c100","model3",0.286687739819194,0.0534549708242731,10,1,0.5,100,50,1,1,0.999302676332509,768.450312299182,0.00655443701902945,478.813292504025,10,0.4,1.74916985821105,0.55,0.5,0.426694847882914,0.45,0.45,0.5
"nt","tl1.00_gl0.50_pr1.00_c100","model4",0.287058040803786,0.057035290320295,10,1,0.5,100,50,1,1,0.99931388056678,801.56935101399,0.00650252718556114,464.526513605856,10,0.5,0.818784138419404,0.45,NA,NA,NA,0.5,0.45
"nt","tl1.00_gl0.50_pr1.00_c100","model5",0.285308638923647,0.0500206934184215,10,1,0.5,100,50,1,1,0.999389456883811,809.707893185626,0.00611030230364521,489.762364321624,10,0.5,0.716648507176977,0.45,NA,NA,NA,0.7,0.25
"nt","tl1.00_gl0.50_pr1.00_c100","model6",0.283175330293148,0.0789748967077302,9,1,0.5,100,50,1,0.9,0.999425754547745,749.733741908641,0.00596162551254826,548.793894468005,10,0.8,5.75688945894958,0.15,NA,NA,NA,0.777777777777778,0.172222222222222
"nt","tl1.00_gl0.50_pr1.00_c100","model7",0.284809827682667,0.0621011727340974,10,1,0.5,100,50,1,1,0.999461387731686,792.305776530283,0.00567746085805079,495.128663819312,10,0.7,2.12063984396229,0.25,NA,NA,NA,0.85,0.1
"nt","tl1.00_gl0.50_pr1.00_c100","model8",0.282608407001148,0.0602924305252006,10,1,0.5,100,50,1,1,0.999468279988517,811.709540204266,0.00566609621965673,483.569243846493,10,0.8,5.37825992569658,0.15,NA,NA,NA,0.9,0.0499999999999999
"nt","tl1.00_gl0.50_pr1.00_c100","model9",0.290949194042218,0.0402197194543884,9,1,0.5,100,50,1,0.9,0.999706262864331,667.587425424762,0.00392321936822822,568.912359954286,10,1,0.186632548313508,0.05,NA,NA,NA,0.944444444444444,0.00555555555555554
"nt","tl1.00_gl0.50_pr1.00_c200","model1",0.208996811003804,0.0484479832705438,10,1,0.5,200,50,1,1,0.999213520033657,723.32327628191,0.00801319286844225,476.075952805219,10,0.3,2.21978642209679,0.65,NA,NA,NA,0.3,0.65
"nt","tl1.00_gl0.50_pr1.00_c200","model10",0.196684764668134,0.0387424125594681,10,1,0.5,200,50,1,1,0.999471666310456,797.102635863504,0.0063164492149472,517.7235410447,10,0.7,15.9741909608398,0.25,NA,NA,NA,0.85,0.1
"nt","tl1.00_gl0.50_pr1.00_c200","model11",0.195607156557563,0.0662678292866739,10,1,0.5,200,50,1,1,0.999241207751294,751.585424565274,0.00851868134712897,482.36160994893,10,0.4,1.63408393830736,0.55,NA,NA,NA,0.4,0.55
"nt","tl1.00_gl0.50_pr1.00_c200","model2",0.19821084372615,0.0359911819063826,10,1,0.5,200,50,1,1,0.999419177437836,711.201188619003,0.00641606254630531,530.857920247067,10,0.5,27.1047981367989,0.45,NA,NA,NA,0.5,0.45
"nt","tl1.00_gl0.50_pr1.00_c200","model3",0.20572718568707,0.0488623392033729,10,1,0.5,200,50,1,1,0.999179896065419,756.852039771215,0.00816282076217829,455.064982212245,10,0.3,2.19732029488177,0.65,0.1,0.525718089657361,0.85,0.2,0.75
"nt","tl1.00_gl0.50_pr1.00_c200","model4",0.208428561997277,0.0499315172540911,10,1,0.5,200,50,1,1,0.999199594179009,729.810428607291,0.0076181031884563,543.685442385478,10,0.3,1.47542900012359,0.65,NA,NA,NA,0.3,0.65
"nt","tl1.00_gl0.50_pr1.00_c200","model5",0.207922766851778,0.0498074859474583,10,1,0.5,200,50,1,1,0.999284601594909,768.973359285029,0.00753430126110506,536.326609220044,10,0.5,1.46372367229724,0.45,NA,NA,NA,0.6,0.35
"nt","tl1.00_gl0.50_pr1.00_c200","model6",0.20069375932564,0.0330837152343969,10,1,0.5,200,50,1,1,0.999352633330419,757.533289934119,0.00688667564620731,538.656203130809,10,0.5,13.4888457486406,0.45,NA,NA,NA,0.5,0.45
"nt","tl1.00_gl0.50_pr1.00_c200","model7",0.197060776771951,0.0301985368945626,9,1,0.5,200,50,1,0.9,0.999525959275155,739.355072388325,0.00592393885745569,564.959112326014,10,0.7,4.99054900243228,0.25,0,1.06343907949592,0.95,0.833333333333333,0.116666666666667
"nt","tl1.00_gl0.50_pr1.00_c200","model8",0.196803131319778,0.0375556807051365,10,1,0.5,200,50,1,1,0.999393667659165,802.462403260438,0.00691056105482865,554.906617934109,10,0.6,16.8134650621193,0.35,NA,NA,NA,0.8,0.15
"nt","tl1.00_gl0.50_pr1.00_c200","model9",0.189130223927735,0.0593825206858973,7,1,0.5,200,50,1,0.7,0.999764351588499,501.169060948202,0.00387808818175587,562.609544123555,10,1,0.235052422326891,0.05,0,1.08342026949027,0.95,0.666666666666667,0.283333333333333
"nt","tl1.00_gl0.50_pr1.00_c25","model1",0.574624255041919,0.187898983050031,10,1,0.5,25,50,1,1,0.999496974599527,760.593129541155,0.00558174520755124,459.198909886435,10,0.7,1.91745285131238,0.25,NA,NA,NA,0.7,0.25
"nt","tl1.00_gl0.50_pr1.00_c25","model10",0.581755402973676,0.160075562124311,10,1,0.5,25,50,1,1,0.999540209890593,751.533973054794,0.00522399753338117,520.615830927045,10,0.8,2.1000379368581,0.15,NA,NA,NA,0.9,0.0499999999999999
"nt","tl1.00_gl0.50_pr1.00_c25","model11",0.546138422991024,0.188894577866951,10,1,0.5,25,50,1,1,0.999342129971875,722.359865891894,0.0065117797886482,463.482461855754,10,0.8,1.03128653648266,0.15,NA,NA,NA,0.8,0.15
"nt","tl1.00_gl0.50_pr1.00_c25","model12",0.567847158482623,0.194147542613327,10,1,0.5,25,50,1,1,0.999517272312413,739.363107035649,0.00543745751242057,481.901911517595,10,0.1,0.361680709027967,0.85,NA,NA,NA,0.1,0.85
"nt","tl1.00_gl0.50_pr1.00_c25","model2",0.578673101216065,0.173768760347357,10,1,0.5,25,50,1,1,0.999476973261581,740.785635118019,0.00575001366385119,514.989684873881,10,0.8,4.75366335140041,0.15,NA,NA,NA,0.8,0.15
"nt","tl1.00_gl0.50_pr1.00_c25","model3",0.579779646275177,0.188153766811238,10,1,0.5,25,50,1,1,0.999454106219104,758.71208889602,0.00588965740720761,451.958230891277,10,0.7,1.80886878185675,0.25,0.7,0.733804403827904,0.25,0.7,0.25
"nt","tl1.00_gl0.50_pr1.00_c25","model4",0.580677691735174,0.192320419082602,10,1,0.5,25,50,1,1,0.999431360845532,770.218966210152,0.00589769091538368,510.461453001824,10,0.7,1.39455101974378,0.25,NA,NA,NA,0.7,0.25
"nt","tl1.00_gl0.50_pr1.00_c25","model5",0.580091073503199,0.189811704305195,10,1,0.5,25,50,1,1,0.999529695334752,769.142950713316,0.00541380724153043,529.653126023881,10,0.8,1.14145503300176,0.15,NA,NA,NA,0.8,0.15
"nt","tl1.00_gl0.50_pr1.00_c25","model6",0.584079942286628,0.168066373253478,10,1,0.5,25,50,1,1,0.999496760787299,763.69541444417,0.00554731884923947,539.459305531386,10,0.8,2.40378096602496,0.15,NA,NA,NA,0.8,0.15
"nt","tl1.00_gl0.50_pr1.00_c25","model7",0.583179512075407,0.156004231979328,10,1,0.5,25,50,1,1,0.999543399682737,811.318100719145,0.00528336608231967,527.822946442364,10,0.8,1.20565118722163,0.15,NA,NA,NA,0.8,0.15
"nt","tl1.00_gl0.50_pr1.00_c25","model8",0.58275596393857,0.156400364718094,10,1,0.5,25,50,1,1,0.999496716784064,759.021858890406,0.00561998825108441,515.826061898839,10,0.8,2.09272046371427,0.15,NA,NA,NA,0.8,0.15
"nt","tl1.00_gl0.50_pr1.00_c25","model9",0.576954176099683,0.185669202077238,9,1,0.5,25,50,1,0.9,0.999568663568125,673.088454767985,0.00494542706662161,523.462721455171,10,1,0.188440739295145,0.05,NA,NA,NA,0.944444444444444,0.00555555555555554
"nt","tl1.00_gl0.50_pr1.00_c50","model1",0.412334424275508,0.0336533280226003,10,1,0.5,50,50,1,1,0.999364447221472,751.077546477253,0.00613031374287063,392.795053985014,10,0.5,1.22135185119573,0.45,NA,NA,NA,0.5,0.45
"nt","tl1.00_gl0.50_pr1.00_c50","model10",0.402260663161385,0.0289955457343554,10,1,0.5,50,50,1,1,0.999533007881699,795.136957255582,0.00521356306537034,441.342225924097,10,0.8,1.76255057488474,0.15,NA,NA,NA,0.9,0.0499999999999999
"nt","tl1.00_gl0.50_pr1.00_c50","model11",0.385429575442089,0.0367696548396184,10,1,0.5,50,50,1,1,0.999281123146428,716.861824246087,0.00669258819859039,343.625087348225,10,0.5,0.814887906511636,0.45,NA,NA,NA,0.5,0.45
"nt","tl1.00_gl0.50_pr1.00_c50","model12",0.403502195774922,0.0365289906829176,10,1,0.5,50,50,1,1,0.999648527673193,713.062820282579,0.0045431494222365,437.590571806337,10,0.1,0.379406881327977,0.85,NA,NA,NA,0.1,0.85
"nt","tl1.00_gl0.50_pr1.00_c50","model2",0.406888396062731,0.0265273937412105,10,1,0.5,50,50,1,1,0.999391886190534,753.603375055262,0.00596005036467023,452.310515513898,10,0.6,3.68292758962582,0.35,NA,NA,NA,0.6,0.35
"nt","tl1.00_gl0.50_pr1.00_c50","model3",0.408876632498984,0.0263382434759381,10,1,0.5,50,50,1,1,0.999342520289689,758.979125933949,0.00633669859773145,383.145948819398,10,0.4,1.19064825317491,0.55,0.7,0.460693034169589,0.25,0.55,0.4
"nt","tl1.00_gl0.50_pr1.00_c50","model4",0.407026155977533,0.0307443009757745,10,1,0.5,50,50,1,1,0.999395653662804,758.796451451344,0.0060887425274991,424.207897765135,10,0.6,0.696974711864474,0.35,NA,NA,NA,0.6,0.35
"nt","tl1.00_gl0.50_pr1.00_c50","model5",0.407930620910072,0.0320569525585274,10,1,0.5,50,50,1,1,0.999456322464088,828.850578705225,0.00572269455684219,417.747880002695,10,0.7,0.588991425375673,0.25,NA,NA,NA,0.85,0.1
"nt","tl1.00_gl0.50_pr1.00_c50","model6",0.403025054877743,0.0301081674883107,10,1,0.5,50,50,1,1,0.999430423498795,752.949859754901,0.00579748554988131,440.667921926962,10,0.8,1.85477319761811,0.15,NA,NA,NA,0.8,0.15
"nt","tl1.00_gl0.50_pr1.00_c50","model7",0.408346210503074,0.032102064915621,10,1,0.5,50,50,1,1,0.999417860576564,804.7441628751,0.00587056680987327,447.466748877747,10,0.7,0.764207062172012,0.25,NA,NA,NA,0.8,0.15
"nt","tl1.00_gl0.50_pr1.00_c50","model8",0.40527239405654,0.03090531527946,10,1,0.5,50,50,1,1,0.999460993050052,808.647522348943,0.00562485248001034,489.562442846212,10,0.8,1.82124753436552,0.15,NA,NA,NA,0.85,0.0999999999999999
"nt","tl1.00_gl0.50_pr1.00_c50","model9",0.411239460815407,0.0609404133181863,8,1,0.5,50,50,1,0.8,0.999614272403653,686.095109087983,0.00469678041779757,523.778087529496,10,0.9,0.119589936869969,0.0499999999999999,NA,NA,NA,0.875,0.075
"nt","tl1.00_gl0.50_pr2.50_c100","model1",0.31184553112304,0.119111483796935,10,1,0.5,100,50,2.5,1,0.999253016982931,743.040074654912,0.00661680374046101,397.295374726762,10,0.4,1.32703601511157,0.55,NA,NA,NA,0.4,0.55
"nt","tl1.00_gl0.50_pr2.50_c100","model10",0.300833100793299,0.0922823774977578,10,1,0.5,100,50,2.5,1,0.99962641824505,787.484305473952,0.00433890335019469,537.119987726418,10,0.7,2.42191142431953,0.25,NA,NA,NA,0.85,0.1
"nt","tl1.00_gl0.50_pr2.50_c100","model11",0.288967373558738,0.115053805677644,10,1,0.5,100,50,2.5,1,0.999351165098468,772.424311113361,0.00696857116052625,372.761409734856,10,0.5,0.934613681672061,0.45,NA,NA,NA,0.5,0.45
"nt","tl1.00_gl0.50_pr2.50_c100","model12",0.27678841178982,0.105989799828545,9,1,0.5,100,50,2.5,0.9,0.999679028626128,530.338376165929,0.00469185872635519,464.170099004078,10,0,0.384963988944732,0.95,NA,NA,NA,0,0.95
"nt","tl1.00_gl0.50_pr2.50_c100","model2",0.313284334389154,0.100997494647964,10,1,0.5,100,50,2.5,1,0.999427917865383,650.042850261664,0.00556010379675262,480.073035915953,10,0.5,10.7187678766017,0.45,NA,NA,NA,0.5,0.45
"nt","tl1.00_gl0.50_pr2.50_c100","model3",0.307038738202221,0.115753346414612,10,1,0.5,100,50,2.5,1,0.999289208334526,751.996758212257,0.00660240373196274,384.586214532186,10,0.5,1.26592190937561,0.45,0.2,0.549371879764332,0.75,0.35,0.6
"nt","tl1.00_gl0.50_pr2.50_c100","model4",0.310635214132638,0.116191043017842,10,1,0.5,100,50,2.5,1,0.999396544133876,693.062518578642,0.00588228438221589,431.143832877815,10,0.3,0.473943560655667,0.65,NA,NA,NA,0.3,0.65
"nt","tl1.00_gl0.50_pr2.50_c100","model5",0.303377224886957,0.109918090816295,10,1,0.5,100,50,2.5,1,0.999513768447204,758.850054478525,0.00523797551088817,469.905659674846,10,0.4,0.415704710995782,0.55,NA,NA,NA,0.7,0.25
"nt","tl1.00_gl0.50_pr2.50_c100","model6",0.307741072624801,0.0902494870634324,10,1,0.5,100,50,2.5,1,0.999523038929538,768.496257009622,0.00502786573696501,488.961461001765,10,0.6,3.97969554010801,0.35,NA,NA,NA,0.6,0.35
"nt","tl1.00_gl0.50_pr2.50_c100","model7",0.307125009388056,0.092948585961631,9,1,0.5,100,50,2.5,0.9,0.999584353275695,703.242829364913,0.00467753228542073,446.001049444908,10,0.6,1.29193725975882,0.35,0,1.07977479043815,0.95,0.518518518518518,0.431481481481481
"nt","tl1.00_gl0.50_pr2.50_c100","model8",0.301371711347537,0.0914917588633736,10,1,0.5,100,50,2.5,1,0.999542329488481,789.802824152622,0.00484203371670636,545.881598634336,10,0.6,2.93026984037218,0.35,NA,NA,NA,0.8,0.15
"nt","tl1.00_gl0.50_pr2.50_c100","model9",0.274895709642334,0.0995840958241464,6,1,0.5,100,50,2.5,0.6,0.999740937965521,470.708750602048,0.00562956912934712,447.956915155622,10,0.7,0.233956436869296,0.25,NA,NA,NA,0.75,0.2
"nt","tl1.00_gl0.50_pr2.50_c200","model1",0.181692480885488,0.0540751057133741,10,1,0.5,200,50,2.5,1,0.999174950532404,729.523098128041,0.0081986911370897,435.601280122792,10,0.4,1.82218331882215,0.55,NA,NA,NA,0.4,0.55
"nt","tl1.00_gl0.50_pr2.50_c200","model10",0.167872169683809,0.0362525221619244,10,1,0.5,200,50,2.5,1,0.999597486798449,681.113133854363,0.0056139408087389,545.133310666494,10,0.6,10.5410104727862,0.35,NA,NA,NA,0.8,0.15
"nt","tl1.00_gl0.50_pr2.50_c200","model11",0.165200326968055,0.0464280416861318,10,1,0.5,200,50,2.5,1,0.999228082800937,732.88462212702,0.00920693263313264,382.43262340806,10,0.4,1.3289434056861,0.55,NA,NA,NA,0.4,0.55
"nt","tl1.00_gl0.50_pr2.50_c200","model2",0.172490064169116,0.0413969497740345,10,1,0.5,200,50,2.5,1,0.999334019873565,727.804117643686,0.0071632579413168,524.531273807214,10,0.5,21.3455008453692,0.45,NA,NA,NA,0.5,0.45
"nt","tl1.00_gl0.50_pr2.50_c200","model3",0.182047142386421,0.0516922397648514,10,1,0.5,200,50,2.5,1,0.999304270103804,787.829570371222,0.00750588471854922,455.537004171031,10,0.4,1.73983756686666,0.55,0.2,0.544530556635003,0.75,0.3,0.65
"nt","tl1.00_gl0.50_pr2.50_c200","model4",0.175592890348646,0.0556642386091389,10,1,0.5,200,50,2.5,1,0.999426051731049,791.64308127911,0.00674117954278987,547.21889652176,10,0.4,0.70577884339345,0.55,NA,NA,NA,0.4,0.55
"nt","tl1.00_gl0.50_pr2.50_c200","model5",0.176842972310567,0.0538343416631496,10,1,0.5,200,50,2.5,1,0.999517065148018,747.797159631022,0.00601039601291264,573.232545838787,10,0.3,0.693347872462388,0.65,NA,NA,NA,0.6,0.35
"nt","tl1.00_gl0.50_pr2.50_c200","model6",0.169328059738605,0.0414861626753803,10,1,0.5,200,50,2.5,1,0.999586816985325,654.477881002967,0.00552808929580708,541.781417599531,10,0.6,10.9407727449926,0.35,NA,NA,NA,0.6,0.35
"nt","tl1.00_gl0.50_pr2.50_c200","model7",0.168139792726172,0.0415683362923056,10,1,0.5,200,50,2.5,1,0.999567293112146,703.173371399311,0.0054362160189281,577.561074517005,10,0.2,2.87855354279996,0.75,NA,NA,NA,0.55,0.4
"nt","tl1.00_gl0.50_pr2.50_c200","model8",0.168757047417451,0.0352387194487214,10,1,0.5,200,50,2.5,1,0.999541799603669,637.245744942793,0.00589370851804251,577.00779515437,10,0.6,11.0968625596883,0.35,NA,NA,NA,0.8,0.15
"nt","tl1.00_gl0.50_pr2.50_c200","model9",0.187348364903188,0.0630911054710467,5,1,0.5,200,50,2.5,0.5,0.999747183755479,416.644176424142,0.00419696632297192,606.850613183696,10,0.5,0.250156626734424,0.45,0.2,0.911065303657056,0.75,0.6,0.35
"nt","tl1.00_gl0.50_pr2.50_c25","model1",0.523693089618806,0.0870550355070262,10,1,0.5,25,50,2.5,1,0.999452013265115,726.16524313726,0.00601225795296899,467.15820492322,10,0.7,1.47849490121276,0.25,NA,NA,NA,0.7,0.25
"nt","tl1.00_gl0.50_pr2.50_c25","model10",0.527870088578404,0.0809864261742168,10,1,0.5,25,50,2.5,1,0.999560453104247,798.941785868785,0.0051219997033795,508.174306643048,10,0.8,1.42505265283632,0.15,NA,NA,NA,0.9,0.0499999999999999
"nt","tl1.00_gl0.50_pr2.50_c25","model11",0.498441945700337,0.090537807392662,10,1,0.5,25,50,2.5,1,0.999393823771722,748.394249225259,0.00627708719590095,401.793552703526,10,0.8,0.793386001718523,0.15,NA,NA,NA,0.8,0.15
"nt","tl1.00_gl0.50_pr2.50_c25","model12",0.515246095023745,0.0867272270229594,10,1,0.5,25,50,2.5,1,0.999566739782182,648.221452937149,0.00530680443019175,445.564951798664,10,0.1,0.314648245617808,0.85,NA,NA,NA,0.1,0.85
"nt","tl1.00_gl0.50_pr2.50_c25","model2",0.528644874677145,0.0870092234690545,10,1,0.5,25,50,2.5,1,0.999469066212725,725.14725051998,0.00579433675825186,485.062845921522,10,0.8,3.20747777582321,0.15,NA,NA,NA,0.8,0.15
"nt","tl1.00_gl0.50_pr2.50_c25","model3",0.524623434859546,0.0888179094322945,10,1,0.5,25,50,2.5,1,0.999470572981664,767.164449675366,0.00585656938273598,509.729198518027,10,0.8,1.3889542371028,0.15,0.6,0.773530464221302,0.35,0.7,0.25
"nt","tl1.00_gl0.50_pr2.50_c25","model4",0.524603705945985,0.0832898555547269,10,1,0.5,25,50,2.5,1,0.999485251576501,786.016804005778,0.00582473930126496,483.841168119418,10,0.8,1.18454237617913,0.15,NA,NA,NA,0.8,0.15
"nt","tl1.00_gl0.50_pr2.50_c25","model5",0.524548567049518,0.0855379192225307,10,1,0.5,25,50,2.5,1,0.999469431747994,748.429426743618,0.00570518635988882,467.254926497635,10,0.8,1.07400993960854,0.15,NA,NA,NA,0.85,0.0999999999999999
"nt","tl1.00_gl0.50_pr2.50_c25","model6",0.530165882235221,0.0794141757399822,10,1,0.5,25,50,2.5,1,0.999545039909771,859.387043572867,0.00541470513070437,490.255808418794,10,0.8,1.4965128649025,0.15,NA,NA,NA,0.8,0.15
"nt","tl1.00_gl0.50_pr2.50_c25","model7",0.530973253902532,0.0865234048741758,10,1,0.5,25,50,2.5,1,0.99954909021318,812.603141650251,0.00533676155603495,562.673007874443,10,0.8,1.24170909981832,0.15,NA,NA,NA,0.9,0.0499999999999999
"nt","tl1.00_gl0.50_pr2.50_c25","model8",0.528054517607072,0.0844903194895354,10,1,0.5,25,50,2.5,1,0.999562217588004,841.618997037533,0.00525460988470902,515.593192286102,10,0.8,1.78528478674847,0.15,NA,NA,NA,0.9,0.0499999999999999
"nt","tl1.00_gl0.50_pr2.50_c25","model9",0.523038638502166,0.0429913860633435,9,1,0.5,25,50,2.5,0.9,0.999594023099915,698.65301295817,0.00486842924764289,496.422793819045,10,1,0.189418957595615,0.05,NA,NA,NA,1,0.05
"nt","tl1.00_gl0.50_pr2.50_c50","model1",0.412681699164848,0.104482468572497,10,1,0.5,50,50,2.5,1,0.999388968288311,749.053531257805,0.00604034305568494,449.717591290574,10,0.4,1.95970454093778,0.55,NA,NA,NA,0.4,0.55
"nt","tl1.00_gl0.50_pr2.50_c50","model10",0.409722453065652,0.104208229524598,10,1,0.5,50,50,2.5,1,0.999537592923693,773.735579522633,0.00516476879997746,583.331144622817,10,0.8,1.61764385846836,0.15,NA,NA,NA,0.85,0.0999999999999999
"nt","tl1.00_gl0.50_pr2.50_c50","model11",0.390990370527317,0.112584230887467,10,1,0.5,50,50,2.5,1,0.999348673106078,739.956299981918,0.00669563447999847,372.706751206248,10,0.5,1.26311847564462,0.45,NA,NA,NA,0.5,0.45
"nt","tl1.00_gl0.50_pr2.50_c50","model12",0.405196706916263,0.104042681740631,10,1,0.5,50,50,2.5,1,0.999669443666798,685.408710353749,0.00446118338608883,473.544646116529,10,0.2,0.355079542516235,0.75,NA,NA,NA,0.2,0.75
"nt","tl1.00_gl0.50_pr2.50_c50","model2",0.407597848191665,0.104071437468402,10,1,0.5,50,50,2.5,1,0.999416150790842,778.579100590661,0.00592251271539512,508.853909319825,10,0.5,7.19760231972478,0.45,NA,NA,NA,0.5,0.45
"nt","tl1.00_gl0.50_pr2.50_c50","model3",0.414592888074205,0.102570206742157,10,1,0.5,50,50,2.5,1,0.999388582675171,765.605118006237,0.00610872320827378,503.363826547558,10,0.4,1.81765332820483,0.55,0.3,0.947877313152034,0.65,0.35,0.6
"nt","tl1.00_gl0.50_pr2.50_c50","model4",0.411897213323489,0.105374936333795,10,1,0.5,50,50,2.5,1,0.999474626793049,754.520958734727,0.00563978483024239,473.569245753286,10,0.7,0.544901329943614,0.25,NA,NA,NA,0.7,0.25
"nt","tl1.00_gl0.50_pr2.50_c50","model5",0.409180838788318,0.105132376355493,10,1,0.5,50,50,2.5,1,0.999482595599011,727.461763749471,0.00539232748948714,470.855825315034,10,0.7,0.480549037576818,0.25,NA,NA,NA,0.8,0.15
"nt","tl1.00_gl0.50_pr2.50_c50","model6",0.409225358993817,0.104707250889094,10,1,0.5,50,50,2.5,1,0.999558076289996,802.571810435648,0.00508593847095679,539.165472474625,10,0.8,2.02788044271987,0.15,NA,NA,NA,0.8,0.15
"nt","tl1.00_gl0.50_pr2.50_c50","model7",0.410925479549668,0.0959989560344894,10,1,0.5,50,50,2.5,1,0.999564938995872,745.959867200197,0.00499858750391449,530.169544826521,10,0.7,0.926624721487184,0.25,1,0.821425369956059,0.05,0.9,0.0499999999999999
"nt","tl1.00_gl0.50_pr2.50_c50","model8",0.410935265110709,0.101093086409384,10,1,0.5,50,50,2.5,1,0.999504887226435,773.808954590912,0.00535061930843027,515.723706124038,10,0.8,1.95949936666061,0.15,NA,NA,NA,0.9,0.0499999999999999
"nt","tl1.00_gl0.50_pr2.50_c50","model9",0.401797681248511,0.0389659357925926,9,1,0.5,50,50,2.5,0.9,0.999667007911452,746.159073688112,0.00425868378782032,535.298028406961,10,0.8,0.20225880587254,0.15,NA,NA,NA,0.888888888888889,0.0611111111111111
"nt","tl1.00_gl0.50_pr5.00_c100","model1",0.269867160245772,0.120556990853899,10,1,0.5,100,50,5,1,0.999326932149541,782.076634866102,0.006384420303571,445.541706105343,10,0.3,2.16779649987262,0.65,NA,NA,NA,0.3,0.65
"nt","tl1.00_gl0.50_pr5.00_c100","model10",0.275530223468758,0.0868475380499762,10,1,0.5,100,50,5,1,0.999624749269363,658.314904048031,0.00450874548968514,569.261556499995,10,0.6,3.20241782254807,0.35,NA,NA,NA,0.75,0.2
"nt","tl1.00_gl0.50_pr5.00_c100","model11",0.240833511148563,0.115552470369919,10,1,0.5,100,50,5,1,0.999285478130222,746.016122704735,0.00747547031839833,309.027438447645,10,0.3,1.5143341648856,0.65,NA,NA,NA,0.3,0.65
"nt","tl1.00_gl0.50_pr5.00_c100","model12",0.254364780154577,0.0888652670579385,9,1,0.5,100,50,5,0.9,0.999694209126521,548.908196340526,0.00472654076945343,489.506592380917,10,0,0.398349080012522,0.95,NA,NA,NA,0,0.95
"nt","tl1.00_gl0.50_pr5.00_c100","model2",0.273739250596928,0.0841542443039039,10,1,0.5,100,50,5,1,0.999414418824439,785.23174171547,0.00585658740488305,531.01738642816,10,0.5,11.3229706981828,0.45,NA,NA,NA,0.5,0.45
"nt","tl1.00_gl0.50_pr5.00_c100","model3",0.270765689778571,0.115549135794874,10,1,0.5,100,50,5,1,0.999265796915602,755.696097785049,0.00696978614803057,398.858496702819,10,0.3,2.14535287530161,0.65,0.1,0.815611380153439,0.85,0.2,0.75
"nt","tl1.00_gl0.50_pr5.00_c100","model4",0.273277454595724,0.115776923714498,10,1,0.5,100,50,5,1,0.999447373477406,723.615972618349,0.00572496614577046,506.442159673321,10,0.3,0.682351116188773,0.65,NA,NA,NA,0.3,0.65
"nt","tl1.00_gl0.50_pr5.00_c100","model5",0.27090568688159,0.117720318415897,10,1,0.5,100,50,5,1,0.999566083898981,755.298001925866,0.00499899641261397,539.325644637237,10,0.4,0.715926840520349,0.55,NA,NA,NA,0.65,0.3
"nt","tl1.00_gl0.50_pr5.00_c100","model6",0.275295197579514,0.0831848594247389,10,1,0.5,100,50,5,1,0.999622212228998,678.641937377187,0.00460933728228227,558.063088507841,10,0.7,2.49126211161781,0.25,NA,NA,NA,0.7,0.25
"nt","tl1.00_gl0.50_pr5.00_c100","model7",0.277256951605049,0.0842524417237037,10,1,0.5,100,50,5,1,0.999537223675309,647.241680774467,0.00500535880895787,566.356968695569,10,0.3,1.30816415362545,0.65,1,0.718112301317176,0.05,0.766666666666667,0.183333333333333
"nt","tl1.00_gl0.50_pr5.00_c100","model8",0.275827770491299,0.0871509457937886,10,1,0.5,100,50,5,1,0.999634844779504,637.852459108543,0.00436440451740265,537.745660652958,10,0.6,3.34081991631067,0.35,NA,NA,NA,0.8,0.15
"nt","tl1.00_gl0.50_pr5.00_c100","model9",0.242492933018537,0.0721256042050506,8,1,0.5,100,50,5,0.8,0.999692340394096,611.432448342997,0.0041052020585713,552.207118908706,10,0.5,0.250700883895862,0.45,0,1.24461340978539,0.95,0.6875,0.2625
"nt","tl1.00_gl0.50_pr5.00_c200","model1",0.180745596146075,0.0838040750738762,10,1,0.5,200,50,5,1,0.999168916541703,716.762621628153,0.00873621499357543,436.284408125548,10,0.2,1.27833099578003,0.75,NA,NA,NA,0.2,0.75
"nt","tl1.00_gl0.50_pr5.00_c200","model10",0.171929403939735,0.0624391513927404,8,1,0.5,200,50,5,0.8,0.999593323408467,586.320484049153,0.00555538169370777,578.983669510749,10,0.3,3.46803756465125,0.65,0,1.07134248389748,0.95,0.5,0.45
"nt","tl1.00_gl0.50_pr5.00_c200","model11",0.180118233876867,0.0923413615861098,10,1,0.5,200,50,5,1,0.999226848848936,725.972771794403,0.00916082218983814,402.509621460304,10,0.4,0.957236216844142,0.55,NA,NA,NA,0.4,0.55
"nt","tl1.00_gl0.50_pr5.00_c200","model2",0.172430775852913,0.0681846309195254,10,1,0.5,200,50,5,1,0.999400932856906,756.978024608794,0.00710437543055941,543.92672727187,10,0.5,15.1121342785093,0.45,NA,NA,NA,0.5,0.45
"nt","tl1.00_gl0.50_pr5.00_c200","model3",0.180542602155362,0.0873825406683171,10,1,0.5,200,50,5,1,0.999270963957983,750.069585495471,0.00783890348023664,485.138495107936,10,0.2,1.26474266635668,0.75,0,0.664441855709561,0.95,0.1,0.85
"nt","tl1.00_gl0.50_pr5.00_c200","model4",0.175077776726679,0.0758601452246255,10,1,0.5,200,50,5,1,0.999589619629169,745.326909336728,0.00574674149568446,541.319685610091,10,0,0.347682931999153,0.95,NA,NA,NA,0,0.95
"nt","tl1.00_gl0.50_pr5.00_c200","model5",0.173320307759796,0.0744897782574381,10,1,0.5,200,50,5,1,0.999602343694362,739.842139570337,0.00549779362275626,587.940285526405,10,0,0.371174440533881,0.95,NA,NA,NA,0.35,0.6
"nt","tl1.00_gl0.50_pr5.00_c200","model6",0.171428855825629,0.0621021251833726,10,1,0.5,200,50,5,1,0.99955654453682,610.134659266998,0.00568183570127648,523.203697985665,10,0.3,4.16776286788223,0.65,NA,NA,NA,0.3,0.65
"nt","tl1.00_gl0.50_pr5.00_c200","model7",0.17033845483684,0.063121785228192,8,1,0.5,200,50,5,0.8,0.999555584162187,565.036293268025,0.00578618562015733,553.265901770842,10,0.4,0.913006580443719,0.55,0,1.1105635268395,0.95,0.5,0.45
"nt","tl1.00_gl0.50_pr5.00_c200","model8",0.171190006020974,0.0648100979028276,10,1,0.5,200,50,5,1,0.999587658470752,627.880442140337,0.00583308104140975,540.800979424843,10,0,4.00137276569929,0.95,NA,NA,NA,0.45,0.5
"nt","tl1.00_gl0.50_pr5.00_c200","model9",0.215338143092948,0.0290868570615935,5,1,0.5,200,50,5,0.5,0.999751272090347,447.360412679512,0.00426592245201687,626.23881787427,10,0.2,0.333372749520961,0.75,0,0.787436114841767,0.95,0.5,0.45
"nt","tl1.00_gl0.50_pr5.00_c25","model1",0.537326876590126,0.161258025216972,10,1,0.5,25,50,5,1,0.999522102923139,755.929145224037,0.00544636327086105,495.128069633461,10,0.5,1.52872211368963,0.45,NA,NA,NA,0.5,0.45
"nt","tl1.00_gl0.50_pr5.00_c25","model10",0.536818821745769,0.123032359263476,10,1,0.5,25,50,5,1,0.999604710825167,819.606732345656,0.00494770433376523,500.25802932959,10,0.8,0.956066390880546,0.15,NA,NA,NA,0.9,0.0499999999999999
"nt","tl1.00_gl0.50_pr5.00_c25","model11",0.511228879904788,0.142966617125233,10,1,0.5,25,50,5,1,0.9994238670053,707.947960327416,0.006172120502519,374.466252897617,10,0.6,0.757357951225297,0.35,NA,NA,NA,0.6,0.35
"nt","tl1.00_gl0.50_pr5.00_c25","model12",0.528279518269891,0.162953948724719,10,1,0.5,25,50,5,1,0.999567948772718,745.015071875417,0.00517430755927283,470.728920589775,10,0.2,0.2723494115694,0.75,NA,NA,NA,0.2,0.75
"nt","tl1.00_gl0.50_pr5.00_c25","model2",0.533369123718627,0.128490917209787,10,1,0.5,25,50,5,1,0.999534686301688,758.326114107764,0.00527232594910757,457.561039061671,10,0.6,3.93368576476337,0.35,NA,NA,NA,0.6,0.35
"nt","tl1.00_gl0.50_pr5.00_c25","model3",0.537690762772789,0.16355987579768,10,1,0.5,25,50,5,1,0.999540379078497,767.864511416528,0.00541054316779136,483.19034523867,10,0.6,1.35970897955905,0.35,0.6,0.876782834012091,0.35,0.6,0.35
"nt","tl1.00_gl0.50_pr5.00_c25","model4",0.533712837028533,0.152650330302331,10,1,0.5,25,50,5,1,0.999510595611573,776.205656254362,0.0056132799615191,494.761715628235,10,0.7,0.338648265830942,0.25,NA,NA,NA,0.7,0.25
"nt","tl1.00_gl0.50_pr5.00_c25","model5",0.534618835839739,0.153660245857173,10,1,0.5,25,50,5,1,0.999523058944259,760.607911421933,0.00539787781943747,492.675982135907,10,0.8,0.289619590254539,0.15,NA,NA,NA,0.9,0.0499999999999999
"nt","tl1.00_gl0.50_pr5.00_c25","model6",0.531388974116614,0.125173232936486,10,1,0.5,25,50,5,1,0.999555667656032,774.583198457182,0.00530045688185035,505.501824766091,10,0.8,1.0258484647338,0.15,NA,NA,NA,0.8,0.15
"nt","tl1.00_gl0.50_pr5.00_c25","model7",0.534603844815208,0.121472193220285,10,1,0.5,25,50,5,1,0.999599681093329,816.508800321322,0.00501809036946838,534.27532397175,10,0.9,0.581543999329843,0.0499999999999999,NA,NA,NA,0.95,0
"nt","tl1.00_gl0.50_pr5.00_c25","model8",0.536194456350519,0.121464022122244,10,1,0.5,25,50,5,1,0.999539804308649,768.859516310113,0.00537385645290536,479.091198338377,10,0.8,1.00144371173278,0.15,NA,NA,NA,0.9,0.0499999999999999
"nt","tl1.00_gl0.50_pr5.00_c25","model9",0.503917703545776,0.0890869405749385,9,1,0.5,25,50,5,0.9,0.999610839670665,688.381493950268,0.00481583381169771,521.12570242504,10,0.9,0.141338661470928,0.0499999999999999,NA,NA,NA,0.888888888888889,0.0611111111111111
"nt","tl1.00_gl0.50_pr5.00_c50","model1",0.435091719244362,0.0617611783420018,10,1,0.5,50,50,5,1,0.999390683172707,731.698269221093,0.00610999899662264,430.325409258827,10,0.5,1.79116697735778,0.45,NA,NA,NA,0.5,0.45
"nt","tl1.00_gl0.50_pr5.00_c50","model10",0.428022406027543,0.0769189942921512,10,1,0.5,50,50,5,1,0.999645875388947,853.259295581276,0.00439372162661446,492.860655064113,10,0.9,1.68404001038908,0.0499999999999999,NA,NA,NA,0.95,0
"nt","tl1.00_gl0.50_pr5.00_c50","model11",0.412141386317269,0.0605055239858652,10,1,0.5,50,50,5,1,0.999352179770959,724.633635139759,0.00664924819597291,295.65426531471,10,0.6,1.16757747054173,0.35,NA,NA,NA,0.6,0.35
"nt","tl1.00_gl0.50_pr5.00_c50","model12",0.428200306136641,0.0559220753854474,10,1,0.5,50,50,5,1,0.999672350483269,675.599287992992,0.00448381911576529,496.173115419401,10,0.1,0.398739154780539,0.85,NA,NA,NA,0.1,0.85
"nt","tl1.00_gl0.50_pr5.00_c50","model2",0.425999174934624,0.0615864358274623,10,1,0.5,50,50,5,1,0.999408478941896,767.737058586156,0.00599227400476667,419.65414105953,10,0.7,9.26873600730401,0.25,NA,NA,NA,0.7,0.25
"nt","tl1.00_gl0.50_pr5.00_c50","model3",0.435729039959897,0.0521989871384211,10,1,0.5,50,50,5,1,0.999418374282226,762.006412568374,0.00610503441094795,440.210660189654,10,0.6,1.74566499527341,0.35,0.5,0.618520260286705,0.45,0.55,0.4
"nt","tl1.00_gl0.50_pr5.00_c50","model4",0.433517679213369,0.0695826672994345,10,1,0.5,50,50,5,1,0.999452635888188,750.542917107145,0.00587254425325513,438.846664652426,10,0.7,0.393317859830247,0.25,NA,NA,NA,0.7,0.25
"nt","tl1.00_gl0.50_pr5.00_c50","model5",0.432811800056967,0.0683478079174438,10,1,0.5,50,50,5,1,0.999499355333403,802.900450672021,0.00534205352653856,457.377938678191,10,0.8,0.318138558320873,0.15,NA,NA,NA,0.8,0.15
"nt","tl1.00_gl0.50_pr5.00_c50","model6",0.427181458254053,0.0745266051539218,10,1,0.5,50,50,5,1,0.999550863473835,736.003730844648,0.00505755898619784,523.89969347896,10,0.9,1.61177682718557,0.0499999999999999,NA,NA,NA,0.9,0.0499999999999999
"nt","tl1.00_gl0.50_pr5.00_c50","model7",0.42764294146039,0.073916729493063,10,1,0.5,50,50,5,1,0.999513008267207,805.206076379609,0.00527084797163646,485.510509412436,10,0.6,0.82513597956074,0.35,NA,NA,NA,0.75,0.2
"nt","tl1.00_gl0.50_pr5.00_c50","model8",0.426149422184225,0.0745892669133678,10,1,0.5,50,50,5,1,0.999512595776338,794.794974121292,0.00523950788065706,482.692951862088,10,0.9,1.61862310800571,0.0499999999999999,NA,NA,NA,0.9,0.0499999999999999
"nt","tl1.00_gl0.50_pr5.00_c50","model9",0.431462338101343,0.0813623391603209,8,1,0.5,50,50,5,0.8,0.99957578699737,693.296213621916,0.00492905622194005,525.618581999353,10,0.9,0.216937714592285,0.0499999999999999,NA,NA,NA,0.875,0.075
"nt","tl1.00_gl1.00_pr1.00_c100","model1",0.319955732065298,0.115095750638375,10,1,1,100,50,1,1,0.999177613979314,730.576381048066,0.00740665245763409,455.27985468837,10,0.5,2.95794464364011,0.45,NA,NA,NA,0.5,0.45
"nt","tl1.00_gl1.00_pr1.00_c100","model10",0.310321475820989,0.10387415163865,10,1,1,100,50,1,1,0.999441459693623,739.183027912826,0.00587896060885396,520.39390717513,10,0.6,12.6238667497603,0.35,NA,NA,NA,0.75,0.2
"nt","tl1.00_gl1.00_pr1.00_c100","model11",0.304381898052112,0.108860880791391,10,1,1,100,50,1,1,0.999314544747851,723.728952951242,0.00715854270659031,356.584233392934,10,0.5,1.97443981155597,0.45,NA,NA,NA,0.5,0.45
"nt","tl1.00_gl1.00_pr1.00_c100","model12",0.318085348779503,0.118680701469848,10,1,1,100,50,1,1,0.999611411986981,527.696193104261,0.00497862893459479,532.427127887734,10,0,0.42567058374155,0.95,NA,NA,NA,0,0.95
"nt","tl1.00_gl1.00_pr1.00_c100","model2",0.31096852632979,0.101142034400637,10,1,1,100,50,1,1,0.999371397019778,780.31917345562,0.00603775776615622,478.775223420641,10,0.6,22.99245941942,0.35,NA,NA,NA,0.6,0.35
"nt","tl1.00_gl1.00_pr1.00_c100","model3",0.319515302548716,0.112980740250265,10,1,1,100,50,1,1,0.999261824420354,743.062844909284,0.0068117379671594,467.720215897498,10,0.5,2.97955174586072,0.45,0.9,0.0357533177039044,0.0499999999999999,0.7,0.25
"nt","tl1.00_gl1.00_pr1.00_c100","model4",0.320237910992159,0.116175226261667,10,1,1,100,50,1,1,0.999287144216151,760.995078608836,0.00675873363873992,484.866371398093,10,0.6,2.3697055479047,0.35,NA,NA,NA,0.6,0.35
"nt","tl1.00_gl1.00_pr1.00_c100","model5",0.320418539080357,0.114017768778311,10,1,1,100,50,1,1,0.999301273612911,753.442864665669,0.00659625763108356,408.907607117956,10,0.6,2.23844760311126,0.35,NA,NA,NA,0.75,0.2
"nt","tl1.00_gl1.00_pr1.00_c100","model6",0.31344178003274,0.102638355156231,10,1,1,100,50,1,1,0.999392295621258,768.810505287561,0.00600968536192805,541.266836903297,10,0.6,14.1098277350216,0.35,NA,NA,NA,0.6,0.35
"nt","tl1.00_gl1.00_pr1.00_c100","model7",0.312768065157772,0.103031649600859,10,1,1,100,50,1,1,0.999486391019998,743.071161122773,0.00534254964545949,536.117458031405,10,0.6,6.85616380515408,0.35,NA,NA,NA,0.8,0.15
"nt","tl1.00_gl1.00_pr1.00_c100","model8",0.313158917187729,0.102059030695188,10,1,1,100,50,1,1,0.999522278026278,811.458080459032,0.00519582786213164,513.436138127246,10,0.6,13.5015476724556,0.35,NA,NA,NA,0.8,0.15
"nt","tl1.00_gl1.00_pr1.00_c100","model9",0.284300852591661,0.119066647700157,8,1,1,100,50,1,0.8,0.999684461029282,582.128730641728,0.00396156358949037,586.903910638146,10,0.9,0.337105003820629,0.0499999999999999,NA,NA,NA,1,0.05
"nt","tl1.00_gl1.00_pr1.00_c200","model1",0.1808285269597,0.0254275890896239,10,1,1,200,50,1,1,0.999284510535135,762.566185040413,0.00750994464264395,492.0796635979,10,0.4,2.49732906686702,0.55,NA,NA,NA,0.4,0.55
"nt","tl1.00_gl1.00_pr1.00_c200","model10",0.17282113853379,0.0105063822095047,10,1,1,200,50,1,1,0.999409695726021,710.210326420117,0.00651831804241146,504.526491272687,10,0.6,23.4417917238655,0.35,NA,NA,NA,0.75,0.2
"nt","tl1.00_gl1.00_pr1.00_c200","model11",0.166192555599526,0.0227621770248117,10,1,1,200,50,1,1,0.999225052577769,737.999782029624,0.0091748588487065,483.14099792273,10,0.4,1.79310663300886,0.55,NA,NA,NA,0.4,0.55
"nt","tl1.00_gl1.00_pr1.00_c200","model2",0.17474050019705,0.0145492188412717,10,1,1,200,50,1,1,0.999391699535672,701.639204740246,0.00689448111871248,560.611723312634,10,0.5,30.7368213606304,0.45,NA,NA,NA,0.5,0.45
"nt","tl1.00_gl1.00_pr1.00_c200","model3",0.181211793480865,0.0207197244899305,10,1,1,200,50,1,1,0.999253715006268,756.834794351562,0.0077928232284054,485.891995694726,10,0.4,2.45562413851327,0.55,1,0.0332528713388519,0.05,0.7,0.25
"nt","tl1.00_gl1.00_pr1.00_c200","model4",0.181909922833861,0.022225966961374,10,1,1,200,50,1,1,0.99927344654852,814.338160038088,0.00773507386711273,489.37184936468,10,0.5,2.41864861054311,0.45,NA,NA,NA,0.5,0.45
"nt","tl1.00_gl1.00_pr1.00_c200","model5",0.180834561673409,0.0225489357818321,10,1,1,200,50,1,1,0.999252109993818,772.263869054445,0.00763224177786737,508.146231065976,10,0.5,2.34509931760329,0.45,NA,NA,NA,0.6,0.35
"nt","tl1.00_gl1.00_pr1.00_c200","model6",0.174490853245854,0.0135141155725545,10,1,1,200,50,1,1,0.999458469963938,758.337922105019,0.00624696166635109,548.045628197449,10,0.6,24.2307410284821,0.35,NA,NA,NA,0.6,0.35
"nt","tl1.00_gl1.00_pr1.00_c200","model7",0.171305908974187,0.00729589907101802,9,1,1,200,50,1,0.9,0.999534648738983,592.6170355053,0.00575734997502139,596.897112155505,10,0.7,9.07333700639144,0.25,1,0.0196134382140714,0.05,0.777777777777778,0.172222222222222
"nt","tl1.00_gl1.00_pr1.00_c200","model8",0.173366324937161,0.0102714545725759,10,1,1,200,50,1,1,0.999442559826769,838.23490598185,0.00652575720061626,547.567882223563,10,0.6,24.3540167788592,0.35,NA,NA,NA,0.7,0.25
"nt","tl1.00_gl1.00_pr1.00_c200","model9",0.171432964736825,0.0325161489884056,7,1,1,200,50,1,0.7,0.999757201614612,552.346356117051,0.00412977909758547,618.724869745138,10,1,0.221028058233296,0.05,1,0.00465285035647867,0.05,0.952380952380952,0.00238095238095237
"nt","tl1.00_gl1.00_pr1.00_c25","model1",0.560940851003526,0.139598228047583,10,1,1,25,50,1,1,0.999433178715668,724.647229968946,0.00595452229393279,527.296686206206,10,0.6,0.75969889326764,0.35,NA,NA,NA,0.6,0.35
"nt","tl1.00_gl1.00_pr1.00_c25","model10",0.568829268886169,0.14120164006445,10,1,1,25,50,1,1,0.999550451179946,786.827829992487,0.00532334304571397,519.875211222574,10,0.8,0.65587369895984,0.15,NA,NA,NA,0.9,0.0499999999999999
"nt","tl1.00_gl1.00_pr1.00_c25","model11",0.524771976570905,0.134200857690411,10,1,1,25,50,1,1,0.999356213221893,761.375150210613,0.00634534438911435,412.267026775615,10,0.7,0.397627238441267,0.25,NA,NA,NA,0.7,0.25
"nt","tl1.00_gl1.00_pr1.00_c25","model12",0.552016517947542,0.138895575890801,10,1,1,25,50,1,1,0.999642362280236,829.363455935844,0.0046909585458999,502.975634042013,10,0.2,0.293103582786482,0.75,NA,NA,NA,0.2,0.75
"nt","tl1.00_gl1.00_pr1.00_c25","model2",0.566562121078499,0.131773390143778,10,1,1,25,50,1,1,0.999537667533214,785.288187400808,0.00535495781550486,498.901099738453,10,0.6,1.57575154199004,0.35,NA,NA,NA,0.6,0.35
"nt","tl1.00_gl1.00_pr1.00_c25","model3",0.563609511642447,0.142094589136461,10,1,1,25,50,1,1,0.999438089967753,768.577445469466,0.00603925044261069,468.446257880392,10,0.6,0.62396284589609,0.35,1,0.0551198319751251,0.05,0.8,0.15
"nt","tl1.00_gl1.00_pr1.00_c25","model4",0.562276867899014,0.144407439569091,10,1,1,25,50,1,1,0.999493035398711,778.974983720721,0.00569625857903627,467.735841843111,10,0.7,0.630854690826386,0.25,NA,NA,NA,0.7,0.25
"nt","tl1.00_gl1.00_pr1.00_c25","model5",0.563988240299213,0.148264462132642,10,1,1,25,50,1,1,0.999466273038594,789.518268747001,0.00582217823516604,468.752993713356,10,0.8,0.712931589434036,0.15,NA,NA,NA,0.9,0.0499999999999999
"nt","tl1.00_gl1.00_pr1.00_c25","model6",0.569028467445765,0.142191646264329,10,1,1,25,50,1,1,0.99952831797704,778.391278190345,0.00551023087964941,482.012912032719,10,0.7,0.884545650811541,0.25,NA,NA,NA,0.7,0.25
"nt","tl1.00_gl1.00_pr1.00_c25","model7",0.575648598603155,0.145255828202188,10,1,1,25,50,1,1,0.999531058341915,735.377123264762,0.00545578308991168,469.934463863985,10,0.9,0.419135983351041,0.0499999999999999,NA,NA,NA,0.95,0
"nt","tl1.00_gl1.00_pr1.00_c25","model8",0.573304281681649,0.144572658684169,10,1,1,25,50,1,1,0.999510673672536,796.58805249616,0.00556616639982004,521.983583507082,10,0.7,0.876357144597782,0.25,NA,NA,NA,0.8,0.15
"nt","tl1.00_gl1.00_pr1.00_c25","model9",0.574610462107201,0.13525070960808,10,1,1,25,50,1,1,0.999563286070602,722.353080109858,0.00511545437850786,533.933231929819,10,1,0.103566173677433,0.05,NA,NA,NA,1,0.05
"nt","tl1.00_gl1.00_pr1.00_c50","model1",0.405131212042558,0.0911043636900308,10,1,1,50,50,1,1,0.999319020534548,710.642517474174,0.00636533294846046,374.657532351504,10,0.4,1.40637309068174,0.55,NA,NA,NA,0.4,0.55
"nt","tl1.00_gl1.00_pr1.00_c50","model10",0.406510667513754,0.0715946353545563,10,1,1,50,50,1,1,0.999408344112799,794.91224378868,0.00598916078249305,435.778630923457,10,0.8,1.43776048742344,0.15,NA,NA,NA,0.85,0.0999999999999999
"nt","tl1.00_gl1.00_pr1.00_c50","model11",0.394596608925365,0.0391306029378573,10,1,1,50,50,1,1,0.999362495291935,734.373325924202,0.00631344365401687,341.210297950683,10,0.5,0.895517727689703,0.45,NA,NA,NA,0.5,0.45
"nt","tl1.00_gl1.00_pr1.00_c50","model12",0.400662076951581,0.0910223411231917,10,1,1,50,50,1,1,0.999693171289811,651.735643460904,0.00421103574694825,412.688403377532,10,0.2,0.339328938132199,0.75,NA,NA,NA,0.2,0.75
"nt","tl1.00_gl1.00_pr1.00_c50","model2",0.409324498881747,0.0681220315395581,10,1,1,50,50,1,1,0.999410027551236,803.010733607499,0.00598888872947169,445.11535440685,10,0.5,5.85752805585382,0.45,NA,NA,NA,0.5,0.45
"nt","tl1.00_gl1.00_pr1.00_c50","model3",0.407196354649405,0.0941798126586018,10,1,1,50,50,1,1,0.999361137792169,758.964512921222,0.0064149429030544,414.859050138488,10,0.5,1.33913211982744,0.45,0.8,0.0668743820465242,0.15,0.65,0.3
"nt","tl1.00_gl1.00_pr1.00_c50","model4",0.403641267114107,0.0807190413791538,10,1,1,50,50,1,1,0.999423083322676,762.194619618923,0.00585600293645902,419.396972738767,10,0.7,0.851856804263092,0.25,NA,NA,NA,0.7,0.25
"nt","tl1.00_gl1.00_pr1.00_c50","model5",0.405349496753075,0.0867701260266541,10,1,1,50,50,1,1,0.99936678092398,763.720551418625,0.00618108534832174,411.215149304174,10,0.7,0.726614803643006,0.25,NA,NA,NA,0.85,0.1
"nt","tl1.00_gl1.00_pr1.00_c50","model6",0.407723934648945,0.0707234271632506,10,1,1,50,50,1,1,0.999495203424959,816.67716224179,0.00561516837162333,507.941730235312,10,0.8,1.51435172298799,0.15,NA,NA,NA,0.8,0.15
"nt","tl1.00_gl1.00_pr1.00_c50","model7",0.407092454728282,0.077678211188793,10,1,1,50,50,1,1,0.999407707374783,729.11586204307,0.00596805286419305,473.973950390627,10,0.9,0.501815212734736,0.0499999999999999,NA,NA,NA,0.95,0
"nt","tl1.00_gl1.00_pr1.00_c50","model8",0.405742329189158,0.0719160010463807,10,1,1,50,50,1,1,0.999469194070459,811.312779781133,0.00557275904820631,481.997982351065,10,0.8,1.4339951153586,0.15,NA,NA,NA,0.9,0.0499999999999999
"nt","tl1.00_gl1.00_pr1.00_c50","model9",0.400731934283796,0.0535484528162714,9,1,1,50,50,1,0.9,0.999641792834535,706.480774585267,0.00435907858989374,463.463441648919,10,1,0.0732424987810495,0.05,NA,NA,NA,1,0.05
"nt","tl1.00_gl1.00_pr2.50_c100","model1",0.269735432630196,0.10832922859661,10,1,1,100,50,2.5,1,0.999219838926882,753.896033635786,0.00733756946281295,379.431837493373,10,0.4,1.28720477236572,0.55,NA,NA,NA,0.4,0.55
"nt","tl1.00_gl1.00_pr2.50_c100","model10",0.261269595045169,0.110978086559805,10,1,1,100,50,2.5,1,0.999651371400673,730.456744666394,0.00438452163448421,493.723234442805,10,0.8,4.60646605866281,0.15,1,0.000295572119924009,0.05,0.933333333333333,0.0166666666666666
"nt","tl1.00_gl1.00_pr2.50_c100","model11",0.262259901719219,0.109865105530822,10,1,1,100,50,2.5,1,0.999316530155561,757.335972614774,0.00786757933730903,391.184453201936,10,0.4,0.904963322249963,0.55,NA,NA,NA,0.4,0.55
"nt","tl1.00_gl1.00_pr2.50_c100","model12",0.26948313846216,0.108090027135791,10,1,1,100,50,2.5,1,0.999656525973749,636.214735721963,0.00499469523233652,471.538543474832,10,0,0.389656810191417,0.95,NA,NA,NA,0,0.95
"nt","tl1.00_gl1.00_pr2.50_c100","model2",0.263836496566164,0.108815122990908,10,1,1,100,50,2.5,1,0.999326909102143,724.734398633485,0.00665169485339968,467.883954380997,10,0.5,11.0019371581515,0.45,NA,NA,NA,0.5,0.45
"nt","tl1.00_gl1.00_pr2.50_c100","model3",0.268503200375437,0.106729690643004,10,1,1,100,50,2.5,1,0.999272140918069,744.97905558251,0.00696221345114259,377.30962843489,10,0.4,1.23925062093527,0.55,0.9,0.0320693641303906,0.0499999999999999,0.65,0.3
"nt","tl1.00_gl1.00_pr2.50_c100","model4",0.270846991528587,0.112021655284053,10,1,1,100,50,2.5,1,0.999423165717759,787.095863625612,0.00610497459571429,453.885638201264,10,0.6,0.566771876349527,0.35,NA,NA,NA,0.6,0.35
"nt","tl1.00_gl1.00_pr2.50_c100","model5",0.270986816573518,0.111335746415761,10,1,1,100,50,2.5,1,0.999459316306062,743.576854876894,0.00579432156121288,421.896755846796,10,0.5,0.555768866859313,0.45,NA,NA,NA,0.75,0.2
"nt","tl1.00_gl1.00_pr2.50_c100","model6",0.262015476736772,0.106926986674361,10,1,1,100,50,2.5,1,0.999563565086964,718.846760067334,0.00514905118459274,518.789412660878,10,0.8,5.63559329372246,0.15,NA,NA,NA,0.8,0.15
"nt","tl1.00_gl1.00_pr2.50_c100","model7",0.262530039675648,0.112210598553899,10,1,1,100,50,2.5,1,0.999543311011077,622.124612284688,0.00504444964135633,540.390298813391,10,0.6,1.92459505787823,0.35,1,0.000107893621819187,0.05,0.866666666666667,0.0833333333333333
"nt","tl1.00_gl1.00_pr2.50_c100","model8",0.261884980241863,0.110753210908608,10,1,1,100,50,2.5,1,0.999563099142253,770.649922064077,0.00514388689529355,549.833717069336,10,0.7,5.4779997097229,0.25,NA,NA,NA,0.85,0.1
"nt","tl1.00_gl1.00_pr2.50_c100","model9",0.261504445676953,0.114757124694038,10,1,1,100,50,2.5,1,0.999634321826407,706.500320325584,0.00465650927778819,560.269202899756,10,0.5,10.5975928551324,0.45,1,0.0525187368956825,0.05,0.833333333333333,0.116666666666667
"nt","tl1.00_gl1.00_pr2.50_c200","model1",0.204954998507731,0.0621015016352996,10,1,1,200,50,2.5,1,0.999173684615157,729.792679303112,0.00828749453011255,428.693949468834,10,0.4,1.83901182081757,0.55,NA,NA,NA,0.4,0.55
"nt","tl1.00_gl1.00_pr2.50_c200","model10",0.198038990850885,0.0372009331526578,10,1,1,200,50,2.5,1,0.999603875237327,707.440569500552,0.0052291777685626,598.269253531185,10,0.7,10.1592995761473,0.25,1,0.179490745512042,0.05,0.9,0.0499999999999999
"nt","tl1.00_gl1.00_pr2.50_c200","model11",0.192790335140802,0.0566100497257599,10,1,1,200,50,2.5,1,0.999186048743846,718.092425871521,0.00989599171869219,436.783326751626,10,0.6,1.36567630314241,0.35,NA,NA,NA,0.6,0.35
"nt","tl1.00_gl1.00_pr2.50_c200","model2",0.196801521683187,0.035982479477231,10,1,1,200,50,2.5,1,0.999509208485527,700.357374648891,0.00615076619610849,534.523411049124,10,0.6,20.3469816125174,0.35,NA,NA,NA,0.6,0.35
"nt","tl1.00_gl1.00_pr2.50_c200","model3",0.20411074177582,0.062144126354665,10,1,1,200,50,2.5,1,0.999238277293044,774.902443100902,0.00773074840250337,468.130592663076,10,0.6,1.79997256925893,0.35,0.8,0.0241729851788241,0.15,0.7,0.25
"nt","tl1.00_gl1.00_pr2.50_c200","model4",0.20436588370356,0.0660043852895124,10,1,1,200,50,2.5,1,0.999365340386761,747.172085072087,0.00691733816779794,487.079960092462,10,0.2,1.05644549133032,0.75,NA,NA,NA,0.2,0.75
"nt","tl1.00_gl1.00_pr2.50_c200","model5",0.203311392537434,0.0671419517615461,10,1,1,200,50,2.5,1,0.999459070750945,792.439149298331,0.00672852059702809,510.135230863818,10,0.3,1.01913480699814,0.65,NA,NA,NA,0.55,0.4
"nt","tl1.00_gl1.00_pr2.50_c200","model6",0.195527801645969,0.0397510460341692,10,1,1,200,50,2.5,1,0.999596699638156,665.051965845767,0.00555237593883066,570.133446198719,10,0.6,11.7661381688418,0.35,NA,NA,NA,0.6,0.35
"nt","tl1.00_gl1.00_pr2.50_c200","model7",0.197415690823883,0.0352080001418766,10,1,1,200,50,2.5,1,0.99947981981489,716.256322714677,0.00651344680368814,492.896989257196,10,0.1,2.84822518761695,0.85,1,0.000622787268640769,0.05,0.666666666666667,0.283333333333333
"nt","tl1.00_gl1.00_pr2.50_c200","model8",0.196614996712963,0.0390826428677383,10,1,1,200,50,2.5,1,0.999551857728619,626.529900678682,0.00572004600042264,531.178623254145,10,0.7,10.9340981680368,0.25,NA,NA,NA,0.8,0.15
"nt","tl1.00_gl1.00_pr2.50_c200","model9",0.197931399702026,0.0639713898076451,6,1,1,200,50,2.5,0.6,0.999756198714039,507.81668894037,0.00410990754412504,584.477024226134,10,0.5,0.273608192226366,0.45,1,0.0140110958857751,0.05,0.583333333333333,0.366666666666667
"nt","tl1.00_gl1.00_pr2.50_c25","model1",0.537729417235734,0.0741908519163327,10,1,1,25,50,2.5,1,0.999486748836626,775.588578062615,0.00576593675045573,487.808888436853,10,0.8,0.261873965499195,0.15,NA,NA,NA,0.8,0.15
"nt","tl1.00_gl1.00_pr2.50_c25","model10",0.545701598904149,0.0701085169650273,10,1,1,25,50,2.5,1,0.999558857266696,825.699477398053,0.00523093539632499,489.759352632876,10,1,0.080782659990273,0.05,NA,NA,NA,1,0.05
"nt","tl1.00_gl1.00_pr2.50_c25","model11",0.498989036381153,0.071384013102559,10,1,1,25,50,2.5,1,0.999383110234565,763.027988591616,0.00619363935300531,462.396320738282,10,0.8,0.137792199587628,0.15,NA,NA,NA,0.8,0.15
"nt","tl1.00_gl1.00_pr2.50_c25","model12",0.526790598173119,0.074113032834447,10,1,1,25,50,2.5,1,0.999560071223356,778.90184042107,0.00523672679006297,451.161926075984,10,0.1,0.355898192265874,0.85,NA,NA,NA,0.1,0.85
"nt","tl1.00_gl1.00_pr2.50_c25","model2",0.541764160745643,0.0711044557453482,10,1,1,25,50,2.5,1,0.999484832107778,756.876863988093,0.00575777084015463,514.414861637231,10,0.8,0.297416031803008,0.15,NA,NA,NA,0.8,0.15
"nt","tl1.00_gl1.00_pr2.50_c25","model3",0.535689609286478,0.0785776147924953,10,1,1,25,50,2.5,1,0.999520620186638,772.771118610721,0.00553586445825528,471.409331344703,10,0.8,0.22314430463093,0.15,1,0.29077765435847,0.05,0.9,0.0499999999999999
"nt","tl1.00_gl1.00_pr2.50_c25","model4",0.548632023602364,0.0740241357195249,10,1,1,25,50,2.5,1,0.999479657996057,715.397537921569,0.00577643124459253,469.655015575997,10,1,0.0689610131140515,0.05,NA,NA,NA,1,0.05
"nt","tl1.00_gl1.00_pr2.50_c25","model5",0.54170096832021,0.0698630235122868,10,1,1,25,50,2.5,1,0.999497517700663,735.81707915415,0.00558990548080351,495.118393816885,10,1,0.064182509709101,0.05,NA,NA,NA,0.95,0
"nt","tl1.00_gl1.00_pr2.50_c25","model6",0.551075799563617,0.0702319395466075,10,1,1,25,50,2.5,1,0.999594419994437,831.396656353917,0.00511962245981266,528.82856494221,10,1,0.0890626542854882,0.05,NA,NA,NA,1,0.05
"nt","tl1.00_gl1.00_pr2.50_c25","model7",0.545402143376523,0.0704891042787796,10,1,1,25,50,2.5,1,0.999538196469107,792.616925855631,0.00539843548322665,474.355417132173,10,1,0.0804825760363097,0.05,NA,NA,NA,0.95,0
"nt","tl1.00_gl1.00_pr2.50_c25","model8",0.547762097867252,0.0710572622776134,10,1,1,25,50,2.5,1,0.999548265481065,822.662199036708,0.00532461350024543,499.03870410899,10,1,0.0773563794173836,0.05,NA,NA,NA,0.95,0
"nt","tl1.00_gl1.00_pr2.50_c25","model9",0.544335490638749,0.069091916733185,10,1,1,25,50,2.5,1,0.99954664356123,794.080280964015,0.00532860275917024,520.567897066685,10,1,0.068679355362801,0.05,NA,NA,NA,0.95,0
"nt","tl1.00_gl1.00_pr2.50_c50","model1",0.438513149840652,0.0517544401133107,10,1,1,50,50,2.5,1,0.999297137617848,710.806377241703,0.00645549537980634,367.909041687991,10,0.5,1.49127152098741,0.45,NA,NA,NA,0.5,0.45
"nt","tl1.00_gl1.00_pr2.50_c50","model10",0.433530237941508,0.0759444508984697,10,1,1,50,50,2.5,1,0.999527755073716,795.700771667302,0.00519044626638851,498.917204632183,10,0.8,2.60465335080212,0.15,NA,NA,NA,0.9,0.0499999999999999
"nt","tl1.00_gl1.00_pr2.50_c50","model11",0.422672254417551,0.0510868265250024,10,1,1,50,50,2.5,1,0.999293130438595,761.400801283211,0.00674727985338971,376.067494169642,10,0.5,0.976642262500478,0.45,NA,NA,NA,0.5,0.45
"nt","tl1.00_gl1.00_pr2.50_c50","model12",0.435099632671769,0.0511978252946256,10,1,1,50,50,2.5,1,0.999654430429763,620.11455317332,0.00453672109840567,442.110647591117,10,0.1,0.349762962384596,0.85,NA,NA,NA,0.1,0.85
"nt","tl1.00_gl1.00_pr2.50_c50","model2",0.434690825752143,0.0727600637037293,10,1,1,50,50,2.5,1,0.999388175527315,737.709460276764,0.00604664818188424,456.832193175645,10,0.6,6.52261158281957,0.35,NA,NA,NA,0.6,0.35
"nt","tl1.00_gl1.00_pr2.50_c50","model3",0.437808713857855,0.0527211096814605,10,1,1,50,50,2.5,1,0.999375171955328,774.295245913781,0.0060640164287067,457.837936130191,10,0.5,1.56814290005033,0.45,0.9,0.0946206743388451,0.0499999999999999,0.7,0.25
"nt","tl1.00_gl1.00_pr2.50_c50","model4",0.436110756690622,0.0614648032161578,10,1,1,50,50,2.5,1,0.999443186333084,753.923140894327,0.00567892343689781,447.894004979189,10,0.8,0.600357225498014,0.15,NA,NA,NA,0.8,0.15
"nt","tl1.00_gl1.00_pr2.50_c50","model5",0.435122556777214,0.0610212979475433,10,1,1,50,50,2.5,1,0.999463508255484,733.844258667335,0.0056651794220195,419.130970039168,10,0.8,0.601789802186637,0.15,NA,NA,NA,0.8,0.15
"nt","tl1.00_gl1.00_pr2.50_c50","model6",0.435367166377989,0.0723330201681586,10,1,1,50,50,2.5,1,0.999497863156489,810.952969694147,0.00538941897721531,456.36774404889,10,0.8,3.16077760636034,0.15,NA,NA,NA,0.8,0.15
"nt","tl1.00_gl1.00_pr2.50_c50","model7",0.434396801051955,0.0781495537730622,10,1,1,50,50,2.5,1,0.999469315423896,748.511552942974,0.00542587370785691,494.565539331743,10,0.7,1.43232726580041,0.25,NA,NA,NA,0.85,0.1
"nt","tl1.00_gl1.00_pr2.50_c50","model8",0.434129517508122,0.0775040210020283,10,1,1,50,50,2.5,1,0.999461920336369,750.132394789015,0.00556627570012283,479.535308761447,10,0.8,2.75407236330505,0.15,NA,NA,NA,0.9,0.0499999999999999
"nt","tl1.00_gl1.00_pr2.50_c50","model9",0.434439494181066,0.0622774086899289,8,1,1,50,50,2.5,0.8,0.999595270786759,630.575204237216,0.00471556597750043,536.403530416135,10,1,0.172760935186015,0.05,NA,NA,NA,1,0.05
"nt","tl1.00_gl1.00_pr5.00_c100","model1",0.294533724825824,0.103155112976095,10,1,1,100,50,5,1,0.999273292336008,778.4657146635,0.00691307000573135,431.05878436992,10,0.3,1.84917711429205,0.65,NA,NA,NA,0.3,0.65
"nt","tl1.00_gl1.00_pr5.00_c100","model10",0.284926975454358,0.082619736765934,10,1,1,100,50,5,1,0.999599179918786,697.011340567201,0.00477978282233112,530.582725730101,10,0.6,2.48081629198138,0.35,NA,NA,NA,0.75,0.2
"nt","tl1.00_gl1.00_pr5.00_c100","model11",0.272927793010385,0.104306864930281,10,1,1,100,50,5,1,0.999230886531734,749.142284850533,0.00787357142516379,411.143052904361,10,0.3,1.30237312935652,0.65,NA,NA,NA,0.3,0.65
"nt","tl1.00_gl1.00_pr5.00_c100","model12",0.293181449651666,0.0787982896672658,8,1,1,100,50,5,0.8,0.999696479270255,505.28999439735,0.00485416748645764,448.098966977454,10,0.1,0.386754505567298,0.85,NA,NA,NA,0,0.95
"nt","tl1.00_gl1.00_pr5.00_c100","model2",0.292968713208676,0.0783469433869648,10,1,1,100,50,5,1,0.999340372932412,782.373957356391,0.0061985790326504,503.318742911571,10,0.4,13.4824504834714,0.55,NA,NA,NA,0.4,0.55
"nt","tl1.00_gl1.00_pr5.00_c100","model3",0.295654478290461,0.106659680446641,10,1,1,100,50,5,1,0.999199143541819,717.258220679942,0.0071587803760459,397.45076315678,10,0.3,1.76447607360567,0.65,0.9,0.0351471307076501,0.0499999999999999,0.6,0.35
"nt","tl1.00_gl1.00_pr5.00_c100","model4",0.286144765957304,0.0882569757785746,10,1,1,100,50,5,1,0.999545782159206,765.489512398687,0.00511335559718704,501.977435296719,10,0.2,0.426182656450149,0.75,NA,NA,NA,0.2,0.75
"nt","tl1.00_gl1.00_pr5.00_c100","model5",0.286836991354399,0.0894850921441463,10,1,1,100,50,5,1,0.999556099108461,759.057437254884,0.00518362282840654,518.040241441508,10,0.2,0.427538948002838,0.75,NA,NA,NA,0.55,0.4
"nt","tl1.00_gl1.00_pr5.00_c100","model6",0.285443504855209,0.0790634070749018,10,1,1,100,50,5,1,0.999530008082413,694.935028849988,0.00520400814161808,509.366529002051,10,0.6,2.96752992664341,0.35,NA,NA,NA,0.6,0.35
"nt","tl1.00_gl1.00_pr5.00_c100","model7",0.255105476898604,0.086411315929214,8,1,1,100,50,5,0.8,0.999562539693473,617.417132403799,0.0051048172562648,508.383815793927,10,0.3,1.09962915868658,0.65,1,0.251062602177567,0.05,0.708333333333333,0.241666666666667
"nt","tl1.00_gl1.00_pr5.00_c100","model8",0.285741602593035,0.0818498944735002,10,1,1,100,50,5,1,0.999630302728767,640.737605027903,0.00451706626429796,585.10091281441,10,0.7,2.71518043053678,0.25,NA,NA,NA,0.8,0.15
"nt","tl1.00_gl1.00_pr5.00_c100","model9",0.24268855087814,0.05532631158993,7,1,1,100,50,5,0.7,0.999692729168023,554.992921234048,0.0041896134440558,578.301026188572,10,0.3,0.311133376694683,0.65,1,0.0245970619489749,0.05,0.571428571428571,0.378571428571429
"nt","tl1.00_gl1.00_pr5.00_c200","model1",0.19160546722782,0.0538327972922591,10,1,1,200,50,5,1,0.999188929228309,742.891522494527,0.00882275987670681,470.647089354898,10,0.4,1.40406906991691,0.55,NA,NA,NA,0.4,0.55
"nt","tl1.00_gl1.00_pr5.00_c200","model10",0.181087456920043,0.047797960244812,10,1,1,200,50,5,1,0.999645055915739,696.043425557362,0.00514735150973162,556.741469471164,10,0.1,3.37113334438596,0.85,NA,NA,NA,0.5,0.45
"nt","tl1.00_gl1.00_pr5.00_c200","model11",0.178531763240607,0.0663460481693312,10,1,1,200,50,5,1,0.999215752180715,722.815084698722,0.00956227145317779,452.958170203854,10,0.4,1.050975515363,0.55,NA,NA,NA,0.4,0.55
"nt","tl1.00_gl1.00_pr5.00_c200","model2",0.171821190456612,0.0508174514994944,10,1,1,200,50,5,1,0.999381402894554,739.347854954628,0.0073296027823383,579.747196291055,10,0.6,22.1507617539061,0.35,NA,NA,NA,0.6,0.35
"nt","tl1.00_gl1.00_pr5.00_c200","model3",0.191771803067846,0.0526338457020732,10,1,1,200,50,5,1,0.999209761537573,768.50351787422,0.00841159537155685,438.549512793456,10,0.4,1.35443816618876,0.55,0.8,0.0273679639692482,0.15,0.6,0.35
"nt","tl1.00_gl1.00_pr5.00_c200","model4",0.181741774918416,0.0463642977331696,10,1,1,200,50,5,1,0.999590334237891,736.009480121357,0.00573476704478391,560.890953544393,10,0,0.356249987242293,0.95,NA,NA,NA,0,0.95
"nt","tl1.00_gl1.00_pr5.00_c200","model5",0.180716254715823,0.0467769465563153,10,1,1,200,50,5,1,0.999630906562027,748.397561540933,0.00552300545204463,552.090050468117,10,0,0.342451548993912,0.95,NA,NA,NA,0.45,0.5
"nt","tl1.00_gl1.00_pr5.00_c200","model6",0.180414889963707,0.0446639802393581,10,1,1,200,50,5,1,0.999612514620624,706.622966223757,0.00560836970438071,561.188567777057,10,0,4.83341245486586,0.95,NA,NA,NA,0,0.95
"nt","tl1.00_gl1.00_pr5.00_c200","model7",0.167666894976859,0.0546393581504055,7,1,1,200,50,5,0.7,0.999588706682984,557.766512145287,0.00571725882260871,562.875520329913,10,0.4,1.09390883951862,0.55,1,0.00302544726046057,0.05,0.5,0.45
"nt","tl1.00_gl1.00_pr5.00_c200","model8",0.179315237183378,0.0441340871959529,10,1,1,200,50,5,1,0.999626520536804,647.274136040925,0.00538453449935608,614.911222422726,10,0,4.86942045979695,0.95,NA,NA,NA,0.4,0.55
"nt","tl1.00_gl1.00_pr5.00_c200","model9",0.193349950157848,0.0497993920527401,7,1,1,200,50,5,0.7,0.999746167349989,528.753710137951,0.00455358824551744,616.84574066061,10,0.2,0.353153183717067,0.75,0.75,0.043709102785162,0.2,0.285714285714286,0.664285714285714
"nt","tl1.00_gl1.00_pr5.00_c25","model1",0.56146677101723,0.168813311941543,10,1,1,25,50,5,1,0.999455815627323,720.439106674342,0.00583611643101324,470.491149092101,10,0.4,1.39016365896753,0.55,NA,NA,NA,0.4,0.55
"nt","tl1.00_gl1.00_pr5.00_c25","model10",0.560468077304329,0.170236578250404,10,1,1,25,50,5,1,0.999573014059821,789.002538897532,0.00514037000840021,543.494022172169,10,0.8,0.800448646858984,0.15,NA,NA,NA,0.9,0.0499999999999999
"nt","tl1.00_gl1.00_pr5.00_c25","model11",0.528896305654046,0.15304093553342,10,1,1,25,50,5,1,0.999452894280376,785.859857723703,0.00578756413482496,355.170193461182,10,0.7,0.716846235289605,0.25,NA,NA,NA,0.7,0.25
"nt","tl1.00_gl1.00_pr5.00_c25","model12",0.554569640146681,0.165540747565922,10,1,1,25,50,5,1,0.999582565461368,768.660366821998,0.00495256660368057,444.252332729763,10,0.3,0.229099136276902,0.65,NA,NA,NA,0.3,0.65
"nt","tl1.00_gl1.00_pr5.00_c25","model2",0.557918421212808,0.168687130041976,10,1,1,25,50,5,1,0.999477192175965,724.579388734706,0.00579417704868596,477.170096354143,10,0.5,2.20074988520748,0.45,NA,NA,NA,0.5,0.45
"nt","tl1.00_gl1.00_pr5.00_c25","model3",0.556177074037132,0.17079668479814,10,1,1,25,50,5,1,0.999512632939797,738.139065372814,0.00559442257739029,478.014766761122,10,0.6,1.19147967054514,0.35,0.9,0.790980831240197,0.0499999999999999,0.75,0.2
"nt","tl1.00_gl1.00_pr5.00_c25","model4",0.565389503412609,0.170525376617127,10,1,1,25,50,5,1,0.999522965972635,786.665279776828,0.00539755002211255,489.92153248516,10,0.8,0.718493192037258,0.15,NA,NA,NA,0.8,0.15
"nt","tl1.00_gl1.00_pr5.00_c25","model5",0.56342747919209,0.165254180725989,10,1,1,25,50,5,1,0.999522834923432,792.841758012793,0.00559755373598144,462.825529596525,10,0.8,0.634327126333646,0.15,NA,NA,NA,0.9,0.0499999999999999
"nt","tl1.00_gl1.00_pr5.00_c25","model6",0.558266496255362,0.165904941281942,10,1,1,25,50,5,1,0.999582457107574,810.246954499192,0.00516170056487301,505.734082220811,10,0.8,0.992705253600787,0.15,NA,NA,NA,0.8,0.15
"nt","tl1.00_gl1.00_pr5.00_c25","model7",0.560013325800053,0.167940701081637,10,1,1,25,50,5,1,0.999579052223572,738.318495052851,0.00507830863242658,567.842414893455,10,0.8,0.506026617243432,0.15,NA,NA,NA,0.9,0.0499999999999999
"nt","tl1.00_gl1.00_pr5.00_c25","model8",0.559427697837155,0.164176261576522,10,1,1,25,50,5,1,0.999523704405413,799.433968026851,0.00538701902763021,459.675507670399,10,0.8,0.910984174498704,0.15,NA,NA,NA,0.9,0.0499999999999999
"nt","tl1.00_gl1.00_pr5.00_c25","model9",0.557025817351763,0.163174969716286,10,1,1,25,50,5,1,0.99958438417805,729.38235989436,0.00501428975676512,521.63841503987,10,1,0.166807770377416,0.05,NA,NA,NA,1,0.05
"nt","tl1.00_gl1.00_pr5.00_c50","model1",0.463251707189177,0.0930985890207392,10,1,1,50,50,5,1,0.999387362155369,737.274661363241,0.00612194557251483,481.477605038388,10,0.6,1.0435204537146,0.35,NA,NA,NA,0.6,0.35
"nt","tl1.00_gl1.00_pr5.00_c50","model10",0.435741094585024,0.0919051696147365,10,1,1,50,50,5,1,0.999603461730434,726.637468980027,0.00479135455641842,568.047444401438,10,0.8,0.4669073105252,0.15,NA,NA,NA,0.9,0.0499999999999999
"nt","tl1.00_gl1.00_pr5.00_c50","model11",0.436642402116231,0.0953743473197325,10,1,1,50,50,5,1,0.999422488279795,759.226327605687,0.00637580976376566,375.99642710364,10,0.6,0.680215398311616,0.35,NA,NA,NA,0.6,0.35
"nt","tl1.00_gl1.00_pr5.00_c50","model12",0.456690433881881,0.0900809877486131,10,1,1,50,50,5,1,0.999694749498192,714.40604672061,0.00430500146656641,483.801519957832,10,0.1,0.412155835395645,0.85,NA,NA,NA,0.1,0.85
"nt","tl1.00_gl1.00_pr5.00_c50","model2",0.434910887387292,0.0868370914141249,10,1,1,50,50,5,1,0.999471098789536,772.644969853345,0.005717154578291,469.264221191579,10,0.7,4.52531742838057,0.25,NA,NA,NA,0.7,0.25
"nt","tl1.00_gl1.00_pr5.00_c50","model3",0.46276701859001,0.0881447905052536,10,1,1,50,50,5,1,0.999441064899775,805.978500825784,0.00601890633474743,497.269226272828,10,0.5,0.951853844341994,0.45,0.9,0.179775249328956,0.0499999999999999,0.7,0.25
"nt","tl1.00_gl1.00_pr5.00_c50","model4",0.443911936103092,0.0923042491082031,10,1,1,50,50,5,1,0.999453053420676,707.831700698646,0.00575068611838855,509.860503757109,10,0.5,0.217841601717727,0.45,NA,NA,NA,0.5,0.45
"nt","tl1.00_gl1.00_pr5.00_c50","model5",0.445796493395315,0.0959320308496479,10,1,1,50,50,5,1,0.999470061592516,762.017864775912,0.00585044036487611,446.190258237178,10,0.5,0.199126869898836,0.45,NA,NA,NA,0.75,0.2
"nt","tl1.00_gl1.00_pr5.00_c50","model6",0.434974079688475,0.095285181362366,10,1,1,50,50,5,1,0.999594763257498,724.156507850617,0.00491447485955639,536.644042483317,10,0.9,0.601920040843102,0.0499999999999999,NA,NA,NA,0.9,0.0499999999999999
"nt","tl1.00_gl1.00_pr5.00_c50","model7",0.435967174726722,0.0877232628738006,10,1,1,50,50,5,1,0.999423061883936,725.818493324564,0.00606561287219287,494.629403811806,10,0.4,0.27618979035385,0.55,NA,NA,NA,0.7,0.25
"nt","tl1.00_gl1.00_pr5.00_c50","model8",0.436967423682979,0.0892107205392877,10,1,1,50,50,5,1,0.999588055545598,858.255566036421,0.00492394154791089,543.755807141173,10,0.9,0.478892793317158,0.0499999999999999,NA,NA,NA,0.95,0
"nt","tl1.00_gl1.00_pr5.00_c50","model9",0.415587920213968,0.0689636527144042,9,1,1,50,50,5,0.9,0.999606540509291,693.610327216486,0.00474802387637529,469.591209803357,10,0.6,0.233437973395769,0.35,NA,NA,NA,0.777777777777778,0.172222222222222
"nt","tl1.50_gl0.10_pr1.00_c100","model1",0.301313710316146,0.0921919980879103,10,1.5,0.1,100,50,1,1,0.999290457011264,739.049442031138,0.00690685418209602,392.732661546563,10,0.4,1.1141387635171,0.55,NA,NA,NA,0.4,0.55
"nt","tl1.50_gl0.10_pr1.00_c100","model10",0.298327146698631,0.0927530847997001,10,1.5,0.1,100,50,1,1,0.999443729136484,817.534314420344,0.0058399853167113,485.084322138299,10,0.5,3.39042717904583,0.45,NA,NA,NA,0.65,0.3
"nt","tl1.50_gl0.10_pr1.00_c100","model11",0.307378195824389,0.0755893560471037,10,1.5,0.1,100,50,1,1,0.99924817411387,714.451804899992,0.00835240955112058,278.082296729113,10,0.6,0.701927486260412,0.35,NA,NA,NA,0.6,0.35
"nt","tl1.50_gl0.10_pr1.00_c100","model12",0.31123250521793,0.0823822006656512,9,1.5,0.1,100,50,1,0.9,0.999693135914745,440.713471417413,0.00473542070895079,449.656630517853,10,0,1.02058802537052,0.95,NA,NA,NA,0,0.95
"nt","tl1.50_gl0.10_pr1.00_c100","model2",0.301310277712081,0.0948490208187472,10,1.5,0.1,100,50,1,1,0.999325267083575,842.178593174646,0.00650016512429235,409.230867596228,10,0.6,8.88642101759604,0.35,NA,NA,NA,0.6,0.35
"nt","tl1.50_gl0.10_pr1.00_c100","model3",0.312028843180332,0.0855566509076288,10,1.5,0.1,100,50,1,1,0.999257040072833,779.836192575064,0.0072031892609328,428.390841627054,10,0.5,1.19986012679745,0.45,0,61.0629524641506,0.95,0.25,0.7
"nt","tl1.50_gl0.10_pr1.00_c100","model4",0.306488297221953,0.0906946894866692,10,1.5,0.1,100,50,1,1,0.99924513499123,725.229087457105,0.0071670568744826,413.124708409928,10,0.5,0.314150909166897,0.45,NA,NA,NA,0.5,0.45
"nt","tl1.50_gl0.10_pr1.00_c100","model5",0.296395184033562,0.091108760026768,10,1.5,0.1,100,50,1,1,0.999448707931779,749.480186401024,0.00605536667033152,446.090954505273,10,0.5,0.53024531813402,0.45,NA,NA,NA,0.5,0.45
"nt","tl1.50_gl0.10_pr1.00_c100","model6",0.300044896261261,0.0908537658819651,10,1.5,0.1,100,50,1,1,0.999306875819064,740.588333716084,0.00675635330976132,437.62768526556,10,0.6,0.606630061125601,0.35,NA,NA,NA,0.6,0.35
"nt","tl1.50_gl0.10_pr1.00_c100","model7",0.296387494664711,0.0943094476993362,10,1.5,0.1,100,50,1,1,0.999513215336821,751.967482827111,0.00550194857605749,489.695723410038,10,0.7,1.04310402321179,0.25,0,81.0415061401734,0.95,0.533333333333333,0.416666666666667
"nt","tl1.50_gl0.10_pr1.00_c100","model8",0.295272439915778,0.0952243070212064,10,1.5,0.1,100,50,1,1,0.999373766129651,787.892230913121,0.00637782097192949,447.212017125124,10,0.5,3.49990419892757,0.45,NA,NA,NA,0.7,0.25
"nt","tl1.50_gl0.10_pr1.00_c100","model9",0.263400064662503,0.0814262108648272,8,1.5,0.1,100,50,1,0.8,0.999780244554433,590.883648251411,0.00352498854506375,613.673550040864,10,1,0.0497712386369658,0.05,NA,NA,NA,0.9375,0.0125
"nt","tl1.50_gl0.10_pr1.00_c200","model1",0.242227349108821,0.0978189272714303,10,1.5,0.1,200,50,1,1,0.999157653293535,760.259947353308,0.00807408985846499,436.822120206339,10,0.2,1.55651227248696,0.75,NA,NA,NA,0.2,0.75
"nt","tl1.50_gl0.10_pr1.00_c200","model10",0.221962633195884,0.0810773136108066,10,1.5,0.1,200,50,1,1,0.999489571481848,761.142028986533,0.00578527690879894,574.592135087565,10,0.5,5.67182923513458,0.45,NA,NA,NA,0.75,0.2
"nt","tl1.50_gl0.10_pr1.00_c200","model11",0.242518375217276,0.124935956462354,10,1.5,0.1,200,50,1,1,0.99924469566265,773.545968103811,0.008853868809774,365.354482247813,10,0.2,1.05878501324707,0.75,NA,NA,NA,0.2,0.75
"nt","tl1.50_gl0.10_pr1.00_c200","model2",0.212818499060341,0.0871444665028207,10,1.5,0.1,200,50,1,1,0.999180536197273,738.109420828431,0.00771654975816873,516.816863694442,10,0.2,19.4177791757844,0.75,NA,NA,NA,0.2,0.75
"nt","tl1.50_gl0.10_pr1.00_c200","model3",0.240338184205824,0.10869435374052,10,1.5,0.1,200,50,1,1,0.999191676434776,722.613777029157,0.00761849540123346,454.524923914118,10,0.2,1.47482209240536,0.75,0,59.6348781843305,0.95,0.1,0.85
"nt","tl1.50_gl0.10_pr1.00_c200","model4",0.24444520794996,0.0956370520076721,10,1.5,0.1,200,50,1,1,0.999197491677036,740.779096215584,0.00762270176346799,488.228313425805,10,0.1,0.591372086171149,0.85,NA,NA,NA,0.1,0.85
"nt","tl1.50_gl0.10_pr1.00_c200","model5",0.237585885111174,0.0993195259242689,10,1.5,0.1,200,50,1,1,0.999494826632231,726.557723602982,0.00564753804181703,465.328900825666,10,0.4,0.40374727614881,0.55,NA,NA,NA,0.4,0.55
"nt","tl1.50_gl0.10_pr1.00_c200","model6",0.206517629406935,0.0889924124287932,10,1.5,0.1,200,50,1,1,0.999259833495189,772.348419899467,0.00714203977848846,493.13143175444,10,0.3,1.51523083784307,0.65,NA,NA,NA,0.3,0.65
"nt","tl1.50_gl0.10_pr1.00_c200","model7",0.217777810240885,0.0779235262689087,9,1.5,0.1,200,50,1,0.9,0.999574407108049,639.75162525812,0.00501708540613335,547.655122728789,10,0.7,1.11481382299538,0.25,0,81.1799035551688,0.95,0.518518518518518,0.431481481481481
"nt","tl1.50_gl0.10_pr1.00_c200","model8",0.218081094660317,0.0787503641678156,10,1.5,0.1,200,50,1,1,0.999402513406208,733.950970472349,0.00637912712141991,536.510667304914,10,0.4,5.49564332936219,0.55,NA,NA,NA,0.65,0.3
"nt","tl1.50_gl0.10_pr1.00_c200","model9",0.241923280902283,0.0700111772431268,5,1.5,0.1,200,50,1,0.5,0.999773049873525,386.892884540633,0.00366135509208714,558.926114978829,10,1,0.0601815106219638,0.05,0,79.0963173809915,0.95,0.9,0.0499999999999999
"nt","tl1.50_gl0.10_pr1.00_c25","model1",0.577531291621716,0.10599189936647,10,1.5,0.1,25,50,1,1,0.99950497891083,701.206991934088,0.00563128640410569,419.571252823195,10,0.6,0.474368177838316,0.35,NA,NA,NA,0.6,0.35
"nt","tl1.50_gl0.10_pr1.00_c25","model10",0.585554133154566,0.106720855098754,10,1.5,0.1,25,50,1,1,0.999674196893656,851.723326656271,0.00451708283483742,500.537874173325,10,0.9,0.566761767489817,0.0499999999999999,NA,NA,NA,0.9,0.0499999999999999
"nt","tl1.50_gl0.10_pr1.00_c25","model11",0.542139982596488,0.126313096867023,10,1.5,0.1,25,50,1,1,0.999445465243145,681.765633713246,0.00586006497634895,376.184370071716,10,0.7,0.25131913255982,0.25,NA,NA,NA,0.7,0.25
"nt","tl1.50_gl0.10_pr1.00_c25","model12",0.569311305601778,0.108540616723129,10,1.5,0.1,25,50,1,1,0.999598570897449,788.562898222446,0.00502535421018939,491.892618068179,10,0,0.84270020152879,0.95,NA,NA,NA,0,0.95
"nt","tl1.50_gl0.10_pr1.00_c25","model2",0.57169125419326,0.105511298451048,10,1.5,0.1,25,50,1,1,0.999590931902813,746.408307859312,0.00506332143825294,475.205825727384,10,0.8,1.19679775600507,0.15,NA,NA,NA,0.8,0.15
"nt","tl1.50_gl0.10_pr1.00_c25","model3",0.587514568374647,0.107216468338274,10,1.5,0.1,25,50,1,1,0.999574072909143,777.971656222412,0.00529408772256165,442.470965126833,10,0.6,0.510452395217275,0.35,0,59.7447547834245,0.95,0.3,0.65
"nt","tl1.50_gl0.10_pr1.00_c25","model4",0.571556031625438,0.103827254368744,10,1.5,0.1,25,50,1,1,0.999524417826805,769.555043660423,0.00552383568447028,472.883850397313,10,0.9,0.200903023086856,0.0499999999999999,NA,NA,NA,0.9,0.0499999999999999
"nt","tl1.50_gl0.10_pr1.00_c25","model5",0.587004153891569,0.105795500520881,10,1.5,0.1,25,50,1,1,0.999579765442045,766.00121372248,0.00520773884240168,479.103868864234,10,1,0.234421455601529,0.05,NA,NA,NA,0.85,0.1
"nt","tl1.50_gl0.10_pr1.00_c25","model6",0.57046743328277,0.104953387487405,10,1.5,0.1,25,50,1,1,0.999551780250705,763.84294462045,0.00529284568359675,441.608602625584,10,1,0.298595906873164,0.05,NA,NA,NA,1,0.05
"nt","tl1.50_gl0.10_pr1.00_c25","model7",0.594866233879347,0.10946033779542,10,1.5,0.1,25,50,1,1,0.999604763636043,776.782285696381,0.0050244718943158,482.854118701385,10,1,0.275595861842921,0.05,NA,NA,NA,1,0.05
"nt","tl1.50_gl0.10_pr1.00_c25","model8",0.591143751687593,0.111803134669064,10,1.5,0.1,25,50,1,1,0.999597599850597,786.501285175379,0.00517253653598893,495.103799665624,10,0.8,0.649961861613378,0.15,NA,NA,NA,0.9,0.0499999999999999
"nt","tl1.50_gl0.10_pr1.00_c25","model9",0.59330111756283,0.109184819350204,10,1.5,0.1,25,50,1,1,0.999641284135801,711.546701176445,0.00474945712957308,494.193528345121,10,1,0.0764334824929558,0.05,NA,NA,NA,1,0.05
"nt","tl1.50_gl0.10_pr1.00_c50","model1",0.47998956891951,0.112962161282061,10,1.5,0.1,50,50,1,1,0.999355571584977,753.231424441554,0.00634311992190093,406.708243230084,10,0.3,1.44130867845606,0.65,NA,NA,NA,0.3,0.65
"nt","tl1.50_gl0.10_pr1.00_c50","model10",0.480894456357831,0.12819456063547,10,1.5,0.1,50,50,1,1,0.999465722733215,790.456672449623,0.00575084648498725,454.564980612952,10,0.8,1.27478606148417,0.15,NA,NA,NA,0.9,0.0499999999999999
"nt","tl1.50_gl0.10_pr1.00_c50","model11",0.460727085515413,0.106116584731962,10,1.5,0.1,50,50,1,1,0.999477626774418,798.999919971513,0.00566287487002931,261.098289823264,10,0.7,0.773263748593585,0.25,NA,NA,NA,0.7,0.25
"nt","tl1.50_gl0.10_pr1.00_c50","model12",0.475516277063651,0.109680499228289,10,1.5,0.1,50,50,1,1,0.99971282736734,650.004704382872,0.00418217867046217,385.688121309792,10,0,0.86550156524699,0.95,NA,NA,NA,0,0.95
"nt","tl1.50_gl0.10_pr1.00_c50","model2",0.476208895599306,0.1066522055484,10,1.5,0.1,50,50,1,1,0.999419578229646,823.815836162452,0.0059316569036334,450.328812531514,10,0.6,6.92727727750783,0.35,NA,NA,NA,0.6,0.35
"nt","tl1.50_gl0.10_pr1.00_c50","model3",0.478776477773163,0.119941267798889,10,1.5,0.1,50,50,1,1,0.999366065254397,818.846377751937,0.00613323837428684,442.050660748933,10,0.4,1.48664799382011,0.55,0,55.1779829840181,0.95,0.2,0.75
"nt","tl1.50_gl0.10_pr1.00_c50","model4",0.48080345837425,0.109202232499709,10,1.5,0.1,50,50,1,1,0.999368588626606,767.284097256137,0.00621939653659165,416.724380365924,10,0.6,0.35824993153982,0.35,NA,NA,NA,0.6,0.35
"nt","tl1.50_gl0.10_pr1.00_c50","model5",0.479627973970481,0.12867696049964,10,1.5,0.1,50,50,1,1,0.999553200306433,789.799445321716,0.00510071258567524,471.093142526534,10,0.9,0.486675263537958,0.0499999999999999,NA,NA,NA,0.75,0.2
"nt","tl1.50_gl0.10_pr1.00_c50","model6",0.471505817241664,0.109621726463643,10,1.5,0.1,50,50,1,1,0.999375283379579,780.611640136064,0.00620231198260772,392.220759096563,10,0.7,0.634487279779175,0.25,NA,NA,NA,0.7,0.25
"nt","tl1.50_gl0.10_pr1.00_c50","model7",0.486635559017155,0.126516703454737,9,1.5,0.1,50,50,1,0.9,0.999578906740939,736.807232434005,0.0050017307302337,458.984032750677,10,0.9,0.407511220507846,0.0499999999999999,0,84.4922460223667,0.95,0.944444444444444,0.00555555555555554
"nt","tl1.50_gl0.10_pr1.00_c50","model8",0.480995513868445,0.126155305170934,10,1.5,0.1,50,50,1,1,0.999475309022156,857.515123714685,0.00568411839718507,514.327535756251,10,0.8,1.3750708156841,0.15,NA,NA,NA,0.9,0.0499999999999999
"nt","tl1.50_gl0.10_pr1.00_c50","model9",0.488298466378805,0.132906160270374,9,1.5,0.1,50,50,1,0.9,0.999698321166371,693.001516010589,0.00399063694609325,528.588181783798,10,1,0.087136424572085,0.05,NA,NA,NA,1,0.05
"nt","tl1.50_gl0.10_pr2.50_c100","model1",0.323610955488572,0.0702237786722434,10,1.5,0.1,100,50,2.5,1,0.999266696211338,763.945758516532,0.00664132743315563,390.285940566417,10,0.1,1.93580722084128,0.85,NA,NA,NA,0.1,0.85
"nt","tl1.50_gl0.10_pr2.50_c100","model10",0.333295426328051,0.0703615179279102,10,1.5,0.1,100,50,2.5,1,0.999537249080734,884.04697253055,0.00516177856983073,469.072861772885,10,0.7,2.80481302645836,0.25,NA,NA,NA,0.75,0.2
"nt","tl1.50_gl0.10_pr2.50_c100","model11",0.302595200249412,0.0647139097767083,10,1.5,0.1,100,50,2.5,1,0.999366227458276,747.824057577202,0.00677949714914976,249.237537627023,10,0.3,1.24244494506764,0.65,NA,NA,NA,0.3,0.65
"nt","tl1.50_gl0.10_pr2.50_c100","model12",0.313091068432828,0.0915398389558182,9,1.5,0.1,100,50,2.5,0.9,0.999684036748974,529.341992660491,0.0044491979286497,323.452014747746,10,0,0.853826747792767,0.95,NA,NA,NA,0,0.95
"nt","tl1.50_gl0.10_pr2.50_c100","model2",0.333614203465523,0.0611917855611821,10,1.5,0.1,100,50,2.5,1,0.999292874238094,754.084425026086,0.00644132608677884,397.654962214735,10,0.4,9.70931130315191,0.55,NA,NA,NA,0.4,0.55
"nt","tl1.50_gl0.10_pr2.50_c100","model3",0.324829068751964,0.06870407956469,10,1.5,0.1,100,50,2.5,1,0.999364894563309,794.300685075673,0.00615446304804272,403.052490189419,10,0.4,1.74002762826997,0.55,0,64.7369235290023,0.95,0.2,0.75
"nt","tl1.50_gl0.10_pr2.50_c100","model4",0.328606719102483,0.0742648368023903,10,1.5,0.1,100,50,2.5,1,0.999366266161592,789.628477104044,0.00622847994662442,433.004971013242,10,0.7,0.34453754508594,0.25,NA,NA,NA,0.7,0.25
"nt","tl1.50_gl0.10_pr2.50_c100","model5",0.32092989128572,0.0833019853521688,10,1.5,0.1,100,50,2.5,1,0.999597896614471,772.90830654136,0.00465470868862387,491.154216456926,10,0.7,0.462489944750916,0.25,NA,NA,NA,0.45,0.5
"nt","tl1.50_gl0.10_pr2.50_c100","model6",0.336480699559753,0.0546011230655508,10,1.5,0.1,100,50,2.5,1,0.999349730537799,795.288449753855,0.00611643443177435,454.045275189511,10,0.6,1.05092708819497,0.35,NA,NA,NA,0.6,0.35
"nt","tl1.50_gl0.10_pr2.50_c100","model7",0.328312964738068,0.0788336178995318,8,1.5,0.1,100,50,2.5,0.8,0.999613362022663,669.954628815864,0.00457308908559261,516.567865328701,10,0.8,0.941251130803328,0.15,0,81.3681069797578,0.95,0.458333333333333,0.491666666666667
"nt","tl1.50_gl0.10_pr2.50_c100","model8",0.329868819014581,0.0691006723584029,10,1.5,0.1,100,50,2.5,1,0.999477933704017,804.56254219797,0.00543514300972338,469.098008786402,10,0.7,2.73735627778523,0.25,NA,NA,NA,0.65,0.3
"nt","tl1.50_gl0.10_pr2.50_c100","model9",0.323729749975931,0.0728815696509565,7,1.5,0.1,100,50,2.5,0.7,0.999817309238465,519.042500188205,0.00505025190645862,462.518412911969,10,0.9,0.161302430677316,0.0499999999999999,NA,NA,NA,0.785714285714286,0.164285714285714
"nt","tl1.50_gl0.10_pr2.50_c200","model1",0.175352868354476,0.0420280568075707,10,1.5,0.1,200,50,2.5,1,0.999152393247715,762.247605545225,0.00829331167468047,484.742488963133,10,0,1.4818017672448,0.95,NA,NA,NA,0,0.95
"nt","tl1.50_gl0.10_pr2.50_c200","model10",0.173842720047272,0.0427573687556391,10,1.5,0.1,200,50,2.5,1,0.999572317234988,749.994737044403,0.00559099477327639,562.930208629419,10,0.4,1.46228544737838,0.55,NA,NA,NA,0.65,0.3
"nt","tl1.50_gl0.10_pr2.50_c200","model11",0.170980264454685,0.0341508189083382,10,1.5,0.1,200,50,2.5,1,0.999108908577562,718.703948163264,0.0106331415224639,345.469817457043,10,0.2,1.00396712542552,0.75,NA,NA,NA,0.2,0.75
"nt","tl1.50_gl0.10_pr2.50_c200","model2",0.17792979992584,0.040131225834389,10,1.5,0.1,200,50,2.5,1,0.999235501058962,707.539185143849,0.00766891078927156,459.666997401899,10,0.3,16.6783950058546,0.65,NA,NA,NA,0.3,0.65
"nt","tl1.50_gl0.10_pr2.50_c200","model3",0.172966661754079,0.0484421324654751,10,1.5,0.1,200,50,2.5,1,0.999269446339425,786.909720438721,0.00787379356558265,423.76159240848,10,0.3,1.3683760206545,0.65,0,63.5631374548032,0.95,0.15,0.8
"nt","tl1.50_gl0.10_pr2.50_c200","model4",0.17607874740975,0.038425886145635,10,1.5,0.1,200,50,2.5,1,0.999352933781592,753.635175367096,0.00695687746804742,487.321252464277,10,0.8,0.102468671429236,0.15,NA,NA,NA,0.8,0.15
"nt","tl1.50_gl0.10_pr2.50_c200","model5",0.171501308566941,0.0427251315852493,10,1.5,0.1,200,50,2.5,1,0.999672109362001,724.855945557151,0.0047318530193722,560.419353000518,10,0.5,0.250023694185562,0.45,NA,NA,NA,0.45,0.5
"nt","tl1.50_gl0.10_pr2.50_c200","model6",0.17818621213877,0.0339358581744031,10,1.5,0.1,200,50,2.5,1,0.999386766998352,745.838362833926,0.00707583771712047,532.810635651378,10,0.8,0.333909391840223,0.15,NA,NA,NA,0.8,0.15
"nt","tl1.50_gl0.10_pr2.50_c200","model7",0.176971030305126,0.0536906347414095,8,1.5,0.1,200,50,2.5,0.8,0.999576387394455,596.191062810223,0.0054837699450758,557.389502460533,10,0.3,0.45792476754474,0.65,0,81.3036388677017,0.95,0.375,0.575
"nt","tl1.50_gl0.10_pr2.50_c200","model8",0.17444530589814,0.0446115164026556,10,1.5,0.1,200,50,2.5,1,0.999509409786786,729.990781737114,0.00602893860462071,557.202482959621,10,0.4,1.46601110665653,0.55,NA,NA,NA,0.7,0.25
"nt","tl1.50_gl0.10_pr2.50_c200","model9",0.178549896651392,0.0452590321697352,5,1.5,0.1,200,50,2.5,0.5,0.9997735235443,385.448279558347,0.0038942096190994,549.908984012072,10,0.7,0.253779460197191,0.25,0,81.1262015535052,0.95,0.7,0.25
"nt","tl1.50_gl0.10_pr2.50_c25","model1",0.564409295026079,0.0584540321196959,10,1.5,0.1,25,50,2.5,1,0.999496320877777,743.041103294129,0.00572411842260029,491.8327486579,10,0.7,0.795035405336618,0.25,NA,NA,NA,0.7,0.25
"nt","tl1.50_gl0.10_pr2.50_c25","model10",0.558997898684491,0.0585398368355625,10,1.5,0.1,25,50,2.5,1,0.999540276915105,757.580731928864,0.00536370693504849,519.275187749836,10,0.9,0.243252796802272,0.0499999999999999,NA,NA,NA,0.75,0.2
"nt","tl1.50_gl0.10_pr2.50_c25","model11",0.526066185274291,0.0698859982476767,10,1.5,0.1,25,50,2.5,1,0.999432469355439,735.918920982293,0.0059912262898206,341.046528224762,10,0.9,0.35475711381224,0.0499999999999999,NA,NA,NA,0.9,0.0499999999999999
"nt","tl1.50_gl0.10_pr2.50_c25","model12",0.557258901259978,0.0608669957091119,10,1.5,0.1,25,50,2.5,1,0.999665155578175,786.868044222254,0.00453402296093445,444.410060637283,10,0.1,0.727051962878,0.85,NA,NA,NA,0.1,0.85
"nt","tl1.50_gl0.10_pr2.50_c25","model2",0.564827911546272,0.0591826863738252,10,1.5,0.1,25,50,2.5,1,0.999528564438366,759.490317529513,0.00545332587535729,514.064232217456,10,0.9,2.3795179041075,0.0499999999999999,NA,NA,NA,0.9,0.0499999999999999
"nt","tl1.50_gl0.10_pr2.50_c25","model3",0.558945702251781,0.0577646207038761,10,1.5,0.1,25,50,2.5,1,0.999506312952022,794.85338033496,0.00554225744984899,542.302384303112,10,0.9,0.649053834569926,0.0499999999999999,0,56.6468979456967,0.95,0.45,0.5
"nt","tl1.50_gl0.10_pr2.50_c25","model4",0.55843221930519,0.0558471898212499,10,1.5,0.1,25,50,2.5,1,0.999478442066119,784.773112851503,0.00564027896573406,539.963924872932,10,0.9,0.198398551524774,0.0499999999999999,NA,NA,NA,0.9,0.0499999999999999
"nt","tl1.50_gl0.10_pr2.50_c25","model5",0.554841106499811,0.0534604905723773,10,1.5,0.1,25,50,2.5,1,0.999525629515258,785.000711263805,0.00546478468594313,469.805848224188,10,1,0.127820357820992,0.05,NA,NA,NA,0.85,0.1
"nt","tl1.50_gl0.10_pr2.50_c25","model6",0.560664268175809,0.0610549232354618,10,1.5,0.1,25,50,2.5,1,0.999559555373622,820.953010371374,0.00536599945866654,502.759532536928,10,0.9,0.285468226372989,0.0499999999999999,NA,NA,NA,0.9,0.0499999999999999
"nt","tl1.50_gl0.10_pr2.50_c25","model7",0.560795082427114,0.0600474472362793,10,1.5,0.1,25,50,2.5,1,0.999542163668702,791.107118568965,0.00535971226015657,553.30903934661,10,1,0.145487191975836,0.05,NA,NA,NA,0.8,0.15
"nt","tl1.50_gl0.10_pr2.50_c25","model8",0.557928464012739,0.0587675463133002,10,1.5,0.1,25,50,2.5,1,0.999570942592472,786.200712054322,0.00525381441639898,480.722471209291,10,0.9,0.26012975018332,0.0499999999999999,NA,NA,NA,0.8,0.15
"nt","tl1.50_gl0.10_pr2.50_c25","model9",0.559902455410965,0.0583402216332624,10,1.5,0.1,25,50,2.5,1,0.999577278115947,781.216612209149,0.00519081172785203,503.040071120769,10,1,0.116558890305067,0.05,NA,NA,NA,0.8,0.15
"nt","tl1.50_gl0.10_pr2.50_c50","model1",0.468389652379741,0.0577209958287921,10,1.5,0.1,50,50,2.5,1,0.999356127959194,743.326914546601,0.00628566638274422,393.826959680692,10,0.4,1.06858858345264,0.55,NA,NA,NA,0.4,0.55
"nt","tl1.50_gl0.10_pr2.50_c50","model10",0.460406767845843,0.0601189790325436,10,1.5,0.1,50,50,2.5,1,0.999519355527113,820.86638913019,0.00529002491831376,510.049524346584,10,0.9,0.281318239073252,0.0499999999999999,NA,NA,NA,0.7,0.25
"nt","tl1.50_gl0.10_pr2.50_c50","model11",0.440779253175828,0.0656524971427891,10,1.5,0.1,50,50,2.5,1,0.999345646691885,747.766136580693,0.00659258302475648,238.134919715205,10,0.4,0.584404328965344,0.55,NA,NA,NA,0.4,0.55
"nt","tl1.50_gl0.10_pr2.50_c50","model12",0.462992273959638,0.0603097657451182,10,1.5,0.1,50,50,2.5,1,0.999730619128649,604.678524035767,0.0040423435597085,414.273313258084,10,0,0.858638052010073,0.95,NA,NA,NA,0,0.95
"nt","tl1.50_gl0.10_pr2.50_c50","model2",0.45826291830679,0.048604331939672,10,1.5,0.1,50,50,2.5,1,0.999396967391116,790.705353429534,0.00595967467879455,470.778691376184,10,0.6,4.81380378751117,0.35,NA,NA,NA,0.6,0.35
"nt","tl1.50_gl0.10_pr2.50_c50","model3",0.466955423472508,0.0548052856728338,10,1.5,0.1,50,50,2.5,1,0.999428622406098,785.549191292529,0.00583819111231414,392.107772217531,10,0.5,0.992160941992066,0.45,0,65.0385647178657,0.95,0.25,0.7
"nt","tl1.50_gl0.10_pr2.50_c50","model4",0.468830010073732,0.0595778237039865,10,1.5,0.1,50,50,2.5,1,0.99944025857873,751.506439860295,0.00586494825586535,410.156769295272,10,0.9,0.12633229009887,0.0499999999999999,NA,NA,NA,0.9,0.0499999999999999
"nt","tl1.50_gl0.10_pr2.50_c50","model5",0.466038544552339,0.0456061547486182,10,1.5,0.1,50,50,2.5,1,0.999515917195136,730.441148371921,0.00541370833231782,434.834304415334,10,0.9,0.107282642213824,0.0499999999999999,NA,NA,NA,0.6,0.35
"nt","tl1.50_gl0.10_pr2.50_c50","model6",0.454480965378992,0.0545296111225585,10,1.5,0.1,50,50,2.5,1,0.999440455630736,781.19794255797,0.00576277243039824,482.590060357146,10,0.9,0.224625169002815,0.0499999999999999,NA,NA,NA,0.9,0.0499999999999999
"nt","tl1.50_gl0.10_pr2.50_c50","model7",0.464848005231069,0.050321784011954,10,1.5,0.1,50,50,2.5,1,0.999549838345837,729.276136144999,0.00508264559599901,500.734463015185,10,0.9,0.202262831038506,0.0499999999999999,NA,NA,NA,0.75,0.2
"nt","tl1.50_gl0.10_pr2.50_c50","model8",0.463611818798869,0.0502630196226552,10,1.5,0.1,50,50,2.5,1,0.999470212939708,835.963083792109,0.00571675633774738,456.883921310324,10,0.8,0.367905362802428,0.15,NA,NA,NA,0.65,0.3
"nt","tl1.50_gl0.10_pr2.50_c50","model9",0.457051822113472,0.0484972652324334,9,1.5,0.1,50,50,2.5,0.9,0.99964926316701,684.425410710425,0.00432740932285542,520.042796247148,10,0.9,0.208136275062325,0.0499999999999999,NA,NA,NA,0.722222222222222,0.227777777777778
"nt","tl1.50_gl0.10_pr5.00_c100","model1",0.306241349160487,0.0689573421336905,10,1.5,0.1,100,50,5,1,0.999270683722567,737.708554513262,0.00650136048717105,400.263711871449,10,0.2,1.0786495895836,0.75,NA,NA,NA,0.2,0.75
"nt","tl1.50_gl0.10_pr5.00_c100","model10",0.302097254913345,0.0945954322714067,10,1.5,0.1,100,50,5,1,0.999632227188665,705.064647280458,0.00456609390025456,503.652006844795,10,0.4,0.834535551935577,0.55,NA,NA,NA,0.5,0.45
"nt","tl1.50_gl0.10_pr5.00_c100","model11",0.296638374699026,0.0777604903414639,10,1.5,0.1,100,50,5,1,0.999382325762341,704.994452155434,0.00664375420181748,274.534062149899,10,0.3,0.668575661973424,0.65,NA,NA,NA,0.3,0.65
"nt","tl1.50_gl0.10_pr5.00_c100","model12",0.316368537164195,0.0521368782897456,9,1.5,0.1,100,50,5,0.9,0.99962891804126,457.147000956658,0.0047862299155523,385.814492871718,10,0,0.932576099672402,0.95,NA,NA,NA,0,0.95
"nt","tl1.50_gl0.10_pr5.00_c100","model2",0.307758167662343,0.0627711002186669,10,1.5,0.1,100,50,5,1,0.999296151510458,771.636669539602,0.00631039492701029,443.480373788034,10,0.4,8.8192463272524,0.55,NA,NA,NA,0.4,0.55
"nt","tl1.50_gl0.10_pr5.00_c100","model3",0.301606717539734,0.07221502932558,10,1.5,0.1,100,50,5,1,0.999340709555664,757.158435949388,0.00629079402109241,394.135397934107,10,0.3,0.864148292489462,0.65,0,63.9224525934405,0.95,0.15,0.8
"nt","tl1.50_gl0.10_pr5.00_c100","model4",0.31972303600641,0.0797120482577202,10,1.5,0.1,100,50,5,1,0.999509179877386,774.417122030271,0.00527288133648336,520.375541118351,10,0.7,0.146054068702941,0.25,NA,NA,NA,0.7,0.25
"nt","tl1.50_gl0.10_pr5.00_c100","model5",0.307515214691288,0.0802621018290907,10,1.5,0.1,100,50,5,1,0.999707498848241,721.119652189065,0.00398861773731491,493.303458726577,10,0.2,0.36065650762373,0.75,NA,NA,NA,0.2,0.75
"nt","tl1.50_gl0.10_pr5.00_c100","model6",0.308740890894952,0.0789282711307998,10,1.5,0.1,100,50,5,1,0.999507218284026,877.415639195384,0.00521538514732088,481.819487974278,10,0.8,0.243693334341393,0.15,NA,NA,NA,0.8,0.15
"nt","tl1.50_gl0.10_pr5.00_c100","model7",0.303656392134398,0.0962319828475759,8,1.5,0.1,100,50,5,0.8,0.999607541885151,617.508264475263,0.00452458301260352,488.06341940509,10,0.2,0.695901849968438,0.75,0,77.1927445356631,0.95,0.25,0.7
"nt","tl1.50_gl0.10_pr5.00_c100","model8",0.300153245502674,0.0921049257168152,10,1.5,0.1,100,50,5,1,0.999633671646755,814.575487073207,0.00450820645810722,515.67623857047,10,0.3,0.883347615998748,0.65,NA,NA,NA,0.4,0.55
"nt","tl1.50_gl0.10_pr5.00_c100","model9",0.274377684742609,0.0853259065869578,6,1.5,0.1,100,50,5,0.6,0.999764469643193,515.575384353621,0.00368383180297802,524.472445895777,10,0.3,0.512521938813318,0.65,0,81.0872915009985,0.95,0.25,0.7
"nt","tl1.50_gl0.10_pr5.00_c200","model1",0.210305076388082,0.0596433303767442,10,1.5,0.1,200,50,5,1,0.999231334171477,787.92593854593,0.00812356065573433,423.491494930824,10,0,2.16456414940308,0.95,NA,NA,NA,0,0.95
"nt","tl1.50_gl0.10_pr5.00_c200","model10",0.200877852330097,0.0585575238497031,10,1.5,0.1,200,50,5,1,0.99960855929536,751.827467671795,0.0051629663456596,533.221713014906,10,0,1.47452606290369,0.95,NA,NA,NA,0.25,0.7
"nt","tl1.50_gl0.10_pr5.00_c200","model11",0.196020347888693,0.0536642039700479,10,1.5,0.1,200,50,5,1,0.999202106393042,761.97573065933,0.00943720627450514,322.383854670163,10,0.1,1.47244432569395,0.85,NA,NA,NA,0.1,0.85
"nt","tl1.50_gl0.10_pr5.00_c200","model2",0.194786013247775,0.0551251120169224,10,1.5,0.1,200,50,5,1,0.999353640970522,836.68063928158,0.00680673882958566,515.645159619527,10,0.4,33.0055701634522,0.55,NA,NA,NA,0.4,0.55
"nt","tl1.50_gl0.10_pr5.00_c200","model3",0.209501064329735,0.0636054486180705,10,1.5,0.1,200,50,5,1,0.999196753442737,735.761536401738,0.00754649735869093,431.548296502468,10,0.1,1.99747858857394,0.85,0,68.1684124059709,0.95,0.05,0.9
"nt","tl1.50_gl0.10_pr5.00_c200","model4",0.203951386490928,0.0459539961945658,10,1.5,0.1,200,50,5,1,0.999495254017046,749.072739327372,0.00585876660688924,571.348610985602,10,0.5,0.0842787738675003,0.45,NA,NA,NA,0.5,0.45
"nt","tl1.50_gl0.10_pr5.00_c200","model5",0.201749825522036,0.0420905981101169,10,1.5,0.1,200,50,5,1,0.999740302232859,701.406016806192,0.00409418143590812,535.404208285773,10,0.2,0.35554951539805,0.75,NA,NA,NA,0.2,0.75
"nt","tl1.50_gl0.10_pr5.00_c200","model6",0.192814382788901,0.0373683670312973,10,1.5,0.1,200,50,5,1,0.999337362595637,754.957208417442,0.00696814203544959,511.602868170513,10,0.2,0.517792005561758,0.75,NA,NA,NA,0.2,0.75
"nt","tl1.50_gl0.10_pr5.00_c200","model7",0.188064152587772,0.0492781398624701,8,1.5,0.1,200,50,5,0.8,0.999616586756732,568.48080506284,0.00510686471082794,563.571769728721,10,0.3,0.566763062978933,0.65,0,81.6187562884705,0.95,0.1875,0.7625
"nt","tl1.50_gl0.10_pr5.00_c200","model8",0.20059164920999,0.0552470848181928,10,1.5,0.1,200,50,5,1,0.99961313389855,732.175835107942,0.00511619661451258,594.987884941255,10,0,1.49542406054099,0.95,NA,NA,NA,0.15,0.8
"nt","tl1.50_gl0.10_pr5.00_c200","model9",0.200553393183625,0.0295259357083035,5,1.5,0.1,200,50,5,0.5,0.999773189492938,374.778595468979,0.00365675696271699,566.304314878217,10,0.3,0.518376729543601,0.65,0,82.8026046014977,0.95,0.2,0.75
"nt","tl1.50_gl0.10_pr5.00_c25","model1",0.592628918982244,0.174926206690363,10,1.5,0.1,25,50,5,1,0.999478694839451,722.458991232102,0.00585064054280622,466.813467975807,10,0.6,2.06651808015281,0.35,NA,NA,NA,0.6,0.35
"nt","tl1.50_gl0.10_pr5.00_c25","model10",0.580117371831362,0.176664281507776,10,1.5,0.1,25,50,5,1,0.999586700020672,792.314273037572,0.00515650921850208,532.758177983221,10,0.9,0.452771287378558,0.0499999999999999,NA,NA,NA,0.7,0.25
"nt","tl1.50_gl0.10_pr5.00_c25","model11",0.567922521010488,0.168714242215088,10,1.5,0.1,25,50,5,1,0.999446717688776,741.362094581817,0.00600069209895982,377.291682554406,10,0.7,0.943245540408989,0.25,NA,NA,NA,0.7,0.25
"nt","tl1.50_gl0.10_pr5.00_c25","model12",0.587570113451732,0.171994758237668,10,1.5,0.1,25,50,5,1,0.999625939654361,760.185552151138,0.00488195112972828,497.145739831502,10,0.1,0.711955396623907,0.85,NA,NA,NA,0.1,0.85
"nt","tl1.50_gl0.10_pr5.00_c25","model2",0.588713194670507,0.179515526505721,10,1.5,0.1,25,50,5,1,0.999451663139757,738.640348334043,0.00596208945675327,471.805069080254,10,0.7,6.36036732489986,0.25,NA,NA,NA,0.7,0.25
"nt","tl1.50_gl0.10_pr5.00_c25","model3",0.594804773338883,0.173675336242416,10,1.5,0.1,25,50,5,1,0.999484613906646,754.368799392798,0.00565706697639912,459.573606967459,10,0.7,1.95182803579132,0.25,0,68.4605068156066,0.95,0.35,0.6
"nt","tl1.50_gl0.10_pr5.00_c25","model4",0.592679745307755,0.188055074001859,10,1.5,0.1,25,50,5,1,0.999535969937827,825.382144284699,0.00545167112275003,494.521768141778,10,1,0.139972280546975,0.05,NA,NA,NA,1,0.05
"nt","tl1.50_gl0.10_pr5.00_c25","model5",0.593069753066792,0.170021911250196,10,1.5,0.1,25,50,5,1,0.999536400752136,731.953353727506,0.00553049599733608,498.008055064016,10,1,0.128952146168795,0.05,NA,NA,NA,0.6,0.35
"nt","tl1.50_gl0.10_pr5.00_c25","model6",0.579544271749034,0.189655179985942,10,1.5,0.1,25,50,5,1,0.999533550546446,776.384445246081,0.0054322022683366,486.35790562378,10,0.9,0.606560613350193,0.0499999999999999,NA,NA,NA,0.9,0.0499999999999999
"nt","tl1.50_gl0.10_pr5.00_c25","model7",0.585708122146685,0.167764511293102,10,1.5,0.1,25,50,5,1,0.999586136440881,835.281619999786,0.00511483610904754,529.638694050829,10,0.9,0.357685419041992,0.0499999999999999,NA,NA,NA,0.65,0.3
"nt","tl1.50_gl0.10_pr5.00_c25","model8",0.583297728730586,0.171980670691229,10,1.5,0.1,25,50,5,1,0.999538106122193,791.757037601188,0.00540550905774237,464.464378899367,10,0.9,0.549729372421159,0.0499999999999999,NA,NA,NA,0.6,0.35
"nt","tl1.50_gl0.10_pr5.00_c25","model9",0.583706227615492,0.166256019500143,10,1.5,0.1,25,50,5,1,0.999580194901944,747.827224502683,0.00516995722955371,544.283341320713,10,1,0.175619295288286,0.05,NA,NA,NA,0.65,0.3
"nt","tl1.50_gl0.10_pr5.00_c50","model1",0.42472095311204,0.0382867762473977,10,1.5,0.1,50,50,5,1,0.999342265626852,789.446570335313,0.00641888452013717,375.664735986644,10,0.3,0.98197226013638,0.65,NA,NA,NA,0.3,0.65
"nt","tl1.50_gl0.10_pr5.00_c50","model10",0.409552076779106,0.0422060225454971,10,1.5,0.1,50,50,5,1,0.999541654130181,774.761853428883,0.00504818535499334,505.743794340698,10,0.7,0.259146226101963,0.25,NA,NA,NA,0.5,0.45
"nt","tl1.50_gl0.10_pr5.00_c50","model11",0.398314767866956,0.0567600467576045,10,1.5,0.1,50,50,5,1,0.999293063135194,728.001309866162,0.0067441617056627,257.509104787906,10,0.4,0.535799888804615,0.55,NA,NA,NA,0.4,0.55
"nt","tl1.50_gl0.10_pr5.00_c50","model12",0.421016209383884,0.0401426425763523,10,1.5,0.1,50,50,5,1,0.999735361867678,680.827589768875,0.00403227768231012,470.732619784081,10,0,0.864830776749712,0.95,NA,NA,NA,0,0.95
"nt","tl1.50_gl0.10_pr5.00_c50","model2",0.418987436906412,0.0259217870236765,10,1.5,0.1,50,50,5,1,0.999371505909462,773.040811678317,0.00614884445391436,466.123490652314,10,0.4,3.22913845881515,0.55,NA,NA,NA,0.4,0.55
"nt","tl1.50_gl0.10_pr5.00_c50","model3",0.419526082861863,0.056048796827269,10,1.5,0.1,50,50,5,1,0.999322520561487,721.430582168659,0.00641921315706382,395.939262391407,10,0.2,0.942941969798361,0.75,0,63.2048606117119,0.95,0.1,0.85
"nt","tl1.50_gl0.10_pr5.00_c50","model4",0.409979419395079,0.0558438849211659,10,1.5,0.1,50,50,5,1,0.99948139132837,731.307957825098,0.00565593023183924,468.947257688871,10,0.7,0.176787331100082,0.25,NA,NA,NA,0.7,0.25
"nt","tl1.50_gl0.10_pr5.00_c50","model5",0.41753791412501,0.0470445889098716,10,1.5,0.1,50,50,5,1,0.999568385513726,768.315580569226,0.00501423940679859,471.905460476752,10,0.7,0.21505732979712,0.25,NA,NA,NA,0.4,0.55
"nt","tl1.50_gl0.10_pr5.00_c50","model6",0.407151553738917,0.0451380197742616,10,1.5,0.1,50,50,5,1,0.999471798998492,837.69341028189,0.00553475039021785,484.070867886466,10,0.7,0.195979050428881,0.25,NA,NA,NA,0.7,0.25
"nt","tl1.50_gl0.10_pr5.00_c50","model7",0.4138641779458,0.0421289886395825,10,1.5,0.1,50,50,5,1,0.999541093364709,755.552470839325,0.00520440141716689,470.342874713324,10,0.6,0.370904896237556,0.35,NA,NA,NA,0.5,0.45
"nt","tl1.50_gl0.10_pr5.00_c50","model8",0.414554518210743,0.0422940352387418,10,1.5,0.1,50,50,5,1,0.999533599252233,781.484589968281,0.00533601776715827,466.204340493024,10,0.8,0.306956661197004,0.15,NA,NA,NA,0.55,0.4
"nt","tl1.50_gl0.10_pr5.00_c50","model9",0.414417789506822,0.0457017799275645,10,1.5,0.1,50,50,5,1,0.999671470277006,628.525953447328,0.00424172855823683,530.660765235079,10,0.7,0.364726227862017,0.25,NA,NA,NA,0.5,0.45
"nt","tl1.50_gl0.25_pr1.00_c100","model1",0.259389477040273,0.0685993031487294,10,1.5,0.25,100,50,1,1,0.999203680512239,719.665000853851,0.00727649522507873,426.231177101979,10,0.2,1.44532894073276,0.75,NA,NA,NA,0.2,0.75
"nt","tl1.50_gl0.25_pr1.00_c100","model10",0.259387036783012,0.0491063333227938,10,1.5,0.25,100,50,1,1,0.99945466431545,842.825195712407,0.00568863563617108,501.190044703378,10,0.5,9.2161623597845,0.45,NA,NA,NA,0.75,0.2
"nt","tl1.50_gl0.25_pr1.00_c100","model11",0.239225078198422,0.064130116723992,10,1.5,0.25,100,50,1,1,0.999265228459744,740.251150338045,0.00779094068869926,440.342066480779,10,0.4,0.920713496633076,0.55,NA,NA,NA,0.4,0.55
"nt","tl1.50_gl0.25_pr1.00_c100","model12",0.246158427764429,0.0662089822189546,8,1.5,0.25,100,50,1,0.8,0.999693094078199,427.67781969337,0.00491208981839451,525.384816851564,10,0,0.91098503682175,0.95,NA,NA,NA,0,0.95
"nt","tl1.50_gl0.25_pr1.00_c100","model2",0.258913046069655,0.0519926518512621,10,1.5,0.25,100,50,1,1,0.999315164201338,719.222362514664,0.00654797713584312,554.993268806725,10,0.4,4.7176342645144,0.55,NA,NA,NA,0.4,0.55
"nt","tl1.50_gl0.25_pr1.00_c100","model3",0.261733575225707,0.0654572686395666,10,1.5,0.25,100,50,1,1,0.999162412994224,742.997181605737,0.00753111387200927,446.663438920704,10,0.5,1.4339354418041,0.45,0,5.6655587090109,0.95,0.25,0.7
"nt","tl1.50_gl0.25_pr1.00_c100","model4",0.260548580609061,0.0693714883537879,10,1.5,0.25,100,50,1,1,0.999221013640933,752.712633715047,0.00701709137535503,450.966972530799,10,0.4,1.32239888358918,0.55,NA,NA,NA,0.4,0.55
"nt","tl1.50_gl0.25_pr1.00_c100","model5",0.254929088156929,0.0688270894774919,10,1.5,0.25,100,50,1,1,0.999316575601558,764.989517436236,0.0064635690285679,462.629839433962,10,0.5,1.28702778615122,0.45,NA,NA,NA,0.55,0.4
"nt","tl1.50_gl0.25_pr1.00_c100","model6",0.258292826893882,0.0478087152523506,10,1.5,0.25,100,50,1,1,0.99933833336913,851.73985542354,0.00641180071497772,518.79423705413,10,0.5,3.17435181127042,0.45,NA,NA,NA,0.5,0.45
"nt","tl1.50_gl0.25_pr1.00_c100","model7",0.258128143104206,0.0563497295066986,10,1.5,0.25,100,50,1,1,0.999430005006761,708.313233880614,0.00593124637487681,521.652391183463,10,0.7,4.26680583555853,0.25,NA,NA,NA,0.85,0.1
"nt","tl1.50_gl0.25_pr1.00_c100","model8",0.256884187625431,0.0546634301213422,10,1.5,0.25,100,50,1,1,0.999461387057305,882.016405542923,0.00557082435982579,509.523126475807,10,0.5,9.71470771989862,0.45,NA,NA,NA,0.75,0.2
"nt","tl1.50_gl0.25_pr1.00_c100","model9",0.257024679390615,0.0447348653599186,10,1.5,0.25,100,50,1,1,0.99981543086196,619.111998535445,0.0029659621040247,584.857120812872,10,1,0.0953332880683612,0.05,NA,NA,NA,1,0.05
"nt","tl1.50_gl0.25_pr1.00_c200","model1",0.181325187369657,0.0557002402718502,10,1.5,0.25,200,50,1,1,0.999229662081123,727.143540537868,0.00752994831874403,457.282882459234,10,0.3,1.64426587890607,0.65,NA,NA,NA,0.3,0.65
"nt","tl1.50_gl0.25_pr1.00_c200","model10",0.178130003601592,0.0318319346725139,10,1.5,0.25,200,50,1,1,0.999343632011149,757.959475814039,0.00691192429135368,494.870106003515,10,0.5,15.9582956656399,0.45,NA,NA,NA,0.75,0.2
"nt","tl1.50_gl0.25_pr1.00_c200","model11",0.173486405970852,0.0404945067535018,10,1.5,0.25,200,50,1,1,0.999231669920073,740.460147851786,0.0085330460181951,355.14916961214,10,0.5,1.14679151656526,0.45,NA,NA,NA,0.5,0.45
"nt","tl1.50_gl0.25_pr1.00_c200","model2",0.183909271308602,0.0482271241165738,10,1.5,0.25,200,50,1,1,0.999313959768944,772.27285714529,0.00694803988499684,532.156122195652,10,0.5,9.00699396592062,0.45,NA,NA,NA,0.5,0.45
"nt","tl1.50_gl0.25_pr1.00_c200","model3",0.174921506539613,0.0609475294627865,10,1.5,0.25,200,50,1,1,0.999195064729954,713.893028923738,0.00768468098582964,467.889662551764,10,0.4,1.66170690358438,0.55,0,5.45842299635489,0.95,0.2,0.75
"nt","tl1.50_gl0.25_pr1.00_c200","model4",0.182340180690141,0.0512008824889478,10,1.5,0.25,200,50,1,1,0.999148178573562,729.609410322507,0.00821227730855742,460.802796173413,10,0.4,1.34253674885531,0.55,NA,NA,NA,0.4,0.55
"nt","tl1.50_gl0.25_pr1.00_c200","model5",0.176893634211209,0.0605625319751804,10,1.5,0.25,200,50,1,1,0.999377594620201,773.329504229152,0.00660908162699646,496.46208740619,10,0.5,1.40371579661482,0.45,NA,NA,NA,0.45,0.5
"nt","tl1.50_gl0.25_pr1.00_c200","model6",0.185256479809939,0.0458238050433777,10,1.5,0.25,200,50,1,1,0.999419636651503,779.295275958688,0.00651950230865302,521.887679640183,10,0.4,3.96458705282772,0.55,NA,NA,NA,0.4,0.55
"nt","tl1.50_gl0.25_pr1.00_c200","model7",0.173385481905054,0.0532937770214228,8,1.5,0.25,200,50,1,0.8,0.999510422053457,607.052852201962,0.00591395435567149,520.89968760419,10,0.6,6.71934396508763,0.35,0,8.29022233650785,0.95,0.5,0.45
"nt","tl1.50_gl0.25_pr1.00_c200","model8",0.177418130067815,0.0383706470387392,10,1.5,0.25,200,50,1,1,0.999384436866472,821.911973848478,0.00660030773280169,521.368459889578,10,0.5,15.8685743007709,0.45,NA,NA,NA,0.75,0.2
"nt","tl1.50_gl0.25_pr1.00_c200","model9",0.186130122674787,0.0205743897986473,5,1.5,0.25,200,50,1,0.5,0.999772478763014,338.817014325459,0.00370595384447721,587.006220791721,10,1,0.139739630499536,0.05,0,8.94619291264971,0.95,1,0.05
"nt","tl1.50_gl0.25_pr1.00_c25","model1",0.625122959084688,0.143739120036449,9,1.5,0.25,25,50,1,0.9,0.999499628640787,730.475353696065,0.00558437840566191,466.250736240895,10,0.6,0.523638520936544,0.35,NA,NA,NA,0.666666666666667,0.283333333333333
"nt","tl1.50_gl0.25_pr1.00_c25","model10",0.617605521353795,0.104866842633366,10,1.5,0.25,25,50,1,1,0.999579622463212,816.026551152102,0.00508240173472058,528.893640668991,10,1,0.31991556118582,0.05,NA,NA,NA,1,0.05
"nt","tl1.50_gl0.25_pr1.00_c25","model11",0.578578653840471,0.121507825370477,10,1.5,0.25,25,50,1,1,0.999461781901107,773.554626613035,0.00600215909014905,396.804475408693,10,0.7,0.266083191060945,0.25,NA,NA,NA,0.7,0.25
"nt","tl1.50_gl0.25_pr1.00_c25","model12",0.604735882475728,0.123092942343499,10,1.5,0.25,25,50,1,1,0.999630354536121,797.649691761649,0.00488290310386393,467.999215781785,10,0.1,0.818923774852992,0.85,NA,NA,NA,0.1,0.85
"nt","tl1.50_gl0.25_pr1.00_c25","model2",0.608134715001973,0.130776397984923,9,1.5,0.25,25,50,1,0.9,0.999533360711161,758.639649844019,0.00544847076362871,502.157531923425,10,0.7,0.839131206351464,0.25,NA,NA,NA,0.777777777777778,0.172222222222222
"nt","tl1.50_gl0.25_pr1.00_c25","model3",0.611592736491979,0.11321429092297,10,1.5,0.25,25,50,1,1,0.99944985570383,715.153953187848,0.00595941481063545,485.058395534731,10,0.6,0.465889151556588,0.35,0.4,4.56568901415906,0.55,0.5,0.45
"nt","tl1.50_gl0.25_pr1.00_c25","model4",0.615728360950598,0.115583282248569,10,1.5,0.25,25,50,1,1,0.999505382828073,744.025639502917,0.00568403710337728,489.298527161411,10,0.9,0.275931701728345,0.0499999999999999,NA,NA,NA,0.9,0.0499999999999999
"nt","tl1.50_gl0.25_pr1.00_c25","model5",0.613542747220141,0.116634127505183,10,1.5,0.25,25,50,1,1,0.999525350509341,796.293995798576,0.00549132932454504,506.507455707814,10,1,0.263594726162776,0.05,NA,NA,NA,0.95,0
"nt","tl1.50_gl0.25_pr1.00_c25","model6",0.615775117170623,0.0998094079816655,10,1.5,0.25,25,50,1,1,0.99954346462421,753.478026325404,0.00539574055859917,486.179587711812,10,0.9,0.388079397954692,0.0499999999999999,NA,NA,NA,0.9,0.0499999999999999
"nt","tl1.50_gl0.25_pr1.00_c25","model7",0.620046638718934,0.107890341115142,10,1.5,0.25,25,50,1,1,0.999558572933549,745.862352108091,0.00525617714773239,507.957587832745,10,1,0.225037020572591,0.05,NA,NA,NA,1,0.05
"nt","tl1.50_gl0.25_pr1.00_c25","model8",0.617933685707057,0.102946473828952,10,1.5,0.25,25,50,1,1,0.999552675619431,774.179928351142,0.00534632921544483,496.704002771044,10,1,0.406696544125792,0.05,NA,NA,NA,1,0.05
"nt","tl1.50_gl0.25_pr1.00_c25","model9",0.62036532047121,0.104832408471416,10,1.5,0.25,25,50,1,1,0.999645993000106,756.875198112881,0.00466101132473276,514.791861672638,10,1,0.114042937222932,0.05,NA,NA,NA,1,0.05
"nt","tl1.50_gl0.25_pr1.00_c50","model1",0.446523246859653,0.0444147453507361,10,1.5,0.25,50,50,1,1,0.999365182501237,750.890408260456,0.00619147980298556,371.797688204888,10,0.5,2.45423730509593,0.45,NA,NA,NA,0.5,0.45
"nt","tl1.50_gl0.25_pr1.00_c50","model10",0.438866873779149,0.0474340616095958,10,1.5,0.25,50,50,1,1,0.999542154276431,821.93272228026,0.00519563766422384,515.184937727592,10,0.7,4.03717897878309,0.25,NA,NA,NA,0.75,0.2
"nt","tl1.50_gl0.25_pr1.00_c50","model11",0.419715846455757,0.0649528455718285,10,1.5,0.25,50,50,1,1,0.999401315094304,692.288687858451,0.00618179406932297,274.438656723156,10,0.5,1.41189915831757,0.45,NA,NA,NA,0.5,0.45
"nt","tl1.50_gl0.25_pr1.00_c50","model12",0.442923728769886,0.0440308467121704,10,1.5,0.25,50,50,1,1,0.999676350005965,624.255159692616,0.00448517487664996,346.038212511559,10,0.1,0.774920491634596,0.85,NA,NA,NA,0.1,0.85
"nt","tl1.50_gl0.25_pr1.00_c50","model2",0.440484353485132,0.0400460099149459,10,1.5,0.25,50,50,1,1,0.999378530545494,764.843489038951,0.00609935862367997,475.899085184745,10,0.5,7.27723562639907,0.45,NA,NA,NA,0.5,0.45
"nt","tl1.50_gl0.25_pr1.00_c50","model3",0.449328102271494,0.0538052767925737,10,1.5,0.25,50,50,1,1,0.999440162810016,782.803624197628,0.00582415447791008,424.459793844798,10,0.5,2.39081656888672,0.45,0.1,4.77440068433141,0.85,0.3,0.65
"nt","tl1.50_gl0.25_pr1.00_c50","model4",0.446647116431918,0.0496723369025019,10,1.5,0.25,50,50,1,1,0.999341281577083,756.748279163821,0.00660450647650309,420.876780591768,10,0.6,1.5214873045989,0.35,NA,NA,NA,0.6,0.35
"nt","tl1.50_gl0.25_pr1.00_c50","model5",0.44386595024138,0.0599839720019171,10,1.5,0.25,50,50,1,1,0.999496684038,806.889340373902,0.00539683609512111,446.660196221738,10,0.7,1.18054222303577,0.25,NA,NA,NA,0.75,0.2
"nt","tl1.50_gl0.25_pr1.00_c50","model6",0.439285879320332,0.0406202480516019,10,1.5,0.25,50,50,1,1,0.999391282147018,759.201018232783,0.00609017711883698,385.008108517066,10,0.6,3.34303928906912,0.35,NA,NA,NA,0.6,0.35
"nt","tl1.50_gl0.25_pr1.00_c50","model7",0.439230122611382,0.03919587777741,10,1.5,0.25,50,50,1,1,0.999504057367148,793.387815425086,0.00560398262920798,499.874928615387,10,0.8,2.37124711174872,0.15,NA,NA,NA,0.85,0.0999999999999999
"nt","tl1.50_gl0.25_pr1.00_c50","model8",0.439290138331534,0.0446882978429771,10,1.5,0.25,50,50,1,1,0.999426963341093,812.841446375274,0.00599796601305341,451.845399145012,10,0.7,4.66106698218375,0.25,NA,NA,NA,0.8,0.15
"nt","tl1.50_gl0.25_pr1.00_c50","model9",0.430902193805183,0.0353297942369858,9,1.5,0.25,50,50,1,0.9,0.999726202489031,627.205486138223,0.00394868631872961,572.212625597553,10,1,0.101368797020893,0.05,NA,NA,NA,1,0.05
"nt","tl1.50_gl0.25_pr2.50_c100","model1",0.269528982278417,0.0716244452998674,10,1.5,0.25,100,50,2.5,1,0.999171197378615,748.427894148323,0.00733894466891015,394.556805059458,10,0.2,1.58602991937484,0.75,NA,NA,NA,0.2,0.75
"nt","tl1.50_gl0.25_pr2.50_c100","model10",0.261573572780735,0.102330844575209,10,1.5,0.25,100,50,2.5,1,0.999506116254718,792.658223730713,0.00530567813819265,521.192263480008,10,0.6,4.55722804883398,0.35,NA,NA,NA,0.75,0.2
"nt","tl1.50_gl0.25_pr2.50_c100","model11",0.238393226905391,0.073035291995781,10,1.5,0.25,100,50,2.5,1,0.999268338478069,746.144691838564,0.00768340457653473,323.205666604481,10,0.4,1.01399411651322,0.55,NA,NA,NA,0.4,0.55
"nt","tl1.50_gl0.25_pr2.50_c100","model12",0.267316525053126,0.0827647483757784,8,1.5,0.25,100,50,2.5,0.8,0.999670894435698,538.734435946377,0.00508784754085271,399.125434307122,10,0,0.904826247864706,0.95,NA,NA,NA,0,0.95
"nt","tl1.50_gl0.25_pr2.50_c100","model2",0.263174197671797,0.0808978693292082,10,1.5,0.25,100,50,2.5,1,0.99927173591661,755.861981595654,0.00672528019568205,481.710581886873,10,0.4,7.87140557666682,0.55,NA,NA,NA,0.4,0.55
"nt","tl1.50_gl0.25_pr2.50_c100","model3",0.266699993708087,0.0726143625454733,10,1.5,0.25,100,50,2.5,1,0.999248288801315,736.29236383887,0.00712172746513272,374.166726167914,10,0.4,1.56999435440396,0.55,0,6.20406930949755,0.95,0.2,0.75
"nt","tl1.50_gl0.25_pr2.50_c100","model4",0.272352866044688,0.0749320449149605,10,1.5,0.25,100,50,2.5,1,0.999381927072404,735.931355535696,0.0061675257032266,447.517810910063,10,0.6,0.603789305764892,0.35,NA,NA,NA,0.6,0.35
"nt","tl1.50_gl0.25_pr2.50_c100","model5",0.26044783712643,0.0893066777525626,10,1.5,0.25,100,50,2.5,1,0.999517065410223,735.24509784196,0.00530783761883264,490.787146623947,10,0.6,0.692561278188958,0.35,NA,NA,NA,0.6,0.35
"nt","tl1.50_gl0.25_pr2.50_c100","model6",0.258632242599408,0.0861433028741814,10,1.5,0.25,100,50,2.5,1,0.999334091078406,707.492170318151,0.00636770941664007,486.654812531014,10,0.6,2.56806789713419,0.35,NA,NA,NA,0.6,0.35
"nt","tl1.50_gl0.25_pr2.50_c100","model7",0.259560308236596,0.100540621390833,10,1.5,0.25,100,50,2.5,1,0.999521830147279,696.740396237316,0.00527051791185426,525.328891105865,10,0.5,2.00505606503015,0.45,NA,NA,NA,0.75,0.2
"nt","tl1.50_gl0.25_pr2.50_c100","model8",0.26158473964781,0.105260810330619,10,1.5,0.25,100,50,2.5,1,0.999473085157736,776.502368446339,0.00562210904566533,514.825009443178,10,0.7,4.8372824621536,0.25,NA,NA,NA,0.85,0.1
"nt","tl1.50_gl0.25_pr2.50_c100","model9",0.287241380852138,0.113698210322035,8,1.5,0.25,100,50,2.5,0.8,0.999793807427217,562.181288707171,0.00523948510755276,547.550727432675,10,0.8,0.259679054911137,0.15,NA,NA,NA,0.875,0.075
"nt","tl1.50_gl0.25_pr2.50_c200","model1",0.208218794613141,0.0460121455464885,10,1.5,0.25,200,50,2.5,1,0.999175042167399,704.802194802136,0.00796103213069794,475.138334182474,10,0.1,1.80395227102965,0.85,NA,NA,NA,0.1,0.85
"nt","tl1.50_gl0.25_pr2.50_c200","model10",0.19356205495638,0.0522801358234146,10,1.5,0.25,200,50,2.5,1,0.999496288756622,743.132362627657,0.0060536096978006,511.550919669002,10,0.4,7.44267381218453,0.55,NA,NA,NA,0.6,0.35
"nt","tl1.50_gl0.25_pr2.50_c200","model11",0.189249933224851,0.0529120955743037,10,1.5,0.25,200,50,2.5,1,0.999254129265856,712.16086228017,0.00850348639871998,349.989371403585,10,0.5,1.24401883797897,0.45,NA,NA,NA,0.5,0.45
"nt","tl1.50_gl0.25_pr2.50_c200","model2",0.193941331431292,0.0386741943690333,10,1.5,0.25,200,50,2.5,1,0.999334478982901,761.417188014606,0.00703017687838071,526.863251192266,10,0.5,19.0631514418869,0.45,NA,NA,NA,0.5,0.45
"nt","tl1.50_gl0.25_pr2.50_c200","model3",0.206752278387604,0.0367631348940272,10,1.5,0.25,200,50,2.5,1,0.999237063719615,802.419951487002,0.00756577060596887,419.391862715781,10,0.5,1.77115111532921,0.45,0,6.59633057850128,0.95,0.25,0.7
"nt","tl1.50_gl0.25_pr2.50_c200","model4",0.202926303427961,0.0411161791705802,10,1.5,0.25,200,50,2.5,1,0.999395250598267,764.580542008736,0.00676576919988608,515.867901898603,10,0.6,0.357438384294673,0.35,NA,NA,NA,0.6,0.35
"nt","tl1.50_gl0.25_pr2.50_c200","model5",0.20166663257984,0.0388485243735507,10,1.5,0.25,200,50,2.5,1,0.999530257368814,725.693784401084,0.00577464834798232,465.581203251509,10,0.3,0.501112246085147,0.65,NA,NA,NA,0.45,0.5
"nt","tl1.50_gl0.25_pr2.50_c200","model6",0.195210578493234,0.0414225691294497,10,1.5,0.25,200,50,2.5,1,0.999415609207366,730.990784928544,0.00653606861940399,535.98427757616,10,0.6,2.47340594171196,0.35,NA,NA,NA,0.6,0.35
"nt","tl1.50_gl0.25_pr2.50_c200","model7",0.192055459354372,0.0381881693482268,8,1.5,0.25,200,50,2.5,0.8,0.999572764727349,660.347359032015,0.0055042354774021,535.883186888397,10,0.2,1.97959050091492,0.75,0,9.38920009366003,0.95,0.375,0.575
"nt","tl1.50_gl0.25_pr2.50_c200","model8",0.191293664889503,0.0487755372070964,10,1.5,0.25,200,50,2.5,1,0.999532079534083,711.771079913726,0.00603484817167186,489.92580814983,10,0.3,7.25214024807806,0.65,NA,NA,NA,0.6,0.35
"nt","tl1.50_gl0.25_pr2.50_c200","model9",0.200669864252185,0.0345162868211115,5,1.5,0.25,200,50,2.5,0.5,0.999777874819344,384.634152013192,0.00383027300524104,628.86789691449,10,0.5,0.352749877756114,0.45,0,9.1751245001962,0.95,0.5,0.45
"nt","tl1.50_gl0.25_pr2.50_c25","model1",0.5520943819963,0.0771904408275699,10,1.5,0.25,25,50,2.5,1,0.999435237695328,750.035354131552,0.00597856836001184,489.344215432515,10,0.6,1.02363904005258,0.35,NA,NA,NA,0.6,0.35
"nt","tl1.50_gl0.25_pr2.50_c25","model10",0.549945074732347,0.0777843174711925,10,1.5,0.25,25,50,2.5,1,0.999525795927156,794.062293537315,0.00556894373348561,525.264888082514,10,1,0.442495670359643,0.05,NA,NA,NA,0.9,0.0499999999999999
"nt","tl1.50_gl0.25_pr2.50_c25","model11",0.502604389762668,0.0613639338737258,10,1.5,0.25,25,50,2.5,1,0.999479052057925,765.578247401813,0.0056910036506146,336.991001820678,10,0.9,0.422406019442382,0.0499999999999999,NA,NA,NA,0.9,0.0499999999999999
"nt","tl1.50_gl0.25_pr2.50_c25","model12",0.543616101700667,0.0762816857259724,10,1.5,0.25,25,50,2.5,1,0.999657055598555,732.911961189776,0.00458138873593199,425.133704950459,10,0.1,0.710656665780556,0.85,NA,NA,NA,0.1,0.85
"nt","tl1.50_gl0.25_pr2.50_c25","model2",0.552248078168237,0.0752417062849144,10,1.5,0.25,25,50,2.5,1,0.999487300411358,735.809840534973,0.00569050191254997,487.584756623191,10,0.7,2.29903435575244,0.25,NA,NA,NA,0.7,0.25
"nt","tl1.50_gl0.25_pr2.50_c25","model3",0.575555760493514,0.0760640316065542,9,1.5,0.25,25,50,2.5,0.9,0.999483222244225,782.623180621967,0.00546827453931981,419.848187653957,10,0.7,0.97393788249888,0.25,0.1,5.00763230917532,0.85,0.388888888888889,0.561111111111111
"nt","tl1.50_gl0.25_pr2.50_c25","model4",0.553749062212272,0.0740731113135618,10,1.5,0.25,25,50,2.5,1,0.99948757568934,744.364696523678,0.00568110038624977,431.530166529807,10,0.9,0.235490366228042,0.0499999999999999,NA,NA,NA,0.9,0.0499999999999999
"nt","tl1.50_gl0.25_pr2.50_c25","model5",0.554323628367301,0.07531416507585,10,1.5,0.25,25,50,2.5,1,0.999556392324243,773.260244241128,0.00535051833152701,518.062346493661,10,1,0.211148953080361,0.05,NA,NA,NA,0.95,0
"nt","tl1.50_gl0.25_pr2.50_c25","model6",0.551984143565379,0.0739409973043387,10,1.5,0.25,25,50,2.5,1,0.999518925763405,849.567354402422,0.00541667078286772,484.463286495393,10,0.9,0.411545807002822,0.0499999999999999,NA,NA,NA,0.9,0.0499999999999999
"nt","tl1.50_gl0.25_pr2.50_c25","model7",0.551256391143322,0.0751341432813607,10,1.5,0.25,25,50,2.5,1,0.999524168285349,770.016311351349,0.00551594481797145,512.882057462386,10,1,0.360758443096827,0.05,NA,NA,NA,0.95,0
"nt","tl1.50_gl0.25_pr2.50_c25","model8",0.551198499242167,0.0764275416119767,10,1.5,0.25,25,50,2.5,1,0.999498132978795,812.718843266433,0.00553589159026196,504.630555268017,10,0.9,0.497310760392734,0.0499999999999999,NA,NA,NA,0.9,0.0499999999999999
"nt","tl1.50_gl0.25_pr2.50_c25","model9",0.552067251257114,0.0764470035149561,10,1.5,0.25,25,50,2.5,1,0.999541512583633,714.075433425551,0.00531842449365319,517.509474000433,10,1,0.191157447333857,0.05,NA,NA,NA,0.95,0
"nt","tl1.50_gl0.25_pr2.50_c50","model1",0.440280798198528,0.0558368388668843,10,1.5,0.25,50,50,2.5,1,0.999381260464521,750.510475741944,0.0060753359308977,374.935777133543,10,0.4,1.55550789921698,0.55,NA,NA,NA,0.4,0.55
"nt","tl1.50_gl0.25_pr2.50_c50","model10",0.423471051224769,0.0607059987137588,10,1.5,0.25,50,50,2.5,1,0.999563464609673,828.76363737036,0.00508746642921545,499.666296992121,10,0.8,2.28371632798671,0.15,NA,NA,NA,0.9,0.0499999999999999
"nt","tl1.50_gl0.25_pr2.50_c50","model11",0.412579233152714,0.0469826373373686,10,1.5,0.25,50,50,2.5,1,0.999291376054382,713.057129680434,0.00684521499547537,255.546841268344,10,0.4,0.882595142399066,0.55,NA,NA,NA,0.4,0.55
"nt","tl1.50_gl0.25_pr2.50_c50","model12",0.431550619632783,0.0592452500956104,10,1.5,0.25,50,50,2.5,1,0.999714842695644,615.131396221878,0.00413872483094119,418.581731500263,10,0,0.815605283165238,0.95,NA,NA,NA,0,0.95
"nt","tl1.50_gl0.25_pr2.50_c50","model2",0.423294376296111,0.0505770850610015,10,1.5,0.25,50,50,2.5,1,0.999416258156771,868.817143988649,0.00583820098938284,419.42584197958,10,0.4,5.84030795139218,0.55,NA,NA,NA,0.4,0.55
"nt","tl1.50_gl0.25_pr2.50_c50","model3",0.430937262691881,0.0540499461932614,10,1.5,0.25,50,50,2.5,1,0.999389040989033,732.378190218177,0.00596049626437528,353.212313717019,10,0.4,1.42690567433685,0.55,0.1,5.83256196920272,0.85,0.25,0.7
"nt","tl1.50_gl0.25_pr2.50_c50","model4",0.444639112973078,0.0540815499115428,10,1.5,0.25,50,50,2.5,1,0.99942877412479,779.994235243651,0.00575889995843643,418.83827285933,10,0.7,0.399284442822509,0.25,NA,NA,NA,0.7,0.25
"nt","tl1.50_gl0.25_pr2.50_c50","model5",0.426392684456679,0.0577998396297418,10,1.5,0.25,50,50,2.5,1,0.999574876393056,818.293205137002,0.00497617365427661,483.981499780677,10,0.8,0.416889251416601,0.15,NA,NA,NA,0.7,0.25
"nt","tl1.50_gl0.25_pr2.50_c50","model6",0.424826099605723,0.0502442274746017,10,1.5,0.25,50,50,2.5,1,0.999414524523187,790.187367755817,0.00594035091690722,436.604406763963,10,0.7,1.33397038641462,0.25,NA,NA,NA,0.7,0.25
"nt","tl1.50_gl0.25_pr2.50_c50","model7",0.421342382225295,0.060504212972932,10,1.5,0.25,50,50,2.5,1,0.999545341120697,862.846684727047,0.00508432759424378,473.983048242014,10,0.6,1.26992378060688,0.35,NA,NA,NA,0.8,0.15
"nt","tl1.50_gl0.25_pr2.50_c50","model8",0.419710551118046,0.0674316909141893,10,1.5,0.25,50,50,2.5,1,0.999543285307568,788.721808480889,0.00519491234138313,542.234662210271,10,0.8,2.57815685197841,0.15,NA,NA,NA,0.9,0.0499999999999999
"nt","tl1.50_gl0.25_pr2.50_c50","model9",0.418907243379418,0.0505652730767345,8,1.5,0.25,50,50,2.5,0.8,0.999713270263851,603.626616787892,0.00383438550574996,554.949898201257,10,0.8,0.266711171031659,0.15,NA,NA,NA,0.875,0.075
"nt","tl1.50_gl0.25_pr5.00_c100","model1",0.293989750513464,0.0675903361453896,10,1.5,0.25,100,50,5,1,0.999261391548553,774.062654899674,0.00700929204231271,434.618258545659,10,0.4,1.22701014571315,0.55,NA,NA,NA,0.4,0.55
"nt","tl1.50_gl0.25_pr5.00_c100","model10",0.28790591344474,0.0630058392035678,10,1.5,0.25,100,50,5,1,0.999558100623047,759.36538874184,0.005131953239159,521.131078977435,10,0.2,2.80526483336757,0.75,NA,NA,NA,0.6,0.35
"nt","tl1.50_gl0.25_pr5.00_c100","model11",0.268933711411696,0.080008105893886,10,1.5,0.25,100,50,5,1,0.999248248570359,708.755763861713,0.00801453453813566,285.939956353294,10,0.4,0.771624492824633,0.55,NA,NA,NA,0.4,0.55
"nt","tl1.50_gl0.25_pr5.00_c100","model12",0.291077091486594,0.0552895434106719,8,1.5,0.25,100,50,5,0.8,0.999675851695016,477.005714338968,0.0049803205709758,501.805043156103,10,0,0.940269755179335,0.95,NA,NA,NA,0,0.95
"nt","tl1.50_gl0.25_pr5.00_c100","model2",0.275520896975933,0.0670060009128609,10,1.5,0.25,100,50,5,1,0.999321916572302,801.679308061821,0.00660456262058415,533.410812585361,10,0.4,10.2640715837655,0.55,NA,NA,NA,0.4,0.55
"nt","tl1.50_gl0.25_pr5.00_c100","model3",0.290952891424505,0.0717499106350578,10,1.5,0.25,100,50,5,1,0.999155635049691,751.436411167262,0.00768499017322062,445.131606026193,10,0.4,1.16778962896452,0.55,0,6.76220863347153,0.95,0.2,0.75
"nt","tl1.50_gl0.25_pr5.00_c100","model4",0.287650072214349,0.0520537869998428,10,1.5,0.25,100,50,5,1,0.999527075754051,764.334354478819,0.00539622814400495,489.190881576052,10,0.3,0.462210058564085,0.65,NA,NA,NA,0.3,0.65
"nt","tl1.50_gl0.25_pr5.00_c100","model5",0.289613671773447,0.0561615901165178,10,1.5,0.25,100,50,5,1,0.999651337706633,777.991614997135,0.00471572447602211,493.991887918326,10,0.2,0.558049070662894,0.75,NA,NA,NA,0.45,0.5
"nt","tl1.50_gl0.25_pr5.00_c100","model6",0.273431793376628,0.0533530827153805,10,1.5,0.25,100,50,5,1,0.999469730164791,748.037411145633,0.00600186602914687,488.216348565535,10,0.3,1.85503164124216,0.65,NA,NA,NA,0.3,0.65
"nt","tl1.50_gl0.25_pr5.00_c100","model7",0.291890522069062,0.0458088400796943,8,1.5,0.25,100,50,5,0.8,0.999565927146164,632.292591022936,0.0051393750890244,538.365813301995,10,0.3,1.3943571005639,0.65,0,8.82915133591161,0.95,0.5625,0.3875
"nt","tl1.50_gl0.25_pr5.00_c100","model8",0.286941735832602,0.0622665601686344,10,1.5,0.25,100,50,5,1,0.999590921790319,839.80687042594,0.00515103304336619,545.72035712824,10,0.1,2.8733640577198,0.85,NA,NA,NA,0.55,0.4
"nt","tl1.50_gl0.25_pr5.00_c100","model9",0.283211048428101,0.0485673034595394,7,1.5,0.25,100,50,5,0.7,0.999752382014551,535.37024068726,0.00389538646999892,524.171502279426,10,0.4,0.585206604428323,0.55,0,8.53125424048145,0.95,0.571428571428571,0.378571428571429
"nt","tl1.50_gl0.25_pr5.00_c200","model1",0.197642811761751,0.0712213165705151,10,1.5,0.25,200,50,5,1,0.999270130488478,773.616214071138,0.00721708639980716,456.928327908314,10,0.1,2.00948095518697,0.85,NA,NA,NA,0.1,0.85
"nt","tl1.50_gl0.25_pr5.00_c200","model10",0.190382711644315,0.0641243826174872,10,1.5,0.25,200,50,5,1,0.999635232985866,734.931694478978,0.00502402930124213,543.971481448297,10,0,4.84822502742921,0.95,NA,NA,NA,0.45,0.5
"nt","tl1.50_gl0.25_pr5.00_c200","model11",0.172188150565992,0.0918756318175224,10,1.5,0.25,200,50,5,1,0.999143326312637,721.397286765595,0.00996269917584314,327.599758671611,10,0.3,1.36255484287094,0.65,NA,NA,NA,0.3,0.65
"nt","tl1.50_gl0.25_pr5.00_c200","model2",0.183460374357735,0.0597117093713166,10,1.5,0.25,200,50,5,1,0.999319236344261,724.463471346378,0.00711328125677488,492.0157926279,10,0.5,29.0927577933369,0.45,NA,NA,NA,0.5,0.45
"nt","tl1.50_gl0.25_pr5.00_c200","model3",0.204992450727286,0.0779130710273863,10,1.5,0.25,200,50,5,1,0.999220808490649,748.863257098061,0.0080667763906574,436.628371340443,10,0.2,2.0209203897179,0.75,0,6.6867920555082,0.95,0.1,0.85
"nt","tl1.50_gl0.25_pr5.00_c200","model4",0.187454628061756,0.0599491392765488,10,1.5,0.25,200,50,5,1,0.999581774025416,748.730690548257,0.00558812906214443,560.398775759179,10,0.1,0.462664749083629,0.85,NA,NA,NA,0.1,0.85
"nt","tl1.50_gl0.25_pr5.00_c200","model5",0.191238394307634,0.0691650058783057,10,1.5,0.25,200,50,5,1,0.999722128616491,728.920982333632,0.00444609607390747,522.890830360486,10,0.1,0.672080337447551,0.85,NA,NA,NA,0.35,0.6
"nt","tl1.50_gl0.25_pr5.00_c200","model6",0.180659289057381,0.0505338674610738,10,1.5,0.25,200,50,5,1,0.999430647546858,696.121442559487,0.00651788959200964,515.126216698104,10,0,1.68648445172881,0.95,NA,NA,NA,0,0.95
"nt","tl1.50_gl0.25_pr5.00_c200","model7",0.194455971115958,0.0483231442181437,8,1.5,0.25,200,50,5,0.8,0.999607930568365,565.573278985046,0.00520275972469763,555.263281822007,10,0.2,1.90230221931571,0.75,0,9.5703948665087,0.95,0.4375,0.5125
"nt","tl1.50_gl0.25_pr5.00_c200","model8",0.187522483753302,0.0644178659424696,10,1.5,0.25,200,50,5,1,0.999611123092904,767.883978295877,0.00525903875200196,559.293495748887,10,0,5.0092949839347,0.95,NA,NA,NA,0.4,0.55
"nt","tl1.50_gl0.25_pr5.00_c200","model9",0.153544896853788,0.0481067338493805,5,1.5,0.25,200,50,5,0.5,0.999769433441922,421.0995594499,0.00389192545381334,575.348646863617,10,0.2,0.67661833720671,0.75,0,9.32703986493889,0.95,0.3,0.65
"nt","tl1.50_gl0.25_pr5.00_c25","model1",0.541664148685218,0.12008848798649,10,1.5,0.25,25,50,5,1,0.999432310588017,735.132778133171,0.00603192151029454,462.184662686279,10,0.7,0.629598810791808,0.25,NA,NA,NA,0.7,0.25
"nt","tl1.50_gl0.25_pr5.00_c25","model10",0.532883645206533,0.101896075213792,10,1.5,0.25,25,50,5,1,0.99957717860475,840.170012710537,0.00511480479290283,535.994983499815,10,1,0.209454047349265,0.05,NA,NA,NA,0.9,0.0499999999999999
"nt","tl1.50_gl0.25_pr5.00_c25","model11",0.503179253721919,0.106444724849096,10,1.5,0.25,25,50,5,1,0.999436832189197,716.731959663389,0.00603479648214756,344.548362796906,10,0.7,0.266777897106454,0.25,NA,NA,NA,0.7,0.25
"nt","tl1.50_gl0.25_pr5.00_c25","model12",0.534138863137771,0.115627682042415,10,1.5,0.25,25,50,5,1,0.999591394769126,808.944463242351,0.00491089284309082,406.142504489146,10,0.1,0.740996079045432,0.85,NA,NA,NA,0.1,0.85
"nt","tl1.50_gl0.25_pr5.00_c25","model2",0.537800332616153,0.111840722195252,10,1.5,0.25,25,50,5,1,0.999488945024083,727.475287586122,0.00572473508554397,488.125639321348,10,0.7,1.50221281884459,0.25,NA,NA,NA,0.7,0.25
"nt","tl1.50_gl0.25_pr5.00_c25","model3",0.542342128429401,0.0979549486377962,10,1.5,0.25,25,50,5,1,0.999519436284875,779.510813818516,0.0055521751857574,484.830810920875,10,0.8,0.471887570783088,0.15,0.2,6.28673785175255,0.75,0.5,0.45
"nt","tl1.50_gl0.25_pr5.00_c25","model4",0.532051716017792,0.103285327093975,10,1.5,0.25,25,50,5,1,0.999497730585777,794.794648711981,0.00560898911305068,461.185283631316,10,0.9,0.13682645745888,0.0499999999999999,NA,NA,NA,0.9,0.0499999999999999
"nt","tl1.50_gl0.25_pr5.00_c25","model5",0.536796432100381,0.0936751273547579,10,1.5,0.25,25,50,5,1,0.9995355108089,780.778118680195,0.00544480350813525,484.80356564704,10,0.9,0.17130352028478,0.0499999999999999,NA,NA,NA,0.75,0.2
"nt","tl1.50_gl0.25_pr5.00_c25","model6",0.530291254041958,0.0998674363917049,10,1.5,0.25,25,50,5,1,0.999508807864506,783.732712555647,0.00552497279134126,516.120167911075,10,1,0.180978971696877,0.05,NA,NA,NA,1,0.05
"nt","tl1.50_gl0.25_pr5.00_c25","model7",0.538193559454533,0.103376719588757,10,1.5,0.25,25,50,5,1,0.999573002051033,824.5638566689,0.00519964266248645,517.670315620349,10,0.8,0.26481717768426,0.15,NA,NA,NA,0.75,0.2
"nt","tl1.50_gl0.25_pr5.00_c25","model8",0.535404065217115,0.0985092085847021,10,1.5,0.25,25,50,5,1,0.999517584207066,741.275992482361,0.00545941111549985,489.277197962509,10,1,0.226115975356964,0.05,NA,NA,NA,0.85,0.1
"nt","tl1.50_gl0.25_pr5.00_c25","model9",0.536197414154226,0.10100821144835,9,1.5,0.25,25,50,5,0.9,0.999574042508205,700.329148147856,0.00508533135587289,520.332428571104,10,0.9,0.257309612857586,0.0499999999999999,NA,NA,NA,0.833333333333333,0.116666666666667
"nt","tl1.50_gl0.25_pr5.00_c50","model1",0.451391679158686,0.0921534618483555,10,1.5,0.25,50,50,5,1,0.9993486531817,703.876758302074,0.00626819037705891,349.144206537963,10,0.4,1.66168495409149,0.55,NA,NA,NA,0.4,0.55
"nt","tl1.50_gl0.25_pr5.00_c50","model10",0.466220143446878,0.0874090573521639,10,1.5,0.25,50,50,5,1,0.99953345941408,752.674379662801,0.00537357780738987,471.698818198709,10,0.5,1.19499097371536,0.45,NA,NA,NA,0.55,0.4
"nt","tl1.50_gl0.25_pr5.00_c50","model11",0.423886643972123,0.139545266180957,10,1.5,0.25,50,50,5,1,0.999358292178989,695.413789311021,0.00660109749007128,265.45783575351,10,0.5,0.894006751623099,0.45,NA,NA,NA,0.5,0.45
"nt","tl1.50_gl0.25_pr5.00_c50","model12",0.443115172430535,0.102445829442212,10,1.5,0.25,50,50,5,1,0.999690099786935,597.940669796802,0.00421708242433988,374.338420304196,10,0,0.812494324568153,0.95,NA,NA,NA,0,0.95
"nt","tl1.50_gl0.25_pr5.00_c50","model2",0.459740427339739,0.0918820726193724,10,1.5,0.25,50,50,5,1,0.999361059523056,751.118391167251,0.00625761788123276,443.653269911673,10,0.5,11.9449123382716,0.45,NA,NA,NA,0.5,0.45
"nt","tl1.50_gl0.25_pr5.00_c50","model3",0.45939665317498,0.0885438327521824,10,1.5,0.25,50,50,5,1,0.999328474187356,724.762189479204,0.00640621859257891,410.602766510572,10,0.4,1.58385400461728,0.55,0,6.74119336189807,0.95,0.2,0.75
"nt","tl1.50_gl0.25_pr5.00_c50","model4",0.460359608622908,0.0968220341943056,10,1.5,0.25,50,50,5,1,0.999541466880502,810.996077741588,0.00521058186715743,496.169382884541,10,0.6,0.308504405482344,0.35,NA,NA,NA,0.6,0.35
"nt","tl1.50_gl0.25_pr5.00_c50","model5",0.460296303496561,0.0931958393472752,10,1.5,0.25,50,50,5,1,0.999555673634868,733.459203496777,0.00518813154757264,468.729961757065,10,0.5,0.350474392412198,0.45,NA,NA,NA,0.55,0.4
"nt","tl1.50_gl0.25_pr5.00_c50","model6",0.463473360134139,0.0825531131615013,10,1.5,0.25,50,50,5,1,0.999591735775042,769.12930161615,0.00491074316961307,501.773066220655,10,0.6,1.07270322701287,0.35,NA,NA,NA,0.6,0.35
"nt","tl1.50_gl0.25_pr5.00_c50","model7",0.460404982784652,0.0918922220424331,10,1.5,0.25,50,50,5,1,0.999511716804696,709.936451361483,0.00530953004089281,484.344550531461,10,0.4,0.729321860882361,0.55,NA,NA,NA,0.5,0.45
"nt","tl1.50_gl0.25_pr5.00_c50","model8",0.466721651343173,0.0891317732202746,10,1.5,0.25,50,50,5,1,0.999541547687227,772.52544377704,0.00521746293732493,489.876897216353,10,0.5,1.29941152928558,0.45,NA,NA,NA,0.55,0.4
"nt","tl1.50_gl0.25_pr5.00_c50","model9",0.446192956531722,0.105345636392473,8,1.5,0.25,50,50,5,0.8,0.999697369454736,580.272332178437,0.00397357049276307,563.245714725008,10,0.6,0.417827762323753,0.35,NA,NA,NA,0.5625,0.3875
"nt","tl1.50_gl0.50_pr1.00_c100","model1",0.262419255622169,0.0936139763745298,10,1.5,0.5,100,50,1,1,0.999138328820155,722.784019775352,0.00742742172155313,452.28041734098,10,0.5,2.44695284048399,0.45,NA,NA,NA,0.5,0.45
"nt","tl1.50_gl0.50_pr1.00_c100","model10",0.260458887915866,0.0535510423971156,10,1.5,0.5,100,50,1,1,0.999306441685687,805.639679034089,0.00681628256406353,475.443434269943,10,0.5,16.275388885322,0.45,NA,NA,NA,0.75,0.2
"nt","tl1.50_gl0.50_pr1.00_c100","model11",0.242559025778825,0.0910993859568397,10,1.5,0.5,100,50,1,1,0.999198865566068,717.73279657997,0.00824237443729348,337.478364169914,10,0.5,1.61511046374526,0.45,NA,NA,NA,0.5,0.45
"nt","tl1.50_gl0.50_pr1.00_c100","model12",0.247481006866678,0.0464013713303798,8,1.5,0.5,100,50,1,0.8,0.99967103253482,452.262003515258,0.00467162840767906,465.220871200867,10,0,0.926289115424415,0.95,NA,NA,NA,0,0.95
"nt","tl1.50_gl0.50_pr1.00_c100","model2",0.264293115531023,0.042948826228707,10,1.5,0.5,100,50,1,1,0.999369795282662,749.903937753177,0.00631419210987148,493.471794409711,10,0.5,15.5066318344429,0.45,NA,NA,NA,0.5,0.45
"nt","tl1.50_gl0.50_pr1.00_c100","model3",0.261575802067878,0.0887211437891437,10,1.5,0.5,100,50,1,1,0.999299665440262,765.759410717028,0.00661124828332274,428.687671955969,10,0.5,2.37197450683152,0.45,0.3,0.494565923711949,0.65,0.4,0.55
"nt","tl1.50_gl0.50_pr1.00_c100","model4",0.2621902381908,0.0947629524450133,10,1.5,0.5,100,50,1,1,0.99927337298379,770.05674513999,0.00688603629089891,432.477483884564,10,0.4,2.48894144680902,0.55,NA,NA,NA,0.4,0.55
"nt","tl1.50_gl0.50_pr1.00_c100","model5",0.258945195315888,0.0926575897622403,10,1.5,0.5,100,50,1,1,0.999350083240871,811.452065826824,0.00641762202067039,445.854068451591,10,0.5,1.9876745449471,0.45,NA,NA,NA,0.6,0.35
"nt","tl1.50_gl0.50_pr1.00_c100","model6",0.262649357392445,0.0494054446492066,10,1.5,0.5,100,50,1,1,0.999376740675139,775.513725033768,0.0063728640349097,512.187096632432,10,0.5,10.6049122661852,0.45,NA,NA,NA,0.5,0.45
"nt","tl1.50_gl0.50_pr1.00_c100","model7",0.259368164468619,0.0490309288642144,10,1.5,0.5,100,50,1,1,0.999474764600615,779.239974869966,0.00567106847892721,549.311160068987,10,0.6,7.71868165070478,0.35,NA,NA,NA,0.8,0.15
"nt","tl1.50_gl0.50_pr1.00_c100","model8",0.26067282809395,0.0549519484732731,10,1.5,0.5,100,50,1,1,0.999386419292076,783.075013327954,0.00616612944438465,493.57949501468,10,0.5,16.4220487729137,0.45,NA,NA,NA,0.75,0.2
"nt","tl1.50_gl0.50_pr1.00_c100","model9",0.257881678868872,0.0576458617500126,9,1.5,0.5,100,50,1,0.9,0.99975881439011,533.266362325461,0.00357357790233645,522.981536061007,10,1,0.172609446487217,0.05,NA,NA,NA,1,0.05
"nt","tl1.50_gl0.50_pr1.00_c200","model1",0.168703069484782,0.0646839393506844,10,1.5,0.5,200,50,1,1,0.999243762386463,736.65295672372,0.00776544869732203,457.132378312004,10,0.5,2.20417249289209,0.45,NA,NA,NA,0.5,0.45
"nt","tl1.50_gl0.50_pr1.00_c200","model10",0.167790845923754,0.0408780330391411,10,1.5,0.5,200,50,1,1,0.999374100149153,808.56413928781,0.00689786587893941,503.713744626435,10,0.5,18.6142196364188,0.45,NA,NA,NA,0.65,0.3
"nt","tl1.50_gl0.50_pr1.00_c200","model11",0.151983432647214,0.0555641032035203,10,1.5,0.5,200,50,1,1,0.999149916291831,680.141162048178,0.0102552464860242,449.072497442556,10,0.5,1.52124896805165,0.45,NA,NA,NA,0.5,0.45
"nt","tl1.50_gl0.50_pr1.00_c200","model2",0.16804685988462,0.0409675225598269,10,1.5,0.5,200,50,1,1,0.999367544586553,848.647714597201,0.00773142649043956,515.835816510828,10,0.5,23.9615620430287,0.45,NA,NA,NA,0.5,0.45
"nt","tl1.50_gl0.50_pr1.00_c200","model3",0.172290994057134,0.0627909744663847,10,1.5,0.5,200,50,1,1,0.999255627403313,847.403693470019,0.00756567167307743,454.600889960935,10,0.5,2.20459357316777,0.45,0,0.51100810583912,0.95,0.25,0.7
"nt","tl1.50_gl0.50_pr1.00_c200","model4",0.169248983626328,0.0636907499842975,10,1.5,0.5,200,50,1,1,0.99928894482242,819.752148387399,0.00740565736251184,519.191043275408,10,0.4,1.48743833842847,0.55,NA,NA,NA,0.4,0.55
"nt","tl1.50_gl0.50_pr1.00_c200","model5",0.170494127592729,0.0622602328026617,10,1.5,0.5,200,50,1,1,0.999257458414406,745.474304140295,0.00772009784174733,469.540098400786,10,0.4,1.45449265860279,0.55,NA,NA,NA,0.45,0.5
"nt","tl1.50_gl0.50_pr1.00_c200","model6",0.172376113786183,0.0341044511771256,9,1.5,0.5,200,50,1,0.9,0.999341388333953,760.383393888979,0.00745652312558389,540.164608875186,10,0.5,11.172221325242,0.45,NA,NA,NA,0.444444444444444,0.505555555555556
"nt","tl1.50_gl0.50_pr1.00_c200","model7",0.168879394691735,0.0301336333994203,9,1.5,0.5,200,50,1,0.9,0.999515534180453,566.208162360731,0.00582132008368605,565.523614172062,10,0.7,7.83203017909338,0.25,0,0.808600877579929,0.95,0.555555555555556,0.394444444444444
"nt","tl1.50_gl0.50_pr1.00_c200","model8",0.169389212278934,0.0429759546373189,10,1.5,0.5,200,50,1,1,0.999355871990915,819.752823987322,0.00711133650597751,532.053269554771,10,0.5,18.1140357976129,0.45,NA,NA,NA,0.7,0.25
"nt","tl1.50_gl0.50_pr1.00_c200","model9",0.177011384926913,0.0466695870792823,5,1.5,0.5,200,50,1,0.5,0.999776783980477,400.36615666676,0.00401371352266502,618.25831732811,10,1,0.161443246861247,0.05,0.2,0.803594485959688,0.75,1,0.05
"nt","tl1.50_gl0.50_pr1.00_c25","model1",0.552896647744599,0.169696889389703,10,1.5,0.5,25,50,1,1,0.999444444906626,727.242265917132,0.00596340014866738,417.784666459266,10,0.5,2.29197529162643,0.45,NA,NA,NA,0.5,0.45
"nt","tl1.50_gl0.50_pr1.00_c25","model10",0.560925572650091,0.132252935608763,9,1.5,0.5,25,50,1,0.9,0.999625451386107,737.621334418841,0.00477932549034549,484.56633393568,10,0.8,2.8673084759832,0.15,0,1.3250663103574,0.95,0.888888888888889,0.0611111111111111
"nt","tl1.50_gl0.50_pr1.00_c25","model11",0.510238545226442,0.178036563933647,10,1.5,0.5,25,50,1,1,0.999449097468015,791.811530951161,0.00602233433807168,394.694849660013,10,0.6,1.10639712770498,0.35,NA,NA,NA,0.6,0.35
"nt","tl1.50_gl0.50_pr1.00_c25","model12",0.541325255759815,0.172696818911632,10,1.5,0.5,25,50,1,1,0.99963262875252,756.207357423454,0.00459866117663834,458.056906915017,10,0.2,0.684569877115096,0.75,NA,NA,NA,0.2,0.75
"nt","tl1.50_gl0.50_pr1.00_c25","model2",0.552656008547666,0.151883278212266,10,1.5,0.5,25,50,1,1,0.999441868719946,739.375010949723,0.00598943023379458,485.62731125622,10,0.6,6.36755841722312,0.35,NA,NA,NA,0.6,0.35
"nt","tl1.50_gl0.50_pr1.00_c25","model3",0.553171611153412,0.161020679590958,10,1.5,0.5,25,50,1,1,0.999479002789897,721.153017629184,0.00584938600027573,496.771809360395,10,0.6,2.41590462202958,0.35,0.6,0.502477937780432,0.35,0.6,0.35
"nt","tl1.50_gl0.50_pr1.00_c25","model4",0.554324172721042,0.17558004794314,10,1.5,0.5,25,50,1,1,0.999471679234676,752.885368881169,0.00576215204328879,449.154576660931,10,0.8,2.29002819080888,0.15,NA,NA,NA,0.8,0.15
"nt","tl1.50_gl0.50_pr1.00_c25","model5",0.55353020982164,0.170610652247083,10,1.5,0.5,25,50,1,1,0.999535754326889,767.946240938474,0.00539714575893212,451.139354238901,10,0.8,2.38902227262361,0.15,NA,NA,NA,0.85,0.0999999999999999
"nt","tl1.50_gl0.50_pr1.00_c25","model6",0.553944571986441,0.144754901696247,10,1.5,0.5,25,50,1,1,0.999461362053634,792.293280057556,0.00571711221177979,489.005457804985,10,0.8,3.26432762071205,0.15,NA,NA,NA,0.8,0.15
"nt","tl1.50_gl0.50_pr1.00_c25","model7",0.554610921768452,0.154913596552984,10,1.5,0.5,25,50,1,1,0.999526256664756,758.157953810844,0.00537407225403526,483.30183917054,10,0.8,2.57505423758566,0.15,NA,NA,NA,0.9,0.0499999999999999
"nt","tl1.50_gl0.50_pr1.00_c25","model8",0.554106578335756,0.149056500645099,10,1.5,0.5,25,50,1,1,0.999529362101578,737.768379900999,0.00546613548718283,498.432908600442,10,0.8,3.9257807965471,0.15,NA,NA,NA,0.9,0.0499999999999999
"nt","tl1.50_gl0.50_pr1.00_c25","model9",0.555455518994502,0.140278699259813,10,1.5,0.5,25,50,1,1,0.999641125987905,657.816783573444,0.00454867433750527,526.341141546903,10,1,0.196946969325404,0.05,NA,NA,NA,1,0.05
"nt","tl1.50_gl0.50_pr1.00_c50","model1",0.413522944609772,0.112788155912862,10,1.5,0.5,50,50,1,1,0.999406296080043,813.510121611808,0.00591309622273555,480.793528969036,10,0.4,1.3423669623587,0.55,NA,NA,NA,0.4,0.55
"nt","tl1.50_gl0.50_pr1.00_c50","model10",0.407565869015964,0.0638640910110743,10,1.5,0.5,50,50,1,1,0.999457696573045,861.311292701128,0.00569021324784256,512.605632628932,10,0.8,2.80609152158393,0.15,NA,NA,NA,0.85,0.0999999999999999
"nt","tl1.50_gl0.50_pr1.00_c50","model11",0.381385427684325,0.128180292332171,10,1.5,0.5,50,50,1,1,0.999334522222713,724.057254908878,0.00647415750225542,336.310680859229,10,0.5,0.745694058873496,0.45,NA,NA,NA,0.5,0.45
"nt","tl1.50_gl0.50_pr1.00_c50","model12",0.410248250568607,0.112612661198151,10,1.5,0.5,50,50,1,1,0.999670481620727,599.614356332373,0.00426559739169764,396.300555116401,10,0,0.857762388001921,0.95,NA,NA,NA,0,0.95
"nt","tl1.50_gl0.50_pr1.00_c50","model2",0.414622532602267,0.0667361899569311,10,1.5,0.5,50,50,1,1,0.999402252877785,793.158811131953,0.00598239388739229,456.37061512883,10,0.5,6.2370755554183,0.45,NA,NA,NA,0.5,0.45
"nt","tl1.50_gl0.50_pr1.00_c50","model3",0.415885737397858,0.109074785160787,10,1.5,0.5,50,50,1,1,0.999353477583518,792.252155363974,0.00615501467490677,425.089033059263,10,0.4,1.23122226773129,0.55,0.4,0.566957150887214,0.55,0.4,0.55
"nt","tl1.50_gl0.50_pr1.00_c50","model4",0.414436199221436,0.112149384216368,10,1.5,0.5,50,50,1,1,0.99934086038615,769.444588334984,0.0063269548079061,425.982780333051,10,0.7,1.07416430970851,0.25,NA,NA,NA,0.7,0.25
"nt","tl1.50_gl0.50_pr1.00_c50","model5",0.417636155614462,0.10830196206098,10,1.5,0.5,50,50,1,1,0.999438776815244,780.846217927867,0.00584862235901789,477.105127084028,10,0.8,0.999633948888564,0.15,NA,NA,NA,0.85,0.0999999999999999
"nt","tl1.50_gl0.50_pr1.00_c50","model6",0.412746696377578,0.0677318275879071,10,1.5,0.5,50,50,1,1,0.999380594960384,798.211727173129,0.00618711954850673,470.700737310442,10,0.8,3.65205615185844,0.15,NA,NA,NA,0.8,0.15
"nt","tl1.50_gl0.50_pr1.00_c50","model7",0.414103725314964,0.0636127708439805,10,1.5,0.5,50,50,1,1,0.999471368193156,805.477964235842,0.00551586404801527,516.587892414622,10,0.8,1.40444114287804,0.15,NA,NA,NA,0.9,0.0499999999999999
"nt","tl1.50_gl0.50_pr1.00_c50","model8",0.410387191218714,0.067421447956157,10,1.5,0.5,50,50,1,1,0.999412048908505,836.143883602656,0.00589947117644997,499.523131846742,10,0.8,3.23786755463018,0.15,NA,NA,NA,0.85,0.0999999999999999
"nt","tl1.50_gl0.50_pr1.00_c50","model9",0.413386231345784,0.0719305340650491,9,1.5,0.5,50,50,1,0.9,0.999621929400989,619.618074185475,0.00452652024031096,541.371840099582,10,1,0.115925256212292,0.05,NA,NA,NA,1,0.05
"nt","tl1.50_gl0.50_pr2.50_c100","model1",0.262035116753732,0.0574697919197044,10,1.5,0.5,100,50,2.5,1,0.999259560473193,696.428761767196,0.00692854986817072,418.849532846174,10,0.3,2.25939409451203,0.65,NA,NA,NA,0.3,0.65
"nt","tl1.50_gl0.50_pr2.50_c100","model10",0.266575742185305,0.0691599970217109,10,1.5,0.5,100,50,2.5,1,0.999505625358214,727.184976707005,0.0053422559415872,534.691196687628,10,0.6,12.2656340290813,0.35,NA,NA,NA,0.8,0.15
"nt","tl1.50_gl0.50_pr2.50_c100","model11",0.25030661537589,0.0598153521954392,10,1.5,0.5,100,50,2.5,1,0.999253111804139,746.374105162188,0.00780227077584589,374.454427453226,10,0.5,1.42345068823097,0.45,NA,NA,NA,0.5,0.45
"nt","tl1.50_gl0.50_pr2.50_c100","model12",0.258520473827409,0.0623829811950797,8,1.5,0.5,100,50,2.5,0.8,0.999683933730515,382.817647133255,0.00465591584850648,483.210882482106,10,0,0.951971778471512,0.95,NA,NA,NA,0,0.95
"nt","tl1.50_gl0.50_pr2.50_c100","model2",0.261042776818845,0.0585631162961915,10,1.5,0.5,100,50,2.5,1,0.999359174577098,757.351106365361,0.00605361397031616,471.475317037563,10,0.5,23.0764874106787,0.45,NA,NA,NA,0.5,0.45
"nt","tl1.50_gl0.50_pr2.50_c100","model3",0.264037635893541,0.0617712654268508,10,1.5,0.5,100,50,2.5,1,0.999331935773949,825.451953455374,0.00674175310596468,465.134534638744,10,0.4,2.22779891988931,0.55,0,0.705971756822994,0.95,0.2,0.75
"nt","tl1.50_gl0.50_pr2.50_c100","model4",0.266222041014894,0.0575255267347104,10,1.5,0.5,100,50,2.5,1,0.999453741030278,803.475226599211,0.00588837116140936,437.131737075231,10,0.5,0.921726284986679,0.45,NA,NA,NA,0.5,0.45
"nt","tl1.50_gl0.50_pr2.50_c100","model5",0.266292338100853,0.0619199840229875,10,1.5,0.5,100,50,2.5,1,0.999490305827572,734.159569653964,0.00551138886650909,443.214482115726,10,0.3,0.931009368325972,0.65,NA,NA,NA,0.55,0.4
"nt","tl1.50_gl0.50_pr2.50_c100","model6",0.266087380525995,0.0642151417994292,10,1.5,0.5,100,50,2.5,1,0.999477546870129,727.010581573382,0.00539642909636394,520.970393601755,10,0.6,9.92739920561657,0.35,NA,NA,NA,0.6,0.35
"nt","tl1.50_gl0.50_pr2.50_c100","model7",0.262159387228185,0.0639070277042136,10,1.5,0.5,100,50,2.5,1,0.999465862310564,728.603761576658,0.00567914127478277,461.121969838132,10,0.2,5.9345656711523,0.75,0,0.833916281191347,0.95,0.4,0.55
"nt","tl1.50_gl0.50_pr2.50_c100","model8",0.264963969339225,0.0629335669895995,10,1.5,0.5,100,50,2.5,1,0.99944160238845,679.60902357892,0.00577013985297492,515.294910981859,10,0.6,12.5558021553686,0.35,NA,NA,NA,0.8,0.15
"nt","tl1.50_gl0.50_pr2.50_c100","model9",0.263514498678613,0.0683598097261841,6,1.5,0.5,100,50,2.5,0.6,0.999777219466565,508.098246400374,0.00505079939364226,483.746676464755,10,0.6,0.393586243667365,0.35,NA,NA,NA,0.666666666666667,0.283333333333333
"nt","tl1.50_gl0.50_pr2.50_c200","model1",0.197476349966474,0.0252883870637093,10,1.5,0.5,200,50,2.5,1,0.999169299065407,746.420815002959,0.00810832755006803,458.878655453152,10,0.3,2.20587272950108,0.65,NA,NA,NA,0.3,0.65
"nt","tl1.50_gl0.50_pr2.50_c200","model10",0.194458995327228,0.0407937379273399,10,1.5,0.5,200,50,2.5,1,0.999632873711981,717.588193879996,0.00502757718794942,578.81409093549,10,0.5,15.0366777338117,0.45,0,1.20220656455318,0.95,0.5,0.45
"nt","tl1.50_gl0.50_pr2.50_c200","model11",0.175925339932061,0.0270301896939021,10,1.5,0.5,200,50,2.5,1,0.999170606592951,736.118975578494,0.00969684653497685,425.583648533259,10,0.3,1.53125216087999,0.65,NA,NA,NA,0.3,0.65
"nt","tl1.50_gl0.50_pr2.50_c200","model2",0.196222667916594,0.0432912341195535,10,1.5,0.5,200,50,2.5,1,0.999412523002348,755.860185904041,0.00676272522754524,573.79124215415,10,0.4,22.7648956128139,0.55,NA,NA,NA,0.4,0.55
"nt","tl1.50_gl0.50_pr2.50_c200","model3",0.19621031685279,0.0264863011838876,10,1.5,0.5,200,50,2.5,1,0.999256466682141,752.648353181138,0.00787890293747896,496.879534611847,10,0.3,2.14106969211695,0.65,0,0.663540049657818,0.95,0.15,0.8
"nt","tl1.50_gl0.50_pr2.50_c200","model4",0.197758797345359,0.0240701614011394,10,1.5,0.5,200,50,2.5,1,0.999423173150196,709.069231414714,0.00684432770705807,541.214055961424,10,0.3,1.14061849913898,0.65,NA,NA,NA,0.3,0.65
"nt","tl1.50_gl0.50_pr2.50_c200","model5",0.194661216960606,0.0239378865574426,10,1.5,0.5,200,50,2.5,1,0.99954094765117,806.355897861943,0.00591234233953123,523.642230001263,10,0.2,1.15154410624347,0.75,NA,NA,NA,0.45,0.5
"nt","tl1.50_gl0.50_pr2.50_c200","model6",0.195754795220727,0.0392709140696051,10,1.5,0.5,200,50,2.5,1,0.999596828555155,759.466960553507,0.00525402296015398,566.876055292109,10,0.5,12.942369174424,0.45,NA,NA,NA,0.5,0.45
"nt","tl1.50_gl0.50_pr2.50_c200","model7",0.193747085183564,0.040080206427032,7,1.5,0.5,200,50,2.5,0.7,0.99960953868017,549.135273160172,0.00529182749577511,549.704174056068,10,0.2,5.49753050628845,0.75,0,0.965737497955569,0.95,0.5,0.45
"nt","tl1.50_gl0.50_pr2.50_c200","model8",0.193712514859254,0.042005670897396,9,1.5,0.5,200,50,2.5,0.9,0.999584431061294,642.840274214334,0.00547021236640515,607.141552354533,10,0.5,15.9674519544653,0.45,NA,NA,NA,0.722222222222222,0.227777777777778
"nt","tl1.50_gl0.50_pr2.50_c200","model9",0.173649452061558,0.0365858783081913,7,1.5,0.5,200,50,2.5,0.7,0.99977606455725,452.134913655548,0.00391030673408056,597.26931989309,10,0.4,0.432574538782787,0.55,0,0.896037979948489,0.95,0.571428571428571,0.378571428571429
"nt","tl1.50_gl0.50_pr2.50_c25","model1",0.555199207051557,0.113340233251946,10,1.5,0.5,25,50,2.5,1,0.999462731529143,735.409263194802,0.00582582837322542,451.406032724496,10,0.7,1.13816938976248,0.25,NA,NA,NA,0.7,0.25
"nt","tl1.50_gl0.50_pr2.50_c25","model10",0.542947916441592,0.125946106562489,10,1.5,0.5,25,50,2.5,1,0.999630782181951,765.072465039773,0.00480751458940078,525.649966249935,10,0.9,0.583037333734517,0.0499999999999999,NA,NA,NA,0.9,0.0499999999999999
"nt","tl1.50_gl0.50_pr2.50_c25","model11",0.507696240694895,0.115846966703968,10,1.5,0.5,25,50,2.5,1,0.999423584201279,760.030951921588,0.00605352683882175,370.510970984363,10,0.7,0.499317554352573,0.25,NA,NA,NA,0.7,0.25
"nt","tl1.50_gl0.50_pr2.50_c25","model12",0.543960372534335,0.114753908771836,10,1.5,0.5,25,50,2.5,1,0.999628523989125,749.805699362722,0.00479494136171309,462.458523977011,10,0.2,0.673702802732761,0.75,NA,NA,NA,0.2,0.75
"nt","tl1.50_gl0.50_pr2.50_c25","model2",0.531399023362371,0.118652340989151,10,1.5,0.5,25,50,2.5,1,0.999519246756852,771.768878310958,0.00547476287144371,437.812906360093,10,0.7,2.73895341702573,0.25,NA,NA,NA,0.7,0.25
"nt","tl1.50_gl0.50_pr2.50_c25","model3",0.556084713502532,0.113964510327173,10,1.5,0.5,25,50,2.5,1,0.999486594508703,757.929665361131,0.00562868018979582,416.013792294076,10,0.7,0.858433284034043,0.25,0.8,0.519755356396797,0.15,0.75,0.2
"nt","tl1.50_gl0.50_pr2.50_c25","model4",0.559783000123368,0.122042578465743,10,1.5,0.5,25,50,2.5,1,0.999544261321523,766.274792454896,0.00533446132672009,477.442996899231,10,0.8,0.412368784274743,0.15,NA,NA,NA,0.8,0.15
"nt","tl1.50_gl0.50_pr2.50_c25","model5",0.566154033092825,0.120498129426303,10,1.5,0.5,25,50,2.5,1,0.999541370687095,776.637866297024,0.00550925318141607,470.175336946756,10,0.9,0.285725475505248,0.0499999999999999,NA,NA,NA,0.85,0.0999999999999999
"nt","tl1.50_gl0.50_pr2.50_c25","model6",0.536275388236404,0.125728980124367,10,1.5,0.5,25,50,2.5,1,0.999533451910019,806.943536006014,0.00555348640306674,507.184168120542,10,0.8,0.896757521301888,0.15,NA,NA,NA,0.8,0.15
"nt","tl1.50_gl0.50_pr2.50_c25","model7",0.538061117119331,0.126176267927077,10,1.5,0.5,25,50,2.5,1,0.999599594111795,812.439897135724,0.00506076908694083,542.966389955168,10,0.8,0.508244117707719,0.15,NA,NA,NA,0.8,0.15
"nt","tl1.50_gl0.50_pr2.50_c25","model8",0.538212249859287,0.123162466226435,10,1.5,0.5,25,50,2.5,1,0.999583956614969,793.090761520058,0.00509704752788035,491.608286362992,10,0.8,0.77218660596644,0.15,NA,NA,NA,0.8,0.15
"nt","tl1.50_gl0.50_pr2.50_c25","model9",0.534536597504626,0.126402971609861,10,1.5,0.5,25,50,2.5,1,0.999611400742295,708.934946611507,0.00480962531418712,545.338889875264,10,0.9,0.22787586282797,0.0499999999999999,NA,NA,NA,0.9,0.0499999999999999
"nt","tl1.50_gl0.50_pr2.50_c50","model1",0.432141265802796,0.0711506198333809,10,1.5,0.5,50,50,2.5,1,0.999386921368784,752.255474478844,0.00605673654157002,399.708713422754,10,0.3,1.69555945646581,0.65,NA,NA,NA,0.3,0.65
"nt","tl1.50_gl0.50_pr2.50_c50","model10",0.428690073643792,0.0784112791678071,10,1.5,0.5,50,50,2.5,1,0.999539193492582,775.019184436877,0.00522049679511966,484.807330160786,10,0.5,1.48405602973967,0.45,NA,NA,NA,0.7,0.25
"nt","tl1.50_gl0.50_pr2.50_c50","model11",0.408296468589626,0.0778774836507626,10,1.5,0.5,50,50,2.5,1,0.999434048964273,739.867309433853,0.00602461177563713,283.165273645979,10,0.4,0.983289361011081,0.55,NA,NA,NA,0.4,0.55
"nt","tl1.50_gl0.50_pr2.50_c50","model12",0.426226376175068,0.07421916487408,10,1.5,0.5,50,50,2.5,1,0.999722857289081,596.297216083492,0.00414475297843399,456.829804942706,10,0,0.854580034386967,0.95,NA,NA,NA,0,0.95
"nt","tl1.50_gl0.50_pr2.50_c50","model2",0.438045010412997,0.0821698269347383,10,1.5,0.5,50,50,2.5,1,0.9994205304428,790.897332188186,0.00592609559054518,417.90985093847,10,0.4,8.17993705830568,0.55,NA,NA,NA,0.4,0.55
"nt","tl1.50_gl0.50_pr2.50_c50","model3",0.436785345407893,0.0698873718015273,10,1.5,0.5,50,50,2.5,1,0.999413953655092,784.966030042903,0.00591992139019145,410.918769084577,10,0.4,1.58355930483356,0.55,0.3,0.679986943239384,0.65,0.35,0.6
"nt","tl1.50_gl0.50_pr2.50_c50","model4",0.420943328168695,0.0670971272149482,10,1.5,0.5,50,50,2.5,1,0.99947349529678,773.437260857419,0.0056381629639652,416.745284147794,10,0.5,0.344324369837605,0.45,NA,NA,NA,0.5,0.45
"nt","tl1.50_gl0.50_pr2.50_c50","model5",0.429243521292904,0.0641017434834418,10,1.5,0.5,50,50,2.5,1,0.999517621356666,766.080710642597,0.00536959881570795,510.117834046736,10,0.5,0.362189190780034,0.45,NA,NA,NA,0.55,0.4
"nt","tl1.50_gl0.50_pr2.50_c50","model6",0.428759689427255,0.0802604739721986,10,1.5,0.5,50,50,2.5,1,0.999460384779149,832.393102547263,0.00562676135004026,454.631144075999,10,0.5,1.44322071900676,0.45,NA,NA,NA,0.5,0.45
"nt","tl1.50_gl0.50_pr2.50_c50","model7",0.434200226325026,0.0751049611721613,10,1.5,0.5,50,50,2.5,1,0.999524749218997,727.86869443126,0.00527434077229881,468.726657166663,10,0.4,0.680497070107118,0.55,NA,NA,NA,0.7,0.25
"nt","tl1.50_gl0.50_pr2.50_c50","model8",0.432481015804653,0.076930498574785,10,1.5,0.5,50,50,2.5,1,0.999479060983797,732.149894894787,0.00552800873735466,527.883159348654,10,0.5,1.52124569152824,0.45,NA,NA,NA,0.75,0.2
"nt","tl1.50_gl0.50_pr2.50_c50","model9",0.431740688205109,0.047014500069874,8,1.5,0.5,50,50,2.5,0.8,0.999691404152692,643.028663190188,0.00406469756288986,526.645612327063,10,0.6,0.359573422614051,0.35,NA,NA,NA,0.75,0.2
"nt","tl1.50_gl0.50_pr5.00_c100","model1",0.29043930674409,0.0832363915209748,10,1.5,0.5,100,50,5,1,0.999239321437058,770.788247850307,0.00704604040944929,389.73626959352,10,0.3,1.73394239264856,0.65,NA,NA,NA,0.3,0.65
"nt","tl1.50_gl0.50_pr5.00_c100","model10",0.265182178837885,0.0762477003593084,10,1.5,0.5,100,50,5,1,0.999568295486453,767.112712453913,0.00496536417690969,519.480220388301,10,0.3,0.747331718016588,0.65,NA,NA,NA,0.6,0.35
"nt","tl1.50_gl0.50_pr5.00_c100","model11",0.257903646243592,0.0616919143585465,10,1.5,0.5,100,50,5,1,0.999289898134085,705.249682625285,0.00749111317324106,301.529668601542,10,0.4,1.10381318499769,0.55,NA,NA,NA,0.4,0.55
"nt","tl1.50_gl0.50_pr5.00_c100","model12",0.265663452050052,0.104353284024501,8,1.5,0.5,100,50,5,0.8,0.999672729653024,420.424013259403,0.00488267318639611,463.067563062788,10,0,0.938727261437611,0.95,NA,NA,NA,0,0.95
"nt","tl1.50_gl0.50_pr5.00_c100","model2",0.268255652810552,0.077826209308582,10,1.5,0.5,100,50,5,1,0.999312532315221,724.479025170802,0.00657563770969831,477.044718194919,10,0.4,11.6109695411218,0.55,NA,NA,NA,0.4,0.55
"nt","tl1.50_gl0.50_pr5.00_c100","model3",0.292534351462026,0.0827491086712642,10,1.5,0.5,100,50,5,1,0.999235227487621,758.853846929702,0.00693083793550724,358.001911384132,10,0.3,1.73693105680015,0.65,0,0.732726460269249,0.95,0.15,0.8
"nt","tl1.50_gl0.50_pr5.00_c100","model4",0.27994883828049,0.0494082569010199,10,1.5,0.5,100,50,5,1,0.999575070977883,737.34552716861,0.00508563529049029,462.706320544425,10,0.1,0.466796142954953,0.85,NA,NA,NA,0.1,0.85
"nt","tl1.50_gl0.50_pr5.00_c100","model5",0.275501740552825,0.0487375870247927,10,1.5,0.5,100,50,5,1,0.999608888698531,748.322933065287,0.0046954879299418,455.581293498476,10,0.1,0.49518212427386,0.85,NA,NA,NA,0.5,0.45
"nt","tl1.50_gl0.50_pr5.00_c100","model6",0.265619271131254,0.0689808730131189,10,1.5,0.5,100,50,5,1,0.999574995865165,845.777786763672,0.00475605796370886,457.846308670382,10,0.2,1.05493747639576,0.75,NA,NA,NA,0.2,0.75
"nt","tl1.50_gl0.50_pr5.00_c100","model7",0.265600632696743,0.0741774732724659,7,1.5,0.5,100,50,5,0.7,0.999582038920678,544.299240085292,0.00490356319164299,493.813687715472,10,0.4,0.581505118471632,0.55,0,0.998508175353385,0.95,0.5,0.45
"nt","tl1.50_gl0.50_pr5.00_c100","model8",0.262600541957831,0.0706627106060708,10,1.5,0.5,100,50,5,1,0.99950580095032,778.193643241888,0.00548980383265453,480.36755509083,10,0.2,1.0349709900712,0.75,NA,NA,NA,0.55,0.4
"nt","tl1.50_gl0.50_pr5.00_c100","model9",0.269572539152701,0.0715084642946087,6,1.5,0.5,100,50,5,0.6,0.999751415347662,519.307666394135,0.00372468463942607,539.634634138207,10,0.4,0.6242113742631,0.55,0,1.22562798519385,0.95,0.5,0.45
"nt","tl1.50_gl0.50_pr5.00_c200","model1",0.180864997061723,0.0561136899495584,10,1.5,0.5,200,50,5,1,0.999194113625749,765.711995243254,0.00798614251137614,437.585732768053,10,0.3,2.48856231123102,0.65,NA,NA,NA,0.3,0.65
"nt","tl1.50_gl0.50_pr5.00_c200","model10",0.179601751447045,0.041141644067402,10,1.5,0.5,200,50,5,1,0.999555004996341,764.416504130637,0.00557076038812336,550.307042367373,10,0,7.30777750774045,0.95,NA,NA,NA,0.45,0.5
"nt","tl1.50_gl0.50_pr5.00_c200","model11",0.151724927522841,0.069544895449097,10,1.5,0.5,200,50,5,1,0.99916439640353,704.107584896065,0.00935739963969466,411.70201207937,10,0.4,1.69602432838186,0.55,NA,NA,NA,0.4,0.55
"nt","tl1.50_gl0.50_pr5.00_c200","model2",0.184119491322218,0.0481591988171925,10,1.5,0.5,200,50,5,1,0.999381057466572,701.713007180972,0.00660758139553363,511.267745487712,10,0.5,30.068890853963,0.45,NA,NA,NA,0.5,0.45
"nt","tl1.50_gl0.50_pr5.00_c200","model3",0.180889406395596,0.0539506368327723,10,1.5,0.5,200,50,5,1,0.99929228468413,771.589801361836,0.00756173828137238,502.314271040559,10,0.3,2.46556439467829,0.65,0,0.799597644739881,0.95,0.15,0.8
"nt","tl1.50_gl0.50_pr5.00_c200","model4",0.179289071983212,0.0502937679097065,10,1.5,0.5,200,50,5,1,0.999602552603692,726.499110568757,0.00552686691785112,518.716584338102,10,0,0.704045615821303,0.95,NA,NA,NA,0,0.95
"nt","tl1.50_gl0.50_pr5.00_c200","model5",0.179262175161447,0.0493741505593754,10,1.5,0.5,200,50,5,1,0.999658488093268,721.399624490111,0.00485939636516658,514.687623397881,10,0,0.70682260781049,0.95,NA,NA,NA,0.35,0.6
"nt","tl1.50_gl0.50_pr5.00_c200","model6",0.179502254421873,0.0394799442904838,10,1.5,0.5,200,50,5,1,0.999506125360919,756.092463671171,0.00598598117372249,591.637543263867,10,0.1,5.82796903771656,0.85,NA,NA,NA,0.1,0.85
"nt","tl1.50_gl0.50_pr5.00_c200","model7",0.204152724626113,0.0694559281055533,6,1.5,0.5,200,50,5,0.6,0.999575164274389,487.262727544232,0.00549497737686699,518.428613490843,10,0.4,2.00018462998313,0.55,0,1.16998060959866,0.95,0.583333333333333,0.366666666666667
"nt","tl1.50_gl0.50_pr5.00_c200","model8",0.179609754618215,0.0405441329620392,10,1.5,0.5,200,50,5,1,0.999537667330826,788.613944905436,0.00583867944700731,510.091237975381,10,0,7.5464813654605,0.95,NA,NA,NA,0.45,0.5
"nt","tl1.50_gl0.50_pr5.00_c200","model9",0.173412993643892,0.0181423851780097,5,1.5,0.5,200,50,5,0.5,0.999766425800836,432.099537141756,0.00394511920060293,564.728868675028,10,0.3,0.647983563343906,0.65,0,1.1450360378745,0.95,0.4,0.55
"nt","tl1.50_gl0.50_pr5.00_c25","model1",0.564536559185055,0.115166047097937,10,1.5,0.5,25,50,5,1,0.999484184426599,796.856312389705,0.00570079779039623,472.409682478788,10,0.8,1.22173535584239,0.15,NA,NA,NA,0.8,0.15
"nt","tl1.50_gl0.50_pr5.00_c25","model10",0.556499411348102,0.12131347275579,10,1.5,0.5,25,50,5,1,0.999505952468008,747.751813674962,0.00561426006731259,527.950471762201,10,0.9,0.407280976427371,0.0499999999999999,NA,NA,NA,0.95,0
"nt","tl1.50_gl0.50_pr5.00_c25","model11",0.534160659897624,0.0987288383542346,10,1.5,0.5,25,50,5,1,0.999514937898356,743.281441083455,0.00546232093617958,307.38624007145,10,0.8,0.596412490498104,0.15,NA,NA,NA,0.8,0.15
"nt","tl1.50_gl0.50_pr5.00_c25","model12",0.555095166979035,0.116191073173724,10,1.5,0.5,25,50,5,1,0.99958848776651,716.013016828598,0.00510095232656152,357.896123851591,10,0.2,0.795059009300597,0.75,NA,NA,NA,0.2,0.75
"nt","tl1.50_gl0.50_pr5.00_c25","model2",0.557894660462709,0.103355698907398,10,1.5,0.5,25,50,5,1,0.999503085171352,754.652276580514,0.00570131744168674,507.184235239914,10,0.8,4.41227593734544,0.15,NA,NA,NA,0.8,0.15
"nt","tl1.50_gl0.50_pr5.00_c25","model3",0.564449048990526,0.115022468062296,10,1.5,0.5,25,50,5,1,0.999524633676554,758.776242381823,0.00560498343592846,478.341606314014,10,0.8,0.953860320375685,0.15,0.7,0.9409465695937,0.25,0.75,0.2
"nt","tl1.50_gl0.50_pr5.00_c25","model4",0.548705464773746,0.105662265540565,10,1.5,0.5,25,50,5,1,0.999524931200704,814.892404865047,0.00554429044688948,511.006638967185,10,0.9,0.219300846631837,0.0499999999999999,NA,NA,NA,0.9,0.0499999999999999
"nt","tl1.50_gl0.50_pr5.00_c25","model5",0.549849652941255,0.1080499240149,10,1.5,0.5,25,50,5,1,0.999527896539773,781.91481867844,0.00549412177268852,480.550102349358,10,0.9,0.254925968906536,0.0499999999999999,NA,NA,NA,0.9,0.0499999999999999
"nt","tl1.50_gl0.50_pr5.00_c25","model6",0.553080802213762,0.117200967629321,10,1.5,0.5,25,50,5,1,0.999530665980683,817.7158667156,0.00548491580419026,503.518804662843,10,0.9,0.402440790247566,0.0499999999999999,NA,NA,NA,0.9,0.0499999999999999
"nt","tl1.50_gl0.50_pr5.00_c25","model7",0.555028909521687,0.118520752960128,10,1.5,0.5,25,50,5,1,0.999530167681141,771.878241047672,0.00547761525156526,504.705088121179,10,0.7,0.464296511531039,0.25,NA,NA,NA,0.8,0.15
"nt","tl1.50_gl0.50_pr5.00_c25","model8",0.553774545456124,0.121126042823692,10,1.5,0.5,25,50,5,1,0.999542194545218,803.805436893118,0.00533457079221724,500.647415298588,10,0.9,0.438130164352886,0.0499999999999999,NA,NA,NA,0.9,0.0499999999999999
"nt","tl1.50_gl0.50_pr5.00_c25","model9",0.554965755363262,0.126283400155083,10,1.5,0.5,25,50,5,1,0.999605316994946,709.020808517925,0.00482650697768062,493.966918680267,10,0.9,0.379417524867176,0.0499999999999999,NA,NA,NA,0.9,0.0499999999999999
"nt","tl1.50_gl0.50_pr5.00_c50","model1",0.462932939406969,0.103233010554874,10,1.5,0.5,50,50,5,1,0.99937764985495,724.006610747654,0.00612266811944622,414.059648712957,10,0.4,2.65361007048662,0.55,NA,NA,NA,0.4,0.55
"nt","tl1.50_gl0.50_pr5.00_c50","model10",0.443990081225076,0.101658510147537,10,1.5,0.5,50,50,5,1,0.99959526570274,773.404706878124,0.00482545763710411,502.534054985547,10,0.4,1.27190966039729,0.55,NA,NA,NA,0.6,0.35
"nt","tl1.50_gl0.50_pr5.00_c50","model11",0.437086680414886,0.107159929412867,10,1.5,0.5,50,50,5,1,0.999458090311701,756.970590614911,0.00628020174807412,308.00918233909,10,0.3,1.52563714057799,0.65,NA,NA,NA,0.3,0.65
"nt","tl1.50_gl0.50_pr5.00_c50","model12",0.457419574143488,0.104356205490839,10,1.5,0.5,50,50,5,1,0.999723808101575,642.498343624254,0.00405045412564575,451.200655540058,10,0.1,0.804252692800769,0.85,NA,NA,NA,0.1,0.85
"nt","tl1.50_gl0.50_pr5.00_c50","model2",0.451493347453533,0.105056878695312,10,1.5,0.5,50,50,5,1,0.999456070432744,788.53522101716,0.00566928379100298,467.862746538874,10,0.4,14.5919330286368,0.55,NA,NA,NA,0.4,0.55
"nt","tl1.50_gl0.50_pr5.00_c50","model3",0.461916325292141,0.103600686240101,10,1.5,0.5,50,50,5,1,0.999390371423998,754.010372602004,0.00603956034678764,401.786279035362,10,0.4,2.5129901931974,0.55,0.4,0.659864295429657,0.55,0.4,0.55
"nt","tl1.50_gl0.50_pr5.00_c50","model4",0.449556283637505,0.096786586484005,10,1.5,0.5,50,50,5,1,0.999530901267749,780.076260828697,0.00529721651483885,457.931911094227,10,0.2,0.749805606471718,0.75,NA,NA,NA,0.2,0.75
"nt","tl1.50_gl0.50_pr5.00_c50","model5",0.450044442719294,0.0964728721801626,10,1.5,0.5,50,50,5,1,0.999603225613349,781.478364746288,0.00486356051712016,487.941493050655,10,0.1,0.663292117057173,0.85,NA,NA,NA,0.5,0.45
"nt","tl1.50_gl0.50_pr5.00_c50","model6",0.445161475893825,0.0987157760159389,10,1.5,0.5,50,50,5,1,0.999571980661603,747.748514449356,0.00489665565587243,478.255714772172,10,0.4,1.82186357656226,0.55,NA,NA,NA,0.4,0.55
"nt","tl1.50_gl0.50_pr5.00_c50","model7",0.44652165274808,0.0989003857939059,10,1.5,0.5,50,50,5,1,0.999551559643613,692.582032475084,0.00501182353207611,496.239923942735,10,0.2,0.845946665414748,0.75,NA,NA,NA,0.5,0.45
"nt","tl1.50_gl0.50_pr5.00_c50","model8",0.444934629582087,0.0995161522115202,10,1.5,0.5,50,50,5,1,0.99954558740726,755.417791358301,0.00514817623830404,498.584604326031,10,0.4,1.6016232663918,0.55,NA,NA,NA,0.65,0.3
"nt","tl1.50_gl0.50_pr5.00_c50","model9",0.436444808997275,0.0924001573619144,9,1.5,0.5,50,50,5,0.9,0.9996639802814,650.850633218298,0.00418434915209792,555.190087027628,10,0.5,0.461858393089864,0.45,NA,NA,NA,0.722222222222222,0.227777777777778
"nt","tl1.50_gl1.00_pr1.00_c100","model1",0.284872574921503,0.07722316924328,10,1.5,1,100,50,1,1,0.999252940724881,735.933616279746,0.00713552375242924,357.237164147565,10,0.4,1.8950117759543,0.55,NA,NA,NA,0.4,0.55
"nt","tl1.50_gl1.00_pr1.00_c100","model10",0.270951649553725,0.0702316048471047,10,1.5,1,100,50,1,1,0.999388905565475,785.000378375577,0.00625075291768569,486.202597238542,10,0.5,8.84217383070313,0.45,NA,NA,NA,0.75,0.2
"nt","tl1.50_gl1.00_pr1.00_c100","model11",0.262501430079199,0.0831015691981241,10,1.5,1,100,50,1,1,0.999311928648803,737.709060132109,0.00735094431914721,369.003265791955,10,0.5,1.22097673275146,0.45,NA,NA,NA,0.5,0.45
"nt","tl1.50_gl1.00_pr1.00_c100","model12",0.293161971369618,0.0738441980132128,9,1.5,1,100,50,1,0.9,0.999686912785246,439.680697890165,0.00477037474073924,478.066387837677,10,0,0.945337191967628,0.95,NA,NA,NA,0,0.95
"nt","tl1.50_gl1.00_pr1.00_c100","model2",0.27283897998662,0.076907050684731,10,1.5,1,100,50,1,1,0.999331551001472,758.32091925184,0.00655381086055366,501.635834200092,10,0.5,12.4917205172066,0.45,NA,NA,NA,0.5,0.45
"nt","tl1.50_gl1.00_pr1.00_c100","model3",0.28721153559835,0.0798957729791036,10,1.5,1,100,50,1,1,0.999238448904981,751.878566692236,0.00690679058892684,392.947361842118,10,0.4,1.86429315584886,0.55,0.9,0.0549112284071748,0.0499999999999999,0.65,0.3
"nt","tl1.50_gl1.00_pr1.00_c100","model4",0.282613768820493,0.0761877330299861,10,1.5,1,100,50,1,1,0.99932203135942,797.527829277282,0.00675210313983944,383.276081075349,10,0.4,1.56647428872113,0.55,NA,NA,NA,0.4,0.55
"nt","tl1.50_gl1.00_pr1.00_c100","model5",0.285617345703072,0.0735866654472512,10,1.5,1,100,50,1,1,0.999280551584042,785.038183105964,0.00680177963036002,380.481293071075,10,0.4,1.44074581384418,0.55,NA,NA,NA,0.6,0.35
"nt","tl1.50_gl1.00_pr1.00_c100","model6",0.272126217803486,0.0765226350274932,10,1.5,1,100,50,1,1,0.99934191375207,703.932561154984,0.00642474792844022,445.42715740208,10,0.5,9.06387355119437,0.45,NA,NA,NA,0.5,0.45
"nt","tl1.50_gl1.00_pr1.00_c100","model7",0.273342134030218,0.0724222819876358,10,1.5,1,100,50,1,1,0.999424753132989,781.668319421051,0.00604371229595849,470.475831750018,10,0.7,3.58817056389024,0.25,NA,NA,NA,0.85,0.1
"nt","tl1.50_gl1.00_pr1.00_c100","model8",0.27417995099343,0.0742702207416252,10,1.5,1,100,50,1,1,0.999314200653545,799.325307591368,0.00671002442786526,465.243389998591,10,0.5,8.93022373543334,0.45,NA,NA,NA,0.75,0.2
"nt","tl1.50_gl1.00_pr1.00_c100","model9",0.277011244252863,0.0730597494034829,10,1.5,1,100,50,1,1,0.999806151524592,608.92935992167,0.00323984364832156,579.065847935395,10,1,0.147854647035447,0.05,NA,NA,NA,1,0.05
"nt","tl1.50_gl1.00_pr1.00_c200","model1",0.170838038631816,0.0689867603887747,10,1.5,1,200,50,1,1,0.999227877959518,743.544876797267,0.00800880311410445,478.924159870897,10,0.5,2.60882059273153,0.45,NA,NA,NA,0.5,0.45
"nt","tl1.50_gl1.00_pr1.00_c200","model10",0.170237463167899,0.0713321123727131,10,1.5,1,200,50,1,1,0.999414987074857,780.381144287483,0.00692050041707887,557.224499385848,10,0.5,33.403540389506,0.45,NA,NA,NA,0.75,0.2
"nt","tl1.50_gl1.00_pr1.00_c200","model11",0.154271674162466,0.0641507419220299,10,1.5,1,200,50,1,1,0.999239175251102,731.84054997772,0.009766797017027,379.472604361335,10,0.5,1.73853806540513,0.45,NA,NA,NA,0.5,0.45
"nt","tl1.50_gl1.00_pr1.00_c200","model2",0.170683477820107,0.0712107678491461,10,1.5,1,200,50,1,1,0.999310152729666,763.439895725291,0.00758460631315212,503.628342339224,10,0.5,45.695196919748,0.45,NA,NA,NA,0.5,0.45
"nt","tl1.50_gl1.00_pr1.00_c200","model3",0.171520127516862,0.0697696247732704,10,1.5,1,200,50,1,1,0.999283878134086,807.056647835762,0.00762805938095093,449.49602245062,10,0.5,2.59065812112809,0.45,1,0.0128999495350468,0.05,0.75,0.2
"nt","tl1.50_gl1.00_pr1.00_c200","model4",0.173096874128619,0.0727164947609283,10,1.5,1,200,50,1,1,0.999280162460908,785.756512186113,0.00764807679734259,466.808241412902,10,0.5,3.0482753971222,0.45,NA,NA,NA,0.5,0.45
"nt","tl1.50_gl1.00_pr1.00_c200","model5",0.171358622053793,0.0690304924392928,10,1.5,1,200,50,1,1,0.99922434683742,776.684653634303,0.00825246080087508,459.81577280115,10,0.5,3.00726173810723,0.45,NA,NA,NA,0.7,0.25
"nt","tl1.50_gl1.00_pr1.00_c200","model6",0.16997742552574,0.072608085007625,10,1.5,1,200,50,1,1,0.999344928178226,782.296018394835,0.00729553699163495,480.281210825279,10,0.5,35.9043005769676,0.45,NA,NA,NA,0.5,0.45
"nt","tl1.50_gl1.00_pr1.00_c200","model7",0.171483161459052,0.0716514724936601,10,1.5,1,200,50,1,1,0.999527669418843,625.628162647378,0.00593811347911365,556.164179414475,10,0.7,17.6978901993906,0.25,NA,NA,NA,0.85,0.1
"nt","tl1.50_gl1.00_pr1.00_c200","model8",0.169647030407864,0.0702511904447956,10,1.5,1,200,50,1,1,0.999467812025932,744.661541201474,0.00642683835854567,589.993647968342,10,0.5,34.9672566569515,0.45,NA,NA,NA,0.75,0.2
"nt","tl1.50_gl1.00_pr1.00_c200","model9",0.196265188070034,0.0613748781740557,6,1.5,1,200,50,1,0.6,0.999777096612797,361.930245022935,0.00408247406950129,635.48155122138,10,1,0.194604411046738,0.05,1,0.0163787180033614,0.05,1,0.05
"nt","tl1.50_gl1.00_pr1.00_c25","model1",0.545588905067749,0.113906849241525,10,1.5,1,25,50,1,1,0.999487572975482,736.12899360802,0.00573723125277774,461.989292609418,10,0.6,1.50832523396496,0.35,NA,NA,NA,0.6,0.35
"nt","tl1.50_gl1.00_pr1.00_c25","model10",0.541039413255553,0.0989377461638931,10,1.5,1,25,50,1,1,0.999543757460702,800.853215407723,0.00527709511862599,471.106352007044,10,0.8,1.00012345855195,0.15,NA,NA,NA,0.9,0.0499999999999999
"nt","tl1.50_gl1.00_pr1.00_c25","model11",0.495751898350849,0.121162882724351,10,1.5,1,25,50,1,1,0.999413090415975,763.630370632816,0.00595410807929269,354.607291723712,10,0.6,0.716299040487749,0.35,NA,NA,NA,0.6,0.35
"nt","tl1.50_gl1.00_pr1.00_c25","model12",0.532829513257389,0.119002788653535,10,1.5,1,25,50,1,1,0.999668665637591,723.895678045565,0.0045321708869433,463.010475879909,10,0.2,0.635768811870581,0.75,NA,NA,NA,0.2,0.75
"nt","tl1.50_gl1.00_pr1.00_c25","model2",0.540273244785912,0.106977977171724,10,1.5,1,25,50,1,1,0.999514336094025,757.809337801503,0.00558873490644595,510.329706816324,10,0.7,3.09613340789904,0.25,NA,NA,NA,0.7,0.25
"nt","tl1.50_gl1.00_pr1.00_c25","model3",0.546699424373039,0.118761300343153,10,1.5,1,25,50,1,1,0.999516386684936,774.208484063503,0.00543688108328303,509.344089322944,10,0.6,1.42779921718882,0.35,1,0.122709136226239,0.05,0.8,0.15
"nt","tl1.50_gl1.00_pr1.00_c25","model4",0.545682988981106,0.107492667275292,10,1.5,1,25,50,1,1,0.999516263600423,747.178957191463,0.00543416064375183,457.425349906263,10,0.6,0.859622649999228,0.35,NA,NA,NA,0.6,0.35
"nt","tl1.50_gl1.00_pr1.00_c25","model5",0.549044949123438,0.109156055362989,10,1.5,1,25,50,1,1,0.999548696913288,843.490831727368,0.00533531320832412,499.39773221168,10,0.7,0.740835416043147,0.25,NA,NA,NA,0.85,0.1
"nt","tl1.50_gl1.00_pr1.00_c25","model6",0.542028705508808,0.104313363338159,10,1.5,1,25,50,1,1,0.9995211476392,801.940882455702,0.00549255987207547,457.838132498187,10,0.8,1.2101218919139,0.15,NA,NA,NA,0.8,0.15
"nt","tl1.50_gl1.00_pr1.00_c25","model7",0.544579371569275,0.106618788356408,10,1.5,1,25,50,1,1,0.999491401702443,751.222963013088,0.00572010619035061,442.463766716151,10,0.8,0.550276496015363,0.15,NA,NA,NA,0.9,0.0499999999999999
"nt","tl1.50_gl1.00_pr1.00_c25","model8",0.544274702506222,0.101190973879096,10,1.5,1,25,50,1,1,0.999503701767034,750.870348396121,0.00558068368080993,491.600980676679,10,0.8,1.09501667033524,0.15,NA,NA,NA,0.9,0.0499999999999999
"nt","tl1.50_gl1.00_pr1.00_c25","model9",0.54264613632978,0.106345332267858,10,1.5,1,25,50,1,1,0.999602468691115,687.105028398692,0.0048355513967455,497.104907891081,10,1,0.132999236711945,0.05,NA,NA,NA,1,0.05
"nt","tl1.50_gl1.00_pr1.00_c50","model1",0.458237364879812,0.106121101294419,10,1.5,1,50,50,1,1,0.999383732262201,805.112357619347,0.00597720803697778,443.504007209586,10,0.4,2.54161519654494,0.55,NA,NA,NA,0.4,0.55
"nt","tl1.50_gl1.00_pr1.00_c50","model10",0.460411599913323,0.0828139396519624,10,1.5,1,50,50,1,1,0.999408953001935,722.242917738943,0.00585897928599595,482.351689414208,10,0.6,8.98803061352682,0.35,NA,NA,NA,0.75,0.2
"nt","tl1.50_gl1.00_pr1.00_c50","model11",0.441180354880372,0.12602700192784,10,1.5,1,50,50,1,1,0.999398023384587,766.790817358269,0.00619530189614302,333.123094077874,10,0.5,1.49860517881541,0.45,NA,NA,NA,0.5,0.45
"nt","tl1.50_gl1.00_pr1.00_c50","model12",0.447441052238755,0.112291007254328,9,1.5,1,50,50,1,0.9,0.99970134314117,536.77613783489,0.00430686491871571,453.336500757407,10,0.1,0.831491524069681,0.85,NA,NA,NA,0.111111111111111,0.838888888888889
"nt","tl1.50_gl1.00_pr1.00_c50","model2",0.458817492905312,0.0822003639642592,10,1.5,1,50,50,1,1,0.999461919347382,802.654468564234,0.00571908358396712,455.015090712909,10,0.6,11.5626461266048,0.35,NA,NA,NA,0.6,0.35
"nt","tl1.50_gl1.00_pr1.00_c50","model3",0.461702892040288,0.108315268885702,10,1.5,1,50,50,1,1,0.999363486105364,769.894594594977,0.00615049744078006,429.311713773576,10,0.5,2.40417686061274,0.45,0.9,0.135929579846049,0.0499999999999999,0.7,0.25
"nt","tl1.50_gl1.00_pr1.00_c50","model4",0.457659999335042,0.103757212994183,10,1.5,1,50,50,1,1,0.999334718640648,740.482481873041,0.00643400137484017,457.482837572801,10,0.6,3.65921536453167,0.35,NA,NA,NA,0.6,0.35
"nt","tl1.50_gl1.00_pr1.00_c50","model5",0.459793920121846,0.104136016769,10,1.5,1,50,50,1,1,0.999460402625722,779.110745861522,0.00569026247038069,464.06855593465,10,0.6,3.49843900886398,0.35,NA,NA,NA,0.75,0.2
"nt","tl1.50_gl1.00_pr1.00_c50","model6",0.455495154337466,0.0823029225389432,10,1.5,1,50,50,1,1,0.999362076953601,810.287726477492,0.00621439812531785,431.725395866332,10,0.6,10.1027951423957,0.35,NA,NA,NA,0.6,0.35
"nt","tl1.50_gl1.00_pr1.00_c50","model7",0.460079900349111,0.0857451716870278,10,1.5,1,50,50,1,1,0.999430318239952,804.852659501317,0.00583655945707035,499.104744020296,10,0.7,5.39671825586808,0.25,NA,NA,NA,0.8,0.15
"nt","tl1.50_gl1.00_pr1.00_c50","model8",0.460141717480281,0.0833647748831706,10,1.5,1,50,50,1,1,0.999438503060107,819.998423296697,0.0057131266774623,502.435529133219,10,0.6,9.69473535771845,0.35,NA,NA,NA,0.75,0.2
"nt","tl1.50_gl1.00_pr1.00_c50","model9",0.447818304810277,0.0999606242157789,8,1.5,1,50,50,1,0.8,0.999613323806527,656.923824586766,0.00466686990256719,558.899438338301,10,1,0.227219515628657,0.05,NA,NA,NA,0.9375,0.0125
"nt","tl1.50_gl1.00_pr2.50_c100","model1",0.287662408692821,0.0653096935331114,10,1.5,1,100,50,2.5,1,0.999203978426748,719.428917312425,0.00700861690781168,394.993348334939,10,0.5,1.58112131207551,0.45,NA,NA,NA,0.5,0.45
"nt","tl1.50_gl1.00_pr2.50_c100","model10",0.287628525966729,0.055192698229173,10,1.5,1,100,50,2.5,1,0.999496722491966,759.243095542995,0.00521147429480076,497.102123540188,10,0.3,5.92400557775392,0.65,NA,NA,NA,0.65,0.3
"nt","tl1.50_gl1.00_pr2.50_c100","model11",0.278398755135531,0.0630900829004385,10,1.5,1,100,50,2.5,1,0.999299946779607,734.394181457622,0.00701242130177747,298.491420128112,10,0.5,1.03043476840051,0.45,NA,NA,NA,0.5,0.45
"nt","tl1.50_gl1.00_pr2.50_c100","model12",0.286573227651263,0.0766431845840297,9,1.5,1,100,50,2.5,0.9,0.999698392797631,464.511650514476,0.00443536898955282,472.516158798587,10,0,1.01139887786728,0.95,NA,NA,NA,0,0.95
"nt","tl1.50_gl1.00_pr2.50_c100","model2",0.289358637703558,0.0619304258823088,10,1.5,1,100,50,2.5,1,0.999360468783858,785.346089182696,0.00599287188929287,464.73334529399,10,0.5,19.8351813928836,0.45,NA,NA,NA,0.5,0.45
"nt","tl1.50_gl1.00_pr2.50_c100","model3",0.289742167017691,0.0685372727392406,10,1.5,1,100,50,2.5,1,0.999257387872671,752.09516148575,0.00674128750923861,449.012764212906,10,0.5,1.47432307156309,0.45,0.8,0.0747655838079962,0.15,0.65,0.3
"nt","tl1.50_gl1.00_pr2.50_c100","model4",0.287527943746791,0.0605449215608732,10,1.5,1,100,50,2.5,1,0.999474406407374,797.199017260933,0.00563497912815367,467.206462873686,10,0.3,0.647819439877925,0.65,NA,NA,NA,0.3,0.65
"nt","tl1.50_gl1.00_pr2.50_c100","model5",0.289591130092643,0.0613807352831535,10,1.5,1,100,50,2.5,1,0.999487961698376,777.562579208201,0.00544830050633201,415.608751530497,10,0.3,0.656514978671913,0.65,NA,NA,NA,0.65,0.3
"nt","tl1.50_gl1.00_pr2.50_c100","model6",0.28622264591133,0.0588752137538942,10,1.5,1,100,50,2.5,1,0.999456817651057,675.870707809694,0.00541277235696467,489.984547685184,10,0.3,6.37940842013708,0.65,NA,NA,NA,0.3,0.65
"nt","tl1.50_gl1.00_pr2.50_c100","model7",0.287297142287728,0.0478840849244536,9,1.5,1,100,50,2.5,0.9,0.999480362542266,664.559488711399,0.00550074299087867,477.661326701938,10,0.4,2.38045954129263,0.55,1,0.00503369307230082,0.05,0.666666666666667,0.283333333333333
"nt","tl1.50_gl1.00_pr2.50_c100","model8",0.287297409443318,0.0563742223291389,10,1.5,1,100,50,2.5,1,0.999500923359504,812.9379216668,0.00518720555660962,527.011098644655,10,0.3,6.12649816653184,0.65,NA,NA,NA,0.65,0.3
"nt","tl1.50_gl1.00_pr2.50_c100","model9",0.287175552290765,0.0572494907737865,10,1.5,1,100,50,2.5,1,0.999608920845251,656.844077313189,0.00439062234107621,485.540485938334,10,0.3,17.2874236888837,0.65,0.5,0.362027779870671,0.45,0.6,0.35
"nt","tl1.50_gl1.00_pr2.50_c200","model1",0.193902018473772,0.0762187091145725,10,1.5,1,200,50,2.5,1,0.999216331170544,742.575390269934,0.00808204034811268,455.701604949879,10,0.3,1.96015367478959,0.65,NA,NA,NA,0.3,0.65
"nt","tl1.50_gl1.00_pr2.50_c200","model10",0.172713321199912,0.0472665751559102,10,1.5,1,200,50,2.5,1,0.999482897316526,815.129169699348,0.00622704098053831,549.886735658745,10,0.2,12.3112107694279,0.75,NA,NA,NA,0.6,0.35
"nt","tl1.50_gl1.00_pr2.50_c200","model11",0.193954124551945,0.0684764452461942,10,1.5,1,200,50,2.5,1,0.999257537215286,735.059544982903,0.00928051639763573,468.236209130345,10,0.3,1.34282945769928,0.65,NA,NA,NA,0.3,0.65
"nt","tl1.50_gl1.00_pr2.50_c200","model2",0.179883253940544,0.0531739409249774,10,1.5,1,200,50,2.5,1,0.99928368420083,811.549155099516,0.00771280227358841,510.70703636547,10,0.4,31.0922620698546,0.55,NA,NA,NA,0.4,0.55
"nt","tl1.50_gl1.00_pr2.50_c200","model3",0.193512384367211,0.0760574563403269,10,1.5,1,200,50,2.5,1,0.999196323570135,709.518191842335,0.00858470754181136,431.721431488982,10,0.3,1.94835376951363,0.65,1,0.00826935579019374,0.05,0.65,0.3
"nt","tl1.50_gl1.00_pr2.50_c200","model4",0.192274215044356,0.0704020005085608,10,1.5,1,200,50,2.5,1,0.999476750053128,740.155057716841,0.00642753878504301,538.933947009156,10,0.3,0.719881558626315,0.65,NA,NA,NA,0.3,0.65
"nt","tl1.50_gl1.00_pr2.50_c200","model5",0.192298573272906,0.0725687109971471,10,1.5,1,200,50,2.5,1,0.999499033551821,771.224862469539,0.00616160206734797,524.688049161857,10,0.3,0.717214788952342,0.65,NA,NA,NA,0.65,0.3
"nt","tl1.50_gl1.00_pr2.50_c200","model6",0.1722321228235,0.0495079964673508,10,1.5,1,200,50,2.5,1,0.999491822827833,786.190821938312,0.00621952529838561,527.837051646637,10,0.2,13.0911786740692,0.75,NA,NA,NA,0.2,0.75
"nt","tl1.50_gl1.00_pr2.50_c200","model7",0.170580391747482,0.0507769166860017,8,1.5,1,200,50,2.5,0.8,0.999563505905421,634.709193376995,0.00587995725737272,592.638608326186,10,0.1,4.04725944341255,0.85,1,0.00397352720113596,0.05,0.5,0.45
"nt","tl1.50_gl1.00_pr2.50_c200","model8",0.174720815249048,0.0495000093499961,10,1.5,1,200,50,2.5,1,0.999444734413947,717.69253270428,0.00681192553858783,542.646031806581,10,0.3,12.8110300391353,0.65,NA,NA,NA,0.65,0.3
"nt","tl1.50_gl1.00_pr2.50_c200","model9",0.194183633689725,0.0518171059692637,5,1.5,1,200,50,2.5,0.5,0.999759217136188,424.249212152884,0.00417471550621793,554.968851314002,10,0.5,0.465111531992436,0.45,0.8,0.0383556338705023,0.15,0.5,0.45
"nt","tl1.50_gl1.00_pr2.50_c25","model1",0.568303051016608,0.117821083669693,10,1.5,1,25,50,2.5,1,0.999506359356042,756.411699770258,0.00582045200150004,470.975355578545,10,0.7,1.28382417118473,0.25,NA,NA,NA,0.7,0.25
"nt","tl1.50_gl1.00_pr2.50_c25","model10",0.559041011088719,0.148821555085195,10,1.5,1,25,50,2.5,1,0.999606152088249,787.953886230614,0.00500331869280481,543.7385067278,10,0.9,1.16553259302247,0.0499999999999999,NA,NA,NA,0.95,0
"nt","tl1.50_gl1.00_pr2.50_c25","model11",0.527259758996523,0.130476763346756,10,1.5,1,25,50,2.5,1,0.999398348676979,710.09533967166,0.00631339217093604,348.738672772027,10,0.8,0.557841092858093,0.15,NA,NA,NA,0.8,0.15
"nt","tl1.50_gl1.00_pr2.50_c25","model12",0.55553701290714,0.124822106605565,10,1.5,1,25,50,2.5,1,0.99963596108855,762.832057959928,0.0049700329228728,451.788199730744,10,0.1,0.724141708712222,0.85,NA,NA,NA,0.1,0.85
"nt","tl1.50_gl1.00_pr2.50_c25","model2",0.558192500764602,0.136283236600815,10,1.5,1,25,50,2.5,1,0.999449395737339,724.224341599146,0.00595001506454399,466.753750887209,10,0.7,4.44064352014463,0.25,NA,NA,NA,0.7,0.25
"nt","tl1.50_gl1.00_pr2.50_c25","model3",0.567584545835932,0.128208977156913,10,1.5,1,25,50,2.5,1,0.999531415026609,786.375427951023,0.00557389321749474,436.83244992374,10,0.7,1.0428826818268,0.25,0.9,0.0791901935469971,0.0499999999999999,0.8,0.15
"nt","tl1.50_gl1.00_pr2.50_c25","model4",0.565197483646043,0.133855463230384,10,1.5,1,25,50,2.5,1,0.999529826637946,783.128140308788,0.00554362081344476,476.574099117501,10,0.9,0.407874881585307,0.0499999999999999,NA,NA,NA,0.9,0.0499999999999999
"nt","tl1.50_gl1.00_pr2.50_c25","model5",0.569629044815106,0.132152155239589,10,1.5,1,25,50,2.5,1,0.999540223779636,775.49024960501,0.005436838878358,456.096935990536,10,0.8,0.316661902966456,0.15,NA,NA,NA,0.85,0.0999999999999999
"nt","tl1.50_gl1.00_pr2.50_c25","model6",0.556702317037701,0.145306228223638,10,1.5,1,25,50,2.5,1,0.999488031126483,739.709381958707,0.00570246203994019,458.645679504957,10,0.8,1.67248144736578,0.15,NA,NA,NA,0.8,0.15
"nt","tl1.50_gl1.00_pr2.50_c25","model7",0.5582766717993,0.148991881059457,10,1.5,1,25,50,2.5,1,0.999593310541318,793.356023486358,0.00530053064786625,525.118477156867,10,0.8,0.836628831607983,0.15,NA,NA,NA,0.9,0.0499999999999999
"nt","tl1.50_gl1.00_pr2.50_c25","model8",0.559031022264643,0.147770499746539,10,1.5,1,25,50,2.5,1,0.999544258646388,788.832332531776,0.00536577792901046,506.53436727584,10,0.8,1.11611393332864,0.15,NA,NA,NA,0.9,0.0499999999999999
"nt","tl1.50_gl1.00_pr2.50_c25","model9",0.55095270899413,0.0868164748115856,9,1.5,1,25,50,2.5,0.9,0.999626745639611,669.183924084098,0.00466742439879229,533.436486721017,10,0.9,0.240428261034564,0.0499999999999999,NA,NA,NA,0.944444444444444,0.00555555555555554
"nt","tl1.50_gl1.00_pr2.50_c50","model1",0.445736101394237,0.0950395000240545,10,1.5,1,50,50,2.5,1,0.999371393847764,720.390877447328,0.00614151242543798,401.111627157732,10,0.4,2.23695352488906,0.55,NA,NA,NA,0.4,0.55
"nt","tl1.50_gl1.00_pr2.50_c50","model10",0.429202708191674,0.0785146596985143,10,1.5,1,50,50,2.5,1,0.999570907715765,799.778320419229,0.00504212320636858,451.742399577358,10,0.6,4.34486166931449,0.35,NA,NA,NA,0.8,0.15
"nt","tl1.50_gl1.00_pr2.50_c50","model11",0.420906553962016,0.0776896815392913,10,1.5,1,50,50,2.5,1,0.999423387987718,752.902938824701,0.00588817685463554,299.279716344312,10,0.3,1.280188458641,0.65,NA,NA,NA,0.3,0.65
"nt","tl1.50_gl1.00_pr2.50_c50","model12",0.439063801620505,0.0941789643427757,10,1.5,1,50,50,2.5,1,0.999691783444695,668.209065304979,0.0041755044298639,397.643705855082,10,0.1,0.845571738674367,0.85,NA,NA,NA,0.1,0.85
"nt","tl1.50_gl1.00_pr2.50_c50","model2",0.43756481294686,0.0767723890302937,10,1.5,1,50,50,2.5,1,0.999401443434071,731.495396539512,0.00617614589527135,466.320134438353,10,0.4,12.3996738947678,0.55,NA,NA,NA,0.4,0.55
"nt","tl1.50_gl1.00_pr2.50_c50","model3",0.441502560728498,0.103507152647186,10,1.5,1,50,50,2.5,1,0.999410517313604,741.952145891765,0.00598009480164744,424.830922739659,10,0.4,2.16253016819486,0.55,0.9,0.0808707235634661,0.0499999999999999,0.65,0.3
"nt","tl1.50_gl1.00_pr2.50_c50","model4",0.443516428400777,0.0938880530572631,10,1.5,1,50,50,2.5,1,0.999465571389703,768.682378286922,0.00566497811566377,486.149739348592,10,0.6,1.21680400310465,0.35,NA,NA,NA,0.6,0.35
"nt","tl1.50_gl1.00_pr2.50_c50","model5",0.442967005053885,0.0906559745574599,10,1.5,1,50,50,2.5,1,0.999508368270636,781.72649614575,0.00538441455683176,420.525810540998,10,0.5,1.10037622730459,0.45,NA,NA,NA,0.7,0.25
"nt","tl1.50_gl1.00_pr2.50_c50","model6",0.433593172091707,0.0763339894393827,10,1.5,1,50,50,2.5,1,0.999478155526238,787.684374677273,0.00553133423005205,479.186756412239,10,0.5,5.54571239512565,0.45,NA,NA,NA,0.5,0.45
"nt","tl1.50_gl1.00_pr2.50_c50","model7",0.429081078299,0.0769918401811236,10,1.5,1,50,50,2.5,1,0.999588376947828,834.874340074561,0.00493259405626266,490.079996445702,10,0.5,2.61994679806598,0.45,NA,NA,NA,0.75,0.2
"nt","tl1.50_gl1.00_pr2.50_c50","model8",0.429567208658578,0.0747462907553456,10,1.5,1,50,50,2.5,1,0.999447149027242,777.735814849715,0.00563879082022237,463.770179722794,10,0.6,4.60371562936487,0.35,NA,NA,NA,0.8,0.15
"nt","tl1.50_gl1.00_pr2.50_c50","model9",0.414101277417771,0.0772859623566805,8,1.5,1,50,50,2.5,0.8,0.999653337248408,663.899205935873,0.00431823250432881,527.426241622454,10,0.7,0.377988777669301,0.25,NA,NA,NA,0.8125,0.1375
"nt","tl1.50_gl1.00_pr5.00_c100","model1",0.253728678895072,0.0909392174433384,10,1.5,1,100,50,5,1,0.99930512302324,766.42641253068,0.00659319590333889,362.328294303767,10,0.4,2.83529326500207,0.55,NA,NA,NA,0.4,0.55
"nt","tl1.50_gl1.00_pr5.00_c100","model10",0.252764937587207,0.0832940600462168,10,1.5,1,100,50,5,1,0.999533107537113,737.699101677674,0.00516875218343974,526.675858918186,10,0,4.92587610509764,0.95,NA,NA,NA,0.5,0.45
"nt","tl1.50_gl1.00_pr5.00_c100","model11",0.238756875917726,0.0841388852869881,10,1.5,1,100,50,5,1,0.999250651551088,747.271550412411,0.00837659631858879,299.231774783714,10,0.4,1.77903842598534,0.55,NA,NA,NA,0.4,0.55
"nt","tl1.50_gl1.00_pr5.00_c100","model12",0.238809997589856,0.0716258920593483,9,1.5,1,100,50,5,0.9,0.999674381131455,478.092193119919,0.00477075201057148,381.096003786672,10,0.1,0.925715134105421,0.85,NA,NA,NA,0,0.95
"nt","tl1.50_gl1.00_pr5.00_c100","model2",0.253895941890629,0.0821719817188606,10,1.5,1,100,50,5,1,0.999318968319984,793.91985692012,0.00640441493217176,482.450604065255,10,0.4,18.1234377661182,0.55,NA,NA,NA,0.4,0.55
"nt","tl1.50_gl1.00_pr5.00_c100","model3",0.252563078761277,0.0911402238418083,10,1.5,1,100,50,5,1,0.999361213471696,759.100685517156,0.00612154937127016,370.377322313202,10,0.4,2.61677662862902,0.55,0.8,0.0434247094855019,0.15,0.6,0.35
"nt","tl1.50_gl1.00_pr5.00_c100","model4",0.249760042591533,0.0993922296168943,10,1.5,1,100,50,5,1,0.999600553988076,763.383529305386,0.00485114454933689,544.964841671488,10,0.1,0.845039744269021,0.85,NA,NA,NA,0.1,0.85
"nt","tl1.50_gl1.00_pr5.00_c100","model5",0.250173014828575,0.098134883808297,10,1.5,1,100,50,5,1,0.999612453706187,737.00418399516,0.00481073219987359,510.905087769834,10,0.1,0.824541914027114,0.85,NA,NA,NA,0.5,0.45
"nt","tl1.50_gl1.00_pr5.00_c100","model6",0.253713432210616,0.0843942648273224,10,1.5,1,100,50,5,1,0.999512818916995,786.419751513493,0.00521788136744064,505.582678243008,10,0,5.4983887009255,0.95,NA,NA,NA,0,0.95
"nt","tl1.50_gl1.00_pr5.00_c100","model7",0.24071904126078,0.111420383853913,7,1.5,1,100,50,5,0.7,0.999550074362547,584.013479785348,0.00484422012610109,519.92203624891,10,0.4,1.84520985609397,0.55,1,0.0406661571176469,0.05,0.571428571428571,0.378571428571429
"nt","tl1.50_gl1.00_pr5.00_c100","model8",0.253147000756628,0.0864842180578307,10,1.5,1,100,50,5,1,0.999560752903572,697.645096775883,0.00498885891125213,538.892902918832,10,0,4.76625502773791,0.95,NA,NA,NA,0.5,0.45
"nt","tl1.50_gl1.00_pr5.00_c100","model9",0.237203822126436,0.0633033855618375,9,1.5,1,100,50,5,0.9,0.99974894894983,642.001391126821,0.00368990793122938,576.438261085272,10,0.2,0.642846866304323,0.75,1,0.00361698642600257,0.05,0.555555555555556,0.394444444444444
"nt","tl1.50_gl1.00_pr5.00_c200","model1",0.192742516873545,0.0640946855171187,10,1.5,1,200,50,5,1,0.99912064616346,716.877482903811,0.00837993725386476,428.527840144882,10,0.4,2.07251577205071,0.55,NA,NA,NA,0.4,0.55
"nt","tl1.50_gl1.00_pr5.00_c200","model10",0.174872270603889,0.0328150802907091,9,1.5,1,200,50,5,0.9,0.999534233911171,626.82941786787,0.00564446401802413,574.916913163151,10,0.1,4.97450092537268,0.85,0.5,0.0388277540157618,0.45,0.666666666666667,0.283333333333333
"nt","tl1.50_gl1.00_pr5.00_c200","model11",0.175414861701705,0.0552112745150881,10,1.5,1,200,50,5,1,0.999244286806514,772.761019971571,0.00869814864083096,365.161326442812,10,0.5,1.4019315361182,0.45,NA,NA,NA,0.5,0.45
"nt","tl1.50_gl1.00_pr5.00_c200","model2",0.177546536872452,0.0445988264198917,10,1.5,1,200,50,5,1,0.99925805275987,731.452436416571,0.00753150020865183,547.030206145571,10,0.5,26.2506662308546,0.45,NA,NA,NA,0.5,0.45
"nt","tl1.50_gl1.00_pr5.00_c200","model3",0.19391034000705,0.0700448274240495,10,1.5,1,200,50,5,1,0.999189182202115,797.835919833153,0.00790591380524059,408.841704189646,10,0.4,2.05871845802567,0.55,1,0.00493204142265794,0.05,0.7,0.25
"nt","tl1.50_gl1.00_pr5.00_c200","model4",0.186477712128821,0.0520851861366845,10,1.5,1,200,50,5,1,0.999582640246166,711.912487262269,0.00536052901496602,505.770317456731,10,0,0.688717803537262,0.95,NA,NA,NA,0,0.95
"nt","tl1.50_gl1.00_pr5.00_c200","model5",0.186290883905165,0.0486856390511031,10,1.5,1,200,50,5,1,0.999649905417248,744.67910098776,0.00490449308006836,547.662988179746,10,0,0.705155929018857,0.95,NA,NA,NA,0.5,0.45
"nt","tl1.50_gl1.00_pr5.00_c200","model6",0.17749151152912,0.0316955087100248,9,1.5,1,200,50,5,0.9,0.999545712135781,636.023085589008,0.00570110746410289,555.55837393534,10,0.1,5.16761459856692,0.85,NA,NA,NA,0,0.95
"nt","tl1.50_gl1.00_pr5.00_c200","model7",0.179487579425058,0.0504793257972625,9,1.5,1,200,50,5,0.9,0.999571661423563,574.622483639363,0.0052598266122014,563.904307310137,10,0.1,1.61574760610836,0.85,1,0.00529958279410748,0.05,0.666666666666667,0.283333333333333
"nt","tl1.50_gl1.00_pr5.00_c200","model8",0.165909166124224,0.0405659280857799,8,1.5,1,200,50,5,0.8,0.999569591436699,641.0438154586,0.00531129140334683,591.97405801557,10,0.2,5.12885022712051,0.75,NA,NA,NA,0.5,0.45
"nt","tl1.50_gl1.00_pr5.00_c200","model9",0.192696131005567,0.0457104243608647,6,1.5,1,200,50,5,0.6,0.99977012286133,411.326540491259,0.00374014967432462,579.626190427301,10,0.2,0.738928040750503,0.75,1,0.00824229199332673,0.05,0.666666666666667,0.283333333333333
"nt","tl1.50_gl1.00_pr5.00_c25","model1",0.49448832046471,0.140996733745245,10,1.5,1,25,50,5,1,0.999389129703507,752.058839234689,0.0062826561499503,460.999144823121,10,0.8,0.996267716648179,0.15,NA,NA,NA,0.8,0.15
"nt","tl1.50_gl1.00_pr5.00_c25","model10",0.487416061844402,0.0844693660460824,10,1.5,1,25,50,5,1,0.999502674550805,769.124071865845,0.0055093368665583,507.670150290686,10,0.8,0.608342725230079,0.15,NA,NA,NA,0.85,0.0999999999999999
"nt","tl1.50_gl1.00_pr5.00_c25","model11",0.464521433672426,0.154843235458341,10,1.5,1,25,50,5,1,0.999394927170254,755.962774837756,0.00618389088780276,406.879777509982,10,0.7,0.465885649949536,0.25,NA,NA,NA,0.7,0.25
"nt","tl1.50_gl1.00_pr5.00_c25","model12",0.48694869335996,0.144987920558279,10,1.5,1,25,50,5,1,0.999621885590295,816.843025232544,0.00470190326701291,462.219466738061,10,0.1,0.76104181021542,0.85,NA,NA,NA,0.1,0.85
"nt","tl1.50_gl1.00_pr5.00_c25","model2",0.490390827817908,0.0806314263722673,10,1.5,1,25,50,5,1,0.999421425071958,763.012822733525,0.00608960954418087,512.623947121841,10,0.8,4.08746649022002,0.15,NA,NA,NA,0.8,0.15
"nt","tl1.50_gl1.00_pr5.00_c25","model3",0.49123741555716,0.139290262737753,10,1.5,1,25,50,5,1,0.999438962142232,772.495755845054,0.00593508288477063,463.716135605975,10,0.8,0.800351292146953,0.15,0.9,0.0910386026158963,0.0499999999999999,0.85,0.0999999999999999
"nt","tl1.50_gl1.00_pr5.00_c25","model4",0.485517163577034,0.126613792953393,10,1.5,1,25,50,5,1,0.99943246384732,742.402012945816,0.00585867683499545,512.861986841544,10,0.8,0.304167603682518,0.15,NA,NA,NA,0.8,0.15
"nt","tl1.50_gl1.00_pr5.00_c25","model5",0.485422303330937,0.130827685721045,10,1.5,1,25,50,5,1,0.999507999121236,799.311507104789,0.00545450611162158,515.760495068607,10,0.8,0.344522884506231,0.15,NA,NA,NA,0.85,0.0999999999999999
"nt","tl1.50_gl1.00_pr5.00_c25","model6",0.485968990075107,0.0832368629257062,10,1.5,1,25,50,5,1,0.999454805805599,738.602917733796,0.00589043944797478,522.21548826183,10,0.8,1.02696256025654,0.15,NA,NA,NA,0.8,0.15
"nt","tl1.50_gl1.00_pr5.00_c25","model7",0.487786632521402,0.0842160867121479,10,1.5,1,25,50,5,1,0.999516211297546,879.885510245075,0.00542015220562693,531.273354816565,10,0.8,0.503574198293846,0.15,NA,NA,NA,0.85,0.0999999999999999
"nt","tl1.50_gl1.00_pr5.00_c25","model8",0.487384837037303,0.0848567982436327,10,1.5,1,25,50,5,1,0.999462418647821,795.58765831112,0.00574479781323835,507.158056009598,10,0.9,0.515263440992978,0.0499999999999999,NA,NA,NA,0.9,0.0499999999999999
"nt","tl1.50_gl1.00_pr5.00_c25","model9",0.488187843986647,0.0676635993831416,10,1.5,1,25,50,5,1,0.999563792736708,779.204590157374,0.0050211717882935,511.22848182577,10,0.7,0.390869130100785,0.25,NA,NA,NA,0.85,0.1
"nt","tl1.50_gl1.00_pr5.00_c50","model1",0.467243481714456,0.135398639721785,10,1.5,1,50,50,5,1,0.999366629564549,735.116156288259,0.00602046717858997,395.769193255466,10,0.3,3.2355244005936,0.65,NA,NA,NA,0.3,0.65
"nt","tl1.50_gl1.00_pr5.00_c50","model10",0.4633070724483,0.0954565445616307,10,1.5,1,50,50,5,1,0.999591200313546,746.357083859794,0.00489983906999545,533.699149401104,10,0.5,1.86300657917326,0.45,NA,NA,NA,0.7,0.25
"nt","tl1.50_gl1.00_pr5.00_c50","model11",0.439546611971847,0.152259301136664,10,1.5,1,50,50,5,1,0.999391907885149,714.984982309598,0.00653762189967239,296.119696306566,10,0.5,1.80374628397545,0.45,NA,NA,NA,0.5,0.45
"nt","tl1.50_gl1.00_pr5.00_c50","model12",0.460370093389887,0.145490879860625,9,1.5,1,50,50,5,0.9,0.99969081855579,599.91020946892,0.00448278666029939,407.741333497428,10,0.1,0.795268412000092,0.85,NA,NA,NA,0,0.95
"nt","tl1.50_gl1.00_pr5.00_c50","model2",0.465198160303023,0.094866848224743,10,1.5,1,50,50,5,1,0.999362904591556,773.781306310958,0.00624528807046914,473.651852264379,10,0.6,16.0722636146701,0.35,NA,NA,NA,0.6,0.35
"nt","tl1.50_gl1.00_pr5.00_c50","model3",0.473570965004876,0.140363505690125,10,1.5,1,50,50,5,1,0.999438306486342,755.36721584633,0.00586600104144172,402.225705356429,10,0.4,3.10427838077469,0.55,0.8,0.0622464526730266,0.15,0.6,0.35
"nt","tl1.50_gl1.00_pr5.00_c50","model4",0.469716702634655,0.107885151778607,10,1.5,1,50,50,5,1,0.999504364097151,725.854481089627,0.0055334059201934,450.231860087169,10,0.4,0.454948519059487,0.55,NA,NA,NA,0.4,0.55
"nt","tl1.50_gl1.00_pr5.00_c50","model5",0.472055381829879,0.102356836426727,10,1.5,1,50,50,5,1,0.999583041335263,748.848514180761,0.00494510142712999,513.226485902061,10,0.4,0.459862960491057,0.55,NA,NA,NA,0.7,0.25
"nt","tl1.50_gl1.00_pr5.00_c50","model6",0.46145708411495,0.0964592518298363,10,1.5,1,50,50,5,1,0.999555125895011,786.766847341109,0.005091772659098,539.70899933647,10,0.5,2.16052226259812,0.45,NA,NA,NA,0.5,0.45
"nt","tl1.50_gl1.00_pr5.00_c50","model7",0.464589626294898,0.094051816697702,10,1.5,1,50,50,5,1,0.999553566774963,700.28319238214,0.00509751466842517,507.246841683619,10,0.3,1.10648576335063,0.65,NA,NA,NA,0.65,0.3
"nt","tl1.50_gl1.00_pr5.00_c50","model8",0.462345816641178,0.0951338617858571,10,1.5,1,50,50,5,1,0.999577472975652,803.668149516075,0.00488148054771106,477.910306081812,10,0.5,2.12510703658654,0.45,NA,NA,NA,0.75,0.2
"nt","tl1.50_gl1.00_pr5.00_c50","model9",0.447918062778716,0.118625916894494,8,1.5,1,50,50,5,0.8,0.999644456609681,617.822137068127,0.00445826657998593,567.40148829665,10,0.5,0.49876308073779,0.45,NA,NA,NA,0.6875,0.2625
"nt","tl2.50_gl0.10_pr1.00_c100","model1",0.333668073930566,0.0334808713922305,10,2.5,0.1,100,50,1,1,0.999233189817626,750.513778226787,0.00700896583282256,370.194048603191,10,0.4,1.10006352388427,0.55,NA,NA,NA,0.4,0.55
"nt","tl2.50_gl0.10_pr1.00_c100","model10",0.301663183640808,0.0291914449433631,10,2.5,0.1,100,50,1,1,0.999482323034636,792.696213052712,0.00540672793108526,479.765888854172,10,0.6,2.28503826239313,0.35,NA,NA,NA,0.8,0.15
"nt","tl2.50_gl0.10_pr1.00_c100","model11",0.310585640084934,0.035915551490674,10,2.5,0.1,100,50,1,1,0.999248605745461,710.836063581265,0.00731551922812889,294.137467094941,10,0.4,0.571642596041013,0.55,NA,NA,NA,0.4,0.55
"nt","tl2.50_gl0.10_pr1.00_c100","model12",0.330835980797891,0.0302910357269397,7,2.5,0.1,100,50,1,0.7,0.999645648808043,403.408321751793,0.00484657331002832,409.950635492745,10,0,3.19567208034296,0.95,NA,NA,NA,0,0.95
"nt","tl2.50_gl0.10_pr1.00_c100","model2",0.308700839592291,0.0447171245866991,10,2.5,0.1,100,50,1,1,0.999285916702158,704.114912585141,0.00652097599993081,417.094596363345,10,0.4,10.2520893974912,0.55,NA,NA,NA,0.4,0.55
"nt","tl2.50_gl0.10_pr1.00_c100","model3",0.323925019979866,0.0449351404837078,10,2.5,0.1,100,50,1,1,0.999283276809968,774.811274937794,0.00656653348334044,357.102901910573,10,0.4,1.03328493405717,0.55,0,59.7630051229576,0.95,0.2,0.75
"nt","tl2.50_gl0.10_pr1.00_c100","model4",0.339952703047507,0.0422323381781908,10,2.5,0.1,100,50,1,1,0.999295915854687,740.354852565382,0.00646148328562429,355.336123719617,10,0.5,0.355103638105192,0.45,NA,NA,NA,0.5,0.45
"nt","tl2.50_gl0.10_pr1.00_c100","model5",0.319532559977315,0.0457314733558415,10,2.5,0.1,100,50,1,1,0.999523922089224,800.303648352434,0.00530799895293566,443.212791571483,10,0.7,0.516276411451288,0.25,NA,NA,NA,0.55,0.4
"nt","tl2.50_gl0.10_pr1.00_c100","model6",0.307373769797021,0.0458532151612265,10,2.5,0.1,100,50,1,1,0.999397582483919,810.03073396421,0.00579039382322181,440.270271477812,10,0.7,0.532441662577683,0.25,NA,NA,NA,0.7,0.25
"nt","tl2.50_gl0.10_pr1.00_c100","model7",0.312645411365913,0.0602759966492499,8,2.5,0.1,100,50,1,0.8,0.99956513439653,625.288513577198,0.00478689363338499,489.270120400266,10,0.9,0.604994272091434,0.0499999999999999,0,77.6203709008839,0.95,0.8125,0.1375
"nt","tl2.50_gl0.10_pr1.00_c100","model8",0.301573547608053,0.0352310011375535,10,2.5,0.1,100,50,1,1,0.999423235245658,782.363224404435,0.00571271633340569,440.674280797739,10,0.6,2.42953429140513,0.35,NA,NA,NA,0.7,0.25
"nt","tl2.50_gl0.10_pr1.00_c100","model9",0.297786349708821,0.0281070835185231,9,2.5,0.1,100,50,1,0.9,0.999819469457779,569.5555391287,0.00299340003299887,539.675568753603,10,0.9,0.517143829431341,0.0499999999999999,NA,NA,NA,0.888888888888889,0.0611111111111111
"nt","tl2.50_gl0.10_pr1.00_c200","model1",0.200457336907127,0.0502003608445805,10,2.5,0.1,200,50,1,1,0.999172918851147,754.557107545421,0.00820962114501387,371.965908451162,10,0.4,1.43960307018122,0.55,NA,NA,NA,0.4,0.55
"nt","tl2.50_gl0.10_pr1.00_c200","model10",0.188124441905625,0.0488483109153348,10,2.5,0.1,200,50,1,1,0.999450556198647,740.377921070024,0.00642494544810802,551.026674309826,10,0.6,6.78801046977859,0.35,NA,NA,NA,0.8,0.15
"nt","tl2.50_gl0.10_pr1.00_c200","model11",0.207973624675341,0.0755186071551982,10,2.5,0.1,200,50,1,1,0.999188436147748,741.683868051008,0.00984207162757521,294.725099295226,10,0.5,0.789551711051402,0.45,NA,NA,NA,0.5,0.45
"nt","tl2.50_gl0.10_pr1.00_c200","model2",0.195415722826283,0.0368985878719884,10,2.5,0.1,200,50,1,1,0.999163344465796,753.437893895236,0.00781287201878871,454.724996280506,10,0.4,32.1251237459634,0.55,NA,NA,NA,0.4,0.55
"nt","tl2.50_gl0.10_pr1.00_c200","model3",0.196607153752256,0.0483604691152147,10,2.5,0.1,200,50,1,1,0.999179865688673,710.129312359538,0.00810660371785416,367.851833572362,10,0.4,1.40498125661215,0.55,0,60.7877317587699,0.95,0.2,0.75
"nt","tl2.50_gl0.10_pr1.00_c200","model4",0.199296945849334,0.048925659098344,10,2.5,0.1,200,50,1,1,0.999341203473976,771.517419096096,0.00698372006417738,430.208673511941,10,1,0.0128097801620442,0.05,NA,NA,NA,1,0.05
"nt","tl2.50_gl0.10_pr1.00_c200","model5",0.189463482073403,0.0646602311796122,10,2.5,0.1,200,50,1,1,0.999500547696638,748.543231576246,0.00607558967919449,520.076080646992,10,0.8,0.104304957021115,0.15,NA,NA,NA,0.65,0.3
"nt","tl2.50_gl0.10_pr1.00_c200","model6",0.197990654775624,0.0430597554694905,10,2.5,0.1,200,50,1,1,0.999390837418066,769.900509354748,0.00646121341222849,493.511749952805,10,0.8,0.32861232292813,0.15,NA,NA,NA,0.8,0.15
"nt","tl2.50_gl0.10_pr1.00_c200","model7",0.194707255818666,0.0566340848917475,8,2.5,0.1,200,50,1,0.8,0.999607402338436,603.525238454135,0.00491467596696323,543.609321370731,10,0.8,1.04241370864999,0.15,0,79.5565004893598,0.95,0.875,0.075
"nt","tl2.50_gl0.10_pr1.00_c200","model8",0.186628244715568,0.0435495564452523,10,2.5,0.1,200,50,1,1,0.99935898088654,728.304045916945,0.00690380710318693,463.135973377338,10,0.6,6.45009068482101,0.35,NA,NA,NA,0.8,0.15
"nt","tl2.50_gl0.10_pr1.00_c200","model9",0.177782542908808,0.0340194873106599,6,2.5,0.1,200,50,1,0.6,0.999774710510087,269.90850357792,0.00364757588084058,600.271331629736,10,1,0.327916999095047,0.05,0,81.4966576580913,0.95,1,0.05
"nt","tl2.50_gl0.10_pr1.00_c25","model1",0.617039656657062,0.0569642381265714,4,2.5,0.1,25,50,1,0.4,0.999195702821014,518.482894804739,0.00595653996343943,532.51177709154,10,0.7,0.476262513983412,0.25,NA,NA,NA,0.5,0.45
"nt","tl2.50_gl0.10_pr1.00_c25","model10",0.624407569686432,0.0726122893739251,10,2.5,0.1,25,50,1,1,0.999619630868413,791.639344291884,0.00500704417008472,520.624036535774,10,1,0.381283921802902,0.05,NA,NA,NA,0.9,0.0499999999999999
"nt","tl2.50_gl0.10_pr1.00_c25","model11",0.600319436688136,0.103187910934632,10,2.5,0.1,25,50,1,1,0.999537221905384,751.133126682365,0.0053780189156526,365.67118654246,10,0.7,0.377961430917877,0.25,NA,NA,NA,0.7,0.25
"nt","tl2.50_gl0.10_pr1.00_c25","model12",0.624249239475351,0.0781176040739976,10,2.5,0.1,25,50,1,1,0.999729583840411,673.928584411588,0.00420680586650136,437.63926186535,10,0,2.57195808571597,0.95,NA,NA,NA,0,0.95
"nt","tl2.50_gl0.10_pr1.00_c25","model2",0.632587569330801,0.0898627648458197,10,2.5,0.1,25,50,1,1,0.99948792198244,732.671863052797,0.00565364734735512,457.781668965756,10,0.6,0.833987041709135,0.35,NA,NA,NA,0.6,0.35
"nt","tl2.50_gl0.10_pr1.00_c25","model3",0.63011466794011,0.0819532742673342,10,2.5,0.1,25,50,1,1,0.999532427069606,825.281677312626,0.00557743036557718,478.399725321327,10,0.7,0.448394064993373,0.25,0,59.2773920415346,0.95,0.35,0.6
"nt","tl2.50_gl0.10_pr1.00_c25","model4",0.626612383505234,0.0775461842700687,10,2.5,0.1,25,50,1,1,0.999546834852562,796.735739032181,0.00546689927086191,512.020800388216,10,0.7,0.576553759881688,0.25,NA,NA,NA,0.7,0.25
"nt","tl2.50_gl0.10_pr1.00_c25","model5",0.615843964665318,0.0531580648775551,10,2.5,0.1,25,50,1,1,0.999548048616186,750.931576760591,0.00544928193312156,487.257883192635,10,0.9,0.627372852049401,0.0499999999999999,NA,NA,NA,0.8,0.15
"nt","tl2.50_gl0.10_pr1.00_c25","model6",0.627260667046252,0.0947864049515041,10,2.5,0.1,25,50,1,1,0.999554803460371,803.096302396583,0.00537697756713037,509.777470323912,10,1,0.470399444949852,0.05,NA,NA,NA,1,0.05
"nt","tl2.50_gl0.10_pr1.00_c25","model7",0.625933521879879,0.072330933115446,10,2.5,0.1,25,50,1,1,0.999579582498557,796.17771448437,0.00524187126885275,523.454903366614,10,1,0.360016500686084,0.05,NA,NA,NA,0.95,0
"nt","tl2.50_gl0.10_pr1.00_c25","model8",0.623834330510101,0.0727289472612338,10,2.5,0.1,25,50,1,1,0.99949490779633,757.856789663125,0.00569971233924946,472.943317141175,10,1,0.373151447000565,0.05,NA,NA,NA,1,0.05
"nt","tl2.50_gl0.10_pr1.00_c25","model9",0.626200621261291,0.0720663603145422,10,2.5,0.1,25,50,1,1,0.999617053727107,707.268916338095,0.00497466167410437,530.57912683973,10,1,0.589986917293381,0.05,NA,NA,NA,0.95,0
"nt","tl2.50_gl0.10_pr1.00_c50","model1",0.460981201752866,0.121654687237402,10,2.5,0.1,50,50,1,1,0.999377767604578,716.605912509986,0.00608463013355852,377.441456311387,10,0.8,0.30915652329192,0.15,NA,NA,NA,0.8,0.15
"nt","tl2.50_gl0.10_pr1.00_c50","model10",0.461852874810327,0.0932603365772592,10,2.5,0.1,50,50,1,1,0.999586143045517,808.134137289386,0.00501125799967691,476.543612149326,10,1,0.646100814223619,0.05,NA,NA,NA,0.95,0
"nt","tl2.50_gl0.10_pr1.00_c50","model11",0.437703861931125,0.109409447599014,10,2.5,0.1,50,50,1,1,0.999427053985926,728.342940218398,0.0060700413643593,247.559347672932,10,0.8,0.13449237839813,0.15,NA,NA,NA,0.8,0.15
"nt","tl2.50_gl0.10_pr1.00_c50","model12",0.453698531226435,0.124839339627303,10,2.5,0.1,50,50,1,1,0.999713672957228,481.639472229431,0.00418967942515573,428.975587123084,10,0,3.14010957659528,0.95,NA,NA,NA,0,0.95
"nt","tl2.50_gl0.10_pr1.00_c50","model2",0.459912093837942,0.0906402136651867,10,2.5,0.1,50,50,1,1,0.999418740898822,773.594019578474,0.00592717314298419,408.528083471416,10,0.7,2.43718828235206,0.25,NA,NA,NA,0.7,0.25
"nt","tl2.50_gl0.10_pr1.00_c50","model3",0.451665189374546,0.116659857179823,10,2.5,0.1,50,50,1,1,0.999405623099074,752.754329452473,0.00609804571772839,401.240150560997,10,0.8,0.353769574037979,0.15,0,58.595824491492,0.95,0.4,0.55
"nt","tl2.50_gl0.10_pr1.00_c50","model4",0.46314254499846,0.132845968554616,10,2.5,0.1,50,50,1,1,0.999453051021972,773.013512732494,0.00574684785535861,425.253822138769,10,0.8,0.313265833334647,0.15,NA,NA,NA,0.8,0.15
"nt","tl2.50_gl0.10_pr1.00_c50","model5",0.45076675363913,0.11382272025376,10,2.5,0.1,50,50,1,1,0.999533586194222,779.942711730021,0.00537491030540443,462.915863885512,10,0.9,0.237954911990731,0.0499999999999999,NA,NA,NA,0.8,0.15
"nt","tl2.50_gl0.10_pr1.00_c50","model6",0.463216568286294,0.0941702759158172,10,2.5,0.1,50,50,1,1,0.999432778396156,802.253417438318,0.00588982689550704,468.603108115532,10,0.9,0.511280968904099,0.0499999999999999,NA,NA,NA,0.9,0.0499999999999999
"nt","tl2.50_gl0.10_pr1.00_c50","model7",0.463162976758263,0.0897737181484664,10,2.5,0.1,50,50,1,1,0.99961722540744,772.407302033024,0.00471800999129768,460.757723788111,10,1,0.337379662879164,0.05,NA,NA,NA,1,0.05
"nt","tl2.50_gl0.10_pr1.00_c50","model8",0.46520139310792,0.0915304497493908,10,2.5,0.1,50,50,1,1,0.999459080713078,820.613300008201,0.00573958955617762,469.850190521999,10,0.9,0.671632938157232,0.0499999999999999,NA,NA,NA,0.95,0
"nt","tl2.50_gl0.10_pr1.00_c50","model9",0.455531492706193,0.073883418844011,9,2.5,0.1,50,50,1,0.9,0.999723164912979,645.701435376232,0.00402066578829039,491.882210579166,10,1,0.524555528577662,0.05,NA,NA,NA,1,0.05
"nt","tl2.50_gl0.10_pr2.50_c100","model1",0.311399195326347,0.146243957133652,10,2.5,0.1,100,50,2.5,1,0.999243900119177,739.560027189969,0.00683595693089793,359.012192642487,10,0.3,1.80375893459427,0.65,NA,NA,NA,0.3,0.65
"nt","tl2.50_gl0.10_pr2.50_c100","model10",0.314815426199731,0.107372287430669,10,2.5,0.1,100,50,2.5,1,0.999553705153158,847.531065943226,0.00522345320476841,467.516520140903,10,0.6,1.25129254841494,0.35,NA,NA,NA,0.7,0.25
"nt","tl2.50_gl0.10_pr2.50_c100","model11",0.305330666830427,0.150300515023974,10,2.5,0.1,100,50,2.5,1,0.999314746442603,753.389724448846,0.00790748823268437,248.137883483837,10,0.4,0.918216319783604,0.55,NA,NA,NA,0.4,0.55
"nt","tl2.50_gl0.10_pr2.50_c100","model12",0.309542351573818,0.148373498711961,10,2.5,0.1,100,50,2.5,1,0.999668023861596,483.500550339442,0.0049301204295543,351.944154201461,10,0,2.87164262411857,0.95,NA,NA,NA,0,0.95
"nt","tl2.50_gl0.10_pr2.50_c100","model2",0.30411968777948,0.102153616683455,10,2.5,0.1,100,50,2.5,1,0.999287655444352,794.141193221895,0.00664899650134506,418.775001133184,10,0.4,22.3330095712558,0.55,NA,NA,NA,0.4,0.55
"nt","tl2.50_gl0.10_pr2.50_c100","model3",0.311801780971468,0.148167410833443,10,2.5,0.1,100,50,2.5,1,0.999257569291241,739.931308262223,0.00676971889305184,371.948610465386,10,0.4,1.75754357941442,0.55,0,63.4755921084397,0.95,0.2,0.75
"nt","tl2.50_gl0.10_pr2.50_c100","model4",0.322299227427704,0.0315847439967664,5,2.5,0.1,100,50,2.5,0.5,0.999294070386728,614.111028547502,0.00674348274135911,486.900308697376,10,0.6,0.220404858454332,0.35,NA,NA,NA,0.6,0.35
"nt","tl2.50_gl0.10_pr2.50_c100","model5",0.312697117657644,0.1381801033549,10,2.5,0.1,100,50,2.5,1,0.999627992487555,789.160836108314,0.00475031261379164,556.775941684605,10,0.8,0.285983629641312,0.15,NA,NA,NA,0.55,0.4
"nt","tl2.50_gl0.10_pr2.50_c100","model6",0.306543205511322,0.0965807882202487,10,2.5,0.1,100,50,2.5,1,0.999292683016306,791.62026796445,0.00660297020714699,414.428005569199,10,0.7,0.175044981957417,0.25,NA,NA,NA,0.7,0.25
"nt","tl2.50_gl0.10_pr2.50_c100","model7",0.322663590225583,0.110604444255873,9,2.5,0.1,100,50,2.5,0.9,0.999582717918624,619.900075044377,0.00505834295826137,478.497262678597,10,0.9,0.618895793379696,0.0499999999999999,0,80.4182718878385,0.95,0.888888888888889,0.0611111111111111
"nt","tl2.50_gl0.10_pr2.50_c100","model8",0.314967492743608,0.10713539188521,10,2.5,0.1,100,50,2.5,1,0.999504993367577,784.6065610819,0.00571916171394072,460.089640755025,10,0.6,1.31502880548527,0.35,NA,NA,NA,0.7,0.25
"nt","tl2.50_gl0.10_pr2.50_c100","model9",0.23446991779156,0.0953142921246689,7,2.5,0.1,100,50,2.5,0.7,0.99983733238517,506.474142407804,0.00524992531276633,506.711181347374,10,0.8,0.953769613358739,0.15,NA,NA,NA,0.714285714285714,0.235714285714286
"nt","tl2.50_gl0.10_pr2.50_c200","model1",0.195147044341123,0.0735664985124875,10,2.5,0.1,200,50,2.5,1,0.999095576367456,740.260194417941,0.00855116136661748,475.758408788644,10,0.2,1.42052644614112,0.75,NA,NA,NA,0.2,0.75
"nt","tl2.50_gl0.10_pr2.50_c200","model10",0.192763791304051,0.0621350997709179,10,2.5,0.1,200,50,2.5,1,0.999526513117965,695.937252306728,0.00588828837003587,592.25208131996,10,0.3,2.87625994411825,0.65,NA,NA,NA,0.6,0.35
"nt","tl2.50_gl0.10_pr2.50_c200","model11",0.170117767158968,0.0857386139640381,10,2.5,0.1,200,50,2.5,1,0.999243213186424,726.452337952404,0.00870070315532754,353.660450152667,10,0.3,0.74902862463058,0.65,NA,NA,NA,0.3,0.65
"nt","tl2.50_gl0.10_pr2.50_c200","model2",0.195536157706585,0.0581498974261143,10,2.5,0.1,200,50,2.5,1,0.999343969244071,688.926981406595,0.00682385840659366,500.996034762871,10,0.3,21.8142128998883,0.65,NA,NA,NA,0.3,0.65
"nt","tl2.50_gl0.10_pr2.50_c200","model3",0.180260436020033,0.070589414129804,10,2.5,0.1,200,50,2.5,1,0.999251316670587,804.087449198718,0.00779371623050265,486.102282812787,10,0.3,1.36056607796372,0.65,0,62.5257541246854,0.95,0.15,0.8
"nt","tl2.50_gl0.10_pr2.50_c200","model4",0.189989350526204,0.0841127311336756,10,2.5,0.1,200,50,2.5,1,0.999356432651397,737.933262598102,0.00727274795138476,510.137255132877,10,0.7,0.171638402159109,0.25,NA,NA,NA,0.7,0.25
"nt","tl2.50_gl0.10_pr2.50_c200","model5",0.17667052800662,0.0896041122007627,10,2.5,0.1,200,50,2.5,1,0.999652800287881,729.582122503679,0.00477941231877939,520.567568731174,10,0.4,0.527611710773332,0.55,NA,NA,NA,0.4,0.55
"nt","tl2.50_gl0.10_pr2.50_c200","model6",0.193628682451256,0.0609945670556487,10,2.5,0.1,200,50,2.5,1,0.999294128688207,824.376393178368,0.00715156926398849,474.433863601952,10,0.7,0.291861681846792,0.25,NA,NA,NA,0.7,0.25
"nt","tl2.50_gl0.10_pr2.50_c200","model7",0.208954426152798,0.0483828492274684,9,2.5,0.1,200,50,2.5,0.9,0.99954050034338,718.409668185221,0.00578942144348368,500.379489823404,10,0.2,1.07181292927693,0.75,0,79.564477010307,0.95,0.333333333333333,0.616666666666667
"nt","tl2.50_gl0.10_pr2.50_c200","model8",0.193859804522593,0.0617328244706784,10,2.5,0.1,200,50,2.5,1,0.999539293144746,769.873461807909,0.00570321860822434,540.140675372234,10,0.3,2.96979289383401,0.65,NA,NA,NA,0.5,0.45
"nt","tl2.50_gl0.10_pr2.50_c200","model9",0.166721249332517,0.0626674780885331,5,2.5,0.1,200,50,2.5,0.5,0.999775379511945,270.227194450604,0.00384144316487366,562.492279341803,10,0.5,1.16850452683361,0.45,0,79.801944031631,0.95,0.3,0.65
"nt","tl2.50_gl0.10_pr2.50_c25","model1",0.567928703561671,0.111588393450315,10,2.5,0.1,25,50,2.5,1,0.999401848433003,753.766613921262,0.00621721637418386,426.269515492029,10,0.6,0.685983140232012,0.35,NA,NA,NA,0.6,0.35
"nt","tl2.50_gl0.10_pr2.50_c25","model10",0.573875077371718,0.102517120339966,10,2.5,0.1,25,50,2.5,1,0.999608851163945,826.955196145894,0.0051075258968484,494.92232852729,10,0.7,0.873781770708064,0.25,NA,NA,NA,0.7,0.25
"nt","tl2.50_gl0.10_pr2.50_c25","model11",0.539673095064578,0.146476506332514,10,2.5,0.1,25,50,2.5,1,0.999539751657899,781.641536469106,0.00544558449819916,320.787186515485,10,0.6,0.413806789257168,0.35,NA,NA,NA,0.6,0.35
"nt","tl2.50_gl0.10_pr2.50_c25","model12",0.560901097139265,0.111533121636804,10,2.5,0.1,25,50,2.5,1,0.999683064263831,654.918236703457,0.00450775051161108,423.393471289617,10,0,2.46408878454513,0.95,NA,NA,NA,0,0.95
"nt","tl2.50_gl0.10_pr2.50_c25","model2",0.568796657243358,0.117402526010233,10,2.5,0.1,25,50,2.5,1,0.999491259304334,745.901629749116,0.00566561271961597,464.245555714358,10,0.7,2.02734711451903,0.25,NA,NA,NA,0.7,0.25
"nt","tl2.50_gl0.10_pr2.50_c25","model3",0.569651281921658,0.119407669314431,10,2.5,0.1,25,50,2.5,1,0.999459741695574,755.626723802254,0.00591891295446799,482.425116922368,10,0.8,0.572077086845034,0.15,0,48.8947548106213,0.95,0.4,0.55
"nt","tl2.50_gl0.10_pr2.50_c25","model4",0.570480248203315,0.102804004078219,10,2.5,0.1,25,50,2.5,1,0.999505839437215,745.508265774055,0.00569946400598957,476.017612373977,10,0.5,0.871446036883954,0.45,NA,NA,NA,0.5,0.45
"nt","tl2.50_gl0.10_pr2.50_c25","model5",0.577988875637125,0.100766993288696,10,2.5,0.1,25,50,2.5,1,0.999593146043866,804.732218958426,0.00506479554547152,515.003992464932,10,0.8,0.591220979352261,0.15,NA,NA,NA,0.7,0.25
"nt","tl2.50_gl0.10_pr2.50_c25","model6",0.571336242690567,0.112225042839944,10,2.5,0.1,25,50,2.5,1,0.999470575101922,740.403004933164,0.00584590289178086,496.858106964923,10,0.6,0.845716417809316,0.35,NA,NA,NA,0.6,0.35
"nt","tl2.50_gl0.10_pr2.50_c25","model7",0.580882005150555,0.103611669368996,10,2.5,0.1,25,50,2.5,1,0.999571190955787,787.926089973347,0.00537015062515241,496.750766246061,10,0.8,0.918555122841772,0.15,NA,NA,NA,0.85,0.0999999999999999
"nt","tl2.50_gl0.10_pr2.50_c25","model8",0.581324600416519,0.103754526220046,10,2.5,0.1,25,50,2.5,1,0.999556998166948,750.342988987685,0.00537454119548998,521.953348467634,10,0.8,0.832967166062887,0.15,NA,NA,NA,0.85,0.0999999999999999
"nt","tl2.50_gl0.10_pr2.50_c25","model9",0.581051182306636,0.107033827129289,10,2.5,0.1,25,50,2.5,1,0.999643598165218,751.508175034189,0.00476506490573114,508.541627754748,10,0.8,1.07058270388857,0.15,NA,NA,NA,0.85,0.0999999999999999
"nt","tl2.50_gl0.10_pr2.50_c50","model1",0.4362260819175,0.139677241630824,10,2.5,0.1,50,50,2.5,1,0.999344929345834,704.642632991686,0.00650460505149885,336.251058811041,10,0.5,1.31923070269433,0.45,NA,NA,NA,0.5,0.45
"nt","tl2.50_gl0.10_pr2.50_c50","model10",0.436835478166311,0.0941484872047432,10,2.5,0.1,50,50,2.5,1,0.999545546480637,816.093158204313,0.00527712265018442,496.937273725056,10,0.5,1.82767815668865,0.45,NA,NA,NA,0.75,0.2
"nt","tl2.50_gl0.10_pr2.50_c50","model11",0.406594060198355,0.13224237976641,10,2.5,0.1,50,50,2.5,1,0.999458619727459,796.099283361689,0.00575482053965923,244.533361894585,10,0.7,0.55966497151627,0.25,NA,NA,NA,0.7,0.25
"nt","tl2.50_gl0.10_pr2.50_c50","model12",0.435944296603414,0.118253189068566,9,2.5,0.1,50,50,2.5,0.9,0.999761943363927,427.688043062838,0.0037215944920675,414.841690277679,10,0,2.82256607809714,0.95,NA,NA,NA,0,0.95
"nt","tl2.50_gl0.10_pr2.50_c50","model2",0.431829116616832,0.0923889768143139,10,2.5,0.1,50,50,2.5,1,0.999333060286667,768.658975126947,0.00629700942403254,430.907777010707,10,0.5,9.03567609019782,0.45,NA,NA,NA,0.5,0.45
"nt","tl2.50_gl0.10_pr2.50_c50","model3",0.430411906727668,0.13542706616476,10,2.5,0.1,50,50,2.5,1,0.999369327342682,755.601032651544,0.00625721104951912,414.970712554698,10,0.6,1.27269943010305,0.35,0,58.8406737724325,0.95,0.3,0.65
"nt","tl2.50_gl0.10_pr2.50_c50","model4",0.437742256306824,0.135148502530064,10,2.5,0.1,50,50,2.5,1,0.999476823005587,755.919325729043,0.00568626967477376,471.354853954141,10,0.6,0.484668788816079,0.35,NA,NA,NA,0.6,0.35
"nt","tl2.50_gl0.10_pr2.50_c50","model5",0.431806340280584,0.14513897719035,10,2.5,0.1,50,50,2.5,1,0.999655615760712,776.936120054727,0.00467092097523206,523.699047363741,10,0.5,0.829814665941205,0.45,NA,NA,NA,0.6,0.35
"nt","tl2.50_gl0.10_pr2.50_c50","model6",0.436158650609687,0.0831675575837593,10,2.5,0.1,50,50,2.5,1,0.999453213324435,798.771641448193,0.0057602074739299,453.374408364082,10,0.7,0.721017108993495,0.25,NA,NA,NA,0.7,0.25
"nt","tl2.50_gl0.10_pr2.50_c50","model7",0.44750476703225,0.0737797515912002,9,2.5,0.1,50,50,2.5,0.9,0.999641241494455,679.765383986226,0.00456073894720473,460.06376353437,10,0.5,1.19269254269218,0.45,0,76.3848515717033,0.95,0.777777777777778,0.172222222222222
"nt","tl2.50_gl0.10_pr2.50_c50","model8",0.435714814801353,0.0928828850594276,10,2.5,0.1,50,50,2.5,1,0.999500859595092,749.464016576375,0.00556938517461824,453.614790872809,10,0.5,1.82693083143806,0.45,NA,NA,NA,0.75,0.2
"nt","tl2.50_gl0.10_pr2.50_c50","model9",0.430050252350241,0.0938718109563699,9,2.5,0.1,50,50,2.5,0.9,0.999705608526175,576.560450551012,0.00409054205894252,483.201211127608,10,0.6,1.27110211838694,0.35,NA,NA,NA,0.777777777777778,0.172222222222222
"nt","tl2.50_gl0.10_pr5.00_c100","model1",0.289491254870392,0.101571929233914,10,2.5,0.1,100,50,5,1,0.999218009517332,685.500717032879,0.00720898673448945,335.25928705454,10,0.3,1.29901156900338,0.65,NA,NA,NA,0.3,0.65
"nt","tl2.50_gl0.10_pr5.00_c100","model10",0.299709179829411,0.118154273360345,10,2.5,0.1,100,50,5,1,0.999576477867429,771.965929813516,0.00504702149566988,538.530566046962,10,0.2,1.36351986432379,0.75,NA,NA,NA,0.55,0.4
"nt","tl2.50_gl0.10_pr5.00_c100","model11",0.250727353608699,0.0864367697298237,10,2.5,0.1,100,50,5,1,0.999252442247298,705.67573901014,0.00854164149345385,307.504071527493,10,0.3,0.609866648712038,0.65,NA,NA,NA,0.3,0.65
"nt","tl2.50_gl0.10_pr5.00_c100","model12",0.260303236095242,0.102870181349052,6,2.5,0.1,100,50,5,0.6,0.999663362003006,394.914421712735,0.00490824848946554,476.467760441017,10,0,2.96629142693343,0.95,NA,NA,NA,0,0.95
"nt","tl2.50_gl0.10_pr5.00_c100","model2",0.286703903316373,0.0874991363051958,10,2.5,0.1,100,50,5,1,0.999348132895283,758.496957352549,0.00605593037869641,469.613927679029,10,0.3,12.8259829640754,0.65,NA,NA,NA,0.3,0.65
"nt","tl2.50_gl0.10_pr5.00_c100","model3",0.276995996173058,0.100597279295067,10,2.5,0.1,100,50,5,1,0.999242028849676,798.353695243164,0.00722879651085371,352.275492684707,10,0.3,1.14437901013217,0.65,0,64.6104805758612,0.95,0.15,0.8
"nt","tl2.50_gl0.10_pr5.00_c100","model4",0.303450488240049,0.103845813616899,10,2.5,0.1,100,50,5,1,0.999505031405164,761.05582411096,0.00564567059914973,445.518881943465,10,0.3,0.637677684273943,0.65,NA,NA,NA,0.3,0.65
"nt","tl2.50_gl0.10_pr5.00_c100","model5",0.294129750445731,0.106834967499099,10,2.5,0.1,100,50,5,1,0.999705144800924,739.210190849121,0.00406828935831163,485.7546974894,10,0.1,1.16085868271535,0.85,NA,NA,NA,0.2,0.75
"nt","tl2.50_gl0.10_pr5.00_c100","model6",0.302506811329299,0.106088492876179,10,2.5,0.1,100,50,5,1,0.999378329381267,735.79339021373,0.0062364229848478,391.900956604479,10,0.7,0.495022961728106,0.25,NA,NA,NA,0.7,0.25
"nt","tl2.50_gl0.10_pr5.00_c100","model7",0.321969194250912,0.127066655350867,7,2.5,0.1,100,50,5,0.7,0.999606203403664,556.500762629063,0.00477865533295629,519.197448661405,10,0.2,1.41955263433059,0.75,0,78.3870122660942,0.95,0.428571428571429,0.521428571428571
"nt","tl2.50_gl0.10_pr5.00_c100","model8",0.299041606650131,0.116560948041012,10,2.5,0.1,100,50,5,1,0.999566825959732,772.792681271511,0.00519457116745583,526.541727227526,10,0.2,1.38303062930804,0.75,NA,NA,NA,0.4,0.55
"nt","tl2.50_gl0.10_pr5.00_c100","model9",0.272464450911359,0.0963078254289809,5,2.5,0.1,100,50,5,0.5,0.999787904812605,407.352093253508,0.00353410253745861,543.431309487749,10,0.3,1.87283645284385,0.65,0,82.7445367061172,0.95,0.3,0.65
"nt","tl2.50_gl0.10_pr5.00_c200","model1",0.175748606081095,0.0910598349787956,10,2.5,0.1,200,50,5,1,0.999239928742405,734.87204545501,0.00781598845064903,390.886646750561,10,0.2,1.3619972570543,0.75,NA,NA,NA,0.2,0.75
"nt","tl2.50_gl0.10_pr5.00_c200","model10",0.177702180028428,0.0426852775799066,10,2.5,0.1,200,50,5,1,0.999609026972015,784.732410341935,0.0052993948207604,491.890626741195,10,0,3.45281328841008,0.95,NA,NA,NA,0.4,0.55
"nt","tl2.50_gl0.10_pr5.00_c200","model11",0.148382543414365,0.111354537651779,10,2.5,0.1,200,50,5,1,0.999204399343719,755.188750189162,0.010203548367841,360.506737644251,10,0.4,0.715043475519863,0.55,NA,NA,NA,0.4,0.55
"nt","tl2.50_gl0.10_pr5.00_c200","model2",0.172698188455778,0.0538358084137076,9,2.5,0.1,200,50,5,0.9,0.9992720020929,686.27498683337,0.00739939694529835,491.711752306659,10,0.4,30.7978290279137,0.55,NA,NA,NA,0.333333333333333,0.616666666666667
"nt","tl2.50_gl0.10_pr5.00_c200","model3",0.181157245896804,0.0905275867136877,10,2.5,0.1,200,50,5,1,0.999278153311132,794.159585682488,0.007649775149273,451.624715924643,10,0.3,1.23051254675073,0.65,0,65.5626803559667,0.95,0.15,0.8
"nt","tl2.50_gl0.10_pr5.00_c200","model4",0.171531586551602,0.0793070093120186,10,2.5,0.1,200,50,5,1,0.999511434206631,704.661527959288,0.00584487341020384,528.933956313732,10,0.1,0.821782558981287,0.85,NA,NA,NA,0.1,0.85
"nt","tl2.50_gl0.10_pr5.00_c200","model5",0.175195584432834,0.0831697206929996,10,2.5,0.1,200,50,5,1,0.999734132623617,765.93516624653,0.00400358233133435,532.662225151114,10,0.2,1.36347357630377,0.75,NA,NA,NA,0.25,0.7
"nt","tl2.50_gl0.10_pr5.00_c200","model6",0.17212732484879,0.0616500435249905,10,2.5,0.1,200,50,5,1,0.999331657417806,760.743990872327,0.00708855143288464,428.511189810641,10,0.3,1.02819294517491,0.65,NA,NA,NA,0.3,0.65
"nt","tl2.50_gl0.10_pr5.00_c200","model7",0.179941449064031,0.0434019280015975,9,2.5,0.1,200,50,5,0.9,0.999563864139214,635.666387376686,0.00539492498852163,506.23296063198,10,0.2,1.64962160161945,0.75,0,81.2663434370374,0.95,0.5,0.45
"nt","tl2.50_gl0.10_pr5.00_c200","model8",0.178766046749439,0.039461612450423,10,2.5,0.1,200,50,5,1,0.999548533473254,724.07973275758,0.00539097701395748,544.964196791976,10,0,2.8173201712622,0.95,NA,NA,NA,0.35,0.6
"nt","tl2.50_gl0.10_pr5.00_c200","model9",0.175634073125072,0.0200671441662165,5,2.5,0.1,200,50,5,0.5,0.999773420929528,283.249801898698,0.0039197425971518,581.43833872045,10,0.2,1.99433315954075,0.75,0,80.307437351743,0.95,0.4,0.55
"nt","tl2.50_gl0.10_pr5.00_c25","model1",0.578353240280605,0.0590143365766466,10,2.5,0.1,25,50,5,1,0.999492899941056,742.600277770709,0.00584315766573432,436.415807030832,10,0.7,0.661675362349131,0.25,NA,NA,NA,0.7,0.25
"nt","tl2.50_gl0.10_pr5.00_c25","model10",0.554332080367081,0.0764613997926384,10,2.5,0.1,25,50,5,1,0.999536376871532,779.378396325644,0.00547622953850659,485.050244954616,10,0.9,0.544819130725012,0.0499999999999999,NA,NA,NA,0.8,0.15
"nt","tl2.50_gl0.10_pr5.00_c25","model11",0.545136525337992,0.080875812859079,10,2.5,0.1,25,50,5,1,0.999519405072773,696.117595469701,0.00572812777164531,280.108892533528,10,0.9,0.172560616161605,0.0499999999999999,NA,NA,NA,0.9,0.0499999999999999
"nt","tl2.50_gl0.10_pr5.00_c25","model12",0.57237456353222,0.0593419719149564,10,2.5,0.1,25,50,5,1,0.999682759378596,703.948208880716,0.00456555761023135,399.266591672359,10,0,2.13547393720569,0.95,NA,NA,NA,0,0.95
"nt","tl2.50_gl0.10_pr5.00_c25","model2",0.5703572644466,0.0668949280631778,10,2.5,0.1,25,50,5,1,0.999459222932756,704.89425407678,0.00594446081004495,456.317888915688,10,0.6,4.0006069959472,0.35,NA,NA,NA,0.6,0.35
"nt","tl2.50_gl0.10_pr5.00_c25","model3",0.584972688258948,0.0687791281892075,10,2.5,0.1,25,50,5,1,0.999495393886115,764.222284832981,0.00573187906352217,481.774613418198,10,0.9,0.427616610524718,0.0499999999999999,0,57.3837060152538,0.95,0.45,0.5
"nt","tl2.50_gl0.10_pr5.00_c25","model4",0.56244135562776,0.0501089597992082,10,2.5,0.1,25,50,5,1,0.999514527352763,717.75328283826,0.0056120943769614,484.32769880019,10,0.8,0.591119811813166,0.15,NA,NA,NA,0.8,0.15
"nt","tl2.50_gl0.10_pr5.00_c25","model5",0.556251420542218,0.0818010511336424,10,2.5,0.1,25,50,5,1,0.999589686464671,796.683511165446,0.00524729841811805,491.594460411759,10,0.7,0.567105220300364,0.25,NA,NA,NA,0.55,0.4
"nt","tl2.50_gl0.10_pr5.00_c25","model6",0.556447744256202,0.0647451874952325,10,2.5,0.1,25,50,5,1,0.999518512741471,790.432303687541,0.00551992589629118,503.692164053866,10,0.8,0.49731204250028,0.15,NA,NA,NA,0.8,0.15
"nt","tl2.50_gl0.10_pr5.00_c25","model7",0.55651572445436,0.0831691641711328,10,2.5,0.1,25,50,5,1,0.999519521909359,771.980244161814,0.00552514883843384,491.176674932604,10,0.7,0.899244491850483,0.25,NA,NA,NA,0.65,0.3
"nt","tl2.50_gl0.10_pr5.00_c25","model8",0.553917368103369,0.0859813174098825,10,2.5,0.1,25,50,5,1,0.999520804097335,793.061612063097,0.00560705368543996,493.46104711026,10,0.9,0.548184297340638,0.0499999999999999,NA,NA,NA,0.8,0.15
"nt","tl2.50_gl0.10_pr5.00_c25","model9",0.556623298238162,0.0725395827297827,9,2.5,0.1,25,50,5,0.9,0.999666365769325,757.182222103535,0.0045277917070694,513.423234437476,10,0.7,1.22560730421312,0.25,NA,NA,NA,0.611111111111111,0.338888888888889
"nt","tl2.50_gl0.10_pr5.00_c50","model1",0.452945918019382,0.0849476715892774,10,2.5,0.1,50,50,5,1,0.999444138757459,824.219760863378,0.00587596479033446,382.947939990345,10,0.5,1.13115282701344,0.45,NA,NA,NA,0.5,0.45
"nt","tl2.50_gl0.10_pr5.00_c50","model10",0.442528734401425,0.0693579791457474,10,2.5,0.1,50,50,5,1,0.999612900764691,838.009506387369,0.00478128000674451,522.848220293992,10,0.4,1.33752588972785,0.55,NA,NA,NA,0.45,0.5
"nt","tl2.50_gl0.10_pr5.00_c50","model11",0.432388263109006,0.0833800934041111,10,2.5,0.1,50,50,5,1,0.99954943935466,761.47274442097,0.00550313471500317,261.459664583043,10,0.6,0.469648112342143,0.35,NA,NA,NA,0.6,0.35
"nt","tl2.50_gl0.10_pr5.00_c50","model12",0.450977637591468,0.0896111378658973,10,2.5,0.1,50,50,5,1,0.999726592846441,551.681911361801,0.00395780068695043,380.046525061314,10,0,2.85987023897778,0.95,NA,NA,NA,0,0.95
"nt","tl2.50_gl0.10_pr5.00_c50","model2",0.445188726819345,0.0676137795605633,10,2.5,0.1,50,50,5,1,0.999381926160644,718.741057553732,0.00625124691090144,411.058864253704,10,0.6,11.2227593194793,0.35,NA,NA,NA,0.6,0.35
"nt","tl2.50_gl0.10_pr5.00_c50","model3",0.445571083471904,0.0806300491753155,10,2.5,0.1,50,50,5,1,0.999413269559413,736.588103589086,0.00601476292940863,398.687702230319,10,0.6,1.11268800112874,0.35,0,65.1491103474889,0.95,0.3,0.65
"nt","tl2.50_gl0.10_pr5.00_c50","model4",0.452538090107993,0.0719504700009771,10,2.5,0.1,50,50,5,1,0.99952601667646,731.390402954424,0.00541676877508192,451.784780038703,10,0.3,0.882657235461043,0.65,NA,NA,NA,0.3,0.65
"nt","tl2.50_gl0.10_pr5.00_c50","model5",0.451669644503676,0.068117381429688,10,2.5,0.1,50,50,5,1,0.999637584023006,789.942168711418,0.00478329218670813,474.522563808312,10,0.2,0.99625385640269,0.75,NA,NA,NA,0.2,0.75
"nt","tl2.50_gl0.10_pr5.00_c50","model6",0.444471267411243,0.0783105920677519,10,2.5,0.1,50,50,5,1,0.999480226405965,795.736010416048,0.00565170732578913,429.657374731745,10,0.6,0.797109183447273,0.35,NA,NA,NA,0.6,0.35
"nt","tl2.50_gl0.10_pr5.00_c50","model7",0.44032425929096,0.0553079322705904,9,2.5,0.1,50,50,5,0.9,0.999644579017793,660.891008800757,0.00458362764421726,478.389616485677,10,0.3,1.3947225135735,0.65,0,74.3099276171415,0.95,0.5,0.45
"nt","tl2.50_gl0.10_pr5.00_c50","model8",0.44224289475982,0.0625930915844694,10,2.5,0.1,50,50,5,1,0.99950014084809,810.826238326719,0.00557698880935143,456.706529877054,10,0.3,1.32963466408481,0.65,NA,NA,NA,0.45,0.5
"nt","tl2.50_gl0.10_pr5.00_c50","model9",0.431689239973513,0.0454450848887908,8,2.5,0.1,50,50,5,0.8,0.999736896753082,655.456565085332,0.00388550367925861,534.002163603369,10,0.3,1.52441256630826,0.65,NA,NA,NA,0.3125,0.6375
"nt","tl2.50_gl0.25_pr1.00_c100","model1",0.30445254164264,0.0975637684848612,10,2.5,0.25,100,50,1,1,0.999316963965138,769.064033169977,0.00668964988097455,404.994227482989,10,0.4,2.1937113639254,0.55,NA,NA,NA,0.4,0.55
"nt","tl2.50_gl0.25_pr1.00_c100","model10",0.303890927179497,0.0932727670002271,10,2.5,0.25,100,50,1,1,0.999387320067119,796.648636416628,0.00631552145374915,433.144057136775,10,0.8,9.12736010704172,0.15,NA,NA,NA,0.9,0.0499999999999999
"nt","tl2.50_gl0.25_pr1.00_c100","model11",0.278917245320051,0.0892200309882747,10,2.5,0.25,100,50,1,1,0.999295102111412,769.582597521156,0.00785088271209292,254.594797596836,10,0.3,1.21795657767072,0.65,NA,NA,NA,0.3,0.65
"nt","tl2.50_gl0.25_pr1.00_c100","model12",0.285174987993962,0.0960370228451959,7,2.5,0.25,100,50,1,0.7,0.999653834667541,502.936516607821,0.00489007964542866,382.818226099494,10,0,3.01143923656501,0.95,NA,NA,NA,0,0.95
"nt","tl2.50_gl0.25_pr1.00_c100","model2",0.302961691139887,0.0924339548204897,10,2.5,0.25,100,50,1,1,0.99922737648651,740.626137262822,0.00709251351244151,426.599590581006,10,0.5,14.5440493216887,0.45,NA,NA,NA,0.5,0.45
"nt","tl2.50_gl0.25_pr1.00_c100","model3",0.311705382892972,0.113878122854434,10,2.5,0.25,100,50,1,1,0.999279460005402,787.925799129489,0.00693507752272335,361.239109513643,10,0.4,2.26588259603133,0.55,0,5.31163682126796,0.95,0.2,0.75
"nt","tl2.50_gl0.25_pr1.00_c100","model4",0.310358289451187,0.0931195811631114,10,2.5,0.25,100,50,1,1,0.999312876573216,764.101349881713,0.00681101666382978,364.230164982343,10,0.5,1.07380365592868,0.45,NA,NA,NA,0.5,0.45
"nt","tl2.50_gl0.25_pr1.00_c100","model5",0.310890296176731,0.0995523695152207,10,2.5,0.25,100,50,1,1,0.999354602700863,776.145295932608,0.00658503679271064,350.192077416264,10,0.6,1.28121552494969,0.35,NA,NA,NA,0.6,0.35
"nt","tl2.50_gl0.25_pr1.00_c100","model6",0.304869118336719,0.0992177969988099,10,2.5,0.25,100,50,1,1,0.999289020817301,839.345673110703,0.00688277209890682,442.054089998521,10,0.5,4.24773663792306,0.45,NA,NA,NA,0.5,0.45
"nt","tl2.50_gl0.25_pr1.00_c100","model7",0.306247100023059,0.0956423462037982,10,2.5,0.25,100,50,1,1,0.999528193488504,745.280083289388,0.00518366321076051,482.143964392057,10,0.7,3.6015008425575,0.25,0,7.2824198176247,0.95,0.566666666666667,0.383333333333333
"nt","tl2.50_gl0.25_pr1.00_c100","model8",0.304175601910086,0.0943724978062271,10,2.5,0.25,100,50,1,1,0.999376701397694,817.239372357272,0.0063906481071088,458.036727124262,10,0.7,9.50865251120324,0.25,NA,NA,NA,0.85,0.1
"nt","tl2.50_gl0.25_pr1.00_c100","model9",0.274741211069593,0.0950189733546409,8,2.5,0.25,100,50,1,0.8,0.999849046568317,492.977079170548,0.00284792031990503,560.83430943642,10,0.9,0.525260137245251,0.0499999999999999,NA,NA,NA,0.9375,0.0125
"nt","tl2.50_gl0.25_pr1.00_c200","model1",0.212840548042839,0.0470701921799842,10,2.5,0.25,200,50,1,1,0.999215302575501,792.860273633202,0.00761091552510734,493.736169581835,10,0.2,1.90639652451554,0.75,NA,NA,NA,0.2,0.75
"nt","tl2.50_gl0.25_pr1.00_c200","model10",0.196414597054839,0.0569456169890124,10,2.5,0.25,200,50,1,1,0.999384904757356,790.591662333508,0.00652504727334572,545.9229318351,10,0.6,17.2405342434751,0.35,NA,NA,NA,0.8,0.15
"nt","tl2.50_gl0.25_pr1.00_c200","model11",0.202419307727442,0.0686628796207172,10,2.5,0.25,200,50,1,1,0.999223667843499,715.073974748012,0.00986194732305461,319.948322377017,10,0.5,1.07263291151957,0.45,NA,NA,NA,0.5,0.45
"nt","tl2.50_gl0.25_pr1.00_c200","model2",0.196494367577499,0.0501791238719215,10,2.5,0.25,200,50,1,1,0.999318633151852,837.191341348112,0.0072321980169574,533.563011550875,10,0.4,14.3441553401443,0.55,NA,NA,NA,0.4,0.55
"nt","tl2.50_gl0.25_pr1.00_c200","model3",0.216347475553207,0.0414138175059464,10,2.5,0.25,200,50,1,1,0.999119956121193,729.74490583567,0.00858048801086073,461.741340655255,10,0.3,2.07216324965916,0.65,0,5.43102766078425,0.95,0.15,0.8
"nt","tl2.50_gl0.25_pr1.00_c200","model4",0.215076555899043,0.0485153528246269,10,2.5,0.25,200,50,1,1,0.99924722602891,777.452688119859,0.00751257220064534,476.989539648543,10,0.6,1.04773295276598,0.35,NA,NA,NA,0.6,0.35
"nt","tl2.50_gl0.25_pr1.00_c200","model5",0.198726259834195,0.0687444581416289,10,2.5,0.25,200,50,1,1,0.999329286053805,766.705449574865,0.00705644777649517,471.254078958653,10,0.7,1.69029022372076,0.25,NA,NA,NA,0.55,0.4
"nt","tl2.50_gl0.25_pr1.00_c200","model6",0.203414834923279,0.0576329562441762,10,2.5,0.25,200,50,1,1,0.999295889788462,827.259205802715,0.00739218451172636,527.943966051805,10,0.7,4.06957770187043,0.25,NA,NA,NA,0.7,0.25
"nt","tl2.50_gl0.25_pr1.00_c200","model7",0.200896839701797,0.0727247336185336,8,2.5,0.25,200,50,1,0.8,0.999513087108762,528.669182919878,0.0057903375908074,550.666495331702,10,0.8,5.64543623242009,0.15,0,8.42130208293998,0.95,0.8125,0.1375
"nt","tl2.50_gl0.25_pr1.00_c200","model8",0.196697605673501,0.0586534121431828,10,2.5,0.25,200,50,1,1,0.999347281953873,773.938075238845,0.00678600187974722,535.3734422541,10,0.6,17.716767808288,0.35,NA,NA,NA,0.75,0.2
"nt","tl2.50_gl0.25_pr1.00_c200","model9",0.182647501188116,0.0419509918364948,4,2.5,0.25,200,50,1,0.4,0.99977515685531,213.489628633788,0.003700470407459,603.189355860089,10,1,0.321535535929486,0.05,0,8.58035712496109,0.95,1,0.05
"nt","tl2.50_gl0.25_pr1.00_c25","model1",0.569462999526548,0.0545227510852702,7,2.5,0.25,25,50,1,0.7,0.999370024361622,623.845837226384,0.00561792276854632,380.305340913964,10,0.5,1.55358590858644,0.45,NA,NA,NA,0.428571428571429,0.521428571428571
"nt","tl2.50_gl0.25_pr1.00_c25","model10",0.572228691487021,0.0624544613818996,10,2.5,0.25,25,50,1,1,0.999576785671985,766.074851151648,0.00515285761723203,534.938190215419,10,0.7,1.31526406192136,0.25,NA,NA,NA,0.8,0.15
"nt","tl2.50_gl0.25_pr1.00_c25","model11",0.5612280954884,0.05484124506058,10,2.5,0.25,25,50,1,1,0.999466145121061,705.828122326327,0.00583636737376081,293.156937144647,10,0.5,0.641470394719284,0.45,NA,NA,NA,0.5,0.45
"nt","tl2.50_gl0.25_pr1.00_c25","model12",0.578336395288724,0.058293353172149,10,2.5,0.25,25,50,1,1,0.999690019040667,674.239959802617,0.00441277010595331,378.028840170147,10,0.1,2.17403691916987,0.85,NA,NA,NA,0.1,0.85
"nt","tl2.50_gl0.25_pr1.00_c25","model2",0.582138241139238,0.0504902686128599,9,2.5,0.25,25,50,1,1,0.999505099666679,754.97311698402,0.0123761097523251,374.832868828392,10,0.5,2.49619893687549,0.45,NA,NA,NA,0.5,0.45
"nt","tl2.50_gl0.25_pr1.00_c25","model3",0.58858253895852,0.065520810854993,10,2.5,0.25,25,50,1,1,0.999444402471078,753.177039709957,0.00602707824051822,455.888508621771,10,0.6,1.43731454736548,0.35,0.4,4.84273932266097,0.55,0.5,0.45
"nt","tl2.50_gl0.25_pr1.00_c25","model4",0.584377888526428,0.052121653260866,10,2.5,0.25,25,50,1,1,0.99954055559085,781.492814783723,0.00549968849935784,458.059238855724,10,0.5,1.42932896108048,0.45,NA,NA,NA,0.5,0.45
"nt","tl2.50_gl0.25_pr1.00_c25","model5",0.583388150583385,0.065262847691087,10,2.5,0.25,25,50,1,1,0.999553698956501,819.778327898805,0.00536375957465638,506.867921607215,10,0.8,1.15634458052612,0.15,NA,NA,NA,0.7,0.25
"nt","tl2.50_gl0.25_pr1.00_c25","model6",0.575953758118299,0.0600789053223395,10,2.5,0.25,25,50,1,1,0.99951326759465,740.327448611724,0.00548378199337886,446.550426247916,10,0.7,1.30166029291606,0.25,NA,NA,NA,0.7,0.25
"nt","tl2.50_gl0.25_pr1.00_c25","model7",0.579234655577772,0.0758900904705188,10,2.5,0.25,25,50,1,1,0.999568970425772,782.497675937046,0.00527466975146172,484.575472745468,10,0.8,1.09913917219864,0.15,NA,NA,NA,0.85,0.0999999999999999
"nt","tl2.50_gl0.25_pr1.00_c25","model8",0.579389862964826,0.069085462714245,10,2.5,0.25,25,50,1,1,0.999546695137339,780.93941175715,0.00534836741498061,521.178627085765,10,0.7,1.80924691381775,0.25,NA,NA,NA,0.8,0.15
"nt","tl2.50_gl0.25_pr1.00_c25","model9",0.576418342375996,0.0671111388735377,10,2.5,0.25,25,50,1,1,0.999684300179709,758.809967087886,0.00429959504201975,524.14501516453,10,0.9,0.593363270939081,0.0499999999999999,NA,NA,NA,0.9,0.0499999999999999
"nt","tl2.50_gl0.25_pr1.00_c50","model1",0.391602721906915,0.0478505657038257,10,2.5,0.25,50,50,1,1,0.999408552802294,784.36819397311,0.00604784229807783,369.159203054636,10,0.5,1.39084755136131,0.45,NA,NA,NA,0.5,0.45
"nt","tl2.50_gl0.25_pr1.00_c50","model10",0.37300752272195,0.0339808568002194,10,2.5,0.25,50,50,1,1,0.999424720152436,753.697627653224,0.00595046566384538,450.418425542594,10,0.8,3.68956331667052,0.15,NA,NA,NA,0.85,0.0999999999999999
"nt","tl2.50_gl0.25_pr1.00_c50","model11",0.354833272587869,0.0662642978435258,10,2.5,0.25,50,50,1,1,0.999330766901096,740.191905544339,0.00680211926308966,269.748511808441,10,0.6,0.641690083261207,0.35,NA,NA,NA,0.6,0.35
"nt","tl2.50_gl0.25_pr1.00_c50","model12",0.363740953285551,0.0478284316791712,9,2.5,0.25,50,50,1,0.9,0.999688101077252,644.423571245449,0.00452469119263018,404.274139600377,10,0,2.86794823324716,0.95,NA,NA,NA,0,0.95
"nt","tl2.50_gl0.25_pr1.00_c50","model2",0.375743297191109,0.0338445608727638,10,2.5,0.25,50,50,1,1,0.999287793417528,781.212596455015,0.00661809602898758,400.312476452515,10,0.4,6.45596364855218,0.55,NA,NA,NA,0.4,0.55
"nt","tl2.50_gl0.25_pr1.00_c50","model3",0.386503157658882,0.0616954535094002,10,2.5,0.25,50,50,1,1,0.999363069874723,751.354364130481,0.00623896852138486,340.972512807922,10,0.5,1.41277249911266,0.45,0,5.14130181895149,0.95,0.25,0.7
"nt","tl2.50_gl0.25_pr1.00_c50","model4",0.391240097784187,0.0407230480346918,10,2.5,0.25,50,50,1,1,0.999402176421836,776.208048737014,0.00606937464675987,355.111018229149,10,0.7,0.67207070530907,0.25,NA,NA,NA,0.7,0.25
"nt","tl2.50_gl0.25_pr1.00_c50","model5",0.389226759567353,0.05804870568343,10,2.5,0.25,50,50,1,1,0.999526292066309,789.317406479147,0.00540994050609881,410.220456189308,10,0.7,0.724071245882381,0.25,NA,NA,NA,0.65,0.3
"nt","tl2.50_gl0.25_pr1.00_c50","model6",0.380533799945528,0.0326965790260412,10,2.5,0.25,50,50,1,1,0.99937714508486,808.473025637148,0.00622889040528773,446.480285016263,10,0.7,2.95312060505599,0.25,NA,NA,NA,0.7,0.25
"nt","tl2.50_gl0.25_pr1.00_c50","model7",0.377646338708612,0.0317688726217228,10,2.5,0.25,50,50,1,1,0.999527837933664,743.241877986055,0.00522046245009251,421.381684591058,10,0.8,1.88291466982176,0.15,NA,NA,NA,0.85,0.0999999999999999
"nt","tl2.50_gl0.25_pr1.00_c50","model8",0.371035789645469,0.0306105095556698,10,2.5,0.25,50,50,1,1,0.999425518844114,754.980455854451,0.00577765623930628,433.633877663551,10,0.8,4.12387224718497,0.15,NA,NA,NA,0.85,0.0999999999999999
"nt","tl2.50_gl0.25_pr1.00_c50","model9",0.375916470642344,0.0269193399102777,8,2.5,0.25,50,50,1,0.8,0.999755903037718,659.379777511811,0.00351046113308857,499.089973611746,10,1,0.55807472204075,0.05,NA,NA,NA,1,0.05
"nt","tl2.50_gl0.25_pr2.50_c100","model1",0.291582847571961,0.130515078034683,10,2.5,0.25,100,50,2.5,1,0.999141541371983,709.920277449021,0.00744151448444935,354.521937349071,10,0.3,2.55487800837802,0.65,NA,NA,NA,0.3,0.65
"nt","tl2.50_gl0.25_pr2.50_c100","model10",0.292478342871807,0.108339405157378,10,2.5,0.25,100,50,2.5,1,0.999500664498038,787.511537481218,0.00543724216929821,564.838889693353,10,0.3,8.98777616027557,0.65,NA,NA,NA,0.65,0.3
"nt","tl2.50_gl0.25_pr2.50_c100","model11",0.261372802719089,0.134593260152677,10,2.5,0.25,100,50,2.5,1,0.99927160147654,745.987977333581,0.00790095616437402,252.828453475757,10,0.5,1.36239092113647,0.45,NA,NA,NA,0.5,0.45
"nt","tl2.50_gl0.25_pr2.50_c100","model12",0.263901791985406,0.0806386561416789,8,2.5,0.25,100,50,2.5,0.8,0.999678505214526,490.505664555386,0.00495442119378213,448.718813363048,10,0,2.8200354719387,0.95,NA,NA,NA,0,0.95
"nt","tl2.50_gl0.25_pr2.50_c100","model2",0.285433045809999,0.112943429478083,10,2.5,0.25,100,50,2.5,1,0.999271112370981,798.762837185778,0.00669213984881365,491.285824906529,10,0.4,22.2481388825402,0.55,NA,NA,NA,0.4,0.55
"nt","tl2.50_gl0.25_pr2.50_c100","model3",0.290525339093328,0.135578223177234,10,2.5,0.25,100,50,2.5,1,0.999229961991792,760.313043977245,0.00694283441111815,366.616648706585,10,0.4,2.51734405805065,0.55,0,6.34446627030236,0.95,0.2,0.75
"nt","tl2.50_gl0.25_pr2.50_c100","model4",0.282407226390148,0.120533783127853,10,2.5,0.25,100,50,2.5,1,0.999405500472779,772.486775958714,0.00611432380066094,442.936670311863,10,0.3,0.787110663504263,0.65,NA,NA,NA,0.3,0.65
"nt","tl2.50_gl0.25_pr2.50_c100","model5",0.285415312183652,0.130381063508478,10,2.5,0.25,100,50,2.5,1,0.999598858669533,774.838211026394,0.00471159733364549,521.069758971577,10,0.3,0.750296580292913,0.65,NA,NA,NA,0.45,0.5
"nt","tl2.50_gl0.25_pr2.50_c100","model6",0.283874450789211,0.11270799152205,10,2.5,0.25,100,50,2.5,1,0.999303258869695,726.688895488686,0.00664107836094346,495.168564204698,10,0.1,2.73977490895405,0.85,NA,NA,NA,0.1,0.85
"nt","tl2.50_gl0.25_pr2.50_c100","model7",0.28732919594992,0.0874107099117996,9,2.5,0.25,100,50,2.5,0.9,0.999558442619999,696.547005887069,0.0048903505173977,490.85244028822,10,0.3,3.85996128030915,0.65,0,10.3210095328849,0.95,0.666666666666667,0.283333333333333
"nt","tl2.50_gl0.25_pr2.50_c100","model8",0.290835574017491,0.103278781998151,10,2.5,0.25,100,50,2.5,1,0.999410663254239,774.501085205881,0.00597837394819736,513.260516601033,10,0.3,9.06673507087203,0.65,NA,NA,NA,0.65,0.3
"nt","tl2.50_gl0.25_pr2.50_c100","model9",0.29159466392994,0.071580704552916,8,2.5,0.25,100,50,2.5,0.8,0.999807764364834,503.81202916623,0.00442669461540289,585.311030650569,10,0.5,1.13475193351637,0.45,NA,NA,NA,0.6875,0.2625
"nt","tl2.50_gl0.25_pr2.50_c200","model1",0.200501504613589,0.0675036787188643,10,2.5,0.25,200,50,2.5,1,0.999165182821929,731.840930046481,0.00803282813393608,472.233883487566,10,0.2,2.12996606920491,0.75,NA,NA,NA,0.2,0.75
"nt","tl2.50_gl0.25_pr2.50_c200","model10",0.178711272768945,0.0478521093612252,10,2.5,0.25,200,50,2.5,1,0.99948541391049,811.338451873468,0.00624187142363663,565.927368638553,10,0.3,10.203920808259,0.65,NA,NA,NA,0.6,0.35
"nt","tl2.50_gl0.25_pr2.50_c200","model11",0.19013317704417,0.0660422500867653,10,2.5,0.25,200,50,2.5,1,0.999167356299358,733.882492262795,0.00967308948389545,304.294904768313,10,0.4,1.18401897182011,0.55,NA,NA,NA,0.4,0.55
"nt","tl2.50_gl0.25_pr2.50_c200","model2",0.175719291990586,0.0584114989775847,10,2.5,0.25,200,50,2.5,1,0.999304604746023,861.135695613298,0.00718676387461235,516.305213986711,10,0.4,28.6974185350855,0.55,NA,NA,NA,0.4,0.55
"nt","tl2.50_gl0.25_pr2.50_c200","model3",0.200863984512452,0.0731871581665545,10,2.5,0.25,200,50,2.5,1,0.999236394440646,762.940986216046,0.00774772287327691,450.481420226702,10,0.3,2.14208482362809,0.65,0,5.8914662969721,0.95,0.15,0.8
"nt","tl2.50_gl0.25_pr2.50_c200","model4",0.193070058374352,0.0587338249952741,10,2.5,0.25,200,50,2.5,1,0.999368042472826,717.367278571461,0.00708928542725012,446.665812526786,10,0.3,0.524005582715396,0.65,NA,NA,NA,0.3,0.65
"nt","tl2.50_gl0.25_pr2.50_c200","model5",0.178974569756439,0.0664569214091188,10,2.5,0.25,200,50,2.5,1,0.999574504055141,758.417610431089,0.00565081629825993,547.421896291395,10,0.3,0.829689072038781,0.65,NA,NA,NA,0.4,0.55
"nt","tl2.50_gl0.25_pr2.50_c200","model6",0.176104986249148,0.0457847121842858,10,2.5,0.25,200,50,2.5,1,0.999324713527096,787.511223639191,0.0072305051526049,539.209351562809,10,0.3,3.20223757026,0.65,NA,NA,NA,0.3,0.65
"nt","tl2.50_gl0.25_pr2.50_c200","model7",0.184283942694931,0.0626162135943652,8,2.5,0.25,200,50,2.5,0.8,0.999502542317264,608.018875288601,0.00581747218743308,528.084614108651,10,0.3,2.77697313024712,0.65,0,8.78683674902942,0.95,0.416666666666667,0.533333333333333
"nt","tl2.50_gl0.25_pr2.50_c200","model8",0.176697044496215,0.0491219892788442,10,2.5,0.25,200,50,2.5,1,0.999453096772379,751.500229480328,0.00621715778161677,573.375921106295,10,0.3,9.896559800128,0.65,NA,NA,NA,0.65,0.3
"nt","tl2.50_gl0.25_pr2.50_c200","model9",0.171281141532781,0.0245437860545664,5,2.5,0.25,200,50,2.5,0.5,0.999776213710942,271.814342231901,0.00395857810195085,599.387806530889,10,0.6,1.04827172579925,0.35,0,8.93976867308076,0.95,0.6,0.35
"nt","tl2.50_gl0.25_pr2.50_c25","model1",0.585138676916603,0.122052785558273,10,2.5,0.25,25,50,2.5,1,0.999499713556154,697.815877093659,0.00566874595894304,476.593660623116,10,0.6,2.80275042081726,0.35,NA,NA,NA,0.6,0.35
"nt","tl2.50_gl0.25_pr2.50_c25","model10",0.593197250564367,0.0830297187843536,10,2.5,0.25,25,50,2.5,1,0.999591286195548,836.252224483253,0.00509608764516222,486.98129938464,10,0.6,1.7497193068519,0.35,NA,NA,NA,0.75,0.2
"nt","tl2.50_gl0.25_pr2.50_c25","model11",0.544642771378332,0.111628322992866,10,2.5,0.25,25,50,2.5,1,0.999457867647023,745.958599292914,0.00589317083931658,319.123008252497,10,0.6,1.20427047378128,0.35,NA,NA,NA,0.6,0.35
"nt","tl2.50_gl0.25_pr2.50_c25","model12",0.571634350308767,0.0871389334304085,9,2.5,0.25,25,50,2.5,0.9,0.999723347604238,608.55072627133,0.00414253018457016,462.043767768036,10,0.2,2.20568808896751,0.75,NA,NA,NA,0.111111111111111,0.838888888888889
"nt","tl2.50_gl0.25_pr2.50_c25","model2",0.587873752354904,0.0982789035717292,10,2.5,0.25,25,50,2.5,1,0.999488486947892,759.714554353688,0.00579446625646087,448.234654117386,10,0.7,7.29236447781205,0.25,NA,NA,NA,0.7,0.25
"nt","tl2.50_gl0.25_pr2.50_c25","model3",0.584330374228472,0.120027452179367,10,2.5,0.25,25,50,2.5,1,0.999445373187418,747.313654797796,0.00597786154271705,471.329703414531,10,0.7,2.54261565821007,0.25,0.1,3.47606037904348,0.85,0.4,0.55
"nt","tl2.50_gl0.25_pr2.50_c25","model4",0.588639152395792,0.106958873492045,10,2.5,0.25,25,50,2.5,1,0.999525462337179,768.527242609507,0.00569666427795607,514.159047815427,10,0.4,1.04709293242949,0.55,NA,NA,NA,0.4,0.55
"nt","tl2.50_gl0.25_pr2.50_c25","model5",0.596008563051004,0.112445001269075,10,2.5,0.25,25,50,2.5,1,0.999551810982022,756.418232578579,0.00534916644711089,538.22090646175,10,0.6,1.02800982665249,0.35,NA,NA,NA,0.7,0.25
"nt","tl2.50_gl0.25_pr2.50_c25","model6",0.592442557207091,0.0849861933104732,10,2.5,0.25,25,50,2.5,1,0.999531841563035,768.666581439734,0.00555462820121428,484.342166908229,10,0.6,1.38176704991793,0.35,NA,NA,NA,0.6,0.35
"nt","tl2.50_gl0.25_pr2.50_c25","model7",0.599785340965574,0.0841066136726455,10,2.5,0.25,25,50,2.5,1,0.999591366417627,784.008504778096,0.00510876528911122,529.214500068738,10,0.6,1.94358451512247,0.35,NA,NA,NA,0.8,0.15
"nt","tl2.50_gl0.25_pr2.50_c25","model8",0.595520965514479,0.0844344666954105,10,2.5,0.25,25,50,2.5,1,0.999507026781538,772.749722708221,0.00571910548406383,503.935561389504,10,0.6,2.08141056225452,0.35,NA,NA,NA,0.8,0.15
"nt","tl2.50_gl0.25_pr2.50_c25","model9",0.586650705222955,0.0836076761004552,9,2.5,0.25,25,50,2.5,0.9,0.999586178936913,694.642245735246,0.00513121446692827,526.312086329573,10,0.7,1.33787064838195,0.25,NA,NA,NA,0.777777777777778,0.172222222222222
"nt","tl2.50_gl0.25_pr2.50_c50","model1",0.401655720691309,0.115136186631029,10,2.5,0.25,50,50,2.5,1,0.999255579238536,712.097321611396,0.00682248484492703,381.7482292787,10,0.5,1.10231935335589,0.45,NA,NA,NA,0.5,0.45
"nt","tl2.50_gl0.25_pr2.50_c50","model10",0.398098732989221,0.0875938787739626,10,2.5,0.25,50,50,2.5,1,0.99947918400046,831.78344092755,0.00555964387207424,454.059239595276,10,0.6,3.50699440080284,0.35,NA,NA,NA,0.75,0.2
"nt","tl2.50_gl0.25_pr2.50_c50","model11",0.392187569191662,0.126133412552706,10,2.5,0.25,50,50,2.5,1,0.99943978912836,755.562468584721,0.00653973201055636,198.434745384772,10,0.5,0.477882317889602,0.45,NA,NA,NA,0.5,0.45
"nt","tl2.50_gl0.25_pr2.50_c50","model12",0.400489461498041,0.119127974423409,10,2.5,0.25,50,50,2.5,1,0.999762032865604,495.475836324897,0.00394038451289431,390.884909085228,10,0,2.85186490658665,0.95,NA,NA,NA,0,0.95
"nt","tl2.50_gl0.25_pr2.50_c50","model2",0.417576736608464,0.108357126532058,10,2.5,0.25,50,50,2.5,1,0.999372319844488,819.529429425668,0.00604388643255848,443.211655546534,10,0.5,6.84604742986058,0.45,NA,NA,NA,0.5,0.45
"nt","tl2.50_gl0.25_pr2.50_c50","model3",0.406069172827402,0.103764995647538,10,2.5,0.25,50,50,2.5,1,0.99934771741349,749.374389260629,0.00632208552913131,367.32926268975,10,0.6,1.06310935720035,0.35,0,4.77155715926206,0.95,0.3,0.65
"nt","tl2.50_gl0.25_pr2.50_c50","model4",0.401150296746082,0.120459756009677,10,2.5,0.25,50,50,2.5,1,0.99942598795242,756.45539240667,0.00596409042204778,412.03552849521,10,0.5,0.811242324434874,0.45,NA,NA,NA,0.5,0.45
"nt","tl2.50_gl0.25_pr2.50_c50","model5",0.388579248376118,0.117007284833812,10,2.5,0.25,50,50,2.5,1,0.999586401134421,796.752423407512,0.00487414359334476,485.729523869569,10,0.4,1.03805476249023,0.55,NA,NA,NA,0.6,0.35
"nt","tl2.50_gl0.25_pr2.50_c50","model6",0.407150377991554,0.101445956580986,10,2.5,0.25,50,50,2.5,1,0.999415335162466,749.595021868318,0.00586921531102656,465.496573773599,10,0.6,1.84396630118392,0.35,NA,NA,NA,0.6,0.35
"nt","tl2.50_gl0.25_pr2.50_c50","model7",0.399936092371378,0.0934496657176772,10,2.5,0.25,50,50,2.5,1,0.999500159990619,742.31257064572,0.00545199825890474,469.503085112511,10,0.3,2.76606068229397,0.65,NA,NA,NA,0.6,0.35
"nt","tl2.50_gl0.25_pr2.50_c50","model8",0.397188154714591,0.0877009368090692,10,2.5,0.25,50,50,2.5,1,0.999453319254756,785.61417781567,0.0056548045316922,474.774691476595,10,0.5,3.94040634516146,0.45,NA,NA,NA,0.7,0.25
"nt","tl2.50_gl0.25_pr2.50_c50","model9",0.378444393408593,0.0533756158781996,8,2.5,0.25,50,50,2.5,0.8,0.999735342382119,653.166127938712,0.00371483154024239,556.639664775144,10,0.5,1.2939641141162,0.45,NA,NA,NA,0.6875,0.2625
"nt","tl2.50_gl0.25_pr5.00_c100","model1",0.301233001575669,0.123057168726969,10,2.5,0.25,100,50,5,1,0.999308247424187,747.509481954913,0.00699082755824741,379.619645776636,10,0.4,1.96298362514718,0.55,NA,NA,NA,0.4,0.55
"nt","tl2.50_gl0.25_pr5.00_c100","model10",0.280124184899511,0.109678881037078,10,2.5,0.25,100,50,5,1,0.999515022470551,814.747931774038,0.00550614920719547,502.775010247237,10,0.1,3.9247562388914,0.85,NA,NA,NA,0.35,0.6
"nt","tl2.50_gl0.25_pr5.00_c100","model11",0.286779550098008,0.123954843338747,10,2.5,0.25,100,50,5,1,0.999286195707297,743.724458585112,0.00786987867450472,329.937441093308,10,0.5,1.01202805234815,0.45,NA,NA,NA,0.5,0.45
"nt","tl2.50_gl0.25_pr5.00_c100","model12",0.332146049684595,0.0763232187372816,6,2.5,0.25,100,50,5,0.6,0.999659798733992,399.616183478317,0.00510875769811282,402.739286338121,10,0,2.94582839182164,0.95,NA,NA,NA,0,0.95
"nt","tl2.50_gl0.25_pr5.00_c100","model2",0.286351975674348,0.105715731358227,10,2.5,0.25,100,50,5,1,0.999305192837798,844.887733056535,0.00677283188871845,454.21668730133,10,0.4,25.9209271154444,0.55,NA,NA,NA,0.4,0.55
"nt","tl2.50_gl0.25_pr5.00_c100","model3",0.296260667591031,0.116505767943781,10,2.5,0.25,100,50,5,1,0.999301790140421,787.82636552914,0.00698918091612227,426.159019666129,10,0.5,1.90949075544303,0.45,0,5.89498463361455,0.95,0.25,0.7
"nt","tl2.50_gl0.25_pr5.00_c100","model4",0.293773998157785,0.118010248789365,10,2.5,0.25,100,50,5,1,0.999547379715877,733.072002177512,0.00525124834657957,500.397085523711,10,0.2,1.21779608701081,0.75,NA,NA,NA,0.2,0.75
"nt","tl2.50_gl0.25_pr5.00_c100","model5",0.294568657757351,0.123634626799797,10,2.5,0.25,100,50,5,1,0.999671089829232,748.56943785322,0.00442520631617014,522.385767805805,10,0.2,1.3670707048911,0.75,NA,NA,NA,0.4,0.55
"nt","tl2.50_gl0.25_pr5.00_c100","model6",0.27851746616662,0.108280403006015,10,2.5,0.25,100,50,5,1,0.999383432685916,758.757055259628,0.0063277856705659,491.561272985474,10,0.2,2.01957211986696,0.75,NA,NA,NA,0.2,0.75
"nt","tl2.50_gl0.25_pr5.00_c100","model7",0.286123669628487,0.0810193013298303,7,2.5,0.25,100,50,5,0.7,0.999489611893032,566.227281048367,0.0052555513220508,466.552139407201,10,0.1,2.07886815950022,0.85,0,8.29868497205808,0.95,0.428571428571429,0.521428571428571
"nt","tl2.50_gl0.25_pr5.00_c100","model8",0.281020618569887,0.108311764386078,10,2.5,0.25,100,50,5,1,0.999462872601219,762.767224199572,0.00571215380331283,513.67004020071,10,0.1,4.07562422056822,0.85,NA,NA,NA,0.5,0.45
"nt","tl2.50_gl0.25_pr5.00_c100","model9",0.247905358993191,0.0928187805603152,6,2.5,0.25,100,50,5,0.6,0.999785485099464,441.382686487773,0.00368341965993096,565.769311191208,10,0.2,1.93363200899157,0.75,0,8.67004963950053,0.95,0.416666666666667,0.533333333333333
"nt","tl2.50_gl0.25_pr5.00_c200","model1",0.203107972469883,0.0300146239845493,10,2.5,0.25,200,50,5,1,0.999190718043865,743.498283124874,0.00796454740602007,420.295449497768,10,0.2,1.60161475145586,0.75,NA,NA,NA,0.2,0.75
"nt","tl2.50_gl0.25_pr5.00_c200","model10",0.194487292980318,0.0412713589734642,10,2.5,0.25,200,50,5,1,0.999558169335404,772.857965437572,0.00567456054183414,509.891633004423,10,0.1,5.19023646851172,0.85,NA,NA,NA,0.55,0.4
"nt","tl2.50_gl0.25_pr5.00_c200","model11",0.198077278896445,0.0515236124587522,10,2.5,0.25,200,50,5,1,0.999231932415021,771.129918890044,0.00920703030882495,316.497916692547,10,0.4,0.863406169711048,0.55,NA,NA,NA,0.4,0.55
"nt","tl2.50_gl0.25_pr5.00_c200","model2",0.189082216643476,0.055447467677995,10,2.5,0.25,200,50,5,1,0.999343010007464,805.117675211444,0.00695801169362784,458.318140890613,10,0.3,30.5423515945731,0.65,NA,NA,NA,0.3,0.65
"nt","tl2.50_gl0.25_pr5.00_c200","model3",0.205338741034991,0.0352829689058227,10,2.5,0.25,200,50,5,1,0.999237213454697,741.876214545065,0.00781986701795296,426.64103998553,10,0.3,1.53270173380461,0.65,0,6.63912577168919,0.95,0.15,0.8
"nt","tl2.50_gl0.25_pr5.00_c200","model4",0.197687438444235,0.0285846462902805,10,2.5,0.25,200,50,5,1,0.999556325259306,720.410185056752,0.00578496409807806,491.519464469082,10,0.1,1.19200407240867,0.85,NA,NA,NA,0.1,0.85
"nt","tl2.50_gl0.25_pr5.00_c200","model5",0.199717782714941,0.0264715887255294,10,2.5,0.25,200,50,5,1,0.999700043774327,712.179092395754,0.00440055927734402,504.922720938789,10,0.1,1.58622895720795,0.85,NA,NA,NA,0.35,0.6
"nt","tl2.50_gl0.25_pr5.00_c200","model6",0.193106318623882,0.0344586587049498,10,2.5,0.25,200,50,5,1,0.999450999120137,786.853612684076,0.00619030488041617,516.243883107054,10,0.2,3.08521557416329,0.75,NA,NA,NA,0.2,0.75
"nt","tl2.50_gl0.25_pr5.00_c200","model7",0.201519655777218,0.0259970999450131,9,2.5,0.25,200,50,5,0.9,0.999549386164157,646.630174109998,0.00552198570129972,505.448598116264,10,0,2.8500253544112,0.95,0,9.00653490246426,0.95,0.5,0.45
"nt","tl2.50_gl0.25_pr5.00_c200","model8",0.194708596539333,0.0366468893002309,10,2.5,0.25,200,50,5,1,0.999511844505757,744.208903907315,0.00602038075894607,535.485298052021,10,0.1,5.50686747104028,0.85,NA,NA,NA,0.55,0.4
"nt","tl2.50_gl0.25_pr5.00_c200","model9",0.199591303480277,0.0232650812538187,5,2.5,0.25,200,50,5,0.5,0.99977227209684,295.114305433995,0.00380930556380901,587.804324858331,10,0.2,2.1351574443276,0.75,0,8.722468817431,0.95,0.5,0.45
"nt","tl2.50_gl0.25_pr5.00_c25","model1",0.5711460873748,0.085328922228736,10,2.5,0.25,25,50,5,1,0.999463013262739,730.728291328738,0.00587634674361048,406.598963483257,10,0.7,0.807044499899816,0.25,NA,NA,NA,0.7,0.25
"nt","tl2.50_gl0.25_pr5.00_c25","model10",0.582154894605787,0.0812095270989577,10,2.5,0.25,25,50,5,1,0.999550434397501,809.401454953254,0.00540534465029617,448.429893656739,10,0.6,0.896819081882268,0.35,NA,NA,NA,0.75,0.2
"nt","tl2.50_gl0.25_pr5.00_c25","model11",0.52711329062571,0.0789330820502011,10,2.5,0.25,25,50,5,1,0.999481373051565,705.447202322805,0.00586691518694649,362.045531153593,10,0.6,0.367021220464952,0.35,NA,NA,NA,0.6,0.35
"nt","tl2.50_gl0.25_pr5.00_c25","model12",0.55928421256823,0.0892881262135196,10,2.5,0.25,25,50,5,1,0.999688953682584,637.024667132221,0.00434679345032263,400.683825702403,10,0,2.30961898458415,0.95,NA,NA,NA,0,0.95
"nt","tl2.50_gl0.25_pr5.00_c25","model2",0.573629542003742,0.0883698558951781,10,2.5,0.25,25,50,5,1,0.99948797715824,764.040349847293,0.00568685258055638,473.940323928135,10,0.7,3.08982684883346,0.25,NA,NA,NA,0.7,0.25
"nt","tl2.50_gl0.25_pr5.00_c25","model3",0.575571076045476,0.0822698320040619,10,2.5,0.25,25,50,5,1,0.999535737744323,769.193559820313,0.00551770650426788,452.267810855127,10,0.8,0.755549210391504,0.15,0.2,4.82926564652173,0.75,0.5,0.45
"nt","tl2.50_gl0.25_pr5.00_c25","model4",0.576681426193561,0.0836847148280483,10,2.5,0.25,25,50,5,1,0.999566852856402,749.258390666163,0.005287627486664,454.285919526479,10,0.3,1.11541834775439,0.65,NA,NA,NA,0.3,0.65
"nt","tl2.50_gl0.25_pr5.00_c25","model5",0.578751203863739,0.0683258170188,10,2.5,0.25,25,50,5,1,0.999568105684167,785.666229990947,0.00526757978585784,498.502399399005,10,0.3,1.16271296739354,0.65,NA,NA,NA,0.55,0.4
"nt","tl2.50_gl0.25_pr5.00_c25","model6",0.579327251819406,0.0887324143760735,10,2.5,0.25,25,50,5,1,0.999523494577605,773.793760407692,0.00546739450601738,482.683901079172,10,0.6,0.8731089839514,0.35,NA,NA,NA,0.6,0.35
"nt","tl2.50_gl0.25_pr5.00_c25","model7",0.58351688037675,0.0651142928437395,10,2.5,0.25,25,50,5,1,0.999605153820073,821.067892383199,0.00503878401176794,495.905555757931,10,0.3,1.35315151476201,0.65,NA,NA,NA,0.6,0.35
"nt","tl2.50_gl0.25_pr5.00_c25","model8",0.58143421191276,0.0695604718196793,10,2.5,0.25,25,50,5,1,0.999466993439801,745.551999673786,0.00583178125823106,505.772325194621,10,0.6,0.865929996593066,0.35,NA,NA,NA,0.8,0.15
"nt","tl2.50_gl0.25_pr5.00_c25","model9",0.580425870996129,0.0649171838422473,10,2.5,0.25,25,50,5,1,0.999639319548663,675.991867674701,0.00471106831546909,493.563327992044,10,0.5,1.51424311420621,0.45,NA,NA,NA,0.75,0.2
"nt","tl2.50_gl0.25_pr5.00_c50","model1",0.421391713705845,0.0743053904533304,10,2.5,0.25,50,50,5,1,0.999368640683277,760.383921458728,0.00627728256342303,374.57416220886,10,0.6,1.42327501357015,0.35,NA,NA,NA,0.6,0.35
"nt","tl2.50_gl0.25_pr5.00_c50","model10",0.419080052191028,0.0562121984554887,10,2.5,0.25,50,50,5,1,0.999527953251875,757.083485791796,0.00526457132860489,453.022676286386,10,0.2,3.52088326795598,0.75,NA,NA,NA,0.55,0.4
"nt","tl2.50_gl0.25_pr5.00_c50","model11",0.395391845387918,0.0678309470935443,10,2.5,0.25,50,50,5,1,0.999327456344498,730.648218251457,0.00677831528424484,223.953063242475,10,0.7,0.640728707735866,0.25,NA,NA,NA,0.7,0.25
"nt","tl2.50_gl0.25_pr5.00_c50","model12",0.41948114486255,0.0704033605172288,10,2.5,0.25,50,50,5,1,0.999721818219703,563.379287944532,0.00412243679398258,397.101798679477,10,0,2.86821520825997,0.95,NA,NA,NA,0,0.95
"nt","tl2.50_gl0.25_pr5.00_c50","model2",0.419944567441323,0.0555894545200871,10,2.5,0.25,50,50,5,1,0.999371412030325,810.073011202836,0.00619536300535196,447.616573407336,10,0.5,7.5340934463838,0.45,NA,NA,NA,0.5,0.45
"nt","tl2.50_gl0.25_pr5.00_c50","model3",0.420067844914483,0.0815482314492656,10,2.5,0.25,50,50,5,1,0.9993656110139,736.137227916589,0.00617435990793938,404.482588749346,10,0.6,1.34808577534419,0.35,0,6.15135880919374,0.95,0.3,0.65
"nt","tl2.50_gl0.25_pr5.00_c50","model4",0.425756134448686,0.0679743380451366,10,2.5,0.25,50,50,5,1,0.999562095959918,802.57329032759,0.00497155097397337,443.353328482545,10,0.1,1.67352940237066,0.85,NA,NA,NA,0.1,0.85
"nt","tl2.50_gl0.25_pr5.00_c50","model5",0.425389338072384,0.0710594488705545,10,2.5,0.25,50,50,5,1,0.999623660028781,755.1104938961,0.00472636401798943,467.977109902707,10,0.1,1.78303396538226,0.85,NA,NA,NA,0.35,0.6
"nt","tl2.50_gl0.25_pr5.00_c50","model6",0.41735325695671,0.0558190267805765,10,2.5,0.25,50,50,5,1,0.999451615302113,768.674130119641,0.00560546796467889,495.243001652756,10,0.1,2.23895159903112,0.85,NA,NA,NA,0.1,0.85
"nt","tl2.50_gl0.25_pr5.00_c50","model7",0.438646638695446,0.0554387981251068,8,2.5,0.25,50,50,5,0.8,0.999540085996736,604.11102915463,0.00516076520117233,456.852853985566,10,0.1,2.62371173692839,0.85,0,8.73336674601659,0.95,0.291666666666667,0.658333333333333
"nt","tl2.50_gl0.25_pr5.00_c50","model8",0.419321654311945,0.0606662905584002,10,2.5,0.25,50,50,5,1,0.999526369000373,776.395931368603,0.00520272831946518,447.880280196286,10,0.1,3.70705932125386,0.85,NA,NA,NA,0.45,0.5
"nt","tl2.50_gl0.25_pr5.00_c50","model9",0.406699818147787,0.0506437043269695,9,2.5,0.25,50,50,5,0.9,0.999723221661292,720.292392908312,0.00395364954948408,556.574816566866,10,0.2,1.97763538112181,0.75,NA,NA,NA,0.444444444444444,0.505555555555556
"nt","tl2.50_gl0.50_pr1.00_c100","model1",0.31307809847639,0.0872677666429772,10,2.5,0.5,100,50,1,1,0.999213753127339,693.714454167227,0.00714433787442623,412.952175970937,10,0.3,2.98319791977105,0.65,NA,NA,NA,0.3,0.65
"nt","tl2.50_gl0.50_pr1.00_c100","model10",0.290382471171434,0.0713619276182051,10,2.5,0.5,100,50,1,1,0.999356854247158,796.247408035055,0.00627722734677767,458.227222632644,10,0.4,10.1715354295216,0.55,NA,NA,NA,0.7,0.25
"nt","tl2.50_gl0.50_pr1.00_c100","model11",0.274503685684084,0.0788437649462247,10,2.5,0.5,100,50,1,1,0.999307189825474,684.256791861914,0.00733902923384337,245.939967323816,10,0.5,1.58379666554606,0.45,NA,NA,NA,0.5,0.45
"nt","tl2.50_gl0.50_pr1.00_c100","model12",0.267267118018863,0.0957611834455354,7,2.5,0.5,100,50,1,0.7,0.999552733997376,491.290867281218,0.00570500185839592,347.727276099722,10,0,2.84828493041295,0.95,NA,NA,NA,0,0.95
"nt","tl2.50_gl0.50_pr1.00_c100","model2",0.293770383155054,0.0747924122978026,10,2.5,0.5,100,50,1,1,0.999191246751437,751.229742740055,0.00703128659858606,435.856677049523,10,0.5,18.0335634640737,0.45,NA,NA,NA,0.5,0.45
"nt","tl2.50_gl0.50_pr1.00_c100","model3",0.310226712020162,0.083537109316638,10,2.5,0.5,100,50,1,1,0.999244708142162,768.837469912926,0.00691721132984183,387.066241381796,10,0.4,3.02915243804282,0.55,0.1,0.482517253159222,0.85,0.25,0.7
"nt","tl2.50_gl0.50_pr1.00_c100","model4",0.314011139428623,0.0886797955862342,10,2.5,0.5,100,50,1,1,0.999279199984859,728.2978828002,0.00667788033555569,373.420610139865,10,0.4,1.14740126164409,0.55,NA,NA,NA,0.4,0.55
"nt","tl2.50_gl0.50_pr1.00_c100","model5",0.311803036197153,0.0834058221361552,10,2.5,0.5,100,50,1,1,0.999368096592314,840.757667147448,0.00618581387594541,399.660211951881,10,0.4,0.81095252662569,0.55,NA,NA,NA,0.55,0.4
"nt","tl2.50_gl0.50_pr1.00_c100","model6",0.296535164653778,0.0716329242305432,10,2.5,0.5,100,50,1,1,0.999261154235237,762.754789458584,0.00692749312907247,416.308714802477,10,0.5,6.72797202473011,0.45,NA,NA,NA,0.5,0.45
"nt","tl2.50_gl0.50_pr1.00_c100","model7",0.290337016087041,0.0719291236524741,10,2.5,0.5,100,50,1,1,0.999518251231437,699.567669603794,0.00530576646038065,517.806084343408,10,0.8,4.14462817930114,0.15,0,0.66950052424492,0.95,0.6,0.35
"nt","tl2.50_gl0.50_pr1.00_c100","model8",0.291141026304839,0.075225341576772,10,2.5,0.5,100,50,1,1,0.999334461587975,805.773095757476,0.00640804269370115,445.186240538753,10,0.4,10.1617051387438,0.55,NA,NA,NA,0.7,0.25
"nt","tl2.50_gl0.50_pr1.00_c100","model9",0.304683268740692,0.0638443832031996,8,2.5,0.5,100,50,1,0.8,0.999846178178358,473.478190436265,0.00294513163169691,566.255754512718,10,1,0.27968927567007,0.05,NA,NA,NA,1,0.05
"nt","tl2.50_gl0.50_pr1.00_c200","model1",0.180844716100543,0.040625954005377,10,2.5,0.5,200,50,1,1,0.999174271593113,753.348357658631,0.00833371887027653,460.736027019593,10,0.4,3.34858130845654,0.55,NA,NA,NA,0.4,0.55
"nt","tl2.50_gl0.50_pr1.00_c200","model10",0.174990662530121,0.0433704911912161,10,2.5,0.5,200,50,1,1,0.999300330908233,827.402116367254,0.00754825682654517,524.642636645224,10,0.5,26.8311463158166,0.45,NA,NA,NA,0.75,0.2
"nt","tl2.50_gl0.50_pr1.00_c200","model11",0.175769548767188,0.0439637519042545,10,2.5,0.5,200,50,1,1,0.999150078630884,682.926648285792,0.0100780181260809,390.108390462607,10,0.3,1.93120551918902,0.65,NA,NA,NA,0.3,0.65
"nt","tl2.50_gl0.50_pr1.00_c200","model2",0.174198937590002,0.0389843493304977,10,2.5,0.5,200,50,1,1,0.999243974031342,760.002371719018,0.00818183132792526,516.267026942666,10,0.5,35.4696684130222,0.45,NA,NA,NA,0.5,0.45
"nt","tl2.50_gl0.50_pr1.00_c200","model3",0.181718379289279,0.0451188688383769,10,2.5,0.5,200,50,1,1,0.999205085096464,769.749460149884,0.00825212386983588,453.424680857842,10,0.4,3.41073681244533,0.55,0,0.405570922573082,0.95,0.2,0.75
"nt","tl2.50_gl0.50_pr1.00_c200","model4",0.179662733250341,0.0419573661520545,10,2.5,0.5,200,50,1,1,0.999266900670278,827.197114345317,0.00800425914583313,508.812767108157,10,0.5,1.96345720599626,0.45,NA,NA,NA,0.5,0.45
"nt","tl2.50_gl0.50_pr1.00_c200","model5",0.17860527501107,0.0436852173950561,10,2.5,0.5,200,50,1,1,0.99925334452343,758.275768520101,0.00777891698537625,470.303184237881,10,0.6,1.71298960024522,0.35,NA,NA,NA,0.7,0.25
"nt","tl2.50_gl0.50_pr1.00_c200","model6",0.174877357912118,0.0427642336705777,10,2.5,0.5,200,50,1,1,0.999261888005334,820.155450914576,0.00810037911631469,564.86912829281,10,0.6,16.9442419267659,0.35,NA,NA,NA,0.6,0.35
"nt","tl2.50_gl0.50_pr1.00_c200","model7",0.172562048207051,0.0614268991095831,7,2.5,0.5,200,50,1,0.7,0.999421767330878,548.04884763614,0.0068536462893716,529.689347901199,10,0.5,10.6874068521308,0.45,0,0.800623043422153,0.95,0.642857142857143,0.307142857142857
"nt","tl2.50_gl0.50_pr1.00_c200","model8",0.173150859867251,0.0434599210641294,10,2.5,0.5,200,50,1,1,0.999264187093485,762.897030565823,0.00788827581677881,513.616442333088,10,0.6,27.1726763220677,0.35,NA,NA,NA,0.75,0.2
"nt","tl2.50_gl0.50_pr1.00_c200","model9",0.167542352315844,0.0311307503575445,4,2.5,0.5,200,50,1,0.4,0.999776873479036,258.453908483617,0.00379312365745228,596.834406199058,10,1,0.36161685409591,0.05,0,1.01083787575775,0.95,1,0.05
"nt","tl2.50_gl0.50_pr1.00_c25","model1",0.53665902972617,0.120865330743318,10,2.5,0.5,25,50,1,1,0.999473060289118,730.97837473874,0.00574401797506645,462.20856286028,10,0.5,2.89630896069582,0.45,NA,NA,NA,0.5,0.45
"nt","tl2.50_gl0.50_pr1.00_c25","model10",0.53710958645798,0.0846976173929335,10,2.5,0.5,25,50,1,1,0.99948016451774,765.430776860611,0.00567418192690964,504.01331821701,10,0.7,4.68705920164885,0.25,NA,NA,NA,0.85,0.1
"nt","tl2.50_gl0.50_pr1.00_c25","model11",0.513870422983031,0.113125914002269,10,2.5,0.5,25,50,1,1,0.999470432189075,767.378503508705,0.00580982747231059,351.014216092454,10,0.4,1.21548580806754,0.55,NA,NA,NA,0.4,0.55
"nt","tl2.50_gl0.50_pr1.00_c25","model12",0.525605448759255,0.0760026327815185,9,2.5,0.5,25,50,1,0.9,0.999717634990072,640.88183307924,0.00419084898842176,420.80568239498,10,0.1,1.99622535817635,0.85,NA,NA,NA,0,0.95
"nt","tl2.50_gl0.50_pr1.00_c25","model2",0.535478196247882,0.0847665931964165,10,2.5,0.5,25,50,1,1,0.99944714509973,757.544256188733,0.00586925706251611,494.148100446142,10,0.6,5.86715498516012,0.35,NA,NA,NA,0.6,0.35
"nt","tl2.50_gl0.50_pr1.00_c25","model3",0.538127921318991,0.111964066248655,10,2.5,0.5,25,50,1,1,0.999512134395381,743.778080223423,0.00572622196545146,472.640190914329,10,0.3,2.76980565104278,0.65,0.6,0.568670167891012,0.35,0.45,0.5
"nt","tl2.50_gl0.50_pr1.00_c25","model4",0.537972017162642,0.118932754542931,10,2.5,0.5,25,50,1,1,0.999470112748441,732.193402646139,0.00578439032033278,422.324520715139,10,0.6,4.83163932463348,0.35,NA,NA,NA,0.6,0.35
"nt","tl2.50_gl0.50_pr1.00_c25","model5",0.538324115188137,0.109237051529455,10,2.5,0.5,25,50,1,1,0.99953207810732,789.086541656731,0.00549567548123014,466.214736290194,10,0.6,4.26187243148718,0.35,NA,NA,NA,0.75,0.2
"nt","tl2.50_gl0.50_pr1.00_c25","model6",0.535357875212254,0.0862624492419467,10,2.5,0.5,25,50,1,1,0.999457207961074,774.155937749669,0.0059448019294518,464.82331563962,10,0.6,4.9051385619381,0.35,NA,NA,NA,0.6,0.35
"nt","tl2.50_gl0.50_pr1.00_c25","model7",0.534319169513433,0.0870683519398239,10,2.5,0.5,25,50,1,1,0.999486694635042,777.142518522312,0.0056217022975738,482.446930981201,10,0.7,2.92318564812512,0.25,NA,NA,NA,0.85,0.1
"nt","tl2.50_gl0.50_pr1.00_c25","model8",0.538467471412668,0.0878184126032647,10,2.5,0.5,25,50,1,1,0.999525217793103,752.03893805976,0.0054908012302174,449.925205322866,10,0.7,4.76715045356074,0.25,NA,NA,NA,0.85,0.1
"nt","tl2.50_gl0.50_pr1.00_c25","model9",0.536330520211188,0.0826683684113123,10,2.5,0.5,25,50,1,1,0.99964409969418,740.470103996223,0.0044722837848748,514.932547004554,10,0.9,0.602914148998784,0.0499999999999999,NA,NA,NA,0.95,0
"nt","tl2.50_gl0.50_pr1.00_c50","model1",0.386880261503081,0.0679862920045151,10,2.5,0.5,50,50,1,1,0.999319476209871,740.889338162649,0.00661222849919887,350.138230261868,10,0.5,2.59990114287725,0.45,NA,NA,NA,0.5,0.45
"nt","tl2.50_gl0.50_pr1.00_c50","model10",0.383669414899081,0.0497912490266249,10,2.5,0.5,50,50,1,1,0.999398042995929,810.775773426444,0.00615217052477278,499.855302349642,10,0.6,6.29167594017247,0.35,NA,NA,NA,0.75,0.2
"nt","tl2.50_gl0.50_pr1.00_c50","model11",0.336962494296549,0.0707118256962117,10,2.5,0.5,50,50,1,1,0.999420192508193,753.519392306354,0.00647912661711265,285.051433805922,10,0.4,1.28287141689761,0.55,NA,NA,NA,0.4,0.55
"nt","tl2.50_gl0.50_pr1.00_c50","model12",0.38664764820906,0.0946188791962775,7,2.5,0.5,50,50,1,0.7,0.999697862459447,537.670315649415,0.00466934720613627,386.092636908973,10,0,2.77824342226363,0.95,NA,NA,NA,0,0.95
"nt","tl2.50_gl0.50_pr1.00_c50","model2",0.386830821084403,0.057319610682993,10,2.5,0.5,50,50,1,1,0.99937305199404,755.562285221475,0.0059967571466508,416.43988770839,10,0.5,9.38403259297313,0.45,NA,NA,NA,0.5,0.45
"nt","tl2.50_gl0.50_pr1.00_c50","model3",0.38724211216999,0.0813858598027792,10,2.5,0.5,50,50,1,1,0.999393508720971,706.413099923395,0.00610422437858785,371.296681591869,10,0.5,2.52002250256391,0.45,0.5,0.522536563665191,0.45,0.5,0.45
"nt","tl2.50_gl0.50_pr1.00_c50","model4",0.385790383401928,0.0656046533889677,10,2.5,0.5,50,50,1,1,0.999368907833901,754.105365927644,0.0062753606789976,477.940464539094,10,0.6,2.67683123305248,0.35,NA,NA,NA,0.6,0.35
"nt","tl2.50_gl0.50_pr1.00_c50","model5",0.389535979326374,0.0760848345447385,10,2.5,0.5,50,50,1,1,0.999407455984521,797.813715958422,0.00585092616366171,407.454846922108,10,0.5,3.01717383982568,0.45,NA,NA,NA,0.7,0.25
"nt","tl2.50_gl0.50_pr1.00_c50","model6",0.388608740064151,0.0519703140516149,10,2.5,0.5,50,50,1,1,0.999314780799389,752.38410886605,0.00631563854324272,422.370145145204,10,0.6,4.99183247921345,0.35,NA,NA,NA,0.6,0.35
"nt","tl2.50_gl0.50_pr1.00_c50","model7",0.386857431013557,0.047187593212328,10,2.5,0.5,50,50,1,1,0.999504594984968,703.080437368893,0.00520115652531183,471.331312597831,10,0.6,3.15309251755164,0.35,NA,NA,NA,0.75,0.2
"nt","tl2.50_gl0.50_pr1.00_c50","model8",0.384731967163613,0.0434299634587665,10,2.5,0.5,50,50,1,1,0.999336067137042,776.068407452535,0.00638139519108208,420.854161034782,10,0.6,6.59836141862658,0.35,NA,NA,NA,0.75,0.2
"nt","tl2.50_gl0.50_pr1.00_c50","model9",0.380133661544211,0.0476433882587276,9,2.5,0.5,50,50,1,0.9,0.999761189812256,644.351929062107,0.00355936492947046,567.799713524324,10,0.8,0.635272119649249,0.15,NA,NA,NA,0.833333333333333,0.116666666666667
"nt","tl2.50_gl0.50_pr2.50_c100","model1",0.280071515608153,0.0737504332366191,10,2.5,0.5,100,50,2.5,1,0.999240460230656,734.716576327485,0.00708787836135477,389.475586512466,10,0.5,2.03204251134788,0.45,NA,NA,NA,0.5,0.45
"nt","tl2.50_gl0.50_pr2.50_c100","model10",0.252709059919451,0.0903860881466637,10,2.5,0.5,100,50,2.5,1,0.999444079248761,793.413846873573,0.00587049713230429,499.686480824615,10,0.3,4.75562236591549,0.65,NA,NA,NA,0.65,0.3
"nt","tl2.50_gl0.50_pr2.50_c100","model11",0.254646712350404,0.0519452265866683,10,2.5,0.5,100,50,2.5,1,0.999331729672035,788.629730489047,0.0079338704035317,282.569803148588,10,0.4,1.07800254965773,0.55,NA,NA,NA,0.4,0.55
"nt","tl2.50_gl0.50_pr2.50_c100","model12",0.274851881681285,0.0721616518570915,10,2.5,0.5,100,50,2.5,1,0.999671466649777,499.352632485448,0.00519169357499964,470.633715203865,10,0,3.01783460003729,0.95,NA,NA,NA,0,0.95
"nt","tl2.50_gl0.50_pr2.50_c100","model2",0.25180219600333,0.0936331017622709,10,2.5,0.5,100,50,2.5,1,0.999224525272906,776.756059249445,0.00717520369370126,456.075133738936,10,0.5,19.9894174474429,0.45,NA,NA,NA,0.5,0.45
"nt","tl2.50_gl0.50_pr2.50_c100","model3",0.277496628575061,0.0925087369145712,10,2.5,0.5,100,50,2.5,1,0.99929630574108,787.661706098436,0.00665624320158328,409.165657771322,10,0.5,1.98380896507186,0.45,0,0.597619651809439,0.95,0.25,0.7
"nt","tl2.50_gl0.50_pr2.50_c100","model4",0.279228221801248,0.0932010223946449,10,2.5,0.5,100,50,2.5,1,0.999386362679243,757.153036974676,0.00602899427097961,443.19432379921,10,0.3,0.946029934461399,0.65,NA,NA,NA,0.3,0.65
"nt","tl2.50_gl0.50_pr2.50_c100","model5",0.279073933081518,0.0897431470633347,10,2.5,0.5,100,50,2.5,1,0.999465022116671,741.890510772417,0.00568488562107037,506.596914922317,10,0.3,0.922623839978116,0.65,NA,NA,NA,0.5,0.45
"nt","tl2.50_gl0.50_pr2.50_c100","model6",0.251847269116577,0.0945173916443772,10,2.5,0.5,100,50,2.5,1,0.999340691560913,788.990232487548,0.00662336842687308,447.800851703757,10,0.3,3.67846223306766,0.65,NA,NA,NA,0.3,0.65
"nt","tl2.50_gl0.50_pr2.50_c100","model7",0.2761790512931,0.114650012871093,7,2.5,0.5,100,50,2.5,0.7,0.999523086778512,603.790198594153,0.00525689224863948,473.402145564921,10,0.1,1.54869389164375,0.85,0,0.724241204397945,0.95,0.357142857142857,0.592857142857143
"nt","tl2.50_gl0.50_pr2.50_c100","model8",0.253697450270741,0.090605230472623,10,2.5,0.5,100,50,2.5,1,0.999409426675278,791.541739240935,0.00595154966814667,485.05206809158,10,0.3,3.87854509375659,0.65,NA,NA,NA,0.5,0.45
"nt","tl2.50_gl0.50_pr2.50_c100","model9",0.229261567265683,0.084648549702976,7,2.5,0.5,100,50,2.5,0.7,0.999780969390903,511.704021951626,0.00509818192241194,503.808975434744,10,0.5,1.26276716156486,0.45,NA,NA,NA,0.642857142857143,0.307142857142857
"nt","tl2.50_gl0.50_pr2.50_c200","model1",0.201216192732684,0.114240400480072,10,2.5,0.5,200,50,2.5,1,0.999238852342323,726.515386092449,0.00747995744338248,436.407193358095,10,0.3,2.42299849392907,0.65,NA,NA,NA,0.3,0.65
"nt","tl2.50_gl0.50_pr2.50_c200","model10",0.186957308385273,0.0866342011338742,10,2.5,0.5,200,50,2.5,1,0.999391747376815,742.50026820913,0.00695378974299478,529.647558318243,10,0.3,16.994797259091,0.65,NA,NA,NA,0.65,0.3
"nt","tl2.50_gl0.50_pr2.50_c200","model11",0.197532600592027,0.120970765457258,10,2.5,0.5,200,50,2.5,1,0.999249259934345,791.599683967118,0.0091749089540959,376.556672187869,10,0.5,1.3837364355594,0.45,NA,NA,NA,0.5,0.45
"nt","tl2.50_gl0.50_pr2.50_c200","model2",0.195291378606335,0.0843539459580244,10,2.5,0.5,200,50,2.5,1,0.999273794730033,784.188117946095,0.00782615420793426,472.888159189352,10,0.5,27.2838912202403,0.45,NA,NA,NA,0.5,0.45
"nt","tl2.50_gl0.50_pr2.50_c200","model3",0.199048620503138,0.116933417842796,10,2.5,0.5,200,50,2.5,1,0.999174430641291,721.640989035269,0.00794309266156658,449.589332058268,10,0.3,2.39455261592574,0.65,0,0.672381791435734,0.95,0.15,0.8
"nt","tl2.50_gl0.50_pr2.50_c200","model4",0.188917016716003,0.101466588693391,10,2.5,0.5,200,50,2.5,1,0.999388630389159,733.367782596419,0.00686607974655801,469.640809711923,10,0.1,1.29958179794636,0.85,NA,NA,NA,0.1,0.85
"nt","tl2.50_gl0.50_pr2.50_c200","model5",0.189644383292598,0.0947620966105333,10,2.5,0.5,200,50,2.5,1,0.999495136363861,709.364204118025,0.00597557375277867,513.256167265596,10,0.1,1.21453883038019,0.85,NA,NA,NA,0.45,0.5
"nt","tl2.50_gl0.50_pr2.50_c200","model6",0.186057439253764,0.0770100800963663,10,2.5,0.5,200,50,2.5,1,0.999383166899719,782.039753224659,0.00696789368777431,490.677619376407,10,0.3,12.3024237349857,0.65,NA,NA,NA,0.3,0.65
"nt","tl2.50_gl0.50_pr2.50_c200","model7",0.184980907132583,0.0869043165163745,8,2.5,0.5,200,50,2.5,0.8,0.999511743838005,610.643891726255,0.00604663536279734,532.473539729457,10,0,4.70943001443208,0.95,0,0.705051833312673,0.95,0.5,0.45
"nt","tl2.50_gl0.50_pr2.50_c200","model8",0.185288917532795,0.0867103200108001,10,2.5,0.5,200,50,2.5,1,0.999434796201676,768.847551784876,0.00651935401927622,562.146860176075,10,0.3,17.4944381487779,0.65,NA,NA,NA,0.65,0.3
"nt","tl2.50_gl0.50_pr2.50_c200","model9",0.176465664132131,0.0996738758426347,6,2.5,0.5,200,50,2.5,0.6,0.99977438042758,304.347636413898,0.0039912055133808,590.907394451124,10,0.5,1.19175587098836,0.45,0,0.974913317133664,0.95,0.583333333333333,0.366666666666667
"nt","tl2.50_gl0.50_pr2.50_c25","model1",0.555046418106419,0.0831904321764456,10,2.5,0.5,25,50,2.5,1,0.999418749916463,743.730312404092,0.00614828628494323,427.314825220582,10,0.6,1.30888316971468,0.35,NA,NA,NA,0.6,0.35
"nt","tl2.50_gl0.50_pr2.50_c25","model10",0.555117556230124,0.0795335400463875,10,2.5,0.5,25,50,2.5,1,0.999570069105093,806.916965881165,0.00522668711397528,534.545346354155,10,0.6,0.833628078527632,0.35,NA,NA,NA,0.75,0.2
"nt","tl2.50_gl0.50_pr2.50_c25","model11",0.51200302960662,0.103490027907926,10,2.5,0.5,25,50,2.5,1,0.999432589707552,696.584679642753,0.00596411082729175,310.98453715632,10,0.6,0.568111396248613,0.35,NA,NA,NA,0.6,0.35
"nt","tl2.50_gl0.50_pr2.50_c25","model12",0.528334474318023,0.0525288336005694,9,2.5,0.5,25,50,2.5,0.9,0.999722300996306,685.35342298481,0.00419088168829621,439.721419226206,10,0,2.24437930775828,0.95,NA,NA,NA,0,0.95
"nt","tl2.50_gl0.50_pr2.50_c25","model2",0.554923761795042,0.0870608031622482,10,2.5,0.5,25,50,2.5,1,0.999449142163816,750.207686362807,0.00591910708833345,444.276582043765,10,0.5,3.95792855937976,0.45,NA,NA,NA,0.5,0.45
"nt","tl2.50_gl0.50_pr2.50_c25","model3",0.554976438095036,0.0912459855102397,10,2.5,0.5,25,50,2.5,1,0.99941397518284,780.398327959614,0.00620628608976123,468.314782142599,10,0.7,1.22480465068438,0.25,0.5,0.654849912240208,0.45,0.6,0.35
"nt","tl2.50_gl0.50_pr2.50_c25","model4",0.549601723393113,0.0908806848615336,10,2.5,0.5,25,50,2.5,1,0.999497784379477,759.844327981869,0.00565665315532076,435.394659409344,10,0.5,0.858163265623937,0.45,NA,NA,NA,0.5,0.45
"nt","tl2.50_gl0.50_pr2.50_c25","model5",0.553097112176355,0.0957330791818616,10,2.5,0.5,25,50,2.5,1,0.999535037036444,783.248345024734,0.00547135205896006,527.097299979094,10,0.5,0.827175044243791,0.45,NA,NA,NA,0.7,0.25
"nt","tl2.50_gl0.50_pr2.50_c25","model6",0.551983929434874,0.0921074653436882,10,2.5,0.5,25,50,2.5,1,0.999481369044114,745.384259416355,0.00569690136844964,473.252791685286,10,0.6,1.18487991046225,0.35,NA,NA,NA,0.6,0.35
"nt","tl2.50_gl0.50_pr2.50_c25","model7",0.556763949020177,0.0826660256439135,10,2.5,0.5,25,50,2.5,1,0.999560030277399,813.518208103285,0.00544590308954752,538.272809063032,10,0.6,1.18770263069454,0.35,NA,NA,NA,0.75,0.2
"nt","tl2.50_gl0.50_pr2.50_c25","model8",0.555059603926766,0.0882709392064326,10,2.5,0.5,25,50,2.5,1,0.999479999127674,754.116428969259,0.00569813512154565,475.424309644275,10,0.7,0.916011182603309,0.25,NA,NA,NA,0.8,0.15
"nt","tl2.50_gl0.50_pr2.50_c25","model9",0.556210097930675,0.0750890075994542,10,2.5,0.5,25,50,2.5,1,0.999649562737102,701.811057928835,0.00446541143653628,534.546575268085,10,0.5,1.42720725050543,0.45,NA,NA,NA,0.75,0.2
"nt","tl2.50_gl0.50_pr2.50_c50","model1",0.428136577962644,0.0630721478829769,10,2.5,0.5,50,50,2.5,1,0.999301975895148,709.136797401989,0.00646776158787305,376.086835573673,10,0.5,2.02217014817382,0.45,NA,NA,NA,0.5,0.45
"nt","tl2.50_gl0.50_pr2.50_c50","model10",0.392374972913772,0.0671831353929426,10,2.5,0.5,50,50,2.5,1,0.999537930105906,895.150969854164,0.00525355050383996,533.598327684145,10,0.4,2.55699049647089,0.55,NA,NA,NA,0.65,0.3
"nt","tl2.50_gl0.50_pr2.50_c50","model11",0.412548117327534,0.0864419813776674,10,2.5,0.5,50,50,2.5,1,0.999358019868005,712.236977147849,0.00685716171891371,253.824863655965,10,0.4,0.951094608704075,0.55,NA,NA,NA,0.4,0.55
"nt","tl2.50_gl0.50_pr2.50_c50","model12",0.42883562349126,0.0725672092962401,9,2.5,0.5,50,50,2.5,0.9,0.999751604099016,596.678588411806,0.00392492000182514,435.728046060891,10,0,2.81302261688495,0.95,NA,NA,NA,0,0.95
"nt","tl2.50_gl0.50_pr2.50_c50","model2",0.391563358481416,0.0641749150625227,10,2.5,0.5,50,50,2.5,1,0.999315123475776,807.208397518586,0.00633807698824029,476.282748838927,10,0.5,10.8201509554789,0.45,NA,NA,NA,0.5,0.45
"nt","tl2.50_gl0.50_pr2.50_c50","model3",0.434406205169903,0.0663549649264348,10,2.5,0.5,50,50,2.5,1,0.999329638597301,765.172265919985,0.00641426034753861,431.745149838525,10,0.5,2.04100928112911,0.45,0.2,0.513059651293046,0.75,0.35,0.6
"nt","tl2.50_gl0.50_pr2.50_c50","model4",0.425230309023105,0.0629183442373364,10,2.5,0.5,50,50,2.5,1,0.999474954746441,840.557853905128,0.00564722818954712,425.592184202241,10,0.4,1.1099464313436,0.55,NA,NA,NA,0.4,0.55
"nt","tl2.50_gl0.50_pr2.50_c50","model5",0.427848483162132,0.0606702100122138,10,2.5,0.5,50,50,2.5,1,0.999524392422286,785.646189478483,0.00528497307479502,479.213859270041,10,0.3,1.20188928369399,0.65,NA,NA,NA,0.55,0.4
"nt","tl2.50_gl0.50_pr2.50_c50","model6",0.388434267008976,0.0591830013826612,10,2.5,0.5,50,50,2.5,1,0.999385975366123,769.91457645078,0.00606738966052147,441.933489787599,10,0.4,2.79945607945385,0.55,NA,NA,NA,0.4,0.55
"nt","tl2.50_gl0.50_pr2.50_c50","model7",0.394907714416804,0.063235323805278,10,2.5,0.5,50,50,2.5,1,0.99948558943307,724.888831107907,0.00537745646439883,466.404493295982,10,0.3,1.85484319860351,0.65,NA,NA,NA,0.65,0.3
"nt","tl2.50_gl0.50_pr2.50_c50","model8",0.3918537487157,0.063664255603515,10,2.5,0.5,50,50,2.5,1,0.999475577225835,797.234218768446,0.00564162454725994,456.689786820556,10,0.4,2.74130133231483,0.55,NA,NA,NA,0.65,0.3
"nt","tl2.50_gl0.50_pr2.50_c50","model9",0.39263867384584,0.0613869724144046,8,2.5,0.5,50,50,2.5,0.8,0.9997470522389,628.292856032654,0.00375065076224723,527.378995898654,10,0.4,1.39639073533098,0.55,NA,NA,NA,0.5625,0.3875
"nt","tl2.50_gl0.50_pr5.00_c100","model1",0.272269244720873,0.118395852492965,10,2.5,0.5,100,50,5,1,0.999288581199105,708.996917999032,0.006717250333865,385.756455430545,10,0.4,1.87788469433924,0.55,NA,NA,NA,0.4,0.55
"nt","tl2.50_gl0.50_pr5.00_c100","model10",0.277716583364141,0.0348958327232603,10,2.5,0.5,100,50,5,1,0.999474365194176,835.689130117771,0.00547853535086088,472.956876258969,10,0.1,7.21989595413543,0.85,NA,NA,NA,0.5,0.45
"nt","tl2.50_gl0.50_pr5.00_c100","model11",0.249185917240233,0.107283115525752,10,2.5,0.5,100,50,5,1,0.999376098144546,736.592047891857,0.0081877708729513,262.16533934258,10,0.4,0.994983520627335,0.55,NA,NA,NA,0.4,0.55
"nt","tl2.50_gl0.50_pr5.00_c100","model12",0.273752489069721,0.138475704259347,9,2.5,0.5,100,50,5,0.9,0.999692910078507,431.462054743109,0.00478275542771579,411.19222453735,10,0,3.04031448454083,0.95,NA,NA,NA,0,0.95
"nt","tl2.50_gl0.50_pr5.00_c100","model2",0.281895987444252,0.0494444049493464,10,2.5,0.5,100,50,5,1,0.999339190878598,790.600788146077,0.00657070405222774,487.930000553647,10,0.5,22.4834609305933,0.45,NA,NA,NA,0.5,0.45
"nt","tl2.50_gl0.50_pr5.00_c100","model3",0.279475507357319,0.10460346087689,10,2.5,0.5,100,50,5,1,0.999321825615694,762.595335540065,0.00651045952866313,389.085239386736,10,0.4,1.77233148100194,0.55,0.1,0.621454132876623,0.85,0.25,0.7
"nt","tl2.50_gl0.50_pr5.00_c100","model4",0.287006189220969,0.0567230517699569,10,2.5,0.5,100,50,5,1,0.999564547168455,730.963920096334,0.00510331859572298,454.689352304252,10,0.1,1.69558083584013,0.85,NA,NA,NA,0.1,0.85
"nt","tl2.50_gl0.50_pr5.00_c100","model5",0.283439174664688,0.0591350804929537,10,2.5,0.5,100,50,5,1,0.999623523021163,718.861567993956,0.00482770303223174,481.727468153712,10,0.1,1.73594397011727,0.85,NA,NA,NA,0.45,0.5
"nt","tl2.50_gl0.50_pr5.00_c100","model6",0.271656629874897,0.0360631311410609,10,2.5,0.5,100,50,5,1,0.999458560590728,759.998455086011,0.00564578132758483,496.78404509769,10,0.1,6.96700771228935,0.85,NA,NA,NA,0.1,0.85
"nt","tl2.50_gl0.50_pr5.00_c100","model7",0.282277484404486,0.0462455924465899,7,2.5,0.5,100,50,5,0.7,0.999509768561428,580.671512635689,0.0052801276326521,511.32443611305,10,0.1,3.95194692784374,0.85,0,0.860954541391858,0.95,0.571428571428571,0.378571428571429
"nt","tl2.50_gl0.50_pr5.00_c100","model8",0.276112232225032,0.0316789339776045,10,2.5,0.5,100,50,5,1,0.999407202340013,753.844764159476,0.0060337288036844,460.268373782698,10,0.1,7.67178298624488,0.85,NA,NA,NA,0.55,0.4
"nt","tl2.50_gl0.50_pr5.00_c100","model9",0.267341730088106,0.055294348459539,6,2.5,0.5,100,50,5,0.6,0.999777209802594,512.349602723024,0.0034200267892885,557.528615335325,10,0.2,2.10515322434979,0.75,0,1.12325438125245,0.95,0.5,0.45
"nt","tl2.50_gl0.50_pr5.00_c200","model1",0.207044898266292,0.0394008701173146,10,2.5,0.5,200,50,5,1,0.999234092075294,741.908192656528,0.00785247526569666,460.695783695717,10,0.4,2.6258805248058,0.55,NA,NA,NA,0.4,0.55
"nt","tl2.50_gl0.50_pr5.00_c200","model10",0.183422535708765,0.0482582663319183,10,2.5,0.5,200,50,5,1,0.999508557487846,780.800745162276,0.00607865441850153,530.835359681865,10,0,12.7645488472235,0.95,NA,NA,NA,0.45,0.5
"nt","tl2.50_gl0.50_pr5.00_c200","model11",0.183263709779658,0.039279108270515,10,2.5,0.5,200,50,5,1,0.999173738199171,700.196882182985,0.0098318245902161,401.496197621741,10,0.5,1.50278237221879,0.45,NA,NA,NA,0.5,0.45
"nt","tl2.50_gl0.50_pr5.00_c200","model2",0.187032125139652,0.0555609393919185,10,2.5,0.5,200,50,5,1,0.999340707359791,765.302255264245,0.00723758940367856,511.368366449821,10,0.3,34.9110212997607,0.65,NA,NA,NA,0.3,0.65
"nt","tl2.50_gl0.50_pr5.00_c200","model3",0.205377600830034,0.0417507872436196,10,2.5,0.5,200,50,5,1,0.999229387416491,751.093453978898,0.00782736101395881,494.223074696196,10,0.4,2.55839711980846,0.55,0,0.868362624576491,0.95,0.2,0.75
"nt","tl2.50_gl0.50_pr5.00_c200","model4",0.189523653643054,0.0558903074941092,10,2.5,0.5,200,50,5,1,0.999531821082411,732.303189327364,0.00577999249954724,468.708007936706,10,0,1.79416042204123,0.95,NA,NA,NA,0,0.95
"nt","tl2.50_gl0.50_pr5.00_c200","model5",0.18893648834094,0.0556242178779354,10,2.5,0.5,200,50,5,1,0.999643844659221,737.855280531802,0.00488605690774131,545.781544415728,10,0,1.93335254184779,0.95,NA,NA,NA,0.4,0.55
"nt","tl2.50_gl0.50_pr5.00_c200","model6",0.185184171020468,0.0454691884623091,10,2.5,0.5,200,50,5,1,0.999442118116739,738.391768263446,0.00638560748679224,455.318977859794,10,0.1,10.6737971681966,0.85,NA,NA,NA,0.1,0.85
"nt","tl2.50_gl0.50_pr5.00_c200","model7",0.187409965082044,0.0487952948334896,7,2.5,0.5,200,50,5,0.7,0.999523981206399,543.020166551329,0.00578106753909093,522.477097130922,10,0,5.38545477543185,0.95,0,1.08237197132288,0.95,0.428571428571429,0.521428571428571
"nt","tl2.50_gl0.50_pr5.00_c200","model8",0.1844386312501,0.0451322341665183,10,2.5,0.5,200,50,5,1,0.999490969012286,761.491580737278,0.00639813567904071,492.497426426483,10,0,13.0677300246909,0.95,NA,NA,NA,0.45,0.5
"nt","tl2.50_gl0.50_pr5.00_c200","model9",0.183753907023738,0.0228121539480002,4,2.5,0.5,200,50,5,0.4,0.99977432702702,291.099200752921,0.00384540741143714,573.105215585924,10,0.2,2.27519578037337,0.75,0,1.05407983428624,0.95,0.5,0.45
"nt","tl2.50_gl0.50_pr5.00_c25","model1",0.566290855224421,0.0938664939515881,10,2.5,0.5,25,50,5,1,0.999488513708657,751.415210778974,0.00572703298438994,449.673053874275,10,0.7,1.62678382663377,0.25,NA,NA,NA,0.7,0.25
"nt","tl2.50_gl0.50_pr5.00_c25","model10",0.56613546539098,0.0906697491403275,10,2.5,0.5,25,50,5,1,0.999552720178166,776.792529270849,0.0052776413720336,498.266561060271,10,0.5,1.59446317695561,0.45,NA,NA,NA,0.7,0.25
"nt","tl2.50_gl0.50_pr5.00_c25","model11",0.526231968645286,0.0678128793363204,10,2.5,0.5,25,50,5,1,0.999501648412427,737.096372292105,0.00571530641610935,286.169893057885,10,0.5,0.68677541779847,0.45,NA,NA,NA,0.5,0.45
"nt","tl2.50_gl0.50_pr5.00_c25","model12",0.548356357670108,0.0810014238329273,9,2.5,0.5,25,50,5,0.9,0.999748346272897,636.245310285949,0.00404439983995959,462.603474770837,10,0.1,2.22679809878633,0.85,NA,NA,NA,0,0.95
"nt","tl2.50_gl0.50_pr5.00_c25","model2",0.564114577120062,0.0947574150169272,10,2.5,0.5,25,50,5,1,0.999501738781892,732.258987484044,0.00557584958836101,497.021530853325,10,0.7,6.44774878304621,0.25,NA,NA,NA,0.7,0.25
"nt","tl2.50_gl0.50_pr5.00_c25","model3",0.56165597045422,0.095026714236628,10,2.5,0.5,25,50,5,1,0.999476980103751,764.335337921253,0.00570472295492257,441.378229545342,10,0.7,1.39513104172911,0.25,0.2,0.99800456091635,0.75,0.45,0.5
"nt","tl2.50_gl0.50_pr5.00_c25","model4",0.559842874590424,0.092674065467475,10,2.5,0.5,25,50,5,1,0.999549755393728,741.154475666055,0.0054280709499125,512.972252878187,10,0.4,1.11846944859323,0.55,NA,NA,NA,0.4,0.55
"nt","tl2.50_gl0.50_pr5.00_c25","model5",0.565053901611109,0.0914432718842366,10,2.5,0.5,25,50,5,1,0.99956032874234,788.093463692045,0.00527706659400075,521.724730872714,10,0.3,1.10109784819827,0.65,NA,NA,NA,0.5,0.45
"nt","tl2.50_gl0.50_pr5.00_c25","model6",0.560373153862239,0.0895091091881417,10,2.5,0.5,25,50,5,1,0.999510892557992,763.097525837047,0.00562106722428628,493.689101673841,10,0.4,1.67809751852423,0.55,NA,NA,NA,0.4,0.55
"nt","tl2.50_gl0.50_pr5.00_c25","model7",0.571333495508794,0.0902436174389718,10,2.5,0.5,25,50,5,1,0.999605090008852,718.384749753544,0.00496830735713223,478.861652745149,10,0.4,1.69027886347844,0.55,NA,NA,NA,0.65,0.3
"nt","tl2.50_gl0.50_pr5.00_c25","model8",0.571546627060589,0.0908546958592751,10,2.5,0.5,25,50,5,1,0.999530247716512,784.243495559433,0.00542124147189231,478.241209847398,10,0.5,1.39013106639393,0.45,NA,NA,NA,0.65,0.3
"nt","tl2.50_gl0.50_pr5.00_c25","model9",0.548367509975512,0.0805144412570262,8,2.5,0.5,25,50,5,0.8,0.999589040711019,628.628958036953,0.0049791131178152,449.176792919399,10,0.4,1.702817752465,0.55,NA,NA,NA,0.5625,0.3875
"nt","tl2.50_gl0.50_pr5.00_c50","model1",0.408844670484103,0.116481463785036,10,2.5,0.5,50,50,5,1,0.999369079436346,712.191878831561,0.00623032518459006,382.33780217559,10,0.6,1.4124923945742,0.35,NA,NA,NA,0.6,0.35
"nt","tl2.50_gl0.50_pr5.00_c50","model10",0.39218342116508,0.107653838483856,10,2.5,0.5,50,50,5,1,0.999512048137331,802.071956516026,0.00530698412355342,482.520668274396,10,0.2,1.96757302396817,0.75,NA,NA,NA,0.55,0.4
"nt","tl2.50_gl0.50_pr5.00_c50","model11",0.358815932863684,0.109294981870775,10,2.5,0.5,50,50,5,1,0.999351731242124,726.10958277693,0.00677760630663957,235.474030987396,10,0.8,0.634320850202552,0.15,NA,NA,NA,0.8,0.15
"nt","tl2.50_gl0.50_pr5.00_c50","model12",0.383860811877326,0.119511736278179,9,2.5,0.5,50,50,5,0.9,0.999749351484434,463.442978411684,0.00401592154399474,423.028998394793,10,0,2.8779450353876,0.95,NA,NA,NA,0,0.95
"nt","tl2.50_gl0.50_pr5.00_c50","model2",0.394932103075123,0.108193151003675,10,2.5,0.5,50,50,5,1,0.999329590227872,731.746113726861,0.00630990718015249,407.621378290055,10,0.6,9.7488524264659,0.35,NA,NA,NA,0.6,0.35
"nt","tl2.50_gl0.50_pr5.00_c50","model3",0.414555437711135,0.110366581617447,10,2.5,0.5,50,50,5,1,0.999354426414323,752.390313589646,0.00635305315046229,418.76788784576,10,0.6,1.37387160606544,0.35,0.1,0.797749675567894,0.85,0.35,0.6
"nt","tl2.50_gl0.50_pr5.00_c50","model4",0.404822427311576,0.114493691993879,10,2.5,0.5,50,50,5,1,0.999558796561412,800.733720902889,0.00510475121269958,457.443776910406,10,0.2,1.46358331576731,0.75,NA,NA,NA,0.2,0.75
"nt","tl2.50_gl0.50_pr5.00_c50","model5",0.403712437455249,0.113658854212338,10,2.5,0.5,50,50,5,1,0.999571457152502,765.312478028823,0.00516624932026034,464.63479000552,10,0.2,1.60143435015274,0.75,NA,NA,NA,0.45,0.5
"nt","tl2.50_gl0.50_pr5.00_c50","model6",0.397129796613053,0.108787454949093,10,2.5,0.5,50,50,5,1,0.999475281836378,797.966581808195,0.00549753867150934,516.132998806997,10,0.2,1.8197516472959,0.75,NA,NA,NA,0.2,0.75
"nt","tl2.50_gl0.50_pr5.00_c50","model7",0.396358263660061,0.101240226087723,9,2.5,0.5,50,50,5,0.9,0.999605231914761,647.050981260566,0.00470242527659668,529.67603041146,10,0.2,2.02984966915095,0.75,0,1.28190362057159,0.95,0.5,0.45
"nt","tl2.50_gl0.50_pr5.00_c50","model8",0.393554669281027,0.107245361174094,10,2.5,0.5,50,50,5,1,0.999482790198445,745.752416984197,0.00545145108699456,510.686104470798,10,0.2,2.00629782271134,0.75,NA,NA,NA,0.55,0.4
"nt","tl2.50_gl0.50_pr5.00_c50","model9",0.389118596656339,0.109425695112391,10,2.5,0.5,50,50,5,1,0.999693492792725,661.1909674278,0.00411177222845041,547.750530185998,10,0.3,2.12396188064254,0.65,NA,NA,NA,0.6,0.35
"nt","tl2.50_gl1.00_pr1.00_c100","model1",0.253767030969188,0.0711358039023015,10,2.5,1,100,50,1,1,0.999322014534035,772.276965964692,0.00680494534193132,446.096817480248,10,0.3,2.95184566893136,0.65,NA,NA,NA,0.3,0.65
"nt","tl2.50_gl1.00_pr1.00_c100","model10",0.25678207828566,0.0892047012781578,10,2.5,1,100,50,1,1,0.999349637205687,806.996961521762,0.00647349459801366,480.710451878322,10,0.5,15.3722064006962,0.45,NA,NA,NA,0.75,0.2
"nt","tl2.50_gl1.00_pr1.00_c100","model11",0.237037582017361,0.0781538124670174,10,2.5,1,100,50,1,1,0.99924313012219,726.719286270995,0.00834620190176328,249.953086511563,10,0.2,1.614445862365,0.75,NA,NA,NA,0.2,0.75
"nt","tl2.50_gl1.00_pr1.00_c100","model12",0.239763309201484,0.0675811117151416,7,2.5,1,100,50,1,0.7,0.99955454994593,546.571553086355,0.0058545170996131,347.432420420968,10,0,2.91386116082835,0.95,NA,NA,NA,0,0.95
"nt","tl2.50_gl1.00_pr1.00_c100","model2",0.255440212335876,0.0957418654433136,10,2.5,1,100,50,1,1,0.999314472208909,789.21967799751,0.00694939532625294,459.821430453098,10,0.3,21.3109464124197,0.65,NA,NA,NA,0.3,0.65
"nt","tl2.50_gl1.00_pr1.00_c100","model3",0.255029309844449,0.0693140586642038,10,2.5,1,100,50,1,1,0.999251350909007,739.233061944811,0.00720532894389897,400.342611851268,10,0.3,2.95884835848097,0.65,1,0.0122258044296855,0.05,0.65,0.3
"nt","tl2.50_gl1.00_pr1.00_c100","model4",0.255128704738351,0.0697578767418522,10,2.5,1,100,50,1,1,0.999286895317379,762.593137979709,0.0067683375597112,414.224202937124,10,0.5,3.09558475677356,0.45,NA,NA,NA,0.5,0.45
"nt","tl2.50_gl1.00_pr1.00_c100","model5",0.254787442909444,0.0746906639963055,10,2.5,1,100,50,1,1,0.999296740781597,807.198806773814,0.00671590782173933,386.890231598546,10,0.4,3.00170142809865,0.55,NA,NA,NA,0.7,0.25
"nt","tl2.50_gl1.00_pr1.00_c100","model6",0.254373443318309,0.098014171221343,10,2.5,1,100,50,1,1,0.999266826108171,767.963580536895,0.00733240599930102,430.723029169089,10,0.5,16.3803203280319,0.45,NA,NA,NA,0.5,0.45
"nt","tl2.50_gl1.00_pr1.00_c100","model7",0.256535135880201,0.09775751924336,10,2.5,1,100,50,1,1,0.999448074016005,602.90245928997,0.00587016543463262,446.972739654588,10,0.5,6.74366565676633,0.45,1,0.0204797599008262,0.05,0.833333333333333,0.116666666666667
"nt","tl2.50_gl1.00_pr1.00_c100","model8",0.255625978455145,0.0932083445864121,10,2.5,1,100,50,1,1,0.999291181035498,788.56165588086,0.00689929641861169,419.010880137927,10,0.5,16.2149545967554,0.45,NA,NA,NA,0.75,0.2
"nt","tl2.50_gl1.00_pr1.00_c100","model9",0.25607471945919,0.074376322214782,8,2.5,1,100,50,1,0.8,0.999849011998684,445.089180186537,0.00280876441594952,560.402985025004,10,0.9,0.309181137461979,0.0499999999999999,NA,NA,NA,0.9375,0.0125
"nt","tl2.50_gl1.00_pr1.00_c200","model1",0.173284725559531,0.0393242994590699,10,2.5,1,200,50,1,1,0.99913681433233,739.41207039123,0.0086276134559292,441.898316233967,10,0.4,3.32299168396332,0.55,NA,NA,NA,0.4,0.55
"nt","tl2.50_gl1.00_pr1.00_c200","model10",0.169320473261589,0.0412656186216207,10,2.5,1,200,50,1,1,0.999251610401924,777.64433343084,0.00790769135129389,516.053397749785,10,0.5,41.2420812420057,0.45,NA,NA,NA,0.7,0.25
"nt","tl2.50_gl1.00_pr1.00_c200","model11",0.156307595123084,0.0322744170344871,10,2.5,1,200,50,1,1,0.999147350849022,731.8164206031,0.0099587846865415,380.251731283618,10,0.2,1.8976548548087,0.75,NA,NA,NA,0.2,0.75
"nt","tl2.50_gl1.00_pr1.00_c200","model2",0.168787912103696,0.0367311760351015,10,2.5,1,200,50,1,1,0.999184883906142,722.822073261035,0.00800664692374813,505.097329126667,10,0.4,57.956080103781,0.55,NA,NA,NA,0.4,0.55
"nt","tl2.50_gl1.00_pr1.00_c200","model3",0.174400449976012,0.0401235062193071,10,2.5,1,200,50,1,1,0.999157863983693,763.406278973162,0.00826347417751512,459.700129397976,10,0.4,3.24161548754093,0.55,0.9,0.0135077644294308,0.0499999999999999,0.65,0.3
"nt","tl2.50_gl1.00_pr1.00_c200","model4",0.172164546172514,0.0366539837508578,10,2.5,1,200,50,1,1,0.999271763397741,713.103198723689,0.00766733446973772,447.718410949303,10,0.4,3.13342864063358,0.55,NA,NA,NA,0.4,0.55
"nt","tl2.50_gl1.00_pr1.00_c200","model5",0.172591314695751,0.0363393974190251,10,2.5,1,200,50,1,1,0.99926599574578,779.745337749403,0.00786684730560443,504.847353035419,10,0.4,3.08235180578168,0.55,NA,NA,NA,0.55,0.4
"nt","tl2.50_gl1.00_pr1.00_c200","model6",0.169975478046205,0.044741165690225,10,2.5,1,200,50,1,1,0.999249613237287,795.722942681268,0.00785313685909714,524.687239586843,10,0.5,43.0980333242179,0.45,NA,NA,NA,0.5,0.45
"nt","tl2.50_gl1.00_pr1.00_c200","model7",0.166387009134239,0.0265266501862118,9,2.5,1,200,50,1,0.9,0.999481253050239,595.065460030775,0.00625697728068787,513.666717071347,10,0.6,24.0894368105185,0.35,1,0.0203971401814875,0.05,0.814814814814815,0.135185185185185
"nt","tl2.50_gl1.00_pr1.00_c200","model8",0.170615494176391,0.0392082160858254,10,2.5,1,200,50,1,1,0.999292053753027,785.656183763092,0.00762171717606392,507.376294599468,10,0.5,42.7934153516831,0.45,NA,NA,NA,0.7,0.25
"nt","tl2.50_gl1.00_pr1.00_c200","model9",0.178916853737159,0.0291001147009213,5,2.5,1,200,50,1,0.5,0.999773416526828,238.717074507526,0.0039118070320974,566.687275297439,10,1,0.3125403744786,0.05,1,0.00903072782880586,0.05,0.9,0.0499999999999999
"nt","tl2.50_gl1.00_pr1.00_c25","model1",0.534743219073049,0.118500194913377,10,2.5,1,25,50,1,1,0.999428290153953,742.191267649223,0.00607036251804395,460.084838632255,10,0.5,3.31840478716178,0.45,NA,NA,NA,0.5,0.45
"nt","tl2.50_gl1.00_pr1.00_c25","model10",0.518540234523194,0.107020200106604,10,2.5,1,25,50,1,1,0.999591742616365,859.11820514833,0.00508256416982068,469.652192322074,10,0.7,7.6585284702379,0.25,NA,NA,NA,0.85,0.1
"nt","tl2.50_gl1.00_pr1.00_c25","model11",0.51080458769525,0.115631315192971,10,2.5,1,25,50,1,1,0.999461826515969,697.137215858094,0.00618651523770555,239.076005013901,10,0.4,1.34621241450959,0.55,NA,NA,NA,0.4,0.55
"nt","tl2.50_gl1.00_pr1.00_c25","model12",0.529203423383449,0.119779447221506,10,2.5,1,25,50,1,1,0.999701490320835,586.310248518861,0.00435815668211026,370.363958774407,10,0.2,2.0416044511494,0.75,NA,NA,NA,0.2,0.75
"nt","tl2.50_gl1.00_pr1.00_c25","model2",0.516679739966328,0.109888430990451,10,2.5,1,25,50,1,1,0.999491309340785,741.809989148185,0.00559982105971656,476.492832854552,10,0.6,9.44171833336799,0.35,NA,NA,NA,0.6,0.35
"nt","tl2.50_gl1.00_pr1.00_c25","model3",0.533527753171451,0.114082718687983,10,2.5,1,25,50,1,1,0.999507409882327,861.211786104396,0.00557403083802148,414.87821869562,10,0.5,2.99487654215888,0.45,0.7,0.211370381492019,0.25,0.6,0.35
"nt","tl2.50_gl1.00_pr1.00_c25","model4",0.535697304601548,0.110435584384788,10,2.5,1,25,50,1,1,0.999489260913553,798.786108221571,0.00569181604185847,448.795278680623,10,0.6,5.87747394088973,0.35,NA,NA,NA,0.6,0.35
"nt","tl2.50_gl1.00_pr1.00_c25","model5",0.535080812698429,0.108186679737168,10,2.5,1,25,50,1,1,0.999555944394416,767.984717254946,0.00532425716597358,477.094386119639,10,0.6,5.51412801954192,0.35,NA,NA,NA,0.75,0.2
"nt","tl2.50_gl1.00_pr1.00_c25","model6",0.519617245694197,0.10178234825851,10,2.5,1,25,50,1,1,0.999510311489642,754.317835673188,0.00556457795257501,523.578615047817,10,0.6,8.93584581537506,0.35,NA,NA,NA,0.6,0.35
"nt","tl2.50_gl1.00_pr1.00_c25","model7",0.519370665608831,0.100589747736273,10,2.5,1,25,50,1,1,0.999518287238269,790.53691798306,0.00537856873836397,459.987453609081,10,0.7,6.20532944068781,0.25,NA,NA,NA,0.85,0.1
"nt","tl2.50_gl1.00_pr1.00_c25","model8",0.518624487874491,0.110601760226136,10,2.5,1,25,50,1,1,0.999505886292815,794.766574969068,0.00560788813110505,460.318110536762,10,0.6,8.64966799596253,0.35,NA,NA,NA,0.8,0.15
"nt","tl2.50_gl1.00_pr1.00_c25","model9",0.498080922499402,0.084291011254916,8,2.5,1,25,50,1,0.8,0.999667402939372,649.121872881382,0.00437380708700451,500.933577061017,10,0.9,0.676035410122236,0.0499999999999999,NA,NA,NA,0.9375,0.0125
"nt","tl2.50_gl1.00_pr1.00_c50","model1",0.393388624312195,0.108759424652013,10,2.5,1,50,50,1,1,0.999413839480044,762.873557156457,0.00589999522999938,379.258252901376,10,0.4,1.92392732009383,0.55,NA,NA,NA,0.4,0.55
"nt","tl2.50_gl1.00_pr1.00_c50","model10",0.395171215104819,0.0633438488533373,10,2.5,1,50,50,1,1,0.999439585906632,790.929305559517,0.00573505250683509,438.310279557475,10,0.6,4.60653557102802,0.35,NA,NA,NA,0.75,0.2
"nt","tl2.50_gl1.00_pr1.00_c50","model11",0.365590748552854,0.13999172304227,10,2.5,1,50,50,1,1,0.999416032261686,745.880084621927,0.0067825869237046,232.020698655706,10,0.5,0.945143178789214,0.45,NA,NA,NA,0.5,0.45
"nt","tl2.50_gl1.00_pr1.00_c50","model12",0.368940096271206,0.106391752721934,9,2.5,1,50,50,1,0.9,0.99969193876477,554.778398762022,0.00448348404130163,383.610080658732,10,0,2.8324892774446,0.95,NA,NA,NA,0,0.95
"nt","tl2.50_gl1.00_pr1.00_c50","model2",0.400049459965055,0.0746507613685585,10,2.5,1,50,50,1,1,0.99931858778458,712.864147798795,0.00625010598228809,454.258378535877,10,0.5,12.3793323919585,0.45,NA,NA,NA,0.5,0.45
"nt","tl2.50_gl1.00_pr1.00_c50","model3",0.389898839529603,0.105861150696403,10,2.5,1,50,50,1,1,0.999357716654906,767.778049929105,0.00625194970181926,379.794647150406,10,0.5,1.90320215075227,0.45,0.7,0.0939351589724323,0.25,0.6,0.35
"nt","tl2.50_gl1.00_pr1.00_c50","model4",0.390484848442195,0.0953592646346843,10,2.5,1,50,50,1,1,0.999381100949006,777.868749335067,0.00613027231109635,380.722251231088,10,0.5,1.43897151741554,0.45,NA,NA,NA,0.5,0.45
"nt","tl2.50_gl1.00_pr1.00_c50","model5",0.387678918887303,0.106828241232448,10,2.5,1,50,50,1,1,0.999465797810817,764.353369358732,0.00553426473943321,424.569918875769,10,0.6,1.38479544736204,0.35,NA,NA,NA,0.7,0.25
"nt","tl2.50_gl1.00_pr1.00_c50","model6",0.400255952619154,0.0693991552265447,10,2.5,1,50,50,1,1,0.999345007953996,773.057113315785,0.00614637758566274,410.985266711213,10,0.6,5.18500035564242,0.35,NA,NA,NA,0.6,0.35
"nt","tl2.50_gl1.00_pr1.00_c50","model7",0.395267874520478,0.0663617429340838,10,2.5,1,50,50,1,1,0.99948711042787,782.752587590416,0.00544691467842015,417.694625240971,10,0.6,2.2696827798739,0.35,NA,NA,NA,0.8,0.15
"nt","tl2.50_gl1.00_pr1.00_c50","model8",0.394381544931811,0.0637502686933457,10,2.5,1,50,50,1,1,0.999349600666184,740.098002663702,0.00614286574250259,436.175951132605,10,0.6,5.00633197884394,0.35,NA,NA,NA,0.8,0.15
"nt","tl2.50_gl1.00_pr1.00_c50","model9",0.382453066179921,0.0555266420985328,8,2.5,1,50,50,1,0.8,0.999771604314277,581.336302468101,0.00349316132025037,539.542189772234,10,0.8,0.693200336782339,0.15,NA,NA,NA,0.875,0.075
"nt","tl2.50_gl1.00_pr2.50_c100","model1",0.285374935578654,0.0968444268960543,10,2.5,1,100,50,2.5,1,0.99930436486184,762.453475989186,0.00688327582651787,387.93303566955,10,0.4,3.92303630510451,0.55,NA,NA,NA,0.4,0.55
"nt","tl2.50_gl1.00_pr2.50_c100","model10",0.290098291435382,0.0777280890734557,10,2.5,1,100,50,2.5,1,0.999412088102393,793.091020260614,0.00615239562946561,496.681971056075,10,0.5,20.8239052602577,0.45,NA,NA,NA,0.75,0.2
"nt","tl2.50_gl1.00_pr2.50_c100","model11",0.250726957836557,0.112711207636716,10,2.5,1,100,50,2.5,1,0.999216397473933,733.336180953226,0.00851661706824585,239.173070269566,10,0.5,2.08934234826078,0.45,NA,NA,NA,0.5,0.45
"nt","tl2.50_gl1.00_pr2.50_c100","model12",0.266358894767603,0.0615248358585327,8,2.5,1,100,50,2.5,0.8,0.999630257443501,515.548157351097,0.00523065514160594,418.716705295999,10,0,2.77524087409451,0.95,NA,NA,NA,0,0.95
"nt","tl2.50_gl1.00_pr2.50_c100","model2",0.287487740797433,0.058881965421909,10,2.5,1,100,50,2.5,1,0.999306710265198,815.101852386956,0.00667099707279847,409.516510696102,10,0.4,34.7727719477232,0.55,NA,NA,NA,0.4,0.55
"nt","tl2.50_gl1.00_pr2.50_c100","model3",0.286366934506296,0.0997994386211376,10,2.5,1,100,50,2.5,1,0.999327858375991,753.433328676431,0.00656123365348344,394.85739575522,10,0.4,3.91881697370109,0.55,0.9,0.0178342479189355,0.0499999999999999,0.65,0.3
"nt","tl2.50_gl1.00_pr2.50_c100","model4",0.290855404117845,0.0941574882981992,10,2.5,1,100,50,2.5,1,0.999426611453151,725.705757449399,0.00606822949760504,398.204394566828,10,0.3,1.75670158577842,0.65,NA,NA,NA,0.3,0.65
"nt","tl2.50_gl1.00_pr2.50_c100","model5",0.293311317659613,0.0981713879124457,10,2.5,1,100,50,2.5,1,0.999474600310154,787.772751469884,0.00571914771772634,466.543859337533,10,0.3,1.74720460131572,0.65,NA,NA,NA,0.65,0.3
"nt","tl2.50_gl1.00_pr2.50_c100","model6",0.292104425703239,0.0635287966676988,10,2.5,1,100,50,2.5,1,0.999345179509745,783.030030200032,0.00628163362853974,444.654864130325,10,0.5,21.2994046950044,0.45,NA,NA,NA,0.5,0.45
"nt","tl2.50_gl1.00_pr2.50_c100","model7",0.312180780745454,0.0907751087904456,7,2.5,1,100,50,2.5,0.7,0.99949207578233,611.883179934473,0.00546284614569713,490.178086614751,10,0.1,13.1883276269169,0.85,1,0.019478386759073,0.05,0.571428571428571,0.378571428571429
"nt","tl2.50_gl1.00_pr2.50_c100","model8",0.291399343987186,0.0934590602259009,10,2.5,1,100,50,2.5,1,0.999334778995838,757.039913394545,0.00655387266770408,466.078178797799,10,0.4,21.0357990781631,0.55,NA,NA,NA,0.7,0.25
"nt","tl2.50_gl1.00_pr2.50_c100","model9",0.289160820784139,0.0660820421314564,10,2.5,1,100,50,2.5,1,0.999575017841114,758.39550825009,0.00475414228783264,528.773563974568,10,0.1,35.6396220653449,0.85,1,0.011811711687638,0.05,0.7,0.25
"nt","tl2.50_gl1.00_pr2.50_c200","model1",0.199875028462492,0.0972401872516951,10,2.5,1,200,50,2.5,1,0.999219822243903,747.234359369998,0.00833198157315236,440.355785332002,10,0.4,3.25604544648733,0.55,NA,NA,NA,0.4,0.55
"nt","tl2.50_gl1.00_pr2.50_c200","model10",0.182888812242051,0.0574520789191668,10,2.5,1,200,50,2.5,1,0.999365686336549,803.240680478659,0.00730833031849705,527.810569485449,10,0.3,18.9896507212356,0.65,NA,NA,NA,0.65,0.3
"nt","tl2.50_gl1.00_pr2.50_c200","model11",0.189129869426613,0.0844820020530213,10,2.5,1,200,50,2.5,1,0.99924864498982,759.582468385847,0.00965048073246521,316.975449820892,10,0.5,1.82974040585683,0.45,NA,NA,NA,0.5,0.45
"nt","tl2.50_gl1.00_pr2.50_c200","model2",0.185816811432409,0.0406527958493627,10,2.5,1,200,50,2.5,1,0.99932308377762,826.456552674509,0.00721810701309839,485.456678388471,10,0.5,42.8300630500783,0.45,NA,NA,NA,0.5,0.45
"nt","tl2.50_gl1.00_pr2.50_c200","model3",0.198257891340608,0.0927862508970005,10,2.5,1,200,50,2.5,1,0.9991968643475,757.49857810589,0.0077716174339389,441.776492711927,10,0.4,3.18911734232849,0.55,0.9,0.00888876409964857,0.0499999999999999,0.65,0.3
"nt","tl2.50_gl1.00_pr2.50_c200","model4",0.196274983584624,0.0872537659895479,10,2.5,1,200,50,2.5,1,0.999398261416596,767.541303552083,0.00671167123338294,508.537910779773,10,0.3,1.31866895669372,0.65,NA,NA,NA,0.3,0.65
"nt","tl2.50_gl1.00_pr2.50_c200","model5",0.19635677833186,0.085066218541154,10,2.5,1,200,50,2.5,1,0.999425806210795,705.116955718764,0.00667331465289002,546.382391244178,10,0.2,1.30795915016661,0.75,NA,NA,NA,0.55,0.4
"nt","tl2.50_gl1.00_pr2.50_c200","model6",0.184143385023822,0.0505830345784052,10,2.5,1,200,50,2.5,1,0.999342498678519,827.526517769609,0.0071691821118767,533.4687235109,10,0.3,19.203040093104,0.65,NA,NA,NA,0.3,0.65
"nt","tl2.50_gl1.00_pr2.50_c200","model7",0.188934104107198,0.0582174956707149,8,2.5,1,200,50,2.5,0.8,0.999461279709215,568.892535061899,0.0062444007760118,529.725592175868,10,0.2,7.27186856810229,0.75,1,0.0102214632781445,0.05,0.625,0.325
"nt","tl2.50_gl1.00_pr2.50_c200","model8",0.185023482143888,0.0568320054229168,10,2.5,1,200,50,2.5,1,0.99931833430306,753.423997858105,0.00736333729033694,469.19505150572,10,0.3,19.010322018275,0.65,NA,NA,NA,0.65,0.3
"nt","tl2.50_gl1.00_pr2.50_c200","model9",0.183279646584707,0.0298418594853488,4,2.5,1,200,50,2.5,0.4,0.999774281803554,304.123189569153,0.00402697841563218,582.027294930234,10,0.5,1.18151193751101,0.45,1,0.0074253236922147,0.05,0.5,0.45
"nt","tl2.50_gl1.00_pr2.50_c25","model1",0.595324498148492,0.102257458943241,10,2.5,1,25,50,2.5,1,0.999432487914509,727.69758628761,0.00605549086459594,465.844776275634,10,0.7,0.353712322287143,0.25,NA,NA,NA,0.7,0.25
"nt","tl2.50_gl1.00_pr2.50_c25","model10",0.589392494911424,0.104235245080834,10,2.5,1,25,50,2.5,1,0.999518754340619,740.347753398444,0.00542484652602158,501.410630417195,10,0.5,1.2518919554801,0.45,NA,NA,NA,0.75,0.2
"nt","tl2.50_gl1.00_pr2.50_c25","model11",0.55502377434555,0.105614255665092,10,2.5,1,25,50,2.5,1,0.999474382087634,742.618017476659,0.00580939008843205,331.654335153547,10,0.9,0.227363239388658,0.0499999999999999,NA,NA,NA,0.9,0.0499999999999999
"nt","tl2.50_gl1.00_pr2.50_c25","model12",0.586480638581151,0.10220573539855,10,2.5,1,25,50,2.5,1,0.999720090293092,762.733342668901,0.00417237953225622,450.982790659346,10,0,2.52163563215264,0.95,NA,NA,NA,0,0.95
"nt","tl2.50_gl1.00_pr2.50_c25","model2",0.595342136727003,0.107659988200401,10,2.5,1,25,50,2.5,1,0.999458625058632,725.199515756596,0.00601996540958252,442.332806061882,10,0.7,1.74921906298747,0.25,NA,NA,NA,0.7,0.25
"nt","tl2.50_gl1.00_pr2.50_c25","model3",0.596021861651198,0.0971192930938209,10,2.5,1,25,50,2.5,1,0.999497037180022,819.457753476143,0.00571366438611289,454.498909741893,10,0.8,0.305146219232991,0.15,0.8,0.169872816803758,0.15,0.8,0.15
"nt","tl2.50_gl1.00_pr2.50_c25","model4",0.588804319382964,0.0990217770072723,10,2.5,1,25,50,2.5,1,0.999522835225691,786.767721951367,0.00556936510823984,438.339753178543,10,0.4,1.05341100492683,0.55,NA,NA,NA,0.4,0.55
"nt","tl2.50_gl1.00_pr2.50_c25","model5",0.588797225498919,0.0985423556424045,10,2.5,1,25,50,2.5,1,0.999544507939528,775.449480296448,0.00549000949929895,454.945615794762,10,0.4,1.08348596412059,0.55,NA,NA,NA,0.7,0.25
"nt","tl2.50_gl1.00_pr2.50_c25","model6",0.590348412570722,0.105259978478559,10,2.5,1,25,50,2.5,1,0.999521219338112,767.303242488755,0.00554540230481093,459.700890330811,10,0.5,1.37156972639521,0.45,NA,NA,NA,0.5,0.45
"nt","tl2.50_gl1.00_pr2.50_c25","model7",0.591286384763413,0.105719656986432,10,2.5,1,25,50,2.5,1,0.999586887026491,806.574427978728,0.00524398978465441,490.684448814881,10,0.4,1.41830832194696,0.55,NA,NA,NA,0.7,0.25
"nt","tl2.50_gl1.00_pr2.50_c25","model8",0.58995692317678,0.106751106154023,10,2.5,1,25,50,2.5,1,0.99957164262587,814.020295267879,0.00533737952249256,510.282663520435,10,0.5,1.36495618016365,0.45,NA,NA,NA,0.75,0.2
"nt","tl2.50_gl1.00_pr2.50_c25","model9",0.579849734362857,0.102522033703553,9,2.5,1,25,50,2.5,0.9,0.999647298068789,686.849835604562,0.00464610659282889,514.191096476904,10,0.4,1.58453191420148,0.55,NA,NA,NA,0.666666666666667,0.283333333333333
"nt","tl2.50_gl1.00_pr2.50_c50","model1",0.390123104777187,0.0865746528292248,10,2.5,1,50,50,2.5,1,0.999352776912441,754.63962890455,0.00617916679073048,387.179881365897,10,0.5,1.96635859165784,0.45,NA,NA,NA,0.5,0.45
"nt","tl2.50_gl1.00_pr2.50_c50","model10",0.391732442672397,0.0687282275102545,10,2.5,1,50,50,2.5,1,0.999455287605766,774.430611931027,0.00566746272666707,466.515890996808,10,0.2,3.88597514891453,0.75,NA,NA,NA,0.55,0.4
"nt","tl2.50_gl1.00_pr2.50_c50","model11",0.370925997008267,0.0880260784291775,10,2.5,1,50,50,2.5,1,0.999379218156153,755.748893138691,0.00630762872528419,235.560477852924,10,0.5,0.902622564473051,0.45,NA,NA,NA,0.5,0.45
"nt","tl2.50_gl1.00_pr2.50_c50","model12",0.376660416973196,0.060483415309345,8,2.5,1,50,50,2.5,0.8,0.999753636738814,527.831599350884,0.00393700008233569,435.23010301851,10,0,2.81574764278397,0.95,NA,NA,NA,0,0.95
"nt","tl2.50_gl1.00_pr2.50_c50","model2",0.394462775521468,0.0910800003647209,10,2.5,1,50,50,2.5,1,0.999379709215855,743.903747981421,0.00605558492652312,473.658234376873,10,0.6,12.552529651388,0.35,NA,NA,NA,0.6,0.35
"nt","tl2.50_gl1.00_pr2.50_c50","model3",0.392710747575355,0.0894759117147242,10,2.5,1,50,50,2.5,1,0.999335333345293,749.771533348527,0.00620188331758949,381.11053258716,10,0.6,1.83279406035863,0.35,0.9,0.0678459168263166,0.0499999999999999,0.75,0.2
"nt","tl2.50_gl1.00_pr2.50_c50","model4",0.394817963768401,0.0705140316617305,10,2.5,1,50,50,2.5,1,0.999425755993924,735.92631321318,0.00583627866061284,427.232519263117,10,0.4,1.16846126916528,0.55,NA,NA,NA,0.4,0.55
"nt","tl2.50_gl1.00_pr2.50_c50","model5",0.394710562944843,0.0779198475290953,10,2.5,1,50,50,2.5,1,0.99954675544232,831.239448787369,0.00513516732687877,446.59367205351,10,0.3,1.10681545712226,0.65,NA,NA,NA,0.65,0.3
"nt","tl2.50_gl1.00_pr2.50_c50","model6",0.392825111200572,0.0764800379742629,10,2.5,1,50,50,2.5,1,0.999362591610579,774.855975830928,0.00603406590504002,452.883453224541,10,0.3,5.28792622038462,0.65,NA,NA,NA,0.3,0.65
"nt","tl2.50_gl1.00_pr2.50_c50","model7",0.392959245870388,0.076873689301401,10,2.5,1,50,50,2.5,1,0.999544066441099,751.856019455187,0.00503843140181143,479.899687023437,10,0.2,2.83576747475802,0.75,NA,NA,NA,0.6,0.35
"nt","tl2.50_gl1.00_pr2.50_c50","model8",0.394766880029579,0.0769014938322941,10,2.5,1,50,50,2.5,1,0.999404040912991,761.864790824351,0.00585151682270543,430.638319103507,10,0.2,4.6986528738944,0.75,NA,NA,NA,0.6,0.35
"nt","tl2.50_gl1.00_pr2.50_c50","model9",0.372191612771797,0.0667103217575258,8,2.5,1,50,50,2.5,0.8,0.99969325400962,620.405865406716,0.00400273774601037,512.341074352201,10,0.4,1.34915183267743,0.55,NA,NA,NA,0.625,0.325
"nt","tl2.50_gl1.00_pr5.00_c100","model1",0.293054644689584,0.100297822855622,10,2.5,1,100,50,5,1,0.99933728940769,777.742357927086,0.00647116092274056,328.367185885817,10,0.5,2.90867078974491,0.45,NA,NA,NA,0.5,0.45
"nt","tl2.50_gl1.00_pr5.00_c100","model10",0.29113546705853,0.11749289585127,10,2.5,1,100,50,5,1,0.999578249989165,798.121750442192,0.00492735973378473,492.472241888942,10,0.1,5.96706190082484,0.85,NA,NA,NA,0.55,0.4
"nt","tl2.50_gl1.00_pr5.00_c100","model11",0.251628211971373,0.0911104762081341,10,2.5,1,100,50,5,1,0.999295942637944,755.072598246882,0.00760711408378285,307.682630920257,10,0.4,1.55671234278345,0.55,NA,NA,NA,0.4,0.55
"nt","tl2.50_gl1.00_pr5.00_c100","model12",0.30749311290912,0.0748122522417969,7,2.5,1,100,50,5,0.7,0.999692006001571,447.879971621893,0.00518770182165846,437.637666673235,10,0,2.90916527502774,0.95,NA,NA,NA,0,0.95
"nt","tl2.50_gl1.00_pr5.00_c100","model2",0.294680664981059,0.114961413604488,10,2.5,1,100,50,5,1,0.999284034921391,759.11516485877,0.00648042189425509,494.622780580093,10,0.5,31.7145430695179,0.45,NA,NA,NA,0.5,0.45
"nt","tl2.50_gl1.00_pr5.00_c100","model3",0.285692132901938,0.0989713755560076,10,2.5,1,100,50,5,1,0.99935300775105,801.284543412796,0.00616425256086513,349.319308310307,10,0.5,2.89393124450532,0.45,0.8,0.0363476820193942,0.15,0.65,0.3
"nt","tl2.50_gl1.00_pr5.00_c100","model4",0.293447106548128,0.12338992570551,10,2.5,1,100,50,5,1,0.999577133968292,756.987718386772,0.00507608940291903,446.683887025529,10,0.1,1.41367376487499,0.85,NA,NA,NA,0.1,0.85
"nt","tl2.50_gl1.00_pr5.00_c100","model5",0.293298379776064,0.123751182247259,10,2.5,1,100,50,5,1,0.999653015182346,795.438880851162,0.0047589419708265,405.914948117666,10,0.2,1.4804854260369,0.75,NA,NA,NA,0.55,0.4
"nt","tl2.50_gl1.00_pr5.00_c100","model6",0.291500505282226,0.122559261701021,10,2.5,1,100,50,5,1,0.999475689605954,806.666241833699,0.00533153281796985,458.351498003632,10,0.1,6.61959426252346,0.85,NA,NA,NA,0.1,0.85
"nt","tl2.50_gl1.00_pr5.00_c100","model7",0.323519687940648,0.138780404321489,8,2.5,1,100,50,5,0.8,0.999518679907079,580.392739686808,0.00525234533390681,484.160597088595,10,0.1,3.17898608959914,0.85,1,0.0125736940001484,0.05,0.5,0.45
"nt","tl2.50_gl1.00_pr5.00_c100","model8",0.292027076569087,0.114743303451974,10,2.5,1,100,50,5,1,0.999499816819013,806.327294773463,0.00528548858542115,513.703875074106,10,0.1,6.26812234643333,0.85,NA,NA,NA,0.5,0.45
"nt","tl2.50_gl1.00_pr5.00_c100","model9",0.262372337222943,0.0969045016971126,8,2.5,1,100,50,5,0.8,0.999786231518258,554.608381905676,0.00343480749184695,555.145569334515,10,0.2,2.07045929412491,0.75,1,0.00510698994296431,0.05,0.4375,0.5125
"nt","tl2.50_gl1.00_pr5.00_c200","model1",0.179846516731579,0.0575622692768996,10,2.5,1,200,50,5,1,0.999225615718223,737.512605932802,0.00781132224760642,384.740054059749,10,0.2,2.36504737350083,0.75,NA,NA,NA,0.2,0.75
"nt","tl2.50_gl1.00_pr5.00_c200","model10",0.171144841832404,0.048453339428259,10,2.5,1,200,50,5,1,0.999467569504749,767.308265552748,0.00635796845877996,564.690117931401,10,0,17.4364145036566,0.95,NA,NA,NA,0.45,0.5
"nt","tl2.50_gl1.00_pr5.00_c200","model11",0.156665959360941,0.0726050512453489,10,2.5,1,200,50,5,1,0.999276117027602,784.264552096603,0.00913912109732285,298.097967524381,10,0.4,1.31920836356852,0.55,NA,NA,NA,0.4,0.55
"nt","tl2.50_gl1.00_pr5.00_c200","model2",0.17680532859275,0.0529228161812574,10,2.5,1,200,50,5,1,0.999322455887268,781.725797884973,0.00709639783453691,501.110787407572,10,0.4,43.4395197941305,0.55,NA,NA,NA,0.4,0.55
"nt","tl2.50_gl1.00_pr5.00_c200","model3",0.184254263988406,0.0572463791998517,10,2.5,1,200,50,5,1,0.999284395669807,721.489642043557,0.00754815343519925,455.342188168587,10,0.4,2.35572530891504,0.55,0.6,0.0224436879383888,0.35,0.5,0.45
"nt","tl2.50_gl1.00_pr5.00_c200","model4",0.175608885586722,0.0641504249905205,10,2.5,1,200,50,5,1,0.999582916644447,734.413642182086,0.00551831048406145,457.318850535417,10,0,2.12509960302539,0.95,NA,NA,NA,0,0.95
"nt","tl2.50_gl1.00_pr5.00_c200","model5",0.17358322675793,0.0646411704398376,10,2.5,1,200,50,5,1,0.999606546046353,715.003598374578,0.00515847078964793,487.75484211219,10,0,2.16968949928362,0.95,NA,NA,NA,0.45,0.5
"nt","tl2.50_gl1.00_pr5.00_c200","model6",0.171544057707592,0.0473276197194809,10,2.5,1,200,50,5,1,0.999495597111864,785.460565371442,0.00621644587472347,561.005644069806,10,0,17.4540772743396,0.95,NA,NA,NA,0,0.95
"nt","tl2.50_gl1.00_pr5.00_c200","model7",0.17165574779679,0.0668574115986732,8,2.5,1,200,50,5,0.8,0.999508432668492,626.669153935748,0.0059996463918276,555.9743094227,10,0,6.30557717564238,0.95,1,0.01787755914401,0.05,0.5,0.45
"nt","tl2.50_gl1.00_pr5.00_c200","model8",0.172867805102004,0.0455442887890218,10,2.5,1,200,50,5,1,0.99944697466277,797.969206458846,0.00656424290180733,544.469364740081,10,0,17.2788745948583,0.95,NA,NA,NA,0.5,0.45
"nt","tl2.50_gl1.00_pr5.00_c200","model9",0.187892601055461,0.0588966759102272,5,2.5,1,200,50,5,0.5,0.999774919343863,303.565582885209,0.00381361231311456,558.220783786578,10,0.2,2.19893243385915,0.75,1,0.00813879676468109,0.05,0.666666666666667,0.283333333333333
"nt","tl2.50_gl1.00_pr5.00_c25","model1",0.560102650308139,0.0980678211169372,10,2.5,1,25,50,5,1,0.999442208981526,733.278085028029,0.00613626880268208,427.312874656728,10,0.6,1.59121045451831,0.35,NA,NA,NA,0.6,0.35
"nt","tl2.50_gl1.00_pr5.00_c25","model10",0.539950548221266,0.112740364832664,10,2.5,1,25,50,5,1,0.999537642521386,820.25845244496,0.00548466938252279,506.121005005313,10,0.5,1.29333541584846,0.45,NA,NA,NA,0.7,0.25
"nt","tl2.50_gl1.00_pr5.00_c25","model11",0.516372024629936,0.0986541082610071,10,2.5,1,25,50,5,1,0.999518655371285,773.917487813672,0.00563114014024554,273.709476453918,10,0.6,0.729360947876773,0.35,NA,NA,NA,0.6,0.35
"nt","tl2.50_gl1.00_pr5.00_c25","model12",0.551804214508097,0.11139194879182,9,2.5,1,25,50,5,0.9,0.999747822455879,680.676726465354,0.00422996684185047,426.18719418122,10,0.1,2.35084219079568,0.85,NA,NA,NA,0,0.95
"nt","tl2.50_gl1.00_pr5.00_c25","model2",0.557233650015615,0.101435696799694,10,2.5,1,25,50,5,1,0.999464675771426,734.36925588408,0.00593226980154322,470.886891775575,10,0.7,5.60698463022347,0.25,NA,NA,NA,0.7,0.25
"nt","tl2.50_gl1.00_pr5.00_c25","model3",0.55952416190668,0.106993868209152,10,2.5,1,25,50,5,1,0.999452706116771,753.692000687783,0.00590337022031678,446.723112202866,10,0.6,1.13781367423453,0.35,0.7,0.465887925590394,0.25,0.65,0.3
"nt","tl2.50_gl1.00_pr5.00_c25","model4",0.539591894785366,0.106895955107461,10,2.5,1,25,50,5,1,0.999519495634052,735.579217108207,0.00554148839679635,500.374666361592,10,0.3,1.24695077533422,0.65,NA,NA,NA,0.3,0.65
"nt","tl2.50_gl1.00_pr5.00_c25","model5",0.543398046853945,0.101480354436037,10,2.5,1,25,50,5,1,0.999552042890483,775.497385859941,0.00541050338272452,506.145420915619,10,0.2,1.29639249957757,0.75,NA,NA,NA,0.55,0.4
"nt","tl2.50_gl1.00_pr5.00_c25","model6",0.539785346624911,0.11435221879016,10,2.5,1,25,50,5,1,0.99948865280854,731.007735264251,0.00569495446630876,482.921665306794,10,0.4,1.64807699073811,0.55,NA,NA,NA,0.4,0.55
"nt","tl2.50_gl1.00_pr5.00_c25","model7",0.543964568546973,0.114380318844716,10,2.5,1,25,50,5,1,0.999587192124144,784.584222093549,0.00512254745666408,500.256907404682,10,0.3,1.54085069661073,0.65,NA,NA,NA,0.55,0.4
"nt","tl2.50_gl1.00_pr5.00_c25","model8",0.542093512798467,0.114131211811881,10,2.5,1,25,50,5,1,0.999511445653889,789.074618731002,0.00564614061383849,487.243593409384,10,0.6,1.15828044245032,0.35,NA,NA,NA,0.75,0.2
"nt","tl2.50_gl1.00_pr5.00_c25","model9",0.539875080312036,0.0930126839255487,9,2.5,1,25,50,5,0.9,0.999606065003865,689.930321868625,0.00483283255750441,510.897514082434,10,0.4,1.6915964072863,0.55,NA,NA,NA,0.666666666666667,0.283333333333333
"nt","tl2.50_gl1.00_pr5.00_c50","model1",0.425993963851757,0.130655007803523,10,2.5,1,50,50,5,1,0.999352167714893,746.945553286221,0.0061346833443304,362.2884220217,10,0.4,1.57948854679796,0.55,NA,NA,NA,0.4,0.55
"nt","tl2.50_gl1.00_pr5.00_c50","model10",0.418457525065303,0.117256567158274,10,2.5,1,50,50,5,1,0.999476902394299,759.164874292224,0.00563177879633421,444.07646767798,10,0.2,1.98571477168589,0.75,NA,NA,NA,0.6,0.35
"nt","tl2.50_gl1.00_pr5.00_c50","model11",0.399852327021101,0.133036989921448,10,2.5,1,50,50,5,1,0.999405488507226,702.378985013568,0.00639881212227895,283.387378375493,10,0.6,0.68944067419218,0.35,NA,NA,NA,0.6,0.35
"nt","tl2.50_gl1.00_pr5.00_c50","model12",0.43741255049911,0.145418209215298,9,2.5,1,50,50,5,0.9,0.999757318704829,531.821046709658,0.00395642177604827,398.713633748661,10,0,2.76191002706162,0.95,NA,NA,NA,0,0.95
"nt","tl2.50_gl1.00_pr5.00_c50","model2",0.421488583849898,0.123681189177529,10,2.5,1,50,50,5,1,0.999423773211124,790.52239461967,0.00598049298280705,433.680567434051,10,0.4,12.457252100056,0.55,NA,NA,NA,0.4,0.55
"nt","tl2.50_gl1.00_pr5.00_c50","model3",0.427031369224236,0.12920715528439,10,2.5,1,50,50,5,1,0.999340312213032,758.49344727304,0.00624604001373612,344.682973090716,10,0.5,1.48372047200023,0.45,1,0.0416466014093246,0.05,0.75,0.2
"nt","tl2.50_gl1.00_pr5.00_c50","model4",0.418640161113692,0.124981727017107,10,2.5,1,50,50,5,1,0.999523788541511,724.391579623045,0.0054712911553472,440.748910761588,10,0.2,1.36663081129119,0.75,NA,NA,NA,0.2,0.75
"nt","tl2.50_gl1.00_pr5.00_c50","model5",0.42210675815627,0.119749527412073,10,2.5,1,50,50,5,1,0.999611161039014,756.677063843457,0.00474350506788805,461.368584095699,10,0.2,1.46665711372845,0.75,NA,NA,NA,0.6,0.35
"nt","tl2.50_gl1.00_pr5.00_c50","model6",0.413772066627884,0.118563583028726,10,2.5,1,50,50,5,1,0.999504931406489,840.614806935288,0.00551191494555694,451.301732447045,10,0.4,1.95192872301947,0.55,NA,NA,NA,0.4,0.55
"nt","tl2.50_gl1.00_pr5.00_c50","model7",0.433313539666012,0.124327672522021,9,2.5,1,50,50,5,0.9,0.999570204656435,692.079939882718,0.00495643945927869,453.403823582496,10,0.2,1.83999148504597,0.75,1,0.0414982687593332,0.05,0.740740740740741,0.209259259259259
"nt","tl2.50_gl1.00_pr5.00_c50","model8",0.415676691025895,0.119275137274382,10,2.5,1,50,50,5,1,0.99951318522209,838.125416418482,0.00541247444247492,473.657635869926,10,0.2,2.02628726666594,0.75,NA,NA,NA,0.6,0.35
"nt","tl2.50_gl1.00_pr5.00_c50","model9",0.404961843274972,0.094824997085067,9,2.5,1,50,50,5,0.9,0.999717222570259,677.51879522429,0.00388647633212779,500.318849866808,10,0.2,1.76984157354714,0.75,NA,NA,NA,0.555555555555556,0.394444444444444
"nt","tl5.00_gl0.10_pr1.00_c100","model1",0.350597176230523,0.0483707760047097,10,5,0.1,100,50,1,1,0.999223652632447,755.560174815425,0.00687949620564551,329.864041792547,10,0.4,0.638085996642208,0.55,NA,NA,NA,0.4,0.55
"nt","tl5.00_gl0.10_pr1.00_c100","model10",0.333672305776354,0.0235781580075093,10,5,0.1,100,50,1,1,0.999453349395305,833.157349713601,0.00563248710094454,400.298954508139,10,0.9,1.01650855857219,0.0499999999999999,NA,NA,NA,0.95,0
"nt","tl5.00_gl0.10_pr1.00_c100","model11",0.316687521233219,0.0853009241487243,10,5,0.1,100,50,1,1,0.99933986842041,726.725878059568,0.00727091950454447,177.776007133911,10,0.2,1.17533230040919,0.75,NA,NA,NA,0.2,0.75
"nt","tl5.00_gl0.10_pr1.00_c100","model12",0.337521623654173,0.0293228530214681,9,5,0.1,100,50,1,0.9,0.999553031738924,678.362206545984,0.00558160089884459,273.905571803923,10,0,15.4757762797586,0.95,NA,NA,NA,0,0.95
"nt","tl5.00_gl0.10_pr1.00_c100","model2",0.333864150009431,0.0560514572156393,10,5,0.1,100,50,1,1,0.999258018829735,754.631624382802,0.0066399428563812,421.104783938212,10,0.5,13.3463123017343,0.45,NA,NA,NA,0.5,0.45
"nt","tl5.00_gl0.10_pr1.00_c100","model3",0.346979852931882,0.0622617418799039,10,5,0.1,100,50,1,1,0.999354686037934,802.11319608975,0.00616403626961363,365.113712664635,10,0.6,0.454184324647724,0.35,0,62.59322857321,0.95,0.3,0.65
"nt","tl5.00_gl0.10_pr1.00_c100","model4",0.357059664865954,0.0408367532355981,10,5,0.1,100,50,1,1,0.999411570965624,796.499264332743,0.00568418068729895,397.569278646922,10,0.1,4.24628620954073,0.85,NA,NA,NA,0.1,0.85
"nt","tl5.00_gl0.10_pr1.00_c100","model5",0.34950854681151,0.051540555246789,10,5,0.1,100,50,1,1,0.999527735411253,770.337205532711,0.00521201054748702,384.392285306855,10,0.6,1.33962678186578,0.35,NA,NA,NA,0.6,0.35
"nt","tl5.00_gl0.10_pr1.00_c100","model6",0.33751353005311,0.044368576308406,10,5,0.1,100,50,1,1,0.999301357249882,778.431765174457,0.00616980849868256,436.354542067308,10,0.2,3.70512889391596,0.75,NA,NA,NA,0.2,0.75
"nt","tl5.00_gl0.10_pr1.00_c100","model7",0.33625087414941,0.0202255373729705,10,5,0.1,100,50,1,1,0.999527469343421,699.428510916522,0.00515522135287105,423.415459504631,10,0.8,1.13118060461424,0.15,0,78.7920450366237,0.95,0.566666666666667,0.383333333333333
"nt","tl5.00_gl0.10_pr1.00_c100","model8",0.332434840340269,0.0192836174045978,10,5,0.1,100,50,1,1,0.999368380523822,727.552570129772,0.00626641005629592,419.763883988588,10,0.8,0.990190118153519,0.15,NA,NA,NA,0.9,0.0499999999999999
"nt","tl5.00_gl0.10_pr1.00_c100","model9",0.332698557413112,0.0267733221995891,9,5,0.1,100,50,1,0.9,0.999864276113015,399.224356683644,0.00270652650856115,585.324226654738,10,0.1,6.1116376001189,0.85,NA,NA,NA,0.555555555555556,0.394444444444444
"nt","tl5.00_gl0.10_pr1.00_c200","model1",0.279825472952454,0.07871978681117,10,5,0.1,200,50,1,1,0.999165471486738,750.337276376373,0.00817574458426993,411.433545115282,10,0.4,0.415577392609694,0.55,NA,NA,NA,0.4,0.55
"nt","tl5.00_gl0.10_pr1.00_c200","model10",0.227181855559301,0.0365317129216892,10,5,0.1,200,50,1,1,0.999426844036296,769.265015273039,0.00605820242147727,480.509551535423,10,0.7,5.06758363859174,0.25,NA,NA,NA,0.8,0.15
"nt","tl5.00_gl0.10_pr1.00_c200","model11",0.272607260583786,0.0806132085463418,10,5,0.1,200,50,1,1,0.999164696275077,721.84500133106,0.0108132409772597,248.455152525584,10,0.2,0.847032875413944,0.75,NA,NA,NA,0.2,0.75
"nt","tl5.00_gl0.10_pr1.00_c200","model2",0.23875891484488,0.0825005575913847,10,5,0.1,200,50,1,1,0.999122844385096,716.525240921248,0.00823287753934935,409.636772607701,10,0.2,22.5733235540167,0.75,NA,NA,NA,0.2,0.75
"nt","tl5.00_gl0.10_pr1.00_c200","model3",0.270805936250441,0.0740617523730313,10,5,0.1,200,50,1,1,0.999179115105307,749.971173407891,0.00750945654037389,382.083395642116,10,0.5,0.303685674567008,0.45,0,62.6037138129203,0.95,0.25,0.7
"nt","tl5.00_gl0.10_pr1.00_c200","model4",0.283735529330173,0.0841220887234644,10,5,0.1,200,50,1,1,0.999358492489346,766.267541406631,0.00680113196839943,403.619246286041,10,0,3.48617407304028,0.95,NA,NA,NA,0,0.95
"nt","tl5.00_gl0.10_pr1.00_c200","model5",0.246802060149914,0.0810668845240601,10,5,0.1,200,50,1,1,0.999503968375344,731.859163152788,0.00548333523865563,420.503778027209,10,0.8,0.385694037698618,0.15,NA,NA,NA,0.6,0.35
"nt","tl5.00_gl0.10_pr1.00_c200","model6",0.238196042642042,0.0824481769491112,10,5,0.1,200,50,1,1,0.999270102570208,764.593481179239,0.00702043275546237,482.840588136914,10,0.1,2.73320723576031,0.85,NA,NA,NA,0.1,0.85
"nt","tl5.00_gl0.10_pr1.00_c200","model7",0.23027286560335,0.0325014375587212,10,5,0.1,200,50,1,1,0.999532268235675,743.146714002609,0.00527873359144144,492.977521825217,10,1,0.793706463700262,0.05,NA,NA,NA,0.95,0
"nt","tl5.00_gl0.10_pr1.00_c200","model8",0.228139717768121,0.0386640276869028,10,5,0.1,200,50,1,1,0.999490544505948,834.481211245613,0.00566596339197647,446.19601552719,10,0.7,5.1995925177182,0.25,NA,NA,NA,0.8,0.15
"nt","tl5.00_gl0.10_pr1.00_c200","model9",0.224804941432254,0.0142785213477788,2,5,0.1,200,50,1,0.2,0.999774959362275,152.339460581172,0.0037110170428696,558.734445631615,10,0.4,5.89562056797344,0.55,0,80.3681039669698,0.95,0.166666666666667,0.783333333333333
"nt","tl5.00_gl0.10_pr1.00_c25","model1",0.695953432214509,0.0653944082514823,10,5,0.1,25,50,1,1,0.999543776660583,754.427827812186,0.00546842042447791,480.094031232937,10,0.4,1.28081914613161,0.55,NA,NA,NA,0.4,0.55
"nt","tl5.00_gl0.10_pr1.00_c25","model10",0.681480063737558,0.0558976413254408,10,5,0.1,25,50,1,1,0.999702472188006,758.754532875831,0.00449620454089858,549.456864364192,10,0.5,3.23187023924735,0.45,NA,NA,NA,0.7,0.25
"nt","tl5.00_gl0.10_pr1.00_c25","model11",0.662963657765403,0.0771008698937717,10,5,0.1,25,50,1,1,0.999570712397415,762.444237463713,0.00533671795267789,224.848333343682,10,0.2,3.05950257299245,0.75,NA,NA,NA,0.2,0.75
"nt","tl5.00_gl0.10_pr1.00_c25","model12",0.6918805798097,0.0694592713760818,9,5,0.1,25,50,1,0.9,0.999745391713391,496.041564549982,0.00414768920292975,306.087355647121,10,0,12.6459019031859,0.95,NA,NA,NA,0,0.95
"nt","tl5.00_gl0.10_pr1.00_c25","model2",0.680183959314414,0.0592249597976922,10,5,0.1,25,50,1,1,0.999514325509155,774.565152535729,0.00569395402580497,479.763524929338,10,0.7,1.48876584225332,0.25,NA,NA,NA,0.7,0.25
"nt","tl5.00_gl0.10_pr1.00_c25","model3",0.68802432824533,0.0674083672588195,10,5,0.1,25,50,1,1,0.999557511390272,746.177568388988,0.00541454976388756,459.282787703087,10,0.6,1.45367784228011,0.35,0,60.0934260806414,0.95,0.3,0.65
"nt","tl5.00_gl0.10_pr1.00_c25","model4",0.697846150805292,0.0589317815836379,10,5,0.1,25,50,1,1,0.999587507154677,799.885615072133,0.00529257751782424,511.460123446453,10,0.1,5.62575192213655,0.85,NA,NA,NA,0.1,0.85
"nt","tl5.00_gl0.10_pr1.00_c25","model5",0.693702839353429,0.0714872351713728,10,5,0.1,25,50,1,1,0.99963922782477,800.684090170976,0.00495710086641043,556.133664577059,10,0.5,2.53885088363473,0.45,NA,NA,NA,0.7,0.25
"nt","tl5.00_gl0.10_pr1.00_c25","model6",0.684428168442336,0.05378795859309,10,5,0.1,25,50,1,1,0.999600358616802,816.345597384545,0.00509389548686784,476.203732454358,10,0.2,5.77150387040567,0.75,NA,NA,NA,0.2,0.75
"nt","tl5.00_gl0.10_pr1.00_c25","model7",0.682263800274981,0.0624733573953026,10,5,0.1,25,50,1,1,0.999675062640999,684.085084599775,0.00456974933969385,533.596576786417,10,0.4,4.57755407148455,0.55,NA,NA,NA,0.65,0.3
"nt","tl5.00_gl0.10_pr1.00_c25","model8",0.677126241471532,0.0626376584042392,10,5,0.1,25,50,1,1,0.999667572867999,843.896682782962,0.0047169745148717,490.607542746216,10,0.6,2.53936615893574,0.35,NA,NA,NA,0.8,0.15
"nt","tl5.00_gl0.10_pr1.00_c25","model9",0.682145964157689,0.0522017439288541,10,5,0.1,25,50,1,1,0.99975039925592,847.81404397194,0.00399055057415413,554.371697320296,10,0,7.5037080133372,0.95,NA,NA,NA,0.45,0.5
"nt","tl5.00_gl0.10_pr1.00_c50","model1",0.543439532202873,0.100721952374076,10,5,0.1,50,50,1,1,0.999378223963579,751.641175565184,0.00627384784059633,331.401994086321,10,0.4,0.80995975798975,0.55,NA,NA,NA,0.4,0.55
"nt","tl5.00_gl0.10_pr1.00_c50","model10",0.507853343498704,0.0545770305536767,10,5,0.1,50,50,1,1,0.999554101344798,784.586067654586,0.00541744863210002,471.305011787574,10,0.8,1.14648667856534,0.15,NA,NA,NA,0.9,0.0499999999999999
"nt","tl5.00_gl0.10_pr1.00_c50","model11",0.514471041119323,0.100710892198737,10,5,0.1,50,50,1,1,0.999531007027191,740.973180318508,0.00563888939332625,167.385494486157,10,0,2.09787798227198,0.95,NA,NA,NA,0,0.95
"nt","tl5.00_gl0.10_pr1.00_c50","model12",0.548336453731974,0.075824589253806,8,5,0.1,50,50,1,0.8,0.999651893426424,602.720661176269,0.00478649242077667,280.040212443219,10,0,15.4413312707139,0.95,NA,NA,NA,0,0.95
"nt","tl5.00_gl0.10_pr1.00_c50","model2",0.505886525180853,0.0596391598526198,10,5,0.1,50,50,1,1,0.999379877120343,705.393353764768,0.00621605361793195,376.651397979847,10,0.6,2.78786218470098,0.35,NA,NA,NA,0.6,0.35
"nt","tl5.00_gl0.10_pr1.00_c50","model3",0.545941897795463,0.104880770979686,10,5,0.1,50,50,1,1,0.999434602927107,726.76662008291,0.00606995017732103,359.27559065829,10,0.5,0.497905396818834,0.45,0,57.5437374095197,0.95,0.25,0.7
"nt","tl5.00_gl0.10_pr1.00_c50","model4",0.549419712603292,0.0912567350024938,10,5,0.1,50,50,1,1,0.999498418405864,804.504717504748,0.00551355922252859,389.308727756512,10,0.1,4.73593956563563,0.85,NA,NA,NA,0.1,0.85
"nt","tl5.00_gl0.10_pr1.00_c50","model5",0.542183938410194,0.0934308937675959,10,5,0.1,50,50,1,1,0.999568899527341,757.311611913422,0.00533864079715086,450.316893781195,10,0.8,0.892363433167459,0.15,NA,NA,NA,0.8,0.15
"nt","tl5.00_gl0.10_pr1.00_c50","model6",0.497437132588359,0.0701311028707634,10,5,0.1,50,50,1,1,0.999388356633111,777.245976278989,0.00611854400805021,403.928346072415,10,0.2,3.82987549357857,0.75,NA,NA,NA,0.2,0.75
"nt","tl5.00_gl0.10_pr1.00_c50","model7",0.534100260690587,0.0752723764258871,8,5,0.1,50,50,1,0.8,0.999568324489039,588.842821511032,0.00529009969176554,481.784392446588,10,0.7,1.99580710039306,0.25,0,75.0822958008338,0.95,0.875,0.075
"nt","tl5.00_gl0.10_pr1.00_c50","model8",0.50761066249914,0.0651476225815955,10,5,0.1,50,50,1,1,0.999489025703878,777.374171965307,0.00572046315855062,424.185087242338,10,0.8,1.19926111504499,0.15,NA,NA,NA,0.9,0.0499999999999999
"nt","tl5.00_gl0.10_pr1.00_c50","model9",0.491441165212368,0.0640090477207037,9,5,0.1,50,50,1,0.9,0.999834123354422,497.202578170034,0.00321784366699871,569.73013860126,10,0.2,6.83725354570868,0.75,NA,NA,NA,0.611111111111111,0.338888888888889
"nt","tl5.00_gl0.10_pr2.50_c100","model1",0.39362001618969,0.0916948121582574,10,5,0.1,100,50,2.5,1,0.999369663277368,765.606676158231,0.00625539771818425,320.860749817972,10,0.5,0.362834024883017,0.45,NA,NA,NA,0.5,0.45
"nt","tl5.00_gl0.10_pr2.50_c100","model10",0.347102948596913,0.0928809996962672,10,5,0.1,100,50,2.5,1,0.999526226639382,813.599149712118,0.0051947563553446,486.355191190687,10,0.5,3.63543349239377,0.45,NA,NA,NA,0.75,0.2
"nt","tl5.00_gl0.10_pr2.50_c100","model11",0.37377985414478,0.0793827980563911,10,5,0.1,100,50,2.5,1,0.999324481044327,704.190981594707,0.00730253947536077,179.984886896922,10,0.5,0.415129665601913,0.45,NA,NA,NA,0.5,0.45
"nt","tl5.00_gl0.10_pr2.50_c100","model12",0.407511573976085,0.0552696289737087,7,5,0.1,100,50,2.5,0.7,0.999643615836448,513.38788761697,0.00517040455635651,248.702133546742,10,0,14.5073268588633,0.95,NA,NA,NA,0,0.95
"nt","tl5.00_gl0.10_pr2.50_c100","model2",0.366608522595382,0.0899435590695296,10,5,0.1,100,50,2.5,1,0.999306701746464,745.665447636129,0.00638764322752373,378.463142013792,10,0.5,16.7102385743885,0.45,NA,NA,NA,0.5,0.45
"nt","tl5.00_gl0.10_pr2.50_c100","model3",0.395957965000932,0.0712819642347757,10,5,0.1,100,50,2.5,1,0.999436152322958,780.335549086462,0.00563429580238833,355.494251139443,10,0.7,0.378116691516499,0.25,0,60.2721498070434,0.95,0.35,0.6
"nt","tl5.00_gl0.10_pr2.50_c100","model4",0.395987734382501,0.0932466782600711,9,5,0.1,100,50,2.5,0.9,0.999466432029029,727.494262214068,0.00562498692252224,358.667545851078,10,0,6.17741160143473,0.95,NA,NA,NA,0,0.95
"nt","tl5.00_gl0.10_pr2.50_c100","model5",0.379482253490704,0.109238411221759,10,5,0.1,100,50,2.5,1,0.999666430892018,757.768350780374,0.00436243355077393,441.419305606468,10,0.1,4.21740570510217,0.85,NA,NA,NA,0.25,0.7
"nt","tl5.00_gl0.10_pr2.50_c100","model6",0.365786887991211,0.0911722244397462,10,5,0.1,100,50,2.5,1,0.999320200639208,835.493570282357,0.00624021274176582,410.666889109686,10,0,5.22195341011865,0.95,NA,NA,NA,0,0.95
"nt","tl5.00_gl0.10_pr2.50_c100","model7",0.346214763510618,0.0948913219164713,10,5,0.1,100,50,2.5,1,0.999534224535966,851.357175540246,0.00507458251368364,412.144072855867,10,0.3,4.02864804175369,0.65,0,77.287363167572,0.95,0.4,0.55
"nt","tl5.00_gl0.10_pr2.50_c100","model8",0.346451373580544,0.0917100922750854,10,5,0.1,100,50,2.5,1,0.999505234875148,831.930010708429,0.00530130812927799,461.825484664229,10,0.5,3.68783027773009,0.45,NA,NA,NA,0.75,0.2
"nt","tl5.00_gl0.10_pr2.50_c100","model9",0.339780915759272,0.100042985763866,8,5,0.1,100,50,2.5,0.8,0.999848279016335,491.909826282372,0.00439627061514133,491.145941084093,10,0,8.3847377444441,0.95,NA,NA,NA,0.4375,0.5125
"nt","tl5.00_gl0.10_pr2.50_c200","model1",0.231761922193237,0.0824088280776329,10,5,0.1,200,50,2.5,1,0.999131532547754,717.596306569766,0.00778954076312702,279.648720936179,10,0.6,0.412002886989133,0.35,NA,NA,NA,0.6,0.35
"nt","tl5.00_gl0.10_pr2.50_c200","model10",0.208416912235847,0.050187632809829,10,5,0.1,200,50,2.5,1,0.999460585384798,719.377216415323,0.0060498989005817,483.675541966076,10,0.2,6.35747281031608,0.75,NA,NA,NA,0.5,0.45
"nt","tl5.00_gl0.10_pr2.50_c200","model11",0.226034930181302,0.0593370996597913,10,5,0.1,200,50,2.5,1,0.999159489185827,713.750755338814,0.0105912579846029,234.744186998379,10,0.3,0.295294056092497,0.65,NA,NA,NA,0.3,0.65
"nt","tl5.00_gl0.10_pr2.50_c200","model2",0.216815951531262,0.0816833876638831,10,5,0.1,200,50,2.5,1,0.999190474801244,735.573534497252,0.00769702854103846,404.94758711575,10,0.3,31.3178096783382,0.65,NA,NA,NA,0.3,0.65
"nt","tl5.00_gl0.10_pr2.50_c200","model3",0.230430872606467,0.0511629482244474,10,5,0.1,200,50,2.5,1,0.999172826597003,748.091148631141,0.00766073805674231,381.909945051412,10,0.7,0.382022838123732,0.25,0,59.7110351472505,0.95,0.35,0.6
"nt","tl5.00_gl0.10_pr2.50_c200","model4",0.224012161217176,0.0798390113230107,10,5,0.1,200,50,2.5,1,0.99947082910628,743.191224673475,0.00589751452933414,413.059326913641,10,0,5.33799301421371,0.95,NA,NA,NA,0,0.95
"nt","tl5.00_gl0.10_pr2.50_c200","model5",0.21081005571523,0.0628078455349737,10,5,0.1,200,50,2.5,1,0.999635895029105,792.219763085954,0.00481278463281357,521.915115050139,10,0.1,3.78900017566471,0.85,NA,NA,NA,0.3,0.65
"nt","tl5.00_gl0.10_pr2.50_c200","model6",0.21523891802648,0.070106540325235,10,5,0.1,200,50,2.5,1,0.99933078956045,767.159489143005,0.00687561186380616,417.533921137792,10,0.1,4.10636503571463,0.85,NA,NA,NA,0.1,0.85
"nt","tl5.00_gl0.10_pr2.50_c200","model7",0.209873821397235,0.0480474841135706,10,5,0.1,200,50,2.5,1,0.999529025910078,709.463119754363,0.00555013520893559,508.318521394772,10,0.3,3.34051420176621,0.65,NA,NA,NA,0.65,0.3
"nt","tl5.00_gl0.10_pr2.50_c200","model8",0.208946882839513,0.0474355689277579,10,5,0.1,200,50,2.5,1,0.999454541599931,743.597422166499,0.00597217834721774,493.88409643072,10,0.2,6.44809189073141,0.75,NA,NA,NA,0.6,0.35
"nt","tl5.00_gl0.10_pr2.50_c200","model9",0.214072125069228,0.0564631187660789,3,5,0.1,200,50,2.5,0.3,0.999771109723585,203.091660985078,0.00363699528089145,538.37881075553,10,0,8.43882593016227,0.95,0,80.7412311480426,0.95,0.5,0.45
"nt","tl5.00_gl0.10_pr2.50_c25","model1",0.665222881141965,0.0910525753040581,10,5,0.1,25,50,2.5,1,0.999464770573097,751.139311509752,0.00602383539901197,468.889535447509,10,0.8,0.887304329002318,0.15,NA,NA,NA,0.8,0.15
"nt","tl5.00_gl0.10_pr2.50_c25","model10",0.650486142752582,0.0642126965996533,10,5,0.1,25,50,2.5,1,0.999674612923561,802.414845916587,0.00462578253322573,543.697217507564,10,0.5,4.43522367720677,0.45,NA,NA,NA,0.7,0.25
"nt","tl5.00_gl0.10_pr2.50_c25","model11",0.646994173452962,0.101669523061986,10,5,0.1,25,50,2.5,1,0.999626516209917,674.908422854177,0.00503387124907781,247.190066383504,10,0.1,2.44619664979722,0.85,NA,NA,NA,0.1,0.85
"nt","tl5.00_gl0.10_pr2.50_c25","model12",0.644144543542402,0.103526893071293,9,5,0.1,25,50,2.5,0.9,0.999781148786762,520.558469126087,0.00390713383639389,363.906315467174,10,0,11.9466602992649,0.95,NA,NA,NA,0,0.95
"nt","tl5.00_gl0.10_pr2.50_c25","model2",0.65586171989216,0.0869880585281693,10,5,0.1,25,50,2.5,1,0.999502777373496,751.68509672594,0.0057502303541136,439.673137240146,10,0.9,1.73730151877029,0.0499999999999999,NA,NA,NA,0.9,0.0499999999999999
"nt","tl5.00_gl0.10_pr2.50_c25","model3",0.669333999872093,0.0941512138394593,10,5,0.1,25,50,2.5,1,0.999542590143546,769.732718892116,0.00556002497622791,472.231415444303,10,0.9,0.786780509163622,0.0499999999999999,0,57.3084532159463,0.95,0.45,0.5
"nt","tl5.00_gl0.10_pr2.50_c25","model4",0.659829572441872,0.0728514755667995,10,5,0.1,25,50,2.5,1,0.999592995160815,778.698274513551,0.00511374867204295,513.209744978094,10,0,7.20930329430808,0.95,NA,NA,NA,0,0.95
"nt","tl5.00_gl0.10_pr2.50_c25","model5",0.658840082864246,0.0881805821099095,10,5,0.1,25,50,2.5,1,0.999620925349088,787.059224904817,0.00507079119346832,507.557267418361,10,0.2,4.65664771263979,0.75,NA,NA,NA,0.4,0.55
"nt","tl5.00_gl0.10_pr2.50_c25","model6",0.647875166932912,0.0695793791407594,10,5,0.1,25,50,2.5,1,0.999543602548673,780.916416556337,0.0055280229241881,482.77731830212,10,0.1,6.51789979982873,0.85,NA,NA,NA,0.1,0.85
"nt","tl5.00_gl0.10_pr2.50_c25","model7",0.659660625983276,0.054534627395321,8,5,0.1,25,50,2.5,0.8,0.999693118110958,640.323902205915,0.00441998811608049,508.370719951061,10,0.3,5.68533176683939,0.65,0,84.4783379408285,0.95,0.6875,0.2625
"nt","tl5.00_gl0.10_pr2.50_c25","model8",0.656548772957279,0.0628152405240312,10,5,0.1,25,50,2.5,1,0.999628380525307,817.345005918084,0.0050382997213467,494.509812946296,10,0.4,3.67314425668788,0.55,NA,NA,NA,0.7,0.25
"nt","tl5.00_gl0.10_pr2.50_c25","model9",0.661090736100534,0.0598625606972875,10,5,0.1,25,50,2.5,1,0.99974372810528,676.414650257326,0.00406527757433662,558.990671615935,10,0,8.63720689245367,0.95,NA,NA,NA,0.5,0.45
"nt","tl5.00_gl0.10_pr2.50_c50","model1",0.516409048786707,0.113258363308344,10,5,0.1,50,50,2.5,1,0.999403809942553,745.653735327588,0.00618275735859083,299.877776641828,10,0.9,0.201597922887867,0.0499999999999999,NA,NA,NA,0.9,0.0499999999999999
"nt","tl5.00_gl0.10_pr2.50_c50","model10",0.515080526122533,0.0885307379620692,10,5,0.1,50,50,2.5,1,0.999623408939898,840.874864658354,0.00497277945309983,442.467912285325,10,0.2,4.11526517727928,0.75,NA,NA,NA,0.6,0.35
"nt","tl5.00_gl0.10_pr2.50_c50","model11",0.473884301828257,0.0927695112711132,10,5,0.1,50,50,2.5,1,0.999493825754693,704.322866918443,0.00600454947640277,176.904104842203,10,0.1,1.16788783503925,0.85,NA,NA,NA,0.1,0.85
"nt","tl5.00_gl0.10_pr2.50_c50","model12",0.515035898296551,0.0429490422461503,5,5,0.1,50,50,2.5,0.5,0.999707082899248,355.74768277751,0.00462889068523869,245.401131574314,10,0,14.6173144259709,0.95,NA,NA,NA,0,0.95
"nt","tl5.00_gl0.10_pr2.50_c50","model2",0.510151893725472,0.114986757366312,10,5,0.1,50,50,2.5,1,0.99939678784266,753.263252905614,0.00619909385962157,374.621919312029,10,0.8,4.20022448789611,0.15,NA,NA,NA,0.8,0.15
"nt","tl5.00_gl0.10_pr2.50_c50","model3",0.509075064891405,0.112404614263433,10,5,0.1,50,50,2.5,1,0.999469765763408,767.544142546775,0.00573624466620492,323.881303382902,10,0.9,0.320927190599206,0.0499999999999999,0,56.3956894307314,0.95,0.45,0.5
"nt","tl5.00_gl0.10_pr2.50_c50","model4",0.535716987791207,0.132960772508103,10,5,0.1,50,50,2.5,1,0.999480066708991,698.208822269011,0.00580630900282913,423.668129100159,10,0,7.59575709303152,0.95,NA,NA,NA,0,0.95
"nt","tl5.00_gl0.10_pr2.50_c50","model5",0.54002839133157,0.0990787785872972,10,5,0.1,50,50,2.5,1,0.999676092875579,795.222715170167,0.00445727907470729,476.239503179122,10,0.1,4.9546883220263,0.85,NA,NA,NA,0.45,0.5
"nt","tl5.00_gl0.10_pr2.50_c50","model6",0.517203415104516,0.125823793811016,10,5,0.1,50,50,2.5,1,0.999484258508082,800.351679570367,0.005703231202962,403.356422960027,10,0.1,6.48182902391986,0.85,NA,NA,NA,0.1,0.85
"nt","tl5.00_gl0.10_pr2.50_c50","model7",0.514729725883772,0.0933279426039941,8,5,0.1,50,50,2.5,0.8,0.999630941465513,616.137796978137,0.00474480725473248,446.580391382958,10,0.2,4.9436261703813,0.75,0,80.0615286919149,0.95,0.416666666666667,0.533333333333333
"nt","tl5.00_gl0.10_pr2.50_c50","model8",0.515807430684429,0.0894698170023678,10,5,0.1,50,50,2.5,1,0.999538240491999,784.543074627079,0.00551335238782204,405.219214410064,10,0.2,3.67882007138187,0.75,NA,NA,NA,0.6,0.35
"nt","tl5.00_gl0.10_pr2.50_c50","model9",0.497232833073497,0.0925374093374406,9,5,0.1,50,50,2.5,0.9,0.999781695098995,598.790540024274,0.00369857409470968,508.795030383604,10,0,8.3858353906504,0.95,NA,NA,NA,0.5,0.45
"nt","tl5.00_gl0.10_pr5.00_c100","model1",0.323910071741048,0.0873801982983484,10,5,0.1,100,50,5,1,0.999246175953582,743.607748568364,0.00672936854686951,268.212746874515,10,0.7,0.417391108883675,0.25,NA,NA,NA,0.7,0.25
"nt","tl5.00_gl0.10_pr5.00_c100","model10",0.310021738852255,0.0353783299335084,10,5,0.1,100,50,5,1,0.999488582112186,762.625771150442,0.00533520084783185,450.274819949396,10,0.3,5.49768949510281,0.65,NA,NA,NA,0.65,0.3
"nt","tl5.00_gl0.10_pr5.00_c100","model11",0.290236195816501,0.0976616624403375,10,5,0.1,100,50,5,1,0.999338668450726,762.568693714668,0.00730596584046343,163.703098444016,10,0.5,0.36016419654447,0.45,NA,NA,NA,0.5,0.45
"nt","tl5.00_gl0.10_pr5.00_c100","model12",0.37437782600318,0.145352209761902,5,5,0.1,100,50,5,0.5,0.999657593604689,292.707563965685,0.00506243575239418,292.193550997903,10,0,14.3632703966784,0.95,NA,NA,NA,0,0.95
"nt","tl5.00_gl0.10_pr5.00_c100","model2",0.297571340416045,0.0393062200510131,10,5,0.1,100,50,5,1,0.999312153796858,727.060137557831,0.00638991080200255,379.402470038464,10,0.2,16.9878650679114,0.75,NA,NA,NA,0.2,0.75
"nt","tl5.00_gl0.10_pr5.00_c100","model3",0.335704819468118,0.0937814081370485,10,5,0.1,100,50,5,1,0.999324709896467,762.803900791559,0.00638471078956086,251.983872599755,10,0.6,0.440979242845074,0.35,0,62.2395320756487,0.95,0.3,0.65
"nt","tl5.00_gl0.10_pr5.00_c100","model4",0.312909351990535,0.083385555608449,10,5,0.1,100,50,5,1,0.999478849851259,728.968169436532,0.00564997899067461,358.175849398431,10,0,7.37680371593006,0.95,NA,NA,NA,0,0.95
"nt","tl5.00_gl0.10_pr5.00_c100","model5",0.318160488077068,0.0835030569454602,10,5,0.1,100,50,5,1,0.999666959955201,733.98603650492,0.00422123201441612,438.963471084726,10,0,7.08276024305066,0.95,NA,NA,NA,0.25,0.7
"nt","tl5.00_gl0.10_pr5.00_c100","model6",0.306102926448026,0.0433587028578026,10,5,0.1,100,50,5,1,0.999326745961074,797.463770493822,0.00630340838875779,419.842751512387,10,0,6.29219878808222,0.95,NA,NA,NA,0,0.95
"nt","tl5.00_gl0.10_pr5.00_c100","model7",0.313251080455365,0.0322123454571209,10,5,0.1,100,50,5,1,0.999546823142028,737.912709550464,0.00489470927905145,454.228414836613,10,0.2,6.13362417490979,0.75,NA,NA,NA,0.6,0.35
"nt","tl5.00_gl0.10_pr5.00_c100","model8",0.313772908894039,0.0358089913026133,10,5,0.1,100,50,5,1,0.999462182870791,747.865862559463,0.00540526744072645,423.053714804898,10,0.3,5.47934493689134,0.65,NA,NA,NA,0.65,0.3
"nt","tl5.00_gl0.10_pr5.00_c100","model9",0.313151167372423,0.0389947705320704,7,5,0.1,100,50,5,0.7,0.999799610363475,418.14467172091,0.00336479028117829,528.507576886806,10,0,10.278218963466,0.95,0,81.28028660548,0.95,0.333333333333333,0.616666666666667
"nt","tl5.00_gl0.10_pr5.00_c200","model1",0.207677627130431,0.0646940456828098,10,5,0.1,200,50,5,1,0.999171761296976,686.099648630404,0.00794448194822862,337.009131551005,10,0.4,0.355363756070121,0.55,NA,NA,NA,0.4,0.55
"nt","tl5.00_gl0.10_pr5.00_c200","model10",0.200856394203439,0.0776610947834648,10,5,0.1,200,50,5,1,0.999556922275223,751.153758675431,0.00554886007747899,501.488777765212,10,0.1,8.54094363264001,0.85,NA,NA,NA,0.5,0.45
"nt","tl5.00_gl0.10_pr5.00_c200","model11",0.21055232939767,0.0601846399522711,10,5,0.1,200,50,5,1,0.999196959301694,721.878016051876,0.0111332259259299,249.369110353111,10,0.6,0.165477760903139,0.35,NA,NA,NA,0.6,0.35
"nt","tl5.00_gl0.10_pr5.00_c200","model2",0.203475533537123,0.0629339816044228,10,5,0.1,200,50,5,1,0.999332249795698,690.901314261665,0.00703039744161415,400.86518015072,10,0.3,38.6099224024675,0.65,NA,NA,NA,0.3,0.65
"nt","tl5.00_gl0.10_pr5.00_c200","model3",0.202838140042776,0.0654493154053422,10,5,0.1,200,50,5,1,0.99920557270383,682.44612196284,0.007357904592755,428.310485938243,10,0.7,0.357058910332796,0.25,0,63.111119703689,0.95,0.35,0.6
"nt","tl5.00_gl0.10_pr5.00_c200","model4",0.195103036688159,0.0689537581736592,10,5,0.1,200,50,5,1,0.999537427356142,726.150537200014,0.00578908406818533,495.140823123835,10,0,8.07546132981699,0.95,NA,NA,NA,0,0.95
"nt","tl5.00_gl0.10_pr5.00_c200","model5",0.195434728092478,0.071434277610311,10,5,0.1,200,50,5,1,0.999707604821618,695.871495001481,0.00431850758889729,535.56649364364,10,0,9.1112374073947,0.95,NA,NA,NA,0.25,0.7
"nt","tl5.00_gl0.10_pr5.00_c200","model6",0.194669570961588,0.0631566825833291,10,5,0.1,200,50,5,1,0.999348440228679,777.955900187191,0.00692625446954251,476.178449842912,10,0,7.0198858853086,0.95,NA,NA,NA,0,0.95
"nt","tl5.00_gl0.10_pr5.00_c200","model7",0.201713273233583,0.0775646456874733,10,5,0.1,200,50,5,1,0.999549813445383,745.416035644532,0.00569561757137649,494.05381770843,10,0.2,8.23110528875077,0.75,NA,NA,NA,0.5,0.45
"nt","tl5.00_gl0.10_pr5.00_c200","model8",0.19987544617525,0.0800673838551896,10,5,0.1,200,50,5,1,0.999555843852726,706.602064516942,0.00551402662009919,513.119939095833,10,0.1,8.6157641401105,0.85,NA,NA,NA,0.45,0.5
"nt","tl5.00_gl0.10_pr5.00_c200","model9",0.178106824507064,0.0796032067406488,5,5,0.1,200,50,5,0.5,0.999774115825196,267.597307515545,0.00385395079530806,549.363413209943,10,0,11.7993189357134,0.95,0,80.0236532988573,0.95,0.333333333333333,0.616666666666667
"nt","tl5.00_gl0.10_pr5.00_c25","model1",0.660714753831918,0.0744868479755743,10,5,0.1,25,50,5,1,0.999489522285763,736.827530325012,0.00596321431576265,437.399880598851,10,0.9,0.231238636085774,0.0499999999999999,NA,NA,NA,0.9,0.0499999999999999
"nt","tl5.00_gl0.10_pr5.00_c25","model10",0.65090021509943,0.0877841242606339,10,5,0.1,25,50,5,1,0.999577799573249,730.63441945222,0.00514208962661293,522.28043554039,10,0.2,6.27865932082857,0.75,NA,NA,NA,0.6,0.35
"nt","tl5.00_gl0.10_pr5.00_c25","model11",0.620554881198052,0.0850692732223752,10,5,0.1,25,50,5,1,0.999617160611632,802.2133803357,0.00546513638241298,230.962093357405,10,0,1.70737709489653,0.95,NA,NA,NA,0,0.95
"nt","tl5.00_gl0.10_pr5.00_c25","model12",0.628659662223849,0.0809156806731538,8,5,0.1,25,50,5,0.8,0.999785567579468,399.880765888959,0.00406918043830303,329.47305107385,10,0,11.370763835618,0.95,NA,NA,NA,0,0.95
"nt","tl5.00_gl0.10_pr5.00_c25","model2",0.644242262949732,0.0850893409948306,10,5,0.1,25,50,5,1,0.99950608465651,778.453299574374,0.00561449990204722,481.839513239532,10,0.9,2.12111379754496,0.0499999999999999,NA,NA,NA,0.9,0.0499999999999999
"nt","tl5.00_gl0.10_pr5.00_c25","model3",0.649087272967191,0.0677601241414456,10,5,0.1,25,50,5,1,0.999500463551402,733.288185927547,0.00567190673023197,452.739827898786,10,0.8,0.831260236336407,0.15,0,49.7583006319072,0.95,0.4,0.55
"nt","tl5.00_gl0.10_pr5.00_c25","model4",0.640064810318251,0.0529700644070195,10,5,0.1,25,50,5,1,0.999562008255486,766.413725823624,0.00538037453919978,494.924434480232,10,0,9.20531825607777,0.95,NA,NA,NA,0,0.95
"nt","tl5.00_gl0.10_pr5.00_c25","model5",0.65499902390775,0.0508348132879115,10,5,0.1,25,50,5,1,0.999645527407837,730.293997139779,0.00480489648789984,563.019598348734,10,0,7.25859280854045,0.95,NA,NA,NA,0.3,0.65
"nt","tl5.00_gl0.10_pr5.00_c25","model6",0.638684152594537,0.0834735260419596,10,5,0.1,25,50,5,1,0.999541281674272,762.059834776824,0.00555378374015732,480.300548492626,10,0.2,7.74674425552939,0.75,NA,NA,NA,0.2,0.75
"nt","tl5.00_gl0.10_pr5.00_c25","model7",0.650514990013411,0.0969902514161501,9,5,0.1,25,50,5,0.9,0.999687206214841,574.876826417881,0.0044798320197584,516.784086234135,10,0.1,7.78346971799222,0.85,0,80.8282780795866,0.95,0.555555555555556,0.394444444444444
"nt","tl5.00_gl0.10_pr5.00_c25","model8",0.65529446848989,0.0884663412936203,10,5,0.1,25,50,5,1,0.999597637273124,829.409903855316,0.00516961408159099,552.641495667596,10,0.2,5.88391306198681,0.75,NA,NA,NA,0.6,0.35
"nt","tl5.00_gl0.10_pr5.00_c25","model9",0.65194138674422,0.0682015221132516,9,5,0.1,25,50,5,0.9,0.999745899807078,715.752843058731,0.00406668859050211,535.308094790947,10,0,9.97427824283321,0.95,NA,NA,NA,0.5,0.45
"nt","tl5.00_gl0.10_pr5.00_c50","model1",0.474266369605073,0.149803126289233,10,5,0.1,50,50,5,1,0.999449238302997,776.672490612744,0.00593265918011704,324.228090966995,10,0.7,0.548143541933407,0.25,NA,NA,NA,0.7,0.25
"nt","tl5.00_gl0.10_pr5.00_c50","model10",0.484457689439329,0.112795001692732,10,5,0.1,50,50,5,1,0.99952270603112,810.82929111134,0.00533652416158169,443.283262673011,10,0.3,6.20865497849101,0.65,NA,NA,NA,0.5,0.45
"nt","tl5.00_gl0.10_pr5.00_c50","model11",0.459011166852675,0.168797949632046,10,5,0.1,50,50,5,1,0.999439660667179,748.558438173796,0.00699735424640963,165.407232662003,10,0.3,0.690967260555613,0.65,NA,NA,NA,0.3,0.65
"nt","tl5.00_gl0.10_pr5.00_c50","model12",0.542375007888308,0.214257184822353,5,5,0.1,50,50,5,0.5,0.999762765872095,261.07407135806,0.00419971803227459,316.63576741782,10,0,13.6835380582513,0.95,NA,NA,NA,0,0.95
"nt","tl5.00_gl0.10_pr5.00_c50","model2",0.475040876783976,0.13974706846209,10,5,0.1,50,50,5,1,0.999395745114212,725.878632871659,0.00612240067009485,356.257303877845,10,0.6,12.3197653409061,0.35,NA,NA,NA,0.6,0.35
"nt","tl5.00_gl0.10_pr5.00_c50","model3",0.482916459053387,0.161049036817804,10,5,0.1,50,50,5,1,0.999452667604663,748.694125240168,0.0057558777855273,337.84194048465,10,0.8,0.550224698679932,0.15,0,57.5131677238248,0.95,0.4,0.55
"nt","tl5.00_gl0.10_pr5.00_c50","model4",0.483040784078602,0.132979660765958,10,5,0.1,50,50,5,1,0.999565093313921,759.617855193127,0.00523891544958238,421.688418821078,10,0,8.20013925613156,0.95,NA,NA,NA,0,0.95
"nt","tl5.00_gl0.10_pr5.00_c50","model5",0.486727159945847,0.139154493903045,10,5,0.1,50,50,5,1,0.999672788423826,765.546201038747,0.00442224362048959,533.862580116236,10,0,7.6285224410083,0.95,NA,NA,NA,0.2,0.75
"nt","tl5.00_gl0.10_pr5.00_c50","model6",0.478768241157979,0.122302443387512,10,5,0.1,50,50,5,1,0.99947640214354,778.986651558581,0.00562977869235694,414.72710902783,10,0.1,6.72895038651517,0.85,NA,NA,NA,0.1,0.85
"nt","tl5.00_gl0.10_pr5.00_c50","model7",0.471324683661115,0.135955020458414,9,5,0.1,50,50,5,0.9,0.999605208257899,622.626105057666,0.00482364552474281,477.661299954572,10,0.2,7.25644038279589,0.75,0,80.3639147773657,0.95,0.296296296296296,0.653703703703704
"nt","tl5.00_gl0.10_pr5.00_c50","model8",0.481418957551883,0.11366924266681,10,5,0.1,50,50,5,1,0.999535369390502,813.420880287012,0.0053781346325118,525.782395686743,10,0.3,6.17201226814679,0.65,NA,NA,NA,0.45,0.5
"nt","tl5.00_gl0.10_pr5.00_c50","model9",0.47011919546768,0.0737317637708287,9,5,0.1,50,50,5,0.9,0.999811306843035,691.715581306468,0.00334181282384756,558.472743522014,10,0,10.3988395215705,0.95,NA,NA,NA,0.277777777777778,0.672222222222222
"nt","tl5.00_gl0.25_pr1.00_c100","model1",0.302279401860321,0.0756582363425273,10,5,0.25,100,50,1,1,0.999247527509836,736.801926894537,0.00652681546535833,369.912930379141,10,0.6,1.30730758570189,0.35,NA,NA,NA,0.6,0.35
"nt","tl5.00_gl0.25_pr1.00_c100","model10",0.297278345251433,0.0652026033053588,10,5,0.25,100,50,1,1,0.999322737731495,767.734174867265,0.00631211704998354,416.142496216432,10,0.6,11.0094938828915,0.35,NA,NA,NA,0.8,0.15
"nt","tl5.00_gl0.25_pr1.00_c100","model11",0.282062238678044,0.0717938509356607,10,5,0.25,100,50,1,1,0.99935853960163,704.197085721198,0.00700596993983305,219.61453123837,10,0.2,0.713500399782169,0.75,NA,NA,NA,0.2,0.75
"nt","tl5.00_gl0.25_pr1.00_c100","model12",0.29606402616234,0.0465909385830634,9,5,0.25,100,50,1,0.9,0.999582836313881,734.847646923037,0.00538526290917223,315.128574344683,10,0,14.2083051811609,0.95,NA,NA,NA,0,0.95
"nt","tl5.00_gl0.25_pr1.00_c100","model2",0.298276276035819,0.0430045741900348,10,5,0.25,100,50,1,1,0.999269239359628,742.355323983051,0.0065767299740218,413.429992341505,10,0.6,11.9839720958594,0.35,NA,NA,NA,0.6,0.35
"nt","tl5.00_gl0.25_pr1.00_c100","model3",0.312977391496484,0.0836492217337088,10,5,0.25,100,50,1,1,0.999251205735794,768.724396586024,0.00670888905250406,354.531081143993,10,0.6,1.58977599765321,0.35,0,5.8068385407977,0.95,0.3,0.65
"nt","tl5.00_gl0.25_pr1.00_c100","model4",0.298587406859574,0.0789229926645034,10,5,0.25,100,50,1,1,0.999324580454247,860.051835770158,0.00634636816340201,425.434523967368,10,0.6,0.801985088466845,0.35,NA,NA,NA,0.6,0.35
"nt","tl5.00_gl0.25_pr1.00_c100","model5",0.306765706292344,0.0958023106636275,10,5,0.25,100,50,1,1,0.999443115174302,799.632389989781,0.00561936897434546,377.75289985949,10,0.8,0.897266905816854,0.15,NA,NA,NA,0.7,0.25
"nt","tl5.00_gl0.25_pr1.00_c100","model6",0.299376138336146,0.0381016213160827,10,5,0.25,100,50,1,1,0.99929123287171,788.833918829082,0.00635504682827494,405.799174132776,10,0.7,0.880187361976059,0.25,NA,NA,NA,0.7,0.25
"nt","tl5.00_gl0.25_pr1.00_c100","model7",0.299608646181725,0.063481670666746,10,5,0.25,100,50,1,1,0.999518375791145,764.911433659499,0.00521315186282461,492.228104018989,10,0.8,4.96520269030543,0.15,NA,NA,NA,0.9,0.0499999999999999
"nt","tl5.00_gl0.25_pr1.00_c100","model8",0.295843462925775,0.0620681301526781,10,5,0.25,100,50,1,1,0.999326614837639,776.857468086594,0.00641956544178972,448.908829186317,10,0.6,11.265483458824,0.35,NA,NA,NA,0.8,0.15
"nt","tl5.00_gl0.25_pr1.00_c100","model9",0.304366334932751,0.0511256417483887,5,5,0.25,100,50,1,0.5,0.99989946512287,291.144230787272,0.00226646605602896,562.363278079957,10,0.5,5.14945141202771,0.45,NA,NA,NA,0.8,0.15
"nt","tl5.00_gl0.25_pr1.00_c200","model1",0.212426732203357,0.109563702979525,10,5,0.25,200,50,1,1,0.999159198111815,725.630164133435,0.00752041605640212,361.614900648711,10,0.5,0.652295984786355,0.45,NA,NA,NA,0.5,0.45
"nt","tl5.00_gl0.25_pr1.00_c200","model10",0.208031713541573,0.0733263886644198,10,5,0.25,200,50,1,1,0.999364428482088,844.062524977769,0.00677092807118056,442.847005593747,10,0.4,18.2661325132892,0.55,NA,NA,NA,0.7,0.25
"nt","tl5.00_gl0.25_pr1.00_c200","model11",0.205388094642776,0.111511735498825,10,5,0.25,200,50,1,1,0.999156530452584,753.032056365411,0.00931804631900319,275.326556765202,10,0.2,0.417640185464663,0.75,NA,NA,NA,0.2,0.75
"nt","tl5.00_gl0.25_pr1.00_c200","model2",0.211898158459724,0.0841910696108543,10,5,0.25,200,50,1,1,0.999171267778862,766.734860879303,0.00788213820707682,420.614995990664,10,0.4,17.6781218465784,0.55,NA,NA,NA,0.4,0.55
"nt","tl5.00_gl0.25_pr1.00_c200","model3",0.207787222264622,0.0974089789838904,10,5,0.25,200,50,1,1,0.999138191652705,770.965642989787,0.00785747549348774,383.350419353534,10,0.5,0.81852584951713,0.45,0,5.98481618061974,0.95,0.25,0.7
"nt","tl5.00_gl0.25_pr1.00_c200","model4",0.211957862460304,0.108269785602357,10,5,0.25,200,50,1,1,0.999245052438898,765.246946265235,0.00741192647103973,406.703822426471,10,0.7,0.233637534896748,0.25,NA,NA,NA,0.7,0.25
"nt","tl5.00_gl0.25_pr1.00_c200","model5",0.214366704989932,0.0849279791312628,10,5,0.25,200,50,1,1,0.999352718756075,790.738997286443,0.00683794516626084,372.082067252009,10,0.6,0.522147871502791,0.35,NA,NA,NA,0.55,0.4
"nt","tl5.00_gl0.25_pr1.00_c200","model6",0.213711173781799,0.083900119739013,10,5,0.25,200,50,1,1,0.999265819942528,857.388833619751,0.00710048891191266,480.129473142339,10,0.9,0.946708704581729,0.0499999999999999,NA,NA,NA,0.9,0.0499999999999999
"nt","tl5.00_gl0.25_pr1.00_c200","model7",0.207699410966647,0.0761880685011463,10,5,0.25,200,50,1,1,0.999473840757443,878.156854241148,0.00586982303827416,431.529131628159,10,0.6,5.58937803444691,0.35,NA,NA,NA,0.8,0.15
"nt","tl5.00_gl0.25_pr1.00_c200","model8",0.208020082078663,0.0731424997003597,10,5,0.25,200,50,1,1,0.99936457713451,795.953211750055,0.00651597940171983,435.554666586739,10,0.4,18.5749240016376,0.55,NA,NA,NA,0.7,0.25
"nt","tl5.00_gl0.25_pr1.00_c200","model9",0.143832065037058,0,1,5,0.25,200,50,1,0.1,0.999769515086982,123.890426817945,0.00370955851423611,537.096681878201,10,0.5,4.72532077328583,0.45,0,9.12441175118569,0.95,1,0.05
"nt","tl5.00_gl0.25_pr1.00_c25","model1",0.636786192708063,0.114468471100327,10,5,0.25,25,50,1,1,0.999453000227358,754.354563885366,0.00597518109600748,441.538664414667,10,0.8,0.660526383387116,0.15,NA,NA,NA,0.8,0.15
"nt","tl5.00_gl0.25_pr1.00_c25","model10",0.628832187854151,0.0843553720597354,10,5,0.25,25,50,1,1,0.999699654368088,737.891982705957,0.00442305292410318,552.405618207969,10,0.9,1.47638852720907,0.0499999999999999,NA,NA,NA,0.95,0
"nt","tl5.00_gl0.25_pr1.00_c25","model11",0.599566649351355,0.0995027792613079,10,5,0.25,25,50,1,1,0.999560453096267,738.715580313617,0.00543126948430287,216.233180392867,10,0.3,1.26192367281062,0.65,NA,NA,NA,0.3,0.65
"nt","tl5.00_gl0.25_pr1.00_c25","model12",0.631388206382765,0.0885079665461033,7,5,0.25,25,50,1,0.7,0.99974146681963,527.766865941846,0.00418487860827662,358.251819738391,10,0,10.4410248374932,0.95,NA,NA,NA,0,0.95
"nt","tl5.00_gl0.25_pr1.00_c25","model2",0.617479878999973,0.109545255914391,9,5,0.25,25,50,1,1,0.999476954346999,771.591574698675,0.00589980246468937,415.411036454396,10,0.8,1.10866970889892,0.15,NA,NA,NA,0.8,0.15
"nt","tl5.00_gl0.25_pr1.00_c25","model3",0.637970896200744,0.101172145006603,10,5,0.25,25,50,1,1,0.999501997227708,812.687181106666,0.00574116985993715,486.511873538994,10,0.9,0.526533679985396,0.0499999999999999,0,5.22273395062376,0.95,0.45,0.5
"nt","tl5.00_gl0.25_pr1.00_c25","model4",0.641596197562093,0.122715124873235,10,5,0.25,25,50,1,1,0.999489744290086,732.38369943273,0.00579646559800854,417.208863970995,10,0.8,0.932012395694244,0.15,NA,NA,NA,0.8,0.15
"nt","tl5.00_gl0.25_pr1.00_c25","model5",0.647566088713359,0.107066146280462,10,5,0.25,25,50,1,1,0.99956999131488,731.437440887638,0.00530468591397696,456.987090711427,10,0.9,0.700547301774304,0.0499999999999999,NA,NA,NA,0.9,0.0499999999999999
"nt","tl5.00_gl0.25_pr1.00_c25","model6",0.625200193325457,0.0892072106275067,10,5,0.25,25,50,1,1,0.999479860001962,753.164750250285,0.00580298023727993,511.769683088993,10,0.9,1.17881701162157,0.0499999999999999,NA,NA,NA,0.9,0.0499999999999999
"nt","tl5.00_gl0.25_pr1.00_c25","model7",0.626461129986199,0.0720491720373515,9,5,0.25,25,50,1,0.9,0.999697468566776,778.59692922231,0.0045034336872391,548.459564461914,10,0.7,2.64351564444349,0.25,0,8.75642648947483,0.95,0.888888888888889,0.0611111111111111
"nt","tl5.00_gl0.25_pr1.00_c25","model8",0.627160752667705,0.0881869488678348,10,5,0.25,25,50,1,1,0.999552135120466,756.648571041623,0.00536121269036255,509.357029679789,10,0.9,1.27514365357708,0.0499999999999999,NA,NA,NA,0.95,0
"nt","tl5.00_gl0.25_pr1.00_c25","model9",0.624650950405313,0.083544309516646,10,5,0.25,25,50,1,1,0.999784448169552,692.600970888715,0.00374230071196929,580.376088094925,10,0.2,7.02341700121434,0.75,NA,NA,NA,0.6,0.35
"nt","tl5.00_gl0.25_pr1.00_c50","model1",0.501261220354435,0.0904753337548714,10,5,0.25,50,50,1,1,0.999396516658599,775.398596601494,0.00618938204721705,332.479545766189,10,0.7,0.413331239764532,0.25,NA,NA,NA,0.7,0.25
"nt","tl5.00_gl0.25_pr1.00_c50","model10",0.465636438219584,0.0498881937391004,10,5,0.25,50,50,1,1,0.999473244773791,804.836816477795,0.00569943785695039,430.10579788216,10,0.9,1.39406806678769,0.0499999999999999,NA,NA,NA,0.85,0.0999999999999999
"nt","tl5.00_gl0.25_pr1.00_c50","model11",0.499071160270566,0.0944151277777566,10,5,0.25,50,50,1,1,0.999441979726449,727.27348768383,0.00672274142609932,151.679238229887,10,0.4,0.792924917787666,0.55,NA,NA,NA,0.4,0.55
"nt","tl5.00_gl0.25_pr1.00_c50","model12",0.491904155724749,0.0796204701947025,9,5,0.25,50,50,1,0.9,0.999610835735871,731.578004977108,0.00522672197225683,202.439443313705,10,0,13.9599234931441,0.95,NA,NA,NA,0,0.95
"nt","tl5.00_gl0.25_pr1.00_c50","model2",0.490669211968206,0.0492368746282986,10,5,0.25,50,50,1,1,0.99939713116936,773.323843086358,0.00623984495038676,357.964528115386,10,0.5,3.46994786325466,0.45,NA,NA,NA,0.5,0.45
"nt","tl5.00_gl0.25_pr1.00_c50","model3",0.498107354780495,0.0789947168484867,10,5,0.25,50,50,1,1,0.999441281018225,785.324414422515,0.00609409031964614,289.458706254181,10,0.7,0.662728338256914,0.25,0,4.97168921570241,0.95,0.35,0.6
"nt","tl5.00_gl0.25_pr1.00_c50","model4",0.498784224320916,0.0802303259695598,10,5,0.25,50,50,1,1,0.999427566127554,768.396303641159,0.00609461400025919,288.439424555032,10,0.7,0.902631865122178,0.25,NA,NA,NA,0.7,0.25
"nt","tl5.00_gl0.25_pr1.00_c50","model5",0.486744425916879,0.0791217563218884,10,5,0.25,50,50,1,1,0.999496897332847,772.28325208456,0.00567102996723855,353.06181338081,10,0.9,0.624991631226049,0.0499999999999999,NA,NA,NA,0.75,0.2
"nt","tl5.00_gl0.25_pr1.00_c50","model6",0.485067098404659,0.05004156999783,10,5,0.25,50,50,1,1,0.999386893317982,787.687891925733,0.00616965319995004,337.524219789985,10,0.9,0.634242477348777,0.0499999999999999,NA,NA,NA,0.9,0.0499999999999999
"nt","tl5.00_gl0.25_pr1.00_c50","model7",0.470546636815258,0.0518556780849145,9,5,0.25,50,50,1,0.9,0.999604796596864,630.061859939137,0.00479943438472865,416.819884931024,10,0.9,1.20482863290281,0.0499999999999999,0,8.20111438118944,0.95,0.666666666666667,0.283333333333333
"nt","tl5.00_gl0.25_pr1.00_c50","model8",0.465639803181658,0.0476579109108083,10,5,0.25,50,50,1,1,0.999434754737295,790.69443940909,0.00595630376771621,362.754197282432,10,0.9,1.36496627297304,0.0499999999999999,NA,NA,NA,0.9,0.0499999999999999
"nt","tl5.00_gl0.25_pr1.00_c50","model9",0.465352452575443,0.0169741434381402,9,5,0.25,50,50,1,0.9,0.999844974958415,408.276767112318,0.0030523185585711,574.022841732325,10,0.3,5.82776458997195,0.65,NA,NA,NA,0.611111111111111,0.338888888888889
"nt","tl5.00_gl0.25_pr2.50_c100","model1",0.320812439690775,0.153834695930401,10,5,0.25,100,50,2.5,1,0.99933074255694,720.909294957239,0.00659740463094527,301.919634675243,10,0.4,0.991423480701895,0.55,NA,NA,NA,0.4,0.55
"nt","tl5.00_gl0.25_pr2.50_c100","model10",0.30093423596575,0.0759699704409444,10,5,0.25,100,50,2.5,1,0.999442558427101,805.902123222464,0.00559347612923115,481.381868064883,10,0.1,8.36391900151814,0.85,NA,NA,NA,0.55,0.4
"nt","tl5.00_gl0.25_pr2.50_c100","model11",0.286474014278951,0.15524490385767,10,5,0.25,100,50,2.5,1,0.999261790656946,704.853505067125,0.00779241489081614,175.994402116877,10,0.4,0.46384449625911,0.55,NA,NA,NA,0.4,0.55
"nt","tl5.00_gl0.25_pr2.50_c100","model12",0.323747110193944,0.110764487517032,8,5,0.25,100,50,2.5,0.8,0.999612112116295,532.927685394096,0.00516778069140377,309.817369898826,10,0,14.0265608885727,0.95,NA,NA,NA,0,0.95
"nt","tl5.00_gl0.25_pr2.50_c100","model2",0.308582252888928,0.0745672748904476,10,5,0.25,100,50,2.5,1,0.99924628242793,775.760228876781,0.00678513150147914,402.786296555719,10,0.5,17.9208030520934,0.45,NA,NA,NA,0.5,0.45
"nt","tl5.00_gl0.25_pr2.50_c100","model3",0.311585900453056,0.155603806976639,10,5,0.25,100,50,2.5,1,0.999247188673998,769.555506802057,0.00676169395505488,352.163544945546,10,0.5,1.02286573913794,0.45,0,5.56399677389441,0.95,0.25,0.7
"nt","tl5.00_gl0.25_pr2.50_c100","model4",0.324967547924779,0.138780592148641,10,5,0.25,100,50,2.5,1,0.999431203181347,749.922726595387,0.00592569589510383,364.476357876957,10,0.1,3.74818351927239,0.85,NA,NA,NA,0.1,0.85
"nt","tl5.00_gl0.25_pr2.50_c100","model5",0.315143719069428,0.130226428525966,10,5,0.25,100,50,2.5,1,0.999564685877937,793.671204167174,0.00505136996766792,460.159201418297,10,0.1,3.45993219107756,0.85,NA,NA,NA,0.35,0.6
"nt","tl5.00_gl0.25_pr2.50_c100","model6",0.314867619218617,0.0755486587504234,10,5,0.25,100,50,2.5,1,0.999317293807391,786.313244602319,0.00628821921140655,385.279759529564,10,0.2,3.93303771478154,0.75,NA,NA,NA,0.2,0.75
"nt","tl5.00_gl0.25_pr2.50_c100","model7",0.301888767498801,0.0761838951653323,10,5,0.25,100,50,2.5,1,0.999528870302278,810.638992490306,0.00509170936542764,439.432648645928,10,0.1,4.98534105460565,0.85,NA,NA,NA,0.55,0.4
"nt","tl5.00_gl0.25_pr2.50_c100","model8",0.302458457499796,0.0728226144360068,10,5,0.25,100,50,2.5,1,0.999439103794018,794.498097733113,0.00572910839895821,458.182589680244,10,0.1,8.61874099179519,0.85,NA,NA,NA,0.55,0.4
"nt","tl5.00_gl0.25_pr2.50_c100","model9",0.288506222953559,0.0278793929053286,6,5,0.25,100,50,2.5,0.6,0.999835240865543,320.889633772229,0.00447782809795779,462.490485363025,10,0,8.06678770338686,0.95,NA,NA,NA,0.5,0.45
"nt","tl5.00_gl0.25_pr2.50_c200","model1",0.190426693119067,0.110887332267685,10,5,0.25,200,50,2.5,1,0.999177204385975,712.858023580875,0.00801065737793565,383.972291261754,10,0.5,1.08931629319894,0.45,NA,NA,NA,0.5,0.45
"nt","tl5.00_gl0.25_pr2.50_c200","model10",0.167381299275,0.0809448273473853,10,5,0.25,200,50,2.5,1,0.999423739417942,771.852676610618,0.00663894982127757,500.963670274836,10,0.2,13.2185037181695,0.75,NA,NA,NA,0.6,0.35
"nt","tl5.00_gl0.25_pr2.50_c200","model11",0.16942642357429,0.118374629695433,10,5,0.25,200,50,2.5,1,0.999170241847258,726.383046256457,0.0102836026098717,367.412172636942,10,0.4,0.43668246348735,0.55,NA,NA,NA,0.4,0.55
"nt","tl5.00_gl0.25_pr2.50_c200","model2",0.173143797901052,0.0704936683501037,10,5,0.25,200,50,2.5,1,0.999242802030073,750.527974041331,0.0078983459947449,497.278863943028,10,0.3,35.4681743597868,0.65,NA,NA,NA,0.3,0.65
"nt","tl5.00_gl0.25_pr2.50_c200","model3",0.186421813712276,0.097282684802484,10,5,0.25,200,50,2.5,1,0.999217493803532,750.69761680814,0.00783982275999658,471.078753853486,10,0.5,1.1672583051857,0.45,0,5.21187885825664,0.95,0.25,0.7
"nt","tl5.00_gl0.25_pr2.50_c200","model4",0.193843349552273,0.10586303832863,10,5,0.25,200,50,2.5,1,0.999339555460868,737.538681360964,0.00730603380247496,423.804054747615,10,0,2.73580434391875,0.95,NA,NA,NA,0,0.95
"nt","tl5.00_gl0.25_pr2.50_c200","model5",0.187799540192112,0.102087845153639,10,5,0.25,200,50,2.5,1,0.999540347868149,744.239427893016,0.00585522107967992,534.766110141608,10,0.1,3.00659469634444,0.85,NA,NA,NA,0.35,0.6
"nt","tl5.00_gl0.25_pr2.50_c200","model6",0.169357005687032,0.0695890029034664,10,5,0.25,200,50,2.5,1,0.999373774541488,835.408479539118,0.00733055467457332,477.500049659965,10,0,3.50497946527739,0.95,NA,NA,NA,0,0.95
"nt","tl5.00_gl0.25_pr2.50_c200","model7",0.165798280283283,0.0815759688135516,10,5,0.25,200,50,2.5,1,0.99945251085342,794.028689649082,0.00638978618908928,482.320519336012,10,0,4.68988030697051,0.95,NA,NA,NA,0.5,0.45
"nt","tl5.00_gl0.25_pr2.50_c200","model8",0.164968174770693,0.0816930284985767,10,5,0.25,200,50,2.5,1,0.9993929840353,779.584089874933,0.00690805989725087,492.471743706389,10,0.2,13.6245270084814,0.75,NA,NA,NA,0.6,0.35
"nt","tl5.00_gl0.25_pr2.50_c25","model1",0.622286427012358,0.0418929699709889,10,5,0.25,25,50,2.5,1,0.999552419726597,798.737331007868,0.00553810950518648,422.144453809305,10,0.7,1.3616090247633,0.25,NA,NA,NA,0.7,0.25
"nt","tl5.00_gl0.25_pr2.50_c25","model10",0.618997590164252,0.0398240823271253,10,5,0.25,25,50,2.5,1,0.999688565447235,897.632212519981,0.00457290334842827,487.387756265819,10,0.5,3.1552805436557,0.45,NA,NA,NA,0.75,0.2
"nt","tl5.00_gl0.25_pr2.50_c25","model11",0.588704943356019,0.0309141348483761,10,5,0.25,25,50,2.5,1,0.99961080694806,751.067099759235,0.00531289194194409,212.214089374624,10,0.6,0.800404306306394,0.35,NA,NA,NA,0.6,0.35
"nt","tl5.00_gl0.25_pr2.50_c25","model12",0.615876256045747,0.0371714651432765,6,5,0.25,25,50,2.5,0.6,0.999788072924343,327.647308411209,0.00395576055708449,355.862776956052,10,0,9.16256444427508,0.95,NA,NA,NA,0,0.95
"nt","tl5.00_gl0.25_pr2.50_c25","model2",0.621139214161892,0.0238405326466529,10,5,0.25,25,50,2.5,1,0.999525973439203,786.694894616234,0.00564683486443444,458.272034589651,10,0.8,2.90855740559433,0.15,NA,NA,NA,0.8,0.15
"nt","tl5.00_gl0.25_pr2.50_c25","model3",0.622468874673229,0.0444610299779998,10,5,0.25,25,50,2.5,1,0.99956317643994,826.628804294407,0.00539613556894546,458.900274804644,10,0.8,1.59231977850694,0.15,0.2,4.15746805443828,0.75,0.5,0.45
"nt","tl5.00_gl0.25_pr2.50_c25","model4",0.618140899772379,0.0272751027510058,10,5,0.25,25,50,2.5,1,0.999516805197052,751.662866447,0.00565202433707339,419.465638861346,10,0.5,3.16582952852421,0.45,NA,NA,NA,0.5,0.45
"nt","tl5.00_gl0.25_pr2.50_c25","model5",0.621485866549746,0.0333853916960385,10,5,0.25,25,50,2.5,1,0.999627775190873,754.0037596407,0.00491908624911706,487.436817496988,10,0.4,2.78755329339237,0.55,NA,NA,NA,0.6,0.35
"nt","tl5.00_gl0.25_pr2.50_c25","model6",0.616520932234551,0.0388292461029911,10,5,0.25,25,50,2.5,1,0.999560492604388,784.213189230867,0.00548255051967256,481.531804973064,10,0.5,2.75863998472107,0.45,NA,NA,NA,0.5,0.45
"nt","tl5.00_gl0.25_pr2.50_c25","model7",0.62028578669942,0.0370855513048521,9,5,0.25,25,50,2.5,0.9,0.999674038462908,659.200160739362,0.00454814587102076,482.269954554006,10,0.4,4.32569363779858,0.55,0,10.1362027226463,0.95,0.481481481481481,0.468518518518519
"nt","tl5.00_gl0.25_pr2.50_c25","model8",0.620808608480342,0.0393549261096339,10,5,0.25,25,50,2.5,1,0.999601373508092,822.384638833535,0.00514386375966136,489.176511977518,10,0.6,2.80505196063336,0.35,NA,NA,NA,0.8,0.15
"nt","tl5.00_gl0.25_pr2.50_c25","model9",0.623803381993809,0.0387853300708235,10,5,0.25,25,50,2.5,1,0.999748097530763,727.671924447886,0.00406206728942875,582.902907115922,10,0,7.66547545301915,0.95,NA,NA,NA,0.5,0.45
"nt","tl5.00_gl0.25_pr2.50_c50","model1",0.473659116219684,0.0664740062617677,10,5,0.25,50,50,2.5,1,0.999415405485707,731.468772936803,0.00610754617177123,306.43105077606,10,0.7,0.667336353782387,0.25,NA,NA,NA,0.7,0.25
"nt","tl5.00_gl0.25_pr2.50_c50","model10",0.448555515749253,0.0363699672344431,10,5,0.25,50,50,2.5,1,0.999542651517889,819.000417669202,0.00519552622575334,424.805813450565,10,0.4,3.42505656231714,0.55,NA,NA,NA,0.7,0.25
"nt","tl5.00_gl0.25_pr2.50_c50","model11",0.431891229654638,0.058995941328058,10,5,0.25,50,50,2.5,1,0.999503152499987,682.473660181484,0.00596754843769932,184.179244004299,10,0.6,0.620200084187138,0.35,NA,NA,NA,0.6,0.35
"nt","tl5.00_gl0.25_pr2.50_c50","model12",0.446175569893036,0.068384584118455,7,5,0.25,50,50,2.5,0.7,0.999729947879638,493.93149858444,0.00441943005927969,222.618642050059,10,0,13.5336708312574,0.95,NA,NA,NA,0,0.95
"nt","tl5.00_gl0.25_pr2.50_c50","model2",0.451632367641974,0.0465760740949435,10,5,0.25,50,50,2.5,1,0.99942984452318,789.899129060805,0.0058667839051366,400.944447303611,10,0.6,5.69110087627544,0.35,NA,NA,NA,0.6,0.35
"nt","tl5.00_gl0.25_pr2.50_c50","model3",0.477283750257142,0.0792340487373658,10,5,0.25,50,50,2.5,1,0.999436046406907,738.492105969551,0.00593758160420915,261.172175765316,10,0.6,0.706981283993348,0.35,0,4.65127531349974,0.95,0.3,0.65
"nt","tl5.00_gl0.25_pr2.50_c50","model4",0.470446592018312,0.0667612276677671,10,5,0.25,50,50,2.5,1,0.999525637209511,803.319862210149,0.0053879668015338,375.923336002856,10,0.2,3.49528418785039,0.75,NA,NA,NA,0.2,0.75
"nt","tl5.00_gl0.25_pr2.50_c50","model5",0.470822592751556,0.0626461239065914,10,5,0.25,50,50,2.5,1,0.99953578457244,714.931114458248,0.00527687702376069,422.797033018148,10,0.2,3.33739839380166,0.75,NA,NA,NA,0.55,0.4
"nt","tl5.00_gl0.25_pr2.50_c50","model6",0.447930915263112,0.0416725485073126,10,5,0.25,50,50,2.5,1,0.999405682222526,737.167461428716,0.00603933497892594,387.55872946253,10,0.4,2.72450850325134,0.55,NA,NA,NA,0.4,0.55
"nt","tl5.00_gl0.25_pr2.50_c50","model7",0.450310607969365,0.0408156557461917,10,5,0.25,50,50,2.5,1,0.999607190450231,629.287804611269,0.0048356239350037,468.229222889457,10,0.4,4.00440972612743,0.55,0,8.47889375036428,0.95,0.433333333333333,0.516666666666667
"nt","tl5.00_gl0.25_pr2.50_c50","model8",0.450193073605453,0.0392067714581196,10,5,0.25,50,50,2.5,1,0.999480231132279,795.036820287643,0.00562369984047767,407.565997691225,10,0.4,3.21648223160509,0.55,NA,NA,NA,0.65,0.3
"nt","tl5.00_gl0.25_pr2.50_c50","model9",0.444659448213315,0.0459909457842123,8,5,0.25,50,50,2.5,0.8,0.999822069316509,568.578934716512,0.00324967227520309,524.288562745568,10,0.1,7.97591872680566,0.85,NA,NA,NA,0.5625,0.3875
"nt","tl5.00_gl0.25_pr5.00_c100","model1",0.306641622647579,0.0718231575017333,10,5,0.25,100,50,5,1,0.99924620626786,753.084223720606,0.00700302538323004,344.241755278029,10,0.5,0.519033487513601,0.45,NA,NA,NA,0.5,0.45
"nt","tl5.00_gl0.25_pr5.00_c100","model10",0.256029513145718,0.0569665198954345,10,5,0.25,100,50,5,1,0.999449277076499,782.258713441244,0.00572728674356457,477.877492799639,10,0.1,8.22407951711012,0.85,NA,NA,NA,0.5,0.45
"nt","tl5.00_gl0.25_pr5.00_c100","model11",0.273063151259819,0.0813008472711318,10,5,0.25,100,50,5,1,0.999303718802802,703.187044419198,0.00783926855667881,212.697101552722,10,0.6,0.29303782770321,0.35,NA,NA,NA,0.6,0.35
"nt","tl5.00_gl0.25_pr5.00_c100","model12",0.299571432317042,0.0563729070481459,6,5,0.25,100,50,5,0.6,0.999663144560346,421.673192310996,0.0051277289606609,365.71669470564,10,0,14.1607351990059,0.95,NA,NA,NA,0,0.95
"nt","tl5.00_gl0.25_pr5.00_c100","model2",0.260577423699401,0.0599887433880174,10,5,0.25,100,50,5,1,0.999291189072148,780.446638422162,0.00660076241761626,414.712772712641,10,0.4,23.4552684642487,0.55,NA,NA,NA,0.4,0.55
"nt","tl5.00_gl0.25_pr5.00_c100","model3",0.302656324165273,0.0563311519355979,10,5,0.25,100,50,5,1,0.999271373962932,729.831525704154,0.00668267390350427,342.433155170126,10,0.4,0.608200243746863,0.55,0,5.78261968518593,0.95,0.2,0.75
"nt","tl5.00_gl0.25_pr5.00_c100","model4",0.277295128759634,0.064638416519171,10,5,0.25,100,50,5,1,0.999534568575933,736.191594941321,0.00514706115185148,445.503467954737,10,0,6.60489618333286,0.95,NA,NA,NA,0,0.95
"nt","tl5.00_gl0.25_pr5.00_c100","model5",0.264123318542179,0.0593502964793787,10,5,0.25,100,50,5,1,0.999627580366733,746.700825811928,0.00460224388067712,524.363950896849,10,0,6.97937292065562,0.95,NA,NA,NA,0.25,0.7
"nt","tl5.00_gl0.25_pr5.00_c100","model6",0.257669480289621,0.0497626174610511,10,5,0.25,100,50,5,1,0.999356529204713,735.781240815881,0.00614613120097587,459.689086534473,10,0.1,6.13583128826473,0.85,NA,NA,NA,0.1,0.85
"nt","tl5.00_gl0.25_pr5.00_c100","model7",0.260013254898389,0.0511027642568538,10,5,0.25,100,50,5,1,0.999507546697367,744.52671281587,0.00544547934412177,484.837385563119,10,0.1,7.59894561249397,0.85,0,9.42300847104783,0.95,0.333333333333333,0.616666666666667
"nt","tl5.00_gl0.25_pr5.00_c100","model8",0.256676990436553,0.0495035543268154,10,5,0.25,100,50,5,1,0.999474614647805,783.833075673335,0.00543575975327694,467.719665809636,10,0.1,8.34860601824648,0.85,NA,NA,NA,0.5,0.45
"nt","tl5.00_gl0.25_pr5.00_c100","model9",0.260412332486168,0.0426609487029396,7,5,0.25,100,50,5,0.7,0.999795607934654,368.532745308276,0.00343422861413299,602.724793154598,10,0,10.9630369652264,0.95,0,8.6938306424975,0.95,0.428571428571429,0.521428571428571
"nt","tl5.00_gl0.25_pr5.00_c200","model1",0.20565303968667,0.128548920830258,10,5,0.25,200,50,5,1,0.999220284400838,720.254393224923,0.00763612356058834,358.252913779503,10,0.4,0.932587075983693,0.55,NA,NA,NA,0.4,0.55
"nt","tl5.00_gl0.25_pr5.00_c200","model10",0.186438834497131,0.0731805082115744,10,5,0.25,200,50,5,1,0.999525252230341,808.03503739753,0.00552267351322157,480.766466404323,10,0,16.1936961571759,0.95,NA,NA,NA,0.4,0.55
"nt","tl5.00_gl0.25_pr5.00_c200","model11",0.202794008589369,0.107509962525002,10,5,0.25,200,50,5,1,0.999193533624505,747.698315485963,0.0101763039871064,251.326043405949,10,0.3,0.318306486296868,0.65,NA,NA,NA,0.3,0.65
"nt","tl5.00_gl0.25_pr5.00_c200","model2",0.196515971029148,0.0598606419311402,10,5,0.25,200,50,5,1,0.999268595006678,779.374735584894,0.00720584527633236,476.081226822097,10,0.3,52.3292062427098,0.65,NA,NA,NA,0.3,0.65
"nt","tl5.00_gl0.25_pr5.00_c200","model3",0.216372802648323,0.101364074590266,10,5,0.25,200,50,5,1,0.99928826842484,727.046356006246,0.0071080278758114,392.743820976734,10,0.6,0.965431388377805,0.35,0,5.86510161990628,0.95,0.3,0.65
"nt","tl5.00_gl0.25_pr5.00_c200","model4",0.199936655201785,0.0853843581245618,10,5,0.25,200,50,5,1,0.999526497714611,773.839794205619,0.00558253211221105,425.965598850731,10,0,6.94509744812729,0.95,NA,NA,NA,0,0.95
"nt","tl5.00_gl0.25_pr5.00_c200","model5",0.183843934668899,0.0997275114359687,10,5,0.25,200,50,5,1,0.999645875360046,758.774304187486,0.00489939913649913,435.180138943721,10,0,7.63704531779707,0.95,NA,NA,NA,0.3,0.65
"nt","tl5.00_gl0.25_pr5.00_c200","model6",0.187630947148234,0.0494531029845765,10,5,0.25,200,50,5,1,0.999401051496157,762.752496052482,0.00662082562606778,485.924410094445,10,0.1,6.44539520920982,0.85,NA,NA,NA,0.1,0.85
"nt","tl5.00_gl0.25_pr5.00_c200","model7",0.216286369465566,0.070868415473513,9,5,0.25,200,50,5,0.9,0.999493188658537,622.75737636728,0.00583002468709942,523.403397935141,10,0,8.6817992351946,0.95,0,8.49175718857463,0.95,0.333333333333333,0.616666666666667
"nt","tl5.00_gl0.25_pr5.00_c200","model8",0.186863133808733,0.077650504140035,10,5,0.25,200,50,5,1,0.999466802894248,751.282217024434,0.00590135789226845,434.030676501993,10,0,16.3790521934945,0.95,NA,NA,NA,0.5,0.45
"nt","tl5.00_gl0.25_pr5.00_c200","model9",0.157889375181145,0.0419519747747411,3,5,0.25,200,50,5,0.3,0.999773577459847,227.873041389816,0.00375566889345331,579.083091479756,10,0,11.0130078596288,0.95,0,8.95172893937072,0.95,0.5,0.45
"nt","tl5.00_gl0.25_pr5.00_c25","model1",0.662089985161441,0.0689085477351644,10,5,0.25,25,50,5,1,0.999491978474478,730.925401873955,0.00574998585974926,439.650811030832,10,0.7,0.82849359843803,0.25,NA,NA,NA,0.7,0.25
"nt","tl5.00_gl0.25_pr5.00_c25","model10",0.660968129112598,0.076859255574373,10,5,0.25,25,50,5,1,0.999574853010369,820.769176886534,0.00523742820675938,537.060486486282,10,0.3,6.34599783215974,0.65,NA,NA,NA,0.6,0.35
"nt","tl5.00_gl0.25_pr5.00_c25","model11",0.640999432561791,0.0882211252929157,10,5,0.25,25,50,5,1,0.99961141471989,691.824389094226,0.00518384391378652,222.358475205901,10,0.4,1.60760690434017,0.55,NA,NA,NA,0.4,0.55
"nt","tl5.00_gl0.25_pr5.00_c25","model12",0.667564026413166,0.036082670205001,4,5,0.25,25,50,5,0.4,0.999782201535538,361.712209139914,0.00380910483872829,372.542544060801,10,0,10.7371198140635,0.95,NA,NA,NA,0,0.95
"nt","tl5.00_gl0.25_pr5.00_c25","model2",0.657538180175577,0.0840197392899429,10,5,0.25,25,50,5,1,0.999555388372306,789.441441306982,0.00545982054812999,500.649238417919,10,0.6,1.98110755959347,0.35,NA,NA,NA,0.6,0.35
"nt","tl5.00_gl0.25_pr5.00_c25","model3",0.665892957400189,0.0762155974884544,10,5,0.25,25,50,5,1,0.999535095096175,784.612981663194,0.00559651960504461,492.426279798818,10,0.6,0.934684645074139,0.35,0.2,4.38370180249407,0.75,0.4,0.55
"nt","tl5.00_gl0.25_pr5.00_c25","model4",0.662241058444204,0.0624385480020651,10,5,0.25,25,50,5,1,0.999557911480445,736.409466948906,0.00536232007142097,529.907317027774,10,0.1,7.36619303985908,0.85,NA,NA,NA,0.1,0.85
"nt","tl5.00_gl0.25_pr5.00_c25","model5",0.660782395096083,0.0769685630236553,10,5,0.25,25,50,5,1,0.999607056770566,764.383109294345,0.00514094163110524,519.021086403208,10,0.1,7.049243666274,0.85,NA,NA,NA,0.4,0.55
"nt","tl5.00_gl0.25_pr5.00_c25","model6",0.656971879320813,0.0673732293612987,10,5,0.25,25,50,5,1,0.999591315990594,805.307101695267,0.00502255414150824,514.447532087937,10,0.3,6.75674311710516,0.65,NA,NA,NA,0.3,0.65
"nt","tl5.00_gl0.25_pr5.00_c25","model7",0.666006797788608,0.0426831404070351,8,5,0.25,25,50,5,0.8,0.999700216188925,541.36320879681,0.00432646559964768,482.78683263285,10,0.2,7.30819076868432,0.75,0,8.86133665297046,0.95,0.5625,0.3875
"nt","tl5.00_gl0.25_pr5.00_c25","model8",0.66323320697134,0.0776747458078154,10,5,0.25,25,50,5,1,0.999568287515696,774.75996651235,0.00534123488004075,489.115252516454,10,0.3,6.01278919381107,0.65,NA,NA,NA,0.65,0.3
"nt","tl5.00_gl0.25_pr5.00_c25","model9",0.662893217356939,0.0785833057360603,10,5,0.25,25,50,5,1,0.999714056028512,692.673214075756,0.00413681870624846,543.614276379839,10,0,10.0547225838475,0.95,NA,NA,NA,0.45,0.5
"nt","tl5.00_gl0.25_pr5.00_c50","model1",0.446522374027522,0.0952305353406537,10,5,0.25,50,50,5,1,0.999418735901498,715.800937123302,0.00609955630579762,359.930528774355,10,0.7,0.599403171179512,0.25,NA,NA,NA,0.7,0.25
"nt","tl5.00_gl0.25_pr5.00_c50","model10",0.436530333094496,0.0389338156745811,10,5,0.25,50,50,5,1,0.999535697010861,804.7738217687,0.00523122328613641,438.72343491934,10,0.2,6.43718501114512,0.75,NA,NA,NA,0.6,0.35
"nt","tl5.00_gl0.25_pr5.00_c50","model11",0.408107053902916,0.145342205402862,10,5,0.25,50,50,5,1,0.999429983418277,684.864309026186,0.00631121766350688,184.702403935011,10,0.2,0.670821477245195,0.75,NA,NA,NA,0.2,0.75
"nt","tl5.00_gl0.25_pr5.00_c50","model12",0.454834355693768,0.153998512034672,7,5,0.25,50,50,5,0.7,0.999751309576901,351.818589169312,0.00411422645190252,320.464579823454,10,0,13.6870042319543,0.95,NA,NA,NA,0,0.95
"nt","tl5.00_gl0.25_pr5.00_c50","model2",0.438974316308621,0.0405436336870443,10,5,0.25,50,50,5,1,0.999351238404599,733.681503112912,0.00624652888171556,416.124032909268,10,0.5,9.8608084708759,0.45,NA,NA,NA,0.5,0.45
"nt","tl5.00_gl0.25_pr5.00_c50","model3",0.450089286417611,0.0731239294188047,10,5,0.25,50,50,5,1,0.999425264341589,791.704479139065,0.00594893067918398,346.242826223021,10,0.8,0.478276155454013,0.15,0,4.84756480204658,0.95,0.4,0.55
"nt","tl5.00_gl0.25_pr5.00_c50","model4",0.455336241429942,0.0776844286389713,10,5,0.25,50,50,5,1,0.999514467703005,757.220699687415,0.00547552195601017,403.883241925893,10,0,7.28945344023202,0.95,NA,NA,NA,0,0.95
"nt","tl5.00_gl0.25_pr5.00_c50","model5",0.444264304905736,0.0871744133452533,10,5,0.25,50,50,5,1,0.999639808568407,798.408554625079,0.0047007041882892,476.487959199658,10,0,7.43286516272566,0.95,NA,NA,NA,0.4,0.55
"nt","tl5.00_gl0.25_pr5.00_c50","model6",0.430115470919469,0.0640552243481548,10,5,0.25,50,50,5,1,0.999437579061648,734.82228781909,0.00576890289781363,444.189499195106,10,0.2,6.2874549882597,0.75,NA,NA,NA,0.2,0.75
"nt","tl5.00_gl0.25_pr5.00_c50","model7",0.437429011885492,0.0428985478633268,9,5,0.25,50,50,5,0.9,0.999645285438281,602.667474124891,0.00444140381594971,471.845478012189,10,0.2,7.53790995775237,0.75,0,9.32602421561763,0.95,0.37037037037037,0.57962962962963
"nt","tl5.00_gl0.25_pr5.00_c50","model8",0.440151831644512,0.0395989309238974,10,5,0.25,50,50,5,1,0.999488964007493,785.825478246847,0.00539737244686358,400.20889936774,10,0.2,6.36253286283136,0.75,NA,NA,NA,0.55,0.4
"nt","tl5.00_gl0.25_pr5.00_c50","model9",0.428969852860225,0.0391585147591598,9,5,0.25,50,50,5,0.9,0.999810150465415,635.790405303179,0.00321664983799863,532.347610606808,10,0,10.8912398977649,0.95,NA,NA,NA,0.444444444444444,0.505555555555556
"nt","tl5.00_gl0.50_pr1.00_c100","model1",0.293145996569211,0.0435433341321266,10,5,0.5,100,50,1,1,0.999302641047635,739.645225194137,0.00648443065225046,315.496676098404,10,0.4,2.81812937662509,0.55,NA,NA,NA,0.4,0.55
"nt","tl5.00_gl0.50_pr1.00_c100","model10",0.292174736942068,0.0422845427770973,10,5,0.5,100,50,1,1,0.999334158862384,772.207137367722,0.00640512438416288,390.840025670302,10,0.3,14.5187450441137,0.65,NA,NA,NA,0.65,0.3
"nt","tl5.00_gl0.50_pr1.00_c100","model11",0.25948813596796,0.073873773797156,10,5,0.5,100,50,1,1,0.999323958469164,728.779815862224,0.00775207626867587,200.400205761442,10,0.3,0.947844543013456,0.65,NA,NA,NA,0.3,0.65
"nt","tl5.00_gl0.50_pr1.00_c100","model12",0.289500832615295,0.00770855210967042,7,5,0.5,100,50,1,0.7,0.999542269286526,561.131296688686,0.00621711088688228,293.181766986532,10,0,13.400114641281,0.95,NA,NA,NA,0,0.95
"nt","tl5.00_gl0.50_pr1.00_c100","model2",0.292005929700383,0.0348967540676894,10,5,0.5,100,50,1,1,0.999225724992769,757.133364663894,0.00678202099106249,363.929212514742,10,0.4,25.8773934587908,0.55,NA,NA,NA,0.4,0.55
"nt","tl5.00_gl0.50_pr1.00_c100","model3",0.299692490015518,0.0356249792794787,10,5,0.5,100,50,1,1,0.999352038902828,741.346563095147,0.00614237491583565,331.537641090074,10,0.4,2.87123843840237,0.55,0,0.486956076099317,0.95,0.2,0.75
"nt","tl5.00_gl0.50_pr1.00_c100","model4",0.282751137487566,0.0249602090706,5,5,0.5,100,50,1,0.5,0.999176625738456,659.656516534106,0.00652861991547445,316.240956712193,10,0.4,1.20230637564693,0.55,NA,NA,NA,0.6,0.35
"nt","tl5.00_gl0.50_pr1.00_c100","model5",0.295350072341675,0.0385829193754714,10,5,0.5,100,50,1,1,0.999317354275792,791.40710815766,0.00636743703649417,303.571219978811,10,0.4,1.3713220980199,0.55,NA,NA,NA,0.65,0.3
"nt","tl5.00_gl0.50_pr1.00_c100","model6",0.295427519519503,0.0399447343315675,10,5,0.5,100,50,1,1,0.999293244097169,786.996767767515,0.0064585295594627,442.804835145139,10,0.4,10.1347681321414,0.55,NA,NA,NA,0.4,0.55
"nt","tl5.00_gl0.50_pr1.00_c100","model7",0.291139826335451,0.0447959306468969,10,5,0.5,100,50,1,1,0.999476540236964,758.98899717446,0.00535956560388799,423.307369180279,10,0.7,5.67750709640867,0.25,0,1.20111923621765,0.95,0.566666666666667,0.383333333333333
"nt","tl5.00_gl0.50_pr1.00_c100","model8",0.292125655884397,0.0384044634718466,10,5,0.5,100,50,1,1,0.999255395751875,773.080738507894,0.0067635843241224,395.405776464304,10,0.3,14.9987767426277,0.65,NA,NA,NA,0.65,0.3
"nt","tl5.00_gl0.50_pr1.00_c100","model9",0.290932307200538,0.0408167654508727,6,5,0.5,100,50,1,0.6,0.999928652983748,368.968164242726,0.00190247622515807,570.498171154266,10,0.4,5.76911305418431,0.55,NA,NA,NA,0.666666666666667,0.283333333333333
"nt","tl5.00_gl0.50_pr1.00_c200","model1",0.254270183387182,0.0895887605099125,10,5,0.5,200,50,1,1,0.999203909684309,729.762914144162,0.00802633834152499,415.952246484633,10,0.3,1.91449789292646,0.65,NA,NA,NA,0.3,0.65
"nt","tl5.00_gl0.50_pr1.00_c200","model10",0.226572682895956,0.073637804192242,10,5,0.5,200,50,1,1,0.999317291683316,795.127166679153,0.00701860416356809,479.946196471223,10,0.5,33.7743984932378,0.45,NA,NA,NA,0.7,0.25
"nt","tl5.00_gl0.50_pr1.00_c200","model11",0.24885150366007,0.0805824234597557,10,5,0.5,200,50,1,1,0.999170679546468,742.521350946195,0.0107126405147822,373.636380126387,10,0.2,0.646360922073847,0.75,NA,NA,NA,0.2,0.75
"nt","tl5.00_gl0.50_pr1.00_c200","model2",0.231213350532317,0.0666693542205399,10,5,0.5,200,50,1,1,0.999193139484274,721.907386647518,0.00778180643934057,457.46398844629,10,0.2,34.8635403330227,0.75,NA,NA,NA,0.2,0.75
"nt","tl5.00_gl0.50_pr1.00_c200","model3",0.24777252128292,0.0890965699134397,10,5,0.5,200,50,1,1,0.999316863066034,764.39346539788,0.00719543075494094,387.860289139299,10,0.3,2.03065899769414,0.65,0,0.459278660519101,0.95,0.15,0.8
"nt","tl5.00_gl0.50_pr1.00_c200","model4",0.254599278954395,0.0847152304838596,10,5,0.5,200,50,1,1,0.999229554140563,763.778055186268,0.00763932413421042,412.225374342237,10,0.4,1.33526770408276,0.55,NA,NA,NA,0.4,0.55
"nt","tl5.00_gl0.50_pr1.00_c200","model5",0.24695963630071,0.0950450331715937,10,5,0.5,200,50,1,1,0.999321900210897,801.734870604139,0.00715547983968803,416.990369296811,10,0.5,1.55433792155572,0.45,NA,NA,NA,0.65,0.3
"nt","tl5.00_gl0.50_pr1.00_c200","model6",0.231607158532785,0.0659272241534195,10,5,0.5,200,50,1,1,0.999241835353765,815.602667552956,0.00793352671830891,510.784609531462,10,0.4,17.3849762496751,0.55,NA,NA,NA,0.4,0.55
"nt","tl5.00_gl0.50_pr1.00_c200","model7",0.227824953456907,0.0703581225312492,10,5,0.5,200,50,1,1,0.999455100229469,928.500952014307,0.00603886519557378,454.1544649784,10,0.5,13.3791999044875,0.45,NA,NA,NA,0.75,0.2
"nt","tl5.00_gl0.50_pr1.00_c200","model8",0.227829109773611,0.0710522502456009,10,5,0.5,200,50,1,1,0.999310155327976,781.861450187377,0.00717978864640547,455.531128751139,10,0.5,34.4855264083578,0.45,NA,NA,NA,0.75,0.2
"nt","tl5.00_gl0.50_pr1.00_c25","model1",0.577265088015335,0.128391265830028,10,5,0.5,25,50,1,1,0.99943235772776,744.431531006622,0.00597507048009523,435.646269863315,10,0.7,2.19665478212281,0.25,NA,NA,NA,0.7,0.25
"nt","tl5.00_gl0.50_pr1.00_c25","model10",0.576153357082579,0.114884824432652,10,5,0.5,25,50,1,1,0.999565534021976,798.507266648573,0.00522069674030284,435.641543878348,10,0.8,3.06394588007413,0.15,NA,NA,NA,0.9,0.0499999999999999
"nt","tl5.00_gl0.50_pr1.00_c25","model11",0.529586532642889,0.0901114595825529,10,5,0.5,25,50,1,1,0.99947847045693,752.241127457932,0.00577046909029713,175.407581372891,10,0.2,1.38040453570508,0.75,NA,NA,NA,0.2,0.75
"nt","tl5.00_gl0.50_pr1.00_c25","model12",0.529994813765528,0.0929887517744456,8,5,0.5,25,50,1,0.8,0.999719818508179,546.809435660717,0.00418721554592615,316.952677945389,10,0,9.84952091112099,0.95,NA,NA,NA,0,0.95
"nt","tl5.00_gl0.50_pr1.00_c25","model2",0.576853072251588,0.105357767749969,10,5,0.5,25,50,1,1,0.999452660259038,744.154974533509,0.00584873125181455,411.111721125368,10,0.8,2.78980641447236,0.15,NA,NA,NA,0.8,0.15
"nt","tl5.00_gl0.50_pr1.00_c25","model3",0.597051791921867,0.134400017490559,9,5,0.5,25,50,1,0.9,0.999506917006203,807.320863373121,0.00552186456212806,392.331498270112,10,0.8,1.93051938451311,0.15,0.5,0.556324139747019,0.45,0.611111111111111,0.338888888888889
"nt","tl5.00_gl0.50_pr1.00_c25","model4",0.583658252596006,0.131260019118885,10,5,0.5,25,50,1,1,0.999509648791993,792.031441876908,0.00565149470227392,445.859668603237,10,0.8,2.59508064699389,0.15,NA,NA,NA,0.8,0.15
"nt","tl5.00_gl0.50_pr1.00_c25","model5",0.583373348275294,0.132613155293888,10,5,0.5,25,50,1,1,0.999466810455684,768.368740144271,0.005781419074586,434.264036687834,10,0.8,3.82566503373768,0.15,NA,NA,NA,0.8,0.15
"nt","tl5.00_gl0.50_pr1.00_c25","model6",0.578305470618553,0.102751652053329,10,5,0.5,25,50,1,1,0.999459465440177,792.489205957158,0.00587591312588949,441.859563156976,10,0.8,1.52914590195242,0.15,NA,NA,NA,0.8,0.15
"nt","tl5.00_gl0.50_pr1.00_c25","model7",0.573118674448247,0.110083110602031,10,5,0.5,25,50,1,1,0.999717413736008,663.909109706009,0.00415459060679224,517.940118089022,10,0.4,4.0491216587471,0.55,NA,NA,NA,0.7,0.25
"nt","tl5.00_gl0.50_pr1.00_c25","model8",0.576326341862069,0.11121823789794,10,5,0.5,25,50,1,1,0.99955288457919,811.105734833263,0.00541670502794145,462.256865238338,10,0.8,2.98717237235042,0.15,NA,NA,NA,0.9,0.0499999999999999
"nt","tl5.00_gl0.50_pr1.00_c25","model9",0.574521029325638,0.103445342527151,10,5,0.5,25,50,1,1,0.999778085710666,716.667083656649,0.00374909699703663,551.070956319781,10,0.1,7.07616423771381,0.85,NA,NA,NA,0.55,0.4
"nt","tl5.00_gl0.50_pr1.00_c50","model1",0.44815353965075,0.0515559585050392,10,5,0.5,50,50,1,1,0.999389172200861,728.933481814237,0.00622436420367098,370.471041978194,10,0.7,0.617346412963923,0.25,NA,NA,NA,0.7,0.25
"nt","tl5.00_gl0.50_pr1.00_c50","model10",0.425987607110777,0.0471279340341201,10,5,0.5,50,50,1,1,0.999467480983537,759.737490773085,0.00564231974896869,451.690814531661,10,0.7,4.46748092028884,0.25,NA,NA,NA,0.85,0.1
"nt","tl5.00_gl0.50_pr1.00_c50","model11",0.433208515383612,0.071330073713456,10,5,0.5,50,50,1,1,0.999391328213136,701.036073463096,0.00678400685207814,156.570294986791,10,0.7,0.406272702518919,0.25,NA,NA,NA,0.7,0.25
"nt","tl5.00_gl0.50_pr1.00_c50","model12",0.423471205586775,0.0488650232155948,6,5,0.5,50,50,1,0.6,0.999577684350986,468.707077521231,0.00562339793220028,219.016711220143,10,0,13.3010534797316,0.95,NA,NA,NA,0,0.95
"nt","tl5.00_gl0.50_pr1.00_c50","model2",0.424326883683687,0.0478629000364733,10,5,0.5,50,50,1,1,0.999394831797359,743.300555530317,0.00602790011394794,415.171124945227,10,0.5,5.62493191444962,0.45,NA,NA,NA,0.5,0.45
"nt","tl5.00_gl0.50_pr1.00_c50","model3",0.445826016187817,0.054111933019736,10,5,0.5,50,50,1,1,0.999450298975434,776.514844997408,0.00582167052748527,361.025464698639,10,0.6,0.685116897752009,0.35,0.1,0.439142825379091,0.85,0.35,0.6
"nt","tl5.00_gl0.50_pr1.00_c50","model4",0.447772131281574,0.053372016333527,10,5,0.5,50,50,1,1,0.99939990353248,785.304474102272,0.00613511956916982,388.569303498421,10,0.9,0.349355178026905,0.0499999999999999,NA,NA,NA,0.9,0.0499999999999999
"nt","tl5.00_gl0.50_pr1.00_c50","model5",0.445327688407831,0.0619858159329558,10,5,0.5,50,50,1,1,0.999492713321491,832.214875724622,0.00542460565502742,408.324929125069,10,0.8,0.686841294525188,0.15,NA,NA,NA,0.7,0.25
"nt","tl5.00_gl0.50_pr1.00_c50","model6",0.42248698380889,0.0514722389738542,10,5,0.5,50,50,1,1,0.999387662039811,789.288102683549,0.00594048140191191,446.629413587055,10,0.7,2.11698390260097,0.25,NA,NA,NA,0.7,0.25
"nt","tl5.00_gl0.50_pr1.00_c50","model7",0.4350772712331,0.046432193901558,9,5,0.5,50,50,1,0.9,0.999567891155513,681.365346159489,0.00494030846428277,448.61170977855,10,0.8,2.7629660487809,0.15,0,0.813792708088907,0.95,0.592592592592593,0.357407407407407
"nt","tl5.00_gl0.50_pr1.00_c50","model8",0.427041611527895,0.0523099497007885,10,5,0.5,50,50,1,1,0.9993641531352,742.974068506491,0.00622079888730634,408.154368599921,10,0.7,5.02217275093182,0.25,NA,NA,NA,0.8,0.15
"nt","tl5.00_gl0.50_pr1.00_c50","model9",0.426800012086197,0.0442032191101464,8,5,0.5,50,50,1,0.8,0.999854138938495,452.084378834697,0.00284472678151319,593.297879102561,10,0.3,5.87573840908883,0.65,NA,NA,NA,0.625,0.325
"nt","tl5.00_gl0.50_pr2.50_c100","model1",0.315532761370716,0.0589027492581887,10,5,0.5,100,50,2.5,1,0.999178329314236,753.78937434828,0.00714834298210571,296.827994406506,10,0.6,0.574575262808479,0.35,NA,NA,NA,0.6,0.35
"nt","tl5.00_gl0.50_pr2.50_c100","model10",0.30935963054277,0.0561617877158436,10,5,0.5,100,50,2.5,1,0.999397638452499,845.257576480225,0.0061181831567029,368.824938462067,10,0.2,4.83224871869164,0.75,NA,NA,NA,0.55,0.4
"nt","tl5.00_gl0.50_pr2.50_c100","model11",0.305592998012196,0.051699853144641,10,5,0.5,100,50,2.5,1,0.9992302706333,717.874086740538,0.00835206837762262,128.398533107784,10,0.3,0.368618422798754,0.65,NA,NA,NA,0.3,0.65
"nt","tl5.00_gl0.50_pr2.50_c100","model12",0.301849364980407,0.0411955009919688,7,5,0.5,100,50,2.5,0.7,0.999549817159226,513.20568460724,0.00560438187495943,245.228048892197,10,0,14.2517832079532,0.95,NA,NA,NA,0,0.95
"nt","tl5.00_gl0.50_pr2.50_c100","model2",0.307463558026264,0.0552548023668026,10,5,0.5,100,50,2.5,1,0.999280537373424,741.13871570292,0.00657289826961669,374.653940669381,10,0.5,15.1529083095956,0.45,NA,NA,NA,0.5,0.45
"nt","tl5.00_gl0.50_pr2.50_c100","model3",0.313097160724971,0.0609068131980436,10,5,0.5,100,50,2.5,1,0.999316783066451,764.714067276153,0.00616115781402223,338.79345140143,10,0.6,0.556689412247771,0.35,0,0.546566461729342,0.95,0.3,0.65
"nt","tl5.00_gl0.50_pr2.50_c100","model4",0.313666862876087,0.0652795994853593,10,5,0.5,100,50,2.5,1,0.999405211894856,780.343971866531,0.00602803077267386,369.634757880815,10,0.1,3.01596882005909,0.85,NA,NA,NA,0.1,0.85
"nt","tl5.00_gl0.50_pr2.50_c100","model5",0.317949548628204,0.071802560078527,10,5,0.5,100,50,2.5,1,0.999483361527995,754.626126761669,0.00548178839967224,477.66727007701,10,0.1,3.07625916809894,0.85,NA,NA,NA,0.4,0.55
"nt","tl5.00_gl0.50_pr2.50_c100","model6",0.302133957088941,0.0586379504431263,10,5,0.5,100,50,2.5,1,0.999308803698714,758.592453736116,0.00646565756512797,373.692018946246,10,0.2,4.482995128879,0.75,NA,NA,NA,0.2,0.75
"nt","tl5.00_gl0.50_pr2.50_c100","model7",0.307707286502307,0.0562636054426164,10,5,0.5,100,50,2.5,1,0.999551013081856,742.68013194817,0.00497924416807518,452.690365284278,10,0.4,3.13287688601795,0.55,NA,NA,NA,0.65,0.3
"nt","tl5.00_gl0.50_pr2.50_c100","model8",0.3097796387882,0.0541465986451054,10,5,0.5,100,50,2.5,1,0.999373017674992,764.118554680365,0.00614741371344961,428.836575615728,10,0.3,5.06637088152253,0.65,NA,NA,NA,0.6,0.35
"nt","tl5.00_gl0.50_pr2.50_c100","model9",0.283007776388634,0.0496393642798098,7,5,0.5,100,50,2.5,0.7,0.999776787794228,353.540933126105,0.00511121553670968,465.28210775895,10,0,7.65237678828668,0.95,0,1.06410416434968,0.95,0.333333333333333,0.616666666666667
"nt","tl5.00_gl0.50_pr2.50_c200","model1",0.187592476992434,0.0614522399490743,10,5,0.5,200,50,2.5,1,0.999084652040891,735.737995312359,0.00872282029891816,424.336648425429,10,0.2,1.6231619029009,0.75,NA,NA,NA,0.2,0.75
"nt","tl5.00_gl0.50_pr2.50_c200","model10",0.184430344772003,0.0457141025058552,10,5,0.5,200,50,2.5,1,0.99936801320705,767.490776027256,0.00701733446890426,542.970737417419,10,0.2,20.7119725751143,0.75,NA,NA,NA,0.55,0.4
"nt","tl5.00_gl0.50_pr2.50_c200","model11",0.179805566166215,0.0708865096186,10,5,0.5,200,50,2.5,1,0.999226669890354,719.050075486794,0.0102523779597227,358.688031839629,10,0.4,0.608011289657484,0.55,NA,NA,NA,0.4,0.55
"nt","tl5.00_gl0.50_pr2.50_c200","model2",0.188670929556423,0.0517954943959669,10,5,0.5,200,50,2.5,1,0.999192165546596,733.887468276585,0.00815855516197577,464.354240069816,10,0.3,49.0525022281393,0.65,NA,NA,NA,0.3,0.65
"nt","tl5.00_gl0.50_pr2.50_c200","model3",0.187056871710644,0.0656403161638477,10,5,0.5,200,50,2.5,1,0.99919173927118,759.055964151158,0.00811445466956548,461.476508099271,10,0.4,1.50810721140769,0.55,0,0.550395734588894,0.95,0.2,0.75
"nt","tl5.00_gl0.50_pr2.50_c200","model4",0.184242429159686,0.0470088183378478,10,5,0.5,200,50,2.5,1,0.999318585415551,722.039923953952,0.00730077640111397,443.584316899573,10,0,2.71911191428737,0.95,NA,NA,NA,0,0.95
"nt","tl5.00_gl0.50_pr2.50_c200","model5",0.180501570347957,0.0587949706976248,10,5,0.5,200,50,2.5,1,0.999389481051268,738.272935177598,0.00679970731655775,475.393840082246,10,0.1,2.90616858500527,0.85,NA,NA,NA,0.45,0.5
"nt","tl5.00_gl0.50_pr2.50_c200","model6",0.180191745330331,0.0465517426076056,10,5,0.5,200,50,2.5,1,0.999255388819971,748.470302143847,0.00794754848882411,497.873667868897,10,0.2,11.8656126272418,0.75,NA,NA,NA,0.2,0.75
"nt","tl5.00_gl0.50_pr2.50_c200","model7",0.18399513747995,0.0476466317419681,10,5,0.5,200,50,2.5,1,0.999355841427131,828.112950622804,0.00700376189070754,556.070939889464,10,0.2,8.13092958855135,0.75,0,0.637417538078646,0.95,0.4,0.55
"nt","tl5.00_gl0.50_pr2.50_c200","model8",0.184633790064849,0.0474724909622529,10,5,0.5,200,50,2.5,1,0.999345877441296,758.85413272253,0.00733569781637597,480.126956049068,10,0.2,21.1907775266515,0.75,NA,NA,NA,0.6,0.35
"nt","tl5.00_gl0.50_pr2.50_c200","model9",0.16232656137753,0.0321059449525062,3,5,0.5,200,50,2.5,0.3,0.999774277378,195.863519347384,0.00412391644488982,601.547508981222,10,0,8.02665743892801,0.95,0,0.967483391442181,0.95,0.333333333333333,0.616666666666667
"nt","tl5.00_gl0.50_pr2.50_c25","model1",0.608740814665155,0.0567042264450194,10,5,0.5,25,50,2.5,1,0.999505111116846,758.476995386274,0.00572928979091985,463.539198702827,10,0.9,1.12889875254786,0.0499999999999999,NA,NA,NA,0.9,0.0499999999999999
"nt","tl5.00_gl0.50_pr2.50_c25","model10",0.599553798933334,0.0616473101111971,10,5,0.5,25,50,2.5,1,0.999612510171281,747.102332018577,0.0050139364207567,472.996403041205,10,0.2,5.59018016165155,0.75,NA,NA,NA,0.6,0.35
"nt","tl5.00_gl0.50_pr2.50_c25","model11",0.565518179489559,0.0677439333749632,10,5,0.5,25,50,2.5,1,0.999565441683617,704.717256123023,0.0057573619646392,191.056375588089,10,0.4,1.22161435529648,0.55,NA,NA,NA,0.4,0.55
"nt","tl5.00_gl0.50_pr2.50_c25","model12",0.612598015886798,0.0496282259314195,6,5,0.5,25,50,2.5,0.6,0.999771449228411,425.397034900542,0.00403458988181658,316.534763467236,10,0,10.1639726555935,0.95,NA,NA,NA,0,0.95
"nt","tl5.00_gl0.50_pr2.50_c25","model2",0.590530003050632,0.0434355710037173,10,5,0.5,25,50,2.5,1,0.999525083113217,787.730436559834,0.00570741473802737,469.577487950253,10,0.8,3.58467577719774,0.15,NA,NA,NA,0.8,0.15
"nt","tl5.00_gl0.50_pr2.50_c25","model3",0.610504919170901,0.0515215088659914,10,5,0.5,25,50,2.5,1,0.999461146964936,746.599510812814,0.00602199226988251,464.365269848386,10,0.9,1.08031697305803,0.0499999999999999,0.4,0.565469024273371,0.55,0.65,0.3
"nt","tl5.00_gl0.50_pr2.50_c25","model4",0.609816043054373,0.0576411319171353,10,5,0.5,25,50,2.5,1,0.999517192229012,759.570409351118,0.00563184521413124,446.283448499918,10,0.1,4.70601055876708,0.85,NA,NA,NA,0.1,0.85
"nt","tl5.00_gl0.50_pr2.50_c25","model5",0.609939108251679,0.0487544549460298,10,5,0.5,25,50,2.5,1,0.99960391045729,797.967332362226,0.00511448253518579,499.901884584578,10,0.2,4.87636262868184,0.75,NA,NA,NA,0.5,0.45
"nt","tl5.00_gl0.50_pr2.50_c25","model6",0.591701696676499,0.0587914442289363,10,5,0.5,25,50,2.5,1,0.999563885346977,812.049495350824,0.00522937587807947,475.830452840658,10,0.3,4.6002669223745,0.65,NA,NA,NA,0.3,0.65
"nt","tl5.00_gl0.50_pr2.50_c25","model7",0.599146955173648,0.0562764354448242,10,5,0.5,25,50,2.5,1,0.999660249825104,654.023210890329,0.00455628449835684,473.26351204145,10,0.3,6.22178944125761,0.65,0,0.958322346430258,0.95,0.433333333333333,0.516666666666667
"nt","tl5.00_gl0.50_pr2.50_c25","model8",0.600034493352172,0.0619884315295709,10,5,0.5,25,50,2.5,1,0.999536008436867,767.012276424937,0.00563495015025693,465.496910987552,10,0.2,5.23222283866655,0.75,NA,NA,NA,0.6,0.35
"nt","tl5.00_gl0.50_pr2.50_c25","model9",0.599239257043341,0.0436875120756506,9,5,0.5,25,50,2.5,0.9,0.999729099915956,668.450358600769,0.00412266176258328,495.49325447573,10,0,9.07689244609629,0.95,NA,NA,NA,0.5,0.45
"nt","tl5.00_gl0.50_pr2.50_c50","model1",0.485181366787424,0.116199320577129,10,5,0.5,50,50,2.5,1,0.999430657093285,749.504040703338,0.00593091932747089,336.711165003945,10,0.5,0.918347998435342,0.45,NA,NA,NA,0.5,0.45
"nt","tl5.00_gl0.50_pr2.50_c50","model10",0.446904721091305,0.0933290504579263,10,5,0.5,50,50,2.5,1,0.999550438922612,739.688428125472,0.0049955009904798,487.925318165873,10,0.4,3.9761227008125,0.55,NA,NA,NA,0.65,0.3
"nt","tl5.00_gl0.50_pr2.50_c50","model11",0.454797971865797,0.135057517480209,10,5,0.5,50,50,2.5,1,0.999480156174004,734.636159916736,0.0063511967733422,165.24357568453,10,0.6,0.520204581270068,0.35,NA,NA,NA,0.6,0.35
"nt","tl5.00_gl0.50_pr2.50_c50","model12",0.508061421041257,0.103523019005399,7,5,0.5,50,50,2.5,0.7,0.999662743588755,551.452902841812,0.00461695838040263,255.818112078886,10,0,13.1862773582626,0.95,NA,NA,NA,0,0.95
"nt","tl5.00_gl0.50_pr2.50_c50","model2",0.456485842706728,0.10076105786135,10,5,0.5,50,50,2.5,1,0.999424640798998,799.759245621818,0.00576146307621233,398.736436137623,10,0.5,9.45390390687865,0.45,NA,NA,NA,0.5,0.45
"nt","tl5.00_gl0.50_pr2.50_c50","model3",0.489675921655963,0.0897993022202276,10,5,0.5,50,50,2.5,1,0.999452378442347,720.881472438996,0.00607093170762983,353.275240809466,10,0.6,1.03444153435337,0.35,0.4,0.43220755453129,0.55,0.5,0.45
"nt","tl5.00_gl0.50_pr2.50_c50","model4",0.470870678544976,0.112342586616599,10,5,0.5,50,50,2.5,1,0.999492966250231,773.946551436554,0.00561506155212447,350.886801348767,10,0.3,2.34917609034141,0.65,NA,NA,NA,0.3,0.65
"nt","tl5.00_gl0.50_pr2.50_c50","model5",0.473764785809188,0.0988566933444786,10,5,0.5,50,50,2.5,1,0.999553372100551,793.196950629416,0.00534027476651168,384.198463793742,10,0.5,2.58197033112213,0.45,NA,NA,NA,0.6,0.35
"nt","tl5.00_gl0.50_pr2.50_c50","model6",0.451565905733075,0.096835455236064,10,5,0.5,50,50,2.5,1,0.999435571419476,800.649393208337,0.00583038263122572,379.308997448383,10,0.6,3.32366620984569,0.35,NA,NA,NA,0.6,0.35
"nt","tl5.00_gl0.50_pr2.50_c50","model7",0.477870842191147,0.0950687321084868,7,5,0.5,50,50,2.5,0.7,0.999588919635982,622.488146038238,0.00478932397539294,409.845140909509,10,0.5,4.03263583337213,0.45,0.333333333333333,0.566333590866939,0.616666666666667,0.857142857142857,0.0928571428571427
"nt","tl5.00_gl0.50_pr2.50_c50","model8",0.449081021031521,0.0943644444513956,10,5,0.5,50,50,2.5,1,0.999492007309604,799.198901216952,0.00548675423872764,429.597405021304,10,0.4,4.73663921253562,0.55,NA,NA,NA,0.7,0.25
"nt","tl5.00_gl0.50_pr2.50_c50","model9",0.444757767761558,0.113412000594259,8,5,0.5,50,50,2.5,0.8,0.999820425919698,624.189310550662,0.00308843697780931,539.724529491188,10,0,7.6205882345461,0.95,NA,NA,NA,0.5,0.45
"nt","tl5.00_gl0.50_pr5.00_c100","model1",0.333383797522874,0.0749943552311723,10,5,0.5,100,50,5,1,0.999322179608394,784.903579916694,0.00638203721869687,350.495185095888,10,0.5,1.61779550071265,0.45,NA,NA,NA,0.5,0.45
"nt","tl5.00_gl0.50_pr5.00_c100","model10",0.292115914812768,0.105152190717913,10,5,0.5,100,50,5,1,0.999427048879395,755.157134262142,0.00581473732100626,422.378585201822,10,0,8.31267250140987,0.95,NA,NA,NA,0.45,0.5
"nt","tl5.00_gl0.50_pr5.00_c100","model11",0.291932073518377,0.0634909105022635,10,5,0.5,100,50,5,1,0.999352044383143,740.54307435998,0.00822360058891069,188.673350968957,10,0.4,0.694367821856428,0.55,NA,NA,NA,0.4,0.55
"nt","tl5.00_gl0.50_pr5.00_c100","model12",0.318250773567976,0.0411323498261119,5,5,0.5,100,50,5,0.5,0.999643597343581,351.907092146154,0.0053162689401855,330.814723744427,10,0,13.8900550942112,0.95,NA,NA,NA,0,0.95
"nt","tl5.00_gl0.50_pr5.00_c100","model2",0.29090482503444,0.0745333808261162,10,5,0.5,100,50,5,1,0.999314907194457,774.892229033515,0.00631527027221419,420.257626899268,10,0.4,31.9752457025993,0.55,NA,NA,NA,0.4,0.55
"nt","tl5.00_gl0.50_pr5.00_c100","model3",0.333911756895207,0.0782955973429457,10,5,0.5,100,50,5,1,0.999328680970081,761.868826388887,0.00639567124232645,321.180264633917,10,0.5,1.533629115187,0.45,0,0.455542847139479,0.95,0.25,0.7
"nt","tl5.00_gl0.50_pr5.00_c100","model4",0.320591868982067,0.0873878677450109,10,5,0.5,100,50,5,1,0.999504395523815,711.514162484874,0.00545725982156901,436.811230377177,10,0.1,7.15711186541727,0.85,NA,NA,NA,0.1,0.85
"nt","tl5.00_gl0.50_pr5.00_c100","model5",0.338971096559673,0.0927694465434836,10,5,0.5,100,50,5,1,0.999632932050089,760.666108996182,0.00468115411725948,438.759571210336,10,0.1,7.42851231674095,0.85,NA,NA,NA,0.5,0.45
"nt","tl5.00_gl0.50_pr5.00_c100","model6",0.29588692695673,0.103332344947914,10,5,0.5,100,50,5,1,0.999385641170361,813.239452397528,0.00587500148904278,411.954272888787,10,0,8.48504792354237,0.95,NA,NA,NA,0,0.95
"nt","tl5.00_gl0.50_pr5.00_c100","model7",0.287618233608691,0.0985401636939773,10,5,0.5,100,50,5,1,0.999513641393245,770.310154920114,0.00518409346452529,440.614527462332,10,0.2,7.63552247625574,0.75,NA,NA,NA,0.6,0.35
"nt","tl5.00_gl0.50_pr5.00_c100","model8",0.290628178662121,0.104987322968598,10,5,0.5,100,50,5,1,0.999458819085536,775.931495683896,0.00543148203551966,419.357246086865,10,0,8.48322991812365,0.95,NA,NA,NA,0.5,0.45
"nt","tl5.00_gl0.50_pr5.00_c100","model9",0.27441929960627,0.13217605799529,5,5,0.5,100,50,5,0.5,0.999798784562842,304.9847844999,0.00330394226381023,563.309809939101,10,0,11.033050338577,0.95,0,0.970148050562338,0.95,0.333333333333333,0.616666666666667
"nt","tl5.00_gl0.50_pr5.00_c200","model1",0.165156513733739,0.0737436417234571,10,5,0.5,200,50,5,1,0.99918928027968,742.532996023868,0.00771197147220003,387.601088582319,10,0.6,1.16421272136855,0.35,NA,NA,NA,0.6,0.35
"nt","tl5.00_gl0.50_pr5.00_c200","model10",0.158092458150051,0.0488863040339861,10,5,0.5,200,50,5,1,0.999407688153584,763.002333126686,0.00637433344659816,465.482805606301,10,0,19.018294953308,0.95,NA,NA,NA,0.5,0.45
"nt","tl5.00_gl0.50_pr5.00_c200","model11",0.154714782358807,0.0735401035096654,10,5,0.5,200,50,5,1,0.999158920994195,738.75126955187,0.0105860239586413,311.286620245219,10,0.2,0.431516965468882,0.75,NA,NA,NA,0.2,0.75
"nt","tl5.00_gl0.50_pr5.00_c200","model2",0.149889110470889,0.0383929144423178,10,5,0.5,200,50,5,1,0.999283274972042,802.598903715057,0.00719497435288462,433.364762647563,10,0.3,50.2602174154249,0.65,NA,NA,NA,0.3,0.65
"nt","tl5.00_gl0.50_pr5.00_c200","model3",0.166565019902423,0.0677891302768442,10,5,0.5,200,50,5,1,0.999252398455985,779.191327937781,0.00721840890497705,394.915190556102,10,0.6,1.13218715950409,0.35,0,0.541516114187621,0.95,0.3,0.65
"nt","tl5.00_gl0.50_pr5.00_c200","model4",0.182302793990058,0.0812422025415548,10,5,0.5,200,50,5,1,0.99950960612675,724.732097125218,0.00580676889303145,527.048747935482,10,0.2,6.95970015107945,0.75,NA,NA,NA,0.2,0.75
"nt","tl5.00_gl0.50_pr5.00_c200","model5",0.18028303853402,0.0850271871814677,10,5,0.5,200,50,5,1,0.999574434282613,728.677197159405,0.00533666866642183,480.516352977916,10,0.2,7.32637418951529,0.75,NA,NA,NA,0.4,0.55
"nt","tl5.00_gl0.50_pr5.00_c200","model6",0.154225986526337,0.0411887673557653,10,5,0.5,200,50,5,1,0.999417664811338,751.546984589182,0.00635669744224056,526.180793424472,10,0,14.6449438627003,0.95,NA,NA,NA,0,0.95
"nt","tl5.00_gl0.50_pr5.00_c200","model7",0.157666059783378,0.0510147961589249,10,5,0.5,200,50,5,1,0.999482082259672,795.437277661244,0.00591469165306346,523.741726156611,10,0,10.1567960463507,0.95,0,0.983702300698103,0.95,0.3,0.65
"nt","tl5.00_gl0.50_pr5.00_c200","model8",0.155597662095454,0.0494927755374813,10,5,0.5,200,50,5,1,0.999439459364195,812.89265081731,0.00638149732097873,456.467559405088,10,0,19.0801566981384,0.95,NA,NA,NA,0.45,0.5
"nt","tl5.00_gl0.50_pr5.00_c200","model9",0.145345427137075,0.00901797820248501,3,5,0.5,200,50,5,0.3,0.999769536703172,244.975241997145,0.00383293194586183,559.07793785978,10,0,10.806620317431,0.95,0,1.0558798115762,0.95,0.333333333333333,0.616666666666667
"nt","tl5.00_gl0.50_pr5.00_c25","model1",0.62497217848962,0.0628685502596723,10,5,0.5,25,50,5,1,0.999458824740671,736.26542376743,0.00598819920070687,408.748754269344,10,0.7,0.786084832528177,0.25,NA,NA,NA,0.7,0.25
"nt","tl5.00_gl0.50_pr5.00_c25","model10",0.60545428755781,0.0844842590884486,10,5,0.5,25,50,5,1,0.999573644191647,790.688863373765,0.0051749507032322,491.980690908401,10,0.2,7.62511930218101,0.75,NA,NA,NA,0.6,0.35
"nt","tl5.00_gl0.50_pr5.00_c25","model11",0.588962575427469,0.0589938037200259,10,5,0.5,25,50,5,1,0.999526787529056,721.943947439363,0.00576800792580873,208.798307703425,10,0.4,1.9367264143263,0.55,NA,NA,NA,0.4,0.55
"nt","tl5.00_gl0.50_pr5.00_c25","model12",0.641232349273717,0.0724211523367456,7,5,0.5,25,50,5,0.7,0.999783353818143,442.085822810374,0.00388563766349894,351.659941106113,10,0,11.3125119009662,0.95,NA,NA,NA,0,0.95
"nt","tl5.00_gl0.50_pr5.00_c25","model2",0.613195086148682,0.0818148751158498,10,5,0.5,25,50,5,1,0.999492538047806,743.198165325533,0.00574142512527473,468.033336869032,10,0.8,2.72739314259012,0.15,NA,NA,NA,0.8,0.15
"nt","tl5.00_gl0.50_pr5.00_c25","model3",0.623728137037964,0.0636111582077888,10,5,0.5,25,50,5,1,0.999475992508523,734.992277425784,0.00580562746141136,433.141580234559,10,0.7,0.917533903185057,0.25,0.8,0.360444990401528,0.15,0.75,0.2
"nt","tl5.00_gl0.50_pr5.00_c25","model4",0.597292670687057,0.0818455208320941,10,5,0.5,25,50,5,1,0.999545145174463,737.45994553502,0.00534736208734578,463.06401088035,10,0.1,7.90749626623309,0.85,NA,NA,NA,0.1,0.85
"nt","tl5.00_gl0.50_pr5.00_c25","model5",0.60585418147798,0.0815594872317609,10,5,0.5,25,50,5,1,0.999586340568445,755.971366296433,0.00522723306810959,512.415404967745,10,0.1,7.95174876151452,0.85,NA,NA,NA,0.55,0.4
"nt","tl5.00_gl0.50_pr5.00_c25","model6",0.598725071171188,0.081968420012775,10,5,0.5,25,50,5,1,0.999538958697663,739.839758500247,0.00551195903223247,487.265136780697,10,0.2,7.42058068787182,0.75,NA,NA,NA,0.2,0.75
"nt","tl5.00_gl0.50_pr5.00_c25","model7",0.607497881675555,0.0817356126037847,10,5,0.5,25,50,5,1,0.999664812792146,598.703983457737,0.00449355603656903,511.761883995293,10,0.1,8.80929799364652,0.85,0.333333333333333,1.05729055570326,0.616666666666667,0.477777777777778,0.472222222222222
"nt","tl5.00_gl0.50_pr5.00_c25","model8",0.605082504490941,0.0838541093322127,10,5,0.5,25,50,5,1,0.99956109867799,796.14693473528,0.00526494566812497,538.940892882089,10,0.2,7.38385075551122,0.75,NA,NA,NA,0.6,0.35
"nt","tl5.00_gl0.50_pr5.00_c25","model9",0.609101550575767,0.0891838587395926,10,5,0.5,25,50,5,1,0.999666677366075,745.697633153964,0.00451255217045438,539.252894202082,10,0,11.0984838048517,0.95,NA,NA,NA,0.5,0.45
"nt","tl5.00_gl0.50_pr5.00_c50","model1",0.494244862722871,0.113190611132936,10,5,0.5,50,50,5,1,0.999449225673749,748.896514300271,0.00572136812304244,315.291453309141,10,0.6,0.797727768275344,0.35,NA,NA,NA,0.6,0.35
"nt","tl5.00_gl0.50_pr5.00_c50","model10",0.47011493248259,0.115620344683477,10,5,0.5,50,50,5,1,0.999493510750954,785.320326386941,0.00551554745396902,425.526177323421,10,0.4,6.72790532368523,0.55,NA,NA,NA,0.7,0.25
"nt","tl5.00_gl0.50_pr5.00_c50","model11",0.47989517728908,0.0939172694086862,10,5,0.5,50,50,5,1,0.99941797679895,711.911648956859,0.00649837620322028,221.811266561342,10,0.3,0.80318432323808,0.65,NA,NA,NA,0.3,0.65
"nt","tl5.00_gl0.50_pr5.00_c50","model12",0.484081701558601,0.0943816451289748,7,5,0.5,50,50,5,0.7,0.999752687110866,411.869675311795,0.00410066833556115,326.654289767945,10,0,13.7564859394822,0.95,NA,NA,NA,0,0.95
"nt","tl5.00_gl0.50_pr5.00_c50","model2",0.470949975062393,0.127544858988492,10,5,0.5,50,50,5,1,0.999339462217931,769.617795162747,0.00628661135957375,441.291881893048,10,0.7,12.4937775828607,0.25,NA,NA,NA,0.7,0.25
"nt","tl5.00_gl0.50_pr5.00_c50","model3",0.482115821595159,0.111386370476641,10,5,0.5,50,50,5,1,0.999428556591362,761.692422325425,0.00588579245626028,362.98595147155,10,0.7,0.822301402024678,0.25,0.2,0.62159173397701,0.75,0.45,0.5
"nt","tl5.00_gl0.50_pr5.00_c50","model4",0.477279794998535,0.121346866811741,10,5,0.5,50,50,5,1,0.999561741875636,763.994291902447,0.0051698075886482,430.720255615552,10,0,7.72895356530642,0.95,NA,NA,NA,0,0.95
"nt","tl5.00_gl0.50_pr5.00_c50","model5",0.476159406621597,0.121884600333292,10,5,0.5,50,50,5,1,0.999607937926352,778.932897939854,0.00506038682755265,471.140606482738,10,0,7.96703627364475,0.95,NA,NA,NA,0.45,0.5
"nt","tl5.00_gl0.50_pr5.00_c50","model6",0.471057155030397,0.12230819425692,10,5,0.5,50,50,5,1,0.999454376904269,747.747598522857,0.0057281590661887,414.411321100801,10,0.4,6.5911270914911,0.55,NA,NA,NA,0.4,0.55
"nt","tl5.00_gl0.50_pr5.00_c50","model7",0.480884664284398,0.117849047940843,9,5,0.5,50,50,5,0.9,0.999568540265394,668.903105023287,0.00500820169561549,495.902530383759,10,0.1,7.77396072713224,0.85,0,0.8234556431534,0.95,0.5,0.45
"nt","tl5.00_gl0.50_pr5.00_c50","model8",0.469519538243033,0.11389877601214,10,5,0.5,50,50,5,1,0.999502771689361,753.595785535397,0.00543309840622976,415.28828842269,10,0.4,6.49968713177922,0.55,NA,NA,NA,0.65,0.3
"nt","tl5.00_gl0.50_pr5.00_c50","model9",0.471159153524389,0.114208356500313,10,5,0.5,50,50,5,1,0.999784416561901,638.231220841114,0.0035629241304479,535.24564695692,10,0,10.7999324655601,0.95,NA,NA,NA,0.45,0.5
"nt","tl5.00_gl1.00_pr1.00_c100","model1",0.271891804171356,0.0451329487679735,10,5,1,100,50,1,1,0.99929313243004,739.531613642718,0.00654496749657676,331.144035032813,10,0.5,2.53755897819338,0.45,NA,NA,NA,0.5,0.45
"nt","tl5.00_gl1.00_pr1.00_c100","model10",0.267523593258714,0.0579389449115668,10,5,1,100,50,1,1,0.99931426922642,813.194922053658,0.00666497809431926,389.532925429847,10,0.7,15.7429364665243,0.25,NA,NA,NA,0.85,0.1
"nt","tl5.00_gl1.00_pr1.00_c100","model11",0.240866862493296,0.0597612647445595,10,5,1,100,50,1,1,0.99927583369775,749.169193063636,0.00821725050044298,222.79238550796,10,0.3,0.764652453860223,0.65,NA,NA,NA,0.3,0.65
"nt","tl5.00_gl1.00_pr1.00_c100","model12",0.258717353403761,0.0362031336871059,7,5,1,100,50,1,0.7,0.99958670224134,632.541881951147,0.00565184120953574,345.119854869136,10,0,13.2847378423098,0.95,NA,NA,NA,0,0.95
"nt","tl5.00_gl1.00_pr1.00_c100","model2",0.2644284016207,0.0538325173996484,10,5,1,100,50,1,1,0.999293561763214,734.584728503186,0.00634821552034347,408.192625719277,10,0.4,30.4394436353718,0.55,NA,NA,NA,0.4,0.55
"nt","tl5.00_gl1.00_pr1.00_c100","model3",0.269869992588332,0.0508132910792847,10,5,1,100,50,1,1,0.99935883543289,764.598033394139,0.00603476988792452,338.448685558974,10,0.5,2.44113386422987,0.45,1,0.00894673821565138,0.05,0.75,0.2
"nt","tl5.00_gl1.00_pr1.00_c100","model4",0.268873300257427,0.0412456092782944,10,5,1,100,50,1,1,0.999376038493173,775.003535504981,0.00617243268292008,377.834797516037,10,0.7,1.79847908628979,0.25,NA,NA,NA,0.7,0.25
"nt","tl5.00_gl1.00_pr1.00_c100","model5",0.26850063467582,0.0439061878848303,10,5,1,100,50,1,1,0.999400827607907,803.79834151059,0.00591079563153379,390.09236777769,10,0.7,1.67622739687404,0.25,NA,NA,NA,0.8,0.15
"nt","tl5.00_gl1.00_pr1.00_c100","model6",0.266486331347525,0.0544426363342647,10,5,1,100,50,1,1,0.999300528427337,770.837049910354,0.00637622904909003,383.959326188173,10,0.7,16.6612581223487,0.25,NA,NA,NA,0.7,0.25
"nt","tl5.00_gl1.00_pr1.00_c100","model7",0.267998371256226,0.0624922554608625,10,5,1,100,50,1,1,0.99950431802017,777.387862307441,0.00530748668806984,444.158470193786,10,0.8,5.61277031930183,0.15,NA,NA,NA,0.9,0.0499999999999999
"nt","tl5.00_gl1.00_pr1.00_c100","model8",0.267070482331071,0.0545786516468347,10,5,1,100,50,1,1,0.99937753435591,843.332359527794,0.00614886007438992,388.670347336341,10,0.7,16.2370071937587,0.25,NA,NA,NA,0.85,0.1
"nt","tl5.00_gl1.00_pr1.00_c100","model9",0.265107647070689,0.00668029673573184,5,5,1,100,50,1,0.5,0.999898600462019,261.517715742679,0.0036618103200234,555.096843541008,10,0.4,5.64056315908238,0.55,NA,NA,NA,0.7,0.25
"nt","tl5.00_gl1.00_pr1.00_c200","model1",0.196486389874664,0.0993153726278135,10,5,1,200,50,1,1,0.999260894736073,763.512109881979,0.00751850897687351,386.77698146053,10,0.2,2.41543384546256,0.75,NA,NA,NA,0.2,0.75
"nt","tl5.00_gl1.00_pr1.00_c200","model10",0.19041826518739,0.0549025407390138,10,5,1,200,50,1,1,0.999289138326981,779.32719392392,0.0077406253579166,459.988664105408,10,0.3,38.5174479846864,0.65,NA,NA,NA,0.6,0.35
"nt","tl5.00_gl1.00_pr1.00_c200","model11",0.186890470852091,0.107523712923461,10,5,1,200,50,1,1,0.999159910048495,739.432400029156,0.0103225713891183,318.379298518958,10,0.4,0.763392392069281,0.55,NA,NA,NA,0.4,0.55
"nt","tl5.00_gl1.00_pr1.00_c200","model2",0.191368227507629,0.0475262705960414,10,5,1,200,50,1,1,0.999158832101874,760.946864393187,0.00824601315915906,445.553584729746,10,0.2,58.7605370658887,0.75,NA,NA,NA,0.2,0.75
"nt","tl5.00_gl1.00_pr1.00_c200","model3",0.197689699192994,0.0904233506889146,10,5,1,200,50,1,1,0.999256162961333,750.537737386622,0.00725176235496656,384.692035272465,10,0.2,2.37209184718348,0.75,0.9,0.00873324585957679,0.0499999999999999,0.55,0.4
"nt","tl5.00_gl1.00_pr1.00_c200","model4",0.197878997657989,0.101108804038706,10,5,1,200,50,1,1,0.999239821071328,780.52791443713,0.00771522664379073,403.76275596708,10,0.3,2.17583182904399,0.65,NA,NA,NA,0.3,0.65
"nt","tl5.00_gl1.00_pr1.00_c200","model5",0.198160821525938,0.0972848375203305,10,5,1,200,50,1,1,0.999273571166149,747.134406481327,0.00731517172576887,401.399406921093,10,0.3,2.03755697665535,0.65,NA,NA,NA,0.6,0.35
"nt","tl5.00_gl1.00_pr1.00_c200","model6",0.189607464358853,0.0530499557745827,10,5,1,200,50,1,1,0.999270774127412,798.471657279541,0.00742927577848843,455.513228968739,10,0.3,37.964257468527,0.65,NA,NA,NA,0.3,0.65
"nt","tl5.00_gl1.00_pr1.00_c200","model7",0.189679424435724,0.0597682853845384,10,5,1,200,50,1,1,0.999441073169968,863.653140985512,0.00623340050296989,496.299983353376,10,0.3,14.7606826646119,0.65,1,0.00471030645426668,0.05,0.733333333333333,0.216666666666667
"nt","tl5.00_gl1.00_pr1.00_c200","model8",0.19035064255654,0.0549130576280436,10,5,1,200,50,1,1,0.999216502419856,769.456570232965,0.00788878604019776,430.8667282735,10,0.3,38.0855438682572,0.65,NA,NA,NA,0.6,0.35
"nt","tl5.00_gl1.00_pr1.00_c25","model1",0.567852472247899,0.148932176564913,10,5,1,25,50,1,1,0.999449940036615,771.238829774736,0.00596524792381373,395.481549025795,10,0.5,1.81257823416008,0.45,NA,NA,NA,0.5,0.45
"nt","tl5.00_gl1.00_pr1.00_c25","model10",0.55123565232012,0.109138144112039,10,5,1,25,50,1,1,0.999603978186752,795.815618396833,0.00503750271964386,472.996406416957,10,0.8,4.03261272883825,0.15,NA,NA,NA,0.9,0.0499999999999999
"nt","tl5.00_gl1.00_pr1.00_c25","model11",0.522827013193554,0.149821230237717,10,5,1,25,50,1,1,0.999516066051746,722.068720675315,0.00570175323472819,217.639288249947,10,0.5,0.928822809340622,0.45,NA,NA,NA,0.5,0.45
"nt","tl5.00_gl1.00_pr1.00_c25","model12",0.529047876838269,0.107098354702338,6,5,1,25,50,1,0.6,0.999677464425214,486.213934013409,0.00465327419194017,275.301831069056,10,0,9.33947784415849,0.95,NA,NA,NA,0,0.95
"nt","tl5.00_gl1.00_pr1.00_c25","model2",0.559220513627802,0.109151848291835,10,5,1,25,50,1,1,0.999445216019769,785.529810982703,0.00596149806074798,403.524286503802,10,0.8,5.39956807785738,0.15,NA,NA,NA,0.8,0.15
"nt","tl5.00_gl1.00_pr1.00_c25","model3",0.565317022596663,0.144591940820397,10,5,1,25,50,1,1,0.999497871747715,736.694030763284,0.00566828037409495,406.704778817928,10,0.6,1.54114041600052,0.35,0.9,0.0645754665208166,0.0499999999999999,0.75,0.2
"nt","tl5.00_gl1.00_pr1.00_c25","model4",0.566732711851367,0.135817664972026,10,5,1,25,50,1,1,0.999500187810937,782.064103149529,0.00564579957281475,386.38929620766,10,0.8,3.85039268553285,0.15,NA,NA,NA,0.8,0.15
"nt","tl5.00_gl1.00_pr1.00_c25","model5",0.563678804260737,0.133727140846665,10,5,1,25,50,1,1,0.999512219874002,803.877999925862,0.00567707125168493,463.831909146329,10,0.8,3.57517344396409,0.15,NA,NA,NA,0.75,0.2
"nt","tl5.00_gl1.00_pr1.00_c25","model6",0.560896082271748,0.104056325176882,10,5,1,25,50,1,1,0.999511088268423,752.042368001328,0.00570765340757802,430.696595544604,10,0.8,4.50813984505955,0.15,NA,NA,NA,0.8,0.15
"nt","tl5.00_gl1.00_pr1.00_c25","model7",0.554237936248133,0.105718114327899,10,5,1,25,50,1,1,0.999613086187006,683.384230709522,0.00487393126940164,445.426927227335,10,0.6,3.83433686645813,0.35,NA,NA,NA,0.8,0.15
"nt","tl5.00_gl1.00_pr1.00_c25","model8",0.55823388233137,0.107740509864077,10,5,1,25,50,1,1,0.999470190721097,798.273355555718,0.0057557757706217,442.988348120257,10,0.8,4.09388501856774,0.15,NA,NA,NA,0.9,0.0499999999999999
"nt","tl5.00_gl1.00_pr1.00_c25","model9",0.558570246449551,0.1039395013591,9,5,1,25,50,1,0.9,0.999791466005744,628.028396151651,0.0035833266232441,552.88123815929,10,0.2,6.40471687815226,0.75,NA,NA,NA,0.611111111111111,0.338888888888889
"nt","tl5.00_gl1.00_pr1.00_c50","model1",0.457574003373926,0.107598512028951,10,5,1,50,50,1,1,0.999382301055444,704.557988793298,0.00617633044087739,336.25604241034,10,0.7,2.41995087877074,0.25,NA,NA,NA,0.7,0.25
"nt","tl5.00_gl1.00_pr1.00_c50","model10",0.450564211575547,0.0800457955853949,10,5,1,50,50,1,1,0.999502408341076,859.277355364352,0.00547121255192846,393.915639477643,10,0.7,6.94983178045762,0.25,NA,NA,NA,0.75,0.2
"nt","tl5.00_gl1.00_pr1.00_c50","model11",0.410374049223534,0.0880458795166667,10,5,1,50,50,1,1,0.999551422385405,721.431032680945,0.0065561385639643,140.579448825621,10,0.5,0.750850300837989,0.45,NA,NA,NA,0.5,0.45
"nt","tl5.00_gl1.00_pr1.00_c50","model12",0.389631405791041,0.0975005335091188,7,5,1,50,50,1,0.7,0.999647962829271,599.129798133179,0.00533509427662737,246.551034272457,10,0,12.6847945322059,0.95,NA,NA,NA,0,0.95
"nt","tl5.00_gl1.00_pr1.00_c50","model2",0.451798864421066,0.0904499305481605,10,5,1,50,50,1,1,0.999408935194022,768.135031997574,0.00614779565471787,389.2333709249,10,0.6,17.7790979273257,0.35,NA,NA,NA,0.6,0.35
"nt","tl5.00_gl1.00_pr1.00_c50","model3",0.457860989666054,0.108967612792979,10,5,1,50,50,1,1,0.999445109836733,725.65183836303,0.00588084067612581,336.371183098322,10,0.7,2.35161631608617,0.25,0.8,0.0747046027554244,0.15,0.75,0.2
"nt","tl5.00_gl1.00_pr1.00_c50","model4",0.457696418456084,0.114298583327237,10,5,1,50,50,1,1,0.999424711853212,776.746227092506,0.00598921453338215,311.831563460291,10,0.7,0.823058015538446,0.25,NA,NA,NA,0.7,0.25
"nt","tl5.00_gl1.00_pr1.00_c50","model5",0.456423032538273,0.108717505695396,10,5,1,50,50,1,1,0.999482667022969,768.968427386906,0.00558820650390016,305.984813284529,10,0.8,0.74820847006458,0.15,NA,NA,NA,0.7,0.25
"nt","tl5.00_gl1.00_pr1.00_c50","model6",0.4523665040001,0.0820900594487766,10,5,1,50,50,1,1,0.9994061655093,758.273985098861,0.00623069909337468,387.102542062202,10,0.6,8.6636684998377,0.35,NA,NA,NA,0.6,0.35
"nt","tl5.00_gl1.00_pr1.00_c50","model7",0.454256149500006,0.0791399319356644,10,5,1,50,50,1,1,0.999629739884748,672.397497632367,0.00473543552764708,461.490545420983,10,0.7,3.91509966582671,0.25,1,0.00234271196512235,0.05,0.866666666666667,0.0833333333333333
"nt","tl5.00_gl1.00_pr1.00_c50","model8",0.45518855128445,0.0810191350934586,10,5,1,50,50,1,1,0.99939628831924,790.889060811517,0.00621050725804644,336.216251942447,10,0.6,8.20228043221276,0.35,NA,NA,NA,0.65,0.3
"nt","tl5.00_gl1.00_pr1.00_c50","model9",0.425483609832082,0.0784265578919685,8,5,1,50,50,1,0.8,0.999857244637128,435.150311964108,0.00290103049349131,490.999773623347,10,0.4,5.97219764419776,0.55,NA,NA,NA,0.6875,0.2625
"nt","tl5.00_gl1.00_pr2.50_c100","model1",0.303321909501687,0.0552381080106689,10,5,1,100,50,2.5,1,0.999276348916641,718.300095898377,0.00682878432004521,300.177469430693,10,0.5,1.71817210714698,0.45,NA,NA,NA,0.5,0.45
"nt","tl5.00_gl1.00_pr2.50_c100","model10",0.287298091693235,0.0511550683755964,10,5,1,100,50,2.5,1,0.999355286446381,792.448589847358,0.00616270557403981,365.996266053823,10,0.3,10.5887671154605,0.65,NA,NA,NA,0.55,0.4
"nt","tl5.00_gl1.00_pr2.50_c100","model11",0.279448428334669,0.0873262884518055,10,5,1,100,50,2.5,1,0.999287814515174,705.689583832852,0.00784157585859875,189.227134040391,10,0.5,0.533572131879156,0.45,NA,NA,NA,0.5,0.45
"nt","tl5.00_gl1.00_pr2.50_c100","model12",0.281132888474579,0.0558286197328054,8,5,1,100,50,2.5,0.8,0.999577194966538,588.860963558037,0.0058257772820117,299.010024295264,10,0,13.5440338963557,0.95,NA,NA,NA,0,0.95
"nt","tl5.00_gl1.00_pr2.50_c100","model2",0.280812756498044,0.047798378864833,10,5,1,100,50,2.5,1,0.999266882555605,743.750798103738,0.00655297232549045,309.923201723914,10,0.4,30.9065898605571,0.55,NA,NA,NA,0.4,0.55
"nt","tl5.00_gl1.00_pr2.50_c100","model3",0.306161197410263,0.0527909065413886,10,5,1,100,50,2.5,1,0.999278646447713,705.33401244773,0.0067183349235763,307.235436141575,10,0.5,1.60656656057343,0.45,0.7,0.0182476010770213,0.25,0.6,0.35
"nt","tl5.00_gl1.00_pr2.50_c100","model4",0.303058902239415,0.0562205743044823,10,5,1,100,50,2.5,1,0.999485246330853,810.152087197844,0.00559521197551165,379.708899006695,10,0.2,2.75212228021498,0.75,NA,NA,NA,0.2,0.75
"nt","tl5.00_gl1.00_pr2.50_c100","model5",0.301947593234349,0.0588569295315925,10,5,1,100,50,2.5,1,0.999510573163625,825.843157436769,0.00548662122969369,414.979839942647,10,0.2,2.69747871273943,0.75,NA,NA,NA,0.55,0.4
"nt","tl5.00_gl1.00_pr2.50_c100","model6",0.28180821480681,0.049235302775409,10,5,1,100,50,2.5,1,0.99937787228781,806.756453162042,0.00612807712876178,397.142604812237,10,0.3,11.8067115517671,0.65,NA,NA,NA,0.3,0.65
"nt","tl5.00_gl1.00_pr2.50_c100","model7",0.284229339055425,0.0477345221575215,10,5,1,100,50,2.5,1,0.999555266325783,780.996785963149,0.00488386737415066,433.422243826617,10,0.3,5.72258753147186,0.65,NA,NA,NA,0.65,0.3
"nt","tl5.00_gl1.00_pr2.50_c100","model8",0.282309988470216,0.0505757868017414,10,5,1,100,50,2.5,1,0.999364238817622,806.131964086847,0.00625974803965736,368.766478420642,10,0.3,11.1483979859122,0.65,NA,NA,NA,0.65,0.3
"nt","tl5.00_gl1.00_pr2.50_c100","model9",0.288362819397766,0.0563828157751856,6,5,1,100,50,2.5,0.6,0.999798146206459,273.163286201374,0.00328818199629967,574.354728369874,10,0,6.88906418196795,0.95,1,0.01520064792476,0.05,0.666666666666667,0.283333333333333
"nt","tl5.00_gl1.00_pr2.50_c200","model1",0.208618391326438,0.0797943315911097,10,5,1,200,50,2.5,1,0.999258005472786,727.893848626476,0.00694799511303945,397.03570868835,10,0.2,3.0938046921615,0.75,NA,NA,NA,0.2,0.75
"nt","tl5.00_gl1.00_pr2.50_c200","model10",0.184490719761403,0.0893514603535355,10,5,1,200,50,2.5,1,0.99939971657715,862.201109706499,0.00697064139676524,471.492872361843,10,0.3,47.7716746144528,0.65,NA,NA,NA,0.6,0.35
"nt","tl5.00_gl1.00_pr2.50_c200","model11",0.202375129177114,0.0603916032346265,10,5,1,200,50,2.5,1,0.999262342862097,788.132800853123,0.00949796145072796,264.547980745549,10,0.3,1.16528380216702,0.65,NA,NA,NA,0.3,0.65
"nt","tl5.00_gl1.00_pr2.50_c200","model2",0.186594714878711,0.0912865317215494,10,5,1,200,50,2.5,1,0.999260181299223,720.019250645273,0.00746949741488685,481.013397160899,10,0.3,68.7376594581928,0.65,NA,NA,NA,0.3,0.65
"nt","tl5.00_gl1.00_pr2.50_c200","model3",0.210180176476086,0.0791579106669107,10,5,1,200,50,2.5,1,0.999246297160869,775.031307038245,0.00768816099396013,388.78027452091,10,0.2,3.07537815037703,0.75,1,0.00366010141677621,0.05,0.6,0.35
"nt","tl5.00_gl1.00_pr2.50_c200","model4",0.19781469359542,0.0975336641078141,10,5,1,200,50,2.5,1,0.999314234135724,741.779824643101,0.00718056136436277,448.706030878898,10,0.1,3.92149947569455,0.85,NA,NA,NA,0.1,0.85
"nt","tl5.00_gl1.00_pr2.50_c200","model5",0.192368000161765,0.0983318301677737,10,5,1,200,50,2.5,1,0.999340045966686,742.770712474037,0.00707064518906799,455.473161016381,10,0.1,3.92085945043855,0.85,NA,NA,NA,0.55,0.4
"nt","tl5.00_gl1.00_pr2.50_c200","model6",0.185283902414651,0.0869572701309444,10,5,1,200,50,2.5,1,0.999344179189132,838.52295987737,0.00716344015167251,496.002422204615,10,0.3,49.2312230633107,0.65,NA,NA,NA,0.3,0.65
"nt","tl5.00_gl1.00_pr2.50_c200","model7",0.185996756672763,0.0929355636779106,10,5,1,200,50,2.5,1,0.999367300085898,830.504174251562,0.00720881833266221,459.435516766518,10,0.2,27.2395332745163,0.75,0.5,0.0124328532884829,0.45,0.533333333333333,0.416666666666667
"nt","tl5.00_gl1.00_pr2.50_c200","model8",0.185076858715206,0.0854410868437317,10,5,1,200,50,2.5,1,0.999326397777973,810.648538399154,0.00708476558534089,453.178577730798,10,0.3,48.3291675793572,0.65,NA,NA,NA,0.6,0.35
"nt","tl5.00_gl1.00_pr2.50_c200","model9",0.205366147251143,0.0318026525813004,2,5,1,200,50,2.5,0.2,0.999772132125178,178.861944563911,0.00386638905939789,508.360387007123,10,0.1,6.87017727826571,0.85,0.888888888888889,0.00672028734906722,0.0611111111111111,0.666666666666667,0.283333333333333
"nt","tl5.00_gl1.00_pr2.50_c25","model1",0.60112597400572,0.0970662199312096,10,5,1,25,50,2.5,1,0.999455365364535,717.408514683625,0.00598278378821878,461.320548484123,10,0.8,1.44195752015692,0.15,NA,NA,NA,0.8,0.15
"nt","tl5.00_gl1.00_pr2.50_c25","model10",0.576838110284877,0.0703488514444356,10,5,1,25,50,2.5,1,0.999598549418295,823.809787753464,0.00507787408596145,494.948126523738,10,0.4,4.26586234025785,0.55,NA,NA,NA,0.7,0.25
"nt","tl5.00_gl1.00_pr2.50_c25","model11",0.567509269726813,0.0993592341594295,10,5,1,25,50,2.5,1,0.999587452477737,757.669496019696,0.00556349806563538,215.485501935903,10,0.4,1.20925964556848,0.55,NA,NA,NA,0.4,0.55
"nt","tl5.00_gl1.00_pr2.50_c25","model12",0.587038381514997,0.0433284640932451,5,5,1,25,50,2.5,0.5,0.99977332936476,515.332071906526,0.00391143232902311,348.78277280517,10,0,10.0049017089702,0.95,NA,NA,NA,0,0.95
"nt","tl5.00_gl1.00_pr2.50_c25","model2",0.578835212052247,0.0827102664480736,10,5,1,25,50,2.5,1,0.999512404923879,769.237440928219,0.00562157073422287,458.043918493931,10,0.7,6.11096482550267,0.25,NA,NA,NA,0.7,0.25
"nt","tl5.00_gl1.00_pr2.50_c25","model3",0.601153059536925,0.100755304435679,10,5,1,25,50,2.5,1,0.999519136047999,802.275059249206,0.00568752323551015,485.383271994905,10,0.7,1.40618391374931,0.25,0.8,0.0539811919971106,0.15,0.75,0.2
"nt","tl5.00_gl1.00_pr2.50_c25","model4",0.598493708557461,0.0918755047013785,10,5,1,25,50,2.5,1,0.999558154171094,812.360311577474,0.00534995980499621,455.319669585236,10,0.3,3.98962592569123,0.65,NA,NA,NA,0.3,0.65
"nt","tl5.00_gl1.00_pr2.50_c25","model5",0.59505877729352,0.093639516657422,10,5,1,25,50,2.5,1,0.99956672841565,814.064138565301,0.00534865400180452,454.525483477812,10,0.3,4.2985069449562,0.65,NA,NA,NA,0.6,0.35
"nt","tl5.00_gl1.00_pr2.50_c25","model6",0.568845691189105,0.0693217056490308,10,5,1,25,50,2.5,1,0.999547536530398,811.694847364609,0.00542094494859771,435.660079259627,10,0.4,4.11096959115183,0.55,NA,NA,NA,0.4,0.55
"nt","tl5.00_gl1.00_pr2.50_c25","model7",0.589445370785969,0.0570114292023202,9,5,1,25,50,2.5,0.9,0.999665647449031,594.551225258019,0.00463572970668234,541.191868782172,10,0.4,5.33916500471792,0.55,1,0.00839699451838775,0.05,0.777777777777778,0.172222222222222
"nt","tl5.00_gl1.00_pr2.50_c25","model8",0.580773302343664,0.0741607423050664,10,5,1,25,50,2.5,1,0.999530880217952,787.010155415232,0.00559502042337624,452.320839334886,10,0.4,4.26637265446489,0.55,NA,NA,NA,0.65,0.3
"nt","tl5.00_gl1.00_pr2.50_c25","model9",0.580484613781715,0.0748475229209558,10,5,1,25,50,2.5,1,0.99972170918468,638.68551542457,0.00405441099251259,514.266237803581,10,0,8.92116507179982,0.95,NA,NA,NA,0.45,0.5
"nt","tl5.00_gl1.00_pr2.50_c50","model1",0.464355495205646,0.0535087125112182,10,5,1,50,50,2.5,1,0.999442302695924,744.064835275613,0.00592519062276658,318.857254088394,10,0.6,1.29339759140221,0.35,NA,NA,NA,0.6,0.35
"nt","tl5.00_gl1.00_pr2.50_c50","model10",0.444493981695423,0.0160440640261035,10,5,1,50,50,2.5,1,0.999494055981544,813.97122907746,0.00561532332551986,428.298987942163,10,0.3,4.55962302583119,0.65,NA,NA,NA,0.65,0.3
"nt","tl5.00_gl1.00_pr2.50_c50","model11",0.416615310920583,0.0578312580767165,10,5,1,50,50,2.5,1,0.999431480957359,710.051546304081,0.00607836229875439,156.002444566108,10,0.4,0.483409360605377,0.55,NA,NA,NA,0.4,0.55
"nt","tl5.00_gl1.00_pr2.50_c50","model12",0.442852900238338,0.0445206882731871,8,5,1,50,50,2.5,0.8,0.99962530792878,559.643283088311,0.00533438140479411,193.018521286448,10,0,12.8920686925351,0.95,NA,NA,NA,0,0.95
"nt","tl5.00_gl1.00_pr2.50_c50","model2",0.451876101245693,0.0291501875361326,10,5,1,50,50,2.5,1,0.999403653894252,766.715105492923,0.00613262785505825,421.822542926764,10,0.4,11.876962319101,0.55,NA,NA,NA,0.4,0.55
"nt","tl5.00_gl1.00_pr2.50_c50","model3",0.465715452378529,0.0510523843163407,10,5,1,50,50,2.5,1,0.999418345117385,702.645632242631,0.00606901181304841,301.926953600066,10,0.6,1.12205580599395,0.35,0.8,0.0771099749918248,0.15,0.7,0.25
"nt","tl5.00_gl1.00_pr2.50_c50","model4",0.458875671487764,0.053173673906114,10,5,1,50,50,2.5,1,0.999432861771535,770.590362322322,0.00597601549613667,353.738410691822,10,0.4,2.25229579036002,0.55,NA,NA,NA,0.4,0.55
"nt","tl5.00_gl1.00_pr2.50_c50","model5",0.454836199712063,0.0513452461167236,10,5,1,50,50,2.5,1,0.999551668503321,837.105837924954,0.00526503470354244,405.407529374589,10,0.4,2.38384022791729,0.55,NA,NA,NA,0.65,0.3
"nt","tl5.00_gl1.00_pr2.50_c50","model6",0.440205475494602,0.0229329799518035,10,5,1,50,50,2.5,1,0.999437099935884,769.479203945426,0.0058830586191077,384.637689221931,10,0.3,4.84904057223289,0.65,NA,NA,NA,0.3,0.65
"nt","tl5.00_gl1.00_pr2.50_c50","model7",0.449061988265601,0.014129393485204,9,5,1,50,50,2.5,0.9,0.99957434299218,726.285579122896,0.00494222812472065,428.503573803322,10,0.5,3.52353157528669,0.45,1,0.010990307549475,0.05,0.851851851851852,0.0981481481481481
"nt","tl5.00_gl1.00_pr2.50_c50","model8",0.445290546677785,0.0191259207381371,10,5,1,50,50,2.5,1,0.999459802194618,835.565178141866,0.00568858360422779,426.736501422398,10,0.3,4.57927683989997,0.65,NA,NA,NA,0.65,0.3
"nt","tl5.00_gl1.00_pr2.50_c50","model9",0.446142068963591,0.0118657276709567,8,5,1,50,50,2.5,0.8,0.999818909651394,531.797858090904,0.00324962571848048,564.793685984783,10,0,7.99474878191713,0.95,NA,NA,NA,0.5,0.45
"nt","tl5.00_gl1.00_pr5.00_c100","model1",0.301410117087557,0.073663922030396,10,5,1,100,50,5,1,0.999344024802493,768.222000442279,0.00639579132723329,336.79329034522,10,0.7,1.32606570423236,0.25,NA,NA,NA,0.7,0.25
"nt","tl5.00_gl1.00_pr5.00_c100","model10",0.277740851370586,0.0637269979676657,10,5,1,100,50,5,1,0.999402257591986,763.734946060969,0.00595118427492486,502.547390381058,10,0,13.7425671998443,0.95,NA,NA,NA,0.5,0.45
"nt","tl5.00_gl1.00_pr5.00_c100","model11",0.281088329728606,0.121607287511443,10,5,1,100,50,5,1,0.999370686431888,750.046791742265,0.00726844022338462,179.95795741379,10,0.4,0.624326833819921,0.55,NA,NA,NA,0.4,0.55
"nt","tl5.00_gl1.00_pr5.00_c100","model12",0.306871641442358,0.0728124976324417,7,5,1,100,50,5,0.7,0.999656456920263,407.147797171139,0.00514333079831491,293.159566463131,10,0,14.0898801074044,0.95,NA,NA,NA,0,0.95
"nt","tl5.00_gl1.00_pr5.00_c100","model2",0.280195537967422,0.0762365641486825,10,5,1,100,50,5,1,0.99929238268111,759.137014319838,0.00645607723492265,433.503728622615,10,0.4,37.6493563757676,0.55,NA,NA,NA,0.4,0.55
"nt","tl5.00_gl1.00_pr5.00_c100","model3",0.299524736230125,0.0740871929960218,10,5,1,100,50,5,1,0.99937001505345,797.440107178481,0.00628058630788457,307.022333604048,10,0.7,1.2348349181499,0.25,0.7,0.025393095252484,0.25,0.7,0.25
"nt","tl5.00_gl1.00_pr5.00_c100","model4",0.291107184375642,0.0669357280827447,10,5,1,100,50,5,1,0.999570141897166,737.543367262128,0.00509055673374511,437.805534752448,10,0,7.26868687395397,0.95,NA,NA,NA,0,0.95
"nt","tl5.00_gl1.00_pr5.00_c100","model5",0.289963124601353,0.0604894604927247,10,5,1,100,50,5,1,0.999563186549885,723.343020683059,0.00508652861206526,441.644138693588,10,0,7.39047209384399,0.95,NA,NA,NA,0.45,0.5
"nt","tl5.00_gl1.00_pr5.00_c100","model6",0.281579709485057,0.0651259294051627,10,5,1,100,50,5,1,0.999402010470229,778.088909707695,0.00612685903529256,472.865175166857,10,0,14.0685648462965,0.95,NA,NA,NA,0,0.95
"nt","tl5.00_gl1.00_pr5.00_c100","model7",0.280716883396553,0.0636794027658307,10,5,1,100,50,5,1,0.9994956915351,772.568527452004,0.00542199020931439,507.104862521887,10,0.1,9.01389634527896,0.85,NA,NA,NA,0.55,0.4
"nt","tl5.00_gl1.00_pr5.00_c100","model8",0.278254913996895,0.0683445091943046,10,5,1,100,50,5,1,0.999387871064926,766.545796909177,0.00608393413088669,466.330539420566,10,0,14.1444538618697,0.95,NA,NA,NA,0.5,0.45
"nt","tl5.00_gl1.00_pr5.00_c100","model9",0.282620934316193,0.0660681266784166,7,5,1,100,50,5,0.7,0.999800075102657,378.875051237889,0.00336939640565978,572.400099882143,10,0,10.7388459707137,0.95,1,0.00125517603787359,0.05,0.5,0.45
"nt","tl5.00_gl1.00_pr5.00_c200","model1",0.189839734539005,0.0861987367936917,10,5,1,200,50,5,1,0.99919900205387,696.37832870442,0.00822836498031382,436.861273708388,10,0.3,1.39275552514879,0.65,NA,NA,NA,0.3,0.65
"nt","tl5.00_gl1.00_pr5.00_c200","model10",0.158721461071323,0.0354537907224596,10,5,1,200,50,5,1,0.99943422319513,784.486661980624,0.00648502313179209,480.155500985627,10,0,18.4484250505729,0.95,NA,NA,NA,0.45,0.5
"nt","tl5.00_gl1.00_pr5.00_c200","model11",0.175355012450167,0.0926614611078763,10,5,1,200,50,5,1,0.999168892172116,716.31844240004,0.0110912178294022,276.18137119841,10,0.4,0.470564893080197,0.55,NA,NA,NA,0.4,0.55
"nt","tl5.00_gl1.00_pr5.00_c200","model2",0.166351601209867,0.0382920087487131,10,5,1,200,50,5,1,0.999302730708277,755.105999918822,0.00720469841106991,484.735437576366,10,0.3,51.2998779363913,0.65,NA,NA,NA,0.3,0.65
"nt","tl5.00_gl1.00_pr5.00_c200","model3",0.188042369300347,0.0873111058363155,10,5,1,200,50,5,1,0.999218982715227,766.261720675466,0.00786643054555202,419.759919892894,10,0.2,1.36070454817863,0.75,0.7,0.0140006315043987,0.25,0.45,0.5
"nt","tl5.00_gl1.00_pr5.00_c200","model4",0.174265319745443,0.0653475556029963,10,5,1,200,50,5,1,0.999528063277857,716.069029832219,0.00592539669765951,521.13935469118,10,0.1,7.57925858395806,0.85,NA,NA,NA,0.1,0.85
"nt","tl5.00_gl1.00_pr5.00_c200","model5",0.174859847433132,0.069553353790484,10,5,1,200,50,5,1,0.999548899852121,715.196348445917,0.00560370765530099,481.705231587455,10,0.1,7.67909128602339,0.85,NA,NA,NA,0.5,0.45
"nt","tl5.00_gl1.00_pr5.00_c200","model6",0.160522119355314,0.040805520225172,10,5,1,200,50,5,1,0.999423920877239,825.687474899004,0.00650963845718509,484.256179318324,10,0,19.2743788343153,0.95,NA,NA,NA,0,0.95
"nt","tl5.00_gl1.00_pr5.00_c200","model7",0.159611592989788,0.0360089621509326,10,5,1,200,50,5,1,0.999508050477479,801.790464789889,0.00613038782351492,518.214645863771,10,0.1,10.5904180124799,0.85,0,0.0281705009066413,0.95,0.333333333333333,0.616666666666667
"nt","tl5.00_gl1.00_pr5.00_c200","model8",0.158736602634339,0.0374106715749506,10,5,1,200,50,5,1,0.999417126809161,736.942037030807,0.00640371387765473,508.603254639524,10,0,18.9449591109222,0.95,NA,NA,NA,0.45,0.5
"nt","tl5.00_gl1.00_pr5.00_c200","model9",0.159572121911787,0.0233076813033558,4,5,1,200,50,5,0.4,0.999774202241572,236.15623552433,0.00381281651704632,545.001139944116,10,0,11.1651495090522,0.95,0.666666666666667,0.00955464669078936,0.283333333333333,0.5,0.45
"nt","tl5.00_gl1.00_pr5.00_c25","model1",0.637716659241514,0.0705583500727185,10,5,1,25,50,5,1,0.999479593957592,740.538006917975,0.00578505457993184,384.334506253387,10,0.6,1.06845694770426,0.35,NA,NA,NA,0.6,0.35
"nt","tl5.00_gl1.00_pr5.00_c25","model10",0.595620056501232,0.0395353324201181,10,5,1,25,50,5,1,0.999572469257633,788.820355353024,0.00527088615776897,496.434897292393,10,0.4,6.56176443841739,0.55,NA,NA,NA,0.7,0.25
"nt","tl5.00_gl1.00_pr5.00_c25","model11",0.618060164273569,0.0963899964645437,10,5,1,25,50,5,1,0.999615631837146,738.606951035672,0.00520896438770615,221.871847299951,10,0.4,1.71918677619818,0.55,NA,NA,NA,0.4,0.55
"nt","tl5.00_gl1.00_pr5.00_c25","model12",0.635420637754889,0.0705608952810713,8,5,1,25,50,5,0.8,0.999768357946769,473.648579416129,0.00414106397838487,302.052029779184,10,0,10.8838776131778,0.95,NA,NA,NA,0,0.95
"nt","tl5.00_gl1.00_pr5.00_c25","model2",0.608013725377197,0.0444783202671244,10,5,1,25,50,5,1,0.999509349783454,754.077706773997,0.00558747512321743,488.985381734313,10,0.5,7.10431910327853,0.45,NA,NA,NA,0.5,0.45
"nt","tl5.00_gl1.00_pr5.00_c25","model3",0.63580766091602,0.0588169801903682,10,5,1,25,50,5,1,0.999530973143131,781.240508180145,0.00562727112934374,425.238297472453,10,0.5,1.03842090140402,0.45,0.8,0.114799859401145,0.15,0.65,0.3
"nt","tl5.00_gl1.00_pr5.00_c25","model4",0.60491374155045,0.0816598782547493,10,5,1,25,50,5,1,0.99956659188826,754.786480007116,0.00527087354311852,491.079035912732,10,0.1,7.1855997050403,0.85,NA,NA,NA,0.1,0.85
"nt","tl5.00_gl1.00_pr5.00_c25","model5",0.606870193172489,0.0755667635204554,10,5,1,25,50,5,1,0.999608010059473,755.918840056293,0.00501223893206888,481.3067779923,10,0,7.58213671505977,0.95,NA,NA,NA,0.5,0.45
"nt","tl5.00_gl1.00_pr5.00_c25","model6",0.595136186176443,0.0384988986024533,10,5,1,25,50,5,1,0.999557334689469,767.663083861348,0.00534039234518932,476.554434459588,10,0.4,6.17764123374759,0.55,NA,NA,NA,0.4,0.55
"nt","tl5.00_gl1.00_pr5.00_c25","model7",0.596668908508494,0.0439869220414879,10,5,1,25,50,5,1,0.999632921992034,689.596989838796,0.00480182656560609,510.425061897494,10,0.2,7.98941229230108,0.75,1,0.070581950590574,0.05,0.733333333333333,0.216666666666667
"nt","tl5.00_gl1.00_pr5.00_c25","model8",0.594934284500105,0.0435857575851286,10,5,1,25,50,5,1,0.999552481336844,795.391001831209,0.00542636126295189,501.339097333678,10,0.4,6.42664129949546,0.55,NA,NA,NA,0.7,0.25
"nt","tl5.00_gl1.00_pr5.00_c25","model9",0.597664732158407,0.0366182671792187,9,5,1,25,50,5,0.9,0.999683534005677,648.568630894269,0.00434558119289889,526.42227684442,10,0,10.9400095656854,0.95,NA,NA,NA,0.5,0.45
"nt","tl5.00_gl1.00_pr5.00_c50","model1",0.441607865749238,0.092368028750383,10,5,1,50,50,5,1,0.99942361023983,727.428231825687,0.00590369888472854,361.529566831473,10,0.4,0.489437724906135,0.55,NA,NA,NA,0.4,0.55
"nt","tl5.00_gl1.00_pr5.00_c50","model10",0.422594086656927,0.0921336840889651,10,5,1,50,50,5,1,0.999441808506577,770.828482085672,0.00597492837742253,482.734262392929,10,0.3,6.96434137182774,0.65,NA,NA,NA,0.65,0.3
"nt","tl5.00_gl1.00_pr5.00_c50","model11",0.380353049204956,0.11793600395475,10,5,1,50,50,5,1,0.999368206638802,662.77526737254,0.00724393695110713,183.124057588222,10,0.5,0.728309781993116,0.45,NA,NA,NA,0.5,0.45
"nt","tl5.00_gl1.00_pr5.00_c50","model12",0.408128037627906,0.0547993601244618,7,5,1,50,50,5,0.7,0.999742963265667,400.911368511817,0.00431919457008458,300.958555035852,10,0,13.8641887893395,0.95,NA,NA,NA,0,0.95
"nt","tl5.00_gl1.00_pr5.00_c50","model2",0.41913757151043,0.101710409467342,10,5,1,50,50,5,1,0.99938213988818,758.417927971259,0.00620420103520423,421.415174648417,10,0.4,11.4463016855409,0.55,NA,NA,NA,0.4,0.55
"nt","tl5.00_gl1.00_pr5.00_c50","model3",0.439284153575434,0.089350917645837,10,5,1,50,50,5,1,0.999457153726985,783.109951715425,0.00600033410369206,380.098296434534,10,0.6,0.471983391012398,0.35,0.9,0.0400108492514987,0.0499999999999999,0.75,0.2
"nt","tl5.00_gl1.00_pr5.00_c50","model4",0.428228246761133,0.0894431088869233,10,5,1,50,50,5,1,0.999539978015944,747.583864533998,0.00536384436260945,447.208105414564,10,0,7.9891974283266,0.95,NA,NA,NA,0,0.95
"nt","tl5.00_gl1.00_pr5.00_c50","model5",0.430980373396214,0.0906860020898881,10,5,1,50,50,5,1,0.999615411791074,797.76682860636,0.00467470578647083,493.5809218667,10,0,8.35312008398671,0.95,NA,NA,NA,0.5,0.45
"nt","tl5.00_gl1.00_pr5.00_c50","model6",0.426375843707226,0.0896821762139913,10,5,1,50,50,5,1,0.999473964109906,767.878263131436,0.00573819697136369,472.46130084766,10,0.3,6.71050296002597,0.65,NA,NA,NA,0.3,0.65
"nt","tl5.00_gl1.00_pr5.00_c50","model7",0.41555540341188,0.0846065439331726,9,5,1,50,50,5,0.9,0.999588161370913,693.241536851937,0.00485903073104893,494.71828011266,10,0.2,7.91275222178911,0.75,1,0.00787642857488457,0.05,0.703703703703704,0.246296296296296
"nt","tl5.00_gl1.00_pr5.00_c50","model8",0.425313095607015,0.088757290463199,10,5,1,50,50,5,1,0.99947979385447,807.140443598397,0.00563275684146426,424.168671076267,10,0.3,6.87871609944378,0.65,NA,NA,NA,0.6,0.35
"nt","tl5.00_gl1.00_pr5.00_c50","model9",0.415669533094667,0.0866777724926781,9,5,1,50,50,5,0.9,0.999753651642289,580.067639284667,0.00376099640360946,540.444105686072,10,0,11.6362633175338,0.95,NA,NA,NA,0.444444444444444,0.505555555555556
