Iteration	Posterior	Likelihood	Prior	gain_loss_neo	part_rate_trans	site_rates_raw[1]	site_rates_raw[2]	site_rates_raw[3]	site_rates_raw[4]	tree_length
0	-84.10867	-250.8376	166.729	10.33262	0.6411385	1.058847	0.03662626	0.4413032	0.0933975	1.133512
6	-76.06668	-242.3278	166.2611	10.1916	1.129473	1.747706	0.07765042	0.1703038	0.02290722	0.7360069
12	-73.47701	-238.462	164.9849	10.1916	0.9534738	2.664116	0.003537716	0.1439883	0.5689694	0.8574404
18	-82.43714	-247.8298	165.3926	4.709972	0.7026851	2.045396	0.04610888	0.05399977	2.286957	1.739831
24	-82.64352	-248.5702	165.9267	5.981852	0.5488036	0.6817133	0.3177101	0.1001092	2.081908	1.900326
30	-87.54831	-250.309	162.7607	8.971274	0.5729362	1.086418	1.970032	0.2837413	1.881692	1.824478
36	-90.56028	-253.6166	163.0563	7.53919	0.5716048	0.8053115	1.630383	0.2855036	2.870944	1.738151
42	-88.54431	-252.2397	163.6953	13.01422	0.2786329	2.926954	0.0768875	0.1781254	1.259465	0.9276105
48	-81.31261	-248.7582	167.4456	9.054245	0.2786329	0.4222914	0.167091	0.04288457	0.9011613	1.282421
54	-91.78302	-256.3638	164.5807	2.714652	1.306319	0.8544705	3.071781	0.5150118	0.5292793	2.352279
60	-102.7865	-269.0488	166.2622	4.231572	0.8419017	0.1671498	0.361187	0.7820123	2.503674	1.652617
66	-94.0379	-259.6553	165.6174	7.38266	0.8540417	0.1458825	0.1948985	1.955445	0.6699614	1.628317
72	-101.1474	-265.3756	164.2282	5.872998	1.577565	0.09642464	0.3457063	2.045479	2.39402	1.166705
78	-98.40556	-262.6211	164.2156	8.490174	1.546442	0.1741508	0.5989363	0.5208023	2.39402	1.292011
84	-100.6815	-263.5283	162.8469	8.368146	1.082456	2.878645	1.45539	0.2563598	0.8763363	1.371433
90	-107.2929	-274.234	166.9411	4.421285	1.483276	0.3609327	0.5465139	0.1621724	2.036551	1.07942
96	-101.8853	-265.7388	163.8535	6.326617	1.081974	0.381474	2.051202	0.1273785	2.690235	1.406571
102	-96.52772	-260.6452	164.1175	8.600866	0.7587849	0.2564926	0.9462284	0.04132396	1.665523	2.416777
108	-94.54144	-260.6422	166.1007	5.446866	1.103868	0.269732	0.3695844	0.04771308	1.229715	2.416777
114	-101.7597	-262.7755	161.0159	10.7345	1.799013	0.2794199	2.892474	0.5093645	0.7562177	2.296516
120	-93.9486	-254.445	160.4964	10.99298	0.8115561	1.477226	3.51936	0.06002737	0.8072583	2.296516
126	-81.61909	-246.6533	165.0342	9.901519	0.9452373	0.4771565	0.7446465	0.02742132	0.2929372	2.296516
132	-86.24589	-251.0099	164.764	11.66202	1.239276	1.094926	0.03557506	0.07898715	0.209924	2.000928
138	-75.91219	-241.7703	165.8581	11.66202	1.062492	1.404048	0.003398008	0.02620944	0.05852944	1.284169
144	-80.54495	-244.057	163.5121	15.73244	1.487799	1.650283	0.008666331	0.09803948	0.5762927	1.284169
150	-84.64524	-247.5443	162.899	16.04311	1.143453	2.091144	0.04577255	0.7834122	0.365509	1.226988
156	-94.26393	-256.8493	162.5854	12.62455	1.270351	2.129363	0.1228407	0.3898725	1.946059	1.009785
162	-93.41061	-256.8958	163.4851	8.105011	1.974102	0.8818938	0.3656375	0.1094089	2.092346	1.801129
168	-102.8376	-264.4152	161.5776	11.69451	3.396805	0.60266	0.3132486	0.3146245	2.759004	0.7013458
174	-100.5104	-261.535	161.0246	17.24483	1.569857	1.501173	0.284857	0.3595186	2.792643	0.7220619
180	-106.2521	-267.2612	161.0091	9.30159	2.843178	3.795716	0.2035413	0.3954677	1.470256	0.7220619
186	-88.9657	-251.079	162.1133	7.576337	0.8268137	6.839138	0.1504387	0.3954677	0.07830244	0.6374898
192	-92.48609	-259.0604	166.5743	6.625087	0.8714718	2.818094	0.08647187	0.3954677	0.05455385	0.6374898
198	-97.27108	-262.53	165.2589	7.873596	0.9205575	1.644235	1.225897	0.2447844	0.991987	0.6374898
204	-105.8546	-267.763	161.9084	13.38756	0.8526595	2.289635	1.225897	0.1348843	1.019294	1.660375
210	-114.4936	-275.5547	161.0611	15.46024	0.5144072	1.663683	2.089179	0.126914	1.024645	1.953147
216	-100.1747	-265.4198	165.2451	8.811563	0.6618226	1.149604	0.4222775	0.0227542	0.7955475	2.037516
222	-95.78286	-262.0738	166.2909	9.886432	0.42652	1.172931	0.5005012	0.02118605	0.1671789	1.584699
228	-95.65437	-264.9016	169.2472	6.294708	0.3989345	0.2233872	0.5005012	0.0604616	0.1033467	1.130459
234	-93.19512	-259.5947	166.3996	8.644318	0.3516667	1.331513	1.489354	0.2801825	0.04967875	0.7945416
240	-90.79374	-255.067	164.2732	6.703289	0.3462652	1.209604	4.359292	0.2273166	0.365691	0.5979481
246	-86.36527	-250.3279	163.9626	6.100519	0.5500265	2.68744	2.90408	0.204009	0.5476302	0.8994124
252	-86.66327	-250.9897	164.3264	7.81205	0.5500265	1.306582	0.3262967	0.3392979	3.080581	1.101507
258	-78.2134	-242.3711	164.1577	12.72962	0.6607907	0.1323843	0.7485594	0.311939	2.005654	1.355907
264	-78.83715	-243.4464	164.6093	9.363199	0.600804	0.02499648	1.243679	0.1122696	2.854719	1.019763
270	-95.97231	-260.6351	164.6628	8.766738	1.284045	0.1834684	1.006026	0.1749642	2.582495	0.7425809
276	-93.41545	-252.6135	159.198	20.25641	1.256143	0.2129494	2.057863	0.1032079	3.875585	0.9658024
282	-101.6786	-259.7348	158.0562	19.83997	1.744108	4.488593	0.07937075	2.052263	0.3371321	0.9956017
288	-103.4073	-263.7097	160.3024	19.52155	1.744108	1.75792	0.03842013	2.66779	0.3113417	0.9956017
294	-109.2324	-269.1365	159.9041	13.97163	1.749191	5.045147	0.03842013	0.3773946	0.8909136	1.081754
300	-101.5197	-261.9317	160.412	13.97163	1.206491	5.719993	0.05135406	0.6510688	0.3271915	0.629996
306	-102.0864	-259.8158	157.7294	10.67355	1.18913	5.231582	1.670904	0.6510688	2.616622	0.9427466
312	-91.86664	-252.5976	160.731	14.10804	1.021696	5.231582	0.7062297	0.6042203	0.04970702	0.5984393
318	-82.25489	-242.9107	160.6558	12.14902	0.9107138	5.273212	0.6858147	0.04122085	1.31844	0.4314991
324	-106.8326	-267.6753	160.8427	12.14902	1.322557	5.273212	0.1992463	0.9074345	0.3401222	0.4314991
330	-91.46739	-254.246	162.7787	12.44901	1.373093	2.622359	0.2300607	0.9074345	0.3401222	1.228665
336	-95.79595	-259.4718	163.6759	6.968047	0.4919628	2.622359	0.51854	2.270628	0.0932175	1.582339
342	-108.3064	-272.1522	163.8458	7.946359	1.177151	1.203002	0.749789	2.433271	0.2857419	1.259751
348	-101.172	-265.0732	163.9012	7.946359	0.6719282	1.018385	0.3659925	3.625271	0.5341792	0.8546051
354	-90.28174	-256.8616	166.5799	7.752019	0.5198367	0.2429617	0.3217476	0.03231298	0.8876942	2.110883
360	-92.5609	-257.4525	164.8916	8.889746	0.677713	0.3833426	0.7367949	0.03231298	0.5450213	2.67467
366	-94.78938	-260.466	165.6767	8.618419	0.644633	0.8840106	0.2129728	0.06666863	0.6843959	2.167363
372	-93.94666	-257.6654	163.7187	13.79441	0.8432125	0.9175738	0.1416828	1.655149	0.1000609	1.621812
378	-104.9874	-267.5346	162.5472	24.27636	1.07242	1.432057	0.4081001	0.09095441	0.1836734	1.179332
384	-99.62692	-260.5361	160.9091	17.64508	1.358188	1.369548	0.5120337	0.05325957	3.277867	0.6565409
390	-103.0275	-265.4937	162.4662	13.85852	0.7735715	1.287812	2.848854	0.007101653	0.04249913	1.573436
396	-95.58446	-261.1417	165.5572	11.51272	1.011477	0.534766	1.658173	0.1258554	0.06628946	0.797986
402	-105.2603	-264.1816	158.9214	11.51272	0.868851	0.9948677	6.878099	0.05903568	1.072456	0.9805295
408	-100.0544	-266.4682	166.4138	10.64221	1.169203	0.1335778	0.8697288	0.1012442	0.1896118	1.154974
414	-96.15455	-261.8622	165.7076	10.41768	0.6123001	0.4580237	0.2091983	0.02344653	2.320214	0.7440771
420	-89.76489	-254.9161	165.1512	10.22465	1.078013	0.02232338	0.1131212	0.4722534	2.320214	1.019618
426	-86.06279	-254.5519	168.4891	7.609296	0.4627645	0.04317807	0.01997867	0.1970216	0.9440817	0.9585427
432	-91.49775	-258.5758	167.078	9.586494	0.4223696	0.3440905	0.07052023	0.0206219	0.7705047	1.565653
438	-88.35349	-256.1144	167.7609	10.22157	0.554732	0.347175	0.06479746	0.01170106	0.3227416	1.11023
444	-82.65712	-249.2711	166.614	13.52878	0.7002269	0.3170821	0.02285537	0.09101514	0.2558568	1.189707
450	-81.71444	-247.3268	165.6124	16.07463	0.8023985	0.3170821	0.03153017	0.5830877	0.01816754	1.189707
456	-94.48092	-262.1577	167.6768	8.957218	0.6988438	0.5893213	0.01115514	0.3265158	0.02189752	1.255694
462	-85.50005	-246.4278	160.9277	14.18673	0.612094	4.39131	0.04987538	0.4328584	1.803807	0.7913952
468	-93.2377	-260.5809	167.3432	6.259169	0.5617932	0.6700234	0.1907751	0.1295379	1.803807	0.9889634
474	-99.93317	-265.212	165.2788	9.447269	0.8611617	0.3197047	0.4964053	0.04079694	1.6305	1.65727
480	-100.8467	-263.4663	162.6197	9.616708	0.5033895	3.547102	0.04577796	0.01298226	1.470187	1.914664
486	-86.79165	-253.952	167.1603	6.481285	0.3946737	0.297547	0.07090883	0.0009505605	1.470187	1.924383
492	-105.9546	-273.8	167.8454	6.7735	0.5187455	0.3912648	0.0882071	0.006881765	1.610818	0.9999142
498	-97.84718	-264.822	166.9749	8.053827	0.5849122	0.2466109	0.2362135	0.04667417	1.610818	1.220598
504	-81.15263	-246.312	165.1594	13.3351	0.9554704	0.336074	0.1169676	0.0350427	1.610818	1.043934
510	-98.79033	-261.5683	162.7779	16.86494	1.089535	2.441614	0.5924564	0.2887905	0.1526802	1.043934
516	-94.18833	-256.1291	161.9408	16.49931	1.152046	3.386567	0.9448665	0.09745271	0.2051722	0.6780393
522	-100.6344	-260.9563	160.3219	17.69752	1.309071	2.425943	2.29647	0.143811	0.696667	1.008448
528	-96.45665	-259.6956	163.239	10.40954	0.838513	2.425943	2.29647	0.04577379	0.2630357	1.008448
534	-92.09287	-255.1924	163.0995	12.99448	0.39403	1.531343	2.597573	0.08624179	0.06184438	1.489554
540	-98.0984	-259.7222	161.6238	13.32884	0.7715997	3.228021	0.9243123	0.08624179	1.536717	1.086145
546	-101.0919	-263.8075	162.7156	8.941464	0.599179	4.266441	0.9243123	0.2083093	0.5325956	1.323999
552	-86.62122	-250.9297	164.3085	15.4253	1.134363	2.254254	0.06814034	0.1735785	0.08957119	0.5442593
558	-88.87586	-250.8466	161.9708	18.49756	0.8790074	2.59018	0.006792713	0.3786899	1.333755	0.8601538
564	-98.43387	-264.6865	166.2526	6.705689	0.6833932	0.1447155	0.8947991	0.1735515	2.430158	0.9066752
570	-101.68	-268.2454	166.5653	7.201765	0.3871078	0.313547	0.5726698	0.1385291	2.430158	0.8631461
576	-90.39821	-255.1174	164.7192	11.12159	0.6573876	0.1704647	1.238434	0.2063528	2.028513	0.8631461
582	-97.80099	-266.5386	168.7376	6.603789	0.5098346	0.2250206	0.0146048	0.6416114	0.02502192	1.335067
588	-100.0401	-269.9729	169.9328	2.889839	0.4346428	0.3693288	0.05549573	0.9754783	0.004584834	1.655941
594	-100.4031	-265.325	164.922	7.130301	0.4343556	0.2952574	0.3596571	1.611495	0.003490006	2.869084
600	-87.3994	-253.3925	165.9931	7.056531	0.2243753	0.008642436	0.25053	0.6960308	1.049641	2.521953
606	-81.86167	-249.3114	167.4497	11.53708	0.3022714	0.005644309	0.2051607	0.05554595	0.170799	1.488312
612	-86.35643	-254.209	167.8525	8.712375	0.3022714	0.005957428	0.7562188	0.2274631	0.1569253	1.346061
618	-87.3376	-255.1499	167.8124	6.784138	0.3646618	0.03684807	0.2644849	1.051622	0.5470058	1.33392
624	-86.06909	-252.2645	166.1954	7.793277	0.4963654	0.1552357	0.7921199	2.397533	0.1848156	0.7976557
630	-86.28256	-250.413	164.1305	7.358093	0.6361968	0.06532468	0.1777616	5.193491	0.3153485	0.4518046
636	-90.67874	-254.2322	163.5534	9.106631	0.7281657	0.06234977	0.09485981	5.193491	0.2263238	0.4594999
642	-89.42678	-249.3146	159.8878	22.19845	0.4816089	0.2969253	0.1301588	5.749325	0.06004367	0.4962734
648	-83.7776	-246.8942	163.1166	16.75283	0.8073114	0.1346827	0.5239199	3.054668	0.08306005	0.4962734
654	-97.5021	-262.873	165.3709	8.069345	1.364755	1.004358	0.2120242	2.06324	0.1658422	0.6969292
660	-94.10859	-259.5122	165.4036	10.01816	1.314125	0.4986953	0.0615276	2.130731	0.1332508	0.434261
666	-81.55577	-247.7605	166.2047	10.3408	0.7866161	0.0413475	0.04765034	2.130731	0.1881861	0.3620681
672	-90.82238	-255.1379	164.3156	12.42248	0.6757159	0.001969667	0.188353	3.318127	0.3169951	0.4805486
678	-95.25047	-261.339	166.0885	4.178455	0.6060177	0.01398519	0.3032652	4.729082	0.3169951	0.4805486
684	-100.5067	-271.2779	170.7712	3.52297	0.3877317	0.08482774	0.02166426	0.8189328	0.01190438	1.054198
690	-93.33904	-261.3197	167.9807	8.400661	0.3844473	0.04469215	0.1379583	1.252932	0.03135093	0.9786189
696	-93.40381	-260.8841	167.4803	4.904287	0.2847558	1.887084	0.04676311	1.622112	0.003319095	1.025109
702	-97.38389	-265.0949	167.711	9.086773	0.5687978	0.7902631	0.1207292	0.1407802	0.06322556	1.156334
708	-82.89885	-250.9757	168.0769	4.77692	0.783577	0.7902631	0.3064983	0.2491553	1.195504	1.015571
714	-105.0257	-271.0501	166.0243	4.735451	0.7132227	1.433356	0.09209057	2.127028	0.4158721	1.529446
720	-118.2041	-280.4899	162.2857	3.130188	0.4122524	2.437108	0.3088438	2.715977	0.4628085	3.5245
726	-124.7348	-289.8886	165.1538	3.769496	0.4122524	1.398908	0.6150673	2.635151	0.395811	2.052414
732	-103.7017	-269.7513	166.0495	4.16957	0.4971949	3.181983	0.2081762	0.181899	0.5803662	1.831464
738	-104.2091	-268.9352	164.7261	5.896036	0.6193865	2.716775	0.6109579	0.8197189	0.3050624	1.831464
744	-88.91886	-252.4019	163.483	8.586883	0.3837242	1.119328	0.6890375	2.714509	0.03715946	2.005665
750	-100.9354	-266.1046	165.1692	13.65651	1.313276	0.06222768	1.136221	0.3076118	0.1265759	1.056203
756	-94.73906	-259.5671	164.828	10.51435	1.256552	0.05423867	0.8801968	2.007027	0.1382461	0.9156331
762	-93.6785	-258.4647	164.7862	9.106087	0.7255357	0.1034845	0.5041112	0.5015054	2.25429	1.563706
768	-107.0329	-270.5591	163.5262	9.936341	0.5084921	0.04856713	0.2850645	2.299973	1.922975	1.563706
774	-107.7757	-271.2666	163.4909	8.381749	0.8571307	0.02406834	0.9414561	0.5251595	1.034189	3.026211
780	-97.88439	-259.3874	161.503	17.65068	0.6065537	0.6582153	1.862826	0.04700654	1.153559	2.049573
786	-102.3857	-263.1148	160.7291	27.38143	1.504476	0.338598	0.1860184	0.04471315	1.018334	2.189571
792	-106.6383	-267.5308	160.8926	12.06611	0.9669925	3.770576	0.7840489	0.4637173	0.1393041	2.189571
798	-96.60268	-262.2507	165.648	7.975892	0.5308501	0.8851512	0.3926476	0.8522081	0.06758608	2.189571
804	-97.69373	-262.0298	164.336	10.86249	0.7537673	1.316185	0.7038363	0.3929333	0.04190435	2.081073
810	-95.58422	-264.9839	169.3997	3.806649	0.5766825	0.3252147	0.9319131	0.1116449	0.05542786	1.484023
816	-99.17655	-266.3192	167.1427	10.34498	0.454198	0.2332188	0.4966319	0.2043273	0.03363243	1.484023
822	-100.0451	-266.5429	166.4978	5.404594	0.819489	0.2370052	1.656759	0.02004763	0.1353682	2.274353
828	-100.7055	-263.2768	162.5713	14.35378	0.4987977	0.1750584	4.36879	0.007553105	0.07514167	1.265033
834	-90.32316	-254.1014	163.7782	11.46196	1.009979	0.020319	3.711119	0.03081836	0.3862781	0.8394014
840	-106.3942	-271.0131	164.6189	9.674366	0.9608185	0.1195747	3.711119	0.04971142	0.2060373	0.5028302
846	-89.12949	-252.7306	163.6011	17.34407	1.226711	0.103158	2.268589	0.132017	0.2060373	0.6743812
852	-85.74468	-247.228	161.4833	24.273	1.227573	1.386644	0.5741828	1.121486	0.1079445	1.027191
858	-87.19968	-252.0764	164.8767	13.99484	1.006784	0.008505676	0.788913	1.29403	0.08160496	1.027191
864	-82.86977	-247.5943	164.7245	17.99989	0.7705562	0.006386949	1.532795	0.102322	0.2182085	0.741162
870	-82.11983	-241.6582	159.5384	14.66429	0.4784354	0.0893228	6.974056	0.009878825	0.2775195	1.462897
876	-88.19365	-249.2433	161.0497	14.41531	0.7626358	1.685383	3.630717	0.02827707	0.2683539	1.467066
882	-84.05504	-248.0314	163.9764	15.11421	0.6040407	0.6516076	1.484833	0.02827707	0.1246007	1.743711
888	-81.13583	-248.04	166.9042	9.788551	0.4898578	0.2667962	0.312151	0.009712732	0.103281	1.951845
894	-85.72309	-253.5892	167.8661	7.891989	0.3590281	0.02882238	0.5109294	0.07269464	0.07423541	1.855295
900	-90.75604	-255.2611	164.5051	8.776335	0.4141714	0.008164296	1.750649	0.6591799	0.09528569	2.597605
906	-94.48832	-262.8241	168.3358	3.268371	0.3877377	0.02159861	2.328197	0.2008771	0.01842229	1.809481
912	-92.73291	-261.7611	169.0282	4.858806	1.006283	0.01030127	0.03837316	1.369994	0.1575962	0.7110765
918	-98.44942	-265.0855	166.6361	9.249007	0.5384393	0.02061047	0.005389174	2.23248	0.3331419	0.6675308
924	-85.26958	-250.9925	165.7229	12.75448	0.4561615	0.0360619	0.01661217	1.39153	0.6454556	1.139775
930	-104.3075	-268.1156	163.8081	8.201339	1.143778	3.924798	0.8954388	0.1845756	0.04970393	0.8700818
936	-107.3104	-271.9476	164.6373	8.168581	1.128105	0.4731027	0.4090448	2.883713	0.2045479	1.151908
942	-90.043	-255.9268	165.8838	7.794127	0.6246356	0.9430455	0.1126955	1.492969	0.2606426	1.596217
948	-99.43614	-261.1528	161.7166	17.26915	1.181196	0.9286861	0.05111148	2.395991	0.7895257	1.213808
954	-84.30841	-246.3478	162.0394	14.17303	0.9259415	0.07778088	0.1918492	4.030799	0.5383338	1.213808
960	-72.74927	-237.2367	164.4874	14.17303	0.8101945	0.09484781	0.1151162	1.378652	1.148223	1.003476
966	-94.2076	-254.5064	160.2988	14.39137	1.541231	0.5711199	0.5765683	2.240026	2.16076	1.499222
972	-98.26249	-259.6254	161.363	17.38297	1.500566	0.08906569	1.157066	1.010325	2.16076	0.9909241
978	-106.9175	-272.7017	165.7842	7.733578	1.500566	0.05649339	0.5380042	1.523091	0.3589164	1.273395
984	-96.17119	-260.5261	164.3549	8.109834	0.8692905	0.0847484	0.9583268	1.073271	0.8400515	2.282632
990	-81.78355	-245.6403	163.8567	10.07391	0.6840413	0.06481092	0.978244	0.4202878	2.635419	1.494096
996	-75.01948	-237.818	162.7986	12.33423	0.8797815	0.06480243	0.06553032	1.572033	3.074664	1.077486
1002	-103.8368	-268.9322	165.0955	5.532238	1.351495	1.580399	0.2264296	0.603525	0.8919103	1.982892
1008	-110.281	-272.7694	162.4883	4.391114	3.901079	0.763869	0.2603327	0.1984813	3.788095	1.210316
1014	-94.65292	-258.2151	163.5622	7.517587	1.404751	0.3815175	0.5823294	0.2315008	3.08157	1.727544
1020	-93.38243	-254.0432	160.6608	26.65745	1.040736	1.085524	1.029053	0.07934944	0.8256014	1.658243
1026	-91.24727	-252.6152	161.3679	25.2831	1.450045	0.1299214	1.165346	0.04626438	0.956886	1.534446
1032	-87.60913	-251.5594	163.9503	17.7574	0.6958748	0.7498095	0.5072184	0.03510252	0.956886	1.264317
1038	-89.77332	-257.4286	167.6552	7.7935	0.6553148	0.7498095	0.5119589	0.005142811	0.4499138	1.015325
1044	-97.11798	-262.2129	165.095	13.37958	0.7786325	1.496278	0.762844	0.01836627	0.2882096	0.7784558
1050	-99.85467	-264.4883	164.6336	17.94284	0.7786325	0.7738725	0.4269523	0.04730813	0.5272869	0.9605417
1056	-88.55172	-254.6243	166.0726	14.57065	0.8130059	0.7738725	0.02981866	0.08866653	0.3787015	0.738138
1062	-85.28447	-251.6537	166.3692	11.52709	1.289554	0.2346239	0.2071928	0.0249458	0.8657124	0.738138
1068	-102.5089	-261.4354	158.9265	14.63431	0.816498	0.06099366	4.279769	0.1818472	3.808168	0.83051
1074	-107.7993	-273.0731	165.2738	7.39819	0.4592472	0.1589441	0.5548485	0.5105971	2.789256	1.392374
1080	-88.55602	-253.2154	164.6594	13.95851	1.102972	0.532904	1.007055	0.01671579	0.4681166	1.274463
1086	-89.26024	-254.9428	165.6825	9.235168	0.9044384	1.187866	1.172361	0.008959771	0.3609905	1.178741
1092	-90.78727	-251.8392	161.0519	8.252776	0.5654161	1.76157	1.550452	0.02545036	1.201927	3.478049
1098	-93.74556	-260.2173	166.4717	4.88682	1.292488	1.848277	0.2280481	0.1083751	0.2118712	1.927139
1104	-94.80902	-264.0205	169.2115	4.039428	0.7221616	1.034839	0.2119463	0.0658498	0.06543386	1.444877
1110	-92.00589	-259.865	167.8591	4.148763	1.49167	0.1628692	2.035278	0.1662496	0.214184	0.821666
1116	-91.01267	-257.9379	166.9252	4.320613	0.7194926	0.2207118	1.577958	0.2011201	1.975999	1.048337
1122	-88.9237	-257.0543	168.1306	6.349881	0.5412453	1.482779	0.1809731	0.00821548	0.2924591	1.011023
1128	-79.82301	-248.4467	168.6237	7.520108	0.4203914	0.8026546	0.2237299	0.007820115	0.07887865	0.9940428
1134	-78.20983	-245.3159	167.1061	9.191889	0.5191145	1.604342	0.4404096	0.03283501	0.02000459	0.7716744
1140	-83.71464	-248.5499	164.8353	11.76507	1.590546	1.991021	0.09865323	0.05099166	0.405728	0.6445688
1146	-97.20002	-263.8888	166.6888	9.293511	0.3341524	2.223646	0.01783377	0.1161805	0.405728	0.5756583
1152	-95.68341	-262.6403	166.9569	7.53703	0.4310341	0.7990163	0.002362421	0.1436575	0.7598201	1.827233
1158	-93.71514	-261.7729	168.0577	4.918988	0.4517118	0.4026677	0.005425292	0.1436575	1.403571	1.705566
1164	-94.21819	-263.1342	168.916	5.987708	0.7526555	0.05390909	0.0171081	0.07211767	0.9498002	1.050025
1170	-90.54159	-258.7987	168.2571	8.192049	0.7526555	0.01176342	0.1050239	0.0356927	0.8439904	0.8744478
1176	-93.25167	-260.352	167.1003	8.640974	0.408128	0.1309507	0.9984856	0.0279791	0.9874955	1.066826
1182	-92.92265	-262.6212	169.6986	4.948993	0.5355099	0.02985121	0.624736	0.03133003	0.3496164	1.055138
1188	-94.68885	-262.8521	168.1632	4.656637	0.4852872	0.05122476	0.6089937	0.04533381	0.3349975	2.316907
1194	-94.75347	-258.7154	163.9619	7.289139	1.256052	0.136747	1.058388	1.395665	0.4527161	2.437078
1200	-95.16364	-258.4227	163.2591	11.56739	0.7222507	0.9580089	1.44513	0.9440711	0.08368429	2.026619
1206	-103.0609	-264.5316	161.4707	11.25539	0.5956131	0.5740415	3.28687	1.177664	0.1805908	2.171449
1212	-83.1581	-248.4434	165.2853	7.430038	0.5179379	0.4325312	1.936301	0.05185139	0.4108602	2.161811
1218	-91.45457	-253.7425	162.2879	13.15556	0.5099896	2.892314	1.829526	0.01222072	0.4154124	1.317951
1224	-98.90142	-259.6456	160.7442	13.34107	1.207944	2.403495	2.72838	0.187319	0.7489347	1.216247
1230	-90.35719	-249.1691	158.8119	17.44744	0.5400973	0.7568151	6.166087	0.225889	0.3018897	1.393164
1236	-89.06884	-250.9323	161.8635	20.05794	0.5400973	0.3704204	3.601112	0.01562173	0.1116058	1.191038
1242	-73.65732	-239.2261	165.5687	11.27355	0.6621227	0.7698878	0.5926375	0.01989713	0.2466309	1.782913
1248	-94.8621	-259.2523	164.3902	14.95839	2.03204	0.5150134	0.1542032	0.02218333	0.4605486	1.240451
1254	-95.38006	-257.9965	162.6165	19.86643	1.825798	0.5150134	0.1456525	0.01892884	1.521177	1.100182
1260	-89.09234	-253.6722	164.5799	9.613023	0.996005	2.817734	0.01821466	0.08222171	0.2106101	1.560118
1266	-85.46851	-250.9636	165.4951	8.908122	0.7516443	2.408684	0.1541367	0.02923248	0.2098222	1.486915
1272	-96.90601	-261.0452	164.1392	6.161038	2.067316	3.621949	0.1389387	0.3831696	0.2470189	1.127748
1278	-92.39729	-255.8027	163.4054	11.95254	0.934579	1.150675	0.5383317	0.06963129	0.8068832	2.282732
1284	-114.0472	-278.4725	164.4254	6.369096	0.7688619	0.2004256	1.007191	0.1356582	3.118591	1.779444
1290	-118.0067	-279.5007	161.4939	5.182756	0.7976489	0.1800751	4.292669	0.08097502	2.068687	2.628885
1296	-100.5002	-259.7863	159.2861	9.510553	0.4841808	0.1971578	3.280608	1.508244	1.853866	2.942001
1302	-92.49814	-251.3766	158.8784	7.490689	0.4246107	0.6579281	4.998185	1.806146	1.389086	2.452972
1308	-80.95202	-245.0807	164.1287	4.632149	0.6251345	0.6556603	1.299284	2.657307	0.5168857	2.200952
1314	-79.76606	-244.2272	164.4611	9.996587	0.4515272	1.07879	0.08957618	1.973139	0.1458873	1.827237
1320	-85.98912	-249.3387	163.3496	18.73237	1.384567	0.9470471	0.4236308	0.1406277	0.01882693	1.590099
1326	-81.5693	-246.2368	164.6675	12.46468	1.23652	1.102203	0.128153	0.1406277	0.5073215	1.590099
1332	-81.89524	-245.9283	164.0331	7.768159	0.7893004	2.746847	0.1634462	0.9805998	0.04549628	1.991403
1338	-86.4484	-251.1605	164.7121	7.768159	0.7271354	2.35483	0.5739659	0.5589611	0.06654733	1.832404
1344	-86.34131	-248.4921	162.1508	10.19943	0.4381904	2.946042	2.453488	0.7436052	0.0786794	1.32961
1350	-93.65733	-257.8455	164.1882	10.19943	1.939921	0.07202584	0.2912906	2.153053	0.1971496	1.304806
1356	-87.54728	-251.4664	163.9191	12.30984	0.5719406	0.0276263	0.8131222	0.1289931	0.811466	2.616044
1362	-105.9167	-267.2292	161.3125	9.976224	0.4812977	0.2976299	2.433415	0.1537957	2.275499	2.636982
1368	-100.6666	-261.4409	160.7744	6.754415	0.441934	0.08332942	6.405753	0.2525296	1.548299	1.765996
1374	-97.66128	-261.7902	164.1289	4.350632	0.5830512	0.1236684	5.863228	0.1759321	0.4588928	1.284972
1380	-108.2193	-274.1987	165.9794	11.73151	1.017458	0.3139192	0.3257405	1.214932	0.02486768	0.814439
1386	-106.6905	-271.2941	164.6036	8.756442	0.5224589	2.196521	1.793034	0.5515193	0.03579209	0.977121
1392	-94.91535	-258.4964	163.5811	14.22803	0.6668093	2.688468	0.1286056	0.6691804	0.0514827	1.217507
1398	-87.96165	-252.7958	164.8342	10.85909	0.715414	2.688468	0.1334764	0.3804921	0.1874896	1.034848
1404	-98.52969	-259.279	160.7493	24.38793	2.153078	1.052374	0.01112746	0.1050881	1.100255	1.605564
1410	-105.1432	-262.1298	156.9865	20.05048	1.586348	2.08709	0.08934389	1.534391	3.849288	1.487653
1416	-95.93557	-257.252	161.3164	6.546382	1.37979	1.194231	0.5066175	0.1522316	3.849288	2.548473
1422	-94.45966	-256.0727	161.613	20.359	1.661704	1.19686	0.206553	0.05846454	1.491735	1.367141
1428	-95.91914	-258.395	162.4759	12.71551	0.9434077	2.20519	0.2060061	0.0207284	1.847151	1.599957
1434	-83.50541	-245.9423	162.4369	10.9712	0.5300887	1.701221	0.09301635	0.237566	2.338848	2.194172
1440	-98.27526	-261.5546	163.2794	12.74733	0.5300887	0.9919227	0.08413251	0.01594247	1.577253	2.41023
1446	-119.0539	-283.047	163.9931	7.101413	0.7034534	0.8083135	0.5218167	0.1681175	1.586233	2.782346
1452	-125.1147	-289.8362	164.7215	2.628271	1.189193	1.878294	1.505764	0.3553325	1.025085	2.507472
1458	-113.8987	-279.7104	165.8118	5.309952	0.5039672	0.05721365	0.1396372	2.190037	0.8018781	2.215983
1464	-98.94485	-263.2034	164.2586	9.757715	0.7236858	0.5015279	0.5246602	0.3861551	0.07240824	2.977717
1470	-102.4688	-264.9995	162.5307	11.93516	0.644668	1.256389	0.6734168	1.303062	0.148289	2.506536
1476	-112.4832	-275.1807	162.6975	14.09894	1.792375	0.3591874	1.925322	0.5862172	0.1190945	1.48712
1482	-104.9852	-267.9673	162.9821	14.09894	1.030698	0.258235	2.486446	0.4031097	0.3399493	1.471356
1488	-109.3868	-270.9018	161.515	11.65889	1.030698	0.9843547	0.243855	0.2259046	2.333707	2.694833
1494	-103.8569	-267.02	163.1631	10.51498	0.9675377	0.7228861	0.08805159	0.2411498	4.193148	0.5897615
1500	-109.0194	-271.7286	162.7092	5.147837	0.6333988	4.696662	0.54224	0.1852258	2.078568	1.332344
1506	-105.9276	-269.3441	163.4165	5.249677	0.4501836	4.091782	0.5856157	0.1178516	1.394259	1.870634
1512	-105.6107	-268.1464	162.5357	7.952838	1.055767	1.611665	2.630827	0.7034407	0.539724	1.724263
1518	-106.9402	-270.8195	163.8793	7.952838	0.3652609	1.301198	1.010243	0.2635687	0.7119713	2.726042
1524	-115.3618	-279.1309	163.7691	4.995113	0.5158094	4.903662	0.2675057	0.2153819	0.6885409	1.751208
1530	-103.5787	-269.6539	166.0752	5.63599	0.6429204	2.385943	0.2883766	0.004663441	1.567094	1.015569
1536	-95.95802	-258.3611	162.403	6.887866	0.6535693	0.3446017	2.796292	0.01011494	3.699877	1.431954
1542	-89.38264	-256.6674	167.2847	5.852497	0.4342375	0.05532058	0.6951881	0.0200706	1.264574	1.87555
1548	-93.06309	-261.409	168.3459	4.8609	0.5546263	0.3755182	0.1894791	0.03954535	0.3900618	2.112791
1554	-98.497	-265.9654	167.4684	7.964563	1.176834	0.7722839	0.4099509	0.1028	0.1454468	0.8945735
1560	-90.21836	-255.5445	165.3262	10.03562	0.711032	0.1469141	0.8885627	1.313028	0.05677826	1.647938
1566	-91.57603	-259.7	168.124	4.29902	0.9248915	0.9046581	0.09646288	1.204259	0.2732509	1.145154
1572	-95.5268	-261.2885	165.7617	3.897941	0.405398	0.4589821	0.02889004	0.8746461	0.790697	3.412697
1578	-98.75856	-262.1118	163.3532	3.897941	0.3013104	0.07185601	0.0426815	0.9968768	2.592545	3.969167
1584	-90.06637	-257.662	167.5957	3.773457	0.4030924	0.07185601	0.02676404	0.3803133	1.709201	2.325737
1590	-88.4465	-256.8319	168.3854	3.773457	0.3147238	0.1485439	0.2826885	0.2528846	1.709201	1.722251
1596	-84.63989	-251.8934	167.2535	8.096695	0.3183767	0.2022963	0.09178147	0.02560615	1.709201	1.289513
1602	-98.28526	-260.4422	162.1569	8.095098	0.4987189	4.585485	1.521552	0.05369789	0.5234774	1.493805
1608	-100.3947	-265.1324	164.7376	8.281601	0.6296484	0.8054637	3.311014	0.01712396	0.2995111	1.05371
1614	-99.25326	-262.7981	163.5448	12.63313	0.7720216	0.8054637	3.311014	0.2029803	0.05000772	0.7142338
1620	-101.909	-266.34	164.431	8.814952	1.096006	0.7372295	3.311014	0.2260471	0.1646018	0.5088241
1626	-97.1635	-258.5091	161.3456	16.99602	0.8461609	0.1820968	3.311014	1.753601	0.1985545	0.6279802
1632	-97.24536	-261.0527	163.8074	17.2575	0.9594936	0.0564779	0.09798041	2.11423	0.4552675	0.7804383
1638	-103.2313	-268.6136	165.3822	9.129978	0.8152576	0.01964359	0.5537065	2.781655	0.1018454	0.8855965
1644	-85.13404	-249.6127	164.4787	10.33406	0.5824043	0.1870923	2.811619	0.696094	0.07949442	1.274235
1650	-100.9869	-264.0734	163.0865	18.70327	0.9693552	0.05553158	0.9706939	1.185163	0.01986587	1.57787
1656	-99.92991	-264.5753	164.6454	13.91306	0.87071	0.0235103	1.092115	0.3139978	0.4783993	1.564386
1662	-105.4685	-270.4094	164.9409	8.674327	0.8805851	0.2177594	0.9762773	0.1048964	2.395975	1.179335
1668	-89.75774	-252.4741	162.7164	13.30257	0.8805851	0.3893995	1.710099	0.02145003	2.310556	1.218115
1674	-96.37521	-260.1605	163.7853	9.934979	0.7383503	0.2333328	2.818604	0.06455783	1.393069	1.218115
1680	-97.86887	-262.7676	164.8987	12.29	0.4577988	0.2333328	0.7501614	0.02601547	0.3134123	2.364784
1686	-90.62648	-255.0372	164.4107	12.29	0.5665917	0.9725503	1.03241	0.03113324	0.1883656	2.026415
1692	-92.13321	-258.8746	166.7414	7.523335	0.7819895	0.2189719	0.225567	0.04345698	0.4348415	2.259406
1698	-96.38713	-261.494	165.1068	9.090564	0.25915	0.3428873	0.5285452	0.03964839	0.2958967	3.051856
1704	-97.69873	-261.5657	163.867	8.095289	0.2430279	0.05653926	1.606953	0.8598523	1.159628	2.530811
1710	-89.48588	-251.5828	162.0969	9.80745	0.6295073	2.356912	2.838663	0.08716254	0.238531	1.8377
1716	-79.76359	-243.9468	164.1832	14.85615	0.9210869	0.4137508	1.089578	0.07238243	0.1491762	1.816288
1722	-84.88881	-245.7114	160.8226	17.03714	0.7623281	0.2099929	2.805054	0.9411244	1.380318	1.371846
1728	-79.6504	-243.5183	163.8678	9.528578	1.017099	0.1196208	0.4506409	1.405956	0.2660303	2.623004
1734	-79.2746	-243.5459	164.2714	12.31919	0.7098232	0.07576096	1.242415	0.7567277	0.2204318	1.971011
1740	-82.3342	-247.7913	165.4571	6.13377	0.6194189	0.3267496	2.353864	0.5475425	0.1771887	1.971011
1746	-73.09458	-233.097	160.0024	16.4622	1.811648	0.7209278	2.353864	0.3090661	2.044115	1.21738
1752	-85.46227	-246.9339	161.4717	12.30036	1.695171	1.147644	2.808213	0.3409385	0.07299496	1.797585
1758	-92.22972	-253.2981	161.0684	14.35322	1.198743	3.956425	0.8838151	0.7180068	0.0650506	1.096913
1764	-94.35128	-256.7347	162.3834	17.60213	0.821622	2.366558	0.3339515	0.9375416	0.1226426	1.233872
1770	-93.25672	-255.4068	162.1501	15.60022	2.437798	2.251235	0.390985	0.6348523	0.1247322	0.4901722
1776	-110.4391	-271.2584	160.8193	9.191319	0.7291129	7.345555	0.0495458	0.4418424	0.3901674	0.688054
1782	-97.62207	-259.6019	161.9798	11.19011	0.5620874	2.168597	3.220592	0.1636749	0.1080441	1.556159
1788	-90.88558	-255.1143	164.2287	9.396035	1.216362	2.168597	1.05021	0.5624259	0.06059574	1.156415
1794	-89.51617	-254.4287	164.9125	4.07137	0.6807437	1.138811	0.8377846	3.330072	0.7471411	1.156415
1800	-96.15551	-260.7324	164.5769	4.368128	0.3822733	3.599095	0.2943282	2.848711	0.2027032	0.6669983
1806	-103.0461	-270.1641	167.1181	4.728525	0.7039323	0.5591359	0.4175449	2.700975	0.1300247	0.7875939
1812	-104.5923	-271.2472	166.655	5.011872	0.6584541	1.463677	0.4175449	2.069444	0.1709391	0.8448747
1818	-93.68667	-259.2465	165.5599	6.308591	0.6584541	3.132726	0.5354289	0.5781698	0.07375802	1.120723
1824	-98.04405	-260.2899	162.2459	20.03618	1.342934	1.898575	0.01475613	0.708546	0.0681216	1.377836
1830	-98.40059	-264.5143	166.1137	5.644732	0.5670859	4.177406	0.2627372	0.1500001	0.01154443	0.5069811
1836	-96.87173	-260.4493	163.5775	7.322577	0.5820314	5.513742	0.2438154	0.09494119	0.4948944	0.635206
1842	-100.4566	-263.6867	163.2301	19.47365	1.036534	0.1961368	0.8433806	1.254316	0.052297	1.197405
1848	-96.45435	-258.8399	162.3855	18.11711	1.904193	0.01486911	1.735413	1.116051	0.1536288	0.7704319
1854	-95.64427	-260.5037	164.8595	11.39739	1.432366	0.05609428	1.735413	0.4154348	0.4340029	0.8676273
1860	-106.932	-267.6811	160.7491	6.799256	1.12959	4.246857	1.735413	0.3774754	2.318822	0.8858878
1866	-99.07891	-256.7636	157.6847	9.202853	0.5553072	6.692405	1.436857	0.4137539	2.322242	1.362937
1872	-102.9974	-261.7471	158.7497	13.78634	0.5071917	6.468187	0.08625924	0.05212512	2.322242	0.9517025
1878	-99.70512	-257.5068	157.8016	17.51043	0.7631819	3.180563	2.511456	0.1608424	2.287953	1.457194
1884	-103.0838	-265.2769	162.1931	8.905062	0.5861218	4.478486	2.119403	0.2446051	0.1162524	0.8812257
1890	-99.90304	-264.433	164.5299	7.651735	0.5861218	2.138902	1.830457	0.2898068	0.07159932	1.542698
1896	-97.26838	-260.6359	163.3675	10.17948	0.6843354	1.169488	1.472454	0.1890752	0.0995646	2.578151
1902	-106.1705	-270.7525	164.5821	10.43676	0.6221033	1.714393	0.6076298	0.04637348	0.3282272	1.933512
1908	-107.5088	-270.7541	163.2453	9.119686	0.9826261	3.641209	0.9715461	0.1823678	0.06682783	1.397846
1914	-106.2816	-269.2236	162.9419	9.704609	0.9611133	3.641209	0.5530097	0.5849002	0.3103895	1.315368
1920	-102.7098	-265.0452	162.3353	7.541895	0.2553857	1.936894	0.3480245	0.2886309	1.706783	3.220475
1926	-97.93224	-261.8155	163.8833	6.571708	0.1249091	2.3186	0.1045451	1.029757	0.05242309	3.080206
1932	-96.70976	-263.3933	166.6835	5.091201	0.05871528	2.144004	0.04282423	0.4499609	0.08069646	2.316182
1938	-101.3831	-269.924	168.5408	4.773767	0.09826363	0.7779402	0.004680201	0.1471349	0.05797359	2.316182
1944	-105.6532	-273.6266	167.9735	5.992123	0.3545232	0.5456867	0.01917073	0.1076808	0.2238788	2.183721
1950	-105.3351	-272.7177	167.3826	9.006735	0.3478844	0.5183905	0.0096322	0.02235774	0.2137191	1.857657
1956	-106.4952	-272.5625	166.0673	10.6258	0.6495342	0.9029593	0.04887871	0.0342646	1.07546	1.244159
1962	-87.44176	-253.6073	166.1656	13.36119	0.5374584	0.4096558	0.1115345	0.01379173	1.116754	0.8903295
1968	-94.75046	-260.0717	165.3212	13.93909	0.5374584	0.9881521	0.03851995	0.1950051	1.180797	0.8187335
1974	-94.72597	-260.1517	165.4257	7.143597	1.127544	0.3353355	1.210791	0.5297722	0.9495041	1.597251
1980	-93.53262	-255.9117	162.3791	21.04704	1.127544	0.3877798	1.453122	0.1253867	1.2596	0.7435906
1986	-94.89397	-259.4321	164.5382	14.89279	0.9818199	0.1955335	0.6176236	0.03771597	0.7449347	1.607324
1992	-103.2098	-266.0436	162.8337	13.70272	1.519777	0.2219317	2.208364	0.07528964	0.6098016	1.572034
1998	-119.638	-279.5736	159.9356	15.50872	0.8365128	1.139676	2.299417	0.0990196	1.946871	2.093347
2004	-94.24229	-257.0243	162.782	7.899165	0.3457787	2.538337	1.201244	0.09088826	0.8428145	2.572767
2010	-88.6668	-252.7895	164.1227	9.310142	0.5959402	2.438697	0.9738922	0.06373353	0.4928553	1.64785
2016	-93.52927	-261.2403	167.711	7.67935	0.3969811	1.60629	0.2232684	0.1917357	0.1229349	0.8162362
2022	-91.10998	-259.0677	167.9577	7.67935	0.3969811	1.560187	0.09126687	0.07726831	0.1135159	0.8834483
2028	-83.89324	-252.1026	168.2094	7.185231	0.4791267	1.560187	0.02610807	0.2438729	0.04407995	0.3843591
2034	-95.53179	-261.0967	165.5649	11.86444	0.4699716	2.239828	0.07023784	0.4596387	0.0550535	0.7844864
2040	-89.6555	-254.5877	164.9322	9.0204	0.4563772	3.580209	0.4189583	0.1842205	0.07564527	0.9360339
2046	-92.55833	-258.431	165.8727	6.620229	0.6838961	3.122066	0.8746558	0.06157802	0.01627796	0.8899683
2052	-94.96202	-257.6772	162.7152	15.71814	1.249206	1.142676	0.8600103	1.011281	0.0568745	1.518674
2058	-93.03983	-258.5579	165.518	8.139158	0.9752731	0.8319018	0.2414585	2.017611	0.0344074	1.261478
2064	-89.32383	-254.1177	164.7939	8.651248	0.4380757	0.7845249	0.2348236	3.360173	0.04784499	1.057632
2070	-86.33759	-249.786	163.4484	10.17871	0.648339	1.338942	0.6293724	2.961827	0.1695274	0.9954597
2076	-97.01288	-260.3106	163.2978	11.44101	1.65143	0.5874431	0.7076035	2.509844	0.04737432	0.9954597
2082	-97.16051	-260.2379	163.0774	15.39448	0.6901329	0.6787593	0.5785324	2.509844	0.0755164	1.116267
2088	-90.93578	-252.6442	161.7084	14.04569	0.7974828	1.099817	1.016601	3.136903	0.0658789	1.223948
2094	-93.42337	-256.4956	163.0722	14.04569	1.147985	0.28508	1.507448	1.515529	0.1324876	1.358122
2100	-100.6937	-263.1622	162.4685	14.53466	0.3205857	0.03875011	3.357009	0.9686816	0.1867136	1.508159
2106	-105.3132	-267.0557	161.7424	12.94172	0.4909367	0.07180123	3.823063	1.293469	0.4198077	1.446754
2112	-94.23327	-255.6285	161.3953	11.68171	1.130916	0.06390088	3.543446	1.417132	0.4198077	1.617885
2118	-89.68112	-252.1332	162.4521	11.68171	0.8695358	0.02926088	0.6266946	1.448842	0.7484414	2.787745
2124	-101.393	-266.3272	164.9342	7.70884	0.7476934	0.2273606	0.2385049	0.9423122	2.447167	1.457953
2130	-88.22221	-247.7516	159.5294	6.364307	0.7915767	0.07165307	1.487652	6.830722	1.533858	1.3469
2136	-92.30341	-254.3897	162.0863	9.782431	1.089175	0.03640496	0.9891359	2.125741	1.872438	1.87664
2142	-97.84616	-260.2491	162.403	9.101466	0.7139443	0.1581506	0.4930665	4.450945	0.2142031	1.87664
2148	-80.02432	-244.0201	163.9958	8.999431	1.123019	0.04790189	0.116239	3.151802	0.4541633	1.58122
2154	-83.57658	-248.6496	165.073	16.21782	1.206409	0.08020054	0.05318038	0.9017182	0.08881016	1.12611
2160	-103.9038	-263.3642	159.4605	18.67011	1.414353	0.8464081	1.117977	3.208512	0.2166647	1.59952
2166	-102.4055	-262.8138	160.4083	7.110425	3.052068	0.381293	2.507902	3.208512	0.2656606	1.4243
2172	-82.76079	-246.8058	164.045	10.21149	1.023198	0.3453045	2.448287	0.7119839	0.1811708	1.370856
2178	-92.79831	-255.7087	162.9104	15.74194	0.9749285	2.216082	0.8811459	0.1033488	0.369611	1.179219
2184	-111.5687	-276.342	164.7733	11.26507	0.4060912	0.1830225	1.647651	2.069022	0.03847115	0.6537059
2190	-95.20246	-259.1232	163.9208	15.58706	0.9652083	1.557266	0.7268203	0.1021942	0.04415295	1.325957
2196	-98.33795	-266.3314	167.9935	6.199825	0.5274347	1.203437	0.1963137	0.08151119	0.02260992	1.571034
2202	-110.1627	-273.6174	163.4548	9.037829	0.520184	3.080872	0.1532231	1.281755	0.3062487	1.637998
2208	-109.3626	-270.4824	161.1199	10.05783	0.5941844	3.236309	0.0839095	1.654107	1.605647	1.747973
2214	-107.8497	-268.4218	160.5721	21.67	2.105397	0.7305559	2.42124	0.234056	0.1396726	1.179984
2220	-88.94133	-252.2806	163.3393	13.33126	1.155068	0.3857784	2.034854	0.5181572	0.1396726	1.568473
2226	-91.45182	-256.1922	164.7404	7.821038	0.8882184	1.525982	1.349123	0.4675736	0.05866707	1.792951
2232	-95.80665	-258.8615	163.0548	10.66688	0.6289749	0.4128344	2.496896	0.4990919	0.04645281	2.382089
2238	-99.60373	-259.6579	160.0542	10.84707	0.7456957	1.696852	0.3157151	5.193825	0.5238676	1.388371
2244	-101.2809	-262.6618	161.3809	9.800196	0.8598683	0.3912024	0.4577293	5.306625	0.8734874	1.04613
2250	-102.108	-262.8887	160.7807	17.13569	0.7882786	0.07410112	0.3599557	4.095821	0.8734874	1.31365
2256	-104.7797	-269.7729	164.9931	5.743623	0.3838881	0.2151211	0.1729118	2.360513	0.6742875	2.527798
2262	-97.0664	-262.6711	165.6047	9.649092	0.4173777	0.5925955	0.0526575	1.319939	0.0214585	2.03475
2268	-102.4307	-265.2513	162.8206	11.19883	0.649217	1.537448	0.1176754	1.939386	0.1238433	2.245482
2274	-107.1919	-268.0829	160.891	7.820737	1.24064	1.704296	0.2170884	3.307079	1.187333	2.117449
2280	-110.9072	-276.5806	165.6734	5.025988	0.4618576	0.962932	0.1178877	0.9594171	1.625788	2.117449
2286	-102.1685	-258.954	156.7856	17.24604	0.674291	0.005865733	0.4453996	6.083508	3.006462	1.270081
2292	-91.64826	-254.0438	162.3956	10.85355	0.9054096	0.009643471	0.1463102	2.046657	1.921805	2.160925
2298	-92.14976	-256.4719	164.3221	6.569062	0.3428496	0.001813577	0.2084894	4.621441	0.2782972	1.632605
2304	-79.31466	-242.7621	163.4475	14.47889	0.9892346	0.02778527	0.4340902	0.6220787	0.9453128	2.123416
2310	-96.6438	-260.8942	164.2504	17.19401	1.127066	0.0819417	0.1002499	0.4030953	0.582844	1.627656
2316	-92.91752	-254.4843	161.5668	17.29644	0.4745101	1.339168	0.02108539	0.4536355	0.8422848	2.814023
2322	-89.56212	-253.4435	163.8814	12.21228	1.024562	1.999565	0.03616785	0.2338109	1.111585	1.25551
2328	-89.29789	-254.5648	165.2669	13.21027	0.6280525	0.3637065	0.01591888	0.08242633	0.821818	1.869631
2334	-105.9949	-267.5237	161.5288	6.165251	0.4070154	1.008186	0.04224943	0.8639815	3.087869	3.526591
2340	-98.85253	-265.129	166.2765	8.461057	0.245798	0.2436693	0.04757116	0.7104408	0.4566101	2.326063
2346	-93.59571	-256.1585	162.5628	7.213364	0.4449349	3.622868	0.0248573	1.453316	1.285654	1.708654
2352	-89.84586	-253.1456	163.2997	12.4235	0.853101	0.4081716	2.513835	0.2473786	1.000576	1.173958
2358	-92.1961	-257.7053	165.5092	7.146659	0.4301061	0.3261109	2.513835	0.1412343	0.5421799	1.679823
2364	-103.5831	-268.0807	164.4976	7.640641	0.4549963	0.4899292	1.784539	0.3847432	0.021721	2.738476
2370	-100.0179	-262.5325	162.5146	9.227183	1.058539	1.696893	0.7840827	0.1041756	0.5011384	2.971258
2376	-94.80203	-257.0489	162.2469	9.227183	0.8500156	2.984625	0.3399229	0.147343	1.026221	2.39586
2382	-94.46466	-258.0177	163.553	15.77339	0.5268565	1.557326	0.1831017	0.8419121	0.05235267	1.74065
2388	-96.13162	-257.8322	161.7006	20.35851	0.7845479	3.271482	0.4038086	0.2611323	0.1501026	1.075628
2394	-112.7946	-273.2622	160.4676	8.814754	0.6102629	0.6410375	0.6682164	6.519429	0.4514981	1.27021
2400	-92.46666	-255.0838	162.6171	14.01732	1.101346	2.808789	0.07719741	0.5175922	0.4028271	1.468978
2406	-99.44355	-262.5219	163.0783	12.28517	0.6056506	2.881235	0.09982535	0.7516625	0.636413	1.425579
2412	-91.78083	-251.4256	159.6448	19.77789	1.57434	1.813861	0.2851344	2.117356	1.142385	1.17427
2418	-100.2393	-262.174	161.9347	18.40437	1.687678	2.009553	0.478883	0.1632945	0.5710826	1.18886
2424	-87.08074	-250.1049	163.0241	10.49694	1.121421	2.447405	0.9033781	0.2490477	0.3953691	1.755646
2430	-93.53922	-255.7622	162.2229	7.728432	0.6993757	1.933394	0.2687628	0.1846814	2.961021	2.319848
2436	-89.5395	-250.4718	160.9323	13.26204	1.389947	1.516692	0.1974307	1.180924	2.961021	1.095718
2442	-89.20064	-251.6889	162.4883	9.25211	0.8600034	1.516692	0.0872295	0.27148	3.848316	1.375563
2448	-86.35809	-250.6974	164.3393	9.84027	0.7367002	0.2858827	0.1868557	0.5507215	2.771885	1.375563
2454	-102.233	-260.0727	157.8397	9.212113	1.109973	8.333575	1.11238	0.9386519	0.2896637	0.8873951
2460	-97.25217	-260.5054	163.2532	6.838191	0.8896779	0.3260754	0.5932765	4.813173	0.4429993	1.109539
2466	-106.7278	-270.2082	163.4804	8.72258	0.5185684	1.28556	0.0495555	4.610025	0.02721446	0.6281403
2472	-94.3055	-258.2546	163.9491	16.285	1.317308	0.05012848	0.1546327	0.8770372	0.4910263	1.564861
2478	-98.3665	-264.0579	165.6914	10.37358	1.204326	0.03439918	0.4156429	0.5739851	0.2013129	1.796884
2484	-101.9982	-265.194	163.1958	21.00351	1.362376	0.008784367	0.05010557	0.5739851	0.9476276	1.338707
2490	-96.18696	-259.2781	163.0911	22.70634	0.6560738	0.04178506	0.01848051	0.7008311	1.003462	1.573907
2496	-97.80091	-261.1366	163.3357	16.77682	0.3565398	0.06188243	0.009207185	2.377857	0.8190368	1.387666
2502	-96.24141	-260.3365	164.0951	8.558346	0.509528	0.4129789	0.2173376	2.377857	1.696363	1.384298
2508	-96.61164	-256.7435	160.1318	12.02723	0.7848678	0.2226669	0.3220949	2.558888	3.543622	1.832936
2514	-88.04287	-246.6741	158.6312	17.50103	0.7327681	1.29479	0.1162102	2.80024	2.571659	1.859521
2520	-80.68503	-243.1042	162.4191	11.2061	0.4664199	1.321828	0.007095541	2.278527	1.276277	1.859521
2526	-80.52862	-248.4183	167.8897	7.466231	0.6683941	0.0457803	0.07069752	0.3044636	0.2917855	1.72309
2532	-83.26241	-250.0618	166.7994	7.706769	0.6822986	0.03604062	0.1807603	0.5960896	0.139792	2.220009
2538	-91.46525	-258.3237	166.8585	9.801042	0.6206891	0.04092308	0.5145344	0.2962236	0.1025439	1.709898
2544	-109.8588	-273.51	163.6513	6.800332	0.9419528	0.5831696	0.9389675	2.296521	0.765156	1.9772
2550	-97.39952	-261.5454	164.1459	6.953239	0.7608379	0.9581381	0.7095643	2.359511	0.178006	1.9772
2556	-98.7324	-261.654	162.9216	13.36747	0.5637464	0.7268507	0.01118271	2.359511	0.06612012	2.193138
2562	-93.16008	-254.6407	161.4806	13.42404	1.283993	2.170558	0.7967156	1.569845	0.1254733	1.655942
2568	-97.80797	-256.5655	158.7575	8.437026	1.424563	0.7822194	4.494851	3.052843	0.3372765	1.755413
2574	-102.0497	-264.9278	162.8781	10.63716	0.7960198	1.13656	1.236475	1.659362	0.3250456	1.80062
2580	-110.4609	-270.1967	159.7358	6.814642	0.6580014	0.8490955	5.957578	2.875532	0.1461005	1.203234
2586	-91.56153	-252.3667	160.8051	5.890493	0.6468265	2.407196	4.665367	1.411221	0.701186	1.203234
2592	-96.57527	-261.9328	165.3575	5.358396	0.7444329	2.387501	0.3915442	1.568109	0.1764576	1.421208
2598	-93.89467	-258.054	164.1593	4.430125	0.9013248	3.042043	0.6712548	1.221016	0.676476	1.747285
2604	-92.56857	-259.0542	166.4856	4.731447	0.9013248	1.770793	0.5206711	0.05183465	1.066109	1.538152
2610	-110.0286	-274.0465	164.0179	6.802315	0.4590572	5.690891	0.1419686	0.181408	0.1968207	0.707289
2616	-105.876	-270.2659	164.3899	7.425948	0.9519551	3.499975	0.1528865	1.348794	0.1283252	0.6181059
2622	-103.2466	-268.4847	165.2381	8.18239	0.9519551	1.526865	0.2219499	2.013135	0.109265	0.8111976
2628	-109.9678	-269.2347	159.267	11.97638	0.9519551	2.391889	0.1375797	5.937266	0.1156031	0.818651
2634	-107.7718	-274.0989	166.3272	9.851897	1.040613	0.3722148	0.4090307	0.6006803	0.01906587	1.451941
2640	-123.8384	-278.9088	155.0704	18.63192	2.150681	6.852622	0.008857405	0.220311	2.039875	1.548024
2646	-110.7466	-271.6816	160.935	18.63192	0.4463526	2.196735	0.08982765	0.9471621	0.9728214	2.070965
2652	-111.9936	-274.9946	163.001	11.94349	0.3053719	2.305343	0.5178115	0.8959622	0.1628011	2.101233
2658	-103.7387	-270.9358	167.1971	4.291497	0.2642678	0.7519852	0.8844585	0.3220647	0.1967888	2.491365
2664	-107.8069	-272.5698	164.7629	5.750302	0.3588352	0.3701928	0.09448852	0.1164718	2.77803	2.722831
2670	-114.827	-275.3685	160.5416	12.24074	0.4503165	1.875645	1.053427	0.08940376	2.108049	2.722831
2676	-105.529	-270.2343	164.7053	5.555324	0.6020459	0.9828566	0.7881548	0.05834555	1.210508	2.861703
2682	-101.2281	-265.5174	164.2893	6.765596	0.6020459	1.181036	0.7260097	0.02565567	1.065528	2.802855
2688	-92.13554	-255.0143	162.8787	7.110569	0.6749052	0.1606251	2.828053	1.246031	0.1475297	2.685271
2694	-99.80472	-264.0495	164.2448	5.207107	0.4718612	2.137802	1.301497	0.3500173	0.3040801	2.685271
2700	-94.70109	-258.4033	163.7022	9.231519	0.9246633	1.733725	1.810728	0.3500173	0.2003544	1.643215
2706	-88.31757	-248.7431	160.4255	10.36594	0.7581706	0.2929499	4.303534	1.553166	1.277651	1.443728
2712	-90.97184	-255.3976	164.4257	10.42167	1.210942	0.2998369	1.354458	1.286218	0.3186763	1.199796
2718	-100.0154	-264.4521	164.4368	7.546725	1.711479	0.1752366	1.354458	0.2200104	1.97956	1.238455
2724	-89.44851	-257.7285	168.28	5.943661	1.158092	0.05217161	1.342655	0.2225402	0.07873704	0.4468942
2730	-93.52322	-263.6832	170.16	1.732533	1.75369	0.1729751	1.342655	0.2225402	0.07426753	0.7341811
2736	-113.2331	-280.319	167.0859	3.323044	0.7559177	1.390417	3.103784	0.2225402	0.01610843	0.5894353
2742	-99.69708	-265.7514	166.0543	5.353933	0.5411325	1.476362	3.103784	0.1788861	0.02327863	0.3608482
2748	-98.7087	-265.0261	166.3174	4.668759	0.4271445	0.9156926	3.754067	0.1353306	0.1883428	0.364683
2754	-90.98878	-256.8809	165.8921	4.942529	0.1914404	0.09525699	1.166459	2.068068	0.2004829	2.267169
2760	-93.69933	-254.8531	161.1537	11.61513	0.2933318	0.09525699	0.621046	5.913941	0.1700804	1.426285
2766	-95.16847	-257.5167	162.3482	6.063713	0.3466265	0.7151745	0.6996399	5.913941	0.2565338	1.426285
2772	-83.01028	-245.3003	162.29	9.232648	0.5786629	0.4175627	0.3676833	5.913941	0.1137086	0.8083907
2778	-96.27093	-255.358	159.0871	8.705692	0.8810893	0.6101834	1.764798	6.767074	0.2465585	1.303489
2784	-94.15418	-256.439	162.2848	13.89535	1.267683	0.4800946	1.682193	0.3171808	2.20261	0.8655139
2790	-90.77617	-253.6297	162.8536	11.50322	0.5414313	0.193318	1.916146	0.7662164	0.6213718	2.375772
2796	-83.93135	-249.1911	165.2597	7.858667	1.03296	0.193318	1.916146	0.8871863	0.1804895	1.464538
2802	-94.34117	-257.1608	162.8196	7.597601	1.402975	0.3338511	1.999265	2.405562	0.8113252	1.308073
2808	-89.03639	-255.9055	166.8691	7.988399	0.6225326	0.1859542	0.4506215	1.452803	0.08817823	1.267487
2814	-88.09672	-254.6853	166.5886	7.148661	0.8421533	0.1859542	1.730377	0.7127601	0.09351202	1.140436
2820	-89.11951	-257.5104	168.3909	4.419126	1.145695	0.1252041	1.703953	0.488616	0.01019688	0.6873931
2826	-90.35274	-257.3944	167.0416	7.336159	0.5437	0.2536357	1.703953	0.488616	0.04743881	1.137922
2832	-94.01966	-259.6003	165.5807	7.90696	0.322543	0.2536357	2.959411	0.6689268	0.06673157	1.137922
2838	-111.5047	-274.1314	162.6268	9.572638	1.040831	0.4381562	2.762008	1.077727	0.8096812	1.532937
2844	-96.75327	-258.5396	161.7864	12.85467	0.9771713	0.1525509	2.199511	2.407967	0.6764675	1.175797
2850	-96.52555	-263.1341	166.6086	6.246457	0.4002801	0.08987391	0.8965216	2.154912	0.1975179	1.307017
2856	-94.48513	-261.2288	166.7437	6.951783	0.5328681	0.3287187	0.3945347	1.960243	0.04969509	1.330563
2862	-95.75756	-260.5249	164.7673	8.209945	1.369585	0.8716295	1.701688	0.9659582	0.03865256	1.156555
2868	-92.9676	-259.138	166.1704	6.51874	1.245437	1.774685	0.3448335	0.1294847	0.04111002	1.697821
2874	-90.63996	-253.0091	162.3691	4.452574	1.221563	0.1467732	1.184486	5.235804	0.3563696	1.847547
2880	-94.86588	-255.8597	160.9938	6.323646	1.086318	0.06587213	0.8498238	5.235804	0.8433646	2.182222
2886	-104.6674	-269.1942	164.5268	10.09521	0.6109207	0.4658101	0.04175972	0.8331912	0.3703641	2.677671
2892	-107.2411	-270.1589	162.9178	10.09521	0.9306381	0.4813464	0.006363313	1.490513	2.790924	1.505319
2898	-95.30288	-252.8763	157.5734	14.09616	0.9101544	0.3305276	0.0004556285	0.324421	9.045058	0.8635416
2904	-89.07028	-255.3535	166.2832	6.534757	0.459496	0.242091	0.0002860129	0.2389836	2.947482	1.345008
2910	-91.31811	-258.4061	167.088	4.179822	0.4294143	3.348455	0.003519083	0.05410834	0.4339161	1.345008
2916	-91.32731	-259.0709	167.7436	7.085387	0.4237482	1.125211	0.2265385	0.08880712	0.08874636	1.528329
2922	-96.91802	-260.08	163.162	11.46612	0.6574346	3.470448	0.2968817	0.2122571	0.5832246	1.355754
2928	-119.4492	-284.5884	165.1392	4.6938	0.8959642	3.470448	0.6740217	0.4476429	0.6160011	1.201269
2934	-106.0236	-269.0534	163.0298	8.107645	0.4875682	3.470448	0.5267919	0.1359156	1.150376	1.874358
2940	-89.9228	-252.5357	162.6129	4.965599	0.4827073	2.447552	0.8039472	0.1727344	3.677241	1.874358
2946	-82.93847	-247.4526	164.5142	11.17622	0.5438205	1.371233	0.23014	0.01848338	0.8649214	2.018306
2952	-87.47236	-250.8358	163.3634	10.85838	0.4793744	2.407763	0.05807601	0.03210803	1.312214	2.010269
2958	-85.58273	-249.4526	163.8699	15.08603	0.4700998	0.5153316	0.03166531	0.1340208	1.281655	2.130978
2964	-109.2872	-272.9776	163.6904	15.28068	0.7600232	0.1603492	1.166351	0.07935098	0.5727689	2.016168
2970	-94.88893	-255.928	161.039	15.89973	0.7569758	0.38779	1.42901	0.3826345	2.8247	1.644426
2976	-85.68121	-251.3107	165.6295	6.369611	1.15668	0.09439406	0.4651382	0.3826345	2.8247	1.082187
2982	-103.0766	-265.0311	161.9546	11.22239	0.9724416	1.0555	0.4502491	0.2693453	4.295866	0.8531038
2988	-87.65251	-253.4202	165.7677	5.470039	0.450023	0.6063553	0.1170777	0.08651102	4.124751	0.9036113
2994	-91.93819	-254.7975	162.8593	13.18394	0.3028962	0.3077597	0.3229814	0.2194087	3.759737	1.44918
3000	-87.47954	-250.6482	163.1687	11.73729	0.6587063	0.1693199	0.2510094	0.4474899	3.759737	1.230651
3006	-95.94381	-258.474	162.5302	15.47238	0.6225311	1.285548	0.3264425	0.339826	2.658629	0.9493331
3012	-89.32594	-250.505	161.1791	15.90311	0.7583375	2.007868	0.1599431	0.6474254	3.021599	0.8175113
3018	-97.52256	-262.8169	165.2944	8.242944	0.8255627	2.007868	0.06387049	0.3343875	1.455181	0.8811447
3024	-96.98338	-262.9356	165.9522	8.984595	0.8841737	0.9678866	0.05024184	0.04290987	1.455181	1.223989
3030	-95.38755	-262.661	167.2734	6.111993	0.438609	0.2554859	0.07730272	0.02556053	1.921995	1.623896
3036	-100.7776	-266.0477	165.2701	8.027717	0.2725205	0.09439845	0.0440333	0.02130411	3.378729	1.701066
3042	-99.78368	-263.4543	163.6706	14.55693	0.5984637	0.2987515	0.6115564	0.1968273	1.462053	1.86157
3048	-88.8853	-254.0345	165.1492	8.832056	0.5984637	0.4227972	0.6148141	0.02012743	1.336859	2.134474
3054	-110.584	-273.3751	162.7912	9.480134	0.5435717	0.0331408	0.1001491	0.1018608	5.488167	1.32406
3060	-92.14357	-254.2892	162.1456	14.69207	0.9995608	2.106606	1.240463	0.05523739	0.5487087	1.657559
3066	-89.16604	-250.9473	161.7813	11.25488	1.182247	0.1567923	3.023008	0.2273821	1.476189	1.795892
3072	-95.02636	-257.3718	162.3454	11.85645	0.9969404	0.2339917	0.9242455	0.8368047	2.361229	1.774191
3078	-93.81048	-259.4519	165.6414	6.149914	0.4626807	0.1509767	1.009131	0.1431153	2.805346	1.447583
3084	-93.76961	-259.9129	166.1433	6.149914	0.8434056	1.120269	1.009131	0.1834711	0.4368527	1.792557
3090	-91.58562	-254.5692	162.9836	8.959002	0.6441829	2.035841	2.680817	0.1081623	0.345658	1.65722
3096	-90.95196	-255.6741	164.7221	4.555625	0.5527483	2.276178	1.642487	0.5787036	0.3687884	2.059817
3102	-83.31101	-248.7281	165.4171	6.60103	0.5647631	0.07754379	0.927507	2.666909	0.180226	1.579613
3108	-82.01828	-246.2764	164.2582	6.60103	0.6327337	0.2899916	1.472386	3.174358	0.3891855	1.285014
3114	-96.5466	-257.8689	161.3223	8.255452	0.4951845	0.704702	2.877501	1.788552	0.2116532	2.735959
3120	-94.46801	-255.2395	160.7715	14.13718	0.4951845	0.704702	1.437617	1.086068	0.04132143	3.361615
3126	-86.4415	-248.5848	162.1433	9.7531	0.8820953	1.678029	1.272862	1.086068	0.1683107	2.511527
3132	-91.53571	-254.0294	162.4936	6.819884	0.6896667	1.678029	1.202496	1.086068	0.1959035	3.116064
3138	-85.61349	-251.6958	166.0823	7.518363	0.6596491	1.678029	0.1875092	0.7871922	0.09801983	1.54812
3144	-95.53851	-257.1082	161.5697	7.518363	0.3674606	3.529201	1.913266	0.1050558	1.82138	1.683287
3150	-97.83648	-262.5063	164.6698	11.66514	0.8458102	0.6055369	0.7001605	0.02950557	0.7987585	1.847001
3156	-86.68672	-251.6948	165.0081	8.773354	1.003179	0.6055369	2.071172	0.06901514	0.2006496	1.590239
3162	-92.80234	-253.2325	160.4302	9.667419	0.4864717	3.550929	3.218847	0.4371672	0.663543	1.484978
3168	-86.09872	-248.0263	161.9276	11.90398	1.590965	3.550929	0.3106111	0.233637	0.9497842	1.092256
3174	-86.24394	-247.3225	161.0786	11.90398	1.501773	3.550929	1.293754	0.1886918	0.9497842	1.092256
3180	-89.44745	-252.6119	163.1645	7.59624	1.378593	4.737537	0.683636	0.3248812	0.1367917	0.4713403
3186	-86.35778	-251.7933	165.4355	6.908976	0.7203645	0.918598	0.2396666	1.975581	0.0908287	1.807346
3192	-95.70106	-257.8119	162.1109	10.3155	1.47111	0.5739755	1.600051	2.339893	0.02875765	1.807346
3198	-104.4396	-264.9027	160.463	13.63285	1.256062	1.471421	0.3726684	3.017706	0.4296952	1.907015
3204	-107.0692	-268.0911	161.0219	13.63285	0.8760811	2.848578	0.07611105	0.9311516	0.9875202	2.086623
3210	-96.14595	-258.9668	162.8209	7.283163	0.8760811	0.8471463	0.559744	1.251996	2.808563	1.848686
3216	-76.48767	-238.6373	162.1497	9.799838	0.8760811	0.3569488	2.524217	1.047831	0.9985514	2.037877
3222	-99.19142	-258.2332	159.0418	12.36747	0.8760811	0.05806754	2.33688	2.571368	0.7592732	2.988835
3228	-90.48422	-254.6607	164.1764	7.392634	0.6210871	0.06035947	0.6449306	0.4567893	1.360252	2.988835
3234	-100.6599	-262.2974	161.6375	10.91513	0.527308	0.3338228	1.406643	0.6173982	3.811285	1.521706
3240	-103.6461	-264.7356	161.0896	12.63961	0.639133	0.5520184	0.3016539	0.154698	5.960238	0.6920531
3246	-97.71419	-260.8693	163.1551	12.63961	0.7328416	0.6233474	0.05679905	0.4803712	3.415951	0.9849523
3252	-94.40829	-259.8454	165.4371	13.4665	0.7673902	0.06941877	0.3264648	0.0498936	1.509044	1.062165
3258	-105.6635	-269.4902	163.8267	8.604165	0.6588155	0.5172553	0.2019224	0.7736689	2.273261	2.117102
3264	-106.8045	-273.19	166.3855	5.871034	0.470293	0.8801912	0.1472924	0.06398149	1.43619	2.117102
3270	-106.7865	-270.3675	163.581	9.580565	0.4245919	0.8801912	0.3421577	0.07786885	2.2836	2.322109
3276	-98.47939	-263.6441	165.1647	8.089436	0.4666603	1.883403	0.0904842	0.203587	1.193536	1.739889
3282	-97.97285	-254.117	156.1441	9.89321	0.3530554	2.302098	6.928819	0.3063763	2.086934	1.904346
3288	-92.59807	-256.1096	163.5115	9.995966	0.4400067	0.08086949	3.754448	0.01585216	0.5801525	1.699787
3294	-94.28822	-259.6301	165.3418	10.82352	0.3308171	0.3537603	2.236908	0.08249407	0.1008608	1.45836
3300	-106.5798	-270.5724	163.9926	10.23531	0.5010263	0.06629742	2.558381	0.05068414	0.293148	2.264307
3306	-100.9276	-266.0709	165.1434	8.293572	0.6788139	0.3907817	0.06067303	0.07707534	0.7391389	2.915619
3312	-104.0198	-269.649	165.6292	10.1405	0.6788139	1.923773	0.09930377	0.02036134	0.3058837	1.464168
3318	-104.3266	-266.908	162.5814	11.14951	1.328602	3.139751	0.2823386	0.5443739	0.8964716	1.107012
3324	-95.07654	-257.3303	162.2538	16.32832	1.330757	2.984246	0.7673447	0.1336818	0.1783669	0.8504535
3330	-95.07194	-256.6033	161.5314	10.17094	0.8338762	5.490998	0.2734525	0.2929265	0.9765422	0.7612063
3336	-109.6733	-269.6183	159.945	16.78362	0.7659732	5.043092	0.3801924	0.7452632	0.8313257	0.5349021
3342	-95.36235	-257.4383	162.076	9.721369	1.25495	5.043092	0.3440777	0.0545474	0.8313257	0.6680877
3348	-99.78705	-259.4543	159.6672	17.87794	1.328939	2.840833	0.3440777	0.2331806	3.031029	0.6193478
3354	-106.3216	-267.8572	161.5356	12.92741	2.334515	2.840833	0.224553	0.127195	1.241294	1.063675
3360	-102.7156	-267.6243	164.9086	10.92988	1.674301	0.2511808	0.312427	0.03133703	1.941346	0.8139435
3366	-98.90424	-263.4155	164.5112	9.872152	1.577395	0.2436667	0.7527778	1.113182	0.23231	1.69508
3372	-79.95795	-243.5068	163.5489	14.70459	1.446918	1.264947	0.08295483	0.1726545	1.094366	1.26268
3378	-81.56066	-245.7997	164.239	12.33316	1.069585	1.264947	0.05977428	1.256659	0.2346006	1.359114
3384	-80.09566	-240.1047	160.0091	19.80605	1.235174	1.447571	0.1279106	2.200815	1.328108	1.359114
3390	-82.09726	-244.8148	162.7175	12.81545	1.530478	0.02886022	0.1580193	2.627755	1.638981	0.5558198
3396	-81.57748	-244.3437	162.7662	14.86447	1.66269	0.3886211	0.2806867	2.627755	0.4406314	0.4613007
3402	-87.19851	-253.1049	165.9064	8.72819	0.8365249	0.297093	0.08783593	2.636438	0.1325503	0.3079453
3408	-84.47587	-251.9983	167.5224	7.487756	0.5447213	0.07407448	0.04483263	2.096582	0.09552538	0.3142841
3414	-85.89731	-252.1395	166.2422	9.38417	0.7364455	0.1360689	0.2262628	2.092009	0.2394296	0.3142841
3420	-87.61941	-252.0681	164.4487	13.0025	1.297431	0.1632635	0.07679157	2.092009	0.5535027	0.3979564
3426	-80.31965	-245.0015	164.6819	13.53294	1.116138	0.08990451	0.04525708	2.092009	0.4790299	0.5670052
3432	-88.62296	-249.2687	160.6458	9.032943	1.003051	0.2723137	0.04525708	1.343956	6.569558	0.5670052
3438	-109.6876	-271.826	162.1384	12.71228	0.9679907	0.2537298	0.2163736	0.285243	4.846287	0.6279177
3444	-109.7779	-271.872	162.0942	18.87011	2.201976	0.145147	0.7196185	0.02203994	2.0477	0.6279177
3450	-96.43356	-258.9087	162.4751	23.93111	1.256961	0.4963244	0.4623827	0.02762236	1.244463	1.024846
3456	-90.92499	-256.7452	165.8202	13.08796	1.054689	0.1041495	0.3303705	0.03961973	1.081137	0.8887976
3462	-91.01355	-254.3031	163.2895	11.77981	0.7610706	0.1619834	0.4573112	0.6434529	2.960624	1.367644
3468	-83.3699	-247.9863	164.6164	11.02728	1.285678	0.1297117	0.2348861	0.6434529	1.77538	1.216777
3474	-95.09804	-253.1961	158.0981	14.91641	0.5003487	4.821109	0.1802782	0.05637493	3.161045	1.814212
3480	-96.20227	-259.6161	163.4139	9.845761	0.6953424	2.644509	0.04320187	0.04437962	1.42771	1.814212
3486	-108.7567	-271.0033	162.2466	7.83575	1.928798	3.797425	0.8533259	0.06919224	0.9947723	1.12854
3492	-95.38025	-259.8331	164.4528	8.281601	2.023043	1.336961	0.3025019	0.2741071	1.264471	1.18616
3498	-110.1983	-266.5395	156.3412	17.77608	3.117093	2.270007	1.506887	0.05809595	4.063225	0.8074142
3504	-91.46028	-250.2629	158.8026	12.46501	0.7816062	4.942522	3.037823	0.5652196	0.4945985	0.8640298
3510	-91.69524	-254.2914	162.5962	10.58211	1.068646	4.942522	0.1964637	0.3083164	0.2255454	0.635759
3516	-94.35036	-256.8835	162.5331	9.235647	1.046672	4.942522	0.6069872	0.1182507	0.5622544	0.5616778
3522	-96.05278	-260.4111	164.3583	12.97759	0.3791188	0.2229506	0.1349858	0.2466792	2.344462	1.555563
3528	-102.2467	-267.912	165.6653	8.860414	0.8310882	0.01079369	0.04650893	0.0708592	1.891084	1.878949
3534	-91.10691	-256.0854	164.9785	9.563994	0.6773847	0.06021926	1.345076	0.1618512	1.467576	1.582663
3540	-98.83672	-264.0091	165.1724	11.29958	0.9318418	0.5032485	0.03616631	1.46766	0.5134412	1.197589
3546	-91.65028	-252.0284	160.3781	15.74016	0.7867509	1.25129	0.1099871	2.428464	1.222067	2.109721
3552	-105.4467	-268.0306	162.5839	5.457248	0.7032488	2.606367	0.5091441	0.9098302	1.188646	2.797479
3558	-111.5809	-273.1039	161.523	5.034856	0.7032488	0.09468995	0.1185492	1.114279	5.47889	2.60263
3564	-91.58535	-256.324	164.7386	4.989829	0.4831229	0.2954789	1.043601	0.9851632	0.09670596	3.450289
3570	-94.99319	-256.3295	161.3363	6.795306	0.8815412	2.321444	0.2516538	1.954616	0.2520516	3.328389
3576	-91.08577	-256.9141	165.8284	8.794267	0.6795254	1.045661	0.2516538	1.20252	0.04806116	1.51222
3582	-86.4319	-249.1754	162.7436	10.55884	0.6209206	1.631235	0.09858828	3.177694	0.1866515	1.51222
3588	-87.6673	-250.6914	163.0241	10.64673	0.6209206	1.58127	0.3802933	2.025919	0.3903822	1.804498
3594	-84.92282	-244.7183	159.7955	15.89049	1.047388	1.005133	2.119286	2.982193	0.1212425	1.461125
3600	-90.47956	-252.9979	162.5184	14.75436	0.8867792	0.1004555	0.8913705	2.747741	0.2792002	1.402266
3606	-102.3983	-266.5813	164.1831	6.68908	0.586843	0.05315136	0.4211781	3.348828	0.0725018	2.341456
3612	-77.13725	-241.7056	164.5684	6.037795	0.6011841	0.07305614	3.174455	0.1396707	0.09458864	2.534038
3618	-83.64023	-248.2621	164.6218	7.523957	0.6475995	0.8566955	1.328919	0.5195184	0.05922703	2.520074
3624	-92.47864	-258.6231	166.1445	5.078729	0.6475995	1.93368	1.54051	0.05320852	0.06085988	1.706315
3630	-101.7139	-264.5642	162.8503	8.266727	0.9409473	3.778833	1.661949	0.08231363	0.06884281	1.41119
3636	-91.67437	-255.8371	164.1628	13.32428	1.445857	0.2378436	1.661949	0.2190193	0.08486157	1.388852
3642	-89.41135	-255.0751	165.6637	8.737996	0.7517009	0.9344369	1.239611	0.3769277	0.2408207	1.412615
3648	-96.92745	-260.4409	163.5135	7.889102	1.033506	3.966155	0.1516836	0.6349196	0.2260074	1.412615
3654	-96.97172	-260.5264	163.5547	7.779343	1.033506	0.1959573	0.1298813	2.968988	1.685583	1.412615
3660	-97.16024	-259.9944	162.8342	14.11878	0.759186	0.1338216	0.6462236	3.440179	0.2576275	0.980537
3666	-95.56404	-257.1308	161.5668	28.15355	1.27246	0.01819083	1.150661	0.7041567	0.5107292	1.071
3672	-91.52838	-255.6458	164.1174	18.28042	1.280159	0.2570614	1.150661	0.04274949	0.4571871	0.7242315
3678	-97.09831	-261.9944	164.8961	16.89553	0.8236893	0.6952731	0.2379659	0.05164016	0.4184088	1.234116
3684	-80.40044	-247.7468	167.3463	6.820713	0.7394039	0.5300425	0.05327041	0.1872259	0.678993	1.725674
3690	-78.68649	-244.1233	165.4368	7.652225	0.6125697	1.846009	0.05214165	0.06114344	0.9816269	1.866022
3696	-88.97377	-251.6995	162.7257	7.921275	0.3093127	2.809369	1.010547	0.08847596	0.4453958	2.820571
3702	-120.0659	-282.8034	162.7375	6.235893	0.3018537	0.1912205	1.51876	4.535203	0.09868982	2.005776
3708	-95.24378	-254.7993	159.5555	10.95807	0.445229	1.667445	2.419826	3.486968	0.05373653	2.005776
3714	-101.9874	-259.4835	157.4961	7.042218	0.3874595	2.043005	5.899404	0.6915164	0.1871292	3.438822
3720	-98.58373	-265.4025	166.8187	6.855879	1.800379	0.4741169	1.11094	0.04760219	0.2947206	0.8702749
3726	-98.44107	-261.8397	163.3986	10.78697	0.8896423	3.091413	1.293324	0.1483354	0.008790461	1.156342
3732	-87.78485	-254.6638	166.879	11.6458	0.6228733	0.6730071	0.614763	0.1059127	0.07794516	0.7096926
3738	-89.54374	-255.2856	165.7419	10.08159	0.7717174	1.765693	0.9529227	0.0477476	0.2502979	0.5126984
3744	-92.21254	-254.7471	162.5346	10.67102	0.5045187	4.516832	1.597762	0.07535405	0.1028828	0.5695849
3750	-99.83036	-259.5677	159.7374	12.02697	1.331547	2.722007	1.672922	1.794146	0.3729495	1.786701
3756	-98.69092	-254.5837	155.8928	26.46373	1.331547	2.261673	1.231116	3.448224	0.3180948	1.846406
3762	-98.00727	-260.0427	162.0354	13.92853	1.440913	2.863798	0.7755574	0.09847735	1.075377	0.7846304
3768	-99.78492	-263.1229	163.3379	9.570179	1.153212	3.606023	0.395386	0.01494943	1.075377	0.7846304
3774	-105.2265	-263.4765	158.25	25.35999	0.8360098	2.390849	0.163347	0.8373963	2.064396	1.929821
3780	-97.13786	-260.2264	163.0885	13.31844	0.9335824	2.390849	0.1953333	0.7885816	0.4856694	1.334604
3786	-99.05353	-259.9416	160.8881	20.24156	1.485688	1.030952	0.1953333	1.348037	0.2900694	2.084843
3792	-96.47347	-259.5164	163.0429	6.49024	0.7329178	0.2391273	1.721913	3.546614	0.5484887	1.616535
3798	-97.77095	-265.2086	167.4376	7.179423	0.7085956	0.4054224	1.25652	0.1882083	0.07356575	1.20209
3804	-95.95477	-261.0172	165.0624	9.894996	0.9328477	0.03694119	0.7090524	1.024044	0.4169318	1.862544
3810	-95.19871	-260.8416	165.6429	13.27598	0.7929218	0.02056295	1.659834	0.06379158	0.02107308	1.071064
3816	-100.2591	-267.3575	167.0984	9.757287	0.4533144	0.003385316	1.659834	0.009247566	0.03372377	1.071064
3822	-99.69729	-266.0337	166.3364	9.787506	0.4533144	0.03138223	2.207344	0.05437257	0.277301	0.9603892
3828	-102.7108	-268.9223	166.2115	9.716406	0.5595893	0.5638868	2.014246	0.07572602	0.1661374	0.6954332
3834	-92.85628	-255.7962	162.9399	12.18205	1.112085	2.320465	2.077078	0.1281077	0.2982582	0.5748175
3840	-100.0312	-261.6183	161.5871	12.22461	0.7014713	1.083627	4.962455	0.1690978	0.200603	0.8501724
3846	-101.8522	-259.9218	158.0696	6.007485	0.6402546	1.825101	6.013755	1.920842	0.6940928	2.218393
3852	-98.27066	-261.3764	163.1058	14.64953	1.02783	0.1845475	1.64652	0.7056076	0.4644335	1.637597
3858	-101.5877	-260.3921	158.8043	14.96582	1.277116	0.2379651	1.716813	2.95675	0.6482175	2.570271
3864	-92.92175	-256.3901	163.4684	7.187737	0.4711663	0.2315047	2.040782	1.790068	0.3273111	2.420712
3870	-97.29779	-259.6575	162.3597	8.011214	0.4054175	0.2341456	2.509785	2.296123	0.1547497	2.446533
3876	-97.45896	-260.4131	162.9542	8.974829	0.5972148	0.05858928	1.961808	1.498536	0.368419	2.549561
3882	-111.7953	-267.7458	155.9505	10.13283	0.709437	0.4799197	3.907235	5.776514	0.6947383	2.249665
3888	-88.08863	-244.7969	156.7083	12.89386	0.5403568	0.357216	0.8379833	4.272895	4.024696	2.216726
3894	-89.07033	-248.0282	158.9578	12.37916	0.9649838	0.357216	0.8513704	3.584382	2.246817	2.16679
3900	-86.25367	-246.7112	160.4575	12.37916	0.918303	4.457621	1.559826	0.1103304	0.2282139	1.644173
3906	-91.17279	-252.5964	161.4236	11.59723	0.8200077	2.853894	1.932555	0.3276808	0.07717939	2.005592
3912	-88.57556	-250.2654	161.6899	7.863181	0.8200077	3.386169	1.932555	0.3276808	0.1327294	2.274088
3918	-96.07783	-256.7124	160.6346	18.25269	0.5665276	1.240521	3.203176	0.8062279	0.01927073	1.513071
3924	-106.517	-265.5259	159.0089	18.25269	0.9306073	1.346665	0.04280003	4.926062	0.1880826	1.53327
3930	-100.2948	-254.0836	153.7889	11.60685	1.14085	11.35424	0.958778	0.4279504	0.8754284	1.185863
3936	-100.1043	-262.8603	162.7561	10.18673	0.8731232	0.7388467	0.7903716	0.2768028	3.139356	1.515108
3942	-99.96268	-262.4987	162.536	11.21118	1.291267	1.317732	0.6533747	0.07479035	2.927816	1.063544
3948	-95.40669	-258.1076	162.7009	8.727528	1.805381	1.272228	3.44498	0.03083742	0.3063665	1.123077
3954	-111.071	-274.7788	163.7078	8.120967	0.6671673	3.954275	0.6268568	0.04495185	0.9793657	0.9335536
3960	-110.0633	-277.2198	167.1565	3.197909	0.7602695	1.026722	0.7322564	0.07701034	1.606037	1.796462
3966	-111.7151	-277.1184	165.4034	3.146385	0.4697212	1.026722	1.182231	0.1103048	3.201453	1.796462
3972	-111.1606	-276.7343	165.5736	5.893965	0.2959223	0.4172115	0.4808063	0.09077251	2.944668	1.828685
3978	-113.2745	-276.095	162.8206	8.942375	1.267587	0.2549143	1.532732	0.2207657	2.944668	1.483254
3984	-111.6155	-272.7199	161.1043	11.8527	1.37087	0.2517869	1.716116	0.0678325	3.687966	1.409599
3990	-104.5193	-265.5415	161.0222	9.676015	1.22215	0.05509297	1.716116	0.08904155	5.298224	0.9548786
3996	-98.379	-259.9763	161.5973	9.171665	0.4724531	0.007688475	1.716116	0.3429335	5.1324	1.238873
4002	-100.4932	-262.7819	162.2887	13.26727	0.9681709	0.0697087	0.8771032	0.8998409	2.084235	1.853004
4008	-109.2937	-266.6985	157.4048	24.70258	1.188743	0.127025	0.2740981	2.687657	3.136581	1.816549
4014	-98.85094	-266.073	167.222	6.656169	0.7639813	0.03568202	0.005290306	0.1545075	1.959506	1.326941
4020	-103.7256	-270.7371	167.0115	8.269258	0.2987801	0.07906729	0.006932327	0.2202762	1.980494	1.238449
4026	-101.7961	-266.0449	164.2489	10.37242	0.6005391	2.901921	0.1032095	1.445073	0.07202642	0.7014666
4032	-98.04827	-262.7431	164.6948	12.47082	1.235154	1.397065	0.06724208	1.100842	0.2443186	0.7014666
4038	-96.60802	-258.1338	161.5258	11.74458	0.6856732	0.1750043	0.2554782	4.118288	1.658785	1.258897
4044	-97.6431	-259.2895	161.6464	13.87608	0.813496	0.001165497	0.435078	0.3675131	5.106915	0.6777602
4050	-83.35476	-249.5515	166.1968	10.77628	0.2644058	0.03850027	0.1440005	1.803181	0.4441592	1.104717
4056	-97.42921	-261.1095	163.6803	7.862077	0.8110035	0.1884579	0.1189049	0.8535753	4.074341	1.260457
4062	-97.9334	-261.8047	163.8713	7.550648	0.5779267	0.450547	0.3040005	1.00687	4.074341	0.8395122
4068	-95.91429	-258.4209	162.5066	9.209886	0.5015636	0.3282163	0.2732464	2.107426	4.074341	0.6430204
4074	-102.3311	-265.2777	162.9466	14.41181	2.182083	0.1306832	0.3293765	0.383883	2.128011	0.8663746
4080	-91.36238	-256.8821	165.5198	8.226475	0.6812067	0.1572262	0.9354325	0.2162167	2.447583	0.9150154
4086	-91.79325	-255.0849	163.2916	15.49881	0.8034821	0.2965049	0.8833771	0.1580818	2.447583	0.8048457
4092	-93.87752	-259.4857	165.6082	9.226695	1.427921	0.06511091	0.5944393	1.54257	0.5745165	0.562567
4098	-98.07719	-260.1228	162.0456	16.21227	0.8305862	0.06257608	1.683447	1.638433	0.8709283	1.355242
4104	-108.3095	-272.4708	164.1614	6.989231	1.300661	0.1861635	2.034871	1.127979	0.5364725	1.806728
4110	-99.81524	-266.3627	166.5475	6.974479	0.5552509	0.0432746	1.120085	0.1423041	0.6510232	2.006242
4116	-86.80129	-252.8597	166.0584	9.732365	0.8295812	0.009108413	1.396078	0.7883829	0.07015234	1.174453
4122	-89.30235	-255.7179	166.4156	7.989909	0.6322344	0.01724551	0.78363	0.2290822	0.420489	2.106675
4128	-93.82917	-261.2292	167.4001	7.989909	0.5287419	0.05927722	0.78363	0.1587769	0.6230599	1.360355
4134	-87.68438	-254.5497	166.8654	7.989909	0.5287419	0.09403514	1.7726	0.07198517	0.6914226	0.9405272
4140	-91.10238	-257.0787	165.9763	9.169006	0.3259736	1.133375	2.097829	0.09126479	0.04773598	0.8479645
4146	-83.88097	-250.8351	166.9542	8.697322	0.9116441	0.7070775	0.9527923	0.05196001	0.1043328	1.019597
4152	-99.85013	-266.2717	166.4216	10.16322	0.7542942	0.5972685	1.531706	0.1274675	0.02928631	0.6597109
4158	-96.04912	-261.4795	165.4304	7.051161	0.7542942	0.5972685	2.186507	1.606492	0.02663177	0.6727294
4164	-113.3983	-272.106	158.7077	8.02395	2.027016	1.150307	4.764651	0.4091665	0.5458386	2.664357
4170	-103.6688	-264.3356	160.6669	9.225289	1.250333	1.608963	4.232009	0.2081664	0.8315813	1.589576
4176	-106.9318	-270.5937	163.6619	6.483095	0.8271984	0.5920911	2.552802	0.08952035	0.2901966	2.802351
4182	-101.1158	-268.4018	167.286	3.41004	0.9200805	0.09882806	0.505937	0.1401624	0.623344	2.848737
4188	-90.06894	-255.7041	165.6351	3.445685	0.9200805	0.9317502	2.986912	0.09481341	0.4058531	1.946653
4194	-101.7737	-265.8522	164.0785	8.416914	0.3831067	0.07313533	3.029929	0.9053993	0.7101647	1.522489
4200	-97.97093	-260.5355	162.5646	10.39365	0.5624943	0.7619564	0.1380663	0.9053993	2.946194	1.957698
4206	-94.95843	-257.0466	162.0882	13.11495	0.9363481	2.497749	0.02254947	0.6397227	1.289483	1.682117
4212	-88.68691	-253.9477	165.2608	17.34671	0.9864519	1.015794	0.06277772	0.06407815	0.1270197	0.7106275
4218	-82.22359	-249.8764	167.6528	8.642246	0.9950722	1.015794	0.2286636	0.04900217	0.02451247	0.6988672
4224	-87.2414	-254.264	167.0226	8.876033	1.038459	0.9316493	0.05234323	0.06319159	0.4338711	1.091231
4230	-97.24952	-263.2468	165.9973	11.1009	1.020642	1.060325	0.2389836	0.03479515	0.4069681	1.133078
4236	-80.6262	-249.8669	169.2407	2.576539	1.020642	1.060325	0.04466491	1.425925	0.2988697	0.6216604
4242	-84.22009	-249.179	164.9589	7.811473	0.3195991	1.957653	0.06107432	1.62895	0.8771686	1.212598
4248	-96.38683	-257.2747	160.8879	21.12903	0.353853	0.5809932	0.06107432	3.318352	1.229589	1.066406
4254	-91.38934	-257.2504	165.8611	5.954385	0.9175587	0.2545399	0.4997922	0.224179	2.766751	1.27291
4260	-108.7145	-271.083	162.3685	16.19706	0.5631742	0.03143248	2.440909	0.2485558	1.738954	1.141048
4266	-102.6858	-263.7505	161.0646	17.35223	0.4059758	0.09868785	0.8399876	0.04536965	4.830109	0.9937277
4272	-99.98093	-264.8451	164.8642	9.166985	0.7174066	0.561691	0.1131043	0.09461163	1.315708	2.363797
4278	-98.42011	-262.0145	163.5944	16.01971	0.7174066	0.1833136	0.1032286	0.1568129	2.117465	1.585896
4284	-101.2914	-262.7751	161.4837	10.97348	0.7174066	0.4548876	1.059075	0.3342065	3.48144	2.067521
4290	-87.82532	-252.9594	165.1341	10.97348	0.7174066	0.06843279	1.059075	0.7914582	0.5496561	1.518539
4296	-100.7584	-265.4094	164.651	9.512433	0.893762	0.05082761	0.5090355	1.115335	1.151269	1.821402
4302	-100.0376	-261.4945	161.4569	10.33206	0.9980088	0.03645049	0.8815769	1.281969	3.189366	1.994019
4308	-85.76804	-249.3397	163.5717	9.386123	0.9853445	0.03512488	0.4714119	2.13404	0.9623313	1.994019
4314	-81.87588	-248.3675	166.4916	9.696327	0.5641989	0.02356699	0.05999516	0.4257892	0.9295276	1.691412
4320	-101.7003	-267.877	166.1767	10.05698	0.5849409	0.1154385	0.039338	0.6336242	0.2972004	2.051581
4326	-112.6938	-278.3673	165.6736	9.746855	0.4913355	0.4120605	0.1513479	0.340654	1.311979	1.759506
4332	-92.2348	-259.4493	167.2145	6.922223	0.3994504	0.04915651	0.6296966	0.8531424	1.048779	1.187368
4338	-84.29838	-249.8427	165.5443	9.38388	0.635664	0.05535339	1.49372	0.01359765	1.042009	1.558996
4344	-87.71279	-252.3724	164.6596	16.20659	0.6310309	0.009063438	0.9151437	0.03270321	0.5080948	1.638867
4350	-88.18885	-252.3005	164.1116	11.12777	1.110277	0.009063438	0.7213491	0.04962679	1.759013	1.881538
4356	-83.66676	-248.2282	164.5614	15.33473	0.562705	0.01909434	0.3570365	0.343562	0.7723786	1.881538
4362	-76.849	-243.3842	166.5352	9.026659	0.506863	0.04227801	0.0400249	0.7877222	1.256189	1.362172
4368	-88.23847	-255.0212	166.7828	8.796826	0.3457535	0.05340956	0.01326804	0.779433	0.9370297	1.617471
4374	-86.91575	-252.5046	165.5889	8.879959	0.4794537	0.04865063	0.9534067	0.779433	0.9370297	1.685531
4380	-99.00679	-262.3631	163.3563	8.879959	0.9774725	0.04865063	1.602539	0.1825475	3.077868	1.342466
4386	-103.1756	-261.8713	158.6957	20.9601	1.024907	1.386618	0.1280129	0.7784991	4.356992	1.151517
4392	-119.9733	-284.8743	164.901	7.249478	0.5610885	0.03254988	1.42932	1.814258	1.826779	0.5399709
4398	-113.4808	-276.7781	163.2973	12.86502	0.727259	0.001700238	1.549115	1.572119	1.533198	0.5849996
4404	-113.3808	-272.9888	159.6079	12.75841	1.325479	0.6259404	0.6905074	0.6892575	4.76136	1.589739
4410	-104.3009	-267.4576	163.1566	9.20923	1.124922	0.09407887	1.265889	3.833792	0.2683597	0.7313631
4416	-87.59451	-253.9359	166.3414	9.20923	0.4873457	0.01681966	0.6857873	1.849411	0.05368064	1.081623
4422	-103.4482	-265.4944	162.0462	12.89561	1.17336	0.104725	2.742272	1.849411	0.2201852	1.220875
4428	-107.7558	-268.8006	161.0448	10.15101	1.214061	0.1738981	0.6187513	4.33104	1.616066	1.186816
4434	-104.7137	-265.877	161.1634	10.52234	0.8986024	1.378624	0.7655556	4.33104	0.4019347	1.133751
4440	-94.74694	-259.1971	164.4502	12.85817	0.7570743	1.302483	0.07891792	1.795072	0.08025053	0.9214707
4446	-100.3821	-265.0512	164.6692	17.76811	0.6481063	0.04567623	0.2071229	1.795072	0.08025053	0.672177
4452	-88.51428	-255.7961	167.2819	8.704872	0.7313203	0.0751131	0.0420175	1.39105	0.477408	0.5619921
4458	-88.28813	-253.9496	165.6615	10.50564	0.7313203	0.09755944	0.06993529	0.0695162	2.635562	0.2877946
4464	-89.53694	-256.0968	166.5599	7.743812	0.7867037	1.312571	0.0169771	0.0695162	1.623265	0.5110262
4470	-97.74151	-261.8576	164.1161	10.76147	0.4473463	2.22215	0.02263647	0.6922051	1.341678	1.152806
4476	-105.867	-271.5106	165.6436	9.511394	1.193356	1.068937	0.3252166	0.2403224	0.07755565	1.697413
4482	-109.1005	-266.0195	156.919	10.19396	1.292233	0.1382981	1.791692	5.540797	0.7940925	2.885234
4488	-103.2438	-268.2589	165.0151	4.791368	1.519269	0.339364	0.8073997	0.4880753	1.126277	2.519128
4494	-108.6888	-274.3635	165.6747	6.189601	0.9600042	0.2422178	0.3345364	2.400623	1.130292	0.9772135
4500	-113.5484	-275.4582	161.9097	9.610169	0.6292118	0.4064399	0.7724521	5.345752	0.4644446	0.838389
4506	-97.28011	-261.7308	164.4506	10.38446	0.3650525	0.05659677	0.9360591	2.839807	0.4644446	1.012593
4512	-111.3442	-275.2541	163.9099	5.6363	1.064586	1.34746	0.256785	2.839807	0.2338052	2.013682
4518	-102.2535	-267.4394	165.1858	7.58167	0.4832169	0.7869571	1.726573	0.2084998	0.02634555	2.262897
4524	-104.6479	-272.0131	167.3652	3.776505	0.8138535	0.1358438	1.290909	0.04704596	2.092053	1.225384
4530	-103.1599	-267.6946	164.5346	7.271835	0.8091538	0.116683	1.290909	0.1056558	2.092053	1.997328
4536	-107.2545	-270.1418	162.8874	8.909297	0.5269785	0.2396698	0.6893868	2.628514	1.092506	2.167161
4542	-98.75804	-267.0418	168.2838	4.001967	0.4931761	0.1005585	0.06270299	0.4712657	0.9685446	2.111545
4548	-95.78063	-260.9761	165.1955	5.367973	1.112011	0.3956462	0.05068688	0.5332472	2.434765	2.055071
4554	-94.2661	-259.6657	165.3996	10.82433	0.9536839	0.3400037	0.03621339	0.6698877	1.064015	1.445405
4560	-97.2361	-266.0388	168.8027	4.355687	1.428583	0.05143372	0.05721146	0.2083744	0.8423618	1.235321
4566	-97.83975	-264.9886	167.1489	8.036934	1.428583	0.3048743	0.3363064	0.08180074	0.6071629	1.04005
4572	-102.6099	-269.6014	166.9915	10.11575	0.96462	0.08507238	0.0202229	0.2023571	0.6071629	1.303158
4578	-108.6575	-272.3843	163.7268	8.446913	1.018782	0.1102235	0.5733833	1.000981	3.022055	1.303158
4584	-89.55267	-253.4779	163.9252	22.12585	0.7579779	0.4528245	0.05084971	0.9256748	0.05996173	1.131951
4590	-103.8899	-266.0825	162.1926	17.24425	1.383111	0.1869336	0.4787318	1.773342	1.247907	1.03915
4596	-101.3835	-264.3445	162.961	12.02072	1.383111	0.06831517	0.1183748	1.084022	3.208198	0.7720527
4602	-93.38536	-257.6675	164.2822	10.9181	1.148518	0.07570519	0.3888703	0.1594274	3.208198	0.5175335
4608	-86.4844	-250.57	164.0856	12.71286	0.6321207	0.1774531	0.02271	0.7476987	3.038553	0.636905
4614	-93.98719	-256.7677	162.7805	14.17373	0.6321207	0.09108053	0.004188983	0.4456956	4.33316	0.6899369
4620	-82.13124	-247.7675	165.6363	10.62393	0.6321207	0.06207007	0.02961324	0.06232539	2.914084	0.6044601
4626	-79.89311	-242.5736	162.6805	11.8175	0.6564157	0.06768827	2.376483	0.1903129	2.914084	0.7674622
4632	-72.69895	-238.8773	166.1784	14.49608	0.6564157	0.007870699	0.0299905	0.4373604	0.7862002	0.8459516
4638	-82.11571	-248.2019	166.0862	14.60324	0.7460133	0.04616848	0.03413924	0.370382	0.7862002	0.8459516
4644	-83.64283	-250.201	166.5582	10.76592	0.7460133	0.06281037	0.02167984	1.110961	0.8014434	0.5734818
4650	-79.19676	-246.312	167.1153	10.29984	0.437251	0.1689572	0.02646806	0.9825164	0.6696787	0.6924351
4656	-83.20818	-249.6217	166.4136	11.6454	0.6242537	0.06177417	0.001223769	1.33232	0.538403	0.3342603
4662	-101.0967	-266.5303	165.4336	10.17917	0.7300061	2.602163	0.24082	0.07199473	0.3795911	0.3710204
4668	-99.05057	-264.572	165.5214	12.17701	0.3037589	2.610904	0.1015363	0.2300123	0.07949432	0.3710204
4674	-109.6777	-273.9216	164.2439	10.91198	0.5415867	2.610904	0.1015363	1.727478	0.03734634	0.4646259
4680	-91.6407	-258.2855	166.6448	10.62218	0.5415867	0.8512116	0.05993695	1.234757	0.02348702	0.5157357
4686	-88.18287	-255.5164	167.3335	7.014896	1.383113	0.5403375	0.00708004	1.234757	0.1665766	0.5082145
4692	-92.03799	-258.0911	166.0531	8.995425	2.152365	0.1089168	0.0683168	1.234757	0.2660648	0.6008987
4698	-101.5353	-268.9911	167.4558	7.800126	2.332891	0.04814803	0.02127679	0.2874671	0.1708301	0.6342831
4704	-90.53498	-256.1044	165.5695	9.13744	1.488449	0.003782511	0.03652066	2.152299	0.5853692	0.592911
4710	-91.26961	-253.913	162.6434	10.30037	1.488449	0.01474317	0.2201732	4.507343	0.5851684	0.4972237
4716	-94.19614	-255.3738	161.1777	7.903884	0.986479	0.03261658	0.1945389	4.507343	3.387711	0.6075314
4722	-93.59035	-260.9956	167.4052	6.167337	0.4138577	0.4205469	0.02676093	0.2051821	1.817831	1.38206
4728	-101.2793	-266.5572	165.2779	6.482918	1.250599	0.4121608	0.2747218	2.545561	0.386555	1.38206
4734	-97.64318	-259.6764	162.0333	10.69581	1.152757	0.1185422	1.128665	0.7831823	2.873584	1.747044
4740	-92.29017	-259.199	166.9089	4.592857	0.3158789	0.9839965	1.359908	0.08925183	1.472212	1.340084
4746	-92.58746	-258.0016	165.4141	7.135267	1.401473	0.6941153	0.5691456	0.2013067	1.908341	1.113838
4752	-106.5263	-268.2486	161.7223	10.05637	0.5524079	0.5495712	1.440912	0.2013067	3.440361	2.012143
4758	-99.55871	-263.9827	164.424	4.567547	0.5524079	0.3909557	1.946402	0.06052885	3.259413	1.720077
4764	-91.64499	-258.1172	166.4722	5.919068	0.663601	0.2111927	0.7413047	0.01293828	2.155494	1.49528
4770	-100.4677	-268.0472	167.5795	5.919068	0.6629263	0.2111927	0.3554016	0.008785453	0.8959942	1.881677
4776	-94.34605	-260.9073	166.5613	8.214229	0.8788887	0.09140885	0.5246251	0.02439019	1.426139	1.329478
4782	-90.79598	-260.101	169.305	5.080645	0.3614343	0.09227593	0.0731232	0.01566598	1.277832	1.125086
4788	-94.261	-260.4021	166.1411	9.378715	0.9700347	0.3558485	0.4393159	0.007783691	1.277832	1.243002
4794	-96.55927	-262.4592	165.8999	9.378715	0.7853964	0.3558485	1.14716	0.01101217	1.277832	0.9830235
4800	-90.32204	-254.5182	164.1961	18.12507	0.7220899	0.06736912	0.9180494	0.03499896	1.379095	0.756289
4806	-90.76615	-253.7241	162.958	17.20804	1.213067	0.1705722	1.400918	0.04826255	1.826592	0.4927391
4812	-88.66472	-253.695	165.0303	13.00275	1.251097	0.03989053	1.400918	0.04890378	0.4926627	1.081987
4818	-87.52867	-250.4914	162.9627	12.12082	1.735301	0.1501144	3.21103	0.0564849	0.4824712	0.9987287
4824	-107.5651	-269.5919	162.0268	6.430378	1.433778	0.680279	5.135371	0.7638182	0.4526613	1.112767
4830	-92.51994	-254.9157	162.3958	15.47298	1.467192	1.726927	1.601378	0.5039188	0.04655509	0.9715197
4836	-89.38954	-252.7691	163.3795	13.09991	1.473488	0.5579888	2.1735	0.6477456	0.2046729	0.8771919
4842	-85.53865	-249.3926	163.8539	12.16892	1.246427	0.1073284	1.918487	0.4236045	0.9194498	1.108327
4848	-84.93426	-248.5768	163.6425	11.44813	0.9460385	0.04597686	1.168394	0.5329969	1.559957	1.720857
4854	-105.6004	-271.2355	165.635	8.010898	0.4701682	0.3636075	3.051699	0.111276	0.3511408	0.9751995
4860	-93.59351	-255.5449	161.9514	23.03055	0.9651614	0.1956879	0.9058928	1.886509	0.4986166	0.6772719
4866	-97.45454	-262.2935	164.839	11.35501	0.5355501	0.02729426	0.9058928	2.583661	0.05674737	0.8645825
4872	-103.0649	-266.4284	163.3635	15.56937	0.8223593	0.5850486	2.582717	0.3908315	0.06245498	0.8749584
4878	-100.6744	-261.7403	161.0659	17.58225	2.641122	0.3008436	1.85803	0.2518887	0.04616345	1.835512
4884	-96.51589	-258.5489	162.033	14.01151	1.20539	1.512659	2.282062	0.2403935	0.09052319	1.589584
4890	-91.76511	-255.3889	163.6238	4.347846	0.9075175	2.861201	2.749456	0.5294932	0.09884901	1.710414
4896	-94.18861	-257.6069	163.4182	8.615211	1.088839	3.193005	0.8490743	0.4479901	0.221565	1.438205
4902	-88.49345	-251.7839	163.2905	8.970041	0.8565675	3.193005	0.1657471	1.085214	0.9134546	1.094945
4908	-94.3326	-256.8605	162.5279	10.99885	0.7720409	3.054028	0.1491333	1.7802	0.1219761	1.448382
4914	-80.47196	-245.3832	164.9112	11.72873	1.000669	1.050412	0.06277155	0.8676065	0.06267309	1.618765
4920	-91.70059	-256.0755	164.3749	12.40765	0.5498528	0.7735697	0.01888275	0.6976985	1.320263	1.635959
4926	-91.56276	-252.3378	160.7751	15.46151	0.4562041	1.148065	0.5399278	2.621818	0.177569	2.446154
4932	-89.0498	-251.4323	162.3825	14.65058	0.7700203	1.708701	1.235231	0.3838705	0.1483407	1.987256
4938	-87.29958	-250.9091	163.6095	8.754061	1.010015	1.975509	0.5187293	1.100406	0.1792835	1.987256
4944	-82.62246	-246.3709	163.7484	14.08159	0.8009216	1.009862	0.06199076	0.3028538	0.659323	2.113202
4950	-84.5895	-247.7312	163.1417	13.0126	0.8009216	1.133456	0.03159232	0.4518737	0.816129	2.429007
4956	-95.94771	-251.5582	155.6105	10.064	0.755622	7.270979	0.0181468	2.51621	0.6494233	2.701146
4962	-92.18885	-257.7523	165.5635	8.009223	0.7455903	0.04928062	0.07389843	0.4708886	0.6473209	2.701146
4968	-96.95442	-261.6435	164.6891	7.337926	0.7342021	0.3054231	0.0418905	0.6275348	1.213865	2.825877
4974	-91.25404	-253.0546	161.8006	9.437662	0.8065047	0.6373589	0.2955582	1.662325	0.7528138	3.346376
4980	-89.09748	-251.624	162.5265	8.021534	0.3654935	0.147381	0.0477941	2.147502	1.55264	3.158581
4986	-81.93357	-244.2434	162.3098	7.898117	0.6650827	1.053853	0.06648454	1.079666	1.436055	3.291127
4992	-91.752	-253.42	161.668	8.121548	0.5510996	0.1590389	0.1615195	1.571617	3.011717	2.934893
4998	-100.119	-262.3626	162.2436	10.04405	0.6125357	0.1140242	1.292546	1.795996	0.3842102	2.934893
5004	-98.91982	-261.8504	162.9305	12.61443	0.5350759	1.006659	1.055038	1.377486	0.05792773	2.123436
5010	-100.7085	-264.9775	164.269	10.59881	0.4660022	0.5440458	0.7878988	0.8387682	0.06449801	2.501831
5016	-108.0714	-268.4981	160.4267	15.23634	0.7679142	2.583891	1.604306	0.5399012	0.2773769	2.173771
5022	-103.8631	-267.1337	163.2706	7.74329	0.8323403	0.9556739	3.703257	0.1243213	0.01860874	1.899687
5028	-85.48432	-250.3335	164.8492	8.952883	0.5834007	0.1934386	1.698194	0.2701292	0.02784092	2.439738
5034	-86.58955	-249.1784	162.5888	14.57396	0.6661572	1.079961	0.8511045	1.279208	0.1612678	2.001565
5040	-93.93839	-256.6551	162.7167	8.662285	0.6661572	0.1054962	2.797653	0.1764415	0.4209834	2.957751
5046	-80.9296	-245.3884	164.4588	7.33743	0.7571291	0.03088712	0.7707502	0.5536616	1.72167	2.404844
5052	-83.39551	-248.8098	165.4143	3.883243	0.4683326	0.09838192	1.739543	0.4175805	0.7732601	3.068495
5058	-88.65897	-253.9776	165.3187	6.628735	0.6934687	0.7486442	1.739543	0.2201145	1.026076	1.634358
5064	-97.25184	-259.3117	162.0599	10.48364	0.5495471	0.291508	3.30455	0.1169269	1.993577	1.634358
5070	-96.39417	-257.8677	161.4735	9.622119	0.905045	0.2232665	3.216699	0.4156205	2.797202	1.306565
5076	-92.94423	-252.6536	159.7094	14.89669	1.309902	0.9413818	0.4274277	0.2895954	4.831462	1.306565
5082	-109.7039	-277.6379	167.9341	6.856739	0.3580738	0.6945234	0.7827898	0.01077086	0.00602151	1.53345
5088	-96.26737	-262.8485	166.5811	9.966567	0.7754013	0.7894796	0.1842062	0.106372	0.009136459	1.661974
5094	-96.73589	-263.2673	166.5314	13.08974	0.4123332	0.6383695	0.01516387	0.105505	0.1928275	1.373439
5100	-92.34699	-257.5281	165.1812	15.65734	0.3597594	0.6383695	0.02470255	0.006675148	0.6711331	1.641607
5106	-90.09592	-251.8612	161.7653	13.3213	0.5658921	1.340065	0.02520755	0.2053502	3.418149	1.751423
5112	-99.5204	-261.926	162.4056	10.8728	0.7519188	2.887081	0.6436876	0.01958225	0.9004948	2.036885
5118	-93.5047	-256.3187	162.814	11.5821	1.416728	2.777863	0.6436876	0.0292674	0.169478	1.724251
5124	-114.9054	-275.2035	160.2981	9.06659	0.7307577	4.249861	0.6561966	0.3139608	1.52837	2.315975
5130	-96.41746	-256.8329	160.4154	13.97386	0.3674189	4.707811	0.1085683	0.9642808	0.5320534	1.787372
5136	-90.524	-253.2007	162.6767	14.26013	0.5823998	2.681686	0.3187949	0.8224408	0.08409508	1.68587
5142	-97.02023	-258.9305	161.9102	17.53626	0.9655206	2.764849	0.4014313	0.9284513	0.08409508	1.170209
5148	-92.42701	-255.198	162.771	14.98641	1.224411	1.759752	1.263527	0.4495878	0.1205263	1.222301
5154	-95.69374	-261.1233	165.4295	5.628551	2.029083	2.535848	0.2270103	0.06021081	0.825968	0.8659701
5160	-86.34234	-251.4576	165.1152	10.09344	1.798009	1.662661	0.1075984	0.2903275	0.2080948	1.037222
5166	-86.54698	-252.3486	165.8016	10.09344	0.8469794	1.634274	0.054789	0.2903275	0.2080948	1.337128
5172	-101.5279	-266.6162	165.0883	9.41924	0.4544656	1.102414	0.1679618	1.849647	0.2642761	1.443024
5178	-96.06591	-256.9014	160.8355	19.2178	0.9228095	0.08296917	0.4736078	1.777255	0.6902891	2.508508
5184	-96.63825	-259.5111	162.8729	16.09194	0.6552987	0.5043743	1.593433	0.7933428	0.03530967	1.868347
5190	-96.25096	-259.1578	162.9069	12.92305	0.6538884	0.06839451	1.593433	0.7401994	0.9637451	2.090945
5196	-90.68724	-252.2823	161.595	12.92305	0.5982165	0.04779709	1.991593	0.1020204	2.308081	2.27504
5202	-88.1162	-251.4537	163.3375	13.55648	0.5201063	0.1717425	0.8172481	0.03822084	1.719859	2.189062
5208	-89.70239	-251.5924	161.89	14.85973	0.5571473	0.08427413	1.624963	0.08425589	2.351889	1.976426
5214	-87.6707	-252.2739	164.6032	11.81373	0.534718	0.02319325	0.1380862	0.1677501	2.315116	1.724541
5220	-102.6766	-266.6355	163.959	9.361894	0.836134	2.668981	0.4003639	0.2705088	1.051151	1.252645
5226	-110.9034	-272.7703	161.8669	10.68708	0.5399474	4.726914	0.2330968	0.2445001	1.003644	1.361081
5232	-103.4455	-266.7546	163.3092	13.85455	1.237129	0.2825087	1.076695	0.01645969	0.8129514	2.052374
5238	-108.6539	-271.6797	163.0258	13.5299	1.157077	0.5711589	1.569466	0.1221681	1.114472	1.538596
5244	-98.08059	-260.3044	162.2238	19.02914	0.8873507	0.1038351	1.849944	0.1848501	1.029578	1.533433
5250	-113.6807	-275.0682	161.3876	21.82691	0.9694385	0.01656773	2.071953	0.6963318	1.051045	1.163157
5256	-96.99742	-262.1356	165.1382	9.143457	0.3466002	0.09855861	1.565574	0.4493086	0.5705513	2.04427
5262	-96.91134	-260.9732	164.0618	11.39293	0.6902078	1.134758	1.551107	0.05179827	0.1241837	1.926634
5268	-100.2308	-259.7695	159.5387	16.87746	0.5441911	1.134758	4.780969	0.02504566	0.5625798	1.64969
5274	-106.6606	-264.7096	158.0489	18.0724	0.5794937	5.338087	1.483333	0.9003636	0.006916508	1.624529
5280	-103.1058	-265.0879	161.9821	10.37255	0.3605889	1.693719	1.166871	0.08846978	0.2384383	3.413272
5286	-109.8383	-268.469	158.6307	10.37255	0.4372623	0.6403828	4.946323	0.02862523	1.650013	2.936484
5292	-97.66907	-257.7758	160.1067	10.92211	0.3646819	0.516615	4.946323	0.4645472	2.150139	1.355129
5298	-97.60041	-262.8164	165.216	4.940287	0.3646819	0.1663289	2.465666	0.1523906	2.703631	1.237626
5304	-95.17802	-260.8259	165.6479	10.25846	1.059346	0.128384	0.2725285	0.2825999	1.823056	0.9509082
5310	-104.9258	-271.7441	166.8183	6.476501	0.3216229	0.04696275	0.03926595	0.07579477	1.680778	2.197803
5316	-107.4866	-271.7516	164.2651	6.476501	0.3967557	0.7036955	0.1873486	0.2811375	1.680778	3.104461
5322	-108.1223	-270.0241	161.9019	6.759231	0.5919669	2.537234	0.4057505	2.960974	0.3101363	2.295136
5328	-95.56655	-261.6551	166.0885	5.224995	0.7851919	0.2366968	0.1259771	2.372739	0.2434142	2.016181
5334	-100.1692	-264.8566	164.6874	10.68429	0.7241344	0.868983	0.6388481	1.479912	0.03356018	1.501803
5340	-99.36371	-263.8754	164.5117	10.38748	1.118191	0.4336223	0.3692137	2.856789	0.1414329	0.5103548
5346	-101.0768	-265.7692	164.6924	13.67284	0.4325384	0.07069947	0.1964768	2.6034	0.4735027	0.5584432
5352	-95.04753	-262.1358	167.0883	5.47107	0.5587445	0.6750748	0.4311931	2.390459	0.05392584	0.8504274
5358	-96.62499	-260.7908	164.1658	8.622143	1.018547	0.7450741	0.7058138	2.087517	0.1231501	1.709868
5364	-102.039	-265.7463	163.7073	11.6192	1.918187	0.3536989	1.611422	0.1634013	0.1063606	1.709868
5370	-91.89826	-258.8619	166.9637	7.506024	1.314185	1.422584	0.1813988	0.1659554	0.1397497	0.9688419
5376	-90.94628	-256.5131	165.5669	6.81516	1.147922	3.508742	0.2713955	0.09538988	0.1375108	0.4014576
5382	-93.13014	-258.5487	165.4186	6.549471	0.5204998	0.08142614	0.03280564	4.226551	0.3032806	0.9752462
5388	-89.9874	-254.6824	164.695	12.29203	0.9396519	0.2446894	0.1154528	2.677374	0.1569673	0.3954936
5394	-94.54412	-260.119	165.5749	11.01124	0.695783	0.3065374	0.002858674	2.542146	0.0869734	0.3954936
5400	-108.5484	-272.3155	163.7671	4.255605	1.967248	3.97386	0.6268489	1.561798	0.09866316	0.6024691
5406	-105.9581	-267.6958	161.7377	5.425256	1.349689	7.253618	0.7643414	0.1652196	0.1189648	0.5165674
5412	-120.342	-281.3716	161.0295	6.591815	1.496116	5.18345	2.134658	0.5872999	0.1546235	0.9532922
5418	-107.7899	-272.7373	164.9474	8.639356	1.014469	1.562127	0.7575163	0.1948325	0.3181952	1.741577
5424	-85.14304	-250.5234	165.3804	10.07669	0.8812414	0.5399143	0.09774448	2.01813	0.254239	1.052333
5430	-86.16316	-247.8158	161.6527	11.44773	0.6551781	3.121557	0.2301275	1.646375	0.3346753	1.897404
5436	-83.97602	-247.4813	163.5052	13.01783	1.007049	1.462898	0.0700746	1.057489	0.08771493	1.897404
5442	-86.15589	-248.2356	162.0797	21.61629	0.7769208	0.690601	0.03726911	0.3007104	0.3351214	2.564509
5448	-90.69936	-253.3289	162.6295	13.27671	0.7613417	0.6749999	0.05537156	1.020128	0.8948131	2.596113
5454	-96.97186	-261.2302	164.2584	11.8991	0.9603738	0.4679392	0.06139953	0.6350927	0.2957472	2.436394
5460	-108.0343	-274.2463	166.212	4.695656	0.609424	2.412381	0.7867137	0.1729047	0.07893165	1.92095
5466	-105.1142	-265.8845	160.7703	13.38869	0.6464055	4.716759	0.8770431	0.03629282	0.008348208	1.92095
5472	-94.01946	-259.7334	165.714	8.639052	0.8196437	1.995242	0.1992519	0.2797312	0.01835966	1.575792
5478	-96.77367	-261.8682	165.0945	9.523958	0.8196437	1.79241	0.2212357	0.250132	0.003554963	1.947858
5484	-95.32752	-257.5965	162.269	14.68414	0.9428798	2.520262	1.065813	0.0811627	0.05602898	1.772685
5490	-107.2211	-272.9403	165.7192	8.36931	0.4216006	0.03152581	0.7720275	0.8363811	0.01290006	2.465751
5496	-97.03351	-260.1095	163.076	7.633279	0.6426943	0.3399396	1.042609	0.9583968	0.001753414	3.672775
5502	-96.55668	-261.557	165.0003	8.709263	0.3713809	0.1410581	2.982394	0.3680201	0.01385321	1.665172
5508	-95.94852	-260.3059	164.3574	5.808223	0.3993945	0.08034177	2.953896	2.14809	0.007978317	1.756895
5514	-116.2543	-278.8855	162.6312	6.354963	0.5759218	2.063294	2.114813	0.07564627	0.0109885	3.162207
5520	-90.59808	-250.8705	160.2725	15.96128	0.5312923	1.024634	0.4609719	0.3176775	0.01852498	4.203719
5526	-97.93675	-260.4137	162.4769	10.34742	0.3217255	0.04050139	0.6300407	1.650228	0.2163312	3.531596
5532	-105.9593	-270.9626	165.0033	6.834742	0.5995169	0.463358	0.05825401	0.8765371	2.360543	1.84226
5538	-104.7086	-266.7039	161.9953	12.74456	0.6760179	0.238994	0.09331088	1.330328	2.245105	2.347178
5544	-103.6263	-267.972	164.3457	10.60691	0.3646886	0.04744669	0.05587759	1.333966	0.7402426	2.551493
5550	-98.13689	-262.7433	164.6064	5.073941	0.6482569	0.04744669	0.2193935	2.058865	1.111847	2.799118
5556	-99.08642	-259.6333	160.5468	11.42815	1.158904	0.1515538	1.365368	1.645768	2.024458	2.389491
5562	-115.2222	-273.0828	157.8606	10.3399	0.8233655	0.5937356	1.825062	5.334851	0.7618276	2.409908
5568	-104.2626	-268.8413	164.5788	12.78082	0.8973801	0.04098517	0.3213202	0.1539443	0.6834496	2.279009
5574	-94.09323	-259.4122	165.319	10.65351	1.092122	0.2608681	0.339025	0.004949609	0.6834496	2.022132
5580	-109.6991	-273.1605	163.4614	16.40645	0.8100167	0.1138948	1.86131	0.03622544	0.3931675	1.662704
5586	-102.7494	-267.0535	164.3041	16.3089	1.320626	0.220274	0.4489608	0.04625188	0.4128631	1.623534
5592	-86.5192	-250.7911	164.2719	16.1126	0.8675177	0.009932318	0.5051047	0.1500527	0.8842033	1.702344
5598	-86.83356	-251.0507	164.2171	16.1126	1.62939	0.00633358	0.5917249	0.08655836	0.7311331	1.268508
5604	-110.4366	-272.5542	162.1176	19.43112	0.8874551	0.01570928	0.4423132	1.808516	0.4067653	1.899672
5610	-89.60098	-256.7817	167.1807	8.871031	0.8885854	0.01470063	0.2045817	0.6701456	0.4067653	1.247227
5616	-81.71931	-249.3548	167.6355	7.753498	0.569182	0.01185027	0.9459866	0.4134302	0.3288127	1.14423
5622	-94.45066	-261.4761	167.0255	10.58287	1.08419	0.01850238	0.6628608	0.006280693	0.1710812	1.089674
5628	-79.81675	-247.9751	168.1584	8.850189	0.7407466	0.08047444	0.6628608	0.05168555	0.009422293	0.9411345
5634	-98.1233	-264.5273	166.404	12.98954	0.8507312	0.2383537	0.4763762	0.1717915	0.02098491	1.176325
5640	-89.06916	-258.0066	168.9374	6.103645	0.6698451	0.01283706	0.4058314	0.101384	0.009244789	1.521009
5646	-86.61691	-252.3916	165.7747	11.7253	0.8029728	0.2598863	0.3050946	0.3442054	0.1035082	1.875362
5652	-81.42324	-246.9796	165.5563	12.89339	0.829252	0.1807883	0.5707159	0.6300431	0.015548	1.501324
5658	-82.9609	-250.5816	167.6207	8.277485	0.7019063	0.2957373	0.03163834	0.6074337	0.003279722	1.501324
5664	-84.51091	-252.7291	168.2182	6.675506	0.7019063	0.8994451	0.05876379	0.02752324	0.05800964	1.458641
5670	-81.50403	-246.6591	165.1551	14.89525	1.665867	0.2506868	0.2407995	0.3278758	0.02107514	1.179479
5676	-103.4079	-262.8303	159.4225	20.72666	0.964572	0.857417	4.801221	0.2874197	0.5202698	0.6360455
5682	-94.97105	-259.0659	164.0948	16.23355	1.656186	0.02143854	1.587931	0.2874197	0.009105687	0.8663951
5688	-101.1657	-264.5937	163.428	20.78815	1.132116	0.01763534	1.742293	0.08218577	0.03762472	1.119466
5694	-99.32142	-260.3777	161.0563	19.68903	1.299383	0.05290788	1.742293	1.438365	0.3243095	1.700502
5700	-93.8456	-252.9474	159.1018	11.35898	0.547924	0.2111092	1.615448	1.55705	1.410047	3.865145
5706	-93.00577	-255.5328	162.5271	10.18882	0.547924	0.2111092	2.032509	1.009443	1.404458	2.098719
5712	-91.15019	-254.2307	163.0805	7.315989	0.6178294	0.03130087	2.544539	2.194217	0.3093586	2.098719
5718	-102.117	-261.359	159.242	14.95237	0.3454622	0.1040417	0.4251401	1.832887	1.78516	3.708505
5724	-95.31849	-255.5273	160.2088	5.66544	0.3454622	0.5879421	2.246113	1.81832	0.999894	4.082995
5730	-87.93606	-251.6675	163.7314	9.496725	0.3939048	0.06909528	1.412115	1.63458	0.2629852	2.394396
5736	-97.02571	-262.5069	165.4812	3.944535	0.4573308	0.2599852	0.2619748	0.1889245	0.5647011	4.035572
5742	-95.96752	-261.6995	165.732	6.579901	0.6106858	0.01629653	0.1054846	0.1889245	0.5647011	3.253478
5748	-95.76567	-261.0258	165.2601	11.35678	0.7618145	0.03893904	0.2656322	0.1094294	0.7405208	2.222151
5754	-96.02415	-261.9469	165.9228	4.958389	0.7618145	0.07010187	1.170994	0.6297602	1.12	2.222151
5760	-98.53923	-260.3988	161.8596	9.44042	0.6684535	0.2002615	1.045812	5.706968	0.09465899	0.8510326
5766	-106.7308	-269.878	163.1472	17.82814	0.7441534	0.01912101	2.263615	0.7907689	0.03169456	1.165008
5772	-93.97894	-258.2445	164.2655	11.21341	0.3749142	0.01029747	2.263615	0.7997299	0.1542689	1.789769
5778	-102.1838	-266.9746	164.7908	7.536266	0.3749142	0.456454	2.889546	0.4845345	0.1510752	1.789769
5784	-89.67189	-255.4503	165.7784	11.67852	0.4705982	2.218861	0.04973896	0.07118851	0.3039608	0.8134063
5790	-103.3969	-263.4655	160.0686	8.08709	0.4990679	1.768425	1.706174	4.3449	0.2391707	1.997341
5796	-93.59419	-256.5168	162.9226	7.134436	0.592244	0.04806323	1.834478	2.277912	0.6670728	2.426364
5802	-94.60422	-254.5734	159.9692	14.2826	1.116065	0.189374	1.823742	0.8534641	2.310218	2.287621
5808	-95.70857	-259.7755	164.0669	17.91548	0.8515876	0.09063404	0.9275977	0.282598	0.3909201	1.462326
5814	-83.54532	-248.3006	164.7553	10.70475	0.3812392	1.693655	0.1031181	0.09205974	1.890414	1.102604
5820	-84.51312	-249.3612	164.8481	8.85957	0.7705773	0.6390437	0.492336	0.04505067	1.890414	1.762037
5826	-100.9285	-264.9571	164.0285	9.311847	0.7705773	0.4712843	0.7296394	0.02580649	2.500044	1.762037
5832	-95.2535	-257.3515	162.098	9.579446	0.7466323	0.05750154	0.50507	0.101445	5.556764	1.290626
5838	-89.53902	-255.1847	165.6457	5.05361	0.7454106	0.003744742	2.852881	0.3199501	1.067617	1.531181
5844	-98.70039	-260.094	161.3936	14.43975	0.6030218	0.02107325	2.994704	0.1209418	2.069477	1.626736
5850	-85.94794	-252.9897	167.0418	7.614596	0.3146595	0.08786016	1.340776	0.06963126	1.140934	1.111984
5856	-92.30688	-257.5217	165.2148	11.79343	0.3984271	0.3023858	0.8810725	0.06951672	1.6518	1.162237
5862	-99.77726	-260.6238	160.8466	19.00815	1.736975	0.3061683	0.9874728	2.038342	0.7835207	1.205471
5868	-97.39047	-260.6751	163.2846	13.81487	1.740839	0.0500737	0.1186615	0.7896214	1.778864	1.32484
5874	-97.64904	-259.7583	162.1093	13.14452	0.4311307	0.2748481	0.03710676	2.518741	1.815433	1.876528
5880	-103.9002	-267.8774	163.9772	5.695496	0.5245013	0.2992855	0.930047	0.09813437	3.295574	2.337869
5886	-96.7618	-258.9726	162.2108	11.96589	0.5245013	0.3745265	0.5710228	0.1227076	1.538388	3.237269
5892	-97.38206	-264.0452	166.6632	8.790173	0.5000746	0.07324121	0.1974971	2.356517	0.125124	0.6926167
5898	-90.82297	-257.6267	166.8037	11.21242	0.7958962	0.05642465	0.1088456	1.043443	0.2920064	0.7154273
5904	-82.98668	-250.9758	167.9891	7.343034	0.859787	0.05258081	0.4058081	0.9838181	0.05480435	0.8672048
5910	-93.15848	-258.2954	165.1369	9.742312	0.7318576	0.3372976	0.1154149	2.751174	0.04909155	1.197461
5916	-99.46118	-264.6652	165.2041	7.070992	1.197041	1.233244	0.1376212	1.912686	0.2033217	1.387241
5922	-92.15691	-255.1995	163.0426	11.80327	1.351598	1.310036	0.6865493	0.8327751	0.1875613	1.980832
5928	-87.87761	-253.0545	165.1769	11.80327	1.19492	0.5290009	0.2165922	0.7403162	0.09066435	1.607918
5934	-93.3341	-258.3824	165.0483	7.438683	0.656979	1.218694	1.869955	0.223531	0.02705132	1.887347
5940	-87.52132	-249.9686	162.4473	13.02985	0.5914506	2.04511	1.098467	1.832733	0.03302468	1.263735
5946	-82.97123	-249.0425	166.0713	6.671453	0.9401501	0.1384112	1.098467	2.193514	0.3452269	0.6206316
5952	-88.52929	-253.0711	164.5419	9.84113	0.8837286	0.1406331	1.037901	1.849311	0.6562073	1.179309
5958	-87.8965	-254.6894	166.7929	7.342822	0.5968744	0.09702895	1.037901	0.1934418	1.334458	1.158872
5964	-94.85107	-260.5103	165.6592	8.139235	0.8070471	0.02517824	2.185021	0.09975413	0.8978694	1.214972
5970	-108.7472	-277.0434	168.2961	3.248205	0.5925418	0.02906172	3.084928	0.09975413	0.2549099	0.9743948
5976	-91.06656	-256.8453	165.7787	6.500879	1.025089	0.4825554	3.084928	0.1252434	0.2670668	0.7910202
5982	-92.0825	-255.3212	163.2387	10.60022	0.5709928	1.50514	1.767314	0.7859099	0.3043907	1.710276
5988	-88.9869	-251.2709	162.284	8.859579	0.4501663	1.922485	3.517045	0.6086291	0.3043907	1.471304
5994	-111.1512	-274.4703	163.319	8.576911	0.4397526	0.778526	4.886476	0.4003944	0.03025885	0.8840263
6000	-94.59491	-261.1146	166.5197	11.13733	0.8435241	0.1277991	0.5124575	0.2232113	0.03370037	1.525498
6006	-94.1008	-259.139	165.0382	9.543951	1.014649	0.08652737	0.2231087	0.1265259	2.28593	1.525498
6012	-91.78766	-258.96	167.1723	6.919976	0.5246044	0.02923593	0.8953435	0.08362971	1.096181	1.502155
6018	-95.24339	-261.5996	166.3562	2.6652	0.551477	0.00433757	0.2729555	1.65179	3.309183	1.502155
6024	-94.02237	-261.4754	167.4531	3.489967	0.5438374	0.008144928	0.8756216	0.3293148	2.410058	1.468734
6030	-98.64303	-266.8009	168.1578	6.178578	0.629853	0.02411139	1.764095	0.05593447	0.3961334	0.5444552
6036	-92.52792	-259.0032	166.4753	6.178578	0.4989593	0.4043716	2.637037	0.03937281	0.6975511	0.9718817
6042	-85.75647	-253.7474	167.9909	7.186341	0.6400452	0.03686655	1.326293	0.01451467	0.2660379	1.012454
6048	-81.38221	-246.5927	165.2105	9.422776	0.629752	0.7452246	2.094025	0.2213771	0.006971806	1.456736
6054	-92.80454	-258.7106	165.906	6.879482	0.629752	0.6067613	1.793665	0.2564651	0.006971806	1.93931
6060	-115.149	-276.6892	161.5402	8.104638	0.2437409	2.692306	0.08740277	0.7177694	0.03781602	3.994031
6066	-107.9584	-271.0513	163.0929	6.754761	0.4971942	2.692306	0.2573159	2.054442	0.05584233	2.333296
6072	-94.88577	-258.632	163.7462	8.527397	0.7216262	1.438556	0.6381242	0.3279673	0.0288817	2.976714
6078	-104.3944	-264.9631	160.5687	11.29817	0.7216262	1.212248	1.615322	1.845366	0.06612673	2.945437
6084	-96.41407	-262.7101	166.296	6.937882	0.8271517	0.1381534	1.834938	0.5390663	0.2708181	1.416634
6090	-93.61839	-257.5309	163.9125	10.52125	0.5850844	2.624892	0.647449	0.3621869	0.09026462	1.692728
6096	-91.20173	-255.9692	164.7674	7.420435	0.682695	0.7139691	1.191954	1.450836	0.03322648	2.029547
6102	-93.37668	-254.9854	161.6087	12.3799	0.682695	3.095577	0.03437995	1.003529	0.7465134	2.029547
6108	-97.32878	-260.8614	163.5326	12.9283	0.4975186	2.496999	0.1899439	0.3435377	1.474898	0.8141077
6114	-85.80705	-250.0969	164.2898	8.643331	1.221129	0.416824	0.6243089	0.05913639	3.065201	1.044098
6120	-89.36965	-249.9669	160.5973	11.79414	1.349051	0.05721764	0.9807763	2.453213	3.065201	1.175456
6126	-89.50692	-254.125	164.6181	8.386864	1.363914	0.04217392	0.5004099	2.760753	0.3414608	1.175456
6132	-109.3968	-270.755	161.3582	10.32849	0.7629927	0.2361158	0.4207765	3.40859	0.2673296	2.872187
6138	-96.64112	-256.845	160.2039	10.7704	0.4765515	0.2043521	0.3538572	5.32523	0.4826183	2.419968
6144	-97.44423	-262.8611	165.4168	10.31611	1.144502	0.6304621	0.08239172	1.373212	0.327687	1.160568
6150	-94.27255	-261.2319	166.9593	5.694825	0.6430776	0.4559519	1.816973	0.2580568	0.1323434	1.567683
6156	-89.01144	-255.9909	166.9795	4.1198	1.353432	0.3417066	2.436803	0.2309508	0.298329	1.136773
6162	-84.82998	-252.0214	167.1914	5.948051	1.051619	0.4374228	1.902946	0.1980542	0.1629265	0.8790296
6168	-98.72217	-263.0733	164.3511	8.13756	2.214421	0.8150675	2.200092	0.2303956	0.3106181	0.750926
6174	-94.42647	-256.3873	161.9608	14.31585	2.424485	2.579738	0.9088366	0.007768825	0.0882301	1.030982
6180	-103.4377	-267.5865	164.1488	12.42066	0.6372834	1.113328	1.817542	0.004223344	0.2618923	1.449725
6186	-92.51544	-259.2113	166.6959	7.277622	0.2841066	2.005766	0.1051262	0.09535362	0.1470971	1.733085
6192	-88.41899	-254.679	166.26	4.022562	0.2733867	1.388624	0.05361341	1.264036	0.09817177	2.760544
6198	-87.73924	-252.8273	165.0881	8.522702	0.5096523	1.495979	0.2167279	0.681878	0.08456796	2.249854
6204	-115.8218	-279.9901	164.1683	8.787261	0.6840081	0.6388057	0.3278213	0.05248307	1.142471	2.851596
6210	-104.3587	-261.9127	157.554	13.78398	0.8354746	2.603326	0.3129751	1.526967	3.951594	2.031905
6216	-99.73517	-260.5637	160.8285	13.78398	0.7409701	1.584697	0.1336809	0.9054564	3.637697	1.27594
6222	-87.07722	-252.8021	165.7249	11.19334	0.8156773	0.5447728	0.02311293	0.6880029	0.7543169	1.286544
6228	-88.15311	-254.4816	166.3285	9.166449	0.6972236	0.8880156	0.1638304	0.04442579	1.213801	1.183443
6234	-91.17016	-255.9556	164.7855	8.682205	0.5194213	1.142827	0.2471259	0.07327212	2.248389	1.57135
6240	-87.35444	-252.2796	164.9252	8.327639	0.5068376	1.266954	0.1938573	0.02473867	2.248389	1.557759
6246	-94.03781	-258.3384	164.3006	10.4251	0.6256251	1.388579	0.1171101	0.3987461	1.042017	1.954966
6252	-95.21473	-257.9708	162.756	10.76549	1.496612	2.603592	0.08698628	0.05932255	1.042017	1.763487
6258	-105.0645	-268.5598	163.4952	10.76549	1.800066	2.603592	0.7738322	0.2044935	0.1644499	0.9618409
6264	-101.9784	-265.9077	163.9294	10.58413	1.230581	3.017838	0.6150992	0.1716943	0.3375363	0.7046107
6270	-99.1822	-264.8474	165.6652	5.130432	0.8375852	4.105971	0.6150992	0.1807328	0.07752543	0.6878564
6276	-99.40945	-262.6512	163.2418	10.5663	0.7995995	3.331686	0.1223158	1.86666	0.003904442	0.5660573
6282	-100.0526	-263.8357	163.7831	12.7803	0.5614248	0.6576553	1.510275	1.481311	0.01294934	1.352918
6288	-107.1129	-270.9883	163.8754	17.58997	0.7714735	0.555392	0.6456659	1.106094	0.02346499	1.226226
6294	-101.0511	-264.931	163.88	10.60644	0.6248839	2.299013	0.009948845	1.60377	0.2533465	1.336923
6300	-88.38247	-250.9859	162.6034	10.60644	0.961787	1.068782	2.012227	1.891807	0.05287469	1.399961
6306	-96.13948	-261.4444	165.3049	10.60644	0.8222927	0.9184641	0.9695983	0.4328589	0.04758072	1.473022
6312	-97.67417	-262.2028	164.5286	11.58898	1.191508	2.522398	0.3878864	0.1159666	0.04758072	0.9577754
6318	-94.02661	-257.619	163.5924	10.76762	1.134539	1.85232	1.07263	0.05685648	1.41273	0.8733377
6324	-86.55756	-253.4927	166.9352	8.260369	0.6622451	0.04452514	1.07263	0.009301067	1.41273	0.6413987
6330	-89.51865	-259.56	170.0413	3.538779	0.5153832	0.05594838	0.5459311	0.007818824	1.250871	0.6357623
6336	-93.39097	-263.288	169.897	4.809389	0.3947116	0.08524582	0.03157889	0.03578512	1.248153	0.590183
6342	-100.4094	-263.0445	162.6351	6.943395	0.8256196	0.3864504	2.555554	0.4627874	3.015386	1.434285
6348	-96.29796	-263.2121	166.9141	6.356212	0.388554	0.1976362	0.5832162	0.03193325	1.365772	1.903455
6354	-84.14106	-251.5775	167.4364	9.561379	0.7610689	0.01021961	0.09165868	0.208778	1.176793	0.4073582
6360	-83.98626	-249.6931	165.7068	9.561379	0.566534	0.0368839	0.03296488	0.2837545	3.024472	0.3542013
6366	-88.89459	-254.6838	165.7892	9.548757	0.6005157	0.1670192	0.05004404	0.2387249	2.752443	0.7738627
6372	-95.43018	-259.1652	163.7351	11.23712	0.6580067	0.3647081	0.09116256	0.5546315	3.484792	0.9697227
6378	-105.2606	-269.9027	164.6422	6.371329	1.346888	0.07218592	0.1404242	2.950268	0.1630231	2.010592
6384	-109.6158	-271.4349	161.8191	11.44339	0.834203	0.1932398	0.1062607	2.72775	1.792864	2.010592
6390	-119.276	-283.6036	164.3276	7.76906	0.4955423	0.187526	1.852753	0.03045673	1.755587	2.063692
6396	-102.6901	-265.5214	162.8314	10.03261	0.5625801	1.300828	2.148013	0.123386	0.8692169	2.064702
6402	-93.1992	-258.1911	164.9919	9.196823	0.4619253	1.670736	0.03193927	0.2967472	1.30441	1.626043
6408	-97.52826	-263.4736	165.9453	9.733617	0.5938419	1.670736	0.1921975	0.2005493	0.09794426	1.533012
6414	-98.1189	-263.9764	165.8575	10.33921	0.6113866	0.8692242	0.2810624	0.03778086	0.07224413	2.068831
6420	-99.65022	-265.3906	165.7404	11.4857	1.425425	0.607031	0.9673791	0.03176662	0.08494761	0.9235081
6426	-95.36449	-262.2701	166.9056	7.53511	0.4669606	0.7550703	0.9673791	0.05389144	0.05608492	1.749897
6432	-98.62715	-264.5525	165.9254	6.270934	0.5728982	0.0910881	3.266317	0.3517371	0.515498	0.9590834
6438	-92.16469	-258.3554	166.1907	7.605869	0.5998758	0.0124349	0.1496801	2.727853	0.4193312	1.01687
6444	-95.2447	-262.4791	167.2344	5.864978	0.9119958	0.04405866	0.1918995	1.33901	0.3884413	1.622195
6450	-93.60147	-259.7264	166.1249	7.107814	0.476011	0.08419107	0.06513533	0.06431705	2.744574	1.622195
6456	-100.3153	-263.8447	163.5294	14.0856	1.164661	0.0538565	0.01118186	0.08651899	2.744574	1.405288
6462	-101.0957	-264.1895	163.0938	12.32128	0.9406374	0.009066487	0.02696289	0.1588492	3.672208	1.532332
6468	-100.3993	-266.6262	166.2269	12.32128	0.7344667	0.01579582	0.01146613	0.4329646	0.3525128	1.62557
6474	-93.16921	-259.5763	166.4071	5.120041	0.6269851	0.01036359	0.00146268	0.4329646	2.59053	1.906631
6480	-93.67319	-258.1969	164.5237	9.740368	0.5745331	0.09073204	0.002902054	1.05575	1.405376	2.246823
6486	-103.0684	-267.7115	164.6431	9.471581	0.382995	1.288587	0.01194	2.05921	0.1744591	1.699112
6492	-100.08	-264.3925	164.3124	9.898047	0.9387671	0.7494056	0.002486726	2.70026	0.09752253	1.415476
6498	-97.01543	-263.1537	166.1383	5.023709	0.6741218	0.7516993	0.0004750281	2.943987	0.1498466	1.525529
6504	-84.78817	-251.1335	166.3453	5.023709	0.3396343	0.5073404	0.01782278	2.943987	0.04173052	1.854484
6510	-98.63941	-261.9739	163.3345	8.313579	0.5341411	0.4189023	0.0883466	2.943987	1.160284	2.03754
6516	-101.8362	-263.896	162.0598	7.529274	0.4237686	3.369805	0.0183682	1.155276	1.160284	2.422497
6522	-85.9313	-248.1228	162.1915	10.17021	0.4237686	2.327512	0.05554301	1.331369	1.8158	1.825551
6528	-93.87894	-257.0905	163.2116	14.69081	0.4160463	2.332539	0.2997556	0.2386142	1.119504	1.25949
6534	-96.55316	-251.0727	154.5195	14.69081	0.2876012	5.637102	4.232825	0.08653361	1.491749	2.225461
6540	-97.628	-255.5968	157.9688	10.06282	0.4661837	4.371818	2.940479	0.1229102	1.491749	2.364179
6546	-91.20462	-255.4661	164.2615	8.650152	0.3491459	0.3839228	3.15407	0.1241084	0.1530998	1.990842
6552	-99.62926	-262.0172	162.3879	11.65269	1.26891	0.3882499	2.381287	0.4278266	1.149369	1.600136
6558	-96.95442	-252.8328	155.8784	29.05045	1.524479	0.1479763	1.433776	3.866352	2.186404	1.116198
6564	-95.24722	-257.9264	162.6791	20.05188	0.775224	0.03162299	1.793292	0.9436343	0.09562272	1.343935
6570	-95.63942	-257.796	162.1565	8.380151	0.7907429	0.285392	1.353465	4.803696	0.03648736	1.343935
6576	-95.06297	-257.9202	162.8572	13.33365	0.7087436	0.3163227	3.095487	1.166296	0.08650307	1.028061
6582	-103.3077	-267.0641	163.7564	13.63693	0.4488473	2.102756	0.06557944	1.035224	0.2612952	1.434299
6588	-89.44759	-252.7516	163.304	9.846653	0.4772936	2.554492	0.04444812	1.586135	0.5998987	1.60377
6594	-97.80009	-260.6943	162.8942	9.846653	0.6169399	2.089577	0.2106881	1.608809	0.793383	1.852119
6600	-98.90893	-261.0038	162.0949	14.14414	0.5209777	1.534751	0.2110248	0.6695676	1.670976	2.024215
6606	-88.10315	-249.7129	161.6098	14.14414	0.5261735	1.534751	0.2426907	0.5317017	2.428137	1.909517
6612	-97.36491	-258.4345	161.0696	13.5349	0.5314263	2.407241	0.1050386	0.5947548	2.324834	1.909517
6618	-90.33023	-251.5185	161.1883	14.8846	0.4497463	1.525251	0.03537141	0.5947548	2.122154	2.411244
6624	-91.68334	-253.6983	162.0149	15.5514	1.256435	0.5739647	0.2773677	0.1941836	2.066909	2.002739
6630	-89.30215	-255.6243	166.3222	6.780901	1.80259	0.2083447	0.8708199	0.9911594	0.0702062	1.178512
6636	-95.15349	-260.3407	165.1872	8.772637	0.7914051	0.423734	2.127989	0.2302772	0.6078665	1.274134
6642	-98.03171	-262.3983	164.3666	6.419652	1.369815	0.3595639	2.59976	0.79471	1.102841	1.022568
6648	-104.5562	-270.3136	165.7573	7.873581	1.045298	0.1483805	1.976627	0.6571683	0.5384914	0.8804671
6654	-96.81529	-257.8894	161.0741	7.448196	0.8714195	2.17271	5.994863	0.2290669	0.1437125	0.4770083
6660	-100.7544	-263.3997	162.6453	7.373434	0.6444386	1.810767	4.630339	0.05389408	0.3582634	1.065409
6666	-104.8491	-267.8887	163.0397	8.208319	0.8706653	1.276996	0.6125106	0.3157474	3.290574	1.41042
6672	-108.6477	-272.522	163.8743	9.922655	0.7915203	0.09616754	0.8495356	0.7647433	2.819123	1.077892
6678	-96.25468	-262.411	166.1564	6.058848	0.4911146	0.2497465	0.2526232	0.5335963	2.330521	1.626006
6684	-97.17416	-261.7488	164.5747	6.008876	0.8792136	1.407265	0.0400239	0.4562828	3.224946	1.202526
6690	-106.8726	-272.182	165.3094	8.428838	0.4472636	0.3453026	1.664107	0.4800085	0.05653412	2.126077
6696	-106.2195	-271.9779	165.7584	8.324829	0.7406017	0.1765031	2.671639	0.2107855	0.01454657	1.2416
6702	-99.73384	-264.6889	164.9551	9.705246	0.6789618	0.2331409	0.3090344	0.9713038	2.204429	0.9969508
6708	-103.5247	-267.3398	163.8151	12.53889	1.398239	0.2331357	0.7047029	0.2624693	2.204429	0.8465796
6714	-96.50067	-259.8839	163.3832	14.9498	1.063739	0.03013245	0.4984147	0.7887398	2.204429	0.8626153
6720	-100.4344	-263.4454	163.011	10.81054	1.065591	0.2663513	1.069524	1.331932	2.13212	1.108172
6726	-107.7078	-269.4838	161.776	6.877988	0.8335957	0.4340225	1.319538	1.718212	3.734181	1.504863
6732	-107.718	-273.4888	165.7707	6.182761	0.8025914	0.3357929	0.2973176	0.6138831	1.860861	1.820393
6738	-95.7436	-260.176	164.4324	8.628964	1.359159	0.289525	0.5813605	0.1816334	3.059808	0.7996166
6744	-93.7074	-259.2456	165.5382	9.54338	0.4231622	0.1473667	1.405897	0.3581661	1.368374	1.152185
6750	-94.8764	-256.6249	161.7485	28.40459	1.920288	0.1141319	0.002691944	0.8335121	0.008760585	1.526463
6756	-94.33013	-259.168	164.8379	13.98366	1.249544	0.007016075	0.04040825	1.724172	0.02055784	1.19118
6762	-108.898	-275.3885	166.4904	8.38752	0.6103755	0.06375257	0.01699149	1.492768	1.012446	1.122193
6768	-110.1602	-273.1637	163.0035	9.43178	0.4596671	0.1249461	2.017969	2.631871	1.21417	0.9898905
6774	-98.02275	-260.8818	162.859	10.72558	0.7645605	0.236287	2.615878	1.958816	0.2038987	1.332813
6780	-107.9725	-269.1906	161.2181	9.669989	0.8345074	0.2086972	3.494299	0.4120081	3.303494	0.8821509
6786	-97.27442	-261.8484	164.574	14.35287	0.4459235	0.08257982	1.780609	0.0453874	0.924545	1.130919
6792	-98.26837	-264.4674	166.199	7.541799	1.360842	0.242362	0.2963499	0.6687382	0.1862029	1.920908
6798	-111.3522	-271.6588	160.3066	9.977308	0.6713716	2.965573	0.4409039	0.6667202	1.748194	2.731823
6804	-103.8381	-264.152	160.3139	11.62429	0.5378662	3.505035	0.5234159	0.6667202	1.576235	2.20484
6810	-97.79951	-261.6667	163.8672	9.676801	0.5072818	1.757671	0.1578736	0.6667202	0.4792332	2.398765
6816	-106.2775	-270.7431	164.4656	11.62975	0.5655746	1.757671	0.3117849	0.6667202	0.04256743	1.743154
6822	-90.51247	-255.2307	164.7182	9.43609	0.6554627	1.627363	0.1849904	0.4691204	0.05897117	2.274006
6828	-92.99183	-256.0477	163.0559	6.152657	0.5054239	2.352481	0.8782408	0.6905624	0.1983868	3.092307
6834	-111.1927	-266.2437	155.051	9.301482	1.03624	5.843565	0.8349577	1.332234	0.1699895	4.343952
6840	-110.4725	-278.1043	167.6319	3.839187	0.4655998	3.561879	0.174537	0.307572	0.01270458	0.7677936
6846	-106.4081	-270.6146	164.2065	6.57069	0.4961468	5.08711	0.1751288	0.7765619	0.008073044	0.7677936
6852	-98.30623	-261.0376	162.7313	10.33918	0.49867	1.782589	2.033462	0.2075335	0.04013529	2.350347
6858	-105.6363	-265.9152	160.2788	12.77197	0.5967984	2.561021	1.197066	0.04427229	2.647618	1.851493
6864	-96.23813	-257.2734	161.0352	22.18828	2.076983	0.9702666	0.2686603	0.3847817	1.808134	0.7002684
6870	-91.78089	-254.2881	162.5073	12.32878	1.618981	0.4502249	3.456386	0.05446945	0.4551018	0.9948207
6876	-84.65472	-249.1681	164.5134	12.32878	0.8504182	0.9835401	0.5484977	0.2178269	0.6817789	1.608587
6882	-93.34762	-258.0118	164.6642	12.8955	1.686768	1.419525	0.07021221	0.583254	0.04761779	0.9016283
6888	-83.32014	-246.8946	163.5744	11.59719	0.8159998	1.652778	0.1187687	1.787525	0.3636798	1.379322
6894	-86.58949	-249.5822	162.9927	7.90007	0.8159998	1.179693	0.380842	3.671967	0.0591904	1.72226
6900	-103.5467	-266.0176	162.4709	9.659134	0.2915239	0.1098525	3.837877	1.539277	0.1072059	1.79702
6906	-102.7324	-267.458	164.7257	12.06431	0.8436332	0.04051788	0.4257089	1.539277	0.03045839	1.79702
6912	-89.90463	-251.2507	161.3461	19.08611	0.7728538	0.04622681	0.01912028	1.539277	1.910416	1.977348
6918	-84.19227	-250.4884	166.2961	9.518124	0.7994018	0.0702725	0.000761098	0.816577	0.1563761	1.977348
6924	-87.20178	-251.8688	164.667	11.59587	0.7352289	1.457796	0.05977741	0.5038144	0.01899178	2.000775
6930	-82.12392	-247.2475	165.1235	12.35036	1.247367	0.007024624	0.08895396	1.209834	0.0748328	1.635858
6936	-98.04548	-261.2424	163.1969	8.387719	1.935975	0.01959754	0.4720906	3.491313	0.2155802	1.416098
6942	-94.54983	-256.7736	162.2237	9.457341	1.935975	0.0389121	1.002886	2.422918	1.397498	1.35908
6948	-96.61764	-262.095	165.4773	11.18589	1.334444	0.1714019	0.06114533	1.069302	0.3324331	1.372319
6954	-100.0235	-263.9183	163.8948	9.502883	0.464809	0.2128679	1.508904	2.178268	0.05769943	1.86061
6960	-99.61499	-263.7767	164.1617	11.20708	0.9913941	0.0674382	0.6387561	2.178268	0.01976309	1.658006
6966	-83.54205	-248.7945	165.2524	11.68935	0.805985	0.04194911	0.135563	1.453085	0.08428456	1.756421
6972	-82.14756	-247.0413	164.8938	12.93449	1.086884	0.2289316	0.170731	1.79815	0.06301181	1.119583
6978	-81.69425	-245.0541	163.3598	9.256911	0.4230855	0.3069548	0.3838061	4.01352	0.7876141	1.208664
6984	-84.50995	-246.0106	161.5007	14.28627	0.9227721	0.07454893	1.681658	1.134554	2.46684	1.208664
6990	-81.43844	-248.4197	166.9813	9.472818	0.6246855	0.01588662	1.681658	0.0230513	0.4030031	0.4504425
6996	-81.32921	-250.2095	168.8803	7.157873	0.4665507	0.02751975	0.08573522	0.01021261	1.094379	0.3700097
7002	-82.76925	-251.5852	168.816	7.157873	0.4563376	0.02751975	0.08573522	0.08476654	1.094379	0.3700097
7008	-82.13825	-251.3758	169.2375	5.757601	1.03936	0.1606337	0.1484295	0.03108043	0.6065584	0.5501089
7014	-83.92219	-245.9717	162.0495	11.98971	0.8677656	0.9844391	0.8897182	0.241991	3.040574	1.474577
7020	-94.11813	-257.8132	163.6951	14.84332	0.8329724	0.1171695	0.2278154	0.2414073	2.515674	1.217371
7026	-88.42932	-253.2737	164.8444	6.827077	0.4001229	0.02765755	0.2455146	0.5819609	4.100628	1.217371
7032	-89.19644	-253.7658	164.5694	8.904919	0.5456788	0.02765755	0.2000059	0.4370206	3.143059	1.581088
7038	-98.79355	-263.6816	164.8881	7.712269	0.1573231	0.02007003	0.2000059	2.181052	0.9758297	2.226371
7044	-86.947	-253.9782	167.0312	6.912921	0.6593494	0.07912019	0.3455236	0.5860414	0.4939797	1.932691
7050	-89.08235	-250.5976	161.5152	15.53268	0.6774498	0.08006127	0.02289012	0.5860414	3.027383	2.314759
7056	-83.78832	-247.3399	163.5516	9.314027	0.3345876	0.1027164	0.07861223	1.761093	1.224511	2.714029
7062	-88.75616	-254.0883	165.3321	5.75146	0.2773284	0.1010597	1.405333	0.6999455	0.4599967	2.84751
7068	-84.67852	-250.1939	165.5154	6.617801	0.3631208	0.2576558	1.968798	0.9543272	0.07092509	2.060796
7074	-102.7511	-268.9256	166.1744	5.7905	0.7352694	0.2284898	1.654229	0.4132551	0.6595101	1.819567
7080	-91.59651	-258.842	167.2455	5.397623	0.3623644	0.02448228	2.399515	0.09356297	0.5646825	1.355501
7086	-91.51314	-256.7669	165.2537	9.484082	0.5389922	0.1829233	2.166846	0.879249	0.04068655	1.319451
7092	-87.8756	-251.0788	163.2033	10.24235	0.7906802	1.182872	1.559387	2.200639	0.01684802	1.199865
7098	-91.06132	-253.5181	162.4568	10.92194	0.8836351	2.163002	0.759816	2.235536	0.1500873	1.274606
7104	-89.51029	-253.2678	163.7575	15.93262	1.243682	0.3770791	0.1063579	2.125128	0.2035459	0.7542151
7110	-95.65395	-257.1811	161.5271	16.36166	1.182224	3.533073	0.7947184	0.6276843	0.1106677	0.6434547
7116	-90.21587	-252.7114	162.4956	9.603471	1.318018	3.560448	0.4709579	0.2327831	1.49116	0.788245
7122	-88.83493	-254.2203	165.3854	5.309456	1.133049	2.925561	0.1750036	0.1646077	1.224372	1.125769
7128	-87.43338	-249.1666	161.7332	12.89312	1.057827	2.925561	0.2129141	0.3894548	1.715598	1.305542
7134	-87.83758	-252.0754	164.2378	10.2933	0.6936855	3.594257	0.03559652	0.3235094	0.03027167	1.21867
7140	-88.53967	-252.3443	163.8046	11.6986	0.757378	3.851921	0.005725258	0.3235094	0.03091017	0.9444681
7146	-97.94267	-261.2014	163.2587	10.54627	0.9666987	2.639688	0.01255359	2.269723	0.1676448	0.7031767
7152	-84.86456	-248.7619	163.8973	16.68102	1.298265	0.5335834	0.01806579	0.9562882	0.2795122	1.38689
7158	-95.63931	-258.7869	163.1475	10.07081	0.6196471	0.2119965	0.6240918	2.214738	0.6862583	2.271763
7164	-94.07937	-252.745	158.6656	8.722977	0.7230805	0.4630428	0.1362933	5.201935	1.873383	2.835674
7170	-99.20724	-260.4419	161.2347	8.960785	0.7688766	0.2448019	1.237914	0.8898065	3.509266	2.270864
7176	-94.67853	-257.9967	163.3182	8.960785	0.7688766	0.2125234	0.8877325	0.2236439	1.674037	2.770471
7182	-107.3321	-268.3324	161.0004	19.92963	0.7688766	0.08581574	0.1907536	0.6477941	3.057351	1.78063
7188	-95.14873	-254.4278	159.2791	9.434584	0.312256	2.901155	0.6642988	0.08848706	3.057351	3.141605
7194	-95.9024	-256.7439	160.8415	10.57114	0.3769876	1.372876	1.409948	0.1064704	0.6138997	3.845411
7200	-101.4121	-263.136	161.7239	5.563792	0.3369708	2.261527	1.409948	0.01006905	1.1785	3.701416
7206	-87.64515	-250.031	162.3859	10.89232	0.5026561	1.358326	0.3660543	0.195003	2.233346	2.399256
7212	-91.04339	-254.5042	163.4608	5.511623	0.3375818	1.32574	0.3660543	0.1557344	3.695963	2.256171
7218	-90.23547	-249.8935	159.6581	9.838431	0.5036181	6.335685	0.1141625	0.2259482	0.7308551	2.280045
7224	-86.61757	-251.1526	164.535	8.95998	0.9469095	2.35311	0.8016274	0.146238	0.272067	1.468099
7230	-88.03507	-251.462	163.4269	7.596021	0.5177597	4.078671	0.8016274	0.1428337	0.4401977	1.587504
7236	-90.35285	-256.3228	165.97	6.570941	0.460903	2.155161	0.238604	0.05792341	0.1223046	2.156396
7242	-94.20439	-256.1605	161.9561	12.23099	0.5548261	2.155161	0.5804818	0.7861184	0.07861405	2.728871
7248	-86.83367	-249.4867	162.6531	10.18705	0.6109342	5.221334	0.5983102	0.07988537	0.05873103	0.9663396
7254	-96.09726	-262.8481	166.7508	6.308411	0.8130419	1.063514	1.48963	0.0678388	0.1040569	1.331801
7260	-95.60732	-259.0901	163.4828	23.20324	0.8033017	1.72823	0.08266561	0.2393174	0.06954912	0.599523
7266	-89.14075	-253.7271	164.5863	10.87721	0.8456274	1.72823	0.05725291	0.5910363	0.09440454	1.837399
7272	-84.93652	-251.3882	166.4517	10.51429	0.6172641	1.433853	0.03716446	0.05577504	0.06129713	1.371126
7278	-87.91486	-253.5983	165.6834	13.02377	0.4671059	1.655586	0.313094	0.04711572	0.03608084	1.132666
7284	-100.4891	-261.4353	160.9462	30.38133	1.711758	2.022162	0.05882731	0.4484666	0.02699886	0.6858445
7290	-103.3189	-262.9761	159.6572	5.048679	0.218756	0.5658502	6.12165	2.697734	0.2918418	2.270585
7296	-94.04523	-255.5762	161.5309	4.663447	0.3601461	0.5658502	5.971126	2.56623	0.1585324	1.2906
7302	-101.1091	-267.2545	166.1454	7.84535	0.3577063	1.362483	0.01550277	0.1749979	1.526702	1.381475
7308	-107.2788	-272.2288	164.95	14.72528	0.7277055	0.1908477	0.01424443	0.4753718	0.9323212	1.509486
7314	-98.55931	-265.1067	166.5474	9.411168	0.6768113	0.2598796	0.0741671	0.1479882	1.78282	0.9592795
7320	-75.50464	-242.2967	166.792	10.21731	0.3439073	0.06350998	0.09941511	0.1147194	1.85316	0.9080825
7326	-85.55068	-252.7152	167.1645	10.06863	0.8923617	0.1016534	0.1707584	0.1126099	0.9558779	0.80934
7332	-89.96886	-254.9574	164.9886	7.33845	1.004179	0.2409705	0.03222416	0.3434309	3.791967	0.8003006
7338	-87.90091	-252.6321	164.7312	11.5158	1.99042	0.1598593	0.2099869	0.1247791	1.857383	0.5648857
7344	-86.85421	-250.6657	163.8115	11.83278	1.497738	0.03202044	3.032156	0.03886946	0.5643851	0.5771441
7350	-86.18125	-253.2243	167.043	5.817429	0.6281934	0.007866875	3.032156	0.03006108	0.447661	0.5771441
7356	-80.7153	-248.5923	167.877	5.187839	0.6437153	0.07218493	1.461132	0.02215299	0.9749969	1.142169
7362	-88.82038	-254.9782	166.1578	5.316585	0.6437153	0.7161764	2.41196	0.1171654	0.6718661	1.364885
7368	-83.28852	-247.7843	164.4958	11.34561	0.6437153	0.2393125	1.286598	0.5230817	0.8340443	1.65277
7374	-77.1573	-241.6827	164.5254	11.40096	0.5849222	1.840986	0.1859998	0.03454965	0.8340443	1.65277
7380	-94.661	-260.4324	165.7714	9.790431	0.8850179	1.253814	0.08759455	0.1335766	0.3780382	1.658335
7386	-84.27376	-250.0931	165.8193	8.611234	1.23813	1.253814	0.1091224	0.02955232	0.4216018	1.694505
7392	-91.4198	-253.3682	161.9484	20.17793	1.732415	1.253814	0.2434169	0.009814527	0.6777986	1.664944
7398	-93.48888	-257.8877	164.3988	11.96174	0.8865036	0.4272875	2.280242	0.01545145	0.2758112	1.317148
7404	-84.97099	-252.358	167.387	5.606017	0.5769807	0.3645395	0.8447955	0.03387216	0.07983233	2.26181
7410	-106.3134	-273.0297	166.7163	7.743479	0.2722828	0.1158282	1.67712	0.5782785	0.04046988	1.550286
7416	-88.88693	-254.9929	166.1059	7.743479	0.2722828	0.05870196	2.667287	0.08605438	0.7716241	1.096218
7422	-90.73684	-248.2795	157.5426	11.96159	0.2793636	0.3217468	5.240054	0.05115824	3.404338	2.323352
7428	-87.54289	-252.1067	164.5639	8.890722	0.6855782	0.3347479	0.1341534	0.2446078	2.690853	1.776374
7434	-91.54939	-257.8219	166.2725	8.507434	0.6050237	0.0439501	0.8586894	0.4347119	1.333949	1.204126
7440	-99.44141	-263.2304	163.789	13.00711	0.5121467	0.2206072	2.945755	0.01357158	0.1784168	1.569504
7446	-98.81955	-265.403	166.5834	5.755246	0.9776845	0.2206072	2.784289	0.02459949	0.0775188	1.231215
7452	-85.35668	-252.1333	166.7767	4.880384	1.022041	0.4012253	2.784289	0.1697626	0.2670656	0.9394452
7458	-85.34324	-248.3995	163.0562	8.811899	0.7784867	1.869251	3.114823	0.1802675	0.6476832	1.013459
7464	-99.19769	-260.8684	161.6707	9.724769	1.056965	3.828377	0.9152598	0.09923012	1.108155	1.551393
7470	-101.5627	-265.4775	163.9149	8.127108	0.6257017	3.494567	0.7618677	0.202105	0.4466412	1.403641
7476	-107.6544	-270.8443	163.1899	8.411559	0.4895709	0.7593964	3.85178	0.04621387	0.1572245	2.003961
7482	-105.1179	-266.0472	160.9293	9.500623	0.5909505	1.411074	1.168805	1.423359	0.02528659	3.571325
7488	-100.3658	-263.67	163.3042	9.330655	0.5031298	0.7521385	0.8694451	0.8671874	0.01834463	3.155882
7494	-96.72922	-263.6542	166.925	5.077163	0.5312649	0.4917998	0.3014106	1.196654	0.2855227	2.145604
7500	-90.66768	-252.9005	162.2329	18.68893	0.9449667	0.1003789	0.1320836	1.728359	1.354835	1.425368
7506	-97.45998	-260.8813	163.4213	18.68893	0.9811163	0.7001244	0.1247039	0.5219012	0.7442806	1.425368
7512	-96.24607	-260.4486	164.2026	9.109751	0.4723441	1.76559	0.1769189	0.379933	1.515656	1.819997
7518	-95.66532	-259.4637	163.7983	10.0982	0.6615674	1.76559	0.01479145	0.4995289	0.8124348	2.235149
7524	-98.68084	-263.5624	164.8816	6.35081	0.365403	1.34047	0.07563037	0.1304399	1.228897	2.832873
7530	-100.0907	-264.56	164.4693	7.395278	0.5780846	2.705427	0.07453684	1.162499	0.1582551	1.828501
7536	-97.84371	-263.8234	165.9797	5.2299	0.5046778	3.340434	0.1526244	0.03395773	0.06370751	1.864576
7542	-99.91785	-265.1936	165.2758	4.696026	0.8608242	0.8718852	0.3297916	0.1738192	1.192416	2.91294
7548	-105.0455	-263.7853	158.7398	6.647163	1.050755	2.078565	0.3297916	0.4017508	5.531808	2.68571
7554	-101.7596	-262.5915	160.8319	11.22722	1.365392	1.907771	0.0218089	0.1075835	4.457082	1.158659
7560	-117.3611	-277.0948	159.7337	9.404193	1.14843	0.1701846	7.181118	0.3006433	1.111394	0.298392
7566	-103.2122	-266.6127	163.4005	10.20824	1.333191	0.7964022	3.482115	0.2002718	0.273437	0.4611429
7572	-104.9725	-262.9732	158.0007	24.47276	1.483365	0.3044743	0.3760029	0.3176594	5.50596	0.9009174
7578	-102.3182	-263.9245	161.6063	25.45065	0.6648345	0.1793422	0.3760029	1.677537	1.517768	0.5890458
7584	-89.7407	-250.2877	160.547	30.90304	0.6648345	0.01245349	0.1969351	1.689333	1.773398	1.00391
7590	-102.7403	-265.2078	162.4675	16.58734	1.267955	0.1773631	3.416207	0.08459371	0.3351355	0.4346894
7596	-85.13891	-248.3387	163.1998	14.90332	0.9318657	0.1773631	3.416207	0.1138302	0.3116804	0.4346894
7602	-82.98079	-244.9509	161.9701	13.12109	1.110371	0.1773631	4.856897	0.3418788	0.1421894	0.3970617
7608	-93.77391	-254.7031	160.9291	16.93407	0.9254624	0.0253619	4.986806	0.4187568	0.3930444	0.4841453
7614	-94.20092	-255.9796	161.7786	12.55792	0.4165825	0.5542274	3.769394	0.02821288	0.5592565	2.03937
7620	-103.7429	-268.1651	164.4222	8.677524	1.256374	0.5876037	0.8334461	0.0158375	2.033664	1.473845
7626	-103.3805	-265.2752	161.8948	12.7354	0.6118738	0.6231975	0.07344816	0.1647613	4.368953	1.567681
7632	-98.59982	-261.4676	162.8678	11.86446	0.6118738	2.215103	0.320552	1.556806	0.2382567	1.694042
7638	-89.53911	-251.7931	162.254	16.11399	0.6118738	2.699906	0.2327771	0.6029279	0.138405	1.806205
7644	-94.23781	-257.3176	163.0798	14.32186	0.4206137	2.140909	0.1231814	1.200266	0.01377824	1.806205
7650	-94.78055	-257.1892	162.4087	11.94796	0.4143028	2.646069	0.06654095	1.200266	0.03018691	2.372419
7656	-96.55406	-260.5937	164.0397	10.25799	0.7301393	2.300348	0.01881657	1.147982	0.1116569	1.663085
7662	-96.33225	-261.8659	165.5337	11.32963	0.7687082	0.3427447	0.03270213	1.147982	0.1872077	1.663085
7668	-100.1621	-266.2631	166.101	5.719479	0.7007748	1.426149	0.0437828	0.7044444	0.2015532	2.296698
7674	-98.91563	-261.8612	162.9456	16.42763	0.9906544	0.9405015	0.5172833	1.804919	0.08642605	1.187099
7680	-99.02013	-261.1488	162.1287	16.88035	1.799582	0.2242708	1.266743	1.446614	0.08642605	1.375427
7686	-91.86783	-257.9646	166.0968	5.957621	0.9426251	0.1196504	1.894547	1.077456	0.1237839	1.483078
7692	-87.8298	-254.604	166.7742	5.63856	1.004064	0.468482	0.86072	0.2258774	0.06966396	2.176723
7698	-89.85472	-253.1531	163.2984	11.10496	1.292684	0.5237143	2.725746	0.133859	0.9486144	0.9756309
7704	-113.2835	-271.985	158.7015	26.76584	1.310809	1.908655	1.694764	0.1158105	0.8905525	1.716224
7710	-98.7754	-259.5078	160.7324	12.13511	0.8471675	4.877735	0.190084	0.5000254	0.1366796	2.001188
7716	-107.6934	-271.4471	163.7537	12.13511	0.6860786	2.263714	0.3117944	0.304514	0.07015432	1.930218
7722	-102.1752	-266.1471	163.9719	12.01351	0.7160026	0.483123	0.1170144	0.5355798	1.615784	1.920573
7728	-92.50776	-254.1366	161.6288	14.5594	0.7071606	0.04383597	0.1170144	3.266993	1.237069	1.748692
7734	-95.64038	-261.1134	165.4731	12.14939	0.2695648	1.414633	0.277873	0.7780728	0.02672719	1.308957
7740	-88.05156	-255.7808	167.7293	8.003238	0.731668	1.499257	0.06356229	0.1880996	0.008150001	0.6717629
7746	-99.42774	-265.0538	165.6261	12.50499	0.4882132	2.103276	0.03471649	0.07081485	0.009395026	1.145218
7752	-98.94957	-263.6788	164.7292	15.65235	0.7923203	1.578191	0.06610926	0.04816831	0.3017126	1.145218
7758	-98.76569	-263.491	164.7254	13.33214	1.446004	1.578191	0.2774172	0.1034628	0.1613896	0.9670435
7764	-90.75912	-252.8126	162.0535	31.2736	1.037447	0.002596721	0.4461597	0.4772175	0.5562964	1.237375
7770	-87.93335	-253.3892	165.4559	10.65569	1.037447	0.08502001	0.6907681	0.5574942	0.5562964	1.545679
7776	-97.84146	-261.6786	163.8372	10.65569	1.072282	0.9856464	0.07523336	2.211425	0.2011447	1.545679
7782	-106.4765	-269.9886	163.5122	10.85638	0.8093702	0.1201559	0.2318219	3.718558	0.5451691	1.037886
7788	-88.37981	-255.0323	166.6525	5.790292	0.6585621	0.07435751	0.04599969	1.112578	1.091769	1.975401
7794	-93.48641	-258.7698	165.2834	9.181746	0.4676323	0.07521116	0.04866282	1.365992	0.8040346	2.116949
7800	-90.41725	-254.3493	163.932	10.06165	0.4775695	0.6401158	0.04413335	0.6880017	1.659729	2.313779
7806	-97.19524	-261.3271	164.1319	12.69364	0.3905345	1.077946	0.02461155	0.9761381	0.04461758	2.313779
7812	-98.7754	-261.6627	162.8873	15.36426	0.8998783	0.9247313	0.02894451	0.9598276	0.2506239	2.313779
7818	-94.84644	-259.6227	164.7763	14.25689	0.5951661	0.1446782	0.02870447	2.541081	0.2131551	0.6181951
7824	-90.43115	-256.3659	165.9347	7.209027	0.7080816	3.484479	0.08736136	0.1417253	0.1747451	0.6819264
7830	-87.04081	-248.4482	161.4074	16.08191	0.6907227	3.492359	1.888906	0.04874087	0.1550787	0.8771767
7836	-94.83708	-262.0893	167.2522	7.60442	0.3850539	0.3220227	1.694822	0.3182465	0.02199668	1.116808
7842	-83.0251	-249.1639	166.1388	9.727735	0.5230994	1.489264	0.01182871	0.9098826	0.2157816	1.051449
7848	-77.24398	-242.0092	164.7653	10.66099	0.6054347	1.098197	0.04731526	0.5221202	0.6953091	1.997768
7854	-90.42252	-257.4761	167.0536	6.234228	0.9270228	0.7146469	0.03724819	0.8810785	0.3065497	1.63575
7860	-86.44516	-245.1568	158.7117	6.735572	0.9270228	0.2872132	0.1207374	7.476802	0.8789293	2.494712
7866	-86.41945	-246.7365	160.3171	13.90708	0.5652017	0.1607269	1.500636	1.72738	2.413352	2.07666
7872	-89.41079	-254.8533	165.4426	11.13488	0.7410496	0.1122492	0.9377252	0.1251215	0.6745447	1.690894
7878	-83.87904	-247.5485	163.6694	13.46437	0.7431293	0.2110498	0.9129335	0.07928958	0.3510193	2.607803
7884	-90.94589	-254.617	163.6711	17.40396	0.9784185	0.8784375	0.4083098	0.06826538	0.4832305	1.635668
7890	-95.77325	-258.7055	162.9322	7.665866	0.6725104	4.74276	0.5834889	0.3234718	0.05936415	1.635668
7896	-100.4375	-262.5112	162.0737	6.063812	0.2796255	5.874622	1.334575	0.3907611	0.1916123	1.528437
7902	-83.73193	-247.5275	163.7956	12.39244	1.03766	0.3604969	1.429042	1.811487	0.0678139	1.016962
7908	-97.777	-259.7961	162.0191	16.47132	0.7209091	0.121974	2.58926	1.811487	0.2475516	0.9670927
7914	-84.73117	-246.0954	161.3642	16.53629	0.7332838	0.09650019	0.05785214	3.541148	1.354698	1.281728
7920	-100.4769	-259.2692	158.7923	11.74124	0.9492366	3.319303	0.1313939	4.22422	0.146969	1.890483
7926	-105.2955	-266.5646	161.2691	14.98518	0.2634856	0.3451163	0.08250654	4.417715	0.3833166	1.841028
7932	-100.237	-264.2365	163.9995	8.098011	0.5622527	1.271671	0.4657947	2.83073	0.1713861	1.521833
7938	-98.94819	-264.9415	165.9933	8.525116	0.5622527	1.271671	0.04020738	0.8547597	0.1017506	1.750362
7944	-105.2471	-268.3257	163.0786	8.399596	1.002153	0.1029039	1.021176	3.798708	0.3041314	1.431037
7950	-101.1925	-265.6892	164.4967	12.23518	0.927533	0.2006207	0.6683774	1.439953	0.2160271	1.51513
7956	-107.038	-268.9401	161.9021	9.777149	1.166297	0.09394907	2.54944	0.6613753	0.8723868	2.497151
7962	-114.7223	-274.9549	160.2326	7.699109	0.7663594	3.434535	1.993049	0.4165634	0.274145	3.036728
7968	-115.012	-270.4193	155.4073	19.17961	0.7663594	4.642214	0.726481	3.665927	0.2312083	2.093509
7974	-105.0032	-262.4373	157.4342	15.04259	0.7663594	0.5041586	0.1276526	4.111277	1.216693	3.448149
7980	-94.12026	-252.3699	158.2497	11.13861	0.5290877	0.1849079	0.2159627	4.836882	2.828508	2.474918
7986	-103.4693	-264.1417	160.6724	10.81279	0.7241119	0.1741739	1.558855	1.13975	2.888125	2.341413
7992	-112.3541	-273.7301	161.376	10.02642	0.4020931	0.2675589	0.9291038	2.391736	0.8619793	3.067031
7998	-98.47835	-261.551	163.0726	8.214732	0.4920477	0.04596335	0.5703894	2.508757	0.8619793	2.652147
8004	-90.54103	-252.8078	162.2667	14.29028	0.7861812	0.01503629	1.132827	0.1459102	3.536991	1.117733
8010	-96.46247	-258.384	161.9215	12.64629	0.974245	0.07077473	1.530185	0.2400861	3.431157	1.252313
8016	-94.09713	-254.2073	160.1102	27.01223	1.136387	0.08007312	2.140014	0.8896786	0.6608549	1.395578
8022	-96.97326	-258.4649	161.4917	16.64994	0.8264375	0.1391951	0.2009946	2.20033	0.2910282	2.626432
8028	-99.15096	-259.2417	160.0908	13.89169	1.810901	0.5314225	0.1253052	5.088442	0.3282381	1.128302
8034	-102.8766	-266.3538	163.4773	10.91746	0.9444398	0.6451564	0.2880691	2.128176	0.05701729	2.07279
8040	-105.7338	-267.5874	161.8536	12.94278	1.17448	0.723104	0.5596269	2.128176	0.05701729	2.36511
8046	-108.84	-270.1443	161.3042	10.81328	0.7430045	0.2502234	1.437789	3.618667	0.03289901	2.194129
8052	-102.7057	-265.9627	163.257	7.010707	1.333681	0.1173873	1.150846	3.768055	0.1362129	1.501999
8058	-110.9745	-270.2967	159.3221	22.84529	1.062799	0.09102298	1.549511	1.467757	1.588436	1.859832
8064	-110.8272	-268.1185	157.2912	25.00012	1.062799	1.010859	3.170745	2.205432	0.1164367	1.754702
8070	-102.4766	-269.45	166.9734	7.445906	0.3671598	0.07116973	0.4557873	1.678659	0.2241672	1.358588
8076	-92.60206	-258.4605	165.8585	3.91652	0.5378578	0.007174811	0.07592981	4.101731	0.9874242	1.30063
8082	-84.34853	-250.3957	166.0471	6.573937	0.3308203	0.01665124	0.07974247	2.329621	1.468552	1.248787
8088	-86.05465	-254.6395	168.5849	4.218579	0.3338764	0.03238745	0.126603	1.027499	1.628889	0.9943759
8094	-90.68008	-258.8111	168.1311	4.368061	1.016317	0.1112646	0.1979096	1.66179	0.2862604	1.217648
8100	-89.78038	-256.1693	166.3889	8.386822	0.5590805	0.02959767	0.4109547	1.66179	0.0865809	1.56283
8106	-102.0405	-265.6456	163.6052	8.386822	0.898759	0.03893523	0.5936824	3.98265	0.3914251	1.273692
8112	-90.85108	-257.573	166.7219	5.628824	0.4823318	0.03719314	2.324114	1.188651	0.453829	0.7310289
8118	-113.6679	-276.1997	162.5318	11.09154	0.805771	0.07330966	1.75397	1.188651	2.572953	0.9763242
8124	-118.4348	-284.0134	165.5786	7.355409	1.260893	0.07808555	0.126115	0.9057927	1.28127	1.782532
8130	-97.50303	-265.7135	168.2105	6.040194	0.9036917	0.05315446	0.06699434	0.41434	1.180052	0.9588708
8136	-92.45534	-261.1483	168.693	7.475282	0.5575798	0.02883793	0.004174171	0.2913702	0.8603936	0.6565673
8142	-89.64419	-258.508	168.8639	7.312273	0.3539151	0.03072277	0.06660885	0.2881919	0.8603936	0.7251795
8148	-95.52159	-264.5205	168.9989	5.170884	0.4111892	0.05721137	0.7791232	0.2362286	0.353174	1.330507
8154	-88.79119	-255.5831	166.7919	9.531137	0.201138	0.05721137	1.455735	0.6336773	0.2385745	1.029332
8160	-92.27242	-259.5745	167.3021	8.403922	0.263286	0.01264403	1.455735	0.4459077	0.1858977	1.135729
8166	-90.39028	-255.2175	164.8272	12.11456	0.3515376	0.0386784	1.455735	1.0089	0.2543598	1.550354
8172	-92.0329	-257.807	165.7741	10.43039	0.8464594	0.4894022	0.07870506	0.2448727	1.457334	1.20164
8178	-90.78791	-254.5929	163.805	13.71861	1.048063	0.1246086	0.1851437	1.596479	1.277444	1.113684
8184	-84.46615	-248.4419	163.9757	11.04475	0.7104475	0.06955963	1.296875	1.596479	0.9982962	1.244317
8190	-94.16323	-256.2579	162.0946	11.04475	0.3529926	0.168198	4.080641	1.305902	0.3664401	1.465378
8196	-108.0092	-268.5187	160.5095	19.35134	0.3091262	0.2295607	3.478739	0.556074	0.6696768	1.86016
8202	-97.27586	-256.4698	159.1939	18.38424	0.7121529	0.130558	0.6666341	2.33355	2.466108	2.160905
8208	-84.19692	-249.0939	164.897	7.993756	0.8246084	0.09314321	0.1262457	1.314352	1.007522	2.258397
8214	-97.74389	-257.9701	160.2262	14.30713	0.5045305	0.8819032	1.068208	2.111195	0.1674541	3.08537
8220	-94.12872	-256.7213	162.5926	11.68999	0.5045305	1.658981	2.367229	0.08705963	0.09108024	2.075767
8226	-92.87109	-251.27	158.3989	19.78421	1.046892	1.658981	3.180786	1.852805	0.05255887	1.48417
8232	-98.05101	-258.1258	160.0748	11.34901	0.6810881	1.427471	2.953281	3.03793	0.1280315	1.445132
8238	-102.0062	-266.222	164.2158	19.93846	1.06155	0.1944625	0.07535457	0.9768677	0.07332261	1.128489
8244	-94.44757	-258.4804	164.0328	11.46699	0.5643157	0.5001689	0.2072531	3.528663	0.07634704	0.8703339
8250	-88.94713	-252.6876	163.7405	11.41958	0.5826999	0.4065338	0.219998	4.074907	0.06093595	0.6193025
8256	-86.75445	-252.1825	165.428	13.77527	0.5826999	0.1386703	0.2142737	1.877575	0.203142	0.5459321
8262	-85.29485	-246.1273	160.8325	20.66594	0.6622362	0.2073048	2.138764	2.814928	0.1633734	0.7234898
8268	-82.68162	-245.4252	162.7436	20.66594	0.5861686	0.07601346	0.5532871	2.814928	0.04508799	0.7234898
8274	-83.68778	-248.2999	164.6121	7.626354	0.8099911	0.4711816	0.363587	2.133893	1.655946	1.060303
8280	-84.04449	-246.6304	162.586	12.5837	0.8099911	0.7743661	0.07513567	1.928841	2.228831	1.060303
8286	-99.51732	-264.7916	165.2743	10.63437	1.181753	0.2716877	0.06530484	0.3458355	2.051841	0.8406404
8292	-112.5055	-277.1597	164.6542	10.51273	0.7378966	0.1474262	0.1277004	0.2112601	3.108826	1.092835
8298	-108.3633	-272.8461	164.4828	7.297182	0.7640935	0.3636161	0.02527885	1.18053	2.848512	1.486592
8304	-109.0196	-268.4044	159.3848	11.01866	0.8709573	1.054519	0.02943127	3.031728	2.617161	2.4078
8310	-99.03502	-255.7719	156.7368	10.78112	0.6546671	1.191044	0.5071165	0.1100973	8.532678	1.973312
8316	-76.37166	-242.1637	165.7921	6.642737	0.665359	2.454059	0.03452395	0.1707948	0.1341658	1.973312
8322	-89.06573	-254.2377	165.1719	18.89663	0.3301291	0.6527872	0.249241	0.3142069	0.02132628	1.190547
8328	-91.14126	-251.28	160.1388	33.91901	0.7424776	1.502451	1.550232	0.2599221	0.0780668	1.183931
8334	-85.27714	-246.2912	161.0141	22.01348	0.5267623	0.7784668	1.42439	0.3783431	0.01544613	2.569824
8340	-91.79045	-248.3412	156.5507	11.96369	0.447945	4.399673	2.395707	3.558041	0.01669318	1.977781
8346	-89.54703	-248.6422	159.0951	12.8429	0.4008064	0.06911116	7.253758	0.7441087	0.005084593	1.668411
8352	-85.23409	-248.9673	163.7332	14.31206	0.4375908	0.05812785	1.596918	0.9493153	0.01822548	1.934309
8358	-90.86559	-254.0838	163.2182	14.31206	0.7198135	1.038235	0.8222322	0.8263364	0.04160275	2.01927
8364	-89.08459	-253.976	164.8914	6.791617	2.054185	0.5711566	0.5308124	1.027632	0.1491383	1.947997
8370	-99.56321	-260.1666	160.6034	10.92525	1.090226	0.8913848	3.425489	0.67413	0.6855505	2.182311
8376	-93.68154	-255.238	161.5564	16.1799	0.8318424	0.03071363	1.454427	2.045504	0.08449453	2.155008
8382	-103.1369	-267.495	164.3581	11.59807	0.5273333	0.4140635	0.4967639	0.7934867	0.08770463	2.493018
8388	-102.8655	-264.1339	161.2684	17.21551	0.7886975	0.09324737	2.810501	1.12086	0.03696613	1.921753
8394	-94.86032	-264.0601	169.1998	5.231117	0.335639	0.09780162	0.0183991	1.343951	0.07298	1.106678
8400	-97.16387	-262.8045	165.6406	7.558546	1.460327	2.119476	0.3327258	0.228922	0.1317796	1.203652
8406	-88.85158	-252.8834	164.0318	9.53174	0.7848904	2.441183	1.127178	0.1359664	1.182937	0.5768121
8412	-95.65119	-256.7314	161.0802	10.18624	0.7848904	2.534159	0.8397759	0.2328659	3.754853	0.9619327
8418	-102.4675	-263.2096	160.7421	10.18624	1.415626	2.59231	2.896164	0.597762	0.6576044	1.259197
8424	-89.55602	-252.8158	163.2598	10.18624	1.227297	0.2814493	3.633496	0.7138324	0.3653743	0.4182113
8430	-110.7579	-269.7204	158.9625	17.21312	1.689968	0.3852263	0.2863179	3.183825	2.920105	0.872716
8436	-109.4714	-268.5732	159.1018	14.00495	2.405797	0.2333274	1.452963	4.574787	0.4311724	0.872716
8442	-106.8204	-262.59	155.7696	20.61099	2.405797	0.1727554	0.4151214	6.763871	1.04061	1.032226
8448	-105.971	-266.0288	160.0578	10.25829	1.545276	0.1566987	3.295841	2.047109	1.359212	1.581107
8454	-109.6173	-270.0561	160.4388	8.545592	1.556905	0.943339	4.646744	0.5102496	0.4609776	1.928486
8460	-85.57679	-248.256	162.6792	15.38232	0.9698522	0.08846192	2.340153	0.123488	1.620033	0.9101782
8466	-100.268	-262.3017	162.0337	14.38524	0.4576121	0.1598524	2.99203	1.541197	0.4662757	1.296194
8472	-110.9706	-273.3041	162.3335	8.809646	0.530814	1.016974	1.962903	0.1063914	0.644391	3.098516
8478	-102.7574	-267.1823	164.4249	11.54132	0.4368314	1.170277	1.962903	0.2745313	0.09258832	1.3539
8484	-92.95303	-256.9568	164.0037	11.14308	0.7556705	0.02294463	0.223271	1.825352	1.331854	1.595957
8490	-87.77986	-252.2294	164.4495	10.99887	0.9128685	0.6913916	0.04659774	0.7440665	1.331854	1.618351
8496	-81.16731	-246.0552	164.8879	9.486755	0.8015335	1.35089	0.07917827	1.036954	0.2393872	1.810471
8502	-76.74039	-240.1425	163.4021	9.486755	0.6095685	0.8751203	0.07201872	0.03994354	3.88412	1.459066
8508	-83.52541	-250.3632	166.8378	9.486755	0.2941185	1.073193	0.04131754	0.07005196	0.5664034	1.459066
8514	-81.82775	-246.3563	164.5285	13.23653	0.7181619	1.073193	0.04155502	0.2703092	1.276407	1.3318
8520	-96.76692	-256.8411	160.0742	9.8329	0.3613599	0.367952	0.2642708	0.1329545	6.210615	2.381157
8526	-121.2239	-277.8853	156.6614	4.859942	0.2810168	3.512914	0.2021273	2.408141	2.101729	4.897308
8532	-107.7081	-273.5253	165.8173	4.704431	0.8210615	2.105803	1.147243	0.2923364	0.04420609	1.947692
8538	-106.8254	-268.5624	161.737	11.39943	0.9409994	0.3976181	2.999943	0.7401941	0.1704824	2.335774
8544	-109.8837	-267.6799	157.7962	11.63316	0.1617508	0.07151647	2.064969	6.728808	0.5046157	2.069495
8550	-108.9062	-269.582	160.6758	15.38032	2.734433	0.1064684	2.647249	0.9430559	0.2227502	1.355146
8556	-109.5918	-273.8486	164.2568	13.84523	1.715891	0.08993282	0.1279586	1.715958	0.3376941	0.2537663
8562	-101.0204	-262.8007	161.7803	11.18302	1.999559	0.1473201	0.1301382	3.163927	1.941077	0.407535
8568	-93.25022	-256.3467	163.0965	8.506888	0.4148104	0.1097959	3.549977	2.803618	0.103674	0.5062072
8574	-95.41934	-259.3739	163.9545	13.46452	0.7230526	0.01017731	1.913953	1.80267	0.1178582	0.437587
8580	-98.94516	-262.1439	163.1987	10.76384	1.002802	0.02793522	0.07080867	4.981696	0.02620954	0.4596052
8586	-93.14542	-257.1793	164.0339	17.54617	1.239644	0.01462462	0.06825328	2.144397	0.02620954	0.5930283
8592	-96.35632	-261.4801	165.1238	17.24051	1.565006	0.01018822	0.180124	0.437637	0.03776637	0.9474283
8598	-86.71937	-251.9785	165.2592	17.24051	1.565006	0.0126876	0.02575189	0.437637	0.05429754	0.9474283
8604	-98.33365	-261.308	162.9744	9.402151	1.211374	2.590374	0.5019538	0.4724546	0.847431	1.689302
8610	-85.56572	-249.2875	163.7218	6.522138	0.3888823	5.324257	0.2308761	0.13744	0.2300555	1.456854
8616	-95.30008	-259.5734	164.2734	7.40592	0.5102542	3.60911	0.03076423	0.2394596	0.09003198	2.090951
8622	-97.67233	-264.471	166.7986	7.223983	0.2549555	1.646879	0.01646448	0.4949982	0.02823207	1.813317
8628	-94.82926	-261.3796	166.5504	10.04123	0.5650373	1.024366	0.01646448	0.7286844	0.08382104	1.242807
8634	-83.55113	-250.3548	166.8037	11.03825	0.6866287	0.4866978	0.01541363	0.6291068	0.02966349	1.242807
8640	-89.08347	-255.4955	166.4121	6.705216	0.6051827	0.9509317	0.1347315	2.308685	0.07347122	1.005659
8646	-91.07677	-258.104	167.0272	6.705216	0.5104879	1.490377	0.01039972	1.597055	0.1246764	0.6493549
8652	-86.47787	-251.0003	164.5224	13.74143	0.4277842	0.1103218	0.1306079	3.146907	0.1147711	0.5487326
8658	-87.31994	-256.4238	169.1038	5.308304	0.4395758	0.02854242	0.1297032	1.524112	0.07273682	0.8259236
8664	-84.94372	-250.9311	165.9873	8.646766	0.3927233	0.006753023	0.1432931	2.950378	0.1870386	1.051383
8670	-91.65019	-255.1906	163.5404	8.934714	0.2632899	0.03556552	0.263213	4.363829	0.2867104	1.695635
8676	-101.1262	-263.1386	162.0125	17.63658	0.3710574	0.1687116	0.5502616	2.053994	0.6714504	2.053738
8682	-92.73542	-255.2425	162.5071	15.50372	0.8681067	1.619834	1.257403	0.3130652	0.113136	1.81064
8688	-93.44715	-257.3995	163.9523	10.11167	0.737368	0.7125858	2.348194	0.06926532	0.113136	1.982711
8694	-95.68694	-253.8721	158.1852	14.11936	1.19628	0.6485444	2.348194	4.906154	0.3291208	1.380306
8700	-98.17432	-262.5449	164.3706	8.832527	0.8619053	1.357937	0.03908426	0.7449823	0.03077601	2.601896
8706	-85.62827	-250.4195	164.7913	9.556354	1.031476	2.42849	0.02633247	0.5525384	0.1731358	1.34704
8712	-95.19147	-258.022	162.8305	13.89774	1.055504	1.00104	0.373088	1.666037	0.06422157	1.873349
8718	-94.75011	-258.0187	163.2686	10.47927	0.8166933	0.5606774	0.9095547	1.353855	0.1686045	2.458154
8724	-105.1029	-269.7438	164.6409	4.431477	0.3364183	1.163989	0.1237839	2.341672	0.4478438	2.789176
8730	-85.653	-250.8559	165.2029	8.486605	0.8087871	0.5411679	0.03319593	2.498594	0.2416676	1.391614
8736	-87.61667	-249.9284	162.3117	13.3282	1.569243	0.4642595	0.1136756	2.498594	1.019189	1.255789
8742	-106.9686	-270.7979	163.8292	11.40178	0.8490758	2.125236	1.092188	0.2368743	0.5526073	1.117131
8748	-97.79324	-263.4951	165.7019	9.05691	0.7079498	2.195088	0.5747929	0.01875025	0.161409	1.195914
8754	-100.3512	-266.3714	166.0203	6.502187	0.2611515	1.446364	1.498312	0.01277184	0.09832446	1.956833
8760	-120.5824	-287.3939	166.8115	4.947636	0.2984705	1.412635	0.402469	0.004509786	0.4293853	2.427381
8766	-109.8999	-274.9501	165.0503	10.56844	0.8396701	0.3752086	0.0706716	0.02536203	0.7590339	2.413705
8772	-95.19015	-257.9832	162.7931	7.641242	0.3428712	0.785259	0.5782486	0.03845868	2.208239	3.270873
8778	-88.51545	-253.3259	164.8105	5.616322	0.3164504	1.288324	1.171461	0.02667784	1.382171	2.443689
8784	-90.69674	-252.4019	161.7051	10.437	0.4759843	1.768191	0.896051	0.1678963	0.9957461	3.11834
8790	-97.51036	-259.7594	162.2491	7.607536	0.4759843	2.040366	0.1948134	0.389337	3.616051	1.894892
8796	-104.1353	-266.9776	162.8423	9.20899	0.4153067	1.964662	0.1265081	0.05963236	3.616051	1.424258
8802	-99.55852	-264.643	165.0845	7.246364	0.3811009	1.50876	0.5191639	0.03987308	1.967079	1.62319
8808	-95.30467	-261.4386	166.134	8.374683	0.4591867	0.2578367	1.457707	0.05729713	0.6014858	1.688486
8814	-95.47826	-261.2493	165.771	9.798973	0.8366473	1.570914	0.05617944	0.01058391	0.7400961	1.295386
8820	-87.91962	-251.0814	163.1618	9.551154	0.6071761	1.744195	0.4210705	0.0126999	2.733057	1.593573
8826	-94.843	-256.4594	161.6164	6.466721	0.6071761	3.211751	3.146501	0.3629996	0.9240639	1.597338
8832	-104.4253	-267.5221	163.0968	8.409263	0.9190646	3.023942	1.312349	0.1570301	0.6040788	1.574082
8838	-108.7377	-270.7874	162.0498	11.01629	0.9110574	0.2961528	1.152855	0.1577928	3.160988	1.926704
8844	-95.70648	-258.6543	162.9478	10.1463	0.8964721	0.2378688	0.5562361	0.2055402	3.160988	1.926704
8850	-98.71713	-262.5544	163.8373	7.080542	0.3699835	0.3782312	0.2798925	1.975033	1.439229	2.479861
8856	-101.7934	-264.4766	162.6832	5.5331	0.5012081	0.1938885	0.3571811	1.511525	4.169888	2.201019
8862	-102.6834	-264.7682	162.0848	6.233379	0.3378917	5.030609	0.0758472	1.188892	0.8212606	1.901645
8868	-97.796	-260.5423	162.7463	5.329159	0.5110508	4.236772	0.9108107	0.5124003	0.02121148	2.567816
8874	-103.0032	-265.9698	162.9666	11.07132	0.5219955	1.158109	2.684572	0.04743185	0.06552705	2.104579
8880	-94.33943	-259.5317	165.1922	6.850136	0.3017755	2.317461	1.283761	0.02718493	0.5268642	1.63556
8886	-107.2181	-272.0809	164.8628	12.94545	0.6532772	1.485799	0.6552679	0.009740805	0.2333947	1.400676
8892	-95.1515	-259.3004	164.1489	13.28832	0.3748167	2.140625	0.4915067	0.02842739	0.6135429	1.407694
8898	-91.63122	-256.0202	164.389	13.98214	0.4094474	2.212059	0.4915067	0.04387612	0.4696571	1.069501
8904	-90.41495	-254.2753	163.8604	15.28924	0.4085726	2.212059	0.4915067	0.03170742	0.9864918	0.7184576
8910	-106.0113	-265.9561	159.9448	22.26053	1.086541	3.387401	0.3029998	0.06473193	1.706785	0.307481
8916	-108.7939	-271.62	162.8261	11.64016	1.0506	4.111884	0.3292867	0.006179366	0.5701009	0.2735939
8922	-117.59	-281.2865	163.6965	11.64016	1.032306	3.38837	0.09720956	0.009737801	0.7941263	0.394373
8928	-95.2423	-259.7667	164.5244	16.18885	0.7508456	1.99436	0.07106763	0.07117889	0.4354337	0.5406429
8934	-98.4654	-263.3326	164.8672	9.526	0.7373345	0.4717138	1.026891	1.31457	0.003469612	1.783638
8940	-107.7365	-265.2114	157.475	18.36493	1.006849	2.259063	0.1394266	5.146609	0.03952638	1.785902
8946	-109.0602	-270.1536	161.0934	18.36493	1.006849	0.8615375	1.229865	1.921862	0.192218	1.61639
8952	-93.1057	-258.1147	165.009	11.84246	0.8169823	1.853448	0.06498822	0.5909347	0.3065871	1.035195
8958	-94.38035	-259.8498	165.4695	8.466573	1.469822	1.853448	0.0679707	0.4419427	0.4479854	1.035195
8964	-100.7438	-267.3504	166.6067	7.24046	0.4168955	1.949354	0.09342509	0.8362655	0.2873701	1.07238
8970	-111.8306	-273.556	161.7254	7.691961	0.3572245	0.9301799	0.05245525	2.04356	0.8102615	3.741584
8976	-99.58087	-263.9508	164.37	8.403127	0.5764127	0.1129559	0.9506994	2.541827	0.21829	1.819099
8982	-94.11726	-256.1861	162.0688	12.077	0.6434933	0.1467913	2.165933	2.541827	0.4873367	1.470431
8988	-87.71039	-249.8695	162.1591	18.01505	1.074799	0.1708903	1.946363	1.622123	0.2634675	0.89007
8994	-91.81283	-255.4841	163.6713	12.5525	0.571654	0.2781018	1.955173	2.088758	0.09458393	0.7881737
9000	-82.92354	-248.3018	165.3782	8.000617	0.5960563	0.2509475	1.955173	1.786355	0.01416738	0.9812801
9006	-97.29648	-258.946	161.6495	11.80009	1.044951	0.6186585	2.419973	2.142524	0.2327618	1.490463
9012	-98.71773	-260.9708	162.253	16.75852	1.121205	0.6822453	0.1485217	0.859	1.760041	1.495111
9018	-88.25881	-250.4052	162.1464	12.3198	0.7788611	2.460876	0.2908001	1.703491	0.2527605	1.726296
9024	-94.73111	-254.7164	159.9853	8.38311	0.460429	1.645109	1.184557	0.1784477	1.542568	4.118227
9030	-98.36794	-261.0331	162.6651	14.78165	0.5159003	1.458537	1.280892	0.1868757	0.7401126	1.816498
9036	-85.09792	-250.2256	165.1276	12.08328	0.4831603	1.458537	0.0563087	0.08300554	0.5355438	1.695836
9042	-97.00195	-260.4303	163.4283	9.895748	1.001918	1.927726	0.6821748	0.2166885	1.156162	1.701963
9048	-108.4599	-270.3791	161.9192	13.14213	0.6699912	1.349831	2.415299	0.149031	0.4630715	2.025007
9054	-107.2499	-272.1751	164.9252	8.352864	0.7135278	1.267655	2.099415	0.04376259	0.5220929	1.233488
9060	-95.03467	-259.4978	164.4631	8.643089	0.3019353	0.1322789	3.180482	0.1444909	0.9351801	1.477046
9066	-103.6379	-269.1977	165.5598	8.523103	0.3527251	1.853841	0.677646	0.04308431	0.2539162	1.80854
9072	-95.00468	-258.5033	163.4987	12.88745	0.5098907	0.721937	1.072307	0.02572897	0.4738265	2.496605
9078	-103.3896	-267.0281	163.6385	7.891543	0.3080014	0.07526364	0.6498336	0.4053362	2.636162	2.629045
9084	-97.47609	-263.3585	165.8824	9.061179	0.4650227	0.007803629	0.02471017	0.7115504	2.081917	1.348397
9090	-93.50156	-258.2168	164.7153	8.9935	0.4650227	0.0278198	0.1084727	1.338121	2.081917	1.692416
9096	-99.38601	-263.8158	164.4298	7.039156	0.5666836	0.05363617	0.2794014	1.428931	2.081917	2.132752
9102	-96.0265	-259.1494	163.1229	9.246623	0.5020054	0.002970886	1.366101	0.02197299	1.755669	2.899571
9108	-83.68728	-249.8634	166.1761	10.07178	0.5020054	0.01254547	0.05400494	0.09693697	1.65145	1.602817
9114	-92.61135	-254.8156	162.2042	14.40976	0.7219221	0.01111843	1.217646	0.3716045	2.309431	1.888619
9120	-104.4588	-260.6861	156.2274	4.590735	0.8554198	0.7876464	0.06090499	10.38608	1.929731	1.976433
9126	-114.1785	-270.0534	155.8749	2.839345	0.5938071	0.5321428	0.5279064	10.38608	2.239225	2.733808
9132	-111.4202	-270.0897	158.6695	12.44468	0.7353049	2.876672	0.1155597	1.737351	1.809277	2.794121
9138	-110.1815	-271.4123	161.2308	9.248237	0.7353049	2.876672	0.4541812	0.3247677	1.323169	2.794121
9144	-93.54062	-259.2608	165.7202	6.506304	0.652769	2.611508	0.51553	0.1811272	0.01813956	1.706401
9150	-98.22357	-258.5005	160.2769	7.015472	0.7392672	1.328681	3.786451	2.807419	0.07323826	2.02632
9156	-90.58757	-253.465	162.8774	9.684843	1.148082	1.373955	0.1637399	3.008855	0.4086415	1.33023
9162	-88.19388	-251.1688	162.9749	6.185702	0.9779573	4.584616	0.4874478	1.10587	0.2486573	1.303632
9168	-104.2716	-266.844	162.5724	9.181359	1.526972	4.584616	0.09225645	0.8823278	0.03503145	0.8160268
9174	-98.61083	-263.2418	164.631	9.119185	0.4712648	2.682773	0.9011612	0.2259316	0.1610057	1.410992
9180	-90.87409	-258.8194	167.9453	3.660058	0.4712648	2.158288	0.7320727	0.1422589	0.1379769	1.410992
9186	-109.1266	-276.0446	166.918	6.647903	0.5091152	0.4431317	2.807648	0.08337498	0.03174737	0.6313019
9192	-105.022	-268.9895	163.9675	11.21396	0.5755592	0.2978741	2.807648	0.612637	0.01623335	1.495241
9198	-101.248	-263.0324	161.7844	16.52643	1.041843	0.2978741	2.807648	1.42627	0.005565449	1.097179
9204	-82.17093	-249.6651	167.4942	7.034144	0.3798507	1.650076	0.05565842	0.6930289	0.01740608	1.058711
9210	-97.58062	-264.0527	166.4721	8.957322	0.8090414	1.18283	0.2646817	0.7782483	0.04091608	1.058711
9216	-99.12668	-264.6579	165.5312	8.78804	0.4972391	1.18283	0.1478408	2.221108	0.03682812	1.050634
9222	-90.52773	-253.9269	163.3992	11.48149	0.9178071	3.242101	0.09331399	1.313523	0.04774067	0.7242093
9228	-100.3961	-262.9209	162.5249	15.14748	0.6710749	0.655484	0.04357811	2.936967	1.106606	0.8400341
9234	-95.34614	-257.6465	162.3004	18.54429	1.146411	1.600575	0.1607444	1.457581	0.05267132	1.270756
9240	-102.1064	-264.4008	162.2945	16.70288	1.146832	0.9528216	0.1154745	1.545601	0.7658871	1.506868
9246	-103.1527	-263.7385	160.5858	18.81977	1.054026	2.243541	0.2245685	1.807223	0.7658871	1.253686
9252	-103.37	-267.0266	163.6567	12.34275	0.719605	1.922493	0.03255132	2.252221	0.03501624	0.9104472
9258	-93.1232	-255.2311	162.1079	18.16105	0.6983887	1.922493	0.05315155	1.989875	0.4152232	0.9106237
9264	-107.6431	-270.4549	162.8118	19.71272	1.081551	0.2287602	0.006344606	1.77939	0.9787602	0.8851084
9270	-106.9518	-270.6405	163.6888	19.71272	0.7908413	1.775447	0.03964896	0.4393185	0.04786929	0.9969849
9276	-99.81698	-264.8698	165.0528	7.219569	0.7908413	1.099896	0.1304807	1.965614	0.1142925	1.873709
9282	-93.69003	-254.6156	160.9255	10.36718	0.5786981	1.971967	0.2392143	3.644881	0.6510322	1.873709
9288	-100.7666	-262.9708	162.2042	10.36718	0.5833645	1.132313	0.1205602	0.9469151	1.871467	2.617008
9294	-97.62131	-259.8403	162.219	11.06876	0.6126828	0.5774638	0.01257541	0.6079543	4.800461	1.077119
9300	-96.40241	-260.4763	164.0739	7.123355	0.6101661	0.6314473	0.05316554	0.4289096	4.800461	0.6126504
9306	-103.8092	-266.0358	162.2266	10.2554	0.5110923	1.054475	0.3368411	0.1558231	4.800461	1.078735
9312	-104.6132	-268.7212	164.108	8.027067	0.7923064	1.054475	0.6151296	0.1649172	3.176067	1.040558
9318	-106.5251	-271.4188	164.8937	4.691809	0.8651209	4.889576	0.6151296	0.2508627	0.2102591	0.6667254
9324	-116.0504	-276.4826	160.4322	6.486173	0.5291018	5.499916	3.631112	0.3852904	0.2736586	0.815935
9330	-110.6907	-276.5221	165.8314	8.048109	0.5885941	0.03367081	0.477204	0.8029538	0.4931226	2.268062
9336	-104.6096	-267.307	162.6974	7.654452	0.5884879	0.1508676	0.7999208	0.9487895	2.454162	2.731401
9342	-92.02305	-257.4099	165.3868	4.553294	0.6867314	0.4478328	3.211707	0.6140227	0.2918237	1.721913
9348	-86.37629	-252.0529	165.6766	7.043633	1.612257	0.007636335	1.634755	0.1456054	0.7539628	1.44029
9354	-91.93969	-256.1831	164.2434	12.83912	0.3097052	0.002119768	1.634755	0.1243859	0.684567	2.058537
9360	-96.02298	-257.7262	161.7032	11.56609	0.5140632	0.4119586	1.634755	0.1067825	0.684567	3.474827
9366	-101.2826	-266.9452	165.6626	9.222071	0.5140632	0.290252	0.9690038	0.03614074	0.8295508	1.937198
9372	-103.7951	-265.9579	162.1628	13.74759	0.6310237	1.0931	0.5534909	0.1014084	2.628745	1.77641
9378	-98.04517	-261.3312	163.2861	12.14184	1.060563	0.6771937	0.4403654	0.01576012	2.28025	1.672433
9384	-93.94695	-257.3678	163.4208	9.529884	0.5411577	0.1018026	2.764682	0.131321	2.023263	1.370148
9390	-97.25237	-257.641	160.3886	10.85562	0.5395921	0.03235423	1.06891	3.581498	1.348254	2.458114
9396	-102.3256	-262.6312	160.3056	6.89021	1.123158	0.0419557	2.592123	3.581498	1.795414	1.771823
9402	-101.9808	-264.2312	162.2504	12.80195	0.7430259	0.1751395	1.708368	1.024619	0.07270653	2.714258
9408	-99.78707	-262.3282	162.5411	13.32048	0.9781678	0.1210122	0.6310445	1.213572	1.529602	1.960647
9414	-92.62722	-253.9159	161.2887	14.57662	0.633895	1.700838	0.4097314	1.395237	0.1273533	2.683157
9420	-95.5577	-260.9315	165.3738	11.65394	0.7668502	0.5596877	0.398693	0.09164372	0.2035573	2.021493
9426	-90.16567	-256.081	165.9154	5.863648	0.4928399	1.009549	0.03617135	0.7676364	1.545221	1.863322
9432	-91.97738	-255.8634	163.886	12.49998	0.9841776	0.8258336	0.0260299	0.5698581	0.975817	1.942509
9438	-91.41713	-255.5241	164.107	8.472158	1.584365	0.8194933	0.1646126	1.298897	1.064503	1.611302
9444	-87.30861	-251.7883	164.4797	8.839023	0.6823282	0.2716402	0.1060143	1.433139	2.647344	1.029918
9450	-94.42164	-265.1098	170.6882	3.180961	0.4839893	0.007849377	0.1344539	0.001732823	1.367053	0.5226415
9456	-96.07092	-263.2494	167.1784	9.223114	0.5324974	0.01363996	0.8358772	0.004210893	1.197866	0.6914381
9462	-98.38973	-265.8115	167.4218	10.50036	0.4210897	0.2836921	0.2561834	0.02406557	0.6477531	1.033028
9468	-83.73945	-250.6019	166.8625	14.51975	0.9723801	0.2836921	0.004828378	0.01279568	0.1061508	0.5882625
9474	-95.10357	-260.5047	165.4012	9.474891	0.7605422	1.776607	0.3077396	0.2984798	0.03708117	1.683158
9480	-89.06907	-254.9895	165.9204	13.65595	0.8457492	0.7291063	0.01406894	0.0321847	0.8120639	0.7949441
9486	-87.84629	-254.4543	166.608	9.910183	0.7422142	0.09699616	0.01011775	0.01708348	2.087951	0.6196885
9492	-106.3647	-267.6525	161.2878	10.65341	4.822096	1.480939	0.07144161	0.3417862	0.2487855	1.640974
9498	-101.1208	-268.0335	166.9127	5.701654	1.536664	1.206396	0.02719851	0.2189057	0.2232516	1.667069
9504	-92.25995	-257.6776	165.4177	7.113465	1.012922	2.424316	0.02192888	0.3255815	0.2611829	1.688942
9510	-90.03955	-250.3776	160.338	8.079224	0.732026	5.863141	1.4342	0.2360661	0.4832455	1.683079
9516	-80.41982	-245.051	164.6312	5.708977	0.4962024	4.508218	0.1653048	0.0122885	0.2542922	1.705544
9522	-84.92622	-249.4262	164.5	12.60657	0.8432506	2.379934	0.2133935	0.1353817	0.09298253	1.2641
9528	-76.22517	-241.1319	164.9068	12.60657	0.7118052	0.5221059	1.14136	0.03489991	0.4586014	1.565819
9534	-93.17431	-257.4221	164.2478	11.50897	1.567739	0.4661404	0.08789532	0.009988287	0.992465	2.064779
9540	-83.2635	-249.9718	166.7083	8.540485	0.6236046	0.5403431	0.09359864	0.01470196	0.3740929	2.064779
9546	-95.67275	-258.1879	162.5152	7.715985	0.9923304	1.175854	0.08041363	0.005958988	4.103526	1.928325
9552	-104.2975	-266.2755	161.9781	12.98235	0.4805736	0.51924	0.1082733	2.601751	1.983336	1.565858
9558	-109.6139	-275.456	165.8421	7.428359	0.5514051	0.1009654	0.6173416	1.945101	0.6545266	1.410268
9564	-91.86403	-258.991	167.127	8.259022	0.4527491	0.03621002	0.08838958	1.844645	0.3787469	0.9339893
9570	-89.86649	-257.2505	167.384	9.352421	0.6758546	0.1116904	0.5207579	0.6839084	0.03081296	1.060598
9576	-90.88237	-256.6263	165.7439	9.021869	0.5753537	0.03016425	1.336298	1.150687	0.1667754	1.490608
9582	-87.52887	-254.2915	166.7627	9.021869	0.6655408	0.1617161	0.593993	1.068563	0.08410041	1.22633
9588	-97.77543	-262.529	164.7535	8.006111	0.4495885	0.1037275	2.088472	0.4517365	0.4566828	2.229048
9594	-94.31691	-260.5844	166.2675	8.829846	0.4561709	0.1860603	0.3162813	0.00796935	2.532932	0.878902
9600	-100.1354	-266.1317	165.9963	7.9357	0.9616948	0.2861284	2.753007	0.000196398	0.1485986	0.8239019
9606	-97.6653	-263.6058	165.9405	6.612532	0.4887084	0.8516222	2.753007	0.02379731	0.05519767	1.364469
9612	-84.27996	-250.2934	166.0134	7.036832	0.4291408	1.041479	2.398461	0.1792523	0.1360424	1.142366
9618	-87.22078	-251.7906	164.5698	4.64308	0.6846849	2.034434	1.285037	0.4876822	0.553977	2.368273
9624	-91.1035	-255.5228	164.4192	7.388559	1.374426	0.1466025	1.059465	1.8088	0.3219542	1.842454
9630	-99.42184	-263.7214	164.2995	7.388559	1.744702	1.282265	0.3334406	1.272647	0.1979111	1.842454
9636	-91.06304	-258.7392	167.6761	4.094697	0.8857775	1.188959	0.3073878	0.4222044	0.3142464	1.795773
9642	-90.29945	-253.6618	163.3624	8.149905	0.7364679	2.273538	0.2524109	2.386257	0.4412761	1.391754
9648	-96.00322	-261.8709	165.8677	5.848872	0.3554027	1.980286	0.1465745	1.655343	0.112699	1.621772
9654	-98.66098	-263.8385	165.1775	7.47774	0.3554027	1.980286	0.2537077	1.193987	0.1837642	1.807853
9660	-96.12287	-259.2201	163.0972	6.11384	0.2206469	1.980286	0.1818041	3.337745	0.3157449	2.206135
9666	-96.37484	-262.8554	166.4805	5.475113	0.5605543	2.467814	0.3852205	0.1100102	0.3157449	1.606286
9672	-100.7615	-270.2265	169.465	3.395756	0.5050144	1.825213	0.08349964	0.04233918	0.02899275	1.256151
9678	-99.40564	-264.9875	165.5819	8.823991	0.8974995	0.7967084	0.4345093	0.06924572	0.1473378	2.275459
9684	-105.6341	-271.8743	166.2402	5.457712	1.058598	0.1633443	1.511357	1.105493	0.0596505	1.741689
9690	-95.86914	-262.0891	166.2199	6.480745	1.020872	0.1109726	1.059619	1.229376	0.3019161	1.538589
9696	-97.50974	-265.6253	168.1155	4.232926	1.405951	0.08429985	0.1250595	1.543284	0.5127301	0.9308795
9702	-98.9971	-267.2586	168.2615	4.916972	1.200816	0.02568396	0.1669359	0.810385	0.3358753	1.46027
9708	-96.68056	-263.6077	166.9272	8.834518	0.8644829	0.0002565467	0.08796407	0.2918058	0.9314747	1.465639
9714	-89.76108	-253.5821	163.821	13.08878	0.9489261	0.0001890439	0.09234536	2.478864	0.5474094	1.378979
9720	-91.36191	-255.6847	164.3228	10.29539	0.6432242	0.001154628	0.129106	1.82472	1.906295	1.291092
9726	-100.0239	-265.2348	165.2109	7.783357	0.4218367	0.002312573	0.129106	1.773768	2.273082	1.215471
9732	-98.22701	-265.8424	167.6154	6.038547	0.4046716	0.0004047865	0.175996	1.088052	1.230294	1.247962
9738	-96.40828	-263.9754	167.5671	6.038547	0.5221667	0.0009959061	0.5829215	0.952384	0.3641286	1.650221
9744	-91.95731	-260.4097	168.4524	6.700109	0.7710937	0.002007451	0.4213464	0.952384	0.0938624	0.7678382
9750	-93.9976	-258.2833	164.2857	14.70603	1.055443	0.0162208	0.6234351	0.6120135	1.509811	0.7678382
9756	-88.03233	-254.7235	166.6911	8.156652	0.8092988	0.3007643	0.04470072	0.3832981	1.509811	1.153064
9762	-80.08877	-246.3694	166.2806	5.640893	0.8092988	0.03462404	0.1360639	1.241363	2.77548	0.5613074
9768	-88.43437	-254.939	166.5047	5.987584	0.8623363	0.06077939	0.07808516	2.899803	0.6189641	0.750917
9774	-86.25561	-252.1473	165.8917	8.673813	0.8243408	0.01589116	0.1825027	2.88172	0.06860155	0.8290237
9780	-99.10509	-263.0659	163.9609	6.381719	0.2867104	1.384178	0.05765921	1.108424	0.1469185	3.46559
9786	-100.344	-261.9415	161.5975	10.37724	0.3521635	1.019447	0.2021283	1.6678	0.2092082	3.692892
9792	-85.49588	-254.8965	169.4006	6.564041	0.6795056	0.041604	0.3766247	0.1487862	0.03275133	0.8619163
9798	-97.36423	-262.4628	165.0986	9.235199	0.6795056	0.104573	0.9858792	1.939167	0.03651676	1.553071
9804	-97.00059	-257.7743	160.7737	14.73405	1.071955	0.05525339	3.420867	1.605219	0.7357091	1.212841
9810	-91.90304	-255.7658	163.8627	13.83895	1.774235	0.215036	0.635867	0.1382329	0.9956355	1.430544
9816	-88.33422	-255.1763	166.8421	5.820266	0.9791758	0.05942641	0.635867	0.06843807	2.204594	1.097552
9822	-105.6277	-266.7065	161.0788	15.0063	1.181863	0.5469657	1.137054	1.750537	2.030509	1.097552
9828	-109.4121	-275.4377	166.0257	6.449469	1.118402	0.5324341	0.5784775	1.863211	0.1324381	1.311816
9834	-100.8437	-264.9447	164.1009	6.338038	1.118402	0.05627751	1.274899	3.762804	0.05467065	1.25647
9840	-103.9382	-272.5165	168.5784	5.709375	0.5412082	0.02798239	0.6703	0.7175315	0.01275445	1.347204
9846	-108.2806	-271.8874	163.6068	6.294311	0.5612659	0.03406607	4.471589	1.566632	0.01275445	1.365267
9852	-86.63642	-251.4128	164.7764	7.499054	0.7024381	0.1010247	2.143554	0.4014456	1.605523	1.373199
9858	-95.79988	-259.5133	163.7135	12.66197	0.7847314	0.001590679	1.653363	0.1985897	1.605523	1.417408
9864	-108.358	-270.6284	162.2703	10.79724	0.5266753	0.09963623	0.7825367	2.755279	0.9045034	2.228283
9870	-89.55886	-251.1535	161.5946	13.36264	0.8703447	0.08946952	2.365146	0.2533858	3.235191	0.8258979
9876	-107.1835	-269.658	162.4745	9.142482	1.105561	0.05972866	2.365146	0.175273	3.343014	1.019271
9882	-98.76467	-263.4064	164.6417	10.47942	0.9209477	0.1127318	1.443126	0.121498	1.689085	1.154857
9888	-110.8194	-277.3479	166.5285	8.050711	0.58497	0.06355498	0.7325721	0.05183402	1.880764	1.096602
9894	-106.5243	-267.5955	161.0711	21.47314	0.7594905	1.032408	1.364581	0.1287806	1.939785	1.130615
9900	-110.3578	-273.8741	163.5163	6.380309	0.4413813	0.3076581	3.218347	0.6484691	1.505553	1.788739
9906	-92.47706	-257.0648	164.5878	8.308423	0.7708418	0.2760246	3.226936	0.1525909	0.8356645	0.9955769
9912	-95.29275	-255.9761	160.6834	7.602145	0.5499299	1.07915	3.48465	0.2405763	3.100401	1.777856
9918	-92.48157	-253.4932	161.0116	7.37003	0.5088305	0.1826065	2.151938	0.2061603	6.426418	0.635366
9924	-85.19629	-251.3183	166.122	7.37003	0.7805901	0.1104016	0.9103955	0.1942505	1.678592	1.362413
9930	-94.68058	-263.9085	169.2279	4.928787	0.4560824	0.0695823	1.311994	0.08209576	0.2581052	0.9284038
9936	-89.35716	-254.9972	165.64	6.923126	0.4368279	0.1060519	3.608639	0.5048956	0.3773807	0.6337282
9942	-88.4188	-254.8623	166.4435	4.870657	0.3928253	0.09300701	3.652057	0.5408586	0.08302944	1.15181
9948	-93.58394	-255.3852	161.8012	10.75033	0.3928253	0.2210347	3.652057	1.871984	0.08302944	1.78239
9954	-107.1369	-269.2242	162.0873	16.8513	0.6400213	0.8719946	0.3896399	0.5585395	0.04704286	2.936899
9960	-104.9818	-267.8028	162.821	8.07798	0.8864095	0.2945053	1.89069	1.19665	0.04704286	2.936899
9966	-99.80998	-263.7488	163.9388	10.1765	0.8864095	0.192492	2.549476	0.3763396	0.4578507	1.644287
9972	-109.1951	-272.2985	163.1034	7.953882	0.8101308	0.07983792	4.613993	0.0765476	0.04599377	1.962343
9978	-110.0625	-274.3672	164.3046	8.325976	0.3900478	0.02416792	3.214316	0.1003639	0.051325	2.291621
9984	-111.1012	-276.233	165.1318	6.754126	1.044315	0.01172985	2.115666	0.4947002	0.08527769	2.183554
9990	-115.8441	-274.2177	158.3736	10.7403	1.044315	0.005158305	4.065721	3.737672	0.1995577	2.183554
9996	-108.2528	-273.9614	165.7087	7.747188	0.4794296	0.002137631	1.282551	0.9636635	0.03225377	2.187525
10002	-95.38583	-261.4302	166.0444	7.747188	0.4056204	0.0009576004	1.282551	0.6104776	0.1164637	2.192875
10008	-87.41733	-254.3546	166.9373	10.65045	0.5568243	0.004918247	0.7014763	0.4128911	0.06343326	1.321028
10014	-91.37556	-258.0682	166.6926	9.967296	0.7307499	0.05425353	0.5167204	1.284034	0.06811267	0.9106591
10020	-92.48522	-258.2415	165.7563	10.00447	0.9149384	0.1051829	1.26562	0.08347039	1.430445	0.5027561
10026	-87.06587	-253.0761	166.0102	14.84107	0.9149384	0.6079466	0.3393553	0.04589372	0.1217775	0.807247
10032	-85.34656	-251.8337	166.4872	11.77607	1.442371	0.5234217	0.3160454	0.03796459	0.08088403	0.7813567
10038	-100.9898	-262.3706	161.3808	11.80072	0.9743806	2.690464	2.294523	0.1077301	0.5024485	1.607043
10044	-93.31252	-259.9993	166.6868	11.79834	0.5942078	0.6952936	0.1945728	0.01811794	0.1331653	1.324989
10050	-99.30668	-256.2684	156.9617	25.58076	2.427104	0.7510998	0.1706877	2.462718	3.149659	0.7451727
10056	-99.55222	-258.8357	159.2835	26.71715	1.441855	0.2188916	0.3939626	3.154665	1.169274	0.8469485
10062	-98.91045	-259.3389	160.4285	17.50184	1.142125	0.2120705	2.274255	2.961374	0.02579263	1.185927
10068	-93.52358	-256.7643	163.2407	15.46623	0.6937915	0.1417282	2.552128	0.6637909	0.2218651	1.185927
10074	-90.08589	-250.7398	160.6539	33.62926	1.209107	0.007677593	0.5065733	0.7521012	0.4195653	1.764268
10080	-111.9373	-275.0011	163.0639	15.24841	1.407016	0.03668299	0.9347554	1.861207	0.1042994	1.318438
10086	-108.1503	-271.7757	163.6254	12.1436	0.8446313	0.02981309	0.4322207	0.5756818	2.502131	1.489395
10092	-108.4026	-269.5305	161.1278	16.59031	0.5234933	0.1073872	2.731229	0.008603079	0.9130436	2.472008
10098	-99.19178	-264.8339	165.6421	8.698412	0.4637252	0.138021	0.6948749	0.09848154	1.135123	2.146412
10104	-98.73489	-261.9393	163.2044	7.756167	0.4809593	0.2002431	1.068045	2.518833	0.9305126	2.227733
10110	-113.938	-274.8234	160.8854	5.005753	0.9497149	1.337166	3.295013	0.7322159	2.617836	2.113826
10116	-100.5662	-263.5946	163.0284	6.514186	1.05553	2.94243	0.3686216	0.1373602	1.214946	2.338126
10122	-98.43631	-261.3941	162.9578	5.343825	0.6027538	3.634811	1.763018	0.09560258	1.006076	1.835518
10128	-100.1503	-264.1812	164.0308	4.727224	0.6027538	4.166784	0.05196846	0.3046721	1.429189	1.692029
10134	-95.69908	-260.103	164.4039	8.952861	0.5455542	2.565257	0.03886663	0.08293911	1.429189	1.461854
10140	-101.7315	-265.575	163.8434	10.04591	0.5826358	0.02565329	2.804897	0.2712637	1.130674	1.486715
10146	-87.77799	-251.3736	163.5956	10.23987	0.9492953	0.1289888	2.804897	0.178478	1.130674	1.337423
10152	-93.2639	-257.851	164.5871	10.67074	1.350541	0.08222303	0.5504442	0.2585854	2.512022	0.4960838
10158	-84.71408	-248.5051	163.7911	13.71874	1.446078	0.01848677	0.5971381	0.2585854	2.245813	0.3036207
10164	-83.35591	-247.1803	163.8244	19.50263	0.7112312	0.0169489	0.02451601	0.1993332	2.245813	0.3036207
10170	-93.48204	-257.2668	163.7848	17.45524	1.096226	0.03460745	0.1136951	0.2106989	2.245813	0.3288466
10176	-101.8739	-262.0371	160.1632	21.84795	2.097527	0.2490861	0.05749639	1.780066	2.245813	0.7239657
10182	-108.3679	-274.472	166.1041	5.62001	0.7357021	0.1233449	3.966485	0.1413497	0.1932687	0.3869328
10188	-97.09681	-264.5012	167.4044	3.886641	0.3079012	0.2779116	3.753543	0.02138248	0.4655052	0.4748562
10194	-110.7467	-274.6543	163.9076	10.12532	0.4889548	0.7920162	3.753543	0.03155271	0.480943	0.6966672
10200	-94.82683	-260.4844	165.6575	7.130408	0.3943296	1.205713	2.260701	0.09585569	0.09038698	1.50846
10206	-87.67589	-253.5637	165.8878	8.904246	0.3935519	1.205713	2.072366	0.01523839	0.1734617	0.8696875
10212	-85.95135	-247.1845	161.2332	11.23895	0.2744125	2.304155	4.336765	0.1098147	0.379718	1.201967
10218	-87.04063	-252.4426	165.402	6.159223	0.5352312	0.9332142	2.110534	0.07074106	0.8410746	1.679806
10224	-100.7937	-267.5964	166.8027	2.399614	1.088493	0.3615344	0.8784555	1.699805	0.1873336	2.401782
10230	-94.67549	-258.1811	163.5056	8.846266	1.077218	0.7908184	0.422412	0.05443873	3.507582	1.260812
10236	-93.14179	-260.6981	167.5563	5.165479	1.437736	1.018423	0.08259205	0.05443873	1.327421	0.6631918
10242	-106.9671	-268.3892	161.4222	9.57205	0.9923889	0.3785547	1.701512	1.793563	0.8423576	2.611773
10248	-82.42426	-244.6917	162.2674	4.810839	0.651206	0.1915064	0.3112248	3.068625	3.334781	2.176083
10254	-85.75478	-248.8093	163.0545	6.114008	0.4670208	0.2325026	0.1090239	3.076539	1.298372	2.767152
10260	-87.85103	-248.9009	161.0498	8.002372	0.722456	0.4681906	0.1246466	1.588868	4.206391	2.321853
10266	-93.33455	-252.0721	158.7375	10.01846	0.8094286	4.079267	0.1350369	1.586124	1.806716	2.504163
10272	-87.07224	-250.6272	163.5549	10.30962	0.8556066	0.1819827	0.5532945	2.759946	0.5798915	1.551482
10278	-93.42061	-256.449	163.0284	8.142803	0.9440304	0.03540176	0.4628853	2.759946	2.327245	1.310065
10284	-87.56738	-253.4676	165.9003	8.43891	0.4036172	0.01962984	0.1782604	0.4440108	2.623594	1.208263
10290	-89.54693	-256.1385	166.5915	7.984383	0.4254532	0.02249648	0.1472883	1.302213	0.6325434	1.684202
10296	-101.6951	-266.2164	164.5213	12.04684	0.8983469	0.006333148	0.132202	0.05231053	1.3054	2.258526
10302	-96.22609	-262.5379	166.3118	7.813785	0.4053158	0.0523227	0.0163147	0.845569	0.402556	2.448192
10308	-105.4697	-271.1521	165.6824	11.41036	0.3645412	0.02965826	0.03772211	1.251806	0.6433477	1.648167
10314	-88.3027	-242.8687	154.566	11.3226	0.4243078	4.860732	0.3774582	3.506414	0.5572278	3.958137
10320	-102.9481	-257.8059	154.8578	15.04195	0.7664128	4.860732	0.9694226	4.206321	0.2252306	2.405348
10326	-98.49027	-257.0156	158.5253	12.24587	1.030695	3.986488	1.712634	1.147548	0.2252306	2.405348
10332	-99.24411	-262.675	163.4309	12.24587	0.8692559	3.076766	0.2010123	0.2517211	0.3436768	1.340219
10338	-93.3741	-256.7332	163.3591	16.10726	0.6549833	2.363589	0.06957104	0.2173905	0.4405472	1.395323
10344	-99.01057	-261.2272	162.2166	18.62457	1.190312	1.876843	0.03702175	0.54631	0.5287362	1.509686
10350	-88.73407	-251.9235	163.1894	9.447408	0.6183461	0.266084	0.05173666	1.288261	0.5287362	3.351804
10356	-92.06684	-256.4747	164.4078	9.447408	0.6045063	0.03424002	0.03963764	0.3748708	0.4815113	3.351804
10362	-93.87871	-255.0678	161.1891	14.37713	1.321657	1.488206	0.06451839	2.520273	0.1418188	1.968761
10368	-89.12497	-251.3069	162.182	16.62727	1.040111	0.7075491	0.7391603	1.243313	0.04557923	2.117252
10374	-85.76988	-250.8568	165.0869	6.071707	1.094855	0.8203905	0.0978558	1.818111	0.08493457	2.302422
10380	-96.10753	-259.3986	163.2911	13.84781	0.8654393	1.066633	0.269076	0.6496575	0.1336747	2.350816
10386	-96.84983	-257.6001	160.7502	9.42691	0.3850877	1.320649	0.5056381	2.734515	0.04102604	3.476267
10392	-100.1126	-263.2992	163.1866	12.50461	0.9206294	2.30264	0.128573	2.020729	0.2157024	0.6050268
10398	-103.2591	-263.7126	160.4535	15.82993	1.273734	2.967943	0.1120903	3.04184	0.08061545	0.552913
10404	-96.42947	-263.6467	167.2172	5.331437	0.5704599	2.547708	0.07886905	0.8147736	0.1382353	0.7103531
10410	-97.40714	-262.418	165.0109	6.077261	0.9976512	2.511959	0.8041828	0.5890017	0.1196912	1.605811
10416	-93.73404	-257.4462	163.7121	11.35567	0.5775742	4.19517	0.2147753	0.1709248	0.08977734	0.8496891
10422	-102.8547	-264.221	161.3663	7.808186	0.6460961	5.354238	1.479139	0.1732677	0.2222602	1.64749
10428	-94.44678	-255.6501	161.2033	10.68737	0.6654465	1.87913	3.39868	0.01063055	0.07272385	2.320292
10434	-101.8187	-264.8169	162.9982	11.35617	0.5034649	2.799083	1.819099	0.1479917	0.04902338	1.432557
10440	-89.90248	-254.2245	164.322	9.15098	0.8412545	1.090531	1.593112	0.1479917	0.07863789	2.105292
10446	-112.4894	-277.2991	164.8098	6.882664	0.8404889	2.533876	1.674666	0.1488749	0.1185441	1.259565
10452	-92.02489	-258.4749	166.45	6.64622	0.364907	1.125944	0.3219262	0.04798074	0.4397317	2.299215
10458	-103.6447	-270.0876	166.4429	5.063969	0.9173029	0.1692719	0.9534465	0.3762687	0.6411733	2.299215
10464	-86.64261	-249.0031	162.3605	8.938612	0.5390967	0.8741465	3.117121	0.1780624	0.292957	2.605257
10470	-92.378	-251.8328	159.4548	8.61623	0.4424984	3.336043	4.037715	0.2692448	0.06709567	2.525147
10476	-89.90229	-253.6022	163.6999	8.26197	0.5357045	2.606456	1.195573	0.2896233	0.0577808	2.112945
10482	-92.76706	-258.1112	165.3441	8.610256	0.5725532	1.075124	0.3897782	0.9039339	0.04391254	2.064509
10488	-83.16134	-250.0922	166.9309	7.81562	0.6232589	0.4592127	1.720447	0.159235	0.2583273	0.8741199
10494	-93.78016	-256.2923	162.5121	11.47167	0.334427	0.4669923	4.844725	0.1261859	0.6204916	0.8741199
10500	-89.33357	-256.2316	166.898	7.303593	0.4431918	0.2083591	2.332825	0.2783119	0.2199081	0.8448986
10506	-102.8877	-271.0847	168.197	3.028443	0.4431918	0.1518568	3.635446	0.1254486	0.149325	0.7380956
10512	-107.2545	-272.3763	165.1218	6.869897	0.7424027	0.637986	3.635446	0.2051588	0.2973202	0.7380956
10518	-103.9627	-267.9849	164.0222	6.869897	0.8390479	0.09544761	3.388858	0.03857149	2.097571	0.9362262
10524	-107.6953	-271.2258	163.5305	12.24417	0.714795	1.234795	0.8943555	0.04644474	1.340118	1.650878
10530	-88.60746	-253.6999	165.0924	7.79521	0.8603708	1.052514	0.08957275	0.2332152	2.162318	1.467743
10536	-83.35205	-250.662	167.3099	3.993739	1.136115	2.203001	0.35056	0.481311	0.2051882	1.162614
10542	-88.54356	-254.8878	166.3442	6.9823	1.398049	2.203001	0.2376092	0.2390888	0.2093795	0.6710593
10548	-87.08653	-251.0717	163.9851	9.599384	1.17261	2.343001	1.213277	0.1097836	0.2965877	1.239566
10554	-95.10512	-259.2907	164.1856	9.838206	1.17261	0.8000891	2.297146	0.2932136	0.1644902	1.343051
10560	-87.50467	-250.0783	162.5737	12.62031	0.54865	2.780391	1.269939	0.06452838	0.8872147	1.294218
10566	-82.7457	-247.6301	164.8844	12.62031	0.54865	0.6262237	0.03544054	0.08601619	2.266407	1.00774
10572	-92.07193	-259.4418	167.3699	5.252933	0.6668464	0.6262237	0.002194382	0.08793769	2.266407	1.14097
10578	-96.8182	-264.2173	167.3991	5.124535	0.5497826	0.7046722	0.009940748	0.03709498	1.631898	1.723455
10584	-78.76674	-245.4737	166.707	5.2608	0.1960927	0.06847133	0.288663	0.125844	2.375992	2.064085
10590	-84.16409	-247.8711	163.7071	6.968571	0.502735	0.01939036	1.07143	0.2157349	3.458333	2.064085
10596	-84.48924	-248.9709	164.4816	7.23003	0.5314377	0.07287376	1.652281	0.4487499	1.67869	2.064085
10602	-81.97616	-246.1602	164.184	8.51706	0.344706	2.151535	0.9010497	0.1068154	0.4261911	2.227078
10608	-92.89196	-257.032	164.14	6.225422	0.2717535	2.462027	0.8992508	0.1014338	0.4261911	2.697595
10614	-86.44062	-248.8989	162.4583	10.64486	0.3205859	2.295486	0.8927526	0.04265755	0.8074719	2.587933
10620	-108.0166	-266.5508	158.5342	6.635129	0.397577	6.169967	3.180349	0.08466988	0.5394165	2.202262
10626	-98.4071	-261.5508	163.1437	7.256131	1.509254	0.4321308	1.007649	0.3618275	2.188756	2.202262
10632	-96.59853	-257.3784	160.7799	8.141394	0.4599747	0.09117116	4.508827	0.5380544	2.425705	1.863733
10638	-91.37999	-255.6746	164.2946	9.349417	0.5713181	0.1237989	1.354904	0.2656746	2.830983	1.028767
10644	-91.98537	-255.0193	163.0339	16.11235	0.5795616	0.6591383	0.08651951	0.02459825	2.027275	1.894776
10650	-111.3698	-269.6605	158.2907	25.57992	1.834879	0.03942308	1.399251	0.6505433	3.607541	0.8771122
10656	-91.93306	-253.1026	161.1695	7.953207	1.492138	0.1438634	6.086359	0.6361142	0.6628087	0.7532918
10662	-94.59359	-256.3138	161.7202	15.81039	1.268033	0.5218331	2.627558	1.299126	0.3682282	0.8062421
10668	-82.05495	-242.0717	160.0168	19.76233	1.185911	1.403205	0.9098696	2.982234	0.1190313	1.14254
10674	-82.5132	-247.0684	164.5552	13.36799	1.522525	0.5345549	0.1156976	0.09479598	1.178509	1.226249
10680	-80.98614	-247.4206	166.4344	13.36799	0.5741965	0.03860945	0.26988	0.1240052	0.4812181	1.291679
10686	-76.8755	-243.797	166.9215	8.786073	0.8141001	0.03724266	0.113835	0.2012129	0.3059644	1.979234
10692	-76.07975	-235.7732	159.6935	13.46996	0.8141001	0.04502161	1.734775	1.153118	1.645241	3.140543
10698	-80.56521	-241.356	160.7908	14.00146	0.4585325	0.2118388	2.169594	0.3868506	0.9280909	3.140543
10704	-80.09283	-242.5572	162.4644	9.704482	0.5493051	0.0760628	2.409767	0.1075308	0.8375634	3.001901
10710	-97.9831	-257.59	159.6069	7.525165	0.2622995	0.1130655	1.310767	0.3518795	0.8287385	5.708782
10716	-103.6664	-262.6828	159.0164	10.49196	0.4397132	0.1130655	3.363975	0.9669914	0.5409721	4.020531
10722	-111.7994	-270.4191	158.6197	10.02254	0.4376573	0.1823683	6.565597	0.1424912	0.1371717	3.153279
10728	-97.06613	-262.3645	165.2983	12.46781	0.5495108	0.7771449	0.06909103	0.7079735	0.08482029	1.799113
10734	-95.80275	-261.6439	165.8411	15.39398	0.5383395	0.3814072	0.002084252	0.723697	0.01982288	1.207409
10740	-95.86918	-259.4815	163.6123	20.827	0.5511407	0.8393161	0.1347474	0.723697	0.01830491	1.562633
10746	-93.15555	-257.9874	164.8319	12.04748	0.6447845	0.9140135	0.1399413	1.996685	0.04999186	1.039956
10752	-87.78967	-252.0782	164.2885	9.472968	0.4228491	0.87408	0.1831467	3.271654	0.173652	1.19687
10758	-99.97691	-263.8107	163.8338	9.251503	0.4064109	0.87408	0.4127048	3.271654	0.321122	1.337901
10764	-111.676	-271.2592	159.5832	17.64385	0.9413407	1.882429	0.08867496	2.772015	1.561798	1.337901
10770	-96.60882	-255.8769	159.2681	16.73989	0.671955	3.323322	0.2835234	0.3351555	2.127327	2.066387
10776	-90.37691	-254.4212	164.0443	16.73989	0.7647375	0.8538141	0.02921228	0.01514613	0.54492	1.904093
10782	-96.4463	-263.2336	166.7873	7.634286	0.8258392	0.7625288	0.06926666	0.1080445	0.1799292	2.043751
10788	-90.37436	-252.2197	161.8454	16.71978	1.136143	2.343459	0.1286766	0.4565605	0.1379928	2.043751
10794	-91.96218	-255.3398	163.3776	12.63593	0.6628531	0.7263729	2.516546	0.06249945	0.4559653	1.540372
10800	-89.48656	-253.5926	164.106	12.63593	0.7317172	0.8329918	1.764608	0.3096524	0.08655364	1.518274
10806	-96.84689	-260.4774	163.6305	13.46508	0.9058406	0.6516842	0.2667387	2.331529	0.1449248	1.263017
10812	-100.5484	-260.5936	160.0453	21.25082	2.255594	2.332924	0.101929	0.2749897	1.005255	1.398023
10818	-102.031	-268.5113	166.4804	7.776757	0.913176	1.514013	0.1063877	0.02982925	0.3373874	1.554773
10824	-98.92273	-262.4487	163.5259	6.504387	0.9198983	3.211351	0.2831521	0.8657259	1.767551	1.004932
10830	-91.21338	-251.4359	160.2225	13.48717	0.6925771	5.964344	0.5254012	0.3473444	0.2749627	1.176746
10836	-86.14738	-248.9408	162.7934	19.07514	1.095501	1.743702	0.7359168	0.17575	0.03245852	1.295837
10842	-101.7175	-265.1058	163.3882	11.10369	0.4716793	4.064901	0.194595	0.4570536	0.03523464	1.258949
10848	-102.0568	-267.3366	165.2798	9.292659	0.5736896	0.4385754	0.1831792	0.603174	0.06134041	2.665342
10854	-97.00579	-257.8227	160.8169	9.931251	0.7046568	0.01622863	3.041453	1.030524	1.968901	2.253565
10860	-102.2987	-260.5481	158.2495	11.2359	0.8239801	0.1295752	0.7888461	4.560903	1.333463	3.042724
10866	-110.5117	-271.9433	161.4316	2.854433	0.70859	5.175687	0.6200555	1.209913	0.4866484	3.042724
10872	-108.1849	-272.8817	164.6968	8.994191	1.078981	2.155955	0.6828065	0.2473234	0.1482224	1.492794
10878	-101.6935	-262.4806	160.7871	7.721264	0.6301512	2.155955	4.051674	0.1081605	0.835345	2.129294
10884	-104.0081	-268.6141	164.606	7.98977	0.9136544	1.70261	0.4852992	0.02090409	0.6413207	2.190415
10890	-100.8797	-265.6499	164.7702	9.269364	1.104622	1.021842	0.2011711	0.1159268	0.6877605	2.190415
10896	-92.81451	-255.8748	163.0603	14.36917	1.104622	3.362515	0.01923478	0.1391288	0.05419413	1.225561
10902	-105.9746	-268.8637	162.8891	11.92221	0.8735885	0.6313929	0.09030423	1.3742	1.676756	1.873477
10908	-109.7698	-270.7365	160.9667	11.92221	1.064676	1.447984	0.07340956	3.83668	0.6955661	1.481089
10914	-91.05625	-255.6525	164.5963	16.06852	1.202764	0.8583976	0.08163022	0.8108093	0.1476486	0.8640755
10920	-105.1359	-265.2556	160.1197	9.479346	0.4082046	5.542752	0.2166785	1.849902	0.8903375	1.348605
10926	-103.0393	-263.1103	160.071	9.479346	0.7353937	4.683681	0.2664186	2.053557	0.2146607	2.062477
10932	-89.45151	-251.5157	162.0642	6.737533	0.9846538	4.481614	0.2187487	1.600966	0.3345559	1.644854
10938	-81.43959	-245.6521	164.2126	5.562041	1.0193	4.481614	0.2187487	0.7858296	0.1233431	1.162548
10944	-88.23708	-252.8649	164.6278	7.919912	1.335438	2.349855	0.2459597	0.03407782	1.140186	1.236077
10950	-97.34586	-263.2515	165.9057	4.705186	0.9781961	3.794779	0.6614108	0.002729549	0.2774693	0.8168765
10956	-88.77547	-250.3278	161.5523	9.053297	1.323277	4.646705	0.2586093	0.00312723	1.760835	1.028815
10962	-104.2875	-267.0559	162.7684	13.74775	1.197231	1.577661	0.2586093	0.2786668	0.9935806	1.84298
10968	-98.53516	-255.1913	156.6561	18.54275	1.425325	0.9798783	6.032659	0.1449609	0.9935806	1.64199
10974	-98.18315	-259.4295	161.2463	12.23296	1.614386	0.5290645	3.055282	0.06567901	1.856426	1.182569
10980	-95.26949	-257.5238	162.2543	13.35508	0.710834	1.304511	1.624627	0.1375891	0.1137197	2.514969
10986	-104.685	-267.5259	162.8409	11.71923	1.059439	1.766107	1.44703	0.5874014	0.07078756	1.751377
10992	-83.17306	-248.9471	165.7741	10.60621	0.7616386	1.323474	0.5985479	0.09805714	0.02157346	1.410545
10998	-88.09244	-253.6553	165.5629	13.50939	0.8392919	0.03577118	1.567832	0.08436949	0.07688621	1.043927
11004	-96.19186	-259.673	163.4811	12.84198	0.9356302	0.2185031	0.1388985	1.396824	0.9799454	1.956786
11010	-92.33742	-254.3706	162.0332	11.16467	1.172534	0.4550317	0.0741201	3.006816	0.3764484	2.297056
11016	-95.16747	-257.2764	162.1089	9.880786	0.8059056	2.070364	0.5372353	1.365944	0.1724484	2.590585
11022	-105.3415	-265.4921	160.1506	11.54815	0.7103549	2.070364	1.634489	1.365944	0.2619729	2.800422
11028	-100.6142	-264.7653	164.1511	5.344674	0.6629051	0.278284	0.7399784	1.635896	0.1850202	3.337709
11034	-97.91395	-261.8107	163.8968	13.28327	1.095802	2.500125	0.4055853	0.4945548	0.0887844	0.7549276
11040	-84.87596	-245.927	161.0511	17.55983	1.074491	2.043103	2.454029	0.6572219	0.02853174	0.920846
11046	-84.95484	-248.9426	163.9877	12.91687	1.743313	0.9595704	0.1664607	0.8990948	0.09722952	1.442873
11052	-93.7681	-257.6836	163.9155	12.36861	1.062624	0.9595704	0.6267823	0.1981685	0.5972645	1.905334
11058	-93.70164	-257.6587	163.957	8.125556	0.8844289	2.610397	0.415461	0.9482906	1.258874	0.8220459
11064	-88.70916	-252.839	164.1298	11.27407	1.646378	2.22021	0.6854982	0.1275919	0.2062762	0.8110785
11070	-98.73779	-262.3551	163.6174	20.83311	0.9110829	0.9837488	0.503546	0.02594608	0.2082097	1.275259
11076	-89.2205	-256.4358	167.2153	7.462723	1.036264	1.768127	0.3857433	0.008932806	0.01946317	0.3615734
11082	-87.47923	-254.8079	167.3287	8.015124	1.838267	0.1693117	0.8113163	0.06527447	0.04680181	0.5462679
11088	-90.73524	-257.9795	167.2443	5.591021	1.552037	0.106813	1.922459	0.2650897	0.2118	0.4465939
11094	-82.51056	-245.7417	163.2312	16.31888	0.7355147	2.537733	0.8594846	0.05463179	0.3895151	0.5817595
11100	-94.77453	-255.3269	160.5523	11.8822	0.7828135	3.080397	3.293484	0.04243048	0.3246585	1.49662
11106	-86.69631	-243.5448	156.8485	14.4062	0.9385885	2.902238	5.920872	0.2952315	0.620226	1.391512
11112	-81.86579	-242.6903	160.8245	12.21906	1.312955	2.197333	3.298177	0.1715906	0.2195763	1.462232
11118	-89.83601	-251.0215	161.1855	15.23349	1.102112	0.4324023	2.68217	1.277368	0.3637666	1.598937
11124	-88.69729	-253.3874	164.6901	9.562279	0.7059905	0.5062574	0.1011951	3.069264	0.4789214	0.829169
11130	-90.74865	-256.5267	165.778	6.466386	1.99631	0.1212468	0.9320535	1.601478	0.2319197	0.9318712
11136	-99.90426	-260.883	160.9788	12.1491	2.375196	0.3334912	3.609844	0.6293401	0.4145854	1.225361
11142	-80.65532	-246.3883	165.733	7.302348	0.3568859	2.166791	1.819627	0.01726336	0.1823242	0.9628646
11148	-77.88041	-244.0887	166.2083	4.418956	0.4184151	1.764713	0.9492944	0.0667303	0.7037956	2.129414
11154	-88.76804	-255.864	167.096	6.181711	0.5621804	1.62376	0.6838517	0.05905243	0.1688657	1.450958
11160	-86.6318	-252.7218	166.09	4.204637	0.3510755	1.007691	2.588657	0.04861446	0.5969839	1.828526
11166	-92.8627	-253.6379	160.7752	6.826935	0.3510755	1.019699	1.782269	0.4053212	3.489107	2.827525
11172	-97.94707	-260.1446	162.1975	3.705437	0.2397196	0.5830859	0.5779659	0.6279948	5.194565	2.827525
11178	-90.2626	-254.4112	164.1486	6.659382	0.5231543	0.2288524	2.186152	0.1690867	2.127785	1.878794
11184	-102.6654	-260.1293	157.4638	11.53147	1.011352	0.5415051	7.101755	0.1782999	2.083429	1.341837
11190	-96.11276	-257.9129	161.8002	6.920199	0.5004462	0.08643289	7.148081	0.09336047	0.510326	1.235736
11196	-108.2159	-269.7684	161.5525	10.32311	0.825057	0.1822356	6.472137	0.09724567	0.02857817	0.9871883
11202	-106.671	-267.6368	160.9657	10.44845	0.7619939	0.5525035	6.472137	0.04075796	0.3243538	0.9871883
11208	-90.83238	-253.9303	163.0979	19.10222	0.5879888	1.149584	0.5344447	0.05031483	0.8844235	1.50332
11214	-92.19152	-253.637	161.4455	20.47905	0.5879888	1.149584	2.477817	0.03357333	0.5484671	1.336836
11220	-96.22181	-257.197	160.9751	20.47905	0.7812561	1.876477	2.477817	0.0976492	0.08211173	1.298548
11226	-86.24545	-249.4643	163.2188	13.27967	0.7812561	0.7914524	1.289725	0.06276975	0.5728785	2.164386
11232	-96.0103	-258.1997	162.1894	14.71518	0.7812561	2.773961	0.248556	0.1692826	0.1811223	2.164386
11238	-109.9665	-271.9166	161.9501	11.78125	1.068606	1.325441	0.9397659	0.1528266	0.5519363	2.882965
11244	-104.8029	-269.2052	164.4023	13.73213	0.7862012	0.4037395	0.8933559	0.06874037	0.01845888	2.179576
11250	-104.8227	-266.1204	161.2977	17.89808	0.7862012	1.182511	2.268772	0.01611689	0.02735564	2.179576
11256	-104.9307	-265.2552	160.3245	10.14487	1.147692	0.2576294	3.610437	1.7955	0.3311649	2.280144
11262	-101.9242	-266.8719	164.9477	8.64292	1.331641	0.3136949	2.058378	0.6829775	0.09391926	1.263641
11268	-100.3377	-266.7436	166.4059	5.980031	0.7202068	0.6303092	2.164753	0.3191332	0.2176482	1.31686
11274	-103.0374	-270.7742	167.7368	5.980031	1.181131	0.4973312	1.112058	0.1207178	0.2181206	0.9489182
11280	-94.80275	-260.588	165.7853	5.713197	1.665687	0.1832252	2.465935	0.4297303	0.3768749	1.035366
11286	-103.5891	-266.9296	163.3405	8.114972	1.13334	0.08146513	3.874686	0.5654374	1.2297	0.5124887
11292	-89.03992	-251.8147	162.7748	14.10029	0.6657972	0.1906286	3.642458	0.08354227	1.001898	0.5489365
11298	-96.95776	-260.7582	163.8005	9.993368	1.345936	0.05021357	3.186042	0.100024	1.065205	0.5805331
11304	-88.78702	-251.3489	162.5619	9.840794	0.5198233	1.856076	1.265749	0.1072042	2.123038	1.700188
11310	-86.5835	-248.9685	162.385	11.32441	0.7071604	2.821232	1.572004	0.1192349	0.3895037	1.677684
11316	-86.29886	-247.9618	161.663	11.32441	0.7785847	2.250433	1.572004	0.02925637	0.4381912	2.510564
11322	-110.1019	-271.1515	161.0496	14.8806	0.707034	2.849298	1.227616	1.530942	0.07853773	1.362621
11328	-100.4532	-263.6882	163.235	9.819382	0.6631142	2.759726	1.227616	0.395938	0.1520642	1.705502
11334	-96.52192	-257.1785	160.6565	16.14774	0.7998454	3.71148	0.1394624	1.660083	0.6146816	0.9706435
11340	-120.9607	-282.0998	161.1391	13.34698	0.5488714	3.477736	2.305126	0.6564306	0.2228332	0.8999637
11346	-105.6876	-267.268	161.5804	17.25939	0.7081623	4.246067	0.1396951	0.4814427	0.3192266	0.8013272
11352	-101.2951	-263.1065	161.8114	14.34738	0.8918881	2.997429	0.0568001	1.779405	0.07996006	1.331233
11358	-107.1982	-269.1584	161.9602	17.2053	0.7353191	2.997429	0.1737276	0.6045862	0.9269231	0.9085979
11364	-111.9714	-268.2375	156.2661	12.61543	0.7206105	6.505806	0.5231544	1.600104	2.38018	1.397497
11370	-109.5696	-266.5329	156.9633	16.21672	1.145476	6.505806	0.3175436	0.6862755	1.86177	1.055374
11376	-96.47165	-253.5836	157.112	11.67732	0.6891577	6.505806	0.1415691	1.092874	2.19569	1.784168
11382	-99.81463	-260.6292	160.8146	13.04009	0.7375309	4.217554	0.05476252	0.3507282	2.016773	1.138012
11388	-93.39132	-250.6624	157.2711	14.51646	1.587795	4.217554	2.207677	0.3279083	2.016773	1.286792
11394	-91.23662	-253.1605	161.9239	10.79253	1.719517	4.232082	0.2003427	0.8026742	0.2325695	0.8763455
11400	-99.35662	-262.1283	162.7717	16.55572	0.8685598	0.1184934	0.2251849	1.566939	0.9854398	1.737235
11406	-100.4511	-263.4645	163.0134	16.55572	0.6054177	0.3268354	0.02316118	1.317493	0.6389829	2.149135
11412	-98.75007	-256.941	158.191	24.99932	0.6054177	1.776605	0.07820607	0.1949643	3.279242	2.243753
11418	-89.32391	-251.2397	161.9158	6.492742	0.4185211	1.272511	1.953988	0.008443353	0.8802453	3.724542
11424	-101.8727	-260.0349	158.1623	10.28652	0.7476536	8.18927	0.6275657	0.00699516	1.250721	1.160723
11430	-86.26247	-254.6332	168.3707	4.387076	0.588427	1.353659	0.2030514	0.09398882	1.250721	0.7250817
11436	-80.5473	-248.0755	167.5282	8.244837	0.7895384	0.1359002	0.4099453	0.07671978	1.129481	0.7673897
11442	-94.93868	-259.4327	164.494	7.309106	1.494482	0.03469119	3.083157	0.5798743	0.5662985	0.9840011
11448	-99.52186	-266.753	167.2311	7.309851	1.221285	0.2458922	1.666912	0.1471549	0.02492353	0.5564528
11454	-81.36828	-246.5205	165.1522	9.135676	1.49718	0.2458922	1.371522	0.1493327	1.353377	0.7313104
11460	-90.5383	-253.9797	163.4414	14.27458	1.719321	0.07473593	1.675536	0.3774148	0.942684	0.7395443
11466	-90.04133	-254.8635	164.8222	7.319751	0.9395733	0.5907317	0.1051489	0.8539727	2.218127	1.58002
11472	-102.3418	-265.9256	163.5839	7.651318	0.8831766	0.1470566	0.7928996	1.679468	2.233983	1.635048
11478	-89.45112	-249.9023	160.4511	7.551009	1.743869	0.08207671	0.499684	0.4590277	6.240816	1.550348
11484	-90.2964	-254.9083	164.6119	6.753474	1.743869	0.4879984	0.499684	0.6197831	1.955795	1.467079
11490	-88.84139	-252.861	164.0196	8.70949	2.226969	0.3658049	0.2044293	0.6197831	1.744816	1.440431
11496	-86.59279	-253.1868	166.594	11.412	0.3410831	0.02249665	0.008774629	0.03493155	1.381522	1.368148
11502	-95.27006	-257.9554	162.6853	11.412	0.5818718	0.1740906	0.001968317	0.03659628	4.876295	1.389085
11508	-81.67458	-248.7963	167.1218	7.636841	0.5221637	0.03243084	0.0934633	0.06204543	2.413429	0.8460851
11514	-99.04114	-262.6461	163.6049	6.84772	0.7415404	0.1134542	0.1814041	3.024547	2.77	0.9935491
11520	-84.4105	-249.272	164.8615	8.237905	0.5353753	0.1323649	0.9592409	2.404394	0.7102787	1.243236
11526	-81.12408	-243.6472	162.5231	16.87292	1.096606	0.1902528	0.5849345	2.404394	0.105857	1.413492
11532	-88.44582	-250.7741	162.3283	5.961165	1.295046	0.1159904	1.820295	1.066204	2.698798	2.127884
11538	-84.30559	-249.7653	165.4597	5.961165	0.9353588	0.4378547	0.5489066	0.5278109	2.698798	1.199267
11544	-98.19511	-259.4028	161.2077	19.23082	0.9345715	0.4214456	0.4483355	1.666303	0.1728759	2.463791
11550	-100.8915	-269.4157	168.5242	4.055474	0.4193242	0.4184873	0.2242961	0.05650403	2.445839	0.6596164
11556	-96.80464	-259.1338	162.3291	11.36331	0.6377356	1.18481	0.1421945	0.08699824	3.812393	1.524288
11562	-115.4655	-276.26	160.7946	15.56628	0.8785718	0.8672372	2.417022	0.455799	0.0934233	2.562844
11568	-105.2457	-267.1826	161.9369	7.33493	0.5418831	0.8672372	3.549253	0.9023161	0.1321146	2.632109
11574	-95.05779	-255.5511	160.4933	12.91196	0.972277	1.711658	3.190026	1.921301	0.1279101	0.956393
11580	-90.40516	-250.0822	159.6771	4.911538	0.3128833	2.190231	3.190026	1.929122	0.2374495	3.53608
11586	-80.29936	-244.9544	164.655	5.475289	0.4425688	0.1310389	2.68817	0.7814064	0.295783	2.487952
11592	-85.74657	-249.5065	163.7599	11.8826	0.4425688	0.7539791	2.68817	0.7403367	0.1933451	1.084334
11598	-93.70721	-254.368	160.6608	10.30123	0.5453888	6.012849	0.9047591	0.2056974	0.03014987	1.645167
11604	-87.20451	-246.5263	159.3218	15.31751	1.353232	6.005598	0.1991716	0.2755187	0.08692602	1.435252
11610	-84.63044	-247.1291	162.4987	16.57408	0.5795183	1.145335	0.0701696	1.017521	1.159309	1.780268
11616	-90.8104	-250.1456	159.3352	15.6071	0.561348	1.559428	0.832852	0.05222399	3.906377	2.084187
11622	-91.61845	-252.3885	160.77	11.91819	0.5780414	0.03759066	1.946446	0.01785488	3.363886	2.410892
11628	-97.64013	-258.0869	160.4467	5.969172	1.2805	0.2235452	1.289356	0.06534213	4.780168	2.900352
11634	-96.83956	-259.8657	163.0261	10.0933	0.8866222	0.3468418	1.12608	0.3057928	1.814171	2.266153
11640	-103.532	-268.9728	165.4408	5.513858	0.5133386	0.3878285	1.570381	0.3767658	2.250954	1.427768
11646	-103.3753	-269.1602	165.785	5.513858	0.5133386	0.7841795	1.178737	0.155074	1.753671	1.700099
11652	-88.31023	-251.7467	163.4365	9.122267	0.7407402	1.266355	1.177351	0.2647206	2.529957	1.126756
11658	-89.48445	-255.0043	165.5198	6.958311	0.7722291	1.266355	2.636687	0.06790119	0.3912958	0.6442679
11664	-100.1522	-262.3753	162.2231	16.1309	0.6220901	1.150739	3.320213	0.2449142	0.1441295	0.8370602
11670	-94.46677	-253.3689	158.9022	6.10549	0.2642721	0.4291907	1.319987	0.1847816	5.982946	3.457807
11676	-103.0508	-264.6436	161.5928	9.84481	0.1245216	3.420091	1.471736	0.1903334	0.2058992	2.632289
11682	-88.03508	-251.1593	163.1242	10.11805	0.6969978	3.420091	0.6612795	0.8928493	0.1194455	1.266603
11688	-78.34943	-240.884	162.5346	14.72435	0.5801299	4.19316	0.3378628	0.4714871	0.06367382	0.3985559
11694	-83.81432	-248.3411	164.5267	14.23137	0.7072067	2.56921	0.01186586	0.2879455	0.05161827	0.2593082
11700	-79.67628	-246.3526	166.6764	7.935562	0.6479145	2.56921	0.09150965	0.0482763	0.1161556	0.2767918
11706	-89.01536	-255.3367	166.3214	8.916254	0.6194077	2.576949	0.1713308	0.03751638	0.1667945	0.3770782
11712	-112.1331	-263.7071	151.574	12.26372	0.9640708	3.463214	10.19265	0.8575922	1.806182	0.4518365
11718	-105.0814	-266.4391	161.3577	12.3804	2.355386	0.03356937	3.529263	0.3378871	1.201073	0.5903553
11724	-98.27008	-265.3425	167.0724	6.346627	1.027157	0.2728579	0.08722882	0.2829596	2.025118	0.8720446
11730	-96.54664	-259.3419	162.7953	10.77594	1.339443	1.759749	0.1789158	0.2066483	2.839949	0.8720446
11736	-81.13683	-247.6151	166.4783	11.1195	0.6894939	0.3225788	0.08219688	0.02921848	0.975937	1.283
11742	-77.14665	-245.3951	168.2484	6.399468	0.2049385	0.3396421	0.01961573	0.02877018	0.6423121	1.888639
11748	-87.66754	-254.4853	166.8178	7.935353	0.4904579	0.2153834	0.08943404	0.05121302	0.6399717	2.246302
11754	-100.2946	-262.1781	161.8835	15.35224	0.175455	2.497147	0.7924225	0.057681	0.6315801	2.26034
11760	-94.90801	-261.4984	166.5904	6.738969	0.3029904	0.7903295	0.07874727	0.2353672	0.535141	2.411775
11766	-101.3634	-263.2755	161.9122	9.476216	0.2844269	1.783262	0.1020655	1.773118	2.019846	2.161326
11772	-94.72537	-256.0545	161.3291	13.25701	0.3488666	2.501205	0.209727	1.099633	1.215698	2.176622
11778	-91.98272	-249.5846	157.6019	19.51814	0.7290423	2.245247	0.1609832	3.472045	0.1090128	2.757167
11784	-88.47473	-249.0981	160.6234	12.86719	0.7160026	0.3762724	1.858738	2.741998	0.02732883	2.474216
11790	-92.90737	-257.1196	164.2122	6.08884	0.5244237	0.04693245	0.06123511	5.103424	0.1202961	1.576264
11796	-92.54185	-259.3643	166.8225	8.672472	1.084949	0.09851717	0.1027014	1.295226	0.08819167	1.20092
11802	-100.5075	-260.7617	160.2542	10.36942	1.901692	4.522398	0.6746105	1.109093	0.2732679	1.345998
11808	-95.45211	-259.1835	163.7314	5.590847	0.8711851	4.043578	0.4261646	0.2426595	0.8703632	1.662376
11814	-103.3498	-264.9926	161.6428	5.621968	1.210767	3.841	0.8457437	0.2849621	0.326354	2.960162
11820	-90.67231	-252.7483	162.076	8.74826	0.5447394	2.706125	0.2092411	0.3240855	3.346273	1.410329
11826	-87.54363	-251.1248	163.5812	15.99322	0.8737013	1.875289	0.316877	0.3259626	0.7224985	0.8870693
11832	-86.75843	-251.8683	165.1098	10.53302	0.407864	1.875289	0.06582583	0.1907018	1.534222	0.8870693
11838	-96.91755	-262.4328	165.5153	8.143344	1.043155	2.808173	0.4967628	0.1361532	0.1075087	0.7691476
11844	-104.2306	-261.5621	157.3315	8.926593	0.9661234	1.789284	4.337232	0.6897186	0.2517992	3.793354
11850	-101.9074	-265.2644	163.357	6.048402	0.8833569	2.8543	0.4957269	0.8847225	0.7671829	2.155104
11856	-86.9037	-252.2061	165.3024	9.70214	1.058262	2.161648	0.2617712	0.4980299	0.03938564	1.028087
11862	-87.01255	-252.6008	165.5883	9.70214	0.8326918	0.6409793	1.36574	0.3661996	0.009429875	1.463872
11868	-102.4224	-268.6317	166.2093	11.12675	0.7376072	0.7463575	0.608152	0.04247238	0.001756083	1.463872
11874	-89.97915	-256.1417	166.1626	12.29229	0.9325443	0.7150438	0.1764342	0.03069422	0.07751941	1.391688
11880	-88.48133	-253.0416	164.5603	10.50203	0.4217745	3.287017	0.07822728	0.02657906	0.1415236	1.483176
11886	-90.28312	-253.3169	163.0338	10.50203	0.8781286	3.287017	0.3135064	1.002846	0.2080655	1.321494
11892	-102.3254	-270.0017	167.6763	8.602126	0.2973014	0.01098132	0.1655809	1.456749	0.02733898	1.097809
11898	-97.41735	-266.7351	169.3178	3.88092	0.3389541	0.2256488	0.04182446	2.084358	0.05486542	0.8531738
11904	-99.4456	-264.9134	165.4678	9.303635	0.8753526	0.2460467	0.2858872	2.214694	0.6400614	0.6996295
11910	-101.6586	-261.3853	159.7267	13.46218	0.7088388	1.002021	4.706703	1.213513	0.6751511	1.177456
11916	-105.4795	-259.3064	153.8269	22.19094	2.064212	0.4875693	2.966166	1.558594	5.668997	0.6438207
11922	-92.81543	-254.9139	162.0985	27.11586	1.007975	0.6485838	0.07557015	0.04620082	1.76395	0.7928797
11928	-98.97425	-256.0034	157.0292	38.41763	2.315108	0.5341718	0.2004923	1.809776	2.309268	0.4371653
11934	-114.4241	-280.7474	166.3233	7.954153	0.3997163	0.1764663	1.796378	0.289447	0.2094731	1.640136
11940	-106.2753	-272.5286	166.2533	12.28253	0.9475996	0.1396526	0.6018803	0.7064545	0.06086269	0.8228697
11946	-111.0314	-274.2979	163.2666	21.35562	0.8519228	0.01529948	0.8726964	1.399161	0.2351652	0.790576
11952	-106.806	-269.9972	163.1911	13.15366	1.392808	0.5469727	1.469295	1.718639	0.1646928	0.8013825
11958	-86.22796	-249.3994	163.1714	11.06202	2.098803	1.281376	1.469295	0.6961972	0.2222309	0.9724202
11964	-86.27854	-249.8596	163.581	10.13719	1.065882	0.080761	0.1025011	3.630107	0.3358432	1.357508
11970	-113.4733	-273.5303	160.057	8.782179	0.8952419	1.431443	0.342001	4.46375	1.732678	1.613693
11976	-104.7363	-268.8759	164.1397	10.00874	0.594756	2.583148	0.04553308	0.3818969	1.382718	1.113906
11982	-94.01199	-257.37	163.358	11.67848	0.9565166	2.583148	0.1578805	0.03767169	1.512922	1.113906
11988	-104.9358	-267.1207	162.1849	14.80798	0.4668055	3.407942	0.05717051	0.279078	1.669721	0.7840307
11994	-104.2634	-267.4737	163.2102	13.00319	1.184091	2.347954	0.01084471	0.3588068	1.335201	0.8958199
12000	-102.8584	-266.86	164.0016	16.64233	1.081324	1.288735	0.02781454	0.4943222	0.5270859	1.017581
12006	-90.80152	-256.5868	165.7852	13.04034	0.9052081	1.288735	0.06966802	0.4943222	0.06049646	0.6588459
12012	-87.34945	-250.799	163.4495	19.16904	0.9282932	1.288735	0.0522744	1.348453	0.1283223	0.5233248
12018	-91.51346	-254.7736	163.2601	15.71317	0.8425079	2.107528	0.1297824	1.56773	0.05204712	0.5403922
12024	-84.01376	-249.3321	165.3183	13.71953	0.6733631	2.018757	0.1981905	0.1961777	0.05689221	0.4747047
12030	-103.7067	-263.3578	159.6512	8.758868	1.003577	1.844957	1.109467	0.5635183	4.547603	1.763123
12036	-100.6405	-265.6854	165.0449	6.068132	0.7230063	0.4161484	0.5050987	0.2757117	3.427148	1.337016
12042	-107.5226	-270.14	162.6174	11.74127	1.10553	1.002757	0.1850387	2.207583	0.7290452	1.693514
12048	-97.25817	-260.1185	162.8603	16.31472	0.4729399	0.4520295	0.08554351	0.5819465	1.497749	2.168976
12054	-92.89895	-258.0332	165.1343	12.47226	1.211543	1.161116	0.1922293	0.03578481	0.9855104	0.7322049
12060	-105.6904	-268.6377	162.9473	8.96122	0.3241683	0.5607067	0.1385241	0.3999993	5.523829	0.4086403
12066	-99.9092	-262.9553	163.0461	9.013932	0.59468	0.196358	0.1385241	0.1833364	5.523829	0.2408699
12072	-92.64235	-258.1737	165.5313	7.146376	0.4956004	0.2999776	0.1471479	0.4795169	3.652121	0.4522141
12078	-95.49694	-257.5247	162.0278	17.51019	0.8942985	0.1076709	0.2318039	0.1331871	3.652121	0.1500863
12084	-97.53294	-259.7776	162.2447	7.904888	0.7078374	1.016913	0.5207721	0.2668383	5.523829	0.3956377
12090	-99.34836	-261.0888	161.7405	9.0351	0.4532046	1.942822	0.8001013	0.09580805	3.069986	2.11317
12096	-94.09114	-255.625	161.5339	9.0351	0.6166382	0.1719802	4.41513	0.1334349	2.223394	1.417486
12102	-96.36888	-258.2399	161.8711	7.340045	0.6166382	0.06112114	1.316028	0.4049995	4.581164	2.043962
12108	-99.93217	-260.4499	160.5177	10.22239	0.6529913	0.09879813	3.922205	0.6391295	1.973815	2.043962
12114	-102.405	-268.9965	166.5915	5.769858	0.5201921	0.1500124	0.813628	0.1132404	2.124515	1.505951
12120	-88.2614	-254.0992	165.8378	9.69194	0.4691782	0.1152729	0.4620741	0.1132404	2.024617	1.294766
12126	-87.39624	-253.4599	166.0637	7.622763	3.017186	0.04473867	0.1634026	0.09436236	0.8982772	0.8071967
12132	-109.1038	-274.4093	165.3055	3.550527	1.821369	0.06708874	1.554547	2.785865	0.22873	1.327048
12138	-116.5596	-276.7628	160.2032	9.163292	1.129128	0.5604611	1.32077	3.631541	1.794315	1.718765
12144	-87.00845	-250.6208	163.6123	11.54226	0.8736311	0.1093643	0.06929496	0.3715239	3.762356	0.9675429
12150	-97.10173	-258.3306	161.2289	9.265751	1.12392	0.1844087	4.176934	1.283795	1.210146	1.262087
12156	-100.2957	-262.8579	162.5622	7.298102	1.140183	0.7424903	4.176934	0.9749961	0.2660204	1.332815
12162	-91.47977	-252.7492	161.2694	11.15222	0.4899205	0.1513282	2.795445	3.198027	0.1468349	1.674508
12168	-103.11	-263.3665	160.2565	11.15222	1.064653	0.366029	2.665638	0.7952362	2.539021	1.926541
12174	-97.45204	-262.2146	164.7626	12.36932	0.6403654	0.02744763	0.2216545	0.1692706	1.768477	1.74686
12180	-101.2698	-265.1898	163.92	12.61734	0.6403654	0.130335	0.2216545	0.4000884	1.77104	2.043425
12186	-109.7437	-271.7643	162.0205	10.31291	0.6465688	0.1039647	0.7529853	3.00274	1.746643	1.70392
12192	-112.8996	-274.7808	161.8812	11.20947	0.5987694	0.0452992	0.91436	3.136962	2.355816	0.9321603
12198	-102.7895	-267.0588	164.2693	16.49271	0.6706416	0.007329704	0.6653029	1.639142	0.2867535	0.9321603
12204	-99.14603	-264.0907	164.9447	12.6859	0.8384504	0.04272354	0.6384813	0.8095459	1.351007	0.7844941
12210	-91.56964	-258.1333	166.5637	9.275806	1.081794	0.0213569	1.519208	0.1616087	0.3871848	0.7077913
12216	-99.85582	-261.3325	161.4767	9.459187	0.9297358	0.0836357	5.924157	0.8878423	0.4011212	0.3770482
12222	-110.8364	-276.8888	166.0523	7.230053	1.975551	1.770047	0.05266987	0.09251358	0.3704669	0.9544711
12228	-102.8844	-267.8302	164.9458	5.810668	2.003155	2.250952	0.3484964	0.05844419	0.3646562	1.738988
12234	-93.76224	-260.9287	167.1664	7.066572	0.570839	0.1424574	0.3447576	1.891863	0.04970452	1.159426
12240	-104.8825	-270.1408	165.2583	6.625735	1.823048	2.005578	0.1798563	0.5857989	0.3659076	1.274777
12246	-103.1784	-269.6842	166.5058	5.190149	1.823048	0.2038391	0.3113396	2.100188	0.06146763	1.181129
12252	-98.97205	-263.2938	164.3218	14.22307	0.8172055	0.4145967	0.7547262	1.863299	0.04084127	0.7857989
12258	-100.015	-263.3785	163.3636	14.22307	0.7497165	0.02890401	1.313167	2.432885	0.3220503	0.7887432
12264	-96.58296	-256.6986	160.1156	14.8094	1.039349	0.3064585	0.0845463	4.89569	1.723765	0.6010676
12270	-92.22633	-256.3138	164.0875	12.93014	1.09416	0.3064585	0.1006103	2.893119	0.1758838	0.6010676
12276	-96.69769	-259.6686	162.9709	15.41845	0.8081633	0.3677513	0.1366956	2.893119	0.8375319	0.6054237
12282	-88.69687	-254.118	165.4212	10.1438	0.5910366	0.2700196	0.05638142	2.125665	0.8375319	0.8956429
12288	-87.07905	-250.5041	163.4251	16.4433	1.032943	0.08624173	0.05953631	0.8089661	2.369701	0.5693061
12294	-97.51307	-263.9957	166.4826	6.979046	1.366731	0.146915	0.1116074	0.6740467	1.094868	1.425859
12300	-88.23323	-257.0825	168.8492	7.209325	0.4982652	0.06655375	0.01936558	0.6613226	0.1577699	1.024847
