Iteration	Posterior	Likelihood	Prior	gain_loss_neo	part_rate_trans	tree_length
0	-306.6911	-476.128	169.4369	1.132476	2.697639	1.137058
6	-305.1859	-475.6287	170.4429	0.5575439	2.233882	1.140165
12	-315.2406	-485.3671	170.1265	0.8172526	2.136884	1.294117
18	-318.2412	-488.5777	170.3365	0.5725427	2.098581	1.333688
24	-313.7578	-484.2545	170.4966	0.3414121	2.313669	1.095014
30	-310.2659	-481.1955	170.9296	0.9261119	1.457301	1.095014
36	-321.2559	-491.8989	170.643	0.5128631	2.19551	1.018448
42	-312.283	-483.3352	171.0523	0.5025705	1.922937	0.8807605
48	-311.994	-481.7777	169.7836	1.053755	2.686489	0.8807605
54	-310.4501	-480.2963	169.8462	1.053755	2.686489	0.8037588
60	-312.7552	-481.8493	169.0942	0.5771802	3.953556	0.7112099
66	-309.8534	-479.6564	169.8031	1.459028	2.049726	1.105257
72	-303.9609	-473.7927	169.8317	0.5112242	3.189551	0.8180313
78	-312.7245	-481.3572	168.6328	1.506428	3.520355	0.7151104
84	-318.0609	-488.3582	170.2973	0.6554637	2.387732	1.058841
90	-320.1961	-490.1248	169.9287	0.56296	2.880034	1.01305
96	-315.9912	-485.7924	169.8013	0.7119028	2.880034	1.01305
102	-314.6574	-485.2241	170.5667	0.6322111	2.25575	0.9415198
108	-314.513	-484.5233	170.0103	1.103368	2.422643	0.8664262
114	-316.1942	-486.1083	169.9141	0.8597614	2.422643	1.197933
120	-316.5978	-486.9017	170.3039	0.663442	2.257601	1.164726
126	-314.8426	-485.2031	170.3605	0.3685915	2.291546	1.236111
132	-309.867	-480.4538	170.5868	0.5253611	2.291546	0.9700193
138	-312.8307	-482.998	170.1673	1.237335	2.166758	0.8253905
144	-317.4229	-487.7498	170.3269	0.5186457	2.711323	0.7891792
150	-319.2623	-489.5632	170.3009	0.3020927	2.693888	0.8917903
156	-321.2882	-491.2322	169.944	0.4877233	2.737047	1.177444
162	-323.712	-494.1102	170.3982	0.432147	2.243821	1.233664
168	-319.1164	-489.1985	170.0821	0.9467747	2.243821	1.131629
174	-317.015	-487.2419	170.2269	0.933815	2.243821	1.007707
180	-314.9702	-484.4775	169.5073	0.6454397	3.279145	0.9673568
186	-315.1612	-485.23	170.0688	1.253857	1.737926	1.313119
192	-309.9142	-480.2949	170.3807	0.6055513	1.907702	1.428015
198	-301.4805	-472.46	170.9796	0.5354851	1.518786	1.304773
204	-321.2819	-492.0548	170.7729	0.5597561	1.518786	1.453139
210	-331.8638	-502.2725	170.4086	0.8420886	1.983693	1.164867
216	-317.7604	-487.9715	170.2111	1.018812	1.836299	1.306874
222	-313.1087	-484.089	170.9803	0.2839141	1.683227	1.197924
228	-302.9163	-473.2935	170.3772	0.5819721	2.231163	1.183768
234	-310.7672	-480.835	170.0679	1.23871	2.231163	0.8665453
240	-312.3302	-481.4222	169.092	1.691089	2.626781	1.029746
246	-306.5591	-476.1071	169.548	1.691089	2.060296	1.132621
252	-311.5358	-481.8085	170.2727	1.182386	2.070527	0.8796301
258	-306.9849	-476.6927	169.7078	0.7489835	3.094485	0.8436884
264	-304.8219	-475.2276	170.4057	0.6229046	2.493107	0.8648397
270	-313.3033	-483.8837	170.5804	0.5216514	1.917661	1.312666
276	-317.8007	-488.354	170.5533	0.571125	1.946701	1.282042
282	-325.4513	-495.3762	169.9249	1.151354	2.020908	1.282042
288	-309.186	-479.876	170.69	0.4181632	2.020908	1.178902
294	-318.8284	-489.7897	170.9614	0.4181632	1.81006	1.12545
300	-335.3221	-504.8949	169.5728	0.9067521	2.630123	1.271281
306	-322.7035	-493.2516	170.5481	0.5451136	1.997539	1.26039
312	-315.2996	-485.878	170.5783	0.463857	2.017793	1.26039
318	-311.6842	-481.8886	170.2044	0.4510797	2.501397	1.172427
324	-302.1261	-472.1717	170.0456	0.5654798	2.724608	1.048622
330	-309.5845	-480.3984	170.8139	0.6123315	2.061465	0.9020789
336	-317.0142	-486.4937	169.4795	0.7660081	3.394528	0.7214184
342	-300.5833	-470.8406	170.2572	0.4989172	2.772079	0.8176299
348	-302.0154	-471.0423	169.0269	1.170639	3.291388	0.9207748
354	-317.1983	-486.8004	169.6021	0.6667011	3.209418	0.9207748
360	-304.6903	-474.5458	169.8555	0.8356767	2.870414	0.8344349
366	-309.8573	-480.3758	170.5185	0.5406483	2.380648	0.9370124
372	-303.3368	-472.9295	169.5926	0.82338	2.965564	1.029168
378	-304.3258	-474.3416	170.0158	0.3418136	3.03947	0.8400156
384	-317.6671	-486.1832	168.5162	1.754355	3.302116	0.8637748
390	-318.7906	-487.5296	168.739	0.7717357	4.166891	0.6526268
396	-326.2589	-495.0386	168.7798	1.141717	3.752171	0.6672717
402	-314.1307	-483.1238	168.9931	0.719036	3.92501	0.7219562
408	-316.4881	-486.1787	169.6906	0.9715321	2.977576	0.7266847
414	-307.5649	-477.9631	170.3981	0.5805435	2.133566	1.249778
420	-323.7714	-493.9358	170.1644	0.8288575	1.742376	1.560285
426	-318.6559	-488.8692	170.2134	1.323337	1.603633	1.249234
432	-315.7264	-486.2875	170.5612	0.4934914	2.032086	1.249234
438	-305.9193	-476.7108	170.7915	0.6138455	1.859944	1.122834
444	-319.3949	-489.9057	170.5108	0.6128386	2.204017	1.065258
450	-322.7961	-493.4655	170.6694	0.2921508	2.262408	0.9528283
456	-319.3451	-489.7261	170.3811	0.7102851	2.262408	1.051179
462	-320.4975	-491.1858	170.6883	0.302842	2.004717	1.185097
468	-315.5075	-485.7385	170.231	1.06243	1.819513	1.2687
474	-309.5469	-480.2546	170.7076	0.4326658	1.774076	1.363913
480	-309.3482	-479.8532	170.505	0.665026	1.903017	1.292989
486	-308.8979	-479.5324	170.6345	0.4668801	2.024432	1.206237
492	-318.8866	-489.8146	170.928	0.6392569	1.606698	1.206237
498	-319.1036	-489.7072	170.6036	0.5303164	2.15184	1.086468
504	-321.363	-491.6157	170.2527	0.5350965	2.305727	1.255681
510	-309.3107	-479.8593	170.5485	0.4882035	2.040097	1.255681
516	-318.8606	-488.662	169.8014	0.9823705	2.716612	0.9073969
522	-331.9968	-501.0182	169.0215	1.86054	2.560494	1.016632
528	-321.5102	-492.1538	170.6436	0.7135435	1.890997	1.148268
534	-315.9546	-486.2695	170.3149	1.026647	1.896101	1.162714
540	-319.7903	-489.9262	170.1358	0.7143331	2.458755	1.093459
546	-310.9539	-481.6771	170.7233	0.6705247	1.815377	1.179152
552	-321.4467	-491.9544	170.5077	0.5972583	1.719401	1.479925
558	-311.0472	-481.8825	170.8353	0.5972583	1.567564	1.34379
564	-315.3192	-485.6445	170.3253	0.5101879	2.136287	1.347939
570	-326.1584	-496.6066	170.4482	0.4472825	2.160144	1.256707
576	-319.8929	-489.7508	169.8579	1.085427	2.160144	1.276565
582	-319.9738	-490.6838	170.7099	0.4388357	1.877903	1.276565
588	-326.2514	-496.697	170.4457	0.4040698	2.117148	1.306058
594	-320.2176	-488.3667	168.149	1.621898	3.799959	0.8503515
600	-309.2743	-479.419	170.1447	0.6454373	2.474849	1.127291
606	-305.5599	-475.8156	170.2557	0.4055854	2.532485	1.113458
612	-306.1042	-476.503	170.3988	0.846249	1.708023	1.396112
618	-322.0468	-492.7941	170.7472	0.6276952	1.627073	1.346354
624	-312.0537	-482.1966	170.1429	0.7375087	2.079863	1.387629
630	-311.0064	-481.478	170.4716	0.5713249	1.853366	1.420903
636	-313.5304	-483.7772	170.2467	0.9971223	1.704439	1.40042
642	-317.7874	-487.976	170.1886	0.9594418	1.749345	1.439689
648	-319.8339	-490.162	170.328	0.4812304	1.749345	1.649767
654	-319.6141	-490.0952	170.4811	0.5814169	1.31454	1.799838
660	-316.3141	-486.8838	170.5698	0.4771163	1.788048	1.44412
666	-310.1358	-480.1122	169.9764	1.00927	2.399088	1.027244
672	-310.8586	-481.3268	170.4682	0.4973041	2.114036	1.256496
678	-315.0995	-483.9394	168.8399	1.187548	3.512184	0.8632974
684	-329.1187	-498.5117	169.393	0.4696544	3.588602	0.8949917
690	-317.4592	-487.4353	169.9761	0.4696544	3.08836	0.7932318
696	-314.1521	-484.1973	170.0452	0.4287022	2.821336	1.033583
702	-316.6234	-486.1543	169.5309	0.9456691	2.960849	0.974589
708	-307.4831	-476.2807	168.7976	1.506943	3.375937	0.6780438
714	-311.4595	-480.7287	169.2692	1.743004	2.477276	0.9548556
720	-308.7677	-478.9583	170.1906	0.5810186	2.630201	0.9870325
726	-307.8067	-477.684	169.8773	0.5446837	2.630201	1.292013
732	-307.1447	-476.5745	169.4298	0.5604594	3.542832	0.8360023
738	-309.6404	-479.7886	170.1482	0.5412468	2.838444	0.8360023
744	-309.5468	-479.5384	169.9916	0.3757027	3.069375	0.8360023
750	-318.1731	-489.163	170.9899	0.6000614	1.520578	1.254442
756	-314.6171	-484.983	170.3659	0.7828892	1.97911	1.254442
762	-306.9161	-477.0243	170.1082	0.6918806	2.363003	1.220387
768	-313.0627	-482.8526	169.7899	1.892554	1.759157	1.021658
774	-310.0268	-480.2445	170.2177	0.6605247	2.242672	1.253221
780	-325.8397	-495.1681	169.3284	1.371005	2.893847	0.8021331
786	-309.4599	-478.8182	169.3584	0.8916057	3.32439	0.8190684
792	-323.5278	-493.0262	169.4984	0.7104142	3.359674	0.8190684
798	-311.3603	-481.0105	169.6502	0.8239561	3.073054	0.8517168
804	-327.3782	-497.1836	169.8054	0.8566007	2.805431	0.9426237
810	-318.5625	-488.2557	169.6932	0.8320049	2.945651	0.9384779
816	-299.759	-470.1205	170.3615	0.268953	2.629944	0.8611966
822	-307.2648	-477.5223	170.2575	0.3980315	2.782108	0.8586319
828	-313.156	-483.0495	169.8935	0.7010155	2.997856	0.786498
834	-306.2447	-476.0983	169.8536	0.4592151	3.040766	0.9933329
840	-321.6126	-491.2896	169.677	0.3274671	3.441218	0.7494875
846	-317.0092	-486.3376	169.3284	0.9623031	3.223861	0.8914037
852	-315.5749	-485.0764	169.5015	0.4100006	3.51082	0.887278
858	-324.2848	-493.0216	168.7368	1.283842	3.568061	0.8043527
864	-312.4513	-481.6753	169.224	1.075648	3.350091	0.7102398
870	-304.3294	-473.8909	169.5614	0.7243483	3.35963	0.708755
876	-310.6908	-480.3424	169.6515	1.179217	2.777435	0.77508
882	-319.0483	-487.9008	168.8525	0.7121039	4.104012	0.6644909
888	-322.3006	-491.7475	169.447	0.7038434	3.494766	0.7060134
894	-328.7369	-498.6817	169.9448	0.4903187	3.197013	0.6466194
900	-321.4399	-491.7057	170.2659	0.4996304	2.492472	1.102266
906	-309.1738	-479.6764	170.5025	0.7623174	2.037205	1.102266
912	-310.7604	-481.108	170.3476	0.5101697	2.401215	1.104881
918	-317.3006	-487.5695	170.269	0.7110641	1.734932	1.571726
924	-322.3033	-493.0142	170.7109	0.365381	2.253383	0.9465183
930	-319.8362	-489.898	170.0617	0.7490233	2.556233	1.040806
936	-311.1312	-481.258	170.1268	0.5732665	2.736321	0.9495155
942	-316.6933	-486.1468	169.4535	0.76263	3.273089	0.9162965
948	-318.7448	-488.995	170.2502	0.5335062	2.537176	1.054485
954	-315.16	-485.1339	169.974	0.4470244	2.916863	1.002533
960	-316.2135	-486.5459	170.3324	0.7195321	2.25956	1.091433
966	-310.0659	-480.3556	170.2897	0.7127639	2.25956	1.135914
972	-310.1878	-480.5207	170.3329	1.088722	1.724616	1.241136
978	-308.1144	-478.3141	170.1997	0.7808858	2.381071	1.047222
984	-319.4156	-489.5807	170.1651	0.6467651	2.479552	1.103526
990	-318.4909	-488.5279	170.037	0.4322966	2.89883	0.9628086
996	-318.4654	-488.3064	169.841	0.6114244	3.057584	0.8763427
1002	-324.1253	-494.8354	170.7102	0.5189783	2.16402	0.9787338
1008	-314.6416	-484.5082	169.8666	0.6602714	2.831804	1.041988
1014	-322.1337	-492.3213	170.1876	0.3753196	2.561149	1.152822
1020	-308.7068	-478.7655	170.0587	0.8654453	2.018125	1.404717
1026	-312.4599	-482.6462	170.1863	0.8654453	2.047428	1.279646
1032	-319.7256	-489.4095	169.6839	1.507869	2.048885	1.171372
1038	-334.6839	-505.2214	170.5375	0.5742673	1.929795	1.306723
1044	-322.1411	-492.2892	170.1482	1.006297	2.058342	1.18438
1050	-316.4817	-486.6876	170.2059	0.7433672	2.156131	1.27156
1056	-318.0574	-487.1189	169.0615	1.58092	2.436137	1.311451
1062	-310.9479	-481.7631	170.8151	0.4988551	1.993955	1.055409
1068	-309.1456	-479.7754	170.6298	0.290545	1.897057	1.316185
1074	-314.0461	-484.7193	170.6733	0.4763795	1.897057	1.276293
1080	-319.8176	-490.2125	170.3949	0.4763795	2.339278	1.136213
1086	-322.596	-492.9538	170.3578	0.4540303	2.301306	1.21149
1092	-313.2743	-483.6631	170.3889	0.5963769	1.886494	1.443762
1098	-308.4304	-478.7534	170.323	0.4629395	1.65855	1.72473
1104	-303.6	-474.1083	170.5083	0.7277574	1.839402	1.295339
1110	-301.444	-471.9743	170.5302	0.7419956	1.41357	1.594486
1116	-297.7113	-468.2854	170.5741	0.7419956	1.514856	1.487013
1122	-320.7442	-490.3129	169.5688	1.122376	2.293852	1.371885
1128	-310.2586	-480.807	170.5485	0.7466154	2.293852	0.7951314
1134	-316.2761	-486.8244	170.5483	0.4164599	2.524319	0.8116572
1140	-319.162	-489.3349	170.1729	0.6684404	2.524319	1.036215
1146	-311.4074	-481.8752	170.4678	0.5209418	2.484097	0.8938762
1152	-328.2344	-498.1893	169.9549	0.3174588	2.969962	0.9763719
1158	-316.6278	-486.9471	170.3193	0.6179596	2.506971	0.950281
1164	-309.3723	-478.9891	169.6168	0.5996927	3.290566	0.8773451
1170	-310.9982	-481.3704	170.3722	0.4448199	2.441718	1.07752
1176	-308.5552	-478.5766	170.0214	0.4621851	2.926925	0.9358293
1182	-317.7989	-488.7556	170.9567	0.4689327	1.988201	0.9358293
1188	-328.3892	-499.0524	170.6632	0.5126085	2.054682	1.131452
1194	-316.7973	-487.6951	170.8978	0.4580096	2.056165	0.9318927
1200	-313.8592	-484.8947	171.0355	0.3487607	1.421558	1.392479
1206	-305.3507	-475.6743	170.3236	0.6469245	1.752281	1.561366
1212	-304.9159	-475.847	170.9311	0.6469245	1.752281	1.067484
1218	-303.3092	-473.1941	169.8849	1.122291	2.449955	0.9543938
1224	-310.0009	-480.1658	170.1649	0.8803275	2.449955	0.9127357
1230	-313.2576	-483.5722	170.3146	0.3790782	2.549247	1.04697
1236	-310.7933	-480.7091	169.9158	0.8720512	2.46759	1.146708
1242	-307.4065	-477.4127	170.0063	0.9389127	2.583962	0.874583
1248	-316.2982	-485.1163	168.8182	1.331237	3.50549	0.7085787
1254	-299.6265	-469.3284	169.7019	1.319009	2.618501	0.7331427
1260	-302.2512	-472.6024	170.3512	0.4467116	2.618501	0.9204572
1266	-317.8051	-488.0267	170.2217	0.3246343	2.854268	0.8072001
1272	-317.1939	-487.0464	169.8525	0.7531751	2.867339	0.9334647
1278	-317.7796	-487.362	169.5824	0.4310401	3.563014	0.69596
1284	-305.708	-475.6904	169.9824	0.5800876	2.980602	0.8291143
1290	-306.6067	-476.2784	169.6717	0.7824357	2.980602	0.9749546
1296	-307.2807	-476.9992	169.7185	0.4580718	3.378219	0.7558579
1302	-309.1438	-477.8434	168.6996	1.619461	3.319372	0.7609234
1308	-313.1525	-481.0583	167.9058	0.3710899	5.313289	0.4943546
1314	-314.5194	-480.6262	166.1068	1.411746	6.183422	0.619375
1320	-314.7452	-483.3015	168.5563	0.3179663	4.652139	0.4928272
1326	-309.1558	-478.1156	168.9598	0.3203357	4.242791	0.561854
1332	-306.9287	-476.0398	169.1112	0.7209306	3.855046	0.6245149
1338	-303.265	-473.0152	169.7502	1.163003	2.546346	0.9522504
1344	-311.7178	-482.0258	170.3079	0.348669	2.593523	1.009412
1350	-315.0089	-485.1005	170.0917	0.4396789	2.949379	0.8412958
1356	-307.3416	-476.5664	169.2249	0.5925827	3.847476	0.6401581
1362	-319.4991	-488.4436	168.9446	1.23205	3.390907	0.83011
1368	-310.2523	-479.7814	169.5291	0.6514312	3.390907	0.807907
1374	-309.8641	-480.4406	170.5765	0.5619881	2.052119	1.179529
1380	-321.5224	-491.4313	169.9089	1.260942	2.050747	1.179529
1386	-322.9892	-493.8796	170.8904	0.4647401	1.569824	1.36969
1392	-336.5541	-506.4349	169.8808	1.055062	2.581655	0.8881276
1398	-319.6169	-489.3948	169.7779	1.054627	2.412106	1.156633
1404	-317.8389	-488.4573	170.6184	0.6528145	2.117969	1.011403
1410	-322.4463	-493.0251	170.5788	1.094304	1.53627	1.187467
1416	-316.7156	-487.0598	170.3442	0.4498725	2.234987	1.279846
1422	-308.5142	-478.5772	170.063	0.98016	1.708171	1.549472
1428	-322.7875	-493.147	170.3595	0.8149465	1.740274	1.42531
1434	-334.4308	-504.8905	170.4598	0.3747771	1.944806	1.434059
1440	-329.5432	-499.6044	170.0611	0.9750654	2.219251	1.147032
1446	-322.2478	-492.1818	169.9341	1.110405	2.219251	1.139846
1452	-313.3283	-483.4304	170.1021	0.5409212	2.867559	0.857082
1458	-317.0855	-487.2505	170.1649	0.3399104	2.657163	1.083815
1464	-315.6369	-485.5916	169.9547	0.9803251	1.834253	1.53618
1470	-311.9251	-482.6317	170.7066	0.5173933	2.178527	0.9685844
1476	-321.6594	-491.4509	169.7915	0.8764691	2.613762	1.123229
1482	-311.5848	-481.9367	170.3519	0.3767416	2.613762	0.944799
1488	-311.6778	-482.1797	170.5019	0.5017606	2.279186	1.080085
1494	-324.892	-495.2209	170.3289	0.2972281	2.303139	1.233865
1500	-337.4384	-507.6449	170.2065	0.2832539	1.904131	1.627202
1506	-333.737	-504.6537	170.9167	0.472895	1.774647	1.175623
1512	-333.3046	-504.0602	170.7556	0.5543502	1.872105	1.185273
1518	-330.4376	-498.8321	168.3945	2.043027	3.076151	0.9716558
1524	-321.985	-490.0343	168.0493	1.59077	4.04946	0.6722794
1530	-314.8103	-484.3081	169.4977	0.7349138	3.320112	0.8408898
1536	-315.6566	-484.9434	169.2868	1.242049	3.057153	0.8065683
1542	-304.8263	-474.4632	169.6369	0.8658831	2.946075	0.9622432
1548	-316.1979	-486.5405	170.3426	0.960704	2.048808	1.058563
1554	-320.726	-489.6534	168.9274	1.319343	3.305919	0.8511714
1560	-304.7601	-475.1262	170.366	0.4529746	2.626156	0.8922431
1566	-308.4135	-478.9033	170.4897	0.313531	2.323412	1.083159
1572	-307.8863	-478.2977	170.4114	0.577361	1.995935	1.352829
1578	-298.3713	-469.2661	170.8948	0.6522485	1.517539	1.298685
1584	-310.7139	-481.0474	170.3335	0.7616526	1.826571	1.418543
1590	-307.8988	-477.7119	169.8131	0.6271336	1.795936	1.90196
1596	-302.2601	-472.9976	170.7374	0.6647881	1.110224	1.71431
1602	-304.6052	-475.4256	170.8204	0.6647881	1.303851	1.513808
1608	-306.9336	-477.6672	170.7337	0.5595864	1.360998	1.599782
1614	-298.8984	-469.332	170.4336	0.5595864	2.1486	1.22083
1620	-321.7703	-492.439	170.6687	0.4346888	1.782615	1.387178
1626	-328.6709	-499.0491	170.3782	0.4688169	2.023201	1.414
1632	-312.7276	-483.5156	170.788	0.6481209	1.482405	1.414
1638	-318.2721	-488.5743	170.3021	0.8652567	1.743235	1.429155
1644	-311.0065	-481.8178	170.8113	0.3945473	1.758282	1.302141
1650	-313.3812	-484.1184	170.7372	0.5797783	1.922305	1.140322
1656	-315.8361	-486.4237	170.5876	0.5797783	1.922305	1.268331
1662	-319.6104	-489.9181	170.3077	1.157502	1.349739	1.502549
1668	-336.7233	-507.1399	170.4166	0.7343038	2.101178	1.14602
1674	-319.3664	-489.8348	170.4684	0.6474638	2.128383	1.14602
1680	-324.9086	-495.2697	170.3611	0.8385808	2.042709	1.157783
1686	-323.9999	-495.0232	171.0232	0.4076962	1.628101	1.2323
1692	-312.2525	-482.8483	170.5958	0.6775287	1.954285	1.163687
1698	-316.4067	-486.5498	170.1431	0.9111698	2.095182	1.238205
1704	-315.2019	-485.874	170.6721	0.5213839	2.11278	1.064665
1710	-314.2654	-484.5277	170.2624	0.8766787	2.245439	1.027119
1716	-311.0992	-481.017	169.9179	0.4066827	3.183923	0.7758717
1722	-310.4334	-479.8313	169.3979	0.4066827	3.720975	0.7511692
1728	-303.0537	-472.2008	169.1471	1.051757	3.476084	0.6638762
1734	-307.2301	-477.0615	169.8314	1.045826	2.72126	0.7875421
1740	-312.9105	-483.3806	170.4701	0.8152605	2.037567	1.084678
1746	-323.6168	-494.4025	170.7857	0.4868296	1.999279	1.084678
1752	-319.4757	-489.8465	170.3708	0.7072486	2.140202	1.174146
1758	-335.0304	-504.8226	169.7921	0.4732806	3.030057	1.056879
1764	-308.5418	-477.955	169.4131	0.5847624	3.600702	0.7551181
1770	-320.5383	-489.7537	169.2155	0.5079299	3.901059	0.676443
1776	-327.8167	-498.27	170.4533	0.5079299	2.540499	0.8548038
1782	-331.3491	-501.5719	170.2227	0.5051066	2.867559	0.7253543
1788	-324.8954	-494.8156	169.9202	0.809481	2.777641	0.8979134
1794	-321.2844	-490.653	169.3686	0.9799888	3.048647	1.015009
1800	-319.015	-488.9876	169.9726	1.053241	2.413065	0.973086
1806	-323.4551	-494.4667	171.0116	0.7334776	1.548814	1.10836
1812	-324.4473	-494.8497	170.4024	0.7768742	1.548814	1.564704
1818	-319.1015	-488.1841	169.0826	1.360279	2.292993	1.564704
1824	-310.2779	-480.6651	170.3872	0.8509603	2.297865	0.8657674
1830	-312.2514	-482.6016	170.3502	0.6346014	2.521822	0.8844665
1836	-309.4828	-480.2203	170.7375	0.5260361	2.219235	0.8844665
1842	-307.184	-476.6267	169.4427	0.6838669	3.399474	0.8684687
1848	-305.1445	-475.4808	170.3363	0.6977846	2.233326	1.130023
1854	-308.5307	-478.6226	170.0919	1.044613	2.407975	0.8564752
1860	-305.0048	-474.571	169.5662	0.8970105	3.037099	0.9072307
1866	-309.5172	-479.3897	169.8724	0.4512746	3.147442	0.8609076
1872	-312.0913	-482.5551	170.4638	0.9677185	1.525528	1.393568
1878	-312.8015	-483.5113	170.7098	0.536037	1.455335	1.560765
1884	-313.6755	-484.4387	170.7632	0.4628254	1.455335	1.554214
1890	-311.3362	-482.0612	170.725	0.4285579	1.508187	1.554214
1896	-319.7164	-490.3324	170.6161	0.6574161	1.46028	1.554214
1902	-317.3476	-488.1767	170.8292	0.5113466	2.033104	0.9958377
1908	-320.9623	-491.5201	170.5578	0.4358451	2.129438	1.194011
1914	-308.7894	-478.9347	170.1453	0.5935108	2.802832	0.8343586
1920	-313.1406	-482.7637	169.6231	1.192005	2.487926	1.10513
1926	-315.8517	-486.0365	170.1847	1.120896	2.147257	0.9588322
1932	-325.9389	-496.3447	170.4059	0.5258988	2.147257	1.265353
1938	-311.3529	-481.3194	169.9665	1.111325	2.147257	1.173883
1944	-314.7521	-485.4332	170.681	0.6856862	1.825399	1.195178
1950	-323.1812	-493.8346	170.6534	0.6684525	1.738243	1.303876
1956	-315.3761	-485.6507	170.2745	0.7398155	2.156314	1.216851
1962	-316.412	-487.1172	170.7052	0.6131971	1.756952	1.285353
1968	-308.9347	-478.7428	169.8082	0.6131971	3.026468	0.9456602
1974	-315.7296	-484.0836	168.3541	0.9007666	4.4356	0.6292536
1980	-312.9415	-481.5919	168.6505	1.207848	3.833472	0.6292536
1986	-322.9031	-492.5899	169.6867	1.105889	2.895596	0.6354032
1992	-319.5699	-487.4983	167.9284	1.105889	4.682124	0.5394382
1998	-317.3591	-485.5728	168.2137	1.288894	4.044008	0.8573479
2004	-310.5637	-480.0455	169.4818	1.094592	3.097419	0.6663658
2010	-309.7033	-479.554	169.8507	0.2688238	3.272316	0.6693257
2016	-312.3521	-482.5109	170.1588	0.2688238	2.744702	0.9587568
2022	-306.0769	-475.6529	169.576	0.7040886	3.324224	0.7700221
2028	-315.713	-486.0322	170.3191	0.2413446	2.622368	0.8732004
2034	-313.8806	-483.6402	169.7597	0.7758499	2.922906	0.9500609
2040	-311.4765	-482.2013	170.7248	0.609083	2.312163	0.6849205
2046	-307.1054	-476.5157	169.4104	1.512246	2.58478	0.9141553
2052	-305.0088	-476.1228	171.114	0.3174275	1.648896	1.130678
2058	-319.092	-489.4791	170.3872	0.4471418	2.475686	1.030025
2064	-317.3892	-487.0371	169.6479	1.466172	2.278114	1.030025
2070	-316.9941	-487.7457	170.7516	0.5384978	2.040375	1.046713
2076	-322.366	-492.1664	169.8004	0.8239076	2.66637	1.114434
2082	-312.1786	-482.7716	170.593	0.5448018	2.09011	1.142799
2088	-319.381	-489.9615	170.5806	0.5448018	2.222489	1.031701
2094	-324.0645	-494.3707	170.3062	0.6977651	2.417222	0.9838878
2100	-311.5956	-481.6317	170.036	0.7950378	2.625934	0.9522745
2106	-319.8481	-489.9781	170.13	0.4764039	2.715325	1.03305
2112	-322.2248	-492.5711	170.3463	0.7844845	2.015195	1.239323
2118	-319.8186	-490.0527	170.2341	1.198737	1.739894	1.219608
2124	-316.5172	-487.0743	170.5571	0.5579875	2.027766	1.219608
2130	-304.7901	-474.9068	170.1167	1.035701	2.146957	1.107547
2136	-327.1604	-496.7366	169.5762	1.271481	2.662883	0.8987209
2142	-321.3494	-489.2365	167.8871	1.804658	3.860435	0.8941591
2148	-314.4676	-484.8813	170.4137	0.4699118	2.703066	0.7152209
2154	-326.714	-496.3234	169.6094	1.116477	2.402714	1.255945
2160	-329.0532	-500.0492	170.9961	0.6226782	1.522742	1.23174
2166	-326.6582	-496.9518	170.2936	0.746451	1.75379	1.515032
2172	-315.0903	-485.338	170.2477	0.7583302	1.617705	1.639979
2178	-319.5732	-489.6909	170.1177	0.8771343	2.0261	1.342963
2184	-322.955	-493.6222	170.6672	0.9421444	1.416988	1.33893
2190	-316.8417	-487.4976	170.656	0.4210537	2.251021	0.9962327
2196	-315.5853	-485.6963	170.111	0.4210537	2.785285	1.006926
2202	-306.5541	-476.8949	170.3408	0.8055669	2.013123	1.228555
2208	-321.8083	-491.7362	169.9279	1.048425	2.154989	1.253465
2214	-306.9096	-477.5092	170.5996	0.8563411	1.705702	1.227543
2220	-311.4656	-481.1698	169.7042	0.8563411	2.856399	0.9947516
2226	-309.3002	-479.9582	170.658	0.7105544	2.042923	0.9947516
2232	-313.9144	-483.8406	169.9262	0.5462943	2.948708	0.9583513
2238	-306.8239	-477.6378	170.8139	0.2605631	1.95522	1.080635
2244	-302.5717	-472.8307	170.259	0.5346591	2.276679	1.274809
2250	-310.4225	-480.7089	170.2864	0.7028943	2.311683	1.10001
2256	-305.5202	-475.8563	170.3361	0.2955877	2.603232	0.9476329
2262	-318.1146	-487.9468	169.8322	0.8665305	2.364282	1.309134
2268	-314.9166	-484.5699	169.6533	0.3969411	3.29751	0.9576954
2274	-310.9824	-479.6301	168.6477	0.3879759	4.534095	0.6462864
2280	-313.0754	-482.6093	169.5339	0.8535844	3.2742	0.6881089
2286	-312.3601	-481.5999	169.2398	0.3957844	3.915442	0.695982
2292	-303.6564	-473.5935	169.937	0.7498815	2.902336	0.7949576
2298	-300.3517	-470.3274	169.9757	0.4291613	3.030111	0.8878148
2304	-303.2829	-472.9114	169.6285	0.464141	3.48113	0.7314968
2310	-310.8905	-479.8922	169.0017	1.558922	3.104089	0.7126059
2316	-312.0707	-482.6632	170.5925	0.2862572	2.425787	0.8500612
2322	-309.5016	-480.0437	170.5421	0.7047831	2.144615	1.014163
2328	-314.7702	-484.6057	169.8355	0.8758306	2.929326	0.7246097
2334	-310.49	-480.6507	170.1607	0.5776261	2.66065	0.9891748
2340	-305.2031	-475.478	170.2749	0.606366	2.421123	1.087783
2346	-314.3753	-484.961	170.5858	0.7143142	1.89824	1.191821
2352	-321.6678	-491.803	170.1351	0.344041	2.514901	1.235961
2358	-324.4094	-494.1789	169.7695	0.7261308	3.000782	0.9061717
2364	-321.3649	-491.6318	170.267	0.9204052	2.226866	0.9980176
2370	-312.8703	-482.8406	169.9703	1.019516	2.359715	1.061055
2376	-317.517	-487.7987	170.2818	0.4858068	2.258645	1.296439
2382	-317.304	-487.8838	170.5798	0.3170022	2.258645	1.061006
2388	-312.9672	-483.6907	170.7235	0.714159	1.804439	1.153673
2394	-310.6159	-480.9176	170.3017	0.75852	1.981994	1.323563
2400	-310.1765	-480.5451	170.3685	1.153669	1.981994	0.9037013
2406	-319.7124	-489.2984	169.586	1.136311	2.507459	1.169976
2412	-319.4808	-489.6157	170.135	1.136311	2.037402	1.099386
2418	-323.21	-493.0347	169.8247	0.8387363	2.644056	1.099386
2424	-309.1463	-479.9631	170.8168	0.3906013	1.963548	1.123181
2430	-327.7347	-498.2728	170.5381	0.8267297	1.963548	1.079805
2436	-319.5005	-490.1525	170.652	0.6614028	2.050176	1.037457
2442	-324.703	-493.8705	169.1675	1.427129	2.787788	1.037457
2448	-324.4883	-493.8527	169.3644	1.238838	2.787788	1.022801
2454	-323.6768	-493.6189	169.942	0.5339569	2.912731	0.9881195
2460	-334.4713	-504.3532	169.882	0.4963786	3.144396	0.8233694
2466	-326.1669	-496.9467	170.7797	0.3426256	2.28898	0.8233694
2472	-330.1753	-500.9747	170.7995	0.5039366	1.976942	1.083145
2478	-319.3223	-490.0136	170.6914	0.4022969	2.044288	1.160979
2484	-320.4228	-490.5113	170.0885	0.8760477	2.030002	1.363904
2490	-315.1514	-485.5109	170.3595	0.8082889	2.014262	1.209461
2496	-318.3923	-488.6759	170.2836	0.4471188	2.380933	1.209461
2502	-314.6843	-484.218	169.5336	0.9966299	2.653338	1.209461
2508	-305.6748	-474.8547	169.18	1.34503	3.096318	0.7618744
2514	-313.7093	-484.2633	170.554	0.6091209	2.032131	1.18398
2520	-316.1504	-486.103	169.9526	0.3104546	2.866102	1.076418
2526	-308.6541	-478.7213	170.0672	0.5933317	2.485317	1.223729
2532	-304.2789	-475.1359	170.8569	0.4735426	2.045109	0.9781969
2538	-310.1944	-480.7584	170.564	0.6000157	1.916239	1.279431
2544	-304.4091	-475.1976	170.7885	0.4554834	2.091567	1.009386
2550	-306.8969	-477.6838	170.7869	0.431719	2.05582	1.055317
2556	-315.7891	-486.7673	170.9782	0.6358985	1.727559	1.055317
2562	-315.3723	-486.4163	171.044	0.3445057	1.809412	1.055317
2568	-315.9792	-486.4387	170.4595	0.5127859	2.28102	1.110983
2574	-317.5918	-488.5741	170.9822	0.5127859	1.511251	1.321081
2580	-307.8132	-478.1927	170.3796	0.3726077	2.19559	1.299564
2586	-308.1243	-478.676	170.5517	0.4863601	1.996739	1.28964
2592	-305.3055	-475.9221	170.6166	0.5839943	1.996739	1.178002
2598	-307.6066	-478.2473	170.6407	0.7440726	1.578317	1.385742
2604	-322.699	-492.8777	170.1787	0.3538514	2.54552	1.173839
2610	-319.0079	-489.1202	170.1122	0.7571408	2.4928	1.045807
2616	-310.1434	-481.1393	170.9959	0.3469686	1.830794	1.080865
2622	-307.3856	-477.6143	170.2287	1.151001	2.101479	0.9290219
2628	-303.7145	-474.1682	170.4537	0.4990836	2.402892	1.009192
2634	-324.6019	-494.6157	170.0137	0.4010105	2.862029	1.032356
2640	-310.8247	-480.797	169.9722	1.099976	2.018381	1.287183
2646	-302.0409	-472.0817	170.0408	0.4305366	2.594227	1.240066
2652	-305.7144	-476.0464	170.332	0.6510484	2.594227	0.8000515
2658	-308.563	-478.1953	169.6323	0.9030413	2.856661	1.019943
2664	-309.1452	-479.2519	170.1067	1.391027	2.044989	0.8662796
2670	-308.0986	-478.245	170.1464	0.7711699	2.481476	1.010549
2676	-305.5163	-476.1195	170.6033	0.3414436	2.295701	1.010549
2682	-307.1731	-476.8198	169.6467	1.360789	2.615471	0.7603371
2688	-316.1708	-484.9883	168.8174	1.110993	3.689462	0.7603371
2694	-309.5616	-480.4276	170.866	0.5888893	1.62838	1.275156
2700	-317.3824	-488.0154	170.633	0.3444452	2.234553	1.04173
2706	-308.9003	-478.4954	169.5951	1.257834	2.665726	0.8892172
2712	-322.6663	-492.4722	169.8059	1.115614	2.495069	0.9959808
2718	-321.2503	-490.879	169.6287	0.7667159	3.018259	0.9957358
2724	-322.0588	-492.5409	170.4821	0.4776174	2.427523	0.9680884
2730	-322.9559	-492.9717	170.0157	0.4776174	2.887172	0.9750614
2736	-323.1801	-493.3341	170.1539	0.472011	2.887172	0.8222131
2742	-323.9123	-494.936	171.0237	0.5985218	1.966776	0.7728858
2748	-316.9146	-486.3292	169.4146	1.08077	3.054043	0.8505826
2754	-324.3923	-493.6803	169.2881	1.348644	2.612057	1.157199
2760	-309.4175	-480.0521	170.6346	0.2734176	2.193313	1.039678
2766	-312.666	-483.089	170.423	1.080644	1.664028	1.22301
2772	-315.4422	-486.204	170.7618	0.561119	2.133932	0.9245125
2778	-306.5539	-476.6144	170.0606	0.8923482	2.462354	0.9968463
2784	-302.8122	-472.9532	170.141	0.7724124	2.613248	0.8744136
2790	-323.2896	-493.0401	169.7505	0.8569821	3.028456	0.731776
2796	-321.358	-490.8933	169.5353	0.7362497	3.028456	1.10295
2802	-325.8369	-495.7462	169.9092	0.7701487	2.267799	1.399096
2808	-316.411	-486.8604	170.4494	0.7701487	2.030798	1.1491
2814	-332.8187	-502.6473	169.8286	0.9760784	2.415192	1.178248
2820	-334.3563	-503.9967	169.6404	0.2850562	3.32787	0.9068907
2826	-318.5255	-489.2239	170.6984	0.4972194	1.949833	1.20088
2832	-308.5366	-479.1887	170.6521	0.9200728	1.568459	1.245647
2838	-308.2001	-479.1961	170.996	0.4365715	1.898096	1.003581
2844	-310.8847	-481.6181	170.7334	0.7278254	1.790005	1.146359
2850	-313.45	-484.3785	170.9285	0.5213385	1.781146	1.133665
2856	-314.285	-484.8283	170.5433	0.6754519	2.04258	1.133665
2862	-309.3315	-479.1122	169.7807	1.434205	2.226597	0.9792398
2868	-316.9964	-487.1538	170.1574	0.5515865	2.656131	1.016605
2874	-305.163	-475.1334	169.9703	0.8144649	2.545018	1.078249
2880	-306.239	-476.0979	169.8589	1.314599	2.16134	1.078249
2886	-308.6826	-479.6375	170.9549	0.6206414	1.525958	1.264854
2892	-311.0862	-481.1185	170.0323	0.7494151	2.655399	0.9710442
2898	-305.7269	-474.6736	168.9467	1.227678	3.329011	0.9057079
2904	-304.7062	-475.5243	170.8181	0.3112121	2.165424	0.9106148
2910	-307.7836	-478.008	170.2243	0.620853	2.207341	1.30494
2916	-326.6934	-497.6932	170.9998	0.8081102	1.596289	1.006622
2922	-330.58	-500.2217	169.6416	0.9061524	2.809009	1.053987
2928	-302.3956	-472.4935	170.0979	0.68792	2.488292	1.123237
2934	-308.7635	-479.7044	170.941	0.4795451	1.805999	1.123237
2940	-302.7456	-472.9947	170.2491	0.7930092	2.358436	1.009751
2946	-302.8871	-473.0895	170.2024	0.5404595	2.552673	1.080272
2952	-304.5486	-475.0541	170.5055	0.5105676	2.404843	0.9468447
2958	-316.4896	-486.249	169.7594	0.5535102	3.136937	0.9300066
2964	-309.986	-480.0356	170.0495	0.619215	2.503944	1.204805
2970	-316.5057	-486.9424	170.4367	1.003141	1.578769	1.345101
2976	-306.1644	-475.6872	169.5228	0.7771085	3.211178	0.8925286
2982	-315.9024	-485.9652	170.0628	0.4393646	2.941464	0.8851128
2988	-308.0473	-477.5086	169.4612	1.284129	2.942559	0.6420534
2994	-309.5221	-479.3306	169.8085	0.4311965	3.341455	0.6876846
3000	-316.0932	-485.7689	169.6757	0.5896571	3.375532	0.6876846
3006	-321.4903	-491.1547	169.6644	0.7141886	3.274228	0.6946583
3012	-314.3139	-483.0427	168.7288	0.7141886	4.212859	0.6892332
3018	-322.0981	-491.3068	169.2087	0.4057443	3.978551	0.6257454
3024	-336.3892	-503.558	167.1688	2.332086	4.231817	0.777149
3030	-327.9103	-495.0013	167.0909	3.297663	3.709276	0.5880542
3036	-316.8318	-485.8858	169.054	1.786645	2.663288	0.9446889
3042	-318.2709	-488.6375	170.3667	0.36208	2.673879	0.8610083
3048	-314.706	-485.4207	170.7147	0.4547011	2.207609	0.9670194
3054	-318.5834	-488.9719	170.3885	0.6760983	2.368867	0.9692727
3060	-323.8717	-493.7499	169.8782	0.6060336	3.062296	0.8312179
3066	-327.3736	-496.9508	169.5772	0.8849105	2.76065	1.175488
3072	-320.158	-489.8631	169.7051	0.8849105	2.822856	0.9992208
3078	-311.5781	-481.6329	170.0548	0.4999063	2.822856	0.9875991
3084	-318.0378	-487.5773	169.5395	0.6735353	3.203195	0.9866379
3090	-320.4417	-490.1091	169.6674	0.5282974	3.203195	0.9759956
3096	-315.1014	-484.5835	169.4821	0.5214391	3.314814	1.053249
3102	-300.0974	-470.2047	170.1073	0.7503677	2.672294	0.8693899
3108	-306.6497	-477.1286	170.4788	0.6021001	2.465903	0.8298841
3114	-303.4508	-474.1871	170.7363	0.4582885	2.063071	1.085379
3120	-306.8505	-477.9957	171.1453	0.3974949	1.224421	1.458556
3126	-310.3832	-480.6757	170.2925	0.5875297	1.970553	1.458556
3132	-311.3545	-482.1799	170.8254	0.6945775	1.606429	1.251426
3138	-310.7537	-480.9296	170.176	0.5685554	2.823923	0.7926852
3144	-306.3476	-476.7086	170.361	0.5685554	2.480232	0.9760422
3150	-302.7439	-472.9154	170.1715	0.724373	2.579002	0.9297206
3156	-309.4557	-479.6707	170.215	0.9122664	2.214395	1.068302
3162	-312.0328	-482.7	170.6671	0.5426799	1.865129	1.272934
3168	-303.8247	-474.8634	171.0388	0.5153334	1.535607	1.25359
3174	-309.6639	-479.8608	170.1969	0.4240406	2.434324	1.245126
3180	-316.0547	-486.4858	170.4311	0.6522598	2.421393	0.889261
3186	-319.2612	-489.4636	170.2024	0.8534301	1.936195	1.365691
3192	-327.285	-497.4288	170.1438	0.7646445	2.447551	1.052019
3198	-328.9598	-499.5301	170.5703	0.6089288	1.985492	1.210179
3204	-333.35	-504.0632	170.7132	0.3863491	1.985492	1.195547
3210	-328.2784	-499.0596	170.7812	0.3863491	2.105639	1.024024
3216	-318.5535	-489.2312	170.6777	0.5889531	1.72796	1.346847
3222	-316.6639	-487.2143	170.5504	0.8299257	1.635106	1.346847
3228	-316.7809	-487.0791	170.2982	0.9912557	2.285028	0.8192775
3234	-305.8032	-475.5082	169.705	1.217087	2.295648	1.181281
3240	-315.9039	-485.8496	169.9458	0.7428401	2.788246	0.9287716
3246	-324.3802	-494.5684	170.1882	0.3572011	2.788246	0.9331267
3252	-320.9163	-491.485	170.5687	0.522435	1.572925	1.584863
3258	-312.9483	-483.6493	170.701	0.5901715	1.714786	1.338002
3264	-316.0365	-485.6843	169.6479	1.173452	2.435301	1.146646
3270	-308.5176	-479.7327	171.2151	0.3568647	1.355077	1.303341
3276	-308.9532	-479.244	170.2908	0.4991107	2.315714	1.23529
3282	-312.4611	-483.2473	170.7862	0.3950502	1.902188	1.203209
3288	-308.4644	-478.3521	169.8877	0.709681	2.823628	0.9850741
3294	-312.3238	-482.3294	170.0056	0.5210423	2.898299	0.9463382
3300	-311.1704	-481.3531	170.1827	0.5210423	2.630216	1.038166
3306	-320.3338	-490.2755	169.9418	0.6284681	2.994437	0.8126417
3312	-307.7265	-477.8201	170.0936	0.9476169	2.308564	1.060725
3318	-323.564	-493.4463	169.8823	0.868579	2.498361	1.152112
3324	-314.1583	-484.4174	170.2591	0.681784	2.524844	0.9359747
3330	-311.3011	-481.2882	169.9871	0.7181733	2.894109	0.7785065
3336	-305.7517	-475.3905	169.6387	0.5121694	3.34164	0.867608
3342	-325.6826	-495.3246	169.642	0.5069799	3.34164	0.867608
3348	-322.8591	-492.4257	169.5666	0.3181656	3.423737	0.9068266
3354	-330.3499	-499.3657	169.0158	0.4256905	4.058928	0.8050756
3360	-310.4455	-480.0525	169.607	1.007463	2.970905	0.8050756
3366	-309.5195	-478.6649	169.1454	1.580612	2.970905	0.6556737
3372	-308.0511	-478.7838	170.7327	0.5811506	2.094015	0.980899
3378	-305.3484	-475.3457	169.9974	0.658283	2.85853	0.8792275
3384	-312.0236	-482.5987	170.5751	0.431215	2.489695	0.8154196
3390	-320.0192	-490.5742	170.555	0.6005401	2.205829	1.030964
3396	-316.4747	-487.2517	170.7771	0.4409689	1.734205	1.337858
3402	-317.1455	-487.3811	170.2356	0.4409689	2.609987	1.049194
3408	-327.8951	-498.2409	170.3458	0.8584289	1.980897	1.207658
3414	-323.2774	-494.1233	170.846	0.5345044	1.828286	1.157109
3420	-324.5158	-494.5687	170.0529	0.7152576	2.519749	1.112734
3426	-309.775	-479.4726	169.6976	0.7152576	3.123123	0.8596931
3432	-308.564	-478.426	169.862	0.5638301	3.031321	0.9248813
3438	-312.5344	-483.1274	170.593	0.5699365	2.294312	0.9264093
3444	-320.962	-490.8449	169.8829	0.5799643	2.941428	0.9842653
3450	-313.2579	-484.0139	170.756	0.6390272	1.755363	1.226255
3456	-314.9031	-484.5418	169.6387	0.8125915	2.924821	1.03421
3462	-312.7874	-482.9031	170.1157	0.3698915	2.924821	0.8611516
3468	-319.8037	-489.9349	170.1312	0.3939776	2.834001	0.9431421
3474	-314.6667	-485.2512	170.5846	0.3721576	2.293398	1.033734
3480	-313.756	-484.2346	170.4786	0.6105974	2.293398	1.011903
3486	-298.7195	-468.8493	170.1298	0.5346328	2.489641	1.20457
3492	-302.1705	-472.4304	170.26	0.9113108	1.938722	1.271008
3498	-309.4563	-480.0391	170.5828	0.5241334	2.180058	1.083526
3504	-311.0073	-481.0164	170.0091	0.3771455	2.795621	1.102379
3510	-302.3258	-472.4287	170.1029	0.7775629	2.43786	1.08791
3516	-299.309	-469.5595	170.2505	1.002321	2.246201	0.9088718
3522	-306.0023	-475.1985	169.1962	1.192344	3.170154	0.8403385
3528	-297.5359	-467.6148	170.079	0.703838	2.742924	0.870847
3534	-296.8922	-467.1488	170.2566	0.61062	2.647404	0.870847
3540	-298.2326	-469.5162	171.2836	0.3408579	1.29448	1.29485
3546	-299.9927	-470.2994	170.3067	0.5931726	2.376603	1.109346
3552	-310.8251	-479.8562	169.0311	0.9759562	3.619762	0.7467761
3558	-309.0379	-477.846	168.8082	1.201062	3.626032	0.7354166
3564	-316.219	-486.3973	170.1783	0.4978806	2.714266	0.9736241
3570	-321.0044	-490.687	169.6827	1.06199	2.714266	0.9522695
3576	-322.5582	-491.8264	169.2683	0.4840213	3.766798	0.8214935
3582	-310.2823	-479.6563	169.3739	0.4398914	3.782109	0.6696746
3588	-326.1706	-495.2081	169.0375	0.2602566	4.027569	0.749489
3594	-314.0101	-484.4414	170.4313	0.760572	2.336664	0.8716066
3600	-322.5781	-492.6936	170.1155	0.9173861	1.940117	1.381051
3606	-316.9992	-487.55	170.5508	0.9173861	1.475454	1.403951
3612	-312.7779	-483.2568	170.4788	0.6599576	1.69859	1.477126
3618	-314.0955	-484.398	170.3024	0.3844282	2.595718	1.013131
3624	-321.9942	-492.0084	170.0143	1.192002	1.982266	1.206054
3630	-302.0395	-472.7235	170.6839	0.4812741	2.081431	1.105658
3636	-305.5149	-475.8027	170.2878	1.023006	2.081431	1.019901
3642	-320.8781	-490.5647	169.6866	1.143494	2.515612	1.064987
3648	-316.2926	-486.6054	170.3129	0.6710723	2.425354	0.9934249
3654	-313.8594	-483.6499	169.7905	0.6254677	3.007832	0.9728
3660	-323.1269	-493.0249	169.898	0.7568566	2.122068	1.52803
3666	-312.3935	-482.7803	170.3867	0.4151592	2.45581	1.060717
3672	-316.8179	-487.0854	170.2675	0.3959199	2.45581	1.172919
3678	-322.965	-493.3239	170.3589	0.5975594	2.110918	1.289593
3684	-312.3147	-483.209	170.8943	0.5456587	1.805985	1.126913
3690	-303.3038	-473.6146	170.3108	0.8940677	1.71187	1.424644
3696	-306.0362	-477.0051	170.9689	0.4752404	1.431179	1.412356
3702	-313.3521	-484.1042	170.7521	0.763139	1.615731	1.251207
3708	-315.0606	-485.5166	170.4559	0.4489299	2.371082	1.063598
3714	-308.7575	-478.8083	170.0508	0.6434252	2.687025	1.018104
3720	-316.04	-486.6342	170.5942	0.47057	2.23634	1.050322
3726	-313.8065	-484.2387	170.4321	0.3966386	2.323646	1.144251
3732	-317.4209	-487.5573	170.1364	0.658795	2.452455	1.144251
3738	-300.0139	-470.4193	170.4054	0.758062	2.221665	1.023606
3744	-313.8079	-484.2749	170.467	0.3562538	2.539285	0.9002048
3750	-308.3951	-478.6621	170.267	0.5255604	2.520885	1.059196
3756	-320.7797	-490.7978	170.0181	0.4966664	2.885883	0.9626195
3762	-317.7355	-487.7974	170.0619	0.3865434	2.885883	0.9626195
3768	-307.9541	-478.257	170.303	0.3865434	2.710381	0.8914048
3774	-318.1091	-486.7047	168.5957	1.283341	3.598928	0.9349566
3780	-332.3732	-501.685	169.3119	0.8216704	3.410838	0.855154
3786	-322.1771	-492.1653	169.9882	0.3884421	2.994673	0.9249807
3792	-319.0309	-488.8854	169.8545	0.4882273	3.21873	0.7666803
3798	-321.8605	-490.9511	169.0906	0.7866876	3.630857	0.8962622
3804	-322.2219	-491.9942	169.7723	0.6148849	3.045141	0.9622684
3810	-321.5158	-491.9766	170.4608	0.403312	2.433444	1.013818
3816	-334.731	-503.4029	168.6718	1.004908	3.96793	0.7186258
3822	-330.1962	-499.2959	169.0997	1.004908	3.576268	0.6514969
3828	-315.8153	-485.9932	170.1779	0.5306804	2.700943	0.9657786
3834	-311.7986	-481.1064	169.3078	0.8353331	3.301949	0.9657786
3840	-315.9652	-485.5173	169.5521	0.9587672	3.113094	0.7510358
3846	-314.1428	-483.5598	169.417	0.9587672	3.196743	0.8218035
3852	-313.8479	-483.3094	169.4615	0.4713959	3.718145	0.5692645
3858	-314.6459	-483.5083	168.8624	1.561175	3.210096	0.761081
3864	-316.7709	-486.3752	169.6043	0.553065	3.429756	0.761081
3870	-316.5536	-485.3495	168.7959	1.465092	3.146485	1.01498
3876	-314.4351	-485.1897	170.7546	0.3398606	1.910876	1.222187
3882	-314.7442	-485.1944	170.4501	0.5482686	1.658011	1.596069
3888	-317.4125	-488.5984	171.1859	0.3296132	1.637621	1.07979
3894	-303.8669	-474.9749	171.108	0.4136228	1.420743	1.331505
3900	-318.0725	-489.2192	171.1467	0.4261717	1.615476	1.131392
3906	-306.4224	-476.4718	170.0493	0.7455313	2.665582	0.9464953
3912	-311.0848	-480.3697	169.2849	1.036105	3.33813	0.6939364
3918	-306.55	-475.5498	168.9998	1.371177	3.283815	0.7112448
3924	-302.782	-472.625	169.843	0.3842443	3.326911	0.6720707
3930	-313.8467	-483.8109	169.9643	0.5688347	2.885112	0.9674647
3936	-321.8829	-491.884	170.0011	0.7509735	2.148659	1.434294
3942	-317.3963	-487.744	170.3478	0.9256708	1.630918	1.434294
3948	-320.8911	-491.8967	171.0056	0.4373364	1.522728	1.325373
3954	-315.0786	-485.2154	170.1369	0.8163038	2.185232	1.246474
3960	-323.0715	-493.4272	170.3556	0.6275222	2.141488	1.246474
3966	-327.4666	-496.9821	169.5155	1.340834	2.708293	0.8374404
3972	-326.7867	-495.2993	168.5126	2.0696	3.059618	0.8324404
3978	-327.0341	-496.3187	169.2846	1.841673	2.461453	0.8579759
3984	-334.8526	-504.482	169.6294	1.188026	2.695379	0.8944386
3990	-324.1858	-494.7756	170.5898	0.5491921	2.090591	1.142441
3996	-325.4199	-495.6594	170.2395	0.5966117	2.314131	1.220574
4002	-327.7454	-497.581	169.8356	1.412729	2.329955	0.8239926
4008	-326.2941	-495.3943	169.1002	1.195983	3.326429	0.7545245
4014	-317.8661	-487.6497	169.7836	0.7139533	2.967488	0.9395757
4020	-320.432	-491.2593	170.8273	0.3922224	2.137932	0.9433782
4026	-312.2385	-482.7139	170.4754	0.8454419	1.645688	1.38563
4032	-312.3135	-482.2465	169.933	0.8454419	1.919902	1.587809
4038	-317.8788	-487.9423	170.0635	1.184697	2.004447	1.150298
4044	-306.6724	-477.3639	170.6915	0.596315	2.123863	0.9801063
4050	-318.7104	-489.3782	170.6678	0.596315	2.000135	1.120978
4056	-324.6382	-495.0906	170.4524	0.350995	2.695938	0.7106863
4062	-313.339	-482.4479	169.1089	0.6783976	3.797481	0.794094
4068	-308.5988	-478.6119	170.0131	0.8632966	2.697046	0.8199483
4074	-312.8097	-482.9516	170.1418	0.7005844	2.759194	0.773533
4080	-309.5495	-478.7934	169.2439	1.097584	3.299163	0.7253601
4086	-312.4337	-482.0671	169.6334	0.8368878	3.036339	0.899367
4092	-317.7692	-486.6602	168.891	1.040735	3.746172	0.6577715
4098	-313.8572	-482.495	168.6377	0.9391872	4.111072	0.6354336
4104	-317.6844	-486.1293	168.4449	1.11334	4.111072	0.6753453
4110	-318.697	-487.6483	168.9513	1.304116	3.33673	0.8005147
4116	-316.8454	-484.9205	168.0751	1.91698	3.726365	0.6850198
4122	-314.6968	-484.3207	169.6239	0.4183598	3.471444	0.7803884
4128	-328.8852	-497.8255	168.9403	1.745928	2.986086	0.7278421
4134	-322.7624	-492.9175	170.1551	0.2527353	2.986086	0.5637789
4140	-309.3328	-479.3825	170.0497	0.495069	2.986086	0.8123328
4146	-305.0623	-475.1171	170.0548	0.9403117	2.473536	0.9419418
4152	-311.1694	-480.9055	169.7361	1.299456	2.473536	0.9011893
4158	-316.4923	-487.2611	170.7687	0.5189368	2.2172	0.8557081
4164	-318.8747	-489.1249	170.2501	0.3354918	2.621052	1.036263
4170	-313.2072	-483.499	170.2918	0.9808848	1.72006	1.365619
4176	-316.1514	-486.6814	170.53	0.446077	1.864241	1.427867
4182	-309.5658	-480.5929	171.027	0.4694811	1.669788	1.172436
4188	-304.7048	-474.8484	170.1435	0.4694811	2.471707	1.242095
4194	-308.3516	-478.6331	170.2815	0.7723278	2.129815	1.207144
4200	-310.499	-480.3901	169.891	0.706356	2.50468	1.272348
4206	-317.5167	-488.1576	170.6409	0.3544132	2.2566	1.014059
4212	-324.7277	-495.0459	170.3182	0.7345469	2.445199	0.905072
4218	-319.652	-490.2119	170.5599	0.8284045	1.977383	1.044622
4224	-315.2084	-485.8813	170.6729	0.7318763	1.977383	1.025201
4230	-325.1766	-495.3882	170.2116	0.6715075	1.478872	1.819722
4236	-308.301	-479.43	171.1291	0.5667918	1.590298	1.095299
4242	-313.8795	-484.238	170.3585	1.080607	1.873756	1.095299
4248	-316.6038	-487.2494	170.6456	0.3904545	2.367175	0.8914183
4254	-313.394	-483.543	170.149	0.7018104	2.356444	1.183319
4260	-310.5968	-481.3561	170.7593	0.4917745	1.518832	1.498162
4266	-320.9737	-491.1235	170.1498	0.4518516	1.931525	1.657616
4272	-313.6054	-484.4402	170.8347	0.4754159	1.931525	1.107769
4278	-312.3922	-482.6684	170.2762	0.6005052	2.705289	0.7832191
4284	-309.1585	-479.0132	169.8547	0.5308532	3.075278	0.9108428
4290	-306.9744	-477.6547	170.6803	0.7341609	2.052807	0.9385773
4296	-308.7493	-478.9344	170.185	0.8481185	2.052807	1.290249
4302	-308.7793	-479.3355	170.5562	0.8481185	2.125672	0.8728241
4308	-315.3202	-485.008	169.6879	1.066297	2.920288	0.6648916
4314	-301.8546	-471.6607	169.8061	0.517614	3.251107	0.7634986
4320	-300.044	-469.8818	169.8378	0.3049434	3.251107	0.776391
4326	-313.4061	-483.1403	169.7343	0.3049434	3.37936	0.7399999
4332	-307.9622	-477.5704	169.6082	1.193526	2.651358	0.959361
4338	-302.9116	-473.4656	170.554	0.7280684	2.133642	0.991696
4344	-300.004	-470.1203	170.1163	0.6013985	2.741715	0.9310816
4350	-302.1961	-472.4749	170.2789	0.7756168	2.221853	1.126098
4356	-315.4937	-485.9411	170.4474	0.7433938	2.243233	0.9738821
4362	-321.8931	-492.105	170.2119	0.4500853	2.705892	0.9738821
4368	-323.2288	-493.3238	170.095	1.309745	1.869449	1.133477
4374	-319.2761	-490.0137	170.7376	0.4593526	2.122097	1.027598
4380	-324.0243	-494.2249	170.2006	0.5957365	2.49877	1.092774
4386	-321.053	-491.1718	170.1188	0.968043	2.411246	0.9099092
4392	-322.1659	-492.4635	170.2976	0.5636379	2.724609	0.7667752
4398	-325.1545	-495.304	170.1495	0.5636379	2.724609	0.945736
4404	-314.624	-484.9364	170.3124	0.6085252	2.623462	0.8343877
4410	-308.7506	-479.3882	170.6377	0.6005485	2.191739	0.9621145
4416	-308.0606	-478.3454	170.2849	0.8012922	2.331715	0.9927364
4422	-313.3967	-483.772	170.3753	0.5537311	2.399963	1.052129
4428	-307.6397	-477.8622	170.2226	0.3465708	2.75633	0.9290402
4434	-316.5572	-485.706	169.1488	0.3465708	4.068366	0.5106004
4440	-318.4583	-485.8976	167.4393	0.6257463	5.635095	0.5446064
4446	-317.4178	-485.2437	167.8259	1.16037	4.733459	0.4973381
4452	-307.1756	-476.3105	169.135	1.608868	2.762406	0.9232788
4458	-309.0998	-479.7856	170.6858	0.453908	2.278066	0.9232788
4464	-303.1698	-473.6723	170.5025	0.5324866	2.424893	0.9125602
4470	-313.6359	-484.3725	170.7365	0.3201856	2.211912	0.9531205
4476	-315.155	-485.626	170.471	0.8022688	2.290873	0.83029
4482	-306.6132	-477.2604	170.6472	0.7267008	2.013277	1.019995
4488	-303.5421	-474.0314	170.4893	0.6520124	1.960505	1.268189
4494	-307.4623	-478.1626	170.7003	0.6520124	1.878639	1.158265
4500	-313.2064	-483.0902	169.8838	0.602548	2.785933	1.114763
4506	-317.2146	-486.5661	169.3516	0.4026958	3.801147	0.6979908
4512	-319.2902	-488.7942	169.504	0.8518328	3.201114	0.8404958
4518	-314.9186	-485.0449	170.1264	0.4246614	3.008249	0.7181968
4524	-302.2858	-471.9027	169.6169	0.7405818	3.281935	0.7203414
4530	-312.0374	-481.9463	169.9089	0.5597822	2.968947	0.9447907
4536	-316.4151	-486.5702	170.1551	0.645056	2.244488	1.314146
4542	-316.2337	-487.1	170.8663	0.550546	1.609672	1.314146
4548	-309.6023	-480.3728	170.7705	0.6149352	1.654768	1.314146
4554	-311.9075	-482.8579	170.9504	0.7706382	1.16881	1.443357
4560	-315.461	-485.8083	170.3473	0.6597113	2.303791	1.087101
4566	-319.1907	-488.8035	169.6128	0.8231617	2.850279	1.11839
4572	-319.4207	-490.4478	171.0271	0.7170818	1.53764	1.11839
4578	-314.0274	-484.3033	170.2759	0.47381	2.761649	0.8255167
4584	-329.0119	-497.6709	168.659	1.262851	3.649974	0.8255167
4590	-314.1498	-483.6628	169.513	0.5794792	3.484992	0.7837519
4596	-323.8396	-493.7124	169.8729	0.7587836	2.763352	1.013956
4602	-323.3245	-493.0659	169.7414	1.15702	1.976631	1.45716
4608	-321.0279	-490.8789	169.851	0.7847277	2.897545	0.8671122
4614	-310.7028	-480.1472	169.4444	1.153032	3.008045	0.7784489
4620	-315.2829	-484.8832	169.6003	1.153032	2.650241	1.00923
4626	-312.0363	-482.3129	170.2766	0.7649965	2.397222	0.9700837
4632	-313.2229	-484.162	170.9391	0.7649965	1.841938	0.8509228
4638	-337.7113	-507.9089	170.1975	0.4380761	2.611312	1.084834
4644	-321.3845	-491.5911	170.2066	0.6483742	2.611312	0.9313998
4650	-320.9913	-490.8103	169.819	0.9302521	2.611312	1.050518
4656	-310.1281	-480.5095	170.3814	0.6164861	2.424048	0.9732617
4662	-326.4741	-496.075	169.6009	1.001042	2.852633	0.9568326
4668	-308.5074	-478.9595	170.4521	0.8282274	2.030374	1.096217
4674	-317.7714	-487.5784	169.8071	0.7674949	2.749125	1.082517
4680	-322.9034	-492.2269	169.3235	1.332511	2.782338	0.9780326
4686	-316.3035	-485.5179	169.2144	1.332511	3.102005	0.7186932
4692	-316.9945	-485.6433	168.6488	1.067809	3.960842	0.6588277
4698	-317.2613	-486.8287	169.5674	0.6731914	3.174522	0.9877719
4704	-308.3157	-478.5386	170.223	0.3777049	2.827259	0.849098
4710	-305.2125	-474.7473	169.5348	0.7309655	3.37953	0.7096772
4716	-306.9834	-475.9616	168.9782	1.337195	3.39903	0.5707351
4722	-320.8453	-490.5169	169.6716	0.5649353	3.38818	0.7067332
4728	-307.4608	-477.0554	169.5946	0.7471664	3.297159	0.7216817
4734	-296.4202	-466.4484	170.0281	0.6966851	2.811536	0.8575618
4740	-302.1476	-472.4553	170.3077	1.00657	2.12275	0.9749995
4746	-310.3884	-480.8131	170.4247	0.5324579	2.544033	0.865316
4752	-317.2832	-487.5875	170.3044	0.5403278	2.544033	0.990005
4758	-315.1161	-485.2657	170.1496	0.6464928	2.68357	0.9165688
4764	-305.2538	-475.4757	170.2218	0.8175323	2.451415	0.9165688
4770	-314.9274	-485.6242	170.6968	0.6428531	1.926246	1.126143
4776	-330.3368	-500.9615	170.6247	0.510787	1.916413	1.28344
4782	-326.147	-496.4448	170.2977	0.5078231	1.588785	1.77338
4788	-334.3221	-504.5609	170.2387	0.6747777	1.45301	1.816855
4794	-323.6208	-493.6809	170.0602	0.6747777	1.748529	1.735453
4800	-318.7963	-489.6399	170.8436	0.6176371	1.748529	1.172626
4806	-323.9979	-494.9314	170.9335	0.4852761	1.969536	0.9705278
4812	-311.8103	-481.9939	170.1836	0.9705045	2.040382	1.200122
4818	-316.5259	-487.2326	170.7067	0.3873489	2.199791	1.004486
4824	-307.3185	-477.1198	169.8013	0.9989136	2.770538	0.8240014
4830	-304.3772	-474.6152	170.2381	0.5778117	2.503945	1.066291
4836	-306.5499	-477.292	170.7421	0.5229643	1.732307	1.330993
4842	-311.2127	-481.9546	170.7419	0.4980615	1.895719	1.209528
4848	-312.4402	-482.3588	169.9186	0.3106524	2.998821	0.9804858
4854	-311.4042	-480.8905	169.4862	0.8629094	3.175394	0.8793969
4860	-308.2446	-478.2445	170	0.5460849	2.947056	0.8793969
4866	-312.8133	-482.3037	169.4904	0.4001873	3.584694	0.8138825
4872	-311.6812	-481.7548	170.0736	0.944796	2.523285	0.859777
4878	-315.027	-484.3273	169.3003	0.6109228	3.755027	0.6447867
4884	-318.3346	-488.4791	170.1444	0.7208103	2.695439	0.8299176
4890	-327.799	-497.0158	169.2168	1.05579	2.946006	1.179408
4896	-316.3321	-486.6571	170.3251	0.7024243	1.822431	1.470706
4902	-313.9353	-484.4946	170.5593	0.4239998	1.550377	1.645259
4908	-324.3382	-495.2873	170.949	0.5915838	1.057879	1.645259
4914	-317.3871	-488.4632	171.0761	0.4529503	1.639929	1.162745
4920	-313.9316	-484.9176	170.986	0.5121316	1.513486	1.316554
4926	-319.266	-489.7433	170.4772	0.571716	1.979818	1.316554
4932	-321.9353	-492.3152	170.38	0.4163934	2.253162	1.245548
4938	-321.5182	-490.8095	169.2913	1.568895	2.591011	0.9780176
4944	-327.8759	-497.441	169.5651	0.4576857	3.464708	0.8453156
4950	-317.3587	-486.7627	169.404	0.619213	3.520892	0.8369725
4956	-319.3641	-488.6205	169.2564	0.9130018	3.432766	0.7821579
4962	-310.4256	-481.0015	170.5759	0.6652171	2.3667	0.7598583
4968	-306.3702	-475.3382	168.9681	1.718944	2.940249	0.7898144
4974	-307.1094	-477.4364	170.327	0.3164948	2.758486	0.7898144
4980	-316.8338	-486.2749	169.4411	0.571909	3.317213	1.055235
4986	-314.1111	-484.1446	170.0335	0.8049801	2.480619	1.088008
4992	-321.3431	-491.4364	170.0933	0.6605592	2.714825	0.9303372
4998	-314.609	-485.1643	170.5553	0.6605592	1.973817	1.195024
5004	-325.7716	-495.9033	170.1317	0.6232765	2.317238	1.28927
5010	-316.3221	-486.5872	170.2651	0.5398116	2.238005	1.298433
5016	-321.2024	-491.7054	170.5029	0.8726875	1.662375	1.329286
5022	-304.6178	-475.43	170.8122	0.5437738	1.838178	1.172315
5028	-306.6813	-476.3848	169.7034	0.7809036	2.928312	0.9973114
5034	-315.2351	-485.3173	170.0822	0.6007365	2.786205	0.920341
5040	-314.9368	-484.8903	169.9534	0.3162053	3.138081	0.7812685
5046	-314.5786	-484.4355	169.8569	0.2978551	3.039185	0.9939255
5052	-317.1473	-487.6736	170.5263	0.566094	2.299225	0.9939255
5058	-315.7479	-486.3748	170.6269	0.8026024	1.674788	1.274457
5064	-309.5374	-479.7217	170.1843	1.243909	1.225025	1.62245
5070	-308.9376	-479.2398	170.3023	0.758672	2.492214	0.8419346
5076	-314.591	-484.8177	170.2267	0.5665998	2.51162	1.07789
5082	-314.9897	-485.2375	170.2478	0.8106197	2.183177	1.157948
5088	-318.3753	-489.2037	170.8284	0.7327552	1.406279	1.381823
5094	-320.982	-491.0961	170.1141	1.017941	2.027821	1.229554
5100	-321.8399	-492.4126	170.5727	0.3878479	2.054787	1.255493
5106	-324.1461	-494.3651	170.219	0.754209	2.462949	0.9723391
5112	-330.1287	-499.6554	169.5267	1.380109	2.670733	0.823103
5118	-332.5677	-501.3608	168.7931	0.5347662	4.208354	0.823103
5124	-328.4148	-497.1309	168.7161	0.6646282	3.998351	1.022761
5130	-321.846	-491.4895	169.6435	1.062609	2.842939	0.850935
5136	-325.4615	-495.4447	169.9832	0.4292726	3.053931	0.850935
5142	-324.2431	-494.0684	169.8254	0.6492612	2.908581	1.016902
5148	-324.4282	-493.9871	169.5589	1.127363	2.745775	0.9803583
5154	-326.5683	-496.6807	170.1124	0.6454375	2.283502	1.316845
5160	-312.1214	-481.6403	169.5189	0.6060264	3.385007	0.875409
5166	-323.407	-493.1199	169.7129	0.334605	3.365445	0.808438
5172	-322.126	-492.4609	170.3349	0.3805921	2.58094	0.9959217
5178	-310.0919	-480.4008	170.3089	0.3949245	2.504433	1.092508
5184	-307.6075	-477.7218	170.1143	0.7247897	2.504433	1.06186
5190	-317.8308	-488.3405	170.5097	0.5223153	1.934153	1.355655
5196	-319.0751	-489.4658	170.3908	0.7701128	1.920899	1.291967
5202	-317.2167	-487.9349	170.7182	0.4579314	1.920793	1.226973
5208	-309.9707	-480.2239	170.2532	0.7292993	2.254136	1.159379
5214	-323.7325	-493.9757	170.2432	1.077686	1.74152	1.310028
5220	-329.0496	-499.402	170.3524	0.5700864	2.114011	1.310028
5226	-318.5913	-489.0056	170.4143	0.9211805	1.976269	1.096127
5232	-310.1285	-480.2154	170.0869	0.8608121	2.641473	0.7992698
5238	-308.9147	-478.8851	169.9704	0.4139491	3.114312	0.7967063
5244	-315.2343	-484.9459	169.7116	0.6996601	3.114312	0.8706794
5250	-316.8753	-486.8896	170.0142	0.882231	2.635743	0.8706794
5256	-323.3294	-493.0952	169.7658	1.016209	2.592381	1.037263
5262	-324.5171	-495.0084	170.4913	0.4660493	2.534752	0.8448553
5268	-330.0817	-498.8304	168.7487	0.6709863	4.285812	0.546485
5274	-320.2192	-490.1333	169.9141	0.6153523	3.001065	0.8527812
5280	-318.755	-486.3719	167.6169	1.224202	4.874227	0.5534135
5286	-318.0555	-486.7951	168.7396	1.878342	3.068893	0.7300552
5292	-319.9087	-489.7815	169.8728	0.4847641	2.98121	1.020064
5298	-300.017	-469.8594	169.8424	1.073732	2.475981	1.020064
5304	-310.4846	-480.8821	170.3975	0.5940573	2.410008	0.9899132
5310	-318.1013	-488.2202	170.1189	0.5940573	2.43259	1.224129
5316	-326.333	-496.9779	170.6449	0.659666	1.850815	1.224239
5322	-327.4322	-497.468	170.0358	0.9118396	2.073333	1.343114
5328	-316.2476	-485.9566	169.7089	1.355901	2.361719	0.9908302
5334	-311.6161	-482.0599	170.4438	0.7301849	2.055242	1.165914
5340	-319.419	-489.3171	169.8982	0.8809057	2.540814	1.088435
5346	-323.618	-494.2487	170.6307	0.3927902	2.187379	1.088435
5352	-319.6883	-490.3134	170.6251	0.6672954	2.225026	0.8766119
5358	-315.037	-484.5523	169.5153	0.6382865	3.360336	0.8766119
5364	-316.8261	-486.0303	169.2042	0.6382865	3.741294	0.7890958
5370	-311.4584	-481.3657	169.9074	0.5333143	3.139449	0.7631245
5376	-313.364	-482.8993	169.5353	1.528038	2.616145	0.682628
5382	-315.8629	-485.891	170.028	0.7154839	2.744149	0.9150839
5388	-323.9225	-493.7847	169.8623	0.6292758	2.744149	1.151431
5394	-325.1267	-494.8567	169.73	0.3732399	3.322879	0.8461349
5400	-314.9422	-485.3008	170.3586	0.8861587	2.015655	1.142411
5406	-326.0119	-496.4912	170.4793	0.5883505	2.385657	0.9349423
5412	-314.0402	-482.7842	168.744	1.303061	3.394408	0.9738636
5418	-306.3154	-475.802	169.4866	0.5328255	3.441058	0.9119367
5424	-308.1046	-477.4922	169.3876	0.8934928	3.312763	0.7934432
5430	-307.5341	-477.0757	169.5416	0.3481944	3.620896	0.6850633
5436	-310.7145	-478.7747	168.0602	1.997412	3.620896	0.7681881
5442	-309.9442	-479.2712	169.3269	1.604532	2.576662	0.9208249
5448	-310.7517	-481.4013	170.6496	0.429571	2.352215	0.892252
5454	-316.2087	-485.529	169.3203	0.6611504	3.678005	0.6733174
5460	-314.9045	-485.56	170.6554	0.6120502	2.351479	0.7318378
5466	-311.8922	-481.896	170.0038	1.055716	2.351479	1.001372
5472	-325.7395	-495.7809	170.0414	0.6047038	2.451843	1.265537
5478	-316.8458	-486.9725	170.1267	0.8456208	2.049679	1.341797
5484	-320.2447	-490.262	170.0173	1.161757	2.19159	1.041471
5490	-312.1414	-482.5024	170.361	0.6707573	1.26267	1.866045
5496	-323.4235	-493.5677	170.1442	0.7433753	1.437708	1.848799
5502	-326.9909	-497.5943	170.6034	0.4202151	2.425315	0.8646792
5508	-323.4521	-493.642	170.1899	0.6376775	2.358464	1.19572
5514	-333.3125	-504.136	170.8234	0.5083674	1.82393	1.19572
5520	-317.7595	-487.8971	170.1376	0.782238	2.211179	1.251792
5526	-318.7985	-488.822	170.0234	1.426697	1.981099	0.9892706
5532	-309.5634	-480.0425	170.4791	0.8041907	2.001715	1.119132
5538	-317.8893	-487.9374	170.0481	0.8041907	2.107963	1.389832
5544	-308.6981	-478.9452	170.2471	0.6083842	1.82663	1.586982
5550	-310.6656	-481.3723	170.7067	0.5200785	1.894148	1.228813
5556	-325.1023	-495.6569	170.5546	0.5200785	1.694821	1.506304
5562	-317.6448	-487.885	170.2402	0.9656295	1.943881	1.238119
5568	-313.9436	-484.5498	170.6062	0.4273473	2.168115	1.1201
5574	-307.1201	-477.5533	170.4332	0.6717599	2.264537	1.032803
5580	-309.1135	-479.3444	170.231	0.7072668	2.488169	0.9793672
5586	-316.8825	-486.7044	169.8219	0.9506911	2.831397	0.7798319
5592	-319.0083	-489.1345	170.1262	0.58312	2.863411	0.7912574
5598	-308.1578	-478.4984	170.3406	0.8995754	2.01604	1.146188
5604	-308.2869	-478.9107	170.6238	0.5659921	1.909993	1.257389
5610	-312.3906	-482.8234	170.4328	0.5060196	2.143002	1.257389
5616	-308.8781	-478.9252	170.0471	0.6741919	2.558706	1.116768
5622	-309.4205	-479.9978	170.5773	0.8083824	1.923963	1.096787
5628	-322.4996	-492.1616	169.662	0.6065457	3.072071	1.051924
5634	-314.0961	-484.3433	170.2472	0.3906469	2.831023	0.8121355
5640	-312.1135	-481.4399	169.3265	0.9098535	3.356383	0.7951071
5646	-313.4045	-483.3997	169.9951	0.7839592	2.268975	1.31971
5652	-306.5218	-476.5262	170.0043	0.7550879	2.325953	1.288504
5658	-299.229	-469.9074	170.6785	0.4906099	2.265396	0.9240084
5664	-310.2101	-480.3573	170.1472	0.6064932	2.713143	0.9240084
5670	-301.7088	-472.1969	170.4881	0.6064932	2.288843	1.01041
5676	-300.5471	-470.2685	169.7214	1.624339	2.180151	0.9030379
5682	-303.184	-473.774	170.59	0.4560341	1.940633	1.316973
5688	-320.1992	-490.6134	170.4142	0.6743792	1.982805	1.295147
5694	-304.0349	-473.943	169.9081	0.8859451	2.55347	1.062659
5700	-309.9926	-480.8097	170.8171	0.6141557	1.678799	1.256852
5706	-324.5277	-495.4364	170.9087	0.6876567	1.522897	1.256852
5712	-323.7828	-494.9303	171.1475	0.5741475	1.369219	1.266347
5718	-309.5918	-480.3372	170.7454	0.8934412	1.78595	0.9872396
5724	-310.0284	-479.9646	169.9362	1.16806	1.971995	1.299241
5730	-310.7234	-480.9169	170.1935	0.7262564	2.219159	1.242911
5736	-312.445	-483.103	170.658	0.7262564	1.829618	1.179103
5742	-330.5497	-500.6745	170.1248	0.9090371	2.381182	0.9971631
5748	-322.5562	-493.1686	170.6125	0.6009505	2.23305	0.9448114
5754	-314.0834	-484.197	170.1136	0.9334053	2.345944	1.019131
5760	-319.4676	-490.1104	170.6428	0.3117818	2.177137	1.075936
5766	-319.8478	-490.3244	170.4767	0.5528675	2.40101	0.9504125
5772	-321.7239	-491.9999	170.276	1.077127	1.916848	1.134153
5778	-317.1883	-486.9006	169.7123	1.006058	2.541483	1.14314
5784	-312.3788	-482.7092	170.3304	0.524429	2.502917	1.016075
5790	-311.2733	-480.9231	169.6498	0.6111939	3.126527	1.007116
5796	-324.0832	-493.835	169.7518	0.5698523	3.303558	0.7078802
5802	-331.001	-500.5566	169.5557	0.503519	3.303558	1.003844
5808	-324.4993	-493.2463	168.747	0.9365493	4.007196	0.6287406
5814	-322.1114	-491.5175	169.406	0.8597932	3.405804	0.6693502
5820	-314.604	-483.0895	168.4854	1.542975	3.687066	0.6036613
5826	-309.5207	-479.4101	169.8894	0.9808809	2.604402	0.9355171
5832	-312.7894	-483.5281	170.7387	0.4538085	1.802456	1.309356
5838	-326.2599	-496.7594	170.4995	0.6981407	2.024265	1.170325
5844	-307.3195	-477.6582	170.3387	0.7715079	2.116057	1.170325
5850	-307.0371	-477.1655	170.1284	0.7715079	1.957845	1.467811
5856	-312.6812	-483.1459	170.4647	0.4137674	2.522895	0.9138837
5862	-313.2277	-483.2693	170.0415	1.021454	2.208389	1.132841
5868	-313.198	-483.9091	170.7111	0.4406613	2.122485	1.060709
5874	-319.8877	-490.1141	170.2264	0.8908436	2.276421	1.018295
5880	-307.1391	-477.1636	170.0245	0.4770115	2.942275	0.907267
5886	-306.8652	-476.6765	169.8113	0.7428329	2.942275	0.907267
5892	-304.2595	-474.3113	170.0519	0.9449437	2.451884	0.9629293
5898	-304.1282	-474.1878	170.0596	0.7522089	2.640385	0.9555459
5904	-305.6754	-476.2053	170.5299	0.8959091	2.025866	0.9595942
5910	-323.2603	-493.5009	170.2405	0.335485	2.635138	1.03194
5916	-319.8397	-489.8869	170.0472	0.7998143	2.498826	1.062874
5922	-321.5065	-490.7725	169.2659	1.764301	2.368197	1.048147
5928	-308.7016	-478.6434	169.9418	0.9405116	2.47416	1.05441
5934	-318.3757	-488.2258	169.85	0.7839263	2.600206	1.163827
5940	-307.2773	-478.0981	170.8208	0.462271	1.747373	1.284074
5946	-317.7527	-487.2206	169.4679	1.765381	1.789107	1.370193
5952	-311.1636	-482.0469	170.8833	0.5030604	1.661326	1.284561
5958	-307.2746	-477.7585	170.4839	0.9705598	1.774145	1.170625
5964	-307.0044	-477.2312	170.2268	0.7726237	2.153903	1.232786
5970	-312.6211	-482.0459	169.4248	0.6646656	3.261593	1.049828
5976	-312.6585	-483.0935	170.435	0.4789759	2.4058	1.036102
5982	-325.6071	-495.8734	170.2663	0.397959	2.288443	1.313671
5988	-316.5967	-486.531	169.9343	0.4544021	2.887888	1.065789
5994	-318.0821	-487.4294	169.3473	1.370037	2.887888	0.7859129
6000	-318.7613	-488.4417	169.6804	0.6323562	3.332021	0.6939426
6006	-313.2307	-482.9958	169.7651	0.4313156	3.396108	0.66596
6012	-312.56	-481.7436	169.1836	0.3305416	3.927728	0.7611996
6018	-308.7591	-478.1028	169.3437	1.143808	3.111245	0.7876564
6024	-310.8552	-480.7286	169.8734	0.9459275	2.543179	1.048693
6030	-309.7637	-479.9072	170.1435	1.07644	2.289028	0.8978364
6036	-310.9243	-480.7259	169.8016	0.6598889	2.893514	1.045516
6042	-312.8578	-483.4993	170.6415	0.3704228	2.062757	1.191766
6048	-327.669	-498.2239	170.5549	0.5200228	2.063752	1.213725
6054	-304.9022	-475.1538	170.2516	0.7190469	2.514852	0.9177608
6060	-309.1271	-479.1704	170.0433	0.3712811	2.847393	1.021394
6066	-321.2414	-491.3177	170.0762	0.5482172	2.860643	0.8892816
6072	-305.4874	-476.0744	170.587	0.3816833	2.222099	1.09804
6078	-309.9951	-480.9104	170.9154	0.5139394	1.922103	1.018803
6084	-313.3946	-484.2462	170.8515	0.5035274	1.818389	1.178847
6090	-319.7915	-490.0424	170.2509	0.7274897	2.259223	1.158443
6096	-315.2246	-485.067	169.8424	1.296918	2.259223	1.016816
6102	-303.8128	-473.942	170.1291	0.7502516	2.138606	1.342654
6108	-308.7322	-479.1566	170.4244	0.2657111	2.138606	1.266221
6114	-306.1933	-476.9309	170.7376	0.3007173	2.138606	1.015662
6120	-315.5486	-485.7803	170.2316	0.9564146	2.377477	0.8306069
6126	-318.422	-488.3197	169.8977	0.7851826	2.942039	0.7462313
6132	-318.0528	-488.2238	170.171	0.6630307	2.686779	0.8720892
6138	-322.3414	-490.4685	168.1271	1.379645	4.034264	0.8678036
6144	-300.7745	-470.4853	169.7108	0.4708683	3.408489	0.7101536
6150	-306.8136	-476.7977	169.9841	0.8505026	2.657361	0.9159743
6156	-297.3338	-466.8876	169.5538	0.4614785	3.583142	0.6875705
6162	-300.7382	-470.4283	169.69	1.314374	2.308622	1.098418
6168	-301.4146	-471.6073	170.1927	0.7821752	2.502007	0.9305786
6174	-309.4973	-479.0357	169.5384	0.8088311	3.282767	0.7396368
6180	-318.8301	-488.5678	169.7377	0.3988524	3.282767	0.880892
6186	-335.137	-504.3567	169.2198	0.2378053	3.860563	0.6626642
6192	-326.3895	-495.4383	169.0488	0.7128989	3.889156	0.697967
6198	-322.4784	-492.6451	170.1668	0.8444454	2.496912	0.897857
6204	-310.8548	-480.9422	170.0874	0.7068014	2.675471	0.9340301
6210	-315.9558	-486.3344	170.3786	0.5102309	2.419853	1.05875
6216	-319.9672	-490.4172	170.4499	0.443249	2.592654	0.8375693
6222	-324.4877	-492.0417	167.554	2.162261	4.087906	0.5694706
6228	-311.9583	-480.0738	168.1155	1.937482	3.683132	0.6561036
6234	-308.0114	-477.4676	169.4562	0.4833691	3.711747	0.5883036
6240	-308.791	-477.3761	168.5852	0.7665947	4.361553	0.539374
6246	-312.5906	-480.7804	168.1899	1.047824	4.481511	0.496574
6252	-311.9853	-479.7001	167.7148	0.5710358	5.407598	0.5075983
6258	-308.1597	-474.4347	166.275	1.4396	6.013091	0.486104
6264	-312.8055	-480.9884	168.183	0.8193766	4.704004	0.4276529
6270	-308.9141	-474.7874	165.8733	1.621435	6.245422	0.5132255
6276	-303.5588	-471.6986	168.1398	0.7050111	4.867438	0.4866029
6282	-330.0606	-498.6075	168.547	0.7811845	4.33117	0.6892742
6288	-318.2209	-487.3761	169.1552	0.8934671	3.612782	0.6892742
6294	-307.7613	-476.713	168.9516	0.6048185	4.086465	0.6892742
6300	-315.4041	-484.1728	168.7687	0.6669661	4.256104	0.599202
6306	-318.5876	-486.6701	168.0825	0.7692866	4.8642	0.4862857
6312	-312.5519	-480.0376	167.4857	1.477066	4.76682	0.5171471
6318	-310.2566	-478.3228	168.0663	1.604471	4.010634	0.6896662
6324	-305.1595	-474.5706	169.4111	0.7920298	3.467195	0.6690624
6330	-315.3044	-483.7384	168.434	0.4293691	4.745368	0.6275187
6336	-302.5998	-472.5772	169.9774	0.4174079	3.15666	0.7229618
6342	-311.577	-481.8439	170.2669	0.6072977	2.557998	0.9610277
6348	-310.5038	-480.2788	169.775	1.180534	2.435325	1.022015
6354	-312.1618	-482.9287	170.7669	0.4808125	2.048713	1.059166
6360	-318.6251	-488.1148	169.4897	1.292335	2.8446	0.751604
6366	-328.233	-496.2887	168.0557	2.091402	3.567438	0.7369809
6372	-326.8978	-496.2797	169.3819	0.3325824	3.814482	0.6001887
6378	-322.5322	-492.9028	170.3706	0.4430228	2.690386	0.8144317
6384	-314.9595	-485.9368	170.9774	0.4430228	1.777533	1.132143
6390	-311.9975	-482.4115	170.414	0.7757889	2.169411	1.049392
6396	-328.3742	-498.18	169.8058	1.383295	2.188482	1.040216
6402	-323.1103	-493.0797	169.9694	0.6712299	2.72195	1.039375
6408	-318.5535	-489.4532	170.8997	0.5163741	1.792494	1.152159
6414	-310.1034	-479.2108	169.1074	0.5163741	4.027371	0.6251402
6420	-314.2729	-483.5378	169.2649	0.3203878	3.885466	0.6924502
6426	-315.9803	-485.6335	169.6532	0.3674123	3.243573	1.015447
6432	-317.2959	-487.6016	170.3057	1.120755	2.064518	0.9180811
6438	-308.4848	-478.9521	170.4673	0.6559897	1.891718	1.33899
6444	-317.7639	-487.6692	169.9054	1.044282	2.719441	0.6754253
6450	-321.0209	-490.8424	169.8215	0.417922	3.138711	0.9422657
6456	-316.4054	-485.8816	169.4762	1.535884	2.506722	0.9031923
6462	-322.656	-491.0699	168.4139	1.363774	3.878619	0.7082719
6468	-321.6083	-491.786	170.1777	0.6072517	2.820781	0.7509454
6474	-334.902	-505.1994	170.2974	0.3935578	2.702946	0.9048819
6480	-326.0034	-493.5862	167.5828	0.7589773	5.369653	0.549087
6486	-320.6964	-489.8905	169.1941	0.4703722	3.96288	0.6374265
6492	-316.922	-487.3735	170.4515	0.4063251	2.356884	1.094791
6498	-325.3534	-496.1888	170.8354	0.5587445	1.815528	1.162186
6504	-329.8435	-500.0564	170.2129	0.5423451	2.171074	1.391836
6510	-326.4042	-497.1398	170.7356	0.5027972	2.13325	0.9947076
6516	-332.8992	-503.7388	170.8396	0.6246527	1.440798	1.421886
6522	-324.5505	-494.6551	170.1046	0.6997803	1.891464	1.585086
6528	-326.4077	-496.6507	170.2429	0.4467837	1.940991	1.585086
6534	-322.8277	-493.7073	170.8796	0.6599591	1.814534	1.046377
6540	-322.4248	-493.1087	170.6839	0.5145974	1.814534	1.316177
6546	-324.0385	-494.8304	170.7919	0.6314174	1.375309	1.503528
6552	-322.6408	-493.3687	170.7279	0.6607645	1.370795	1.535507
6558	-322.6016	-493.0583	170.4567	0.7477162	1.338279	1.697512
6564	-320.3826	-490.9418	170.5592	0.6577065	1.238529	1.753822
6570	-309.6613	-480.2356	170.5744	0.6806483	1.995064	1.144145
6576	-311.8663	-482.3943	170.528	0.4581231	2.206652	1.144145
6582	-329.115	-498.4976	169.3826	0.9531546	3.236255	0.8223756
6588	-314.4361	-484.6716	170.2356	0.9069805	1.89346	1.331103
6594	-301.8669	-472.4946	170.6277	0.6693551	1.737342	1.324633
6600	-304.0205	-474.1866	170.1661	0.5688669	2.403412	1.225672
6606	-303.4774	-474.1077	170.6303	0.6461238	1.96673	1.146894
6612	-319.3032	-489.694	170.3908	0.6461238	1.965993	1.347648
6618	-313.9943	-484.2486	170.2543	0.6624946	1.785424	1.577801
6624	-336.4697	-506.443	169.9733	0.9487094	1.785424	1.581722
6630	-330.6016	-500.6747	170.0731	1.280073	1.785424	1.249612
6636	-329.3346	-498.5673	169.2327	1.280073	2.937713	0.9638256
6642	-322.9139	-493.0211	170.1073	0.8795879	2.460658	0.9638256
6648	-329.5032	-499.9315	170.4283	0.3919795	2.348668	1.126017
6654	-329.5873	-499.9893	170.402	0.5690433	2.232531	1.169719
6660	-331.7916	-502.0159	170.2243	0.7472317	2.416219	1.020571
6666	-327.772	-497.2529	169.4809	1.205155	2.747679	0.9795212
6672	-328.8936	-498.3076	169.414	1.169783	2.747679	1.078619
6678	-330.6169	-499.2836	168.6667	1.961423	2.947276	0.8914017
6684	-326.5988	-496.3596	169.7608	0.7453145	2.27968	1.520967
6690	-317.1214	-487.9244	170.803	0.7333993	1.392341	1.412009
6696	-313.9106	-483.879	169.9684	0.9225152	2.042352	1.412009
6702	-311.3011	-481.054	169.7529	1.186246	1.995036	1.412009
6708	-313.0375	-482.8801	169.8426	0.7539193	3.105097	0.5887475
6714	-307.9169	-477.129	169.2121	0.55069	3.836662	0.7417201
6720	-306.1029	-475.714	169.6111	0.5856427	3.346297	0.8306474
6726	-318.3178	-487.465	169.1472	0.3234525	3.850551	0.9010968
6732	-315.3536	-485.3955	170.0419	0.5699602	2.758593	1.015904
6738	-305.5396	-475.7303	170.1907	0.8538725	2.405832	0.9605244
6744	-311.3852	-481.5813	170.1962	0.5724641	2.405832	1.195631
6750	-302.6805	-473.1733	170.4928	0.5724641	2.259017	1.060944
6756	-298.1775	-468.7759	170.5984	0.4187516	2.259017	1.045546
6762	-320.3305	-490.0608	169.7302	0.6517978	2.972669	1.044876
6768	-318.9285	-489.046	170.1175	0.6517978	2.702769	0.9256215
6774	-318.179	-488.8204	170.6414	0.5616426	1.908608	1.246619
6780	-322.9049	-493.5012	170.5963	0.5918723	1.735481	1.403095
6786	-323.611	-493.8033	170.1922	0.7376256	1.743054	1.603684
6792	-310.8478	-481.202	170.3542	0.7376256	1.76436	1.467763
6798	-320.1839	-490.6238	170.4399	0.6757602	1.857175	1.374057
6804	-315.0417	-485.9583	170.9166	0.3709843	1.869197	1.119876
6810	-314.3997	-484.2497	169.85	0.8155832	2.729149	1.016165
6816	-312.0878	-481.7774	169.6897	0.8954567	3.035979	0.7549987
6822	-315.0777	-483.9286	168.8509	1.719759	3.035979	0.8172554
6828	-314.6595	-483.9297	169.2702	1.159734	3.246871	0.661234
6834	-323.7547	-493.4437	169.689	1.049769	2.602295	1.069054
6840	-325.4572	-496.0906	170.6335	0.3042438	2.388416	0.8619061
6846	-319.5842	-489.5464	169.9622	0.8104665	2.388416	1.227293
6852	-311.69	-482.5451	170.8551	0.5294795	1.741216	1.227293
6858	-317.5777	-487.7115	170.1338	0.7867897	1.645049	1.682342
6864	-310.9371	-481.4287	170.4917	0.8148912	1.735317	1.325429
6870	-314.0814	-483.3144	169.233	0.7850941	3.436631	0.9543557
6876	-320.4129	-490.6611	170.2481	0.5356512	2.60197	0.991605
6882	-330.7474	-500.9794	170.232	0.4623798	2.60197	1.050938
6888	-330.0155	-500.2476	170.232	0.4623798	2.60197	1.050938
6894	-320.8842	-491.6301	170.7459	0.3980816	2.012813	1.14138
6900	-309.4148	-479.8385	170.4237	0.5916847	2.264779	1.105754
6906	-320.9096	-491.0066	170.097	0.6052391	2.87933	0.7850585
6912	-329.4393	-499.7087	170.2695	0.6080107	2.529807	0.9867717
6918	-317.2885	-487.9853	170.6968	0.4552247	2.144041	1.047691
6924	-306.476	-476.4751	169.9991	1.064559	2.144041	1.188802
6930	-313.4119	-483.1913	169.7794	1.31278	2.581522	0.6734325
6936	-308.8582	-477.7389	168.8807	2.504733	2.354146	0.819158
6942	-312.6319	-482.4252	169.7933	0.798627	2.980803	0.819158
6948	-313.7633	-483.6239	169.8606	0.5003889	3.148887	0.8414537
6954	-318.5566	-489.449	170.8924	0.2440688	1.995995	0.937753
6960	-314.938	-484.2306	169.2926	0.8598176	3.304192	0.9541012
6966	-311.8139	-482.2366	170.4228	0.4373686	2.574863	0.8936601
6972	-320.3621	-490.9815	170.6194	0.4564845	2.063571	1.190017
6978	-309.5118	-480.1021	170.5904	0.5346212	2.063571	1.174834
6984	-301.4249	-471.6872	170.2623	0.4636712	2.440582	1.169701
6990	-308.5263	-478.6988	170.1725	0.9974032	1.991569	1.228225
6996	-310.3286	-480.4306	170.102	1.171176	2.126295	1.013423
7002	-301.956	-472.2104	170.2544	0.7905667	2.351812	1.013423
7008	-310.8206	-481.7876	170.967	0.7180693	1.708167	1.013423
7014	-309.432	-477.7397	168.3078	1.557277	3.848305	0.6125394
7020	-316.8954	-484.8252	167.9297	1.557277	4.247898	0.5166405
7026	-315.8345	-484.4203	168.5858	0.9028263	4.161143	0.709849
7032	-320.6848	-490.7004	170.0156	0.5965745	2.964739	0.7892463
7038	-315.5949	-485.6471	170.0522	0.5605379	2.881041	0.8830486
7044	-324.472	-493.6202	169.1483	0.6304989	3.820931	0.7651932
7050	-310.5221	-480.2063	169.6841	0.7520016	3.036836	0.9334581
7056	-328.8266	-498.9929	170.1664	0.8122812	2.299761	1.125276
7062	-322.5638	-492.834	170.2702	0.7787135	1.923386	1.379707
7068	-331.1684	-501.5487	170.3803	0.5276629	1.923386	1.461529
7074	-325.461	-496.2252	170.7642	0.7976378	1.546658	1.27084
7080	-307.0813	-477.6799	170.5985	0.783232	1.508337	1.443508
7086	-306.8081	-477.2708	170.4627	0.5615553	2.340297	1.019698
7092	-300.7338	-471.3909	170.6571	0.5842258	2.141734	1.006484
7098	-309.8481	-479.7043	169.8562	1.024871	2.623438	0.9027502
7104	-310.3364	-480.9043	170.5679	0.308118	2.528396	0.7685859
7110	-310.0982	-480.0071	169.9089	0.4248368	2.877581	1.109831
7116	-311.273	-480.8185	169.5456	1.352287	2.527313	0.9920811
7122	-303.7465	-474.2667	170.5202	0.5193465	2.218971	1.108238
7128	-307.9895	-477.8393	169.8497	0.8459636	2.778339	0.9353695
7134	-317.947	-487.5084	169.5614	0.6511676	3.440366	0.6835492
7140	-310.8161	-479.9859	169.1698	0.7620958	3.726793	0.6889554
7146	-317.8653	-487.7242	169.8589	0.3405695	3.142133	0.9033004
7152	-316.5105	-485.8479	169.3374	1.281186	2.998769	0.7647411
7158	-327.8972	-496.8477	168.9505	0.8170121	3.808284	0.8158227
7164	-327.2772	-497.493	170.2158	0.8872528	2.247271	1.060058
7170	-323.873	-494.0443	170.1713	0.8872528	2.431273	0.9187978
7176	-322.6502	-492.6462	169.9959	0.6991387	2.787999	0.9187978
7182	-314.3614	-483.8162	169.4548	0.9285971	3.241569	0.7494585
7188	-319.6546	-489.9737	170.3191	0.9678451	1.897532	1.208693
7194	-317.7658	-488.2804	170.5146	0.6467281	1.558169	1.56374
7200	-310.8261	-480.9164	170.0903	0.941125	1.532477	1.685093
7206	-313.9279	-483.8346	169.9068	1.346904	2.005897	1.147588
7212	-307.2152	-477.5423	170.3271	1.035556	2.005897	1.042901
7218	-297.7052	-468.0558	170.3505	0.7196072	2.294546	1.04134
7224	-317.3277	-487.8636	170.5359	0.3688862	2.529259	0.8311236
7230	-321.108	-491.4175	170.3095	0.6102481	2.334402	1.132293
7236	-315.9494	-486.0717	170.1223	0.8138972	2.334402	1.132293
7242	-307.3868	-477.0112	169.6244	0.9053201	2.742142	1.132293
7248	-313.068	-483.5157	170.4476	0.624668	1.88178	1.383796
7254	-311.748	-482.3825	170.6345	0.7185748	1.88178	1.16033
7260	-310.2081	-480.8276	170.6195	0.3904673	2.06786	1.204771
7266	-312.4436	-482.3902	169.9466	0.7175625	2.620562	1.115767
7272	-314.5697	-485.5104	170.9407	0.5008287	1.815934	1.103109
7278	-312.5976	-482.9747	170.3771	0.453078	2.581796	0.9291247
7284	-319.9249	-490.1344	170.2095	0.6635108	2.581796	0.9456012
7290	-318.1738	-488.4816	170.3078	0.3829771	2.587084	1.016538
7296	-331.9702	-501.1567	169.1865	1.455496	2.634435	1.137054
7302	-321.3762	-492.1474	170.7712	0.4172929	2.265983	0.8556866
7308	-316.9061	-486.8292	169.923	0.4905862	2.7555	1.178201
7314	-320.8656	-491.3435	170.4779	0.6809458	1.524744	1.592829
7320	-313.1915	-483.2721	170.0805	1.095487	1.840754	1.346666
7326	-306.0809	-476.6627	170.5818	0.9218403	1.567225	1.303055
7332	-323.6401	-494.0981	170.458	0.4259219	1.724648	1.591995
7338	-320.3487	-490.8134	170.4647	0.9009462	1.673243	1.328789
7344	-317.5484	-487.2014	169.653	0.9009462	2.761726	1.09245
7350	-316.7445	-487.1305	170.386	0.5084967	2.508674	0.9646821
7356	-316.8925	-486.3471	169.4547	1.387124	2.537497	1.038687
7362	-315.2998	-484.6492	169.3494	0.5277854	3.581414	0.912261
7368	-303.5233	-473.6274	170.1041	0.9374095	2.228931	1.133644
7374	-306.2073	-476.5554	170.3481	0.3934553	2.401163	1.15049
7380	-321.9298	-491.7787	169.8489	1.130578	2.401163	1.031532
7386	-320.3518	-489.8988	169.547	1.13162	2.642556	1.087822
7392	-308.4161	-478.6032	170.1871	0.6706099	2.470674	1.071859
7398	-319.0409	-489.5017	170.4607	0.2566193	2.433267	0.9523117
7404	-312.3102	-482.476	170.1658	0.7131057	2.565509	0.9611751
7410	-312.2485	-482.07	169.8215	0.8573329	2.671381	1.059788
7416	-313.8223	-484.6837	170.8615	0.4807212	1.770677	1.222777
7422	-327.1404	-497.9725	170.832	0.4678653	2.171526	0.8707323
7428	-312.2075	-482.452	170.2444	0.4874987	2.732754	0.8888558
7434	-310.6895	-481.1217	170.4322	0.5689442	2.010355	1.329958
7440	-299.2843	-468.989	169.7047	1.037839	2.734185	0.9333345
7446	-302.0613	-472.3403	170.279	0.8886124	2.311973	0.9299347
7452	-315.759	-486.1081	170.3491	0.9894241	2.141332	0.9299347
7458	-319.2805	-488.6297	169.3492	0.9906831	3.206897	0.8536742
7464	-320.3145	-489.899	169.5845	0.4969596	3.472632	0.7820735
7470	-321.0233	-491.3937	170.3704	0.4105177	2.668109	0.856356
7476	-325.4662	-495.4407	169.9745	0.5792383	2.544485	1.261189
7482	-312.6065	-483.3982	170.7917	0.5299043	1.815077	1.218176
7488	-312.9235	-483.034	170.1105	0.6537305	2.105024	1.4524
7494	-318.4653	-488.8141	170.3488	0.9188344	1.824908	1.285402
7500	-313.3695	-483.9576	170.5881	0.6115145	1.875338	1.285402
7506	-301.1107	-472.0248	170.9141	0.3894907	1.467181	1.450788
7512	-300.6664	-470.7474	170.0809	0.7966114	2.391351	1.133439
7518	-305.9406	-476.1342	170.1935	0.627723	2.291291	1.256575
7524	-309.0089	-479.6518	170.643	0.6125509	1.854632	1.256575
7530	-321.8192	-491.8738	170.0547	0.7205391	2.505068	1.119982
7536	-316.2838	-486.5804	170.2966	0.8700551	2.118572	1.119982
7542	-312.1939	-481.7785	169.5846	0.8028831	3.148939	0.8640883
7548	-318.2034	-487.8234	169.62	1.2938	2.747027	0.6962885
7554	-315.7171	-485.1419	169.4248	1.48784	2.747027	0.7129756
7560	-312.5585	-481.8031	169.2446	0.330767	3.88801	0.7290362
7566	-321.2258	-491.3991	170.1733	0.9237819	2.087132	1.20885
7572	-324.1674	-494.2007	170.0333	1.281452	1.865492	1.214618
7578	-302.8051	-473.1528	170.3477	0.945471	1.991022	1.121339
7584	-314.7276	-485.3616	170.634	0.7321157	1.898079	1.135054
7590	-317.8481	-488.4304	170.5823	1.053946	1.516142	1.235865
7596	-308.1821	-478.4788	170.2967	0.5899197	2.256919	1.225124
7602	-316.8722	-486.8647	169.9925	0.6988582	2.763271	0.9494058
7608	-324.0119	-494.7916	170.7797	0.4122077	2.175439	0.9494058
7614	-321.3833	-491.2559	169.8726	1.200599	2.158429	1.168914
7620	-314.0083	-484.2714	170.2631	0.999302	1.696196	1.392419
7626	-304.0072	-474.5647	170.5575	0.7245608	2.000966	1.117773
7632	-309.8612	-479.4414	169.5801	0.6739398	3.234248	0.9104406
7638	-300.8497	-470.9037	170.0541	0.3881237	3.044535	0.7853298
7644	-307.7572	-477.8775	170.1203	0.725277	2.74931	0.7853298
7650	-308.8374	-479.219	170.3816	0.6308385	2.139432	1.224012
7656	-304.303	-474.7931	170.4901	0.8969558	1.608543	1.363172
7662	-310.8609	-481.4748	170.6139	0.8969558	1.608543	1.263193
7668	-304.9896	-475.6117	170.6221	0.429034	2.241921	1.035882
7674	-308.9769	-478.8187	169.8418	0.7813358	3.052499	0.6576455
7680	-311.6768	-482.384	170.7072	0.4756995	1.970608	1.186103
7686	-319.0272	-489.5749	170.5477	0.791751	1.70356	1.323967
7692	-318.4875	-488.8386	170.351	0.7335423	2.141469	1.16886
7698	-322.5384	-493.0064	170.468	0.6290991	2.141469	1.148856
7704	-328.4009	-498.2932	169.8924	0.6290991	2.651929	1.205487
7710	-330.0025	-500.5532	170.5507	0.6855236	2.168219	0.9997564
7716	-323.7935	-493.7456	169.9521	0.7180727	2.679616	1.055462
7722	-328.0739	-497.5069	169.433	0.7164377	3.497609	0.7051047
7728	-326.8056	-497.3307	170.525	0.5765728	2.384741	0.8957827
7734	-329.5766	-499.2782	169.7016	0.8339335	2.895153	0.9805241
7740	-332.7596	-503.0411	170.2815	0.737351	2.220249	1.15763
7746	-324.4526	-494.3074	169.8549	0.7588514	2.863373	0.9293741
7752	-331.8963	-501.8373	169.941	1.125015	1.958513	1.340581
7758	-330.9646	-500.105	169.1403	0.9864199	3.396229	0.8817481
7764	-324.1679	-494.6285	170.4605	0.6584799	1.5604	1.594139
7770	-321.3728	-491.8649	170.4921	0.5711177	1.612274	1.586342
7776	-325.6182	-496.3211	170.703	0.5711177	1.51063	1.505598
7782	-332.3681	-503.1178	170.7497	0.7698103	1.616812	1.246994
7788	-332.7489	-503.3212	170.5724	0.6473853	1.945466	1.214615
7794	-321.893	-492.5717	170.6787	0.5072585	1.945466	1.216083
7800	-319.6535	-489.7245	170.071	0.5313109	2.589216	1.171376
7806	-324.4362	-494.781	170.3449	0.6146515	2.589216	0.8302522
7812	-312.7162	-482.253	169.5368	0.9205835	3.042186	0.9082081
7818	-319.8428	-488.3451	168.5022	1.252997	3.884292	0.7301909
7824	-321.7827	-490.2649	168.4822	1.252997	3.884292	0.7606134
7830	-319.2578	-489.729	170.4712	0.7745941	2.365525	0.7657353
7836	-311.1585	-480.2951	169.1366	1.639023	2.690798	0.9682744
7842	-310.4343	-479.3961	168.9618	1.697688	3.022091	0.7042509
7848	-312.5484	-481.2211	168.6727	1.3415	3.643595	0.7042509
7854	-314.6656	-482.9718	168.3062	1.025919	4.321131	0.7042509
7860	-323.004	-491.938	168.934	0.9736898	3.724664	0.738331
7866	-318.5434	-487.6064	169.063	0.4577272	4.04543	0.738331
7872	-322.426	-493.1288	170.7028	0.4577272	2.148849	1.036157
7878	-323.8603	-493.9461	170.0858	0.8312343	2.570222	0.9208157
7884	-329.1849	-499.3887	170.2038	0.7330434	2.570222	0.8947139
7890	-319.9452	-489.3176	169.3724	0.7330434	3.401594	0.8947139
7896	-330.9765	-501.5351	170.5586	0.5081	2.447433	0.8397683
7902	-326.3364	-497.2967	170.9603	0.4973125	1.430342	1.409912
7908	-319.768	-489.4535	169.6855	0.9524565	2.636508	1.130057
7914	-319.1584	-488.8618	169.7034	0.6997736	3.009387	0.9928233
7920	-320.1093	-489.8319	169.7226	1.030757	2.712383	0.9450286
7926	-312.9496	-482.828	169.8784	0.9387042	2.712383	0.8741822
7932	-326.9916	-497.4168	170.4252	0.8661598	2.216252	0.8987056
7938	-312.1754	-482.7944	170.619	0.4781015	2.036995	1.203699
7944	-321.746	-492.356	170.61	0.4228787	1.481018	1.65886
7950	-317.4663	-488.0713	170.605	0.8261617	1.155592	1.668102
7956	-312.2889	-483.1774	170.8885	0.5223475	1.508813	1.392248
7962	-323.0114	-493.5428	170.5314	0.4238067	1.581047	1.64328
7968	-323.3081	-493.3021	169.9941	1.198339	1.431119	1.64328
7974	-320.145	-490.3825	170.2375	0.5273061	2.509884	1.09583
7980	-327.7115	-498.4083	170.6967	0.4408842	2.065192	1.126625
7986	-314.9289	-485.4821	170.5531	0.8466706	1.877775	1.126625
7992	-329.4992	-500.029	170.5298	0.8466706	1.969379	1.063799
7998	-314.2792	-484.618	170.3388	0.760919	1.832008	1.410798
8004	-315.2647	-486.0625	170.7978	0.7057858	1.338973	1.47649
8010	-313.3773	-484.1378	170.7605	0.3605318	1.922577	1.209725
8016	-328.3561	-498.9955	170.6394	0.5221681	1.922577	1.260126
8022	-327.3221	-497.2704	169.9483	0.8818585	1.780746	1.65134
8028	-319.5749	-489.6852	170.1104	1.095464	2.220493	0.9860532
8034	-323.5985	-493.6049	170.0063	1.060235	2.117152	1.209373
8040	-312.2686	-482.6472	170.3786	0.8164758	1.881396	1.297462
8046	-317.8345	-489.0104	171.1759	0.476724	1.664102	1.038021
8052	-324.4237	-494.788	170.3643	0.4699165	2.324404	1.179299
8058	-321.1301	-491.3636	170.2335	0.8175279	2.093146	1.241669
8064	-321.1821	-491.1669	169.9848	0.8175279	2.690531	0.914267
8070	-322.263	-492.1726	169.9096	1.2888	2.063054	1.144298
8076	-326.7323	-496.6305	169.8982	0.6072884	3.091985	0.7629855
8082	-339.5418	-507.2756	167.7339	2.594314	3.575258	0.5351038
8088	-308.3008	-478.4311	170.1302	0.7593836	2.227722	1.262364
8094	-310.3976	-480.6115	170.2138	0.4660771	2.525595	1.136379
8100	-320.4473	-489.8239	169.3766	1.352752	2.680362	1.007566
8106	-317.09	-486.4352	169.3453	1.58819	2.736921	0.7067507
8112	-311.7282	-482.0422	170.314	0.4980092	2.561084	0.9913308
8118	-312.1198	-483.1193	170.9995	0.5821496	1.816147	0.9913308
8124	-314.5469	-484.8306	170.2837	1.026547	1.594946	1.433747
8130	-305.6736	-476.0973	170.4237	0.8203966	1.892604	1.247952
8136	-314.6774	-484.8646	170.1872	0.7834491	2.443704	0.9956604
8142	-319.881	-490.1626	170.2816	0.5712669	2.538209	0.9956604
8148	-328.7261	-498.4229	169.6968	0.6840439	3.027538	0.9956604
8154	-305.1638	-474.1403	168.9765	0.7454566	3.931974	0.696098
8160	-311.9428	-482.2385	170.2957	0.4042093	2.752191	0.8470128
8166	-303.0546	-472.3346	169.28	0.5326391	3.821765	0.6731925
8172	-311.4563	-479.7002	168.2439	1.706737	3.748862	0.6731925
8178	-316.569	-484.9772	168.4082	1.313486	3.910221	0.744512
8184	-317.9356	-487.6332	169.6976	1.066503	2.714242	0.9316244
8190	-312.0899	-482.849	170.7592	0.590093	2.223794	0.792747
8196	-318.807	-488.9587	170.1518	0.4186116	2.649392	1.098288
8202	-312.6509	-481.6889	169.0379	1.002983	3.568744	0.7718782
8208	-332.3129	-501.2741	168.9612	0.9975988	3.568744	0.8764457
8214	-328.7841	-498.0972	169.3131	0.6264206	3.694287	0.711375
8220	-308.9961	-477.8319	168.8358	0.7713364	4.033374	0.7210254
8226	-308.105	-477.8643	169.7593	0.5779144	3.246862	0.7739851
8232	-314.5392	-483.2205	168.6813	1.034349	3.987372	0.5953801
8238	-311.2279	-479.4803	168.2523	0.7142592	4.715879	0.6347737
8244	-317.7555	-486.5524	168.7969	0.4300121	4.268602	0.8151387
8250	-313.1246	-483.2594	170.1348	0.5238351	2.481693	1.213419
8256	-315.5855	-485.1157	169.5302	1.14087	2.947011	0.76039
8262	-311.3418	-481.3627	170.021	0.5518119	2.947011	0.8495895
8268	-315.8309	-484.5337	168.7028	0.8186002	4.187947	0.568442
8274	-318.6399	-488.1831	169.5432	0.966993	3.081167	0.7971117
8280	-308.977	-479.2804	170.3034	0.699934	2.146241	1.232404
8286	-311.7101	-482.1745	170.4644	0.596349	2.346884	0.9842935
8292	-299.7442	-469.6332	169.889	0.8341837	2.859199	0.807814
8298	-303.6141	-473.4961	169.882	0.8412942	2.859199	0.807814
8304	-318.0745	-488.2825	170.2081	0.8310577	2.485533	0.8786563
8310	-309.3526	-479.6214	170.2688	0.4372637	2.746588	0.8732312
8316	-329.9296	-499.6841	169.7545	0.3461121	3.133704	1.022028
8322	-312.8934	-483.1342	170.2408	0.4748749	2.773914	0.8530533
8328	-312.2254	-482.1142	169.8888	1.200017	2.391513	0.9305687
8334	-315.7329	-485.6823	169.9493	0.8231567	2.492771	1.137286
8340	-312.2863	-481.8949	169.6085	0.6919261	3.241613	0.8501609
8346	-307.5361	-477.2774	169.7414	1.048128	2.561305	1.059821
8352	-320.1585	-491.035	170.8765	0.778901	1.541696	1.195811
8358	-318.2191	-488.497	170.2779	0.742497	2.376281	1.011466
8364	-325.1317	-494.0453	168.9136	0.5218597	4.147085	0.7542839
8370	-310.1887	-479.3495	169.1608	0.8695524	3.585421	0.7625069
8376	-312.5665	-482.6684	170.1019	0.8989736	2.53967	0.8609272
8382	-313.3282	-483.5263	170.198	0.6287391	2.53967	1.030582
8388	-317.3877	-488.0023	170.6146	0.3900007	2.132732	1.152749
8394	-319.4876	-489.756	170.2683	0.5341013	2.043153	1.452221
8400	-327.0981	-497.4829	170.3848	1.197739	1.765657	1.06322
8406	-317.1905	-487.5518	170.3614	0.6350678	1.752524	1.540879
8412	-311.4888	-482.4642	170.9754	0.4209214	1.84418	1.080654
8418	-306.3065	-476.8475	170.541	0.4758595	1.960011	1.332735
8424	-315.762	-486.6013	170.8394	0.6086373	1.396427	1.466254
8430	-319.8472	-490.7195	170.8723	0.4693262	1.757798	1.229694
8436	-316.2301	-486.4658	170.2357	1.031996	2.072457	1.069859
8442	-314.497	-484.3804	169.8834	1.22697	2.228098	1.072821
8448	-302.4374	-472.9954	170.5581	0.4888965	2.274697	1.038426
8454	-301.8604	-472.3143	170.4539	0.704625	2.274697	0.9721648
8460	-305.0098	-475.0764	170.0666	0.9036464	2.490977	0.9496472
8466	-300.4778	-470.9967	170.5189	0.593612	2.294709	0.9841508
8472	-318.591	-488.506	169.9151	0.3366744	3.132324	0.8481818
8478	-318.4583	-488.2809	169.8226	0.5183515	3.099252	0.9290703
8484	-312.354	-481.4942	169.1402	1.554312	2.861992	0.8612472
8490	-318.384	-487.2065	168.8226	1.024544	3.737214	0.8064368
8496	-315.0969	-483.9169	168.82	0.6835358	4.072424	0.8064368
8502	-308.316	-477.4957	169.1797	0.4044836	3.981264	0.6823506
8508	-306.2876	-476.4493	170.1617	0.4214436	2.774206	0.9666274
8514	-304.4212	-474.3037	169.8824	1.346844	2.220613	0.9666274
8520	-309.097	-478.6367	169.5397	0.4192404	3.6257	0.6658758
8526	-312.0866	-481.6144	169.5278	0.5119008	3.455772	0.8640441
8532	-317.2901	-486.3804	169.0902	1.06657	3.48367	0.7255312
8538	-317.528	-486.1125	168.5845	1.559331	3.463898	0.7971919
8544	-310.5347	-480.261	169.7263	0.5186701	3.305362	0.7980703
8550	-319.1344	-489.5528	170.4185	0.5000685	2.423155	1.023337
8556	-319.264	-488.325	169.061	0.7908379	3.729143	0.8082047
8562	-321.0778	-491.3883	170.3105	0.5024386	2.640136	0.9086982
8568	-320.5581	-489.9896	169.4315	0.6703633	3.423461	0.8677434
8574	-313.0594	-482.6842	169.6248	0.581536	3.368637	0.7877617
8580	-316.679	-487.419	170.74	0.56206	2.09493	0.987533
8586	-308.7524	-479.4766	170.7241	0.4842871	1.891049	1.235373
8592	-312.149	-482.1749	170.0259	0.7220459	2.080775	1.487814
8598	-312.3097	-482.4093	170.0997	0.7220459	1.585734	1.791252
8604	-310.7066	-481.3389	170.6323	0.4465925	1.261705	1.791252
8610	-304.0137	-474.3956	170.3819	0.8493545	1.395664	1.639597
8616	-316.6505	-486.232	169.5815	1.35774	1.49932	1.776906
8622	-306.9449	-477.7555	170.8106	0.5100288	1.678227	1.326256
8628	-312.7478	-483.2608	170.513	0.678534	1.422396	1.643031
8634	-320.6049	-491.6468	171.0419	0.5031219	1.739081	1.079401
8640	-323.1982	-493.8974	170.6992	0.5981336	1.572755	1.445285
8646	-320.1743	-490.6501	170.4758	0.5789725	1.918679	1.361989
8652	-315.0791	-485.7652	170.6861	0.5651759	1.719046	1.361989
8658	-309.704	-479.9682	170.2643	0.4767014	2.416081	1.183417
8664	-313.6454	-483.9433	170.2979	1.31123	1.641826	1.154188
8670	-307.6747	-477.011	169.3363	1.31123	2.538391	1.210501
8676	-311.1972	-480.9682	169.771	1.359323	2.227139	1.058485
8682	-316.6249	-487.0486	170.4237	0.7374811	2.149369	1.093322
8688	-326.5292	-497.3461	170.8169	0.6718018	1.427508	1.417883
8694	-327.8723	-498.3051	170.4329	0.6244615	1.852901	1.417883
8700	-318.341	-488.6379	170.2969	0.5742397	2.497257	1.018879
8706	-324.3499	-494.037	169.6871	0.8231319	2.796667	1.099576
8712	-326.8985	-496.6372	169.7387	0.8231319	2.855268	0.9940608
8718	-324.2232	-494.0928	169.8696	0.8832463	2.855268	0.7735616
8724	-314.0933	-484.1392	170.0459	0.454559	3.010871	0.8131762
8730	-314.9125	-485.1429	170.2305	0.8177855	2.569506	0.7583202
8736	-317.0465	-487.4244	170.3779	0.8276507	2.115194	1.086983
8742	-315.6886	-486.8543	171.1657	0.3994345	1.670697	1.070208
8748	-321.2133	-490.9242	169.7109	1.035326	2.593549	1.070208
8754	-323.7182	-493.7959	170.0777	1.047478	2.138892	1.139401
8760	-306.8765	-477.0061	170.1296	0.8328268	2.218112	1.211254
8766	-312.0304	-482.5068	170.4764	0.7770178	1.620415	1.455755
8772	-313.7083	-484.4037	170.6954	0.4814289	1.747096	1.37666
8778	-324.7031	-495.5011	170.7981	0.7278568	1.848957	1.032026
8784	-306.6532	-476.5531	169.8999	0.570717	2.883486	1.032026
8790	-311.9807	-480.7791	168.7984	0.9522932	3.920115	0.67209
8796	-318.8059	-488.9785	170.1726	0.5108566	2.652851	1.032456
8802	-323.5604	-493.6027	170.0423	1.13194	2.172155	1.064295
8808	-322.6027	-493.3532	170.7506	0.4088316	2.089921	1.064295
8814	-306.6947	-476.7885	170.0937	0.6534476	2.524568	1.122103
8820	-303.3521	-473.849	170.4969	0.3200784	2.524568	0.8722691
8826	-307.3889	-477.4783	170.0894	0.3480435	3.034813	0.7483679
8832	-314.5446	-484.2823	169.7377	0.6625912	3.133151	0.8570834
8838	-307.0545	-477.5066	170.452	0.4297548	2.363626	1.081461
8844	-318.5752	-488.7191	170.1439	1.064923	1.798555	1.354025
8850	-312.5711	-483.2126	170.6415	0.5392347	1.793274	1.35364
8856	-311.6169	-482.0434	170.4266	0.9112447	1.745736	1.292701
8862	-319.2858	-489.8012	170.5155	0.6051685	2.203053	1.067731
8868	-315.8767	-486.0039	170.1272	0.2576876	2.782105	0.9376649
8874	-305.08	-475.0884	170.0084	0.6726806	2.782105	0.9376649
8880	-311.3467	-482.05	170.7033	0.3904903	2.066355	1.132759
8886	-335.1932	-505.0474	169.8542	1.13795	1.388257	1.813882
8892	-332.7686	-503.1812	170.4126	1.027324	1.979845	0.9925393
8898	-328.989	-498.5532	169.5642	0.9387089	2.8964	1.012937
8904	-314.9741	-484.8854	169.9113	0.7682132	2.8964	0.8137376
8910	-309.8727	-480.3974	170.5247	0.7783549	2.134182	0.972292
8916	-311.595	-481.9932	170.3982	0.6824708	2.242199	1.078088
8922	-319.7093	-489.3251	169.6159	0.9843674	2.953358	0.8454139
8928	-316.7554	-487.3195	170.5642	0.5450203	2.41217	0.8454139
8934	-322.8485	-492.5093	169.6608	0.362978	3.451827	0.7674886
8940	-313.1794	-483.1789	169.9994	0.7216569	2.799581	0.8782869
8946	-318.0607	-488.5836	170.5229	0.4198644	2.650916	0.6477846
8952	-324.628	-494.4153	169.7873	0.4273373	3.28935	0.8018045
8958	-320.0943	-489.507	169.4127	0.48333	3.584669	0.8681913
8964	-322.6041	-492.8774	170.2733	0.6511296	2.558716	0.9133296
8970	-332.9996	-502.8978	169.8982	0.5492907	3.075958	0.8442663
8976	-323.6939	-493.7955	170.1016	0.5384809	2.840496	0.8912802
8982	-317.8586	-488.4804	170.6218	0.537585	2.244106	0.9741781
8988	-304.7317	-474.2951	169.5634	0.7843412	3.243806	0.7937996
8994	-308.1372	-477.875	169.7378	0.6629814	3.243806	0.7010351
9000	-323.8283	-493.1415	169.3132	1.060129	3.2299	0.780929
9006	-317.3689	-486.8757	169.5068	0.8767687	3.041546	0.98678
9012	-309.1909	-479.4418	170.2509	0.5783464	2.706929	0.8372654
9018	-312.1115	-482.1402	170.0287	0.6480676	2.754096	0.9687305
9024	-307.7339	-477.3381	169.6042	0.785355	3.122811	0.8914178
9030	-306.4705	-475.1372	168.6667	1.535274	3.474661	0.6888261
9036	-308.2281	-477.0348	168.8066	1.128342	3.605583	0.8615273
9042	-314.3973	-485.397	170.9996	0.4760742	2.149054	0.6492093
9048	-308.9472	-478.8679	169.9208	0.9540344	2.44641	1.087485
9054	-322.6891	-492.3966	169.7075	0.9540344	2.456162	1.264714
9060	-317.7708	-487.9923	170.2215	0.5960351	2.456162	1.112371
9066	-322.2894	-492.4758	170.1864	1.043435	2.00659	1.163822
9072	-315.2873	-485.1564	169.8691	1.043435	2.553557	0.9446892
9078	-314.3728	-483.1613	168.7884	0.974812	3.847454	0.7704196
9084	-305.8637	-476.1918	170.328	1.078288	2.025472	0.9804356
9090	-312.5034	-483.1481	170.6447	0.6382221	2.041959	1.071476
9096	-306.2519	-476.8601	170.6082	0.7444253	1.615639	1.381729
9102	-323.4881	-493.7386	170.2505	0.6206824	2.074707	1.38969
9108	-320.5301	-491.4042	170.8741	0.7979358	1.727201	1.011257
9114	-304.9149	-475.2424	170.3275	0.892191	2.18109	1.011257
9120	-305.6604	-476.4626	170.8022	0.5733348	1.270732	1.607999
9126	-307.7641	-478.523	170.7589	0.5266224	1.900259	1.175106
9132	-313.4337	-483.6322	170.1985	0.6708991	2.094384	1.380806
9138	-306.2881	-476.2246	169.9365	0.8331021	2.687944	0.9527128
9144	-311.0319	-480.9513	169.9193	0.8368847	2.701387	0.9527128
9150	-300.3435	-469.9754	169.6319	0.5018501	3.487392	0.6783389
9156	-300.8372	-471.5962	170.7591	0.5494921	2.050594	1.02195
9162	-308.5503	-478.9869	170.4366	0.5494921	2.228782	1.155476
9168	-309.7575	-479.6501	169.8926	0.7589558	2.396856	1.318639
9174	-310.6884	-481.2754	170.587	0.7309686	1.949986	1.131688
9180	-320.8619	-491.5299	170.668	0.6285431	1.709182	1.343507
9186	-312.4202	-483.1306	170.7104	0.5323944	1.910093	1.205051
9192	-321.6323	-491.9626	170.3304	0.6012669	2.073366	1.340477
9198	-323.0992	-493.4987	170.3995	0.5452903	2.263695	1.160098
9204	-327.0302	-497.3387	170.3085	0.7148709	2.004972	1.33274
9210	-329.9363	-500.3273	170.3909	0.4212561	1.800851	1.586428
9216	-333.2916	-503.1236	169.832	0.8765048	2.089293	1.514723
9222	-328.3613	-498.8543	170.493	0.6125061	2.013898	1.248852
9228	-329.7279	-500.5239	170.796	0.6125061	1.895902	1.086948
9234	-325.3415	-495.1863	169.8447	0.6257334	2.734674	1.177726
9240	-319.1787	-489.9692	170.7904	0.6049236	1.806362	1.177726
9246	-326.0312	-495.869	169.8378	1.294061	2.056662	1.207853
9252	-311.7168	-481.9038	170.187	0.5699373	2.572973	1.055093
9258	-316.7673	-486.2631	169.4958	0.3462977	3.571566	0.8259427
9264	-316.9578	-486.5875	169.6297	0.4217473	3.354192	0.9153602
9270	-311.9857	-481.3941	169.4085	0.9143862	3.321413	0.7190819
9276	-321.5112	-490.5039	168.9927	1.230296	3.422996	0.7190819
9282	-303.5178	-473.503	169.9852	0.8489095	2.796915	0.7392541
9288	-318.33	-488.7621	170.4321	0.3055376	2.571913	0.88379
9294	-306.8345	-477.4083	170.5738	0.5676005	2.198988	1.044578
9300	-305.1543	-475.7436	170.5893	0.8043464	1.804545	1.195599
9306	-311.5187	-482.0526	170.5339	0.5934111	2.027433	1.216217
9312	-306.4005	-476.6732	170.2727	0.8806578	1.908478	1.310186
9318	-308.0371	-478.5163	170.4792	0.8550321	1.98649	1.087407
9324	-328.7731	-499.0803	170.3071	0.6982053	1.9761	1.368932
9330	-325.5388	-496.046	170.5072	0.611735	1.739013	1.456358
9336	-318.0399	-488.3132	170.2733	0.611735	1.972994	1.456358
9342	-318.3992	-488.4757	170.0765	1.108755	2.141139	1.082928
9348	-310.4382	-481.0816	170.6434	0.5630734	1.837173	1.302879
9354	-306.148	-476.992	170.8441	0.4952497	1.837173	1.173417
9360	-310.9396	-481.9169	170.9773	0.394044	1.736373	1.181567
9366	-314.1204	-484.5456	170.4252	0.479751	2.408063	1.042957
9372	-316.9422	-487.4369	170.4948	0.3137694	2.408063	0.9968317
9378	-316.6427	-486.3275	169.6848	1.374185	2.461556	0.8912214
9384	-316.7425	-487.2131	170.4706	0.5845187	1.937439	1.347799
9390	-326.9084	-497.0489	170.1405	0.9070008	2.026343	1.300607
9396	-318.1505	-488.3479	170.1974	0.9070008	2.281411	1.026053
9402	-321.9762	-492.1056	170.1294	0.5349798	2.694313	1.018342
9408	-328.0358	-498.3409	170.3052	0.5792617	2.390929	1.107743
9414	-320.9014	-491.2299	170.3285	0.7481662	2.290396	1.040708
9420	-314.432	-484.7623	170.3303	0.8961381	2.065879	1.113794
9426	-320.4346	-490.2215	169.7869	1.532968	1.987165	1.113794
9432	-318.3653	-489.0016	170.6363	0.4513981	2.090173	1.154144
9438	-314.8387	-484.97	170.1313	0.9944868	1.719173	1.479589
9444	-312.6915	-482.7169	170.0254	1.190456	2.088116	1.104246
9450	-333.2023	-503.4412	170.2389	0.5904602	2.58384	0.9774256
9456	-314.3836	-485.0429	170.6593	0.8796596	1.731135	1.133705
9462	-315.9193	-485.2113	169.292	1.23246	3.096672	0.7576051
9468	-307.7688	-476.2736	168.5049	1.23246	3.883644	0.7578662
9474	-316.4572	-486.005	169.5477	0.4398318	3.602547	0.6808862
9480	-310.4114	-480.6365	170.2251	0.6992031	2.70874	0.7261108
9486	-317.9821	-488.2809	170.2988	0.568576	2.70874	0.7821166
9492	-314.7066	-484.7495	170.0429	0.707994	2.655884	0.9993004
9498	-322.8567	-492.921	170.0642	0.707994	2.599769	1.033496
9504	-311.1418	-481.6989	170.5571	0.5856841	2.142653	1.099784
9510	-317.2662	-487.4911	170.2249	0.5545406	2.649762	0.9523406
9516	-316.9663	-487.3894	170.4231	0.9889743	1.926882	1.07098
9522	-311.4685	-481.2388	169.7702	1.186559	2.43445	1.021748
9528	-315.8045	-485.1167	169.3123	0.7293139	3.406444	0.9585714
9534	-315.7141	-485.7278	170.0137	0.5846799	3.000982	0.7539889
9540	-321.2376	-490.8716	169.634	0.5812765	3.297954	0.8658713
9546	-311.5698	-481.4583	169.8885	0.3696811	3.227644	0.7625237
9552	-316.0052	-485.4466	169.4415	0.3856054	3.771123	0.5542958
9558	-318.4333	-488.5857	170.1523	1.013916	2.434322	0.7846072
9564	-320.3098	-490.5197	170.2099	0.9363148	2.434322	0.811389
9570	-310.7292	-481.1449	170.4157	0.6979619	1.740444	1.467255
9576	-308.2985	-478.8443	170.5458	0.6979619	1.953855	1.191359
9582	-317.2598	-488.0427	170.7829	0.6728033	1.878486	1.06664
9588	-326.3214	-496.0763	169.755	1.013933	2.538188	1.10053
9594	-322.7327	-492.4557	169.723	0.5056575	3.204198	0.932176
9600	-310.9352	-480.8187	169.8835	0.9393666	2.772583	0.7914784
9606	-309.6117	-479.2915	169.6799	0.9325971	2.772583	1.026887
9612	-318.3265	-488.1307	169.8042	0.5899305	2.981434	1.015064
9618	-311.4296	-481.1016	169.672	0.7394522	2.981434	1.015064
9624	-310.2484	-480.5708	170.3224	0.5018529	2.307997	1.213701
9630	-330.6586	-499.941	169.2825	1.687294	2.542437	0.9244698
9636	-322.0602	-491.3982	169.338	1.368907	2.751114	0.9590117
9642	-324.4933	-494.1787	169.6854	1.292503	2.047657	1.341943
9648	-325.8631	-495.1919	169.3288	1.292503	2.390662	1.352787
9654	-315.5149	-485.9139	170.399	0.7816408	1.913038	1.282589
9660	-319.5073	-490.0016	170.4943	0.6488858	1.913038	1.305127
9666	-315.7574	-486.1733	170.4159	0.7174831	2.09276	1.1679
9672	-309.6527	-479.9015	170.2488	0.8899502	2.09276	1.1679
9678	-315.9827	-486.9468	170.9641	0.4146694	1.760485	1.1679
9684	-311.8327	-482.1672	170.3345	0.6999066	1.760485	1.511952
9690	-311.3043	-482.0542	170.7499	0.6999066	1.626126	1.293354
9696	-309.8521	-480.1295	170.2774	0.6999066	2.327884	1.095893
9702	-303.4724	-474.1129	170.6404	0.5086503	2.029693	1.175878
9708	-317.4362	-487.9966	170.5604	0.5470477	1.708233	1.477788
9714	-316.4456	-487.2261	170.7805	0.5470477	1.786358	1.24159
9720	-321.5225	-491.3397	169.8171	0.5821115	2.532826	1.394991
9726	-315.9768	-486.3199	170.3431	0.7544941	2.279635	1.031162
9732	-327.9851	-498.091	170.1059	0.7544941	2.516793	1.031162
9738	-336.9395	-507.0711	170.1316	0.6714216	1.503356	1.857908
9744	-312.0175	-482.0196	170.0021	0.6924223	2.599994	1.105095
9750	-308.7387	-479.0712	170.3325	0.6924223	2.551928	0.8063929
9756	-309.2118	-478.9981	169.7864	0.6268767	2.968846	1.014987
9762	-311.8552	-482.0893	170.2341	0.6224922	2.657193	0.8740597
9768	-310.9624	-481.1846	170.2222	0.6548684	2.653436	0.8595679
9774	-307.8058	-478.5846	170.7788	0.7545659	1.810737	1.06291
9780	-305.5198	-476.6502	171.1303	0.5257635	1.384016	1.297235
9786	-302.5091	-473.1388	170.6297	0.6444345	1.529919	1.500765
9792	-312.6458	-483.7051	171.0592	0.4275796	1.246235	1.500765
9798	-315.254	-485.9964	170.7424	0.4772059	1.673268	1.39949
9804	-297.3829	-467.3705	169.9876	1.012787	1.949067	1.39949
9810	-320.7362	-491.3898	170.6535	0.792974	1.949067	1.014709
9816	-318.4251	-488.6462	170.2211	0.3690832	2.226275	1.40108
9822	-321.3636	-491.7078	170.3442	0.3690832	2.457255	1.10567
9828	-303.2353	-473.2914	170.056	0.4817156	2.954117	0.8540326
9834	-308.5473	-478.6629	170.1156	0.9392498	2.573497	0.7444125
9840	-318.662	-487.6246	168.9626	0.36971	4.13505	0.7885976
9846	-310.3377	-480.8091	170.4714	0.4316805	2.456778	0.9709072
9852	-314.9339	-484.8726	169.9388	0.5214787	2.874957	1.037085
9858	-320.3268	-490.4679	170.1411	0.5214787	2.851688	0.8452973
9864	-316.6082	-486.5597	169.9516	0.7317867	2.790605	0.9312021
9870	-325.5321	-494.31	168.7779	1.925735	2.790605	0.9734481
9876	-326.8486	-496.3966	169.548	1.925735	1.632599	1.319495
9882	-325.7237	-496.3538	170.6302	0.5646036	1.735724	1.393125
9888	-328.3207	-497.5259	169.2052	1.648859	2.403135	1.166371
9894	-325.1702	-493.9538	168.7836	1.120888	3.708206	0.7678954
9900	-311.2851	-480.722	169.4369	0.4119742	3.7265	0.6740117
9906	-300.3626	-469.3208	168.9583	0.9657898	3.7265	0.7087856
9912	-303.1561	-472.087	168.9308	1.021851	3.641819	0.7928642
9918	-318.2501	-485.632	167.3819	1.234083	5.089451	0.5929619
9924	-308.4036	-478.5667	170.1631	0.6424254	2.653162	0.9387463
9930	-305.3214	-475.8419	170.5205	0.5241854	2.315502	1.013522
9936	-305.042	-475.3607	170.3188	0.8485368	2.058705	1.172288
9942	-308.316	-478.2911	169.9752	1.064113	2.157282	1.198392
9948	-309.3319	-479.4006	170.0687	0.7700596	2.327979	1.221409
9954	-312.784	-482.8907	170.1068	0.6601033	2.520093	1.109039
9960	-306.5326	-476.949	170.4165	0.8034106	1.918339	1.246354
9966	-310.7561	-481.2704	170.5143	0.5076064	2.450194	0.8893648
9972	-310.5028	-481.1332	170.6304	0.6172165	2.105575	1.041621
9978	-310.6781	-480.1166	169.4384	1.356362	2.524302	1.094165
9984	-324.9688	-494.6803	169.7115	1.036455	2.285002	1.333661
9990	-317.3342	-487.6735	170.3393	0.5651872	2.285002	1.181145
9996	-306.5199	-476.9289	170.409	0.6161881	2.349373	1.020714
10002	-309.6493	-480.8739	171.2245	0.569543	1.703948	0.8806009
10008	-318.9477	-488.7671	169.8194	0.3772974	3.180345	0.9077862
10014	-323.2468	-494.0337	170.7869	0.2842199	2.058633	1.033023
10020	-324.3275	-494.1102	169.7826	1.012153	2.32234	1.265227
10026	-317.6325	-487.7	170.0675	0.4644714	3.006901	0.7831661
10032	-314.02	-482.3795	168.3595	1.329419	3.9841	0.6758213
10038	-335.2993	-503.8195	168.5201	0.8008193	4.346187	0.6758213
10044	-329.0453	-497.4841	168.4388	0.8511556	4.346187	0.7313387
10050	-328.4578	-497.9592	169.5014	0.7583728	3.408919	0.6698133
10056	-341.7871	-511.3372	169.5501	0.6022777	3.443492	0.7641547
10062	-323.5154	-493.215	169.6996	0.7200915	3.186702	0.7687781
10068	-318.4221	-488.4125	169.9905	0.5774764	2.760388	1.058173
10074	-313.2041	-483.0978	169.8937	0.8105681	2.870737	0.8166694
10080	-312.6274	-481.8959	169.2685	1.063718	3.302778	0.7341759
10086	-319.6944	-488.8063	169.112	1.324886	3.133466	0.8295957
10092	-312.2734	-481.9995	169.7262	0.2459441	3.259122	0.8295957
10098	-324.8839	-494.7308	169.8469	0.6740427	3.036056	0.8295957
10104	-311.6123	-482.1326	170.5203	0.6740427	2.404139	0.7745753
10110	-311.3114	-481.2794	169.968	0.5763993	2.593417	1.227581
10116	-321.6079	-491.5867	169.9788	1.140425	2.3389	0.9534651
10122	-319.2906	-489.5421	170.2515	0.8078322	1.751904	1.503752
10128	-324.3299	-494.5908	170.2609	0.6436618	1.751904	1.609504
10134	-329.4384	-499.8325	170.3941	0.5551436	1.936162	1.426219
10140	-327.7969	-498.138	170.3411	0.820446	1.820243	1.373275
10146	-327.5455	-498.4313	170.8859	0.5494563	1.514075	1.375315
10152	-310.7622	-481.2083	170.4461	1.020154	1.602394	1.3049
10158	-318.327	-489.0622	170.7352	0.4453155	2.072075	1.083478
10164	-321.4219	-491.461	170.0391	0.4561719	3.048668	0.7701314
10170	-329.1204	-499.1111	169.9907	0.8475512	2.194541	1.333172
10176	-327.4611	-497.5464	170.0853	0.7443384	2.534451	1.04335
10182	-339.0623	-508.4003	169.338	1.167865	2.989721	0.9134363
10188	-333.9419	-504.1441	170.2022	0.7502128	2.200966	1.231938
10194	-321.3842	-492.5545	171.1703	0.557176	1.643982	1.011822
10200	-318.1494	-488.4977	170.3483	0.3816926	2.506453	1.055424
10206	-317.2432	-488.0843	170.8411	0.3243179	2.003593	1.058066
10212	-314.3887	-485.1936	170.805	0.4951065	2.003593	1.058066
10218	-325.57	-495.7713	170.2014	0.6363832	2.003593	1.471871
10224	-322.8953	-493.5599	170.6647	0.477025	1.669555	1.462141
10230	-319.3607	-489.396	170.0353	1.283446	1.572175	1.446774
10236	-317.765	-488.4071	170.6421	0.556218	2.161018	1.023501
10242	-318.7561	-488.7518	169.9957	1.015764	2.279425	1.115249
10248	-325.6658	-496.0149	170.3491	0.689302	2.175695	1.176466
10254	-320.7519	-491.3116	170.5598	0.7625007	1.855529	1.211755
10260	-312.9431	-483.227	170.2839	0.457062	2.743738	0.8483218
10266	-318.4169	-487.894	169.4771	1.12647	2.861446	0.9460991
10272	-315.5395	-485.5252	169.9857	1.12647	2.352908	0.9460991
10278	-312.3013	-482.2033	169.902	1.372558	1.999756	1.13534
10284	-303.6291	-474.0433	170.4142	0.6231599	2.158287	1.185629
10290	-315.6301	-485.8346	170.2045	0.8649572	2.141437	1.185629
10296	-315.5463	-485.707	170.1607	0.8649572	1.89717	1.419729
10302	-316.9313	-487.7334	170.8021	0.5435979	1.970582	1.06159
10308	-326.2612	-496.7052	170.444	0.7384585	1.999404	1.207257
10314	-307.5111	-478.1112	170.6001	0.7384585	1.927608	1.133646
10320	-302.6436	-473.1279	170.4843	0.5104204	2.439776	0.9322008
10326	-311.9867	-481.9905	170.0038	0.8996833	2.574049	0.9322008
10332	-321.3169	-490.861	169.5441	1.303756	2.656964	0.9061982
10338	-322.9406	-492.5219	169.5813	0.5257663	3.42221	0.8284669
10344	-312.0571	-482.6449	170.5878	0.620974	2.067615	1.113869
10350	-316.3154	-486.7597	170.4442	1.264287	1.656118	1.048826
10356	-303.5967	-473.9281	170.3314	0.9736531	2.188177	0.915282
10362	-303.8482	-474.2464	170.3982	0.806146	1.881611	1.28957
10368	-307.4249	-478.125	170.7	0.5251085	1.848531	1.269584
10374	-304.73	-474.8789	170.1489	0.654812	2.414219	1.169961
10380	-310.5641	-480.8939	170.3299	0.9211992	2.369909	0.755378
10386	-301.2818	-472.1285	170.8467	0.6520368	1.572316	1.293439
10392	-307.7748	-478.134	170.3592	0.4659457	2.352143	1.161315
10398	-310.6968	-480.6276	169.9308	1.025859	2.352143	1.098943
10404	-306.0773	-476.3802	170.3029	0.4149691	2.784538	0.7926108
10410	-312.5623	-481.8795	169.3172	0.5590231	3.689986	0.7926108
10416	-312.8223	-481.5293	168.707	0.3262315	4.442939	0.6972987
10422	-316.4453	-483.8954	167.4501	1.74174	4.546603	0.5873738
10428	-311.2621	-481.0576	169.7955	0.5491211	3.288636	0.6843086
10434	-311.0644	-480.1626	169.0982	0.925163	3.638123	0.6894339
10440	-323.9869	-493.315	169.3281	0.9619763	3.344705	0.7344898
10446	-334.7856	-503.944	169.1583	1.495393	2.897463	0.8628177
10452	-325.4051	-495.5755	170.1705	0.5647552	2.700077	0.9485547
10458	-314.7515	-484.9191	170.1676	0.9387103	2.125294	1.168006
10464	-307.5263	-477.5738	170.0475	0.9387103	2.112733	1.280199
10470	-311.9157	-481.8576	169.942	0.9313464	2.325088	1.196726
10476	-319.4052	-489.981	170.5758	0.4477432	1.905751	1.359216
10482	-318.9653	-489.8288	170.8634	0.5961905	1.779695	1.143279
10488	-313.3384	-483.7889	170.4505	0.4517237	2.249886	1.17687
10494	-314.5544	-484.7839	170.2295	0.3866941	2.739273	0.9405227
10500	-312.7557	-482.9634	170.2077	1.090251	2.172125	0.9405227
10506	-303.6809	-474.1174	170.4366	0.6378212	2.370626	0.9525854
10512	-320.2091	-490.2946	170.0855	0.8170422	2.428014	1.077597
10518	-321.9258	-492.3084	170.3826	0.4952641	2.466773	1.018577
10524	-324.9179	-495.5162	170.5983	0.5612829	1.736817	1.418965
10530	-324.5711	-494.9677	170.3965	0.5612829	1.93857	1.418965
10536	-315.7586	-486.2574	170.4988	0.6612184	1.992983	1.22639
10542	-318.7719	-488.7649	169.993	0.6612184	2.748609	0.9987965
10548	-326.3724	-495.6839	169.3115	1.446749	2.8447	0.7939008
10554	-314.9442	-485.224	170.2798	0.6945485	2.441066	0.9894656
10560	-321.2282	-490.7601	169.5319	0.6945485	3.345938	0.8123604
10566	-339.5698	-509.2628	169.693	0.3675084	3.345938	0.8631175
10572	-328.1779	-497.9315	169.7536	0.4199835	3.267406	0.8738657
10578	-330.866	-500.7066	169.8406	0.6045607	3.074743	0.8633268
10584	-329.5001	-499.2382	169.7381	1.080645	2.774579	0.7945216
10590	-325.4047	-495.8213	170.4166	0.5761733	2.402486	0.9926149
10596	-324.1978	-493.8478	169.65	0.7066048	3.020101	1.028843
10602	-314.3604	-484.6591	170.2987	0.3817598	2.49905	1.108454
10608	-340.2596	-509.2241	168.9645	0.8698157	3.72145	0.8421643
10614	-337.4036	-505.9791	168.5755	1.650891	3.463637	0.6810802
10620	-329.3868	-500.1991	170.8123	0.3352883	1.862569	1.213251
10626	-327.7787	-498.3222	170.5435	0.2144058	2.148796	1.071805
10632	-311.6461	-481.3117	169.6656	0.4839745	3.411157	0.7651081
10638	-319.7238	-489.0701	169.3464	0.6896855	3.518605	0.8344566
10644	-330.1356	-500.1801	170.0445	0.7202583	2.658359	0.9836286
10650	-318.4433	-488.5933	170.15	0.4446293	2.73373	1.010598
10656	-316.2056	-486.0892	169.8836	0.9370524	2.797032	0.760204
10662	-310.5236	-479.4546	168.9309	0.4899574	4.186812	0.6944438
10668	-306.4891	-476.2633	169.7742	0.6746752	3.015257	0.9368949
10674	-303.2525	-473.3534	170.1008	1.124454	2.248361	0.9368949
10680	-301.9454	-472.2115	170.2661	0.5695204	2.259527	1.261909
10686	-319.705	-489.758	170.053	1.056961	2.150804	1.14235
10692	-322.2424	-491.7652	169.5229	0.9044641	2.615581	1.325557
10698	-305.861	-475.8605	169.9995	0.3476777	3.129282	0.7413267
10704	-315.938	-485.7437	169.8057	1.037918	2.625976	0.9409021
10710	-326.6361	-496.8322	170.1961	0.4114565	2.367019	1.304297
10716	-323.3484	-493.2591	169.9106	0.9296592	2.268362	1.272167
10722	-327.6196	-497.2718	169.6522	1.319704	2.539682	0.899093
10728	-319.9361	-489.4176	169.4816	1.011036	2.970013	0.9483484
10734	-317.8141	-488.0665	170.2524	0.8436193	2.36581	0.9483484
10740	-303.9157	-474.1172	170.2015	0.6671589	2.583911	0.9483484
10746	-301.2512	-471.3789	170.1277	0.611619	2.805407	0.8346046
10752	-297.2983	-467.6519	170.3537	0.5245717	2.560009	0.933369
10758	-313.2018	-481.2131	168.0113	0.7980521	4.906996	0.5235946
10764	-310.7079	-477.1884	166.4805	2.379754	4.995019	0.5203063
10770	-307.8459	-478.2513	170.4054	0.5019988	2.718951	0.6683366
10776	-317.9813	-488.4815	170.5002	0.4395044	2.541558	0.8405498
10782	-311.6528	-481.4946	169.8418	0.8863794	2.622747	1.059431
10788	-318.4571	-488.3367	169.8796	1.186706	2.390344	0.9555631
10794	-326.9455	-497.3728	170.4274	0.9627183	1.8619	1.150095
10800	-334.8595	-505.504	170.6445	0.9172172	1.338538	1.43742
10806	-335.8508	-506.4534	170.6026	0.7058777	1.59454	1.430395
10812	-319.392	-489.8126	170.4206	1.011968	1.804252	1.163456
10818	-312.143	-481.5056	169.3626	0.5090002	3.703434	0.7587385
10824	-308.0518	-477.8428	169.7909	0.6629247	3.162845	0.7461772
10830	-314.4255	-484.7511	170.3257	0.673945	2.300337	1.098538
10836	-304.8113	-475.0946	170.2833	0.4640057	2.498961	1.098538
10842	-314.6518	-485.3852	170.7333	1.009822	1.43971	1.210098
10848	-314.8154	-485.4142	170.5988	0.936627	1.43971	1.379398
10854	-315.391	-486.128	170.737	0.5766337	1.84963	1.205999
10860	-312.8271	-483.1189	170.2918	0.5907653	2.574895	0.9309494
10866	-322.8736	-493.5785	170.7049	0.3189673	2.226309	0.9705184
10872	-312.5159	-482.8014	170.2855	0.516398	2.566583	1.00274
10878	-313.8895	-484.2074	170.3179	0.6587641	2.465168	0.9587125
10884	-320.0607	-490.7105	170.6498	0.4390505	2.26315	0.9835887
10890	-320.7762	-490.339	169.5627	1.431043	2.504005	0.9195417
10896	-314.5366	-484.4661	169.9295	1.010763	2.516919	0.9540323
10902	-315.4148	-484.7989	169.3841	1.071716	3.172237	0.7450082
10908	-319.312	-488.588	169.276	0.6323096	3.705306	0.7450082
10914	-311.0394	-479.8148	168.7754	1.191777	3.705306	0.6706044
10920	-307.7312	-476.643	168.9117	1.505536	3.043393	0.9637021
10926	-313.6319	-483.1035	169.4717	1.338744	2.809216	0.7639766
10932	-310.4969	-480.391	169.8941	0.887912	2.78651	0.8265192
10938	-313.426	-483.4635	170.0376	1.058809	2.308646	1.007329
10944	-311.7804	-482.2965	170.5161	0.6391909	1.755781	1.418834
10950	-319.7969	-490.3532	170.5563	0.7193036	1.924936	1.190204
10956	-312.859	-483.5334	170.6744	0.7193036	2.158674	0.8401695
10962	-318.393	-489.1881	170.7951	0.6848254	1.982769	0.9395103
10968	-328.3186	-499.0922	170.7736	0.4558646	1.982769	1.125699
10974	-319.2121	-489.1043	169.8921	0.595764	3.05261	0.8363527
10980	-315.0155	-482.8044	167.7889	1.223241	4.68184	0.6245358
10986	-311.9845	-482.0716	170.0871	1.527929	1.930423	0.8720672
10992	-319.7004	-487.8735	168.1731	1.529056	3.905985	0.7936601
10998	-313.2661	-482.375	169.1089	1.695876	2.597748	1.03733
11004	-326.1756	-495.6151	169.4395	0.4630268	3.57392	0.861928
11010	-318.9794	-489.0943	170.1148	0.7648708	2.462467	1.065137
11016	-315.4699	-485.6199	170.1499	0.933711	2.25038	1.075568
11022	-324.0287	-493.9454	169.9167	0.933711	2.48363	1.075568
11028	-321.9621	-492.7821	170.82	0.7972555	1.376154	1.363588
11034	-315.7283	-486.3178	170.5894	0.6237966	2.284672	0.8925801
11040	-315.7691	-486.1026	170.3335	0.6237966	2.014189	1.370035
11046	-312.8815	-483.8483	170.9668	0.5813917	1.51563	1.289823
11052	-311.4494	-481.7682	170.3188	0.6536382	1.573475	1.689686
11058	-310.4538	-480.5406	170.0867	1.011796	1.222703	1.854322
11064	-320.3125	-490.5806	170.2681	1.067558	1.52179	1.470178
11070	-326.7813	-497.3471	170.5658	0.8830473	1.497466	1.401715
11076	-311.9669	-482.1594	170.1925	0.8898348	2.047166	1.254734
11082	-308.7585	-478.4674	169.7089	1.192476	2.26714	1.223072
11088	-314.9853	-484.9794	169.9942	0.605004	2.549668	1.223072
11094	-302.4053	-472.5483	170.1431	0.605004	2.482903	1.152116
11100	-306.6051	-476.8299	170.2248	0.8761726	1.908725	1.351861
11106	-318.7637	-489.1331	170.3694	0.5554859	1.658732	1.650035
11112	-306.1268	-476.3674	170.2406	0.9778925	2.10752	1.083049
11118	-301.8813	-471.9973	170.116	0.8885671	2.21952	1.174352
11124	-312.0253	-482.8432	170.8179	0.5061772	1.855525	1.174352
11130	-314.7405	-484.2397	169.4992	1.18871	2.6257	1.095349
11136	-312.2337	-481.2178	168.9841	1.240359	3.39105	0.7660565
11142	-310.0839	-478.8968	168.8129	1.123064	3.604005	0.8621601
11148	-299.9339	-470.0405	170.1066	0.5629389	2.87138	0.8269174
11154	-314.175	-484.0573	169.8823	0.617985	2.636261	1.235279
11160	-314.6292	-484.4614	169.8322	1.001783	2.612902	0.9647905
11166	-320.868	-490.0702	169.2022	1.336711	2.883211	0.9946322
11172	-321.3087	-491.8195	170.5108	0.726202	2.086507	1.08073
11178	-313.8307	-484.5712	170.7405	0.7036388	1.964894	0.9967017
11184	-306.9362	-476.7252	169.7891	1.046896	2.582821	0.9935545
11190	-311.557	-482.0785	170.5215	0.3419279	2.542494	0.8292178
11196	-315.0393	-485.0652	170.0259	0.6795474	2.921872	0.7325165
11202	-315.1314	-485.4155	170.284	0.8064709	2.468246	0.8371123
11208	-317.4385	-487.3046	169.8661	1.109795	2.372427	1.062384
11214	-309.567	-479.3353	169.7683	0.4637019	3.339028	0.7355403
11220	-304.1882	-474.5122	170.3241	0.4003716	2.679867	0.8994126
11226	-307.9178	-477.8383	169.9205	1.009965	2.531388	0.9491978
11232	-304.7574	-475.2203	170.4629	0.7765894	2.058901	1.106167
11238	-316.8363	-487.6434	170.8071	0.3053791	1.943588	1.135887
11244	-309.1192	-479.2181	170.0989	1.029122	2.124213	1.149923
11250	-316.3009	-486.5143	170.2133	0.8336535	2.213181	1.142002
11256	-330.5039	-500.4946	169.9907	0.8694546	2.213181	1.300717
11262	-329.2442	-499.1003	169.8561	0.8694546	2.74199	0.9426598
11268	-319.2248	-489.0737	169.849	0.3818102	3.07067	0.991984
11274	-322.7767	-493.2166	170.4398	0.4956272	2.291544	1.128889
11280	-317.313	-487.8173	170.5043	0.5640235	2.291544	1.024926
11286	-318.0182	-487.8698	169.8516	0.4348368	3.137435	0.9044545
11292	-327.3736	-496.7185	169.3449	0.2517845	3.574914	0.91696
11298	-314.8345	-484.5792	169.7448	1.070845	2.588105	1.008636
