Iteration	Posterior	Likelihood	Prior	gain_loss_neo	part_rate_trans	tree_length
0	-1433.117	-1595.985	162.8675	8.237845	3.638312	2.175916
6	-1437.509	-1599.973	162.4642	8.12022	4.08625	2.175916
12	-1419.037	-1582.092	163.0547	7.050377	3.800556	2.254903
18	-1417.216	-1580.267	163.0512	7.662486	3.800556	2.095277
24	-1418.501	-1581.315	162.8145	8.816297	3.56396	2.119923
30	-1429.378	-1593.239	163.8613	5.892286	3.387031	2.332139
36	-1428.788	-1592.117	163.3284	6.886929	3.422571	2.365519
42	-1436.939	-1599.761	162.8223	9.775681	3.084252	2.209941
48	-1422.882	-1584.673	161.7914	9.775681	4.115139	2.209941
54	-1422.994	-1585.301	162.3068	9.775681	3.665446	2.167344
60	-1431.268	-1594.11	162.8417	7.59843	4.214309	1.976819
66	-1442.052	-1603.659	161.6072	11.53372	4.107967	1.970146
72	-1418.533	-1580.157	161.624	11.05045	4.614776	1.711136
78	-1418.09	-1578.484	160.3945	14.86679	4.940781	1.603846
84	-1440.775	-1600.804	160.0297	13.93221	5.552061	1.597713
90	-1423.246	-1584.341	161.0948	10.38975	5.520472	1.590209
96	-1430.752	-1592.494	161.7418	10.30009	4.678894	1.749721
102	-1420.966	-1583.212	162.2463	9.634945	4.217176	1.872303
108	-1421.738	-1584.537	162.7984	8.274818	4.178293	1.853263
114	-1418.762	-1581.575	162.813	8.25423	4.178293	1.8486
120	-1423.083	-1585.744	162.6615	7.877617	4.054791	2.128727
126	-1441.681	-1605.127	163.4459	6.103909	4.080606	2.088679
132	-1426.871	-1589.435	162.5641	8.38922	4.080606	2.047716
138	-1427.126	-1589.451	162.3251	8.76273	4.242231	2.008049
144	-1424.11	-1587.347	163.2376	6.548563	4.423656	1.864527
150	-1434.385	-1597.518	163.1336	6.768721	4.365304	1.909852
156	-1427.711	-1590.496	162.7853	6.599154	4.698061	1.969836
162	-1425.819	-1589.129	163.31	6.08266	4.459827	1.933236
168	-1427.283	-1589.665	162.382	8.271094	4.459827	1.945785
174	-1429.618	-1592.549	162.9316	8.028234	4.130332	1.859064
180	-1423.739	-1585.826	162.0876	7.325794	5.394676	1.760769
186	-1423.739	-1585.851	162.1126	8.656935	4.64908	1.903291
192	-1421.077	-1582.064	160.9866	12.91036	4.191172	2.064972
198	-1435.918	-1597.682	161.7637	11.1475	3.892317	2.086937
204	-1434.112	-1597.186	163.0743	6.871897	3.879459	2.240088
210	-1437.223	-1600.308	163.0849	6.739339	3.739539	2.359018
216	-1427.801	-1590.621	162.8209	8.731026	2.924092	2.543057
222	-1424.593	-1587.568	162.9758	7.841969	2.840909	2.705335
228	-1425.604	-1589.172	163.5676	6.139776	2.840909	2.782912
234	-1426.127	-1588.12	161.9932	10.54179	3.417943	2.366765
240	-1430.273	-1592.209	161.9364	9.730501	3.43527	2.558132
246	-1421.927	-1583.842	161.9144	10.26605	3.791915	2.234789
252	-1422.424	-1584.716	162.2912	10.26605	3.799911	1.982467
258	-1426.637	-1588.743	162.1063	8.739112	4.507982	1.982467
264	-1423.256	-1585.371	162.1149	9.731636	4.272718	1.90169
270	-1418.705	-1581.637	162.9323	6.82473	4.319104	2.059234
276	-1427.515	-1589.59	162.0749	8.095626	4.558615	2.127883
282	-1420.742	-1582.374	161.6316	9.082996	4.706949	2.083688
288	-1423.615	-1585.856	162.2409	7.988449	4.501211	2.083688
294	-1419.453	-1581.935	162.4822	7.988449	4.501163	1.922875
300	-1419.236	-1581.444	162.2075	7.988449	4.414135	2.16246
306	-1414.043	-1577.404	163.3608	6.321871	3.916303	2.186714
312	-1423.743	-1586.131	162.3879	8.737992	3.916303	2.186714
318	-1427.045	-1589.594	162.5485	8.10636	4.102361	2.113858
324	-1426.612	-1590.393	163.7808	5.126412	4.102361	2.166032
330	-1432.725	-1596.18	163.4553	5.547504	3.764021	2.454985
336	-1424.89	-1588.351	163.461	6.073004	3.763571	2.29354
342	-1427.709	-1590.778	163.0688	7.055113	4.316969	1.904125
348	-1415.905	-1579.126	163.2209	6.720218	4.229526	1.95663
354	-1431.418	-1594.738	163.3198	6.275331	4.131263	2.086869
360	-1422.928	-1585.333	162.4044	8.651877	4.309543	1.936858
366	-1422.7	-1586.28	163.5808	5.812531	3.979974	2.155334
372	-1424.858	-1588.634	163.7759	5.812531	3.498314	2.339629
378	-1421.994	-1585.456	163.4624	6.144871	3.804949	2.244873
384	-1435.426	-1598.865	163.4393	5.837363	4.111602	2.154076
390	-1424.752	-1587.108	162.3558	8.353009	4.539096	1.889047
396	-1429.589	-1592.06	162.4709	7.934632	4.539096	1.918954
402	-1447.702	-1609.867	162.1652	8.385814	4.822173	1.817372
408	-1438.353	-1601.007	162.6543	8.385814	4.325003	1.822937
414	-1419.236	-1582.321	163.0852	7.204866	4.352668	1.826009
420	-1435.351	-1598.219	162.8678	7.799474	3.525883	2.355982
426	-1430.891	-1594.688	163.7971	6.377552	3.07215	2.431102
432	-1427.217	-1590.708	163.4904	5.916983	3.589919	2.431102
438	-1428.834	-1592.844	164.0097	6.053085	3.19418	2.312619
444	-1424.96	-1588.033	163.0731	7.348495	3.826404	2.146639
450	-1431.536	-1595.023	163.4876	6.684786	3.569817	2.225074
456	-1439.957	-1603.028	163.0706	6.684786	3.433815	2.574528
462	-1427.413	-1590.568	163.1544	6.684786	3.426763	2.526797
468	-1434.756	-1597.868	163.1115	7.185905	3.125457	2.608775
474	-1437.58	-1600.3	162.7192	8.294562	3.37332	2.426397
480	-1442.224	-1605.823	163.5984	5.368096	3.332306	2.689209
486	-1436.236	-1599.009	162.7737	7.461692	3.695099	2.39347
492	-1431.47	-1595.281	163.8111	6.07047	3.478062	2.252903
498	-1420.949	-1583.947	162.998	7.314444	4.060165	2.051595
504	-1425.356	-1588.223	162.8673	7.314444	4.232593	2.023961
510	-1435.839	-1599.025	163.1858	7.63396	3.569146	2.165935
516	-1433.086	-1595.63	162.5439	9.542658	3.480838	2.184454
522	-1431.97	-1592.974	161.0048	12.04465	4.583087	1.954724
528	-1435.71	-1597.772	162.0624	9.415162	4.181999	2.069441
534	-1433.4	-1594.913	161.5131	11.94918	3.849156	2.12263
540	-1431.825	-1593.472	161.647	10.14965	4.163532	2.191956
546	-1437.373	-1600.153	162.7802	7.32062	4.253443	2.066154
552	-1436.158	-1599.155	162.9973	7.384688	3.987373	2.08121
558	-1430.348	-1593.246	162.8986	7.384688	3.771956	2.284981
564	-1439.502	-1602.84	163.3385	6.178527	3.509085	2.501104
570	-1433.086	-1596.79	163.7039	5.823274	3.437738	2.420339
576	-1439.712	-1602.937	163.2253	6.386087	3.326488	2.626599
582	-1435.83	-1598.512	162.6819	7.686657	3.677299	2.405922
588	-1426.616	-1589.086	162.4694	8.736208	3.94611	2.114626
594	-1419.892	-1581.898	162.0055	9.466488	4.271682	2.03609
600	-1429.364	-1591.719	162.3555	9.466488	3.874294	2.067435
606	-1424.827	-1587.999	163.1713	6.625101	4.153949	2.067435
612	-1418.017	-1581.209	163.1927	6.625101	3.519842	2.460867
618	-1426.339	-1589.208	162.8686	8.188791	3.416199	2.329903
624	-1427.435	-1590.01	162.5753	7.533306	3.633947	2.538203
630	-1433.077	-1597.093	164.0157	5.404544	3.203988	2.498919
636	-1436.878	-1600.556	163.6779	5.266319	2.855039	2.961978
642	-1421.683	-1584.97	163.2872	7.042555	2.997153	2.616367
648	-1427.543	-1591.234	163.6909	6.500792	3.306419	2.315297
654	-1436.867	-1599.321	162.4543	8.109822	3.756216	2.396072
660	-1432.708	-1595.814	163.1058	7.155177	3.565393	2.344603
666	-1434.053	-1597.114	163.0614	6.558315	4.147309	2.162899
672	-1423.739	-1585.79	162.0508	8.868658	4.3338	2.103606
678	-1434.732	-1596.642	161.9099	8.907789	4.825746	1.859331
684	-1424.299	-1586.26	161.9618	8.907789	4.975922	1.719093
690	-1427.593	-1590.147	162.5534	6.982916	5.169734	1.69141
696	-1431.137	-1592.419	161.2819	10.5966	5.050296	1.745231
702	-1431.221	-1593.814	162.5939	6.923872	5.077866	1.745231
708	-1418.937	-1580.88	161.9427	8.605474	5.236912	1.624587
714	-1423.842	-1585.084	161.2412	10.6717	5.236912	1.624587
720	-1428.651	-1590.728	162.0769	8.63465	5.0842	1.630239
726	-1431	-1593.254	162.2536	8.102431	5.0842	1.646079
732	-1426.177	-1587.228	161.0509	10.57294	5.79196	1.374108
738	-1425.331	-1585.976	160.6443	10.50858	5.770763	1.706593
744	-1435.232	-1596.454	161.2218	8.919012	5.983356	1.522707
750	-1429.08	-1590.772	161.6922	9.818491	5.202033	1.522707
756	-1436.727	-1598.492	161.7649	9.107851	5.281816	1.590072
762	-1417.721	-1578.874	161.1526	9.58368	5.844637	1.504952
768	-1429.048	-1591.291	162.2426	8.92083	4.994238	1.498544
774	-1426.836	-1588.843	162.0072	8.218084	4.994238	1.850961
780	-1420.146	-1580.845	160.6992	12.68871	4.963575	1.778518
786	-1424.146	-1586.656	162.5097	7.774237	4.549048	1.928215
792	-1423.65	-1585.288	161.638	10.38276	4.451108	1.958585
798	-1429.245	-1591.709	162.4643	7.808309	4.580298	1.928773
804	-1425.222	-1588.054	162.8316	6.651814	4.516571	2.044597
810	-1431.16	-1593.702	162.5416	7.624771	4.402013	2.044597
816	-1420.055	-1581.649	161.5943	11.35005	4.546048	1.716162
822	-1416.862	-1577.818	160.9561	11.28624	5.311247	1.63948
828	-1425.959	-1586.952	160.9929	10.61428	5.633932	1.528925
834	-1415.44	-1577.166	161.7259	8.738959	5.426543	1.609032
840	-1413.404	-1576.115	162.7112	6.381838	5.279639	1.68651
846	-1406.331	-1568.069	161.7371	8.555898	5.432463	1.644915
852	-1433.511	-1595.045	161.5343	11.68579	4.660476	1.605346
858	-1422.776	-1585.194	162.4179	7.108052	5.364634	1.611184
864	-1417.849	-1578.683	160.8341	10.44029	5.736259	1.611024
870	-1434.885	-1596.683	161.7985	7.988801	5.719631	1.546565
876	-1424.503	-1585.737	161.234	10.12305	5.570092	1.514744
882	-1428.761	-1589.697	160.9362	9.809021	6.007344	1.488181
888	-1422.648	-1583.805	161.157	10.03495	5.716656	1.484283
894	-1429.548	-1590.525	160.9767	10.39426	5.807405	1.463597
900	-1415.74	-1575.709	159.9691	12.57823	6.282906	1.368249
906	-1422.619	-1584.138	161.5195	9.710726	5.612812	1.368249
912	-1419.601	-1578.804	159.2035	15.49931	6.248255	1.40024
918	-1432.223	-1594.149	161.9261	8.784238	5.488549	1.40024
924	-1426.167	-1587.291	161.1247	11.4611	5.226964	1.539417
930	-1418.456	-1580.39	161.934	9.188485	4.862488	1.748476
936	-1419.159	-1581.02	161.8611	8.768883	4.970158	1.827999
942	-1443.316	-1605.393	162.0761	9.223777	4.970158	1.560571
948	-1426.056	-1586.799	160.7434	10.6466	5.83042	1.560571
954	-1414.339	-1576.466	162.1269	7.329267	5.633663	1.560571
960	-1437.795	-1598.102	160.3071	10.6828	6.307002	1.522301
966	-1432.741	-1595.215	162.4739	7.39652	5.18202	1.616957
972	-1423.927	-1586.909	162.9825	6.923655	4.505677	1.872181
978	-1433.49	-1594.988	161.4976	10.93386	4.519442	1.889668
984	-1421.816	-1583.677	161.8612	9.328555	4.683559	1.88845
990	-1430.97	-1593.511	162.5411	7.435767	4.976455	1.704611
996	-1428.882	-1590.326	161.4444	11.75494	4.591441	1.704611
1002	-1434.261	-1597.036	162.7752	7.457211	4.836621	1.631115
1008	-1434.78	-1596.877	162.0966	9.389325	4.651911	1.733211
1014	-1438.585	-1601.146	162.5603	6.295224	5.437485	1.709152
1020	-1425.246	-1588.059	162.8135	7.307594	4.085971	2.157516
1026	-1428.188	-1591.063	162.8756	7.307594	4.265104	1.998675
1032	-1436.407	-1599.008	162.6019	8.006844	4.352487	1.937687
1038	-1424.475	-1586.21	161.7353	9.902794	4.960952	1.646839
1044	-1434.591	-1596.891	162.3	8.86391	4.633172	1.733379
1050	-1415.067	-1577.11	162.0428	8.932005	4.959055	1.667436
1056	-1420.418	-1582.207	161.7886	8.932005	5.357232	1.563155
1062	-1429.065	-1590.892	161.8269	9.033058	5.151936	1.658175
1068	-1429.376	-1589.436	160.0602	10.45148	6.880221	1.327435
1074	-1426.275	-1586.687	160.4116	11.71888	6.199336	1.278596
1080	-1419.355	-1580.576	161.2214	8.100143	6.653473	1.233898
1086	-1419.995	-1579.716	159.7215	12.53856	6.534689	1.373743
1092	-1440.109	-1599.341	159.2322	15.44881	6.265605	1.373743
1098	-1437.256	-1595.55	158.294	13.78462	7.954106	1.094931
1104	-1437.482	-1598.601	161.1199	8.910408	6.274508	1.380623
1110	-1424.319	-1586.715	162.3959	9.2378	4.124862	1.926123
1116	-1421.393	-1584.13	162.7368	8.297294	4.190337	1.881321
1122	-1421.28	-1584.002	162.7224	9.107134	3.664417	2.046254
1128	-1413.69	-1575.573	161.8834	11.17778	4.301351	1.721725
1134	-1417.639	-1579.394	161.7551	10.33566	4.664881	1.742187
1140	-1432.839	-1594.727	161.8879	10.41106	4.644824	1.644969
1146	-1433.508	-1595.527	162.0187	9.048841	4.644824	1.874293
1152	-1437.772	-1600.688	162.9164	6.059235	5.154313	1.733765
1158	-1431.325	-1593.917	162.5917	7.256171	5.051603	1.667267
1164	-1427.288	-1588.997	161.7096	8.877731	5.733521	1.351458
1170	-1434.129	-1594.23	160.1012	12.38251	6.227312	1.351458
1176	-1428.804	-1590.916	162.1114	7.433277	5.704442	1.488015
1182	-1424.502	-1584.742	160.24	11.05037	6.305417	1.488015
1188	-1429.246	-1590.795	161.5483	10.93467	5.032782	1.488015
1194	-1428.503	-1590.744	162.241	7.73527	5.143302	1.714309
1200	-1424.389	-1586.932	162.5435	7.614058	4.757291	1.806136
1206	-1425.856	-1588.708	162.8519	7.614058	4.448899	1.806136
1212	-1443.858	-1606.945	163.0866	5.925633	4.592141	2.042894
1218	-1424.321	-1587.749	163.4285	6.415269	4.064391	2.017716
1224	-1427.134	-1589.276	162.1416	8.54814	4.489509	2.017716
1230	-1434.539	-1596.647	162.1086	8.925285	4.448393	1.975976
1236	-1434.937	-1597.119	162.1821	8.835277	4.787241	1.715161
1242	-1429.718	-1590.886	161.1681	9.545661	5.434699	1.797442
1248	-1423.788	-1587.209	163.4215	6.288102	4.384158	1.845112
1254	-1429.36	-1592.032	162.6725	7.253349	4.98888	1.655154
1260	-1421.372	-1583.755	162.3837	7.826251	4.466457	2.053942
1266	-1421.393	-1583.403	162.0104	9.304014	4.42327	1.969182
1272	-1419.923	-1582.144	162.2207	9.16491	3.898982	2.207613
1278	-1426.239	-1589.466	163.2274	6.290168	4.261182	2.057739
1284	-1419.63	-1583.243	163.613	6.007081	4.225337	1.910561
1290	-1413.625	-1575.328	161.7021	9.269776	4.605117	2.061203
1296	-1426.55	-1589.003	162.4527	8.350663	4.332215	1.963914
1302	-1423.249	-1585.497	162.2477	7.793443	5.159596	1.681839
1308	-1424.107	-1586.674	162.5672	7.972057	4.663755	1.757216
1314	-1430.078	-1592.316	162.2375	9.777563	4.212204	1.848865
1320	-1428.505	-1591.917	163.4116	6.193342	4.631171	1.710028
1326	-1426.841	-1590.537	163.696	5.237342	4.461893	1.947049
1332	-1429.094	-1591.226	162.1321	9.603307	4.014385	2.091575
1338	-1435.695	-1598.201	162.507	8.042277	4.202422	2.091575
1344	-1425.72	-1589.14	163.4201	6.62036	3.870509	2.091575
1350	-1428.082	-1590.939	162.8575	7.208882	4.181175	2.093021
1356	-1436.752	-1599.808	163.0555	6.626149	4.239013	2.087356
1362	-1426.9	-1589.62	162.7205	7.578609	4.331248	1.984966
1368	-1426.166	-1588.048	161.8813	8.249704	4.981284	1.937185
1374	-1429.638	-1592.365	162.7267	7.376996	4.361187	2.015002
1380	-1424.046	-1586.57	162.5239	8.22829	3.926279	2.214262
1386	-1430.17	-1592.092	161.9214	9.834727	3.688453	2.386943
1392	-1437.23	-1598.904	161.6741	10.62436	4.703059	1.707402
1398	-1436.036	-1598.35	162.3143	8.461369	4.499515	1.916731
1404	-1437.15	-1599.831	162.6803	8.907734	3.839717	2.004802
1410	-1437.329	-1600.469	163.1407	6.595278	3.596016	2.453876
1416	-1444.141	-1606.281	162.1399	8.678561	4.138493	2.217387
1422	-1438.11	-1600.621	162.5111	8.05273	3.924489	2.266645
1428	-1428.99	-1591.461	162.4712	8.72655	3.924489	2.129907
1434	-1428.167	-1591.958	163.7909	5.337438	3.964134	2.179684
1440	-1430.031	-1592.624	162.5927	8.232321	3.754109	2.279783
1446	-1433.89	-1596.65	162.7606	7.822386	3.754109	2.273082
1452	-1437.078	-1599.916	162.8376	7.407252	4.076301	2.121631
1458	-1431.871	-1594.509	162.6379	7.946874	4.538359	1.802029
1464	-1432.818	-1595.262	162.4442	8.05	4.513162	1.924473
1470	-1446.476	-1608.848	162.3725	8.086045	4.310187	2.098089
1476	-1447.207	-1608.908	161.7007	8.999507	4.845783	1.965261
1482	-1429.734	-1591.921	162.1865	8.775523	4.559746	1.884549
1488	-1429.655	-1592.365	162.7091	7.456513	4.635358	1.819566
1494	-1450.335	-1611.919	161.584	10.05652	4.795407	1.833512
1500	-1437.348	-1601.269	163.9213	4.805518	4.152913	2.151127
1506	-1420.895	-1583.989	163.0945	6.052141	4.14505	2.290098
1512	-1430.915	-1593.036	162.1209	8.952059	4.372549	2.011971
1518	-1435.328	-1596.43	161.1022	12.10282	4.983282	1.596258
1524	-1415.652	-1576.306	160.6537	11.02173	5.895157	1.492029
1530	-1418.734	-1580.882	162.1477	8.354718	5.116078	1.630782
1536	-1418.517	-1578.805	160.2885	11.86612	5.83642	1.617555
1542	-1418.98	-1580.771	161.7905	9.848568	4.708424	1.798547
1548	-1434.885	-1597.159	162.2741	8.372681	4.6349	1.874454
1554	-1432.108	-1593.802	161.6944	9.166042	5.144831	1.724011
1560	-1440.12	-1601.483	161.3629	8.663068	5.656232	1.724011
1566	-1426.032	-1587.505	161.4726	10.20958	4.810657	1.865077
1572	-1417.981	-1580.872	162.8915	7.361377	4.404248	1.879414
1578	-1422.234	-1584.65	162.416	8.615645	4.395958	1.879414
1584	-1420.824	-1583.565	162.7411	7.47694	4.54042	1.857153
1590	-1440.028	-1601.254	161.2261	9.920645	5.145846	1.869361
1596	-1426.658	-1588.794	162.1359	9.452869	4.394044	1.869361
1602	-1427.748	-1589.778	162.0305	9.452869	4.70494	1.726994
1608	-1426.114	-1587.965	161.8507	8.747724	5.391295	1.541138
1614	-1425.952	-1587.871	161.9193	8.804054	5.278255	1.558857
1620	-1421.477	-1583.053	161.5758	7.85816	6.057726	1.498306
1626	-1428.025	-1588.8	160.7747	11.89763	5.317285	1.634654
1632	-1430.779	-1592.288	161.5087	9.593247	5.160297	1.739954
1638	-1432.105	-1594.432	162.3274	8.26739	4.803156	1.748664
1644	-1423.008	-1585.651	162.6428	7.113825	4.643661	1.954648
1650	-1434.739	-1597.196	162.4573	7.351602	4.525968	2.090977
1656	-1427.417	-1588.684	161.2663	9.9156	5.510429	1.585486
1662	-1434.505	-1595.536	161.0311	9.9156	5.90004	1.470677
1668	-1432.983	-1594.62	161.6372	9.371682	5.250334	1.638685
1674	-1425.219	-1586.826	161.6077	9.29018	5.484411	1.509442
1680	-1431.138	-1591.934	160.7957	10.86116	5.652403	1.603284
1686	-1425.325	-1587.027	161.7024	8.16112	5.652403	1.61775
1692	-1429.817	-1590.395	160.5783	11.88872	5.728869	1.47801
1698	-1446.724	-1606.697	159.9732	14.80671	5.547029	1.47801
1704	-1433.293	-1596.052	162.7596	7.30636	4.432798	1.964418
1710	-1432.242	-1593.948	161.7055	9.226406	4.432798	2.181611
1716	-1423.095	-1586.073	162.9783	7.487767	4.528856	1.697119
1722	-1418.185	-1580.544	162.3598	7.520583	4.998271	1.79238
1728	-1428.815	-1591.327	162.5121	7.401089	4.894115	1.79238
1734	-1435.483	-1598.403	162.9193	6.831586	4.754459	1.771234
1740	-1427.321	-1588.954	161.6336	10.10438	4.754459	1.816699
1746	-1420.232	-1582.673	162.4413	7.718997	4.754459	1.849849
1752	-1426.429	-1590.088	163.659	6.07726	4.220607	1.860361
1758	-1426.099	-1588.986	162.8863	6.700455	4.680953	1.883432
1764	-1438.428	-1600.142	161.7132	10.80701	4.361773	1.877116
1770	-1432.378	-1595.034	162.6557	7.906169	4.656337	1.718168
1776	-1432.813	-1594.872	162.0595	8.077679	5.377446	1.581145
1782	-1426.729	-1589.268	162.5385	8.057443	4.656242	1.759539
1788	-1433.672	-1595.993	162.3205	8.057443	5.05785	1.629281
1794	-1429.967	-1591.693	161.7258	8.866439	4.851948	1.97614
1800	-1439.692	-1601.085	161.3927	10.00767	4.999436	1.835825
1806	-1416.119	-1578.159	162.0402	10.00767	4.434886	1.778476
1812	-1430.489	-1593.284	162.7943	7.429204	4.38878	1.937072
1818	-1428.937	-1590.934	161.9974	7.429204	5.185699	1.937072
1824	-1427.015	-1588.962	161.947	8.36928	4.614075	2.10769
1830	-1415.567	-1578.612	163.0453	6.43162	4.593168	1.915218
1836	-1416.495	-1578.968	162.4725	7.929656	4.537315	1.920386
1842	-1423.724	-1586.836	163.112	5.682195	5.095284	1.762712
1848	-1426.921	-1589.727	162.8059	8.010526	4.188052	1.909955
1854	-1426.663	-1589.509	162.846	6.838206	4.587804	1.933686
1860	-1436.356	-1598.281	161.9246	10.61103	4.383204	1.759061
1866	-1439.452	-1600.224	160.7717	13.79974	4.618278	1.759061
1872	-1423.891	-1587.323	163.4318	6.982026	3.820485	2.014378
1878	-1428.054	-1591.01	162.9559	6.463926	3.820485	2.465337
1884	-1425.429	-1589.945	164.5158	4.503898	3.136259	2.524484
1890	-1431.141	-1595.699	164.5581	4.350654	2.66026	2.84399
1896	-1428.431	-1591.392	162.9615	7.373358	2.814433	2.84399
1902	-1447.189	-1610.367	163.1784	6.338308	2.723719	3.034312
1908	-1454.154	-1617.837	163.6839	5.216269	3.251985	2.732929
1914	-1449.042	-1611.881	162.8389	6.402632	3.811416	2.561004
1920	-1447.837	-1610.373	162.5362	9.044355	3.334258	2.394031
1926	-1440.968	-1603.592	162.6234	8.283901	3.286346	2.543281
1932	-1438.711	-1602.802	164.0904	5.739613	3.286346	2.296445
1938	-1427.971	-1591.444	163.4729	6.190327	3.322244	2.53051
1944	-1423.413	-1586.948	163.5344	6.190327	3.364768	2.465448
1950	-1426.556	-1589.859	163.3033	6.119821	3.43867	2.583597
1956	-1431.585	-1594.392	162.807	8.29127	3.417012	2.343995
1962	-1429.264	-1592.733	163.4689	5.623821	3.744986	2.435088
1968	-1422.127	-1585.544	163.4169	5.623821	3.491647	2.625373
1974	-1419.784	-1582.722	162.9377	6.597912	3.438148	2.677292
1980	-1418.145	-1580.81	162.6644	8.072437	3.848117	2.212256
1986	-1429.865	-1591.702	161.8372	10.26603	4.059608	2.111094
1992	-1417.011	-1578.484	161.4734	10.26603	4.942905	1.760531
1998	-1419.697	-1580.989	161.2917	10.24686	5.279423	1.655493
2004	-1425.421	-1585.876	160.455	12.38876	5.742389	1.452002
2010	-1444.034	-1606.469	162.4356	6.321383	5.264109	1.907096
2016	-1441.376	-1604.313	162.9367	8.281212	3.709581	2.073364
2022	-1432.545	-1594.19	161.6454	9.112261	5.407753	1.584218
2028	-1415.007	-1577.426	162.4187	7.301272	5.246954	1.637947
2034	-1424.275	-1586.142	161.8675	7.522497	5.635367	1.69023
2040	-1419.017	-1581.298	162.2807	8.488614	4.597798	1.8659
2046	-1424.27	-1586.102	161.8319	10.69993	4.33837	1.834917
2052	-1424.835	-1587.327	162.4918	7.30701	4.954146	1.791405
2058	-1424.432	-1586.091	161.6587	9.815917	4.954146	1.726661
2064	-1427.262	-1589.034	161.7725	9.06527	5.036739	1.769912
2070	-1430.931	-1592.785	161.8536	8.682334	5.349183	1.587379
2076	-1428.484	-1590.894	162.4096	6.895834	4.726337	2.115194
2082	-1430.144	-1593.154	163.0094	6.719335	4.105512	2.178225
2088	-1429.034	-1591.267	162.2326	8.615996	4.28505	2.076344
2094	-1430.529	-1592.595	162.0661	9.18839	4.08421	2.182462
2100	-1427.649	-1590.235	162.5854	7.765749	4.409014	1.973749
2106	-1436.106	-1597.503	161.3968	10.57882	4.845738	1.811476
2112	-1418.519	-1580.476	161.9573	8.83691	4.520933	2.049394
2118	-1427.891	-1590.086	162.1952	8.83691	4.405148	1.968105
2124	-1435.963	-1599.666	163.7034	6.195265	3.01103	2.579286
2130	-1438.9	-1602.32	163.4201	5.792604	3.751034	2.41095
2136	-1435.663	-1598.509	162.8463	9.027158	3.49455	2.095214
2142	-1436.595	-1599.06	162.465	7.912683	4.197132	2.155195
2148	-1431.803	-1594.366	162.5632	8.175589	4.116729	2.077535
2154	-1433.098	-1596.922	163.8244	5.422859	4.443555	1.808637
2160	-1429.614	-1592.256	162.6418	6.74606	5.303664	1.604265
2166	-1435.788	-1597.421	161.6329	9.886195	4.221415	2.219816
2172	-1436.063	-1598.924	162.8611	6.519527	4.799995	1.873372
2178	-1433.544	-1594.732	161.1881	10.07076	5.388125	1.692842
2184	-1444.488	-1605.527	161.0398	9.458616	5.627094	1.773618
2190	-1436.966	-1598.676	161.7096	9.497147	5.041006	1.705608
2196	-1427.709	-1589.21	161.5006	9.40706	5.041006	1.872177
2202	-1430.882	-1592.744	161.8617	7.798453	5.636743	1.615026
2208	-1435.293	-1597.13	161.8364	9.824408	4.686523	1.787559
2214	-1430.118	-1592.405	162.2866	8.254191	4.879628	1.727119
2220	-1431.718	-1593.544	161.8268	9.681003	4.835145	1.724052
2226	-1428.98	-1590.421	161.441	9.681003	5.309096	1.661472
2232	-1426.592	-1590.093	163.5005	6.993052	3.956712	1.873269
2238	-1426.549	-1589.54	162.9914	6.993052	3.998548	2.183563
2244	-1418.892	-1581.783	162.8911	7.413493	3.717529	2.317026
2250	-1421.061	-1583.432	162.3707	7.702009	4.580179	2.019539
2256	-1423.501	-1586.189	162.6882	7.384867	4.426815	1.994794
2262	-1423.297	-1586.819	163.5226	5.572397	4.652004	1.822261
2268	-1418.053	-1579.618	161.5646	8.909964	4.652004	2.203349
2274	-1431.06	-1591.697	160.637	11.5261	5.326643	1.802626
2280	-1422.958	-1584.878	161.9192	8.325442	5.326643	1.651574
2286	-1423.195	-1584.21	161.0149	11.82667	5.045438	1.672207
2292	-1434.932	-1597.403	162.4715	7.345619	4.988023	1.771049
2298	-1422.548	-1584.249	161.7013	8.493084	5.372277	1.729625
2304	-1442.029	-1602.504	160.4753	13.08691	5.372277	1.568273
2310	-1425.239	-1587.352	162.1125	7.750225	5.57324	1.490782
2316	-1421.596	-1582.812	161.2161	9.931952	5.707001	1.472624
2322	-1416.369	-1578.73	162.3605	8.185861	4.924481	1.661249
2328	-1425.492	-1587.535	162.0435	7.751297	5.310087	1.731518
2334	-1434.584	-1597.009	162.4249	8.620372	4.442329	1.840431
2340	-1440.165	-1601.906	161.7404	8.270682	5.567575	1.621641
2346	-1441.804	-1603.766	161.962	8.277932	5.304552	1.649551
2352	-1418.261	-1580.956	162.6949	8.014951	4.433968	1.816609
2358	-1415.598	-1577.989	162.3911	8.722368	4.380915	1.880107
2364	-1430.953	-1593.675	162.722	7.597158	4.330691	1.979337
2370	-1432.772	-1595.283	162.5119	7.694882	4.254985	2.142473
2376	-1427.774	-1589.795	162.021	9.4069	3.885458	2.290611
2382	-1429.805	-1591.967	162.1627	9.104367	4.244918	2.033146
2388	-1429.307	-1593.441	164.1346	5.657816	3.686291	2.033146
2394	-1432.374	-1594.851	162.4776	8.282812	4.053336	2.148572
2400	-1427.8	-1590.43	162.6302	7.671505	4.136522	2.148572
2406	-1427.97	-1590.488	162.5174	8.155333	4.136522	2.099672
2412	-1414.016	-1576.325	162.3092	9.283747	4.180712	1.936133
2418	-1419.531	-1581.734	162.2035	9.408259	4.325438	1.880514
2424	-1416.072	-1578.643	162.5705	7.097307	4.832429	1.880514
2430	-1423.886	-1586.371	162.4851	8.880618	4.226324	1.882478
2436	-1431.876	-1593.449	161.5732	10.57831	5.092431	1.50854
2442	-1420.567	-1583.303	162.7354	6.90712	5.092431	1.639489
2448	-1422.913	-1584.463	161.5499	9.881182	5.163754	1.639489
2454	-1426.966	-1588.637	161.6707	7.995728	5.717193	1.639489
2460	-1427.198	-1589.994	162.7963	7.486028	4.834713	1.608831
2466	-1425.079	-1586.888	161.8092	7.680642	5.622202	1.696219
2472	-1425.379	-1587.018	161.6398	9.200715	5.281422	1.657207
2478	-1439.403	-1600.848	161.4451	9.200715	4.96232	2.010758
2484	-1424.815	-1587.465	162.6496	7.004174	4.96232	1.763339
2490	-1421.802	-1583.152	161.3501	9.668762	5.259913	1.763339
2496	-1416.671	-1578.872	162.2006	9.290698	4.538966	1.763339
2502	-1430.255	-1591.693	161.4375	8.234134	5.684598	1.763339
2508	-1421.264	-1582.936	161.6721	8.234134	5.45009	1.763339
2514	-1433.825	-1594.577	160.7515	9.496525	6.312219	1.477299
2520	-1425.014	-1585.273	160.259	11.9079	6.060533	1.464408
2526	-1437.311	-1597.071	159.7601	12.55569	6.550657	1.32657
2532	-1443.468	-1603.537	160.0686	12.55569	6.018467	1.49973
2538	-1435.595	-1596.028	160.433	11.34401	6.018467	1.491287
2544	-1433.296	-1594.739	161.4431	10.02083	5.389082	1.51883
2550	-1431.258	-1592.154	160.8957	10.02083	5.931791	1.522333
2556	-1430.757	-1591.472	160.7147	11.08775	5.777135	1.519497
2562	-1432.647	-1593.834	161.1869	11.42665	5.207722	1.515183
2568	-1426.722	-1587.993	161.2711	9.338941	5.854065	1.471852
2574	-1427.631	-1590.894	163.2628	6.810308	4.356319	1.815475
2580	-1433.927	-1596.378	162.4507	7.855738	4.293738	2.115882
2586	-1425.784	-1588.472	162.6885	8.101638	3.972679	2.108299
2592	-1419.249	-1582.117	162.868	7.640539	3.972679	2.108299
2598	-1428.477	-1591.278	162.801	7.74358	3.972679	2.125459
2604	-1442.538	-1606.075	163.5366	5.395906	2.706606	3.096568
2610	-1436.572	-1600.102	163.5298	5.925182	3.646094	2.368304
2616	-1435.479	-1597.777	162.2978	8.298186	4.080574	2.243597
2622	-1436.814	-1600.118	163.3038	6.24142	3.003817	2.816077
2628	-1437.343	-1601.096	163.7535	6.24142	3.556417	2.188973
2634	-1431.219	-1593.102	161.8837	9.252017	4.511402	2.007078
2640	-1423.85	-1586.22	162.3704	8.77985	4.249803	1.968608
2646	-1428.122	-1591.182	163.0594	6.780586	4.249803	2.033489
2652	-1434.35	-1596.372	162.0222	9.914671	4.186734	1.980804
2658	-1424.556	-1586.684	162.1279	9.261254	4.254927	2.013111
2664	-1432.552	-1593.284	160.7322	12.5186	5.048177	1.729608
2670	-1430.498	-1592.042	161.5444	9.74425	4.424807	2.176192
2676	-1421.513	-1584.187	162.6732	6.644803	5.093575	1.762618
2682	-1422.725	-1584.836	162.1112	9.53912	4.276462	1.945777
2688	-1428.713	-1590.544	161.8309	9.53912	4.492114	1.989082
2694	-1426.411	-1588.891	162.4801	7.843673	4.477172	1.978143
2700	-1443.365	-1604.409	161.0439	10.36335	5.051006	1.958915
2706	-1427.873	-1590.637	162.7638	7.353917	4.809359	1.688733
2712	-1425.028	-1586.749	161.7218	10.22623	4.809359	1.688733
2718	-1435.438	-1596.651	161.2128	10.39646	5.669333	1.387537
2724	-1427.131	-1587.675	160.5437	11.37465	5.756063	1.59662
2730	-1435.866	-1596.473	160.6076	10.60317	6.110303	1.463227
2736	-1431.713	-1590.5	158.7862	16.68961	6.360984	1.419623
2742	-1428.812	-1588.972	160.1597	12.7497	6.191229	1.249343
2748	-1435.463	-1595.199	159.7357	12.7497	6.54548	1.306673
2754	-1421.75	-1581.734	159.9846	13.33889	6.057481	1.368871
2760	-1423.207	-1584.023	160.8156	12.56677	5.316571	1.463344
2766	-1419.961	-1580.985	161.0237	11.74087	5.346251	1.463344
2772	-1418.074	-1580.608	162.5342	6.737317	5.262847	1.713211
2778	-1428.025	-1589.549	161.5239	9.583067	5.268209	1.655199
2784	-1426.211	-1587.539	161.3283	10.15305	5.239145	1.679891
2790	-1425.378	-1586.673	161.2955	9.514526	5.540834	1.640214
2796	-1439.869	-1600.591	160.7217	11.29874	5.540834	1.640214
2802	-1427.565	-1590.292	162.7268	7.029835	5.048239	1.640214
2808	-1426.393	-1588.389	161.9953	8.788455	4.896691	1.781108
2814	-1435.247	-1597.875	162.6279	8.396483	4.410614	1.7792
2820	-1445.393	-1607.178	161.7841	9.777412	4.449224	1.995169
2826	-1445.344	-1607.678	162.3338	7.958623	4.823195	1.812204
2832	-1441.489	-1605.086	163.5968	5.805985	3.734253	2.305405
2838	-1431.559	-1594.023	162.4638	8.52369	3.734253	2.305405
2844	-1445.812	-1607.387	161.575	9.831918	4.862575	1.844679
2850	-1440.3	-1602.324	162.0238	8.624041	5.077925	1.675605
2856	-1434.822	-1596.649	161.8271	9.690058	4.900176	1.675605
2862	-1441.462	-1604.652	163.1899	6.224583	4.594005	1.879671
2868	-1433.278	-1595.718	162.4406	8.1324	4.749873	1.742542
2874	-1437.946	-1600.305	162.3594	7.906784	4.608907	1.954304
2880	-1435.817	-1598.64	162.8229	6.486484	4.853291	1.872998
2886	-1434.83	-1597.967	163.1372	5.935612	4.702659	1.932076
2892	-1437.274	-1600.273	162.9989	6.563778	4.556222	1.932076
2898	-1434.382	-1597.866	163.4845	6.075708	4.351212	1.890814
2904	-1420.612	-1583.201	162.5883	7.604597	4.704102	1.814524
2910	-1429.04	-1591.465	162.4254	9.205054	4.225278	1.845484
2916	-1426.78	-1590.041	163.2609	8.544406	3.402931	1.99687
2922	-1423.641	-1586.861	163.2201	7.026536	3.861954	2.114375
2928	-1424.757	-1588.129	163.3719	6.157157	4.101357	2.10755
2934	-1423.521	-1587.255	163.7335	6.177615	3.654975	2.156835
2940	-1434.791	-1597.384	162.5933	7.872863	4.394439	1.950128
2946	-1434.167	-1596.304	162.1363	8.5522	4.54943	1.980303
2952	-1427.702	-1591.314	163.6122	6.14211	3.651566	2.248037
2958	-1423.576	-1585.762	162.186	8.354945	4.410002	2.088321
2964	-1419.486	-1581.421	161.9351	9.62517	4.775539	1.703034
2970	-1420.902	-1583.677	162.7745	6.659428	4.723037	1.942688
2976	-1427.934	-1589.441	161.507	10.54332	4.664174	1.868279
2982	-1428.042	-1591.696	163.6537	6.211135	3.411239	2.354886
2988	-1428.154	-1591.8	163.6454	5.903436	3.664303	2.289617
2994	-1436.444	-1600.118	163.6734	6.59858	3.528957	2.155508
3000	-1429.129	-1591.358	162.2291	8.371538	4.335515	2.104835
3006	-1427.02	-1588.954	161.9341	9.125418	4.490277	2.017069
3012	-1420.11	-1582.958	162.8474	7.796058	4.222287	1.915039
3018	-1407.668	-1570.01	162.3417	8.31697	4.538758	1.90802
3024	-1420.076	-1580.879	160.8031	11.01539	5.451522	1.707577
3030	-1439.534	-1599.202	159.6677	15.4816	5.724988	1.449011
3036	-1429.223	-1589.071	159.8485	12.89708	6.155079	1.491059
3042	-1418.837	-1579.251	160.4148	11.37962	6.155079	1.392425
3048	-1420.406	-1580.999	160.5933	12.60794	5.697963	1.330409
3054	-1423.827	-1586.166	162.3391	6.964366	5.144971	1.863224
3060	-1419.889	-1581.111	161.2221	9.882116	5.444726	1.672773
3066	-1427.466	-1588.236	160.7696	11.44223	5.447827	1.641455
3072	-1438.857	-1600.977	162.1199	8.550853	4.463275	2.048847
3078	-1440.639	-1602.716	162.0774	8.550853	4.505769	2.048847
3084	-1434.354	-1597.371	163.0166	6.724618	4.844666	1.671494
3090	-1441.516	-1604.106	162.5908	7.869142	4.037546	2.188115
3096	-1429.428	-1592.734	163.3055	7.054377	4.087965	1.899153
3102	-1420.625	-1582.806	162.1812	8.576481	4.762297	1.798955
3108	-1420.121	-1582.242	162.1209	8.780122	4.739373	1.805218
3114	-1435.476	-1597.656	162.1807	8.500346	4.934192	1.698511
3120	-1426.326	-1588.875	162.5493	7.278703	4.203324	2.260053
3126	-1431.192	-1594.559	163.3663	6.209808	4.264445	1.98746
3132	-1416.225	-1578.312	162.0868	7.809051	5.315746	1.680833
3138	-1424.157	-1586.315	162.1575	8.419968	5.086509	1.627554
3144	-1429.27	-1590.387	161.1171	10.16747	5.467593	1.664262
3150	-1417.841	-1579.873	162.0326	7.902616	5.238179	1.748137
3156	-1433.309	-1595.164	161.8544	8.248456	5.434328	1.641586
3162	-1431.42	-1592.959	161.5398	10.02912	5.093261	1.662129
3168	-1423.148	-1585.952	162.8037	7.60861	4.659627	1.693884
3174	-1414.969	-1576.974	162.0052	8.984759	4.879343	1.737202
3180	-1417.553	-1578.779	161.2259	10.20396	5.160672	1.795232
3186	-1420.418	-1581.953	161.5355	8.871554	5.474105	1.677359
3192	-1425.883	-1588.261	162.3783	8.484593	4.561488	1.824858
3198	-1419.227	-1580.329	161.1022	10.84051	5.108031	1.776772
3204	-1414.902	-1577.133	162.2306	8.814812	4.610519	1.809806
3210	-1414.801	-1577.726	162.9245	6.396088	4.705761	1.931423
3216	-1418.89	-1580.35	161.4606	10.70155	4.705761	1.83724
3222	-1421.02	-1583.28	162.2593	8.180681	4.904299	1.748526
3228	-1433.874	-1596.076	162.2025	9.546043	4.507797	1.722272
3234	-1426.558	-1588.803	162.2454	9.043222	4.424111	1.871577
3240	-1428.576	-1590.707	162.1302	9.043222	4.539862	1.871177
3246	-1432.832	-1595.071	162.239	8.632871	4.31225	2.050072
3252	-1420.823	-1581.607	160.7839	11.48803	5.371221	1.676278
3258	-1430.62	-1592.701	162.0817	8.445115	4.877295	1.821725
3264	-1425.037	-1586.624	161.5869	7.695386	5.964421	1.606059
3270	-1436.409	-1596.618	160.2094	11.6624	5.964421	1.625555
3276	-1433.299	-1596.392	163.0924	6.825678	4.64842	1.726064
3282	-1435.552	-1598.565	163.0132	7.581291	4.415516	1.726064
3288	-1439.748	-1603.012	163.2642	6.661712	4.146509	2.000169
3294	-1435.12	-1596.236	161.116	10.82281	5.250696	1.67047
3300	-1423.792	-1585.549	161.7565	10.82281	4.615962	1.66637
3306	-1429.397	-1592.098	162.7006	7.369493	4.863315	1.690761
3312	-1416.779	-1578.351	161.5722	10.63273	4.672208	1.798385
3318	-1416.071	-1578.566	162.4953	7.669509	4.977674	1.669847
3324	-1425.871	-1586.454	160.5835	11.17332	5.645318	1.691525
3330	-1414.749	-1576.471	161.7225	8.360456	5.670689	1.534675
3336	-1417.777	-1579.201	161.4239	9.463396	5.422772	1.645346
3342	-1419.127	-1580.91	161.7837	8.691791	5.390886	1.605441
3348	-1415.248	-1576.854	161.6059	8.60853	5.793066	1.461469
3354	-1425.636	-1587.299	161.6627	8.64038	5.793066	1.408945
3360	-1436.356	-1596.893	160.5371	9.849935	6.22786	1.609952
3366	-1415.661	-1577.239	161.5777	10.29991	5.039382	1.609952
3372	-1426.077	-1586.525	160.4486	12.77012	5.615811	1.471658
3378	-1425.744	-1587.547	161.8025	9.207497	5.311056	1.514987
3384	-1434.846	-1596.372	161.5257	9.732856	5.05291	1.77014
3390	-1426.932	-1589.1	162.1682	8.458866	4.764619	1.836205
3396	-1429.581	-1591.716	162.1355	8.619798	4.764619	1.817968
3402	-1434.099	-1595.902	161.8034	9.766687	5.03781	1.574683
3408	-1429.719	-1590.521	160.8019	10.25563	5.938866	1.529741
3414	-1430.224	-1591.755	161.5308	10.43479	5.009652	1.633918
3420	-1436.822	-1598.303	161.4812	8.954796	5.717085	1.518297
3426	-1445.09	-1606.458	161.3674	10.20911	5.202966	1.664791
3432	-1416.695	-1578.148	161.453	9.205212	5.563447	1.587221
3438	-1413.503	-1575.817	162.3142	8.110529	5.07484	1.606898
3444	-1426.869	-1588.621	161.7514	10.33601	4.957046	1.53439
3450	-1430.142	-1591.763	161.6216	10.41746	4.820269	1.708224
3456	-1435.202	-1597.831	162.6285	8.683575	4.405483	1.708224
3462	-1423.819	-1586.065	162.2453	8.683575	4.532322	1.885908
3468	-1424.342	-1586.79	162.4484	8.466242	4.409001	1.885908
3474	-1425.44	-1588.738	163.2984	6.138528	3.879621	2.303987
3480	-1426.592	-1589.36	162.7676	8.061198	4.018466	2.036201
3486	-1437.191	-1600.392	163.2003	6.840956	3.951924	2.119852
3492	-1433.363	-1597.221	163.858	6.097215	3.157434	2.419172
3498	-1438.317	-1602.031	163.7144	6.700254	2.916139	2.491777
3504	-1426.805	-1590.803	163.9979	5.584574	3.599147	2.202912
3510	-1429.867	-1592.859	162.9923	6.671555	4.360421	2.035892
3516	-1429.218	-1591.501	162.2837	8.801536	4.175136	2.070673
3522	-1422.657	-1584.737	162.0798	9.866939	4.524235	1.720913
3528	-1421.761	-1583.594	161.8328	9.15648	5.04794	1.697053
3534	-1416.831	-1579.285	162.4534	8.272727	4.243593	2.04201
3540	-1417.2	-1579.775	162.5747	8.120041	4.180109	2.04201
3546	-1433.011	-1596.521	163.51	5.742698	4.12817	2.126585
3552	-1429.595	-1592.205	162.6094	7.762643	4.604671	1.825472
3558	-1434.676	-1596.833	162.1572	9.506042	4.443235	1.808392
3564	-1433.246	-1594.648	161.4023	9.279071	5.741985	1.473133
3570	-1426.022	-1587.96	161.9384	7.451286	5.53691	1.72994
3576	-1422.631	-1584.616	161.9849	8.09482	5.53691	1.513574
3582	-1422.623	-1583.002	160.379	12.34194	5.750065	1.513574
3588	-1433.557	-1594.889	161.3314	9.121122	5.871685	1.470393
3594	-1426.929	-1588.211	161.2819	9.804591	5.51228	1.599712
3600	-1419.025	-1580.446	161.4207	9.564098	5.51228	1.5576
3606	-1424.747	-1584.555	159.808	14.24297	5.652109	1.627615
3612	-1431.174	-1592.578	161.4035	10.72035	5.107354	1.589685
3618	-1428.335	-1588.543	160.208	10.64122	6.665926	1.332336
3624	-1432.489	-1593.494	161.005	11.10095	5.581226	1.445249
3630	-1426.942	-1589.738	162.7962	7.825688	4.41792	1.808399
3636	-1435.674	-1597.92	162.2458	7.825688	5.071867	1.736261
3642	-1426.092	-1586.489	160.3974	13.94973	5.377959	1.450202
3648	-1419.019	-1578.077	159.0578	16.75936	6.115991	1.386588
3654	-1428.55	-1587.809	159.2584	15.04003	6.458695	1.27784
3660	-1419.681	-1580.896	161.2148	11.53263	4.919343	1.681654
3666	-1429.658	-1590.324	160.6659	11.53263	5.453421	1.692224
3672	-1439.332	-1603.218	163.8866	4.939072	4.302355	2.029199
3678	-1444.898	-1608.853	163.9548	4.430871	4.400301	2.101714
3684	-1430.33	-1592.844	162.5141	7.124293	5.075127	1.744078
3690	-1428.862	-1591.573	162.711	6.838866	4.636218	1.991589
3696	-1422.666	-1585.682	163.0155	6.563424	4.451008	1.991589
3702	-1418.233	-1579.916	161.683	11.32701	4.54352	1.659882
3708	-1425.685	-1586.153	160.4674	12.12122	5.641124	1.575517
3714	-1420.972	-1582.297	161.3248	8.207936	6.162881	1.507003
3720	-1412.603	-1573.652	161.0497	10.8442	5.43081	1.583492
3726	-1420.55	-1581.818	161.2675	10.00204	5.43081	1.621655
3732	-1429.114	-1591.406	162.292	7.561845	4.793689	1.966715
3738	-1425.175	-1587.922	162.7472	8.054867	4.293322	1.866713
3744	-1428.537	-1592.142	163.6052	5.512692	4.152628	2.121221
3750	-1429.305	-1592.915	163.6107	6.129483	3.854389	2.121221
3756	-1419.416	-1582.644	163.2278	6.638906	3.854389	2.222024
3762	-1424.143	-1586.994	162.8518	7.106246	4.082521	2.18888
3768	-1419.806	-1583.255	163.4483	6.073666	3.975037	2.165192
3774	-1423.862	-1586.758	162.8959	8.085924	3.571279	2.238174
3780	-1425.393	-1588.818	163.425	6.615859	3.370085	2.411474
3786	-1435.053	-1599.035	163.9825	5.243286	3.435639	2.425195
3792	-1436.26	-1599.37	163.1096	6.46613	4.287673	2.066024
3798	-1431.751	-1594.372	162.6207	8.666682	4.153896	1.892143
3804	-1444.222	-1606.718	162.4962	7.119108	4.656185	2.042593
3810	-1438.951	-1602.136	163.1845	5.864171	4.228645	2.235096
3816	-1444.472	-1606.762	162.2904	9.453825	4.228645	1.87653
3822	-1435.045	-1596.508	161.4629	9.453825	5.20594	1.773397
3828	-1433.882	-1596.579	162.6971	6.933747	4.620143	1.984673
3834	-1433.141	-1594.956	161.815	9.857825	4.866683	1.667984
3840	-1435.81	-1596.86	161.0499	11.97244	5.185657	1.513488
3846	-1424.084	-1585.78	161.6962	8.903588	5.608718	1.451735
3852	-1435.981	-1597.433	161.4516	9.61112	5.372875	1.62503
3858	-1427.131	-1588.366	161.2353	10.43984	5.537818	1.460802
3864	-1431.342	-1592.413	161.0716	10.8458	5.462278	1.543869
3870	-1421.244	-1583.44	162.1955	9.152806	4.898282	1.543869
3876	-1434.608	-1597.598	162.99	6.528224	4.915161	1.701261
3882	-1434.232	-1596.005	161.7727	10.14728	4.607881	1.812165
3888	-1442.505	-1604.775	162.2706	9.03275	4.416211	1.862305
3894	-1442.906	-1604.143	161.2373	10.46722	5.367385	1.579771
3900	-1435.283	-1598.329	163.0466	6.968363	4.609973	1.742682
3906	-1449.825	-1612.187	162.3622	8.294389	4.764804	1.744064
3912	-1443.387	-1605.611	162.2239	7.598989	5.094392	1.798222
3918	-1421.177	-1583.439	162.2618	7.429192	5.094392	1.819092
3924	-1429.388	-1590.718	161.3301	10.31582	5.063791	1.764944
3930	-1433.796	-1595.549	161.7529	10.40019	4.63721	1.748591
3936	-1444.781	-1607.23	162.449	8.599995	4.519267	1.775734
3942	-1435.453	-1597.132	161.6793	10.33534	4.84457	1.668765
3948	-1428.948	-1590.742	161.7938	8.11449	5.176413	1.899098
3954	-1431.775	-1594.593	162.8178	7.857884	4.475146	1.744789
3960	-1432.432	-1594.111	161.6793	9.766788	4.43683	2.075176
3966	-1441.577	-1604.762	163.1853	6.414772	3.857698	2.31048
3972	-1439.218	-1602.176	162.9583	7.684587	3.775949	2.166345
3978	-1436.738	-1598.833	162.0948	9.342304	4.226412	2.035301
3984	-1440.345	-1602.105	161.7599	10.15182	4.566107	1.848705
3990	-1427.452	-1588.811	161.3594	9.412418	5.646777	1.541924
3996	-1424.392	-1585.871	161.4792	10.74546	5.2603	1.412232
4002	-1424.289	-1585.629	161.3406	8.832149	5.952138	1.48042
4008	-1426.677	-1586.914	160.2366	13.01782	5.969413	1.307584
4014	-1435.528	-1594.861	159.3324	13.20102	6.888166	1.254741
4020	-1425.532	-1587.764	162.2312	7.517264	5.046019	1.848979
4026	-1437.815	-1599.966	162.1509	7.062456	4.744498	2.225854
4032	-1433.68	-1595.826	162.1456	8.963146	4.444228	1.944849
4038	-1438.306	-1600.65	162.3437	9.231776	4.026181	2.028543
4044	-1423.518	-1586.521	163.0035	6.840901	4.505472	1.881978
4050	-1422.142	-1584.595	162.453	9.130015	4.04798	1.96485
4056	-1418.789	-1581.492	162.7032	7.578233	4.728474	1.724834
4062	-1417.827	-1579.189	161.362	8.998186	5.798704	1.534761
4068	-1427.15	-1588.556	161.4053	8.903112	5.798704	1.527779
4074	-1436.075	-1598.74	162.6653	7.377383	5.088872	1.550879
4080	-1435.872	-1598.518	162.6466	7.336137	4.624878	1.902918
4086	-1421.777	-1584.296	162.5185	7.837059	4.69539	1.80551
4092	-1440.997	-1603.487	162.4907	9.166545	4.231566	1.80551
4098	-1430.607	-1593.613	163.0064	6.692071	4.849367	1.685479
4104	-1431.479	-1592.846	161.3662	11.24493	4.849367	1.685479
4110	-1429.235	-1591.148	161.9121	9.362602	4.844104	1.734262
4116	-1422.285	-1583.824	161.5384	10.86982	4.611389	1.812351
4122	-1428.297	-1590.451	162.1544	9.264859	4.611389	1.751361
4128	-1425.917	-1589.968	164.0509	5.335898	4.183337	1.861613
4134	-1446.623	-1607.276	160.653	11.89816	5.508768	1.583927
4140	-1436.943	-1600.303	163.3593	6.064337	3.839512	2.312526
4146	-1427.935	-1591.189	163.254	6.94286	3.801515	2.154677
4152	-1417.573	-1579.179	161.6061	9.956592	4.90964	1.761888
4158	-1428.523	-1590.89	162.3666	8.025177	4.670853	1.876601
4164	-1426.022	-1589.127	163.1052	7.29466	4.296754	1.825319
4170	-1429.547	-1592.631	163.0842	7.456383	4.228543	1.84142
4176	-1442.978	-1605.456	162.4779	8.683552	4.013772	2.0772
4182	-1425.898	-1587.987	162.0885	8.336066	4.86095	1.856161
4188	-1424.08	-1587.145	163.0655	7.178412	4.196511	1.953051
4194	-1419.647	-1582.579	162.9319	7.469673	4.042743	2.065116
4200	-1426.18	-1588.767	162.5871	9.304326	3.840038	1.973533
4206	-1421.814	-1583.565	161.7509	9.849381	4.926649	1.672942
4212	-1420.755	-1583.339	162.5838	7.536261	4.395224	2.044558
4218	-1429.49	-1592.513	163.0229	6.97503	4.315403	1.958885
4224	-1415.698	-1578.4	162.7022	7.89301	4.315403	1.924718
4230	-1433.769	-1595.118	161.3496	12.52003	4.315403	1.809744
4236	-1423.87	-1585.641	161.7712	10.8992	4.456276	1.752023
4242	-1418.294	-1580.223	161.9298	8.431045	5.126447	1.757893
4248	-1418.635	-1579.963	161.3282	9.957983	5.129734	1.801804
4254	-1415.002	-1576.7	161.6986	9.957983	4.891377	1.709462
4260	-1425.223	-1588.707	163.484	6.245562	3.816791	2.193718
4266	-1427.073	-1589.89	162.8167	7.642685	3.741368	2.290641
4272	-1426.034	-1589.062	163.0281	6.50564	3.688197	2.49141
4278	-1431.204	-1594.27	163.0668	6.656186	4.182787	2.108265
4284	-1434.367	-1596.623	162.2565	7.577892	4.932477	1.892677
4290	-1435.517	-1598.521	163.004	7.110054	3.927779	2.189477
4296	-1430.207	-1592.513	162.3058	9.842543	4.390691	1.660994
4302	-1426.286	-1588.795	162.5099	9.368454	3.86338	1.994647
4308	-1416.665	-1578.522	161.8566	9.368454	4.723616	1.85489
4314	-1427.45	-1590.011	162.5615	7.276666	4.914677	1.779089
4320	-1424.15	-1585.765	161.6141	9.755128	4.944171	1.779089
4326	-1434.873	-1597.416	162.5425	7.059147	4.773267	1.950239
4332	-1431.977	-1595	163.0227	6.567144	4.429387	2.000136
4338	-1434.823	-1597.323	162.4992	8.6736	3.888933	2.14735
4344	-1424.822	-1587.667	162.8446	8.140079	3.794202	2.113398
4350	-1418.104	-1581.098	162.9936	6.721963	4.279452	2.074093
4356	-1422.636	-1585.678	163.0421	6.371992	4.279452	2.143179
4362	-1424.011	-1586.055	162.044	8.834203	4.572824	1.957726
4368	-1435.117	-1597.296	162.179	8.655113	4.285383	2.101942
4374	-1430.136	-1592.938	162.8023	8.209811	3.833312	2.098094
4380	-1420.014	-1583.64	163.6265	6.17271	4.150244	1.900611
4386	-1434.134	-1595.804	161.6702	10.55776	4.448869	1.900611
4392	-1427.437	-1589.157	161.7193	9.748586	4.796049	1.810409
4398	-1432.557	-1594.448	161.8907	9.085404	5.051825	1.670945
4404	-1437.712	-1600.306	162.594	7.496218	4.406632	2.040897
4410	-1432.307	-1594.874	162.5671	7.32142	4.956278	1.733233
4416	-1424.682	-1587.422	162.7392	7.810868	4.044063	2.101908
4422	-1433.71	-1596.446	162.7363	7.90236	4.202361	1.975356
4428	-1423.396	-1587.129	163.7328	6.290612	3.720554	2.080828
4434	-1438.697	-1602.545	163.8472	4.998552	4.254233	2.066484
4440	-1436.273	-1598.382	162.1093	8.780409	4.652683	1.872597
4446	-1439.265	-1601.503	162.2378	8.780409	4.916303	1.596939
4452	-1432.206	-1593.363	161.1579	11.97617	5.054255	1.530095
4458	-1422.243	-1583.022	160.7791	12.38615	5.054255	1.718684
4464	-1419.485	-1581.883	162.398	8.138389	4.854532	1.697195
4470	-1410.034	-1571.726	161.692	9.307394	5.021057	1.777814
4476	-1420.152	-1583.818	163.6659	5.274969	4.378021	2.010571
4482	-1425.451	-1587.328	161.8771	8.557182	4.711043	2.044011
4488	-1440.015	-1603.252	163.2366	7.41128	3.697753	2.107148
4494	-1420.052	-1583.672	163.6202	5.302181	4.296971	2.085307
4500	-1423.488	-1587.121	163.6335	6.099731	4.179948	1.898396
4506	-1415.915	-1578.065	162.1494	9.569478	4.5676	1.711881
4512	-1431.233	-1593.482	162.2491	9.35351	4.359687	1.838833
4518	-1423.682	-1586.627	162.945	7.199679	4.228983	2.006013
4524	-1435.224	-1597.194	161.9697	9.906417	4.603031	1.733633
4530	-1430.677	-1592.628	161.9507	9.010561	4.925224	1.736783
4536	-1418.885	-1581.089	162.2043	7.807035	4.603185	2.087005
4542	-1420.452	-1583.241	162.7898	8.052582	3.47376	2.376363
4548	-1431.014	-1594.867	163.8534	5.570909	3.634759	2.277326
4554	-1422.197	-1585.432	163.2348	7.00693	3.927006	2.067317
4560	-1424.807	-1587.959	163.1518	7.653723	3.667434	2.118892
4566	-1428.975	-1591.403	162.4275	7.969259	4.454278	1.99605
4572	-1430.176	-1592.461	162.2851	8.092798	4.753747	1.857922
4578	-1430.825	-1594.363	163.5384	6.303311	3.924617	2.070675
4584	-1435.637	-1598.586	162.949	6.8675	4.364173	2.006167
4590	-1451.946	-1614.567	162.6211	7.32155	4.502583	2.006167
4596	-1448.551	-1610.679	162.128	8.903889	4.463491	1.957972
4602	-1438.47	-1600.675	162.2048	9.362447	4.410662	1.832107
4608	-1463.638	-1625.721	162.0837	9.362447	4.464933	1.877865
4614	-1423.485	-1586.413	162.9284	7.161769	4.313805	1.970974
4620	-1416.499	-1578.78	162.2809	8.258897	4.38301	2.067316
4626	-1423.188	-1585.726	162.5375	8.258897	4.168972	2.03917
4632	-1439.416	-1602.064	162.6482	8.540547	4.234164	1.850155
4638	-1438.57	-1600.639	162.0697	9.307464	4.354249	1.974948
4644	-1426.977	-1589.997	163.0193	7.242318	4.075943	2.046661
4650	-1441.101	-1604.138	163.0362	7.323081	4.22893	1.910813
4656	-1434.971	-1595.822	160.8514	11.60708	5.216618	1.712806
4662	-1428.354	-1589.289	160.9342	12.16919	5.054127	1.65261
4668	-1442.943	-1603.442	160.4991	12.05575	5.540167	1.639484
4674	-1432.655	-1594.118	161.4629	10.06192	5.156682	1.664035
4680	-1430.217	-1591.361	161.1437	11.07023	5.082525	1.715762
4686	-1419.626	-1580.833	161.2072	10.05139	5.45483	1.636102
4692	-1440.384	-1600.638	160.2533	11.58002	6.03873	1.557261
4698	-1440.213	-1601.626	161.4132	10.1186	5.184539	1.666362
4704	-1435.263	-1596.136	160.8738	10.70763	5.643607	1.587797
4710	-1412.313	-1573.487	161.1738	9.640712	5.583812	1.665834
4716	-1423.872	-1584.453	160.5806	10.7415	5.958864	1.563833
4722	-1417.795	-1578.684	160.8892	10.42541	5.729934	1.578973
4728	-1432.02	-1592.303	160.2828	12.26021	5.722149	1.621821
4734	-1434.056	-1592.984	158.928	14.30905	7.007191	1.249367
4740	-1434.91	-1593.975	159.065	13.86561	7.001535	1.235479
4746	-1419.47	-1579.385	159.9152	12.16366	6.390387	1.418353
4752	-1432.469	-1592.146	159.6775	12.89715	6.60101	1.275495
4758	-1431.067	-1591.289	160.2219	10.83593	6.515572	1.391773
4764	-1429.517	-1589.339	159.8222	11.9647	6.515572	1.437847
4770	-1432.479	-1591.321	158.8425	15.3809	6.797437	1.27269
4776	-1433.16	-1592.596	159.4357	13.5067	6.472089	1.438257
4782	-1430.516	-1591.893	161.3769	7.916137	6.216613	1.511375
4788	-1432.099	-1593.286	161.1871	10.29519	5.312387	1.695365
4794	-1437.383	-1599.704	162.3204	8.517907	4.461273	1.924305
4800	-1434.722	-1597.107	162.3848	8.517907	4.45718	1.883431
4806	-1428.96	-1590.205	161.2449	10.6974	5.03862	1.756957
4812	-1425.293	-1587.58	162.2875	8.157908	5.111987	1.58617
4818	-1419.194	-1579.519	160.3249	11.1577	6.212824	1.468926
4824	-1427.076	-1588.306	161.2304	9.687261	5.538156	1.646755
4830	-1415.921	-1577.615	161.6936	8.720882	5.249454	1.762578
4836	-1409.802	-1571.804	162.0024	8.720882	5.187925	1.586279
4842	-1430.478	-1592.497	162.0193	8.395137	5.160342	1.68028
4848	-1426.812	-1588.487	161.6755	10.69641	4.363008	1.925448
4854	-1429.718	-1592.697	162.9787	7.350779	4.541492	1.727052
4860	-1424.814	-1586.601	161.7861	9.908781	4.724583	1.776462
4866	-1414.622	-1577.059	162.4369	7.32358	5.023788	1.776462
4872	-1423.792	-1586.554	162.7613	7.34171	4.355363	2.00539
4878	-1423.178	-1586.335	163.1565	7.248953	3.950271	2.037196
4884	-1414.89	-1577.541	162.6512	8.025945	4.332587	1.912857
4890	-1427.006	-1589.973	162.9669	6.800326	4.204339	2.118768
4896	-1424.048	-1585.509	161.4611	10.08928	4.887954	1.84696
4902	-1437.314	-1598.366	161.0518	11.4525	5.01113	1.748864
4908	-1452.272	-1615.2	162.9278	7.069292	4.678186	1.74843
4914	-1430.517	-1593.799	163.2817	6.450109	3.594859	2.40613
4920	-1440.707	-1603.636	162.9286	6.852538	4.818507	1.713544
4926	-1445.478	-1608.24	162.7619	7.896866	4.18833	1.968992
4932	-1424.162	-1586.493	162.3307	9.202943	4.258823	1.887805
4938	-1430.887	-1593.01	162.1222	9.677551	4.258823	1.918519
4944	-1442.836	-1605.204	162.3677	8.692068	4.37266	1.909106
4950	-1435.292	-1598.279	162.9867	7.693492	3.85338	2.0949
4956	-1419.312	-1582.117	162.805	7.693492	3.85338	2.213258
4962	-1421.839	-1584.813	162.974	7.270796	3.854548	2.213258
4968	-1425.716	-1589.739	164.0221	5.378546	4.097063	1.925304
4974	-1424.535	-1586.653	162.1177	7.654837	5.482401	1.582211
4980	-1426.614	-1587.971	161.3569	7.189301	6.572803	1.477379
4986	-1423.197	-1584.994	161.7964	9.382604	4.927183	1.752288
4992	-1427.199	-1588.732	161.5334	9.433783	5.172582	1.752288
4998	-1415.013	-1576.994	161.9816	8.630607	4.880878	1.841135
5004	-1420.762	-1582.997	162.2347	8.18685	4.565141	1.995235
5010	-1429.678	-1591.705	162.0266	10.7058	3.960365	1.958111
5016	-1427.838	-1590.917	163.0786	6.961182	4.211263	1.995215
5022	-1425.886	-1588.764	162.8773	7.599293	4.326887	1.876491
5028	-1430.81	-1594.505	163.6948	5.773185	4.303854	1.876491
5034	-1426.256	-1588.888	162.6321	8.599022	4.377674	1.747041
5040	-1426.315	-1588.524	162.2085	7.519923	5.066956	1.849485
5046	-1427.488	-1590.297	162.8091	6.301639	5.230434	1.67751
5052	-1424.409	-1586.995	162.5855	6.649978	5.250645	1.712326
5058	-1426.464	-1588.971	162.5074	8.803097	3.968621	2.05891
5064	-1413.305	-1576.392	163.0872	6.882974	3.747753	2.313177
5070	-1436.787	-1599.655	162.8672	7.708288	4.161639	1.965798
5076	-1431.523	-1592.284	160.7605	11.22212	5.345105	1.767696
5082	-1427.525	-1590.474	162.9489	7.046722	3.789986	2.330305
5088	-1436.341	-1598.921	162.5794	7.647519	3.909631	2.333492
5094	-1425.179	-1587.738	162.5594	8.019467	3.904707	2.256548
5100	-1428.785	-1591.751	162.966	7.936035	4.225388	1.794452
5106	-1421.908	-1584.825	162.917	7.820869	3.74068	2.181294
5112	-1432.962	-1596.159	163.1964	6.660809	4.477255	1.822329
5118	-1417.425	-1579.326	161.9013	9.986727	4.405238	1.89899
5124	-1424.274	-1587.186	162.9121	6.779432	4.079796	2.241009
5130	-1426.997	-1589.645	162.6475	6.350862	4.316608	2.378778
5136	-1414.411	-1576.998	162.5872	7.844114	4.417271	1.946373
5142	-1428.419	-1590.807	162.3887	8.29023	4.952328	1.592365
5148	-1420.812	-1582.498	161.6858	9.986852	4.85069	1.740414
5154	-1426.416	-1588.169	161.7528	10.33703	4.584003	1.799857
5160	-1421.886	-1584.675	162.789	7.334268	4.238363	2.06662
5166	-1415.275	-1577.904	162.6293	7.129238	5.010689	1.706893
5172	-1435.606	-1598.337	162.731	6.910076	4.801488	1.845765
5178	-1426.192	-1589.843	163.6513	6.21795	3.904115	2.035173
5184	-1441.134	-1603.433	162.2984	7.90338	4.541176	2.041049
5190	-1424.944	-1587.592	162.6473	7.151401	4.524019	2.021124
5196	-1445.843	-1609.102	163.2585	6.637267	4.053254	2.07279
5202	-1435.713	-1598.348	162.6357	8.125095	3.937004	2.160233
5208	-1441.012	-1603.878	162.8661	6.935359	4.268188	2.105286
5214	-1436.563	-1599.516	162.9531	6.935359	4.268188	2.048013
5220	-1432.203	-1595.749	163.5459	5.695483	3.906676	2.26145
5226	-1432.055	-1595.512	163.4569	5.682793	4.001724	2.26145
5232	-1436.812	-1599.261	162.449	7.855338	4.837258	1.750186
5238	-1439.476	-1600.656	161.1797	10.19287	5.377064	1.678256
5244	-1431.767	-1593.516	161.7485	8.978377	5.058892	1.792603
5250	-1426.958	-1589.653	162.6948	6.658363	5.022937	1.792603
5256	-1423.153	-1585.48	162.3264	7.810599	5.022937	1.718128
5262	-1427.232	-1589.591	162.3587	8.815175	4.40631	1.861998
5268	-1425.808	-1588.186	162.3775	8.815175	4.387495	1.861998
5274	-1417.469	-1579.922	162.453	7.264719	5.053907	1.761088
5280	-1425.299	-1587.387	162.0881	9.126204	4.712216	1.761088
5286	-1422.695	-1584.242	161.5464	8.225324	5.913487	1.522803
5292	-1424.761	-1585.242	160.4815	12.00123	5.863465	1.424125
5298	-1433.516	-1594.596	161.079	9.614346	5.989245	1.443291
5304	-1422.128	-1582.726	160.5981	9.941477	6.360436	1.443291
5310	-1425.297	-1585.802	160.5044	10.78051	6.183704	1.443291
5316	-1436.121	-1595.811	159.69	11.10805	6.896622	1.443291
5322	-1425.614	-1587.996	162.3822	7.768952	4.72714	1.895388
5328	-1435.838	-1597.369	161.5309	10.74817	4.573145	1.869877
5334	-1430.614	-1591.76	161.1461	11.5229	5.264178	1.481828
5340	-1438.972	-1602.315	163.3425	6.603655	4.347379	1.828324
5346	-1438.705	-1601.061	162.356	8.539982	4.663016	1.755723
5352	-1432.322	-1594.165	161.8436	8.710655	5.15494	1.72633
5358	-1429.025	-1590.419	161.3937	8.954942	5.74839	1.559907
5364	-1434.78	-1595.981	161.2004	10.8475	5.287621	1.577246
5370	-1431.246	-1591.851	160.6047	10.8475	6.060824	1.444538
5376	-1423.844	-1585.744	161.9005	8.99877	5.155409	1.611446
5382	-1427.572	-1587.606	160.0341	12.73631	5.850906	1.611446
5388	-1422.299	-1583.467	161.1677	10.77838	5.427051	1.51435
5394	-1427.548	-1589.236	161.6879	10.17328	4.88801	1.669193
5400	-1443.368	-1605.478	162.1104	8.517695	5.03937	1.669193
5406	-1434.27	-1596.946	162.676	8.517695	4.22538	1.842865
5412	-1441.92	-1605.604	163.6833	5.632551	3.366549	2.535092
5418	-1429.437	-1591.696	162.2595	8.086001	3.911236	2.426876
5424	-1417.876	-1580.792	162.9157	7.566027	3.934005	2.121797
5430	-1439.226	-1601.155	161.9293	8.787739	5.131818	1.662134
5436	-1438.595	-1599.768	161.1731	12.50628	4.850497	1.557232
5442	-1413.224	-1575.591	162.3675	8.49447	4.668618	1.755476
5448	-1422.537	-1584.664	162.1272	8.493185	4.668618	1.920923
5454	-1435.568	-1598.431	162.8634	9.085481	3.718515	1.920923
5460	-1430.356	-1593.396	163.0394	7.180687	4.288359	1.908012
5466	-1429.221	-1591.383	162.1617	8.234599	4.853226	1.837441
5472	-1436.628	-1599.641	163.0123	8.316832	3.619026	2.074455
5478	-1431.187	-1593.784	162.5971	7.583845	3.770486	2.426375
5484	-1429.943	-1591.687	161.7444	10.03701	4.579519	1.875859
5490	-1423.016	-1584.272	161.2568	10.12255	5.079598	1.848164
5496	-1425.208	-1587.096	161.8877	7.661275	5.729425	1.567852
5502	-1421.283	-1582.34	161.0571	10.97388	5.404463	1.567852
5508	-1425.367	-1587.598	162.2306	7.112854	5.358548	1.747459
5514	-1425.338	-1588.022	162.6843	7.680546	4.924292	1.568564
5520	-1424.914	-1586.668	161.7543	9.716574	4.924292	1.703817
5526	-1435.693	-1597.859	162.166	7.727472	5.228743	1.709118
5532	-1423.364	-1582.42	159.0566	16.0084	6.414232	1.288346
5538	-1427.294	-1587.075	159.7815	13.06853	6.414232	1.304696
5544	-1427.36	-1588.027	160.6668	9.161182	6.556861	1.444025
5550	-1441.883	-1603.675	161.792	9.620314	3.61279	2.560713
5556	-1436.379	-1598.66	162.2814	7.873945	4.29615	2.219751
5562	-1427.753	-1590.951	163.1981	6.710681	3.507496	2.441863
5568	-1435.019	-1597.901	162.8825	7.485691	3.561304	2.403094
5574	-1421.602	-1585.79	164.1885	4.98875	3.652662	2.239296
5580	-1428.485	-1591.404	162.919	7.372091	3.716402	2.310716
5586	-1418.209	-1580.73	162.521	9.065585	4.173967	1.848786
5592	-1432.531	-1594.795	162.264	8.702975	4.580528	1.835356
5598	-1427.482	-1588.767	161.2857	11.63233	4.580528	1.847902
5604	-1421.894	-1583.924	162.0303	9.252253	4.451713	1.94881
5610	-1424.567	-1586.41	161.8427	9.490789	4.730053	1.831095
5616	-1424.098	-1587.778	163.6799	5.299704	4.412484	1.969863
5622	-1423.596	-1586.228	162.6322	8.458959	4.044973	2.00901
5628	-1428.766	-1591.361	162.5958	8.381067	4.044973	2.052374
5634	-1427.751	-1590.976	163.2243	7.090958	3.63322	2.242573
5640	-1445.214	-1608.033	162.8185	6.928906	5.00248	1.637737
5646	-1450.811	-1612.637	161.8257	8.639655	5.345618	1.621563
5652	-1438.215	-1600.191	161.9757	8.639655	5.033664	1.736859
5658	-1436.258	-1598.141	161.883	9.100266	4.71226	1.908391
5664	-1426.631	-1588.84	162.2082	9.274523	4.256424	1.955308
5670	-1425.703	-1588.204	162.5004	8.508815	3.954304	2.143392
5676	-1430.455	-1593.08	162.625	8.730167	3.748675	2.143392
5682	-1429.486	-1592.432	162.9457	7.595155	3.804924	2.17881
5688	-1433.138	-1597.405	164.2672	4.394287	3.291174	2.620703
5694	-1421.763	-1585.089	163.3265	6.297526	3.226175	2.650611
5700	-1431.907	-1594.866	162.9593	6.504005	4.609396	1.940613
5706	-1436.27	-1598.11	161.8393	10.0459	4.63698	1.76886
5712	-1448.365	-1611.093	162.7285	6.866013	4.853007	1.824956
5718	-1440.336	-1602.436	162.1002	8.913926	4.683303	1.824956
5724	-1435.172	-1597.42	162.2475	9.136241	4.098569	2.066439
5730	-1426.642	-1590.605	163.9629	6.324117	3.48651	2.073481
5736	-1434.497	-1597.941	163.444	6.383953	4.043662	2.030429
5742	-1428.182	-1590.908	162.7264	8.162313	4.043662	2.021242
5748	-1427.765	-1590.365	162.5999	8.162313	4.0539	2.098019
5754	-1436.818	-1598.471	161.6532	9.78733	5.10775	1.627962
5760	-1424.985	-1586.639	161.6533	9.784624	5.057903	1.664331
5766	-1423.237	-1584.334	161.0967	11.16619	5.177869	1.660464
5772	-1423.418	-1586.251	162.8327	5.705462	5.501329	1.665317
5778	-1414.854	-1576.254	161.4007	10.71365	4.991632	1.676597
5784	-1421.753	-1584.137	162.384	9.58005	4.24126	1.773658
5790	-1432.803	-1592.498	159.6957	13.15482	6.279921	1.458835
5796	-1433.921	-1593.966	160.045	11.89077	6.180398	1.538733
5802	-1428.534	-1588.143	159.6088	13.05137	6.398288	1.456313
5808	-1427.872	-1588.852	160.98	10.36581	5.669894	1.570484
5814	-1430.722	-1591.919	161.1975	10.33428	5.669894	1.414521
5820	-1440.382	-1600.762	160.3795	11.40204	6.155107	1.414521
5826	-1433.495	-1593.868	160.3733	10.97161	6.366345	1.356939
5832	-1447.855	-1609.444	161.5893	10.69765	4.509169	1.884535
5838	-1425.866	-1587.602	161.7363	10.00443	5.026969	1.573765
5844	-1428.22	-1589.337	161.1171	10.76241	5.402261	1.573765
5850	-1424.644	-1585.909	161.2651	9.342907	5.721807	1.573765
5856	-1416.9	-1578.598	161.698	9.342907	4.801242	1.91601
5862	-1419.262	-1581.759	162.4963	7.752171	4.77968	1.78548
5868	-1415.475	-1578.039	162.5647	8.791693	4.179418	1.882037
5874	-1411.959	-1574.593	162.6335	8.222832	4.280944	1.909008
5880	-1417.315	-1579.224	161.9089	9.340266	4.721206	1.827327
5886	-1421.958	-1583.78	161.8217	9.881518	4.986921	1.570373
5892	-1429.705	-1591.771	162.0657	7.569344	5.549924	1.595702
5898	-1424.268	-1585.212	160.9441	11.31415	5.312873	1.640831
5904	-1420.356	-1581.911	161.5547	10.44043	5.132322	1.525397
5910	-1427.535	-1589.264	161.7282	7.643578	5.851804	1.600159
5916	-1413.916	-1575.012	161.0963	8.85615	6.299612	1.394707
5922	-1418.887	-1579.494	160.6078	10.67143	6.152577	1.414136
5928	-1423.027	-1583.949	160.9221	9.768101	6.090929	1.445816
5934	-1426.288	-1585.949	159.661	12.23214	6.698305	1.361027
5940	-1430.273	-1591.294	161.0204	11.26966	5.429914	1.509012
5946	-1441.154	-1603.158	162.0039	8.885593	5.064934	1.631307
5952	-1450.217	-1612.397	162.1802	10.15194	4.44799	1.636698
5958	-1431.921	-1595.571	163.6505	6.210332	3.97924	1.988
5964	-1429.184	-1591.85	162.6659	7.543912	4.448396	1.952331
5970	-1429.158	-1592.35	163.1916	6.808014	4.155952	2.000221
5976	-1420.007	-1581.959	161.9522	8.59778	4.816519	1.913233
5982	-1415.025	-1577.635	162.6104	7.641338	4.639036	1.834079
5988	-1430.728	-1592.647	161.9191	9.806677	4.554066	1.826027
5994	-1426.211	-1587.656	161.4456	11.14018	4.69798	1.758698
6000	-1439.814	-1602.193	162.3786	8.657428	4.516595	1.811865
6006	-1435.959	-1597.846	161.8866	8.836814	4.399272	2.175441
6012	-1438.227	-1601.373	163.146	6.780689	3.974547	2.157396
6018	-1444.939	-1607.843	162.9036	7.030588	4.228109	2.080661
6024	-1429.022	-1591.234	162.2117	8.80977	4.531004	1.878554
6030	-1426.335	-1588.097	161.7624	10.28663	4.791782	1.658333
6036	-1422.726	-1583.233	160.5064	11.22011	5.914683	1.541982
6042	-1419.868	-1580.484	160.6156	8.795798	6.816396	1.383454
6048	-1417.956	-1579.499	161.543	8.796809	5.888642	1.383454
6054	-1419.317	-1579.385	160.0682	13.31512	5.888642	1.439997
6060	-1418.614	-1580.299	161.6849	7.659955	5.892678	1.597191
6066	-1422.971	-1583.444	160.4726	12.87797	5.577505	1.459881
6072	-1430.642	-1592.684	162.0421	9.408362	4.406946	1.93464
6078	-1421.865	-1584.215	162.3506	7.619108	4.759895	1.93464
6084	-1432.529	-1594.343	161.8141	8.016603	5.301536	1.825297
6090	-1423.728	-1585.845	162.1176	9.580928	4.242947	1.9544
6096	-1417.806	-1581.254	163.4483	6.706296	3.580465	2.237571
6102	-1425.915	-1588.417	162.5012	9.111023	3.745369	2.137487
6108	-1418.298	-1581.712	163.4142	6.679202	3.745369	2.160544
6114	-1420.018	-1583.253	163.236	6.665807	3.745369	2.279303
6120	-1418.533	-1581.747	163.2139	7.047589	3.745369	2.1886
6126	-1423.868	-1587.165	163.2973	7.280404	3.565484	2.1886
6132	-1431.158	-1594.579	163.4213	6.135116	3.551345	2.435169
6138	-1432.748	-1595.832	163.0841	8.250841	3.559601	2.082604
6144	-1440.66	-1601.967	161.3071	9.329656	5.181682	1.926128
6150	-1431.386	-1593.228	161.842	9.54752	4.823272	1.753493
6156	-1428.683	-1590.09	161.4073	8.997839	5.124526	1.975487
6162	-1425.304	-1586.699	161.3949	8.635187	5.819108	1.591741
6168	-1426.65	-1587.027	160.3775	13.58459	5.303981	1.591741
6174	-1421.356	-1583.735	162.3792	7.569588	5.048655	1.729958
6180	-1438.706	-1599.145	160.4385	10.622	6.20632	1.513719
6186	-1432.345	-1594.105	161.7607	7.727345	5.789241	1.597876
6192	-1418.823	-1581.877	163.0536	6.33287	4.951635	1.691932
6198	-1424.637	-1586.033	161.3962	9.438467	5.460418	1.644343
6204	-1424.155	-1585.454	161.2982	10.87404	5.014738	1.697371
6210	-1429.837	-1593.022	163.185	5.236761	5.404432	1.648091
6216	-1424.364	-1585.469	161.1053	10.20143	5.490885	1.648091
6222	-1428.326	-1588.088	159.7618	13.82302	6.14509	1.374058
6228	-1434.882	-1595.149	160.2665	12.44048	6.027698	1.365578
6234	-1441.478	-1601.963	160.4857	11.06109	6.094531	1.459118
6240	-1435.749	-1596.58	160.8311	10.02188	6.221545	1.349253
6246	-1420.818	-1580.801	159.983	12.44573	6.330335	1.349253
6252	-1426.645	-1586.222	159.5775	11.90984	7.15379	1.12756
6258	-1434.003	-1592.96	158.9571	11.64454	7.73886	1.226201
6264	-1429.951	-1589.657	159.7065	12.49397	6.743638	1.226201
6270	-1432.052	-1591.286	159.2341	14.01057	6.8885	1.154788
6276	-1417.57	-1576.886	159.3168	12.57483	7.009933	1.309384
6282	-1431.772	-1592.454	160.6827	9.916894	6.423315	1.334399
6288	-1426.2	-1586.788	160.5886	9.916894	6.432176	1.401618
6294	-1420.452	-1581.15	160.6979	10.3507	6.180916	1.401618
6300	-1438.986	-1600.303	161.3174	8.712477	5.981286	1.508425
6306	-1435.37	-1596.579	161.2088	10.46249	5.418873	1.564006
6312	-1428.385	-1588.114	159.7289	12.24817	6.783859	1.232368
6318	-1444.716	-1605.23	160.5144	10.79968	6.364837	1.287676
6324	-1442.344	-1602.064	159.7206	12.23283	6.579773	1.407002
6330	-1427.092	-1587.107	160.015	12.04977	6.529589	1.253457
6336	-1432.803	-1593.187	160.384	9.653522	6.855264	1.298156
6342	-1419.262	-1580.137	160.875	10.59102	6.162966	1.21014
6348	-1417.404	-1578.855	161.4504	9.594276	5.525374	1.518258
6354	-1424.472	-1584.854	160.3817	13.46441	5.481311	1.480935
6360	-1419.751	-1581.181	161.43	8.77428	5.6377	1.660887
6366	-1419.803	-1581.127	161.3241	10.62967	5.358864	1.483308
6372	-1432.521	-1594.161	161.6404	9.85193	5.033388	1.674974
6378	-1423.694	-1586.116	162.4229	7.18475	5.449991	1.521401
6384	-1433.094	-1594.443	161.3487	8.912131	5.867746	1.516139
6390	-1429.36	-1592.02	162.6597	7.222492	4.688029	1.882716
6396	-1428.478	-1591.51	163.0312	6.412267	4.663741	1.882716
6402	-1422.487	-1584.161	161.675	9.965026	4.663741	1.882002
6408	-1422.774	-1585.264	162.4901	7.984135	4.329585	2.033563
6414	-1420.76	-1583.753	162.9937	7.984135	3.536562	2.222732
6420	-1441.006	-1601.335	160.3292	12.2538	6.012004	1.370396
6426	-1446.206	-1607.179	160.9733	8.305781	6.642488	1.38077
6432	-1417.944	-1578.262	160.3173	11.43999	6.06069	1.524618
6438	-1405.846	-1567.992	162.1453	8.019766	5.373488	1.537221
6444	-1421.758	-1583.547	161.7893	8.847375	5.217715	1.685361
6450	-1423.268	-1585.747	162.4791	7.648448	4.779138	1.826057
6456	-1436.312	-1599.213	162.9009	7.053361	4.658	1.785901
6462	-1436.792	-1596.806	160.0141	13.63343	5.877625	1.424727
6468	-1433.584	-1594.328	160.7442	9.901339	6.175992	1.482506
6474	-1435.42	-1596.79	161.3702	10.32689	5.345008	1.531549
6480	-1431.467	-1592.976	161.5085	9.974081	4.651791	2.000187
6486	-1430.329	-1592.902	162.5736	8.025331	4.419553	1.90664
6492	-1442.377	-1605.772	163.3956	6.470757	3.883947	2.141933
6498	-1432.686	-1596.426	163.7396	6.074706	3.719049	2.141933
6504	-1431.667	-1594.448	162.7804	7.713025	3.980143	2.141933
6510	-1428.56	-1591.987	163.427	6.035237	4.088061	2.116991
6516	-1433.236	-1596.342	163.1062	6.760926	4.182415	2.052711
6522	-1436.179	-1598.9	162.7211	7.454499	4.182415	2.115919
6528	-1429.151	-1593.284	164.1326	4.843883	3.217305	2.597275
6534	-1427.245	-1591.209	163.9644	5.124636	3.238732	2.597275
6540	-1425.906	-1590.607	164.7007	4.641931	3.116738	2.37278
6546	-1430.43	-1594.606	164.1755	4.657867	3.308218	2.57648
6552	-1438.065	-1601.453	163.3871	6.944747	3.385673	2.336115
6558	-1431.699	-1594.777	163.0772	6.628101	3.713463	2.410914
6564	-1436.835	-1599.717	162.8818	8.68533	2.896217	2.532866
6570	-1429.207	-1592.245	163.0384	7.272584	3.268417	2.543272
6576	-1429.136	-1592.655	163.5192	5.835357	3.777137	2.318636
6582	-1438.227	-1599.797	161.5705	10.30771	4.473628	2.004876
6588	-1430.948	-1592.945	161.9975	9.844968	4.379507	1.883081
6594	-1437.769	-1599.475	161.7055	9.076059	4.506177	2.168239
6600	-1418.271	-1581.658	163.3876	6.676616	3.879696	2.090802
6606	-1431.77	-1593.784	162.0141	11.0495	3.666039	2.090802
6612	-1432.054	-1595.532	163.4776	5.918195	2.953462	2.831706
6618	-1423.942	-1587.648	163.706	5.918195	3.067029	2.622298
6624	-1429.288	-1592.556	163.268	5.918195	3.067029	2.889927
6630	-1424.871	-1588.071	163.2001	7.194361	3.067029	2.587891
6636	-1447.87	-1610.466	162.5964	7.194361	3.674953	2.585302
6642	-1431.151	-1593.142	161.991	8.873136	4.710525	1.891091
6648	-1432.786	-1594.559	161.7728	9.199119	5.01765	1.7501
6654	-1422.728	-1584.77	162.042	9.199119	4.678948	1.798522
6660	-1428.698	-1591.198	162.5003	8.384057	4.619329	1.725669
6666	-1426.779	-1589.254	162.4758	7.874322	4.51381	1.948464
6672	-1436.041	-1597.676	161.6349	9.764079	5.098066	1.653731
6678	-1441.534	-1604.528	162.9946	6.131942	5.129467	1.672284
6684	-1431.026	-1593.161	162.1347	8.626832	4.861362	1.749498
6690	-1426.036	-1588.778	162.7425	7.414271	4.15745	2.128867
6696	-1428.746	-1592.054	163.3076	5.223202	4.733389	2.029934
6702	-1438.791	-1601.762	162.9711	6.853254	3.841304	2.335616
6708	-1435.797	-1598.308	162.5114	7.155439	4.173853	2.335616
6714	-1429.149	-1591.553	162.4042	8.418068	3.774616	2.342549
6720	-1429.487	-1592.263	162.7764	7.407307	4.546632	1.847996
6726	-1430.615	-1593.211	162.5956	7.425195	4.953556	1.685211
6732	-1428.163	-1590.454	162.2915	8.692142	4.433139	1.919685
6738	-1418.616	-1581.77	163.1536	6.38189	4.174721	2.135888
6744	-1410.948	-1573.436	162.488	9.010425	4.040326	1.974826
6750	-1416.87	-1580.644	163.7747	5.12053	4.439603	1.949245
6756	-1420.34	-1584.028	163.688	5.24094	4.439603	1.966137
6762	-1422.598	-1586.379	163.781	5.429523	4.413964	1.85654
6768	-1419.026	-1581.531	162.5051	8.066105	4.605745	1.815531
6774	-1427.593	-1589.592	161.9991	8.066105	5.255323	1.715348
6780	-1431.805	-1593.942	162.1368	9.952012	4.139788	1.927061
6786	-1441.393	-1603.925	162.5314	8.284655	4.075662	2.098313
6792	-1431.466	-1593.832	162.3652	8.096056	4.313351	2.098313
6798	-1434.566	-1598.089	163.5229	6.283472	3.73687	2.209107
6804	-1424.346	-1588.079	163.7334	5.573882	3.945062	2.15347
6810	-1419.459	-1583.132	163.6728	5.81821	3.888176	2.15347
6816	-1410.51	-1572.906	162.3952	9.072613	4.274208	1.864586
6822	-1429.981	-1592.867	162.8861	7.125082	4.472316	1.902856
6828	-1425.469	-1587.852	162.3829	9.012377	4.181576	1.950114
6834	-1429.148	-1591.627	162.4792	9.012377	4.302717	1.801896
6840	-1437.305	-1599.958	162.6525	7.60206	3.832649	2.347419
6846	-1431.952	-1594.079	162.1266	9.44889	3.748627	2.301342
6852	-1431.548	-1593.99	162.442	7.486599	4.305433	2.209026
6858	-1433.796	-1596.142	162.3458	8.468005	3.618842	2.466092
6864	-1435.505	-1598.904	163.3991	6.934542	3.554333	2.223112
6870	-1432.611	-1595.035	162.424	8.145507	4.530331	1.90182
6876	-1435.447	-1598.165	162.718	8.439809	4.125765	1.90182
6882	-1428.441	-1589.551	161.1096	11.2273	5.270708	1.57044
6888	-1427.817	-1590.543	162.7261	7.403985	4.718436	1.764951
6894	-1421.808	-1584.639	162.8316	7.403985	4.574587	1.791608
6900	-1427.219	-1589.467	162.2478	6.921534	5.25583	1.862241
6906	-1416.6	-1578.798	162.1981	9.118571	4.458458	1.862241
6912	-1415.457	-1577.829	162.372	8.059495	4.67329	1.862241
6918	-1431.533	-1593.579	162.0457	8.308234	5.114294	1.717195
6924	-1426.176	-1588.013	161.837	8.890674	5.133071	1.700521
6930	-1422.726	-1584.905	162.1792	9.147565	4.631041	1.74891
6936	-1431.866	-1592.865	160.9993	10.08099	5.743015	1.570693
6942	-1424.857	-1586.113	161.2558	9.86053	5.794017	1.393577
6948	-1423.377	-1583.824	160.4471	10.62504	6.141463	1.554729
6954	-1411.509	-1571.046	159.5372	13.63828	6.429046	1.365622
6960	-1416.665	-1577.579	160.9134	9.050378	6.580782	1.26026
6966	-1420.766	-1582.537	161.7709	7.854781	5.862438	1.49945
6972	-1430.707	-1593.3	162.5921	6.828801	5.257061	1.648117
6978	-1434.367	-1596.112	161.7453	8.223449	5.463636	1.705206
6984	-1426.638	-1587.856	161.2177	10.38918	5.263124	1.687059
6990	-1424.75	-1586.102	161.3512	8.863695	5.652401	1.683602
6996	-1426.624	-1587.544	160.9198	10.73646	5.184233	1.872364
7002	-1427.552	-1589.633	162.0809	9.685007	4.618142	1.696851
7008	-1428.728	-1590.723	161.9947	8.115014	5.080383	1.827287
7014	-1419.982	-1582.964	162.9813	6.994384	4.542444	1.827287
7020	-1424.764	-1586.43	161.6662	9.277723	5.418646	1.518135
7026	-1425.283	-1586.518	161.2355	9.240205	5.602924	1.706258
7032	-1434.576	-1597.299	162.7231	6.483997	4.791045	1.983143
7038	-1431.216	-1593.593	162.3775	7.961282	4.871539	1.747492
7044	-1422.522	-1584.67	162.1474	8.072752	4.712904	1.983828
7050	-1418.725	-1581.216	162.491	7.8471	4.294812	2.09097
7056	-1422.698	-1585.249	162.5514	6.659316	4.705317	2.102673
7062	-1414.863	-1577.89	163.0269	7.582446	3.845437	2.102673
7068	-1422.959	-1585.464	162.5044	7.13966	3.800586	2.578469
7074	-1424.836	-1588.654	163.8183	4.890093	3.537454	2.578469
7080	-1423.912	-1587	163.0878	6.641424	3.3503	2.62726
7086	-1434.58	-1598.274	163.6944	6.844475	3.233488	2.264229
7092	-1436.608	-1599.655	163.0469	6.329997	4.554595	1.970702
7098	-1436.224	-1598.208	161.9837	9.003763	4.368541	2.093136
7104	-1428.148	-1589.204	161.0555	10.70419	5.44183	1.603196
7110	-1433.776	-1596.026	162.2497	9.284791	4.302192	1.893976
7116	-1421.445	-1584.344	162.8996	7.523993	4.208444	1.961902
7122	-1416.754	-1579.183	162.4286	8.371868	4.351426	1.961902
7128	-1413.576	-1575.864	162.2878	8.371868	4.755744	1.782091
7134	-1427.703	-1589.494	161.7902	10.42746	4.641433	1.713214
7140	-1442.874	-1603.558	160.6841	12.68407	5.243418	1.591112
7146	-1431.641	-1593.218	161.5772	8.95102	5.160211	1.847543
7152	-1425.391	-1588.343	162.9522	7.42704	4.568835	1.704624
7158	-1417.062	-1579.129	162.0672	8.593861	5.299822	1.489681
7164	-1431.893	-1594.477	162.5843	7.99915	4.874518	1.587155
7170	-1449.752	-1610.585	160.8329	11.84037	5.121836	1.744056
7176	-1439.973	-1600.97	160.9976	11.84037	5.14286	1.611734
7182	-1435.646	-1596.881	161.2352	10.57089	5.292548	1.611734
7188	-1434.046	-1593.782	159.7364	13.27648	6.31255	1.376684
7194	-1429.007	-1589.235	160.2285	12.26364	6.084852	1.390021
7200	-1424.171	-1584.575	160.4034	10.22889	6.553789	1.371109
7206	-1432.339	-1592.945	160.6052	11.84612	5.558584	1.593542
7212	-1427.811	-1588.558	160.7469	12.70526	5.1714	1.593542
7218	-1419.244	-1581.147	161.9031	8.88638	5.217525	1.593542
7224	-1420.039	-1582.312	162.2734	9.230719	4.726991	1.592425
7230	-1425.311	-1588.574	163.2632	6.568241	4.59776	1.72
7236	-1422.861	-1583.93	161.0688	11.25613	5.094576	1.72
7242	-1413.159	-1574.775	161.6159	9.729146	5.094576	1.678184
7248	-1420.214	-1581.467	161.2536	10.10289	5.332706	1.678184
7254	-1427.378	-1588.742	161.3635	10.10289	5.034805	1.809956
7260	-1434.231	-1596.827	162.5952	7.771679	4.16576	2.126599
7266	-1431.307	-1594.187	162.8803	7.160711	4.16576	2.101266
7272	-1439.288	-1600.84	161.5514	9.108874	5.521736	1.570508
7278	-1441.534	-1601.637	160.1034	13.34209	5.897415	1.400514
7284	-1434.602	-1597.051	162.4496	9.31583	4.460702	1.636232
7290	-1419.476	-1581.867	162.3912	7.507282	5.166212	1.655678
7296	-1419.54	-1581.036	161.496	9.086012	5.166212	1.866263
7302	-1415.138	-1576.599	161.4617	9.812779	5.17071	1.713655
7308	-1427.545	-1588.495	160.9495	11.33071	5.068044	1.805983
7314	-1428.199	-1589.259	161.0599	11.66261	5.033727	1.683009
7320	-1426.812	-1589.251	162.4387	7.297338	5.165618	1.683009
7326	-1430.573	-1592.628	162.0545	9.922503	4.215207	1.938297
7332	-1413.388	-1575.689	162.3014	9.214925	4.548209	1.704577
7338	-1413.858	-1576.74	162.8815	7.57449	4.511737	1.752868
7344	-1438.22	-1600.809	162.5885	7.010663	4.156094	2.3363
7350	-1432.666	-1594.999	162.3335	9.064995	4.279556	1.904746
7356	-1425.097	-1586.693	161.5954	9.449731	5.480721	1.480066
7362	-1424.128	-1584.94	160.812	11.2347	5.261255	1.787584
7368	-1423.697	-1586.161	162.4643	7.707662	4.826762	1.787216
7374	-1428.947	-1590.357	161.4099	9.46288	5.235929	1.787216
7380	-1422.049	-1583.101	161.0518	12.30514	4.646523	1.828787
7386	-1418.814	-1580.358	161.5439	9.944869	4.979771	1.759059
7392	-1430.887	-1592.666	161.779	9.709224	4.947719	1.671395
7398	-1432.797	-1594.605	161.8079	9.49471	4.703121	1.872446
7404	-1437.454	-1598.025	160.5708	12.36544	5.637869	1.448478
7410	-1445.636	-1606.896	161.2603	8.966412	5.946996	1.508498
7416	-1447.142	-1607.587	160.4458	13.07912	5.484614	1.508498
7422	-1442.706	-1604.842	162.1367	8.37432	5.128833	1.62426
7428	-1440.117	-1601.55	161.4331	8.679974	5.684351	1.649749
7434	-1441.444	-1602.617	161.1727	9.664802	5.445493	1.75854
7440	-1438.635	-1601.191	162.5564	7.230804	4.746437	1.910906
7446	-1431.688	-1594.759	163.0716	6.185151	4.257274	2.193282
7452	-1432.915	-1595.595	162.6806	6.745178	4.852052	1.893855
7458	-1432.315	-1595.337	163.0214	6.37661	4.604892	1.93999
7464	-1428.567	-1590.436	161.869	9.064978	4.907979	1.792399
7470	-1436.135	-1597.619	161.484	9.623905	5.212072	1.713585
7476	-1427.535	-1590.444	162.9089	7.425255	4.423884	1.83635
7482	-1427.059	-1589.629	162.5705	7.001602	5.183057	1.664126
7488	-1432.457	-1595.975	163.5175	6.136052	4.209068	1.945823
7494	-1428.275	-1592.306	164.0307	5.08826	3.86959	2.167682
7500	-1441.994	-1604.215	162.2207	8.304194	4.705057	1.880543
7506	-1429.933	-1592.36	162.4267	7.669361	4.383507	2.120729
7512	-1432.568	-1596.317	163.7481	5.563425	3.050365	2.711151
7518	-1425.883	-1589.038	163.1554	7.17322	3.356055	2.440884
7524	-1422.554	-1585.766	163.2126	6.64378	3.780315	2.278052
7530	-1425.943	-1589.222	163.2793	6.64378	3.71356	2.278052
7536	-1421.675	-1585.163	163.488	6.64378	4.198388	1.818658
7542	-1429.312	-1591.46	162.1474	9.253424	4.365417	1.927784
7548	-1429.09	-1591.296	162.2056	7.812137	5.004428	1.814862
7554	-1426.207	-1588.063	161.8563	9.152572	4.857334	1.814862
7560	-1415.546	-1576.596	161.0498	11.33449	4.896715	1.854053
7566	-1422.506	-1583.902	161.3957	11.48774	4.758467	1.676988
7572	-1429.296	-1591.702	162.406	8.716373	4.339023	1.899917
7578	-1429.095	-1592.223	163.1284	6.590606	4.282388	2.020815
7584	-1431.906	-1594.367	162.461	8.346421	4.571055	1.796629
7590	-1439.166	-1600.293	161.1276	10.09223	5.740181	1.474492
7596	-1420.246	-1580.732	160.4868	12.54254	5.545634	1.543207
7602	-1430.774	-1591.557	160.7831	11.89042	5.436334	1.543207
7608	-1424.108	-1584.229	160.1204	13.85451	5.564455	1.53691
7614	-1437.394	-1596.384	158.9909	14.30701	6.803412	1.36391
7620	-1423.572	-1583.424	159.8517	12.75452	6.26892	1.432132
7626	-1425.374	-1585.797	160.4236	13.83235	5.317663	1.499222
7632	-1430.845	-1593.088	162.2433	8.171242	5.00622	1.690471
7638	-1431.845	-1593.995	162.15	7.834553	5.094064	1.78522
7644	-1434.939	-1598.8	163.8605	4.959171	4.536387	1.882402
7650	-1430.762	-1593.349	162.5867	6.498929	5.39852	1.6534
7656	-1431.187	-1593.092	161.9051	9.062081	4.935326	1.74891
7662	-1430.847	-1592.295	161.4483	9.285606	5.182549	1.839838
7668	-1436.024	-1598.511	162.4878	9.285606	4.236294	1.775355
7674	-1425.335	-1588.348	163.0132	8.14839	4.067171	1.814879
7680	-1429.975	-1592.018	162.0424	8.48218	4.721722	1.94504
7686	-1423.283	-1585.023	161.7397	9.5687	5.01507	1.685337
7692	-1415.107	-1576.972	161.8655	9.322867	4.713931	1.866176
7698	-1425.598	-1587.829	162.231	9.579567	4.409995	1.762812
7704	-1424.989	-1586.98	161.9912	8.939782	4.937076	1.717655
7710	-1424.362	-1586.393	162.0307	8.389884	4.975513	1.803318
7716	-1426.305	-1587.42	161.1152	10.40931	5.297314	1.730804
7722	-1422.883	-1585.168	162.2851	7.666877	5.125632	1.714755
7728	-1417.358	-1579.781	162.4234	9.475852	4.127354	1.84975
7734	-1427.861	-1589.092	161.231	9.792926	5.524059	1.630911
7740	-1430.131	-1591.758	161.6272	8.294335	5.471473	1.763884
7746	-1434.512	-1597.466	162.9539	7.428192	4.27475	1.906538
7752	-1424.464	-1587.933	163.4682	5.80965	3.517736	2.521993
7758	-1421.539	-1583.548	162.0091	8.626026	4.641793	1.985514
7764	-1424.044	-1586.182	162.1383	9.173583	4.316469	1.985514
7770	-1436.26	-1598.456	162.1954	8.337126	4.695355	1.895903
7776	-1419.029	-1581.512	162.4835	8.03679	4.384894	1.987669
7782	-1418.986	-1582.086	163.1002	7.538135	3.938213	2.004608
7788	-1428.452	-1591.237	162.7852	7.538135	4.325667	1.956153
7794	-1427.312	-1590.502	163.1896	6.096953	4.325667	2.09817
7800	-1441.184	-1601.893	160.7089	11.85464	5.583393	1.496708
7806	-1450.783	-1610.556	159.7725	13.90558	6.055084	1.418978
7812	-1436.291	-1599.184	162.8934	6.954049	4.131125	2.171746
7818	-1420.838	-1583.752	162.9133	7.026428	3.981661	2.235868
7824	-1415.713	-1579.359	163.6458	5.482215	3.950354	2.235868
7830	-1429.12	-1591.539	162.4193	8.353412	3.950354	2.235868
7836	-1431.1	-1593.068	161.9682	9.638898	4.393424	1.940425
7842	-1427.479	-1589.697	162.2176	9.02948	4.059886	2.136143
7848	-1436.861	-1598.826	161.9656	8.682868	4.424704	2.143768
7854	-1433.003	-1592.795	159.7915	11.27808	6.935993	1.291232
7860	-1427.854	-1586.587	158.7335	13.88999	7.457711	1.121573
7866	-1440.147	-1598.921	158.7735	12.65262	7.752203	1.121573
7872	-1430.829	-1591.086	160.2576	12.65262	5.896821	1.427991
7878	-1421.569	-1582.062	160.4927	10.02541	6.363369	1.499832
7884	-1418.591	-1579.151	160.5597	9.874984	6.545521	1.346162
7890	-1429.563	-1589.039	159.4763	13.60644	6.545521	1.328153
7896	-1428.223	-1588.722	160.4983	9.876649	6.448615	1.468562
7902	-1416.109	-1577.843	161.7337	8.999721	5.345831	1.593996
7908	-1418.878	-1580.302	161.4244	9.688266	5.404235	1.603137
7914	-1425.214	-1586.323	161.1094	11.64266	4.899241	1.747183
7920	-1426.991	-1589.489	162.498	7.015101	4.971302	1.85866
7926	-1427.266	-1589.848	162.5823	7.711003	4.971302	1.599934
7932	-1429.024	-1591.733	162.7091	5.843461	5.493531	1.711926
7938	-1422.111	-1584.188	162.0771	8.542169	5.003436	1.711926
7944	-1428.285	-1590.728	162.4423	7.156754	5.003436	1.834276
7950	-1435.451	-1597.298	161.8475	9.025592	5.080395	1.696358
7956	-1427.624	-1589.857	162.2332	9.681238	4.068142	1.971327
7962	-1425.87	-1588.337	162.467	9.130702	4.09526	1.923435
7968	-1430.536	-1592.992	162.4567	8.124104	4.09526	2.173985
7974	-1427.809	-1590.576	162.7664	7.471971	4.177515	2.084765
7980	-1433.635	-1595.843	162.2079	9.747442	4.171764	1.903506
7986	-1430.81	-1593.259	162.4492	7.671663	4.742976	1.86506
7992	-1428.49	-1592.168	163.6776	5.783809	4.455005	1.780822
7998	-1420.951	-1583.052	162.1012	9.094963	4.692966	1.773065
8004	-1437.522	-1599.678	162.1561	9.538479	4.494367	1.766025
8010	-1423.266	-1585.707	162.4411	7.763507	4.62902	1.923414
8016	-1429.771	-1592.492	162.7209	6.997123	4.833892	1.805063
8022	-1437.486	-1600.572	163.0867	7.573406	4.349638	1.722897
8028	-1441.74	-1602.682	160.9418	11.52508	4.804585	1.950935
8034	-1428.445	-1590.869	162.4233	9.019641	4.102304	1.974448
8040	-1422.532	-1585.859	163.3273	6.20167	4.1475	2.093253
8046	-1437.082	-1599.625	162.5432	7.968293	3.775947	2.361636
8052	-1438.015	-1601.435	163.4206	5.835484	3.692428	2.434727
8058	-1439.211	-1602.145	162.9341	6.239389	4.305416	2.235098
8064	-1424.71	-1587.036	162.326	8.55535	4.143644	2.122411
8070	-1432.853	-1595.182	162.3284	8.55535	4.431108	1.92994
8076	-1428.732	-1591.228	162.496	7.769682	4.282571	2.115578
8082	-1420.634	-1583.136	162.5023	7.800781	4.593948	1.895802
8088	-1424.526	-1587.01	162.4842	8.461139	4.681316	1.672887
8094	-1428.43	-1592.002	163.5722	5.820719	3.865733	2.232384
8100	-1421.281	-1585.12	163.8388	5.679263	3.78984	2.152632
8106	-1428.804	-1590.775	161.9702	10.73813	4.064729	1.918961
8112	-1430.189	-1592.07	161.8807	11.26189	4.207342	1.77151
8118	-1421.132	-1584.179	163.0469	6.84904	4.246619	2.024442
8124	-1432.03	-1595.308	163.2779	7.347501	3.807747	2.024442
8130	-1432.571	-1594.312	161.7413	10.00815	4.701463	1.800784
8136	-1427.077	-1588.866	161.7887	10.90007	4.448842	1.74478
8142	-1420.628	-1582.937	162.3091	8.186524	4.784633	1.795625
8148	-1421.916	-1584.33	162.414	8.074835	4.802837	1.739462
8154	-1420.783	-1583.065	162.2825	7.265673	4.880962	1.994967
8160	-1424.319	-1586.788	162.4683	7.265673	5.260939	1.602543
8166	-1423.48	-1585.156	161.6761	8.465716	5.585473	1.602543
8172	-1411.366	-1573.375	162.0093	7.502102	5.407289	1.756809
8178	-1424.075	-1586.64	162.5651	6.717406	5.407289	1.593706
8184	-1423.979	-1585.026	161.0465	10.10513	5.656387	1.593706
8190	-1440.41	-1602.185	161.7752	8.046745	5.656387	1.593706
8196	-1441.756	-1601.516	159.7602	15.12206	5.656387	1.497231
8202	-1423.471	-1585.753	162.2819	7.8681	5.18091	1.621096
8208	-1421.228	-1582.089	160.8605	10.55375	5.739631	1.562916
8214	-1442.124	-1601.973	159.8493	12.69171	6.288814	1.432089
8220	-1427.809	-1587.731	159.9221	12.69171	6.288814	1.375567
8226	-1435.785	-1595.815	160.0298	12.00844	6.381958	1.370502
8232	-1420.533	-1582.486	161.9536	8.3755	4.932397	1.889397
8238	-1425.779	-1588.291	162.5115	8.331521	4.653332	1.707611
8244	-1420.355	-1582.67	162.3145	7.568887	5.401378	1.522014
8250	-1424.375	-1583.349	158.974	12.98512	7.382423	1.18963
8256	-1424.445	-1583.779	159.3337	13.94423	6.58761	1.337469
8262	-1426.319	-1588.14	161.8214	8.293637	5.49213	1.611423
8268	-1429.09	-1589.374	160.2842	11.09442	6.258336	1.479953
8274	-1426.191	-1587.518	161.3266	10.44142	5.420683	1.479953
8280	-1424.708	-1585.108	160.3995	10.88118	6.412284	1.321728
8286	-1436.206	-1596.382	160.1761	13.48066	5.88721	1.321728
8292	-1426.966	-1589.246	162.2804	9.050167	4.339473	1.903699
8298	-1418.329	-1582.07	163.7414	5.420767	4.0104	2.154794
8304	-1419.842	-1582.84	162.9984	6.735655	4.0104	2.242237
8310	-1425.797	-1588.269	162.4729	9.073397	3.819308	2.116369
8316	-1427.705	-1589.61	161.9052	8.592547	4.618934	2.077726
8322	-1429.881	-1592.809	162.9282	6.763018	4.077493	2.236629
8328	-1426.134	-1588.935	162.8008	8.285022	3.871418	2.055331
8334	-1436.64	-1598.853	162.2136	9.150784	3.978977	2.163565
8340	-1420.941	-1583.096	162.1553	8.6542	4.754265	1.802713
8346	-1434.664	-1596.594	161.9299	9.031008	4.943183	1.733709
8352	-1432.461	-1593.586	161.1248	10.83363	5.206517	1.693217
8358	-1427.796	-1591.057	163.2608	6.040356	4.611009	1.877375
8364	-1425.544	-1587.648	162.1042	8.402724	4.783626	1.881234
8370	-1426.987	-1588.972	161.985	8.559262	4.927123	1.824949
8376	-1437.484	-1599.991	162.5073	6.829331	5.08995	1.824949
8382	-1421.978	-1585.254	163.2757	6.151868	4.507878	1.902385
8388	-1432.856	-1595.83	162.9743	6.186649	4.51278	2.089682
8394	-1428.994	-1591.381	162.3865	6.683856	5.194905	1.878723
8400	-1426.428	-1589.597	163.1688	6.736162	4.368992	1.892962
8406	-1419.668	-1582.375	162.7069	7.36363	4.019638	2.254522
8412	-1432.1	-1595.164	163.0639	7.964276	3.823156	1.993838
8418	-1429.227	-1592.428	163.2017	6.504463	4.309507	1.979061
8424	-1430.594	-1593.162	162.5675	6.948918	4.762033	1.972124
8430	-1434.603	-1596.991	162.3874	8.695064	4.122675	2.062318
8436	-1436.13	-1598.941	162.8113	7.233356	4.50777	1.899179
8442	-1449.203	-1612.186	162.9825	8.201094	3.587911	2.142914
8448	-1430.847	-1593.792	162.9455	7.1061	4.412223	1.908691
8454	-1423.508	-1585.565	162.0572	9.380942	4.762618	1.684813
8460	-1426.608	-1589.195	162.5863	8.042608	4.646081	1.737159
8466	-1424.071	-1586.514	162.4435	7.116598	5.173877	1.726558
8472	-1428.386	-1590.458	162.072	7.738808	5.621594	1.488313
8478	-1422.281	-1583.449	161.1686	10.20833	5.716942	1.43199
8484	-1435.754	-1597.817	162.0621	7.604931	5.450594	1.659762
8490	-1426.366	-1588.961	162.5946	7.224535	4.738803	1.891903
8496	-1432.723	-1594.932	162.2089	7.802814	4.95088	1.85195
8502	-1434.884	-1597.599	162.7147	8.187641	4.222842	1.90239
8508	-1429.234	-1591.872	162.6389	7.183799	4.695861	1.90239
8514	-1441.704	-1604.63	162.9258	8.099784	3.54829	2.230315
8520	-1439.718	-1602.279	162.5611	8.313118	3.512989	2.433605
8526	-1434.617	-1598.629	164.0126	4.916665	3.56108	2.433605
8532	-1435.716	-1599.073	163.3569	5.924924	3.493889	2.57224
8538	-1442.784	-1606.218	163.4348	6.344876	3.957317	2.105001
8544	-1421.459	-1582.919	161.4603	10.89943	4.547219	1.90342
8550	-1422.678	-1584.646	161.9689	8.729267	4.457524	2.109145
8556	-1426.655	-1590.071	163.4162	5.9885	3.91672	2.249164
8562	-1428.832	-1591.721	162.8894	7.189975	3.91672	2.249164
8568	-1437.63	-1600.825	163.1949	7.189975	3.647028	2.226115
8574	-1435.908	-1598.14	162.2322	9.021435	4.182946	2.04758
8580	-1421.697	-1584.826	163.1293	7.076318	4.099211	2.003827
8586	-1423.525	-1586.939	163.414	7.076318	4.018743	1.866136
8592	-1425.833	-1588.694	162.8608	7.966478	4.018743	1.998272
8598	-1426.815	-1589.127	162.3122	7.658159	4.682587	2.001799
8604	-1424.535	-1586.514	161.9791	9.660491	4.283674	2.001799
8610	-1428.359	-1592.361	164.0016	5.24012	3.984637	2.060482
8616	-1426.757	-1590.104	163.3467	6.154838	4.213229	2.051214
8622	-1431.11	-1592.652	161.5427	11.94418	4.063187	1.962261
8628	-1416.112	-1578.659	162.5466	7.687741	4.262707	2.116606
8634	-1421.632	-1584.125	162.4927	9.086601	4.138878	1.886951
8640	-1424.451	-1587.65	163.1992	7.056111	3.965673	2.051699
8646	-1429.637	-1592.213	162.5761	8.263477	3.734456	2.295435
8652	-1423.85	-1587.285	163.435	6.453919	3.614201	2.295435
8658	-1434.457	-1598.328	163.8709	5.554058	3.067694	2.627786
8664	-1430.014	-1593.652	163.6388	5.459391	3.747391	2.377113
8670	-1426.686	-1588.701	162.0151	10.33814	3.360041	2.430748
8676	-1429.655	-1591.724	162.0693	8.382378	3.983353	2.430748
8682	-1431.684	-1594.304	162.6202	7.272288	3.767819	2.492672
8688	-1432.893	-1595.614	162.7212	7.354709	4.321029	2.05128
8694	-1428.946	-1592.441	163.4955	5.787028	4.112219	2.132614
8700	-1433.966	-1598.282	164.3155	4.991967	3.688562	2.132614
8706	-1443.418	-1605.481	162.0638	8.868167	4.276631	2.132614
8712	-1432.881	-1595.268	162.3863	8.145951	4.15175	2.17758
8718	-1445.072	-1606.953	161.8804	7.932149	5.373462	1.751978
8724	-1443.097	-1603.944	160.8467	12.0582	5.417622	1.473151
8730	-1433.363	-1594.083	160.7206	12.20553	5.482107	1.487566
8736	-1424.883	-1585.719	160.836	12.02402	5.482107	1.439692
8742	-1429.587	-1591.102	161.5152	11.30268	4.992208	1.458425
8748	-1434.743	-1595.644	160.9008	11.90852	5.126638	1.678647
8754	-1433.269	-1593.507	160.2384	13.71468	5.278394	1.685489
8760	-1434.057	-1595.38	161.323	10.1921	5.328537	1.610378
8766	-1423.745	-1585.43	161.6855	8.012535	5.411587	1.83914
8772	-1425.511	-1587.742	162.2316	8.300024	4.735209	1.853558
8778	-1422.484	-1584.471	161.9863	8.074733	5.120256	1.816173
8784	-1430.274	-1592.155	161.8812	8.295663	5.353354	1.667674
8790	-1429.847	-1591.164	161.3173	8.345251	6.030117	1.572612
8796	-1432.315	-1593.966	161.6508	8.747487	5.548512	1.572612
8802	-1433.796	-1595.568	161.7716	8.867673	5.073567	1.79384
8808	-1437.779	-1599.323	161.5446	10.26849	5.025104	1.651433
8814	-1434.244	-1596.703	162.4593	7.801795	4.767479	1.806116
8820	-1428.742	-1589.792	161.0498	9.634917	5.897328	1.529297
8826	-1436.672	-1598.054	161.3825	9.070756	5.575827	1.663351
8832	-1443.211	-1605.124	161.9131	8.131391	5.389555	1.663351
8838	-1428.738	-1591.018	162.2796	7.035749	5.231737	1.823875
8844	-1437.052	-1598.817	161.765	8.998842	4.732878	1.997946
8850	-1423.861	-1585.119	161.2586	10.88735	4.69711	1.940953
8856	-1432.672	-1594.67	161.9979	8.071123	4.9269	1.940953
8862	-1443.463	-1604.406	160.9429	11.14197	5.234331	1.734732
8868	-1453.478	-1615.527	162.0497	8.193317	5.241396	1.654823
8874	-1444.124	-1606.074	161.95	7.766616	5.630199	1.564487
8880	-1450.495	-1611.94	161.445	9.435661	5.630199	1.484363
8886	-1441.871	-1603.371	161.4992	10.52439	4.989737	1.650378
8892	-1440.638	-1602.44	161.8022	9.750509	4.230168	2.133722
8898	-1433.539	-1596.914	163.3748	5.5848	4.12991	2.262341
8904	-1430.444	-1593.195	162.7512	7.940546	3.657588	2.31147
8910	-1429.67	-1593.241	163.5716	6.130465	3.473391	2.390876
8916	-1416.967	-1579.97	163.003	7.298607	3.3442	2.51145
8922	-1431.229	-1594.236	163.0073	6.879341	3.844315	2.30355
8928	-1416.274	-1578.908	162.6333	7.913616	3.79828	2.30355
8934	-1431.036	-1594.033	162.9975	5.746185	3.65339	2.747438
8940	-1439.033	-1603.196	164.1629	4.785605	3.879649	2.178664
8946	-1423.805	-1586.941	163.1359	6.519959	3.657018	2.439347
8952	-1429.997	-1592.365	162.3674	7.317905	4.032587	2.473455
8958	-1451.274	-1614.421	163.1473	7.000008	3.482524	2.411876
8964	-1432.273	-1595.664	163.391	6.055703	3.284812	2.642751
8970	-1433.966	-1597.309	163.3426	6.924805	3.445054	2.331974
8976	-1430.615	-1594.291	163.676	5.343089	3.69991	2.420179
8982	-1425.765	-1589.07	163.3045	6.385525	4.351224	1.917399
8988	-1424.481	-1587.637	163.1554	7.014694	3.836764	2.176173
8994	-1421.056	-1584.261	163.2055	6.776364	4.190102	1.97716
9000	-1430.216	-1593.03	162.8134	7.249846	4.770532	1.71127
9006	-1432.239	-1593.257	161.0179	11.64142	5.01169	1.73268
9012	-1422.507	-1584.564	162.0572	8.526572	5.008769	1.726278
9018	-1417.214	-1579.294	162.0803	7.85927	5.310444	1.675297
9024	-1422.8	-1584.188	161.3878	9.66142	5.349597	1.675297
9030	-1426.29	-1587.588	161.2977	9.66142	5.350235	1.738533
9036	-1413.423	-1574.444	161.0209	9.490033	5.960107	1.540771
9042	-1418.997	-1580.969	161.9717	8.419435	5.221236	1.664334
9048	-1420.881	-1583.054	162.1738	7.871956	4.688447	2.034111
9054	-1422.758	-1584.709	161.9505	9.119014	4.712728	1.85756
9060	-1421.994	-1584.778	162.7836	7.204333	4.331082	2.044117
9066	-1421.523	-1584.298	162.7751	7.37926	4.246999	2.057977
9072	-1428.276	-1591.97	163.6939	5.668884	3.9566	2.14167
9078	-1425.358	-1588.223	162.8653	7.727005	4.206712	1.931808
9084	-1430.534	-1593.311	162.7767	7.176062	4.124992	2.191208
9090	-1428.164	-1591.053	162.8891	8.112876	4.039703	1.927547
9096	-1431.239	-1593.861	162.6222	8.151792	3.998325	2.122388
9102	-1441.217	-1602.873	161.6559	10.68925	4.268929	2.003177
9108	-1440.041	-1602.838	162.7968	7.225193	4.268929	2.070795
9114	-1431.396	-1594.061	162.6651	8.580482	3.956259	2.016324
9120	-1421.032	-1583.898	162.8662	7.004724	4.373626	2.016324
9126	-1429.106	-1592.843	163.7374	5.289311	3.529437	2.505549
9132	-1434.342	-1597.574	163.2315	5.879151	4.285579	2.163246
9138	-1434.741	-1597.332	162.5907	8.055084	4.692919	1.697692
9144	-1424.51	-1586.882	162.3717	8.203437	4.692919	1.811342
9150	-1423.688	-1585.568	161.8799	8.897655	5.094563	1.695668
9156	-1419.433	-1581.115	161.6825	9.595529	5.147282	1.625037
9162	-1421.544	-1583.864	162.3201	8.200162	4.980603	1.646049
9168	-1432.285	-1594.788	162.5024	6.984125	4.980603	1.858245
9174	-1436.65	-1598.928	162.278	7.283136	4.396852	2.308677
9180	-1432.936	-1596.296	163.3592	5.515165	4.118507	2.301422
9186	-1448.227	-1611.166	162.9385	7.194433	3.804691	2.288348
9192	-1428.208	-1591.001	162.7934	7.028297	4.634682	1.883013
9198	-1431.068	-1593.89	162.8219	6.831297	4.860899	1.765079
9204	-1426.948	-1589.475	162.5267	6.831297	5.154731	1.765996
9210	-1426.382	-1588.866	162.4841	6.988714	4.953484	1.887901
9216	-1420.223	-1583.355	163.1324	6.988714	4.305205	1.887901
9222	-1424.928	-1588.775	163.8468	5.604561	3.917758	2.087388
9228	-1422.197	-1585.855	163.6577	6.4643	3.156689	2.441333
9234	-1435.925	-1599.447	163.5221	6.116294	3.479205	2.422578
9240	-1427.472	-1591.068	163.5957	5.51818	3.689566	2.422578
9246	-1448.466	-1611.385	162.9198	8.226944	3.20424	2.422578
9252	-1442.66	-1605.919	163.2587	6.166819	3.659873	2.460008
9258	-1416.331	-1579.774	163.4432	6.085869	3.659873	2.367122
9264	-1428.389	-1591.032	162.6428	6.910886	4.288292	2.243999
9270	-1428.963	-1592.312	163.3497	6.279101	3.928151	2.198708
9276	-1426.324	-1589.364	163.0402	6.824001	4.205871	2.06298
9282	-1427.1	-1590.152	163.0517	7.243996	4.018074	2.06298
9288	-1423.51	-1586.367	162.8573	8.0023	3.687333	2.208908
9294	-1428.168	-1591.252	163.084	6.307037	4.025144	2.299102
9300	-1430.412	-1593.593	163.1812	7.049254	3.703747	2.236106
9306	-1442.841	-1605.651	162.8106	8.178181	3.395958	2.382101
9312	-1428.147	-1590.853	162.7065	7.84427	3.405115	2.522409
9318	-1425.016	-1588.091	163.0756	7.348112	3.199327	2.543874
9324	-1434.854	-1598.037	163.1829	7.348112	3.2543	2.442364
9330	-1438.579	-1602.235	163.6566	6.62374	3.442974	2.215046
9336	-1433.016	-1594.343	161.3267	12.34836	4.426945	1.782025
9342	-1419.862	-1581.692	161.8306	8.856064	5.035759	1.782025
9348	-1440.327	-1602.883	162.5568	7.786367	4.619345	1.845135
9354	-1424.713	-1587.829	163.1153	6.70192	4.52007	1.836397
9360	-1411.174	-1573.347	162.1732	9.411102	4.493209	1.785323
9366	-1417.752	-1580.125	162.3723	8.542699	4.452553	1.888859
9372	-1419.514	-1582.197	162.6831	6.865016	5.075644	1.701593
9378	-1420.518	-1581.25	160.7313	11.47733	5.637181	1.523313
9384	-1428.399	-1589.464	161.065	12.54149	4.994511	1.523313
9390	-1420.403	-1582.279	161.8762	8.200962	5.676292	1.460081
9396	-1425.182	-1586.673	161.4905	8.592945	5.94338	1.439118
9402	-1441.565	-1602.161	160.5956	10.94604	5.94338	1.516927
9408	-1429.721	-1592.215	162.4938	7.67228	4.738371	1.837537
9414	-1437.837	-1600.349	162.5122	7.718833	4.630092	1.886358
9420	-1433.306	-1595.75	162.4439	8.243092	4.54445	1.853502
9426	-1439.113	-1602.361	163.2474	6.531917	4.349385	1.91337
9432	-1438.96	-1601.043	162.0833	9.904109	3.973551	2.084006
9438	-1431.432	-1594.035	162.6029	8.008935	3.91539	2.224274
9444	-1428.318	-1590.755	162.4368	9.062137	4.001558	2.022595
9450	-1434.507	-1596.349	161.8421	8.459096	4.799807	2.032377
9456	-1426.627	-1589.888	163.2603	6.785027	4.048692	2.032377
9462	-1418.419	-1580.635	162.2159	8.825367	4.292246	2.032377
9468	-1428.339	-1590.629	162.2902	7.981118	4.532397	2.032377
9474	-1413.523	-1576.123	162.5993	7.981118	4.375919	1.930282
9480	-1416.273	-1578.399	162.126	8.676077	4.588804	1.930282
9486	-1428.321	-1591.275	162.9539	7.898949	4.018327	1.953704
9492	-1429.858	-1592.021	162.1629	8.600758	4.757929	1.808469
9498	-1420.398	-1583.245	162.847	7.597869	4.344132	1.885815
9504	-1443.99	-1604.464	160.4737	11.0749	6.330687	1.279054
9510	-1431.312	-1591.817	160.505	10.16889	6.531008	1.324044
9516	-1429.69	-1589.942	160.2516	9.112637	7.240616	1.243544
9522	-1431.248	-1594.262	163.0134	7.035012	4.316606	1.94748
9528	-1439.501	-1600.937	161.4356	11.05774	4.76787	1.734474
9534	-1438.804	-1599.923	161.1184	10.5756	5.475695	1.562241
9540	-1422.531	-1585.438	162.9077	6.868788	4.945127	1.633202
9546	-1428.243	-1591.046	162.8037	6.850767	4.356932	2.111604
9552	-1412.594	-1574.827	162.233	8.39993	4.804648	1.778914
9558	-1428.191	-1590.538	162.3465	6.920307	5.455442	1.654076
9564	-1449.303	-1609.863	160.5593	10.9412	5.959797	1.532907
9570	-1434.059	-1595.653	161.5942	9.670281	5.125413	1.685786
9576	-1436.218	-1597.891	161.6731	8.472689	5.119015	1.92852
9582	-1423.028	-1585.647	162.6186	8.146201	4.334141	1.902725
9588	-1417.99	-1580.658	162.6684	7.430203	4.66175	1.836781
9594	-1417.969	-1580.476	162.5068	8.858161	4.279557	1.836781
9600	-1424.375	-1585.858	161.4831	10.53879	4.631457	1.907766
9606	-1415.44	-1578.029	162.5889	6.820294	4.941394	1.873447
9612	-1421.822	-1583.844	162.0222	9.00897	4.460515	2.005657
9618	-1428.266	-1591.203	162.9371	7.625093	4.409506	1.77132
9624	-1421.617	-1583.734	162.1177	9.274147	4.171344	2.072204
9630	-1420.87	-1583.869	162.9995	6.913276	3.451132	2.547033
9636	-1423.469	-1586.929	163.4607	5.411679	4.232714	2.195635
9642	-1418.827	-1580.955	162.1276	9.000735	4.569226	1.863248
9648	-1413.794	-1576.381	162.5872	7.862314	4.123036	2.136559
9654	-1424.812	-1587.054	162.2419	8.501794	4.453303	1.986396
9660	-1425.473	-1587.556	162.0827	8.501794	4.612464	1.986396
9666	-1428.365	-1590.567	162.202	8.501794	4.542566	1.953305
9672	-1418.155	-1579.637	161.4823	9.274423	5.437391	1.639783
9678	-1418.888	-1580.103	161.2158	9.872572	5.592251	1.573029
9684	-1429.938	-1589.375	159.4372	15.94312	5.91318	1.396609
9690	-1429.212	-1590.194	160.9823	11.17082	5.431808	1.558205
9696	-1433.619	-1594.084	160.4653	11.17082	6.120693	1.428978
9702	-1432.605	-1594.742	162.1373	9.198658	4.655357	1.748694
9708	-1431.177	-1592.831	161.6548	10.49402	4.655357	1.783374
9714	-1440.282	-1603.378	163.096	6.802546	4.340665	1.942091
9720	-1437.272	-1601.463	164.1907	4.122593	4.340665	2.102106
9726	-1423.806	-1585.777	161.9707	9.962734	4.340665	1.901104
9732	-1423.251	-1585.896	162.6443	7.334673	4.844222	1.753927
9738	-1421.194	-1583.184	161.9896	8.242806	5.325563	1.624056
9744	-1414.684	-1576.628	161.9441	9.16199	4.960644	1.678647
9750	-1434.809	-1597.805	162.9965	6.80428	3.601377	2.484169
9756	-1430.574	-1594.126	163.5514	6.445893	3.527732	2.278578
9762	-1429.462	-1593.281	163.8188	5.579003	3.252705	2.537823
9768	-1425.013	-1588.721	163.7087	5.579647	3.91331	2.188334
9774	-1431.483	-1594.389	162.9051	7.323443	3.557407	2.432804
9780	-1429.558	-1592.99	163.4312	6.673328	3.145677	2.532584
9786	-1439.056	-1602.288	163.2314	7.189823	3.254127	2.452823
9792	-1433.783	-1597.051	163.2685	6.524792	3.765974	2.284823
9798	-1429.507	-1592.775	163.2685	6.524792	3.765974	2.284823
9804	-1441.869	-1603.499	161.6301	10.5845	3.978437	2.231944
9810	-1427.597	-1590.579	162.9821	6.877331	3.981961	2.231944
9816	-1419.45	-1581.917	162.4663	9.055811	3.981961	2.017539
9822	-1420.695	-1583.76	163.065	6.418904	3.920714	2.345807
9828	-1429.469	-1592.916	163.4466	6.418904	3.920714	2.099547
9834	-1433.102	-1595.635	162.5337	7.236237	4.298283	2.220208
9840	-1441.577	-1603.619	162.0418	9.315272	4.608673	1.819275
9846	-1442.548	-1603.618	161.0694	9.167567	5.545641	1.878848
9852	-1435.685	-1598.254	162.5694	7.36025	4.726614	1.879515
9858	-1433.154	-1595.564	162.4098	7.859618	4.443075	2.043515
9864	-1439.24	-1600.842	161.6025	11.2019	4.102697	2.043515
9870	-1441.435	-1604.361	162.9262	6.907681	4.460484	1.945506
9876	-1438.711	-1600.443	161.7317	10.41246	4.460484	1.882455
9882	-1438.107	-1599.877	161.77	10.41246	4.633378	1.736477
9888	-1426.379	-1588.968	162.5893	7.114967	4.959026	1.775341
9894	-1440.916	-1601.579	160.6625	12.59745	5.078627	1.741613
9900	-1434.59	-1595.878	161.2884	8.927756	5.838666	1.578032
9906	-1430.153	-1590.82	160.6665	11.88182	5.409556	1.649406
9912	-1424.258	-1585.973	161.7148	9.328738	5.274988	1.575276
9918	-1430.114	-1592.485	162.371	7.414522	4.953596	1.844942
9924	-1428.521	-1590.352	161.8312	10.372	4.80801	1.576905
9930	-1431.977	-1593.713	161.7365	9.351339	4.958056	1.78006
9936	-1436.034	-1598.103	162.0682	8.278632	5.013133	1.78006
9942	-1433.676	-1596.768	163.0911	6.531637	4.384748	1.994737
9948	-1431.271	-1594.152	162.8809	6.549401	4.472832	2.070497
9954	-1440.988	-1603.964	162.9763	7.21605	4.192336	2.005103
9960	-1439.119	-1602.423	163.3038	6.732677	4.068756	2.005103
9966	-1434.692	-1597.555	162.8633	6.880154	4.287103	2.11009
9972	-1441.448	-1603.007	161.5586	9.98522	5.107967	1.648517
9978	-1440.646	-1603.839	163.1926	6.555841	3.98687	2.182603
9984	-1431.12	-1594.392	163.2714	6.41256	3.98687	2.1726
9990	-1433.204	-1596.102	162.8975	6.795632	4.395976	2.039644
9996	-1436.922	-1599.95	163.0277	6.562003	4.535864	1.926865
10002	-1423.032	-1585.831	162.799	7.946518	4.17943	1.937165
10008	-1432.992	-1595.002	162.0102	9.384734	4.754684	1.722778
10014	-1428.007	-1590.255	162.2481	8.577281	4.768998	1.747487
10020	-1429.836	-1591.634	161.7986	9.143876	4.85739	1.856531
10026	-1429.237	-1590.016	160.7789	11.5002	5.083286	1.877628
10032	-1435.81	-1599.752	163.9424	4.938011	4.382994	1.938359
10038	-1416.99	-1579.562	162.5716	8.099726	4.382994	1.913453
10044	-1424.445	-1587.666	163.2205	6.594646	4.494598	1.813705
10050	-1431.233	-1594.361	163.1272	6.408832	4.339531	2.03697
10056	-1432.704	-1595.31	162.6063	7.68756	4.511621	1.911337
10062	-1433.993	-1595.553	161.5605	9.162552	5.377802	1.654485
10068	-1416.62	-1578.355	161.7349	9.162552	5.203458	1.654485
10074	-1419.082	-1580.679	161.5965	9.623133	5.203458	1.639734
10080	-1431.122	-1592.935	161.8126	9.255774	4.754103	1.890775
10086	-1431.508	-1593.233	161.7246	10.00074	4.750056	1.780395
10092	-1423.444	-1585.013	161.5691	10.18438	5.226407	1.506206
10098	-1416.174	-1577.574	161.3997	9.737591	5.349801	1.648254
10104	-1428.488	-1589.32	160.8314	8.68109	6.645584	1.380765
10110	-1425.051	-1586.251	161.1994	9.824462	5.634802	1.565601
10116	-1425.239	-1587.035	161.7958	9.15638	4.883083	1.837872
10122	-1426.554	-1589.356	162.802	7.989236	4.49443	1.706531
10128	-1420.3	-1583.266	162.9652	7.615695	3.890736	2.104747
10134	-1434.309	-1596.797	162.4876	8.298409	4.104536	2.104747
10140	-1428.979	-1591.928	162.9487	7.889982	3.695058	2.172823
10146	-1428.133	-1591.763	163.6305	6.698053	3.355981	2.267036
10152	-1433.098	-1595.719	162.6206	7.577074	3.588826	2.527151
10158	-1428.151	-1592.211	164.0602	5.422796	3.261392	2.429346
10164	-1436.752	-1598.723	161.9708	8.768991	4.050534	2.360831
10170	-1421.919	-1585.503	163.5847	6.864207	3.459248	2.183935
10176	-1426.317	-1588.626	162.3088	8.603674	4.149294	2.118362
10182	-1433.197	-1595.448	162.2514	9.071141	4.649696	1.70393
10188	-1429.546	-1592.072	162.5262	7.452152	4.976404	1.710456
10194	-1422.243	-1584.24	161.9967	8.076246	5.356337	1.642342
10200	-1414.559	-1577.047	162.4886	8.204673	4.605647	1.790516
10206	-1417.776	-1579.611	161.8348	8.884274	4.901378	1.864699
10212	-1428.504	-1589.986	161.4825	11.18088	4.555774	1.823122
10218	-1426.272	-1588.682	162.4103	8.714664	4.555774	1.748056
10224	-1424.263	-1586.69	162.4267	8.478974	4.555774	1.796837
10230	-1428.587	-1590.838	162.2514	9.420504	3.997165	2.065468
10236	-1424.51	-1587.409	162.8994	7.250564	4.021876	2.158535
10242	-1425.014	-1587.467	162.4531	8.863039	4.059109	2.020664
10248	-1420.614	-1581.804	161.1901	12.43266	4.396593	1.880374
10254	-1434.347	-1596.602	162.2556	8.370398	4.400592	2.044768
10260	-1423.92	-1586.411	162.4915	8.21993	4.17806	2.07327
10266	-1432.221	-1594.066	161.8452	8.778614	4.730065	1.998949
10272	-1420.28	-1581.882	161.6017	10.10905	4.553937	1.973557
10278	-1432.372	-1593.86	161.4878	10.46393	4.552951	1.973557
10284	-1424.528	-1587.291	162.7624	7.878096	3.868859	2.18393
10290	-1434.571	-1597.9	163.3281	6.423108	4.393122	1.861508
10296	-1419.828	-1582.003	162.1751	9.374946	4.393122	1.861508
10302	-1417.294	-1578.678	161.3837	9.186657	5.589768	1.62317
10308	-1418.107	-1580.503	162.3958	7.935459	4.852098	1.755214
10314	-1431.451	-1594.116	162.6652	8.834236	4.247423	1.755214
10320	-1417.638	-1580.073	162.4343	8.834236	4.247423	1.913941
10326	-1442.157	-1604.251	162.0938	9.379995	3.689834	2.374672
10332	-1430.929	-1593.506	162.5777	6.746039	4.594398	2.133485
10338	-1430.672	-1593.261	162.5892	7.327601	4.286477	2.167683
10344	-1436.156	-1598.083	161.9274	10.26116	3.658206	2.313154
10350	-1417.484	-1579.898	162.414	8.358088	4.312517	2.001103
10356	-1425.448	-1588.16	162.7128	8.380231	4.055011	1.968035
10362	-1427.422	-1591.053	163.6318	6.147174	3.798309	2.138754
10368	-1423.954	-1586.785	162.8304	7.661801	3.562168	2.391037
10374	-1422.07	-1585.554	163.4832	6.272332	3.686852	2.270119
10380	-1432.975	-1596.291	163.3152	6.582488	3.470105	2.426844
10386	-1436.137	-1599.842	163.7055	6.959958	3.182763	2.258162
10392	-1425.187	-1586.581	161.3934	9.454703	4.6202	2.211194
10398	-1426.616	-1588.815	162.1989	8.616308	4.200507	2.153665
10404	-1418.931	-1582.414	163.4821	5.412857	3.915314	2.384596
10410	-1424.571	-1588.486	163.9154	4.672068	4.207202	2.166494
10416	-1424.55	-1586.846	162.2956	8.51259	4.403109	1.981378
10422	-1422.2	-1584.856	162.6558	8.687392	4.251717	1.795796
10428	-1420.415	-1582.185	161.7704	9.794842	4.750511	1.795796
10434	-1423.188	-1583.884	160.697	10.39277	6.05139	1.490945
10440	-1415.128	-1576.7	161.5711	9.022473	5.211396	1.798956
10446	-1412.67	-1575.546	162.8762	8.087485	4.178207	1.848663
10452	-1426.163	-1588.873	162.7101	8.017504	4.219805	1.951379
10458	-1425.648	-1589.278	163.63	5.487363	4.219805	2.068978
10464	-1416.062	-1578.472	162.4092	8.163562	3.983342	2.267148
10470	-1427.125	-1590.009	162.884	7.527351	3.756799	2.267148
10476	-1415.515	-1578.574	163.059	7.527351	3.581812	2.267148
10482	-1423.277	-1585.21	161.9326	9.996713	4.127221	2.061813
10488	-1428.506	-1590.671	162.1651	9.005655	4.283886	2.02887
10494	-1422.406	-1585.603	163.1973	7.141579	4.161016	1.898293
10500	-1430.368	-1592.762	162.3942	8.559689	4.270978	1.992224
10506	-1432.63	-1595.345	162.7153	7.853641	3.814288	2.255729
10512	-1436.316	-1598.253	161.9368	9.24764	4.469182	2.000793
10518	-1422.207	-1584.793	162.5855	7.368009	4.671548	1.903858
10524	-1426.86	-1589.816	162.9562	7.101112	4.410777	1.903858
10530	-1449.166	-1612.312	163.1455	5.773381	4.939414	1.817271
10536	-1435.283	-1598.403	163.1191	6.437346	4.660163	1.817271
10542	-1424.058	-1586.147	162.0887	9.25962	4.584786	1.816706
10548	-1427.002	-1588.81	161.8075	8.791649	5.103258	1.767244
10554	-1416.09	-1577.997	161.9068	10.55928	4.529924	1.679748
10560	-1426.137	-1587.602	161.4649	9.872406	5.254313	1.637602
10566	-1435.822	-1597.556	161.7334	9.437149	5.329721	1.493107
10572	-1421.297	-1582.679	161.382	9.240851	5.470653	1.696013
10578	-1427.018	-1587.919	160.9019	10.68981	5.470653	1.696013
10584	-1430.281	-1592.562	162.2811	7.368794	5.315638	1.667607
10590	-1424.024	-1585.644	161.6194	9.761026	5.315638	1.506585
10596	-1428.808	-1589.364	160.5554	12.60603	5.282671	1.671325
10602	-1435.618	-1597.814	162.1961	7.907642	5.282671	1.598416
10608	-1434.811	-1595.031	160.2194	13.06974	5.822457	1.425873
10614	-1442.886	-1604.003	161.1175	10.69548	5.141788	1.7743
10620	-1428.32	-1589.357	161.0378	11.0966	5.481063	1.497247
10626	-1428.304	-1588.895	160.5904	11.0966	6.004117	1.439929
10632	-1426.22	-1586.649	160.4295	12.78071	5.415034	1.631771
10638	-1429.133	-1591.117	161.9841	8.322837	5.007557	1.830639
10644	-1425.267	-1587.309	162.0421	8.322837	4.949508	1.830639
10650	-1432.129	-1594.646	162.5172	7.959652	4.612609	1.830639
10656	-1423.344	-1586.561	163.2174	6.582363	3.628823	2.388422
10662	-1425.3	-1587.57	162.2692	8.945754	3.602301	2.415445
10668	-1422.132	-1583.756	161.6241	9.637841	4.368173	2.184559
10674	-1419.828	-1581.946	162.1186	9.57002	4.449898	1.815414
10680	-1420.139	-1582.114	161.9751	10.22232	4.376338	1.815414
10686	-1418.018	-1580.507	162.4895	8.723803	4.376338	1.815414
10692	-1426.621	-1589.244	162.6224	7.767647	4.434002	1.931537
10698	-1438.05	-1599.695	161.6455	9.470294	4.819712	1.909272
10704	-1430.448	-1591.889	161.4407	10.31319	5.047858	1.698952
10710	-1433.658	-1595.937	162.279	8.124657	4.548193	1.992703
10716	-1411.037	-1574.596	163.5596	6.146125	3.99668	2.056277
10722	-1419.374	-1583.285	163.9109	5.604774	3.874103	2.073878
10728	-1425.331	-1588.644	163.3121	6.776024	3.784462	2.174283
10734	-1426.221	-1589.307	163.0867	7.933163	3.784462	2.012443
10740	-1433.11	-1595.448	162.3383	8.773388	4.305147	1.954584
10746	-1430.882	-1593.554	162.6717	7.894103	4.301102	1.954584
10752	-1426.682	-1587.954	161.2712	10.56722	5.019261	1.780834
10758	-1429.758	-1591.308	161.5491	10.17274	4.936292	1.733415
10764	-1433.919	-1596.235	162.3163	7.772918	5.026094	1.733415
10770	-1425.488	-1585.619	160.1312	13.16368	5.722767	1.548136
10776	-1429.5	-1591.879	162.379	6.94497	5.365534	1.687544
10782	-1423.624	-1586.751	163.1278	7.360504	4.128291	1.906595
10788	-1418.917	-1581.344	162.4273	7.769596	4.775645	1.831248
10794	-1440.128	-1601.658	161.5295	9.270051	5.217867	1.762949
10800	-1436.127	-1597.971	161.8445	9.331385	4.984994	1.69013
10806	-1425.817	-1587.764	161.9473	9.598955	4.733881	1.730093
10812	-1418.286	-1580.815	162.529	8.531742	4.013383	2.080426
10818	-1424.631	-1587.235	162.6046	8.395735	4.059343	2.033396
10824	-1429.328	-1591.478	162.15	9.316091	4.073034	2.106037
10830	-1423.039	-1585.734	162.6952	7.642255	4.335416	1.982153
10836	-1413.099	-1575.567	162.4677	9.002713	4.054058	1.981049
10842	-1413.326	-1576.45	163.1234	7.248626	4.054058	1.990244
10848	-1429.886	-1592.986	163.0996	7.893107	3.681149	2.082479
10854	-1428.081	-1590.979	162.8975	7.893107	3.681149	2.214199
10860	-1425.405	-1588.313	162.9082	7.066296	4.612334	1.808733
10866	-1441.376	-1603.186	161.8097	9.421517	4.88287	1.764616
10872	-1429.756	-1591.768	162.0122	7.139456	5.602499	1.721732
10878	-1417.83	-1579.316	161.486	9.493494	5.225444	1.734042
10884	-1421.41	-1582.896	161.4862	9.336166	5.414366	1.63813
10890	-1425.25	-1586.299	161.0493	10.48371	5.661898	1.496943
10896	-1430.631	-1590.343	159.7112	13.00856	6.333262	1.436759
10902	-1428.438	-1590.484	162.0458	9.190426	4.641667	1.823738
10908	-1425.733	-1586.997	161.2632	10.01675	5.509556	1.563857
10914	-1434.101	-1595.62	161.5192	9.215991	5.577667	1.525182
10920	-1429.74	-1590.529	160.7892	12.25791	5.295242	1.564359
10926	-1427.903	-1588.588	160.6846	13.21457	5.160509	1.544519
10932	-1422.9	-1584.309	161.4095	10.32743	5.311783	1.526911
10938	-1434.276	-1595.213	160.9369	11.27202	5.293483	1.669007
10944	-1436.893	-1599.102	162.2091	8.632868	4.763636	1.76424
10950	-1438.472	-1600.891	162.4195	8.804852	4.238972	1.936857
10956	-1442.357	-1604.579	162.2224	8.28433	4.748963	1.854464
10962	-1432.799	-1595.279	162.4796	8.28433	4.192233	2.055774
10968	-1441.084	-1603.182	162.0979	8.103217	4.654887	2.047608
10974	-1442.596	-1605.675	163.0786	6.947948	4.410554	1.864486
10980	-1440.241	-1601.813	161.572	10.84032	4.157155	2.101243
10986	-1436.849	-1598.779	161.93	8.785365	4.723563	1.944854
10992	-1431.111	-1593.525	162.4145	8.074971	4.514206	1.937385
10998	-1422.386	-1584.54	162.1539	9.269594	4.433614	1.873305
11004	-1432.294	-1593.97	161.6758	8.69166	5.386878	1.685845
11010	-1428.32	-1589.258	160.9384	11.32776	5.386878	1.588347
11016	-1432.351	-1591.653	159.3022	13.87871	6.691004	1.293293
11022	-1435.617	-1594.893	159.2755	13.53599	6.764411	1.328693
11028	-1434.113	-1593.283	159.1702	13.77742	6.805754	1.328693
11034	-1437.296	-1598.014	160.7171	8.459039	6.920804	1.317727
11040	-1437.781	-1599.351	161.5703	8.544113	4.977992	2.073507
11046	-1422.957	-1585.532	162.5758	7.313369	4.670509	1.926215
11052	-1429.06	-1591.009	161.9498	8.806745	4.559533	2.036024
11058	-1421.294	-1583.292	161.998	8.806745	4.601155	1.976174
11064	-1423.839	-1585.369	161.5297	10.03086	4.153321	2.299075
11070	-1418.137	-1581.103	162.9656	7.820955	4.119994	1.897688
11076	-1418.867	-1581.676	162.8091	8.012068	4.161066	1.925647
11082	-1430.728	-1593.152	162.4238	7.356305	4.717643	1.984907
11088	-1418.959	-1580.851	161.8929	8.696212	4.6111	2.066028
11094	-1425.773	-1588.109	162.3351	8.696212	4.308807	1.973028
11100	-1426.346	-1588.422	162.0756	8.727504	4.956804	1.69806
11106	-1425.685	-1588.53	162.845	8.727504	3.954064	1.860367
11112	-1429.261	-1591.244	161.9831	10.3102	4.38882	1.781463
11118	-1435.298	-1597.58	162.2813	7.86088	4.788906	1.89751
11124	-1424.033	-1585.918	161.8849	9.353572	4.867752	1.73896
11130	-1425.055	-1586.305	161.2504	9.841198	5.65885	1.50579
11136	-1425.385	-1587.3	161.9159	8.710778	5.296315	1.572906
11142	-1434.121	-1597.419	163.2982	6.074615	4.50369	1.914068
11148	-1424.801	-1586.953	162.1527	8.778224	4.549065	1.914068
11154	-1423.172	-1584.411	161.2387	11.69221	4.671952	1.805146
11160	-1423.116	-1585.054	161.938	9.953492	4.545884	1.784824
11166	-1444.858	-1606.242	161.3841	11.57176	4.647469	1.745829
11172	-1449.422	-1612.399	162.9769	7.08004	4.067993	2.124004
11178	-1437.912	-1601.018	163.106	7.08004	3.938889	2.124004
11184	-1434.863	-1597.556	162.6924	7.860621	3.521336	2.454532
11190	-1417.515	-1579.944	162.4292	8.810424	4.138996	1.995985
11196	-1412.665	-1574.503	161.8373	8.568206	5.246568	1.702799
11202	-1420.411	-1582.976	162.5651	7.878299	4.808299	1.682359
11208	-1423.519	-1586.536	163.0163	6.698305	4.667987	1.803815
11214	-1427.447	-1589.573	162.126	9.997375	4.315907	1.803815
11220	-1425.441	-1587.501	162.06	7.791331	5.297749	1.7175
11226	-1419.983	-1580.846	160.8635	12.15329	5.298722	1.529092
11232	-1416.992	-1579.777	162.7849	8.260177	4.516887	1.628968
11238	-1417.008	-1579.167	162.1592	7.388455	5.248812	1.794741
11244	-1433.497	-1596.311	162.8141	6.66097	4.628679	1.978996
11250	-1431.027	-1593.952	162.9251	6.764533	4.736411	1.799759
11256	-1447.142	-1608.248	161.1058	9.528079	5.456822	1.829302
11262	-1437.747	-1600.164	162.4172	8.598053	4.299554	1.9482
11268	-1429.218	-1591.275	162.0567	8.836366	4.482676	2.009019
11274	-1422.168	-1583.346	161.1785	11.95038	4.76726	1.727794
11280	-1425.264	-1588.579	163.3155	5.820338	4.529666	1.965099
11286	-1432.022	-1594.717	162.6951	7.544369	4.445156	1.934689
11292	-1445.832	-1608.752	162.9197	6.632421	4.727391	1.849093
11298	-1425.68	-1588.363	162.6826	7.047161	5.081421	1.64287
11304	-1433.37	-1596.14	162.7692	7.034625	4.785564	1.794192
11310	-1433.258	-1595.887	162.6288	8.01513	4.686265	1.686245
11316	-1435.194	-1597.705	162.5116	8.01513	4.099583	2.162611
11322	-1422.8	-1586.24	163.4403	5.819385	4.153219	2.131836
11328	-1423.902	-1587.172	163.2707	6.915886	3.822717	2.137464
11334	-1417.876	-1580.78	162.9041	7.681121	3.835097	2.164028
11340	-1427.078	-1590.022	162.9439	8.271435	3.545186	2.178556
11346	-1418.384	-1581.212	162.8278	7.207417	4.310363	2.027726
11352	-1426.912	-1588.115	161.2031	9.649235	4.910292	2.10304
11358	-1419.232	-1581.518	162.2855	8.949595	4.685145	1.685167
11364	-1424.943	-1587.025	162.0814	9.424142	4.685145	1.712021
11370	-1424.712	-1587.086	162.3738	7.914082	5.144657	1.567591
11376	-1433.421	-1595.385	161.9639	9.129657	4.691642	1.86028
11382	-1436.942	-1599.367	162.4254	8.38758	4.127101	2.108876
11388	-1429.878	-1593.161	163.2829	6.436364	3.58232	2.417172
11394	-1429.681	-1592.554	162.8734	8.396865	3.574107	2.175063
11400	-1440.732	-1602.697	161.9657	9.703852	3.693643	2.383407
11406	-1428.416	-1590.474	162.0585	9.957259	4.154629	1.968535
11412	-1422.155	-1584.71	162.5549	8.062299	4.39471	1.926561
11418	-1423.735	-1587.379	163.6445	6.134394	4.276925	1.813623
11424	-1429.787	-1592.483	162.6963	7.524096	4.253829	2.066869
11430	-1434.392	-1597.637	163.2454	7.301109	4.007662	1.92504
11436	-1429.941	-1592.582	162.6411	8.011066	4.255148	1.975647
11442	-1425.11	-1586.249	161.1384	10.94759	4.974688	1.820984
11448	-1422.391	-1584.761	162.3699	7.948108	4.903499	1.733939
11454	-1434.197	-1597.314	163.1175	6.460343	4.501804	1.919508
11460	-1440.201	-1601.358	161.1572	10.53265	5.003504	1.877683
11466	-1429.573	-1591.968	162.395	9.089221	4.195417	1.914287
11472	-1427.541	-1590.639	163.0973	6.228342	3.935291	2.370476
11478	-1424.242	-1586.584	162.3419	9.316532	3.886967	2.10207
11484	-1424.324	-1586.306	161.9825	9.330684	4.65084	1.827352
11490	-1415.314	-1577.525	162.2114	9.270962	4.442715	1.827352
11496	-1432.2	-1594.861	162.6606	7.408785	4.214341	2.146629
11502	-1422.366	-1584.716	162.3496	8.075183	4.211294	2.180321
11508	-1438.439	-1600.698	162.2594	9.207715	4.189035	1.981814
11514	-1434.019	-1595.914	161.895	9.563732	4.289471	2.075418
11520	-1431.365	-1593.23	161.8651	9.466006	4.405836	2.040402
11526	-1430.439	-1593.817	163.3785	6.15485	4.517093	1.824971
11532	-1427.12	-1587.968	160.8488	10.87162	5.676409	1.544326
11538	-1428.815	-1589.595	160.7801	12.01813	5.394437	1.54888
11544	-1430.057	-1592.227	162.1701	8.770271	4.517213	1.925821
11550	-1435.331	-1597.491	162.16	8.524729	4.668722	1.890703
11556	-1433.574	-1596.063	162.4895	8.524729	4.298377	1.918446
11562	-1423.53	-1585.929	162.3994	8.325954	4.348703	1.994725
11568	-1428.379	-1590.851	162.4718	8.25613	4.302555	1.994725
11574	-1430.405	-1593.207	162.8026	6.188181	4.599786	2.144661
11580	-1426.898	-1588.719	161.8215	9.359148	4.578685	1.978855
11586	-1435.384	-1597.936	162.5515	6.167132	5.01112	2.045726
11592	-1426.445	-1589.204	162.7595	7.610162	4.18826	2.045726
11598	-1428.068	-1591.013	162.9447	7.610162	4.056938	2.009947
11604	-1426.903	-1589.355	162.4518	7.610162	4.156584	2.266668
11610	-1431.475	-1594.581	163.1063	6.528461	4.031644	2.217232
11616	-1419.981	-1583.259	163.2784	6.528461	3.772603	2.27318
11622	-1426.983	-1588.259	161.2764	10.43297	5.002812	1.818302
11628	-1430.939	-1592.228	161.2883	9.646099	5.480822	1.656346
11634	-1434.276	-1595.561	161.2854	9.646099	5.605879	1.567787
11640	-1426.648	-1588.162	161.5144	8.915071	5.631169	1.567787
11646	-1425.882	-1586.122	160.2407	13.26781	5.558364	1.567787
11652	-1424.814	-1585.85	161.0363	12.20558	5.090125	1.544496
11658	-1420.803	-1582.649	161.8466	8.980738	5.112022	1.685886
11664	-1432.809	-1595.061	162.2525	8.292245	4.13832	2.237053
11670	-1425.229	-1587.243	162.014	8.328335	5.034421	1.789982
11676	-1428.139	-1590.133	161.9937	8.683681	4.935828	1.78144
11682	-1420.68	-1583.841	163.1607	7.802148	3.904412	1.916552
11688	-1422.511	-1585.475	162.9638	6.465302	4.01565	2.336648
11694	-1421.068	-1584.317	163.2489	6.899355	3.829884	2.151531
11700	-1420.745	-1583.183	162.4382	7.736095	4.848602	1.782354
11706	-1416.026	-1578.482	162.4564	7.296989	4.599492	2.057827
11712	-1413.97	-1576.287	162.3168	8.716644	4.36247	1.94431
11718	-1422.779	-1586.096	163.317	6.859325	4.278569	1.817234
11724	-1421.78	-1583.999	162.2193	8.825998	4.548216	1.857612
11730	-1429.394	-1591.589	162.1948	8.825998	4.619376	1.825566
11736	-1419.511	-1581.177	161.666	10.01868	5.250658	1.455793
11742	-1425.006	-1586.452	161.4458	9.443004	5.446622	1.617404
11748	-1423.283	-1585.361	162.0771	7.662678	5.471491	1.617404
11754	-1418.632	-1578.739	160.1069	11.66674	6.332738	1.426823
11760	-1417.833	-1579.015	161.1823	8.597348	6.210332	1.469374
11766	-1422.966	-1583.239	160.2732	11.31708	6.203422	1.478477
11772	-1422.573	-1584.646	162.0737	9.368772	4.752702	1.68313
11778	-1425.727	-1588.064	162.3378	8.828909	4.444862	1.846527
11784	-1435.87	-1598.103	162.2324	8.828909	4.716285	1.731314
11790	-1429.785	-1591.009	161.2242	10.33619	5.41252	1.58714
11796	-1428.643	-1589.619	160.9766	8.634654	6.540285	1.362759
11802	-1437.497	-1597.596	160.0987	11.3387	6.521265	1.362759
11808	-1432.302	-1591.14	158.8378	15.77406	6.738104	1.247413
11814	-1419.159	-1578.122	158.9623	14.71242	6.873055	1.247413
11820	-1424.987	-1586.378	161.3907	7.819697	6.342465	1.43406
11826	-1429.594	-1591.774	162.181	7.390286	5.505094	1.596935
11832	-1428.488	-1590.803	162.3154	6.380181	5.800829	1.596935
11838	-1422.387	-1584.195	161.8075	9.30626	5.183075	1.580354
11844	-1417.915	-1580.848	162.9328	5.781068	5.242672	1.751793
11850	-1420.199	-1583.375	163.1759	5.910082	4.939526	1.751155
11856	-1414.65	-1577.121	162.4718	7.839919	4.569146	1.922874
11862	-1415.939	-1578.539	162.5999	7.839919	4.545863	1.851595
11868	-1422.069	-1584.597	162.5275	8.218613	4.304674	1.965511
11874	-1413.93	-1576.613	162.6824	7.496018	4.180152	2.131742
11880	-1435.304	-1599.623	164.3193	4.018358	4.180152	2.163162
11886	-1419.534	-1583.324	163.7899	5.699711	3.977368	2.055304
11892	-1429.392	-1591.671	162.2788	8.419512	4.343183	2.055304
11898	-1428.74	-1590.264	161.5236	10.54952	4.504728	1.963546
11904	-1431.138	-1594.117	162.9783	6.778661	4.399082	1.988665
11910	-1427.62	-1590.013	162.3929	9.665113	3.887943	1.988665
11916	-1437.315	-1600.939	163.6237	5.203944	4.194767	2.182256
11922	-1432.691	-1595.195	162.5042	8.338747	3.570243	2.427326
11928	-1441.355	-1603.058	161.7027	10.53946	3.570243	2.45442
11934	-1433.71	-1597.542	163.8324	5.882464	3.570243	2.236332
11940	-1425.426	-1588.515	163.0889	7.019619	3.550033	2.400884
11946	-1440.847	-1603.548	162.7003	6.951252	4.232481	2.231914
11952	-1433.066	-1596.19	163.1243	6.951252	4.284862	1.917856
11958	-1434.901	-1597.165	162.2631	8.439616	4.459774	1.983285
11964	-1434.421	-1596.641	162.2195	8.383743	4.459774	2.026175
11970	-1427.145	-1589.813	162.6679	7.657614	4.612407	1.808379
11976	-1432.02	-1594.512	162.4922	7.600705	4.90721	1.741161
11982	-1433.282	-1594.562	161.2804	9.957249	5.422251	1.629225
11988	-1427.362	-1590.092	162.7305	7.745386	4.522696	1.803141
11994	-1430.412	-1591.942	161.5301	11.80853	4.500847	1.696908
12000	-1423.244	-1584.675	161.4311	9.834381	4.97072	1.868605
12006	-1416.577	-1577.747	161.1698	11.98703	4.97072	1.580546
12012	-1424.959	-1587.047	162.0878	8.831329	4.843537	1.742855
12018	-1427.784	-1589.815	162.0314	8.831329	4.787208	1.82123
12024	-1428.466	-1589.29	160.8241	10.5016	5.744124	1.598333
12030	-1424.537	-1586.099	161.5614	9.518307	4.631272	2.080188
12036	-1428.894	-1591.513	162.6183	7.234303	4.890384	1.768551
12042	-1429.149	-1591.615	162.4667	7.234303	5.037818	1.771427
12048	-1431.847	-1594.118	162.2713	7.90591	4.975838	1.763784
12054	-1428.581	-1591.069	162.4882	6.705196	5.12175	1.852891
12060	-1424.936	-1587.937	163.0004	6.897521	4.527103	1.852891
12066	-1429.281	-1592.804	163.5227	6.463369	4.381776	1.721962
12072	-1434.901	-1598.114	163.2127	6.464441	3.305344	2.625926
12078	-1430.516	-1594.766	164.2503	4.475105	3.25428	2.625926
12084	-1437.766	-1601.536	163.7703	5.80641	3.483822	2.354242
12090	-1417.299	-1580.041	162.742	8.435253	3.435684	2.339249
12096	-1427.691	-1590.923	163.2323	6.339008	3.874892	2.291148
12102	-1441.347	-1605.082	163.7352	6.023497	3.651843	2.203804
12108	-1439.903	-1604.076	164.1725	4.744068	3.651843	2.333198
12114	-1441.942	-1605.461	163.5192	5.509065	3.911736	2.333198
12120	-1433.364	-1596.054	162.6896	7.34154	4.197314	2.156683
12126	-1420.122	-1583.043	162.9209	7.667145	3.992613	2.053424
12132	-1429.524	-1592.661	163.1372	6.913654	3.833953	2.217442
12138	-1434.28	-1597.639	163.359	6.610812	3.719838	2.232066
12144	-1425.152	-1588.339	163.1873	6.767227	3.828265	2.229094
12150	-1425.668	-1589.403	163.7357	5.294609	3.798496	2.335325
12156	-1433.215	-1597.006	163.7913	5.692409	3.832989	2.15138
12162	-1433.675	-1596.493	162.8184	7.611496	4.432631	1.841159
12168	-1442.256	-1603.678	161.4212	9.060286	5.487216	1.701438
12174	-1446.381	-1608.105	161.7239	9.947806	4.272148	2.114383
12180	-1440.697	-1603.02	162.3229	7.00817	4.993097	1.964487
12186	-1425.032	-1588.075	163.0432	7.00817	3.977392	2.159526
12192	-1436.269	-1598.634	162.3654	7.027681	4.849311	2.026594
12198	-1430.165	-1593.085	162.9202	7.366443	4.220181	1.98286
12204	-1426.258	-1588.592	162.3347	7.631647	5.049408	1.743285
12210	-1425.981	-1588.913	162.9321	6.88933	4.429459	1.967605
12216	-1423.412	-1585.734	162.3217	9.376622	4.545262	1.652261
12222	-1431.069	-1593.233	162.1641	8.738612	4.788504	1.751415
12228	-1418.617	-1581.299	162.6823	7.520504	4.496889	1.91489
12234	-1425.455	-1586.963	161.5087	10.0169	4.878228	1.837283
12240	-1420.304	-1582.165	161.8608	10.1407	4.623206	1.741695
12246	-1427.447	-1590.306	162.8587	8.508193	4.068228	1.82773
12252	-1417.59	-1579.578	161.9877	9.345354	4.400208	1.990251
12258	-1429.208	-1591.835	162.6269	9.345354	3.157877	2.381568
12264	-1427.961	-1591.518	163.5567	5.365464	3.163177	2.818827
12270	-1437.871	-1600.895	163.0242	6.24155	3.970287	2.390801
12276	-1428.867	-1592.072	163.2055	5.871105	3.960261	2.390801
12282	-1432.226	-1595.623	163.397	5.871105	3.973564	2.260399
12288	-1421.736	-1583.884	162.1482	9.985346	3.610188	2.260399
12294	-1424.064	-1587.947	163.8829	5.012751	3.29405	2.649184
12300	-1434.277	-1598.3	164.0234	5.061375	3.29405	2.54658
12306	-1423.937	-1586.831	162.8938	7.879917	4.328352	1.788181
12312	-1422.09	-1584.743	162.6525	8.377007	4.225097	1.894743
12318	-1424.495	-1587.004	162.5095	8.106468	4.378345	1.956767
12324	-1414.884	-1578.422	163.538	5.834704	4.179782	2.045365
12330	-1410.773	-1573.414	162.6403	7.967832	4.349204	1.924101
12336	-1422.624	-1584.206	161.5825	9.64834	5.13413	1.693179
12342	-1446.038	-1607.47	161.4324	9.956865	5.165339	1.704197
12348	-1423.363	-1586.74	163.3771	5.893806	4.67742	1.798879
12354	-1434.491	-1597.126	162.6351	6.444808	5.2986	1.707169
12360	-1432.988	-1596.044	163.0553	7.950848	3.894493	1.955278
12366	-1427.755	-1590.893	163.1376	7.470596	3.894493	2.026898
12372	-1430.762	-1593.391	162.6286	8.443716	3.720927	2.227166
12378	-1430.923	-1593.776	162.8536	8.443716	3.49595	2.227166
12384	-1423.786	-1587.672	163.886	5.719952	3.666877	2.189144
12390	-1424.536	-1587.504	162.968	7.166179	3.666877	2.36477
12396	-1436.163	-1600.212	164.0486	4.877413	3.666877	2.357091
12402	-1415.414	-1579.435	164.021	4.919975	3.347293	2.560897
12408	-1414.723	-1577.833	163.1101	6.449648	3.456076	2.600205
12414	-1417.243	-1579.635	162.392	8.360705	3.72312	2.396493
12420	-1412.26	-1575.094	162.8339	7.787021	3.750125	2.237464
12426	-1427.304	-1590.187	162.8838	7.927455	3.750125	2.1698
12432	-1425.323	-1588.234	162.9113	7.775968	3.460948	2.375446
12438	-1434.779	-1597.116	162.3376	8.514856	4.340913	1.994326
12444	-1424.173	-1586.197	162.0244	9.637738	4.222517	2.017478
12450	-1422.644	-1586.151	163.5074	6.811316	3.660516	2.117891
12456	-1428.277	-1590.877	162.6002	7.120744	4.291573	2.21246
12462	-1421.807	-1585.082	163.275	6.860884	3.493143	2.36168
12468	-1425.115	-1588.033	162.9182	7.608412	3.594164	2.328528
12474	-1425.805	-1588.713	162.9089	8.057624	4.089394	1.894745
12480	-1434.427	-1595.165	160.7379	12.37318	5.250037	1.610822
12486	-1431.79	-1594.073	162.2831	10.61629	3.756913	1.941488
12492	-1422.227	-1584.533	162.3061	8.336625	4.600197	1.885485
12498	-1411.135	-1574.131	162.9952	6.874088	3.73549	2.381793
12504	-1426.632	-1589.53	162.8984	6.874088	4.212747	2.137463
12510	-1425.065	-1588.536	163.4711	5.876623	4.292149	2.002022
12516	-1432.745	-1595.533	162.7886	7.013532	4.241763	2.151688
12522	-1436.968	-1599.691	162.7233	7.15949	4.246124	2.151688
12528	-1425.994	-1588.541	162.5461	8.34257	4.332427	1.902832
12534	-1440.733	-1603.056	162.3223	7.588502	4.446518	2.16867
12540	-1441.652	-1602.626	160.9736	10.33841	5.487345	1.712777
12546	-1426.717	-1587.529	160.8119	13.53865	4.925577	1.55968
12552	-1449.737	-1611.788	162.0504	8.461335	4.908596	1.817563
12558	-1440.176	-1601.704	161.5288	8.042889	5.640695	1.781032
12564	-1432.525	-1595.061	162.5356	8.588094	3.886333	2.145741
12570	-1448.159	-1609.841	161.6823	9.627717	4.278539	2.207097
12576	-1435.313	-1597.884	162.572	7.586558	4.298351	2.102942
12582	-1428.162	-1591.701	163.5394	6.350814	4.307459	1.797281
12588	-1416.875	-1579.2	162.3249	8.181194	4.282615	2.123654
12594	-1433.88	-1596.391	162.5113	7.768638	4.074054	2.24124
12600	-1438.237	-1600.522	162.2849	7.612837	4.607463	2.08157
12606	-1423.912	-1585.787	161.8742	9.849553	4.607463	1.810265
12612	-1425.345	-1587.346	162.0009	9.849553	4.502566	1.795232
12618	-1431.727	-1593.962	162.2351	8.906643	3.983074	2.203126
12624	-1433.338	-1596.543	163.2052	6.629578	3.830183	2.254773
12630	-1434.227	-1597.339	163.1114	6.82944	4.015859	2.139358
12636	-1440.195	-1602.949	162.7538	7.438929	4.196458	2.089377
12642	-1430.337	-1592.64	162.3033	8.35073	4.011044	2.272104
12648	-1420.437	-1583.156	162.719	7.526276	4.203197	2.084731
12654	-1423.244	-1586.815	163.5716	5.803999	4.101092	2.084731
12660	-1422.735	-1584.484	161.7495	11.33211	4.14961	1.88692
12666	-1409.255	-1572.677	163.4221	6.798061	3.887662	2.028194
12672	-1428.014	-1590.652	162.6378	7.82612	4.596688	1.794202
12678	-1423.381	-1584.829	161.4481	11.40938	4.735335	1.672894
12684	-1430.323	-1592.281	161.9578	8.58548	5.340265	1.543404
12690	-1430.879	-1592.877	161.9983	9.660862	4.224236	2.028455
12696	-1422.536	-1584.09	161.5537	11.97673	4.224236	1.839052
12702	-1431.713	-1593.705	161.992	9.183835	4.652063	1.85513
12708	-1425.522	-1587.425	161.9034	9.183835	4.800095	1.814292
12714	-1421.205	-1582.747	161.5427	10.17255	4.979016	1.707843
12720	-1434.371	-1595.948	161.5777	10.25861	4.915977	1.707843
12726	-1442.857	-1606.147	163.2898	6.540344	4.433539	1.8244
12732	-1433.524	-1595.211	161.6874	7.99563	5.623987	1.694173
12738	-1436.352	-1598.152	161.8001	9.044122	5.160858	1.66814
12744	-1442.502	-1605.253	162.7509	8.09462	4.289278	1.856551
12750	-1417.889	-1580.856	162.9669	6.611037	4.465909	2.000203
12756	-1424.752	-1588.068	163.316	6.505826	4.465909	1.794493
12762	-1424.278	-1586.087	161.8089	9.200537	4.808006	1.869701
12768	-1429.812	-1591.154	161.3414	11.93977	4.314894	1.929179
12774	-1436.931	-1600.003	163.072	6.987717	4.187524	2.007962
12780	-1434.163	-1596.407	162.2436	9.143068	4.56073	1.754153
12786	-1432.072	-1594.987	162.9153	7.503925	4.468245	1.779336
12792	-1440.875	-1603.037	162.1619	8.495846	4.622688	1.927839
12798	-1423.238	-1585.216	161.9774	8.965577	4.841109	1.788066
12804	-1427.013	-1589.319	162.306	7.852006	4.864973	1.831026
12810	-1430.443	-1591.916	161.4729	11.1598	4.63509	1.77929
12816	-1426.01	-1587.981	161.9708	9.580941	4.63509	1.786959
12822	-1440.007	-1602.75	162.7436	6.910173	4.566215	1.996291
12828	-1431.658	-1594.577	162.9196	7.697032	4.068081	1.996291
12834	-1432.521	-1594.338	161.8171	9.463355	4.879956	1.751389
12840	-1427.771	-1588.407	160.636	10.78045	6.148466	1.368503
12846	-1425.994	-1587.564	161.5704	10.35112	5.228132	1.463156
12852	-1431.772	-1593.741	161.9697	9.133301	4.926741	1.691677
12858	-1437.887	-1600.114	162.2274	8.354627	4.926741	1.709118
12864	-1437.365	-1599.925	162.5596	8.594089	4.285963	1.86189
12870	-1433.496	-1595.681	162.1848	7.661036	5.332429	1.640513
12876	-1432.325	-1593.453	161.1277	11.01948	5.420341	1.493147
12882	-1436.159	-1597.454	161.2948	10.13481	5.180769	1.749004
12888	-1433.359	-1595.429	162.0702	8.289718	5.151801	1.678209
12894	-1433.051	-1595.813	162.762	6.763893	4.849778	1.834244
12900	-1422.693	-1585.505	162.8123	8.449316	4.161822	1.810183
12906	-1428.295	-1590.251	161.9561	8.449316	4.733288	2.003232
12912	-1424.261	-1586.599	162.3385	8.449316	4.45706	1.932045
12918	-1425.984	-1589.014	163.0298	6.449862	4.45706	2.011487
12924	-1416.054	-1578.495	162.4411	8.471228	4.335162	1.939579
12930	-1420.471	-1583.792	163.3216	6.736029	4.42938	1.746019
12936	-1418.456	-1581.63	163.1741	7.303893	3.94209	2.016005
12942	-1419.405	-1582.5	163.0956	7.293793	4.18772	1.906611
12948	-1426.802	-1589.571	162.7687	7.293793	4.471641	1.935618
12954	-1424.938	-1588.108	163.1705	7.293793	3.81836	2.102827
12960	-1442.393	-1604.71	162.3177	8.068071	4.694497	1.8826
12966	-1428.039	-1590.445	162.406	8.010545	4.628287	1.8826
12972	-1424.861	-1588.299	163.4377	6.189946	3.663752	2.337861
12978	-1421.268	-1584.737	163.4691	7.063269	3.977278	1.860559
12984	-1425.387	-1588.465	163.0783	6.875855	3.654221	2.380167
12990	-1438.727	-1601.954	163.2263	6.948222	3.456003	2.3925
12996	-1426.876	-1590.133	163.2571	6.753699	3.274874	2.538921
13002	-1426.057	-1589.027	162.9703	6.753699	3.895179	2.328986
13008	-1430.348	-1594.162	163.815	6.004086	3.466398	2.277625
13014	-1428.834	-1591.212	162.3776	8.184968	4.122368	2.192711
13020	-1425.24	-1587.859	162.6183	7.566374	4.122368	2.192711
13026	-1417.4	-1580.066	162.6658	7.57943	4.446737	1.943947
13032	-1426.36	-1589.477	163.1172	7.011458	4.754544	1.575623
13038	-1421.651	-1584.541	162.8904	7.011458	4.567149	1.867733
13044	-1417.762	-1579.994	162.2323	7.646831	4.911617	1.904625
13050	-1415.167	-1577.606	162.4387	7.729892	4.668274	1.907404
13056	-1420.659	-1582.994	162.3348	6.481496	5.382389	1.846509
13062	-1421.68	-1584.372	162.6923	7.35154	4.825632	1.728461
13068	-1432.689	-1595.133	162.4441	8.296219	4.236233	2.047166
13074	-1430.472	-1592.902	162.4298	8.296219	3.859669	2.301069
13080	-1437.343	-1599.272	161.9291	9.10624	4.854289	1.777782
13086	-1423.616	-1585.991	162.3745	7.652806	4.844768	1.85168
13092	-1422.053	-1583.785	161.732	9.315126	4.844768	1.869858
13098	-1421.7	-1583.14	161.4391	9.292292	5.376701	1.709428
13104	-1424.652	-1585.485	160.8328	12.41027	5.463256	1.370828
13110	-1439.283	-1601.013	161.7298	9.186	5.256076	1.614293
13116	-1427.102	-1589.741	162.6387	7.622318	4.691652	1.783402
13122	-1422.315	-1584.773	162.4574	8.323148	4.237617	2.030785
13128	-1435.043	-1598.632	163.5889	5.84581	4.252479	1.959491
13134	-1437.403	-1601.154	163.7515	5.783096	4.081706	1.984956
13140	-1418.292	-1581.196	162.9039	7.475305	4.189207	1.984956
13146	-1424.698	-1587.564	162.8667	7.679437	4.103573	2.012512
13152	-1426.378	-1589.098	162.7203	7.830886	4.378355	1.886161
13158	-1417.982	-1580.737	162.755	7.527444	4.372423	1.947907
13164	-1417.275	-1579.82	162.5449	7.432405	5.119717	1.600136
13170	-1434.296	-1597.232	162.9352	6.40348	4.676791	1.941497
13176	-1444.962	-1606.286	161.3237	8.542374	5.67586	1.768674
13182	-1425.975	-1586.926	160.9508	10.48895	5.514233	1.675564
13188	-1432.421	-1594.782	162.3609	6.814369	5.514233	1.633938
13194	-1439.891	-1602.171	162.2798	8.315727	4.93629	1.67547
13200	-1428.63	-1590.69	162.0595	8.239351	5.220822	1.650055
13206	-1430.956	-1592.384	161.4276	8.507681	5.801825	1.614576
13212	-1440.284	-1602.141	161.8575	7.127934	6.10314	1.473195
13218	-1427.532	-1588.659	161.1269	9.849026	5.823051	1.473195
13224	-1422.143	-1583.336	161.1931	8.986047	5.889864	1.595055
13230	-1411.15	-1573.183	162.0331	9.26666	4.456134	1.940636
13236	-1418.283	-1579.73	161.4465	10.06328	4.818294	1.910178
13242	-1425.292	-1587.939	162.6471	6.831311	4.904789	1.85547
13248	-1424.788	-1587.175	162.3878	7.94016	4.713365	1.85547
13254	-1420.245	-1582.575	162.33	7.5741	4.713365	1.991717
13260	-1436.982	-1599.009	162.027	9.571165	3.865524	2.26351
13266	-1432.416	-1595.469	163.0529	7.296875	3.946307	2.095149
13272	-1440.856	-1604.054	163.1979	5.907931	3.109401	2.909588
13278	-1437.512	-1600.116	162.604	7.256747	3.855413	2.451901
13284	-1440.787	-1603.56	162.7735	7.843042	3.504065	2.418673
13290	-1419.215	-1582.44	163.2247	7.680261	3.702502	2.040929
13296	-1414.406	-1577.011	162.605	7.640664	4.736576	1.770535
13302	-1419.303	-1582.578	163.2756	7.640664	3.939309	1.857926
13308	-1426.457	-1589.077	162.6202	8.730687	4.100611	1.912848
13314	-1417.297	-1579.352	162.055	9.506015	4.468366	1.861369
13320	-1428.532	-1590.557	162.0257	9.836442	4.403369	1.849477
13326	-1423.542	-1585.795	162.2535	8.223705	4.881728	1.756981
13332	-1429.063	-1591.059	161.9961	8.875632	4.911198	1.748578
13338	-1442.963	-1604.466	161.5025	8.875632	5.687959	1.545101
13344	-1423.988	-1586.287	162.2987	8.979256	4.457803	1.827498
13350	-1442.965	-1602.919	159.954	10.83255	6.708843	1.450186
13356	-1441.373	-1602.091	160.7178	11.56565	5.66328	1.494211
13362	-1444.482	-1606.121	161.6393	8.754092	5.66328	1.494211
13368	-1440.074	-1601.316	161.242	8.754092	5.804564	1.681162
13374	-1422.774	-1584.109	161.3356	9.095128	5.804564	1.52452
13380	-1433.228	-1593.808	160.5798	12.11196	5.485741	1.608795
13386	-1422.745	-1585.054	162.3098	7.953138	5.092459	1.641009
13392	-1424.866	-1585.481	160.6151	12.33184	5.342831	1.641009
13398	-1424.605	-1585.744	161.1385	8.73752	6.156809	1.504207
13404	-1421.151	-1582.169	161.0179	9.876648	5.938643	1.461258
13410	-1445.336	-1607.808	162.4716	6.49566	5.213528	1.864163
13416	-1435.344	-1597.72	162.3761	7.653509	4.861902	1.838619
13422	-1422.339	-1584.688	162.3498	7.741118	4.885122	1.81693
13428	-1430.316	-1591.902	161.5861	10.45595	4.885122	1.67871
13434	-1428.199	-1589.706	161.5067	10.45595	4.955221	1.685302
13440	-1432.971	-1594.578	161.6069	8.313957	5.724694	1.592714
13446	-1442.711	-1604.871	162.1598	8.313957	4.763101	1.879973
13452	-1425.7	-1587.114	161.4142	10.6576	5.011561	1.6654
13458	-1424.49	-1586.285	161.7954	8.913821	5.21583	1.6654
13464	-1423.144	-1585.215	162.0706	8.913821	4.966266	1.647013
13470	-1423.523	-1585.693	162.1705	8.400521	4.71676	1.882194
13476	-1429.436	-1592.609	163.1727	6.173383	4.255158	2.132442
13482	-1433.908	-1596.544	162.6366	7.575664	4.277053	2.077325
13488	-1432.73	-1595.077	162.3474	7.183361	4.958683	1.921935
13494	-1436.232	-1599.033	162.8017	7.183361	4.376785	2.007532
13500	-1440.415	-1604.165	163.7498	5.461794	3.831973	2.251616
13506	-1437.752	-1601.42	163.6684	5.136732	4.010414	2.294321
13512	-1427.343	-1590.036	162.6928	7.613408	4.010414	2.20482
13518	-1425.485	-1588.791	163.3059	6.691245	3.75058	2.223891
13524	-1419.883	-1582.704	162.821	7.9303	3.966052	2.068874
13530	-1431.091	-1594.158	163.0674	6.846554	3.966052	2.195578
13536	-1435.693	-1599.498	163.8056	6.402426	4.034047	1.786238
13542	-1434.68	-1597.41	162.7301	7.728923	4.27939	1.973303
13548	-1436.719	-1599.587	162.8679	7.728923	4.314916	1.856017
13554	-1422.537	-1584.932	162.3955	8.441125	4.552534	1.830257
13560	-1430.313	-1592.535	162.2221	6.874242	5.358731	1.822999
13566	-1443.784	-1605.776	161.9928	8.350631	5.151911	1.716793
13572	-1441.324	-1602.96	161.6365	10.72236	4.52893	1.833377
13578	-1435.462	-1597.503	162.041	7.907382	4.908525	1.96675
13584	-1436.063	-1598.533	162.4696	8.334364	3.852517	2.271042
13590	-1433.997	-1596.993	162.9962	6.647013	4.006176	2.271042
13596	-1423.353	-1585.872	162.519	8.023578	3.784518	2.358028
13602	-1422.449	-1586.249	163.8	5.765752	3.966466	2.034836
13608	-1433.009	-1596.253	163.2447	6.686587	3.949403	2.135894
13614	-1430.476	-1592.689	162.2124	8.186095	4.684496	1.930244
13620	-1416.523	-1579.128	162.6044	8.287057	3.917534	2.153377
13626	-1427.911	-1589.939	162.0282	10.05254	4.215159	1.927048
13632	-1427.439	-1589.891	162.4523	7.58259	4.621843	1.968861
13638	-1413.593	-1576.444	162.8507	7.460849	4.417326	1.870813
13644	-1439.559	-1602.418	162.8596	6.953875	4.453695	1.981625
13650	-1437.233	-1601.165	163.9321	4.857043	4.453695	1.926485
13656	-1419.287	-1581.929	162.6424	7.577848	4.275043	2.074276
13662	-1422.744	-1585.243	162.4992	7.752826	4.275043	2.122762
13668	-1432.119	-1594.049	161.9297	8.161815	5.118082	1.833776
13674	-1426.987	-1588.644	161.6574	10.11406	4.806937	1.76158
13680	-1433.819	-1596.096	162.2771	8.749666	4.56303	1.826697
13686	-1420.504	-1582.898	162.3942	7.932336	4.584439	1.940668
13692	-1443.783	-1606.39	162.6066	8.191527	4.202032	1.988167
13698	-1426.719	-1588.788	162.0693	9.107948	4.542492	1.895311
13704	-1428.05	-1590.281	162.2307	8.632366	4.516048	1.919532
13710	-1421.104	-1584.143	163.039	6.233924	4.528291	2.02245
13716	-1409.628	-1571.847	162.2192	8.607018	4.474841	1.961281
13722	-1417.34	-1579.298	161.9573	8.809996	5.130038	1.637531
13728	-1428.633	-1590.807	162.1739	9.336326	4.463861	1.823007
13734	-1430.573	-1593.22	162.6465	7.931107	3.985852	2.169921
13740	-1443.291	-1605.969	162.6789	5.861575	5.555007	1.68366
13746	-1429.462	-1590.832	161.3697	9.925086	5.309473	1.653731
13752	-1430.241	-1591.738	161.4967	9.352272	5.52428	1.546274
13758	-1418.384	-1579.895	161.5108	9.352272	5.40318	1.624469
13764	-1425.298	-1588.116	162.8185	6.064647	5.40318	1.624469
13770	-1427.47	-1588.784	161.3138	10.14515	5.468697	1.525471
13776	-1425.651	-1587.313	161.6618	9.53863	5.026446	1.739524
13782	-1428.306	-1590.056	161.7498	8.865519	5.321449	1.634735
13788	-1441.593	-1601.847	160.2539	11.98924	5.758094	1.672884
13794	-1413.993	-1575.243	161.2499	9.773166	5.557271	1.597965
13800	-1420.923	-1581.685	160.7622	13.21074	4.940104	1.649261
13806	-1421.686	-1583.434	161.7481	8.868245	5.114765	1.781379
13812	-1423.919	-1586.538	162.6194	7.258853	4.446033	2.061848
13818	-1421.815	-1584.719	162.9038	7.172071	4.020084	2.177883
13824	-1425.054	-1587.744	162.6896	8.86075	3.902559	1.967874
13830	-1427.007	-1589.735	162.7277	8.399511	4.186084	1.864383
13836	-1420.541	-1583.03	162.4896	8.211092	4.49491	1.864383
13842	-1420.936	-1583.343	162.4071	8.211092	4.789234	1.717409
13848	-1436.651	-1597.213	160.5621	12.90544	5.069014	1.758712
13854	-1424.637	-1585.81	161.1726	11.97102	4.627305	1.825074
13860	-1417.306	-1579.58	162.2741	7.797226	4.667256	2.000911
13866	-1422.621	-1586.51	163.8895	5.243654	4.225381	1.973777
13872	-1417.51	-1580.545	163.0351	6.965147	4.260431	1.990276
13878	-1416.207	-1578.679	162.4724	6.965147	4.823201	1.990276
13884	-1420.543	-1582.926	162.3827	7.885598	5.194945	1.532049
13890	-1426.337	-1588.012	161.6754	9.873318	5.227985	1.502163
13896	-1417.351	-1578.096	160.7446	10.2572	6.032557	1.502163
13902	-1418.544	-1579.491	160.9467	8.47934	6.591671	1.390747
13908	-1441.511	-1603.925	162.4131	5.095131	6.64611	1.349441
13914	-1439.241	-1602.192	162.9505	5.316735	5.67386	1.593623
13920	-1435.742	-1598.261	162.5191	8.811678	4.153384	1.925738
13926	-1423.985	-1585.93	161.9457	8.954432	4.675537	1.925738
13932	-1433.303	-1594.189	160.8861	10.54232	6.036308	1.318566
13938	-1431.669	-1591.818	160.149	12.914	6.027333	1.354213
13944	-1432.532	-1593.65	161.1186	9.366798	6.015756	1.457576
13950	-1428.768	-1589.079	160.3106	10.53233	6.157369	1.663587
13956	-1430.658	-1590.732	160.0743	14.04743	5.595203	1.510977
13962	-1419.067	-1579.997	160.9299	8.945572	6.356813	1.454155
13968	-1442.715	-1602.836	160.1206	11.6828	6.356813	1.393874
13974	-1422.41	-1581.819	159.4095	12.94544	6.729474	1.376834
13980	-1419.2	-1578.853	159.6523	13.26905	6.322092	1.436125
13986	-1427.477	-1587.147	159.6701	13.26905	6.495818	1.284567
13992	-1430.344	-1590.352	160.0077	10.55906	6.764356	1.432552
13998	-1422.577	-1583.043	160.4653	10.55906	6.385304	1.371503
14004	-1424.635	-1584.236	159.6004	12.92246	6.606843	1.327754
14010	-1427.099	-1587.74	160.641	11.25128	5.882472	1.458047
14016	-1422.549	-1582.754	160.205	12.7519	5.882472	1.458047
14022	-1425.98	-1587.684	161.704	10.48958	4.635743	1.76377
14028	-1426.225	-1589.169	162.9444	6.559068	4.83911	1.777056
14034	-1426.937	-1589.458	162.5208	7.285094	4.83911	1.856841
14040	-1428.392	-1589.355	160.9632	10.30127	5.88839	1.434927
14046	-1428.547	-1588.881	160.3336	10.30127	6.478764	1.464874
14052	-1425.93	-1587.624	161.6946	8.640214	5.233725	1.793261
14058	-1422.878	-1584.293	161.4147	10.95868	4.688969	1.825134
14064	-1421.532	-1584.33	162.7979	7.574057	4.491367	1.825134
14070	-1430.586	-1593.249	162.6625	7.739518	4.414022	1.92541
14076	-1431.525	-1594.043	162.5174	8.0035	4.414022	1.954002
14082	-1427.972	-1590.311	162.3396	9.248814	4.247563	1.87846
14088	-1441.499	-1604.191	162.6917	7.347636	4.611024	1.87846
14094	-1436.178	-1598.723	162.5449	7.183088	5.19376	1.620358
14100	-1432.868	-1594.072	161.2044	9.85885	5.52138	1.63606
14106	-1421.931	-1585.54	163.6096	5.625963	4.114619	2.107068
14112	-1430.411	-1594.136	163.725	5.625963	3.693194	2.304906
14118	-1424.349	-1587.094	162.7453	8.016779	3.547319	2.366633
14124	-1428.584	-1591.291	162.7074	7.308819	3.853069	2.374724
14130	-1438.125	-1600.98	162.8555	7.308819	3.717155	2.36699
14136	-1437.826	-1601.403	163.5775	5.69824	3.580594	2.447533
14142	-1430.214	-1591.583	161.3693	11.20723	4.571462	1.884383
14148	-1420.99	-1583.462	162.4725	9.256732	4.322612	1.732777
14154	-1424.1	-1586.942	162.842	6.94025	4.361309	2.058492
14160	-1420.434	-1583.047	162.6129	7.418478	4.830911	1.761353
14166	-1417.689	-1581.089	163.3999	6.640383	4.008399	2.007951
14172	-1428.983	-1592.402	163.4182	6.62319	3.849338	2.105918
14178	-1434.207	-1597.614	163.4065	6.026859	4.030839	2.170203
14184	-1426.188	-1588.55	162.363	9.028361	4.030839	2.06004
14190	-1437.96	-1599.939	161.9796	9.028361	4.544541	1.973387
14196	-1424.663	-1587.81	163.1474	6.198153	4.491022	1.985915
14202	-1432.357	-1594.02	161.6626	9.769882	5.174288	1.577069
14208	-1444.443	-1606.483	162.0396	8.303238	5.09258	1.738135
14214	-1428.722	-1591.08	162.3579	8.303238	4.488447	1.934559
14220	-1427.144	-1589.354	162.2094	8.840707	4.488447	1.901464
14226	-1425.434	-1587.526	162.0918	8.66417	4.974737	1.690194
14232	-1421.635	-1584.909	163.274	6.362204	4.157088	2.074252
14238	-1431.279	-1593.983	162.7036	7.854608	4.104718	2.074252
14244	-1431.19	-1593.923	162.733	8.316941	4.104718	1.936893
14250	-1434.797	-1596.568	161.771	9.583702	4.614606	1.936893
14256	-1440.802	-1603.375	162.5732	8.784458	3.687434	2.204073
14262	-1431.408	-1593.176	161.7681	8.994585	5.069726	1.767388
14268	-1424.043	-1586.428	162.3841	8.084699	4.576961	1.912962
14274	-1422.42	-1584.449	162.0293	9.116637	4.652357	1.845573
14280	-1408.142	-1569.762	161.6203	8.755398	5.321184	1.754966
14286	-1411.235	-1572.619	161.3839	8.598061	5.747803	1.660969
14292	-1420.716	-1582.037	161.321	10.75565	5.3207	1.484471
14298	-1423.739	-1585.38	161.6412	8.191926	5.874899	1.490201
14304	-1424.099	-1585.774	161.6755	10.64186	4.792616	1.638533
14310	-1435.308	-1597.373	162.065	8.682582	4.387822	2.102941
14316	-1429.972	-1592.645	162.6724	7.495515	4.30536	2.056213
14322	-1420.235	-1583.298	163.0621	7.201246	3.923606	2.129768
14328	-1427.148	-1589.904	162.7567	9.053773	3.502784	2.142259
14334	-1436.433	-1599.064	162.6305	7.992589	4.113524	2.081367
14340	-1425.134	-1587.903	162.7686	7.170272	4.359254	2.04476
14346	-1423.819	-1586.799	162.9803	7.170272	4.106294	2.072013
14352	-1424.467	-1587.259	162.7921	6.838733	4.106294	2.284676
14358	-1433.104	-1596.905	163.8013	4.849987	3.88266	2.38628
14364	-1430.283	-1594.006	163.7235	6.191734	3.546462	2.229425
14370	-1423.759	-1586.677	162.9172	7.505348	4.289927	1.900086
14376	-1428.894	-1590.61	161.7163	9.874156	4.526017	1.967482
14382	-1426.343	-1587.777	161.4342	9.874156	5.179467	1.712394
14388	-1414.695	-1576.43	161.7353	9.607426	5.179467	1.560122
14394	-1419.842	-1581.525	161.6834	9.607426	5.179467	1.5981
14400	-1433.538	-1594.848	161.3106	10.06411	5.358605	1.6279
14406	-1425.158	-1586.725	161.5668	8.279919	5.824203	1.558539
14412	-1416.898	-1578.375	161.4774	9.82736	5.316313	1.594547
14418	-1422.971	-1584.04	161.0694	11.61952	5.316313	1.478621
14424	-1416.784	-1578.04	161.2561	9.869213	5.486108	1.62172
14430	-1435.506	-1596.416	160.9107	10.51155	5.367167	1.801896
14436	-1441.901	-1603.391	161.4906	9.879888	5.259186	1.613697
14442	-1451.402	-1609.837	158.4348	13.53947	7.687896	1.26048
14448	-1449.861	-1609.76	159.8994	10.57211	7.084646	1.26048
14454	-1421.81	-1583.862	162.0523	9.019043	4.719783	1.807006
14460	-1422.743	-1584.996	162.2524	8.473697	4.487485	1.963447
14466	-1423.245	-1584.686	161.4409	10.13198	4.944503	1.812295
14472	-1425.821	-1587.428	161.6068	9.927451	5.22578	1.541517
14478	-1420.965	-1581.84	160.8751	11.3956	5.453421	1.570976
14484	-1430.77	-1592.085	161.3148	9.289559	5.778793	1.508508
14490	-1423.777	-1585.516	161.7391	9.201725	4.712987	1.980741
14496	-1418.262	-1580.357	162.0948	9.568682	4.230596	1.980741
14502	-1443.17	-1603.885	160.7154	9.878023	6.006877	1.633993
14508	-1438.202	-1599.721	161.5191	9.654544	5.100823	1.759783
14514	-1435.009	-1595.301	160.2921	13.69194	5.1252	1.759783
14520	-1437.665	-1599.552	161.8864	8.439503	5.277236	1.679951
14526	-1440.894	-1602.393	161.4992	8.19699	5.755329	1.679951
14532	-1432.164	-1595.21	163.0465	5.905211	5.275727	1.605463
14538	-1421.357	-1582.772	161.4149	10.67125	4.719055	1.865984
14544	-1421.137	-1583.68	162.5429	6.918196	4.591388	2.110079
14550	-1420.868	-1583.391	162.5224	8.562045	4.216102	1.942496
14556	-1426.033	-1588.032	161.9992	9.807643	4.724962	1.649576
14562	-1429.342	-1591.393	162.0513	7.854584	4.832622	2.024225
14568	-1435.331	-1598.074	162.743	8.308862	4.115702	1.924817
14574	-1431.787	-1595.167	163.3806	6.013252	4.188379	2.088326
14580	-1425.068	-1587.743	162.6746	7.981509	4.356343	1.89245
14586	-1428.25	-1588.104	159.8546	14.78083	5.391666	1.683215
14592	-1427.968	-1590.274	162.306	7.922261	4.727872	1.906031
14598	-1423.084	-1585.33	162.2459	9.295832	4.497891	1.759146
14604	-1437.373	-1598.679	161.3067	9.295832	5.31955	1.840539
14610	-1427.557	-1589.198	161.6405	10.57694	4.407814	1.944314
14616	-1426.631	-1588.362	161.7314	8.955628	5.040807	1.822513
14622	-1436.433	-1598.519	162.0858	8.833257	4.850701	1.738718
14628	-1423.519	-1585.987	162.468	7.006454	4.945313	1.899292
14634	-1434.441	-1597.321	162.88	7.545664	4.070698	2.060799
14640	-1437.993	-1600.055	162.0618	8.925138	4.461488	1.998529
14646	-1436.494	-1599.182	162.6879	7.286852	4.461488	1.998529
14652	-1437.352	-1599.417	162.0648	9.11858	4.461884	1.950311
14658	-1441.504	-1604.37	162.8662	7.065722	3.848603	2.340581
14664	-1444.349	-1607.397	163.0479	6.551167	4.236756	2.115389
14670	-1445.151	-1607.835	162.6836	8.306934	3.807536	2.168567
14676	-1444.805	-1607.751	162.9464	7.346151	3.954645	2.146265
14682	-1426.553	-1589.113	162.5605	8.424524	4.323251	1.87852
14688	-1422.224	-1585.39	163.166	7.565327	3.819183	2.032774
14694	-1422.536	-1585.169	162.6336	6.956838	4.793545	1.904095
14700	-1427.103	-1588.739	161.6361	9.851764	4.938011	1.745483
14706	-1432.138	-1593.126	160.9878	11.56386	5.425543	1.470211
14712	-1445.27	-1607.915	162.6455	7.268449	4.374765	2.088969
14718	-1422.064	-1584.463	162.3996	6.70632	5.007103	1.98997
14724	-1429.799	-1592.436	162.6374	7.842799	4.033204	2.167366
14730	-1420.512	-1584.003	163.4909	6.751681	4.033204	1.897725
14736	-1414.776	-1576.945	162.1693	8.881153	4.533272	1.888382
14742	-1428.39	-1591.371	162.9813	7.758615	3.310094	2.430777
14748	-1431.652	-1593.83	162.1776	9.176816	3.431494	2.528729
14754	-1422.408	-1584.837	162.4297	7.814418	4.630198	1.916794
14760	-1431.232	-1591.116	159.8842	11.57273	6.163433	1.734369
14766	-1415.85	-1578.107	162.2567	8.143833	4.94099	1.734369
14772	-1411.769	-1573.854	162.0849	8.604133	4.94099	1.734369
14778	-1431.616	-1593.482	161.8663	8.604133	5.286491	1.644277
14784	-1416.659	-1579.036	162.3776	8.090062	4.9592	1.6502
14790	-1416.112	-1578.953	162.8409	6.325796	4.9592	1.837293
14796	-1414.423	-1576.058	161.6345	9.547426	5.344058	1.528033
14802	-1418.929	-1580.524	161.5951	9.149696	5.305796	1.684476
14808	-1421.932	-1584.048	162.1156	8.695278	4.94622	1.685505
14814	-1415.729	-1577.706	161.977	9.082046	4.94622	1.685505
14820	-1417.962	-1579.281	161.3191	10.31987	5.081236	1.759485
14826	-1424.535	-1586.853	162.318	8.792016	4.644628	1.730824
14832	-1431.664	-1593.87	162.2059	8.790992	4.624397	1.823163
14838	-1421.248	-1583.948	162.6997	8.124775	4.184061	1.954794
14844	-1428.687	-1590.67	161.983	7.785731	5.441454	1.67177
14850	-1427.794	-1589.542	161.7482	10.91152	4.649808	1.628166
14856	-1425.231	-1588.151	162.9204	6.704644	4.755311	1.807807
14862	-1420.556	-1584.173	163.6166	6.704644	3.507214	2.1766
14868	-1433.034	-1596.752	163.7179	6.582103	3.485292	2.159663
14874	-1424.603	-1588.122	163.5198	6.915034	3.351387	2.281294
14880	-1424.509	-1587.606	163.097	7.384704	3.676658	2.218705
14886	-1433.987	-1596.703	162.7163	7.384704	3.904231	2.316937
14892	-1421.544	-1584.745	163.2014	7.348389	3.899968	2.01377
14898	-1420.629	-1583.076	162.4463	8.05594	4.455757	1.960177
14904	-1427.237	-1591.324	164.0866	5.209225	4.089154	1.944609
14910	-1427.897	-1590.762	162.8655	7.738061	3.607386	2.320942
14916	-1439.212	-1601.955	162.7431	8.159832	3.633124	2.278544
14922	-1423.852	-1586.335	162.4829	9.731797	3.450944	2.201812
14928	-1425.249	-1589.126	163.8762	5.566746	3.487638	2.357835
14934	-1413.762	-1576.586	162.8233	8.448511	3.482941	2.253913
14940	-1420.164	-1583.856	163.6919	5.910253	3.821074	2.156393
14946	-1427.316	-1590.835	163.5187	6.618882	3.661265	2.164322
14952	-1420.925	-1584.3	163.3753	6.618882	4.202482	1.900371
14958	-1426.501	-1588.965	162.4641	10.19805	3.661619	1.974108
14964	-1420.432	-1582.994	162.5626	8.593808	3.661619	2.272136
14970	-1422.127	-1585.984	163.8564	5.54703	3.661619	2.265672
14976	-1435.827	-1598.856	163.0284	6.55168	3.794683	2.411546
14982	-1428.768	-1592.139	163.3716	5.425647	4.111599	2.326128
14988	-1441.328	-1604.502	163.1738	6.974822	3.813159	2.190437
14994	-1431.922	-1594.825	162.903	6.152573	4.472514	2.172716
15000	-1426.389	-1590.013	163.6237	5.820973	4.197195	1.981129
15006	-1426.476	-1588.903	162.4275	8.315906	4.470219	1.896596
15012	-1453.308	-1614.756	161.4474	11.16385	4.604686	1.817204
15018	-1444.641	-1607.345	162.7042	8.161521	4.367783	1.817204
15024	-1439.073	-1602.198	163.125	6.196653	4.502293	1.993757
15030	-1435.992	-1598.699	162.7071	7.54284	4.502293	1.888328
15036	-1432.587	-1593.93	161.3428	11.32485	4.61907	1.845508
15042	-1445.007	-1607.522	162.5159	8.101199	4.543084	1.841995
15048	-1443.243	-1606.084	162.8407	7.389074	4.12525	2.092333
15054	-1446.295	-1609.08	162.7845	7.389074	4.314484	2.004355
15060	-1430.774	-1593.352	162.5776	8.50471	4.143281	1.968525
15066	-1432.506	-1595.309	162.8025	8.628971	3.872704	1.968525
15072	-1421.723	-1583.823	162.0993	8.052783	5.091886	1.763284
15078	-1424.469	-1586.781	162.3126	7.57815	5.043558	1.777681
15084	-1429.876	-1590.79	160.9138	12.74975	4.635467	1.845168
15090	-1445.365	-1604.461	159.0965	14.23851	6.857204	1.248995
15096	-1435.434	-1595.53	160.0952	10.53452	6.647406	1.461008
15102	-1427.021	-1588.334	161.3132	10.23311	5.20931	1.693329
15108	-1426.341	-1588.295	161.9532	8.895038	4.870789	1.801698
15114	-1438.547	-1600.345	161.7982	8.452956	5.242428	1.763117
15120	-1426.834	-1587.871	161.0366	13.08629	4.686835	1.658356
15126	-1429.528	-1589.784	160.2553	13.08629	5.673239	1.508419
15132	-1420.522	-1581.301	160.7786	12.47012	5.308061	1.518125
15138	-1426.157	-1587.724	161.5669	9.335801	5.168919	1.755065
15144	-1428.656	-1591.041	162.385	8.140474	4.672194	1.832882
15150	-1434.191	-1596.396	162.2051	8.383213	4.746948	1.842311
15156	-1432.249	-1595.183	162.9336	6.006972	4.754107	2.011735
15162	-1435.288	-1597.778	162.4898	7.058736	4.734207	2.011735
15168	-1433.976	-1597.013	163.0368	7.873685	3.958898	1.944508
15174	-1428.451	-1591.451	162.9994	6.655378	4.415163	1.999443
15180	-1425.878	-1588.129	162.2503	8.424312	4.128917	2.212685
15186	-1431.814	-1594.914	163.1003	6.524505	4.011937	2.234959
15192	-1431.143	-1594.684	163.5409	6.185345	4.278192	1.867863
15198	-1423.029	-1586.08	163.0508	7.201861	4.291673	1.892078
15204	-1426.172	-1589.078	162.9058	6.991934	4.332145	2.021107
15210	-1426.627	-1588.546	161.9188	8.548084	4.352424	2.252742
15216	-1433.043	-1595.03	161.987	8.548084	4.731042	1.959697
15222	-1430.935	-1594.473	163.5383	6.130029	4.082313	2.018504
15228	-1441.24	-1603.222	161.9815	9.583693	4.082313	2.149998
15234	-1435.058	-1598.142	163.0838	6.94758	3.76048	2.289736
15240	-1434.046	-1596.51	162.4639	9.25571	3.670067	2.177794
15246	-1436.282	-1599.292	163.0102	7.437982	3.925491	2.099224
15252	-1424.331	-1587.041	162.71	6.88497	4.508188	2.064159
15258	-1424.016	-1586.769	162.7532	7.018936	4.707436	1.863485
15264	-1431.373	-1594.358	162.9854	7.018936	4.65824	1.736789
15270	-1428.021	-1590.998	162.977	7.064235	4.132375	2.086025
15276	-1423.43	-1585.992	162.5622	8.789717	3.842974	2.10875
15282	-1429.665	-1592.167	162.502	8.192365	3.655816	2.409515
15288	-1435.554	-1597.527	161.9731	10.19406	3.526097	2.38192
15294	-1421.255	-1585.103	163.8475	5.201282	3.901654	2.22795
15300	-1436.634	-1598.911	162.2777	8.92527	4.054714	2.124511
15306	-1439.009	-1602.256	163.2477	6.656574	4.054714	2.073424
15312	-1433.621	-1596.319	162.6985	7.446813	4.39506	1.992384
15318	-1421.758	-1584.144	162.3855	8.527428	4.39506	1.92271
15324	-1420.696	-1584.183	163.4869	5.875552	4.39506	1.92271
15330	-1428.266	-1592.107	163.8409	4.791724	4.321648	2.098181
15336	-1430.146	-1592.062	161.9168	9.092696	4.345385	2.131521
15342	-1433.54	-1595.525	161.9856	8.593911	5.128585	1.67456
15348	-1433.012	-1596.343	163.3307	5.657189	4.538824	2.001043
15354	-1436.167	-1598.703	162.5363	7.092133	4.142913	2.356198
15360	-1445.722	-1608.052	162.3296	9.217174	4.256322	1.886868
15366	-1452.643	-1613.924	161.281	11.10127	4.259193	2.171874
15372	-1424.502	-1587.35	162.8489	7.741098	3.298582	2.525238
15378	-1428.707	-1592.113	163.4066	6.098197	3.895301	2.236451
15384	-1424.054	-1587.143	163.0891	8.245801	3.320114	2.236451
15390	-1422.524	-1584.177	161.6529	10.73756	3.818485	2.289019
15396	-1436.393	-1598.388	161.9949	9.764682	3.976482	2.170365
15402	-1433.814	-1595.872	162.0579	8.345471	4.881743	1.860476
15408	-1438.9	-1601.052	162.1524	9.2022	4.702829	1.703779
15414	-1442.813	-1605.213	162.3997	7.760707	4.653506	1.935559
15420	-1431.35	-1594.981	163.631	4.84965	4.653506	1.997055
15426	-1440.429	-1602.966	162.5369	8.303936	4.051189	2.106018
15432	-1432.269	-1595.297	163.0284	6.810209	4.269644	2.032493
15438	-1422.181	-1584.979	162.7978	7.503731	4.326803	1.956223
15444	-1430.606	-1593.662	163.0557	6.424099	4.666257	1.860709
15450	-1434.08	-1596.05	161.9702	8.506494	5.134124	1.704406
15456	-1429.173	-1590.862	161.6893	7.991627	5.527428	1.761888
15462	-1415.924	-1578.214	162.2902	9.326781	4.36547	1.812887
15468	-1423.861	-1586.183	162.3221	8.187525	4.482054	1.992179
15474	-1430.611	-1592.16	161.5496	7.837651	5.886059	1.649227
15480	-1431.601	-1593.447	161.8464	8.909357	4.895813	1.854442
15486	-1422.205	-1584.083	161.8773	9.06703	5.16919	1.600732
15492	-1441.848	-1601.874	160.0255	12.38195	6.070251	1.529935
15498	-1425.695	-1586.451	160.7563	12.04398	5.486489	1.492446
15504	-1428.16	-1589.408	161.2476	8.997519	6.082223	1.406819
15510	-1425.806	-1586.717	160.9109	11.62773	5.266314	1.630532
15516	-1424.059	-1585.224	161.1653	11.19845	5.161261	1.616009
15522	-1427.136	-1588.75	161.614	9.228847	5.434785	1.55747
15528	-1422.942	-1584.611	161.6696	10.00005	5.117273	1.55747
15534	-1429.821	-1591.158	161.3369	10.32459	5.067889	1.755354
15540	-1448.494	-1608.517	160.0231	11.78529	6.459504	1.36607
15546	-1439.188	-1599.031	159.8429	12.39853	6.37284	1.43582
15552	-1429.297	-1590.755	161.4576	9.229264	5.428853	1.674879
15558	-1425.799	-1588.488	162.6881	7.464905	4.483935	1.934813
15564	-1432.162	-1595.381	163.2185	6.615925	4.451201	1.838506
15570	-1440.626	-1601.53	160.9041	10.65519	5.019467	2.011189
15576	-1425.684	-1588.429	162.7447	7.968949	4.345225	1.855511
15582	-1434.162	-1596.292	162.1302	10.31482	4.364237	1.694433
15588	-1432.974	-1592.759	159.7846	12.55078	6.209988	1.56938
15594	-1430.476	-1591.439	160.9628	10.25654	5.663695	1.613285
15600	-1423.105	-1584.567	161.4627	10.25654	5.062514	1.685972
15606	-1423.338	-1584.546	161.2073	10.9885	5.053258	1.709275
15612	-1420.711	-1582.861	162.1498	7.829019	5.204888	1.709275
15618	-1434.059	-1596.385	162.3259	7.535896	5.406026	1.519958
15624	-1431.725	-1594.18	162.455	6.447846	5.196807	1.90129
15630	-1432.897	-1594.777	161.8798	9.635468	4.921679	1.635629
15636	-1436.136	-1598.235	162.0989	8.159743	4.901114	1.867046
15642	-1434.382	-1596.872	162.4903	9.014462	4.239242	1.837461
15648	-1427.166	-1589.242	162.0762	9.014462	4.769605	1.756922
15654	-1430.691	-1594.508	163.8168	5.359034	3.803798	2.259453
15660	-1437.579	-1601.341	163.762	5.039132	3.752293	2.430637
15666	-1445.286	-1608.333	163.0469	7.172784	3.284216	2.553705
15672	-1429.969	-1593.051	163.082	6.754495	4.023914	2.174232
15678	-1438.756	-1601.109	162.3528	9.339916	4.023914	1.998938
15684	-1436.399	-1598.921	162.522	9.058679	3.757642	2.127953
15690	-1432.747	-1594.935	162.188	8.798031	4.634201	1.827033
15696	-1422.424	-1584.742	162.3179	8.76204	4.517298	1.827033
15702	-1426.208	-1587.809	161.6005	9.787225	4.851216	1.845272
15708	-1422.414	-1584.413	161.9987	9.089494	4.851216	1.735476
15714	-1428.48	-1589.87	161.3902	9.959919	5.35298	1.599171
15720	-1429.751	-1591.525	161.7741	8.965627	5.35298	1.568133
15726	-1429.654	-1590.48	160.8264	12.11212	5.35298	1.525183
15732	-1425.616	-1587.858	162.2425	7.3326	5.346849	1.683396
15738	-1431.483	-1592.841	161.3579	9.724676	5.346849	1.683334
15744	-1445.201	-1606.294	161.0933	10.82147	5.346849	1.618001
15750	-1429.532	-1591.264	161.732	8.86065	5.300522	1.66378
15756	-1433.698	-1594.735	161.0367	11.61162	4.891558	1.809474
15762	-1429.261	-1591.728	162.467	7.917049	4.709963	1.809474
15768	-1434.286	-1596.676	162.39	7.917049	4.786977	1.809474
15774	-1419.65	-1581.237	161.5874	10.02388	4.83763	1.809474
15780	-1429.006	-1589.673	160.6667	11.58008	5.793288	1.430983
15786	-1423.087	-1584.725	161.6378	9.115637	5.408062	1.58867
15792	-1426.483	-1587.177	160.6949	11.53832	5.717753	1.476515
15798	-1425.47	-1587.882	162.4124	8.372667	5.11866	1.427131
15804	-1428.729	-1589.541	160.8118	8.761462	6.573227	1.429522
15810	-1432.844	-1593.5	160.6566	11.87876	5.561495	1.546719
15816	-1431.551	-1592.896	161.3457	10.41039	5.373991	1.508175
15822	-1430.35	-1591.386	161.0354	9.03355	6.374402	1.333732
15828	-1431.589	-1592.426	160.8372	9.39554	6.163813	1.550002
15834	-1427.906	-1589.435	161.5289	9.317873	5.528815	1.527885
15840	-1430.899	-1593.041	162.1419	7.96285	5.151243	1.716062
15846	-1433.037	-1595.166	162.1285	8.795318	4.853867	1.716062
15852	-1436.089	-1598.251	162.1616	8.342187	4.245753	2.214277
15858	-1432.059	-1593.027	160.9678	12.34153	4.56831	1.932213
15864	-1441.713	-1603.523	161.8106	10.22477	4.062614	2.135255
15870	-1431.676	-1594.651	162.975	6.908381	4.211217	2.078677
15876	-1429.877	-1592.908	163.0302	6.803793	4.575226	1.826857
15882	-1438.918	-1600.554	161.636	10.31844	4.782524	1.747094
15888	-1427.799	-1589.652	161.8523	8.994035	4.878541	1.841557
15894	-1430.331	-1591.808	161.4775	11.10429	4.557339	1.841557
15900	-1425.97	-1589.407	163.4374	5.680727	3.734789	2.444002
15906	-1433.152	-1595.562	162.4096	7.436796	4.733297	1.962031
15912	-1436.476	-1597.469	160.993	11.9045	4.449206	2.078691
15918	-1442.728	-1604.564	161.8359	9.818744	4.467801	1.938698
15924	-1441.625	-1604.587	162.9619	6.497639	4.314814	2.136005
15930	-1433.685	-1595.665	161.9797	9.204149	4.783488	1.767912
15936	-1431.318	-1594.031	162.7132	7.157623	4.726809	1.837994
15942	-1423.275	-1584.964	161.689	8.36536	5.396346	1.754654
15948	-1430.262	-1591.413	161.1513	10.56305	5.171766	1.759044
15954	-1422.414	-1584.615	162.2011	8.720984	4.035043	2.234666
15960	-1415.974	-1578.614	162.6393	8.201469	3.797552	2.22943
15966	-1424.063	-1587.078	163.0146	7.157586	3.847715	2.221601
15972	-1423.212	-1585.419	162.207	8.423859	4.158574	2.221601
15978	-1435.795	-1598.923	163.1281	5.853987	4.401127	2.163067
15984	-1427.082	-1589.494	162.4126	8.408894	4.30305	1.995745
15990	-1420.252	-1582.528	162.2769	8.299709	4.598454	1.915905
15996	-1422.961	-1584.489	161.5284	11.35236	4.219166	1.984933
16002	-1424.727	-1586.777	162.0501	8.808851	4.646514	1.910104
16008	-1415.462	-1578.058	162.5963	7.60151	4.559935	1.908455
16014	-1410.336	-1572.623	162.2872	8.574098	4.248533	2.074506
16020	-1408.99	-1571.724	162.7345	7.953695	4.162428	1.989981
16026	-1419.239	-1581.06	161.8212	9.539127	4.50049	1.989981
16032	-1413.476	-1576.317	162.841	7.707301	4.161613	1.983649
16038	-1408.844	-1572.171	163.3273	7.707301	3.406498	2.160825
16044	-1424.75	-1587.328	162.5778	7.619715	4.64158	1.860609
16050	-1429.323	-1591.444	162.1215	9.423063	4.368604	1.903404
16056	-1444.324	-1606.626	162.3018	8.761237	4.435083	1.894454
16062	-1431.712	-1593.518	161.8064	8.816735	5.077952	1.779365
16068	-1428.403	-1590.149	161.7453	9.009348	5.412642	1.533901
16074	-1423.078	-1585.159	162.0806	8.148552	5.160746	1.702328
16080	-1413.605	-1575.512	161.9079	7.879111	5.437113	1.702328
16086	-1429.38	-1590.502	161.1217	11.26026	5.004007	1.745555
16092	-1432.764	-1591.923	159.1591	14.25642	6.795527	1.244405
16098	-1434.524	-1594.205	159.6809	12.00228	6.795527	1.3205
16104	-1438.286	-1602.448	164.1628	4.931638	3.523495	2.357412
16110	-1424.53	-1588.025	163.495	6.475402	3.214901	2.503774
16116	-1436.366	-1599.676	163.3097	6.046766	3.297119	2.687785
16122	-1431.975	-1594.983	163.0077	6.869389	3.512453	2.515362
16128	-1423.538	-1587.52	163.9823	5.326894	3.121432	2.595235
16134	-1425.033	-1588.928	163.8951	5.456818	3.143926	2.595235
16140	-1424.667	-1588.224	163.5574	5.948762	3.316265	2.551073
16146	-1422.793	-1585.986	163.1933	7.658648	3.316265	2.317603
16152	-1424.841	-1588.024	163.1826	6.518777	3.911988	2.247904
16158	-1424.812	-1588.696	163.8843	5.210157	3.667147	2.351522
16164	-1428.953	-1592.374	163.4207	5.349255	2.866867	3.083976
16170	-1428.732	-1592.216	163.4841	5.552983	2.833253	3.005867
16176	-1428.117	-1591.756	163.6388	4.95284	2.708558	3.169301
16182	-1424.481	-1587.532	163.0502	6.486874	4.285714	2.100335
16188	-1424.258	-1586.092	161.8342	9.056245	4.876038	1.840536
16194	-1424.851	-1586.519	161.6673	9.792595	5.037657	1.666904
16200	-1431.286	-1593.928	162.6426	6.605274	5.100087	1.791346
16206	-1438.589	-1600.369	161.7797	9.179371	4.958475	1.791346
16212	-1442.072	-1603.46	161.3882	8.929682	5.526436	1.729842
16218	-1437.733	-1598.848	161.1159	10.33198	5.177531	1.830913
16224	-1433.099	-1594.41	161.3107	10.4574	5.177531	1.666199
16230	-1423.325	-1584.474	161.1492	11.26342	5.081187	1.670908
16236	-1426.597	-1588.179	161.582	10.79304	4.921847	1.578139
16242	-1430.888	-1591.408	160.5194	12.17368	5.669253	1.505
16248	-1426.823	-1587.41	160.5869	12.17368	5.654422	1.465288
16254	-1425.732	-1587.171	161.4392	8.708393	5.843493	1.521527
16260	-1427.487	-1587.971	160.4833	12.76465	5.51625	1.521527
16266	-1426.881	-1588.395	161.5137	9.09008	5.551882	1.580854
16272	-1422.495	-1584.642	162.1467	7.319008	5.596696	1.576304
16278	-1418.904	-1580.116	161.2124	9.491175	5.596696	1.665488
16284	-1437.1	-1599.876	162.7764	7.72182	3.790198	2.265132
16290	-1436.323	-1599.264	162.9409	7.78537	4.220949	1.855187
16296	-1442.485	-1605.697	163.2125	6.432519	4.613734	1.786261
16302	-1435.101	-1599.498	164.3966	4.6857	3.86939	2.067744
16308	-1444.18	-1605.941	161.7607	9.737292	4.518717	1.973323
16314	-1435.848	-1597.587	161.7389	9.628693	4.766667	1.844957
16320	-1439.871	-1602.401	162.5295	7.940014	4.190366	2.110557
16326	-1439.214	-1602.399	163.1849	6.545436	4.275377	2.001053
16332	-1423.801	-1586.073	162.2718	7.401819	5.167473	1.76921
16338	-1409.293	-1570.907	161.6143	9.095494	5.165267	1.783098
16344	-1427.494	-1589.554	162.0597	9.030604	4.734936	1.788604
16350	-1441.234	-1603.445	162.2114	8.628974	4.615816	1.865642
16356	-1433.019	-1595.415	162.3965	7.576415	4.832755	1.865642
16362	-1425.447	-1587.576	162.1281	8.298658	4.505673	2.077301
16368	-1433.779	-1596.567	162.7884	8.22253	3.901636	2.059142
16374	-1422.485	-1584.843	162.3581	7.322272	4.520868	2.166949
16380	-1430.876	-1593.37	162.494	7.980494	4.605977	1.84557
16386	-1426.711	-1588.596	161.8841	8.417552	5.109614	1.804833
16392	-1418.772	-1580.748	161.976	6.929009	5.826479	1.650986
16398	-1420.233	-1581.365	161.1314	9.775752	5.782843	1.518454
16404	-1419.062	-1579.654	160.5918	11.64457	5.755166	1.50214
16410	-1433.236	-1594.819	161.5832	8.337093	5.520649	1.749064
16416	-1435.016	-1596.154	161.1371	9.889386	5.704583	1.544152
16422	-1424.586	-1585.91	161.324	10.10706	5.435122	1.551987
16428	-1433.126	-1593.804	160.6776	10.93244	5.890262	1.498539
16434	-1428.704	-1589.4	160.696	11.67546	5.545345	1.573652
16440	-1431.17	-1592.51	161.3404	9.721076	5.171478	1.819138
16446	-1429.433	-1590.849	161.4153	9.721076	5.408164	1.598819
16452	-1430.634	-1593.847	163.2131	5.052282	5.00906	1.967603
16458	-1424.41	-1587.408	162.9979	6.360886	4.952347	1.721905
16464	-1417.769	-1579.004	161.2352	10.32266	5.217895	1.721905
16470	-1442.939	-1604.363	161.4243	10.93504	4.834947	1.721905
16476	-1437.532	-1598.273	160.7409	9.420858	6.642853	1.244561
16482	-1436.553	-1598.295	161.7423	9.440653	5.118729	1.640644
16488	-1425.702	-1587.657	161.9549	8.231091	5.289354	1.678049
16494	-1421.205	-1583.594	162.3895	8.853629	4.306339	1.899707
16500	-1425.153	-1588.123	162.9703	5.975603	4.306339	2.289169
16506	-1423.673	-1585.765	162.0918	7.599995	5.188091	1.824441
16512	-1422.479	-1584.127	161.6475	11.33082	4.343263	1.824441
16518	-1416.931	-1578.909	161.9783	8.635811	5.2163	1.605722
16524	-1425.779	-1586.628	160.8493	10.16797	6.02373	1.451656
16530	-1429.711	-1590.49	160.7788	8.616837	6.646286	1.439163
16536	-1423.611	-1584.606	160.9952	8.678283	6.487149	1.377391
16542	-1422.565	-1584.539	161.9735	8.60459	5.479525	1.421186
16548	-1424.098	-1583.977	159.8791	11.32147	6.693814	1.403726
16554	-1430.665	-1592.488	161.8238	8.076367	5.606877	1.586047
16560	-1420.069	-1581.721	161.6519	8.076367	5.575001	1.731973
16566	-1421.619	-1583.3	161.6805	9.126652	5.068366	1.796821
16572	-1436.747	-1599.412	162.6642	9.205665	3.819451	1.958685
16578	-1441.301	-1602.721	161.4202	9.700061	4.987375	1.89536
16584	-1439.978	-1602.342	162.3641	8.394639	4.682693	1.773897
16590	-1425.746	-1588.689	162.9423	6.886601	4.161909	2.138526
16596	-1436.059	-1598.349	162.2899	7.205196	5.104954	1.855453
16602	-1433.241	-1595.937	162.6957	8.145655	4.326669	1.855453
16608	-1438.251	-1599.993	161.7427	10.42424	4.334233	1.957815
16614	-1435.533	-1599.103	163.5704	6.468016	3.379728	2.35456
16620	-1442.162	-1604.728	162.5661	7.812397	4.136605	2.154201
16626	-1430.667	-1593.347	162.6806	7.812397	3.840952	2.271179
16632	-1421.346	-1584.589	163.2431	6.618735	3.771363	2.271179
16638	-1423.473	-1585.19	161.7175	10.13548	4.713803	1.779711
16644	-1430.433	-1592.533	162.1	9.434616	4.536977	1.8001
16650	-1421.323	-1584.441	163.1174	6.718868	4.20643	2.041416
16656	-1423.295	-1587.125	163.8296	6.019754	3.801606	2.045238
16662	-1434.988	-1597.314	162.3253	7.932724	4.110822	2.295895
16668	-1440.836	-1603.262	162.426	8.173495	3.99907	2.243823
16674	-1423.956	-1587.424	163.4679	6.631206	4.159697	1.862831
16680	-1430.057	-1592.335	162.2777	8.561722	4.295801	2.052619
16686	-1428.133	-1590.235	162.1017	8.561722	4.481386	2.046247
16692	-1433.074	-1596.561	163.4864	5.7397	4.181464	2.108091
16698	-1418.064	-1581.364	163.2998	6.886262	3.851115	2.108091
16704	-1432.017	-1594.208	162.1913	8.589129	3.921879	2.34414
16710	-1430.186	-1592.293	162.1073	7.452813	5.313927	1.767389
16716	-1429.09	-1591.693	162.6039	7.452813	4.834195	1.755622
16722	-1433.158	-1594.616	161.4583	9.423577	5.684876	1.435838
16728	-1431.836	-1592.461	160.6253	10.66685	6.272646	1.306477
16734	-1446.694	-1607.284	160.5899	11.92085	5.381305	1.715912
16740	-1435.286	-1596.174	160.8883	10.65443	5.87004	1.419793
16746	-1436.082	-1598.02	161.9388	7.392429	5.87004	1.505683
16752	-1436.174	-1596.574	160.3993	8.783524	7.169388	1.277483
16758	-1441.355	-1600.275	158.9195	12.8734	7.370191	1.271744
16764	-1439.895	-1599.76	159.8642	12.8734	6.474561	1.230889
16770	-1434.929	-1594.731	159.8017	12.28174	6.656962	1.269416
16776	-1428.931	-1589.645	160.7138	8.582554	7.00461	1.213553
16782	-1432.052	-1592.469	160.4171	11.81992	5.968283	1.433765
16788	-1432.774	-1593.572	160.7978	9.929254	6.190909	1.423195
16794	-1429.016	-1588.906	159.8902	11.23318	6.743378	1.377278
16800	-1420.525	-1580.284	159.7591	12.0841	6.743378	1.280086
16806	-1411.233	-1571.71	160.478	10.95901	6.335333	1.301013
16812	-1434.356	-1595.484	161.1281	10.52648	5.492981	1.553848
16818	-1436.622	-1595.874	159.2518	15.4437	6.0102	1.553848
16824	-1456.004	-1614.73	158.7267	18.02756	6.0102	1.505573
16830	-1431.849	-1592.835	160.9857	10.27975	5.945707	1.378403
16836	-1419.657	-1579.624	159.9673	11.54703	6.571211	1.377656
16842	-1430.153	-1589.903	159.75	12.791	6.521768	1.304963
16848	-1420.494	-1581.924	161.4305	9.52594	5.708662	1.411902
16854	-1425.654	-1586.543	160.8887	10.63348	5.708662	1.546307
16860	-1433.991	-1596.874	162.8828	6.534973	5.059357	1.672824
16866	-1432.376	-1594.174	161.7974	8.299767	5.428331	1.672824
16872	-1431.288	-1591.052	159.7644	12.6525	6.27898	1.512159
16878	-1431.023	-1591.738	160.7147	9.956149	6.27898	1.412521
16884	-1424.924	-1586.244	161.3206	10.20717	5.165878	1.724724
16890	-1424.242	-1584.399	160.1572	10.38604	6.640849	1.454986
16896	-1423.094	-1583.232	160.1384	12.98233	5.903021	1.444578
16902	-1420.377	-1580.85	160.4727	12.52286	5.647359	1.48189
16908	-1426.823	-1588.386	161.5629	8.813122	5.734727	1.48189
16914	-1418.58	-1580.408	161.8274	8.386237	5.632585	1.477463
16920	-1427.76	-1588.589	160.8285	11.90417	5.154205	1.711231
16926	-1436.16	-1598.47	162.3102	8.45767	4.852925	1.675497
16932	-1414.245	-1576.467	162.2221	7.99258	4.959889	1.785798
16938	-1436.81	-1599.967	163.1577	7.552009	3.887243	1.996609
16944	-1442.957	-1605.136	162.1793	9.308641	4.22217	1.98968
16950	-1442.211	-1605.002	162.7909	7.250422	3.910505	2.300284
16956	-1445.967	-1608.967	163.0001	7.289908	3.687532	2.298785
16962	-1441.783	-1603.315	161.5326	8.547255	5.465638	1.768386
16968	-1445.255	-1606.258	161.0023	11.09824	5.35323	1.61724
16974	-1445.691	-1607.796	162.105	9.47766	4.624037	1.725549
16980	-1441.81	-1601.805	159.9956	11.36121	6.490887	1.460871
16986	-1433.354	-1594.384	161.0295	8.469488	6.285983	1.562068
16992	-1431.156	-1591.862	160.7059	11.57187	5.657382	1.506104
16998	-1435.809	-1597.204	161.395	9.435071	5.644834	1.511048
17004	-1443.916	-1606.813	162.8972	7.180968	4.38864	1.936277
17010	-1431.409	-1594.235	162.8261	7.255362	4.429022	1.936277
17016	-1428.492	-1590.639	162.1472	7.985788	5.056009	1.772892
17022	-1422.274	-1585.701	163.4274	6.611197	4.458627	1.688952
17028	-1429.264	-1590.418	161.1537	10.33876	5.198784	1.788598
17034	-1424.628	-1585.569	160.9417	11.37343	5.393056	1.571345
17040	-1435.22	-1597.154	161.9332	8.811015	5.10772	1.670551
17046	-1427.27	-1588.546	161.2757	10.50649	5.10772	1.729352
17052	-1436.669	-1598.265	161.5963	10.50649	4.893173	1.654079
17058	-1429.139	-1590.316	161.1765	10.75053	5.235793	1.654079
17064	-1431.061	-1592.375	161.3135	9.394296	5.631371	1.59149
17070	-1432.673	-1594.004	161.3308	9.858131	5.444341	1.600517
17076	-1433.194	-1593.998	160.8037	10.96679	5.935712	1.358287
17082	-1423.079	-1583.677	160.5977	11.03041	5.935712	1.501658
17088	-1420.243	-1581.621	161.3773	10.51815	5.118818	1.646673
17094	-1417.837	-1579.646	161.8093	10.08247	4.544585	1.845156
17100	-1426.745	-1589.311	162.5658	7.255785	4.761757	1.887168
17106	-1430.594	-1593.687	163.093	7.274873	3.689941	2.241608
17112	-1430.678	-1594.922	164.244	4.656299	3.643983	2.322961
17118	-1423.055	-1586.756	163.7009	6.132943	3.450006	2.322961
17124	-1436.431	-1598.956	162.5256	9.165514	3.817517	2.061593
17130	-1428.283	-1591.73	163.4469	5.978507	4.074484	2.130109
17136	-1419.578	-1582.86	163.282	6.727508	3.630083	2.306456
17142	-1415.911	-1579.141	163.2294	6.727508	3.682724	2.306456
17148	-1427.59	-1590.393	162.8024	7.508936	4.097398	2.104002
17154	-1437.814	-1600.866	163.0519	6.499553	4.19106	2.157457
17160	-1434.599	-1597.546	162.9471	7.453671	3.938439	2.127859
17166	-1434.912	-1597.872	162.9596	7.453671	3.76746	2.230708
17172	-1431.648	-1593.903	162.2554	8.117083	4.801554	1.839179
17178	-1428.149	-1590.724	162.5747	8.117083	4.548232	1.793675
17184	-1428.622	-1592.087	163.4645	5.591745	4.730754	1.801499
17190	-1435.245	-1597.606	162.361	9.326562	4.242154	1.849065
17196	-1427.332	-1589.78	162.4481	8.299216	4.304008	1.998756
17202	-1425.248	-1588.009	162.7611	6.893725	4.120869	2.280225
17208	-1420.113	-1583.534	163.4209	6.569646	4.000955	2.019538
17214	-1428.881	-1589.913	161.0326	11.32738	4.964583	1.820734
17220	-1427.548	-1590.911	163.3639	6.600779	4.077644	1.997326
17226	-1431.309	-1594.058	162.749	6.883206	4.598119	1.979006
17232	-1419.302	-1582.047	162.7452	7.320906	4.419477	1.979006
17238	-1422.251	-1585.152	162.9009	7.472035	4.415539	1.834579
17244	-1430.649	-1593.302	162.6534	7.307008	4.722215	1.83998
17250	-1429.693	-1591.289	161.5955	9.806871	5.001927	1.739608
17256	-1424.089	-1586.763	162.6736	7.110071	5.120251	1.602374
17262	-1426.384	-1588.073	161.6894	9.042008	5.139475	1.761931
17268	-1423.456	-1585.679	162.2231	9.247834	4.594666	1.719007
17274	-1416.639	-1579.425	162.7856	6.952721	4.594666	1.936989
17280	-1415.923	-1577.743	161.8198	9.319111	4.614743	1.965088
17286	-1426.5	-1589.229	162.7284	6.364578	5.2101	1.728989
17292	-1418.956	-1580.351	161.3953	9.337532	5.465322	1.666427
17298	-1411.668	-1574.005	162.3374	8.756106	4.473077	1.845502
17304	-1418.669	-1580.597	161.9276	8.756106	4.88286	1.845502
17310	-1410.907	-1573.127	162.2193	8.756106	4.604224	1.836491
17316	-1423.643	-1585.649	162.0053	8.549397	4.777653	1.915593
17322	-1430.12	-1591.828	161.7074	10.25887	4.654197	1.800188
17328	-1424.214	-1585.34	161.1257	10.06947	5.366857	1.75206
17334	-1420.656	-1581.897	161.2412	10.17027	5.4366	1.596459
17340	-1424.002	-1584.798	160.7967	12.20548	5.450438	1.453956
17346	-1418.954	-1581.68	162.7267	7.065154	5.065376	1.617238
17352	-1432.918	-1594.563	161.6458	9.914162	5.109895	1.601094
17358	-1431.407	-1593.005	161.5985	9.914162	5.020079	1.699468
17364	-1431.57	-1593.438	161.8679	7.947162	5.75633	1.479274
17370	-1423.634	-1585.168	161.5339	10.81038	4.866419	1.649213
17376	-1425.69	-1588.518	162.828	6.870186	4.895669	1.724777
17382	-1421.972	-1583.544	161.5721	11.23735	4.590212	1.724777
17388	-1423.474	-1584.939	161.4657	10.57131	4.590212	1.940382
17394	-1438.831	-1601.8	162.9685	6.702051	4.080927	2.22544
17400	-1438.448	-1601.557	163.1083	7.59665	3.704367	2.138005
17406	-1435.178	-1598.047	162.8692	7.59665	3.704367	2.292453
17412	-1432.902	-1595.947	163.0454	6.440512	4.145845	2.207981
17418	-1422.228	-1585.4	163.1723	6.866641	3.806658	2.225272
17424	-1428.583	-1590.573	161.9898	9.535693	3.686546	2.40871
17430	-1421.168	-1583.993	162.8256	8.532633	3.795681	2.028065
17436	-1419.367	-1581.888	162.5215	7.760321	3.594234	2.540302
17442	-1417.51	-1580.902	163.3928	6.203573	3.168907	2.671248
17448	-1427.229	-1589.745	162.516	8.118625	3.500321	2.515852
17454	-1419.922	-1582.806	162.8837	6.680912	4.287342	2.152555
17460	-1426.811	-1589.988	163.1775	7.067967	3.384029	2.4369
17466	-1430.751	-1593.932	163.1813	7.031565	4.005389	2.044054
17472	-1426.761	-1589.93	163.1698	7.293798	4.005389	1.979396
17478	-1427.128	-1590.103	162.9742	7.039231	3.646537	2.407214
17484	-1424.079	-1586.991	162.9119	8.732329	3.406912	2.178598
17490	-1420.958	-1584.144	163.186	7.576738	3.765112	2.05233
17496	-1434.29	-1597.03	162.7402	7.428135	3.79707	2.35865
17502	-1426.943	-1589.222	162.2791	9.340515	3.777384	2.20889
17508	-1438.898	-1601.697	162.7996	6.874858	3.82055	2.451291
17514	-1434.42	-1595.295	160.875	11.81916	5.520963	1.425797
17520	-1429.351	-1591.438	162.0869	6.926303	5.958626	1.473039
17526	-1420.365	-1583.245	162.88	7.66649	4.58739	1.674629
17532	-1434.485	-1596.913	162.4281	7.580166	4.884224	1.807521
17538	-1428.122	-1590.016	161.8935	9.31098	4.903699	1.717964
17544	-1437.689	-1599.463	161.7736	9.012831	5.643132	1.334056
17550	-1434.816	-1595.333	160.5166	11.752	5.759008	1.531653
17556	-1421.189	-1582.9	161.7109	8.986745	5.458049	1.531653
17562	-1422.619	-1584.084	161.4647	9.638308	5.478171	1.531653
17568	-1431.119	-1592.95	161.8302	9.301669	5.228082	1.531653
17574	-1422.566	-1583.573	161.0066	9.00123	6.123335	1.556677
17580	-1417.576	-1579.312	161.7354	7.526798	6.123335	1.426724
17586	-1424.589	-1586.33	161.741	7.337922	6.269513	1.36796
17592	-1441.824	-1602.721	160.8972	9.949323	6.029283	1.465685
17598	-1450.83	-1612.659	161.8285	7.364452	6.029283	1.477397
17604	-1448.467	-1611.751	163.2846	5.552594	4.211015	2.278248
17610	-1435.225	-1597.941	162.7155	7.127103	4.381665	2.07683
17616	-1430.518	-1593.348	162.8297	7.534366	4.101233	2.07683
17622	-1429.704	-1592.222	162.5186	8.074968	4.872223	1.615448
17628	-1426.56	-1588.12	161.56	10.94905	4.872223	1.59496
17634	-1425.764	-1587.16	161.3964	9.884306	5.377667	1.59496
17640	-1439.531	-1599.744	160.2126	12.31902	6.082698	1.391811
17646	-1430.695	-1591.17	160.4758	11.29015	6.082698	1.422181
17652	-1437.588	-1597.418	159.83	13.55364	6.067801	1.436327
17658	-1429.119	-1590.297	161.1775	10.66436	5.411525	1.545217
17664	-1427.377	-1588.746	161.3694	10.66436	5.2384	1.531295
17670	-1432.582	-1594.272	161.6895	8.493683	5.310511	1.780888
17676	-1431.558	-1593.878	162.3197	8.165438	4.848153	1.74956
17682	-1430.199	-1592.25	162.0512	8.128067	5.130831	1.74956
17688	-1431.6	-1594.082	162.4821	7.788671	4.24793	2.142397
17694	-1431.849	-1595.339	163.4895	6.496497	3.283483	2.458375
17700	-1441.173	-1604.993	163.8203	5.035681	3.790433	2.370846
17706	-1432.406	-1595.416	163.01	6.943069	3.769137	2.332463
17712	-1441.245	-1603.4	162.1555	8.56991	5.010158	1.644071
17718	-1435.299	-1597.746	162.4471	7.567039	5.102555	1.644071
17724	-1423.87	-1585.926	162.0558	8.393181	4.969562	1.789196
17730	-1426.809	-1587.977	161.1681	10.8951	5.152476	1.687303
17736	-1431.175	-1592.569	161.3939	11.0737	4.828824	1.717457
17742	-1421.924	-1582.626	160.7022	11.30991	5.702589	1.533811
17748	-1438.834	-1600.116	161.2819	9.830036	5.702589	1.451787
17754	-1434.19	-1596.516	162.3264	8.840168	4.380935	1.895175
17760	-1439.792	-1602.691	162.8986	6.831935	4.002475	2.284833
17766	-1420.359	-1582.845	162.4864	7.620374	3.954345	2.370957
17772	-1429.554	-1592.417	162.8626	7.547486	3.954345	2.148067
17778	-1418.744	-1581.632	162.8873	6.771795	4.797511	1.781408
17784	-1435.839	-1598.889	163.0504	6.52075	4.664658	1.836033
17790	-1426.401	-1589.493	163.0921	7.209294	4.161723	1.949936
17796	-1430.005	-1592.995	162.9896	7.401602	4.203263	1.938033
17802	-1421.252	-1584.134	162.8821	6.401935	4.625629	2.011745
17808	-1426.124	-1589.039	162.9155	6.401935	4.448156	2.106914
17814	-1436.577	-1598.683	162.1057	8.529379	4.922433	1.752054
17820	-1431.572	-1593.368	161.796	10.21811	4.676915	1.731774
17826	-1424.405	-1586.464	162.0586	8.555269	4.676915	1.946138
17832	-1421.943	-1584.224	162.2807	8.462446	4.59527	1.874235
17838	-1431.665	-1593.669	162.0045	9.698383	4.457269	1.858812
17844	-1431.988	-1594.319	162.3311	8.025523	4.291247	2.152732
17850	-1418.272	-1581.515	163.2428	7.396942	3.792396	2.044597
17856	-1429.421	-1592.269	162.848	8.017798	4.015989	1.995445
17862	-1432.854	-1594.961	162.1073	9.129022	5.019212	1.525826
17868	-1429.351	-1591.55	162.1993	8.990899	4.032528	2.174774
17874	-1420.254	-1582.959	162.7049	8.387576	4.103634	1.938823
17880	-1420.415	-1581.892	161.4766	9.192111	5.460417	1.648036
17886	-1420.487	-1581.393	160.9062	11.7381	5.435032	1.485671
17892	-1433.727	-1595.282	161.5556	8.954169	5.435032	1.669796
17898	-1439.033	-1599.896	160.8627	10.67873	5.724601	1.543139
17904	-1428.705	-1588.146	159.4419	14.41497	6.361346	1.334986
17910	-1422.16	-1582.36	160.2008	10.01263	6.981099	1.246569
17916	-1431.996	-1591.339	159.3434	12.47878	6.981099	1.3329
17922	-1445.368	-1605.03	159.6611	15.05792	5.755834	1.508807
17928	-1441.435	-1602.703	161.268	9.108459	6.11225	1.336233
17934	-1431.84	-1593.079	161.2389	11.27269	4.859548	1.761983
17940	-1441.895	-1603.182	161.2874	8.920495	5.959156	1.491351
17946	-1428.112	-1589.016	160.9041	9.362475	5.909707	1.693601
17952	-1428.615	-1588.903	160.2878	10.2019	6.432438	1.557801
17958	-1431.655	-1591.11	159.4551	12.0462	6.99286	1.3331
17964	-1428.893	-1588.039	159.1461	13.81059	7.050213	1.135671
17970	-1427.505	-1588.333	160.8282	8.944605	6.652123	1.302392
17976	-1426.985	-1586.378	159.3934	14.64202	6.392852	1.302392
17982	-1412.91	-1572.725	159.8153	13.32462	6.392852	1.237162
17988	-1413.155	-1574.094	160.9396	10.60061	5.997641	1.29153
17994	-1421.749	-1582.382	160.6326	11.00244	6.051484	1.393061
18000	-1415.205	-1576.249	161.0442	10.09507	5.85138	1.452642
18006	-1421.712	-1582.654	160.9427	12.51547	5.218042	1.452642
18012	-1420.844	-1581.432	160.588	10.63481	5.968929	1.57569
18018	-1427.189	-1587.425	160.2358	11.00539	6.234302	1.554446
18024	-1423.782	-1584.222	160.4401	9.416691	6.701624	1.438779
18030	-1420.923	-1581.286	160.3626	9.416691	7.044833	1.225806
18036	-1420.46	-1582.14	161.6805	7.77013	5.99077	1.495787
18042	-1443.061	-1603.701	160.6402	9.88143	6.57331	1.256423
18048	-1435.657	-1596.693	161.0356	9.836642	5.86574	1.512857
18054	-1436.941	-1598.916	161.9747	9.469421	4.589726	1.841878
18060	-1429.952	-1591.377	161.4248	10.91016	4.669603	1.841878
18066	-1429.597	-1590.765	161.1684	10.91016	4.558252	2.088595
18072	-1432.497	-1594.718	162.2215	9.789686	3.866575	2.088595
18078	-1436.82	-1599.988	163.1684	6.368252	3.216285	2.734221
18084	-1434.061	-1597.052	162.9914	7.801472	3.217923	2.471769
18090	-1441.292	-1603.112	161.8203	9.116142	4.658597	1.98288
18096	-1433.43	-1596.249	162.8181	7.530883	4.220986	2.006148
18102	-1434.676	-1597.737	163.061	6.063132	4.18734	2.281234
18108	-1423.465	-1585.957	162.4914	8.523858	4.027332	2.09787
18114	-1430.977	-1592.94	161.9636	10.05747	4.027332	2.094011
18120	-1433.15	-1594.745	161.5945	11.20437	4.235396	1.959856
18126	-1429.243	-1591.902	162.6588	8.323072	3.730539	2.230505
18132	-1424.883	-1587.635	162.7512	8.323072	3.63818	2.230505
18138	-1419.215	-1583.003	163.788	5.276283	3.83562	2.284165
18144	-1443.431	-1606.766	163.3349	4.824473	4.167519	2.508916
18150	-1438.182	-1600.173	161.9903	7.609332	4.885841	2.09315
18156	-1412.16	-1574.208	162.0477	9.32683	4.657272	1.778727
18162	-1426.257	-1588.462	162.2059	8.807287	4.407094	1.966788
18168	-1422.856	-1585.565	162.7085	7.814572	4.319519	1.938285
18174	-1420.727	-1583.15	162.4229	7.672139	4.651546	1.944804
18180	-1423.283	-1586.411	163.1277	8.340194	3.754531	1.90092
18186	-1422.349	-1584.265	161.9166	8.039359	5.259367	1.777499
18192	-1424.324	-1584.973	160.6495	12.44253	5.517629	1.463443
18198	-1430.372	-1591.913	161.5416	9.236835	5.451842	1.595939
18204	-1423.162	-1584.387	161.2258	9.663906	5.103902	1.956225
18210	-1413.41	-1575.573	162.1633	8.046236	4.878118	1.868407
18216	-1430.563	-1592.955	162.3923	8.046236	4.649114	1.868407
18222	-1421.759	-1583.847	162.0883	8.183123	4.706089	1.999761
18228	-1425.06	-1587.499	162.4392	7.735568	4.706089	1.879885
18234	-1435.983	-1599.021	163.0388	6.559454	3.889311	2.342937
18240	-1431.34	-1593.67	162.33	8.631861	3.860921	2.28457
18246	-1430.027	-1592.906	162.8794	6.945622	4.183971	2.14881
18252	-1425.856	-1589.157	163.301	5.877974	4.374502	2.059846
18258	-1426.622	-1589.338	162.7156	7.598335	4.374502	1.953976
18264	-1422.655	-1585.634	162.979	8.222743	3.636736	2.107957
18270	-1427.087	-1589.957	162.8693	7.729416	3.871957	2.150257
18276	-1423.921	-1586.468	162.5471	9.339231	3.848186	1.986732
18282	-1424.237	-1587.139	162.9025	6.893698	4.84607	1.700094
18288	-1436.074	-1598.886	162.8118	7.340961	4.52854	1.854619
18294	-1417.104	-1579.681	162.5777	7.414189	4.745543	1.845947
18300	-1417.312	-1578.6	161.2887	10.70942	5.120839	1.665253
18306	-1431.583	-1594.221	162.6389	6.48039	5.38064	1.634618
18312	-1427.797	-1588.811	161.0144	11.64293	5.38064	1.466277
18318	-1420.185	-1581.262	161.077	9.000523	6.226319	1.426416
18324	-1427.678	-1588.147	160.4692	12.03028	5.75566	1.508923
18330	-1429.531	-1589.947	160.4165	12.65521	5.666501	1.481814
18336	-1432.751	-1593.902	161.1513	10.29821	5.505333	1.58156
18342	-1422.804	-1585.247	162.443	8.448582	4.357035	1.929227
18348	-1427.932	-1590.077	162.1446	9.936074	4.133989	1.929227
18354	-1417.349	-1579.845	162.4961	9.205862	4.266325	1.768083
18360	-1425.358	-1586.583	161.2249	10.03451	5.220736	1.792771
18366	-1428.931	-1591.832	162.9012	7.608496	4.300179	1.875915
18372	-1431.516	-1591.688	160.1714	12.03525	5.97618	1.56511
18378	-1428.017	-1588.138	160.1207	12.03525	6.272911	1.378665
18384	-1434.521	-1595.452	160.9314	9.989961	6.080198	1.389899
18390	-1436.934	-1598.816	161.8815	7.748405	5.594726	1.645199
18396	-1441.807	-1603.737	161.9301	9.017412	5.225113	1.533769
18402	-1436.925	-1599.086	162.1605	9.299117	4.58426	1.757719
18408	-1425.983	-1587.458	161.4757	9.515816	5.238529	1.726754
18414	-1431.023	-1593.095	162.0719	9.370166	3.846215	2.291255
18420	-1421.675	-1584.333	162.6581	7.466776	4.275057	2.093198
18426	-1422.68	-1585.102	162.4222	8.011249	4.212592	2.148204
18432	-1428.057	-1591.01	162.9528	7.051902	3.9491	2.224497
18438	-1430.331	-1592.135	161.8038	9.42455	4.426161	2.07684
18444	-1425.198	-1586.965	161.7675	10.04325	4.770511	1.726218
18450	-1425.819	-1587.683	161.8638	8.108178	5.526315	1.606762
18456	-1420.455	-1581.099	160.6443	11.05902	5.725763	1.615441
18462	-1421.447	-1581.885	160.438	11.75928	5.928168	1.462078
18468	-1427.246	-1587.583	160.3374	11.88441	6.0375	1.427356
18474	-1426.955	-1587.816	160.8609	12.87458	5.239181	1.422286
18480	-1426.323	-1587.637	161.3134	10.07052	5.411958	1.585622
18486	-1421.987	-1581.333	159.3462	14.4064	6.519411	1.286271
18492	-1422.796	-1582.745	159.9493	11.72659	6.490187	1.413229
18498	-1430.578	-1590.15	159.5718	13.14982	6.490187	1.393332
18504	-1438.669	-1598.007	159.3381	16.38834	5.791795	1.485674
18510	-1423.621	-1585.539	161.9175	10.41549	4.549879	1.690594
18516	-1442.967	-1604.333	161.3658	9.192792	5.754153	1.514062
18522	-1453.765	-1611.845	158.0794	14.77839	7.707698	1.273746
18528	-1434.732	-1594.285	159.5531	12.88025	6.779901	1.234083
18534	-1433.168	-1592.721	159.5537	15.20012	6.068115	1.323316
18540	-1432.389	-1593.289	160.9007	10.14846	6.068115	1.382558
18546	-1442.317	-1603.511	161.1938	10.62109	5.169794	1.717689
18552	-1428.449	-1588.913	160.4636	11.36157	5.762421	1.652775
18558	-1433.043	-1595.43	162.3871	7.338368	5.4803	1.478209
18564	-1440.888	-1602.377	161.4892	9.592295	5.100447	1.795538
18570	-1424.841	-1586.767	161.9262	8.751012	4.950905	1.800827
18576	-1430.869	-1591.876	161.0072	10.6697	5.310626	1.73911
18582	-1432.761	-1594.923	162.1627	7.284205	5.367572	1.73911
18588	-1424.368	-1586.299	161.9309	10.68303	4.357035	1.757039
18594	-1421.627	-1583.609	161.9828	9.336182	4.750093	1.757039
18600	-1433.233	-1594.953	161.7199	10.11674	4.750093	1.757039
18606	-1430.7	-1591.628	160.9285	11.45945	5.299477	1.630189
18612	-1440.999	-1603.154	162.1554	8.450652	5.093091	1.616017
18618	-1426.894	-1588.798	161.9033	8.450652	5.30062	1.648175
18624	-1435.377	-1596.552	161.1753	9.15233	5.952201	1.518948
18630	-1431.139	-1592.537	161.3977	9.753193	5.600899	1.460682
18636	-1431.432	-1593.135	161.7027	9.753193	4.935633	1.723572
18642	-1424.415	-1584.986	160.5716	11.30141	5.572974	1.723572
18648	-1423.224	-1584.469	161.2447	9.592695	5.572974	1.634463
18654	-1424.104	-1584.531	160.4276	10.93211	6.284408	1.3883
18660	-1423.768	-1583.679	159.9115	12.8873	6.284408	1.344539
18666	-1416.909	-1577.144	160.2352	10.31048	6.558698	1.476575
18672	-1422.822	-1583.113	160.2914	11.70955	6.158806	1.408851
18678	-1429.843	-1589.452	159.6082	12.91539	6.690488	1.254717
18684	-1424.878	-1586.111	161.233	10.23974	5.479441	1.554489
18690	-1419.627	-1581.286	161.6589	9.455102	5.496324	1.418247
18696	-1416.82	-1579.176	162.3553	7.919708	5.146674	1.578012
18702	-1419.724	-1581.879	162.155	8.526789	5.094512	1.594881
18708	-1422.438	-1584.477	162.0392	8.526789	4.968685	1.766907
18714	-1431.322	-1593.094	161.772	9.440517	4.993942	1.708508
18720	-1422.327	-1583.478	161.1509	11.38039	4.991076	1.708508
18726	-1418.426	-1579.961	161.5354	10.11305	4.744384	1.88889
18732	-1423.771	-1585.307	161.5358	10.14797	4.92199	1.758373
18738	-1427.871	-1589.853	161.9817	10.14797	4.680041	1.613412
18744	-1425.852	-1587.204	161.3522	10.14797	5.309488	1.613412
18750	-1440.073	-1601.947	161.874	10.14797	4.611755	1.738836
18756	-1432.332	-1594.447	162.1142	8.604671	4.722735	1.865085
18762	-1418.751	-1581.606	162.855	6.549961	4.94757	1.766598
18768	-1424.539	-1587.121	162.5819	7.34028	4.886199	1.766598
18774	-1428.273	-1591.31	163.0375	7.188814	3.929545	2.145309
18780	-1430.361	-1593.336	162.9748	6.898387	3.996433	2.221519
18786	-1426.192	-1589.039	162.8475	7.993196	3.880715	2.091597
18792	-1416.985	-1579.541	162.5555	7.993196	4.079768	2.15243
18798	-1426.702	-1589.718	163.0158	7.102263	4.062891	2.095765
18804	-1418.765	-1582.076	163.3114	6.570554	3.877935	2.172004
18810	-1431.691	-1594.103	162.4121	7.644295	5.095219	1.652384
18816	-1422.475	-1584.192	161.7166	8.865748	5.381224	1.615504
18822	-1420.68	-1582.886	162.206	7.83154	4.963417	1.8376
18828	-1433.509	-1594.76	161.2509	10.20746	5.34875	1.644206
18834	-1431.005	-1593.47	162.4643	8.157933	4.487761	1.900157
18840	-1426.89	-1589.511	162.6203	7.935497	4.341841	1.950967
18846	-1442.007	-1603.659	161.6526	11.21145	4.344776	1.844821
18852	-1438.042	-1600.931	162.8888	7.092679	4.455269	1.921725
18858	-1423.373	-1586.115	162.7417	7.539011	4.64577	1.766768
18864	-1433.823	-1595.457	161.6343	10.14532	4.812402	1.766768
18870	-1433.141	-1594.678	161.5375	10.23677	4.995018	1.685345
18876	-1438.926	-1601.038	162.1125	7.940347	5.241004	1.679432
18882	-1429.966	-1591.248	161.2819	9.284594	5.729685	1.570496
18888	-1413.924	-1575.369	161.4446	9.284594	5.567008	1.570496
18894	-1425.108	-1587.738	162.6301	7.396464	5.089663	1.570496
18900	-1416.981	-1579.415	162.4346	7.925316	4.828625	1.74726
18906	-1421.06	-1583.044	161.9846	9.966463	4.568182	1.73367
18912	-1428.874	-1591.482	162.6077	6.915539	5.037355	1.766381
18918	-1440.954	-1603.818	162.8637	6.738001	4.762985	1.831672
18924	-1428.692	-1591.991	163.2996	7.069979	4.053882	1.921785
18930	-1438.159	-1601.774	163.6151	5.526255	4.116128	2.134235
18936	-1421.821	-1584.845	163.0235	6.071746	4.448233	2.134235
18942	-1434.62	-1597.174	162.5537	8.199981	3.921007	2.205335
18948	-1423.588	-1587.135	163.5461	6.037514	3.799309	2.22649
18954	-1441.598	-1604.717	163.119	6.991977	3.831566	2.209325
18960	-1431.948	-1594.545	162.5969	8.059353	4.242178	2.001425
18966	-1428.414	-1591.379	162.9656	7.542303	4.242178	1.889555
18972	-1420.662	-1583.986	163.3242	5.918663	4.735979	1.786821
18978	-1422.48	-1586.147	163.6671	6.337324	3.765857	2.080412
18984	-1420.172	-1583.798	163.6268	6.679257	3.33393	2.288721
18990	-1423.64	-1587.497	163.8577	4.933343	3.566367	2.521827
18996	-1437.178	-1600.838	163.66	6.323686	3.6956	2.135131
19002	-1433.339	-1597.477	164.1381	4.793143	3.710642	2.300823
19008	-1439.86	-1602.922	163.0628	6.910855	3.687592	2.359446
19014	-1447.56	-1609.652	162.0925	9.460166	3.687592	2.359446
19020	-1441.055	-1601.962	160.9067	11.57474	4.890783	1.906482
19026	-1423.796	-1585.177	161.3809	10.977	4.859254	1.726195
19032	-1431.264	-1593.929	162.6649	7.36513	4.859254	1.720147
19038	-1436.61	-1598.618	162.0076	8.728908	5.05727	1.674641
19044	-1434.507	-1595.311	160.8045	11.90113	5.123011	1.750699
19050	-1434.457	-1597.718	163.2617	7.24089	4.070237	1.888307
19056	-1432.076	-1593.878	161.8018	9.643328	4.646387	1.880791
19062	-1434.129	-1596.262	162.1324	7.879254	5.234062	1.687082
19068	-1433.999	-1596.119	162.1198	7.587979	5.57641	1.530977
19074	-1419.085	-1580.592	161.5071	8.247301	6.024494	1.46267
19080	-1423.68	-1585.721	162.0401	9.574315	4.483645	1.845197
19086	-1426.056	-1588.192	162.1356	9.426647	4.236558	1.981996
19092	-1424.61	-1586.593	161.9837	8.418687	5.094178	1.745925
19098	-1428.053	-1589.927	161.8742	10.32887	4.542611	1.745925
19104	-1429.326	-1592.422	163.0959	6.572375	4.617982	1.821264
19110	-1432.991	-1596.241	163.2496	6.122552	4.617982	1.854371
19116	-1427.732	-1590.178	162.4469	8.81883	4.25819	1.901882
19122	-1432.016	-1595.053	163.0363	6.23817	4.681249	1.920504
19128	-1419.902	-1582.514	162.6121	7.449898	4.258826	2.138426
19134	-1425.226	-1586.846	161.6197	9.944593	4.68611	1.908937
19140	-1426.004	-1588.177	162.1732	9.330082	3.944952	2.171273
19146	-1418.478	-1581.497	163.019	7.254234	3.944952	2.129699
19152	-1422.662	-1585.632	162.9701	7.17623	4.218568	2.002722
19158	-1420.944	-1584.042	163.0986	6.808629	4.171432	2.051448
19164	-1416.715	-1579.618	162.9031	6.459148	4.777913	1.877999
19170	-1421.77	-1583.837	162.0677	9.574854	4.265628	1.97406
19176	-1428.488	-1591.854	163.3662	6.60535	4.119991	1.966128
19182	-1428.134	-1589.961	161.827	10.60082	4.340936	1.857964
19188	-1422.921	-1585.109	162.1878	9.153032	4.340936	1.940761
19194	-1446.674	-1607.23	160.5565	12.60812	4.876666	1.950848
19200	-1430.322	-1593.05	162.7273	7.415858	4.296002	2.047366
19206	-1431.471	-1594.353	162.882	7.415858	3.630316	2.377611
19212	-1424.892	-1588.135	163.2431	6.181024	4.108752	2.179608
19218	-1433.267	-1596.771	163.5039	5.928087	4.01741	2.14551
19224	-1431.519	-1593.895	162.3756	9.461525	4.035118	1.948108
19230	-1435.619	-1599.015	163.3961	6.104747	4.095433	2.111348
19236	-1436.311	-1599.242	162.93	7.559696	3.938179	2.111348
19242	-1432.866	-1595.581	162.7145	7.559696	3.782642	2.350571
19248	-1426.312	-1588.628	162.3161	8.096811	3.936629	2.372447
19254	-1436.163	-1598.433	162.2708	8.407636	3.936629	2.326815
19260	-1435.98	-1598.961	162.9813	6.45974	3.705692	2.522389
19266	-1437.42	-1600.512	163.0919	6.636354	4.054739	2.180996
19272	-1429.716	-1592.825	163.1095	7.63659	3.83083	2.043712
19278	-1427.981	-1589.739	161.758	9.842104	4.607561	1.89156
19284	-1415.769	-1577.539	161.7696	8.347071	5.361137	1.727565
19290	-1436.464	-1597.22	160.756	11.45178	5.533974	1.58684
19296	-1429.787	-1589.621	159.8347	10.16566	6.959415	1.511797
19302	-1443.474	-1603.086	159.6122	11.09487	7.081744	1.363043
19308	-1428.399	-1588.244	159.8452	12.08451	6.523247	1.387229
19314	-1427.616	-1588.805	161.1891	10.17723	5.690482	1.444376
19320	-1434.515	-1596.486	161.972	9.758971	4.366726	1.928598
19326	-1434.474	-1598.385	163.9107	5.017445	4.387544	1.928598
19332	-1424.843	-1587.493	162.6502	7.298837	4.57634	1.943546
19338	-1422.087	-1585.839	163.7522	5.708846	3.885909	2.137209
19344	-1433.503	-1597.263	163.7598	6.218982	3.37039	2.3111
19350	-1433.531	-1596.653	163.1221	7.805616	3.400432	2.27225
19356	-1429.711	-1593.642	163.9319	5.115717	3.603699	2.392205
19362	-1429.891	-1592.247	162.3564	7.016477	5.12821	1.847826
19368	-1426.22	-1587.26	161.0404	9.969372	5.688191	1.607536
19374	-1416.552	-1579.208	162.6566	8.269961	4.004582	2.066374
19380	-1426.945	-1588.732	161.7875	10.3383	4.593656	1.768772
19386	-1445.822	-1607.472	161.6502	8.120783	5.507163	1.768772
19392	-1433.601	-1595.689	162.088	9.530967	4.313604	1.938217
19398	-1436.089	-1598.111	162.0218	8.453445	4.786997	1.922066
19404	-1446.349	-1607.236	160.8876	10.90937	5.60532	1.559531
19410	-1434.581	-1597.208	162.6271	8.332801	4.134387	1.984114
19416	-1437.392	-1599.802	162.4099	8.332801	4.365472	1.974844
19422	-1431.946	-1594.857	162.9108	7.433655	4.365472	1.872707
19428	-1423.761	-1585.859	162.0974	8.854838	4.56334	1.923125
19434	-1421.272	-1583.172	161.8996	9.75708	4.417008	1.94391
19440	-1423.631	-1585.792	162.1612	10.61472	4.117224	1.778714
19446	-1419.7	-1581.098	161.3984	9.646658	5.406831	1.630244
19452	-1415.243	-1576.266	161.0228	9.646658	5.977588	1.486489
19458	-1413.972	-1575.825	161.8526	9.66259	5.009605	1.58496
19464	-1419.518	-1581.089	161.5706	8.016475	5.836604	1.619792
19470	-1419.85	-1580.597	160.7468	11.0031	5.628261	1.624239
19476	-1421.89	-1582.011	160.1208	13.46006	5.628261	1.566573
19482	-1425.117	-1586.5	161.3829	9.844379	5.553472	1.484655
19488	-1424.892	-1584.764	159.8718	11.93868	6.882489	1.099046
19494	-1437.031	-1596.076	159.0456	11.19879	7.929217	1.099046
19500	-1417.457	-1576.581	159.1234	13.39457	7.176946	1.141343
19506	-1412.022	-1570.604	158.5816	13.39457	7.652745	1.199057
19512	-1416.547	-1574.888	158.3407	15.39871	7.444553	1.145041
19518	-1430.814	-1588.61	157.796	15.39871	8.068605	1.07275
19524	-1425.689	-1585.417	159.7287	11.61164	6.717554	1.434323
19530	-1421.767	-1583.258	161.4913	9.399348	5.395117	1.632619
19536	-1423.409	-1585.591	162.1825	7.103367	5.440396	1.726527
19542	-1422.385	-1584.293	161.9084	8.751303	5.149616	1.673753
19548	-1436.937	-1597.92	160.983	10.03416	5.630405	1.674967
19554	-1434.213	-1595.211	160.9983	10.42605	5.718186	1.506873
19560	-1437.033	-1596.966	159.9335	14.0648	5.717538	1.521373
19566	-1428.688	-1589.384	160.6961	12.08588	5.698232	1.366601
19572	-1430.297	-1590.229	159.9321	10.95695	6.786546	1.377081
19578	-1440.196	-1599.201	159.0051	14.59696	6.654391	1.411747
19584	-1423.302	-1584.973	161.6718	8.392995	5.811277	1.458039
19590	-1414.819	-1575.505	160.686	11.45256	5.776702	1.458039
19596	-1428.358	-1590.061	161.7027	8.955955	5.501994	1.513214
19602	-1417.294	-1579.786	162.4915	7.549799	5.051729	1.653649
19608	-1420.094	-1582.535	162.4409	7.892068	4.974665	1.648464
19614	-1421.35	-1582.787	161.4369	10.35748	5.108234	1.648464
19620	-1418.726	-1579.307	160.5801	11.66788	5.830968	1.448445
19626	-1424.52	-1584.814	160.2938	11.73425	6.093097	1.451894
19632	-1419.431	-1581.651	162.2205	8.63923	4.893669	1.662729
19638	-1426.056	-1588.165	162.1092	8.63923	4.729379	1.855303
19644	-1443.582	-1604.274	160.6917	9.992705	6.076002	1.573352
19650	-1432.371	-1594.318	161.9475	7.644244	5.670076	1.572472
19656	-1429.385	-1590.728	161.3427	9.223848	5.670076	1.585135
19662	-1417.429	-1578.453	161.0234	11.75262	5.203664	1.567374
19668	-1420.003	-1582.252	162.2493	7.338886	5.216362	1.768681
19674	-1426.938	-1589.788	162.8506	7.547465	4.530754	1.768681
19680	-1413.194	-1575.863	162.6685	6.89993	4.361662	2.183014
19686	-1416.972	-1578.871	161.8995	8.904334	4.457096	2.113529
19692	-1429.667	-1592.22	162.5532	8.658893	4.357273	1.800894
19698	-1430.891	-1592.692	161.8015	9.658455	4.368421	2.063774
19704	-1428.026	-1590.246	162.22	8.973316	4.239098	2.02978
19710	-1431.884	-1594.236	162.3527	7.633836	4.482404	2.113674
19716	-1433.825	-1596.562	162.7372	7.853749	4.081265	2.067787
19722	-1433.338	-1595.758	162.4202	7.982434	4.377982	2.0482
19728	-1424.204	-1586.597	162.3923	7.982434	4.476154	2.001536
19734	-1431.584	-1594.279	162.695	7.799811	4.203955	2.028423
19740	-1416.552	-1578.746	162.1944	8.935027	4.500281	1.880648
19746	-1422.791	-1584.715	161.9245	9.598319	5.050529	1.517801
19752	-1419.698	-1582.536	162.8378	7.526675	4.596608	1.737371
19758	-1429.123	-1591.108	161.9855	8.360431	5.006274	1.820866
19764	-1437.963	-1600.627	162.6633	8.360431	4.20667	1.904145
19770	-1434.995	-1596.757	161.7626	9.716322	4.20667	2.182238
19776	-1426.772	-1590.919	164.1474	5.47177	3.196816	2.399769
19782	-1428.703	-1592.26	163.557	6.736397	3.346428	2.309584
19788	-1428.014	-1592.021	164.0064	5.408437	3.240919	2.480445
19794	-1428.492	-1590.785	162.2938	8.538474	4.627011	1.824262
19800	-1436.005	-1598.616	162.6112	7.316002	3.741172	2.503752
19806	-1431.8	-1594.616	162.8164	7.316002	4.046403	2.179081
19812	-1433.373	-1596.128	162.7548	7.744387	4.250387	1.972127
19818	-1436.896	-1599.449	162.5533	8.739521	3.799764	2.154624
19824	-1423.685	-1585.992	162.3075	8.363413	4.208284	2.138772
19830	-1428.182	-1591.816	163.6337	6.432044	3.361209	2.336253
19836	-1426.138	-1589.067	162.9286	7.396213	3.900695	2.179646
19842	-1423.545	-1585.892	162.3465	8.141042	4.22894	2.154505
19848	-1426.227	-1588.912	162.6843	8.141042	4.100094	2.017081
19854	-1438.717	-1601.236	162.5192	8.21971	4.048793	2.139944
19860	-1436.519	-1599.402	162.8825	8.088126	4.069924	1.917954
19866	-1425.862	-1589.386	163.5239	6.209854	4.222939	1.909375
19872	-1443.999	-1606.424	162.4247	7.943186	4.656605	1.868233
19878	-1433.276	-1595.955	162.6789	6.440542	5.158699	1.775914
19884	-1425.725	-1588.524	162.7988	5.950829	5.301731	1.748176
19890	-1426.576	-1588.748	162.1721	8.462605	4.449063	2.045258
19896	-1435.483	-1598.958	163.4751	6.785581	3.93853	1.962429
19902	-1426.288	-1589.576	163.2871	6.757811	3.346821	2.474079
19908	-1443.991	-1607.123	163.1313	6.411796	3.848646	2.351458
19914	-1443.914	-1606.688	162.7746	6.972262	4.300332	2.133932
19920	-1433.081	-1594.73	161.6484	8.146485	5.671054	1.647219
19926	-1417.546	-1579.925	162.3788	9.144046	4.304127	1.838062
19932	-1437.22	-1598.775	161.5552	9.780955	4.767496	1.934408
19938	-1427.499	-1589.653	162.1545	8.518103	4.77503	1.823389
19944	-1420.658	-1583.368	162.7102	6.569225	5.001947	1.823389
19950	-1419.473	-1582.254	162.7808	7.454147	4.454962	1.894658
19956	-1417.333	-1579.398	162.0645	8.430763	4.69425	1.961465
19962	-1425.296	-1587.279	161.983	8.430763	4.818799	1.932533
19968	-1424.812	-1586.641	161.8292	8.430763	5.321984	1.69108
19974	-1421.289	-1583.339	162.0501	9.792519	4.620894	1.69108
19980	-1436.015	-1599.547	163.5319	5.571314	3.904883	2.310051
19986	-1430.336	-1593.511	163.1757	6.726747	3.724565	2.314243
19992	-1433.752	-1596.653	162.9004	7.03388	4.337442	2.009457
19998	-1431.597	-1593.642	162.0454	8.965525	4.832189	1.746888
20004	-1429.616	-1591.546	161.9299	9.681825	4.782343	1.688234
20010	-1425.364	-1586.686	161.3222	11.99883	4.346446	1.909215
20016	-1416.29	-1577.958	161.6678	10.31488	4.367861	2.008963
20022	-1426.464	-1589.927	163.4635	6.026095	4.226392	2.00433
20028	-1422.533	-1584.46	161.9274	8.766475	4.802183	1.898091
20034	-1432.557	-1595.374	162.8172	7.038536	4.100065	2.218166
20040	-1438.018	-1601.097	163.0798	8.00718	3.897784	1.921919
20046	-1433.807	-1596.089	162.2822	8.482529	4.535222	1.908978
20052	-1437.209	-1599.916	162.7065	8.455739	4.060892	1.949413
20058	-1445.455	-1607.304	161.8496	7.633933	5.027347	2.086227
20064	-1429.648	-1592.393	162.7452	7.243495	4.417598	2.001475
20070	-1417.184	-1579.56	162.3758	8.777976	4.194333	2.002554
20076	-1426.039	-1590.049	164.0099	5.070502	4.194333	1.973272
20082	-1422.949	-1585.744	162.7952	7.709025	4.184771	1.998321
20088	-1424.523	-1586.83	162.3069	8.118879	4.492394	2.012772
20094	-1433.244	-1592.747	159.5027	9.097428	7.952903	1.278373
20100	-1428.466	-1588.696	160.2294	6.613009	8.335608	1.162139
20106	-1426.971	-1586.083	159.1118	12.66496	7.344204	1.180169
20112	-1419.886	-1579.933	160.0464	10.42584	7.07417	1.184477
20118	-1419.194	-1578.174	158.9803	13.51361	7.243288	1.1808
20124	-1425.035	-1585.487	160.4527	8.327869	7.471307	1.116139
20130	-1410.127	-1569.722	159.595	13.05552	6.545779	1.351615
20136	-1416.836	-1577.205	160.3692	10.41422	6.655988	1.268171
20142	-1417.837	-1578.065	160.2277	10.59599	6.614421	1.368911
20148	-1412.822	-1573.53	160.7079	9.312429	6.637163	1.307197
20154	-1423.154	-1583.112	159.9576	14.67528	5.795965	1.322053
20160	-1418.521	-1578.577	160.0558	13.567	6.007017	1.303501
20166	-1418.37	-1580.69	162.3199	7.352961	5.654663	1.391364
20172	-1418.346	-1580.56	162.2143	7.352961	5.654663	1.472503
20178	-1416.672	-1579.804	163.1327	7.148399	4.468491	1.728646
20184	-1426.539	-1589.974	163.4354	5.927216	4.420131	1.92414
20190	-1430.28	-1593.859	163.5784	6.706653	3.743289	2.046368
20196	-1437.313	-1601.26	163.947	5.208952	3.738109	2.266654
20202	-1445.339	-1608.377	163.0378	6.652465	3.991189	2.252472
20208	-1430.066	-1592.713	162.6464	8.013335	3.817628	2.258116
20214	-1416.895	-1579.911	163.0168	7.569758	3.909825	2.070308
20220	-1422.037	-1585.123	163.0856	6.793065	3.985233	2.186227
20226	-1421.679	-1583.333	161.654	8.650853	4.974952	1.994095
20232	-1421.185	-1583.825	162.6402	6.346767	4.918711	1.994095
20238	-1421.362	-1582.523	161.1613	10.64452	5.229999	1.692847
20244	-1428.001	-1590.302	162.3012	6.640624	5.618216	1.65604
20250	-1416.093	-1579.346	163.2534	6.855908	4.051845	2.014741
20256	-1444.426	-1606.251	161.8247	9.802131	3.896427	2.323211
20262	-1438.159	-1600.328	162.1682	9.315966	3.871499	2.22521
20268	-1427.857	-1590.508	162.651	7.666181	4.210286	2.088101
20274	-1435.632	-1597.683	162.0507	8.985287	4.210286	2.157091
20280	-1432.721	-1594.329	161.6083	8.985287	5.186211	1.799797
20286	-1430.142	-1593.351	163.2093	6.35908	4.189546	2.096375
20292	-1432.079	-1594.833	162.7534	7.63827	3.988477	2.173353
20298	-1442.553	-1606.056	163.5034	6.66653	3.686526	2.144334
20304	-1425.126	-1587.409	162.2821	8.322263	4.801533	1.767055
20310	-1429.574	-1591.758	162.1839	8.235429	5.136737	1.622073
20316	-1425.546	-1586.801	161.2556	10.22019	5.380723	1.614722
20322	-1425.168	-1587.014	161.8453	9.381562	4.628463	1.924181
20328	-1423.722	-1585.393	161.6714	9.988877	4.792333	1.79069
20334	-1418.82	-1580.263	161.4429	10.48633	5.025035	1.674117
20340	-1424.206	-1584.494	160.2879	12.70352	5.631294	1.593236
20346	-1430.23	-1592.564	162.3337	7.708473	5.240222	1.585827
20352	-1425.593	-1586.429	160.8359	11.12164	5.537586	1.598959
20358	-1423.854	-1584.677	160.8231	11.10757	5.537586	1.611419
20364	-1430.647	-1592.798	162.151	10.00654	4.102112	1.930747
20370	-1426.168	-1588.429	162.2616	8.428883	4.483796	1.97089
20376	-1453.259	-1615.688	162.4291	8.539212	4.440155	1.859455
20382	-1433.348	-1595.105	161.7567	9.871379	4.617346	1.879136
20388	-1436.896	-1598.689	161.7933	9.832833	4.633301	1.852001
20394	-1430.828	-1592.114	161.2853	11.75934	4.887721	1.605405
20400	-1431.369	-1592.82	161.451	9.681387	5.388195	1.597076
20406	-1435.898	-1596.245	160.347	11.92676	5.768939	1.611239
20412	-1440.116	-1601.961	161.8453	7.65054	5.778932	1.565754
20418	-1434.472	-1595.87	161.3984	8.864514	5.843278	1.509997
20424	-1437.427	-1597.651	160.2242	12.78854	5.886906	1.432173
20430	-1425.579	-1586.542	160.9625	10.5998	5.689777	1.513408
20436	-1434.104	-1594.955	160.8512	10.5998	5.689777	1.595492
20442	-1431.194	-1592.591	161.3974	10.72734	5.141428	1.56757
20448	-1433.181	-1594.438	161.2571	10.95413	5.135528	1.622506
20454	-1427.383	-1590.566	163.1828	6.106477	4.541355	1.956576
20460	-1453.783	-1615.468	161.685	10.36864	4.785096	1.699365
20466	-1438.905	-1601.207	162.3025	8.114959	4.773615	1.826555
20472	-1432.217	-1593.959	161.7422	8.473576	5.410685	1.678575
20478	-1426.558	-1586.296	159.7377	13.96499	6.248397	1.280666
20484	-1425.919	-1585.771	159.8515	13.15312	6.248397	1.362887
20490	-1433.727	-1593.541	159.8139	11.22027	6.963416	1.264762
20496	-1430.864	-1590.877	160.0131	11.22027	6.668842	1.342155
20502	-1446.225	-1608.97	162.7451	8.048036	3.434351	2.430567
20508	-1445.891	-1608.65	162.7583	8.261938	3.263983	2.478192
20514	-1441.712	-1604.705	162.9927	6.701618	4.047925	2.231232
20520	-1433.719	-1596.12	162.4002	8.853609	3.832641	2.205911
20526	-1436.146	-1599.931	163.7844	5.350606	3.365163	2.559393
20532	-1428.861	-1591.847	162.986	7.82241	3.318515	2.40677
20538	-1429.824	-1592.844	163.0203	6.576651	3.62802	2.514323
20544	-1426.135	-1589.086	162.9511	6.78149	4.582378	1.882603
20550	-1426.28	-1587.246	160.9659	10.64153	5.569496	1.589867
20556	-1414.974	-1577.356	162.3822	7.271174	5.362185	1.589867
20562	-1431.491	-1594.069	162.578	7.271174	4.444599	2.086698
20568	-1431.244	-1593.716	162.4717	7.390387	4.501563	2.087181
20574	-1434.384	-1597.886	163.502	6.134863	4.073628	2.046911
20580	-1423.948	-1587.418	163.4697	6.32913	3.743881	2.225679
20586	-1436.849	-1599.526	162.6768	7.886488	4.576822	1.764524
20592	-1432.974	-1595.268	162.2944	8.161275	4.608577	1.932535
20598	-1436.534	-1599.593	163.0585	7.043587	4.290101	1.932535
20604	-1447.082	-1607.72	160.6374	10.46974	6.190406	1.41147
20610	-1429.887	-1591.798	161.9113	7.868866	5.451533	1.692509
20616	-1436.925	-1599.694	162.7699	6.741063	5.080556	1.674185
20622	-1428.653	-1591.202	162.5487	7.831278	4.838431	1.685623
20628	-1433.604	-1595.356	161.7516	8.607566	5.224903	1.768058
20634	-1446.309	-1608.32	162.0106	10.3512	3.756278	2.177819
20640	-1446.568	-1608.463	161.8954	8.695161	5.332826	1.565301
20646	-1429.281	-1590.201	160.9202	11.42791	5.481286	1.509775
20652	-1432.675	-1595.027	162.3519	7.432259	5.109215	1.745334
20658	-1425.684	-1587.126	161.4419	9.9215	5.109215	1.745334
20664	-1436.493	-1597.897	161.4035	10.16221	5.350941	1.542166
20670	-1427.384	-1591.041	163.6572	5.3768	4.138534	2.14037
20676	-1431.188	-1594.894	163.7061	5.517813	3.823793	2.267199
20682	-1431.08	-1593.828	162.7479	7.144168	4.438576	2.013035
20688	-1424.128	-1587.061	162.9338	6.702832	4.428824	2.020326
20694	-1429.709	-1592.523	162.8142	6.702832	4.46712	2.074128
20700	-1429.063	-1591.063	161.9998	7.609529	5.506483	1.663021
20706	-1436.514	-1598.166	161.6521	10.5875	4.713114	1.724049
20712	-1442.291	-1605.392	163.1007	6.797336	3.990556	2.171788
20718	-1438.477	-1601.593	163.116	5.340382	4.37439	2.348606
20724	-1416.62	-1578.202	161.5813	8.551486	5.808684	1.48408
20730	-1423.774	-1584.592	160.8177	9.974748	6.077308	1.48318
20736	-1422.163	-1582.889	160.7264	9.974539	5.899681	1.679935
20742	-1429.879	-1591.143	161.2638	9.974539	5.141519	1.834307
20748	-1425.002	-1586.994	161.9916	8.144253	5.276435	1.684552
20754	-1428.776	-1591.806	163.0297	6.981347	3.766191	2.311519
20760	-1422.724	-1586.214	163.4907	7.136492	3.254207	2.302595
20766	-1429.21	-1593.032	163.8221	5.114647	3.254207	2.678671
20772	-1436.862	-1600.058	163.1959	6.650693	4.023709	2.129439
20778	-1423.266	-1586.112	162.8459	8.363669	3.671221	2.137828
20784	-1432.997	-1596.209	163.2119	7.962949	3.671221	1.996761
20790	-1433.022	-1595.398	162.3755	9.779418	3.657955	2.126672
20796	-1435.715	-1598.786	163.0707	7.143717	3.625037	2.332053
20802	-1428.795	-1592.194	163.3986	5.468063	3.831337	2.472834
20808	-1424.554	-1586.717	162.1626	9.090239	3.923444	2.246224
20814	-1420.622	-1583.933	163.3112	7.526915	3.996614	1.82532
20820	-1423.007	-1584.897	161.8904	8.656183	4.98576	1.82532
20826	-1417.936	-1579.941	162.0049	8.194552	5.040363	1.826985
20832	-1421.443	-1583.425	161.9826	9.426421	4.601109	1.838766
20838	-1433.527	-1596.195	162.6679	8.607553	3.844663	2.0817
20844	-1433.45	-1596.61	163.1608	7.079775	3.979618	2.06132
20850	-1425.467	-1588.361	162.8942	7.115883	4.199276	2.082334
20856	-1428.524	-1591.378	162.8535	7.114841	4.46495	1.932789
20862	-1425.969	-1588.55	162.5816	7.773756	4.334693	2.023745
20868	-1428.617	-1590.997	162.3792	7.374763	5.069561	1.770288
20874	-1423.33	-1585.544	162.2138	8.532811	4.951697	1.65394
20880	-1423.986	-1585.543	161.5568	10.39801	4.789726	1.779463
20886	-1423.647	-1586.534	162.8867	6.926423	4.44224	1.978938
20892	-1426.724	-1589.254	162.5298	8.581134	4.311343	1.868146
20898	-1416.828	-1579.114	162.2859	7.363018	4.984094	1.896429
20904	-1417.437	-1579.901	162.4634	7.201598	5.008729	1.803294
20910	-1429.697	-1592.308	162.6107	7.93498	4.205281	2.048562
20916	-1433.363	-1595.345	161.9816	8.640711	4.794013	1.897867
20922	-1430.31	-1592.763	162.4525	7.99459	4.377348	2.0241
20928	-1431.062	-1594.778	163.7164	5.435623	4.185023	2.051794
20934	-1419.74	-1581.898	162.1583	7.911808	5.16525	1.708486
20940	-1432.232	-1594.717	162.4846	6.988979	5.007123	1.85084
20946	-1438.261	-1601.328	163.0676	7.211564	4.193014	1.944746
20952	-1432.933	-1595.207	162.2743	9.789523	3.906682	2.027288
20958	-1427.704	-1590.069	162.3651	9.141524	3.906682	2.113995
20964	-1429.919	-1592.559	162.6397	7.405137	3.906682	2.358809
20970	-1426.167	-1587.639	161.4724	10.48847	5.090484	1.605298
20976	-1436.303	-1598.516	162.2128	8.17146	5.002067	1.714899
20982	-1420.047	-1582.546	162.4992	8.988974	4.091101	1.938307
20988	-1428.184	-1590.524	162.3398	7.977377	4.624975	1.938307
20994	-1436.151	-1598.883	162.7321	7.778475	3.406956	2.521326
21000	-1427.926	-1590.487	162.5608	7.809541	4.145161	2.15279
21006	-1428.478	-1591.439	162.9612	7.809541	3.744726	2.15279
21012	-1439.794	-1602.785	162.9916	6.706546	3.691565	2.457129
21018	-1431.857	-1595.365	163.508	6.32263	3.917109	2.089917
21024	-1422.375	-1584.818	162.4427	8.295005	4.100217	2.137781
21030	-1432.263	-1595.458	163.195	6.916724	4.100217	2.004179
21036	-1416.786	-1579.367	162.5809	7.485642	4.479303	2.004179
21042	-1413.491	-1575.786	162.2947	8.55322	4.643095	1.808816
21048	-1421.265	-1583.962	162.6965	6.895666	4.643095	1.980517
21054	-1428.459	-1590.974	162.5155	8.403454	4.212313	1.988988
21060	-1424.761	-1586.818	162.0575	9.074369	4.168037	2.159665
21066	-1422.104	-1584.271	162.1672	9.038404	3.910373	2.263438
21072	-1411.46	-1573.608	162.1483	9.442254	3.910373	2.184742
21078	-1415.026	-1578.277	163.2502	5.934779	3.8571	2.408843
21084	-1435.907	-1599.189	163.2819	7.435776	3.45994	2.225844
21090	-1427.061	-1590.21	163.1491	7.435776	3.352128	2.379549
21096	-1426.933	-1589.419	162.4864	9.45447	3.656072	2.127471
