Iteration	Posterior	Likelihood	Prior	gain_loss_ratio	tree_length
0	-854.2823	-1017.284	163.0017	1.570826	6.352994
6	-849.9006	-1012.258	162.3576	1.704911	6.635685
12	-849.27	-1011.827	162.5566	1.819562	6.472815
18	-836.5764	-1000.623	164.047	1.61572	5.760753
24	-840.6325	-1002.196	161.5634	1.686868	7.072794
30	-856.6195	-1019.209	162.5892	1.844449	6.443302
36	-852.9973	-1015.184	162.1865	1.449485	6.855391
42	-851.5796	-1014.399	162.819	1.449485	6.513551
48	-845.4446	-1007.551	162.1062	1.853719	6.700307
54	-844.5539	-1005.818	161.2642	1.706929	7.22395
60	-837.1258	-1000.237	163.1109	1.84842	6.158071
66	-855.6324	-1019.471	163.8383	1.580044	5.892855
72	-847.7835	-1009.609	161.8252	1.485401	7.031817
78	-845.7284	-1009.138	163.4095	1.415863	6.210461
84	-847.4481	-1010.793	163.3445	1.484501	6.210461
90	-856.307	-1017.727	161.4202	1.421906	7.281768
96	-854.956	-1017.922	162.9658	1.751603	6.283426
102	-866.1544	-1028.223	162.0687	1.680502	6.803627
108	-868.1474	-1030.92	162.7724	1.787889	6.37093
114	-846.1219	-1008.652	162.5304	2.069512	6.37093
120	-849.0619	-1012.757	163.6952	1.898138	5.81575
126	-837.5284	-1000.136	162.608	1.898138	6.407834
132	-844.5488	-1007.69	163.1412	1.46092	6.333027
138	-850.7396	-1013.857	163.1173	1.486227	6.333027
144	-847.2705	-1008.241	160.97	1.584641	7.441538
150	-846.769	-1008.647	161.8777	1.390575	7.051924
156	-851.5062	-1012.928	161.4223	1.890329	7.051924
162	-853.9602	-1016.643	162.6829	1.853476	6.388249
168	-860.4967	-1023.832	163.3355	2.010883	5.959622
174	-870.0925	-1033.257	163.1641	2.182062	5.97561
180	-876.2574	-1038.196	161.9386	2.182062	6.641198
186	-874.4552	-1036.733	162.2776	1.78314	6.641198
192	-857.1276	-1019.877	162.749	1.891235	6.33456
198	-854.3533	-1017.117	162.7639	2.109425	6.226109
204	-856.4781	-1018.305	161.8274	1.557474	6.994431
210	-856.3304	-1019.58	163.2499	1.916374	6.050279
216	-856.7259	-1020.188	163.4622	2.072553	5.862163
222	-854.3161	-1017.809	163.493	1.884868	5.932548
228	-868.7909	-1030.824	162.033	1.73187	6.797978
234	-878.3371	-1040.917	162.5798	1.874632	6.434162
240	-869.4127	-1032.379	162.9668	2.144348	6.100027
246	-863.9502	-1026.706	162.7558	1.741985	6.402067
252	-859.2052	-1021.839	162.6335	1.533399	6.571341
258	-846.0104	-1009.421	163.4103	1.856807	5.990951
264	-852.2238	-1013.844	161.6202	1.67041	7.050281
270	-864.1182	-1026.262	162.1436	1.390384	6.908821
276	-864.8488	-1026.785	161.9363	1.806987	6.814201
282	-851.9494	-1013.572	161.6223	2.361617	6.734322
288	-852.9069	-1016.406	163.4994	2.152311	5.805699
294	-863.6386	-1025.509	161.8701	1.484182	7.008273
300	-867.1417	-1030.041	162.8998	1.799263	6.29632
306	-873.5131	-1035.271	161.7579	1.992288	6.824047
312	-874.1721	-1036.058	161.886	1.560071	6.961562
318	-869.9206	-1031.807	161.886	1.560071	6.961562
324	-864.9589	-1027.284	162.3255	1.573017	6.718015
330	-861.6085	-1024.087	162.4783	1.573017	6.635415
336	-861.3855	-1023.498	162.1123	1.986172	6.635415
342	-862.3895	-1023.439	161.0496	1.588871	7.396783
348	-872.6788	-1035.274	162.5957	1.422236	6.648402
354	-863.4557	-1025.9	162.4443	1.406807	6.738126
360	-869.6997	-1031.108	161.4082	1.755144	7.123385
366	-860.7512	-1023.523	162.7715	1.670648	6.42834
372	-863.1143	-1023.672	160.5581	1.745315	7.584138
378	-866.4841	-1028.535	162.051	1.486304	6.909709
384	-872.487	-1034.313	161.8257	1.528	7.010064
390	-865.174	-1026.8	161.6259	1.747162	7.010064
396	-861.1757	-1022.816	161.6399	1.457023	7.145898
402	-850.1209	-1012.833	162.712	1.694016	6.449155
408	-849.6618	-1010.461	160.7993	1.701194	7.476163
414	-847.9028	-1010.524	162.6216	1.701194	6.494604
420	-860.5874	-1024.119	163.5314	1.722986	5.989466
426	-873.2922	-1036.065	162.7728	1.777562	6.375672
432	-876.223	-1038.491	162.2678	1.891428	6.595254
438	-874.2284	-1036.573	162.3451	1.432418	6.778554
444	-876.0236	-1038.257	162.2333	1.547046	6.780804
450	-864.2328	-1025.804	161.5708	2.304375	6.786631
456	-850.4211	-1012.614	162.1928	1.910789	6.626731
462	-870.4056	-1034.166	163.7605	2.173464	5.653176
468	-861.629	-1024.018	162.389	2.186369	6.395379
474	-850.0071	-1012.377	162.3704	2.316351	6.348702
480	-859.6158	-1022.128	162.5122	2.059265	6.385442
486	-855.9447	-1018.498	162.5536	1.751345	6.507098
492	-853.6313	-1015.935	162.3037	2.040275	6.507098
498	-863.6239	-1026.882	163.258	2.135176	5.945372
504	-854.6483	-1017.647	162.9983	2.024043	6.137382
510	-855.7604	-1018.763	163.0028	1.768127	6.255347
516	-833.6846	-997.0797	163.395	1.806722	6.023236
522	-845.8305	-1008.928	163.0978	1.970318	6.107967
528	-844.8221	-1008.305	163.4829	1.58408	6.084721
534	-853.995	-1017.716	163.7208	1.616243	5.938842
540	-854.6901	-1017.069	162.3793	1.776656	6.589286
546	-863.4198	-1025.44	162.0204	1.40905	6.965617
552	-862.8624	-1025.698	162.836	1.936567	6.266074
558	-864.4197	-1027.511	163.0913	1.611173	6.284213
564	-857.1336	-1019.862	162.7282	1.61101	6.481253
570	-852.4489	-1015.73	163.2807	1.978361	6.004584
576	-848.9519	-1011.478	162.5258	2.050781	6.381955
582	-850.023	-1013.055	163.0325	1.867073	6.191889
588	-854.7479	-1016.567	161.8189	1.867073	6.849162
594	-845.7527	-1008.891	163.1387	1.634665	6.246765
600	-854.9304	-1017.651	162.7203	1.845543	6.371716
606	-859.4689	-1022.795	163.3261	1.31267	6.309609
612	-860.7604	-1022.187	161.427	1.794684	7.094418
618	-850.724	-1012.72	161.996	1.964857	6.708097
624	-864.9895	-1026.759	161.7694	1.667088	6.971553
630	-851.459	-1014.799	163.3396	1.752165	6.07978
636	-838.9006	-1002.21	163.3091	1.786607	6.07978
642	-854.2375	-1017.565	163.327	1.981035	5.978062
648	-839.2046	-1001.72	162.5157	1.658742	6.57272
654	-866.8402	-1029.115	162.275	1.643037	6.710578
660	-863.9585	-1027.162	163.2037	2.036992	6.019532
666	-859.2869	-1022.654	163.3668	1.846626	6.019532
672	-877.2414	-1038.584	161.3427	1.264928	7.404543
678	-875.5003	-1036.446	160.9454	1.68727	7.404543
684	-869.1458	-1029.597	160.4507	1.493264	7.764957
690	-858.6302	-1021.442	162.8116	1.388561	6.548942
696	-860.2568	-1022.506	162.2494	1.595823	6.747796
702	-863.0455	-1024.33	161.2847	1.50113	7.314404
708	-873.7944	-1035.277	161.4821	1.639609	7.139578
714	-880.3606	-1042.617	162.2562	1.444859	6.820124
720	-875.5777	-1036.109	160.5309	1.6393	7.649857
726	-877.4529	-1038.143	160.6901	1.571662	7.597888
732	-863.732	-1026.066	162.3343	2.108202	6.459812
738	-844.9451	-1009.072	164.1267	2.108202	5.481503
744	-864.235	-1026.846	162.6108	2.275298	6.235893
750	-864.6289	-1025.853	161.2242	2.005184	7.105625
756	-869.0291	-1031.627	162.5983	1.895725	6.414189
762	-857.0382	-1019.066	162.0276	1.963896	6.691435
768	-865.7211	-1028.863	163.1423	1.963896	6.086732
774	-863.6296	-1025.76	162.1303	1.695247	6.763215
780	-858.2739	-1021.244	162.9696	1.545243	6.383272
786	-861.5441	-1024.116	162.5718	1.917521	6.418361
792	-863.4464	-1026.714	163.2676	1.580234	6.203826
798	-852.1874	-1015.04	162.8529	2.051706	6.203826
804	-858.4551	-1021.804	163.3492	1.631085	6.134028
810	-863.5016	-1025.962	162.4605	2.053104	6.416282
816	-861.0783	-1024.005	162.9269	1.797748	6.282305
822	-847.3761	-1010.797	163.421	2.302779	5.782079
828	-858.6772	-1021.929	163.2515	1.451338	6.278008
834	-855.1443	-1018.365	163.2205	1.700805	6.169687
840	-861.7472	-1025.909	164.1618	1.700805	5.655507
846	-863.5494	-1026.204	162.6551	1.989632	6.339755
852	-855.5177	-1016.771	161.2532	1.847448	7.162922
858	-857.2372	-1021.653	164.4155	1.847448	5.444652
864	-841.8298	-1003.897	162.067	1.837212	6.72927
870	-841.614	-1003.74	162.1259	1.680311	6.772867
876	-843.1997	-1006.05	162.8499	1.680311	6.381057
882	-853.2896	-1014.035	160.745	1.653251	7.528464
888	-855.1561	-1018.296	163.1397	1.962971	6.088569
894	-849.9159	-1012.628	162.7118	1.785788	6.404815
900	-855.5334	-1018.535	163.0012	1.878875	6.203323
906	-856.052	-1018.706	162.6537	2.296624	6.203323
912	-847.8597	-1010.665	162.805	2.110407	6.203323
918	-863.6025	-1026.667	163.0642	1.806864	6.203323
924	-862.7849	-1023.986	161.2007	1.688118	7.267157
930	-863.2777	-1026.986	163.7087	1.59313	5.95703
936	-865.3754	-1028.153	162.7773	1.884616	6.322289
942	-856.8779	-1020.299	163.4206	1.79414	6.015333
948	-858.5436	-1021.232	162.6883	1.724643	6.447067
954	-859.7889	-1022.715	162.9257	1.843695	6.261037
960	-865.4855	-1027.204	161.718	1.826759	6.922511
966	-867.1546	-1028.885	161.7309	1.812113	6.922511
972	-867.4576	-1029.644	162.1864	1.538625	6.810315
978	-858.2047	-1018.957	160.7522	1.679753	7.511728
984	-859.9466	-1022.245	162.2987	1.6318	6.703355
990	-844.8796	-1006.442	161.5623	1.6318	7.100279
996	-853.2085	-1015.53	162.3211	1.847937	6.586864
1002	-851.7911	-1012.582	160.7912	1.847937	7.410714
1008	-850.8812	-1014.453	163.572	1.847937	5.906928
1014	-847.2271	-1010.04	162.8132	2.186291	6.16496
1020	-855.4595	-1016.519	161.059	1.834693	7.273239
1026	-871.3974	-1034.658	163.2609	1.58774	6.203701
1032	-861.6121	-1023.359	161.747	1.500719	7.066169
1038	-853.5791	-1016.208	162.6293	1.573556	6.553474
1044	-853.2864	-1015.907	162.6208	1.933766	6.384232
1050	-850.2011	-1012.822	162.6208	1.933766	6.384232
1056	-857.4316	-1018.685	161.2531	1.933766	7.122812
1062	-861.9898	-1023.291	161.3011	1.878144	7.122812
1068	-856.9516	-1019.064	162.1128	1.947526	6.652955
1074	-853.2821	-1015.953	162.6704	1.957621	6.346237
1080	-855.3915	-1017.152	161.7604	1.748645	6.936905
1086	-855.3617	-1017.731	162.3695	1.873644	6.548522
1092	-856.8798	-1020.042	163.1619	2.125689	6.002084
1098	-861.0374	-1022.856	161.819	1.804863	6.878485
1104	-854.4429	-1017.208	162.7651	2.154856	6.205115
1110	-843.8821	-1006.284	162.4022	2.112678	6.421049
1116	-879.3365	-1041.964	162.6279	1.554054	6.564018
1122	-866.9773	-1029.964	162.9867	1.842002	6.228709
1128	-867.5445	-1029.853	162.3085	2.050885	6.499669
1134	-863.5138	-1026.772	163.2578	2.050885	5.983668
1140	-868.7793	-1030.638	161.8591	1.596546	6.957933
1146	-859.7406	-1022.105	162.3644	1.852293	6.561387
1152	-861.7066	-1024.409	162.7022	2.174701	6.230448
1158	-859.3486	-1023.084	163.7355	1.727793	5.87563
1164	-855.4606	-1016.282	160.821	1.525509	7.550723
1170	-852.9554	-1013.65	160.6946	1.652817	7.555668
1176	-846.4799	-1009.31	162.8301	2.277676	6.11555
1182	-862.2159	-1024.571	162.3549	2.336571	6.348435
1188	-856.1717	-1018.363	162.1908	2.24449	6.477257
1194	-860.44	-1023.247	162.8075	1.439771	6.524783
1200	-868.5472	-1031.611	163.064	1.42377	6.393968
1206	-850.8428	-1014.777	163.9343	2.114807	5.584255
1212	-864.9014	-1027.022	162.1205	1.516078	6.85724
1218	-860.5555	-1023.505	162.9498	2.338154	6.024122
1224	-851.7225	-1014.677	162.9544	1.936989	6.201516
1230	-853.3833	-1016.222	162.8383	1.824075	6.31786
1236	-853.4685	-1015.68	162.212	1.78518	6.675712
1242	-859.596	-1022.193	162.5974	1.367531	6.675712
1248	-859.6935	-1022.392	162.6982	1.779131	6.415396
1254	-854.2203	-1017.985	163.7646	1.580949	5.932631
1260	-867.7713	-1030.911	163.1398	1.936208	6.100983
1266	-881.5536	-1045.208	163.6546	2.341045	5.637405
1272	-875.497	-1038.27	162.7729	1.898866	6.317981
1278	-856.7333	-1020.004	163.271	2.312561	5.85986
1284	-859.8501	-1024.575	164.7247	1.685137	5.353706
1290	-868.0761	-1029.935	161.8587	1.428961	7.04247
1296	-874.1032	-1035.648	161.5448	1.887277	6.987413
1302	-868.7619	-1031.254	162.492	1.990605	6.427757
1308	-859.2365	-1020.452	161.2153	1.404419	7.400663
1314	-848.4104	-1011.469	163.059	1.809114	6.205058
1320	-859.9616	-1023.253	163.2916	1.551797	6.205058
1326	-852.5131	-1014.29	161.7765	1.725693	6.939291
1332	-863.1097	-1025.4	162.2902	1.83553	6.609446
1338	-853.4435	-1016.442	162.9989	1.609358	6.335268
1344	-852.7071	-1015.479	162.7718	1.863468	6.335268
1350	-858.0112	-1021.062	163.0513	1.552538	6.335268
1356	-884.3738	-1048.134	163.7602	1.552538	5.949373
1362	-865.1718	-1026.651	161.4793	1.655262	7.133464
1368	-878.1731	-1040.966	162.7925	1.562235	6.470757
1374	-872.6028	-1034.36	161.7575	1.596518	7.012669
1380	-868.3028	-1030.151	161.8478	1.753444	6.887517
1386	-857.8832	-1019.891	162.0079	1.576855	6.887517
1392	-863.3109	-1024.677	161.366	1.78787	7.130439
1398	-860.8538	-1025.148	164.2946	2.110397	5.388048
1404	-865.9584	-1030.983	165.0245	1.935762	5.065896
1410	-855.0645	-1019.202	164.1376	2.157911	5.452996
1416	-847.8341	-1010.768	162.9341	1.894826	6.232338
1422	-851.8823	-1014.019	162.1366	1.905717	6.659498
1428	-857.9958	-1020.473	162.477	1.802577	6.524038
1434	-849.4693	-1011.473	162.0032	1.802577	6.780153
1440	-855.122	-1018.282	163.1599	2.098282	6.015499
1446	-854.8238	-1015.097	160.2735	1.715133	7.750829
1452	-848.574	-1010.745	162.1711	1.677558	6.749812
1458	-855.6396	-1017.855	162.2158	1.628363	6.749812
1464	-850.0182	-1012.625	162.6063	2.341788	6.209611
1470	-857.5231	-1020.794	163.2708	2.202708	5.90817
1476	-853.1154	-1015.691	162.5756	1.768842	6.48678
1482	-864.6294	-1026.782	162.1524	1.81503	6.693662
1488	-873.6189	-1035.313	161.6938	1.868337	6.915976
1494	-868.2334	-1030.933	162.6998	1.93201	6.342186
1500	-847.9296	-1011.065	163.135	2.061872	6.045648
1506	-859.2384	-1022.91	163.6715	2.426504	5.591337
1512	-858.4631	-1022.114	163.6506	2.049774	5.769514
1518	-858.2594	-1020.879	162.6198	1.609842	6.540564
1524	-863.3012	-1024.9	161.599	1.609842	7.091386
1530	-859.4959	-1021.728	162.2324	1.905456	6.607821
1536	-871.8277	-1032.319	160.4915	1.818251	7.585245
1542	-857.3284	-1019.734	162.4055	1.814427	6.557063
1548	-854.3593	-1016.879	162.5199	1.693595	6.553378
1554	-876.3869	-1038.694	162.3075	1.7139	6.658427
1560	-861.4391	-1024.375	162.9355	2.235619	6.076573
1566	-855.8252	-1019.799	163.974	2.047121	5.593447
1572	-848.9604	-1011.872	162.9116	2.047121	6.173999
1578	-871.8048	-1034.773	162.9682	1.987508	6.170552
1584	-866.8835	-1029.956	163.0729	1.987508	6.113562
1590	-869.516	-1031.054	161.5376	1.511727	7.173215
1596	-860.5956	-1024.403	163.8071	2.063271	5.67758
1602	-858.1997	-1020.388	162.1885	1.927948	6.621089
1608	-870.0767	-1033.338	163.2618	1.927948	6.038398
1614	-870.4596	-1032.096	161.6364	1.927948	6.919143
1620	-866.8988	-1028.878	161.9794	2.075533	6.666624
1626	-875.3816	-1036.378	160.9963	1.907883	7.272787
1632	-894.5227	-1057.154	162.631	2.566254	6.101658
1638	-873.5132	-1034.901	161.3877	1.667483	7.176714
1644	-871.1578	-1034.945	163.7875	1.673956	5.873695
1650	-880.2155	-1044.09	163.8746	2.461509	5.4648
1656	-885.7547	-1048.013	162.2585	2.762002	6.225216
1662	-862.9817	-1025.859	162.8778	1.858473	6.280081
1668	-854.185	-1016.259	162.0739	1.677232	6.802422
1674	-858.6771	-1021.583	162.9058	1.835119	6.275922
1680	-867.836	-1031.585	163.7486	1.547656	5.958177
1686	-865.4867	-1028.971	163.484	1.547656	6.102465
1692	-860.439	-1021.955	161.5161	1.485778	7.197863
1698	-868.6379	-1031.364	162.7257	1.583266	6.496437
1704	-871.591	-1033.788	162.1966	1.481798	6.833494
1710	-862.8478	-1025.159	162.3117	1.493055	6.765698
1716	-874.4591	-1034.773	160.3136	2.051416	7.573335
1722	-871.2499	-1032.807	161.5567	1.925489	6.96324
1728	-886.0087	-1048.32	162.3108	1.874028	6.580105
1734	-880.0163	-1041.065	161.0484	1.937154	7.231269
1740	-871.543	-1034.311	162.7684	1.700513	6.415367
1746	-871.9232	-1034.705	162.782	1.685512	6.415367
1752	-862.3503	-1024.36	162.0101	2.078213	6.648799
1758	-861.2598	-1024.075	162.8155	1.703917	6.388172
1764	-859.8454	-1022.183	162.3378	1.73737	6.630642
1770	-850.8653	-1014.602	163.7367	1.73737	5.87032
1776	-850.4337	-1012.322	161.8882	1.91407	6.789815
1782	-853.6308	-1016.493	162.8622	1.699938	6.364772
1788	-855.8764	-1018.36	162.4832	2.140212	6.364772
1794	-860.2203	-1022.076	161.8559	2.000523	6.76738
1800	-863.8712	-1026.441	162.5702	1.587681	6.578428
1806	-860.5022	-1021.759	161.2564	1.824855	7.171849
1812	-884.2451	-1047.217	162.9715	1.245323	6.537491
1818	-872.4448	-1035.309	162.8644	1.718514	6.354505
1824	-874.2364	-1036.57	162.3341	1.631518	6.684363
1830	-857.8174	-1020.98	163.1623	1.702167	6.200676
1836	-861.0409	-1021.738	160.6975	1.553825	7.602766
1842	-862.9651	-1025.446	162.4807	2.187155	6.345234
1848	-853.8703	-1016.222	162.3522	1.735922	6.62358
1854	-856.2302	-1019.005	162.7753	1.740629	6.392154
1860	-850.2892	-1014.064	163.7753	2.053555	5.699498
1866	-856.4612	-1018.019	161.5578	1.80978	7.016857
1872	-861.6736	-1024.045	162.3709	2.105163	6.44134
1878	-868.0705	-1030.09	162.0199	1.685847	6.827343
1884	-848.5949	-1012.111	163.516	2.145337	5.799789
1890	-857.3937	-1019.979	162.5852	2.085939	6.333789
1896	-853.2136	-1016.8	163.5863	1.555145	6.042914
1902	-856.8831	-1017.975	161.0923	1.555145	7.390588
1908	-851.1572	-1012.23	161.0725	1.576562	7.390588
1914	-854.8613	-1016.929	162.068	1.576562	6.855219
1920	-848.2147	-1010.716	162.5009	1.357999	6.732777
1926	-850.7323	-1014.164	163.4322	1.759679	6.025671
1932	-859.6293	-1023.892	164.2624	1.631352	5.634857
1938	-855.0978	-1017.764	162.6662	1.764685	6.439694
1944	-845.7197	-1007.735	162.015	1.889379	6.732826
1950	-854.1986	-1016.549	162.3506	1.508992	6.736633
1956	-854.3349	-1017.349	163.0138	1.581126	6.341246
1962	-859.0182	-1020.284	161.2656	1.321909	7.416218
1968	-870.2052	-1032.218	162.0125	1.57288	6.887025
1974	-875.5546	-1037.894	162.339	1.731521	6.63283
1980	-877.7414	-1040.471	162.7299	1.876049	6.352087
1986	-868.7476	-1029.709	160.9616	1.701896	7.38882
1992	-886.4334	-1048.332	161.8986	1.439277	7.015741
1998	-879.7594	-1042.027	162.2681	1.788018	6.644003
2004	-876.6087	-1038.916	162.3077	1.743471	6.644003
2010	-884.0938	-1045.55	161.4566	1.581374	7.182025
2016	-868.0729	-1029.838	161.765	1.492018	7.060838
2022	-867.8146	-1029.902	162.0877	1.684638	6.791346
2028	-871.0682	-1032.154	161.086	1.577765	7.382738
2034	-857.5071	-1018.737	161.2299	1.724448	7.23394
2040	-856.9086	-1020.354	163.4459	2.350149	5.747879
2046	-869.3469	-1031.719	162.3716	2.350149	6.333515
2052	-862.986	-1024.867	161.8812	1.914424	6.793406
2058	-872.209	-1034.021	161.812	1.995367	6.793406
2064	-862.1366	-1024.272	162.1351	1.628297	6.793406
2070	-865.1101	-1027.077	161.9671	1.829834	6.786705
2076	-863.7016	-1025.432	161.7301	2.100165	6.790208
2082	-858.5121	-1020.314	161.8023	1.960868	6.814505
2088	-853.7736	-1016.816	163.042	1.892994	6.174519
2094	-848.5701	-1010.246	161.676	1.912079	6.905154
2100	-857.5633	-1021.483	163.9197	2.282111	5.517564
2106	-855.0468	-1016.779	161.7322	1.580472	7.034205
2112	-845.9968	-1009.071	163.0737	1.733783	6.233404
2118	-852.4316	-1015.259	162.8271	2.322114	6.097895
2124	-849.2739	-1012.982	163.7077	2.122453	5.705104
2130	-863.3458	-1026.368	163.022	1.558201	6.348312
2136	-863.9311	-1026.006	162.0752	1.463324	6.908372
2142	-861.3409	-1023.489	162.1479	1.971553	6.622897
2148	-862.4192	-1025.988	163.5683	1.487964	6.086902
2154	-855.8176	-1018.399	162.5816	1.70022	6.516737
2160	-852.9747	-1016.519	163.5442	1.720791	5.983543
2166	-861.9441	-1024.423	162.4788	1.720791	6.562401
2172	-869.2419	-1031.648	162.4056	1.684064	6.619872
2178	-863.2705	-1024.8	161.5293	1.728378	7.071087
2184	-846.6278	-1008.872	162.2445	1.541223	6.777649
2190	-853.2184	-1016.226	163.0075	1.548151	6.361227
2196	-855.6156	-1019.511	163.8955	1.876194	5.716478
2202	-874.2512	-1037.691	163.4403	2.259061	5.790652
2208	-873.0036	-1036.485	163.4814	1.914538	5.924851
2214	-859.4682	-1021.238	161.7702	1.747416	6.932203
2220	-858.1595	-1019.681	161.5214	1.737016	7.071168
2226	-862.0224	-1023.944	161.9212	1.737016	6.855823
2232	-862.7026	-1025.712	163.0091	1.368366	6.452472
2238	-856.8913	-1019.699	162.8081	2.007244	6.248571
2244	-854.3917	-1016.993	162.6009	1.812963	6.451924
2250	-846.4875	-1010.269	163.7814	2.016684	5.713135
2256	-861.0083	-1023.004	161.9956	1.692424	6.837278
2262	-854.1974	-1016.193	161.9956	1.692424	6.837278
2268	-854.2043	-1017.364	163.1599	1.939375	6.088549
2274	-854.5117	-1016.705	162.1934	2.135908	6.52375
2280	-852.798	-1015.294	162.4964	1.817797	6.506234
2286	-862.1282	-1024.375	162.2465	1.86948	6.617038
2292	-860.4688	-1023.197	162.7279	2.239389	6.187924
2298	-868.8852	-1031.655	162.7699	1.838583	6.348065
2304	-863.2303	-1025.237	162.0068	1.759833	6.798656
2310	-871.2304	-1034.399	163.1687	1.759833	6.169135
2316	-851.402	-1014.682	163.2798	1.851664	6.064552
2322	-872.2884	-1034.9	162.6111	2.683818	6.064552
2328	-875.8274	-1036.669	160.8415	1.878972	7.369289
2334	-862.198	-1025.037	162.839	1.871537	6.294951
2340	-862.4052	-1025.272	162.8666	2.197805	6.130794
2346	-873.7743	-1037.215	163.4403	2.531329	5.673966
2352	-865.1169	-1027.974	162.8573	1.870634	6.285424
2358	-864.5685	-1026.72	162.1516	1.870634	6.66784
2364	-866.7152	-1029.299	162.5841	1.758752	6.487042
2370	-848.9922	-1012.757	163.7644	1.985878	5.736735
2376	-846.7332	-1009.318	162.5852	1.533693	6.597338
2382	-846.0159	-1009.274	163.2583	2.115848	5.953877
2388	-862.8101	-1024.271	161.4611	1.821406	7.063413
2394	-857.0019	-1018.852	161.8499	1.91444	6.8103
2400	-866.017	-1028.887	162.8698	2.117514	6.16489
2406	-857.6291	-1020.109	162.4795	2.009145	6.426027
2412	-871.4	-1033.989	162.5894	2.011029	6.365574
2418	-871.0575	-1033.647	162.5894	2.011029	6.365574
2424	-868.643	-1030.939	162.2956	2.182926	6.447554
2430	-860.8123	-1023.382	162.5702	1.594522	6.574982
2436	-858.19	-1020.022	161.8316	1.805995	6.87114
2442	-860.6568	-1022.41	161.7528	1.411373	7.108433
2448	-854.321	-1015.162	160.8412	1.560754	7.522381
2454	-859.56	-1022.103	162.5429	1.560754	6.606619
2460	-869.2097	-1031.965	162.7558	1.335782	6.606619
2466	-843.7081	-1006.481	162.7728	1.75844	6.384879
2472	-842.5445	-1004.007	161.4627	1.782471	7.080991
2478	-863.3794	-1024.594	161.2143	1.59352	7.306123
2484	-858.1159	-1019.398	161.2816	1.520884	7.306123
2490	-855.5564	-1016.121	160.5645	1.412986	7.744682
2496	-863.8777	-1024.867	160.9896	1.548645	7.448872
2502	-849.6083	-1012.436	162.8274	1.60231	6.431838
2508	-843.9339	-1006.103	162.1693	1.699729	6.739975
2514	-855.3172	-1018.506	163.1886	1.819958	6.129368
2520	-854.2489	-1016.544	162.2949	1.687917	6.677844
2526	-857.6911	-1020.523	162.8318	1.586915	6.437116
2532	-852.1178	-1013.456	161.3384	1.606805	7.232969
2538	-858.7165	-1021.592	162.8756	1.704502	6.355286
2544	-858.701	-1019.78	161.0786	1.646912	7.35275
2550	-859.0177	-1021.049	162.0316	1.801752	6.765225
2556	-868.3997	-1029.887	161.4876	1.916578	7.004557
2562	-856.2809	-1018.872	162.5916	1.820406	6.453445
2568	-860.3235	-1022.941	162.6174	1.61276	6.540377
2574	-854.6799	-1017.307	162.6269	1.602463	6.540377
2580	-863.2247	-1027.205	163.9802	1.833702	5.690368
2586	-860.8964	-1023.386	162.4892	1.710389	6.56182
2592	-857.1947	-1020.243	163.0482	1.710389	6.258662
2598	-852.8492	-1015.068	162.2189	1.445638	6.839878
2604	-852.8644	-1014.55	161.6861	1.540345	7.079045
2610	-849.9695	-1013.202	163.2328	1.540345	6.242803
2616	-868.421	-1031.629	163.2083	2.576538	5.782249
2622	-875.52	-1039.081	163.5612	2.129364	5.782249
2628	-859.3198	-1023.682	164.3621	2.129364	5.342205
2634	-847.895	-1011.401	163.5058	2.32682	5.725149
2640	-848.7222	-1011.601	162.8787	2.096456	6.169514
2646	-842.7132	-1005.847	163.1339	1.923738	6.11002
2652	-852.3107	-1013.612	161.3012	1.980726	7.075352
2658	-855.5538	-1019.321	163.767	1.774275	5.835762
2664	-859.9126	-1022.457	162.5444	1.636475	6.56817
2670	-854.5213	-1016.727	162.2059	1.699547	6.72027
2676	-859.4966	-1023.214	163.7173	1.699547	5.899426
2682	-853.3998	-1016.27	162.8702	2.230759	6.114282
2688	-872.7977	-1036.107	163.3089	1.787721	6.079307
2694	-863.3636	-1026.999	163.635	1.833167	5.879543
2700	-850.1874	-1013.86	163.6723	1.833167	5.859198
2706	-873.4317	-1035.733	162.3017	2.293245	6.395985
2712	-854.0847	-1015.753	161.6685	2.254928	6.755229
2718	-861.2712	-1023.026	161.7544	1.996128	6.824153
2724	-856.2927	-1019.462	163.1689	2.188689	5.970068
2730	-853.0323	-1017.184	164.1516	3.125586	5.045094
2736	-867.0559	-1031.596	164.5401	3.125586	4.828965
2742	-861.5884	-1025.953	164.3642	2.908671	5.011079
2748	-850.191	-1014.113	163.922	2.557131	5.398378
2754	-856.6347	-1017.595	160.9599	1.887264	7.3019
2760	-861.7717	-1024.42	162.6488	1.945532	6.36357
2766	-852.0128	-1015.105	163.0923	1.804121	6.189376
2772	-858.4605	-1019.975	161.5148	1.796997	7.046065
2778	-854.7441	-1015.542	160.7979	1.995038	7.339242
2784	-848.3548	-1010.265	161.9101	1.683061	6.887942
2790	-865.5353	-1027.612	162.0767	2.153481	6.579118
2796	-853.0646	-1015.705	162.6401	1.660293	6.50463
2802	-855.7269	-1018.183	162.4559	1.633872	6.617349
2808	-864.0303	-1025.346	161.316	1.633872	7.231666
2814	-857.6803	-1020.514	162.8342	2.022891	6.227188
2820	-857.2084	-1019.213	162.0048	2.034678	6.671347
2826	-866.627	-1029.655	163.0278	2.082082	6.094866
2832	-852.347	-1015.462	163.1152	1.951185	6.107396
2838	-853.0066	-1015.357	162.3504	1.895333	6.548681
2844	-857.0361	-1019.641	162.6052	1.609401	6.548681
2850	-864.5155	-1026.11	161.5948	2.068926	6.877225
2856	-868.9205	-1030.871	161.9508	1.630187	6.891894
2862	-863.6747	-1025.917	162.2425	1.927458	6.592131
2868	-871.9229	-1033.651	161.728	1.87486	6.894487
2874	-867.4455	-1029.036	161.5903	1.885098	6.963917
2880	-858.3072	-1020.889	162.582	1.691477	6.520796
2886	-856.7047	-1019.998	163.2935	1.376182	6.294078
2892	-846.8525	-1008.998	162.1454	1.487204	6.858391
2898	-851.2714	-1013.583	162.3112	1.453304	6.786149
2904	-852.0097	-1015.172	163.1627	1.622396	6.239796
2910	-855.5524	-1017.843	162.2909	1.401762	6.823544
2916	-867.8082	-1029.941	162.1326	1.570291	6.823544
2922	-850.9297	-1013.854	162.9241	1.918436	6.226658
2928	-860.7199	-1023.249	162.5293	1.630228	6.579432
2934	-874.2589	-1037.802	163.5427	1.958851	5.870625
2940	-853.6055	-1016.31	162.7048	1.370807	6.615966
2946	-866.9922	-1029.942	162.9497	1.250487	6.546527
2952	-861.6718	-1024.251	162.5796	1.877309	6.433021
2958	-845.0854	-1007.44	162.3546	1.560508	6.708566
2964	-868.3186	-1031.864	163.5457	1.76821	5.959632
2970	-845.6463	-1009.221	163.575	1.503058	6.075525
2976	-851.5755	-1014.599	163.0235	1.503058	6.375375
2982	-859.0278	-1021.137	162.1088	1.391087	6.927195
2988	-854.1704	-1016.289	162.1187	1.442325	6.895616
2994	-860.3256	-1022.857	162.5311	1.442325	6.672984
3000	-857.8507	-1019.728	161.877	1.399323	7.047838
3006	-851.5245	-1013.66	162.1355	1.657371	6.778901
3012	-842.7572	-1005.689	162.9319	1.512392	6.420318
3018	-850.5365	-1014.252	163.7152	1.515205	5.992912
3024	-874.7608	-1037.04	162.2791	1.597459	6.730941
3030	-871.2727	-1033.131	161.8578	1.895848	6.814688
3036	-864.0732	-1027.031	162.9575	2.34981	6.014914
3042	-864.9673	-1028.473	163.5061	2.34981	5.715025
3048	-868.3369	-1031.667	163.3298	1.643573	6.138375
3054	-871.0966	-1033.146	162.0496	2.227396	6.56121
3060	-863.5847	-1026.02	162.4348	1.772594	6.56121
3066	-855.8717	-1017.844	161.9718	1.702261	6.845306
3072	-851.4966	-1012.501	161.0048	1.756494	7.339398
3078	-848.257	-1011.268	163.0107	2.073637	6.107974
3084	-847.7313	-1010.833	163.102	1.965374	6.107974
3090	-855.173	-1017.704	162.531	1.900484	6.448471
3096	-857.8199	-1019.572	161.7517	1.818566	6.908217
3102	-858.9225	-1021.315	162.3922	1.818566	6.56231
3108	-856.967	-1019.143	162.1759	2.071099	6.56231
3114	-869.9666	-1031.08	161.113	1.667443	7.324263
3120	-860.7689	-1022.694	161.9247	1.824165	6.812297
3126	-870.4698	-1031.285	160.8151	1.575043	7.529299
3132	-869.2299	-1031.773	162.5434	1.708212	6.533529
3138	-863.8085	-1027.128	163.3194	1.979996	5.982697
3144	-867.331	-1029.985	162.6542	1.868298	6.396794
3150	-868.1962	-1028.799	160.6027	1.851802	7.509937
3156	-869.2331	-1031.783	162.5502	2.014762	6.385122
3162	-865.1019	-1026.749	161.6469	1.959686	6.898825
3168	-852.0298	-1015.762	163.7324	1.854031	5.816329
3174	-860.0644	-1022.698	162.6337	1.719906	6.47896
3180	-857.5421	-1021.008	163.4659	1.77702	5.998909
3186	-868.6704	-1029.915	161.2449	1.885808	7.149469
3192	-873.5725	-1035.483	161.9102	1.52185	6.967646
3198	-865.2182	-1026.795	161.5764	1.996943	6.919755
3204	-852.9116	-1016.766	163.8539	2.242545	5.571158
3210	-854.7841	-1017.199	162.4152	1.989799	6.469765
3216	-854.9541	-1016.84	161.8863	1.698329	6.893345
3222	-854.646	-1016.222	161.5764	1.645446	7.086051
3228	-860.9947	-1022.957	161.9619	1.986337	6.716609
3234	-856.3672	-1020.125	163.7583	1.986337	5.739827
3240	-855.8349	-1018.378	162.5436	1.986337	6.401779
3246	-847.4514	-1010.367	162.9155	1.986337	6.199761
3252	-847.3693	-1008.956	161.5867	1.72322	7.042701
3258	-845.7491	-1007.799	162.0497	1.853232	6.731057
3264	-846.2798	-1009.613	163.3329	2.000444	5.965877
3270	-843.4852	-1006.777	163.2919	1.774753	6.094858
3276	-841.4307	-1003.797	162.3659	1.984367	6.498971
3282	-851.3261	-1014.419	163.0931	1.794414	6.193557
3288	-858.7077	-1020.097	161.3894	1.778578	7.122312
3294	-849.0207	-1010.531	161.5101	1.967057	6.96917
3300	-844.694	-1006.874	162.1804	1.835414	6.66886
3306	-851.0305	-1013.115	162.0848	2.023944	6.633024
3312	-852.0823	-1014.471	162.389	1.675551	6.633024
3318	-849.4769	-1012.747	163.27	2.485441	5.786482
3324	-864.1041	-1024.355	160.2506	1.569172	7.834109
3330	-868.6927	-1028.755	160.0626	1.776849	7.834109
3336	-874.7909	-1036.167	161.3756	2.232607	6.922928
3342	-862.1185	-1023.625	161.5065	2.08487	6.917683
3348	-856.0498	-1018.982	162.9324	1.862605	6.248429
3354	-867.8214	-1029.86	162.0385	2.008676	6.665009
3360	-858.523	-1021.971	163.4483	1.711487	6.040393
3366	-860.4591	-1021.693	161.234	1.708423	7.239468
3372	-874.3432	-1035.239	160.8963	1.875835	7.341345
3378	-880.896	-1042.254	161.3578	1.857583	7.101963
3384	-865.0502	-1027.405	162.3549	1.857583	6.564021
3390	-865.7371	-1027.924	162.1864	2.054785	6.564021
3396	-875.4292	-1037.371	161.9417	1.593936	6.914698
3402	-856.6313	-1018.72	162.0891	1.998797	6.642173
3408	-857.2575	-1020.227	162.9697	1.901765	6.209694
3414	-852.6617	-1015.181	162.5191	1.901765	6.454304
3420	-863.1761	-1026.898	163.7216	1.970259	5.767447
3426	-862.7214	-1025.435	162.7132	2.462082	6.100262
3432	-861.2016	-1024.517	163.3152	2.01597	5.968381
3438	-862.198	-1026.548	164.3495	1.942203	5.435854
3444	-865.2955	-1028.194	162.8989	2.123099	6.146525
3450	-851.4732	-1014.602	163.1284	1.852756	6.146525
3456	-866.1325	-1028.84	162.7076	2.069855	6.274604
3462	-870.4481	-1033.259	162.8111	1.859244	6.315939
3468	-866.8325	-1029.516	162.6839	1.627608	6.497037
3474	-867.0467	-1029.003	161.956	1.725538	6.842582
3480	-867.3644	-1029.309	161.9447	1.713088	6.854726
3486	-852.3248	-1015.367	163.0419	1.425806	6.404932
3492	-853.2212	-1015.838	162.6166	1.894364	6.404932
3498	-858.8676	-1022.062	163.1948	2.034901	6.025365
3504	-853.5612	-1016.325	162.7642	1.795196	6.371877
3510	-847.9652	-1010.237	162.2722	2.039319	6.52461
3516	-851.8493	-1015.376	163.5263	1.884986	5.914294
3522	-858.5735	-1020.207	161.6334	1.746604	7.006313
3528	-860.8108	-1024.229	163.4183	2.110393	5.868977
3534	-853.7461	-1017.432	163.6861	2.804425	5.427437
3540	-854.645	-1017.205	162.5602	1.931768	6.418013
3546	-854.3699	-1017.43	163.0599	1.906165	6.158577
3552	-854.5467	-1017.777	163.23	1.833646	6.100292
3558	-858.5766	-1021.907	163.3306	2.47378	5.7582
3564	-859.0587	-1021.388	162.3297	2.379203	6.343855
3570	-861.407	-1023.349	161.9422	1.90029	6.767041
3576	-869.2787	-1031.729	162.4502	2.03291	6.431059
3582	-866.3874	-1029.345	162.9576	2.019264	6.1617
3588	-862.4586	-1026.426	163.9674	2.41253	5.434631
3594	-863.9511	-1027.985	164.0341	2.098276	5.536951
3600	-875.7536	-1038.095	162.341	2.048363	6.483245
3606	-866.5724	-1028.766	162.1931	2.048363	6.56331
3612	-861.2083	-1023.2	161.9915	1.919339	6.731562
3618	-862.9087	-1024.628	161.7192	1.889664	6.892314
3624	-872.7302	-1034.861	162.1306	1.826626	6.699961
3630	-860.9025	-1024.38	163.4773	1.862593	5.951649
3636	-866.2789	-1029.907	163.6279	2.030477	5.790791
3642	-856.3277	-1019.54	163.2127	1.806584	6.122629
3648	-851.3174	-1014.581	163.264	2.039204	5.985645
3654	-856.1962	-1020.012	163.8159	2.006566	5.69889
3660	-847.6142	-1011.097	163.4829	1.66706	6.043369
3666	-845.7783	-1009.016	163.2381	1.806548	6.108849
3672	-850.1061	-1013.843	163.7364	1.951013	5.76832
3678	-856.6655	-1019.908	163.2421	1.738872	6.139365
3684	-851.9536	-1015.33	163.3769	1.70285	6.083531
3690	-855.116	-1017.933	162.8165	1.567814	6.454935
3696	-859.2548	-1023.191	163.9361	1.958565	5.655338
3702	-843.8246	-1007.634	163.8095	2.109152	5.655338
3708	-846.9312	-1009.821	162.8897	2.109152	6.157785
3714	-851.3521	-1014.087	162.7348	2.299899	6.157785
3720	-851.9532	-1015.378	163.4247	1.585171	6.115853
3726	-854.3546	-1018.859	164.5041	2.333396	5.172668
3732	-852.4038	-1015.176	162.7723	1.773536	6.377898
3738	-851.1982	-1013.462	162.2643	1.81714	6.632169
3744	-856.3934	-1018.734	162.3404	1.953674	6.526959
3750	-866.4359	-1030.022	163.5858	2.212881	5.731402
3756	-865.1017	-1027.574	162.4722	1.962774	6.451365
3762	-855.851	-1018.244	162.3933	1.962774	6.494124
3768	-854.2055	-1017.94	163.7342	2.062862	5.71776
3774	-849.5173	-1012.875	163.3581	1.985422	5.95906
3780	-853.527	-1016.834	163.3068	1.671626	6.137064
3786	-847.3944	-1010.737	163.3431	1.631722	6.137064
3792	-848.6134	-1011.735	163.1212	2.125586	6.024299
3798	-854.1583	-1018.671	164.5132	2.064617	5.288504
3804	-857.0603	-1021.7	164.6396	1.902542	5.294681
3810	-852.359	-1015.304	162.9447	1.717105	6.311611
3816	-850.5434	-1013.125	162.5816	1.999768	6.374961
3822	-856.1033	-1020.048	163.9451	2.305167	5.493445
3828	-844.9068	-1008.19	163.2829	2.228444	5.890189
3834	-853.8174	-1017.032	163.2145	2.313734	5.890189
3840	-847.2723	-1009.436	162.1634	1.620754	6.781862
3846	-850.2827	-1012.244	161.9608	1.847332	6.781862
3852	-844.4927	-1007.492	162.9996	1.810931	6.236524
3858	-851.0499	-1013.228	162.1783	1.928956	6.626143
3864	-853.1095	-1015.459	162.3497	2.397964	6.32504
3870	-855.107	-1018.345	163.2376	1.475315	6.273267
3876	-860.1906	-1022.457	162.2662	1.660797	6.706644
3882	-858.5742	-1021.292	162.7179	1.951752	6.323166
3888	-853.2195	-1016.684	163.4647	1.945671	5.919401
3894	-866.728	-1029.071	162.3428	2.19368	6.417184
3900	-854.4445	-1016.704	162.2598	1.858602	6.614958
3906	-871.9792	-1034.473	162.494	2.186921	6.338125
3912	-877.7369	-1041.378	163.6409	2.216337	5.699671
3918	-863.7899	-1025.884	162.0943	2.216337	6.541884
3924	-869.355	-1031.536	162.1809	1.9132	6.632073
3930	-866.3905	-1027.547	161.1567	1.74178	7.264936
3936	-862.2833	-1023.407	161.1238	1.814902	7.247798
3942	-859.2938	-1021.307	162.0131	1.671723	6.837923
3948	-863.2686	-1025.795	162.5263	2.214497	6.30842
3954	-867.9796	-1031.282	163.3026	1.835204	6.059995
3960	-873.3141	-1035.098	161.7842	1.570539	7.011175
3966	-851.6749	-1013.288	161.6132	1.581544	7.097749
3972	-871.7034	-1033.336	161.6329	1.560206	7.097749
3978	-867.9745	-1029.88	161.9056	2.227219	6.639182
3984	-853.6704	-1016.409	162.7388	1.607044	6.477453
3990	-843.5975	-1005.805	162.2076	1.739591	6.699948
3996	-853.562	-1017.673	164.1112	1.687865	5.689645
4002	-860.4389	-1021.992	161.5533	2.302023	6.797089
4008	-852.2963	-1015.971	163.6746	1.690813	5.927071
4014	-848.9219	-1012.694	163.7716	1.738267	5.850774
4020	-856.2984	-1019.338	163.04	1.357886	6.441175
4026	-859.1507	-1021.324	162.1737	1.943827	6.621735
4032	-854.2666	-1017.085	162.8184	1.865416	6.309047
4038	-865.28	-1028.228	162.9479	1.718885	6.309047
4044	-859.9055	-1022.315	162.4091	1.814434	6.555103
4050	-853.1368	-1016.814	163.677	2.338373	5.626275
4056	-855.2328	-1017.328	162.0957	1.897641	6.685387
4062	-851.9675	-1014.268	162.301	1.941105	6.554124
4068	-858.3504	-1021.338	162.9873	1.941105	6.181707
4074	-853.953	-1016.155	162.2023	1.978845	6.590092
4080	-851.1007	-1013.347	162.2467	1.555124	6.769539
4086	-854.7495	-1016.472	161.7222	1.442739	7.108885
4092	-853.222	-1016.974	163.7525	1.914699	5.776563
4098	-871.2903	-1033.967	162.6769	1.798497	6.417669
4104	-876.5024	-1038.198	161.696	1.329732	7.181086
4110	-870.834	-1031.771	160.9365	1.683271	7.411239
4116	-875.2696	-1037.501	162.2311	1.456654	6.827698
4122	-870.9616	-1033.563	162.6011	1.760958	6.47675
4128	-877.0137	-1038.166	161.1526	1.292048	7.49226
4134	-876.7061	-1039.962	163.2561	1.249233	6.381143
4140	-869.9246	-1031.159	161.2343	1.627171	7.278813
4146	-875.4494	-1037.914	162.4645	1.389822	6.735985
4152	-857.9994	-1020.18	162.1805	1.811726	6.68004
4158	-857.8457	-1018.839	160.9935	1.715643	7.365072
4164	-874.9342	-1037.281	162.347	1.679897	6.653588
4170	-871.7164	-1034.731	163.0142	1.56569	6.348796
4176	-878.5099	-1040.003	161.493	1.50321	7.201492
4182	-860.9859	-1022.354	161.3682	1.396781	7.322574
4188	-867.0171	-1029.299	162.2815	1.767558	6.646537
4194	-865.3495	-1027.837	162.4878	1.591938	6.620872
4200	-867.8278	-1029.738	161.91	2.095042	6.695334
4206	-881.9402	-1043.183	161.2424	1.607932	7.283953
4212	-879.7911	-1043.355	163.5636	1.672903	5.996467
4218	-872.3912	-1035.228	162.8368	1.720955	6.368305
4224	-865.531	-1026.452	160.9206	1.655358	7.433358
4230	-857.3887	-1019.07	161.6809	1.599792	7.05224
4236	-854.4282	-1016.509	162.081	1.712789	6.781286
4242	-857.3002	-1019.351	162.0509	1.582173	6.861666
4248	-852.6813	-1016.217	163.5358	1.518162	6.089213
4254	-838.2565	-1001.617	163.3601	1.709923	6.089213
4260	-846.1077	-1009.414	163.3066	1.769805	6.089213
4266	-849.469	-1013.068	163.5994	1.769805	5.929545
4272	-859.3884	-1021.987	162.5988	1.64653	6.533757
4278	-863.9797	-1027.168	163.1884	2.12935	5.985955
4284	-867.0743	-1028.998	161.9238	1.444514	6.999471
4290	-861.8322	-1024.426	162.5942	1.507459	6.605728
4296	-859.7395	-1022.556	162.8169	1.66382	6.407088
4302	-868.8826	-1030.69	161.8075	1.680661	6.944399
4308	-867.8883	-1029.966	162.0779	2.100404	6.602182
4314	-857.2808	-1019.911	162.6306	1.950321	6.371193
4320	-885.3815	-1047.459	162.0776	1.807118	6.73785
4326	-878.9427	-1041.202	162.2598	1.807118	6.639395
4332	-873.1973	-1035.777	162.5801	1.762253	6.487519
4338	-894.0381	-1056.577	162.5389	1.410752	6.685004
4344	-871.5767	-1034.616	163.0393	1.948669	6.149895
4350	-871.2	-1035.095	163.8945	1.880677	5.714912
4356	-869.9486	-1032.89	162.9416	1.550443	6.395842
4362	-878.7195	-1041.171	162.4511	1.642452	6.615689
4368	-883.27	-1045.958	162.6879	1.492277	6.562724
4374	-879.722	-1041.862	162.1403	2.156763	6.543235
4380	-880.575	-1042.676	162.1013	2.204567	6.543235
4386	-866.9197	-1029.147	162.2271	2.052108	6.543235
4392	-874.4125	-1036.565	162.1521	1.577087	6.809605
4398	-873.751	-1035.777	162.0257	1.715924	6.809605
4404	-876.4209	-1040.04	163.6195	2.022073	5.799257
4410	-872.7996	-1036.391	163.5913	2.022073	5.814729
4416	-868.6153	-1032.168	163.5528	2.067981	5.814729
4422	-862.2843	-1023.849	161.5647	1.693191	7.069051
4428	-869.9219	-1032.491	162.5687	1.83408	6.459349
4434	-868.5818	-1030.726	162.1439	1.962558	6.62916
4440	-872.8939	-1035.854	162.9601	1.988124	6.174722
4446	-860.866	-1022.892	162.0263	1.83802	6.7509
4452	-853.2612	-1015.472	162.2109	1.856223	6.642533
4458	-863.8141	-1026.039	162.2251	1.54754	6.784951
4464	-854.0269	-1016.83	162.803	1.694292	6.399678
4470	-858.2141	-1021.202	162.9877	1.513192	6.389663
4476	-860.5698	-1022.683	162.1133	1.750746	6.745521
4482	-863.8878	-1025.842	161.9545	1.918388	6.751966
4488	-866.6777	-1028.909	162.2317	1.542186	6.784119
4494	-861.2906	-1022.871	161.5806	1.945374	6.941169
4500	-855.8133	-1018.409	162.5953	2.047314	6.345799
4506	-838.6838	-1001.24	162.5559	1.522619	6.618769
4512	-853.3315	-1015.35	162.0188	1.522619	6.908781
4518	-854.1299	-1017.656	163.5261	1.547321	6.079692
4524	-858.8345	-1020.806	161.9712	1.45296	6.969649
4530	-861.6575	-1023.169	161.5113	1.928182	6.986455
4536	-860.3649	-1023.161	162.7963	1.928182	6.291572
4542	-867.1296	-1028.899	161.769	1.540018	7.034571
4548	-861.152	-1023.003	161.8508	1.535884	6.992634
4554	-858.2412	-1020.483	162.2419	1.535884	6.781735
4560	-869.9561	-1034.146	164.1901	1.384811	5.800843
4566	-858.8296	-1021.452	162.6222	1.687755	6.500871
4572	-854.6018	-1017.089	162.487	1.554593	6.639971
4578	-859.7156	-1022.575	162.8598	1.554593	6.438092
4584	-851.6482	-1014.281	162.6329	1.805582	6.438092
4590	-863.3529	-1025.986	162.6329	1.805582	6.438092
4596	-855.3702	-1018.074	162.7035	1.517236	6.541621
4602	-848.5685	-1011.046	162.4773	1.765527	6.541621
4608	-845.9339	-1006.992	161.0577	1.732161	7.322692
4614	-850.7214	-1011.531	160.8098	1.73225	7.455553
4620	-848.9392	-1012.95	164.0107	1.737204	5.720477
4626	-856.9388	-1019.75	162.8116	1.809067	6.339533
4632	-860.1975	-1022.438	162.2403	1.751347	6.676609
4638	-856.7415	-1018.288	161.5466	1.583211	7.132732
4644	-859.5396	-1022.057	162.517	1.965968	6.42557
4650	-866.3107	-1028.992	162.6818	1.807218	6.410826
4656	-853.1141	-1016.412	163.2978	1.532357	6.21155
4662	-879.762	-1043.096	163.3345	1.49309	6.21155
4668	-873.4302	-1035.698	162.2676	1.894166	6.594039
4674	-871.9605	-1035.635	163.6743	1.670534	5.937254
4680	-864.8937	-1028.015	163.1209	1.304118	6.425444
4686	-858.9935	-1022.832	163.8389	1.503845	5.9312
4692	-863.4324	-1027.048	163.6158	1.673467	5.967701
4698	-870.499	-1033.392	162.8926	1.275379	6.564288
4704	-876.6048	-1037.427	160.8225	1.301175	7.664247
4710	-860.5679	-1023.81	163.2423	1.323559	6.349387
4716	-853.8158	-1016.949	163.1327	1.437959	6.349387
4722	-864.1593	-1027.275	163.1157	1.538797	6.307226
4728	-843.0904	-1006.001	162.9106	1.584793	6.395435
4734	-854.4302	-1016.677	162.2473	1.699357	6.69802
4740	-858.114	-1019.623	161.5086	1.868584	7.015655
4746	-861.8909	-1023.915	162.0246	2.034462	6.660779
4752	-856.4001	-1019.491	163.0904	1.889054	6.150018
4758	-858.9418	-1021.898	162.9564	2.046245	6.150018
4764	-864.9481	-1027.951	163.0026	1.608969	6.333428
4770	-875.1832	-1036.123	160.94	1.541938	7.478802
4776	-867.7165	-1028.598	160.8811	1.605688	7.478802
4782	-843.8888	-1006.537	162.6484	1.605688	6.527111
4788	-849.0542	-1011.832	162.7778	1.943292	6.294595
4794	-848.5119	-1011.356	162.8441	1.888155	6.284346
4800	-858.0115	-1020.71	162.699	2.058602	6.284346
4806	-853.4816	-1017.332	163.8504	1.956544	5.703306
4812	-855.5852	-1018.158	162.5732	1.845524	6.451458
4818	-860.596	-1022.993	162.3969	1.72648	6.603955
4824	-844.0196	-1007.202	163.1822	1.615954	6.232384
4830	-854.5557	-1017.985	163.4298	2.383469	5.742311
4836	-847.5857	-1009.078	161.4927	2.071896	6.93094
4842	-853.0127	-1015.072	162.0596	1.809479	6.746463
4848	-856.7523	-1017.786	161.0335	1.721016	7.341018
4854	-846.0789	-1008.171	162.0921	2.276672	6.516761
4860	-837.6372	-1000.738	163.1011	1.51135	6.329079
4866	-857.9507	-1020.079	162.1279	1.812912	6.707887
4872	-857.4518	-1021.319	163.8668	1.849648	5.744875
4878	-862.0263	-1023.619	161.5932	2.043446	6.889601
4884	-852.0254	-1014.7	162.6747	2.099716	6.278982
4890	-852.1507	-1014.762	162.6117	2.176232	6.278982
4896	-862.0632	-1025.157	163.094	2.176232	6.016476
4902	-845.7037	-1008.265	162.5611	1.951849	6.408222
4908	-841.3042	-1003.914	162.6093	1.929824	6.39229
4914	-853.8156	-1016.27	162.4539	2.114215	6.39229
4920	-838.7382	-1001.414	162.6761	1.998282	6.324365
4926	-846.0278	-1009.922	163.8938	2.119383	5.60445
4932	-843.9572	-1006.991	163.0339	2.219088	6.030216
4938	-847.1596	-1010.222	163.062	2.419081	5.92824
4944	-854.2131	-1016.943	162.7295	1.747794	6.413496
4950	-864.469	-1025.721	161.2524	1.886795	7.144946
4956	-853.8645	-1017.487	163.6226	1.886795	5.860791
4962	-853.7361	-1017.89	164.154	2.176104	5.435746
4968	-875.5947	-1038.048	162.4536	1.484794	6.693226
4974	-859.1535	-1021.814	162.6605	2.034664	6.316165
4980	-858.1971	-1021.45	163.2525	2.079697	5.973424
4986	-848.176	-1011.84	163.6637	1.926836	5.819417
4992	-858.7712	-1020.477	161.7058	1.676208	7.001363
4998	-862.4025	-1024.193	161.7904	1.636447	6.975235
5004	-862.9675	-1025.503	162.5354	2.029159	6.386575
5010	-845.3532	-1008.246	162.8928	2.048369	6.183651
5016	-861.2319	-1024.705	163.4727	2.399086	5.712128
5022	-862.5722	-1024.869	162.2964	1.73701	6.653213
5028	-861.044	-1025.485	164.4411	2.111311	5.306832
5034	-854.8687	-1017.836	162.9673	2.408268	5.98453
5040	-866.451	-1028.744	162.2927	1.392085	6.827547
5046	-864.2956	-1025.717	161.421	1.972609	7.014593
5052	-862.2856	-1023.313	161.0273	1.833137	7.291018
5058	-866.1997	-1029.475	163.2753	1.576116	6.201686
5064	-864.9215	-1025.59	160.6689	1.813408	7.492492
5070	-865.9068	-1027.459	161.5522	1.38423	7.230208
5076	-866.7168	-1028.858	162.1413	2.089331	6.572815
5082	-873.6999	-1036.004	162.3041	2.371307	6.361117
5088	-866.8133	-1027.821	161.008	1.617821	7.404861
5094	-856.1776	-1018.162	161.9847	1.947129	6.722379
5100	-864.2042	-1026.88	162.6756	1.522649	6.553978
5106	-855.6518	-1017.67	162.0185	1.714101	6.814398
5112	-865.1376	-1027.378	162.2408	1.923217	6.595004
5118	-864.2134	-1026.936	162.7223	2.245266	6.188397
5124	-856.931	-1019.401	162.4699	1.8366	6.511675
5130	-866.747	-1029.547	162.7999	1.748934	6.374754
5136	-863.608	-1026.364	162.7556	1.861714	6.344859
5142	-851.3935	-1014.748	163.3546	1.861714	6.019047
5148	-845.9877	-1008.39	162.4028	1.882728	6.526266
5154	-849.6077	-1010.856	161.2483	1.969318	7.10903
5160	-848.442	-1012.679	164.2374	2.152703	5.40039
5166	-860.1791	-1021.554	161.3747	1.727562	7.154628
5172	-860.8713	-1022.954	162.083	1.701455	6.785708
5178	-855.8167	-1018.204	162.3872	1.560716	6.690832
5184	-857.2076	-1020.895	163.6872	1.530839	6.000242
5190	-857.1095	-1019.514	162.4048	1.904446	6.514974
5196	-854.8496	-1018.443	163.5937	1.735075	5.949562
5202	-863.5389	-1027.003	163.464	1.719017	6.028164
5208	-861.4084	-1022.271	160.8627	1.749147	7.419117
5214	-876.068	-1038.94	162.8721	1.221818	6.603719
5220	-864.9122	-1027.451	162.5388	1.571052	6.603719
5226	-866.4778	-1029.18	162.7025	1.581341	6.509952
5232	-868.585	-1031.897	163.3125	1.796354	6.073235
5238	-858.5035	-1021.689	163.1859	1.866188	6.10885
5244	-861.8805	-1025.036	163.1558	1.751187	6.180326
5250	-866.6927	-1028.702	162.0092	1.989775	6.689484
5256	-862.9676	-1024.715	161.7469	1.674298	6.980155
5262	-864.7226	-1025.909	161.1863	1.384961	7.426169
5268	-854.7716	-1017.715	162.9434	1.67025	6.335266
5274	-851.3371	-1014.652	163.3147	2.051635	5.952263
5280	-859.3758	-1021.735	162.3591	1.612809	6.680064
5286	-851.4853	-1013.877	162.3913	1.431072	6.754299
5292	-854.0589	-1015.576	161.5172	1.602735	7.138885
5298	-858.4705	-1021.568	163.0973	1.590203	6.291402
5304	-862.4936	-1025.703	163.2096	1.590203	6.23038
5310	-856.2918	-1018.949	162.6572	1.435817	6.608141
5316	-861.8574	-1023.47	161.6131	1.59753	7.089859
5322	-856.8382	-1019.674	162.8355	1.59753	6.429787
5328	-862.9795	-1025.535	162.5551	1.699728	6.531347
5334	-847.9127	-1009.844	161.9313	1.737852	6.849982
5340	-854.7352	-1017.964	163.2284	1.824112	6.105695
5346	-850.4017	-1012.3	161.8986	2.053654	6.720145
5352	-860.9686	-1023.594	162.6259	2.053654	6.326325
5358	-862.0019	-1025.572	163.5696	1.865872	5.899702
5364	-863.2492	-1025.318	162.0686	1.524297	6.881072
5370	-862.5487	-1025.442	162.8933	2.443245	6.010067
5376	-866.7729	-1030.086	163.3133	1.928441	6.010067
5382	-866.773	-1030.705	163.9318	2.397749	5.460581
5388	-851.6616	-1014.843	163.1818	2.551331	5.807202
5394	-853.6582	-1017.134	163.4762	2.230853	5.783411
5400	-864.6949	-1027.477	162.7825	2.345764	6.112006
5406	-854.9831	-1016.661	161.6776	2.227385	6.762316
5412	-851.677	-1013.322	161.6454	1.76502	6.991027
5418	-847.4372	-1010.923	163.4859	2.255127	5.767408
5424	-855.496	-1019.289	163.7933	2.269103	5.59273
5430	-853.947	-1017.417	163.4702	2.688727	5.59273
5436	-847.9151	-1010.327	162.4114	1.85355	6.535338
5442	-848.5409	-1012.131	163.5898	1.85355	5.894555
5448	-851.7093	-1015.142	163.4328	2.036872	5.894555
5454	-859.3287	-1022.465	163.1368	2.036872	6.056091
5460	-845.2433	-1008.381	163.1373	2.036237	6.056091
5466	-857.3564	-1020.503	163.1466	2.025144	6.056091
5472	-843.1284	-1006.653	163.5245	1.90546	5.905589
5478	-852.9127	-1016.532	163.6196	2.097797	5.764562
5484	-861.2742	-1024.276	163.0018	1.988313	6.151946
5490	-856.2273	-1019.474	163.2472	1.707372	6.151946
5496	-860.0397	-1022.514	162.4746	1.736136	6.557226
5502	-845.7896	-1009.224	163.4341	1.595387	6.105604
5508	-850.1449	-1012.862	162.7169	1.595387	6.495128
5514	-856.7987	-1020.274	163.4757	1.943437	5.91443
5520	-868.755	-1030.936	162.1812	1.89523	6.640311
5526	-845.9137	-1009.318	163.404	1.89523	5.976183
5532	-853.4549	-1016.778	163.3228	1.843052	6.045225
5538	-848.3686	-1010.623	162.2547	1.951972	6.574114
5544	-854.5821	-1016.359	161.7771	2.061015	6.782437
5550	-853.8353	-1017.553	163.7176	1.96255	5.773237
5556	-861.4207	-1024.307	162.8861	1.910247	6.251135
5562	-854.8263	-1018.343	163.5165	2.288102	5.736158
5568	-856.4325	-1019.792	163.3591	1.930902	5.983953
5574	-852.0573	-1015.503	163.4455	1.930902	5.936764
5580	-846.4464	-1009.336	162.8897	2.308192	6.069839
5586	-847.4442	-1011.081	163.6372	2.053111	5.775347
5592	-849.1949	-1013.029	163.834	2.404778	5.511374
5598	-850.6854	-1015.058	164.3725	1.92232	5.432609
5604	-845.0069	-1008.373	163.3656	1.863299	6.012252
5610	-847.875	-1009.588	161.7133	1.484149	7.092654
5616	-863.3713	-1025.354	161.9828	1.840093	6.773414
5622	-860.2061	-1022.924	162.718	1.834539	6.37819
5628	-846.432	-1009.103	162.6705	1.834539	6.403921
5634	-864.9744	-1027.889	162.9151	1.834539	6.271159
5640	-857.6526	-1020.391	162.7386	1.744902	6.409968
5646	-865.0027	-1028.619	163.6164	1.806017	5.902746
5652	-867.7437	-1029.112	161.3681	1.615677	7.212613
5658	-869.6582	-1032.454	162.7956	1.396005	6.553786
5664	-863.7325	-1025.145	161.4127	1.821548	7.089367
5670	-851.2128	-1013.521	162.3084	1.818725	6.60759
5676	-854.9898	-1017.737	162.7473	1.687917	6.433008
5682	-850.6031	-1013.585	162.9823	1.536063	6.381013
5688	-862.5874	-1024.854	162.2669	1.536063	6.768178
5694	-864.4365	-1025.645	161.2085	1.70516	7.254721
5700	-869.0141	-1029.96	160.9456	1.465598	7.514095
5706	-859.5472	-1022.265	162.7173	1.57287	6.506179
5712	-860.5212	-1022.901	162.3793	1.953056	6.506179
5718	-860.8347	-1022.28	161.445	1.953056	7.010654
5724	-873.3063	-1033.508	160.202	1.867847	7.716904
5730	-858.305	-1020.245	161.9401	1.867847	6.783373
5736	-858.5763	-1020.874	162.2979	1.46683	6.786461
5742	-857.5131	-1019.594	162.081	2.303192	6.511292
5748	-853.4133	-1016.034	162.621	2.23444	6.248225
5754	-862.2918	-1025.075	162.7832	1.693083	6.411013
5760	-860.9893	-1023.978	162.9892	1.722053	6.285026
5766	-865.4738	-1028.796	163.3221	1.942302	5.998802
5772	-872.3029	-1033.794	161.4911	1.498122	7.205055
5778	-871.2687	-1032.382	161.1137	1.840696	7.241092
5784	-859.8798	-1022.302	162.4221	1.840696	6.535599
5790	-875.327	-1036.999	161.6719	1.614318	7.049961
5796	-863.4903	-1024.653	161.1623	2.204725	7.049961
5802	-858.531	-1020.812	162.2814	2.212676	6.442127
5808	-858.6785	-1021.189	162.5107	1.937699	6.442127
5814	-846.9425	-1009.143	162.2001	1.802574	6.673832
5820	-851.2772	-1013.494	162.2164	1.855641	6.639873
5826	-859.1132	-1021.126	162.0131	2.037493	6.66563
5832	-853.6014	-1016.02	162.419	1.815662	6.549205
5838	-857.4286	-1019.632	162.203	1.540396	6.800498
5844	-860.2577	-1022.196	161.9386	1.631205	6.89795
5850	-852.5735	-1014.57	161.9966	1.631205	6.866706
5856	-853.7925	-1016.467	162.6742	1.996445	6.326218
5862	-854.0776	-1016.774	162.6964	1.970392	6.326218
5868	-861.6996	-1024.893	163.1934	1.701044	6.184303
5874	-860.4583	-1023.625	163.1667	1.730746	6.184303
5880	-852.8484	-1015.841	162.9925	1.883716	6.205791
5886	-853.4422	-1016.034	162.5916	1.883716	6.4235
5892	-859.9607	-1023.07	163.1097	1.94795	6.111893
5898	-859.579	-1022.524	162.9451	2.14423	6.111893
5904	-855.7298	-1017.862	162.1322	1.672822	6.773119
5910	-857.2455	-1021.385	164.1395	1.901446	5.570617
5916	-857.9601	-1020.872	162.9116	2.129466	6.136722
5922	-853.8762	-1017.708	163.832	2.059234	5.665784
5928	-848.3723	-1012.078	163.7056	2.059234	5.735089
5934	-852.0474	-1014.257	162.2095	2.314815	6.436619
5940	-844.6411	-1007.316	162.675	1.738997	6.447333
5946	-872.7442	-1035.714	162.9697	2.024542	6.15272
5952	-838.2205	-1001.343	163.1229	1.580084	6.282541
5958	-837.152	-999.7093	162.5573	1.971228	6.401316
5964	-849.8774	-1012.571	162.6938	1.813537	6.401316
5970	-846.8139	-1009.545	162.7313	1.928761	6.326584
5976	-848.2623	-1011.023	162.7604	1.917818	6.315894
5982	-846.6262	-1008.897	162.2707	2.050914	6.520157
5988	-843.9697	-1006.947	162.9768	2.052572	6.136014
5994	-853.8437	-1015.216	161.3723	1.656545	7.190333
6000	-850.0073	-1012.655	162.6477	1.795696	6.434834
6006	-843.6821	-1006.665	162.983	1.91232	6.197487
6012	-847.9932	-1010.658	162.6649	1.782851	6.431634
6018	-846.4779	-1009.143	162.6649	1.782851	6.431634
6024	-843.8617	-1006.527	162.6649	1.782851	6.431634
6030	-854.7003	-1017.593	162.8923	1.782851	6.308242
6036	-849.5183	-1011.808	162.2901	1.806487	6.623299
6042	-872.0711	-1033.426	161.3549	1.492427	7.281093
6048	-848.5554	-1010.266	161.7103	1.780623	6.948573
6054	-855.1684	-1018.112	162.9433	1.568895	6.385662
6060	-855.4851	-1017.174	161.6886	1.637081	7.029745
6066	-847.6277	-1010.119	162.4909	1.637081	6.596842
6072	-848.3341	-1010.766	162.4316	1.823324	6.53872
6078	-847.6724	-1011.005	163.3328	1.844667	6.039039
6084	-851.4281	-1012.628	161.1996	1.836291	7.197008
6090	-855.2413	-1019.192	163.9509	1.713929	5.764603
6096	-860.052	-1024.121	164.069	2.277417	5.437478
6102	-863.8838	-1027.177	163.2935	2.124561	5.930772
6108	-854.6701	-1017.642	162.9722	1.928411	6.195847
6114	-868.786	-1031.432	162.6456	2.324152	6.195847
6120	-858.578	-1020.285	161.7066	1.582826	7.046853
6126	-855.4189	-1017.018	161.5988	1.876676	6.9633
6132	-863.105	-1025.262	162.1571	1.466974	6.862338
6138	-852.2822	-1015.658	163.3762	1.681742	6.094296
6144	-856.3079	-1019.381	163.0735	1.983755	6.114971
6150	-863.4722	-1026.878	163.4062	1.607018	6.114971
6156	-863.2669	-1025.427	162.1605	1.939582	6.630832
6162	-859.583	-1021.27	161.6875	1.939582	6.886248
6168	-867.545	-1030.008	162.4634	2.191429	6.352776
6174	-873.7162	-1035.784	162.0678	1.783469	6.754401
6180	-866.7463	-1029.846	163.0997	1.783469	6.195225
6186	-861.2982	-1024.747	163.4488	1.676626	6.05724
6192	-856.1244	-1018.527	162.403	1.758069	6.58543
6198	-849.889	-1012.244	162.3549	1.637407	6.670188
6204	-860.3716	-1023.005	162.6334	2.308187	6.209339
6210	-857.4429	-1020.219	162.7761	2.13203	6.209339
6216	-868.9306	-1031.761	162.8299	1.971491	6.253189
6222	-859.5336	-1022.36	162.8263	1.483492	6.492253
6228	-854.14	-1017.854	163.7143	1.719946	5.891101
6234	-871.7688	-1032.986	161.2175	1.57389	7.314145
6240	-851.3338	-1013.604	162.27	1.377616	6.847276
6246	-862.9614	-1025.251	162.2893	1.882908	6.587607
6252	-868.3138	-1030.571	162.2574	1.919762	6.587607
6258	-876.1534	-1037.913	161.7592	1.940583	6.847119
6264	-880.6265	-1041.212	160.5852	1.554098	7.662704
6270	-870.1288	-1032.079	161.9503	2.022458	6.706401
6276	-871.7486	-1034.039	162.2905	1.778995	6.636185
6282	-865.8907	-1027.059	161.1683	1.486926	7.383974
6288	-865.0479	-1027.747	162.6993	1.758772	6.42456
6294	-874.3883	-1036.492	162.1037	1.758772	6.746856
6300	-868.8666	-1031.34	162.4734	1.758772	6.546951
6306	-861.3957	-1023.089	161.693	1.778256	6.959051
6312	-872.4157	-1035.637	163.2209	1.386189	6.328313
6318	-858.662	-1021.054	162.3923	1.594861	6.671044
6324	-866.9775	-1030.129	163.1513	2.152365	5.995884
6330	-857.1886	-1021.512	164.3231	1.495296	5.67065
6336	-859.7565	-1023.057	163.3003	2.188759	5.898281
6342	-864.5859	-1027.753	163.1668	1.712306	6.19326
6348	-860.1137	-1022.753	162.639	1.499981	6.585262
6354	-864.4853	-1028.442	163.9565	1.903118	5.670246
6360	-859.4013	-1023.497	164.0962	1.744094	5.670246
6366	-857.1326	-1019.273	162.14	1.858886	6.679605
6372	-862.5186	-1025.234	162.7153	2.003963	6.300448
6378	-877.2047	-1037.645	160.4402	1.735898	7.651709
6384	-877.7479	-1037.253	159.5054	1.73657	8.150397
6390	-882.4147	-1044.744	162.3294	1.907101	6.554569
6396	-869.5013	-1031.663	162.162	1.854001	6.670032
6402	-874.0962	-1036.08	161.9836	2.084638	6.66022
6408	-873.1569	-1036.309	163.1517	1.688029	6.213379
6414	-863.2451	-1026.572	163.3272	2.428749	5.779131
6420	-853.5669	-1017.427	163.8597	1.85412	5.746626
6426	-854.6414	-1016.631	161.99	1.980001	6.704362
6432	-862.3109	-1023.616	161.3056	1.592713	7.257523
6438	-859.996	-1022.029	162.0326	2.100986	6.626383
6444	-846.129	-1008.936	162.8071	2.063965	6.223197
6450	-852.9105	-1014.946	162.0354	1.569556	6.876306
6456	-849.8295	-1011.07	161.2407	1.736981	7.2221
6462	-848.3043	-1012.04	163.7358	1.869662	5.807052
6468	-846.2917	-1008.676	162.3841	1.847375	6.553017
6474	-850.8843	-1013.708	162.8239	2.066478	6.212888
6480	-866.1914	-1028.377	162.186	1.546937	6.806388
6486	-854.5092	-1016.269	161.7593	1.714533	6.953946
6492	-853.027	-1016.009	162.9821	1.710577	6.29449
6498	-864.5392	-1026.755	162.2153	1.665798	6.731682
6504	-890.8816	-1052.981	162.0994	1.795325	6.731682
6510	-886.9409	-1049.561	162.6197	1.870738	6.414338
6516	-859.4422	-1021.795	162.3532	1.482081	6.748834
6522	-865.8281	-1029.221	163.3928	1.948269	5.957442
6528	-864.332	-1026.042	161.7104	1.676451	6.998768
6534	-861.2929	-1024.194	162.9006	1.59002	6.398223
6540	-855.983	-1018.714	162.7307	2.265948	6.174784
6546	-871.2195	-1032.776	161.5563	2.210732	6.835039
6552	-865.975	-1028.782	162.8072	2.210732	6.157395
6558	-858.2874	-1020.372	162.0842	1.432457	6.919217
6564	-867.7929	-1029.984	162.1907	1.692295	6.732039
6570	-861.4203	-1024.784	163.3634	2.034097	5.933734
6576	-861.7694	-1024.318	162.5483	1.9823	6.401048
6582	-858.5928	-1020.175	161.5819	2.164349	6.841633
6588	-852.6597	-1014.78	162.1206	1.919762	6.661597
6594	-865.1096	-1027.686	162.5762	1.417026	6.661597
6600	-854.1998	-1015.94	161.7398	2.004625	6.828162
6606	-853.9622	-1016.621	162.659	2.113374	6.281359
6612	-854.3559	-1017.367	163.0115	1.914645	6.180914
6618	-853.3587	-1015.711	162.3521	1.753856	6.614985
6624	-856.7337	-1019.434	162.7	1.659312	6.472675
6630	-839.5614	-1002.656	163.0949	2.02595	6.083885
6636	-841.9939	-1005.102	163.1086	2.009777	6.083885
6642	-844.4988	-1007.249	162.7506	2.009777	6.278644
6648	-856.0392	-1019.871	163.8317	1.935183	5.723543
6654	-861.6434	-1024.408	162.7644	1.935183	6.30562
6660	-869.0964	-1031.094	161.9974	1.963455	6.70797
6666	-858.7045	-1022.345	163.6404	1.801971	5.891604
6672	-857.6164	-1020.503	162.8867	1.700248	6.351332
6678	-858.4169	-1020.474	162.0568	1.814034	6.745805
6684	-854.6303	-1016.69	162.0595	1.810873	6.745805
6690	-855.685	-1016.746	161.0612	1.837325	7.270829
6696	-854.9219	-1017.276	162.3537	2.143094	6.433718
6702	-851.2933	-1014.439	163.1454	1.555812	6.282523
6708	-868.1158	-1031.261	163.1454	1.555812	6.282523
6714	-870.4054	-1032.93	162.5248	2.275557	6.282523
6720	-854.7737	-1017.894	163.1203	2.045188	6.061247
6726	-870.0299	-1033.316	163.286	1.757658	6.106338
6732	-874.4488	-1036.29	161.8413	2.548757	6.537686
6738	-884.0621	-1046.258	162.1962	2.101473	6.537686
6744	-850.5145	-1012.883	162.3686	1.712214	6.626194
6750	-873.3999	-1035.513	162.1134	1.393521	6.923494
6756	-866.2386	-1028.422	162.1832	1.906753	6.633822
6762	-869.1911	-1031.953	162.7622	1.627922	6.454453
6768	-853.4812	-1014.339	160.8573	1.755114	7.419181
6774	-858.294	-1019.989	161.6949	1.612845	7.038267
6780	-849.1229	-1011.348	162.2254	2.231794	6.464048
6786	-847.0665	-1010.672	163.6054	2.231794	5.712272
6792	-863.1631	-1025.361	162.1982	2.000628	6.582315
6798	-856.9535	-1019.536	162.5829	1.696575	6.517856
6804	-860.4602	-1024.269	163.809	1.467571	5.966122
6810	-851.7656	-1015.166	163.4004	1.852059	5.998631
6816	-856.7592	-1020.306	163.5469	1.851047	5.919162
6822	-857.556	-1020.158	162.6015	1.552175	6.579217
6828	-857.9989	-1021.039	163.0402	2.065627	6.095555
6834	-845.6328	-1008.507	162.874	2.058864	6.189126
6840	-867.3721	-1030.883	163.5112	2.058864	5.84162
6846	-867.6023	-1030.553	162.9503	1.857421	6.241187
6852	-884.3666	-1044.799	160.4327	1.383339	7.830227
6858	-868.1713	-1029.733	161.5621	1.379521	7.227325
6864	-879.4859	-1041.713	162.2271	1.466065	6.825021
6870	-874.4728	-1036.456	161.9835	1.731225	6.825021
6876	-869.2084	-1032.017	162.8083	2.160486	6.179089
6882	-858.2155	-1021.6	163.385	1.908965	5.980122
6888	-855.5737	-1017.083	161.5094	2.024667	6.943266
6894	-874.6177	-1037.719	163.1008	1.931875	6.12423
6900	-858.4697	-1022.157	163.6868	1.900537	5.819182
6906	-859.8325	-1020.421	160.5882	1.947397	7.473459
6912	-847.5295	-1011.357	163.8276	1.992616	5.698956
6918	-863.1257	-1026.686	163.5604	1.733172	5.96864
6924	-846.6134	-1009.622	163.0084	2.209345	6.048452
6930	-863.3511	-1026.999	163.6477	1.902515	5.839655
6936	-865.2665	-1028.489	163.2228	2.312146	5.886365
6942	-862.1876	-1025.405	163.217	2.219734	5.93002
6948	-862.0832	-1024.182	162.0985	1.789197	6.735093
6954	-859.8912	-1022.598	162.7072	2.054808	6.28161
6960	-847.715	-1011.175	163.46	2.675092	5.603861
6966	-853.978	-1017.132	163.1539	2.157158	5.992292
6972	-861.3626	-1023.759	162.3959	2.088808	6.435173
6978	-857.6407	-1020.926	163.2853	2.088808	5.951418
6984	-858.5034	-1021.846	163.3431	2.246693	5.849239
6990	-843.4433	-1005.799	162.3555	2.050513	6.47438
6996	-848.9564	-1011.539	162.5825	1.475128	6.628448
7002	-848.1239	-1010.772	162.6485	1.710857	6.475331
7008	-854.6344	-1017.805	163.1705	1.783317	6.156799
7014	-854.0671	-1015.946	161.8791	1.783317	6.856328
7020	-865.7834	-1027.797	162.0134	1.63391	6.856328
7026	-854.002	-1017.366	163.3644	1.740345	6.07204
7032	-857.2879	-1019.608	162.3202	1.780129	6.61958
7038	-874.7891	-1036.657	161.8681	1.647681	6.927879
7044	-858.189	-1020.599	162.4104	1.997431	6.468847
7050	-862.1032	-1026.1	163.9966	1.534957	5.829171
7056	-853.5923	-1017.495	163.9023	1.637244	5.829171
7062	-858.8696	-1022.074	163.2048	1.958163	6.055361
7068	-863.7739	-1026.572	162.798	1.824598	6.339499
7074	-865.174	-1027.635	162.4607	1.92385	6.475633
7080	-871.2826	-1033.577	162.2949	1.924786	6.565002
7086	-858.7989	-1021.908	163.1089	1.718514	6.221718
7092	-868.0304	-1030.504	162.4736	1.496455	6.676494
7098	-869.9708	-1031.593	161.6224	1.633503	7.067109
7104	-877.5664	-1040.479	162.9124	1.633503	6.370208
7110	-865.3097	-1026.41	161.0999	1.595475	7.366536
7116	-875.4767	-1036.341	160.8647	1.659584	7.461258
7122	-871.9237	-1035.115	163.1916	1.60221	6.234167
7128	-880.7242	-1041.326	160.6013	1.317686	7.773947
7134	-861.5096	-1024.144	162.6345	2.009806	6.34168
7140	-856.026	-1018.549	162.5226	2.144057	6.34168
7146	-878.0995	-1040.606	162.507	2.435543	6.223658
7152	-870.0761	-1031.51	161.4338	1.998597	6.995833
7158	-858.4022	-1020.655	162.2526	1.998597	6.553792
7164	-858.9818	-1021.003	162.0213	2.456026	6.47867
7170	-872.0663	-1035.068	163.0019	2.055703	6.120942
7176	-867.2417	-1030.057	162.8158	1.882359	6.302448
7182	-867.7578	-1029.032	161.2739	1.785382	7.181145
7188	-880.46	-1042.524	162.0637	2.147769	6.588674
7194	-869.407	-1031.051	161.644	2.415978	6.699617
7200	-874.3528	-1037.674	163.3212	2.676763	5.679343
7206	-859.4105	-1021.676	162.2656	2.456163	6.34614
7212	-858.7818	-1020.7	161.9186	2.360267	6.574726
7218	-860.4413	-1024.076	163.6346	2.743159	5.480297
7224	-870.6519	-1034.426	163.7737	1.868895	5.786677
7230	-859.2647	-1022.62	163.3551	2.342686	5.80081
7236	-864.5276	-1027.058	162.5301	2.218728	6.304501
7242	-867.1321	-1028.932	161.7996	1.856075	6.864739
7248	-864.0415	-1025.604	161.5625	2.13575	6.864739
7254	-853.504	-1015.626	162.1219	1.775913	6.728819
7260	-877.561	-1040.262	162.7008	1.813426	6.397544
7266	-862.2407	-1023.483	161.2424	1.617416	7.2793
7272	-869.5375	-1031.254	161.7168	1.755488	6.957132
7278	-863.5755	-1026.452	162.8767	1.910209	6.256263
7284	-855.6215	-1018.122	162.5002	1.942029	6.445784
7290	-851.0372	-1013.178	162.1411	1.941459	6.640462
7296	-856.7535	-1019.755	163.0011	1.633759	6.321952
7302	-867.6309	-1031.389	163.7586	2.074572	5.699027
7308	-843.84	-1007.016	163.1756	1.83161	6.130877
7314	-835.3664	-998.7159	163.3495	1.831127	6.036387
7320	-841.6523	-1004.282	162.6297	1.834943	6.425871
7326	-844.8393	-1007.438	162.5988	1.870295	6.425871
7332	-858.2886	-1020.932	162.6433	1.806481	6.432038
7338	-855.2861	-1016.618	161.3316	1.823769	7.131926
7344	-854.4213	-1016.371	161.9501	1.821101	6.800045
7350	-859.5974	-1021.839	162.2414	2.071926	6.526506
7356	-854.9895	-1017.857	162.8673	1.77484	6.325678
7362	-860.7609	-1023.317	162.556	1.754851	6.504122
7368	-861.7047	-1021.826	160.1211	1.62785	7.874447
7374	-862.8111	-1024.426	161.615	1.422335	7.176914
7380	-846.9306	-1009.527	162.5962	1.597946	6.559244
7386	-861.9386	-1024.281	162.3422	1.469521	6.761138
7392	-869.5708	-1031.408	161.8367	2.036951	6.761138
7398	-853.3203	-1016.126	162.8054	1.631423	6.429308
7404	-858.7889	-1021.042	162.2534	1.631423	6.728012
7410	-870.7994	-1032.762	161.9625	1.711823	6.845701
7416	-852.4599	-1015.656	163.1957	1.711823	6.177796
7422	-844.6276	-1007.788	163.1607	1.750928	6.177796
7428	-858.9874	-1022.281	163.2939	1.60363	6.177796
7434	-852.9353	-1015.241	162.3056	1.903756	6.569024
7440	-849.5667	-1012.952	163.3854	1.746221	6.057719
7446	-855.0386	-1018.951	163.9123	2.123526	5.592391
7452	-855.1641	-1017.006	161.8418	1.812444	6.862551
7458	-852.8047	-1015.682	162.8772	1.582481	6.414726
7464	-861.4756	-1023.981	162.5056	2.003031	6.414726
7470	-865.9011	-1028.696	162.7946	1.734819	6.384484
7476	-853.1935	-1014.166	160.9725	2.115752	7.191229
7482	-852.6727	-1014.48	161.8069	2.261035	6.67783
7488	-857.6896	-1021.577	163.8876	2.560988	5.415755
7494	-860.9746	-1024.44	163.4655	2.560988	5.647796
7500	-856.8952	-1019.065	162.1694	2.185351	6.514832
7506	-858.7123	-1021.373	162.6609	2.025884	6.319986
7512	-856.9218	-1018.15	161.2281	1.938308	7.134179
7518	-874.4706	-1035.217	160.7464	2.025265	7.353205
7524	-860.9461	-1023.643	162.6973	1.767359	6.421509
7530	-866.9816	-1028.734	161.7523	1.567404	7.0299
7536	-864.6455	-1026.273	161.6275	1.704259	7.0299
7542	-860.9387	-1022.503	161.5645	1.523105	7.153043
7548	-864.29	-1027.651	163.3612	1.97918	5.960256
7554	-860.6368	-1023.623	162.9859	1.78103	6.258272
7560	-868.3307	-1029.627	161.2963	1.944156	7.094805
7566	-860.6129	-1022.867	162.2541	1.973386	6.564572
7572	-857.2694	-1018.602	161.333	1.609236	7.234653
7578	-865.4446	-1027.734	162.2899	1.365683	6.842723
7584	-866.3791	-1029.074	162.6953	1.74046	6.435621
7590	-856.9787	-1020.046	163.0671	1.938455	6.139552
7596	-858.1567	-1020.931	162.7747	2.031718	6.255496
7602	-844.9262	-1007.27	162.3443	1.826973	6.58425
7608	-850.2633	-1011.773	161.51	1.695758	7.097253
7614	-859.284	-1021.798	162.514	1.483071	6.661456
7620	-868.2192	-1029.102	160.8828	1.915289	7.330238
7626	-862.2628	-1026.345	164.0827	1.728103	5.685468
7632	-863.5148	-1025.621	162.1062	2.35072	6.477246
7638	-874.6225	-1036.273	161.65	1.838209	6.95378
7644	-874.5187	-1036.383	161.8644	1.908342	6.805289
7650	-860.6647	-1022.999	162.3345	1.724671	6.638565
7656	-850.9172	-1013.388	162.4705	1.760731	6.547586
7662	-849.8515	-1012.351	162.4991	1.728644	6.547586
7668	-852.8839	-1016.102	163.2178	1.728644	6.157544
7674	-854.2538	-1016.024	161.7702	1.668041	6.970638
7680	-851.9927	-1014.392	162.3993	2.158969	6.40195
7686	-851.7272	-1014.261	162.5342	1.733041	6.526467
7692	-861.8488	-1023.559	161.7104	1.787669	6.945195
7698	-843.0868	-1005.98	162.8929	1.908343	6.248337
7704	-842.5995	-1004.329	161.7297	1.88371	6.889457
7710	-845.3953	-1006.811	161.4152	1.88234	7.059496
7716	-856.9967	-1018.726	161.7298	1.5324	7.059496
7722	-854.7345	-1017.628	162.8936	1.464702	6.465369
7728	-844.5565	-1007.804	163.2472	1.703618	6.153789
7734	-856.2624	-1019.686	163.4233	1.469301	6.175425
7740	-858.9827	-1021.852	162.8696	1.975797	6.229615
7746	-867.8924	-1031.01	163.1172	2.045159	6.062978
7752	-871.1713	-1034.254	163.0822	1.662829	6.263548
7758	-872.3268	-1035.057	162.7299	1.72385	6.424921
7764	-890.0841	-1050.72	160.6356	1.518295	7.65359
7770	-866.4109	-1029.55	163.1396	1.612653	6.257211
7776	-869.7685	-1032.069	162.3005	1.649914	6.693437
7782	-855.2275	-1017.458	162.2302	1.678885	6.717237
7788	-859.0456	-1021.111	162.0656	1.642544	6.82388
7794	-872.555	-1035.917	163.3622	2.19666	5.860965
7800	-865.9095	-1029.372	163.4626	2.19666	5.806027
7806	-867.4158	-1030.049	162.6333	1.508816	6.583858
7812	-858.5747	-1020.912	162.3371	1.919394	6.54469
7818	-853.6471	-1015.753	162.1054	2.196211	6.54469
7824	-857.2051	-1018.898	161.6929	1.478405	7.106548
7830	-854.9309	-1017.476	162.5447	1.956558	6.414933
7836	-851.5875	-1014.132	162.5447	1.956558	6.414933
7842	-858.5692	-1021.431	162.8621	1.598405	6.414933
7848	-868.928	-1030.757	161.8287	2.014744	6.775538
7854	-854.9415	-1018.721	163.7794	2.153291	5.651887
7860	-855.0831	-1017.277	162.1938	2.07598	6.550465
7866	-866.9333	-1029.485	162.5514	1.420311	6.673329
7872	-878.6806	-1041.228	162.5475	1.705312	6.532731
7878	-878.7398	-1041.599	162.859	1.411777	6.51129
7884	-861.1763	-1023.724	162.5474	1.77439	6.499377
7890	-862.6045	-1025.877	163.2726	1.77439	6.105525
7896	-858.9341	-1021.008	162.0742	1.969004	6.663912
7902	-852.762	-1015.474	162.7125	1.460781	6.565435
7908	-849.8832	-1012.581	162.6976	1.862141	6.376128
7914	-866.4728	-1028.693	162.2205	1.683467	6.720213
7920	-875.9863	-1038.168	162.1822	2.002017	6.590348
7926	-850.706	-1013.692	162.9864	2.127436	6.096942
7932	-865.1494	-1027.8	162.6507	2.000567	6.337098
7938	-852.7302	-1015.743	163.0131	2.142785	6.075508
7944	-852.9376	-1016.287	163.3493	2.303646	5.820897
7950	-853.4069	-1014.43	161.0227	2.152982	7.147793
7956	-862.7597	-1026.282	163.522	2.045854	5.841672
7962	-860.6264	-1021.16	160.5335	1.822415	7.560755
7968	-855.7867	-1017.363	161.5766	1.822415	7.000774
7974	-867.4292	-1029.593	162.164	1.796824	6.696067
7980	-849.5687	-1012.41	162.8415	1.556598	6.447009
7986	-851.1982	-1013.183	161.9851	2.202878	6.606843
7992	-855.1139	-1018.436	163.3223	1.749084	6.090726
7998	-859.3611	-1023.391	164.0303	2.401903	5.404536
8004	-865.3946	-1027.806	162.411	2.072523	6.434348
8010	-859.1772	-1021.227	162.0498	2.1703	6.586213
8016	-859.607	-1023.631	164.0243	1.718406	5.722238
8022	-858.6263	-1021.088	162.4614	2.236605	6.333952
8028	-850.4658	-1013.289	162.8235	1.807229	6.333952
8034	-848.1672	-1011.226	163.0585	2.182276	6.033114
8040	-849.843	-1014.173	164.33	2.10953	5.368946
8046	-847.7206	-1010.272	162.5514	1.871163	6.451202
8052	-849.3124	-1012.728	163.4155	1.802557	6.014084
8058	-844.693	-1007.175	162.4824	1.762384	6.54038
8064	-856.9037	-1020.678	163.7746	1.85303	5.793742
8070	-859.4972	-1022.878	163.3812	2.000853	5.939338
8076	-848.0907	-1010.832	162.7416	1.837748	6.363838
8082	-851.1472	-1015.127	163.9795	1.837748	5.688839
8088	-845.9213	-1009.262	163.3409	2.026459	5.94954
8094	-840.7243	-1004.039	163.3143	2.058058	5.94954
8100	-840.1725	-1003.357	163.1841	2.113192	5.995602
8106	-846.0788	-1008.664	162.5848	2.066001	6.343031
8112	-847.808	-1010.105	162.2973	1.647983	6.696117
8118	-841.8842	-1005.337	163.4526	1.849102	5.971576
8124	-842.2666	-1005.904	163.6376	2.090822	5.757891
8130	-837.2528	-1000.19	162.9368	1.636937	6.355256
8136	-847.0462	-1011.345	164.2989	1.825563	5.519336
8142	-844.0261	-1007.002	162.9763	1.825563	6.242153
8148	-853.3027	-1016.082	162.7793	2.009887	6.262993
8154	-870.2229	-1032.652	162.4293	2.086445	6.418154
8160	-859.3287	-1022.039	162.7098	2.037517	6.288111
8166	-860.0363	-1021.823	161.7866	1.963953	6.821517
8172	-859.7004	-1022.857	163.1562	1.923591	6.097979
8178	-860.1439	-1022.049	161.9047	1.901648	6.786689
8184	-857.4602	-1020.452	162.9917	2.047111	6.130395
8190	-855.4138	-1018.167	162.7535	2.339742	6.130395
8196	-858.942	-1022.403	163.461	2.143227	5.830799
8202	-859.2745	-1022.161	162.8865	2.168616	6.132911
8208	-849.1721	-1011.303	162.1304	1.740843	6.741057
8214	-846.7095	-1009.111	162.4016	1.807254	6.56258
8220	-838.0381	-1001.101	163.0629	1.627036	6.291744
8226	-855.6663	-1018.316	162.6497	2.183674	6.255023
8232	-845.6976	-1008.475	162.7777	1.746161	6.388149
8238	-857.5026	-1020.098	162.595	1.955477	6.388149
8244	-854.6528	-1017.963	163.3097	1.68302	6.129854
8250	-840.5359	-1002.048	161.5118	1.906253	6.996342
8256	-846.0289	-1009.392	163.3628	1.590884	6.146687
8262	-847.0292	-1010.057	163.0275	1.97293	6.145046
8268	-851.11	-1013.936	162.8258	1.711841	6.378712
8274	-845.9628	-1008.8	162.8369	2.015745	6.229009
8280	-847.9508	-1009.998	162.0473	1.884502	6.717695
8286	-845.9878	-1008.512	162.5239	1.81036	6.494878
8292	-850.4316	-1012.409	161.9777	1.934086	6.732198
8298	-850.0342	-1011.9	161.8657	2.06631	6.732198
8304	-855.258	-1018.088	162.8305	1.75328	6.356073
8310	-866.4209	-1029.758	163.3374	1.420707	6.247152
8316	-857.9559	-1020.806	162.8503	1.960594	6.247152
8322	-853.5919	-1016.098	162.5061	1.769453	6.524131
8328	-839.2771	-1001.884	162.6065	1.784222	6.462619
8334	-849.9144	-1012.121	162.2066	1.920461	6.614767
8340	-841.3738	-1004.729	163.3551	2.146046	5.887411
8346	-847.6644	-1011.819	164.1548	1.824893	5.59883
8352	-865.8997	-1027.954	162.0547	1.322745	6.991753
8358	-855.9628	-1018.514	162.5512	1.721689	6.522796
8364	-857.9075	-1019.937	162.0295	2.187449	6.58966
8370	-863.9167	-1025.26	161.3437	2.177095	6.964441
8376	-861.9331	-1024.297	162.3641	1.779157	6.596322
8382	-856.8157	-1019.44	162.6247	2.081647	6.314288
8388	-861.244	-1024.636	163.3921	1.573271	6.139604
8394	-856.6002	-1020.213	163.6132	2.525289	5.581583
8400	-856.0461	-1019.904	163.8578	2.59121	5.419598
8406	-852.9255	-1016.217	163.2916	2.335832	5.838488
8412	-859.6377	-1022.929	163.2916	2.335832	5.838488
8418	-865.0867	-1028.05	162.9631	1.974425	6.179401
8424	-867.959	-1029.252	161.2935	2.236382	6.965545
8430	-865.199	-1028.034	162.835	1.63625	6.410848
8436	-856.4057	-1020.178	163.772	1.874362	5.785013
8442	-850.9045	-1015.207	164.3026	2.404102	5.253358
8448	-847.3788	-1011.07	163.6914	2.073977	5.73612
8454	-852.3125	-1015.179	162.8662	1.996604	6.221882
8460	-847.1987	-1010.395	163.1963	2.30372	5.904508
8466	-838.6979	-1001.624	162.9261	2.062585	6.159064
8472	-847.1842	-1009.857	162.6731	2.062585	6.296631
8478	-857.7536	-1020.147	162.3938	1.908898	6.51888
8484	-857.7469	-1021.225	163.4786	1.908898	5.929066
8490	-861.8159	-1023.99	162.1743	1.992605	6.598907
8496	-847.1117	-1010.39	163.2785	2.127008	5.937864
8502	-854.7221	-1016.66	161.9376	1.977573	6.733765
8508	-865.5368	-1026.381	160.844	1.700157	7.452684
8514	-852.2199	-1015.386	163.1659	2.111597	6.006226
8520	-852.6349	-1015.711	163.0763	2.111597	6.055055
8526	-844.1674	-1007.118	162.9504	2.312452	6.034921
8532	-836.1323	-997.536	161.4037	2.147154	6.945303
8538	-850.0209	-1011.704	161.6832	1.818201	6.945303
8544	-849.4315	-1012.21	162.7786	1.573268	6.472741
8550	-854.0114	-1015.694	161.6822	2.03765	6.844197
8556	-866.0715	-1028.628	162.5565	2.121708	6.33325
8562	-858.487	-1023.083	164.5963	2.211855	5.175534
8568	-841.6309	-1004.583	162.952	2.224317	6.072572
8574	-854.4297	-1017.155	162.7256	1.749244	6.414897
8580	-858.2538	-1020.867	162.6131	1.61585	6.541201
8586	-850.5358	-1011.967	161.4315	1.660867	7.156405
8592	-868.2471	-1031.702	163.4548	2.116694	5.846158
8598	-855.3568	-1019.549	164.192	2.243142	5.384851
8604	-849.6969	-1013.633	163.9362	1.541492	5.858874
8610	-850.1558	-1014.091	163.9349	1.863666	5.700889
8616	-856.7033	-1019.782	163.079	1.698947	6.247559
8622	-865.9247	-1027.166	161.2409	1.658461	7.259959
8628	-858.4594	-1021.884	163.4241	1.411209	6.204884
8634	-881.4231	-1040.723	159.2996	1.828523	8.216638
8640	-874.2251	-1036.601	162.376	1.828523	6.566332
8646	-856.9358	-1017.829	160.8928	1.448945	7.550782
8652	-863.5979	-1025.557	161.9594	1.784302	6.812544
8658	-863.3302	-1025.126	161.7955	1.973061	6.812544
8664	-869.1728	-1029.407	160.2346	1.446795	7.903773
8670	-852.8313	-1014.155	161.3237	1.825364	7.135408
8676	-870.487	-1031.974	161.4872	1.825364	7.047504
8682	-862.6258	-1025.438	162.8124	1.709867	6.386947
8688	-859.7596	-1022.645	162.8854	1.870757	6.270112
8694	-865.9048	-1029.191	163.2861	1.625048	6.171389
8700	-863.0324	-1025.859	162.8267	1.419101	6.524992
8706	-859.6689	-1022.875	163.2057	1.505513	6.275235
8712	-858.9647	-1020.044	161.0788	1.432798	7.459346
8718	-863.4808	-1025.121	161.6405	1.67544	7.036871
8724	-862.3007	-1024.317	162.0167	1.506529	6.918006
8730	-863.1672	-1026.642	163.4748	2.043583	5.868535
8736	-869.8397	-1033.226	163.386	1.702754	6.078617
8742	-866.8039	-1028.826	162.0216	1.851445	6.747095
8748	-856.3978	-1018.741	162.3435	1.851445	6.573082
8754	-857.2627	-1020.336	163.0737	1.78054	6.210808
8760	-855.0827	-1017.45	162.367	1.78054	6.594074
8766	-869.6463	-1031.384	161.7373	1.515531	7.063916
8772	-864.8739	-1028.157	163.2832	1.711619	6.130273
8778	-854.0849	-1017.219	163.1345	2.145346	6.008179
8784	-873.3159	-1035.069	161.7532	2.071824	6.790441
8790	-869.2886	-1032.011	162.7229	1.788152	6.397641
8796	-861.2828	-1023.61	162.3272	2.248201	6.401685
8802	-882.8021	-1045.059	162.2568	2.248201	6.439867
8808	-877.1119	-1040.621	163.5093	1.980442	5.878821
8814	-866.2125	-1029.02	162.8076	1.609487	6.438952
8820	-870.7048	-1033.427	162.7223	1.929475	6.33117
8826	-839.4163	-1002.637	163.221	1.763685	6.138804
8832	-849.1669	-1013.032	163.8647	1.978304	5.685253
8838	-845.2728	-1006.654	161.3813	2.213143	6.928379
8844	-848.9521	-1011.528	162.5762	1.708944	6.515413
8850	-850.4608	-1013.005	162.5444	2.16943	6.318508
8856	-851.15	-1013.881	162.7307	1.946868	6.318508
8862	-847.5739	-1010.226	162.6526	1.606985	6.524196
8868	-848.437	-1010.218	161.7812	1.631026	6.982888
8874	-857.5549	-1018.877	161.322	1.550845	7.269502
8880	-863.8487	-1027.082	163.2331	2.089125	5.979732
8886	-859.0389	-1020.908	161.8694	1.774896	6.86555
8892	-861.8556	-1024.627	162.771	1.764843	6.382785
8898	-854.3715	-1017.458	163.0864	1.702652	6.241689
8904	-865.2773	-1028.279	163.0016	1.797801	6.241689
8910	-872.6142	-1036.192	163.5782	2.057049	5.80581
8916	-879.4483	-1040.517	161.0691	1.824352	7.272701
8922	-870.2337	-1031.644	161.4102	1.693936	7.151757
8928	-871.6501	-1033.149	161.4987	1.693936	7.10417
8934	-864.3267	-1026.817	162.4901	1.693936	6.569358
8940	-841.0329	-1003.716	162.6827	1.583622	6.519547
8946	-845.2582	-1007.848	162.5894	1.583622	6.570018
8952	-839.4218	-1002.874	163.452	1.687661	6.050049
8958	-844.6363	-1007.711	163.075	1.608638	6.294329
8964	-854.5114	-1018.323	163.8121	1.758509	5.818786
8970	-851.7993	-1015.725	163.9262	1.77548	5.748103
8976	-853.3008	-1017.204	163.9032	1.852719	5.723458
8982	-843.0125	-1005.665	162.6527	1.55655	6.549302
8988	-839.5215	-1002.753	163.2313	1.55655	6.235444
8994	-843.9452	-1005.28	161.3351	1.892084	7.098056
9000	-841.8127	-1004.884	163.0716	1.892084	6.158827
9006	-849.2496	-1012.103	162.853	1.892084	6.277678
9012	-858.8166	-1020.818	162.0009	2.44998	6.492226
9018	-853.2701	-1017.45	164.1797	2.322526	5.356654
9024	-851.1904	-1013.635	162.4443	2.029886	6.435645
9030	-849.9177	-1014.199	164.2816	2.101063	5.399523
9036	-841.766	-1004.443	162.6775	2.230541	6.219236
9042	-850.275	-1012.269	161.9942	2.091479	6.651449
9048	-850.5715	-1012.509	161.9371	1.48708	6.970718
9054	-841.4035	-1005.749	164.3456	1.576298	5.616943
9060	-843.8674	-1006.276	162.4084	1.964184	6.485259
9066	-848.4836	-1011.705	163.2216	1.974989	6.038382
9072	-848.1805	-1011.22	163.0397	1.817773	6.21143
9078	-853.9756	-1016.168	162.1924	1.670093	6.741959
9084	-855.2272	-1018.697	163.4702	1.616013	6.07563
9090	-865.3074	-1028.339	163.0319	1.859791	6.195694
9096	-861.0002	-1023.946	162.9458	1.959565	6.195694
9102	-846.4176	-1008.804	162.3859	1.713084	6.616432
9108	-842.2669	-1004.769	162.5025	1.860621	6.482667
9114	-860.3075	-1022.951	162.6434	1.896062	6.389611
9120	-871.0749	-1032.668	161.5931	1.787446	7.008445
9126	-865.3534	-1028.953	163.5999	1.776136	5.926206
9132	-866.0112	-1029.13	163.1189	1.793901	6.179806
9138	-856.4843	-1017.876	161.3919	1.825432	7.098742
9144	-863.7999	-1026.081	162.2811	1.853263	6.605982
9150	-858.0758	-1019.606	161.5298	1.928619	6.9763
9156	-875.2845	-1036.469	161.1843	2.030808	7.115481
9162	-858.4903	-1020.91	162.4201	1.748277	6.580871
9168	-857.1145	-1018.718	161.6039	1.716172	7.036828
9174	-873.3676	-1033.576	160.2086	2.014758	7.646025
9180	-874.9029	-1035.916	161.0134	1.948024	7.245071
9186	-863.8646	-1025.571	161.7063	2.148824	6.781349
9192	-870.5541	-1032.145	161.5908	2.27746	6.787428
9198	-871.1429	-1033.313	162.1699	2.349092	6.443375
9204	-873.8668	-1036.189	162.3225	1.492861	6.759937
9210	-867.892	-1029.948	162.0559	1.785328	6.759937
9216	-862.7981	-1024.562	161.7644	1.884578	6.870357
9222	-870.2916	-1032.099	161.8077	1.703104	6.9334
9228	-878.1722	-1041.443	163.2707	1.703104	6.141245
9234	-871.1152	-1033.909	162.7939	2.014877	6.252746
9240	-857.6675	-1020.582	162.9147	2.014877	6.187052
9246	-863.0664	-1023.557	160.4909	1.799471	7.594412
9252	-860.4526	-1022.71	162.2577	1.822366	6.633242
9258	-845.7248	-1008.746	163.0212	1.969211	6.150182
9264	-851.8625	-1014.621	162.7582	2.222115	6.179031
9270	-854.7634	-1017.706	162.9428	2.222115	6.078547
9276	-854.0616	-1016.773	162.7117	1.910028	6.345964
9282	-856.9789	-1020.772	163.7931	1.910028	5.756527
9288	-864.4323	-1026.205	161.7725	1.879812	6.868194
9294	-862.2098	-1024.062	161.8519	2.452477	6.571892
9300	-866.7768	-1029.233	162.4566	2.403888	6.264452
9306	-869.2324	-1032.286	163.0533	1.633745	6.293588
9312	-859.4817	-1022.532	163.0505	2.150795	6.051512
9318	-856.1338	-1019.141	163.0073	2.203683	6.051512
9324	-845.6564	-1009.22	163.5635	1.756404	5.955616
9330	-846.6093	-1010.28	163.6706	1.6518	5.948564
9336	-862.268	-1025.627	163.359	1.44763	6.221511
9342	-847.9346	-1011.012	163.0776	1.481592	6.35693
9348	-864.8826	-1028.559	163.6767	1.463835	6.040185
9354	-859.9912	-1022.985	162.9933	1.967992	6.165928
9360	-864.6542	-1027.295	162.6411	1.730967	6.46959
9366	-856.4472	-1019.171	162.7238	1.639415	6.46959
9372	-858.9501	-1021.249	162.2985	1.685876	6.676896
9378	-860.7493	-1022.449	161.7001	1.621285	7.031334
9384	-847.0024	-1010.624	163.6218	1.772758	5.915885
9390	-852.5561	-1014.719	162.1629	1.766184	6.711299
9396	-870.2384	-1032.323	162.0845	1.476987	6.896405
9402	-878.0197	-1039.693	161.6731	1.549855	7.081295
9408	-864.5735	-1028.109	163.5356	1.7173	5.989958
9414	-874.8554	-1038.265	163.4098	1.958544	5.943333
9420	-867.173	-1028.505	161.3322	1.99487	7.05223
9426	-866.849	-1028.894	162.0452	1.908603	6.70758
9432	-855.7555	-1018.073	162.3172	1.652607	6.683105
9438	-856.6317	-1020.514	163.8824	1.8926	5.715859
9444	-861.6485	-1023.612	161.9634	1.991665	6.713352
9450	-857.4777	-1019.623	162.1453	1.781733	6.713352
9456	-853.357	-1014.83	161.4725	1.775369	7.079113
9462	-869.9474	-1032.358	162.4105	1.647484	6.635158
9468	-866.0776	-1027.758	161.6806	1.903188	6.906824
9474	-860.9167	-1024.255	163.3379	1.730616	6.091208
9480	-869.2627	-1030.008	160.7452	1.912193	7.405493
9486	-871.077	-1036.07	164.9927	1.681746	5.207402
9492	-866.7401	-1029.364	162.6235	1.501309	6.592955
9498	-867.2821	-1030.133	162.8505	1.680092	6.380863
9504	-873.5633	-1035.514	161.9509	2.074	6.682717
9510	-870.0044	-1032.534	162.5292	2.074	6.369541
9516	-862.9036	-1025.536	162.6323	2.074	6.313579
9522	-871.3995	-1033.605	162.2056	1.713775	6.71355
9528	-862.7211	-1024.573	161.8522	1.713775	6.904261
9534	-870.8478	-1032.707	161.8596	1.578143	6.966788
9540	-858.7965	-1020.998	162.202	2.163143	6.507023
9546	-856.0093	-1018.842	162.8329	2.72131	5.928508
9552	-847.7818	-1011.628	163.8463	2.068718	5.653622
9558	-853.2257	-1015.054	161.8286	1.809934	6.870891
9564	-850.4956	-1012.682	162.1866	2.140059	6.525627
9570	-855.6186	-1018.25	162.6315	1.518991	6.57973
9576	-865.8499	-1027.643	161.7935	1.746028	6.920306
9582	-861.772	-1024.702	162.93	1.507382	6.423902
9588	-856.9077	-1020.104	163.196	1.740079	6.16386
9594	-884.2415	-1045.702	161.4607	2.011802	6.975339
9600	-906.2562	-1068.829	162.5729	1.460888	6.640929
9606	-887.2192	-1049.397	162.1777	1.859146	6.659121
9612	-870.7299	-1032.555	161.8248	1.877248	6.841199
9618	-872.0287	-1034.455	162.4266	2.078092	6.423365
9624	-855.1448	-1018.06	162.9154	2.074123	6.159643
9630	-875.5768	-1038.322	162.7451	2.223581	6.185525
9636	-853.5819	-1016.554	162.9724	2.201306	6.071631
9642	-878.3741	-1041.55	163.1756	1.833056	6.130213
9648	-860.3754	-1022.352	161.9761	1.704786	6.841762
9654	-851.5269	-1013.825	162.298	1.505303	6.766878
9660	-851.0283	-1014.741	163.7126	1.791971	5.856975
9666	-857.8092	-1020.143	162.3336	2.530712	6.278118
9672	-857.7429	-1020.417	162.6741	2.43958	6.131046
9678	-867.1709	-1031.369	164.1978	1.629056	5.671431
9684	-863.8473	-1027.279	163.4319	2.005468	5.909494
9690	-872.0618	-1032.884	160.8218	2.127345	7.267058
9696	-858.8013	-1020.65	161.8488	2.169229	6.695371
9702	-861.2246	-1024.458	163.2335	2.321979	5.876266
9708	-854.5348	-1018.724	164.1891	1.991822	5.500837
9714	-858.1336	-1020.802	162.6686	1.692849	6.473217
9720	-861.3542	-1024.222	162.868	1.709292	6.357051
9726	-846.9412	-1008.914	161.9731	1.696404	6.8475
9732	-854.6793	-1016.51	161.8305	1.85728	6.8475
9738	-842.2977	-1004.443	162.1449	1.988099	6.616872
9744	-851.5288	-1014.508	162.9794	1.827759	6.239459
9750	-841.3717	-1004.466	163.0941	1.643841	6.266438
9756	-841.8424	-1004.728	162.886	1.905389	6.253473
9762	-847.9643	-1009.797	161.8323	1.856462	6.846877
9768	-847.1865	-1009.463	162.2764	1.702868	6.680594
9774	-859.7007	-1022.007	162.3066	1.842501	6.59727
9780	-852.246	-1014.765	162.5191	2.210337	6.314155
9786	-849.4995	-1012.257	162.7572	1.850209	6.349475
9792	-841.6036	-1003.301	161.697	2.151435	6.785215
9798	-844.8606	-1008.436	163.5755	1.93818	5.862338
9804	-853.3812	-1016.221	162.8399	1.93818	6.263194
9810	-844.2695	-1007.385	163.1155	1.944508	6.110332
9816	-845.3998	-1008.059	162.659	2.043924	6.312771
9822	-851.8808	-1014.7	162.8189	2.081175	6.208959
9828	-857.5683	-1020.33	162.7616	2.150442	6.208959
9834	-857.96	-1021.024	163.064	2.13044	6.053293
9840	-865.4782	-1027.903	162.4247	1.748144	6.578472
9846	-862.0476	-1024.649	162.6009	1.554277	6.578472
9852	-886.3803	-1048.571	162.1907	1.655444	6.750062
9858	-861.9165	-1024	162.0837	1.708817	6.781743
9864	-866.1936	-1026.396	160.2024	1.694361	7.798811
9870	-862.7153	-1024.955	162.2401	1.743718	6.680425
9876	-847.9913	-1010.125	162.1336	1.864561	6.680425
9882	-843.8496	-1006.545	162.6955	1.992806	6.316376
9888	-845.0164	-1007.315	162.2987	1.787636	6.627649
9894	-844.7436	-1007.421	162.6771	1.787636	6.422736
9900	-846.3486	-1006.971	160.6221	1.691243	7.575818
9906	-849.5984	-1011.604	162.0057	1.535271	6.909468
9912	-843.3954	-1005.195	161.7996	1.807651	6.887619
9918	-858.185	-1020.736	162.5506	1.807651	6.481713
9924	-865.1277	-1028.349	163.2214	1.807651	6.117418
9930	-869.2092	-1031.239	162.0302	2.019324	6.664637
9936	-861.253	-1024.608	163.3546	1.784184	6.056113
9942	-866.9938	-1029.159	162.1655	2.377544	6.433663
9948	-871.551	-1033.813	162.2618	2.256219	6.433663
9954	-864.3656	-1027.475	163.1098	1.973797	6.099826
9960	-872.8399	-1034.626	161.7858	2.144453	6.740372
9966	-857.8258	-1020.183	162.3568	2.156968	6.42585
9972	-852.1203	-1015.423	163.3032	2.167295	5.906287
9978	-854.855	-1016.258	161.4027	1.991357	7.015901
9984	-852.0277	-1013.763	161.7358	1.613636	7.015901
9990	-848.2854	-1010.954	162.6686	2.085947	6.288461
9996	-848.981	-1011.492	162.5112	2.27893	6.288461
10002	-862.8838	-1026.154	163.2704	2.247121	5.888786
10008	-858.9898	-1021.953	162.963	1.91405	6.20757
10014	-852.7711	-1015.183	162.4116	1.88326	6.521215
10020	-855.7676	-1017.893	162.1251	1.85904	6.687581
10026	-850.1699	-1013.301	163.1308	1.753034	6.193009
10032	-853.5904	-1016.043	162.4526	1.848393	6.515474
10038	-860.511	-1022.053	161.5419	2.323973	6.793798
10044	-873.4463	-1035.839	162.3929	1.746177	6.596619
10050	-864.678	-1027.071	162.3929	1.746177	6.596619
10056	-858.147	-1021.99	163.8425	1.956464	5.707647
10062	-846.4442	-1008.425	161.9807	1.956464	6.720195
10068	-855.6593	-1018.636	162.9764	2.157422	6.088933
10074	-849.7744	-1012.301	162.5267	2.581599	6.152172
10080	-859.4214	-1021.01	161.5887	1.763156	7.022403
10086	-856.8646	-1018.973	162.1082	2.201867	6.540663
10092	-852.4611	-1016.413	163.9521	1.971595	5.640457
10098	-847.5289	-1011.495	163.9657	2.067383	5.588694
10104	-841.586	-1004.392	162.8062	2.067383	6.222102
10110	-861.2616	-1023.495	162.2337	1.796925	6.658358
10116	-859.3427	-1021.453	162.1103	1.682625	6.780172
10122	-850.1046	-1013.534	163.4296	2.052217	5.889252
10128	-864.6586	-1026.149	161.4908	1.86692	7.026013
10134	-875.6074	-1037.068	161.4609	1.901894	7.025788
10140	-876.2765	-1038.058	161.7815	1.303654	7.148704
10146	-885.7636	-1047.356	161.5921	1.502207	7.148704
10152	-872.0827	-1033.36	161.2776	1.581944	7.27785
10158	-863.9985	-1025.792	161.7931	1.478587	7.052539
10164	-868.4205	-1030.649	162.2289	1.688393	6.713296
10170	-866.9769	-1030.434	163.4575	1.843046	5.97178
10176	-865.0666	-1026.206	161.1392	1.701605	7.293626
10182	-865.3046	-1027.811	162.5063	1.70711	6.554149
10188	-867.4148	-1030.042	162.6272	1.703749	6.490317
10194	-867.5346	-1029.443	161.9084	1.287813	7.088757
10200	-862.5233	-1024.141	161.6179	1.309563	7.233564
10206	-863.1047	-1025.57	162.4653	1.584263	6.636842
10212	-866.1541	-1027.701	161.5474	1.374295	7.237874
10218	-860.8894	-1023.613	162.7231	1.574274	6.502313
10224	-862.2198	-1024.627	162.4075	1.574274	6.673088
10230	-865.3791	-1027.686	162.3072	1.725712	6.65286
10236	-864.1359	-1025.196	161.0599	1.725712	7.324586
10242	-877.5652	-1040.734	163.1689	1.883657	6.109819
10248	-881.6257	-1043.172	161.5463	1.999824	6.934664
10254	-855.9832	-1017.639	161.6561	1.871808	6.934664
10260	-848.5656	-1011.086	162.5208	1.527535	6.6353
10266	-862.0823	-1024.424	162.3422	1.748351	6.623006
10272	-865.7187	-1027.386	161.6672	1.612503	7.05334
10278	-865.7888	-1027.671	161.8825	1.571855	6.957591
10284	-873.0919	-1034.837	161.7456	1.684932	6.975671
10290	-863.378	-1025.527	162.1491	1.611171	6.794336
10296	-862.9747	-1026.595	163.6201	1.570825	6.016607
10302	-859.0858	-1023.227	164.1411	1.802009	5.61742
10308	-854.5894	-1016.309	161.7196	1.774795	6.946372
10314	-868.6758	-1031.255	162.5794	1.774795	6.48185
10320	-869.4097	-1031.097	161.6871	1.573492	7.061963
10326	-863.3254	-1026.266	162.9409	1.961972	6.197266
10332	-874.0492	-1036.917	162.8676	2.048615	6.197266
10338	-872.4246	-1034.778	162.353	1.733226	6.624451
10344	-858.9568	-1020.942	161.9852	1.806297	6.788094
10350	-865.4272	-1027.16	161.7328	1.585311	7.031481
10356	-870.7077	-1033.326	162.6179	1.770343	6.463121
10362	-873.8252	-1037.283	163.458	1.544587	6.118161
10368	-866.6597	-1028.764	162.1043	1.765044	6.743524
10374	-870.6836	-1032.812	162.1286	1.582196	6.819752
10380	-845.1258	-1007.585	162.4596	1.988797	6.446194
10386	-855.7193	-1017.199	161.4798	1.63309	7.144048
10392	-847.0555	-1010.465	163.4099	1.671213	6.081104
10398	-863.8511	-1025.265	161.4141	1.609616	7.190883
10404	-852.0579	-1013.597	161.5395	1.474709	7.190883
10410	-869.2405	-1030.808	161.5672	1.53884	7.143737
10416	-864.3894	-1025.481	161.0919	1.534527	7.401082
10422	-869.1007	-1029.913	160.8125	1.518008	7.559015
10428	-865.1053	-1028.725	163.6196	1.649441	5.977551
10434	-865.7359	-1027.87	162.1337	1.882668	6.671859
10440	-866.2253	-1027.772	161.5466	1.755214	7.048884
10446	-859.9987	-1023.411	163.4121	2.224508	5.821287
10452	-862.5869	-1023.715	161.1286	2.073958	7.125972
10458	-875.7799	-1038.43	162.6505	2.103389	6.290428
10464	-875.15	-1038.031	162.8813	1.875121	6.27031
10470	-862.7209	-1025.928	163.2073	2.295881	5.90192
10476	-860.4003	-1023.134	162.7342	2.086285	6.252696
10482	-853.7141	-1016.522	162.8084	1.99786	6.252696
10488	-849.9074	-1012.16	162.253	2.101522	6.506911
10494	-847.9127	-1010.64	162.727	2.012913	6.290003
10500	-842.6708	-1006.28	163.6089	1.998422	5.816027
10506	-849.2238	-1012.285	163.0613	1.998422	6.114839
10512	-842.3363	-1005.877	163.5407	1.698715	5.996268
10518	-845.914	-1007.776	161.8616	1.676754	6.917149
10524	-859.4402	-1021.257	161.8164	1.676754	6.941523
10530	-859.6185	-1021.644	162.0255	1.655576	6.839163
10536	-855.1583	-1017.236	162.0778	1.932295	6.678941
10542	-848.9113	-1010.828	161.9171	2.002197	6.733548
10548	-863.2857	-1024.914	161.6282	1.787575	6.989472
10554	-862.0352	-1024.799	162.7634	2.006278	6.273302
10560	-877.8976	-1041.491	163.5937	2.044036	5.80329
10566	-857.4539	-1020.214	162.7599	1.819618	6.362558
10572	-855.8281	-1018.689	162.8613	2.250393	6.110483
10578	-840.5765	-1003.619	163.0422	2.030614	6.110483
10584	-839.6365	-1003.658	164.0215	2.030614	5.574968
10590	-849.8445	-1013.995	164.1504	1.992532	5.52179
10596	-864.9896	-1027.283	162.2939	1.613926	6.714781
10602	-867.1208	-1029.223	162.1023	2.175874	6.555337
10608	-873.9339	-1036.574	162.6396	1.735653	6.468096
10614	-851.5108	-1015.086	163.5747	1.735653	5.959609
10620	-849.0623	-1012.144	163.0817	1.795518	6.199252
10626	-845.902	-1007.319	161.4174	2.098543	6.95957
10632	-853.6928	-1015.666	161.9727	1.471212	6.95957
10638	-860.3733	-1021.893	161.5201	1.976286	6.95957
10644	-841.8602	-1004.311	162.4506	1.553041	6.66041
10650	-849.2423	-1013.006	163.7637	2.14643	5.663624
10656	-844.0504	-1006.885	162.8347	2.021295	6.227624
10662	-844.1094	-1006.342	162.2322	2.052287	6.54036
10668	-865.6909	-1028.817	163.1263	2.062254	6.050208
10674	-853.9126	-1016.98	163.0676	2.20284	6.019052
10680	-847.4301	-1009.963	162.5329	1.792061	6.498775
10686	-842.4953	-1006.697	164.2018	1.470162	5.750049
10692	-852.7165	-1014.892	162.1751	1.439403	6.866689
10698	-852.335	-1014.65	162.3152	1.604548	6.70792
10704	-863.3758	-1025.455	162.0797	1.624348	6.825262
10710	-863.8669	-1025.691	161.8238	1.737974	6.907862
10716	-858.3187	-1021.548	163.2296	1.256674	6.391604
10722	-857.9835	-1020.884	162.9	1.603999	6.391604
10728	-858.8096	-1020.971	162.1614	1.650264	6.768422
10734	-856.6821	-1018.068	161.3861	1.966578	7.036154
10740	-864.3314	-1027.219	162.8875	2.053102	6.184382
10746	-867.5691	-1030.514	162.9451	1.935964	6.207082
10752	-860.5983	-1024.477	163.8784	2.145734	5.600958
10758	-865.1418	-1029.357	164.2151	1.49518	5.729903
10764	-856.0532	-1018.654	162.601	1.210205	6.756426
10770	-856.9401	-1019.92	162.9804	1.617513	6.341254
10776	-847.8904	-1011.703	163.8126	2.271654	5.580993
10782	-850.0263	-1011.918	161.8913	1.697636	6.891004
10788	-860.0819	-1022.16	162.0784	1.494148	6.891004
10794	-883.6076	-1045.549	161.9417	2.151326	6.653101
10800	-862.4808	-1025.153	162.6722	1.593728	6.520174
10806	-863.7353	-1025.94	162.2046	1.823919	6.661258
10812	-851.0834	-1013.936	162.8529	1.998145	6.228377
10818	-858.3882	-1020.804	162.4157	2.119858	6.410465
10824	-861.6776	-1024.704	163.0266	1.571175	6.339329
10830	-853.9984	-1014.723	160.7247	1.555041	7.587576
10836	-861.556	-1024.216	162.6599	1.497991	6.57495
10842	-861.8141	-1024.523	162.7085	1.542363	6.526236
10848	-867.3064	-1028.944	161.6381	1.81234	6.972407
10854	-863.1988	-1024.805	161.6057	1.807178	6.992282
10860	-860.1585	-1022.825	162.6667	1.82935	6.408481
10866	-873.7482	-1035.657	161.9089	2.064225	6.709824
10872	-872.7702	-1033.689	160.9186	1.668553	7.428014
10878	-863.3845	-1025.224	161.8393	1.618789	6.957594
10884	-859.1601	-1021.256	162.0958	1.697835	6.780545
10890	-860.5126	-1022.064	161.5515	1.621273	7.111273
10896	-857.7192	-1020.022	162.3024	1.634052	6.700221
10902	-856.6124	-1019.975	163.3624	1.729655	6.078332
10908	-866.5858	-1027.394	160.8078	1.896494	7.379223
10914	-854.7518	-1016.706	161.9546	1.896494	6.762135
10920	-859.3785	-1022.837	163.4585	1.647746	6.066225
10926	-846.7236	-1010.241	163.5173	1.647746	6.034213
10932	-851.6001	-1014.134	162.5335	2.021057	6.391305
10938	-859.3304	-1021.984	162.6532	2.180895	6.25433
10944	-880.3364	-1042.325	161.9891	1.845993	6.767234
10950	-875.7051	-1039.62	163.9147	1.93006	5.680467
10956	-868.4218	-1032.111	163.6889	2.200336	5.680467
10962	-872.5317	-1034.083	161.5515	1.605448	7.119093
10968	-871.9899	-1033.907	161.9173	1.920692	6.770978
10974	-866.9037	-1028.55	161.6463	1.515144	7.113083
10980	-855.8971	-1018.666	162.7688	1.747777	6.39221
10986	-860.4623	-1023.991	163.5285	2.052575	5.835051
10992	-866.3423	-1028.656	162.3141	1.682621	6.670079
10998	-856.6843	-1018.703	162.0187	1.745645	6.799062
11004	-863.8435	-1027.368	163.5245	1.745645	5.982148
11010	-852.2589	-1015.437	163.1779	1.712642	6.187056
11016	-852.4045	-1015.509	163.1045	1.795085	6.187056
11022	-867.1053	-1030.463	163.3574	1.797902	6.047982
11028	-870.7166	-1031.975	161.2588	1.730858	7.215333
11034	-866.5679	-1029.785	163.2169	1.882466	6.084253
11040	-869.6132	-1032.932	163.3184	1.882466	6.028919
11046	-865.1147	-1027.646	162.5317	2.081283	6.364923
11052	-862.9953	-1025.594	162.5992	2.000865	6.364923
11058	-861.7901	-1024.753	162.963	2.000865	6.167269
11064	-868.2146	-1031.53	163.315	2.166623	5.900119
11070	-872.107	-1034.463	162.3555	2.289623	6.368332
11076	-868.5509	-1032.16	163.6091	1.742092	5.937722
11082	-856.994	-1018.67	161.6756	1.853308	6.932877
11088	-879.499	-1041.175	161.6756	1.853308	6.932877
11094	-878.7215	-1039.242	160.52	1.830508	7.564195
11100	-881.5184	-1045.265	163.7466	2.101631	5.693269
11106	-866.5502	-1029.414	162.8635	2.038706	6.204009
11112	-860.7062	-1023.3	162.594	1.893913	6.417391
11118	-859.1912	-1021.594	162.403	1.414151	6.756664
11124	-852.6849	-1017.017	164.3319	1.414151	5.707841
11130	-850.5987	-1012.572	161.9734	1.631011	6.87931
11136	-852.3038	-1015.123	162.8187	1.682907	6.396705
11142	-854.0426	-1016.643	162.6007	1.620168	6.545745
11148	-854.9124	-1016.778	161.8653	1.576583	6.96449
11154	-855.2331	-1018.509	163.2764	1.728749	6.125623
11160	-851.8589	-1014.327	162.4677	1.746576	6.555948
11166	-856.4489	-1018.296	161.847	1.695721	6.915821
11172	-849.5633	-1011.935	162.3714	1.668483	6.646035
11178	-869.7446	-1033.503	163.7584	1.632317	5.910319
11184	-853.2644	-1016.936	163.6717	1.456572	6.04668
11190	-862.6795	-1024.467	161.7872	1.532607	7.028511
11196	-853.8441	-1014.66	160.8157	1.592299	7.520445
11202	-854.918	-1017.987	163.0692	1.750504	6.227748
11208	-861.6907	-1022.875	161.184	2.093664	7.087392
11214	-863.0007	-1023.517	160.5164	1.759166	7.599853
11220	-858.5056	-1021.023	162.517	1.759166	6.523169
11226	-847.7601	-1011.494	163.7341	1.794767	5.843882
11232	-850.8885	-1013.344	162.4556	1.616866	6.625876
11238	-847.0011	-1008.512	161.5113	1.616866	7.135083
11244	-843.9442	-1005.964	162.0196	1.820515	6.762772
11250	-848.6991	-1009.102	160.4027	2.030149	7.535181
11256	-846.0737	-1008.323	162.2492	1.716545	6.688614
11262	-849.6192	-1011.865	162.2461	1.942083	6.583351
11268	-850.3272	-1013.656	163.3286	2.021214	5.958669
11274	-861.2345	-1024.025	162.7905	1.820776	6.345361
11280	-848.2524	-1011.583	163.3306	2.34246	5.814273
11286	-857.5731	-1022.091	164.5175	1.842986	5.390598
11292	-847.7921	-1011.116	163.3244	2.514769	5.744391
11298	-846.8696	-1010.23	163.3606	2.617415	5.681958
11304	-850.7364	-1014.462	163.726	2.950897	5.347734
11310	-849.2785	-1011.94	162.6611	2.513494	6.107165
11316	-849.0513	-1011.357	162.3056	1.818091	6.609413
11322	-858.8009	-1022.931	164.1305	1.84338	5.603306
11328	-850.6252	-1013.756	163.131	2.418983	5.890624
11334	-859.3086	-1022.823	163.5148	2.358501	5.706535
11340	-860.8338	-1022.599	161.7649	1.993877	6.819523
11346	-868.7086	-1031.881	163.1727	2.07104	6.020899
11352	-869.6599	-1032.781	163.1213	2.343392	5.928308
11358	-864.8674	-1028.448	163.5804	2.308275	5.692351
11364	-860.1313	-1022.638	162.5067	2.308275	6.278157
11370	-868.7853	-1031.101	162.3153	2.091379	6.47767
11376	-855.1234	-1017.951	162.8276	1.81375	6.328584
11382	-848.2028	-1010.894	162.6914	1.971095	6.328584
11388	-853.4558	-1015.72	162.2638	1.959994	6.565519
11394	-850.1957	-1011.906	161.7099	2.046327	6.825358
11400	-855.0197	-1017.245	162.2256	1.804683	6.659036
11406	-863.2181	-1025.671	162.4527	1.551208	6.660197
11412	-846.4275	-1009.436	163.0083	1.562334	6.353664
11418	-843.8734	-1006.913	163.0399	1.913224	6.166147
11424	-847.9297	-1009.712	161.7822	1.54124	7.026855
11430	-860.3689	-1023.382	163.0128	1.322951	6.474193
11436	-855.1125	-1017.394	162.2812	1.914155	6.577386
11442	-857.7921	-1020.334	162.5417	1.890076	6.447552
11448	-860.2095	-1021.796	161.5869	1.735465	7.03666
11454	-860.3027	-1021.566	161.2633	1.419789	7.36706
11460	-873.8187	-1034.97	161.1515	1.806334	7.236952
11466	-847.9429	-1010.811	162.8685	2.086173	6.179712
11472	-856.8067	-1018.94	162.1336	2.250549	6.505611
11478	-858.1842	-1020.898	162.7138	1.577718	6.505611
11484	-865.8571	-1028.109	162.2514	1.89318	6.603295
11490	-855.9263	-1018.631	162.7048	1.75882	6.421564
11496	-859.3724	-1021.473	162.1009	1.75882	6.748351
11502	-861.2018	-1025.004	163.8018	1.903579	5.754823
11508	-859.2163	-1021.886	162.6698	1.575624	6.5305
11514	-866.2692	-1028.327	162.0574	1.83507	6.735485
11520	-856.211	-1018.088	161.8772	1.83507	6.832772
11526	-858.4114	-1022.139	163.7274	1.553984	5.966555
11532	-858.9994	-1021.052	162.0527	1.534956	6.884298
11538	-860.4751	-1023.721	163.2455	1.905401	6.057868
11544	-859.3465	-1021.233	161.8867	1.579769	6.951354
11550	-867.7401	-1028.795	161.0547	1.816694	7.284071
11556	-871.3141	-1033.037	161.7226	1.816694	6.924789
11562	-863.363	-1025.648	162.2846	1.816694	6.621398
11568	-850.6837	-1013.856	163.1727	1.605646	6.242734
11574	-858.3708	-1020.572	162.2012	2.179902	6.499991
11580	-857.0043	-1019.303	162.2984	1.906628	6.571567
11586	-857.5145	-1020.209	162.6945	1.906628	6.356923
11592	-860.6237	-1022.897	162.2729	1.691084	6.688221
11598	-861.1035	-1023.367	162.2634	1.701583	6.688221
11604	-871.6167	-1035.147	163.5306	1.701583	6.000358
11610	-881.1262	-1042.598	161.4721	1.795541	7.069729
11616	-874.5532	-1036.119	161.566	1.690372	7.069729
11622	-867.6568	-1030.501	162.8445	1.690372	6.379048
11628	-856.9599	-1018.405	161.4452	1.690372	7.134713
11634	-862.9547	-1026.637	163.6826	1.692798	5.921711
11640	-865.8565	-1026.685	160.8288	1.88581	7.372897
11646	-861.2333	-1023.637	162.404	2.063708	6.4421
11652	-849.9551	-1012.393	162.4378	1.774804	6.558504
11658	-859.357	-1023.236	163.8788	1.913098	5.708122
11664	-857.793	-1019.534	161.7409	1.913098	6.86972
11670	-862.0599	-1024.795	162.7347	1.687051	6.440227
11676	-859.4128	-1021.533	162.1202	1.556683	6.836994
11682	-870.1711	-1032.134	161.9625	1.729818	6.836994
11688	-856.9679	-1019.019	162.0511	1.729818	6.789205
11694	-861.4968	-1023.556	162.0594	1.474121	6.911382
11700	-849.0334	-1012.66	163.6267	2.144758	5.739412
11706	-857.5211	-1018.227	160.7061	1.728419	7.512983
11712	-860.6699	-1022.25	161.58	1.617722	7.097728
11718	-851.0157	-1014.211	163.1954	1.914796	6.080746
11724	-856.1287	-1019.488	163.3596	1.74585	6.071949
11730	-862.279	-1025.312	163.0327	2.126895	6.071949
11736	-861.6939	-1024.288	162.5941	1.845617	6.440128
11742	-852.9873	-1014.363	161.3754	1.542639	7.24491
11748	-854.9363	-1017.352	162.4153	1.288172	6.815493
11754	-860.0538	-1021.109	161.0548	1.789673	7.296802
11760	-866.0157	-1027.661	161.6449	1.612204	7.065482
11766	-858.7323	-1022.438	163.7056	1.521	5.995204
11772	-858.9528	-1022.046	163.0928	1.784079	6.198724
11778	-855.5763	-1017.486	161.9095	1.784079	6.839529
11784	-861.5937	-1025.07	163.4762	1.784079	5.989896
11790	-860.9301	-1022.767	161.8366	1.816584	6.8634
11796	-863.1566	-1026.068	162.9113	1.588769	6.393075
11802	-862.3342	-1023.992	161.6582	2.410055	6.694441
11808	-848.0601	-1010.252	162.1919	1.903823	6.630473
11814	-857.0663	-1017.55	160.4837	1.83205	7.582936
11820	-848.6172	-1011.243	162.6254	1.867843	6.41265
11826	-848.5814	-1010.695	162.1133	2.009979	6.623983
11832	-854.0404	-1016.231	162.1904	1.919516	6.623983
11838	-855.7853	-1018.32	162.5342	2.264877	6.282069
11844	-847.2123	-1010.769	163.5569	2.264877	5.724245
11850	-854.374	-1017.347	162.9726	2.205211	6.069761
11856	-867.3515	-1029.703	162.3517	2.484533	6.287505
11862	-872.7664	-1035.01	162.2438	2.626807	6.287505
11868	-861.0225	-1025.357	164.3346	2.143602	5.350923
11874	-867.713	-1030.222	162.5089	1.756656	6.528745
11880	-853.0982	-1015.638	162.5394	2.100653	6.351991
11886	-859.8454	-1022.533	162.6878	1.924964	6.351991
11892	-856.6662	-1019.483	162.8165	1.777476	6.351991
11898	-853.7607	-1016.621	162.86	2.06445	6.194198
11904	-858.4944	-1021.113	162.6186	2.172046	6.277084
11910	-846.4301	-1009.339	162.9087	1.829347	6.277084
11916	-857.4471	-1020.914	163.4665	1.941887	5.920155
11922	-868.5853	-1030.223	161.6373	1.644109	7.053932
11928	-856.4283	-1019.532	163.1039	1.79633	6.186792
11934	-866.1882	-1028.509	162.3209	1.74557	6.635833
11940	-880.677	-1041.49	160.8126	1.809776	7.417196
11946	-867.3878	-1029.036	161.6485	1.491977	7.123572
11952	-868.8475	-1032.555	163.7079	1.814317	5.848783
11958	-876.5586	-1040.334	163.7753	1.678871	5.877947
11964	-868.3928	-1030.074	161.6808	1.6643	7.020604
11970	-866.4554	-1030.3	163.8445	1.748901	5.805722
11976	-858.8155	-1022.154	163.3381	1.683001	6.114431
11982	-868.1478	-1031.578	163.4302	1.620919	6.09501
11988	-852.2148	-1015.389	163.1741	1.493104	6.29871
11994	-849.0796	-1011.126	162.0464	1.489244	6.910724
12000	-846.2784	-1009.819	163.5406	1.647667	6.021505
12006	-857.7749	-1020.457	162.6824	1.90269	6.365331
12012	-860.7862	-1022.186	161.4001	1.383314	7.312314
12018	-859.4015	-1022.379	162.9771	1.476117	6.41424
12024	-866.4586	-1029.773	163.3148	1.593671	6.171423
12030	-876.0941	-1039.862	163.7676	1.660255	5.891398
12036	-877.6468	-1038.438	160.7908	1.495052	7.58215
12042	-865.6649	-1027.712	162.0475	1.657329	6.826406
12048	-876.2276	-1038.298	162.0705	1.630593	6.827141
12054	-873.6405	-1035.251	161.6108	1.784775	7.000198
12060	-856.0382	-1017.769	161.7313	1.789165	6.933212
12066	-868.6377	-1030.201	161.5632	1.943736	6.951293
12072	-863.9073	-1027.343	163.4358	1.827254	5.991147
12078	-864.935	-1028.036	163.1007	1.650559	6.259565
12084	-857.5166	-1019.682	162.165	1.365638	6.910069
12090	-854.3056	-1015.246	160.9403	1.657616	7.421703
12096	-849.6845	-1011.882	162.1979	1.365792	6.892251
12102	-851.3262	-1013.432	162.1058	1.931322	6.664235
12108	-853.7682	-1015.706	161.9374	2.154237	6.65415
12114	-866.5642	-1028.306	161.742	1.354422	7.143603
12120	-869.551	-1032.045	162.4937	1.829976	6.501906
12126	-869.7945	-1032.032	162.2371	1.434672	6.835657
12132	-851.905	-1013.471	161.5661	1.444141	7.192089
12138	-848.693	-1011.505	162.8115	2.05432	6.225148
12144	-862.3419	-1024.625	162.2832	1.70159	6.677509
12150	-871.9817	-1034.174	162.1919	1.804157	6.677509
12156	-860.4422	-1023.613	163.1704	1.589808	6.251858
12162	-849.3184	-1012.986	163.6672	1.976338	5.794355
12168	-854.342	-1018.022	163.6801	1.848772	5.847452
12174	-843.8032	-1007.343	163.5397	1.461705	6.115971
12180	-851.6013	-1014.185	162.5837	1.776317	6.478782
12186	-856.8664	-1018.547	161.6806	1.540915	7.08171
12192	-854.9701	-1017.788	162.8176	1.448178	6.514998
12198	-855.032	-1018.308	163.2756	1.919276	6.034919
12204	-847.0119	-1009.992	162.9799	1.501622	6.399786
12210	-845.9897	-1008.707	162.7173	1.789989	6.399786
12216	-857.9159	-1021.432	163.516	1.883321	5.920709
12222	-859.0437	-1022.544	163.5002	1.703893	6.015787
12228	-849.0493	-1009.86	160.8109	1.64703	7.496212
12234	-847.3113	-1010.172	162.8602	1.953149	6.245205
12240	-859.39	-1021.849	162.4594	1.97988	6.45038
12246	-863.4549	-1026.238	162.7827	1.628844	6.442886
12252	-863.9948	-1026.29	162.2949	2.194283	6.442886
12258	-853.4791	-1017.543	164.0637	2.307586	5.4271
12264	-861.2821	-1025.179	163.8971	1.864094	5.721379
12270	-857.6712	-1020.501	162.8301	2.117253	6.186561
12276	-857.6198	-1020.681	163.0616	1.844929	6.186561
12282	-855.3074	-1018.373	163.0652	1.840866	6.186561
12288	-863.2448	-1025.808	162.5637	2.353193	6.22788
12294	-861.6147	-1022.768	161.1536	2.065615	7.116266
12300	-861.2607	-1022.887	161.6264	1.563252	7.099734
12306	-853.2277	-1016.512	163.2846	1.554427	6.207576
12312	-857.812	-1020.989	163.1767	1.672114	6.207576
12318	-864.5522	-1027.737	163.1845	1.589087	6.244557
12324	-865.5763	-1028.541	162.9646	1.96137	6.184661
12330	-850.2971	-1013.719	163.4223	1.647062	6.086315
12336	-851.8408	-1014.947	163.1058	1.647062	6.258499
12342	-853.7985	-1016.866	163.0679	1.816022	6.196937
12348	-858.2286	-1020.987	162.7583	1.96477	6.295178
12354	-853.9867	-1017.013	163.026	1.818462	6.218553
12360	-850.116	-1013.825	163.7092	2.157725	5.68839
12366	-856.4513	-1017.956	161.5049	1.946047	6.98164
12372	-863.2314	-1024.628	161.397	1.828578	7.094495
12378	-865.049	-1028.262	163.2131	1.847853	6.102738
12384	-859.9366	-1022.959	163.0226	2.07098	6.102738
12390	-860.1861	-1023.974	163.7883	2.081211	5.679678
12396	-861.0791	-1022.813	161.7343	2.124977	6.77688
12402	-867.4952	-1030.236	162.7408	1.840185	6.363087
12408	-851.3586	-1013.978	162.619	2.052618	6.330518
12414	-859.7849	-1022.197	162.4126	2.247042	6.355871
12420	-866.6314	-1030.045	163.4132	1.913692	5.962506
12426	-859.9907	-1022.202	162.2113	1.691266	6.721414
12432	-868.5036	-1031.22	162.716	1.57125	6.507699
12438	-867.5486	-1030.907	163.3583	1.469687	6.210538
12444	-868.4097	-1030.649	162.2389	1.9377	6.589321
12450	-876.3468	-1038.373	162.0264	1.940466	6.702927
12456	-868.0063	-1030.282	162.2754	1.452186	6.806068
12462	-859.0558	-1020.471	161.4153	2.011573	6.999881
12468	-872.839	-1035.33	162.4911	2.024547	6.412728
12474	-871.0468	-1031.768	160.7216	1.558245	7.587649
12480	-858.822	-1021.034	162.2123	1.683153	6.724832
12486	-868.7443	-1031.58	162.8356	1.683153	6.387412
12492	-851.7457	-1014.339	162.5937	1.95859	6.387412
12498	-862.8659	-1025.174	162.3079	1.756483	6.637607
12504	-849.1611	-1013.077	163.9163	2.610951	5.37918
12510	-850.6399	-1014.507	163.8668	2.150211	5.605308
12516	-856.5447	-1019.243	162.6982	2.21963	6.212747
12522	-850.3346	-1013.069	162.7343	2.210888	6.196962
12528	-862.9657	-1026.007	163.0413	1.758226	6.239162
12534	-859.5766	-1021.626	162.0496	1.943812	6.68884
12540	-864.3903	-1026.016	161.6254	2.465648	6.68884
12546	-856.7025	-1019.706	163.0036	1.820022	6.229993
12552	-855.0246	-1018.103	163.0787	1.668409	6.262666
12558	-860.9114	-1023.354	162.4424	1.876764	6.507603
12564	-858.4017	-1020.676	162.2746	2.322894	6.397869
12570	-862.1419	-1024.776	162.6341	2.233815	6.241378
12576	-854.6641	-1017.675	163.0112	2.131478	6.081605
12582	-852.4885	-1014.81	162.3217	1.581732	6.715738
12588	-856.8362	-1018.266	161.4297	1.725411	7.126102
12594	-868.1909	-1032.133	163.9422	1.589855	5.831114
12600	-857.448	-1020.308	162.86	1.908437	6.26618
12606	-857.2908	-1018.986	161.6954	1.973599	6.866309
12612	-856.8031	-1018.875	162.0721	1.471633	6.905779
12618	-857.6165	-1019.628	162.0117	1.536216	6.905779
12624	-850.1089	-1012.18	162.0715	1.472299	6.905779
12630	-855.6466	-1017.176	161.5295	1.545722	7.160558
12636	-867.4663	-1030.44	162.9735	1.732258	6.28863
12642	-865.1268	-1026.459	161.3327	1.343132	7.369213
12648	-854.2456	-1017.35	163.1041	1.667318	6.249425
12654	-850.7939	-1013.379	162.5851	1.656911	6.536044
12660	-860.806	-1022.863	162.0568	1.787309	6.75852
12666	-854.6608	-1016.399	161.7383	1.718416	6.96337
12672	-852.9024	-1015.019	162.1167	1.732306	6.752589
12678	-865.706	-1028.197	162.4908	1.53233	6.649091
12684	-864.6179	-1026.833	162.2156	1.836949	6.649091
12690	-870.3862	-1031.531	161.1443	1.918829	7.188189
12696	-875.1717	-1038.179	163.0071	1.918829	6.181324
12702	-863.2527	-1025.301	162.0481	1.76208	6.775296
12708	-866.4259	-1029.304	162.8785	1.871196	6.273661
12714	-860.7994	-1024.407	163.608	1.697615	5.960102
12720	-865.3682	-1027.839	162.4709	1.697615	6.577962
12726	-857.9998	-1020.341	162.3409	1.6681	6.662683
12732	-866.8052	-1028.554	161.7493	1.62777	7.001636
12738	-857.6156	-1021.154	163.5385	1.47687	6.108797
12744	-853.2971	-1016.153	162.8563	1.811952	6.31388
12750	-858.181	-1020.911	162.7299	1.957766	6.31388
12756	-868.7181	-1031.229	162.5108	1.584405	6.612153
12762	-866.3889	-1029.2	162.8112	2.098812	6.205178
12768	-880.693	-1043.323	162.6305	1.733522	6.474101
12774	-874.4864	-1037.551	163.0649	1.817684	6.197748
12780	-868.9151	-1030.072	161.1571	1.705018	7.282373
12786	-877.7629	-1038.505	160.742	1.542246	7.584701
12792	-865.0881	-1027.543	162.4549	1.571258	6.648983
12798	-858.7206	-1021.632	162.9115	1.778603	6.299899
12804	-856.2677	-1018.781	162.5134	2.200613	6.321542
12810	-853.1157	-1014.879	161.7636	1.729336	6.944485
12816	-853.0722	-1016.438	163.3655	2.219991	5.84878
12822	-846.946	-1010.845	163.8994	1.90793	5.69928
12828	-854.4618	-1017.411	162.9494	1.936995	6.204263
12834	-865.0558	-1027.715	162.6596	1.936995	6.361673
12840	-859.7327	-1022.927	163.1941	2.245287	5.931269
12846	-859.4557	-1022.638	163.1824	1.937709	6.077083
12852	-847.7979	-1010.966	163.1684	1.937709	6.0847
12858	-847.2091	-1010.727	163.5183	1.779949	5.968892
12864	-849.1966	-1010.817	161.6202	1.779949	6.997459
12870	-860.2606	-1022.108	161.8474	1.779949	6.875011
12876	-856.2368	-1019.588	163.3507	2.406441	5.775777
12882	-853.1013	-1014.517	161.4152	1.743679	7.125103
12888	-847.9879	-1009.638	161.6505	1.603407	7.066841
12894	-847.8376	-1009.965	162.1273	1.624486	6.799495
12900	-858.7566	-1021.699	162.9429	2.066544	6.148147
12906	-857.2884	-1020.863	163.5747	2.066544	5.803369
12912	-851.5981	-1013.703	162.1047	1.993856	6.636011
12918	-849.9079	-1012.013	162.1047	1.993856	6.636011
12924	-844.518	-1006.623	162.1047	1.993856	6.636011
12930	-853.5502	-1016.215	162.6652	1.943357	6.355692
12936	-863.3239	-1026.055	162.731	1.975307	6.305135
12942	-867.3756	-1029.058	161.6826	2.105606	6.813432
12948	-868.2582	-1032.079	163.8205	1.501504	5.942436
12954	-856.1461	-1018.054	161.9083	1.618943	6.920343
12960	-854.5607	-1019.047	164.4865	2.115454	5.279864
12966	-856.9644	-1019.262	162.2974	2.172367	6.451222
12972	-865.506	-1027.996	162.4897	2.098154	6.380082
12978	-859.0291	-1021.436	162.4074	1.705283	6.608597
12984	-867.6666	-1030.584	162.9174	1.661597	6.353617
12990	-861.967	-1023.103	161.1358	1.727117	7.283152
12996	-859.8606	-1021.3	161.4394	1.727117	7.120058
13002	-858.6195	-1021.734	163.1148	1.935295	6.115034
13008	-854.1946	-1017.411	163.2168	1.855441	6.097073
13014	-841.7653	-1004.211	162.4459	1.689097	6.595609
13020	-845.2773	-1008.803	163.5259	1.689097	6.009078
13026	-848.7287	-1010.782	162.053	1.719385	6.793211
13032	-844.637	-1006.558	161.9209	1.585472	6.930114
13038	-852.4676	-1015.993	163.525	1.731448	5.988778
13044	-849.8764	-1012.187	162.3107	1.731448	6.648154
13050	-854.0582	-1016.362	162.3042	1.82013	6.6092
13056	-869.0766	-1030.698	161.6213	1.427259	7.171001
13062	-855.082	-1018.746	163.6642	1.797096	5.880942
13068	-854.7588	-1018	163.2415	1.717707	6.149958
13074	-858.7108	-1021.103	162.3926	1.950713	6.500048
13080	-853.1642	-1014.853	161.6888	2.033447	6.842559
13086	-854.3711	-1016.157	161.786	1.919239	6.842559
13092	-868.1793	-1030.735	162.5558	1.605429	6.577376
13098	-856.6549	-1018.697	162.0422	1.605429	6.85485
13104	-857.9537	-1020.18	162.2266	1.842823	6.640385
13110	-854.5517	-1016.483	161.9316	1.889067	6.778027
13116	-862.1056	-1025.956	163.8503	1.544183	5.904451
13122	-842.2237	-1005.244	163.0204	1.544183	6.356229
13128	-858.8039	-1021.007	162.2034	2.113522	6.52837
13134	-866.5367	-1029.594	163.057	1.806327	6.207475
13140	-858.5797	-1021.041	162.4615	2.009877	6.435484
13146	-858.7435	-1020.249	161.5054	1.922028	6.992457
13152	-870.0282	-1031.679	161.6507	2.548204	6.641042
13158	-857.689	-1019.528	161.839	1.648761	6.942997
13164	-871.313	-1032.929	161.6158	1.575366	7.099372
13170	-872.526	-1033.714	161.1879	2.372005	6.964229
13176	-880.6823	-1044.791	164.1088	1.74095	5.664855
13182	-872.0767	-1033.186	161.1094	1.786255	7.269071
13188	-862.3886	-1023.7	161.3115	1.938246	7.089335
13194	-861.3831	-1024.306	162.9229	2.53752	5.954441
13200	-860.8916	-1023.42	162.5286	2.22496	6.302589
13206	-866.0291	-1028.723	162.6934	1.661807	6.474985
13212	-862.4444	-1024.943	162.4988	1.580718	6.620509
13218	-861.6866	-1023.584	161.8973	1.781672	6.847298
13224	-860.0256	-1022.574	162.5489	1.781672	6.495088
13230	-859.4977	-1021.888	162.3899	1.964631	6.495088
13236	-859.4616	-1021.517	162.0555	1.617885	6.841504
13242	-865.401	-1027.953	162.5519	1.675377	6.544999
13248	-862.1439	-1024.875	162.7308	1.860041	6.359108
13254	-872.6539	-1035.65	162.9959	2.184632	6.0662
13260	-870.8501	-1033.837	162.9871	2.083626	6.116333
13266	-857.8682	-1021.44	163.5713	1.983946	5.843264
13272	-865.5416	-1026.984	161.4422	1.907771	7.033111
13278	-887.8864	-1050.501	162.6151	1.483302	6.606681
13284	-869.8057	-1030.472	160.6664	1.910138	7.448695
13290	-865.7359	-1028.451	162.7149	1.506461	6.540917
13296	-862.3808	-1024.766	162.3855	1.610219	6.667087
13302	-862.1779	-1024.317	162.1395	1.628432	6.79099
13308	-865.8618	-1028.176	162.3144	2.163299	6.446054
13314	-856.0768	-1019.56	163.4832	1.668281	6.042629
13320	-853.3065	-1015.561	162.2547	1.787981	6.65129
13326	-854.492	-1016.264	161.7717	1.99528	6.815205
13332	-849.2138	-1011.542	162.328	2.029856	6.498712
13338	-853.6485	-1014.9	161.2516	2.10977	7.043798
13344	-852.6138	-1015.454	162.8406	2.141885	6.169838
13350	-859.1143	-1021.909	162.7949	2.197697	6.169838
13356	-862.8462	-1024.711	161.8647	2.197697	6.674223
13362	-858.7308	-1021.371	162.6404	1.905534	6.386795
13368	-859.7751	-1022.558	162.7826	1.6397	6.437552
13374	-853.8218	-1016.308	162.4866	1.975698	6.437552
13380	-847.6938	-1010.788	163.0945	2.173298	6.017495
13386	-846.8097	-1009.429	162.6194	2.347244	6.200125
13392	-847.6142	-1009.956	162.3414	2.222248	6.405376
13398	-854.3042	-1018.144	163.8402	2.97238	5.276308
13404	-846.7669	-1010.388	163.621	2.217961	5.709832
13410	-864.5358	-1026.05	161.5137	2.394194	6.779161
13416	-869.3422	-1031.98	162.6379	1.715411	6.478851
13422	-858.4881	-1019.817	161.329	1.991171	7.055659
13428	-872.1177	-1035.615	163.4975	2.49397	5.658233
13434	-874.4184	-1037.23	162.812	1.68732	6.398167
13440	-864.3098	-1027.145	162.8349	2.202884	6.145778
13446	-863.837	-1027.285	163.4477	1.866636	5.965914
13452	-868.2774	-1030.519	162.2415	1.797893	6.653664
13458	-875.9084	-1038.022	162.1136	1.797893	6.722792
13464	-855.3808	-1018.523	163.1418	2.351621	5.913517
13470	-866.2527	-1029.71	163.4572	2.089647	5.857094
13476	-843.6465	-1006.209	162.5629	1.880036	6.440765
13482	-857.695	-1020.956	163.2611	1.592525	6.201216
13488	-859.8673	-1022.468	162.6009	2.074251	6.330555
13494	-853.739	-1015.898	162.1593	1.491383	6.848749
13500	-865.0851	-1026.863	161.7774	1.542352	7.028871
13506	-845.78	-1007.166	161.3861	1.826006	7.101576
13512	-848.8535	-1011.354	162.5003	1.978064	6.429058
13518	-854.4951	-1016.489	161.9943	1.957388	6.71242
13524	-866.9733	-1028.604	161.6307	2.020591	6.879751
13530	-856.9237	-1018.754	161.8306	1.791317	6.878627
13536	-864.5999	-1029.17	164.5706	2.199327	5.195382
13542	-866.9022	-1028.406	161.5041	1.758746	7.070066
13548	-835.5162	-996.7634	161.2471	2.056507	7.070066
13554	-836.9784	-1000.564	163.5853	1.903988	5.873048
13560	-841.8162	-1005.41	163.5937	1.894337	5.873048
13566	-857.3447	-1019.67	162.3255	2.064086	6.484495
13572	-851.186	-1014.068	162.882	1.955524	6.232283
13578	-862.857	-1026.364	163.5075	2.423632	5.682588
13584	-853.7867	-1017.424	163.637	1.92989	5.832612
13590	-863.8763	-1025.1	161.2239	1.734969	7.232077
13596	-861.0784	-1023.985	162.9065	1.53133	6.424512
13602	-866.1541	-1029.48	163.326	1.793987	6.066965
13608	-862.2645	-1023.285	161.0202	1.582712	7.415577
13614	-870.194	-1031.5	161.3061	1.301702	7.404997
13620	-866.6574	-1030.343	163.6858	1.816447	5.859828
13626	-864.0273	-1025.768	161.7406	1.751057	6.946416
13632	-861.9973	-1023.567	161.5693	1.656741	7.084321
13638	-855.6846	-1018.987	163.3024	1.201874	6.381263
13644	-864.9186	-1028.066	163.1474	1.643604	6.237577
13650	-863.9494	-1026.121	162.1712	1.633829	6.771169
13656	-858.366	-1020.636	162.27	1.697407	6.686668
13662	-858.478	-1020.304	161.8256	1.988412	6.789261
13668	-871.8396	-1034.106	162.2667	1.494456	6.789261
13674	-865.8264	-1028.357	162.5305	1.604935	6.591313
13680	-878.64	-1040.22	161.5796	1.888414	6.968154
13686	-878.1505	-1039.75	161.5992	1.85308	6.974141
13692	-852.632	-1015.891	163.2589	1.71042	6.144072
13698	-860.5386	-1021.852	161.3139	2.178522	6.979853
13704	-857.5485	-1019.452	161.9032	1.60394	6.930504
13710	-846.3816	-1008.799	162.4175	2.006166	6.461029
13716	-839.7561	-1003.352	163.5959	2.006166	5.819557
13722	-840.8561	-1004.095	163.2392	2.006166	6.014376
13728	-849.4142	-1012.039	162.6249	1.980178	6.360506
13734	-853.2463	-1015.647	162.4006	1.920303	6.50988
13740	-848.1171	-1010.542	162.4249	1.89204	6.50988
13746	-850.6967	-1013.101	162.4044	2.048338	6.44887
13752	-848.1871	-1011.561	163.3735	1.905539	5.988001
13758	-850.3838	-1012.426	162.0421	2.022105	6.656933
13764	-852.4361	-1013.623	161.1864	2.022105	7.118287
13770	-864.4285	-1025.929	161.5004	1.54113	7.178512
13776	-844.0463	-1007.192	163.1457	1.297196	6.415638
13782	-855.1973	-1018.222	163.0243	1.665729	6.293563
13788	-850.4038	-1012.164	161.7601	1.976456	6.830083
13794	-854.7467	-1016.737	161.9908	1.71262	6.830083
13800	-869.3152	-1031.361	162.0461	1.665735	6.823054
13806	-857.5895	-1019.18	161.5902	1.974673	6.922541
13812	-853.3169	-1016.293	162.9765	2.40267	5.981919
13818	-860.3306	-1022.974	162.6435	2.070716	6.308993
13824	-863.5166	-1026.819	163.3025	1.460016	6.245842
13830	-858.5767	-1020.919	162.3427	1.511666	6.739522
13836	-867.1075	-1027.145	160.0374	1.55543	7.954715
13842	-857.5399	-1019.818	162.278	1.968382	6.553941
13848	-869.1103	-1031.781	162.6706	1.91558	6.36569
13854	-853.5122	-1015.952	162.4396	1.912704	6.492288
13860	-854.4438	-1017.219	162.7747	2.402815	6.091844
13866	-852.5472	-1014.357	161.8096	2.461533	6.590988
13872	-860.2122	-1020.783	160.5712	1.811107	7.545896
13878	-858.4155	-1020.715	162.2992	1.811107	6.616154
13884	-864.7005	-1028.05	163.3494	1.811107	6.045986
13890	-856.1871	-1019.009	162.822	1.576706	6.447533
13896	-854.6126	-1017.921	163.3085	1.857742	6.046029
13902	-859.3176	-1021.516	162.1985	1.878064	6.638952
13908	-842.2911	-1005.283	162.9918	1.934259	6.182485
13914	-855.3016	-1018.767	163.4654	1.595254	6.088623
13920	-853.7936	-1015.394	161.6006	2.056092	6.879866
13926	-852.0744	-1014.052	161.9774	1.46967	6.957835
13932	-843.6399	-1007.805	164.1649	1.290131	5.864571
13938	-852.8127	-1013.958	161.1449	1.59119	7.3445
13944	-855.6438	-1018.379	162.7351	1.543355	6.511315
13950	-858.5565	-1021.209	162.6522	1.633439	6.511315
13956	-866.9157	-1028.615	161.6997	1.928024	6.885009
13962	-863.8827	-1024.714	160.8311	1.570706	7.522851
13968	-865.1008	-1026.686	161.5854	1.94492	6.938821
13974	-856.8743	-1021.11	164.2359	1.725087	5.602896
13980	-855.4465	-1019.115	163.6684	2.057854	5.756093
13986	-844.797	-1008.176	163.3786	2.138959	5.877764
13992	-854.2632	-1017.302	163.0389	1.663137	6.286905
13998	-862.9309	-1025.945	163.0142	1.690468	6.286905
14004	-852.0456	-1015.35	163.3049	2.337487	5.830529
14010	-854.2543	-1017.415	163.1604	2.371149	5.894981
14016	-846.275	-1009.318	163.0435	2.347006	5.969195
14022	-852.6086	-1014.302	161.6935	1.955587	6.875588
14028	-861.1922	-1022.977	161.7845	1.850225	6.875588
14034	-857.786	-1019.901	162.1147	2.128636	6.569601
14040	-860.3886	-1022.165	161.7765	1.666625	6.967974
14046	-858.9329	-1021.529	162.5957	2.229139	6.264308
14052	-871.5184	-1034.188	162.6692	2.112129	6.276352
14058	-861.7581	-1023.604	161.8461	1.684653	6.921646
14064	-862.4616	-1024.605	162.1439	2.367692	6.449556
14070	-855.5765	-1018.222	162.6454	1.627951	6.517704
14076	-852.8045	-1015.711	162.9061	1.798728	6.293148
14082	-864.2406	-1026.103	161.8627	2.114076	6.712381
14088	-852.3617	-1014.875	162.5134	2.084434	6.373401
14094	-860.6991	-1022.95	162.2511	1.855288	6.621251
14100	-856.1791	-1018.946	162.7665	1.606533	6.462733
