"gridTag","tree_length","gain_loss","n_char","cov_tree_len","mse_tree_len","rate_param","cov_rate_loss","mse_rate_loss","modelID","scenario"
"tl1.00_gl0.10_c25",1,0.1,25,1,0.057212559896991,NA,NA,NA,"model1","mk"
"tl1.50_gl0.10_c25",1.5,0.1,25,1,0.0317141762526112,NA,NA,NA,"model1","mk"
"tl2.50_gl0.10_c25",2.5,0.1,25,1,0.0858381892893283,NA,NA,NA,"model1","mk"
"tl5.00_gl0.10_c25",5,0.1,25,0.7,0.699081546179059,NA,NA,NA,"model1","mk"
"tl1.00_gl0.25_c25",1,0.25,25,1,0.057212559896991,NA,NA,NA,"model1","mk"
"tl1.50_gl0.25_c25",1.5,0.25,25,1,0.0317141762526112,NA,NA,NA,"model1","mk"
"tl2.50_gl0.25_c25",2.5,0.25,25,1,0.0858381892893283,NA,NA,NA,"model1","mk"
"tl5.00_gl0.25_c25",5,0.25,25,0.7,0.699081546179059,NA,NA,NA,"model1","mk"
"tl1.00_gl0.50_c25",1,0.5,25,1,0.057212559896991,NA,NA,NA,"model1","mk"
"tl1.50_gl0.50_c25",1.5,0.5,25,1,0.0317141762526112,NA,NA,NA,"model1","mk"
"tl2.50_gl0.50_c25",2.5,0.5,25,1,0.0858381892893283,NA,NA,NA,"model1","mk"
"tl5.00_gl0.50_c25",5,0.5,25,0.7,0.699081546179059,NA,NA,NA,"model1","mk"
"tl1.00_gl1.00_c25",1,1,25,1,0.057212559896991,NA,NA,NA,"model1","mk"
"tl1.50_gl1.00_c25",1.5,1,25,1,0.0317141762526112,NA,NA,NA,"model1","mk"
"tl2.50_gl1.00_c25",2.5,1,25,1,0.0858381892893283,NA,NA,NA,"model1","mk"
"tl5.00_gl1.00_c25",5,1,25,0.7,0.699081546179059,NA,NA,NA,"model1","mk"
"tl1.00_gl0.10_c50",1,0.1,50,1,0.0503876013636628,NA,NA,NA,"model1","mk"
"tl1.50_gl0.10_c50",1.5,0.1,50,1,0.0625654153564077,NA,NA,NA,"model1","mk"
"tl2.50_gl0.10_c50",2.5,0.1,50,1,0.0177965755487578,NA,NA,NA,"model1","mk"
"tl5.00_gl0.10_c50",5,0.1,50,0.7,0.250784538948695,NA,NA,NA,"model1","mk"
"tl1.00_gl0.25_c50",1,0.25,50,1,0.0503876013636628,NA,NA,NA,"model1","mk"
"tl1.50_gl0.25_c50",1.5,0.25,50,1,0.0625654153564077,NA,NA,NA,"model1","mk"
"tl2.50_gl0.25_c50",2.5,0.25,50,1,0.0177965755487578,NA,NA,NA,"model1","mk"
"tl5.00_gl0.25_c50",5,0.25,50,0.7,0.250784538948695,NA,NA,NA,"model1","mk"
"tl1.00_gl0.50_c50",1,0.5,50,1,0.0503876013636628,NA,NA,NA,"model1","mk"
"tl1.50_gl0.50_c50",1.5,0.5,50,1,0.0625654153564077,NA,NA,NA,"model1","mk"
"tl2.50_gl0.50_c50",2.5,0.5,50,1,0.0177965755487578,NA,NA,NA,"model1","mk"
"tl5.00_gl0.50_c50",5,0.5,50,0.7,0.250784538948695,NA,NA,NA,"model1","mk"
"tl1.00_gl1.00_c50",1,1,50,1,0.0503876013636628,NA,NA,NA,"model1","mk"
"tl1.50_gl1.00_c50",1.5,1,50,1,0.0625654153564077,NA,NA,NA,"model1","mk"
"tl2.50_gl1.00_c50",2.5,1,50,1,0.0177965755487578,NA,NA,NA,"model1","mk"
"tl5.00_gl1.00_c50",5,1,50,0.7,0.250784538948695,NA,NA,NA,"model1","mk"
"tl1.00_gl0.10_c100",1,0.1,100,1,0.0187388899269143,NA,NA,NA,"model1","mk"
"tl1.50_gl0.10_c100",1.5,0.1,100,0.9,0.0225430669251113,NA,NA,NA,"model1","mk"
"tl2.50_gl0.10_c100",2.5,0.1,100,0.8,0.0668609044468466,NA,NA,NA,"model1","mk"
"tl5.00_gl0.10_c100",5,0.1,100,1,0.068308698903698,NA,NA,NA,"model1","mk"
"tl1.00_gl0.25_c100",1,0.25,100,1,0.0187388899269143,NA,NA,NA,"model1","mk"
"tl1.50_gl0.25_c100",1.5,0.25,100,0.9,0.0225430669251113,NA,NA,NA,"model1","mk"
"tl2.50_gl0.25_c100",2.5,0.25,100,0.8,0.0668609044468466,NA,NA,NA,"model1","mk"
"tl5.00_gl0.25_c100",5,0.25,100,1,0.068308698903698,NA,NA,NA,"model1","mk"
"tl1.00_gl0.50_c100",1,0.5,100,1,0.0187388899269143,NA,NA,NA,"model1","mk"
"tl1.50_gl0.50_c100",1.5,0.5,100,0.9,0.0225430669251113,NA,NA,NA,"model1","mk"
"tl2.50_gl0.50_c100",2.5,0.5,100,0.8,0.0668609044468466,NA,NA,NA,"model1","mk"
"tl5.00_gl0.50_c100",5,0.5,100,1,0.068308698903698,NA,NA,NA,"model1","mk"
"tl1.00_gl1.00_c100",1,1,100,1,0.0187388899269143,NA,NA,NA,"model1","mk"
"tl1.50_gl1.00_c100",1.5,1,100,0.9,0.0225430669251113,NA,NA,NA,"model1","mk"
"tl2.50_gl1.00_c100",2.5,1,100,0.8,0.0668609044468466,NA,NA,NA,"model1","mk"
"tl5.00_gl1.00_c100",5,1,100,1,0.068308698903698,NA,NA,NA,"model1","mk"
"tl1.00_gl0.10_c200",1,0.1,200,0.9,0.0119018729802606,NA,NA,NA,"model1","mk"
"tl1.50_gl0.10_c200",1.5,0.1,200,0.9,0.0120544910437404,NA,NA,NA,"model1","mk"
"tl2.50_gl0.10_c200",2.5,0.1,200,1,0.00898104178848107,NA,NA,NA,"model1","mk"
"tl5.00_gl0.10_c200",5,0.1,200,1,0.0226607700287969,NA,NA,NA,"model1","mk"
"tl1.00_gl0.25_c200",1,0.25,200,0.9,0.0119018729802606,NA,NA,NA,"model1","mk"
"tl1.50_gl0.25_c200",1.5,0.25,200,0.9,0.0120544910437404,NA,NA,NA,"model1","mk"
"tl2.50_gl0.25_c200",2.5,0.25,200,1,0.00898104178848107,NA,NA,NA,"model1","mk"
"tl5.00_gl0.25_c200",5,0.25,200,1,0.0226607700287969,NA,NA,NA,"model1","mk"
"tl1.00_gl0.50_c200",1,0.5,200,0.9,0.0119018729802606,NA,NA,NA,"model1","mk"
"tl1.50_gl0.50_c200",1.5,0.5,200,0.9,0.0120544910437404,NA,NA,NA,"model1","mk"
"tl2.50_gl0.50_c200",2.5,0.5,200,1,0.00898104178848107,NA,NA,NA,"model1","mk"
"tl5.00_gl0.50_c200",5,0.5,200,1,0.0226607700287969,NA,NA,NA,"model1","mk"
"tl1.00_gl1.00_c200",1,1,200,0.9,0.0119018729802606,NA,NA,NA,"model1","mk"
"tl1.50_gl1.00_c200",1.5,1,200,0.9,0.0120544910437404,NA,NA,NA,"model1","mk"
"tl2.50_gl1.00_c200",2.5,1,200,1,0.00898104178848107,NA,NA,NA,"model1","mk"
"tl5.00_gl1.00_c200",5,1,200,1,0.0226607700287969,NA,NA,NA,"model1","mk"
"tl1.00_gl0.10_c25",1,0.1,25,1,0.0964253039846236,"gain_loss_trans",NA,NA,"model10","mk"
"tl1.50_gl0.10_c25",1.5,0.1,25,1,0.102863755833264,"gain_loss_trans",NA,NA,"model10","mk"
"tl2.50_gl0.10_c25",2.5,0.1,25,0.9,0.580912677712381,"gain_loss_trans",NA,NA,"model10","mk"
"tl5.00_gl0.10_c25",5,0.1,25,0.5,3.21934701404883,"gain_loss_trans",NA,NA,"model10","mk"
"tl1.00_gl0.25_c25",1,0.25,25,1,0.0964253039846236,"gain_loss_trans",NA,NA,"model10","mk"
"tl1.50_gl0.25_c25",1.5,0.25,25,1,0.102863755833264,"gain_loss_trans",NA,NA,"model10","mk"
"tl2.50_gl0.25_c25",2.5,0.25,25,0.9,0.580912677712381,"gain_loss_trans",NA,NA,"model10","mk"
"tl5.00_gl0.25_c25",5,0.25,25,0.5,3.21934701404883,"gain_loss_trans",NA,NA,"model10","mk"
"tl1.00_gl0.50_c25",1,0.5,25,1,0.0964253039846236,"gain_loss_trans",NA,NA,"model10","mk"
"tl1.50_gl0.50_c25",1.5,0.5,25,1,0.102863755833264,"gain_loss_trans",NA,NA,"model10","mk"
"tl2.50_gl0.50_c25",2.5,0.5,25,0.9,0.580912677712381,"gain_loss_trans",NA,NA,"model10","mk"
"tl5.00_gl0.50_c25",5,0.5,25,0.5,3.21934701404883,"gain_loss_trans",NA,NA,"model10","mk"
"tl1.00_gl1.00_c25",1,1,25,1,0.0964253039846236,"gain_loss_trans",NA,NA,"model10","mk"
"tl1.50_gl1.00_c25",1.5,1,25,1,0.102863755833264,"gain_loss_trans",NA,NA,"model10","mk"
"tl2.50_gl1.00_c25",2.5,1,25,0.9,0.580912677712381,"gain_loss_trans",NA,NA,"model10","mk"
"tl5.00_gl1.00_c25",5,1,25,0.5,3.21934701404883,"gain_loss_trans",NA,NA,"model10","mk"
"tl1.00_gl0.10_c50",1,0.1,50,1,0.0810079965886186,"gain_loss_trans",NA,NA,"model10","mk"
"tl1.50_gl0.10_c50",1.5,0.1,50,1,0.185954643690773,"gain_loss_trans",NA,NA,"model10","mk"
"tl2.50_gl0.10_c50",2.5,0.1,50,1,0.12649655784062,"gain_loss_trans",NA,NA,"model10","mk"
"tl5.00_gl0.10_c50",5,0.1,50,0.9,0.575268504637317,"gain_loss_trans",NA,NA,"model10","mk"
"tl1.00_gl0.25_c50",1,0.25,50,1,0.0813151000810622,"gain_loss_trans",NA,NA,"model10","mk"
"tl1.50_gl0.25_c50",1.5,0.25,50,1,0.185954643690773,"gain_loss_trans",NA,NA,"model10","mk"
"tl2.50_gl0.25_c50",2.5,0.25,50,1,0.12649655784062,"gain_loss_trans",NA,NA,"model10","mk"
"tl5.00_gl0.25_c50",5,0.25,50,0.9,0.575268504637317,"gain_loss_trans",NA,NA,"model10","mk"
"tl1.00_gl0.50_c50",1,0.5,50,1,0.0809871426271549,"gain_loss_trans",NA,NA,"model10","mk"
"tl1.50_gl0.50_c50",1.5,0.5,50,1,0.185954643690773,"gain_loss_trans",NA,NA,"model10","mk"
"tl2.50_gl0.50_c50",2.5,0.5,50,1,0.12649655784062,"gain_loss_trans",NA,NA,"model10","mk"
"tl5.00_gl0.50_c50",5,0.5,50,0.9,0.575268504637317,"gain_loss_trans",NA,NA,"model10","mk"
"tl1.00_gl1.00_c50",1,1,50,1,0.0815495684814676,"gain_loss_trans",NA,NA,"model10","mk"
"tl1.50_gl1.00_c50",1.5,1,50,1,0.185954643690773,"gain_loss_trans",NA,NA,"model10","mk"
"tl2.50_gl1.00_c50",2.5,1,50,1,0.12649655784062,"gain_loss_trans",NA,NA,"model10","mk"
"tl5.00_gl1.00_c50",5,1,50,0.9,0.575268504637317,"gain_loss_trans",NA,NA,"model10","mk"
"tl1.00_gl0.10_c100",1,0.1,100,1,0.0655233050337926,"gain_loss_trans",NA,NA,"model10","mk"
"tl1.50_gl0.10_c100",1.5,0.1,100,0.8,0.0891923406143781,"gain_loss_trans",NA,NA,"model10","mk"
"tl2.50_gl0.10_c100",2.5,0.1,100,0.8,0.153656185949866,"gain_loss_trans",NA,NA,"model10","mk"
"tl5.00_gl0.10_c100",5,0.1,100,1,0.165838097625129,"gain_loss_trans",NA,NA,"model10","mk"
"tl1.00_gl0.25_c100",1,0.25,100,1,0.0654236946365812,"gain_loss_trans",NA,NA,"model10","mk"
"tl1.50_gl0.25_c100",1.5,0.25,100,0.8,0.0891923406143781,"gain_loss_trans",NA,NA,"model10","mk"
"tl2.50_gl0.25_c100",2.5,0.25,100,0.8,0.153656185949866,"gain_loss_trans",NA,NA,"model10","mk"
"tl5.00_gl0.25_c100",5,0.25,100,1,0.165838097625129,"gain_loss_trans",NA,NA,"model10","mk"
"tl1.00_gl0.50_c100",1,0.5,100,1,0.0655038384343245,"gain_loss_trans",NA,NA,"model10","mk"
"tl1.50_gl0.50_c100",1.5,0.5,100,0.8,0.0891923406143781,"gain_loss_trans",NA,NA,"model10","mk"
"tl2.50_gl0.50_c100",2.5,0.5,100,0.8,0.153656185949866,"gain_loss_trans",NA,NA,"model10","mk"
"tl5.00_gl0.50_c100",5,0.5,100,1,0.165838097625129,"gain_loss_trans",NA,NA,"model10","mk"
"tl1.00_gl1.00_c100",1,1,100,1,0.0653872731387836,"gain_loss_trans",NA,NA,"model10","mk"
"tl1.50_gl1.00_c100",1.5,1,100,0.8,0.0891923406143781,"gain_loss_trans",NA,NA,"model10","mk"
"tl2.50_gl1.00_c100",2.5,1,100,0.8,0.153656185949866,"gain_loss_trans",NA,NA,"model10","mk"
"tl5.00_gl1.00_c100",5,1,100,1,0.165838097625129,"gain_loss_trans",NA,NA,"model10","mk"
"tl1.00_gl0.10_c200",1,0.1,200,1,0.0126911567018965,"gain_loss_trans",NA,NA,"model10","mk"
"tl1.50_gl0.10_c200",1.5,0.1,200,1,0.031129289800687,"gain_loss_trans",NA,NA,"model10","mk"
"tl2.50_gl0.10_c200",2.5,0.1,200,1,0.0179207497139541,"gain_loss_trans",NA,NA,"model10","mk"
"tl5.00_gl0.10_c200",5,0.1,200,1,0.0288002337234791,"gain_loss_trans",NA,NA,"model10","mk"
"tl1.00_gl0.25_c200",1,0.25,200,1,0.0126911567018965,"gain_loss_trans",NA,NA,"model10","mk"
"tl1.50_gl0.25_c200",1.5,0.25,200,1,0.031129289800687,"gain_loss_trans",NA,NA,"model10","mk"
"tl2.50_gl0.25_c200",2.5,0.25,200,1,0.0179207497139541,"gain_loss_trans",NA,NA,"model10","mk"
"tl5.00_gl0.25_c200",5,0.25,200,1,0.0288002337234791,"gain_loss_trans",NA,NA,"model10","mk"
"tl1.00_gl0.50_c200",1,0.5,200,1,0.0126911567018965,"gain_loss_trans",NA,NA,"model10","mk"
"tl1.50_gl0.50_c200",1.5,0.5,200,1,0.031129289800687,"gain_loss_trans",NA,NA,"model10","mk"
"tl2.50_gl0.50_c200",2.5,0.5,200,1,0.0179207497139541,"gain_loss_trans",NA,NA,"model10","mk"
"tl5.00_gl0.50_c200",5,0.5,200,1,0.0288002337234791,"gain_loss_trans",NA,NA,"model10","mk"
"tl1.00_gl1.00_c200",1,1,200,1,0.0126911567018965,"gain_loss_trans",NA,NA,"model10","mk"
"tl1.50_gl1.00_c200",1.5,1,200,1,0.031129289800687,"gain_loss_trans",NA,NA,"model10","mk"
"tl2.50_gl1.00_c200",2.5,1,200,1,0.0179207497139541,"gain_loss_trans",NA,NA,"model10","mk"
"tl5.00_gl1.00_c200",5,1,200,1,0.0288002337234791,"gain_loss_trans",NA,NA,"model10","mk"
"tl1.00_gl0.10_c25",1,0.1,25,0.8,0.107115164773377,"gain_loss_trans",NA,NA,"model11","mk"
"tl1.50_gl0.10_c25",1.5,0.1,25,0.8,0.114691617839447,"gain_loss_trans",NA,NA,"model11","mk"
"tl2.50_gl0.10_c25",2.5,0.1,25,0.7,0.390566531284528,"gain_loss_trans",NA,NA,"model11","mk"
"tl5.00_gl0.10_c25",5,0.1,25,0,2.2650675406033,"gain_loss_trans",NA,NA,"model11","mk"
"tl1.00_gl0.25_c25",1,0.25,25,0.8,0.107181949926256,"gain_loss_trans",NA,NA,"model11","mk"
"tl1.50_gl0.25_c25",1.5,0.25,25,0.8,0.114691617839447,"gain_loss_trans",NA,NA,"model11","mk"
"tl2.50_gl0.25_c25",2.5,0.25,25,0.7,0.390566531284528,"gain_loss_trans",NA,NA,"model11","mk"
"tl5.00_gl0.25_c25",5,0.25,25,0,2.2650675406033,"gain_loss_trans",NA,NA,"model11","mk"
"tl1.00_gl0.50_c25",1,0.5,25,0.8,0.107181949926256,"gain_loss_trans",NA,NA,"model11","mk"
"tl1.50_gl0.50_c25",1.5,0.5,25,0.8,0.114691617839447,"gain_loss_trans",NA,NA,"model11","mk"
"tl2.50_gl0.50_c25",2.5,0.5,25,0.7,0.390566531284528,"gain_loss_trans",NA,NA,"model11","mk"
"tl5.00_gl0.50_c25",5,0.5,25,0,2.2650675406033,"gain_loss_trans",NA,NA,"model11","mk"
"tl1.00_gl1.00_c25",1,1,25,0.8,0.107181949926256,"gain_loss_trans",NA,NA,"model11","mk"
"tl1.50_gl1.00_c25",1.5,1,25,0.8,0.114691617839447,"gain_loss_trans",NA,NA,"model11","mk"
"tl2.50_gl1.00_c25",2.5,1,25,0.7,0.390566531284528,"gain_loss_trans",NA,NA,"model11","mk"
"tl5.00_gl1.00_c25",5,1,25,0,2.2650675406033,"gain_loss_trans",NA,NA,"model11","mk"
"tl1.00_gl0.10_c50",1,0.1,50,0.7,0.0671534567769393,"gain_loss_trans",NA,NA,"model11","mk"
"tl1.50_gl0.10_c50",1.5,0.1,50,0.6,0.116864092637148,"gain_loss_trans",NA,NA,"model11","mk"
"tl2.50_gl0.10_c50",2.5,0.1,50,1,0.109551627194334,"gain_loss_trans",NA,NA,"model11","mk"
"tl5.00_gl0.10_c50",5,0.1,50,0.2,0.970381303787146,"gain_loss_trans",NA,NA,"model11","mk"
"tl1.00_gl0.25_c50",1,0.25,50,0.7,0.0671534567769393,"gain_loss_trans",NA,NA,"model11","mk"
"tl1.50_gl0.25_c50",1.5,0.25,50,0.6,0.116864092637148,"gain_loss_trans",NA,NA,"model11","mk"
"tl2.50_gl0.25_c50",2.5,0.25,50,1,0.109551627194334,"gain_loss_trans",NA,NA,"model11","mk"
"tl5.00_gl0.25_c50",5,0.25,50,0.2,0.970381303787146,"gain_loss_trans",NA,NA,"model11","mk"
"tl1.00_gl0.50_c50",1,0.5,50,0.7,0.0671534567769393,"gain_loss_trans",NA,NA,"model11","mk"
"tl1.50_gl0.50_c50",1.5,0.5,50,0.6,0.116864092637148,"gain_loss_trans",NA,NA,"model11","mk"
"tl2.50_gl0.50_c50",2.5,0.5,50,1,0.109551627194334,"gain_loss_trans",NA,NA,"model11","mk"
"tl5.00_gl0.50_c50",5,0.5,50,0.2,0.970381303787146,"gain_loss_trans",NA,NA,"model11","mk"
"tl1.00_gl1.00_c50",1,1,50,0.7,0.0671534567769393,"gain_loss_trans",NA,NA,"model11","mk"
"tl1.50_gl1.00_c50",1.5,1,50,0.6,0.116864092637148,"gain_loss_trans",NA,NA,"model11","mk"
"tl2.50_gl1.00_c50",2.5,1,50,1,0.109551627194334,"gain_loss_trans",NA,NA,"model11","mk"
"tl5.00_gl1.00_c50",5,1,50,0.2,0.970381303787146,"gain_loss_trans",NA,NA,"model11","mk"
"tl1.00_gl0.10_c100",1,0.1,100,0.8,0.0206178980103578,"gain_loss_trans",NA,NA,"model11","mk"
"tl1.50_gl0.10_c100",1.5,0.1,100,0.8,0.0482387886624404,"gain_loss_trans",NA,NA,"model11","mk"
"tl2.50_gl0.10_c100",2.5,0.1,100,0.4,0.145086902627914,"gain_loss_trans",NA,NA,"model11","mk"
"tl5.00_gl0.10_c100",5,0.1,100,0.1,0.616146042428203,"gain_loss_trans",NA,NA,"model11","mk"
"tl1.00_gl0.25_c100",1,0.25,100,0.8,0.0206178980103578,"gain_loss_trans",NA,NA,"model11","mk"
"tl1.50_gl0.25_c100",1.5,0.25,100,0.8,0.0482387886624404,"gain_loss_trans",NA,NA,"model11","mk"
"tl2.50_gl0.25_c100",2.5,0.25,100,0.4,0.145086902627914,"gain_loss_trans",NA,NA,"model11","mk"
"tl5.00_gl0.25_c100",5,0.25,100,0.1,0.616146042428203,"gain_loss_trans",NA,NA,"model11","mk"
"tl1.00_gl0.50_c100",1,0.5,100,0.8,0.0206178980103578,"gain_loss_trans",NA,NA,"model11","mk"
"tl1.50_gl0.50_c100",1.5,0.5,100,0.8,0.0482387886624404,"gain_loss_trans",NA,NA,"model11","mk"
"tl2.50_gl0.50_c100",2.5,0.5,100,0.4,0.145086902627914,"gain_loss_trans",NA,NA,"model11","mk"
"tl5.00_gl0.50_c100",5,0.5,100,0.1,0.616146042428203,"gain_loss_trans",NA,NA,"model11","mk"
"tl1.00_gl1.00_c100",1,1,100,0.8,0.0206178980103578,"gain_loss_trans",NA,NA,"model11","mk"
"tl1.50_gl1.00_c100",1.5,1,100,0.8,0.0482387886624404,"gain_loss_trans",NA,NA,"model11","mk"
"tl2.50_gl1.00_c100",2.5,1,100,0.4,0.145086902627914,"gain_loss_trans",NA,NA,"model11","mk"
"tl5.00_gl1.00_c100",5,1,100,0.1,0.616146042428203,"gain_loss_trans",NA,NA,"model11","mk"
"tl1.00_gl0.10_c200",1,0.1,200,0.9,0.00872709041855859,"gain_loss_trans",NA,NA,"model11","mk"
"tl1.50_gl0.10_c200",1.5,0.1,200,0.8,0.0215923120107264,"gain_loss_trans",NA,NA,"model11","mk"
"tl2.50_gl0.10_c200",2.5,0.1,200,0.6,0.0599721094261516,"gain_loss_trans",NA,NA,"model11","mk"
"tl5.00_gl0.10_c200",5,0.1,200,0,0.336854774426354,"gain_loss_trans",NA,NA,"model11","mk"
"tl1.00_gl0.25_c200",1,0.25,200,0.9,0.00872709041855859,"gain_loss_trans",NA,NA,"model11","mk"
"tl1.50_gl0.25_c200",1.5,0.25,200,0.8,0.0215923120107264,"gain_loss_trans",NA,NA,"model11","mk"
"tl2.50_gl0.25_c200",2.5,0.25,200,0.6,0.0599721094261516,"gain_loss_trans",NA,NA,"model11","mk"
"tl5.00_gl0.25_c200",5,0.25,200,0,0.336854774426354,"gain_loss_trans",NA,NA,"model11","mk"
"tl1.00_gl0.50_c200",1,0.5,200,0.9,0.00872709041855859,"gain_loss_trans",NA,NA,"model11","mk"
"tl1.50_gl0.50_c200",1.5,0.5,200,0.8,0.0215923120107264,"gain_loss_trans",NA,NA,"model11","mk"
"tl2.50_gl0.50_c200",2.5,0.5,200,0.6,0.0599721094261516,"gain_loss_trans",NA,NA,"model11","mk"
"tl5.00_gl0.50_c200",5,0.5,200,0,0.336854774426354,"gain_loss_trans",NA,NA,"model11","mk"
"tl1.00_gl1.00_c200",1,1,200,0.9,0.00872709041855859,"gain_loss_trans",NA,NA,"model11","mk"
"tl1.50_gl1.00_c200",1.5,1,200,0.8,0.0215923120107264,"gain_loss_trans",NA,NA,"model11","mk"
"tl2.50_gl1.00_c200",2.5,1,200,0.6,0.0599721094261516,"gain_loss_trans",NA,NA,"model11","mk"
"tl5.00_gl1.00_c200",5,1,200,0,0.336854774426354,"gain_loss_trans",NA,NA,"model11","mk"
"tl1.00_gl0.10_c25",1,0.1,25,0,0.510877027285453,"gain_loss_trans",NA,NA,"model12","mk"
"tl1.50_gl0.10_c25",1.5,0.1,25,0,1.05348480523229,"gain_loss_trans",NA,NA,"model12","mk"
"tl2.50_gl0.10_c25",2.5,0.1,25,0,3.0299668717486,"gain_loss_trans",NA,NA,"model12","mk"
"tl5.00_gl0.10_c25",5,0.1,25,0,12.3850091813675,"gain_loss_trans",NA,NA,"model12","mk"
"tl1.00_gl0.25_c25",1,0.25,25,0,0.510586304481511,"gain_loss_trans",NA,NA,"model12","mk"
"tl1.50_gl0.25_c25",1.5,0.25,25,0,1.05339783426424,"gain_loss_trans",NA,NA,"model12","mk"
"tl2.50_gl0.25_c25",2.5,0.25,25,0,3.03128677435407,"gain_loss_trans",NA,NA,"model12","mk"
"tl5.00_gl0.25_c25",5,0.25,25,0,12.3790958623888,"gain_loss_trans",NA,NA,"model12","mk"
"tl1.00_gl0.50_c25",1,0.5,25,0,0.510822799118587,"gain_loss_trans",NA,NA,"model12","mk"
"tl1.50_gl0.50_c25",1.5,0.5,25,0,1.05333423555764,"gain_loss_trans",NA,NA,"model12","mk"
"tl2.50_gl0.50_c25",2.5,0.5,25,0,3.03070889292247,"gain_loss_trans",NA,NA,"model12","mk"
"tl5.00_gl0.50_c25",5,0.5,25,0,12.3772829711453,"gain_loss_trans",NA,NA,"model12","mk"
"tl1.00_gl1.00_c25",1,1,25,0,0.510723586866759,"gain_loss_trans",NA,NA,"model12","mk"
"tl1.50_gl1.00_c25",1.5,1,25,0,1.05383926261304,"gain_loss_trans",NA,NA,"model12","mk"
"tl2.50_gl1.00_c25",2.5,1,25,0,3.03027489420821,"gain_loss_trans",NA,NA,"model12","mk"
"tl5.00_gl1.00_c25",5,1,25,0,12.3877716483904,"gain_loss_trans",NA,NA,"model12","mk"
"tl1.00_gl0.10_c50",1,0.1,50,0,0.575143410345882,"gain_loss_trans",NA,NA,"model12","mk"
"tl1.50_gl0.10_c50",1.5,0.1,50,0,1.31693482780402,"gain_loss_trans",NA,NA,"model12","mk"
"tl2.50_gl0.10_c50",2.5,0.1,50,0,3.47712577779765,"gain_loss_trans",NA,NA,"model12","mk"
"tl5.00_gl0.10_c50",5,0.1,50,0,14.5168220742414,"gain_loss_trans",NA,NA,"model12","mk"
"tl1.00_gl0.25_c50",1,0.25,50,0,0.575235174077028,"gain_loss_trans",NA,NA,"model12","mk"
"tl1.50_gl0.25_c50",1.5,0.25,50,0,1.31686711318678,"gain_loss_trans",NA,NA,"model12","mk"
"tl2.50_gl0.25_c50",2.5,0.25,50,0,3.47865645442615,"gain_loss_trans",NA,NA,"model12","mk"
"tl5.00_gl0.25_c50",5,0.25,50,0,14.5170970553072,"gain_loss_trans",NA,NA,"model12","mk"
"tl1.00_gl0.50_c50",1,0.5,50,0,0.575191458441404,"gain_loss_trans",NA,NA,"model12","mk"
"tl1.50_gl0.50_c50",1.5,0.5,50,0,1.31686250263008,"gain_loss_trans",NA,NA,"model12","mk"
"tl2.50_gl0.50_c50",2.5,0.5,50,0,3.47785602224826,"gain_loss_trans",NA,NA,"model12","mk"
"tl5.00_gl0.50_c50",5,0.5,50,0,14.5167665426698,"gain_loss_trans",NA,NA,"model12","mk"
"tl1.00_gl1.00_c50",1,1,50,0,0.575229860848776,"gain_loss_trans",NA,NA,"model12","mk"
"tl1.50_gl1.00_c50",1.5,1,50,0,1.3167488056707,"gain_loss_trans",NA,NA,"model12","mk"
"tl2.50_gl1.00_c50",2.5,1,50,0,3.47770840562538,"gain_loss_trans",NA,NA,"model12","mk"
"tl5.00_gl1.00_c50",5,1,50,0,14.5184326025952,"gain_loss_trans",NA,NA,"model12","mk"
"tl1.00_gl0.10_c100",1,0.1,100,0,0.582334404383498,"gain_loss_trans",NA,NA,"model12","mk"
"tl1.50_gl0.10_c100",1.5,0.1,100,0,1.36212611114609,"gain_loss_trans",NA,NA,"model12","mk"
"tl2.50_gl0.10_c100",2.5,0.1,100,0,3.79794110360675,"gain_loss_trans",NA,NA,"model12","mk"
"tl5.00_gl0.10_c100",5,0.1,100,0,15.1649745314324,"gain_loss_trans",NA,NA,"model12","mk"
"tl1.00_gl0.25_c100",1,0.25,100,0,0.582319298467034,"gain_loss_trans",NA,NA,"model12","mk"
"tl1.50_gl0.25_c100",1.5,0.25,100,0,1.36207129153975,"gain_loss_trans",NA,NA,"model12","mk"
"tl2.50_gl0.25_c100",2.5,0.25,100,0,3.7981184107243,"gain_loss_trans",NA,NA,"model12","mk"
"tl5.00_gl0.25_c100",5,0.25,100,0,15.1652123715794,"gain_loss_trans",NA,NA,"model12","mk"
"tl1.00_gl0.50_c100",1,0.5,100,0,0.582366261296103,"gain_loss_trans",NA,NA,"model12","mk"
"tl1.50_gl0.50_c100",1.5,0.5,100,0,1.36204373301942,"gain_loss_trans",NA,NA,"model12","mk"
"tl2.50_gl0.50_c100",2.5,0.5,100,0,3.79787255816761,"gain_loss_trans",NA,NA,"model12","mk"
"tl5.00_gl0.50_c100",5,0.5,100,0,15.1655005718563,"gain_loss_trans",NA,NA,"model12","mk"
"tl1.00_gl1.00_c100",1,1,100,0,0.582366121623482,"gain_loss_trans",NA,NA,"model12","mk"
"tl1.50_gl1.00_c100",1.5,1,100,0,1.36215172791512,"gain_loss_trans",NA,NA,"model12","mk"
"tl2.50_gl1.00_c100",2.5,1,100,0,3.7980407364183,"gain_loss_trans",NA,NA,"model12","mk"
"tl5.00_gl1.00_c100",5,1,100,0,15.1652270302864,"gain_loss_trans",NA,NA,"model12","mk"
"tl1.00_gl0.10_c200",1,0.1,200,0,0.58376126034254,"gain_loss_trans",NA,NA,"model12","mk"
"tl1.50_gl0.10_c200",1.5,0.1,200,0,1.36261460730868,"gain_loss_trans",NA,NA,"model12","mk"
"tl2.50_gl0.10_c200",2.5,0.1,200,0,3.80964849272723,"gain_loss_trans",NA,NA,"model12","mk"
"tl5.00_gl0.10_c200",5,0.1,200,0,14.9985076728797,"gain_loss_trans",NA,NA,"model12","mk"
"tl1.00_gl0.25_c200",1,0.25,200,0,0.583764680232126,"gain_loss_trans",NA,NA,"model12","mk"
"tl1.50_gl0.25_c200",1.5,0.25,200,0,1.36261125792528,"gain_loss_trans",NA,NA,"model12","mk"
"tl2.50_gl0.25_c200",2.5,0.25,200,0,3.80967162702003,"gain_loss_trans",NA,NA,"model12","mk"
"tl5.00_gl0.25_c200",5,0.25,200,0,14.9987949106253,"gain_loss_trans",NA,NA,"model12","mk"
"tl1.00_gl0.50_c200",1,0.5,200,0,0.583774980242481,"gain_loss_trans",NA,NA,"model12","mk"
"tl1.50_gl0.50_c200",1.5,0.5,200,0,1.3626450702213,"gain_loss_trans",NA,NA,"model12","mk"
"tl2.50_gl0.50_c200",2.5,0.5,200,0,3.80970491555111,"gain_loss_trans",NA,NA,"model12","mk"
"tl5.00_gl0.50_c200",5,0.5,200,0,14.9985553504434,"gain_loss_trans",NA,NA,"model12","mk"
"tl1.00_gl1.00_c200",1,1,200,0,0.583737333164794,"gain_loss_trans",NA,NA,"model12","mk"
"tl1.50_gl1.00_c200",1.5,1,200,0,1.36266343979605,"gain_loss_trans",NA,NA,"model12","mk"
"tl2.50_gl1.00_c200",2.5,1,200,0,3.80965833023916,"gain_loss_trans",NA,NA,"model12","mk"
"tl5.00_gl1.00_c200",5,1,200,0,14.9989262346543,"gain_loss_trans",NA,NA,"model12","mk"
"tl1.00_gl0.10_c25",1,0.1,25,1,0.0576147410683133,"gain_loss_ratio",NA,NA,"model2","mk"
"tl1.50_gl0.10_c25",1.5,0.1,25,1,0.0429267214550845,"gain_loss_ratio",NA,NA,"model2","mk"
"tl2.50_gl0.10_c25",2.5,0.1,25,1,0.130644814943662,"gain_loss_ratio",NA,NA,"model2","mk"
"tl5.00_gl0.10_c25",5,0.1,25,0.8,0.760031840332549,"gain_loss_ratio",NA,NA,"model2","mk"
"tl1.00_gl0.25_c25",1,0.25,25,1,0.0576147410683133,"gain_loss_ratio",NA,NA,"model2","mk"
"tl1.50_gl0.25_c25",1.5,0.25,25,1,0.0429267214550845,"gain_loss_ratio",NA,NA,"model2","mk"
"tl2.50_gl0.25_c25",2.5,0.25,25,1,0.130644814943662,"gain_loss_ratio",NA,NA,"model2","mk"
"tl5.00_gl0.25_c25",5,0.25,25,0.8,0.760031840332549,"gain_loss_ratio",NA,NA,"model2","mk"
"tl1.00_gl0.50_c25",1,0.5,25,1,0.0576147410683133,"gain_loss_ratio",NA,NA,"model2","mk"
"tl1.50_gl0.50_c25",1.5,0.5,25,1,0.0429267214550845,"gain_loss_ratio",NA,NA,"model2","mk"
"tl2.50_gl0.50_c25",2.5,0.5,25,1,0.130644814943662,"gain_loss_ratio",NA,NA,"model2","mk"
"tl5.00_gl0.50_c25",5,0.5,25,0.8,0.760031840332549,"gain_loss_ratio",NA,NA,"model2","mk"
"tl1.00_gl1.00_c25",1,1,25,1,0.0576147410683133,"gain_loss_ratio",NA,NA,"model2","mk"
"tl1.50_gl1.00_c25",1.5,1,25,1,0.0429267214550845,"gain_loss_ratio",NA,NA,"model2","mk"
"tl2.50_gl1.00_c25",2.5,1,25,1,0.130644814943662,"gain_loss_ratio",NA,NA,"model2","mk"
"tl5.00_gl1.00_c25",5,1,25,0.8,0.760031840332549,"gain_loss_ratio",NA,NA,"model2","mk"
"tl1.00_gl0.10_c50",1,0.1,50,1,0.0473048455588575,"gain_loss_ratio",NA,NA,"model2","mk"
"tl1.50_gl0.10_c50",1.5,0.1,50,1,0.0817556233810263,"gain_loss_ratio",NA,NA,"model2","mk"
"tl2.50_gl0.10_c50",2.5,0.1,50,1,0.0278992189292889,"gain_loss_ratio",NA,NA,"model2","mk"
"tl5.00_gl0.10_c50",5,0.1,50,0.8,0.246708347317524,"gain_loss_ratio",NA,NA,"model2","mk"
"tl1.00_gl0.25_c50",1,0.25,50,1,0.0473048455588575,"gain_loss_ratio",NA,NA,"model2","mk"
"tl1.50_gl0.25_c50",1.5,0.25,50,1,0.0817556233810263,"gain_loss_ratio",NA,NA,"model2","mk"
"tl2.50_gl0.25_c50",2.5,0.25,50,1,0.0278992189292889,"gain_loss_ratio",NA,NA,"model2","mk"
"tl5.00_gl0.25_c50",5,0.25,50,0.8,0.246708347317524,"gain_loss_ratio",NA,NA,"model2","mk"
"tl1.00_gl0.50_c50",1,0.5,50,1,0.0473048455588575,"gain_loss_ratio",NA,NA,"model2","mk"
"tl1.50_gl0.50_c50",1.5,0.5,50,1,0.0817556233810263,"gain_loss_ratio",NA,NA,"model2","mk"
"tl2.50_gl0.50_c50",2.5,0.5,50,1,0.0278992189292889,"gain_loss_ratio",NA,NA,"model2","mk"
"tl5.00_gl0.50_c50",5,0.5,50,0.8,0.246708347317524,"gain_loss_ratio",NA,NA,"model2","mk"
"tl1.00_gl1.00_c50",1,1,50,1,0.0473048455588575,"gain_loss_ratio",NA,NA,"model2","mk"
"tl1.50_gl1.00_c50",1.5,1,50,1,0.0817556233810263,"gain_loss_ratio",NA,NA,"model2","mk"
"tl2.50_gl1.00_c50",2.5,1,50,1,0.0278992189292889,"gain_loss_ratio",NA,NA,"model2","mk"
"tl5.00_gl1.00_c50",5,1,50,0.8,0.246708347317524,"gain_loss_ratio",NA,NA,"model2","mk"
"tl1.00_gl0.10_c100",1,0.1,100,1,0.0213705225830377,"gain_loss_ratio",NA,NA,"model2","mk"
"tl1.50_gl0.10_c100",1.5,0.1,100,0.9,0.0353728872174215,"gain_loss_ratio",NA,NA,"model2","mk"
"tl2.50_gl0.10_c100",2.5,0.1,100,1,0.0870598736118748,"gain_loss_ratio",NA,NA,"model2","mk"
"tl5.00_gl0.10_c100",5,0.1,100,1,0.0619139838997426,"gain_loss_ratio",NA,NA,"model2","mk"
"tl1.00_gl0.25_c100",1,0.25,100,1,0.0213705225830377,"gain_loss_ratio",NA,NA,"model2","mk"
"tl1.50_gl0.25_c100",1.5,0.25,100,0.9,0.0353728872174215,"gain_loss_ratio",NA,NA,"model2","mk"
"tl2.50_gl0.25_c100",2.5,0.25,100,1,0.0870598736118748,"gain_loss_ratio",NA,NA,"model2","mk"
"tl5.00_gl0.25_c100",5,0.25,100,1,0.0619139838997426,"gain_loss_ratio",NA,NA,"model2","mk"
"tl1.00_gl0.50_c100",1,0.5,100,1,0.0213705225830377,"gain_loss_ratio",NA,NA,"model2","mk"
"tl1.50_gl0.50_c100",1.5,0.5,100,0.9,0.0353728872174215,"gain_loss_ratio",NA,NA,"model2","mk"
"tl2.50_gl0.50_c100",2.5,0.5,100,1,0.0870598736118748,"gain_loss_ratio",NA,NA,"model2","mk"
"tl5.00_gl0.50_c100",5,0.5,100,1,0.0619139838997426,"gain_loss_ratio",NA,NA,"model2","mk"
"tl1.00_gl1.00_c100",1,1,100,1,0.0213705225830377,"gain_loss_ratio",NA,NA,"model2","mk"
"tl1.50_gl1.00_c100",1.5,1,100,0.9,0.0353728872174215,"gain_loss_ratio",NA,NA,"model2","mk"
"tl2.50_gl1.00_c100",2.5,1,100,1,0.0870598736118748,"gain_loss_ratio",NA,NA,"model2","mk"
"tl5.00_gl1.00_c100",5,1,100,1,0.0619139838997426,"gain_loss_ratio",NA,NA,"model2","mk"
"tl1.00_gl0.10_c200",1,0.1,200,1,0.010165309585658,"gain_loss_ratio",NA,NA,"model2","mk"
"tl1.50_gl0.10_c200",1.5,0.1,200,1,0.0147289031187549,"gain_loss_ratio",NA,NA,"model2","mk"
"tl2.50_gl0.10_c200",2.5,0.1,200,1,0.0101840619380241,"gain_loss_ratio",NA,NA,"model2","mk"
"tl5.00_gl0.10_c200",5,0.1,200,1,0.0252676223794701,"gain_loss_ratio",NA,NA,"model2","mk"
"tl1.00_gl0.25_c200",1,0.25,200,1,0.0101698042841607,"gain_loss_ratio",NA,NA,"model2","mk"
"tl1.50_gl0.25_c200",1.5,0.25,200,1,0.0147289031187549,"gain_loss_ratio",NA,NA,"model2","mk"
"tl2.50_gl0.25_c200",2.5,0.25,200,1,0.0101840619380241,"gain_loss_ratio",NA,NA,"model2","mk"
"tl5.00_gl0.25_c200",5,0.25,200,1,0.0252676223794701,"gain_loss_ratio",NA,NA,"model2","mk"
"tl1.00_gl0.50_c200",1,0.5,200,1,0.0101695690641818,"gain_loss_ratio",NA,NA,"model2","mk"
"tl1.50_gl0.50_c200",1.5,0.5,200,1,0.0147289031187549,"gain_loss_ratio",NA,NA,"model2","mk"
"tl2.50_gl0.50_c200",2.5,0.5,200,1,0.0101840619380241,"gain_loss_ratio",NA,NA,"model2","mk"
"tl5.00_gl0.50_c200",5,0.5,200,1,0.0252676223794701,"gain_loss_ratio",NA,NA,"model2","mk"
"tl1.00_gl1.00_c200",1,1,200,1,0.0101703846729959,"gain_loss_ratio",NA,NA,"model2","mk"
"tl1.50_gl1.00_c200",1.5,1,200,1,0.0147289031187549,"gain_loss_ratio",NA,NA,"model2","mk"
"tl2.50_gl1.00_c200",2.5,1,200,1,0.0101840619380241,"gain_loss_ratio",NA,NA,"model2","mk"
"tl5.00_gl1.00_c200",5,1,200,1,0.0252676223794701,"gain_loss_ratio",NA,NA,"model2","mk"
"tl1.00_gl0.10_c25",1,0.1,25,1,0.0735621394317704,"gain_loss_ratio",0,75.755040330506,"model3","mk"
"tl1.50_gl0.10_c25",1.5,0.1,25,1,0.0506518215810742,"gain_loss_ratio",0,79.820518652073,"model3","mk"
"tl2.50_gl0.10_c25",2.5,0.1,25,1,0.120451880855678,"gain_loss_ratio",0,76.9611367680129,"model3","mk"
"tl5.00_gl0.10_c25",5,0.1,25,0.7,0.742429396606054,"gain_loss_ratio",0,80.8622346368214,"model3","mk"
"tl1.00_gl0.25_c25",1,0.25,25,1,0.0735621394317704,"gain_loss_ratio",0.2,7.43618593487756,"model3","mk"
"tl1.50_gl0.25_c25",1.5,0.25,25,1,0.0506518215810742,"gain_loss_ratio",0.1,8.79333039915492,"model3","mk"
"tl2.50_gl0.25_c25",2.5,0.25,25,1,0.120451880855678,"gain_loss_ratio",0,7.72185344497276,"model3","mk"
"tl5.00_gl0.25_c25",5,0.25,25,0.7,0.742429396606054,"gain_loss_ratio",0,8.97880353737782,"model3","mk"
"tl1.00_gl0.50_c25",1,0.5,25,1,0.0735621394317704,"gain_loss_ratio",0.8,0.663234469668079,"model3","mk"
"tl1.50_gl0.50_c25",1.5,0.5,25,1,0.0506518215810742,"gain_loss_ratio",0.4,1.11760098151556,"model3","mk"
"tl2.50_gl0.50_c25",2.5,0.5,25,1,0.120451880855678,"gain_loss_ratio",0.6,0.642092337292731,"model3","mk"
"tl5.00_gl0.50_c25",5,0.5,25,0.7,0.742429396606054,"gain_loss_ratio",0,1.01765983756329,"model3","mk"
"tl1.00_gl1.00_c25",1,1,25,1,0.0735621394317704,"gain_loss_ratio",1,0.276758737063339,"model3","mk"
"tl1.50_gl1.00_c25",1.5,1,25,1,0.0506518215810742,"gain_loss_ratio",1,0.279736272695886,"model3","mk"
"tl2.50_gl1.00_c25",2.5,1,25,1,0.120451880855678,"gain_loss_ratio",1,0.102211783452714,"model3","mk"
"tl5.00_gl1.00_c25",5,1,25,0.7,0.742429396606054,"gain_loss_ratio",0.9,0.0370879876560207,"model3","mk"
"tl1.00_gl0.10_c50",1,0.1,50,0.9,0.0572376950819897,"gain_loss_ratio",0,78.1604067487189,"model3","mk"
"tl1.50_gl0.10_c50",1.5,0.1,50,1,0.0751386444382592,"gain_loss_ratio",0,79.9655545427218,"model3","mk"
"tl2.50_gl0.10_c50",2.5,0.1,50,1,0.0219757378630965,"gain_loss_ratio",0,80.8861522552443,"model3","mk"
"tl5.00_gl0.10_c50",5,0.1,50,0.7,0.256510812556916,"gain_loss_ratio",0,80.6955630648671,"model3","mk"
"tl1.00_gl0.25_c50",1,0.25,50,0.9,0.0572376950819897,"gain_loss_ratio",0,8.1469571782322,"model3","mk"
"tl1.50_gl0.25_c50",1.5,0.25,50,1,0.0751386444382592,"gain_loss_ratio",0,8.67034287050395,"model3","mk"
"tl2.50_gl0.25_c50",2.5,0.25,50,1,0.0219757378630965,"gain_loss_ratio",0,9.0270125307349,"model3","mk"
"tl5.00_gl0.25_c50",5,0.25,50,0.7,0.256510812556916,"gain_loss_ratio",0,8.92258350134728,"model3","mk"
"tl1.00_gl0.50_c50",1,0.5,50,0.9,0.0572376950819897,"gain_loss_ratio",0.6,0.809140654736628,"model3","mk"
"tl1.50_gl0.50_c50",1.5,0.5,50,1,0.0751386444382592,"gain_loss_ratio",0.3,0.905272313098019,"model3","mk"
"tl2.50_gl0.50_c50",2.5,0.5,50,1,0.0219757378630965,"gain_loss_ratio",0.1,1.07396595589842,"model3","mk"
"tl5.00_gl0.50_c50",5,0.5,50,0.7,0.256510812556916,"gain_loss_ratio",0,0.998256980174017,"model3","mk"
"tl1.00_gl1.00_c50",1,1,50,0.9,0.0572376950819897,"gain_loss_ratio",1,0.140232392988844,"model3","mk"
"tl1.50_gl1.00_c50",1.5,1,50,1,0.0751386444382592,"gain_loss_ratio",1,0.0227370343950516,"model3","mk"
"tl2.50_gl1.00_c50",2.5,1,50,1,0.0219757378630965,"gain_loss_ratio",0.8,0.097442668480185,"model3","mk"
"tl5.00_gl1.00_c50",5,1,50,0.7,0.256510812556916,"gain_loss_ratio",0.9,0.0360937195873855,"model3","mk"
"tl1.00_gl0.10_c100",1,0.1,100,0.9,0.0182208011695476,"gain_loss_ratio",0,81.2602862917491,"model3","mk"
"tl1.50_gl0.10_c100",1.5,0.1,100,0.9,0.0272320098209738,"gain_loss_ratio",0,79.229307191658,"model3","mk"
"tl2.50_gl0.10_c100",2.5,0.1,100,0.9,0.0694774011616083,"gain_loss_ratio",0,81.3666555066595,"model3","mk"
"tl5.00_gl0.10_c100",5,0.1,100,1,0.0755049817711746,"gain_loss_ratio",0,80.5577906585003,"model3","mk"
"tl1.00_gl0.25_c100",1,0.25,100,0.9,0.0182208011695476,"gain_loss_ratio",0,9.11063398203286,"model3","mk"
"tl1.50_gl0.25_c100",1.5,0.25,100,0.9,0.0272320098209738,"gain_loss_ratio",0,8.43259475863404,"model3","mk"
"tl2.50_gl0.25_c100",2.5,0.25,100,0.9,0.0694774011616083,"gain_loss_ratio",0,9.13146293173874,"model3","mk"
"tl5.00_gl0.25_c100",5,0.25,100,1,0.0755049817711746,"gain_loss_ratio",0,8.85911679467412,"model3","mk"
"tl1.00_gl0.50_c100",1,0.5,100,0.9,0.0182208011695476,"gain_loss_ratio",0.2,1.06074987879411,"model3","mk"
"tl1.50_gl0.50_c100",1.5,0.5,100,0.9,0.0272320098209738,"gain_loss_ratio",0,0.83369061429272,"model3","mk"
"tl2.50_gl0.50_c100",2.5,0.5,100,0.9,0.0694774011616083,"gain_loss_ratio",0,1.05306540676514,"model3","mk"
"tl5.00_gl0.50_c100",5,0.5,100,1,0.0755049817711746,"gain_loss_ratio",0,0.959558840065406,"model3","mk"
"tl1.00_gl1.00_c100",1,1,100,0.9,0.0182208011695476,"gain_loss_ratio",1,0.0358078271747296,"model3","mk"
"tl1.50_gl1.00_c100",1.5,1,100,0.9,0.0272320098209738,"gain_loss_ratio",1,0.0342385421220615,"model3","mk"
"tl2.50_gl1.00_c100",2.5,1,100,0.9,0.0694774011616083,"gain_loss_ratio",0.9,0.0138666442783416,"model3","mk"
"tl5.00_gl1.00_c100",5,1,100,1,0.0755049817711746,"gain_loss_ratio",1,0.00977986276104912,"model3","mk"
"tl1.00_gl0.10_c200",1,0.1,200,0.9,0.0113563384662059,"gain_loss_ratio",0,80.6084462998847,"model3","mk"
"tl1.50_gl0.10_c200",1.5,0.1,200,0.9,0.0127477692743771,"gain_loss_ratio",0,81.7902487617838,"model3","mk"
"tl2.50_gl0.10_c200",2.5,0.1,200,1,0.00976823185372653,"gain_loss_ratio",0,80.9096864922286,"model3","mk"
"tl5.00_gl0.10_c200",5,0.1,200,1,0.0235012736222001,"gain_loss_ratio",0,81.1654226651953,"model3","mk"
"tl1.00_gl0.25_c200",1,0.25,200,0.9,0.0113563384662059,"gain_loss_ratio",0,8.87511732324874,"model3","mk"
"tl1.50_gl0.25_c200",1.5,0.25,200,0.9,0.0127477692743771,"gain_loss_ratio",0,9.26764639541219,"model3","mk"
"tl2.50_gl0.25_c200",2.5,0.25,200,1,0.00976823185372653,"gain_loss_ratio",0,8.97564379287948,"model3","mk"
"tl5.00_gl0.25_c200",5,0.25,200,1,0.0235012736222001,"gain_loss_ratio",0,9.0570899285529,"model3","mk"
"tl1.00_gl0.50_c200",1,0.5,200,0.9,0.0113563384662059,"gain_loss_ratio",0,0.964007664370097,"model3","mk"
"tl1.50_gl0.50_c200",1.5,0.5,200,0.9,0.0127477692743771,"gain_loss_ratio",0,1.09344560662165,"model3","mk"
"tl2.50_gl0.50_c200",2.5,0.5,200,1,0.00976823185372653,"gain_loss_ratio",0,0.997629559763111,"model3","mk"
"tl5.00_gl0.50_c200",5,0.5,200,1,0.0235012736222001,"gain_loss_ratio",0,1.02097901633876,"model3","mk"
"tl1.00_gl1.00_c200",1,1,200,0.9,0.0113563384662059,"gain_loss_ratio",1,0.00845283493077388,"model3","mk"
"tl1.50_gl1.00_c200",1.5,1,200,0.9,0.0127477692743771,"gain_loss_ratio",1,0.00634521222637362,"model3","mk"
"tl2.50_gl1.00_c200",2.5,1,200,1,0.00976823185372653,"gain_loss_ratio",0.9,0.00862244320492717,"model3","mk"
"tl5.00_gl1.00_c200",5,1,200,1,0.0235012736222001,"gain_loss_ratio",1,0.00292356023169126,"model3","mk"
"tl1.00_gl0.10_c25",1,0.1,25,1,0.109419938314577,"gain_loss_trans",NA,NA,"model4","mk"
"tl1.50_gl0.10_c25",1.5,0.1,25,1,0.0455345195758589,"gain_loss_trans",NA,NA,"model4","mk"
"tl2.50_gl0.10_c25",2.5,0.1,25,0.9,0.328412439502337,"gain_loss_trans",NA,NA,"model4","mk"
"tl5.00_gl0.10_c25",5,0.1,25,0.4,1.70255208605803,"gain_loss_trans",NA,NA,"model4","mk"
"tl1.00_gl0.25_c25",1,0.25,25,1,0.109419938314577,"gain_loss_trans",NA,NA,"model4","mk"
"tl1.50_gl0.25_c25",1.5,0.25,25,1,0.0455345195758589,"gain_loss_trans",NA,NA,"model4","mk"
"tl2.50_gl0.25_c25",2.5,0.25,25,0.9,0.328412439502337,"gain_loss_trans",NA,NA,"model4","mk"
"tl5.00_gl0.25_c25",5,0.25,25,0.4,1.70255208605803,"gain_loss_trans",NA,NA,"model4","mk"
"tl1.00_gl0.50_c25",1,0.5,25,1,0.109419938314577,"gain_loss_trans",NA,NA,"model4","mk"
"tl1.50_gl0.50_c25",1.5,0.5,25,1,0.0455345195758589,"gain_loss_trans",NA,NA,"model4","mk"
"tl2.50_gl0.50_c25",2.5,0.5,25,0.9,0.328412439502337,"gain_loss_trans",NA,NA,"model4","mk"
"tl5.00_gl0.50_c25",5,0.5,25,0.4,1.70255208605803,"gain_loss_trans",NA,NA,"model4","mk"
"tl1.00_gl1.00_c25",1,1,25,1,0.109419938314577,"gain_loss_trans",NA,NA,"model4","mk"
"tl1.50_gl1.00_c25",1.5,1,25,1,0.0455345195758589,"gain_loss_trans",NA,NA,"model4","mk"
"tl2.50_gl1.00_c25",2.5,1,25,0.9,0.328412439502337,"gain_loss_trans",NA,NA,"model4","mk"
"tl5.00_gl1.00_c25",5,1,25,0.4,1.70255208605803,"gain_loss_trans",NA,NA,"model4","mk"
"tl1.00_gl0.10_c50",1,0.1,50,1,0.0521977657346524,"gain_loss_trans",NA,NA,"model4","mk"
"tl1.50_gl0.10_c50",1.5,0.1,50,0.9,0.117703266489314,"gain_loss_trans",NA,NA,"model4","mk"
"tl2.50_gl0.10_c50",2.5,0.1,50,1,0.0612153431487187,"gain_loss_trans",NA,NA,"model4","mk"
"tl5.00_gl0.10_c50",5,0.1,50,0.9,0.406689443150163,"gain_loss_trans",NA,NA,"model4","mk"
"tl1.00_gl0.25_c50",1,0.25,50,1,0.0521977657346524,"gain_loss_trans",NA,NA,"model4","mk"
"tl1.50_gl0.25_c50",1.5,0.25,50,0.9,0.117703266489314,"gain_loss_trans",NA,NA,"model4","mk"
"tl2.50_gl0.25_c50",2.5,0.25,50,1,0.0612153431487187,"gain_loss_trans",NA,NA,"model4","mk"
"tl5.00_gl0.25_c50",5,0.25,50,0.9,0.406689443150163,"gain_loss_trans",NA,NA,"model4","mk"
"tl1.00_gl0.50_c50",1,0.5,50,1,0.0521977657346524,"gain_loss_trans",NA,NA,"model4","mk"
"tl1.50_gl0.50_c50",1.5,0.5,50,0.9,0.117703266489314,"gain_loss_trans",NA,NA,"model4","mk"
"tl2.50_gl0.50_c50",2.5,0.5,50,1,0.0612153431487187,"gain_loss_trans",NA,NA,"model4","mk"
"tl5.00_gl0.50_c50",5,0.5,50,0.9,0.406689443150163,"gain_loss_trans",NA,NA,"model4","mk"
"tl1.00_gl1.00_c50",1,1,50,1,0.0521977657346524,"gain_loss_trans",NA,NA,"model4","mk"
"tl1.50_gl1.00_c50",1.5,1,50,0.9,0.117703266489314,"gain_loss_trans",NA,NA,"model4","mk"
"tl2.50_gl1.00_c50",2.5,1,50,1,0.0612153431487187,"gain_loss_trans",NA,NA,"model4","mk"
"tl5.00_gl1.00_c50",5,1,50,0.9,0.406689443150163,"gain_loss_trans",NA,NA,"model4","mk"
"tl1.00_gl0.10_c100",1,0.1,100,0.9,0.0583097108806352,"gain_loss_trans",NA,NA,"model4","mk"
"tl1.50_gl0.10_c100",1.5,0.1,100,0.8,0.0620037084140689,"gain_loss_trans",NA,NA,"model4","mk"
"tl2.50_gl0.10_c100",2.5,0.1,100,0.8,0.108451414348475,"gain_loss_trans",NA,NA,"model4","mk"
"tl5.00_gl0.10_c100",5,0.1,100,1,0.157022936537662,"gain_loss_trans",NA,NA,"model4","mk"
"tl1.00_gl0.25_c100",1,0.25,100,0.9,0.0583097108806352,"gain_loss_trans",NA,NA,"model4","mk"
"tl1.50_gl0.25_c100",1.5,0.25,100,0.8,0.0620037084140689,"gain_loss_trans",NA,NA,"model4","mk"
"tl2.50_gl0.25_c100",2.5,0.25,100,0.8,0.108451414348475,"gain_loss_trans",NA,NA,"model4","mk"
"tl5.00_gl0.25_c100",5,0.25,100,1,0.157022936537662,"gain_loss_trans",NA,NA,"model4","mk"
"tl1.00_gl0.50_c100",1,0.5,100,0.9,0.0583097108806352,"gain_loss_trans",NA,NA,"model4","mk"
"tl1.50_gl0.50_c100",1.5,0.5,100,0.8,0.0620037084140689,"gain_loss_trans",NA,NA,"model4","mk"
"tl2.50_gl0.50_c100",2.5,0.5,100,0.8,0.108451414348475,"gain_loss_trans",NA,NA,"model4","mk"
"tl5.00_gl0.50_c100",5,0.5,100,1,0.157022936537662,"gain_loss_trans",NA,NA,"model4","mk"
"tl1.00_gl1.00_c100",1,1,100,0.9,0.0583097108806352,"gain_loss_trans",NA,NA,"model4","mk"
"tl1.50_gl1.00_c100",1.5,1,100,0.8,0.0620037084140689,"gain_loss_trans",NA,NA,"model4","mk"
"tl2.50_gl1.00_c100",2.5,1,100,0.8,0.108451414348475,"gain_loss_trans",NA,NA,"model4","mk"
"tl5.00_gl1.00_c100",5,1,100,1,0.157022936537662,"gain_loss_trans",NA,NA,"model4","mk"
"tl1.00_gl0.10_c200",1,0.1,200,0.9,0.0137406972371338,"gain_loss_trans",NA,NA,"model4","mk"
"tl1.50_gl0.10_c200",1.5,0.1,200,0.8,0.0315464889578875,"gain_loss_trans",NA,NA,"model4","mk"
"tl2.50_gl0.10_c200",2.5,0.1,200,1,0.014748702769112,"gain_loss_trans",NA,NA,"model4","mk"
"tl5.00_gl0.10_c200",5,0.1,200,1,0.0231842786763094,"gain_loss_trans",NA,NA,"model4","mk"
"tl1.00_gl0.25_c200",1,0.25,200,0.9,0.0137406972371338,"gain_loss_trans",NA,NA,"model4","mk"
"tl1.50_gl0.25_c200",1.5,0.25,200,0.8,0.0315464889578875,"gain_loss_trans",NA,NA,"model4","mk"
"tl2.50_gl0.25_c200",2.5,0.25,200,1,0.014748702769112,"gain_loss_trans",NA,NA,"model4","mk"
"tl5.00_gl0.25_c200",5,0.25,200,1,0.0231842786763094,"gain_loss_trans",NA,NA,"model4","mk"
"tl1.00_gl0.50_c200",1,0.5,200,0.9,0.0137406972371338,"gain_loss_trans",NA,NA,"model4","mk"
"tl1.50_gl0.50_c200",1.5,0.5,200,0.8,0.0315464889578875,"gain_loss_trans",NA,NA,"model4","mk"
"tl2.50_gl0.50_c200",2.5,0.5,200,1,0.014748702769112,"gain_loss_trans",NA,NA,"model4","mk"
"tl5.00_gl0.50_c200",5,0.5,200,1,0.0231842786763094,"gain_loss_trans",NA,NA,"model4","mk"
"tl1.00_gl1.00_c200",1,1,200,0.9,0.0137406972371338,"gain_loss_trans",NA,NA,"model4","mk"
"tl1.50_gl1.00_c200",1.5,1,200,0.8,0.0315464889578875,"gain_loss_trans",NA,NA,"model4","mk"
"tl2.50_gl1.00_c200",2.5,1,200,1,0.014748702769112,"gain_loss_trans",NA,NA,"model4","mk"
"tl5.00_gl1.00_c200",5,1,200,1,0.0231842786763094,"gain_loss_trans",NA,NA,"model4","mk"
"tl1.00_gl0.10_c25",1,0.1,25,1,0.112630168656852,"gain_loss_trans",NA,NA,"model5","mk"
"tl1.50_gl0.10_c25",1.5,0.1,25,1,0.0712990694921277,"gain_loss_trans",NA,NA,"model5","mk"
"tl2.50_gl0.10_c25",2.5,0.1,25,0.9,0.454092124787194,"gain_loss_trans",NA,NA,"model5","mk"
"tl5.00_gl0.10_c25",5,0.1,25,0.4,2.05857721022738,"gain_loss_trans",NA,NA,"model5","mk"
"tl1.00_gl0.25_c25",1,0.25,25,1,0.112630168656852,"gain_loss_trans",NA,NA,"model5","mk"
"tl1.50_gl0.25_c25",1.5,0.25,25,1,0.0712990694921277,"gain_loss_trans",NA,NA,"model5","mk"
"tl2.50_gl0.25_c25",2.5,0.25,25,0.9,0.454092124787194,"gain_loss_trans",NA,NA,"model5","mk"
"tl5.00_gl0.25_c25",5,0.25,25,0.4,2.05857721022738,"gain_loss_trans",NA,NA,"model5","mk"
"tl1.00_gl0.50_c25",1,0.5,25,1,0.112630168656852,"gain_loss_trans",NA,NA,"model5","mk"
"tl1.50_gl0.50_c25",1.5,0.5,25,1,0.0712990694921277,"gain_loss_trans",NA,NA,"model5","mk"
"tl2.50_gl0.50_c25",2.5,0.5,25,0.9,0.449552089189949,"gain_loss_trans",0.428571428571429,0.89476805280858,"model5","mk"
"tl5.00_gl0.50_c25",5,0.5,25,0.4,2.0542371724944,"gain_loss_trans",0.25,0.787727313819015,"model5","mk"
"tl1.00_gl1.00_c25",1,1,25,1,0.117633736132389,"gain_loss_trans",1,0.216614693209872,"model5","mk"
"tl1.50_gl1.00_c25",1.5,1,25,1,0.0739723835225292,"gain_loss_trans",0.888888888888889,0.678420941967947,"model5","mk"
"tl2.50_gl1.00_c25",2.5,1,25,0.9,0.448476310498066,"gain_loss_trans",1,0.211623990828076,"model5","mk"
"tl5.00_gl1.00_c25",5,1,25,0.4,2.0542371724944,"gain_loss_trans",1,0.0428986130169166,"model5","mk"
"tl1.00_gl0.10_c50",1,0.1,50,0.9,0.0752427475666159,"gain_loss_trans",NA,NA,"model5","mk"
"tl1.50_gl0.10_c50",1.5,0.1,50,0.9,0.140304535668983,"gain_loss_trans",NA,NA,"model5","mk"
"tl2.50_gl0.10_c50",2.5,0.1,50,1,0.07558417247485,"gain_loss_trans",NA,NA,"model5","mk"
"tl5.00_gl0.10_c50",5,0.1,50,0.9,0.442986889876199,"gain_loss_trans",NA,NA,"model5","mk"
"tl1.00_gl0.25_c50",1,0.25,50,0.9,0.0756692769213612,"gain_loss_trans",NA,NA,"model5","mk"
"tl1.50_gl0.25_c50",1.5,0.25,50,0.9,0.140304535668983,"gain_loss_trans",NA,NA,"model5","mk"
"tl2.50_gl0.25_c50",2.5,0.25,50,1,0.07558417247485,"gain_loss_trans",NA,NA,"model5","mk"
"tl5.00_gl0.25_c50",5,0.25,50,0.9,0.442986889876199,"gain_loss_trans",NA,NA,"model5","mk"
"tl1.00_gl0.50_c50",1,0.5,50,0.9,0.0756692769213612,"gain_loss_trans",NA,NA,"model5","mk"
"tl1.50_gl0.50_c50",1.5,0.5,50,0.9,0.140304535668983,"gain_loss_trans",NA,NA,"model5","mk"
"tl2.50_gl0.50_c50",2.5,0.5,50,1,0.07558417247485,"gain_loss_trans",NA,NA,"model5","mk"
"tl5.00_gl0.50_c50",5,0.5,50,0.9,0.442986889876199,"gain_loss_trans",NA,NA,"model5","mk"
"tl1.00_gl1.00_c50",1,1,50,0.9,0.0756692769213612,"gain_loss_trans",NA,NA,"model5","mk"
"tl1.50_gl1.00_c50",1.5,1,50,0.9,0.140304535668983,"gain_loss_trans",NA,NA,"model5","mk"
"tl2.50_gl1.00_c50",2.5,1,50,1,0.07558417247485,"gain_loss_trans",NA,NA,"model5","mk"
"tl5.00_gl1.00_c50",5,1,50,0.9,0.442986889876199,"gain_loss_trans",NA,NA,"model5","mk"
"tl1.00_gl0.10_c100",1,0.1,100,0.9,0.0611064356021797,"gain_loss_trans",NA,NA,"model5","mk"
"tl1.50_gl0.10_c100",1.5,0.1,100,0.8,0.0727539561655803,"gain_loss_trans",NA,NA,"model5","mk"
"tl2.50_gl0.10_c100",2.5,0.1,100,0.8,0.122899154091145,"gain_loss_trans",NA,NA,"model5","mk"
"tl5.00_gl0.10_c100",5,0.1,100,1,0.154787975002413,"gain_loss_trans",NA,NA,"model5","mk"
"tl1.00_gl0.25_c100",1,0.25,100,0.9,0.0611064356021797,"gain_loss_trans",NA,NA,"model5","mk"
"tl1.50_gl0.25_c100",1.5,0.25,100,0.8,0.0727539561655803,"gain_loss_trans",NA,NA,"model5","mk"
"tl2.50_gl0.25_c100",2.5,0.25,100,0.8,0.122899154091145,"gain_loss_trans",NA,NA,"model5","mk"
"tl5.00_gl0.25_c100",5,0.25,100,1,0.154787975002413,"gain_loss_trans",NA,NA,"model5","mk"
"tl1.00_gl0.50_c100",1,0.5,100,0.9,0.0611064356021797,"gain_loss_trans",NA,NA,"model5","mk"
"tl1.50_gl0.50_c100",1.5,0.5,100,0.8,0.0727539561655803,"gain_loss_trans",NA,NA,"model5","mk"
"tl2.50_gl0.50_c100",2.5,0.5,100,0.8,0.122899154091145,"gain_loss_trans",NA,NA,"model5","mk"
"tl5.00_gl0.50_c100",5,0.5,100,1,0.154787975002413,"gain_loss_trans",NA,NA,"model5","mk"
"tl1.00_gl1.00_c100",1,1,100,0.9,0.0611064356021797,"gain_loss_trans",NA,NA,"model5","mk"
"tl1.50_gl1.00_c100",1.5,1,100,0.8,0.0727539561655803,"gain_loss_trans",NA,NA,"model5","mk"
"tl2.50_gl1.00_c100",2.5,1,100,0.8,0.122899154091145,"gain_loss_trans",NA,NA,"model5","mk"
"tl5.00_gl1.00_c100",5,1,100,1,0.154787975002413,"gain_loss_trans",NA,NA,"model5","mk"
"tl1.00_gl0.10_c200",1,0.1,200,1,0.0139358647753857,"gain_loss_trans",NA,NA,"model5","mk"
"tl1.50_gl0.10_c200",1.5,0.1,200,0.8,0.0319175938662374,"gain_loss_trans",NA,NA,"model5","mk"
"tl2.50_gl0.10_c200",2.5,0.1,200,1,0.0157269955656747,"gain_loss_trans",NA,NA,"model5","mk"
"tl5.00_gl0.10_c200",5,0.1,200,1,0.0264223734487488,"gain_loss_trans",NA,NA,"model5","mk"
"tl1.00_gl0.25_c200",1,0.25,200,1,0.0139358647753857,"gain_loss_trans",NA,NA,"model5","mk"
"tl1.50_gl0.25_c200",1.5,0.25,200,0.8,0.0319175938662374,"gain_loss_trans",NA,NA,"model5","mk"
"tl2.50_gl0.25_c200",2.5,0.25,200,1,0.0157269955656747,"gain_loss_trans",NA,NA,"model5","mk"
"tl5.00_gl0.25_c200",5,0.25,200,1,0.0264223734487488,"gain_loss_trans",NA,NA,"model5","mk"
"tl1.00_gl0.50_c200",1,0.5,200,1,0.0139358647753857,"gain_loss_trans",NA,NA,"model5","mk"
"tl1.50_gl0.50_c200",1.5,0.5,200,0.8,0.0319175938662374,"gain_loss_trans",NA,NA,"model5","mk"
"tl2.50_gl0.50_c200",2.5,0.5,200,1,0.0157269955656747,"gain_loss_trans",NA,NA,"model5","mk"
"tl5.00_gl0.50_c200",5,0.5,200,1,0.0264223734487488,"gain_loss_trans",NA,NA,"model5","mk"
"tl1.00_gl1.00_c200",1,1,200,1,0.0139358647753857,"gain_loss_trans",NA,NA,"model5","mk"
"tl1.50_gl1.00_c200",1.5,1,200,0.8,0.0319175938662374,"gain_loss_trans",NA,NA,"model5","mk"
"tl2.50_gl1.00_c200",2.5,1,200,1,0.0157269955656747,"gain_loss_trans",NA,NA,"model5","mk"
"tl5.00_gl1.00_c200",5,1,200,1,0.0264223734487488,"gain_loss_trans",NA,NA,"model5","mk"
"tl1.00_gl0.10_c25",1,0.1,25,1,0.0903738769084516,"gain_loss_trans",NA,NA,"model6","mk"
"tl1.50_gl0.10_c25",1.5,0.1,25,1,0.049334747910874,"gain_loss_trans",NA,NA,"model6","mk"
"tl2.50_gl0.10_c25",2.5,0.1,25,0.9,0.388827846428939,"gain_loss_trans",NA,NA,"model6","mk"
"tl5.00_gl0.10_c25",5,0.1,25,0.6,1.75840069896711,"gain_loss_trans",NA,NA,"model6","mk"
"tl1.00_gl0.25_c25",1,0.25,25,1,0.0903738769084516,"gain_loss_trans",NA,NA,"model6","mk"
"tl1.50_gl0.25_c25",1.5,0.25,25,1,0.049334747910874,"gain_loss_trans",NA,NA,"model6","mk"
"tl2.50_gl0.25_c25",2.5,0.25,25,0.9,0.388827846428939,"gain_loss_trans",NA,NA,"model6","mk"
"tl5.00_gl0.25_c25",5,0.25,25,0.6,1.75840069896711,"gain_loss_trans",NA,NA,"model6","mk"
"tl1.00_gl0.50_c25",1,0.5,25,1,0.0903738769084516,"gain_loss_trans",NA,NA,"model6","mk"
"tl1.50_gl0.50_c25",1.5,0.5,25,1,0.049334747910874,"gain_loss_trans",NA,NA,"model6","mk"
"tl2.50_gl0.50_c25",2.5,0.5,25,0.9,0.388827846428939,"gain_loss_trans",NA,NA,"model6","mk"
"tl5.00_gl0.50_c25",5,0.5,25,0.6,1.75840069896711,"gain_loss_trans",NA,NA,"model6","mk"
"tl1.00_gl1.00_c25",1,1,25,1,0.0903738769084516,"gain_loss_trans",NA,NA,"model6","mk"
"tl1.50_gl1.00_c25",1.5,1,25,1,0.049334747910874,"gain_loss_trans",NA,NA,"model6","mk"
"tl2.50_gl1.00_c25",2.5,1,25,0.9,0.388827846428939,"gain_loss_trans",NA,NA,"model6","mk"
"tl5.00_gl1.00_c25",5,1,25,0.6,1.75840069896711,"gain_loss_trans",NA,NA,"model6","mk"
"tl1.00_gl0.10_c50",1,0.1,50,1,0.0544579512881835,"gain_loss_trans",NA,NA,"model6","mk"
"tl1.50_gl0.10_c50",1.5,0.1,50,1,0.137751853030174,"gain_loss_trans",NA,NA,"model6","mk"
"tl2.50_gl0.10_c50",2.5,0.1,50,1,0.0845335919273193,"gain_loss_trans",NA,NA,"model6","mk"
"tl5.00_gl0.10_c50",5,0.1,50,0.9,0.431541666185837,"gain_loss_trans",NA,NA,"model6","mk"
"tl1.00_gl0.25_c50",1,0.25,50,1,0.0544579512881835,"gain_loss_trans",NA,NA,"model6","mk"
"tl1.50_gl0.25_c50",1.5,0.25,50,1,0.137751853030174,"gain_loss_trans",NA,NA,"model6","mk"
"tl2.50_gl0.25_c50",2.5,0.25,50,1,0.0845335919273193,"gain_loss_trans",NA,NA,"model6","mk"
"tl5.00_gl0.25_c50",5,0.25,50,0.9,0.431541666185837,"gain_loss_trans",NA,NA,"model6","mk"
"tl1.00_gl0.50_c50",1,0.5,50,1,0.0544579512881835,"gain_loss_trans",NA,NA,"model6","mk"
"tl1.50_gl0.50_c50",1.5,0.5,50,1,0.137751853030174,"gain_loss_trans",NA,NA,"model6","mk"
"tl2.50_gl0.50_c50",2.5,0.5,50,1,0.0845335919273193,"gain_loss_trans",NA,NA,"model6","mk"
"tl5.00_gl0.50_c50",5,0.5,50,0.9,0.431541666185837,"gain_loss_trans",NA,NA,"model6","mk"
"tl1.00_gl1.00_c50",1,1,50,1,0.0544579512881835,"gain_loss_trans",NA,NA,"model6","mk"
"tl1.50_gl1.00_c50",1.5,1,50,1,0.137751853030174,"gain_loss_trans",NA,NA,"model6","mk"
"tl2.50_gl1.00_c50",2.5,1,50,1,0.0845335919273193,"gain_loss_trans",NA,NA,"model6","mk"
"tl5.00_gl1.00_c50",5,1,50,0.9,0.431541666185837,"gain_loss_trans",NA,NA,"model6","mk"
"tl1.00_gl0.10_c100",1,0.1,100,1,0.0550521024123788,"gain_loss_trans",NA,NA,"model6","mk"
"tl1.50_gl0.10_c100",1.5,0.1,100,1,0.0698699161874426,"gain_loss_trans",NA,NA,"model6","mk"
"tl2.50_gl0.10_c100",2.5,0.1,100,0.9,0.137228578265807,"gain_loss_trans",NA,NA,"model6","mk"
"tl5.00_gl0.10_c100",5,0.1,100,1,0.155901355993002,"gain_loss_trans",NA,NA,"model6","mk"
"tl1.00_gl0.25_c100",1,0.25,100,1,0.0549713016155376,"gain_loss_trans",NA,NA,"model6","mk"
"tl1.50_gl0.25_c100",1.5,0.25,100,1,0.0698699161874426,"gain_loss_trans",NA,NA,"model6","mk"
"tl2.50_gl0.25_c100",2.5,0.25,100,0.9,0.137228578265807,"gain_loss_trans",NA,NA,"model6","mk"
"tl5.00_gl0.25_c100",5,0.25,100,1,0.155901355993002,"gain_loss_trans",NA,NA,"model6","mk"
"tl1.00_gl0.50_c100",1,0.5,100,1,0.0550659156767679,"gain_loss_trans",NA,NA,"model6","mk"
"tl1.50_gl0.50_c100",1.5,0.5,100,1,0.0698699161874426,"gain_loss_trans",NA,NA,"model6","mk"
"tl2.50_gl0.50_c100",2.5,0.5,100,0.9,0.137228578265807,"gain_loss_trans",NA,NA,"model6","mk"
"tl5.00_gl0.50_c100",5,0.5,100,1,0.155901355993002,"gain_loss_trans",NA,NA,"model6","mk"
"tl1.00_gl1.00_c100",1,1,100,1,0.0549619465814782,"gain_loss_trans",NA,NA,"model6","mk"
"tl1.50_gl1.00_c100",1.5,1,100,1,0.0698699161874426,"gain_loss_trans",NA,NA,"model6","mk"
"tl2.50_gl1.00_c100",2.5,1,100,0.9,0.137228578265807,"gain_loss_trans",NA,NA,"model6","mk"
"tl5.00_gl1.00_c100",5,1,100,1,0.155901355993002,"gain_loss_trans",NA,NA,"model6","mk"
"tl1.00_gl0.10_c200",1,0.1,200,1,0.0110495506548486,"gain_loss_trans",NA,NA,"model6","mk"
"tl1.50_gl0.10_c200",1.5,0.1,200,1,0.0271057717812662,"gain_loss_trans",NA,NA,"model6","mk"
"tl2.50_gl0.10_c200",2.5,0.1,200,1,0.0160453146714289,"gain_loss_trans",NA,NA,"model6","mk"
"tl5.00_gl0.10_c200",5,0.1,200,1,0.0282338232970466,"gain_loss_trans",NA,NA,"model6","mk"
"tl1.00_gl0.25_c200",1,0.25,200,1,0.0110632336394407,"gain_loss_trans",NA,NA,"model6","mk"
"tl1.50_gl0.25_c200",1.5,0.25,200,1,0.0271057717812662,"gain_loss_trans",NA,NA,"model6","mk"
"tl2.50_gl0.25_c200",2.5,0.25,200,1,0.0160453146714289,"gain_loss_trans",NA,NA,"model6","mk"
"tl5.00_gl0.25_c200",5,0.25,200,1,0.0282338232970466,"gain_loss_trans",NA,NA,"model6","mk"
"tl1.00_gl0.50_c200",1,0.5,200,1,0.0110637908512026,"gain_loss_trans",NA,NA,"model6","mk"
"tl1.50_gl0.50_c200",1.5,0.5,200,1,0.0271057717812662,"gain_loss_trans",NA,NA,"model6","mk"
"tl2.50_gl0.50_c200",2.5,0.5,200,1,0.0160453146714289,"gain_loss_trans",NA,NA,"model6","mk"
"tl5.00_gl0.50_c200",5,0.5,200,1,0.0282338232970466,"gain_loss_trans",NA,NA,"model6","mk"
"tl1.00_gl1.00_c200",1,1,200,1,0.0110414760757214,"gain_loss_trans",NA,NA,"model6","mk"
"tl1.50_gl1.00_c200",1.5,1,200,1,0.0271057717812662,"gain_loss_trans",NA,NA,"model6","mk"
"tl2.50_gl1.00_c200",2.5,1,200,1,0.0160453146714289,"gain_loss_trans",NA,NA,"model6","mk"
"tl5.00_gl1.00_c200",5,1,200,1,0.0282338232970466,"gain_loss_trans",NA,NA,"model6","mk"
"tl1.00_gl0.10_c25",1,0.1,25,1,0.146395669454153,"gain_loss_trans",NA,NA,"model7","mk"
"tl1.50_gl0.10_c25",1.5,0.1,25,1,0.234378892465752,"gain_loss_trans",NA,NA,"model7","mk"
"tl2.50_gl0.10_c25",2.5,0.1,25,0.8,1.04272819988873,"gain_loss_trans",NA,NA,"model7","mk"
"tl5.00_gl0.10_c25",5,0.1,25,0.3,5.10093970089203,"gain_loss_trans",0,80.5452461269963,"model7","mk"
"tl1.00_gl0.25_c25",1,0.25,25,1,0.146395669454153,"gain_loss_trans",NA,NA,"model7","mk"
"tl1.50_gl0.25_c25",1.5,0.25,25,1,0.234378892465752,"gain_loss_trans",NA,NA,"model7","mk"
"tl2.50_gl0.25_c25",2.5,0.25,25,0.8,1.04272819988873,"gain_loss_trans",NA,NA,"model7","mk"
"tl5.00_gl0.25_c25",5,0.25,25,0.3,5.10245433899485,"gain_loss_trans",0,8.87495536795928,"model7","mk"
"tl1.00_gl0.50_c25",1,0.5,25,1,0.146395669454153,"gain_loss_trans",NA,NA,"model7","mk"
"tl1.50_gl0.50_c25",1.5,0.5,25,1,0.234378892465752,"gain_loss_trans",NA,NA,"model7","mk"
"tl2.50_gl0.50_c25",2.5,0.5,25,0.8,1.04272819988873,"gain_loss_trans",NA,NA,"model7","mk"
"tl5.00_gl0.50_c25",5,0.5,25,0.3,5.10266079248687,"gain_loss_trans",0.5,0.975348976868723,"model7","mk"
"tl1.00_gl1.00_c25",1,1,25,1,0.146395669454153,"gain_loss_trans",NA,NA,"model7","mk"
"tl1.50_gl1.00_c25",1.5,1,25,1,0.234378892465752,"gain_loss_trans",NA,NA,"model7","mk"
"tl2.50_gl1.00_c25",2.5,1,25,0.8,1.04272819988873,"gain_loss_trans",NA,NA,"model7","mk"
"tl5.00_gl1.00_c25",5,1,25,0.3,5.10241692316002,"gain_loss_trans",1,0.0218927874055667,"model7","mk"
"tl1.00_gl0.10_c50",1,0.1,50,0.8,0.166239379479763,"gain_loss_trans",NA,NA,"model7","mk"
"tl1.50_gl0.10_c50",1.5,0.1,50,0.7,0.355466377312376,"gain_loss_trans",NA,NA,"model7","mk"
"tl2.50_gl0.10_c50",2.5,0.1,50,0.9,0.659033230761039,"gain_loss_trans",NA,NA,"model7","mk"
"tl5.00_gl0.10_c50",5,0.1,50,0.6,3.00471136353576,"gain_loss_trans",0,80.3641414832582,"model7","mk"
"tl1.00_gl0.25_c50",1,0.25,50,0.8,0.166239379479763,"gain_loss_trans",NA,NA,"model7","mk"
"tl1.50_gl0.25_c50",1.5,0.25,50,0.7,0.355466377312376,"gain_loss_trans",NA,NA,"model7","mk"
"tl2.50_gl0.25_c50",2.5,0.25,50,0.9,0.659732303748798,"gain_loss_trans",NA,NA,"model7","mk"
"tl5.00_gl0.25_c50",5,0.25,50,0.6,3.00854474382746,"gain_loss_trans",0,8.80872908123485,"model7","mk"
"tl1.00_gl0.50_c50",1,0.5,50,0.8,0.166239379479763,"gain_loss_trans",NA,NA,"model7","mk"
"tl1.50_gl0.50_c50",1.5,0.5,50,0.7,0.355466377312376,"gain_loss_trans",NA,NA,"model7","mk"
"tl2.50_gl0.50_c50",2.5,0.5,50,0.9,0.659604369801995,"gain_loss_trans",NA,NA,"model7","mk"
"tl5.00_gl0.50_c50",5,0.5,50,0.6,3.01086302155663,"gain_loss_trans",0,0.957357843540115,"model7","mk"
"tl1.00_gl1.00_c50",1,1,50,0.8,0.166239379479763,"gain_loss_trans",NA,NA,"model7","mk"
"tl1.50_gl1.00_c50",1.5,1,50,0.7,0.355466377312376,"gain_loss_trans",NA,NA,"model7","mk"
"tl2.50_gl1.00_c50",2.5,1,50,0.9,0.659921281945859,"gain_loss_trans",NA,NA,"model7","mk"
"tl5.00_gl1.00_c50",5,1,50,0.6,3.02221722051309,"gain_loss_trans",1,0.0323242088120709,"model7","mk"
"tl1.00_gl0.10_c100",1,0.1,100,0.6,0.143527218314707,"gain_loss_trans",0,75.8759078139306,"model7","mk"
"tl1.50_gl0.10_c100",1.5,0.1,100,0.7,0.284120386764828,"gain_loss_trans",NA,NA,"model7","mk"
"tl2.50_gl0.10_c100",2.5,0.1,100,0.7,0.7682947751133,"gain_loss_trans",0,82.3681752124737,"model7","mk"
"tl5.00_gl0.10_c100",5,0.1,100,0.7,1.20764117976355,"gain_loss_trans",0,81.1037617123607,"model7","mk"
"tl1.00_gl0.25_c100",1,0.25,100,0.6,0.143491723216429,"gain_loss_trans",0,7.34805362790181,"model7","mk"
"tl1.50_gl0.25_c100",1.5,0.25,100,0.7,0.284181172030448,"gain_loss_trans",NA,NA,"model7","mk"
"tl2.50_gl0.25_c100",2.5,0.25,100,0.7,0.769162254738679,"gain_loss_trans",0,9.46315925668176,"model7","mk"
"tl5.00_gl0.25_c100",5,0.25,100,0.7,1.20338806219823,"gain_loss_trans",0,9.05263441582326,"model7","mk"
"tl1.00_gl0.50_c100",1,0.5,100,0.6,0.143588544889198,"gain_loss_trans",1,0.504836258813499,"model7","mk"
"tl1.50_gl0.50_c100",1.5,0.5,100,0.7,0.284069866298845,"gain_loss_trans",NA,NA,"model7","mk"
"tl2.50_gl0.50_c100",2.5,0.5,100,0.7,0.768040431460427,"gain_loss_trans",0,1.15841986142743,"model7","mk"
"tl5.00_gl0.50_c100",5,0.5,100,0.7,1.21143735846471,"gain_loss_trans",0,1.03438358575821,"model7","mk"
"tl1.00_gl1.00_c100",1,1,100,0.6,0.143599109306007,"gain_loss_trans",1,0.0837996529324274,"model7","mk"
"tl1.50_gl1.00_c100",1.5,1,100,0.7,0.284016861693561,"gain_loss_trans",NA,NA,"model7","mk"
"tl2.50_gl1.00_c100",2.5,1,100,0.7,0.766697052071641,"gain_loss_trans",1,0.00817740622054145,"model7","mk"
"tl5.00_gl1.00_c100",5,1,100,0.7,1.19881101180116,"gain_loss_trans",0.666666666666667,0.0263724098279199,"model7","mk"
"tl1.00_gl0.10_c200",1,0.1,200,0.9,0.0584553626879143,"gain_loss_trans",0,80.4469776171786,"model7","mk"
"tl1.50_gl0.10_c200",1.5,0.1,200,0.9,0.170035335353166,"gain_loss_trans",0,81.7233795409729,"model7","mk"
"tl2.50_gl0.10_c200",2.5,0.1,200,0.9,0.461918216568285,"gain_loss_trans",0,79.8354576995665,"model7","mk"
"tl5.00_gl0.10_c200",5,0.1,200,1,0.540463347169121,"gain_loss_trans",NA,NA,"model7","mk"
"tl1.00_gl0.25_c200",1,0.25,200,0.9,0.058589929104361,"gain_loss_trans",0,8.84564033381083,"model7","mk"
"tl1.50_gl0.25_c200",1.5,0.25,200,0.9,0.169409510349002,"gain_loss_trans",0,9.24720242807135,"model7","mk"
"tl2.50_gl0.25_c200",2.5,0.25,200,0.9,0.460718583344417,"gain_loss_trans",0,8.62089035972863,"model7","mk"
"tl5.00_gl0.25_c200",5,0.25,200,1,0.540294911028852,"gain_loss_trans",NA,NA,"model7","mk"
"tl1.00_gl0.50_c200",1,0.5,200,0.9,0.0581218591720216,"gain_loss_trans",0,0.980132084001835,"model7","mk"
"tl1.50_gl0.50_c200",1.5,0.5,200,0.9,0.169777338089855,"gain_loss_trans",0,1.08639626636152,"model7","mk"
"tl2.50_gl0.50_c200",2.5,0.5,200,0.9,0.463075172936106,"gain_loss_trans",0,0.885103056150421,"model7","mk"
"tl5.00_gl0.50_c200",5,0.5,200,1,0.541234908339833,"gain_loss_trans",NA,NA,"model7","mk"
"tl1.00_gl1.00_c200",1,1,200,0.9,0.0590022338440481,"gain_loss_trans",1,0.0477526559382739,"model7","mk"
"tl1.50_gl1.00_c200",1.5,1,200,0.9,0.169404049783136,"gain_loss_trans",1,0.00612006956541558,"model7","mk"
"tl2.50_gl1.00_c200",2.5,1,200,0.9,0.461885727952637,"gain_loss_trans",1,0.0161824135085034,"model7","mk"
"tl5.00_gl1.00_c200",5,1,200,1,0.540792026071405,"gain_loss_trans",NA,NA,"model7","mk"
"tl1.00_gl0.10_c25",1,0.1,25,1,0.0912645881647,"gain_loss_trans",NA,NA,"model8","mk"
"tl1.50_gl0.10_c25",1.5,0.1,25,1,0.0778369141387584,"gain_loss_trans",NA,NA,"model8","mk"
"tl2.50_gl0.10_c25",2.5,0.1,25,0.9,0.491468609145953,"gain_loss_trans",NA,NA,"model8","mk"
"tl5.00_gl0.10_c25",5,0.1,25,0.5,2.13166798734878,"gain_loss_trans",NA,NA,"model8","mk"
"tl1.00_gl0.25_c25",1,0.25,25,1,0.0912645881647,"gain_loss_trans",NA,NA,"model8","mk"
"tl1.50_gl0.25_c25",1.5,0.25,25,1,0.0778369141387584,"gain_loss_trans",NA,NA,"model8","mk"
"tl2.50_gl0.25_c25",2.5,0.25,25,0.9,0.491468609145953,"gain_loss_trans",NA,NA,"model8","mk"
"tl5.00_gl0.25_c25",5,0.25,25,0.5,2.13166798734878,"gain_loss_trans",NA,NA,"model8","mk"
"tl1.00_gl0.50_c25",1,0.5,25,1,0.0912645881647,"gain_loss_trans",NA,NA,"model8","mk"
"tl1.50_gl0.50_c25",1.5,0.5,25,1,0.0778369141387584,"gain_loss_trans",NA,NA,"model8","mk"
"tl2.50_gl0.50_c25",2.5,0.5,25,0.9,0.491468609145953,"gain_loss_trans",NA,NA,"model8","mk"
"tl5.00_gl0.50_c25",5,0.5,25,0.5,2.13166798734878,"gain_loss_trans",NA,NA,"model8","mk"
"tl1.00_gl1.00_c25",1,1,25,1,0.0912645881647,"gain_loss_trans",NA,NA,"model8","mk"
"tl1.50_gl1.00_c25",1.5,1,25,1,0.0778369141387584,"gain_loss_trans",NA,NA,"model8","mk"
"tl2.50_gl1.00_c25",2.5,1,25,0.9,0.491468609145953,"gain_loss_trans",NA,NA,"model8","mk"
"tl5.00_gl1.00_c25",5,1,25,0.5,2.13166798734878,"gain_loss_trans",NA,NA,"model8","mk"
"tl1.00_gl0.10_c50",1,0.1,50,1,0.075734103090365,"gain_loss_trans",NA,NA,"model8","mk"
"tl1.50_gl0.10_c50",1.5,0.1,50,1,0.150446406074957,"gain_loss_trans",NA,NA,"model8","mk"
"tl2.50_gl0.10_c50",2.5,0.1,50,1,0.0990110307594633,"gain_loss_trans",NA,NA,"model8","mk"
"tl5.00_gl0.10_c50",5,0.1,50,0.9,0.461851307781655,"gain_loss_trans",NA,NA,"model8","mk"
"tl1.00_gl0.25_c50",1,0.25,50,1,0.075734103090365,"gain_loss_trans",NA,NA,"model8","mk"
"tl1.50_gl0.25_c50",1.5,0.25,50,1,0.150446406074957,"gain_loss_trans",NA,NA,"model8","mk"
"tl2.50_gl0.25_c50",2.5,0.25,50,1,0.0990110307594633,"gain_loss_trans",NA,NA,"model8","mk"
"tl5.00_gl0.25_c50",5,0.25,50,0.9,0.461851307781655,"gain_loss_trans",NA,NA,"model8","mk"
"tl1.00_gl0.50_c50",1,0.5,50,1,0.075734103090365,"gain_loss_trans",NA,NA,"model8","mk"
"tl1.50_gl0.50_c50",1.5,0.5,50,1,0.150446406074957,"gain_loss_trans",NA,NA,"model8","mk"
"tl2.50_gl0.50_c50",2.5,0.5,50,1,0.0990110307594633,"gain_loss_trans",NA,NA,"model8","mk"
"tl5.00_gl0.50_c50",5,0.5,50,0.9,0.461851307781655,"gain_loss_trans",NA,NA,"model8","mk"
"tl1.00_gl1.00_c50",1,1,50,1,0.075734103090365,"gain_loss_trans",NA,NA,"model8","mk"
"tl1.50_gl1.00_c50",1.5,1,50,1,0.150446406074957,"gain_loss_trans",NA,NA,"model8","mk"
"tl2.50_gl1.00_c50",2.5,1,50,1,0.0990110307594633,"gain_loss_trans",NA,NA,"model8","mk"
"tl5.00_gl1.00_c50",5,1,50,0.9,0.461851307781655,"gain_loss_trans",NA,NA,"model8","mk"
"tl1.00_gl0.10_c100",1,0.1,100,1,0.0663902506318866,"gain_loss_trans",NA,NA,"model8","mk"
"tl1.50_gl0.10_c100",1.5,0.1,100,1,0.0845925314093779,"gain_loss_trans",NA,NA,"model8","mk"
"tl2.50_gl0.10_c100",2.5,0.1,100,0.8,0.148248009874793,"gain_loss_trans",NA,NA,"model8","mk"
"tl5.00_gl0.10_c100",5,0.1,100,1,0.140838165155893,"gain_loss_trans",NA,NA,"model8","mk"
"tl1.00_gl0.25_c100",1,0.25,100,1,0.0663902506318866,"gain_loss_trans",NA,NA,"model8","mk"
"tl1.50_gl0.25_c100",1.5,0.25,100,1,0.0845925314093779,"gain_loss_trans",NA,NA,"model8","mk"
"tl2.50_gl0.25_c100",2.5,0.25,100,0.8,0.148248009874793,"gain_loss_trans",NA,NA,"model8","mk"
"tl5.00_gl0.25_c100",5,0.25,100,1,0.140838165155893,"gain_loss_trans",NA,NA,"model8","mk"
"tl1.00_gl0.50_c100",1,0.5,100,1,0.0663902506318866,"gain_loss_trans",NA,NA,"model8","mk"
"tl1.50_gl0.50_c100",1.5,0.5,100,1,0.0845925314093779,"gain_loss_trans",NA,NA,"model8","mk"
"tl2.50_gl0.50_c100",2.5,0.5,100,0.8,0.148248009874793,"gain_loss_trans",NA,NA,"model8","mk"
"tl5.00_gl0.50_c100",5,0.5,100,1,0.140838165155893,"gain_loss_trans",NA,NA,"model8","mk"
"tl1.00_gl1.00_c100",1,1,100,1,0.0663902506318866,"gain_loss_trans",NA,NA,"model8","mk"
"tl1.50_gl1.00_c100",1.5,1,100,1,0.0845925314093779,"gain_loss_trans",NA,NA,"model8","mk"
"tl2.50_gl1.00_c100",2.5,1,100,0.8,0.148248009874793,"gain_loss_trans",NA,NA,"model8","mk"
"tl5.00_gl1.00_c100",5,1,100,1,0.140838165155893,"gain_loss_trans",NA,NA,"model8","mk"
"tl1.00_gl0.10_c200",1,0.1,200,1,0.0121802147155601,"gain_loss_trans",NA,NA,"model8","mk"
"tl1.50_gl0.10_c200",1.5,0.1,200,1,0.0295736452271603,"gain_loss_trans",NA,NA,"model8","mk"
"tl2.50_gl0.10_c200",2.5,0.1,200,1,0.0170947479940568,"gain_loss_trans",NA,NA,"model8","mk"
"tl5.00_gl0.10_c200",5,0.1,200,1,0.0272673943413051,"gain_loss_trans",NA,NA,"model8","mk"
"tl1.00_gl0.25_c200",1,0.25,200,1,0.0121799117059164,"gain_loss_trans",NA,NA,"model8","mk"
"tl1.50_gl0.25_c200",1.5,0.25,200,1,0.0295736452271603,"gain_loss_trans",NA,NA,"model8","mk"
"tl2.50_gl0.25_c200",2.5,0.25,200,1,0.0170947479940568,"gain_loss_trans",NA,NA,"model8","mk"
"tl5.00_gl0.25_c200",5,0.25,200,1,0.0272673943413051,"gain_loss_trans",NA,NA,"model8","mk"
"tl1.00_gl0.50_c200",1,0.5,200,1,0.0121881654023013,"gain_loss_trans",NA,NA,"model8","mk"
"tl1.50_gl0.50_c200",1.5,0.5,200,1,0.0295736452271603,"gain_loss_trans",NA,NA,"model8","mk"
"tl2.50_gl0.50_c200",2.5,0.5,200,1,0.0170947479940568,"gain_loss_trans",NA,NA,"model8","mk"
"tl5.00_gl0.50_c200",5,0.5,200,1,0.0272673943413051,"gain_loss_trans",NA,NA,"model8","mk"
"tl1.00_gl1.00_c200",1,1,200,1,0.0121826999641588,"gain_loss_trans",NA,NA,"model8","mk"
"tl1.50_gl1.00_c200",1.5,1,200,1,0.0295736452271603,"gain_loss_trans",NA,NA,"model8","mk"
"tl2.50_gl1.00_c200",2.5,1,200,1,0.0170947479940568,"gain_loss_trans",NA,NA,"model8","mk"
"tl5.00_gl1.00_c200",5,1,200,1,0.0272673943413051,"gain_loss_trans",NA,NA,"model8","mk"
"tl1.00_gl0.10_c25",1,0.1,25,1,0.141765062252034,"gain_loss_trans",NA,NA,"model9","mk"
"tl1.50_gl0.10_c25",1.5,0.1,25,1,0.238516360426363,"gain_loss_trans",NA,NA,"model9","mk"
"tl2.50_gl0.10_c25",2.5,0.1,25,0.8,1.10124952188475,"gain_loss_trans",NA,NA,"model9","mk"
"tl5.00_gl0.10_c25",5,0.1,25,0.3,6.76448007477013,"gain_loss_trans",NA,NA,"model9","mk"
"tl1.00_gl0.25_c25",1,0.25,25,1,0.141765062252034,"gain_loss_trans",NA,NA,"model9","mk"
"tl1.50_gl0.25_c25",1.5,0.25,25,1,0.238516360426363,"gain_loss_trans",NA,NA,"model9","mk"
"tl2.50_gl0.25_c25",2.5,0.25,25,0.8,1.10124952188475,"gain_loss_trans",NA,NA,"model9","mk"
"tl5.00_gl0.25_c25",5,0.25,25,0.3,6.76355785665611,"gain_loss_trans",NA,NA,"model9","mk"
"tl1.00_gl0.50_c25",1,0.5,25,1,0.141765062252034,"gain_loss_trans",NA,NA,"model9","mk"
"tl1.50_gl0.50_c25",1.5,0.5,25,1,0.238516360426363,"gain_loss_trans",NA,NA,"model9","mk"
"tl2.50_gl0.50_c25",2.5,0.5,25,0.8,1.10124952188475,"gain_loss_trans",NA,NA,"model9","mk"
"tl5.00_gl0.50_c25",5,0.5,25,0.3,6.76355785665611,"gain_loss_trans",NA,NA,"model9","mk"
"tl1.00_gl1.00_c25",1,1,25,1,0.141765062252034,"gain_loss_trans",NA,NA,"model9","mk"
"tl1.50_gl1.00_c25",1.5,1,25,1,0.238516360426363,"gain_loss_trans",NA,NA,"model9","mk"
"tl2.50_gl1.00_c25",2.5,1,25,0.8,1.10124952188475,"gain_loss_trans",NA,NA,"model9","mk"
"tl5.00_gl1.00_c25",5,1,25,0.3,6.76355785665611,"gain_loss_trans",NA,NA,"model9","mk"
"tl1.00_gl0.10_c50",1,0.1,50,0.8,0.141158233144457,"gain_loss_trans",NA,NA,"model9","mk"
"tl1.50_gl0.10_c50",1.5,0.1,50,0.8,0.304143226889272,"gain_loss_trans",NA,NA,"model9","mk"
"tl2.50_gl0.10_c50",2.5,0.1,50,1,0.65994059130956,"gain_loss_trans",NA,NA,"model9","mk"
"tl5.00_gl0.10_c50",5,0.1,50,0.5,4.97632063182179,"gain_loss_trans",NA,NA,"model9","mk"
"tl1.00_gl0.25_c50",1,0.25,50,0.8,0.141158233144457,"gain_loss_trans",NA,NA,"model9","mk"
"tl1.50_gl0.25_c50",1.5,0.25,50,0.8,0.304143226889272,"gain_loss_trans",NA,NA,"model9","mk"
"tl2.50_gl0.25_c50",2.5,0.25,50,1,0.65994059130956,"gain_loss_trans",NA,NA,"model9","mk"
"tl5.00_gl0.25_c50",5,0.25,50,0.5,4.9750274573041,"gain_loss_trans",NA,NA,"model9","mk"
"tl1.00_gl0.50_c50",1,0.5,50,0.8,0.141158233144457,"gain_loss_trans",NA,NA,"model9","mk"
"tl1.50_gl0.50_c50",1.5,0.5,50,0.8,0.304143226889272,"gain_loss_trans",NA,NA,"model9","mk"
"tl2.50_gl0.50_c50",2.5,0.5,50,1,0.65994059130956,"gain_loss_trans",NA,NA,"model9","mk"
"tl5.00_gl0.50_c50",5,0.5,50,0.5,4.9926141647094,"gain_loss_trans",NA,NA,"model9","mk"
"tl1.00_gl1.00_c50",1,1,50,0.8,0.141158233144457,"gain_loss_trans",NA,NA,"model9","mk"
"tl1.50_gl1.00_c50",1.5,1,50,0.8,0.304143226889272,"gain_loss_trans",NA,NA,"model9","mk"
"tl2.50_gl1.00_c50",2.5,1,50,1,0.65994059130956,"gain_loss_trans",NA,NA,"model9","mk"
"tl5.00_gl1.00_c50",5,1,50,0.5,4.99262569047322,"gain_loss_trans",NA,NA,"model9","mk"
"tl1.00_gl0.10_c100",1,0.1,100,0.9,0.11281030442955,"gain_loss_trans",NA,NA,"model9","mk"
"tl1.50_gl0.10_c100",1.5,0.1,100,0.8,0.230913172961602,"gain_loss_trans",NA,NA,"model9","mk"
"tl2.50_gl0.10_c100",2.5,0.1,100,0.8,0.658939267212761,"gain_loss_trans",NA,NA,"model9","mk"
"tl5.00_gl0.10_c100",5,0.1,100,0.7,4.16932604419442,"gain_loss_trans",NA,NA,"model9","mk"
"tl1.00_gl0.25_c100",1,0.25,100,0.9,0.11281030442955,"gain_loss_trans",NA,NA,"model9","mk"
"tl1.50_gl0.25_c100",1.5,0.25,100,0.8,0.230913172961602,"gain_loss_trans",NA,NA,"model9","mk"
"tl2.50_gl0.25_c100",2.5,0.25,100,0.8,0.659309728336635,"gain_loss_trans",NA,NA,"model9","mk"
"tl5.00_gl0.25_c100",5,0.25,100,0.7,4.15658945461332,"gain_loss_trans",NA,NA,"model9","mk"
"tl1.00_gl0.50_c100",1,0.5,100,0.9,0.11281030442955,"gain_loss_trans",NA,NA,"model9","mk"
"tl1.50_gl0.50_c100",1.5,0.5,100,0.8,0.230913172961602,"gain_loss_trans",NA,NA,"model9","mk"
"tl2.50_gl0.50_c100",2.5,0.5,100,0.8,0.659094795188599,"gain_loss_trans",NA,NA,"model9","mk"
"tl5.00_gl0.50_c100",5,0.5,100,0.7,4.17028710381716,"gain_loss_trans",NA,NA,"model9","mk"
"tl1.00_gl1.00_c100",1,1,100,0.9,0.11281030442955,"gain_loss_trans",NA,NA,"model9","mk"
"tl1.50_gl1.00_c100",1.5,1,100,0.8,0.230913172961602,"gain_loss_trans",NA,NA,"model9","mk"
"tl2.50_gl1.00_c100",2.5,1,100,0.8,0.65910552513202,"gain_loss_trans",NA,NA,"model9","mk"
"tl5.00_gl1.00_c100",5,1,100,0.7,4.15911938892276,"gain_loss_trans",NA,NA,"model9","mk"
"tl1.00_gl0.10_c200",1,0.1,200,1,0.0384694133168412,"gain_loss_trans",NA,NA,"model9","mk"
"tl1.50_gl0.10_c200",1.5,0.1,200,0.9,0.106147673785704,"gain_loss_trans",NA,NA,"model9","mk"
"tl2.50_gl0.10_c200",2.5,0.1,200,1,0.324285602665582,"gain_loss_trans",NA,NA,"model9","mk"
"tl5.00_gl0.10_c200",5,0.1,200,0.9,6.12924884922463,"gain_loss_trans",NA,NA,"model9","mk"
"tl1.00_gl0.25_c200",1,0.25,200,1,0.038335481876298,"gain_loss_trans",NA,NA,"model9","mk"
"tl1.50_gl0.25_c200",1.5,0.25,200,0.9,0.106254485117282,"gain_loss_trans",NA,NA,"model9","mk"
"tl2.50_gl0.25_c200",2.5,0.25,200,1,0.324722885870073,"gain_loss_trans",NA,NA,"model9","mk"
"tl5.00_gl0.25_c200",5,0.25,200,0.9,6.13805245459033,"gain_loss_trans",NA,NA,"model9","mk"
"tl1.00_gl0.50_c200",1,0.5,200,1,0.038332003213653,"gain_loss_trans",NA,NA,"model9","mk"
"tl1.50_gl0.50_c200",1.5,0.5,200,0.9,0.106242546608374,"gain_loss_trans",NA,NA,"model9","mk"
"tl2.50_gl0.50_c200",2.5,0.5,200,1,0.324584414537208,"gain_loss_trans",NA,NA,"model9","mk"
"tl5.00_gl0.50_c200",5,0.5,200,0.9,6.13528418865883,"gain_loss_trans",NA,NA,"model9","mk"
"tl1.00_gl1.00_c200",1,1,200,1,0.0383380341324341,"gain_loss_trans",NA,NA,"model9","mk"
"tl1.50_gl1.00_c200",1.5,1,200,0.9,0.106460874587071,"gain_loss_trans",NA,NA,"model9","mk"
"tl2.50_gl1.00_c200",2.5,1,200,1,0.326482746769519,"gain_loss_trans",NA,NA,"model9","mk"
"tl5.00_gl1.00_c200",5,1,200,0.9,6.13654257880234,"gain_loss_trans",NA,NA,"model9","mk"
"tl1.00_gl0.10_pr1.00_c25",1,0.1,25,0.6,0.362201675300502,NA,NA,NA,"model1","nt"
"tl1.50_gl0.10_pr1.00_c25",1.5,0.1,25,0.6,0.474368177838316,NA,NA,NA,"model1","nt"
"tl2.50_gl0.10_pr1.00_c25",2.5,0.1,25,0.7,0.476262513983412,NA,NA,NA,"model1","nt"
"tl5.00_gl0.10_pr1.00_c25",5,0.1,25,0.4,1.28081914613161,NA,NA,NA,"model1","nt"
"tl1.00_gl0.25_pr1.00_c25",1,0.25,25,0.6,1.26643083749846,NA,NA,NA,"model1","nt"
"tl1.50_gl0.25_pr1.00_c25",1.5,0.25,25,0.6,0.523638520936544,NA,NA,NA,"model1","nt"
"tl2.50_gl0.25_pr1.00_c25",2.5,0.25,25,0.5,1.55358590858644,NA,NA,NA,"model1","nt"
"tl5.00_gl0.25_pr1.00_c25",5,0.25,25,0.8,0.660526383387116,NA,NA,NA,"model1","nt"
"tl1.00_gl0.50_pr1.00_c25",1,0.5,25,0.7,1.91745285131238,NA,NA,NA,"model1","nt"
"tl1.50_gl0.50_pr1.00_c25",1.5,0.5,25,0.5,2.29197529162643,NA,NA,NA,"model1","nt"
"tl2.50_gl0.50_pr1.00_c25",2.5,0.5,25,0.5,2.89630896069582,NA,NA,NA,"model1","nt"
"tl5.00_gl0.50_pr1.00_c25",5,0.5,25,0.7,2.19665478212281,NA,NA,NA,"model1","nt"
"tl1.00_gl1.00_pr1.00_c25",1,1,25,0.6,0.75969889326764,NA,NA,NA,"model1","nt"
"tl1.50_gl1.00_pr1.00_c25",1.5,1,25,0.6,1.50832523396496,NA,NA,NA,"model1","nt"
"tl2.50_gl1.00_pr1.00_c25",2.5,1,25,0.5,3.31840478716178,NA,NA,NA,"model1","nt"
"tl5.00_gl1.00_pr1.00_c25",5,1,25,0.5,1.81257823416008,NA,NA,NA,"model1","nt"
"tl1.00_gl0.10_pr2.50_c25",1,0.1,25,0.7,0.43098022678309,NA,NA,NA,"model1","nt"
"tl1.50_gl0.10_pr2.50_c25",1.5,0.1,25,0.7,0.795035405336618,NA,NA,NA,"model1","nt"
"tl2.50_gl0.10_pr2.50_c25",2.5,0.1,25,0.6,0.685983140232012,NA,NA,NA,"model1","nt"
"tl5.00_gl0.10_pr2.50_c25",5,0.1,25,0.8,0.887304329002318,NA,NA,NA,"model1","nt"
"tl1.00_gl0.25_pr2.50_c25",1,0.25,25,0.3,0.62523154570757,NA,NA,NA,"model1","nt"
"tl1.50_gl0.25_pr2.50_c25",1.5,0.25,25,0.6,1.02363904005258,NA,NA,NA,"model1","nt"
"tl2.50_gl0.25_pr2.50_c25",2.5,0.25,25,0.6,2.80275042081726,NA,NA,NA,"model1","nt"
"tl5.00_gl0.25_pr2.50_c25",5,0.25,25,0.7,1.3616090247633,NA,NA,NA,"model1","nt"
"tl1.00_gl0.50_pr2.50_c25",1,0.5,25,0.7,1.47849490121276,NA,NA,NA,"model1","nt"
"tl1.50_gl0.50_pr2.50_c25",1.5,0.5,25,0.7,1.13816938976248,NA,NA,NA,"model1","nt"
"tl2.50_gl0.50_pr2.50_c25",2.5,0.5,25,0.6,1.30888316971468,NA,NA,NA,"model1","nt"
"tl5.00_gl0.50_pr2.50_c25",5,0.5,25,0.9,1.12889875254786,NA,NA,NA,"model1","nt"
"tl1.00_gl1.00_pr2.50_c25",1,1,25,0.8,0.261873965499195,NA,NA,NA,"model1","nt"
"tl1.50_gl1.00_pr2.50_c25",1.5,1,25,0.7,1.28382417118473,NA,NA,NA,"model1","nt"
"tl2.50_gl1.00_pr2.50_c25",2.5,1,25,0.7,0.353712322287143,NA,NA,NA,"model1","nt"
"tl5.00_gl1.00_pr2.50_c25",5,1,25,0.8,1.44195752015692,NA,NA,NA,"model1","nt"
"tl1.00_gl0.10_pr5.00_c25",1,0.1,25,0.8,0.551239217322975,NA,NA,NA,"model1","nt"
"tl1.50_gl0.10_pr5.00_c25",1.5,0.1,25,0.6,2.06651808015281,NA,NA,NA,"model1","nt"
"tl2.50_gl0.10_pr5.00_c25",2.5,0.1,25,0.7,0.661675362349131,NA,NA,NA,"model1","nt"
"tl5.00_gl0.10_pr5.00_c25",5,0.1,25,0.9,0.231238636085774,NA,NA,NA,"model1","nt"
"tl1.00_gl0.25_pr5.00_c25",1,0.25,25,0.7,0.622361340755015,NA,NA,NA,"model1","nt"
"tl1.50_gl0.25_pr5.00_c25",1.5,0.25,25,0.7,0.629598810791808,NA,NA,NA,"model1","nt"
"tl2.50_gl0.25_pr5.00_c25",2.5,0.25,25,0.7,0.807044499899816,NA,NA,NA,"model1","nt"
"tl5.00_gl0.25_pr5.00_c25",5,0.25,25,0.7,0.82849359843803,NA,NA,NA,"model1","nt"
"tl1.00_gl0.50_pr5.00_c25",1,0.5,25,0.5,1.52872211368963,NA,NA,NA,"model1","nt"
"tl1.50_gl0.50_pr5.00_c25",1.5,0.5,25,0.8,1.22173535584239,NA,NA,NA,"model1","nt"
"tl2.50_gl0.50_pr5.00_c25",2.5,0.5,25,0.7,1.62678382663377,NA,NA,NA,"model1","nt"
"tl5.00_gl0.50_pr5.00_c25",5,0.5,25,0.7,0.786084832528177,NA,NA,NA,"model1","nt"
"tl1.00_gl1.00_pr5.00_c25",1,1,25,0.4,1.39016365896753,NA,NA,NA,"model1","nt"
"tl1.50_gl1.00_pr5.00_c25",1.5,1,25,0.8,0.996267716648179,NA,NA,NA,"model1","nt"
"tl2.50_gl1.00_pr5.00_c25",2.5,1,25,0.6,1.59121045451831,NA,NA,NA,"model1","nt"
"tl5.00_gl1.00_pr5.00_c25",5,1,25,0.6,1.06845694770426,NA,NA,NA,"model1","nt"
"tl1.00_gl0.10_pr1.00_c50",1,0.1,50,0.6,1.38783600194135,NA,NA,NA,"model1","nt"
"tl1.50_gl0.10_pr1.00_c50",1.5,0.1,50,0.3,1.44130867845606,NA,NA,NA,"model1","nt"
"tl2.50_gl0.10_pr1.00_c50",2.5,0.1,50,0.8,0.30915652329192,NA,NA,NA,"model1","nt"
"tl5.00_gl0.10_pr1.00_c50",5,0.1,50,0.4,0.80995975798975,NA,NA,NA,"model1","nt"
"tl1.00_gl0.25_pr1.00_c50",1,0.25,50,0.6,1.69117586026823,NA,NA,NA,"model1","nt"
"tl1.50_gl0.25_pr1.00_c50",1.5,0.25,50,0.5,2.45423730509593,NA,NA,NA,"model1","nt"
"tl2.50_gl0.25_pr1.00_c50",2.5,0.25,50,0.5,1.39084755136131,NA,NA,NA,"model1","nt"
"tl5.00_gl0.25_pr1.00_c50",5,0.25,50,0.7,0.413331239764532,NA,NA,NA,"model1","nt"
"tl1.00_gl0.50_pr1.00_c50",1,0.5,50,0.5,1.22135185119573,NA,NA,NA,"model1","nt"
"tl1.50_gl0.50_pr1.00_c50",1.5,0.5,50,0.4,1.3423669623587,NA,NA,NA,"model1","nt"
"tl2.50_gl0.50_pr1.00_c50",2.5,0.5,50,0.5,2.59990114287725,NA,NA,NA,"model1","nt"
"tl5.00_gl0.50_pr1.00_c50",5,0.5,50,0.7,0.617346412963923,NA,NA,NA,"model1","nt"
"tl1.00_gl1.00_pr1.00_c50",1,1,50,0.4,1.40637309068174,NA,NA,NA,"model1","nt"
"tl1.50_gl1.00_pr1.00_c50",1.5,1,50,0.4,2.54161519654494,NA,NA,NA,"model1","nt"
"tl2.50_gl1.00_pr1.00_c50",2.5,1,50,0.4,1.92392732009383,NA,NA,NA,"model1","nt"
"tl5.00_gl1.00_pr1.00_c50",5,1,50,0.7,2.41995087877074,NA,NA,NA,"model1","nt"
"tl1.00_gl0.10_pr2.50_c50",1,0.1,50,0.3,1.60985411676286,NA,NA,NA,"model1","nt"
"tl1.50_gl0.10_pr2.50_c50",1.5,0.1,50,0.4,1.06858858345264,NA,NA,NA,"model1","nt"
"tl2.50_gl0.10_pr2.50_c50",2.5,0.1,50,0.5,1.31923070269433,NA,NA,NA,"model1","nt"
"tl5.00_gl0.10_pr2.50_c50",5,0.1,50,0.9,0.201597922887867,NA,NA,NA,"model1","nt"
"tl1.00_gl0.25_pr2.50_c50",1,0.25,50,0.3,1.60894182192448,NA,NA,NA,"model1","nt"
"tl1.50_gl0.25_pr2.50_c50",1.5,0.25,50,0.4,1.55550789921698,NA,NA,NA,"model1","nt"
"tl2.50_gl0.25_pr2.50_c50",2.5,0.25,50,0.5,1.10231935335589,NA,NA,NA,"model1","nt"
"tl5.00_gl0.25_pr2.50_c50",5,0.25,50,0.7,0.667336353782387,NA,NA,NA,"model1","nt"
"tl1.00_gl0.50_pr2.50_c50",1,0.5,50,0.4,1.95970454093778,NA,NA,NA,"model1","nt"
"tl1.50_gl0.50_pr2.50_c50",1.5,0.5,50,0.3,1.69555945646581,NA,NA,NA,"model1","nt"
"tl2.50_gl0.50_pr2.50_c50",2.5,0.5,50,0.5,2.02217014817382,NA,NA,NA,"model1","nt"
"tl5.00_gl0.50_pr2.50_c50",5,0.5,50,0.5,0.918347998435342,NA,NA,NA,"model1","nt"
"tl1.00_gl1.00_pr2.50_c50",1,1,50,0.5,1.49127152098741,NA,NA,NA,"model1","nt"
"tl1.50_gl1.00_pr2.50_c50",1.5,1,50,0.4,2.23695352488906,NA,NA,NA,"model1","nt"
"tl2.50_gl1.00_pr2.50_c50",2.5,1,50,0.5,1.96635859165784,NA,NA,NA,"model1","nt"
"tl5.00_gl1.00_pr2.50_c50",5,1,50,0.6,1.29339759140221,NA,NA,NA,"model1","nt"
"tl1.00_gl0.10_pr5.00_c50",1,0.1,50,0.5,1.25381048806233,NA,NA,NA,"model1","nt"
"tl1.50_gl0.10_pr5.00_c50",1.5,0.1,50,0.3,0.98197226013638,NA,NA,NA,"model1","nt"
"tl2.50_gl0.10_pr5.00_c50",2.5,0.1,50,0.5,1.13115282701344,NA,NA,NA,"model1","nt"
"tl5.00_gl0.10_pr5.00_c50",5,0.1,50,0.7,0.548143541933407,NA,NA,NA,"model1","nt"
"tl1.00_gl0.25_pr5.00_c50",1,0.25,50,0.5,1.66425171565131,NA,NA,NA,"model1","nt"
"tl1.50_gl0.25_pr5.00_c50",1.5,0.25,50,0.4,1.66168495409149,NA,NA,NA,"model1","nt"
"tl2.50_gl0.25_pr5.00_c50",2.5,0.25,50,0.6,1.42327501357015,NA,NA,NA,"model1","nt"
"tl5.00_gl0.25_pr5.00_c50",5,0.25,50,0.7,0.599403171179512,NA,NA,NA,"model1","nt"
"tl1.00_gl0.50_pr5.00_c50",1,0.5,50,0.5,1.79116697735778,NA,NA,NA,"model1","nt"
"tl1.50_gl0.50_pr5.00_c50",1.5,0.5,50,0.4,2.65361007048662,NA,NA,NA,"model1","nt"
"tl2.50_gl0.50_pr5.00_c50",2.5,0.5,50,0.6,1.4124923945742,NA,NA,NA,"model1","nt"
"tl5.00_gl0.50_pr5.00_c50",5,0.5,50,0.6,0.797727768275344,NA,NA,NA,"model1","nt"
"tl1.00_gl1.00_pr5.00_c50",1,1,50,0.6,1.0435204537146,NA,NA,NA,"model1","nt"
"tl1.50_gl1.00_pr5.00_c50",1.5,1,50,0.3,3.2355244005936,NA,NA,NA,"model1","nt"
"tl2.50_gl1.00_pr5.00_c50",2.5,1,50,0.4,1.57948854679796,NA,NA,NA,"model1","nt"
"tl5.00_gl1.00_pr5.00_c50",5,1,50,0.4,0.489437724906135,NA,NA,NA,"model1","nt"
"tl1.00_gl0.10_pr1.00_c100",1,0.1,100,0.2,0.841020781934971,NA,NA,NA,"model1","nt"
"tl1.50_gl0.10_pr1.00_c100",1.5,0.1,100,0.4,1.1141387635171,NA,NA,NA,"model1","nt"
"tl2.50_gl0.10_pr1.00_c100",2.5,0.1,100,0.4,1.10006352388427,NA,NA,NA,"model1","nt"
"tl5.00_gl0.10_pr1.00_c100",5,0.1,100,0.4,0.638085996642208,NA,NA,NA,"model1","nt"
"tl1.00_gl0.25_pr1.00_c100",1,0.25,100,0.3,1.81536752486749,NA,NA,NA,"model1","nt"
"tl1.50_gl0.25_pr1.00_c100",1.5,0.25,100,0.2,1.44532894073276,NA,NA,NA,"model1","nt"
"tl2.50_gl0.25_pr1.00_c100",2.5,0.25,100,0.4,2.1937113639254,NA,NA,NA,"model1","nt"
"tl5.00_gl0.25_pr1.00_c100",5,0.25,100,0.6,1.30730758570189,NA,NA,NA,"model1","nt"
"tl1.00_gl0.50_pr1.00_c100",1,0.5,100,0.4,1.81476894954914,NA,NA,NA,"model1","nt"
"tl1.50_gl0.50_pr1.00_c100",1.5,0.5,100,0.5,2.44695284048399,NA,NA,NA,"model1","nt"
"tl2.50_gl0.50_pr1.00_c100",2.5,0.5,100,0.3,2.98319791977105,NA,NA,NA,"model1","nt"
"tl5.00_gl0.50_pr1.00_c100",5,0.5,100,0.4,2.81812937662509,NA,NA,NA,"model1","nt"
"tl1.00_gl1.00_pr1.00_c100",1,1,100,0.5,2.95794464364011,NA,NA,NA,"model1","nt"
"tl1.50_gl1.00_pr1.00_c100",1.5,1,100,0.4,1.8950117759543,NA,NA,NA,"model1","nt"
"tl2.50_gl1.00_pr1.00_c100",2.5,1,100,0.3,2.95184566893136,NA,NA,NA,"model1","nt"
"tl5.00_gl1.00_pr1.00_c100",5,1,100,0.5,2.53755897819338,NA,NA,NA,"model1","nt"
"tl1.00_gl0.10_pr2.50_c100",1,0.1,100,0.1,1.04738153141008,NA,NA,NA,"model1","nt"
"tl1.50_gl0.10_pr2.50_c100",1.5,0.1,100,0.1,1.93580722084128,NA,NA,NA,"model1","nt"
"tl2.50_gl0.10_pr2.50_c100",2.5,0.1,100,0.3,1.80375893459427,NA,NA,NA,"model1","nt"
"tl5.00_gl0.10_pr2.50_c100",5,0.1,100,0.5,0.362834024883017,NA,NA,NA,"model1","nt"
"tl1.00_gl0.25_pr2.50_c100",1,0.25,100,0.3,2.05652436872521,NA,NA,NA,"model1","nt"
"tl1.50_gl0.25_pr2.50_c100",1.5,0.25,100,0.2,1.58602991937484,NA,NA,NA,"model1","nt"
"tl2.50_gl0.25_pr2.50_c100",2.5,0.25,100,0.3,2.55487800837802,NA,NA,NA,"model1","nt"
"tl5.00_gl0.25_pr2.50_c100",5,0.25,100,0.4,0.991423480701895,NA,NA,NA,"model1","nt"
"tl1.00_gl0.50_pr2.50_c100",1,0.5,100,0.4,1.32703601511157,NA,NA,NA,"model1","nt"
"tl1.50_gl0.50_pr2.50_c100",1.5,0.5,100,0.3,2.25939409451203,NA,NA,NA,"model1","nt"
"tl2.50_gl0.50_pr2.50_c100",2.5,0.5,100,0.5,2.03204251134788,NA,NA,NA,"model1","nt"
"tl5.00_gl0.50_pr2.50_c100",5,0.5,100,0.6,0.574575262808479,NA,NA,NA,"model1","nt"
"tl1.00_gl1.00_pr2.50_c100",1,1,100,0.4,1.28720477236572,NA,NA,NA,"model1","nt"
"tl1.50_gl1.00_pr2.50_c100",1.5,1,100,0.5,1.58112131207551,NA,NA,NA,"model1","nt"
"tl2.50_gl1.00_pr2.50_c100",2.5,1,100,0.4,3.92303630510451,NA,NA,NA,"model1","nt"
"tl5.00_gl1.00_pr2.50_c100",5,1,100,0.5,1.71817210714698,NA,NA,NA,"model1","nt"
"tl1.00_gl0.10_pr5.00_c100",1,0.1,100,0.2,1.53038865176713,NA,NA,NA,"model1","nt"
"tl1.50_gl0.10_pr5.00_c100",1.5,0.1,100,0.2,1.0786495895836,NA,NA,NA,"model1","nt"
"tl2.50_gl0.10_pr5.00_c100",2.5,0.1,100,0.3,1.29901156900338,NA,NA,NA,"model1","nt"
"tl5.00_gl0.10_pr5.00_c100",5,0.1,100,0.7,0.417391108883675,NA,NA,NA,"model1","nt"
"tl1.00_gl0.25_pr5.00_c100",1,0.25,100,0.5,1.52555203687999,NA,NA,NA,"model1","nt"
"tl1.50_gl0.25_pr5.00_c100",1.5,0.25,100,0.4,1.22701014571315,NA,NA,NA,"model1","nt"
"tl2.50_gl0.25_pr5.00_c100",2.5,0.25,100,0.4,1.96298362514718,NA,NA,NA,"model1","nt"
"tl5.00_gl0.25_pr5.00_c100",5,0.25,100,0.5,0.519033487513601,NA,NA,NA,"model1","nt"
"tl1.00_gl0.50_pr5.00_c100",1,0.5,100,0.3,2.16779649987262,NA,NA,NA,"model1","nt"
"tl1.50_gl0.50_pr5.00_c100",1.5,0.5,100,0.3,1.73394239264856,NA,NA,NA,"model1","nt"
"tl2.50_gl0.50_pr5.00_c100",2.5,0.5,100,0.4,1.87788469433924,NA,NA,NA,"model1","nt"
"tl5.00_gl0.50_pr5.00_c100",5,0.5,100,0.5,1.61779550071265,NA,NA,NA,"model1","nt"
"tl1.00_gl1.00_pr5.00_c100",1,1,100,0.3,1.84917711429205,NA,NA,NA,"model1","nt"
"tl1.50_gl1.00_pr5.00_c100",1.5,1,100,0.4,2.83529326500207,NA,NA,NA,"model1","nt"
"tl2.50_gl1.00_pr5.00_c100",2.5,1,100,0.5,2.90867078974491,NA,NA,NA,"model1","nt"
"tl5.00_gl1.00_pr5.00_c100",5,1,100,0.7,1.32606570423236,NA,NA,NA,"model1","nt"
"tl1.00_gl0.10_pr1.00_c200",1,0.1,200,0.1,1.27080597537254,NA,NA,NA,"model1","nt"
"tl1.50_gl0.10_pr1.00_c200",1.5,0.1,200,0.2,1.55651227248696,NA,NA,NA,"model1","nt"
"tl2.50_gl0.10_pr1.00_c200",2.5,0.1,200,0.4,1.43960307018122,NA,NA,NA,"model1","nt"
"tl5.00_gl0.10_pr1.00_c200",5,0.1,200,0.4,0.415577392609694,NA,NA,NA,"model1","nt"
"tl1.00_gl0.25_pr1.00_c200",1,0.25,200,0.2,1.36490101581061,NA,NA,NA,"model1","nt"
"tl1.50_gl0.25_pr1.00_c200",1.5,0.25,200,0.3,1.64426587890607,NA,NA,NA,"model1","nt"
"tl2.50_gl0.25_pr1.00_c200",2.5,0.25,200,0.2,1.90639652451554,NA,NA,NA,"model1","nt"
"tl5.00_gl0.25_pr1.00_c200",5,0.25,200,0.5,0.652295984786355,NA,NA,NA,"model1","nt"
"tl1.00_gl0.50_pr1.00_c200",1,0.5,200,0.3,2.21978642209679,NA,NA,NA,"model1","nt"
"tl1.50_gl0.50_pr1.00_c200",1.5,0.5,200,0.5,2.20417249289209,NA,NA,NA,"model1","nt"
"tl2.50_gl0.50_pr1.00_c200",2.5,0.5,200,0.4,3.34858130845654,NA,NA,NA,"model1","nt"
"tl5.00_gl0.50_pr1.00_c200",5,0.5,200,0.3,1.91449789292646,NA,NA,NA,"model1","nt"
"tl1.00_gl1.00_pr1.00_c200",1,1,200,0.4,2.49732906686702,NA,NA,NA,"model1","nt"
"tl1.50_gl1.00_pr1.00_c200",1.5,1,200,0.5,2.60882059273153,NA,NA,NA,"model1","nt"
"tl2.50_gl1.00_pr1.00_c200",2.5,1,200,0.4,3.32299168396332,NA,NA,NA,"model1","nt"
"tl5.00_gl1.00_pr1.00_c200",5,1,200,0.2,2.41543384546256,NA,NA,NA,"model1","nt"
"tl1.00_gl0.10_pr2.50_c200",1,0.1,200,0,1.4431815450352,NA,NA,NA,"model1","nt"
"tl1.50_gl0.10_pr2.50_c200",1.5,0.1,200,0,1.4818017672448,NA,NA,NA,"model1","nt"
"tl2.50_gl0.10_pr2.50_c200",2.5,0.1,200,0.2,1.42052644614112,NA,NA,NA,"model1","nt"
"tl5.00_gl0.10_pr2.50_c200",5,0.1,200,0.6,0.412002886989133,NA,NA,NA,"model1","nt"
"tl1.00_gl0.25_pr2.50_c200",1,0.25,200,0.3,1.61622486443374,NA,NA,NA,"model1","nt"
"tl1.50_gl0.25_pr2.50_c200",1.5,0.25,200,0.1,1.80395227102965,NA,NA,NA,"model1","nt"
"tl2.50_gl0.25_pr2.50_c200",2.5,0.25,200,0.2,2.12996606920491,NA,NA,NA,"model1","nt"
"tl5.00_gl0.25_pr2.50_c200",5,0.25,200,0.5,1.08931629319894,NA,NA,NA,"model1","nt"
"tl1.00_gl0.50_pr2.50_c200",1,0.5,200,0.4,1.82218331882215,NA,NA,NA,"model1","nt"
"tl1.50_gl0.50_pr2.50_c200",1.5,0.5,200,0.3,2.20587272950108,NA,NA,NA,"model1","nt"
"tl2.50_gl0.50_pr2.50_c200",2.5,0.5,200,0.3,2.42299849392907,NA,NA,NA,"model1","nt"
"tl5.00_gl0.50_pr2.50_c200",5,0.5,200,0.2,1.6231619029009,NA,NA,NA,"model1","nt"
"tl1.00_gl1.00_pr2.50_c200",1,1,200,0.4,1.83901182081757,NA,NA,NA,"model1","nt"
"tl1.50_gl1.00_pr2.50_c200",1.5,1,200,0.3,1.96015367478959,NA,NA,NA,"model1","nt"
"tl2.50_gl1.00_pr2.50_c200",2.5,1,200,0.4,3.25604544648733,NA,NA,NA,"model1","nt"
"tl5.00_gl1.00_pr2.50_c200",5,1,200,0.2,3.0938046921615,NA,NA,NA,"model1","nt"
"tl1.00_gl0.10_pr5.00_c200",1,0.1,200,0.1,1.49640617789288,NA,NA,NA,"model1","nt"
"tl1.50_gl0.10_pr5.00_c200",1.5,0.1,200,0,2.16456414940308,NA,NA,NA,"model1","nt"
"tl2.50_gl0.10_pr5.00_c200",2.5,0.1,200,0.2,1.3619972570543,NA,NA,NA,"model1","nt"
"tl5.00_gl0.10_pr5.00_c200",5,0.1,200,0.4,0.355363756070121,NA,NA,NA,"model1","nt"
"tl1.00_gl0.25_pr5.00_c200",1,0.25,200,0.2,1.23323411540542,NA,NA,NA,"model1","nt"
"tl1.50_gl0.25_pr5.00_c200",1.5,0.25,200,0.1,2.00948095518697,NA,NA,NA,"model1","nt"
"tl2.50_gl0.25_pr5.00_c200",2.5,0.25,200,0.2,1.60161475145586,NA,NA,NA,"model1","nt"
"tl5.00_gl0.25_pr5.00_c200",5,0.25,200,0.4,0.932587075983693,NA,NA,NA,"model1","nt"
"tl1.00_gl0.50_pr5.00_c200",1,0.5,200,0.2,1.27833099578003,NA,NA,NA,"model1","nt"
"tl1.50_gl0.50_pr5.00_c200",1.5,0.5,200,0.3,2.48856231123102,NA,NA,NA,"model1","nt"
"tl2.50_gl0.50_pr5.00_c200",2.5,0.5,200,0.4,2.6258805248058,NA,NA,NA,"model1","nt"
"tl5.00_gl0.50_pr5.00_c200",5,0.5,200,0.6,1.16421272136855,NA,NA,NA,"model1","nt"
"tl1.00_gl1.00_pr5.00_c200",1,1,200,0.4,1.40406906991691,NA,NA,NA,"model1","nt"
"tl1.50_gl1.00_pr5.00_c200",1.5,1,200,0.4,2.07251577205071,NA,NA,NA,"model1","nt"
"tl2.50_gl1.00_pr5.00_c200",2.5,1,200,0.2,2.36504737350083,NA,NA,NA,"model1","nt"
"tl5.00_gl1.00_pr5.00_c200",5,1,200,0.3,1.39275552514879,NA,NA,NA,"model1","nt"
"tl1.00_gl0.10_pr1.00_c25",1,0.1,25,0.9,0.501138845792113,"gain_loss_trans",NA,NA,"model10","nt"
"tl1.50_gl0.10_pr1.00_c25",1.5,0.1,25,0.9,0.566761767489817,"gain_loss_trans",NA,NA,"model10","nt"
"tl2.50_gl0.10_pr1.00_c25",2.5,0.1,25,1,0.381283921802902,"gain_loss_trans",NA,NA,"model10","nt"
"tl5.00_gl0.10_pr1.00_c25",5,0.1,25,0.5,3.23187023924735,"gain_loss_trans",NA,NA,"model10","nt"
"tl1.00_gl0.25_pr1.00_c25",1,0.25,25,0.8,0.823838646719195,"gain_loss_trans",NA,NA,"model10","nt"
"tl1.50_gl0.25_pr1.00_c25",1.5,0.25,25,1,0.31991556118582,"gain_loss_trans",NA,NA,"model10","nt"
"tl2.50_gl0.25_pr1.00_c25",2.5,0.25,25,0.7,1.31526406192136,"gain_loss_trans",NA,NA,"model10","nt"
"tl5.00_gl0.25_pr1.00_c25",5,0.25,25,0.9,1.47638852720907,"gain_loss_trans",NA,NA,"model10","nt"
"tl1.00_gl0.50_pr1.00_c25",1,0.5,25,0.8,2.1000379368581,"gain_loss_trans",NA,NA,"model10","nt"
"tl1.50_gl0.50_pr1.00_c25",1.5,0.5,25,0.8,2.8673084759832,"gain_loss_trans",0,1.3250663103574,"model10","nt"
"tl2.50_gl0.50_pr1.00_c25",2.5,0.5,25,0.7,4.68705920164885,"gain_loss_trans",NA,NA,"model10","nt"
"tl5.00_gl0.50_pr1.00_c25",5,0.5,25,0.8,3.06394588007413,"gain_loss_trans",NA,NA,"model10","nt"
"tl1.00_gl1.00_pr1.00_c25",1,1,25,0.8,0.65587369895984,"gain_loss_trans",NA,NA,"model10","nt"
"tl1.50_gl1.00_pr1.00_c25",1.5,1,25,0.8,1.00012345855195,"gain_loss_trans",NA,NA,"model10","nt"
"tl2.50_gl1.00_pr1.00_c25",2.5,1,25,0.7,7.6585284702379,"gain_loss_trans",NA,NA,"model10","nt"
"tl5.00_gl1.00_pr1.00_c25",5,1,25,0.8,4.03261272883825,"gain_loss_trans",NA,NA,"model10","nt"
"tl1.00_gl0.10_pr2.50_c25",1,0.1,25,0.9,0.238236588249513,"gain_loss_trans",NA,NA,"model10","nt"
"tl1.50_gl0.10_pr2.50_c25",1.5,0.1,25,0.9,0.243252796802272,"gain_loss_trans",NA,NA,"model10","nt"
"tl2.50_gl0.10_pr2.50_c25",2.5,0.1,25,0.7,0.873781770708064,"gain_loss_trans",NA,NA,"model10","nt"
"tl5.00_gl0.10_pr2.50_c25",5,0.1,25,0.5,4.43522367720677,"gain_loss_trans",NA,NA,"model10","nt"
"tl1.00_gl0.25_pr2.50_c25",1,0.25,25,1,0.208275985941603,"gain_loss_trans",NA,NA,"model10","nt"
"tl1.50_gl0.25_pr2.50_c25",1.5,0.25,25,1,0.442495670359643,"gain_loss_trans",NA,NA,"model10","nt"
"tl2.50_gl0.25_pr2.50_c25",2.5,0.25,25,0.6,1.7497193068519,"gain_loss_trans",NA,NA,"model10","nt"
"tl5.00_gl0.25_pr2.50_c25",5,0.25,25,0.5,3.1552805436557,"gain_loss_trans",NA,NA,"model10","nt"
"tl1.00_gl0.50_pr2.50_c25",1,0.5,25,0.8,1.42505265283632,"gain_loss_trans",NA,NA,"model10","nt"
"tl1.50_gl0.50_pr2.50_c25",1.5,0.5,25,0.9,0.583037333734517,"gain_loss_trans",NA,NA,"model10","nt"
"tl2.50_gl0.50_pr2.50_c25",2.5,0.5,25,0.6,0.833628078527632,"gain_loss_trans",NA,NA,"model10","nt"
"tl5.00_gl0.50_pr2.50_c25",5,0.5,25,0.2,5.59018016165155,"gain_loss_trans",NA,NA,"model10","nt"
"tl1.00_gl1.00_pr2.50_c25",1,1,25,1,0.080782659990273,"gain_loss_trans",NA,NA,"model10","nt"
"tl1.50_gl1.00_pr2.50_c25",1.5,1,25,0.9,1.16553259302247,"gain_loss_trans",NA,NA,"model10","nt"
"tl2.50_gl1.00_pr2.50_c25",2.5,1,25,0.5,1.2518919554801,"gain_loss_trans",NA,NA,"model10","nt"
"tl5.00_gl1.00_pr2.50_c25",5,1,25,0.4,4.26586234025785,"gain_loss_trans",NA,NA,"model10","nt"
"tl1.00_gl0.10_pr5.00_c25",1,0.1,25,1,0.129691987613773,"gain_loss_trans",NA,NA,"model10","nt"
"tl1.50_gl0.10_pr5.00_c25",1.5,0.1,25,0.9,0.452771287378558,"gain_loss_trans",NA,NA,"model10","nt"
"tl2.50_gl0.10_pr5.00_c25",2.5,0.1,25,0.9,0.544819130725012,"gain_loss_trans",NA,NA,"model10","nt"
"tl5.00_gl0.10_pr5.00_c25",5,0.1,25,0.2,6.27865932082857,"gain_loss_trans",NA,NA,"model10","nt"
"tl1.00_gl0.25_pr5.00_c25",1,0.25,25,0.8,0.367100048887944,"gain_loss_trans",NA,NA,"model10","nt"
"tl1.50_gl0.25_pr5.00_c25",1.5,0.25,25,1,0.209454047349265,"gain_loss_trans",NA,NA,"model10","nt"
"tl2.50_gl0.25_pr5.00_c25",2.5,0.25,25,0.6,0.896819081882268,"gain_loss_trans",NA,NA,"model10","nt"
"tl5.00_gl0.25_pr5.00_c25",5,0.25,25,0.3,6.34599783215974,"gain_loss_trans",NA,NA,"model10","nt"
"tl1.00_gl0.50_pr5.00_c25",1,0.5,25,0.8,0.956066390880546,"gain_loss_trans",NA,NA,"model10","nt"
"tl1.50_gl0.50_pr5.00_c25",1.5,0.5,25,0.9,0.407280976427371,"gain_loss_trans",NA,NA,"model10","nt"
"tl2.50_gl0.50_pr5.00_c25",2.5,0.5,25,0.5,1.59446317695561,"gain_loss_trans",NA,NA,"model10","nt"
"tl5.00_gl0.50_pr5.00_c25",5,0.5,25,0.2,7.62511930218101,"gain_loss_trans",NA,NA,"model10","nt"
"tl1.00_gl1.00_pr5.00_c25",1,1,25,0.8,0.800448646858984,"gain_loss_trans",NA,NA,"model10","nt"
"tl1.50_gl1.00_pr5.00_c25",1.5,1,25,0.8,0.608342725230079,"gain_loss_trans",NA,NA,"model10","nt"
"tl2.50_gl1.00_pr5.00_c25",2.5,1,25,0.5,1.29333541584846,"gain_loss_trans",NA,NA,"model10","nt"
"tl5.00_gl1.00_pr5.00_c25",5,1,25,0.4,6.56176443841739,"gain_loss_trans",NA,NA,"model10","nt"
"tl1.00_gl0.10_pr1.00_c50",1,0.1,50,0.8,2.04554576764115,"gain_loss_trans",NA,NA,"model10","nt"
"tl1.50_gl0.10_pr1.00_c50",1.5,0.1,50,0.8,1.27478606148417,"gain_loss_trans",NA,NA,"model10","nt"
"tl2.50_gl0.10_pr1.00_c50",2.5,0.1,50,1,0.646100814223619,"gain_loss_trans",NA,NA,"model10","nt"
"tl5.00_gl0.10_pr1.00_c50",5,0.1,50,0.8,1.14648667856534,"gain_loss_trans",NA,NA,"model10","nt"
"tl1.00_gl0.25_pr1.00_c50",1,0.25,50,0.7,4.21788958276224,"gain_loss_trans",NA,NA,"model10","nt"
"tl1.50_gl0.25_pr1.00_c50",1.5,0.25,50,0.7,4.03717897878309,"gain_loss_trans",NA,NA,"model10","nt"
"tl2.50_gl0.25_pr1.00_c50",2.5,0.25,50,0.8,3.68956331667052,"gain_loss_trans",NA,NA,"model10","nt"
"tl5.00_gl0.25_pr1.00_c50",5,0.25,50,0.9,1.39406806678769,"gain_loss_trans",NA,NA,"model10","nt"
"tl1.00_gl0.50_pr1.00_c50",1,0.5,50,0.8,1.76255057488474,"gain_loss_trans",NA,NA,"model10","nt"
"tl1.50_gl0.50_pr1.00_c50",1.5,0.5,50,0.8,2.80609152158393,"gain_loss_trans",NA,NA,"model10","nt"
"tl2.50_gl0.50_pr1.00_c50",2.5,0.5,50,0.6,6.29167594017247,"gain_loss_trans",NA,NA,"model10","nt"
"tl5.00_gl0.50_pr1.00_c50",5,0.5,50,0.7,4.46748092028884,"gain_loss_trans",NA,NA,"model10","nt"
"tl1.00_gl1.00_pr1.00_c50",1,1,50,0.8,1.43776048742344,"gain_loss_trans",NA,NA,"model10","nt"
"tl1.50_gl1.00_pr1.00_c50",1.5,1,50,0.6,8.98803061352682,"gain_loss_trans",NA,NA,"model10","nt"
"tl2.50_gl1.00_pr1.00_c50",2.5,1,50,0.6,4.60653557102802,"gain_loss_trans",NA,NA,"model10","nt"
"tl5.00_gl1.00_pr1.00_c50",5,1,50,0.7,6.94983178045762,"gain_loss_trans",NA,NA,"model10","nt"
"tl1.00_gl0.10_pr2.50_c50",1,0.1,50,0.8,1.0642107940094,"gain_loss_trans",NA,NA,"model10","nt"
"tl1.50_gl0.10_pr2.50_c50",1.5,0.1,50,0.9,0.281318239073252,"gain_loss_trans",NA,NA,"model10","nt"
"tl2.50_gl0.10_pr2.50_c50",2.5,0.1,50,0.5,1.82767815668865,"gain_loss_trans",NA,NA,"model10","nt"
"tl5.00_gl0.10_pr2.50_c50",5,0.1,50,0.2,4.11526517727928,"gain_loss_trans",NA,NA,"model10","nt"
"tl1.00_gl0.25_pr2.50_c50",1,0.25,50,0.8,1.20112106363453,"gain_loss_trans",NA,NA,"model10","nt"
"tl1.50_gl0.25_pr2.50_c50",1.5,0.25,50,0.8,2.28371632798671,"gain_loss_trans",NA,NA,"model10","nt"
"tl2.50_gl0.25_pr2.50_c50",2.5,0.25,50,0.6,3.50699440080284,"gain_loss_trans",NA,NA,"model10","nt"
"tl5.00_gl0.25_pr2.50_c50",5,0.25,50,0.4,3.42505656231714,"gain_loss_trans",NA,NA,"model10","nt"
"tl1.00_gl0.50_pr2.50_c50",1,0.5,50,0.8,1.61764385846836,"gain_loss_trans",NA,NA,"model10","nt"
"tl1.50_gl0.50_pr2.50_c50",1.5,0.5,50,0.5,1.48405602973967,"gain_loss_trans",NA,NA,"model10","nt"
"tl2.50_gl0.50_pr2.50_c50",2.5,0.5,50,0.4,2.55699049647089,"gain_loss_trans",NA,NA,"model10","nt"
"tl5.00_gl0.50_pr2.50_c50",5,0.5,50,0.4,3.9761227008125,"gain_loss_trans",NA,NA,"model10","nt"
"tl1.00_gl1.00_pr2.50_c50",1,1,50,0.8,2.60465335080212,"gain_loss_trans",NA,NA,"model10","nt"
"tl1.50_gl1.00_pr2.50_c50",1.5,1,50,0.6,4.34486166931449,"gain_loss_trans",NA,NA,"model10","nt"
"tl2.50_gl1.00_pr2.50_c50",2.5,1,50,0.2,3.88597514891453,"gain_loss_trans",NA,NA,"model10","nt"
"tl5.00_gl1.00_pr2.50_c50",5,1,50,0.3,4.55962302583119,"gain_loss_trans",NA,NA,"model10","nt"
"tl1.00_gl0.10_pr5.00_c50",1,0.1,50,0.8,0.636152184957752,"gain_loss_trans",NA,NA,"model10","nt"
"tl1.50_gl0.10_pr5.00_c50",1.5,0.1,50,0.7,0.259146226101963,"gain_loss_trans",NA,NA,"model10","nt"
"tl2.50_gl0.10_pr5.00_c50",2.5,0.1,50,0.4,1.33752588972785,"gain_loss_trans",NA,NA,"model10","nt"
"tl5.00_gl0.10_pr5.00_c50",5,0.1,50,0.3,6.20865497849101,"gain_loss_trans",NA,NA,"model10","nt"
"tl1.00_gl0.25_pr5.00_c50",1,0.25,50,0.8,1.31565941598494,"gain_loss_trans",NA,NA,"model10","nt"
"tl1.50_gl0.25_pr5.00_c50",1.5,0.25,50,0.5,1.19499097371536,"gain_loss_trans",NA,NA,"model10","nt"
"tl2.50_gl0.25_pr5.00_c50",2.5,0.25,50,0.2,3.52088326795598,"gain_loss_trans",NA,NA,"model10","nt"
"tl5.00_gl0.25_pr5.00_c50",5,0.25,50,0.2,6.43718501114512,"gain_loss_trans",NA,NA,"model10","nt"
"tl1.00_gl0.50_pr5.00_c50",1,0.5,50,0.9,1.68404001038908,"gain_loss_trans",NA,NA,"model10","nt"
"tl1.50_gl0.50_pr5.00_c50",1.5,0.5,50,0.4,1.27190966039729,"gain_loss_trans",NA,NA,"model10","nt"
"tl2.50_gl0.50_pr5.00_c50",2.5,0.5,50,0.2,1.96757302396817,"gain_loss_trans",NA,NA,"model10","nt"
"tl5.00_gl0.50_pr5.00_c50",5,0.5,50,0.4,6.72790532368523,"gain_loss_trans",NA,NA,"model10","nt"
"tl1.00_gl1.00_pr5.00_c50",1,1,50,0.8,0.4669073105252,"gain_loss_trans",NA,NA,"model10","nt"
"tl1.50_gl1.00_pr5.00_c50",1.5,1,50,0.5,1.86300657917326,"gain_loss_trans",NA,NA,"model10","nt"
"tl2.50_gl1.00_pr5.00_c50",2.5,1,50,0.2,1.98571477168589,"gain_loss_trans",NA,NA,"model10","nt"
"tl5.00_gl1.00_pr5.00_c50",5,1,50,0.3,6.96434137182774,"gain_loss_trans",NA,NA,"model10","nt"
"tl1.00_gl0.10_pr1.00_c100",1,0.1,100,0.6,3.7150490047228,"gain_loss_trans",NA,NA,"model10","nt"
"tl1.50_gl0.10_pr1.00_c100",1.5,0.1,100,0.5,3.39042717904583,"gain_loss_trans",NA,NA,"model10","nt"
"tl2.50_gl0.10_pr1.00_c100",2.5,0.1,100,0.6,2.28503826239313,"gain_loss_trans",NA,NA,"model10","nt"
"tl5.00_gl0.10_pr1.00_c100",5,0.1,100,0.9,1.01650855857219,"gain_loss_trans",NA,NA,"model10","nt"
"tl1.00_gl0.25_pr1.00_c100",1,0.25,100,0.5,12.8384525601685,"gain_loss_trans",NA,NA,"model10","nt"
"tl1.50_gl0.25_pr1.00_c100",1.5,0.25,100,0.5,9.2161623597845,"gain_loss_trans",NA,NA,"model10","nt"
"tl2.50_gl0.25_pr1.00_c100",2.5,0.25,100,0.8,9.12736010704172,"gain_loss_trans",NA,NA,"model10","nt"
"tl5.00_gl0.25_pr1.00_c100",5,0.25,100,0.6,11.0094938828915,"gain_loss_trans",NA,NA,"model10","nt"
"tl1.00_gl0.50_pr1.00_c100",1,0.5,100,0.8,4.7541490158526,"gain_loss_trans",NA,NA,"model10","nt"
"tl1.50_gl0.50_pr1.00_c100",1.5,0.5,100,0.5,16.275388885322,"gain_loss_trans",NA,NA,"model10","nt"
"tl2.50_gl0.50_pr1.00_c100",2.5,0.5,100,0.4,10.1715354295216,"gain_loss_trans",NA,NA,"model10","nt"
"tl5.00_gl0.50_pr1.00_c100",5,0.5,100,0.3,14.5187450441137,"gain_loss_trans",NA,NA,"model10","nt"
"tl1.00_gl1.00_pr1.00_c100",1,1,100,0.6,12.6238667497603,"gain_loss_trans",NA,NA,"model10","nt"
"tl1.50_gl1.00_pr1.00_c100",1.5,1,100,0.5,8.84217383070313,"gain_loss_trans",NA,NA,"model10","nt"
"tl2.50_gl1.00_pr1.00_c100",2.5,1,100,0.5,15.3722064006962,"gain_loss_trans",NA,NA,"model10","nt"
"tl5.00_gl1.00_pr1.00_c100",5,1,100,0.7,15.7429364665243,"gain_loss_trans",NA,NA,"model10","nt"
"tl1.00_gl0.10_pr2.50_c100",1,0.1,100,0.7,2.39004864615897,"gain_loss_trans",NA,NA,"model10","nt"
"tl1.50_gl0.10_pr2.50_c100",1.5,0.1,100,0.7,2.80481302645836,"gain_loss_trans",NA,NA,"model10","nt"
"tl2.50_gl0.10_pr2.50_c100",2.5,0.1,100,0.6,1.25129254841494,"gain_loss_trans",NA,NA,"model10","nt"
"tl5.00_gl0.10_pr2.50_c100",5,0.1,100,0.5,3.63543349239377,"gain_loss_trans",NA,NA,"model10","nt"
"tl1.00_gl0.25_pr2.50_c100",1,0.25,100,0.8,6.04789715251421,"gain_loss_trans",NA,NA,"model10","nt"
"tl1.50_gl0.25_pr2.50_c100",1.5,0.25,100,0.6,4.55722804883398,"gain_loss_trans",NA,NA,"model10","nt"
"tl2.50_gl0.25_pr2.50_c100",2.5,0.25,100,0.3,8.98777616027557,"gain_loss_trans",NA,NA,"model10","nt"
"tl5.00_gl0.25_pr2.50_c100",5,0.25,100,0.1,8.36391900151814,"gain_loss_trans",NA,NA,"model10","nt"
"tl1.00_gl0.50_pr2.50_c100",1,0.5,100,0.7,2.42191142431953,"gain_loss_trans",NA,NA,"model10","nt"
"tl1.50_gl0.50_pr2.50_c100",1.5,0.5,100,0.6,12.2656340290813,"gain_loss_trans",NA,NA,"model10","nt"
"tl2.50_gl0.50_pr2.50_c100",2.5,0.5,100,0.3,4.75562236591549,"gain_loss_trans",NA,NA,"model10","nt"
"tl5.00_gl0.50_pr2.50_c100",5,0.5,100,0.2,4.83224871869164,"gain_loss_trans",NA,NA,"model10","nt"
"tl1.00_gl1.00_pr2.50_c100",1,1,100,0.8,4.60646605866281,"gain_loss_trans",1,0.000295572119924009,"model10","nt"
"tl1.50_gl1.00_pr2.50_c100",1.5,1,100,0.3,5.92400557775392,"gain_loss_trans",NA,NA,"model10","nt"
"tl2.50_gl1.00_pr2.50_c100",2.5,1,100,0.5,20.8239052602577,"gain_loss_trans",NA,NA,"model10","nt"
"tl5.00_gl1.00_pr2.50_c100",5,1,100,0.3,10.5887671154605,"gain_loss_trans",NA,NA,"model10","nt"
"tl1.00_gl0.10_pr5.00_c100",1,0.1,100,0.8,0.536831492545071,"gain_loss_trans",NA,NA,"model10","nt"
"tl1.50_gl0.10_pr5.00_c100",1.5,0.1,100,0.4,0.834535551935577,"gain_loss_trans",NA,NA,"model10","nt"
"tl2.50_gl0.10_pr5.00_c100",2.5,0.1,100,0.2,1.36351986432379,"gain_loss_trans",NA,NA,"model10","nt"
"tl5.00_gl0.10_pr5.00_c100",5,0.1,100,0.3,5.49768949510281,"gain_loss_trans",NA,NA,"model10","nt"
"tl1.00_gl0.25_pr5.00_c100",1,0.25,100,0.5,1.33442475391132,"gain_loss_trans",NA,NA,"model10","nt"
"tl1.50_gl0.25_pr5.00_c100",1.5,0.25,100,0.2,2.80526483336757,"gain_loss_trans",NA,NA,"model10","nt"
"tl2.50_gl0.25_pr5.00_c100",2.5,0.25,100,0.1,3.9247562388914,"gain_loss_trans",NA,NA,"model10","nt"
"tl5.00_gl0.25_pr5.00_c100",5,0.25,100,0.1,8.22407951711012,"gain_loss_trans",NA,NA,"model10","nt"
"tl1.00_gl0.50_pr5.00_c100",1,0.5,100,0.6,3.20241782254807,"gain_loss_trans",NA,NA,"model10","nt"
"tl1.50_gl0.50_pr5.00_c100",1.5,0.5,100,0.3,0.747331718016588,"gain_loss_trans",NA,NA,"model10","nt"
"tl2.50_gl0.50_pr5.00_c100",2.5,0.5,100,0.1,7.21989595413543,"gain_loss_trans",NA,NA,"model10","nt"
"tl5.00_gl0.50_pr5.00_c100",5,0.5,100,0,8.31267250140987,"gain_loss_trans",NA,NA,"model10","nt"
"tl1.00_gl1.00_pr5.00_c100",1,1,100,0.6,2.48081629198138,"gain_loss_trans",NA,NA,"model10","nt"
"tl1.50_gl1.00_pr5.00_c100",1.5,1,100,0,4.92587610509764,"gain_loss_trans",NA,NA,"model10","nt"
"tl2.50_gl1.00_pr5.00_c100",2.5,1,100,0.1,5.96706190082484,"gain_loss_trans",NA,NA,"model10","nt"
"tl5.00_gl1.00_pr5.00_c100",5,1,100,0,13.7425671998443,"gain_loss_trans",NA,NA,"model10","nt"
"tl1.00_gl0.10_pr1.00_c200",1,0.1,200,0.6,4.95846060973338,"gain_loss_trans",NA,NA,"model10","nt"
"tl1.50_gl0.10_pr1.00_c200",1.5,0.1,200,0.5,5.67182923513458,"gain_loss_trans",NA,NA,"model10","nt"
"tl2.50_gl0.10_pr1.00_c200",2.5,0.1,200,0.6,6.78801046977859,"gain_loss_trans",NA,NA,"model10","nt"
"tl5.00_gl0.10_pr1.00_c200",5,0.1,200,0.7,5.06758363859174,"gain_loss_trans",NA,NA,"model10","nt"
"tl1.00_gl0.25_pr1.00_c200",1,0.25,200,0.5,10.3275021303161,"gain_loss_trans",NA,NA,"model10","nt"
"tl1.50_gl0.25_pr1.00_c200",1.5,0.25,200,0.5,15.9582956656399,"gain_loss_trans",NA,NA,"model10","nt"
"tl2.50_gl0.25_pr1.00_c200",2.5,0.25,200,0.6,17.2405342434751,"gain_loss_trans",NA,NA,"model10","nt"
"tl5.00_gl0.25_pr1.00_c200",5,0.25,200,0.4,18.2661325132892,"gain_loss_trans",NA,NA,"model10","nt"
"tl1.00_gl0.50_pr1.00_c200",1,0.5,200,0.7,15.9741909608398,"gain_loss_trans",NA,NA,"model10","nt"
"tl1.50_gl0.50_pr1.00_c200",1.5,0.5,200,0.5,18.6142196364188,"gain_loss_trans",NA,NA,"model10","nt"
"tl2.50_gl0.50_pr1.00_c200",2.5,0.5,200,0.5,26.8311463158166,"gain_loss_trans",NA,NA,"model10","nt"
"tl5.00_gl0.50_pr1.00_c200",5,0.5,200,0.5,33.7743984932378,"gain_loss_trans",NA,NA,"model10","nt"
"tl1.00_gl1.00_pr1.00_c200",1,1,200,0.6,23.4417917238655,"gain_loss_trans",NA,NA,"model10","nt"
"tl1.50_gl1.00_pr1.00_c200",1.5,1,200,0.5,33.403540389506,"gain_loss_trans",NA,NA,"model10","nt"
"tl2.50_gl1.00_pr1.00_c200",2.5,1,200,0.5,41.2420812420057,"gain_loss_trans",NA,NA,"model10","nt"
"tl5.00_gl1.00_pr1.00_c200",5,1,200,0.3,38.5174479846864,"gain_loss_trans",NA,NA,"model10","nt"
"tl1.00_gl0.10_pr2.50_c200",1,0.1,200,0.8,1.51805228329443,"gain_loss_trans",NA,NA,"model10","nt"
"tl1.50_gl0.10_pr2.50_c200",1.5,0.1,200,0.4,1.46228544737838,"gain_loss_trans",NA,NA,"model10","nt"
"tl2.50_gl0.10_pr2.50_c200",2.5,0.1,200,0.3,2.87625994411825,"gain_loss_trans",NA,NA,"model10","nt"
"tl5.00_gl0.10_pr2.50_c200",5,0.1,200,0.2,6.35747281031608,"gain_loss_trans",NA,NA,"model10","nt"
"tl1.00_gl0.25_pr2.50_c200",1,0.25,200,0.8,7.63265121525562,"gain_loss_trans",NA,NA,"model10","nt"
"tl1.50_gl0.25_pr2.50_c200",1.5,0.25,200,0.4,7.44267381218453,"gain_loss_trans",NA,NA,"model10","nt"
"tl2.50_gl0.25_pr2.50_c200",2.5,0.25,200,0.3,10.203920808259,"gain_loss_trans",NA,NA,"model10","nt"
"tl5.00_gl0.25_pr2.50_c200",5,0.25,200,0.2,13.2185037181695,"gain_loss_trans",NA,NA,"model10","nt"
"tl1.00_gl0.50_pr2.50_c200",1,0.5,200,0.6,10.5410104727862,"gain_loss_trans",NA,NA,"model10","nt"
"tl1.50_gl0.50_pr2.50_c200",1.5,0.5,200,0.5,15.0366777338117,"gain_loss_trans",0,1.20220656455318,"model10","nt"
"tl2.50_gl0.50_pr2.50_c200",2.5,0.5,200,0.3,16.994797259091,"gain_loss_trans",NA,NA,"model10","nt"
"tl5.00_gl0.50_pr2.50_c200",5,0.5,200,0.2,20.7119725751143,"gain_loss_trans",NA,NA,"model10","nt"
"tl1.00_gl1.00_pr2.50_c200",1,1,200,0.7,10.1592995761473,"gain_loss_trans",1,0.179490745512042,"model10","nt"
"tl1.50_gl1.00_pr2.50_c200",1.5,1,200,0.2,12.3112107694279,"gain_loss_trans",NA,NA,"model10","nt"
"tl2.50_gl1.00_pr2.50_c200",2.5,1,200,0.3,18.9896507212356,"gain_loss_trans",NA,NA,"model10","nt"
"tl5.00_gl1.00_pr2.50_c200",5,1,200,0.3,47.7716746144528,"gain_loss_trans",NA,NA,"model10","nt"
"tl1.00_gl0.10_pr5.00_c200",1,0.1,200,0.2,0.828803908902492,"gain_loss_trans",0,78.4980811040195,"model10","nt"
"tl1.50_gl0.10_pr5.00_c200",1.5,0.1,200,0,1.47452606290369,"gain_loss_trans",NA,NA,"model10","nt"
"tl2.50_gl0.10_pr5.00_c200",2.5,0.1,200,0,3.45281328841008,"gain_loss_trans",NA,NA,"model10","nt"
"tl5.00_gl0.10_pr5.00_c200",5,0.1,200,0.1,8.54094363264001,"gain_loss_trans",NA,NA,"model10","nt"
"tl1.00_gl0.25_pr5.00_c200",1,0.25,200,0.2,1.45493517716641,"gain_loss_trans",0,9.9631890224964,"model10","nt"
"tl1.50_gl0.25_pr5.00_c200",1.5,0.25,200,0,4.84822502742921,"gain_loss_trans",NA,NA,"model10","nt"
"tl2.50_gl0.25_pr5.00_c200",2.5,0.25,200,0.1,5.19023646851172,"gain_loss_trans",NA,NA,"model10","nt"
"tl5.00_gl0.25_pr5.00_c200",5,0.25,200,0,16.1936961571759,"gain_loss_trans",NA,NA,"model10","nt"
"tl1.00_gl0.50_pr5.00_c200",1,0.5,200,0.3,3.46803756465125,"gain_loss_trans",0,1.07134248389748,"model10","nt"
"tl1.50_gl0.50_pr5.00_c200",1.5,0.5,200,0,7.30777750774045,"gain_loss_trans",NA,NA,"model10","nt"
"tl2.50_gl0.50_pr5.00_c200",2.5,0.5,200,0,12.7645488472235,"gain_loss_trans",NA,NA,"model10","nt"
"tl5.00_gl0.50_pr5.00_c200",5,0.5,200,0,19.018294953308,"gain_loss_trans",NA,NA,"model10","nt"
"tl1.00_gl1.00_pr5.00_c200",1,1,200,0.1,3.37113334438596,"gain_loss_trans",NA,NA,"model10","nt"
"tl1.50_gl1.00_pr5.00_c200",1.5,1,200,0.1,4.97450092537268,"gain_loss_trans",0.5,0.0388277540157618,"model10","nt"
"tl2.50_gl1.00_pr5.00_c200",2.5,1,200,0,17.4364145036566,"gain_loss_trans",NA,NA,"model10","nt"
"tl5.00_gl1.00_pr5.00_c200",5,1,200,0,18.4484250505729,"gain_loss_trans",NA,NA,"model10","nt"
"tl1.00_gl0.10_pr1.00_c25",1,0.1,25,0.8,0.158059469705514,"gain_loss_trans",NA,NA,"model11","nt"
"tl1.50_gl0.10_pr1.00_c25",1.5,0.1,25,0.7,0.25131913255982,"gain_loss_trans",NA,NA,"model11","nt"
"tl2.50_gl0.10_pr1.00_c25",2.5,0.1,25,0.7,0.377961430917877,"gain_loss_trans",NA,NA,"model11","nt"
"tl5.00_gl0.10_pr1.00_c25",5,0.1,25,0.2,3.05950257299245,"gain_loss_trans",NA,NA,"model11","nt"
"tl1.00_gl0.25_pr1.00_c25",1,0.25,25,0.6,0.639797685705816,"gain_loss_trans",NA,NA,"model11","nt"
"tl1.50_gl0.25_pr1.00_c25",1.5,0.25,25,0.7,0.266083191060945,"gain_loss_trans",NA,NA,"model11","nt"
"tl2.50_gl0.25_pr1.00_c25",2.5,0.25,25,0.5,0.641470394719284,"gain_loss_trans",NA,NA,"model11","nt"
"tl5.00_gl0.25_pr1.00_c25",5,0.25,25,0.3,1.26192367281062,"gain_loss_trans",NA,NA,"model11","nt"
"tl1.00_gl0.50_pr1.00_c25",1,0.5,25,0.8,1.03128653648266,"gain_loss_trans",NA,NA,"model11","nt"
"tl1.50_gl0.50_pr1.00_c25",1.5,0.5,25,0.6,1.10639712770498,"gain_loss_trans",NA,NA,"model11","nt"
"tl2.50_gl0.50_pr1.00_c25",2.5,0.5,25,0.4,1.21548580806754,"gain_loss_trans",NA,NA,"model11","nt"
"tl5.00_gl0.50_pr1.00_c25",5,0.5,25,0.2,1.38040453570508,"gain_loss_trans",NA,NA,"model11","nt"
"tl1.00_gl1.00_pr1.00_c25",1,1,25,0.7,0.397627238441267,"gain_loss_trans",NA,NA,"model11","nt"
"tl1.50_gl1.00_pr1.00_c25",1.5,1,25,0.6,0.716299040487749,"gain_loss_trans",NA,NA,"model11","nt"
"tl2.50_gl1.00_pr1.00_c25",2.5,1,25,0.4,1.34621241450959,"gain_loss_trans",NA,NA,"model11","nt"
"tl5.00_gl1.00_pr1.00_c25",5,1,25,0.5,0.928822809340622,"gain_loss_trans",NA,NA,"model11","nt"
"tl1.00_gl0.10_pr2.50_c25",1,0.1,25,0.9,0.190423509759918,"gain_loss_trans",NA,NA,"model11","nt"
"tl1.50_gl0.10_pr2.50_c25",1.5,0.1,25,0.9,0.35475711381224,"gain_loss_trans",NA,NA,"model11","nt"
"tl2.50_gl0.10_pr2.50_c25",2.5,0.1,25,0.6,0.413806789257168,"gain_loss_trans",NA,NA,"model11","nt"
"tl5.00_gl0.10_pr2.50_c25",5,0.1,25,0.1,2.44619664979722,"gain_loss_trans",NA,NA,"model11","nt"
"tl1.00_gl0.25_pr2.50_c25",1,0.25,25,0.7,0.309686758648389,"gain_loss_trans",NA,NA,"model11","nt"
"tl1.50_gl0.25_pr2.50_c25",1.5,0.25,25,0.9,0.422406019442382,"gain_loss_trans",NA,NA,"model11","nt"
"tl2.50_gl0.25_pr2.50_c25",2.5,0.25,25,0.6,1.20427047378128,"gain_loss_trans",NA,NA,"model11","nt"
"tl5.00_gl0.25_pr2.50_c25",5,0.25,25,0.6,0.800404306306394,"gain_loss_trans",NA,NA,"model11","nt"
"tl1.00_gl0.50_pr2.50_c25",1,0.5,25,0.8,0.793386001718523,"gain_loss_trans",NA,NA,"model11","nt"
"tl1.50_gl0.50_pr2.50_c25",1.5,0.5,25,0.7,0.499317554352573,"gain_loss_trans",NA,NA,"model11","nt"
"tl2.50_gl0.50_pr2.50_c25",2.5,0.5,25,0.6,0.568111396248613,"gain_loss_trans",NA,NA,"model11","nt"
"tl5.00_gl0.50_pr2.50_c25",5,0.5,25,0.4,1.22161435529648,"gain_loss_trans",NA,NA,"model11","nt"
"tl1.00_gl1.00_pr2.50_c25",1,1,25,0.8,0.137792199587628,"gain_loss_trans",NA,NA,"model11","nt"
"tl1.50_gl1.00_pr2.50_c25",1.5,1,25,0.8,0.557841092858093,"gain_loss_trans",NA,NA,"model11","nt"
"tl2.50_gl1.00_pr2.50_c25",2.5,1,25,0.9,0.227363239388658,"gain_loss_trans",NA,NA,"model11","nt"
"tl5.00_gl1.00_pr2.50_c25",5,1,25,0.4,1.20925964556848,"gain_loss_trans",NA,NA,"model11","nt"
"tl1.00_gl0.10_pr5.00_c25",1,0.1,25,0.8,0.231364807138504,"gain_loss_trans",NA,NA,"model11","nt"
"tl1.50_gl0.10_pr5.00_c25",1.5,0.1,25,0.7,0.943245540408989,"gain_loss_trans",NA,NA,"model11","nt"
"tl2.50_gl0.10_pr5.00_c25",2.5,0.1,25,0.9,0.172560616161605,"gain_loss_trans",NA,NA,"model11","nt"
"tl5.00_gl0.10_pr5.00_c25",5,0.1,25,0,1.70737709489653,"gain_loss_trans",NA,NA,"model11","nt"
"tl1.00_gl0.25_pr5.00_c25",1,0.25,25,0.8,0.299263769702058,"gain_loss_trans",NA,NA,"model11","nt"
"tl1.50_gl0.25_pr5.00_c25",1.5,0.25,25,0.7,0.266777897106454,"gain_loss_trans",NA,NA,"model11","nt"
"tl2.50_gl0.25_pr5.00_c25",2.5,0.25,25,0.6,0.367021220464952,"gain_loss_trans",NA,NA,"model11","nt"
"tl5.00_gl0.25_pr5.00_c25",5,0.25,25,0.4,1.60760690434017,"gain_loss_trans",NA,NA,"model11","nt"
"tl1.00_gl0.50_pr5.00_c25",1,0.5,25,0.6,0.757357951225297,"gain_loss_trans",NA,NA,"model11","nt"
"tl1.50_gl0.50_pr5.00_c25",1.5,0.5,25,0.8,0.596412490498104,"gain_loss_trans",NA,NA,"model11","nt"
"tl2.50_gl0.50_pr5.00_c25",2.5,0.5,25,0.5,0.68677541779847,"gain_loss_trans",NA,NA,"model11","nt"
"tl5.00_gl0.50_pr5.00_c25",5,0.5,25,0.4,1.9367264143263,"gain_loss_trans",NA,NA,"model11","nt"
"tl1.00_gl1.00_pr5.00_c25",1,1,25,0.7,0.716846235289605,"gain_loss_trans",NA,NA,"model11","nt"
"tl1.50_gl1.00_pr5.00_c25",1.5,1,25,0.7,0.465885649949536,"gain_loss_trans",NA,NA,"model11","nt"
"tl2.50_gl1.00_pr5.00_c25",2.5,1,25,0.6,0.729360947876773,"gain_loss_trans",NA,NA,"model11","nt"
"tl5.00_gl1.00_pr5.00_c25",5,1,25,0.4,1.71918677619818,"gain_loss_trans",NA,NA,"model11","nt"
"tl1.00_gl0.10_pr1.00_c50",1,0.1,50,0.6,0.882151446810703,"gain_loss_trans",NA,NA,"model11","nt"
"tl1.50_gl0.10_pr1.00_c50",1.5,0.1,50,0.7,0.773263748593585,"gain_loss_trans",NA,NA,"model11","nt"
"tl2.50_gl0.10_pr1.00_c50",2.5,0.1,50,0.8,0.13449237839813,"gain_loss_trans",NA,NA,"model11","nt"
"tl5.00_gl0.10_pr1.00_c50",5,0.1,50,0,2.09787798227198,"gain_loss_trans",NA,NA,"model11","nt"
"tl1.00_gl0.25_pr1.00_c50",1,0.25,50,0.6,1.0942846796495,"gain_loss_trans",NA,NA,"model11","nt"
"tl1.50_gl0.25_pr1.00_c50",1.5,0.25,50,0.5,1.41189915831757,"gain_loss_trans",NA,NA,"model11","nt"
"tl2.50_gl0.25_pr1.00_c50",2.5,0.25,50,0.6,0.641690083261207,"gain_loss_trans",NA,NA,"model11","nt"
"tl5.00_gl0.25_pr1.00_c50",5,0.25,50,0.4,0.792924917787666,"gain_loss_trans",NA,NA,"model11","nt"
"tl1.00_gl0.50_pr1.00_c50",1,0.5,50,0.5,0.814887906511636,"gain_loss_trans",NA,NA,"model11","nt"
"tl1.50_gl0.50_pr1.00_c50",1.5,0.5,50,0.5,0.745694058873496,"gain_loss_trans",NA,NA,"model11","nt"
"tl2.50_gl0.50_pr1.00_c50",2.5,0.5,50,0.4,1.28287141689761,"gain_loss_trans",NA,NA,"model11","nt"
"tl5.00_gl0.50_pr1.00_c50",5,0.5,50,0.7,0.406272702518919,"gain_loss_trans",NA,NA,"model11","nt"
"tl1.00_gl1.00_pr1.00_c50",1,1,50,0.5,0.895517727689703,"gain_loss_trans",NA,NA,"model11","nt"
"tl1.50_gl1.00_pr1.00_c50",1.5,1,50,0.5,1.49860517881541,"gain_loss_trans",NA,NA,"model11","nt"
"tl2.50_gl1.00_pr1.00_c50",2.5,1,50,0.5,0.945143178789214,"gain_loss_trans",NA,NA,"model11","nt"
"tl5.00_gl1.00_pr1.00_c50",5,1,50,0.5,0.750850300837989,"gain_loss_trans",NA,NA,"model11","nt"
"tl1.00_gl0.10_pr2.50_c50",1,0.1,50,0.7,1.01511158400805,"gain_loss_trans",NA,NA,"model11","nt"
"tl1.50_gl0.10_pr2.50_c50",1.5,0.1,50,0.4,0.584404328965344,"gain_loss_trans",NA,NA,"model11","nt"
"tl2.50_gl0.10_pr2.50_c50",2.5,0.1,50,0.7,0.55966497151627,"gain_loss_trans",NA,NA,"model11","nt"
"tl5.00_gl0.10_pr2.50_c50",5,0.1,50,0.1,1.16788783503925,"gain_loss_trans",NA,NA,"model11","nt"
"tl1.00_gl0.25_pr2.50_c50",1,0.25,50,0.3,1.01267494207621,"gain_loss_trans",NA,NA,"model11","nt"
"tl1.50_gl0.25_pr2.50_c50",1.5,0.25,50,0.4,0.882595142399066,"gain_loss_trans",NA,NA,"model11","nt"
"tl2.50_gl0.25_pr2.50_c50",2.5,0.25,50,0.5,0.477882317889602,"gain_loss_trans",NA,NA,"model11","nt"
"tl5.00_gl0.25_pr2.50_c50",5,0.25,50,0.6,0.620200084187138,"gain_loss_trans",NA,NA,"model11","nt"
"tl1.00_gl0.50_pr2.50_c50",1,0.5,50,0.5,1.26311847564462,"gain_loss_trans",NA,NA,"model11","nt"
"tl1.50_gl0.50_pr2.50_c50",1.5,0.5,50,0.4,0.983289361011081,"gain_loss_trans",NA,NA,"model11","nt"
"tl2.50_gl0.50_pr2.50_c50",2.5,0.5,50,0.4,0.951094608704075,"gain_loss_trans",NA,NA,"model11","nt"
"tl5.00_gl0.50_pr2.50_c50",5,0.5,50,0.6,0.520204581270068,"gain_loss_trans",NA,NA,"model11","nt"
"tl1.00_gl1.00_pr2.50_c50",1,1,50,0.5,0.976642262500478,"gain_loss_trans",NA,NA,"model11","nt"
"tl1.50_gl1.00_pr2.50_c50",1.5,1,50,0.3,1.280188458641,"gain_loss_trans",NA,NA,"model11","nt"
"tl2.50_gl1.00_pr2.50_c50",2.5,1,50,0.5,0.902622564473051,"gain_loss_trans",NA,NA,"model11","nt"
"tl5.00_gl1.00_pr2.50_c50",5,1,50,0.4,0.483409360605377,"gain_loss_trans",NA,NA,"model11","nt"
"tl1.00_gl0.10_pr5.00_c50",1,0.1,50,0.6,0.785090042025456,"gain_loss_trans",NA,NA,"model11","nt"
"tl1.50_gl0.10_pr5.00_c50",1.5,0.1,50,0.4,0.535799888804615,"gain_loss_trans",NA,NA,"model11","nt"
"tl2.50_gl0.10_pr5.00_c50",2.5,0.1,50,0.6,0.469648112342143,"gain_loss_trans",NA,NA,"model11","nt"
"tl5.00_gl0.10_pr5.00_c50",5,0.1,50,0.3,0.690967260555613,"gain_loss_trans",NA,NA,"model11","nt"
"tl1.00_gl0.25_pr5.00_c50",1,0.25,50,0.7,1.08534840221379,"gain_loss_trans",NA,NA,"model11","nt"
"tl1.50_gl0.25_pr5.00_c50",1.5,0.25,50,0.5,0.894006751623099,"gain_loss_trans",NA,NA,"model11","nt"
"tl2.50_gl0.25_pr5.00_c50",2.5,0.25,50,0.7,0.640728707735866,"gain_loss_trans",NA,NA,"model11","nt"
"tl5.00_gl0.25_pr5.00_c50",5,0.25,50,0.2,0.670821477245195,"gain_loss_trans",NA,NA,"model11","nt"
"tl1.00_gl0.50_pr5.00_c50",1,0.5,50,0.6,1.16757747054173,"gain_loss_trans",NA,NA,"model11","nt"
"tl1.50_gl0.50_pr5.00_c50",1.5,0.5,50,0.3,1.52563714057799,"gain_loss_trans",NA,NA,"model11","nt"
"tl2.50_gl0.50_pr5.00_c50",2.5,0.5,50,0.8,0.634320850202552,"gain_loss_trans",NA,NA,"model11","nt"
"tl5.00_gl0.50_pr5.00_c50",5,0.5,50,0.3,0.80318432323808,"gain_loss_trans",NA,NA,"model11","nt"
"tl1.00_gl1.00_pr5.00_c50",1,1,50,0.6,0.680215398311616,"gain_loss_trans",NA,NA,"model11","nt"
"tl1.50_gl1.00_pr5.00_c50",1.5,1,50,0.5,1.80374628397545,"gain_loss_trans",NA,NA,"model11","nt"
"tl2.50_gl1.00_pr5.00_c50",2.5,1,50,0.6,0.68944067419218,"gain_loss_trans",NA,NA,"model11","nt"
"tl5.00_gl1.00_pr5.00_c50",5,1,50,0.5,0.728309781993116,"gain_loss_trans",NA,NA,"model11","nt"
"tl1.00_gl0.10_pr1.00_c100",1,0.1,100,0.2,0.582286040332461,"gain_loss_trans",NA,NA,"model11","nt"
"tl1.50_gl0.10_pr1.00_c100",1.5,0.1,100,0.6,0.701927486260412,"gain_loss_trans",NA,NA,"model11","nt"
"tl2.50_gl0.10_pr1.00_c100",2.5,0.1,100,0.4,0.571642596041013,"gain_loss_trans",NA,NA,"model11","nt"
"tl5.00_gl0.10_pr1.00_c100",5,0.1,100,0.2,1.17533230040919,"gain_loss_trans",NA,NA,"model11","nt"
"tl1.00_gl0.25_pr1.00_c100",1,0.25,100,0.4,1.26685738517197,"gain_loss_trans",NA,NA,"model11","nt"
"tl1.50_gl0.25_pr1.00_c100",1.5,0.25,100,0.4,0.920713496633076,"gain_loss_trans",NA,NA,"model11","nt"
"tl2.50_gl0.25_pr1.00_c100",2.5,0.25,100,0.3,1.21795657767072,"gain_loss_trans",NA,NA,"model11","nt"
"tl5.00_gl0.25_pr1.00_c100",5,0.25,100,0.2,0.713500399782169,"gain_loss_trans",NA,NA,"model11","nt"
"tl1.00_gl0.50_pr1.00_c100",1,0.5,100,0.5,1.28223482216331,"gain_loss_trans",NA,NA,"model11","nt"
"tl1.50_gl0.50_pr1.00_c100",1.5,0.5,100,0.5,1.61511046374526,"gain_loss_trans",NA,NA,"model11","nt"
"tl2.50_gl0.50_pr1.00_c100",2.5,0.5,100,0.5,1.58379666554606,"gain_loss_trans",NA,NA,"model11","nt"
"tl5.00_gl0.50_pr1.00_c100",5,0.5,100,0.3,0.947844543013456,"gain_loss_trans",NA,NA,"model11","nt"
"tl1.00_gl1.00_pr1.00_c100",1,1,100,0.5,1.97443981155597,"gain_loss_trans",NA,NA,"model11","nt"
"tl1.50_gl1.00_pr1.00_c100",1.5,1,100,0.5,1.22097673275146,"gain_loss_trans",NA,NA,"model11","nt"
"tl2.50_gl1.00_pr1.00_c100",2.5,1,100,0.2,1.614445862365,"gain_loss_trans",NA,NA,"model11","nt"
"tl5.00_gl1.00_pr1.00_c100",5,1,100,0.3,0.764652453860223,"gain_loss_trans",NA,NA,"model11","nt"
"tl1.00_gl0.10_pr2.50_c100",1,0.1,100,0.3,0.715819951476872,"gain_loss_trans",NA,NA,"model11","nt"
"tl1.50_gl0.10_pr2.50_c100",1.5,0.1,100,0.3,1.24244494506764,"gain_loss_trans",NA,NA,"model11","nt"
"tl2.50_gl0.10_pr2.50_c100",2.5,0.1,100,0.4,0.918216319783604,"gain_loss_trans",NA,NA,"model11","nt"
"tl5.00_gl0.10_pr2.50_c100",5,0.1,100,0.5,0.415129665601913,"gain_loss_trans",NA,NA,"model11","nt"
"tl1.00_gl0.25_pr2.50_c100",1,0.25,100,0.5,1.44149249306662,"gain_loss_trans",NA,NA,"model11","nt"
"tl1.50_gl0.25_pr2.50_c100",1.5,0.25,100,0.4,1.01399411651322,"gain_loss_trans",NA,NA,"model11","nt"
"tl2.50_gl0.25_pr2.50_c100",2.5,0.25,100,0.5,1.36239092113647,"gain_loss_trans",NA,NA,"model11","nt"
"tl5.00_gl0.25_pr2.50_c100",5,0.25,100,0.4,0.46384449625911,"gain_loss_trans",NA,NA,"model11","nt"
"tl1.00_gl0.50_pr2.50_c100",1,0.5,100,0.5,0.934613681672061,"gain_loss_trans",NA,NA,"model11","nt"
"tl1.50_gl0.50_pr2.50_c100",1.5,0.5,100,0.5,1.42345068823097,"gain_loss_trans",NA,NA,"model11","nt"
"tl2.50_gl0.50_pr2.50_c100",2.5,0.5,100,0.4,1.07800254965773,"gain_loss_trans",NA,NA,"model11","nt"
"tl5.00_gl0.50_pr2.50_c100",5,0.5,100,0.3,0.368618422798754,"gain_loss_trans",NA,NA,"model11","nt"
"tl1.00_gl1.00_pr2.50_c100",1,1,100,0.4,0.904963322249963,"gain_loss_trans",NA,NA,"model11","nt"
"tl1.50_gl1.00_pr2.50_c100",1.5,1,100,0.5,1.03043476840051,"gain_loss_trans",NA,NA,"model11","nt"
"tl2.50_gl1.00_pr2.50_c100",2.5,1,100,0.5,2.08934234826078,"gain_loss_trans",NA,NA,"model11","nt"
"tl5.00_gl1.00_pr2.50_c100",5,1,100,0.5,0.533572131879156,"gain_loss_trans",NA,NA,"model11","nt"
"tl1.00_gl0.10_pr5.00_c100",1,0.1,100,0.3,1.07465578019343,"gain_loss_trans",NA,NA,"model11","nt"
"tl1.50_gl0.10_pr5.00_c100",1.5,0.1,100,0.3,0.668575661973424,"gain_loss_trans",NA,NA,"model11","nt"
"tl2.50_gl0.10_pr5.00_c100",2.5,0.1,100,0.3,0.609866648712038,"gain_loss_trans",NA,NA,"model11","nt"
"tl5.00_gl0.10_pr5.00_c100",5,0.1,100,0.5,0.36016419654447,"gain_loss_trans",NA,NA,"model11","nt"
"tl1.00_gl0.25_pr5.00_c100",1,0.25,100,0.5,1.08873168500601,"gain_loss_trans",NA,NA,"model11","nt"
"tl1.50_gl0.25_pr5.00_c100",1.5,0.25,100,0.4,0.771624492824633,"gain_loss_trans",NA,NA,"model11","nt"
"tl2.50_gl0.25_pr5.00_c100",2.5,0.25,100,0.5,1.01202805234815,"gain_loss_trans",NA,NA,"model11","nt"
"tl5.00_gl0.25_pr5.00_c100",5,0.25,100,0.6,0.29303782770321,"gain_loss_trans",NA,NA,"model11","nt"
"tl1.00_gl0.50_pr5.00_c100",1,0.5,100,0.3,1.5143341648856,"gain_loss_trans",NA,NA,"model11","nt"
"tl1.50_gl0.50_pr5.00_c100",1.5,0.5,100,0.4,1.10381318499769,"gain_loss_trans",NA,NA,"model11","nt"
"tl2.50_gl0.50_pr5.00_c100",2.5,0.5,100,0.4,0.994983520627335,"gain_loss_trans",NA,NA,"model11","nt"
"tl5.00_gl0.50_pr5.00_c100",5,0.5,100,0.4,0.694367821856428,"gain_loss_trans",NA,NA,"model11","nt"
"tl1.00_gl1.00_pr5.00_c100",1,1,100,0.3,1.30237312935652,"gain_loss_trans",NA,NA,"model11","nt"
"tl1.50_gl1.00_pr5.00_c100",1.5,1,100,0.4,1.77903842598534,"gain_loss_trans",NA,NA,"model11","nt"
"tl2.50_gl1.00_pr5.00_c100",2.5,1,100,0.4,1.55671234278345,"gain_loss_trans",NA,NA,"model11","nt"
"tl5.00_gl1.00_pr5.00_c100",5,1,100,0.4,0.624326833819921,"gain_loss_trans",NA,NA,"model11","nt"
"tl1.00_gl0.10_pr1.00_c200",1,0.1,200,0.1,0.947138774428222,"gain_loss_trans",NA,NA,"model11","nt"
"tl1.50_gl0.10_pr1.00_c200",1.5,0.1,200,0.2,1.05878501324707,"gain_loss_trans",NA,NA,"model11","nt"
"tl2.50_gl0.10_pr1.00_c200",2.5,0.1,200,0.5,0.789551711051402,"gain_loss_trans",NA,NA,"model11","nt"
"tl5.00_gl0.10_pr1.00_c200",5,0.1,200,0.2,0.847032875413944,"gain_loss_trans",NA,NA,"model11","nt"
"tl1.00_gl0.25_pr1.00_c200",1,0.25,200,0.3,1.02668784530344,"gain_loss_trans",NA,NA,"model11","nt"
"tl1.50_gl0.25_pr1.00_c200",1.5,0.25,200,0.5,1.14679151656526,"gain_loss_trans",NA,NA,"model11","nt"
"tl2.50_gl0.25_pr1.00_c200",2.5,0.25,200,0.5,1.07263291151957,"gain_loss_trans",NA,NA,"model11","nt"
"tl5.00_gl0.25_pr1.00_c200",5,0.25,200,0.2,0.417640185464663,"gain_loss_trans",NA,NA,"model11","nt"
"tl1.00_gl0.50_pr1.00_c200",1,0.5,200,0.4,1.63408393830736,"gain_loss_trans",NA,NA,"model11","nt"
"tl1.50_gl0.50_pr1.00_c200",1.5,0.5,200,0.5,1.52124896805165,"gain_loss_trans",NA,NA,"model11","nt"
"tl2.50_gl0.50_pr1.00_c200",2.5,0.5,200,0.3,1.93120551918902,"gain_loss_trans",NA,NA,"model11","nt"
"tl5.00_gl0.50_pr1.00_c200",5,0.5,200,0.2,0.646360922073847,"gain_loss_trans",NA,NA,"model11","nt"
"tl1.00_gl1.00_pr1.00_c200",1,1,200,0.4,1.79310663300886,"gain_loss_trans",NA,NA,"model11","nt"
"tl1.50_gl1.00_pr1.00_c200",1.5,1,200,0.5,1.73853806540513,"gain_loss_trans",NA,NA,"model11","nt"
"tl2.50_gl1.00_pr1.00_c200",2.5,1,200,0.2,1.8976548548087,"gain_loss_trans",NA,NA,"model11","nt"
"tl5.00_gl1.00_pr1.00_c200",5,1,200,0.4,0.763392392069281,"gain_loss_trans",NA,NA,"model11","nt"
"tl1.00_gl0.10_pr2.50_c200",1,0.1,200,0,1.0769245565663,"gain_loss_trans",NA,NA,"model11","nt"
"tl1.50_gl0.10_pr2.50_c200",1.5,0.1,200,0.2,1.00396712542552,"gain_loss_trans",NA,NA,"model11","nt"
"tl2.50_gl0.10_pr2.50_c200",2.5,0.1,200,0.3,0.74902862463058,"gain_loss_trans",NA,NA,"model11","nt"
"tl5.00_gl0.10_pr2.50_c200",5,0.1,200,0.3,0.295294056092497,"gain_loss_trans",NA,NA,"model11","nt"
"tl1.00_gl0.25_pr2.50_c200",1,0.25,200,0.4,1.1946860665879,"gain_loss_trans",NA,NA,"model11","nt"
"tl1.50_gl0.25_pr2.50_c200",1.5,0.25,200,0.5,1.24401883797897,"gain_loss_trans",NA,NA,"model11","nt"
"tl2.50_gl0.25_pr2.50_c200",2.5,0.25,200,0.4,1.18401897182011,"gain_loss_trans",NA,NA,"model11","nt"
"tl5.00_gl0.25_pr2.50_c200",5,0.25,200,0.4,0.43668246348735,"gain_loss_trans",NA,NA,"model11","nt"
"tl1.00_gl0.50_pr2.50_c200",1,0.5,200,0.4,1.3289434056861,"gain_loss_trans",NA,NA,"model11","nt"
"tl1.50_gl0.50_pr2.50_c200",1.5,0.5,200,0.3,1.53125216087999,"gain_loss_trans",NA,NA,"model11","nt"
"tl2.50_gl0.50_pr2.50_c200",2.5,0.5,200,0.5,1.3837364355594,"gain_loss_trans",NA,NA,"model11","nt"
"tl5.00_gl0.50_pr2.50_c200",5,0.5,200,0.4,0.608011289657484,"gain_loss_trans",NA,NA,"model11","nt"
"tl1.00_gl1.00_pr2.50_c200",1,1,200,0.6,1.36567630314241,"gain_loss_trans",NA,NA,"model11","nt"
"tl1.50_gl1.00_pr2.50_c200",1.5,1,200,0.3,1.34282945769928,"gain_loss_trans",NA,NA,"model11","nt"
"tl2.50_gl1.00_pr2.50_c200",2.5,1,200,0.5,1.82974040585683,"gain_loss_trans",NA,NA,"model11","nt"
"tl5.00_gl1.00_pr2.50_c200",5,1,200,0.3,1.16528380216702,"gain_loss_trans",NA,NA,"model11","nt"
"tl1.00_gl0.10_pr5.00_c200",1,0.1,200,0.1,1.11410003328402,"gain_loss_trans",NA,NA,"model11","nt"
"tl1.50_gl0.10_pr5.00_c200",1.5,0.1,200,0.1,1.47244432569395,"gain_loss_trans",NA,NA,"model11","nt"
"tl2.50_gl0.10_pr5.00_c200",2.5,0.1,200,0.4,0.715043475519863,"gain_loss_trans",NA,NA,"model11","nt"
"tl5.00_gl0.10_pr5.00_c200",5,0.1,200,0.6,0.165477760903139,"gain_loss_trans",NA,NA,"model11","nt"
"tl1.00_gl0.25_pr5.00_c200",1,0.25,200,0.3,0.928858939478432,"gain_loss_trans",NA,NA,"model11","nt"
"tl1.50_gl0.25_pr5.00_c200",1.5,0.25,200,0.3,1.36255484287094,"gain_loss_trans",NA,NA,"model11","nt"
"tl2.50_gl0.25_pr5.00_c200",2.5,0.25,200,0.4,0.863406169711048,"gain_loss_trans",NA,NA,"model11","nt"
"tl5.00_gl0.25_pr5.00_c200",5,0.25,200,0.3,0.318306486296868,"gain_loss_trans",NA,NA,"model11","nt"
"tl1.00_gl0.50_pr5.00_c200",1,0.5,200,0.4,0.957236216844142,"gain_loss_trans",NA,NA,"model11","nt"
"tl1.50_gl0.50_pr5.00_c200",1.5,0.5,200,0.4,1.69602432838186,"gain_loss_trans",NA,NA,"model11","nt"
"tl2.50_gl0.50_pr5.00_c200",2.5,0.5,200,0.5,1.50278237221879,"gain_loss_trans",NA,NA,"model11","nt"
"tl5.00_gl0.50_pr5.00_c200",5,0.5,200,0.2,0.431516965468882,"gain_loss_trans",NA,NA,"model11","nt"
"tl1.00_gl1.00_pr5.00_c200",1,1,200,0.4,1.050975515363,"gain_loss_trans",NA,NA,"model11","nt"
"tl1.50_gl1.00_pr5.00_c200",1.5,1,200,0.5,1.4019315361182,"gain_loss_trans",NA,NA,"model11","nt"
"tl2.50_gl1.00_pr5.00_c200",2.5,1,200,0.4,1.31920836356852,"gain_loss_trans",NA,NA,"model11","nt"
"tl5.00_gl1.00_pr5.00_c200",5,1,200,0.4,0.470564893080197,"gain_loss_trans",NA,NA,"model11","nt"
"tl1.00_gl0.10_pr1.00_c25",1,0.1,25,0.1,0.281010453791121,"gain_loss_trans",NA,NA,"model12","nt"
"tl1.50_gl0.10_pr1.00_c25",1.5,0.1,25,0,0.84270020152879,"gain_loss_trans",NA,NA,"model12","nt"
"tl2.50_gl0.10_pr1.00_c25",2.5,0.1,25,0,2.57195808571597,"gain_loss_trans",NA,NA,"model12","nt"
"tl5.00_gl0.10_pr1.00_c25",5,0.1,25,0,12.6459019031859,"gain_loss_trans",NA,NA,"model12","nt"
"tl1.00_gl0.25_pr1.00_c25",1,0.25,25,0.2,0.298797595283847,"gain_loss_trans",NA,NA,"model12","nt"
"tl1.50_gl0.25_pr1.00_c25",1.5,0.25,25,0.1,0.818923774852992,"gain_loss_trans",NA,NA,"model12","nt"
"tl2.50_gl0.25_pr1.00_c25",2.5,0.25,25,0.1,2.17403691916987,"gain_loss_trans",NA,NA,"model12","nt"
"tl5.00_gl0.25_pr1.00_c25",5,0.25,25,0,10.4410248374932,"gain_loss_trans",NA,NA,"model12","nt"
"tl1.00_gl0.50_pr1.00_c25",1,0.5,25,0.1,0.361680709027967,"gain_loss_trans",NA,NA,"model12","nt"
"tl1.50_gl0.50_pr1.00_c25",1.5,0.5,25,0.2,0.684569877115096,"gain_loss_trans",NA,NA,"model12","nt"
"tl2.50_gl0.50_pr1.00_c25",2.5,0.5,25,0.1,1.99622535817635,"gain_loss_trans",NA,NA,"model12","nt"
"tl5.00_gl0.50_pr1.00_c25",5,0.5,25,0,9.84952091112099,"gain_loss_trans",NA,NA,"model12","nt"
"tl1.00_gl1.00_pr1.00_c25",1,1,25,0.2,0.293103582786482,"gain_loss_trans",NA,NA,"model12","nt"
"tl1.50_gl1.00_pr1.00_c25",1.5,1,25,0.2,0.635768811870581,"gain_loss_trans",NA,NA,"model12","nt"
"tl2.50_gl1.00_pr1.00_c25",2.5,1,25,0.2,2.0416044511494,"gain_loss_trans",NA,NA,"model12","nt"
"tl5.00_gl1.00_pr1.00_c25",5,1,25,0,9.33947784415849,"gain_loss_trans",NA,NA,"model12","nt"
"tl1.00_gl0.10_pr2.50_c25",1,0.1,25,0.1,0.296818969740749,"gain_loss_trans",NA,NA,"model12","nt"
"tl1.50_gl0.10_pr2.50_c25",1.5,0.1,25,0.1,0.727051962878,"gain_loss_trans",NA,NA,"model12","nt"
"tl2.50_gl0.10_pr2.50_c25",2.5,0.1,25,0,2.46408878454513,"gain_loss_trans",NA,NA,"model12","nt"
"tl5.00_gl0.10_pr2.50_c25",5,0.1,25,0,11.9466602992649,"gain_loss_trans",NA,NA,"model12","nt"
"tl1.00_gl0.25_pr2.50_c25",1,0.25,25,0.2,0.294451596521576,"gain_loss_trans",NA,NA,"model12","nt"
"tl1.50_gl0.25_pr2.50_c25",1.5,0.25,25,0.1,0.710656665780556,"gain_loss_trans",NA,NA,"model12","nt"
"tl2.50_gl0.25_pr2.50_c25",2.5,0.25,25,0.2,2.20568808896751,"gain_loss_trans",NA,NA,"model12","nt"
"tl5.00_gl0.25_pr2.50_c25",5,0.25,25,0,9.16256444427508,"gain_loss_trans",NA,NA,"model12","nt"
"tl1.00_gl0.50_pr2.50_c25",1,0.5,25,0.1,0.314648245617808,"gain_loss_trans",NA,NA,"model12","nt"
"tl1.50_gl0.50_pr2.50_c25",1.5,0.5,25,0.2,0.673702802732761,"gain_loss_trans",NA,NA,"model12","nt"
"tl2.50_gl0.50_pr2.50_c25",2.5,0.5,25,0,2.24437930775828,"gain_loss_trans",NA,NA,"model12","nt"
"tl5.00_gl0.50_pr2.50_c25",5,0.5,25,0,10.1639726555935,"gain_loss_trans",NA,NA,"model12","nt"
"tl1.00_gl1.00_pr2.50_c25",1,1,25,0.1,0.355898192265874,"gain_loss_trans",NA,NA,"model12","nt"
"tl1.50_gl1.00_pr2.50_c25",1.5,1,25,0.1,0.724141708712222,"gain_loss_trans",NA,NA,"model12","nt"
"tl2.50_gl1.00_pr2.50_c25",2.5,1,25,0,2.52163563215264,"gain_loss_trans",NA,NA,"model12","nt"
"tl5.00_gl1.00_pr2.50_c25",5,1,25,0,10.0049017089702,"gain_loss_trans",NA,NA,"model12","nt"
"tl1.00_gl0.10_pr5.00_c25",1,0.1,25,0.2,0.273688347624115,"gain_loss_trans",NA,NA,"model12","nt"
"tl1.50_gl0.10_pr5.00_c25",1.5,0.1,25,0.1,0.711955396623907,"gain_loss_trans",NA,NA,"model12","nt"
"tl2.50_gl0.10_pr5.00_c25",2.5,0.1,25,0,2.13547393720569,"gain_loss_trans",NA,NA,"model12","nt"
"tl5.00_gl0.10_pr5.00_c25",5,0.1,25,0,11.370763835618,"gain_loss_trans",NA,NA,"model12","nt"
"tl1.00_gl0.25_pr5.00_c25",1,0.25,25,0.2,0.32907541682017,"gain_loss_trans",NA,NA,"model12","nt"
"tl1.50_gl0.25_pr5.00_c25",1.5,0.25,25,0.1,0.740996079045432,"gain_loss_trans",NA,NA,"model12","nt"
"tl2.50_gl0.25_pr5.00_c25",2.5,0.25,25,0,2.30961898458415,"gain_loss_trans",NA,NA,"model12","nt"
"tl5.00_gl0.25_pr5.00_c25",5,0.25,25,0,10.7371198140635,"gain_loss_trans",NA,NA,"model12","nt"
"tl1.00_gl0.50_pr5.00_c25",1,0.5,25,0.2,0.2723494115694,"gain_loss_trans",NA,NA,"model12","nt"
"tl1.50_gl0.50_pr5.00_c25",1.5,0.5,25,0.2,0.795059009300597,"gain_loss_trans",NA,NA,"model12","nt"
"tl2.50_gl0.50_pr5.00_c25",2.5,0.5,25,0.1,2.22679809878633,"gain_loss_trans",NA,NA,"model12","nt"
"tl5.00_gl0.50_pr5.00_c25",5,0.5,25,0,11.3125119009662,"gain_loss_trans",NA,NA,"model12","nt"
"tl1.00_gl1.00_pr5.00_c25",1,1,25,0.3,0.229099136276902,"gain_loss_trans",NA,NA,"model12","nt"
"tl1.50_gl1.00_pr5.00_c25",1.5,1,25,0.1,0.76104181021542,"gain_loss_trans",NA,NA,"model12","nt"
"tl2.50_gl1.00_pr5.00_c25",2.5,1,25,0.1,2.35084219079568,"gain_loss_trans",NA,NA,"model12","nt"
"tl5.00_gl1.00_pr5.00_c25",5,1,25,0,10.8838776131778,"gain_loss_trans",NA,NA,"model12","nt"
"tl1.00_gl0.10_pr1.00_c50",1,0.1,50,0.1,0.337232126473418,"gain_loss_trans",NA,NA,"model12","nt"
"tl1.50_gl0.10_pr1.00_c50",1.5,0.1,50,0,0.86550156524699,"gain_loss_trans",NA,NA,"model12","nt"
"tl2.50_gl0.10_pr1.00_c50",2.5,0.1,50,0,3.14010957659528,"gain_loss_trans",NA,NA,"model12","nt"
"tl5.00_gl0.10_pr1.00_c50",5,0.1,50,0,15.4413312707139,"gain_loss_trans",NA,NA,"model12","nt"
"tl1.00_gl0.25_pr1.00_c50",1,0.25,50,0.1,0.349554841943992,"gain_loss_trans",NA,NA,"model12","nt"
"tl1.50_gl0.25_pr1.00_c50",1.5,0.25,50,0.1,0.774920491634596,"gain_loss_trans",NA,NA,"model12","nt"
"tl2.50_gl0.25_pr1.00_c50",2.5,0.25,50,0,2.86794823324716,"gain_loss_trans",NA,NA,"model12","nt"
"tl5.00_gl0.25_pr1.00_c50",5,0.25,50,0,13.9599234931441,"gain_loss_trans",NA,NA,"model12","nt"
"tl1.00_gl0.50_pr1.00_c50",1,0.5,50,0.1,0.379406881327977,"gain_loss_trans",NA,NA,"model12","nt"
"tl1.50_gl0.50_pr1.00_c50",1.5,0.5,50,0,0.857762388001921,"gain_loss_trans",NA,NA,"model12","nt"
"tl2.50_gl0.50_pr1.00_c50",2.5,0.5,50,0,2.77824342226363,"gain_loss_trans",NA,NA,"model12","nt"
"tl5.00_gl0.50_pr1.00_c50",5,0.5,50,0,13.3010534797316,"gain_loss_trans",NA,NA,"model12","nt"
"tl1.00_gl1.00_pr1.00_c50",1,1,50,0.2,0.339328938132199,"gain_loss_trans",NA,NA,"model12","nt"
"tl1.50_gl1.00_pr1.00_c50",1.5,1,50,0.1,0.831491524069681,"gain_loss_trans",NA,NA,"model12","nt"
"tl2.50_gl1.00_pr1.00_c50",2.5,1,50,0,2.8324892774446,"gain_loss_trans",NA,NA,"model12","nt"
"tl5.00_gl1.00_pr1.00_c50",5,1,50,0,12.6847945322059,"gain_loss_trans",NA,NA,"model12","nt"
"tl1.00_gl0.10_pr2.50_c50",1,0.1,50,0.2,0.338917640942236,"gain_loss_trans",NA,NA,"model12","nt"
"tl1.50_gl0.10_pr2.50_c50",1.5,0.1,50,0,0.858638052010073,"gain_loss_trans",NA,NA,"model12","nt"
"tl2.50_gl0.10_pr2.50_c50",2.5,0.1,50,0,2.82256607809714,"gain_loss_trans",NA,NA,"model12","nt"
"tl5.00_gl0.10_pr2.50_c50",5,0.1,50,0,14.6173144259709,"gain_loss_trans",NA,NA,"model12","nt"
"tl1.00_gl0.25_pr2.50_c50",1,0.25,50,0.1,0.280139758240307,"gain_loss_trans",NA,NA,"model12","nt"
"tl1.50_gl0.25_pr2.50_c50",1.5,0.25,50,0,0.815605283165238,"gain_loss_trans",NA,NA,"model12","nt"
"tl2.50_gl0.25_pr2.50_c50",2.5,0.25,50,0,2.85186490658665,"gain_loss_trans",NA,NA,"model12","nt"
"tl5.00_gl0.25_pr2.50_c50",5,0.25,50,0,13.5336708312574,"gain_loss_trans",NA,NA,"model12","nt"
"tl1.00_gl0.50_pr2.50_c50",1,0.5,50,0.2,0.355079542516235,"gain_loss_trans",NA,NA,"model12","nt"
"tl1.50_gl0.50_pr2.50_c50",1.5,0.5,50,0,0.854580034386967,"gain_loss_trans",NA,NA,"model12","nt"
"tl2.50_gl0.50_pr2.50_c50",2.5,0.5,50,0,2.81302261688495,"gain_loss_trans",NA,NA,"model12","nt"
"tl5.00_gl0.50_pr2.50_c50",5,0.5,50,0,13.1862773582626,"gain_loss_trans",NA,NA,"model12","nt"
"tl1.00_gl1.00_pr2.50_c50",1,1,50,0.1,0.349762962384596,"gain_loss_trans",NA,NA,"model12","nt"
"tl1.50_gl1.00_pr2.50_c50",1.5,1,50,0.1,0.845571738674367,"gain_loss_trans",NA,NA,"model12","nt"
"tl2.50_gl1.00_pr2.50_c50",2.5,1,50,0,2.81574764278397,"gain_loss_trans",NA,NA,"model12","nt"
"tl5.00_gl1.00_pr2.50_c50",5,1,50,0,12.8920686925351,"gain_loss_trans",NA,NA,"model12","nt"
"tl1.00_gl0.10_pr5.00_c50",1,0.1,50,0.1,0.325324263574654,"gain_loss_trans",NA,NA,"model12","nt"
"tl1.50_gl0.10_pr5.00_c50",1.5,0.1,50,0,0.864830776749712,"gain_loss_trans",NA,NA,"model12","nt"
"tl2.50_gl0.10_pr5.00_c50",2.5,0.1,50,0,2.85987023897778,"gain_loss_trans",NA,NA,"model12","nt"
"tl5.00_gl0.10_pr5.00_c50",5,0.1,50,0,13.6835380582513,"gain_loss_trans",NA,NA,"model12","nt"
"tl1.00_gl0.25_pr5.00_c50",1,0.25,50,0.2,0.368944820363244,"gain_loss_trans",NA,NA,"model12","nt"
"tl1.50_gl0.25_pr5.00_c50",1.5,0.25,50,0,0.812494324568153,"gain_loss_trans",NA,NA,"model12","nt"
"tl2.50_gl0.25_pr5.00_c50",2.5,0.25,50,0,2.86821520825997,"gain_loss_trans",NA,NA,"model12","nt"
"tl5.00_gl0.25_pr5.00_c50",5,0.25,50,0,13.6870042319543,"gain_loss_trans",NA,NA,"model12","nt"
"tl1.00_gl0.50_pr5.00_c50",1,0.5,50,0.1,0.398739154780539,"gain_loss_trans",NA,NA,"model12","nt"
"tl1.50_gl0.50_pr5.00_c50",1.5,0.5,50,0.1,0.804252692800769,"gain_loss_trans",NA,NA,"model12","nt"
"tl2.50_gl0.50_pr5.00_c50",2.5,0.5,50,0,2.8779450353876,"gain_loss_trans",NA,NA,"model12","nt"
"tl5.00_gl0.50_pr5.00_c50",5,0.5,50,0,13.7564859394822,"gain_loss_trans",NA,NA,"model12","nt"
"tl1.00_gl1.00_pr5.00_c50",1,1,50,0.1,0.412155835395645,"gain_loss_trans",NA,NA,"model12","nt"
"tl1.50_gl1.00_pr5.00_c50",1.5,1,50,0.1,0.795268412000092,"gain_loss_trans",NA,NA,"model12","nt"
"tl2.50_gl1.00_pr5.00_c50",2.5,1,50,0,2.76191002706162,"gain_loss_trans",NA,NA,"model12","nt"
"tl5.00_gl1.00_pr5.00_c50",5,1,50,0,13.8641887893395,"gain_loss_trans",NA,NA,"model12","nt"
"tl1.00_gl0.10_pr1.00_c100",1,0.1,100,0,0.371214202417896,"gain_loss_trans",NA,NA,"model12","nt"
"tl1.50_gl0.10_pr1.00_c100",1.5,0.1,100,0,1.02058802537052,"gain_loss_trans",NA,NA,"model12","nt"
"tl2.50_gl0.10_pr1.00_c100",2.5,0.1,100,0,3.19567208034296,"gain_loss_trans",NA,NA,"model12","nt"
"tl5.00_gl0.10_pr1.00_c100",5,0.1,100,0,15.4757762797586,"gain_loss_trans",NA,NA,"model12","nt"
"tl1.00_gl0.25_pr1.00_c100",1,0.25,100,0.1,0.355366377557531,"gain_loss_trans",NA,NA,"model12","nt"
"tl1.50_gl0.25_pr1.00_c100",1.5,0.25,100,0,0.91098503682175,"gain_loss_trans",NA,NA,"model12","nt"
"tl2.50_gl0.25_pr1.00_c100",2.5,0.25,100,0,3.01143923656501,"gain_loss_trans",NA,NA,"model12","nt"
"tl5.00_gl0.25_pr1.00_c100",5,0.25,100,0,14.2083051811609,"gain_loss_trans",NA,NA,"model12","nt"
"tl1.00_gl0.50_pr1.00_c100",1,0.5,100,0.1,0.393240958581106,"gain_loss_trans",NA,NA,"model12","nt"
"tl1.50_gl0.50_pr1.00_c100",1.5,0.5,100,0,0.926289115424415,"gain_loss_trans",NA,NA,"model12","nt"
"tl2.50_gl0.50_pr1.00_c100",2.5,0.5,100,0,2.84828493041295,"gain_loss_trans",NA,NA,"model12","nt"
"tl5.00_gl0.50_pr1.00_c100",5,0.5,100,0,13.400114641281,"gain_loss_trans",NA,NA,"model12","nt"
"tl1.00_gl1.00_pr1.00_c100",1,1,100,0,0.42567058374155,"gain_loss_trans",NA,NA,"model12","nt"
"tl1.50_gl1.00_pr1.00_c100",1.5,1,100,0,0.945337191967628,"gain_loss_trans",NA,NA,"model12","nt"
"tl2.50_gl1.00_pr1.00_c100",2.5,1,100,0,2.91386116082835,"gain_loss_trans",NA,NA,"model12","nt"
"tl5.00_gl1.00_pr1.00_c100",5,1,100,0,13.2847378423098,"gain_loss_trans",NA,NA,"model12","nt"
"tl1.00_gl0.10_pr2.50_c100",1,0.1,100,0,0.367479682442618,"gain_loss_trans",NA,NA,"model12","nt"
"tl1.50_gl0.10_pr2.50_c100",1.5,0.1,100,0,0.853826747792767,"gain_loss_trans",NA,NA,"model12","nt"
"tl2.50_gl0.10_pr2.50_c100",2.5,0.1,100,0,2.87164262411857,"gain_loss_trans",NA,NA,"model12","nt"
"tl5.00_gl0.10_pr2.50_c100",5,0.1,100,0,14.5073268588633,"gain_loss_trans",NA,NA,"model12","nt"
"tl1.00_gl0.25_pr2.50_c100",1,0.25,100,0.1,0.355543945097153,"gain_loss_trans",NA,NA,"model12","nt"
"tl1.50_gl0.25_pr2.50_c100",1.5,0.25,100,0,0.904826247864706,"gain_loss_trans",NA,NA,"model12","nt"
"tl2.50_gl0.25_pr2.50_c100",2.5,0.25,100,0,2.8200354719387,"gain_loss_trans",NA,NA,"model12","nt"
"tl5.00_gl0.25_pr2.50_c100",5,0.25,100,0,14.0265608885727,"gain_loss_trans",NA,NA,"model12","nt"
"tl1.00_gl0.50_pr2.50_c100",1,0.5,100,0,0.384963988944732,"gain_loss_trans",NA,NA,"model12","nt"
"tl1.50_gl0.50_pr2.50_c100",1.5,0.5,100,0,0.951971778471512,"gain_loss_trans",NA,NA,"model12","nt"
"tl2.50_gl0.50_pr2.50_c100",2.5,0.5,100,0,3.01783460003729,"gain_loss_trans",NA,NA,"model12","nt"
"tl5.00_gl0.50_pr2.50_c100",5,0.5,100,0,14.2517832079532,"gain_loss_trans",NA,NA,"model12","nt"
"tl1.00_gl1.00_pr2.50_c100",1,1,100,0,0.389656810191417,"gain_loss_trans",NA,NA,"model12","nt"
"tl1.50_gl1.00_pr2.50_c100",1.5,1,100,0,1.01139887786728,"gain_loss_trans",NA,NA,"model12","nt"
"tl2.50_gl1.00_pr2.50_c100",2.5,1,100,0,2.77524087409451,"gain_loss_trans",NA,NA,"model12","nt"
"tl5.00_gl1.00_pr2.50_c100",5,1,100,0,13.5440338963557,"gain_loss_trans",NA,NA,"model12","nt"
"tl1.00_gl0.10_pr5.00_c100",1,0.1,100,0.1,0.347266509465999,"gain_loss_trans",NA,NA,"model12","nt"
"tl1.50_gl0.10_pr5.00_c100",1.5,0.1,100,0,0.932576099672402,"gain_loss_trans",NA,NA,"model12","nt"
"tl2.50_gl0.10_pr5.00_c100",2.5,0.1,100,0,2.96629142693343,"gain_loss_trans",NA,NA,"model12","nt"
"tl5.00_gl0.10_pr5.00_c100",5,0.1,100,0,14.3632703966784,"gain_loss_trans",NA,NA,"model12","nt"
"tl1.00_gl0.25_pr5.00_c100",1,0.25,100,0.1,0.407781699924688,"gain_loss_trans",NA,NA,"model12","nt"
"tl1.50_gl0.25_pr5.00_c100",1.5,0.25,100,0,0.940269755179335,"gain_loss_trans",NA,NA,"model12","nt"
"tl2.50_gl0.25_pr5.00_c100",2.5,0.25,100,0,2.94582839182164,"gain_loss_trans",NA,NA,"model12","nt"
"tl5.00_gl0.25_pr5.00_c100",5,0.25,100,0,14.1607351990059,"gain_loss_trans",NA,NA,"model12","nt"
"tl1.00_gl0.50_pr5.00_c100",1,0.5,100,0,0.398349080012522,"gain_loss_trans",NA,NA,"model12","nt"
"tl1.50_gl0.50_pr5.00_c100",1.5,0.5,100,0,0.938727261437611,"gain_loss_trans",NA,NA,"model12","nt"
"tl2.50_gl0.50_pr5.00_c100",2.5,0.5,100,0,3.04031448454083,"gain_loss_trans",NA,NA,"model12","nt"
"tl5.00_gl0.50_pr5.00_c100",5,0.5,100,0,13.8900550942112,"gain_loss_trans",NA,NA,"model12","nt"
"tl1.00_gl1.00_pr5.00_c100",1,1,100,0.1,0.386754505567298,"gain_loss_trans",NA,NA,"model12","nt"
"tl1.50_gl1.00_pr5.00_c100",1.5,1,100,0.1,0.925715134105421,"gain_loss_trans",NA,NA,"model12","nt"
"tl2.50_gl1.00_pr5.00_c100",2.5,1,100,0,2.90916527502774,"gain_loss_trans",NA,NA,"model12","nt"
"tl5.00_gl1.00_pr5.00_c100",5,1,100,0,14.0898801074044,"gain_loss_trans",NA,NA,"model12","nt"
"tl1.00_gl0.10_pr1.00_c200",1,0.1,200,0,0.371511922934632,"gain_loss_trans",NA,NA,"model12","nt"
"tl1.50_gl0.10_pr1.00_c200",1.5,0.1,200,0,0.950667515913224,"gain_loss_trans",NA,NA,"model12","nt"
"tl2.50_gl0.10_pr1.00_c200",2.5,0.1,200,0,3.13827580973839,"gain_loss_trans",NA,NA,"model12","nt"
"tl5.00_gl0.10_pr1.00_c200",5,0.1,200,0,15.5088515353636,"gain_loss_trans",NA,NA,"model12","nt"
"tl1.00_gl0.25_pr1.00_c200",1,0.25,200,0,0.383215705121379,"gain_loss_trans",NA,NA,"model12","nt"
"tl1.50_gl0.25_pr1.00_c200",1.5,0.25,200,0,0.969163152030337,"gain_loss_trans",NA,NA,"model12","nt"
"tl2.50_gl0.25_pr1.00_c200",2.5,0.25,200,0,3.01665754252729,"gain_loss_trans",NA,NA,"model12","nt"
"tl5.00_gl0.25_pr1.00_c200",5,0.25,200,0,14.4827624324397,"gain_loss_trans",NA,NA,"model12","nt"
"tl1.00_gl0.50_pr1.00_c200",1,0.5,200,0,0.396985998720757,"gain_loss_trans",NA,NA,"model12","nt"
"tl1.50_gl0.50_pr1.00_c200",1.5,0.5,200,0,0.969848895558634,"gain_loss_trans",NA,NA,"model12","nt"
"tl2.50_gl0.50_pr1.00_c200",2.5,0.5,200,0,2.95890559956078,"gain_loss_trans",NA,NA,"model12","nt"
"tl5.00_gl0.50_pr1.00_c200",5,0.5,200,0,13.6101867955626,"gain_loss_trans",NA,NA,"model12","nt"
"tl1.00_gl1.00_pr1.00_c200",1,1,200,0,0.411362898585561,"gain_loss_trans",NA,NA,"model12","nt"
"tl1.50_gl1.00_pr1.00_c200",1.5,1,200,0,0.975586386586517,"gain_loss_trans",NA,NA,"model12","nt"
"tl2.50_gl1.00_pr1.00_c200",2.5,1,200,0,2.91897551166776,"gain_loss_trans",NA,NA,"model12","nt"
"tl5.00_gl1.00_pr1.00_c200",5,1,200,0,13.4879024458817,"gain_loss_trans",NA,NA,"model12","nt"
"tl1.00_gl0.10_pr2.50_c200",1,0.1,200,0,0.344402703912152,"gain_loss_trans",NA,NA,"model12","nt"
"tl1.50_gl0.10_pr2.50_c200",1.5,0.1,200,0,0.94365384391089,"gain_loss_trans",NA,NA,"model12","nt"
"tl2.50_gl0.10_pr2.50_c200",2.5,0.1,200,0,3.03286640308701,"gain_loss_trans",NA,NA,"model12","nt"
"tl5.00_gl0.10_pr2.50_c200",5,0.1,200,0,14.4619265376582,"gain_loss_trans",NA,NA,"model12","nt"
"tl1.00_gl0.25_pr2.50_c200",1,0.25,200,0.1,0.400871806991382,"gain_loss_trans",NA,NA,"model12","nt"
"tl1.50_gl0.25_pr2.50_c200",1.5,0.25,200,0,0.958373075508944,"gain_loss_trans",NA,NA,"model12","nt"
"tl2.50_gl0.25_pr2.50_c200",2.5,0.25,200,0,2.94615436695349,"gain_loss_trans",NA,NA,"model12","nt"
"tl5.00_gl0.25_pr2.50_c200",5,0.25,200,0,14.0476452613346,"gain_loss_trans",NA,NA,"model12","nt"
"tl1.00_gl0.50_pr2.50_c200",1,0.5,200,0.1,0.41153412344887,"gain_loss_trans",NA,NA,"model12","nt"
"tl1.50_gl0.50_pr2.50_c200",1.5,0.5,200,0,0.935092879211413,"gain_loss_trans",NA,NA,"model12","nt"
"tl2.50_gl0.50_pr2.50_c200",2.5,0.5,200,0,2.97690374327459,"gain_loss_trans",NA,NA,"model12","nt"
"tl5.00_gl0.50_pr2.50_c200",5,0.5,200,0,13.8407949495542,"gain_loss_trans",NA,NA,"model12","nt"
"tl1.00_gl1.00_pr2.50_c200",1,1,200,0.1,0.413077322356383,"gain_loss_trans",NA,NA,"model12","nt"
"tl1.50_gl1.00_pr2.50_c200",1.5,1,200,0,0.979929935463793,"gain_loss_trans",NA,NA,"model12","nt"
"tl2.50_gl1.00_pr2.50_c200",2.5,1,200,0,2.90949834172517,"gain_loss_trans",NA,NA,"model12","nt"
"tl5.00_gl1.00_pr2.50_c200",5,1,200,0,13.5077237858891,"gain_loss_trans",NA,NA,"model12","nt"
"tl1.00_gl0.10_pr5.00_c200",1,0.1,200,0,0.35691349119359,"gain_loss_trans",NA,NA,"model12","nt"
"tl1.50_gl0.10_pr5.00_c200",1.5,0.1,200,0,0.876269991619764,"gain_loss_trans",NA,NA,"model12","nt"
"tl2.50_gl0.10_pr5.00_c200",2.5,0.1,200,0,2.99502884363218,"gain_loss_trans",NA,NA,"model12","nt"
"tl5.00_gl0.10_pr5.00_c200",5,0.1,200,0,14.324353951772,"gain_loss_trans",NA,NA,"model12","nt"
"tl1.00_gl0.25_pr5.00_c200",1,0.25,200,0,0.393394604966128,"gain_loss_trans",NA,NA,"model12","nt"
"tl1.50_gl0.25_pr5.00_c200",1.5,0.25,200,0,0.936351286935307,"gain_loss_trans",NA,NA,"model12","nt"
"tl2.50_gl0.25_pr5.00_c200",2.5,0.25,200,0,3.0114770170867,"gain_loss_trans",NA,NA,"model12","nt"
"tl5.00_gl0.25_pr5.00_c200",5,0.25,200,0,13.9910183870429,"gain_loss_trans",NA,NA,"model12","nt"
"tl1.00_gl0.50_pr5.00_c200",1,0.5,200,0,0.402758189324657,"gain_loss_trans",NA,NA,"model12","nt"
"tl1.50_gl0.50_pr5.00_c200",1.5,0.5,200,0,0.965999014183933,"gain_loss_trans",NA,NA,"model12","nt"
"tl2.50_gl0.50_pr5.00_c200",2.5,0.5,200,0,3.00666124802543,"gain_loss_trans",NA,NA,"model12","nt"
"tl5.00_gl0.50_pr5.00_c200",5,0.5,200,0,13.99709745096,"gain_loss_trans",NA,NA,"model12","nt"
"tl1.00_gl1.00_pr5.00_c200",1,1,200,0,0.416259912313588,"gain_loss_trans",NA,NA,"model12","nt"
"tl1.50_gl1.00_pr5.00_c200",1.5,1,200,0,0.966995708471131,"gain_loss_trans",NA,NA,"model12","nt"
"tl2.50_gl1.00_pr5.00_c200",2.5,1,200,0,2.99492931348658,"gain_loss_trans",NA,NA,"model12","nt"
"tl5.00_gl1.00_pr5.00_c200",5,1,200,0,13.8225311453929,"gain_loss_trans",NA,NA,"model12","nt"
"tl1.00_gl0.10_pr1.00_c25",1,0.1,25,0.7,0.392174986540592,"gain_loss_ratio",NA,NA,"model2","nt"
"tl1.50_gl0.10_pr1.00_c25",1.5,0.1,25,0.8,1.19679775600507,"gain_loss_ratio",NA,NA,"model2","nt"
"tl2.50_gl0.10_pr1.00_c25",2.5,0.1,25,0.6,0.833987041709135,"gain_loss_ratio",NA,NA,"model2","nt"
"tl5.00_gl0.10_pr1.00_c25",5,0.1,25,0.7,1.48876584225332,"gain_loss_ratio",NA,NA,"model2","nt"
"tl1.00_gl0.25_pr1.00_c25",1,0.25,25,0.6,2.4276822691628,"gain_loss_ratio",NA,NA,"model2","nt"
"tl1.50_gl0.25_pr1.00_c25",1.5,0.25,25,0.7,0.839131206351464,"gain_loss_ratio",NA,NA,"model2","nt"
"tl2.50_gl0.25_pr1.00_c25",2.5,0.25,25,0.5,2.49619893687549,"gain_loss_ratio",NA,NA,"model2","nt"
"tl5.00_gl0.25_pr1.00_c25",5,0.25,25,0.8,1.10866970889892,"gain_loss_ratio",NA,NA,"model2","nt"
"tl1.00_gl0.50_pr1.00_c25",1,0.5,25,0.8,4.75366335140041,"gain_loss_ratio",NA,NA,"model2","nt"
"tl1.50_gl0.50_pr1.00_c25",1.5,0.5,25,0.6,6.36755841722312,"gain_loss_ratio",NA,NA,"model2","nt"
"tl2.50_gl0.50_pr1.00_c25",2.5,0.5,25,0.6,5.86715498516012,"gain_loss_ratio",NA,NA,"model2","nt"
"tl5.00_gl0.50_pr1.00_c25",5,0.5,25,0.8,2.78980641447236,"gain_loss_ratio",NA,NA,"model2","nt"
"tl1.00_gl1.00_pr1.00_c25",1,1,25,0.6,1.57575154199004,"gain_loss_ratio",NA,NA,"model2","nt"
"tl1.50_gl1.00_pr1.00_c25",1.5,1,25,0.7,3.09613340789904,"gain_loss_ratio",NA,NA,"model2","nt"
"tl2.50_gl1.00_pr1.00_c25",2.5,1,25,0.6,9.44171833336799,"gain_loss_ratio",NA,NA,"model2","nt"
"tl5.00_gl1.00_pr1.00_c25",5,1,25,0.8,5.39956807785738,"gain_loss_ratio",NA,NA,"model2","nt"
"tl1.00_gl0.10_pr2.50_c25",1,0.1,25,0.9,1.09155090608802,"gain_loss_ratio",NA,NA,"model2","nt"
"tl1.50_gl0.10_pr2.50_c25",1.5,0.1,25,0.9,2.3795179041075,"gain_loss_ratio",NA,NA,"model2","nt"
"tl2.50_gl0.10_pr2.50_c25",2.5,0.1,25,0.7,2.02734711451903,"gain_loss_ratio",NA,NA,"model2","nt"
"tl5.00_gl0.10_pr2.50_c25",5,0.1,25,0.9,1.73730151877029,"gain_loss_ratio",NA,NA,"model2","nt"
"tl1.00_gl0.25_pr2.50_c25",1,0.25,25,0.7,1.19867310681138,"gain_loss_ratio",NA,NA,"model2","nt"
"tl1.50_gl0.25_pr2.50_c25",1.5,0.25,25,0.7,2.29903435575244,"gain_loss_ratio",NA,NA,"model2","nt"
"tl2.50_gl0.25_pr2.50_c25",2.5,0.25,25,0.7,7.29236447781205,"gain_loss_ratio",NA,NA,"model2","nt"
"tl5.00_gl0.25_pr2.50_c25",5,0.25,25,0.8,2.90855740559433,"gain_loss_ratio",NA,NA,"model2","nt"
"tl1.00_gl0.50_pr2.50_c25",1,0.5,25,0.8,3.20747777582321,"gain_loss_ratio",NA,NA,"model2","nt"
"tl1.50_gl0.50_pr2.50_c25",1.5,0.5,25,0.7,2.73895341702573,"gain_loss_ratio",NA,NA,"model2","nt"
"tl2.50_gl0.50_pr2.50_c25",2.5,0.5,25,0.5,3.95792855937976,"gain_loss_ratio",NA,NA,"model2","nt"
"tl5.00_gl0.50_pr2.50_c25",5,0.5,25,0.8,3.58467577719774,"gain_loss_ratio",NA,NA,"model2","nt"
"tl1.00_gl1.00_pr2.50_c25",1,1,25,0.8,0.297416031803008,"gain_loss_ratio",NA,NA,"model2","nt"
"tl1.50_gl1.00_pr2.50_c25",1.5,1,25,0.7,4.44064352014463,"gain_loss_ratio",NA,NA,"model2","nt"
"tl2.50_gl1.00_pr2.50_c25",2.5,1,25,0.7,1.74921906298747,"gain_loss_ratio",NA,NA,"model2","nt"
"tl5.00_gl1.00_pr2.50_c25",5,1,25,0.7,6.11096482550267,"gain_loss_ratio",NA,NA,"model2","nt"
"tl1.00_gl0.10_pr5.00_c25",1,0.1,25,0.8,1.66610701486879,"gain_loss_ratio",NA,NA,"model2","nt"
"tl1.50_gl0.10_pr5.00_c25",1.5,0.1,25,0.7,6.36036732489986,"gain_loss_ratio",NA,NA,"model2","nt"
"tl2.50_gl0.10_pr5.00_c25",2.5,0.1,25,0.6,4.0006069959472,"gain_loss_ratio",NA,NA,"model2","nt"
"tl5.00_gl0.10_pr5.00_c25",5,0.1,25,0.9,2.12111379754496,"gain_loss_ratio",NA,NA,"model2","nt"
"tl1.00_gl0.25_pr5.00_c25",1,0.25,25,0.7,1.65762713477444,"gain_loss_ratio",NA,NA,"model2","nt"
"tl1.50_gl0.25_pr5.00_c25",1.5,0.25,25,0.7,1.50221281884459,"gain_loss_ratio",NA,NA,"model2","nt"
"tl2.50_gl0.25_pr5.00_c25",2.5,0.25,25,0.7,3.08982684883346,"gain_loss_ratio",NA,NA,"model2","nt"
"tl5.00_gl0.25_pr5.00_c25",5,0.25,25,0.6,1.98110755959347,"gain_loss_ratio",NA,NA,"model2","nt"
"tl1.00_gl0.50_pr5.00_c25",1,0.5,25,0.6,3.93368576476337,"gain_loss_ratio",NA,NA,"model2","nt"
"tl1.50_gl0.50_pr5.00_c25",1.5,0.5,25,0.8,4.41227593734544,"gain_loss_ratio",NA,NA,"model2","nt"
"tl2.50_gl0.50_pr5.00_c25",2.5,0.5,25,0.7,6.44774878304621,"gain_loss_ratio",NA,NA,"model2","nt"
"tl5.00_gl0.50_pr5.00_c25",5,0.5,25,0.8,2.72739314259012,"gain_loss_ratio",NA,NA,"model2","nt"
"tl1.00_gl1.00_pr5.00_c25",1,1,25,0.5,2.20074988520748,"gain_loss_ratio",NA,NA,"model2","nt"
"tl1.50_gl1.00_pr5.00_c25",1.5,1,25,0.8,4.08746649022002,"gain_loss_ratio",NA,NA,"model2","nt"
"tl2.50_gl1.00_pr5.00_c25",2.5,1,25,0.7,5.60698463022347,"gain_loss_ratio",NA,NA,"model2","nt"
"tl5.00_gl1.00_pr5.00_c25",5,1,25,0.5,7.10431910327853,"gain_loss_ratio",NA,NA,"model2","nt"
"tl1.00_gl0.10_pr1.00_c50",1,0.1,50,0.6,3.13052664859825,"gain_loss_ratio",NA,NA,"model2","nt"
"tl1.50_gl0.10_pr1.00_c50",1.5,0.1,50,0.6,6.92727727750783,"gain_loss_ratio",NA,NA,"model2","nt"
"tl2.50_gl0.10_pr1.00_c50",2.5,0.1,50,0.7,2.43718828235206,"gain_loss_ratio",NA,NA,"model2","nt"
"tl5.00_gl0.10_pr1.00_c50",5,0.1,50,0.6,2.78786218470098,"gain_loss_ratio",NA,NA,"model2","nt"
"tl1.00_gl0.25_pr1.00_c50",1,0.25,50,0.7,9.57760247378833,"gain_loss_ratio",NA,NA,"model2","nt"
"tl1.50_gl0.25_pr1.00_c50",1.5,0.25,50,0.5,7.27723562639907,"gain_loss_ratio",NA,NA,"model2","nt"
"tl2.50_gl0.25_pr1.00_c50",2.5,0.25,50,0.4,6.45596364855218,"gain_loss_ratio",NA,NA,"model2","nt"
"tl5.00_gl0.25_pr1.00_c50",5,0.25,50,0.5,3.46994786325466,"gain_loss_ratio",NA,NA,"model2","nt"
"tl1.00_gl0.50_pr1.00_c50",1,0.5,50,0.6,3.68292758962582,"gain_loss_ratio",NA,NA,"model2","nt"
"tl1.50_gl0.50_pr1.00_c50",1.5,0.5,50,0.5,6.2370755554183,"gain_loss_ratio",NA,NA,"model2","nt"
"tl2.50_gl0.50_pr1.00_c50",2.5,0.5,50,0.5,9.38403259297313,"gain_loss_ratio",NA,NA,"model2","nt"
"tl5.00_gl0.50_pr1.00_c50",5,0.5,50,0.5,5.62493191444962,"gain_loss_ratio",NA,NA,"model2","nt"
"tl1.00_gl1.00_pr1.00_c50",1,1,50,0.5,5.85752805585382,"gain_loss_ratio",NA,NA,"model2","nt"
"tl1.50_gl1.00_pr1.00_c50",1.5,1,50,0.6,11.5626461266048,"gain_loss_ratio",NA,NA,"model2","nt"
"tl2.50_gl1.00_pr1.00_c50",2.5,1,50,0.5,12.3793323919585,"gain_loss_ratio",NA,NA,"model2","nt"
"tl5.00_gl1.00_pr1.00_c50",5,1,50,0.6,17.7790979273257,"gain_loss_ratio",NA,NA,"model2","nt"
"tl1.00_gl0.10_pr2.50_c50",1,0.1,50,0.8,6.76889088678148,"gain_loss_ratio",NA,NA,"model2","nt"
"tl1.50_gl0.10_pr2.50_c50",1.5,0.1,50,0.6,4.81380378751117,"gain_loss_ratio",NA,NA,"model2","nt"
"tl2.50_gl0.10_pr2.50_c50",2.5,0.1,50,0.5,9.03567609019782,"gain_loss_ratio",NA,NA,"model2","nt"
"tl5.00_gl0.10_pr2.50_c50",5,0.1,50,0.8,4.20022448789611,"gain_loss_ratio",NA,NA,"model2","nt"
"tl1.00_gl0.25_pr2.50_c50",1,0.25,50,0.3,5.70379009810802,"gain_loss_ratio",NA,NA,"model2","nt"
"tl1.50_gl0.25_pr2.50_c50",1.5,0.25,50,0.4,5.84030795139218,"gain_loss_ratio",NA,NA,"model2","nt"
"tl2.50_gl0.25_pr2.50_c50",2.5,0.25,50,0.5,6.84604742986058,"gain_loss_ratio",NA,NA,"model2","nt"
"tl5.00_gl0.25_pr2.50_c50",5,0.25,50,0.6,5.69110087627544,"gain_loss_ratio",NA,NA,"model2","nt"
"tl1.00_gl0.50_pr2.50_c50",1,0.5,50,0.5,7.19760231972478,"gain_loss_ratio",NA,NA,"model2","nt"
"tl1.50_gl0.50_pr2.50_c50",1.5,0.5,50,0.4,8.17993705830568,"gain_loss_ratio",NA,NA,"model2","nt"
"tl2.50_gl0.50_pr2.50_c50",2.5,0.5,50,0.5,10.8201509554789,"gain_loss_ratio",NA,NA,"model2","nt"
"tl5.00_gl0.50_pr2.50_c50",5,0.5,50,0.5,9.45390390687865,"gain_loss_ratio",NA,NA,"model2","nt"
"tl1.00_gl1.00_pr2.50_c50",1,1,50,0.6,6.52261158281957,"gain_loss_ratio",NA,NA,"model2","nt"
"tl1.50_gl1.00_pr2.50_c50",1.5,1,50,0.4,12.3996738947678,"gain_loss_ratio",NA,NA,"model2","nt"
"tl2.50_gl1.00_pr2.50_c50",2.5,1,50,0.6,12.552529651388,"gain_loss_ratio",NA,NA,"model2","nt"
"tl5.00_gl1.00_pr2.50_c50",5,1,50,0.4,11.876962319101,"gain_loss_ratio",NA,NA,"model2","nt"
"tl1.00_gl0.10_pr5.00_c50",1,0.1,50,0.6,5.68458292926291,"gain_loss_ratio",NA,NA,"model2","nt"
"tl1.50_gl0.10_pr5.00_c50",1.5,0.1,50,0.4,3.22913845881515,"gain_loss_ratio",NA,NA,"model2","nt"
"tl2.50_gl0.10_pr5.00_c50",2.5,0.1,50,0.6,11.2227593194793,"gain_loss_ratio",NA,NA,"model2","nt"
"tl5.00_gl0.10_pr5.00_c50",5,0.1,50,0.6,12.3197653409061,"gain_loss_ratio",NA,NA,"model2","nt"
"tl1.00_gl0.25_pr5.00_c50",1,0.25,50,0.7,5.12395069633705,"gain_loss_ratio",NA,NA,"model2","nt"
"tl1.50_gl0.25_pr5.00_c50",1.5,0.25,50,0.5,11.9449123382716,"gain_loss_ratio",NA,NA,"model2","nt"
"tl2.50_gl0.25_pr5.00_c50",2.5,0.25,50,0.5,7.5340934463838,"gain_loss_ratio",NA,NA,"model2","nt"
"tl5.00_gl0.25_pr5.00_c50",5,0.25,50,0.5,9.8608084708759,"gain_loss_ratio",NA,NA,"model2","nt"
"tl1.00_gl0.50_pr5.00_c50",1,0.5,50,0.7,9.26873600730401,"gain_loss_ratio",NA,NA,"model2","nt"
"tl1.50_gl0.50_pr5.00_c50",1.5,0.5,50,0.4,14.5919330286368,"gain_loss_ratio",NA,NA,"model2","nt"
"tl2.50_gl0.50_pr5.00_c50",2.5,0.5,50,0.6,9.7488524264659,"gain_loss_ratio",NA,NA,"model2","nt"
"tl5.00_gl0.50_pr5.00_c50",5,0.5,50,0.7,12.4937775828607,"gain_loss_ratio",NA,NA,"model2","nt"
"tl1.00_gl1.00_pr5.00_c50",1,1,50,0.7,4.52531742838057,"gain_loss_ratio",NA,NA,"model2","nt"
"tl1.50_gl1.00_pr5.00_c50",1.5,1,50,0.6,16.0722636146701,"gain_loss_ratio",NA,NA,"model2","nt"
"tl2.50_gl1.00_pr5.00_c50",2.5,1,50,0.4,12.457252100056,"gain_loss_ratio",NA,NA,"model2","nt"
"tl5.00_gl1.00_pr5.00_c50",5,1,50,0.4,11.4463016855409,"gain_loss_ratio",NA,NA,"model2","nt"
"tl1.00_gl0.10_pr1.00_c100",1,0.1,100,0.4,3.214477684113,"gain_loss_ratio",NA,NA,"model2","nt"
"tl1.50_gl0.10_pr1.00_c100",1.5,0.1,100,0.6,8.88642101759604,"gain_loss_ratio",NA,NA,"model2","nt"
"tl2.50_gl0.10_pr1.00_c100",2.5,0.1,100,0.4,10.2520893974912,"gain_loss_ratio",NA,NA,"model2","nt"
"tl5.00_gl0.10_pr1.00_c100",5,0.1,100,0.5,13.3463123017343,"gain_loss_ratio",NA,NA,"model2","nt"
"tl1.00_gl0.25_pr1.00_c100",1,0.25,100,0.5,10.2267295422864,"gain_loss_ratio",NA,NA,"model2","nt"
"tl1.50_gl0.25_pr1.00_c100",1.5,0.25,100,0.4,4.7176342645144,"gain_loss_ratio",NA,NA,"model2","nt"
"tl2.50_gl0.25_pr1.00_c100",2.5,0.25,100,0.5,14.5440493216887,"gain_loss_ratio",NA,NA,"model2","nt"
"tl5.00_gl0.25_pr1.00_c100",5,0.25,100,0.6,11.9839720958594,"gain_loss_ratio",NA,NA,"model2","nt"
"tl1.00_gl0.50_pr1.00_c100",1,0.5,100,0.5,13.1161510313542,"gain_loss_ratio",NA,NA,"model2","nt"
"tl1.50_gl0.50_pr1.00_c100",1.5,0.5,100,0.5,15.5066318344429,"gain_loss_ratio",NA,NA,"model2","nt"
"tl2.50_gl0.50_pr1.00_c100",2.5,0.5,100,0.5,18.0335634640737,"gain_loss_ratio",NA,NA,"model2","nt"
"tl5.00_gl0.50_pr1.00_c100",5,0.5,100,0.4,25.8773934587908,"gain_loss_ratio",NA,NA,"model2","nt"
"tl1.00_gl1.00_pr1.00_c100",1,1,100,0.6,22.99245941942,"gain_loss_ratio",NA,NA,"model2","nt"
"tl1.50_gl1.00_pr1.00_c100",1.5,1,100,0.5,12.4917205172066,"gain_loss_ratio",NA,NA,"model2","nt"
"tl2.50_gl1.00_pr1.00_c100",2.5,1,100,0.3,21.3109464124197,"gain_loss_ratio",NA,NA,"model2","nt"
"tl5.00_gl1.00_pr1.00_c100",5,1,100,0.4,30.4394436353718,"gain_loss_ratio",NA,NA,"model2","nt"
"tl1.00_gl0.10_pr2.50_c100",1,0.1,100,0.4,10.6002202489968,"gain_loss_ratio",NA,NA,"model2","nt"
"tl1.50_gl0.10_pr2.50_c100",1.5,0.1,100,0.4,9.70931130315191,"gain_loss_ratio",NA,NA,"model2","nt"
"tl2.50_gl0.10_pr2.50_c100",2.5,0.1,100,0.4,22.3330095712558,"gain_loss_ratio",NA,NA,"model2","nt"
"tl5.00_gl0.10_pr2.50_c100",5,0.1,100,0.5,16.7102385743885,"gain_loss_ratio",NA,NA,"model2","nt"
"tl1.00_gl0.25_pr2.50_c100",1,0.25,100,0.5,13.9335226364455,"gain_loss_ratio",NA,NA,"model2","nt"
"tl1.50_gl0.25_pr2.50_c100",1.5,0.25,100,0.4,7.87140557666682,"gain_loss_ratio",NA,NA,"model2","nt"
"tl2.50_gl0.25_pr2.50_c100",2.5,0.25,100,0.4,22.2481388825402,"gain_loss_ratio",NA,NA,"model2","nt"
"tl5.00_gl0.25_pr2.50_c100",5,0.25,100,0.5,17.9208030520934,"gain_loss_ratio",NA,NA,"model2","nt"
"tl1.00_gl0.50_pr2.50_c100",1,0.5,100,0.5,10.7187678766017,"gain_loss_ratio",NA,NA,"model2","nt"
"tl1.50_gl0.50_pr2.50_c100",1.5,0.5,100,0.5,23.0764874106787,"gain_loss_ratio",NA,NA,"model2","nt"
"tl2.50_gl0.50_pr2.50_c100",2.5,0.5,100,0.5,19.9894174474429,"gain_loss_ratio",NA,NA,"model2","nt"
"tl5.00_gl0.50_pr2.50_c100",5,0.5,100,0.5,15.1529083095956,"gain_loss_ratio",NA,NA,"model2","nt"
"tl1.00_gl1.00_pr2.50_c100",1,1,100,0.5,11.0019371581515,"gain_loss_ratio",NA,NA,"model2","nt"
"tl1.50_gl1.00_pr2.50_c100",1.5,1,100,0.5,19.8351813928836,"gain_loss_ratio",NA,NA,"model2","nt"
"tl2.50_gl1.00_pr2.50_c100",2.5,1,100,0.4,34.7727719477232,"gain_loss_ratio",NA,NA,"model2","nt"
"tl5.00_gl1.00_pr2.50_c100",5,1,100,0.4,30.9065898605571,"gain_loss_ratio",NA,NA,"model2","nt"
"tl1.00_gl0.10_pr5.00_c100",1,0.1,100,0.3,17.1787444723612,"gain_loss_ratio",NA,NA,"model2","nt"
"tl1.50_gl0.10_pr5.00_c100",1.5,0.1,100,0.4,8.8192463272524,"gain_loss_ratio",NA,NA,"model2","nt"
"tl2.50_gl0.10_pr5.00_c100",2.5,0.1,100,0.3,12.8259829640754,"gain_loss_ratio",NA,NA,"model2","nt"
"tl5.00_gl0.10_pr5.00_c100",5,0.1,100,0.2,16.9878650679114,"gain_loss_ratio",NA,NA,"model2","nt"
"tl1.00_gl0.25_pr5.00_c100",1,0.25,100,0.5,10.6091389012065,"gain_loss_ratio",NA,NA,"model2","nt"
"tl1.50_gl0.25_pr5.00_c100",1.5,0.25,100,0.4,10.2640715837655,"gain_loss_ratio",NA,NA,"model2","nt"
"tl2.50_gl0.25_pr5.00_c100",2.5,0.25,100,0.4,25.9209271154444,"gain_loss_ratio",NA,NA,"model2","nt"
"tl5.00_gl0.25_pr5.00_c100",5,0.25,100,0.4,23.4552684642487,"gain_loss_ratio",NA,NA,"model2","nt"
"tl1.00_gl0.50_pr5.00_c100",1,0.5,100,0.5,11.3229706981828,"gain_loss_ratio",NA,NA,"model2","nt"
"tl1.50_gl0.50_pr5.00_c100",1.5,0.5,100,0.4,11.6109695411218,"gain_loss_ratio",NA,NA,"model2","nt"
"tl2.50_gl0.50_pr5.00_c100",2.5,0.5,100,0.5,22.4834609305933,"gain_loss_ratio",NA,NA,"model2","nt"
"tl5.00_gl0.50_pr5.00_c100",5,0.5,100,0.4,31.9752457025993,"gain_loss_ratio",NA,NA,"model2","nt"
"tl1.00_gl1.00_pr5.00_c100",1,1,100,0.4,13.4824504834714,"gain_loss_ratio",NA,NA,"model2","nt"
"tl1.50_gl1.00_pr5.00_c100",1.5,1,100,0.4,18.1234377661182,"gain_loss_ratio",NA,NA,"model2","nt"
"tl2.50_gl1.00_pr5.00_c100",2.5,1,100,0.5,31.7145430695179,"gain_loss_ratio",NA,NA,"model2","nt"
"tl5.00_gl1.00_pr5.00_c100",5,1,100,0.4,37.6493563757676,"gain_loss_ratio",NA,NA,"model2","nt"
"tl1.00_gl0.10_pr1.00_c200",1,0.1,200,0.3,10.5951704253617,"gain_loss_ratio",NA,NA,"model2","nt"
"tl1.50_gl0.10_pr1.00_c200",1.5,0.1,200,0.2,19.4177791757844,"gain_loss_ratio",NA,NA,"model2","nt"
"tl2.50_gl0.10_pr1.00_c200",2.5,0.1,200,0.4,32.1251237459634,"gain_loss_ratio",NA,NA,"model2","nt"
"tl5.00_gl0.10_pr1.00_c200",5,0.1,200,0.2,22.5733235540167,"gain_loss_ratio",NA,NA,"model2","nt"
"tl1.00_gl0.25_pr1.00_c200",1,0.25,200,0.5,11.7122432471233,"gain_loss_ratio",NA,NA,"model2","nt"
"tl1.50_gl0.25_pr1.00_c200",1.5,0.25,200,0.5,9.00699396592062,"gain_loss_ratio",NA,NA,"model2","nt"
"tl2.50_gl0.25_pr1.00_c200",2.5,0.25,200,0.4,14.3441553401443,"gain_loss_ratio",NA,NA,"model2","nt"
"tl5.00_gl0.25_pr1.00_c200",5,0.25,200,0.4,17.6781218465784,"gain_loss_ratio",NA,NA,"model2","nt"
"tl1.00_gl0.50_pr1.00_c200",1,0.5,200,0.5,27.1047981367989,"gain_loss_ratio",NA,NA,"model2","nt"
"tl1.50_gl0.50_pr1.00_c200",1.5,0.5,200,0.5,23.9615620430287,"gain_loss_ratio",NA,NA,"model2","nt"
"tl2.50_gl0.50_pr1.00_c200",2.5,0.5,200,0.5,35.4696684130222,"gain_loss_ratio",NA,NA,"model2","nt"
"tl5.00_gl0.50_pr1.00_c200",5,0.5,200,0.2,34.8635403330227,"gain_loss_ratio",NA,NA,"model2","nt"
"tl1.00_gl1.00_pr1.00_c200",1,1,200,0.5,30.7368213606304,"gain_loss_ratio",NA,NA,"model2","nt"
"tl1.50_gl1.00_pr1.00_c200",1.5,1,200,0.5,45.695196919748,"gain_loss_ratio",NA,NA,"model2","nt"
"tl2.50_gl1.00_pr1.00_c200",2.5,1,200,0.4,57.956080103781,"gain_loss_ratio",NA,NA,"model2","nt"
"tl5.00_gl1.00_pr1.00_c200",5,1,200,0.2,58.7605370658887,"gain_loss_ratio",NA,NA,"model2","nt"
"tl1.00_gl0.10_pr2.50_c200",1,0.1,200,0.3,13.3428745744284,"gain_loss_ratio",NA,NA,"model2","nt"
"tl1.50_gl0.10_pr2.50_c200",1.5,0.1,200,0.3,16.6783950058546,"gain_loss_ratio",NA,NA,"model2","nt"
"tl2.50_gl0.10_pr2.50_c200",2.5,0.1,200,0.3,21.8142128998883,"gain_loss_ratio",NA,NA,"model2","nt"
"tl5.00_gl0.10_pr2.50_c200",5,0.1,200,0.3,31.3178096783382,"gain_loss_ratio",NA,NA,"model2","nt"
"tl1.00_gl0.25_pr2.50_c200",1,0.25,200,0.5,13.672002951559,"gain_loss_ratio",NA,NA,"model2","nt"
"tl1.50_gl0.25_pr2.50_c200",1.5,0.25,200,0.5,19.0631514418869,"gain_loss_ratio",NA,NA,"model2","nt"
"tl2.50_gl0.25_pr2.50_c200",2.5,0.25,200,0.4,28.6974185350855,"gain_loss_ratio",NA,NA,"model2","nt"
"tl5.00_gl0.25_pr2.50_c200",5,0.25,200,0.3,35.4681743597868,"gain_loss_ratio",NA,NA,"model2","nt"
"tl1.00_gl0.50_pr2.50_c200",1,0.5,200,0.5,21.3455008453692,"gain_loss_ratio",NA,NA,"model2","nt"
"tl1.50_gl0.50_pr2.50_c200",1.5,0.5,200,0.4,22.7648956128139,"gain_loss_ratio",NA,NA,"model2","nt"
"tl2.50_gl0.50_pr2.50_c200",2.5,0.5,200,0.5,27.2838912202403,"gain_loss_ratio",NA,NA,"model2","nt"
"tl5.00_gl0.50_pr2.50_c200",5,0.5,200,0.3,49.0525022281393,"gain_loss_ratio",NA,NA,"model2","nt"
"tl1.00_gl1.00_pr2.50_c200",1,1,200,0.6,20.3469816125174,"gain_loss_ratio",NA,NA,"model2","nt"
"tl1.50_gl1.00_pr2.50_c200",1.5,1,200,0.4,31.0922620698546,"gain_loss_ratio",NA,NA,"model2","nt"
"tl2.50_gl1.00_pr2.50_c200",2.5,1,200,0.5,42.8300630500783,"gain_loss_ratio",NA,NA,"model2","nt"
"tl5.00_gl1.00_pr2.50_c200",5,1,200,0.3,68.7376594581928,"gain_loss_ratio",NA,NA,"model2","nt"
"tl1.00_gl0.10_pr5.00_c200",1,0.1,200,0.3,31.5658958285346,"gain_loss_ratio",NA,NA,"model2","nt"
"tl1.50_gl0.10_pr5.00_c200",1.5,0.1,200,0.4,33.0055701634522,"gain_loss_ratio",NA,NA,"model2","nt"
"tl2.50_gl0.10_pr5.00_c200",2.5,0.1,200,0.4,30.7978290279137,"gain_loss_ratio",NA,NA,"model2","nt"
"tl5.00_gl0.10_pr5.00_c200",5,0.1,200,0.3,38.6099224024675,"gain_loss_ratio",NA,NA,"model2","nt"
"tl1.00_gl0.25_pr5.00_c200",1,0.25,200,0.5,14.8019654864172,"gain_loss_ratio",NA,NA,"model2","nt"
"tl1.50_gl0.25_pr5.00_c200",1.5,0.25,200,0.5,29.0927577933369,"gain_loss_ratio",NA,NA,"model2","nt"
"tl2.50_gl0.25_pr5.00_c200",2.5,0.25,200,0.3,30.5423515945731,"gain_loss_ratio",NA,NA,"model2","nt"
"tl5.00_gl0.25_pr5.00_c200",5,0.25,200,0.3,52.3292062427098,"gain_loss_ratio",NA,NA,"model2","nt"
"tl1.00_gl0.50_pr5.00_c200",1,0.5,200,0.5,15.1121342785093,"gain_loss_ratio",NA,NA,"model2","nt"
"tl1.50_gl0.50_pr5.00_c200",1.5,0.5,200,0.5,30.068890853963,"gain_loss_ratio",NA,NA,"model2","nt"
"tl2.50_gl0.50_pr5.00_c200",2.5,0.5,200,0.3,34.9110212997607,"gain_loss_ratio",NA,NA,"model2","nt"
"tl5.00_gl0.50_pr5.00_c200",5,0.5,200,0.3,50.2602174154249,"gain_loss_ratio",NA,NA,"model2","nt"
"tl1.00_gl1.00_pr5.00_c200",1,1,200,0.6,22.1507617539061,"gain_loss_ratio",NA,NA,"model2","nt"
"tl1.50_gl1.00_pr5.00_c200",1.5,1,200,0.5,26.2506662308546,"gain_loss_ratio",NA,NA,"model2","nt"
"tl2.50_gl1.00_pr5.00_c200",2.5,1,200,0.4,43.4395197941305,"gain_loss_ratio",NA,NA,"model2","nt"
"tl5.00_gl1.00_pr5.00_c200",5,1,200,0.3,51.2998779363913,"gain_loss_ratio",NA,NA,"model2","nt"
"tl1.00_gl0.10_pr1.00_c25",1,0.1,25,0.8,0.264000271985267,"gain_loss_ratio",0,56.4385847574548,"model3","nt"
"tl1.50_gl0.10_pr1.00_c25",1.5,0.1,25,0.6,0.510452395217275,"gain_loss_ratio",0,59.7447547834245,"model3","nt"
"tl2.50_gl0.10_pr1.00_c25",2.5,0.1,25,0.7,0.448394064993373,"gain_loss_ratio",0,59.2773920415346,"model3","nt"
"tl5.00_gl0.10_pr1.00_c25",5,0.1,25,0.6,1.45367784228011,"gain_loss_ratio",0,60.0934260806414,"model3","nt"
"tl1.00_gl0.25_pr1.00_c25",1,0.25,25,0.7,1.13081617896718,"gain_loss_ratio",0.4,6.48589051436641,"model3","nt"
"tl1.50_gl0.25_pr1.00_c25",1.5,0.25,25,0.6,0.465889151556588,"gain_loss_ratio",0.4,4.56568901415906,"model3","nt"
"tl2.50_gl0.25_pr1.00_c25",2.5,0.25,25,0.6,1.43731454736548,"gain_loss_ratio",0.4,4.84273932266097,"model3","nt"
"tl5.00_gl0.25_pr1.00_c25",5,0.25,25,0.9,0.526533679985396,"gain_loss_ratio",0,5.22273395062376,"model3","nt"
"tl1.00_gl0.50_pr1.00_c25",1,0.5,25,0.7,1.80886878185675,"gain_loss_ratio",0.7,0.733804403827904,"model3","nt"
"tl1.50_gl0.50_pr1.00_c25",1.5,0.5,25,0.6,2.41590462202958,"gain_loss_ratio",0.6,0.502477937780432,"model3","nt"
"tl2.50_gl0.50_pr1.00_c25",2.5,0.5,25,0.3,2.76980565104278,"gain_loss_ratio",0.6,0.568670167891012,"model3","nt"
"tl5.00_gl0.50_pr1.00_c25",5,0.5,25,0.8,1.93051938451311,"gain_loss_ratio",0.5,0.556324139747019,"model3","nt"
"tl1.00_gl1.00_pr1.00_c25",1,1,25,0.6,0.62396284589609,"gain_loss_ratio",1,0.0551198319751251,"model3","nt"
"tl1.50_gl1.00_pr1.00_c25",1.5,1,25,0.6,1.42779921718882,"gain_loss_ratio",1,0.122709136226239,"model3","nt"
"tl2.50_gl1.00_pr1.00_c25",2.5,1,25,0.5,2.99487654215888,"gain_loss_ratio",0.7,0.211370381492019,"model3","nt"
"tl5.00_gl1.00_pr1.00_c25",5,1,25,0.6,1.54114041600052,"gain_loss_ratio",0.9,0.0645754665208166,"model3","nt"
"tl1.00_gl0.10_pr2.50_c25",1,0.1,25,0.9,0.398265879351962,"gain_loss_ratio",0,64.4313623161795,"model3","nt"
"tl1.50_gl0.10_pr2.50_c25",1.5,0.1,25,0.9,0.649053834569926,"gain_loss_ratio",0,56.6468979456967,"model3","nt"
"tl2.50_gl0.10_pr2.50_c25",2.5,0.1,25,0.8,0.572077086845034,"gain_loss_ratio",0,48.8947548106213,"model3","nt"
"tl5.00_gl0.10_pr2.50_c25",5,0.1,25,0.9,0.786780509163622,"gain_loss_ratio",0,57.3084532159463,"model3","nt"
"tl1.00_gl0.25_pr2.50_c25",1,0.25,25,0.6,0.567527115439922,"gain_loss_ratio",0.2,6.01490028702819,"model3","nt"
"tl1.50_gl0.25_pr2.50_c25",1.5,0.25,25,0.7,0.97393788249888,"gain_loss_ratio",0.1,5.00763230917532,"model3","nt"
"tl2.50_gl0.25_pr2.50_c25",2.5,0.25,25,0.7,2.54261565821007,"gain_loss_ratio",0.1,3.47606037904348,"model3","nt"
"tl5.00_gl0.25_pr2.50_c25",5,0.25,25,0.8,1.59231977850694,"gain_loss_ratio",0.2,4.15746805443828,"model3","nt"
"tl1.00_gl0.50_pr2.50_c25",1,0.5,25,0.8,1.3889542371028,"gain_loss_ratio",0.6,0.773530464221302,"model3","nt"
"tl1.50_gl0.50_pr2.50_c25",1.5,0.5,25,0.7,0.858433284034043,"gain_loss_ratio",0.8,0.519755356396797,"model3","nt"
"tl2.50_gl0.50_pr2.50_c25",2.5,0.5,25,0.7,1.22480465068438,"gain_loss_ratio",0.5,0.654849912240208,"model3","nt"
"tl5.00_gl0.50_pr2.50_c25",5,0.5,25,0.9,1.08031697305803,"gain_loss_ratio",0.4,0.565469024273371,"model3","nt"
"tl1.00_gl1.00_pr2.50_c25",1,1,25,0.8,0.22314430463093,"gain_loss_ratio",1,0.29077765435847,"model3","nt"
"tl1.50_gl1.00_pr2.50_c25",1.5,1,25,0.7,1.0428826818268,"gain_loss_ratio",0.9,0.0791901935469971,"model3","nt"
"tl2.50_gl1.00_pr2.50_c25",2.5,1,25,0.8,0.305146219232991,"gain_loss_ratio",0.8,0.169872816803758,"model3","nt"
"tl5.00_gl1.00_pr2.50_c25",5,1,25,0.7,1.40618391374931,"gain_loss_ratio",0.8,0.0539811919971106,"model3","nt"
"tl1.00_gl0.10_pr5.00_c25",1,0.1,25,0.8,0.461099834112641,"gain_loss_ratio",0,66.0018276987402,"model3","nt"
"tl1.50_gl0.10_pr5.00_c25",1.5,0.1,25,0.7,1.95182803579132,"gain_loss_ratio",0,68.4605068156066,"model3","nt"
"tl2.50_gl0.10_pr5.00_c25",2.5,0.1,25,0.9,0.427616610524718,"gain_loss_ratio",0,57.3837060152538,"model3","nt"
"tl5.00_gl0.10_pr5.00_c25",5,0.1,25,0.8,0.831260236336407,"gain_loss_ratio",0,49.7583006319072,"model3","nt"
"tl1.00_gl0.25_pr5.00_c25",1,0.25,25,0.8,0.543650362742496,"gain_loss_ratio",0,7.79428141180513,"model3","nt"
"tl1.50_gl0.25_pr5.00_c25",1.5,0.25,25,0.8,0.471887570783088,"gain_loss_ratio",0.2,6.28673785175255,"model3","nt"
"tl2.50_gl0.25_pr5.00_c25",2.5,0.25,25,0.8,0.755549210391504,"gain_loss_ratio",0.2,4.82926564652173,"model3","nt"
"tl5.00_gl0.25_pr5.00_c25",5,0.25,25,0.6,0.934684645074139,"gain_loss_ratio",0.2,4.38370180249407,"model3","nt"
"tl1.00_gl0.50_pr5.00_c25",1,0.5,25,0.6,1.35970897955905,"gain_loss_ratio",0.6,0.876782834012091,"model3","nt"
"tl1.50_gl0.50_pr5.00_c25",1.5,0.5,25,0.8,0.953860320375685,"gain_loss_ratio",0.7,0.9409465695937,"model3","nt"
"tl2.50_gl0.50_pr5.00_c25",2.5,0.5,25,0.7,1.39513104172911,"gain_loss_ratio",0.2,0.99800456091635,"model3","nt"
"tl5.00_gl0.50_pr5.00_c25",5,0.5,25,0.7,0.917533903185057,"gain_loss_ratio",0.8,0.360444990401528,"model3","nt"
"tl1.00_gl1.00_pr5.00_c25",1,1,25,0.6,1.19147967054514,"gain_loss_ratio",0.9,0.790980831240197,"model3","nt"
"tl1.50_gl1.00_pr5.00_c25",1.5,1,25,0.8,0.800351292146953,"gain_loss_ratio",0.9,0.0910386026158963,"model3","nt"
"tl2.50_gl1.00_pr5.00_c25",2.5,1,25,0.6,1.13781367423453,"gain_loss_ratio",0.7,0.465887925590394,"model3","nt"
"tl5.00_gl1.00_pr5.00_c25",5,1,25,0.5,1.03842090140402,"gain_loss_ratio",0.8,0.114799859401145,"model3","nt"
"tl1.00_gl0.10_pr1.00_c50",1,0.1,50,0.6,1.41560995350133,"gain_loss_ratio",0,60.362982786341,"model3","nt"
"tl1.50_gl0.10_pr1.00_c50",1.5,0.1,50,0.4,1.48664799382011,"gain_loss_ratio",0,55.1779829840181,"model3","nt"
"tl2.50_gl0.10_pr1.00_c50",2.5,0.1,50,0.8,0.353769574037979,"gain_loss_ratio",0,58.595824491492,"model3","nt"
"tl5.00_gl0.10_pr1.00_c50",5,0.1,50,0.5,0.497905396818834,"gain_loss_ratio",0,57.5437374095197,"model3","nt"
"tl1.00_gl0.25_pr1.00_c50",1,0.25,50,0.6,1.66625095353948,"gain_loss_ratio",0.2,6.2751746616896,"model3","nt"
"tl1.50_gl0.25_pr1.00_c50",1.5,0.25,50,0.5,2.39081656888672,"gain_loss_ratio",0.1,4.77440068433141,"model3","nt"
"tl2.50_gl0.25_pr1.00_c50",2.5,0.25,50,0.5,1.41277249911266,"gain_loss_ratio",0,5.14130181895149,"model3","nt"
"tl5.00_gl0.25_pr1.00_c50",5,0.25,50,0.7,0.662728338256914,"gain_loss_ratio",0,4.97168921570241,"model3","nt"
"tl1.00_gl0.50_pr1.00_c50",1,0.5,50,0.4,1.19064825317491,"gain_loss_ratio",0.7,0.460693034169589,"model3","nt"
"tl1.50_gl0.50_pr1.00_c50",1.5,0.5,50,0.4,1.23122226773129,"gain_loss_ratio",0.4,0.566957150887214,"model3","nt"
"tl2.50_gl0.50_pr1.00_c50",2.5,0.5,50,0.5,2.52002250256391,"gain_loss_ratio",0.5,0.522536563665191,"model3","nt"
"tl5.00_gl0.50_pr1.00_c50",5,0.5,50,0.6,0.685116897752009,"gain_loss_ratio",0.1,0.439142825379091,"model3","nt"
"tl1.00_gl1.00_pr1.00_c50",1,1,50,0.5,1.33913211982744,"gain_loss_ratio",0.8,0.0668743820465242,"model3","nt"
"tl1.50_gl1.00_pr1.00_c50",1.5,1,50,0.5,2.40417686061274,"gain_loss_ratio",0.9,0.135929579846049,"model3","nt"
"tl2.50_gl1.00_pr1.00_c50",2.5,1,50,0.5,1.90320215075227,"gain_loss_ratio",0.7,0.0939351589724323,"model3","nt"
"tl5.00_gl1.00_pr1.00_c50",5,1,50,0.7,2.35161631608617,"gain_loss_ratio",0.8,0.0747046027554244,"model3","nt"
"tl1.00_gl0.10_pr2.50_c50",1,0.1,50,0.6,1.56722501396197,"gain_loss_ratio",0,63.0519596319267,"model3","nt"
"tl1.50_gl0.10_pr2.50_c50",1.5,0.1,50,0.5,0.992160941992066,"gain_loss_ratio",0,65.0385647178657,"model3","nt"
"tl2.50_gl0.10_pr2.50_c50",2.5,0.1,50,0.6,1.27269943010305,"gain_loss_ratio",0,58.8406737724325,"model3","nt"
"tl5.00_gl0.10_pr2.50_c50",5,0.1,50,0.9,0.320927190599206,"gain_loss_ratio",0,56.3956894307314,"model3","nt"
"tl1.00_gl0.25_pr2.50_c50",1,0.25,50,0.3,1.59165580857708,"gain_loss_ratio",0,6.31570116739481,"model3","nt"
"tl1.50_gl0.25_pr2.50_c50",1.5,0.25,50,0.4,1.42690567433685,"gain_loss_ratio",0.1,5.83256196920272,"model3","nt"
"tl2.50_gl0.25_pr2.50_c50",2.5,0.25,50,0.6,1.06310935720035,"gain_loss_ratio",0,4.77155715926206,"model3","nt"
"tl5.00_gl0.25_pr2.50_c50",5,0.25,50,0.6,0.706981283993348,"gain_loss_ratio",0,4.65127531349974,"model3","nt"
"tl1.00_gl0.50_pr2.50_c50",1,0.5,50,0.4,1.81765332820483,"gain_loss_ratio",0.3,0.947877313152034,"model3","nt"
"tl1.50_gl0.50_pr2.50_c50",1.5,0.5,50,0.4,1.58355930483356,"gain_loss_ratio",0.3,0.679986943239384,"model3","nt"
"tl2.50_gl0.50_pr2.50_c50",2.5,0.5,50,0.5,2.04100928112911,"gain_loss_ratio",0.2,0.513059651293046,"model3","nt"
"tl5.00_gl0.50_pr2.50_c50",5,0.5,50,0.6,1.03444153435337,"gain_loss_ratio",0.4,0.43220755453129,"model3","nt"
"tl1.00_gl1.00_pr2.50_c50",1,1,50,0.5,1.56814290005033,"gain_loss_ratio",0.9,0.0946206743388451,"model3","nt"
"tl1.50_gl1.00_pr2.50_c50",1.5,1,50,0.4,2.16253016819486,"gain_loss_ratio",0.9,0.0808707235634661,"model3","nt"
"tl2.50_gl1.00_pr2.50_c50",2.5,1,50,0.6,1.83279406035863,"gain_loss_ratio",0.9,0.0678459168263166,"model3","nt"
"tl5.00_gl1.00_pr2.50_c50",5,1,50,0.6,1.12205580599395,"gain_loss_ratio",0.8,0.0771099749918248,"model3","nt"
"tl1.00_gl0.10_pr5.00_c50",1,0.1,50,0.6,1.06668950519802,"gain_loss_ratio",0,62.9360171587603,"model3","nt"
"tl1.50_gl0.10_pr5.00_c50",1.5,0.1,50,0.2,0.942941969798361,"gain_loss_ratio",0,63.2048606117119,"model3","nt"
"tl2.50_gl0.10_pr5.00_c50",2.5,0.1,50,0.6,1.11268800112874,"gain_loss_ratio",0,65.1491103474889,"model3","nt"
"tl5.00_gl0.10_pr5.00_c50",5,0.1,50,0.8,0.550224698679932,"gain_loss_ratio",0,57.5131677238248,"model3","nt"
"tl1.00_gl0.25_pr5.00_c50",1,0.25,50,0.7,1.47890204867192,"gain_loss_ratio",0,5.74888473991328,"model3","nt"
"tl1.50_gl0.25_pr5.00_c50",1.5,0.25,50,0.4,1.58385400461728,"gain_loss_ratio",0,6.74119336189807,"model3","nt"
"tl2.50_gl0.25_pr5.00_c50",2.5,0.25,50,0.6,1.34808577534419,"gain_loss_ratio",0,6.15135880919374,"model3","nt"
"tl5.00_gl0.25_pr5.00_c50",5,0.25,50,0.8,0.478276155454013,"gain_loss_ratio",0,4.84756480204658,"model3","nt"
"tl1.00_gl0.50_pr5.00_c50",1,0.5,50,0.6,1.74566499527341,"gain_loss_ratio",0.5,0.618520260286705,"model3","nt"
"tl1.50_gl0.50_pr5.00_c50",1.5,0.5,50,0.4,2.5129901931974,"gain_loss_ratio",0.4,0.659864295429657,"model3","nt"
"tl2.50_gl0.50_pr5.00_c50",2.5,0.5,50,0.6,1.37387160606544,"gain_loss_ratio",0.1,0.797749675567894,"model3","nt"
"tl5.00_gl0.50_pr5.00_c50",5,0.5,50,0.7,0.822301402024678,"gain_loss_ratio",0.2,0.62159173397701,"model3","nt"
"tl1.00_gl1.00_pr5.00_c50",1,1,50,0.5,0.951853844341994,"gain_loss_ratio",0.9,0.179775249328956,"model3","nt"
"tl1.50_gl1.00_pr5.00_c50",1.5,1,50,0.4,3.10427838077469,"gain_loss_ratio",0.8,0.0622464526730266,"model3","nt"
"tl2.50_gl1.00_pr5.00_c50",2.5,1,50,0.5,1.48372047200023,"gain_loss_ratio",1,0.0416466014093246,"model3","nt"
"tl5.00_gl1.00_pr5.00_c50",5,1,50,0.6,0.471983391012398,"gain_loss_ratio",0.9,0.0400108492514987,"model3","nt"
"tl1.00_gl0.10_pr1.00_c100",1,0.1,100,0.4,0.789732840627135,"gain_loss_ratio",0,58.3230185271324,"model3","nt"
"tl1.50_gl0.10_pr1.00_c100",1.5,0.1,100,0.5,1.19986012679745,"gain_loss_ratio",0,61.0629524641506,"model3","nt"
"tl2.50_gl0.10_pr1.00_c100",2.5,0.1,100,0.4,1.03328493405717,"gain_loss_ratio",0,59.7630051229576,"model3","nt"
"tl5.00_gl0.10_pr1.00_c100",5,0.1,100,0.6,0.454184324647724,"gain_loss_ratio",0,62.59322857321,"model3","nt"
"tl1.00_gl0.25_pr1.00_c100",1,0.25,100,0.4,1.80527923044655,"gain_loss_ratio",0.1,5.6501209394577,"model3","nt"
"tl1.50_gl0.25_pr1.00_c100",1.5,0.25,100,0.5,1.4339354418041,"gain_loss_ratio",0,5.6655587090109,"model3","nt"
"tl2.50_gl0.25_pr1.00_c100",2.5,0.25,100,0.4,2.26588259603133,"gain_loss_ratio",0,5.31163682126796,"model3","nt"
"tl5.00_gl0.25_pr1.00_c100",5,0.25,100,0.6,1.58977599765321,"gain_loss_ratio",0,5.8068385407977,"model3","nt"
"tl1.00_gl0.50_pr1.00_c100",1,0.5,100,0.4,1.74916985821105,"gain_loss_ratio",0.5,0.426694847882914,"model3","nt"
"tl1.50_gl0.50_pr1.00_c100",1.5,0.5,100,0.5,2.37197450683152,"gain_loss_ratio",0.3,0.494565923711949,"model3","nt"
"tl2.50_gl0.50_pr1.00_c100",2.5,0.5,100,0.4,3.02915243804282,"gain_loss_ratio",0.1,0.482517253159222,"model3","nt"
"tl5.00_gl0.50_pr1.00_c100",5,0.5,100,0.4,2.87123843840237,"gain_loss_ratio",0,0.486956076099317,"model3","nt"
"tl1.00_gl1.00_pr1.00_c100",1,1,100,0.5,2.97955174586072,"gain_loss_ratio",0.9,0.0357533177039044,"model3","nt"
"tl1.50_gl1.00_pr1.00_c100",1.5,1,100,0.4,1.86429315584886,"gain_loss_ratio",0.9,0.0549112284071748,"model3","nt"
"tl2.50_gl1.00_pr1.00_c100",2.5,1,100,0.3,2.95884835848097,"gain_loss_ratio",1,0.0122258044296855,"model3","nt"
"tl5.00_gl1.00_pr1.00_c100",5,1,100,0.5,2.44113386422987,"gain_loss_ratio",1,0.00894673821565138,"model3","nt"
"tl1.00_gl0.10_pr2.50_c100",1,0.1,100,0.4,0.986223598361143,"gain_loss_ratio",0,55.5898711237396,"model3","nt"
"tl1.50_gl0.10_pr2.50_c100",1.5,0.1,100,0.4,1.74002762826997,"gain_loss_ratio",0,64.7369235290023,"model3","nt"
"tl2.50_gl0.10_pr2.50_c100",2.5,0.1,100,0.4,1.75754357941442,"gain_loss_ratio",0,63.4755921084397,"model3","nt"
"tl5.00_gl0.10_pr2.50_c100",5,0.1,100,0.7,0.378116691516499,"gain_loss_ratio",0,60.2721498070434,"model3","nt"
"tl1.00_gl0.25_pr2.50_c100",1,0.25,100,0.4,2.08671033604498,"gain_loss_ratio",0,5.77565220542759,"model3","nt"
"tl1.50_gl0.25_pr2.50_c100",1.5,0.25,100,0.4,1.56999435440396,"gain_loss_ratio",0,6.20406930949755,"model3","nt"
"tl2.50_gl0.25_pr2.50_c100",2.5,0.25,100,0.4,2.51734405805065,"gain_loss_ratio",0,6.34446627030236,"model3","nt"
"tl5.00_gl0.25_pr2.50_c100",5,0.25,100,0.5,1.02286573913794,"gain_loss_ratio",0,5.56399677389441,"model3","nt"
"tl1.00_gl0.50_pr2.50_c100",1,0.5,100,0.5,1.26592190937561,"gain_loss_ratio",0.2,0.549371879764332,"model3","nt"
"tl1.50_gl0.50_pr2.50_c100",1.5,0.5,100,0.4,2.22779891988931,"gain_loss_ratio",0,0.705971756822994,"model3","nt"
"tl2.50_gl0.50_pr2.50_c100",2.5,0.5,100,0.5,1.98380896507186,"gain_loss_ratio",0,0.597619651809439,"model3","nt"
"tl5.00_gl0.50_pr2.50_c100",5,0.5,100,0.6,0.556689412247771,"gain_loss_ratio",0,0.546566461729342,"model3","nt"
"tl1.00_gl1.00_pr2.50_c100",1,1,100,0.4,1.23925062093527,"gain_loss_ratio",0.9,0.0320693641303906,"model3","nt"
"tl1.50_gl1.00_pr2.50_c100",1.5,1,100,0.5,1.47432307156309,"gain_loss_ratio",0.8,0.0747655838079962,"model3","nt"
"tl2.50_gl1.00_pr2.50_c100",2.5,1,100,0.4,3.91881697370109,"gain_loss_ratio",0.9,0.0178342479189355,"model3","nt"
"tl5.00_gl1.00_pr2.50_c100",5,1,100,0.5,1.60656656057343,"gain_loss_ratio",0.7,0.0182476010770213,"model3","nt"
"tl1.00_gl0.10_pr5.00_c100",1,0.1,100,0.2,1.47707653750581,"gain_loss_ratio",0,67.9681700707018,"model3","nt"
"tl1.50_gl0.10_pr5.00_c100",1.5,0.1,100,0.3,0.864148292489462,"gain_loss_ratio",0,63.9224525934405,"model3","nt"
"tl2.50_gl0.10_pr5.00_c100",2.5,0.1,100,0.3,1.14437901013217,"gain_loss_ratio",0,64.6104805758612,"model3","nt"
"tl5.00_gl0.10_pr5.00_c100",5,0.1,100,0.6,0.440979242845074,"gain_loss_ratio",0,62.2395320756487,"model3","nt"
"tl1.00_gl0.25_pr5.00_c100",1,0.25,100,0.5,1.48200629998476,"gain_loss_ratio",0,6.51956229254135,"model3","nt"
"tl1.50_gl0.25_pr5.00_c100",1.5,0.25,100,0.4,1.16778962896452,"gain_loss_ratio",0,6.76220863347153,"model3","nt"
"tl2.50_gl0.25_pr5.00_c100",2.5,0.25,100,0.5,1.90949075544303,"gain_loss_ratio",0,5.89498463361455,"model3","nt"
"tl5.00_gl0.25_pr5.00_c100",5,0.25,100,0.4,0.608200243746863,"gain_loss_ratio",0,5.78261968518593,"model3","nt"
"tl1.00_gl0.50_pr5.00_c100",1,0.5,100,0.3,2.14535287530161,"gain_loss_ratio",0.1,0.815611380153439,"model3","nt"
"tl1.50_gl0.50_pr5.00_c100",1.5,0.5,100,0.3,1.73693105680015,"gain_loss_ratio",0,0.732726460269249,"model3","nt"
"tl2.50_gl0.50_pr5.00_c100",2.5,0.5,100,0.4,1.77233148100194,"gain_loss_ratio",0.1,0.621454132876623,"model3","nt"
"tl5.00_gl0.50_pr5.00_c100",5,0.5,100,0.5,1.533629115187,"gain_loss_ratio",0,0.455542847139479,"model3","nt"
"tl1.00_gl1.00_pr5.00_c100",1,1,100,0.3,1.76447607360567,"gain_loss_ratio",0.9,0.0351471307076501,"model3","nt"
"tl1.50_gl1.00_pr5.00_c100",1.5,1,100,0.4,2.61677662862902,"gain_loss_ratio",0.8,0.0434247094855019,"model3","nt"
"tl2.50_gl1.00_pr5.00_c100",2.5,1,100,0.5,2.89393124450532,"gain_loss_ratio",0.8,0.0363476820193942,"model3","nt"
"tl5.00_gl1.00_pr5.00_c100",5,1,100,0.7,1.2348349181499,"gain_loss_ratio",0.7,0.025393095252484,"model3","nt"
"tl1.00_gl0.10_pr1.00_c200",1,0.1,200,0.2,1.23240823940108,"gain_loss_ratio",0,58.5049423260234,"model3","nt"
"tl1.50_gl0.10_pr1.00_c200",1.5,0.1,200,0.2,1.47482209240536,"gain_loss_ratio",0,59.6348781843305,"model3","nt"
"tl2.50_gl0.10_pr1.00_c200",2.5,0.1,200,0.4,1.40498125661215,"gain_loss_ratio",0,60.7877317587699,"model3","nt"
"tl5.00_gl0.10_pr1.00_c200",5,0.1,200,0.5,0.303685674567008,"gain_loss_ratio",0,62.6037138129203,"model3","nt"
"tl1.00_gl0.25_pr1.00_c200",1,0.25,200,0.4,1.38739581174365,"gain_loss_ratio",0,5.82838072432093,"model3","nt"
"tl1.50_gl0.25_pr1.00_c200",1.5,0.25,200,0.4,1.66170690358438,"gain_loss_ratio",0,5.45842299635489,"model3","nt"
"tl2.50_gl0.25_pr1.00_c200",2.5,0.25,200,0.3,2.07216324965916,"gain_loss_ratio",0,5.43102766078425,"model3","nt"
"tl5.00_gl0.25_pr1.00_c200",5,0.25,200,0.5,0.81852584951713,"gain_loss_ratio",0,5.98481618061974,"model3","nt"
"tl1.00_gl0.50_pr1.00_c200",1,0.5,200,0.3,2.19732029488177,"gain_loss_ratio",0.1,0.525718089657361,"model3","nt"
"tl1.50_gl0.50_pr1.00_c200",1.5,0.5,200,0.5,2.20459357316777,"gain_loss_ratio",0,0.51100810583912,"model3","nt"
"tl2.50_gl0.50_pr1.00_c200",2.5,0.5,200,0.4,3.41073681244533,"gain_loss_ratio",0,0.405570922573082,"model3","nt"
"tl5.00_gl0.50_pr1.00_c200",5,0.5,200,0.3,2.03065899769414,"gain_loss_ratio",0,0.459278660519101,"model3","nt"
"tl1.00_gl1.00_pr1.00_c200",1,1,200,0.4,2.45562413851327,"gain_loss_ratio",1,0.0332528713388519,"model3","nt"
"tl1.50_gl1.00_pr1.00_c200",1.5,1,200,0.5,2.59065812112809,"gain_loss_ratio",1,0.0128999495350468,"model3","nt"
"tl2.50_gl1.00_pr1.00_c200",2.5,1,200,0.4,3.24161548754093,"gain_loss_ratio",0.9,0.0135077644294308,"model3","nt"
"tl5.00_gl1.00_pr1.00_c200",5,1,200,0.2,2.37209184718348,"gain_loss_ratio",0.9,0.00873324585957679,"model3","nt"
"tl1.00_gl0.10_pr2.50_c200",1,0.1,200,0,1.31301941667781,"gain_loss_ratio",0,63.2302074388585,"model3","nt"
"tl1.50_gl0.10_pr2.50_c200",1.5,0.1,200,0.3,1.3683760206545,"gain_loss_ratio",0,63.5631374548032,"model3","nt"
"tl2.50_gl0.10_pr2.50_c200",2.5,0.1,200,0.3,1.36056607796372,"gain_loss_ratio",0,62.5257541246854,"model3","nt"
"tl5.00_gl0.10_pr2.50_c200",5,0.1,200,0.7,0.382022838123732,"gain_loss_ratio",0,59.7110351472505,"model3","nt"
"tl1.00_gl0.25_pr2.50_c200",1,0.25,200,0.3,1.62704285800411,"gain_loss_ratio",0,6.46944653875699,"model3","nt"
"tl1.50_gl0.25_pr2.50_c200",1.5,0.25,200,0.5,1.77115111532921,"gain_loss_ratio",0,6.59633057850128,"model3","nt"
"tl2.50_gl0.25_pr2.50_c200",2.5,0.25,200,0.3,2.14208482362809,"gain_loss_ratio",0,5.8914662969721,"model3","nt"
"tl5.00_gl0.25_pr2.50_c200",5,0.25,200,0.5,1.1672583051857,"gain_loss_ratio",0,5.21187885825664,"model3","nt"
"tl1.00_gl0.50_pr2.50_c200",1,0.5,200,0.4,1.73983756686666,"gain_loss_ratio",0.2,0.544530556635003,"model3","nt"
"tl1.50_gl0.50_pr2.50_c200",1.5,0.5,200,0.3,2.14106969211695,"gain_loss_ratio",0,0.663540049657818,"model3","nt"
"tl2.50_gl0.50_pr2.50_c200",2.5,0.5,200,0.3,2.39455261592574,"gain_loss_ratio",0,0.672381791435734,"model3","nt"
"tl5.00_gl0.50_pr2.50_c200",5,0.5,200,0.4,1.50810721140769,"gain_loss_ratio",0,0.550395734588894,"model3","nt"
"tl1.00_gl1.00_pr2.50_c200",1,1,200,0.6,1.79997256925893,"gain_loss_ratio",0.8,0.0241729851788241,"model3","nt"
"tl1.50_gl1.00_pr2.50_c200",1.5,1,200,0.3,1.94835376951363,"gain_loss_ratio",1,0.00826935579019374,"model3","nt"
"tl2.50_gl1.00_pr2.50_c200",2.5,1,200,0.4,3.18911734232849,"gain_loss_ratio",0.9,0.00888876409964857,"model3","nt"
"tl5.00_gl1.00_pr2.50_c200",5,1,200,0.2,3.07537815037703,"gain_loss_ratio",1,0.00366010141677621,"model3","nt"
"tl1.00_gl0.10_pr5.00_c200",1,0.1,200,0.1,1.38640468518249,"gain_loss_ratio",0,66.3880359875312,"model3","nt"
"tl1.50_gl0.10_pr5.00_c200",1.5,0.1,200,0.1,1.99747858857394,"gain_loss_ratio",0,68.1684124059709,"model3","nt"
"tl2.50_gl0.10_pr5.00_c200",2.5,0.1,200,0.3,1.23051254675073,"gain_loss_ratio",0,65.5626803559667,"model3","nt"
"tl5.00_gl0.10_pr5.00_c200",5,0.1,200,0.7,0.357058910332796,"gain_loss_ratio",0,63.111119703689,"model3","nt"
"tl1.00_gl0.25_pr5.00_c200",1,0.25,200,0.3,1.23146537863361,"gain_loss_ratio",0,7.41039228673187,"model3","nt"
"tl1.50_gl0.25_pr5.00_c200",1.5,0.25,200,0.2,2.0209203897179,"gain_loss_ratio",0,6.6867920555082,"model3","nt"
"tl2.50_gl0.25_pr5.00_c200",2.5,0.25,200,0.3,1.53270173380461,"gain_loss_ratio",0,6.63912577168919,"model3","nt"
"tl5.00_gl0.25_pr5.00_c200",5,0.25,200,0.6,0.965431388377805,"gain_loss_ratio",0,5.86510161990628,"model3","nt"
"tl1.00_gl0.50_pr5.00_c200",1,0.5,200,0.2,1.26474266635668,"gain_loss_ratio",0,0.664441855709561,"model3","nt"
"tl1.50_gl0.50_pr5.00_c200",1.5,0.5,200,0.3,2.46556439467829,"gain_loss_ratio",0,0.799597644739881,"model3","nt"
"tl2.50_gl0.50_pr5.00_c200",2.5,0.5,200,0.4,2.55839711980846,"gain_loss_ratio",0,0.868362624576491,"model3","nt"
"tl5.00_gl0.50_pr5.00_c200",5,0.5,200,0.6,1.13218715950409,"gain_loss_ratio",0,0.541516114187621,"model3","nt"
"tl1.00_gl1.00_pr5.00_c200",1,1,200,0.4,1.35443816618876,"gain_loss_ratio",0.8,0.0273679639692482,"model3","nt"
"tl1.50_gl1.00_pr5.00_c200",1.5,1,200,0.4,2.05871845802567,"gain_loss_ratio",1,0.00493204142265794,"model3","nt"
"tl2.50_gl1.00_pr5.00_c200",2.5,1,200,0.4,2.35572530891504,"gain_loss_ratio",0.6,0.0224436879383888,"model3","nt"
"tl5.00_gl1.00_pr5.00_c200",5,1,200,0.2,1.36070454817863,"gain_loss_ratio",0.7,0.0140006315043987,"model3","nt"
"tl1.00_gl0.10_pr1.00_c25",1,0.1,25,0.6,0.443313538283683,"gain_loss_trans",NA,NA,"model4","nt"
"tl1.50_gl0.10_pr1.00_c25",1.5,0.1,25,0.9,0.200903023086856,"gain_loss_trans",NA,NA,"model4","nt"
"tl2.50_gl0.10_pr1.00_c25",2.5,0.1,25,0.7,0.576553759881688,"gain_loss_trans",NA,NA,"model4","nt"
"tl5.00_gl0.10_pr1.00_c25",5,0.1,25,0.1,5.62575192213655,"gain_loss_trans",NA,NA,"model4","nt"
"tl1.00_gl0.25_pr1.00_c25",1,0.25,25,0.7,0.401288910026573,"gain_loss_trans",NA,NA,"model4","nt"
"tl1.50_gl0.25_pr1.00_c25",1.5,0.25,25,0.9,0.275931701728345,"gain_loss_trans",NA,NA,"model4","nt"
"tl2.50_gl0.25_pr1.00_c25",2.5,0.25,25,0.5,1.42932896108048,"gain_loss_trans",NA,NA,"model4","nt"
"tl5.00_gl0.25_pr1.00_c25",5,0.25,25,0.8,0.932012395694244,"gain_loss_trans",NA,NA,"model4","nt"
"tl1.00_gl0.50_pr1.00_c25",1,0.5,25,0.7,1.39455101974378,"gain_loss_trans",NA,NA,"model4","nt"
"tl1.50_gl0.50_pr1.00_c25",1.5,0.5,25,0.8,2.29002819080888,"gain_loss_trans",NA,NA,"model4","nt"
"tl2.50_gl0.50_pr1.00_c25",2.5,0.5,25,0.6,4.83163932463348,"gain_loss_trans",NA,NA,"model4","nt"
"tl5.00_gl0.50_pr1.00_c25",5,0.5,25,0.8,2.59508064699389,"gain_loss_trans",NA,NA,"model4","nt"
"tl1.00_gl1.00_pr1.00_c25",1,1,25,0.7,0.630854690826386,"gain_loss_trans",NA,NA,"model4","nt"
"tl1.50_gl1.00_pr1.00_c25",1.5,1,25,0.6,0.859622649999228,"gain_loss_trans",NA,NA,"model4","nt"
"tl2.50_gl1.00_pr1.00_c25",2.5,1,25,0.6,5.87747394088973,"gain_loss_trans",NA,NA,"model4","nt"
"tl5.00_gl1.00_pr1.00_c25",5,1,25,0.8,3.85039268553285,"gain_loss_trans",NA,NA,"model4","nt"
"tl1.00_gl0.10_pr2.50_c25",1,0.1,25,1,0.123305747787975,"gain_loss_trans",NA,NA,"model4","nt"
"tl1.50_gl0.10_pr2.50_c25",1.5,0.1,25,0.9,0.198398551524774,"gain_loss_trans",NA,NA,"model4","nt"
"tl2.50_gl0.10_pr2.50_c25",2.5,0.1,25,0.5,0.871446036883954,"gain_loss_trans",NA,NA,"model4","nt"
"tl5.00_gl0.10_pr2.50_c25",5,0.1,25,0,7.20930329430808,"gain_loss_trans",NA,NA,"model4","nt"
"tl1.00_gl0.25_pr2.50_c25",1,0.25,25,1,0.144397140357869,"gain_loss_trans",NA,NA,"model4","nt"
"tl1.50_gl0.25_pr2.50_c25",1.5,0.25,25,0.9,0.235490366228042,"gain_loss_trans",NA,NA,"model4","nt"
"tl2.50_gl0.25_pr2.50_c25",2.5,0.25,25,0.4,1.04709293242949,"gain_loss_trans",NA,NA,"model4","nt"
"tl5.00_gl0.25_pr2.50_c25",5,0.25,25,0.5,3.16582952852421,"gain_loss_trans",NA,NA,"model4","nt"
"tl1.00_gl0.50_pr2.50_c25",1,0.5,25,0.8,1.18454237617913,"gain_loss_trans",NA,NA,"model4","nt"
"tl1.50_gl0.50_pr2.50_c25",1.5,0.5,25,0.8,0.412368784274743,"gain_loss_trans",NA,NA,"model4","nt"
"tl2.50_gl0.50_pr2.50_c25",2.5,0.5,25,0.5,0.858163265623937,"gain_loss_trans",NA,NA,"model4","nt"
"tl5.00_gl0.50_pr2.50_c25",5,0.5,25,0.1,4.70601055876708,"gain_loss_trans",NA,NA,"model4","nt"
"tl1.00_gl1.00_pr2.50_c25",1,1,25,1,0.0689610131140515,"gain_loss_trans",NA,NA,"model4","nt"
"tl1.50_gl1.00_pr2.50_c25",1.5,1,25,0.9,0.407874881585307,"gain_loss_trans",NA,NA,"model4","nt"
"tl2.50_gl1.00_pr2.50_c25",2.5,1,25,0.4,1.05341100492683,"gain_loss_trans",NA,NA,"model4","nt"
"tl5.00_gl1.00_pr2.50_c25",5,1,25,0.3,3.98962592569123,"gain_loss_trans",NA,NA,"model4","nt"
"tl1.00_gl0.10_pr5.00_c25",1,0.1,25,1,0.0570554999791724,"gain_loss_trans",NA,NA,"model4","nt"
"tl1.50_gl0.10_pr5.00_c25",1.5,0.1,25,1,0.139972280546975,"gain_loss_trans",NA,NA,"model4","nt"
"tl2.50_gl0.10_pr5.00_c25",2.5,0.1,25,0.8,0.591119811813166,"gain_loss_trans",NA,NA,"model4","nt"
"tl5.00_gl0.10_pr5.00_c25",5,0.1,25,0,9.20531825607777,"gain_loss_trans",NA,NA,"model4","nt"
"tl1.00_gl0.25_pr5.00_c25",1,0.25,25,0.8,0.205894787435649,"gain_loss_trans",NA,NA,"model4","nt"
"tl1.50_gl0.25_pr5.00_c25",1.5,0.25,25,0.9,0.13682645745888,"gain_loss_trans",NA,NA,"model4","nt"
"tl2.50_gl0.25_pr5.00_c25",2.5,0.25,25,0.3,1.11541834775439,"gain_loss_trans",NA,NA,"model4","nt"
"tl5.00_gl0.25_pr5.00_c25",5,0.25,25,0.1,7.36619303985908,"gain_loss_trans",NA,NA,"model4","nt"
"tl1.00_gl0.50_pr5.00_c25",1,0.5,25,0.7,0.338648265830942,"gain_loss_trans",NA,NA,"model4","nt"
"tl1.50_gl0.50_pr5.00_c25",1.5,0.5,25,0.9,0.219300846631837,"gain_loss_trans",NA,NA,"model4","nt"
"tl2.50_gl0.50_pr5.00_c25",2.5,0.5,25,0.4,1.11846944859323,"gain_loss_trans",NA,NA,"model4","nt"
"tl5.00_gl0.50_pr5.00_c25",5,0.5,25,0.1,7.90749626623309,"gain_loss_trans",NA,NA,"model4","nt"
"tl1.00_gl1.00_pr5.00_c25",1,1,25,0.8,0.718493192037258,"gain_loss_trans",NA,NA,"model4","nt"
"tl1.50_gl1.00_pr5.00_c25",1.5,1,25,0.8,0.304167603682518,"gain_loss_trans",NA,NA,"model4","nt"
"tl2.50_gl1.00_pr5.00_c25",2.5,1,25,0.3,1.24695077533422,"gain_loss_trans",NA,NA,"model4","nt"
"tl5.00_gl1.00_pr5.00_c25",5,1,25,0.1,7.1855997050403,"gain_loss_trans",NA,NA,"model4","nt"
"tl1.00_gl0.10_pr1.00_c50",1,0.1,50,0.6,0.632448277906706,"gain_loss_trans",NA,NA,"model4","nt"
"tl1.50_gl0.10_pr1.00_c50",1.5,0.1,50,0.6,0.35824993153982,"gain_loss_trans",NA,NA,"model4","nt"
"tl2.50_gl0.10_pr1.00_c50",2.5,0.1,50,0.8,0.313265833334647,"gain_loss_trans",NA,NA,"model4","nt"
"tl5.00_gl0.10_pr1.00_c50",5,0.1,50,0.1,4.73593956563563,"gain_loss_trans",NA,NA,"model4","nt"
"tl1.00_gl0.25_pr1.00_c50",1,0.25,50,0.6,0.940628322770175,"gain_loss_trans",NA,NA,"model4","nt"
"tl1.50_gl0.25_pr1.00_c50",1.5,0.25,50,0.6,1.5214873045989,"gain_loss_trans",NA,NA,"model4","nt"
"tl2.50_gl0.25_pr1.00_c50",2.5,0.25,50,0.7,0.67207070530907,"gain_loss_trans",NA,NA,"model4","nt"
"tl5.00_gl0.25_pr1.00_c50",5,0.25,50,0.7,0.902631865122178,"gain_loss_trans",NA,NA,"model4","nt"
"tl1.00_gl0.50_pr1.00_c50",1,0.5,50,0.6,0.696974711864474,"gain_loss_trans",NA,NA,"model4","nt"
"tl1.50_gl0.50_pr1.00_c50",1.5,0.5,50,0.7,1.07416430970851,"gain_loss_trans",NA,NA,"model4","nt"
"tl2.50_gl0.50_pr1.00_c50",2.5,0.5,50,0.6,2.67683123305248,"gain_loss_trans",NA,NA,"model4","nt"
"tl5.00_gl0.50_pr1.00_c50",5,0.5,50,0.9,0.349355178026905,"gain_loss_trans",NA,NA,"model4","nt"
"tl1.00_gl1.00_pr1.00_c50",1,1,50,0.7,0.851856804263092,"gain_loss_trans",NA,NA,"model4","nt"
"tl1.50_gl1.00_pr1.00_c50",1.5,1,50,0.6,3.65921536453167,"gain_loss_trans",NA,NA,"model4","nt"
"tl2.50_gl1.00_pr1.00_c50",2.5,1,50,0.5,1.43897151741554,"gain_loss_trans",NA,NA,"model4","nt"
"tl5.00_gl1.00_pr1.00_c50",5,1,50,0.7,0.823058015538446,"gain_loss_trans",NA,NA,"model4","nt"
"tl1.00_gl0.10_pr2.50_c50",1,0.1,50,0.9,0.296152494479611,"gain_loss_trans",NA,NA,"model4","nt"
"tl1.50_gl0.10_pr2.50_c50",1.5,0.1,50,0.9,0.12633229009887,"gain_loss_trans",NA,NA,"model4","nt"
"tl2.50_gl0.10_pr2.50_c50",2.5,0.1,50,0.6,0.484668788816079,"gain_loss_trans",NA,NA,"model4","nt"
"tl5.00_gl0.10_pr2.50_c50",5,0.1,50,0,7.59575709303152,"gain_loss_trans",NA,NA,"model4","nt"
"tl1.00_gl0.25_pr2.50_c50",1,0.25,50,0.6,0.442709816946623,"gain_loss_trans",NA,NA,"model4","nt"
"tl1.50_gl0.25_pr2.50_c50",1.5,0.25,50,0.7,0.399284442822509,"gain_loss_trans",NA,NA,"model4","nt"
"tl2.50_gl0.25_pr2.50_c50",2.5,0.25,50,0.5,0.811242324434874,"gain_loss_trans",NA,NA,"model4","nt"
"tl5.00_gl0.25_pr2.50_c50",5,0.25,50,0.2,3.49528418785039,"gain_loss_trans",NA,NA,"model4","nt"
"tl1.00_gl0.50_pr2.50_c50",1,0.5,50,0.7,0.544901329943614,"gain_loss_trans",NA,NA,"model4","nt"
"tl1.50_gl0.50_pr2.50_c50",1.5,0.5,50,0.5,0.344324369837605,"gain_loss_trans",NA,NA,"model4","nt"
"tl2.50_gl0.50_pr2.50_c50",2.5,0.5,50,0.4,1.1099464313436,"gain_loss_trans",NA,NA,"model4","nt"
"tl5.00_gl0.50_pr2.50_c50",5,0.5,50,0.3,2.34917609034141,"gain_loss_trans",NA,NA,"model4","nt"
"tl1.00_gl1.00_pr2.50_c50",1,1,50,0.8,0.600357225498014,"gain_loss_trans",NA,NA,"model4","nt"
"tl1.50_gl1.00_pr2.50_c50",1.5,1,50,0.6,1.21680400310465,"gain_loss_trans",NA,NA,"model4","nt"
"tl2.50_gl1.00_pr2.50_c50",2.5,1,50,0.4,1.16846126916528,"gain_loss_trans",NA,NA,"model4","nt"
"tl5.00_gl1.00_pr2.50_c50",5,1,50,0.4,2.25229579036002,"gain_loss_trans",NA,NA,"model4","nt"
"tl1.00_gl0.10_pr5.00_c50",1,0.1,50,0.5,0.272128077094202,"gain_loss_trans",NA,NA,"model4","nt"
"tl1.50_gl0.10_pr5.00_c50",1.5,0.1,50,0.7,0.176787331100082,"gain_loss_trans",NA,NA,"model4","nt"
"tl2.50_gl0.10_pr5.00_c50",2.5,0.1,50,0.3,0.882657235461043,"gain_loss_trans",NA,NA,"model4","nt"
"tl5.00_gl0.10_pr5.00_c50",5,0.1,50,0,8.20013925613156,"gain_loss_trans",NA,NA,"model4","nt"
"tl1.00_gl0.25_pr5.00_c50",1,0.25,50,0.5,0.549606753574309,"gain_loss_trans",NA,NA,"model4","nt"
"tl1.50_gl0.25_pr5.00_c50",1.5,0.25,50,0.6,0.308504405482344,"gain_loss_trans",NA,NA,"model4","nt"
"tl2.50_gl0.25_pr5.00_c50",2.5,0.25,50,0.1,1.67352940237066,"gain_loss_trans",NA,NA,"model4","nt"
"tl5.00_gl0.25_pr5.00_c50",5,0.25,50,0,7.28945344023202,"gain_loss_trans",NA,NA,"model4","nt"
"tl1.00_gl0.50_pr5.00_c50",1,0.5,50,0.7,0.393317859830247,"gain_loss_trans",NA,NA,"model4","nt"
"tl1.50_gl0.50_pr5.00_c50",1.5,0.5,50,0.2,0.749805606471718,"gain_loss_trans",NA,NA,"model4","nt"
"tl2.50_gl0.50_pr5.00_c50",2.5,0.5,50,0.2,1.46358331576731,"gain_loss_trans",NA,NA,"model4","nt"
"tl5.00_gl0.50_pr5.00_c50",5,0.5,50,0,7.72895356530642,"gain_loss_trans",NA,NA,"model4","nt"
"tl1.00_gl1.00_pr5.00_c50",1,1,50,0.5,0.217841601717727,"gain_loss_trans",NA,NA,"model4","nt"
"tl1.50_gl1.00_pr5.00_c50",1.5,1,50,0.4,0.454948519059487,"gain_loss_trans",NA,NA,"model4","nt"
"tl2.50_gl1.00_pr5.00_c50",2.5,1,50,0.2,1.36663081129119,"gain_loss_trans",NA,NA,"model4","nt"
"tl5.00_gl1.00_pr5.00_c50",5,1,50,0,7.9891974283266,"gain_loss_trans",NA,NA,"model4","nt"
"tl1.00_gl0.10_pr1.00_c100",1,0.1,100,0.1,0.708285711128773,"gain_loss_trans",NA,NA,"model4","nt"
"tl1.50_gl0.10_pr1.00_c100",1.5,0.1,100,0.5,0.314150909166897,"gain_loss_trans",NA,NA,"model4","nt"
"tl2.50_gl0.10_pr1.00_c100",2.5,0.1,100,0.5,0.355103638105192,"gain_loss_trans",NA,NA,"model4","nt"
"tl5.00_gl0.10_pr1.00_c100",5,0.1,100,0.1,4.24628620954073,"gain_loss_trans",NA,NA,"model4","nt"
"tl1.00_gl0.25_pr1.00_c100",1,0.25,100,0.1,1.68712675897446,"gain_loss_trans",NA,NA,"model4","nt"
"tl1.50_gl0.25_pr1.00_c100",1.5,0.25,100,0.4,1.32239888358918,"gain_loss_trans",NA,NA,"model4","nt"
"tl2.50_gl0.25_pr1.00_c100",2.5,0.25,100,0.5,1.07380365592868,"gain_loss_trans",NA,NA,"model4","nt"
"tl5.00_gl0.25_pr1.00_c100",5,0.25,100,0.6,0.801985088466845,"gain_loss_trans",NA,NA,"model4","nt"
"tl1.00_gl0.50_pr1.00_c100",1,0.5,100,0.5,0.818784138419404,"gain_loss_trans",NA,NA,"model4","nt"
"tl1.50_gl0.50_pr1.00_c100",1.5,0.5,100,0.4,2.48894144680902,"gain_loss_trans",NA,NA,"model4","nt"
"tl2.50_gl0.50_pr1.00_c100",2.5,0.5,100,0.4,1.14740126164409,"gain_loss_trans",NA,NA,"model4","nt"
"tl5.00_gl0.50_pr1.00_c100",5,0.5,100,0.4,1.20230637564693,"gain_loss_trans",NA,NA,"model4","nt"
"tl1.00_gl1.00_pr1.00_c100",1,1,100,0.6,2.3697055479047,"gain_loss_trans",NA,NA,"model4","nt"
"tl1.50_gl1.00_pr1.00_c100",1.5,1,100,0.4,1.56647428872113,"gain_loss_trans",NA,NA,"model4","nt"
"tl2.50_gl1.00_pr1.00_c100",2.5,1,100,0.5,3.09558475677356,"gain_loss_trans",NA,NA,"model4","nt"
"tl5.00_gl1.00_pr1.00_c100",5,1,100,0.7,1.79847908628979,"gain_loss_trans",NA,NA,"model4","nt"
"tl1.00_gl0.10_pr2.50_c100",1,0.1,100,0.7,0.141390788751825,"gain_loss_trans",NA,NA,"model4","nt"
"tl1.50_gl0.10_pr2.50_c100",1.5,0.1,100,0.7,0.34453754508594,"gain_loss_trans",NA,NA,"model4","nt"
"tl2.50_gl0.10_pr2.50_c100",2.5,0.1,100,0.6,0.220404858454332,"gain_loss_trans",NA,NA,"model4","nt"
"tl5.00_gl0.10_pr2.50_c100",5,0.1,100,0,6.17741160143473,"gain_loss_trans",NA,NA,"model4","nt"
"tl1.00_gl0.25_pr2.50_c100",1,0.25,100,0.7,1.01969298865525,"gain_loss_trans",NA,NA,"model4","nt"
"tl1.50_gl0.25_pr2.50_c100",1.5,0.25,100,0.6,0.603789305764892,"gain_loss_trans",NA,NA,"model4","nt"
"tl2.50_gl0.25_pr2.50_c100",2.5,0.25,100,0.3,0.787110663504263,"gain_loss_trans",NA,NA,"model4","nt"
"tl5.00_gl0.25_pr2.50_c100",5,0.25,100,0.1,3.74818351927239,"gain_loss_trans",NA,NA,"model4","nt"
"tl1.00_gl0.50_pr2.50_c100",1,0.5,100,0.3,0.473943560655667,"gain_loss_trans",NA,NA,"model4","nt"
"tl1.50_gl0.50_pr2.50_c100",1.5,0.5,100,0.5,0.921726284986679,"gain_loss_trans",NA,NA,"model4","nt"
"tl2.50_gl0.50_pr2.50_c100",2.5,0.5,100,0.3,0.946029934461399,"gain_loss_trans",NA,NA,"model4","nt"
"tl5.00_gl0.50_pr2.50_c100",5,0.5,100,0.1,3.01596882005909,"gain_loss_trans",NA,NA,"model4","nt"
"tl1.00_gl1.00_pr2.50_c100",1,1,100,0.6,0.566771876349527,"gain_loss_trans",NA,NA,"model4","nt"
"tl1.50_gl1.00_pr2.50_c100",1.5,1,100,0.3,0.647819439877925,"gain_loss_trans",NA,NA,"model4","nt"
"tl2.50_gl1.00_pr2.50_c100",2.5,1,100,0.3,1.75670158577842,"gain_loss_trans",NA,NA,"model4","nt"
"tl5.00_gl1.00_pr2.50_c100",5,1,100,0.2,2.75212228021498,"gain_loss_trans",NA,NA,"model4","nt"
"tl1.00_gl0.10_pr5.00_c100",1,0.1,100,0.9,0.0446994741923899,"gain_loss_trans",NA,NA,"model4","nt"
"tl1.50_gl0.10_pr5.00_c100",1.5,0.1,100,0.7,0.146054068702941,"gain_loss_trans",NA,NA,"model4","nt"
"tl2.50_gl0.10_pr5.00_c100",2.5,0.1,100,0.3,0.637677684273943,"gain_loss_trans",NA,NA,"model4","nt"
"tl5.00_gl0.10_pr5.00_c100",5,0.1,100,0,7.37680371593006,"gain_loss_trans",NA,NA,"model4","nt"
"tl1.00_gl0.25_pr5.00_c100",1,0.25,100,0.4,0.297802148101066,"gain_loss_trans",NA,NA,"model4","nt"
"tl1.50_gl0.25_pr5.00_c100",1.5,0.25,100,0.3,0.462210058564085,"gain_loss_trans",NA,NA,"model4","nt"
"tl2.50_gl0.25_pr5.00_c100",2.5,0.25,100,0.2,1.21779608701081,"gain_loss_trans",NA,NA,"model4","nt"
"tl5.00_gl0.25_pr5.00_c100",5,0.25,100,0,6.60489618333286,"gain_loss_trans",NA,NA,"model4","nt"
"tl1.00_gl0.50_pr5.00_c100",1,0.5,100,0.3,0.682351116188773,"gain_loss_trans",NA,NA,"model4","nt"
"tl1.50_gl0.50_pr5.00_c100",1.5,0.5,100,0.1,0.466796142954953,"gain_loss_trans",NA,NA,"model4","nt"
"tl2.50_gl0.50_pr5.00_c100",2.5,0.5,100,0.1,1.69558083584013,"gain_loss_trans",NA,NA,"model4","nt"
"tl5.00_gl0.50_pr5.00_c100",5,0.5,100,0.1,7.15711186541727,"gain_loss_trans",NA,NA,"model4","nt"
"tl1.00_gl1.00_pr5.00_c100",1,1,100,0.2,0.426182656450149,"gain_loss_trans",NA,NA,"model4","nt"
"tl1.50_gl1.00_pr5.00_c100",1.5,1,100,0.1,0.845039744269021,"gain_loss_trans",NA,NA,"model4","nt"
"tl2.50_gl1.00_pr5.00_c100",2.5,1,100,0.1,1.41367376487499,"gain_loss_trans",NA,NA,"model4","nt"
"tl5.00_gl1.00_pr5.00_c100",5,1,100,0,7.26868687395397,"gain_loss_trans",NA,NA,"model4","nt"
"tl1.00_gl0.10_pr1.00_c200",1,0.1,200,0,0.787862024724415,"gain_loss_trans",NA,NA,"model4","nt"
"tl1.50_gl0.10_pr1.00_c200",1.5,0.1,200,0.1,0.591372086171149,"gain_loss_trans",NA,NA,"model4","nt"
"tl2.50_gl0.10_pr1.00_c200",2.5,0.1,200,1,0.0128097801620442,"gain_loss_trans",NA,NA,"model4","nt"
"tl5.00_gl0.10_pr1.00_c200",5,0.1,200,0,3.48617407304028,"gain_loss_trans",NA,NA,"model4","nt"
"tl1.00_gl0.25_pr1.00_c200",1,0.25,200,0,1.06968892619999,"gain_loss_trans",NA,NA,"model4","nt"
"tl1.50_gl0.25_pr1.00_c200",1.5,0.25,200,0.4,1.34253674885531,"gain_loss_trans",NA,NA,"model4","nt"
"tl2.50_gl0.25_pr1.00_c200",2.5,0.25,200,0.6,1.04773295276598,"gain_loss_trans",NA,NA,"model4","nt"
"tl5.00_gl0.25_pr1.00_c200",5,0.25,200,0.7,0.233637534896748,"gain_loss_trans",NA,NA,"model4","nt"
"tl1.00_gl0.50_pr1.00_c200",1,0.5,200,0.3,1.47542900012359,"gain_loss_trans",NA,NA,"model4","nt"
"tl1.50_gl0.50_pr1.00_c200",1.5,0.5,200,0.4,1.48743833842847,"gain_loss_trans",NA,NA,"model4","nt"
"tl2.50_gl0.50_pr1.00_c200",2.5,0.5,200,0.5,1.96345720599626,"gain_loss_trans",NA,NA,"model4","nt"
"tl5.00_gl0.50_pr1.00_c200",5,0.5,200,0.4,1.33526770408276,"gain_loss_trans",NA,NA,"model4","nt"
"tl1.00_gl1.00_pr1.00_c200",1,1,200,0.5,2.41864861054311,"gain_loss_trans",NA,NA,"model4","nt"
"tl1.50_gl1.00_pr1.00_c200",1.5,1,200,0.5,3.0482753971222,"gain_loss_trans",NA,NA,"model4","nt"
"tl2.50_gl1.00_pr1.00_c200",2.5,1,200,0.4,3.13342864063358,"gain_loss_trans",NA,NA,"model4","nt"
"tl5.00_gl1.00_pr1.00_c200",5,1,200,0.3,2.17583182904399,"gain_loss_trans",NA,NA,"model4","nt"
"tl1.00_gl0.10_pr2.50_c200",1,0.1,200,0.2,0.270563891140319,"gain_loss_trans",NA,NA,"model4","nt"
"tl1.50_gl0.10_pr2.50_c200",1.5,0.1,200,0.8,0.102468671429236,"gain_loss_trans",NA,NA,"model4","nt"
"tl2.50_gl0.10_pr2.50_c200",2.5,0.1,200,0.7,0.171638402159109,"gain_loss_trans",NA,NA,"model4","nt"
"tl5.00_gl0.10_pr2.50_c200",5,0.1,200,0,5.33799301421371,"gain_loss_trans",NA,NA,"model4","nt"
"tl1.00_gl0.25_pr2.50_c200",1,0.25,200,0.8,0.684058196751602,"gain_loss_trans",NA,NA,"model4","nt"
"tl1.50_gl0.25_pr2.50_c200",1.5,0.25,200,0.6,0.357438384294673,"gain_loss_trans",NA,NA,"model4","nt"
"tl2.50_gl0.25_pr2.50_c200",2.5,0.25,200,0.3,0.524005582715396,"gain_loss_trans",NA,NA,"model4","nt"
"tl5.00_gl0.25_pr2.50_c200",5,0.25,200,0,2.73580434391875,"gain_loss_trans",NA,NA,"model4","nt"
"tl1.00_gl0.50_pr2.50_c200",1,0.5,200,0.4,0.70577884339345,"gain_loss_trans",NA,NA,"model4","nt"
"tl1.50_gl0.50_pr2.50_c200",1.5,0.5,200,0.3,1.14061849913898,"gain_loss_trans",NA,NA,"model4","nt"
"tl2.50_gl0.50_pr2.50_c200",2.5,0.5,200,0.1,1.29958179794636,"gain_loss_trans",NA,NA,"model4","nt"
"tl5.00_gl0.50_pr2.50_c200",5,0.5,200,0,2.71911191428737,"gain_loss_trans",NA,NA,"model4","nt"
"tl1.00_gl1.00_pr2.50_c200",1,1,200,0.2,1.05644549133032,"gain_loss_trans",NA,NA,"model4","nt"
"tl1.50_gl1.00_pr2.50_c200",1.5,1,200,0.3,0.719881558626315,"gain_loss_trans",NA,NA,"model4","nt"
"tl2.50_gl1.00_pr2.50_c200",2.5,1,200,0.3,1.31866895669372,"gain_loss_trans",NA,NA,"model4","nt"
"tl5.00_gl1.00_pr2.50_c200",5,1,200,0.1,3.92149947569455,"gain_loss_trans",NA,NA,"model4","nt"
"tl1.00_gl0.10_pr5.00_c200",1,0.1,200,0.7,0.0758275917775091,"gain_loss_trans",NA,NA,"model4","nt"
"tl1.50_gl0.10_pr5.00_c200",1.5,0.1,200,0.5,0.0842787738675003,"gain_loss_trans",NA,NA,"model4","nt"
"tl2.50_gl0.10_pr5.00_c200",2.5,0.1,200,0.1,0.821782558981287,"gain_loss_trans",NA,NA,"model4","nt"
"tl5.00_gl0.10_pr5.00_c200",5,0.1,200,0,8.07546132981699,"gain_loss_trans",NA,NA,"model4","nt"
"tl1.00_gl0.25_pr5.00_c200",1,0.25,200,0.4,0.22605741885962,"gain_loss_trans",NA,NA,"model4","nt"
"tl1.50_gl0.25_pr5.00_c200",1.5,0.25,200,0.1,0.462664749083629,"gain_loss_trans",NA,NA,"model4","nt"
"tl2.50_gl0.25_pr5.00_c200",2.5,0.25,200,0.1,1.19200407240867,"gain_loss_trans",NA,NA,"model4","nt"
"tl5.00_gl0.25_pr5.00_c200",5,0.25,200,0,6.94509744812729,"gain_loss_trans",NA,NA,"model4","nt"
"tl1.00_gl0.50_pr5.00_c200",1,0.5,200,0,0.347682931999153,"gain_loss_trans",NA,NA,"model4","nt"
"tl1.50_gl0.50_pr5.00_c200",1.5,0.5,200,0,0.704045615821303,"gain_loss_trans",NA,NA,"model4","nt"
"tl2.50_gl0.50_pr5.00_c200",2.5,0.5,200,0,1.79416042204123,"gain_loss_trans",NA,NA,"model4","nt"
"tl5.00_gl0.50_pr5.00_c200",5,0.5,200,0.2,6.95970015107945,"gain_loss_trans",NA,NA,"model4","nt"
"tl1.00_gl1.00_pr5.00_c200",1,1,200,0,0.356249987242293,"gain_loss_trans",NA,NA,"model4","nt"
"tl1.50_gl1.00_pr5.00_c200",1.5,1,200,0,0.688717803537262,"gain_loss_trans",NA,NA,"model4","nt"
"tl2.50_gl1.00_pr5.00_c200",2.5,1,200,0,2.12509960302539,"gain_loss_trans",NA,NA,"model4","nt"
"tl5.00_gl1.00_pr5.00_c200",5,1,200,0.1,7.57925858395806,"gain_loss_trans",NA,NA,"model4","nt"
"tl1.00_gl0.10_pr1.00_c25",1,0.1,25,0.6,0.669916015512149,"gain_loss_trans",NA,NA,"model5","nt"
"tl1.50_gl0.10_pr1.00_c25",1.5,0.1,25,1,0.234421455601529,"gain_loss_trans",NA,NA,"model5","nt"
"tl2.50_gl0.10_pr1.00_c25",2.5,0.1,25,0.9,0.627372852049401,"gain_loss_trans",NA,NA,"model5","nt"
"tl5.00_gl0.10_pr1.00_c25",5,0.1,25,0.5,2.53885088363473,"gain_loss_trans",NA,NA,"model5","nt"
"tl1.00_gl0.25_pr1.00_c25",1,0.25,25,0.7,0.386451040174865,"gain_loss_trans",NA,NA,"model5","nt"
"tl1.50_gl0.25_pr1.00_c25",1.5,0.25,25,1,0.263594726162776,"gain_loss_trans",NA,NA,"model5","nt"
"tl2.50_gl0.25_pr1.00_c25",2.5,0.25,25,0.8,1.15634458052612,"gain_loss_trans",NA,NA,"model5","nt"
"tl5.00_gl0.25_pr1.00_c25",5,0.25,25,0.9,0.700547301774304,"gain_loss_trans",NA,NA,"model5","nt"
"tl1.00_gl0.50_pr1.00_c25",1,0.5,25,0.8,1.14145503300176,"gain_loss_trans",NA,NA,"model5","nt"
"tl1.50_gl0.50_pr1.00_c25",1.5,0.5,25,0.8,2.38902227262361,"gain_loss_trans",NA,NA,"model5","nt"
"tl2.50_gl0.50_pr1.00_c25",2.5,0.5,25,0.6,4.26187243148718,"gain_loss_trans",NA,NA,"model5","nt"
"tl5.00_gl0.50_pr1.00_c25",5,0.5,25,0.8,3.82566503373768,"gain_loss_trans",NA,NA,"model5","nt"
"tl1.00_gl1.00_pr1.00_c25",1,1,25,0.8,0.712931589434036,"gain_loss_trans",NA,NA,"model5","nt"
"tl1.50_gl1.00_pr1.00_c25",1.5,1,25,0.7,0.740835416043147,"gain_loss_trans",NA,NA,"model5","nt"
"tl2.50_gl1.00_pr1.00_c25",2.5,1,25,0.6,5.51412801954192,"gain_loss_trans",NA,NA,"model5","nt"
"tl5.00_gl1.00_pr1.00_c25",5,1,25,0.8,3.57517344396409,"gain_loss_trans",NA,NA,"model5","nt"
"tl1.00_gl0.10_pr2.50_c25",1,0.1,25,1,0.132621662281949,"gain_loss_trans",NA,NA,"model5","nt"
"tl1.50_gl0.10_pr2.50_c25",1.5,0.1,25,1,0.127820357820992,"gain_loss_trans",NA,NA,"model5","nt"
"tl2.50_gl0.10_pr2.50_c25",2.5,0.1,25,0.8,0.591220979352261,"gain_loss_trans",NA,NA,"model5","nt"
"tl5.00_gl0.10_pr2.50_c25",5,0.1,25,0.2,4.65664771263979,"gain_loss_trans",NA,NA,"model5","nt"
"tl1.00_gl0.25_pr2.50_c25",1,0.25,25,1,0.112255576332067,"gain_loss_trans",NA,NA,"model5","nt"
"tl1.50_gl0.25_pr2.50_c25",1.5,0.25,25,1,0.211148953080361,"gain_loss_trans",NA,NA,"model5","nt"
"tl2.50_gl0.25_pr2.50_c25",2.5,0.25,25,0.6,1.02800982665249,"gain_loss_trans",NA,NA,"model5","nt"
"tl5.00_gl0.25_pr2.50_c25",5,0.25,25,0.4,2.78755329339237,"gain_loss_trans",NA,NA,"model5","nt"
"tl1.00_gl0.50_pr2.50_c25",1,0.5,25,0.8,1.07400993960854,"gain_loss_trans",NA,NA,"model5","nt"
"tl1.50_gl0.50_pr2.50_c25",1.5,0.5,25,0.9,0.285725475505248,"gain_loss_trans",NA,NA,"model5","nt"
"tl2.50_gl0.50_pr2.50_c25",2.5,0.5,25,0.5,0.827175044243791,"gain_loss_trans",NA,NA,"model5","nt"
"tl5.00_gl0.50_pr2.50_c25",5,0.5,25,0.2,4.87636262868184,"gain_loss_trans",NA,NA,"model5","nt"
"tl1.00_gl1.00_pr2.50_c25",1,1,25,1,0.064182509709101,"gain_loss_trans",NA,NA,"model5","nt"
"tl1.50_gl1.00_pr2.50_c25",1.5,1,25,0.8,0.316661902966456,"gain_loss_trans",NA,NA,"model5","nt"
"tl2.50_gl1.00_pr2.50_c25",2.5,1,25,0.4,1.08348596412059,"gain_loss_trans",NA,NA,"model5","nt"
"tl5.00_gl1.00_pr2.50_c25",5,1,25,0.3,4.2985069449562,"gain_loss_trans",NA,NA,"model5","nt"
"tl1.00_gl0.10_pr5.00_c25",1,0.1,25,1,0.0409215474493649,"gain_loss_trans",NA,NA,"model5","nt"
"tl1.50_gl0.10_pr5.00_c25",1.5,0.1,25,1,0.128952146168795,"gain_loss_trans",NA,NA,"model5","nt"
"tl2.50_gl0.10_pr5.00_c25",2.5,0.1,25,0.7,0.567105220300364,"gain_loss_trans",NA,NA,"model5","nt"
"tl5.00_gl0.10_pr5.00_c25",5,0.1,25,0,7.25859280854045,"gain_loss_trans",NA,NA,"model5","nt"
"tl1.00_gl0.25_pr5.00_c25",1,0.25,25,0.9,0.175704224135772,"gain_loss_trans",NA,NA,"model5","nt"
"tl1.50_gl0.25_pr5.00_c25",1.5,0.25,25,0.9,0.17130352028478,"gain_loss_trans",NA,NA,"model5","nt"
"tl2.50_gl0.25_pr5.00_c25",2.5,0.25,25,0.3,1.16271296739354,"gain_loss_trans",NA,NA,"model5","nt"
"tl5.00_gl0.25_pr5.00_c25",5,0.25,25,0.1,7.049243666274,"gain_loss_trans",NA,NA,"model5","nt"
"tl1.00_gl0.50_pr5.00_c25",1,0.5,25,0.8,0.289619590254539,"gain_loss_trans",NA,NA,"model5","nt"
"tl1.50_gl0.50_pr5.00_c25",1.5,0.5,25,0.9,0.254925968906536,"gain_loss_trans",NA,NA,"model5","nt"
"tl2.50_gl0.50_pr5.00_c25",2.5,0.5,25,0.3,1.10109784819827,"gain_loss_trans",NA,NA,"model5","nt"
"tl5.00_gl0.50_pr5.00_c25",5,0.5,25,0.1,7.95174876151452,"gain_loss_trans",NA,NA,"model5","nt"
"tl1.00_gl1.00_pr5.00_c25",1,1,25,0.8,0.634327126333646,"gain_loss_trans",NA,NA,"model5","nt"
"tl1.50_gl1.00_pr5.00_c25",1.5,1,25,0.8,0.344522884506231,"gain_loss_trans",NA,NA,"model5","nt"
"tl2.50_gl1.00_pr5.00_c25",2.5,1,25,0.2,1.29639249957757,"gain_loss_trans",NA,NA,"model5","nt"
"tl5.00_gl1.00_pr5.00_c25",5,1,25,0,7.58213671505977,"gain_loss_trans",NA,NA,"model5","nt"
"tl1.00_gl0.10_pr1.00_c50",1,0.1,50,0.7,0.609704052948487,"gain_loss_trans",NA,NA,"model5","nt"
"tl1.50_gl0.10_pr1.00_c50",1.5,0.1,50,0.9,0.486675263537958,"gain_loss_trans",NA,NA,"model5","nt"
"tl2.50_gl0.10_pr1.00_c50",2.5,0.1,50,0.9,0.237954911990731,"gain_loss_trans",NA,NA,"model5","nt"
"tl5.00_gl0.10_pr1.00_c50",5,0.1,50,0.8,0.892363433167459,"gain_loss_trans",NA,NA,"model5","nt"
"tl1.00_gl0.25_pr1.00_c50",1,0.25,50,0.6,0.879286460800902,"gain_loss_trans",NA,NA,"model5","nt"
"tl1.50_gl0.25_pr1.00_c50",1.5,0.25,50,0.7,1.18054222303577,"gain_loss_trans",NA,NA,"model5","nt"
"tl2.50_gl0.25_pr1.00_c50",2.5,0.25,50,0.7,0.724071245882381,"gain_loss_trans",NA,NA,"model5","nt"
"tl5.00_gl0.25_pr1.00_c50",5,0.25,50,0.9,0.624991631226049,"gain_loss_trans",NA,NA,"model5","nt"
"tl1.00_gl0.50_pr1.00_c50",1,0.5,50,0.7,0.588991425375673,"gain_loss_trans",NA,NA,"model5","nt"
"tl1.50_gl0.50_pr1.00_c50",1.5,0.5,50,0.8,0.999633948888564,"gain_loss_trans",NA,NA,"model5","nt"
"tl2.50_gl0.50_pr1.00_c50",2.5,0.5,50,0.5,3.01717383982568,"gain_loss_trans",NA,NA,"model5","nt"
"tl5.00_gl0.50_pr1.00_c50",5,0.5,50,0.8,0.686841294525188,"gain_loss_trans",NA,NA,"model5","nt"
"tl1.00_gl1.00_pr1.00_c50",1,1,50,0.7,0.726614803643006,"gain_loss_trans",NA,NA,"model5","nt"
"tl1.50_gl1.00_pr1.00_c50",1.5,1,50,0.6,3.49843900886398,"gain_loss_trans",NA,NA,"model5","nt"
"tl2.50_gl1.00_pr1.00_c50",2.5,1,50,0.6,1.38479544736204,"gain_loss_trans",NA,NA,"model5","nt"
"tl5.00_gl1.00_pr1.00_c50",5,1,50,0.8,0.74820847006458,"gain_loss_trans",NA,NA,"model5","nt"
"tl1.00_gl0.10_pr2.50_c50",1,0.1,50,0.8,0.314423824093362,"gain_loss_trans",NA,NA,"model5","nt"
"tl1.50_gl0.10_pr2.50_c50",1.5,0.1,50,0.9,0.107282642213824,"gain_loss_trans",NA,NA,"model5","nt"
"tl2.50_gl0.10_pr2.50_c50",2.5,0.1,50,0.5,0.829814665941205,"gain_loss_trans",NA,NA,"model5","nt"
"tl5.00_gl0.10_pr2.50_c50",5,0.1,50,0.1,4.9546883220263,"gain_loss_trans",NA,NA,"model5","nt"
"tl1.00_gl0.25_pr2.50_c50",1,0.25,50,0.7,0.342248206623043,"gain_loss_trans",NA,NA,"model5","nt"
"tl1.50_gl0.25_pr2.50_c50",1.5,0.25,50,0.8,0.416889251416601,"gain_loss_trans",NA,NA,"model5","nt"
"tl2.50_gl0.25_pr2.50_c50",2.5,0.25,50,0.4,1.03805476249023,"gain_loss_trans",NA,NA,"model5","nt"
"tl5.00_gl0.25_pr2.50_c50",5,0.25,50,0.2,3.33739839380166,"gain_loss_trans",NA,NA,"model5","nt"
"tl1.00_gl0.50_pr2.50_c50",1,0.5,50,0.7,0.480549037576818,"gain_loss_trans",NA,NA,"model5","nt"
"tl1.50_gl0.50_pr2.50_c50",1.5,0.5,50,0.5,0.362189190780034,"gain_loss_trans",NA,NA,"model5","nt"
"tl2.50_gl0.50_pr2.50_c50",2.5,0.5,50,0.3,1.20188928369399,"gain_loss_trans",NA,NA,"model5","nt"
"tl5.00_gl0.50_pr2.50_c50",5,0.5,50,0.5,2.58197033112213,"gain_loss_trans",NA,NA,"model5","nt"
"tl1.00_gl1.00_pr2.50_c50",1,1,50,0.8,0.601789802186637,"gain_loss_trans",NA,NA,"model5","nt"
"tl1.50_gl1.00_pr2.50_c50",1.5,1,50,0.5,1.10037622730459,"gain_loss_trans",NA,NA,"model5","nt"
"tl2.50_gl1.00_pr2.50_c50",2.5,1,50,0.3,1.10681545712226,"gain_loss_trans",NA,NA,"model5","nt"
"tl5.00_gl1.00_pr2.50_c50",5,1,50,0.4,2.38384022791729,"gain_loss_trans",NA,NA,"model5","nt"
"tl1.00_gl0.10_pr5.00_c50",1,0.1,50,0.7,0.263854875870119,"gain_loss_trans",NA,NA,"model5","nt"
"tl1.50_gl0.10_pr5.00_c50",1.5,0.1,50,0.7,0.21505732979712,"gain_loss_trans",NA,NA,"model5","nt"
"tl2.50_gl0.10_pr5.00_c50",2.5,0.1,50,0.2,0.99625385640269,"gain_loss_trans",NA,NA,"model5","nt"
"tl5.00_gl0.10_pr5.00_c50",5,0.1,50,0,7.6285224410083,"gain_loss_trans",NA,NA,"model5","nt"
"tl1.00_gl0.25_pr5.00_c50",1,0.25,50,0.7,0.44164355029696,"gain_loss_trans",NA,NA,"model5","nt"
"tl1.50_gl0.25_pr5.00_c50",1.5,0.25,50,0.5,0.350474392412198,"gain_loss_trans",NA,NA,"model5","nt"
"tl2.50_gl0.25_pr5.00_c50",2.5,0.25,50,0.1,1.78303396538226,"gain_loss_trans",NA,NA,"model5","nt"
"tl5.00_gl0.25_pr5.00_c50",5,0.25,50,0,7.43286516272566,"gain_loss_trans",NA,NA,"model5","nt"
"tl1.00_gl0.50_pr5.00_c50",1,0.5,50,0.8,0.318138558320873,"gain_loss_trans",NA,NA,"model5","nt"
"tl1.50_gl0.50_pr5.00_c50",1.5,0.5,50,0.1,0.663292117057173,"gain_loss_trans",NA,NA,"model5","nt"
"tl2.50_gl0.50_pr5.00_c50",2.5,0.5,50,0.2,1.60143435015274,"gain_loss_trans",NA,NA,"model5","nt"
"tl5.00_gl0.50_pr5.00_c50",5,0.5,50,0,7.96703627364475,"gain_loss_trans",NA,NA,"model5","nt"
"tl1.00_gl1.00_pr5.00_c50",1,1,50,0.5,0.199126869898836,"gain_loss_trans",NA,NA,"model5","nt"
"tl1.50_gl1.00_pr5.00_c50",1.5,1,50,0.4,0.459862960491057,"gain_loss_trans",NA,NA,"model5","nt"
"tl2.50_gl1.00_pr5.00_c50",2.5,1,50,0.2,1.46665711372845,"gain_loss_trans",NA,NA,"model5","nt"
"tl5.00_gl1.00_pr5.00_c50",5,1,50,0,8.35312008398671,"gain_loss_trans",NA,NA,"model5","nt"
"tl1.00_gl0.10_pr1.00_c100",1,0.1,100,0.5,0.451886498486228,"gain_loss_trans",NA,NA,"model5","nt"
"tl1.50_gl0.10_pr1.00_c100",1.5,0.1,100,0.5,0.53024531813402,"gain_loss_trans",NA,NA,"model5","nt"
"tl2.50_gl0.10_pr1.00_c100",2.5,0.1,100,0.7,0.516276411451288,"gain_loss_trans",NA,NA,"model5","nt"
"tl5.00_gl0.10_pr1.00_c100",5,0.1,100,0.6,1.33962678186578,"gain_loss_trans",NA,NA,"model5","nt"
"tl1.00_gl0.25_pr1.00_c100",1,0.25,100,0.5,1.3928614318063,"gain_loss_trans",NA,NA,"model5","nt"
"tl1.50_gl0.25_pr1.00_c100",1.5,0.25,100,0.5,1.28702778615122,"gain_loss_trans",NA,NA,"model5","nt"
"tl2.50_gl0.25_pr1.00_c100",2.5,0.25,100,0.6,1.28121552494969,"gain_loss_trans",NA,NA,"model5","nt"
"tl5.00_gl0.25_pr1.00_c100",5,0.25,100,0.8,0.897266905816854,"gain_loss_trans",NA,NA,"model5","nt"
"tl1.00_gl0.50_pr1.00_c100",1,0.5,100,0.5,0.716648507176977,"gain_loss_trans",NA,NA,"model5","nt"
"tl1.50_gl0.50_pr1.00_c100",1.5,0.5,100,0.5,1.9876745449471,"gain_loss_trans",NA,NA,"model5","nt"
"tl2.50_gl0.50_pr1.00_c100",2.5,0.5,100,0.4,0.81095252662569,"gain_loss_trans",NA,NA,"model5","nt"
"tl5.00_gl0.50_pr1.00_c100",5,0.5,100,0.4,1.3713220980199,"gain_loss_trans",NA,NA,"model5","nt"
"tl1.00_gl1.00_pr1.00_c100",1,1,100,0.6,2.23844760311126,"gain_loss_trans",NA,NA,"model5","nt"
"tl1.50_gl1.00_pr1.00_c100",1.5,1,100,0.4,1.44074581384418,"gain_loss_trans",NA,NA,"model5","nt"
"tl2.50_gl1.00_pr1.00_c100",2.5,1,100,0.4,3.00170142809865,"gain_loss_trans",NA,NA,"model5","nt"
"tl5.00_gl1.00_pr1.00_c100",5,1,100,0.7,1.67622739687404,"gain_loss_trans",NA,NA,"model5","nt"
"tl1.00_gl0.10_pr2.50_c100",1,0.1,100,0.7,0.160681263559105,"gain_loss_trans",NA,NA,"model5","nt"
"tl1.50_gl0.10_pr2.50_c100",1.5,0.1,100,0.7,0.462489944750916,"gain_loss_trans",NA,NA,"model5","nt"
"tl2.50_gl0.10_pr2.50_c100",2.5,0.1,100,0.8,0.285983629641312,"gain_loss_trans",NA,NA,"model5","nt"
"tl5.00_gl0.10_pr2.50_c100",5,0.1,100,0.1,4.21740570510217,"gain_loss_trans",NA,NA,"model5","nt"
"tl1.00_gl0.25_pr2.50_c100",1,0.25,100,0.7,1.22880957992928,"gain_loss_trans",NA,NA,"model5","nt"
"tl1.50_gl0.25_pr2.50_c100",1.5,0.25,100,0.6,0.692561278188958,"gain_loss_trans",NA,NA,"model5","nt"
"tl2.50_gl0.25_pr2.50_c100",2.5,0.25,100,0.3,0.750296580292913,"gain_loss_trans",NA,NA,"model5","nt"
"tl5.00_gl0.25_pr2.50_c100",5,0.25,100,0.1,3.45993219107756,"gain_loss_trans",NA,NA,"model5","nt"
"tl1.00_gl0.50_pr2.50_c100",1,0.5,100,0.4,0.415704710995782,"gain_loss_trans",NA,NA,"model5","nt"
"tl1.50_gl0.50_pr2.50_c100",1.5,0.5,100,0.3,0.931009368325972,"gain_loss_trans",NA,NA,"model5","nt"
"tl2.50_gl0.50_pr2.50_c100",2.5,0.5,100,0.3,0.922623839978116,"gain_loss_trans",NA,NA,"model5","nt"
"tl5.00_gl0.50_pr2.50_c100",5,0.5,100,0.1,3.07625916809894,"gain_loss_trans",NA,NA,"model5","nt"
"tl1.00_gl1.00_pr2.50_c100",1,1,100,0.5,0.555768866859313,"gain_loss_trans",NA,NA,"model5","nt"
"tl1.50_gl1.00_pr2.50_c100",1.5,1,100,0.3,0.656514978671913,"gain_loss_trans",NA,NA,"model5","nt"
"tl2.50_gl1.00_pr2.50_c100",2.5,1,100,0.3,1.74720460131572,"gain_loss_trans",NA,NA,"model5","nt"
"tl5.00_gl1.00_pr2.50_c100",5,1,100,0.2,2.69747871273943,"gain_loss_trans",NA,NA,"model5","nt"
"tl1.00_gl0.10_pr5.00_c100",1,0.1,100,0.9,0.101276857394324,"gain_loss_trans",NA,NA,"model5","nt"
"tl1.50_gl0.10_pr5.00_c100",1.5,0.1,100,0.2,0.36065650762373,"gain_loss_trans",NA,NA,"model5","nt"
"tl2.50_gl0.10_pr5.00_c100",2.5,0.1,100,0.1,1.16085868271535,"gain_loss_trans",NA,NA,"model5","nt"
"tl5.00_gl0.10_pr5.00_c100",5,0.1,100,0,7.08276024305066,"gain_loss_trans",NA,NA,"model5","nt"
"tl1.00_gl0.25_pr5.00_c100",1,0.25,100,0.3,0.297267574869767,"gain_loss_trans",NA,NA,"model5","nt"
"tl1.50_gl0.25_pr5.00_c100",1.5,0.25,100,0.2,0.558049070662894,"gain_loss_trans",NA,NA,"model5","nt"
"tl2.50_gl0.25_pr5.00_c100",2.5,0.25,100,0.2,1.3670707048911,"gain_loss_trans",NA,NA,"model5","nt"
"tl5.00_gl0.25_pr5.00_c100",5,0.25,100,0,6.97937292065562,"gain_loss_trans",NA,NA,"model5","nt"
"tl1.00_gl0.50_pr5.00_c100",1,0.5,100,0.4,0.715926840520349,"gain_loss_trans",NA,NA,"model5","nt"
"tl1.50_gl0.50_pr5.00_c100",1.5,0.5,100,0.1,0.49518212427386,"gain_loss_trans",NA,NA,"model5","nt"
"tl2.50_gl0.50_pr5.00_c100",2.5,0.5,100,0.1,1.73594397011727,"gain_loss_trans",NA,NA,"model5","nt"
"tl5.00_gl0.50_pr5.00_c100",5,0.5,100,0.1,7.42851231674095,"gain_loss_trans",NA,NA,"model5","nt"
"tl1.00_gl1.00_pr5.00_c100",1,1,100,0.2,0.427538948002838,"gain_loss_trans",NA,NA,"model5","nt"
"tl1.50_gl1.00_pr5.00_c100",1.5,1,100,0.1,0.824541914027114,"gain_loss_trans",NA,NA,"model5","nt"
"tl2.50_gl1.00_pr5.00_c100",2.5,1,100,0.2,1.4804854260369,"gain_loss_trans",NA,NA,"model5","nt"
"tl5.00_gl1.00_pr5.00_c100",5,1,100,0,7.39047209384399,"gain_loss_trans",NA,NA,"model5","nt"
"tl1.00_gl0.10_pr1.00_c200",1,0.1,200,0.4,0.60394797799485,"gain_loss_trans",NA,NA,"model5","nt"
"tl1.50_gl0.10_pr1.00_c200",1.5,0.1,200,0.4,0.40374727614881,"gain_loss_trans",NA,NA,"model5","nt"
"tl2.50_gl0.10_pr1.00_c200",2.5,0.1,200,0.8,0.104304957021115,"gain_loss_trans",NA,NA,"model5","nt"
"tl5.00_gl0.10_pr1.00_c200",5,0.1,200,0.8,0.385694037698618,"gain_loss_trans",NA,NA,"model5","nt"
"tl1.00_gl0.25_pr1.00_c200",1,0.25,200,0.5,1.03559318132899,"gain_loss_trans",NA,NA,"model5","nt"
"tl1.50_gl0.25_pr1.00_c200",1.5,0.25,200,0.5,1.40371579661482,"gain_loss_trans",NA,NA,"model5","nt"
"tl2.50_gl0.25_pr1.00_c200",2.5,0.25,200,0.7,1.69029022372076,"gain_loss_trans",NA,NA,"model5","nt"
"tl5.00_gl0.25_pr1.00_c200",5,0.25,200,0.6,0.522147871502791,"gain_loss_trans",NA,NA,"model5","nt"
"tl1.00_gl0.50_pr1.00_c200",1,0.5,200,0.5,1.46372367229724,"gain_loss_trans",NA,NA,"model5","nt"
"tl1.50_gl0.50_pr1.00_c200",1.5,0.5,200,0.4,1.45449265860279,"gain_loss_trans",NA,NA,"model5","nt"
"tl2.50_gl0.50_pr1.00_c200",2.5,0.5,200,0.6,1.71298960024522,"gain_loss_trans",NA,NA,"model5","nt"
"tl5.00_gl0.50_pr1.00_c200",5,0.5,200,0.5,1.55433792155572,"gain_loss_trans",NA,NA,"model5","nt"
"tl1.00_gl1.00_pr1.00_c200",1,1,200,0.5,2.34509931760329,"gain_loss_trans",NA,NA,"model5","nt"
"tl1.50_gl1.00_pr1.00_c200",1.5,1,200,0.5,3.00726173810723,"gain_loss_trans",NA,NA,"model5","nt"
"tl2.50_gl1.00_pr1.00_c200",2.5,1,200,0.4,3.08235180578168,"gain_loss_trans",NA,NA,"model5","nt"
"tl5.00_gl1.00_pr1.00_c200",5,1,200,0.3,2.03755697665535,"gain_loss_trans",NA,NA,"model5","nt"
"tl1.00_gl0.10_pr2.50_c200",1,0.1,200,0.6,0.185069606676049,"gain_loss_trans",NA,NA,"model5","nt"
"tl1.50_gl0.10_pr2.50_c200",1.5,0.1,200,0.5,0.250023694185562,"gain_loss_trans",NA,NA,"model5","nt"
"tl2.50_gl0.10_pr2.50_c200",2.5,0.1,200,0.4,0.527611710773332,"gain_loss_trans",NA,NA,"model5","nt"
"tl5.00_gl0.10_pr2.50_c200",5,0.1,200,0.1,3.78900017566471,"gain_loss_trans",NA,NA,"model5","nt"
"tl1.00_gl0.25_pr2.50_c200",1,0.25,200,0.4,0.852699293743742,"gain_loss_trans",NA,NA,"model5","nt"
"tl1.50_gl0.25_pr2.50_c200",1.5,0.25,200,0.3,0.501112246085147,"gain_loss_trans",NA,NA,"model5","nt"
"tl2.50_gl0.25_pr2.50_c200",2.5,0.25,200,0.3,0.829689072038781,"gain_loss_trans",NA,NA,"model5","nt"
"tl5.00_gl0.25_pr2.50_c200",5,0.25,200,0.1,3.00659469634444,"gain_loss_trans",NA,NA,"model5","nt"
"tl1.00_gl0.50_pr2.50_c200",1,0.5,200,0.3,0.693347872462388,"gain_loss_trans",NA,NA,"model5","nt"
"tl1.50_gl0.50_pr2.50_c200",1.5,0.5,200,0.2,1.15154410624347,"gain_loss_trans",NA,NA,"model5","nt"
"tl2.50_gl0.50_pr2.50_c200",2.5,0.5,200,0.1,1.21453883038019,"gain_loss_trans",NA,NA,"model5","nt"
"tl5.00_gl0.50_pr2.50_c200",5,0.5,200,0.1,2.90616858500527,"gain_loss_trans",NA,NA,"model5","nt"
"tl1.00_gl1.00_pr2.50_c200",1,1,200,0.3,1.01913480699814,"gain_loss_trans",NA,NA,"model5","nt"
"tl1.50_gl1.00_pr2.50_c200",1.5,1,200,0.3,0.717214788952342,"gain_loss_trans",NA,NA,"model5","nt"
"tl2.50_gl1.00_pr2.50_c200",2.5,1,200,0.2,1.30795915016661,"gain_loss_trans",NA,NA,"model5","nt"
"tl5.00_gl1.00_pr2.50_c200",5,1,200,0.1,3.92085945043855,"gain_loss_trans",NA,NA,"model5","nt"
"tl1.00_gl0.10_pr5.00_c200",1,0.1,200,0.2,0.180074478859795,"gain_loss_trans",NA,NA,"model5","nt"
"tl1.50_gl0.10_pr5.00_c200",1.5,0.1,200,0.2,0.35554951539805,"gain_loss_trans",NA,NA,"model5","nt"
"tl2.50_gl0.10_pr5.00_c200",2.5,0.1,200,0.2,1.36347357630377,"gain_loss_trans",NA,NA,"model5","nt"
"tl5.00_gl0.10_pr5.00_c200",5,0.1,200,0,9.1112374073947,"gain_loss_trans",NA,NA,"model5","nt"
"tl1.00_gl0.25_pr5.00_c200",1,0.25,200,0.2,0.301163759885981,"gain_loss_trans",NA,NA,"model5","nt"
"tl1.50_gl0.25_pr5.00_c200",1.5,0.25,200,0.1,0.672080337447551,"gain_loss_trans",NA,NA,"model5","nt"
"tl2.50_gl0.25_pr5.00_c200",2.5,0.25,200,0.1,1.58622895720795,"gain_loss_trans",NA,NA,"model5","nt"
"tl5.00_gl0.25_pr5.00_c200",5,0.25,200,0,7.63704531779707,"gain_loss_trans",NA,NA,"model5","nt"
"tl1.00_gl0.50_pr5.00_c200",1,0.5,200,0,0.371174440533881,"gain_loss_trans",NA,NA,"model5","nt"
"tl1.50_gl0.50_pr5.00_c200",1.5,0.5,200,0,0.70682260781049,"gain_loss_trans",NA,NA,"model5","nt"
"tl2.50_gl0.50_pr5.00_c200",2.5,0.5,200,0,1.93335254184779,"gain_loss_trans",NA,NA,"model5","nt"
"tl5.00_gl0.50_pr5.00_c200",5,0.5,200,0.2,7.32637418951529,"gain_loss_trans",NA,NA,"model5","nt"
"tl1.00_gl1.00_pr5.00_c200",1,1,200,0,0.342451548993912,"gain_loss_trans",NA,NA,"model5","nt"
"tl1.50_gl1.00_pr5.00_c200",1.5,1,200,0,0.705155929018857,"gain_loss_trans",NA,NA,"model5","nt"
"tl2.50_gl1.00_pr5.00_c200",2.5,1,200,0,2.16968949928362,"gain_loss_trans",NA,NA,"model5","nt"
"tl5.00_gl1.00_pr5.00_c200",5,1,200,0.1,7.67909128602339,"gain_loss_trans",NA,NA,"model5","nt"
"tl1.00_gl0.10_pr1.00_c25",1,0.1,25,0.7,0.483471891360083,"gain_loss_trans",NA,NA,"model6","nt"
"tl1.50_gl0.10_pr1.00_c25",1.5,0.1,25,1,0.298595906873164,"gain_loss_trans",NA,NA,"model6","nt"
"tl2.50_gl0.10_pr1.00_c25",2.5,0.1,25,1,0.470399444949852,"gain_loss_trans",NA,NA,"model6","nt"
"tl5.00_gl0.10_pr1.00_c25",5,0.1,25,0.2,5.77150387040567,"gain_loss_trans",NA,NA,"model6","nt"
"tl1.00_gl0.25_pr1.00_c25",1,0.25,25,0.8,0.890420672397888,"gain_loss_trans",NA,NA,"model6","nt"
"tl1.50_gl0.25_pr1.00_c25",1.5,0.25,25,0.9,0.388079397954692,"gain_loss_trans",NA,NA,"model6","nt"
"tl2.50_gl0.25_pr1.00_c25",2.5,0.25,25,0.7,1.30166029291606,"gain_loss_trans",NA,NA,"model6","nt"
"tl5.00_gl0.25_pr1.00_c25",5,0.25,25,0.9,1.17881701162157,"gain_loss_trans",NA,NA,"model6","nt"
"tl1.00_gl0.50_pr1.00_c25",1,0.5,25,0.8,2.40378096602496,"gain_loss_trans",NA,NA,"model6","nt"
"tl1.50_gl0.50_pr1.00_c25",1.5,0.5,25,0.8,3.26432762071205,"gain_loss_trans",NA,NA,"model6","nt"
"tl2.50_gl0.50_pr1.00_c25",2.5,0.5,25,0.6,4.9051385619381,"gain_loss_trans",NA,NA,"model6","nt"
"tl5.00_gl0.50_pr1.00_c25",5,0.5,25,0.8,1.52914590195242,"gain_loss_trans",NA,NA,"model6","nt"
"tl1.00_gl1.00_pr1.00_c25",1,1,25,0.7,0.884545650811541,"gain_loss_trans",NA,NA,"model6","nt"
"tl1.50_gl1.00_pr1.00_c25",1.5,1,25,0.8,1.2101218919139,"gain_loss_trans",NA,NA,"model6","nt"
"tl2.50_gl1.00_pr1.00_c25",2.5,1,25,0.6,8.93584581537506,"gain_loss_trans",NA,NA,"model6","nt"
"tl5.00_gl1.00_pr1.00_c25",5,1,25,0.8,4.50813984505955,"gain_loss_trans",NA,NA,"model6","nt"
"tl1.00_gl0.10_pr2.50_c25",1,0.1,25,0.9,0.205996679548785,"gain_loss_trans",NA,NA,"model6","nt"
"tl1.50_gl0.10_pr2.50_c25",1.5,0.1,25,0.9,0.285468226372989,"gain_loss_trans",NA,NA,"model6","nt"
"tl2.50_gl0.10_pr2.50_c25",2.5,0.1,25,0.6,0.845716417809316,"gain_loss_trans",NA,NA,"model6","nt"
"tl5.00_gl0.10_pr2.50_c25",5,0.1,25,0.1,6.51789979982873,"gain_loss_trans",NA,NA,"model6","nt"
"tl1.00_gl0.25_pr2.50_c25",1,0.25,25,1,0.246574878844225,"gain_loss_trans",NA,NA,"model6","nt"
"tl1.50_gl0.25_pr2.50_c25",1.5,0.25,25,0.9,0.411545807002822,"gain_loss_trans",NA,NA,"model6","nt"
"tl2.50_gl0.25_pr2.50_c25",2.5,0.25,25,0.6,1.38176704991793,"gain_loss_trans",NA,NA,"model6","nt"
"tl5.00_gl0.25_pr2.50_c25",5,0.25,25,0.5,2.75863998472107,"gain_loss_trans",NA,NA,"model6","nt"
"tl1.00_gl0.50_pr2.50_c25",1,0.5,25,0.8,1.4965128649025,"gain_loss_trans",NA,NA,"model6","nt"
"tl1.50_gl0.50_pr2.50_c25",1.5,0.5,25,0.8,0.896757521301888,"gain_loss_trans",NA,NA,"model6","nt"
"tl2.50_gl0.50_pr2.50_c25",2.5,0.5,25,0.6,1.18487991046225,"gain_loss_trans",NA,NA,"model6","nt"
"tl5.00_gl0.50_pr2.50_c25",5,0.5,25,0.3,4.6002669223745,"gain_loss_trans",NA,NA,"model6","nt"
"tl1.00_gl1.00_pr2.50_c25",1,1,25,1,0.0890626542854882,"gain_loss_trans",NA,NA,"model6","nt"
"tl1.50_gl1.00_pr2.50_c25",1.5,1,25,0.8,1.67248144736578,"gain_loss_trans",NA,NA,"model6","nt"
"tl2.50_gl1.00_pr2.50_c25",2.5,1,25,0.5,1.37156972639521,"gain_loss_trans",NA,NA,"model6","nt"
"tl5.00_gl1.00_pr2.50_c25",5,1,25,0.4,4.11096959115183,"gain_loss_trans",NA,NA,"model6","nt"
"tl1.00_gl0.10_pr5.00_c25",1,0.1,25,1,0.155995039425535,"gain_loss_trans",NA,NA,"model6","nt"
"tl1.50_gl0.10_pr5.00_c25",1.5,0.1,25,0.9,0.606560613350193,"gain_loss_trans",NA,NA,"model6","nt"
"tl2.50_gl0.10_pr5.00_c25",2.5,0.1,25,0.8,0.49731204250028,"gain_loss_trans",NA,NA,"model6","nt"
"tl5.00_gl0.10_pr5.00_c25",5,0.1,25,0.2,7.74674425552939,"gain_loss_trans",NA,NA,"model6","nt"
"tl1.00_gl0.25_pr5.00_c25",1,0.25,25,0.8,0.369648418391284,"gain_loss_trans",NA,NA,"model6","nt"
"tl1.50_gl0.25_pr5.00_c25",1.5,0.25,25,1,0.180978971696877,"gain_loss_trans",NA,NA,"model6","nt"
"tl2.50_gl0.25_pr5.00_c25",2.5,0.25,25,0.6,0.8731089839514,"gain_loss_trans",NA,NA,"model6","nt"
"tl5.00_gl0.25_pr5.00_c25",5,0.25,25,0.3,6.75674311710516,"gain_loss_trans",NA,NA,"model6","nt"
"tl1.00_gl0.50_pr5.00_c25",1,0.5,25,0.8,1.0258484647338,"gain_loss_trans",NA,NA,"model6","nt"
"tl1.50_gl0.50_pr5.00_c25",1.5,0.5,25,0.9,0.402440790247566,"gain_loss_trans",NA,NA,"model6","nt"
"tl2.50_gl0.50_pr5.00_c25",2.5,0.5,25,0.4,1.67809751852423,"gain_loss_trans",NA,NA,"model6","nt"
"tl5.00_gl0.50_pr5.00_c25",5,0.5,25,0.2,7.42058068787182,"gain_loss_trans",NA,NA,"model6","nt"
"tl1.00_gl1.00_pr5.00_c25",1,1,25,0.8,0.992705253600787,"gain_loss_trans",NA,NA,"model6","nt"
"tl1.50_gl1.00_pr5.00_c25",1.5,1,25,0.8,1.02696256025654,"gain_loss_trans",NA,NA,"model6","nt"
"tl2.50_gl1.00_pr5.00_c25",2.5,1,25,0.4,1.64807699073811,"gain_loss_trans",NA,NA,"model6","nt"
"tl5.00_gl1.00_pr5.00_c25",5,1,25,0.4,6.17764123374759,"gain_loss_trans",NA,NA,"model6","nt"
"tl1.00_gl0.10_pr1.00_c50",1,0.1,50,0.6,0.712287004001699,"gain_loss_trans",NA,NA,"model6","nt"
"tl1.50_gl0.10_pr1.00_c50",1.5,0.1,50,0.7,0.634487279779175,"gain_loss_trans",NA,NA,"model6","nt"
"tl2.50_gl0.10_pr1.00_c50",2.5,0.1,50,0.9,0.511280968904099,"gain_loss_trans",NA,NA,"model6","nt"
"tl5.00_gl0.10_pr1.00_c50",5,0.1,50,0.2,3.82987549357857,"gain_loss_trans",NA,NA,"model6","nt"
"tl1.00_gl0.25_pr1.00_c50",1,0.25,50,0.6,4.01285660521957,"gain_loss_trans",NA,NA,"model6","nt"
"tl1.50_gl0.25_pr1.00_c50",1.5,0.25,50,0.6,3.34303928906912,"gain_loss_trans",NA,NA,"model6","nt"
"tl2.50_gl0.25_pr1.00_c50",2.5,0.25,50,0.7,2.95312060505599,"gain_loss_trans",NA,NA,"model6","nt"
"tl5.00_gl0.25_pr1.00_c50",5,0.25,50,0.9,0.634242477348777,"gain_loss_trans",NA,NA,"model6","nt"
"tl1.00_gl0.50_pr1.00_c50",1,0.5,50,0.8,1.85477319761811,"gain_loss_trans",NA,NA,"model6","nt"
"tl1.50_gl0.50_pr1.00_c50",1.5,0.5,50,0.8,3.65205615185844,"gain_loss_trans",NA,NA,"model6","nt"
"tl2.50_gl0.50_pr1.00_c50",2.5,0.5,50,0.6,4.99183247921345,"gain_loss_trans",NA,NA,"model6","nt"
"tl5.00_gl0.50_pr1.00_c50",5,0.5,50,0.7,2.11698390260097,"gain_loss_trans",NA,NA,"model6","nt"
"tl1.00_gl1.00_pr1.00_c50",1,1,50,0.8,1.51435172298799,"gain_loss_trans",NA,NA,"model6","nt"
"tl1.50_gl1.00_pr1.00_c50",1.5,1,50,0.6,10.1027951423957,"gain_loss_trans",NA,NA,"model6","nt"
"tl2.50_gl1.00_pr1.00_c50",2.5,1,50,0.6,5.18500035564242,"gain_loss_trans",NA,NA,"model6","nt"
"tl5.00_gl1.00_pr1.00_c50",5,1,50,0.6,8.6636684998377,"gain_loss_trans",NA,NA,"model6","nt"
"tl1.00_gl0.10_pr2.50_c50",1,0.1,50,0.9,0.602562809099842,"gain_loss_trans",NA,NA,"model6","nt"
"tl1.50_gl0.10_pr2.50_c50",1.5,0.1,50,0.9,0.224625169002815,"gain_loss_trans",NA,NA,"model6","nt"
"tl2.50_gl0.10_pr2.50_c50",2.5,0.1,50,0.7,0.721017108993495,"gain_loss_trans",NA,NA,"model6","nt"
"tl5.00_gl0.10_pr2.50_c50",5,0.1,50,0.1,6.48182902391986,"gain_loss_trans",NA,NA,"model6","nt"
"tl1.00_gl0.25_pr2.50_c50",1,0.25,50,0.8,1.3230007369351,"gain_loss_trans",NA,NA,"model6","nt"
"tl1.50_gl0.25_pr2.50_c50",1.5,0.25,50,0.7,1.33397038641462,"gain_loss_trans",NA,NA,"model6","nt"
"tl2.50_gl0.25_pr2.50_c50",2.5,0.25,50,0.6,1.84396630118392,"gain_loss_trans",NA,NA,"model6","nt"
"tl5.00_gl0.25_pr2.50_c50",5,0.25,50,0.4,2.72450850325134,"gain_loss_trans",NA,NA,"model6","nt"
"tl1.00_gl0.50_pr2.50_c50",1,0.5,50,0.8,2.02788044271987,"gain_loss_trans",NA,NA,"model6","nt"
"tl1.50_gl0.50_pr2.50_c50",1.5,0.5,50,0.5,1.44322071900676,"gain_loss_trans",NA,NA,"model6","nt"
"tl2.50_gl0.50_pr2.50_c50",2.5,0.5,50,0.4,2.79945607945385,"gain_loss_trans",NA,NA,"model6","nt"
"tl5.00_gl0.50_pr2.50_c50",5,0.5,50,0.6,3.32366620984569,"gain_loss_trans",NA,NA,"model6","nt"
"tl1.00_gl1.00_pr2.50_c50",1,1,50,0.8,3.16077760636034,"gain_loss_trans",NA,NA,"model6","nt"
"tl1.50_gl1.00_pr2.50_c50",1.5,1,50,0.5,5.54571239512565,"gain_loss_trans",NA,NA,"model6","nt"
"tl2.50_gl1.00_pr2.50_c50",2.5,1,50,0.3,5.28792622038462,"gain_loss_trans",NA,NA,"model6","nt"
"tl5.00_gl1.00_pr2.50_c50",5,1,50,0.3,4.84904057223289,"gain_loss_trans",NA,NA,"model6","nt"
"tl1.00_gl0.10_pr5.00_c50",1,0.1,50,0.7,0.581681171832029,"gain_loss_trans",NA,NA,"model6","nt"
"tl1.50_gl0.10_pr5.00_c50",1.5,0.1,50,0.7,0.195979050428881,"gain_loss_trans",NA,NA,"model6","nt"
"tl2.50_gl0.10_pr5.00_c50",2.5,0.1,50,0.6,0.797109183447273,"gain_loss_trans",NA,NA,"model6","nt"
"tl5.00_gl0.10_pr5.00_c50",5,0.1,50,0.1,6.72895038651517,"gain_loss_trans",NA,NA,"model6","nt"
"tl1.00_gl0.25_pr5.00_c50",1,0.25,50,0.7,1.68266781307624,"gain_loss_trans",NA,NA,"model6","nt"
"tl1.50_gl0.25_pr5.00_c50",1.5,0.25,50,0.6,1.07270322701287,"gain_loss_trans",NA,NA,"model6","nt"
"tl2.50_gl0.25_pr5.00_c50",2.5,0.25,50,0.1,2.23895159903112,"gain_loss_trans",NA,NA,"model6","nt"
"tl5.00_gl0.25_pr5.00_c50",5,0.25,50,0.2,6.2874549882597,"gain_loss_trans",NA,NA,"model6","nt"
"tl1.00_gl0.50_pr5.00_c50",1,0.5,50,0.9,1.61177682718557,"gain_loss_trans",NA,NA,"model6","nt"
"tl1.50_gl0.50_pr5.00_c50",1.5,0.5,50,0.4,1.82186357656226,"gain_loss_trans",NA,NA,"model6","nt"
"tl2.50_gl0.50_pr5.00_c50",2.5,0.5,50,0.2,1.8197516472959,"gain_loss_trans",NA,NA,"model6","nt"
"tl5.00_gl0.50_pr5.00_c50",5,0.5,50,0.4,6.5911270914911,"gain_loss_trans",NA,NA,"model6","nt"
"tl1.00_gl1.00_pr5.00_c50",1,1,50,0.9,0.601920040843102,"gain_loss_trans",NA,NA,"model6","nt"
"tl1.50_gl1.00_pr5.00_c50",1.5,1,50,0.5,2.16052226259812,"gain_loss_trans",NA,NA,"model6","nt"
"tl2.50_gl1.00_pr5.00_c50",2.5,1,50,0.4,1.95192872301947,"gain_loss_trans",NA,NA,"model6","nt"
"tl5.00_gl1.00_pr5.00_c50",5,1,50,0.3,6.71050296002597,"gain_loss_trans",NA,NA,"model6","nt"
"tl1.00_gl0.10_pr1.00_c100",1,0.1,100,0.2,1.43037135051204,"gain_loss_trans",NA,NA,"model6","nt"
"tl1.50_gl0.10_pr1.00_c100",1.5,0.1,100,0.6,0.606630061125601,"gain_loss_trans",NA,NA,"model6","nt"
"tl2.50_gl0.10_pr1.00_c100",2.5,0.1,100,0.7,0.532441662577683,"gain_loss_trans",NA,NA,"model6","nt"
"tl5.00_gl0.10_pr1.00_c100",5,0.1,100,0.2,3.70512889391596,"gain_loss_trans",NA,NA,"model6","nt"
"tl1.00_gl0.25_pr1.00_c100",1,0.25,100,0.6,6.01102868713639,"gain_loss_trans",NA,NA,"model6","nt"
"tl1.50_gl0.25_pr1.00_c100",1.5,0.25,100,0.5,3.17435181127042,"gain_loss_trans",NA,NA,"model6","nt"
"tl2.50_gl0.25_pr1.00_c100",2.5,0.25,100,0.5,4.24773663792306,"gain_loss_trans",NA,NA,"model6","nt"
"tl5.00_gl0.25_pr1.00_c100",5,0.25,100,0.7,0.880187361976059,"gain_loss_trans",NA,NA,"model6","nt"
"tl1.00_gl0.50_pr1.00_c100",1,0.5,100,0.8,5.75688945894958,"gain_loss_trans",NA,NA,"model6","nt"
"tl1.50_gl0.50_pr1.00_c100",1.5,0.5,100,0.5,10.6049122661852,"gain_loss_trans",NA,NA,"model6","nt"
"tl2.50_gl0.50_pr1.00_c100",2.5,0.5,100,0.5,6.72797202473011,"gain_loss_trans",NA,NA,"model6","nt"
"tl5.00_gl0.50_pr1.00_c100",5,0.5,100,0.4,10.1347681321414,"gain_loss_trans",NA,NA,"model6","nt"
"tl1.00_gl1.00_pr1.00_c100",1,1,100,0.6,14.1098277350216,"gain_loss_trans",NA,NA,"model6","nt"
"tl1.50_gl1.00_pr1.00_c100",1.5,1,100,0.5,9.06387355119437,"gain_loss_trans",NA,NA,"model6","nt"
"tl2.50_gl1.00_pr1.00_c100",2.5,1,100,0.5,16.3803203280319,"gain_loss_trans",NA,NA,"model6","nt"
"tl5.00_gl1.00_pr1.00_c100",5,1,100,0.7,16.6612581223487,"gain_loss_trans",NA,NA,"model6","nt"
"tl1.00_gl0.10_pr2.50_c100",1,0.1,100,0.7,0.531738680272712,"gain_loss_trans",NA,NA,"model6","nt"
"tl1.50_gl0.10_pr2.50_c100",1.5,0.1,100,0.6,1.05092708819497,"gain_loss_trans",NA,NA,"model6","nt"
"tl2.50_gl0.10_pr2.50_c100",2.5,0.1,100,0.7,0.175044981957417,"gain_loss_trans",NA,NA,"model6","nt"
"tl5.00_gl0.10_pr2.50_c100",5,0.1,100,0,5.22195341011865,"gain_loss_trans",NA,NA,"model6","nt"
"tl1.00_gl0.25_pr2.50_c100",1,0.25,100,0.8,4.77413959824491,"gain_loss_trans",NA,NA,"model6","nt"
"tl1.50_gl0.25_pr2.50_c100",1.5,0.25,100,0.6,2.56806789713419,"gain_loss_trans",NA,NA,"model6","nt"
"tl2.50_gl0.25_pr2.50_c100",2.5,0.25,100,0.1,2.73977490895405,"gain_loss_trans",NA,NA,"model6","nt"
"tl5.00_gl0.25_pr2.50_c100",5,0.25,100,0.2,3.93303771478154,"gain_loss_trans",NA,NA,"model6","nt"
"tl1.00_gl0.50_pr2.50_c100",1,0.5,100,0.6,3.97969554010801,"gain_loss_trans",NA,NA,"model6","nt"
"tl1.50_gl0.50_pr2.50_c100",1.5,0.5,100,0.6,9.92739920561657,"gain_loss_trans",NA,NA,"model6","nt"
"tl2.50_gl0.50_pr2.50_c100",2.5,0.5,100,0.3,3.67846223306766,"gain_loss_trans",NA,NA,"model6","nt"
"tl5.00_gl0.50_pr2.50_c100",5,0.5,100,0.2,4.482995128879,"gain_loss_trans",NA,NA,"model6","nt"
"tl1.00_gl1.00_pr2.50_c100",1,1,100,0.8,5.63559329372246,"gain_loss_trans",NA,NA,"model6","nt"
"tl1.50_gl1.00_pr2.50_c100",1.5,1,100,0.3,6.37940842013708,"gain_loss_trans",NA,NA,"model6","nt"
"tl2.50_gl1.00_pr2.50_c100",2.5,1,100,0.5,21.2994046950044,"gain_loss_trans",NA,NA,"model6","nt"
"tl5.00_gl1.00_pr2.50_c100",5,1,100,0.3,11.8067115517671,"gain_loss_trans",NA,NA,"model6","nt"
"tl1.00_gl0.10_pr5.00_c100",1,0.1,100,0.9,0.268554274953626,"gain_loss_trans",NA,NA,"model6","nt"
"tl1.50_gl0.10_pr5.00_c100",1.5,0.1,100,0.8,0.243693334341393,"gain_loss_trans",NA,NA,"model6","nt"
"tl2.50_gl0.10_pr5.00_c100",2.5,0.1,100,0.7,0.495022961728106,"gain_loss_trans",NA,NA,"model6","nt"
"tl5.00_gl0.10_pr5.00_c100",5,0.1,100,0,6.29219878808222,"gain_loss_trans",NA,NA,"model6","nt"
"tl1.00_gl0.25_pr5.00_c100",1,0.25,100,0.7,1.11321501987647,"gain_loss_trans",NA,NA,"model6","nt"
"tl1.50_gl0.25_pr5.00_c100",1.5,0.25,100,0.3,1.85503164124216,"gain_loss_trans",NA,NA,"model6","nt"
"tl2.50_gl0.25_pr5.00_c100",2.5,0.25,100,0.2,2.01957211986696,"gain_loss_trans",NA,NA,"model6","nt"
"tl5.00_gl0.25_pr5.00_c100",5,0.25,100,0.1,6.13583128826473,"gain_loss_trans",NA,NA,"model6","nt"
"tl1.00_gl0.50_pr5.00_c100",1,0.5,100,0.7,2.49126211161781,"gain_loss_trans",NA,NA,"model6","nt"
"tl1.50_gl0.50_pr5.00_c100",1.5,0.5,100,0.2,1.05493747639576,"gain_loss_trans",NA,NA,"model6","nt"
"tl2.50_gl0.50_pr5.00_c100",2.5,0.5,100,0.1,6.96700771228935,"gain_loss_trans",NA,NA,"model6","nt"
"tl5.00_gl0.50_pr5.00_c100",5,0.5,100,0,8.48504792354237,"gain_loss_trans",NA,NA,"model6","nt"
"tl1.00_gl1.00_pr5.00_c100",1,1,100,0.6,2.96752992664341,"gain_loss_trans",NA,NA,"model6","nt"
"tl1.50_gl1.00_pr5.00_c100",1.5,1,100,0,5.4983887009255,"gain_loss_trans",NA,NA,"model6","nt"
"tl2.50_gl1.00_pr5.00_c100",2.5,1,100,0.1,6.61959426252346,"gain_loss_trans",NA,NA,"model6","nt"
"tl5.00_gl1.00_pr5.00_c100",5,1,100,0,14.0685648462965,"gain_loss_trans",NA,NA,"model6","nt"
"tl1.00_gl0.10_pr1.00_c200",1,0.1,200,0.1,1.84148080827064,"gain_loss_trans",NA,NA,"model6","nt"
"tl1.50_gl0.10_pr1.00_c200",1.5,0.1,200,0.3,1.51523083784307,"gain_loss_trans",NA,NA,"model6","nt"
"tl2.50_gl0.10_pr1.00_c200",2.5,0.1,200,0.8,0.32861232292813,"gain_loss_trans",NA,NA,"model6","nt"
"tl5.00_gl0.10_pr1.00_c200",5,0.1,200,0.1,2.73320723576031,"gain_loss_trans",NA,NA,"model6","nt"
"tl1.00_gl0.25_pr1.00_c200",1,0.25,200,0.5,4.62383489623869,"gain_loss_trans",NA,NA,"model6","nt"
"tl1.50_gl0.25_pr1.00_c200",1.5,0.25,200,0.4,3.96458705282772,"gain_loss_trans",NA,NA,"model6","nt"
"tl2.50_gl0.25_pr1.00_c200",2.5,0.25,200,0.7,4.06957770187043,"gain_loss_trans",NA,NA,"model6","nt"
"tl5.00_gl0.25_pr1.00_c200",5,0.25,200,0.9,0.946708704581729,"gain_loss_trans",NA,NA,"model6","nt"
"tl1.00_gl0.50_pr1.00_c200",1,0.5,200,0.5,13.4888457486406,"gain_loss_trans",NA,NA,"model6","nt"
"tl1.50_gl0.50_pr1.00_c200",1.5,0.5,200,0.5,11.172221325242,"gain_loss_trans",NA,NA,"model6","nt"
"tl2.50_gl0.50_pr1.00_c200",2.5,0.5,200,0.6,16.9442419267659,"gain_loss_trans",NA,NA,"model6","nt"
"tl5.00_gl0.50_pr1.00_c200",5,0.5,200,0.4,17.3849762496751,"gain_loss_trans",NA,NA,"model6","nt"
"tl1.00_gl1.00_pr1.00_c200",1,1,200,0.6,24.2307410284821,"gain_loss_trans",NA,NA,"model6","nt"
"tl1.50_gl1.00_pr1.00_c200",1.5,1,200,0.5,35.9043005769676,"gain_loss_trans",NA,NA,"model6","nt"
"tl2.50_gl1.00_pr1.00_c200",2.5,1,200,0.5,43.0980333242179,"gain_loss_trans",NA,NA,"model6","nt"
"tl5.00_gl1.00_pr1.00_c200",5,1,200,0.3,37.964257468527,"gain_loss_trans",NA,NA,"model6","nt"
"tl1.00_gl0.10_pr2.50_c200",1,0.1,200,0.5,0.839279134749591,"gain_loss_trans",NA,NA,"model6","nt"
"tl1.50_gl0.10_pr2.50_c200",1.5,0.1,200,0.8,0.333909391840223,"gain_loss_trans",NA,NA,"model6","nt"
"tl2.50_gl0.10_pr2.50_c200",2.5,0.1,200,0.7,0.291861681846792,"gain_loss_trans",NA,NA,"model6","nt"
"tl5.00_gl0.10_pr2.50_c200",5,0.1,200,0.1,4.10636503571463,"gain_loss_trans",NA,NA,"model6","nt"
"tl1.00_gl0.25_pr2.50_c200",1,0.25,200,0.8,2.58310497214932,"gain_loss_trans",NA,NA,"model6","nt"
"tl1.50_gl0.25_pr2.50_c200",1.5,0.25,200,0.6,2.47340594171196,"gain_loss_trans",NA,NA,"model6","nt"
"tl2.50_gl0.25_pr2.50_c200",2.5,0.25,200,0.3,3.20223757026,"gain_loss_trans",NA,NA,"model6","nt"
"tl5.00_gl0.25_pr2.50_c200",5,0.25,200,0,3.50497946527739,"gain_loss_trans",NA,NA,"model6","nt"
"tl1.00_gl0.50_pr2.50_c200",1,0.5,200,0.6,10.9407727449926,"gain_loss_trans",NA,NA,"model6","nt"
"tl1.50_gl0.50_pr2.50_c200",1.5,0.5,200,0.5,12.942369174424,"gain_loss_trans",NA,NA,"model6","nt"
"tl2.50_gl0.50_pr2.50_c200",2.5,0.5,200,0.3,12.3024237349857,"gain_loss_trans",NA,NA,"model6","nt"
"tl5.00_gl0.50_pr2.50_c200",5,0.5,200,0.2,11.8656126272418,"gain_loss_trans",NA,NA,"model6","nt"
"tl1.00_gl1.00_pr2.50_c200",1,1,200,0.6,11.7661381688418,"gain_loss_trans",NA,NA,"model6","nt"
"tl1.50_gl1.00_pr2.50_c200",1.5,1,200,0.2,13.0911786740692,"gain_loss_trans",NA,NA,"model6","nt"
"tl2.50_gl1.00_pr2.50_c200",2.5,1,200,0.3,19.203040093104,"gain_loss_trans",NA,NA,"model6","nt"
"tl5.00_gl1.00_pr2.50_c200",5,1,200,0.3,49.2312230633107,"gain_loss_trans",NA,NA,"model6","nt"
"tl1.00_gl0.10_pr5.00_c200",1,0.1,200,0.7,0.486646824980247,"gain_loss_trans",NA,NA,"model6","nt"
"tl1.50_gl0.10_pr5.00_c200",1.5,0.1,200,0.2,0.517792005561758,"gain_loss_trans",NA,NA,"model6","nt"
"tl2.50_gl0.10_pr5.00_c200",2.5,0.1,200,0.3,1.02819294517491,"gain_loss_trans",NA,NA,"model6","nt"
"tl5.00_gl0.10_pr5.00_c200",5,0.1,200,0,7.0198858853086,"gain_loss_trans",NA,NA,"model6","nt"
"tl1.00_gl0.25_pr5.00_c200",1,0.25,200,0.8,1.80329614239698,"gain_loss_trans",NA,NA,"model6","nt"
"tl1.50_gl0.25_pr5.00_c200",1.5,0.25,200,0,1.68648445172881,"gain_loss_trans",NA,NA,"model6","nt"
"tl2.50_gl0.25_pr5.00_c200",2.5,0.25,200,0.2,3.08521557416329,"gain_loss_trans",NA,NA,"model6","nt"
"tl5.00_gl0.25_pr5.00_c200",5,0.25,200,0.1,6.44539520920982,"gain_loss_trans",NA,NA,"model6","nt"
"tl1.00_gl0.50_pr5.00_c200",1,0.5,200,0.3,4.16776286788223,"gain_loss_trans",NA,NA,"model6","nt"
"tl1.50_gl0.50_pr5.00_c200",1.5,0.5,200,0.1,5.82796903771656,"gain_loss_trans",NA,NA,"model6","nt"
"tl2.50_gl0.50_pr5.00_c200",2.5,0.5,200,0.1,10.6737971681966,"gain_loss_trans",NA,NA,"model6","nt"
"tl5.00_gl0.50_pr5.00_c200",5,0.5,200,0,14.6449438627003,"gain_loss_trans",NA,NA,"model6","nt"
"tl1.00_gl1.00_pr5.00_c200",1,1,200,0,4.83341245486586,"gain_loss_trans",NA,NA,"model6","nt"
"tl1.50_gl1.00_pr5.00_c200",1.5,1,200,0.1,5.16761459856692,"gain_loss_trans",NA,NA,"model6","nt"
"tl2.50_gl1.00_pr5.00_c200",2.5,1,200,0,17.4540772743396,"gain_loss_trans",NA,NA,"model6","nt"
"tl5.00_gl1.00_pr5.00_c200",5,1,200,0,19.2743788343153,"gain_loss_trans",NA,NA,"model6","nt"
"tl1.00_gl0.10_pr1.00_c25",1,0.1,25,0.9,0.290901799469408,"gain_loss_trans",NA,NA,"model7","nt"
"tl1.50_gl0.10_pr1.00_c25",1.5,0.1,25,1,0.275595861842921,"gain_loss_trans",NA,NA,"model7","nt"
"tl2.50_gl0.10_pr1.00_c25",2.5,0.1,25,1,0.360016500686084,"gain_loss_trans",NA,NA,"model7","nt"
"tl5.00_gl0.10_pr1.00_c25",5,0.1,25,0.4,4.57755407148455,"gain_loss_trans",NA,NA,"model7","nt"
"tl1.00_gl0.25_pr1.00_c25",1,0.25,25,0.9,0.405407632440083,"gain_loss_trans",NA,NA,"model7","nt"
"tl1.50_gl0.25_pr1.00_c25",1.5,0.25,25,1,0.225037020572591,"gain_loss_trans",NA,NA,"model7","nt"
"tl2.50_gl0.25_pr1.00_c25",2.5,0.25,25,0.8,1.09913917219864,"gain_loss_trans",NA,NA,"model7","nt"
"tl5.00_gl0.25_pr1.00_c25",5,0.25,25,0.7,2.64351564444349,"gain_loss_trans",0,8.75642648947483,"model7","nt"
"tl1.00_gl0.50_pr1.00_c25",1,0.5,25,0.8,1.20565118722163,"gain_loss_trans",NA,NA,"model7","nt"
"tl1.50_gl0.50_pr1.00_c25",1.5,0.5,25,0.8,2.57505423758566,"gain_loss_trans",NA,NA,"model7","nt"
"tl2.50_gl0.50_pr1.00_c25",2.5,0.5,25,0.7,2.92318564812512,"gain_loss_trans",NA,NA,"model7","nt"
"tl5.00_gl0.50_pr1.00_c25",5,0.5,25,0.4,4.0491216587471,"gain_loss_trans",NA,NA,"model7","nt"
"tl1.00_gl1.00_pr1.00_c25",1,1,25,0.9,0.419135983351041,"gain_loss_trans",NA,NA,"model7","nt"
"tl1.50_gl1.00_pr1.00_c25",1.5,1,25,0.8,0.550276496015363,"gain_loss_trans",NA,NA,"model7","nt"
"tl2.50_gl1.00_pr1.00_c25",2.5,1,25,0.7,6.20532944068781,"gain_loss_trans",NA,NA,"model7","nt"
"tl5.00_gl1.00_pr1.00_c25",5,1,25,0.6,3.83433686645813,"gain_loss_trans",NA,NA,"model7","nt"
"tl1.00_gl0.10_pr2.50_c25",1,0.1,25,1,0.136533952555287,"gain_loss_trans",NA,NA,"model7","nt"
"tl1.50_gl0.10_pr2.50_c25",1.5,0.1,25,1,0.145487191975836,"gain_loss_trans",NA,NA,"model7","nt"
"tl2.50_gl0.10_pr2.50_c25",2.5,0.1,25,0.8,0.918555122841772,"gain_loss_trans",NA,NA,"model7","nt"
"tl5.00_gl0.10_pr2.50_c25",5,0.1,25,0.3,5.68533176683939,"gain_loss_trans",0,84.4783379408285,"model7","nt"
"tl1.00_gl0.25_pr2.50_c25",1,0.25,25,1,0.130500671422524,"gain_loss_trans",NA,NA,"model7","nt"
"tl1.50_gl0.25_pr2.50_c25",1.5,0.25,25,1,0.360758443096827,"gain_loss_trans",NA,NA,"model7","nt"
"tl2.50_gl0.25_pr2.50_c25",2.5,0.25,25,0.6,1.94358451512247,"gain_loss_trans",NA,NA,"model7","nt"
"tl5.00_gl0.25_pr2.50_c25",5,0.25,25,0.4,4.32569363779858,"gain_loss_trans",0,10.1362027226463,"model7","nt"
"tl1.00_gl0.50_pr2.50_c25",1,0.5,25,0.8,1.24170909981832,"gain_loss_trans",NA,NA,"model7","nt"
"tl1.50_gl0.50_pr2.50_c25",1.5,0.5,25,0.8,0.508244117707719,"gain_loss_trans",NA,NA,"model7","nt"
"tl2.50_gl0.50_pr2.50_c25",2.5,0.5,25,0.6,1.18770263069454,"gain_loss_trans",NA,NA,"model7","nt"
"tl5.00_gl0.50_pr2.50_c25",5,0.5,25,0.3,6.22178944125761,"gain_loss_trans",0,0.958322346430258,"model7","nt"
"tl1.00_gl1.00_pr2.50_c25",1,1,25,1,0.0804825760363097,"gain_loss_trans",NA,NA,"model7","nt"
"tl1.50_gl1.00_pr2.50_c25",1.5,1,25,0.8,0.836628831607983,"gain_loss_trans",NA,NA,"model7","nt"
"tl2.50_gl1.00_pr2.50_c25",2.5,1,25,0.4,1.41830832194696,"gain_loss_trans",NA,NA,"model7","nt"
"tl5.00_gl1.00_pr2.50_c25",5,1,25,0.4,5.33916500471792,"gain_loss_trans",1,0.00839699451838775,"model7","nt"
"tl1.00_gl0.10_pr5.00_c25",1,0.1,25,1,0.0618332466318447,"gain_loss_trans",NA,NA,"model7","nt"
"tl1.50_gl0.10_pr5.00_c25",1.5,0.1,25,0.9,0.357685419041992,"gain_loss_trans",NA,NA,"model7","nt"
"tl2.50_gl0.10_pr5.00_c25",2.5,0.1,25,0.7,0.899244491850483,"gain_loss_trans",NA,NA,"model7","nt"
"tl5.00_gl0.10_pr5.00_c25",5,0.1,25,0.1,7.78346971799222,"gain_loss_trans",0,80.8282780795866,"model7","nt"
"tl1.00_gl0.25_pr5.00_c25",1,0.25,25,1,0.231361472158932,"gain_loss_trans",NA,NA,"model7","nt"
"tl1.50_gl0.25_pr5.00_c25",1.5,0.25,25,0.8,0.26481717768426,"gain_loss_trans",NA,NA,"model7","nt"
"tl2.50_gl0.25_pr5.00_c25",2.5,0.25,25,0.3,1.35315151476201,"gain_loss_trans",NA,NA,"model7","nt"
"tl5.00_gl0.25_pr5.00_c25",5,0.25,25,0.2,7.30819076868432,"gain_loss_trans",0,8.86133665297046,"model7","nt"
"tl1.00_gl0.50_pr5.00_c25",1,0.5,25,0.9,0.581543999329843,"gain_loss_trans",NA,NA,"model7","nt"
"tl1.50_gl0.50_pr5.00_c25",1.5,0.5,25,0.7,0.464296511531039,"gain_loss_trans",NA,NA,"model7","nt"
"tl2.50_gl0.50_pr5.00_c25",2.5,0.5,25,0.4,1.69027886347844,"gain_loss_trans",NA,NA,"model7","nt"
"tl5.00_gl0.50_pr5.00_c25",5,0.5,25,0.1,8.80929799364652,"gain_loss_trans",0.333333333333333,1.05729055570326,"model7","nt"
"tl1.00_gl1.00_pr5.00_c25",1,1,25,0.8,0.506026617243432,"gain_loss_trans",NA,NA,"model7","nt"
"tl1.50_gl1.00_pr5.00_c25",1.5,1,25,0.8,0.503574198293846,"gain_loss_trans",NA,NA,"model7","nt"
"tl2.50_gl1.00_pr5.00_c25",2.5,1,25,0.3,1.54085069661073,"gain_loss_trans",NA,NA,"model7","nt"
"tl5.00_gl1.00_pr5.00_c25",5,1,25,0.2,7.98941229230108,"gain_loss_trans",1,0.070581950590574,"model7","nt"
"tl1.00_gl0.10_pr1.00_c50",1,0.1,50,0.8,0.917049456081608,"gain_loss_trans",NA,NA,"model7","nt"
"tl1.50_gl0.10_pr1.00_c50",1.5,0.1,50,0.9,0.407511220507846,"gain_loss_trans",0,84.4922460223667,"model7","nt"
"tl2.50_gl0.10_pr1.00_c50",2.5,0.1,50,1,0.337379662879164,"gain_loss_trans",NA,NA,"model7","nt"
"tl5.00_gl0.10_pr1.00_c50",5,0.1,50,0.7,1.99580710039306,"gain_loss_trans",0,75.0822958008338,"model7","nt"
"tl1.00_gl0.25_pr1.00_c50",1,0.25,50,0.7,2.57439242254138,"gain_loss_trans",NA,NA,"model7","nt"
"tl1.50_gl0.25_pr1.00_c50",1.5,0.25,50,0.8,2.37124711174872,"gain_loss_trans",NA,NA,"model7","nt"
"tl2.50_gl0.25_pr1.00_c50",2.5,0.25,50,0.8,1.88291466982176,"gain_loss_trans",NA,NA,"model7","nt"
"tl5.00_gl0.25_pr1.00_c50",5,0.25,50,0.9,1.20482863290281,"gain_loss_trans",0,8.20111438118944,"model7","nt"
"tl1.00_gl0.50_pr1.00_c50",1,0.5,50,0.7,0.764207062172012,"gain_loss_trans",NA,NA,"model7","nt"
"tl1.50_gl0.50_pr1.00_c50",1.5,0.5,50,0.8,1.40444114287804,"gain_loss_trans",NA,NA,"model7","nt"
"tl2.50_gl0.50_pr1.00_c50",2.5,0.5,50,0.6,3.15309251755164,"gain_loss_trans",NA,NA,"model7","nt"
"tl5.00_gl0.50_pr1.00_c50",5,0.5,50,0.8,2.7629660487809,"gain_loss_trans",0,0.813792708088907,"model7","nt"
"tl1.00_gl1.00_pr1.00_c50",1,1,50,0.9,0.501815212734736,"gain_loss_trans",NA,NA,"model7","nt"
"tl1.50_gl1.00_pr1.00_c50",1.5,1,50,0.7,5.39671825586808,"gain_loss_trans",NA,NA,"model7","nt"
"tl2.50_gl1.00_pr1.00_c50",2.5,1,50,0.6,2.2696827798739,"gain_loss_trans",NA,NA,"model7","nt"
"tl5.00_gl1.00_pr1.00_c50",5,1,50,0.7,3.91509966582671,"gain_loss_trans",1,0.00234271196512235,"model7","nt"
"tl1.00_gl0.10_pr2.50_c50",1,0.1,50,0.9,0.414653770818581,"gain_loss_trans",NA,NA,"model7","nt"
"tl1.50_gl0.10_pr2.50_c50",1.5,0.1,50,0.9,0.202262831038506,"gain_loss_trans",NA,NA,"model7","nt"
"tl2.50_gl0.10_pr2.50_c50",2.5,0.1,50,0.5,1.19269254269218,"gain_loss_trans",0,76.3848515717033,"model7","nt"
"tl5.00_gl0.10_pr2.50_c50",5,0.1,50,0.2,4.9436261703813,"gain_loss_trans",0,80.0615286919149,"model7","nt"
"tl1.00_gl0.25_pr2.50_c50",1,0.25,50,0.8,0.935998180096649,"gain_loss_trans",NA,NA,"model7","nt"
"tl1.50_gl0.25_pr2.50_c50",1.5,0.25,50,0.6,1.26992378060688,"gain_loss_trans",NA,NA,"model7","nt"
"tl2.50_gl0.25_pr2.50_c50",2.5,0.25,50,0.3,2.76606068229397,"gain_loss_trans",NA,NA,"model7","nt"
"tl5.00_gl0.25_pr2.50_c50",5,0.25,50,0.4,4.00440972612743,"gain_loss_trans",0,8.47889375036428,"model7","nt"
"tl1.00_gl0.50_pr2.50_c50",1,0.5,50,0.7,0.926624721487184,"gain_loss_trans",1,0.821425369956059,"model7","nt"
"tl1.50_gl0.50_pr2.50_c50",1.5,0.5,50,0.4,0.680497070107118,"gain_loss_trans",NA,NA,"model7","nt"
"tl2.50_gl0.50_pr2.50_c50",2.5,0.5,50,0.3,1.85484319860351,"gain_loss_trans",NA,NA,"model7","nt"
"tl5.00_gl0.50_pr2.50_c50",5,0.5,50,0.5,4.03263583337213,"gain_loss_trans",0.333333333333333,0.566333590866939,"model7","nt"
"tl1.00_gl1.00_pr2.50_c50",1,1,50,0.7,1.43232726580041,"gain_loss_trans",NA,NA,"model7","nt"
"tl1.50_gl1.00_pr2.50_c50",1.5,1,50,0.5,2.61994679806598,"gain_loss_trans",NA,NA,"model7","nt"
"tl2.50_gl1.00_pr2.50_c50",2.5,1,50,0.2,2.83576747475802,"gain_loss_trans",NA,NA,"model7","nt"
"tl5.00_gl1.00_pr2.50_c50",5,1,50,0.5,3.52353157528669,"gain_loss_trans",1,0.010990307549475,"model7","nt"
"tl1.00_gl0.10_pr5.00_c50",1,0.1,50,0.7,0.263196321130661,"gain_loss_trans",NA,NA,"model7","nt"
"tl1.50_gl0.10_pr5.00_c50",1.5,0.1,50,0.6,0.370904896237556,"gain_loss_trans",NA,NA,"model7","nt"
"tl2.50_gl0.10_pr5.00_c50",2.5,0.1,50,0.3,1.3947225135735,"gain_loss_trans",0,74.3099276171415,"model7","nt"
"tl5.00_gl0.10_pr5.00_c50",5,0.1,50,0.2,7.25644038279589,"gain_loss_trans",0,80.3639147773657,"model7","nt"
"tl1.00_gl0.25_pr5.00_c50",1,0.25,50,0.7,0.625520450369649,"gain_loss_trans",NA,NA,"model7","nt"
"tl1.50_gl0.25_pr5.00_c50",1.5,0.25,50,0.4,0.729321860882361,"gain_loss_trans",NA,NA,"model7","nt"
"tl2.50_gl0.25_pr5.00_c50",2.5,0.25,50,0.1,2.62371173692839,"gain_loss_trans",0,8.73336674601659,"model7","nt"
"tl5.00_gl0.25_pr5.00_c50",5,0.25,50,0.2,7.53790995775237,"gain_loss_trans",0,9.32602421561763,"model7","nt"
"tl1.00_gl0.50_pr5.00_c50",1,0.5,50,0.6,0.82513597956074,"gain_loss_trans",NA,NA,"model7","nt"
"tl1.50_gl0.50_pr5.00_c50",1.5,0.5,50,0.2,0.845946665414748,"gain_loss_trans",NA,NA,"model7","nt"
"tl2.50_gl0.50_pr5.00_c50",2.5,0.5,50,0.2,2.02984966915095,"gain_loss_trans",0,1.28190362057159,"model7","nt"
"tl5.00_gl0.50_pr5.00_c50",5,0.5,50,0.1,7.77396072713224,"gain_loss_trans",0,0.8234556431534,"model7","nt"
"tl1.00_gl1.00_pr5.00_c50",1,1,50,0.4,0.27618979035385,"gain_loss_trans",NA,NA,"model7","nt"
"tl1.50_gl1.00_pr5.00_c50",1.5,1,50,0.3,1.10648576335063,"gain_loss_trans",NA,NA,"model7","nt"
"tl2.50_gl1.00_pr5.00_c50",2.5,1,50,0.2,1.83999148504597,"gain_loss_trans",1,0.0414982687593332,"model7","nt"
"tl5.00_gl1.00_pr5.00_c50",5,1,50,0.2,7.91275222178911,"gain_loss_trans",1,0.00787642857488457,"model7","nt"
"tl1.00_gl0.10_pr1.00_c100",1,0.1,100,0.8,1.39151104721091,"gain_loss_trans",NA,NA,"model7","nt"
"tl1.50_gl0.10_pr1.00_c100",1.5,0.1,100,0.7,1.04310402321179,"gain_loss_trans",0,81.0415061401734,"model7","nt"
"tl2.50_gl0.10_pr1.00_c100",2.5,0.1,100,0.9,0.604994272091434,"gain_loss_trans",0,77.6203709008839,"model7","nt"
"tl5.00_gl0.10_pr1.00_c100",5,0.1,100,0.8,1.13118060461424,"gain_loss_trans",0,78.7920450366237,"model7","nt"
"tl1.00_gl0.25_pr1.00_c100",1,0.25,100,0.7,6.28396549564041,"gain_loss_trans",NA,NA,"model7","nt"
"tl1.50_gl0.25_pr1.00_c100",1.5,0.25,100,0.7,4.26680583555853,"gain_loss_trans",NA,NA,"model7","nt"
"tl2.50_gl0.25_pr1.00_c100",2.5,0.25,100,0.7,3.6015008425575,"gain_loss_trans",0,7.2824198176247,"model7","nt"
"tl5.00_gl0.25_pr1.00_c100",5,0.25,100,0.8,4.96520269030543,"gain_loss_trans",NA,NA,"model7","nt"
"tl1.00_gl0.50_pr1.00_c100",1,0.5,100,0.7,2.12063984396229,"gain_loss_trans",NA,NA,"model7","nt"
"tl1.50_gl0.50_pr1.00_c100",1.5,0.5,100,0.6,7.71868165070478,"gain_loss_trans",NA,NA,"model7","nt"
"tl2.50_gl0.50_pr1.00_c100",2.5,0.5,100,0.8,4.14462817930114,"gain_loss_trans",0,0.66950052424492,"model7","nt"
"tl5.00_gl0.50_pr1.00_c100",5,0.5,100,0.7,5.67750709640867,"gain_loss_trans",0,1.20111923621765,"model7","nt"
"tl1.00_gl1.00_pr1.00_c100",1,1,100,0.6,6.85616380515408,"gain_loss_trans",NA,NA,"model7","nt"
"tl1.50_gl1.00_pr1.00_c100",1.5,1,100,0.7,3.58817056389024,"gain_loss_trans",NA,NA,"model7","nt"
"tl2.50_gl1.00_pr1.00_c100",2.5,1,100,0.5,6.74366565676633,"gain_loss_trans",1,0.0204797599008262,"model7","nt"
"tl5.00_gl1.00_pr1.00_c100",5,1,100,0.8,5.61277031930183,"gain_loss_trans",NA,NA,"model7","nt"
"tl1.00_gl0.10_pr2.50_c100",1,0.1,100,0.8,0.502473493550317,"gain_loss_trans",NA,NA,"model7","nt"
"tl1.50_gl0.10_pr2.50_c100",1.5,0.1,100,0.8,0.941251130803328,"gain_loss_trans",0,81.3681069797578,"model7","nt"
"tl2.50_gl0.10_pr2.50_c100",2.5,0.1,100,0.9,0.618895793379696,"gain_loss_trans",0,80.4182718878385,"model7","nt"
"tl5.00_gl0.10_pr2.50_c100",5,0.1,100,0.3,4.02864804175369,"gain_loss_trans",0,77.287363167572,"model7","nt"
"tl1.00_gl0.25_pr2.50_c100",1,0.25,100,0.7,2.3392938274477,"gain_loss_trans",0,9.80269925549085,"model7","nt"
"tl1.50_gl0.25_pr2.50_c100",1.5,0.25,100,0.5,2.00505606503015,"gain_loss_trans",NA,NA,"model7","nt"
"tl2.50_gl0.25_pr2.50_c100",2.5,0.25,100,0.3,3.85996128030915,"gain_loss_trans",0,10.3210095328849,"model7","nt"
"tl5.00_gl0.25_pr2.50_c100",5,0.25,100,0.1,4.98534105460565,"gain_loss_trans",NA,NA,"model7","nt"
"tl1.00_gl0.50_pr2.50_c100",1,0.5,100,0.6,1.29193725975882,"gain_loss_trans",0,1.07977479043815,"model7","nt"
"tl1.50_gl0.50_pr2.50_c100",1.5,0.5,100,0.2,5.9345656711523,"gain_loss_trans",0,0.833916281191347,"model7","nt"
"tl2.50_gl0.50_pr2.50_c100",2.5,0.5,100,0.1,1.54869389164375,"gain_loss_trans",0,0.724241204397945,"model7","nt"
"tl5.00_gl0.50_pr2.50_c100",5,0.5,100,0.4,3.13287688601795,"gain_loss_trans",NA,NA,"model7","nt"
"tl1.00_gl1.00_pr2.50_c100",1,1,100,0.6,1.92459505787823,"gain_loss_trans",1,0.000107893621819187,"model7","nt"
"tl1.50_gl1.00_pr2.50_c100",1.5,1,100,0.4,2.38045954129263,"gain_loss_trans",1,0.00503369307230082,"model7","nt"
"tl2.50_gl1.00_pr2.50_c100",2.5,1,100,0.1,13.1883276269169,"gain_loss_trans",1,0.019478386759073,"model7","nt"
"tl5.00_gl1.00_pr2.50_c100",5,1,100,0.3,5.72258753147186,"gain_loss_trans",NA,NA,"model7","nt"
"tl1.00_gl0.10_pr5.00_c100",1,0.1,100,0.5,0.18624239468627,"gain_loss_trans",0,79.2261188819114,"model7","nt"
"tl1.50_gl0.10_pr5.00_c100",1.5,0.1,100,0.2,0.695901849968438,"gain_loss_trans",0,77.1927445356631,"model7","nt"
"tl2.50_gl0.10_pr5.00_c100",2.5,0.1,100,0.2,1.41955263433059,"gain_loss_trans",0,78.3870122660942,"model7","nt"
"tl5.00_gl0.10_pr5.00_c100",5,0.1,100,0.2,6.13362417490979,"gain_loss_trans",NA,NA,"model7","nt"
"tl1.00_gl0.25_pr5.00_c100",1,0.25,100,0.4,0.446180031005396,"gain_loss_trans",0,10.7045178570538,"model7","nt"
"tl1.50_gl0.25_pr5.00_c100",1.5,0.25,100,0.3,1.3943571005639,"gain_loss_trans",0,8.82915133591161,"model7","nt"
"tl2.50_gl0.25_pr5.00_c100",2.5,0.25,100,0.1,2.07886815950022,"gain_loss_trans",0,8.29868497205808,"model7","nt"
"tl5.00_gl0.25_pr5.00_c100",5,0.25,100,0.1,7.59894561249397,"gain_loss_trans",0,9.42300847104783,"model7","nt"
"tl1.00_gl0.50_pr5.00_c100",1,0.5,100,0.3,1.30816415362545,"gain_loss_trans",1,0.718112301317176,"model7","nt"
"tl1.50_gl0.50_pr5.00_c100",1.5,0.5,100,0.4,0.581505118471632,"gain_loss_trans",0,0.998508175353385,"model7","nt"
"tl2.50_gl0.50_pr5.00_c100",2.5,0.5,100,0.1,3.95194692784374,"gain_loss_trans",0,0.860954541391858,"model7","nt"
"tl5.00_gl0.50_pr5.00_c100",5,0.5,100,0.2,7.63552247625574,"gain_loss_trans",NA,NA,"model7","nt"
"tl1.00_gl1.00_pr5.00_c100",1,1,100,0.3,1.09962915868658,"gain_loss_trans",1,0.251062602177567,"model7","nt"
"tl1.50_gl1.00_pr5.00_c100",1.5,1,100,0.4,1.84520985609397,"gain_loss_trans",1,0.0406661571176469,"model7","nt"
"tl2.50_gl1.00_pr5.00_c100",2.5,1,100,0.1,3.17898608959914,"gain_loss_trans",1,0.0125736940001484,"model7","nt"
"tl5.00_gl1.00_pr5.00_c100",5,1,100,0.1,9.01389634527896,"gain_loss_trans",NA,NA,"model7","nt"
"tl1.00_gl0.10_pr1.00_c200",1,0.1,200,0.8,1.09662233972054,"gain_loss_trans",0,87.863655331909,"model7","nt"
"tl1.50_gl0.10_pr1.00_c200",1.5,0.1,200,0.7,1.11481382299538,"gain_loss_trans",0,81.1799035551688,"model7","nt"
"tl2.50_gl0.10_pr1.00_c200",2.5,0.1,200,0.8,1.04241370864999,"gain_loss_trans",0,79.5565004893598,"model7","nt"
"tl5.00_gl0.10_pr1.00_c200",5,0.1,200,1,0.793706463700262,"gain_loss_trans",NA,NA,"model7","nt"
"tl1.00_gl0.25_pr1.00_c200",1,0.25,200,0.7,3.44788770521193,"gain_loss_trans",0,9.29260195333358,"model7","nt"
"tl1.50_gl0.25_pr1.00_c200",1.5,0.25,200,0.6,6.71934396508763,"gain_loss_trans",0,8.29022233650785,"model7","nt"
"tl2.50_gl0.25_pr1.00_c200",2.5,0.25,200,0.8,5.64543623242009,"gain_loss_trans",0,8.42130208293998,"model7","nt"
"tl5.00_gl0.25_pr1.00_c200",5,0.25,200,0.6,5.58937803444691,"gain_loss_trans",NA,NA,"model7","nt"
"tl1.00_gl0.50_pr1.00_c200",1,0.5,200,0.7,4.99054900243228,"gain_loss_trans",0,1.06343907949592,"model7","nt"
"tl1.50_gl0.50_pr1.00_c200",1.5,0.5,200,0.7,7.83203017909338,"gain_loss_trans",0,0.808600877579929,"model7","nt"
"tl2.50_gl0.50_pr1.00_c200",2.5,0.5,200,0.5,10.6874068521308,"gain_loss_trans",0,0.800623043422153,"model7","nt"
"tl5.00_gl0.50_pr1.00_c200",5,0.5,200,0.5,13.3791999044875,"gain_loss_trans",NA,NA,"model7","nt"
"tl1.00_gl1.00_pr1.00_c200",1,1,200,0.7,9.07333700639144,"gain_loss_trans",1,0.0196134382140714,"model7","nt"
"tl1.50_gl1.00_pr1.00_c200",1.5,1,200,0.7,17.6978901993906,"gain_loss_trans",NA,NA,"model7","nt"
"tl2.50_gl1.00_pr1.00_c200",2.5,1,200,0.6,24.0894368105185,"gain_loss_trans",1,0.0203971401814875,"model7","nt"
"tl5.00_gl1.00_pr1.00_c200",5,1,200,0.3,14.7606826646119,"gain_loss_trans",1,0.00471030645426668,"model7","nt"
"tl1.00_gl0.10_pr2.50_c200",1,0.1,200,0.7,0.201362367637064,"gain_loss_trans",0,81.2912452175156,"model7","nt"
"tl1.50_gl0.10_pr2.50_c200",1.5,0.1,200,0.3,0.45792476754474,"gain_loss_trans",0,81.3036388677017,"model7","nt"
"tl2.50_gl0.10_pr2.50_c200",2.5,0.1,200,0.2,1.07181292927693,"gain_loss_trans",0,79.564477010307,"model7","nt"
"tl5.00_gl0.10_pr2.50_c200",5,0.1,200,0.3,3.34051420176621,"gain_loss_trans",NA,NA,"model7","nt"
"tl1.00_gl0.25_pr2.50_c200",1,0.25,200,0.2,2.37736489131864,"gain_loss_trans",0,8.69281036671394,"model7","nt"
"tl1.50_gl0.25_pr2.50_c200",1.5,0.25,200,0.2,1.97959050091492,"gain_loss_trans",0,9.38920009366003,"model7","nt"
"tl2.50_gl0.25_pr2.50_c200",2.5,0.25,200,0.3,2.77697313024712,"gain_loss_trans",0,8.78683674902942,"model7","nt"
"tl5.00_gl0.25_pr2.50_c200",5,0.25,200,0,4.68988030697051,"gain_loss_trans",NA,NA,"model7","nt"
"tl1.00_gl0.50_pr2.50_c200",1,0.5,200,0.2,2.87855354279996,"gain_loss_trans",NA,NA,"model7","nt"
"tl1.50_gl0.50_pr2.50_c200",1.5,0.5,200,0.2,5.49753050628845,"gain_loss_trans",0,0.965737497955569,"model7","nt"
"tl2.50_gl0.50_pr2.50_c200",2.5,0.5,200,0,4.70943001443208,"gain_loss_trans",0,0.705051833312673,"model7","nt"
"tl5.00_gl0.50_pr2.50_c200",5,0.5,200,0.2,8.13092958855135,"gain_loss_trans",0,0.637417538078646,"model7","nt"
"tl1.00_gl1.00_pr2.50_c200",1,1,200,0.1,2.84822518761695,"gain_loss_trans",1,0.000622787268640769,"model7","nt"
"tl1.50_gl1.00_pr2.50_c200",1.5,1,200,0.1,4.04725944341255,"gain_loss_trans",1,0.00397352720113596,"model7","nt"
"tl2.50_gl1.00_pr2.50_c200",2.5,1,200,0.2,7.27186856810229,"gain_loss_trans",1,0.0102214632781445,"model7","nt"
"tl5.00_gl1.00_pr2.50_c200",5,1,200,0.2,27.2395332745163,"gain_loss_trans",0.5,0.0124328532884829,"model7","nt"
"tl1.00_gl0.10_pr5.00_c200",1,0.1,200,0.3,0.258403630581215,"gain_loss_trans",0,80.0996568174557,"model7","nt"
"tl1.50_gl0.10_pr5.00_c200",1.5,0.1,200,0.3,0.566763062978933,"gain_loss_trans",0,81.6187562884705,"model7","nt"
"tl2.50_gl0.10_pr5.00_c200",2.5,0.1,200,0.2,1.64962160161945,"gain_loss_trans",0,81.2663434370374,"model7","nt"
"tl5.00_gl0.10_pr5.00_c200",5,0.1,200,0.2,8.23110528875077,"gain_loss_trans",NA,NA,"model7","nt"
"tl1.00_gl0.25_pr5.00_c200",1,0.25,200,0.3,0.483928590892415,"gain_loss_trans",0,9.77030928892678,"model7","nt"
"tl1.50_gl0.25_pr5.00_c200",1.5,0.25,200,0.2,1.90230221931571,"gain_loss_trans",0,9.5703948665087,"model7","nt"
"tl2.50_gl0.25_pr5.00_c200",2.5,0.25,200,0,2.8500253544112,"gain_loss_trans",0,9.00653490246426,"model7","nt"
"tl5.00_gl0.25_pr5.00_c200",5,0.25,200,0,8.6817992351946,"gain_loss_trans",0,8.49175718857463,"model7","nt"
"tl1.00_gl0.50_pr5.00_c200",1,0.5,200,0.4,0.913006580443719,"gain_loss_trans",0,1.1105635268395,"model7","nt"
"tl1.50_gl0.50_pr5.00_c200",1.5,0.5,200,0.4,2.00018462998313,"gain_loss_trans",0,1.16998060959866,"model7","nt"
"tl2.50_gl0.50_pr5.00_c200",2.5,0.5,200,0,5.38545477543185,"gain_loss_trans",0,1.08237197132288,"model7","nt"
"tl5.00_gl0.50_pr5.00_c200",5,0.5,200,0,10.1567960463507,"gain_loss_trans",0,0.983702300698103,"model7","nt"
"tl1.00_gl1.00_pr5.00_c200",1,1,200,0.4,1.09390883951862,"gain_loss_trans",1,0.00302544726046057,"model7","nt"
"tl1.50_gl1.00_pr5.00_c200",1.5,1,200,0.1,1.61574760610836,"gain_loss_trans",1,0.00529958279410748,"model7","nt"
"tl2.50_gl1.00_pr5.00_c200",2.5,1,200,0,6.30557717564238,"gain_loss_trans",1,0.01787755914401,"model7","nt"
"tl5.00_gl1.00_pr5.00_c200",5,1,200,0.1,10.5904180124799,"gain_loss_trans",0,0.0281705009066413,"model7","nt"
"tl1.00_gl0.10_pr1.00_c25",1,0.1,25,0.8,0.656893474974615,"gain_loss_trans",NA,NA,"model8","nt"
"tl1.50_gl0.10_pr1.00_c25",1.5,0.1,25,0.8,0.649961861613378,"gain_loss_trans",NA,NA,"model8","nt"
"tl2.50_gl0.10_pr1.00_c25",2.5,0.1,25,1,0.373151447000565,"gain_loss_trans",NA,NA,"model8","nt"
"tl5.00_gl0.10_pr1.00_c25",5,0.1,25,0.6,2.53936615893574,"gain_loss_trans",NA,NA,"model8","nt"
"tl1.00_gl0.25_pr1.00_c25",1,0.25,25,0.8,0.827352703024446,"gain_loss_trans",NA,NA,"model8","nt"
"tl1.50_gl0.25_pr1.00_c25",1.5,0.25,25,1,0.406696544125792,"gain_loss_trans",NA,NA,"model8","nt"
"tl2.50_gl0.25_pr1.00_c25",2.5,0.25,25,0.7,1.80924691381775,"gain_loss_trans",NA,NA,"model8","nt"
"tl5.00_gl0.25_pr1.00_c25",5,0.25,25,0.9,1.27514365357708,"gain_loss_trans",NA,NA,"model8","nt"
"tl1.00_gl0.50_pr1.00_c25",1,0.5,25,0.8,2.09272046371427,"gain_loss_trans",NA,NA,"model8","nt"
"tl1.50_gl0.50_pr1.00_c25",1.5,0.5,25,0.8,3.9257807965471,"gain_loss_trans",NA,NA,"model8","nt"
"tl2.50_gl0.50_pr1.00_c25",2.5,0.5,25,0.7,4.76715045356074,"gain_loss_trans",NA,NA,"model8","nt"
"tl5.00_gl0.50_pr1.00_c25",5,0.5,25,0.8,2.98717237235042,"gain_loss_trans",NA,NA,"model8","nt"
"tl1.00_gl1.00_pr1.00_c25",1,1,25,0.7,0.876357144597782,"gain_loss_trans",NA,NA,"model8","nt"
"tl1.50_gl1.00_pr1.00_c25",1.5,1,25,0.8,1.09501667033524,"gain_loss_trans",NA,NA,"model8","nt"
"tl2.50_gl1.00_pr1.00_c25",2.5,1,25,0.6,8.64966799596253,"gain_loss_trans",NA,NA,"model8","nt"
"tl5.00_gl1.00_pr1.00_c25",5,1,25,0.8,4.09388501856774,"gain_loss_trans",NA,NA,"model8","nt"
"tl1.00_gl0.10_pr2.50_c25",1,0.1,25,0.9,0.337099274965622,"gain_loss_trans",NA,NA,"model8","nt"
"tl1.50_gl0.10_pr2.50_c25",1.5,0.1,25,0.9,0.26012975018332,"gain_loss_trans",NA,NA,"model8","nt"
"tl2.50_gl0.10_pr2.50_c25",2.5,0.1,25,0.8,0.832967166062887,"gain_loss_trans",NA,NA,"model8","nt"
"tl5.00_gl0.10_pr2.50_c25",5,0.1,25,0.4,3.67314425668788,"gain_loss_trans",NA,NA,"model8","nt"
"tl1.00_gl0.25_pr2.50_c25",1,0.25,25,1,0.275102904073321,"gain_loss_trans",NA,NA,"model8","nt"
"tl1.50_gl0.25_pr2.50_c25",1.5,0.25,25,0.9,0.497310760392734,"gain_loss_trans",NA,NA,"model8","nt"
"tl2.50_gl0.25_pr2.50_c25",2.5,0.25,25,0.6,2.08141056225452,"gain_loss_trans",NA,NA,"model8","nt"
"tl5.00_gl0.25_pr2.50_c25",5,0.25,25,0.6,2.80505196063336,"gain_loss_trans",NA,NA,"model8","nt"
"tl1.00_gl0.50_pr2.50_c25",1,0.5,25,0.8,1.78528478674847,"gain_loss_trans",NA,NA,"model8","nt"
"tl1.50_gl0.50_pr2.50_c25",1.5,0.5,25,0.8,0.77218660596644,"gain_loss_trans",NA,NA,"model8","nt"
"tl2.50_gl0.50_pr2.50_c25",2.5,0.5,25,0.7,0.916011182603309,"gain_loss_trans",NA,NA,"model8","nt"
"tl5.00_gl0.50_pr2.50_c25",5,0.5,25,0.2,5.23222283866655,"gain_loss_trans",NA,NA,"model8","nt"
"tl1.00_gl1.00_pr2.50_c25",1,1,25,1,0.0773563794173836,"gain_loss_trans",NA,NA,"model8","nt"
"tl1.50_gl1.00_pr2.50_c25",1.5,1,25,0.8,1.11611393332864,"gain_loss_trans",NA,NA,"model8","nt"
"tl2.50_gl1.00_pr2.50_c25",2.5,1,25,0.5,1.36495618016365,"gain_loss_trans",NA,NA,"model8","nt"
"tl5.00_gl1.00_pr2.50_c25",5,1,25,0.4,4.26637265446489,"gain_loss_trans",NA,NA,"model8","nt"
"tl1.00_gl0.10_pr5.00_c25",1,0.1,25,1,0.13144485576239,"gain_loss_trans",NA,NA,"model8","nt"
"tl1.50_gl0.10_pr5.00_c25",1.5,0.1,25,0.9,0.549729372421159,"gain_loss_trans",NA,NA,"model8","nt"
"tl2.50_gl0.10_pr5.00_c25",2.5,0.1,25,0.9,0.548184297340638,"gain_loss_trans",NA,NA,"model8","nt"
"tl5.00_gl0.10_pr5.00_c25",5,0.1,25,0.2,5.88391306198681,"gain_loss_trans",NA,NA,"model8","nt"
"tl1.00_gl0.25_pr5.00_c25",1,0.25,25,0.8,0.412374724715013,"gain_loss_trans",NA,NA,"model8","nt"
"tl1.50_gl0.25_pr5.00_c25",1.5,0.25,25,1,0.226115975356964,"gain_loss_trans",NA,NA,"model8","nt"
"tl2.50_gl0.25_pr5.00_c25",2.5,0.25,25,0.6,0.865929996593066,"gain_loss_trans",NA,NA,"model8","nt"
"tl5.00_gl0.25_pr5.00_c25",5,0.25,25,0.3,6.01278919381107,"gain_loss_trans",NA,NA,"model8","nt"
"tl1.00_gl0.50_pr5.00_c25",1,0.5,25,0.8,1.00144371173278,"gain_loss_trans",NA,NA,"model8","nt"
"tl1.50_gl0.50_pr5.00_c25",1.5,0.5,25,0.9,0.438130164352886,"gain_loss_trans",NA,NA,"model8","nt"
"tl2.50_gl0.50_pr5.00_c25",2.5,0.5,25,0.5,1.39013106639393,"gain_loss_trans",NA,NA,"model8","nt"
"tl5.00_gl0.50_pr5.00_c25",5,0.5,25,0.2,7.38385075551122,"gain_loss_trans",NA,NA,"model8","nt"
"tl1.00_gl1.00_pr5.00_c25",1,1,25,0.8,0.910984174498704,"gain_loss_trans",NA,NA,"model8","nt"
"tl1.50_gl1.00_pr5.00_c25",1.5,1,25,0.9,0.515263440992978,"gain_loss_trans",NA,NA,"model8","nt"
"tl2.50_gl1.00_pr5.00_c25",2.5,1,25,0.6,1.15828044245032,"gain_loss_trans",NA,NA,"model8","nt"
"tl5.00_gl1.00_pr5.00_c25",5,1,25,0.4,6.42664129949546,"gain_loss_trans",NA,NA,"model8","nt"
"tl1.00_gl0.10_pr1.00_c50",1,0.1,50,0.7,2.13601872921758,"gain_loss_trans",NA,NA,"model8","nt"
"tl1.50_gl0.10_pr1.00_c50",1.5,0.1,50,0.8,1.3750708156841,"gain_loss_trans",NA,NA,"model8","nt"
"tl2.50_gl0.10_pr1.00_c50",2.5,0.1,50,0.9,0.671632938157232,"gain_loss_trans",NA,NA,"model8","nt"
"tl5.00_gl0.10_pr1.00_c50",5,0.1,50,0.8,1.19926111504499,"gain_loss_trans",NA,NA,"model8","nt"
"tl1.00_gl0.25_pr1.00_c50",1,0.25,50,0.7,4.5391750693142,"gain_loss_trans",NA,NA,"model8","nt"
"tl1.50_gl0.25_pr1.00_c50",1.5,0.25,50,0.7,4.66106698218375,"gain_loss_trans",NA,NA,"model8","nt"
"tl2.50_gl0.25_pr1.00_c50",2.5,0.25,50,0.8,4.12387224718497,"gain_loss_trans",NA,NA,"model8","nt"
"tl5.00_gl0.25_pr1.00_c50",5,0.25,50,0.9,1.36496627297304,"gain_loss_trans",NA,NA,"model8","nt"
"tl1.00_gl0.50_pr1.00_c50",1,0.5,50,0.8,1.82124753436552,"gain_loss_trans",NA,NA,"model8","nt"
"tl1.50_gl0.50_pr1.00_c50",1.5,0.5,50,0.8,3.23786755463018,"gain_loss_trans",NA,NA,"model8","nt"
"tl2.50_gl0.50_pr1.00_c50",2.5,0.5,50,0.6,6.59836141862658,"gain_loss_trans",NA,NA,"model8","nt"
"tl5.00_gl0.50_pr1.00_c50",5,0.5,50,0.7,5.02217275093182,"gain_loss_trans",NA,NA,"model8","nt"
"tl1.00_gl1.00_pr1.00_c50",1,1,50,0.8,1.4339951153586,"gain_loss_trans",NA,NA,"model8","nt"
"tl1.50_gl1.00_pr1.00_c50",1.5,1,50,0.6,9.69473535771845,"gain_loss_trans",NA,NA,"model8","nt"
"tl2.50_gl1.00_pr1.00_c50",2.5,1,50,0.6,5.00633197884394,"gain_loss_trans",NA,NA,"model8","nt"
"tl5.00_gl1.00_pr1.00_c50",5,1,50,0.6,8.20228043221276,"gain_loss_trans",NA,NA,"model8","nt"
"tl1.00_gl0.10_pr2.50_c50",1,0.1,50,0.8,1.08888745359172,"gain_loss_trans",NA,NA,"model8","nt"
"tl1.50_gl0.10_pr2.50_c50",1.5,0.1,50,0.8,0.367905362802428,"gain_loss_trans",NA,NA,"model8","nt"
"tl2.50_gl0.10_pr2.50_c50",2.5,0.1,50,0.5,1.82693083143806,"gain_loss_trans",NA,NA,"model8","nt"
"tl5.00_gl0.10_pr2.50_c50",5,0.1,50,0.2,3.67882007138187,"gain_loss_trans",NA,NA,"model8","nt"
"tl1.00_gl0.25_pr2.50_c50",1,0.25,50,0.8,2.08779776028446,"gain_loss_trans",NA,NA,"model8","nt"
"tl1.50_gl0.25_pr2.50_c50",1.5,0.25,50,0.8,2.57815685197841,"gain_loss_trans",NA,NA,"model8","nt"
"tl2.50_gl0.25_pr2.50_c50",2.5,0.25,50,0.5,3.94040634516146,"gain_loss_trans",NA,NA,"model8","nt"
"tl5.00_gl0.25_pr2.50_c50",5,0.25,50,0.4,3.21648223160509,"gain_loss_trans",NA,NA,"model8","nt"
"tl1.00_gl0.50_pr2.50_c50",1,0.5,50,0.8,1.95949936666061,"gain_loss_trans",NA,NA,"model8","nt"
"tl1.50_gl0.50_pr2.50_c50",1.5,0.5,50,0.5,1.52124569152824,"gain_loss_trans",NA,NA,"model8","nt"
"tl2.50_gl0.50_pr2.50_c50",2.5,0.5,50,0.4,2.74130133231483,"gain_loss_trans",NA,NA,"model8","nt"
"tl5.00_gl0.50_pr2.50_c50",5,0.5,50,0.4,4.73663921253562,"gain_loss_trans",NA,NA,"model8","nt"
"tl1.00_gl1.00_pr2.50_c50",1,1,50,0.8,2.75407236330505,"gain_loss_trans",NA,NA,"model8","nt"
"tl1.50_gl1.00_pr2.50_c50",1.5,1,50,0.6,4.60371562936487,"gain_loss_trans",NA,NA,"model8","nt"
"tl2.50_gl1.00_pr2.50_c50",2.5,1,50,0.2,4.6986528738944,"gain_loss_trans",NA,NA,"model8","nt"
"tl5.00_gl1.00_pr2.50_c50",5,1,50,0.3,4.57927683989997,"gain_loss_trans",NA,NA,"model8","nt"
"tl1.00_gl0.10_pr5.00_c50",1,0.1,50,0.8,0.719030133259067,"gain_loss_trans",NA,NA,"model8","nt"
"tl1.50_gl0.10_pr5.00_c50",1.5,0.1,50,0.8,0.306956661197004,"gain_loss_trans",NA,NA,"model8","nt"
"tl2.50_gl0.10_pr5.00_c50",2.5,0.1,50,0.3,1.32963466408481,"gain_loss_trans",NA,NA,"model8","nt"
"tl5.00_gl0.10_pr5.00_c50",5,0.1,50,0.3,6.17201226814679,"gain_loss_trans",NA,NA,"model8","nt"
"tl1.00_gl0.25_pr5.00_c50",1,0.25,50,0.8,1.50534902267344,"gain_loss_trans",NA,NA,"model8","nt"
"tl1.50_gl0.25_pr5.00_c50",1.5,0.25,50,0.5,1.29941152928558,"gain_loss_trans",NA,NA,"model8","nt"
"tl2.50_gl0.25_pr5.00_c50",2.5,0.25,50,0.1,3.70705932125386,"gain_loss_trans",NA,NA,"model8","nt"
"tl5.00_gl0.25_pr5.00_c50",5,0.25,50,0.2,6.36253286283136,"gain_loss_trans",NA,NA,"model8","nt"
"tl1.00_gl0.50_pr5.00_c50",1,0.5,50,0.9,1.61862310800571,"gain_loss_trans",NA,NA,"model8","nt"
"tl1.50_gl0.50_pr5.00_c50",1.5,0.5,50,0.4,1.6016232663918,"gain_loss_trans",NA,NA,"model8","nt"
"tl2.50_gl0.50_pr5.00_c50",2.5,0.5,50,0.2,2.00629782271134,"gain_loss_trans",NA,NA,"model8","nt"
"tl5.00_gl0.50_pr5.00_c50",5,0.5,50,0.4,6.49968713177922,"gain_loss_trans",NA,NA,"model8","nt"
"tl1.00_gl1.00_pr5.00_c50",1,1,50,0.9,0.478892793317158,"gain_loss_trans",NA,NA,"model8","nt"
"tl1.50_gl1.00_pr5.00_c50",1.5,1,50,0.5,2.12510703658654,"gain_loss_trans",NA,NA,"model8","nt"
"tl2.50_gl1.00_pr5.00_c50",2.5,1,50,0.2,2.02628726666594,"gain_loss_trans",NA,NA,"model8","nt"
"tl5.00_gl1.00_pr5.00_c50",5,1,50,0.3,6.87871609944378,"gain_loss_trans",NA,NA,"model8","nt"
"tl1.00_gl0.10_pr1.00_c100",1,0.1,100,0.6,3.5756985954933,"gain_loss_trans",NA,NA,"model8","nt"
"tl1.50_gl0.10_pr1.00_c100",1.5,0.1,100,0.5,3.49990419892757,"gain_loss_trans",NA,NA,"model8","nt"
"tl2.50_gl0.10_pr1.00_c100",2.5,0.1,100,0.6,2.42953429140513,"gain_loss_trans",NA,NA,"model8","nt"
"tl5.00_gl0.10_pr1.00_c100",5,0.1,100,0.8,0.990190118153519,"gain_loss_trans",NA,NA,"model8","nt"
"tl1.00_gl0.25_pr1.00_c100",1,0.25,100,0.5,13.2325688946031,"gain_loss_trans",NA,NA,"model8","nt"
"tl1.50_gl0.25_pr1.00_c100",1.5,0.25,100,0.5,9.71470771989862,"gain_loss_trans",NA,NA,"model8","nt"
"tl2.50_gl0.25_pr1.00_c100",2.5,0.25,100,0.7,9.50865251120324,"gain_loss_trans",NA,NA,"model8","nt"
"tl5.00_gl0.25_pr1.00_c100",5,0.25,100,0.6,11.265483458824,"gain_loss_trans",NA,NA,"model8","nt"
"tl1.00_gl0.50_pr1.00_c100",1,0.5,100,0.8,5.37825992569658,"gain_loss_trans",NA,NA,"model8","nt"
"tl1.50_gl0.50_pr1.00_c100",1.5,0.5,100,0.5,16.4220487729137,"gain_loss_trans",NA,NA,"model8","nt"
"tl2.50_gl0.50_pr1.00_c100",2.5,0.5,100,0.4,10.1617051387438,"gain_loss_trans",NA,NA,"model8","nt"
"tl5.00_gl0.50_pr1.00_c100",5,0.5,100,0.3,14.9987767426277,"gain_loss_trans",NA,NA,"model8","nt"
"tl1.00_gl1.00_pr1.00_c100",1,1,100,0.6,13.5015476724556,"gain_loss_trans",NA,NA,"model8","nt"
"tl1.50_gl1.00_pr1.00_c100",1.5,1,100,0.5,8.93022373543334,"gain_loss_trans",NA,NA,"model8","nt"
"tl2.50_gl1.00_pr1.00_c100",2.5,1,100,0.5,16.2149545967554,"gain_loss_trans",NA,NA,"model8","nt"
"tl5.00_gl1.00_pr1.00_c100",5,1,100,0.7,16.2370071937587,"gain_loss_trans",NA,NA,"model8","nt"
"tl1.00_gl0.10_pr2.50_c100",1,0.1,100,0.7,2.43362603178025,"gain_loss_trans",NA,NA,"model8","nt"
"tl1.50_gl0.10_pr2.50_c100",1.5,0.1,100,0.7,2.73735627778523,"gain_loss_trans",NA,NA,"model8","nt"
"tl2.50_gl0.10_pr2.50_c100",2.5,0.1,100,0.6,1.31502880548527,"gain_loss_trans",NA,NA,"model8","nt"
"tl5.00_gl0.10_pr2.50_c100",5,0.1,100,0.5,3.68783027773009,"gain_loss_trans",NA,NA,"model8","nt"
"tl1.00_gl0.25_pr2.50_c100",1,0.25,100,0.8,6.22065464140188,"gain_loss_trans",NA,NA,"model8","nt"
"tl1.50_gl0.25_pr2.50_c100",1.5,0.25,100,0.7,4.8372824621536,"gain_loss_trans",NA,NA,"model8","nt"
"tl2.50_gl0.25_pr2.50_c100",2.5,0.25,100,0.3,9.06673507087203,"gain_loss_trans",NA,NA,"model8","nt"
"tl5.00_gl0.25_pr2.50_c100",5,0.25,100,0.1,8.61874099179519,"gain_loss_trans",NA,NA,"model8","nt"
"tl1.00_gl0.50_pr2.50_c100",1,0.5,100,0.6,2.93026984037218,"gain_loss_trans",NA,NA,"model8","nt"
"tl1.50_gl0.50_pr2.50_c100",1.5,0.5,100,0.6,12.5558021553686,"gain_loss_trans",NA,NA,"model8","nt"
"tl2.50_gl0.50_pr2.50_c100",2.5,0.5,100,0.3,3.87854509375659,"gain_loss_trans",NA,NA,"model8","nt"
"tl5.00_gl0.50_pr2.50_c100",5,0.5,100,0.3,5.06637088152253,"gain_loss_trans",NA,NA,"model8","nt"
"tl1.00_gl1.00_pr2.50_c100",1,1,100,0.7,5.4779997097229,"gain_loss_trans",NA,NA,"model8","nt"
"tl1.50_gl1.00_pr2.50_c100",1.5,1,100,0.3,6.12649816653184,"gain_loss_trans",NA,NA,"model8","nt"
"tl2.50_gl1.00_pr2.50_c100",2.5,1,100,0.4,21.0357990781631,"gain_loss_trans",NA,NA,"model8","nt"
"tl5.00_gl1.00_pr2.50_c100",5,1,100,0.3,11.1483979859122,"gain_loss_trans",NA,NA,"model8","nt"
"tl1.00_gl0.10_pr5.00_c100",1,0.1,100,0.8,0.591649204434963,"gain_loss_trans",NA,NA,"model8","nt"
"tl1.50_gl0.10_pr5.00_c100",1.5,0.1,100,0.3,0.883347615998748,"gain_loss_trans",NA,NA,"model8","nt"
"tl2.50_gl0.10_pr5.00_c100",2.5,0.1,100,0.2,1.38303062930804,"gain_loss_trans",NA,NA,"model8","nt"
"tl5.00_gl0.10_pr5.00_c100",5,0.1,100,0.3,5.47934493689134,"gain_loss_trans",NA,NA,"model8","nt"
"tl1.00_gl0.25_pr5.00_c100",1,0.25,100,0.6,1.37879691731935,"gain_loss_trans",NA,NA,"model8","nt"
"tl1.50_gl0.25_pr5.00_c100",1.5,0.25,100,0.1,2.8733640577198,"gain_loss_trans",NA,NA,"model8","nt"
"tl2.50_gl0.25_pr5.00_c100",2.5,0.25,100,0.1,4.07562422056822,"gain_loss_trans",NA,NA,"model8","nt"
"tl5.00_gl0.25_pr5.00_c100",5,0.25,100,0.1,8.34860601824648,"gain_loss_trans",NA,NA,"model8","nt"
"tl1.00_gl0.50_pr5.00_c100",1,0.5,100,0.6,3.34081991631067,"gain_loss_trans",NA,NA,"model8","nt"
"tl1.50_gl0.50_pr5.00_c100",1.5,0.5,100,0.2,1.0349709900712,"gain_loss_trans",NA,NA,"model8","nt"
"tl2.50_gl0.50_pr5.00_c100",2.5,0.5,100,0.1,7.67178298624488,"gain_loss_trans",NA,NA,"model8","nt"
"tl5.00_gl0.50_pr5.00_c100",5,0.5,100,0,8.48322991812365,"gain_loss_trans",NA,NA,"model8","nt"
"tl1.00_gl1.00_pr5.00_c100",1,1,100,0.7,2.71518043053678,"gain_loss_trans",NA,NA,"model8","nt"
"tl1.50_gl1.00_pr5.00_c100",1.5,1,100,0,4.76625502773791,"gain_loss_trans",NA,NA,"model8","nt"
"tl2.50_gl1.00_pr5.00_c100",2.5,1,100,0.1,6.26812234643333,"gain_loss_trans",NA,NA,"model8","nt"
"tl5.00_gl1.00_pr5.00_c100",5,1,100,0,14.1444538618697,"gain_loss_trans",NA,NA,"model8","nt"
"tl1.00_gl0.10_pr1.00_c200",1,0.1,200,0.6,5.2126634805168,"gain_loss_trans",NA,NA,"model8","nt"
"tl1.50_gl0.10_pr1.00_c200",1.5,0.1,200,0.4,5.49564332936219,"gain_loss_trans",NA,NA,"model8","nt"
"tl2.50_gl0.10_pr1.00_c200",2.5,0.1,200,0.6,6.45009068482101,"gain_loss_trans",NA,NA,"model8","nt"
"tl5.00_gl0.10_pr1.00_c200",5,0.1,200,0.7,5.1995925177182,"gain_loss_trans",NA,NA,"model8","nt"
"tl1.00_gl0.25_pr1.00_c200",1,0.25,200,0.5,10.4745962520043,"gain_loss_trans",NA,NA,"model8","nt"
"tl1.50_gl0.25_pr1.00_c200",1.5,0.25,200,0.5,15.8685743007709,"gain_loss_trans",NA,NA,"model8","nt"
"tl2.50_gl0.25_pr1.00_c200",2.5,0.25,200,0.6,17.716767808288,"gain_loss_trans",NA,NA,"model8","nt"
"tl5.00_gl0.25_pr1.00_c200",5,0.25,200,0.4,18.5749240016376,"gain_loss_trans",NA,NA,"model8","nt"
"tl1.00_gl0.50_pr1.00_c200",1,0.5,200,0.6,16.8134650621193,"gain_loss_trans",NA,NA,"model8","nt"
"tl1.50_gl0.50_pr1.00_c200",1.5,0.5,200,0.5,18.1140357976129,"gain_loss_trans",NA,NA,"model8","nt"
"tl2.50_gl0.50_pr1.00_c200",2.5,0.5,200,0.6,27.1726763220677,"gain_loss_trans",NA,NA,"model8","nt"
"tl5.00_gl0.50_pr1.00_c200",5,0.5,200,0.5,34.4855264083578,"gain_loss_trans",NA,NA,"model8","nt"
"tl1.00_gl1.00_pr1.00_c200",1,1,200,0.6,24.3540167788592,"gain_loss_trans",NA,NA,"model8","nt"
"tl1.50_gl1.00_pr1.00_c200",1.5,1,200,0.5,34.9672566569515,"gain_loss_trans",NA,NA,"model8","nt"
"tl2.50_gl1.00_pr1.00_c200",2.5,1,200,0.5,42.7934153516831,"gain_loss_trans",NA,NA,"model8","nt"
"tl5.00_gl1.00_pr1.00_c200",5,1,200,0.3,38.0855438682572,"gain_loss_trans",NA,NA,"model8","nt"
"tl1.00_gl0.10_pr2.50_c200",1,0.1,200,0.7,1.22987730997995,"gain_loss_trans",NA,NA,"model8","nt"
"tl1.50_gl0.10_pr2.50_c200",1.5,0.1,200,0.4,1.46601110665653,"gain_loss_trans",NA,NA,"model8","nt"
"tl2.50_gl0.10_pr2.50_c200",2.5,0.1,200,0.3,2.96979289383401,"gain_loss_trans",NA,NA,"model8","nt"
"tl5.00_gl0.10_pr2.50_c200",5,0.1,200,0.2,6.44809189073141,"gain_loss_trans",NA,NA,"model8","nt"
"tl1.00_gl0.25_pr2.50_c200",1,0.25,200,0.7,7.98843451344791,"gain_loss_trans",NA,NA,"model8","nt"
"tl1.50_gl0.25_pr2.50_c200",1.5,0.25,200,0.3,7.25214024807806,"gain_loss_trans",NA,NA,"model8","nt"
"tl2.50_gl0.25_pr2.50_c200",2.5,0.25,200,0.3,9.896559800128,"gain_loss_trans",NA,NA,"model8","nt"
"tl5.00_gl0.25_pr2.50_c200",5,0.25,200,0.2,13.6245270084814,"gain_loss_trans",NA,NA,"model8","nt"
"tl1.00_gl0.50_pr2.50_c200",1,0.5,200,0.6,11.0968625596883,"gain_loss_trans",NA,NA,"model8","nt"
"tl1.50_gl0.50_pr2.50_c200",1.5,0.5,200,0.5,15.9674519544653,"gain_loss_trans",NA,NA,"model8","nt"
"tl2.50_gl0.50_pr2.50_c200",2.5,0.5,200,0.3,17.4944381487779,"gain_loss_trans",NA,NA,"model8","nt"
"tl5.00_gl0.50_pr2.50_c200",5,0.5,200,0.2,21.1907775266515,"gain_loss_trans",NA,NA,"model8","nt"
"tl1.00_gl1.00_pr2.50_c200",1,1,200,0.7,10.9340981680368,"gain_loss_trans",NA,NA,"model8","nt"
"tl1.50_gl1.00_pr2.50_c200",1.5,1,200,0.3,12.8110300391353,"gain_loss_trans",NA,NA,"model8","nt"
"tl2.50_gl1.00_pr2.50_c200",2.5,1,200,0.3,19.010322018275,"gain_loss_trans",NA,NA,"model8","nt"
"tl5.00_gl1.00_pr2.50_c200",5,1,200,0.3,48.3291675793572,"gain_loss_trans",NA,NA,"model8","nt"
"tl1.00_gl0.10_pr5.00_c200",1,0.1,200,0.2,0.925202924340901,"gain_loss_trans",NA,NA,"model8","nt"
"tl1.50_gl0.10_pr5.00_c200",1.5,0.1,200,0,1.49542406054099,"gain_loss_trans",NA,NA,"model8","nt"
"tl2.50_gl0.10_pr5.00_c200",2.5,0.1,200,0,2.8173201712622,"gain_loss_trans",NA,NA,"model8","nt"
"tl5.00_gl0.10_pr5.00_c200",5,0.1,200,0.1,8.6157641401105,"gain_loss_trans",NA,NA,"model8","nt"
"tl1.00_gl0.25_pr5.00_c200",1,0.25,200,0.4,1.50719225907005,"gain_loss_trans",NA,NA,"model8","nt"
"tl1.50_gl0.25_pr5.00_c200",1.5,0.25,200,0,5.0092949839347,"gain_loss_trans",NA,NA,"model8","nt"
"tl2.50_gl0.25_pr5.00_c200",2.5,0.25,200,0.1,5.50686747104028,"gain_loss_trans",NA,NA,"model8","nt"
"tl5.00_gl0.25_pr5.00_c200",5,0.25,200,0,16.3790521934945,"gain_loss_trans",NA,NA,"model8","nt"
"tl1.00_gl0.50_pr5.00_c200",1,0.5,200,0,4.00137276569929,"gain_loss_trans",NA,NA,"model8","nt"
"tl1.50_gl0.50_pr5.00_c200",1.5,0.5,200,0,7.5464813654605,"gain_loss_trans",NA,NA,"model8","nt"
"tl2.50_gl0.50_pr5.00_c200",2.5,0.5,200,0,13.0677300246909,"gain_loss_trans",NA,NA,"model8","nt"
"tl5.00_gl0.50_pr5.00_c200",5,0.5,200,0,19.0801566981384,"gain_loss_trans",NA,NA,"model8","nt"
"tl1.00_gl1.00_pr5.00_c200",1,1,200,0,4.86942045979695,"gain_loss_trans",NA,NA,"model8","nt"
"tl1.50_gl1.00_pr5.00_c200",1.5,1,200,0.2,5.12885022712051,"gain_loss_trans",NA,NA,"model8","nt"
"tl2.50_gl1.00_pr5.00_c200",2.5,1,200,0,17.2788745948583,"gain_loss_trans",NA,NA,"model8","nt"
"tl5.00_gl1.00_pr5.00_c200",5,1,200,0,18.9449591109222,"gain_loss_trans",NA,NA,"model8","nt"
"tl1.00_gl0.10_pr1.00_c25",1,0.1,25,1,0.15059439727989,"gain_loss_trans",NA,NA,"model9","nt"
"tl1.50_gl0.10_pr1.00_c25",1.5,0.1,25,1,0.0764334824929558,"gain_loss_trans",NA,NA,"model9","nt"
"tl2.50_gl0.10_pr1.00_c25",2.5,0.1,25,1,0.589986917293381,"gain_loss_trans",NA,NA,"model9","nt"
"tl5.00_gl0.10_pr1.00_c25",5,0.1,25,0,7.5037080133372,"gain_loss_trans",NA,NA,"model9","nt"
"tl1.00_gl0.25_pr1.00_c25",1,0.25,25,1,0.12490055568284,"gain_loss_trans",NA,NA,"model9","nt"
"tl1.50_gl0.25_pr1.00_c25",1.5,0.25,25,1,0.114042937222932,"gain_loss_trans",NA,NA,"model9","nt"
"tl2.50_gl0.25_pr1.00_c25",2.5,0.25,25,0.9,0.593363270939081,"gain_loss_trans",NA,NA,"model9","nt"
"tl5.00_gl0.25_pr1.00_c25",5,0.25,25,0.2,7.02341700121434,"gain_loss_trans",NA,NA,"model9","nt"
"tl1.00_gl0.50_pr1.00_c25",1,0.5,25,1,0.188440739295145,"gain_loss_trans",NA,NA,"model9","nt"
"tl1.50_gl0.50_pr1.00_c25",1.5,0.5,25,1,0.196946969325404,"gain_loss_trans",NA,NA,"model9","nt"
"tl2.50_gl0.50_pr1.00_c25",2.5,0.5,25,0.9,0.602914148998784,"gain_loss_trans",NA,NA,"model9","nt"
"tl5.00_gl0.50_pr1.00_c25",5,0.5,25,0.1,7.07616423771381,"gain_loss_trans",NA,NA,"model9","nt"
"tl1.00_gl1.00_pr1.00_c25",1,1,25,1,0.103566173677433,"gain_loss_trans",NA,NA,"model9","nt"
"tl1.50_gl1.00_pr1.00_c25",1.5,1,25,1,0.132999236711945,"gain_loss_trans",NA,NA,"model9","nt"
"tl2.50_gl1.00_pr1.00_c25",2.5,1,25,0.9,0.676035410122236,"gain_loss_trans",NA,NA,"model9","nt"
"tl5.00_gl1.00_pr1.00_c25",5,1,25,0.2,6.40471687815226,"gain_loss_trans",NA,NA,"model9","nt"
"tl1.00_gl0.10_pr2.50_c25",1,0.1,25,1,0.0484524330028205,"gain_loss_trans",NA,NA,"model9","nt"
"tl1.50_gl0.10_pr2.50_c25",1.5,0.1,25,1,0.116558890305067,"gain_loss_trans",NA,NA,"model9","nt"
"tl2.50_gl0.10_pr2.50_c25",2.5,0.1,25,0.8,1.07058270388857,"gain_loss_trans",NA,NA,"model9","nt"
"tl5.00_gl0.10_pr2.50_c25",5,0.1,25,0,8.63720689245367,"gain_loss_trans",NA,NA,"model9","nt"
"tl1.00_gl0.25_pr2.50_c25",1,0.25,25,1,0.0808815113459451,"gain_loss_trans",NA,NA,"model9","nt"
"tl1.50_gl0.25_pr2.50_c25",1.5,0.25,25,1,0.191157447333857,"gain_loss_trans",NA,NA,"model9","nt"
"tl2.50_gl0.25_pr2.50_c25",2.5,0.25,25,0.7,1.33787064838195,"gain_loss_trans",NA,NA,"model9","nt"
"tl5.00_gl0.25_pr2.50_c25",5,0.25,25,0,7.66547545301915,"gain_loss_trans",NA,NA,"model9","nt"
"tl1.00_gl0.50_pr2.50_c25",1,0.5,25,1,0.189418957595615,"gain_loss_trans",NA,NA,"model9","nt"
"tl1.50_gl0.50_pr2.50_c25",1.5,0.5,25,0.9,0.22787586282797,"gain_loss_trans",NA,NA,"model9","nt"
"tl2.50_gl0.50_pr2.50_c25",2.5,0.5,25,0.5,1.42720725050543,"gain_loss_trans",NA,NA,"model9","nt"
"tl5.00_gl0.50_pr2.50_c25",5,0.5,25,0,9.07689244609629,"gain_loss_trans",NA,NA,"model9","nt"
"tl1.00_gl1.00_pr2.50_c25",1,1,25,1,0.068679355362801,"gain_loss_trans",NA,NA,"model9","nt"
"tl1.50_gl1.00_pr2.50_c25",1.5,1,25,0.9,0.240428261034564,"gain_loss_trans",NA,NA,"model9","nt"
"tl2.50_gl1.00_pr2.50_c25",2.5,1,25,0.4,1.58453191420148,"gain_loss_trans",NA,NA,"model9","nt"
"tl5.00_gl1.00_pr2.50_c25",5,1,25,0,8.92116507179982,"gain_loss_trans",NA,NA,"model9","nt"
"tl1.00_gl0.10_pr5.00_c25",1,0.1,25,1,0.0579315631900885,"gain_loss_trans",NA,NA,"model9","nt"
"tl1.50_gl0.10_pr5.00_c25",1.5,0.1,25,1,0.175619295288286,"gain_loss_trans",NA,NA,"model9","nt"
"tl2.50_gl0.10_pr5.00_c25",2.5,0.1,25,0.7,1.22560730421312,"gain_loss_trans",NA,NA,"model9","nt"
"tl5.00_gl0.10_pr5.00_c25",5,0.1,25,0,9.97427824283321,"gain_loss_trans",NA,NA,"model9","nt"
"tl1.00_gl0.25_pr5.00_c25",1,0.25,25,1,0.157798113403531,"gain_loss_trans",NA,NA,"model9","nt"
"tl1.50_gl0.25_pr5.00_c25",1.5,0.25,25,0.9,0.257309612857586,"gain_loss_trans",NA,NA,"model9","nt"
"tl2.50_gl0.25_pr5.00_c25",2.5,0.25,25,0.5,1.51424311420621,"gain_loss_trans",NA,NA,"model9","nt"
"tl5.00_gl0.25_pr5.00_c25",5,0.25,25,0,10.0547225838475,"gain_loss_trans",NA,NA,"model9","nt"
"tl1.00_gl0.50_pr5.00_c25",1,0.5,25,0.9,0.141338661470928,"gain_loss_trans",NA,NA,"model9","nt"
"tl1.50_gl0.50_pr5.00_c25",1.5,0.5,25,0.9,0.379417524867176,"gain_loss_trans",NA,NA,"model9","nt"
"tl2.50_gl0.50_pr5.00_c25",2.5,0.5,25,0.4,1.702817752465,"gain_loss_trans",NA,NA,"model9","nt"
"tl5.00_gl0.50_pr5.00_c25",5,0.5,25,0,11.0984838048517,"gain_loss_trans",NA,NA,"model9","nt"
"tl1.00_gl1.00_pr5.00_c25",1,1,25,1,0.166807770377416,"gain_loss_trans",NA,NA,"model9","nt"
"tl1.50_gl1.00_pr5.00_c25",1.5,1,25,0.7,0.390869130100785,"gain_loss_trans",NA,NA,"model9","nt"
"tl2.50_gl1.00_pr5.00_c25",2.5,1,25,0.4,1.6915964072863,"gain_loss_trans",NA,NA,"model9","nt"
"tl5.00_gl1.00_pr5.00_c25",5,1,25,0,10.9400095656854,"gain_loss_trans",NA,NA,"model9","nt"
"tl1.00_gl0.10_pr1.00_c50",1,0.1,50,1,0.111743690596593,"gain_loss_trans",NA,NA,"model9","nt"
"tl1.50_gl0.10_pr1.00_c50",1.5,0.1,50,1,0.087136424572085,"gain_loss_trans",NA,NA,"model9","nt"
"tl2.50_gl0.10_pr1.00_c50",2.5,0.1,50,1,0.524555528577662,"gain_loss_trans",NA,NA,"model9","nt"
"tl5.00_gl0.10_pr1.00_c50",5,0.1,50,0.2,6.83725354570868,"gain_loss_trans",NA,NA,"model9","nt"
"tl1.00_gl0.25_pr1.00_c50",1,0.25,50,1,0.19939606955014,"gain_loss_trans",NA,NA,"model9","nt"
"tl1.50_gl0.25_pr1.00_c50",1.5,0.25,50,1,0.101368797020893,"gain_loss_trans",NA,NA,"model9","nt"
"tl2.50_gl0.25_pr1.00_c50",2.5,0.25,50,1,0.55807472204075,"gain_loss_trans",NA,NA,"model9","nt"
"tl5.00_gl0.25_pr1.00_c50",5,0.25,50,0.3,5.82776458997195,"gain_loss_trans",NA,NA,"model9","nt"
"tl1.00_gl0.50_pr1.00_c50",1,0.5,50,0.9,0.119589936869969,"gain_loss_trans",NA,NA,"model9","nt"
"tl1.50_gl0.50_pr1.00_c50",1.5,0.5,50,1,0.115925256212292,"gain_loss_trans",NA,NA,"model9","nt"
"tl2.50_gl0.50_pr1.00_c50",2.5,0.5,50,0.8,0.635272119649249,"gain_loss_trans",NA,NA,"model9","nt"
"tl5.00_gl0.50_pr1.00_c50",5,0.5,50,0.3,5.87573840908883,"gain_loss_trans",NA,NA,"model9","nt"
"tl1.00_gl1.00_pr1.00_c50",1,1,50,1,0.0732424987810495,"gain_loss_trans",NA,NA,"model9","nt"
"tl1.50_gl1.00_pr1.00_c50",1.5,1,50,1,0.227219515628657,"gain_loss_trans",NA,NA,"model9","nt"
"tl2.50_gl1.00_pr1.00_c50",2.5,1,50,0.8,0.693200336782339,"gain_loss_trans",NA,NA,"model9","nt"
"tl5.00_gl1.00_pr1.00_c50",5,1,50,0.4,5.97219764419776,"gain_loss_trans",NA,NA,"model9","nt"
"tl1.00_gl0.10_pr2.50_c50",1,0.1,50,1,0.10685168384616,"gain_loss_trans",NA,NA,"model9","nt"
"tl1.50_gl0.10_pr2.50_c50",1.5,0.1,50,0.9,0.208136275062325,"gain_loss_trans",NA,NA,"model9","nt"
"tl2.50_gl0.10_pr2.50_c50",2.5,0.1,50,0.6,1.27110211838694,"gain_loss_trans",NA,NA,"model9","nt"
"tl5.00_gl0.10_pr2.50_c50",5,0.1,50,0,8.3858353906504,"gain_loss_trans",NA,NA,"model9","nt"
"tl1.00_gl0.25_pr2.50_c50",1,0.25,50,0.9,0.12758797195929,"gain_loss_trans",NA,NA,"model9","nt"
"tl1.50_gl0.25_pr2.50_c50",1.5,0.25,50,0.8,0.266711171031659,"gain_loss_trans",NA,NA,"model9","nt"
"tl2.50_gl0.25_pr2.50_c50",2.5,0.25,50,0.5,1.2939641141162,"gain_loss_trans",NA,NA,"model9","nt"
"tl5.00_gl0.25_pr2.50_c50",5,0.25,50,0.1,7.97591872680566,"gain_loss_trans",NA,NA,"model9","nt"
"tl1.00_gl0.50_pr2.50_c50",1,0.5,50,0.8,0.20225880587254,"gain_loss_trans",NA,NA,"model9","nt"
"tl1.50_gl0.50_pr2.50_c50",1.5,0.5,50,0.6,0.359573422614051,"gain_loss_trans",NA,NA,"model9","nt"
"tl2.50_gl0.50_pr2.50_c50",2.5,0.5,50,0.4,1.39639073533098,"gain_loss_trans",NA,NA,"model9","nt"
"tl5.00_gl0.50_pr2.50_c50",5,0.5,50,0,7.6205882345461,"gain_loss_trans",NA,NA,"model9","nt"
"tl1.00_gl1.00_pr2.50_c50",1,1,50,1,0.172760935186015,"gain_loss_trans",NA,NA,"model9","nt"
"tl1.50_gl1.00_pr2.50_c50",1.5,1,50,0.7,0.377988777669301,"gain_loss_trans",NA,NA,"model9","nt"
"tl2.50_gl1.00_pr2.50_c50",2.5,1,50,0.4,1.34915183267743,"gain_loss_trans",NA,NA,"model9","nt"
"tl5.00_gl1.00_pr2.50_c50",5,1,50,0,7.99474878191713,"gain_loss_trans",NA,NA,"model9","nt"
"tl1.00_gl0.10_pr5.00_c50",1,0.1,50,0.9,0.138820698481056,"gain_loss_trans",NA,NA,"model9","nt"
"tl1.50_gl0.10_pr5.00_c50",1.5,0.1,50,0.7,0.364726227862017,"gain_loss_trans",NA,NA,"model9","nt"
"tl2.50_gl0.10_pr5.00_c50",2.5,0.1,50,0.3,1.52441256630826,"gain_loss_trans",NA,NA,"model9","nt"
"tl5.00_gl0.10_pr5.00_c50",5,0.1,50,0,10.3988395215705,"gain_loss_trans",NA,NA,"model9","nt"
"tl1.00_gl0.25_pr5.00_c50",1,0.25,50,0.8,0.185759647288169,"gain_loss_trans",NA,NA,"model9","nt"
"tl1.50_gl0.25_pr5.00_c50",1.5,0.25,50,0.6,0.417827762323753,"gain_loss_trans",NA,NA,"model9","nt"
"tl2.50_gl0.25_pr5.00_c50",2.5,0.25,50,0.2,1.97763538112181,"gain_loss_trans",NA,NA,"model9","nt"
"tl5.00_gl0.25_pr5.00_c50",5,0.25,50,0,10.8912398977649,"gain_loss_trans",NA,NA,"model9","nt"
"tl1.00_gl0.50_pr5.00_c50",1,0.5,50,0.9,0.216937714592285,"gain_loss_trans",NA,NA,"model9","nt"
"tl1.50_gl0.50_pr5.00_c50",1.5,0.5,50,0.5,0.461858393089864,"gain_loss_trans",NA,NA,"model9","nt"
"tl2.50_gl0.50_pr5.00_c50",2.5,0.5,50,0.3,2.12396188064254,"gain_loss_trans",NA,NA,"model9","nt"
"tl5.00_gl0.50_pr5.00_c50",5,0.5,50,0,10.7999324655601,"gain_loss_trans",NA,NA,"model9","nt"
"tl1.00_gl1.00_pr5.00_c50",1,1,50,0.6,0.233437973395769,"gain_loss_trans",NA,NA,"model9","nt"
"tl1.50_gl1.00_pr5.00_c50",1.5,1,50,0.5,0.49876308073779,"gain_loss_trans",NA,NA,"model9","nt"
"tl2.50_gl1.00_pr5.00_c50",2.5,1,50,0.2,1.76984157354714,"gain_loss_trans",NA,NA,"model9","nt"
"tl5.00_gl1.00_pr5.00_c50",5,1,50,0,11.6362633175338,"gain_loss_trans",NA,NA,"model9","nt"
"tl1.00_gl0.10_pr1.00_c100",1,0.1,100,1,0.06671547631153,"gain_loss_trans",NA,NA,"model9","nt"
"tl1.50_gl0.10_pr1.00_c100",1.5,0.1,100,1,0.0497712386369658,"gain_loss_trans",NA,NA,"model9","nt"
"tl2.50_gl0.10_pr1.00_c100",2.5,0.1,100,0.9,0.517143829431341,"gain_loss_trans",NA,NA,"model9","nt"
"tl5.00_gl0.10_pr1.00_c100",5,0.1,100,0.1,6.1116376001189,"gain_loss_trans",NA,NA,"model9","nt"
"tl1.00_gl0.25_pr1.00_c100",1,0.25,100,1,0.146653170233854,"gain_loss_trans",NA,NA,"model9","nt"
"tl1.50_gl0.25_pr1.00_c100",1.5,0.25,100,1,0.0953332880683612,"gain_loss_trans",NA,NA,"model9","nt"
"tl2.50_gl0.25_pr1.00_c100",2.5,0.25,100,0.9,0.525260137245251,"gain_loss_trans",NA,NA,"model9","nt"
"tl5.00_gl0.25_pr1.00_c100",5,0.25,100,0.5,5.14945141202771,"gain_loss_trans",NA,NA,"model9","nt"
"tl1.00_gl0.50_pr1.00_c100",1,0.5,100,1,0.186632548313508,"gain_loss_trans",NA,NA,"model9","nt"
"tl1.50_gl0.50_pr1.00_c100",1.5,0.5,100,1,0.172609446487217,"gain_loss_trans",NA,NA,"model9","nt"
"tl2.50_gl0.50_pr1.00_c100",2.5,0.5,100,1,0.27968927567007,"gain_loss_trans",NA,NA,"model9","nt"
"tl5.00_gl0.50_pr1.00_c100",5,0.5,100,0.4,5.76911305418431,"gain_loss_trans",NA,NA,"model9","nt"
"tl1.00_gl1.00_pr1.00_c100",1,1,100,0.9,0.337105003820629,"gain_loss_trans",NA,NA,"model9","nt"
"tl1.50_gl1.00_pr1.00_c100",1.5,1,100,1,0.147854647035447,"gain_loss_trans",NA,NA,"model9","nt"
"tl2.50_gl1.00_pr1.00_c100",2.5,1,100,0.9,0.309181137461979,"gain_loss_trans",NA,NA,"model9","nt"
"tl5.00_gl1.00_pr1.00_c100",5,1,100,0.4,5.64056315908238,"gain_loss_trans",NA,NA,"model9","nt"
"tl1.00_gl0.10_pr2.50_c100",1,0.1,100,1,0.114371152126995,"gain_loss_trans",NA,NA,"model9","nt"
"tl1.50_gl0.10_pr2.50_c100",1.5,0.1,100,0.9,0.161302430677316,"gain_loss_trans",NA,NA,"model9","nt"
"tl2.50_gl0.10_pr2.50_c100",2.5,0.1,100,0.8,0.953769613358739,"gain_loss_trans",NA,NA,"model9","nt"
"tl5.00_gl0.10_pr2.50_c100",5,0.1,100,0,8.3847377444441,"gain_loss_trans",NA,NA,"model9","nt"
"tl1.00_gl0.25_pr2.50_c100",1,0.25,100,0.9,0.22466955302131,"gain_loss_trans",NA,NA,"model9","nt"
"tl1.50_gl0.25_pr2.50_c100",1.5,0.25,100,0.8,0.259679054911137,"gain_loss_trans",NA,NA,"model9","nt"
"tl2.50_gl0.25_pr2.50_c100",2.5,0.25,100,0.5,1.13475193351637,"gain_loss_trans",NA,NA,"model9","nt"
"tl5.00_gl0.25_pr2.50_c100",5,0.25,100,0,8.06678770338686,"gain_loss_trans",NA,NA,"model9","nt"
"tl1.00_gl0.50_pr2.50_c100",1,0.5,100,0.7,0.233956436869296,"gain_loss_trans",NA,NA,"model9","nt"
"tl1.50_gl0.50_pr2.50_c100",1.5,0.5,100,0.6,0.393586243667365,"gain_loss_trans",NA,NA,"model9","nt"
"tl2.50_gl0.50_pr2.50_c100",2.5,0.5,100,0.5,1.26276716156486,"gain_loss_trans",NA,NA,"model9","nt"
"tl5.00_gl0.50_pr2.50_c100",5,0.5,100,0,7.65237678828668,"gain_loss_trans",0,1.06410416434968,"model9","nt"
"tl1.00_gl1.00_pr2.50_c100",1,1,100,0.5,10.5975928551324,"gain_loss_trans",1,0.0525187368956825,"model9","nt"
"tl1.50_gl1.00_pr2.50_c100",1.5,1,100,0.3,17.2874236888837,"gain_loss_trans",0.5,0.362027779870671,"model9","nt"
"tl2.50_gl1.00_pr2.50_c100",2.5,1,100,0.1,35.6396220653449,"gain_loss_trans",1,0.011811711687638,"model9","nt"
"tl5.00_gl1.00_pr2.50_c100",5,1,100,0,6.88906418196795,"gain_loss_trans",1,0.01520064792476,"model9","nt"
"tl1.00_gl0.10_pr5.00_c100",1,0.1,100,0.9,0.139044806714833,"gain_loss_trans",0,81.4397242838438,"model9","nt"
"tl1.50_gl0.10_pr5.00_c100",1.5,0.1,100,0.3,0.512521938813318,"gain_loss_trans",0,81.0872915009985,"model9","nt"
"tl2.50_gl0.10_pr5.00_c100",2.5,0.1,100,0.3,1.87283645284385,"gain_loss_trans",0,82.7445367061172,"model9","nt"
"tl5.00_gl0.10_pr5.00_c100",5,0.1,100,0,10.278218963466,"gain_loss_trans",0,81.28028660548,"model9","nt"
"tl1.00_gl0.25_pr5.00_c100",1,0.25,100,0.6,0.222431588959512,"gain_loss_trans",0,9.9284733514793,"model9","nt"
"tl1.50_gl0.25_pr5.00_c100",1.5,0.25,100,0.4,0.585206604428323,"gain_loss_trans",0,8.53125424048145,"model9","nt"
"tl2.50_gl0.25_pr5.00_c100",2.5,0.25,100,0.2,1.93363200899157,"gain_loss_trans",0,8.67004963950053,"model9","nt"
"tl5.00_gl0.25_pr5.00_c100",5,0.25,100,0,10.9630369652264,"gain_loss_trans",0,8.6938306424975,"model9","nt"
"tl1.00_gl0.50_pr5.00_c100",1,0.5,100,0.5,0.250700883895862,"gain_loss_trans",0,1.24461340978539,"model9","nt"
"tl1.50_gl0.50_pr5.00_c100",1.5,0.5,100,0.4,0.6242113742631,"gain_loss_trans",0,1.22562798519385,"model9","nt"
"tl2.50_gl0.50_pr5.00_c100",2.5,0.5,100,0.2,2.10515322434979,"gain_loss_trans",0,1.12325438125245,"model9","nt"
"tl5.00_gl0.50_pr5.00_c100",5,0.5,100,0,11.033050338577,"gain_loss_trans",0,0.970148050562338,"model9","nt"
"tl1.00_gl1.00_pr5.00_c100",1,1,100,0.3,0.311133376694683,"gain_loss_trans",1,0.0245970619489749,"model9","nt"
"tl1.50_gl1.00_pr5.00_c100",1.5,1,100,0.2,0.642846866304323,"gain_loss_trans",1,0.00361698642600257,"model9","nt"
"tl2.50_gl1.00_pr5.00_c100",2.5,1,100,0.2,2.07045929412491,"gain_loss_trans",1,0.00510698994296431,"model9","nt"
"tl5.00_gl1.00_pr5.00_c100",5,1,100,0,10.7388459707137,"gain_loss_trans",1,0.00125517603787359,"model9","nt"
"tl1.00_gl0.10_pr1.00_c200",1,0.1,200,1,0.0703389372616411,"gain_loss_trans",0,79.0223153632668,"model9","nt"
"tl1.50_gl0.10_pr1.00_c200",1.5,0.1,200,1,0.0601815106219638,"gain_loss_trans",0,79.0963173809915,"model9","nt"
"tl2.50_gl0.10_pr1.00_c200",2.5,0.1,200,1,0.327916999095047,"gain_loss_trans",0,81.4966576580913,"model9","nt"
"tl5.00_gl0.10_pr1.00_c200",5,0.1,200,0.4,5.89562056797344,"gain_loss_trans",0,80.3681039669698,"model9","nt"
"tl1.00_gl0.25_pr1.00_c200",1,0.25,200,1,0.14305276402967,"gain_loss_trans",0,9.32435263968183,"model9","nt"
"tl1.50_gl0.25_pr1.00_c200",1.5,0.25,200,1,0.139739630499536,"gain_loss_trans",0,8.94619291264971,"model9","nt"
"tl2.50_gl0.25_pr1.00_c200",2.5,0.25,200,1,0.321535535929486,"gain_loss_trans",0,8.58035712496109,"model9","nt"
"tl5.00_gl0.25_pr1.00_c200",5,0.25,200,0.5,4.72532077328583,"gain_loss_trans",0,9.12441175118569,"model9","nt"
"tl1.00_gl0.50_pr1.00_c200",1,0.5,200,1,0.235052422326891,"gain_loss_trans",0,1.08342026949027,"model9","nt"
"tl1.50_gl0.50_pr1.00_c200",1.5,0.5,200,1,0.161443246861247,"gain_loss_trans",0.2,0.803594485959688,"model9","nt"
"tl2.50_gl0.50_pr1.00_c200",2.5,0.5,200,1,0.36161685409591,"gain_loss_trans",0,1.01083787575775,"model9","nt"
"tl5.00_gl0.50_pr1.00_c200",5,0.5,200,NA,NA,"gain_loss_trans",NA,NA,"model9","nt"
"tl1.00_gl1.00_pr1.00_c200",1,1,200,1,0.221028058233296,"gain_loss_trans",1,0.00465285035647867,"model9","nt"
"tl1.50_gl1.00_pr1.00_c200",1.5,1,200,1,0.194604411046738,"gain_loss_trans",1,0.0163787180033614,"model9","nt"
"tl2.50_gl1.00_pr1.00_c200",2.5,1,200,1,0.3125403744786,"gain_loss_trans",1,0.00903072782880586,"model9","nt"
"tl5.00_gl1.00_pr1.00_c200",5,1,200,NA,NA,"gain_loss_trans",NA,NA,"model9","nt"
"tl1.00_gl0.10_pr2.50_c200",1,0.1,200,0.8,0.0919238503151715,"gain_loss_trans",0,77.6183782419869,"model9","nt"
"tl1.50_gl0.10_pr2.50_c200",1.5,0.1,200,0.7,0.253779460197191,"gain_loss_trans",0,81.1262015535052,"model9","nt"
"tl2.50_gl0.10_pr2.50_c200",2.5,0.1,200,0.5,1.16850452683361,"gain_loss_trans",0,79.801944031631,"model9","nt"
"tl5.00_gl0.10_pr2.50_c200",5,0.1,200,0,8.43882593016227,"gain_loss_trans",0,80.7412311480426,"model9","nt"
"tl1.00_gl0.25_pr2.50_c200",1,0.25,200,0.6,0.170081105014087,"gain_loss_trans",0,9.04157200139905,"model9","nt"
"tl1.50_gl0.25_pr2.50_c200",1.5,0.25,200,0.5,0.352749877756114,"gain_loss_trans",0,9.1751245001962,"model9","nt"
"tl2.50_gl0.25_pr2.50_c200",2.5,0.25,200,0.6,1.04827172579925,"gain_loss_trans",0,8.93976867308076,"model9","nt"
"tl5.00_gl0.25_pr2.50_c200",5,0.25,200,NA,NA,"gain_loss_trans",NA,NA,"model9","nt"
"tl1.00_gl0.50_pr2.50_c200",1,0.5,200,0.5,0.250156626734424,"gain_loss_trans",0.2,0.911065303657056,"model9","nt"
"tl1.50_gl0.50_pr2.50_c200",1.5,0.5,200,0.4,0.432574538782787,"gain_loss_trans",0,0.896037979948489,"model9","nt"
"tl2.50_gl0.50_pr2.50_c200",2.5,0.5,200,0.5,1.19175587098836,"gain_loss_trans",0,0.974913317133664,"model9","nt"
"tl5.00_gl0.50_pr2.50_c200",5,0.5,200,0,8.02665743892801,"gain_loss_trans",0,0.967483391442181,"model9","nt"
"tl1.00_gl1.00_pr2.50_c200",1,1,200,0.5,0.273608192226366,"gain_loss_trans",1,0.0140110958857751,"model9","nt"
"tl1.50_gl1.00_pr2.50_c200",1.5,1,200,0.5,0.465111531992436,"gain_loss_trans",0.8,0.0383556338705023,"model9","nt"
"tl2.50_gl1.00_pr2.50_c200",2.5,1,200,0.5,1.18151193751101,"gain_loss_trans",1,0.0074253236922147,"model9","nt"
"tl5.00_gl1.00_pr2.50_c200",5,1,200,0.1,6.87017727826571,"gain_loss_trans",0.888888888888889,0.00672028734906722,"model9","nt"
"tl1.00_gl0.10_pr5.00_c200",1,0.1,200,0.5,0.217761030257176,"gain_loss_trans",0,79.4359824578153,"model9","nt"
"tl1.50_gl0.10_pr5.00_c200",1.5,0.1,200,0.3,0.518376729543601,"gain_loss_trans",0,82.8026046014977,"model9","nt"
"tl2.50_gl0.10_pr5.00_c200",2.5,0.1,200,0.2,1.99433315954075,"gain_loss_trans",0,80.307437351743,"model9","nt"
"tl5.00_gl0.10_pr5.00_c200",5,0.1,200,0,11.7993189357134,"gain_loss_trans",0,80.0236532988573,"model9","nt"
"tl1.00_gl0.25_pr5.00_c200",1,0.25,200,0.3,0.293358062560695,"gain_loss_trans",0,8.90298181750815,"model9","nt"
"tl1.50_gl0.25_pr5.00_c200",1.5,0.25,200,0.2,0.67661833720671,"gain_loss_trans",0,9.32703986493889,"model9","nt"
"tl2.50_gl0.25_pr5.00_c200",2.5,0.25,200,0.2,2.1351574443276,"gain_loss_trans",0,8.722468817431,"model9","nt"
"tl5.00_gl0.25_pr5.00_c200",5,0.25,200,0,11.0130078596288,"gain_loss_trans",0,8.95172893937072,"model9","nt"
"tl1.00_gl0.50_pr5.00_c200",1,0.5,200,0.2,0.333372749520961,"gain_loss_trans",0,0.787436114841767,"model9","nt"
"tl1.50_gl0.50_pr5.00_c200",1.5,0.5,200,0.3,0.647983563343906,"gain_loss_trans",0,1.1450360378745,"model9","nt"
"tl2.50_gl0.50_pr5.00_c200",2.5,0.5,200,0.2,2.27519578037337,"gain_loss_trans",0,1.05407983428624,"model9","nt"
"tl5.00_gl0.50_pr5.00_c200",5,0.5,200,0,10.806620317431,"gain_loss_trans",0,1.0558798115762,"model9","nt"
"tl1.00_gl1.00_pr5.00_c200",1,1,200,0.2,0.353153183717067,"gain_loss_trans",0.75,0.043709102785162,"model9","nt"
"tl1.50_gl1.00_pr5.00_c200",1.5,1,200,0.2,0.738928040750503,"gain_loss_trans",1,0.00824229199332673,"model9","nt"
"tl2.50_gl1.00_pr5.00_c200",2.5,1,200,0.2,2.19893243385915,"gain_loss_trans",1,0.00813879676468109,"model9","nt"
"tl5.00_gl1.00_pr5.00_c200",5,1,200,0,11.1651495090522,"gain_loss_trans",0.666666666666667,0.00955464669078936,"model9","nt"
