Iteration	Posterior	Likelihood	Prior	tree_length
0	-147.8807	-319.0385	171.1578	2.555959
6	-133.3777	-304.7573	171.3796	2.417106
12	-120.7542	-292.179	171.4248	2.38858
18	-120.0919	-291.7056	171.6137	2.268326
24	-131.121	-301.4019	170.2809	3.089164
30	-134.6836	-306.3545	171.6709	2.231526
36	-132.0352	-303.2928	171.2575	2.493768
42	-133.7369	-304.2387	170.5017	2.956839
48	-137.4045	-308.6308	171.2263	2.513287
54	-118.6449	-289.9046	171.2597	2.49242
60	-116.9513	-288.211	171.2597	2.49242
66	-138.0101	-309.0074	170.9973	2.65524
72	-133.867	-304.7355	170.8685	2.734308
78	-128.0142	-298.3501	170.3359	3.056265
84	-132.9956	-303.9441	170.9484	2.685318
90	-127.2052	-298.0777	170.8725	2.731904
96	-129.5249	-300.1049	170.58	2.909667
102	-136.936	-307.0666	170.1306	3.178527
108	-132.6737	-303.0397	170.366	3.0383
114	-138.8977	-309.3778	170.4801	2.969869
120	-134.7569	-305.1484	170.3915	3.023047
126	-135.226	-305.9524	170.7264	2.820975
132	-132.6126	-304.0047	171.3921	2.409278
138	-129.5946	-300.9401	171.3455	2.438606
144	-128.85	-299.0474	170.1974	3.138869
150	-127.402	-299.0746	171.6726	2.230462
156	-135.9811	-306.1008	170.1197	3.185008
162	-124.4399	-295.5915	171.1517	2.559771
168	-126.2678	-296.8803	170.6125	2.890035
174	-127.487	-298.0995	170.6125	2.890035
180	-121.7009	-292.749	171.0481	2.623955
186	-132.0938	-303.4764	171.3826	2.415235
192	-127.9939	-299.1623	171.1685	2.549326
198	-145.8291	-316.8683	171.0392	2.629421
204	-136.9971	-307.5098	170.5127	2.95021
210	-140.3977	-311.5875	171.1898	2.536051
216	-149.4028	-319.8716	170.4688	2.976622
222	-144.3792	-314.8132	170.434	2.99752
228	-139.1271	-310.631	171.5038	2.338476
234	-131.9108	-304.2567	172.3459	1.781394
240	-133.9055	-305.0017	171.0962	2.594184
246	-139.9538	-310.4831	170.5292	2.940268
252	-146.249	-316.6184	170.3694	3.036244
258	-133.8728	-305.7566	171.8838	2.093056
264	-123.4949	-295.0501	171.5552	2.30577
270	-126.7479	-297.5584	170.8105	2.769784
276	-130.8603	-301.7504	170.8901	2.721128
282	-122.1495	-292.945	170.7955	2.778925
288	-133.3997	-305.0887	171.689	2.21988
294	-137.7728	-306.9568	169.184	3.732131
300	-136.7919	-306.6765	169.8846	3.323925
306	-135.4735	-305.2308	169.7573	3.39871
312	-149.8441	-320.3724	170.5283	2.940861
318	-148.5672	-319.5015	170.9342	2.694039
324	-142.3645	-313.2988	170.9342	2.694039
330	-133.8634	-304.613	170.7496	2.806881
336	-135.7057	-305.7452	170.0395	3.232542
342	-136.4454	-307.2229	170.7775	2.789917
348	-133.8651	-304.365	170.4999	2.957958
354	-136.1932	-307.3123	171.1192	2.579943
360	-139.2828	-311.0775	171.7948	2.151302
366	-131.3728	-302.6177	171.2449	2.501668
372	-125.1502	-296.7056	171.5554	2.305618
378	-141.2316	-311.9411	170.7094	2.831283
384	-125.8019	-296.7896	170.9877	2.661179
390	-144.8023	-315.0604	170.2581	3.10272
396	-153.3191	-323.8127	170.4936	2.961711
402	-160.2073	-331.1493	170.942	2.689293
408	-137.1872	-307.1849	169.9977	3.257239
414	-134.6582	-305.6948	171.0366	2.631
420	-146.374	-317.4106	171.0366	2.631
426	-149.3125	-320.5931	171.2806	2.47936
432	-157.3783	-327.822	170.4436	2.99175
438	-137.8855	-308.6631	170.7776	2.789841
444	-142.1163	-312.6938	170.5774	2.911208
450	-140.2956	-310.873	170.5774	2.911208
456	-136.4095	-307.6974	171.288	2.474729
462	-125.8871	-296.7282	170.8412	2.751044
468	-134.8634	-305.6944	170.8311	2.757228
474	-136.7611	-307.5922	170.8311	2.757228
480	-134.5745	-305.585	171.0105	2.64712
486	-135.3372	-307.3337	171.9965	2.018622
492	-139.8035	-311.1238	171.3203	2.454442
498	-124.3761	-295.7893	171.4132	2.395938
504	-128.129	-299.9548	171.8258	2.131045
510	-121.4425	-292.3941	170.9515	2.683414
516	-127.3722	-298.3237	170.9515	2.683414
522	-130.5137	-300.8985	170.3847	3.027071
528	-137.1395	-308.9733	171.8338	2.12584
534	-130.2051	-301.6195	171.4144	2.395147
540	-135.1994	-306.6138	171.4144	2.395147
546	-134.643	-304.5132	169.8702	3.332396
552	-133.5557	-304.2794	170.7237	2.822652
558	-128.2908	-298.3827	170.0919	3.201508
564	-122.6091	-293.9391	171.33	2.448371
570	-136.035	-307.1827	171.1478	2.562198
576	-146.5006	-317.8047	171.3041	2.464622
582	-135.7096	-306.601	170.8914	2.720321
588	-129.0182	-300.258	171.2398	2.504852
594	-119.3357	-290.3308	170.9951	2.656604
600	-114.2111	-286.2438	172.0327	1.994499
606	-129.576	-300.7226	171.1466	2.562893
612	-134.4279	-305.3132	170.8852	2.724082
618	-146.4022	-318.0512	171.649	2.245628
624	-138.8545	-310.6532	171.7987	2.148744
630	-140.3462	-311.1339	170.7877	2.783684
636	-148.418	-319.2056	170.7877	2.783684
642	-143.3478	-313.984	170.6362	2.875681
648	-137.4372	-308.8893	171.4522	2.37128
654	-137.5278	-307.7084	170.1806	3.148855
660	-144.3652	-315.0004	170.6352	2.876285
666	-133.8983	-304.6006	170.7023	2.835619
672	-129.4479	-301.3405	171.8927	2.087228
678	-123.0822	-294.6722	171.59	2.283513
684	-135.1965	-306.3759	171.1793	2.54257
690	-132.8677	-305.3139	172.4462	1.711091
696	-128.2091	-299.3363	171.1273	2.574922
702	-123.8742	-295.9094	172.0352	1.992841
708	-130.0185	-300.8726	170.8541	2.743138
714	-126.5824	-298.2842	171.7018	2.211587
720	-129.6294	-300.3069	170.6775	2.850643
726	-130.2067	-301.0579	170.8512	2.744917
732	-134.756	-306.0235	171.2675	2.487525
738	-130.8773	-301.5857	170.7083	2.831955
744	-132.1181	-302.9075	170.7894	2.782672
750	-125.0744	-296.3074	171.2329	2.50916
756	-129.7518	-300.0622	170.3103	3.071564
762	-136.5449	-307.8667	171.3218	2.453497
768	-153.5547	-323.7605	170.2057	3.133916
774	-144.1399	-315.5683	171.4284	2.386334
780	-141.9627	-313.6188	171.6561	2.24108
786	-144.1465	-314.5474	170.4008	3.017435
792	-136.5475	-307.9492	171.4017	2.403162
798	-137.6313	-308.815	171.1837	2.539837
804	-133.3028	-304.7905	171.4877	2.348732
810	-131.1072	-302.7157	171.6085	2.271652
816	-133.8092	-305.3728	171.5637	2.300324
822	-128.4244	-299.988	171.5637	2.300324
828	-130.4128	-301.7851	171.3722	2.421768
834	-125.9597	-297.5392	171.5795	2.290204
840	-140.2732	-311.6479	171.3747	2.420192
846	-139.0369	-308.9044	169.8675	3.333975
852	-128.6975	-300.3505	171.653	2.243032
858	-128.8797	-300.4521	171.5723	2.294804
864	-134.3056	-305.6022	171.2965	2.469343
870	-120.466	-291.6061	171.1401	2.566961
876	-124.0552	-294.5401	170.4849	2.966968
882	-127.1799	-298.7349	171.555	2.305899
888	-124.8909	-295.0226	170.1318	3.177869
894	-124.6546	-295.7717	171.1171	2.581202
900	-124.8947	-296.357	171.4623	2.364869
906	-124.4584	-295.9553	171.4969	2.342876
912	-124.7381	-295.9931	171.255	2.495344
918	-127.1748	-297.6972	170.5224	2.944374
924	-140.4631	-310.2207	169.7576	3.398485
930	-139.6134	-311.78	172.1666	1.904464
936	-130.262	-302.4286	172.1666	1.904464
942	-121.4273	-292.1422	170.7149	2.827964
948	-124.2762	-295.6392	171.363	2.427606
954	-131.1552	-301.3052	170.15	3.167061
960	-144.8848	-316.0218	171.137	2.568877
966	-142.5082	-313.3973	170.8891	2.721738
972	-134.2356	-304.6778	170.4422	2.992622
978	-125.746	-296.3117	170.5657	2.918296
984	-119.3191	-290.242	170.9229	2.70099
990	-122.2623	-294.3856	172.1234	1.933676
996	-122.0135	-293.289	171.2755	2.482525
1002	-126.5474	-297.8229	171.2755	2.482525
1008	-117.0096	-287.7689	170.7593	2.800947
1014	-118.5734	-289.2486	170.6752	2.852085
1020	-118.7036	-289.8771	171.1735	2.546186
1026	-124.3766	-296.3103	171.9338	2.060156
1032	-139.0979	-309.7874	170.6895	2.843396
1038	-133.426	-304.3899	170.9639	2.675846
1044	-123.0496	-294.3158	171.2661	2.488386
1050	-124.6114	-295.8396	171.2282	2.512088
1056	-123.9534	-293.2269	169.2735	3.680427
1062	-131.5357	-302.9579	171.4223	2.390196
1068	-139.0246	-310.3715	171.3469	2.437746
1074	-130.3099	-301.2844	170.9744	2.669334
1080	-125.7387	-297.1987	171.46	2.366315
1086	-123.75	-295.0664	171.3164	2.456875
1092	-129.3772	-300.8717	171.4945	2.344378
1098	-128.8602	-300.0244	171.1642	2.551983
1104	-122.4424	-293.6066	171.1642	2.551983
1110	-119.1573	-290.3215	171.1642	2.551983
1116	-126.9913	-298.525	171.5338	2.31942
1122	-128.4424	-299.7129	171.2705	2.485642
1128	-122.6317	-293.7716	171.1399	2.567071
1134	-126.7282	-298.896	172.1677	1.903654
1140	-115.1392	-286.5925	171.4532	2.370609
1146	-123.6627	-295.1673	171.5046	2.338007
1152	-126.0612	-297.2348	171.1736	2.546145
1158	-127.044	-297.2407	170.1967	3.139289
1164	-131.6169	-302.5957	170.9787	2.666695
1170	-131.8273	-302.7566	170.9294	2.697026
1176	-144.486	-315.8229	171.3369	2.443997
1182	-150.5733	-320.4676	169.8942	3.318251
1188	-145.4809	-316.9059	171.425	2.388448
1194	-147.2372	-317.5065	170.2693	3.096075
1200	-139.8958	-309.8828	169.987	3.263544
1206	-148.5892	-319.4679	170.8787	2.728093
1212	-151.9556	-322.3217	170.3661	3.038235
1218	-153.9609	-325.1004	171.1395	2.567315
1224	-158.5428	-329.467	170.9242	2.700232
1230	-148.7115	-319.6356	170.9242	2.700232
1236	-135.0188	-307.0536	172.0348	1.993089
1242	-133.7672	-304.1824	170.4153	3.008769
1248	-118.5349	-289.9064	171.3715	2.422245
1254	-126.1132	-296.7372	170.624	2.883063
1260	-120.9994	-292.8068	171.8074	2.143028
1266	-127.0149	-297.5641	170.5492	2.928248
1272	-130.6564	-303.1342	172.4778	1.68874
1278	-119.8728	-291.0278	171.155	2.557704
1284	-133.9658	-304.9377	170.9719	2.670909
1290	-134.4086	-306.2172	171.8086	2.142303
1296	-147.7211	-319.0966	171.3755	2.419709
1302	-167.24	-336.2176	168.9776	3.851004
1308	-148.9507	-319.5207	170.5699	2.91574
1314	-148.7516	-320.2249	171.4732	2.357923
1320	-145.4193	-315.8176	170.3983	3.018938
1326	-144.1182	-315.1423	171.024	2.638795
1332	-119.6045	-290.9681	171.3636	2.427211
1338	-115.3216	-286.7388	171.4172	2.393416
1344	-119.9228	-291.4752	171.5524	2.307503
1350	-107.779	-278.8579	171.0789	2.604878
1356	-118.627	-288.7048	170.0778	3.209836
1362	-120.1683	-292.0295	171.8612	2.107884
1368	-124.1121	-296.0369	171.9248	2.066085
1374	-135.7074	-307.4751	171.7677	2.168893
1380	-129.1484	-300.9473	171.7989	2.148581
1386	-135.7951	-306.9941	171.1991	2.530266
1392	-114.8108	-286.2129	171.4022	2.402904
1398	-118.8647	-289.9252	171.0605	2.616267
1404	-128.7968	-301.0489	172.2521	1.846151
1410	-126.1957	-296.4117	170.216	3.127805
1416	-133.5854	-305.3287	171.7433	2.18472
1422	-124.6034	-296.1451	171.5418	2.314322
1428	-126.1379	-297.3155	171.1776	2.543637
1434	-137.425	-308.6026	171.1776	2.543637
1440	-144.9055	-315.0481	170.1427	3.171402
1446	-140.2017	-310.7826	170.5809	2.909139
1452	-147.1851	-317.7659	170.5809	2.909139
1458	-133.7808	-304.4283	170.6475	2.868843
1464	-137.2703	-307.9178	170.6475	2.868843
1470	-134.7084	-305.3893	170.6809	2.848577
1476	-130.0664	-301.7921	171.7257	2.196127
1482	-144.14	-313.9954	169.8555	3.341041
1488	-146.3425	-316.3017	169.9592	3.279949
1494	-130.0764	-300.8483	170.7719	2.793314
1500	-127.0779	-298.0596	170.9817	2.664872
1506	-125.68	-296.9557	171.2757	2.482402
1512	-131.2415	-302.0888	170.8473	2.747281
1518	-132.7848	-303.7055	170.9207	2.702327
1524	-133.4613	-304.6178	171.1565	2.556786
1530	-147.571	-318.52	170.9491	2.684944
1536	-144.0539	-315.003	170.9491	2.684944
1542	-146.7913	-317.6604	170.8691	2.73396
1548	-130.9175	-303.1395	172.2219	1.866772
1554	-136.5823	-307.6315	171.0492	2.62324
1560	-132.1431	-303.4824	171.3393	2.442511
1566	-131.7651	-303.1648	171.3997	2.40446
1572	-130.6553	-302.0405	171.3852	2.413615
1578	-129.7209	-300.1642	170.4433	2.991939
1584	-127.8708	-298.9923	171.1215	2.57849
1590	-129.7808	-301.2904	171.5096	2.334805
1596	-130.4754	-301.6638	171.1884	2.536907
1602	-134.972	-306.1721	171.2001	2.529638
1608	-143.2179	-313.8279	170.61	2.891546
1614	-153.8056	-325.3454	171.5398	2.315585
1620	-122.9847	-294.5245	171.5398	2.315585
1626	-133.4339	-304.3333	170.8993	2.715445
1632	-133.0523	-303.6204	170.568	2.916887
1638	-140.9539	-311.9238	170.9699	2.672123
1644	-136.96	-306.5175	169.5575	3.515463
1650	-152.6992	-324.0484	171.3492	2.436296
1656	-141.0191	-312.6263	171.6072	2.272451
1662	-153.8343	-323.9557	170.1215	3.183981
1668	-143.1805	-313.5332	170.3527	3.046226
1674	-148.6749	-319.0276	170.3527	3.046226
1680	-152.1551	-323.0986	170.9435	2.688383
1686	-152.4509	-323.615	171.1641	2.552027
1692	-136.6841	-307.0883	170.4042	3.015415
1698	-126.5262	-298.1441	171.6179	2.265628
1704	-132.9519	-304.1641	171.2122	2.522114
1710	-142.9728	-314.3506	171.3778	2.418291
1716	-143.7043	-314.282	170.5777	2.911028
1722	-129.7387	-300.6011	170.8624	2.738052
1728	-132.1771	-302.2792	170.1021	3.195462
1734	-122.9603	-293.2459	170.2856	3.086328
1740	-119.9052	-290.9573	171.0521	2.621456
1746	-124.6222	-296.36	171.7378	2.188299
1752	-134.32	-305.1382	170.8182	2.765089
1758	-140.9823	-312.3446	171.3623	2.428052
1764	-147.0334	-318.1849	171.1515	2.559861
1770	-156.5747	-327.8063	171.2316	2.50999
1776	-142.0966	-313.4666	171.37	2.423204
1782	-131.8825	-303.3295	171.447	2.374572
1788	-119.7025	-290.896	171.1936	2.533703
1794	-118.7625	-291.0576	172.2952	1.816529
1800	-118.3186	-290.3623	172.0437	1.987159
1806	-118.1009	-289.9839	171.883	2.093576
1812	-120.0132	-291.4494	171.4362	2.381398
1818	-114.0811	-285.7058	171.6248	2.261212
1824	-133.0803	-304.4476	171.3674	2.424846
1830	-131.6376	-303.2927	171.6551	2.241701
1836	-135.8078	-307.463	171.6551	2.241701
1842	-134.6278	-305.5453	170.9175	2.70432
1848	-129.1827	-300.7758	171.5931	2.281513
1854	-125.3032	-296.8634	171.5602	2.302536
1860	-137.6006	-307.7381	170.1374	3.174496
1866	-130.3005	-300.6589	170.3584	3.042819
1872	-120.1581	-292.0295	171.8713	2.101241
1878	-133.1856	-304.2585	171.0729	2.608621
1884	-127.9669	-299.4846	171.5177	2.329642
1890	-128.4841	-299.8885	171.4044	2.401511
1896	-136.9361	-308.3457	171.4096	2.39819
1902	-136.522	-307.8638	171.3418	2.440933
1908	-143.6712	-314.1117	170.4405	2.993663
1914	-152.7041	-322.3269	169.6228	3.477379
1920	-139.9293	-310.5846	170.6552	2.864154
1926	-136.4572	-307.1978	170.7406	2.812328
1932	-136.4012	-306.6515	170.2503	3.107367
1938	-141.9678	-312.6158	170.648	2.868556
1944	-133.072	-304.7917	171.7197	2.200045
1950	-121.7856	-293.5053	171.7197	2.200045
1956	-130.8896	-302.3247	171.435	2.382112
1962	-132.739	-303.5072	170.7682	2.795562
1968	-138.2871	-310.1937	171.9066	2.078056
1974	-125.805	-297.7148	171.9098	2.075939
1980	-139.1294	-309.6173	170.4878	2.965194
1986	-131.5131	-302.1608	170.6477	2.86874
1992	-133.2638	-303.7676	170.5038	2.955601
1998	-136.1551	-306.8519	170.6968	2.838937
2004	-150.6244	-320.0479	169.4235	3.593471
2010	-144.0704	-313.4938	169.4235	3.593471
2016	-155.1535	-324.3541	169.2006	3.722552
2022	-150.3865	-321.2728	170.8863	2.72345
2028	-150.1862	-321.0724	170.8863	2.72345
2034	-134.6245	-305.5108	170.8863	2.72345
2040	-145.0154	-315.823	170.8077	2.771503
2046	-139.2054	-310.5581	171.3527	2.434072
2052	-130.7592	-302.1119	171.3527	2.434072
2058	-123.5696	-294.8162	171.2467	2.500555
2064	-119.7558	-290.586	170.8301	2.757793
2070	-138.381	-309.3646	170.9835	2.663735
2076	-138.2387	-307.9246	169.6859	3.440485
2082	-135.8131	-307.0094	171.1963	2.531989
2088	-137.9013	-308.4057	170.5044	2.955248
2094	-137.7405	-308.2423	170.5018	2.956787
2100	-134.4222	-305.2878	170.8656	2.73612
2106	-130.0148	-301.9564	171.9416	2.054999
2112	-121.02	-292.1583	171.1383	2.568065
2118	-132.1802	-303.2644	171.0842	2.601607
2124	-129.6907	-300.4904	170.7997	2.776386
2130	-143.0252	-313.8625	170.8372	2.753451
2136	-120.6505	-291.4877	170.8372	2.753451
2142	-135.5588	-306.3961	170.8372	2.753451
2148	-146.8587	-318.3009	171.4422	2.377601
2154	-156.3979	-327.6667	171.2688	2.486743
2160	-145.9932	-316.3639	170.3707	3.035493
2166	-142.0115	-312.8741	170.8626	2.737943
2172	-143.1993	-314.1737	170.9744	2.669368
2178	-144.5571	-315.076	170.5189	2.94648
2184	-147.8515	-318.9493	171.0978	2.59321
2190	-142.889	-313.4477	170.5587	2.922512
2196	-150.1799	-321.5926	171.4127	2.396273
2202	-136.4606	-307.8269	171.3663	2.425541
2208	-137.0481	-308.1821	171.134	2.570711
2214	-132.1395	-303.3359	171.1964	2.531921
2220	-126.5879	-297.5251	170.9372	2.692244
2226	-133.6049	-304.575	170.9701	2.672013
2232	-127.4255	-298.4099	170.9844	2.663205
2238	-132.8634	-303.8478	170.9844	2.663205
2244	-130.3698	-302.6547	172.2849	1.823601
2250	-124.4411	-295.1967	170.7555	2.803267
2256	-138.0987	-309.5657	171.4671	2.361825
2262	-130.2361	-301.5856	171.3495	2.436065
2268	-123.6898	-295.0393	171.3495	2.436065
2274	-136.0526	-306.696	170.6433	2.871359
2280	-126.0269	-296.9926	170.9657	2.674682
2286	-126.0845	-296.4931	170.4087	3.012736
2292	-129.9335	-301.0381	171.1046	2.588964
2298	-124.5401	-294.5915	170.0514	3.225485
2304	-120.1562	-292.188	172.0318	1.995067
2310	-115.9777	-287.5058	171.5281	2.323034
2316	-130.661	-302.1891	171.5281	2.323034
2322	-129.2246	-300.6522	171.4277	2.386769
2328	-128.5163	-300.1443	171.6279	2.259175
2334	-123.5382	-293.6739	170.1356	3.175579
2340	-121.6336	-293.7901	172.1565	1.911273
2346	-121.5654	-292.3145	170.7492	2.807141
2352	-130.6663	-300.5983	169.932	3.295998
2358	-133.1258	-304.0793	170.9535	2.682216
2364	-130.78	-301.2796	170.4996	2.958102
2370	-111.1183	-282.7645	171.6462	2.247411
2376	-114.9406	-286.9499	172.0093	2.010058
2382	-133.0643	-305.1716	172.1073	1.94447
2388	-126.7045	-297.9679	171.2634	2.490107
2394	-127.1267	-297.8385	170.7118	2.829865
2400	-115.4621	-286.9935	171.5314	2.320955
2406	-114.3067	-286.3754	172.0687	1.970416
2412	-124.1061	-295.2034	171.0973	2.593479
2418	-122.9344	-294.9435	172.0092	2.010175
2424	-130.6567	-300.9478	170.2912	3.083021
2430	-131.6483	-302.3347	170.6864	2.845249
2436	-131.867	-302.074	170.207	3.133146
2442	-126.5661	-296.9025	170.3365	3.055947
2448	-126.115	-297.4535	171.3385	2.443009
2454	-143.4461	-314.042	170.5959	2.900073
2460	-131.5714	-302.6488	171.0774	2.605844
2466	-125.1563	-296.157	171.0006	2.653202
2472	-124.3926	-295.3932	171.0006	2.653202
2478	-131.2202	-301.8777	170.6575	2.86281
2484	-136.8213	-307.6259	170.8047	2.773328
2490	-137.5822	-308.4692	170.887	2.723016
2496	-128.4152	-300.3829	171.9676	2.037755
2502	-143.2086	-314.0074	170.7988	2.776924
2508	-145.4421	-316.3464	170.9043	2.712431
2514	-129.6744	-300.8689	171.1945	2.533113
2520	-130.6242	-302.2069	171.5827	2.288166
2526	-127.5167	-297.4507	169.9339	3.294857
2532	-133.3871	-303.79	170.4029	3.016187
2538	-122.0866	-293.7625	171.6758	2.22835
2544	-125.9019	-297.8424	171.9406	2.055651
2550	-130.7814	-302.1518	171.3704	2.422901
2556	-117.1828	-288.6936	171.5108	2.334028
2562	-119.1982	-290.9824	171.7842	2.15814
2568	-124.7264	-294.707	169.9806	3.267355
2574	-122.8332	-293.4549	170.6217	2.884434
2580	-132.3809	-302.7978	170.4168	3.007833
2586	-135.0296	-305.8511	170.8215	2.763057
2592	-138.6347	-307.396	168.7614	3.974963
2598	-148.7731	-319.4773	170.7042	2.834484
2604	-129.4444	-299.8426	170.3982	3.019031
2610	-118.3438	-289.1038	170.76	2.80057
2616	-116.7816	-287.2799	170.4983	2.958901
2622	-132.2176	-302.6665	170.449	2.988556
2628	-130.5334	-301.4351	170.9017	2.714017
2634	-131.5053	-301.4951	169.9898	3.261871
2640	-131.3498	-302.7198	171.37	2.423171
2646	-141.8714	-313.2414	171.37	2.423171
2652	-137.8526	-309.3699	171.5173	2.329895
2658	-139.089	-309.5698	170.4808	2.969412
2664	-130.4747	-301.4418	170.967	2.673883
2670	-134.5629	-304.8868	170.324	3.06343
2676	-137.2394	-307.8269	170.5876	2.905097
2682	-140.629	-311.8124	171.1834	2.540028
2688	-130.5667	-302.4681	171.9014	2.081482
2694	-131.5631	-301.783	170.2199	3.125499
2700	-144.3757	-314.3203	169.9446	3.288555
2706	-160.655	-330.6875	170.0325	3.236659
2712	-143.3862	-314.525	171.1388	2.567729
2718	-139.7244	-309.7886	170.0642	3.217912
2724	-136.2039	-307.0397	170.8359	2.754269
2730	-128.3806	-299.365	170.9844	2.663189
2736	-133.0168	-303.007	169.9902	3.261632
2742	-123.0006	-293.7653	170.7647	2.79771
2748	-126.1204	-296.8851	170.7647	2.79771
2754	-116.5543	-288.7567	172.2024	1.880122
2760	-157.2783	-328.2064	170.9282	2.697778
2766	-147.1586	-318.0053	170.8467	2.747654
2772	-149.6794	-319.9265	170.2471	3.109273
2778	-155.2063	-324.6398	169.4334	3.587673
2784	-147.6411	-317.7379	170.0968	3.19858
2790	-134.0227	-305.1563	171.1336	2.570972
2796	-134.7362	-306.0513	171.3151	2.457703
2802	-133.035	-302.7174	169.6824	3.442561
2808	-126.2983	-297.7885	171.4902	2.347117
2814	-135.397	-306.9167	171.5197	2.328402
2820	-136.5233	-307.3276	170.8042	2.773596
2826	-136.048	-306.8523	170.8042	2.773596
2832	-140.4215	-312.0881	171.6666	2.234286
2838	-146.6826	-316.7736	170.0911	3.201988
2844	-139.8635	-310.5155	170.6521	2.866088
2850	-145.9438	-317.4563	171.5124	2.333015
2856	-137.7156	-309.275	171.5593	2.303106
2862	-129.4289	-300.1157	170.6869	2.844986
2868	-142.4007	-313.0876	170.6869	2.844986
2874	-136.943	-308.0451	171.1021	2.590494
2880	-133.4917	-305.2411	171.7494	2.180758
2886	-143.2564	-314.3388	171.0824	2.602727
2892	-147.0845	-317.5918	170.5073	2.953454
2898	-147.5572	-318.9657	171.4085	2.39888
2904	-139.4064	-310.9607	171.5543	2.306287
2910	-141.4372	-313.235	171.7979	2.14927
2916	-132.7574	-304.2971	171.5398	2.315581
2922	-127.994	-299.8257	171.8317	2.127192
2928	-142.6868	-314.1602	171.4734	2.357812
2934	-131.9044	-302.736	170.8316	2.756906
2940	-140.6767	-311.1763	170.4996	2.958114
2946	-130.233	-300.3755	170.1425	3.171517
2952	-132.939	-304.2451	171.3061	2.463331
2958	-140.5621	-311.1764	170.6143	2.888939
2964	-143.2814	-312.7532	169.4718	3.565398
2970	-144.7622	-315.2524	170.4902	2.963759
2976	-133.0629	-303.9093	170.8464	2.747828
2982	-132.5233	-303.1883	170.665	2.85825
2988	-138.0905	-308.1497	170.0592	3.220862
2994	-138.3108	-308.9348	170.6241	2.883035
3000	-141.4879	-312.7806	171.2927	2.471732
3006	-149.6773	-320.3453	170.668	2.856431
3012	-144.6672	-315.3352	170.668	2.856431
3018	-152.3122	-322.1024	169.7903	3.37934
3024	-130.5663	-302.1328	171.5665	2.29853
3030	-134.6785	-306.1016	171.4231	2.389659
3036	-137.9545	-309.021	171.0665	2.612535
3042	-139.4266	-309.0792	169.6526	3.459964
3048	-133.1587	-304.5827	171.424	2.389113
3054	-143.9017	-314.1194	170.2177	3.126776
3060	-139.9064	-311.8495	171.9431	2.053994
3066	-141.2789	-311.521	170.2421	3.11229
3072	-153.5039	-325.0198	171.5159	2.330788
3078	-141.3801	-312.0818	170.7017	2.835986
3084	-141.3585	-313.2507	171.8922	2.087523
3090	-134.5092	-306.1304	171.6212	2.263486
3096	-124.6551	-295.8663	171.2112	2.522679
3102	-125.6446	-296.7025	171.0579	2.617893
3108	-133.1771	-304.235	171.0579	2.617893
3114	-133.943	-304.9136	170.9706	2.671704
3120	-139.3227	-310.6259	171.3032	2.465148
3126	-136.0919	-305.6499	169.558	3.515163
3132	-128.6392	-300.7787	172.1395	1.922776
3138	-114.2462	-285.7837	171.5375	2.317013
3144	-124.6866	-295.9957	171.3091	2.46145
3150	-121.5337	-292.4855	170.9518	2.683246
3156	-135.1916	-305.3908	170.1992	3.137792
3162	-143.4438	-314.1669	170.7231	2.822995
3168	-148.1959	-320.1082	171.9123	2.074329
3174	-130.4209	-300.6514	170.2305	3.119164
3180	-138.8166	-310.5258	171.7092	2.206807
3186	-124.6337	-296.4665	171.8328	2.126461
3192	-130.0771	-299.7522	169.6751	3.446795
3198	-133.8978	-305.7122	171.8144	2.138482
3204	-125.0049	-295.6514	170.6466	2.869408
3210	-127.3522	-299.2578	171.9056	2.078734
3216	-125.92	-296.6274	170.7074	2.832508
3222	-138.4454	-309.1528	170.7074	2.832508
3228	-141.7289	-312.4364	170.7074	2.832508
3234	-143.2486	-313.4819	170.2333	3.117487
3240	-132.9021	-303.7583	170.8562	2.741838
3246	-138.2558	-308.6278	170.372	3.034704
3252	-140.1369	-311.446	171.3091	2.461492
3258	-149.1566	-318.5587	169.4021	3.605893
3264	-146.8018	-317.2845	170.4827	2.968267
3270	-153.5825	-324.0945	170.512	2.950662
3276	-164.3734	-334.8853	170.512	2.950662
3282	-147.1734	-317.4077	170.2343	3.116891
3288	-142.9011	-314.276	171.375	2.420044
3294	-130.7203	-301.8516	171.1313	2.572418
3300	-141.9829	-312.8992	170.9163	2.705039
3306	-149.3262	-319.6031	170.2769	3.091522
3312	-142.6607	-314.3897	171.729	2.194005
3318	-137.1431	-308.0067	170.8636	2.73732
3324	-141.6381	-313.3696	171.7315	2.192397
3330	-138.6566	-309.5145	170.8579	2.740843
3336	-127.4219	-298.9006	171.4787	2.354413
3342	-130.7827	-301.8218	171.039	2.629533
3348	-130.6698	-301.9605	171.2907	2.473033
3354	-126.8782	-298.1688	171.2907	2.473033
3360	-129.5168	-301.5056	171.9888	2.023716
3366	-125.6741	-296.738	171.0639	2.614168
3372	-122.7128	-293.5424	170.8296	2.758143
3378	-135.8673	-306.7529	170.8857	2.723836
3384	-124.8669	-295.3232	170.4563	2.984156
3390	-128.5981	-298.4779	169.8798	3.326737
3396	-124.8915	-294.7713	169.8798	3.326737
3402	-126.1312	-296.6321	170.501	2.95729
3408	-125.7085	-296.0834	170.375	3.032931
3414	-129.1276	-300.5461	171.4185	2.392575
3420	-128.8227	-300.2478	171.4252	2.388349
3426	-125.5687	-297.2265	171.6578	2.239949
3432	-132.8327	-304.5434	171.7108	2.205813
3438	-130.0497	-302.0885	172.0388	1.990444
3444	-128.8296	-300.165	171.3355	2.44492
3450	-128.039	-299.4905	171.4515	2.371673
3456	-124.5925	-295.9876	171.3951	2.407349
3462	-122.9921	-294.7669	171.7748	2.16427
3468	-134.0428	-303.6861	169.6433	3.465395
3474	-133.3617	-304.8914	171.5298	2.321961
3480	-128.3052	-299.835	171.5298	2.321961
3486	-136.1987	-307.9015	171.7027	2.211014
3492	-141.5388	-313.7092	172.1704	1.90186
3498	-138.2639	-309.6225	171.3586	2.430392
3504	-137.0526	-307.4028	170.3502	3.047771
3510	-154.6397	-324.5842	169.9445	3.288634
3516	-152.2049	-322.3998	170.1949	3.140337
3522	-157.2764	-328.0066	170.7302	2.818686
3528	-139.3455	-310.9739	171.6284	2.258847
3534	-150.4102	-321.3863	170.9761	2.668294
3540	-135.3831	-306.3592	170.9761	2.668294
3546	-137.8043	-309.4802	171.6759	2.228323
3552	-129.9535	-301.2749	171.3214	2.453742
3558	-129.9383	-301.2597	171.3214	2.453742
3564	-126.7475	-297.5417	170.7942	2.779691
3570	-132.4832	-304.0908	171.6077	2.272172
3576	-130.9546	-301.9304	170.9759	2.668468
3582	-148.271	-317.7707	169.4997	3.54915
3588	-136.3049	-306.5864	170.2815	3.088792
3594	-127.4384	-297.9443	170.5059	2.954298
3600	-126.1581	-297.4786	171.3205	2.454317
3606	-121.0133	-292.4372	171.4239	2.389148
3612	-113.61	-285.2709	171.661	2.23793
3618	-118.969	-290.9951	172.0261	1.998905
3624	-118.0637	-289.2343	171.1706	2.548024
3630	-122.5888	-292.7563	170.1675	3.156626
3636	-127.4347	-297.8436	170.4088	3.012622
3642	-129.3847	-300.3963	171.0116	2.646424
3648	-140.0457	-310.5645	170.5188	2.946531
3654	-120.1081	-291.0156	170.9076	2.710402
3660	-122.1905	-292.0496	169.859	3.338968
3666	-136.3757	-306.793	170.4173	3.007537
3672	-132.3685	-303.7904	171.4219	2.39041
3678	-133.5286	-305.318	171.7894	2.154817
3684	-141.261	-312.3786	171.1176	2.580939
3690	-146.5796	-317.6787	171.0991	2.592403
3696	-139.3105	-310.8305	171.52	2.328183
3702	-133.8691	-304.3728	170.5037	2.955634
3708	-117.1842	-288.6503	171.466	2.362471
3714	-116.3538	-287.9104	171.5566	2.304849
3720	-121.8419	-293.1704	171.3285	2.449319
3726	-129.0368	-300.2618	171.225	2.514106
3732	-116.0545	-286.3382	170.2837	3.087444
3738	-130.0489	-301.4733	171.4244	2.388854
3744	-142.353	-313.7774	171.4244	2.388854
3750	-141.7393	-313.48	171.7407	2.186428
3756	-135.3863	-306.3169	170.9306	2.696285
3762	-125.1551	-296.2239	171.0688	2.611161
3768	-126.0713	-297.5003	171.429	2.385945
3774	-128.2925	-300.0377	171.7453	2.183448
3780	-141.0648	-312.8022	171.7374	2.188571
3786	-133.2057	-303.2388	170.0331	3.236337
3792	-128.6157	-299.8707	171.255	2.495368
3798	-138.1866	-308.7317	170.5451	2.93071
3804	-142.594	-313.6273	171.0333	2.633064
3810	-129.5835	-300.2599	170.6764	2.851332
3816	-126.9332	-297.7866	170.8534	2.743582
3822	-136.3487	-307.6309	171.2823	2.478298
3828	-154.5069	-324.5391	170.0323	3.236804
3834	-153.7561	-324.4183	170.6622	2.859923
3840	-143.1107	-313.7729	170.6622	2.859923
3846	-138.511	-308.185	169.674	3.447462
3852	-138.1689	-309.3686	171.1996	2.529928
3858	-137.332	-308.9151	171.5831	2.287898
3864	-130.3012	-301.3532	171.052	2.621493
3870	-133.9009	-305.1081	171.2073	2.525147
3876	-137.3863	-309.4734	172.0871	1.958062
3882	-137.0727	-308.4224	171.3497	2.435951
3888	-121.6994	-292.206	170.5066	2.953881
3894	-119.6522	-291.8141	172.1619	1.907647
3900	-113.448	-283.8798	170.4318	2.998849
3906	-122.7396	-293.9576	171.2179	2.518505
3912	-117.234	-289.5134	172.2794	1.827374
3918	-119.6916	-291.5142	171.8226	2.133156
3924	-112.3274	-284.6846	172.3572	1.773508
3930	-115.0973	-286.0993	171.002	2.652386
3936	-120.1157	-291.9686	171.8529	2.113325
3942	-123.2013	-294.2058	171.0045	2.65085
3948	-130.9893	-302.854	171.8647	2.105569
3954	-117.0766	-287.8051	170.7285	2.819725
3960	-118.4297	-289.1581	170.7285	2.819725
3966	-122.2607	-292.9892	170.7285	2.819725
3972	-131.2239	-302.6383	171.4144	2.395182
3978	-118.5781	-290.4085	171.8303	2.12808
3984	-107.2385	-279.5166	172.278	1.828319
3990	-123.0413	-294.1111	171.0698	2.610531
3996	-115.5568	-286.9404	171.3836	2.414619
4002	-124.8649	-295.5108	170.6458	2.869861
4008	-123.7652	-294.6513	170.8861	2.723541
4014	-132.0299	-303.8775	171.8477	2.116754
4020	-123.3766	-295.2243	171.8477	2.116754
4026	-130.6366	-301.1202	170.4836	2.967728
4032	-135.2924	-307.2509	171.9585	2.043774
4038	-134.4083	-305.2226	170.8143	2.767468
4044	-133.4379	-304.2521	170.8143	2.767468
4050	-140.4636	-311.548	171.0844	2.601506
4056	-139.184	-310.816	171.632	2.256564
4062	-136.776	-307.7701	170.994	2.657275
4068	-133.6999	-305.5886	171.8887	2.089833
4074	-130.3746	-301.688	171.3135	2.458738
4080	-140.2726	-311.247	170.9744	2.669346
4086	-140.5722	-312.8695	172.2973	1.815026
4092	-135.4119	-306.0634	170.6515	2.866416
4098	-134.8744	-305.5259	170.6515	2.866416
4104	-133.3898	-304.1426	170.7529	2.804888
4110	-136.0201	-307.1574	171.1373	2.568663
4116	-133.7086	-305.0391	171.3305	2.448011
4122	-134.903	-306.0786	171.1756	2.54486
4128	-139.6099	-309.3474	169.7375	3.410297
4134	-153.7896	-324.4	170.6104	2.891273
4140	-142.9169	-313.5643	170.6474	2.868917
4146	-143.6934	-314.3408	170.6474	2.868917
4152	-136.9753	-307.5185	170.5432	2.931865
4158	-135.1298	-306.0384	170.9086	2.709771
4164	-141.2579	-312.0449	170.787	2.784094
4170	-151.5611	-321.9723	170.4113	3.011181
4176	-139.6486	-310.7829	171.1343	2.570556
4182	-137.374	-308.5082	171.1343	2.570556
4188	-154.3653	-323.3054	168.94	3.872578
4194	-149.4369	-319.9547	170.5179	2.947131
4200	-133.9388	-304.5447	170.6059	2.894016
4206	-135.7735	-307.665	171.8914	2.088055
4212	-133.8795	-304.5996	170.7201	2.824801
4218	-128.3075	-299.7392	171.4318	2.384188
4224	-138.041	-308.213	170.172	3.153998
4230	-132.1772	-303.5703	171.393	2.408651
4236	-147.1991	-318.5921	171.393	2.408651
4242	-140.8208	-311.6448	170.824	2.761517
4248	-132.4013	-303.5827	171.1814	2.541244
4254	-126.6644	-297.4804	170.8159	2.76646
4260	-125.0184	-296.4436	171.4251	2.388373
4266	-121.1045	-292.5423	171.4378	2.380394
4272	-118.0535	-288.6343	170.5807	2.909218
4278	-123.892	-294.6804	170.7884	2.783233
4284	-126.1407	-297.6577	171.517	2.330069
4290	-140.6376	-311.5843	170.9467	2.686392
4296	-142.988	-314.3097	171.3217	2.453558
4302	-137.3639	-308.6856	171.3217	2.453558
4308	-135.0232	-304.7966	169.7734	3.389248
4314	-144.4336	-315.0526	170.619	2.886098
4320	-145.2537	-317.4572	172.2035	1.879353
4326	-146.1298	-316.5418	170.412	3.010733
4332	-132.2556	-303.484	171.2285	2.511917
4338	-131.2017	-302.822	171.6203	2.26409
4344	-131.0075	-301.8201	170.8127	2.768452
4350	-134.3602	-305.1729	170.8127	2.768452
4356	-133.3774	-304.7673	171.3899	2.410662
4362	-133.2325	-304.0108	170.7783	2.789407
4368	-138.4405	-310.0135	171.5731	2.294334
4374	-134.0576	-305.637	171.5794	2.290267
4380	-138.2071	-309.649	171.4419	2.377753
4386	-133.6392	-304.6653	171.0261	2.637506
4392	-138.1989	-308.8053	170.6064	2.893711
4398	-130.3771	-302.0194	171.6423	2.249938
4404	-137.3697	-308.4715	171.1019	2.590668
4410	-136.0004	-306.2279	170.2275	3.120954
4416	-140.8309	-312.1806	171.3497	2.435973
4422	-130.7067	-302.6253	171.9186	2.070122
4428	-132.61	-304.0483	171.4383	2.380042
4434	-126.8205	-298.2901	171.4696	2.360209
4440	-129.6786	-300.1317	170.4531	2.986089
4446	-120.9961	-291.5426	170.5465	2.929846
4452	-123.8046	-294.6222	170.8175	2.765475
4458	-126.2849	-298.5559	172.271	1.833154
4464	-153.8585	-325.1151	171.2566	2.494344
4470	-146.8563	-318.1129	171.2566	2.494344
4476	-142.6952	-313.9518	171.2566	2.494344
4482	-132.9578	-303.7149	170.7571	2.802302
4488	-145.0206	-315.8451	170.8246	2.761181
4494	-152.3822	-323.2107	170.8286	2.758734
4500	-141.4951	-311.5335	170.0384	3.233167
4506	-148.9463	-318.5831	169.6368	3.469224
4512	-130.9449	-302.2489	171.3041	2.464635
4518	-142.0977	-312.6246	170.5269	2.941671
4524	-146.5782	-318.0155	171.4373	2.380691
4530	-144.3579	-315.2676	170.9097	2.709119
4536	-140.8716	-311.7813	170.9097	2.709119
4542	-128.9099	-299.395	170.4851	2.966861
4548	-114.7988	-286.4076	171.6088	2.271429
4554	-116.8986	-287.7777	170.8792	2.727809
4560	-121.6328	-293.5295	171.8968	2.084524
4566	-124.0183	-295.9151	171.8968	2.084524
4572	-122.8528	-294.2009	171.3481	2.436994
4578	-114.6735	-286.1433	171.4698	2.36011
4584	-116.5875	-287.1497	170.5622	2.92039
4590	-125.7876	-295.7523	169.9647	3.276741
4596	-118.5175	-289.31	170.7924	2.780795
4602	-122.7545	-293.0734	170.3188	3.066506
4608	-122.9557	-294.2174	171.2617	2.491188
4614	-128.2462	-300.0687	171.8224	2.133241
4620	-120.665	-292.4402	171.7752	2.164042
4626	-124.6797	-295.6467	170.967	2.673918
4632	-127.6049	-299.5134	171.9085	2.07683
4638	-130.8573	-302.0996	171.2423	2.503292
4644	-117.0717	-289.2158	172.1441	1.919672
4650	-120.0886	-292.2327	172.1441	1.919672
4656	-130.1227	-301.5103	171.3876	2.412077
4662	-132.4285	-303.2502	170.8217	2.76296
4668	-144.0676	-315.0681	171.0005	2.653282
4674	-131.5432	-303.4855	171.9422	2.054547
4680	-131.5867	-302.628	171.0413	2.628099
4686	-126.469	-297.9108	171.4418	2.377812
4692	-122.3254	-293.2899	170.9645	2.675472
4698	-127.6502	-298.6146	170.9645	2.675472
4704	-136.9662	-308.1221	171.1559	2.557125
4710	-129.754	-301.5026	171.7485	2.181355
4716	-139.0232	-310.8316	171.8084	2.142419
4722	-113.4921	-284.9086	171.4165	2.393828
4728	-117.2493	-289.2196	171.9703	2.035965
4734	-120.281	-291.7961	171.515	2.331343
4740	-130.9201	-302.9043	171.9842	2.026755
4746	-127.2045	-298.7011	171.4966	2.34306
4752	-125.9655	-297.3695	171.404	2.401719
4758	-137.83	-309.1656	171.3357	2.444794
4764	-128.3214	-299.7607	171.4393	2.37944
4770	-129.0678	-300.8392	171.7714	2.166492
4776	-133.6331	-304.5508	170.9177	2.704166
4782	-120.5472	-292.3371	171.7899	2.154443
4788	-119.5544	-290.7942	171.2398	2.504844
4794	-125.8162	-296.9318	171.1157	2.582118
4800	-130.2478	-302.0244	171.7766	2.163105
4806	-130.1895	-300.7582	170.5687	2.916467
4812	-145.8795	-316.4482	170.5687	2.916467
4818	-128.7303	-300.1381	171.4078	2.399356
4824	-133.0103	-303.969	170.9587	2.679011
4830	-137.6051	-309.4807	171.8756	2.098456
4836	-158.0034	-327.8583	169.8549	3.341397
4842	-143.055	-312.5802	169.5251	3.534342
4848	-135.9745	-305.7824	169.8078	3.36903
4854	-128.6478	-298.5048	169.857	3.340164
4860	-137.4671	-307.1456	169.6785	3.44484
4866	-133.9273	-305.7101	171.7828	2.159086
4872	-137.8665	-308.9446	171.0781	2.605396
4878	-152.7013	-325.0037	172.3024	1.811545
4884	-128.5553	-300.2468	171.6915	2.218272
4890	-125.4743	-296.3214	170.847	2.747465
4896	-143.9187	-312.9203	169.0016	3.837221
4902	-141.7648	-311.9416	170.1768	3.151093
4908	-139.423	-310.423	171	2.653605
4914	-126.2918	-297.2736	170.9818	2.664837
4920	-129.7933	-300.7751	170.9818	2.664837
4926	-143.3828	-312.4343	169.0514	3.808544
4932	-125.8864	-297.2099	171.3234	2.45247
4938	-130.331	-301.6849	171.354	2.433285
4944	-121.7055	-293.3438	171.6383	2.252533
4950	-110.8092	-282.1071	171.298	2.468457
4956	-128.2411	-299.6529	171.4118	2.39678
4962	-134.468	-304.6128	170.1448	3.170133
4968	-139.8259	-311.1792	171.3533	2.433685
4974	-149.5393	-318.5248	168.9855	3.846463
4980	-153.1254	-323.2772	170.1518	3.165981
4986	-143.8672	-314.1571	170.2899	3.083754
4992	-155.7955	-326.7821	170.9866	2.661825
4998	-144.4721	-313.8566	169.3846	3.616056
5004	-136.021	-306.9818	170.9608	2.67772
5010	-136.7007	-307.1365	170.4357	2.99649
5016	-141.2038	-312.6426	171.4388	2.379746
5022	-155.9515	-324.8846	168.9331	3.876568
5028	-143.6779	-315.161	171.483	2.351691
5034	-138.8266	-309.9587	171.132	2.57196
5040	-129.8564	-300.796	170.9396	2.690766
5046	-124.2931	-294.9852	170.6921	2.841828
5052	-136.2179	-306.702	170.4841	2.96743
5058	-132.5209	-303.005	170.4841	2.96743
5064	-135.4377	-306.5415	171.1038	2.58944
5070	-127.3709	-298.4748	171.1038	2.58944
5076	-131.9479	-304.2183	172.2704	1.833584
5082	-136.2126	-307.6107	171.398	2.405514
5088	-129.2182	-301.2289	172.0107	2.009156
5094	-139.2073	-310.6531	171.4458	2.375303
5100	-146.6735	-317.5969	170.9234	2.700673
5106	-127.416	-298.4366	171.0206	2.640922
5112	-132.5988	-303.7376	171.1388	2.567752
5118	-121.1416	-292.1144	170.9728	2.670334
5124	-112.9995	-284.5197	171.5202	2.328059
5130	-113.8955	-285.2959	171.4004	2.404033
5136	-140.3374	-311.4136	171.0763	2.606518
5142	-130.1401	-300.9741	170.834	2.75542
5148	-135.4916	-305.1915	169.6999	3.432326
5154	-137.0808	-308.2197	171.1389	2.567688
5160	-126.2228	-297.5165	171.2937	2.471146
5166	-123.7877	-295.3247	171.537	2.317376
5172	-132.2483	-302.9854	170.737	2.81452
5178	-126.0171	-297.9727	171.9557	2.045674
5184	-126.9778	-299.0193	172.0415	1.988607
5190	-135.8656	-307.4632	171.5976	2.278601
5196	-140.3394	-311.8257	171.4863	2.349595
5202	-132.757	-302.8719	170.1149	3.187848
5208	-124.6684	-295.7984	171.13	2.573238
5214	-136.8405	-308.1246	171.2841	2.477136
5220	-132.4507	-303.3143	170.8637	2.737302
5226	-139.5734	-310.437	170.8637	2.737302
5232	-121.2621	-292.1258	170.8637	2.737302
5238	-122.6957	-294.0375	171.3418	2.440946
5244	-126.2616	-297.6034	171.3418	2.440946
5250	-123.2906	-294.3094	171.0188	2.642016
5256	-132.0809	-303.4952	171.4143	2.395226
5262	-122.4166	-293.9235	171.507	2.336486
5268	-125.5354	-296.4466	170.9113	2.708137
5274	-118.5628	-289.063	170.5002	2.957778
5280	-119.4519	-290.7291	171.2772	2.481442
5286	-108.0687	-279.5972	171.5285	2.322799
5292	-115.7764	-287.2416	171.4652	2.363013
5298	-122.131	-294.1366	172.0056	2.012521
5304	-120.9184	-292.5216	171.6033	2.275003
5310	-125.7635	-296.1902	170.4267	3.001921
5316	-129.4386	-299.2546	169.816	3.364219
5322	-123.1445	-293.8258	170.6813	2.848362
5328	-134.3661	-305.6319	171.2658	2.488618
5334	-136.8882	-306.8921	170.0039	3.253554
5340	-124.9559	-296.6495	171.6936	2.216905
5346	-130.6099	-301.1786	170.5687	2.916477
5352	-147.6773	-318.246	170.5687	2.916477
5358	-132.6348	-303.2035	170.5687	2.916477
5364	-151.5967	-322.1929	170.5963	2.899826
5370	-134.4888	-304.6045	170.1157	3.18739
5376	-137.8611	-309.4317	171.5706	2.295931
5382	-120.6905	-291.2327	170.5422	2.932433
5388	-122.2039	-292.0438	169.8399	3.350201
5394	-120.383	-292.1085	171.7256	2.196239
5400	-107.3899	-278.2258	170.836	2.754234
5406	-111.1114	-282.4969	171.3854	2.413444
5412	-121.4086	-291.9322	170.5236	2.943685
5418	-118.1132	-289.6422	171.529	2.322451
5424	-115.0779	-286.5274	171.4495	2.372956
5430	-132.5026	-303.8067	171.3041	2.464604
5436	-140.0574	-310.5092	170.4518	2.986853
5442	-139.8044	-311.4493	171.6449	2.248269
5448	-138.1513	-308.9816	170.8303	2.757662
5454	-128.8541	-299.8664	171.0123	2.646012
5460	-145.6699	-315.772	170.1021	3.195483
5466	-135.1437	-307.3107	172.167	1.904183
5472	-126.9348	-297.6352	170.7004	2.836746
5478	-133.488	-304.9325	171.4445	2.376141
5484	-147.5333	-317.8497	170.3164	3.067959
5490	-162.6323	-332.8814	170.2491	3.10808
5496	-159.3243	-328.9181	169.5938	3.494324
5502	-154.5617	-324.219	169.6573	3.457216
5508	-153.4885	-325.1375	171.649	2.245652
5514	-152.3166	-322.3119	169.9953	3.258653
5520	-154.3106	-324.7638	170.4532	2.985984
5526	-149.3091	-319.7623	170.4532	2.985984
5532	-142.9781	-314.8727	171.8946	2.085972
5538	-147.5231	-318.0087	170.4855	2.966573
5544	-149.2779	-319.5677	170.2898	3.083846
5550	-131.8112	-302.101	170.2898	3.083846
5556	-129.7334	-300.8974	171.1639	2.552143
5562	-115.3098	-286.8791	171.5693	2.296732
5568	-127.5996	-299.7516	172.152	1.91434
5574	-134.221	-304.9187	170.6976	2.838468
5580	-133.2077	-304.6339	171.4263	2.387676
5586	-136.2299	-307.0129	170.783	2.786522
5592	-128.8099	-299.3479	170.538	2.935005
5598	-128.4715	-299.0095	170.538	2.935005
5604	-130.2454	-301.4839	171.2385	2.505687
5610	-133.4515	-303.8191	170.3676	3.037353
5616	-127.5621	-297.6569	170.0948	3.19978
5622	-125.599	-297.1372	171.5382	2.316601
5628	-119.4899	-291.2897	171.7998	2.148009
5634	-120.8538	-291.8712	171.0174	2.642887
5640	-131.9641	-302.9423	170.9782	2.667025
5646	-130.8824	-302.3094	171.4269	2.387241
5652	-127.1076	-298.0965	170.9889	2.660435
5658	-131.9446	-302.9335	170.9889	2.660435
5664	-144.5781	-316.4762	171.898	2.083711
5670	-142.8758	-314.8725	171.9967	2.018484
5676	-143.3929	-314.0985	170.7055	2.833655
5682	-143.6144	-314.212	170.5976	2.899009
5688	-136.9277	-306.9699	170.0422	3.230921
5694	-139.0322	-310.2228	171.1906	2.535543
5700	-143.0024	-313.5977	170.5954	2.900376
5706	-135.8397	-307.1716	171.3319	2.447139
5712	-137.0181	-307.8587	170.8406	2.751403
5718	-133.0909	-303.9315	170.8406	2.751403
5724	-133.7519	-302.7716	169.0197	3.826794
5730	-122.0306	-293.131	171.1004	2.59159
5736	-129.3949	-300.7343	171.3394	2.442442
5742	-139.287	-310.6264	171.3394	2.442442
5748	-140.6767	-310.238	169.5613	3.513242
5754	-139.1865	-310.2682	171.0817	2.603122
5760	-133.8849	-306.173	172.2881	1.821375
5766	-134.571	-306.3001	171.7291	2.193937
5772	-126.4931	-297.5216	171.0286	2.635984
5778	-129.0082	-300.7746	171.7664	2.169757
5784	-136.3488	-307.6348	171.286	2.475951
5790	-132.8954	-303.7285	170.8331	2.755978
5796	-122.6374	-294.039	171.4016	2.40325
5802	-122.3156	-292.7447	170.4291	3.000454
5808	-122.558	-294.1689	171.6109	2.270075
5814	-128.0851	-298.8495	170.7644	2.797883
5820	-134.0235	-305.3412	171.3177	2.456062
5826	-133.433	-303.849	170.416	3.008328
5832	-123.0324	-293.8021	170.7697	2.794617
5838	-135.2637	-306.067	170.8033	2.77417
5844	-138.8756	-310.5038	171.6282	2.259008
5850	-124.4811	-295.5067	171.0256	2.637793
5856	-134.8142	-305.5995	170.7853	2.785117
5862	-122.4162	-293.6026	171.1864	2.538139
5868	-114.3619	-286.0017	171.6398	2.251579
5874	-119.0295	-290.437	171.4075	2.399523
5880	-120.1838	-291.9231	171.7393	2.187303
5886	-115.3231	-286.3061	170.9831	2.664037
5892	-129.0735	-301.4189	172.3454	1.781724
5898	-130.7751	-302.1401	171.365	2.426346
5904	-139.1066	-310.1013	170.9947	2.656858
5910	-133.2011	-302.6759	169.4747	3.563677
5916	-138.8207	-311.0335	172.2128	1.872985
5922	-136.5693	-307.6643	171.0949	2.594953
5928	-142.7323	-312.8417	170.1094	3.191131
5934	-141.4682	-312.051	170.5828	2.907978
5940	-144.9445	-315.6003	170.6558	2.863801
5946	-137.5598	-309.3595	171.7997	2.148078
5952	-121.4169	-293.1365	171.7196	2.200066
5958	-128.8504	-300.4315	171.5812	2.289135
5964	-123.4168	-294.8592	171.4424	2.377481
5970	-125.4347	-296.6016	171.167	2.550254
5976	-129.2308	-300.4161	171.1854	2.538788
5982	-129.1174	-300.0926	170.9752	2.668851
5988	-140.2807	-312.0137	171.7331	2.19137
5994	-153.9306	-323.6673	169.7367	3.410778
6000	-130.1364	-301.363	171.2266	2.513096
6006	-129.7673	-301.0108	171.2435	2.502546
6012	-124.0323	-295.2843	171.2519	2.497285
6018	-136.2397	-307.4916	171.2519	2.497285
6024	-125.3688	-296.6207	171.2519	2.497285
6030	-124.1506	-295.7529	171.6023	2.275607
6036	-121.1859	-292.9539	171.768	2.168696
6042	-119.8387	-290.8351	170.9964	2.655793
6048	-110.716	-282.0234	171.3074	2.462553
6054	-106.8772	-278.6088	171.7316	2.192337
6060	-112.4393	-284.1708	171.7316	2.192337
6066	-123.4218	-294.6449	171.2231	2.515286
6072	-116.2213	-287.2206	170.9992	2.654087
6078	-129.4911	-300.7466	171.2555	2.495018
6084	-123.8895	-295.9344	172.0449	1.98631
6090	-132.1581	-303.961	171.803	2.145944
6096	-132.4726	-304.2756	171.803	2.145944
6102	-132.4886	-303.843	171.3544	2.432989
6108	-122.117	-293.6686	171.5516	2.308048
6114	-116.4161	-288.319	171.9029	2.08051
6120	-125.2011	-295.5506	170.3495	3.048173
6126	-127.7846	-298.5924	170.8078	2.771436
6132	-126.6163	-298.3795	171.7632	2.171818
6138	-149.064	-320.7107	171.6467	2.247088
6144	-142.1924	-313.0006	170.8081	2.771215
6150	-149.0696	-320.0923	171.0226	2.639649
6156	-135.0362	-306.076	171.0398	2.629041
6162	-119.6777	-290.8273	171.1496	2.561075
6168	-138.8309	-309.3162	170.4853	2.966702
6174	-138.0842	-309.0654	170.9811	2.665218
6180	-139.4105	-310.9224	171.5118	2.333376
6186	-127.7632	-298.1667	170.4036	3.015796
6192	-131.9317	-301.9471	170.0154	3.246788
6198	-128.5114	-300.1366	171.6252	2.260944
6204	-135.8801	-307.533	171.6528	2.243166
6210	-131.743	-303.4204	171.6774	2.227321
6216	-133.1335	-304.312	171.1785	2.54306
6222	-129.8966	-301.0751	171.1785	2.54306
6228	-132.1132	-303.2113	171.0981	2.593014
6234	-132.7197	-303.9482	171.2285	2.511898
6240	-135.3758	-306.5016	171.1258	2.575841
6246	-136.6348	-307.7606	171.1258	2.575841
6252	-127.598	-299.0359	171.4379	2.380277
6258	-133.6121	-304.4837	170.8717	2.73239
6264	-141.8843	-312.7559	170.8717	2.73239
6270	-155.7575	-326.8291	171.0717	2.60937
6276	-156.3007	-326.5487	170.248	3.108773
6282	-144.8756	-315.313	170.4374	2.995507
6288	-123.5646	-295.5592	171.9946	2.019838
6294	-135.384	-306.4862	171.1022	2.590488
6300	-142.0558	-311.8964	169.8406	3.349798
6306	-145.6359	-315.7262	170.0903	3.202459
6312	-145.1263	-316.0504	170.9241	2.700238
6318	-142.2904	-313.1806	170.8901	2.721082
6324	-134.5844	-305.7799	171.1955	2.532466
6330	-142.8476	-314.7352	171.8875	2.090599
6336	-146.1002	-317.3254	171.2252	2.513949
6342	-154.9971	-325.9699	170.9728	2.670335
6348	-157.5496	-327.9484	170.3988	3.018643
6354	-147.8489	-319.0159	171.167	2.550238
6360	-144.4955	-314.8961	170.4007	3.017523
6366	-147.2379	-318.1249	170.887	2.723036
6372	-143.4891	-314.151	170.662	2.860079
6378	-138.2904	-308.4937	170.2032	3.135416
6384	-146.0285	-316.2317	170.2032	3.135416
6390	-166.237	-336.4402	170.2032	3.135416
6396	-157.0171	-327.2203	170.2032	3.135416
6402	-164.5141	-333.6853	169.1712	3.739504
6408	-164.4244	-333.8081	169.3836	3.616605
6414	-156.3384	-327.0047	170.6663	2.857485
6420	-154.0318	-325.298	171.2662	2.488333
6426	-148.6344	-319.4987	170.8643	2.736912
6432	-145.5391	-316.7803	171.2412	2.503965
6438	-145.2759	-316.7907	171.5149	2.331458
6444	-142.8857	-314.1449	171.2592	2.492742
6450	-133.5578	-304.5551	170.9973	2.655275
6456	-129.5663	-300.9829	171.4167	2.393735
6462	-134.3222	-303.3492	169.027	3.822596
6468	-132.9144	-304.4879	171.5735	2.294063
6474	-120.7552	-292.2343	171.4791	2.354192
6480	-114.35	-285.7445	171.3945	2.407726
6486	-133.6752	-305.0674	171.3922	2.409191
6492	-128.6446	-299.1517	170.5071	2.953589
6498	-129.9177	-301.2535	171.3358	2.444721
6504	-127.4508	-298.2489	170.7981	2.777329
6510	-142.5001	-314.1332	171.6331	2.255885
6516	-142.8388	-314.447	171.6081	2.271875
6522	-140.3801	-311.9588	171.5786	2.29077
6528	-132.8923	-304.5859	171.6936	2.216868
6534	-127.8757	-299.7971	171.9214	2.068281
6540	-121.5777	-292.7646	171.1869	2.53788
6546	-116.6685	-288.2547	171.5861	2.285986
6552	-122.613	-294.1811	171.5681	2.29752
6558	-125.7509	-297.4412	171.6903	2.219017
6564	-128.2072	-299.3496	171.1423	2.565554
6570	-111.6442	-283.3666	171.7224	2.198273
6576	-118.4448	-290.1341	171.6893	2.219662
6582	-114.8946	-285.6747	170.7801	2.788295
6588	-117.2272	-288.6082	171.381	2.416249
6594	-123.533	-294.3366	170.8036	2.773974
6600	-137.6175	-307.7518	170.1343	3.17638
6606	-142.7298	-313.1257	170.396	3.020353
6612	-147.9057	-318.7075	170.8018	2.775059
6618	-140.4744	-311.2762	170.8018	2.775059
6624	-136.2755	-307.9322	171.6567	2.240675
6630	-146.2812	-316.3552	170.074	3.212107
6636	-130.8864	-301.3772	170.4909	2.963373
6642	-121.5977	-292.3903	170.7926	2.780661
6648	-113.4724	-284.9177	171.4454	2.375578
6654	-111.2342	-283.0764	171.8422	2.120324
6660	-121.6636	-292.6197	170.956	2.680656
6666	-119.4466	-289.6662	170.2196	3.125659
6672	-117.1943	-288.381	171.1867	2.53797
6678	-111.2505	-283.0372	171.7867	2.156567
6684	-122.6876	-294.237	171.5494	2.30943
6690	-126.1437	-298.1538	172.0101	2.009536
6696	-132.7407	-304.0908	171.3501	2.435738
6702	-133.4065	-303.5147	170.1082	3.191851
6708	-122.3579	-294.3438	171.9858	2.025679
6714	-123.0026	-294.9698	171.9672	2.038027
6720	-128.9505	-300.9524	172.0019	2.015
6726	-124.5874	-295.3582	170.7708	2.793973
6732	-118.0857	-290.318	172.2323	1.859677
6738	-121.4074	-292.2367	170.8292	2.75835
6744	-137.7537	-307.6828	169.9292	3.297673
6750	-133.9273	-305.5143	171.587	2.285435
6756	-128.0705	-299.2542	171.1836	2.539875
6762	-125.0283	-296.0496	171.0213	2.64045
6768	-122.5212	-294.3047	171.7835	2.158615
6774	-121.8701	-293.8947	172.0246	1.999881
6780	-117.8607	-289.5442	171.6835	2.223426
6786	-120.05	-290.7501	170.7001	2.836969
6792	-122.5469	-293.2589	170.712	2.829749
6798	-125.7607	-297.5105	171.7499	2.180488
6804	-134.6637	-304.8939	170.2302	3.119345
6810	-137.7866	-308.5618	170.7752	2.791308
6816	-145.3322	-315.9801	170.648	2.868562
6822	-154.0267	-325.1235	171.0968	2.593803
6828	-143.1728	-313.8669	170.6941	2.840616
6834	-138.8449	-308.6921	169.8472	3.345892
6840	-131.9951	-303.1795	171.1844	2.539417
6846	-135.8787	-306.2633	170.3846	3.027123
6852	-148.8169	-319.5491	170.7321	2.817499
6858	-135.6905	-306.3472	170.6567	2.863258
6864	-134.2678	-304.9003	170.6325	2.877945
6870	-124.6008	-295.5627	170.9619	2.677071
6876	-119.6416	-290.4063	170.7647	2.797714
6882	-127.3528	-298.8222	171.4694	2.360355
6888	-142.4959	-314.727	172.2311	1.860526
6894	-136.3647	-305.5881	169.2234	3.709348
6900	-146.4675	-316.7897	170.3222	3.064465
6906	-158.1201	-329.467	171.3469	2.437731
6912	-137.794	-309.0776	171.2836	2.477483
6918	-133.0992	-303.8419	170.7427	2.811063
6924	-139.928	-310.0799	170.1518	3.165958
6930	-152.0836	-322.8681	170.7844	2.785666
6936	-148.164	-318.6012	170.4372	2.99561
6942	-144.2358	-314.8132	170.5774	2.911232
6948	-137.59	-309.2302	171.6402	2.251264
6954	-121.1679	-292.033	170.8651	2.736421
6960	-117.039	-288.4646	171.4256	2.388119
6966	-115.1337	-286.4759	171.3423	2.440647
6972	-115.3399	-286.6359	171.296	2.469682
6978	-119.6607	-290.9567	171.296	2.469682
6984	-118.0058	-289.2981	171.2923	2.471996
6990	-117.1496	-289.5069	172.3573	1.773443
6996	-121.8775	-293.2165	171.339	2.44267
7002	-119.6934	-291.4354	171.742	2.185591
7008	-126.4469	-298.1706	171.7237	2.197456
7014	-124.4053	-296.2842	171.8789	2.096279
7020	-128.6712	-299.2285	170.5572	2.923394
7026	-139.8184	-309.8236	170.0053	3.252749
7032	-133.0363	-303.9047	170.8684	2.734417
7038	-135.0432	-304.8391	169.7959	3.376072
7044	-130.9884	-301.1994	170.211	3.130797
7050	-130.8945	-301.2263	170.3318	3.058725
7056	-126.5795	-297.376	170.7965	2.778316
7062	-124.5627	-296.3396	171.7768	2.162977
7068	-136.5998	-307.7074	171.1076	2.58711
7074	-140.4939	-311.294	170.8001	2.776123
7080	-130.4433	-301.2434	170.8001	2.776123
7086	-134.8622	-305.8383	170.9761	2.668312
7092	-139.1225	-310.7074	171.5849	2.286781
7098	-133.3515	-305.4468	172.0953	1.952551
7104	-134.5312	-306.8012	172.27	1.833868
7110	-144.5521	-315.5068	170.9547	2.681472
7116	-138.9691	-310.3169	171.3478	2.437163
7122	-139.0874	-310.2299	171.1424	2.56551
7128	-132.2114	-303.6749	171.4635	2.364112
7134	-112.6885	-284.159	171.4705	2.359642
7140	-143.0468	-313.6022	170.5555	2.924459
7146	-146.7411	-318.0831	171.342	2.440821
7152	-145.1084	-315.1665	170.0581	3.221504
7158	-145.7331	-317.0542	171.3211	2.453939
7164	-138.7225	-308.272	169.5495	3.52012
7170	-141.1728	-310.0166	168.8438	3.927782
7176	-144.2696	-314.3624	170.0928	3.200991
7182	-145.6208	-315.9036	170.2828	3.088024
7188	-139.9057	-310.1532	170.2475	3.109047
7194	-139.7054	-310.0929	170.3875	3.025412
7200	-136.4902	-308.2148	171.7246	2.196865
7206	-139.427	-310.0446	170.6176	2.88695
7212	-129.3291	-299.9467	170.6176	2.88695
7218	-130.4619	-301.3557	170.8939	2.718812
7224	-139.9534	-310.6291	170.6757	2.851729
7230	-132.9695	-304.3501	171.3806	2.416506
7236	-135.9505	-307.0267	171.0762	2.606535
7242	-138.1129	-309.1207	171.0078	2.64878
7248	-135.8732	-306.7488	170.8756	2.729978
7254	-139.5274	-310.4443	170.9169	2.704682
7260	-135.3438	-306.1938	170.85	2.745629
7266	-135.8506	-307.4034	171.5528	2.307248
7272	-132.6152	-303.242	170.6268	2.8814
7278	-132.8709	-304.2467	171.3758	2.419541
7284	-136.2148	-307.0418	170.827	2.759703
7290	-137.2323	-307.5824	170.3501	3.047794
7296	-154.5721	-324.1356	169.5635	3.511999
7302	-140.4093	-312.148	171.7387	2.187742
7308	-137.8102	-309.3779	171.5677	2.297758
7314	-137.6327	-309.0236	171.391	2.409962
7320	-136.2929	-306.724	170.4311	2.999284
7326	-147.4162	-319.2716	171.8553	2.111719
7332	-149.4094	-320.428	171.0186	2.642117
7338	-140.9323	-311.0666	170.1343	3.176351
7344	-142.2014	-314.0209	171.8196	2.135122
7350	-138.1996	-309.4304	171.2308	2.510464
7356	-130.6365	-302.0369	171.4004	2.404031
7362	-135.686	-305.4365	169.7505	3.402683
7368	-133.6738	-305.2739	171.6002	2.276993
7374	-134.2686	-304.6064	170.3378	3.055161
7380	-133.0836	-304.0917	171.0081	2.648599
7386	-142.2909	-313.9186	171.6278	2.259291
7392	-141.5323	-311.7709	170.2386	3.114354
7398	-152.1139	-321.7812	169.6674	3.451348
7404	-131.5139	-303.2946	171.7807	2.160451
7410	-135.8679	-307.0931	171.2252	2.513982
7416	-141.1201	-312.0071	170.8869	2.72307
7422	-134.5837	-305.5665	170.9828	2.664165
7428	-128.5196	-299.8634	171.3438	2.439696
7434	-127.9824	-298.83	170.8477	2.747086
7440	-128.6234	-298.7619	170.1385	3.173864
7446	-128.3103	-299.8437	171.5334	2.319673
7452	-125.8389	-296.5875	170.7487	2.807449
7458	-115.2974	-287.1921	171.8947	2.085861
7464	-125.385	-296.0631	170.678	2.850357
7470	-122.0601	-293.1479	171.0878	2.599347
7476	-135.0484	-305.6328	170.5843	2.907038
7482	-130.1052	-302.016	171.9108	2.075294
7488	-115.2401	-286.4906	171.2505	2.498154
7494	-117.4897	-289.602	172.1123	1.941146
7500	-119.6806	-291.4179	171.7373	2.188603
7506	-118.1664	-289.9826	171.8162	2.13729
7512	-122.0111	-293.1672	171.1561	2.557004
7518	-122.9496	-294.0366	171.087	2.599857
7524	-140.596	-311.5192	170.9233	2.700773
7530	-140.3229	-311.2462	170.9233	2.700773
7536	-152.0739	-322.0319	169.9581	3.280628
7542	-141.6504	-310.7555	169.1051	3.777641
7548	-145.7433	-316.9212	171.1779	2.543466
7554	-139.274	-310.2934	171.0194	2.641669
7560	-164.2835	-334.6888	170.4053	3.014738
7566	-150.1052	-321.6839	171.5788	2.290676
7572	-152.7053	-324.1483	171.443	2.377069
7578	-152.276	-322.5336	170.2576	3.103003
7584	-147.9016	-319.0048	171.1032	2.589815
7590	-154.6871	-325.0041	170.317	3.06758
7596	-147.8882	-317.8344	169.9462	3.287638
7602	-134.339	-305.0187	170.6798	2.8493
7608	-143.6908	-314.3705	170.6798	2.8493
7614	-142.7554	-313.4352	170.6798	2.8493
7620	-129.4384	-300.6728	171.2344	2.508242
7626	-134.0522	-305.3207	171.2685	2.4869
7632	-135.0229	-306.2509	171.228	2.512236
7638	-127.8638	-299.3531	171.4893	2.347718
7644	-130.9503	-301.8691	170.9187	2.703563
7650	-120.0805	-291.7384	171.6579	2.239933
7656	-123.8462	-294.4463	170.6001	2.897544
7662	-130.5425	-301.9389	171.3964	2.406509
7668	-128.6383	-300.0347	171.3964	2.406509
7674	-136.3191	-307.7824	171.4634	2.36418
7680	-142.7298	-314.2242	171.4944	2.344488
7686	-141.6079	-312.7692	171.1613	2.553797
7692	-133.2167	-304.7593	171.5426	2.313809
7698	-135.61	-305.9264	170.3164	3.067947
7704	-129.4926	-300.6733	171.1808	2.541663
7710	-126.6649	-298.265	171.6001	2.277026
7716	-143.4238	-312.8088	169.385	3.61582
7722	-134.6387	-306.1127	171.474	2.357449
7728	-137.3032	-308.0367	170.7336	2.816636
7734	-129.2785	-300.4053	171.1268	2.575222
7740	-130.9113	-302.457	171.5456	2.311853
7746	-134.3848	-306.2568	171.872	2.100791
7752	-139.778	-310.6496	170.8716	2.732452
7758	-133.4061	-304.2254	170.8194	2.76435
7764	-135.0237	-306.3288	171.3051	2.463999
7770	-128.4581	-299.09	170.6319	2.878309
7776	-147.6204	-318.6763	171.0559	2.619089
7782	-144.5008	-315.1527	170.6519	2.866161
7788	-140.7863	-311.7652	170.9789	2.666563
7794	-143.213	-313.5131	170.3001	3.07769
7800	-138.1111	-308.4112	170.3001	3.07769
7806	-144.0725	-314.2928	170.2203	3.12527
7812	-137.1986	-307.9411	170.7425	2.811215
7818	-133.8595	-304.3013	170.4418	2.992858
7824	-136.4928	-306.9373	170.4445	2.991229
7830	-122.4922	-294.3911	171.8989	2.083097
7836	-127.6497	-299.5487	171.8989	2.083097
7842	-129.8251	-300.8515	171.0264	2.6373
7848	-149.3986	-319.5605	170.1619	3.159986
7854	-138.9359	-309.0978	170.1619	3.159986
7860	-137.8187	-309.445	171.6263	2.260204
7866	-145.4669	-315.6904	170.2235	3.123346
7872	-134.6984	-304.9219	170.2235	3.123346
7878	-133.2412	-303.4998	170.2585	3.102473
7884	-123.7171	-295.6767	171.9596	2.043068
7890	-120.6856	-291.849	171.1634	2.552502
7896	-120.7631	-291.1984	170.4353	2.996743
7902	-131.0801	-301.5185	170.4384	2.994895
7908	-127.8291	-298.4673	170.6382	2.874491
7914	-122.3935	-294.0859	171.6925	2.217634
7920	-122.4414	-294.1339	171.6925	2.217634
7926	-110.6523	-281.7789	171.1266	2.575335
7932	-114.0719	-286.6213	172.5494	1.637522
7938	-130.9974	-301.5539	170.5566	2.923797
7944	-130.3184	-301.354	171.0357	2.631614
7950	-124.9932	-296.0288	171.0357	2.631614
7956	-129.2651	-299.2818	170.0166	3.246047
7962	-128.149	-298.9471	170.7981	2.777325
7968	-125.0214	-295.016	169.9946	3.259084
7974	-126.4423	-296.7347	170.2923	3.082318
7980	-130.7121	-301.5733	170.8612	2.738796
7986	-126.107	-297.0388	170.9318	2.695511
7992	-132.7526	-304.3498	171.5973	2.278849
7998	-137.5903	-308.7112	171.1208	2.578898
8004	-133.3245	-304.0776	170.7532	2.804713
8010	-141.1229	-312.364	171.241	2.504079
8016	-137.6178	-307.9498	170.332	3.058652
8022	-140.0174	-311.3749	171.3574	2.431095
8028	-139.3532	-310.0721	170.7189	2.825517
8034	-137.8038	-309.4378	171.634	2.255286
8040	-124.2078	-295.05	170.8422	2.750392
8046	-124.6214	-296.0884	171.467	2.361877
8052	-143.0734	-314.6647	171.5913	2.282672
8058	-143.2002	-314.3184	171.1182	2.580513
8064	-151.7301	-323.5674	171.8372	2.123565
8070	-123.041	-294.937	171.896	2.085028
8076	-137.751	-308.4044	170.6534	2.865247
8082	-129.5695	-300.8778	171.3083	2.461995
8088	-121.6068	-293.2201	171.6133	2.268556
8094	-136.4177	-306.8934	170.4757	2.972482
8100	-125.6461	-295.8927	170.2466	3.109568
8106	-139.292	-310.3561	171.0641	2.614057
8112	-135.3747	-306.5466	171.1719	2.547197
8118	-132.8641	-304.7165	171.8524	2.113676
8124	-135.6809	-307.1531	171.4722	2.358571
8130	-133.221	-303.7837	170.5627	2.920105
8136	-139.9721	-310.5391	170.567	2.9175
8142	-127.9448	-299.0042	171.0594	2.616918
8148	-138.5641	-308.2932	169.7292	3.415163
8154	-130.9738	-300.8662	169.8924	3.319339
8160	-131.8981	-302.876	170.9779	2.667217
8166	-126.9314	-298.4618	171.5305	2.321527
8172	-125.5152	-297.5977	172.0824	1.961213
8178	-136.832	-307.4691	170.6371	2.875155
8184	-124.5542	-296.2019	171.6477	2.246472
8190	-128.3549	-299.4919	171.1369	2.568908
8196	-130.4859	-300.471	169.9851	3.264655
8202	-139.3027	-310.2965	170.9938	2.657421
8208	-144.272	-315.0307	170.7587	2.801347
8214	-136.1005	-307.3238	171.2234	2.515128
8220	-149.6451	-320.7845	171.1395	2.567351
8226	-143.6149	-314.2123	170.5974	2.899124
8232	-137.5137	-308.1928	170.679	2.849753
8238	-133.8777	-305.1996	171.3219	2.453427
8244	-142.4261	-314.0845	171.6583	2.239624
8250	-133.5539	-305.0725	171.5186	2.329106
8256	-137.832	-309.3506	171.5186	2.329106
8262	-145.2036	-315.0615	169.8579	3.339638
8268	-142.0413	-313.7924	171.7511	2.179661
8274	-143.8466	-314.4172	170.5706	2.915358
8280	-151.0482	-321.6251	170.5769	2.911535
8286	-153.1294	-325.0496	171.9202	2.069072
8292	-141.671	-313.5912	171.9202	2.069072
8298	-134.8671	-306.3965	171.5294	2.322186
8304	-148.5393	-319.6555	171.1162	2.581808
8310	-140.5807	-311.5479	170.9672	2.673819
8316	-152.7131	-322.754	170.0409	3.231703
8322	-150.0409	-320.4645	170.4236	3.00377
8328	-147.6304	-318.3276	170.6972	2.838718
8334	-142.9635	-313.3564	170.393	3.022148
8340	-139.8121	-308.573	168.7609	3.975217
8346	-148.736	-318.0296	169.2936	3.668782
8352	-144.8433	-314.8332	169.9899	3.261849
8358	-136.9252	-308.5334	171.6083	2.271798
8364	-132.7891	-304.043	171.2539	2.496058
8370	-146.8306	-319.0734	172.2428	1.852512
8376	-140.58	-311.6731	171.0931	2.596083
8382	-149.4443	-319.0317	169.5874	3.498047
8388	-125.8413	-297.2515	171.4102	2.397847
8394	-133.8896	-306.3016	172.412	1.735231
8400	-135.1922	-307.4879	172.2957	1.816186
8406	-128.7032	-299.8707	171.1675	2.549951
8412	-124.0067	-294.7076	170.7009	2.836473
8418	-141.3417	-311.8399	170.4982	2.958948
8424	-133.2278	-303.6914	170.4636	2.979748
8430	-141.5349	-311.7119	170.177	3.151018
8436	-138.2687	-308.9987	170.7301	2.818748
8442	-137.8983	-308.7746	170.8763	2.729542
8448	-152.1012	-322.9747	170.8735	2.731304
8454	-143.7436	-313.5313	169.7877	3.38087
8460	-133.6051	-305.8056	172.2006	1.881347
8466	-122.9927	-294.0461	171.0534	2.62063
8472	-131.2815	-302.5575	171.276	2.482189
8478	-127.7797	-299.8207	172.041	1.988928
8484	-131.346	-303.115	171.769	2.168052
8490	-136.4082	-307.6569	171.2487	2.499273
8496	-138.8585	-310.4305	171.572	2.295014
8502	-134.6333	-306.2213	171.588	2.284786
8508	-133.7114	-305.5436	171.8322	2.126877
8514	-137.0971	-308.9293	171.8322	2.126877
8520	-134.8531	-305.373	170.5198	2.945929
8526	-136.3394	-307.64	171.3006	2.466818
8532	-131.1583	-302.4589	171.3006	2.466818
8538	-133.5587	-304.1591	170.6004	2.897332
8544	-140.718	-311.3496	170.6316	2.878461
8550	-137.1477	-307.8313	170.6836	2.846968
8556	-138.4668	-309.1939	170.7271	2.820576
8562	-127.1619	-297.2884	170.1264	3.18103
8568	-123.0479	-294.4043	171.3564	2.431718
8574	-133.4977	-304.4913	170.9936	2.657537
8580	-126.5758	-298.5116	171.9358	2.058779
8586	-133.8442	-305.818	171.9738	2.03367
8592	-125.9388	-297.2579	171.3191	2.455174
8598	-114.3888	-285.6531	171.2644	2.489505
8604	-125.9135	-296.8571	170.9436	2.688321
8610	-129.5618	-299.9845	170.4226	3.004355
8616	-136.1662	-308.3214	172.1552	1.912125
8622	-134.1868	-303.7251	169.5384	3.526635
8628	-129.5959	-300.1838	170.588	2.904854
8634	-129.7423	-300.7741	171.0317	2.634024
8640	-135.6267	-306.8514	171.2247	2.514294
8646	-136.7234	-307.3408	170.6174	2.887068
8652	-142.4591	-312.563	170.1039	3.194401
8658	-135.613	-306.0394	170.4265	3.002061
8664	-147.0113	-317.1615	170.1501	3.166965
8670	-149.4653	-319.4473	169.982	3.26651
8676	-140.961	-311.5995	170.6385	2.874276
8682	-134.938	-305.5271	170.5891	2.904158
8688	-132.324	-303.5287	171.2048	2.526704
8694	-128.4391	-299.6997	171.2606	2.491867
8700	-124.0845	-294.7275	170.643	2.871582
8706	-121.9768	-293.1076	171.1307	2.572761
8712	-141.7562	-313.1716	171.4154	2.394539
8718	-142.6941	-313.7648	171.0707	2.609934
8724	-140.2928	-310.01	169.7172	3.422178
8730	-140.9018	-312.4223	171.5205	2.327866
8736	-130.9712	-302.0891	171.1179	2.58075
8742	-138.6296	-309.3639	170.7344	2.816143
8748	-145.4026	-315.5716	170.1689	3.155789
8754	-144.2048	-316.5733	172.3684	1.765711
8760	-136.1405	-307.4807	171.3403	2.441897
8766	-138.9111	-308.4324	169.5213	3.536575
8772	-137.2895	-307.1331	169.8437	3.347986
8778	-137.8385	-308.9612	171.1228	2.577706
8784	-138.1439	-309.2468	171.1029	2.590024
8790	-149.1609	-319.0076	169.8467	3.346206
8796	-147.4052	-316.7528	169.3475	3.637519
8802	-138.4329	-309.3705	170.9376	2.69195
8808	-150.8426	-321.1426	170.3	3.077735
8814	-143.6815	-313.8783	170.1968	3.139206
8820	-141.5258	-312.8774	171.3516	2.434741
8826	-145.8277	-316.3267	170.499	2.958477
8832	-141.9051	-313.0632	171.1581	2.555768
8838	-132.342	-304.1998	171.8579	2.110074
8844	-130.0945	-301.756	171.6614	2.237628
8850	-130.1876	-300.9264	170.7388	2.813466
8856	-117.0352	-288.4047	171.3695	2.4235
8862	-121.8914	-292.949	171.0576	2.618056
8868	-122.3239	-293.4312	171.1073	2.587282
8874	-118.6298	-289.6983	171.0685	2.611338
8880	-115.9907	-287.4961	171.5054	2.337476
8886	-120.2482	-291.5643	171.316	2.457125
8892	-125.5678	-296.9578	171.3901	2.410529
8898	-130.2983	-301.1243	170.826	2.760292
8904	-127.4133	-298.1887	170.7754	2.791182
8910	-134.5658	-305.8541	171.2883	2.474524
8916	-129.2352	-300.1399	170.9047	2.712175
8922	-137.4053	-308.4049	170.9995	2.6539
8928	-143.7176	-314.7521	171.0345	2.632307
8934	-129.5187	-300.4473	170.9286	2.697477
8940	-136.3178	-307.2046	170.8867	2.723172
8946	-139.1376	-310.0243	170.8867	2.723172
8952	-139.6247	-309.8557	170.231	3.118892
8958	-133.1104	-304.0097	170.8993	2.71545
8964	-128.0693	-298.1567	170.0874	3.204189
8970	-121.1985	-292.0661	170.8676	2.734867
8976	-138.7911	-309.9611	171.17	2.548388
8982	-127.4077	-298.5777	171.17	2.548388
8988	-138.7099	-309.0177	170.3078	3.073058
8994	-131.8689	-303.4081	171.5392	2.315942
9000	-127.6053	-298.8197	171.2144	2.520697
9006	-126.1605	-297.2625	171.1019	2.590626
9012	-129.2818	-301.7167	172.4349	1.719081
9018	-129.5336	-301.3589	171.8253	2.131385
9024	-137.3726	-309.4476	172.075	1.966175
9030	-124.2974	-295.6909	171.3935	2.408365
9036	-141.9632	-313.4123	171.4491	2.373188
9042	-137.8313	-309.3518	171.5204	2.327908
9048	-140.2178	-310.9337	170.7159	2.827346
9054	-128.2679	-298.9859	170.718	2.826087
9060	-137.1963	-308.3834	171.1871	2.537754
9066	-144.5822	-315.3574	170.7752	2.7913
9072	-150.7457	-322.3306	171.585	2.286716
9078	-136.5828	-307.5402	170.9574	2.67981
9084	-137.5732	-307.5805	170.0073	3.251532
9090	-138.251	-309.5046	171.2537	2.49618
9096	-142.0659	-312.3942	170.3283	3.060824
9102	-146.31	-317.5464	171.2363	2.507023
9108	-141.3666	-313.2234	171.8568	2.110769
9114	-127.9295	-299.7576	171.8281	2.129516
9120	-131.1383	-301.9337	170.7954	2.778992
9126	-131.5022	-302.7354	171.2332	2.508952
9132	-132.6393	-302.6051	169.9658	3.276042
9138	-119.2549	-290.824	171.5691	2.29685
9144	-136.2935	-308.0486	171.7551	2.177065
9150	-135.1663	-306.4469	171.2806	2.479345
9156	-132.6561	-304.1074	171.4513	2.37182
9162	-126.0597	-297.8109	171.7511	2.179672
9168	-121.7308	-294.0044	172.2736	1.831372
9174	-120.6881	-291.2189	170.5308	2.939356
9180	-119.8654	-291.6432	171.7778	2.162363
9186	-121.1872	-292.702	171.5148	2.331469
9192	-135.812	-306.8085	170.9964	2.655796
9198	-128.583	-299.953	171.37	2.423202
9204	-130.6181	-301.9881	171.37	2.423202
9210	-138.3007	-309.7066	171.4059	2.40053
9216	-139.633	-311.0389	171.4059	2.40053
9222	-139.3243	-308.8265	169.5022	3.54771
9228	-136.0234	-307.0273	171.0038	2.651243
9234	-133.5068	-304.2831	170.7763	2.790603
9240	-128.7493	-299.4952	170.7458	2.80916
9246	-140.7698	-310.7363	169.9664	3.275697
9252	-134.2865	-305.8082	171.5216	2.327138
9258	-151.8219	-322.1256	170.3037	3.075537
9264	-159.2752	-330.2893	171.0141	2.64492
9270	-149.0188	-318.4675	169.4487	3.578818
9276	-140.3537	-311.4717	171.118	2.58069
9282	-144.1175	-314.5944	170.4769	2.971793
9288	-141.9017	-312.3786	170.4769	2.971793
9294	-144.6013	-316.1275	171.5261	2.32428
9300	-135.675	-306.6136	170.9387	2.691315
9306	-155.2869	-326.6899	171.403	2.402395
9312	-158.3595	-329.1578	170.7983	2.777245
9318	-151.32	-321.7388	170.4188	3.006644
9324	-147.3945	-318.2996	170.9052	2.711885
9330	-145.1194	-316.1908	171.0714	2.609511
9336	-149.4375	-320.2954	170.8579	2.740795
9342	-133.4498	-303.7461	170.2964	3.079902
9348	-134.3089	-305.3523	171.0434	2.626851
9354	-127.251	-298.3435	171.0925	2.596468
9360	-134.8862	-305.9195	171.0333	2.633056
9366	-142.4051	-313.3522	170.9471	2.68613
9372	-138.42	-309.61	171.19	2.535909
9378	-144.3405	-314.1783	169.8378	3.351459
9384	-154.1589	-324.928	170.7691	2.794993
9390	-150.7703	-320.8686	170.0983	3.197699
9396	-143.24	-314.5038	171.2638	2.489884
9402	-146.6433	-317.9069	171.2636	2.490003
9408	-133.7108	-304.0645	170.3537	3.045642
9414	-123.4395	-294.7672	171.3278	2.449736
9420	-131.9583	-302.2161	170.2578	3.102923
9426	-127.0999	-298.8738	171.7739	2.164901
9432	-127.2286	-297.8714	170.6428	2.871722
9438	-132.4067	-303.1702	170.7635	2.79842
9444	-130.7268	-302.715	171.9882	2.024091
9450	-130.6533	-301.3284	170.6751	2.85211
9456	-126.829	-297.8267	170.9977	2.654999
9462	-131.2312	-302.3397	171.1085	2.586571
9468	-141.5737	-312.5936	171.0199	2.641357
9474	-136.5768	-307.1805	170.6037	2.895347
9480	-147.8421	-319.1701	171.3279	2.449638
9486	-141.5583	-312.1508	170.5925	2.902115
9492	-145.9271	-315.4057	169.4785	3.561451
9498	-143.0295	-313.3924	170.3629	3.040152
9504	-145.8998	-317.04	171.1401	2.56692
9510	-142.7419	-313.457	170.715	2.827896
9516	-139.2658	-310.3481	171.0823	2.602774
9522	-135.9308	-307.0131	171.0823	2.602774
9528	-147.9888	-319.0711	171.0823	2.602774
9534	-145.9717	-315.9395	169.9678	3.274909
9540	-148.777	-318.8209	170.0439	3.2299
9546	-141.9775	-312.4094	170.4319	2.9988
9552	-140.0035	-310.7796	170.7761	2.790725
9558	-126.2027	-297.6382	171.4355	2.381811
9564	-128.1298	-299.6217	171.492	2.346018
9570	-123.7173	-295.6096	171.8923	2.087447
9576	-136.5969	-307.4064	170.8095	2.770358
9582	-123.3724	-294.1302	170.7578	2.801898
9588	-130.1077	-301.8725	171.7648	2.170765
9594	-136.8188	-308.3964	171.5776	2.291447
9600	-119.6002	-290.7114	171.1112	2.584888
9606	-118.6342	-290.5894	171.9552	2.045994
9612	-142.9523	-313.2673	170.3149	3.068817
9618	-136.392	-308.2668	171.8748	2.098992
9624	-141.7035	-313.8955	172.192	1.887184
9630	-139.7348	-310.7415	171.0066	2.64952
9636	-137.808	-309.228	171.42	2.391646
9642	-127.2788	-298.8062	171.5274	2.32348
9648	-132.1998	-302.9603	170.7605	2.800215
9654	-125.8955	-297.5036	171.6081	2.271928
9660	-128.9345	-300.0399	171.1055	2.588436
9666	-123.8846	-294.19	170.3054	3.074516
9672	-123.4572	-295.5973	172.1401	1.922402
9678	-126.017	-298.1571	172.1401	1.922402
9684	-124.4296	-295.2169	170.7873	2.783929
9690	-125.8987	-296.877	170.9783	2.666966
9696	-122.3034	-293.291	170.9876	2.661241
9702	-112.6259	-283.9483	171.3224	2.453141
9708	-106.2683	-278.161	171.8927	2.08719
9714	-113.0686	-283.6237	170.5551	2.924689
9720	-113.9832	-285.6005	171.6173	2.266006
9726	-108.9534	-280.2156	171.2623	2.490818
9732	-117.1104	-289.0169	171.9065	2.078143
9738	-126.9552	-298.1062	171.151	2.560159
9744	-119.9742	-291.1391	171.1648	2.551579
9750	-115.2663	-286.2287	170.9624	2.676738
9756	-121.5339	-292.903	171.3692	2.423706
9762	-119.7888	-291.0594	171.2705	2.485631
9768	-126.2114	-297.0832	170.8718	2.732289
9774	-120.619	-292.5733	171.9543	2.046546
9780	-121.8566	-293.32	171.4634	2.364162
9786	-130.8535	-302.661	171.8076	2.142958
9792	-134.4493	-304.1677	169.7184	3.421465
9798	-136.5668	-306.5387	169.9719	3.272479
9804	-130.9533	-301.8172	170.8638	2.737193
9810	-127.2568	-298.4439	171.1872	2.537692
9816	-125.0088	-295.8899	170.8811	2.726619
9822	-133.2133	-304.4717	171.2584	2.49323
9828	-138.9753	-308.8677	169.8923	3.319354
9834	-136.3873	-307.7573	171.3699	2.423214
9840	-135.2731	-306.8042	171.5311	2.321141
9846	-142.3294	-313.2594	170.9299	2.696677
9852	-139.5365	-309.6352	170.0987	3.197483
9858	-145.6402	-316.2758	170.6357	2.876013
9864	-135.6552	-306.4618	170.8066	2.772162
9870	-138.6292	-309.417	170.7878	2.783631
9876	-143.2983	-313.0216	169.7233	3.418628
9882	-137.3662	-307.4631	170.0968	3.19859
9888	-134.555	-304.4989	169.9439	3.288966
9894	-134.3035	-305.6492	171.3457	2.438454
9900	-129.9762	-300.7184	170.7422	2.8114
9906	-136.0259	-307.5525	171.5265	2.324019
9912	-133.0979	-304.6245	171.5265	2.324019
9918	-124.7203	-296.274	171.5538	2.306655
9924	-130.7508	-300.7374	169.9865	3.263823
9930	-128.6631	-299.1834	170.5203	2.945671
9936	-134.0619	-305.4059	171.3439	2.43959
9942	-139.0314	-309.9419	170.9105	2.708593
9948	-138.4289	-308.5548	170.1259	3.181321
9954	-139.2227	-308.8825	169.6598	3.455756
9960	-135.85	-306.4664	170.6164	2.887636
9966	-143.0733	-313.0875	170.0142	3.247478
9972	-148.3904	-318.2181	169.8277	3.357368
9978	-156.8392	-326.6669	169.8277	3.357368
9984	-148.6417	-318.4694	169.8277	3.357368
9990	-151.6359	-321.4636	169.8277	3.357368
9996	-145.6169	-316.5589	170.942	2.689268
10002	-143.9721	-314.7103	170.7382	2.813812
10008	-148.4102	-319.2023	170.7921	2.780969
10014	-145.7582	-316.1799	170.4217	3.00492
10020	-143.6799	-314.0856	170.4057	3.014493
10026	-143.0786	-314.7153	171.6367	2.253518
10032	-140.9624	-311.9265	170.964	2.67573
10038	-129.3352	-300.2993	170.964	2.67573
10044	-134.5464	-304.7415	170.1951	3.140258
10050	-133.8915	-305.9782	172.0867	1.958345
10056	-133.4528	-305.5395	172.0867	1.958345
10062	-140.9573	-311.9965	171.0393	2.629389
10068	-136.9691	-308.8044	171.8352	2.12488
10074	-134.3383	-304.9389	170.6007	2.89718
10080	-141.1525	-311.3774	170.2249	3.122519
10086	-150.2967	-321.5886	171.2918	2.472299
10092	-141.7006	-311.7911	170.0906	3.2023
10098	-137.0378	-308.3071	171.2693	2.48642
10104	-135.4645	-306.3271	170.8626	2.737948
10110	-148.6137	-320.5532	171.9395	2.056369
10116	-151.5584	-322.1196	170.5612	2.920995
10122	-155.3456	-325.5141	170.1685	3.156049
10128	-169.6073	-339.916	170.3087	3.072553
10134	-158.8103	-327.2734	168.4631	4.145056
10140	-154.4665	-324.0798	169.6133	3.48294
10146	-137.5522	-309.4967	171.9445	2.053045
10152	-143.3251	-315.6299	172.3048	1.809854
10158	-139.2278	-309.6263	170.3985	3.018845
10164	-137.164	-307.9932	170.8292	2.758376
10170	-125.6645	-296.4318	170.7673	2.796092
10176	-134.7379	-306.3417	171.6038	2.274645
10182	-138.715	-308.6353	169.9203	3.302914
10188	-128.2296	-299.814	171.5843	2.287116
10194	-133.9725	-305.9354	171.9628	2.040927
10200	-151.5846	-323.262	171.6774	2.227356
10206	-137.4079	-307.7133	170.3054	3.074493
10212	-147.8255	-319.1154	171.2899	2.473523
10218	-135.1804	-306.6118	171.4314	2.384423
10224	-143.2271	-313.6129	170.3858	3.026437
10230	-136.3496	-307.6323	171.2827	2.47803
10236	-120.9978	-292.4798	171.482	2.352326
10242	-113.3841	-284.6835	171.2994	2.467568
10248	-129.6167	-300.9161	171.2994	2.467568
10254	-122.3235	-292.9865	170.663	2.859442
10260	-121.8824	-293.7508	171.8683	2.103195
10266	-119.1309	-290.5726	171.4417	2.377878
10272	-140.2018	-311.1241	170.9223	2.701345
10278	-125.3094	-296.4806	171.1712	2.54762
10284	-123.8163	-294.904	171.0877	2.599436
10290	-128.6008	-299.6492	171.0485	2.623711
10296	-148.7534	-318.5884	169.835	3.353079
10302	-130.8349	-302.0948	171.2599	2.492307
10308	-133.1311	-304.545	171.4139	2.395477
10314	-128.1182	-299.1522	171.034	2.632663
10320	-130.9029	-301.2453	170.3424	3.052435
10326	-132.7862	-303.8525	171.0664	2.612636
10332	-130.9569	-302.8915	171.9346	2.059596
10338	-122.2426	-294.4417	172.1991	1.882364
10344	-125.456	-296.7903	171.3342	2.445687
10350	-135.4629	-306.3463	170.8834	2.725234
10356	-131.5655	-303.6954	172.1299	1.929259
10362	-122.9947	-294.9368	171.9421	2.054659
10368	-115.5018	-286.4967	170.9949	2.656745
10374	-117.5636	-289.3622	171.7986	2.148801
10380	-121.1823	-293.325	172.1427	1.920606
10386	-146.7403	-317.9635	171.2232	2.515224
10392	-138.715	-310.9018	172.1868	1.890719
10398	-146.534	-318.2872	171.7532	2.178299
10404	-152.5546	-323.642	171.0874	2.599626
10410	-151.8332	-323.3291	171.496	2.343485
10416	-162.4927	-332.0397	169.547	3.52159
10422	-148.2385	-319.2615	171.023	2.639434
10428	-141.0888	-311.9065	170.8177	2.765352
10434	-128.8829	-300.0508	171.1679	2.549646
10440	-133.5437	-305.0463	171.5026	2.339268
10446	-125.9621	-297.0726	171.1105	2.585289
10452	-126.3772	-297.6675	171.2903	2.473242
10458	-129.0838	-300.1849	171.1011	2.591142
10464	-137.6138	-308.386	170.7722	2.793092
10470	-136.5067	-307.279	170.7722	2.793092
10476	-123.975	-295.1597	171.1847	2.539239
10482	-126.4399	-296.9592	170.5193	2.94623
10488	-134.4904	-305.593	171.1026	2.590231
10494	-143.2153	-313.5344	170.319	3.066383
10500	-141.3012	-312.8076	171.5064	2.336813
10506	-137.7106	-308.4847	170.774	2.791999
10512	-145.4721	-316.3808	170.9087	2.709697
10518	-135.3758	-305.312	169.9362	3.29354
10524	-134.7691	-306.138	171.3689	2.423896
10530	-124.4181	-295.423	171.0049	2.650572
10536	-128.8426	-300.4636	171.621	2.26363
10542	-128.741	-300.6167	171.8757	2.098379
10548	-124.3439	-294.4198	170.0759	3.210953
10554	-133.5672	-305.1048	171.5376	2.316956
10560	-127.9253	-299.4629	171.5376	2.316956
10566	-121.0008	-292.4458	171.445	2.375815
10572	-127.8972	-298.923	171.0258	2.637715
10578	-128.1569	-300.1129	171.956	2.045455
10584	-147.7976	-317.8047	170.0072	3.251624
10590	-152.1474	-322.9461	170.7987	2.776965
10596	-157.1803	-327.9476	170.7673	2.796109
10602	-159.7476	-330.9697	171.2221	2.515904
10608	-150.5506	-321.0071	170.4565	2.984057
10614	-165.6588	-337.3419	171.6831	2.223669
10620	-156.8769	-328.1959	171.3189	2.455293
10626	-161.2693	-332.5108	171.2415	2.503801
10632	-158.379	-330.5126	172.1336	1.926758
10638	-144.5051	-315.4445	170.9395	2.69083
10644	-139.8377	-312.2709	172.4332	1.720285
10650	-134.6707	-307.2005	172.5298	1.651633
10656	-135.501	-306.2579	170.7569	2.802432
10662	-127.6591	-297.5123	169.8533	3.342347
10668	-130.9189	-301.8163	170.8974	2.716627
10674	-129.3117	-300.8718	171.5601	2.302584
10680	-149.7752	-320.7053	170.9301	2.696558
10686	-140.2482	-310.8867	170.6386	2.874252
10692	-131.852	-302.4079	170.556	2.924156
10698	-128.5915	-299.3779	170.7864	2.784441
10704	-142.316	-313.1025	170.7864	2.784441
10710	-144.0221	-315.6848	171.6627	2.236812
10716	-137.0561	-308.3708	171.3147	2.457961
10722	-139.5159	-310.3966	170.8807	2.726839
10728	-135.2969	-305.9748	170.6779	2.850439
10734	-119.2407	-289.931	170.6904	2.84287
10740	-121.5932	-293.3108	171.7176	2.20141
10746	-131.3944	-303.738	172.3436	1.782981
10752	-134.638	-304.6804	170.0424	3.230791
10758	-120.6651	-292.046	171.3809	2.416339
10764	-116.9852	-287.1686	170.1833	3.147232
10770	-129.5148	-301.3178	171.8031	2.145889
10776	-142.8907	-314.8796	171.9889	2.023664
10782	-138.5407	-309.9172	171.3765	2.419077
10788	-134.8003	-305.0276	170.2273	3.121072
10794	-129.0935	-300.0395	170.946	2.686817
10800	-132.0604	-302.4647	170.4043	3.015353
10806	-133.4608	-303.5944	170.1335	3.176811
10812	-126.5951	-298.3015	171.7065	2.20857
10818	-130.1339	-301.2758	171.1419	2.565816
10824	-118.7725	-290.3308	171.5583	2.303779
10830	-116.8894	-287.7604	170.871	2.732835
10836	-113.5261	-284.397	170.871	2.732835
10842	-115.1761	-286.9831	171.807	2.143344
10848	-117.3499	-288.1381	170.7882	2.783385
10854	-120.6613	-291.6875	171.0261	2.637499
10860	-126.7028	-297.0913	170.3885	3.02481
10866	-135.7717	-306.5377	170.766	2.796897
10872	-125.5866	-296.3526	170.766	2.796897
10878	-143.7038	-314.027	170.3233	3.063848
10884	-131.8665	-303.0951	171.2286	2.511822
10890	-151.0959	-322.3889	171.2931	2.47153
10896	-135.9446	-306.948	171.0035	2.651469
10902	-137.2426	-307.3584	170.1158	3.18734
10908	-132.903	-303.2875	170.3845	3.027184
10914	-128.7121	-300.1708	171.4586	2.367167
10920	-127.6062	-298.8203	171.2141	2.520902
10926	-136.407	-306.1827	169.7757	3.387895
10932	-123.2979	-294.3549	171.057	2.618443
10938	-139.8087	-310.8102	171.0015	2.652684
10944	-129.9213	-300.7823	170.8611	2.738888
10950	-134.9624	-305.8235	170.8611	2.738888
10956	-134.5709	-305.4661	170.8952	2.717992
10962	-125.5853	-296.7985	171.2131	2.521494
10968	-129.7811	-300.8268	171.0457	2.625405
10974	-134.1491	-304.1513	170.0022	3.254556
10980	-135.013	-306.1969	171.1839	2.539697
10986	-132.2837	-302.7889	170.5052	2.954741
10992	-125.9072	-296.4124	170.5052	2.954741
10998	-125.2221	-297.4419	172.2199	1.868191
11004	-125.0688	-295.898	170.8292	2.758336
11010	-132.3534	-303.5571	171.2036	2.527417
11016	-138.0911	-307.7194	169.6283	3.474155
11022	-123.1788	-294.7521	171.5733	2.294189
11028	-126.4018	-297.821	171.4192	2.392116
11034	-133.7477	-303.8824	170.1347	3.176093
11040	-141.0128	-312.6949	171.6821	2.224307
11046	-133.8918	-305.1337	171.2419	2.503559
11052	-137.8931	-308.7906	170.8975	2.716607
11058	-129.6062	-301.082	171.4758	2.356273
11064	-131.2385	-301.8822	170.6437	2.871176
11070	-139.0614	-310.5041	171.4427	2.377265
11076	-135.7347	-306.9011	171.1664	2.550608
11082	-157.8808	-328.1662	170.2854	3.08646
11088	-151.2437	-321.1982	169.9545	3.282706
11094	-141.2584	-312.7925	171.5341	2.319197
11100	-140.326	-310.575	170.249	3.108159
11106	-146.7217	-318.2182	171.4965	2.34312
11112	-136.8302	-307.3014	170.4712	2.975191
11118	-141.1277	-312.8917	171.764	2.171323
11124	-133.9306	-303.4974	169.5668	3.510067
11130	-129.1268	-299.9551	170.8283	2.75892
11136	-136.9398	-307.7681	170.8283	2.75892
11142	-142.3054	-313.0096	170.7042	2.834465
11148	-137.8841	-309.3267	171.4426	2.377354
11154	-129.3996	-300.9406	171.541	2.314789
11160	-129.9135	-301.3038	171.3903	2.410389
11166	-129.7238	-300.1161	170.3923	3.022523
11172	-122.5802	-294.4631	171.883	2.093608
11178	-130.6944	-301.826	171.1317	2.572194
11184	-127.2233	-298.3056	171.0823	2.602794
11190	-126.2068	-297.7397	171.5329	2.319962
11196	-137.922	-308.6182	170.6962	2.839312
11202	-135.4531	-306.1493	170.6962	2.839312
11208	-134.4994	-305.1956	170.6962	2.839312
11214	-155.0697	-325.0396	169.9699	3.273614
11220	-142.5515	-312.3302	169.7787	3.386117
11226	-138.6007	-309.721	171.1203	2.579225
11232	-142.9023	-313.6327	170.7304	2.818548
11238	-149.966	-320.763	170.797	2.777994
11244	-142.2282	-313.5542	171.326	2.450874
11250	-150.1898	-321.3593	171.1694	2.548733
11256	-163.0684	-334.3067	171.2384	2.505756
11262	-155.9296	-325.7064	169.7768	3.387272
11268	-152.2884	-323.3438	171.0554	2.619437
11274	-158.1093	-328.7323	170.623	2.883646
11280	-146.5129	-316.9182	170.4053	3.014758
11286	-138.1207	-309.0156	170.8949	2.718174
11292	-137.3837	-307.3596	169.9759	3.27008
11298	-140.1026	-310.7361	170.6335	2.877314
11304	-139.9828	-310.6163	170.6335	2.877314
11310	-154.0665	-323.5847	169.5182	3.538362
11316	-156.572	-326.9215	170.3494	3.0482
11322	-159.4982	-330.0642	170.566	2.918135
11328	-165.7762	-336.0208	170.2446	3.110802
11334	-152.1383	-322.515	170.3768	3.031851
11340	-142.6968	-313.999	171.3022	2.465809
11346	-130.3812	-302.1635	171.7823	2.159404
11352	-140.9808	-311.7678	170.787	2.784134
11358	-147.1384	-318.2237	171.0853	2.600927
11364	-143.4179	-314.6665	171.2486	2.499387
11370	-138.8519	-309.6072	170.7554	2.803366
11376	-135.36	-306.6254	171.2654	2.488855
11382	-126.1952	-297.4275	171.2323	2.50952
11388	-119.3773	-290.9061	171.5288	2.322585
11394	-138.1583	-309.6796	171.5213	2.327364
11400	-134.3685	-304.6903	170.3218	3.064737
11406	-132.1142	-302.895	170.7808	2.787886
11412	-139.0442	-310.3106	171.2664	2.488228
11418	-139.8527	-311.2323	171.3796	2.417106
11424	-151.5196	-321.8304	170.3108	3.071299
11430	-144.9138	-315.0953	170.1815	3.148354
11436	-150.1491	-320.2502	170.1011	3.196037
11442	-141.1471	-311.0031	169.856	3.340739
11448	-128.1767	-299.2391	171.0624	2.61509
11454	-133.3275	-304.7273	171.3998	2.404365
11460	-135.6461	-306.1296	170.4835	2.967814
11466	-130.5886	-301.0346	170.446	2.99031
11472	-140.8033	-310.195	169.3917	3.611902
11478	-147.7512	-317.5888	169.8376	3.351572
11484	-144.1038	-313.3258	169.222	3.710166
11490	-131.4757	-302.7756	171.3	2.467195
11496	-127.0754	-299.264	172.1887	1.889454
11502	-131.6302	-302.2189	170.5887	2.904412
11508	-127.5705	-297.9728	170.4023	3.016531
11514	-130.6137	-301.4338	170.8201	2.76394
11520	-126.0618	-297.2411	171.1793	2.54257
11526	-138.4133	-309.4607	171.0473	2.624395
11532	-141.7511	-312.534	170.783	2.786564
11538	-133.1452	-303.9282	170.783	2.786564
11544	-134.8928	-305.6758	170.783	2.786564
11550	-131.8273	-303.5952	171.7679	2.168768
11556	-138.7055	-310.319	171.6135	2.268457
11562	-134.39	-305.9354	171.5455	2.311953
11568	-127.0745	-298.4219	171.3474	2.437403
11574	-135.2041	-306.6371	171.433	2.383398
11580	-135.1247	-306.468	171.3432	2.440036
11586	-138.5094	-309.5377	171.0284	2.636119
11592	-149.3514	-320.3715	171.0201	2.641182
11598	-129.0751	-299.5274	170.4523	2.986565
11604	-126.0124	-297.3631	171.3507	2.435363
11610	-132.3069	-303.6575	171.3507	2.435363
11616	-121.6426	-293.5473	171.9047	2.079341
11622	-123.226	-294.1896	170.9636	2.675996
11628	-125.6289	-296.8237	171.1948	2.532902
11634	-145.1432	-315.6613	170.5182	2.946949
11640	-143.5674	-314.48	170.9127	2.707286
11646	-128.384	-300.2684	171.8844	2.09268
11652	-127.8947	-298.8913	170.9966	2.655684
11658	-128.3071	-299.5147	171.2076	2.524927
11664	-130.9052	-301.8323	170.927	2.698471
11670	-125.4486	-296.1221	170.6735	2.853071
11676	-120.9725	-292.1372	171.1647	2.551663
11682	-132.7704	-303.5905	170.8201	2.763945
11688	-125.8568	-297.3899	171.5331	2.319851
11694	-123.556	-295.2901	171.7341	2.190729
11700	-126.7041	-298.2848	171.5807	2.289417
11706	-122.3409	-294.2814	171.9405	2.055697
11712	-132.7623	-304.6511	171.8888	2.08977
11718	-128.8715	-299.8255	170.9541	2.68187
11724	-129.9775	-301.7334	171.7558	2.176598
11730	-136.5006	-307.8305	171.3299	2.448406
11736	-139.3219	-311.8168	172.4949	1.676553
11742	-128.6933	-299.7177	171.0244	2.638552
11748	-138.4724	-309.7046	171.2322	2.509607
11754	-137.077	-308.6287	171.5517	2.307971
11760	-132.5497	-303.11	170.5603	2.921552
11766	-134.9502	-305.4425	170.4923	2.962529
11772	-146.4761	-317.3647	170.8885	2.722068
11778	-136.2532	-307.5156	171.2625	2.490673
11784	-135.879	-307.0861	171.207	2.525311
11790	-129.8101	-301.0171	171.207	2.525311
11796	-135.4286	-306.7296	171.301	2.466533
11802	-127.071	-297.6192	170.5483	2.928806
11808	-132.672	-304.0876	171.4155	2.394467
11814	-140.6419	-311.1792	170.5373	2.935415
11820	-144.8181	-315.9597	171.1416	2.566026
11826	-143.9485	-315.5389	171.5904	2.283228
11832	-137.9908	-308.6112	170.6204	2.885242
11838	-146.3523	-317.9995	171.6472	2.246779
11844	-151.1308	-322.6981	171.5673	2.298027
11850	-144.6697	-316.2523	171.5826	2.288228
11856	-151.8589	-323.6211	171.7622	2.172454
11862	-148.2563	-320.115	171.8587	2.109519
11868	-138.638	-309.7888	171.1508	2.560283
11874	-136.3162	-307.467	171.1508	2.560283
11880	-133.5321	-305.0377	171.5056	2.337322
11886	-130.9548	-302.5807	171.626	2.260422
11892	-131.415	-302.5489	171.1338	2.570845
11898	-128.0007	-299.1444	171.1437	2.564687
11904	-131.1456	-302.1415	170.9959	2.656126
11910	-133.5766	-304.7934	171.2168	2.519185
11916	-145.4103	-316.3859	170.9755	2.668655
11922	-144.4149	-315.3905	170.9755	2.668655
11928	-126.4248	-298.6806	172.2559	1.84355
11934	-123.3173	-294.9009	171.5836	2.287598
11940	-129.4365	-301.0201	171.5836	2.287598
11946	-141.9764	-312.6951	170.7186	2.825712
11952	-141.8146	-312.5106	170.696	2.839441
11958	-152.9271	-324.3648	171.4377	2.380447
11964	-143.6401	-314.1281	170.4881	2.965046
11970	-120.8824	-292.1952	171.3128	2.45915
11976	-126.2986	-297.6114	171.3128	2.45915
11982	-124.21	-295.7023	171.4923	2.345789
11988	-130.135	-301.6273	171.4923	2.345789
11994	-140.6016	-312.2156	171.6139	2.26816
12000	-130.3938	-302.1482	171.7544	2.177532
12006	-123.0462	-295.2428	172.1966	1.884068
12012	-132.4419	-303.226	170.784	2.785918
12018	-139.5417	-309.8625	170.3208	3.065294
12024	-148.5275	-319.1676	170.6402	2.873288
12030	-133.6836	-304.3462	170.6626	2.859709
12036	-140.0277	-311.0778	171.0501	2.622695
12042	-132.7175	-304.0803	171.3628	2.427742
12048	-125.0617	-296.4244	171.3628	2.427742
12054	-139.8521	-310.477	170.6249	2.882517
12060	-129.7704	-300.9604	171.19	2.535944
12066	-130.0194	-301.2094	171.19	2.535944
12072	-133.4194	-303.4099	169.9904	3.261514
12078	-124.3212	-294.4588	170.1376	3.174391
12084	-126.8317	-298.0361	171.2043	2.526987
12090	-126.366	-298.3146	171.9487	2.050297
12096	-128.2332	-299.7298	171.4965	2.34312
12102	-119.4664	-290.9629	171.4965	2.34312
12108	-126.8824	-298.3255	171.4431	2.377012
12114	-123.4307	-294.4113	170.9807	2.665513
12120	-139.2703	-310.3281	171.0578	2.617927
12126	-144.4825	-315.5896	171.1071	2.587436
12132	-132.985	-304.066	171.081	2.603614
12138	-135.0239	-306.1048	171.081	2.603614
12144	-140.9386	-312.4369	171.4983	2.341976
12150	-133.5268	-304.6103	171.0835	2.602055
12156	-135.1525	-306.236	171.0835	2.602055
12162	-129.1326	-299.9572	170.8247	2.761133
12168	-137.0959	-308.2085	171.1126	2.583993
12174	-128.7036	-299.7096	171.006	2.64991
12180	-136.9744	-307.9512	170.9768	2.667909
12186	-142.6573	-313.634	170.9768	2.667909
12192	-150.6692	-320.7217	170.0525	3.224813
12198	-139.3621	-309.1243	169.7622	3.395837
12204	-139.9943	-309.7565	169.7622	3.395837
12210	-136.3977	-307.9303	171.5327	2.320121
12216	-128.5455	-298.6111	170.0656	3.217102
12222	-123.428	-294.8283	171.4003	2.404101
12228	-122.879	-293.8156	170.9365	2.69263
12234	-135.5817	-306.8674	171.2857	2.476165
12240	-136.5011	-307.3373	170.8361	2.754117
12246	-136.2101	-308.5757	172.3655	1.767716
12252	-135.4482	-306.3364	170.8882	2.722247
12258	-140.8647	-312.3008	171.4361	2.381445
12264	-144.9835	-315.3429	170.3594	3.042249
12270	-147.0422	-317.9034	170.8613	2.738757
12276	-145.3281	-315.1541	169.8259	3.358412
12282	-132.6766	-304.5201	171.8435	2.119476
12288	-126.9735	-297.7174	170.7438	2.810397
12294	-134.3986	-305.142	170.7433	2.810681
12300	-134.7517	-305.5183	170.7667	2.796496
12306	-122.2715	-293.7541	171.4826	2.351962
12312	-121.001	-291.9357	170.9347	2.693759
12318	-125.4567	-297.1679	171.7112	2.205539
12324	-133.636	-304.9864	171.3505	2.435473
12330	-125.2138	-296.5642	171.3505	2.435473
12336	-129.6871	-300.8246	171.1375	2.568569
12342	-137.3911	-308.8411	171.4499	2.372681
12348	-124.8814	-296.8516	171.9702	2.036033
12354	-127.6684	-299.5805	171.9121	2.074404
12360	-123.7297	-295.1166	171.3869	2.412529
12366	-126.9486	-298	171.0514	2.621883
12372	-121.2074	-292.6029	171.3954	2.40716
12378	-126.4291	-297.8245	171.3954	2.40716
12384	-125.5945	-297.6773	172.0828	1.960977
12390	-121.9963	-293.5661	171.5697	2.296451
12396	-122.4719	-293.903	171.4311	2.384604
12402	-126.1738	-297.0757	170.9019	2.713871
12408	-128.6586	-299.8419	171.1833	2.540095
12414	-131.5279	-302.6974	171.1695	2.548686
12420	-128.7633	-299.6144	170.8511	2.744983
12426	-134.8843	-306.7622	171.8778	2.096961
12432	-131.4919	-301.2828	169.7909	3.378977
12438	-141.6027	-310.9879	169.3852	3.615702
12444	-130.1564	-301.2313	171.0748	2.607395
12450	-115.4872	-287.5101	172.0229	2.001036
12456	-109.5689	-281.4513	171.8824	2.094005
12462	-112.6887	-283.8535	171.1648	2.551619
12468	-116.7889	-287.4681	170.6792	2.849625
12474	-117.8527	-289.3745	171.5218	2.327035
12480	-119.8762	-291.7534	171.8772	2.097384
12486	-129.0722	-300.6057	171.5335	2.319562
12492	-116.458	-288.3723	171.9144	2.072931
12498	-119.9666	-291.1792	171.2125	2.521874
12504	-136.9394	-307.6936	170.7542	2.80406
12510	-133.9475	-305.4968	171.5493	2.309519
12516	-133.0819	-305.0178	171.9359	2.058737
12522	-120.355	-292.3521	171.9971	2.018226
12528	-123.0794	-294.0104	170.931	2.696021
12534	-123.6237	-294.1391	170.5154	2.948605
12540	-119.9952	-291.8146	171.8194	2.135226
12546	-137.932	-309.3209	171.3889	2.411261
12552	-138.492	-310.0413	171.5493	2.309479
12558	-144.7167	-316.4629	171.7462	2.182855
12564	-137.8169	-309.002	171.1851	2.538988
12570	-137.2645	-307.9724	170.7079	2.832234
12576	-141.8211	-312.419	170.5979	2.898829
12582	-131.4729	-302.1897	170.7168	2.826827
12588	-121.1259	-291.8426	170.7168	2.826827
12594	-126.5012	-297.1593	170.6581	2.862426
12600	-128.1753	-299.0251	170.8498	2.74577
12606	-119.6559	-291.3853	171.7293	2.193787
12612	-123.9713	-294.838	170.8667	2.735447
12618	-128.4584	-299.1969	170.7385	2.813635
12624	-126.3129	-297.053	170.7401	2.812678
12630	-127.1618	-297.702	170.5402	2.933688
12636	-128.3032	-298.973	170.6697	2.855379
12642	-125.4702	-296.7605	171.2904	2.473216
12648	-133.5336	-304.824	171.2904	2.473216
12654	-135.9526	-307.2429	171.2904	2.473216
12660	-132.8692	-303.5731	170.7039	2.834673
12666	-131.8598	-303.5559	171.6961	2.215297
12672	-135.3066	-307.5571	172.2505	1.847245
12678	-134.1437	-304.8381	170.6943	2.840458
12684	-132.8381	-303.5324	170.6943	2.840458
12690	-127.6642	-299.0843	171.42	2.391625
12696	-126.8343	-297.1648	170.3305	3.059527
12702	-126.5817	-298.1405	171.5588	2.303443
12708	-128.9821	-300.6144	171.6323	2.256368
12714	-127.9192	-299.2619	171.3427	2.440387
12720	-128.82	-300.9041	172.0841	1.960066
12726	-130.33	-302.0748	171.7448	2.18376
12732	-138.7565	-308.914	170.1575	3.162567
12738	-133.5266	-304.9466	171.42	2.391635
12744	-124.6905	-295.9822	171.2917	2.472358
12750	-134.3815	-306.1388	171.7573	2.175669
12756	-144.809	-315.8797	171.0707	2.609951
12762	-142.542	-312.2921	169.7501	3.402885
12768	-140.7589	-311.8729	171.114	2.583144
12774	-147.6819	-318.2492	170.5673	2.917335
12780	-136.6586	-308.6522	171.9936	2.020508
12786	-155.9639	-327.7816	171.8177	2.136323
12792	-147.9851	-318.2793	170.2942	3.081203
12798	-146.7686	-316.4355	169.6669	3.451623
12804	-130.8409	-301.5615	170.7206	2.824507
12810	-130.731	-301.3387	170.6076	2.892974
12816	-142.4039	-312.5041	170.1002	3.196607
12822	-130.4414	-300.6126	170.1712	3.154422
12828	-125.355	-296.9335	171.5785	2.290827
12834	-127.3348	-298.2927	170.958	2.679471
12840	-147.2058	-316.8854	169.6796	3.444163
12846	-132.9667	-303.7972	170.8305	2.75755
12852	-134.4105	-305.1487	170.7382	2.813841
12858	-134.6197	-306.3992	171.7796	2.161193
12864	-134.4378	-305.0388	170.6009	2.897008
12870	-157.7878	-327.6335	169.8458	3.346752
12876	-151.6602	-321.1237	169.4635	3.570201
12882	-143.4569	-313.7271	170.2701	3.095561
12888	-131.7131	-302.4378	170.7247	2.822027
12894	-140.4434	-311.6636	171.2203	2.517058
12900	-138.1146	-309.1264	171.0118	2.646355
12906	-137.8663	-308.6307	170.7644	2.797856
12912	-134.4623	-305.2047	170.7424	2.81127
12918	-142.462	-313.4161	170.9541	2.681851
12924	-129.733	-300.7425	171.0095	2.647776
12930	-127.7328	-298.9044	171.1716	2.54737
12936	-125.4527	-297.3789	171.9262	2.065115
12942	-115.2727	-287.6287	172.356	1.774354
12948	-116.5623	-288.1374	171.5751	2.293012
12954	-126.0023	-297.1782	171.1759	2.544682
12960	-141.0688	-310.4075	169.3387	3.642652
12966	-143.0632	-314.5305	171.4673	2.36169
12972	-141.5205	-312.5968	171.0763	2.606479
12978	-146.0293	-317.2929	171.2636	2.490001
12984	-135.1011	-306.5149	171.4139	2.395507
12990	-131.9193	-303.5193	171.6	2.277078
12996	-135.445	-305.6506	170.2056	3.133974
13002	-127.409	-298.428	171.019	2.64186
13008	-149.5099	-320.1602	170.6503	2.86717
13014	-136.3631	-307.8188	171.4557	2.369041
13020	-134.6565	-305.8053	171.1488	2.561528
13026	-137.5889	-308.7946	171.2057	2.526157
13032	-134.1514	-305.3571	171.2057	2.526157
13038	-132.3204	-303.8405	171.5201	2.328121
13044	-136.8181	-307.9944	171.1763	2.544459
13050	-136.1289	-306.935	170.8061	2.772441
13056	-134.1742	-305.4316	171.2574	2.493847
13062	-138.3453	-308.985	170.6397	2.873567
13068	-140.0139	-310.6722	170.6583	2.862316
13074	-138.9184	-310.1635	171.245	2.501607
13080	-137.1959	-307.7963	170.6005	2.897292
13086	-127.4284	-298.748	171.3197	2.454837
13092	-130.6367	-302.1791	171.5425	2.313879
13098	-127.9625	-300.2537	172.2912	1.819233
13104	-128.8947	-300.5183	171.6236	2.26196
13110	-128.2402	-298.8535	170.6133	2.889551
13116	-133.0527	-304.7192	171.6665	2.234369
13122	-134.6384	-305.8904	171.252	2.497219
13128	-133.5353	-304.9791	171.4438	2.376554
13134	-140.6404	-312.0695	171.429	2.38592
13140	-135.5002	-306.1155	170.6152	2.888362
13146	-132.0423	-303.4434	171.4011	2.403557
13152	-133.243	-304.5403	171.2973	2.468853
13158	-134.1101	-304.8827	170.7726	2.792904
13164	-145.2582	-316.185	170.9268	2.698603
13170	-149.842	-321.5116	171.6695	2.232414
13176	-153.8895	-325.3998	171.5103	2.33437
13182	-147.4184	-318.9287	171.5103	2.33437
13188	-155.722	-326.4681	170.7461	2.809036
13194	-147.2507	-318.1068	170.8561	2.7419
13200	-131.2955	-302.4844	171.189	2.536572
13206	-139.9952	-311.2805	171.2853	2.476404
13212	-140.8555	-311.8684	171.0129	2.645666
13218	-140.7527	-312.4106	171.6579	2.23994
13224	-139.8695	-310.3099	170.4403	2.993726
13230	-143.3959	-313.9452	170.5493	2.928187
13236	-129.6614	-300.7969	171.1354	2.569838
13242	-146.1834	-317.6749	171.4915	2.346343
13248	-145.596	-315.8282	170.2322	3.118144
13254	-153.8628	-324.9125	171.0496	2.622974
13260	-148.8652	-319.8557	170.9905	2.659424
13266	-145.3179	-315.8283	170.5104	2.951626
13272	-130.0021	-301.0739	171.0718	2.609309
13278	-144.4356	-315.7953	171.3598	2.42963
13284	-133.8958	-304.5945	170.6987	2.837828
13290	-139.2226	-311.4739	172.2513	1.846703
13296	-139.3998	-309.8134	170.4136	3.009792
13302	-127.4662	-297.917	170.4508	2.987435
13308	-131.7777	-301.7164	169.9387	3.292044
13314	-114.4118	-285.5163	171.1044	2.589071
13320	-116.4047	-287.9573	171.5526	2.307399
13326	-114.6759	-286.6323	171.9564	2.045183
13332	-132.8695	-305.1209	172.2514	1.846613
13338	-132.3481	-303.6708	171.3227	2.452964
13344	-118.3205	-289.9318	171.6113	2.269875
13350	-116.4044	-287.7887	171.3843	2.414162
13356	-122.3093	-294.7714	172.4621	1.699845
13362	-126.5873	-298.1015	171.5142	2.331847
13368	-118.3571	-289.8714	171.5142	2.331847
13374	-121.4377	-293.5616	172.124	1.93327
13380	-120.9265	-292.4461	171.5196	2.328437
13386	-124.137	-295.4753	171.3384	2.443098
13392	-131.2914	-301.7669	170.4755	2.972619
13398	-126.3296	-297.6767	171.3471	2.437586
13404	-124.0377	-295.4904	171.4527	2.370919
13410	-115.0933	-286.3196	171.2262	2.51334
13416	-123.6973	-295.1747	171.4775	2.35521
13422	-123.856	-295.3294	171.4734	2.357787
13428	-128.7211	-300.2391	171.518	2.329483
13434	-129.595	-300.9349	171.34	2.442093
13440	-139.0433	-308.4139	169.3705	3.624193
13446	-143.278	-314.3251	171.047	2.624579
13452	-127.762	-298.5401	170.7781	2.789514
13458	-128.0448	-298.7356	170.6908	2.842573
13464	-132.8396	-303.5305	170.6908	2.842573
13470	-123.274	-293.8581	170.5841	2.90718
13476	-123.1182	-295.3428	172.2247	1.864918
13482	-120.5036	-291.6537	171.1501	2.560738
13488	-126.8807	-297.5439	170.6632	2.85932
13494	-129.496	-300.8988	171.4028	2.402503
13500	-131.1369	-300.025	168.8881	3.902371
13506	-131.838	-302.0627	170.2247	3.122627
13512	-134.0543	-305.1336	171.0793	2.604661
13518	-128.5113	-299.5906	171.0793	2.604661
13524	-123.4333	-294.5126	171.0793	2.604661
13530	-132.4391	-303.1485	170.7094	2.831307
13536	-132.8975	-304.5187	171.6212	2.263478
13542	-134.808	-306.1453	171.3373	2.443749
13548	-131.6958	-302.7651	171.0693	2.610848
13554	-136.2731	-307.4942	171.2211	2.51654
13560	-133.2761	-304.7324	171.4564	2.368607
13566	-140.4074	-311.0065	170.5991	2.898123
13572	-142.6718	-313.4917	170.8199	2.764015
13578	-137.0796	-308.0446	170.9651	2.675091
13584	-135.8527	-306.1692	170.3165	3.067869
13590	-143.3819	-315.188	171.8061	2.143876
13596	-137.895	-308.5473	170.6524	2.865888
13602	-141.9094	-312.8547	170.9452	2.687284
13608	-142.0676	-312.3349	170.2673	3.097245
13614	-137.2484	-308.0645	170.8162	2.766309
13620	-146.6184	-317.0886	170.4702	2.97581
13626	-152.2042	-323.8867	171.6825	2.22403
13632	-140.2203	-311.4329	171.2126	2.521854
13638	-140.4711	-311.3706	170.8995	2.71536
13644	-130.5914	-301.2706	170.6792	2.84965
13650	-133.7928	-305.16	171.3671	2.424983
13656	-124.52	-296.2216	171.7016	2.211721
13662	-125.3802	-297.7902	172.41	1.736581
13668	-125.1916	-297.0549	171.8634	2.106469
13674	-125.4826	-296.9896	171.507	2.336489
13680	-150.6619	-320.8671	170.2053	3.134202
13686	-138.6298	-309.3694	170.7396	2.812947
13692	-138.7299	-309.8267	171.0968	2.59383
13698	-123.2463	-294.3431	171.0968	2.59383
13704	-137.8139	-309.2043	171.3903	2.410377
13710	-122.3145	-293.7041	171.3896	2.410824
13716	-134.6375	-305.063	170.4255	3.002619
13722	-119.9014	-290.7887	170.8873	2.722815
13728	-137.5693	-308.4679	170.8985	2.715947
13734	-135.5724	-306.6458	171.0734	2.608271
13740	-142.1006	-313.1721	171.0715	2.609451
13746	-143.4719	-314.5833	171.1114	2.584739
13752	-142.9976	-313.5422	170.5446	2.931041
13758	-143.3128	-314.2479	170.9351	2.693541
13764	-130.9421	-302.8611	171.919	2.069891
13770	-130.2259	-300.8566	170.6307	2.879014
13776	-131.8641	-302.437	170.5729	2.913934
13782	-135.9639	-306.3521	170.3882	3.025003
13788	-139.2153	-310.2061	170.9907	2.659307
13794	-141.6833	-312.2364	170.5532	2.925855
13800	-132.6644	-303.5834	170.919	2.703377
13806	-143.5737	-314.5141	170.9404	2.690284
13812	-147.9847	-318.7169	170.7322	2.817462
13818	-134.7515	-306.5171	171.7656	2.170252
13824	-131.7473	-303.8249	172.0776	1.964426
13830	-134.2736	-305.2119	170.9382	2.691598
13836	-130.2871	-301.9463	171.6592	2.239089
13842	-117.9267	-289.5122	171.5855	2.286346
13848	-120.5138	-291.5806	171.0668	2.612357
13854	-117.607	-288.6738	171.0668	2.612357
13860	-119.2732	-290.2956	171.0224	2.639778
13866	-128.7822	-299.21	170.4278	3.001244
13872	-124.0049	-295.6927	171.6878	2.220618
13878	-122.2098	-293.6691	171.4593	2.366719
13884	-127.3479	-298.5252	171.1773	2.543842
13890	-133.618	-305.6538	172.0358	1.992398
13896	-125.7619	-296.5764	170.8145	2.767346
13902	-130.5754	-301.3899	170.8145	2.767346
13908	-121.0682	-292.5699	171.5017	2.339811
13914	-121.6414	-293.6572	172.0158	2.005737
13920	-126.9648	-298.7084	171.7436	2.184521
13926	-128.9785	-300.1134	171.1349	2.570159
13932	-138.9853	-310.976	171.9906	2.022485
13938	-130.9969	-302.5287	171.5318	2.320692
13944	-131.1723	-302.3667	171.1943	2.533218
13950	-133.3564	-303.9236	170.5673	2.917344
13956	-133.8905	-304.6339	170.7434	2.810671
13962	-113.9568	-284.9192	170.9624	2.676722
13968	-126.6836	-298.9297	172.2461	1.850232
13974	-121.6729	-292.3298	170.6569	2.86317
13980	-115.232	-286.676	171.444	2.376472
13986	-122.38	-293.3128	170.9328	2.694919
13992	-121.3158	-293.1171	171.8013	2.14705
13998	-113.4188	-284.9315	171.5127	2.332815
14004	-123.6593	-294.6846	171.0253	2.638
14010	-120.2787	-290.7338	170.455	2.984901
14016	-127.8704	-298.6316	170.7612	2.79984
14022	-132.7848	-304.6449	171.8602	2.108561
14028	-126.8334	-297.4093	170.5758	2.912169
14034	-131.3769	-301.9416	170.5646	2.918933
14040	-135.8457	-307.161	171.3153	2.457549
14046	-140.5618	-311.1657	170.6039	2.895195
14052	-134.2932	-305.8135	171.5203	2.328005
14058	-127.2293	-298.7262	171.4969	2.342879
14064	-125.6445	-297.1414	171.4969	2.342879
14070	-134.7527	-306.2496	171.4969	2.342879
14076	-118.6662	-289.0576	170.3913	3.023112
14082	-116.0996	-288.1568	172.0572	1.978113
14088	-122.1078	-293.008	170.9002	2.714949
14094	-127.8201	-298.5254	170.7053	2.833803
14100	-130.0324	-301.5717	171.5394	2.315847
14106	-135.4347	-305.562	170.1273	3.180532
14112	-142.4064	-313.3809	170.9745	2.669306
14118	-144.9609	-314.9746	170.0137	3.247772
14124	-143.2614	-314.3013	171.0399	2.629003
14130	-152.0659	-323.1057	171.0399	2.629003
14136	-152.5965	-322.0361	169.4396	3.584105
14142	-148.0113	-319.292	171.2807	2.479278
14148	-135.6234	-306.6004	170.977	2.667773
14154	-127.3322	-298.2225	170.8902	2.72104
14160	-137.1292	-307.5203	170.3912	3.023228
14166	-132.0701	-303.3803	171.3103	2.460743
14172	-124.7179	-295.7469	171.029	2.635718
14178	-126.4945	-297.0705	170.576	2.912092
14184	-129.6779	-300.3403	170.6624	2.85982
14190	-128.9921	-299.4243	170.4322	2.998627
14196	-129.244	-301.0324	171.7885	2.1554
14202	-125.8451	-297.0781	171.233	2.509091
14208	-132.8212	-304.1982	171.377	2.418743
14214	-143.0458	-313.2106	170.1647	3.158283
14220	-145.8515	-317.0511	171.1995	2.529981
14226	-158.6885	-329.3653	170.6767	2.851128
14232	-146.0331	-317.4247	171.3917	2.409525
14238	-130.6183	-301.4036	170.7853	2.785168
14244	-138.2653	-308.9689	170.7036	2.834834
14250	-136.885	-307.8468	170.9618	2.677086
14256	-131.0524	-301.2825	170.2301	3.119427
14262	-129.0526	-299.4408	170.3882	3.02499
14268	-139.5012	-309.7128	170.2115	3.130471
14274	-131.6224	-301.8921	170.2697	3.095846
14280	-147.8798	-318.3982	170.5185	2.946752
14286	-143.7815	-314.0995	170.3179	3.06702
14292	-140.4584	-311.7376	171.2791	2.480253
14298	-155.066	-324.8981	169.8321	3.35476
14304	-148.1148	-318.8128	170.6981	2.838177
14310	-162.9773	-333.5621	170.5848	2.906737
14316	-156.2552	-327.1221	170.8669	2.735296
14322	-138.2123	-309.7951	171.5828	2.28811
14328	-151.2525	-320.7933	169.5408	3.525199
14334	-154.9023	-323.9795	169.0772	3.793708
14340	-145.3888	-315.2025	169.8137	3.365589
14346	-131.3334	-301.1471	169.8137	3.365589
14352	-125.4874	-297.1955	171.7081	2.207526
14358	-128.7946	-300.2922	171.4976	2.342413
14364	-114.4773	-285.0502	170.5729	2.913944
14370	-115.3996	-286.2795	170.8799	2.727328
14376	-114.0432	-285.1768	171.1337	2.570953
14382	-124.9642	-294.8468	169.8826	3.325113
14388	-123.0622	-295.157	172.0947	1.952936
14394	-117.2211	-289.3559	172.1348	1.925923
14400	-125.9595	-297.0364	171.0769	2.606144
14406	-124.4565	-295.5921	171.1357	2.569699
14412	-128.3809	-299.672	171.291	2.472795
14418	-128.6293	-300.034	171.4047	2.4013
14424	-135.296	-305.8988	170.6027	2.895921
14430	-133.441	-304.4405	170.9994	2.653948
14436	-129.5456	-300.545	170.9994	2.653948
14442	-126.8757	-297.6706	170.7949	2.779301
14448	-129.1228	-299.9177	170.7949	2.779301
14454	-127.9273	-298.7222	170.7949	2.779301
14460	-125.6425	-296.3459	170.7034	2.834963
14466	-126.4804	-297.4153	170.9349	2.693617
14472	-128.0668	-299.321	171.2542	2.495841
14478	-131.077	-301.752	170.675	2.852183
14484	-124.4509	-295.0688	170.6179	2.886747
14490	-124.6306	-296.6588	172.0283	1.997443
14496	-115.2411	-286.6389	171.3978	2.405651
14502	-122.8802	-294.2298	171.3496	2.435998
14508	-128.4147	-299.7171	171.3024	2.465696
14514	-121.9457	-293.2481	171.3024	2.465696
14520	-111.984	-283.8024	171.8184	2.135895
14526	-117.2366	-289.055	171.8184	2.135895
14532	-120.4174	-291.6218	171.2044	2.52696
14538	-125.7795	-296.9839	171.2044	2.52696
14544	-125.5013	-297.5247	172.0234	2.000686
14550	-122.1675	-292.8749	170.7075	2.832483
14556	-121.9563	-293.0999	171.1436	2.564752
14562	-122.8822	-293.7267	170.8445	2.748996
14568	-118.048	-289.0767	171.0288	2.635871
14574	-128.9551	-299.6138	170.6587	2.862044
14580	-127.1499	-298.9326	171.7827	2.159162
14586	-129.5402	-300.2885	170.7483	2.807664
14592	-122.9452	-293.6935	170.7483	2.807664
14598	-122.4748	-293.3342	170.8593	2.739942
14604	-122.5135	-293.6793	171.1658	2.551001
14610	-125.83	-297.7284	171.8984	2.083479
14616	-122.7277	-294.4439	171.7163	2.202232
14622	-128.1026	-299.565	171.4624	2.364791
14628	-127.2638	-298.4236	171.1597	2.554745
14634	-124.441	-295.9017	171.4607	2.365891
14640	-125.2338	-295.4844	170.2506	3.107191
14646	-121.2377	-293.4006	172.1629	1.906948
14652	-129.4413	-300.1271	170.6859	2.845586
14658	-134.2022	-306.6798	172.4776	1.688883
14664	-133.3184	-305.5735	172.2551	1.844094
14670	-122.3939	-293.4351	171.0411	2.628238
14676	-112.6051	-284.3518	171.7467	2.182526
14682	-115.0444	-286.8655	171.8211	2.134113
14688	-121.7637	-292.6618	170.8981	2.716205
14694	-128.0433	-297.7919	169.7486	3.403792
14700	-126.1634	-297.3248	171.1615	2.553666
14706	-123.2955	-295.0769	171.7814	2.160003
14712	-121.4897	-292.0695	170.5798	2.90977
14718	-126.4063	-297.6727	171.2664	2.488223
14724	-136.0901	-307.3566	171.2664	2.488223
14730	-124.4959	-296.6586	172.1627	1.907052
14736	-127.728	-299.437	171.709	2.206977
14742	-128.466	-300.2779	171.8119	2.14012
14748	-111.6222	-283.4342	171.8119	2.14012
14754	-108.7743	-279.5852	170.8108	2.769571
14760	-115.3812	-286.6313	171.2501	2.498424
14766	-121.08	-292.3204	171.2404	2.504481
14772	-124.9908	-296.6937	171.7029	2.210869
14778	-130.9759	-302.8621	171.8862	2.091471
14784	-127.0546	-298.2649	171.2103	2.523273
14790	-128.6084	-300.7194	172.1109	1.942065
14796	-131.8785	-302.7595	170.8811	2.726644
14802	-136.2586	-307.6333	171.3747	2.420212
14808	-130.6797	-301.3779	170.6982	2.838108
14814	-129.6824	-301.2666	171.5841	2.287267
14820	-120.4317	-291.7812	171.3496	2.43605
14826	-125.6877	-296.4022	170.7146	2.82818
14832	-127.1384	-298.3771	171.2387	2.505517
14838	-134.424	-305.4314	171.0074	2.649037
14844	-132.9969	-305.0772	172.0802	1.962683
14850	-127.7374	-299.1581	171.4207	2.391183
14856	-127.904	-298.9012	170.9973	2.655279
14862	-136.021	-306.4048	170.3838	3.027653
14868	-128.7934	-299.5087	170.7153	2.827708
14874	-126.0374	-297.636	171.5986	2.277985
14880	-126.6846	-298.2832	171.5986	2.277985
14886	-131.5221	-303.0079	171.4859	2.349898
14892	-120.5381	-292.1304	171.5922	2.282059
14898	-135.3341	-306.9263	171.5922	2.282059
14904	-140.0954	-310.2696	170.1742	3.152647
14910	-148.7527	-318.8413	170.0887	3.203426
14916	-145.3976	-316.0627	170.6651	2.858185
14922	-139.846	-310.589	170.7429	2.810934
14928	-137.1888	-309.0369	171.8481	2.11648
14934	-137.4768	-308.2701	170.7933	2.78024
14940	-129.2368	-300.9631	171.7263	2.195723
14946	-121.2007	-292.3398	171.139	2.567614
14952	-132.4747	-303.1629	170.6883	2.844133
14958	-130.1058	-302.6507	172.5449	1.640745
14964	-121.7466	-292.7101	170.9635	2.67609
14970	-127.0068	-297.297	170.2901	3.083632
14976	-122.339	-292.7153	170.3764	3.03208
14982	-124.1424	-294.5188	170.3764	3.03208
14988	-124.3107	-294.9525	170.6419	2.872261
14994	-125.0381	-296.8121	171.774	2.164834
15000	-126.4462	-297.65	171.2038	2.527322
15006	-137.3377	-307.5907	170.2529	3.105828
15012	-155.2452	-325.6253	170.38	3.029882
15018	-146.5818	-317.5365	170.9547	2.681502
15024	-143.4998	-314.3675	170.8677	2.734822
15030	-129.9642	-300.5872	170.6231	2.883638
15036	-128.8356	-300.0268	171.1913	2.535135
15042	-143.8013	-315.4553	171.654	2.242443
15048	-129.2825	-299.887	170.6045	2.894869
15054	-137.7577	-307.9674	170.2097	3.131563
15060	-136.0261	-306.3005	170.2744	3.09301
15066	-127.3199	-296.9426	169.6228	3.477408
15072	-132.2169	-301.9614	169.7445	3.406196
15078	-141.6356	-311.38	169.7445	3.406196
15084	-125.2511	-296.9633	171.7121	2.204915
15090	-147.8689	-319.0698	171.2009	2.529152
15096	-149.0368	-319.8413	170.8045	2.773463
15102	-132.0737	-302.2212	170.1475	3.16853
15108	-141.4607	-312.0407	170.58	2.909648
15114	-139.9393	-311.0753	171.136	2.569527
15120	-128.6553	-299.9802	171.3249	2.45158
15126	-133.7661	-305.6233	171.8572	2.110505
15132	-132.4777	-303.3873	170.9096	2.709171
15138	-131.5063	-302.8348	171.3285	2.4493
15144	-139.3671	-310.2227	170.8556	2.742228
15150	-144.8581	-315.7137	170.8556	2.742228
15156	-144.5596	-315.6878	171.1282	2.574308
15162	-133.1389	-303.8685	170.7296	2.819054
15168	-133.2016	-304.8463	171.6447	2.248389
15174	-137.5072	-308.3389	170.8316	2.756866
15180	-126.6327	-298.37	171.7373	2.188614
15186	-133.3779	-305.0484	171.6705	2.23178
15192	-145.1808	-317.065	171.8842	2.092791
15198	-134.0098	-304.7548	170.745	2.809672
15204	-134.9544	-306.1721	171.2178	2.518602
15210	-138.871	-309.8793	171.0083	2.648466
15216	-137.5469	-308.8755	171.3286	2.449201
15222	-131.8129	-301.6648	169.8519	3.343165
15228	-130.8971	-302.7375	171.8404	2.121493
15234	-137.0585	-308.9334	171.8749	2.098905
15240	-135.0457	-306.263	171.2173	2.518872
15246	-138.0871	-309.3045	171.2173	2.518872
15252	-138.2437	-309.7783	171.5346	2.318874
15258	-142.3984	-312.9034	170.505	2.954873
15264	-132.7066	-303.871	171.1644	2.551865
15270	-118.5786	-288.8176	170.239	3.114114
15276	-132.0689	-303.1587	171.0898	2.598121
15282	-129.2846	-300.9267	171.6421	2.250052
15288	-127.1996	-297.7108	170.5112	2.951152
15294	-140.9297	-310.3041	169.3744	3.621943
15300	-131.6966	-302.3373	170.6406	2.873001
15306	-128.1019	-299.4174	171.3154	2.457491
15312	-125.1844	-296.0961	170.9117	2.707878
15318	-140.1797	-311.1978	171.0181	2.642413
15324	-148.7381	-319.7842	171.046	2.625196
15330	-132.2654	-303.8364	171.571	2.295652
15336	-129.7122	-300.3438	170.6316	2.878464
15342	-130.6743	-300.9697	170.2954	3.080467
15348	-134.5339	-304.8294	170.2954	3.080467
15354	-128.5819	-299.2819	170.7	2.836999
15360	-135.771	-307.0771	171.3062	2.463298
15366	-136.8172	-308.2634	171.4463	2.374995
15372	-129.1194	-300.5862	171.4668	2.36201
15378	-128.8917	-299.8378	170.9461	2.686744
15384	-136.1212	-307.0673	170.9461	2.686744
15390	-130.3237	-301.1519	170.8282	2.758974
15396	-150.2304	-320.5738	170.3434	3.051832
15402	-135.3672	-307.0502	171.683	2.223736
15408	-130.0837	-300.8552	170.7715	2.793541
15414	-136.8923	-307.8055	170.9133	2.706913
15420	-134.1902	-305.5177	171.3275	2.449921
15426	-138.4021	-308.6438	170.2416	3.112537
15432	-134.8516	-305.973	171.1214	2.578531
15438	-151.3546	-321.499	170.1444	3.170384
15444	-153.9342	-323.7846	169.8503	3.34406
15450	-164.4295	-334.8867	170.4571	2.983639
15456	-141.164	-311.0534	169.8894	3.321085
15462	-135.4646	-306.7777	171.3132	2.458921
15468	-135.665	-307.0899	171.4248	2.388584
15474	-125.0893	-296.6702	171.5808	2.289364
15480	-122.2817	-293.8625	171.5808	2.289364
15486	-137.0907	-309.0031	171.9124	2.074228
15492	-145.2447	-315.676	170.4313	2.999167
15498	-123.8319	-295.3905	171.5585	2.303619
15504	-130.9857	-303.0429	172.0571	1.978151
15510	-123.578	-294.5125	170.9346	2.693831
15516	-118.5018	-289.6339	171.1321	2.571901
15522	-121.1267	-292.0345	170.9078	2.710281
15528	-129.4854	-300.9403	171.4549	2.36952
15534	-125.5574	-296.907	171.3496	2.436045
15540	-123.2332	-294.7477	171.5145	2.331702
15546	-125.4264	-296.4035	170.9771	2.667716
15552	-127.297	-299.2453	171.9483	2.050512
15558	-139.4502	-310.8161	171.3659	2.425785
15564	-135.6773	-305.8834	170.206	3.133734
15570	-136.9361	-307.9938	171.0577	2.617987
15576	-123.0325	-294.0902	171.0577	2.617987
15582	-124.5689	-295.2844	170.7155	2.827581
15588	-122.7783	-293.7093	170.931	2.696036
15594	-127.3048	-298.3914	171.0866	2.600122
15600	-133.0268	-303.9249	170.8981	2.716198
15606	-135.8929	-306.2027	170.3098	3.071903
15612	-136.1821	-306.8008	170.6187	2.886277
15618	-136.0333	-306.1192	170.0859	3.205083
15624	-142.5873	-313.595	171.0077	2.648843
15630	-137.147	-308.1547	171.0077	2.648843
15636	-135.9804	-306.4809	170.5005	2.957566
15642	-134.6437	-306.8414	172.1977	1.8833
15648	-136.2664	-306.9401	170.6737	2.852979
15654	-141.662	-312.0407	170.3787	3.030679
15660	-144.3904	-315.6576	171.2672	2.487707
15666	-143.4641	-314.3054	170.8413	2.750967
15672	-142.8861	-314.8143	171.9282	2.06382
15678	-136.9849	-308.6873	171.7024	2.211212
15684	-135.6479	-306.8456	171.1977	2.531093
15690	-130.7085	-301.9062	171.1977	2.531093
15696	-127.19	-298.2414	171.0514	2.621904
15702	-137.8702	-308.0936	170.2234	3.123412
15708	-151.9682	-322.7487	170.7805	2.788089
15714	-142.9343	-313.7148	170.7805	2.788089
15720	-144.1208	-315.4328	171.3121	2.459594
15726	-158.1251	-328.9689	170.8438	2.749426
15732	-163.605	-333.7117	170.1067	3.192714
15738	-175.1123	-343.6242	168.5118	4.117327
15744	-153.4655	-323.9674	170.5019	2.95671
15750	-149.8608	-320.7491	170.8883	2.722216
15756	-142.6007	-313.273	170.6723	2.853819
15762	-161.1587	-332.6928	171.5341	2.319185
15768	-139.9434	-311.1178	171.1745	2.545598
15774	-142.7704	-313.2846	170.5142	2.949355
15780	-140.2391	-310.9806	170.7416	2.811761
15786	-139.422	-310.4284	171.0065	2.649616
15792	-151.789	-321.974	170.185	3.146235
15798	-146.0516	-316.8482	170.7965	2.778284
15804	-142.3569	-313.8015	171.4446	2.37604
15810	-139.9911	-310.0637	170.0726	3.212927
15816	-131.4118	-302.3378	170.926	2.699096
15822	-132.8888	-302.8377	169.949	3.286002
15828	-146.164	-317.087	170.923	2.700913
15834	-124.1461	-295.0691	170.923	2.700913
15840	-125.7908	-297.3718	171.581	2.289239
15846	-127.1118	-298.5014	171.3896	2.410819
15852	-130.1626	-302.1285	171.9659	2.038896
15858	-112.5138	-284.1999	171.686	2.221788
15864	-117.9431	-289.4511	171.508	2.335798
15870	-117.8224	-289.8077	171.9854	2.025975
15876	-121.8639	-293.2368	171.3729	2.421334
15882	-124.3486	-294.9825	170.6339	2.877085
15888	-131.5047	-302.4029	170.8981	2.716189
15894	-145.4212	-315.5756	170.1543	3.164458
15900	-135.0821	-305.8937	170.8116	2.769114
15906	-134.6541	-304.952	170.2979	3.079003
15912	-133.9821	-304.7479	170.7658	2.797043
15918	-140.5912	-313.1029	172.5117	1.664561
15924	-135.274	-307.3403	172.0663	1.972023
15930	-128.5438	-299.817	171.2732	2.483958
15936	-125.9596	-297.0412	171.0816	2.603224
15942	-141.8639	-311.6722	169.8083	3.368744
15948	-121.2398	-292.6014	171.3616	2.428483
15954	-120.4159	-292.1022	171.6863	2.221611
15960	-128.6055	-300.1862	171.5807	2.289464
15966	-124.3399	-295.0123	170.6724	2.853761
15972	-109.9808	-281.3625	171.3816	2.415843
15978	-121.0956	-292.4772	171.3816	2.415843
15984	-120.647	-292.1091	171.4621	2.364961
15990	-124.7314	-295.0832	170.3518	3.046795
15996	-126.468	-297.6698	171.2018	2.528581
16002	-135.7748	-307.7132	171.9385	2.057038
16008	-123.6843	-295.4256	171.7413	2.186049
16014	-115.6123	-287.3535	171.7413	2.186049
16020	-125.7904	-296.5552	170.7648	2.797625
16026	-136.3124	-306.283	169.9706	3.273202
16032	-127.0545	-298.835	171.7805	2.160591
16038	-127.2174	-298.8656	171.6482	2.246163
16044	-129.0933	-300.5952	171.5019	2.33971
16050	-130.3382	-301.1238	170.7856	2.784953
16056	-137.3376	-307.7817	170.4441	2.991459
16062	-122.7999	-293.7324	170.9325	2.695116
16068	-130.4338	-300.3532	169.9194	3.303446
16074	-127.6203	-298.5509	170.9306	2.69628
16080	-138.1968	-309.6928	171.496	2.343468
16086	-137.0625	-307.5718	170.5094	2.952248
16092	-134.6407	-305.4931	170.8525	2.744141
16098	-131.9286	-303.403	171.4744	2.357142
16104	-136.8795	-308.7713	171.8918	2.08781
16110	-136.1371	-307.5801	171.443	2.377064
16116	-144.1465	-314.5886	170.4421	2.992646
16122	-137.7733	-309.3724	171.5991	2.277653
16128	-145.5143	-316.7095	171.1952	2.532698
16134	-143.1768	-313.5202	170.3434	3.051818
16140	-144.5866	-316.2526	171.6659	2.234729
16146	-132.2076	-302.5792	170.3716	3.034965
16152	-141.8535	-314.0617	172.2082	1.876173
16158	-138.5501	-309.7128	171.1627	2.552931
16164	-140.7687	-311.4136	170.6449	2.870408
16170	-125.0322	-296.5024	171.4702	2.359856
16176	-126.9793	-297.829	170.8497	2.745804
16182	-137.1051	-308.6694	171.5643	2.299936
16188	-125.7031	-296.52	170.8169	2.765887
16194	-123.9126	-295.1138	171.2011	2.528983
16200	-121.4212	-291.8827	170.4616	2.980979
16206	-124.6492	-296.1059	171.4567	2.368388
16212	-127.6319	-298.9429	171.311	2.460281
16218	-133.7658	-305.031	171.2652	2.48896
16224	-128.861	-300.5124	171.6514	2.244069
16230	-130.9645	-302.2787	171.3142	2.458262
16236	-137.6389	-308.2232	170.5843	2.907068
16242	-119.0708	-289.9894	170.9186	2.703623
16248	-121.9867	-292.8631	170.8765	2.729456
16254	-127.4465	-298.9642	171.5178	2.329603
16260	-126.6757	-298.261	171.5853	2.286505
16266	-139.2741	-309.7617	170.4876	2.965308
16272	-136.0088	-306.2497	170.2409	3.112979
16278	-124.6856	-295.1238	170.4382	2.995034
16284	-128.2181	-298.7916	170.5736	2.913547
16290	-142.2235	-312.8348	170.6113	2.890763
16296	-148.5928	-319.7949	171.2021	2.528361
16302	-142.9475	-314.5321	171.5846	2.286946
16308	-118.0628	-289.6474	171.5846	2.286946
16314	-130.6165	-302.0688	171.4523	2.371163
16320	-133.4609	-304.5146	171.0537	2.620451
16326	-142.3513	-313.5416	171.1903	2.535757
16332	-131.2261	-301.6785	170.4523	2.986521
16338	-130.0496	-300.7833	170.7337	2.81652
16344	-136.0784	-306.8121	170.7337	2.81652
16350	-130.5789	-301.3126	170.7337	2.81652
16356	-140.0874	-310.9377	170.8504	2.745411
16362	-126.1746	-297.1312	170.9566	2.680298
16368	-130.2209	-301.0563	170.8354	2.754583
16374	-133.7108	-304.5462	170.8354	2.754583
16380	-122.5668	-293.1883	170.6215	2.884582
16386	-130.417	-300.6459	170.2289	3.120156
16392	-129.9662	-300.4012	170.4349	2.996989
16398	-142.0379	-312.3346	170.2967	3.079683
16404	-136.2652	-305.9873	169.7221	3.41934
16410	-131.2989	-303.0583	171.7594	2.174299
16416	-140.2839	-311.086	170.8021	2.774882
16422	-132.8296	-304.4515	171.6219	2.263043
16428	-140.8222	-311.7642	170.942	2.689283
16434	-143.0538	-312.4234	169.3696	3.624741
16440	-133.7777	-305.1933	171.4156	2.39443
16446	-155.6588	-327.0744	171.4156	2.39443
16452	-144.5833	-315.231	170.6477	2.868739
16458	-143.4902	-314.2245	170.7343	2.816189
16464	-150.4436	-321.1499	170.7062	2.83323
16470	-144.9327	-316.3791	171.4464	2.374899
16476	-136.7928	-308.2771	171.4844	2.350848
16482	-121.9966	-293.6044	171.6077	2.272127
16488	-131.1798	-303.271	172.0912	1.955292
16494	-122.2602	-294.1839	171.9237	2.066821
16500	-120.852	-292.8677	172.0157	2.005842
16506	-137.5921	-309.1915	171.5994	2.277459
16512	-129.2502	-301.2611	172.0109	2.00901
16518	-125.4139	-296.6569	171.243	2.502854
16524	-123.3556	-294.8644	171.5088	2.335338
16530	-126.0431	-297.331	171.2878	2.474809
16536	-125.8281	-296.6604	170.8324	2.756411
16542	-127.0743	-298.0676	170.9933	2.657748
16548	-132.2286	-303.6408	171.4122	2.396588
16554	-131.2918	-302.0499	170.758	2.801754
16560	-127.0755	-298.3213	171.2458	2.501113
16566	-129.3224	-300.5682	171.2458	2.501113
16572	-124.1204	-295.5938	171.4734	2.357787
16578	-130.3536	-302.3036	171.95	2.04944
16584	-139.6052	-309.3448	169.7396	3.409045
16590	-144.0072	-314.5409	170.5337	2.937556
16596	-140.4744	-311.4062	170.9319	2.695505
16602	-127.1796	-298.3183	171.1387	2.567817
16608	-130.6832	-300.9929	170.3097	3.071958
16614	-119.4331	-290.64	171.2069	2.525399
16620	-123.6299	-294.5932	170.9633	2.676161
16626	-125.0049	-296.171	171.1661	2.550785
16632	-124.878	-296.0573	171.1793	2.542587
16638	-128.0818	-300.1609	172.0791	1.963456
16644	-125.4483	-296.2372	170.7889	2.782949
16650	-130.9873	-302.3424	171.3551	2.432569
16656	-132.9246	-303.911	170.9864	2.661981
16662	-126.8377	-297.7781	170.9404	2.690282
16668	-117.7263	-288.4943	170.7681	2.795643
16674	-129.1738	-300.4377	171.2638	2.48983
16680	-130.7942	-302.3625	171.5684	2.29734
16686	-128.3801	-298.6938	170.3137	3.069566
16692	-134.0441	-306.299	172.2549	1.844236
16698	-131.6547	-303.2415	171.5868	2.285528
16704	-142.7239	-313.8876	171.1637	2.55228
16710	-135.2709	-306.9147	171.6438	2.248982
16716	-126.9511	-299.0438	172.0927	1.954302
16722	-131.0842	-302.3242	171.24	2.504742
16728	-127.6627	-299.487	171.8243	2.132059
16734	-128.4445	-300.1389	171.6944	2.216364
16740	-129.2321	-301.4825	172.2504	1.84729
16746	-128.2603	-298.3697	170.1094	3.191137
16752	-126.3637	-297.0069	170.6432	2.871439
16758	-131.0846	-301.3526	170.268	3.096856
16764	-128.6245	-300.1168	171.4923	2.345807
16770	-121.8055	-293.1424	171.3369	2.444004
16776	-132.1856	-303.5225	171.3369	2.444004
16782	-123.138	-295.0644	171.9264	2.064982
16788	-121.8716	-293.6042	171.7326	2.191689
16794	-122.8451	-294.4634	171.6183	2.265374
16800	-136.0664	-307.296	171.2296	2.511223
16806	-139.726	-310.573	170.847	2.747507
16812	-139.3771	-311.1623	171.7852	2.1575
16818	-146.9652	-318.6203	171.6551	2.241699
16824	-154.2287	-325.5308	171.3021	2.465878
16830	-149.6933	-321.5618	171.8685	2.1031
16836	-145.8737	-316.248	170.3743	3.033347
16842	-141.1424	-311.6766	170.5342	2.937269
16848	-138.471	-309.5149	171.0439	2.626529
16854	-150.4239	-319.2739	168.85	3.924238
16860	-148.5976	-318.6769	170.0793	3.208967
16866	-142.2191	-313.0723	170.8532	2.74368
16872	-131.4855	-302.3387	170.8532	2.74368
16878	-133.4044	-304.14	170.7356	2.815399
16884	-144.6109	-315.4185	170.8076	2.771565
16890	-142.4076	-313.2152	170.8076	2.771565
16896	-147.117	-315.7014	168.5844	4.076015
16902	-135.0454	-305.5844	170.5389	2.934423
16908	-132.0947	-303.8686	171.774	2.164811
16914	-135.5893	-306.7265	171.1372	2.568763
16920	-133.0285	-304.1656	171.1372	2.568763
16926	-133.5444	-304.0571	170.5127	2.950232
16932	-130.6304	-301.5857	170.9553	2.681118
16938	-142.8226	-313.3317	170.5091	2.952373
16944	-133.4886	-304.7659	171.2773	2.481378
16950	-140.8823	-310.7337	169.8514	3.34346
16956	-128.9382	-300.5204	171.5822	2.288464
16962	-127.1983	-298.7064	171.5081	2.335775
16968	-127.5971	-299.6515	172.0544	1.97998
16974	-131.0266	-303.1279	172.1014	1.948476
16980	-117.3128	-288.3035	170.9906	2.659363
16986	-121.1615	-292.0272	170.8657	2.736035
16992	-117.6707	-289.5142	171.8435	2.119507
16998	-124.8383	-295.621	170.7827	2.786723
17004	-135.0153	-305.1265	170.1112	3.190067
17010	-130.544	-302.6185	172.0744	1.966566
17016	-124.2392	-295.7004	171.4611	2.365592
17022	-121.4194	-291.5064	170.087	3.204432
17028	-120.6614	-289.9688	169.3073	3.660814
17034	-131.2221	-301.4683	170.2462	3.109835
17040	-130.8636	-302.3096	171.4459	2.375233
17046	-114.7484	-286.3351	171.5867	2.285592
17052	-122.5424	-293.7216	171.1792	2.542661
17058	-125.5266	-296.7749	171.2483	2.499539
17064	-129.6133	-301.1456	171.5323	2.320343
17070	-129.6148	-301.3323	171.7174	2.201504
17076	-130.5242	-301.013	170.4888	2.964625
17082	-135.0343	-307.303	172.2687	1.83476
17088	-130.843	-302.0896	171.2466	2.500615
17094	-137.3803	-307.4812	170.1009	3.196192
17100	-129.4427	-300.535	171.0922	2.596632
17106	-142.2271	-313.6596	171.4325	2.383728
17112	-144.1627	-315.0946	170.9319	2.695472
17118	-152.2478	-323.1797	170.9319	2.695472
17124	-149.0056	-319.0019	169.9963	3.258054
17130	-151.0611	-322.1112	171.0501	2.622718
17136	-158.8087	-329.4647	170.6559	2.863729
17142	-143.2423	-313.9106	170.6683	2.856233
17148	-144.9662	-316.5502	171.584	2.287329
17154	-139.5699	-311.1547	171.5848	2.286855
17160	-139.4192	-310.6232	171.204	2.527201
17166	-132.164	-303.3775	171.2135	2.52127
17172	-141.9939	-313.2902	171.2963	2.469468
17178	-145.2705	-315.4386	170.1681	3.156292
17184	-124.2031	-295.0321	170.8291	2.758446
17190	-127.5385	-298.3676	170.8291	2.758446
17196	-118.9458	-290.935	171.9892	2.023469
17202	-114.4966	-284.9468	170.4502	2.987815
17208	-112.6392	-284.6489	172.0097	2.009808
17214	-127.1222	-298.4796	171.3575	2.431069
17220	-135.6089	-307.4801	171.8712	2.101329
17226	-132.4004	-303.7645	171.3642	2.426843
17232	-124.776	-296.0455	171.2695	2.486282
17238	-121.0546	-291.7969	170.7422	2.81135
17244	-113.8526	-285.8673	172.0147	2.006499
17250	-122.7878	-294.1046	171.3167	2.456671
17256	-133.3035	-304.0538	170.7503	2.806433
17262	-132.5997	-303.3062	170.7066	2.833042
17268	-144.1838	-314.5244	170.3406	3.053465
17274	-150.0949	-322.6211	172.5262	1.654188
17280	-134.5191	-305.2734	170.7544	2.803986
17286	-130.8318	-301.3804	170.5486	2.928609
17292	-138.8318	-309.6045	170.7727	2.792804
17298	-136.508	-307.2807	170.7727	2.792804
17304	-122.2628	-293.1071	170.8443	2.749119
17310	-119.3206	-290.3315	171.0109	2.646893
17316	-122.0675	-293.8832	171.8157	2.137622
17322	-119.7743	-291.6905	171.9162	2.07173
17328	-124.2085	-295.4154	171.2069	2.525389
17334	-123.9686	-293.8002	169.8316	3.355096
17340	-124.2526	-294.5917	170.3391	3.054396
17346	-114.6921	-286.3899	171.6978	2.214153
17352	-120.6339	-292.3317	171.6978	2.214153
17358	-121.397	-292.5366	171.1395	2.567315
17364	-120.5712	-291.4366	170.8654	2.736256
17370	-117.3255	-288.4182	171.0927	2.596329
17376	-115.7178	-286.7876	171.0698	2.610495
17382	-129.3447	-300.6399	171.2952	2.470194
17388	-124.0341	-295.4059	171.3718	2.422065
17394	-126.1223	-297.5878	171.4655	2.362837
17400	-135.5444	-305.5021	169.9577	3.28082
17406	-139.6723	-311.162	171.4897	2.347451
17412	-132.142	-303.6318	171.4897	2.347451
17418	-137.6755	-308.5627	170.8872	2.722897
17424	-138.7922	-310.004	171.2119	2.522296
17430	-141.6795	-312.6152	170.9356	2.693193
17436	-123.3829	-294.7766	171.3937	2.40826
17442	-114.9717	-285.4688	170.4971	2.959615
17448	-117.3959	-288.8474	171.4514	2.371742
17454	-130.551	-301.5289	170.9779	2.667222
17460	-130.6591	-301.2456	170.5864	2.905766
17466	-127.1613	-298.1913	171.03	2.635118
17472	-109.9566	-281.7962	171.8396	2.122007
17478	-112.0374	-283.2365	171.1991	2.530272
17484	-112.4794	-284.4881	172.0087	2.010462
17490	-121.8906	-292.8144	170.9238	2.700446
17496	-128.3501	-298.4036	170.0536	3.224198
17502	-119.3481	-290.6069	171.2588	2.49298
17508	-125.3212	-296.4222	171.101	2.591222
17514	-122.9709	-293.9507	170.9798	2.666045
17520	-157.4537	-325.4481	167.9944	4.410452
17526	-151.8676	-319.8619	167.9944	4.410452
17532	-150.0387	-318.0331	167.9944	4.410452
17538	-154.7105	-324.7912	170.0807	3.208127
17544	-159.1178	-329.6932	170.5754	2.912448
17550	-147.7961	-317.9154	170.1193	3.185265
17556	-159.9613	-330.0806	170.1193	3.185265
17562	-162.5143	-332.0661	169.5518	3.518811
17568	-169.4215	-340.8548	171.4333	2.383218
17574	-168.1286	-338.7295	170.601	2.896993
17580	-162.9188	-332.1384	169.2196	3.711595
17586	-157.2235	-327.5518	170.3283	3.060864
17592	-158.9778	-329.5152	170.5373	2.935389
17598	-151.3998	-322.0406	170.6408	2.872908
17604	-145.0646	-316.2245	171.1599	2.554667
17610	-138.768	-309.8548	171.0868	2.600023
17616	-143.2632	-314.1361	170.8729	2.731635
17622	-139.0822	-309.845	170.7628	2.798874
17628	-132.0928	-302.738	170.6452	2.870241
17634	-128.8952	-299.2965	170.4014	3.017107
17640	-133.252	-303.2083	169.9563	3.281675
17646	-118.4069	-290.0061	171.5992	2.277612
17652	-136.9688	-307.1402	170.1714	3.154313
17658	-129.0823	-300.7351	171.6528	2.243188
17664	-129.0549	-300.235	171.1801	2.542101
17670	-133.0546	-304.2347	171.1801	2.542101
17676	-127.9991	-298.8835	170.8844	2.724603
17682	-133.2574	-304.1418	170.8844	2.724603
17688	-149.6722	-319.2516	169.5794	3.502691
17694	-131.1991	-302.8326	171.6335	2.255621
17700	-117.6901	-288.8734	171.1833	2.540069
17706	-114.0105	-285.3209	171.3105	2.460607
17712	-109.195	-280.3888	171.1938	2.533555
17718	-126.3479	-297.6873	171.3394	2.442439
17724	-131.3407	-301.9545	170.6138	2.889208
17730	-123.6675	-295.4875	171.82	2.134857
17736	-126.7006	-297.8485	171.1479	2.5621
17742	-117.4533	-289.1402	171.6869	2.221212
17748	-120.9577	-292.5294	171.5717	2.295215
17754	-126.995	-298.477	171.482	2.352358
17760	-120.3976	-291.4199	171.0223	2.639846
17766	-127.3284	-298.3507	171.0223	2.639846
17772	-126.5051	-297.6769	171.1719	2.547215
17778	-125.6424	-295.9909	170.3485	3.048747
17784	-130.1027	-300.4512	170.3485	3.048747
17790	-132.0392	-302.3806	170.3414	3.052982
17796	-128.9595	-299.7847	170.8252	2.760793
17802	-139.4716	-310.8788	171.4072	2.399736
17808	-146.1598	-317.7974	171.6376	2.252973
17814	-127.4943	-298.7951	171.3008	2.466707
17820	-118.3962	-289.0148	170.6186	2.886325
17826	-123.6671	-294.8492	171.1821	2.540829
17832	-129.6024	-301.4327	171.8303	2.128102
17838	-121.7231	-292.9536	171.2305	2.510681
17844	-125.999	-297.321	171.3219	2.453411
17850	-134.8839	-307.1518	172.2679	1.835292
17856	-142.9017	-312.9578	170.0561	3.222674
17862	-149.9308	-320.1164	170.1856	3.14589
17868	-131.9627	-301.8155	169.8528	3.342647
17874	-130.6588	-301.0194	170.3606	3.041492
17880	-130.0194	-301.5269	171.5075	2.336137
17886	-122.6739	-294.2485	171.5745	2.293382
17892	-123.6005	-295.1751	171.5745	2.293382
17898	-117.5307	-289.3032	171.7725	2.165808
17904	-123.2071	-294.4319	171.2248	2.51422
17910	-126.7245	-298.4342	171.7097	2.206467
17916	-131.9908	-302.46	170.4692	2.976371
17922	-134.2611	-305.621	171.3598	2.429585
17928	-131.4872	-302.0504	170.5633	2.919764
17934	-127.1634	-297.8392	170.6758	2.851716
17940	-137.9439	-309.1591	171.2152	2.520214
17946	-126.0767	-297.2919	171.2152	2.520214
17952	-120.0576	-291.0016	170.944	2.688063
17958	-136.0794	-307.4192	171.3398	2.4422
17964	-143.8988	-314.6874	170.7886	2.783147
17970	-141.7689	-311.879	170.1101	3.190726
17976	-120.351	-291.0537	170.7027	2.835355
17982	-115.3609	-286.9098	171.549	2.309727
17988	-128.7114	-299.6856	170.9742	2.669512
17994	-115.4303	-286.4861	171.0559	2.619121
18000	-111.5399	-283.0732	171.5333	2.319706
18006	-119.8609	-291.4483	171.5874	2.285141
18012	-122.6718	-294.5898	171.918	2.070578
18018	-122.1542	-293.245	171.0908	2.597528
18024	-130.9518	-302.5475	171.5957	2.27985
18030	-131.1601	-302.8222	171.6621	2.237208
18036	-134.9593	-306.3773	171.418	2.392874
18042	-137.2911	-308.5989	171.3078	2.462308
18048	-133.9277	-305.3607	171.4331	2.38337
18054	-137.7467	-309.1278	171.381	2.416228
18060	-141.207	-312.588	171.381	2.416228
18066	-152.2326	-321.8821	169.6495	3.461812
18072	-135.4234	-306.2813	170.8579	2.740833
18078	-130.7349	-302.2281	171.4932	2.345222
18084	-113.9238	-285.6665	171.7428	2.185095
18090	-113.0846	-284.6276	171.543	2.313538
18096	-123.1571	-294.2847	171.1276	2.574707
18102	-121.736	-292.8636	171.1276	2.574707
18108	-127.627	-299.117	171.4899	2.347301
18114	-132.0118	-304.1574	172.1456	1.918655
18120	-142.8073	-313.7168	170.9096	2.709185
18126	-148.0257	-317.5467	169.521	3.536722
18132	-142.1277	-312.6457	170.5181	2.946996
18138	-139.0831	-309.6012	170.5181	2.946996
18144	-138.0622	-308.5803	170.5181	2.946996
18150	-143.0987	-313.5995	170.5008	2.957415
18156	-139.4561	-309.9569	170.5008	2.957415
18162	-142.2006	-312.6133	170.4127	3.010292
18168	-141.1777	-312.9579	171.7802	2.160774
18174	-138.7817	-309.8931	171.1114	2.584772
18180	-143.3481	-314.4396	171.0915	2.597063
18186	-150.1162	-320.3211	170.2049	3.134409
18192	-150.0408	-321.0728	171.032	2.633853
18198	-138.5933	-309.5764	170.983	2.664041
18204	-148.8122	-319.6526	170.8404	2.751503
18210	-136.6162	-307.5753	170.9591	2.678759
18216	-147.1164	-318.306	171.1896	2.536177
18222	-150.782	-322.3133	171.5313	2.320998
18228	-160.6247	-330.0106	169.3858	3.615306
18234	-150.0491	-319.3947	169.3456	3.638632
18240	-150.1525	-321.7145	171.562	2.301422
18246	-144.495	-315.9575	171.4625	2.36474
18252	-150.2808	-320.5036	170.2228	3.123736
18258	-151.9361	-323.274	171.3379	2.443375
18264	-164.7696	-335.7213	170.9516	2.683352
18270	-146.0069	-318.1455	172.1386	1.923355
18276	-153.8216	-324.1709	170.3493	3.048263
18282	-152.6541	-324.2964	171.6422	2.249979
18288	-155.9445	-327.5192	171.5747	2.293293
18294	-145.3872	-315.9484	170.5612	2.920991
18300	-149.2169	-318.9534	169.7365	3.410891
18306	-140.819	-310.1843	169.3653	3.627217
18312	-142.4843	-312.7372	170.2529	3.105837
18318	-135.247	-305.3675	170.1205	3.184551
18324	-128.7531	-299.0142	170.261	3.10099
18330	-147.4962	-318.3075	170.8113	2.769281
18336	-149.2219	-318.947	169.7251	3.417534
18342	-154.4593	-325.4347	170.9754	2.668742
18348	-158.7024	-328.3134	169.611	3.484275
18354	-127.1621	-297.4365	170.2744	3.093022
18360	-124.5981	-295.47	170.8719	2.732249
18366	-131.8658	-302.8306	170.9647	2.6753
18372	-129.5101	-300.6375	171.1274	2.574814
18378	-138.7587	-309.8861	171.1274	2.574814
18384	-132.0878	-303.2193	171.1315	2.572301
18390	-128.063	-299.0986	171.0356	2.631645
18396	-135.0678	-306.866	171.7982	2.149056
18402	-135.3366	-306.7653	171.4287	2.38611
18408	-130.1285	-301.6073	171.4788	2.354353
18414	-133.1738	-304.4418	171.268	2.487251
18420	-140.5422	-310.5553	170.0131	3.248113
18426	-121.95	-293.6233	171.6733	2.229977
18432	-118.1047	-289.6956	171.5909	2.28294
18438	-124.9096	-296.9097	172.0001	2.016192
18444	-126.0949	-297.1315	171.0366	2.631024
18450	-135.375	-306.2373	170.8623	2.738122
18456	-135.4019	-306.1289	170.7271	2.820573
18462	-139.4128	-310.504	171.0912	2.597284
18468	-132.3971	-303.478	171.081	2.603613
18474	-132.3745	-303.9426	171.5682	2.297455
18480	-135.1693	-306.7528	171.5836	2.287622
18486	-136.9323	-308.2759	171.3436	2.439794
18492	-149.5678	-320.1353	170.5674	2.917238
18498	-139.7646	-311.3355	171.5709	2.295706
18504	-139.8413	-311.2387	171.3973	2.405941
18510	-138.4799	-309.5056	171.0256	2.637789
18516	-145.6095	-316.5448	170.9353	2.693378
18522	-147.527	-318.9637	171.4367	2.381078
18528	-156.2217	-327.2562	171.0344	2.632357
18534	-157.0297	-327.291	170.2613	3.100803
18540	-150.5277	-321.676	171.1482	2.56191
18546	-150.4987	-321.6469	171.1482	2.56191
18552	-147.3432	-318.2094	170.8662	2.735733
18558	-155.5058	-324.923	169.4171	3.597153
18564	-146.0673	-315.069	169.0017	3.837155
18570	-142.664	-312.7411	170.0771	3.210243
18576	-130.6585	-301.8499	171.1913	2.535098
18582	-142.1639	-313.5449	171.381	2.416269
18588	-136.764	-307.6904	170.9264	2.698858
18594	-136.2427	-306.981	170.7383	2.813745
18600	-136.4626	-307.1581	170.6955	2.839724
18606	-140.1624	-311.9026	171.7402	2.186731
18612	-146.5355	-317.9542	171.4187	2.392467
18618	-133.0959	-303.518	170.4221	3.004669
18624	-135.7447	-306.9157	171.1711	2.547708
18630	-144.6113	-314.5298	169.9185	3.303946
18636	-144.0956	-314.4144	170.3189	3.066467
18642	-132.4525	-302.7804	170.3279	3.061097
18648	-143.0148	-313.3081	170.2933	3.081734
18654	-156.0441	-325.9582	169.9141	3.30657
18660	-150.0723	-319.3785	169.3062	3.661495
18666	-139.9206	-311.1692	171.2486	2.499347
18672	-139.6542	-311.0682	171.4141	2.395385
18678	-147.9459	-318.7779	170.8319	2.756692
18684	-139.8908	-310.241	170.3502	3.047737
18690	-137.5732	-308.9735	171.4003	2.404093
18696	-152.7948	-323.4498	170.6551	2.86427
18702	-129.3277	-300.4825	171.1548	2.557814
18708	-131.0322	-302.1871	171.1548	2.557814
18714	-123.9798	-295.1541	171.1743	2.545672
18720	-122.3982	-293.5814	171.1832	2.540128
18726	-128.7494	-299.8029	171.0536	2.620544
18732	-127.2244	-296.7688	169.5444	3.523143
18738	-129.2066	-299.9309	170.7243	2.822273
18744	-134.1782	-305.3017	171.1236	2.577216
18750	-134.4272	-306.2315	171.8043	2.145077
18756	-141.2625	-310.4233	169.1608	3.74555
18762	-121.8644	-293.1621	171.2977	2.468594
18768	-136.5822	-307.3769	170.7947	2.779388
18774	-146.3516	-316.426	170.0744	3.211855
18780	-138.2899	-309.3968	171.1069	2.587541
18786	-128.8551	-299.4742	170.6191	2.886048
18792	-138.4076	-309.2727	170.8651	2.736422
18798	-130.3561	-300.9648	170.6088	2.892289
18804	-125.1096	-296.2976	171.188	2.537164
18810	-131.8606	-303.8932	172.0326	1.994523
18816	-130.5913	-299.9849	169.3937	3.61077
18822	-117.1608	-287.3072	170.1464	3.169183
18828	-114.0661	-285.6792	171.6131	2.268694
18834	-112.4824	-283.5533	171.071	2.609795
18840	-118.9988	-290.6571	171.6582	2.239686
18846	-123.9002	-295.4342	171.534	2.319255
18852	-134.7669	-305.2816	170.5147	2.949045
18858	-134.3147	-305.9265	171.6117	2.26956
18864	-131.8812	-303.4238	171.5426	2.31377
18870	-131.2352	-302.9119	171.6767	2.227799
18876	-119.8542	-291.3918	171.5376	2.316982
18882	-125.6746	-296.5576	170.883	2.725477
18888	-121.3992	-291.9103	170.5111	2.951207
18894	-123.6634	-295.5604	171.8971	2.084333
18900	-120.0271	-290.3832	170.3561	3.044188
18906	-126.4587	-298.7773	172.3187	1.800289
18912	-126.9191	-298.5425	171.6233	2.26212
18918	-127.864	-299.1543	171.2904	2.473226
18924	-123.342	-294.4372	171.0952	2.594781
18930	-130.7342	-302.8191	172.085	1.959512
18936	-124.084	-295.8352	171.7513	2.179578
18942	-123.2792	-295.1824	171.9032	2.080311
18948	-123.287	-294.1663	170.8793	2.727739
18954	-127.1493	-297.3916	170.2423	3.112165
18960	-127.8614	-298.4183	170.5568	2.923635
18966	-123.5622	-295.8893	172.3271	1.794444
18972	-129.6731	-300.5831	170.91	2.708945
18978	-124.4619	-297.245	172.783	1.465071
18984	-115.7349	-286.9275	171.1926	2.534306
18990	-118.476	-289.3865	170.9106	2.708561
18996	-109.8315	-281.4147	171.5832	2.287869
19002	-115.5818	-287.0763	171.4945	2.344394
19008	-129.542	-300.9532	171.4112	2.397165
19014	-137.2177	-308.2716	171.0539	2.620354
19020	-142.3325	-313.4689	171.1363	2.56929
19026	-145.0229	-316.1592	171.1363	2.56929
19032	-143.166	-314.0386	170.8725	2.731875
19038	-128.6586	-300.5862	171.9275	2.064274
19044	-132.0268	-302.6543	170.6275	2.880958
19050	-150.9643	-320.0513	169.087	3.788079
19056	-141.0766	-312.5058	171.4293	2.385754
19062	-137.8993	-309.3286	171.4293	2.385754
19068	-130.4464	-301.11	170.6636	2.859086
19074	-132.7656	-303.0993	170.3337	3.057582
19080	-138.7075	-310.2979	171.5903	2.283286
19086	-134.9189	-306.2863	171.3673	2.424863
19092	-132.5698	-302.9683	170.3985	3.018837
19098	-134.1004	-305.8481	171.7478	2.181853
