"gridTag","tree_length","gain_loss","n_char","cov_tree_len","cov_rate_loss","mse_tree_len","mse_rate_loss","modelID","scenario","rate_param"
"tl1.00_gl0.10_c25",1,0.1,25,1,NA,0.057212559896991,NA,"model1","mk",NA
"tl1.50_gl0.10_c25",1.5,0.1,25,1,NA,0.0317141762526112,NA,"model1","mk",NA
"tl2.50_gl0.10_c25",2.5,0.1,25,1,NA,0.0858381892893283,NA,"model1","mk",NA
"tl5.00_gl0.10_c25",5,0.1,25,0.7,NA,0.699081546179059,NA,"model1","mk",NA
"tl1.00_gl0.25_c25",1,0.25,25,1,NA,0.057212559896991,NA,"model1","mk",NA
"tl1.50_gl0.25_c25",1.5,0.25,25,1,NA,0.0317141762526112,NA,"model1","mk",NA
"tl2.50_gl0.25_c25",2.5,0.25,25,1,NA,0.0858381892893283,NA,"model1","mk",NA
"tl5.00_gl0.25_c25",5,0.25,25,0.7,NA,0.699081546179059,NA,"model1","mk",NA
"tl1.00_gl0.50_c25",1,0.5,25,1,NA,0.057212559896991,NA,"model1","mk",NA
"tl1.50_gl0.50_c25",1.5,0.5,25,1,NA,0.0317141762526112,NA,"model1","mk",NA
"tl2.50_gl0.50_c25",2.5,0.5,25,1,NA,0.0858381892893283,NA,"model1","mk",NA
"tl5.00_gl0.50_c25",5,0.5,25,0.7,NA,0.699081546179059,NA,"model1","mk",NA
"tl1.00_gl1.00_c25",1,1,25,1,NA,0.057212559896991,NA,"model1","mk",NA
"tl1.50_gl1.00_c25",1.5,1,25,1,NA,0.0317141762526112,NA,"model1","mk",NA
"tl2.50_gl1.00_c25",2.5,1,25,1,NA,0.0858381892893283,NA,"model1","mk",NA
"tl5.00_gl1.00_c25",5,1,25,0.7,NA,0.699081546179059,NA,"model1","mk",NA
"tl1.00_gl0.10_c50",1,0.1,50,1,NA,0.0503876013636628,NA,"model1","mk",NA
"tl1.50_gl0.10_c50",1.5,0.1,50,1,NA,0.0625654153564077,NA,"model1","mk",NA
"tl2.50_gl0.10_c50",2.5,0.1,50,1,NA,0.0177965755487578,NA,"model1","mk",NA
"tl5.00_gl0.10_c50",5,0.1,50,0.7,NA,0.250784538948695,NA,"model1","mk",NA
"tl1.00_gl0.25_c50",1,0.25,50,1,NA,0.0503876013636628,NA,"model1","mk",NA
"tl1.50_gl0.25_c50",1.5,0.25,50,1,NA,0.0625654153564077,NA,"model1","mk",NA
"tl2.50_gl0.25_c50",2.5,0.25,50,1,NA,0.0177965755487578,NA,"model1","mk",NA
"tl5.00_gl0.25_c50",5,0.25,50,0.7,NA,0.250784538948695,NA,"model1","mk",NA
"tl1.00_gl0.50_c50",1,0.5,50,1,NA,0.0503876013636628,NA,"model1","mk",NA
"tl1.50_gl0.50_c50",1.5,0.5,50,1,NA,0.0625654153564077,NA,"model1","mk",NA
"tl2.50_gl0.50_c50",2.5,0.5,50,1,NA,0.0177965755487578,NA,"model1","mk",NA
"tl5.00_gl0.50_c50",5,0.5,50,0.7,NA,0.250784538948695,NA,"model1","mk",NA
"tl1.00_gl1.00_c50",1,1,50,1,NA,0.0503876013636628,NA,"model1","mk",NA
"tl1.50_gl1.00_c50",1.5,1,50,1,NA,0.0625654153564077,NA,"model1","mk",NA
"tl2.50_gl1.00_c50",2.5,1,50,1,NA,0.0177965755487578,NA,"model1","mk",NA
"tl5.00_gl1.00_c50",5,1,50,0.7,NA,0.250784538948695,NA,"model1","mk",NA
"tl1.00_gl0.10_c100",1,0.1,100,1,NA,0.0187388899269143,NA,"model1","mk",NA
"tl1.50_gl0.10_c100",1.5,0.1,100,0.9,NA,0.0225430669251113,NA,"model1","mk",NA
"tl2.50_gl0.10_c100",2.5,0.1,100,0.8,NA,0.0668609044468466,NA,"model1","mk",NA
"tl5.00_gl0.10_c100",5,0.1,100,1,NA,0.068308698903698,NA,"model1","mk",NA
"tl1.00_gl0.25_c100",1,0.25,100,1,NA,0.0187388899269143,NA,"model1","mk",NA
"tl1.50_gl0.25_c100",1.5,0.25,100,0.9,NA,0.0225430669251113,NA,"model1","mk",NA
"tl2.50_gl0.25_c100",2.5,0.25,100,0.8,NA,0.0668609044468466,NA,"model1","mk",NA
"tl5.00_gl0.25_c100",5,0.25,100,1,NA,0.068308698903698,NA,"model1","mk",NA
"tl1.00_gl0.50_c100",1,0.5,100,1,NA,0.0187388899269143,NA,"model1","mk",NA
"tl1.50_gl0.50_c100",1.5,0.5,100,0.9,NA,0.0225430669251113,NA,"model1","mk",NA
"tl2.50_gl0.50_c100",2.5,0.5,100,0.8,NA,0.0668609044468466,NA,"model1","mk",NA
"tl5.00_gl0.50_c100",5,0.5,100,1,NA,0.068308698903698,NA,"model1","mk",NA
"tl1.00_gl1.00_c100",1,1,100,1,NA,0.0187388899269143,NA,"model1","mk",NA
"tl1.50_gl1.00_c100",1.5,1,100,0.9,NA,0.0225430669251113,NA,"model1","mk",NA
"tl2.50_gl1.00_c100",2.5,1,100,0.8,NA,0.0668609044468466,NA,"model1","mk",NA
"tl5.00_gl1.00_c100",5,1,100,1,NA,0.068308698903698,NA,"model1","mk",NA
"tl1.00_gl0.10_c200",1,0.1,200,0.9,NA,0.0119018729802606,NA,"model1","mk",NA
"tl1.50_gl0.10_c200",1.5,0.1,200,0.9,NA,0.0120544910437404,NA,"model1","mk",NA
"tl2.50_gl0.10_c200",2.5,0.1,200,1,NA,0.00898104178848107,NA,"model1","mk",NA
"tl5.00_gl0.10_c200",5,0.1,200,1,NA,0.0226607700287969,NA,"model1","mk",NA
"tl1.00_gl0.25_c200",1,0.25,200,0.9,NA,0.0119018729802606,NA,"model1","mk",NA
"tl1.50_gl0.25_c200",1.5,0.25,200,0.9,NA,0.0120544910437404,NA,"model1","mk",NA
"tl2.50_gl0.25_c200",2.5,0.25,200,1,NA,0.00898104178848107,NA,"model1","mk",NA
"tl5.00_gl0.25_c200",5,0.25,200,1,NA,0.0226607700287969,NA,"model1","mk",NA
"tl1.00_gl0.50_c200",1,0.5,200,0.9,NA,0.0119018729802606,NA,"model1","mk",NA
"tl1.50_gl0.50_c200",1.5,0.5,200,0.9,NA,0.0120544910437404,NA,"model1","mk",NA
"tl2.50_gl0.50_c200",2.5,0.5,200,1,NA,0.00898104178848107,NA,"model1","mk",NA
"tl5.00_gl0.50_c200",5,0.5,200,1,NA,0.0226607700287969,NA,"model1","mk",NA
"tl1.00_gl1.00_c200",1,1,200,0.9,NA,0.0119018729802606,NA,"model1","mk",NA
"tl1.50_gl1.00_c200",1.5,1,200,0.9,NA,0.0120544910437404,NA,"model1","mk",NA
"tl2.50_gl1.00_c200",2.5,1,200,1,NA,0.00898104178848107,NA,"model1","mk",NA
"tl5.00_gl1.00_c200",5,1,200,1,NA,0.0226607700287969,NA,"model1","mk",NA
"tl1.00_gl0.10_c25",1,0.1,25,1,NA,0.0964253039846236,NA,"model10","mk","gain_loss_trans"
"tl1.50_gl0.10_c25",1.5,0.1,25,1,NA,0.102863755833264,NA,"model10","mk","gain_loss_trans"
"tl2.50_gl0.10_c25",2.5,0.1,25,0.9,NA,0.580912677712381,NA,"model10","mk","gain_loss_trans"
"tl5.00_gl0.10_c25",5,0.1,25,0.5,NA,3.21934701404883,NA,"model10","mk","gain_loss_trans"
"tl1.00_gl0.25_c25",1,0.25,25,1,NA,0.0964253039846236,NA,"model10","mk","gain_loss_trans"
"tl1.50_gl0.25_c25",1.5,0.25,25,1,NA,0.102863755833264,NA,"model10","mk","gain_loss_trans"
"tl2.50_gl0.25_c25",2.5,0.25,25,0.9,NA,0.580912677712381,NA,"model10","mk","gain_loss_trans"
"tl5.00_gl0.25_c25",5,0.25,25,0.5,NA,3.21934701404883,NA,"model10","mk","gain_loss_trans"
"tl1.00_gl0.50_c25",1,0.5,25,1,NA,0.0964253039846236,NA,"model10","mk","gain_loss_trans"
"tl1.50_gl0.50_c25",1.5,0.5,25,1,NA,0.102863755833264,NA,"model10","mk","gain_loss_trans"
"tl2.50_gl0.50_c25",2.5,0.5,25,0.9,NA,0.580912677712381,NA,"model10","mk","gain_loss_trans"
"tl5.00_gl0.50_c25",5,0.5,25,0.5,NA,3.21934701404883,NA,"model10","mk","gain_loss_trans"
"tl1.00_gl1.00_c25",1,1,25,1,NA,0.0964253039846236,NA,"model10","mk","gain_loss_trans"
"tl1.50_gl1.00_c25",1.5,1,25,1,NA,0.102863755833264,NA,"model10","mk","gain_loss_trans"
"tl2.50_gl1.00_c25",2.5,1,25,0.9,NA,0.580912677712381,NA,"model10","mk","gain_loss_trans"
"tl5.00_gl1.00_c25",5,1,25,0.5,NA,3.21934701404883,NA,"model10","mk","gain_loss_trans"
"tl1.00_gl0.10_c50",1,0.1,50,1,NA,0.0810079965886186,NA,"model10","mk","gain_loss_trans"
"tl1.50_gl0.10_c50",1.5,0.1,50,1,NA,0.185954643690773,NA,"model10","mk","gain_loss_trans"
"tl2.50_gl0.10_c50",2.5,0.1,50,1,NA,0.12649655784062,NA,"model10","mk","gain_loss_trans"
"tl5.00_gl0.10_c50",5,0.1,50,0.9,NA,0.575268504637317,NA,"model10","mk","gain_loss_trans"
"tl1.00_gl0.25_c50",1,0.25,50,1,NA,0.0813151000810622,NA,"model10","mk","gain_loss_trans"
"tl1.50_gl0.25_c50",1.5,0.25,50,1,NA,0.185954643690773,NA,"model10","mk","gain_loss_trans"
"tl2.50_gl0.25_c50",2.5,0.25,50,1,NA,0.12649655784062,NA,"model10","mk","gain_loss_trans"
"tl5.00_gl0.25_c50",5,0.25,50,0.9,NA,0.575268504637317,NA,"model10","mk","gain_loss_trans"
"tl1.00_gl0.50_c50",1,0.5,50,1,NA,0.0809871426271549,NA,"model10","mk","gain_loss_trans"
"tl1.50_gl0.50_c50",1.5,0.5,50,1,NA,0.185954643690773,NA,"model10","mk","gain_loss_trans"
"tl2.50_gl0.50_c50",2.5,0.5,50,1,NA,0.12649655784062,NA,"model10","mk","gain_loss_trans"
"tl5.00_gl0.50_c50",5,0.5,50,0.9,NA,0.575268504637317,NA,"model10","mk","gain_loss_trans"
"tl1.00_gl1.00_c50",1,1,50,1,NA,0.0815495684814676,NA,"model10","mk","gain_loss_trans"
"tl1.50_gl1.00_c50",1.5,1,50,1,NA,0.185954643690773,NA,"model10","mk","gain_loss_trans"
"tl2.50_gl1.00_c50",2.5,1,50,1,NA,0.12649655784062,NA,"model10","mk","gain_loss_trans"
"tl5.00_gl1.00_c50",5,1,50,0.9,NA,0.575268504637317,NA,"model10","mk","gain_loss_trans"
"tl1.00_gl0.10_c100",1,0.1,100,1,NA,0.0655233050337926,NA,"model10","mk","gain_loss_trans"
"tl1.50_gl0.10_c100",1.5,0.1,100,0.8,NA,0.0891923406143781,NA,"model10","mk","gain_loss_trans"
"tl2.50_gl0.10_c100",2.5,0.1,100,0.8,NA,0.153656185949866,NA,"model10","mk","gain_loss_trans"
"tl5.00_gl0.10_c100",5,0.1,100,1,NA,0.165838097625129,NA,"model10","mk","gain_loss_trans"
"tl1.00_gl0.25_c100",1,0.25,100,1,NA,0.0654236946365812,NA,"model10","mk","gain_loss_trans"
"tl1.50_gl0.25_c100",1.5,0.25,100,0.8,NA,0.0891923406143781,NA,"model10","mk","gain_loss_trans"
"tl2.50_gl0.25_c100",2.5,0.25,100,0.8,NA,0.153656185949866,NA,"model10","mk","gain_loss_trans"
"tl5.00_gl0.25_c100",5,0.25,100,1,NA,0.165838097625129,NA,"model10","mk","gain_loss_trans"
"tl1.00_gl0.50_c100",1,0.5,100,1,NA,0.0655038384343245,NA,"model10","mk","gain_loss_trans"
"tl1.50_gl0.50_c100",1.5,0.5,100,0.8,NA,0.0891923406143781,NA,"model10","mk","gain_loss_trans"
"tl2.50_gl0.50_c100",2.5,0.5,100,0.8,NA,0.153656185949866,NA,"model10","mk","gain_loss_trans"
"tl5.00_gl0.50_c100",5,0.5,100,1,NA,0.165838097625129,NA,"model10","mk","gain_loss_trans"
"tl1.00_gl1.00_c100",1,1,100,1,NA,0.0653872731387836,NA,"model10","mk","gain_loss_trans"
"tl1.50_gl1.00_c100",1.5,1,100,0.8,NA,0.0891923406143781,NA,"model10","mk","gain_loss_trans"
"tl2.50_gl1.00_c100",2.5,1,100,0.8,NA,0.153656185949866,NA,"model10","mk","gain_loss_trans"
"tl5.00_gl1.00_c100",5,1,100,1,NA,0.165838097625129,NA,"model10","mk","gain_loss_trans"
"tl1.00_gl0.10_c200",1,0.1,200,1,NA,0.0126911567018965,NA,"model10","mk","gain_loss_trans"
"tl1.50_gl0.10_c200",1.5,0.1,200,1,NA,0.031129289800687,NA,"model10","mk","gain_loss_trans"
"tl2.50_gl0.10_c200",2.5,0.1,200,1,NA,0.0179207497139541,NA,"model10","mk","gain_loss_trans"
"tl5.00_gl0.10_c200",5,0.1,200,1,NA,0.0288002337234791,NA,"model10","mk","gain_loss_trans"
"tl1.00_gl0.25_c200",1,0.25,200,1,NA,0.0126911567018965,NA,"model10","mk","gain_loss_trans"
"tl1.50_gl0.25_c200",1.5,0.25,200,1,NA,0.031129289800687,NA,"model10","mk","gain_loss_trans"
"tl2.50_gl0.25_c200",2.5,0.25,200,1,NA,0.0179207497139541,NA,"model10","mk","gain_loss_trans"
"tl5.00_gl0.25_c200",5,0.25,200,1,NA,0.0288002337234791,NA,"model10","mk","gain_loss_trans"
"tl1.00_gl0.50_c200",1,0.5,200,1,NA,0.0126911567018965,NA,"model10","mk","gain_loss_trans"
"tl1.50_gl0.50_c200",1.5,0.5,200,1,NA,0.031129289800687,NA,"model10","mk","gain_loss_trans"
"tl2.50_gl0.50_c200",2.5,0.5,200,1,NA,0.0179207497139541,NA,"model10","mk","gain_loss_trans"
"tl5.00_gl0.50_c200",5,0.5,200,1,NA,0.0288002337234791,NA,"model10","mk","gain_loss_trans"
"tl1.00_gl1.00_c200",1,1,200,1,NA,0.0126911567018965,NA,"model10","mk","gain_loss_trans"
"tl1.50_gl1.00_c200",1.5,1,200,1,NA,0.031129289800687,NA,"model10","mk","gain_loss_trans"
"tl2.50_gl1.00_c200",2.5,1,200,1,NA,0.0179207497139541,NA,"model10","mk","gain_loss_trans"
"tl5.00_gl1.00_c200",5,1,200,1,NA,0.0288002337234791,NA,"model10","mk","gain_loss_trans"
"tl1.00_gl0.10_c25",1,0.1,25,NA,NA,NA,NA,"model11","mk","gain_loss_trans"
"tl1.50_gl0.10_c25",1.5,0.1,25,NA,NA,NA,NA,"model11","mk","gain_loss_trans"
"tl2.50_gl0.10_c25",2.5,0.1,25,NA,NA,NA,NA,"model11","mk","gain_loss_trans"
"tl5.00_gl0.10_c25",5,0.1,25,NA,NA,NA,NA,"model11","mk","gain_loss_trans"
"tl1.00_gl0.25_c25",1,0.25,25,NA,NA,NA,NA,"model11","mk","gain_loss_trans"
"tl1.50_gl0.25_c25",1.5,0.25,25,0.777777777777778,NA,0.116043418319869,NA,"model11","mk","gain_loss_trans"
"tl2.50_gl0.25_c25",2.5,0.25,25,0.7,NA,0.390566531284528,NA,"model11","mk","gain_loss_trans"
"tl5.00_gl0.25_c25",5,0.25,25,0,NA,2.2650675406033,NA,"model11","mk","gain_loss_trans"
"tl1.00_gl0.50_c25",1,0.5,25,0.8,NA,0.107181949926256,NA,"model11","mk","gain_loss_trans"
"tl1.50_gl0.50_c25",1.5,0.5,25,0.8,NA,0.114691617839447,NA,"model11","mk","gain_loss_trans"
"tl2.50_gl0.50_c25",2.5,0.5,25,0.7,NA,0.390566531284528,NA,"model11","mk","gain_loss_trans"
"tl5.00_gl0.50_c25",5,0.5,25,0,NA,2.2650675406033,NA,"model11","mk","gain_loss_trans"
"tl1.00_gl1.00_c25",1,1,25,0.8,NA,0.107181949926256,NA,"model11","mk","gain_loss_trans"
"tl1.50_gl1.00_c25",1.5,1,25,0.8,NA,0.114691617839447,NA,"model11","mk","gain_loss_trans"
"tl2.50_gl1.00_c25",2.5,1,25,0.7,NA,0.390566531284528,NA,"model11","mk","gain_loss_trans"
"tl5.00_gl1.00_c25",5,1,25,0,NA,2.2650675406033,NA,"model11","mk","gain_loss_trans"
"tl1.00_gl0.10_c50",1,0.1,50,0.7,NA,0.0671534567769393,NA,"model11","mk","gain_loss_trans"
"tl1.50_gl0.10_c50",1.5,0.1,50,0.6,NA,0.116864092637148,NA,"model11","mk","gain_loss_trans"
"tl2.50_gl0.10_c50",2.5,0.1,50,1,NA,0.109551627194334,NA,"model11","mk","gain_loss_trans"
"tl5.00_gl0.10_c50",5,0.1,50,0.2,NA,0.970381303787146,NA,"model11","mk","gain_loss_trans"
"tl1.00_gl0.25_c50",1,0.25,50,0.7,NA,0.0671534567769393,NA,"model11","mk","gain_loss_trans"
"tl1.50_gl0.25_c50",1.5,0.25,50,0.6,NA,0.116864092637148,NA,"model11","mk","gain_loss_trans"
"tl2.50_gl0.25_c50",2.5,0.25,50,1,NA,0.109551627194334,NA,"model11","mk","gain_loss_trans"
"tl5.00_gl0.25_c50",5,0.25,50,0.2,NA,0.970381303787146,NA,"model11","mk","gain_loss_trans"
"tl1.00_gl0.50_c50",1,0.5,50,0.7,NA,0.0671534567769393,NA,"model11","mk","gain_loss_trans"
"tl1.50_gl0.50_c50",1.5,0.5,50,0.6,NA,0.116864092637148,NA,"model11","mk","gain_loss_trans"
"tl2.50_gl0.50_c50",2.5,0.5,50,1,NA,0.109551627194334,NA,"model11","mk","gain_loss_trans"
"tl5.00_gl0.50_c50",5,0.5,50,0.2,NA,0.970381303787146,NA,"model11","mk","gain_loss_trans"
"tl1.00_gl1.00_c50",1,1,50,0.7,NA,0.0671534567769393,NA,"model11","mk","gain_loss_trans"
"tl1.50_gl1.00_c50",1.5,1,50,0.6,NA,0.116864092637148,NA,"model11","mk","gain_loss_trans"
"tl2.50_gl1.00_c50",2.5,1,50,1,NA,0.109551627194334,NA,"model11","mk","gain_loss_trans"
"tl5.00_gl1.00_c50",5,1,50,0.2,NA,0.970381303787146,NA,"model11","mk","gain_loss_trans"
"tl1.00_gl0.10_c100",1,0.1,100,0.8,NA,0.0206178980103578,NA,"model11","mk","gain_loss_trans"
"tl1.50_gl0.10_c100",1.5,0.1,100,0.8,NA,0.0482387886624404,NA,"model11","mk","gain_loss_trans"
"tl2.50_gl0.10_c100",2.5,0.1,100,0.4,NA,0.145086902627914,NA,"model11","mk","gain_loss_trans"
"tl5.00_gl0.10_c100",5,0.1,100,0.1,NA,0.616146042428203,NA,"model11","mk","gain_loss_trans"
"tl1.00_gl0.25_c100",1,0.25,100,0.8,NA,0.0206178980103578,NA,"model11","mk","gain_loss_trans"
"tl1.50_gl0.25_c100",1.5,0.25,100,0.8,NA,0.0482387886624404,NA,"model11","mk","gain_loss_trans"
"tl2.50_gl0.25_c100",2.5,0.25,100,0.4,NA,0.145086902627914,NA,"model11","mk","gain_loss_trans"
"tl5.00_gl0.25_c100",5,0.25,100,0.1,NA,0.616146042428203,NA,"model11","mk","gain_loss_trans"
"tl1.00_gl0.50_c100",1,0.5,100,0.8,NA,0.0206178980103578,NA,"model11","mk","gain_loss_trans"
"tl1.50_gl0.50_c100",1.5,0.5,100,0.8,NA,0.0482387886624404,NA,"model11","mk","gain_loss_trans"
"tl2.50_gl0.50_c100",2.5,0.5,100,0.4,NA,0.145086902627914,NA,"model11","mk","gain_loss_trans"
"tl5.00_gl0.50_c100",5,0.5,100,0.1,NA,0.616146042428203,NA,"model11","mk","gain_loss_trans"
"tl1.00_gl1.00_c100",1,1,100,0.8,NA,0.0206178980103578,NA,"model11","mk","gain_loss_trans"
"tl1.50_gl1.00_c100",1.5,1,100,0.8,NA,0.0482387886624404,NA,"model11","mk","gain_loss_trans"
"tl2.50_gl1.00_c100",2.5,1,100,0.4,NA,0.145086902627914,NA,"model11","mk","gain_loss_trans"
"tl5.00_gl1.00_c100",5,1,100,0.1,NA,0.616146042428203,NA,"model11","mk","gain_loss_trans"
"tl1.00_gl0.10_c200",1,0.1,200,0.9,NA,0.00872709041855859,NA,"model11","mk","gain_loss_trans"
"tl1.50_gl0.10_c200",1.5,0.1,200,0.8,NA,0.0215923120107264,NA,"model11","mk","gain_loss_trans"
"tl2.50_gl0.10_c200",2.5,0.1,200,0.6,NA,0.0599721094261516,NA,"model11","mk","gain_loss_trans"
"tl5.00_gl0.10_c200",5,0.1,200,0,NA,0.336854774426354,NA,"model11","mk","gain_loss_trans"
"tl1.00_gl0.25_c200",1,0.25,200,0.9,NA,0.00872709041855859,NA,"model11","mk","gain_loss_trans"
"tl1.50_gl0.25_c200",1.5,0.25,200,0.8,NA,0.0215923120107264,NA,"model11","mk","gain_loss_trans"
"tl2.50_gl0.25_c200",2.5,0.25,200,0.6,NA,0.0599721094261516,NA,"model11","mk","gain_loss_trans"
"tl5.00_gl0.25_c200",5,0.25,200,0,NA,0.336854774426354,NA,"model11","mk","gain_loss_trans"
"tl1.00_gl0.50_c200",1,0.5,200,0.9,NA,0.00872709041855859,NA,"model11","mk","gain_loss_trans"
"tl1.50_gl0.50_c200",1.5,0.5,200,0.8,NA,0.0215923120107264,NA,"model11","mk","gain_loss_trans"
"tl2.50_gl0.50_c200",2.5,0.5,200,0.6,NA,0.0599721094261516,NA,"model11","mk","gain_loss_trans"
"tl5.00_gl0.50_c200",5,0.5,200,0,NA,0.336854774426354,NA,"model11","mk","gain_loss_trans"
"tl1.00_gl1.00_c200",1,1,200,0.9,NA,0.00872709041855859,NA,"model11","mk","gain_loss_trans"
"tl1.50_gl1.00_c200",1.5,1,200,0.8,NA,0.0215923120107264,NA,"model11","mk","gain_loss_trans"
"tl2.50_gl1.00_c200",2.5,1,200,0.6,NA,0.0599721094261516,NA,"model11","mk","gain_loss_trans"
"tl5.00_gl1.00_c200",5,1,200,0,NA,0.336854774426354,NA,"model11","mk","gain_loss_trans"
"tl1.00_gl0.10_c25",1,0.1,25,0.8,NA,0.178100988577266,NA,"model12","mk","gain_loss_trans"
"tl1.50_gl0.10_c25",1.5,0.1,25,0.8,NA,0.287232708965615,NA,"model12","mk","gain_loss_trans"
"tl2.50_gl0.10_c25",2.5,0.1,25,0.2,NA,0.733961116959885,NA,"model12","mk","gain_loss_trans"
"tl5.00_gl0.10_c25",5,0.1,25,0,NA,2.89551085517969,NA,"model12","mk","gain_loss_trans"
"tl1.00_gl0.25_c25",1,0.25,25,0.8,NA,0.178100988577266,NA,"model12","mk","gain_loss_trans"
"tl1.50_gl0.25_c25",1.5,0.25,25,0.8,NA,0.287232708965615,NA,"model12","mk","gain_loss_trans"
"tl2.50_gl0.25_c25",2.5,0.25,25,0.2,NA,0.733961116959885,NA,"model12","mk","gain_loss_trans"
"tl5.00_gl0.25_c25",5,0.25,25,0,NA,2.89911527784019,NA,"model12","mk","gain_loss_trans"
"tl1.00_gl0.50_c25",1,0.5,25,0.8,NA,0.178100988577266,NA,"model12","mk","gain_loss_trans"
"tl1.50_gl0.50_c25",1.5,0.5,25,0.8,NA,0.287232708965615,NA,"model12","mk","gain_loss_trans"
"tl2.50_gl0.50_c25",2.5,0.5,25,0.2,NA,0.733961116959885,NA,"model12","mk","gain_loss_trans"
"tl5.00_gl0.50_c25",5,0.5,25,0,NA,2.89650304168038,NA,"model12","mk","gain_loss_trans"
"tl1.00_gl1.00_c25",1,1,25,0.8,NA,0.178100988577266,NA,"model12","mk","gain_loss_trans"
"tl1.50_gl1.00_c25",1.5,1,25,0.8,NA,0.287232708965615,NA,"model12","mk","gain_loss_trans"
"tl2.50_gl1.00_c25",2.5,1,25,0.2,NA,0.733961116959885,NA,"model12","mk","gain_loss_trans"
"tl5.00_gl1.00_c25",5,1,25,0,NA,2.89016592251613,NA,"model12","mk","gain_loss_trans"
"tl1.00_gl0.10_c50",1,0.1,50,0.5,NA,0.123457947270837,NA,"model12","mk","gain_loss_trans"
"tl1.50_gl0.10_c50",1.5,0.1,50,0.5,NA,0.26376440178324,NA,"model12","mk","gain_loss_trans"
"tl2.50_gl0.10_c50",2.5,0.1,50,0.7,NA,0.226371860137613,NA,"model12","mk","gain_loss_trans"
"tl5.00_gl0.10_c50",5,0.1,50,0.1,NA,1.12030111135683,NA,"model12","mk","gain_loss_trans"
"tl1.00_gl0.25_c50",1,0.25,50,0.5,NA,0.123457947270837,NA,"model12","mk","gain_loss_trans"
"tl1.50_gl0.25_c50",1.5,0.25,50,0.5,NA,0.264371096344879,NA,"model12","mk","gain_loss_trans"
"tl2.50_gl0.25_c50",2.5,0.25,50,0.7,NA,0.226475127984235,NA,"model12","mk","gain_loss_trans"
"tl5.00_gl0.25_c50",5,0.25,50,0.1,NA,1.11999864884352,NA,"model12","mk","gain_loss_trans"
"tl1.00_gl0.50_c50",1,0.5,50,0.5,NA,0.123457947270837,NA,"model12","mk","gain_loss_trans"
"tl1.50_gl0.50_c50",1.5,0.5,50,0.5,NA,0.264240878562725,NA,"model12","mk","gain_loss_trans"
"tl2.50_gl0.50_c50",2.5,0.5,50,0.7,NA,0.226335052826125,NA,"model12","mk","gain_loss_trans"
"tl5.00_gl0.50_c50",5,0.5,50,0.1,NA,1.12132368896338,NA,"model12","mk","gain_loss_trans"
"tl1.00_gl1.00_c50",1,1,50,0.5,NA,0.123457947270837,NA,"model12","mk","gain_loss_trans"
"tl1.50_gl1.00_c50",1.5,1,50,0.5,NA,0.264299029716889,NA,"model12","mk","gain_loss_trans"
"tl2.50_gl1.00_c50",2.5,1,50,0.7,NA,0.226388916967703,NA,"model12","mk","gain_loss_trans"
"tl5.00_gl1.00_c50",5,1,50,0.1,NA,1.12106799443157,NA,"model12","mk","gain_loss_trans"
"tl1.00_gl0.10_c100",1,0.1,100,0.8,NA,0.0600304261419608,NA,"model12","mk","gain_loss_trans"
"tl1.50_gl0.10_c100",1.5,0.1,100,0.7,NA,0.145067672672592,NA,"model12","mk","gain_loss_trans"
"tl2.50_gl0.10_c100",2.5,0.1,100,0.3,NA,0.289167229993976,NA,"model12","mk","gain_loss_trans"
"tl5.00_gl0.10_c100",5,0.1,100,0,NA,1.44513353815172,NA,"model12","mk","gain_loss_trans"
"tl1.00_gl0.25_c100",1,0.25,100,0.8,NA,0.0602377863916846,NA,"model12","mk","gain_loss_trans"
"tl1.50_gl0.25_c100",1.5,0.25,100,0.7,NA,0.146173820172873,NA,"model12","mk","gain_loss_trans"
"tl2.50_gl0.25_c100",2.5,0.25,100,0.333333333333333,NA,0.1829140607064,NA,"model12","mk","gain_loss_trans"
"tl5.00_gl0.25_c100",5,0.25,100,0,NA,1.44469414941592,NA,"model12","mk","gain_loss_trans"
"tl1.00_gl0.50_c100",1,0.5,100,0.8,NA,0.0603911930879759,NA,"model12","mk","gain_loss_trans"
"tl1.50_gl0.50_c100",1.5,0.5,100,0.7,NA,0.145061932499279,NA,"model12","mk","gain_loss_trans"
"tl2.50_gl0.50_c100",2.5,0.5,100,0.3,NA,0.29055001219902,NA,"model12","mk","gain_loss_trans"
"tl5.00_gl0.50_c100",5,0.5,100,0,NA,1.43909403024841,NA,"model12","mk","gain_loss_trans"
"tl1.00_gl1.00_c100",1,1,100,0.8,NA,0.0602434629739681,NA,"model12","mk","gain_loss_trans"
"tl1.50_gl1.00_c100",1.5,1,100,0.7,NA,0.145375774598487,NA,"model12","mk","gain_loss_trans"
"tl2.50_gl1.00_c100",2.5,1,100,0.3,NA,0.290169509943505,NA,"model12","mk","gain_loss_trans"
"tl5.00_gl1.00_c100",5,1,100,0,NA,1.4495869193788,NA,"model12","mk","gain_loss_trans"
"tl1.00_gl0.10_c200",1,0.1,200,1,NA,0.0290653357910071,NA,"model12","mk","gain_loss_trans"
"tl1.50_gl0.10_c200",1.5,0.1,200,NA,NA,NA,NA,"model12","mk","gain_loss_trans"
"tl2.50_gl0.10_c200",2.5,0.1,200,NA,NA,NA,NA,"model12","mk","gain_loss_trans"
"tl5.00_gl0.10_c200",5,0.1,200,0,NA,0.609392440100139,NA,"model12","mk","gain_loss_trans"
"tl1.00_gl0.25_c200",1,0.25,200,1,NA,0.0143661575759157,NA,"model12","mk","gain_loss_trans"
"tl1.50_gl0.25_c200",1.5,0.25,200,1,NA,0.0512860972572282,NA,"model12","mk","gain_loss_trans"
"tl2.50_gl0.25_c200",2.5,0.25,200,1,NA,0.0523378353912785,NA,"model12","mk","gain_loss_trans"
"tl5.00_gl0.25_c200",5,0.25,200,0,NA,4.62978550174238,NA,"model12","mk","gain_loss_trans"
"tl1.00_gl0.50_c200",1,0.5,200,0.857142857142857,NA,0.0180486331989001,NA,"model12","mk","gain_loss_trans"
"tl1.50_gl0.50_c200",1.5,0.5,200,0.666666666666667,NA,0.0715186138113741,NA,"model12","mk","gain_loss_trans"
"tl2.50_gl0.50_c200",2.5,0.5,200,0.2,NA,0.101413591945418,NA,"model12","mk","gain_loss_trans"
"tl5.00_gl0.50_c200",5,0.5,200,0,NA,3.47248052719673,NA,"model12","mk","gain_loss_trans"
"tl1.00_gl1.00_c200",1,1,200,0.888888888888889,NA,0.0190102882653479,NA,"model12","mk","gain_loss_trans"
"tl1.50_gl1.00_c200",1.5,1,200,0.625,NA,0.0496774784175973,NA,"model12","mk","gain_loss_trans"
"tl2.50_gl1.00_c200",2.5,1,200,0.3,NA,0.0914470630188001,NA,"model12","mk","gain_loss_trans"
"tl5.00_gl1.00_c200",5,1,200,0,NA,2.93221615342301,NA,"model12","mk","gain_loss_trans"
"tl1.00_gl0.10_c25",1,0.1,25,1,NA,0.0576147410683133,NA,"model2","mk","gain_loss_ratio"
"tl1.50_gl0.10_c25",1.5,0.1,25,1,NA,0.0429267214550845,NA,"model2","mk","gain_loss_ratio"
"tl2.50_gl0.10_c25",2.5,0.1,25,1,NA,0.130644814943662,NA,"model2","mk","gain_loss_ratio"
"tl5.00_gl0.10_c25",5,0.1,25,0.8,NA,0.760031840332549,NA,"model2","mk","gain_loss_ratio"
"tl1.00_gl0.25_c25",1,0.25,25,1,NA,0.0576147410683133,NA,"model2","mk","gain_loss_ratio"
"tl1.50_gl0.25_c25",1.5,0.25,25,1,NA,0.0429267214550845,NA,"model2","mk","gain_loss_ratio"
"tl2.50_gl0.25_c25",2.5,0.25,25,1,NA,0.130644814943662,NA,"model2","mk","gain_loss_ratio"
"tl5.00_gl0.25_c25",5,0.25,25,0.8,NA,0.760031840332549,NA,"model2","mk","gain_loss_ratio"
"tl1.00_gl0.50_c25",1,0.5,25,1,NA,0.0576147410683133,NA,"model2","mk","gain_loss_ratio"
"tl1.50_gl0.50_c25",1.5,0.5,25,1,NA,0.0429267214550845,NA,"model2","mk","gain_loss_ratio"
"tl2.50_gl0.50_c25",2.5,0.5,25,1,NA,0.130644814943662,NA,"model2","mk","gain_loss_ratio"
"tl5.00_gl0.50_c25",5,0.5,25,0.8,NA,0.760031840332549,NA,"model2","mk","gain_loss_ratio"
"tl1.00_gl1.00_c25",1,1,25,1,NA,0.0576147410683133,NA,"model2","mk","gain_loss_ratio"
"tl1.50_gl1.00_c25",1.5,1,25,1,NA,0.0429267214550845,NA,"model2","mk","gain_loss_ratio"
"tl2.50_gl1.00_c25",2.5,1,25,1,NA,0.130644814943662,NA,"model2","mk","gain_loss_ratio"
"tl5.00_gl1.00_c25",5,1,25,0.8,NA,0.760031840332549,NA,"model2","mk","gain_loss_ratio"
"tl1.00_gl0.10_c50",1,0.1,50,1,NA,0.0473048455588575,NA,"model2","mk","gain_loss_ratio"
"tl1.50_gl0.10_c50",1.5,0.1,50,1,NA,0.0817556233810263,NA,"model2","mk","gain_loss_ratio"
"tl2.50_gl0.10_c50",2.5,0.1,50,1,NA,0.0278992189292889,NA,"model2","mk","gain_loss_ratio"
"tl5.00_gl0.10_c50",5,0.1,50,0.8,NA,0.246708347317524,NA,"model2","mk","gain_loss_ratio"
"tl1.00_gl0.25_c50",1,0.25,50,1,NA,0.0473048455588575,NA,"model2","mk","gain_loss_ratio"
"tl1.50_gl0.25_c50",1.5,0.25,50,1,NA,0.0817556233810263,NA,"model2","mk","gain_loss_ratio"
"tl2.50_gl0.25_c50",2.5,0.25,50,1,NA,0.0278992189292889,NA,"model2","mk","gain_loss_ratio"
"tl5.00_gl0.25_c50",5,0.25,50,0.8,NA,0.246708347317524,NA,"model2","mk","gain_loss_ratio"
"tl1.00_gl0.50_c50",1,0.5,50,1,NA,0.0473048455588575,NA,"model2","mk","gain_loss_ratio"
"tl1.50_gl0.50_c50",1.5,0.5,50,1,NA,0.0817556233810263,NA,"model2","mk","gain_loss_ratio"
"tl2.50_gl0.50_c50",2.5,0.5,50,1,NA,0.0278992189292889,NA,"model2","mk","gain_loss_ratio"
"tl5.00_gl0.50_c50",5,0.5,50,0.8,NA,0.246708347317524,NA,"model2","mk","gain_loss_ratio"
"tl1.00_gl1.00_c50",1,1,50,1,NA,0.0473048455588575,NA,"model2","mk","gain_loss_ratio"
"tl1.50_gl1.00_c50",1.5,1,50,1,NA,0.0817556233810263,NA,"model2","mk","gain_loss_ratio"
"tl2.50_gl1.00_c50",2.5,1,50,1,NA,0.0278992189292889,NA,"model2","mk","gain_loss_ratio"
"tl5.00_gl1.00_c50",5,1,50,0.8,NA,0.246708347317524,NA,"model2","mk","gain_loss_ratio"
"tl1.00_gl0.10_c100",1,0.1,100,1,NA,0.0213705225830377,NA,"model2","mk","gain_loss_ratio"
"tl1.50_gl0.10_c100",1.5,0.1,100,0.9,NA,0.0353728872174215,NA,"model2","mk","gain_loss_ratio"
"tl2.50_gl0.10_c100",2.5,0.1,100,1,NA,0.0870598736118748,NA,"model2","mk","gain_loss_ratio"
"tl5.00_gl0.10_c100",5,0.1,100,1,NA,0.0619139838997426,NA,"model2","mk","gain_loss_ratio"
"tl1.00_gl0.25_c100",1,0.25,100,1,NA,0.0213705225830377,NA,"model2","mk","gain_loss_ratio"
"tl1.50_gl0.25_c100",1.5,0.25,100,0.9,NA,0.0353728872174215,NA,"model2","mk","gain_loss_ratio"
"tl2.50_gl0.25_c100",2.5,0.25,100,1,NA,0.0870598736118748,NA,"model2","mk","gain_loss_ratio"
"tl5.00_gl0.25_c100",5,0.25,100,1,NA,0.0619139838997426,NA,"model2","mk","gain_loss_ratio"
"tl1.00_gl0.50_c100",1,0.5,100,1,NA,0.0213705225830377,NA,"model2","mk","gain_loss_ratio"
"tl1.50_gl0.50_c100",1.5,0.5,100,0.9,NA,0.0353728872174215,NA,"model2","mk","gain_loss_ratio"
"tl2.50_gl0.50_c100",2.5,0.5,100,1,NA,0.0870598736118748,NA,"model2","mk","gain_loss_ratio"
"tl5.00_gl0.50_c100",5,0.5,100,1,NA,0.0619139838997426,NA,"model2","mk","gain_loss_ratio"
"tl1.00_gl1.00_c100",1,1,100,1,NA,0.0213705225830377,NA,"model2","mk","gain_loss_ratio"
"tl1.50_gl1.00_c100",1.5,1,100,0.9,NA,0.0353728872174215,NA,"model2","mk","gain_loss_ratio"
"tl2.50_gl1.00_c100",2.5,1,100,1,NA,0.0870598736118748,NA,"model2","mk","gain_loss_ratio"
"tl5.00_gl1.00_c100",5,1,100,1,NA,0.0619139838997426,NA,"model2","mk","gain_loss_ratio"
"tl1.00_gl0.10_c200",1,0.1,200,1,NA,0.010165309585658,NA,"model2","mk","gain_loss_ratio"
"tl1.50_gl0.10_c200",1.5,0.1,200,1,NA,0.0147289031187549,NA,"model2","mk","gain_loss_ratio"
"tl2.50_gl0.10_c200",2.5,0.1,200,1,NA,0.0101840619380241,NA,"model2","mk","gain_loss_ratio"
"tl5.00_gl0.10_c200",5,0.1,200,1,NA,0.0252676223794701,NA,"model2","mk","gain_loss_ratio"
"tl1.00_gl0.25_c200",1,0.25,200,1,NA,0.0101698042841607,NA,"model2","mk","gain_loss_ratio"
"tl1.50_gl0.25_c200",1.5,0.25,200,1,NA,0.0147289031187549,NA,"model2","mk","gain_loss_ratio"
"tl2.50_gl0.25_c200",2.5,0.25,200,1,NA,0.0101840619380241,NA,"model2","mk","gain_loss_ratio"
"tl5.00_gl0.25_c200",5,0.25,200,1,NA,0.0252676223794701,NA,"model2","mk","gain_loss_ratio"
"tl1.00_gl0.50_c200",1,0.5,200,1,NA,0.0101695690641818,NA,"model2","mk","gain_loss_ratio"
"tl1.50_gl0.50_c200",1.5,0.5,200,1,NA,0.0147289031187549,NA,"model2","mk","gain_loss_ratio"
"tl2.50_gl0.50_c200",2.5,0.5,200,1,NA,0.0101840619380241,NA,"model2","mk","gain_loss_ratio"
"tl5.00_gl0.50_c200",5,0.5,200,1,NA,0.0252676223794701,NA,"model2","mk","gain_loss_ratio"
"tl1.00_gl1.00_c200",1,1,200,1,NA,0.0101703846729959,NA,"model2","mk","gain_loss_ratio"
"tl1.50_gl1.00_c200",1.5,1,200,1,NA,0.0147289031187549,NA,"model2","mk","gain_loss_ratio"
"tl2.50_gl1.00_c200",2.5,1,200,1,NA,0.0101840619380241,NA,"model2","mk","gain_loss_ratio"
"tl5.00_gl1.00_c200",5,1,200,1,NA,0.0252676223794701,NA,"model2","mk","gain_loss_ratio"
"tl1.00_gl0.10_c25",1,0.1,25,1,0,0.0735621394317704,75.755040330506,"model3","mk","gain_loss_ratio"
"tl1.50_gl0.10_c25",1.5,0.1,25,1,0,0.0506518215810742,79.820518652073,"model3","mk","gain_loss_ratio"
"tl2.50_gl0.10_c25",2.5,0.1,25,1,0,0.120451880855678,76.9611367680129,"model3","mk","gain_loss_ratio"
"tl5.00_gl0.10_c25",5,0.1,25,0.7,0,0.742429396606054,80.8622346368214,"model3","mk","gain_loss_ratio"
"tl1.00_gl0.25_c25",1,0.25,25,1,0.2,0.0735621394317704,7.43618593487756,"model3","mk","gain_loss_ratio"
"tl1.50_gl0.25_c25",1.5,0.25,25,1,0.1,0.0506518215810742,8.79333039915492,"model3","mk","gain_loss_ratio"
"tl2.50_gl0.25_c25",2.5,0.25,25,1,0,0.120451880855678,7.72185344497276,"model3","mk","gain_loss_ratio"
"tl5.00_gl0.25_c25",5,0.25,25,0.7,0,0.742429396606054,8.97880353737782,"model3","mk","gain_loss_ratio"
"tl1.00_gl0.50_c25",1,0.5,25,1,0.8,0.0735621394317704,0.663234469668079,"model3","mk","gain_loss_ratio"
"tl1.50_gl0.50_c25",1.5,0.5,25,1,0.4,0.0506518215810742,1.11760098151556,"model3","mk","gain_loss_ratio"
"tl2.50_gl0.50_c25",2.5,0.5,25,1,0.6,0.120451880855678,0.642092337292731,"model3","mk","gain_loss_ratio"
"tl5.00_gl0.50_c25",5,0.5,25,0.7,0,0.742429396606054,1.01765983756329,"model3","mk","gain_loss_ratio"
"tl1.00_gl1.00_c25",1,1,25,1,1,0.0735621394317704,0.276758737063339,"model3","mk","gain_loss_ratio"
"tl1.50_gl1.00_c25",1.5,1,25,1,1,0.0506518215810742,0.279736272695886,"model3","mk","gain_loss_ratio"
"tl2.50_gl1.00_c25",2.5,1,25,1,1,0.120451880855678,0.102211783452714,"model3","mk","gain_loss_ratio"
"tl5.00_gl1.00_c25",5,1,25,0.7,0.9,0.742429396606054,0.0370879876560207,"model3","mk","gain_loss_ratio"
"tl1.00_gl0.10_c50",1,0.1,50,0.9,0,0.0572376950819897,78.1604067487189,"model3","mk","gain_loss_ratio"
"tl1.50_gl0.10_c50",1.5,0.1,50,1,0,0.0751386444382592,79.9655545427218,"model3","mk","gain_loss_ratio"
"tl2.50_gl0.10_c50",2.5,0.1,50,1,0,0.0219757378630965,80.8861522552443,"model3","mk","gain_loss_ratio"
"tl5.00_gl0.10_c50",5,0.1,50,0.7,0,0.256510812556916,80.6955630648671,"model3","mk","gain_loss_ratio"
"tl1.00_gl0.25_c50",1,0.25,50,0.9,0,0.0572376950819897,8.1469571782322,"model3","mk","gain_loss_ratio"
"tl1.50_gl0.25_c50",1.5,0.25,50,1,0,0.0751386444382592,8.67034287050395,"model3","mk","gain_loss_ratio"
"tl2.50_gl0.25_c50",2.5,0.25,50,1,0,0.0219757378630965,9.0270125307349,"model3","mk","gain_loss_ratio"
"tl5.00_gl0.25_c50",5,0.25,50,0.7,0,0.256510812556916,8.92258350134728,"model3","mk","gain_loss_ratio"
"tl1.00_gl0.50_c50",1,0.5,50,0.9,0.6,0.0572376950819897,0.809140654736628,"model3","mk","gain_loss_ratio"
"tl1.50_gl0.50_c50",1.5,0.5,50,1,0.3,0.0751386444382592,0.905272313098019,"model3","mk","gain_loss_ratio"
"tl2.50_gl0.50_c50",2.5,0.5,50,1,0.1,0.0219757378630965,1.07396595589842,"model3","mk","gain_loss_ratio"
"tl5.00_gl0.50_c50",5,0.5,50,0.7,0,0.256510812556916,0.998256980174017,"model3","mk","gain_loss_ratio"
"tl1.00_gl1.00_c50",1,1,50,0.9,1,0.0572376950819897,0.140232392988844,"model3","mk","gain_loss_ratio"
"tl1.50_gl1.00_c50",1.5,1,50,1,1,0.0751386444382592,0.0227370343950516,"model3","mk","gain_loss_ratio"
"tl2.50_gl1.00_c50",2.5,1,50,1,0.8,0.0219757378630965,0.097442668480185,"model3","mk","gain_loss_ratio"
"tl5.00_gl1.00_c50",5,1,50,0.7,0.9,0.256510812556916,0.0360937195873855,"model3","mk","gain_loss_ratio"
"tl1.00_gl0.10_c100",1,0.1,100,0.9,0,0.0182208011695476,81.2602862917491,"model3","mk","gain_loss_ratio"
"tl1.50_gl0.10_c100",1.5,0.1,100,0.9,0,0.0272320098209738,79.229307191658,"model3","mk","gain_loss_ratio"
"tl2.50_gl0.10_c100",2.5,0.1,100,0.9,0,0.0694774011616083,81.3666555066595,"model3","mk","gain_loss_ratio"
"tl5.00_gl0.10_c100",5,0.1,100,1,0,0.0755049817711746,80.5577906585003,"model3","mk","gain_loss_ratio"
"tl1.00_gl0.25_c100",1,0.25,100,0.9,0,0.0182208011695476,9.11063398203286,"model3","mk","gain_loss_ratio"
"tl1.50_gl0.25_c100",1.5,0.25,100,0.9,0,0.0272320098209738,8.43259475863404,"model3","mk","gain_loss_ratio"
"tl2.50_gl0.25_c100",2.5,0.25,100,0.9,0,0.0694774011616083,9.13146293173874,"model3","mk","gain_loss_ratio"
"tl5.00_gl0.25_c100",5,0.25,100,1,0,0.0755049817711746,8.85911679467412,"model3","mk","gain_loss_ratio"
"tl1.00_gl0.50_c100",1,0.5,100,0.9,0.2,0.0182208011695476,1.06074987879411,"model3","mk","gain_loss_ratio"
"tl1.50_gl0.50_c100",1.5,0.5,100,0.9,0,0.0272320098209738,0.83369061429272,"model3","mk","gain_loss_ratio"
"tl2.50_gl0.50_c100",2.5,0.5,100,0.9,0,0.0694774011616083,1.05306540676514,"model3","mk","gain_loss_ratio"
"tl5.00_gl0.50_c100",5,0.5,100,1,0,0.0755049817711746,0.959558840065406,"model3","mk","gain_loss_ratio"
"tl1.00_gl1.00_c100",1,1,100,0.9,1,0.0182208011695476,0.0358078271747296,"model3","mk","gain_loss_ratio"
"tl1.50_gl1.00_c100",1.5,1,100,0.9,1,0.0272320098209738,0.0342385421220615,"model3","mk","gain_loss_ratio"
"tl2.50_gl1.00_c100",2.5,1,100,0.9,0.9,0.0694774011616083,0.0138666442783416,"model3","mk","gain_loss_ratio"
"tl5.00_gl1.00_c100",5,1,100,1,1,0.0755049817711746,0.00977986276104912,"model3","mk","gain_loss_ratio"
"tl1.00_gl0.10_c200",1,0.1,200,0.9,0,0.0113563384662059,80.6084462998847,"model3","mk","gain_loss_ratio"
"tl1.50_gl0.10_c200",1.5,0.1,200,0.9,0,0.0127477692743771,81.7902487617838,"model3","mk","gain_loss_ratio"
"tl2.50_gl0.10_c200",2.5,0.1,200,1,0,0.00976823185372653,80.9096864922286,"model3","mk","gain_loss_ratio"
"tl5.00_gl0.10_c200",5,0.1,200,1,0,0.0235012736222001,81.1654226651953,"model3","mk","gain_loss_ratio"
"tl1.00_gl0.25_c200",1,0.25,200,0.9,0,0.0113563384662059,8.87511732324874,"model3","mk","gain_loss_ratio"
"tl1.50_gl0.25_c200",1.5,0.25,200,0.9,0,0.0127477692743771,9.26764639541219,"model3","mk","gain_loss_ratio"
"tl2.50_gl0.25_c200",2.5,0.25,200,1,0,0.00976823185372653,8.97564379287948,"model3","mk","gain_loss_ratio"
"tl5.00_gl0.25_c200",5,0.25,200,1,0,0.0235012736222001,9.0570899285529,"model3","mk","gain_loss_ratio"
"tl1.00_gl0.50_c200",1,0.5,200,0.9,0,0.0113563384662059,0.964007664370097,"model3","mk","gain_loss_ratio"
"tl1.50_gl0.50_c200",1.5,0.5,200,0.9,0,0.0127477692743771,1.09344560662165,"model3","mk","gain_loss_ratio"
"tl2.50_gl0.50_c200",2.5,0.5,200,1,0,0.00976823185372653,0.997629559763111,"model3","mk","gain_loss_ratio"
"tl5.00_gl0.50_c200",5,0.5,200,1,0,0.0235012736222001,1.02097901633876,"model3","mk","gain_loss_ratio"
"tl1.00_gl1.00_c200",1,1,200,0.9,1,0.0113563384662059,0.00845283493077388,"model3","mk","gain_loss_ratio"
"tl1.50_gl1.00_c200",1.5,1,200,0.9,1,0.0127477692743771,0.00634521222637362,"model3","mk","gain_loss_ratio"
"tl2.50_gl1.00_c200",2.5,1,200,1,0.9,0.00976823185372653,0.00862244320492717,"model3","mk","gain_loss_ratio"
"tl5.00_gl1.00_c200",5,1,200,1,1,0.0235012736222001,0.00292356023169126,"model3","mk","gain_loss_ratio"
"tl1.00_gl0.10_c25",1,0.1,25,1,NA,0.109419938314577,NA,"model4","mk","gain_loss_trans"
"tl1.50_gl0.10_c25",1.5,0.1,25,1,NA,0.0455345195758589,NA,"model4","mk","gain_loss_trans"
"tl2.50_gl0.10_c25",2.5,0.1,25,0.9,NA,0.328412439502337,NA,"model4","mk","gain_loss_trans"
"tl5.00_gl0.10_c25",5,0.1,25,0.4,NA,1.70255208605803,NA,"model4","mk","gain_loss_trans"
"tl1.00_gl0.25_c25",1,0.25,25,1,NA,0.109419938314577,NA,"model4","mk","gain_loss_trans"
"tl1.50_gl0.25_c25",1.5,0.25,25,1,NA,0.0455345195758589,NA,"model4","mk","gain_loss_trans"
"tl2.50_gl0.25_c25",2.5,0.25,25,0.9,NA,0.328412439502337,NA,"model4","mk","gain_loss_trans"
"tl5.00_gl0.25_c25",5,0.25,25,0.4,NA,1.70255208605803,NA,"model4","mk","gain_loss_trans"
"tl1.00_gl0.50_c25",1,0.5,25,1,NA,0.109419938314577,NA,"model4","mk","gain_loss_trans"
"tl1.50_gl0.50_c25",1.5,0.5,25,1,NA,0.0455345195758589,NA,"model4","mk","gain_loss_trans"
"tl2.50_gl0.50_c25",2.5,0.5,25,0.9,NA,0.328412439502337,NA,"model4","mk","gain_loss_trans"
"tl5.00_gl0.50_c25",5,0.5,25,0.4,NA,1.70255208605803,NA,"model4","mk","gain_loss_trans"
"tl1.00_gl1.00_c25",1,1,25,1,NA,0.109419938314577,NA,"model4","mk","gain_loss_trans"
"tl1.50_gl1.00_c25",1.5,1,25,1,NA,0.0455345195758589,NA,"model4","mk","gain_loss_trans"
"tl2.50_gl1.00_c25",2.5,1,25,0.9,NA,0.328412439502337,NA,"model4","mk","gain_loss_trans"
"tl5.00_gl1.00_c25",5,1,25,0.4,NA,1.70255208605803,NA,"model4","mk","gain_loss_trans"
"tl1.00_gl0.10_c50",1,0.1,50,1,NA,0.0521977657346524,NA,"model4","mk","gain_loss_trans"
"tl1.50_gl0.10_c50",1.5,0.1,50,0.9,NA,0.117703266489314,NA,"model4","mk","gain_loss_trans"
"tl2.50_gl0.10_c50",2.5,0.1,50,1,NA,0.0612153431487187,NA,"model4","mk","gain_loss_trans"
"tl5.00_gl0.10_c50",5,0.1,50,0.9,NA,0.406689443150163,NA,"model4","mk","gain_loss_trans"
"tl1.00_gl0.25_c50",1,0.25,50,1,NA,0.0521977657346524,NA,"model4","mk","gain_loss_trans"
"tl1.50_gl0.25_c50",1.5,0.25,50,0.9,NA,0.117703266489314,NA,"model4","mk","gain_loss_trans"
"tl2.50_gl0.25_c50",2.5,0.25,50,1,NA,0.0612153431487187,NA,"model4","mk","gain_loss_trans"
"tl5.00_gl0.25_c50",5,0.25,50,0.9,NA,0.406689443150163,NA,"model4","mk","gain_loss_trans"
"tl1.00_gl0.50_c50",1,0.5,50,1,NA,0.0521977657346524,NA,"model4","mk","gain_loss_trans"
"tl1.50_gl0.50_c50",1.5,0.5,50,0.9,NA,0.117703266489314,NA,"model4","mk","gain_loss_trans"
"tl2.50_gl0.50_c50",2.5,0.5,50,1,NA,0.0612153431487187,NA,"model4","mk","gain_loss_trans"
"tl5.00_gl0.50_c50",5,0.5,50,0.9,NA,0.406689443150163,NA,"model4","mk","gain_loss_trans"
"tl1.00_gl1.00_c50",1,1,50,1,NA,0.0521977657346524,NA,"model4","mk","gain_loss_trans"
"tl1.50_gl1.00_c50",1.5,1,50,0.9,NA,0.117703266489314,NA,"model4","mk","gain_loss_trans"
"tl2.50_gl1.00_c50",2.5,1,50,1,NA,0.0612153431487187,NA,"model4","mk","gain_loss_trans"
"tl5.00_gl1.00_c50",5,1,50,0.9,NA,0.406689443150163,NA,"model4","mk","gain_loss_trans"
"tl1.00_gl0.10_c100",1,0.1,100,0.9,NA,0.0583097108806352,NA,"model4","mk","gain_loss_trans"
"tl1.50_gl0.10_c100",1.5,0.1,100,0.8,NA,0.0620037084140689,NA,"model4","mk","gain_loss_trans"
"tl2.50_gl0.10_c100",2.5,0.1,100,0.8,NA,0.108451414348475,NA,"model4","mk","gain_loss_trans"
"tl5.00_gl0.10_c100",5,0.1,100,1,NA,0.157022936537662,NA,"model4","mk","gain_loss_trans"
"tl1.00_gl0.25_c100",1,0.25,100,0.9,NA,0.0583097108806352,NA,"model4","mk","gain_loss_trans"
"tl1.50_gl0.25_c100",1.5,0.25,100,0.8,NA,0.0620037084140689,NA,"model4","mk","gain_loss_trans"
"tl2.50_gl0.25_c100",2.5,0.25,100,0.8,NA,0.108451414348475,NA,"model4","mk","gain_loss_trans"
"tl5.00_gl0.25_c100",5,0.25,100,1,NA,0.157022936537662,NA,"model4","mk","gain_loss_trans"
"tl1.00_gl0.50_c100",1,0.5,100,0.9,NA,0.0583097108806352,NA,"model4","mk","gain_loss_trans"
"tl1.50_gl0.50_c100",1.5,0.5,100,0.8,NA,0.0620037084140689,NA,"model4","mk","gain_loss_trans"
"tl2.50_gl0.50_c100",2.5,0.5,100,0.8,NA,0.108451414348475,NA,"model4","mk","gain_loss_trans"
"tl5.00_gl0.50_c100",5,0.5,100,1,NA,0.157022936537662,NA,"model4","mk","gain_loss_trans"
"tl1.00_gl1.00_c100",1,1,100,0.9,NA,0.0583097108806352,NA,"model4","mk","gain_loss_trans"
"tl1.50_gl1.00_c100",1.5,1,100,0.8,NA,0.0620037084140689,NA,"model4","mk","gain_loss_trans"
"tl2.50_gl1.00_c100",2.5,1,100,0.8,NA,0.108451414348475,NA,"model4","mk","gain_loss_trans"
"tl5.00_gl1.00_c100",5,1,100,1,NA,0.157022936537662,NA,"model4","mk","gain_loss_trans"
"tl1.00_gl0.10_c200",1,0.1,200,0.9,NA,0.0137406972371338,NA,"model4","mk","gain_loss_trans"
"tl1.50_gl0.10_c200",1.5,0.1,200,0.8,NA,0.0315464889578875,NA,"model4","mk","gain_loss_trans"
"tl2.50_gl0.10_c200",2.5,0.1,200,1,NA,0.014748702769112,NA,"model4","mk","gain_loss_trans"
"tl5.00_gl0.10_c200",5,0.1,200,1,NA,0.0231842786763094,NA,"model4","mk","gain_loss_trans"
"tl1.00_gl0.25_c200",1,0.25,200,0.9,NA,0.0137406972371338,NA,"model4","mk","gain_loss_trans"
"tl1.50_gl0.25_c200",1.5,0.25,200,0.8,NA,0.0315464889578875,NA,"model4","mk","gain_loss_trans"
"tl2.50_gl0.25_c200",2.5,0.25,200,1,NA,0.014748702769112,NA,"model4","mk","gain_loss_trans"
"tl5.00_gl0.25_c200",5,0.25,200,1,NA,0.0231842786763094,NA,"model4","mk","gain_loss_trans"
"tl1.00_gl0.50_c200",1,0.5,200,0.9,NA,0.0137406972371338,NA,"model4","mk","gain_loss_trans"
"tl1.50_gl0.50_c200",1.5,0.5,200,0.8,NA,0.0315464889578875,NA,"model4","mk","gain_loss_trans"
"tl2.50_gl0.50_c200",2.5,0.5,200,1,NA,0.014748702769112,NA,"model4","mk","gain_loss_trans"
"tl5.00_gl0.50_c200",5,0.5,200,1,NA,0.0231842786763094,NA,"model4","mk","gain_loss_trans"
"tl1.00_gl1.00_c200",1,1,200,0.9,NA,0.0137406972371338,NA,"model4","mk","gain_loss_trans"
"tl1.50_gl1.00_c200",1.5,1,200,0.8,NA,0.0315464889578875,NA,"model4","mk","gain_loss_trans"
"tl2.50_gl1.00_c200",2.5,1,200,1,NA,0.014748702769112,NA,"model4","mk","gain_loss_trans"
"tl5.00_gl1.00_c200",5,1,200,1,NA,0.0231842786763094,NA,"model4","mk","gain_loss_trans"
"tl1.00_gl0.10_c25",1,0.1,25,1,NA,0.112630168656852,NA,"model5","mk","gain_loss_trans"
"tl1.50_gl0.10_c25",1.5,0.1,25,1,NA,0.0712990694921277,NA,"model5","mk","gain_loss_trans"
"tl2.50_gl0.10_c25",2.5,0.1,25,0.9,NA,0.454092124787194,NA,"model5","mk","gain_loss_trans"
"tl5.00_gl0.10_c25",5,0.1,25,0.4,NA,2.05857721022738,NA,"model5","mk","gain_loss_trans"
"tl1.00_gl0.25_c25",1,0.25,25,1,NA,0.112630168656852,NA,"model5","mk","gain_loss_trans"
"tl1.50_gl0.25_c25",1.5,0.25,25,1,NA,0.0712990694921277,NA,"model5","mk","gain_loss_trans"
"tl2.50_gl0.25_c25",2.5,0.25,25,0.9,NA,0.454092124787194,NA,"model5","mk","gain_loss_trans"
"tl5.00_gl0.25_c25",5,0.25,25,0.4,NA,2.05857721022738,NA,"model5","mk","gain_loss_trans"
"tl1.00_gl0.50_c25",1,0.5,25,1,NA,0.112630168656852,NA,"model5","mk","gain_loss_trans"
"tl1.50_gl0.50_c25",1.5,0.5,25,1,NA,0.0712990694921277,NA,"model5","mk","gain_loss_trans"
"tl2.50_gl0.50_c25",2.5,0.5,25,1,NA,0.375749716720182,NA,"model5","mk","gain_loss_trans"
"tl5.00_gl0.50_c25",5,0.5,25,0,NA,3.14652569302377,NA,"model5","mk","gain_loss_trans"
"tl1.00_gl1.00_c25",1,1,25,1,NA,0.00394288199995363,NA,"model5","mk","gain_loss_trans"
"tl1.50_gl1.00_c25",1.5,1,25,1,NA,0.0587341165769542,NA,"model5","mk","gain_loss_trans"
"tl2.50_gl1.00_c25",2.5,1,25,1,NA,0.353671296820729,NA,"model5","mk","gain_loss_trans"
"tl5.00_gl1.00_c25",5,1,25,0,NA,3.14652569302377,NA,"model5","mk","gain_loss_trans"
"tl1.00_gl0.10_c50",1,0.1,50,0.833333333333333,NA,0.10404423357411,NA,"model5","mk","gain_loss_trans"
"tl1.50_gl0.10_c50",1.5,0.1,50,0.9,NA,0.140304535668983,NA,"model5","mk","gain_loss_trans"
"tl2.50_gl0.10_c50",2.5,0.1,50,1,NA,0.07558417247485,NA,"model5","mk","gain_loss_trans"
"tl5.00_gl0.10_c50",5,0.1,50,0.9,NA,0.442986889876199,NA,"model5","mk","gain_loss_trans"
"tl1.00_gl0.25_c50",1,0.25,50,0.9,NA,0.0756692769213612,NA,"model5","mk","gain_loss_trans"
"tl1.50_gl0.25_c50",1.5,0.25,50,0.9,NA,0.140304535668983,NA,"model5","mk","gain_loss_trans"
"tl2.50_gl0.25_c50",2.5,0.25,50,1,NA,0.07558417247485,NA,"model5","mk","gain_loss_trans"
"tl5.00_gl0.25_c50",5,0.25,50,0.9,NA,0.442986889876199,NA,"model5","mk","gain_loss_trans"
"tl1.00_gl0.50_c50",1,0.5,50,0.9,NA,0.0756692769213612,NA,"model5","mk","gain_loss_trans"
"tl1.50_gl0.50_c50",1.5,0.5,50,0.9,NA,0.140304535668983,NA,"model5","mk","gain_loss_trans"
"tl2.50_gl0.50_c50",2.5,0.5,50,1,NA,0.07558417247485,NA,"model5","mk","gain_loss_trans"
"tl5.00_gl0.50_c50",5,0.5,50,0.9,NA,0.442986889876199,NA,"model5","mk","gain_loss_trans"
"tl1.00_gl1.00_c50",1,1,50,0.9,NA,0.0756692769213612,NA,"model5","mk","gain_loss_trans"
"tl1.50_gl1.00_c50",1.5,1,50,0.9,NA,0.140304535668983,NA,"model5","mk","gain_loss_trans"
"tl2.50_gl1.00_c50",2.5,1,50,1,NA,0.07558417247485,NA,"model5","mk","gain_loss_trans"
"tl5.00_gl1.00_c50",5,1,50,0.9,NA,0.442986889876199,NA,"model5","mk","gain_loss_trans"
"tl1.00_gl0.10_c100",1,0.1,100,0.9,NA,0.0611064356021797,NA,"model5","mk","gain_loss_trans"
"tl1.50_gl0.10_c100",1.5,0.1,100,0.8,NA,0.0727539561655803,NA,"model5","mk","gain_loss_trans"
"tl2.50_gl0.10_c100",2.5,0.1,100,0.8,NA,0.122899154091145,NA,"model5","mk","gain_loss_trans"
"tl5.00_gl0.10_c100",5,0.1,100,1,NA,0.154787975002413,NA,"model5","mk","gain_loss_trans"
"tl1.00_gl0.25_c100",1,0.25,100,0.9,NA,0.0611064356021797,NA,"model5","mk","gain_loss_trans"
"tl1.50_gl0.25_c100",1.5,0.25,100,0.8,NA,0.0727539561655803,NA,"model5","mk","gain_loss_trans"
"tl2.50_gl0.25_c100",2.5,0.25,100,0.8,NA,0.122899154091145,NA,"model5","mk","gain_loss_trans"
"tl5.00_gl0.25_c100",5,0.25,100,1,NA,0.154787975002413,NA,"model5","mk","gain_loss_trans"
"tl1.00_gl0.50_c100",1,0.5,100,0.9,NA,0.0611064356021797,NA,"model5","mk","gain_loss_trans"
"tl1.50_gl0.50_c100",1.5,0.5,100,0.8,NA,0.0727539561655803,NA,"model5","mk","gain_loss_trans"
"tl2.50_gl0.50_c100",2.5,0.5,100,0.8,NA,0.122899154091145,NA,"model5","mk","gain_loss_trans"
"tl5.00_gl0.50_c100",5,0.5,100,1,NA,0.154787975002413,NA,"model5","mk","gain_loss_trans"
"tl1.00_gl1.00_c100",1,1,100,0.9,NA,0.0611064356021797,NA,"model5","mk","gain_loss_trans"
"tl1.50_gl1.00_c100",1.5,1,100,0.8,NA,0.0727539561655803,NA,"model5","mk","gain_loss_trans"
"tl2.50_gl1.00_c100",2.5,1,100,0.8,NA,0.122899154091145,NA,"model5","mk","gain_loss_trans"
"tl5.00_gl1.00_c100",5,1,100,1,NA,0.154787975002413,NA,"model5","mk","gain_loss_trans"
"tl1.00_gl0.10_c200",1,0.1,200,1,NA,0.0139358647753857,NA,"model5","mk","gain_loss_trans"
"tl1.50_gl0.10_c200",1.5,0.1,200,0.8,NA,0.0319175938662374,NA,"model5","mk","gain_loss_trans"
"tl2.50_gl0.10_c200",2.5,0.1,200,1,NA,0.0157269955656747,NA,"model5","mk","gain_loss_trans"
"tl5.00_gl0.10_c200",5,0.1,200,1,NA,0.0264223734487488,NA,"model5","mk","gain_loss_trans"
"tl1.00_gl0.25_c200",1,0.25,200,1,NA,0.0139358647753857,NA,"model5","mk","gain_loss_trans"
"tl1.50_gl0.25_c200",1.5,0.25,200,0.8,NA,0.0319175938662374,NA,"model5","mk","gain_loss_trans"
"tl2.50_gl0.25_c200",2.5,0.25,200,1,NA,0.0157269955656747,NA,"model5","mk","gain_loss_trans"
"tl5.00_gl0.25_c200",5,0.25,200,1,NA,0.0264223734487488,NA,"model5","mk","gain_loss_trans"
"tl1.00_gl0.50_c200",1,0.5,200,1,NA,0.0139358647753857,NA,"model5","mk","gain_loss_trans"
"tl1.50_gl0.50_c200",1.5,0.5,200,0.8,NA,0.0319175938662374,NA,"model5","mk","gain_loss_trans"
"tl2.50_gl0.50_c200",2.5,0.5,200,1,NA,0.0157269955656747,NA,"model5","mk","gain_loss_trans"
"tl5.00_gl0.50_c200",5,0.5,200,1,NA,0.0264223734487488,NA,"model5","mk","gain_loss_trans"
"tl1.00_gl1.00_c200",1,1,200,1,NA,0.0139358647753857,NA,"model5","mk","gain_loss_trans"
"tl1.50_gl1.00_c200",1.5,1,200,0.8,NA,0.0319175938662374,NA,"model5","mk","gain_loss_trans"
"tl2.50_gl1.00_c200",2.5,1,200,1,NA,0.0157269955656747,NA,"model5","mk","gain_loss_trans"
"tl5.00_gl1.00_c200",5,1,200,1,NA,0.0264223734487488,NA,"model5","mk","gain_loss_trans"
"tl1.00_gl0.10_c25",1,0.1,25,1,NA,0.0903738769084516,NA,"model6","mk","gain_loss_trans"
"tl1.50_gl0.10_c25",1.5,0.1,25,1,NA,0.049334747910874,NA,"model6","mk","gain_loss_trans"
"tl2.50_gl0.10_c25",2.5,0.1,25,0.9,NA,0.388827846428939,NA,"model6","mk","gain_loss_trans"
"tl5.00_gl0.10_c25",5,0.1,25,0.6,NA,1.75840069896711,NA,"model6","mk","gain_loss_trans"
"tl1.00_gl0.25_c25",1,0.25,25,1,NA,0.0903738769084516,NA,"model6","mk","gain_loss_trans"
"tl1.50_gl0.25_c25",1.5,0.25,25,1,NA,0.049334747910874,NA,"model6","mk","gain_loss_trans"
"tl2.50_gl0.25_c25",2.5,0.25,25,0.9,NA,0.388827846428939,NA,"model6","mk","gain_loss_trans"
"tl5.00_gl0.25_c25",5,0.25,25,0.6,NA,1.75840069896711,NA,"model6","mk","gain_loss_trans"
"tl1.00_gl0.50_c25",1,0.5,25,1,NA,0.0903738769084516,NA,"model6","mk","gain_loss_trans"
"tl1.50_gl0.50_c25",1.5,0.5,25,1,NA,0.049334747910874,NA,"model6","mk","gain_loss_trans"
"tl2.50_gl0.50_c25",2.5,0.5,25,0.9,NA,0.388827846428939,NA,"model6","mk","gain_loss_trans"
"tl5.00_gl0.50_c25",5,0.5,25,0.6,NA,1.75840069896711,NA,"model6","mk","gain_loss_trans"
"tl1.00_gl1.00_c25",1,1,25,1,NA,0.0903738769084516,NA,"model6","mk","gain_loss_trans"
"tl1.50_gl1.00_c25",1.5,1,25,1,NA,0.049334747910874,NA,"model6","mk","gain_loss_trans"
"tl2.50_gl1.00_c25",2.5,1,25,0.9,NA,0.388827846428939,NA,"model6","mk","gain_loss_trans"
"tl5.00_gl1.00_c25",5,1,25,0.6,NA,1.75840069896711,NA,"model6","mk","gain_loss_trans"
"tl1.00_gl0.10_c50",1,0.1,50,1,NA,0.0544579512881835,NA,"model6","mk","gain_loss_trans"
"tl1.50_gl0.10_c50",1.5,0.1,50,1,NA,0.137751853030174,NA,"model6","mk","gain_loss_trans"
"tl2.50_gl0.10_c50",2.5,0.1,50,1,NA,0.0845335919273193,NA,"model6","mk","gain_loss_trans"
"tl5.00_gl0.10_c50",5,0.1,50,0.9,NA,0.431541666185837,NA,"model6","mk","gain_loss_trans"
"tl1.00_gl0.25_c50",1,0.25,50,1,NA,0.0544579512881835,NA,"model6","mk","gain_loss_trans"
"tl1.50_gl0.25_c50",1.5,0.25,50,1,NA,0.137751853030174,NA,"model6","mk","gain_loss_trans"
"tl2.50_gl0.25_c50",2.5,0.25,50,1,NA,0.0845335919273193,NA,"model6","mk","gain_loss_trans"
"tl5.00_gl0.25_c50",5,0.25,50,0.9,NA,0.431541666185837,NA,"model6","mk","gain_loss_trans"
"tl1.00_gl0.50_c50",1,0.5,50,1,NA,0.0544579512881835,NA,"model6","mk","gain_loss_trans"
"tl1.50_gl0.50_c50",1.5,0.5,50,1,NA,0.137751853030174,NA,"model6","mk","gain_loss_trans"
"tl2.50_gl0.50_c50",2.5,0.5,50,1,NA,0.0845335919273193,NA,"model6","mk","gain_loss_trans"
"tl5.00_gl0.50_c50",5,0.5,50,0.9,NA,0.431541666185837,NA,"model6","mk","gain_loss_trans"
"tl1.00_gl1.00_c50",1,1,50,1,NA,0.0544579512881835,NA,"model6","mk","gain_loss_trans"
"tl1.50_gl1.00_c50",1.5,1,50,1,NA,0.137751853030174,NA,"model6","mk","gain_loss_trans"
"tl2.50_gl1.00_c50",2.5,1,50,1,NA,0.0845335919273193,NA,"model6","mk","gain_loss_trans"
"tl5.00_gl1.00_c50",5,1,50,0.9,NA,0.431541666185837,NA,"model6","mk","gain_loss_trans"
"tl1.00_gl0.10_c100",1,0.1,100,1,NA,0.0550521024123788,NA,"model6","mk","gain_loss_trans"
"tl1.50_gl0.10_c100",1.5,0.1,100,1,NA,0.0698699161874426,NA,"model6","mk","gain_loss_trans"
"tl2.50_gl0.10_c100",2.5,0.1,100,0.9,NA,0.137228578265807,NA,"model6","mk","gain_loss_trans"
"tl5.00_gl0.10_c100",5,0.1,100,1,NA,0.155901355993002,NA,"model6","mk","gain_loss_trans"
"tl1.00_gl0.25_c100",1,0.25,100,1,NA,0.0549713016155376,NA,"model6","mk","gain_loss_trans"
"tl1.50_gl0.25_c100",1.5,0.25,100,1,NA,0.0698699161874426,NA,"model6","mk","gain_loss_trans"
"tl2.50_gl0.25_c100",2.5,0.25,100,0.9,NA,0.137228578265807,NA,"model6","mk","gain_loss_trans"
"tl5.00_gl0.25_c100",5,0.25,100,1,NA,0.155901355993002,NA,"model6","mk","gain_loss_trans"
"tl1.00_gl0.50_c100",1,0.5,100,1,NA,0.0550659156767679,NA,"model6","mk","gain_loss_trans"
"tl1.50_gl0.50_c100",1.5,0.5,100,1,NA,0.0698699161874426,NA,"model6","mk","gain_loss_trans"
"tl2.50_gl0.50_c100",2.5,0.5,100,0.9,NA,0.137228578265807,NA,"model6","mk","gain_loss_trans"
"tl5.00_gl0.50_c100",5,0.5,100,1,NA,0.155901355993002,NA,"model6","mk","gain_loss_trans"
"tl1.00_gl1.00_c100",1,1,100,1,NA,0.0549619465814782,NA,"model6","mk","gain_loss_trans"
"tl1.50_gl1.00_c100",1.5,1,100,1,NA,0.0698699161874426,NA,"model6","mk","gain_loss_trans"
"tl2.50_gl1.00_c100",2.5,1,100,0.9,NA,0.137228578265807,NA,"model6","mk","gain_loss_trans"
"tl5.00_gl1.00_c100",5,1,100,1,NA,0.155901355993002,NA,"model6","mk","gain_loss_trans"
"tl1.00_gl0.10_c200",1,0.1,200,1,NA,0.0110495506548486,NA,"model6","mk","gain_loss_trans"
"tl1.50_gl0.10_c200",1.5,0.1,200,1,NA,0.0271057717812662,NA,"model6","mk","gain_loss_trans"
"tl2.50_gl0.10_c200",2.5,0.1,200,1,NA,0.0160453146714289,NA,"model6","mk","gain_loss_trans"
"tl5.00_gl0.10_c200",5,0.1,200,1,NA,0.0282338232970466,NA,"model6","mk","gain_loss_trans"
"tl1.00_gl0.25_c200",1,0.25,200,1,NA,0.0110632336394407,NA,"model6","mk","gain_loss_trans"
"tl1.50_gl0.25_c200",1.5,0.25,200,1,NA,0.0271057717812662,NA,"model6","mk","gain_loss_trans"
"tl2.50_gl0.25_c200",2.5,0.25,200,1,NA,0.0160453146714289,NA,"model6","mk","gain_loss_trans"
"tl5.00_gl0.25_c200",5,0.25,200,1,NA,0.0282338232970466,NA,"model6","mk","gain_loss_trans"
"tl1.00_gl0.50_c200",1,0.5,200,1,NA,0.0110637908512026,NA,"model6","mk","gain_loss_trans"
"tl1.50_gl0.50_c200",1.5,0.5,200,1,NA,0.0271057717812662,NA,"model6","mk","gain_loss_trans"
"tl2.50_gl0.50_c200",2.5,0.5,200,1,NA,0.0160453146714289,NA,"model6","mk","gain_loss_trans"
"tl5.00_gl0.50_c200",5,0.5,200,1,NA,0.0282338232970466,NA,"model6","mk","gain_loss_trans"
"tl1.00_gl1.00_c200",1,1,200,1,NA,0.0110414760757214,NA,"model6","mk","gain_loss_trans"
"tl1.50_gl1.00_c200",1.5,1,200,1,NA,0.0271057717812662,NA,"model6","mk","gain_loss_trans"
"tl2.50_gl1.00_c200",2.5,1,200,1,NA,0.0160453146714289,NA,"model6","mk","gain_loss_trans"
"tl5.00_gl1.00_c200",5,1,200,1,NA,0.0282338232970466,NA,"model6","mk","gain_loss_trans"
"tl1.00_gl0.10_c25",1,0.1,25,1,NA,0.146395669454153,NA,"model7","mk","gain_loss_trans"
"tl1.50_gl0.10_c25",1.5,0.1,25,1,NA,0.234378892465752,NA,"model7","mk","gain_loss_trans"
"tl2.50_gl0.10_c25",2.5,0.1,25,0.8,NA,1.04272819988873,NA,"model7","mk","gain_loss_trans"
"tl5.00_gl0.10_c25",5,0.1,25,0.25,NA,5.23923390588036,NA,"model7","mk","gain_loss_trans"
"tl1.00_gl0.25_c25",1,0.25,25,1,NA,0.146395669454153,NA,"model7","mk","gain_loss_trans"
"tl1.50_gl0.25_c25",1.5,0.25,25,1,NA,0.234378892465752,NA,"model7","mk","gain_loss_trans"
"tl2.50_gl0.25_c25",2.5,0.25,25,0.8,NA,1.04272819988873,NA,"model7","mk","gain_loss_trans"
"tl5.00_gl0.25_c25",5,0.25,25,0.25,NA,5.24227883588518,NA,"model7","mk","gain_loss_trans"
"tl1.00_gl0.50_c25",1,0.5,25,1,NA,0.146395669454153,NA,"model7","mk","gain_loss_trans"
"tl1.50_gl0.50_c25",1.5,0.5,25,1,NA,0.234378892465752,NA,"model7","mk","gain_loss_trans"
"tl2.50_gl0.50_c25",2.5,0.5,25,0.8,NA,1.04272819988873,NA,"model7","mk","gain_loss_trans"
"tl5.00_gl0.50_c25",5,0.5,25,0.25,NA,5.23933628295076,NA,"model7","mk","gain_loss_trans"
"tl1.00_gl1.00_c25",1,1,25,1,NA,0.146395669454153,NA,"model7","mk","gain_loss_trans"
"tl1.50_gl1.00_c25",1.5,1,25,1,NA,0.234378892465752,NA,"model7","mk","gain_loss_trans"
"tl2.50_gl1.00_c25",2.5,1,25,0.8,NA,1.04272819988873,NA,"model7","mk","gain_loss_trans"
"tl5.00_gl1.00_c25",5,1,25,0.25,NA,5.24184810630921,NA,"model7","mk","gain_loss_trans"
"tl1.00_gl0.10_c50",1,0.1,50,0.8,NA,0.166239379479763,NA,"model7","mk","gain_loss_trans"
"tl1.50_gl0.10_c50",1.5,0.1,50,0.7,NA,0.355466377312376,NA,"model7","mk","gain_loss_trans"
"tl2.50_gl0.10_c50",2.5,0.1,50,0.9,NA,0.659033230761039,NA,"model7","mk","gain_loss_trans"
"tl5.00_gl0.10_c50",5,0.1,50,0.4,NA,3.46361889391379,NA,"model7","mk","gain_loss_trans"
"tl1.00_gl0.25_c50",1,0.25,50,0.8,NA,0.166239379479763,NA,"model7","mk","gain_loss_trans"
"tl1.50_gl0.25_c50",1.5,0.25,50,0.7,NA,0.355466377312376,NA,"model7","mk","gain_loss_trans"
"tl2.50_gl0.25_c50",2.5,0.25,50,0.9,NA,0.659732303748798,NA,"model7","mk","gain_loss_trans"
"tl5.00_gl0.25_c50",5,0.25,50,0.4,NA,3.47458994296596,NA,"model7","mk","gain_loss_trans"
"tl1.00_gl0.50_c50",1,0.5,50,0.8,NA,0.166239379479763,NA,"model7","mk","gain_loss_trans"
"tl1.50_gl0.50_c50",1.5,0.5,50,0.7,NA,0.355466377312376,NA,"model7","mk","gain_loss_trans"
"tl2.50_gl0.50_c50",2.5,0.5,50,0.9,NA,0.659604369801995,NA,"model7","mk","gain_loss_trans"
"tl5.00_gl0.50_c50",5,0.5,50,0.4,NA,3.46810187304976,NA,"model7","mk","gain_loss_trans"
"tl1.00_gl1.00_c50",1,1,50,0.8,NA,0.166239379479763,NA,"model7","mk","gain_loss_trans"
"tl1.50_gl1.00_c50",1.5,1,50,0.7,NA,0.355466377312376,NA,"model7","mk","gain_loss_trans"
"tl2.50_gl1.00_c50",2.5,1,50,0.9,NA,0.659921281945859,NA,"model7","mk","gain_loss_trans"
"tl5.00_gl1.00_c50",5,1,50,0.4,NA,3.46542104268109,NA,"model7","mk","gain_loss_trans"
"tl1.00_gl0.10_c100",1,0.1,100,0.555555555555556,NA,0.137724072123086,NA,"model7","mk","gain_loss_trans"
"tl1.50_gl0.10_c100",1.5,0.1,100,0.7,NA,0.284120386764828,NA,"model7","mk","gain_loss_trans"
"tl2.50_gl0.10_c100",2.5,0.1,100,0.571428571428571,NA,0.909892804018191,NA,"model7","mk","gain_loss_trans"
"tl5.00_gl0.10_c100",5,0.1,100,0.571428571428571,NA,1.14665338958449,NA,"model7","mk","gain_loss_trans"
"tl1.00_gl0.25_c100",1,0.25,100,0.555555555555556,NA,0.137724072123086,NA,"model7","mk","gain_loss_trans"
"tl1.50_gl0.25_c100",1.5,0.25,100,0.7,NA,0.284181172030448,NA,"model7","mk","gain_loss_trans"
"tl2.50_gl0.25_c100",2.5,0.25,100,0.571428571428571,NA,0.908017681370798,NA,"model7","mk","gain_loss_trans"
"tl5.00_gl0.25_c100",5,0.25,100,0.571428571428571,NA,1.14272151491761,NA,"model7","mk","gain_loss_trans"
"tl1.00_gl0.50_c100",1,0.5,100,0.555555555555556,NA,0.137724072123086,NA,"model7","mk","gain_loss_trans"
"tl1.50_gl0.50_c100",1.5,0.5,100,0.7,NA,0.284069866298845,NA,"model7","mk","gain_loss_trans"
"tl2.50_gl0.50_c100",2.5,0.5,100,0.571428571428571,NA,0.907850669832304,NA,"model7","mk","gain_loss_trans"
"tl5.00_gl0.50_c100",5,0.5,100,0.571428571428571,NA,1.14676613737716,NA,"model7","mk","gain_loss_trans"
"tl1.00_gl1.00_c100",1,1,100,0.555555555555556,NA,0.137735810363985,NA,"model7","mk","gain_loss_trans"
"tl1.50_gl1.00_c100",1.5,1,100,0.7,NA,0.284016861693561,NA,"model7","mk","gain_loss_trans"
"tl2.50_gl1.00_c100",2.5,1,100,0.571428571428571,NA,0.906576977272413,NA,"model7","mk","gain_loss_trans"
"tl5.00_gl1.00_c100",5,1,100,0.571428571428571,NA,1.1458042093731,NA,"model7","mk","gain_loss_trans"
"tl1.00_gl0.10_c200",1,0.1,200,0.875,NA,0.0524545887768464,NA,"model7","mk","gain_loss_trans"
"tl1.50_gl0.10_c200",1.5,0.1,200,1,NA,0.153117074259661,NA,"model7","mk","gain_loss_trans"
"tl2.50_gl0.10_c200",2.5,0.1,200,0.833333333333333,NA,0.451327105677259,NA,"model7","mk","gain_loss_trans"
"tl5.00_gl0.10_c200",5,0.1,200,1,NA,0.540463347169121,NA,"model7","mk","gain_loss_trans"
"tl1.00_gl0.25_c200",1,0.25,200,0.875,NA,0.0525096400647201,NA,"model7","mk","gain_loss_trans"
"tl1.50_gl0.25_c200",1.5,0.25,200,1,NA,0.152450256415538,NA,"model7","mk","gain_loss_trans"
"tl2.50_gl0.25_c200",2.5,0.25,200,0.833333333333333,NA,0.450735396088541,NA,"model7","mk","gain_loss_trans"
"tl5.00_gl0.25_c200",5,0.25,200,1,NA,0.540294911028852,NA,"model7","mk","gain_loss_trans"
"tl1.00_gl0.50_c200",1,0.5,200,0.875,NA,0.0520618612637443,NA,"model7","mk","gain_loss_trans"
"tl1.50_gl0.50_c200",1.5,0.5,200,1,NA,0.152220635718177,NA,"model7","mk","gain_loss_trans"
"tl2.50_gl0.50_c200",2.5,0.5,200,0.833333333333333,NA,0.45155609337642,NA,"model7","mk","gain_loss_trans"
"tl5.00_gl0.50_c200",5,0.5,200,1,NA,0.541234908339833,NA,"model7","mk","gain_loss_trans"
"tl1.00_gl1.00_c200",1,1,200,0.875,NA,0.053171733392785,NA,"model7","mk","gain_loss_trans"
"tl1.50_gl1.00_c200",1.5,1,200,1,NA,0.152385076780294,NA,"model7","mk","gain_loss_trans"
"tl2.50_gl1.00_c200",2.5,1,200,0.833333333333333,NA,0.450774081329109,NA,"model7","mk","gain_loss_trans"
"tl5.00_gl1.00_c200",5,1,200,1,NA,0.540792026071405,NA,"model7","mk","gain_loss_trans"
"tl1.00_gl0.10_c25",1,0.1,25,1,NA,0.0912645881647,NA,"model8","mk","gain_loss_trans"
"tl1.50_gl0.10_c25",1.5,0.1,25,1,NA,0.0778369141387584,NA,"model8","mk","gain_loss_trans"
"tl2.50_gl0.10_c25",2.5,0.1,25,0.9,NA,0.491468609145953,NA,"model8","mk","gain_loss_trans"
"tl5.00_gl0.10_c25",5,0.1,25,0.5,NA,2.13166798734878,NA,"model8","mk","gain_loss_trans"
"tl1.00_gl0.25_c25",1,0.25,25,1,NA,0.0912645881647,NA,"model8","mk","gain_loss_trans"
"tl1.50_gl0.25_c25",1.5,0.25,25,1,NA,0.0778369141387584,NA,"model8","mk","gain_loss_trans"
"tl2.50_gl0.25_c25",2.5,0.25,25,0.9,NA,0.491468609145953,NA,"model8","mk","gain_loss_trans"
"tl5.00_gl0.25_c25",5,0.25,25,0.5,NA,2.13166798734878,NA,"model8","mk","gain_loss_trans"
"tl1.00_gl0.50_c25",1,0.5,25,1,NA,0.0912645881647,NA,"model8","mk","gain_loss_trans"
"tl1.50_gl0.50_c25",1.5,0.5,25,1,NA,0.0778369141387584,NA,"model8","mk","gain_loss_trans"
"tl2.50_gl0.50_c25",2.5,0.5,25,0.9,NA,0.491468609145953,NA,"model8","mk","gain_loss_trans"
"tl5.00_gl0.50_c25",5,0.5,25,0.5,NA,2.13166798734878,NA,"model8","mk","gain_loss_trans"
"tl1.00_gl1.00_c25",1,1,25,1,NA,0.0912645881647,NA,"model8","mk","gain_loss_trans"
"tl1.50_gl1.00_c25",1.5,1,25,1,NA,0.0778369141387584,NA,"model8","mk","gain_loss_trans"
"tl2.50_gl1.00_c25",2.5,1,25,0.9,NA,0.491468609145953,NA,"model8","mk","gain_loss_trans"
"tl5.00_gl1.00_c25",5,1,25,0.5,NA,2.13166798734878,NA,"model8","mk","gain_loss_trans"
"tl1.00_gl0.10_c50",1,0.1,50,1,NA,0.075734103090365,NA,"model8","mk","gain_loss_trans"
"tl1.50_gl0.10_c50",1.5,0.1,50,1,NA,0.150446406074957,NA,"model8","mk","gain_loss_trans"
"tl2.50_gl0.10_c50",2.5,0.1,50,1,NA,0.0990110307594633,NA,"model8","mk","gain_loss_trans"
"tl5.00_gl0.10_c50",5,0.1,50,0.9,NA,0.461851307781655,NA,"model8","mk","gain_loss_trans"
"tl1.00_gl0.25_c50",1,0.25,50,1,NA,0.075734103090365,NA,"model8","mk","gain_loss_trans"
"tl1.50_gl0.25_c50",1.5,0.25,50,1,NA,0.150446406074957,NA,"model8","mk","gain_loss_trans"
"tl2.50_gl0.25_c50",2.5,0.25,50,1,NA,0.0990110307594633,NA,"model8","mk","gain_loss_trans"
"tl5.00_gl0.25_c50",5,0.25,50,0.9,NA,0.461851307781655,NA,"model8","mk","gain_loss_trans"
"tl1.00_gl0.50_c50",1,0.5,50,1,NA,0.075734103090365,NA,"model8","mk","gain_loss_trans"
"tl1.50_gl0.50_c50",1.5,0.5,50,1,NA,0.150446406074957,NA,"model8","mk","gain_loss_trans"
"tl2.50_gl0.50_c50",2.5,0.5,50,1,NA,0.0990110307594633,NA,"model8","mk","gain_loss_trans"
"tl5.00_gl0.50_c50",5,0.5,50,0.9,NA,0.461851307781655,NA,"model8","mk","gain_loss_trans"
"tl1.00_gl1.00_c50",1,1,50,1,NA,0.075734103090365,NA,"model8","mk","gain_loss_trans"
"tl1.50_gl1.00_c50",1.5,1,50,1,NA,0.150446406074957,NA,"model8","mk","gain_loss_trans"
"tl2.50_gl1.00_c50",2.5,1,50,1,NA,0.0990110307594633,NA,"model8","mk","gain_loss_trans"
"tl5.00_gl1.00_c50",5,1,50,0.9,NA,0.461851307781655,NA,"model8","mk","gain_loss_trans"
"tl1.00_gl0.10_c100",1,0.1,100,1,NA,0.0663902506318866,NA,"model8","mk","gain_loss_trans"
"tl1.50_gl0.10_c100",1.5,0.1,100,1,NA,0.0845925314093779,NA,"model8","mk","gain_loss_trans"
"tl2.50_gl0.10_c100",2.5,0.1,100,0.8,NA,0.148248009874793,NA,"model8","mk","gain_loss_trans"
"tl5.00_gl0.10_c100",5,0.1,100,1,NA,0.140838165155893,NA,"model8","mk","gain_loss_trans"
"tl1.00_gl0.25_c100",1,0.25,100,1,NA,0.0663902506318866,NA,"model8","mk","gain_loss_trans"
"tl1.50_gl0.25_c100",1.5,0.25,100,1,NA,0.0845925314093779,NA,"model8","mk","gain_loss_trans"
"tl2.50_gl0.25_c100",2.5,0.25,100,0.8,NA,0.148248009874793,NA,"model8","mk","gain_loss_trans"
"tl5.00_gl0.25_c100",5,0.25,100,1,NA,0.140838165155893,NA,"model8","mk","gain_loss_trans"
"tl1.00_gl0.50_c100",1,0.5,100,1,NA,0.0663902506318866,NA,"model8","mk","gain_loss_trans"
"tl1.50_gl0.50_c100",1.5,0.5,100,1,NA,0.0845925314093779,NA,"model8","mk","gain_loss_trans"
"tl2.50_gl0.50_c100",2.5,0.5,100,0.8,NA,0.148248009874793,NA,"model8","mk","gain_loss_trans"
"tl5.00_gl0.50_c100",5,0.5,100,1,NA,0.140838165155893,NA,"model8","mk","gain_loss_trans"
"tl1.00_gl1.00_c100",1,1,100,1,NA,0.0663902506318866,NA,"model8","mk","gain_loss_trans"
"tl1.50_gl1.00_c100",1.5,1,100,1,NA,0.0845925314093779,NA,"model8","mk","gain_loss_trans"
"tl2.50_gl1.00_c100",2.5,1,100,0.8,NA,0.148248009874793,NA,"model8","mk","gain_loss_trans"
"tl5.00_gl1.00_c100",5,1,100,1,NA,0.140838165155893,NA,"model8","mk","gain_loss_trans"
"tl1.00_gl0.10_c200",1,0.1,200,1,NA,0.0121802147155601,NA,"model8","mk","gain_loss_trans"
"tl1.50_gl0.10_c200",1.5,0.1,200,1,NA,0.0295736452271603,NA,"model8","mk","gain_loss_trans"
"tl2.50_gl0.10_c200",2.5,0.1,200,1,NA,0.0170947479940568,NA,"model8","mk","gain_loss_trans"
"tl5.00_gl0.10_c200",5,0.1,200,1,NA,0.0272673943413051,NA,"model8","mk","gain_loss_trans"
"tl1.00_gl0.25_c200",1,0.25,200,1,NA,0.0121799117059164,NA,"model8","mk","gain_loss_trans"
"tl1.50_gl0.25_c200",1.5,0.25,200,1,NA,0.0295736452271603,NA,"model8","mk","gain_loss_trans"
"tl2.50_gl0.25_c200",2.5,0.25,200,1,NA,0.0170947479940568,NA,"model8","mk","gain_loss_trans"
"tl5.00_gl0.25_c200",5,0.25,200,1,NA,0.0272673943413051,NA,"model8","mk","gain_loss_trans"
"tl1.00_gl0.50_c200",1,0.5,200,1,NA,0.0121881654023013,NA,"model8","mk","gain_loss_trans"
"tl1.50_gl0.50_c200",1.5,0.5,200,1,NA,0.0295736452271603,NA,"model8","mk","gain_loss_trans"
"tl2.50_gl0.50_c200",2.5,0.5,200,1,NA,0.0170947479940568,NA,"model8","mk","gain_loss_trans"
"tl5.00_gl0.50_c200",5,0.5,200,1,NA,0.0272673943413051,NA,"model8","mk","gain_loss_trans"
"tl1.00_gl1.00_c200",1,1,200,1,NA,0.0121826999641588,NA,"model8","mk","gain_loss_trans"
"tl1.50_gl1.00_c200",1.5,1,200,1,NA,0.0295736452271603,NA,"model8","mk","gain_loss_trans"
"tl2.50_gl1.00_c200",2.5,1,200,1,NA,0.0170947479940568,NA,"model8","mk","gain_loss_trans"
"tl5.00_gl1.00_c200",5,1,200,1,NA,0.0272673943413051,NA,"model8","mk","gain_loss_trans"
"tl1.00_gl0.10_c25",1,0.1,25,1,NA,0.141765062252034,NA,"model9","mk","gain_loss_trans"
"tl1.50_gl0.10_c25",1.5,0.1,25,1,NA,0.238516360426363,NA,"model9","mk","gain_loss_trans"
"tl2.50_gl0.10_c25",2.5,0.1,25,0.8,NA,1.10124952188475,NA,"model9","mk","gain_loss_trans"
"tl5.00_gl0.10_c25",5,0.1,25,0.3,NA,6.76448007477013,NA,"model9","mk","gain_loss_trans"
"tl1.00_gl0.25_c25",1,0.25,25,1,NA,0.141765062252034,NA,"model9","mk","gain_loss_trans"
"tl1.50_gl0.25_c25",1.5,0.25,25,1,NA,0.238516360426363,NA,"model9","mk","gain_loss_trans"
"tl2.50_gl0.25_c25",2.5,0.25,25,0.8,NA,1.10124952188475,NA,"model9","mk","gain_loss_trans"
"tl5.00_gl0.25_c25",5,0.25,25,0.3,NA,6.76355785665611,NA,"model9","mk","gain_loss_trans"
"tl1.00_gl0.50_c25",1,0.5,25,1,NA,0.141765062252034,NA,"model9","mk","gain_loss_trans"
"tl1.50_gl0.50_c25",1.5,0.5,25,1,NA,0.238516360426363,NA,"model9","mk","gain_loss_trans"
"tl2.50_gl0.50_c25",2.5,0.5,25,0.8,NA,1.10124952188475,NA,"model9","mk","gain_loss_trans"
"tl5.00_gl0.50_c25",5,0.5,25,0.3,NA,6.76355785665611,NA,"model9","mk","gain_loss_trans"
"tl1.00_gl1.00_c25",1,1,25,1,NA,0.141765062252034,NA,"model9","mk","gain_loss_trans"
"tl1.50_gl1.00_c25",1.5,1,25,1,NA,0.238516360426363,NA,"model9","mk","gain_loss_trans"
"tl2.50_gl1.00_c25",2.5,1,25,0.8,NA,1.10124952188475,NA,"model9","mk","gain_loss_trans"
"tl5.00_gl1.00_c25",5,1,25,0.3,NA,6.76355785665611,NA,"model9","mk","gain_loss_trans"
"tl1.00_gl0.10_c50",1,0.1,50,0.8,NA,0.141158233144457,NA,"model9","mk","gain_loss_trans"
"tl1.50_gl0.10_c50",1.5,0.1,50,0.8,NA,0.304143226889272,NA,"model9","mk","gain_loss_trans"
"tl2.50_gl0.10_c50",2.5,0.1,50,1,NA,0.65994059130956,NA,"model9","mk","gain_loss_trans"
"tl5.00_gl0.10_c50",5,0.1,50,0.5,NA,4.97632063182179,NA,"model9","mk","gain_loss_trans"
"tl1.00_gl0.25_c50",1,0.25,50,0.8,NA,0.141158233144457,NA,"model9","mk","gain_loss_trans"
"tl1.50_gl0.25_c50",1.5,0.25,50,0.8,NA,0.304143226889272,NA,"model9","mk","gain_loss_trans"
"tl2.50_gl0.25_c50",2.5,0.25,50,1,NA,0.65994059130956,NA,"model9","mk","gain_loss_trans"
"tl5.00_gl0.25_c50",5,0.25,50,0.5,NA,4.9750274573041,NA,"model9","mk","gain_loss_trans"
"tl1.00_gl0.50_c50",1,0.5,50,0.8,NA,0.141158233144457,NA,"model9","mk","gain_loss_trans"
"tl1.50_gl0.50_c50",1.5,0.5,50,0.8,NA,0.304143226889272,NA,"model9","mk","gain_loss_trans"
"tl2.50_gl0.50_c50",2.5,0.5,50,1,NA,0.65994059130956,NA,"model9","mk","gain_loss_trans"
"tl5.00_gl0.50_c50",5,0.5,50,0.5,NA,4.9926141647094,NA,"model9","mk","gain_loss_trans"
"tl1.00_gl1.00_c50",1,1,50,0.8,NA,0.141158233144457,NA,"model9","mk","gain_loss_trans"
"tl1.50_gl1.00_c50",1.5,1,50,0.8,NA,0.304143226889272,NA,"model9","mk","gain_loss_trans"
"tl2.50_gl1.00_c50",2.5,1,50,1,NA,0.65994059130956,NA,"model9","mk","gain_loss_trans"
"tl5.00_gl1.00_c50",5,1,50,0.5,NA,4.99262569047322,NA,"model9","mk","gain_loss_trans"
"tl1.00_gl0.10_c100",1,0.1,100,0.9,NA,0.11281030442955,NA,"model9","mk","gain_loss_trans"
"tl1.50_gl0.10_c100",1.5,0.1,100,0.8,NA,0.230913172961602,NA,"model9","mk","gain_loss_trans"
"tl2.50_gl0.10_c100",2.5,0.1,100,0.8,NA,0.658939267212761,NA,"model9","mk","gain_loss_trans"
"tl5.00_gl0.10_c100",5,0.1,100,0.7,NA,4.16932604419442,NA,"model9","mk","gain_loss_trans"
"tl1.00_gl0.25_c100",1,0.25,100,0.9,NA,0.11281030442955,NA,"model9","mk","gain_loss_trans"
"tl1.50_gl0.25_c100",1.5,0.25,100,0.8,NA,0.230913172961602,NA,"model9","mk","gain_loss_trans"
"tl2.50_gl0.25_c100",2.5,0.25,100,0.8,NA,0.659309728336635,NA,"model9","mk","gain_loss_trans"
"tl5.00_gl0.25_c100",5,0.25,100,0.7,NA,4.15658945461332,NA,"model9","mk","gain_loss_trans"
"tl1.00_gl0.50_c100",1,0.5,100,0.9,NA,0.11281030442955,NA,"model9","mk","gain_loss_trans"
"tl1.50_gl0.50_c100",1.5,0.5,100,0.8,NA,0.230913172961602,NA,"model9","mk","gain_loss_trans"
"tl2.50_gl0.50_c100",2.5,0.5,100,0.8,NA,0.659094795188599,NA,"model9","mk","gain_loss_trans"
"tl5.00_gl0.50_c100",5,0.5,100,0.7,NA,4.17028710381716,NA,"model9","mk","gain_loss_trans"
"tl1.00_gl1.00_c100",1,1,100,0.9,NA,0.11281030442955,NA,"model9","mk","gain_loss_trans"
"tl1.50_gl1.00_c100",1.5,1,100,0.8,NA,0.230913172961602,NA,"model9","mk","gain_loss_trans"
"tl2.50_gl1.00_c100",2.5,1,100,0.8,NA,0.65910552513202,NA,"model9","mk","gain_loss_trans"
"tl5.00_gl1.00_c100",5,1,100,0.7,NA,4.15911938892276,NA,"model9","mk","gain_loss_trans"
"tl1.00_gl0.10_c200",1,0.1,200,1,NA,0.0384694133168412,NA,"model9","mk","gain_loss_trans"
"tl1.50_gl0.10_c200",1.5,0.1,200,0.9,NA,0.106147673785704,NA,"model9","mk","gain_loss_trans"
"tl2.50_gl0.10_c200",2.5,0.1,200,1,NA,0.324285602665582,NA,"model9","mk","gain_loss_trans"
"tl5.00_gl0.10_c200",5,0.1,200,0.9,NA,6.12924884922463,NA,"model9","mk","gain_loss_trans"
"tl1.00_gl0.25_c200",1,0.25,200,1,NA,0.038335481876298,NA,"model9","mk","gain_loss_trans"
"tl1.50_gl0.25_c200",1.5,0.25,200,0.9,NA,0.106254485117282,NA,"model9","mk","gain_loss_trans"
"tl2.50_gl0.25_c200",2.5,0.25,200,1,NA,0.324722885870073,NA,"model9","mk","gain_loss_trans"
"tl5.00_gl0.25_c200",5,0.25,200,0.9,NA,6.13805245459033,NA,"model9","mk","gain_loss_trans"
"tl1.00_gl0.50_c200",1,0.5,200,1,NA,0.038332003213653,NA,"model9","mk","gain_loss_trans"
"tl1.50_gl0.50_c200",1.5,0.5,200,0.9,NA,0.106242546608374,NA,"model9","mk","gain_loss_trans"
"tl2.50_gl0.50_c200",2.5,0.5,200,1,NA,0.324584414537208,NA,"model9","mk","gain_loss_trans"
"tl5.00_gl0.50_c200",5,0.5,200,0.9,NA,6.13528418865883,NA,"model9","mk","gain_loss_trans"
"tl1.00_gl1.00_c200",1,1,200,1,NA,0.0383380341324341,NA,"model9","mk","gain_loss_trans"
"tl1.50_gl1.00_c200",1.5,1,200,0.9,NA,0.106460874587071,NA,"model9","mk","gain_loss_trans"
"tl2.50_gl1.00_c200",2.5,1,200,1,NA,0.326482746769519,NA,"model9","mk","gain_loss_trans"
"tl5.00_gl1.00_c200",5,1,200,0.9,NA,6.13654257880234,NA,"model9","mk","gain_loss_trans"
"tl1.00_gl0.10_pr1.00_c25",1,0.1,25,0.6,NA,0.362201675300502,NA,"model1","nt",NA
"tl1.50_gl0.10_pr1.00_c25",1.5,0.1,25,0.6,NA,0.474368177838316,NA,"model1","nt",NA
"tl2.50_gl0.10_pr1.00_c25",2.5,0.1,25,0.5,NA,0.760802228624252,NA,"model1","nt",NA
"tl5.00_gl0.10_pr1.00_c25",5,0.1,25,0.4,NA,1.28081914613161,NA,"model1","nt",NA
"tl1.00_gl0.25_pr1.00_c25",1,0.25,25,0.6,NA,1.26643083749846,NA,"model1","nt",NA
"tl1.50_gl0.25_pr1.00_c25",1.5,0.25,25,0.666666666666667,NA,0.482979429848285,NA,"model1","nt",NA
"tl2.50_gl0.25_pr1.00_c25",2.5,0.25,25,0.428571428571429,NA,1.07927562711553,NA,"model1","nt",NA
"tl5.00_gl0.25_pr1.00_c25",5,0.25,25,0.8,NA,0.660526383387116,NA,"model1","nt",NA
"tl1.00_gl0.50_pr1.00_c25",1,0.5,25,0.7,NA,1.91745285131238,NA,"model1","nt",NA
"tl1.50_gl0.50_pr1.00_c25",1.5,0.5,25,0.5,NA,2.29197529162643,NA,"model1","nt",NA
"tl2.50_gl0.50_pr1.00_c25",2.5,0.5,25,0.5,NA,2.89630896069582,NA,"model1","nt",NA
"tl5.00_gl0.50_pr1.00_c25",5,0.5,25,0.7,NA,2.19665478212281,NA,"model1","nt",NA
"tl1.00_gl1.00_pr1.00_c25",1,1,25,0.6,NA,0.75969889326764,NA,"model1","nt",NA
"tl1.50_gl1.00_pr1.00_c25",1.5,1,25,0.6,NA,1.50832523396496,NA,"model1","nt",NA
"tl2.50_gl1.00_pr1.00_c25",2.5,1,25,0.5,NA,3.31840478716178,NA,"model1","nt",NA
"tl5.00_gl1.00_pr1.00_c25",5,1,25,0.5,NA,1.81257823416008,NA,"model1","nt",NA
"tl1.00_gl0.10_pr2.50_c25",1,0.1,25,0.7,NA,0.43098022678309,NA,"model1","nt",NA
"tl1.50_gl0.10_pr2.50_c25",1.5,0.1,25,0.7,NA,0.795035405336618,NA,"model1","nt",NA
"tl2.50_gl0.10_pr2.50_c25",2.5,0.1,25,0.6,NA,0.685983140232012,NA,"model1","nt",NA
"tl5.00_gl0.10_pr2.50_c25",5,0.1,25,0.8,NA,0.887304329002318,NA,"model1","nt",NA
"tl1.00_gl0.25_pr2.50_c25",1,0.25,25,0.3,NA,0.62523154570757,NA,"model1","nt",NA
"tl1.50_gl0.25_pr2.50_c25",1.5,0.25,25,0.6,NA,1.02363904005258,NA,"model1","nt",NA
"tl2.50_gl0.25_pr2.50_c25",2.5,0.25,25,0.6,NA,2.80275042081726,NA,"model1","nt",NA
"tl5.00_gl0.25_pr2.50_c25",5,0.25,25,0.7,NA,1.3616090247633,NA,"model1","nt",NA
"tl1.00_gl0.50_pr2.50_c25",1,0.5,25,0.7,NA,1.47849490121276,NA,"model1","nt",NA
"tl1.50_gl0.50_pr2.50_c25",1.5,0.5,25,0.7,NA,1.13816938976248,NA,"model1","nt",NA
"tl2.50_gl0.50_pr2.50_c25",2.5,0.5,25,0.6,NA,1.30888316971468,NA,"model1","nt",NA
"tl5.00_gl0.50_pr2.50_c25",5,0.5,25,0.9,NA,1.12889875254786,NA,"model1","nt",NA
"tl1.00_gl1.00_pr2.50_c25",1,1,25,0.8,NA,0.261873965499195,NA,"model1","nt",NA
"tl1.50_gl1.00_pr2.50_c25",1.5,1,25,0.7,NA,1.28382417118473,NA,"model1","nt",NA
"tl2.50_gl1.00_pr2.50_c25",2.5,1,25,0.7,NA,0.353712322287143,NA,"model1","nt",NA
"tl5.00_gl1.00_pr2.50_c25",5,1,25,0.8,NA,1.44195752015692,NA,"model1","nt",NA
"tl1.00_gl0.10_pr5.00_c25",1,0.1,25,0.8,NA,0.551239217322975,NA,"model1","nt",NA
"tl1.50_gl0.10_pr5.00_c25",1.5,0.1,25,0.6,NA,2.06651808015281,NA,"model1","nt",NA
"tl2.50_gl0.10_pr5.00_c25",2.5,0.1,25,0.7,NA,0.661675362349131,NA,"model1","nt",NA
"tl5.00_gl0.10_pr5.00_c25",5,0.1,25,0.9,NA,0.231238636085774,NA,"model1","nt",NA
"tl1.00_gl0.25_pr5.00_c25",1,0.25,25,0.7,NA,0.622361340755015,NA,"model1","nt",NA
"tl1.50_gl0.25_pr5.00_c25",1.5,0.25,25,0.7,NA,0.629598810791808,NA,"model1","nt",NA
"tl2.50_gl0.25_pr5.00_c25",2.5,0.25,25,0.7,NA,0.807044499899816,NA,"model1","nt",NA
"tl5.00_gl0.25_pr5.00_c25",5,0.25,25,0.7,NA,0.82849359843803,NA,"model1","nt",NA
"tl1.00_gl0.50_pr5.00_c25",1,0.5,25,0.5,NA,1.52872211368963,NA,"model1","nt",NA
"tl1.50_gl0.50_pr5.00_c25",1.5,0.5,25,0.8,NA,1.22173535584239,NA,"model1","nt",NA
"tl2.50_gl0.50_pr5.00_c25",2.5,0.5,25,0.7,NA,1.62678382663377,NA,"model1","nt",NA
"tl5.00_gl0.50_pr5.00_c25",5,0.5,25,0.7,NA,0.786084832528177,NA,"model1","nt",NA
"tl1.00_gl1.00_pr5.00_c25",1,1,25,0.4,NA,1.39016365896753,NA,"model1","nt",NA
"tl1.50_gl1.00_pr5.00_c25",1.5,1,25,0.8,NA,0.996267716648179,NA,"model1","nt",NA
"tl2.50_gl1.00_pr5.00_c25",2.5,1,25,0.6,NA,1.59121045451831,NA,"model1","nt",NA
"tl5.00_gl1.00_pr5.00_c25",5,1,25,0.6,NA,1.06845694770426,NA,"model1","nt",NA
"tl1.00_gl0.10_pr1.00_c50",1,0.1,50,0.6,NA,1.38783600194135,NA,"model1","nt",NA
"tl1.50_gl0.10_pr1.00_c50",1.5,0.1,50,0.3,NA,1.44130867845606,NA,"model1","nt",NA
"tl2.50_gl0.10_pr1.00_c50",2.5,0.1,50,0.8,NA,0.30915652329192,NA,"model1","nt",NA
"tl5.00_gl0.10_pr1.00_c50",5,0.1,50,0.4,NA,0.80995975798975,NA,"model1","nt",NA
"tl1.00_gl0.25_pr1.00_c50",1,0.25,50,0.6,NA,1.69117586026823,NA,"model1","nt",NA
"tl1.50_gl0.25_pr1.00_c50",1.5,0.25,50,0.5,NA,2.45423730509593,NA,"model1","nt",NA
"tl2.50_gl0.25_pr1.00_c50",2.5,0.25,50,0.5,NA,1.39084755136131,NA,"model1","nt",NA
"tl5.00_gl0.25_pr1.00_c50",5,0.25,50,0.7,NA,0.413331239764532,NA,"model1","nt",NA
"tl1.00_gl0.50_pr1.00_c50",1,0.5,50,0.5,NA,1.22135185119573,NA,"model1","nt",NA
"tl1.50_gl0.50_pr1.00_c50",1.5,0.5,50,0.4,NA,1.3423669623587,NA,"model1","nt",NA
"tl2.50_gl0.50_pr1.00_c50",2.5,0.5,50,0.5,NA,2.59990114287725,NA,"model1","nt",NA
"tl5.00_gl0.50_pr1.00_c50",5,0.5,50,0.7,NA,0.617346412963923,NA,"model1","nt",NA
"tl1.00_gl1.00_pr1.00_c50",1,1,50,0.4,NA,1.40637309068174,NA,"model1","nt",NA
"tl1.50_gl1.00_pr1.00_c50",1.5,1,50,0.4,NA,2.54161519654494,NA,"model1","nt",NA
"tl2.50_gl1.00_pr1.00_c50",2.5,1,50,0.4,NA,1.92392732009383,NA,"model1","nt",NA
"tl5.00_gl1.00_pr1.00_c50",5,1,50,0.7,NA,2.41995087877074,NA,"model1","nt",NA
"tl1.00_gl0.10_pr2.50_c50",1,0.1,50,0.3,NA,1.60985411676286,NA,"model1","nt",NA
"tl1.50_gl0.10_pr2.50_c50",1.5,0.1,50,0.4,NA,1.06858858345264,NA,"model1","nt",NA
"tl2.50_gl0.10_pr2.50_c50",2.5,0.1,50,0.5,NA,1.31923070269433,NA,"model1","nt",NA
"tl5.00_gl0.10_pr2.50_c50",5,0.1,50,0.9,NA,0.201597922887867,NA,"model1","nt",NA
"tl1.00_gl0.25_pr2.50_c50",1,0.25,50,0.3,NA,1.60894182192448,NA,"model1","nt",NA
"tl1.50_gl0.25_pr2.50_c50",1.5,0.25,50,0.4,NA,1.55550789921698,NA,"model1","nt",NA
"tl2.50_gl0.25_pr2.50_c50",2.5,0.25,50,0.5,NA,1.10231935335589,NA,"model1","nt",NA
"tl5.00_gl0.25_pr2.50_c50",5,0.25,50,0.7,NA,0.667336353782387,NA,"model1","nt",NA
"tl1.00_gl0.50_pr2.50_c50",1,0.5,50,0.4,NA,1.95970454093778,NA,"model1","nt",NA
"tl1.50_gl0.50_pr2.50_c50",1.5,0.5,50,0.3,NA,1.69555945646581,NA,"model1","nt",NA
"tl2.50_gl0.50_pr2.50_c50",2.5,0.5,50,0.5,NA,2.02217014817382,NA,"model1","nt",NA
"tl5.00_gl0.50_pr2.50_c50",5,0.5,50,0.5,NA,0.918347998435342,NA,"model1","nt",NA
"tl1.00_gl1.00_pr2.50_c50",1,1,50,0.5,NA,1.49127152098741,NA,"model1","nt",NA
"tl1.50_gl1.00_pr2.50_c50",1.5,1,50,0.4,NA,2.23695352488906,NA,"model1","nt",NA
"tl2.50_gl1.00_pr2.50_c50",2.5,1,50,0.5,NA,1.96635859165784,NA,"model1","nt",NA
"tl5.00_gl1.00_pr2.50_c50",5,1,50,0.6,NA,1.29339759140221,NA,"model1","nt",NA
"tl1.00_gl0.10_pr5.00_c50",1,0.1,50,0.5,NA,1.25381048806233,NA,"model1","nt",NA
"tl1.50_gl0.10_pr5.00_c50",1.5,0.1,50,0.3,NA,0.98197226013638,NA,"model1","nt",NA
"tl2.50_gl0.10_pr5.00_c50",2.5,0.1,50,0.5,NA,1.13115282701344,NA,"model1","nt",NA
"tl5.00_gl0.10_pr5.00_c50",5,0.1,50,0.7,NA,0.548143541933407,NA,"model1","nt",NA
"tl1.00_gl0.25_pr5.00_c50",1,0.25,50,0.5,NA,1.66425171565131,NA,"model1","nt",NA
"tl1.50_gl0.25_pr5.00_c50",1.5,0.25,50,0.4,NA,1.66168495409149,NA,"model1","nt",NA
"tl2.50_gl0.25_pr5.00_c50",2.5,0.25,50,0.6,NA,1.42327501357015,NA,"model1","nt",NA
"tl5.00_gl0.25_pr5.00_c50",5,0.25,50,0.7,NA,0.599403171179512,NA,"model1","nt",NA
"tl1.00_gl0.50_pr5.00_c50",1,0.5,50,0.5,NA,1.79116697735778,NA,"model1","nt",NA
"tl1.50_gl0.50_pr5.00_c50",1.5,0.5,50,0.4,NA,2.65361007048662,NA,"model1","nt",NA
"tl2.50_gl0.50_pr5.00_c50",2.5,0.5,50,0.6,NA,1.4124923945742,NA,"model1","nt",NA
"tl5.00_gl0.50_pr5.00_c50",5,0.5,50,0.6,NA,0.797727768275344,NA,"model1","nt",NA
"tl1.00_gl1.00_pr5.00_c50",1,1,50,0.6,NA,1.0435204537146,NA,"model1","nt",NA
"tl1.50_gl1.00_pr5.00_c50",1.5,1,50,0.3,NA,3.2355244005936,NA,"model1","nt",NA
"tl2.50_gl1.00_pr5.00_c50",2.5,1,50,0.4,NA,1.57948854679796,NA,"model1","nt",NA
"tl5.00_gl1.00_pr5.00_c50",5,1,50,0.4,NA,0.489437724906135,NA,"model1","nt",NA
"tl1.00_gl0.10_pr1.00_c100",1,0.1,100,0.2,NA,0.841020781934971,NA,"model1","nt",NA
"tl1.50_gl0.10_pr1.00_c100",1.5,0.1,100,0.4,NA,1.1141387635171,NA,"model1","nt",NA
"tl2.50_gl0.10_pr1.00_c100",2.5,0.1,100,0.4,NA,1.10006352388427,NA,"model1","nt",NA
"tl5.00_gl0.10_pr1.00_c100",5,0.1,100,0.4,NA,0.638085996642208,NA,"model1","nt",NA
"tl1.00_gl0.25_pr1.00_c100",1,0.25,100,0.3,NA,1.81536752486749,NA,"model1","nt",NA
"tl1.50_gl0.25_pr1.00_c100",1.5,0.25,100,0.2,NA,1.44532894073276,NA,"model1","nt",NA
"tl2.50_gl0.25_pr1.00_c100",2.5,0.25,100,0.4,NA,2.1937113639254,NA,"model1","nt",NA
"tl5.00_gl0.25_pr1.00_c100",5,0.25,100,0.6,NA,1.30730758570189,NA,"model1","nt",NA
"tl1.00_gl0.50_pr1.00_c100",1,0.5,100,0.4,NA,1.81476894954914,NA,"model1","nt",NA
"tl1.50_gl0.50_pr1.00_c100",1.5,0.5,100,0.5,NA,2.44695284048399,NA,"model1","nt",NA
"tl2.50_gl0.50_pr1.00_c100",2.5,0.5,100,0.3,NA,2.98319791977105,NA,"model1","nt",NA
"tl5.00_gl0.50_pr1.00_c100",5,0.5,100,0.4,NA,2.81812937662509,NA,"model1","nt",NA
"tl1.00_gl1.00_pr1.00_c100",1,1,100,0.5,NA,2.95794464364011,NA,"model1","nt",NA
"tl1.50_gl1.00_pr1.00_c100",1.5,1,100,0.4,NA,1.8950117759543,NA,"model1","nt",NA
"tl2.50_gl1.00_pr1.00_c100",2.5,1,100,0.3,NA,2.95184566893136,NA,"model1","nt",NA
"tl5.00_gl1.00_pr1.00_c100",5,1,100,0.5,NA,2.53755897819338,NA,"model1","nt",NA
"tl1.00_gl0.10_pr2.50_c100",1,0.1,100,0.1,NA,1.04738153141008,NA,"model1","nt",NA
"tl1.50_gl0.10_pr2.50_c100",1.5,0.1,100,0.1,NA,1.93580722084128,NA,"model1","nt",NA
"tl2.50_gl0.10_pr2.50_c100",2.5,0.1,100,0.3,NA,1.80375893459427,NA,"model1","nt",NA
"tl5.00_gl0.10_pr2.50_c100",5,0.1,100,0.5,NA,0.362834024883017,NA,"model1","nt",NA
"tl1.00_gl0.25_pr2.50_c100",1,0.25,100,0.3,NA,2.05652436872521,NA,"model1","nt",NA
"tl1.50_gl0.25_pr2.50_c100",1.5,0.25,100,0.2,NA,1.58602991937484,NA,"model1","nt",NA
"tl2.50_gl0.25_pr2.50_c100",2.5,0.25,100,0.3,NA,2.55487800837802,NA,"model1","nt",NA
"tl5.00_gl0.25_pr2.50_c100",5,0.25,100,0.4,NA,0.991423480701895,NA,"model1","nt",NA
"tl1.00_gl0.50_pr2.50_c100",1,0.5,100,0.4,NA,1.32703601511157,NA,"model1","nt",NA
"tl1.50_gl0.50_pr2.50_c100",1.5,0.5,100,0.3,NA,2.25939409451203,NA,"model1","nt",NA
"tl2.50_gl0.50_pr2.50_c100",2.5,0.5,100,0.5,NA,2.03204251134788,NA,"model1","nt",NA
"tl5.00_gl0.50_pr2.50_c100",5,0.5,100,0.6,NA,0.574575262808479,NA,"model1","nt",NA
"tl1.00_gl1.00_pr2.50_c100",1,1,100,0.4,NA,1.28720477236572,NA,"model1","nt",NA
"tl1.50_gl1.00_pr2.50_c100",1.5,1,100,0.5,NA,1.58112131207551,NA,"model1","nt",NA
"tl2.50_gl1.00_pr2.50_c100",2.5,1,100,0.4,NA,3.92303630510451,NA,"model1","nt",NA
"tl5.00_gl1.00_pr2.50_c100",5,1,100,0.5,NA,1.71817210714698,NA,"model1","nt",NA
"tl1.00_gl0.10_pr5.00_c100",1,0.1,100,0.2,NA,1.53038865176713,NA,"model1","nt",NA
"tl1.50_gl0.10_pr5.00_c100",1.5,0.1,100,0.2,NA,1.0786495895836,NA,"model1","nt",NA
"tl2.50_gl0.10_pr5.00_c100",2.5,0.1,100,0.3,NA,1.29901156900338,NA,"model1","nt",NA
"tl5.00_gl0.10_pr5.00_c100",5,0.1,100,0.7,NA,0.417391108883675,NA,"model1","nt",NA
"tl1.00_gl0.25_pr5.00_c100",1,0.25,100,0.5,NA,1.52555203687999,NA,"model1","nt",NA
"tl1.50_gl0.25_pr5.00_c100",1.5,0.25,100,0.4,NA,1.22701014571315,NA,"model1","nt",NA
"tl2.50_gl0.25_pr5.00_c100",2.5,0.25,100,0.4,NA,1.96298362514718,NA,"model1","nt",NA
"tl5.00_gl0.25_pr5.00_c100",5,0.25,100,0.5,NA,0.519033487513601,NA,"model1","nt",NA
"tl1.00_gl0.50_pr5.00_c100",1,0.5,100,0.3,NA,2.16779649987262,NA,"model1","nt",NA
"tl1.50_gl0.50_pr5.00_c100",1.5,0.5,100,0.3,NA,1.73394239264856,NA,"model1","nt",NA
"tl2.50_gl0.50_pr5.00_c100",2.5,0.5,100,0.4,NA,1.87788469433924,NA,"model1","nt",NA
"tl5.00_gl0.50_pr5.00_c100",5,0.5,100,0.5,NA,1.61779550071265,NA,"model1","nt",NA
"tl1.00_gl1.00_pr5.00_c100",1,1,100,0.3,NA,1.84917711429205,NA,"model1","nt",NA
"tl1.50_gl1.00_pr5.00_c100",1.5,1,100,0.4,NA,2.83529326500207,NA,"model1","nt",NA
"tl2.50_gl1.00_pr5.00_c100",2.5,1,100,0.5,NA,2.90867078974491,NA,"model1","nt",NA
"tl5.00_gl1.00_pr5.00_c100",5,1,100,0.7,NA,1.32606570423236,NA,"model1","nt",NA
"tl1.00_gl0.10_pr1.00_c200",1,0.1,200,0.1,NA,1.27080597537254,NA,"model1","nt",NA
"tl1.50_gl0.10_pr1.00_c200",1.5,0.1,200,0.2,NA,1.55651227248696,NA,"model1","nt",NA
"tl2.50_gl0.10_pr1.00_c200",2.5,0.1,200,0.4,NA,1.43960307018122,NA,"model1","nt",NA
"tl5.00_gl0.10_pr1.00_c200",5,0.1,200,0.4,NA,0.415577392609694,NA,"model1","nt",NA
"tl1.00_gl0.25_pr1.00_c200",1,0.25,200,0.2,NA,1.36490101581061,NA,"model1","nt",NA
"tl1.50_gl0.25_pr1.00_c200",1.5,0.25,200,0.3,NA,1.64426587890607,NA,"model1","nt",NA
"tl2.50_gl0.25_pr1.00_c200",2.5,0.25,200,0.2,NA,1.90639652451554,NA,"model1","nt",NA
"tl5.00_gl0.25_pr1.00_c200",5,0.25,200,0.5,NA,0.652295984786355,NA,"model1","nt",NA
"tl1.00_gl0.50_pr1.00_c200",1,0.5,200,0.3,NA,2.21978642209679,NA,"model1","nt",NA
"tl1.50_gl0.50_pr1.00_c200",1.5,0.5,200,0.5,NA,2.20417249289209,NA,"model1","nt",NA
"tl2.50_gl0.50_pr1.00_c200",2.5,0.5,200,0.4,NA,3.34858130845654,NA,"model1","nt",NA
"tl5.00_gl0.50_pr1.00_c200",5,0.5,200,0.3,NA,1.91449789292646,NA,"model1","nt",NA
"tl1.00_gl1.00_pr1.00_c200",1,1,200,0.4,NA,2.49732906686702,NA,"model1","nt",NA
"tl1.50_gl1.00_pr1.00_c200",1.5,1,200,0.5,NA,2.60882059273153,NA,"model1","nt",NA
"tl2.50_gl1.00_pr1.00_c200",2.5,1,200,0.4,NA,3.32299168396332,NA,"model1","nt",NA
"tl5.00_gl1.00_pr1.00_c200",5,1,200,0.2,NA,2.41543384546256,NA,"model1","nt",NA
"tl1.00_gl0.10_pr2.50_c200",1,0.1,200,0,NA,1.4431815450352,NA,"model1","nt",NA
"tl1.50_gl0.10_pr2.50_c200",1.5,0.1,200,0,NA,1.4818017672448,NA,"model1","nt",NA
"tl2.50_gl0.10_pr2.50_c200",2.5,0.1,200,0.2,NA,1.42052644614112,NA,"model1","nt",NA
"tl5.00_gl0.10_pr2.50_c200",5,0.1,200,0.6,NA,0.412002886989133,NA,"model1","nt",NA
"tl1.00_gl0.25_pr2.50_c200",1,0.25,200,0.3,NA,1.61622486443374,NA,"model1","nt",NA
"tl1.50_gl0.25_pr2.50_c200",1.5,0.25,200,0.1,NA,1.80395227102965,NA,"model1","nt",NA
"tl2.50_gl0.25_pr2.50_c200",2.5,0.25,200,0.2,NA,2.12996606920491,NA,"model1","nt",NA
"tl5.00_gl0.25_pr2.50_c200",5,0.25,200,0.5,NA,1.08931629319894,NA,"model1","nt",NA
"tl1.00_gl0.50_pr2.50_c200",1,0.5,200,0.4,NA,1.82218331882215,NA,"model1","nt",NA
"tl1.50_gl0.50_pr2.50_c200",1.5,0.5,200,0.3,NA,2.20587272950108,NA,"model1","nt",NA
"tl2.50_gl0.50_pr2.50_c200",2.5,0.5,200,0.3,NA,2.42299849392907,NA,"model1","nt",NA
"tl5.00_gl0.50_pr2.50_c200",5,0.5,200,0.2,NA,1.6231619029009,NA,"model1","nt",NA
"tl1.00_gl1.00_pr2.50_c200",1,1,200,0.4,NA,1.83901182081757,NA,"model1","nt",NA
"tl1.50_gl1.00_pr2.50_c200",1.5,1,200,0.3,NA,1.96015367478959,NA,"model1","nt",NA
"tl2.50_gl1.00_pr2.50_c200",2.5,1,200,0.4,NA,3.25604544648733,NA,"model1","nt",NA
"tl5.00_gl1.00_pr2.50_c200",5,1,200,0.2,NA,3.0938046921615,NA,"model1","nt",NA
"tl1.00_gl0.10_pr5.00_c200",1,0.1,200,0.1,NA,1.49640617789288,NA,"model1","nt",NA
"tl1.50_gl0.10_pr5.00_c200",1.5,0.1,200,0,NA,2.16456414940308,NA,"model1","nt",NA
"tl2.50_gl0.10_pr5.00_c200",2.5,0.1,200,0.2,NA,1.3619972570543,NA,"model1","nt",NA
"tl5.00_gl0.10_pr5.00_c200",5,0.1,200,0.4,NA,0.355363756070121,NA,"model1","nt",NA
"tl1.00_gl0.25_pr5.00_c200",1,0.25,200,0.2,NA,1.23323411540542,NA,"model1","nt",NA
"tl1.50_gl0.25_pr5.00_c200",1.5,0.25,200,0.1,NA,2.00948095518697,NA,"model1","nt",NA
"tl2.50_gl0.25_pr5.00_c200",2.5,0.25,200,0.2,NA,1.60161475145586,NA,"model1","nt",NA
"tl5.00_gl0.25_pr5.00_c200",5,0.25,200,0.4,NA,0.932587075983693,NA,"model1","nt",NA
"tl1.00_gl0.50_pr5.00_c200",1,0.5,200,0.2,NA,1.27833099578003,NA,"model1","nt",NA
"tl1.50_gl0.50_pr5.00_c200",1.5,0.5,200,0.3,NA,2.48856231123102,NA,"model1","nt",NA
"tl2.50_gl0.50_pr5.00_c200",2.5,0.5,200,0.4,NA,2.6258805248058,NA,"model1","nt",NA
"tl5.00_gl0.50_pr5.00_c200",5,0.5,200,0.6,NA,1.16421272136855,NA,"model1","nt",NA
"tl1.00_gl1.00_pr5.00_c200",1,1,200,0.4,NA,1.40406906991691,NA,"model1","nt",NA
"tl1.50_gl1.00_pr5.00_c200",1.5,1,200,0.4,NA,2.07251577205071,NA,"model1","nt",NA
"tl2.50_gl1.00_pr5.00_c200",2.5,1,200,0.2,NA,2.36504737350083,NA,"model1","nt",NA
"tl5.00_gl1.00_pr5.00_c200",5,1,200,0.3,NA,1.39275552514879,NA,"model1","nt",NA
"tl1.00_gl0.10_pr1.00_c25",1,0.1,25,0.9,NA,0.501138845792113,NA,"model10","nt","gain_loss_trans"
"tl1.50_gl0.10_pr1.00_c25",1.5,0.1,25,0.9,NA,0.566761767489817,NA,"model10","nt","gain_loss_trans"
"tl2.50_gl0.10_pr1.00_c25",2.5,0.1,25,1,NA,0.381283921802902,NA,"model10","nt","gain_loss_trans"
"tl5.00_gl0.10_pr1.00_c25",5,0.1,25,0.5,NA,3.23187023924735,NA,"model10","nt","gain_loss_trans"
"tl1.00_gl0.25_pr1.00_c25",1,0.25,25,0.8,NA,0.823838646719195,NA,"model10","nt","gain_loss_trans"
"tl1.50_gl0.25_pr1.00_c25",1.5,0.25,25,1,NA,0.31991556118582,NA,"model10","nt","gain_loss_trans"
"tl2.50_gl0.25_pr1.00_c25",2.5,0.25,25,0.7,NA,1.31526406192136,NA,"model10","nt","gain_loss_trans"
"tl5.00_gl0.25_pr1.00_c25",5,0.25,25,0.9,NA,1.47638852720907,NA,"model10","nt","gain_loss_trans"
"tl1.00_gl0.50_pr1.00_c25",1,0.5,25,0.8,NA,2.1000379368581,NA,"model10","nt","gain_loss_trans"
"tl1.50_gl0.50_pr1.00_c25",1.5,0.5,25,0.888888888888889,NA,2.76622273865832,NA,"model10","nt","gain_loss_trans"
"tl2.50_gl0.50_pr1.00_c25",2.5,0.5,25,0.7,NA,4.68705920164885,NA,"model10","nt","gain_loss_trans"
"tl5.00_gl0.50_pr1.00_c25",5,0.5,25,0.8,NA,3.06394588007413,NA,"model10","nt","gain_loss_trans"
"tl1.00_gl1.00_pr1.00_c25",1,1,25,0.8,NA,0.65587369895984,NA,"model10","nt","gain_loss_trans"
"tl1.50_gl1.00_pr1.00_c25",1.5,1,25,0.8,NA,1.00012345855195,NA,"model10","nt","gain_loss_trans"
"tl2.50_gl1.00_pr1.00_c25",2.5,1,25,0.7,NA,7.6585284702379,NA,"model10","nt","gain_loss_trans"
"tl5.00_gl1.00_pr1.00_c25",5,1,25,0.8,NA,4.03261272883825,NA,"model10","nt","gain_loss_trans"
"tl1.00_gl0.10_pr2.50_c25",1,0.1,25,0.9,NA,0.238236588249513,NA,"model10","nt","gain_loss_trans"
"tl1.50_gl0.10_pr2.50_c25",1.5,0.1,25,0.9,NA,0.243252796802272,NA,"model10","nt","gain_loss_trans"
"tl2.50_gl0.10_pr2.50_c25",2.5,0.1,25,0.7,NA,0.873781770708064,NA,"model10","nt","gain_loss_trans"
"tl5.00_gl0.10_pr2.50_c25",5,0.1,25,0.5,NA,4.43522367720677,NA,"model10","nt","gain_loss_trans"
"tl1.00_gl0.25_pr2.50_c25",1,0.25,25,1,NA,0.208275985941603,NA,"model10","nt","gain_loss_trans"
"tl1.50_gl0.25_pr2.50_c25",1.5,0.25,25,1,NA,0.442495670359643,NA,"model10","nt","gain_loss_trans"
"tl2.50_gl0.25_pr2.50_c25",2.5,0.25,25,0.6,NA,1.7497193068519,NA,"model10","nt","gain_loss_trans"
"tl5.00_gl0.25_pr2.50_c25",5,0.25,25,0.5,NA,3.1552805436557,NA,"model10","nt","gain_loss_trans"
"tl1.00_gl0.50_pr2.50_c25",1,0.5,25,0.8,NA,1.42505265283632,NA,"model10","nt","gain_loss_trans"
"tl1.50_gl0.50_pr2.50_c25",1.5,0.5,25,0.9,NA,0.583037333734517,NA,"model10","nt","gain_loss_trans"
"tl2.50_gl0.50_pr2.50_c25",2.5,0.5,25,0.6,NA,0.833628078527632,NA,"model10","nt","gain_loss_trans"
"tl5.00_gl0.50_pr2.50_c25",5,0.5,25,0.2,NA,5.59018016165155,NA,"model10","nt","gain_loss_trans"
"tl1.00_gl1.00_pr2.50_c25",1,1,25,1,NA,0.080782659990273,NA,"model10","nt","gain_loss_trans"
"tl1.50_gl1.00_pr2.50_c25",1.5,1,25,0.9,NA,1.16553259302247,NA,"model10","nt","gain_loss_trans"
"tl2.50_gl1.00_pr2.50_c25",2.5,1,25,0.5,NA,1.2518919554801,NA,"model10","nt","gain_loss_trans"
"tl5.00_gl1.00_pr2.50_c25",5,1,25,0.4,NA,4.26586234025785,NA,"model10","nt","gain_loss_trans"
"tl1.00_gl0.10_pr5.00_c25",1,0.1,25,1,NA,0.129691987613773,NA,"model10","nt","gain_loss_trans"
"tl1.50_gl0.10_pr5.00_c25",1.5,0.1,25,0.9,NA,0.452771287378558,NA,"model10","nt","gain_loss_trans"
"tl2.50_gl0.10_pr5.00_c25",2.5,0.1,25,0.9,NA,0.544819130725012,NA,"model10","nt","gain_loss_trans"
"tl5.00_gl0.10_pr5.00_c25",5,0.1,25,0.2,NA,6.27865932082857,NA,"model10","nt","gain_loss_trans"
"tl1.00_gl0.25_pr5.00_c25",1,0.25,25,0.8,NA,0.367100048887944,NA,"model10","nt","gain_loss_trans"
"tl1.50_gl0.25_pr5.00_c25",1.5,0.25,25,1,NA,0.209454047349265,NA,"model10","nt","gain_loss_trans"
"tl2.50_gl0.25_pr5.00_c25",2.5,0.25,25,0.6,NA,0.896819081882268,NA,"model10","nt","gain_loss_trans"
"tl5.00_gl0.25_pr5.00_c25",5,0.25,25,0.3,NA,6.34599783215974,NA,"model10","nt","gain_loss_trans"
"tl1.00_gl0.50_pr5.00_c25",1,0.5,25,0.8,NA,0.956066390880546,NA,"model10","nt","gain_loss_trans"
"tl1.50_gl0.50_pr5.00_c25",1.5,0.5,25,0.9,NA,0.407280976427371,NA,"model10","nt","gain_loss_trans"
"tl2.50_gl0.50_pr5.00_c25",2.5,0.5,25,0.5,NA,1.59446317695561,NA,"model10","nt","gain_loss_trans"
"tl5.00_gl0.50_pr5.00_c25",5,0.5,25,0.2,NA,7.62511930218101,NA,"model10","nt","gain_loss_trans"
"tl1.00_gl1.00_pr5.00_c25",1,1,25,0.8,NA,0.800448646858984,NA,"model10","nt","gain_loss_trans"
"tl1.50_gl1.00_pr5.00_c25",1.5,1,25,0.8,NA,0.608342725230079,NA,"model10","nt","gain_loss_trans"
"tl2.50_gl1.00_pr5.00_c25",2.5,1,25,0.5,NA,1.29333541584846,NA,"model10","nt","gain_loss_trans"
"tl5.00_gl1.00_pr5.00_c25",5,1,25,0.4,NA,6.56176443841739,NA,"model10","nt","gain_loss_trans"
"tl1.00_gl0.10_pr1.00_c50",1,0.1,50,0.8,NA,2.04554576764115,NA,"model10","nt","gain_loss_trans"
"tl1.50_gl0.10_pr1.00_c50",1.5,0.1,50,0.8,NA,1.27478606148417,NA,"model10","nt","gain_loss_trans"
"tl2.50_gl0.10_pr1.00_c50",2.5,0.1,50,1,NA,0.646100814223619,NA,"model10","nt","gain_loss_trans"
"tl5.00_gl0.10_pr1.00_c50",5,0.1,50,0.8,NA,1.14648667856534,NA,"model10","nt","gain_loss_trans"
"tl1.00_gl0.25_pr1.00_c50",1,0.25,50,0.7,NA,4.21788958276224,NA,"model10","nt","gain_loss_trans"
"tl1.50_gl0.25_pr1.00_c50",1.5,0.25,50,0.7,NA,4.03717897878309,NA,"model10","nt","gain_loss_trans"
"tl2.50_gl0.25_pr1.00_c50",2.5,0.25,50,0.8,NA,3.68956331667052,NA,"model10","nt","gain_loss_trans"
"tl5.00_gl0.25_pr1.00_c50",5,0.25,50,0.9,NA,1.39406806678769,NA,"model10","nt","gain_loss_trans"
"tl1.00_gl0.50_pr1.00_c50",1,0.5,50,0.8,NA,1.76255057488474,NA,"model10","nt","gain_loss_trans"
"tl1.50_gl0.50_pr1.00_c50",1.5,0.5,50,0.8,NA,2.80609152158393,NA,"model10","nt","gain_loss_trans"
"tl2.50_gl0.50_pr1.00_c50",2.5,0.5,50,0.6,NA,6.29167594017247,NA,"model10","nt","gain_loss_trans"
"tl5.00_gl0.50_pr1.00_c50",5,0.5,50,0.7,NA,4.46748092028884,NA,"model10","nt","gain_loss_trans"
"tl1.00_gl1.00_pr1.00_c50",1,1,50,0.8,NA,1.43776048742344,NA,"model10","nt","gain_loss_trans"
"tl1.50_gl1.00_pr1.00_c50",1.5,1,50,0.6,NA,8.98803061352682,NA,"model10","nt","gain_loss_trans"
"tl2.50_gl1.00_pr1.00_c50",2.5,1,50,0.6,NA,4.60653557102802,NA,"model10","nt","gain_loss_trans"
"tl5.00_gl1.00_pr1.00_c50",5,1,50,0.7,NA,6.94983178045762,NA,"model10","nt","gain_loss_trans"
"tl1.00_gl0.10_pr2.50_c50",1,0.1,50,0.8,NA,1.0642107940094,NA,"model10","nt","gain_loss_trans"
"tl1.50_gl0.10_pr2.50_c50",1.5,0.1,50,0.9,NA,0.281318239073252,NA,"model10","nt","gain_loss_trans"
"tl2.50_gl0.10_pr2.50_c50",2.5,0.1,50,0.5,NA,1.82767815668865,NA,"model10","nt","gain_loss_trans"
"tl5.00_gl0.10_pr2.50_c50",5,0.1,50,0.2,NA,4.11526517727928,NA,"model10","nt","gain_loss_trans"
"tl1.00_gl0.25_pr2.50_c50",1,0.25,50,0.8,NA,1.20112106363453,NA,"model10","nt","gain_loss_trans"
"tl1.50_gl0.25_pr2.50_c50",1.5,0.25,50,0.8,NA,2.28371632798671,NA,"model10","nt","gain_loss_trans"
"tl2.50_gl0.25_pr2.50_c50",2.5,0.25,50,0.6,NA,3.50699440080284,NA,"model10","nt","gain_loss_trans"
"tl5.00_gl0.25_pr2.50_c50",5,0.25,50,0.4,NA,3.42505656231714,NA,"model10","nt","gain_loss_trans"
"tl1.00_gl0.50_pr2.50_c50",1,0.5,50,0.8,NA,1.61764385846836,NA,"model10","nt","gain_loss_trans"
"tl1.50_gl0.50_pr2.50_c50",1.5,0.5,50,0.5,NA,1.48405602973967,NA,"model10","nt","gain_loss_trans"
"tl2.50_gl0.50_pr2.50_c50",2.5,0.5,50,0.4,NA,2.55699049647089,NA,"model10","nt","gain_loss_trans"
"tl5.00_gl0.50_pr2.50_c50",5,0.5,50,0.4,NA,3.9761227008125,NA,"model10","nt","gain_loss_trans"
"tl1.00_gl1.00_pr2.50_c50",1,1,50,0.8,NA,2.60465335080212,NA,"model10","nt","gain_loss_trans"
"tl1.50_gl1.00_pr2.50_c50",1.5,1,50,0.6,NA,4.34486166931449,NA,"model10","nt","gain_loss_trans"
"tl2.50_gl1.00_pr2.50_c50",2.5,1,50,0.2,NA,3.88597514891453,NA,"model10","nt","gain_loss_trans"
"tl5.00_gl1.00_pr2.50_c50",5,1,50,0.3,NA,4.55962302583119,NA,"model10","nt","gain_loss_trans"
"tl1.00_gl0.10_pr5.00_c50",1,0.1,50,0.8,NA,0.636152184957752,NA,"model10","nt","gain_loss_trans"
"tl1.50_gl0.10_pr5.00_c50",1.5,0.1,50,0.7,NA,0.259146226101963,NA,"model10","nt","gain_loss_trans"
"tl2.50_gl0.10_pr5.00_c50",2.5,0.1,50,0.4,NA,1.33752588972785,NA,"model10","nt","gain_loss_trans"
"tl5.00_gl0.10_pr5.00_c50",5,0.1,50,0.3,NA,6.20865497849101,NA,"model10","nt","gain_loss_trans"
"tl1.00_gl0.25_pr5.00_c50",1,0.25,50,0.8,NA,1.31565941598494,NA,"model10","nt","gain_loss_trans"
"tl1.50_gl0.25_pr5.00_c50",1.5,0.25,50,0.5,NA,1.19499097371536,NA,"model10","nt","gain_loss_trans"
"tl2.50_gl0.25_pr5.00_c50",2.5,0.25,50,0.2,NA,3.52088326795598,NA,"model10","nt","gain_loss_trans"
"tl5.00_gl0.25_pr5.00_c50",5,0.25,50,0.2,NA,6.43718501114512,NA,"model10","nt","gain_loss_trans"
"tl1.00_gl0.50_pr5.00_c50",1,0.5,50,0.9,NA,1.68404001038908,NA,"model10","nt","gain_loss_trans"
"tl1.50_gl0.50_pr5.00_c50",1.5,0.5,50,0.4,NA,1.27190966039729,NA,"model10","nt","gain_loss_trans"
"tl2.50_gl0.50_pr5.00_c50",2.5,0.5,50,0.2,NA,1.96757302396817,NA,"model10","nt","gain_loss_trans"
"tl5.00_gl0.50_pr5.00_c50",5,0.5,50,0.4,NA,6.72790532368523,NA,"model10","nt","gain_loss_trans"
"tl1.00_gl1.00_pr5.00_c50",1,1,50,0.8,NA,0.4669073105252,NA,"model10","nt","gain_loss_trans"
"tl1.50_gl1.00_pr5.00_c50",1.5,1,50,0.5,NA,1.86300657917326,NA,"model10","nt","gain_loss_trans"
"tl2.50_gl1.00_pr5.00_c50",2.5,1,50,0.2,NA,1.98571477168589,NA,"model10","nt","gain_loss_trans"
"tl5.00_gl1.00_pr5.00_c50",5,1,50,0.3,NA,6.96434137182774,NA,"model10","nt","gain_loss_trans"
"tl1.00_gl0.10_pr1.00_c100",1,0.1,100,0.6,NA,3.7150490047228,NA,"model10","nt","gain_loss_trans"
"tl1.50_gl0.10_pr1.00_c100",1.5,0.1,100,0.5,NA,3.39042717904583,NA,"model10","nt","gain_loss_trans"
"tl2.50_gl0.10_pr1.00_c100",2.5,0.1,100,0.6,NA,2.28503826239313,NA,"model10","nt","gain_loss_trans"
"tl5.00_gl0.10_pr1.00_c100",5,0.1,100,0.9,NA,1.01650855857219,NA,"model10","nt","gain_loss_trans"
"tl1.00_gl0.25_pr1.00_c100",1,0.25,100,0.5,NA,12.8384525601685,NA,"model10","nt","gain_loss_trans"
"tl1.50_gl0.25_pr1.00_c100",1.5,0.25,100,0.5,NA,9.2161623597845,NA,"model10","nt","gain_loss_trans"
"tl2.50_gl0.25_pr1.00_c100",2.5,0.25,100,0.8,NA,9.12736010704172,NA,"model10","nt","gain_loss_trans"
"tl5.00_gl0.25_pr1.00_c100",5,0.25,100,0.6,NA,11.0094938828915,NA,"model10","nt","gain_loss_trans"
"tl1.00_gl0.50_pr1.00_c100",1,0.5,100,0.8,NA,4.7541490158526,NA,"model10","nt","gain_loss_trans"
"tl1.50_gl0.50_pr1.00_c100",1.5,0.5,100,0.5,NA,16.275388885322,NA,"model10","nt","gain_loss_trans"
"tl2.50_gl0.50_pr1.00_c100",2.5,0.5,100,0.4,NA,10.1715354295216,NA,"model10","nt","gain_loss_trans"
"tl5.00_gl0.50_pr1.00_c100",5,0.5,100,0.3,NA,14.5187450441137,NA,"model10","nt","gain_loss_trans"
"tl1.00_gl1.00_pr1.00_c100",1,1,100,0.6,NA,12.6238667497603,NA,"model10","nt","gain_loss_trans"
"tl1.50_gl1.00_pr1.00_c100",1.5,1,100,0.5,NA,8.84217383070313,NA,"model10","nt","gain_loss_trans"
"tl2.50_gl1.00_pr1.00_c100",2.5,1,100,0.5,NA,15.3722064006962,NA,"model10","nt","gain_loss_trans"
"tl5.00_gl1.00_pr1.00_c100",5,1,100,0.7,NA,15.7429364665243,NA,"model10","nt","gain_loss_trans"
"tl1.00_gl0.10_pr2.50_c100",1,0.1,100,0.7,NA,2.39004864615897,NA,"model10","nt","gain_loss_trans"
"tl1.50_gl0.10_pr2.50_c100",1.5,0.1,100,0.7,NA,2.80481302645836,NA,"model10","nt","gain_loss_trans"
"tl2.50_gl0.10_pr2.50_c100",2.5,0.1,100,0.6,NA,1.25129254841494,NA,"model10","nt","gain_loss_trans"
"tl5.00_gl0.10_pr2.50_c100",5,0.1,100,0.5,NA,3.63543349239377,NA,"model10","nt","gain_loss_trans"
"tl1.00_gl0.25_pr2.50_c100",1,0.25,100,0.8,NA,6.04789715251421,NA,"model10","nt","gain_loss_trans"
"tl1.50_gl0.25_pr2.50_c100",1.5,0.25,100,0.6,NA,4.55722804883398,NA,"model10","nt","gain_loss_trans"
"tl2.50_gl0.25_pr2.50_c100",2.5,0.25,100,0.3,NA,8.98777616027557,NA,"model10","nt","gain_loss_trans"
"tl5.00_gl0.25_pr2.50_c100",5,0.25,100,0.1,NA,8.36391900151814,NA,"model10","nt","gain_loss_trans"
"tl1.00_gl0.50_pr2.50_c100",1,0.5,100,0.7,NA,2.42191142431953,NA,"model10","nt","gain_loss_trans"
"tl1.50_gl0.50_pr2.50_c100",1.5,0.5,100,0.6,NA,12.2656340290813,NA,"model10","nt","gain_loss_trans"
"tl2.50_gl0.50_pr2.50_c100",2.5,0.5,100,0.3,NA,4.75562236591549,NA,"model10","nt","gain_loss_trans"
"tl5.00_gl0.50_pr2.50_c100",5,0.5,100,0.2,NA,4.83224871869164,NA,"model10","nt","gain_loss_trans"
"tl1.00_gl1.00_pr2.50_c100",1,1,100,0.777777777777778,NA,5.09452016915754,NA,"model10","nt","gain_loss_trans"
"tl1.50_gl1.00_pr2.50_c100",1.5,1,100,0.3,NA,5.92400557775392,NA,"model10","nt","gain_loss_trans"
"tl2.50_gl1.00_pr2.50_c100",2.5,1,100,0.5,NA,20.8239052602577,NA,"model10","nt","gain_loss_trans"
"tl5.00_gl1.00_pr2.50_c100",5,1,100,0.3,NA,10.5887671154605,NA,"model10","nt","gain_loss_trans"
"tl1.00_gl0.10_pr5.00_c100",1,0.1,100,0.8,NA,0.536831492545071,NA,"model10","nt","gain_loss_trans"
"tl1.50_gl0.10_pr5.00_c100",1.5,0.1,100,0.4,NA,0.834535551935577,NA,"model10","nt","gain_loss_trans"
"tl2.50_gl0.10_pr5.00_c100",2.5,0.1,100,0.2,NA,1.36351986432379,NA,"model10","nt","gain_loss_trans"
"tl5.00_gl0.10_pr5.00_c100",5,0.1,100,0.3,NA,5.49768949510281,NA,"model10","nt","gain_loss_trans"
"tl1.00_gl0.25_pr5.00_c100",1,0.25,100,0.5,NA,1.33442475391132,NA,"model10","nt","gain_loss_trans"
"tl1.50_gl0.25_pr5.00_c100",1.5,0.25,100,0.2,NA,2.80526483336757,NA,"model10","nt","gain_loss_trans"
"tl2.50_gl0.25_pr5.00_c100",2.5,0.25,100,0.1,NA,3.9247562388914,NA,"model10","nt","gain_loss_trans"
"tl5.00_gl0.25_pr5.00_c100",5,0.25,100,0.1,NA,8.22407951711012,NA,"model10","nt","gain_loss_trans"
"tl1.00_gl0.50_pr5.00_c100",1,0.5,100,0.6,NA,3.20241782254807,NA,"model10","nt","gain_loss_trans"
"tl1.50_gl0.50_pr5.00_c100",1.5,0.5,100,0.3,NA,0.747331718016588,NA,"model10","nt","gain_loss_trans"
"tl2.50_gl0.50_pr5.00_c100",2.5,0.5,100,0.1,NA,7.21989595413543,NA,"model10","nt","gain_loss_trans"
"tl5.00_gl0.50_pr5.00_c100",5,0.5,100,0,NA,8.31267250140987,NA,"model10","nt","gain_loss_trans"
"tl1.00_gl1.00_pr5.00_c100",1,1,100,0.6,NA,2.48081629198138,NA,"model10","nt","gain_loss_trans"
"tl1.50_gl1.00_pr5.00_c100",1.5,1,100,0,NA,4.92587610509764,NA,"model10","nt","gain_loss_trans"
"tl2.50_gl1.00_pr5.00_c100",2.5,1,100,0.1,NA,5.96706190082484,NA,"model10","nt","gain_loss_trans"
"tl5.00_gl1.00_pr5.00_c100",5,1,100,0,NA,13.7425671998443,NA,"model10","nt","gain_loss_trans"
"tl1.00_gl0.10_pr1.00_c200",1,0.1,200,0.6,NA,4.95846060973338,NA,"model10","nt","gain_loss_trans"
"tl1.50_gl0.10_pr1.00_c200",1.5,0.1,200,0.5,NA,5.67182923513458,NA,"model10","nt","gain_loss_trans"
"tl2.50_gl0.10_pr1.00_c200",2.5,0.1,200,0.6,NA,6.78801046977859,NA,"model10","nt","gain_loss_trans"
"tl5.00_gl0.10_pr1.00_c200",5,0.1,200,0.7,NA,5.06758363859174,NA,"model10","nt","gain_loss_trans"
"tl1.00_gl0.25_pr1.00_c200",1,0.25,200,0.5,NA,10.3275021303161,NA,"model10","nt","gain_loss_trans"
"tl1.50_gl0.25_pr1.00_c200",1.5,0.25,200,0.5,NA,15.9582956656399,NA,"model10","nt","gain_loss_trans"
"tl2.50_gl0.25_pr1.00_c200",2.5,0.25,200,0.6,NA,17.2405342434751,NA,"model10","nt","gain_loss_trans"
"tl5.00_gl0.25_pr1.00_c200",5,0.25,200,0.4,NA,18.2661325132892,NA,"model10","nt","gain_loss_trans"
"tl1.00_gl0.50_pr1.00_c200",1,0.5,200,0.7,NA,15.9741909608398,NA,"model10","nt","gain_loss_trans"
"tl1.50_gl0.50_pr1.00_c200",1.5,0.5,200,0.5,NA,18.6142196364188,NA,"model10","nt","gain_loss_trans"
"tl2.50_gl0.50_pr1.00_c200",2.5,0.5,200,0.5,NA,26.8311463158166,NA,"model10","nt","gain_loss_trans"
"tl5.00_gl0.50_pr1.00_c200",5,0.5,200,0.5,NA,33.7743984932378,NA,"model10","nt","gain_loss_trans"
"tl1.00_gl1.00_pr1.00_c200",1,1,200,0.6,NA,23.4417917238655,NA,"model10","nt","gain_loss_trans"
"tl1.50_gl1.00_pr1.00_c200",1.5,1,200,0.5,NA,33.403540389506,NA,"model10","nt","gain_loss_trans"
"tl2.50_gl1.00_pr1.00_c200",2.5,1,200,0.5,NA,41.2420812420057,NA,"model10","nt","gain_loss_trans"
"tl5.00_gl1.00_pr1.00_c200",5,1,200,0.3,NA,38.5174479846864,NA,"model10","nt","gain_loss_trans"
"tl1.00_gl0.10_pr2.50_c200",1,0.1,200,0.8,NA,1.51805228329443,NA,"model10","nt","gain_loss_trans"
"tl1.50_gl0.10_pr2.50_c200",1.5,0.1,200,0.4,NA,1.46228544737838,NA,"model10","nt","gain_loss_trans"
"tl2.50_gl0.10_pr2.50_c200",2.5,0.1,200,0.3,NA,2.87625994411825,NA,"model10","nt","gain_loss_trans"
"tl5.00_gl0.10_pr2.50_c200",5,0.1,200,0.2,NA,6.35747281031608,NA,"model10","nt","gain_loss_trans"
"tl1.00_gl0.25_pr2.50_c200",1,0.25,200,0.8,NA,7.63265121525562,NA,"model10","nt","gain_loss_trans"
"tl1.50_gl0.25_pr2.50_c200",1.5,0.25,200,0.4,NA,7.44267381218453,NA,"model10","nt","gain_loss_trans"
"tl2.50_gl0.25_pr2.50_c200",2.5,0.25,200,0.3,NA,10.203920808259,NA,"model10","nt","gain_loss_trans"
"tl5.00_gl0.25_pr2.50_c200",5,0.25,200,0.2,NA,13.2185037181695,NA,"model10","nt","gain_loss_trans"
"tl1.00_gl0.50_pr2.50_c200",1,0.5,200,0.6,NA,10.5410104727862,NA,"model10","nt","gain_loss_trans"
"tl1.50_gl0.50_pr2.50_c200",1.5,0.5,200,0.444444444444444,NA,16.6710959042995,NA,"model10","nt","gain_loss_trans"
"tl2.50_gl0.50_pr2.50_c200",2.5,0.5,200,0.3,NA,16.994797259091,NA,"model10","nt","gain_loss_trans"
"tl5.00_gl0.50_pr2.50_c200",5,0.5,200,0.2,NA,20.7119725751143,NA,"model10","nt","gain_loss_trans"
"tl1.00_gl1.00_pr2.50_c200",1,1,200,0.625,NA,12.6564942514582,NA,"model10","nt","gain_loss_trans"
"tl1.50_gl1.00_pr2.50_c200",1.5,1,200,0.2,NA,12.3112107694279,NA,"model10","nt","gain_loss_trans"
"tl2.50_gl1.00_pr2.50_c200",2.5,1,200,0.3,NA,18.9896507212356,NA,"model10","nt","gain_loss_trans"
"tl5.00_gl1.00_pr2.50_c200",5,1,200,0.3,NA,47.7716746144528,NA,"model10","nt","gain_loss_trans"
"tl1.00_gl0.10_pr5.00_c200",1,0.1,200,0.125,NA,0.986529618143268,NA,"model10","nt","gain_loss_trans"
"tl1.50_gl0.10_pr5.00_c200",1.5,0.1,200,0,NA,1.47452606290369,NA,"model10","nt","gain_loss_trans"
"tl2.50_gl0.10_pr5.00_c200",2.5,0.1,200,0,NA,3.45281328841008,NA,"model10","nt","gain_loss_trans"
"tl5.00_gl0.10_pr5.00_c200",5,0.1,200,0.1,NA,8.54094363264001,NA,"model10","nt","gain_loss_trans"
"tl1.00_gl0.25_pr5.00_c200",1,0.25,200,0.222222222222222,NA,1.58822723504663,NA,"model10","nt","gain_loss_trans"
"tl1.50_gl0.25_pr5.00_c200",1.5,0.25,200,0,NA,4.84822502742921,NA,"model10","nt","gain_loss_trans"
"tl2.50_gl0.25_pr5.00_c200",2.5,0.25,200,0.1,NA,5.19023646851172,NA,"model10","nt","gain_loss_trans"
"tl5.00_gl0.25_pr5.00_c200",5,0.25,200,0,NA,16.1936961571759,NA,"model10","nt","gain_loss_trans"
"tl1.00_gl0.50_pr5.00_c200",1,0.5,200,0.125,NA,4.25604841142453,NA,"model10","nt","gain_loss_trans"
"tl1.50_gl0.50_pr5.00_c200",1.5,0.5,200,0,NA,7.30777750774045,NA,"model10","nt","gain_loss_trans"
"tl2.50_gl0.50_pr5.00_c200",2.5,0.5,200,0,NA,12.7645488472235,NA,"model10","nt","gain_loss_trans"
"tl5.00_gl0.50_pr5.00_c200",5,0.5,200,0,NA,19.018294953308,NA,"model10","nt","gain_loss_trans"
"tl1.00_gl1.00_pr5.00_c200",1,1,200,0.1,NA,3.37113334438596,NA,"model10","nt","gain_loss_trans"
"tl1.50_gl1.00_pr5.00_c200",1.5,1,200,0,NA,6.00021101768175,NA,"model10","nt","gain_loss_trans"
"tl2.50_gl1.00_pr5.00_c200",2.5,1,200,0,NA,17.4364145036566,NA,"model10","nt","gain_loss_trans"
"tl5.00_gl1.00_pr5.00_c200",5,1,200,0,NA,18.4484250505729,NA,"model10","nt","gain_loss_trans"
"tl1.00_gl0.10_pr1.00_c25",1,0.1,25,0.8,NA,0.158059469705514,NA,"model11","nt","gain_loss_trans"
"tl1.50_gl0.10_pr1.00_c25",1.5,0.1,25,0.7,NA,0.25131913255982,NA,"model11","nt","gain_loss_trans"
"tl2.50_gl0.10_pr1.00_c25",2.5,0.1,25,0.7,NA,0.377961430917877,NA,"model11","nt","gain_loss_trans"
"tl5.00_gl0.10_pr1.00_c25",5,0.1,25,0.2,NA,3.05950257299245,NA,"model11","nt","gain_loss_trans"
"tl1.00_gl0.25_pr1.00_c25",1,0.25,25,0.6,NA,0.639797685705816,NA,"model11","nt","gain_loss_trans"
"tl1.50_gl0.25_pr1.00_c25",1.5,0.25,25,0.7,NA,0.266083191060945,NA,"model11","nt","gain_loss_trans"
"tl2.50_gl0.25_pr1.00_c25",2.5,0.25,25,0.5,NA,0.641470394719284,NA,"model11","nt","gain_loss_trans"
"tl5.00_gl0.25_pr1.00_c25",5,0.25,25,0.3,NA,1.26192367281062,NA,"model11","nt","gain_loss_trans"
"tl1.00_gl0.50_pr1.00_c25",1,0.5,25,0.8,NA,1.03128653648266,NA,"model11","nt","gain_loss_trans"
"tl1.50_gl0.50_pr1.00_c25",1.5,0.5,25,0.6,NA,1.10639712770498,NA,"model11","nt","gain_loss_trans"
"tl2.50_gl0.50_pr1.00_c25",2.5,0.5,25,0.4,NA,1.21548580806754,NA,"model11","nt","gain_loss_trans"
"tl5.00_gl0.50_pr1.00_c25",5,0.5,25,0.2,NA,1.38040453570508,NA,"model11","nt","gain_loss_trans"
"tl1.00_gl1.00_pr1.00_c25",1,1,25,0.7,NA,0.397627238441267,NA,"model11","nt","gain_loss_trans"
"tl1.50_gl1.00_pr1.00_c25",1.5,1,25,0.6,NA,0.716299040487749,NA,"model11","nt","gain_loss_trans"
"tl2.50_gl1.00_pr1.00_c25",2.5,1,25,0.4,NA,1.34621241450959,NA,"model11","nt","gain_loss_trans"
"tl5.00_gl1.00_pr1.00_c25",5,1,25,0.5,NA,0.928822809340622,NA,"model11","nt","gain_loss_trans"
"tl1.00_gl0.10_pr2.50_c25",1,0.1,25,0.9,NA,0.190423509759918,NA,"model11","nt","gain_loss_trans"
"tl1.50_gl0.10_pr2.50_c25",1.5,0.1,25,0.9,NA,0.35475711381224,NA,"model11","nt","gain_loss_trans"
"tl2.50_gl0.10_pr2.50_c25",2.5,0.1,25,0.6,NA,0.413806789257168,NA,"model11","nt","gain_loss_trans"
"tl5.00_gl0.10_pr2.50_c25",5,0.1,25,0.1,NA,2.44619664979722,NA,"model11","nt","gain_loss_trans"
"tl1.00_gl0.25_pr2.50_c25",1,0.25,25,0.7,NA,0.309686758648389,NA,"model11","nt","gain_loss_trans"
"tl1.50_gl0.25_pr2.50_c25",1.5,0.25,25,0.9,NA,0.422406019442382,NA,"model11","nt","gain_loss_trans"
"tl2.50_gl0.25_pr2.50_c25",2.5,0.25,25,0.6,NA,1.20427047378128,NA,"model11","nt","gain_loss_trans"
"tl5.00_gl0.25_pr2.50_c25",5,0.25,25,0.6,NA,0.800404306306394,NA,"model11","nt","gain_loss_trans"
"tl1.00_gl0.50_pr2.50_c25",1,0.5,25,0.8,NA,0.793386001718523,NA,"model11","nt","gain_loss_trans"
"tl1.50_gl0.50_pr2.50_c25",1.5,0.5,25,0.7,NA,0.499317554352573,NA,"model11","nt","gain_loss_trans"
"tl2.50_gl0.50_pr2.50_c25",2.5,0.5,25,0.6,NA,0.568111396248613,NA,"model11","nt","gain_loss_trans"
"tl5.00_gl0.50_pr2.50_c25",5,0.5,25,0.4,NA,1.22161435529648,NA,"model11","nt","gain_loss_trans"
"tl1.00_gl1.00_pr2.50_c25",1,1,25,0.8,NA,0.137792199587628,NA,"model11","nt","gain_loss_trans"
"tl1.50_gl1.00_pr2.50_c25",1.5,1,25,0.8,NA,0.557841092858093,NA,"model11","nt","gain_loss_trans"
"tl2.50_gl1.00_pr2.50_c25",2.5,1,25,0.9,NA,0.227363239388658,NA,"model11","nt","gain_loss_trans"
"tl5.00_gl1.00_pr2.50_c25",5,1,25,0.4,NA,1.20925964556848,NA,"model11","nt","gain_loss_trans"
"tl1.00_gl0.10_pr5.00_c25",1,0.1,25,0.8,NA,0.231364807138504,NA,"model11","nt","gain_loss_trans"
"tl1.50_gl0.10_pr5.00_c25",1.5,0.1,25,0.7,NA,0.943245540408989,NA,"model11","nt","gain_loss_trans"
"tl2.50_gl0.10_pr5.00_c25",2.5,0.1,25,0.9,NA,0.172560616161605,NA,"model11","nt","gain_loss_trans"
"tl5.00_gl0.10_pr5.00_c25",5,0.1,25,0,NA,1.70737709489653,NA,"model11","nt","gain_loss_trans"
"tl1.00_gl0.25_pr5.00_c25",1,0.25,25,0.8,NA,0.299263769702058,NA,"model11","nt","gain_loss_trans"
"tl1.50_gl0.25_pr5.00_c25",1.5,0.25,25,0.7,NA,0.266777897106454,NA,"model11","nt","gain_loss_trans"
"tl2.50_gl0.25_pr5.00_c25",2.5,0.25,25,0.6,NA,0.367021220464952,NA,"model11","nt","gain_loss_trans"
"tl5.00_gl0.25_pr5.00_c25",5,0.25,25,0.4,NA,1.60760690434017,NA,"model11","nt","gain_loss_trans"
"tl1.00_gl0.50_pr5.00_c25",1,0.5,25,0.6,NA,0.757357951225297,NA,"model11","nt","gain_loss_trans"
"tl1.50_gl0.50_pr5.00_c25",1.5,0.5,25,0.8,NA,0.596412490498104,NA,"model11","nt","gain_loss_trans"
"tl2.50_gl0.50_pr5.00_c25",2.5,0.5,25,0.5,NA,0.68677541779847,NA,"model11","nt","gain_loss_trans"
"tl5.00_gl0.50_pr5.00_c25",5,0.5,25,0.4,NA,1.9367264143263,NA,"model11","nt","gain_loss_trans"
"tl1.00_gl1.00_pr5.00_c25",1,1,25,0.7,NA,0.716846235289605,NA,"model11","nt","gain_loss_trans"
"tl1.50_gl1.00_pr5.00_c25",1.5,1,25,0.7,NA,0.465885649949536,NA,"model11","nt","gain_loss_trans"
"tl2.50_gl1.00_pr5.00_c25",2.5,1,25,0.6,NA,0.729360947876773,NA,"model11","nt","gain_loss_trans"
"tl5.00_gl1.00_pr5.00_c25",5,1,25,0.4,NA,1.71918677619818,NA,"model11","nt","gain_loss_trans"
"tl1.00_gl0.10_pr1.00_c50",1,0.1,50,0.6,NA,0.882151446810703,NA,"model11","nt","gain_loss_trans"
"tl1.50_gl0.10_pr1.00_c50",1.5,0.1,50,0.7,NA,0.773263748593585,NA,"model11","nt","gain_loss_trans"
"tl2.50_gl0.10_pr1.00_c50",2.5,0.1,50,0.8,NA,0.13449237839813,NA,"model11","nt","gain_loss_trans"
"tl5.00_gl0.10_pr1.00_c50",5,0.1,50,0,NA,2.09787798227198,NA,"model11","nt","gain_loss_trans"
"tl1.00_gl0.25_pr1.00_c50",1,0.25,50,0.6,NA,1.0942846796495,NA,"model11","nt","gain_loss_trans"
"tl1.50_gl0.25_pr1.00_c50",1.5,0.25,50,0.5,NA,1.41189915831757,NA,"model11","nt","gain_loss_trans"
"tl2.50_gl0.25_pr1.00_c50",2.5,0.25,50,0.6,NA,0.641690083261207,NA,"model11","nt","gain_loss_trans"
"tl5.00_gl0.25_pr1.00_c50",5,0.25,50,0.4,NA,0.792924917787666,NA,"model11","nt","gain_loss_trans"
"tl1.00_gl0.50_pr1.00_c50",1,0.5,50,0.5,NA,0.814887906511636,NA,"model11","nt","gain_loss_trans"
"tl1.50_gl0.50_pr1.00_c50",1.5,0.5,50,0.5,NA,0.745694058873496,NA,"model11","nt","gain_loss_trans"
"tl2.50_gl0.50_pr1.00_c50",2.5,0.5,50,0.4,NA,1.28287141689761,NA,"model11","nt","gain_loss_trans"
"tl5.00_gl0.50_pr1.00_c50",5,0.5,50,0.7,NA,0.406272702518919,NA,"model11","nt","gain_loss_trans"
"tl1.00_gl1.00_pr1.00_c50",1,1,50,0.5,NA,0.895517727689703,NA,"model11","nt","gain_loss_trans"
"tl1.50_gl1.00_pr1.00_c50",1.5,1,50,0.5,NA,1.49860517881541,NA,"model11","nt","gain_loss_trans"
"tl2.50_gl1.00_pr1.00_c50",2.5,1,50,0.5,NA,0.945143178789214,NA,"model11","nt","gain_loss_trans"
"tl5.00_gl1.00_pr1.00_c50",5,1,50,0.5,NA,0.750850300837989,NA,"model11","nt","gain_loss_trans"
"tl1.00_gl0.10_pr2.50_c50",1,0.1,50,0.7,NA,1.01511158400805,NA,"model11","nt","gain_loss_trans"
"tl1.50_gl0.10_pr2.50_c50",1.5,0.1,50,0.4,NA,0.584404328965344,NA,"model11","nt","gain_loss_trans"
"tl2.50_gl0.10_pr2.50_c50",2.5,0.1,50,0.7,NA,0.55966497151627,NA,"model11","nt","gain_loss_trans"
"tl5.00_gl0.10_pr2.50_c50",5,0.1,50,0.1,NA,1.16788783503925,NA,"model11","nt","gain_loss_trans"
"tl1.00_gl0.25_pr2.50_c50",1,0.25,50,0.3,NA,1.01267494207621,NA,"model11","nt","gain_loss_trans"
"tl1.50_gl0.25_pr2.50_c50",1.5,0.25,50,0.4,NA,0.882595142399066,NA,"model11","nt","gain_loss_trans"
"tl2.50_gl0.25_pr2.50_c50",2.5,0.25,50,0.5,NA,0.477882317889602,NA,"model11","nt","gain_loss_trans"
"tl5.00_gl0.25_pr2.50_c50",5,0.25,50,0.6,NA,0.620200084187138,NA,"model11","nt","gain_loss_trans"
"tl1.00_gl0.50_pr2.50_c50",1,0.5,50,0.5,NA,1.26311847564462,NA,"model11","nt","gain_loss_trans"
"tl1.50_gl0.50_pr2.50_c50",1.5,0.5,50,0.4,NA,0.983289361011081,NA,"model11","nt","gain_loss_trans"
"tl2.50_gl0.50_pr2.50_c50",2.5,0.5,50,0.4,NA,0.951094608704075,NA,"model11","nt","gain_loss_trans"
"tl5.00_gl0.50_pr2.50_c50",5,0.5,50,0.6,NA,0.520204581270068,NA,"model11","nt","gain_loss_trans"
"tl1.00_gl1.00_pr2.50_c50",1,1,50,0.5,NA,0.976642262500478,NA,"model11","nt","gain_loss_trans"
"tl1.50_gl1.00_pr2.50_c50",1.5,1,50,0.3,NA,1.280188458641,NA,"model11","nt","gain_loss_trans"
"tl2.50_gl1.00_pr2.50_c50",2.5,1,50,0.5,NA,0.902622564473051,NA,"model11","nt","gain_loss_trans"
"tl5.00_gl1.00_pr2.50_c50",5,1,50,0.4,NA,0.483409360605377,NA,"model11","nt","gain_loss_trans"
"tl1.00_gl0.10_pr5.00_c50",1,0.1,50,0.6,NA,0.785090042025456,NA,"model11","nt","gain_loss_trans"
"tl1.50_gl0.10_pr5.00_c50",1.5,0.1,50,0.4,NA,0.535799888804615,NA,"model11","nt","gain_loss_trans"
"tl2.50_gl0.10_pr5.00_c50",2.5,0.1,50,0.6,NA,0.469648112342143,NA,"model11","nt","gain_loss_trans"
"tl5.00_gl0.10_pr5.00_c50",5,0.1,50,0.3,NA,0.690967260555613,NA,"model11","nt","gain_loss_trans"
"tl1.00_gl0.25_pr5.00_c50",1,0.25,50,0.7,NA,1.08534840221379,NA,"model11","nt","gain_loss_trans"
"tl1.50_gl0.25_pr5.00_c50",1.5,0.25,50,0.5,NA,0.894006751623099,NA,"model11","nt","gain_loss_trans"
"tl2.50_gl0.25_pr5.00_c50",2.5,0.25,50,0.7,NA,0.640728707735866,NA,"model11","nt","gain_loss_trans"
"tl5.00_gl0.25_pr5.00_c50",5,0.25,50,0.2,NA,0.670821477245195,NA,"model11","nt","gain_loss_trans"
"tl1.00_gl0.50_pr5.00_c50",1,0.5,50,0.6,NA,1.16757747054173,NA,"model11","nt","gain_loss_trans"
"tl1.50_gl0.50_pr5.00_c50",1.5,0.5,50,0.3,NA,1.52563714057799,NA,"model11","nt","gain_loss_trans"
"tl2.50_gl0.50_pr5.00_c50",2.5,0.5,50,0.8,NA,0.634320850202552,NA,"model11","nt","gain_loss_trans"
"tl5.00_gl0.50_pr5.00_c50",5,0.5,50,0.3,NA,0.80318432323808,NA,"model11","nt","gain_loss_trans"
"tl1.00_gl1.00_pr5.00_c50",1,1,50,0.6,NA,0.680215398311616,NA,"model11","nt","gain_loss_trans"
"tl1.50_gl1.00_pr5.00_c50",1.5,1,50,0.5,NA,1.80374628397545,NA,"model11","nt","gain_loss_trans"
"tl2.50_gl1.00_pr5.00_c50",2.5,1,50,0.6,NA,0.68944067419218,NA,"model11","nt","gain_loss_trans"
"tl5.00_gl1.00_pr5.00_c50",5,1,50,0.5,NA,0.728309781993116,NA,"model11","nt","gain_loss_trans"
"tl1.00_gl0.10_pr1.00_c100",1,0.1,100,0.2,NA,0.582286040332461,NA,"model11","nt","gain_loss_trans"
"tl1.50_gl0.10_pr1.00_c100",1.5,0.1,100,0.6,NA,0.701927486260412,NA,"model11","nt","gain_loss_trans"
"tl2.50_gl0.10_pr1.00_c100",2.5,0.1,100,0.4,NA,0.571642596041013,NA,"model11","nt","gain_loss_trans"
"tl5.00_gl0.10_pr1.00_c100",5,0.1,100,0.2,NA,1.17533230040919,NA,"model11","nt","gain_loss_trans"
"tl1.00_gl0.25_pr1.00_c100",1,0.25,100,0.4,NA,1.26685738517197,NA,"model11","nt","gain_loss_trans"
"tl1.50_gl0.25_pr1.00_c100",1.5,0.25,100,0.4,NA,0.920713496633076,NA,"model11","nt","gain_loss_trans"
"tl2.50_gl0.25_pr1.00_c100",2.5,0.25,100,0.3,NA,1.21795657767072,NA,"model11","nt","gain_loss_trans"
"tl5.00_gl0.25_pr1.00_c100",5,0.25,100,0.2,NA,0.713500399782169,NA,"model11","nt","gain_loss_trans"
"tl1.00_gl0.50_pr1.00_c100",1,0.5,100,0.5,NA,1.28223482216331,NA,"model11","nt","gain_loss_trans"
"tl1.50_gl0.50_pr1.00_c100",1.5,0.5,100,0.5,NA,1.61511046374526,NA,"model11","nt","gain_loss_trans"
"tl2.50_gl0.50_pr1.00_c100",2.5,0.5,100,0.5,NA,1.58379666554606,NA,"model11","nt","gain_loss_trans"
"tl5.00_gl0.50_pr1.00_c100",5,0.5,100,0.3,NA,0.947844543013456,NA,"model11","nt","gain_loss_trans"
"tl1.00_gl1.00_pr1.00_c100",1,1,100,0.5,NA,1.97443981155597,NA,"model11","nt","gain_loss_trans"
"tl1.50_gl1.00_pr1.00_c100",1.5,1,100,0.5,NA,1.22097673275146,NA,"model11","nt","gain_loss_trans"
"tl2.50_gl1.00_pr1.00_c100",2.5,1,100,0.2,NA,1.614445862365,NA,"model11","nt","gain_loss_trans"
"tl5.00_gl1.00_pr1.00_c100",5,1,100,0.3,NA,0.764652453860223,NA,"model11","nt","gain_loss_trans"
"tl1.00_gl0.10_pr2.50_c100",1,0.1,100,0.3,NA,0.715819951476872,NA,"model11","nt","gain_loss_trans"
"tl1.50_gl0.10_pr2.50_c100",1.5,0.1,100,0.3,NA,1.24244494506764,NA,"model11","nt","gain_loss_trans"
"tl2.50_gl0.10_pr2.50_c100",2.5,0.1,100,0.4,NA,0.918216319783604,NA,"model11","nt","gain_loss_trans"
"tl5.00_gl0.10_pr2.50_c100",5,0.1,100,0.5,NA,0.415129665601913,NA,"model11","nt","gain_loss_trans"
"tl1.00_gl0.25_pr2.50_c100",1,0.25,100,0.5,NA,1.44149249306662,NA,"model11","nt","gain_loss_trans"
"tl1.50_gl0.25_pr2.50_c100",1.5,0.25,100,0.4,NA,1.01399411651322,NA,"model11","nt","gain_loss_trans"
"tl2.50_gl0.25_pr2.50_c100",2.5,0.25,100,0.5,NA,1.36239092113647,NA,"model11","nt","gain_loss_trans"
"tl5.00_gl0.25_pr2.50_c100",5,0.25,100,0.4,NA,0.46384449625911,NA,"model11","nt","gain_loss_trans"
"tl1.00_gl0.50_pr2.50_c100",1,0.5,100,0.5,NA,0.934613681672061,NA,"model11","nt","gain_loss_trans"
"tl1.50_gl0.50_pr2.50_c100",1.5,0.5,100,0.5,NA,1.42345068823097,NA,"model11","nt","gain_loss_trans"
"tl2.50_gl0.50_pr2.50_c100",2.5,0.5,100,0.4,NA,1.07800254965773,NA,"model11","nt","gain_loss_trans"
"tl5.00_gl0.50_pr2.50_c100",5,0.5,100,0.3,NA,0.368618422798754,NA,"model11","nt","gain_loss_trans"
"tl1.00_gl1.00_pr2.50_c100",1,1,100,0.4,NA,0.904963322249963,NA,"model11","nt","gain_loss_trans"
"tl1.50_gl1.00_pr2.50_c100",1.5,1,100,0.5,NA,1.03043476840051,NA,"model11","nt","gain_loss_trans"
"tl2.50_gl1.00_pr2.50_c100",2.5,1,100,0.5,NA,2.08934234826078,NA,"model11","nt","gain_loss_trans"
"tl5.00_gl1.00_pr2.50_c100",5,1,100,0.5,NA,0.533572131879156,NA,"model11","nt","gain_loss_trans"
"tl1.00_gl0.10_pr5.00_c100",1,0.1,100,0.3,NA,1.07465578019343,NA,"model11","nt","gain_loss_trans"
"tl1.50_gl0.10_pr5.00_c100",1.5,0.1,100,0.3,NA,0.668575661973424,NA,"model11","nt","gain_loss_trans"
"tl2.50_gl0.10_pr5.00_c100",2.5,0.1,100,0.3,NA,0.609866648712038,NA,"model11","nt","gain_loss_trans"
"tl5.00_gl0.10_pr5.00_c100",5,0.1,100,0.5,NA,0.36016419654447,NA,"model11","nt","gain_loss_trans"
"tl1.00_gl0.25_pr5.00_c100",1,0.25,100,0.5,NA,1.08873168500601,NA,"model11","nt","gain_loss_trans"
"tl1.50_gl0.25_pr5.00_c100",1.5,0.25,100,0.4,NA,0.771624492824633,NA,"model11","nt","gain_loss_trans"
"tl2.50_gl0.25_pr5.00_c100",2.5,0.25,100,0.5,NA,1.01202805234815,NA,"model11","nt","gain_loss_trans"
"tl5.00_gl0.25_pr5.00_c100",5,0.25,100,0.6,NA,0.29303782770321,NA,"model11","nt","gain_loss_trans"
"tl1.00_gl0.50_pr5.00_c100",1,0.5,100,0.3,NA,1.5143341648856,NA,"model11","nt","gain_loss_trans"
"tl1.50_gl0.50_pr5.00_c100",1.5,0.5,100,0.4,NA,1.10381318499769,NA,"model11","nt","gain_loss_trans"
"tl2.50_gl0.50_pr5.00_c100",2.5,0.5,100,0.4,NA,0.994983520627335,NA,"model11","nt","gain_loss_trans"
"tl5.00_gl0.50_pr5.00_c100",5,0.5,100,0.4,NA,0.694367821856428,NA,"model11","nt","gain_loss_trans"
"tl1.00_gl1.00_pr5.00_c100",1,1,100,0.3,NA,1.30237312935652,NA,"model11","nt","gain_loss_trans"
"tl1.50_gl1.00_pr5.00_c100",1.5,1,100,0.4,NA,1.77903842598534,NA,"model11","nt","gain_loss_trans"
"tl2.50_gl1.00_pr5.00_c100",2.5,1,100,0.4,NA,1.55671234278345,NA,"model11","nt","gain_loss_trans"
"tl5.00_gl1.00_pr5.00_c100",5,1,100,0.4,NA,0.624326833819921,NA,"model11","nt","gain_loss_trans"
"tl1.00_gl0.10_pr1.00_c200",1,0.1,200,0.1,NA,0.947138774428222,NA,"model11","nt","gain_loss_trans"
"tl1.50_gl0.10_pr1.00_c200",1.5,0.1,200,0.2,NA,1.05878501324707,NA,"model11","nt","gain_loss_trans"
"tl2.50_gl0.10_pr1.00_c200",2.5,0.1,200,0.5,NA,0.789551711051402,NA,"model11","nt","gain_loss_trans"
"tl5.00_gl0.10_pr1.00_c200",5,0.1,200,0.2,NA,0.847032875413944,NA,"model11","nt","gain_loss_trans"
"tl1.00_gl0.25_pr1.00_c200",1,0.25,200,0.3,NA,1.02668784530344,NA,"model11","nt","gain_loss_trans"
"tl1.50_gl0.25_pr1.00_c200",1.5,0.25,200,0.5,NA,1.14679151656526,NA,"model11","nt","gain_loss_trans"
"tl2.50_gl0.25_pr1.00_c200",2.5,0.25,200,0.5,NA,1.07263291151957,NA,"model11","nt","gain_loss_trans"
"tl5.00_gl0.25_pr1.00_c200",5,0.25,200,0.2,NA,0.417640185464663,NA,"model11","nt","gain_loss_trans"
"tl1.00_gl0.50_pr1.00_c200",1,0.5,200,0.4,NA,1.63408393830736,NA,"model11","nt","gain_loss_trans"
"tl1.50_gl0.50_pr1.00_c200",1.5,0.5,200,0.5,NA,1.52124896805165,NA,"model11","nt","gain_loss_trans"
"tl2.50_gl0.50_pr1.00_c200",2.5,0.5,200,0.3,NA,1.93120551918902,NA,"model11","nt","gain_loss_trans"
"tl5.00_gl0.50_pr1.00_c200",5,0.5,200,0.2,NA,0.646360922073847,NA,"model11","nt","gain_loss_trans"
"tl1.00_gl1.00_pr1.00_c200",1,1,200,0.4,NA,1.79310663300886,NA,"model11","nt","gain_loss_trans"
"tl1.50_gl1.00_pr1.00_c200",1.5,1,200,0.5,NA,1.73853806540513,NA,"model11","nt","gain_loss_trans"
"tl2.50_gl1.00_pr1.00_c200",2.5,1,200,0.2,NA,1.8976548548087,NA,"model11","nt","gain_loss_trans"
"tl5.00_gl1.00_pr1.00_c200",5,1,200,0.4,NA,0.763392392069281,NA,"model11","nt","gain_loss_trans"
"tl1.00_gl0.10_pr2.50_c200",1,0.1,200,0,NA,1.0769245565663,NA,"model11","nt","gain_loss_trans"
"tl1.50_gl0.10_pr2.50_c200",1.5,0.1,200,0.2,NA,1.00396712542552,NA,"model11","nt","gain_loss_trans"
"tl2.50_gl0.10_pr2.50_c200",2.5,0.1,200,0.3,NA,0.74902862463058,NA,"model11","nt","gain_loss_trans"
"tl5.00_gl0.10_pr2.50_c200",5,0.1,200,0.3,NA,0.295294056092497,NA,"model11","nt","gain_loss_trans"
"tl1.00_gl0.25_pr2.50_c200",1,0.25,200,0.4,NA,1.1946860665879,NA,"model11","nt","gain_loss_trans"
"tl1.50_gl0.25_pr2.50_c200",1.5,0.25,200,0.5,NA,1.24401883797897,NA,"model11","nt","gain_loss_trans"
"tl2.50_gl0.25_pr2.50_c200",2.5,0.25,200,0.4,NA,1.18401897182011,NA,"model11","nt","gain_loss_trans"
"tl5.00_gl0.25_pr2.50_c200",5,0.25,200,0.4,NA,0.43668246348735,NA,"model11","nt","gain_loss_trans"
"tl1.00_gl0.50_pr2.50_c200",1,0.5,200,0.4,NA,1.3289434056861,NA,"model11","nt","gain_loss_trans"
"tl1.50_gl0.50_pr2.50_c200",1.5,0.5,200,0.3,NA,1.53125216087999,NA,"model11","nt","gain_loss_trans"
"tl2.50_gl0.50_pr2.50_c200",2.5,0.5,200,0.5,NA,1.3837364355594,NA,"model11","nt","gain_loss_trans"
"tl5.00_gl0.50_pr2.50_c200",5,0.5,200,0.4,NA,0.608011289657484,NA,"model11","nt","gain_loss_trans"
"tl1.00_gl1.00_pr2.50_c200",1,1,200,0.6,NA,1.36567630314241,NA,"model11","nt","gain_loss_trans"
"tl1.50_gl1.00_pr2.50_c200",1.5,1,200,0.3,NA,1.34282945769928,NA,"model11","nt","gain_loss_trans"
"tl2.50_gl1.00_pr2.50_c200",2.5,1,200,0.5,NA,1.82974040585683,NA,"model11","nt","gain_loss_trans"
"tl5.00_gl1.00_pr2.50_c200",5,1,200,0.3,NA,1.16528380216702,NA,"model11","nt","gain_loss_trans"
"tl1.00_gl0.10_pr5.00_c200",1,0.1,200,0.1,NA,1.11410003328402,NA,"model11","nt","gain_loss_trans"
"tl1.50_gl0.10_pr5.00_c200",1.5,0.1,200,0.1,NA,1.47244432569395,NA,"model11","nt","gain_loss_trans"
"tl2.50_gl0.10_pr5.00_c200",2.5,0.1,200,0.4,NA,0.715043475519863,NA,"model11","nt","gain_loss_trans"
"tl5.00_gl0.10_pr5.00_c200",5,0.1,200,0.6,NA,0.165477760903139,NA,"model11","nt","gain_loss_trans"
"tl1.00_gl0.25_pr5.00_c200",1,0.25,200,0.3,NA,0.928858939478432,NA,"model11","nt","gain_loss_trans"
"tl1.50_gl0.25_pr5.00_c200",1.5,0.25,200,0.3,NA,1.36255484287094,NA,"model11","nt","gain_loss_trans"
"tl2.50_gl0.25_pr5.00_c200",2.5,0.25,200,0.4,NA,0.863406169711048,NA,"model11","nt","gain_loss_trans"
"tl5.00_gl0.25_pr5.00_c200",5,0.25,200,0.3,NA,0.318306486296868,NA,"model11","nt","gain_loss_trans"
"tl1.00_gl0.50_pr5.00_c200",1,0.5,200,0.4,NA,0.957236216844142,NA,"model11","nt","gain_loss_trans"
"tl1.50_gl0.50_pr5.00_c200",1.5,0.5,200,0.4,NA,1.69602432838186,NA,"model11","nt","gain_loss_trans"
"tl2.50_gl0.50_pr5.00_c200",2.5,0.5,200,0.5,NA,1.50278237221879,NA,"model11","nt","gain_loss_trans"
"tl5.00_gl0.50_pr5.00_c200",5,0.5,200,0.2,NA,0.431516965468882,NA,"model11","nt","gain_loss_trans"
"tl1.00_gl1.00_pr5.00_c200",1,1,200,0.4,NA,1.050975515363,NA,"model11","nt","gain_loss_trans"
"tl1.50_gl1.00_pr5.00_c200",1.5,1,200,0.5,NA,1.4019315361182,NA,"model11","nt","gain_loss_trans"
"tl2.50_gl1.00_pr5.00_c200",2.5,1,200,0.4,NA,1.31920836356852,NA,"model11","nt","gain_loss_trans"
"tl5.00_gl1.00_pr5.00_c200",5,1,200,0.4,NA,0.470564893080197,NA,"model11","nt","gain_loss_trans"
"tl1.00_gl0.10_pr1.00_c25",1,0.1,25,1,NA,0.0634797791697423,NA,"model12","nt","gain_loss_trans"
"tl1.50_gl0.10_pr1.00_c25",1.5,0.1,25,0.7,NA,0.349779590961914,NA,"model12","nt","gain_loss_trans"
"tl2.50_gl0.10_pr1.00_c25",2.5,0.1,25,0.4,NA,1.51814571063944,NA,"model12","nt","gain_loss_trans"
"tl5.00_gl0.10_pr1.00_c25",5,0.1,25,0,NA,7.0729289740739,NA,"model12","nt","gain_loss_trans"
"tl1.00_gl0.25_pr1.00_c25",1,0.25,25,1,NA,0.0765041506467591,NA,"model12","nt","gain_loss_trans"
"tl1.50_gl0.25_pr1.00_c25",1.5,0.25,25,0.7,NA,0.313344170875368,NA,"model12","nt","gain_loss_trans"
"tl2.50_gl0.25_pr1.00_c25",2.5,0.25,25,0.6,NA,1.19394105454328,NA,"model12","nt","gain_loss_trans"
"tl5.00_gl0.25_pr1.00_c25",5,0.25,25,0.142857142857143,NA,4.38759767405997,NA,"model12","nt","gain_loss_trans"
"tl1.00_gl0.50_pr1.00_c25",1,0.5,25,1,NA,0.0774212774722491,NA,"model12","nt","gain_loss_trans"
"tl1.50_gl0.50_pr1.00_c25",1.5,0.5,25,0.8,NA,0.326367568754804,NA,"model12","nt","gain_loss_trans"
"tl2.50_gl0.50_pr1.00_c25",2.5,0.5,25,0.444444444444444,NA,1.0439821195772,NA,"model12","nt","gain_loss_trans"
"tl5.00_gl0.50_pr1.00_c25",5,0.5,25,0.125,NA,4.34822237387266,NA,"model12","nt","gain_loss_trans"
"tl1.00_gl1.00_pr1.00_c25",1,1,25,0.9,NA,0.0760427468188551,NA,"model12","nt","gain_loss_trans"
"tl1.50_gl1.00_pr1.00_c25",1.5,1,25,0.9,NA,0.223891848909648,NA,"model12","nt","gain_loss_trans"
"tl2.50_gl1.00_pr1.00_c25",2.5,1,25,0.7,NA,1.15096842216705,NA,"model12","nt","gain_loss_trans"
"tl5.00_gl1.00_pr1.00_c25",5,1,25,0.166666666666667,NA,3.76927542144598,NA,"model12","nt","gain_loss_trans"
"tl1.00_gl0.10_pr2.50_c25",1,0.1,25,1,NA,0.0466121552083596,NA,"model12","nt","gain_loss_trans"
"tl1.50_gl0.10_pr2.50_c25",1.5,0.1,25,1,NA,0.187227202302026,NA,"model12","nt","gain_loss_trans"
"tl2.50_gl0.10_pr2.50_c25",2.5,0.1,25,0.2,NA,1.49726980483221,NA,"model12","nt","gain_loss_trans"
"tl5.00_gl0.10_pr2.50_c25",5,0.1,25,0,NA,9.98763262126558,NA,"model12","nt","gain_loss_trans"
"tl1.00_gl0.25_pr2.50_c25",1,0.25,25,0.9,NA,0.0969953551006816,NA,"model12","nt","gain_loss_trans"
"tl1.50_gl0.25_pr2.50_c25",1.5,0.25,25,1,NA,0.264435074618661,NA,"model12","nt","gain_loss_trans"
"tl2.50_gl0.25_pr2.50_c25",2.5,0.25,25,0.333333333333333,NA,1.49792627915015,NA,"model12","nt","gain_loss_trans"
"tl5.00_gl0.25_pr2.50_c25",5,0.25,25,0,NA,8.59144045091642,NA,"model12","nt","gain_loss_trans"
"tl1.00_gl0.50_pr2.50_c25",1,0.5,25,1,NA,0.0701302418140177,NA,"model12","nt","gain_loss_trans"
"tl1.50_gl0.50_pr2.50_c25",1.5,0.5,25,0.9,NA,0.235990599888022,NA,"model12","nt","gain_loss_trans"
"tl2.50_gl0.50_pr2.50_c25",2.5,0.5,25,0.333333333333333,NA,1.59557568381805,NA,"model12","nt","gain_loss_trans"
"tl5.00_gl0.50_pr2.50_c25",5,0.5,25,0,NA,7.76804517302096,NA,"model12","nt","gain_loss_trans"
"tl1.00_gl1.00_pr2.50_c25",1,1,25,0.9,NA,0.0848819520110696,NA,"model12","nt","gain_loss_trans"
"tl1.50_gl1.00_pr2.50_c25",1.5,1,25,0.9,NA,0.296413952367219,NA,"model12","nt","gain_loss_trans"
"tl2.50_gl1.00_pr2.50_c25",2.5,1,25,0.2,NA,1.72850299313242,NA,"model12","nt","gain_loss_trans"
"tl5.00_gl1.00_pr2.50_c25",5,1,25,0,NA,5.68056660558957,NA,"model12","nt","gain_loss_trans"
"tl1.00_gl0.10_pr5.00_c25",1,0.1,25,1,NA,0.0386482748426821,NA,"model12","nt","gain_loss_trans"
"tl1.50_gl0.10_pr5.00_c25",1.5,0.1,25,0.9,NA,0.218314057973672,NA,"model12","nt","gain_loss_trans"
"tl2.50_gl0.10_pr5.00_c25",2.5,0.1,25,0.2,NA,1.73970843742575,NA,"model12","nt","gain_loss_trans"
"tl5.00_gl0.10_pr5.00_c25",5,0.1,25,0,NA,12.9383638685856,NA,"model12","nt","gain_loss_trans"
"tl1.00_gl0.25_pr5.00_c25",1,0.25,25,0.8,NA,0.0979193635523715,NA,"model12","nt","gain_loss_trans"
"tl1.50_gl0.25_pr5.00_c25",1.5,0.25,25,0.8,NA,0.29261238841772,NA,"model12","nt","gain_loss_trans"
"tl2.50_gl0.25_pr5.00_c25",2.5,0.25,25,0.2,NA,1.7093567876498,NA,"model12","nt","gain_loss_trans"
"tl5.00_gl0.25_pr5.00_c25",5,0.25,25,0,NA,9.48125912005641,NA,"model12","nt","gain_loss_trans"
"tl1.00_gl0.50_pr5.00_c25",1,0.5,25,1,NA,0.0663909145804166,NA,"model12","nt","gain_loss_trans"
"tl1.50_gl0.50_pr5.00_c25",1.5,0.5,25,0.6,NA,0.383156349997104,NA,"model12","nt","gain_loss_trans"
"tl2.50_gl0.50_pr5.00_c25",2.5,0.5,25,0.111111111111111,NA,1.74154074436312,NA,"model12","nt","gain_loss_trans"
"tl5.00_gl0.50_pr5.00_c25",5,0.5,25,0,NA,11.6861356882965,NA,"model12","nt","gain_loss_trans"
"tl1.00_gl1.00_pr5.00_c25",1,1,25,0.8,NA,0.108837120695458,NA,"model12","nt","gain_loss_trans"
"tl1.50_gl1.00_pr5.00_c25",1.5,1,25,0.9,NA,0.283384049290003,NA,"model12","nt","gain_loss_trans"
"tl2.50_gl1.00_pr5.00_c25",2.5,1,25,0.222222222222222,NA,1.72562333722219,NA,"model12","nt","gain_loss_trans"
"tl5.00_gl1.00_pr5.00_c25",5,1,25,0,NA,12.6983494749268,NA,"model12","nt","gain_loss_trans"
"tl1.00_gl0.10_pr1.00_c50",1,0.1,50,0.9,NA,0.0877444028372799,NA,"model12","nt","gain_loss_trans"
"tl1.50_gl0.10_pr1.00_c50",1.5,0.1,50,0.7,NA,0.32302045241243,NA,"model12","nt","gain_loss_trans"
"tl2.50_gl0.10_pr1.00_c50",2.5,0.1,50,0.3,NA,1.5306781170469,NA,"model12","nt","gain_loss_trans"
"tl5.00_gl0.10_pr1.00_c50",5,0.1,50,0,NA,9.56679487882295,NA,"model12","nt","gain_loss_trans"
"tl1.00_gl0.25_pr1.00_c50",1,0.25,50,1,NA,0.0849328182237984,NA,"model12","nt","gain_loss_trans"
"tl1.50_gl0.25_pr1.00_c50",1.5,0.25,50,1,NA,0.19401641185316,NA,"model12","nt","gain_loss_trans"
"tl2.50_gl0.25_pr1.00_c50",2.5,0.25,50,0.555555555555556,NA,1.20866955883612,NA,"model12","nt","gain_loss_trans"
"tl5.00_gl0.25_pr1.00_c50",5,0.25,50,0,NA,3.80086359980561,NA,"model12","nt","gain_loss_trans"
"tl1.00_gl0.50_pr1.00_c50",1,0.5,50,0.8,NA,0.100146693235653,NA,"model12","nt","gain_loss_trans"
"tl1.50_gl0.50_pr1.00_c50",1.5,0.5,50,0.9,NA,0.26074439019464,NA,"model12","nt","gain_loss_trans"
"tl2.50_gl0.50_pr1.00_c50",2.5,0.5,50,0.571428571428571,NA,1.00464230315776,NA,"model12","nt","gain_loss_trans"
"tl5.00_gl0.50_pr1.00_c50",5,0.5,50,0.166666666666667,NA,2.51955955853215,NA,"model12","nt","gain_loss_trans"
"tl1.00_gl1.00_pr1.00_c50",1,1,50,1,NA,0.0603028517385877,NA,"model12","nt","gain_loss_trans"
"tl1.50_gl1.00_pr1.00_c50",1.5,1,50,0.888888888888889,NA,0.186206209331081,NA,"model12","nt","gain_loss_trans"
"tl2.50_gl1.00_pr1.00_c50",2.5,1,50,0.333333333333333,NA,1.37198630103076,NA,"model12","nt","gain_loss_trans"
"tl5.00_gl1.00_pr1.00_c50",5,1,50,0.285714285714286,NA,3.91817422999038,NA,"model12","nt","gain_loss_trans"
"tl1.00_gl0.10_pr2.50_c50",1,0.1,50,1,NA,0.0534145380433252,NA,"model12","nt","gain_loss_trans"
"tl1.50_gl0.10_pr2.50_c50",1.5,0.1,50,0.9,NA,0.290849213800812,NA,"model12","nt","gain_loss_trans"
"tl2.50_gl0.10_pr2.50_c50",2.5,0.1,50,0,NA,2.12923072658482,NA,"model12","nt","gain_loss_trans"
"tl5.00_gl0.10_pr2.50_c50",5,0.1,50,0,NA,10.1593337047235,NA,"model12","nt","gain_loss_trans"
"tl1.00_gl0.25_pr2.50_c50",1,0.25,50,1,NA,0.0482956094576115,NA,"model12","nt","gain_loss_trans"
"tl1.50_gl0.25_pr2.50_c50",1.5,0.25,50,0.9,NA,0.363217230983658,NA,"model12","nt","gain_loss_trans"
"tl2.50_gl0.25_pr2.50_c50",2.5,0.25,50,0.1,NA,1.6889711180753,NA,"model12","nt","gain_loss_trans"
"tl5.00_gl0.25_pr2.50_c50",5,0.25,50,0,NA,5.71067143009431,NA,"model12","nt","gain_loss_trans"
"tl1.00_gl0.50_pr2.50_c50",1,0.5,50,0.9,NA,0.0663269920181998,NA,"model12","nt","gain_loss_trans"
"tl1.50_gl0.50_pr2.50_c50",1.5,0.5,50,0.8,NA,0.317173619533723,NA,"model12","nt","gain_loss_trans"
"tl2.50_gl0.50_pr2.50_c50",2.5,0.5,50,0.222222222222222,NA,1.2657071112516,NA,"model12","nt","gain_loss_trans"
"tl5.00_gl0.50_pr2.50_c50",5,0.5,50,0.142857142857143,NA,4.6122729609364,NA,"model12","nt","gain_loss_trans"
"tl1.00_gl1.00_pr2.50_c50",1,1,50,1,NA,0.0725909544463724,NA,"model12","nt","gain_loss_trans"
"tl1.50_gl1.00_pr2.50_c50",1.5,1,50,0.9,NA,0.319561567113925,NA,"model12","nt","gain_loss_trans"
"tl2.50_gl1.00_pr2.50_c50",2.5,1,50,0.375,NA,1.43151552439148,NA,"model12","nt","gain_loss_trans"
"tl5.00_gl1.00_pr2.50_c50",5,1,50,0,NA,4.69535165453226,NA,"model12","nt","gain_loss_trans"
"tl1.00_gl0.10_pr5.00_c50",1,0.1,50,1,NA,0.0852960816258098,NA,"model12","nt","gain_loss_trans"
"tl1.50_gl0.10_pr5.00_c50",1.5,0.1,50,0.8,NA,0.339235886433055,NA,"model12","nt","gain_loss_trans"
"tl2.50_gl0.10_pr5.00_c50",2.5,0.1,50,0.4,NA,1.59215108246931,NA,"model12","nt","gain_loss_trans"
"tl5.00_gl0.10_pr5.00_c50",5,0.1,50,0,NA,12.7054574863328,NA,"model12","nt","gain_loss_trans"
"tl1.00_gl0.25_pr5.00_c50",1,0.25,50,1,NA,0.0825138821367732,NA,"model12","nt","gain_loss_trans"
"tl1.50_gl0.25_pr5.00_c50",1.5,0.25,50,0.6,NA,0.442715696876635,NA,"model12","nt","gain_loss_trans"
"tl2.50_gl0.25_pr5.00_c50",2.5,0.25,50,0.2,NA,1.74512977933159,NA,"model12","nt","gain_loss_trans"
"tl5.00_gl0.25_pr5.00_c50",5,0.25,50,0,NA,10.0893822782425,NA,"model12","nt","gain_loss_trans"
"tl1.00_gl0.50_pr5.00_c50",1,0.5,50,0.9,NA,0.0944762014119808,NA,"model12","nt","gain_loss_trans"
"tl1.50_gl0.50_pr5.00_c50",1.5,0.5,50,0.9,NA,0.269204537066393,NA,"model12","nt","gain_loss_trans"
"tl2.50_gl0.50_pr5.00_c50",2.5,0.5,50,0,NA,1.96820222136939,NA,"model12","nt","gain_loss_trans"
"tl5.00_gl0.50_pr5.00_c50",5,0.5,50,0,NA,9.29514036884699,NA,"model12","nt","gain_loss_trans"
"tl1.00_gl1.00_pr5.00_c50",1,1,50,0.8,NA,0.127643080882876,NA,"model12","nt","gain_loss_trans"
"tl1.50_gl1.00_pr5.00_c50",1.5,1,50,0.777777777777778,NA,0.398605421357983,NA,"model12","nt","gain_loss_trans"
"tl2.50_gl1.00_pr5.00_c50",2.5,1,50,0.111111111111111,NA,1.8611885639404,NA,"model12","nt","gain_loss_trans"
"tl5.00_gl1.00_pr5.00_c50",5,1,50,0,NA,11.346296005056,NA,"model12","nt","gain_loss_trans"
"tl1.00_gl0.10_pr1.00_c100",1,0.1,100,0.9,NA,0.0910080052742391,NA,"model12","nt","gain_loss_trans"
"tl1.50_gl0.10_pr1.00_c100",1.5,0.1,100,0.555555555555556,NA,0.399642561061626,NA,"model12","nt","gain_loss_trans"
"tl2.50_gl0.10_pr1.00_c100",2.5,0.1,100,0.142857142857143,NA,1.34207952007249,NA,"model12","nt","gain_loss_trans"
"tl5.00_gl0.10_pr1.00_c100",5,0.1,100,0,NA,5.58710970199699,NA,"model12","nt","gain_loss_trans"
"tl1.00_gl0.25_pr1.00_c100",1,0.25,100,1,NA,0.0820075602176617,NA,"model12","nt","gain_loss_trans"
"tl1.50_gl0.25_pr1.00_c100",1.5,0.25,100,0.75,NA,0.246885325966055,NA,"model12","nt","gain_loss_trans"
"tl2.50_gl0.25_pr1.00_c100",2.5,0.25,100,0.285714285714286,NA,0.740408923810863,NA,"model12","nt","gain_loss_trans"
"tl5.00_gl0.25_pr1.00_c100",5,0.25,100,0,NA,4.18164015014554,NA,"model12","nt","gain_loss_trans"
"tl1.00_gl0.50_pr1.00_c100",1,0.5,100,1,NA,0.0581816657762633,NA,"model12","nt","gain_loss_trans"
"tl1.50_gl0.50_pr1.00_c100",1.5,0.5,100,0.625,NA,0.156575811114351,NA,"model12","nt","gain_loss_trans"
"tl2.50_gl0.50_pr1.00_c100",2.5,0.5,100,0.428571428571429,NA,0.581449506712658,NA,"model12","nt","gain_loss_trans"
"tl5.00_gl0.50_pr1.00_c100",5,0.5,100,0,NA,5.81805410499272,NA,"model12","nt","gain_loss_trans"
"tl1.00_gl1.00_pr1.00_c100",1,1,100,0.9,NA,0.0885508778805784,NA,"model12","nt","gain_loss_trans"
"tl1.50_gl1.00_pr1.00_c100",1.5,1,100,0.666666666666667,NA,0.348839808582493,NA,"model12","nt","gain_loss_trans"
"tl2.50_gl1.00_pr1.00_c100",2.5,1,100,0.428571428571429,NA,0.820791300060585,NA,"model12","nt","gain_loss_trans"
"tl5.00_gl1.00_pr1.00_c100",5,1,100,0.142857142857143,NA,3.22905421049323,NA,"model12","nt","gain_loss_trans"
"tl1.00_gl0.10_pr2.50_c100",1,0.1,100,0.888888888888889,NA,0.119636532223908,NA,"model12","nt","gain_loss_trans"
"tl1.50_gl0.10_pr2.50_c100",1.5,0.1,100,0.777777777777778,NA,0.200306929021674,NA,"model12","nt","gain_loss_trans"
"tl2.50_gl0.10_pr2.50_c100",2.5,0.1,100,0.3,NA,0.923677683028476,NA,"model12","nt","gain_loss_trans"
"tl5.00_gl0.10_pr2.50_c100",5,0.1,100,0,NA,5.97763699117155,NA,"model12","nt","gain_loss_trans"
"tl1.00_gl0.25_pr2.50_c100",1,0.25,100,1,NA,0.0629319763632756,NA,"model12","nt","gain_loss_trans"
"tl1.50_gl0.25_pr2.50_c100",1.5,0.25,100,0.875,NA,0.219114652058621,NA,"model12","nt","gain_loss_trans"
"tl2.50_gl0.25_pr2.50_c100",2.5,0.25,100,0.375,NA,0.746769681143687,NA,"model12","nt","gain_loss_trans"
"tl5.00_gl0.25_pr2.50_c100",5,0.25,100,0,NA,6.28138173390647,NA,"model12","nt","gain_loss_trans"
"tl1.00_gl0.50_pr2.50_c100",1,0.5,100,1,NA,0.0752524408769334,NA,"model12","nt","gain_loss_trans"
"tl1.50_gl0.50_pr2.50_c100",1.5,0.5,100,0.5,NA,0.473185276735449,NA,"model12","nt","gain_loss_trans"
"tl2.50_gl0.50_pr2.50_c100",2.5,0.5,100,0.1,NA,1.18001142585555,NA,"model12","nt","gain_loss_trans"
"tl5.00_gl0.50_pr2.50_c100",5,0.5,100,0,NA,4.01380207877174,NA,"model12","nt","gain_loss_trans"
"tl1.00_gl1.00_pr2.50_c100",1,1,100,0.9,NA,0.0998041930144548,NA,"model12","nt","gain_loss_trans"
"tl1.50_gl1.00_pr2.50_c100",1.5,1,100,0.333333333333333,NA,0.493416803479098,NA,"model12","nt","gain_loss_trans"
"tl2.50_gl1.00_pr2.50_c100",2.5,1,100,0.375,NA,0.777604065337355,NA,"model12","nt","gain_loss_trans"
"tl5.00_gl1.00_pr2.50_c100",5,1,100,0,NA,3.44472589895905,NA,"model12","nt","gain_loss_trans"
"tl1.00_gl0.10_pr5.00_c100",1,0.1,100,1,NA,0.0883498380153044,NA,"model12","nt","gain_loss_trans"
"tl1.50_gl0.10_pr5.00_c100",1.5,0.1,100,0.333333333333333,NA,0.450357715921535,NA,"model12","nt","gain_loss_trans"
"tl2.50_gl0.10_pr5.00_c100",2.5,0.1,100,0.166666666666667,NA,1.48138043283233,NA,"model12","nt","gain_loss_trans"
"tl5.00_gl0.10_pr5.00_c100",5,0.1,100,0,NA,9.80016522258862,NA,"model12","nt","gain_loss_trans"
"tl1.00_gl0.25_pr5.00_c100",1,0.25,100,0.777777777777778,NA,0.102790492417387,NA,"model12","nt","gain_loss_trans"
"tl1.50_gl0.25_pr5.00_c100",1.5,0.25,100,0.5,NA,0.417437068741677,NA,"model12","nt","gain_loss_trans"
"tl2.50_gl0.25_pr5.00_c100",2.5,0.25,100,0.166666666666667,NA,2.03029168118274,NA,"model12","nt","gain_loss_trans"
"tl5.00_gl0.25_pr5.00_c100",5,0.25,100,0,NA,6.78495920378106,NA,"model12","nt","gain_loss_trans"
"tl1.00_gl0.50_pr5.00_c100",1,0.5,100,0.777777777777778,NA,0.113996214698917,NA,"model12","nt","gain_loss_trans"
"tl1.50_gl0.50_pr5.00_c100",1.5,0.5,100,0.375,NA,0.434675421157603,NA,"model12","nt","gain_loss_trans"
"tl2.50_gl0.50_pr5.00_c100",2.5,0.5,100,0,NA,1.75205436859252,NA,"model12","nt","gain_loss_trans"
"tl5.00_gl0.50_pr5.00_c100",5,0.5,100,0,NA,6.76448838973213,NA,"model12","nt","gain_loss_trans"
"tl1.00_gl1.00_pr5.00_c100",1,1,100,0.625,NA,0.135603465490704,NA,"model12","nt","gain_loss_trans"
"tl1.50_gl1.00_pr5.00_c100",1.5,1,100,0.333333333333333,NA,0.43153575877158,NA,"model12","nt","gain_loss_trans"
"tl2.50_gl1.00_pr5.00_c100",2.5,1,100,0,NA,1.43915511121739,NA,"model12","nt","gain_loss_trans"
"tl5.00_gl1.00_pr5.00_c100",5,1,100,0,NA,8.18512867157827,NA,"model12","nt","gain_loss_trans"
"tl1.00_gl0.10_pr1.00_c200",1,0.1,200,NA,NA,NA,NA,"model12","nt","gain_loss_trans"
"tl1.50_gl0.10_pr1.00_c200",1.5,0.1,200,NA,NA,NA,NA,"model12","nt","gain_loss_trans"
"tl2.50_gl0.10_pr1.00_c200",2.5,0.1,200,NA,NA,NA,NA,"model12","nt","gain_loss_trans"
"tl5.00_gl0.10_pr1.00_c200",5,0.1,200,NA,NA,NA,NA,"model12","nt","gain_loss_trans"
"tl1.00_gl0.25_pr1.00_c200",1,0.25,200,NA,NA,NA,NA,"model12","nt","gain_loss_trans"
"tl1.50_gl0.25_pr1.00_c200",1.5,0.25,200,NA,NA,NA,NA,"model12","nt","gain_loss_trans"
"tl2.50_gl0.25_pr1.00_c200",2.5,0.25,200,NA,NA,NA,NA,"model12","nt","gain_loss_trans"
"tl5.00_gl0.25_pr1.00_c200",5,0.25,200,NA,NA,NA,NA,"model12","nt","gain_loss_trans"
"tl1.00_gl0.50_pr1.00_c200",1,0.5,200,NA,NA,NA,NA,"model12","nt","gain_loss_trans"
"tl1.50_gl0.50_pr1.00_c200",1.5,0.5,200,NA,NA,NA,NA,"model12","nt","gain_loss_trans"
"tl2.50_gl0.50_pr1.00_c200",2.5,0.5,200,NA,NA,NA,NA,"model12","nt","gain_loss_trans"
"tl5.00_gl0.50_pr1.00_c200",5,0.5,200,NA,NA,NA,NA,"model12","nt","gain_loss_trans"
"tl1.00_gl1.00_pr1.00_c200",1,1,200,NA,NA,NA,NA,"model12","nt","gain_loss_trans"
"tl1.50_gl1.00_pr1.00_c200",1.5,1,200,NA,NA,NA,NA,"model12","nt","gain_loss_trans"
"tl2.50_gl1.00_pr1.00_c200",2.5,1,200,NA,NA,NA,NA,"model12","nt","gain_loss_trans"
"tl5.00_gl1.00_pr1.00_c200",5,1,200,NA,NA,NA,NA,"model12","nt","gain_loss_trans"
"tl1.00_gl0.10_pr2.50_c200",1,0.1,200,NA,NA,NA,NA,"model12","nt","gain_loss_trans"
"tl1.50_gl0.10_pr2.50_c200",1.5,0.1,200,NA,NA,NA,NA,"model12","nt","gain_loss_trans"
"tl2.50_gl0.10_pr2.50_c200",2.5,0.1,200,NA,NA,NA,NA,"model12","nt","gain_loss_trans"
"tl5.00_gl0.10_pr2.50_c200",5,0.1,200,NA,NA,NA,NA,"model12","nt","gain_loss_trans"
"tl1.00_gl0.25_pr2.50_c200",1,0.25,200,NA,NA,NA,NA,"model12","nt","gain_loss_trans"
"tl1.50_gl0.25_pr2.50_c200",1.5,0.25,200,NA,NA,NA,NA,"model12","nt","gain_loss_trans"
"tl2.50_gl0.25_pr2.50_c200",2.5,0.25,200,NA,NA,NA,NA,"model12","nt","gain_loss_trans"
"tl5.00_gl0.25_pr2.50_c200",5,0.25,200,NA,NA,NA,NA,"model12","nt","gain_loss_trans"
"tl1.00_gl0.50_pr2.50_c200",1,0.5,200,NA,NA,NA,NA,"model12","nt","gain_loss_trans"
"tl1.50_gl0.50_pr2.50_c200",1.5,0.5,200,NA,NA,NA,NA,"model12","nt","gain_loss_trans"
"tl2.50_gl0.50_pr2.50_c200",2.5,0.5,200,NA,NA,NA,NA,"model12","nt","gain_loss_trans"
"tl5.00_gl0.50_pr2.50_c200",5,0.5,200,NA,NA,NA,NA,"model12","nt","gain_loss_trans"
"tl1.00_gl1.00_pr2.50_c200",1,1,200,NA,NA,NA,NA,"model12","nt","gain_loss_trans"
"tl1.50_gl1.00_pr2.50_c200",1.5,1,200,NA,NA,NA,NA,"model12","nt","gain_loss_trans"
"tl2.50_gl1.00_pr2.50_c200",2.5,1,200,NA,NA,NA,NA,"model12","nt","gain_loss_trans"
"tl5.00_gl1.00_pr2.50_c200",5,1,200,NA,NA,NA,NA,"model12","nt","gain_loss_trans"
"tl1.00_gl0.10_pr5.00_c200",1,0.1,200,NA,NA,NA,NA,"model12","nt","gain_loss_trans"
"tl1.50_gl0.10_pr5.00_c200",1.5,0.1,200,NA,NA,NA,NA,"model12","nt","gain_loss_trans"
"tl2.50_gl0.10_pr5.00_c200",2.5,0.1,200,NA,NA,NA,NA,"model12","nt","gain_loss_trans"
"tl5.00_gl0.10_pr5.00_c200",5,0.1,200,NA,NA,NA,NA,"model12","nt","gain_loss_trans"
"tl1.00_gl0.25_pr5.00_c200",1,0.25,200,NA,NA,NA,NA,"model12","nt","gain_loss_trans"
"tl1.50_gl0.25_pr5.00_c200",1.5,0.25,200,NA,NA,NA,NA,"model12","nt","gain_loss_trans"
"tl2.50_gl0.25_pr5.00_c200",2.5,0.25,200,NA,NA,NA,NA,"model12","nt","gain_loss_trans"
"tl5.00_gl0.25_pr5.00_c200",5,0.25,200,NA,NA,NA,NA,"model12","nt","gain_loss_trans"
"tl1.00_gl0.50_pr5.00_c200",1,0.5,200,NA,NA,NA,NA,"model12","nt","gain_loss_trans"
"tl1.50_gl0.50_pr5.00_c200",1.5,0.5,200,NA,NA,NA,NA,"model12","nt","gain_loss_trans"
"tl2.50_gl0.50_pr5.00_c200",2.5,0.5,200,NA,NA,NA,NA,"model12","nt","gain_loss_trans"
"tl5.00_gl0.50_pr5.00_c200",5,0.5,200,NA,NA,NA,NA,"model12","nt","gain_loss_trans"
"tl1.00_gl1.00_pr5.00_c200",1,1,200,NA,NA,NA,NA,"model12","nt","gain_loss_trans"
"tl1.50_gl1.00_pr5.00_c200",1.5,1,200,NA,NA,NA,NA,"model12","nt","gain_loss_trans"
"tl2.50_gl1.00_pr5.00_c200",2.5,1,200,NA,NA,NA,NA,"model12","nt","gain_loss_trans"
"tl5.00_gl1.00_pr5.00_c200",5,1,200,NA,NA,NA,NA,"model12","nt","gain_loss_trans"
"tl1.00_gl0.10_pr1.00_c25",1,0.1,25,0.7,NA,0.392174986540592,NA,"model2","nt","gain_loss_ratio"
"tl1.50_gl0.10_pr1.00_c25",1.5,0.1,25,0.8,NA,1.19679775600507,NA,"model2","nt","gain_loss_ratio"
"tl2.50_gl0.10_pr1.00_c25",2.5,0.1,25,0.6,NA,0.833987041709135,NA,"model2","nt","gain_loss_ratio"
"tl5.00_gl0.10_pr1.00_c25",5,0.1,25,0.7,NA,1.48876584225332,NA,"model2","nt","gain_loss_ratio"
"tl1.00_gl0.25_pr1.00_c25",1,0.25,25,0.6,NA,2.4276822691628,NA,"model2","nt","gain_loss_ratio"
"tl1.50_gl0.25_pr1.00_c25",1.5,0.25,25,0.777777777777778,NA,0.8006101025997,NA,"model2","nt","gain_loss_ratio"
"tl2.50_gl0.25_pr1.00_c25",2.5,0.25,25,0.5,NA,2.49619893687549,NA,"model2","nt","gain_loss_ratio"
"tl5.00_gl0.25_pr1.00_c25",5,0.25,25,0.8,NA,1.10866970889892,NA,"model2","nt","gain_loss_ratio"
"tl1.00_gl0.50_pr1.00_c25",1,0.5,25,0.8,NA,4.75366335140041,NA,"model2","nt","gain_loss_ratio"
"tl1.50_gl0.50_pr1.00_c25",1.5,0.5,25,0.6,NA,6.36755841722312,NA,"model2","nt","gain_loss_ratio"
"tl2.50_gl0.50_pr1.00_c25",2.5,0.5,25,0.6,NA,5.86715498516012,NA,"model2","nt","gain_loss_ratio"
"tl5.00_gl0.50_pr1.00_c25",5,0.5,25,0.8,NA,2.78980641447236,NA,"model2","nt","gain_loss_ratio"
"tl1.00_gl1.00_pr1.00_c25",1,1,25,0.6,NA,1.57575154199004,NA,"model2","nt","gain_loss_ratio"
"tl1.50_gl1.00_pr1.00_c25",1.5,1,25,0.7,NA,3.09613340789904,NA,"model2","nt","gain_loss_ratio"
"tl2.50_gl1.00_pr1.00_c25",2.5,1,25,0.6,NA,9.44171833336799,NA,"model2","nt","gain_loss_ratio"
"tl5.00_gl1.00_pr1.00_c25",5,1,25,0.8,NA,5.39956807785738,NA,"model2","nt","gain_loss_ratio"
"tl1.00_gl0.10_pr2.50_c25",1,0.1,25,0.9,NA,1.09155090608802,NA,"model2","nt","gain_loss_ratio"
"tl1.50_gl0.10_pr2.50_c25",1.5,0.1,25,0.9,NA,2.3795179041075,NA,"model2","nt","gain_loss_ratio"
"tl2.50_gl0.10_pr2.50_c25",2.5,0.1,25,0.7,NA,2.02734711451903,NA,"model2","nt","gain_loss_ratio"
"tl5.00_gl0.10_pr2.50_c25",5,0.1,25,0.9,NA,1.73730151877029,NA,"model2","nt","gain_loss_ratio"
"tl1.00_gl0.25_pr2.50_c25",1,0.25,25,0.7,NA,1.19867310681138,NA,"model2","nt","gain_loss_ratio"
"tl1.50_gl0.25_pr2.50_c25",1.5,0.25,25,0.7,NA,2.29903435575244,NA,"model2","nt","gain_loss_ratio"
"tl2.50_gl0.25_pr2.50_c25",2.5,0.25,25,0.7,NA,7.29236447781205,NA,"model2","nt","gain_loss_ratio"
"tl5.00_gl0.25_pr2.50_c25",5,0.25,25,0.8,NA,2.90855740559433,NA,"model2","nt","gain_loss_ratio"
"tl1.00_gl0.50_pr2.50_c25",1,0.5,25,0.8,NA,3.20747777582321,NA,"model2","nt","gain_loss_ratio"
"tl1.50_gl0.50_pr2.50_c25",1.5,0.5,25,0.7,NA,2.73895341702573,NA,"model2","nt","gain_loss_ratio"
"tl2.50_gl0.50_pr2.50_c25",2.5,0.5,25,0.5,NA,3.95792855937976,NA,"model2","nt","gain_loss_ratio"
"tl5.00_gl0.50_pr2.50_c25",5,0.5,25,0.8,NA,3.58467577719774,NA,"model2","nt","gain_loss_ratio"
"tl1.00_gl1.00_pr2.50_c25",1,1,25,0.8,NA,0.297416031803008,NA,"model2","nt","gain_loss_ratio"
"tl1.50_gl1.00_pr2.50_c25",1.5,1,25,0.7,NA,4.44064352014463,NA,"model2","nt","gain_loss_ratio"
"tl2.50_gl1.00_pr2.50_c25",2.5,1,25,0.7,NA,1.74921906298747,NA,"model2","nt","gain_loss_ratio"
"tl5.00_gl1.00_pr2.50_c25",5,1,25,0.7,NA,6.11096482550267,NA,"model2","nt","gain_loss_ratio"
"tl1.00_gl0.10_pr5.00_c25",1,0.1,25,0.8,NA,1.66610701486879,NA,"model2","nt","gain_loss_ratio"
"tl1.50_gl0.10_pr5.00_c25",1.5,0.1,25,0.7,NA,6.36036732489986,NA,"model2","nt","gain_loss_ratio"
"tl2.50_gl0.10_pr5.00_c25",2.5,0.1,25,0.6,NA,4.0006069959472,NA,"model2","nt","gain_loss_ratio"
"tl5.00_gl0.10_pr5.00_c25",5,0.1,25,0.9,NA,2.12111379754496,NA,"model2","nt","gain_loss_ratio"
"tl1.00_gl0.25_pr5.00_c25",1,0.25,25,0.7,NA,1.65762713477444,NA,"model2","nt","gain_loss_ratio"
"tl1.50_gl0.25_pr5.00_c25",1.5,0.25,25,0.7,NA,1.50221281884459,NA,"model2","nt","gain_loss_ratio"
"tl2.50_gl0.25_pr5.00_c25",2.5,0.25,25,0.7,NA,3.08982684883346,NA,"model2","nt","gain_loss_ratio"
"tl5.00_gl0.25_pr5.00_c25",5,0.25,25,0.6,NA,1.98110755959347,NA,"model2","nt","gain_loss_ratio"
"tl1.00_gl0.50_pr5.00_c25",1,0.5,25,0.6,NA,3.93368576476337,NA,"model2","nt","gain_loss_ratio"
"tl1.50_gl0.50_pr5.00_c25",1.5,0.5,25,0.8,NA,4.41227593734544,NA,"model2","nt","gain_loss_ratio"
"tl2.50_gl0.50_pr5.00_c25",2.5,0.5,25,0.7,NA,6.44774878304621,NA,"model2","nt","gain_loss_ratio"
"tl5.00_gl0.50_pr5.00_c25",5,0.5,25,0.8,NA,2.72739314259012,NA,"model2","nt","gain_loss_ratio"
"tl1.00_gl1.00_pr5.00_c25",1,1,25,0.5,NA,2.20074988520748,NA,"model2","nt","gain_loss_ratio"
"tl1.50_gl1.00_pr5.00_c25",1.5,1,25,0.8,NA,4.08746649022002,NA,"model2","nt","gain_loss_ratio"
"tl2.50_gl1.00_pr5.00_c25",2.5,1,25,0.7,NA,5.60698463022347,NA,"model2","nt","gain_loss_ratio"
"tl5.00_gl1.00_pr5.00_c25",5,1,25,0.5,NA,7.10431910327853,NA,"model2","nt","gain_loss_ratio"
"tl1.00_gl0.10_pr1.00_c50",1,0.1,50,0.6,NA,3.13052664859825,NA,"model2","nt","gain_loss_ratio"
"tl1.50_gl0.10_pr1.00_c50",1.5,0.1,50,0.6,NA,6.92727727750783,NA,"model2","nt","gain_loss_ratio"
"tl2.50_gl0.10_pr1.00_c50",2.5,0.1,50,0.7,NA,2.43718828235206,NA,"model2","nt","gain_loss_ratio"
"tl5.00_gl0.10_pr1.00_c50",5,0.1,50,0.6,NA,2.78786218470098,NA,"model2","nt","gain_loss_ratio"
"tl1.00_gl0.25_pr1.00_c50",1,0.25,50,0.7,NA,9.57760247378833,NA,"model2","nt","gain_loss_ratio"
"tl1.50_gl0.25_pr1.00_c50",1.5,0.25,50,0.5,NA,7.27723562639907,NA,"model2","nt","gain_loss_ratio"
"tl2.50_gl0.25_pr1.00_c50",2.5,0.25,50,0.4,NA,6.45596364855218,NA,"model2","nt","gain_loss_ratio"
"tl5.00_gl0.25_pr1.00_c50",5,0.25,50,0.5,NA,3.46994786325466,NA,"model2","nt","gain_loss_ratio"
"tl1.00_gl0.50_pr1.00_c50",1,0.5,50,0.6,NA,3.68292758962582,NA,"model2","nt","gain_loss_ratio"
"tl1.50_gl0.50_pr1.00_c50",1.5,0.5,50,0.5,NA,6.2370755554183,NA,"model2","nt","gain_loss_ratio"
"tl2.50_gl0.50_pr1.00_c50",2.5,0.5,50,0.5,NA,9.38403259297313,NA,"model2","nt","gain_loss_ratio"
"tl5.00_gl0.50_pr1.00_c50",5,0.5,50,0.5,NA,5.62493191444962,NA,"model2","nt","gain_loss_ratio"
"tl1.00_gl1.00_pr1.00_c50",1,1,50,0.5,NA,5.85752805585382,NA,"model2","nt","gain_loss_ratio"
"tl1.50_gl1.00_pr1.00_c50",1.5,1,50,0.6,NA,11.5626461266048,NA,"model2","nt","gain_loss_ratio"
"tl2.50_gl1.00_pr1.00_c50",2.5,1,50,0.5,NA,12.3793323919585,NA,"model2","nt","gain_loss_ratio"
"tl5.00_gl1.00_pr1.00_c50",5,1,50,0.6,NA,17.7790979273257,NA,"model2","nt","gain_loss_ratio"
"tl1.00_gl0.10_pr2.50_c50",1,0.1,50,0.8,NA,6.76889088678148,NA,"model2","nt","gain_loss_ratio"
"tl1.50_gl0.10_pr2.50_c50",1.5,0.1,50,0.6,NA,4.81380378751117,NA,"model2","nt","gain_loss_ratio"
"tl2.50_gl0.10_pr2.50_c50",2.5,0.1,50,0.5,NA,9.03567609019782,NA,"model2","nt","gain_loss_ratio"
"tl5.00_gl0.10_pr2.50_c50",5,0.1,50,0.8,NA,4.20022448789611,NA,"model2","nt","gain_loss_ratio"
"tl1.00_gl0.25_pr2.50_c50",1,0.25,50,0.3,NA,5.70379009810802,NA,"model2","nt","gain_loss_ratio"
"tl1.50_gl0.25_pr2.50_c50",1.5,0.25,50,0.4,NA,5.84030795139218,NA,"model2","nt","gain_loss_ratio"
"tl2.50_gl0.25_pr2.50_c50",2.5,0.25,50,0.5,NA,6.84604742986058,NA,"model2","nt","gain_loss_ratio"
"tl5.00_gl0.25_pr2.50_c50",5,0.25,50,0.6,NA,5.69110087627544,NA,"model2","nt","gain_loss_ratio"
"tl1.00_gl0.50_pr2.50_c50",1,0.5,50,0.5,NA,7.19760231972478,NA,"model2","nt","gain_loss_ratio"
"tl1.50_gl0.50_pr2.50_c50",1.5,0.5,50,0.4,NA,8.17993705830568,NA,"model2","nt","gain_loss_ratio"
"tl2.50_gl0.50_pr2.50_c50",2.5,0.5,50,0.5,NA,10.8201509554789,NA,"model2","nt","gain_loss_ratio"
"tl5.00_gl0.50_pr2.50_c50",5,0.5,50,0.5,NA,9.45390390687865,NA,"model2","nt","gain_loss_ratio"
"tl1.00_gl1.00_pr2.50_c50",1,1,50,0.6,NA,6.52261158281957,NA,"model2","nt","gain_loss_ratio"
"tl1.50_gl1.00_pr2.50_c50",1.5,1,50,0.4,NA,12.3996738947678,NA,"model2","nt","gain_loss_ratio"
"tl2.50_gl1.00_pr2.50_c50",2.5,1,50,0.6,NA,12.552529651388,NA,"model2","nt","gain_loss_ratio"
"tl5.00_gl1.00_pr2.50_c50",5,1,50,0.4,NA,11.876962319101,NA,"model2","nt","gain_loss_ratio"
"tl1.00_gl0.10_pr5.00_c50",1,0.1,50,0.6,NA,5.68458292926291,NA,"model2","nt","gain_loss_ratio"
"tl1.50_gl0.10_pr5.00_c50",1.5,0.1,50,0.4,NA,3.22913845881515,NA,"model2","nt","gain_loss_ratio"
"tl2.50_gl0.10_pr5.00_c50",2.5,0.1,50,0.6,NA,11.2227593194793,NA,"model2","nt","gain_loss_ratio"
"tl5.00_gl0.10_pr5.00_c50",5,0.1,50,0.6,NA,12.3197653409061,NA,"model2","nt","gain_loss_ratio"
"tl1.00_gl0.25_pr5.00_c50",1,0.25,50,0.7,NA,5.12395069633705,NA,"model2","nt","gain_loss_ratio"
"tl1.50_gl0.25_pr5.00_c50",1.5,0.25,50,0.5,NA,11.9449123382716,NA,"model2","nt","gain_loss_ratio"
"tl2.50_gl0.25_pr5.00_c50",2.5,0.25,50,0.5,NA,7.5340934463838,NA,"model2","nt","gain_loss_ratio"
"tl5.00_gl0.25_pr5.00_c50",5,0.25,50,0.5,NA,9.8608084708759,NA,"model2","nt","gain_loss_ratio"
"tl1.00_gl0.50_pr5.00_c50",1,0.5,50,0.7,NA,9.26873600730401,NA,"model2","nt","gain_loss_ratio"
"tl1.50_gl0.50_pr5.00_c50",1.5,0.5,50,0.4,NA,14.5919330286368,NA,"model2","nt","gain_loss_ratio"
"tl2.50_gl0.50_pr5.00_c50",2.5,0.5,50,0.6,NA,9.7488524264659,NA,"model2","nt","gain_loss_ratio"
"tl5.00_gl0.50_pr5.00_c50",5,0.5,50,0.7,NA,12.4937775828607,NA,"model2","nt","gain_loss_ratio"
"tl1.00_gl1.00_pr5.00_c50",1,1,50,0.7,NA,4.52531742838057,NA,"model2","nt","gain_loss_ratio"
"tl1.50_gl1.00_pr5.00_c50",1.5,1,50,0.6,NA,16.0722636146701,NA,"model2","nt","gain_loss_ratio"
"tl2.50_gl1.00_pr5.00_c50",2.5,1,50,0.4,NA,12.457252100056,NA,"model2","nt","gain_loss_ratio"
"tl5.00_gl1.00_pr5.00_c50",5,1,50,0.4,NA,11.4463016855409,NA,"model2","nt","gain_loss_ratio"
"tl1.00_gl0.10_pr1.00_c100",1,0.1,100,0.4,NA,3.214477684113,NA,"model2","nt","gain_loss_ratio"
"tl1.50_gl0.10_pr1.00_c100",1.5,0.1,100,0.6,NA,8.88642101759604,NA,"model2","nt","gain_loss_ratio"
"tl2.50_gl0.10_pr1.00_c100",2.5,0.1,100,0.4,NA,10.2520893974912,NA,"model2","nt","gain_loss_ratio"
"tl5.00_gl0.10_pr1.00_c100",5,0.1,100,0.5,NA,13.3463123017343,NA,"model2","nt","gain_loss_ratio"
"tl1.00_gl0.25_pr1.00_c100",1,0.25,100,0.5,NA,10.2267295422864,NA,"model2","nt","gain_loss_ratio"
"tl1.50_gl0.25_pr1.00_c100",1.5,0.25,100,0.4,NA,4.7176342645144,NA,"model2","nt","gain_loss_ratio"
"tl2.50_gl0.25_pr1.00_c100",2.5,0.25,100,0.5,NA,14.5440493216887,NA,"model2","nt","gain_loss_ratio"
"tl5.00_gl0.25_pr1.00_c100",5,0.25,100,0.6,NA,11.9839720958594,NA,"model2","nt","gain_loss_ratio"
"tl1.00_gl0.50_pr1.00_c100",1,0.5,100,0.5,NA,13.1161510313542,NA,"model2","nt","gain_loss_ratio"
"tl1.50_gl0.50_pr1.00_c100",1.5,0.5,100,0.5,NA,15.5066318344429,NA,"model2","nt","gain_loss_ratio"
"tl2.50_gl0.50_pr1.00_c100",2.5,0.5,100,0.5,NA,18.0335634640737,NA,"model2","nt","gain_loss_ratio"
"tl5.00_gl0.50_pr1.00_c100",5,0.5,100,0.4,NA,25.8773934587908,NA,"model2","nt","gain_loss_ratio"
"tl1.00_gl1.00_pr1.00_c100",1,1,100,0.6,NA,22.99245941942,NA,"model2","nt","gain_loss_ratio"
"tl1.50_gl1.00_pr1.00_c100",1.5,1,100,0.5,NA,12.4917205172066,NA,"model2","nt","gain_loss_ratio"
"tl2.50_gl1.00_pr1.00_c100",2.5,1,100,0.3,NA,21.3109464124197,NA,"model2","nt","gain_loss_ratio"
"tl5.00_gl1.00_pr1.00_c100",5,1,100,0.4,NA,30.4394436353718,NA,"model2","nt","gain_loss_ratio"
"tl1.00_gl0.10_pr2.50_c100",1,0.1,100,0.4,NA,10.6002202489968,NA,"model2","nt","gain_loss_ratio"
"tl1.50_gl0.10_pr2.50_c100",1.5,0.1,100,0.4,NA,9.70931130315191,NA,"model2","nt","gain_loss_ratio"
"tl2.50_gl0.10_pr2.50_c100",2.5,0.1,100,0.4,NA,22.3330095712558,NA,"model2","nt","gain_loss_ratio"
"tl5.00_gl0.10_pr2.50_c100",5,0.1,100,0.5,NA,16.7102385743885,NA,"model2","nt","gain_loss_ratio"
"tl1.00_gl0.25_pr2.50_c100",1,0.25,100,0.444444444444444,NA,15.4814073566785,NA,"model2","nt","gain_loss_ratio"
"tl1.50_gl0.25_pr2.50_c100",1.5,0.25,100,0.4,NA,7.87140557666682,NA,"model2","nt","gain_loss_ratio"
"tl2.50_gl0.25_pr2.50_c100",2.5,0.25,100,0.4,NA,22.2481388825402,NA,"model2","nt","gain_loss_ratio"
"tl5.00_gl0.25_pr2.50_c100",5,0.25,100,0.5,NA,17.9208030520934,NA,"model2","nt","gain_loss_ratio"
"tl1.00_gl0.50_pr2.50_c100",1,0.5,100,0.5,NA,10.7187678766017,NA,"model2","nt","gain_loss_ratio"
"tl1.50_gl0.50_pr2.50_c100",1.5,0.5,100,0.5,NA,23.0764874106787,NA,"model2","nt","gain_loss_ratio"
"tl2.50_gl0.50_pr2.50_c100",2.5,0.5,100,0.5,NA,19.9894174474429,NA,"model2","nt","gain_loss_ratio"
"tl5.00_gl0.50_pr2.50_c100",5,0.5,100,0.5,NA,15.1529083095956,NA,"model2","nt","gain_loss_ratio"
"tl1.00_gl1.00_pr2.50_c100",1,1,100,0.5,NA,11.0019371581515,NA,"model2","nt","gain_loss_ratio"
"tl1.50_gl1.00_pr2.50_c100",1.5,1,100,0.5,NA,19.8351813928836,NA,"model2","nt","gain_loss_ratio"
"tl2.50_gl1.00_pr2.50_c100",2.5,1,100,0.4,NA,34.7727719477232,NA,"model2","nt","gain_loss_ratio"
"tl5.00_gl1.00_pr2.50_c100",5,1,100,0.4,NA,30.9065898605571,NA,"model2","nt","gain_loss_ratio"
"tl1.00_gl0.10_pr5.00_c100",1,0.1,100,0.3,NA,17.1787444723612,NA,"model2","nt","gain_loss_ratio"
"tl1.50_gl0.10_pr5.00_c100",1.5,0.1,100,0.4,NA,8.8192463272524,NA,"model2","nt","gain_loss_ratio"
"tl2.50_gl0.10_pr5.00_c100",2.5,0.1,100,0.3,NA,12.8259829640754,NA,"model2","nt","gain_loss_ratio"
"tl5.00_gl0.10_pr5.00_c100",5,0.1,100,0.2,NA,16.9878650679114,NA,"model2","nt","gain_loss_ratio"
"tl1.00_gl0.25_pr5.00_c100",1,0.25,100,0.5,NA,10.6091389012065,NA,"model2","nt","gain_loss_ratio"
"tl1.50_gl0.25_pr5.00_c100",1.5,0.25,100,0.4,NA,10.2640715837655,NA,"model2","nt","gain_loss_ratio"
"tl2.50_gl0.25_pr5.00_c100",2.5,0.25,100,0.4,NA,25.9209271154444,NA,"model2","nt","gain_loss_ratio"
"tl5.00_gl0.25_pr5.00_c100",5,0.25,100,0.4,NA,23.4552684642487,NA,"model2","nt","gain_loss_ratio"
"tl1.00_gl0.50_pr5.00_c100",1,0.5,100,0.5,NA,11.3229706981828,NA,"model2","nt","gain_loss_ratio"
"tl1.50_gl0.50_pr5.00_c100",1.5,0.5,100,0.4,NA,11.6109695411218,NA,"model2","nt","gain_loss_ratio"
"tl2.50_gl0.50_pr5.00_c100",2.5,0.5,100,0.5,NA,22.4834609305933,NA,"model2","nt","gain_loss_ratio"
"tl5.00_gl0.50_pr5.00_c100",5,0.5,100,0.4,NA,31.9752457025993,NA,"model2","nt","gain_loss_ratio"
"tl1.00_gl1.00_pr5.00_c100",1,1,100,0.4,NA,13.4824504834714,NA,"model2","nt","gain_loss_ratio"
"tl1.50_gl1.00_pr5.00_c100",1.5,1,100,0.4,NA,18.1234377661182,NA,"model2","nt","gain_loss_ratio"
"tl2.50_gl1.00_pr5.00_c100",2.5,1,100,0.5,NA,31.7145430695179,NA,"model2","nt","gain_loss_ratio"
"tl5.00_gl1.00_pr5.00_c100",5,1,100,0.4,NA,37.6493563757676,NA,"model2","nt","gain_loss_ratio"
"tl1.00_gl0.10_pr1.00_c200",1,0.1,200,0.3,NA,10.5951704253617,NA,"model2","nt","gain_loss_ratio"
"tl1.50_gl0.10_pr1.00_c200",1.5,0.1,200,0.2,NA,19.4177791757844,NA,"model2","nt","gain_loss_ratio"
"tl2.50_gl0.10_pr1.00_c200",2.5,0.1,200,0.4,NA,32.1251237459634,NA,"model2","nt","gain_loss_ratio"
"tl5.00_gl0.10_pr1.00_c200",5,0.1,200,0.2,NA,22.5733235540167,NA,"model2","nt","gain_loss_ratio"
"tl1.00_gl0.25_pr1.00_c200",1,0.25,200,0.5,NA,11.7122432471233,NA,"model2","nt","gain_loss_ratio"
"tl1.50_gl0.25_pr1.00_c200",1.5,0.25,200,0.5,NA,9.00699396592062,NA,"model2","nt","gain_loss_ratio"
"tl2.50_gl0.25_pr1.00_c200",2.5,0.25,200,0.4,NA,14.3441553401443,NA,"model2","nt","gain_loss_ratio"
"tl5.00_gl0.25_pr1.00_c200",5,0.25,200,0.4,NA,17.6781218465784,NA,"model2","nt","gain_loss_ratio"
"tl1.00_gl0.50_pr1.00_c200",1,0.5,200,0.5,NA,27.1047981367989,NA,"model2","nt","gain_loss_ratio"
"tl1.50_gl0.50_pr1.00_c200",1.5,0.5,200,0.5,NA,23.9615620430287,NA,"model2","nt","gain_loss_ratio"
"tl2.50_gl0.50_pr1.00_c200",2.5,0.5,200,0.5,NA,35.4696684130222,NA,"model2","nt","gain_loss_ratio"
"tl5.00_gl0.50_pr1.00_c200",5,0.5,200,0.2,NA,34.8635403330227,NA,"model2","nt","gain_loss_ratio"
"tl1.00_gl1.00_pr1.00_c200",1,1,200,0.5,NA,30.7368213606304,NA,"model2","nt","gain_loss_ratio"
"tl1.50_gl1.00_pr1.00_c200",1.5,1,200,0.5,NA,45.695196919748,NA,"model2","nt","gain_loss_ratio"
"tl2.50_gl1.00_pr1.00_c200",2.5,1,200,0.4,NA,57.956080103781,NA,"model2","nt","gain_loss_ratio"
"tl5.00_gl1.00_pr1.00_c200",5,1,200,0.2,NA,58.7605370658887,NA,"model2","nt","gain_loss_ratio"
"tl1.00_gl0.10_pr2.50_c200",1,0.1,200,0.3,NA,13.3428745744284,NA,"model2","nt","gain_loss_ratio"
"tl1.50_gl0.10_pr2.50_c200",1.5,0.1,200,0.3,NA,16.6783950058546,NA,"model2","nt","gain_loss_ratio"
"tl2.50_gl0.10_pr2.50_c200",2.5,0.1,200,0.3,NA,21.8142128998883,NA,"model2","nt","gain_loss_ratio"
"tl5.00_gl0.10_pr2.50_c200",5,0.1,200,0.3,NA,31.3178096783382,NA,"model2","nt","gain_loss_ratio"
"tl1.00_gl0.25_pr2.50_c200",1,0.25,200,0.5,NA,13.672002951559,NA,"model2","nt","gain_loss_ratio"
"tl1.50_gl0.25_pr2.50_c200",1.5,0.25,200,0.5,NA,19.0631514418869,NA,"model2","nt","gain_loss_ratio"
"tl2.50_gl0.25_pr2.50_c200",2.5,0.25,200,0.4,NA,28.6974185350855,NA,"model2","nt","gain_loss_ratio"
"tl5.00_gl0.25_pr2.50_c200",5,0.25,200,0.3,NA,35.4681743597868,NA,"model2","nt","gain_loss_ratio"
"tl1.00_gl0.50_pr2.50_c200",1,0.5,200,0.5,NA,21.3455008453692,NA,"model2","nt","gain_loss_ratio"
"tl1.50_gl0.50_pr2.50_c200",1.5,0.5,200,0.4,NA,22.7648956128139,NA,"model2","nt","gain_loss_ratio"
"tl2.50_gl0.50_pr2.50_c200",2.5,0.5,200,0.5,NA,27.2838912202403,NA,"model2","nt","gain_loss_ratio"
"tl5.00_gl0.50_pr2.50_c200",5,0.5,200,0.3,NA,49.0525022281393,NA,"model2","nt","gain_loss_ratio"
"tl1.00_gl1.00_pr2.50_c200",1,1,200,0.6,NA,20.3469816125174,NA,"model2","nt","gain_loss_ratio"
"tl1.50_gl1.00_pr2.50_c200",1.5,1,200,0.4,NA,31.0922620698546,NA,"model2","nt","gain_loss_ratio"
"tl2.50_gl1.00_pr2.50_c200",2.5,1,200,0.5,NA,42.8300630500783,NA,"model2","nt","gain_loss_ratio"
"tl5.00_gl1.00_pr2.50_c200",5,1,200,0.3,NA,68.7376594581928,NA,"model2","nt","gain_loss_ratio"
"tl1.00_gl0.10_pr5.00_c200",1,0.1,200,0.3,NA,31.5658958285346,NA,"model2","nt","gain_loss_ratio"
"tl1.50_gl0.10_pr5.00_c200",1.5,0.1,200,0.4,NA,33.0055701634522,NA,"model2","nt","gain_loss_ratio"
"tl2.50_gl0.10_pr5.00_c200",2.5,0.1,200,0.333333333333333,NA,34.2064569581928,NA,"model2","nt","gain_loss_ratio"
"tl5.00_gl0.10_pr5.00_c200",5,0.1,200,0.3,NA,38.6099224024675,NA,"model2","nt","gain_loss_ratio"
"tl1.00_gl0.25_pr5.00_c200",1,0.25,200,0.5,NA,14.8019654864172,NA,"model2","nt","gain_loss_ratio"
"tl1.50_gl0.25_pr5.00_c200",1.5,0.25,200,0.5,NA,29.0927577933369,NA,"model2","nt","gain_loss_ratio"
"tl2.50_gl0.25_pr5.00_c200",2.5,0.25,200,0.3,NA,30.5423515945731,NA,"model2","nt","gain_loss_ratio"
"tl5.00_gl0.25_pr5.00_c200",5,0.25,200,0.3,NA,52.3292062427098,NA,"model2","nt","gain_loss_ratio"
"tl1.00_gl0.50_pr5.00_c200",1,0.5,200,0.5,NA,15.1121342785093,NA,"model2","nt","gain_loss_ratio"
"tl1.50_gl0.50_pr5.00_c200",1.5,0.5,200,0.5,NA,30.068890853963,NA,"model2","nt","gain_loss_ratio"
"tl2.50_gl0.50_pr5.00_c200",2.5,0.5,200,0.3,NA,34.9110212997607,NA,"model2","nt","gain_loss_ratio"
"tl5.00_gl0.50_pr5.00_c200",5,0.5,200,0.3,NA,50.2602174154249,NA,"model2","nt","gain_loss_ratio"
"tl1.00_gl1.00_pr5.00_c200",1,1,200,0.6,NA,22.1507617539061,NA,"model2","nt","gain_loss_ratio"
"tl1.50_gl1.00_pr5.00_c200",1.5,1,200,0.5,NA,26.2506662308546,NA,"model2","nt","gain_loss_ratio"
"tl2.50_gl1.00_pr5.00_c200",2.5,1,200,0.4,NA,43.4395197941305,NA,"model2","nt","gain_loss_ratio"
"tl5.00_gl1.00_pr5.00_c200",5,1,200,0.3,NA,51.2998779363913,NA,"model2","nt","gain_loss_ratio"
"tl1.00_gl0.10_pr1.00_c25",1,0.1,25,0.8,0,0.264000271985267,56.4385847574548,"model3","nt","gain_loss_ratio"
"tl1.50_gl0.10_pr1.00_c25",1.5,0.1,25,0.6,0,0.510452395217275,59.7447547834245,"model3","nt","gain_loss_ratio"
"tl2.50_gl0.10_pr1.00_c25",2.5,0.1,25,0.7,0,0.448394064993373,59.2773920415346,"model3","nt","gain_loss_ratio"
"tl5.00_gl0.10_pr1.00_c25",5,0.1,25,0.6,0,1.45367784228011,60.0934260806414,"model3","nt","gain_loss_ratio"
"tl1.00_gl0.25_pr1.00_c25",1,0.25,25,0.7,0.4,1.13081617896718,6.48589051436641,"model3","nt","gain_loss_ratio"
"tl1.50_gl0.25_pr1.00_c25",1.5,0.25,25,0.6,0.4,0.465889151556588,4.56568901415906,"model3","nt","gain_loss_ratio"
"tl2.50_gl0.25_pr1.00_c25",2.5,0.25,25,0.6,0.4,1.43731454736548,4.84273932266097,"model3","nt","gain_loss_ratio"
"tl5.00_gl0.25_pr1.00_c25",5,0.25,25,0.9,0,0.526533679985396,5.22273395062376,"model3","nt","gain_loss_ratio"
"tl1.00_gl0.50_pr1.00_c25",1,0.5,25,0.7,0.7,1.80886878185675,0.733804403827904,"model3","nt","gain_loss_ratio"
"tl1.50_gl0.50_pr1.00_c25",1.5,0.5,25,0.6,0.6,2.41590462202958,0.502477937780432,"model3","nt","gain_loss_ratio"
"tl2.50_gl0.50_pr1.00_c25",2.5,0.5,25,0.3,0.6,2.76980565104278,0.568670167891012,"model3","nt","gain_loss_ratio"
"tl5.00_gl0.50_pr1.00_c25",5,0.5,25,0.777777777777778,0.444444444444444,2.12434712976215,0.583697495074642,"model3","nt","gain_loss_ratio"
"tl1.00_gl1.00_pr1.00_c25",1,1,25,0.6,1,0.62396284589609,0.0551198319751251,"model3","nt","gain_loss_ratio"
"tl1.50_gl1.00_pr1.00_c25",1.5,1,25,0.6,1,1.42779921718882,0.122709136226239,"model3","nt","gain_loss_ratio"
"tl2.50_gl1.00_pr1.00_c25",2.5,1,25,0.5,0.7,2.99487654215888,0.211370381492019,"model3","nt","gain_loss_ratio"
"tl5.00_gl1.00_pr1.00_c25",5,1,25,0.6,0.9,1.54114041600052,0.0645754665208166,"model3","nt","gain_loss_ratio"
"tl1.00_gl0.10_pr2.50_c25",1,0.1,25,0.9,0,0.398265879351962,64.4313623161795,"model3","nt","gain_loss_ratio"
"tl1.50_gl0.10_pr2.50_c25",1.5,0.1,25,0.9,0,0.649053834569926,56.6468979456967,"model3","nt","gain_loss_ratio"
"tl2.50_gl0.10_pr2.50_c25",2.5,0.1,25,0.8,0,0.572077086845034,48.8947548106213,"model3","nt","gain_loss_ratio"
"tl5.00_gl0.10_pr2.50_c25",5,0.1,25,0.9,0,0.786780509163622,57.3084532159463,"model3","nt","gain_loss_ratio"
"tl1.00_gl0.25_pr2.50_c25",1,0.25,25,0.6,0.2,0.567527115439922,6.01490028702819,"model3","nt","gain_loss_ratio"
"tl1.50_gl0.25_pr2.50_c25",1.5,0.25,25,0.666666666666667,0.111111111111111,1.06971509878126,4.88075028395154,"model3","nt","gain_loss_ratio"
"tl2.50_gl0.25_pr2.50_c25",2.5,0.25,25,0.7,0.1,2.54261565821007,3.47606037904348,"model3","nt","gain_loss_ratio"
"tl5.00_gl0.25_pr2.50_c25",5,0.25,25,0.8,0.2,1.59231977850694,4.15746805443828,"model3","nt","gain_loss_ratio"
"tl1.00_gl0.50_pr2.50_c25",1,0.5,25,0.8,0.6,1.3889542371028,0.773530464221302,"model3","nt","gain_loss_ratio"
"tl1.50_gl0.50_pr2.50_c25",1.5,0.5,25,0.7,0.8,0.858433284034043,0.519755356396797,"model3","nt","gain_loss_ratio"
"tl2.50_gl0.50_pr2.50_c25",2.5,0.5,25,0.7,0.5,1.22480465068438,0.654849912240208,"model3","nt","gain_loss_ratio"
"tl5.00_gl0.50_pr2.50_c25",5,0.5,25,0.9,0.4,1.08031697305803,0.565469024273371,"model3","nt","gain_loss_ratio"
"tl1.00_gl1.00_pr2.50_c25",1,1,25,0.8,1,0.22314430463093,0.29077765435847,"model3","nt","gain_loss_ratio"
"tl1.50_gl1.00_pr2.50_c25",1.5,1,25,0.7,0.9,1.0428826818268,0.0791901935469971,"model3","nt","gain_loss_ratio"
"tl2.50_gl1.00_pr2.50_c25",2.5,1,25,0.8,0.8,0.305146219232991,0.169872816803758,"model3","nt","gain_loss_ratio"
"tl5.00_gl1.00_pr2.50_c25",5,1,25,0.7,0.8,1.40618391374931,0.0539811919971106,"model3","nt","gain_loss_ratio"
"tl1.00_gl0.10_pr5.00_c25",1,0.1,25,0.8,0,0.461099834112641,66.0018276987402,"model3","nt","gain_loss_ratio"
"tl1.50_gl0.10_pr5.00_c25",1.5,0.1,25,0.7,0,1.95182803579132,68.4605068156066,"model3","nt","gain_loss_ratio"
"tl2.50_gl0.10_pr5.00_c25",2.5,0.1,25,0.9,0,0.427616610524718,57.3837060152538,"model3","nt","gain_loss_ratio"
"tl5.00_gl0.10_pr5.00_c25",5,0.1,25,0.8,0,0.831260236336407,49.7583006319072,"model3","nt","gain_loss_ratio"
"tl1.00_gl0.25_pr5.00_c25",1,0.25,25,0.8,0,0.543650362742496,7.79428141180513,"model3","nt","gain_loss_ratio"
"tl1.50_gl0.25_pr5.00_c25",1.5,0.25,25,0.8,0.2,0.471887570783088,6.28673785175255,"model3","nt","gain_loss_ratio"
"tl2.50_gl0.25_pr5.00_c25",2.5,0.25,25,0.8,0.2,0.755549210391504,4.82926564652173,"model3","nt","gain_loss_ratio"
"tl5.00_gl0.25_pr5.00_c25",5,0.25,25,0.6,0.2,0.934684645074139,4.38370180249407,"model3","nt","gain_loss_ratio"
"tl1.00_gl0.50_pr5.00_c25",1,0.5,25,0.6,0.6,1.35970897955905,0.876782834012091,"model3","nt","gain_loss_ratio"
"tl1.50_gl0.50_pr5.00_c25",1.5,0.5,25,0.8,0.7,0.953860320375685,0.9409465695937,"model3","nt","gain_loss_ratio"
"tl2.50_gl0.50_pr5.00_c25",2.5,0.5,25,0.7,0.2,1.39513104172911,0.99800456091635,"model3","nt","gain_loss_ratio"
"tl5.00_gl0.50_pr5.00_c25",5,0.5,25,0.7,0.8,0.917533903185057,0.360444990401528,"model3","nt","gain_loss_ratio"
"tl1.00_gl1.00_pr5.00_c25",1,1,25,0.6,0.9,1.19147967054514,0.790980831240197,"model3","nt","gain_loss_ratio"
"tl1.50_gl1.00_pr5.00_c25",1.5,1,25,0.8,0.9,0.800351292146953,0.0910386026158963,"model3","nt","gain_loss_ratio"
"tl2.50_gl1.00_pr5.00_c25",2.5,1,25,0.6,0.7,1.13781367423453,0.465887925590394,"model3","nt","gain_loss_ratio"
"tl5.00_gl1.00_pr5.00_c25",5,1,25,0.5,0.8,1.03842090140402,0.114799859401145,"model3","nt","gain_loss_ratio"
"tl1.00_gl0.10_pr1.00_c50",1,0.1,50,0.6,0,1.41560995350133,60.362982786341,"model3","nt","gain_loss_ratio"
"tl1.50_gl0.10_pr1.00_c50",1.5,0.1,50,0.4,0,1.48664799382011,55.1779829840181,"model3","nt","gain_loss_ratio"
"tl2.50_gl0.10_pr1.00_c50",2.5,0.1,50,0.8,0,0.353769574037979,58.595824491492,"model3","nt","gain_loss_ratio"
"tl5.00_gl0.10_pr1.00_c50",5,0.1,50,0.5,0,0.497905396818834,57.5437374095197,"model3","nt","gain_loss_ratio"
"tl1.00_gl0.25_pr1.00_c50",1,0.25,50,0.6,0.2,1.66625095353948,6.2751746616896,"model3","nt","gain_loss_ratio"
"tl1.50_gl0.25_pr1.00_c50",1.5,0.25,50,0.5,0.1,2.39081656888672,4.77440068433141,"model3","nt","gain_loss_ratio"
"tl2.50_gl0.25_pr1.00_c50",2.5,0.25,50,0.5,0,1.41277249911266,5.14130181895149,"model3","nt","gain_loss_ratio"
"tl5.00_gl0.25_pr1.00_c50",5,0.25,50,0.7,0,0.662728338256914,4.97168921570241,"model3","nt","gain_loss_ratio"
"tl1.00_gl0.50_pr1.00_c50",1,0.5,50,0.4,0.7,1.19064825317491,0.460693034169589,"model3","nt","gain_loss_ratio"
"tl1.50_gl0.50_pr1.00_c50",1.5,0.5,50,0.4,0.4,1.23122226773129,0.566957150887214,"model3","nt","gain_loss_ratio"
"tl2.50_gl0.50_pr1.00_c50",2.5,0.5,50,0.5,0.5,2.52002250256391,0.522536563665191,"model3","nt","gain_loss_ratio"
"tl5.00_gl0.50_pr1.00_c50",5,0.5,50,0.6,0.1,0.685116897752009,0.439142825379091,"model3","nt","gain_loss_ratio"
"tl1.00_gl1.00_pr1.00_c50",1,1,50,0.5,0.8,1.33913211982744,0.0668743820465242,"model3","nt","gain_loss_ratio"
"tl1.50_gl1.00_pr1.00_c50",1.5,1,50,0.5,0.9,2.40417686061274,0.135929579846049,"model3","nt","gain_loss_ratio"
"tl2.50_gl1.00_pr1.00_c50",2.5,1,50,0.5,0.7,1.90320215075227,0.0939351589724323,"model3","nt","gain_loss_ratio"
"tl5.00_gl1.00_pr1.00_c50",5,1,50,0.7,0.8,2.35161631608617,0.0747046027554244,"model3","nt","gain_loss_ratio"
"tl1.00_gl0.10_pr2.50_c50",1,0.1,50,0.6,0,1.56722501396197,63.0519596319267,"model3","nt","gain_loss_ratio"
"tl1.50_gl0.10_pr2.50_c50",1.5,0.1,50,0.5,0,0.992160941992066,65.0385647178657,"model3","nt","gain_loss_ratio"
"tl2.50_gl0.10_pr2.50_c50",2.5,0.1,50,0.6,0,1.27269943010305,58.8406737724325,"model3","nt","gain_loss_ratio"
"tl5.00_gl0.10_pr2.50_c50",5,0.1,50,0.9,0,0.320927190599206,56.3956894307314,"model3","nt","gain_loss_ratio"
"tl1.00_gl0.25_pr2.50_c50",1,0.25,50,0.3,0,1.59165580857708,6.31570116739481,"model3","nt","gain_loss_ratio"
"tl1.50_gl0.25_pr2.50_c50",1.5,0.25,50,0.4,0.1,1.42690567433685,5.83256196920272,"model3","nt","gain_loss_ratio"
"tl2.50_gl0.25_pr2.50_c50",2.5,0.25,50,0.6,0,1.06310935720035,4.77155715926206,"model3","nt","gain_loss_ratio"
"tl5.00_gl0.25_pr2.50_c50",5,0.25,50,0.6,0,0.706981283993348,4.65127531349974,"model3","nt","gain_loss_ratio"
"tl1.00_gl0.50_pr2.50_c50",1,0.5,50,0.4,0.3,1.81765332820483,0.947877313152034,"model3","nt","gain_loss_ratio"
"tl1.50_gl0.50_pr2.50_c50",1.5,0.5,50,0.4,0.3,1.58355930483356,0.679986943239384,"model3","nt","gain_loss_ratio"
"tl2.50_gl0.50_pr2.50_c50",2.5,0.5,50,0.5,0.2,2.04100928112911,0.513059651293046,"model3","nt","gain_loss_ratio"
"tl5.00_gl0.50_pr2.50_c50",5,0.5,50,0.6,0.4,1.03444153435337,0.43220755453129,"model3","nt","gain_loss_ratio"
"tl1.00_gl1.00_pr2.50_c50",1,1,50,0.5,0.9,1.56814290005033,0.0946206743388451,"model3","nt","gain_loss_ratio"
"tl1.50_gl1.00_pr2.50_c50",1.5,1,50,0.4,0.9,2.16253016819486,0.0808707235634661,"model3","nt","gain_loss_ratio"
"tl2.50_gl1.00_pr2.50_c50",2.5,1,50,0.6,0.9,1.83279406035863,0.0678459168263166,"model3","nt","gain_loss_ratio"
"tl5.00_gl1.00_pr2.50_c50",5,1,50,0.6,0.8,1.12205580599395,0.0771099749918248,"model3","nt","gain_loss_ratio"
"tl1.00_gl0.10_pr5.00_c50",1,0.1,50,0.6,0,1.06668950519802,62.9360171587603,"model3","nt","gain_loss_ratio"
"tl1.50_gl0.10_pr5.00_c50",1.5,0.1,50,0.2,0,0.942941969798361,63.2048606117119,"model3","nt","gain_loss_ratio"
"tl2.50_gl0.10_pr5.00_c50",2.5,0.1,50,0.6,0,1.11268800112874,65.1491103474889,"model3","nt","gain_loss_ratio"
"tl5.00_gl0.10_pr5.00_c50",5,0.1,50,0.8,0,0.550224698679932,57.5131677238248,"model3","nt","gain_loss_ratio"
"tl1.00_gl0.25_pr5.00_c50",1,0.25,50,0.7,0,1.47890204867192,5.74888473991328,"model3","nt","gain_loss_ratio"
"tl1.50_gl0.25_pr5.00_c50",1.5,0.25,50,0.4,0,1.58385400461728,6.74119336189807,"model3","nt","gain_loss_ratio"
"tl2.50_gl0.25_pr5.00_c50",2.5,0.25,50,0.6,0,1.34808577534419,6.15135880919374,"model3","nt","gain_loss_ratio"
"tl5.00_gl0.25_pr5.00_c50",5,0.25,50,0.8,0,0.478276155454013,4.84756480204658,"model3","nt","gain_loss_ratio"
"tl1.00_gl0.50_pr5.00_c50",1,0.5,50,0.6,0.5,1.74566499527341,0.618520260286705,"model3","nt","gain_loss_ratio"
"tl1.50_gl0.50_pr5.00_c50",1.5,0.5,50,0.4,0.4,2.5129901931974,0.659864295429657,"model3","nt","gain_loss_ratio"
"tl2.50_gl0.50_pr5.00_c50",2.5,0.5,50,0.6,0.1,1.37387160606544,0.797749675567894,"model3","nt","gain_loss_ratio"
"tl5.00_gl0.50_pr5.00_c50",5,0.5,50,0.7,0.2,0.822301402024678,0.62159173397701,"model3","nt","gain_loss_ratio"
"tl1.00_gl1.00_pr5.00_c50",1,1,50,0.5,0.9,0.951853844341994,0.179775249328956,"model3","nt","gain_loss_ratio"
"tl1.50_gl1.00_pr5.00_c50",1.5,1,50,0.4,0.8,3.10427838077469,0.0622464526730266,"model3","nt","gain_loss_ratio"
"tl2.50_gl1.00_pr5.00_c50",2.5,1,50,0.5,1,1.48372047200023,0.0416466014093246,"model3","nt","gain_loss_ratio"
"tl5.00_gl1.00_pr5.00_c50",5,1,50,0.6,0.9,0.471983391012398,0.0400108492514987,"model3","nt","gain_loss_ratio"
"tl1.00_gl0.10_pr1.00_c100",1,0.1,100,0.4,0,0.789732840627135,58.3230185271324,"model3","nt","gain_loss_ratio"
"tl1.50_gl0.10_pr1.00_c100",1.5,0.1,100,0.5,0,1.19986012679745,61.0629524641506,"model3","nt","gain_loss_ratio"
"tl2.50_gl0.10_pr1.00_c100",2.5,0.1,100,0.4,0,1.03328493405717,59.7630051229576,"model3","nt","gain_loss_ratio"
"tl5.00_gl0.10_pr1.00_c100",5,0.1,100,0.6,0,0.454184324647724,62.59322857321,"model3","nt","gain_loss_ratio"
"tl1.00_gl0.25_pr1.00_c100",1,0.25,100,0.4,0.1,1.80527923044655,5.6501209394577,"model3","nt","gain_loss_ratio"
"tl1.50_gl0.25_pr1.00_c100",1.5,0.25,100,0.5,0,1.4339354418041,5.6655587090109,"model3","nt","gain_loss_ratio"
"tl2.50_gl0.25_pr1.00_c100",2.5,0.25,100,0.4,0,2.26588259603133,5.31163682126796,"model3","nt","gain_loss_ratio"
"tl5.00_gl0.25_pr1.00_c100",5,0.25,100,0.6,0,1.58977599765321,5.8068385407977,"model3","nt","gain_loss_ratio"
"tl1.00_gl0.50_pr1.00_c100",1,0.5,100,0.4,0.5,1.74916985821105,0.426694847882914,"model3","nt","gain_loss_ratio"
"tl1.50_gl0.50_pr1.00_c100",1.5,0.5,100,0.5,0.3,2.37197450683152,0.494565923711949,"model3","nt","gain_loss_ratio"
"tl2.50_gl0.50_pr1.00_c100",2.5,0.5,100,0.4,0.1,3.02915243804282,0.482517253159222,"model3","nt","gain_loss_ratio"
"tl5.00_gl0.50_pr1.00_c100",5,0.5,100,0.4,0,2.87123843840237,0.486956076099317,"model3","nt","gain_loss_ratio"
"tl1.00_gl1.00_pr1.00_c100",1,1,100,0.5,0.9,2.97955174586072,0.0357533177039044,"model3","nt","gain_loss_ratio"
"tl1.50_gl1.00_pr1.00_c100",1.5,1,100,0.4,0.9,1.86429315584886,0.0549112284071748,"model3","nt","gain_loss_ratio"
"tl2.50_gl1.00_pr1.00_c100",2.5,1,100,0.3,1,2.95884835848097,0.0122258044296855,"model3","nt","gain_loss_ratio"
"tl5.00_gl1.00_pr1.00_c100",5,1,100,0.5,1,2.44113386422987,0.00894673821565138,"model3","nt","gain_loss_ratio"
"tl1.00_gl0.10_pr2.50_c100",1,0.1,100,0.4,0,0.986223598361143,55.5898711237396,"model3","nt","gain_loss_ratio"
"tl1.50_gl0.10_pr2.50_c100",1.5,0.1,100,0.4,0,1.74002762826997,64.7369235290023,"model3","nt","gain_loss_ratio"
"tl2.50_gl0.10_pr2.50_c100",2.5,0.1,100,0.4,0,1.75754357941442,63.4755921084397,"model3","nt","gain_loss_ratio"
"tl5.00_gl0.10_pr2.50_c100",5,0.1,100,0.7,0,0.378116691516499,60.2721498070434,"model3","nt","gain_loss_ratio"
"tl1.00_gl0.25_pr2.50_c100",1,0.25,100,0.4,0,2.08671033604498,5.77565220542759,"model3","nt","gain_loss_ratio"
"tl1.50_gl0.25_pr2.50_c100",1.5,0.25,100,0.4,0,1.56999435440396,6.20406930949755,"model3","nt","gain_loss_ratio"
"tl2.50_gl0.25_pr2.50_c100",2.5,0.25,100,0.4,0,2.51734405805065,6.34446627030236,"model3","nt","gain_loss_ratio"
"tl5.00_gl0.25_pr2.50_c100",5,0.25,100,0.5,0,1.02286573913794,5.56399677389441,"model3","nt","gain_loss_ratio"
"tl1.00_gl0.50_pr2.50_c100",1,0.5,100,0.5,0.2,1.26592190937561,0.549371879764332,"model3","nt","gain_loss_ratio"
"tl1.50_gl0.50_pr2.50_c100",1.5,0.5,100,0.4,0,2.22779891988931,0.705971756822994,"model3","nt","gain_loss_ratio"
"tl2.50_gl0.50_pr2.50_c100",2.5,0.5,100,0.5,0,1.98380896507186,0.597619651809439,"model3","nt","gain_loss_ratio"
"tl5.00_gl0.50_pr2.50_c100",5,0.5,100,0.6,0,0.556689412247771,0.546566461729342,"model3","nt","gain_loss_ratio"
"tl1.00_gl1.00_pr2.50_c100",1,1,100,0.4,0.9,1.23925062093527,0.0320693641303906,"model3","nt","gain_loss_ratio"
"tl1.50_gl1.00_pr2.50_c100",1.5,1,100,0.5,0.8,1.47432307156309,0.0747655838079962,"model3","nt","gain_loss_ratio"
"tl2.50_gl1.00_pr2.50_c100",2.5,1,100,0.4,0.9,3.91881697370109,0.0178342479189355,"model3","nt","gain_loss_ratio"
"tl5.00_gl1.00_pr2.50_c100",5,1,100,0.5,0.7,1.60656656057343,0.0182476010770213,"model3","nt","gain_loss_ratio"
"tl1.00_gl0.10_pr5.00_c100",1,0.1,100,0.2,0,1.47707653750581,67.9681700707018,"model3","nt","gain_loss_ratio"
"tl1.50_gl0.10_pr5.00_c100",1.5,0.1,100,0.3,0,0.864148292489462,63.9224525934405,"model3","nt","gain_loss_ratio"
"tl2.50_gl0.10_pr5.00_c100",2.5,0.1,100,0.3,0,1.14437901013217,64.6104805758612,"model3","nt","gain_loss_ratio"
"tl5.00_gl0.10_pr5.00_c100",5,0.1,100,0.6,0,0.440979242845074,62.2395320756487,"model3","nt","gain_loss_ratio"
"tl1.00_gl0.25_pr5.00_c100",1,0.25,100,0.5,0,1.48200629998476,6.51956229254135,"model3","nt","gain_loss_ratio"
"tl1.50_gl0.25_pr5.00_c100",1.5,0.25,100,0.4,0,1.16778962896452,6.76220863347153,"model3","nt","gain_loss_ratio"
"tl2.50_gl0.25_pr5.00_c100",2.5,0.25,100,0.5,0,1.90949075544303,5.89498463361455,"model3","nt","gain_loss_ratio"
"tl5.00_gl0.25_pr5.00_c100",5,0.25,100,0.4,0,0.608200243746863,5.78261968518593,"model3","nt","gain_loss_ratio"
"tl1.00_gl0.50_pr5.00_c100",1,0.5,100,0.3,0.1,2.14535287530161,0.815611380153439,"model3","nt","gain_loss_ratio"
"tl1.50_gl0.50_pr5.00_c100",1.5,0.5,100,0.3,0,1.73693105680015,0.732726460269249,"model3","nt","gain_loss_ratio"
"tl2.50_gl0.50_pr5.00_c100",2.5,0.5,100,0.4,0.1,1.77233148100194,0.621454132876623,"model3","nt","gain_loss_ratio"
"tl5.00_gl0.50_pr5.00_c100",5,0.5,100,0.5,0,1.533629115187,0.455542847139479,"model3","nt","gain_loss_ratio"
"tl1.00_gl1.00_pr5.00_c100",1,1,100,0.3,0.9,1.76447607360567,0.0351471307076501,"model3","nt","gain_loss_ratio"
"tl1.50_gl1.00_pr5.00_c100",1.5,1,100,0.4,0.8,2.61677662862902,0.0434247094855019,"model3","nt","gain_loss_ratio"
"tl2.50_gl1.00_pr5.00_c100",2.5,1,100,0.5,0.8,2.89393124450532,0.0363476820193942,"model3","nt","gain_loss_ratio"
"tl5.00_gl1.00_pr5.00_c100",5,1,100,0.7,0.7,1.2348349181499,0.025393095252484,"model3","nt","gain_loss_ratio"
"tl1.00_gl0.10_pr1.00_c200",1,0.1,200,0.2,0,1.23240823940108,58.5049423260234,"model3","nt","gain_loss_ratio"
"tl1.50_gl0.10_pr1.00_c200",1.5,0.1,200,0.2,0,1.47482209240536,59.6348781843305,"model3","nt","gain_loss_ratio"
"tl2.50_gl0.10_pr1.00_c200",2.5,0.1,200,0.4,0,1.40498125661215,60.7877317587699,"model3","nt","gain_loss_ratio"
"tl5.00_gl0.10_pr1.00_c200",5,0.1,200,0.5,0,0.303685674567008,62.6037138129203,"model3","nt","gain_loss_ratio"
"tl1.00_gl0.25_pr1.00_c200",1,0.25,200,0.4,0,1.38739581174365,5.82838072432093,"model3","nt","gain_loss_ratio"
"tl1.50_gl0.25_pr1.00_c200",1.5,0.25,200,0.4,0,1.66170690358438,5.45842299635489,"model3","nt","gain_loss_ratio"
"tl2.50_gl0.25_pr1.00_c200",2.5,0.25,200,0.3,0,2.07216324965916,5.43102766078425,"model3","nt","gain_loss_ratio"
"tl5.00_gl0.25_pr1.00_c200",5,0.25,200,0.5,0,0.81852584951713,5.98481618061974,"model3","nt","gain_loss_ratio"
"tl1.00_gl0.50_pr1.00_c200",1,0.5,200,0.3,0.1,2.19732029488177,0.525718089657361,"model3","nt","gain_loss_ratio"
"tl1.50_gl0.50_pr1.00_c200",1.5,0.5,200,0.5,0,2.20459357316777,0.51100810583912,"model3","nt","gain_loss_ratio"
"tl2.50_gl0.50_pr1.00_c200",2.5,0.5,200,0.4,0,3.41073681244533,0.405570922573082,"model3","nt","gain_loss_ratio"
"tl5.00_gl0.50_pr1.00_c200",5,0.5,200,0.3,0,2.03065899769414,0.459278660519101,"model3","nt","gain_loss_ratio"
"tl1.00_gl1.00_pr1.00_c200",1,1,200,0.4,1,2.45562413851327,0.0332528713388519,"model3","nt","gain_loss_ratio"
"tl1.50_gl1.00_pr1.00_c200",1.5,1,200,0.5,1,2.59065812112809,0.0128999495350468,"model3","nt","gain_loss_ratio"
"tl2.50_gl1.00_pr1.00_c200",2.5,1,200,0.4,0.9,3.24161548754093,0.0135077644294308,"model3","nt","gain_loss_ratio"
"tl5.00_gl1.00_pr1.00_c200",5,1,200,0.2,0.9,2.37209184718348,0.00873324585957679,"model3","nt","gain_loss_ratio"
"tl1.00_gl0.10_pr2.50_c200",1,0.1,200,0,0,1.31301941667781,63.2302074388585,"model3","nt","gain_loss_ratio"
"tl1.50_gl0.10_pr2.50_c200",1.5,0.1,200,0.3,0,1.3683760206545,63.5631374548032,"model3","nt","gain_loss_ratio"
"tl2.50_gl0.10_pr2.50_c200",2.5,0.1,200,0.3,0,1.36056607796372,62.5257541246854,"model3","nt","gain_loss_ratio"
"tl5.00_gl0.10_pr2.50_c200",5,0.1,200,0.7,0,0.382022838123732,59.7110351472505,"model3","nt","gain_loss_ratio"
"tl1.00_gl0.25_pr2.50_c200",1,0.25,200,0.3,0,1.62704285800411,6.46944653875699,"model3","nt","gain_loss_ratio"
"tl1.50_gl0.25_pr2.50_c200",1.5,0.25,200,0.5,0,1.77115111532921,6.59633057850128,"model3","nt","gain_loss_ratio"
"tl2.50_gl0.25_pr2.50_c200",2.5,0.25,200,0.3,0,2.14208482362809,5.8914662969721,"model3","nt","gain_loss_ratio"
"tl5.00_gl0.25_pr2.50_c200",5,0.25,200,0.5,0,1.1672583051857,5.21187885825664,"model3","nt","gain_loss_ratio"
"tl1.00_gl0.50_pr2.50_c200",1,0.5,200,0.4,0.2,1.73983756686666,0.544530556635003,"model3","nt","gain_loss_ratio"
"tl1.50_gl0.50_pr2.50_c200",1.5,0.5,200,0.3,0,2.14106969211695,0.663540049657818,"model3","nt","gain_loss_ratio"
"tl2.50_gl0.50_pr2.50_c200",2.5,0.5,200,0.3,0,2.39455261592574,0.672381791435734,"model3","nt","gain_loss_ratio"
"tl5.00_gl0.50_pr2.50_c200",5,0.5,200,0.4,0,1.50810721140769,0.550395734588894,"model3","nt","gain_loss_ratio"
"tl1.00_gl1.00_pr2.50_c200",1,1,200,0.6,0.8,1.79997256925893,0.0241729851788241,"model3","nt","gain_loss_ratio"
"tl1.50_gl1.00_pr2.50_c200",1.5,1,200,0.3,1,1.94835376951363,0.00826935579019374,"model3","nt","gain_loss_ratio"
"tl2.50_gl1.00_pr2.50_c200",2.5,1,200,0.4,0.9,3.18911734232849,0.00888876409964857,"model3","nt","gain_loss_ratio"
"tl5.00_gl1.00_pr2.50_c200",5,1,200,0.2,1,3.07537815037703,0.00366010141677621,"model3","nt","gain_loss_ratio"
"tl1.00_gl0.10_pr5.00_c200",1,0.1,200,0.1,0,1.38640468518249,66.3880359875312,"model3","nt","gain_loss_ratio"
"tl1.50_gl0.10_pr5.00_c200",1.5,0.1,200,0.1,0,1.99747858857394,68.1684124059709,"model3","nt","gain_loss_ratio"
"tl2.50_gl0.10_pr5.00_c200",2.5,0.1,200,0.3,0,1.23051254675073,65.5626803559667,"model3","nt","gain_loss_ratio"
"tl5.00_gl0.10_pr5.00_c200",5,0.1,200,0.7,0,0.357058910332796,63.111119703689,"model3","nt","gain_loss_ratio"
"tl1.00_gl0.25_pr5.00_c200",1,0.25,200,0.3,0,1.23146537863361,7.41039228673187,"model3","nt","gain_loss_ratio"
"tl1.50_gl0.25_pr5.00_c200",1.5,0.25,200,0.2,0,2.0209203897179,6.6867920555082,"model3","nt","gain_loss_ratio"
"tl2.50_gl0.25_pr5.00_c200",2.5,0.25,200,0.3,0,1.53270173380461,6.63912577168919,"model3","nt","gain_loss_ratio"
"tl5.00_gl0.25_pr5.00_c200",5,0.25,200,0.6,0,0.965431388377805,5.86510161990628,"model3","nt","gain_loss_ratio"
"tl1.00_gl0.50_pr5.00_c200",1,0.5,200,0.2,0,1.26474266635668,0.664441855709561,"model3","nt","gain_loss_ratio"
"tl1.50_gl0.50_pr5.00_c200",1.5,0.5,200,0.3,0,2.46556439467829,0.799597644739881,"model3","nt","gain_loss_ratio"
"tl2.50_gl0.50_pr5.00_c200",2.5,0.5,200,0.4,0,2.55839711980846,0.868362624576491,"model3","nt","gain_loss_ratio"
"tl5.00_gl0.50_pr5.00_c200",5,0.5,200,0.6,0,1.13218715950409,0.541516114187621,"model3","nt","gain_loss_ratio"
"tl1.00_gl1.00_pr5.00_c200",1,1,200,0.4,0.8,1.35443816618876,0.0273679639692482,"model3","nt","gain_loss_ratio"
"tl1.50_gl1.00_pr5.00_c200",1.5,1,200,0.4,1,2.05871845802567,0.00493204142265794,"model3","nt","gain_loss_ratio"
"tl2.50_gl1.00_pr5.00_c200",2.5,1,200,0.4,0.6,2.35572530891504,0.0224436879383888,"model3","nt","gain_loss_ratio"
"tl5.00_gl1.00_pr5.00_c200",5,1,200,0.2,0.7,1.36070454817863,0.0140006315043987,"model3","nt","gain_loss_ratio"
"tl1.00_gl0.10_pr1.00_c25",1,0.1,25,0.6,NA,0.443313538283683,NA,"model4","nt","gain_loss_trans"
"tl1.50_gl0.10_pr1.00_c25",1.5,0.1,25,0.9,NA,0.200903023086856,NA,"model4","nt","gain_loss_trans"
"tl2.50_gl0.10_pr1.00_c25",2.5,0.1,25,0.7,NA,0.576553759881688,NA,"model4","nt","gain_loss_trans"
"tl5.00_gl0.10_pr1.00_c25",5,0.1,25,0.1,NA,5.62575192213655,NA,"model4","nt","gain_loss_trans"
"tl1.00_gl0.25_pr1.00_c25",1,0.25,25,0.7,NA,0.401288910026573,NA,"model4","nt","gain_loss_trans"
"tl1.50_gl0.25_pr1.00_c25",1.5,0.25,25,0.9,NA,0.275931701728345,NA,"model4","nt","gain_loss_trans"
"tl2.50_gl0.25_pr1.00_c25",2.5,0.25,25,0.5,NA,1.42932896108048,NA,"model4","nt","gain_loss_trans"
"tl5.00_gl0.25_pr1.00_c25",5,0.25,25,0.8,NA,0.932012395694244,NA,"model4","nt","gain_loss_trans"
"tl1.00_gl0.50_pr1.00_c25",1,0.5,25,0.7,NA,1.39455101974378,NA,"model4","nt","gain_loss_trans"
"tl1.50_gl0.50_pr1.00_c25",1.5,0.5,25,0.8,NA,2.29002819080888,NA,"model4","nt","gain_loss_trans"
"tl2.50_gl0.50_pr1.00_c25",2.5,0.5,25,0.6,NA,4.83163932463348,NA,"model4","nt","gain_loss_trans"
"tl5.00_gl0.50_pr1.00_c25",5,0.5,25,0.8,NA,2.59508064699389,NA,"model4","nt","gain_loss_trans"
"tl1.00_gl1.00_pr1.00_c25",1,1,25,0.7,NA,0.630854690826386,NA,"model4","nt","gain_loss_trans"
"tl1.50_gl1.00_pr1.00_c25",1.5,1,25,0.6,NA,0.859622649999228,NA,"model4","nt","gain_loss_trans"
"tl2.50_gl1.00_pr1.00_c25",2.5,1,25,0.6,NA,5.87747394088973,NA,"model4","nt","gain_loss_trans"
"tl5.00_gl1.00_pr1.00_c25",5,1,25,0.8,NA,3.85039268553285,NA,"model4","nt","gain_loss_trans"
"tl1.00_gl0.10_pr2.50_c25",1,0.1,25,1,NA,0.123305747787975,NA,"model4","nt","gain_loss_trans"
"tl1.50_gl0.10_pr2.50_c25",1.5,0.1,25,0.9,NA,0.198398551524774,NA,"model4","nt","gain_loss_trans"
"tl2.50_gl0.10_pr2.50_c25",2.5,0.1,25,0.5,NA,0.871446036883954,NA,"model4","nt","gain_loss_trans"
"tl5.00_gl0.10_pr2.50_c25",5,0.1,25,0,NA,7.20930329430808,NA,"model4","nt","gain_loss_trans"
"tl1.00_gl0.25_pr2.50_c25",1,0.25,25,1,NA,0.144397140357869,NA,"model4","nt","gain_loss_trans"
"tl1.50_gl0.25_pr2.50_c25",1.5,0.25,25,0.9,NA,0.235490366228042,NA,"model4","nt","gain_loss_trans"
"tl2.50_gl0.25_pr2.50_c25",2.5,0.25,25,0.4,NA,1.04709293242949,NA,"model4","nt","gain_loss_trans"
"tl5.00_gl0.25_pr2.50_c25",5,0.25,25,0.5,NA,3.16582952852421,NA,"model4","nt","gain_loss_trans"
"tl1.00_gl0.50_pr2.50_c25",1,0.5,25,0.8,NA,1.18454237617913,NA,"model4","nt","gain_loss_trans"
"tl1.50_gl0.50_pr2.50_c25",1.5,0.5,25,0.8,NA,0.412368784274743,NA,"model4","nt","gain_loss_trans"
"tl2.50_gl0.50_pr2.50_c25",2.5,0.5,25,0.5,NA,0.858163265623937,NA,"model4","nt","gain_loss_trans"
"tl5.00_gl0.50_pr2.50_c25",5,0.5,25,0.1,NA,4.70601055876708,NA,"model4","nt","gain_loss_trans"
"tl1.00_gl1.00_pr2.50_c25",1,1,25,1,NA,0.0689610131140515,NA,"model4","nt","gain_loss_trans"
"tl1.50_gl1.00_pr2.50_c25",1.5,1,25,0.9,NA,0.407874881585307,NA,"model4","nt","gain_loss_trans"
"tl2.50_gl1.00_pr2.50_c25",2.5,1,25,0.4,NA,1.05341100492683,NA,"model4","nt","gain_loss_trans"
"tl5.00_gl1.00_pr2.50_c25",5,1,25,0.3,NA,3.98962592569123,NA,"model4","nt","gain_loss_trans"
"tl1.00_gl0.10_pr5.00_c25",1,0.1,25,1,NA,0.0570554999791724,NA,"model4","nt","gain_loss_trans"
"tl1.50_gl0.10_pr5.00_c25",1.5,0.1,25,1,NA,0.139972280546975,NA,"model4","nt","gain_loss_trans"
"tl2.50_gl0.10_pr5.00_c25",2.5,0.1,25,0.8,NA,0.591119811813166,NA,"model4","nt","gain_loss_trans"
"tl5.00_gl0.10_pr5.00_c25",5,0.1,25,0,NA,9.20531825607777,NA,"model4","nt","gain_loss_trans"
"tl1.00_gl0.25_pr5.00_c25",1,0.25,25,0.8,NA,0.205894787435649,NA,"model4","nt","gain_loss_trans"
"tl1.50_gl0.25_pr5.00_c25",1.5,0.25,25,0.9,NA,0.13682645745888,NA,"model4","nt","gain_loss_trans"
"tl2.50_gl0.25_pr5.00_c25",2.5,0.25,25,0.3,NA,1.11541834775439,NA,"model4","nt","gain_loss_trans"
"tl5.00_gl0.25_pr5.00_c25",5,0.25,25,0.1,NA,7.36619303985908,NA,"model4","nt","gain_loss_trans"
"tl1.00_gl0.50_pr5.00_c25",1,0.5,25,0.7,NA,0.338648265830942,NA,"model4","nt","gain_loss_trans"
"tl1.50_gl0.50_pr5.00_c25",1.5,0.5,25,0.9,NA,0.219300846631837,NA,"model4","nt","gain_loss_trans"
"tl2.50_gl0.50_pr5.00_c25",2.5,0.5,25,0.4,NA,1.11846944859323,NA,"model4","nt","gain_loss_trans"
"tl5.00_gl0.50_pr5.00_c25",5,0.5,25,0.1,NA,7.90749626623309,NA,"model4","nt","gain_loss_trans"
"tl1.00_gl1.00_pr5.00_c25",1,1,25,0.8,NA,0.718493192037258,NA,"model4","nt","gain_loss_trans"
"tl1.50_gl1.00_pr5.00_c25",1.5,1,25,0.8,NA,0.304167603682518,NA,"model4","nt","gain_loss_trans"
"tl2.50_gl1.00_pr5.00_c25",2.5,1,25,0.3,NA,1.24695077533422,NA,"model4","nt","gain_loss_trans"
"tl5.00_gl1.00_pr5.00_c25",5,1,25,0.1,NA,7.1855997050403,NA,"model4","nt","gain_loss_trans"
"tl1.00_gl0.10_pr1.00_c50",1,0.1,50,0.6,NA,0.632448277906706,NA,"model4","nt","gain_loss_trans"
"tl1.50_gl0.10_pr1.00_c50",1.5,0.1,50,0.6,NA,0.35824993153982,NA,"model4","nt","gain_loss_trans"
"tl2.50_gl0.10_pr1.00_c50",2.5,0.1,50,0.8,NA,0.313265833334647,NA,"model4","nt","gain_loss_trans"
"tl5.00_gl0.10_pr1.00_c50",5,0.1,50,0.1,NA,4.73593956563563,NA,"model4","nt","gain_loss_trans"
"tl1.00_gl0.25_pr1.00_c50",1,0.25,50,0.6,NA,0.940628322770175,NA,"model4","nt","gain_loss_trans"
"tl1.50_gl0.25_pr1.00_c50",1.5,0.25,50,0.6,NA,1.5214873045989,NA,"model4","nt","gain_loss_trans"
"tl2.50_gl0.25_pr1.00_c50",2.5,0.25,50,0.7,NA,0.67207070530907,NA,"model4","nt","gain_loss_trans"
"tl5.00_gl0.25_pr1.00_c50",5,0.25,50,0.7,NA,0.902631865122178,NA,"model4","nt","gain_loss_trans"
"tl1.00_gl0.50_pr1.00_c50",1,0.5,50,0.6,NA,0.696974711864474,NA,"model4","nt","gain_loss_trans"
"tl1.50_gl0.50_pr1.00_c50",1.5,0.5,50,0.7,NA,1.07416430970851,NA,"model4","nt","gain_loss_trans"
"tl2.50_gl0.50_pr1.00_c50",2.5,0.5,50,0.6,NA,2.67683123305248,NA,"model4","nt","gain_loss_trans"
"tl5.00_gl0.50_pr1.00_c50",5,0.5,50,0.9,NA,0.349355178026905,NA,"model4","nt","gain_loss_trans"
"tl1.00_gl1.00_pr1.00_c50",1,1,50,0.7,NA,0.851856804263092,NA,"model4","nt","gain_loss_trans"
"tl1.50_gl1.00_pr1.00_c50",1.5,1,50,0.6,NA,3.65921536453167,NA,"model4","nt","gain_loss_trans"
"tl2.50_gl1.00_pr1.00_c50",2.5,1,50,0.5,NA,1.43897151741554,NA,"model4","nt","gain_loss_trans"
"tl5.00_gl1.00_pr1.00_c50",5,1,50,0.7,NA,0.823058015538446,NA,"model4","nt","gain_loss_trans"
"tl1.00_gl0.10_pr2.50_c50",1,0.1,50,0.9,NA,0.296152494479611,NA,"model4","nt","gain_loss_trans"
"tl1.50_gl0.10_pr2.50_c50",1.5,0.1,50,0.9,NA,0.12633229009887,NA,"model4","nt","gain_loss_trans"
"tl2.50_gl0.10_pr2.50_c50",2.5,0.1,50,0.6,NA,0.484668788816079,NA,"model4","nt","gain_loss_trans"
"tl5.00_gl0.10_pr2.50_c50",5,0.1,50,0,NA,7.59575709303152,NA,"model4","nt","gain_loss_trans"
"tl1.00_gl0.25_pr2.50_c50",1,0.25,50,0.6,NA,0.442709816946623,NA,"model4","nt","gain_loss_trans"
"tl1.50_gl0.25_pr2.50_c50",1.5,0.25,50,0.7,NA,0.399284442822509,NA,"model4","nt","gain_loss_trans"
"tl2.50_gl0.25_pr2.50_c50",2.5,0.25,50,0.5,NA,0.811242324434874,NA,"model4","nt","gain_loss_trans"
"tl5.00_gl0.25_pr2.50_c50",5,0.25,50,0.2,NA,3.49528418785039,NA,"model4","nt","gain_loss_trans"
"tl1.00_gl0.50_pr2.50_c50",1,0.5,50,0.7,NA,0.544901329943614,NA,"model4","nt","gain_loss_trans"
"tl1.50_gl0.50_pr2.50_c50",1.5,0.5,50,0.5,NA,0.344324369837605,NA,"model4","nt","gain_loss_trans"
"tl2.50_gl0.50_pr2.50_c50",2.5,0.5,50,0.4,NA,1.1099464313436,NA,"model4","nt","gain_loss_trans"
"tl5.00_gl0.50_pr2.50_c50",5,0.5,50,0.3,NA,2.34917609034141,NA,"model4","nt","gain_loss_trans"
"tl1.00_gl1.00_pr2.50_c50",1,1,50,0.8,NA,0.600357225498014,NA,"model4","nt","gain_loss_trans"
"tl1.50_gl1.00_pr2.50_c50",1.5,1,50,0.6,NA,1.21680400310465,NA,"model4","nt","gain_loss_trans"
"tl2.50_gl1.00_pr2.50_c50",2.5,1,50,0.4,NA,1.16846126916528,NA,"model4","nt","gain_loss_trans"
"tl5.00_gl1.00_pr2.50_c50",5,1,50,0.4,NA,2.25229579036002,NA,"model4","nt","gain_loss_trans"
"tl1.00_gl0.10_pr5.00_c50",1,0.1,50,0.5,NA,0.272128077094202,NA,"model4","nt","gain_loss_trans"
"tl1.50_gl0.10_pr5.00_c50",1.5,0.1,50,0.7,NA,0.176787331100082,NA,"model4","nt","gain_loss_trans"
"tl2.50_gl0.10_pr5.00_c50",2.5,0.1,50,0.3,NA,0.882657235461043,NA,"model4","nt","gain_loss_trans"
"tl5.00_gl0.10_pr5.00_c50",5,0.1,50,0,NA,8.20013925613156,NA,"model4","nt","gain_loss_trans"
"tl1.00_gl0.25_pr5.00_c50",1,0.25,50,0.5,NA,0.549606753574309,NA,"model4","nt","gain_loss_trans"
"tl1.50_gl0.25_pr5.00_c50",1.5,0.25,50,0.6,NA,0.308504405482344,NA,"model4","nt","gain_loss_trans"
"tl2.50_gl0.25_pr5.00_c50",2.5,0.25,50,0.1,NA,1.67352940237066,NA,"model4","nt","gain_loss_trans"
"tl5.00_gl0.25_pr5.00_c50",5,0.25,50,0,NA,7.28945344023202,NA,"model4","nt","gain_loss_trans"
"tl1.00_gl0.50_pr5.00_c50",1,0.5,50,0.7,NA,0.393317859830247,NA,"model4","nt","gain_loss_trans"
"tl1.50_gl0.50_pr5.00_c50",1.5,0.5,50,0.2,NA,0.749805606471718,NA,"model4","nt","gain_loss_trans"
"tl2.50_gl0.50_pr5.00_c50",2.5,0.5,50,0.2,NA,1.46358331576731,NA,"model4","nt","gain_loss_trans"
"tl5.00_gl0.50_pr5.00_c50",5,0.5,50,0,NA,7.72895356530642,NA,"model4","nt","gain_loss_trans"
"tl1.00_gl1.00_pr5.00_c50",1,1,50,0.5,NA,0.217841601717727,NA,"model4","nt","gain_loss_trans"
"tl1.50_gl1.00_pr5.00_c50",1.5,1,50,0.4,NA,0.454948519059487,NA,"model4","nt","gain_loss_trans"
"tl2.50_gl1.00_pr5.00_c50",2.5,1,50,0.2,NA,1.36663081129119,NA,"model4","nt","gain_loss_trans"
"tl5.00_gl1.00_pr5.00_c50",5,1,50,0,NA,7.9891974283266,NA,"model4","nt","gain_loss_trans"
"tl1.00_gl0.10_pr1.00_c100",1,0.1,100,0.1,NA,0.708285711128773,NA,"model4","nt","gain_loss_trans"
"tl1.50_gl0.10_pr1.00_c100",1.5,0.1,100,0.5,NA,0.314150909166897,NA,"model4","nt","gain_loss_trans"
"tl2.50_gl0.10_pr1.00_c100",2.5,0.1,100,0.5,NA,0.355103638105192,NA,"model4","nt","gain_loss_trans"
"tl5.00_gl0.10_pr1.00_c100",5,0.1,100,0.1,NA,4.24628620954073,NA,"model4","nt","gain_loss_trans"
"tl1.00_gl0.25_pr1.00_c100",1,0.25,100,0.1,NA,1.68712675897446,NA,"model4","nt","gain_loss_trans"
"tl1.50_gl0.25_pr1.00_c100",1.5,0.25,100,0.4,NA,1.32239888358918,NA,"model4","nt","gain_loss_trans"
"tl2.50_gl0.25_pr1.00_c100",2.5,0.25,100,0.5,NA,1.07380365592868,NA,"model4","nt","gain_loss_trans"
"tl5.00_gl0.25_pr1.00_c100",5,0.25,100,0.6,NA,0.801985088466845,NA,"model4","nt","gain_loss_trans"
"tl1.00_gl0.50_pr1.00_c100",1,0.5,100,0.5,NA,0.818784138419404,NA,"model4","nt","gain_loss_trans"
"tl1.50_gl0.50_pr1.00_c100",1.5,0.5,100,0.4,NA,2.48894144680902,NA,"model4","nt","gain_loss_trans"
"tl2.50_gl0.50_pr1.00_c100",2.5,0.5,100,0.4,NA,1.14740126164409,NA,"model4","nt","gain_loss_trans"
"tl5.00_gl0.50_pr1.00_c100",5,0.5,100,0.6,NA,0.729692693155492,NA,"model4","nt","gain_loss_trans"
"tl1.00_gl1.00_pr1.00_c100",1,1,100,0.6,NA,2.3697055479047,NA,"model4","nt","gain_loss_trans"
"tl1.50_gl1.00_pr1.00_c100",1.5,1,100,0.4,NA,1.56647428872113,NA,"model4","nt","gain_loss_trans"
"tl2.50_gl1.00_pr1.00_c100",2.5,1,100,0.5,NA,3.09558475677356,NA,"model4","nt","gain_loss_trans"
"tl5.00_gl1.00_pr1.00_c100",5,1,100,0.7,NA,1.79847908628979,NA,"model4","nt","gain_loss_trans"
"tl1.00_gl0.10_pr2.50_c100",1,0.1,100,0.7,NA,0.141390788751825,NA,"model4","nt","gain_loss_trans"
"tl1.50_gl0.10_pr2.50_c100",1.5,0.1,100,0.7,NA,0.34453754508594,NA,"model4","nt","gain_loss_trans"
"tl2.50_gl0.10_pr2.50_c100",2.5,0.1,100,0.6,NA,0.176971621360535,NA,"model4","nt","gain_loss_trans"
"tl5.00_gl0.10_pr2.50_c100",5,0.1,100,0,NA,6.13522423129264,NA,"model4","nt","gain_loss_trans"
"tl1.00_gl0.25_pr2.50_c100",1,0.25,100,0.7,NA,1.01969298865525,NA,"model4","nt","gain_loss_trans"
"tl1.50_gl0.25_pr2.50_c100",1.5,0.25,100,0.6,NA,0.603789305764892,NA,"model4","nt","gain_loss_trans"
"tl2.50_gl0.25_pr2.50_c100",2.5,0.25,100,0.3,NA,0.787110663504263,NA,"model4","nt","gain_loss_trans"
"tl5.00_gl0.25_pr2.50_c100",5,0.25,100,0.1,NA,3.74818351927239,NA,"model4","nt","gain_loss_trans"
"tl1.00_gl0.50_pr2.50_c100",1,0.5,100,0.3,NA,0.473943560655667,NA,"model4","nt","gain_loss_trans"
"tl1.50_gl0.50_pr2.50_c100",1.5,0.5,100,0.5,NA,0.921726284986679,NA,"model4","nt","gain_loss_trans"
"tl2.50_gl0.50_pr2.50_c100",2.5,0.5,100,0.3,NA,0.946029934461399,NA,"model4","nt","gain_loss_trans"
"tl5.00_gl0.50_pr2.50_c100",5,0.5,100,0.1,NA,3.01596882005909,NA,"model4","nt","gain_loss_trans"
"tl1.00_gl1.00_pr2.50_c100",1,1,100,0.6,NA,0.566771876349527,NA,"model4","nt","gain_loss_trans"
"tl1.50_gl1.00_pr2.50_c100",1.5,1,100,0.3,NA,0.647819439877925,NA,"model4","nt","gain_loss_trans"
"tl2.50_gl1.00_pr2.50_c100",2.5,1,100,0.3,NA,1.75670158577842,NA,"model4","nt","gain_loss_trans"
"tl5.00_gl1.00_pr2.50_c100",5,1,100,0.2,NA,2.75212228021498,NA,"model4","nt","gain_loss_trans"
"tl1.00_gl0.10_pr5.00_c100",1,0.1,100,0.9,NA,0.0446994741923899,NA,"model4","nt","gain_loss_trans"
"tl1.50_gl0.10_pr5.00_c100",1.5,0.1,100,0.7,NA,0.146054068702941,NA,"model4","nt","gain_loss_trans"
"tl2.50_gl0.10_pr5.00_c100",2.5,0.1,100,0.3,NA,0.637677684273943,NA,"model4","nt","gain_loss_trans"
"tl5.00_gl0.10_pr5.00_c100",5,0.1,100,0,NA,7.37680371593006,NA,"model4","nt","gain_loss_trans"
"tl1.00_gl0.25_pr5.00_c100",1,0.25,100,0.4,NA,0.297802148101066,NA,"model4","nt","gain_loss_trans"
"tl1.50_gl0.25_pr5.00_c100",1.5,0.25,100,0.3,NA,0.462210058564085,NA,"model4","nt","gain_loss_trans"
"tl2.50_gl0.25_pr5.00_c100",2.5,0.25,100,0.2,NA,1.21779608701081,NA,"model4","nt","gain_loss_trans"
"tl5.00_gl0.25_pr5.00_c100",5,0.25,100,0,NA,6.60489618333286,NA,"model4","nt","gain_loss_trans"
"tl1.00_gl0.50_pr5.00_c100",1,0.5,100,0.3,NA,0.682351116188773,NA,"model4","nt","gain_loss_trans"
"tl1.50_gl0.50_pr5.00_c100",1.5,0.5,100,0.1,NA,0.466796142954953,NA,"model4","nt","gain_loss_trans"
"tl2.50_gl0.50_pr5.00_c100",2.5,0.5,100,0.1,NA,1.69558083584013,NA,"model4","nt","gain_loss_trans"
"tl5.00_gl0.50_pr5.00_c100",5,0.5,100,0.1,NA,7.15711186541727,NA,"model4","nt","gain_loss_trans"
"tl1.00_gl1.00_pr5.00_c100",1,1,100,0.2,NA,0.426182656450149,NA,"model4","nt","gain_loss_trans"
"tl1.50_gl1.00_pr5.00_c100",1.5,1,100,0.1,NA,0.845039744269021,NA,"model4","nt","gain_loss_trans"
"tl2.50_gl1.00_pr5.00_c100",2.5,1,100,0.1,NA,1.41367376487499,NA,"model4","nt","gain_loss_trans"
"tl5.00_gl1.00_pr5.00_c100",5,1,100,0,NA,7.26868687395397,NA,"model4","nt","gain_loss_trans"
"tl1.00_gl0.10_pr1.00_c200",1,0.1,200,0,NA,0.787862024724415,NA,"model4","nt","gain_loss_trans"
"tl1.50_gl0.10_pr1.00_c200",1.5,0.1,200,0.1,NA,0.591372086171149,NA,"model4","nt","gain_loss_trans"
"tl2.50_gl0.10_pr1.00_c200",2.5,0.1,200,1,NA,0.0128097801620442,NA,"model4","nt","gain_loss_trans"
"tl5.00_gl0.10_pr1.00_c200",5,0.1,200,0,NA,3.48617407304028,NA,"model4","nt","gain_loss_trans"
"tl1.00_gl0.25_pr1.00_c200",1,0.25,200,0,NA,1.06968892619999,NA,"model4","nt","gain_loss_trans"
"tl1.50_gl0.25_pr1.00_c200",1.5,0.25,200,0.4,NA,1.34253674885531,NA,"model4","nt","gain_loss_trans"
"tl2.50_gl0.25_pr1.00_c200",2.5,0.25,200,0.6,NA,1.04773295276598,NA,"model4","nt","gain_loss_trans"
"tl5.00_gl0.25_pr1.00_c200",5,0.25,200,0.7,NA,0.233637534896748,NA,"model4","nt","gain_loss_trans"
"tl1.00_gl0.50_pr1.00_c200",1,0.5,200,0.3,NA,1.47542900012359,NA,"model4","nt","gain_loss_trans"
"tl1.50_gl0.50_pr1.00_c200",1.5,0.5,200,0.4,NA,1.48743833842847,NA,"model4","nt","gain_loss_trans"
"tl2.50_gl0.50_pr1.00_c200",2.5,0.5,200,0.5,NA,1.96345720599626,NA,"model4","nt","gain_loss_trans"
"tl5.00_gl0.50_pr1.00_c200",5,0.5,200,0.4,NA,1.33526770408276,NA,"model4","nt","gain_loss_trans"
"tl1.00_gl1.00_pr1.00_c200",1,1,200,0.5,NA,2.41864861054311,NA,"model4","nt","gain_loss_trans"
"tl1.50_gl1.00_pr1.00_c200",1.5,1,200,0.5,NA,3.0482753971222,NA,"model4","nt","gain_loss_trans"
"tl2.50_gl1.00_pr1.00_c200",2.5,1,200,0.4,NA,3.13342864063358,NA,"model4","nt","gain_loss_trans"
"tl5.00_gl1.00_pr1.00_c200",5,1,200,0.3,NA,2.17583182904399,NA,"model4","nt","gain_loss_trans"
"tl1.00_gl0.10_pr2.50_c200",1,0.1,200,0.2,NA,0.270563891140319,NA,"model4","nt","gain_loss_trans"
"tl1.50_gl0.10_pr2.50_c200",1.5,0.1,200,0.8,NA,0.102468671429236,NA,"model4","nt","gain_loss_trans"
"tl2.50_gl0.10_pr2.50_c200",2.5,0.1,200,0.7,NA,0.171638402159109,NA,"model4","nt","gain_loss_trans"
"tl5.00_gl0.10_pr2.50_c200",5,0.1,200,0,NA,5.33799301421371,NA,"model4","nt","gain_loss_trans"
"tl1.00_gl0.25_pr2.50_c200",1,0.25,200,0.8,NA,0.684058196751602,NA,"model4","nt","gain_loss_trans"
"tl1.50_gl0.25_pr2.50_c200",1.5,0.25,200,0.6,NA,0.357438384294673,NA,"model4","nt","gain_loss_trans"
"tl2.50_gl0.25_pr2.50_c200",2.5,0.25,200,0.3,NA,0.524005582715396,NA,"model4","nt","gain_loss_trans"
"tl5.00_gl0.25_pr2.50_c200",5,0.25,200,0,NA,2.73580434391875,NA,"model4","nt","gain_loss_trans"
"tl1.00_gl0.50_pr2.50_c200",1,0.5,200,0.4,NA,0.70577884339345,NA,"model4","nt","gain_loss_trans"
"tl1.50_gl0.50_pr2.50_c200",1.5,0.5,200,0.3,NA,1.14061849913898,NA,"model4","nt","gain_loss_trans"
"tl2.50_gl0.50_pr2.50_c200",2.5,0.5,200,0.1,NA,1.29958179794636,NA,"model4","nt","gain_loss_trans"
"tl5.00_gl0.50_pr2.50_c200",5,0.5,200,0,NA,2.71911191428737,NA,"model4","nt","gain_loss_trans"
"tl1.00_gl1.00_pr2.50_c200",1,1,200,0.2,NA,1.05644549133032,NA,"model4","nt","gain_loss_trans"
"tl1.50_gl1.00_pr2.50_c200",1.5,1,200,0.3,NA,0.719881558626315,NA,"model4","nt","gain_loss_trans"
"tl2.50_gl1.00_pr2.50_c200",2.5,1,200,0.3,NA,1.31866895669372,NA,"model4","nt","gain_loss_trans"
"tl5.00_gl1.00_pr2.50_c200",5,1,200,0.1,NA,3.92149947569455,NA,"model4","nt","gain_loss_trans"
"tl1.00_gl0.10_pr5.00_c200",1,0.1,200,0.7,NA,0.0758275917775091,NA,"model4","nt","gain_loss_trans"
"tl1.50_gl0.10_pr5.00_c200",1.5,0.1,200,0.5,NA,0.0842787738675003,NA,"model4","nt","gain_loss_trans"
"tl2.50_gl0.10_pr5.00_c200",2.5,0.1,200,0.1,NA,0.821782558981287,NA,"model4","nt","gain_loss_trans"
"tl5.00_gl0.10_pr5.00_c200",5,0.1,200,0,NA,8.07546132981699,NA,"model4","nt","gain_loss_trans"
"tl1.00_gl0.25_pr5.00_c200",1,0.25,200,0.4,NA,0.22605741885962,NA,"model4","nt","gain_loss_trans"
"tl1.50_gl0.25_pr5.00_c200",1.5,0.25,200,0.1,NA,0.462664749083629,NA,"model4","nt","gain_loss_trans"
"tl2.50_gl0.25_pr5.00_c200",2.5,0.25,200,0.1,NA,1.19200407240867,NA,"model4","nt","gain_loss_trans"
"tl5.00_gl0.25_pr5.00_c200",5,0.25,200,0,NA,6.94509744812729,NA,"model4","nt","gain_loss_trans"
"tl1.00_gl0.50_pr5.00_c200",1,0.5,200,0,NA,0.347682931999153,NA,"model4","nt","gain_loss_trans"
"tl1.50_gl0.50_pr5.00_c200",1.5,0.5,200,0,NA,0.704045615821303,NA,"model4","nt","gain_loss_trans"
"tl2.50_gl0.50_pr5.00_c200",2.5,0.5,200,0,NA,1.79416042204123,NA,"model4","nt","gain_loss_trans"
"tl5.00_gl0.50_pr5.00_c200",5,0.5,200,0.2,NA,6.95970015107945,NA,"model4","nt","gain_loss_trans"
"tl1.00_gl1.00_pr5.00_c200",1,1,200,0,NA,0.356249987242293,NA,"model4","nt","gain_loss_trans"
"tl1.50_gl1.00_pr5.00_c200",1.5,1,200,0,NA,0.688717803537262,NA,"model4","nt","gain_loss_trans"
"tl2.50_gl1.00_pr5.00_c200",2.5,1,200,0,NA,2.12509960302539,NA,"model4","nt","gain_loss_trans"
"tl5.00_gl1.00_pr5.00_c200",5,1,200,0.1,NA,7.57925858395806,NA,"model4","nt","gain_loss_trans"
"tl1.00_gl0.10_pr1.00_c25",1,0.1,25,0.6,NA,0.669916015512149,NA,"model5","nt","gain_loss_trans"
"tl1.50_gl0.10_pr1.00_c25",1.5,0.1,25,1,NA,0.234421455601529,NA,"model5","nt","gain_loss_trans"
"tl2.50_gl0.10_pr1.00_c25",2.5,0.1,25,0.9,NA,0.627372852049401,NA,"model5","nt","gain_loss_trans"
"tl5.00_gl0.10_pr1.00_c25",5,0.1,25,0.5,NA,2.53885088363473,NA,"model5","nt","gain_loss_trans"
"tl1.00_gl0.25_pr1.00_c25",1,0.25,25,0.7,NA,0.386451040174865,NA,"model5","nt","gain_loss_trans"
"tl1.50_gl0.25_pr1.00_c25",1.5,0.25,25,1,NA,0.263594726162776,NA,"model5","nt","gain_loss_trans"
"tl2.50_gl0.25_pr1.00_c25",2.5,0.25,25,0.8,NA,1.15634458052612,NA,"model5","nt","gain_loss_trans"
"tl5.00_gl0.25_pr1.00_c25",5,0.25,25,0.9,NA,0.700547301774304,NA,"model5","nt","gain_loss_trans"
"tl1.00_gl0.50_pr1.00_c25",1,0.5,25,0.8,NA,1.14145503300176,NA,"model5","nt","gain_loss_trans"
"tl1.50_gl0.50_pr1.00_c25",1.5,0.5,25,0.8,NA,2.38902227262361,NA,"model5","nt","gain_loss_trans"
"tl2.50_gl0.50_pr1.00_c25",2.5,0.5,25,0.6,NA,4.26187243148718,NA,"model5","nt","gain_loss_trans"
"tl5.00_gl0.50_pr1.00_c25",5,0.5,25,0.8,NA,3.82566503373768,NA,"model5","nt","gain_loss_trans"
"tl1.00_gl1.00_pr1.00_c25",1,1,25,0.8,NA,0.712931589434036,NA,"model5","nt","gain_loss_trans"
"tl1.50_gl1.00_pr1.00_c25",1.5,1,25,0.7,NA,0.740835416043147,NA,"model5","nt","gain_loss_trans"
"tl2.50_gl1.00_pr1.00_c25",2.5,1,25,0.6,NA,5.51412801954192,NA,"model5","nt","gain_loss_trans"
"tl5.00_gl1.00_pr1.00_c25",5,1,25,0.8,NA,3.57517344396409,NA,"model5","nt","gain_loss_trans"
"tl1.00_gl0.10_pr2.50_c25",1,0.1,25,1,NA,0.132621662281949,NA,"model5","nt","gain_loss_trans"
"tl1.50_gl0.10_pr2.50_c25",1.5,0.1,25,1,NA,0.127820357820992,NA,"model5","nt","gain_loss_trans"
"tl2.50_gl0.10_pr2.50_c25",2.5,0.1,25,0.8,NA,0.591220979352261,NA,"model5","nt","gain_loss_trans"
"tl5.00_gl0.10_pr2.50_c25",5,0.1,25,0.2,NA,4.65664771263979,NA,"model5","nt","gain_loss_trans"
"tl1.00_gl0.25_pr2.50_c25",1,0.25,25,1,NA,0.112255576332067,NA,"model5","nt","gain_loss_trans"
"tl1.50_gl0.25_pr2.50_c25",1.5,0.25,25,1,NA,0.211148953080361,NA,"model5","nt","gain_loss_trans"
"tl2.50_gl0.25_pr2.50_c25",2.5,0.25,25,0.6,NA,1.02800982665249,NA,"model5","nt","gain_loss_trans"
"tl5.00_gl0.25_pr2.50_c25",5,0.25,25,0.4,NA,2.78755329339237,NA,"model5","nt","gain_loss_trans"
"tl1.00_gl0.50_pr2.50_c25",1,0.5,25,0.8,NA,1.07400993960854,NA,"model5","nt","gain_loss_trans"
"tl1.50_gl0.50_pr2.50_c25",1.5,0.5,25,0.9,NA,0.285725475505248,NA,"model5","nt","gain_loss_trans"
"tl2.50_gl0.50_pr2.50_c25",2.5,0.5,25,0.5,NA,0.827175044243791,NA,"model5","nt","gain_loss_trans"
"tl5.00_gl0.50_pr2.50_c25",5,0.5,25,0.2,NA,4.87636262868184,NA,"model5","nt","gain_loss_trans"
"tl1.00_gl1.00_pr2.50_c25",1,1,25,1,NA,0.064182509709101,NA,"model5","nt","gain_loss_trans"
"tl1.50_gl1.00_pr2.50_c25",1.5,1,25,0.8,NA,0.316661902966456,NA,"model5","nt","gain_loss_trans"
"tl2.50_gl1.00_pr2.50_c25",2.5,1,25,0.4,NA,1.08348596412059,NA,"model5","nt","gain_loss_trans"
"tl5.00_gl1.00_pr2.50_c25",5,1,25,0.3,NA,4.2985069449562,NA,"model5","nt","gain_loss_trans"
"tl1.00_gl0.10_pr5.00_c25",1,0.1,25,1,NA,0.0409215474493649,NA,"model5","nt","gain_loss_trans"
"tl1.50_gl0.10_pr5.00_c25",1.5,0.1,25,1,NA,0.128952146168795,NA,"model5","nt","gain_loss_trans"
"tl2.50_gl0.10_pr5.00_c25",2.5,0.1,25,0.7,NA,0.567105220300364,NA,"model5","nt","gain_loss_trans"
"tl5.00_gl0.10_pr5.00_c25",5,0.1,25,0,NA,7.25859280854045,NA,"model5","nt","gain_loss_trans"
"tl1.00_gl0.25_pr5.00_c25",1,0.25,25,0.9,NA,0.175704224135772,NA,"model5","nt","gain_loss_trans"
"tl1.50_gl0.25_pr5.00_c25",1.5,0.25,25,0.9,NA,0.17130352028478,NA,"model5","nt","gain_loss_trans"
"tl2.50_gl0.25_pr5.00_c25",2.5,0.25,25,0.3,NA,1.16271296739354,NA,"model5","nt","gain_loss_trans"
"tl5.00_gl0.25_pr5.00_c25",5,0.25,25,0.1,NA,7.049243666274,NA,"model5","nt","gain_loss_trans"
"tl1.00_gl0.50_pr5.00_c25",1,0.5,25,0.8,NA,0.289619590254539,NA,"model5","nt","gain_loss_trans"
"tl1.50_gl0.50_pr5.00_c25",1.5,0.5,25,0.9,NA,0.254925968906536,NA,"model5","nt","gain_loss_trans"
"tl2.50_gl0.50_pr5.00_c25",2.5,0.5,25,0.3,NA,1.10109784819827,NA,"model5","nt","gain_loss_trans"
"tl5.00_gl0.50_pr5.00_c25",5,0.5,25,0.1,NA,7.95174876151452,NA,"model5","nt","gain_loss_trans"
"tl1.00_gl1.00_pr5.00_c25",1,1,25,0.8,NA,0.634327126333646,NA,"model5","nt","gain_loss_trans"
"tl1.50_gl1.00_pr5.00_c25",1.5,1,25,0.8,NA,0.344522884506231,NA,"model5","nt","gain_loss_trans"
"tl2.50_gl1.00_pr5.00_c25",2.5,1,25,0.2,NA,1.29639249957757,NA,"model5","nt","gain_loss_trans"
"tl5.00_gl1.00_pr5.00_c25",5,1,25,0,NA,7.58213671505977,NA,"model5","nt","gain_loss_trans"
"tl1.00_gl0.10_pr1.00_c50",1,0.1,50,0.7,NA,0.609704052948487,NA,"model5","nt","gain_loss_trans"
"tl1.50_gl0.10_pr1.00_c50",1.5,0.1,50,0.9,NA,0.486675263537958,NA,"model5","nt","gain_loss_trans"
"tl2.50_gl0.10_pr1.00_c50",2.5,0.1,50,0.9,NA,0.237954911990731,NA,"model5","nt","gain_loss_trans"
"tl5.00_gl0.10_pr1.00_c50",5,0.1,50,0.8,NA,0.892363433167459,NA,"model5","nt","gain_loss_trans"
"tl1.00_gl0.25_pr1.00_c50",1,0.25,50,0.6,NA,0.879286460800902,NA,"model5","nt","gain_loss_trans"
"tl1.50_gl0.25_pr1.00_c50",1.5,0.25,50,0.7,NA,1.18054222303577,NA,"model5","nt","gain_loss_trans"
"tl2.50_gl0.25_pr1.00_c50",2.5,0.25,50,0.7,NA,0.724071245882381,NA,"model5","nt","gain_loss_trans"
"tl5.00_gl0.25_pr1.00_c50",5,0.25,50,0.9,NA,0.624991631226049,NA,"model5","nt","gain_loss_trans"
"tl1.00_gl0.50_pr1.00_c50",1,0.5,50,0.7,NA,0.588991425375673,NA,"model5","nt","gain_loss_trans"
"tl1.50_gl0.50_pr1.00_c50",1.5,0.5,50,0.8,NA,0.999633948888564,NA,"model5","nt","gain_loss_trans"
"tl2.50_gl0.50_pr1.00_c50",2.5,0.5,50,0.5,NA,3.01717383982568,NA,"model5","nt","gain_loss_trans"
"tl5.00_gl0.50_pr1.00_c50",5,0.5,50,0.8,NA,0.686841294525188,NA,"model5","nt","gain_loss_trans"
"tl1.00_gl1.00_pr1.00_c50",1,1,50,0.7,NA,0.726614803643006,NA,"model5","nt","gain_loss_trans"
"tl1.50_gl1.00_pr1.00_c50",1.5,1,50,0.6,NA,3.49843900886398,NA,"model5","nt","gain_loss_trans"
"tl2.50_gl1.00_pr1.00_c50",2.5,1,50,0.6,NA,1.38479544736204,NA,"model5","nt","gain_loss_trans"
"tl5.00_gl1.00_pr1.00_c50",5,1,50,0.8,NA,0.74820847006458,NA,"model5","nt","gain_loss_trans"
"tl1.00_gl0.10_pr2.50_c50",1,0.1,50,0.8,NA,0.314423824093362,NA,"model5","nt","gain_loss_trans"
"tl1.50_gl0.10_pr2.50_c50",1.5,0.1,50,0.9,NA,0.107282642213824,NA,"model5","nt","gain_loss_trans"
"tl2.50_gl0.10_pr2.50_c50",2.5,0.1,50,0.5,NA,0.829814665941205,NA,"model5","nt","gain_loss_trans"
"tl5.00_gl0.10_pr2.50_c50",5,0.1,50,0.1,NA,4.9546883220263,NA,"model5","nt","gain_loss_trans"
"tl1.00_gl0.25_pr2.50_c50",1,0.25,50,0.7,NA,0.342248206623043,NA,"model5","nt","gain_loss_trans"
"tl1.50_gl0.25_pr2.50_c50",1.5,0.25,50,0.8,NA,0.416889251416601,NA,"model5","nt","gain_loss_trans"
"tl2.50_gl0.25_pr2.50_c50",2.5,0.25,50,0.4,NA,1.03805476249023,NA,"model5","nt","gain_loss_trans"
"tl5.00_gl0.25_pr2.50_c50",5,0.25,50,0.2,NA,3.33739839380166,NA,"model5","nt","gain_loss_trans"
"tl1.00_gl0.50_pr2.50_c50",1,0.5,50,0.7,NA,0.480549037576818,NA,"model5","nt","gain_loss_trans"
"tl1.50_gl0.50_pr2.50_c50",1.5,0.5,50,0.5,NA,0.362189190780034,NA,"model5","nt","gain_loss_trans"
"tl2.50_gl0.50_pr2.50_c50",2.5,0.5,50,0.3,NA,1.20188928369399,NA,"model5","nt","gain_loss_trans"
"tl5.00_gl0.50_pr2.50_c50",5,0.5,50,0.5,NA,2.58197033112213,NA,"model5","nt","gain_loss_trans"
"tl1.00_gl1.00_pr2.50_c50",1,1,50,0.8,NA,0.601789802186637,NA,"model5","nt","gain_loss_trans"
"tl1.50_gl1.00_pr2.50_c50",1.5,1,50,0.5,NA,1.10037622730459,NA,"model5","nt","gain_loss_trans"
"tl2.50_gl1.00_pr2.50_c50",2.5,1,50,0.3,NA,1.10681545712226,NA,"model5","nt","gain_loss_trans"
"tl5.00_gl1.00_pr2.50_c50",5,1,50,0.4,NA,2.38384022791729,NA,"model5","nt","gain_loss_trans"
"tl1.00_gl0.10_pr5.00_c50",1,0.1,50,0.7,NA,0.263854875870119,NA,"model5","nt","gain_loss_trans"
"tl1.50_gl0.10_pr5.00_c50",1.5,0.1,50,0.7,NA,0.21505732979712,NA,"model5","nt","gain_loss_trans"
"tl2.50_gl0.10_pr5.00_c50",2.5,0.1,50,0.2,NA,0.99625385640269,NA,"model5","nt","gain_loss_trans"
"tl5.00_gl0.10_pr5.00_c50",5,0.1,50,0,NA,7.6285224410083,NA,"model5","nt","gain_loss_trans"
"tl1.00_gl0.25_pr5.00_c50",1,0.25,50,0.7,NA,0.44164355029696,NA,"model5","nt","gain_loss_trans"
"tl1.50_gl0.25_pr5.00_c50",1.5,0.25,50,0.5,NA,0.350474392412198,NA,"model5","nt","gain_loss_trans"
"tl2.50_gl0.25_pr5.00_c50",2.5,0.25,50,0.1,NA,1.78303396538226,NA,"model5","nt","gain_loss_trans"
"tl5.00_gl0.25_pr5.00_c50",5,0.25,50,0,NA,7.43286516272566,NA,"model5","nt","gain_loss_trans"
"tl1.00_gl0.50_pr5.00_c50",1,0.5,50,0.8,NA,0.318138558320873,NA,"model5","nt","gain_loss_trans"
"tl1.50_gl0.50_pr5.00_c50",1.5,0.5,50,0.1,NA,0.663292117057173,NA,"model5","nt","gain_loss_trans"
"tl2.50_gl0.50_pr5.00_c50",2.5,0.5,50,0.2,NA,1.60143435015274,NA,"model5","nt","gain_loss_trans"
"tl5.00_gl0.50_pr5.00_c50",5,0.5,50,0,NA,7.96703627364475,NA,"model5","nt","gain_loss_trans"
"tl1.00_gl1.00_pr5.00_c50",1,1,50,0.5,NA,0.199126869898836,NA,"model5","nt","gain_loss_trans"
"tl1.50_gl1.00_pr5.00_c50",1.5,1,50,0.4,NA,0.459862960491057,NA,"model5","nt","gain_loss_trans"
"tl2.50_gl1.00_pr5.00_c50",2.5,1,50,0.2,NA,1.46665711372845,NA,"model5","nt","gain_loss_trans"
"tl5.00_gl1.00_pr5.00_c50",5,1,50,0,NA,8.35312008398671,NA,"model5","nt","gain_loss_trans"
"tl1.00_gl0.10_pr1.00_c100",1,0.1,100,0.5,NA,0.451886498486228,NA,"model5","nt","gain_loss_trans"
"tl1.50_gl0.10_pr1.00_c100",1.5,0.1,100,0.5,NA,0.53024531813402,NA,"model5","nt","gain_loss_trans"
"tl2.50_gl0.10_pr1.00_c100",2.5,0.1,100,0.7,NA,0.516276411451288,NA,"model5","nt","gain_loss_trans"
"tl5.00_gl0.10_pr1.00_c100",5,0.1,100,0.6,NA,1.33962678186578,NA,"model5","nt","gain_loss_trans"
"tl1.00_gl0.25_pr1.00_c100",1,0.25,100,0.5,NA,1.3928614318063,NA,"model5","nt","gain_loss_trans"
"tl1.50_gl0.25_pr1.00_c100",1.5,0.25,100,0.5,NA,1.28702778615122,NA,"model5","nt","gain_loss_trans"
"tl2.50_gl0.25_pr1.00_c100",2.5,0.25,100,0.6,NA,1.28121552494969,NA,"model5","nt","gain_loss_trans"
"tl5.00_gl0.25_pr1.00_c100",5,0.25,100,0.8,NA,0.897266905816854,NA,"model5","nt","gain_loss_trans"
"tl1.00_gl0.50_pr1.00_c100",1,0.5,100,0.5,NA,0.716648507176977,NA,"model5","nt","gain_loss_trans"
"tl1.50_gl0.50_pr1.00_c100",1.5,0.5,100,0.5,NA,1.9876745449471,NA,"model5","nt","gain_loss_trans"
"tl2.50_gl0.50_pr1.00_c100",2.5,0.5,100,0.4,NA,0.81095252662569,NA,"model5","nt","gain_loss_trans"
"tl5.00_gl0.50_pr1.00_c100",5,0.5,100,0.4,NA,1.3713220980199,NA,"model5","nt","gain_loss_trans"
"tl1.00_gl1.00_pr1.00_c100",1,1,100,0.6,NA,2.23844760311126,NA,"model5","nt","gain_loss_trans"
"tl1.50_gl1.00_pr1.00_c100",1.5,1,100,0.4,NA,1.44074581384418,NA,"model5","nt","gain_loss_trans"
"tl2.50_gl1.00_pr1.00_c100",2.5,1,100,0.4,NA,3.00170142809865,NA,"model5","nt","gain_loss_trans"
"tl5.00_gl1.00_pr1.00_c100",5,1,100,0.7,NA,1.67622739687404,NA,"model5","nt","gain_loss_trans"
"tl1.00_gl0.10_pr2.50_c100",1,0.1,100,0.7,NA,0.160681263559105,NA,"model5","nt","gain_loss_trans"
"tl1.50_gl0.10_pr2.50_c100",1.5,0.1,100,0.7,NA,0.462489944750916,NA,"model5","nt","gain_loss_trans"
"tl2.50_gl0.10_pr2.50_c100",2.5,0.1,100,0.8,NA,0.285983629641312,NA,"model5","nt","gain_loss_trans"
"tl5.00_gl0.10_pr2.50_c100",5,0.1,100,0.1,NA,4.21740570510217,NA,"model5","nt","gain_loss_trans"
"tl1.00_gl0.25_pr2.50_c100",1,0.25,100,0.7,NA,1.22880957992928,NA,"model5","nt","gain_loss_trans"
"tl1.50_gl0.25_pr2.50_c100",1.5,0.25,100,0.6,NA,0.692561278188958,NA,"model5","nt","gain_loss_trans"
"tl2.50_gl0.25_pr2.50_c100",2.5,0.25,100,0.3,NA,0.750296580292913,NA,"model5","nt","gain_loss_trans"
"tl5.00_gl0.25_pr2.50_c100",5,0.25,100,0.1,NA,3.45993219107756,NA,"model5","nt","gain_loss_trans"
"tl1.00_gl0.50_pr2.50_c100",1,0.5,100,0.4,NA,0.415704710995782,NA,"model5","nt","gain_loss_trans"
"tl1.50_gl0.50_pr2.50_c100",1.5,0.5,100,0.3,NA,0.931009368325972,NA,"model5","nt","gain_loss_trans"
"tl2.50_gl0.50_pr2.50_c100",2.5,0.5,100,0.3,NA,0.922623839978116,NA,"model5","nt","gain_loss_trans"
"tl5.00_gl0.50_pr2.50_c100",5,0.5,100,0.1,NA,3.07625916809894,NA,"model5","nt","gain_loss_trans"
"tl1.00_gl1.00_pr2.50_c100",1,1,100,0.5,NA,0.555768866859313,NA,"model5","nt","gain_loss_trans"
"tl1.50_gl1.00_pr2.50_c100",1.5,1,100,0.3,NA,0.656514978671913,NA,"model5","nt","gain_loss_trans"
"tl2.50_gl1.00_pr2.50_c100",2.5,1,100,0.3,NA,1.74720460131572,NA,"model5","nt","gain_loss_trans"
"tl5.00_gl1.00_pr2.50_c100",5,1,100,0.2,NA,2.69747871273943,NA,"model5","nt","gain_loss_trans"
"tl1.00_gl0.10_pr5.00_c100",1,0.1,100,0.9,NA,0.101276857394324,NA,"model5","nt","gain_loss_trans"
"tl1.50_gl0.10_pr5.00_c100",1.5,0.1,100,0.2,NA,0.36065650762373,NA,"model5","nt","gain_loss_trans"
"tl2.50_gl0.10_pr5.00_c100",2.5,0.1,100,0.1,NA,1.16085868271535,NA,"model5","nt","gain_loss_trans"
"tl5.00_gl0.10_pr5.00_c100",5,0.1,100,0,NA,7.08276024305066,NA,"model5","nt","gain_loss_trans"
"tl1.00_gl0.25_pr5.00_c100",1,0.25,100,0.3,NA,0.297267574869767,NA,"model5","nt","gain_loss_trans"
"tl1.50_gl0.25_pr5.00_c100",1.5,0.25,100,0.2,NA,0.558049070662894,NA,"model5","nt","gain_loss_trans"
"tl2.50_gl0.25_pr5.00_c100",2.5,0.25,100,0.2,NA,1.3670707048911,NA,"model5","nt","gain_loss_trans"
"tl5.00_gl0.25_pr5.00_c100",5,0.25,100,0,NA,6.97937292065562,NA,"model5","nt","gain_loss_trans"
"tl1.00_gl0.50_pr5.00_c100",1,0.5,100,0.4,NA,0.715926840520349,NA,"model5","nt","gain_loss_trans"
"tl1.50_gl0.50_pr5.00_c100",1.5,0.5,100,0.1,NA,0.49518212427386,NA,"model5","nt","gain_loss_trans"
"tl2.50_gl0.50_pr5.00_c100",2.5,0.5,100,0.1,NA,1.73594397011727,NA,"model5","nt","gain_loss_trans"
"tl5.00_gl0.50_pr5.00_c100",5,0.5,100,0.1,NA,7.42851231674095,NA,"model5","nt","gain_loss_trans"
"tl1.00_gl1.00_pr5.00_c100",1,1,100,0.2,NA,0.427538948002838,NA,"model5","nt","gain_loss_trans"
"tl1.50_gl1.00_pr5.00_c100",1.5,1,100,0.1,NA,0.824541914027114,NA,"model5","nt","gain_loss_trans"
"tl2.50_gl1.00_pr5.00_c100",2.5,1,100,0.2,NA,1.4804854260369,NA,"model5","nt","gain_loss_trans"
"tl5.00_gl1.00_pr5.00_c100",5,1,100,0,NA,7.39047209384399,NA,"model5","nt","gain_loss_trans"
"tl1.00_gl0.10_pr1.00_c200",1,0.1,200,0.4,NA,0.60394797799485,NA,"model5","nt","gain_loss_trans"
"tl1.50_gl0.10_pr1.00_c200",1.5,0.1,200,0.4,NA,0.40374727614881,NA,"model5","nt","gain_loss_trans"
"tl2.50_gl0.10_pr1.00_c200",2.5,0.1,200,0.8,NA,0.104304957021115,NA,"model5","nt","gain_loss_trans"
"tl5.00_gl0.10_pr1.00_c200",5,0.1,200,0.8,NA,0.385694037698618,NA,"model5","nt","gain_loss_trans"
"tl1.00_gl0.25_pr1.00_c200",1,0.25,200,0.5,NA,1.03559318132899,NA,"model5","nt","gain_loss_trans"
"tl1.50_gl0.25_pr1.00_c200",1.5,0.25,200,0.5,NA,1.40371579661482,NA,"model5","nt","gain_loss_trans"
"tl2.50_gl0.25_pr1.00_c200",2.5,0.25,200,0.7,NA,1.69029022372076,NA,"model5","nt","gain_loss_trans"
"tl5.00_gl0.25_pr1.00_c200",5,0.25,200,0.6,NA,0.522147871502791,NA,"model5","nt","gain_loss_trans"
"tl1.00_gl0.50_pr1.00_c200",1,0.5,200,0.5,NA,1.46372367229724,NA,"model5","nt","gain_loss_trans"
"tl1.50_gl0.50_pr1.00_c200",1.5,0.5,200,0.4,NA,1.45449265860279,NA,"model5","nt","gain_loss_trans"
"tl2.50_gl0.50_pr1.00_c200",2.5,0.5,200,0.6,NA,1.71298960024522,NA,"model5","nt","gain_loss_trans"
"tl5.00_gl0.50_pr1.00_c200",5,0.5,200,0.5,NA,1.55433792155572,NA,"model5","nt","gain_loss_trans"
"tl1.00_gl1.00_pr1.00_c200",1,1,200,0.5,NA,2.34509931760329,NA,"model5","nt","gain_loss_trans"
"tl1.50_gl1.00_pr1.00_c200",1.5,1,200,0.5,NA,3.00726173810723,NA,"model5","nt","gain_loss_trans"
"tl2.50_gl1.00_pr1.00_c200",2.5,1,200,0.4,NA,3.08235180578168,NA,"model5","nt","gain_loss_trans"
"tl5.00_gl1.00_pr1.00_c200",5,1,200,0.3,NA,2.03755697665535,NA,"model5","nt","gain_loss_trans"
"tl1.00_gl0.10_pr2.50_c200",1,0.1,200,0.6,NA,0.185069606676049,NA,"model5","nt","gain_loss_trans"
"tl1.50_gl0.10_pr2.50_c200",1.5,0.1,200,0.5,NA,0.250023694185562,NA,"model5","nt","gain_loss_trans"
"tl2.50_gl0.10_pr2.50_c200",2.5,0.1,200,0.4,NA,0.527611710773332,NA,"model5","nt","gain_loss_trans"
"tl5.00_gl0.10_pr2.50_c200",5,0.1,200,0.1,NA,3.78900017566471,NA,"model5","nt","gain_loss_trans"
"tl1.00_gl0.25_pr2.50_c200",1,0.25,200,0.4,NA,0.852699293743742,NA,"model5","nt","gain_loss_trans"
"tl1.50_gl0.25_pr2.50_c200",1.5,0.25,200,0.3,NA,0.501112246085147,NA,"model5","nt","gain_loss_trans"
"tl2.50_gl0.25_pr2.50_c200",2.5,0.25,200,0.3,NA,0.829689072038781,NA,"model5","nt","gain_loss_trans"
"tl5.00_gl0.25_pr2.50_c200",5,0.25,200,0.1,NA,3.00659469634444,NA,"model5","nt","gain_loss_trans"
"tl1.00_gl0.50_pr2.50_c200",1,0.5,200,0.3,NA,0.693347872462388,NA,"model5","nt","gain_loss_trans"
"tl1.50_gl0.50_pr2.50_c200",1.5,0.5,200,0.2,NA,1.15154410624347,NA,"model5","nt","gain_loss_trans"
"tl2.50_gl0.50_pr2.50_c200",2.5,0.5,200,0.1,NA,1.21453883038019,NA,"model5","nt","gain_loss_trans"
"tl5.00_gl0.50_pr2.50_c200",5,0.5,200,0.1,NA,2.90616858500527,NA,"model5","nt","gain_loss_trans"
"tl1.00_gl1.00_pr2.50_c200",1,1,200,0.3,NA,1.01913480699814,NA,"model5","nt","gain_loss_trans"
"tl1.50_gl1.00_pr2.50_c200",1.5,1,200,0.3,NA,0.717214788952342,NA,"model5","nt","gain_loss_trans"
"tl2.50_gl1.00_pr2.50_c200",2.5,1,200,0.2,NA,1.30795915016661,NA,"model5","nt","gain_loss_trans"
"tl5.00_gl1.00_pr2.50_c200",5,1,200,0.1,NA,3.92085945043855,NA,"model5","nt","gain_loss_trans"
"tl1.00_gl0.10_pr5.00_c200",1,0.1,200,0.2,NA,0.180074478859795,NA,"model5","nt","gain_loss_trans"
"tl1.50_gl0.10_pr5.00_c200",1.5,0.1,200,0.2,NA,0.35554951539805,NA,"model5","nt","gain_loss_trans"
"tl2.50_gl0.10_pr5.00_c200",2.5,0.1,200,0.2,NA,1.36347357630377,NA,"model5","nt","gain_loss_trans"
"tl5.00_gl0.10_pr5.00_c200",5,0.1,200,0,NA,9.1112374073947,NA,"model5","nt","gain_loss_trans"
"tl1.00_gl0.25_pr5.00_c200",1,0.25,200,0.2,NA,0.301163759885981,NA,"model5","nt","gain_loss_trans"
"tl1.50_gl0.25_pr5.00_c200",1.5,0.25,200,0.1,NA,0.672080337447551,NA,"model5","nt","gain_loss_trans"
"tl2.50_gl0.25_pr5.00_c200",2.5,0.25,200,0.1,NA,1.58622895720795,NA,"model5","nt","gain_loss_trans"
"tl5.00_gl0.25_pr5.00_c200",5,0.25,200,0,NA,7.63704531779707,NA,"model5","nt","gain_loss_trans"
"tl1.00_gl0.50_pr5.00_c200",1,0.5,200,0,NA,0.371174440533881,NA,"model5","nt","gain_loss_trans"
"tl1.50_gl0.50_pr5.00_c200",1.5,0.5,200,0,NA,0.70682260781049,NA,"model5","nt","gain_loss_trans"
"tl2.50_gl0.50_pr5.00_c200",2.5,0.5,200,0,NA,1.93335254184779,NA,"model5","nt","gain_loss_trans"
"tl5.00_gl0.50_pr5.00_c200",5,0.5,200,0.2,NA,7.32637418951529,NA,"model5","nt","gain_loss_trans"
"tl1.00_gl1.00_pr5.00_c200",1,1,200,0,NA,0.342451548993912,NA,"model5","nt","gain_loss_trans"
"tl1.50_gl1.00_pr5.00_c200",1.5,1,200,0,NA,0.705155929018857,NA,"model5","nt","gain_loss_trans"
"tl2.50_gl1.00_pr5.00_c200",2.5,1,200,0,NA,2.16968949928362,NA,"model5","nt","gain_loss_trans"
"tl5.00_gl1.00_pr5.00_c200",5,1,200,0.1,NA,7.67909128602339,NA,"model5","nt","gain_loss_trans"
"tl1.00_gl0.10_pr1.00_c25",1,0.1,25,0.7,NA,0.483471891360083,NA,"model6","nt","gain_loss_trans"
"tl1.50_gl0.10_pr1.00_c25",1.5,0.1,25,1,NA,0.298595906873164,NA,"model6","nt","gain_loss_trans"
"tl2.50_gl0.10_pr1.00_c25",2.5,0.1,25,1,NA,0.470399444949852,NA,"model6","nt","gain_loss_trans"
"tl5.00_gl0.10_pr1.00_c25",5,0.1,25,0.2,NA,5.77150387040567,NA,"model6","nt","gain_loss_trans"
"tl1.00_gl0.25_pr1.00_c25",1,0.25,25,0.8,NA,0.890420672397888,NA,"model6","nt","gain_loss_trans"
"tl1.50_gl0.25_pr1.00_c25",1.5,0.25,25,0.9,NA,0.388079397954692,NA,"model6","nt","gain_loss_trans"
"tl2.50_gl0.25_pr1.00_c25",2.5,0.25,25,0.7,NA,1.30166029291606,NA,"model6","nt","gain_loss_trans"
"tl5.00_gl0.25_pr1.00_c25",5,0.25,25,0.9,NA,1.17881701162157,NA,"model6","nt","gain_loss_trans"
"tl1.00_gl0.50_pr1.00_c25",1,0.5,25,0.8,NA,2.40378096602496,NA,"model6","nt","gain_loss_trans"
"tl1.50_gl0.50_pr1.00_c25",1.5,0.5,25,0.8,NA,3.26432762071205,NA,"model6","nt","gain_loss_trans"
"tl2.50_gl0.50_pr1.00_c25",2.5,0.5,25,0.6,NA,4.9051385619381,NA,"model6","nt","gain_loss_trans"
"tl5.00_gl0.50_pr1.00_c25",5,0.5,25,0.8,NA,1.52914590195242,NA,"model6","nt","gain_loss_trans"
"tl1.00_gl1.00_pr1.00_c25",1,1,25,0.7,NA,0.884545650811541,NA,"model6","nt","gain_loss_trans"
"tl1.50_gl1.00_pr1.00_c25",1.5,1,25,0.8,NA,1.2101218919139,NA,"model6","nt","gain_loss_trans"
"tl2.50_gl1.00_pr1.00_c25",2.5,1,25,0.6,NA,8.93584581537506,NA,"model6","nt","gain_loss_trans"
"tl5.00_gl1.00_pr1.00_c25",5,1,25,0.8,NA,4.50813984505955,NA,"model6","nt","gain_loss_trans"
"tl1.00_gl0.10_pr2.50_c25",1,0.1,25,0.9,NA,0.205996679548785,NA,"model6","nt","gain_loss_trans"
"tl1.50_gl0.10_pr2.50_c25",1.5,0.1,25,0.9,NA,0.285468226372989,NA,"model6","nt","gain_loss_trans"
"tl2.50_gl0.10_pr2.50_c25",2.5,0.1,25,0.6,NA,0.845716417809316,NA,"model6","nt","gain_loss_trans"
"tl5.00_gl0.10_pr2.50_c25",5,0.1,25,0.1,NA,6.51789979982873,NA,"model6","nt","gain_loss_trans"
"tl1.00_gl0.25_pr2.50_c25",1,0.25,25,1,NA,0.246574878844225,NA,"model6","nt","gain_loss_trans"
"tl1.50_gl0.25_pr2.50_c25",1.5,0.25,25,0.9,NA,0.411545807002822,NA,"model6","nt","gain_loss_trans"
"tl2.50_gl0.25_pr2.50_c25",2.5,0.25,25,0.6,NA,1.38176704991793,NA,"model6","nt","gain_loss_trans"
"tl5.00_gl0.25_pr2.50_c25",5,0.25,25,0.5,NA,2.75863998472107,NA,"model6","nt","gain_loss_trans"
"tl1.00_gl0.50_pr2.50_c25",1,0.5,25,0.8,NA,1.4965128649025,NA,"model6","nt","gain_loss_trans"
"tl1.50_gl0.50_pr2.50_c25",1.5,0.5,25,0.8,NA,0.896757521301888,NA,"model6","nt","gain_loss_trans"
"tl2.50_gl0.50_pr2.50_c25",2.5,0.5,25,0.6,NA,1.18487991046225,NA,"model6","nt","gain_loss_trans"
"tl5.00_gl0.50_pr2.50_c25",5,0.5,25,0.3,NA,4.6002669223745,NA,"model6","nt","gain_loss_trans"
"tl1.00_gl1.00_pr2.50_c25",1,1,25,1,NA,0.0890626542854882,NA,"model6","nt","gain_loss_trans"
"tl1.50_gl1.00_pr2.50_c25",1.5,1,25,0.8,NA,1.67248144736578,NA,"model6","nt","gain_loss_trans"
"tl2.50_gl1.00_pr2.50_c25",2.5,1,25,0.5,NA,1.37156972639521,NA,"model6","nt","gain_loss_trans"
"tl5.00_gl1.00_pr2.50_c25",5,1,25,0.4,NA,4.11096959115183,NA,"model6","nt","gain_loss_trans"
"tl1.00_gl0.10_pr5.00_c25",1,0.1,25,1,NA,0.155995039425535,NA,"model6","nt","gain_loss_trans"
"tl1.50_gl0.10_pr5.00_c25",1.5,0.1,25,0.9,NA,0.606560613350193,NA,"model6","nt","gain_loss_trans"
"tl2.50_gl0.10_pr5.00_c25",2.5,0.1,25,0.8,NA,0.49731204250028,NA,"model6","nt","gain_loss_trans"
"tl5.00_gl0.10_pr5.00_c25",5,0.1,25,0.2,NA,7.74674425552939,NA,"model6","nt","gain_loss_trans"
"tl1.00_gl0.25_pr5.00_c25",1,0.25,25,0.8,NA,0.369648418391284,NA,"model6","nt","gain_loss_trans"
"tl1.50_gl0.25_pr5.00_c25",1.5,0.25,25,1,NA,0.180978971696877,NA,"model6","nt","gain_loss_trans"
"tl2.50_gl0.25_pr5.00_c25",2.5,0.25,25,0.6,NA,0.8731089839514,NA,"model6","nt","gain_loss_trans"
"tl5.00_gl0.25_pr5.00_c25",5,0.25,25,0.3,NA,6.75674311710516,NA,"model6","nt","gain_loss_trans"
"tl1.00_gl0.50_pr5.00_c25",1,0.5,25,0.8,NA,1.0258484647338,NA,"model6","nt","gain_loss_trans"
"tl1.50_gl0.50_pr5.00_c25",1.5,0.5,25,0.9,NA,0.402440790247566,NA,"model6","nt","gain_loss_trans"
"tl2.50_gl0.50_pr5.00_c25",2.5,0.5,25,0.4,NA,1.67809751852423,NA,"model6","nt","gain_loss_trans"
"tl5.00_gl0.50_pr5.00_c25",5,0.5,25,0.2,NA,7.42058068787182,NA,"model6","nt","gain_loss_trans"
"tl1.00_gl1.00_pr5.00_c25",1,1,25,0.8,NA,0.992705253600787,NA,"model6","nt","gain_loss_trans"
"tl1.50_gl1.00_pr5.00_c25",1.5,1,25,0.8,NA,1.02696256025654,NA,"model6","nt","gain_loss_trans"
"tl2.50_gl1.00_pr5.00_c25",2.5,1,25,0.4,NA,1.64807699073811,NA,"model6","nt","gain_loss_trans"
"tl5.00_gl1.00_pr5.00_c25",5,1,25,0.4,NA,6.17764123374759,NA,"model6","nt","gain_loss_trans"
"tl1.00_gl0.10_pr1.00_c50",1,0.1,50,0.6,NA,0.712287004001699,NA,"model6","nt","gain_loss_trans"
"tl1.50_gl0.10_pr1.00_c50",1.5,0.1,50,0.7,NA,0.634487279779175,NA,"model6","nt","gain_loss_trans"
"tl2.50_gl0.10_pr1.00_c50",2.5,0.1,50,0.9,NA,0.511280968904099,NA,"model6","nt","gain_loss_trans"
"tl5.00_gl0.10_pr1.00_c50",5,0.1,50,0.2,NA,3.82987549357857,NA,"model6","nt","gain_loss_trans"
"tl1.00_gl0.25_pr1.00_c50",1,0.25,50,0.6,NA,4.01285660521957,NA,"model6","nt","gain_loss_trans"
"tl1.50_gl0.25_pr1.00_c50",1.5,0.25,50,0.6,NA,3.34303928906912,NA,"model6","nt","gain_loss_trans"
"tl2.50_gl0.25_pr1.00_c50",2.5,0.25,50,0.7,NA,2.95312060505599,NA,"model6","nt","gain_loss_trans"
"tl5.00_gl0.25_pr1.00_c50",5,0.25,50,0.9,NA,0.634242477348777,NA,"model6","nt","gain_loss_trans"
"tl1.00_gl0.50_pr1.00_c50",1,0.5,50,0.8,NA,1.85477319761811,NA,"model6","nt","gain_loss_trans"
"tl1.50_gl0.50_pr1.00_c50",1.5,0.5,50,0.8,NA,3.65205615185844,NA,"model6","nt","gain_loss_trans"
"tl2.50_gl0.50_pr1.00_c50",2.5,0.5,50,0.6,NA,4.99183247921345,NA,"model6","nt","gain_loss_trans"
"tl5.00_gl0.50_pr1.00_c50",5,0.5,50,0.7,NA,2.11698390260097,NA,"model6","nt","gain_loss_trans"
"tl1.00_gl1.00_pr1.00_c50",1,1,50,0.8,NA,1.51435172298799,NA,"model6","nt","gain_loss_trans"
"tl1.50_gl1.00_pr1.00_c50",1.5,1,50,0.6,NA,10.1027951423957,NA,"model6","nt","gain_loss_trans"
"tl2.50_gl1.00_pr1.00_c50",2.5,1,50,0.6,NA,5.18500035564242,NA,"model6","nt","gain_loss_trans"
"tl5.00_gl1.00_pr1.00_c50",5,1,50,0.6,NA,8.6636684998377,NA,"model6","nt","gain_loss_trans"
"tl1.00_gl0.10_pr2.50_c50",1,0.1,50,0.9,NA,0.602562809099842,NA,"model6","nt","gain_loss_trans"
"tl1.50_gl0.10_pr2.50_c50",1.5,0.1,50,0.9,NA,0.224625169002815,NA,"model6","nt","gain_loss_trans"
"tl2.50_gl0.10_pr2.50_c50",2.5,0.1,50,0.7,NA,0.721017108993495,NA,"model6","nt","gain_loss_trans"
"tl5.00_gl0.10_pr2.50_c50",5,0.1,50,0.1,NA,6.48182902391986,NA,"model6","nt","gain_loss_trans"
"tl1.00_gl0.25_pr2.50_c50",1,0.25,50,0.8,NA,1.3230007369351,NA,"model6","nt","gain_loss_trans"
"tl1.50_gl0.25_pr2.50_c50",1.5,0.25,50,0.7,NA,1.33397038641462,NA,"model6","nt","gain_loss_trans"
"tl2.50_gl0.25_pr2.50_c50",2.5,0.25,50,0.6,NA,1.84396630118392,NA,"model6","nt","gain_loss_trans"
"tl5.00_gl0.25_pr2.50_c50",5,0.25,50,0.4,NA,2.72450850325134,NA,"model6","nt","gain_loss_trans"
"tl1.00_gl0.50_pr2.50_c50",1,0.5,50,0.8,NA,2.02788044271987,NA,"model6","nt","gain_loss_trans"
"tl1.50_gl0.50_pr2.50_c50",1.5,0.5,50,0.5,NA,1.44322071900676,NA,"model6","nt","gain_loss_trans"
"tl2.50_gl0.50_pr2.50_c50",2.5,0.5,50,0.4,NA,2.79945607945385,NA,"model6","nt","gain_loss_trans"
"tl5.00_gl0.50_pr2.50_c50",5,0.5,50,0.6,NA,3.32366620984569,NA,"model6","nt","gain_loss_trans"
"tl1.00_gl1.00_pr2.50_c50",1,1,50,0.8,NA,3.16077760636034,NA,"model6","nt","gain_loss_trans"
"tl1.50_gl1.00_pr2.50_c50",1.5,1,50,0.5,NA,5.54571239512565,NA,"model6","nt","gain_loss_trans"
"tl2.50_gl1.00_pr2.50_c50",2.5,1,50,0.3,NA,5.28792622038462,NA,"model6","nt","gain_loss_trans"
"tl5.00_gl1.00_pr2.50_c50",5,1,50,0.3,NA,4.84904057223289,NA,"model6","nt","gain_loss_trans"
"tl1.00_gl0.10_pr5.00_c50",1,0.1,50,0.7,NA,0.581681171832029,NA,"model6","nt","gain_loss_trans"
"tl1.50_gl0.10_pr5.00_c50",1.5,0.1,50,0.7,NA,0.195979050428881,NA,"model6","nt","gain_loss_trans"
"tl2.50_gl0.10_pr5.00_c50",2.5,0.1,50,0.6,NA,0.797109183447273,NA,"model6","nt","gain_loss_trans"
"tl5.00_gl0.10_pr5.00_c50",5,0.1,50,0.1,NA,6.72895038651517,NA,"model6","nt","gain_loss_trans"
"tl1.00_gl0.25_pr5.00_c50",1,0.25,50,0.7,NA,1.68266781307624,NA,"model6","nt","gain_loss_trans"
"tl1.50_gl0.25_pr5.00_c50",1.5,0.25,50,0.6,NA,1.07270322701287,NA,"model6","nt","gain_loss_trans"
"tl2.50_gl0.25_pr5.00_c50",2.5,0.25,50,0.1,NA,2.23895159903112,NA,"model6","nt","gain_loss_trans"
"tl5.00_gl0.25_pr5.00_c50",5,0.25,50,0.2,NA,6.2874549882597,NA,"model6","nt","gain_loss_trans"
"tl1.00_gl0.50_pr5.00_c50",1,0.5,50,0.9,NA,1.61177682718557,NA,"model6","nt","gain_loss_trans"
"tl1.50_gl0.50_pr5.00_c50",1.5,0.5,50,0.4,NA,1.82186357656226,NA,"model6","nt","gain_loss_trans"
"tl2.50_gl0.50_pr5.00_c50",2.5,0.5,50,0.2,NA,1.8197516472959,NA,"model6","nt","gain_loss_trans"
"tl5.00_gl0.50_pr5.00_c50",5,0.5,50,0.4,NA,6.5911270914911,NA,"model6","nt","gain_loss_trans"
"tl1.00_gl1.00_pr5.00_c50",1,1,50,0.9,NA,0.601920040843102,NA,"model6","nt","gain_loss_trans"
"tl1.50_gl1.00_pr5.00_c50",1.5,1,50,0.5,NA,2.16052226259812,NA,"model6","nt","gain_loss_trans"
"tl2.50_gl1.00_pr5.00_c50",2.5,1,50,0.4,NA,1.95192872301947,NA,"model6","nt","gain_loss_trans"
"tl5.00_gl1.00_pr5.00_c50",5,1,50,0.3,NA,6.71050296002597,NA,"model6","nt","gain_loss_trans"
"tl1.00_gl0.10_pr1.00_c100",1,0.1,100,0.2,NA,1.43037135051204,NA,"model6","nt","gain_loss_trans"
"tl1.50_gl0.10_pr1.00_c100",1.5,0.1,100,0.6,NA,0.606630061125601,NA,"model6","nt","gain_loss_trans"
"tl2.50_gl0.10_pr1.00_c100",2.5,0.1,100,0.7,NA,0.532441662577683,NA,"model6","nt","gain_loss_trans"
"tl5.00_gl0.10_pr1.00_c100",5,0.1,100,0.2,NA,3.70512889391596,NA,"model6","nt","gain_loss_trans"
"tl1.00_gl0.25_pr1.00_c100",1,0.25,100,0.6,NA,6.01102868713639,NA,"model6","nt","gain_loss_trans"
"tl1.50_gl0.25_pr1.00_c100",1.5,0.25,100,0.5,NA,3.17435181127042,NA,"model6","nt","gain_loss_trans"
"tl2.50_gl0.25_pr1.00_c100",2.5,0.25,100,0.5,NA,4.24773663792306,NA,"model6","nt","gain_loss_trans"
"tl5.00_gl0.25_pr1.00_c100",5,0.25,100,0.7,NA,0.880187361976059,NA,"model6","nt","gain_loss_trans"
"tl1.00_gl0.50_pr1.00_c100",1,0.5,100,0.777777777777778,NA,6.39240243045738,NA,"model6","nt","gain_loss_trans"
"tl1.50_gl0.50_pr1.00_c100",1.5,0.5,100,0.5,NA,10.6049122661852,NA,"model6","nt","gain_loss_trans"
"tl2.50_gl0.50_pr1.00_c100",2.5,0.5,100,0.5,NA,6.72797202473011,NA,"model6","nt","gain_loss_trans"
"tl5.00_gl0.50_pr1.00_c100",5,0.5,100,0.4,NA,10.1347681321414,NA,"model6","nt","gain_loss_trans"
"tl1.00_gl1.00_pr1.00_c100",1,1,100,0.6,NA,14.1098277350216,NA,"model6","nt","gain_loss_trans"
"tl1.50_gl1.00_pr1.00_c100",1.5,1,100,0.5,NA,9.06387355119437,NA,"model6","nt","gain_loss_trans"
"tl2.50_gl1.00_pr1.00_c100",2.5,1,100,0.5,NA,16.3803203280319,NA,"model6","nt","gain_loss_trans"
"tl5.00_gl1.00_pr1.00_c100",5,1,100,0.7,NA,16.6612581223487,NA,"model6","nt","gain_loss_trans"
"tl1.00_gl0.10_pr2.50_c100",1,0.1,100,0.7,NA,0.531738680272712,NA,"model6","nt","gain_loss_trans"
"tl1.50_gl0.10_pr2.50_c100",1.5,0.1,100,0.6,NA,1.05092708819497,NA,"model6","nt","gain_loss_trans"
"tl2.50_gl0.10_pr2.50_c100",2.5,0.1,100,0.7,NA,0.175044981957417,NA,"model6","nt","gain_loss_trans"
"tl5.00_gl0.10_pr2.50_c100",5,0.1,100,0,NA,5.22195341011865,NA,"model6","nt","gain_loss_trans"
"tl1.00_gl0.25_pr2.50_c100",1,0.25,100,0.8,NA,4.77413959824491,NA,"model6","nt","gain_loss_trans"
"tl1.50_gl0.25_pr2.50_c100",1.5,0.25,100,0.6,NA,2.56806789713419,NA,"model6","nt","gain_loss_trans"
"tl2.50_gl0.25_pr2.50_c100",2.5,0.25,100,0.1,NA,2.73977490895405,NA,"model6","nt","gain_loss_trans"
"tl5.00_gl0.25_pr2.50_c100",5,0.25,100,0.2,NA,3.93303771478154,NA,"model6","nt","gain_loss_trans"
"tl1.00_gl0.50_pr2.50_c100",1,0.5,100,0.6,NA,3.97969554010801,NA,"model6","nt","gain_loss_trans"
"tl1.50_gl0.50_pr2.50_c100",1.5,0.5,100,0.6,NA,9.92739920561657,NA,"model6","nt","gain_loss_trans"
"tl2.50_gl0.50_pr2.50_c100",2.5,0.5,100,0.3,NA,3.67846223306766,NA,"model6","nt","gain_loss_trans"
"tl5.00_gl0.50_pr2.50_c100",5,0.5,100,0.2,NA,4.482995128879,NA,"model6","nt","gain_loss_trans"
"tl1.00_gl1.00_pr2.50_c100",1,1,100,0.8,NA,5.63559329372246,NA,"model6","nt","gain_loss_trans"
"tl1.50_gl1.00_pr2.50_c100",1.5,1,100,0.3,NA,6.37940842013708,NA,"model6","nt","gain_loss_trans"
"tl2.50_gl1.00_pr2.50_c100",2.5,1,100,0.5,NA,21.2994046950044,NA,"model6","nt","gain_loss_trans"
"tl5.00_gl1.00_pr2.50_c100",5,1,100,0.3,NA,11.8067115517671,NA,"model6","nt","gain_loss_trans"
"tl1.00_gl0.10_pr5.00_c100",1,0.1,100,0.9,NA,0.268554274953626,NA,"model6","nt","gain_loss_trans"
"tl1.50_gl0.10_pr5.00_c100",1.5,0.1,100,0.8,NA,0.243693334341393,NA,"model6","nt","gain_loss_trans"
"tl2.50_gl0.10_pr5.00_c100",2.5,0.1,100,0.7,NA,0.495022961728106,NA,"model6","nt","gain_loss_trans"
"tl5.00_gl0.10_pr5.00_c100",5,0.1,100,0,NA,6.29219878808222,NA,"model6","nt","gain_loss_trans"
"tl1.00_gl0.25_pr5.00_c100",1,0.25,100,0.7,NA,1.11321501987647,NA,"model6","nt","gain_loss_trans"
"tl1.50_gl0.25_pr5.00_c100",1.5,0.25,100,0.3,NA,1.85503164124216,NA,"model6","nt","gain_loss_trans"
"tl2.50_gl0.25_pr5.00_c100",2.5,0.25,100,0.2,NA,2.01957211986696,NA,"model6","nt","gain_loss_trans"
"tl5.00_gl0.25_pr5.00_c100",5,0.25,100,0.1,NA,6.13583128826473,NA,"model6","nt","gain_loss_trans"
"tl1.00_gl0.50_pr5.00_c100",1,0.5,100,0.7,NA,2.49126211161781,NA,"model6","nt","gain_loss_trans"
"tl1.50_gl0.50_pr5.00_c100",1.5,0.5,100,0.2,NA,1.05493747639576,NA,"model6","nt","gain_loss_trans"
"tl2.50_gl0.50_pr5.00_c100",2.5,0.5,100,0.1,NA,6.96700771228935,NA,"model6","nt","gain_loss_trans"
"tl5.00_gl0.50_pr5.00_c100",5,0.5,100,0,NA,8.48504792354237,NA,"model6","nt","gain_loss_trans"
"tl1.00_gl1.00_pr5.00_c100",1,1,100,0.6,NA,2.96752992664341,NA,"model6","nt","gain_loss_trans"
"tl1.50_gl1.00_pr5.00_c100",1.5,1,100,0,NA,5.4983887009255,NA,"model6","nt","gain_loss_trans"
"tl2.50_gl1.00_pr5.00_c100",2.5,1,100,0.1,NA,6.61959426252346,NA,"model6","nt","gain_loss_trans"
"tl5.00_gl1.00_pr5.00_c100",5,1,100,0,NA,14.0685648462965,NA,"model6","nt","gain_loss_trans"
"tl1.00_gl0.10_pr1.00_c200",1,0.1,200,0.1,NA,1.84148080827064,NA,"model6","nt","gain_loss_trans"
"tl1.50_gl0.10_pr1.00_c200",1.5,0.1,200,0.3,NA,1.51523083784307,NA,"model6","nt","gain_loss_trans"
"tl2.50_gl0.10_pr1.00_c200",2.5,0.1,200,0.8,NA,0.32861232292813,NA,"model6","nt","gain_loss_trans"
"tl5.00_gl0.10_pr1.00_c200",5,0.1,200,0.1,NA,2.73320723576031,NA,"model6","nt","gain_loss_trans"
"tl1.00_gl0.25_pr1.00_c200",1,0.25,200,0.5,NA,4.62383489623869,NA,"model6","nt","gain_loss_trans"
"tl1.50_gl0.25_pr1.00_c200",1.5,0.25,200,0.4,NA,3.96458705282772,NA,"model6","nt","gain_loss_trans"
"tl2.50_gl0.25_pr1.00_c200",2.5,0.25,200,0.7,NA,4.06957770187043,NA,"model6","nt","gain_loss_trans"
"tl5.00_gl0.25_pr1.00_c200",5,0.25,200,0.9,NA,0.946708704581729,NA,"model6","nt","gain_loss_trans"
"tl1.00_gl0.50_pr1.00_c200",1,0.5,200,0.5,NA,13.4888457486406,NA,"model6","nt","gain_loss_trans"
"tl1.50_gl0.50_pr1.00_c200",1.5,0.5,200,0.444444444444444,NA,12.4114904467343,NA,"model6","nt","gain_loss_trans"
"tl2.50_gl0.50_pr1.00_c200",2.5,0.5,200,0.6,NA,16.9442419267659,NA,"model6","nt","gain_loss_trans"
"tl5.00_gl0.50_pr1.00_c200",5,0.5,200,0.4,NA,17.3849762496751,NA,"model6","nt","gain_loss_trans"
"tl1.00_gl1.00_pr1.00_c200",1,1,200,0.6,NA,24.2307410284821,NA,"model6","nt","gain_loss_trans"
"tl1.50_gl1.00_pr1.00_c200",1.5,1,200,0.5,NA,35.9043005769676,NA,"model6","nt","gain_loss_trans"
"tl2.50_gl1.00_pr1.00_c200",2.5,1,200,0.5,NA,43.0980333242179,NA,"model6","nt","gain_loss_trans"
"tl5.00_gl1.00_pr1.00_c200",5,1,200,0.3,NA,37.964257468527,NA,"model6","nt","gain_loss_trans"
"tl1.00_gl0.10_pr2.50_c200",1,0.1,200,0.5,NA,0.839279134749591,NA,"model6","nt","gain_loss_trans"
"tl1.50_gl0.10_pr2.50_c200",1.5,0.1,200,0.8,NA,0.333909391840223,NA,"model6","nt","gain_loss_trans"
"tl2.50_gl0.10_pr2.50_c200",2.5,0.1,200,0.7,NA,0.291861681846792,NA,"model6","nt","gain_loss_trans"
"tl5.00_gl0.10_pr2.50_c200",5,0.1,200,0.1,NA,4.10636503571463,NA,"model6","nt","gain_loss_trans"
"tl1.00_gl0.25_pr2.50_c200",1,0.25,200,0.8,NA,2.58310497214932,NA,"model6","nt","gain_loss_trans"
"tl1.50_gl0.25_pr2.50_c200",1.5,0.25,200,0.6,NA,2.47340594171196,NA,"model6","nt","gain_loss_trans"
"tl2.50_gl0.25_pr2.50_c200",2.5,0.25,200,0.3,NA,3.20223757026,NA,"model6","nt","gain_loss_trans"
"tl5.00_gl0.25_pr2.50_c200",5,0.25,200,0,NA,3.50497946527739,NA,"model6","nt","gain_loss_trans"
"tl1.00_gl0.50_pr2.50_c200",1,0.5,200,0.6,NA,10.9407727449926,NA,"model6","nt","gain_loss_trans"
"tl1.50_gl0.50_pr2.50_c200",1.5,0.5,200,0.5,NA,12.942369174424,NA,"model6","nt","gain_loss_trans"
"tl2.50_gl0.50_pr2.50_c200",2.5,0.5,200,0.3,NA,12.3024237349857,NA,"model6","nt","gain_loss_trans"
"tl5.00_gl0.50_pr2.50_c200",5,0.5,200,0.2,NA,11.8656126272418,NA,"model6","nt","gain_loss_trans"
"tl1.00_gl1.00_pr2.50_c200",1,1,200,0.6,NA,11.7661381688418,NA,"model6","nt","gain_loss_trans"
"tl1.50_gl1.00_pr2.50_c200",1.5,1,200,0.2,NA,13.0911786740692,NA,"model6","nt","gain_loss_trans"
"tl2.50_gl1.00_pr2.50_c200",2.5,1,200,0.3,NA,19.203040093104,NA,"model6","nt","gain_loss_trans"
"tl5.00_gl1.00_pr2.50_c200",5,1,200,0.3,NA,49.2312230633107,NA,"model6","nt","gain_loss_trans"
"tl1.00_gl0.10_pr5.00_c200",1,0.1,200,0.666666666666667,NA,0.529676330519455,NA,"model6","nt","gain_loss_trans"
"tl1.50_gl0.10_pr5.00_c200",1.5,0.1,200,0.2,NA,0.517792005561758,NA,"model6","nt","gain_loss_trans"
"tl2.50_gl0.10_pr5.00_c200",2.5,0.1,200,0.3,NA,1.02819294517491,NA,"model6","nt","gain_loss_trans"
"tl5.00_gl0.10_pr5.00_c200",5,0.1,200,0,NA,7.0198858853086,NA,"model6","nt","gain_loss_trans"
"tl1.00_gl0.25_pr5.00_c200",1,0.25,200,0.8,NA,1.80329614239698,NA,"model6","nt","gain_loss_trans"
"tl1.50_gl0.25_pr5.00_c200",1.5,0.25,200,0,NA,1.68648445172881,NA,"model6","nt","gain_loss_trans"
"tl2.50_gl0.25_pr5.00_c200",2.5,0.25,200,0.2,NA,3.08521557416329,NA,"model6","nt","gain_loss_trans"
"tl5.00_gl0.25_pr5.00_c200",5,0.25,200,0.1,NA,6.44539520920982,NA,"model6","nt","gain_loss_trans"
"tl1.00_gl0.50_pr5.00_c200",1,0.5,200,0.3,NA,4.16776286788223,NA,"model6","nt","gain_loss_trans"
"tl1.50_gl0.50_pr5.00_c200",1.5,0.5,200,0.1,NA,5.82796903771656,NA,"model6","nt","gain_loss_trans"
"tl2.50_gl0.50_pr5.00_c200",2.5,0.5,200,0.1,NA,10.6737971681966,NA,"model6","nt","gain_loss_trans"
"tl5.00_gl0.50_pr5.00_c200",5,0.5,200,0,NA,14.6449438627003,NA,"model6","nt","gain_loss_trans"
"tl1.00_gl1.00_pr5.00_c200",1,1,200,0,NA,4.83341245486586,NA,"model6","nt","gain_loss_trans"
"tl1.50_gl1.00_pr5.00_c200",1.5,1,200,0,NA,5.66162124312531,NA,"model6","nt","gain_loss_trans"
"tl2.50_gl1.00_pr5.00_c200",2.5,1,200,0,NA,17.4540772743396,NA,"model6","nt","gain_loss_trans"
"tl5.00_gl1.00_pr5.00_c200",5,1,200,0,NA,19.2743788343153,NA,"model6","nt","gain_loss_trans"
"tl1.00_gl0.10_pr1.00_c25",1,0.1,25,0.9,NA,0.290901799469408,NA,"model7","nt","gain_loss_trans"
"tl1.50_gl0.10_pr1.00_c25",1.5,0.1,25,1,NA,0.275595861842921,NA,"model7","nt","gain_loss_trans"
"tl2.50_gl0.10_pr1.00_c25",2.5,0.1,25,1,NA,0.360016500686084,NA,"model7","nt","gain_loss_trans"
"tl5.00_gl0.10_pr1.00_c25",5,0.1,25,0.4,NA,4.57755407148455,NA,"model7","nt","gain_loss_trans"
"tl1.00_gl0.25_pr1.00_c25",1,0.25,25,0.9,NA,0.405407632440083,NA,"model7","nt","gain_loss_trans"
"tl1.50_gl0.25_pr1.00_c25",1.5,0.25,25,1,NA,0.225037020572591,NA,"model7","nt","gain_loss_trans"
"tl2.50_gl0.25_pr1.00_c25",2.5,0.25,25,0.8,NA,1.09913917219864,NA,"model7","nt","gain_loss_trans"
"tl5.00_gl0.25_pr1.00_c25",5,0.25,25,0.777777777777778,NA,2.36699355205496,NA,"model7","nt","gain_loss_trans"
"tl1.00_gl0.50_pr1.00_c25",1,0.5,25,0.8,NA,1.20565118722163,NA,"model7","nt","gain_loss_trans"
"tl1.50_gl0.50_pr1.00_c25",1.5,0.5,25,0.8,NA,2.57505423758566,NA,"model7","nt","gain_loss_trans"
"tl2.50_gl0.50_pr1.00_c25",2.5,0.5,25,0.7,NA,2.92318564812512,NA,"model7","nt","gain_loss_trans"
"tl5.00_gl0.50_pr1.00_c25",5,0.5,25,0.4,NA,4.0491216587471,NA,"model7","nt","gain_loss_trans"
"tl1.00_gl1.00_pr1.00_c25",1,1,25,0.9,NA,0.419135983351041,NA,"model7","nt","gain_loss_trans"
"tl1.50_gl1.00_pr1.00_c25",1.5,1,25,0.8,NA,0.550276496015363,NA,"model7","nt","gain_loss_trans"
"tl2.50_gl1.00_pr1.00_c25",2.5,1,25,0.7,NA,6.20532944068781,NA,"model7","nt","gain_loss_trans"
"tl5.00_gl1.00_pr1.00_c25",5,1,25,0.6,NA,3.83433686645813,NA,"model7","nt","gain_loss_trans"
"tl1.00_gl0.10_pr2.50_c25",1,0.1,25,1,NA,0.136533952555287,NA,"model7","nt","gain_loss_trans"
"tl1.50_gl0.10_pr2.50_c25",1.5,0.1,25,1,NA,0.145487191975836,NA,"model7","nt","gain_loss_trans"
"tl2.50_gl0.10_pr2.50_c25",2.5,0.1,25,0.8,NA,0.918555122841772,NA,"model7","nt","gain_loss_trans"
"tl5.00_gl0.10_pr2.50_c25",5,0.1,25,0.375,NA,5.72372595925572,NA,"model7","nt","gain_loss_trans"
"tl1.00_gl0.25_pr2.50_c25",1,0.25,25,1,NA,0.130500671422524,NA,"model7","nt","gain_loss_trans"
"tl1.50_gl0.25_pr2.50_c25",1.5,0.25,25,1,NA,0.360758443096827,NA,"model7","nt","gain_loss_trans"
"tl2.50_gl0.25_pr2.50_c25",2.5,0.25,25,0.6,NA,1.94358451512247,NA,"model7","nt","gain_loss_trans"
"tl5.00_gl0.25_pr2.50_c25",5,0.25,25,0.5,NA,3.59844508949181,NA,"model7","nt","gain_loss_trans"
"tl1.00_gl0.50_pr2.50_c25",1,0.5,25,0.8,NA,1.24170909981832,NA,"model7","nt","gain_loss_trans"
"tl1.50_gl0.50_pr2.50_c25",1.5,0.5,25,0.8,NA,0.508244117707719,NA,"model7","nt","gain_loss_trans"
"tl2.50_gl0.50_pr2.50_c25",2.5,0.5,25,0.6,NA,1.18770263069454,NA,"model7","nt","gain_loss_trans"
"tl5.00_gl0.50_pr2.50_c25",5,0.5,25,0.333333333333333,NA,5.63881002553211,NA,"model7","nt","gain_loss_trans"
"tl1.00_gl1.00_pr2.50_c25",1,1,25,1,NA,0.0804825760363097,NA,"model7","nt","gain_loss_trans"
"tl1.50_gl1.00_pr2.50_c25",1.5,1,25,0.8,NA,0.836628831607983,NA,"model7","nt","gain_loss_trans"
"tl2.50_gl1.00_pr2.50_c25",2.5,1,25,0.4,NA,1.41830832194696,NA,"model7","nt","gain_loss_trans"
"tl5.00_gl1.00_pr2.50_c25",5,1,25,0.5,NA,4.0329389376376,NA,"model7","nt","gain_loss_trans"
"tl1.00_gl0.10_pr5.00_c25",1,0.1,25,1,NA,0.0618332466318447,NA,"model7","nt","gain_loss_trans"
"tl1.50_gl0.10_pr5.00_c25",1.5,0.1,25,0.9,NA,0.357685419041992,NA,"model7","nt","gain_loss_trans"
"tl2.50_gl0.10_pr5.00_c25",2.5,0.1,25,0.7,NA,0.899244491850483,NA,"model7","nt","gain_loss_trans"
"tl5.00_gl0.10_pr5.00_c25",5,0.1,25,0.111111111111111,NA,7.75918277818095,NA,"model7","nt","gain_loss_trans"
"tl1.00_gl0.25_pr5.00_c25",1,0.25,25,1,NA,0.231361472158932,NA,"model7","nt","gain_loss_trans"
"tl1.50_gl0.25_pr5.00_c25",1.5,0.25,25,0.8,NA,0.26481717768426,NA,"model7","nt","gain_loss_trans"
"tl2.50_gl0.25_pr5.00_c25",2.5,0.25,25,0.3,NA,1.35315151476201,NA,"model7","nt","gain_loss_trans"
"tl5.00_gl0.25_pr5.00_c25",5,0.25,25,0.25,NA,6.16299006493389,NA,"model7","nt","gain_loss_trans"
"tl1.00_gl0.50_pr5.00_c25",1,0.5,25,0.9,NA,0.581543999329843,NA,"model7","nt","gain_loss_trans"
"tl1.50_gl0.50_pr5.00_c25",1.5,0.5,25,0.7,NA,0.464296511531039,NA,"model7","nt","gain_loss_trans"
"tl2.50_gl0.50_pr5.00_c25",2.5,0.5,25,0.4,NA,1.69027886347844,NA,"model7","nt","gain_loss_trans"
"tl5.00_gl0.50_pr5.00_c25",5,0.5,25,0.142857142857143,NA,7.46373268247975,NA,"model7","nt","gain_loss_trans"
"tl1.00_gl1.00_pr5.00_c25",1,1,25,0.8,NA,0.506026617243432,NA,"model7","nt","gain_loss_trans"
"tl1.50_gl1.00_pr5.00_c25",1.5,1,25,0.8,NA,0.503574198293846,NA,"model7","nt","gain_loss_trans"
"tl2.50_gl1.00_pr5.00_c25",2.5,1,25,0.3,NA,1.54085069661073,NA,"model7","nt","gain_loss_trans"
"tl5.00_gl1.00_pr5.00_c25",5,1,25,0.222222222222222,NA,7.60317458640726,NA,"model7","nt","gain_loss_trans"
"tl1.00_gl0.10_pr1.00_c50",1,0.1,50,0.8,NA,0.917049456081608,NA,"model7","nt","gain_loss_trans"
"tl1.50_gl0.10_pr1.00_c50",1.5,0.1,50,0.888888888888889,NA,0.45250708388116,NA,"model7","nt","gain_loss_trans"
"tl2.50_gl0.10_pr1.00_c50",2.5,0.1,50,1,NA,0.337379662879164,NA,"model7","nt","gain_loss_trans"
"tl5.00_gl0.10_pr1.00_c50",5,0.1,50,0.75,NA,1.55217673985499,NA,"model7","nt","gain_loss_trans"
"tl1.00_gl0.25_pr1.00_c50",1,0.25,50,0.7,NA,2.57439242254138,NA,"model7","nt","gain_loss_trans"
"tl1.50_gl0.25_pr1.00_c50",1.5,0.25,50,0.8,NA,2.37124711174872,NA,"model7","nt","gain_loss_trans"
"tl2.50_gl0.25_pr1.00_c50",2.5,0.25,50,0.8,NA,1.88291466982176,NA,"model7","nt","gain_loss_trans"
"tl5.00_gl0.25_pr1.00_c50",5,0.25,50,1,NA,0.876748917555665,NA,"model7","nt","gain_loss_trans"
"tl1.00_gl0.50_pr1.00_c50",1,0.5,50,0.7,NA,0.764207062172012,NA,"model7","nt","gain_loss_trans"
"tl1.50_gl0.50_pr1.00_c50",1.5,0.5,50,0.8,NA,1.40444114287804,NA,"model7","nt","gain_loss_trans"
"tl2.50_gl0.50_pr1.00_c50",2.5,0.5,50,0.6,NA,3.15309251755164,NA,"model7","nt","gain_loss_trans"
"tl5.00_gl0.50_pr1.00_c50",5,0.5,50,0.875,NA,2.6154443716898,NA,"model7","nt","gain_loss_trans"
"tl1.00_gl1.00_pr1.00_c50",1,1,50,0.9,NA,0.501815212734736,NA,"model7","nt","gain_loss_trans"
"tl1.50_gl1.00_pr1.00_c50",1.5,1,50,0.7,NA,5.39671825586808,NA,"model7","nt","gain_loss_trans"
"tl2.50_gl1.00_pr1.00_c50",2.5,1,50,0.6,NA,2.2696827798739,NA,"model7","nt","gain_loss_trans"
"tl5.00_gl1.00_pr1.00_c50",5,1,50,0.666666666666667,NA,4.2693277594937,NA,"model7","nt","gain_loss_trans"
"tl1.00_gl0.10_pr2.50_c50",1,0.1,50,0.9,NA,0.414653770818581,NA,"model7","nt","gain_loss_trans"
"tl1.50_gl0.10_pr2.50_c50",1.5,0.1,50,0.9,NA,0.202262831038506,NA,"model7","nt","gain_loss_trans"
"tl2.50_gl0.10_pr2.50_c50",2.5,0.1,50,0.555555555555556,NA,1.09606923864218,NA,"model7","nt","gain_loss_trans"
"tl5.00_gl0.10_pr2.50_c50",5,0.1,50,0.285714285714286,NA,4.94989895823786,NA,"model7","nt","gain_loss_trans"
"tl1.00_gl0.25_pr2.50_c50",1,0.25,50,0.8,NA,0.935998180096649,NA,"model7","nt","gain_loss_trans"
"tl1.50_gl0.25_pr2.50_c50",1.5,0.25,50,0.6,NA,1.26992378060688,NA,"model7","nt","gain_loss_trans"
"tl2.50_gl0.25_pr2.50_c50",2.5,0.25,50,0.3,NA,2.76606068229397,NA,"model7","nt","gain_loss_trans"
"tl5.00_gl0.25_pr2.50_c50",5,0.25,50,0.444444444444444,NA,3.94827782572687,NA,"model7","nt","gain_loss_trans"
"tl1.00_gl0.50_pr2.50_c50",1,0.5,50,0.666666666666667,NA,0.992891804216449,NA,"model7","nt","gain_loss_trans"
"tl1.50_gl0.50_pr2.50_c50",1.5,0.5,50,0.4,NA,0.680497070107118,NA,"model7","nt","gain_loss_trans"
"tl2.50_gl0.50_pr2.50_c50",2.5,0.5,50,0.3,NA,1.85484319860351,NA,"model7","nt","gain_loss_trans"
"tl5.00_gl0.50_pr2.50_c50",5,0.5,50,0.714285714285714,NA,2.39041823532959,NA,"model7","nt","gain_loss_trans"
"tl1.00_gl1.00_pr2.50_c50",1,1,50,0.7,NA,1.43232726580041,NA,"model7","nt","gain_loss_trans"
"tl1.50_gl1.00_pr2.50_c50",1.5,1,50,0.5,NA,2.61994679806598,NA,"model7","nt","gain_loss_trans"
"tl2.50_gl1.00_pr2.50_c50",2.5,1,50,0.2,NA,2.83576747475802,NA,"model7","nt","gain_loss_trans"
"tl5.00_gl1.00_pr2.50_c50",5,1,50,0.625,NA,2.86666848535075,NA,"model7","nt","gain_loss_trans"
"tl1.00_gl0.10_pr5.00_c50",1,0.1,50,0.7,NA,0.263196321130661,NA,"model7","nt","gain_loss_trans"
"tl1.50_gl0.10_pr5.00_c50",1.5,0.1,50,0.6,NA,0.370904896237556,NA,"model7","nt","gain_loss_trans"
"tl2.50_gl0.10_pr5.00_c50",2.5,0.1,50,0.333333333333333,NA,1.40352962346193,NA,"model7","nt","gain_loss_trans"
"tl5.00_gl0.10_pr5.00_c50",5,0.1,50,0.142857142857143,NA,7.66770722945643,NA,"model7","nt","gain_loss_trans"
"tl1.00_gl0.25_pr5.00_c50",1,0.25,50,0.7,NA,0.625520450369649,NA,"model7","nt","gain_loss_trans"
"tl1.50_gl0.25_pr5.00_c50",1.5,0.25,50,0.4,NA,0.729321860882361,NA,"model7","nt","gain_loss_trans"
"tl2.50_gl0.25_pr5.00_c50",2.5,0.25,50,0.142857142857143,NA,2.84056915220137,NA,"model7","nt","gain_loss_trans"
"tl5.00_gl0.25_pr5.00_c50",5,0.25,50,0.285714285714286,NA,6.32517682753606,NA,"model7","nt","gain_loss_trans"
"tl1.00_gl0.50_pr5.00_c50",1,0.5,50,0.6,NA,0.82513597956074,NA,"model7","nt","gain_loss_trans"
"tl1.50_gl0.50_pr5.00_c50",1.5,0.5,50,0.2,NA,0.845946665414748,NA,"model7","nt","gain_loss_trans"
"tl2.50_gl0.50_pr5.00_c50",2.5,0.5,50,0.222222222222222,NA,1.9404658995478,NA,"model7","nt","gain_loss_trans"
"tl5.00_gl0.50_pr5.00_c50",5,0.5,50,0.111111111111111,NA,7.32096223433215,NA,"model7","nt","gain_loss_trans"
"tl1.00_gl1.00_pr5.00_c50",1,1,50,0.4,NA,0.27618979035385,NA,"model7","nt","gain_loss_trans"
"tl1.50_gl1.00_pr5.00_c50",1.5,1,50,0.3,NA,1.10648576335063,NA,"model7","nt","gain_loss_trans"
"tl2.50_gl1.00_pr5.00_c50",2.5,1,50,0.25,NA,1.72033557369858,NA,"model7","nt","gain_loss_trans"
"tl5.00_gl1.00_pr5.00_c50",5,1,50,0.25,NA,7.3277501641472,NA,"model7","nt","gain_loss_trans"
"tl1.00_gl0.10_pr1.00_c100",1,0.1,100,0.8,NA,1.39151104721091,NA,"model7","nt","gain_loss_trans"
"tl1.50_gl0.10_pr1.00_c100",1.5,0.1,100,0.666666666666667,NA,1.14890839141654,NA,"model7","nt","gain_loss_trans"
"tl2.50_gl0.10_pr1.00_c100",2.5,0.1,100,0.875,NA,0.673271385384202,NA,"model7","nt","gain_loss_trans"
"tl5.00_gl0.10_pr1.00_c100",5,0.1,100,0.777777777777778,NA,1.25398216279584,NA,"model7","nt","gain_loss_trans"
"tl1.00_gl0.25_pr1.00_c100",1,0.25,100,0.7,NA,6.28396549564041,NA,"model7","nt","gain_loss_trans"
"tl1.50_gl0.25_pr1.00_c100",1.5,0.25,100,0.7,NA,4.26680583555853,NA,"model7","nt","gain_loss_trans"
"tl2.50_gl0.25_pr1.00_c100",2.5,0.25,100,0.666666666666667,NA,3.99057311787879,NA,"model7","nt","gain_loss_trans"
"tl5.00_gl0.25_pr1.00_c100",5,0.25,100,0.8,NA,4.96520269030543,NA,"model7","nt","gain_loss_trans"
"tl1.00_gl0.50_pr1.00_c100",1,0.5,100,0.7,NA,2.12063984396229,NA,"model7","nt","gain_loss_trans"
"tl1.50_gl0.50_pr1.00_c100",1.5,0.5,100,0.6,NA,7.71868165070478,NA,"model7","nt","gain_loss_trans"
"tl2.50_gl0.50_pr1.00_c100",2.5,0.5,100,0.777777777777778,NA,4.57621208192395,NA,"model7","nt","gain_loss_trans"
"tl5.00_gl0.50_pr1.00_c100",5,0.5,100,0.666666666666667,NA,6.28753484152008,NA,"model7","nt","gain_loss_trans"
"tl1.00_gl1.00_pr1.00_c100",1,1,100,0.6,NA,6.85616380515408,NA,"model7","nt","gain_loss_trans"
"tl1.50_gl1.00_pr1.00_c100",1.5,1,100,0.7,NA,3.58817056389024,NA,"model7","nt","gain_loss_trans"
"tl2.50_gl1.00_pr1.00_c100",2.5,1,100,0.444444444444444,NA,7.42610931313507,NA,"model7","nt","gain_loss_trans"
"tl5.00_gl1.00_pr1.00_c100",5,1,100,0.8,NA,5.61277031930183,NA,"model7","nt","gain_loss_trans"
"tl1.00_gl0.10_pr2.50_c100",1,0.1,100,0.8,NA,0.502473493550317,NA,"model7","nt","gain_loss_trans"
"tl1.50_gl0.10_pr2.50_c100",1.5,0.1,100,0.714285714285714,NA,1.2246121470877,NA,"model7","nt","gain_loss_trans"
"tl2.50_gl0.10_pr2.50_c100",2.5,0.1,100,0.888888888888889,NA,0.632906819639037,NA,"model7","nt","gain_loss_trans"
"tl5.00_gl0.10_pr2.50_c100",5,0.1,100,0.333333333333333,NA,3.88986441506598,NA,"model7","nt","gain_loss_trans"
"tl1.00_gl0.25_pr2.50_c100",1,0.25,100,0.666666666666667,NA,2.5803510243212,NA,"model7","nt","gain_loss_trans"
"tl1.50_gl0.25_pr2.50_c100",1.5,0.25,100,0.5,NA,2.00505606503015,NA,"model7","nt","gain_loss_trans"
"tl2.50_gl0.25_pr2.50_c100",2.5,0.25,100,0.333333333333333,NA,4.11494007350954,NA,"model7","nt","gain_loss_trans"
"tl5.00_gl0.25_pr2.50_c100",5,0.25,100,0.1,NA,4.98534105460565,NA,"model7","nt","gain_loss_trans"
"tl1.00_gl0.50_pr2.50_c100",1,0.5,100,0.5,NA,1.5290697678597,NA,"model7","nt","gain_loss_trans"
"tl1.50_gl0.50_pr2.50_c100",1.5,0.5,100,0.222222222222222,NA,6.48604864804156,NA,"model7","nt","gain_loss_trans"
"tl2.50_gl0.50_pr2.50_c100",2.5,0.5,100,0.142857142857143,NA,1.49004887332409,NA,"model7","nt","gain_loss_trans"
"tl5.00_gl0.50_pr2.50_c100",5,0.5,100,0.4,NA,3.13287688601795,NA,"model7","nt","gain_loss_trans"
"tl1.00_gl1.00_pr2.50_c100",1,1,100,0.555555555555556,NA,2.1000209631049,NA,"model7","nt","gain_loss_trans"
"tl1.50_gl1.00_pr2.50_c100",1.5,1,100,0.333333333333333,NA,2.58415241730117,NA,"model7","nt","gain_loss_trans"
"tl2.50_gl1.00_pr2.50_c100",2.5,1,100,0.142857142857143,NA,18.1346578663648,NA,"model7","nt","gain_loss_trans"
"tl5.00_gl1.00_pr2.50_c100",5,1,100,0.3,NA,5.72258753147186,NA,"model7","nt","gain_loss_trans"
"tl1.00_gl0.10_pr5.00_c100",1,0.1,100,0.5,NA,0.181982276999557,NA,"model7","nt","gain_loss_trans"
"tl1.50_gl0.10_pr5.00_c100",1.5,0.1,100,0.125,NA,0.693479686549032,NA,"model7","nt","gain_loss_trans"
"tl2.50_gl0.10_pr5.00_c100",2.5,0.1,100,0.285714285714286,NA,1.13921903842285,NA,"model7","nt","gain_loss_trans"
"tl5.00_gl0.10_pr5.00_c100",5,0.1,100,0.2,NA,6.13362417490979,NA,"model7","nt","gain_loss_trans"
"tl1.00_gl0.25_pr5.00_c100",1,0.25,100,0.333333333333333,NA,0.462091662920426,NA,"model7","nt","gain_loss_trans"
"tl1.50_gl0.25_pr5.00_c100",1.5,0.25,100,0.125,NA,1.58434020247848,NA,"model7","nt","gain_loss_trans"
"tl2.50_gl0.25_pr5.00_c100",2.5,0.25,100,0.142857142857143,NA,2.0024288277843,NA,"model7","nt","gain_loss_trans"
"tl5.00_gl0.25_pr5.00_c100",5,0.25,100,0.111111111111111,NA,7.47754342556995,NA,"model7","nt","gain_loss_trans"
"tl1.00_gl0.50_pr5.00_c100",1,0.5,100,0.222222222222222,NA,1.42025658045923,NA,"model7","nt","gain_loss_trans"
"tl1.50_gl0.50_pr5.00_c100",1.5,0.5,100,0.142857142857143,NA,0.577153265196767,NA,"model7","nt","gain_loss_trans"
"tl2.50_gl0.50_pr5.00_c100",2.5,0.5,100,0.142857142857143,NA,4.51417714959537,NA,"model7","nt","gain_loss_trans"
"tl5.00_gl0.50_pr5.00_c100",5,0.5,100,0.2,NA,7.63552247625574,NA,"model7","nt","gain_loss_trans"
"tl1.00_gl1.00_pr5.00_c100",1,1,100,0.142857142857143,NA,1.44432590486874,NA,"model7","nt","gain_loss_trans"
"tl1.50_gl1.00_pr5.00_c100",1.5,1,100,0.142857142857143,NA,2.35305109737304,NA,"model7","nt","gain_loss_trans"
"tl2.50_gl1.00_pr5.00_c100",2.5,1,100,0.125,NA,3.31470337888531,NA,"model7","nt","gain_loss_trans"
"tl5.00_gl1.00_pr5.00_c100",5,1,100,0.1,NA,9.01389634527896,NA,"model7","nt","gain_loss_trans"
"tl1.00_gl0.10_pr1.00_c200",1,0.1,200,0.777777777777778,NA,1.2183516738461,NA,"model7","nt","gain_loss_trans"
"tl1.50_gl0.10_pr1.00_c200",1.5,0.1,200,0.571428571428571,NA,1.56564566419024,NA,"model7","nt","gain_loss_trans"
"tl2.50_gl0.10_pr1.00_c200",2.5,0.1,200,0.75,NA,1.29014937585166,NA,"model7","nt","gain_loss_trans"
"tl5.00_gl0.10_pr1.00_c200",5,0.1,200,1,NA,0.793706463700262,NA,"model7","nt","gain_loss_trans"
"tl1.00_gl0.25_pr1.00_c200",1,0.25,200,0.571428571428571,NA,4.91695166161864,NA,"model7","nt","gain_loss_trans"
"tl1.50_gl0.25_pr1.00_c200",1.5,0.25,200,0.428571428571429,NA,9.54557718800494,NA,"model7","nt","gain_loss_trans"
"tl2.50_gl0.25_pr1.00_c200",2.5,0.25,200,0.75,NA,6.96518156805802,NA,"model7","nt","gain_loss_trans"
"tl5.00_gl0.25_pr1.00_c200",5,0.25,200,0.6,NA,5.58937803444691,NA,"model7","nt","gain_loss_trans"
"tl1.00_gl0.50_pr1.00_c200",1,0.5,200,0.666666666666667,NA,5.53242439875226,NA,"model7","nt","gain_loss_trans"
"tl1.50_gl0.50_pr1.00_c200",1.5,0.5,200,0.571428571428571,NA,11.109977879919,NA,"model7","nt","gain_loss_trans"
"tl2.50_gl0.50_pr1.00_c200",2.5,0.5,200,0.428571428571429,NA,15.0350383410945,NA,"model7","nt","gain_loss_trans"
"tl5.00_gl0.50_pr1.00_c200",5,0.5,200,0.5,NA,13.3791999044875,NA,"model7","nt","gain_loss_trans"
"tl1.00_gl1.00_pr1.00_c200",1,1,200,0.666666666666667,NA,10.0767383381445,NA,"model7","nt","gain_loss_trans"
"tl1.50_gl1.00_pr1.00_c200",1.5,1,200,0.7,NA,17.6978901993906,NA,"model7","nt","gain_loss_trans"
"tl2.50_gl1.00_pr1.00_c200",2.5,1,200,0.5,NA,29.9585571388534,NA,"model7","nt","gain_loss_trans"
"tl5.00_gl1.00_pr1.00_c200",5,1,200,0.222222222222222,NA,16.2032487131303,NA,"model7","nt","gain_loss_trans"
"tl1.00_gl0.10_pr2.50_c200",1,0.1,200,0.571428571428571,NA,0.242108367332714,NA,"model7","nt","gain_loss_trans"
"tl1.50_gl0.10_pr2.50_c200",1.5,0.1,200,0.125,NA,0.513571445588933,NA,"model7","nt","gain_loss_trans"
"tl2.50_gl0.10_pr2.50_c200",2.5,0.1,200,0.285714285714286,NA,0.943369960987577,NA,"model7","nt","gain_loss_trans"
"tl5.00_gl0.10_pr2.50_c200",5,0.1,200,0.3,NA,3.34051420176621,NA,"model7","nt","gain_loss_trans"
"tl1.00_gl0.25_pr2.50_c200",1,0.25,200,0.222222222222222,NA,2.60713002683406,NA,"model7","nt","gain_loss_trans"
"tl1.50_gl0.25_pr2.50_c200",1.5,0.25,200,0,NA,2.36800298498075,NA,"model7","nt","gain_loss_trans"
"tl2.50_gl0.25_pr2.50_c200",2.5,0.25,200,0.285714285714286,NA,3.27297163404913,NA,"model7","nt","gain_loss_trans"
"tl5.00_gl0.25_pr2.50_c200",5,0.25,200,0,NA,4.68988030697051,NA,"model7","nt","gain_loss_trans"
"tl1.00_gl0.50_pr2.50_c200",1,0.5,200,0.2,NA,2.87855354279996,NA,"model7","nt","gain_loss_trans"
"tl1.50_gl0.50_pr2.50_c200",1.5,0.5,200,0.142857142857143,NA,1.58774978271095,NA,"model7","nt","gain_loss_trans"
"tl2.50_gl0.50_pr2.50_c200",2.5,0.5,200,0,NA,5.41461646354121,NA,"model7","nt","gain_loss_trans"
"tl5.00_gl0.50_pr2.50_c200",5,0.5,200,0.222222222222222,NA,8.3507656959028,NA,"model7","nt","gain_loss_trans"
"tl1.00_gl1.00_pr2.50_c200",1,1,200,0.111111111111111,NA,3.12740390227594,NA,"model7","nt","gain_loss_trans"
"tl1.50_gl1.00_pr2.50_c200",1.5,1,200,0,NA,4.87294336670121,NA,"model7","nt","gain_loss_trans"
"tl2.50_gl1.00_pr2.50_c200",2.5,1,200,0.25,NA,8.55350285901071,NA,"model7","nt","gain_loss_trans"
"tl5.00_gl1.00_pr2.50_c200",5,1,200,0.25,NA,32.5105117830013,NA,"model7","nt","gain_loss_trans"
"tl1.00_gl0.10_pr5.00_c200",1,0.1,200,0.142857142857143,NA,0.24406580482478,NA,"model7","nt","gain_loss_trans"
"tl1.50_gl0.10_pr5.00_c200",1.5,0.1,200,0.125,NA,0.568534816451379,NA,"model7","nt","gain_loss_trans"
"tl2.50_gl0.10_pr5.00_c200",2.5,0.1,200,0.222222222222222,NA,1.49783710223338,NA,"model7","nt","gain_loss_trans"
"tl5.00_gl0.10_pr5.00_c200",5,0.1,200,0.2,NA,8.23110528875077,NA,"model7","nt","gain_loss_trans"
"tl1.00_gl0.25_pr5.00_c200",1,0.25,200,0.125,NA,0.52260480190645,NA,"model7","nt","gain_loss_trans"
"tl1.50_gl0.25_pr5.00_c200",1.5,0.25,200,0.125,NA,2.20613332726877,NA,"model7","nt","gain_loss_trans"
"tl2.50_gl0.25_pr5.00_c200",2.5,0.25,200,0,NA,2.93224246044484,NA,"model7","nt","gain_loss_trans"
"tl5.00_gl0.25_pr5.00_c200",5,0.25,200,0,NA,7.78207106368573,NA,"model7","nt","gain_loss_trans"
"tl1.00_gl0.50_pr5.00_c200",1,0.5,200,0.25,NA,1.06719402192186,NA,"model7","nt","gain_loss_trans"
"tl1.50_gl0.50_pr5.00_c200",1.5,0.5,200,0.166666666666667,NA,2.82383397065333,NA,"model7","nt","gain_loss_trans"
"tl2.50_gl0.50_pr5.00_c200",2.5,0.5,200,0,NA,6.49730959999506,NA,"model7","nt","gain_loss_trans"
"tl5.00_gl0.50_pr5.00_c200",5,0.5,200,0,NA,9.41196652971718,NA,"model7","nt","gain_loss_trans"
"tl1.00_gl1.00_pr5.00_c200",1,1,200,0.142857142857143,NA,1.44329995744221,NA,"model7","nt","gain_loss_trans"
"tl1.50_gl1.00_pr5.00_c200",1.5,1,200,0,NA,1.840729541294,NA,"model7","nt","gain_loss_trans"
"tl2.50_gl1.00_pr5.00_c200",2.5,1,200,0,NA,7.14688001529425,NA,"model7","nt","gain_loss_trans"
"tl5.00_gl1.00_pr5.00_c200",5,1,200,0.111111111111111,NA,10.3916141667851,NA,"model7","nt","gain_loss_trans"
"tl1.00_gl0.10_pr1.00_c25",1,0.1,25,0.8,NA,0.656893474974615,NA,"model8","nt","gain_loss_trans"
"tl1.50_gl0.10_pr1.00_c25",1.5,0.1,25,0.8,NA,0.649961861613378,NA,"model8","nt","gain_loss_trans"
"tl2.50_gl0.10_pr1.00_c25",2.5,0.1,25,1,NA,0.373151447000565,NA,"model8","nt","gain_loss_trans"
"tl5.00_gl0.10_pr1.00_c25",5,0.1,25,0.6,NA,2.53936615893574,NA,"model8","nt","gain_loss_trans"
"tl1.00_gl0.25_pr1.00_c25",1,0.25,25,0.8,NA,0.827352703024446,NA,"model8","nt","gain_loss_trans"
"tl1.50_gl0.25_pr1.00_c25",1.5,0.25,25,1,NA,0.406696544125792,NA,"model8","nt","gain_loss_trans"
"tl2.50_gl0.25_pr1.00_c25",2.5,0.25,25,0.7,NA,1.80924691381775,NA,"model8","nt","gain_loss_trans"
"tl5.00_gl0.25_pr1.00_c25",5,0.25,25,0.9,NA,1.27514365357708,NA,"model8","nt","gain_loss_trans"
"tl1.00_gl0.50_pr1.00_c25",1,0.5,25,0.8,NA,2.09272046371427,NA,"model8","nt","gain_loss_trans"
"tl1.50_gl0.50_pr1.00_c25",1.5,0.5,25,0.8,NA,3.9257807965471,NA,"model8","nt","gain_loss_trans"
"tl2.50_gl0.50_pr1.00_c25",2.5,0.5,25,0.7,NA,4.76715045356074,NA,"model8","nt","gain_loss_trans"
"tl5.00_gl0.50_pr1.00_c25",5,0.5,25,0.8,NA,2.98717237235042,NA,"model8","nt","gain_loss_trans"
"tl1.00_gl1.00_pr1.00_c25",1,1,25,0.7,NA,0.876357144597782,NA,"model8","nt","gain_loss_trans"
"tl1.50_gl1.00_pr1.00_c25",1.5,1,25,0.8,NA,1.09501667033524,NA,"model8","nt","gain_loss_trans"
"tl2.50_gl1.00_pr1.00_c25",2.5,1,25,0.6,NA,8.64966799596253,NA,"model8","nt","gain_loss_trans"
"tl5.00_gl1.00_pr1.00_c25",5,1,25,0.8,NA,4.09388501856774,NA,"model8","nt","gain_loss_trans"
"tl1.00_gl0.10_pr2.50_c25",1,0.1,25,0.9,NA,0.337099274965622,NA,"model8","nt","gain_loss_trans"
"tl1.50_gl0.10_pr2.50_c25",1.5,0.1,25,0.9,NA,0.26012975018332,NA,"model8","nt","gain_loss_trans"
"tl2.50_gl0.10_pr2.50_c25",2.5,0.1,25,0.8,NA,0.832967166062887,NA,"model8","nt","gain_loss_trans"
"tl5.00_gl0.10_pr2.50_c25",5,0.1,25,0.4,NA,3.67314425668788,NA,"model8","nt","gain_loss_trans"
"tl1.00_gl0.25_pr2.50_c25",1,0.25,25,1,NA,0.275102904073321,NA,"model8","nt","gain_loss_trans"
"tl1.50_gl0.25_pr2.50_c25",1.5,0.25,25,0.9,NA,0.497310760392734,NA,"model8","nt","gain_loss_trans"
"tl2.50_gl0.25_pr2.50_c25",2.5,0.25,25,0.6,NA,2.08141056225452,NA,"model8","nt","gain_loss_trans"
"tl5.00_gl0.25_pr2.50_c25",5,0.25,25,0.6,NA,2.80505196063336,NA,"model8","nt","gain_loss_trans"
"tl1.00_gl0.50_pr2.50_c25",1,0.5,25,0.8,NA,1.78528478674847,NA,"model8","nt","gain_loss_trans"
"tl1.50_gl0.50_pr2.50_c25",1.5,0.5,25,0.8,NA,0.77218660596644,NA,"model8","nt","gain_loss_trans"
"tl2.50_gl0.50_pr2.50_c25",2.5,0.5,25,0.7,NA,0.916011182603309,NA,"model8","nt","gain_loss_trans"
"tl5.00_gl0.50_pr2.50_c25",5,0.5,25,0.2,NA,5.23222283866655,NA,"model8","nt","gain_loss_trans"
"tl1.00_gl1.00_pr2.50_c25",1,1,25,1,NA,0.0773563794173836,NA,"model8","nt","gain_loss_trans"
"tl1.50_gl1.00_pr2.50_c25",1.5,1,25,0.8,NA,1.11611393332864,NA,"model8","nt","gain_loss_trans"
"tl2.50_gl1.00_pr2.50_c25",2.5,1,25,0.5,NA,1.36495618016365,NA,"model8","nt","gain_loss_trans"
"tl5.00_gl1.00_pr2.50_c25",5,1,25,0.4,NA,4.26637265446489,NA,"model8","nt","gain_loss_trans"
"tl1.00_gl0.10_pr5.00_c25",1,0.1,25,1,NA,0.13144485576239,NA,"model8","nt","gain_loss_trans"
"tl1.50_gl0.10_pr5.00_c25",1.5,0.1,25,0.9,NA,0.549729372421159,NA,"model8","nt","gain_loss_trans"
"tl2.50_gl0.10_pr5.00_c25",2.5,0.1,25,0.9,NA,0.548184297340638,NA,"model8","nt","gain_loss_trans"
"tl5.00_gl0.10_pr5.00_c25",5,0.1,25,0.2,NA,5.88391306198681,NA,"model8","nt","gain_loss_trans"
"tl1.00_gl0.25_pr5.00_c25",1,0.25,25,0.8,NA,0.412374724715013,NA,"model8","nt","gain_loss_trans"
"tl1.50_gl0.25_pr5.00_c25",1.5,0.25,25,1,NA,0.226115975356964,NA,"model8","nt","gain_loss_trans"
"tl2.50_gl0.25_pr5.00_c25",2.5,0.25,25,0.6,NA,0.865929996593066,NA,"model8","nt","gain_loss_trans"
"tl5.00_gl0.25_pr5.00_c25",5,0.25,25,0.3,NA,6.01278919381107,NA,"model8","nt","gain_loss_trans"
"tl1.00_gl0.50_pr5.00_c25",1,0.5,25,0.8,NA,1.00144371173278,NA,"model8","nt","gain_loss_trans"
"tl1.50_gl0.50_pr5.00_c25",1.5,0.5,25,0.9,NA,0.438130164352886,NA,"model8","nt","gain_loss_trans"
"tl2.50_gl0.50_pr5.00_c25",2.5,0.5,25,0.5,NA,1.39013106639393,NA,"model8","nt","gain_loss_trans"
"tl5.00_gl0.50_pr5.00_c25",5,0.5,25,0.2,NA,7.38385075551122,NA,"model8","nt","gain_loss_trans"
"tl1.00_gl1.00_pr5.00_c25",1,1,25,0.8,NA,0.910984174498704,NA,"model8","nt","gain_loss_trans"
"tl1.50_gl1.00_pr5.00_c25",1.5,1,25,0.9,NA,0.515263440992978,NA,"model8","nt","gain_loss_trans"
"tl2.50_gl1.00_pr5.00_c25",2.5,1,25,0.6,NA,1.15828044245032,NA,"model8","nt","gain_loss_trans"
"tl5.00_gl1.00_pr5.00_c25",5,1,25,0.4,NA,6.42664129949546,NA,"model8","nt","gain_loss_trans"
"tl1.00_gl0.10_pr1.00_c50",1,0.1,50,0.7,NA,2.13601872921758,NA,"model8","nt","gain_loss_trans"
"tl1.50_gl0.10_pr1.00_c50",1.5,0.1,50,0.8,NA,1.3750708156841,NA,"model8","nt","gain_loss_trans"
"tl2.50_gl0.10_pr1.00_c50",2.5,0.1,50,0.9,NA,0.671632938157232,NA,"model8","nt","gain_loss_trans"
"tl5.00_gl0.10_pr1.00_c50",5,0.1,50,0.8,NA,1.19926111504499,NA,"model8","nt","gain_loss_trans"
"tl1.00_gl0.25_pr1.00_c50",1,0.25,50,0.7,NA,4.5391750693142,NA,"model8","nt","gain_loss_trans"
"tl1.50_gl0.25_pr1.00_c50",1.5,0.25,50,0.7,NA,4.66106698218375,NA,"model8","nt","gain_loss_trans"
"tl2.50_gl0.25_pr1.00_c50",2.5,0.25,50,0.8,NA,4.12387224718497,NA,"model8","nt","gain_loss_trans"
"tl5.00_gl0.25_pr1.00_c50",5,0.25,50,0.9,NA,1.36496627297304,NA,"model8","nt","gain_loss_trans"
"tl1.00_gl0.50_pr1.00_c50",1,0.5,50,0.8,NA,1.82124753436552,NA,"model8","nt","gain_loss_trans"
"tl1.50_gl0.50_pr1.00_c50",1.5,0.5,50,0.8,NA,3.23786755463018,NA,"model8","nt","gain_loss_trans"
"tl2.50_gl0.50_pr1.00_c50",2.5,0.5,50,0.6,NA,6.59836141862658,NA,"model8","nt","gain_loss_trans"
"tl5.00_gl0.50_pr1.00_c50",5,0.5,50,0.7,NA,5.02217275093182,NA,"model8","nt","gain_loss_trans"
"tl1.00_gl1.00_pr1.00_c50",1,1,50,0.8,NA,1.4339951153586,NA,"model8","nt","gain_loss_trans"
"tl1.50_gl1.00_pr1.00_c50",1.5,1,50,0.6,NA,9.69473535771845,NA,"model8","nt","gain_loss_trans"
"tl2.50_gl1.00_pr1.00_c50",2.5,1,50,0.6,NA,5.00633197884394,NA,"model8","nt","gain_loss_trans"
"tl5.00_gl1.00_pr1.00_c50",5,1,50,0.6,NA,8.20228043221276,NA,"model8","nt","gain_loss_trans"
"tl1.00_gl0.10_pr2.50_c50",1,0.1,50,0.8,NA,1.08888745359172,NA,"model8","nt","gain_loss_trans"
"tl1.50_gl0.10_pr2.50_c50",1.5,0.1,50,0.8,NA,0.367905362802428,NA,"model8","nt","gain_loss_trans"
"tl2.50_gl0.10_pr2.50_c50",2.5,0.1,50,0.5,NA,1.82693083143806,NA,"model8","nt","gain_loss_trans"
"tl5.00_gl0.10_pr2.50_c50",5,0.1,50,0.2,NA,3.67882007138187,NA,"model8","nt","gain_loss_trans"
"tl1.00_gl0.25_pr2.50_c50",1,0.25,50,0.8,NA,2.08779776028446,NA,"model8","nt","gain_loss_trans"
"tl1.50_gl0.25_pr2.50_c50",1.5,0.25,50,0.8,NA,2.57815685197841,NA,"model8","nt","gain_loss_trans"
"tl2.50_gl0.25_pr2.50_c50",2.5,0.25,50,0.5,NA,3.94040634516146,NA,"model8","nt","gain_loss_trans"
"tl5.00_gl0.25_pr2.50_c50",5,0.25,50,0.4,NA,3.21648223160509,NA,"model8","nt","gain_loss_trans"
"tl1.00_gl0.50_pr2.50_c50",1,0.5,50,0.8,NA,1.95949936666061,NA,"model8","nt","gain_loss_trans"
"tl1.50_gl0.50_pr2.50_c50",1.5,0.5,50,0.5,NA,1.52124569152824,NA,"model8","nt","gain_loss_trans"
"tl2.50_gl0.50_pr2.50_c50",2.5,0.5,50,0.4,NA,2.74130133231483,NA,"model8","nt","gain_loss_trans"
"tl5.00_gl0.50_pr2.50_c50",5,0.5,50,0.4,NA,4.73663921253562,NA,"model8","nt","gain_loss_trans"
"tl1.00_gl1.00_pr2.50_c50",1,1,50,0.8,NA,2.75407236330505,NA,"model8","nt","gain_loss_trans"
"tl1.50_gl1.00_pr2.50_c50",1.5,1,50,0.6,NA,4.60371562936487,NA,"model8","nt","gain_loss_trans"
"tl2.50_gl1.00_pr2.50_c50",2.5,1,50,0.2,NA,4.6986528738944,NA,"model8","nt","gain_loss_trans"
"tl5.00_gl1.00_pr2.50_c50",5,1,50,0.3,NA,4.57927683989997,NA,"model8","nt","gain_loss_trans"
"tl1.00_gl0.10_pr5.00_c50",1,0.1,50,0.8,NA,0.719030133259067,NA,"model8","nt","gain_loss_trans"
"tl1.50_gl0.10_pr5.00_c50",1.5,0.1,50,0.8,NA,0.306956661197004,NA,"model8","nt","gain_loss_trans"
"tl2.50_gl0.10_pr5.00_c50",2.5,0.1,50,0.3,NA,1.32963466408481,NA,"model8","nt","gain_loss_trans"
"tl5.00_gl0.10_pr5.00_c50",5,0.1,50,0.3,NA,6.17201226814679,NA,"model8","nt","gain_loss_trans"
"tl1.00_gl0.25_pr5.00_c50",1,0.25,50,0.8,NA,1.50534902267344,NA,"model8","nt","gain_loss_trans"
"tl1.50_gl0.25_pr5.00_c50",1.5,0.25,50,0.5,NA,1.29941152928558,NA,"model8","nt","gain_loss_trans"
"tl2.50_gl0.25_pr5.00_c50",2.5,0.25,50,0.1,NA,3.70705932125386,NA,"model8","nt","gain_loss_trans"
"tl5.00_gl0.25_pr5.00_c50",5,0.25,50,0.2,NA,6.36253286283136,NA,"model8","nt","gain_loss_trans"
"tl1.00_gl0.50_pr5.00_c50",1,0.5,50,0.9,NA,1.61862310800571,NA,"model8","nt","gain_loss_trans"
"tl1.50_gl0.50_pr5.00_c50",1.5,0.5,50,0.4,NA,1.6016232663918,NA,"model8","nt","gain_loss_trans"
"tl2.50_gl0.50_pr5.00_c50",2.5,0.5,50,0.2,NA,2.00629782271134,NA,"model8","nt","gain_loss_trans"
"tl5.00_gl0.50_pr5.00_c50",5,0.5,50,0.4,NA,6.49968713177922,NA,"model8","nt","gain_loss_trans"
"tl1.00_gl1.00_pr5.00_c50",1,1,50,0.9,NA,0.478892793317158,NA,"model8","nt","gain_loss_trans"
"tl1.50_gl1.00_pr5.00_c50",1.5,1,50,0.5,NA,2.12510703658654,NA,"model8","nt","gain_loss_trans"
"tl2.50_gl1.00_pr5.00_c50",2.5,1,50,0.2,NA,2.02628726666594,NA,"model8","nt","gain_loss_trans"
"tl5.00_gl1.00_pr5.00_c50",5,1,50,0.3,NA,6.87871609944378,NA,"model8","nt","gain_loss_trans"
"tl1.00_gl0.10_pr1.00_c100",1,0.1,100,0.6,NA,3.5756985954933,NA,"model8","nt","gain_loss_trans"
"tl1.50_gl0.10_pr1.00_c100",1.5,0.1,100,0.5,NA,3.49990419892757,NA,"model8","nt","gain_loss_trans"
"tl2.50_gl0.10_pr1.00_c100",2.5,0.1,100,0.6,NA,2.42953429140513,NA,"model8","nt","gain_loss_trans"
"tl5.00_gl0.10_pr1.00_c100",5,0.1,100,0.8,NA,0.990190118153519,NA,"model8","nt","gain_loss_trans"
"tl1.00_gl0.25_pr1.00_c100",1,0.25,100,0.5,NA,13.2325688946031,NA,"model8","nt","gain_loss_trans"
"tl1.50_gl0.25_pr1.00_c100",1.5,0.25,100,0.5,NA,9.71470771989862,NA,"model8","nt","gain_loss_trans"
"tl2.50_gl0.25_pr1.00_c100",2.5,0.25,100,0.7,NA,9.50865251120324,NA,"model8","nt","gain_loss_trans"
"tl5.00_gl0.25_pr1.00_c100",5,0.25,100,0.6,NA,11.265483458824,NA,"model8","nt","gain_loss_trans"
"tl1.00_gl0.50_pr1.00_c100",1,0.5,100,0.8,NA,5.37825992569658,NA,"model8","nt","gain_loss_trans"
"tl1.50_gl0.50_pr1.00_c100",1.5,0.5,100,0.5,NA,16.4220487729137,NA,"model8","nt","gain_loss_trans"
"tl2.50_gl0.50_pr1.00_c100",2.5,0.5,100,0.4,NA,10.1617051387438,NA,"model8","nt","gain_loss_trans"
"tl5.00_gl0.50_pr1.00_c100",5,0.5,100,0.3,NA,14.9987767426277,NA,"model8","nt","gain_loss_trans"
"tl1.00_gl1.00_pr1.00_c100",1,1,100,0.6,NA,13.5015476724556,NA,"model8","nt","gain_loss_trans"
"tl1.50_gl1.00_pr1.00_c100",1.5,1,100,0.5,NA,8.93022373543334,NA,"model8","nt","gain_loss_trans"
"tl2.50_gl1.00_pr1.00_c100",2.5,1,100,0.5,NA,16.2149545967554,NA,"model8","nt","gain_loss_trans"
"tl5.00_gl1.00_pr1.00_c100",5,1,100,0.7,NA,16.2370071937587,NA,"model8","nt","gain_loss_trans"
"tl1.00_gl0.10_pr2.50_c100",1,0.1,100,0.7,NA,2.43362603178025,NA,"model8","nt","gain_loss_trans"
"tl1.50_gl0.10_pr2.50_c100",1.5,0.1,100,0.7,NA,2.73735627778523,NA,"model8","nt","gain_loss_trans"
"tl2.50_gl0.10_pr2.50_c100",2.5,0.1,100,0.6,NA,1.31502880548527,NA,"model8","nt","gain_loss_trans"
"tl5.00_gl0.10_pr2.50_c100",5,0.1,100,0.5,NA,3.68783027773009,NA,"model8","nt","gain_loss_trans"
"tl1.00_gl0.25_pr2.50_c100",1,0.25,100,0.8,NA,6.22065464140188,NA,"model8","nt","gain_loss_trans"
"tl1.50_gl0.25_pr2.50_c100",1.5,0.25,100,0.7,NA,4.8372824621536,NA,"model8","nt","gain_loss_trans"
"tl2.50_gl0.25_pr2.50_c100",2.5,0.25,100,0.3,NA,9.06673507087203,NA,"model8","nt","gain_loss_trans"
"tl5.00_gl0.25_pr2.50_c100",5,0.25,100,0.1,NA,8.61874099179519,NA,"model8","nt","gain_loss_trans"
"tl1.00_gl0.50_pr2.50_c100",1,0.5,100,0.6,NA,2.93026984037218,NA,"model8","nt","gain_loss_trans"
"tl1.50_gl0.50_pr2.50_c100",1.5,0.5,100,0.6,NA,12.5558021553686,NA,"model8","nt","gain_loss_trans"
"tl2.50_gl0.50_pr2.50_c100",2.5,0.5,100,0.3,NA,3.87854509375659,NA,"model8","nt","gain_loss_trans"
"tl5.00_gl0.50_pr2.50_c100",5,0.5,100,0.3,NA,5.06637088152253,NA,"model8","nt","gain_loss_trans"
"tl1.00_gl1.00_pr2.50_c100",1,1,100,0.7,NA,5.4779997097229,NA,"model8","nt","gain_loss_trans"
"tl1.50_gl1.00_pr2.50_c100",1.5,1,100,0.3,NA,6.12649816653184,NA,"model8","nt","gain_loss_trans"
"tl2.50_gl1.00_pr2.50_c100",2.5,1,100,0.4,NA,21.0357990781631,NA,"model8","nt","gain_loss_trans"
"tl5.00_gl1.00_pr2.50_c100",5,1,100,0.3,NA,11.1483979859122,NA,"model8","nt","gain_loss_trans"
"tl1.00_gl0.10_pr5.00_c100",1,0.1,100,0.8,NA,0.591649204434963,NA,"model8","nt","gain_loss_trans"
"tl1.50_gl0.10_pr5.00_c100",1.5,0.1,100,0.3,NA,0.883347615998748,NA,"model8","nt","gain_loss_trans"
"tl2.50_gl0.10_pr5.00_c100",2.5,0.1,100,0.2,NA,1.38303062930804,NA,"model8","nt","gain_loss_trans"
"tl5.00_gl0.10_pr5.00_c100",5,0.1,100,0.3,NA,5.47934493689134,NA,"model8","nt","gain_loss_trans"
"tl1.00_gl0.25_pr5.00_c100",1,0.25,100,0.6,NA,1.37879691731935,NA,"model8","nt","gain_loss_trans"
"tl1.50_gl0.25_pr5.00_c100",1.5,0.25,100,0.1,NA,2.8733640577198,NA,"model8","nt","gain_loss_trans"
"tl2.50_gl0.25_pr5.00_c100",2.5,0.25,100,0.1,NA,4.07562422056822,NA,"model8","nt","gain_loss_trans"
"tl5.00_gl0.25_pr5.00_c100",5,0.25,100,0.1,NA,8.34860601824648,NA,"model8","nt","gain_loss_trans"
"tl1.00_gl0.50_pr5.00_c100",1,0.5,100,0.6,NA,3.34081991631067,NA,"model8","nt","gain_loss_trans"
"tl1.50_gl0.50_pr5.00_c100",1.5,0.5,100,0.2,NA,1.0349709900712,NA,"model8","nt","gain_loss_trans"
"tl2.50_gl0.50_pr5.00_c100",2.5,0.5,100,0.1,NA,7.67178298624488,NA,"model8","nt","gain_loss_trans"
"tl5.00_gl0.50_pr5.00_c100",5,0.5,100,0,NA,8.48322991812365,NA,"model8","nt","gain_loss_trans"
"tl1.00_gl1.00_pr5.00_c100",1,1,100,0.7,NA,2.71518043053678,NA,"model8","nt","gain_loss_trans"
"tl1.50_gl1.00_pr5.00_c100",1.5,1,100,0,NA,4.76625502773791,NA,"model8","nt","gain_loss_trans"
"tl2.50_gl1.00_pr5.00_c100",2.5,1,100,0.1,NA,6.26812234643333,NA,"model8","nt","gain_loss_trans"
"tl5.00_gl1.00_pr5.00_c100",5,1,100,0,NA,14.1444538618697,NA,"model8","nt","gain_loss_trans"
"tl1.00_gl0.10_pr1.00_c200",1,0.1,200,0.6,NA,5.2126634805168,NA,"model8","nt","gain_loss_trans"
"tl1.50_gl0.10_pr1.00_c200",1.5,0.1,200,0.4,NA,5.49564332936219,NA,"model8","nt","gain_loss_trans"
"tl2.50_gl0.10_pr1.00_c200",2.5,0.1,200,0.6,NA,6.45009068482101,NA,"model8","nt","gain_loss_trans"
"tl5.00_gl0.10_pr1.00_c200",5,0.1,200,0.7,NA,5.1995925177182,NA,"model8","nt","gain_loss_trans"
"tl1.00_gl0.25_pr1.00_c200",1,0.25,200,0.5,NA,10.4745962520043,NA,"model8","nt","gain_loss_trans"
"tl1.50_gl0.25_pr1.00_c200",1.5,0.25,200,0.5,NA,15.8685743007709,NA,"model8","nt","gain_loss_trans"
"tl2.50_gl0.25_pr1.00_c200",2.5,0.25,200,0.6,NA,17.716767808288,NA,"model8","nt","gain_loss_trans"
"tl5.00_gl0.25_pr1.00_c200",5,0.25,200,0.4,NA,18.5749240016376,NA,"model8","nt","gain_loss_trans"
"tl1.00_gl0.50_pr1.00_c200",1,0.5,200,0.6,NA,16.8134650621193,NA,"model8","nt","gain_loss_trans"
"tl1.50_gl0.50_pr1.00_c200",1.5,0.5,200,0.5,NA,18.1140357976129,NA,"model8","nt","gain_loss_trans"
"tl2.50_gl0.50_pr1.00_c200",2.5,0.5,200,0.6,NA,27.1726763220677,NA,"model8","nt","gain_loss_trans"
"tl5.00_gl0.50_pr1.00_c200",5,0.5,200,0.5,NA,34.4855264083578,NA,"model8","nt","gain_loss_trans"
"tl1.00_gl1.00_pr1.00_c200",1,1,200,0.6,NA,24.3540167788592,NA,"model8","nt","gain_loss_trans"
"tl1.50_gl1.00_pr1.00_c200",1.5,1,200,0.5,NA,34.9672566569515,NA,"model8","nt","gain_loss_trans"
"tl2.50_gl1.00_pr1.00_c200",2.5,1,200,0.5,NA,42.7934153516831,NA,"model8","nt","gain_loss_trans"
"tl5.00_gl1.00_pr1.00_c200",5,1,200,0.3,NA,38.0855438682572,NA,"model8","nt","gain_loss_trans"
"tl1.00_gl0.10_pr2.50_c200",1,0.1,200,0.7,NA,1.22987730997995,NA,"model8","nt","gain_loss_trans"
"tl1.50_gl0.10_pr2.50_c200",1.5,0.1,200,0.4,NA,1.46601110665653,NA,"model8","nt","gain_loss_trans"
"tl2.50_gl0.10_pr2.50_c200",2.5,0.1,200,0.3,NA,2.96979289383401,NA,"model8","nt","gain_loss_trans"
"tl5.00_gl0.10_pr2.50_c200",5,0.1,200,0.2,NA,6.44809189073141,NA,"model8","nt","gain_loss_trans"
"tl1.00_gl0.25_pr2.50_c200",1,0.25,200,0.7,NA,7.98843451344791,NA,"model8","nt","gain_loss_trans"
"tl1.50_gl0.25_pr2.50_c200",1.5,0.25,200,0.3,NA,7.25214024807806,NA,"model8","nt","gain_loss_trans"
"tl2.50_gl0.25_pr2.50_c200",2.5,0.25,200,0.3,NA,9.896559800128,NA,"model8","nt","gain_loss_trans"
"tl5.00_gl0.25_pr2.50_c200",5,0.25,200,0.2,NA,13.6245270084814,NA,"model8","nt","gain_loss_trans"
"tl1.00_gl0.50_pr2.50_c200",1,0.5,200,0.6,NA,11.0968625596883,NA,"model8","nt","gain_loss_trans"
"tl1.50_gl0.50_pr2.50_c200",1.5,0.5,200,0.444444444444444,NA,17.7012502774798,NA,"model8","nt","gain_loss_trans"
"tl2.50_gl0.50_pr2.50_c200",2.5,0.5,200,0.3,NA,17.4944381487779,NA,"model8","nt","gain_loss_trans"
"tl5.00_gl0.50_pr2.50_c200",5,0.5,200,0.2,NA,21.1907775266515,NA,"model8","nt","gain_loss_trans"
"tl1.00_gl1.00_pr2.50_c200",1,1,200,0.7,NA,10.9340981680368,NA,"model8","nt","gain_loss_trans"
"tl1.50_gl1.00_pr2.50_c200",1.5,1,200,0.3,NA,12.8110300391353,NA,"model8","nt","gain_loss_trans"
"tl2.50_gl1.00_pr2.50_c200",2.5,1,200,0.3,NA,19.010322018275,NA,"model8","nt","gain_loss_trans"
"tl5.00_gl1.00_pr2.50_c200",5,1,200,0.3,NA,48.3291675793572,NA,"model8","nt","gain_loss_trans"
"tl1.00_gl0.10_pr5.00_c200",1,0.1,200,0.111111111111111,NA,0.997472371817979,NA,"model8","nt","gain_loss_trans"
"tl1.50_gl0.10_pr5.00_c200",1.5,0.1,200,0,NA,1.49542406054099,NA,"model8","nt","gain_loss_trans"
"tl2.50_gl0.10_pr5.00_c200",2.5,0.1,200,0,NA,2.8173201712622,NA,"model8","nt","gain_loss_trans"
"tl5.00_gl0.10_pr5.00_c200",5,0.1,200,0.1,NA,8.6157641401105,NA,"model8","nt","gain_loss_trans"
"tl1.00_gl0.25_pr5.00_c200",1,0.25,200,0.333333333333333,NA,1.64456244927414,NA,"model8","nt","gain_loss_trans"
"tl1.50_gl0.25_pr5.00_c200",1.5,0.25,200,0,NA,5.0092949839347,NA,"model8","nt","gain_loss_trans"
"tl2.50_gl0.25_pr5.00_c200",2.5,0.25,200,0.1,NA,5.50686747104028,NA,"model8","nt","gain_loss_trans"
"tl5.00_gl0.25_pr5.00_c200",5,0.25,200,0,NA,16.3790521934945,NA,"model8","nt","gain_loss_trans"
"tl1.00_gl0.50_pr5.00_c200",1,0.5,200,0,NA,4.00137276569929,NA,"model8","nt","gain_loss_trans"
"tl1.50_gl0.50_pr5.00_c200",1.5,0.5,200,0,NA,7.5464813654605,NA,"model8","nt","gain_loss_trans"
"tl2.50_gl0.50_pr5.00_c200",2.5,0.5,200,0,NA,13.0677300246909,NA,"model8","nt","gain_loss_trans"
"tl5.00_gl0.50_pr5.00_c200",5,0.5,200,0,NA,19.0801566981384,NA,"model8","nt","gain_loss_trans"
"tl1.00_gl1.00_pr5.00_c200",1,1,200,0,NA,4.86942045979695,NA,"model8","nt","gain_loss_trans"
"tl1.50_gl1.00_pr5.00_c200",1.5,1,200,0,NA,6.19545397601901,NA,"model8","nt","gain_loss_trans"
"tl2.50_gl1.00_pr5.00_c200",2.5,1,200,0,NA,17.2788745948583,NA,"model8","nt","gain_loss_trans"
"tl5.00_gl1.00_pr5.00_c200",5,1,200,0,NA,18.9449591109222,NA,"model8","nt","gain_loss_trans"
"tl1.00_gl0.10_pr1.00_c25",1,0.1,25,1,NA,0.15059439727989,NA,"model9","nt","gain_loss_trans"
"tl1.50_gl0.10_pr1.00_c25",1.5,0.1,25,1,NA,0.0764334824929558,NA,"model9","nt","gain_loss_trans"
"tl2.50_gl0.10_pr1.00_c25",2.5,0.1,25,1,NA,0.589986917293381,NA,"model9","nt","gain_loss_trans"
"tl5.00_gl0.10_pr1.00_c25",5,0.1,25,0,NA,7.5037080133372,NA,"model9","nt","gain_loss_trans"
"tl1.00_gl0.25_pr1.00_c25",1,0.25,25,1,NA,0.12490055568284,NA,"model9","nt","gain_loss_trans"
"tl1.50_gl0.25_pr1.00_c25",1.5,0.25,25,1,NA,0.114042937222932,NA,"model9","nt","gain_loss_trans"
"tl2.50_gl0.25_pr1.00_c25",2.5,0.25,25,0.9,NA,0.593363270939081,NA,"model9","nt","gain_loss_trans"
"tl5.00_gl0.25_pr1.00_c25",5,0.25,25,0.2,NA,7.02341700121434,NA,"model9","nt","gain_loss_trans"
"tl1.00_gl0.50_pr1.00_c25",1,0.5,25,1,NA,0.188440739295145,NA,"model9","nt","gain_loss_trans"
"tl1.50_gl0.50_pr1.00_c25",1.5,0.5,25,1,NA,0.196946969325404,NA,"model9","nt","gain_loss_trans"
"tl2.50_gl0.50_pr1.00_c25",2.5,0.5,25,0.9,NA,0.602914148998784,NA,"model9","nt","gain_loss_trans"
"tl5.00_gl0.50_pr1.00_c25",5,0.5,25,0.1,NA,7.07616423771381,NA,"model9","nt","gain_loss_trans"
"tl1.00_gl1.00_pr1.00_c25",1,1,25,1,NA,0.103566173677433,NA,"model9","nt","gain_loss_trans"
"tl1.50_gl1.00_pr1.00_c25",1.5,1,25,1,NA,0.132999236711945,NA,"model9","nt","gain_loss_trans"
"tl2.50_gl1.00_pr1.00_c25",2.5,1,25,0.9,NA,0.676035410122236,NA,"model9","nt","gain_loss_trans"
"tl5.00_gl1.00_pr1.00_c25",5,1,25,0.2,NA,6.40471687815226,NA,"model9","nt","gain_loss_trans"
"tl1.00_gl0.10_pr2.50_c25",1,0.1,25,1,NA,0.0484524330028205,NA,"model9","nt","gain_loss_trans"
"tl1.50_gl0.10_pr2.50_c25",1.5,0.1,25,1,NA,0.116558890305067,NA,"model9","nt","gain_loss_trans"
"tl2.50_gl0.10_pr2.50_c25",2.5,0.1,25,0.8,NA,1.07058270388857,NA,"model9","nt","gain_loss_trans"
"tl5.00_gl0.10_pr2.50_c25",5,0.1,25,0,NA,8.63720689245367,NA,"model9","nt","gain_loss_trans"
"tl1.00_gl0.25_pr2.50_c25",1,0.25,25,1,NA,0.0808815113459451,NA,"model9","nt","gain_loss_trans"
"tl1.50_gl0.25_pr2.50_c25",1.5,0.25,25,1,NA,0.191157447333857,NA,"model9","nt","gain_loss_trans"
"tl2.50_gl0.25_pr2.50_c25",2.5,0.25,25,0.7,NA,1.33787064838195,NA,"model9","nt","gain_loss_trans"
"tl5.00_gl0.25_pr2.50_c25",5,0.25,25,0,NA,7.66547545301915,NA,"model9","nt","gain_loss_trans"
"tl1.00_gl0.50_pr2.50_c25",1,0.5,25,1,NA,0.189418957595615,NA,"model9","nt","gain_loss_trans"
"tl1.50_gl0.50_pr2.50_c25",1.5,0.5,25,0.9,NA,0.22787586282797,NA,"model9","nt","gain_loss_trans"
"tl2.50_gl0.50_pr2.50_c25",2.5,0.5,25,0.5,NA,1.42720725050543,NA,"model9","nt","gain_loss_trans"
"tl5.00_gl0.50_pr2.50_c25",5,0.5,25,0,NA,9.07689244609629,NA,"model9","nt","gain_loss_trans"
"tl1.00_gl1.00_pr2.50_c25",1,1,25,1,NA,0.068679355362801,NA,"model9","nt","gain_loss_trans"
"tl1.50_gl1.00_pr2.50_c25",1.5,1,25,0.9,NA,0.240428261034564,NA,"model9","nt","gain_loss_trans"
"tl2.50_gl1.00_pr2.50_c25",2.5,1,25,0.4,NA,1.58453191420148,NA,"model9","nt","gain_loss_trans"
"tl5.00_gl1.00_pr2.50_c25",5,1,25,0,NA,8.92116507179982,NA,"model9","nt","gain_loss_trans"
"tl1.00_gl0.10_pr5.00_c25",1,0.1,25,1,NA,0.0579315631900885,NA,"model9","nt","gain_loss_trans"
"tl1.50_gl0.10_pr5.00_c25",1.5,0.1,25,1,NA,0.175619295288286,NA,"model9","nt","gain_loss_trans"
"tl2.50_gl0.10_pr5.00_c25",2.5,0.1,25,0.7,NA,1.22560730421312,NA,"model9","nt","gain_loss_trans"
"tl5.00_gl0.10_pr5.00_c25",5,0.1,25,0,NA,9.97427824283321,NA,"model9","nt","gain_loss_trans"
"tl1.00_gl0.25_pr5.00_c25",1,0.25,25,1,NA,0.157798113403531,NA,"model9","nt","gain_loss_trans"
"tl1.50_gl0.25_pr5.00_c25",1.5,0.25,25,0.9,NA,0.257309612857586,NA,"model9","nt","gain_loss_trans"
"tl2.50_gl0.25_pr5.00_c25",2.5,0.25,25,0.5,NA,1.51424311420621,NA,"model9","nt","gain_loss_trans"
"tl5.00_gl0.25_pr5.00_c25",5,0.25,25,0,NA,10.0547225838475,NA,"model9","nt","gain_loss_trans"
"tl1.00_gl0.50_pr5.00_c25",1,0.5,25,0.9,NA,0.141338661470928,NA,"model9","nt","gain_loss_trans"
"tl1.50_gl0.50_pr5.00_c25",1.5,0.5,25,0.9,NA,0.379417524867176,NA,"model9","nt","gain_loss_trans"
"tl2.50_gl0.50_pr5.00_c25",2.5,0.5,25,0.4,NA,1.702817752465,NA,"model9","nt","gain_loss_trans"
"tl5.00_gl0.50_pr5.00_c25",5,0.5,25,0,NA,11.0984838048517,NA,"model9","nt","gain_loss_trans"
"tl1.00_gl1.00_pr5.00_c25",1,1,25,1,NA,0.166807770377416,NA,"model9","nt","gain_loss_trans"
"tl1.50_gl1.00_pr5.00_c25",1.5,1,25,0.7,NA,0.390869130100785,NA,"model9","nt","gain_loss_trans"
"tl2.50_gl1.00_pr5.00_c25",2.5,1,25,0.4,NA,1.6915964072863,NA,"model9","nt","gain_loss_trans"
"tl5.00_gl1.00_pr5.00_c25",5,1,25,0,NA,10.9400095656854,NA,"model9","nt","gain_loss_trans"
"tl1.00_gl0.10_pr1.00_c50",1,0.1,50,1,NA,0.111743690596593,NA,"model9","nt","gain_loss_trans"
"tl1.50_gl0.10_pr1.00_c50",1.5,0.1,50,1,NA,0.087136424572085,NA,"model9","nt","gain_loss_trans"
"tl2.50_gl0.10_pr1.00_c50",2.5,0.1,50,1,NA,0.524555528577662,NA,"model9","nt","gain_loss_trans"
"tl5.00_gl0.10_pr1.00_c50",5,0.1,50,0.2,NA,6.83725354570868,NA,"model9","nt","gain_loss_trans"
"tl1.00_gl0.25_pr1.00_c50",1,0.25,50,1,NA,0.19939606955014,NA,"model9","nt","gain_loss_trans"
"tl1.50_gl0.25_pr1.00_c50",1.5,0.25,50,1,NA,0.101368797020893,NA,"model9","nt","gain_loss_trans"
"tl2.50_gl0.25_pr1.00_c50",2.5,0.25,50,1,NA,0.55807472204075,NA,"model9","nt","gain_loss_trans"
"tl5.00_gl0.25_pr1.00_c50",5,0.25,50,0.3,NA,5.82776458997195,NA,"model9","nt","gain_loss_trans"
"tl1.00_gl0.50_pr1.00_c50",1,0.5,50,0.9,NA,0.119589936869969,NA,"model9","nt","gain_loss_trans"
"tl1.50_gl0.50_pr1.00_c50",1.5,0.5,50,1,NA,0.115925256212292,NA,"model9","nt","gain_loss_trans"
"tl2.50_gl0.50_pr1.00_c50",2.5,0.5,50,0.8,NA,0.635272119649249,NA,"model9","nt","gain_loss_trans"
"tl5.00_gl0.50_pr1.00_c50",5,0.5,50,0.3,NA,5.87573840908883,NA,"model9","nt","gain_loss_trans"
"tl1.00_gl1.00_pr1.00_c50",1,1,50,1,NA,0.0732424987810495,NA,"model9","nt","gain_loss_trans"
"tl1.50_gl1.00_pr1.00_c50",1.5,1,50,1,NA,0.227219515628657,NA,"model9","nt","gain_loss_trans"
"tl2.50_gl1.00_pr1.00_c50",2.5,1,50,0.8,NA,0.693200336782339,NA,"model9","nt","gain_loss_trans"
"tl5.00_gl1.00_pr1.00_c50",5,1,50,0.4,NA,5.97219764419776,NA,"model9","nt","gain_loss_trans"
"tl1.00_gl0.10_pr2.50_c50",1,0.1,50,1,NA,0.10685168384616,NA,"model9","nt","gain_loss_trans"
"tl1.50_gl0.10_pr2.50_c50",1.5,0.1,50,0.9,NA,0.208136275062325,NA,"model9","nt","gain_loss_trans"
"tl2.50_gl0.10_pr2.50_c50",2.5,0.1,50,0.6,NA,1.27110211838694,NA,"model9","nt","gain_loss_trans"
"tl5.00_gl0.10_pr2.50_c50",5,0.1,50,0,NA,8.3858353906504,NA,"model9","nt","gain_loss_trans"
"tl1.00_gl0.25_pr2.50_c50",1,0.25,50,0.9,NA,0.12758797195929,NA,"model9","nt","gain_loss_trans"
"tl1.50_gl0.25_pr2.50_c50",1.5,0.25,50,0.8,NA,0.266711171031659,NA,"model9","nt","gain_loss_trans"
"tl2.50_gl0.25_pr2.50_c50",2.5,0.25,50,0.5,NA,1.2939641141162,NA,"model9","nt","gain_loss_trans"
"tl5.00_gl0.25_pr2.50_c50",5,0.25,50,0.1,NA,7.97591872680566,NA,"model9","nt","gain_loss_trans"
"tl1.00_gl0.50_pr2.50_c50",1,0.5,50,0.8,NA,0.20225880587254,NA,"model9","nt","gain_loss_trans"
"tl1.50_gl0.50_pr2.50_c50",1.5,0.5,50,0.6,NA,0.359573422614051,NA,"model9","nt","gain_loss_trans"
"tl2.50_gl0.50_pr2.50_c50",2.5,0.5,50,0.4,NA,1.39639073533098,NA,"model9","nt","gain_loss_trans"
"tl5.00_gl0.50_pr2.50_c50",5,0.5,50,0,NA,7.6205882345461,NA,"model9","nt","gain_loss_trans"
"tl1.00_gl1.00_pr2.50_c50",1,1,50,1,NA,0.172760935186015,NA,"model9","nt","gain_loss_trans"
"tl1.50_gl1.00_pr2.50_c50",1.5,1,50,0.7,NA,0.377988777669301,NA,"model9","nt","gain_loss_trans"
"tl2.50_gl1.00_pr2.50_c50",2.5,1,50,0.4,NA,1.34915183267743,NA,"model9","nt","gain_loss_trans"
"tl5.00_gl1.00_pr2.50_c50",5,1,50,0,NA,7.99474878191713,NA,"model9","nt","gain_loss_trans"
"tl1.00_gl0.10_pr5.00_c50",1,0.1,50,0.9,NA,0.138820698481056,NA,"model9","nt","gain_loss_trans"
"tl1.50_gl0.10_pr5.00_c50",1.5,0.1,50,0.7,NA,0.364726227862017,NA,"model9","nt","gain_loss_trans"
"tl2.50_gl0.10_pr5.00_c50",2.5,0.1,50,0.3,NA,1.52441256630826,NA,"model9","nt","gain_loss_trans"
"tl5.00_gl0.10_pr5.00_c50",5,0.1,50,0,NA,10.3988395215705,NA,"model9","nt","gain_loss_trans"
"tl1.00_gl0.25_pr5.00_c50",1,0.25,50,0.8,NA,0.185759647288169,NA,"model9","nt","gain_loss_trans"
"tl1.50_gl0.25_pr5.00_c50",1.5,0.25,50,0.6,NA,0.417827762323753,NA,"model9","nt","gain_loss_trans"
"tl2.50_gl0.25_pr5.00_c50",2.5,0.25,50,0.2,NA,1.97763538112181,NA,"model9","nt","gain_loss_trans"
"tl5.00_gl0.25_pr5.00_c50",5,0.25,50,0,NA,10.8912398977649,NA,"model9","nt","gain_loss_trans"
"tl1.00_gl0.50_pr5.00_c50",1,0.5,50,0.9,NA,0.216937714592285,NA,"model9","nt","gain_loss_trans"
"tl1.50_gl0.50_pr5.00_c50",1.5,0.5,50,0.5,NA,0.461858393089864,NA,"model9","nt","gain_loss_trans"
"tl2.50_gl0.50_pr5.00_c50",2.5,0.5,50,0.3,NA,2.12396188064254,NA,"model9","nt","gain_loss_trans"
"tl5.00_gl0.50_pr5.00_c50",5,0.5,50,0,NA,10.7999324655601,NA,"model9","nt","gain_loss_trans"
"tl1.00_gl1.00_pr5.00_c50",1,1,50,0.6,NA,0.233437973395769,NA,"model9","nt","gain_loss_trans"
"tl1.50_gl1.00_pr5.00_c50",1.5,1,50,0.5,NA,0.49876308073779,NA,"model9","nt","gain_loss_trans"
"tl2.50_gl1.00_pr5.00_c50",2.5,1,50,0.2,NA,1.76984157354714,NA,"model9","nt","gain_loss_trans"
"tl5.00_gl1.00_pr5.00_c50",5,1,50,0,NA,11.6362633175338,NA,"model9","nt","gain_loss_trans"
"tl1.00_gl0.10_pr1.00_c100",1,0.1,100,1,NA,0.06671547631153,NA,"model9","nt","gain_loss_trans"
"tl1.50_gl0.10_pr1.00_c100",1.5,0.1,100,1,NA,0.0497712386369658,NA,"model9","nt","gain_loss_trans"
"tl2.50_gl0.10_pr1.00_c100",2.5,0.1,100,0.9,NA,0.517143829431341,NA,"model9","nt","gain_loss_trans"
"tl5.00_gl0.10_pr1.00_c100",5,0.1,100,0.1,NA,6.1116376001189,NA,"model9","nt","gain_loss_trans"
"tl1.00_gl0.25_pr1.00_c100",1,0.25,100,1,NA,0.146653170233854,NA,"model9","nt","gain_loss_trans"
"tl1.50_gl0.25_pr1.00_c100",1.5,0.25,100,1,NA,0.0953332880683612,NA,"model9","nt","gain_loss_trans"
"tl2.50_gl0.25_pr1.00_c100",2.5,0.25,100,0.9,NA,0.525260137245251,NA,"model9","nt","gain_loss_trans"
"tl5.00_gl0.25_pr1.00_c100",5,0.25,100,0.5,NA,5.14945141202771,NA,"model9","nt","gain_loss_trans"
"tl1.00_gl0.50_pr1.00_c100",1,0.5,100,1,NA,0.186632548313508,NA,"model9","nt","gain_loss_trans"
"tl1.50_gl0.50_pr1.00_c100",1.5,0.5,100,1,NA,0.172609446487217,NA,"model9","nt","gain_loss_trans"
"tl2.50_gl0.50_pr1.00_c100",2.5,0.5,100,1,NA,0.27968927567007,NA,"model9","nt","gain_loss_trans"
"tl5.00_gl0.50_pr1.00_c100",5,0.5,100,0.4,NA,5.76911305418431,NA,"model9","nt","gain_loss_trans"
"tl1.00_gl1.00_pr1.00_c100",1,1,100,0.9,NA,0.337105003820629,NA,"model9","nt","gain_loss_trans"
"tl1.50_gl1.00_pr1.00_c100",1.5,1,100,1,NA,0.147854647035447,NA,"model9","nt","gain_loss_trans"
"tl2.50_gl1.00_pr1.00_c100",2.5,1,100,0.9,NA,0.309181137461979,NA,"model9","nt","gain_loss_trans"
"tl5.00_gl1.00_pr1.00_c100",5,1,100,0.4,NA,5.64056315908238,NA,"model9","nt","gain_loss_trans"
"tl1.00_gl0.10_pr2.50_c100",1,0.1,100,1,NA,0.114371152126995,NA,"model9","nt","gain_loss_trans"
"tl1.50_gl0.10_pr2.50_c100",1.5,0.1,100,0.9,NA,0.161302430677316,NA,"model9","nt","gain_loss_trans"
"tl2.50_gl0.10_pr2.50_c100",2.5,0.1,100,0.8,NA,0.953769613358739,NA,"model9","nt","gain_loss_trans"
"tl5.00_gl0.10_pr2.50_c100",5,0.1,100,0,NA,8.3847377444441,NA,"model9","nt","gain_loss_trans"
"tl1.00_gl0.25_pr2.50_c100",1,0.25,100,0.9,NA,0.22466955302131,NA,"model9","nt","gain_loss_trans"
"tl1.50_gl0.25_pr2.50_c100",1.5,0.25,100,0.8,NA,0.259679054911137,NA,"model9","nt","gain_loss_trans"
"tl2.50_gl0.25_pr2.50_c100",2.5,0.25,100,0.5,NA,1.13475193351637,NA,"model9","nt","gain_loss_trans"
"tl5.00_gl0.25_pr2.50_c100",5,0.25,100,0,NA,8.06678770338686,NA,"model9","nt","gain_loss_trans"
"tl1.00_gl0.50_pr2.50_c100",1,0.5,100,0.7,NA,0.233956436869296,NA,"model9","nt","gain_loss_trans"
"tl1.50_gl0.50_pr2.50_c100",1.5,0.5,100,0.6,NA,0.393586243667365,NA,"model9","nt","gain_loss_trans"
"tl2.50_gl0.50_pr2.50_c100",2.5,0.5,100,0.5,NA,1.26276716156486,NA,"model9","nt","gain_loss_trans"
"tl5.00_gl0.50_pr2.50_c100",5,0.5,100,0,NA,7.07778270241437,NA,"model9","nt","gain_loss_trans"
"tl1.00_gl1.00_pr2.50_c100",1,1,100,0.625,NA,0.168145536224569,NA,"model9","nt","gain_loss_trans"
"tl1.50_gl1.00_pr2.50_c100",1.5,1,100,0.375,NA,0.519380781979945,NA,"model9","nt","gain_loss_trans"
"tl2.50_gl1.00_pr2.50_c100",2.5,1,100,0.166666666666667,NA,1.41993031964892,NA,"model9","nt","gain_loss_trans"
"tl5.00_gl1.00_pr2.50_c100",5,1,100,0,NA,7.52576113347014,NA,"model9","nt","gain_loss_trans"
"tl1.00_gl0.10_pr5.00_c100",1,0.1,100,0.857142857142857,NA,0.155306537071052,NA,"model9","nt","gain_loss_trans"
"tl1.50_gl0.10_pr5.00_c100",1.5,0.1,100,0,NA,0.644686398444874,NA,"model9","nt","gain_loss_trans"
"tl2.50_gl0.10_pr5.00_c100",2.5,0.1,100,0,NA,2.25142105859373,NA,"model9","nt","gain_loss_trans"
"tl5.00_gl0.10_pr5.00_c100",5,0.1,100,0,NA,10.2824431260036,NA,"model9","nt","gain_loss_trans"
"tl1.00_gl0.25_pr5.00_c100",1,0.25,100,0.5,NA,0.238604628955523,NA,"model9","nt","gain_loss_trans"
"tl1.50_gl0.25_pr5.00_c100",1.5,0.25,100,0.142857142857143,NA,0.740176587234567,NA,"model9","nt","gain_loss_trans"
"tl2.50_gl0.25_pr5.00_c100",2.5,0.25,100,0,NA,2.38211991426014,NA,"model9","nt","gain_loss_trans"
"tl5.00_gl0.25_pr5.00_c100",5,0.25,100,0,NA,11.2734504793982,NA,"model9","nt","gain_loss_trans"
"tl1.00_gl0.50_pr5.00_c100",1,0.5,100,0.375,NA,0.264608099678472,NA,"model9","nt","gain_loss_trans"
"tl1.50_gl0.50_pr5.00_c100",1.5,0.5,100,0,NA,0.858942516305125,NA,"model9","nt","gain_loss_trans"
"tl2.50_gl0.50_pr5.00_c100",2.5,0.5,100,0,NA,2.63005976630294,NA,"model9","nt","gain_loss_trans"
"tl5.00_gl0.50_pr5.00_c100",5,0.5,100,0,NA,11.7198829152837,NA,"model9","nt","gain_loss_trans"
"tl1.00_gl1.00_pr5.00_c100",1,1,100,0.142857142857143,NA,0.296310813566095,NA,"model9","nt","gain_loss_trans"
"tl1.50_gl1.00_pr5.00_c100",1.5,1,100,0.111111111111111,NA,0.700316127014455,NA,"model9","nt","gain_loss_trans"
"tl2.50_gl1.00_pr5.00_c100",2.5,1,100,0,NA,2.43488453958626,NA,"model9","nt","gain_loss_trans"
"tl5.00_gl1.00_pr5.00_c100",5,1,100,0,NA,11.5811303775739,NA,"model9","nt","gain_loss_trans"
"tl1.00_gl0.10_pr1.00_c200",1,0.1,200,1,NA,0.0160132080512597,NA,"model9","nt","gain_loss_trans"
"tl1.50_gl0.10_pr1.00_c200",1.5,0.1,200,1,NA,0.0731026459607529,NA,"model9","nt","gain_loss_trans"
"tl2.50_gl0.10_pr1.00_c200",2.5,0.1,200,1,NA,0.265759303887148,NA,"model9","nt","gain_loss_trans"
"tl5.00_gl0.10_pr1.00_c200",5,0.1,200,0,NA,4.12664647687531,NA,"model9","nt","gain_loss_trans"
"tl1.00_gl0.25_pr1.00_c200",1,0.25,200,1,NA,0.00718329320495718,NA,"model9","nt","gain_loss_trans"
"tl1.50_gl0.25_pr1.00_c200",1.5,0.25,200,1,NA,0.11740849183251,NA,"model9","nt","gain_loss_trans"
"tl2.50_gl0.25_pr1.00_c200",2.5,0.25,200,1,NA,0.28133200478252,NA,"model9","nt","gain_loss_trans"
"tl5.00_gl0.25_pr1.00_c200",5,0.25,200,1,NA,4.4651983130572,NA,"model9","nt","gain_loss_trans"
"tl1.00_gl0.50_pr1.00_c200",1,0.5,200,1,NA,0.0186482517413758,NA,"model9","nt","gain_loss_trans"
"tl1.50_gl0.50_pr1.00_c200",1.5,0.5,200,1,NA,0.10092899049611,NA,"model9","nt","gain_loss_trans"
"tl2.50_gl0.50_pr1.00_c200",2.5,0.5,200,1,NA,0.511238377363906,NA,"model9","nt","gain_loss_trans"
"tl5.00_gl0.50_pr1.00_c200",5,0.5,200,NA,NA,NA,NA,"model9","nt","gain_loss_trans"
"tl1.00_gl1.00_pr1.00_c200",1,1,200,1,NA,0.0454216271984401,NA,"model9","nt","gain_loss_trans"
"tl1.50_gl1.00_pr1.00_c200",1.5,1,200,1,NA,0.0827212928852316,NA,"model9","nt","gain_loss_trans"
"tl2.50_gl1.00_pr1.00_c200",2.5,1,200,1,NA,0.409047458429345,NA,"model9","nt","gain_loss_trans"
"tl5.00_gl1.00_pr1.00_c200",5,1,200,NA,NA,NA,NA,"model9","nt","gain_loss_trans"
"tl1.00_gl0.10_pr2.50_c200",1,0.1,200,0.714285714285714,NA,0.0925381849825903,NA,"model9","nt","gain_loss_trans"
"tl1.50_gl0.10_pr2.50_c200",1.5,0.1,200,0.4,NA,0.333383708822029,NA,"model9","nt","gain_loss_trans"
"tl2.50_gl0.10_pr2.50_c200",2.5,0.1,200,0,NA,1.33221742710476,NA,"model9","nt","gain_loss_trans"
"tl5.00_gl0.10_pr2.50_c200",5,0.1,200,0,NA,7.04446833413096,NA,"model9","nt","gain_loss_trans"
"tl1.00_gl0.25_pr2.50_c200",1,0.25,200,0.2,NA,0.174030013611104,NA,"model9","nt","gain_loss_trans"
"tl1.50_gl0.25_pr2.50_c200",1.5,0.25,200,0,NA,0.505586707942928,NA,"model9","nt","gain_loss_trans"
"tl2.50_gl0.25_pr2.50_c200",2.5,0.25,200,0.2,NA,1.40716340223467,NA,"model9","nt","gain_loss_trans"
"tl5.00_gl0.25_pr2.50_c200",5,0.25,200,NA,NA,NA,NA,"model9","nt","gain_loss_trans"
"tl1.00_gl0.50_pr2.50_c200",1,0.5,200,0.2,NA,0.224650029721388,NA,"model9","nt","gain_loss_trans"
"tl1.50_gl0.50_pr2.50_c200",1.5,0.5,200,0.142857142857143,NA,0.527723102741642,NA,"model9","nt","gain_loss_trans"
"tl2.50_gl0.50_pr2.50_c200",2.5,0.5,200,0.166666666666667,NA,1.54213046298133,NA,"model9","nt","gain_loss_trans"
"tl5.00_gl0.50_pr2.50_c200",5,0.5,200,0,NA,7.34686329422792,NA,"model9","nt","gain_loss_trans"
"tl1.00_gl1.00_pr2.50_c200",1,1,200,0.166666666666667,NA,0.239475031638235,NA,"model9","nt","gain_loss_trans"
"tl1.50_gl1.00_pr2.50_c200",1.5,1,200,0,NA,0.652663914789557,NA,"model9","nt","gain_loss_trans"
"tl2.50_gl1.00_pr2.50_c200",2.5,1,200,0,NA,1.72298197143633,NA,"model9","nt","gain_loss_trans"
"tl5.00_gl1.00_pr2.50_c200",5,1,200,0,NA,6.95810736799555,NA,"model9","nt","gain_loss_trans"
"tl1.00_gl0.10_pr5.00_c200",1,0.1,200,0,NA,0.308485258643238,NA,"model9","nt","gain_loss_trans"
"tl1.50_gl0.10_pr5.00_c200",1.5,0.1,200,0,NA,0.615060490778018,NA,"model9","nt","gain_loss_trans"
"tl2.50_gl0.10_pr5.00_c200",2.5,0.1,200,0,NA,2.36852861070684,NA,"model9","nt","gain_loss_trans"
"tl5.00_gl0.10_pr5.00_c200",5,0.1,200,0,NA,12.1033033046929,NA,"model9","nt","gain_loss_trans"
"tl1.00_gl0.25_pr5.00_c200",1,0.25,200,0,NA,0.338421493662856,NA,"model9","nt","gain_loss_trans"
"tl1.50_gl0.25_pr5.00_c200",1.5,0.25,200,0,NA,0.844304424080962,NA,"model9","nt","gain_loss_trans"
"tl2.50_gl0.25_pr5.00_c200",2.5,0.25,200,0,NA,2.65088212591982,NA,"model9","nt","gain_loss_trans"
"tl5.00_gl0.25_pr5.00_c200",5,0.25,200,0,NA,11.1017360170623,NA,"model9","nt","gain_loss_trans"
"tl1.00_gl0.50_pr5.00_c200",1,0.5,200,0,NA,0.413444037300024,NA,"model9","nt","gain_loss_trans"
"tl1.50_gl0.50_pr5.00_c200",1.5,0.5,200,0,NA,0.898532778033753,NA,"model9","nt","gain_loss_trans"
"tl2.50_gl0.50_pr5.00_c200",2.5,0.5,200,0,NA,2.85028476306792,NA,"model9","nt","gain_loss_trans"
"tl5.00_gl0.50_pr5.00_c200",5,0.5,200,0,NA,11.8460158317205,NA,"model9","nt","gain_loss_trans"
"tl1.00_gl1.00_pr5.00_c200",1,1,200,0,NA,0.403528424669572,NA,"model9","nt","gain_loss_trans"
"tl1.50_gl1.00_pr5.00_c200",1.5,1,200,0,NA,1.02333768803113,NA,"model9","nt","gain_loss_trans"
"tl2.50_gl1.00_pr5.00_c200",2.5,1,200,0,NA,2.97867827263809,NA,"model9","nt","gain_loss_trans"
"tl5.00_gl1.00_pr5.00_c200",5,1,200,0,NA,11.8017284955935,NA,"model9","nt","gain_loss_trans"
