Iteration	Posterior	Likelihood	Prior	gain_loss_neo	part_rate_trans	site_rates_raw[1]	site_rates_raw[2]	site_rates_raw[3]	site_rates_raw[4]	tree_length
0	-15.20088	-182.3471	167.1463	0.6718883	0.4026007	3.069533	1.789384	0.2111913	2.1275	0.7324052
6	-8.876789	-177.2695	168.3927	0.5388492	0.8532652	2.463142	1.892642	0.5297953	0.7401214	0.3391896
12	-6.112729	-176.2812	170.1685	0.2699211	1.361336	0.1619066	1.053165	0.8040795	1.325648	0.3181079
18	-3.98041	-175.4388	171.4584	0.651434	0.7790168	0.04629585	0.4799694	1.702595	0.2149291	0.2640831
24	-4.719152	-174.5856	169.8664	0.7020651	0.7790168	0.5781672	1.665827	0.5898472	0.9665273	1.048331
30	4.628004	-165.4216	170.0496	0.4045967	0.6591211	0.2752281	1.31316	1.229309	1.182479	0.9906225
36	-9.55603	-178.7502	169.1942	0.9195911	0.941737	0.8042409	0.6188706	0.8407006	2.039263	0.8288348
42	-12.55006	-179.4589	166.9089	0.7864982	0.1161277	1.797674	1.378116	3.472435	0.3045484	1.379783
48	-1.276613	-169.2152	167.9386	0.4040709	0.1978268	2.348324	1.378116	0.8557466	0.7258938	1.965473
54	-5.672816	-174.0682	168.3953	0.4825948	0.4831611	1.326348	1.080848	0.3120715	2.903624	1.154973
60	-7.651831	-175.6711	168.0193	0.6733153	1.15391	0.8018125	0.5187417	1.816567	2.51407	0.5455821
66	-10.33154	-177.4943	167.1628	0.1831823	0.6781931	0.1528013	0.7094752	0.966834	5.096928	0.5208732
72	-13.32571	-185.3111	171.9854	0.2144749	1.796318	0.1118692	0.4801933	0.334182	0.1557731	0.5290313
78	-17.60103	-185.0497	167.4487	0.2908707	2.214109	1.414929	0.7886346	2.049274	1.036159	0.3846149
84	-16.5029	-181.4071	164.9042	3.985892	1.973819	1.227114	0.08728002	3.084645	0.8468443	0.3603032
90	-3.956988	-175.5561	171.5991	0.2148151	0.7587138	0.1009279	0.8295735	0.9632088	0.61276	0.5320408
96	-6.788843	-171.4134	164.6246	0.1945957	0.7348872	0.5028285	2.554382	3.590986	2.800145	0.4860413
102	-12.67139	-179.7738	167.1025	0.3029426	0.4765886	0.5028285	2.554382	3.590986	0.6512921	0.2979633
108	-15.12373	-185.6767	170.553	0.7868683	0.1734228	0.6300646	1.643099	0.8661872	0.6512921	0.8916973
114	-7.85806	-176.8512	168.9932	0.854561	0.1235781	1.117285	0.5434756	0.5362441	2.348419	1.568399
120	-9.831335	-176.8467	167.0154	1.60463	0.7147404	1.072586	1.64649	1.68124	0.4975278	1.785579
126	-9.913396	-176.7759	166.8625	0.9856223	0.3360493	0.8073619	0.8310302	4.468634	0.9286772	0.9840509
132	-24.04922	-189.6913	165.6421	2.63761	0.8049814	0.5073508	2.323886	1.516739	2.059736	0.904207
138	-8.41205	-178.1	169.6879	0.913573	0.7884778	1.732453	0.5693418	1.516739	0.1422662	0.8386048
144	-15.9206	-187.2316	171.311	0.7591643	0.7884778	1.898272	0.3817122	0.2447669	0.1141156	0.5749373
150	-20.10941	-189.3817	169.2723	1.25477	0.5712096	1.770844	1.140346	1.203885	0.286846	0.5843725
156	-25.80205	-198.2562	172.4542	0.7013011	0.2768514	0.4170724	1.471219	0.1412667	0.0406677	0.4726376
162	-26.86534	-197.2145	170.3492	0.7497024	0.5147207	0.6850125	0.5951549	0.4851767	1.439848	1.335421
168	-18.22641	-189.1464	170.92	0.8572297	0.2937968	0.6889226	0.7914815	0.8646485	0.9040119	0.8748782
174	-15.4591	-185.7947	170.3356	0.8586124	1.480624	1.920841	0.0574629	0.5374513	0.3151902	0.5493148
180	-12.57651	-184.4422	171.8657	0.5587321	0.6009211	0.8413895	0.04538269	0.01931046	1.534061	0.4137153
186	-7.452168	-179.0816	171.6295	0.2942308	0.8129597	1.500022	0.1096685	0.3740588	0.2839277	0.214274
192	-9.535177	-178.9657	169.4305	0.6847577	1.643897	1.998181	0.1396899	0.5654694	0.7642804	0.214274
198	-10.53988	-175.5894	165.0495	1.445774	2.253464	5.359007	0.05959578	0.5784192	0.4826116	0.2084588
204	-6.890088	-176.107	169.2169	2.19496	1.946411	0.4663341	0.1586195	0.7462204	0.8810199	0.4883297
210	-12.31708	-182.6018	170.2847	0.8083764	2.103674	0.2735849	1.043161	0.1792059	0.8140266	0.5373593
216	-19.56136	-190.9234	171.362	1.38827	0.5940843	0.02512606	0.3199216	0.8009324	0.8140266	0.9008581
222	-11.89676	-181.8786	169.9819	0.7675633	0.5481609	1.471095	1.512018	0.1055442	0.9088223	0.9008581
228	-19.17431	-186.4924	167.3181	2.452287	1.914622	1.432531	1.426836	0.07784825	0.9088223	0.8038479
234	-18.3871	-190.2194	171.8323	0.6629904	1.088341	0.4742455	0.32895	0.2817804	0.7068228	0.7933922
240	-26.28509	-198.1679	171.8828	0.6732969	0.7681044	0.7028422	0.32895	0.2902472	0.1551407	1.344816
246	-41.14141	-206.4632	165.3218	0.6732969	1.00757	1.192906	4.629185	1.464516	0.8243855	1.0782
252	-35.31437	-202.6369	167.3225	0.6808339	1.633979	1.655441	0.8353939	0.2401192	3.078683	0.6853256
258	-25.58444	-194.6465	169.0621	2.966355	1.374103	1.371586	0.2612503	0.275096	0.4095543	0.725568
264	-33.14853	-202.1582	169.0097	1.179431	1.008757	1.063755	1.029788	0.7900789	0.9978507	1.118999
270	-19.66579	-188.4499	168.7841	1.37875	1.047216	1.352917	1.599408	0.2722496	0.7997846	0.9753818
276	-14.46753	-184.7487	170.2811	0.3469406	0.9656589	1.352917	0.3729554	1.094335	0.8923737	0.6749588
282	-15.97833	-183.8126	167.8343	0.8151911	0.3931559	0.8130512	2.491076	3.075109	0.03016824	0.6893925
288	-24.42475	-189.3953	164.9705	1.938106	0.7604086	3.267645	0.3678187	0.4052565	3.578809	0.9726005
294	-24.39137	-192.3831	167.9917	0.8590254	0.5742055	3.267645	0.5866189	0.3851732	0.5824879	1.761368
300	-30.20096	-199.1306	168.9296	1.369685	0.972228	1.520642	0.3009787	0.3059543	0.8120028	1.790585
306	-24.34959	-193.6682	169.3186	0.9030506	0.5884411	0.6559705	2.14895	0.0587736	1.017984	1.437574
312	-26.63242	-195.9799	169.3475	0.3830853	2.433003	0.4413678	2.238318	0.142684	0.391871	0.5929086
318	-19.84895	-186.0378	166.1888	1.316696	1.102334	2.663934	3.293755	0.706861	0.238106	0.455578
324	-17.30256	-181.1389	163.8363	1.88921	0.7838521	5.537953	1.563297	1.265135	0.5130338	0.2605794
330	-6.420918	-176.792	170.3711	0.8094367	1.370331	0.7753147	0.4874605	0.0774946	1.607893	0.4310837
336	-14.89357	-182.6861	167.7925	0.9341927	0.7640474	0.3563324	3.540394	0.9340102	1.148157	0.6576565
342	-17.00751	-184.032	167.0245	0.4692635	2.301099	0.03011312	0.3743619	0.9260957	4.262415	0.3431435
348	-12.09431	-179.1757	167.0814	0.6201985	0.3667877	0.06929758	1.989617	0.9260957	4.262415	0.8615336
354	-11.67837	-178.3529	166.6745	1.142891	0.4475244	0.1558256	3.911424	1.72161	1.212762	0.9358191
360	-11.56249	-179.3988	167.8363	0.9677773	0.7519593	0.5004168	3.911424	0.3442333	0.2001211	1.572141
366	-21.98238	-185.2606	163.2782	1.909674	0.9816268	2.742577	3.911424	1.723254	1.015069	0.5372129
372	-8.741913	-178.4985	169.7566	0.9060582	0.5071627	1.024603	0.3608431	0.8973978	1.970729	0.7392017
378	-16.82339	-185.0229	168.1995	1.122123	1.037819	1.310696	0.5407272	1.386862	1.911814	0.5295656
384	-17.97906	-188.6521	170.673	1.183736	1.107985	0.2316806	1.704244	0.09598895	0.5055109	0.5727052
390	-33.32185	-200.068	166.7462	1.510924	1.4438	0.1168544	1.704244	1.305233	2.665317	0.6361126
396	-11.65226	-180.4337	168.7814	0.742492	1.194585	0.4889759	1.720701	1.305233	1.249184	0.6183609
402	-15.8663	-185.4114	169.5451	1.856293	0.5339212	0.608804	2.059597	0.3747342	0.5628671	0.4158377
408	-8.8268	-178.0283	169.2015	0.3369962	0.9732918	1.510885	0.157754	1.285231	1.615099	0.9555239
414	-12.60488	-181.7921	169.1872	0.2655155	1.83345	1.830287	0.8810712	0.5612576	0.56087	0.7634573
420	-6.400713	-177.4922	171.0914	0.1233668	1.436646	0.8247073	0.03400994	0.5107325	0.4465409	0.3354886
426	-11.68058	-183.3912	171.7106	0.3746969	1.436646	0.6907675	0.006651509	0.2210648	0.9219158	0.6153167
432	-9.596589	-178.5861	168.9895	0.2369695	0.4188244	0.6093906	0.08591881	2.307603	2.487329	0.5937051
438	-7.579729	-179.9847	172.405	0.2258093	0.6479219	0.4033993	0.1558895	1.03154	0.2480251	0.5067021
444	-15.6521	-187.1954	171.5433	0.659923	0.6425522	0.2543535	0.808495	0.6689523	0.7681248	0.8315297
450	-13.44647	-185.3055	171.859	1.914761	0.6425522	0.06222782	0.247269	0.6689523	0.1639261	0.559003
456	-13.88926	-184.781	170.8917	0.519067	0.3582684	0.01897437	1.297662	1.617302	0.5391739	0.9181903
462	-17.07191	-189.4758	172.4039	0.519067	0.1747968	0.03820591	0.2902896	0.07437076	1.953589	0.5964936
468	-11.72559	-181.4137	169.6881	1.880708	0.4476982	0.6359508	0.1495326	1.082411	1.67549	0.4825109
474	-17.1691	-184.4928	167.3237	0.7785953	0.4476982	0.6535847	0.4334421	4.195848	1.67549	0.5079962
480	-4.841531	-175.6349	170.7934	0.9054012	0.0895431	0.3343504	0.6461008	0.1880301	1.888934	1.316656
486	-5.25283	-175.8975	170.6447	0.9054012	0.3700071	1.150089	0.04377882	0.2916463	1.717235	1.078183
492	-10.53311	-179.8831	169.35	0.6964253	0.2856696	0.8095175	0.1695085	0.9459238	2.677007	1.238263
498	-11.22416	-178.7144	167.4902	0.6641288	0.1489866	2.704788	0.4362581	0.5202531	2.265851	1.765989
504	-18.67704	-188.6231	169.946	0.2173888	0.4192317	3.466789	0.3135977	0.1981378	0.2823963	0.9374988
510	-19.85349	-193.2458	173.3923	0.4138532	0.1652492	0.7214608	0.03562417	0.2154582	0.2434724	0.9202586
516	-31.04712	-200.051	169.0039	0.4337647	0.4735897	1.395842	0.1688674	0.9459495	2.4014	1.270037
522	-12.10811	-183.9775	171.8694	0.4963054	0.2568102	0.3962022	1.359929	0.5586018	0.3677433	0.8353483
528	-18.17265	-189.578	171.4054	0.4963054	0.2932755	1.521279	0.4839822	0.7803906	0.1947874	0.9799689
534	-7.858835	-179.8834	172.0245	0.7901603	0.5418558	0.09471707	0.7007315	0.713378	0.5678487	0.72051
540	-26.18264	-193.3092	167.1266	1.695135	0.35544	0.7613452	0.5316719	2.01228	0.9860444	2.297847
546	-16.5587	-186.2334	169.6747	0.333295	0.3755354	1.776878	1.105223	1.013721	0.8009113	0.9510309
552	-18.38178	-190.3926	172.0108	0.3020022	0.2103499	1.225001	0.5176562	0.5451215	0.3724428	0.772638
558	-17.50981	-189.529	172.0192	0.3125311	0.4005632	1.509264	0.0194358	0.5010695	0.379869	0.8486436
564	-13.97644	-184.1995	170.2231	0.5944735	1.347132	2.11888	0.253126	0.5010695	0.2842808	0.8486436
570	-10.22144	-181.1374	170.9159	1.288067	0.5857389	0.2579637	1.219425	0.3021439	0.7006986	0.9348168
576	-8.653091	-180.192	171.5389	0.5213149	0.2800253	0.8756353	0.1498305	0.4059821	1.455947	0.9348168
582	-4.122153	-175.5494	171.4273	0.8835861	0.41748	0.233264	0.6029693	1.51504	0.3691383	0.6970951
588	-16.24418	-183.3316	167.0874	0.2640271	0.7949981	4.990786	0.1273513	1.51504	0.3529515	0.7391181
594	-16.63638	-186.687	170.0507	0.4183122	0.4755559	0.2301232	0.3524104	1.524617	2.367147	0.5338468
600	-19.36461	-190.7548	171.3902	0.8590807	0.7433399	0.8006802	0.3524104	1.126254	0.08911498	0.8250645
606	-18.49188	-187.3729	168.881	0.3415668	1.270973	2.017648	1.134057	1.255321	0.3346693	0.7789432
612	-16.52172	-183.8449	167.3231	0.6350719	1.270973	1.754749	2.665248	1.099908	0.6538813	0.7491975
618	-7.896038	-176.7175	168.8215	1.443503	0.5078817	0.3211199	1.224273	2.305896	0.083512	1.432436
624	-26.93313	-197.2997	170.3666	0.8039932	0.4968918	3.216073	0.23922	0.181947	0.06590503	0.8114663
630	-19.37075	-190.9837	171.613	0.8743185	0.4388565	0.7053196	0.5772104	0.181947	0.7166928	1.092365
636	-13.98672	-184.6914	170.7047	0.9181527	0.5233915	0.2629477	0.5979564	1.57039	0.430011	1.181722
642	-8.606979	-178.5934	169.9864	0.5868064	0.4349175	1.639554	0.06801858	0.3025036	2.131209	1.031941
648	-13.04719	-180.5966	167.5495	1.233973	0.1200811	1.029169	0.06083474	1.432918	3.438348	1.302693
654	-22.8946	-190.7069	167.8123	0.8318925	0.1769367	2.205115	0.9360564	1.363469	1.023658	1.688902
660	-23.62796	-192.0515	168.4235	1.511987	0.03739035	0.3129595	1.927084	0.8701277	0.5227772	2.199872
666	-18.52205	-189.9212	171.3992	1.047589	0.09032118	0.1800526	1.399189	0.4704861	0.2951784	1.287364
672	-23.98005	-193.6587	169.6786	1.395467	0.624363	1.004323	0.2172863	1.9294	0.1307964	1.210984
678	-22.71671	-193.3649	170.6482	0.535114	0.6913121	0.2511793	2.717205	0.3761203	0.2486712	0.5661893
684	-15.83643	-186.5408	170.7043	1.286512	0.2963135	0.3634012	1.284961	0.7969155	0.5996325	0.8648187
690	-14.93485	-183.369	168.4341	0.4711679	0.9991407	1.475118	1.284961	0.5220706	2.169795	0.7508685
696	-24.54743	-190.8996	166.3522	1.21319	0.2715047	1.206626	0.9996382	0.201516	3.814305	1.892017
702	-31.39818	-196.2537	164.8555	0.3270632	0.2562734	1.658162	1.60524	1.652372	3.826191	1.681568
708	-26.95732	-195.3144	168.3571	0.4521398	0.8979826	3.419722	0.1236432	0.6786841	1.121181	1.081377
714	-30.75783	-199.4542	168.6964	0.4243115	0.5970452	0.8457252	1.095897	3.149546	0.5966465	0.6053861
720	-28.46267	-200.2964	171.8337	0.4956263	0.6004793	0.3359358	0.1087644	1.379595	0.6065621	0.760334
726	-36.08364	-207.3599	171.2762	0.4448094	0.6261899	0.1273219	0.9739659	1.186048	0.7016531	0.760334
732	-19.79245	-189.6557	169.8632	0.5098296	1.082018	0.2376995	1.632062	1.460904	0.5783828	0.763096
738	-24.38595	-195.8566	171.4707	0.7205251	1.082018	0.4824512	0.466466	0.9571572	0.3094536	0.5973356
744	-38.51051	-210.178	171.6675	0.8800299	0.3524746	0.1357762	0.2739759	1.390578	0.7420456	0.7081993
750	-47.35053	-212.4989	165.1484	0.7300169	0.3858211	1.55042	6.265306	0.4591706	0.882513	0.7346916
756	-20.4464	-190.4635	170.0171	0.6597459	0.3578685	1.542448	1.523826	0.261105	0.882513	0.9472334
762	-25.6137	-194.7257	169.112	0.5838734	1.012153	1.254457	1.12697	0.073927	2.239274	0.7361621
768	-15.45558	-186.3354	170.8798	1.221786	0.7264891	0.2862633	0.6488406	0.073927	0.9156318	1.391642
774	-20.05996	-190.8427	170.7828	1.244861	0.692594	0.4240572	1.932571	0.02583598	0.4092338	0.5215289
780	-21.99153	-185.2161	163.2245	0.5832682	2.124728	2.017056	3.303183	3.999947	0.1699681	0.3403419
786	-3.579089	-174.1572	170.5781	0.5192508	0.5583658	1.838513	0.2952082	0.5249732	0.4622899	1.339965
792	-9.088536	-175.3941	166.3056	0.9381956	0.3646953	1.52001	0.7313773	1.776212	3.413285	1.145105
798	-17.81403	-178.5607	160.7466	0.808372	0.3221761	3.079631	4.873654	3.788816	1.527744	1.054127
804	-6.329862	-177.3299	171	0.574047	0.3221761	1.622827	0.3658266	0.49413	0.7589774	1.040381
810	-5.599263	-177.8655	172.2662	0.4368913	1.073199	0.2333952	0.3052483	0.39836	0.6616386	0.348367
816	-5.848166	-175.3864	169.5382	1.13008	1.583548	0.2033019	1.439756	0.1331425	1.459414	0.6172579
822	-9.305942	-181.1611	171.8551	0.5088696	0.9129125	0.4642034	0.3084236	0.04930561	1.2354	0.2844596
828	-10.75979	-182.5728	171.813	0.3383034	0.8425314	1.154979	0.1520559	0.06579419	0.9678092	0.4286814
834	-11.86865	-180.6816	168.813	0.8032736	1.972763	0.136486	2.784001	0.01739484	0.9678092	0.4193415
840	-13.05848	-180.2941	167.2357	0.2771315	1.032294	0.4716771	1.116816	0.9002576	4.148897	0.340465
846	-9.723997	-177.1615	167.4375	0.5952324	0.7765635	0.3143562	1.058439	1.143868	4.148897	0.4168936
852	-3.429044	-175.0396	171.6106	0.6841546	0.5671214	0.8542876	0.2047502	0.761625	0.3524175	1.150567
858	4.613188	-168.9771	173.5903	0.8345084	0.510632	0.007419258	0.170114	0.196868	0.14054	0.6930824
864	-5.588914	-174.5587	168.9698	1.042018	0.3548082	0.06853907	0.7923557	3.604738	0.6704875	0.4384815
870	-9.143062	-179.4243	170.2813	1.263735	0.1707036	0.2146046	1.052985	2.170866	0.1689099	0.8747415
876	-10.96392	-177.3584	166.3945	0.74261	0.1619522	1.295188	2.779091	2.162402	1.781	0.8747415
882	-15.03422	-184.668	169.6338	1.078037	0.3875914	0.725899	0.1679188	0.0986186	3.394045	0.6205866
888	-8.544653	-179.2033	170.6586	0.2267863	1.107367	0.1346548	0.3246401	1.512475	1.102667	0.3537312
894	-6.594246	-177.6243	171.03	0.4935387	0.2735102	2.38253	0.06445247	0.5736208	0.4962805	0.2752783
900	-14.1503	-184.6938	170.5435	2.098967	1.054257	1.177989	0.3936185	0.03993966	0.2799254	0.4498419
906	-15.87158	-188.1481	172.2765	0.2627546	0.9653106	0.2391171	0.8696588	0.2473376	0.3545083	0.5315033
912	-14.009	-186.9977	172.9887	0.2627546	0.4777914	1.064609	0.2636529	0.04668108	0.04728812	0.340099
918	-13.97282	-187.0551	173.0822	0.5774579	0.365528	0.6431305	0.1988889	0.03829659	0.4022617	0.8615518
924	-10.17704	-182.1057	171.9287	0.2935603	0.6663052	0.3962172	0.7213224	0.5939396	0.5502386	0.798387
930	-15.66561	-182.2672	166.6016	0.9284412	0.4541361	0.8672009	4.374191	1.647934	0.6373913	0.5015393
936	-13.41753	-182.696	169.2785	1.36305	0.2931925	0.4101818	3.326585	0.4043784	0.2579177	0.2554419
942	-1.371132	-172.9491	171.578	0.3826039	0.8353583	0.6440322	0.8787864	0.4863971	0.5553828	0.3835685
948	-11.36519	-181.0699	169.7047	0.3569686	1.741235	1.875598	0.0904511	0.7386853	0.8476819	0.5819793
954	-4.369751	-176.533	172.1633	1.355879	0.6434547	0.1621396	0.6413597	0.3446936	0.0655813	0.8127068
960	-12.39434	-182.4132	170.0189	1.355879	0.628416	1.141529	0.8644346	0.4147297	0.3681132	1.363707
966	-16.36065	-189.4162	173.0556	1.096884	0.1045064	0.473843	0.1044941	0.2819258	0.2196568	0.8558155
972	-11.5988	-183.3963	171.7975	0.6636374	0.381385	0.3640784	0.1889426	1.568903	0.2843894	0.9432222
978	-17.03807	-186.4398	169.4017	1.509627	1.053209	1.311421	0.8272064	0.8760725	0.2532364	0.9844444
984	-10.76282	-181.3855	170.6227	0.4779842	0.9319862	0.4013002	0.1024745	2.164963	0.6384998	0.7792759
990	-11.10489	-182.6542	171.5494	0.8843995	1.239946	0.2796985	0.034309	1.495463	0.01266952	0.4187956
996	-17.85052	-188.351	170.5005	2.434583	0.769322	0.2478896	0.02923717	1.281922	0.00266695	1.08363
1002	-26.40405	-195.4552	169.0512	0.5987971	1.20078	1.040019	1.119896	2.360638	0.03294855	0.7382867
1008	-20.46355	-186.5936	166.1301	1.975301	1.10455	1.183104	1.056729	3.29487	0.7745744	0.6839882
1014	-25.69969	-198.5747	172.875	0.4792789	0.4562024	0.6748937	0.2370226	0.1238296	0.3118899	0.9902074
1020	-38.26131	-204.7315	166.4702	1.815145	0.2247825	0.9513482	4.32961	0.1800622	1.025432	1.226509
1026	-41.00846	-207.6152	166.6068	1.274403	0.2341223	2.404167	4.14577	0.2022806	0.4610423	0.8686084
1032	-18.70153	-185.6966	166.995	0.6236482	0.5970864	1.355088	0.2730829	0.8117375	4.799956	0.6543553
1038	-27.96087	-190.5504	162.5896	2.195078	0.5970864	4.108504	0.2284816	0.7839229	4.701732	1.095264
1044	-21.39968	-192.8219	171.4222	1.091161	1.026297	0.05492411	0.1148536	0.9899026	0.5963727	0.9035548
1050	-19.16946	-191.1972	172.0278	2.228027	0.7687397	0.2319168	0.04573494	0.02464786	0.09659548	0.878676
1056	-12.88848	-181.7354	168.8469	1.484145	0.9604622	2.807458	0.61298	0.04313264	0.7664201	0.520635
1062	-14.91232	-184.7795	169.8671	1.138762	0.6792154	0.1929845	0.1382612	2.421641	0.4697665	1.266468
1068	-24.1621	-193.2766	169.1145	0.3980496	0.8428694	0.2044925	1.296605	2.644096	0.6555032	0.9411471
1074	-13.72978	-183.4462	169.7165	0.5336773	0.4424393	1.210831	0.7272012	0.1704166	2.478812	0.8810539
1080	-15.53023	-183.0773	167.5471	1.015333	0.6757112	1.210831	1.199805	2.321037	1.227427	1.00688
1086	-22.37723	-190.8232	168.446	0.68783	0.6702019	0.6521086	2.4001	2.321037	0.1530465	0.2606622
1092	-23.03545	-190.604	167.5686	0.8444271	0.6702019	0.6521086	0.4610607	4.90494	0.4088518	0.4959454
1098	-25.32414	-193.6015	168.2774	0.8444271	0.4532968	3.550844	0.7569676	1.012903	0.01834284	1.260227
1104	-15.09212	-183.408	168.3159	1.007293	0.6896584	1.106739	2.2097	0.6588723	0.7319712	1.415863
1110	-9.931824	-181.0766	171.1447	0.9156566	0.4563397	1.106739	0.2225059	0.183813	0.4427603	1.601043
1116	-12.88587	-184.146	171.2602	1.441794	0.4307008	1.106739	0.1206576	0.5902823	0.4427603	0.7957419
1122	-9.58536	-179.711	170.1256	0.2450179	0.8421262	0.6698311	1.867064	0.1880363	1.108881	0.7957419
1128	-20.57595	-190.6682	170.0922	1.280375	1.090809	0.3704879	0.5726186	0.7710432	0.9848911	1.043402
1134	-21.31123	-191.5127	170.2015	0.4255703	1.095037	0.4658654	0.3041707	1.805988	0.9848911	0.8169341
1140	-38.22551	-208.1748	169.9493	0.66787	1.080113	0.3630992	0.115747	0.6113865	1.970352	1.378755
1146	-34.74973	-206.2128	171.4631	1.289467	1.171968	0.1111131	0.5548382	0.5605825	0.353429	0.5717803
1152	-16.79686	-187.5339	170.737	0.9835692	1.171968	0.5913901	0.2871707	0.7570707	0.8923354	0.7437841
1158	-14.42842	-185.2934	170.865	1.504196	1.171968	0.6786725	0.1174044	0.00861795	1.044408	0.8043682
1164	-15.40164	-185.5514	170.1497	1.366147	1.279321	0.6786725	0.5290467	0.7095998	0.8029649	0.4785103
1170	-18.32379	-183.2217	164.8979	0.3658513	3.262683	0.2014791	3.966169	1.55213	1.104136	0.3937275
1176	-12.08088	-182.1928	170.1119	0.2267996	1.508905	0.07797024	0.9208363	0.8839332	1.390214	0.4903099
1182	-9.148061	-180.5175	171.3694	0.2267996	0.8327698	0.04998606	0.1147249	1.05114	1.47577	0.4903099
1188	-7.217389	-176.6305	169.4131	1.943585	0.8548818	0.07103916	0.2500592	1.293145	1.610754	0.2846509
1194	-14.01279	-182.5198	168.507	1.488668	0.4157805	0.02207237	1.566956	2.849582	0.6055965	0.3386464
1200	-7.95188	-178.4412	170.4893	2.199272	0.3486425	0.3673585	0.1261096	1.358454	0.5351045	0.871384
1206	-19.55945	-185.973	166.4136	0.7127017	0.6422118	5.267552	1.611272	0.3460434	0.07989688	1.118409
1212	-12.62625	-181.5321	168.9059	0.5109803	0.1394969	0.9219498	2.672883	0.7076701	1.093647	1.192211
1218	-13.0808	-183.9082	170.8274	1.452723	0.3657131	0.3222299	0.8203282	0.7190635	0.9973487	0.5939556
1224	-11.08773	-181.9024	170.8146	1.16941	0.1845343	0.3995814	2.092244	0.7190635	0.1103958	0.6116753
1230	-9.144864	-182.2962	173.1513	0.485486	0.6386434	0.1104559	0.5488515	0.1883108	0.149412	0.8692727
1236	-12.95262	-184.8566	171.9039	1.063393	0.6525255	0.5780456	0.4579127	0.5851	0.1620151	0.7697697
1242	-1.583204	-173.4268	171.8436	1.118229	0.7356538	0.8700373	0.5416616	0.2342052	0.1620151	0.5557122
1248	-8.587789	-177.5436	168.9559	1.372085	0.855145	1.801901	1.26778	0.4961227	0.7632654	0.549065
1254	-4.834315	-175.5574	170.7231	1.100173	0.2689485	0.4437999	0.2387318	0.06687777	2.408577	0.9529078
1260	-15.55561	-186.1148	170.5592	0.4118575	2.334317	0.0188377	0.343854	0.03303537	1.706339	0.5701871
1266	-12.54453	-180.7612	168.2167	0.7877152	0.7824556	1.910906	1.98834	0.01944456	1.724675	0.3270645
1272	-0.3799238	-169.1978	168.8179	0.3129355	1.452783	0.5519747	2.176051	0.03495485	1.777293	0.253158
1278	-5.772989	-176.636	170.8631	0.7403187	0.2051809	0.1657798	2.181335	1.100316	0.181606	0.3363539
1284	-5.037089	-176.1096	171.0725	0.4029364	1.604725	0.07416963	1.148751	0.03029741	0.942462	0.28384
1290	-7.867956	-177.8499	169.9819	0.7438229	1.178359	0.3866557	0.1519765	1.488518	1.571545	0.5468595
1296	-0.7484348	-173.7822	173.0338	0.4254802	0.6808905	0.2358381	0.1230356	0.2300464	0.6962894	0.5160694
1302	4.829594	-165.8768	170.7064	0.4835653	0.8744578	0.2711354	1.782139	0.03263884	1.293647	0.5855171
1308	-0.8398076	-169.0733	168.2335	1.147573	0.8744578	2.452394	1.343204	0.2518057	1.17176	0.3764424
1314	-0.1335182	-170.6244	170.4909	0.464376	1.745529	0.7274765	0.5939136	0.3871198	0.9990337	0.3717594
1320	-7.527218	-176.7611	169.2339	0.4746095	1.915451	1.545085	0.8811604	0.2698631	1.121624	0.4282007
1326	-0.7475224	-169.9008	169.1533	0.307204	0.5664002	2.905983	0.5357374	0.2112708	1.609856	0.4258858
1332	-3.140796	-172.7969	169.6561	0.7640803	1.347581	0.09103362	0.926419	0.5340795	2.101198	0.3190334
1338	-16.27249	-181.6723	165.3998	1.444478	0.4383097	2.698156	4.904287	0.2951106	0.1372129	0.8891859
1344	-11.33067	-177.5796	166.249	0.8132739	0.4029626	2.004082	4.904287	0.1396098	0.9878199	0.437378
1350	-14.9308	-178.7354	163.8046	0.5893618	0.2960351	1.089693	5.749402	0.8831103	3.038736	0.6514045
1356	-5.319884	-175.1677	169.8479	0.3492669	1.992538	1.714705	0.5803676	0.6099003	0.2592374	0.4516583
1362	2.304922	-167.7452	170.0502	0.5759345	0.5523542	2.932112	0.2492748	0.2277069	0.5987681	0.9932396
1368	-1.116235	-172.349	171.2327	1.029961	0.5017825	0.2669537	0.05239852	1.245302	0.9316704	0.9415301
1374	3.337752	-169.3577	172.6955	0.5876981	1.398873	0.4453495	0.01375572	0.06400987	0.2831509	0.4828651
1380	0.8622745	-169.1696	170.0319	0.6681992	0.6684521	2.795081	0.01514196	0.3616022	0.956546	0.5469442
1386	-2.975333	-174.0379	171.0626	0.8782604	0.2975036	0.15993	1.960434	0.06276878	0.956546	0.2846757
1392	-4.580481	-177.1398	172.5593	0.3416995	0.2350907	0.1101243	1.197414	0.06268667	0.5161335	0.1963384
1398	-8.112125	-180.3741	172.262	0.3979671	0.7329189	0.05912955	1.471334	0.06268667	0.3122729	0.3024723
1404	-10.66244	-181.1534	170.4909	0.3979671	0.4120249	0.05912955	2.409675	1.556261	0.07641519	0.5425399
1410	-4.771446	-176.373	171.6016	0.2167662	0.2142186	0.1901896	1.059368	0.9076168	0.8981101	0.4975183
1416	-3.665342	-176.6997	173.0344	0.2532662	0.360168	0.04338724	0.4057681	0.1590757	0.9249443	0.4221084
1422	-3.59087	-174.8062	171.2153	0.6177983	0.2708077	0.8675219	0.7195605	0.3836747	1.396274	0.6162392
1428	-2.277609	-174.8146	172.537	1.144417	0.1933862	0.06236337	0.3237526	0.1656009	0.7342949	1.042829
1434	-12.70562	-180.6562	167.9506	0.7744345	0.1582182	0.705519	1.219223	1.939846	1.964931	1.419528
1440	-7.952268	-177.6254	169.6731	0.973221	0.4389779	0.5633054	0.8409768	0.4735175	1.964931	1.249306
1446	-23.09826	-186.1804	163.0821	1.475818	0.2358069	0.927662	1.039927	7.695362	0.1771508	1.489931
1452	-18.56345	-188.6227	170.0592	1.463968	0.07288389	1.585042	0.2522824	0.4850529	0.7147078	1.489931
1458	-7.19949	-177.943	170.7435	1.463968	0.5260296	0.1835339	2.129426	0.2168765	0.1972566	0.6947447
1464	-15.34306	-185.8241	170.481	1.748951	0.2875126	0.05191733	1.715892	0.6971681	0.5016459	0.6947447
1470	-16.19607	-184.6872	168.4911	1.449146	0.2236297	0.4471024	2.354159	0.1922459	1.277252	1.635318
1476	-13.70979	-185.3694	171.6596	0.535369	0.3611088	0.8540646	0.09950864	0.08912469	1.579999	0.990289
1482	-4.83813	-177.8122	172.974	0.7531457	0.738972	0.5150501	0.08464209	0.3666762	0.07353211	0.5266473
1488	-2.127743	-174.7973	172.6695	0.6779704	0.2689086	0.2627996	0.9758544	0.375196	0.1799472	0.7459412
1494	-8.479336	-177.9543	169.475	1.290572	0.3350686	0.3657638	0.7732924	1.535394	1.48953	0.9406331
1500	-5.339344	-175.1046	169.7653	1.301917	0.2149578	0.9906271	1.137388	0.2798559	1.574896	0.9406331
1506	-11.41785	-178.6461	167.2283	1.142308	0.1713522	0.7154403	0.05595923	2.341549	1.574896	2.431644
1512	-1.100982	-172.8698	171.7688	0.3221587	0.2764195	0.3408695	0.05595923	0.7503686	1.35917	1.135326
1518	-13.2216	-181.7203	168.4987	0.3265868	0.4443332	0.6865322	1.080497	3.94324	0.2426413	0.7695828
1524	-13.58638	-183.7615	170.1751	0.9271774	1.095701	0.534995	0.6083181	1.221808	0.9361895	0.5798855
1530	-21.26435	-190.8069	169.5426	1.027993	0.30105	0.5903728	1.654517	0.8661743	0.9208894	1.269626
1536	-12.48977	-177.3196	164.8299	1.135623	0.30105	2.247734	0.4243014	2.666162	2.93192	1.554473
1542	-9.316405	-177.3551	168.0387	0.7747926	0.6792093	1.319709	1.143021	0.7534948	2.672539	0.7958309
1548	-5.773271	-177.9424	172.1691	0.7747926	0.6792093	0.2186693	0.9067546	0.3483716	0.2845723	0.7958309
1554	-2.021786	-175.3893	173.3675	0.4371355	0.6396174	0.5693798	0.09467861	0.2601218	0.05612873	0.5686064
1560	-2.509166	-173.4458	170.9367	0.6464989	0.5191012	1.096832	0.1023372	1.042037	0.9640909	0.875663
1566	-15.76317	-184.0142	168.251	2.240494	0.6042467	0.5641158	1.937382	0.251563	1.378681	1.081868
1572	-21.55674	-190.1094	168.5527	2.000153	0.3039031	1.608332	0.1580462	2.251754	0.523148	0.8623019
1578	-20.254	-188.2937	168.0397	1.131943	0.4293203	1.121918	0.8247972	2.415115	1.096549	1.136537
1584	-29.1131	-198.5345	169.4214	1.837705	1.326795	1.582177	0.3435968	0.4504713	0.140932	1.136537
1590	-22.05282	-191.6079	169.5551	0.8594398	0.4087866	0.8149835	0.6741264	0.8944226	1.537347	1.396774
1596	-31.09143	-197.7491	166.6577	1.953746	0.6151166	0.4618722	2.634479	2.610593	0.5961017	0.6572621
1602	-12.93026	-182.7383	169.8081	2.556547	0.4454523	0.6498075	1.289301	0.211373	0.5613494	0.8464115
1608	-14.88546	-179.3713	164.4859	2.047583	0.2225233	3.056799	1.289301	2.180297	1.318189	1.56173
1614	-23.60386	-194.7867	171.1829	1.175138	0.2487084	0.2322136	1.757556	0.6940436	0.1257776	0.7512933
1620	-29.70836	-198.8071	169.0987	0.9415468	0.3736904	0.5241754	3.384875	0.6940436	0.06701141	1.113984
1626	-28.91556	-196.9183	168.0027	0.8551288	0.6774195	1.111161	3.384875	0.4237996	0.605779	1.134297
1632	-30.10702	-194.0851	163.9781	1.419255	0.6784149	0.3724166	3.384875	4.982616	0.605779	0.7541807
1638	-25.98947	-196.8153	170.8259	0.4942602	1.303343	0.1036879	1.31831	0.427806	0.9349314	0.6816687
1644	-14.26042	-184.1876	169.9272	0.3354677	0.3736572	0.1641799	0.6437839	3.206033	0.670218	0.6113987
1650	-1.747799	-175.033	173.2852	0.8483053	0.3741346	0.05474286	0.6325066	0.1102018	0.1119324	0.7480531
1656	-3.787237	-175.1949	171.4077	0.7023065	0.3741346	0.3539266	0.3361256	0.3387295	1.906419	0.7352098
1662	-1.211478	-172.2405	171.029	0.7023065	0.145304	1.276975	0.6708427	0.9038783	0.4094691	1.05792
1668	-3.442204	-173.3584	169.9162	0.7666635	0.5194037	1.595194	1.562823	0.7444428	0.1850614	0.9067467
1674	-0.2280596	-170.2119	169.9838	0.404794	0.4870185	1.121872	1.409655	1.010861	0.774894	0.9067467
1680	-4.01475	-173.784	169.7692	0.6245855	0.7108512	0.2770707	2.320846	0.3544834	1.383014	0.6852862
1686	-12.56484	-183.2111	170.6463	0.8761367	0.2939187	2.251189	0.1096299	0.9532355	0.3460216	0.6423496
1692	-11.23858	-178.5653	167.3267	0.8761367	0.3594241	1.592969	0.4016731	4.080156	0.5864643	0.9799646
1698	-17.71982	-186.4953	168.7755	1.134939	0.6118706	2.152306	0.1547278	0.5824388	1.673975	1.112789
1704	-26.21551	-187.9141	161.6986	1.516062	1.573601	6.851066	0.277674	1.513107	1.889623	0.8913884
1710	-18.56718	-189.7846	171.2174	1.932274	0.6282678	1.118367	0.2690262	0.189043	0.07208234	0.8146497
1716	-1.81123	-174.3435	172.5322	0.5200992	0.4426361	0.3486246	0.4986454	0.01352166	1.10913	0.4462593
1722	-3.225839	-175.609	172.3831	0.3746092	0.7056916	0.3486246	0.9950861	0.01614194	0.4285251	0.8047659
1728	-10.50381	-182.1438	171.64	0.7942063	0.6043525	0.602082	0.8987678	0.03108038	0.146786	1.41656
1734	-10.63888	-183.4449	172.806	0.6900049	0.6043525	0.1893757	0.745717	0.01840669	0.2179526	0.9212737
1740	-18.08276	-185.6391	167.5564	1.606689	1.228116	2.734563	1.109211	0.22022	1.03213	0.6628515
1746	-13.17611	-183.2753	170.0992	0.7125884	0.9536161	0.6673325	0.4249799	0.7633742	0.8065371	1.629343
1752	-18.71057	-186.891	168.1804	2.09665	0.9536161	1.912168	0.7735114	0.1853814	0.4141066	1.629343
1758	-6.75589	-176.8812	170.1253	0.3382825	0.9536161	1.885157	0.8229892	0.7268013	0.2986386	0.8802471
1764	-22.85297	-190.9034	168.0504	1.474319	0.6459945	2.454139	1.133913	0.6885097	1.07111	0.5420061
1770	-30.48072	-200.1293	169.6486	0.1470741	2.091794	0.3926025	0.4830165	0.6885097	1.282784	0.4598927
1776	-37.79599	-206.2057	168.4097	0.8640572	1.130017	0.09761684	0.2474425	3.526454	1.228602	0.5594928
1782	-35.38285	-205.5616	170.1787	0.632629	1.216337	0.1344841	0.8076304	2.13927	0.3828713	0.5499758
1788	-22.96208	-190.8205	167.8584	1.178488	1.214152	0.894817	0.9869432	0.1815134	2.966734	0.9204557
1794	-23.38276	-194.8048	171.4221	0.7214225	1.023418	1.0488	0.0350302	0.8736151	0.3635578	0.6000292
1800	-4.565725	-175.017	170.4513	0.5664376	1.023418	0.7122091	2.139488	0.02934902	0.4385497	0.791323
1806	-8.649105	-173.3983	164.7492	0.7291552	0.7834161	1.47498	7.065823	0.1732852	0.5074019	0.4005799
1812	-4.906193	-173.3616	168.4554	1.029499	1.34751	0.2358612	1.010481	0.5527228	2.715358	0.265447
1818	-14.14724	-184.3441	170.1969	0.9456469	0.2520175	0.05873468	0.5806431	0.5991175	2.715358	0.2663286
1824	-6.048567	-179.4223	173.3737	0.5591196	0.4808711	0.05873468	0.02794331	0.5621985	0.2573564	0.2663286
1830	-9.395027	-178.6108	169.2157	0.5741131	0.4096125	1.105562	0.6003113	3.370154	0.1214194	0.3175146
1836	-7.872655	-180.6237	172.7511	0.6374479	0.7478443	0.1712225	0.1258341	0.6893829	0.3710836	0.5423816
1842	-4.620424	-172.8648	168.2444	1.667913	0.5152154	0.2684041	3.155222	0.9248655	0.6990657	0.3446822
1848	-19.40092	-185.1464	165.7455	5.911645	0.3122769	0.1216906	4.121584	0.3379151	0.4364582	0.7273368
1854	-15.71827	-182.0648	166.3466	3.567441	0.2527429	0.02686023	5.136829	0.119594	0.5465449	0.5246339
1860	-15.48751	-185.4302	169.9427	3.589731	0.6159015	1.331745	0.189219	0.00818614	0.2367083	0.7457578
1866	-22.53079	-193.989	171.4583	1.800057	0.4547881	0.1017164	0.02716601	0.4227824	0.06038125	1.734607
1872	-46.92984	-216.9759	170.0461	1.633807	0.2248374	0.3973101	0.05285044	0.4227824	0.3204042	2.527902
1878	-54.55885	-220.0078	165.4489	1.212696	0.1306494	4.08183	0.1196966	0.1861749	2.680998	2.024959
1884	-51.53152	-216.9869	165.4554	2.421685	0.5979859	4.295864	0.7711285	1.974128	0.140597	0.5107999
1890	-29.28005	-201.0801	171.8001	1.178506	0.6760509	0.3139786	1.152538	0.2671043	0.08659615	0.6483074
1896	-32.10562	-203.4701	171.3644	0.8938797	0.6103272	1.310384	0.1399826	0.3360288	0.1381405	1.35856
1902	-20.89029	-190.5582	169.6679	1.153923	0.3481796	0.7348714	0.07706333	0.06763685	2.053813	1.861234
1908	-23.36693	-192.3648	168.9978	0.8628428	0.7394577	0.9376252	1.230385	2.355266	0.2792178	0.7694184
1914	-22.79027	-192.9207	170.1305	0.9057528	1.627445	0.3366676	0.7953973	0.307878	1.38661	0.6084247
1920	-23.6351	-195.4755	171.8404	0.5467968	0.8229352	0.1396412	1.348031	0.1326444	0.6416011	0.5622328
1926	-19.5393	-188.3956	168.8563	2.149156	0.969605	2.164101	0.5206858	0.004974922	0.8987328	0.6525818
1932	-11.09247	-182.4918	171.3993	0.7069365	1.531727	0.4372145	0.7922811	0.2417221	0.109245	0.2105114
1938	2.838404	-168.236	171.0744	0.4453903	0.7812315	0.3877269	1.250949	1.344498	0.09823497	0.6858582
1944	-11.70526	-183.3213	171.6161	1.503898	0.5442929	1.483916	0.1683323	0.05075354	0.01618429	0.8132651
1950	-13.83997	-186.5502	172.7102	0.4716763	0.456083	1.080618	0.3600356	0.0903946	0.08264523	0.8862162
1956	-21.49868	-193.6283	172.1296	0.5609542	0.7219387	0.05742875	0.3600356	0.4127678	0.5599623	1.328845
1962	-24.19639	-194.8721	170.6758	0.4980411	1.032912	0.2300191	1.734907	0.9757891	0.3035897	0.5818758
1968	-22.20781	-194.3331	172.1253	0.5581739	0.8410287	0.1289728	0.4217239	0.9757891	0.4248681	0.4455354
1974	-24.32987	-193.2262	168.8963	0.6949981	1.753045	0.5892303	0.7397826	2.183619	0.6464592	0.5093842
1980	-29.56133	-197.7851	168.2238	0.3261271	1.753045	0.3009154	1.161648	2.381904	0.7825242	1.089295
1986	-29.30642	-199.8788	170.5724	0.1938791	0.9233113	0.5698252	0.02153936	1.82834	0.7825242	0.769556
1992	-33.74231	-204.496	170.7537	0.1035006	0.780007	0.5197014	0.04283783	1.643438	0.4496012	0.5995544
1998	-16.48783	-187.8693	171.3815	0.25447	0.605931	0.977336	0.1370841	1.553752	0.2334326	0.6828146
2004	-11.40877	-182.5747	171.1659	0.5611589	0.2107359	0.3056974	1.283091	1.095121	0.4189528	1.127934
2010	-1.329274	-172.0677	170.7384	0.3340916	0.6900085	0.3386566	0.3326195	1.991711	0.8449662	0.7109622
2016	-4.772952	-176.3721	171.5991	0.9350001	0.6290339	0.3797331	0.1910403	0.3631932	0.9535675	1.143921
2022	0.4288978	-171.2729	171.7018	0.9420138	0.3418108	0.1528953	0.6301972	0.08424853	1.197694	1.143921
2028	-3.856661	-175.6488	171.7921	0.1847243	0.3073201	0.1222207	0.6301972	0.4740272	1.254328	0.8785452
2034	-6.425765	-176.5499	170.1241	0.400126	1.759392	0.08414849	0.1584734	0.7147087	1.841411	0.1970821
2040	3.307578	-169.1918	172.4994	0.400126	0.3115403	0.1869722	0.1682736	1.544	0.2648452	0.6383728
2046	-6.775847	-174.3708	167.595	4.429799	0.3226215	1.02805	0.2939475	0.4264655	2.159872	0.317567
2052	-11.95358	-176.827	164.8734	7.929583	1.076755	0.003285123	0.2933886	0.5270344	2.669975	0.09476026
2058	-12.05409	-178.5686	166.5145	0.5354279	1.076755	0.3862674	0.4529281	0.9273618	4.984361	0.1315436
2064	-20.2778	-185.0055	164.7277	0.9359048	2.73353	0.4804304	1.577259	0.03415715	4.984361	0.3751135
2070	-18.88475	-189.52	170.6352	0.5022387	1.653504	0.1852691	1.212385	0.5139915	0.652769	0.3010883
2076	-3.768298	-172.2742	168.5059	1.059617	2.756667	0.3913467	0.9986599	0.224528	1.462962	0.2996161
2082	-2.161085	-172.8322	170.6712	0.5772159	1.723758	0.3762582	0.5827587	0.1239006	1.399727	0.3840553
2088	3.231606	-168.4625	171.6941	0.8926366	1.169052	0.2810537	0.8198613	0.5521123	0.07432579	0.6267941
2094	-9.808721	-176.829	167.0203	0.4783393	1.774944	3.449519	1.570877	0.2567868	0.8069096	0.3107203
2100	-7.303455	-175.8207	168.5173	0.2156597	1.829025	1.749237	1.570877	0.09838562	1.006399	0.3107203
2106	-9.406677	-178.1886	168.7819	0.4145004	0.6540678	4.571966	0.06899911	0.7424682	0.10394	0.7283192
2112	-2.088113	-174.2777	172.1896	0.719355	0.2984601	1.803429	0.0627472	0.3219398	0.1095533	0.5139705
2118	-14.40178	-186.0982	171.6964	1.461461	0.4335914	0.5616353	0.0240275	1.041986	0.3018131	0.5060452
2124	-29.43148	-199.9005	170.4691	0.6188467	1.617664	0.61651	0.0002273016	0.7841452	1.315944	0.333315
2130	-10.32243	-181.3942	171.0718	1.425172	0.9607366	0.1426765	0.0005135033	0.6996691	1.191356	0.6257359
2136	-9.027718	-179.9104	170.8827	0.4662869	0.5994138	0.4526168	0.0001931658	1.273676	1.772939	0.5258404
2142	-6.202114	-178.161	171.9589	0.8731082	0.8636895	0.1739426	0.00111399	1.546178	0.09186364	0.5306039
2148	0.1088047	-171.7146	171.8234	0.2486397	0.5380539	0.5346687	0.004175015	0.7590337	0.8074349	0.1581347
2154	-12.2839	-182.6008	170.3169	0.5791659	1.458802	0.6714856	0.0979332	1.994215	0.2154965	0.2718267
2160	-22.93266	-192.5112	169.5785	1.484106	2.185846	0.3147949	0.01783292	0.7180952	1.202419	0.4050446
2166	-6.689581	-178.689	171.9994	0.5136608	0.3024748	0.1410396	1.478837	0.1668472	0.8589815	0.5645228
2172	2.447016	-169.3222	171.7692	0.4710236	0.3024748	0.1026998	1.478837	0.7190509	0.6036681	0.5489721
2178	1.065416	-170.148	171.2134	0.5673174	0.2220002	0.02421037	0.6605341	2.123035	0.6694399	0.5489721
2184	-23.51502	-193.5149	169.9999	1.832866	0.8091663	0.04607323	0.6587778	0.6579878	1.53048	0.6042312
2190	-16.86889	-187.5814	170.7125	2.324886	0.8828613	0.01785638	1.510555	0.01447289	0.09793259	0.7197304
2196	-19.31318	-189.373	170.0598	1.468486	1.321033	0.08901285	0.08670791	0.1134047	1.517221	1.473128
2202	-8.832406	-179.3206	170.4882	0.7219422	0.08040716	0.932284	0.8672636	0.496984	1.372588	1.218303
2208	-11.00226	-181.1449	170.1426	1.489974	0.1356173	0.7935204	0.8672636	0.07692082	1.191873	1.442057
2214	-13.18302	-181.8159	168.6329	1.343562	0.08526932	1.454089	0.4370357	2.285991	0.01965858	1.756889
2220	-5.336243	-177.2625	171.9263	0.6792761	0.3337258	1.766391	0.5705108	0.1328222	0.004070776	0.7417906
2226	-1.751979	-172.3667	170.6147	1.738753	0.436792	1.688283	0.7168254	0.1473875	0.07901747	0.7889433
2232	-7.840835	-176.0433	168.2025	1.194644	0.1242572	3.213936	0.2204788	0.9207903	1.127835	1.185329
2238	-7.181304	-178.5715	171.3902	0.5834684	0.1828746	1.728045	0.2631139	0.1911106	1.122258	0.6253462
2244	-22.64434	-191.6355	168.9911	2.34336	0.3705389	0.8798393	0.4029576	0.05731151	2.527254	0.7072889
2250	-26.68258	-193.0741	166.3915	2.430059	0.2809135	1.533408	4.165161	0.3179614	0.5293065	0.5762287
2256	-27.17358	-194.5129	167.3393	1.950295	1.163434	0.6567576	3.870385	0.3308854	0.1976411	0.3445586
2262	-8.957699	-177.3349	168.3772	1.217351	0.3282038	0.1390026	3.870385	0.4844624	1.095643	0.5001141
2268	-15.94344	-182.9058	166.9624	1.542288	0.7400992	0.6556866	0.2560298	3.926761	1.411634	0.3851625
2274	-24.64586	-186.6399	161.9941	8.247414	0.1734624	0.06682363	0.8007861	5.308578	1.513072	0.1992857
2280	-11.12831	-177.248	166.1197	8.830566	0.1734624	0.08188496	0.6767801	2.795716	0.1072362	0.4487881
2286	-12.10872	-182.6138	170.5051	1.382199	1.514719	0.3676438	0.08723504	1.522597	0.091747	0.3634506
2292	-17.58425	-181.5103	163.9261	2.49618	1.514719	0.1366972	4.808619	2.67267	0.1039199	0.4181185
2298	-20.49422	-186.9121	166.4179	1.894545	0.7927557	0.2451377	4.736551	0.7446722	0.7298281	0.4781451
2304	-12.55427	-179.1596	166.6053	1.79183	0.3803823	1.06478	0.9074262	0.6532	3.993307	0.8300737
2310	-15.0919	-186.4066	171.3147	2.303586	0.544956	0.1110695	0.216985	0.2985603	0.7425078	0.3087784
2316	-7.325381	-178.5487	171.2233	0.5297686	0.8943278	0.08745541	1.188425	0.04329765	1.38768	0.2933069
2322	-20.8365	-191.0342	170.1977	0.73833	0.4756699	0.08745541	3.65284	0.0132558	0.2302773	0.2998074
2328	-9.869906	-181.4555	171.5856	0.6455339	1.071203	0.03371727	0.5147251	0.04037923	1.496168	0.2998074
2334	-23.93836	-193.2743	169.3359	0.758495	1.491869	0.0009394197	2.045346	0.08186606	1.496168	0.2065826
2340	-13.01229	-185.5536	172.5413	0.5670412	1.39331	0.2034817	0.364002	0.135343	0.2626848	0.4128856
2346	-7.311906	-179.0684	171.7565	0.1610786	1.745904	0.2347307	0.1825929	0.1028276	0.6301547	0.4128856
2352	-16.92902	-184.9015	167.9725	0.2385564	2.350522	0.7962856	1.199792	0.2936551	2.282577	0.4026853
2358	-22.78898	-195.0497	172.2607	0.2385564	0.9046774	0.2098939	0.7316027	0.1949153	0.4738758	0.8150474
2364	-13.08822	-184.2773	171.1891	0.4453823	0.9231197	0.0687293	0.9443054	0.3557321	1.498396	0.4228587
2370	-16.7561	-183.608	166.8519	0.9253448	0.925084	0.9594498	0.5988555	2.416616	2.817152	0.4145874
2376	-16.1544	-185.1323	168.9779	0.6336789	0.215722	1.05944	0.1059017	1.961926	2.352391	0.8742958
2382	-14.94712	-185.9347	170.9876	0.7993044	0.4560124	0.4782822	0.935267	1.003385	0.2525529	1.260892
2388	-14.01202	-183.4388	169.4267	0.7399274	0.8235532	0.1640463	0.6612005	1.662235	1.801213	0.9173398
2394	-11.71597	-183.279	171.563	0.7131924	0.8235532	0.216076	1.480613	0.3002842	0.2636901	0.2769744
2400	-14.12494	-183.5296	169.4046	0.4054121	1.017191	1.250424	3.028095	0.01379607	0.171725	0.2930311
2406	-15.6802	-184.8553	169.1751	1.253639	1.153664	0.2480532	3.028095	0.1429215	0.5056671	0.4477406
2412	-17.26154	-180.4509	163.1894	3.299417	1.559131	0.4733564	3.028095	0.5254896	3.823368	0.4477406
2418	-6.177948	-173.4785	167.3006	0.8827648	0.6945277	1.744887	0.8767124	0.1788999	3.823368	0.4361501
2424	-11.66516	-180.8937	169.2286	0.315738	0.3695715	0.6522589	0.09196482	0.5917425	3.823368	0.2277815
2430	-15.07078	-179.2079	164.1371	0.6979599	1.571162	2.395689	1.559235	0.1529511	4.878926	0.300025
2436	-25.1167	-190.7277	165.611	0.6979599	1.28744	1.096861	3.85527	0.2523998	2.692964	0.5740122
2442	-8.8232	-181.5172	172.694	0.9391019	0.6198959	0.02586498	0.2523388	0.3691627	0.1370272	1.155716
2448	-7.069662	-178.6399	171.5702	1.308698	0.6198959	0.1456303	1.215815	0.1985845	0.2424386	0.9010566
2454	-14.40355	-185.4872	171.0836	0.5449466	0.6481175	1.15708	1.215815	0.2048727	0.2984847	1.01875
2460	-16.73258	-182.6696	165.937	1.765962	1.252672	1.048553	0.5333376	2.151005	2.730296	0.7969302
2466	-19.67604	-188.8095	169.1335	1.190183	1.052285	1.624335	0.07292309	2.151005	0.1619024	0.7942784
2472	-11.43488	-180.8073	169.3724	0.7574084	0.7151539	0.8995802	1.906945	0.6345835	1.014894	0.8937521
2478	-0.8166354	-171.7692	170.9526	0.5175314	0.7558288	2.21871	0.3949044	0.0369617	0.5668048	0.6252177
2484	-14.11152	-179.4384	165.3268	1.43944	1.367046	3.930116	0.5758918	1.586891	1.261561	0.6374159
2490	-6.667519	-177.3689	170.7013	0.3204691	1.300262	2.247087	0.3810252	0.06103017	0.1993078	0.299582
2496	-11.62493	-180.1224	168.4975	0.3160514	3.080193	2.38848	0.5108206	0.3259879	0.1043116	0.3149094
2502	-7.917158	-175.7275	167.8103	0.5108132	0.3877654	4.734513	0.4701386	0.3723101	0.2022562	1.55824
2508	-11.47889	-182.0585	170.5796	0.5221461	0.6598546	1.699245	0.8812583	0.7870713	0.2919285	0.6764391
2514	-26.84916	-194.3336	167.4844	0.8639718	0.8519714	2.679773	0.9013818	1.410355	0.1033414	1.727544
2520	-22.59972	-187.5609	164.9612	0.7166666	0.2743055	0.6331818	1.42476	7.020547	0.02323795	1.136056
2526	-29.1834	-199.1792	169.9958	1.414781	0.4643665	0.01779492	0.1840193	2.569344	0.01150162	1.469538
2532	-26.2772	-197.1294	170.8522	0.7422724	0.6537777	0.02145639	0.0658985	2.658612	0.1942807	1.011438
2538	-28.74683	-199.0481	170.3013	1.651302	0.7226127	0.0357291	0.7648431	2.013921	0.03799577	0.5625963
2544	-23.99599	-194.2868	170.2908	0.996329	0.7226127	0.2752245	0.789872	1.775622	0.2782798	1.072796
2550	-42.13407	-209.3108	167.1768	0.5889901	1.292458	3.088618	1.259834	0.8690695	1.145867	0.7070152
2556	-44.53903	-209.8008	165.2617	2.931392	0.4820311	0.9338409	4.223309	0.3988137	1.247738	1.00284
2562	-24.3592	-196.8297	172.4705	0.4700616	0.8130253	0.4420311	0.98479	0.1150909	0.1208766	0.6433897
2568	-33.80518	-204.3868	170.5816	0.4655473	0.8394601	1.83908	0.6042914	0.4116758	0.5843298	0.7902782
2574	-28.54307	-199.9057	171.3626	0.867834	0.1547038	1.83908	0.3121806	0.4595174	0.3411737	0.8548841
2580	-21.7023	-191.8008	170.0985	2.00676	0.1711973	2.279931	0.1495921	0.5272993	0.1719586	0.8548841
2586	-24.98357	-194.7053	169.7217	1.375688	0.1104519	0.9919419	0.1227337	0.3607621	1.113723	2.070347
2592	-56.81339	-220.6543	163.8409	0.7954219	0.8730383	0.3909766	0.1168419	0.6583274	8.747309	0.7373811
2598	-43.22706	-207.933	164.7059	2.526581	1.11476	0.1776356	4.560399	1.995926	0.5136477	0.7373811
2604	-37.40212	-208.3487	170.9466	0.3141482	0.72378	1.298243	0.6069672	0.2049942	0.5770222	1.297057
2610	-9.11845	-179.0742	169.9558	1.332632	0.3972201	1.344562	0.1292618	1.019814	1.282552	0.6815934
2616	-19.34075	-184.7328	165.392	0.8113156	0.4510392	2.076361	2.388338	2.775322	1.032285	1.249256
2622	-13.47331	-183.459	169.9857	0.7460616	0.1076036	0.8412344	1.186641	0.5029542	0.5518247	1.980859
2628	-8.906538	-179.9523	171.0457	0.9070786	0.2439736	0.8970637	0.4189375	0.08163159	0.7965802	1.659833
2634	-13.4257	-182.7	169.2743	0.9173287	0.1473321	2.372184	1.291354	0.7881149	0.370409	1.0421
2640	-9.052351	-178.3638	169.3115	1.926129	0.3583561	1.442175	1.037071	0.5437654	0.7600833	0.8718245
2646	-10.45702	-179.581	169.1239	2.704192	0.6182874	0.7648016	1.719222	0.4366886	0.3118219	0.6685007
2652	-9.983421	-180.2379	170.2544	3.351885	0.6021275	0.3802466	0.7083859	0.05818689	0.3297702	0.9271678
2658	-8.753051	-180.9293	172.1762	0.5133768	0.3180904	0.8625706	0.6760668	0.009608466	0.6167474	0.9892
2664	-13.24486	-182.9858	169.7409	1.088966	0.519248	0.4790558	1.584469	0.2867052	1.672334	0.8123587
2670	-12.91007	-184.8395	171.9295	0.6798076	0.2233711	0.48472	0.09341779	1.746491	0.1711465	0.8553701
2676	-7.714717	-171.6892	163.9745	0.5432898	0.2628767	1.283719	3.719696	1.746491	3.244081	1.347504
2682	-2.078425	-174.0594	171.981	0.6335766	0.7590475	0.8233805	0.5002237	0.3897692	0.3481609	0.6966541
2688	-7.382277	-178.4445	171.0623	0.4091128	0.4363089	0.4513889	1.304265	0.2739359	1.476122	0.5231179
2694	-27.89056	-199.4074	171.5168	1.047025	0.6963843	0.8391656	0.2373667	0.1627064	0.7609979	0.9419184
2700	-17.26755	-190.1772	172.9097	0.2444853	0.9969609	0.1989882	0.3696414	0.04153595	0.3726463	0.650897
2706	-14.33837	-183.146	168.8076	0.2073638	1.667306	0.1989882	0.8313214	1.472652	1.856188	0.5834035
2712	-9.419783	-178.616	169.1962	0.4493478	1.687101	0.3162601	0.3965718	0.472022	2.922416	0.5131054
2718	-20.09074	-190.5203	170.4295	0.4483008	1.382182	0.4864544	0.220188	0.7454624	1.716286	0.5789945
2724	-25.02801	-195.9129	170.8849	0.2234918	0.8994653	0.09332178	0.4904163	0.7605092	1.716286	0.6589926
2730	-26.56101	-198.4605	171.8995	0.3869374	0.9060141	0.4477291	1.035361	0.3772723	0.1971902	0.8216839
2736	-18.66304	-190.864	172.2009	0.3706126	0.737043	1.211626	0.2399787	0.2873012	0.2627021	0.3341153
2742	-5.458109	-174.973	169.5149	0.7953051	0.2308645	0.419463	1.232699	0.00752529	3.305076	0.5413866
2748	-1.834313	-170.7706	168.9363	0.2994821	0.3959053	1.505225	1.748838	0.01008641	2.390284	0.5411169
2754	1.054999	-169.978	171.033	0.2551789	0.4290021	1.833164	0.5912765	0.07905167	0.9719285	0.4447216
2760	-8.16909	-177.6555	169.4864	0.5455152	0.3589788	1.844074	1.522104	0.7194469	0.9104704	0.7459824
2766	-4.387345	-176.2248	171.8375	0.8848089	0.9020269	0.5866658	0.4177888	0.2972355	0.5846509	0.503742
2772	0.5058099	-171.0576	171.5634	0.4085351	0.2940362	0.6261154	1.018851	0.09014364	1.399728	0.5856748
2778	-11.381	-181.5601	170.179	0.7104786	0.9938105	1.12397	0.03697329	0.08998171	2.347855	0.6142695
2784	-2.992785	-172.7304	169.7377	0.7776334	0.2038436	0.5306413	0.2959501	1.614741	2.347855	0.4915151
2790	-13.08844	-183.7727	170.6843	0.7340642	0.3515147	0.7029954	0.06173458	0.0918515	2.833122	0.3621879
2796	-26.02823	-194.3967	168.3685	1.504644	0.4734312	0.390551	0.3973215	0.4046616	3.921399	0.3427372
2802	-38.66501	-202.6527	163.9876	0.4150581	1.467117	2.202685	1.072119	4.918776	1.311234	0.6635455
2808	-39.8421	-204.3538	164.5117	1.692487	1.467117	1.549812	2.815837	1.83746	1.311234	1.045278
2814	-16.41022	-181.1003	164.6901	0.8002426	1.082699	2.64914	3.411267	1.373519	1.215526	0.9796919
2820	-14.32589	-179.8552	165.5293	0.6871392	0.8455348	0.8880216	3.411267	2.144834	1.936127	0.6950359
2826	-6.661012	-174.7858	168.1248	0.7010228	0.3359013	1.883154	2.390041	1.211525	0.7047191	0.8297319
2832	5.424897	-167.3918	172.8167	1.340535	0.3359013	0.03682445	0.6256517	0.2782485	0.08132801	0.5112437
2838	-9.490397	-179.1377	169.6473	0.541714	0.2434886	1.587997	1.588144	0.2571616	1.51495	0.7537432
2844	-27.85451	-196.7858	168.9313	0.8651866	0.2722623	2.100423	0.5089935	1.573315	0.8844498	1.065637
2850	-19.61942	-188.3422	168.7228	0.3366403	0.3660408	1.825725	0.5089935	2.778473	0.4414961	1.055152
2856	-29.86764	-196.9028	167.0352	0.4024182	0.3890919	0.3112015	2.011639	2.778473	0.8006624	2.044479
2862	-21.17019	-190.0374	168.8672	0.423735	0.4737395	0.5780471	2.073656	0.2362951	0.4553101	2.453712
2868	-20.16658	-188.2557	168.0891	1.040612	0.3341338	0.2623343	0.9590047	1.536715	0.9724116	2.453712
2874	-10.27657	-180.8776	170.601	0.7002916	0.6844365	0.7058534	0.9239782	0.3142343	1.314196	0.9519891
2880	-21.38689	-194.1982	172.8113	0.4373469	0.3378915	0.5421171	0.166738	0.1408608	0.5698338	1.114361
2886	-17.90219	-188.166	170.2638	0.9020032	0.5317619	0.5694242	1.520045	1.503571	0.03203136	0.872389
2892	-23.83327	-196.1544	172.3211	0.3961886	0.5527588	1.143404	0.4441601	0.4370701	0.08467375	0.620276
2898	-15.14491	-186.8349	171.69	0.3898052	0.7463945	0.5516213	0.9010901	0.4785258	0.5459863	0.751667
2904	-30.13242	-200.4825	170.3501	0.8410919	1.351218	1.434377	0.2147182	0.3272517	0.905776	0.7363833
2910	-24.29069	-195.0315	170.7408	0.2595995	0.6314404	0.174397	2.452116	0.2470332	0.6160085	0.7406104
2916	-36.56668	-205.0545	168.4878	0.2612562	1.382022	0.1441036	1.634159	2.387376	0.9126563	0.4554373
2922	-25.72919	-197.0496	171.3204	0.986234	0.3237601	0.3887188	0.5972586	0.1434362	0.3540784	1.853723
2928	-22.06594	-189.5527	167.4867	0.4281812	0.6273356	0.3819677	1.527086	3.060742	1.569178	1.038822
2934	-24.67736	-195.5269	170.8495	1.766118	0.5080278	0.1159009	1.527086	0.5618474	0.2180029	0.494433
2940	-21.72242	-193.4855	171.763	0.7831427	0.9383579	0.9262472	0.284234	0.4083435	0.2465947	0.8368957
2946	-28.8113	-198.0422	169.2309	0.2950775	3.101347	0.4387755	0.1805427	0.4083435	1.571598	0.6849551
2952	-11.93457	-178.1804	166.2459	1.968467	0.8780468	0.49846	1.217467	4.734434	0.005973349	0.6180129
2958	-31.13593	-194.8995	163.7636	1.968467	1.962273	1.134678	2.00285	4.734434	0.000781571	0.4482005
2964	-30.02002	-202.7609	172.7408	0.3957975	1.198498	0.3965311	0.3003553	0.1663849	0.1949806	0.5767476
2970	-51.8465	-219.5871	167.7406	0.6572873	2.227932	3.201873	0.4759308	0.3801465	0.7303209	0.7366299
2976	-41.55659	-210.7968	169.2402	1.161284	2.329888	1.975019	0.2366691	0.2851228	0.2656171	0.6001648
2982	-22.96243	-193.0563	170.0938	0.5335518	0.8842777	0.5553955	0.8634296	2.297955	0.2242428	0.6142743
2988	-28.93785	-196.7418	167.804	1.396087	1.61942	1.782624	1.723922	0.5599226	0.6090239	0.6142743
2994	-33.06723	-196.2811	163.2139	1.396087	1.69143	1.782624	0.8425254	4.496271	2.064119	0.6344784
3000	-21.76259	-188.5367	166.7741	0.6734757	1.029268	2.66364	2.179481	0.9024851	0.709123	1.238576
3006	-20.92467	-189.02	168.0953	0.5487202	0.7802378	0.1253881	3.258932	0.7924838	1.857693	0.6094805
3012	-26.26132	-192.5257	166.2644	0.5639906	1.056953	0.4299614	1.444956	4.33656	0.8160381	1.239222
3018	-30.66576	-197.0791	166.4134	2.516718	0.1756191	4.257583	0.3045	0.6317746	0.584996	1.418472
3024	-20.59277	-189.0441	168.4514	0.914425	0.4944123	1.119211	0.552331	2.740795	0.4440951	1.418472
3030	-14.29146	-185.5341	171.2427	0.569699	0.2315604	0.330526	0.8959516	0.3618225	0.3535976	1.923157
3036	-17.97899	-186.9197	168.9407	0.5944874	0.4171114	1.65104	2.077954	1.556284	0.05039369	0.8887418
3042	-21.21747	-188.2235	167.006	1.395404	0.7975236	3.122097	0.9536308	0.8191748	1.343061	0.7286818
3048	-24.84574	-195.4144	170.5687	1.330881	0.6536735	1.474475	1.006614	0.3145896	0.08551182	0.7286818
3054	-30.97375	-197.3868	166.4131	1.363893	0.9985808	0.656386	1.576864	3.963915	0.1381625	1.094417
3060	-19.73382	-190.1666	170.4328	1.238135	0.5242941	0.0389871	0.1429651	1.494184	1.216858	1.111806
3066	-28.15751	-199.5134	171.3559	0.8683611	2.05902	0.02964565	0.3855558	0.7635709	0.04846447	0.4979285
3072	-12.17395	-182.3233	170.1494	0.8131538	0.9284965	0.09313433	1.231447	1.994579	0.2491285	0.3578205
3078	-18.14485	-188.3164	170.1716	0.3910478	0.4410138	0.09313433	1.231447	2.562226	0.1271359	0.1797401
3084	-26.65492	-191.5632	164.9082	0.5551235	2.228696	2.154308	3.380076	1.698079	0.1743505	0.1797401
3090	-13.55692	-183.2305	169.6736	0.4199202	1.238298	2.620947	0.2140659	0.8390367	0.03371112	0.1797401
3096	4.674733	-167.4908	172.1655	0.8210602	0.2015472	0.2294183	0.313524	0.9304282	0.4581148	1.080214
3102	-2.151347	-172.0715	169.9202	0.5846449	0.7254369	0.19891	1.57673	0.9304282	1.230793	1.014234
3108	3.144671	-166.4147	169.5594	1.312628	0.5327371	0.3274188	0.9509297	1.034885	1.780322	0.5955373
3114	2.207288	-169.5344	171.7417	1.312628	0.1571433	0.3566711	0.8304518	0.6247912	0.110904	1.071028
3120	-12.80006	-183.4793	170.6792	1.122421	0.7023171	0.2276272	0.6481733	0.3203653	1.679867	0.8016593
3126	-6.370412	-176.5419	170.1715	0.4507723	0.7231525	1.334296	2.092406	0.05341996	0.392924	0.9115765
3132	-13.72954	-180.8433	167.1138	0.91599	0.9428664	3.727595	1.687601	0.7281294	0.393301	0.5289158
3138	-26.11073	-193.8742	167.7635	0.6780527	0.9428664	2.451725	0.0705439	1.374837	1.712758	1.185617
3144	-13.58035	-182.9287	169.3484	0.9580208	0.6045005	1.007192	0.341328	0.5746321	2.134013	1.21567
3150	-19.82957	-190.6604	170.8309	0.3088051	0.7906744	0.3304849	0.27955	1.201779	0.7817375	1.407902
3156	-13.17278	-185.5342	172.3615	0.9569416	0.8367076	0.9693899	0.05762735	0.08840396	0.2311904	0.4351338
3162	-3.484992	-176.2173	172.7323	0.9569416	0.5061228	0.6393607	0.1807308	0.08719648	0.2758986	0.8031185
3168	-1.74663	-170.7061	168.9595	0.9912009	0.4565782	0.267122	0.8204894	3.406546	0.2255609	1.0745
3174	-0.2111772	-171.2245	171.0133	0.6847397	0.4565782	0.3298445	1.249638	0.3457747	0.9493505	1.15565
3180	-15.0165	-180.0825	165.066	0.7771209	0.1842588	4.309817	1.284406	1.736391	1.318454	1.447486
3186	-14.1078	-181.9297	167.8219	1.272953	0.5017795	2.372675	0.3727259	0.6916297	0.9142979	1.96774
3192	-11.52643	-181.2168	169.6904	0.8594495	0.2389883	0.5730866	0.6016477	2.033376	0.800764	1.354719
3198	-18.17168	-190.0536	171.8819	1.088985	0.4993781	0.5220366	0.1433865	0.1121655	0.9018685	1.053127
3204	-24.40496	-196.0053	171.6004	1.816311	0.2863749	0.1143969	0.006353028	0.1121655	1.043512	1.240945
3210	-30.37067	-198.6611	168.2904	1.151848	0.6178643	0.3597605	0.1779165	0.8601707	1.844252	2.386004
3216	-19.15571	-186.756	167.6003	1.896356	0.3165225	0.3191075	1.064261	0.4960083	3.475875	1.084032
3222	-9.709539	-177.0681	167.3585	0.7830004	0.9789011	0.4484652	4.993861	0.5172672	0.1930721	0.9258248
3228	-20.84889	-187.0935	166.2447	2.371842	0.6329407	0.4200456	2.497697	0.4331744	2.914736	0.8014425
3234	-15.29615	-183.3087	168.0126	0.6210851	0.7083827	0.8804498	1.442157	1.1726	2.28925	1.059842
3240	-19.6254	-186.5644	166.939	1.688722	0.3214869	0.5092275	1.76202	1.203969	2.28925	1.441947
3246	-22.10751	-187.9367	165.8292	1.315762	0.3543256	1.022539	0.7710971	1.475593	3.995076	1.384946
3252	-23.55007	-190.8301	167.28	2.034625	0.150968	0.295286	1.792959	1.475593	1.827776	1.365052
3258	-18.4377	-188.301	169.8633	0.9372718	0.8612386	0.181833	1.454358	1.672558	0.5241004	0.5956919
3264	-13.11375	-181.5333	168.4196	0.491641	0.5516314	2.170274	1.454358	2.076214	0.2921509	0.5500298
3270	-12.76602	-173.6304	160.8643	0.230752	0.5516314	2.983676	0.995978	4.891544	4.508211	0.3030487
3276	-12.03106	-181.5211	169.49	0.6982753	0.7583073	2.627966	0.05958947	1.365928	0.3824656	0.7882875
3282	-11.82588	-181.18	169.3541	1.056331	0.3702236	2.442986	0.5528655	0.4920271	1.083955	0.8366058
3288	-9.759497	-180.1179	170.3584	0.8369453	0.07413374	0.9697525	1.41134	0.743934	0.9634016	0.8287036
3294	-22.37264	-194.0181	171.6455	2.004305	0.5831215	0.151504	0.1052782	0.5052751	0.1913714	1.081875
3300	-23.07665	-194.7751	171.6985	0.5903682	0.7326435	0.09813658	1.159598	1.028545	0.07836556	0.7629686
3306	-25.66286	-191.0562	165.3933	1.39678	0.4866235	1.092466	0.6141068	6.418083	0.09635981	0.6067568
3312	-17.3832	-188.8343	171.4511	0.8793943	0.6360767	0.1492087	0.6141068	1.597405	0.1320401	0.6775925
3318	-18.96614	-185.8517	166.8856	2.317978	0.2179107	0.09567598	0.6623606	0.7351911	4.533085	0.8711412
3324	-9.211924	-177.488	168.276	1.354213	0.395992	0.3858811	2.239997	0.07421268	2.300814	1.169116
3330	-9.661981	-181.7122	172.0502	0.4543184	1.046638	0.4889387	0.5656047	0.00572523	0.6501747	0.8644727
3336	-17.54896	-185.1849	167.636	0.8515001	0.5874109	1.209454	1.163206	0.02685379	3.728106	1.000923
3342	-7.678218	-174.0364	166.3582	1.341925	0.2082233	1.802409	0.59686	0.6197474	3.728106	1.468858
3348	-8.888536	-178.3042	169.4157	0.8099469	0.3917668	1.359448	2.081105	0.4940157	0.8229002	0.8061186
3354	-6.24382	-175.338	169.0942	1.040294	0.1089506	2.994284	0.4340983	0.9723791	0.4282921	1.124484
3360	-20.98128	-185.1898	164.2085	1.656905	0.1133012	6.06476	0.5595462	0.7296668	0.8774351	1.804307
3366	-31.25219	-193.3285	162.0764	1.589035	0.2630597	5.916852	3.281057	0.2445534	0.9186746	1.744956
3372	-27.25407	-192.7326	165.4785	0.6397731	0.8988921	1.450749	3.281057	0.4281088	3.030348	0.9832239
3378	-29.16025	-198.4945	169.3342	0.7000139	0.8988921	0.2910383	1.082324	0.03323663	2.673468	1.17085
3384	-27.81793	-199.1612	171.3432	0.7201882	0.7951223	0.2562239	0.1227935	0.04086376	2.088691	0.8110672
3390	-26.47366	-197.1829	170.7092	1.545098	0.6776331	0.1172534	0.1564041	0.5454007	1.636891	0.8110672
3396	-43.54774	-212.7272	169.1794	1.646686	0.359433	1.150835	0.3319162	0.504312	1.550679	1.431542
3402	-32.46931	-201.4432	168.9738	1.646686	0.3715072	0.6932614	0.3354752	0.1048766	2.412571	1.570369
3408	-26.35482	-196.83	170.4752	2.366173	0.4136966	0.705737	1.274489	0.1336204	0.2196965	0.6871591
3414	-32.31176	-198.8039	166.4921	0.8919791	0.3448731	0.473797	1.171626	5.10096	0.5284043	1.184852
3420	-28.7701	-197.4076	168.6375	1.413949	0.1274069	2.299759	1.069103	0.5987228	0.4333522	1.527909
3426	-23.48398	-193.2478	169.7638	2.308542	0.5396064	0.1210948	0.08170249	1.982103	0.5402416	0.9888649
3432	-39.52189	-208.4176	168.8957	0.8622709	0.4014744	0.3800556	0.4541539	3.109887	0.8744926	1.206709
3438	-26.81471	-197.4365	170.6218	2.30503	0.05888678	0.18522	0.3049246	1.637352	0.1747202	1.036729
3444	-29.17294	-197.6362	168.4632	1.606454	0.2119098	0.2139715	0.8414442	2.325317	0.6830328	1.70668
3450	-26.112	-194.8429	168.7309	0.8168338	0.2393579	0.8739334	0.1642496	3.104072	0.3946086	1.70668
3456	-35.47876	-194.9529	159.4741	3.025272	0.29195	0.7894393	6.974133	1.671104	1.557363	2.27386
3462	-28.52182	-199.1741	170.6523	0.6439966	0.4185041	1.035764	1.069728	0.4143421	0.3312542	1.523097
3468	-10.41639	-178.7729	168.3565	0.6977795	0.4474382	1.425071	1.355476	3.051985	0.08935632	0.7279344
3474	-13.74267	-183.1334	169.3908	0.3117803	0.8214606	2.087541	0.09298203	1.90463	0.6987288	0.4764402
3480	-4.763075	-174.2704	169.5073	0.7681849	0.5441546	2.400394	0.1192744	1.735615	0.3580384	0.7196036
3486	7.701134	-164.9216	172.6227	0.4992627	1.010625	0.2594555	0.542664	0.01468299	0.3738805	0.8135293
3492	-1.042404	-170.7923	169.7499	1.420927	0.981829	1.170057	0.0574485	0.09298291	2.037636	0.4390349
3498	-10.49032	-181.2525	170.7621	1.420927	1.269366	0.0947327	0.2753716	0.6532828	0.9620824	0.3248375
3504	-7.553404	-177.3899	169.8365	0.7487672	0.7747279	0.3504272	0.2753716	0.7900714	2.633096	0.3098592
3510	-8.317987	-179.4836	171.1656	0.2976996	0.2595492	0.8570666	1.890362	0.5428568	0.2708711	0.4673251
3516	-8.436084	-175.7972	167.3611	0.5207953	1.177519	0.1386762	3.011573	1.880823	1.267056	0.2977865
3522	-21.90772	-189.8061	167.8983	0.4128118	1.898552	0.4903107	0.6458959	3.80053	0.1277602	0.2780385
3528	-21.17417	-187.489	166.3148	0.463941	1.698494	1.368172	0.5684826	4.035928	0.7057329	0.208235
3534	-12.17049	-178.994	166.8236	0.4182854	0.7514568	0.809194	0.4734281	4.884033	0.9686307	0.208235
3540	-10.62284	-182.8826	172.2598	0.3113433	0.8200803	0.1802586	0.1522175	0.4509619	1.109643	0.3981665
3546	-2.606516	-173.4503	170.8438	0.4184622	0.9639258	1.244603	0.1134888	0.4589084	1.37476	0.5410642
3552	-3.757907	-172.98	169.2221	0.2705683	1.707057	0.5090904	0.348431	0.5509104	2.460401	0.2645065
3558	-1.582021	-171.2056	169.6235	0.2705683	1.120173	1.220414	1.382272	0.1053853	1.346506	0.2646665
3564	-8.795287	-177.602	168.8067	0.2705683	0.5419071	4.312535	0.5039936	0.2371812	0.5491442	0.4256352
3570	-9.1441	-180.4926	171.3485	1.691905	0.5149722	0.04115057	0.3222089	0.4276139	1.181065	0.4285843
3576	-9.074384	-179.6479	170.5736	2.549777	0.2760894	0.190655	0.3636373	0.6074742	1.068451	0.6883842
3582	-6.21709	-176.8007	170.5836	0.5035427	1.064456	1.031002	1.02179	0.1024654	0.9689501	0.8738432
3588	-9.039164	-177.9978	168.9587	0.780727	0.3607258	2.884666	1.186498	0.13172	1.199767	0.5558534
3594	-17.12651	-186.8357	169.7092	0.3534626	0.4210066	2.136081	0.2046672	0.8028335	1.736366	0.5007862
3600	-7.154138	-173.4001	166.246	0.944431	0.1603647	2.414576	0.6421783	4.424803	0.4753427	0.8898149
3606	-8.261955	-177.8786	169.6167	1.040089	0.1612857	2.414576	0.4320356	0.2098055	0.6440167	1.567588
3612	-4.89405	-176.045	171.1509	0.2165119	0.2075374	0.985782	0.5745864	1.160243	0.1647937	1.285406
3618	-0.05996342	-170.122	170.062	0.5792578	0.5910502	0.854906	0.8468793	0.4855146	1.930391	0.8094604
3624	0.7798681	-169.7268	170.5066	1.581673	0.3373072	0.5484506	0.8146843	0.02541333	1.451805	0.9552029
3630	-4.002367	-174.7319	170.7295	2.350149	0.3373072	0.3564003	0.1675649	0.02839681	0.9349383	1.374136
3636	-10.51189	-177.2709	166.759	1.015549	0.9752192	2.378354	0.5910614	1.574074	2.048496	0.8497621
3642	-24.57078	-191.124	166.5532	3.689077	0.4218084	1.923287	0.4514536	0.1801636	0.5214803	2.444593
3648	-18.87697	-185.2339	166.357	1.396605	0.9129275	2.903387	0.5574939	1.548617	1.678781	0.8421337
3654	-18.71636	-186.5991	167.8828	1.396605	0.8700222	2.682831	0.3916056	1.548617	0.7412012	0.5464706
3660	-5.900644	-177.4065	171.5058	0.4953385	0.225564	0.3098541	0.2996716	2.244718	0.1408625	0.9308546
3666	-9.018065	-178.8334	169.8154	1.555841	0.432294	0.2552566	0.7971708	2.244718	0.4250241	0.5270833
3672	-9.48297	-179.6081	170.1252	2.768111	0.6636294	0.1783568	1.238781	0.3193372	0.4250241	0.6181271
3678	-6.83202	-177.4384	170.6064	0.8229467	0.1137996	1.349418	1.36637	0.4953343	0.4133641	1.034752
3684	-7.047334	-177.0819	170.0346	0.9273639	0.06055094	0.97144	0.6925576	0.4081663	1.26706	1.680798
3690	-6.524507	-175.4347	168.9102	1.334502	0.1922756	2.34904	1.557672	0.7861131	0.3189817	0.7051646
3696	-15.0653	-183.4686	168.4033	1.429339	0.3501937	3.946951	0.77831	0.3949891	0.2012017	0.5917672
3702	-7.9326	-177.6107	169.6781	0.3695684	0.6601948	0.08889234	1.65656	0.804033	2.122855	0.4868701
3708	-1.313408	-170.9177	169.6043	0.4083835	2.356212	0.2455868	0.1469454	0.8173276	1.696027	0.2804241
3714	2.911687	-167.4549	170.3666	0.4083835	1.267708	0.2540326	0.1991969	0.5301387	2.294476	0.3139177
3720	1.550358	-170.6148	172.1652	1.129524	0.653226	0.2981002	0.438452	0.08670822	0.6991504	0.657023
3726	-4.764938	-173.983	169.2181	0.4102369	0.4695908	0.5677392	1.179526	2.239948	1.251704	0.7249807
3732	-8.814942	-177.3124	168.4975	0.4711695	0.5359375	2.023052	2.835932	0.3599094	0.723632	0.4545974
3738	-11.85401	-178.2324	166.3783	0.5496371	0.767795	0.6382499	4.634562	0.9367652	1.57378	0.5210275
3744	-7.42908	-176.368	168.9389	1.272684	0.2435878	2.233138	0.4742182	0.2018721	1.939563	0.8969067
3750	-16.31035	-185.2932	168.9828	1.677819	0.5579329	1.129394	0.1405763	2.459745	0.5357366	0.6815556
3756	-22.8691	-194.6397	171.7706	1.432112	0.2899073	0.8731215	0.2395096	0.3509358	0.4837087	0.7267833
3762	-12.25907	-181.0779	168.8189	5.236187	0.3403632	0.5682719	1.220515	0.25611	0.2634039	0.4125975
3768	-16.26296	-181.4921	165.2291	5.236187	0.846236	0.8813382	0.8777925	2.961233	0.6728112	0.5958873
3774	-23.49094	-192.3382	168.8473	0.4966034	0.9839631	1.679265	1.30981	1.645854	0.4140989	0.736484
3780	-25.80712	-193.5333	167.7261	1.188419	0.4347311	0.6310886	0.509803	3.561415	0.4614988	1.572181
3786	-24.34387	-194.3387	169.9948	0.9239448	0.7550196	2.100784	0.2741779	0.4258119	0.6232957	1.101388
3792	-25.77571	-191.7922	166.0165	1.864667	0.2924096	0.3780358	1.493262	1.592837	3.629329	0.9844165
3798	-26.54828	-197.2062	170.6579	1.330437	0.2924096	0.09878545	1.707339	0.398529	0.5292227	1.17929
3804	-27.84604	-197.0133	169.1673	1.761322	0.4866006	0.01110859	3.113035	0.1625655	0.6909536	0.8299447
3810	-28.7176	-196.6971	167.9795	0.9123967	0.7222035	0.308744	1.355256	0.7165909	3.491548	0.3970675
3816	-9.344572	-181.3733	172.0288	0.4322921	0.6939438	0.372409	0.2687169	0.9682511	0.6195042	0.668087
3822	-19.84537	-184.8509	165.0055	0.7949629	0.3991375	5.653659	1.373478	1.413655	0.8217061	0.3620362
3828	-18.01098	-184.2648	166.2538	0.8743055	1.562828	2.473881	1.663281	0.4323114	2.066721	0.25497
3834	-7.391149	-180.5025	173.1113	0.7236192	0.3707329	0.2675949	0.3494083	0.2030226	0.1663212	1.006829
3840	-18.84516	-184.349	165.5038	3.919695	0.8694056	1.337009	0.2274194	0.4850258	3.650254	0.8118603
3846	-8.381787	-181.5716	173.1898	0.954738	0.73077	0.1875584	0.166745	0.04139449	0.1497846	0.7434067
3852	-19.0096	-186.0176	167.008	0.3376196	1.219499	0.7015063	3.83856	1.73358	0.4984071	0.5648605
3858	-13.7865	-183.4258	169.6393	1.557295	0.4762103	0.4223711	0.3345128	1.766748	1.323049	0.5648605
3864	-17.78301	-188.6659	170.8829	0.7356984	0.6077794	0.2169523	0.05745092	0.1972726	2.697522	0.2999397
3870	-2.621609	-173.3165	170.6949	1.413803	0.5405313	0.7106168	0.1368487	1.427074	0.560326	0.6429637
3876	-4.037731	-172.5763	168.5386	0.4403637	0.6278858	1.964229	0.06138374	3.510232	0.2554734	0.376046
3882	-9.373273	-176.6901	167.3168	0.7492953	0.9110322	2.355845	0.3428462	3.510232	0.3181846	0.4623091
3888	-12.86088	-182.4883	169.6274	0.6145103	0.6137932	3.352707	0.2014863	0.8040616	0.2665868	0.5860743
3894	-18.78006	-189.4274	170.6473	0.9888635	0.7503981	1.97777	0.4062501	0.414572	0.1044523	0.9102095
3900	-13.81122	-180.5706	166.7594	1.816698	0.7519336	4.227861	0.1416859	1.049108	0.7939206	0.5808989
3906	-10.12155	-178.0229	167.9014	1.027713	1.627256	2.805549	1.382836	0.2497769	0.4852331	0.6355186
3912	-9.896948	-181.3271	171.4302	0.4732511	0.9010333	0.8637783	1.219037	0.208477	0.2127747	0.8182659
3918	-6.436602	-179.3381	172.9014	0.8179336	0.2372404	1.179851	0.142886	0.02370866	0.06264821	0.8182659
3924	-0.9867156	-173.4148	172.4281	0.1765771	0.774268	0.4866349	0.410606	0.2834163	0.3519379	0.444559
3930	-3.37309	-174.6467	171.2736	0.6056998	0.3584807	2.121613	0.1768393	0.6463298	0.0929385	0.9052017
3936	-13.01369	-180.5101	167.4964	1.101228	1.367337	3.174382	0.84408	0.8678565	0.5964539	0.3424891
3942	-39.1584	-201.9925	162.8341	1.101228	1.027278	4.649284	1.114744	1.4667	3.293247	0.6189712
3948	-24.81597	-195.7649	170.9489	1.293772	0.7028293	0.9618719	0.6811071	0.3736468	0.2041964	1.040054
3954	-29.47759	-196.0371	166.5595	2.3591	2.130325	2.447537	1.028037	1.068062	0.03352788	0.5991457
3960	-24.53237	-193.5795	169.0471	0.1589471	1.28702	0.1629939	2.994187	0.4486952	0.7179533	0.5208881
3966	-22.51967	-192.5658	170.0462	0.412907	0.2616825	1.83735	1.596699	0.1606652	0.5937473	1.185746
3972	-20.06406	-187.6784	167.6144	0.5838609	1.469466	1.670476	2.772824	0.5014546	0.6631248	0.2406484
3978	-8.070566	-176.0911	168.0205	0.2300506	1.787889	0.6735216	3.70694	0.3432293	0.293825	0.3306872
3984	-6.115607	-172.9988	166.8832	0.2349461	3.185254	0.7645584	2.398023	1.070811	0.4467207	0.2667121
3990	-2.138115	-171.5734	169.4353	0.387164	1.338965	1.146707	2.398023	0.07505026	0.5926915	0.4003841
3996	-0.3852667	-168.9714	168.5861	0.3727304	1.303896	0.7173027	0.9398453	1.487719	1.934552	0.3695123
4002	-8.258663	-178.3445	170.0859	1.049827	0.7758896	0.2282544	0.4154213	0.8794925	1.720017	1.048224
4008	-9.89805	-179.8133	169.9153	0.2508665	1.40964	0.2228656	0.07929985	1.946081	1.298955	0.3401016
4014	-12.68968	-182.0542	169.3646	1.129434	0.300409	2.012804	0.59725	1.68061	0.3526226	0.7170762
4020	-7.984167	-178.9887	171.0046	0.882806	0.300409	0.5764684	0.06801005	1.785767	0.6493566	0.9341434
4026	-18.14441	-188.309	170.1646	1.631947	0.300409	1.688423	0.2492662	0.609437	0.6642774	0.9141123
4032	-36.18872	-201.492	165.3033	1.611608	0.1389223	0.1243567	0.6390501	0.3703047	4.065828	3.041863
4038	-32.89688	-198.2886	165.3917	4.14543	0.1279801	0.4586515	0.7729894	0.4612299	4.065828	1.42255
4044	-26.48658	-191.9917	165.5051	2.486204	0.1528706	0.5573301	1.426719	0.7312126	4.065828	1.381254
4050	-8.801239	-180.5614	171.7602	0.4755806	0.4469787	0.3044519	0.8709564	0.9995172	0.09041763	1.183619
4056	-32.20045	-198.2753	166.0749	2.351469	0.1859714	1.101146	1.706016	3.062916	0.08333193	1.628431
4062	-20.32756	-191.0561	170.7286	0.8132191	0.764606	0.9902826	0.2855072	1.896972	0.03022496	0.509751
4068	-21.80793	-193.7713	171.9634	0.7690699	0.3308143	1.161452	0.4124104	0.7304856	0.01956734	0.7877542
4074	-4.961068	-175.5573	170.5963	0.7307609	0.2548555	0.9031941	1.009906	1.533631	0.007505053	1.152636
4080	-9.789639	-182.0383	172.2487	0.4339862	0.4278444	0.241234	0.2431356	1.085293	0.3911232	1.051836
4086	-4.471708	-175.9799	171.5082	0.5697702	0.149942	1.45438	1.033826	0.4115928	0.2894034	0.7076582
4092	-13.67572	-178.4147	164.739	0.3313598	0.8798959	0.4387975	2.128873	4.410209	2.386318	0.6134502
4098	-15.49913	-180.8063	165.3071	4.187549	0.6919246	2.667383	0.5236932	2.080236	0.7277864	0.3517229
4104	-15.31351	-181.6272	166.3137	1.40215	0.2003007	3.717442	0.5498178	2.080236	1.088605	0.8455637
4110	-14.57576	-182.2267	167.6509	0.514927	0.8267468	0.4284978	0.498983	2.204527	3.028917	1.008957
4116	-20.80834	-191.2054	170.3971	0.8555257	1.232069	0.5562277	0.142098	0.6387737	1.445904	0.9334765
4122	-8.658839	-180.4289	171.7701	0.4821513	0.2832294	0.281642	0.6834456	0.7859841	1.169635	0.4868489
4128	-7.984317	-177.7034	169.7191	0.3272078	0.493853	0.6913242	1.92446	0.9715995	1.199157	0.4536492
4134	-15.90645	-183.9473	168.0408	0.8518082	0.7205682	1.060652	0.1927273	3.038464	1.476381	0.7984888
4140	-1.367212	-174.734	173.3668	0.3427977	0.2874195	0.09944589	0.256428	0.8772672	0.1093398	0.5807958
4146	1.280508	-170.589	171.8695	0.5361972	0.6738412	0.3968443	1.630655	0.06862366	0.1843192	0.2960385
4152	-28.08491	-196.5435	168.4586	0.7266182	0.6305816	0.5968448	1.034558	2.948089	0.395284	1.356853
4158	-23.60273	-195.4073	171.8045	0.6117648	1.188799	0.5949604	0.1650852	0.3659262	0.3184242	1.129327
4164	-20.67934	-191.8337	171.1544	0.8752094	0.4453783	0.5949604	0.4957416	1.382334	0.3608803	0.8880866
4170	-38.19723	-206.5717	168.3744	1.020547	0.6426691	0.3472723	0.8639376	1.501855	1.717939	1.603959
4176	-28.39063	-195.6438	167.2532	2.107348	0.6229601	0.6238981	2.519876	0.6101811	1.020447	1.451412
4182	-16.7344	-182.8261	166.0917	0.8653859	0.4755699	0.2375955	4.569013	1.515685	0.91837	1.451412
4188	-9.336653	-178.3815	169.0448	1.273897	0.3137259	2.158329	1.055649	0.3852468	0.6691771	1.273948
4194	-13.72139	-182.9005	169.1791	0.6710069	0.06964879	3.504659	0.1330577	0.5292821	0.352497	1.618289
4200	-9.047781	-178.3544	169.3066	0.5713417	0.2119069	2.302769	1.752908	0.111109	0.9424206	0.9792245
4206	-10.45791	-180.4181	169.9602	2.490415	0.8817741	0.3913495	0.1467412	0.2094212	1.589042	0.544299
4212	-14.11833	-184.526	170.4076	0.6908222	0.2365984	2.040575	0.6739596	1.201357	0.2113319	0.3701749
4218	-16.34893	-187.1977	170.8488	0.5529569	0.4625073	1.432989	0.354523	0.1646898	1.653467	0.5776796
4224	-21.88773	-193.8474	171.9597	0.4794715	0.2506533	0.2251077	1.320794	0.05630288	1.143191	0.40633
4230	-21.86172	-194.1964	172.3346	0.4363872	0.2946555	0.3570814	0.270942	0.06611892	1.641807	0.63537
4236	-18.62802	-189.9568	171.3287	0.8353825	0.4638362	0.5546052	0.3013933	0.07409964	1.895643	0.6870953
4242	-10.80689	-181.3385	170.5316	1.808034	0.5498619	0.262238	1.730128	0.05618942	0.5961893	0.5984425
4248	-7.549251	-179.2687	171.7194	0.5211335	0.4234484	0.352824	0.8040029	0.5887132	1.044741	0.5984425
4254	-11.95872	-181.2772	169.3185	1.790885	0.1728119	0.2153836	0.2241287	2.904319	0.8456458	0.7238558
4260	-13.17668	-184.5768	171.4001	0.5555619	0.1889865	0.9169084	0.599814	0.4244834	0.7129958	1.330808
4266	-4.469221	-176.9641	172.4949	0.5871012	0.2775867	1.026174	0.5617747	0.1467601	0.1411363	0.944972
4272	-8.842221	-179.7206	170.8784	0.5955732	0.3082453	0.01686347	2.120049	0.4683136	0.2501523	1.463415
4278	-7.169598	-178.7942	171.6246	1.041755	0.1731507	0.07440073	0.5926257	0.5401161	0.08028491	1.84476
4284	-25.86384	-195.5882	169.7244	1.041755	0.2437794	1.407271	0.5960328	0.4953673	0.618338	1.84476
4290	-19.03929	-190.4406	171.4013	1.363869	0.4625011	0.5439439	0.4935307	0.08543732	0.993325	0.8536651
4296	-13.49554	-181.4404	167.9448	2.319426	0.5473255	2.306624	0.9720079	0.7113816	0.5552038	0.9710566
4302	-25.32073	-193.9518	168.6311	1.070241	0.3266768	0.8668641	2.188662	0.9261316	1.222985	0.9710566
4308	-22.9466	-191.6199	168.6733	1.967288	1.42657	0.437081	1.964853	0.5501004	0.1076048	1.131141
4314	-34.57666	-198.4538	163.8771	0.6967238	0.2907074	0.6334718	0.8651319	5.875304	2.034398	1.73853
4320	-46.63375	-210.0637	163.43	3.84113	0.7160402	0.6287441	2.40247	0.9756833	2.846258	1.759252
4326	-33.91653	-200.4564	166.5399	1.476096	0.5479031	1.554267	0.188039	1.264272	2.727878	1.733335
4332	-14.62709	-185.1184	170.4913	0.9789333	0.08213302	1.375308	0.3703896	1.289136	0.2431405	1.329148
4338	-18.25553	-188.8524	170.5969	1.381845	0.06556432	0.2726931	0.1906352	2.616545	0.3379734	0.6845266
4344	-21.06939	-188.7874	167.718	3.175021	0.1778449	0.1822999	0.9037748	2.616545	0.2001782	1.491168
4350	-23.61499	-196.0225	172.4075	1.143316	0.2242432	0.1754014	0.08127203	0.5056333	0.1883592	1.411838
4356	-24.05581	-194.9782	170.9224	0.637922	0.2242432	1.498943	1.516176	0.2067735	0.4058747	0.7355044
4362	-12.36829	-182.3248	169.9565	0.6396897	0.9731917	0.004512034	2.888692	0.3735884	0.471087	0.2513948
4368	-12.28504	-179.3758	167.0907	0.4823156	0.7591438	0.1665387	2.833748	0.5391457	3.584894	0.5059871
4374	-13.1919	-183.729	170.5371	1.089564	0.7591438	0.04895776	0.1538524	0.9870909	1.922939	0.4252809
4380	-26.23571	-196.206	169.9703	0.6656563	0.5854152	0.5756781	0.9136703	0.7948072	1.922939	0.3331058
4386	-21.37438	-188.3935	167.0191	0.5378601	2.042016	2.310523	0.8458184	0.5662674	2.14067	0.4197947
4392	-16.1037	-186.3431	170.2394	1.622215	0.5488041	1.57113	0.8458184	0.09159868	0.5975832	0.4163564
4398	-10.04369	-180.1769	170.1332	2.343384	0.4760191	1.64156	0.5458341	0.09159868	0.209939	0.8845168
4404	-15.41919	-184.4595	169.0403	1.332059	0.4520591	1.64156	1.241309	0.2149676	1.394317	0.8845168
4410	-19.47404	-185.0228	165.5487	0.9704765	0.366276	3.791228	0.852848	0.88824	0.9978285	2.313653
4416	-4.270482	-173.5527	169.2823	2.58316	0.5132647	1.830385	0.4053932	0.2861457	0.4761334	1.011133
4422	-9.334915	-175.0976	165.7627	1.371186	0.5132647	0.6572348	4.482247	1.140468	1.423875	0.8454715
4428	-9.618324	-180.3138	170.6955	1.456627	0.6020913	0.2046038	1.049963	0.1972263	1.178381	0.2822496
4434	-18.75817	-187.9484	169.1902	1.053637	0.6942869	0.1247965	2.699146	1.489208	0.1941738	0.3401881
4440	-12.54737	-181.5066	168.9592	1.312571	0.6350136	0.6874543	0.3726224	3.280012	0.03367973	0.9240739
4446	-17.47698	-189.8718	172.3949	0.5236862	0.7397173	0.3221757	0.4743275	0.5400863	0.02200978	1.139643
4452	-15.87979	-187.7459	171.8661	0.7396243	0.1482388	0.7523708	0.5344417	0.2113604	0.8150436	1.12539
4458	-16.33764	-183.8471	167.5095	1.873406	0.187876	0.2296518	2.74401	2.009326	0.7815546	0.9134575
4464	-5.168054	-175.4233	170.2552	0.9544106	0.6053718	0.4408334	1.176052	0.8880529	0.8975413	0.98652
4470	-10.31423	-182.0464	171.7322	0.72982	0.7823573	0.8381189	0.9234035	0.1134612	0.3710062	0.4163229
4476	-1.81833	-175.0638	173.2454	0.6793548	0.7541343	0.4783655	0.1708344	0.03695665	0.1370169	0.5069875
4482	0.3277758	-170.5154	170.8432	0.4477296	0.5387137	0.5603876	0.878707	0.798379	1.248901	0.7910615
4488	-6.869321	-169.6906	162.8212	1.212134	0.4235996	1.507898	1.431048	6.162967	1.901018	0.6795824
4494	-1.979848	-171.2639	169.284	1.254493	0.3723055	1.827473	0.44513	0.2975937	2.006503	0.6215468
4500	-9.683906	-173.9617	164.2778	1.72152	0.3970793	3.413568	1.903266	1.799919	1.89042	0.8107917
4506	-9.591766	-177.4751	167.8833	1.350243	0.2694806	0.3703538	0.8781542	0.6386732	3.699542	1.113237
4512	-8.992579	-179.0004	170.0078	3.133633	0.09972604	0.1352185	1.260649	0.1442175	1.033385	0.3783513
4518	-11.3255	-181.5512	170.2257	1.462516	0.2316361	0.3377714	2.242419	0.6799096	0.2647694	0.3291825
4524	-3.824501	-173.9434	170.1189	1.047949	0.423255	0.1521327	2.242419	0.8382422	0.449332	0.2290495
4530	-8.868049	-177.8887	169.0206	1.852114	0.6306325	2.272869	0.8426695	0.4020003	0.449332	0.7378747
4536	-15.8559	-184.4546	168.5987	1.077363	1.093066	0.4273423	0.9527826	2.573967	0.3269446	1.14444
4542	-0.6687832	-172.3793	171.7105	1.378902	0.4318449	0.4794407	0.2665771	0.9073541	0.05340279	0.9819433
4548	-8.6561	-178.3639	169.7078	2.161614	0.8015409	0.576423	0.04448866	2.186636	0.1216591	0.5488237
4554	-4.712625	-175.9733	171.2606	0.8528085	0.8015409	0.07542617	0.6289042	1.268243	0.5679867	0.3522441
4560	-2.314399	-173.8714	171.557	0.7792033	0.2794255	1.137277	0.2956954	1.301203	0.1433829	0.5928358
4566	-15.99501	-183.6611	167.6661	0.6350555	1.140728	2.760207	0.4218215	0.1827773	2.157782	1.206828
4572	-3.966947	-175.4625	171.4955	1.87309	0.6064295	0.3953395	0.4536666	0.1827773	0.3500536	0.8891573
4578	-13.11855	-178.6022	165.4836	0.3830473	0.4907262	4.663855	0.8254661	1.829413	0.7564221	1.544103
4584	-4.270766	-175.308	171.0372	0.9398501	0.3664916	1.693709	0.1449492	0.453229	0.875124	0.4873178
4590	-13.9863	-183.011	169.0247	0.3349727	0.6004668	0.6826671	1.778877	0.6630213	2.23205	0.6196059
4596	-23.43014	-193.2472	169.8171	1.185425	0.8478201	0.1012792	0.8798207	0.5490592	1.860032	0.9637714
4602	-8.437036	-180.9663	172.5293	0.3488415	0.6392234	0.08037019	0.8583697	0.3114385	0.4972394	0.7486521
4608	-20.37523	-190.2306	169.8553	0.8209711	0.372132	0.07569388	0.1852743	1.151283	2.316647	1.370274
4614	-18.9481	-185.0801	166.132	0.450151	2.345605	1.15783	0.002729342	2.288841	3.063581	0.5022319
4620	-7.702311	-178.4941	170.7917	0.740245	0.536149	0.7096441	0.001342647	2.396689	0.06239405	0.9609012
4626	-11.34183	-179.7494	168.4075	1.478231	0.7944715	2.629258	0.01333369	2.072584	0.121105	0.5540122
4632	-17.19839	-179.4637	162.2653	1.116876	0.7304052	1.301108	0.0250723	8.611762	1.144558	1.009172
4638	-1.005069	-166.9661	165.9611	1.044499	0.7236182	3.410161	0.1847105	3.320156	0.824628	0.6595299
4644	1.779155	-170.5089	172.288	0.7074343	0.4216773	0.04895696	0.739137	1.225066	0.05059693	0.3988935
4650	-4.320203	-175.5035	171.1833	0.9107249	0.3221711	0.05476061	0.7588966	0.3423375	1.264143	1.324267
4656	-21.0804	-192.5783	171.4979	0.4352845	0.6883735	0.3151387	0.7588966	1.099323	0.5268159	0.7730286
4662	-20.72123	-186.2812	165.56	1.647705	0.9514187	4.206675	0.3106642	1.908158	0.944119	0.4478033
4668	-13.75176	-178.6233	164.8715	0.4369167	0.5203325	2.258429	1.29891	1.673877	4.071359	0.9948895
4674	0.1230283	-171.1058	171.2289	0.6817016	0.330377	0.1151675	1.012829	0.9489431	1.061375	0.7907813
4680	-2.176667	-174.2544	172.0777	1.00706	0.3598509	0.253312	0.05914674	0.3930655	1.324705	0.6467186
4686	6.445894	-165.6478	172.0937	0.5545136	0.1492022	0.2872229	0.3997566	0.613776	1.376593	0.4451602
4692	1.233093	-170.9295	172.1626	0.8970341	0.6436632	0.3109549	0.06635005	1.403583	0.02005276	0.4451602
4698	-0.2890854	-171.5057	171.2167	0.9050553	2.070497	0.7277776	0.08208531	0.4593596	0.02005276	0.3884978
4704	-21.89893	-193.1578	171.2588	1.647324	0.4041216	0.8978219	0.5998857	0.382517	0.130279	0.901738
4710	-16.46632	-184.1596	167.6933	1.090875	0.3079581	1.150081	0.8585244	0.6983303	3.705453	0.5593025
4716	-6.302265	-175.9092	169.6069	0.8452288	0.5900024	0.8039147	2.670617	0.3225987	0.6699323	0.4779806
4722	-13.02736	-184.8008	171.7734	0.7602977	0.7975199	0.4652173	0.4455128	0.8576368	0.3783737	0.6321841
4728	-24.78889	-192.7759	167.987	1.669371	0.8871461	0.3317644	2.353375	1.375123	0.365778	1.236033
4734	-20.0405	-183.2157	163.1752	0.9760522	0.5560044	1.549467	2.367315	2.25839	4.338097	0.9833956
4740	-30.96844	-194.4676	163.4992	1.83308	0.2803	0.8927167	3.462773	3.07275	0.6525145	2.162823
4746	-15.07181	-182.1672	167.0954	0.7310599	0.3607702	1.766813	1.314506	0.9173746	3.025721	0.9876115
4752	-15.63803	-185.806	170.168	0.7310599	0.3556674	1.486892	1.78726	0.1164019	0.623115	0.9282943
4758	-21.70233	-192.9788	171.2765	0.607662	0.735414	0.5452305	0.5577598	0.9960707	0.1464206	1.286255
4764	-26.71131	-197.4231	170.7118	0.9587283	0.5549847	0.3907711	0.19238	0.2999898	1.001055	1.856536
4770	-12.61628	-181.8509	169.2346	0.9025234	1.265901	1.919574	0.4379974	0.4444073	1.302137	0.5440409
4776	-11.0155	-178.4833	167.4678	0.6458736	1.313549	1.228282	0.4926884	0.5023201	3.829871	0.6009508
4782	-4.435187	-175.9521	171.5169	0.7806805	0.4119868	0.2958397	0.1360441	0.5929714	1.764595	0.5722581
4788	0.3200757	-171.9155	172.2356	0.1636409	0.9193933	0.488362	0.2843605	0.3333264	0.4192551	0.4650568
4794	-0.4051128	-170.0304	169.6252	0.975782	0.7996579	0.8665252	0.2352921	0.1445948	2.849055	0.5910264
4800	-4.032118	-174.5989	170.5668	0.5318317	0.2059539	1.510476	0.5298703	1.555086	0.1970619	1.068721
4806	-1.602504	-172.3964	170.7939	0.6556796	0.1344592	0.620332	1.736909	0.5557493	0.8456117	0.8348366
4812	-7.580056	-175.2611	167.6811	0.7923517	0.08911202	1.654368	1.065934	2.997017	0.4614488	1.397894
4818	-3.208033	-174.2886	171.0806	0.80114	0.1334892	0.2979103	0.516444	1.792333	0.5677817	1.0126
4824	5.355238	-165.865	171.2202	1.543881	0.2969995	0.2591922	0.1027645	1.490469	0.5707979	0.3689054
4830	-7.428247	-172.3173	164.889	1.174439	0.2791587	1.431829	0.5739895	4.458247	2.246274	1.14257
4836	-3.245071	-168.6821	165.437	0.9973791	0.09009964	0.5392937	1.251604	1.382508	4.947132	1.473264
4842	-14.91859	-180.4754	165.5568	1.157421	0.09159173	2.572094	0.2262128	0.4291293	4.947132	1.205618
4848	-13.6632	-183.2842	169.621	1.501799	0.3364593	1.269665	1.625662	0.8966141	0.2721754	0.5021717
4854	-5.813434	-178.0651	172.2517	1.069173	0.2734956	0.00499246	0.2513827	1.093521	0.5060926	0.6948935
4860	-8.958629	-180.0192	171.0605	0.3878257	0.2331195	0.001418394	1.186993	0.5046733	1.832676	0.8747184
4866	-10.03552	-181.3059	171.2704	1.208938	0.6601808	0.02682842	0.6373113	0.7131737	0.7552528	0.9307253
4872	-3.958557	-174.9444	170.9858	1.386064	0.2389413	0.396784	1.474618	0.375826	0.4919918	0.8473786
4878	-14.06237	-179.2506	165.1882	0.6450579	0.2571925	0.7219592	2.287861	5.117952	1.22355	0.6874292
4884	-11.07181	-176.943	165.8711	1.132313	0.9704488	0.5359694	2.006259	0.610138	4.384988	0.5033337
4890	-3.781946	-175.0296	171.2476	1.170548	0.9941111	0.4496729	0.8325126	0.4948149	0.3210306	0.4748534
4896	-8.859219	-178.8284	169.9692	0.6408373	0.3650164	0.225723	0.2286222	3.22293	0.7931192	0.6796353
4902	-2.892776	-172.8196	169.9268	1.511483	1.237021	0.209224	0.560453	1.315991	0.7106988	0.6796353
4908	-8.765451	-179.1431	170.3776	0.8129162	0.6211226	0.5652326	0.4002964	0.4019857	1.435316	1.495253
4914	-0.5460229	-170.5833	170.0373	0.8916311	0.4116541	1.243712	0.8855683	0.5003244	0.3508406	1.709528
4920	-9.624549	-177.5623	167.9377	1.171696	0.6035895	1.730883	0.4140035	1.748294	0.9889453	1.511336
4926	-9.436467	-181.4605	172.024	0.3654162	0.3393982	0.7408547	0.4985737	1.076279	0.1068028	0.9142612
4932	-26.09497	-195.1583	169.0633	1.01426	0.3010068	1.074147	0.9738269	1.288925	0.2647214	1.944424
4938	-21.0221	-185.2719	164.2498	2.387613	0.4533173	1.074147	4.018385	1.236511	1.328215	1.500155
4944	-7.354287	-179.5878	172.2335	0.5961279	0.1863698	0.2329267	0.2701839	0.5224935	1.018223	1.117498
4950	-10.49204	-180.9108	170.4188	0.3301966	0.7479582	0.9438038	0.5124857	0.3372213	1.946996	0.7549557
4956	-19.84404	-189.7547	169.9107	1.293451	1.428101	0.3909281	0.5366898	0.044323	1.888236	0.4032133
4962	-16.47369	-185.6922	169.2185	1.353266	0.7884965	0.04564355	2.236648	0.3247642	1.544609	0.5460802
4968	-24.45537	-193.5853	169.1299	1.617745	0.7884965	0.04231966	2.828285	0.08124569	1.015275	0.6296102
4974	-14.56387	-184.3856	169.8218	0.8961302	0.8964434	1.450721	1.282211	0.1209131	1.015275	0.3921265
4980	-8.095642	-176.018	167.9224	1.937984	1.947784	2.386249	0.1593896	0.2921029	0.6805248	0.2277021
4986	-24.05467	-190.1515	166.0968	0.3571727	0.7982245	6.06244	0.828104	0.6072072	0.3252401	0.2082151
4992	-17.07143	-187.7732	170.7017	1.050743	0.5568887	1.780449	0.9124825	0.1862261	0.02999184	0.2082151
4998	-16.5663	-188.0061	171.4398	1.399899	0.5568887	0.8207453	0.4201112	0.761802	0.1136047	0.5516355
5004	-22.13532	-190.7897	168.6544	3.202527	0.7936022	1.10556	0.05237366	1.623222	0.4287906	0.5805308
5010	-19.7201	-188.9121	169.192	1.010233	0.2982689	3.88809	0.2241382	0.5503493	0.3343484	0.4222547
5016	-24.93124	-185.8849	160.9537	0.7534208	0.2805332	3.023897	1.301169	7.290337	1.578887	1.018457
5022	-23.04697	-193.0111	169.9642	0.5889036	0.5521325	0.8646197	0.3943422	2.851969	0.1884601	0.7347612
5028	-23.59211	-194.5307	170.9385	1.678518	0.2499888	0.7172754	0.4971934	0.3604087	0.2905059	1.426792
5034	-12.49728	-179.9375	167.4403	1.687131	0.08405598	0.8130256	0.9097678	3.842812	0.276258	1.165728
5040	-29.60044	-195.8719	166.2715	0.7354877	0.6502312	0.6519033	0.2583969	3.582173	3.069714	0.9800318
5046	-15.55051	-184.3947	168.8442	0.9348287	0.4345265	0.4335219	0.2875179	0.5758314	3.562109	1.124409
5052	-20.61689	-191.0401	170.4232	1.948476	0.7299152	0.7839569	0.165911	0.06026484	1.458199	0.4991815
5058	-24.95199	-194.3456	169.3936	1.46487	0.3314158	2.295449	0.8029273	0.2971006	0.927171	0.5686837
5064	-27.96954	-198.8905	170.921	1.199555	0.2274823	1.944649	0.9794855	0.02531153	0.2058714	0.5686837
5070	-14.97778	-185.0888	170.111	1.199555	0.3168153	0.6886598	0.6496711	0.3817658	1.922094	0.9332683
5076	-8.123303	-173.3237	165.2004	1.170183	0.7050055	2.086069	1.817441	4.430998	0.08445152	0.5981875
5082	-16.49436	-184.9473	168.453	0.9662928	0.7050055	1.27639	1.817441	0.2308707	0.8373669	1.734137
5088	-3.958217	-173.6969	169.7387	1.048338	0.3131029	3.179931	0.7454872	0.1561719	0.06126949	0.960311
5094	-1.770945	-173.059	171.2881	1.213735	0.4667447	1.050441	0.5462387	0.7772513	0.01194708	0.8357586
5100	-15.45448	-184.8549	169.4004	1.213735	0.1052986	1.457597	1.638645	1.301468	0.03419115	1.052674
5106	-6.817982	-176.3615	169.5435	1.498643	0.1784967	0.8245023	0.4526481	1.846281	0.9315338	0.9387452
5112	-0.3599243	-171.3482	170.9883	0.8782785	0.1441577	0.8211773	0.3936583	0.1778332	2.105365	0.5307422
5118	-3.927377	-171.1932	167.2658	0.2188609	1.687839	0.1828329	0.2679703	3.155231	2.283637	0.382661
5124	3.011635	-166.2647	169.2764	0.6922859	0.959079	1.476076	0.9994991	1.366582	0.5178178	0.9038849
5130	-0.6844802	-169.3124	168.6279	1.241359	0.9235246	2.158604	0.3676297	1.29459	0.8990761	0.4943315
5136	-15.59589	-186.8209	171.225	0.4903122	1.015456	0.2373208	0.3676297	0.7717654	1.276951	0.7203634
5142	-23.13416	-192.5608	169.4266	0.973206	2.434708	0.1288191	0.2003018	0.9373675	1.405173	0.550371
5148	-26.45356	-196.4819	170.0284	0.8401984	0.5734076	1.735075	0.01160553	1.106179	0.6880415	1.202304
5154	-31.45364	-202.773	171.3193	0.8401984	0.3922004	0.7809338	0.02664251	1.65871	0.1744035	1.010794
5160	-26.40826	-198.9905	172.5822	0.4734796	0.3922004	0.6511373	0.1967685	0.7812586	0.1323477	0.9340663
5166	-8.266005	-178.8674	170.6014	0.4371179	0.923164	0.7228958	0.9197398	0.8710316	0.714672	0.9340663
5172	-16.62617	-188.2655	171.6394	0.4471604	0.8921872	0.07011717	0.1381282	0.7280347	1.292801	0.9211439
5178	-16.05368	-187.6037	171.55	0.8771257	1.404948	0.3252149	0.2221499	0.7280347	0.2603834	0.8166497
5184	-18.46026	-186.3799	167.9196	1.276331	0.4305414	2.318987	0.4683827	1.422556	1.317621	1.051371
5190	-14.22253	-185.322	171.0995	0.4432144	0.3535197	0.3715479	0.7990761	1.202368	0.3775983	1.415234
5196	-15.67722	-186.5238	170.8466	0.6450894	0.3535197	0.4917044	0.3958131	1.214627	1.250533	0.9936192
5202	-16.01972	-183.9737	167.954	1.557682	0.2436665	2.610632	0.3184072	1.180141	0.5884767	1.627079
5208	-11.82778	-182.3848	170.5571	0.5661931	0.3320909	1.029043	1.000975	0.275922	1.020796	1.346306
5214	-18.85299	-190.8308	171.9778	0.518848	0.3360147	0.6965732	1.263627	0.07827808	0.493101	0.7674174
5220	-18.27036	-188.8566	170.5863	0.518848	0.3135858	1.502515	0.1553869	0.6207518	1.17104	1.265436
5226	-12.115	-179.2703	167.1552	3.745918	0.3923569	1.800219	0.1568483	1.075505	1.338445	1.088995
5232	-6.248229	-177.025	170.7768	1.382242	0.63397	0.07482577	0.8229628	0.8744647	0.562579	1.079424
5238	-14.27663	-186.371	172.0944	0.4292762	0.63397	0.03172608	0.4130279	0.9787165	0.5870407	0.9521216
5244	-14.44881	-186.6068	172.158	1.167259	0.2747198	0.03772951	0.08248661	0.9787165	0.2322327	1.247305
5250	-2.059223	-174.6303	172.571	0.5436014	0.1350421	0.06038736	0.4038663	0.4322622	0.2322327	1.645565
5256	-4.87529	-177.3797	172.5044	0.8396569	0.3587326	0.5411123	0.3555635	0.08712999	0.2712263	1.223608
5262	-9.715517	-180.078	170.3625	1.288625	0.4220278	0.3665585	0.294265	0.01989706	2.30438	1.139774
5268	-11.15131	-181.1546	170.0032	0.7136023	0.6702634	0.7981715	1.264519	0.03053512	1.117022	1.504728
5274	-4.791543	-176.2677	171.4762	0.2868284	0.9369021	0.2396109	0.7546613	0.257042	1.275964	0.6542338
5280	-7.387606	-177.8689	170.4813	0.2302323	1.516901	0.991034	0.7546613	0.3231224	0.8325104	0.4723971
5286	9.336618	-161.5921	170.9287	0.2543152	0.7399315	1.798505	0.1645406	0.3231224	0.8325104	0.2704035
5292	6.907542	-161.6193	168.5269	0.7669038	0.8249641	2.464257	1.41505	0.5144011	0.9813791	0.4203485
5298	-0.4844758	-166.7123	166.2279	0.6374608	0.3373486	3.477775	1.41505	2.068118	0.9813791	1.044513
5304	-4.430809	-174.2727	169.8419	0.6776139	0.9456288	1.897981	0.8521099	0.29839	0.9813791	0.5614193
5310	-6.126527	-176.2376	170.1111	0.4907559	1.181217	0.3204602	0.4923458	0.5486765	2.30636	0.571335
5316	-17.69742	-183.7314	166.034	0.4948517	0.437171	2.63412	4.067455	0.1799111	1.371622	0.2273864
5322	-16.77785	-187.803	171.0251	0.4407649	0.6402423	1.504609	0.1815356	0.5858907	1.04275	0.4197605
5328	-10.11613	-179.7502	169.634	1.44722	1.377458	1.184544	0.2368894	0.7986137	0.7912375	0.675611
5334	-19.0701	-191.48	172.4099	0.3091318	0.2650932	0.879604	0.02150421	0.8338359	0.4937829	0.7463543
5340	-18.22525	-186.7014	168.4762	0.3689588	0.2650932	1.121329	1.034909	1.212787	2.312629	1.253605
5346	-9.546318	-178.6659	169.1196	0.5448455	0.2583411	0.4965553	2.318703	1.212787	1.396531	0.8017508
5352	-17.28113	-189.4904	172.2093	0.5262966	0.5070671	0.4701511	0.7210553	0.3820564	0.3364755	1.01378
5358	-20.05437	-191.2883	171.2339	0.8122595	0.6656692	1.199793	0.6999359	0.5813979	0.1185369	0.8838201
5364	-15.06291	-181.5266	166.4637	0.4227488	0.9770008	2.482286	3.230254	0.9759484	0.4200848	1.13658
5370	-10.82018	-178.7624	167.9422	0.9173747	0.4578777	0.5386136	3.230254	1.339604	0.8292243	0.9473998
5376	-5.514178	-172.9207	167.4065	0.9636241	0.5283436	0.9658356	2.210693	1.339604	1.840659	0.9473998
5382	-6.08222	-176.4988	170.4166	0.4686512	0.3149657	0.9658356	0.8504402	0.8412408	1.223004	1.060917
5388	-13.94916	-182.4237	168.4746	1.660891	0.5093082	1.271258	0.5433287	1.852641	1.088449	0.8070828
5394	-18.67215	-185.8349	167.1627	0.5609612	0.1466475	2.883832	0.8437141	0.6910507	1.001027	2.375704
5400	-23.79693	-186.5401	162.7431	0.9633323	0.4200168	2.001337	2.941152	2.552572	1.696448	2.375704
5406	-3.271541	-173.4366	170.1651	0.6041045	0.2559786	0.2328595	2.914073	0.6281691	0.4556713	0.9263902
5412	-5.412315	-175.1399	169.7276	0.528084	0.4742003	1.999552	0.3585551	2.245129	0.1105321	0.6327971
5418	-7.304112	-176.8468	169.5427	0.5800701	0.3467056	0.6997694	0.4883692	2.143278	0.6795375	1.578174
5424	-1.877807	-173.1459	171.2681	0.5237943	0.1052742	0.6524947	1.346639	0.6166585	0.802614	0.8344268
5430	-17.58054	-184.2909	166.7103	0.6901055	0.5908486	0.6524947	3.340935	1.213915	2.147842	0.8344268
5436	-8.234055	-178.0069	169.7728	0.6901055	0.07722242	0.3062053	1.264179	0.4688996	1.142895	2.110444
5442	-16.94791	-187.4107	170.4628	1.344947	0.6181794	0.09891298	0.6191892	1.73661	0.5882046	0.6689278
5448	-15.06287	-186.8912	171.8284	0.9493119	0.5613609	0.8562071	0.397318	0.200959	0.3240034	1.083276
5454	-17.69165	-184.8957	167.204	0.9493119	0.1869801	0.9441273	2.53454	2.65225	0.8945074	0.8198808
5460	-11.89054	-184.3405	172.45	0.4152884	0.8337015	0.3410235	0.1885886	0.4682779	0.4090652	1.006111
5466	-10.80152	-181.5517	170.7502	1.649861	0.3468839	0.5149896	0.05198483	0.09340889	1.814495	1.006111
5472	-7.575138	-178.9368	171.3617	0.7139654	0.3698118	0.1546509	0.7812782	1.577936	0.4650817	0.7285608
5478	-8.215083	-179.1981	170.983	0.4469249	1.442581	0.6033834	0.2755132	0.4905607	1.194917	0.5329724
5484	-12.02257	-182.7182	170.6956	0.9672535	0.4086354	1.13096	0.2774147	0.5924835	1.437779	0.5199772
5490	-39.37816	-205.2087	165.8305	2.059519	0.9053124	0.8205202	0.781821	1.726352	3.462847	0.5078286
5496	-27.878	-195.5666	167.6886	1.005297	1.244297	0.6839276	0.6100517	0.7668255	3.462847	0.6734084
5502	-31.75362	-202.4238	170.6702	1.017439	0.6750787	0.1528732	0.3524533	1.619806	0.6708295	1.04444
5508	-27.61384	-197.4294	169.8156	1.314767	0.6750787	0.250363	2.315348	0.7993911	0.05300153	0.984129
5514	-10.91924	-181.3551	170.4358	0.4245577	0.7952792	1.620011	0.3530097	1.759639	0.03231093	0.5495356
5520	-10.59541	-180.87	170.2746	0.9999655	0.4754252	1.620011	0.5564942	1.100435	0.2753563	0.8959959
5526	-10.23241	-181.4429	171.2105	1.039816	0.4952532	0.1698999	0.2882746	1.22249	0.889711	0.8803406
5532	0.9955641	-170.4803	171.4758	0.8037584	0.4952532	0.06136281	0.7811629	1.002698	0.6931929	0.8815686
5538	0.03111669	-172.1124	172.1435	0.8463157	1.408085	0.02220989	0.3024258	0.2451909	0.5389805	0.4594695
5544	-3.628885	-174.2473	170.6185	0.6823175	1.20271	0.02232229	2.103941	0.4646739	0.4078489	0.5100877
5550	-15.31803	-183.0307	167.7127	0.4622129	0.9322949	0.8341968	2.103941	0.6899979	2.354871	1.048923
5556	-8.298637	-176.6386	168.34	1.648624	0.4038197	0.09845667	0.4731783	2.085765	1.946045	1.212182
5562	-17.09314	-187.3393	170.2461	2.005548	0.9119731	0.3865372	0.6029596	0.9231933	0.1147627	1.077602
5568	-16.56244	-185.6789	169.1165	0.5928861	1.050791	1.215034	1.782214	1.165489	0.4957506	0.3341275
5574	-34.52636	-203.0008	168.4744	0.5184085	0.5959171	0.402432	3.073857	1.347086	0.577335	1.162331
5580	-18.27364	-186.3902	168.1165	0.6760079	0.6752131	1.576255	1.762703	1.493028	0.7210183	1.162331
5586	-30.64202	-196.6249	165.9829	3.34112	1.454178	0.9076024	2.709756	0.5776973	0.7367973	0.8954225
5592	-21.38412	-189.6096	168.2255	1.5432	0.6725063	0.7804369	3.337067	0.5776973	0.3566973	0.6398811
5598	-15.41025	-183.3705	167.9602	1.504728	1.019881	0.7804369	2.516374	1.563207	0.1786011	0.4925057
5604	-22.20301	-185.6123	163.4093	1.063205	1.752252	5.438501	1.024286	1.563207	1.25231	0.5656999
5610	-12.50248	-180.7357	168.2332	1.092446	0.5558077	2.166767	1.024286	2.366872	0.07144796	0.4899838
5616	-7.178396	-177.2854	170.107	0.9993412	0.8214711	0.1582589	1.15392	1.239103	0.626856	1.094033
5622	-8.88734	-177.5675	168.6801	0.6611165	0.5068359	0.07412343	1.434322	1.55216	2.585651	0.4474745
5628	0.2810835	-171.8861	172.1672	0.9512065	0.8061655	0.2537514	0.1974355	0.3330571	0.7358969	0.7046824
5634	-4.501959	-171.0354	166.5334	0.9723898	0.4285228	1.106622	0.7696387	2.331018	3.075962	0.9864101
5640	-8.981675	-180.8491	171.8675	1.10364	0.4351631	0.2978447	0.7248852	0.1591331	0.7400048	0.866322
5646	-12.52757	-179.3688	166.8412	0.3472304	1.069395	0.7057303	0.4070445	1.324648	4.456393	0.8916737
5652	-15.9477	-184.8015	168.8538	0.4774029	1.19858	2.275853	0.7132835	1.061239	0.8731826	0.4771793
5658	-16.08302	-188.6557	172.5727	0.6606655	0.3842837	0.5620755	0.7318844	0.5864417	0.001089859	0.4771793
5664	-12.41892	-184.446	172.0271	1.11127	0.4879633	0.3220143	1.325846	0.2310235	0.001089859	0.452193
5670	-29.61877	-200.6989	171.0801	0.5202902	0.6900561	0.3334722	0.6681523	0.8248269	0.3001649	1.612496
5676	-21.72161	-194.4062	172.6846	0.8126808	0.4416293	0.3334722	0.1296538	0.8220497	0.1094833	0.8579374
5682	-24.70533	-194.3332	169.6278	2.220036	1.006815	0.6997702	1.497467	0.5303529	0.005338243	0.6274524
5688	-30.32515	-201.3736	171.0485	0.3393441	0.6430989	0.6997702	1.989065	0.5301578	0.01467623	0.7314355
5694	-39.02927	-210.3331	171.3038	0.3741347	0.7569523	1.438262	0.30568	0.1673756	1.034907	0.5452299
5700	-22.47181	-192.6611	170.1892	0.4061675	0.5613708	0.4745837	1.251845	0.7652977	1.415381	1.040679
5706	-16.31696	-186.7742	170.4572	0.8856004	0.9258104	0.1350904	1.463936	0.4277365	0.7389356	1.158136
5712	-26.7492	-196.464	169.7148	0.8946449	0.707631	1.697633	0.05908774	0.06311018	1.918748	1.139301
5718	-27.56077	-198.2529	170.6921	0.5714438	0.9620841	0.3551097	0.1118744	0.7509697	1.918748	0.7906381
5724	-1.604714	-173.3356	171.7309	1.253338	0.599248	0.4955175	0.2296599	0.6224788	0.555792	0.3943285
5730	-5.972239	-174.4325	168.4603	0.7836979	0.4815719	2.099984	1.854588	0.5997903	1.202719	0.3943285
5736	5.55621	-166.1696	171.7258	1.124228	0.3835004	0.3227971	0.4259296	0.3134045	0.847141	1.059817
5742	-0.8538304	-170.434	169.5802	0.4861958	0.1401157	0.8047893	0.9770478	0.2758062	2.866777	1.020315
5748	-2.348822	-173.2111	170.8623	0.8075317	0.1869148	0.5249965	0.38512	0.8747303	1.5473	1.013621
5754	-20.50451	-187.3564	166.8519	0.6543252	0.4722338	0.361855	1.239914	1.64329	3.921931	1.046136
5760	-20.88647	-191.9279	171.0415	0.4855349	0.3451425	0.4431983	0.590024	0.8497687	1.348824	1.046136
5766	-14.80804	-187.3831	172.5751	0.2622318	0.8486668	0.7313734	0.1881326	0.4846239	0.1031876	0.6139028
5772	-22.11831	-193.2931	171.1748	0.9086698	0.9445044	0.1576644	0.3956007	0.75507	1.129775	0.6648591
5778	-16.9659	-186.2288	169.2629	0.8343977	0.725695	0.8804935	1.332528	0.1622923	2.299318	0.5829558
5784	-11.51725	-178.4415	166.9243	0.8231592	1.976052	0.9610158	2.106493	1.912159	0.7987367	0.5654134
5790	-22.72792	-192.9774	170.2495	0.8553862	1.380667	0.1487709	0.6628603	1.045989	0.9023322	0.9570312
5796	-24.54712	-191.0716	166.5245	0.807504	0.5330227	0.06512606	0.709185	3.970615	2.035241	1.471981
5802	-29.67826	-195.8973	166.219	1.75025	1.031081	3.225228	0.872139	1.875577	0.4406254	0.8011387
5808	-23.28309	-192.7879	169.5048	1.019991	1.031081	1.556904	0.06820499	1.672766	0.4406254	0.9048868
5814	-21.04172	-190.7637	169.722	1.868398	0.7442679	1.284523	1.075461	0.2549179	0.2919017	1.01052
5820	-18.04021	-185.4917	167.4515	0.7773684	1.171221	2.908416	0.01913503	2.752829	0.4272899	0.5186309
5826	-9.616195	-177.7617	168.1455	0.3676253	1.171221	0.6499075	0.09000414	2.752829	1.900351	0.2051619
5832	-2.986863	-172.4177	169.4308	0.6581336	1.483419	0.03695763	0.06224534	2.752829	0.7743812	0.2051619
5838	2.483511	-167.2854	169.7689	0.5988358	0.6088902	0.5543014	1.728486	1.37848	0.8269328	0.6234101
5844	8.085206	-162.0342	170.1194	0.5760485	0.6088902	0.04908889	0.7956683	1.32684	1.143772	1.47391
5850	6.158535	-163.9517	170.1102	0.7171286	0.673023	0.09490304	1.663844	1.581372	0.6412984	0.6164167
5856	-6.217464	-177.924	171.7065	0.3777512	0.4099467	0.2398154	1.663844	0.9536959	0.001482016	0.6448437
5862	-0.01366129	-167.8164	167.8028	0.918769	0.6399763	0.6299563	2.363685	2.892972	0.007789443	0.9466229
5868	1.941455	-170.1372	172.0787	0.6333002	0.08755086	1.407673	0.3939707	0.4276544	0.01145586	1.140539
5874	-2.244871	-174.4972	172.2524	0.6517951	0.3346589	0.980549	0.1476491	0.3733002	0.3024169	1.140539
5880	-8.019277	-180.9331	172.9139	0.4030385	0.2240616	0.2434343	0.1258654	0.3321418	0.720519	1.132029
5886	-13.82613	-186.1381	172.312	0.7788023	0.2782436	0.7338228	0.2015967	0.1035167	0.720519	1.070782
5892	-10.89444	-182.5575	171.6631	1.019398	0.2173315	1.239335	0.3069702	0.3687122	0.3694148	1.019663
5898	-7.852008	-180.2122	172.3602	0.845639	0.1002974	0.331801	0.2200539	1.025897	0.2282632	1.087581
5904	-8.009182	-178.4841	170.4749	1.186565	0.5551847	0.284821	0.5471102	0.4395641	0.811345	1.725513
5910	-20.34854	-183.8915	163.543	1.341611	0.1434063	1.244721	4.141978	3.363445	0.8192198	1.512533
5916	-30.38694	-200.9546	170.5677	1.812701	0.2032859	0.0011804	0.2762299	1.641036	0.3761578	1.323549
5922	-37.52683	-202.5828	165.056	0.5806822	0.5742819	0.9753107	0.4250632	4.078373	3.106001	1.338055
5928	-15.38505	-187.5488	172.1638	1.227245	0.2566856	0.1016332	0.2467098	0.2188678	0.2511746	1.606933
5934	-21.03223	-190.0731	169.0409	2.674675	0.3302135	0.1086803	0.06783519	2.843154	0.4371564	0.9034223
5940	-16.42953	-187.4192	170.9897	1.73016	0.1217114	0.262373	0.1317769	1.943033	0.1747959	0.8734705
5946	-14.84596	-182.3797	167.5337	1.073631	0.3906042	2.456959	1.544747	0.8314004	0.3791507	1.787327
5952	-13.33612	-184.443	171.1069	0.7902442	0.3349651	1.923437	0.246925	0.3022478	0.2332134	1.23938
5958	-18.4744	-189.7492	171.2748	1.779181	0.6434952	0.8580705	0.1059452	0.3022478	0.1880103	1.085954
5964	-20.5127	-188.9019	168.3892	1.224196	1.486382	0.6864434	0.4299453	0.7770891	2.331668	0.8715581
5970	-25.45738	-195.4209	169.9635	1.536059	0.9968726	1.677325	0.3444187	0.1677807	0.8358547	0.4575431
5976	-25.68667	-194.9675	169.2809	2.19978	0.1937947	2.239766	0.7391786	0.4400479	0.2657625	0.9439346
5982	-35.50121	-203.7052	168.204	0.5822899	1.304154	2.393609	2.117007	0.2449256	0.4395278	0.8887368
5988	-30.85137	-199.1079	168.2566	0.5372671	1.304154	0.7346286	0.4196835	3.799719	0.024859	1.089032
5994	-20.56528	-188.2242	167.6589	1.614371	0.4044369	4.79931	0.2264184	0.3963122	0.164715	0.9595281
6000	-37.01808	-203.9365	166.9184	1.574874	0.3173853	1.507472	0.5741917	2.412288	1.840551	1.073909
6006	-34.24527	-201.252	167.0068	1.438346	0.3911691	1.897625	0.6191736	3.65585	0.2374876	0.9658901
6012	-39.95435	-207.6972	167.7429	0.5705815	0.3911691	0.4568321	0.6258503	3.538934	1.540477	1.278771
6018	-24.59456	-194.3412	169.7467	0.765312	0.5677791	0.9302167	0.3710122	1.951722	0.5567721	1.278771
6024	-30.46284	-200.2121	169.7493	0.5670499	0.5762279	0.3345886	0.2877449	2.629322	0.5041796	1.450548
6030	-33.65424	-200.4261	166.7719	2.792399	0.2223227	3.131942	0.3625294	0.3182093	0.814805	1.811096
6036	-21.74212	-190.5305	168.7883	1.478684	0.5836815	2.546468	0.1952594	0.6320522	0.814805	1.163744
6042	-22.09273	-191.3497	169.2569	2.286805	1.330977	1.465979	0.4116012	0.7870346	0.08859506	0.5174209
6048	-26.46322	-188.3418	161.8786	1.751395	0.6127299	1.75382	4.500663	1.84309	3.005632	0.8849651
6054	-17.97989	-186.8763	168.8965	2.244877	0.7083852	0.9350432	0.4249911	0.1487297	2.261374	0.513598
6060	-19.24187	-187.7961	168.5542	1.370223	0.655725	0.7880005	1.257315	0.04074642	2.831712	0.6029763
6066	-13.62523	-181.582	167.9568	0.7349668	0.5445175	4.203824	1.257315	0.1606815	0.6454369	0.4629621
6072	-4.178523	-174.0955	169.917	0.2695933	0.7876437	0.9001911	0.03883593	1.841723	1.418163	0.3471772
6078	-0.5309957	-171.389	170.858	0.3776952	0.8407325	0.8075049	0.3255784	0.3326293	1.807676	0.6518441
6084	-18.01771	-186.0742	168.0564	0.3735759	0.2376574	0.8702456	2.905365	1.039225	1.832827	0.7095462
6090	-1.929061	-171.4668	169.5378	0.3735759	0.6034827	1.113716	0.5197626	0.8268357	2.337661	0.7138057
6096	-3.255867	-174.4151	171.1592	0.5096404	0.3113154	1.065165	0.673938	0.4967069	1.234559	0.4136082
6102	-4.044901	-171.3031	167.2582	1.348786	1.299602	1.606071	1.164762	2.081093	0.7550235	0.4676407
6108	-1.354067	-168.0592	166.7052	1.8416	0.7037834	0.6441042	4.264212	0.3926693	0.9513403	0.3548529
6114	-0.8140004	-170.2766	169.4626	0.5123924	0.9449393	1.45518	0.7102884	0.7119777	1.504267	0.8469143
6120	-13.12689	-184.4208	171.2939	0.9189625	0.7309006	0.05579946	0.8769181	1.304332	0.2010545	0.2870763
6126	-24.15855	-194.1493	169.9907	0.3300518	0.9699851	0.05361433	0.8524838	0.8472883	2.086529	0.2444725
6132	-13.72302	-185.3138	171.5908	0.4279829	0.6442782	0.1651376	0.8524838	1.396993	0.3405867	0.4349735
6138	-1.043289	-172.3215	171.2782	0.1544632	0.5008892	0.7734896	0.2070428	0.9136895	0.8311626	0.2864406
6144	-3.477201	-174.8031	171.3259	0.9976912	0.3585849	0.7712646	0.2577682	0.6731015	1.024924	0.7605684
6150	-9.87119	-178.2091	168.3379	2.123436	0.9582879	1.278945	0.9293263	0.1534007	1.681423	0.806774
6156	-16.34654	-185.0638	168.7173	0.2277392	0.5295786	1.312023	3.331822	0.5040861	0.3627522	0.811114
6162	-18.21613	-182.7987	164.5825	0.306002	1.262911	1.312023	3.331822	2.159427	2.151658	0.8787523
6168	-11.66714	-182.6	170.9328	0.5562975	0.6968409	2.228852	0.6180567	0.09634977	0.339509	0.4236041
6174	-13.60332	-184.3876	170.7843	0.613182	0.2313151	0.2841551	1.170578	2.400231	0.00751382	0.5354279
6180	-23.59263	-193.4735	169.8809	1.276747	0.9479826	0.482462	0.4871962	2.426188	0.006965105	0.4512771
6186	-21.69757	-190.9991	169.3015	1.581706	0.9383839	0.8146086	0.4613181	2.426188	0.004171326	0.4761045
6192	-12.70763	-183.3719	170.6643	0.5039021	0.3621695	0.2746611	0.9053678	2.239828	0.1544971	1.05246
6198	-20.4633	-186.9539	166.4906	1.752773	0.3935029	0.1013541	3.721667	2.038908	0.511688	1.208618
6204	-11.08684	-183.8491	172.7623	0.5907085	0.2956831	0.425427	0.2666705	0.6966728	0.1553042	0.9899089
6210	-2.422215	-174.5217	172.0995	0.9913131	1.003835	0.08267492	0.7627825	0.2580526	0.3097346	0.5403481
6216	-2.415266	-171.0621	168.6468	0.3980755	1.003835	0.2399983	3.258141	1.370815	0.4846018	0.4584084
6222	-8.68917	-178.281	169.5919	0.5218181	0.6528067	0.3145047	2.39295	1.277907	0.5559747	0.8432521
6228	2.173293	-170.3591	172.5324	1.067701	0.4018919	0.4643703	0.1226699	0.432508	0.3256092	0.8432521
6234	-6.876787	-179.0298	172.1531	0.7023334	0.5452618	0.967067	0.1444065	0.6283487	0.257964	0.7665022
6240	-22.81894	-191.8274	169.0085	0.3680327	0.8219515	1.179832	0.1575888	3.561862	0.251587	0.6319013
6246	-15.21548	-180.2604	165.0449	0.3638197	0.8748299	0.9334304	0.1281647	4.577227	3.36917	0.7324765
6252	1.102986	-169.3314	170.4344	0.2302412	0.5935373	0.5022768	0.9905725	1.898456	0.4450282	0.3761408
6258	-1.340184	-170.5938	169.2536	0.8049339	0.5935373	1.536453	0.9239866	1.749714	0.3648824	0.9750159
6264	-4.167224	-168.934	164.7668	0.5848354	0.6436197	3.065595	2.547636	1.112856	2.470692	0.9894364
6270	-10.04696	-177.2775	167.2306	0.9044389	0.6034677	0.9033529	0.4554741	4.306968	1.019883	0.7379699
6276	-7.286354	-175.6384	168.3521	0.5631184	0.8108222	0.1342832	2.300713	2.86976	0.3372645	0.7801607
6282	-7.570488	-178.8397	171.2692	0.2333545	0.2532397	1.295654	0.7991837	0.7033212	0.3372645	0.9408138
6288	-6.426742	-179.0997	172.6729	0.6188283	0.3094415	0.0476392	0.9037157	0.1491223	0.7484132	0.3653435
6294	1.205762	-170.3324	171.5381	0.7767873	0.2684528	0.2957588	0.6581778	0.3469816	1.58658	0.3751903
6300	5.451641	-165.2651	170.7167	0.7875389	0.06668893	0.4353475	2.139497	0.260893	0.8437581	0.9502632
6306	5.077326	-165.0527	170.13	2.055214	0.1809368	2.053904	0.4071152	0.1546054	0.161207	1.128851
6312	4.470182	-166.2486	170.7188	1.146954	0.9524766	0.5876366	0.2859506	0.4080699	1.364584	0.6692305
6318	-5.31925	-171.5	166.1807	0.813937	0.4333419	1.097608	2.850025	0.6600192	3.130718	1.035746
6324	1.999227	-170.9795	172.9787	0.5173821	0.3110538	0.1116308	0.5781688	0.1223052	0.4454957	1.094383
6330	-0.6609014	-172.5077	171.8468	0.6426442	0.3625418	1.564509	0.2553546	0.06555914	0.7544646	0.5576347
6336	2.819437	-169.8042	172.6237	0.7671109	0.4011735	0.2932813	0.6873977	0.008343392	0.5621365	0.8446035
6342	3.734945	-166.5954	170.3304	0.700461	1.045197	0.1938988	2.605327	0.2089799	0.4027915	0.4132664
6348	-2.243711	-173.5651	171.3214	1.426744	0.1502838	0.2654859	0.5309455	0.4127472	1.259095	0.8290481
6354	-1.58008	-172.2943	170.7142	0.580797	0.07739774	1.531877	2.133192	0.2909953	0.145654	0.5863566
6360	-11.24565	-179.8297	168.584	0.686346	0.9076152	1.04511	1.030236	1.634891	1.355573	0.9509669
6366	-19.14729	-189.5227	170.3754	2.131006	0.566688	0.5099111	0.3763394	0.5135552	0.5405452	1.251641
6372	-10.03204	-179.7777	169.7457	0.7442364	0.1428959	0.6810032	1.820868	1.128016	0.260297	1.561308
6378	-12.5501	-180.84	168.2899	1.560737	0.1560418	0.1203094	0.9662364	2.78887	0.8352773	1.430715
6384	-7.952931	-176.3995	168.4466	0.7234301	0.2533903	2.701642	0.2859239	1.414636	1.671814	0.5673716
6390	-9.022181	-179.6866	170.6645	0.4327561	0.7487416	0.4507157	0.913725	0.7682669	1.217043	0.9250028
6396	-8.347868	-177.8215	169.4736	0.4327561	1.149948	0.1835298	1.744859	1.670437	0.6992555	0.7211995
6402	1.807739	-168.5859	170.3936	0.3599713	0.8562744	0.008326372	1.531086	1.276552	0.8019589	0.8169455
6408	-8.497793	-179.4159	170.9181	0.7444916	0.567351	0.01947276	0.6854507	0.6475958	1.265639	1.311628
6414	-15.70631	-183.8608	168.1545	0.7810963	0.4747726	1.81979	0.7678795	0.4791483	3.016846	0.5901222
6420	-10.83165	-182.6761	171.8445	1.03161	0.4289289	0.980043	0.1640131	0.4198345	0.58276	0.6924952
6426	-3.78751	-172.4123	168.6248	0.4743795	0.9842176	1.491136	0.9935196	1.196664	1.602084	0.7373493
6432	-12.26243	-181.7989	169.5365	0.8341744	0.3439139	3.105034	1.007705	0.5862112	0.08470558	0.580773
6438	-5.687513	-176.7842	171.0967	0.3776302	0.6158	0.2259784	1.761824	1.080603	0.2293348	0.4866471
6444	-0.6238451	-171.6323	171.0085	0.4814451	0.5726371	0.5366458	0.2736148	0.9233689	1.456076	0.8906514
6450	-8.699764	-181.9475	173.2477	0.3547509	0.1737713	0.2453361	0.5093376	0.09430481	0.3139245	1.113077
6456	-7.431565	-179.1686	171.7371	0.5777327	0.6879293	0.5985864	0.4116992	0.3013844	0.3285775	1.456535
6462	-7.205557	-174.6293	167.4237	0.7621328	0.2581661	0.5015227	2.177967	2.155645	1.195683	1.597206
6468	3.562046	-165.1407	168.7028	0.8968767	0.1906462	0.2681372	2.286629	1.871983	0.5437802	1.384024
6474	-2.036011	-171.7227	169.6867	0.8968767	0.3523572	0.6775255	1.409152	0.7837305	1.333756	1.061948
6480	2.212697	-167.8967	170.1094	0.5205644	0.7874587	0.450274	1.452389	1.790199	0.209005	0.82849
6486	-1.269298	-172.5083	171.239	0.414238	0.3232212	1.213566	0.1177521	1.910626	0.1780043	0.6115225
6492	-8.629607	-178.6598	170.0302	0.6338017	0.3330146	1.213566	0.6611738	1.379266	0.4686701	1.405247
6498	-10.44477	-182.3125	171.8677	0.4070869	0.3709828	0.2402965	0.6294908	1.379266	0.4686701	0.6740223
6504	-5.721883	-177.0656	171.3438	0.3687345	0.4920289	0.6878356	0.7838354	0.4298513	0.8935309	1.070864
6510	-10.32893	-180.5003	170.1714	0.4839984	0.1084886	1.154737	0.3083173	1.369372	1.267833	1.257882
6516	-10.70759	-181.1031	170.3955	0.7249335	0.03503279	1.638374	0.2600686	1.127963	1.267833	0.6866467
6522	-11.51656	-177.3995	165.883	0.5529978	0.3479513	6.14628	0.8937937	0.9251067	0.6692743	0.6982377
6528	-6.613912	-177.0752	170.4613	0.8605871	0.1614972	0.3374072	2.238712	0.2208394	0.4144908	1.434888
6534	-8.494834	-177.1009	168.606	0.374355	0.4204719	2.588868	1.193824	0.8459545	0.8991905	1.14058
6540	-17.28343	-188.7263	171.4429	0.8034826	0.1621682	0.2568208	1.080756	0.6661679	0.6405302	1.14058
6546	-17.68298	-188.465	170.782	1.338129	0.2035034	0.399244	0.1203696	0.5665615	1.930782	0.8565541
6552	-22.81956	-191.7457	168.9262	0.9498608	1.038069	0.7764703	0.1203696	0.8418978	1.872368	1.562629
6558	-15.41394	-184.5681	169.1541	0.3169569	1.849411	0.4278421	0.4750794	0.8379588	2.254301	0.4763974
6564	-14.96822	-183.0476	168.0794	0.6331973	0.8905081	3.195881	0.5070942	1.207433	0.9690899	0.4205649
6570	-6.7951	-177.9329	171.1378	0.4199239	1.006826	0.6438425	0.470428	0.6668505	0.9798141	0.7531528
6576	-21.81967	-189.463	167.6433	1.530774	1.31373	0.9149106	0.5324252	0.2019447	3.336759	0.6779493
6582	-25.70499	-194.9467	169.2417	1.413925	1.063233	0.5050332	0.8552755	1.895119	0.3756009	0.8491247
6588	-17.20684	-189.8585	172.6516	0.5205187	0.5305192	0.213216	0.1685297	1.032824	0.2110104	0.817022
6594	-16.7202	-189.1931	172.4729	0.8352514	0.6158509	0.6112282	0.7217453	0.02933076	0.2110104	0.5840119
6600	-33.47768	-204.9833	171.5056	2.635265	0.4286971	0.7590645	0.09972957	0.1858099	0.0005151067	0.7478533
6606	-22.15681	-192.0769	169.9201	2.77301	1.284728	0.8021575	0.1208372	0.3732658	0.1417767	1.020992
6612	-31.78025	-197.2891	165.5089	2.948795	1.348506	3.189634	0.4744852	0.9462727	1.284802	0.7465863
6618	-3.804398	-175.8121	172.0077	0.3831502	0.4446616	0.8139582	0.5879066	0.1822569	0.9479485	0.3950384
6624	-11.47341	-177.7795	166.3061	0.2703359	2.740089	0.625062	1.168938	1.117087	2.420313	0.1337977
6630	-6.927991	-176.9136	169.9856	0.8377342	1.365616	0.6928413	0.02325318	0.9305771	1.646143	0.3903205
6636	-14.8348	-185.449	170.6142	1.030368	0.7673834	0.4700831	0.1010363	0.9381354	1.561295	0.6290377
6642	-21.16207	-190.5167	169.3546	0.5347345	0.2731456	2.236649	1.098473	0.8282138	0.8549811	0.9879845
6648	-5.002903	-176.5656	171.5627	0.204531	1.004914	1.2222	0.7076497	0.2313661	0.06039163	0.6741103
6654	-4.680798	-177.9017	173.2209	0.5554641	0.5781273	0.3112058	0.265509	0.3717135	0.1596067	0.6038464
6660	-25.46395	-192.3531	166.8891	1.979754	1.049727	1.295875	0.2399939	0.1371135	3.777392	0.8924441
6666	-17.38663	-187.1278	169.7412	0.738051	0.5268183	1.359964	0.5154557	0.3234489	2.143447	0.8363221
6672	-8.871622	-180.0862	171.2146	0.6961738	0.3140706	0.7141875	0.1028132	0.1255219	2.143447	0.8779023
6678	-11.37992	-176.507	165.1271	2.572135	0.4153043	0.06992024	0.5238602	5.610753	0.9552287	1.105725
6684	-5.324321	-169.491	164.1667	0.5911557	0.6052639	0.7367789	1.663461	4.519691	2.372893	1.448772
6690	-4.27155	-173.9286	169.6571	0.8972941	0.6936594	0.4146563	1.962387	1.729715	0.06872749	0.3191522
6696	-11.14882	-181.9193	170.7705	0.3812494	0.18177	0.7487989	1.476811	0.5552574	0.938041	1.031782
6702	-34.43999	-202.6395	168.1995	1.081581	0.6375217	1.409481	2.450899	0.5622574	0.3940526	1.404187
6708	-24.52622	-192.7378	168.2116	0.9344378	0.479843	0.567557	1.248073	2.840569	0.7904096	1.124448
6714	-8.882268	-180.801	171.9188	0.5631108	1.32049	0.6762499	0.4724414	0.0456989	0.4808243	0.4477331
6720	-17.02406	-186.5683	169.5443	0.6112386	0.9609006	1.841298	1.735486	0.1476478	0.6479327	0.4539492
6726	0.6375398	-170.3922	171.0298	0.5959465	0.9597259	1.841298	0.4209293	0.2038421	0.2850181	0.27128
6732	-4.264741	-173.8466	169.5818	1.989824	0.356792	1.394794	1.626059	0.3536478	0.2518209	0.6103119
6738	-13.34131	-183.9182	170.5769	1.009506	1.479937	0.3438161	0.858377	0.06050925	1.145257	0.6478112
6744	-12.39125	-182.9459	170.5547	0.2800113	1.246706	1.630957	0.2673747	0.1166402	1.145257	0.4262472
6750	-10.17758	-180.9094	170.7318	0.592645	1.250889	1.185729	0.4484396	0.4793357	0.6673677	0.8049555
6756	-8.406553	-178.2436	169.837	0.8133436	1.328058	0.2574726	1.110252	1.757636	0.4040573	0.5296777
6762	-11.12091	-181.2851	170.1642	1.096561	0.3823503	0.4047263	0.9805994	1.161134	1.319841	0.5296777
6768	-8.986124	-177.1258	168.1397	2.373539	0.5592776	0.03954344	0.9071966	2.821427	0.7716409	0.6425178
6774	-4.516438	-174.533	170.0165	0.9675566	0.3200006	0.05499992	2.03169	1.070858	1.041948	0.5630891
6780	-0.8792185	-167.6725	166.7933	0.494171	0.4009631	1.826058	0.03162146	4.797766	0.566854	0.1404062
6786	-9.741429	-179.0341	169.2926	0.4137205	0.6841512	2.333078	0.030862	1.537963	1.115994	0.5715988
6792	-10.41499	-179.8181	169.4031	1.946078	0.6346496	1.626107	0.1114381	1.132368	0.6596468	0.6868248
6798	-20.53932	-189.5628	169.0235	2.435278	0.5802386	0.4273568	0.8920151	0.5029746	1.63359	0.844776
6804	-25.63907	-196.7937	171.1547	0.8821093	0.2701155	0.06714521	0.4880626	0.7334884	1.63359	0.9742713
6810	-23.89931	-192.2029	168.3036	0.9317254	0.3505326	0.329756	1.204644	0.7334884	3.375685	0.9742713
6816	-28.12248	-197.914	169.7915	0.9416061	1.14148	0.367488	0.5502206	0.7610372	1.851731	0.7666125
6822	-38.82451	-207.0794	168.2549	0.8803678	1.08443	2.486886	0.5401304	0.5356942	0.9767927	1.385202
6828	-34.68711	-204.7084	170.0213	0.8957877	0.6716589	2.486886	0.2955956	0.5356942	0.5786458	0.6207809
6834	-17.96839	-187.8288	169.8604	0.6260499	0.7169289	0.5365167	1.784776	0.7945396	0.6121478	1.233731
6840	-13.53391	-183.0771	169.5432	1.161771	0.5657856	1.065604	1.352716	0.2676033	0.8447071	1.352737
6846	-6.456281	-177.4534	170.9971	1.35392	0.5488639	1.440632	0.0700446	0.2579749	0.7617386	0.7364338
6852	-10.66438	-180.4645	169.8002	1.35392	0.8495702	0.6512301	0.08201995	1.344319	1.349094	0.7364338
6858	-22.71307	-192.1052	169.3922	0.8568577	0.6473946	0.6031271	0.0081199	2.093431	1.810956	0.7556177
6864	-20.57144	-191.1135	170.542	1.107313	0.3986196	0.4684731	0.3346326	0.9374303	0.6333759	1.637914
6870	-20.62553	-192.778	172.1525	0.3784537	0.8607812	0.4894837	1.161981	0.2788549	0.06668107	0.4882488
6876	-13.49126	-186.2438	172.7525	0.4033605	0.4593554	0.2286335	0.6685721	0.5510294	0.2715509	0.7195106
6882	-19.16522	-189.2625	170.0972	0.266092	1.021396	0.1296911	0.9960614	1.941202	0.6413167	0.2853513
6888	-9.950326	-178.8794	168.9291	0.7086762	0.5478755	1.281707	0.9960614	1.358972	1.558679	0.7914581
6894	-33.79314	-198.886	165.0929	1.127768	0.9149559	2.273667	3.567394	0.3519134	2.147301	0.6450441
6900	-16.04469	-185.896	169.8513	0.89463	0.2909171	0.3279668	1.438444	0.1896308	2.374758	0.8171296
6906	-8.054031	-174.8866	166.8326	1.015867	2.035126	1.617946	1.093374	0.5351563	2.374758	0.4467387
6912	-2.478224	-171.5708	169.0926	0.09895682	1.187915	1.182968	0.3127147	1.396178	0.5001901	0.1560989
6918	-11.60187	-182.9866	171.3847	0.09876593	0.7473349	0.8865577	0.1215263	0.7462136	0.1627298	0.3106528
6924	-9.609348	-180.5533	170.944	0.6043003	0.7793992	1.892475	0.08434986	1.099704	0.04472043	0.6616669
6930	-12.53461	-183.1001	170.5655	0.4407093	0.5185311	0.320919	0.452317	0.7961266	2.253782	0.7392765
6936	-10.54875	-181.0716	170.5228	1.067744	0.3228759	0.2313522	0.452317	0.5916854	2.253782	0.7084525
6942	-13.37394	-179.9308	166.5569	0.9741547	0.2144625	3.967883	0.9649732	1.349876	1.481752	0.5222475
6948	-10.84912	-178.7272	167.8781	0.282274	1.541987	1.898117	0.1712262	2.466549	1.015128	0.4525318
6954	-0.9964223	-170.2971	169.3006	0.5624655	0.4035045	1.256388	0.7034474	1.555248	1.132177	1.238047
6960	-5.247245	-177.6029	172.3557	0.2368941	0.4192707	0.2736225	0.8644625	0.3453618	0.4493734	0.893334
6966	-16.04696	-181.5121	165.4651	0.819184	0.6947786	0.5393288	3.137065	1.530913	3.184872	0.811121
6972	-3.976718	-171.7143	167.7376	1.243989	0.1794773	1.868034	3.266386	0.9917721	0.08253882	0.8169991
6978	-7.17713	-176.785	169.6078	0.5854856	0.1794773	0.6417887	3.03274	1.341296	0.09976183	0.5063602
6984	-12.64701	-182.6023	169.9553	0.6422885	0.4064941	0.1083807	2.848578	0.8791287	0.09495399	0.1381014
6990	-19.05354	-187.9297	168.8762	0.1823007	0.3740396	0.01959826	0.4731709	4.122143	0.5797349	0.1988952
6996	-12.73621	-181.3854	168.6491	1.030625	0.5642797	0.06674448	1.976341	2.189754	1.030805	0.5415617
7002	-6.391129	-178.7218	172.3307	0.6214973	0.4374934	0.03343875	1.10693	0.427591	0.5283495	0.5699428
7008	-8.900052	-179.7753	170.8753	0.4598591	0.4689652	0.7447535	0.3371219	0.3700769	1.888259	0.9947395
7014	-5.546561	-177.1245	171.5779	0.426753	0.2306715	0.2181662	0.4356236	0.6931685	1.502396	1.034572
7020	-14.43901	-184.1858	169.7468	0.4241179	0.6010138	1.327452	0.5707068	2.06748	0.345385	1.034572
7026	-18.29511	-189.0381	170.743	0.3762799	1.324067	1.655722	0.4892738	0.4868393	0.3087009	0.5401238
7032	-14.45945	-182.8224	168.3629	0.4913222	1.005545	2.433383	0.3207015	2.435928	0.4103279	0.5117428
7038	-12.61264	-184.6616	172.049	0.6939386	0.7611368	0.1413807	0.6627359	0.1569977	1.03413	0.4555051
7044	-11.53155	-180.1238	168.5922	0.3145336	0.6781012	0.110469	0.9029138	2.597565	1.958883	0.8366905
7050	-29.45394	-198.6488	169.1948	1.072486	0.7121346	1.930447	1.462226	0.3664655	0.3924842	1.070685
7056	-20.22207	-189.2836	169.0615	1.422266	0.5659184	0.2314449	1.672545	1.057706	0.6649391	1.455551
7062	-4.346839	-172.8961	168.5493	0.6800358	0.5983544	1.785277	1.93888	0.2635344	1.412633	0.9668732
7068	-16.5605	-187.511	170.9505	0.5768861	0.3734216	1.005404	0.6329447	0.1333857	1.023161	1.415911
7074	-15.46197	-187.5083	172.0463	0.5768861	0.3216	1.268693	0.1960507	0.3149442	0.700391	0.6968763
7080	-19.40228	-191.8611	172.4588	0.9731844	0.4431666	0.6907007	0.05217846	0.590652	0.2206426	0.7300274
7086	-27.33315	-196.5956	169.2625	1.09401	0.5361398	0.2353409	1.033274	1.4743	1.795204	0.7280311
7092	-20.31548	-192.0562	171.7408	0.4995711	0.5987531	0.08634129	0.344062	1.25232	0.6176925	1.017207
7098	-36.26137	-204.467	168.2056	0.8589188	0.3564038	1.001034	0.751202	1.987312	1.305565	1.605439
7104	-14.13027	-184.4546	170.3243	0.9611728	0.1730398	2.442561	0.1559931	0.3003455	0.4952616	1.311185
7110	-18.28757	-188.2902	170.0026	0.2845358	0.6773003	0.7481848	0.497322	2.276969	0.1173076	1.311185
7116	-16.34255	-185.7394	169.3969	0.6730409	1.140516	0.3926964	1.018084	2.276969	0.5768512	0.6242073
7122	2.468678	-169.7513	172.22	0.8437111	0.5676289	0.1174644	0.5770034	0.2939042	0.863946	0.6242073
7128	-5.307341	-176.3494	171.042	0.938917	1.019807	0.558695	0.7599188	0.5828531	0.5821744	0.6242073
7134	-1.697058	-171.8805	170.1834	0.5571691	0.8462678	0.4218377	0.7599188	0.8617143	1.38769	1.147237
7140	-2.259213	-172.6385	170.3793	0.3605084	0.496742	1.660132	0.3848543	0.05948377	1.38769	1.298395
7146	-2.679824	-173.1417	170.4619	0.7984917	0.7074091	0.864134	0.9651297	0.8361455	0.8690188	0.5612046
7152	-3.420402	-176.4328	173.0124	0.3905864	0.2384047	0.1681761	0.7352364	0.2493627	0.5825689	0.4002539
7158	-2.76944	-173.4907	170.7213	0.5729741	0.2627986	0.8930757	0.7352364	0.8997375	1.365531	0.6445119
7164	-0.5862196	-171.6026	171.0164	0.2062528	0.7189447	0.5117132	0.7352364	0.4729817	1.374151	0.5888052
7170	-1.61965	-172.8141	171.1944	0.4896846	0.7189447	0.7763249	0.3071385	0.521558	1.450761	0.5214069
7176	-8.983063	-178.8269	169.8438	0.3973676	0.4819094	1.355802	2.26591	0.3906585	0.6580389	0.5810577
7182	-15.25715	-182.2249	166.9678	0.9012604	0.881205	1.187868	0.5501249	1.826332	2.989553	0.8937218
7188	-4.839342	-174.1056	169.2663	0.6214652	0.669526	0.927077	1.573154	0.9128104	1.418353	0.7672251
7194	1.763142	-169.3512	171.1143	0.336467	0.669526	0.927077	0.6305797	0.468723	0.9536226	0.9339991
7200	-1.545456	-170.7705	169.225	0.2583607	0.9047758	2.353855	0.7398233	0.9137846	0.6993377	0.7752182
7206	-15.25924	-183.3419	168.0827	0.9712345	1.648574	1.42478	0.2327347	1.020937	0.3919019	2.082404
7212	-15.78636	-183.9262	168.1399	1.514414	0.736265	1.025458	0.8962234	2.263181	0.5430842	1.09465
7218	-21.70484	-183.1779	161.4731	1.850339	0.6272098	0.8261568	4.052416	2.263181	4.023066	1.126879
7224	-2.335508	-172.1854	169.8499	1.384877	0.7889484	0.8242281	0.5508573	1.566232	0.4655087	0.319669
7230	1.686471	-170.1663	171.8527	0.206362	0.7889484	0.2854534	0.5785703	0.6359323	0.6572658	0.3646895
7236	-7.563114	-177.7262	170.1631	0.1608334	2.485334	0.1200944	0.1561772	0.8262107	0.678773	0.228955
7242	-3.853038	-173.6414	169.7884	0.4439214	3.070398	0.1088896	0.4576617	1.412474	0.1149706	0.37086
7248	-9.154432	-178.244	169.0896	1.197871	3.070398	1.030125	0.3228214	0.1451661	0.5528581	0.3058992
7254	-6.213952	-173.5016	167.2876	0.4261747	2.232151	1.987012	0.4847381	2.621867	0.3472798	0.3723531
7260	-11.49618	-178.7309	167.2347	0.9107154	0.2988246	2.291983	0.7090845	0.6258438	3.400502	0.6532238
7266	-8.290244	-176.1031	167.8128	0.2805446	1.078297	1.827672	0.05820607	0.5927633	3.400502	0.8906393
7272	-10.45147	-179.756	169.3046	0.7531138	1.481332	0.730677	0.03301495	1.140443	1.982272	0.7306872
7278	-5.714038	-174.3132	168.5991	0.4298158	0.6580836	4.538967	0.4332705	0.5666714	0.08979295	0.2984151
7284	-11.41012	-179.326	167.9159	0.9427659	0.3280945	4.538967	0.179544	1.576823	0.02759504	0.475343
7290	-12.40361	-183.3326	170.929	0.9913054	1.249576	0.8198755	0.7207173	0.7580634	0.03247519	0.4326066
7296	-13.36493	-180.9896	167.6247	0.1655891	0.6232592	1.333631	4.047489	0.7340586	0.2775002	0.35591
7302	-21.34793	-191.8653	170.5173	1.091426	0.6232592	1.068248	1.283019	0.5143616	0.3704506	0.6612604
7308	-13.30789	-183.5316	170.2237	0.6219839	0.9172318	0.5584547	0.7804464	1.888734	0.504423	0.504054
7314	-14.05569	-182.8792	168.8235	0.1971158	0.9172318	0.6406104	2.040689	1.888734	0.4699948	0.6453578
7320	-20.83048	-188.1703	167.3398	1.76936	0.6800462	2.378156	2.040689	0.5562073	0.6900141	0.7470487
7326	-21.90731	-187.3041	165.3968	0.9689428	0.9810863	1.594627	1.011899	1.344153	3.158404	1.61321
7332	-18.31353	-183.8931	165.5796	0.3846782	0.2987751	3.963377	1.402125	1.632188	1.065937	1.622552
7338	-15.72946	-185.2427	169.5132	0.4296863	0.2987751	2.336352	0.7174337	0.705458	1.065937	1.053508
7344	-6.73176	-174.5326	167.8008	0.4118652	0.7499346	1.318816	3.64874	0.3180775	1.065937	0.7614044
7350	-0.4897352	-171.8901	171.4004	0.3106329	0.6085365	0.8094057	1.470607	0.03600562	0.619663	0.6791146
7356	-11.50499	-181.3736	169.8686	0.9517101	0.2686338	0.5280933	0.3983381	2.671854	0.7415583	0.7308523
7362	-16.09985	-181.6753	165.5755	1.235849	0.4149964	0.6137491	0.6541139	1.766462	4.228127	1.590553
7368	-3.843692	-173.4107	169.567	0.6565809	0.4149964	0.7556655	0.6486508	1.32596	2.053355	0.7235261
7374	2.479885	-168.216	170.6958	0.9367032	0.9650605	1.212805	0.3045633	0.7135021	0.6777463	0.453156
7380	-7.467252	-177.7046	170.2374	0.8943892	0.5095139	0.931783	0.5278744	0.3188171	2.075145	0.4162532
7386	-8.148438	-178.5793	170.4308	0.8460872	1.060556	2.509167	0.07265898	0.2989865	0.1506137	0.2790665
7392	-8.078109	-176.8969	168.8188	2.456999	0.5689432	2.509167	0.4877275	0.08694493	0.7089502	0.3918027
7398	-11.51253	-183.0545	171.542	1.688614	0.2328684	1.004306	0.2613676	0.1360664	0.6027883	0.7117953
7404	-27.88902	-197.9091	170.0201	0.6893772	1.025816	1.02533	1.034601	0.8276318	0.6587439	0.9104092
7410	-9.200957	-180.5923	171.3914	1.135635	0.5733179	0.3581332	0.4158589	1.184995	0.3500475	0.7609364
7416	-2.1296	-174.1738	172.0442	0.4829333	0.1796227	0.148418	0.2249088	1.577473	0.6084839	0.8755025
7422	-3.347415	-174.2305	170.883	0.7152105	0.4052095	0.9252414	1.833178	0.2892324	0.453302	0.4807115
7428	-1.435123	-170.6551	169.22	1.657936	0.6201795	0.1801465	2.141284	0.004666133	1.707041	0.5476583
7434	-2.241999	-174.9321	172.6901	1.260479	0.2449248	0.02435076	0.3330069	0.04780447	0.3133557	1.262766
7440	-6.087124	-176.8442	170.7571	0.4624887	0.7149419	1.807942	0.03985951	0.008847306	1.598005	0.3483539
7446	-5.804385	-175.9929	170.1885	0.3421008	1.615115	0.6422026	0.4299104	1.376779	0.562819	0.2500866
7452	-4.695117	-176.0374	171.3423	0.3129823	0.5244257	1.550081	0.174616	0.6328859	0.767507	0.5572109
7458	6.061623	-166.5716	172.6332	0.9834468	0.3721159	0.3200194	0.4156939	0.3465353	0.433827	0.5572109
7464	-0.6398132	-171.6902	171.0503	0.4957256	0.9262411	0.3200194	1.046025	0.7869933	0.8163914	0.6080872
7470	-10.45044	-180.7992	170.3487	1.556454	1.836205	1.077691	0.1109886	0.3501112	0.2338053	0.5855532
7476	-20.03548	-192.3628	172.3273	0.3379398	1.385018	0.9215329	0.138012	0.109149	0.03018318	0.7524075
7482	-22.51619	-188.0227	165.5065	0.3491407	1.074644	0.4802057	5.147945	1.366293	1.4247	0.5713345
7488	-14.06745	-183.0336	168.9661	1.115161	0.3753078	0.5928758	2.796546	0.2800212	1.062365	1.01579
7494	-16.95546	-187.5619	170.6064	0.7920424	0.433549	0.5423627	1.667663	0.4109494	0.5488726	1.184984
7500	-21.57319	-190.2314	168.6582	0.8115288	0.290495	0.2344813	4.294201	0.3931127	0.6305876	0.882599
7506	-19.30588	-188.7743	169.4684	0.9176611	0.267743	0.5026508	0.8330191	1.27126	0.757938	1.918421
7512	-32.74466	-202.6308	169.8861	0.5813262	0.1627339	3.312116	0.8330191	0.1836756	0.06986038	1.142606
7518	-24.20756	-193.717	169.5094	1.313878	0.2368642	2.2039	0.4880995	0.2991486	0.3783053	1.634825
7524	-15.84644	-185.1227	169.2763	0.6446104	0.5640057	1.822739	1.48928	0.02976744	1.671212	0.4868641
7530	-10.71046	-178.6081	167.8976	0.3816699	2.227764	3.193455	0.5549186	0.01574413	0.8164496	0.2040512
7536	-14.26658	-181.2438	166.9772	0.4186851	0.732394	3.193455	2.533293	0.2197417	1.339924	0.4446835
7542	-7.55505	-174.987	167.432	0.8302385	0.732394	3.077269	0.9685972	1.126542	1.339924	0.53983
7548	-10.75319	-179.8698	169.1166	0.7482712	0.3665248	1.277117	0.9685972	1.494195	1.339924	0.8814741
7554	-8.545088	-177.2444	168.6993	0.2827581	1.071608	1.569107	0.4584856	1.452245	1.700255	0.395813
7560	-17.86154	-188.2552	170.3936	0.3580019	0.4785834	0.4728194	0.65992	1.511812	1.444886	0.6731096
7566	-14.40258	-181.3373	166.9348	1.337765	0.8827918	1.145402	1.03841	0.1398759	3.942603	0.3135232
7572	-29.43449	-194.6414	165.2069	1.089851	0.3109471	0.2056277	1.095971	0.9056795	3.439657	3.028859
7578	-21.30918	-186.9528	165.6436	0.5798217	0.361533	0.6795504	1.481121	0.04558732	3.439657	3.028859
7584	-22.48105	-188.2088	165.7278	0.6877367	0.2022788	0.2660993	0.6447801	0.8133515	6.016861	1.677175
7590	-17.24654	-185.851	168.6045	0.3315092	0.06416867	0.8391799	2.456468	1.468924	1.186216	1.076452
7596	-4.024962	-175.5053	171.4803	0.329771	0.32919	0.8391799	0.1892988	0.4457785	1.716113	0.5521545
7602	-10.20258	-177.7876	167.585	0.4839605	0.886537	1.070764	2.053507	0.8046844	1.716113	1.466338
7608	-11.10713	-179.1913	168.0842	0.8254839	0.28083	2.661212	2.053507	0.8046844	0.603444	0.8820397
7614	-6.202263	-177.1471	170.9448	1.122536	0.777797	0.529658	0.8376532	0.481215	0.06756004	1.384107
7620	-8.269219	-179.0632	170.794	1.624622	0.2647084	0.2251535	0.9177926	1.152864	0.07925957	1.156269
7626	-9.232566	-179.4918	170.2592	1.523151	0.6444613	0.5642887	0.456537	1.284163	0.7081449	0.7351562
7632	-26.49285	-195.2022	168.7094	2.712588	0.4531764	1.700115	0.1805461	0.1275654	1.819438	0.6201609
7638	-24.26763	-192.4082	168.1406	2.712588	0.3872159	3.28735	0.6816799	0.3294958	0.1591336	0.3878079
7644	-29.42596	-201.4084	171.9824	1.465973	0.1277318	0.08849442	0.4043307	0.05856608	1.34894	0.6649306
7650	-21.41282	-193.0854	171.6726	0.5443314	0.8401599	0.2086476	0.005161334	0.7855205	1.34894	0.7163708
7656	-20.67987	-190.5643	169.8845	0.2446995	1.230565	2.064065	0.007561006	0.4475681	1.292587	0.5229519
7662	-5.424787	-174.8218	169.397	0.8429243	0.5066543	0.8685538	0.05759848	1.222327	2.525154	0.743071
7668	-13.85838	-179.25	165.3916	1.682735	0.3065432	1.914231	0.8612166	0.408121	4.911979	0.6962218
7674	-5.801364	-176.7359	170.9346	0.7493482	0.4250529	0.4128036	1.112898	1.158244	0.5719513	0.8161981
7680	-18.60913	-182.7137	164.1045	1.505113	0.1948406	1.498478	3.050422	4.50343	0.6384551	0.6286942
7686	-23.55342	-189.394	165.8406	1.588961	0.3670129	1.27295	1.467629	3.866077	0.4432472	1.33116
7692	-16.3987	-188.951	172.5523	0.6089845	0.493443	0.5895045	0.3657478	0.237401	0.6185273	0.6254376
7698	-1.60269	-169.3318	167.7291	0.6453666	0.3083543	0.9085781	3.562954	0.1588452	1.838559	1.038984
7704	-11.09169	-181.1258	170.0341	2.136939	0.8121303	0.5676619	0.6867562	0.1676218	1.040019	0.8322514
7710	-35.0462	-200.1453	165.0991	2.721658	0.4480606	3.351157	3.498138	0.01231878	0.5300897	0.7104229
7716	-30.14661	-201.6633	171.5167	1.704968	0.4480606	0.4520427	0.9244847	0.0173949	0.04467613	1.118407
7722	-18.11689	-187.9435	169.8267	1.921105	0.5914055	0.2706708	2.907224	0.0173949	0.00468847	0.6250488
7728	-14.82593	-185.4964	170.6704	1.59248	0.06255707	0.08148968	1.602372	0.5276501	0.7098936	0.9758651
7734	-16.42996	-186.8118	170.3819	0.5144128	0.06537421	0.5606391	1.144459	1.111036	0.5252857	1.692821
7740	-20.40129	-190.8952	170.4939	1.176635	0.2748908	0.2049483	0.8760535	0.814349	0.3020516	1.834356
7746	-10.98472	-181.0419	170.0572	0.4902042	0.04524557	0.9291386	2.111842	0.7513937	0.04082907	1.598032
7752	-0.4444225	-170.7878	170.3434	1.32975	0.2766618	0.7245543	0.7912368	0.7513937	1.082922	0.9033778
7758	-2.213628	-172.9073	170.6937	1.398605	0.1135988	2.038435	0.1853223	0.007471945	1.065019	0.5938656
7764	-11.95541	-183.2522	171.2968	1.326709	0.1135988	0.8535293	0.3200179	0.004694395	1.555174	0.6644112
7770	-6.90765	-175.9944	169.0868	0.8469162	0.4521837	2.883704	1.021004	0.0003023636	1.219053	0.5122388
7776	-18.77698	-188.1133	169.3364	0.6710852	0.1813726	2.595713	0.9302532	0.00561027	1.513959	0.9593002
7782	-12.96592	-182.2707	169.3048	0.6912278	0.3661135	2.017069	0.4707255	0.003046712	2.326235	1.017071
7788	-32.37209	-197.2457	164.8736	0.4617985	0.1829187	5.853718	0.5530157	0.1138968	1.606965	2.123649
7794	-23.92364	-191.7569	167.8332	1.09624	0.2871687	4.15411	0.5044622	0.1631669	0.5041243	1.550006
7800	-17.31807	-187.4996	170.1815	0.2900995	0.4593924	1.475955	0.3597864	0.5577501	0.7811086	1.693641
7806	-23.21895	-195.5355	172.3166	0.5508212	0.3837038	0.5769575	0.1136579	0.9283263	0.07277793	1.211088
7812	-31.62721	-199.3415	167.7143	0.8126204	0.7433537	2.16297	0.5896526	0.1438611	3.008196	1.027334
7818	-23.77029	-195.5221	171.7518	0.4992098	0.5535573	0.6768079	0.0407878	1.135832	0.6988542	0.7678407
7824	-34.75545	-201.7056	166.9502	0.3344556	1.014195	2.845535	0.1818501	0.3112041	3.692847	0.4305926
7830	-27.98457	-200.0438	172.0592	0.1553329	1.014195	0.393436	0.0767612	0.3112041	0.6466052	0.8104075
7836	-32.02199	-203.283	171.261	1.08228	1.014195	1.100666	0.0767612	0.2246299	0.5866327	0.844465
7842	-42.56341	-209.9411	167.3777	0.8390931	1.174454	0.1532749	1.870583	1.649859	2.444657	0.5159823
7848	-38.11106	-206.5754	168.4643	0.65435	1.399783	1.492865	0.6433411	1.328599	1.433884	0.7312731
7854	-22.23296	-192.1356	169.9026	0.7477536	0.2922019	2.056746	1.896532	0.06886848	0.2760375	0.9586608
7860	-17.69795	-183.6826	165.9846	0.9290235	0.8800667	0.5587935	3.458095	0.3566807	3.307357	0.6469499
7866	-14.8094	-184.7476	169.9382	0.6151724	0.9209742	0.7158773	1.460768	0.08850766	1.612051	0.8163115
7872	-2.606924	-171.9151	169.3082	0.6151724	0.8848543	0.3351431	2.460369	0.2224083	1.621196	0.6686281
7878	-4.082537	-175.9866	171.9041	1.211401	0.2817132	0.3450536	0.8666355	0.4007525	0.2068481	0.9888049
7884	-14.0845	-183.1569	169.0724	1.36175	0.3438887	0.2381139	1.113751	0.4601414	2.588286	1.030577
7890	4.534481	-166.3334	170.8679	0.8995347	0.7649753	0.6507029	0.7294299	0.3396015	0.9996107	0.9509424
7896	2.086439	-167.9641	170.0505	0.6875252	1.743861	0.3643384	1.216587	1.170287	0.2044661	0.7032359
7902	-3.963681	-174.4419	170.4783	0.703743	0.4896857	0.2578704	0.5435641	2.035684	0.9320996	0.6998036
7908	-13.47808	-179.894	166.4159	0.2674759	1.627399	1.197385	1.138155	3.534485	0.9320996	0.7791491
7914	-10.97586	-181.9374	170.9615	1.020971	0.9566571	0.405732	1.303315	0.5071373	0.3404802	0.592202
7920	-29.89609	-197.3368	167.4407	1.610886	0.3894173	2.371839	2.893756	0.1029842	0.3250042	1.086449
7926	-12.59925	-185.485	172.8858	1.505518	0.4290784	0.1439888	0.3124181	0.1324695	0.05549822	0.6917535
7932	-5.084728	-177.8038	172.7191	0.7032184	0.3221107	0.01819476	1.426152	0.16749	0.006342357	0.8153526
7938	-14.16038	-184.7497	170.5893	0.4854775	0.4495335	0.4501478	1.465934	1.755003	0.2419583	0.6083975
7944	-20.35965	-190.2378	169.8781	1.216488	0.8612104	0.8748413	0.7825066	0.3673074	1.338637	0.878235
7950	-11.57356	-177.2517	165.6782	1.758179	1.229429	1.432995	1.997721	0.6320138	2.125252	1.338181
7956	-10.46448	-175.0086	164.5441	4.608192	1.229429	0.5374178	0.4906721	0.4347044	4.512698	0.705946
7962	-7.31376	-177.5088	170.1951	1.13158	2.407036	0.313341	0.7694719	0.2421139	0.4216961	0.634937
7968	-15.03233	-183.7311	168.6988	1.872358	1.313294	0.4199254	0.3408049	2.335261	0.4249944	0.8310327
7974	-17.07886	-187.3731	170.2942	0.4543601	0.7333509	0.3606859	2.162789	1.252181	0.1709585	0.5899108
7980	-16.32838	-188.1983	171.8699	0.6688842	0.8875629	0.04096843	0.4966521	1.214783	0.182213	0.8133914
7986	-14.05478	-183.0975	169.0427	1.290343	1.14099	0.5694478	0.3994613	1.575718	0.565707	1.521001
7992	-14.8051	-182.876	168.0709	1.506072	1.813913	0.5300081	0.9006122	2.074547	0.4665336	0.8398043
7998	-36.74631	-200.9154	164.1691	0.8655463	0.604106	0.3857669	1.735536	0.7203052	6.5405	1.169777
8004	-29.14049	-197.1502	168.0098	1.001982	0.5937834	0.8070057	1.382219	2.357972	0.8591609	1.178039
8010	-34.31174	-198.375	164.0633	1.286254	0.803624	1.254011	4.854711	1.421021	1.824262	0.5597889
8016	-35.1866	-201.8022	166.6156	1.86515	0.982747	2.36532	1.98954	0.371519	1.104934	0.9558593
8022	-36.49442	-201.2307	164.7363	0.8079814	0.3057533	4.321589	1.808779	0.730632	2.635647	0.8418596
8028	-19.78221	-185.7683	165.9861	1.179637	0.6482196	4.321589	1.908522	0.03298429	0.932795	1.180461
8034	-14.87391	-181.56	166.6861	1.745722	0.2257737	1.090205	0.4179437	1.133019	4.117474	0.7974628
8040	-10.32455	-181.4163	171.0917	1.022225	0.2539043	0.3908075	1.379726	1.2019	0.1237388	0.6692408
8046	-29.42695	-197.5235	168.0965	0.833523	1.171744	3.125437	1.680685	0.4669415	0.1346591	0.5155879
8052	-30.33481	-196.6446	166.3098	0.4592928	0.5049599	3.125437	0.6777787	0.2066468	4.142026	0.6059031
8058	-35.1888	-201.5671	166.3783	4.236968	0.6636881	0.1508181	3.194252	0.06165495	1.575979	0.4935838
8064	-39.40726	-205.285	165.8777	2.785626	0.9411971	0.6079427	3.746688	0.6222264	1.158199	0.4403377
8070	-27.74501	-197.3885	169.6435	1.039128	0.3271155	0.2587093	3.307061	0.0727899	0.8541218	0.5681586
8076	-29.63638	-193.9684	164.3321	1.448753	0.8070211	1.918124	6.059491	0.6145791	0.3209386	0.4080319
8082	-24.37025	-188.8347	164.4645	0.7399639	0.434473	1.582584	6.059491	0.1399255	2.084958	0.5212929
8088	-21.40051	-184.6184	163.2179	0.4816252	1.075932	1.877953	5.560571	1.95513	1.203323	0.3221566
8094	-11.21985	-179.497	168.2772	2.10909	0.778991	1.32541	0.2230833	1.95513	0.8568982	0.3359396
8100	-2.685228	-175.9446	173.2594	0.4993117	0.2045495	0.06574659	0.1603452	0.7411446	0.531321	0.5304993
8106	-3.265137	-174.7364	171.4713	1.102514	0.8035603	0.2203528	0.6692039	0.1375376	0.8348403	0.9643207
8112	-4.821168	-173.7859	168.9648	1.20012	0.2629629	1.038153	0.6692039	1.193724	1.594876	1.253733
8118	-7.784075	-176.6336	168.8495	1.151462	0.4046432	1.278991	1.654547	1.232523	0.7315067	0.8955099
8124	-2.274749	-174.5156	172.2409	0.8225845	0.6879503	0.1006152	0.2419024	0.3490121	1.05937	0.4414388
8130	-13.70769	-179.9754	166.2677	0.9930819	0.2592333	1.448169	0.4459472	1.991899	3.397297	1.350671
8136	-18.23742	-188.7401	170.5026	1.6142	0.4617674	1.716917	0.6519035	0.4060639	0.1734155	0.5504785
8142	-8.411531	-180.0231	171.6115	0.237447	0.7400444	0.1616967	1.252355	0.8461734	0.2966219	0.5600562
8148	-8.130066	-177.9953	169.8652	1.487036	0.6030796	0.354401	2.474216	0.6720892	0.005209718	0.6959503
8154	-16.6089	-185.2617	168.6528	0.5067814	0.4080286	2.142159	3.60031	0.08102222	0.07501965	0.5118698
8160	-12.13759	-183.175	171.0374	0.8726618	0.3260377	1.535592	1.02494	0.2874548	0.01874866	1.096453
8166	-13.71894	-184.1964	170.4775	0.738397	0.3162238	1.046591	0.7983931	1.498477	0.2045172	1.113674
8172	-13.35626	-183.9185	170.5623	0.5594548	0.4211737	0.3831342	2.992954	0.2340615	0.07804815	0.9429117
8178	-11.70634	-182.1571	170.4507	0.9756253	0.2548785	3.521763	0.1603378	0.09201038	0.0264569	0.6305983
8184	-14.05717	-185.4106	171.3535	1.31141	0.08735203	0.1280761	0.181186	1.142072	1.278248	0.6389771
8190	-19.31342	-186.2012	166.8878	1.068037	0.2820643	0.2418073	0.5041879	2.405965	4.116583	0.4536982
8196	-17.07159	-188.823	171.7514	1.039452	1.10869	0.09258652	0.5041879	0.09848055	0.5863736	1.022648
8202	-5.110612	-175.3781	170.2675	2.347482	0.2189869	0.4910523	0.127342	0.3837033	1.804629	0.5120373
8208	-1.03326	-169.6762	168.643	1.061078	0.3425389	2.234056	0.9237822	0.1281007	1.812798	1.057245
8214	-1.600907	-172.0494	170.4485	1.660627	0.2746989	0.3614028	0.9294326	0.04007142	1.812798	0.5670304
8220	-0.5565344	-171.23	170.6734	0.513694	0.3782912	1.377663	0.6855352	1.374153	0.06379663	1.091534
8226	-1.539178	-173.1353	171.5961	0.5938486	0.6476491	0.4484764	0.5354821	0.4792112	0.7821448	1.09603
8232	-22.13254	-186.1849	164.0524	0.3594715	0.8108035	0.3053102	4.899081	1.16342	3.378	1.090931
8238	-20.13504	-186.1276	165.9925	0.4735437	1.817539	0.6999428	2.638542	0.4440496	3.378	0.4377318
8244	-0.3122161	-168.2656	167.9534	0.2133143	0.2938986	0.3901899	4.461341	0.0507662	1.705721	0.4426176
8250	-1.160205	-174.0367	172.8765	1.235127	0.8236519	0.05576842	0.3890986	0.04002155	0.08723465	0.5526872
8256	-2.565614	-173.5477	170.9821	0.9644845	0.580704	1.00554	0.3890986	0.4370428	0.7172915	1.121066
8262	-6.898338	-179.7623	172.864	0.5084379	0.580704	0.6779591	0.02818498	0.1632432	0.3878281	0.2216859
8268	-4.924838	-176.3509	171.426	1.054124	0.8083964	1.357479	0.1717851	0.06901907	0.3539715	0.216441
8274	-4.731722	-173.7854	169.0537	0.4470348	0.6407199	0.6000117	0.8456656	2.570993	1.195894	0.7354594
8280	-9.175513	-177.7556	168.58	0.7436064	0.8173515	0.09484776	0.04436961	3.22082	2.005851	0.5046428
8286	-6.545489	-175.4211	168.8757	0.7798604	0.6901672	0.1699023	0.5147181	3.22082	1.219908	0.3752448
8292	-24.8243	-191.5196	166.6953	0.6629315	0.439599	0.770773	0.5147181	3.339636	3.044023	0.6409071
8298	-10.91898	-179.3688	168.4499	1.23497	0.8780574	0.9236112	0.197826	3.576206	0.1944818	0.3489338
8304	-4.074499	-172.4849	168.4104	0.1495696	1.50221	0.5955503	2.844242	0.7042572	0.1944818	0.1878042
8310	-0.3830877	-172.4613	172.0782	0.5042302	0.4802789	0.3149532	0.115773	1.461069	0.5109865	0.4961481
8316	-1.099351	-172.2328	171.1334	0.3183863	0.2791893	0.1995303	1.152442	1.406683	0.7573313	0.7143604
8322	-0.4508198	-169.5657	169.1149	0.5668003	0.1086484	3.50277	0.7063379	0.6475646	0.6875659	0.8256695
8328	-1.229646	-172.6149	171.3852	0.5575432	0.2715013	1.265809	0.4760673	1.232735	0.2669814	0.6232879
8334	-6.691281	-176.035	169.3437	0.6298434	0.987101	0.1084153	3.497171	0.6312794	0.297232	0.4733556
8340	-8.012951	-175.46	167.447	1.967464	0.517943	0.1623623	1.112872	2.457793	1.842618	0.3411149
8346	-1.315499	-172.8048	171.4893	0.3697194	0.5656206	1.607594	0.3822257	0.3860906	0.4273957	0.8294442
8352	-11.4361	-178.8137	167.3776	1.189127	0.3243077	0.9326081	0.6204745	4.72921	0.1601252	0.8608398
8358	-10.57813	-170.2524	159.6742	1.106691	0.1030284	3.912046	3.403701	4.999298	1.690172	1.281614
8364	-19.80595	-183.9808	164.1748	1.380451	0.6602318	3.552826	2.972104	1.835272	0.5904792	1.043093
8370	-29.18463	-196.4809	167.2962	1.380451	0.7233837	0.5099473	0.2156189	3.828781	1.099202	1.146738
8376	-17.20263	-185.8017	168.599	0.8994444	1.665431	2.59168	0.4109172	0.2322883	1.07308	0.6526826
8382	-19.66228	-186.7034	167.0411	0.5223184	1.129211	3.868197	0.6367714	0.1381224	2.052001	0.321919
8388	-7.25581	-180.9648	173.7089	0.3557877	0.4781287	0.2170395	0.02027013	0.2209785	0.3644275	0.4827635
8394	-9.949568	-181.1225	171.1729	1.318363	0.5249957	0.7763835	0.00785596	0.005955153	1.643208	0.3406392
8400	-9.225709	-179.9562	170.7305	0.9175037	0.9024641	1.874773	0.1002229	0.01856502	0.9512682	0.5933501
8406	-7.747855	-180.8545	173.1067	0.3722969	0.8869369	0.4904605	0.0846973	0.009391121	0.417968	0.5908405
8412	-8.437136	-179.7553	171.3182	0.2817709	2.525963	0.4904605	0.3095989	0.01188562	0.2216375	0.3102814
8418	-5.999099	-177.593	171.5939	0.3425108	1.526144	0.4219766	0.511478	0.2663359	0.5909079	0.3102814
8424	-17.0161	-189.3865	172.3704	1.263787	0.9421485	0.07710798	0.3845582	0.1637607	0.1824798	0.2871028
8430	-8.97575	-180.5667	171.591	0.8232111	1.759471	0.02053873	0.9538954	0.1592116	0.1824798	0.4065393
8436	-17.5775	-188.0669	170.4894	1.035307	1.13125	0.06097987	0.6591643	1.71894	0.3944782	0.6108162
8442	-17.99875	-184.5451	166.5463	3.283639	0.4522252	0.1985372	0.5694696	2.797264	1.211002	1.453887
8448	-22.18614	-191.9021	169.716	0.5432061	0.2839995	0.7436727	1.090486	0.5672784	1.693198	1.453887
8454	-20.85126	-192.7431	171.8918	1.369042	0.2014072	0.6432934	0.4198683	0.06514668	0.08562034	1.453887
8460	-11.61107	-179.2057	167.5947	1.369873	0.5411038	0.3997322	1.300054	0.1765664	4.105462	0.6305794
8466	-13.38111	-182.1068	168.7256	3.148641	0.5838144	2.588497	0.4208099	0.2537916	0.1113344	0.4016444
8472	-21.12155	-189.5437	168.4221	0.9855269	0.6499421	1.502178	0.528489	0.2275076	3.129498	0.7037705
8478	-21.86556	-190.6687	168.8032	1.055725	0.5868688	0.5148704	0.6329335	0.1083494	3.808356	0.5192799
8484	-11.6962	-183.1349	171.4387	0.977723	0.4407239	0.3326791	0.4950571	0.5067851	0.891317	1.114946
8490	-7.553293	-177.2437	169.6904	0.8867206	0.5860628	0.306561	1.186552	0.4224461	1.4625	1.550634
8496	-16.07042	-185.7609	169.6905	0.8867206	0.5877081	0.2640564	1.513871	0.4224461	1.175893	1.550634
8502	-14.66635	-187.3077	172.6414	0.605685	0.252573	0.1909659	0.301392	0.8478149	0.4723495	0.8629575
8508	-15.41746	-186.199	170.7815	0.8402195	0.3341796	1.293892	0.02525211	1.327118	0.8983625	0.572394
8514	-20.75481	-193.233	172.4782	0.9013542	0.2292348	1.250607	0.1337869	0.3862788	0.1313136	0.4991984
8520	-8.287682	-179.4008	171.1131	2.100233	0.1047654	1.7399	0.07052544	0.2749665	0.1890232	0.5259988
8526	-13.10461	-180.9158	167.8112	2.653807	0.2549479	3.97227	0.07052544	0.6990269	0.169745	0.728991
8532	-8.269901	-177.3236	169.0537	2.172683	0.9650464	1.463714	0.3956938	1.304915	0.2410167	0.4331771
8538	-3.422162	-174.1661	170.7439	0.5286213	0.5650014	2.325368	0.03251516	1.13695	0.1316902	0.4331771
8544	-3.189263	-174.5735	171.3843	0.7738127	0.8047737	1.26902	0.03251516	1.189234	0.009816988	0.665117
8550	-2.235896	-174.3473	172.1114	0.5794644	0.2700813	0.7714985	0.4179229	0.9573894	0.009853402	1.060913
8556	-9.751467	-177.3834	167.6319	1.510759	0.4757909	2.116683	2.468167	1.103268	0.01097748	0.8934608
8562	-7.120718	-177.7301	170.6094	0.4814493	0.4757909	2.25613	0.3102568	1.089025	0.1358955	0.7555335
8568	-0.6427639	-172.8717	172.2289	0.5005905	0.2174136	0.9838642	0.8877589	0.07803872	0.4363917	0.8014758
8574	-0.9509871	-173.1506	172.1996	0.6595781	0.5627945	0.3798019	0.4671348	0.7614774	0.2600731	0.897123
8580	7.33832	-162.0585	169.3969	0.6778429	0.3006379	1.130596	0.07153813	2.454917	1.465593	0.4562566
8586	-4.048622	-170.0018	165.9532	0.5687681	0.3594678	3.038073	2.562014	0.5151696	2.450878	0.649076
8592	5.963007	-161.9147	167.8777	1.46472	0.3603516	2.042777	0.9095568	0.4155692	2.448184	0.4667543
8598	2.158742	-170.5041	172.6629	1.616247	0.2071165	0.1308548	0.3366223	0.4770339	0.07178461	0.6310582
8604	6.000397	-167.1082	173.1086	0.4814783	0.2026622	0.3383357	0.6025818	0.08340836	0.2744194	1.056379
8610	6.76586	-165.2485	172.0144	0.457604	0.8037663	0.8949144	0.1988321	0.4615336	0.6132491	0.4845742
8616	-22.24212	-189.9491	167.707	0.6126062	0.3867271	4.017507	0.8844088	0.5152991	0.6132491	1.389346
8622	-8.30895	-173.6888	165.3798	0.7593263	0.2073341	4.101463	0.3456318	2.343049	2.234962	0.8081004
8628	-12.67938	-180.7237	168.0443	0.2221922	0.3380373	0.212539	3.491919	2.184746	0.56942	0.6609664
8634	-10.08432	-180.052	169.9677	0.7512576	0.4000645	2.272736	0.6706757	0.7372386	0.6939737	0.4218807
8640	-1.392878	-171.61	170.2171	0.6911682	0.6087254	0.3275179	2.43828	0.6723447	0.5331206	0.591697
8646	-11.4719	-182.1951	170.7232	0.6911682	0.2231522	0.8225402	2.559055	0.3460322	0.1373396	0.5202657
8652	-16.73126	-187.1249	170.3937	1.117232	0.3376989	1.058438	0.7011707	0.4608051	0.2590114	1.704907
8658	-27.09816	-194.2597	167.1615	2.458879	0.9724185	0.7209521	2.984469	0.9938932	0.1210388	0.943713
8664	-25.11506	-191.9803	166.8652	1.83631	0.5688716	0.9210714	0.4428594	4.5116	0.4018526	0.561577
8670	-33.18254	-201.7377	168.5552	0.4072483	0.5688716	0.1621807	0.9377763	4.771437	0.006999276	0.5420606
8676	-28.81687	-198.872	170.0551	0.3239533	0.8228095	0.2909144	2.65331	1.179315	0.001363791	0.4951525
8682	-15.52864	-186.2132	170.6846	0.2921281	0.3515922	0.1621767	1.667935	0.3317937	0.09392226	2.052222
8688	-14.86111	-187.2351	172.374	1.520189	0.3670718	0.1208266	0.5355703	0.1387763	0.2422148	0.9153034
8694	-8.532553	-177.5563	169.0237	1.47799	0.3890835	0.02347492	2.280524	0.3812276	1.344062	1.265078
8700	-3.102946	-174.9331	171.8301	0.2997394	0.4156215	1.09739	0.1869632	0.0790465	1.344062	0.6481174
8706	-6.6531	-177.3008	170.6477	0.2234027	0.6857869	0.07154155	0.8967607	0.8680888	1.557263	0.8378081
8712	-3.997547	-172.485	168.4874	0.2234027	0.7700972	2.094228	2.891774	0.1905579	0.1392003	0.2010075
8718	-2.69813	-175.7132	173.0151	0.3083131	0.2513668	0.886437	0.1805297	0.5160922	0.1331204	0.4244072
8724	7.163299	-164.2938	171.4571	1.067211	0.2551294	0.1622843	0.6263721	0.8854884	0.9310414	0.7951338
8730	-11.01135	-177.1381	166.1267	2.000493	1.145082	1.109709	1.888415	1.211053	2.093908	0.5343058
8736	-15.20026	-182.4767	167.2764	2.865904	0.4126896	0.5037908	1.672718	1.792832	0.7484614	1.176122
8742	-7.289866	-178.5994	171.3095	0.4142223	0.5538327	1.335011	0.647191	0.5385904	0.5659696	0.6823875
8748	-10.0424	-181.9719	171.9295	0.662702	0.7542346	0.1871209	0.8493143	0.7903268	0.2875326	0.6545554
8754	-7.115153	-177.4424	170.3273	0.4387526	1.046128	0.6039927	1.016943	1.033465	0.9493122	0.6019069
8760	-9.384936	-180.8757	171.4908	0.889839	1.046128	0.7756816	0.1548381	0.1857839	0.9493122	0.6019069
8766	-13.79197	-183.2732	169.4813	0.2685444	0.3266939	1.98991	1.593708	0.1184722	1.406778	0.6645735
8772	-28.82127	-194.9887	166.1674	1.086843	0.440789	5.634199	0.5997711	0.2258098	0.5026271	1.463933
8778	-22.29843	-191.0666	168.7682	1.086843	1.269809	1.859461	1.404747	0.6177797	0.3410446	0.8424386
8784	-27.12284	-194.7639	167.641	0.4005251	0.6446398	1.859461	0.7206637	2.061668	1.687588	1.082248
8790	-42.1112	-210.0718	167.9606	1.335116	0.5800432	0.2347921	0.8297492	1.924885	2.156949	1.172843
8796	-39.10911	-208.6952	169.5861	1.079648	1.116924	0.1266552	0.337661	0.6173369	2.153637	1.172843
8802	-26.76232	-193.0685	166.3061	0.6737034	0.3633048	2.000434	0.3092315	0.7107472	2.982184	2.352181
8808	-17.70801	-187.2551	169.5471	0.5589967	0.9513188	0.776162	1.689752	0.2548887	0.6224743	1.632523
8814	-27.76602	-199.0047	171.2387	0.5858261	0.1367048	0.381231	0.3426175	0.9007688	0.8209532	1.632523
8820	-24.52692	-196.878	172.3511	0.6332232	0.5791315	0.1199233	1.444878	0.05889873	0.2977705	0.5809093
8826	-13.19716	-184.5275	171.3304	0.8590482	0.5472743	0.6679807	1.346723	0.1692155	0.3357891	0.9455884
8832	-12.68652	-181.4427	168.7562	0.3704187	0.8173576	0.6342561	1.028473	2.069642	1.53076	0.8559034
8838	-12.94314	-181.7829	168.8398	1.000136	0.8778469	1.917475	0.555061	1.187913	0.958486	0.8559034
8844	-23.61911	-192.2822	168.6631	1.015857	1.868487	0.2506883	2.322907	1.187913	0.1918553	0.5747886
8850	-13.75752	-182.9541	169.1966	0.8014845	0.5804137	0.5771718	1.425116	0.4499837	2.329363	0.8248421
8856	-21.06908	-185.246	164.1769	1.484353	0.9914746	4.923724	2.622701	0.8671478	0.4514871	0.4537529
8862	-10.48364	-180.2965	169.8128	0.6256429	0.4686436	0.4132752	3.40494	0.3205813	0.4416748	0.5659994
8868	-21.80524	-188.7192	166.9139	1.93507	0.2340729	0.4149122	5.672013	0.1104365	0.2448173	0.6608061
8874	-7.969395	-178.0918	170.1224	0.795449	0.6887285	1.344161	0.6214537	0.3903577	1.49653	0.675213
8880	-8.251997	-179.6961	171.4441	0.5550155	0.6887285	0.2316947	1.02127	1.152218	0.3883163	0.4936646
8886	-19.14215	-186.2842	167.1421	0.4317036	0.4394189	0.8440113	1.531126	1.565381	3.298681	0.8597332
8892	-13.68436	-182.9877	169.3033	1.218836	0.5848068	0.312806	0.4481445	1.943864	1.607398	0.7479051
8898	-12.94753	-184.926	171.9784	0.4347948	1.566855	0.3957791	0.07961079	0.3980457	0.5761483	0.468153
8904	-7.86051	-180.0279	172.1674	0.6514035	1.398423	0.3690668	0.1807356	0.4029256	0.2268379	0.7615206
8910	-6.247183	-176.3948	170.1476	0.6514035	1.411076	0.4825342	0.9435896	1.259933	0.5479963	0.3519559
8916	-7.589548	-177.2184	169.6288	0.8876844	0.7540144	1.701822	0.3390275	1.164502	0.5058517	1.203798
8922	-14.81681	-182.0249	167.2081	0.4595216	1.725622	2.558234	1.058701	2.230857	0.1059599	0.3094051
8928	-18.31346	-188.4727	170.1593	0.3192441	0.6188497	0.648378	0.4750415	1.818515	1.122822	0.8360289
8934	-16.74996	-187.2327	170.4828	0.4526281	0.6188497	0.6645086	0.288214	0.4207461	2.497738	0.5968306
8940	-19.36195	-188.0414	168.6795	0.4526281	1.014759	2.867568	0.74214	0.3081946	1.37673	0.4829402
8946	-20.59824	-189.986	169.3878	0.5076804	0.9078059	2.867568	0.8081132	0.4864244	0.3130472	0.8726152
8952	-27.45237	-197.2864	169.834	1.153586	0.31179	2.071505	0.5419941	0.3260444	0.6128513	1.312314
8958	-21.56677	-182.2666	160.6999	2.037094	0.8380525	0.7304479	1.672246	1.235176	7.710829	1.312314
8964	-14.14047	-184.606	170.4655	0.5150078	1.523869	0.5815814	0.2549706	0.404595	1.7234	0.5149269
8970	-34.4489	-202.5466	168.0977	0.6025311	1.646654	3.36487	0.8967466	0.1963988	0.6364103	0.6760744
8976	-18.84073	-185.6768	166.8361	2.745504	1.094145	3.419095	0.5228514	0.4406034	0.5602719	0.7836541
8982	-14.30751	-182.7061	168.3985	0.9014927	0.4460207	0.8181645	0.7098289	2.85403	1.264741	0.7836541
8988	-15.29601	-184.3153	169.0193	1.204262	0.4523906	0.6831342	0.08322494	2.85403	1.077957	0.2812806
8994	-12.96316	-183.4434	170.4803	1.020612	1.216458	0.08819616	0.5856064	1.806731	0.3052171	0.4398671
9000	-28.07845	-197.3584	169.2799	2.102188	0.6855418	0.2956187	0.5626056	1.425017	0.1086924	1.67039
9006	-28.35742	-197.7018	169.3444	1.128883	0.9828465	0.9924178	0.4207793	1.462509	0.9247043	0.9464019
9012	-23.72395	-194.2583	170.5343	0.5654953	0.8403694	1.889079	0.06919913	1.507871	0.07769291	0.5009314
9018	-20.26351	-191.0789	170.8154	0.433381	1.046485	1.123395	0.335328	1.265181	0.4117316	0.5009314
9024	-33.80009	-204.2872	170.4871	0.7435424	0.3132389	0.7444114	0.3708316	2.239245	0.02019248	1.253905
9030	-19.25653	-187.037	167.7805	0.8444196	0.9751911	1.944024	1.096129	0.4770163	1.552731	1.453722
9036	0.5896784	-170.9216	171.5113	0.8612268	0.9481683	1.364581	0.09027853	0.2927483	0.4195756	0.6138997
9042	-8.314006	-175.8466	167.5326	2.666763	0.6133788	4.076471	0.4394142	0.07624182	0.2865608	0.3975796
9048	-3.715435	-172.4313	168.7159	3.291532	0.6133788	0.6566668	0.3356761	0.02431192	2.196929	0.7062304
9054	-8.333136	-174.7517	166.4186	4.769612	0.4194018	0.2955442	1.255667	2.166576	1.116503	0.6866439
9060	-11.61135	-180.6784	169.067	1.670579	0.4701055	0.4825172	0.7842839	0.7926431	1.707028	1.232247
9066	0.09810616	-171.2316	171.3297	0.9809493	0.5205929	0.6937472	0.09800145	0.8379302	0.6208488	1.116038
9072	-8.288781	-177.1003	168.8115	1.40457	0.3406543	0.01706027	0.1781151	1.776048	2.837097	0.8297632
9078	-5.076508	-177.4466	172.3701	0.9370006	0.7781169	0.08029297	0.09248397	0.9480507	0.2512436	0.6820517
9084	-5.360411	-177.375	172.0146	0.41339	0.1783064	0.5782791	1.102742	0.2402169	0.757521	0.8033512
9090	-4.825764	-176.4243	171.5985	1.221994	0.4905685	0.9804857	0.4157082	0.2349427	0.3706425	0.8855824
9096	-10.22166	-180.9383	170.7166	1.117728	0.6160685	1.574807	0.5837875	0.3428291	0.3706425	0.8730461
9102	-8.700788	-180.8049	172.1041	0.5722026	1.129354	0.2926195	0.7326192	0.312821	0.2914589	0.6759326
9108	-20.17474	-190.57	170.3952	1.430915	0.5582845	2.013009	0.1808136	0.4633685	0.0442343	1.11997
9114	-15.82794	-184.8637	169.0357	0.645276	0.3799517	2.889583	0.7991152	0.4279656	0.8400601	1.161974
9120	-25.25734	-197.5464	172.2891	1.238276	0.3028985	1.072394	0.1114829	0.09967876	0.397122	0.4708817
9126	-19.24595	-192.0575	172.8116	1.307622	0.8156862	0.3269463	0.00512345	0.02490142	0.2118221	0.5767737
9132	-19.22965	-191.7194	172.4897	0.3769051	0.8156862	0.1577204	0.08250279	0.9384892	0.05749342	1.151742
9138	-15.85069	-186.2262	170.3756	1.173885	0.959397	0.6617005	0.3927518	1.458582	0.1310536	1.050655
9144	-37.86197	-205.8133	167.9513	1.48128	0.4252512	3.726074	1.409952	0.3957918	0.06163402	0.7125827
9150	-19.4217	-187.5967	168.175	1.321299	0.6767534	0.7511526	2.932274	0.1861732	1.357639	0.7788646
9156	-15.03261	-186.3923	171.3597	0.3206989	0.6767534	0.3111006	1.311632	0.08749646	1.239884	0.5915235
9162	-14.68718	-186.0698	171.3826	0.7979908	0.6767534	0.3054176	0.1808921	1.774007	0.3493151	0.3685034
9168	-16.73684	-187.786	171.0491	0.9190616	0.6756688	0.5003535	1.092128	0.8969892	0.3493151	0.6283409
9174	-28.50708	-197.7067	169.1996	0.5333745	0.976965	0.1926879	1.842555	0.4076084	2.09737	0.9144673
9180	-25.07919	-192.5199	167.4407	0.9986504	0.976965	2.35482	0.01424687	3.276088	0.2242908	0.9144673
9186	-19.81447	-187.5802	167.7657	1.370791	1.061772	0.4485699	0.4761298	1.329296	2.169453	1.495148
9192	-12.97364	-181.9241	168.9504	1.586727	0.5068246	0.6080972	0.9450832	0.6621266	1.919715	1.04271
9198	-12.48147	-184.7578	172.2763	1.371012	0.7648409	0.2191652	0.4151716	0.02297721	0.4179255	0.6308612
9204	-10.79704	-180.1784	169.3813	0.3938368	0.6675685	1.399856	1.280645	2.215109	0.05208229	0.5817353
9210	-16.59922	-184.5668	167.9676	0.6584042	0.7761496	3.016116	0.1003523	2.215109	0.7579822	0.5671739
9216	-19.09472	-188.7967	169.7019	0.6846556	0.7636933	0.0926958	1.709246	0.2676186	1.685937	1.260959
9222	-28.07515	-198.5192	170.444	2.109564	1.058334	0.1369046	0.7415231	0.3783931	0.09887418	1.286396
9228	-29.64388	-196.1612	166.5174	0.766633	1.733535	3.422738	0.4839998	0.6591081	1.91909	0.5545621
9234	-29.12681	-198.087	168.9602	1.591697	0.3715907	0.30263	1.93173	0.429644	1.204229	1.374792
9240	-29.21681	-193.8203	164.6035	0.8437991	0.4275641	1.513342	4.393981	1.304868	1.204229	1.730137
9246	-14.8636	-186.9681	172.1045	0.9675476	0.4400661	1.178001	0.4682335	0.06847952	0.111567	0.2607533
9252	-31.75602	-197.6393	165.8833	1.80319	0.8260769	4.564112	0.6395399	0.2923085	1.538028	0.4551126
9258	-27.83005	-196.4721	168.6421	1.88631	0.605378	2.51067	1.134092	0.4887632	0.0767684	0.9055878
9264	-38.72182	-202.82	164.0982	1.471113	0.7364909	3.55743	4.450889	0.04108571	1.071408	0.7505527
9270	-29.10207	-195.7351	166.6331	1.63735	0.4515032	1.791811	1.58339	2.426241	0.6777081	1.025417
9276	-19.36189	-190.4341	171.0722	0.7995191	0.6216092	0.03939515	1.179561	0.6509668	0.5686458	1.244648
9282	-9.952951	-180.4108	170.4579	3.427322	0.1440544	0.05727484	0.1664225	1.084817	0.2951759	1.008045
9288	-5.488485	-176.577	171.0885	0.328284	0.5115847	0.6206509	0.2248565	1.808267	0.4356972	1.008045
9294	-18.90513	-184.2633	165.3582	0.5233237	0.3700458	2.616443	0.3937294	0.5310588	5.505372	0.8556228
9300	-14.62725	-183.4651	168.8379	0.8191963	1.010879	0.9859993	1.037816	0.7705666	2.034192	0.5856351
9306	-19.35301	-185.9718	166.6188	1.959959	1.408515	2.668185	1.767911	0.04231382	1.093194	0.4243989
9312	-19.54893	-187.2039	167.6549	0.7628526	0.8718463	1.451929	3.689087	0.4725583	0.3529368	0.9431923
9318	-21.27687	-192.4976	171.2208	1.64316	0.4590058	0.2537365	0.6060628	0.4881902	0.2199632	1.299034
9324	-27.70888	-196.4642	168.7554	1.044433	0.1901144	0.170153	1.597012	0.3397617	0.4966674	2.824472
9330	-31.06915	-200.6834	169.6142	0.7226969	0.3174658	1.010748	1.915483	0.3026393	0.1544091	1.902059
9336	-25.23791	-196.3026	171.0647	0.7226969	0.9462345	1.134531	0.2699688	0.2327041	0.7288234	1.0949
9342	-30.96125	-196.0249	165.0636	1.865535	0.9462345	4.761437	0.1283489	0.2046178	2.073434	1.192079
9348	-25.00837	-196.0396	171.0312	2.483943	1.088357	0.2408946	0.4626991	0.2027408	0.07637294	0.7353403
9354	-19.71456	-191.9455	172.231	1.075151	0.6752461	0.6070933	0.3607644	0.1336837	0.07170176	1.048416
9360	-14.81773	-181.6624	166.8446	0.9864458	0.6896414	1.182507	2.185417	0.8270883	2.649619	0.8203753
9366	-8.702797	-180.2941	171.5913	2.158077	0.2496364	0.2384323	0.3269499	0.9315499	0.06537963	0.3678084
9372	-14.13316	-181.0275	166.8944	3.450074	0.4790217	0.2932579	2.101179	2.373745	0.2901383	0.3314274
9378	-10.52281	-179.094	168.5712	2.851993	0.458985	0.3580845	0.2838288	2.157158	1.078128	0.5588091
9384	-18.77756	-185.2641	166.4865	1.073953	0.5833156	3.740827	0.5263764	1.52479	1.410026	0.844932
9390	-18.95511	-188.7994	169.8443	1.554098	0.2773981	0.5593036	1.800067	0.2965065	0.9582218	0.9274253
9396	-16.86243	-186.0054	169.1429	0.5590472	0.9379416	0.442749	1.094062	2.08245	1.03703	0.8701235
9402	-12.69963	-179.6566	166.9569	1.362249	0.8733472	0.3870545	0.6289702	4.045229	0.6808995	1.248244
9408	-11.38287	-183.1931	171.8103	0.5563379	0.2872099	0.4123336	0.9452976	0.3888137	0.6579096	1.110997
9414	-9.591561	-181.031	171.4394	0.6561064	0.3230728	0.3531532	0.5423655	0.3983715	0.6466622	1.674629
9420	-10.54613	-181.6274	171.0813	1.033488	0.2679955	0.5682743	0.6627557	1.040712	0.206488	1.304469
9426	-8.713505	-181.2069	172.4934	1.033488	0.522874	0.3633265	0.09180401	0.06463307	0.3831606	1.228651
9432	-33.19683	-202.8746	169.6777	0.6256943	0.6144103	1.182898	1.065417	1.520775	0.4356032	1.064262
9438	-36.01491	-205.3287	169.3138	2.36772	0.4454389	1.362828	0.1462361	1.520775	0.227899	0.9526068
9444	-17.42208	-186.8198	169.3977	0.4034644	1.338629	1.955355	1.108228	0.874352	0.2700322	0.3435304
9450	-12.68591	-180.1262	167.4403	0.3045425	1.326402	1.272689	4.016355	0.06773821	0.8457657	0.3985722
9456	-1.906821	-171.6976	169.7908	0.7924595	0.7195686	0.9945324	1.662339	0.01662775	1.495797	0.6482731
9462	-14.47683	-182.2517	167.7748	0.6157892	0.4099264	0.3722452	4.601583	0.01820597	1.603819	0.7546718
9468	-12.80765	-183.6369	170.8293	1.259716	0.4099264	1.548484	0.9123129	0.004213159	0.4404035	0.7708497
9474	-15.97431	-186.4377	170.4633	0.5323273	0.6545507	0.7147223	2.541244	0.0568201	0.5119512	0.5053208
9480	-10.5363	-180.7272	170.1909	1.594304	0.3024751	0.9932427	0.9411593	0.08096742	0.6923914	1.372029
9486	-3.555397	-176.1625	172.6071	1.108188	0.421449	0.743486	0.1096419	0.05456102	0.3087838	0.8359922
9492	-15.29207	-182.8073	167.5152	1.671042	0.3553834	1.291464	0.1834643	2.541255	1.004503	1.554274
9498	-5.755788	-176.7028	170.9471	1.185297	0.113362	1.387096	0.3706749	0.27664	0.8137528	1.105842
9504	-14.53208	-184.0751	169.543	1.151873	0.0713406	0.08014208	1.178696	1.700363	1.16138	1.283821
9510	-12.65112	-178.8859	166.2348	0.4208849	1.11293	0.3300545	1.509864	2.320406	3.493827	0.5037236
9516	-17.73849	-184.8882	167.1497	0.5027226	1.601442	0.05261757	3.754726	1.319528	1.073115	0.4292744
9522	-10.62921	-179.1857	168.5565	0.3611757	1.121153	0.3034537	3.974163	0.7811357	0.1995426	0.3306113
9528	-17.70353	-187.2425	169.539	1.17967	0.5680941	0.7424965	0.5092318	2.202577	0.7571642	0.5866937
9534	-12.6172	-184.8035	172.1863	1.17967	0.4685402	0.08514567	0.3306795	1.057141	0.2041115	0.5089016
9540	-9.899531	-177.1352	167.2356	1.327099	1.188751	2.058563	1.420329	1.057141	1.111674	0.7807097
9546	-14.7152	-179.5138	164.7986	1.386305	1.888459	0.07437208	1.493618	1.194568	4.667851	0.4223373
9552	-7.598563	-175.5855	167.9869	0.5652424	0.7481959	0.2328003	0.2873448	4.891302	0.7586848	0.4223373
9558	-21.41595	-184.0715	162.6556	0.5649934	0.7005469	3.976067	2.617807	2.267067	2.518812	0.8663618
9564	-24.99347	-195.02	170.0265	1.650413	1.025289	0.9878327	0.4646707	0.385767	0.3843755	1.271737
9570	-29.64843	-197.324	167.6756	0.4120508	1.227074	0.1716846	1.693131	3.740176	0.4959047	0.4784855
9576	-17.24345	-184.083	166.8395	2.149213	1.227074	3.483856	1.108025	0.624569	0.166903	0.4609089
9582	-13.59125	-182.8935	169.3023	1.170271	1.128358	0.8505803	1.502875	0.710053	0.5816729	0.9577954
9588	-13.38101	-180.2963	166.9153	1.143806	0.9012967	2.796221	1.944379	0.1159049	1.366878	1.020519
9594	-8.578501	-175.2597	166.6812	0.4269898	0.9827157	0.9697397	0.7041823	0.007647889	5.481273	0.8544913
9600	-5.795888	-174.5149	168.719	0.8244759	1.283772	1.442097	0.01719275	2.210593	1.011907	0.5201285
9606	-3.710504	-175.4757	171.7652	0.9093437	0.8089669	0.4804427	0.02612282	1.025314	0.4785288	0.5976959
9612	-10.0561	-180.1137	170.0576	1.137882	0.9133362	1.691161	0.01881358	1.211508	0.4785288	0.5361598
9618	-13.32672	-184.1145	170.7878	0.8212769	0.8826046	0.3190718	0.1207965	2.172269	0.4029587	0.5394852
9624	-26.78338	-192.8255	166.0421	0.4681981	0.7680205	2.26067	3.327499	0.6616757	1.921778	0.509116
9630	-11.2237	-180.9594	169.7357	0.9441599	0.4723728	1.601931	0.5006808	1.033634	0.8484688	1.06513
9636	-6.596279	-178.5547	171.9584	1.009803	0.4642801	1.237962	0.1914652	0.2184417	0.3344933	0.7523612
9642	-1.952075	-174.2355	172.2834	0.4079534	0.5713575	0.2397185	1.058911	0.367942	0.4815633	0.4642861
9648	-9.326813	-180.6664	171.3396	0.6683924	1.027177	0.2441819	1.049519	0.4520917	0.6805433	0.3722319
9654	-10.40325	-181.1722	170.769	0.5830992	1.061086	0.8140044	0.4544734	1.044128	0.7346762	0.6267398
9660	-25.21327	-196.9159	171.7026	0.8075749	1.061086	0.4480868	0.4036609	0.8562611	0.03937533	0.8754242
9666	-11.46477	-182.9954	171.5307	1.113836	1.061086	0.6056091	0.1502728	0.1722426	0.4009285	1.158316
9672	-3.823731	-175.7583	171.9346	1.294876	0.5105712	1.094156	0.1808591	0.2542289	0.2418248	0.5393495
9678	-10.58571	-182.0831	171.4974	0.3618437	1.032216	1.094156	0.5154169	0.6767355	0.177816	0.5982831
9684	-8.921371	-179.2166	170.2953	0.7573769	0.5021576	1.912947	0.2418018	0.7513928	0.5455769	1.179779
9690	-3.928988	-171.5953	167.6664	1.075688	0.8722047	1.088109	0.04573543	3.472002	1.113163	0.8601002
9696	-7.490608	-176.6972	169.2066	0.4927931	0.4632383	1.808456	0.3337557	0.4359152	2.344313	1.066956
9702	-11.3043	-176.5734	165.2691	1.804025	1.380748	0.7576469	3.06544	0.8689336	2.346171	0.6916827
9708	-6.260871	-175.9262	169.6653	1.010058	0.5477759	2.34876	0.7590376	0.8652643	0.2558883	0.6916827
9714	-12.79735	-181.4822	168.6848	2.906067	1.743652	0.2931073	1.300441	0.4706853	0.04190291	0.1921887
9720	-16.92699	-187.2635	170.3365	1.906195	1.099476	0.3692113	0.1405506	0.1967187	1.471313	0.3659717
9726	-24.75168	-194.1455	169.3939	0.7741376	1.079097	3.150218	0.4638565	0.1821378	0.4647312	0.4879239
9732	-16.45867	-188.4361	171.9775	0.8327393	0.4647406	0.9409774	0.08843393	0.4166527	0.6786325	0.7730028
9738	-18.27041	-189.1772	170.9068	0.6459472	0.2297116	0.08386583	0.8175493	0.6368104	1.798259	1.070299
9744	-12.05486	-183.0316	170.9767	0.5049232	0.7637328	0.4439485	0.07640538	1.566892	1.040409	0.7472454
9750	-17.33358	-189.6883	172.3548	0.4861257	0.7604624	0.1064214	0.07640538	1.164996	0.2289258	0.9729287
9756	-15.53599	-186.1499	170.6139	1.222617	0.4519054	0.6098154	0.05883761	1.198754	0.3430263	1.583008
9762	-10.64619	-181.8254	171.1792	0.7793394	0.6616198	1.431893	0.6459101	0.06583863	0.5758543	0.8493505
9768	-9.791597	-180.274	170.4825	1.077219	0.5327502	0.4017314	0.8187235	0.004199784	2.17246	0.403374
9774	-11.28221	-184.401	173.1188	1.291995	0.6008765	0.4017314	0.0520124	0.01164054	0.0248005	0.5816968
9780	-0.004086508	-173.1478	173.1438	0.4589685	0.3187782	0.9591633	0.141185	0.3972007	0.0248005	0.4721952
9786	-0.9764796	-172.1295	171.153	1.113212	0.2518296	0.2460504	1.489855	1.057014	0.1994271	0.4809337
9792	-0.4823126	-170.935	170.4526	1.455505	0.7128433	0.2566816	1.489855	0.2002773	0.9521087	0.4809337
9798	-3.409972	-173.0627	169.6528	0.7818805	0.3414258	0.2895392	1.521469	0.3039677	1.966252	1.305537
9804	-10.30602	-179.6198	169.3138	0.882782	0.2891938	0.2789387	3.060385	0.331597	1.292237	0.6968319
9810	-10.79124	-179.935	169.1438	0.7529673	0.4857888	0.1602119	1.642311	1.548254	1.712349	0.6968319
9816	-8.397757	-177.5604	169.1627	1.83867	0.3107474	0.0425065	2.173864	1.773432	0.2448123	0.5677212
9822	-9.064278	-177.89	168.8257	3.069405	0.2187759	0.07344869	0.8389507	2.072105	0.3102876	1.108969
9828	-7.125748	-177.1795	170.0538	0.7984697	0.3448662	1.785983	0.8402366	0.8616518	0.4027985	1.108969
9834	-13.02876	-182.069	169.0403	1.387519	0.2892829	1.785983	0.1156873	0.9155269	1.920321	0.698601
9840	-11.91535	-181.058	169.1427	2.424152	0.958057	0.1611899	1.139317	0.9546759	0.7307843	0.2756637
9846	-12.20556	-183.0473	170.8418	1.350341	0.4490098	1.04129	0.3530527	0.3201391	0.6508986	1.186917
9852	-21.16529	-192.35	171.1847	0.6926156	0.4039973	0.1913888	0.6404133	1.135169	0.4064166	1.460205
9858	-13.68078	-184.1822	170.5014	1.022871	0.3459334	0.5019493	1.839483	1.135169	0.08343637	0.7286287
9864	-15.06651	-185.4662	170.3997	1.022871	0.3459334	2.311643	0.2142062	1.135169	0.06472235	0.5969764
9870	-14.41656	-183.0676	168.651	0.5580548	0.09776461	2.558271	1.679626	1.135169	0.7757076	0.6242536
9876	-13.05082	-185.3052	172.2544	0.7987395	0.4686953	0.235656	0.5689718	0.05996083	0.4266904	1.341493
9882	-13.31453	-185.8492	172.5347	0.3655952	0.3896503	0.1742502	0.06413676	0.8725999	0.3288492	1.30185
9888	-6.018322	-177.7924	171.7741	0.4244112	0.7077853	0.06097289	0.6915824	1.45277	0.3055633	0.5659119
9894	7.200421	-166.1873	173.3877	0.6206418	0.4791613	0.05786321	0.03045425	0.5814557	0.2592524	0.3273654
9900	2.12831	-167.9832	170.1115	0.9479415	0.8299095	0.605881	0.01972961	0.3049643	2.637167	0.3533304
9906	4.37929	-167.643	172.0223	0.2429371	0.48414	1.247694	0.4136888	0.1736756	0.5644436	0.6037382
9912	4.825717	-167.7069	172.5326	0.2571877	0.48414	0.567127	0.5193814	0.2381735	0.5644436	0.6572032
9918	3.686463	-165.7963	169.4828	0.371592	0.2996553	2.547044	0.733304	0.3096188	1.347064	0.9844933
9924	-0.6137489	-172.8408	172.227	0.4241807	1.28999	0.1735765	0.4243779	0.4212103	0.4571596	0.4413462
9930	-7.001449	-172.5337	165.5323	0.2616675	2.779125	3.374879	0.8171817	0.3750311	2.063579	0.4298674
9936	-3.455951	-174.0519	170.596	0.1884992	0.3202077	0.8261397	1.778643	0.5493321	0.7062263	0.4298674
9942	-2.404415	-173.3276	170.9232	0.1682512	1.171539	0.2729531	0.4943064	0.6668816	1.111134	0.340751
9948	-8.555882	-179.0809	170.5251	0.3686508	1.171539	0.125647	1.381188	1.217619	0.5249439	0.340751
9954	-9.631317	-179.6758	170.0445	0.6274549	1.171539	0.3339935	0.1030652	2.912406	0.254245	0.3597477
9960	-0.3130293	-171.5923	171.2793	0.6274549	0.280406	0.9420778	0.5934567	0.3280294	1.444402	0.4809105
9966	2.413161	-168.3758	170.789	0.4953179	0.4684104	0.431418	0.8082743	0.1457915	2.32311	0.4809105
9972	-8.04248	-176.6646	168.6221	0.1966315	0.6678261	2.603158	0.09976151	1.165794	1.65533	0.4809105
9978	-3.69797	-175.0296	171.3317	0.3257095	0.4530236	1.13405	0.4942716	0.1665275	1.411991	0.5815463
9984	-5.151252	-175.0993	169.9481	1.378543	0.525005	0.6645629	0.7161432	0.3452759	1.818295	0.7879109
9990	-9.978522	-177.415	167.4364	0.2918802	0.4334938	1.524053	0.183088	1.967368	3.306579	0.8041929
9996	-13.25704	-181.0114	167.7544	0.3304142	0.8861165	1.425098	0.1262933	1.967368	2.826606	0.6047739
10002	-10.32215	-179.0099	168.6878	0.2996688	0.6372406	0.7340183	1.101163	1.67212	2.152527	0.4512321
10008	-4.124398	-173.739	169.6146	0.2996688	0.7640003	1.460808	0.8585578	0.1244551	2.152527	0.5915351
10014	-19.50101	-184.8666	165.3656	0.5895692	1.606529	0.1053228	1.637049	2.328819	3.849756	0.4443181
10020	-13.83901	-182.6784	168.8394	1.327432	0.8781229	0.0324198	0.7308415	1.749822	1.938286	0.4095095
10026	-13.78638	-184.2046	170.4183	1.017303	0.8416761	0.0834574	1.209633	1.180744	0.6532449	0.7677266
10032	-19.01492	-189.5711	170.5561	1.138798	0.9265214	0.3775982	1.459091	0.3603531	0.08587874	1.269272
10038	-22.49687	-193.2227	170.7258	1.012207	0.6992065	0.0386758	1.651968	0.06726076	0.6937298	1.281729
10044	-14.73828	-186.084	171.3457	0.3418646	0.9411798	0.003898523	0.9169839	0.3254745	0.710375	1.395523
10050	-25.55722	-197.9026	172.3454	1.541675	0.192875	0.01425271	0.2411042	0.03052349	0.412309	1.382477
10056	-13.75022	-186.0456	172.2954	1.173515	0.2371178	0.1918896	0.143402	0.1205639	0.6944448	1.308794
10062	-10.67917	-183.3086	172.6294	0.7783795	0.2371178	0.3295381	0.1487228	0.4982672	0.677238	0.8972579
10068	-25.24496	-195.3189	170.0739	1.400257	0.6543178	1.196247	0.1319395	1.768977	0.1973959	0.7504065
10074	-20.96208	-186.0714	165.1094	1.486546	2.859678	0.5408701	4.166679	0.5718176	0.5048348	0.9755259
10080	-6.320276	-178.1876	171.8673	0.3850124	1.051087	0.7524479	0.3242225	0.5454744	0.4207869	0.6724188
10086	-5.348394	-176.3804	171.032	1.719214	1.051087	0.7524479	0.4009875	0.1166422	0.4636257	0.5541138
10092	-8.679231	-177.1484	168.4692	0.5613708	0.6891668	1.022013	0.6882813	1.274125	2.710682	0.7080696
10098	-20.44418	-187.7572	167.313	0.9553978	1.05517	2.0194	0.2488691	3.270127	0.3696932	0.9720459
10104	-37.09791	-203.4994	166.4015	0.6507734	1.511601	0.3039524	0.9844428	2.837743	2.579156	0.9196068
10110	-29.16929	-200.3028	171.1335	1.393192	1.026896	0.2813816	0.07184677	0.0462292	1.295118	0.9618428
10116	-33.85115	-205.1102	171.2591	0.6581457	1.202831	0.5942018	0.1371291	0.01737134	1.515343	0.7807471
10122	-27.65767	-198.966	171.3083	0.4639594	0.7389541	2.232283	0.2151711	0.1213872	0.1490265	0.9075065
10128	-23.46145	-191.7839	168.3224	2.01	3.75773	0.1225458	0.166465	0.1842873	0.9380295	0.7237578
10134	-18.56203	-191.4941	172.9321	1.011606	0.6701265	0.0655295	0.4735454	0.1842873	0.0960713	0.7237578
10140	-15.74994	-184.405	168.6551	0.4912374	0.4462589	0.06337391	0.5958514	0.4475658	4.347207	1.102065
10146	-11.61554	-179.8881	168.2725	2.078364	0.2324591	0.04570244	0.8162939	2.662706	1.346899	0.8068523
10152	-11.56407	-182.3064	170.7424	1.052799	0.08040037	0.04942855	0.8979965	2.228218	0.4360718	0.6168969
10158	-10.23331	-180.9716	170.7383	1.352693	0.4933756	0.3145299	1.736229	0.1827786	0.5654776	0.8033333
10164	-7.356191	-179.1581	171.8019	0.8039118	0.5543556	0.7352071	0.1827865	0.53775	0.7609093	0.8033333
10170	-15.93486	-187.6475	171.7127	1.28965	0.0666349	0.1795115	0.1072895	0.6487745	1.144676	1.056309
10176	-16.33788	-185.5335	169.1957	1.998466	0.1306179	0.2215912	1.878555	0.4254331	1.144676	1.248866
10182	-15.39677	-186.7634	171.3666	0.7935606	0.3272578	0.3676355	0.6070313	0.7610058	1.144676	0.8147891
10188	-16.63398	-186.441	169.807	0.222955	0.5589469	0.1905066	3.563311	0.4182657	0.3292309	0.4102933
10194	-3.044673	-171.3473	168.3027	0.5524203	0.4030587	1.720378	0.9743679	2.720774	0.7997607	0.562871
10200	-1.364259	-171.0369	169.6726	0.5524203	0.3674615	0.5502185	1.106505	2.867276	0.3573395	0.4436026
10206	-6.942322	-178.4763	171.534	0.314242	0.3457146	0.3845714	1.106505	1.414758	0.1570954	0.6862822
10212	-4.629174	-173.6433	169.0141	0.4588345	0.2955023	1.546077	0.2434505	1.071254	2.739362	0.7223184
10218	-9.541554	-181.4323	171.8908	0.6590531	0.07082893	0.2608734	0.6599109	1.152859	0.6956785	0.7725877
10224	-12.8585	-182.9681	170.1096	0.7431845	0.6558514	0.5738531	0.5535695	0.6986824	2.152879	0.6047313
10230	-24.16273	-191.0884	166.9256	0.7019769	0.4380514	2.198343	1.45779	1.836836	1.331022	1.275508
10236	-29.39929	-199.6927	170.2934	0.3721479	0.1267397	0.5651864	1.106317	0.7535838	0.2622596	2.190262
10242	-30.09069	-199.2678	169.1771	1.234481	0.1993723	1.093916	0.3226405	2.432764	0.3152595	1.373931
10248	-27.61033	-197.3051	169.6948	0.9097677	0.5556929	0.7850567	0.5034473	1.81354	0.8938317	1.04677
10254	-15.16348	-185.7481	170.5846	1.567606	0.625654	0.1041858	1.560858	0.5544539	0.5304406	0.5082113
10260	-7.218996	-178.0803	170.8613	1.876155	0.08535815	0.1041858	1.301347	0.1168872	0.4591967	1.388432
10266	-12.12356	-185.3734	173.2498	0.2931392	0.06207256	0.4863826	0.3915005	0.4052919	0.3885872	0.5279036
10272	-17.2881	-183.5967	166.3086	1.636679	0.464116	0.569744	2.963687	0.6045369	2.017359	1.550232
10278	-10.40038	-175.0499	164.6495	0.7030738	0.464116	1.474825	1.612744	3.613742	2.017359	1.550232
10284	-7.045029	-177.7217	170.6766	0.3812666	0.6246837	0.4924906	0.4752899	1.247269	1.247917	0.9371086
10290	-6.358586	-176.7589	170.4003	0.5574248	0.4618399	1.322976	0.1369352	1.450749	0.8770552	0.9673227
10296	-1.010876	-171.5651	170.5543	0.4741063	1.031962	1.106932	0.8952081	0.847346	0.4066806	0.8084365
10302	-0.2250451	-169.2423	169.0172	1.022796	0.249081	0.4580151	0.1562711	1.961028	2.639187	0.5631076
10308	2.424343	-169.3855	171.8099	0.7770005	0.0875599	0.9566243	0.4819419	0.3026071	0.9309402	0.8408329
10314	0.5974011	-169.0491	169.6465	1.940455	0.2544405	2.35541	0.1077262	0.1885079	1.061432	0.5892596
10320	-1.343695	-170.7702	169.4265	0.5887907	0.1487448	1.426992	2.135881	1.504028	0.1083507	0.8258434
10326	-7.741187	-178.5474	170.8063	0.6977743	0.2697263	0.3092175	1.231083	1.995575	0.04089188	0.8301719
10332	-24.31319	-190.3952	166.082	3.037779	0.2002239	2.15053	0.1555001	0.4833868	3.604443	0.7674874
10338	-18.88334	-188.7616	169.8783	2.059923	0.3749514	1.717088	0.4960616	0.124142	0.8301994	0.7674874
10344	-24.75603	-195.2404	170.4843	1.770706	0.0693659	0.9590165	0.3945094	0.1232998	1.245806	1.178855
10350	-25.24715	-192.3709	167.1237	1.361562	0.5077939	0.503486	3.18738	1.969996	0.4396354	1.110189
10356	-21.14606	-192.11	170.964	0.7138248	0.5077939	0.2888829	0.7823129	1.969996	0.2541813	0.3981073
10362	-23.27266	-193.4073	170.1347	0.2786932	0.9343521	0.9347922	0.2112995	0.6858281	1.765048	0.9995792
10368	-29.09496	-196.3389	167.244	0.7257427	1.350906	0.6256977	2.988581	1.512787	0.6654878	1.08262
10374	-32.6799	-202.7729	170.093	0.42778	0.7422364	0.04178121	0.5766266	1.024384	2.271788	0.9411049
10380	-25.37907	-197.7504	172.3713	0.4952334	1.164883	0.006848772	0.7430353	0.5591471	0.1160932	0.4497408
10386	-36.06209	-203.0322	166.9701	0.4637168	1.903015	0.02499836	3.28396	2.338776	0.4578557	0.4497408
10392	-33.97234	-202.0479	168.0756	1.021968	1.795698	1.124796	0.4619787	2.184709	0.2997959	1.218665
10398	-36.6309	-202.4612	165.8303	0.5313179	1.795698	1.055733	0.2572658	3.965829	1.234313	1.426175
10404	-24.57301	-194.4342	169.8612	0.7573385	1.267577	0.3785581	0.8136426	1.412151	1.016966	0.4903895
10410	-26.38977	-192.2568	165.8671	0.2995245	3.435108	1.282548	1.914678	1.329816	1.160428	0.4903895
10416	-25.70313	-196.1778	170.4747	0.2995245	1.649909	0.3596655	0.3824567	1.751362	0.2348362	0.2818826
10422	-20.89278	-186.9479	166.0551	0.1458529	1.97004	1.242028	0.8267798	3.057985	0.9274143	0.1500771
10428	-3.41359	-175.0095	171.5959	0.4202212	1.173994	0.3354282	0.8494081	0.5307134	0.4730221	0.3664144
10434	-9.490765	-180.3923	170.9016	0.6735348	1.173994	0.5199995	1.293075	0.7426942	0.1757171	0.40435
10440	-13.96929	-181.8958	167.9265	1.051792	0.248556	0.5199995	4.776143	0.4992209	0.2376964	0.9425001
10446	-12.46697	-182.5958	170.1289	0.4316051	0.3782188	0.910342	0.6813457	0.2485922	2.536108	0.7791776
10452	-14.97697	-188.2948	173.3178	0.5846297	0.2789983	0.5160363	0.2899986	0.1675031	0.2559901	0.7232525
10458	-20.83497	-189.5844	168.7494	0.9597231	0.1222362	0.7177362	0.0745502	0.677398	4.013427	0.8820158
10464	-18.36052	-190.9611	172.6006	0.7947599	0.1823366	0.308222	0.02356454	1.355992	0.2421407	0.4738377
10470	-10.08217	-183.5965	173.5143	0.5467696	0.2397015	0.1715297	0.02746435	0.627933	0.2228607	0.2873538
10476	-23.91906	-193.7545	169.8355	1.258664	0.442771	1.505381	0.7044633	1.095247	0.2627603	1.097057
10482	-19.97127	-190.4415	170.4702	1.155823	0.6096086	0.4508464	0.309406	0.5088966	1.472802	1.208023
10488	-23.48338	-194.1924	170.709	1.74633	0.2822135	0.2737	0.2273247	0.2242193	1.747823	1.026546
10494	-27.55842	-196.2924	168.7339	1.561294	0.2822135	0.3986045	0.6804396	2.86036	0.6768899	1.026546
10500	-32.93997	-200.8854	167.9454	1.346567	0.2822135	1.091585	0.6804396	3.426269	0.1366965	1.268895
10506	-28.39657	-198.4215	170.0249	0.9487038	0.1772002	0.1875194	0.3259225	2.664294	0.1754873	1.578141
10512	-38.51271	-203.8154	165.3027	2.417403	0.2415347	5.13479	0.3305506	0.5775764	0.49444	1.686448
10518	-38.84467	-207.54	168.6954	1.506371	0.6869846	2.0603	0.3769414	0.2797616	0.1115464	2.12719
10524	-15.79531	-188.4686	172.6733	0.4546952	0.2857657	0.263107	1.127411	0.3340906	0.2745908	0.6333719
10530	-7.033667	-178.8665	171.8328	1.172119	0.3640022	0.5875015	0.5164829	0.111618	0.9167194	0.5755171
10536	-18.91361	-187.9188	169.0052	0.7345315	0.2199398	2.21857	0.4804287	0.04713693	1.792513	1.579057
10542	-24.24389	-194.611	170.3671	1.445678	0.7835382	0.8356027	0.8151398	0.4272719	0.6428064	0.8895644
10548	-16.46946	-186.3835	169.9141	3.226688	1.077665	0.2036365	1.165962	0.0741456	0.1484719	0.3361093
10554	-8.737005	-178.9292	170.1922	1.490658	1.066569	0.2019649	0.5235206	1.905161	0.1425722	0.5070715
10560	-14.42629	-185.2603	170.834	0.6560366	0.6717887	0.4526133	0.1772398	2.250506	0.1356886	1.014831
10566	-14.0079	-182.0724	168.0645	0.3334486	0.3972686	1.951892	0.3158284	3.771073	0.3973549	0.7700493
10572	-8.961332	-178.2366	169.2753	0.6767213	0.3972686	2.86677	0.3623528	1.481297	0.4031777	0.6530077
10578	-5.480489	-173.6954	168.2149	0.8780956	0.1961155	0.1303477	1.641792	1.481297	2.099909	1.474958
10584	-12.18211	-179.6948	167.5126	1.400601	0.7868326	2.58262	1.616534	0.7273995	0.8912684	0.4984167
10590	-19.52658	-185.4208	165.8942	7.073811	0.6486728	2.803512	0.5086595	0.1537128	0.6218195	0.4318384
10596	-9.905498	-179.5274	169.6219	0.7083219	0.6486728	0.6024751	0.131713	1.077167	2.532709	0.8647702
10602	-11.17333	-177.6407	166.4674	1.517775	1.606406	1.019004	1.798402	2.78597	0.2643154	0.702841
10608	-17.44704	-184.8594	167.4124	0.8350368	1.211751	0.2668437	3.113419	1.648473	0.9494117	0.7155912
10614	-10.6523	-179.3624	168.7101	0.9313262	1.119751	0.9066862	2.848041	0.8558781	0.05240472	0.7381061
10620	-11.35133	-181.4612	170.1099	0.9733215	0.597196	0.6840838	0.9291665	0.7177373	1.217379	0.9750145
10626	-12.66177	-182.8058	170.144	0.6750819	0.29409	1.16559	1.772991	0.09513257	1.217379	0.8098617
10632	-20.29421	-189.417	169.1228	0.7487201	0.9529691	0.1651009	2.5836	1.435126	0.3716893	0.2883385
10638	-23.23979	-190.5279	167.2881	0.832109	1.318616	0.007535615	0.6469109	3.271424	2.128232	0.4133019
10644	-8.10627	-179.0972	170.9909	1.122776	0.3147385	0.05144694	0.6279233	2.02313	0.332456	0.6709503
10650	-19.80275	-189.3351	169.5323	0.6916582	0.6774745	0.2684715	0.390991	2.662441	1.126579	0.2716427
10656	-8.631128	-176.2805	167.6494	0.4311063	0.560546	0.6829638	0.390991	4.077483	1.379657	0.221435
10662	-12.70165	-181.6501	168.9485	2.500681	1.20959	0.617588	0.488769	1.563387	0.08920254	0.221435
10668	-0.9911424	-171.7229	170.7317	1.296062	0.7358048	0.2286742	0.06275495	1.954109	0.1373083	0.1840193
10674	-7.583301	-177.3984	169.8151	1.51992	0.5132669	0.1259732	1.786938	1.473699	0.2845755	0.5522774
10680	-15.94557	-180.904	164.9585	1.291749	0.8833803	3.932448	2.417289	1.473699	0.4387039	0.7839938
10686	-18.15608	-189.051	170.895	0.2717264	0.1969833	2.792915	0.3494314	0.2005236	0.5181605	0.5817945
10692	-8.079328	-179.4514	171.3721	0.7273548	0.5409667	2.310821	0.1625483	0.05117429	0.2879144	0.3541931
10698	-22.07394	-189.0006	166.9266	0.9434212	0.9385538	0.8919584	1.771795	0.433113	3.605381	0.4946481
10704	-30.63313	-195.6685	165.0354	0.3826176	2.325151	1.435947	1.771795	0.6482939	3.605381	0.2524724
10710	-18.41353	-189.6647	171.2512	1.042909	1.629862	0.16793	0.9448755	0.07133416	0.236612	0.2642176
10716	-17.68501	-186.4014	168.7163	0.5562593	2.654476	1.827134	0.4672646	0.5162348	0.726544	0.4122616
10722	-24.8395	-187.1989	162.3594	0.9043528	2.835	6.38978	2.265947	0.6189082	0.06164346	0.3297931
10728	-30.49726	-197.2949	166.7976	0.8705801	1.456198	1.667181	3.511401	0.08637757	0.7801628	1.033624
10734	-18.30612	-189.9076	171.6015	1.094383	0.8856882	0.06596152	0.77266	0.1899995	0.7801628	0.7874923
10740	-29.9728	-195.0934	165.1206	0.8774133	0.5329308	1.773015	3.34835	0.2188674	3.618085	0.6105568
10746	-26.75637	-193.7561	166.9998	3.068878	0.6758466	2.065011	0.1482427	0.9123891	1.116114	1.456331
10752	-20.92295	-187.7855	166.8625	1.030747	0.5950673	1.318467	1.903333	2.991228	0.2636446	1.218249
10758	-14.51723	-184.7921	170.2749	1.328871	0.9624353	1.038444	0.1119796	0.3678109	1.071648	1.050925
10764	-23.71595	-192.2414	168.5255	1.96347	0.9353684	0.112637	1.089911	2.636941	0.304394	0.4571664
10770	-23.02366	-193.8636	170.8399	1.154221	2.01611	0.07737652	0.9894485	0.1917196	0.1078477	0.8063854
10776	-22.26071	-194.2515	171.9908	0.4026226	1.094182	0.5892995	1.050496	0.03717241	0.2148339	0.3871676
10782	-10.49366	-181.9551	171.4614	1.662428	0.5919637	0.6007182	0.7286602	0.2757266	0.2148339	0.4909283
10788	-10.33487	-182.8949	172.5601	0.2399259	0.6003159	0.1035764	0.6909347	0.495733	0.3919964	0.7226427
10794	-21.89802	-191.6301	169.7321	1.471902	0.8098369	0.4984392	0.8611816	1.308573	0.423186	1.104435
10800	-22.11106	-191.6578	169.5468	0.8207936	0.8200603	0.05025764	1.20097	1.83581	1.198098	0.6485503
10806	-17.37701	-185.4482	168.0711	2.172539	0.2208344	1.001974	0.5554875	0.5062109	2.617689	1.144343
10812	-21.70475	-188.322	166.6172	2.521708	0.7159503	1.46664	0.07683112	2.246658	2.002505	0.6384001
10818	-20.96557	-189.2238	168.2583	0.8763091	0.7686781	0.411453	3.428568	1.612875	0.1113306	0.3671863
10824	-23.60328	-194.927	171.3237	0.5195608	0.7686781	0.1607293	1.224821	0.6513824	0.472551	1.04178
10830	-15.68716	-185.5523	169.8651	0.905468	0.3610354	1.389845	0.6518608	0.03215575	0.676435	2.010128
10836	-3.315925	-175.6768	172.3609	0.8929209	0.6800872	0.6256673	0.2185956	0.09778841	0.2481551	1.076965
10842	-11.59267	-180.4393	168.8466	0.5428159	0.1241663	1.142146	0.7276342	2.270908	1.694919	0.7985401
10848	-4.531015	-174.6714	170.1404	0.4080391	1.021885	0.1749246	0.1863855	1.467563	2.008784	0.4487327
10854	-14.45837	-180.0486	165.5902	0.2147935	1.504513	0.870517	1.89731	2.132517	2.871039	0.5058986
10860	-11.80864	-183.526	171.7174	0.3947026	0.5116224	0.2627841	1.596757	0.5739644	0.3330428	0.4238636
10866	-20.26727	-190.5954	170.3281	1.424825	0.5116224	0.6203362	2.314893	0.2185409	0.1005703	0.5086341
10872	-21.204	-190.1056	168.9016	2.081672	0.2546105	0.5521569	2.14897	0.307606	1.342135	0.5317401
10878	-17.71061	-186.3764	168.6658	0.616436	0.562569	1.66635	0.3313712	0.4482526	3.135441	0.7075811
10884	-16.78437	-189.0686	172.2842	0.5949023	0.3221094	0.4599329	0.4553881	0.183427	0.9554631	0.9250993
10890	-15.8499	-188.4374	172.5875	0.562437	0.4765545	0.4599329	0.4177718	0.1596245	0.4331047	1.076739
10896	-14.39424	-182.7473	168.3531	1.769081	2.107409	0.1906595	0.01758628	0.8615236	2.103132	0.8188416
10902	-3.769367	-175.798	172.0286	0.2315009	0.8435856	0.006389345	0.469938	0.9429401	0.6038376	0.5675546
10908	-12.49288	-183.282	170.7891	0.9211442	0.9537039	0.269364	0.3279626	0.1716993	2.074793	0.5403781
10914	-17.66113	-189.567	171.9059	1.627851	0.6229276	0.281685	0.3315245	0.6940716	0.05810814	0.5770831
10920	-5.761674	-176.686	170.9243	0.527276	0.5820789	0.4877112	0.6140102	0.3265162	1.852116	0.8377541
10926	-7.624181	-178.2997	170.6755	0.1875898	0.8720809	0.8795279	0.6749359	0.8818464	0.7229344	0.7231795
10932	-13.49149	-183.3901	169.8987	0.7437538	2.083803	0.8230686	0.7432655	0.289144	0.7479055	0.8595943
10938	-6.928224	-180.3276	173.3994	0.3577669	0.3203777	0.3824909	0.1293361	0.0233382	0.7479055	0.5646147
10944	-12.74483	-181.7582	169.0134	0.9924679	2.410706	0.345002	1.157872	1.198451	0.2716772	0.292322
10950	-18.16835	-183.9439	165.7756	1.177528	4.111128	0.568653	0.329767	0.2864599	2.685964	0.1355001
10956	-18.25355	-185.7705	167.517	4.200152	0.6237077	0.728881	0.1417242	0.2547361	2.685964	0.3132682
10962	-11.92673	-179.0129	167.0861	1.208154	0.867873	0.4925874	1.169547	2.294496	2.058796	1.027344
10968	-5.438747	-176.5817	171.143	1.071057	0.3173053	0.1819585	0.5235252	0.1068133	1.067486	1.645557
10974	-5.581707	-177.0695	171.4878	1.081309	0.8732287	0.4313334	0.3238306	0.270665	0.7883537	0.9461207
10980	0.6369908	-170.2533	170.8903	0.4649465	0.4616398	0.4313334	1.849365	0.9557124	0.1407161	0.9461207
10986	-9.131284	-173.6881	164.5568	3.187506	0.4811883	0.5723212	3.785681	2.214402	1.044139	0.6209623
10992	-5.375605	-176.6335	171.2579	1.684802	0.2006872	0.6385091	0.8326068	0.5296748	0.3585314	0.6449926
10998	-11.95879	-177.9257	165.9669	3.158416	1.66577	0.5044259	0.3859445	3.532313	0.4439471	0.2464977
11004	-10.74	-176.3523	165.6123	0.2429733	2.045428	1.539621	0.5888538	3.532313	1.576989	0.3882967
11010	-6.526736	-174.7156	168.1889	0.4446232	0.3521698	0.476603	0.7359725	3.391357	1.798826	0.6736246
11016	-9.300425	-180.9285	171.6281	0.6699027	0.5648687	1.367515	0.3787305	0.3996804	0.1852149	1.000391
11022	-22.62542	-187.2698	164.6443	1.658009	1.413211	3.366667	1.193057	0.7129633	2.146962	1.089666
11028	-8.2243	-173.873	165.6487	0.4354881	1.40254	3.366667	3.279144	0.5617101	0.7372112	0.4814504
11034	-15.44381	-184.1455	168.7017	0.32059	1.991839	0.04433712	1.150334	0.5671009	2.486332	0.6935286
11040	-16.64116	-183.7822	167.1411	1.242616	4.549402	0.3462587	0.9811659	0.07004184	1.172468	0.4334632
11046	-10.57506	-177.494	166.9189	1.925706	2.558342	0.06105332	0.03361034	0.9388341	3.048069	0.3237705
11052	-13.59877	-178.7305	165.1318	1.880212	2.395206	0.6695641	0.7078765	2.49035	2.147269	0.2810328
11058	-7.823345	-179.3819	171.5586	0.9315043	1.1032	1.365718	0.228663	0.109652	0.1060763	0.3025121
11064	-9.109809	-179.6835	170.5737	0.4203371	0.7224024	0.9720097	1.024177	0.06969766	1.629381	0.5768358
11070	-21.42962	-189.4098	167.9802	1.275769	1.42747	1.649187	1.024177	0.02824199	1.827227	0.9943964
11076	-28.66679	-196.3003	167.6336	1.07338	1.442475	1.533519	1.024177	0.2562435	2.46673	0.7289934
11082	-16.41439	-185.5332	169.1188	0.3722755	1.259003	2.225818	1.024177	0.8692591	0.3594244	0.8315404
11088	-15.74076	-183.5862	167.8454	0.63911	0.5276184	2.849344	1.597381	1.116145	0.5303113	1.082142
11094	-9.655204	-181.3216	171.6664	1.093211	0.5373159	0.7330679	0.7314857	0.7010139	0.03446904	0.5886449
11100	-12.84601	-183.3339	170.4878	0.7670149	0.5579032	0.4374725	0.04439426	0.4214728	2.781557	0.5755572
11106	-32.3193	-204.0784	171.7591	0.2792425	0.6842171	0.4170599	0.01568088	0.04054749	1.602907	0.1614256
11112	-23.70584	-194.2375	170.5317	0.2590695	1.00094	2.611526	0.02703776	0.202102	0.2591879	0.1997655
11118	-21.8293	-193.1498	171.3205	0.3737156	1.101242	1.487236	0.07255452	0.07964143	0.2460882	0.1144232
11124	-21.31666	-190.3613	169.0446	1.626709	0.289384	1.293239	1.315549	1.622803	0.2424202	0.755196
11130	-18.32187	-184.5284	166.2066	1.26099	1.113309	1.32365	2.744276	1.511498	1.046539	0.9994935
11136	-16.68041	-185.5438	168.8634	0.9933916	0.1248873	0.3983066	3.278542	0.1048455	1.046539	1.345439
11142	-20.62559	-188.2416	167.616	0.9933916	0.3544332	1.530475	2.713898	1.121811	0.866683	1.007402
11148	-13.67725	-183.8943	170.2171	1.398109	0.4168744	0.2899151	0.5547655	1.975455	0.3826228	0.9758225
11154	-36.37962	-205.8836	169.504	0.448581	0.4574864	0.2805147	0.479873	3.089287	0.3997487	1.407751
11160	-29.58298	-196.1252	166.5422	1.567845	0.2213401	2.619766	0.9291919	1.149105	1.718149	1.407751
11166	-33.54586	-198.9864	165.4405	0.3948224	0.6056479	0.3339202	4.00041	0.6451594	2.662344	1.800956
11172	-44.1939	-211.1359	166.942	0.5483905	2.244871	0.5618236	2.297591	0.452387	0.6285621	2.125591
11178	-35.07185	-203.0429	167.971	0.5483905	0.6313775	0.8887919	2.297591	0.7889504	0.1409553	2.388103
11184	-24.84479	-192.3147	167.4699	1.413474	0.8432321	0.8011833	1.093827	2.435374	0.7459708	1.356976
11190	-27.02574	-194.4898	167.4641	1.122572	0.3432778	0.8782083	0.8008932	3.651544	0.680906	1.238344
11196	-23.50995	-192.8718	169.3619	1.950207	0.2692678	1.696324	0.9920503	0.889738	0.1711387	0.9301496
11202	-36.68109	-206.4367	169.7556	1.699748	0.4330271	0.2458493	2.4777	0.3225558	0.5382159	0.7057226
11208	-35.21511	-204.2003	168.9851	1.216588	0.5597336	0.1940911	3.241558	0.08193089	0.5667754	1.317771
11214	-44.32867	-213.7986	169.4699	0.6265418	0.8347727	0.139688	0.6238153	0.6213602	1.503675	2.04139
11220	-33.93918	-205.8668	171.9276	0.5830194	0.6986057	0.4015714	0.1388047	1.14768	0.5538416	0.6481624
11226	-31.46621	-202.1276	170.6614	1.110617	0.4856255	2.414733	0.2792568	0.4090251	0.1082188	0.3682843
11232	-31.28871	-197.7013	166.4126	1.649454	0.6438232	4.260535	0.7482282	1.555007	0.2602358	0.4523114
11238	-19.40865	-188.5803	169.1717	1.748296	0.7590258	1.812133	0.8860445	0.1667349	0.8341965	0.8464598
11244	-1.627734	-171.5994	169.9717	0.5759727	0.7952537	1.35203	0.9364696	0.1149387	1.584816	0.832622
11250	-2.629354	-173.1445	170.5151	0.7565336	0.5673516	0.4822335	1.430681	0.7064697	0.8948665	0.8314576
11256	-4.343139	-174.7616	170.4184	0.7923639	0.7969398	1.00127	0.09577273	0.2417095	1.987802	0.8564306
11262	-1.404635	-170.1068	168.7022	1.050101	0.4268777	1.705634	2.426155	0.6952171	0.479459	0.6211303
11268	-4.269379	-172.192	167.9227	3.107311	0.4292457	0.5914055	0.379056	2.867914	0.4891379	0.684776
11274	-0.2233506	-168.6113	168.3879	0.9885635	0.2938306	3.366432	0.3825491	1.174194	0.8965395	0.6094002
11280	-2.687254	-171.3228	168.6355	0.6107106	1.08844	0.3075803	0.3393499	1.279213	2.875473	1.048921
11286	4.288699	-166.3105	170.5992	0.3826987	0.6241254	0.5558795	0.672127	1.279213	1.253861	0.3949161
11292	4.126877	-166.6522	170.7791	0.7949108	1.052502	0.4978356	0.1104885	0.7420705	1.163667	0.1837634
11298	2.965643	-170.1667	173.1323	0.9063933	0.3211376	0.19478	0.1104885	0.4886805	0.3376506	0.6048716
11304	1.969166	-170.2468	172.216	1.197532	0.3211376	0.2002935	0.0366394	1.11133	0.3920582	0.6486748
11310	-5.518568	-175.1083	169.5897	1.197842	0.1878089	0.1212665	1.198512	1.518012	1.359931	1.031583
11316	-13.43145	-182.0501	168.6187	1.197842	0.08955942	0.1839775	2.753377	0.462838	1.752044	1.138071
11322	-12.23152	-182.5223	170.2908	1.030617	0.4213632	1.575798	1.563867	0.07316643	0.2092595	1.038489
11328	-14.53226	-185.0368	170.5045	2.815879	0.9301042	0.2893826	0.2502778	0.0414536	0.6042283	1.012888
11334	-25.94053	-193.3998	167.4593	3.120531	0.5026982	1.194013	1.610571	1.80146	0.07485166	0.7315895
11340	-6.779698	-178.716	171.9363	1.372503	0.1987642	0.1623702	0.6261828	1.106641	0.0499124	0.7008134
11346	-13.15242	-184.1579	171.0055	0.513885	1.727675	0.04891359	0.9023205	0.5486791	0.6693756	0.6801617
11352	-5.834596	-179.2703	173.4357	0.4513337	0.6091344	0.04512223	0.1475157	0.2785192	0.3837101	0.743679
11358	-19.58181	-189.6348	170.053	0.4501874	0.7282119	1.287158	1.143931	1.40613	0.2861442	0.7369338
11364	-20.06397	-190.2999	170.2359	0.6686493	0.9925671	0.2509183	1.214833	0.7677713	1.28449	0.7369338
11370	-20.46509	-189.2407	168.7756	1.388444	0.5510216	0.4304893	1.624497	0.5772065	1.72381	1.131504
11376	-26.85493	-195.9303	169.0754	1.388444	0.5510216	0.1676579	0.8105328	0.257804	2.961133	0.9985352
11382	-37.39925	-205.0795	167.6803	2.438502	0.4886486	0.9964067	2.240968	0.7549001	0.3520766	1.351783
11388	-29.93182	-196.841	166.9092	1.227237	1.34883	0.8738497	2.681286	0.5500042	1.066986	1.465093
11394	-26.32339	-194.4156	168.0922	0.6590831	1.124938	1.181875	0.221201	0.6828138	3.30132	0.9269785
11400	-19.10148	-188.6728	169.5714	1.899	1.156365	0.3213118	0.8936623	1.386146	0.294814	0.3711314
11406	-13.359	-184.2834	170.9244	1.473109	0.578034	0.3057207	0.08796775	1.386146	0.4009744	0.1846877
11412	-19.69036	-188.4555	168.7651	2.154021	1.346438	0.2195135	0.6328863	1.006051	1.477849	0.474421
11418	-23.8804	-193.8519	169.9715	0.4693364	0.4387545	0.3346263	1.512818	1.743732	0.4943139	1.166233
11424	-16.78667	-188.5524	171.7657	0.8724714	0.457064	0.06364767	0.8999468	0.6242372	0.2642549	1.232837
11430	-22.47039	-190.3856	167.9152	0.2436608	0.622955	0.1081675	1.709462	3.548435	0.9490742	0.7158064
11436	-15.27217	-185.2327	169.9605	0.9944454	1.584863	0.3916188	0.3955858	1.13124	0.9490742	0.7633538
11442	2.888296	-169.129	172.0173	1.903036	0.8172671	0.04581113	0.3396107	0.112668	0.2328174	0.7507305
11448	0.7261365	-169.5441	170.2702	0.5650536	0.4047353	0.04132622	0.9984782	0.4170314	2.569021	0.9065217
11454	2.439009	-169.9667	172.4057	0.6756274	0.26911	0.1486128	0.749478	0.2665469	0.8562369	0.8006977
11460	-7.712511	-179.1132	171.4007	1.070215	0.2844794	0.4000865	0.749478	0.9212485	0.02523802	1.312246
11466	-9.854117	-181.4436	171.5895	0.5321155	1.233721	0.2204917	0.4749902	1.402008	0.02156421	0.5165863
11472	-9.127523	-179.6681	170.5406	1.485908	0.6785558	0.3488865	0.1930554	1.543065	0.7125012	0.6064138
11478	-6.439913	-176.2557	169.8158	0.7275315	0.574745	0.5229512	0.6342927	1.127691	1.867906	0.9253278
11484	-6.198142	-177.8537	171.6556	1.020984	0.1344468	0.3515207	0.3661983	0.5232502	0.2528178	1.72114
11490	-3.246426	-174.9126	171.6662	1.326612	0.1359079	0.0606276	0.07675431	0.2051557	0.3659582	2.042581
11496	-4.159139	-177.2191	173.06	0.9045252	0.1930369	0.2491206	0.1349695	0.02323666	0.8408273	0.765543
11502	-4.267374	-173.5092	169.2418	0.4746629	0.7415392	2.235424	0.001336861	2.17987	0.5757172	0.5381355
11508	-2.290998	-176.0324	173.7414	0.5143287	0.2911111	0.08422982	0.04786077	0.2772571	0.5046663	0.5671413
11514	-10.91056	-182.622	171.7114	0.6509489	0.587055	0.5710953	0.2006762	0.06334992	1.712702	0.4703775
11520	-1.326555	-172.4223	171.0958	1.000118	0.6146265	0.4127963	0.3802696	0.5190499	1.341842	0.8215121
11526	-10.1076	-179.395	169.2874	1.790496	0.3658288	1.853218	0.6377687	0.1660959	0.8005853	1.302755
11532	-16.40945	-185.6452	169.2357	1.214663	0.6025988	0.6303531	2.142913	0.1096337	1.47077	0.7662649
11538	-10.05713	-178.3833	168.3261	1.59188	1.288008	0.1022001	0.4313883	0.6277896	2.512912	0.1228177
11544	-16.28988	-185.9227	169.6328	0.6311424	1.777371	0.6633681	0.5591487	0.09459908	2.05742	0.3251829
11550	-7.03816	-178.3088	171.2707	0.3859288	0.6131307	1.383488	0.9626326	0.2097114	0.2171215	1.045213
11556	-14.44662	-183.8708	169.4242	0.8117431	0.2333223	2.27516	1.129951	0.3262921	0.2124089	1.643113
11562	-15.93203	-185.3269	169.3949	1.328382	0.9940469	2.565958	0.2704392	0.4891523	0.2417761	0.9201852
11568	-15.71066	-183.5115	167.8008	1.58717	1.09473	1.343192	2.547937	0.8570961	0.08762672	0.8985355
11574	-20.39188	-189.3515	168.9597	2.274271	1.344995	2.036414	0.2528249	0.1522032	0.3742481	0.9212581
11580	-18.20978	-184.07	165.8602	2.079723	0.1971142	2.312056	0.719127	2.127651	1.536501	1.390309
11586	-10.8639	-179.7281	168.8642	0.8319969	0.3868398	1.668421	2.114944	1.111022	0.06906176	1.146793
11592	-17.28005	-181.2629	163.9829	2.153766	0.467874	3.630842	1.417507	3.184036	0.6281502	0.8107445
11598	-16.94766	-181.4396	164.4919	2.58891	0.8155631	0.6608349	3.576311	1.688063	0.9730869	1.50011
11604	-19.03205	-185.1689	166.1369	3.661243	1.134505	0.8126019	3.199761	0.2868144	0.6998697	0.7589987
11610	-16.79905	-186.4032	169.6042	0.9444556	0.8128007	0.726517	1.270326	0.8484783	1.148721	0.8328465
11616	-20.85876	-189.8456	168.9869	0.6491038	0.6385654	0.1558207	1.964565	2.646918	0.3388476	0.7839555
11622	-5.654139	-177.153	171.4988	0.9624486	0.5241318	0.1771151	0.2337684	1.142987	0.9545533	0.5982741
11628	-6.682378	-176.7661	170.0837	0.5304473	0.2180387	0.223153	3.663673	0.2186454	0.4175948	0.2938682
11634	-13.01027	-185.4681	172.4579	0.3593898	0.7750255	0.4620335	0.7066756	0.01276598	0.5049775	0.3155909
11640	-25.35501	-194.4419	169.0869	1.055132	0.7936769	3.049492	0.671117	0.02304649	0.6734732	0.2688444
11646	-18.29565	-189.861	171.5654	1.007044	0.3441855	1.501047	0.8084059	0.02182584	0.1049004	0.2688444
11652	-4.706575	-176.8145	172.1079	0.3986803	0.2551727	0.2292468	0.3435149	0.3416114	1.507606	0.9116896
11658	-2.492351	-174.7457	172.2534	0.3130889	1.181149	0.2877683	0.0853724	0.7929429	0.3972213	0.5074796
11664	-7.704945	-179.1269	171.4219	0.3431193	1.202896	0.08257514	0.2001782	1.456825	0.6435695	0.5167894
11670	-5.454142	-177.5188	172.0646	0.8421158	0.2620307	0.3727183	0.2001782	0.9511895	0.7349648	0.7312004
11676	-4.496379	-174.1305	169.6341	1.50905	0.5053613	0.4739871	1.149	1.396516	0.7735454	0.7312004
11682	-10.52881	-180.8016	170.2728	0.7509794	0.5422578	1.638237	0.2663973	1.396516	0.5959766	0.6635812
11688	-27.98556	-197.8729	169.8874	0.3137626	1.379012	1.696386	1.313279	0.07696381	0.5959766	0.6738899
11694	-27.25969	-193.2248	165.9651	0.565589	1.415793	1.696386	1.448147	2.26898	2.016329	0.7693333
11700	-14.52823	-184.9548	170.4266	0.4958274	1.710116	1.696386	0.08754589	0.7321058	0.2997178	0.5882672
11706	-20.11199	-187.5214	167.4094	0.662034	1.096729	1.63298	2.84014	1.180744	0.4991769	0.8617258
11712	-24.44977	-193.6704	169.2206	0.662034	0.9516301	0.8378638	2.84014	0.7200727	0.1065857	0.8402495
11718	-2.512022	-175.1571	172.6451	0.4248012	0.2575495	0.3784112	0.5770397	0.09068572	0.1005253	1.537203
11724	1.849715	-167.713	169.5627	1.02326	0.2694743	1.524886	0.06978629	2.205809	0.2003576	1.308243
11730	-4.539444	-174.9162	170.3768	0.9411944	0.4622605	0.07254114	0.8134664	1.669097	1.01321	0.8414655
11736	-10.85499	-180.7277	169.8728	2.936186	0.4622605	0.05798784	0.3928493	1.926379	0.1394823	0.468715
11742	-27.11969	-196.3992	169.2795	0.6818217	2.237318	1.344646	1.505544	0.1912123	0.2559301	0.4454847
11748	-19.61973	-188.7926	169.1729	1.113416	1.049761	0.7944475	1.009969	1.667883	0.08849535	1.275302
11754	-19.60414	-186.9342	167.3301	0.8469287	0.5612611	2.592881	0.7036591	2.156959	1.301796	0.5969586
11760	-15.88369	-186.1141	170.2304	1.35284	0.361844	0.1412159	0.3663742	0.08641149	2.868222	0.7706247
11766	-7.9761	-176.309	168.3329	0.9085743	0.7035327	0.4883123	1.614453	1.79628	1.63452	0.6379639
11772	-22.88563	-185.6462	162.7606	1.728196	0.4278002	0.2875362	0.09293317	0.3704014	9.562042	0.2011333
11778	-14.45131	-184.53	170.0787	1.912798	0.9986707	0.5169756	0.2587858	1.087079	0.5657561	0.2760863
11784	-10.53564	-181.1536	170.6179	1.841514	1.015552	0.08189026	0.03122452	1.541924	0.3017379	0.2907081
11790	-11.72237	-175.8975	164.1751	1.050672	0.3173313	2.439534	0.9494272	0.2519184	6.20324	0.2907081
11796	-3.667425	-175.1376	171.4702	0.2561539	1.753059	0.3814951	0.7129836	0.3840113	0.2395567	0.5470285
11802	-16.82175	-186.3303	169.5086	0.957722	0.9025751	0.3675293	1.506174	1.289894	0.8582017	0.7868729
11808	-9.684851	-179.0419	169.357	0.6804953	0.7167889	0.5008465	2.97802	0.7355783	0.5035928	0.6326011
11814	-10.70555	-180.8568	170.1513	0.7926415	0.7679993	1.360332	1.914086	0.423041	0.09937996	0.5101946
11820	-15.76396	-183.2106	167.4467	0.8239682	0.7679993	0.0680639	4.548313	0.3743092	1.314252	0.8461457
11826	-9.171403	-178.8728	169.7014	1.53609	0.3685438	0.5587212	1.530857	0.889041	0.7493626	0.8764878
11832	-13.03039	-183.4955	170.4651	0.80273	0.9919649	1.670392	0.2165371	0.889041	0.4103372	0.6993135
11838	-8.713635	-178.3906	169.6769	1.268665	0.581529	2.500175	0.0769094	0.1894919	1.077561	0.2785741
11844	-10.11726	-178.075	167.9577	1.230245	1.305314	2.500175	0.1336034	2.225091	0.158041	0.5351376
11850	-7.645006	-177.1622	169.5172	1.972578	0.7048823	2.277842	0.3939459	0.02811279	0.6788458	0.5040933
11856	-9.40771	-177.7236	168.3159	1.972578	0.4844132	3.294505	0.5182013	0.7346181	0.1714037	0.7304459
11862	-6.232077	-178.1875	171.9554	1.30691	0.1639713	0.3375685	0.7585107	0.1747472	0.7359136	0.3244851
11868	-16.78889	-186.9911	170.2023	0.7026703	0.2913658	2.750883	0.6129126	0.3766233	0.5570084	0.4309292
11874	-17.22901	-188.07	170.841	0.7026703	0.7288703	1.626974	0.2782292	0.4752265	0.8509984	0.4883221
11880	-15.73384	-184.0991	168.3652	1.806258	0.4762043	0.1390607	3.488773	0.1299568	1.144496	0.4762127
11886	-17.19154	-186.3543	169.1627	0.6996223	1.696104	0.3307846	0.3126167	0.7848244	2.387241	0.286355
11892	-17.14591	-186.2807	169.1348	1.955795	1.608974	1.05769	0.4329532	0.4029854	0.9473414	0.6337648
11898	-15.27115	-186.7063	171.4351	0.5031172	0.8541475	0.6116184	0.7134626	0.9566369	0.1240167	0.9592605
11904	-19.74286	-191.033	171.2902	0.4860424	0.6350186	0.6590768	0.9685064	0.5226414	0.3110565	1.251652
11910	-3.631718	-173.6367	170.005	1.227385	0.4910903	0.4438451	0.9685064	0.578687	1.212239	1.251652
11916	-14.36319	-181.1684	166.8052	1.76587	1.256146	1.581562	1.938216	0.3351232	1.584182	0.9730027
11922	-9.292059	-180.1248	170.8328	1.76587	0.8171128	0.626439	0.4789433	0.8399726	0.1332033	0.6794116
11928	-9.053815	-181.053	171.9992	0.9032737	0.5453934	0.3476345	0.5263601	0.02829274	1.118521	0.6594087
11934	-9.879446	-182.423	172.5435	0.5724793	0.3116568	1.418783	0.0765024	0.1160912	0.3174359	0.7988935
11940	-24.60303	-195.7622	171.1592	2.211817	0.7264705	0.8515432	0.08829387	0.07165405	0.2742533	0.9205008
11946	-25.13231	-193.9551	168.8228	0.5013456	0.6639127	1.008234	3.78355	0.5060423	0.05889546	0.785902
11952	-19.90543	-189.3715	169.466	0.5825902	0.7897241	1.009826	1.024867	0.2467062	2.024179	1.036453
11958	-11.44821	-179.9508	168.5026	1.061344	0.1485266	1.697277	0.5509141	0.8877438	1.915238	1.38203
11964	-19.45878	-189.5202	170.0615	0.1838582	1.444714	1.6737	0.08210183	0.2973215	0.810636	1.089827
11970	-17.91297	-186.9616	169.0487	1.759014	1.208534	1.60268	0.3253042	0.8724645	0.09557438	1.291063
11976	-29.57995	-202.0233	172.4433	1.380395	0.3566626	0.2809662	0.4297665	0.1349519	0.1035936	1.077645
11982	-34.04292	-202.684	168.6411	1.242526	0.7976446	0.7655438	3.360857	0.3236834	0.2424463	0.811781
11988	-28.67523	-197.6012	168.926	1.166781	1.607128	0.2095773	2.672293	0.3420775	0.4092857	0.8609248
11994	-23.70784	-196.1675	172.4597	0.6276487	0.3247626	0.4164275	0.2902356	0.1356489	0.1980794	1.604796
12000	-32.18234	-202.0446	169.8622	1.000982	1.839028	0.3988231	0.5561559	1.230597	0.5553088	0.7074138
12006	-42.0532	-204.6836	162.6304	0.6601617	1.220168	2.319371	1.173925	6.740574	0.663438	0.7463822
12012	-48.81893	-218.6693	169.8503	0.7479013	2.66173	0.5448081	0.9428088	0.491116	0.1419922	0.7952534
12018	-50.40761	-217.0611	166.6535	0.820758	2.66173	0.5111653	3.553559	0.7465084	0.1892581	1.0644
12024	-27.6089	-196.0347	168.4258	0.392362	0.9934225	0.5283295	1.217563	1.258922	2.148776	1.122307
12030	-37.02314	-207.3999	170.3767	0.392362	0.8119962	0.04278084	0.4760205	1.36119	1.938146	0.5323466
12036	-27.41522	-196.9225	169.5072	0.5863239	0.2855602	0.02639818	0.4105493	1.699629	2.943095	0.6323232
12042	-14.44316	-184.9335	170.4904	0.4625951	0.1812923	0.6468426	0.6120699	0.08072321	2.863718	0.7721142
12048	-15.37993	-184.8805	169.5005	0.8867798	0.2658906	1.040054	0.7730393	0.1276711	2.863718	0.6809102
12054	-26.12642	-194.4689	168.3425	0.9970352	0.3751397	0.7555876	2.661376	1.163375	0.1035859	1.654533
12060	-31.4269	-198.8211	167.3942	1.616842	0.2857096	2.492802	1.007103	2.129363	0.2462698	1.051464
12066	-38.15148	-207.119	168.9675	0.8711767	0.4841111	3.561139	0.3417961	0.0739966	1.15471	0.6866893
12072	-31.02634	-204.1494	173.1231	0.9316537	0.5236259	0.1387738	0.03786931	0.04018068	0.1991608	1.193159
12078	-36.59908	-208.4089	171.8098	0.9082684	0.1183282	1.048074	0.3514379	0.1784604	0.8478854	0.9398128
12084	-29.16824	-198.1063	168.9381	1.911872	0.1614911	0.1535859	0.04909529	0.1606058	2.743323	1.887578
12090	-9.907228	-173.7477	163.8405	0.6524766	0.2856458	1.722878	0.02078548	1.641945	4.805772	2.586349
12096	-2.91582	-174.715	171.7992	1.244204	0.6342004	0.07876998	0.1444605	0.9104128	0.6586352	0.3675026
12102	-4.109459	-174.6011	170.4917	0.2869561	0.8563526	0.6277365	1.217244	1.235693	0.5513671	0.4960988
12108	-3.926086	-176.0163	172.0903	0.4397891	1.201738	0.1044479	0.110797	1.097911	0.3662739	0.6166225
12114	-13.12761	-183.6217	170.4941	1.670087	0.7927136	0.3222235	0.2290817	1.764802	0.1788857	0.7350345
12120	-12.54452	-181.1349	168.5904	0.8011629	0.2940062	1.133488	1.13301	2.162477	0.6521457	1.378264
12126	-21.67111	-187.5937	165.9226	0.9733296	1.024392	1.601393	2.856631	0.1483068	2.976198	0.4390633
12132	-9.638584	-175.6629	166.0243	0.5918108	0.3284909	3.915773	0.1798874	1.116158	2.674022	1.31203
12138	-8.430315	-177.9078	169.4775	0.5347252	0.2040804	0.6551321	0.7011722	2.317066	0.926757	1.31203
12144	-4.892337	-175.7726	170.8802	0.3158312	0.6408434	0.1936829	0.6317793	0.6115035	1.996629	0.664688
12150	-12.81263	-177.7235	164.9109	0.3158312	0.6005128	2.958669	3.407118	1.367446	1.721547	0.6400518
12156	-19.17936	-187.0927	167.9133	0.6509561	0.661938	0.4314936	3.407118	0.8658873	0.9374553	1.288948
12162	-12.15796	-181.0046	168.8466	0.9906247	1.257614	0.6156707	2.043993	0.6188256	0.2564918	1.484762
12168	-16.29411	-186.6604	170.3663	0.6985329	0.3776283	0.3293054	1.806139	0.9619924	0.08287208	1.484762
12174	-29.72558	-196.7988	167.0732	0.6532819	0.3482745	2.005665	1.344788	3.177726	0.111083	1.41157
12180	-29.80573	-197.6978	167.8921	0.6081269	0.6248638	1.897362	2.482503	0.07016864	1.810492	0.768477
12186	-33.38094	-202.0593	168.6784	0.6081269	0.6248638	3.053256	1.633705	0.5389512	0.2494493	0.766885
12192	-29.45025	-197.2126	167.7623	0.6515866	1.147656	3.053256	2.242924	0.4865775	0.15356	0.5255327
12198	-27.16758	-198.384	171.2164	0.5079663	0.9372053	0.5968036	0.3611378	0.5335511	1.270198	0.3665534
12204	-30.7017	-195.6095	164.9078	0.7115611	0.7984099	0.6164412	2.257759	0.8165913	5.364108	0.6379267
12210	-33.47297	-198.8519	165.379	1.413736	0.3032273	4.787742	0.3011535	1.095532	1.760688	1.159155
12216	-34.59805	-205.1643	170.5662	1.122721	0.1698199	0.4487263	0.2323654	2.264336	0.6740046	0.6396959
12222	-24.9288	-195.8474	170.9186	1.077424	0.1819836	0.1761106	0.2480462	2.460285	0.4155534	0.6396959
12228	-32.30646	-197.9114	165.6049	0.7302151	0.4229964	0.9876481	1.524177	4.894051	1.190726	0.8277504
12234	-28.6183	-200.4348	171.8165	0.5721766	0.5108931	0.2069137	0.3935311	0.647485	0.583054	1.38803
12240	-28.38777	-197.8822	169.4944	0.5721766	0.3180536	0.399866	0.01952879	2.802838	1.184928	1.339665
12246	-27.66835	-199.4078	171.7394	0.7523033	0.1649839	0.3875131	0.02679397	1.012942	1.184928	0.9289663
12252	-7.523137	-179.3726	171.8494	0.8974939	0.2550888	0.5830031	0.01582246	0.7916892	0.4959576	1.281855
12258	-11.27235	-178.1551	166.8828	0.5234006	0.396458	0.7304231	1.41726	3.909712	0.742171	1.476373
12264	-2.36547	-172.5272	170.1618	0.7052405	0.3482898	0.003120159	3.217782	0.2977851	0.540484	0.9197175
12270	-5.353328	-177.4418	172.0884	0.4463292	0.2249669	0.08464635	1.285616	0.8937423	0.3629048	0.3556453
12276	-5.506454	-175.0624	169.556	0.6860769	0.2952289	0.1716169	0.9929203	0.9298873	2.869469	0.4717326
12282	-12.64317	-184.357	171.7138	0.1762494	0.8397687	0.02327101	0.7964993	0.8200626	0.5421057	0.5499394
12288	-18.73814	-191.4518	172.7136	0.2751811	0.4009643	0.3835035	0.7964993	0.4568378	0.1342703	0.7324511
12294	-21.6175	-191.3317	169.7142	3.665449	1.007095	0.9227893	0.218784	0.3685818	0.1342703	0.5371756
12300	-6.743877	-177.8702	171.1263	2.239551	0.7139492	0.4069126	0.9253921	0.02383165	0.04653805	0.2819794
12306	-12.6442	-181.6193	168.9751	1.077125	1.651033	2.02586	0.2297047	1.348444	0.1915922	0.4259992
12312	-3.802194	-176.4859	172.6837	0.4584483	0.2876247	0.3993366	0.4005432	0.4033265	0.6636509	0.8242021
12318	-12.88946	-185.6401	172.7506	0.3300877	0.138943	0.1942827	0.5259433	0.4033265	0.9915256	0.5147442
12324	-7.976155	-177.2458	169.2696	0.4578619	0.3789364	0.9289424	2.453253	1.109017	0.3174803	1.204493
12330	-19.77546	-186.4812	166.7057	1.804587	0.3062095	0.2670965	2.859852	3.048035	0.02929538	1.204839
12336	-13.61533	-183.4712	169.8559	1.819773	0.61303	0.2281492	1.525004	1.228316	0.0446023	0.9284761
12342	6.122876	-165.3012	171.4241	1.191863	0.1985162	0.9390322	0.9473927	0.4606647	0.3382171	0.5819879
12348	-6.818058	-178.5258	171.7078	0.9025018	0.06264661	0.4967966	0.05070707	0.1007385	2.177847	0.4271702
12354	-17.42403	-186.824	169.3999	1.871692	0.1668121	0.2594816	0.03188592	0.6829446	2.894556	0.9435232
12360	-19.85582	-188.6626	168.8068	0.6058082	0.7011748	0.3812739	0.2702805	1.645641	2.894556	0.8708193
12366	-14.22264	-181.9866	167.764	0.4128345	0.3654687	1.407226	3.314946	0.907618	1.129618	0.7802032
12372	-9.148089	-178.0522	168.9041	0.9884714	0.2588078	2.599663	0.8064781	0.7669673	1.129618	0.6879716
12378	-3.068613	-172.1954	169.1268	0.4427699	0.1907142	1.620039	2.405746	0.7793934	0.8143271	0.6879716
12384	-5.611594	-171.7047	166.0931	1.572381	0.4030963	1.811255	2.296486	0.8856981	2.465641	0.518449
12390	-18.29647	-184.5192	166.2227	0.8371798	0.3148967	0.5858899	2.185809	2.804453	2.465641	0.7484019
12396	-11.32019	-183.2008	171.8806	0.9324981	0.2659474	0.08280535	0.6773081	0.2038657	1.232874	0.925187
12402	-3.968416	-176.9959	173.0274	0.24739	0.784366	0.01384444	0.5961206	0.3548763	0.06117176	0.7498284
12408	-0.1986652	-171.4559	171.2573	1.132529	0.2625139	0.03793717	0.9922987	1.492729	0.3298816	0.5573787
12414	-2.231168	-172.0943	169.8631	0.5526864	1.068122	0.01658387	1.758987	1.492729	0.5398191	0.8731004
12420	-29.14178	-189.7532	160.6114	1.512332	1.026857	3.199404	2.416653	3.569782	3.125415	0.6976541
12426	-25.52452	-190.311	164.7865	0.797288	0.3673873	1.283058	1.461447	5.019535	1.454616	1.031964
12432	-28.36251	-197.8508	169.4882	1.271661	1.260257	0.8897524	1.331146	0.5883942	0.5367227	0.8224781
12438	-29.46907	-200.8162	171.3471	1.496817	0.5233064	1.021109	0.1539604	0.5116478	0.2748207	0.8795865
12444	-30.99714	-199.4216	168.4245	3.176994	0.1324355	0.2447558	0.4123331	0.5782813	2.256869	1.294554
12450	-25.51005	-193.1099	167.5999	3.721068	0.1589835	0.2295731	0.5772823	0.1943701	3.066903	1.184584
12456	-20.96745	-188.4766	167.5091	1.960469	0.3800738	0.5728566	0.858155	0.4062886	3.066903	1.43659
12462	-23.67053	-192.2982	168.6276	1.401461	0.3800738	0.09768553	0.7461682	0.8235354	1.534685	2.192423
12468	-21.57176	-191.8767	170.305	0.6551711	0.3604327	0.4736583	0.1967802	0.3881055	1.534685	1.981344
12474	-20.61126	-187.8595	167.2483	0.7258625	0.5082607	1.096977	1.352104	0.3216139	2.966123	1.777534
12480	-16.57937	-184.86	168.2807	0.7258625	0.1803196	0.573656	4.137923	0.6010909	0.6792353	1.020095
12486	-17.14929	-186.4195	169.2702	1.264978	0.2015265	0.322443	0.4198139	0.5605803	2.321382	1.683026
12492	-29.45801	-196.6455	167.1875	0.7485689	0.2213693	2.153095	0.6423022	1.185803	2.361202	1.578483
12498	-11.85195	-182.893	171.0411	0.5437583	0.2213693	0.8503387	0.6402805	0.7438179	0.5944759	1.45606
12504	-17.30151	-184.4926	167.1911	0.8053794	0.8525303	3.503317	0.7608366	0.1597391	1.764156	1.154614
12510	-31.88995	-201.6794	169.7895	1.85651	0.6296544	0.6404888	0.3602931	0.06879759	2.104913	0.7686369
12516	-33.7762	-202.8288	169.0526	0.7044495	0.3377872	2.58848	0.1495634	1.518439	0.9924472	0.8392169
12522	-24.1511	-193.4658	169.3147	1.052524	0.4047235	0.2909787	0.1519924	1.240934	2.689756	1.05694
12528	-16.96886	-185.864	168.8952	1.472327	0.979594	0.3144435	0.5307107	0.637883	2.689756	0.4712543
12534	-15.18959	-185.2845	170.0949	0.3949704	0.4608612	0.2354607	0.3004559	0.5975809	2.689756	1.287746
12540	-8.145048	-179.5673	171.4222	1.035011	0.69094	0.1952144	0.4902036	0.5561306	0.4917871	1.287746
12546	-8.527733	-180.5361	172.0084	0.6159186	0.1323521	0.0555166	0.6255658	0.6369936	1.076212	1.03563
12552	-10.3496	-178.9584	168.6088	2.361796	0.07242332	1.941215	0.6255658	0.3895202	0.2272317	1.867635
12558	-11.1131	-181.3502	170.2371	0.9472617	0.2194422	0.4180377	0.8230283	1.958897	0.2947497	1.273736
12564	-14.8328	-183.8178	168.985	0.436058	0.5838933	1.390423	0.1650744	3.704014	0.1519769	0.5951006
12570	-23.38271	-191.211	167.8283	0.5100612	1.840303	0.2582722	0.1154685	1.152694	3.74643	0.5951006
12576	-16.09559	-186.3481	170.2525	0.1296325	0.7931716	0.6496812	1.843782	0.4486901	0.4501844	0.3891865
12582	-16.96594	-182.3633	165.3974	0.5058197	0.5851809	8.221509	0.1054853	0.1509985	0.4591504	0.3708024
12588	-6.800098	-178.0046	171.2045	0.5923049	1.031197	1.007705	0.2370743	1.10406	0.1404586	0.2607393
12594	-1.773346	-174.2587	172.4854	0.2538685	0.6279056	0.7257791	0.09754696	0.757911	0.2407965	0.5608935
12600	-12.77231	-183.6498	170.8774	0.4192779	0.7303246	0.9360665	0.385201	1.504584	0.557754	0.5780019
12606	-18.26743	-186.4453	168.1779	0.3010179	0.9952493	1.330867	0.3906928	0.1034599	3.829303	0.8426667
12612	-13.56863	-182.8228	169.2541	1.167451	0.6932855	0.652765	0.5647836	0.3749248	2.640885	0.8426667
12618	-6.681855	-177.0162	170.3344	0.9560915	1.111749	0.6357867	1.276161	1.071125	0.1251488	0.4839161
12624	-1.16795	-169.8689	168.7009	0.9829157	1.588939	1.306935	1.967082	0.5992306	0.3632801	0.4717757
12630	1.997628	-166.8947	168.8923	1.634847	0.9550603	0.5638754	2.623722	0.1026769	0.5823929	0.2575146
12636	-17.74214	-187.0832	169.3411	0.5217323	1.240992	1.338188	2.177578	0.1365961	0.4242553	0.2086635
12642	-14.57256	-184.5813	170.0088	1.753606	1.612301	0.0757911	0.2478941	0.08924641	1.635422	0.7893574
12648	-34.40418	-202.1681	167.7639	1.660368	1.612301	0.3904702	1.409805	2.514677	0.1022679	0.3239304
12654	-23.02407	-189.5677	166.5436	1.715844	1.21502	0.6402246	0.7093073	4.138499	0.5782085	0.4852936
12660	-20.252	-188.9915	168.7395	2.595438	1.518801	1.92418	0.05832376	0.610891	0.2273025	0.6159563
12666	-22.85644	-191.135	168.2786	2.809089	0.5699862	1.926951	0.01876129	0.4541195	1.258416	1.12395
12672	-29.96601	-200.1369	170.1709	0.5884035	0.2182753	1.185155	0.1123709	1.700003	0.3838503	1.667184
12678	-20.51007	-190.3133	169.8032	1.385086	0.9834553	1.121787	0.4169718	0.7516886	1.033917	0.6099202
12684	-21.80412	-193.1277	171.3236	0.9928542	0.9834553	0.6190503	0.7389422	0.2802211	0.4707006	0.7612436
12690	-25.0771	-191.9801	166.903	0.5650561	0.7490928	0.6240482	3.882366	2.203467	0.02303396	1.207974
12696	-28.92434	-200.0813	171.157	0.295697	1.067649	0.6240482	0.5691812	1.49073	0.06953816	0.5699695
12702	-28.34903	-195.6266	167.2775	0.9392691	0.2921638	2.789928	1.030906	2.203938	0.1248421	1.462982
12708	-35.64283	-203.6348	167.992	0.9392691	0.3232584	3.71669	1.420366	0.9421533	0.05836587	0.7848891
12714	-32.1557	-196.6747	164.519	1.026334	0.7093447	2.052848	5.405499	0.1979403	1.487239	0.7763976
12720	-32.79491	-191.9857	159.1907	2.360442	0.3085422	3.757074	5.103622	0.3423239	3.702167	1.483026
12726	-13.91833	-179.0221	165.1038	1.347712	0.4161265	0.3751725	1.393051	2.976392	3.702167	0.8876086
12732	-3.247414	-174.9162	171.6688	0.4509345	0.4161265	0.4010296	0.1776298	1.154164	0.7382757	1.120634
12738	-8.043846	-177.424	169.3801	1.410924	0.3853202	0.1518151	0.1293208	3.190286	0.8351703	0.6450892
12744	-15.92915	-186.4536	170.5245	0.541622	1.191244	0.7303651	0.1293208	0.8426891	1.517814	0.4893246
12750	-6.361389	-175.3361	168.9747	0.6027037	0.4220898	0.7303651	0.9867993	0.3875068	3.373893	0.5874544
12756	-2.99126	-173.2674	170.2761	0.899957	1.365373	0.3718729	1.314329	0.58895	0.6128317	0.3245037
12762	-3.852273	-174.1343	170.282	0.7083393	0.2645476	0.1284198	0.1190719	3.229528	0.5489924	0.2355602
12768	-0.6510474	-171.7305	171.0795	0.4707097	0.4408034	0.04478777	0.05390173	2.046915	1.27272	0.3687539
12774	-0.03276549	-169.9891	169.9563	1.297828	0.9705591	0.05424691	1.475447	0.7409034	1.014634	0.4558276
12780	-2.414821	-169.8912	167.4764	1.850714	1.454766	1.10891	0.07693274	2.464975	1.11978	0.4558276
12786	-7.644313	-176.4012	168.7569	0.3171825	0.2702786	1.303815	0.1098575	3.67241	0.6343532	0.9438989
12792	-10.34549	-182.0349	171.6894	0.2396245	0.3717138	0.2829423	0.3207283	1.526717	0.6343532	0.7480474
12798	-15.33968	-184.4793	169.1397	0.6417176	0.2952184	1.207073	1.038819	0.2738097	2.780686	0.7877246
12804	-33.86417	-205.1478	171.2836	0.6417176	0.2381162	0.1997152	1.038819	1.490874	0.4841449	0.7877246
12810	-27.12895	-195.7592	168.6302	2.12016	0.8542162	1.71754	0.6175141	0.1387074	0.3290664	1.709633
12816	-28.94872	-197.5386	168.5899	1.609404	1.205035	3.184602	0.2306984	0.4804227	0.2294014	0.4704454
12822	-27.09312	-196.4647	169.3716	0.4991034	0.7145008	0.2980933	0.0377558	1.523232	2.994016	0.6209093
12828	-24.07439	-189.6527	165.5783	1.185551	1.183967	0.1179321	1.558071	1.50647	4.280054	0.3072398
12834	-11.18184	-180.9681	169.7863	0.7246658	0.1310117	0.08276174	2.413396	1.589854	0.5122502	0.9578486
12840	-7.172006	-175.718	168.546	1.401539	0.4403454	1.252427	0.09003812	2.416169	1.357797	0.5873078
12846	-12.65292	-185.2002	172.5473	0.5897647	0.2042098	0.1953422	0.002329406	1.128048	0.384703	1.123751
12852	-10.86453	-182.6279	171.7634	0.6417838	0.339028	0.4421961	0.2344176	0.09043344	0.08340636	2.190207
12858	-15.02949	-187.5943	172.5648	0.6447291	0.2633028	1.310949	0.3591711	0.2557448	0.006917749	0.7472428
12864	-22.31331	-194.1152	171.8019	0.981702	0.2718807	0.2882675	0.08232416	1.865176	0.1542005	0.7034765
12870	-23.15175	-191.7662	168.6145	2.377757	0.4732115	0.4077683	0.9070518	1.865176	0.8214528	0.8634423
12876	-24.07242	-193.9204	169.8479	0.9899096	0.1943163	0.7693804	1.016556	1.48351	0.5184101	1.337404
12882	-24.10973	-193.1676	169.0578	1.068134	0.9320929	0.6289056	0.4965054	2.844486	0.3423934	0.8140099
12888	-20.9963	-186.9772	165.9809	0.1759155	0.4149254	1.909373	5.688976	0.4044534	0.340225	0.4986586
12894	-14.54725	-187.4732	172.9259	0.6910495	0.3127365	0.4361225	0.1469652	0.1750065	0.2519503	1.2331
12900	-17.90713	-187.0653	169.1581	1.919047	0.2276924	1.828948	0.6044897	0.4109908	0.417747	1.572137
12906	-14.07771	-180.5201	166.4424	0.611451	0.1018466	4.879834	0.972402	0.4884806	0.4592441	1.949118
12912	-12.8937	-183.338	170.4443	0.6379598	0.1803294	0.789447	0.972402	0.6477184	1.782937	0.659919
12918	-21.23719	-189.8502	168.613	2.17214	0.3095613	2.112394	0.4400608	0.1464769	1.685615	0.7963778
12924	-12.83956	-182.8088	169.9692	2.17214	0.1255161	0.3717322	0.7416211	0.3572546	1.741722	0.7963778
12930	-11.41049	-180.0115	168.601	3.105705	0.109735	0.3011597	0.273107	0.3643055	3.03512	0.3566374
12936	-3.293889	-174.1368	170.8429	0.5441655	0.2336366	2.221566	0.1703705	1.201606	0.045034	0.9078123
12942	1.94249	-170.048	171.9905	0.3780677	0.3771996	0.8648893	0.1387021	1.201606	0.383366	0.3528077
12948	-3.264138	-172.8144	169.5502	0.4905852	0.5434812	2.184365	0.0747925	1.932094	0.5486642	0.8078118
12954	-13.24978	-183.0677	169.8179	1.861207	0.2253375	0.8099495	1.587717	0.4164878	0.3922638	1.132199
12960	-3.061281	-173.8602	170.7989	0.4435752	0.5105703	0.7337105	0.9218602	1.597594	0.1172587	1.006654
12966	-13.81091	-185.7581	171.9472	0.3395623	0.7831183	0.6380336	0.3340656	1.08688	0.1559116	0.3433956
12972	-7.497378	-180.0154	172.518	0.3395623	0.4258834	0.5188686	0.2473433	0.8405293	0.4268757	0.3869513
12978	-23.83043	-187.8359	164.0055	0.5113739	1.361414	1.115419	4.66749	2.05249	1.646112	0.7701169
12984	-15.54353	-188.0391	172.4956	0.3231841	0.9520535	0.07299193	0.5747771	0.3104929	0.4500936	0.8215907
12990	-13.43224	-179.2805	165.8483	0.389037	0.7478822	1.078322	2.378806	2.510023	2.299523	0.8215907
12996	-20.63749	-184.2928	163.6553	1.715073	0.7478822	2.145355	1.628934	5.246838	0.2252284	0.8585434
13002	-19.9719	-184.9079	164.936	0.3093193	0.7478822	0.1824867	1.93182	5.687803	1.263619	0.937409
13008	-16.43812	-187.1233	170.6852	0.1810617	1.528969	0.1181569	0.5596527	1.089614	0.3469951	1.117807
13014	-7.066634	-179.0465	171.9798	0.5246063	1.528969	0.1181569	0.1192075	0.4371739	0.09193018	1.322815
13020	-2.721538	-170.0763	167.3548	0.9500169	1.212278	0.02167195	0.9744151	4.903356	0.04378202	0.3573325
13026	-0.1639801	-170.0646	169.9006	1.450827	0.7190212	0.09522402	1.087502	1.750839	0.4987677	0.5997323
13032	6.6396	-166.4454	173.085	0.925403	0.4393006	0.009346253	0.3092091	0.4171593	0.3132242	0.5824393
13038	-4.756783	-174.7247	169.9679	1.750885	0.8827339	0.614258	0.3510117	0.1506921	1.43736	1.080076
13044	0.01909088	-168.1733	168.1924	1.688189	0.2049523	0.9800871	2.636813	0.7467988	0.9413488	0.8232148
13050	-5.648916	-167.0978	161.4489	0.8246724	0.371314	1.634632	1.393014	2.879547	6.809728	0.8234426
13056	-7.686457	-175.7815	168.095	0.7942336	0.4039529	0.235308	3.96368	0.6224748	1.393854	0.5160312
13062	-8.04912	-173.9131	165.864	0.6776582	0.4238471	0.4019503	2.923885	3.89411	1.018729	0.9909489
13068	-7.620132	-176.3165	168.6963	0.6776582	0.4238471	0.7694842	2.326803	0.1698497	2.413223	0.6198222
13074	-9.043471	-181.0143	171.9708	0.4656659	0.2021974	0.02879436	1.366044	0.1494774	1.241002	0.6198222
13080	-12.17126	-183.4324	171.2611	0.9279103	0.2790435	0.1200439	0.9524435	1.225237	0.6150692	0.8000485
13086	-18.06824	-186.1748	168.1065	1.235513	0.4160169	0.2214544	1.653743	0.3228264	3.357647	0.8848551
13092	-13.81257	-183.403	169.5905	0.5884671	0.6768576	0.3225704	1.380214	1.641546	1.099185	0.87431
13098	-13.28227	-180.1655	166.8832	1.407215	0.8458301	0.9691612	0.7595004	3.235503	0.8978173	1.196102
13104	-6.144279	-174.3266	168.1823	0.6587672	0.5084863	0.9341815	0.7682657	2.682182	1.467322	0.9916111
13110	-18.4475	-187.6267	169.1792	1.319654	0.264283	1.455312	0.7682657	0.8885961	1.475954	0.8427862
13116	-28.44114	-198.5399	170.0987	1.102733	0.5685125	0.4331836	1.301071	0.9163705	0.920265	0.8510736
13122	-37.97471	-205.9317	167.957	1.616876	0.5131654	0.6254548	0.8015951	0.1550011	3.728395	0.8058388
13128	-28.09158	-194.0976	166.006	1.660296	0.9520304	0.7612922	1.697253	0.7278979	3.728395	0.465215
13134	-27.89315	-196.5619	168.6688	1.99235	2.062647	0.6871317	1.697253	0.1603005	0.253932	0.6828347
13140	-23.03189	-194.2066	171.1747	0.4489271	1.481833	1.022819	0.4886394	0.05201949	0.7194378	0.355984
13146	-26.02705	-194.9809	168.9539	1.26232	1.228406	0.9571677	2.137755	0.3448074	0.6223481	0.5592506
13152	-19.24135	-190.5339	171.2926	0.3113889	0.5739184	1.023223	0.8630906	0.1458739	0.9056719	0.8776825
13158	-18.82492	-187.8281	169.0032	0.7619355	0.3968225	0.495926	1.847479	0.0372209	1.540577	1.872568
13164	-19.88709	-189.1708	169.2837	0.9321523	0.1742169	0.3786885	1.0657	2.317691	0.9055155	1.137691
13170	-25.78862	-192.419	166.6303	1.165849	0.1742169	0.7367765	0.5044149	3.034236	2.280216	1.562484
13176	-13.87258	-184.3802	170.5076	0.6716885	0.4858608	0.6412908	0.5375443	0.6442823	1.54016	1.155215
13182	-37.57608	-206.7104	169.1343	4.541142	0.6718867	0.08710702	0.09520904	1.520999	0.2922817	0.356692
13188	-35.07465	-195.9201	160.8455	9.888894	0.6394932	0.4354442	6.322874	0.1251837	1.225361	0.5150536
13194	-38.2352	-206.71	168.4748	4.744146	0.708609	0.3101871	0.08392112	0.03574285	2.113162	0.5936411
13200	-35.11626	-203.0707	167.9544	0.9458859	1.36118	2.346995	0.6555973	1.352734	0.8918214	0.5347715
13206	-22.11443	-192.4049	170.2905	0.6070979	0.5962091	1.34132	0.8484959	0.395138	1.377942	0.6462456
13212	-25.66322	-195.3108	169.6476	0.5065191	0.5962091	1.191494	1.486236	0.2536109	0.7056853	1.63052
13218	-6.632331	-177.076	170.4437	0.6265781	1.494327	0.7769002	1.221745	0.03873024	0.664867	0.9185169
13224	-22.36026	-192.8203	170.4601	1.149253	1.46048	0.4252273	1.340941	0.3994381	0.2142579	0.6968433
13230	-8.267922	-179.6841	171.4162	1.300566	0.5416764	0.09903929	0.94746	0.5378594	0.4148861	0.9482868
13236	-3.328373	-174.6784	171.3501	0.3910229	0.3178692	0.2736612	0.4819656	1.689733	0.6734097	0.9113517
13242	-5.993214	-176.1114	170.1182	0.6174313	1.444207	0.03713697	1.508925	1.209239	0.518441	0.6566631
13248	-26.91455	-195.9871	169.0725	2.28214	0.8512137	0.02579423	2.704587	0.03142245	0.5923308	0.3379914
13254	-36.13288	-203.1283	166.9954	0.4889622	0.760076	0.1835497	2.325567	3.818347	0.8453603	0.6595638
13260	-40.26234	-209.4005	169.1382	1.073852	1.876832	0.347583	0.3900392	2.396386	0.1269545	0.8399979
13266	-40.49668	-205.0454	164.5487	1.7345	0.8623285	0.06428764	5.902204	2.063038	0.3309856	0.6487135
13272	-41.40253	-211.1379	169.7354	3.252433	0.3067407	0.08586905	1.949842	0.3283145	0.1045578	0.7937194
13278	-36.63543	-208.0782	171.4428	0.6989353	0.3067407	0.2463129	2.176786	0.130686	0.1861778	1.008593
13284	-31.33459	-202.1997	170.8651	0.2816779	0.5296416	0.3574384	2.423939	0.2027369	0.4949836	0.7603005
13290	-26.80702	-196.612	169.805	0.6848164	0.9879171	1.121939	0.4311741	0.03499139	2.205554	0.9211744
13296	-17.39046	-188.5109	171.1205	0.4576793	1.068354	0.1423613	1.329354	0.00384494	1.314635	0.566308
13302	-24.36635	-192.7414	168.3751	0.7094563	0.3683313	0.4439687	1.657719	0.6662003	2.022272	1.760141
13308	-18.02488	-187.788	169.7631	0.5054523	0.8632956	0.7565253	0.7171481	0.5292945	2.121559	0.8969933
13314	-14.27727	-182.1194	167.8421	0.514127	1.052366	0.6238835	1.181032	1.8424	2.324946	0.7403875
13320	-4.21382	-175.3173	171.1035	0.624421	1.093182	1.169927	1.227874	0.172213	0.07269632	0.6365114
13326	-12.60826	-180.0557	167.4474	0.8843166	0.3706535	1.699078	1.906281	0.6084288	1.128724	1.900504
13332	-9.21624	-178.9228	169.7065	2.502846	0.2416088	1.087026	1.405471	0.09611288	0.4423505	0.8787096
13338	-11.17055	-181.5898	170.4193	0.6537981	0.2999874	1.619754	0.5846347	0.3495432	1.370421	0.8884255
13344	-9.246931	-182.1197	172.8728	0.59334	0.4307215	0.2517902	0.1448736	0.4759361	0.5815986	0.8119089
13350	-20.33822	-193.0221	172.6839	0.8386983	0.4265494	0.3381398	0.2737329	0.5729572	0.2370614	0.8119089
13356	-16.47652	-186.2233	169.7468	0.8134434	1.191899	0.4890267	0.9338671	1.457059	0.7270385	0.8265271
13362	-10.44491	-182.306	171.8611	0.8233142	0.311735	0.2658848	0.729456	0.277941	0.7638512	1.158277
13368	-12.63242	-182.9634	170.331	0.6886039	0.3832614	1.832627	0.5863076	0.5443262	0.7638512	1.064286
13374	-13.94149	-181.7194	167.7779	0.2499365	0.2408286	1.243628	1.523544	0.6023055	3.463906	0.7340509
13380	-14.09951	-180.8964	166.7969	0.4141194	0.7290536	0.9480606	3.767489	1.712073	0.9829318	0.7067373
13386	-3.261826	-176.6378	173.376	0.3417347	0.2970602	0.2476748	0.03576491	0.7555182	0.2843901	0.5808722
13392	-3.240499	-177.0424	173.8019	0.3819	0.5801038	0.2957009	0.01819021	0.1534115	0.05908227	0.7608104
13398	-10.95956	-182.1814	171.2218	0.6312581	0.2556911	0.8888188	0.2186165	2.199319	0.08059599	0.4880863
13404	-3.54917	-175.6233	172.0742	0.3661667	0.4261798	1.831252	0.03068087	0.1805485	0.4678254	0.4880863
13410	-8.239596	-178.8689	170.6293	1.405773	0.9024381	1.216326	0.02449779	0.8672898	0.4678254	0.4530689
13416	-7.720036	-180.0812	172.3611	1.632922	0.3926116	0.8034356	0.1379112	0.00971254	0.1761541	0.6050911
13422	-12.42688	-183.842	171.4151	0.494733	0.3478607	0.929005	0.1437411	0.4914071	1.43068	0.8966779
13428	-16.69482	-186.8649	170.1701	1.175198	0.5198369	0.929005	0.5719194	1.665017	0.2468895	0.9238616
13434	-8.510764	-176.7904	168.2796	0.6039359	0.1197557	2.552487	2.910006	0.2113032	0.231758	1.249559
13440	-16.84319	-184.7856	167.9424	0.6287972	0.2408625	2.666794	2.332735	1.391068	0.1897151	0.7635792
13446	-5.542716	-174.1957	168.653	0.701425	0.1613681	3.366797	1.320679	0.1222864	0.1754394	1.575378
13452	-7.099031	-178.4154	171.3163	0.5017762	0.6748735	1.003333	0.5814598	0.2270886	0.8507863	1.00205
13458	-8.666889	-181.3539	172.687	0.5017762	0.6665494	0.01427881	0.3450038	0.005108502	0.8507863	1.083899
13464	-14.7723	-185.5621	170.7898	2.476481	1.207467	0.2549517	0.6062471	0.004875858	0.2912657	0.6514856
13470	-12.31927	-184.6978	172.3785	0.4528462	1.207467	0.4340016	0.5558698	0.01201451	0.3611893	0.655703
13476	-8.456265	-179.0209	170.5646	0.4236829	0.7614853	1.143911	0.9864229	0.01201451	1.061862	1.15319
13482	4.602422	-167.2712	171.8736	0.6219846	0.3139554	0.363008	0.5464008	0.09792746	1.419071	0.9509687
13488	3.126788	-167.4773	170.6041	1.094973	0.4041088	1.481371	1.148574	0.5624387	0.2144488	0.5235947
13494	-9.431071	-179.7639	170.3329	1.094973	1.578787	0.5354973	1.148574	0.4640491	0.2557052	0.7590577
13500	-12.23726	-182.0246	169.7874	2.842898	0.1572469	0.3687159	0.3789509	1.931178	0.1528458	0.8183314
